elapsed_s,err_x_px,err_pitch_px,marker_px,err_x_cm,distance_cm,lateral_thr_px,target_roll_us,target_pitch_us,actual_roll_deg,actual_pitch_deg,vib_x,vib_y,vib_z,aligned
0.000,22,-32,39,1.69,73.10,210.3,1584,1400,-0.36,-0.38,2.4654,3.4523,7.0836,0
0.017,22,-32,39,1.69,73.10,210.3,1545,1432,-0.36,-0.38,2.4654,3.4523,7.0836,0
0.035,25,-32,39,1.92,73.10,210.3,1536,1460,-0.36,-0.38,2.4654,3.4523,7.0836,0
0.052,26,-32,39,2.00,73.10,210.3,1525,1475,-0.36,-0.38,2.4654,3.4523,7.0836,0
0.069,27,-33,38,2.13,75.02,210.7,1522,1478,-0.36,-0.38,2.4654,3.4523,7.0836,0
0.086,29,-33,38,2.29,75.02,210.7,1522,1478,-0.36,-0.38,2.4654,3.4523,7.0836,0
0.103,30,-33,38,2.37,75.02,210.7,1522,1478,-0.36,-0.38,2.4654,3.4523,7.0836,0
0.120,31,-33,38,2.45,75.02,210.7,1522,1478,-0.36,-0.38,2.4654,3.4523,7.0836,0
0.137,32,-33,38,2.53,75.02,210.7,1522,1478,-0.36,-0.38,2.4654,3.4523,7.0836,0
0.154,32,-33,38,2.53,75.02,210.7,1522,1478,-0.36,-0.38,2.4654,3.4523,7.0836,0
0.171,32,-33,38,2.53,75.02,210.7,1522,1478,0.07,-0.99,2.4654,3.4523,7.0836,0
0.188,32,-33,38,2.53,75.02,210.7,1522,1478,0.07,-0.99,2.4654,3.4523,7.0836,0
0.205,31,-33,38,2.45,75.02,210.7,1522,1478,0.07,-0.99,2.4654,3.4523,7.0836,0
0.222,30,-33,38,2.37,75.02,210.7,1522,1478,0.07,-0.99,2.4654,3.4523,7.0836,0
0.239,29,-33,38,2.29,75.02,210.7,1522,1478,0.07,-0.99,2.4654,3.4523,7.0836,0
0.256,28,-33,38,2.21,75.02,210.7,1500,1478,0.07,-0.99,2.4654,3.4523,7.0836,0
0.273,27,-33,38,2.13,75.02,210.7,1500,1478,0.07,-0.99,2.4654,3.4523,7.0836,0
0.290,26,-33,38,2.05,75.02,210.7,1500,1478,0.07,-0.99,2.4654,3.4523,7.0836,0
0.307,25,-33,38,1.97,75.02,210.7,1500,1478,0.07,-0.99,2.4654,3.4523,7.0836,0
0.324,23,-33,38,1.82,75.02,210.7,1478,1478,0.07,-0.99,2.4654,3.4523,7.0836,0
0.341,21,-33,38,1.66,75.02,210.7,1478,1478,0.07,-0.99,2.4654,3.4523,7.0836,0
0.359,20,-33,38,1.58,75.02,210.7,1478,1478,0.07,-0.99,2.4654,3.4523,7.0836,0
0.376,18,-33,38,1.42,75.02,210.7,1478,1478,0.07,-0.99,2.4654,3.4523,7.0836,0
0.393,16,-34,37,1.30,77.05,211.0,1478,1478,0.07,-0.99,2.4654,3.4523,7.0836,0
0.410,15,-34,37,1.22,77.05,211.0,1478,1478,0.07,-0.99,2.4654,3.4523,7.0836,0
0.427,13,-34,37,1.05,77.05,211.0,1478,1478,0.07,-0.99,2.4654,3.4523,7.0836,0
0.444,11,-34,37,0.89,77.05,211.0,1478,1478,0.07,-0.99,2.4654,3.4523,7.0836,0
0.461,9,-34,37,0.73,77.05,211.0,1478,1478,0.07,-0.99,2.4654,3.4523,7.0836,0
0.478,8,-34,37,0.65,77.05,211.0,1478,1478,0.07,-0.99,2.5172,3.1093,8.5780,0
0.495,7,-34,37,0.57,77.05,211.0,1478,1478,-0.12,-0.49,2.5172,3.1093,8.5780,0
0.512,5,-34,37,0.41,77.05,211.0,1478,1478,-0.12,-0.49,2.5172,3.1093,8.5780,0
0.530,4,-34,37,0.32,77.05,211.0,1478,1478,-0.12,-0.49,2.5172,3.1093,8.5780,0
0.547,3,-34,37,0.24,77.05,211.0,1478,1478,-0.12,-0.49,2.5172,3.1093,8.5780,0
0.564,2,-34,37,0.16,77.05,211.0,1478,1478,-0.12,-0.49,2.5172,3.1093,8.5780,0
0.581,0,-34,37,0.00,77.05,211.0,1478,1478,-0.12,-0.49,2.5172,3.1093,8.5780,0
0.599,-2,-34,37,-0.16,77.05,211.0,1478,1478,-0.12,-0.49,2.5172,3.1093,8.5780,0
0.616,-3,-34,37,-0.24,77.05,211.0,1478,1478,-0.12,-0.49,2.5172,3.1093,8.5780,0
0.633,-4,-34,37,-0.32,77.05,211.0,1478,1478,-0.12,-0.49,2.5172,3.1093,8.5780,0
0.650,-5,-34,37,-0.41,77.05,211.0,1478,1478,-0.12,-0.49,2.5172,3.1093,8.5780,0
0.667,-6,-34,37,-0.49,77.05,211.0,1478,1478,-0.12,-0.49,2.5172,3.1093,8.5780,0
0.684,-7,-34,37,-0.57,77.05,211.0,1478,1478,-0.72,0.14,2.5172,3.1093,8.5780,0
0.701,-8,-34,37,-0.65,77.05,211.0,1478,1478,-0.72,0.14,2.5172,3.1093,8.5780,0
0.718,-10,-35,36,-0.83,79.19,211.4,1478,1478,-0.72,0.14,2.5172,3.1093,8.5780,0
0.735,-11,-35,36,-0.92,79.19,211.4,1478,1478,-0.72,0.14,2.5172,3.1093,8.5780,0
0.752,-12,-35,36,-1.00,79.19,211.4,1478,1478,-0.72,0.14,2.5172,3.1093,8.5780,0
0.769,-13,-35,36,-1.08,79.19,211.4,1478,1478,-0.72,0.14,2.5172,3.1093,8.5780,0
0.786,-15,-35,36,-1.25,79.19,211.4,1478,1478,-0.72,0.14,2.5172,3.1093,8.5780,0
0.803,-16,-35,36,-1.33,79.19,211.4,1478,1478,-0.72,0.14,2.5172,3.1093,8.5780,0
0.820,-18,-35,36,-1.50,79.19,211.4,1478,1478,-0.72,0.14,2.5172,3.1093,8.5780,0
0.837,-19,-35,36,-1.58,79.19,211.4,1478,1478,-0.72,0.14,2.5172,3.1093,8.5780,0
0.854,-20,-35,36,-1.67,79.19,211.4,1478,1478,-0.72,0.14,2.5172,3.1093,8.5780,0
0.871,-21,-35,36,-1.75,79.19,211.4,1478,1478,-0.72,0.14,2.5172,3.1093,8.5780,0
0.888,-21,-35,36,-1.75,79.19,211.4,1478,1478,-0.72,0.14,2.5172,3.1093,8.5780,0
0.905,-21,-35,36,-1.75,79.19,211.4,1478,1478,-0.72,0.14,2.5172,3.1093,8.5780,0
0.922,-25,-35,36,-2.08,79.19,211.4,1478,1478,-0.72,0.14,2.5172,3.1093,8.5780,0
0.939,-27,-34,37,-2.19,77.05,211.0,1478,1478,-0.72,0.14,2.5172,3.1093,8.5780,0
0.956,-28,-34,37,-2.27,77.05,211.0,1478,1478,-0.72,0.14,2.5172,3.1093,8.5780,0
0.973,-29,-35,36,-2.42,79.19,211.4,1478,1478,-0.72,0.14,1.6457,3.5101,6.4768,0
0.990,-31,-35,36,-2.58,79.19,211.4,1478,1478,-0.91,0.42,1.6457,3.5101,6.4768,0
1.007,-32,-35,36,-2.67,79.19,211.4,1478,1478,-0.91,0.42,1.6457,3.5101,6.4768,0
1.024,-34,-35,36,-2.83,79.19,211.4,1478,1478,-0.91,0.42,1.6457,3.5101,6.4768,0
1.041,-35,-35,36,-2.92,79.19,211.4,1478,1478,-0.91,0.42,1.6457,3.5101,6.4768,0
1.058,-36,-35,36,-3.00,79.19,211.4,1478,1478,-0.91,0.42,1.6457,3.5101,6.4768,0
1.075,-38,-35,36,-3.17,79.19,211.4,1478,1478,-0.91,0.42,1.6457,3.5101,6.4768,0
1.092,-40,-35,36,-3.33,79.19,211.4,1478,1478,-0.91,0.42,1.6457,3.5101,6.4768,0
1.109,-41,-35,36,-3.42,79.19,211.4,1478,1478,-0.91,0.42,1.6457,3.5101,6.4768,0
1.126,-43,-35,36,-3.58,79.19,211.4,1478,1478,-0.91,0.42,1.6457,3.5101,6.4768,0
1.143,-45,-35,36,-3.75,79.19,211.4,1476,1478,-0.91,0.42,1.6457,3.5101,6.4768,0
1.160,-46,-35,36,-3.83,79.19,211.4,1478,1478,-0.91,0.42,1.6457,3.5101,6.4768,0
1.178,-48,-35,36,-4.00,79.19,211.4,1476,1478,-0.91,0.22,1.6457,3.5101,6.4768,0
1.195,-49,-35,36,-4.08,79.19,211.4,1478,1478,-0.91,0.22,1.6457,3.5101,6.4768,0
1.213,-50,-35,36,-4.17,79.19,211.4,1478,1478,-0.91,0.22,1.6457,3.5101,6.4768,0
1.230,-51,-35,36,-4.25,79.19,211.4,1478,1478,-0.91,0.22,1.6457,3.5101,6.4768,0
1.248,-54,-35,36,-4.50,79.19,211.4,1473,1478,-0.91,0.22,1.6457,3.5101,6.4768,0
1.265,-56,-35,36,-4.67,79.19,211.4,1472,1478,-0.91,0.22,1.6457,3.5101,6.4768,0
1.282,-58,-35,36,-4.83,79.19,211.4,1472,1478,-0.91,0.22,1.6457,3.5101,6.4768,0
1.299,-60,-36,35,-5.14,81.45,211.8,1471,1478,-0.91,0.22,1.6457,3.5101,6.4768,0
1.316,-62,-36,35,-5.31,81.45,211.8,1471,1478,-0.91,0.22,1.6457,3.5101,6.4768,0
1.333,-63,-35,36,-5.25,79.19,211.4,1474,1478,-0.91,0.22,1.6457,3.5101,6.4768,0
1.350,-66,-35,36,-5.50,79.19,211.4,1468,1478,-0.91,0.22,1.6457,3.5101,6.4768,0
1.367,-67,-35,36,-5.58,79.19,211.4,1472,1478,-0.91,0.22,1.6457,3.5101,6.4768,0
1.384,-69,-36,35,-5.91,81.45,211.8,1470,1478,-0.91,0.22,1.6457,3.5101,6.4768,0
1.401,-70,-36,35,-6.00,81.45,211.8,1473,1478,-0.91,0.22,1.6457,3.5101,6.4768,0
1.418,-71,-36,35,-6.09,81.45,211.8,1474,1478,-0.91,0.22,1.6457,3.5101,6.4768,0
1.435,-72,-36,35,-6.17,81.45,211.8,1475,1478,-0.91,0.22,1.6457,3.5101,6.4768,0
1.452,-73,-36,35,-6.26,81.45,211.8,1475,1478,-0.91,0.22,1.6457,3.5101,6.4768,0
1.469,-73,-36,35,-6.26,81.45,211.8,1478,1478,-0.91,0.22,2.6509,3.4577,9.0683,0
1.486,-74,-36,35,-6.34,81.45,211.8,1477,1478,-0.91,0.22,2.6509,3.4577,9.0683,0
1.503,-74,-36,35,-6.34,81.45,211.8,1478,1478,-1.29,0.46,2.6509,3.4577,9.0683,0
1.520,-73,-36,35,-6.26,81.45,211.8,1478,1478,-1.29,0.46,2.6509,3.4577,9.0683,0
1.537,-73,-36,35,-6.26,81.45,211.8,1478,1478,-1.29,0.46,2.6509,3.4577,9.0683,0
1.554,-73,-36,35,-6.26,81.45,211.8,1478,1478,-1.29,0.46,2.6509,3.4577,9.0683,0
1.571,-73,-36,35,-6.26,81.45,211.8,1478,1478,-1.29,0.46,2.6509,3.4577,9.0683,0
1.588,-72,-36,35,-6.17,81.45,211.8,1478,1478,-1.29,0.46,2.6509,3.4577,9.0683,0
1.605,-72,-36,35,-6.17,81.45,211.8,1478,1478,-1.29,0.46,2.6509,3.4577,9.0683,0
1.622,-72,-36,35,-6.17,81.45,211.8,1478,1478,-1.29,0.46,2.6509,3.4577,9.0683,0
1.639,-72,-36,35,-6.17,81.45,211.8,1478,1478,-1.29,0.46,2.6509,3.4577,9.0683,0
1.656,-72,-36,35,-6.17,81.45,211.8,1478,1478,-1.29,0.46,2.6509,3.4577,9.0683,0
1.673,-71,-37,34,-6.26,83.85,212.1,1478,1478,-1.32,0.41,2.6509,3.4577,9.0683,0
1.690,-70,-37,34,-6.18,83.85,212.1,1478,1478,-1.32,0.41,2.6509,3.4577,9.0683,0
1.707,-70,-37,34,-6.18,83.85,212.1,1478,1478,-1.32,0.41,2.6509,3.4577,9.0683,0
1.724,-71,-37,34,-6.26,83.85,212.1,1478,1478,-1.32,0.41,2.6509,3.4577,9.0683,0
1.741,-71,-37,34,-6.26,83.85,212.1,1478,1478,-1.32,0.41,2.6509,3.4577,9.0683,0
1.758,-71,-37,34,-6.26,83.85,212.1,1478,1478,-1.32,0.41,2.6509,3.4577,9.0683,0
1.775,-71,-37,34,-6.26,83.85,212.1,1478,1478,-1.32,0.41,2.6509,3.4577,9.0683,0
1.792,-71,-37,34,-6.26,83.85,212.1,1478,1478,-1.32,0.41,2.6509,3.4577,9.0683,0
1.809,-72,-37,34,-6.35,83.85,212.1,1478,1478,-1.32,0.41,2.6509,3.4577,9.0683,0
1.826,-72,-37,34,-6.35,83.85,212.1,1478,1478,-1.32,0.41,2.6509,3.4577,9.0683,0
1.843,-72,-37,34,-6.35,83.85,212.1,1478,1478,-1.32,0.41,2.6509,3.4577,9.0683,0
1.860,-73,-37,34,-6.44,83.85,212.1,1478,1478,-1.32,0.41,2.6509,3.4577,9.0683,0
1.878,-73,-37,34,-6.44,83.85,212.1,1478,1478,-1.32,0.41,2.6509,3.4577,9.0683,0
1.896,-74,-38,33,-6.73,86.39,212.4,1478,1478,-1.32,0.41,2.6509,3.4577,9.0683,0
1.914,-75,-38,33,-6.82,86.39,212.4,1476,1478,-1.32,0.41,2.6509,3.4577,9.0683,0
1.931,-75,-38,33,-6.82,86.39,212.4,1478,1478,-1.32,0.41,2.6509,3.4577,9.0683,0
1.948,-75,-38,33,-6.82,86.39,212.4,1478,1478,-1.32,0.41,2.6509,3.4577,9.0683,0
1.965,-75,-38,33,-6.82,86.39,212.4,1478,1478,-1.32,0.41,2.6509,3.4577,9.0683,0
1.982,-75,-38,33,-6.82,86.39,212.4,1478,1478,-1.32,0.41,2.8292,3.2143,8.2184,0
1.999,-75,-38,33,-6.82,86.39,212.4,1478,1478,-1.61,0.30,2.8292,3.2143,8.2184,0
2.016,-75,-38,33,-6.82,86.39,212.4,1478,1478,-1.61,0.30,2.8292,3.2143,8.2184,0
2.033,-74,-38,33,-6.73,86.39,212.4,1478,1478,-1.61,0.30,2.8292,3.2143,8.2184,0
2.050,-74,-38,33,-6.73,86.39,212.4,1478,1478,-1.61,0.30,2.8292,3.2143,8.2184,0
2.067,-74,-38,33,-6.73,86.39,212.4,1478,1478,-1.61,0.30,2.8292,3.2143,8.2184,0
2.084,-73,-39,32,-6.84,89.09,212.8,1478,1478,-1.61,0.30,2.8292,3.2143,8.2184,0
2.101,-73,-39,32,-6.84,89.09,212.8,1478,1478,-1.61,0.30,2.8292,3.2143,8.2184,0
2.118,-73,-39,32,-6.84,89.09,212.8,1478,1478,-1.61,0.30,2.8292,3.2143,8.2184,0
2.135,-72,-39,32,-6.75,89.09,212.8,1478,1478,-1.61,0.30,2.8292,3.2143,8.2184,0
2.152,-72,-39,32,-6.75,89.09,212.8,1478,1478,-1.61,0.30,2.8292,3.2143,8.2184,0
2.169,-71,-39,32,-6.66,89.09,212.8,1478,1478,-0.91,-0.21,2.8292,3.2143,8.2184,0
2.186,-70,-39,32,-6.56,89.09,212.8,1478,1478,-0.91,-0.21,2.8292,3.2143,8.2184,0
2.203,-69,-39,32,-6.47,89.09,212.8,1478,1478,-0.91,-0.21,2.8292,3.2143,8.2184,0
2.220,-68,-39,32,-6.38,89.09,212.8,1478,1478,-0.91,-0.21,2.8292,3.2143,8.2184,0
2.237,-66,-39,32,-6.19,89.09,212.8,1478,1478,-0.91,-0.21,2.8292,3.2143,8.2184,0
2.254,-64,-39,32,-6.00,89.09,212.8,1478,1478,-0.91,-0.21,2.8292,3.2143,8.2184,0
2.271,-63,-40,31,-6.10,91.96,213.1,1478,1478,-0.91,-0.21,2.8292,3.2143,8.2184,0
2.288,-61,-40,31,-5.90,91.96,213.1,1478,1478,-0.91,-0.21,2.8292,3.2143,8.2184,0
2.305,-60,-40,31,-5.81,91.96,213.1,1478,1478,-0.91,-0.21,2.8292,3.2143,8.2184,0
2.322,-58,-40,31,-5.61,91.96,213.1,1478,1478,-0.91,-0.21,2.8292,3.2143,8.2184,0
2.339,-56,-40,31,-5.42,91.96,213.1,1478,1478,-0.91,-0.21,2.8292,3.2143,8.2184,0
2.356,-55,-40,31,-5.32,91.96,213.1,1478,1478,-0.91,-0.21,2.8292,3.2143,8.2184,0
2.373,-53,-40,31,-5.13,91.96,213.1,1478,1478,-0.91,-0.21,2.8292,3.2143,8.2184,0
2.390,-52,-40,31,-5.03,91.96,213.1,1478,1478,-0.91,-0.21,2.8292,3.2143,8.2184,0
2.407,-50,-40,31,-4.84,91.96,213.1,1500,1478,-0.91,-0.21,2.8292,3.2143,8.2184,0
2.424,-49,-40,31,-4.74,91.96,213.1,1478,1478,-0.91,-0.21,2.8292,3.2143,8.2184,0
2.441,-48,-40,31,-4.65,91.96,213.1,1478,1478,-0.91,-0.21,2.8292,3.2143,8.2184,0
2.458,-47,-40,31,-4.55,91.96,213.1,1478,1478,-0.91,-0.21,2.8292,3.2143,8.2184,0
2.475,-46,-40,31,-4.45,91.96,213.1,1478,1478,-0.91,-0.21,2.4319,3.5450,8.5354,0
2.492,-45,-41,30,-4.50,95.03,213.5,1478,1478,-0.24,-0.25,2.4319,3.5450,8.5354,0
2.510,-44,-41,30,-4.40,95.03,213.5,1478,1478,-0.24,-0.25,2.4319,3.5450,8.5354,0
2.527,-44,-41,30,-4.40,95.03,213.5,1478,1478,-0.24,-0.25,2.4319,3.5450,8.5354,0
2.544,-44,-41,30,-4.40,95.03,213.5,1478,1478,-0.24,-0.25,2.4319,3.5450,8.5354,0
2.561,-43,-41,30,-4.30,95.03,213.5,1478,1478,-0.24,-0.25,2.4319,3.5450,8.5354,0
2.578,-43,-41,30,-4.30,95.03,213.5,1478,1478,-0.24,-0.25,2.4319,3.5450,8.5354,0
2.596,-42,-41,30,-4.20,95.03,213.5,1478,1478,-0.24,-0.25,2.4319,3.5450,8.5354,0
2.613,-41,-41,30,-4.10,95.03,213.5,1478,1478,-0.24,-0.25,2.4319,3.5450,8.5354,0
2.630,-41,-41,30,-4.10,95.03,213.5,1478,1478,-0.24,-0.25,2.4319,3.5450,8.5354,0
2.647,-40,-41,30,-4.00,95.03,213.5,1478,1478,-0.24,-0.25,2.4319,3.5450,8.5354,0
2.664,-39,-41,30,-3.90,95.03,213.5,1478,1478,-0.24,-0.25,2.4319,3.5450,8.5354,0
2.681,-39,-41,30,-3.90,95.03,213.5,1478,1478,-0.12,-0.24,2.4319,3.5450,8.5354,0
2.698,-38,-41,30,-3.80,95.03,213.5,1478,1478,-0.12,-0.24,2.4319,3.5450,8.5354,0
2.715,-37,-41,30,-3.70,95.03,213.5,1478,1478,-0.12,-0.24,2.4319,3.5450,8.5354,0
2.732,-36,-42,29,-3.72,98.31,213.8,1478,1478,-0.12,-0.24,2.4319,3.5450,8.5354,0
2.749,-35,-42,29,-3.62,98.31,213.8,1478,1478,-0.12,-0.24,2.4319,3.5450,8.5354,0
2.766,-34,-42,29,-3.52,98.31,213.8,1478,1478,-0.12,-0.24,2.4319,3.5450,8.5354,0
2.783,-33,-42,29,-3.41,98.31,213.8,1478,1478,-0.12,-0.24,2.4319,3.5450,8.5354,0
2.800,-32,-42,29,-3.31,98.31,213.8,1478,1478,-0.12,-0.24,2.4319,3.5450,8.5354,0
2.817,-31,-42,29,-3.21,98.31,213.8,1500,1478,-0.12,-0.24,2.4319,3.5450,8.5354,0
2.834,-30,-42,29,-3.10,98.31,213.8,1500,1478,-0.12,-0.24,2.4319,3.5450,8.5354,0
2.851,-29,-42,29,-3.00,98.31,213.8,1500,1478,-0.12,-0.24,2.4319,3.5450,8.5354,0
2.868,-28,-42,29,-2.90,98.31,213.8,1500,1478,-0.12,-0.24,2.4319,3.5450,8.5354,0
2.885,-26,-42,29,-2.69,98.31,213.8,1522,1478,-0.12,-0.24,2.4319,3.5450,8.5354,0
2.902,-24,-43,28,-2.57,101.82,214.2,1522,1478,-0.12,-0.24,2.4319,3.5450,8.5354,0
2.919,-23,-43,28,-2.46,101.82,214.2,1522,1478,-0.12,-0.24,2.4319,3.5450,8.5354,0
2.936,-21,-43,28,-2.25,101.82,214.2,1522,1478,-0.12,-0.24,2.4319,3.5450,8.5354,0
2.953,-19,-43,28,-2.04,101.82,214.2,1522,1478,-0.12,-0.24,2.4319,3.5450,8.5354,0
2.970,-18,-43,28,-1.93,101.82,214.2,1522,1478,-0.12,-0.24,1.9605,3.3711,7.4535,0
2.987,-16,-43,28,-1.71,101.82,214.2,1522,1478,-0.40,-0.62,1.9605,3.3711,7.4535,0
3.004,-14,-43,28,-1.50,101.82,214.2,1522,1478,-0.40,-0.62,1.9605,3.3711,7.4535,0
3.021,-12,-43,28,-1.29,101.82,214.2,1522,1478,-0.40,-0.62,1.9605,3.3711,7.4535,0
3.038,-10,-43,28,-1.07,101.82,214.2,1522,1478,-0.40,-0.62,1.9605,3.3711,7.4535,0
3.055,-9,-43,28,-0.96,101.82,214.2,1522,1478,-0.40,-0.62,1.9605,3.3711,7.4535,0
3.072,-7,-44,27,-0.78,105.59,214.5,1522,1478,-0.40,-0.62,1.9605,3.3711,7.4535,0
3.089,-5,-44,27,-0.56,105.59,214.5,1522,1478,-0.40,-0.62,1.9605,3.3711,7.4535,0
3.106,-3,-44,27,-0.33,105.59,214.5,1522,1478,-0.40,-0.62,1.9605,3.3711,7.4535,0
3.123,-1,-44,27,-0.11,105.59,214.5,1522,1478,-0.40,-0.62,1.9605,3.3711,7.4535,0
3.140,1,-44,27,0.11,105.59,214.5,1522,1478,-0.40,-0.62,1.9605,3.3711,7.4535,0
3.157,3,-44,27,0.33,105.59,214.5,1522,1478,-0.40,-0.62,1.9605,3.3711,7.4535,0
3.174,5,-44,27,0.56,105.59,214.5,1522,1478,-0.60,-1.42,1.9605,3.3711,7.4535,0
3.191,6,-44,27,0.67,105.59,214.5,1522,1478,-0.60,-1.42,1.9605,3.3711,7.4535,0
3.208,8,-44,27,0.89,105.59,214.5,1522,1478,-0.60,-1.42,1.9605,3.3711,7.4535,0
3.226,8,-44,27,0.89,105.59,214.5,1522,1478,-0.60,-1.42,1.9605,3.3711,7.4535,0
3.243,8,-44,27,0.89,105.59,214.5,1522,1478,-0.60,-1.42,1.9605,3.3711,7.4535,0
3.261,8,-44,27,0.89,105.59,214.5,1522,1478,-0.60,-1.42,1.9605,3.3711,7.4535,0
3.278,8,-44,27,0.89,105.59,214.5,1522,1478,-0.60,-1.42,1.9605,3.3711,7.4535,0
3.296,5,-44,27,0.56,105.59,214.5,1478,1478,-0.60,-1.42,1.9605,3.3711,7.4535,0
3.313,4,-44,27,0.44,105.59,214.5,1478,1478,-0.60,-1.42,1.9605,3.3711,7.4535,0
3.330,2,-44,27,0.22,105.59,214.5,1478,1478,-0.60,-1.42,1.9605,3.3711,7.4535,0
3.347,2,-44,27,0.22,105.59,214.5,1478,1478,-0.60,-1.42,1.9605,3.3711,7.4535,0
3.364,-2,-44,27,-0.22,105.59,214.5,1478,1478,-0.60,-1.42,1.9605,3.3711,7.4535,0
3.381,-4,-44,27,-0.44,105.59,214.5,1478,1478,-0.60,-1.42,1.9605,3.3711,7.4535,0
3.398,-6,-44,27,-0.67,105.59,214.5,1478,1478,-0.60,-1.42,1.9605,3.3711,7.4535,0
3.415,-8,-44,27,-0.89,105.59,214.5,1478,1478,-0.60,-1.42,1.9605,3.3711,7.4535,0
3.432,-9,-44,27,-1.00,105.59,214.5,1478,1478,-0.60,-1.42,1.9605,3.3711,7.4535,0
3.449,-10,-44,27,-1.11,105.59,214.5,1478,1478,-0.60,-1.42,1.9605,3.3711,7.4535,0
3.466,-11,-44,27,-1.22,105.59,214.5,1478,1478,-0.60,-1.42,3.3824,2.0845,8.4593,0
3.483,-12,-44,27,-1.33,105.59,214.5,1478,1478,-1.26,-1.80,3.3824,2.0845,8.4593,0
3.500,-13,-44,27,-1.44,105.59,214.5,1478,1478,-1.26,-1.80,3.3824,2.0845,8.4593,0
3.517,-13,-44,27,-1.44,105.59,214.5,1478,1478,-1.26,-1.80,3.3824,2.0845,8.4593,0
3.534,-14,-44,27,-1.56,105.59,214.5,1478,1478,-1.26,-1.80,3.3824,2.0845,8.4593,0
3.551,-15,-45,26,-1.73,109.65,214.9,1478,1478,-1.26,-1.80,3.3824,2.0845,8.4593,0
3.568,-16,-44,27,-1.78,105.59,214.5,1478,1478,-1.26,-1.80,3.3824,2.0845,8.4593,0
3.585,-18,-44,27,-2.00,105.59,214.5,1478,1478,-1.26,-1.80,3.3824,2.0845,8.4593,0
3.602,-18,-44,27,-2.00,105.59,214.5,1478,1478,-1.26,-1.80,3.3824,2.0845,8.4593,0
3.619,-19,-44,27,-2.11,105.59,214.5,1478,1478,-1.26,-1.80,3.3824,2.0845,8.4593,0
3.636,-20,-44,27,-2.22,105.59,214.5,1478,1478,-1.26,-1.80,3.3824,2.0845,8.4593,0
3.653,-20,-44,27,-2.22,105.59,214.5,1478,1478,-1.26,-1.80,3.3824,2.0845,8.4593,0
3.670,-20,-44,27,-2.22,105.59,214.5,1478,1478,-1.99,-1.83,3.3824,2.0845,8.4593,0
3.687,-20,-44,27,-2.22,105.59,214.5,1478,1478,-1.99,-1.83,3.3824,2.0845,8.4593,0
3.704,-19,-44,27,-2.11,105.59,214.5,1478,1478,-1.99,-1.83,3.3824,2.0845,8.4593,0
3.721,0,0,0,0.00,-1.00,0.0,1478,1478,-1.99,-1.83,3.3824,2.0845,8.4593,0
3.738,-18,-44,27,-2.00,105.59,214.5,1478,1478,-1.99,-1.83,3.3824,2.0845,8.4593,0
3.755,-17,-44,27,-1.89,105.59,214.5,1500,1478,-1.99,-1.83,3.3824,2.0845,8.4593,0
3.772,-16,-44,27,-1.78,105.59,214.5,1522,1478,-1.99,-1.83,3.3824,2.0845,8.4593,0
3.789,-14,-45,26,-1.62,109.65,214.9,1522,1478,-1.99,-1.83,3.3824,2.0845,8.4593,0
3.806,-13,-44,27,-1.44,105.59,214.5,1522,1478,-1.99,-1.83,3.3824,2.0845,8.4593,0
3.823,-12,-45,26,-1.38,109.65,214.9,1522,1478,-1.99,-1.83,3.3824,2.0845,8.4593,0
3.840,-11,-45,26,-1.27,109.65,214.9,1522,1478,-1.99,-1.83,3.3824,2.0845,8.4593,0
3.857,-10,-44,27,-1.11,105.59,214.5,1522,1478,-1.99,-1.83,3.3824,2.0845,8.4593,0
3.874,-9,-45,26,-1.04,109.65,214.9,1522,1478,-1.99,-1.83,3.3824,2.0845,8.4593,0
3.891,-8,-45,26,-0.92,109.65,214.9,1522,1478,-1.99,-1.83,3.3824,2.0845,8.4593,0
3.908,-8,-45,26,-0.92,109.65,214.9,1522,1478,-1.99,-1.83,3.3824,2.0845,8.4593,0
3.925,-8,-45,26,-0.92,109.65,214.9,1500,1478,-1.99,-1.83,3.3824,2.0845,8.4593,0
3.942,-8,-45,26,-0.92,109.65,214.9,1478,1478,-1.99,-1.83,3.3824,2.0845,8.4593,0
3.959,-8,-45,26,-0.92,109.65,214.9,1478,1478,-1.99,-1.83,3.3824,2.0845,8.4593,0
3.976,-8,-45,26,-0.92,109.65,214.9,1478,1478,-1.99,-1.83,2.5260,2.5946,8.4024,0
3.993,-8,-45,26,-0.92,109.65,214.9,1478,1478,-2.37,-1.42,2.5260,2.5946,8.4024,0
4.011,-8,-44,27,-0.89,105.59,214.5,1478,1478,-2.37,-1.42,2.5260,2.5946,8.4024,0
4.028,-9,-44,27,-1.00,105.59,214.5,1478,1478,-2.37,-1.42,2.5260,2.5946,8.4024,0
4.045,-9,-45,26,-1.04,109.65,214.9,1478,1478,-2.37,-1.42,2.5260,2.5946,8.4024,0
4.062,-9,-44,27,-1.00,105.59,214.5,1478,1478,-2.37,-1.42,2.5260,2.5946,8.4024,0
4.079,-10,-44,27,-1.11,105.59,214.5,1478,1478,-2.37,-1.42,2.5260,2.5946,8.4024,0
4.096,-10,-44,27,-1.11,105.59,214.5,1478,1478,-2.37,-1.42,2.5260,2.5946,8.4024,0
4.113,-11,-44,27,-1.22,105.59,214.5,1478,1478,-2.37,-1.42,2.5260,2.5946,8.4024,0
4.131,-12,-44,27,-1.33,105.59,214.5,1478,1478,-2.37,-1.42,2.5260,2.5946,8.4024,0
4.148,-13,-44,27,-1.44,105.59,214.5,1478,1478,-2.37,-1.42,2.5260,2.5946,8.4024,0
4.165,-14,-44,27,-1.56,105.59,214.5,1478,1478,-2.37,-1.53,2.5260,2.5946,8.4024,0
4.182,-16,-44,27,-1.78,105.59,214.5,1478,1478,-2.37,-1.53,2.5260,2.5946,8.4024,0
4.199,-17,-44,27,-1.89,105.59,214.5,1478,1478,-2.37,-1.53,2.5260,2.5946,8.4024,0
4.215,-18,-44,27,-2.00,105.59,214.5,1478,1478,-2.37,-1.53,2.5260,2.5946,8.4024,0
4.233,-20,-44,27,-2.22,105.59,214.5,1478,1478,-2.37,-1.53,2.5260,2.5946,8.4024,0
4.250,-21,-44,27,-2.33,105.59,214.5,1478,1478,-2.37,-1.53,2.5260,2.5946,8.4024,0
4.266,-22,-44,27,-2.44,105.59,214.5,1478,1478,-2.37,-1.53,2.5260,2.5946,8.4024,0
4.283,-23,-44,27,-2.56,105.59,214.5,1478,1478,-2.37,-1.53,2.5260,2.5946,8.4024,0
4.301,-25,-44,27,-2.78,105.59,214.5,1478,1478,-2.37,-1.53,2.5260,2.5946,8.4024,0
4.317,-26,-44,27,-2.89,105.59,214.5,1478,1478,-2.37,-1.53,2.5260,2.5946,8.4024,0
4.334,-27,-44,27,-3.00,105.59,214.5,1478,1478,-2.37,-1.53,2.5260,2.5946,8.4024,0
4.351,-28,-44,27,-3.11,105.59,214.5,1478,1478,-2.37,-1.53,2.5260,2.5946,8.4024,0
4.368,-29,-44,27,-3.22,105.59,214.5,1478,1478,-2.37,-1.53,2.5260,2.5946,8.4024,0
4.385,-30,-44,27,-3.33,105.59,214.5,1478,1478,-2.37,-1.53,2.5260,2.5946,8.4024,0
4.402,-30,-44,27,-3.33,105.59,214.5,1478,1478,-2.37,-1.53,2.5260,2.5946,8.4024,0
4.419,-31,-44,27,-3.44,105.59,214.5,1478,1478,-2.37,-1.53,2.5260,2.5946,8.4024,0
4.437,-32,-44,27,-3.56,105.59,214.5,1478,1478,-2.37,-1.53,2.5260,2.5946,8.4024,0
4.454,-32,-44,27,-3.56,105.59,214.5,1478,1478,-2.37,-1.53,2.5260,2.5946,8.4024,0
4.471,-32,-44,27,-3.56,105.59,214.5,1478,1478,-2.37,-1.53,3.3069,2.8009,7.8516,0
4.488,-33,-44,27,-3.67,105.59,214.5,1478,1478,-2.12,-1.46,3.3069,2.8009,7.8516,0
4.505,-33,-44,27,-3.67,105.59,214.5,1478,1478,-2.12,-1.46,3.3069,2.8009,7.8516,0
4.522,-33,-44,27,-3.67,105.59,214.5,1478,1478,-2.12,-1.46,3.3069,2.8009,7.8516,0
4.539,-33,-44,27,-3.67,105.59,214.5,1478,1478,-2.12,-1.46,3.3069,2.8009,7.8516,0
4.556,-32,-44,27,-3.56,105.59,214.5,1478,1478,-2.12,-1.46,3.3069,2.8009,7.8516,0
4.573,-32,-43,28,-3.43,101.82,214.2,1478,1478,-2.12,-1.46,3.3069,2.8009,7.8516,0
4.590,-31,-43,28,-3.32,101.82,214.2,1478,1478,-2.12,-1.46,3.3069,2.8009,7.8516,0
4.607,-30,-43,28,-3.21,101.82,214.2,1478,1478,-2.12,-1.46,3.3069,2.8009,7.8516,0
4.624,-29,-43,28,-3.11,101.82,214.2,1500,1478,-2.12,-1.46,3.3069,2.8009,7.8516,0
4.642,-27,-43,28,-2.89,101.82,214.2,1522,1478,-2.12,-1.46,3.3069,2.8009,7.8516,0
4.659,-26,-43,28,-2.79,101.82,214.2,1522,1478,-2.12,-1.46,3.3069,2.8009,7.8516,0
4.677,-24,-43,28,-2.57,101.82,214.2,1522,1478,-1.58,-0.84,3.3069,2.8009,7.8516,0
4.694,-22,-43,28,-2.36,101.82,214.2,1522,1478,-1.58,-0.84,3.3069,2.8009,7.8516,0
4.711,-20,-43,28,-2.14,101.82,214.2,1522,1478,-1.58,-0.84,3.3069,2.8009,7.8516,0
4.728,-16,-43,28,-1.71,101.82,214.2,1522,1478,-1.58,-0.84,3.3069,2.8009,7.8516,0
4.745,-14,-43,28,-1.50,101.82,214.2,1522,1478,-1.58,-0.84,3.3069,2.8009,7.8516,0
4.762,-13,-43,28,-1.39,101.82,214.2,1522,1478,-1.58,-0.84,3.3069,2.8009,7.8516,0
4.779,-11,-43,28,-1.18,101.82,214.2,1522,1478,-1.58,-0.84,3.3069,2.8009,7.8516,0
4.796,-9,-43,28,-0.96,101.82,214.2,1522,1478,-1.58,-0.84,3.3069,2.8009,7.8516,0
4.813,-8,-43,28,-0.86,101.82,214.2,1522,1478,-1.58,-0.84,3.3069,2.8009,7.8516,0
4.830,-6,-43,28,-0.64,101.82,214.2,1522,1478,-1.58,-0.84,3.3069,2.8009,7.8516,0
4.847,-4,-43,28,-0.43,101.82,214.2,1522,1478,-1.58,-0.84,3.3069,2.8009,7.8516,0
4.864,-2,-42,29,-0.21,98.31,213.8,1522,1478,-1.58,-0.84,3.3069,2.8009,7.8516,0
4.881,0,-42,29,0.00,98.31,213.8,1522,1478,-1.58,-0.84,3.3069,2.8009,7.8516,0
4.898,2,-42,29,0.21,98.31,213.8,1522,1478,-1.58,-0.84,3.3069,2.8009,7.8516,0
4.915,4,-42,29,0.41,98.31,213.8,1522,1478,-1.58,-0.84,3.3069,2.8009,7.8516,0
4.932,6,-42,29,0.62,98.31,213.8,1522,1478,-1.58,-0.84,3.3069,2.8009,7.8516,0
4.949,7,-42,29,0.72,98.31,213.8,1522,1478,-1.58,-0.84,3.3069,2.8009,7.8516,0
4.966,9,-42,29,0.93,98.31,213.8,1522,1478,-1.58,-0.84,3.0678,2.9205,7.8765,0
4.983,11,-42,29,1.14,98.31,213.8,1522,1478,-1.58,-0.84,3.0678,2.9205,7.8765,0
5.000,12,-42,29,1.24,98.31,213.8,1522,1478,-1.42,-0.77,3.0678,2.9205,7.8765,0
5.017,14,-42,29,1.45,98.31,213.8,1522,1478,-1.42,-0.77,3.0678,2.9205,7.8765,0
5.034,16,-42,29,1.66,98.31,213.8,1522,1478,-1.42,-0.77,3.0678,2.9205,7.8765,0
5.051,17,-42,29,1.76,98.31,213.8,1522,1478,-1.42,-0.77,3.0678,2.9205,7.8765,0
5.068,19,-42,29,1.97,98.31,213.8,1522,1478,-1.42,-0.77,3.0678,2.9205,7.8765,0
5.085,20,-42,29,2.07,98.31,213.8,1522,1478,-1.42,-0.77,3.0678,2.9205,7.8765,0
5.102,21,-42,29,2.17,98.31,213.8,1522,1478,-1.42,-0.77,3.0678,2.9205,7.8765,0
5.119,23,-42,29,2.38,98.31,213.8,1522,1478,-1.42,-0.77,3.0678,2.9205,7.8765,0
5.136,24,-42,29,2.48,98.31,213.8,1522,1478,-1.42,-0.77,3.0678,2.9205,7.8765,0
5.153,25,-42,29,2.59,98.31,213.8,1522,1478,-1.42,-0.77,3.0678,2.9205,7.8765,0
5.171,26,-41,30,2.60,95.03,213.5,1522,1478,-1.05,-0.48,3.0678,2.9205,7.8765,0
5.189,28,-41,30,2.80,95.03,213.5,1522,1478,-1.05,-0.48,3.0678,2.9205,7.8765,0
5.206,29,-41,30,2.90,95.03,213.5,1522,1478,-1.05,-0.48,3.0678,2.9205,7.8765,0
5.223,30,-41,30,3.00,95.03,213.5,1522,1478,-1.05,-0.48,3.0678,2.9205,7.8765,0
5.240,32,-41,30,3.20,95.03,213.5,1522,1478,-1.05,-0.48,3.0678,2.9205,7.8765,0
5.258,34,-41,30,3.40,95.03,213.5,1522,1478,-1.05,-0.48,3.0678,2.9205,7.8765,0
5.276,36,-41,30,3.60,95.03,213.5,1522,1478,-1.05,-0.48,3.0678,2.9205,7.8765,0
5.293,38,-41,30,3.80,95.03,213.5,1522,1478,-1.05,-0.48,3.0678,2.9205,7.8765,0
5.310,40,-41,30,4.00,95.03,213.5,1523,1478,-1.05,-0.48,3.0678,2.9205,7.8765,0
5.327,43,-41,30,4.30,95.03,213.5,1528,1478,-1.05,-0.48,3.0678,2.9205,7.8765,0
5.344,45,-41,30,4.50,95.03,213.5,1526,1478,-1.05,-0.48,3.0678,2.9205,7.8765,0
5.361,46,-41,30,4.60,95.03,213.5,1522,1478,-1.05,-0.48,3.0678,2.9205,7.8765,0
5.378,47,-41,30,4.70,95.03,213.5,1522,1478,-1.05,-0.48,3.0678,2.9205,7.8765,0
5.395,48,-41,30,4.80,95.03,213.5,1522,1478,-1.05,-0.48,3.0678,2.9205,7.8765,0
5.412,49,-41,30,4.90,95.03,213.5,1522,1478,-1.05,-0.48,3.0678,2.9205,7.8765,0
5.429,50,-41,30,5.00,95.03,213.5,1522,1478,-1.05,-0.48,3.0678,2.9205,7.8765,0
5.446,50,-41,30,5.00,95.03,213.5,1522,1478,-1.05,-0.48,3.0678,2.9205,7.8765,0
5.463,50,-41,30,5.00,95.03,213.5,1522,1478,-1.05,-0.48,1.5768,2.1252,7.5107,0
5.480,51,-41,30,5.10,95.03,213.5,1522,1478,-1.05,-0.48,1.5768,2.1252,7.5107,0
5.497,51,-41,30,5.10,95.03,213.5,1522,1478,-0.78,-0.97,1.5768,2.1252,7.5107,0
5.514,51,-41,30,5.10,95.03,213.5,1522,1478,-0.78,-0.97,1.5768,2.1252,7.5107,0
5.532,51,-41,30,5.10,95.03,213.5,1522,1478,-0.78,-0.97,1.5768,2.1252,7.5107,0
5.549,51,-40,31,4.94,91.96,213.1,1522,1478,-0.78,-0.97,1.5768,2.1252,7.5107,0
5.566,51,-40,31,4.94,91.96,213.1,1522,1478,-0.78,-0.97,1.5768,2.1252,7.5107,0
5.583,51,-40,31,4.94,91.96,213.1,1522,1478,-0.78,-0.97,1.5768,2.1252,7.5107,0
5.600,51,-40,31,4.94,91.96,213.1,1522,1478,-0.78,-0.97,1.5768,2.1252,7.5107,0
5.617,51,-40,31,4.94,91.96,213.1,1522,1478,-0.78,-0.97,1.5768,2.1252,7.5107,0
5.634,52,-40,31,5.03,91.96,213.1,1522,1478,-0.78,-0.97,1.5768,2.1252,7.5107,0
5.651,52,-40,31,5.03,91.96,213.1,1522,1478,-0.78,-0.97,1.5768,2.1252,7.5107,0
5.668,53,-40,31,5.13,91.96,213.1,1522,1478,-1.28,-0.98,1.5768,2.1252,7.5107,0
5.685,53,-40,31,5.13,91.96,213.1,1522,1478,-1.28,-0.98,1.5768,2.1252,7.5107,0
5.702,54,-40,31,5.23,91.96,213.1,1522,1478,-1.28,-0.98,1.5768,2.1252,7.5107,0
5.719,54,-40,31,5.23,91.96,213.1,1522,1478,-1.28,-0.98,1.5768,2.1252,7.5107,0
5.736,54,-40,31,5.23,91.96,213.1,1522,1478,-1.28,-0.98,1.5768,2.1252,7.5107,0
5.753,54,-40,31,5.23,91.96,213.1,1522,1478,-1.28,-0.98,1.5768,2.1252,7.5107,0
5.770,54,-40,31,5.23,91.96,213.1,1522,1478,-1.28,-0.98,1.5768,2.1252,7.5107,0
5.787,53,-40,31,5.13,91.96,213.1,1522,1478,-1.28,-0.98,1.5768,2.1252,7.5107,0
5.804,53,-40,31,5.13,91.96,213.1,1522,1478,-1.28,-0.98,1.5768,2.1252,7.5107,0
5.821,52,-40,31,5.03,91.96,213.1,1522,1478,-1.28,-0.98,1.5768,2.1252,7.5107,0
5.838,52,-40,31,5.03,91.96,213.1,1522,1478,-1.28,-0.98,1.5768,2.1252,7.5107,0
5.855,51,-40,31,4.94,91.96,213.1,1522,1478,-1.28,-0.98,1.5768,2.1252,7.5107,0
5.872,51,-40,31,4.94,91.96,213.1,1522,1478,-1.28,-0.98,1.5768,2.1252,7.5107,0
5.889,50,-40,31,4.84,91.96,213.1,1522,1478,-1.28,-0.98,1.5768,2.1252,7.5107,0
5.906,49,-40,31,4.74,91.96,213.1,1522,1478,-1.28,-0.98,1.5768,2.1252,7.5107,0
5.923,49,-40,31,4.74,91.96,213.1,1522,1478,-1.28,-0.98,1.5768,2.1252,7.5107,0
5.940,48,-40,31,4.65,91.96,213.1,1522,1478,-1.28,-0.98,1.5768,2.1252,7.5107,0
5.958,49,-40,31,4.74,91.96,213.1,1522,1478,-1.28,-0.98,1.5768,2.1252,7.5107,0
5.976,48,-40,31,4.65,91.96,213.1,1522,1478,-1.28,-0.98,1.5325,3.0502,7.0281,0
5.993,47,-40,31,4.55,91.96,213.1,1522,1478,-1.70,-1.65,1.5325,3.0502,7.0281,0
6.010,47,-39,32,4.41,89.09,212.8,1522,1478,-1.70,-1.65,1.5325,3.0502,7.0281,0
6.028,46,-39,32,4.31,89.09,212.8,1522,1478,-1.70,-1.65,1.5325,3.0502,7.0281,0
6.045,46,-39,32,4.31,89.09,212.8,1522,1478,-1.70,-1.65,1.5325,3.0502,7.0281,0
6.062,46,-39,32,4.31,89.09,212.8,1522,1478,-1.70,-1.65,1.5325,3.0502,7.0281,0
6.079,45,-39,32,4.22,89.09,212.8,1522,1478,-1.70,-1.65,1.5325,3.0502,7.0281,0
6.096,44,-39,32,4.12,89.09,212.8,1522,1478,-1.70,-1.65,1.5325,3.0502,7.0281,0
6.113,43,-39,32,4.03,89.09,212.8,1522,1478,-1.70,-1.65,1.5325,3.0502,7.0281,0
6.130,42,-39,32,3.94,89.09,212.8,1522,1478,-1.70,-1.65,1.5325,3.0502,7.0281,0
6.147,41,-40,31,3.97,91.96,213.1,1522,1478,-1.70,-1.65,1.5325,3.0502,7.0281,0
6.164,40,-39,32,3.75,89.09,212.8,1522,1478,-2.17,-1.58,1.5325,3.0502,7.0281,0
6.181,40,-39,32,3.75,89.09,212.8,1522,1478,-2.17,-1.58,1.5325,3.0502,7.0281,0
6.198,39,-39,32,3.66,89.09,212.8,1522,1478,-2.17,-1.58,1.5325,3.0502,7.0281,0
6.215,38,-39,32,3.56,89.09,212.8,1522,1478,-2.17,-1.58,1.5325,3.0502,7.0281,0
6.232,37,-39,32,3.47,89.09,212.8,1522,1478,-2.17,-1.58,1.5325,3.0502,7.0281,0
6.249,36,-39,32,3.38,89.09,212.8,1522,1478,-2.17,-1.58,1.5325,3.0502,7.0281,0
6.266,35,-39,32,3.28,89.09,212.8,1522,1478,-2.17,-1.58,1.5325,3.0502,7.0281,0
6.283,33,-39,32,3.09,89.09,212.8,1478,1478,-2.17,-1.58,1.5325,3.0502,7.0281,0
6.300,32,-39,32,3.00,89.09,212.8,1500,1478,-2.17,-1.58,1.5325,3.0502,7.0281,0
6.317,30,-39,32,2.81,89.09,212.8,1478,1478,-2.17,-1.58,1.5325,3.0502,7.0281,0
6.334,28,-39,32,2.62,89.09,212.8,1478,1478,-2.17,-1.58,1.5325,3.0502,7.0281,0
6.350,26,-39,32,2.44,89.09,212.8,1478,1478,-2.17,-1.58,1.5325,3.0502,7.0281,0
6.367,24,-39,32,2.25,89.09,212.8,1478,1478,-2.17,-1.58,1.5325,3.0502,7.0281,0
6.384,22,-39,32,2.06,89.09,212.8,1478,1478,-2.17,-1.58,1.5325,3.0502,7.0281,0
6.401,20,-39,32,1.88,89.09,212.8,1478,1478,-2.17,-1.58,1.5325,3.0502,7.0281,0
6.418,18,-38,33,1.64,86.39,212.4,1478,1478,-2.17,-1.58,1.5325,3.0502,7.0281,0
6.435,15,-38,33,1.36,86.39,212.4,1478,1478,-2.17,-1.58,1.5325,3.0502,7.0281,0
6.453,12,-38,33,1.09,86.39,212.4,1478,1478,-2.17,-1.58,1.5325,3.0502,7.0281,0
6.470,10,-38,33,0.91,86.39,212.4,1478,1478,-2.17,-1.58,1.3379,3.5078,7.5282,0
6.487,7,-38,33,0.64,86.39,212.4,1478,1478,-2.10,-2.04,1.3379,3.5078,7.5282,0
6.504,5,-38,33,0.45,86.39,212.4,1478,1478,-2.10,-2.04,1.3379,3.5078,7.5282,0
6.521,3,-38,33,0.27,86.39,212.4,1478,1478,-2.10,-2.04,1.3379,3.5078,7.5282,0
6.538,1,-38,33,0.09,86.39,212.4,1478,1478,-2.10,-2.04,1.3379,3.5078,7.5282,0
6.555,0,-38,33,0.00,86.39,212.4,1478,1478,-2.10,-2.04,1.3379,3.5078,7.5282,0
6.572,-2,-38,33,-0.18,86.39,212.4,1478,1478,-2.10,-2.04,1.3379,3.5078,7.5282,0
6.590,-4,-38,33,-0.36,86.39,212.4,1478,1478,-2.10,-2.04,1.3379,3.5078,7.5282,0
6.608,-6,-38,33,-0.55,86.39,212.4,1478,1478,-2.10,-2.04,1.3379,3.5078,7.5282,0
6.625,-8,-38,33,-0.73,86.39,212.4,1478,1478,-2.10,-2.04,1.3379,3.5078,7.5282,0
6.642,-11,-38,33,-1.00,86.39,212.4,1478,1478,-2.10,-2.04,1.3379,3.5078,7.5282,0
6.659,-13,-38,33,-1.18,86.39,212.4,1478,1478,-2.10,-2.04,1.3379,3.5078,7.5282,0
6.676,-14,-38,33,-1.27,86.39,212.4,1478,1478,-2.71,-1.80,1.3379,3.5078,7.5282,0
6.693,-16,-37,34,-1.41,83.85,212.1,1478,1478,-2.71,-1.80,1.3379,3.5078,7.5282,0
6.711,-17,-38,33,-1.55,86.39,212.4,1478,1478,-2.71,-1.80,1.3379,3.5078,7.5282,0
6.728,-17,-37,34,-1.50,83.85,212.1,1478,1478,-2.71,-1.80,1.3379,3.5078,7.5282,0
6.745,-18,-37,34,-1.59,83.85,212.1,1478,1478,-2.71,-1.80,1.3379,3.5078,7.5282,0
6.762,-18,-37,34,-1.59,83.85,212.1,1478,1478,-2.71,-1.80,1.3379,3.5078,7.5282,0
6.779,-18,-37,34,-1.59,83.85,212.1,1478,1478,-2.71,-1.80,1.3379,3.5078,7.5282,0
6.796,-18,-37,34,-1.59,83.85,212.1,1478,1478,-2.71,-1.80,1.3379,3.5078,7.5282,0
6.813,-18,-37,34,-1.59,83.85,212.1,1478,1478,-2.71,-1.80,1.3379,3.5078,7.5282,0
6.830,-17,-37,34,-1.50,83.85,212.1,1500,1478,-2.71,-1.80,1.3379,3.5078,7.5282,0
6.847,-16,-37,34,-1.41,83.85,212.1,1522,1478,-2.71,-1.80,1.3379,3.5078,7.5282,0
6.864,-15,-37,34,-1.32,83.85,212.1,1522,1478,-2.71,-1.80,1.3379,3.5078,7.5282,0
6.881,-14,-37,34,-1.24,83.85,212.1,1522,1478,-2.71,-1.80,1.3379,3.5078,7.5282,0
6.898,-13,-37,34,-1.15,83.85,212.1,1522,1478,-2.71,-1.80,1.3379,3.5078,7.5282,0
6.915,-11,-37,34,-0.97,83.85,212.1,1522,1478,-2.71,-1.80,1.3379,3.5078,7.5282,0
6.932,-10,-37,34,-0.88,83.85,212.1,1522,1478,-2.69,-1.23,1.3379,3.5078,7.5282,0
6.949,-8,-37,34,-0.71,83.85,212.1,1522,1478,-2.69,-1.23,1.3379,3.5078,7.5282,0
6.965,-6,-37,34,-0.53,83.85,212.1,1522,1478,-2.69,-1.23,1.3379,3.5078,7.5282,0
6.982,-4,-37,34,-0.35,83.85,212.1,1522,1478,-2.69,-1.23,3.0891,3.4568,7.1925,0
6.999,-2,-37,34,-0.18,83.85,212.1,1522,1478,-2.69,-1.23,3.0891,3.4568,7.1925,0
7.016,0,-36,35,0.00,81.45,211.8,1522,1478,-2.69,-1.23,3.0891,3.4568,7.1925,0
7.033,3,-36,35,0.26,81.45,211.8,1522,1478,-2.69,-1.23,3.0891,3.4568,7.1925,0
7.050,6,-36,35,0.51,81.45,211.8,1522,1478,-2.69,-1.23,3.0891,3.4568,7.1925,0
7.067,8,-37,34,0.71,83.85,212.1,1522,1478,-2.69,-1.23,3.0891,3.4568,7.1925,0
7.084,11,-37,34,0.97,83.85,212.1,1522,1478,-2.69,-1.23,3.0891,3.4568,7.1925,0
7.101,14,-36,35,1.20,81.45,211.8,1523,1478,-2.69,-1.23,3.0891,3.4568,7.1925,0
7.119,16,-36,35,1.37,81.45,211.8,1522,1478,-2.69,-1.23,3.0891,3.4568,7.1925,0
7.136,19,-36,35,1.63,81.45,211.8,1523,1478,-2.69,-1.23,3.0891,3.4568,7.1925,0
7.153,21,-37,34,1.85,83.85,212.1,1522,1478,-2.69,-1.23,3.0891,3.4568,7.1925,0
7.170,23,-36,35,1.97,81.45,211.8,1522,1478,-1.62,-0.17,3.0891,3.4568,7.1925,0
7.188,25,-36,35,2.14,81.45,211.8,1522,1478,-1.62,-0.17,3.0891,3.4568,7.1925,0
7.205,27,-36,35,2.31,81.45,211.8,1522,1478,-1.62,-0.17,3.0891,3.4568,7.1925,0
7.226,31,-36,35,2.66,81.45,211.8,1526,1478,-1.62,-0.17,3.0891,3.4568,7.1925,0
7.243,33,-35,36,2.75,79.19,211.4,1524,1478,-1.62,-0.17,3.1930,4.2943,7.6443,0
7.260,34,-35,36,2.83,79.19,211.4,1522,1478,-1.62,-0.17,3.1930,4.2943,7.6443,0
7.277,36,-35,36,3.00,79.19,211.4,1522,1478,-1.62,-0.17,3.1930,4.2943,7.6443,0
7.294,37,-35,36,3.08,79.19,211.4,1522,1478,-1.62,-0.17,3.1930,4.2943,7.6443,0
7.311,39,-36,35,3.34,81.45,211.8,1522,1478,-1.62,-0.17,3.1930,4.2943,7.6443,0
7.328,41,-35,36,3.42,79.19,211.4,1523,1478,-1.62,-0.17,3.1930,4.2943,7.6443,0
7.345,43,-35,36,3.58,79.19,211.4,1524,1478,-1.62,-0.17,3.1930,4.2943,7.6443,0
7.362,46,-35,36,3.83,79.19,211.4,1529,1478,-1.62,-0.17,3.1930,4.2943,7.6443,0
7.379,49,-35,36,4.08,79.19,211.4,1531,1478,-1.62,-0.17,3.1930,4.2943,7.6443,0
7.396,52,-35,36,4.33,79.19,211.4,1533,1478,-1.62,-0.17,3.1930,4.2943,7.6443,0
7.413,55,-35,36,4.58,79.19,211.4,1534,1478,-1.62,-0.17,3.1930,4.2943,7.6443,0
7.430,58,-35,36,4.83,79.19,211.4,1535,1478,-0.80,0.10,3.1930,4.2943,7.6443,0
7.447,61,-36,35,5.23,81.45,211.8,1536,1478,-0.80,0.10,3.1930,4.2943,7.6443,0
7.464,64,-36,35,5.49,81.45,211.8,1537,1478,-0.80,0.10,3.1930,4.2943,7.6443,0
7.481,67,-36,35,5.74,81.45,211.8,1538,1478,-0.80,0.10,3.4626,4.4472,7.8327,0
7.498,70,-36,35,6.00,81.45,211.8,1538,1478,-0.80,0.10,3.4626,4.4472,7.8327,0
7.515,73,-35,36,6.08,79.19,211.4,1539,1478,-0.80,0.10,3.4626,4.4472,7.8327,0
7.532,76,-35,36,6.33,79.19,211.4,1540,1478,-0.80,0.10,3.4626,4.4472,7.8327,0
7.549,80,-36,35,6.86,81.45,211.8,1544,1478,-0.80,0.10,3.4626,4.4472,7.8327,0
7.566,83,-36,35,7.11,81.45,211.8,1543,1478,-0.80,0.10,3.4626,4.4472,7.8327,0
7.583,87,-36,35,7.46,81.45,211.8,1547,1478,-0.80,0.10,3.4626,4.4472,7.8327,0
7.600,90,-36,35,7.71,81.45,211.8,1546,1478,-0.80,0.10,3.4626,4.4472,7.8327,0
7.617,94,-36,35,8.06,81.45,211.8,1549,1478,-0.80,0.10,3.4626,4.4472,7.8327,0
7.634,98,-36,35,8.40,81.45,211.8,1551,1478,-0.80,0.10,3.4626,4.4472,7.8327,0
7.651,102,-35,36,8.50,79.19,211.4,1553,1478,-0.80,0.10,3.4626,4.4472,7.8327,0
7.667,107,-35,36,8.92,79.19,211.4,1558,1478,-0.80,0.10,3.4626,4.4472,7.8327,0
7.685,111,-36,35,9.51,81.45,211.8,1557,1478,-0.08,-0.46,3.4626,4.4472,7.8327,0
7.702,115,-35,36,9.58,79.19,211.4,1557,1478,-0.08,-0.46,3.4626,4.4472,7.8327,0
7.719,120,-36,35,10.29,81.45,211.8,1562,1478,-0.08,-0.46,3.4626,4.4472,7.8327,0
7.736,125,-36,35,10.71,81.45,211.8,1564,1478,-0.08,-0.46,3.0756,3.3342,7.5407,0
7.753,129,-36,35,11.06,81.45,211.8,1562,1478,-0.08,-0.46,3.0756,3.3342,7.5407,0
7.770,134,-36,35,11.49,81.45,211.8,1566,1478,-0.08,-0.46,3.0756,3.3342,7.5407,0
7.788,138,-36,35,11.83,81.45,211.8,1564,1478,-0.08,-0.46,3.0756,3.3342,7.5407,0
7.806,142,-36,35,12.17,81.45,211.8,1563,1478,-0.08,-0.46,3.0756,3.3342,7.5407,0
7.824,147,-36,35,12.60,81.45,211.8,1567,1478,-0.08,-0.46,3.0756,3.3342,7.5407,0
7.841,151,-36,35,12.94,81.45,211.8,1567,1478,-0.08,-0.46,3.0756,3.3342,7.5407,0
7.858,158,-35,36,13.17,79.19,211.4,1578,1478,-0.08,-0.46,3.0756,3.3342,7.5407,0
7.876,160,-37,34,14.12,83.85,212.1,1566,1478,-0.08,-0.46,3.0756,3.3342,7.5407,0
7.893,164,-36,35,14.06,81.45,211.8,1568,1478,-0.08,-0.46,3.0756,3.3342,7.5407,0
7.910,166,-36,35,14.23,81.45,211.8,1562,1478,-0.08,-0.46,3.0756,3.3342,7.5407,0
7.927,169,-36,35,14.49,81.45,211.8,1563,1478,0.28,-1.23,3.0756,3.3342,7.5407,0
7.944,171,-37,34,15.09,83.85,212.1,1560,1478,0.28,-1.23,3.0756,3.3342,7.5407,0
7.961,174,-36,35,14.91,81.45,211.8,1562,1478,0.28,-1.23,3.0756,3.3342,7.5407,0
7.977,176,-36,35,15.09,81.45,211.8,1560,1478,0.28,-1.23,3.0756,3.3342,7.5407,0
7.994,178,-36,35,15.26,81.45,211.8,1560,1478,0.28,-1.23,1.6629,2.9896,7.6671,0
8.011,179,-36,35,15.34,81.45,211.8,1556,1478,0.28,-1.23,1.6629,2.9896,7.6671,0
8.028,180,-36,35,15.43,81.45,211.8,1554,1478,0.28,-1.23,1.6629,2.9896,7.6671,0
8.045,180,-36,35,15.43,81.45,211.8,1549,1478,0.28,-1.23,1.6629,2.9896,7.6671,0
8.062,181,-37,34,15.97,83.85,212.1,1551,1478,0.28,-1.23,1.6629,2.9896,7.6671,0
8.079,183,-36,35,15.69,81.45,211.8,1555,1478,0.28,-1.23,1.6629,2.9896,7.6671,0
8.096,182,-37,34,16.06,83.85,212.1,1547,1478,0.28,-1.23,1.6629,2.9896,7.6671,0
8.113,182,-36,35,15.60,81.45,211.8,1546,1478,0.28,-1.23,1.6629,2.9896,7.6671,0
8.130,182,-36,35,15.60,81.45,211.8,1545,1478,0.28,-1.23,1.6629,2.9896,7.6671,0
8.147,182,-36,35,15.60,81.45,211.8,1545,1478,0.28,-1.23,1.6629,2.9896,7.6671,0
8.164,181,-36,35,15.51,81.45,211.8,1541,1478,0.28,-1.23,1.6629,2.9896,7.6671,0
8.181,181,-36,35,15.51,81.45,211.8,1543,1478,0.23,-1.43,1.6629,2.9896,7.6671,0
8.198,181,-37,34,15.97,83.85,212.1,1544,1478,0.23,-1.43,1.6629,2.9896,7.6671,0
8.215,181,-37,34,15.97,83.85,212.1,1544,1478,0.23,-1.43,1.6629,2.9896,7.6671,0
8.232,180,-37,34,15.88,83.85,212.1,1541,1478,0.23,-1.43,1.5724,2.9685,7.5683,0
8.249,179,-37,34,15.79,83.85,212.1,1539,1478,0.23,-1.43,1.5724,2.9685,7.5683,0
8.266,178,-37,34,15.71,83.85,212.1,1538,1478,0.23,-1.43,1.5724,2.9685,7.5683,0
8.283,179,-37,34,15.79,83.85,212.1,1545,1478,0.23,-1.43,1.5724,2.9685,7.5683,0
8.300,178,-36,35,15.26,81.45,211.8,1541,1478,0.23,-1.43,1.5724,2.9685,7.5683,0
8.317,178,-36,35,15.26,81.45,211.8,1542,1478,0.23,-1.43,1.5724,2.9685,7.5683,0
8.334,177,-36,35,15.17,81.45,211.8,1539,1478,0.23,-1.43,1.5724,2.9685,7.5683,0
8.351,176,-36,35,15.09,81.45,211.8,1538,1478,0.23,-1.43,1.5724,2.9685,7.5683,0
8.368,174,-36,35,14.91,81.45,211.8,1533,1478,0.23,-1.43,1.5724,2.9685,7.5683,0
8.385,173,-36,35,14.83,81.45,211.8,1534,1478,0.23,-1.43,1.5724,2.9685,7.5683,0
8.402,170,-36,35,14.57,81.45,211.8,1527,1478,0.23,-1.43,1.5724,2.9685,7.5683,0
8.420,169,-36,35,14.49,81.45,211.8,1531,1478,0.03,-1.51,1.5724,2.9685,7.5683,0
8.437,166,-36,35,14.23,81.45,211.8,1525,1478,0.03,-1.51,1.5724,2.9685,7.5683,0
8.454,164,-36,35,14.06,81.45,211.8,1526,1478,0.03,-1.51,1.5724,2.9685,7.5683,0
8.472,162,-37,34,14.29,83.85,212.1,1526,1478,0.03,-1.51,1.5724,2.9685,7.5683,0
8.489,161,-37,34,14.21,83.85,212.1,1529,1478,0.03,-1.51,1.7176,2.9404,6.7278,0
8.507,158,-37,34,13.94,83.85,212.1,1523,1478,0.03,-1.51,1.7176,2.9404,6.7278,0
8.524,154,-37,34,13.59,83.85,212.1,1522,1478,0.03,-1.51,1.7176,2.9404,6.7278,0
8.541,151,-37,34,13.32,83.85,212.1,1522,1478,0.03,-1.51,1.7176,2.9404,6.7278,0
8.558,148,-37,34,13.06,83.85,212.1,1522,1478,0.03,-1.51,1.7176,2.9404,6.7278,0
8.575,146,-37,34,12.88,83.85,212.1,1522,1478,0.03,-1.51,1.7176,2.9404,6.7278,0
8.592,143,-37,34,12.62,83.85,212.1,1522,1478,0.03,-1.51,1.7176,2.9404,6.7278,0
8.609,140,-37,34,12.35,83.85,212.1,1522,1478,0.03,-1.51,1.7176,2.9404,6.7278,0
8.627,137,-37,34,12.09,83.85,212.1,1522,1478,0.03,-1.51,1.7176,2.9404,6.7278,0
8.644,134,-37,34,11.82,83.85,212.1,1522,1478,0.03,-1.51,1.7176,2.9404,6.7278,0
8.661,131,-37,34,11.56,83.85,212.1,1522,1478,0.03,-1.51,1.7176,2.9404,6.7278,0
8.678,127,-37,34,11.21,83.85,212.1,1522,1478,-0.51,-1.80,1.7176,2.9404,6.7278,0
8.694,124,-38,33,11.27,86.39,212.4,1522,1478,-0.51,-1.80,1.7176,2.9404,6.7278,0
8.712,121,-38,33,11.00,86.39,212.4,1522,1478,-0.51,-1.80,1.7176,2.9404,6.7278,0
8.729,119,-38,33,10.82,86.39,212.4,1522,1478,-0.51,-1.80,2.6025,3.7354,7.1728,0
8.745,116,-38,33,10.55,86.39,212.4,1522,1478,-0.51,-1.80,2.6025,3.7354,7.1728,0
8.762,114,-38,33,10.36,86.39,212.4,1522,1478,-0.51,-1.80,2.6025,3.7354,7.1728,0
8.779,111,-38,33,10.09,86.39,212.4,1522,1478,-0.51,-1.80,2.6025,3.7354,7.1728,0
8.796,109,-38,33,9.91,86.39,212.4,1522,1478,-0.51,-1.80,2.6025,3.7354,7.1728,0
8.814,106,-38,33,9.64,86.39,212.4,1522,1478,-0.51,-1.80,2.6025,3.7354,7.1728,0
8.831,103,-38,33,9.36,86.39,212.4,1522,1478,-0.51,-1.80,2.6025,3.7354,7.1728,0
8.848,100,-38,33,9.09,86.39,212.4,1522,1478,-0.51,-1.80,2.6025,3.7354,7.1728,0
8.865,97,-38,33,8.82,86.39,212.4,1522,1478,-0.51,-1.80,2.6025,3.7354,7.1728,0
8.882,94,-38,33,8.55,86.39,212.4,1522,1478,-0.51,-1.80,2.6025,3.7354,7.1728,0
8.900,91,-38,33,8.27,86.39,212.4,1522,1478,-0.51,-1.80,2.6025,3.7354,7.1728,0
8.917,88,-38,33,8.00,86.39,212.4,1522,1478,-1.06,-1.80,2.6025,3.7354,7.1728,0
8.934,85,-38,33,7.73,86.39,212.4,1500,1478,-1.06,-1.80,2.6025,3.7354,7.1728,0
8.951,82,-38,33,7.45,86.39,212.4,1500,1478,-1.06,-1.80,2.6025,3.7354,7.1728,0
8.968,79,-38,33,7.18,86.39,212.4,1478,1478,-1.06,-1.80,2.6025,3.7354,7.1728,0
8.985,75,-38,33,6.82,86.39,212.4,1478,1478,-1.06,-1.80,3.6668,3.4091,8.3924,0
9.002,72,-38,33,6.55,86.39,212.4,1478,1478,-1.06,-1.80,3.6668,3.4091,8.3924,0
9.019,68,-38,33,6.18,86.39,212.4,1478,1478,-1.06,-1.80,3.6668,3.4091,8.3924,0
9.037,65,-38,33,5.91,86.39,212.4,1478,1478,-1.06,-1.80,3.6668,3.4091,8.3924,0
9.055,63,-38,33,5.73,86.39,212.4,1478,1478,-1.06,-1.80,3.6668,3.4091,8.3924,0
9.072,60,-38,33,5.45,86.39,212.4,1478,1478,-1.06,-1.80,3.6668,3.4091,8.3924,0
9.090,55,-38,33,5.00,86.39,212.4,1478,1478,-1.06,-1.80,3.6668,3.4091,8.3924,0
9.107,55,-38,33,5.00,86.39,212.4,1500,1478,-1.06,-1.80,3.6668,3.4091,8.3924,0
9.124,50,-38,33,4.55,86.39,212.4,1478,1478,-1.06,-1.80,3.6668,3.4091,8.3924,0
9.141,48,-38,33,4.36,86.39,212.4,1478,1478,-1.06,-1.80,3.6668,3.4091,8.3924,0
9.158,46,-38,33,4.18,86.39,212.4,1478,1478,-1.06,-1.80,3.6668,3.4091,8.3924,0
9.175,43,-38,33,3.91,86.39,212.4,1478,1478,-1.43,-1.45,3.6668,3.4091,8.3924,0
9.193,41,-38,33,3.73,86.39,212.4,1478,1478,-1.43,-1.45,3.6668,3.4091,8.3924,0
9.210,39,-38,33,3.55,86.39,212.4,1478,1478,-1.43,-1.45,3.6668,3.4091,8.3924,0
9.227,37,-38,33,3.36,86.39,212.4,1478,1478,-1.43,-1.45,3.1848,3.4241,8.1081,0
9.243,36,-38,33,3.27,86.39,212.4,1478,1478,-1.43,-1.45,3.1848,3.4241,8.1081,0
9.260,34,-38,33,3.09,86.39,212.4,1478,1478,-1.43,-1.45,3.1848,3.4241,8.1081,0
9.277,33,-38,33,3.00,86.39,212.4,1478,1478,-1.43,-1.45,3.1848,3.4241,8.1081,0
9.294,31,-38,33,2.82,86.39,212.4,1478,1478,-1.43,-1.45,3.1848,3.4241,8.1081,0
9.311,30,-38,33,2.73,86.39,212.4,1478,1478,-1.43,-1.45,3.1848,3.4241,8.1081,0
9.328,30,-37,34,2.65,83.85,212.1,1522,1478,-1.43,-1.45,3.1848,3.4241,8.1081,0
9.345,29,-38,33,2.64,86.39,212.4,1522,1478,-1.43,-1.45,3.1848,3.4241,8.1081,0
9.362,28,-38,33,2.55,86.39,212.4,1500,1478,-1.43,-1.45,3.1848,3.4241,8.1081,0
9.379,27,-38,33,2.45,86.39,212.4,1500,1478,-1.43,-1.45,3.1848,3.4241,8.1081,0
9.396,26,-38,33,2.36,86.39,212.4,1500,1478,-1.43,-1.45,3.1848,3.4241,8.1081,0
9.413,25,-37,34,2.21,83.85,212.1,1500,1478,-1.43,-1.45,3.1848,3.4241,8.1081,0
9.430,24,-37,34,2.12,83.85,212.1,1500,1478,-1.87,-1.63,3.1848,3.4241,8.1081,0
9.447,23,-37,34,2.03,83.85,212.1,1478,1478,-1.87,-1.63,3.1848,3.4241,8.1081,0
9.464,22,-37,34,1.94,83.85,212.1,1478,1478,-1.87,-1.63,3.1848,3.4241,8.1081,0
9.481,21,-37,34,1.85,83.85,212.1,1478,1478,-1.87,-1.63,3.0166,2.8714,7.3859,0
9.498,20,-37,34,1.76,83.85,212.1,1478,1478,-1.87,-1.63,3.0166,2.8714,7.3859,0
9.515,19,-37,34,1.68,83.85,212.1,1478,1478,-1.87,-1.63,3.0166,2.8714,7.3859,0
9.532,18,-37,34,1.59,83.85,212.1,1478,1478,-1.87,-1.63,3.0166,2.8714,7.3859,0
9.549,17,-37,34,1.50,83.85,212.1,1478,1478,-1.87,-1.63,3.0166,2.8714,7.3859,0
9.566,16,-36,35,1.37,81.45,211.8,1478,1478,-1.87,-1.63,3.0166,2.8714,7.3859,0
9.583,16,-36,35,1.37,81.45,211.8,1500,1478,-1.87,-1.63,3.0166,2.8714,7.3859,0
9.600,15,-36,35,1.29,81.45,211.8,1478,1478,-1.87,-1.63,3.0166,2.8714,7.3859,0
9.617,14,-36,35,1.20,81.45,211.8,1478,1478,-1.87,-1.63,3.0166,2.8714,7.3859,0
9.634,13,-36,35,1.11,81.45,211.8,1478,1478,-1.87,-1.63,3.0166,2.8714,7.3859,0
9.651,13,-36,35,1.11,81.45,211.8,1500,1478,-1.87,-1.63,3.0166,2.8714,7.3859,0
9.669,12,-36,35,1.03,81.45,211.8,1478,1478,-2.51,-1.18,3.0166,2.8714,7.3859,0
9.686,11,-36,35,0.94,81.45,211.8,1478,1478,-2.51,-1.18,3.0166,2.8714,7.3859,0
9.704,11,-36,35,0.94,81.45,211.8,1500,1478,-2.51,-1.18,3.0166,2.8714,7.3859,0
9.721,10,-36,35,0.86,81.45,211.8,1478,1478,-2.51,-1.18,3.0166,2.8714,7.3859,0
9.739,10,-36,35,0.86,81.45,211.8,1500,1478,-2.51,-1.18,3.2487,1.9471,8.9954,0
9.756,9,-36,35,0.77,81.45,211.8,1478,1478,-2.51,-1.18,3.2487,1.9471,8.9954,0
9.773,9,-36,35,0.77,81.45,211.8,1500,1478,-2.51,-1.18,3.2487,1.9471,8.9954,0
9.790,8,-35,36,0.67,79.19,211.4,1478,1478,-2.51,-1.18,3.2487,1.9471,8.9954,0
9.807,7,-35,36,0.58,79.19,211.4,1478,1478,-2.51,-1.18,3.2487,1.9471,8.9954,0
9.824,6,-35,36,0.50,79.19,211.4,1478,1478,-2.51,-1.18,3.2487,1.9471,8.9954,0
9.841,5,-35,36,0.42,79.19,211.4,1478,1478,-2.51,-1.18,3.2487,1.9471,8.9954,0
9.858,4,-35,36,0.33,79.19,211.4,1478,1478,-2.51,-1.18,3.2487,1.9471,8.9954,0
9.875,3,-35,36,0.25,79.19,211.4,1478,1478,-2.51,-1.18,3.2487,1.9471,8.9954,0
9.892,2,-35,36,0.17,79.19,211.4,1478,1478,-2.51,-1.18,3.2487,1.9471,8.9954,0
9.909,1,-35,36,0.08,79.19,211.4,1478,1478,-2.51,-1.18,3.2487,1.9471,8.9954,0
9.926,0,-35,36,0.00,79.19,211.4,1478,1478,-3.29,-0.96,3.2487,1.9471,8.9954,0
9.943,0,-34,37,0.00,77.05,211.0,1478,1478,-3.29,-0.96,3.2487,1.9471,8.9954,0
9.960,-1,-34,37,-0.08,77.05,211.0,1478,1478,-3.29,-0.96,3.2487,1.9471,8.9954,0
9.977,-1,-34,37,-0.08,77.05,211.0,1478,1478,-3.29,-0.96,3.2487,1.9471,8.9954,0
9.994,-1,-34,37,-0.08,77.05,211.0,1478,1478,-3.29,-0.96,3.8725,1.6010,9.0438,0
10.011,-2,-34,37,-0.16,77.05,211.0,1478,1478,-3.29,-0.96,3.8725,1.6010,9.0438,0
10.028,-2,-35,36,-0.17,79.19,211.4,1478,1478,-3.29,-0.96,3.8725,1.6010,9.0438,0
10.045,-2,-34,37,-0.16,77.05,211.0,1478,1478,-3.29,-0.96,3.8725,1.6010,9.0438,0
10.062,-2,-34,37,-0.16,77.05,211.0,1500,1478,-3.29,-0.96,3.8725,1.6010,9.0438,0
10.079,-1,-34,37,-0.08,77.05,211.0,1522,1478,-3.29,-0.96,3.8725,1.6010,9.0438,0
10.096,-1,-34,37,-0.08,77.05,211.0,1522,1478,-3.29,-0.96,3.8725,1.6010,9.0438,0
10.113,0,-34,37,0.00,77.05,211.0,1522,1478,-3.29,-0.96,3.8725,1.6010,9.0438,0
10.130,0,-33,38,0.00,75.02,210.7,1522,1478,-3.29,-0.96,3.8725,1.6010,9.0438,0
10.147,1,-33,38,0.08,75.02,210.7,1522,1478,-3.29,-0.96,3.8725,1.6010,9.0438,0
10.164,3,-33,38,0.24,75.02,210.7,1522,1478,-3.29,-0.96,3.8725,1.6010,9.0438,0
10.181,4,-33,38,0.32,75.02,210.7,1522,1478,-3.03,-0.58,3.8725,1.6010,9.0438,0
10.198,5,-33,38,0.39,75.02,210.7,1522,1478,-3.03,-0.58,3.8725,1.6010,9.0438,0
10.215,7,-32,39,0.54,73.10,210.3,1522,1478,-3.03,-0.58,3.8725,1.6010,9.0438,0
10.232,9,-32,39,0.69,73.10,210.3,1522,1478,-3.03,-0.58,3.0490,2.6445,7.3708,0
10.249,10,-32,39,0.77,73.10,210.3,1522,1478,-3.03,-0.58,3.0490,2.6445,7.3708,0
10.266,12,-31,40,0.90,71.27,210.0,1522,1478,-3.03,-0.58,3.0490,2.6445,7.3708,0
10.283,14,-31,40,1.05,71.27,210.0,1522,1478,-3.03,-0.58,3.0490,2.6445,7.3708,0
10.300,15,-31,40,1.12,71.27,210.0,1522,1478,-3.03,-0.58,3.0490,2.6445,7.3708,0
10.317,17,-31,40,1.27,71.27,210.0,1522,1478,-3.03,-0.58,3.0490,2.6445,7.3708,0
10.334,18,-31,40,1.35,71.27,210.0,1522,1478,-3.03,-0.58,3.0490,2.6445,7.3708,0
10.351,20,-31,40,1.50,71.27,210.0,1522,1478,-3.03,-0.58,3.0490,2.6445,7.3708,0
10.368,22,-31,40,1.65,71.27,210.0,1522,1478,-3.03,-0.58,3.0490,2.6445,7.3708,0
10.386,23,-31,40,1.73,71.27,210.0,1522,1478,-3.03,-0.58,3.0490,2.6445,7.3708,0
10.405,27,-30,41,1.98,69.53,209.6,1524,1478,-3.03,-0.58,3.0490,2.6445,7.3708,0
10.422,28,-30,41,2.05,69.53,209.6,1522,1478,-2.33,0.07,3.0490,2.6445,7.3708,0
10.439,28,-30,41,2.05,69.53,209.6,1522,1478,-2.33,0.07,3.0490,2.6445,7.3708,0
10.457,32,-30,41,2.34,69.53,209.6,1525,1478,-2.33,0.07,3.0490,2.6445,7.3708,0
10.474,34,-30,41,2.49,69.53,209.6,1524,1478,-2.33,0.07,3.0490,2.6445,7.3708,0
10.491,36,-30,41,2.63,69.53,209.6,1523,1478,-2.33,0.07,3.3891,2.4344,8.1355,0
10.508,39,-29,42,2.79,67.88,209.3,1527,1478,-2.33,0.07,3.3891,2.4344,8.1355,0
10.525,41,-29,42,2.93,67.88,209.3,1526,1478,-2.33,0.07,3.3891,2.4344,8.1355,0
10.541,44,-29,42,3.14,67.88,209.3,1529,1478,-2.33,0.07,3.3891,2.4344,8.1355,0
10.558,46,-29,42,3.29,67.88,209.3,1527,1478,-2.33,0.07,3.3891,2.4344,8.1355,0
10.575,49,-29,42,3.50,67.88,209.3,1531,1478,-2.33,0.07,3.3891,2.4344,8.1355,0
10.592,51,-29,42,3.64,67.88,209.3,1529,1478,-2.33,0.07,3.3891,2.4344,8.1355,0
10.609,54,-29,42,3.86,67.88,209.3,1532,1478,-2.33,0.07,3.3891,2.4344,8.1355,0
10.626,57,-29,42,4.07,67.88,209.3,1534,1478,-2.33,0.07,3.3891,2.4344,8.1355,0
10.643,60,-28,43,4.19,66.30,208.9,1535,1478,-2.33,0.07,3.3891,2.4344,8.1355,0
10.660,64,-28,43,4.47,66.30,208.9,1540,1478,-2.33,0.07,3.3891,2.4344,8.1355,0
10.677,67,-28,43,4.67,66.30,208.9,1539,1478,-1.58,0.91,3.3891,2.4344,8.1355,0
10.694,71,-28,43,4.95,66.30,208.9,1543,1478,-1.58,0.91,3.3891,2.4344,8.1355,0
10.711,74,-28,43,5.16,66.30,208.9,1541,1478,-1.58,0.91,3.3891,2.4344,8.1355,0
10.728,78,-28,43,5.44,66.30,208.9,1545,1478,-1.58,0.91,3.3149,3.2243,7.4027,0
10.745,82,-28,43,5.72,66.30,208.9,1547,1478,-1.58,0.91,3.3149,3.2243,7.4027,0
10.762,85,-28,43,5.93,66.30,208.9,1545,1478,-1.58,0.91,3.3149,3.2243,7.4027,0
10.779,88,-28,43,6.14,66.30,208.9,1544,1478,-1.58,0.91,3.3149,3.2243,7.4027,0
10.796,91,-28,43,6.35,66.30,208.9,1544,1478,-1.58,0.91,3.3149,3.2243,7.4027,0
10.813,95,-28,43,6.63,66.30,208.9,1548,1478,-1.58,0.91,3.3149,3.2243,7.4027,0
10.830,98,-28,43,6.84,66.30,208.9,1547,1478,-1.58,0.91,3.3149,3.2243,7.4027,0
10.847,101,-28,43,7.05,66.30,208.9,1547,1478,-1.58,0.91,3.3149,3.2243,7.4027,0
10.864,103,-28,43,7.19,66.30,208.9,1543,1478,-1.58,0.91,3.3149,3.2243,7.4027,0
10.881,105,-28,43,7.33,66.30,208.9,1542,1478,-1.58,0.91,3.3149,3.2243,7.4027,0
10.898,107,-28,43,7.47,66.30,208.9,1541,1478,-1.58,0.91,3.3149,3.2243,7.4027,0
10.915,109,-28,43,7.60,66.30,208.9,1541,1478,-1.58,0.91,3.3149,3.2243,7.4027,0
10.932,110,-28,43,7.67,66.30,208.9,1538,1478,-0.66,0.92,3.3149,3.2243,7.4027,0
10.950,112,-28,43,7.81,66.30,208.9,1540,1478,-0.66,0.92,3.3149,3.2243,7.4027,0
10.967,113,-28,43,7.88,66.30,208.9,1538,1478,-0.66,0.92,3.3149,3.2243,7.4027,0
10.984,115,-28,43,8.02,66.30,208.9,1540,1478,-0.66,0.92,3.3432,2.7177,8.3359,0
11.001,116,-28,43,8.09,66.30,208.9,1538,1478,-0.66,0.92,3.3432,2.7177,8.3359,0
11.018,115,-28,43,8.02,66.30,208.9,1530,1478,-0.66,0.92,3.3432,2.7177,8.3359,0
11.035,116,-28,43,8.09,66.30,208.9,1533,1478,-0.66,0.92,3.3432,2.7177,8.3359,0
11.052,116,-28,43,8.09,66.30,208.9,1531,1478,-0.66,0.92,3.3432,2.7177,8.3359,0
11.070,117,-28,43,8.16,66.30,208.9,1533,1478,-0.66,0.92,3.3432,2.7177,8.3359,0
11.088,117,-28,43,8.16,66.30,208.9,1531,1478,-0.66,0.92,3.3432,2.7177,8.3359,0
11.105,118,-28,43,8.23,66.30,208.9,1534,1478,-0.66,0.92,3.3432,2.7177,8.3359,0
11.122,118,-28,43,8.23,66.30,208.9,1531,1478,-0.66,0.92,3.3432,2.7177,8.3359,0
11.139,118,-28,43,8.23,66.30,208.9,1530,1478,-0.66,0.92,3.3432,2.7177,8.3359,0
11.156,119,-28,43,8.30,66.30,208.9,1533,1478,-0.66,0.92,3.3432,2.7177,8.3359,0
11.173,120,-28,43,8.37,66.30,208.9,1535,1478,-0.27,0.40,3.3432,2.7177,8.3359,0
11.190,121,-28,43,8.44,66.30,208.9,1536,1478,-0.27,0.40,3.3432,2.7177,8.3359,0
11.207,121,-28,43,8.44,66.30,208.9,1533,1478,-0.27,0.40,3.3432,2.7177,8.3359,0
11.224,121,-28,43,8.44,66.30,208.9,1531,1478,-0.27,0.40,3.4457,2.6697,8.2498,0
11.241,124,-29,42,8.86,67.88,209.3,1542,1478,-0.27,0.40,3.4457,2.6697,8.2498,0
11.258,125,-29,42,8.93,67.88,209.3,1540,1478,-0.27,0.40,3.4457,2.6697,8.2498,0
11.275,126,-29,42,9.00,67.88,209.3,1539,1478,-0.27,0.40,3.4457,2.6697,8.2498,0
11.292,126,-29,42,9.00,67.88,209.3,1535,1478,-0.27,0.40,3.4457,2.6697,8.2498,0
11.309,126,-29,42,9.00,67.88,209.3,1533,1478,-0.27,0.40,3.4457,2.6697,8.2498,0
11.326,126,-29,42,9.00,67.88,209.3,1532,1478,-0.27,0.40,3.4457,2.6697,8.2498,0
11.343,126,-29,42,9.00,67.88,209.3,1532,1478,-0.27,0.40,3.4457,2.6697,8.2498,0
11.360,126,-29,42,9.00,67.88,209.3,1531,1478,-0.27,0.40,3.4457,2.6697,8.2498,0
11.377,123,-29,42,8.79,67.88,209.3,1522,1478,-0.27,0.40,3.4457,2.6697,8.2498,0
11.394,122,-29,42,8.71,67.88,209.3,1522,1478,-0.27,0.40,3.4457,2.6697,8.2498,0
11.411,120,-29,42,8.57,67.88,209.3,1522,1478,-0.27,0.40,3.4457,2.6697,8.2498,0
11.428,118,-29,42,8.43,67.88,209.3,1522,1478,-0.10,-0.43,3.4457,2.6697,8.2498,0
11.445,116,-30,41,8.49,69.53,209.6,1522,1478,-0.10,-0.43,3.4457,2.6697,8.2498,0
11.462,115,-30,41,8.41,69.53,209.6,1522,1478,-0.10,-0.43,3.4457,2.6697,8.2498,0
11.479,112,-30,41,8.20,69.53,209.6,1522,1478,-0.10,-0.43,2.6331,2.6126,8.4109,0
11.496,110,-30,41,8.05,69.53,209.6,1522,1478,-0.10,-0.43,2.6331,2.6126,8.4109,0
11.513,108,-30,41,7.90,69.53,209.6,1522,1478,-0.10,-0.43,2.6331,2.6126,8.4109,0
11.530,106,-30,41,7.76,69.53,209.6,1522,1478,-0.10,-0.43,2.6331,2.6126,8.4109,0
11.547,104,-30,41,7.61,69.53,209.6,1522,1478,-0.10,-0.43,2.6331,2.6126,8.4109,0
11.564,101,-30,41,7.39,69.53,209.6,1522,1478,-0.10,-0.43,2.6331,2.6126,8.4109,0
11.582,99,-30,41,7.24,69.53,209.6,1522,1478,-0.10,-0.43,2.6331,2.6126,8.4109,0
11.599,96,-30,41,7.02,69.53,209.6,1522,1478,-0.10,-0.43,2.6331,2.6126,8.4109,0
11.616,94,-31,40,7.05,71.27,210.0,1522,1478,-0.10,-0.43,2.6331,2.6126,8.4109,0
11.633,91,-30,41,6.66,69.53,209.6,1522,1478,-0.10,-0.43,2.6331,2.6126,8.4109,0
11.651,87,-31,40,6.53,71.27,210.0,1478,1478,-0.10,-0.43,2.6331,2.6126,8.4109,0
11.668,84,-31,40,6.30,71.27,210.0,1500,1478,-0.93,-0.85,2.6331,2.6126,8.4109,0
11.686,81,-31,40,6.08,71.27,210.0,1500,1478,-0.93,-0.85,2.6331,2.6126,8.4109,0
11.703,77,-31,40,5.78,71.27,210.0,1478,1478,-0.93,-0.85,2.6331,2.6126,8.4109,0
11.721,71,-31,40,5.33,71.27,210.0,1478,1478,-0.93,-0.85,2.6331,2.6126,8.4109,0
11.738,67,-31,40,5.03,71.27,210.0,1478,1478,-0.93,-0.85,3.5934,2.2450,8.1092,0
11.755,65,-31,40,4.88,71.27,210.0,1478,1478,-0.93,-0.85,3.5934,2.2450,8.1092,0
11.772,62,-31,40,4.65,71.27,210.0,1478,1478,-0.93,-0.85,3.5934,2.2450,8.1092,0
11.789,59,-31,40,4.42,71.27,210.0,1478,1478,-0.93,-0.85,3.5934,2.2450,8.1092,0
11.806,56,-31,40,4.20,71.27,210.0,1478,1478,-0.93,-0.85,3.5934,2.2450,8.1092,0
11.823,53,-31,40,3.98,71.27,210.0,1478,1478,-0.93,-0.85,3.5934,2.2450,8.1092,0
11.840,50,-31,40,3.75,71.27,210.0,1478,1478,-0.93,-0.85,3.5934,2.2450,8.1092,0
11.857,46,-31,40,3.45,71.27,210.0,1478,1478,-0.93,-0.85,3.5934,2.2450,8.1092,0
11.874,43,-31,40,3.23,71.27,210.0,1478,1478,-0.93,-0.85,3.5934,2.2450,8.1092,0
11.891,39,-32,39,3.00,73.10,210.3,1478,1478,-0.93,-0.85,3.5934,2.2450,8.1092,0
11.908,36,-32,39,2.77,73.10,210.3,1478,1478,-0.93,-0.85,3.5934,2.2450,8.1092,0
11.925,33,-32,39,2.54,73.10,210.3,1478,1478,-1.60,-1.09,3.5934,2.2450,8.1092,0
11.942,29,-31,40,2.17,71.27,210.0,1478,1478,-1.60,-1.09,3.5934,2.2450,8.1092,0
11.959,26,-32,39,2.00,73.10,210.3,1478,1478,-1.60,-1.09,3.5934,2.2450,8.1092,0
11.976,22,-32,39,1.69,73.10,210.3,1478,1478,-1.60,-1.09,3.5934,2.2450,8.1092,0
11.993,18,-32,39,1.38,73.10,210.3,1478,1478,-1.60,-1.09,3.5012,2.4329,8.5223,0
12.010,15,-32,39,1.15,73.10,210.3,1478,1478,-1.60,-1.09,3.5012,2.4329,8.5223,0
12.027,12,-32,39,0.92,73.10,210.3,1478,1478,-1.60,-1.09,3.5012,2.4329,8.5223,0
12.044,8,-32,39,0.62,73.10,210.3,1477,1478,-1.60,-1.09,3.5012,2.4329,8.5223,0
12.061,4,-32,39,0.31,73.10,210.3,1475,1478,-1.60,-1.09,3.5012,2.4329,8.5223,0
12.078,1,-32,39,0.08,73.10,210.3,1477,1478,-1.60,-1.09,3.5012,2.4329,8.5223,0
12.095,-3,-32,39,-0.23,73.10,210.3,1474,1478,-1.60,-1.09,3.5012,2.4329,8.5223,0
12.112,-6,-32,39,-0.46,73.10,210.3,1475,1478,-1.60,-1.09,3.5012,2.4329,8.5223,0
12.129,-9,-32,39,-0.69,73.10,210.3,1476,1478,-1.60,-1.09,3.5012,2.4329,8.5223,0
12.146,-12,-32,39,-0.92,73.10,210.3,1476,1478,-1.60,-1.09,3.5012,2.4329,8.5223,0
12.163,-15,-32,39,-1.15,73.10,210.3,1476,1478,-2.85,-1.04,3.5012,2.4329,8.5223,0
12.182,-18,-32,39,-1.38,73.10,210.3,1475,1478,-2.85,-1.04,3.5012,2.4329,8.5223,0
12.199,-20,-32,39,-1.54,73.10,210.3,1478,1478,-2.85,-1.04,3.5012,2.4329,8.5223,0
12.216,-23,-33,38,-1.82,75.02,210.7,1476,1478,-2.85,-1.04,3.5012,2.4329,8.5223,0
12.233,-24,-32,39,-1.85,73.10,210.3,1478,1478,-2.85,-1.04,3.8374,2.0184,8.9938,0
12.250,-26,-33,38,-2.05,75.02,210.7,1478,1478,-2.85,-1.04,3.8374,2.0184,8.9938,0
12.267,-28,-33,38,-2.21,75.02,210.7,1478,1478,-2.85,-1.04,3.8374,2.0184,8.9938,0
12.285,-29,-33,38,-2.29,75.02,210.7,1478,1478,-2.85,-1.04,3.8374,2.0184,8.9938,0
12.302,-30,-33,38,-2.37,75.02,210.7,1478,1478,-2.85,-1.04,3.8374,2.0184,8.9938,0
12.319,-31,-33,38,-2.45,75.02,210.7,1478,1478,-2.85,-1.04,3.8374,2.0184,8.9938,0
12.336,-32,-33,38,-2.53,75.02,210.7,1478,1478,-2.85,-1.04,3.8374,2.0184,8.9938,0
12.353,-33,-33,38,-2.61,75.02,210.7,1478,1478,-2.85,-1.04,3.8374,2.0184,8.9938,0
12.370,-33,-33,38,-2.61,75.02,210.7,1478,1478,-2.85,-1.04,3.8374,2.0184,8.9938,0
12.388,-33,-33,38,-2.61,75.02,210.7,1478,1478,-2.85,-1.04,3.8374,2.0184,8.9938,0
12.405,-34,-33,38,-2.68,75.02,210.7,1478,1478,-2.85,-1.04,3.8374,2.0184,8.9938,0
12.422,-34,-33,38,-2.68,75.02,210.7,1478,1478,-2.89,-0.94,3.8374,2.0184,8.9938,0
12.439,-34,-32,39,-2.62,73.10,210.3,1478,1478,-2.89,-0.94,3.8374,2.0184,8.9938,0
12.456,-33,-33,38,-2.61,75.02,210.7,1478,1478,-2.89,-0.94,3.8374,2.0184,8.9938,0
12.473,-33,-32,39,-2.54,73.10,210.3,1478,1478,-2.89,-0.94,3.8374,2.0184,8.9938,0
12.490,-33,-32,39,-2.54,73.10,210.3,1478,1478,-2.89,-0.94,3.3613,2.0966,8.5155,0
12.507,-32,-32,39,-2.46,73.10,210.3,1478,1478,-2.89,-0.94,3.3613,2.0966,8.5155,0
12.524,-31,-32,39,-2.38,73.10,210.3,1478,1478,-2.89,-0.94,3.3613,2.0966,8.5155,0
12.541,-30,-32,39,-2.31,73.10,210.3,1478,1478,-2.89,-0.94,3.3613,2.0966,8.5155,0
12.558,-29,-33,38,-2.29,75.02,210.7,1500,1478,-2.89,-0.94,3.3613,2.0966,8.5155,0
12.575,-28,-33,38,-2.21,75.02,210.7,1500,1478,-2.89,-0.94,3.3613,2.0966,8.5155,0
12.592,-28,-33,38,-2.21,75.02,210.7,1478,1478,-2.89,-0.94,3.3613,2.0966,8.5155,0
12.609,-27,-33,38,-2.13,75.02,210.7,1478,1478,-2.89,-0.94,3.3613,2.0966,8.5155,0
12.626,-26,-33,38,-2.05,75.02,210.7,1500,1478,-2.89,-0.94,3.3613,2.0966,8.5155,0
12.643,-26,-32,39,-2.00,73.10,210.3,1478,1478,-2.89,-0.94,3.3613,2.0966,8.5155,0
12.660,-25,-33,38,-1.97,75.02,210.7,1478,1478,-2.89,-0.94,3.3613,2.0966,8.5155,0
12.677,-24,-32,39,-1.85,73.10,210.3,1500,1478,-2.51,-1.04,3.3613,2.0966,8.5155,0
12.694,-23,-33,38,-1.82,75.02,210.7,1500,1478,-2.51,-1.04,3.3613,2.0966,8.5155,0
12.711,-23,-32,39,-1.77,73.10,210.3,1478,1478,-2.51,-1.04,3.3613,2.0966,8.5155,0
12.728,-22,-32,39,-1.69,73.10,210.3,1500,1478,-2.51,-1.04,3.4042,3.1177,8.3204,0
12.745,-21,-32,39,-1.62,73.10,210.3,1500,1478,-2.51,-1.04,3.4042,3.1177,8.3204,0
12.762,-20,-32,39,-1.54,73.10,210.3,1522,1478,-2.51,-1.04,3.4042,3.1177,8.3204,0
12.779,-18,-32,39,-1.38,73.10,210.3,1522,1478,-2.51,-1.04,3.4042,3.1177,8.3204,0
12.796,-17,-32,39,-1.31,73.10,210.3,1522,1478,-2.51,-1.04,3.4042,3.1177,8.3204,0
12.813,-17,-32,39,-1.31,73.10,210.3,1500,1478,-2.51,-1.04,3.4042,3.1177,8.3204,0
12.830,-16,-32,39,-1.23,73.10,210.3,1522,1478,-2.51,-1.04,3.4042,3.1177,8.3204,0
12.847,-16,-32,39,-1.23,73.10,210.3,1478,1478,-2.51,-1.04,3.4042,3.1177,8.3204,0
12.864,-15,-32,39,-1.15,73.10,210.3,1522,1478,-2.51,-1.04,3.4042,3.1177,8.3204,0
12.881,-15,-32,39,-1.15,73.10,210.3,1478,1478,-2.51,-1.04,3.4042,3.1177,8.3204,0
12.898,-14,-32,39,-1.08,73.10,210.3,1522,1478,-2.51,-1.04,3.4042,3.1177,8.3204,0
12.915,-14,-32,39,-1.08,73.10,210.3,1478,1478,-2.20,-0.74,3.4042,3.1177,8.3204,0
12.932,-14,-32,39,-1.08,73.10,210.3,1478,1478,-2.20,-0.74,3.4042,3.1177,8.3204,0
12.949,-13,-32,39,-1.00,73.10,210.3,1500,1478,-2.20,-0.74,3.4042,3.1177,8.3204,0
12.966,-12,-32,39,-0.92,73.10,210.3,1522,1478,-2.20,-0.74,3.4042,3.1177,8.3204,0
12.983,-11,-32,39,-0.85,73.10,210.3,1522,1478,-2.20,-0.74,3.3101,2.7150,8.2827,0
13.000,-10,-32,39,-0.77,73.10,210.3,1522,1478,-2.20,-0.74,3.3101,2.7150,8.2827,0
13.018,-9,-32,39,-0.69,73.10,210.3,1522,1478,-2.20,-0.74,3.3101,2.7150,8.2827,0
13.037,-8,-32,39,-0.62,73.10,210.3,1522,1478,-2.20,-0.74,3.3101,2.7150,8.2827,0
13.054,-6,-32,39,-0.46,73.10,210.3,1522,1478,-2.20,-0.74,3.3101,2.7150,8.2827,0
13.071,-5,-32,39,-0.38,73.10,210.3,1522,1478,-2.20,-0.74,3.3101,2.7150,8.2827,0
13.088,-4,-32,39,-0.31,73.10,210.3,1522,1478,-2.20,-0.74,3.3101,2.7150,8.2827,0
13.105,-3,-32,39,-0.23,73.10,210.3,1522,1478,-2.20,-0.74,3.3101,2.7150,8.2827,0
13.122,-1,-32,39,-0.08,73.10,210.3,1522,1478,-2.20,-0.74,3.3101,2.7150,8.2827,0
13.139,0,-32,39,0.00,73.10,210.3,1522,1478,-2.20,-0.74,3.3101,2.7150,8.2827,0
13.156,2,-32,39,0.15,73.10,210.3,1522,1478,-2.20,-0.74,3.3101,2.7150,8.2827,0
13.173,3,-33,38,0.24,75.02,210.7,1522,1478,-1.89,-0.08,3.3101,2.7150,8.2827,0
13.190,4,-32,39,0.31,73.10,210.3,1522,1478,-1.89,-0.08,3.3101,2.7150,8.2827,0
13.207,6,-32,39,0.46,73.10,210.3,1522,1478,-1.89,-0.08,3.3101,2.7150,8.2827,0
13.224,7,-32,39,0.54,73.10,210.3,1522,1478,-1.89,-0.08,3.3101,2.7150,8.2827,0
13.241,9,-32,39,0.69,73.10,210.3,1522,1478,-1.89,-0.08,3.4080,2.7344,9.4223,0
13.258,12,-32,39,0.92,73.10,210.3,1522,1478,-1.89,-0.08,3.4080,2.7344,9.4223,0
13.275,13,-32,39,1.00,73.10,210.3,1522,1478,-1.89,-0.08,3.4080,2.7344,9.4223,0
13.292,15,-32,39,1.15,73.10,210.3,1522,1478,-1.89,-0.08,3.4080,2.7344,9.4223,0
13.309,17,-32,39,1.31,73.10,210.3,1522,1478,-1.89,-0.08,3.4080,2.7344,9.4223,0
13.326,19,-32,39,1.46,73.10,210.3,1522,1478,-1.89,-0.08,3.4080,2.7344,9.4223,0
13.343,20,-33,38,1.58,75.02,210.7,1522,1478,-1.89,-0.08,3.4080,2.7344,9.4223,0
13.360,22,-33,38,1.74,75.02,210.7,1522,1478,-1.89,-0.08,3.4080,2.7344,9.4223,0
13.377,23,-33,38,1.82,75.02,210.7,1522,1478,-1.89,-0.08,3.4080,2.7344,9.4223,0
13.394,25,-33,38,1.97,75.02,210.7,1522,1478,-1.89,-0.08,3.4080,2.7344,9.4223,0
13.411,27,-33,38,2.13,75.02,210.7,1522,1478,-1.89,-0.08,3.4080,2.7344,9.4223,0
13.428,27,-33,38,2.13,75.02,210.7,1522,1478,-1.88,-0.03,3.4080,2.7344,9.4223,0
13.445,29,-33,38,2.29,75.02,210.7,1522,1478,-1.88,-0.03,3.4080,2.7344,9.4223,0
13.462,34,-33,38,2.68,75.02,210.7,1530,1478,-1.88,-0.03,3.4080,2.7344,9.4223,0
13.479,36,-33,38,2.84,75.02,210.7,1527,1478,-1.88,-0.03,3.2219,2.7008,7.7755,0
13.496,38,-33,38,3.00,75.02,210.7,1525,1478,-1.88,-0.03,3.2219,2.7008,7.7755,0
13.513,41,-33,38,3.24,75.02,210.7,1528,1478,-1.88,-0.03,3.2219,2.7008,7.7755,0
13.530,43,-33,38,3.39,75.02,210.7,1527,1478,-1.88,-0.03,3.2219,2.7008,7.7755,0
13.547,46,-33,38,3.63,75.02,210.7,1530,1478,-1.88,-0.03,3.2219,2.7008,7.7755,0
13.564,49,-33,38,3.87,75.02,210.7,1532,1478,-1.88,-0.03,3.2219,2.7008,7.7755,0
13.582,52,-33,38,4.11,75.02,210.7,1533,1478,-1.88,-0.03,3.2219,2.7008,7.7755,0
13.599,54,-33,38,4.26,75.02,210.7,1530,1478,-1.88,-0.03,3.2219,2.7008,7.7755,0
13.616,57,-33,38,4.50,75.02,210.7,1533,1478,-1.88,-0.03,3.2219,2.7008,7.7755,0
13.634,60,-34,37,4.86,77.05,211.0,1535,1478,-1.88,-0.03,3.2219,2.7008,7.7755,0
13.651,64,-34,37,5.19,77.05,211.0,1540,1478,-1.88,-0.03,3.2219,2.7008,7.7755,0
13.668,67,-34,37,5.43,77.05,211.0,1539,1478,-0.87,-0.53,3.2219,2.7008,7.7755,0
13.686,74,-34,37,6.00,77.05,211.0,1553,1478,-0.87,-0.53,3.2219,2.7008,7.7755,0
13.703,78,-34,37,6.32,77.05,211.0,1551,1478,-0.87,-0.53,3.2219,2.7008,7.7755,0
13.720,81,-34,37,6.57,77.05,211.0,1546,1478,-0.87,-0.53,3.2219,2.7008,7.7755,0
13.737,86,-34,37,6.97,77.05,211.0,1552,1478,-0.87,-0.53,2.9268,2.7014,7.7375,0
13.754,89,-35,36,7.42,79.19,211.4,1548,1478,-0.87,-0.53,2.9268,2.7014,7.7375,0
13.771,93,-35,36,7.75,79.19,211.4,1550,1478,-0.87,-0.53,2.9268,2.7014,7.7375,0
13.788,97,-35,36,8.08,79.19,211.4,1552,1478,-0.87,-0.53,2.9268,2.7014,7.7375,0
13.805,101,-35,36,8.42,79.19,211.4,1553,1478,-0.87,-0.53,2.9268,2.7014,7.7375,0
13.822,104,-35,36,8.67,79.19,211.4,1550,1478,-0.87,-0.53,2.9268,2.7014,7.7375,0
13.839,107,-35,36,8.92,79.19,211.4,1549,1478,-0.87,-0.53,2.9268,2.7014,7.7375,0
13.856,110,-35,36,9.17,79.19,211.4,1549,1478,-0.87,-0.53,2.9268,2.7014,7.7375,0
13.873,114,-35,36,9.50,79.19,211.4,1553,1478,-0.87,-0.53,2.9268,2.7014,7.7375,0
13.890,116,-35,36,9.67,79.19,211.4,1548,1478,-0.87,-0.53,2.9268,2.7014,7.7375,0
13.907,118,-36,35,10.11,81.45,211.8,1546,1478,-0.87,-0.53,2.9268,2.7014,7.7375,0
13.924,121,-36,35,10.37,81.45,211.8,1549,1478,1.27,-1.09,2.9268,2.7014,7.7375,0
13.941,122,-36,35,10.46,81.45,211.8,1543,1478,1.27,-1.09,2.9268,2.7014,7.7375,0
13.958,124,-36,35,10.63,81.45,211.8,1544,1478,1.27,-1.09,2.9268,2.7014,7.7375,0
13.975,125,-37,34,11.03,83.85,212.1,1541,1478,1.27,-1.09,3.0753,2.8975,8.9915,0
13.992,127,-37,34,11.21,83.85,212.1,1544,1478,1.27,-1.09,3.0753,2.8975,8.9915,0
14.009,127,-37,34,11.21,83.85,212.1,1537,1478,1.27,-1.09,3.0753,2.8975,8.9915,0
14.026,128,-37,34,11.29,83.85,212.1,1538,1478,1.27,-1.09,3.0753,2.8975,8.9915,0
14.043,127,-37,34,11.21,83.85,212.1,1531,1478,1.27,-1.09,3.0753,2.8975,8.9915,0
14.060,127,-37,34,11.21,83.85,212.1,1531,1478,1.27,-1.09,3.0753,2.8975,8.9915,0
14.077,126,-37,34,11.12,83.85,212.1,1528,1478,1.27,-1.09,3.0753,2.8975,8.9915,0
14.093,125,-37,34,11.03,83.85,212.1,1526,1478,1.27,-1.09,3.0753,2.8975,8.9915,0
14.110,124,-37,34,10.94,83.85,212.1,1524,1478,1.27,-1.09,3.0753,2.8975,8.9915,0
14.128,122,-38,33,11.09,86.39,212.4,1522,1478,1.27,-1.09,3.0753,2.8975,8.9915,0
14.145,120,-38,33,10.91,86.39,212.4,1522,1478,1.27,-1.09,3.0753,2.8975,8.9915,0
14.162,118,-38,33,10.73,86.39,212.4,1522,1478,1.77,-1.47,3.0753,2.8975,8.9915,0
14.179,116,-38,33,10.55,86.39,212.4,1522,1478,1.77,-1.47,3.0753,2.8975,8.9915,0
14.196,113,-38,33,10.27,86.39,212.4,1522,1478,1.77,-1.47,3.0753,2.8975,8.9915,0
14.213,111,-38,33,10.09,86.39,212.4,1522,1478,1.77,-1.47,3.0753,2.8975,8.9915,0
14.230,109,-38,33,9.91,86.39,212.4,1522,1478,1.77,-1.47,3.4189,2.7149,8.6287,0
14.247,107,-38,33,9.73,86.39,212.4,1522,1478,1.77,-1.47,3.4189,2.7149,8.6287,0
14.264,105,-39,32,9.84,89.09,212.8,1522,1478,1.77,-1.47,3.4189,2.7149,8.6287,0
14.281,104,-39,32,9.75,89.09,212.8,1522,1478,1.77,-1.47,3.4189,2.7149,8.6287,0
14.298,102,-39,32,9.56,89.09,212.8,1522,1478,1.77,-1.47,3.4189,2.7149,8.6287,0
14.318,98,-39,32,9.19,89.09,212.8,1522,1478,1.77,-1.47,3.4189,2.7149,8.6287,0
14.335,95,-40,31,9.19,91.96,213.1,1522,1478,1.77,-1.47,3.4189,2.7149,8.6287,0
14.352,94,-40,31,9.10,91.96,213.1,1522,1478,1.77,-1.47,3.4189,2.7149,8.6287,0
14.369,92,-40,31,8.90,91.96,213.1,1522,1478,1.77,-1.47,3.4189,2.7149,8.6287,0
14.386,90,-40,31,8.71,91.96,213.1,1522,1478,1.77,-1.47,3.4189,2.7149,8.6287,0
14.403,88,-40,31,8.52,91.96,213.1,1522,1478,1.77,-1.47,3.4189,2.7149,8.6287,0
14.420,86,-40,31,8.32,91.96,213.1,1522,1478,1.02,-1.64,3.4189,2.7149,8.6287,0
14.437,83,-40,31,8.03,91.96,213.1,1522,1478,1.02,-1.64,3.4189,2.7149,8.6287,0
14.454,81,-41,30,8.10,95.03,213.5,1522,1478,1.02,-1.64,3.4189,2.7149,8.6287,0
14.471,78,-41,30,7.80,95.03,213.5,1522,1478,1.02,-1.64,3.4189,2.7149,8.6287,0
14.488,75,-41,30,7.50,95.03,213.5,1478,1478,1.02,-1.64,3.0414,2.6847,7.7851,0
14.505,72,-41,30,7.20,95.03,213.5,1478,1478,1.02,-1.64,3.0414,2.6847,7.7851,0
14.522,69,-41,30,6.90,95.03,213.5,1478,1478,1.02,-1.64,3.0414,2.6847,7.7851,0
14.539,66,-41,30,6.60,95.03,213.5,1478,1478,1.02,-1.64,3.0414,2.6847,7.7851,0
14.556,61,-41,30,6.10,95.03,213.5,1478,1478,1.02,-1.64,3.0414,2.6847,7.7851,0
14.573,58,-41,30,5.80,95.03,213.5,1478,1478,1.02,-1.64,3.0414,2.6847,7.7851,0
14.590,54,-41,30,5.40,95.03,213.5,1478,1478,1.02,-1.64,3.0414,2.6847,7.7851,0
14.607,49,-41,30,4.90,95.03,213.5,1478,1478,1.02,-1.64,3.0414,2.6847,7.7851,0
14.624,45,-41,30,4.50,95.03,213.5,1478,1478,1.02,-1.64,3.0414,2.6847,7.7851,0
14.641,40,-41,30,4.00,95.03,213.5,1478,1478,1.02,-1.64,3.0414,2.6847,7.7851,0
14.658,35,-41,30,3.50,95.03,213.5,1475,1478,1.02,-1.64,3.0414,2.6847,7.7851,0
14.675,30,-42,29,3.10,98.31,213.8,1473,1478,0.10,-1.58,3.0414,2.6847,7.7851,0
14.692,26,-42,29,2.69,98.31,213.8,1476,1478,0.10,-1.58,3.0414,2.6847,7.7851,0
14.709,21,-42,29,2.17,98.31,213.8,1473,1478,0.10,-1.58,3.0414,2.6847,7.7851,0
14.726,16,-42,29,1.66,98.31,213.8,1470,1478,0.10,-1.58,2.4608,2.5694,7.1784,0
14.743,10,-42,29,1.03,98.31,213.8,1465,1478,0.10,-1.58,2.4608,2.5694,7.1784,0
14.760,5,-42,29,0.52,98.31,213.8,1465,1478,0.10,-1.58,2.4608,2.5694,7.1784,0
14.777,0,-42,29,0.00,98.31,213.8,1465,1478,0.10,-1.58,2.4608,2.5694,7.1784,0
14.795,-6,-42,29,-0.62,98.31,213.8,1460,1478,0.10,-1.58,2.4608,2.5694,7.1784,0
14.812,-11,-42,29,-1.14,98.31,213.8,1461,1478,0.10,-1.58,2.4608,2.5694,7.1784,0
14.829,-17,-43,28,-1.82,101.82,214.2,1457,1478,0.10,-1.58,2.4608,2.5694,7.1784,0
14.846,-22,-43,28,-2.36,101.82,214.2,1458,1478,0.10,-1.58,2.4608,2.5694,7.1784,0
14.863,-28,-42,29,-2.90,98.31,213.8,1454,1478,0.10,-1.58,2.4608,2.5694,7.1784,0
14.880,-33,-43,28,-3.54,101.82,214.2,1455,1478,0.10,-1.58,2.4608,2.5694,7.1784,0
14.897,-39,-43,28,-4.18,101.82,214.2,1451,1478,0.10,-1.58,2.4608,2.5694,7.1784,0
14.914,-44,-43,28,-4.71,101.82,214.2,1452,1478,-1.42,-1.78,2.4608,2.5694,7.1784,0
14.931,0,0,0,0.00,-1.00,0.0,1451,1478,-1.42,-1.78,2.4608,2.5694,7.1784,0
14.949,-54,-43,28,-5.79,101.82,214.2,1468,1478,-1.42,-1.78,2.4608,2.5694,7.1784,0
14.967,-59,-43,28,-6.32,101.82,214.2,1459,1478,-1.42,-1.78,2.4608,2.5694,7.1784,0
14.984,-70,-43,28,-7.50,101.82,214.2,1432,1478,-1.42,-1.78,2.6600,3.3426,8.1155,0
15.001,-70,-43,28,-7.50,101.82,214.2,1457,1478,-1.42,-1.78,2.6600,3.3426,8.1155,0
15.018,-80,-43,28,-8.57,101.82,214.2,1433,1478,-1.42,-1.78,2.6600,3.3426,8.1155,0
15.035,-84,-44,27,-9.33,105.59,214.5,1442,1478,-1.42,-1.78,2.6600,3.3426,8.1155,0
15.052,-88,-44,27,-9.78,105.59,214.5,1446,1478,-1.42,-1.78,2.6600,3.3426,8.1155,0
15.069,-92,-43,28,-9.86,101.82,214.2,1447,1478,-1.42,-1.78,2.6600,3.3426,8.1155,0
15.086,-96,-44,27,-10.67,105.59,214.5,1447,1478,-1.42,-1.78,2.6600,3.3426,8.1155,0
15.103,0,0,0,0.00,-1.00,0.0,1446,1478,-1.42,-1.78,2.6600,3.3426,8.1155,0
15.120,-101,-44,27,-11.22,105.59,214.5,1461,1478,-1.42,-1.78,2.6600,3.3426,8.1155,0
15.137,-104,-44,27,-11.56,105.59,214.5,1457,1478,-1.42,-1.78,2.6600,3.3426,8.1155,0
15.154,-107,-44,27,-11.89,105.59,214.5,1454,1478,-1.42,-1.78,2.6600,3.3426,8.1155,0
15.171,-110,-44,27,-12.22,105.59,214.5,1453,1478,-2.99,-2.03,2.6600,3.3426,8.1155,0
15.188,-113,-45,26,-13.04,109.65,214.9,1451,1478,-2.99,-2.03,2.6600,3.3426,8.1155,0
15.205,-116,-45,26,-13.38,109.65,214.9,1450,1478,-2.99,-2.03,2.6600,3.3426,8.1155,0
15.222,-118,-45,26,-13.62,109.65,214.9,1453,1478,-2.99,-2.03,2.6600,3.3426,8.1155,0
15.239,-120,-45,26,-13.85,109.65,214.9,1455,1478,-2.99,-2.03,2.8520,3.8461,9.0172,0
15.256,-123,-45,26,-14.19,109.65,214.9,1451,1478,-2.99,-2.03,2.8520,3.8461,9.0172,0
15.273,-124,-45,26,-14.31,109.65,214.9,1457,1478,-2.99,-2.03,2.8520,3.8461,9.0172,0
15.290,-126,-45,26,-14.54,109.65,214.9,1455,1478,-2.99,-2.03,2.8520,3.8461,9.0172,0
15.307,-127,-45,26,-14.65,109.65,214.9,1458,1478,-2.99,-2.03,2.8520,3.8461,9.0172,0
15.324,-128,-45,26,-14.77,109.65,214.9,1460,1478,-2.99,-2.03,2.8520,3.8461,9.0172,0
15.341,-128,-45,26,-14.77,109.65,214.9,1464,1478,-2.99,-2.03,2.8520,3.8461,9.0172,0
15.358,-129,-45,26,-14.88,109.65,214.9,1462,1478,-2.99,-2.03,2.8520,3.8461,9.0172,0
15.375,-129,-45,26,-14.88,109.65,214.9,1465,1478,-2.99,-2.03,2.8520,3.8461,9.0172,0
15.392,-129,-45,26,-14.88,109.65,214.9,1467,1478,-2.99,-2.03,2.8520,3.8461,9.0172,0
15.409,-130,-45,26,-15.00,109.65,214.9,1464,1478,-2.71,-2.30,2.8520,3.8461,9.0172,0
15.426,-129,-45,26,-14.88,109.65,214.9,1470,1478,-2.71,-2.30,2.8520,3.8461,9.0172,0
15.443,-129,-45,26,-14.88,109.65,214.9,1469,1478,-2.71,-2.30,2.8520,3.8461,9.0172,0
15.460,-129,-46,25,-15.48,114.04,215.2,1469,1478,-2.71,-2.30,2.8520,3.8461,9.0172,0
15.477,-128,-46,25,-15.36,114.04,215.2,1472,1478,-2.71,-2.30,3.1323,3.8017,8.9900,0
15.495,-128,-46,25,-15.36,114.04,215.2,1470,1478,-2.71,-2.30,3.1323,3.8017,8.9900,0
15.512,-127,-46,25,-15.24,114.04,215.2,1473,1478,-2.71,-2.30,3.1323,3.8017,8.9900,0
15.529,-126,-46,25,-15.12,114.04,215.2,1475,1478,-2.71,-2.30,3.1323,3.8017,8.9900,0
15.546,-125,-46,25,-15.00,114.04,215.2,1476,1478,-2.71,-2.30,3.1323,3.8017,8.9900,0
15.563,-125,-46,25,-15.00,114.04,215.2,1472,1478,-2.71,-2.30,3.1323,3.8017,8.9900,0
15.580,-124,-46,25,-14.88,114.04,215.2,1474,1478,-2.71,-2.30,3.1323,3.8017,8.9900,0
15.597,-123,-46,25,-14.76,114.04,215.2,1476,1478,-2.71,-2.30,3.1323,3.8017,8.9900,0
15.615,-122,-46,25,-14.64,114.04,215.2,1476,1478,-2.71,-2.30,3.1323,3.8017,8.9900,0
15.632,-122,-46,25,-14.64,114.04,215.2,1473,1478,-2.71,-2.30,3.1323,3.8017,8.9900,0
15.649,-121,-46,25,-14.52,114.04,215.2,1475,1478,-2.71,-2.30,3.1323,3.8017,8.9900,0
15.666,-120,-46,25,-14.40,114.04,215.2,1476,1478,-1.56,-2.52,3.1323,3.8017,8.9900,0
15.683,-120,-46,25,-14.40,114.04,215.2,1473,1478,-1.56,-2.52,3.1323,3.8017,8.9900,0
15.700,-119,-46,25,-14.28,114.04,215.2,1476,1478,-1.56,-2.52,3.1323,3.8017,8.9900,0
15.718,-119,-46,25,-14.28,114.04,215.2,1473,1478,-1.56,-2.52,3.1323,3.8017,8.9900,0
15.735,-119,-46,25,-14.28,114.04,215.2,1472,1478,-1.56,-2.52,2.7118,3.6690,8.9283,0
15.752,-118,-46,25,-14.16,114.04,215.2,1475,1478,-1.56,-2.52,2.7118,3.6690,8.9283,0
15.769,-117,-46,25,-14.04,114.04,215.2,1477,1478,-1.56,-2.52,2.7118,3.6690,8.9283,0
15.786,-116,-47,24,-14.50,118.79,215.6,1478,1478,-1.56,-2.52,2.7118,3.6690,8.9283,0
15.803,-115,-47,24,-14.38,118.79,215.6,1478,1478,-1.56,-2.52,2.7118,3.6690,8.9283,0
15.820,-114,-47,24,-14.25,118.79,215.6,1478,1478,-1.56,-2.52,2.7118,3.6690,8.9283,0
15.837,-112,-47,24,-14.00,118.79,215.6,1478,1478,-1.56,-2.52,2.7118,3.6690,8.9283,0
15.854,-110,-47,24,-13.75,118.79,215.6,1478,1478,-1.56,-2.52,2.7118,3.6690,8.9283,0
15.871,-108,-47,24,-13.50,118.79,215.6,1478,1478,-1.56,-2.52,2.7118,3.6690,8.9283,0
15.888,-107,-47,24,-13.38,118.79,215.6,1478,1478,-1.56,-2.52,2.7118,3.6690,8.9283,0
15.905,-106,-47,24,-13.25,118.79,215.6,1478,1478,-1.56,-2.52,2.7118,3.6690,8.9283,0
15.922,-104,-47,24,-13.00,118.79,215.6,1478,1478,-1.26,-2.59,2.7118,3.6690,8.9283,0
15.939,-103,-47,24,-12.88,118.79,215.6,1478,1478,-1.26,-2.59,2.7118,3.6690,8.9283,0
15.956,-103,-47,24,-12.88,118.79,215.6,1478,1478,-1.26,-2.59,2.7118,3.6690,8.9283,0
15.973,-102,-47,24,-12.75,118.79,215.6,1478,1478,-1.26,-2.59,2.7507,3.3610,8.5385,0
15.990,-101,-47,24,-12.62,118.79,215.6,1478,1478,-1.26,-2.59,2.7507,3.3610,8.5385,0
16.007,-101,-47,24,-12.62,118.79,215.6,1478,1478,-1.26,-2.59,2.7507,3.3610,8.5385,0
16.024,-100,-47,24,-12.50,118.79,215.6,1478,1478,-1.26,-2.59,2.7507,3.3610,8.5385,0
16.040,-100,-47,24,-12.50,118.79,215.6,1478,1478,-1.26,-2.59,2.7507,3.3610,8.5385,0
16.058,-99,-47,24,-12.38,118.79,215.6,1478,1478,-1.26,-2.59,2.7507,3.3610,8.5385,0
16.075,-99,-47,24,-12.38,118.79,215.6,1478,1478,-1.26,-2.59,2.7507,3.3610,8.5385,0
16.091,-98,-47,24,-12.25,118.79,215.6,1478,1478,-1.26,-2.59,2.7507,3.3610,8.5385,0
16.108,-97,-47,24,-12.12,118.79,215.6,1478,1478,-1.26,-2.59,2.7507,3.3610,8.5385,0
16.125,-97,-47,24,-12.12,118.79,215.6,1478,1478,-1.26,-2.59,2.7507,3.3610,8.5385,0
16.143,-96,-47,24,-12.00,118.79,215.6,1478,1478,-1.26,-2.59,2.7507,3.3610,8.5385,0
16.160,-95,-47,24,-11.88,118.79,215.6,1478,1478,-1.26,-2.59,2.7507,3.3610,8.5385,0
16.177,-94,-47,24,-11.75,118.79,215.6,1478,1478,-1.18,-3.22,2.7507,3.3610,8.5385,0
16.194,-93,-47,24,-11.62,118.79,215.6,1478,1478,-1.18,-3.22,2.7507,3.3610,8.5385,0
16.211,-93,-47,24,-11.62,118.79,215.6,1478,1478,-1.18,-3.22,2.7507,3.3610,8.5385,0
16.228,-92,-47,24,-11.50,118.79,215.6,1478,1478,-1.18,-3.22,2.2049,3.3552,7.9699,0
16.245,-92,-47,24,-11.50,118.79,215.6,1478,1478,-1.18,-3.22,2.2049,3.3552,7.9699,0
16.262,-92,-47,24,-11.50,118.79,215.6,1478,1478,-1.18,-3.22,2.2049,3.3552,7.9699,0
16.279,-91,-47,24,-11.38,118.79,215.6,1478,1478,-1.18,-3.22,2.2049,3.3552,7.9699,0
16.296,-91,-47,24,-11.38,118.79,215.6,1478,1478,-1.18,-3.22,2.2049,3.3552,7.9699,0
16.313,-90,-47,24,-11.25,118.79,215.6,1478,1478,-1.18,-3.22,2.2049,3.3552,7.9699,0
16.331,-90,-47,24,-11.25,118.79,215.6,1478,1478,-1.18,-3.22,2.2049,3.3552,7.9699,0
16.348,-89,-47,24,-11.12,118.79,215.6,1478,1478,-1.18,-3.22,2.2049,3.3552,7.9699,0
16.365,-89,-47,24,-11.12,118.79,215.6,1478,1478,-1.18,-3.22,2.2049,3.3552,7.9699,0
16.383,-88,-47,24,-11.00,118.79,215.6,1478,1478,-1.18,-3.22,2.2049,3.3552,7.9699,0
16.400,-87,-47,24,-10.88,118.79,215.6,1478,1478,-1.18,-3.22,2.2049,3.3552,7.9699,0
16.417,-87,-47,24,-10.88,118.79,215.6,1478,1478,-1.09,-2.65,2.2049,3.3552,7.9699,0
16.434,-87,-47,24,-10.88,118.79,215.6,1478,1478,-1.09,-2.65,2.2049,3.3552,7.9699,0
16.452,-86,-47,24,-10.75,118.79,215.6,1478,1478,-1.09,-2.65,2.2049,3.3552,7.9699,0
16.469,-85,-47,24,-10.62,118.79,215.6,1478,1478,-1.09,-2.65,2.2049,3.3552,7.9699,0
16.486,-85,-47,24,-10.62,118.79,215.6,1478,1478,-1.09,-2.65,2.8399,3.2049,7.9398,0
16.503,-85,-47,24,-10.62,118.79,215.6,1478,1478,-1.09,-2.65,2.8399,3.2049,7.9398,0
16.523,-83,-46,25,-9.96,114.04,215.2,1478,1478,-1.09,-2.65,2.8399,3.2049,7.9398,0
16.540,-81,-46,25,-9.72,114.04,215.2,1478,1478,-1.09,-2.65,2.8399,3.2049,7.9398,0
16.557,-80,-46,25,-9.60,114.04,215.2,1478,1478,-1.09,-2.65,2.8399,3.2049,7.9398,0
16.574,-79,-46,25,-9.48,114.04,215.2,1478,1478,-1.09,-2.65,2.8399,3.2049,7.9398,0
16.591,-79,-46,25,-9.48,114.04,215.2,1478,1478,-1.09,-2.65,2.8399,3.2049,7.9398,0
16.608,-78,-46,25,-9.36,114.04,215.2,1478,1478,-1.09,-2.65,2.8399,3.2049,7.9398,0
16.625,-77,-46,25,-9.24,114.04,215.2,1478,1478,-1.09,-2.65,2.8399,3.2049,7.9398,0
16.642,-77,-46,25,-9.24,114.04,215.2,1478,1478,-1.09,-2.65,2.8399,3.2049,7.9398,0
16.659,-76,-46,25,-9.12,114.04,215.2,1478,1478,-1.09,-2.65,2.8399,3.2049,7.9398,0
16.676,-76,-47,24,-9.50,118.79,215.6,1478,1478,-0.95,-2.19,2.8399,3.2049,7.9398,0
16.693,-76,-46,25,-9.12,114.04,215.2,1478,1478,-0.95,-2.19,2.8399,3.2049,7.9398,0
16.710,-76,-47,24,-9.50,118.79,215.6,1478,1478,-0.95,-2.19,2.8399,3.2049,7.9398,0
16.727,-76,-47,24,-9.50,118.79,215.6,1478,1478,-0.95,-2.19,1.6643,4.1099,6.6692,0
16.745,-76,-46,25,-9.12,114.04,215.2,1478,1478,-0.95,-2.19,1.6643,4.1099,6.6692,0
16.762,-76,-46,25,-9.12,114.04,215.2,1478,1478,-0.95,-2.19,1.6643,4.1099,6.6692,0
16.779,-76,-46,25,-9.12,114.04,215.2,1478,1478,-0.95,-2.19,1.6643,4.1099,6.6692,0
16.796,-76,-46,25,-9.12,114.04,215.2,1478,1478,-0.95,-2.19,1.6643,4.1099,6.6692,0
16.813,-76,-46,25,-9.12,114.04,215.2,1478,1478,-0.95,-2.19,1.6643,4.1099,6.6692,0
16.831,-76,-46,25,-9.12,114.04,215.2,1478,1478,-0.95,-2.19,1.6643,4.1099,6.6692,0
16.849,-77,-46,25,-9.24,114.04,215.2,1478,1478,-0.95,-2.19,1.6643,4.1099,6.6692,0
16.866,-77,-46,25,-9.24,114.04,215.2,1478,1478,-0.95,-2.19,1.6643,4.1099,6.6692,0
16.883,-78,-46,25,-9.36,114.04,215.2,1477,1478,-0.95,-2.19,1.6643,4.1099,6.6692,0
16.900,-78,-46,25,-9.36,114.04,215.2,1478,1478,-0.95,-2.19,1.6643,4.1099,6.6692,0
16.917,-78,-46,25,-9.36,114.04,215.2,1478,1478,-1.16,-2.14,1.6643,4.1099,6.6692,0
16.934,-79,-46,25,-9.48,114.04,215.2,1477,1478,-1.16,-2.14,1.6643,4.1099,6.6692,0
16.951,-79,-46,25,-9.48,114.04,215.2,1478,1478,-1.16,-2.14,1.6643,4.1099,6.6692,0
16.968,-80,-46,25,-9.60,114.04,215.2,1476,1478,-1.16,-2.14,1.6643,4.1099,6.6692,0
16.985,-80,-45,26,-9.23,109.65,214.9,1478,1478,-1.16,-2.14,3.0662,3.3120,8.8544,0
17.002,-80,-45,26,-9.23,109.65,214.9,1478,1478,-1.16,-2.14,3.0662,3.3120,8.8544,0
17.019,-80,-45,26,-9.23,109.65,214.9,1478,1478,-1.16,-2.14,3.0662,3.3120,8.8544,0
17.036,-80,-45,26,-9.23,109.65,214.9,1478,1478,-1.16,-2.14,3.0662,3.3120,8.8544,0
17.053,-80,-45,26,-9.23,109.65,214.9,1478,1478,-1.16,-2.14,3.0662,3.3120,8.8544,0
17.070,-80,-45,26,-9.23,109.65,214.9,1478,1478,-1.16,-2.14,3.0662,3.3120,8.8544,0
17.087,-80,-45,26,-9.23,109.65,214.9,1478,1478,-1.16,-2.14,3.0662,3.3120,8.8544,0
17.104,-80,-45,26,-9.23,109.65,214.9,1478,1478,-1.16,-2.14,3.0662,3.3120,8.8544,0
17.121,-80,-45,26,-9.23,109.65,214.9,1478,1478,-1.16,-2.14,3.0662,3.3120,8.8544,0
17.138,-79,-45,26,-9.12,109.65,214.9,1478,1478,-1.16,-2.14,3.0662,3.3120,8.8544,0
17.155,0,0,0,0.00,-1.00,0.0,1478,1478,-1.16,-2.14,3.0662,3.3120,8.8544,0
17.172,-79,-45,26,-9.12,109.65,214.9,1478,1478,-1.38,-1.79,3.0662,3.3120,8.8544,0
17.189,-78,-45,26,-9.00,109.65,214.9,1478,1478,-1.38,-1.79,3.0662,3.3120,8.8544,0
17.206,-78,-45,26,-9.00,109.65,214.9,1478,1478,-1.38,-1.79,3.0662,3.3120,8.8544,0
17.223,-78,-45,26,-9.00,109.65,214.9,1478,1478,-1.38,-1.79,2.9462,2.9088,9.1369,0
17.240,-77,-45,26,-8.88,109.65,214.9,1478,1478,-1.38,-1.79,2.9462,2.9088,9.1369,0
17.257,-76,-45,26,-8.77,109.65,214.9,1478,1478,-1.38,-1.79,2.9462,2.9088,9.1369,0
17.274,-76,-45,26,-8.77,109.65,214.9,1478,1478,-1.38,-1.79,2.9462,2.9088,9.1369,0
17.291,-77,-44,27,-8.56,105.59,214.5,1478,1478,-1.38,-1.79,2.9462,2.9088,9.1369,0
17.308,-77,-44,27,-8.56,105.59,214.5,1478,1478,-1.38,-1.79,2.9462,2.9088,9.1369,0
17.325,-77,-44,27,-8.56,105.59,214.5,1478,1478,-1.38,-1.79,2.9462,2.9088,9.1369,0
17.342,-78,-44,27,-8.67,105.59,214.5,1477,1478,-1.38,-1.79,2.9462,2.9088,9.1369,0
17.359,-79,-44,27,-8.78,105.59,214.5,1475,1478,-1.38,-1.79,2.9462,2.9088,9.1369,0
17.376,-79,-44,27,-8.78,105.59,214.5,1478,1478,-1.38,-1.79,2.9462,2.9088,9.1369,0
17.393,-79,-44,27,-8.78,105.59,214.5,1478,1478,-1.38,-1.79,2.9462,2.9088,9.1369,0
17.410,-80,-44,27,-8.89,105.59,214.5,1476,1478,-1.38,-1.79,2.9462,2.9088,9.1369,0
17.427,-81,-44,27,-9.00,105.59,214.5,1475,1478,-1.80,-1.79,2.9462,2.9088,9.1369,0
17.444,-82,-44,27,-9.11,105.59,214.5,1474,1478,-1.80,-1.79,2.9462,2.9088,9.1369,0
17.461,-84,-44,27,-9.33,105.59,214.5,1469,1478,-1.80,-1.79,2.9462,2.9088,9.1369,0
17.478,-85,-44,27,-9.44,105.59,214.5,1471,1478,-1.80,-1.79,2.5164,3.3146,8.5862,0
17.498,-87,-44,27,-9.67,105.59,214.5,1468,1478,-1.80,-1.79,2.5164,3.3146,8.5862,0
17.515,-88,-44,27,-9.78,105.59,214.5,1470,1478,-1.80,-1.79,2.5164,3.3146,8.5862,0
17.532,-89,-43,28,-9.54,101.82,214.2,1470,1478,-1.80,-1.79,2.5164,3.3146,8.5862,0
17.549,-89,-43,28,-9.54,101.82,214.2,1474,1478,-1.80,-1.79,2.5164,3.3146,8.5862,0
17.566,-90,-43,28,-9.64,101.82,214.2,1472,1478,-1.80,-1.79,2.5164,3.3146,8.5862,0
17.583,-90,-43,28,-9.64,101.82,214.2,1475,1478,-1.80,-1.79,2.5164,3.3146,8.5862,0
17.600,-90,-43,28,-9.64,101.82,214.2,1477,1478,-1.80,-1.79,2.5164,3.3146,8.5862,0
17.617,-90,-43,28,-9.64,101.82,214.2,1477,1478,-1.80,-1.79,2.5164,3.3146,8.5862,0
17.634,-89,-43,28,-9.54,101.82,214.2,1478,1478,-1.80,-1.79,2.5164,3.3146,8.5862,0
17.651,-88,-43,28,-9.43,101.82,214.2,1478,1478,-1.80,-1.79,2.5164,3.3146,8.5862,0
17.668,-88,-43,28,-9.43,101.82,214.2,1478,1478,-1.99,-1.83,2.5164,3.3146,8.5862,0
17.685,-87,-43,28,-9.32,101.82,214.2,1478,1478,-1.99,-1.83,2.5164,3.3146,8.5862,0
17.702,-85,-43,28,-9.11,101.82,214.2,1478,1478,-1.99,-1.83,2.5164,3.3146,8.5862,0
17.719,-84,-43,28,-9.00,101.82,214.2,1478,1478,-1.99,-1.83,2.5164,3.3146,8.5862,0
17.736,-83,-43,28,-8.89,101.82,214.2,1478,1478,-1.99,-1.83,2.4801,2.9075,7.8505,0
17.753,-81,-43,28,-8.68,101.82,214.2,1478,1478,-1.99,-1.83,2.4801,2.9075,7.8505,0
17.770,-80,-42,29,-8.28,98.31,213.8,1478,1478,-1.99,-1.83,2.4801,2.9075,7.8505,0
17.788,-78,-42,29,-8.07,98.31,213.8,1478,1478,-1.99,-1.83,2.4801,2.9075,7.8505,0
17.804,-75,-42,29,-7.76,98.31,213.8,1478,1478,-1.99,-1.83,2.4801,2.9075,7.8505,0
17.822,-73,-42,29,-7.55,98.31,213.8,1478,1478,-1.99,-1.83,2.4801,2.9075,7.8505,0
17.839,-71,-42,29,-7.34,98.31,213.8,1478,1478,-1.99,-1.83,2.4801,2.9075,7.8505,0
17.855,-69,-42,29,-7.14,98.31,213.8,1478,1478,-1.99,-1.83,2.4801,2.9075,7.8505,0
17.872,-68,-42,29,-7.03,98.31,213.8,1478,1478,-1.99,-1.83,2.4801,2.9075,7.8505,0
17.889,-66,-42,29,-6.83,98.31,213.8,1478,1478,-1.99,-1.83,2.4801,2.9075,7.8505,0
17.906,-64,-42,29,-6.62,98.31,213.8,1478,1478,-1.54,-1.29,2.4801,2.9075,7.8505,0
17.923,-63,-42,29,-6.52,98.31,213.8,1478,1478,-1.54,-1.29,2.4801,2.9075,7.8505,0
17.940,-62,-42,29,-6.41,98.31,213.8,1478,1478,-1.54,-1.29,2.4801,2.9075,7.8505,0
17.957,-61,-42,29,-6.31,98.31,213.8,1478,1478,-1.54,-1.29,2.4801,2.9075,7.8505,0
17.975,-60,-42,29,-6.21,98.31,213.8,1478,1478,-1.54,-1.29,2.0004,3.4178,6.9562,0
17.992,-59,-42,29,-6.10,98.31,213.8,1478,1478,-1.54,-1.29,2.0004,3.4178,6.9562,0
18.010,-59,-41,30,-5.90,95.03,213.5,1478,1478,-1.54,-1.29,2.0004,3.4178,6.9562,0
18.027,-58,-41,30,-5.80,95.03,213.5,1478,1478,-1.54,-1.29,2.0004,3.4178,6.9562,0
18.044,-58,-41,30,-5.80,95.03,213.5,1478,1478,-1.54,-1.29,2.0004,3.4178,6.9562,0
18.061,-58,-41,30,-5.80,95.03,213.5,1478,1478,-1.54,-1.29,2.0004,3.4178,6.9562,0
18.080,-58,-41,30,-5.80,95.03,213.5,1478,1478,-1.54,-1.29,2.0004,3.4178,6.9562,0
18.097,-58,-41,30,-5.80,95.03,213.5,1478,1478,-1.54,-1.29,2.0004,3.4178,6.9562,0
18.115,-59,-41,30,-5.90,95.03,213.5,1478,1478,-1.54,-1.29,2.0004,3.4178,6.9562,0
18.132,-59,-41,30,-5.90,95.03,213.5,1478,1478,-1.54,-1.29,2.0004,3.4178,6.9562,0
18.149,-59,-41,30,-5.90,95.03,213.5,1478,1478,-1.54,-1.29,2.0004,3.4178,6.9562,0
18.166,-59,-40,31,-5.71,91.96,213.1,1478,1478,-1.61,-0.66,2.0004,3.4178,6.9562,0
18.183,-59,-40,31,-5.71,91.96,213.1,1478,1478,-1.61,-0.66,2.0004,3.4178,6.9562,0
18.200,-59,-41,30,-5.90,95.03,213.5,1478,1478,-1.61,-0.66,2.0004,3.4178,6.9562,0
18.217,-59,-40,31,-5.71,91.96,213.1,1478,1478,-1.61,-0.66,2.0004,3.4178,6.9562,0
18.234,-59,-40,31,-5.71,91.96,213.1,1478,1478,-1.61,-0.66,2.4662,3.3469,7.9497,0
18.251,-58,-40,31,-5.61,91.96,213.1,1478,1478,-1.61,-0.66,2.4662,3.3469,7.9497,0
18.268,-58,-40,31,-5.61,91.96,213.1,1478,1478,-1.61,-0.66,2.4662,3.3469,7.9497,0
18.285,-57,-40,31,-5.52,91.96,213.1,1478,1478,-1.61,-0.66,2.4662,3.3469,7.9497,0
18.302,-56,-40,31,-5.42,91.96,213.1,1478,1478,-1.61,-0.66,2.4662,3.3469,7.9497,0
18.319,-55,-40,31,-5.32,91.96,213.1,1478,1478,-1.61,-0.66,2.4662,3.3469,7.9497,0
18.335,-54,-40,31,-5.23,91.96,213.1,1478,1478,-1.61,-0.66,2.4662,3.3469,7.9497,0
18.352,-53,-40,31,-5.13,91.96,213.1,1478,1478,-1.61,-0.66,2.4662,3.3469,7.9497,0
18.369,-51,-40,31,-4.94,91.96,213.1,1478,1478,-1.61,-0.66,2.4662,3.3469,7.9497,0
18.386,-50,-40,31,-4.84,91.96,213.1,1478,1478,-1.61,-0.66,2.4662,3.3469,7.9497,0
18.403,-47,-40,31,-4.55,91.96,213.1,1522,1478,-1.61,-0.66,2.4662,3.3469,7.9497,0
18.420,-45,-39,32,-4.22,89.09,212.8,1522,1478,-1.35,-0.76,2.4662,3.3469,7.9497,0
18.437,-43,-39,32,-4.03,89.09,212.8,1522,1478,-1.35,-0.76,2.4662,3.3469,7.9497,0
18.454,-41,-40,31,-3.97,91.96,213.1,1522,1478,-1.35,-0.76,2.4662,3.3469,7.9497,0
18.471,-39,-40,31,-3.77,91.96,213.1,1522,1478,-1.35,-0.76,3.4160,3.5069,9.2470,0
18.488,-37,-39,32,-3.47,89.09,212.8,1522,1478,-1.35,-0.76,3.4160,3.5069,9.2470,0
18.505,-34,-39,32,-3.19,89.09,212.8,1522,1478,-1.35,-0.76,3.4160,3.5069,9.2470,0
18.522,-32,-39,32,-3.00,89.09,212.8,1522,1478,-1.35,-0.76,3.4160,3.5069,9.2470,0
18.539,-29,-39,32,-2.72,89.09,212.8,1522,1478,-1.35,-0.76,3.4160,3.5069,9.2470,0
18.556,-27,-39,32,-2.53,89.09,212.8,1522,1478,-1.35,-0.76,3.4160,3.5069,9.2470,0
18.573,-24,-39,32,-2.25,89.09,212.8,1522,1478,-1.35,-0.76,3.4160,3.5069,9.2470,0
18.590,-22,-39,32,-2.06,89.09,212.8,1522,1478,-1.35,-0.76,3.4160,3.5069,9.2470,0
18.607,-20,-39,32,-1.88,89.09,212.8,1522,1478,-1.35,-0.76,3.4160,3.5069,9.2470,0
18.624,-17,-39,32,-1.59,89.09,212.8,1522,1478,-1.35,-0.76,3.4160,3.5069,9.2470,0
18.641,-14,-39,32,-1.31,89.09,212.8,1522,1478,-1.35,-0.76,3.4160,3.5069,9.2470,0
18.658,-12,-39,32,-1.12,89.09,212.8,1522,1478,-0.88,-0.64,3.4160,3.5069,9.2470,0
18.675,-9,-39,32,-0.84,89.09,212.8,1522,1478,-0.88,-0.64,3.4160,3.5069,9.2470,0
18.692,-6,-39,32,-0.56,89.09,212.8,1522,1478,-0.88,-0.64,3.4160,3.5069,9.2470,0
18.709,-3,-39,32,-0.28,89.09,212.8,1522,1478,-0.88,-0.64,3.4160,3.5069,9.2470,0
18.726,-1,-39,32,-0.09,89.09,212.8,1522,1478,-0.88,-0.64,2.7586,3.1086,9.1537,0
18.744,1,-39,32,0.09,89.09,212.8,1522,1478,-0.88,-0.64,2.7586,3.1086,9.1537,0
18.761,3,-39,32,0.28,89.09,212.8,1522,1478,-0.88,-0.64,2.7586,3.1086,9.1537,0
18.780,5,-38,33,0.45,86.39,212.4,1522,1478,-0.88,-0.64,2.7586,3.1086,9.1537,0
18.797,7,-39,32,0.66,89.09,212.8,1522,1478,-0.88,-0.64,2.7586,3.1086,9.1537,0
18.814,11,-39,32,1.03,89.09,212.8,1523,1478,-0.88,-0.64,2.7586,3.1086,9.1537,0
18.831,13,-38,33,1.18,86.39,212.4,1522,1478,-0.88,-0.64,2.7586,3.1086,9.1537,0
18.848,15,-38,33,1.36,86.39,212.4,1522,1478,-0.88,-0.64,2.7586,3.1086,9.1537,0
18.865,17,-38,33,1.55,86.39,212.4,1522,1478,-0.88,-0.64,2.7586,3.1086,9.1537,0
18.882,18,-38,33,1.64,86.39,212.4,1522,1478,-0.88,-0.64,2.7586,3.1086,9.1537,0
18.899,19,-38,33,1.73,86.39,212.4,1522,1478,-0.88,-0.64,2.7586,3.1086,9.1537,0
18.916,20,-38,33,1.82,86.39,212.4,1522,1478,-0.69,-0.44,2.7586,3.1086,9.1537,0
18.933,21,-38,33,1.91,86.39,212.4,1522,1478,-0.69,-0.44,2.7586,3.1086,9.1537,0
18.950,22,-37,34,1.94,83.85,212.1,1522,1478,-0.69,-0.44,2.7586,3.1086,9.1537,0
18.967,24,-37,34,2.12,83.85,212.1,1522,1478,-0.69,-0.44,2.7586,3.1086,9.1537,0
18.984,25,-37,34,2.21,83.85,212.1,1522,1478,-0.69,-0.44,1.6824,3.7125,6.4540,0
19.001,26,-37,34,2.29,83.85,212.1,1522,1478,-0.69,-0.44,1.6824,3.7125,6.4540,0
19.018,27,-37,34,2.38,83.85,212.1,1522,1478,-0.69,-0.44,1.6824,3.7125,6.4540,0
19.035,29,-37,34,2.56,83.85,212.1,1522,1478,-0.69,-0.44,1.6824,3.7125,6.4540,0
19.052,31,-37,34,2.74,83.85,212.1,1522,1478,-0.69,-0.44,1.6824,3.7125,6.4540,0
19.069,33,-37,34,2.91,83.85,212.1,1522,1478,-0.69,-0.44,1.6824,3.7125,6.4540,0
19.086,36,-37,34,3.18,83.85,212.1,1526,1478,-0.69,-0.44,1.6824,3.7125,6.4540,0
19.103,38,-37,34,3.35,83.85,212.1,1525,1478,-0.69,-0.44,1.6824,3.7125,6.4540,0
19.120,41,-37,34,3.62,83.85,212.1,1528,1478,-0.69,-0.44,1.6824,3.7125,6.4540,0
19.137,43,-37,34,3.79,83.85,212.1,1526,1478,-0.69,-0.44,1.6824,3.7125,6.4540,0
19.154,45,-36,35,3.86,81.45,211.8,1526,1478,-0.69,-0.44,1.6824,3.7125,6.4540,0
19.171,48,-37,34,4.24,83.85,212.1,1530,1478,-0.36,-0.91,1.6824,3.7125,6.4540,0
19.188,50,-37,34,4.41,83.85,212.1,1528,1478,-0.36,-0.91,1.6824,3.7125,6.4540,0
19.205,52,-37,34,4.59,83.85,212.1,1528,1478,-0.36,-0.91,1.6824,3.7125,6.4540,0
19.222,54,-37,34,4.76,83.85,212.1,1527,1478,-0.36,-0.91,2.6037,2.9080,7.9240,0
19.239,57,-37,34,5.03,83.85,212.1,1532,1478,-0.36,-0.91,2.6037,2.9080,7.9240,0
19.256,58,-37,34,5.12,83.85,212.1,1526,1478,-0.36,-0.91,2.6037,2.9080,7.9240,0
19.273,60,-37,34,5.29,83.85,212.1,1528,1478,-0.36,-0.91,2.6037,2.9080,7.9240,0
19.290,61,-37,34,5.38,83.85,212.1,1525,1478,-0.36,-0.91,2.6037,2.9080,7.9240,0
19.307,61,-37,34,5.38,83.85,212.1,1522,1478,-0.36,-0.91,2.6037,2.9080,7.9240,0
19.324,62,-36,35,5.31,81.45,211.8,1522,1478,-0.36,-0.91,2.6037,2.9080,7.9240,0
19.341,62,-37,34,5.47,83.85,212.1,1522,1478,-0.36,-0.91,2.6037,2.9080,7.9240,0
19.358,62,-37,34,5.47,83.85,212.1,1522,1478,-0.36,-0.91,2.6037,2.9080,7.9240,0
19.375,63,-37,34,5.56,83.85,212.1,1522,1478,-0.36,-0.91,2.6037,2.9080,7.9240,0
19.394,64,-36,35,5.49,81.45,211.8,1522,1478,-0.36,-0.91,2.6037,2.9080,7.9240,0
19.413,65,-36,35,5.57,81.45,211.8,1522,1478,-0.46,-1.40,2.6037,2.9080,7.9240,0
19.430,66,-36,35,5.66,81.45,211.8,1522,1478,-0.46,-1.40,2.6037,2.9080,7.9240,0
19.447,68,-37,34,6.00,83.85,212.1,1527,1478,-0.46,-1.40,2.6037,2.9080,7.9240,0
19.464,70,-36,35,6.00,81.45,211.8,1529,1478,-0.46,-1.40,2.6037,2.9080,7.9240,0
19.481,72,-36,35,6.17,81.45,211.8,1531,1478,-0.46,-1.40,2.3215,3.0711,7.3484,0
19.498,73,-36,35,6.26,81.45,211.8,1528,1478,-0.46,-1.40,2.3215,3.0711,7.3484,0
19.515,75,-36,35,6.43,81.45,211.8,1530,1478,-0.46,-1.40,2.3215,3.0711,7.3484,0
19.532,76,-36,35,6.51,81.45,211.8,1528,1478,-0.46,-1.40,2.3215,3.0711,7.3484,0
19.549,77,-36,35,6.60,81.45,211.8,1527,1478,-0.46,-1.40,2.3215,3.0711,7.3484,0
19.566,78,-36,35,6.69,81.45,211.8,1527,1478,-0.46,-1.40,2.3215,3.0711,7.3484,0
19.583,79,-36,35,6.77,81.45,211.8,1527,1478,-0.46,-1.40,2.3215,3.0711,7.3484,0
19.600,79,-36,35,6.77,81.45,211.8,1523,1478,-0.46,-1.40,2.3215,3.0711,7.3484,0
19.617,79,-36,35,6.77,81.45,211.8,1522,1478,-0.46,-1.40,2.3215,3.0711,7.3484,0
19.634,79,-36,35,6.77,81.45,211.8,1522,1478,-0.46,-1.40,2.3215,3.0711,7.3484,0
19.651,78,-36,35,6.69,81.45,211.8,1522,1478,-0.46,-1.40,2.3215,3.0711,7.3484,0
19.668,77,-36,35,6.60,81.45,211.8,1522,1478,-0.06,-1.70,2.3215,3.0711,7.3484,0
19.685,75,-36,35,6.43,81.45,211.8,1522,1478,-0.06,-1.70,2.3215,3.0711,7.3484,0
19.702,73,-36,35,6.26,81.45,211.8,1522,1478,-0.06,-1.70,2.3215,3.0711,7.3484,0
19.719,71,-36,35,6.09,81.45,211.8,1522,1478,-0.06,-1.70,2.3215,3.0711,7.3484,0
19.736,68,-36,35,5.83,81.45,211.8,1500,1478,-0.06,-1.70,2.2527,2.7628,8.7191,0
19.753,66,-35,36,5.50,79.19,211.4,1522,1478,-0.06,-1.70,2.2527,2.7628,8.7191,0
19.770,63,-35,36,5.25,79.19,211.4,1478,1478,-0.06,-1.70,2.2527,2.7628,8.7191,0
19.787,60,-36,35,5.14,81.45,211.8,1478,1478,-0.06,-1.70,2.2527,2.7628,8.7191,0
19.803,58,-35,36,4.83,79.19,211.4,1478,1478,-0.06,-1.70,2.2527,2.7628,8.7191,0
19.820,55,-35,36,4.58,79.19,211.4,1478,1478,-0.06,-1.70,2.2527,2.7628,8.7191,0
19.837,51,-35,36,4.25,79.19,211.4,1478,1478,-0.06,-1.70,2.2527,2.7628,8.7191,0
19.854,48,-35,36,4.00,79.19,211.4,1478,1478,-0.06,-1.70,2.2527,2.7628,8.7191,0
19.871,45,-35,36,3.75,79.19,211.4,1478,1478,-0.06,-1.70,2.2527,2.7628,8.7191,0
19.888,42,-35,36,3.50,79.19,211.4,1478,1478,-0.06,-1.70,2.2527,2.7628,8.7191,0
19.905,38,-35,36,3.17,79.19,211.4,1478,1478,-0.06,-1.70,2.2527,2.7628,8.7191,0
19.922,35,-35,36,2.92,79.19,211.4,1478,1478,-0.86,-1.70,2.2527,2.7628,8.7191,0
19.939,32,-35,36,2.67,79.19,211.4,1478,1478,-0.86,-1.70,2.2527,2.7628,8.7191,0
19.956,29,-35,36,2.42,79.19,211.4,1478,1478,-0.86,-1.70,2.2527,2.7628,8.7191,0
19.973,26,-35,36,2.17,79.19,211.4,1478,1478,-0.86,-1.70,3.4506,2.7127,7.6901,0
19.990,23,-35,36,1.92,79.19,211.4,1478,1478,-0.86,-1.70,3.4506,2.7127,7.6901,0
20.007,20,-35,36,1.67,79.19,211.4,1478,1478,-0.86,-1.70,3.4506,2.7127,7.6901,0
20.024,17,-34,37,1.38,77.05,211.0,1478,1478,-0.86,-1.70,3.4506,2.7127,7.6901,0
20.042,14,-34,37,1.14,77.05,211.0,1478,1478,-0.86,-1.70,3.4506,2.7127,7.6901,0
20.059,11,-34,37,0.89,77.05,211.0,1478,1478,-0.86,-1.70,3.4506,2.7127,7.6901,0
20.076,8,-34,37,0.65,77.05,211.0,1478,1478,-0.86,-1.70,3.4506,2.7127,7.6901,0
20.094,5,-34,37,0.41,77.05,211.0,1478,1478,-0.86,-1.70,3.4506,2.7127,7.6901,0
20.111,3,-34,37,0.24,77.05,211.0,1478,1478,-0.86,-1.70,3.4506,2.7127,7.6901,0
20.128,0,-34,37,0.00,77.05,211.0,1478,1478,-0.86,-1.70,3.4506,2.7127,7.6901,0
20.145,-6,-34,37,-0.49,77.05,211.0,1468,1478,-0.86,-1.70,3.4506,2.7127,7.6901,0
20.162,-9,-34,37,-0.73,77.05,211.0,1472,1478,-1.13,-1.30,3.4506,2.7127,7.6901,0
20.180,-9,-34,37,-0.73,77.05,211.0,1478,1478,-1.13,-1.30,3.4506,2.7127,7.6901,0
20.197,-14,-33,38,-1.11,75.02,210.7,1474,1478,-1.13,-1.30,3.4506,2.7127,7.6901,0
20.214,-17,-33,38,-1.34,75.02,210.7,1474,1478,-1.13,-1.30,3.4506,2.7127,7.6901,0
20.231,-20,-33,38,-1.58,75.02,210.7,1474,1478,-1.13,-1.30,3.0437,3.0424,7.6616,0
20.248,-23,-33,38,-1.82,75.02,210.7,1473,1478,-1.13,-1.30,3.0437,3.0424,7.6616,0
20.265,-26,-33,38,-2.05,75.02,210.7,1473,1478,-1.13,-1.30,3.0437,3.0424,7.6616,0
20.282,-29,-33,38,-2.29,75.02,210.7,1472,1478,-1.13,-1.30,3.0437,3.0424,7.6616,0
20.299,-32,-33,38,-2.53,75.02,210.7,1471,1478,-1.13,-1.30,3.0437,3.0424,7.6616,0
20.316,-35,-32,39,-2.69,73.10,210.3,1471,1478,-1.13,-1.30,3.0437,3.0424,7.6616,0
20.333,-38,-32,39,-2.92,73.10,210.3,1470,1478,-1.13,-1.30,3.0437,3.0424,7.6616,0
20.350,-41,-32,39,-3.15,73.10,210.3,1469,1478,-1.13,-1.30,3.0437,3.0424,7.6616,0
20.367,-44,-32,39,-3.38,73.10,210.3,1468,1478,-1.13,-1.30,3.0437,3.0424,7.6616,0
20.384,-47,-32,39,-3.62,73.10,210.3,1468,1478,-1.13,-1.30,3.0437,3.0424,7.6616,0
20.401,-50,-32,39,-3.85,73.10,210.3,1467,1478,-1.13,-1.30,3.0437,3.0424,7.6616,0
20.418,-53,-32,39,-4.08,73.10,210.3,1466,1478,-1.43,-0.75,3.0437,3.0424,7.6616,0
20.435,-56,-32,39,-4.31,73.10,210.3,1465,1478,-1.43,-0.75,3.0437,3.0424,7.6616,0
20.452,-58,-31,40,-4.35,71.27,210.0,1468,1478,-1.43,-0.75,3.0437,3.0424,7.6616,0
20.469,-62,-31,40,-4.65,71.27,210.0,1462,1478,-1.43,-0.75,3.1842,2.9504,7.9262,0
20.486,-64,-31,40,-4.80,71.27,210.0,1466,1478,-1.43,-0.75,3.1842,2.9504,7.9262,0
20.503,-67,-31,40,-5.03,71.27,210.0,1464,1478,-1.43,-0.75,3.1842,2.9504,7.9262,0
20.520,-70,-31,40,-5.25,71.27,210.0,1462,1478,-1.43,-0.75,3.1842,2.9504,7.9262,0
20.537,-73,-31,40,-5.47,71.27,210.0,1461,1478,-1.43,-0.75,3.1842,2.9504,7.9262,0
20.554,-75,-30,41,-5.49,69.53,209.6,1464,1478,-1.43,-0.75,3.1842,2.9504,7.9262,0
20.571,-78,-30,41,-5.71,69.53,209.6,1462,1478,-1.43,-0.75,3.1842,2.9504,7.9262,0
20.588,-81,-30,41,-5.93,69.53,209.6,1460,1478,-1.43,-0.75,3.1842,2.9504,7.9262,0
20.605,-84,-30,41,-6.15,69.53,209.6,1459,1478,-1.43,-0.75,3.1842,2.9504,7.9262,0
20.622,-87,-30,41,-6.37,69.53,209.6,1458,1478,-1.43,-0.75,3.1842,2.9504,7.9262,0
20.639,-90,-30,41,-6.59,69.53,209.6,1457,1478,-1.43,-0.75,3.1842,2.9504,7.9262,0
20.656,-92,-30,41,-6.73,69.53,209.6,1460,1478,-1.43,-0.75,3.1842,2.9504,7.9262,0
20.673,-95,-29,42,-6.79,67.88,209.3,1457,1478,-1.82,-0.73,3.1842,2.9504,7.9262,0
20.690,-97,-30,41,-7.10,69.53,209.6,1459,1478,-1.82,-0.73,3.1842,2.9504,7.9262,0
20.707,-100,-29,42,-7.14,67.88,209.3,1456,1478,-1.82,-0.73,3.1842,2.9504,7.9262,0
20.724,-102,-29,42,-7.29,67.88,209.3,1458,1478,-1.82,-0.73,2.3194,3.2221,7.1240,0
20.741,-104,-29,42,-7.43,67.88,209.3,1459,1478,-1.82,-0.73,2.3194,3.2221,7.1240,0
20.758,-106,-29,42,-7.57,67.88,209.3,1459,1478,-1.82,-0.73,2.3194,3.2221,7.1240,0
20.775,-107,-28,43,-7.47,66.30,208.9,1463,1478,-1.82,-0.73,2.3194,3.2221,7.1240,0
20.792,-108,-28,43,-7.53,66.30,208.9,1464,1478,-1.82,-0.73,2.3194,3.2221,7.1240,0
20.809,-110,-28,43,-7.67,66.30,208.9,1462,1478,-1.82,-0.73,2.3194,3.2221,7.1240,0
20.829,-111,-27,44,-7.57,64.79,208.6,1464,1478,-1.82,-0.73,2.3194,3.2221,7.1240,0
20.846,-113,-28,43,-7.88,66.30,208.9,1461,1478,-1.82,-0.73,2.3194,3.2221,7.1240,0
20.863,-114,-28,43,-7.95,66.30,208.9,1463,1478,-1.82,-0.73,2.3194,3.2221,7.1240,0
20.880,-115,-27,44,-7.84,64.79,208.6,1464,1478,-1.82,-0.73,2.3194,3.2221,7.1240,0
20.897,-116,-27,44,-7.91,64.79,208.6,1464,1478,-1.82,-0.73,2.3194,3.2221,7.1240,0
20.915,-118,-27,44,-8.05,64.79,208.6,1460,1478,-2.11,-0.13,2.3194,3.2221,7.1240,0
20.932,-119,-26,45,-7.93,63.35,208.2,1462,1478,-2.11,-0.13,2.3194,3.2221,7.1240,0
20.948,-120,-26,45,-8.00,63.35,208.2,1462,1478,-2.11,-0.13,2.3194,3.2221,7.1240,0
20.965,-120,-27,44,-8.18,64.79,208.6,1466,1478,-2.11,-0.13,2.7460,1.9076,8.5250,0
20.982,-121,-26,45,-8.07,63.35,208.2,1465,1478,-2.11,-0.13,2.7460,1.9076,8.5250,0
20.999,-122,-27,44,-8.32,64.79,208.6,1464,1478,-2.11,-0.13,2.7460,1.9076,8.5250,0
21.016,-124,-26,45,-8.27,63.35,208.2,1459,1478,-2.11,-0.13,2.7460,1.9076,8.5250,0
21.033,-125,-26,45,-8.33,63.35,208.2,1460,1478,-2.11,-0.13,2.7460,1.9076,8.5250,0
21.050,-127,-26,45,-8.47,63.35,208.2,1457,1478,-2.11,-0.13,2.7460,1.9076,8.5250,0
21.067,-128,-26,45,-8.53,63.35,208.2,1459,1478,-2.11,-0.13,2.7460,1.9076,8.5250,0
21.084,-129,-26,45,-8.60,63.35,208.2,1460,1478,-2.11,-0.13,2.7460,1.9076,8.5250,0
21.101,-129,-26,45,-8.60,63.35,208.2,1464,1478,-2.11,-0.13,2.7460,1.9076,8.5250,0
21.118,-129,-26,45,-8.60,63.35,208.2,1466,1478,-2.11,-0.13,2.7460,1.9076,8.5250,0
21.135,-133,-25,46,-8.67,61.98,207.9,1452,1478,-2.11,-0.13,2.7460,1.9076,8.5250,0
21.152,-134,-25,46,-8.74,61.98,207.9,1456,1478,-2.11,-0.13,2.7460,1.9076,8.5250,0
21.169,-137,-24,47,-8.74,60.66,207.5,1450,1478,-2.17,-0.08,2.7460,1.9076,8.5250,0
21.186,-137,-24,47,-8.74,60.66,207.5,1458,1478,-2.17,-0.08,2.7460,1.9076,8.5250,0
21.203,-138,-23,48,-8.62,59.39,207.2,1458,1478,-2.17,-0.08,2.7460,1.9076,8.5250,0
21.220,-138,-23,48,-8.62,59.39,207.2,1462,1478,-2.17,-0.08,3.4424,2.6067,7.4527,0
21.237,-139,-23,48,-8.69,59.39,207.2,1460,1478,-2.17,-0.08,3.4424,2.6067,7.4527,0
21.254,-139,-23,48,-8.69,59.39,207.2,1463,1478,-2.17,-0.08,3.4424,2.6067,7.4527,0
21.271,-139,-23,48,-8.69,59.39,207.2,1464,1478,-2.17,-0.08,3.4424,2.6067,7.4527,0
21.288,-139,-23,48,-8.69,59.39,207.2,1465,1478,-2.17,-0.08,3.4424,2.6067,7.4527,0
21.305,-138,-22,49,-8.45,58.18,206.8,1469,1478,-2.17,-0.08,3.4424,2.6067,7.4527,0
21.322,-138,-22,49,-8.45,58.18,206.8,1467,1478,-2.17,-0.08,3.4424,2.6067,7.4527,0
21.339,-137,-22,49,-8.39,58.18,206.8,1470,1478,-2.17,-0.08,3.4424,2.6067,7.4527,0
21.356,-136,-22,49,-8.33,58.18,206.8,1472,1478,-2.17,-0.08,3.4424,2.6067,7.4527,0
21.373,-136,-21,50,-8.16,57.02,206.5,1469,1478,-2.17,-0.08,3.4424,2.6067,7.4527,0
21.391,-135,-21,50,-8.10,57.02,206.5,1472,1478,-2.17,-0.08,3.4424,2.6067,7.4527,0
21.408,-134,-21,50,-8.04,57.02,206.5,1473,1478,-1.99,0.09,3.4424,2.6067,7.4527,0
21.425,-133,-21,50,-7.98,57.02,206.5,1474,1478,-1.99,0.09,3.4424,2.6067,7.4527,0
21.443,-132,-20,51,-7.76,55.90,206.1,1474,1478,-1.99,0.09,3.4424,2.6067,7.4527,0
21.460,-130,-20,51,-7.65,55.90,206.1,1478,1478,-1.99,0.09,3.4424,2.6067,7.4527,0
21.477,-130,-20,51,-7.65,55.90,206.1,1473,1478,-1.99,0.09,2.8309,2.1844,8.1387,0
21.494,-129,-20,51,-7.59,55.90,206.1,1474,1478,-1.99,0.09,2.8309,2.1844,8.1387,0
21.511,-128,-20,51,-7.53,55.90,206.1,1475,1478,-1.99,0.09,2.8309,2.1844,8.1387,0
21.528,-128,-20,51,-7.53,55.90,206.1,1472,1478,-1.99,0.09,2.8309,2.1844,8.1387,0
21.545,-128,-19,52,-7.38,54.83,205.8,1478,1478,-1.99,0.09,2.8309,2.1844,8.1387,1
21.563,-128,-19,52,-7.38,54.83,205.8,1478,1478,-1.99,0.09,2.8309,2.1844,8.1387,1
21.580,-128,-19,52,-7.38,54.83,205.8,1478,1478,-1.99,0.09,2.8309,2.1844,8.1387,1
21.597,-127,-19,52,-7.33,54.83,205.8,1478,1478,-1.99,0.09,2.8309,2.1844,8.1387,1
21.614,-126,-18,53,-7.13,53.79,205.4,1478,1478,-1.99,0.09,2.8309,2.1844,8.1387,1
21.631,-125,-18,53,-7.08,53.79,205.4,1478,1478,-1.99,0.09,2.8309,2.1844,8.1387,1
21.648,-123,-18,53,-6.96,53.79,205.4,1478,1478,-1.99,0.09,2.8309,2.1844,8.1387,1
21.665,-122,-18,53,-6.91,53.79,205.4,1478,1478,-1.09,0.42,2.8309,2.1844,8.1387,1
21.682,-120,-18,53,-6.79,53.79,205.4,1478,1478,-1.09,0.42,2.8309,2.1844,8.1387,1
21.699,-117,-18,53,-6.62,53.79,205.4,1478,1478,-1.09,0.42,2.8309,2.1844,8.1387,1
21.716,-115,-18,53,-6.51,53.79,205.4,1478,1478,-1.09,0.42,2.8309,2.1844,8.1387,1
21.733,-113,-17,54,-6.28,52.79,205.1,1478,1478,-1.09,0.42,3.0367,2.3827,7.6227,1
21.750,-111,-17,54,-6.17,52.79,205.1,1478,1478,-1.09,0.42,3.0367,2.3827,7.6227,1
21.767,-107,-17,54,-5.94,52.79,205.1,1478,1478,-1.09,0.42,3.0367,2.3827,7.6227,1
21.784,-106,-17,54,-5.89,52.79,205.1,1478,1478,-1.09,0.42,3.0367,2.3827,7.6227,1
21.801,-103,-17,54,-5.72,52.79,205.1,1478,1478,-1.09,0.42,3.0367,2.3827,7.6227,1
21.818,-102,-17,54,-5.67,52.79,205.1,1478,1478,-1.09,0.42,3.0367,2.3827,7.6227,1
21.835,-100,-17,54,-5.56,52.79,205.1,1478,1478,-1.09,0.42,3.0367,2.3827,7.6227,1
21.852,-99,-16,55,-5.40,51.83,204.8,1478,1478,-1.09,0.42,3.0367,2.3827,7.6227,1
21.869,-97,-16,55,-5.29,51.83,204.8,1478,1478,-1.09,0.42,3.0367,2.3827,7.6227,1
21.886,-96,-16,55,-5.24,51.83,204.8,1478,1478,-1.09,0.42,3.0367,2.3827,7.6227,1
21.903,-95,-16,55,-5.18,51.83,204.8,1478,1478,-1.06,1.35,3.0367,2.3827,7.6227,1
21.920,-94,-16,55,-5.13,51.83,204.8,1478,1478,-1.06,1.35,3.0367,2.3827,7.6227,1
21.937,-93,-16,55,-5.07,51.83,204.8,1478,1478,-1.06,1.35,3.0367,2.3827,7.6227,1
21.954,-91,-16,55,-4.96,51.83,204.8,1478,1478,-1.06,1.35,3.0367,2.3827,7.6227,1
21.971,-90,-16,55,-4.91,51.83,204.8,1478,1478,-1.06,1.35,2.7612,2.4768,7.9055,1
21.988,-88,-16,55,-4.80,51.83,204.8,1478,1478,-1.06,1.35,2.7612,2.4768,7.9055,1
22.005,-87,-16,55,-4.75,51.83,204.8,1478,1478,-1.06,1.35,2.7612,2.4768,7.9055,1
22.022,-85,-16,55,-4.64,51.83,204.8,1478,1478,-1.06,1.35,2.7612,2.4768,7.9055,1
22.039,-83,-16,55,-4.53,51.83,204.8,1478,1478,-1.06,1.35,2.7612,2.4768,7.9055,1
22.056,-81,-16,55,-4.42,51.83,204.8,1478,1478,-1.06,1.35,2.7612,2.4768,7.9055,1
22.073,-79,-16,55,-4.31,51.83,204.8,1478,1478,-1.06,1.35,2.7612,2.4768,7.9055,1
22.090,-76,-16,55,-4.15,51.83,204.8,1500,1478,-1.06,1.35,2.7612,2.4768,7.9055,1
22.108,-73,-16,55,-3.98,51.83,204.8,1500,1478,-1.06,1.35,2.7612,2.4768,7.9055,1
22.125,-70,-16,55,-3.82,51.83,204.8,1522,1478,-1.06,1.35,2.7612,2.4768,7.9055,1
22.142,-68,-16,55,-3.71,51.83,204.8,1500,1478,-1.06,1.35,2.7612,2.4768,7.9055,1
22.159,-65,-16,55,-3.55,51.83,204.8,1522,1478,-1.06,1.35,2.7612,2.4768,7.9055,1
22.176,-62,-16,55,-3.38,51.83,204.8,1522,1478,-0.17,0.78,2.7612,2.4768,7.9055,1
22.194,-56,-16,55,-3.05,51.83,204.8,1522,1478,-0.17,0.78,2.7612,2.4768,7.9055,1
22.211,-54,-17,54,-3.00,52.79,205.1,1522,1478,-0.17,0.78,2.7612,2.4768,7.9055,1
22.228,-51,-17,54,-2.83,52.79,205.1,1522,1478,-0.17,0.78,2.7156,2.7396,7.8949,1
22.245,-49,-17,54,-2.72,52.79,205.1,1522,1478,-0.17,0.78,2.7156,2.7396,7.8949,1
22.262,-47,-17,54,-2.61,52.79,205.1,1522,1478,-0.17,0.78,2.7156,2.7396,7.8949,1
22.279,-46,-17,54,-2.56,52.79,205.1,1500,1478,-0.17,0.78,2.7156,2.7396,7.8949,1
22.296,-45,-17,54,-2.50,52.79,205.1,1478,1478,-0.17,0.78,2.7156,2.7396,7.8949,1
22.313,-44,-17,54,-2.44,52.79,205.1,1478,1478,-0.17,0.78,2.7156,2.7396,7.8949,1
22.330,-44,-17,54,-2.44,52.79,205.1,1478,1478,-0.17,0.78,2.7156,2.7396,7.8949,1
22.347,-44,-17,54,-2.44,52.79,205.1,1478,1478,-0.17,0.78,2.7156,2.7396,7.8949,1
22.364,-44,-17,54,-2.44,52.79,205.1,1478,1478,-0.17,0.78,2.7156,2.7396,7.8949,1
22.381,-44,-17,54,-2.44,52.79,205.1,1478,1478,-0.17,0.78,2.7156,2.7396,7.8949,1
22.398,-44,-17,54,-2.44,52.79,205.1,1478,1478,-0.17,0.78,2.7156,2.7396,7.8949,1
22.415,-44,-18,53,-2.49,53.79,205.4,1478,1478,0.43,0.41,2.7156,2.7396,7.8949,1
22.432,-44,-18,53,-2.49,53.79,205.4,1478,1478,0.43,0.41,2.7156,2.7396,7.8949,1
22.449,-44,-18,53,-2.49,53.79,205.4,1478,1478,0.43,0.41,2.7156,2.7396,7.8949,1
22.466,-44,-18,53,-2.49,53.79,205.4,1478,1478,0.43,0.41,2.7156,2.7396,7.8949,1
22.483,-44,-18,53,-2.49,53.79,205.4,1478,1478,0.43,0.41,2.1164,2.8587,7.4399,1
22.500,-44,-18,53,-2.49,53.79,205.4,1478,1478,0.43,0.41,2.1164,2.8587,7.4399,1
22.517,-45,-19,52,-2.60,54.83,205.8,1478,1478,0.43,0.41,2.1164,2.8587,7.4399,1
22.534,-46,-19,52,-2.65,54.83,205.8,1478,1478,0.43,0.41,2.1164,2.8587,7.4399,1
22.551,-47,-19,52,-2.71,54.83,205.8,1478,1478,0.43,0.41,2.1164,2.8587,7.4399,1
22.567,-49,-19,52,-2.83,54.83,205.8,1478,1478,0.43,0.41,2.1164,2.8587,7.4399,1
22.584,-50,-20,51,-2.94,55.90,206.1,1478,1478,0.43,0.41,2.1164,2.8587,7.4399,0
22.601,-53,-20,51,-3.12,55.90,206.1,1472,1478,0.43,0.41,2.1164,2.8587,7.4399,0
22.618,-55,-20,51,-3.24,55.90,206.1,1472,1478,0.43,0.41,2.1164,2.8587,7.4399,0
22.635,-57,-20,51,-3.35,55.90,206.1,1472,1478,0.43,0.41,2.1164,2.8587,7.4399,0
22.652,-60,-20,51,-3.53,55.90,206.1,1468,1478,0.43,0.41,2.1164,2.8587,7.4399,0
22.669,-62,-20,51,-3.65,55.90,206.1,1469,1478,0.09,-0.47,2.1164,2.8587,7.4399,0
22.686,-64,-20,51,-3.76,55.90,206.1,1469,1478,0.09,-0.47,2.1164,2.8587,7.4399,0
22.703,-65,-21,50,-3.90,57.02,206.5,1473,1478,0.09,-0.47,2.1164,2.8587,7.4399,0
22.720,-67,-21,50,-4.02,57.02,206.5,1471,1478,0.09,-0.47,3.0375,2.6922,7.6822,0
22.737,-68,-21,50,-4.08,57.02,206.5,1474,1478,0.09,-0.47,3.0375,2.6922,7.6822,0
22.755,-70,-21,50,-4.20,57.02,206.5,1471,1478,0.09,-0.47,3.0375,2.6922,7.6822,0
22.772,-71,-22,49,-4.35,58.18,206.8,1473,1478,0.09,-0.47,3.0375,2.6922,7.6822,0
22.789,-72,-22,49,-4.41,58.18,206.8,1474,1478,0.09,-0.47,3.0375,2.6922,7.6822,0
22.806,-73,-22,49,-4.47,58.18,206.8,1475,1478,0.09,-0.47,3.0375,2.6922,7.6822,0
22.824,-74,-22,49,-4.53,58.18,206.8,1475,1478,0.09,-0.47,3.0375,2.6922,7.6822,0
22.841,-75,-22,49,-4.59,58.18,206.8,1475,1478,0.09,-0.47,3.0375,2.6922,7.6822,0
22.858,-77,-23,48,-4.81,59.39,207.2,1471,1478,0.09,-0.47,3.0375,2.6922,7.6822,0
22.876,-80,-23,48,-5.00,59.39,207.2,1465,1478,0.09,-0.47,3.0375,2.6922,7.6822,0
22.893,-82,-23,48,-5.12,59.39,207.2,1465,1478,0.09,-0.47,3.0375,2.6922,7.6822,0
22.910,-83,-24,47,-5.30,60.66,207.5,1469,1478,-0.88,-1.08,3.0375,2.6922,7.6822,0
22.927,-85,-24,47,-5.43,60.66,207.5,1467,1478,-0.88,-1.08,3.0375,2.6922,7.6822,0
22.945,-86,-24,47,-5.49,60.66,207.5,1469,1478,-0.88,-1.08,3.0375,2.6922,7.6822,0
22.962,-88,-24,47,-5.62,60.66,207.5,1466,1478,-0.88,-1.08,3.0375,2.6922,7.6822,0
22.978,-90,-24,47,-5.74,60.66,207.5,1465,1478,-0.88,-1.08,3.1503,2.7491,8.1636,0
22.995,-91,-24,47,-5.81,60.66,207.5,1468,1478,-0.88,-1.08,3.1503,2.7491,8.1636,0
23.012,-92,-25,46,-6.00,61.98,207.9,1469,1478,-0.88,-1.08,3.1503,2.7491,8.1636,0
23.029,-92,-25,46,-6.00,61.98,207.9,1473,1478,-0.88,-1.08,3.1503,2.7491,8.1636,0
23.046,-93,-25,46,-6.07,61.98,207.9,1471,1478,-0.88,-1.08,3.1503,2.7491,8.1636,0
23.063,-94,-25,46,-6.13,61.98,207.9,1471,1478,-0.88,-1.08,3.1503,2.7491,8.1636,0
23.080,-94,-26,45,-6.27,63.35,208.2,1474,1478,-0.88,-1.08,3.1503,2.7491,8.1636,0
23.097,-95,-26,45,-6.33,63.35,208.2,1472,1478,-0.88,-1.08,3.1503,2.7491,8.1636,0
23.114,-96,-26,45,-6.40,63.35,208.2,1470,1478,-0.88,-1.08,3.1503,2.7491,8.1636,0
23.131,-97,-26,45,-6.47,63.35,208.2,1470,1478,-0.88,-1.08,3.1503,2.7491,8.1636,0
23.148,-98,-26,45,-6.53,63.35,208.2,1469,1478,-0.88,-1.08,3.1503,2.7491,8.1636,0
23.165,-99,-26,45,-6.60,63.35,208.2,1469,1478,-0.93,-2.19,3.1503,2.7491,8.1636,0
23.182,-99,-26,45,-6.60,63.35,208.2,1472,1478,-0.93,-2.19,3.1503,2.7491,8.1636,0
23.199,-100,-26,45,-6.67,63.35,208.2,1470,1478,-0.93,-2.19,3.1503,2.7491,8.1636,0
23.216,-101,-27,44,-6.89,64.79,208.6,1469,1478,-0.93,-2.19,2.8120,2.8305,8.0633,0
23.233,-100,-28,43,-6.98,66.30,208.9,1476,1478,-0.93,-2.19,2.8120,2.8305,8.0633,0
23.250,-101,-28,43,-7.05,66.30,208.9,1472,1478,-0.93,-2.19,2.8120,2.8305,8.0633,0
23.267,-100,-28,43,-6.98,66.30,208.9,1477,1478,-0.93,-2.19,2.8120,2.8305,8.0633,0
23.284,-101,-28,43,-7.05,66.30,208.9,1473,1478,-0.93,-2.19,2.8120,2.8305,8.0633,0
23.301,-100,-29,42,-7.14,67.88,209.3,1478,1478,-0.93,-2.19,2.8120,2.8305,8.0633,0
23.318,-101,-29,42,-7.21,67.88,209.3,1473,1478,-0.93,-2.19,2.8120,2.8305,8.0633,0
23.335,-101,-29,42,-7.21,67.88,209.3,1474,1478,-0.93,-2.19,2.8120,2.8305,8.0633,0
23.352,-101,-29,42,-7.21,67.88,209.3,1475,1478,-0.93,-2.19,2.8120,2.8305,8.0633,0
23.369,-101,-29,42,-7.21,67.88,209.3,1475,1478,-0.93,-2.19,2.8120,2.8305,8.0633,0
23.386,-101,-29,42,-7.21,67.88,209.3,1475,1478,-0.93,-2.19,2.8120,2.8305,8.0633,0
23.403,-101,-29,42,-7.21,67.88,209.3,1475,1478,-0.93,-2.19,2.8120,2.8305,8.0633,0
23.420,-101,-29,42,-7.21,67.88,209.3,1475,1478,-0.14,-2.34,2.8120,2.8305,8.0633,0
23.437,-101,-29,42,-7.21,67.88,209.3,1475,1478,-0.14,-2.34,2.8120,2.8305,8.0633,0
23.454,-102,-29,42,-7.29,67.88,209.3,1471,1478,-0.14,-2.34,2.8120,2.8305,8.0633,0
23.471,-103,-29,42,-7.36,67.88,209.3,1469,1478,-0.14,-2.34,2.6295,2.0601,8.8160,0
23.488,-103,-29,42,-7.36,67.88,209.3,1472,1478,-0.14,-2.34,2.6295,2.0601,8.8160,0
23.505,-104,-29,42,-7.43,67.88,209.3,1470,1478,-0.14,-2.34,2.6295,2.0601,8.8160,0
23.522,-105,-29,42,-7.50,67.88,209.3,1468,1478,-0.14,-2.34,2.6295,2.0601,8.8160,0
23.540,-106,-29,42,-7.57,67.88,209.3,1467,1478,-0.14,-2.34,2.6295,2.0601,8.8160,0
23.558,-108,-29,42,-7.71,67.88,209.3,1464,1478,-0.14,-2.34,2.6295,2.0601,8.8160,0
23.576,-108,-29,42,-7.71,67.88,209.3,1469,1478,-0.14,-2.34,2.6295,2.0601,8.8160,0
23.593,-109,-29,42,-7.79,67.88,209.3,1467,1478,-0.14,-2.34,2.6295,2.0601,8.8160,0
23.610,-110,-29,42,-7.86,67.88,209.3,1466,1478,-0.14,-2.34,2.6295,2.0601,8.8160,0
23.627,-111,-29,42,-7.93,67.88,209.3,1466,1478,-0.14,-2.34,2.6295,2.0601,8.8160,0
23.644,-112,-29,42,-8.00,67.88,209.3,1466,1478,-0.14,-2.34,2.6295,2.0601,8.8160,0
23.661,-114,-29,42,-8.14,67.88,209.3,1461,1478,-0.65,-2.21,2.6295,2.0601,8.8160,0
23.678,-115,-29,42,-8.21,67.88,209.3,1463,1478,-0.65,-2.21,2.6295,2.0601,8.8160,0
23.695,-115,-29,42,-8.21,67.88,209.3,1467,1478,-0.65,-2.21,2.6295,2.0601,8.8160,0
23.712,-116,-29,42,-8.29,67.88,209.3,1466,1478,-0.65,-2.21,2.6295,2.0601,8.8160,0
23.729,-117,-29,42,-8.36,67.88,209.3,1465,1478,-0.65,-2.21,3.5817,2.9951,7.7952,0
23.746,-117,-29,42,-8.36,67.88,209.3,1468,1478,-0.65,-2.21,3.5817,2.9951,7.7952,0
23.763,-118,-29,42,-8.43,67.88,209.3,1466,1478,-0.65,-2.21,3.5817,2.9951,7.7952,0
23.779,-119,-29,42,-8.50,67.88,209.3,1465,1478,-0.65,-2.21,3.5817,2.9951,7.7952,0
23.796,-119,-29,42,-8.50,67.88,209.3,1468,1478,-0.65,-2.21,3.5817,2.9951,7.7952,0
23.813,-120,-29,42,-8.57,67.88,209.3,1465,1478,-0.65,-2.21,3.5817,2.9951,7.7952,0
23.830,-121,-29,42,-8.64,67.88,209.3,1464,1478,-0.65,-2.21,3.5817,2.9951,7.7952,0
23.847,-122,-29,42,-8.71,67.88,209.3,1463,1478,-0.65,-2.21,3.5817,2.9951,7.7952,0
23.864,-124,-29,42,-8.86,67.88,209.3,1459,1478,-0.65,-2.21,3.5817,2.9951,7.7952,0
23.881,-125,-29,42,-8.93,67.88,209.3,1460,1478,-0.65,-2.21,3.5817,2.9951,7.7952,0
23.898,-125,-29,42,-8.93,67.88,209.3,1465,1478,-0.65,-2.21,3.5817,2.9951,7.7952,0
23.915,-125,-29,42,-8.93,67.88,209.3,1467,1478,-1.39,-1.78,3.5817,2.9951,7.7952,0
23.932,-128,-29,42,-9.14,67.88,209.3,1457,1478,-1.39,-1.78,3.5817,2.9951,7.7952,0
23.949,-128,-28,43,-8.93,66.30,208.9,1463,1478,-1.39,-1.78,3.5817,2.9951,7.7952,0
23.966,-129,-28,43,-9.00,66.30,208.9,1462,1478,-1.39,-1.78,2.8115,3.3405,7.3204,0
23.983,-130,-28,43,-9.07,66.30,208.9,1461,1478,-1.39,-1.78,2.8115,3.3405,7.3204,0
24.000,-130,-28,43,-9.07,66.30,208.9,1465,1478,-1.39,-1.78,2.8115,3.3405,7.3204,0
24.017,-131,-28,43,-9.14,66.30,208.9,1462,1478,-1.39,-1.78,2.8115,3.3405,7.3204,0
24.034,-131,-28,43,-9.14,66.30,208.9,1465,1478,-1.39,-1.78,2.8115,3.3405,7.3204,0
24.051,-132,-28,43,-9.21,66.30,208.9,1463,1478,-1.39,-1.78,2.8115,3.3405,7.3204,0
24.068,-130,-29,42,-9.29,67.88,209.3,1473,1478,-1.39,-1.78,2.8115,3.3405,7.3204,0
24.085,-132,-28,43,-9.21,66.30,208.9,1463,1478,-1.39,-1.78,2.8115,3.3405,7.3204,0
24.102,-132,-28,43,-9.21,66.30,208.9,1465,1478,-1.39,-1.78,2.8115,3.3405,7.3204,0
24.119,-133,-28,43,-9.28,66.30,208.9,1462,1478,-1.39,-1.78,2.8115,3.3405,7.3204,0
24.136,-134,-28,43,-9.35,66.30,208.9,1461,1478,-1.39,-1.78,2.8115,3.3405,7.3204,0
24.153,-135,-28,43,-9.42,66.30,208.9,1460,1478,-1.97,-1.36,2.8115,3.3405,7.3204,0
24.170,-136,-27,44,-9.27,64.79,208.6,1460,1478,-1.97,-1.36,2.8115,3.3405,7.3204,0
24.188,-137,-27,44,-9.34,64.79,208.6,1459,1478,-1.97,-1.36,2.8115,3.3405,7.3204,0
24.205,-138,-27,44,-9.41,64.79,208.6,1459,1478,-1.97,-1.36,2.8115,3.3405,7.3204,0
24.222,-139,-27,44,-9.48,64.79,208.6,1459,1478,-1.97,-1.36,2.6622,3.0104,7.5382,0
24.239,-139,-27,44,-9.48,64.79,208.6,1462,1478,-1.97,-1.36,2.6622,3.0104,7.5382,0
24.256,-140,-27,44,-9.55,64.79,208.6,1460,1478,-1.97,-1.36,2.6622,3.0104,7.5382,0
24.274,-141,-27,44,-9.61,64.79,208.6,1459,1478,-1.97,-1.36,2.6622,3.0104,7.5382,0
24.291,-142,-26,45,-9.47,63.35,208.2,1458,1478,-1.97,-1.36,2.6622,3.0104,7.5382,0
24.308,-142,-26,45,-9.47,63.35,208.2,1462,1478,-1.97,-1.36,2.6622,3.0104,7.5382,0
24.325,-142,-26,45,-9.47,63.35,208.2,1463,1478,-1.97,-1.36,2.6622,3.0104,7.5382,0
24.342,-142,-26,45,-9.47,63.35,208.2,1464,1478,-1.97,-1.36,2.6622,3.0104,7.5382,0
24.359,-141,-26,45,-9.40,63.35,208.2,1468,1478,-1.97,-1.36,2.6622,3.0104,7.5382,0
24.376,-140,-26,45,-9.33,63.35,208.2,1470,1478,-1.97,-1.36,2.6622,3.0104,7.5382,0
24.394,-139,-26,45,-9.27,63.35,208.2,1472,1478,-1.97,-1.36,2.6622,3.0104,7.5382,0
24.411,-138,-26,45,-9.20,63.35,208.2,1472,1478,-2.15,-1.19,2.6622,3.0104,7.5382,0
24.428,-137,-26,45,-9.13,63.35,208.2,1473,1478,-2.15,-1.19,2.6622,3.0104,7.5382,0
24.445,-136,-26,45,-9.07,63.35,208.2,1473,1478,-2.15,-1.19,2.6622,3.0104,7.5382,0
24.461,-135,-25,46,-8.80,61.98,207.9,1474,1478,-2.15,-1.19,2.6622,3.0104,7.5382,0
24.478,-133,-25,46,-8.67,61.98,207.9,1478,1478,-2.15,-1.19,3.1535,2.7159,8.3414,0
24.495,-133,-25,46,-8.67,61.98,207.9,1472,1478,-2.15,-1.19,3.1535,2.7159,8.3414,0
24.512,-132,-25,46,-8.61,61.98,207.9,1474,1478,-2.15,-1.19,3.1535,2.7159,8.3414,0
24.529,-131,-24,47,-8.36,60.66,207.5,1474,1478,-2.15,-1.19,3.1535,2.7159,8.3414,0
24.546,-131,-25,46,-8.54,61.98,207.9,1471,1478,-2.15,-1.19,3.1535,2.7159,8.3414,0
24.563,-130,-24,47,-8.30,60.66,207.5,1473,1478,-2.15,-1.19,3.1535,2.7159,8.3414,0
24.580,-129,-24,47,-8.23,60.66,207.5,1474,1478,-2.15,-1.19,3.1535,2.7159,8.3414,0
24.597,-128,-24,47,-8.17,60.66,207.5,1475,1478,-2.15,-1.19,3.1535,2.7159,8.3414,0
24.614,-127,-24,47,-8.11,60.66,207.5,1475,1478,-2.15,-1.19,3.1535,2.7159,8.3414,0
24.631,-126,-24,47,-8.04,60.66,207.5,1476,1478,-2.15,-1.19,3.1535,2.7159,8.3414,0
24.648,-125,-23,48,-7.81,59.39,207.2,1476,1478,-2.15,-1.19,3.1535,2.7159,8.3414,0
24.665,-124,-23,48,-7.75,59.39,207.2,1476,1478,-2.24,-0.83,3.1535,2.7159,8.3414,0
24.682,-123,-23,48,-7.69,59.39,207.2,1477,1478,-2.24,-0.83,3.1535,2.7159,8.3414,0
24.699,-123,-23,48,-7.69,59.39,207.2,1473,1478,-2.24,-0.83,3.1535,2.7159,8.3414,0
24.716,-121,-23,48,-7.56,59.39,207.2,1478,1478,-2.24,-0.83,1.7519,2.6988,7.8244,0
24.733,-120,-22,49,-7.35,58.18,206.8,1478,1478,-2.24,-0.83,1.7519,2.6988,7.8244,0
24.750,-118,-22,49,-7.22,58.18,206.8,1478,1478,-2.24,-0.83,1.7519,2.6988,7.8244,0
24.767,-117,-22,49,-7.16,58.18,206.8,1478,1478,-2.24,-0.83,1.7519,2.6988,7.8244,0
24.784,-115,-21,50,-6.90,57.02,206.5,1478,1478,-2.24,-0.83,1.7519,2.6988,7.8244,0
24.801,-114,-21,50,-6.84,57.02,206.5,1478,1478,-2.24,-0.83,1.7519,2.6988,7.8244,0
24.818,-113,-21,50,-6.78,57.02,206.5,1478,1478,-2.24,-0.83,1.7519,2.6988,7.8244,0
24.835,-112,-21,50,-6.72,57.02,206.5,1478,1478,-2.24,-0.83,1.7519,2.6988,7.8244,0
24.852,-111,-21,50,-6.66,57.02,206.5,1478,1478,-2.24,-0.83,1.7519,2.6988,7.8244,0
24.869,-110,-20,51,-6.47,55.90,206.1,1478,1478,-2.24,-0.83,1.7519,2.6988,7.8244,0
24.886,-109,-20,51,-6.41,55.90,206.1,1478,1478,-2.24,-0.83,1.7519,2.6988,7.8244,0
24.903,-108,-20,51,-6.35,55.90,206.1,1478,1478,-2.61,-0.08,1.7519,2.6988,7.8244,0
24.920,-107,-20,51,-6.29,55.90,206.1,1478,1478,-2.61,-0.08,1.7519,2.6988,7.8244,0
24.937,-105,-19,52,-6.06,54.83,205.8,1478,1478,-2.61,-0.08,1.7519,2.6988,7.8244,1
24.955,-102,-19,52,-5.88,54.83,205.8,1478,1478,-2.61,-0.08,1.7519,2.6988,7.8244,1
24.972,-100,-19,52,-5.77,54.83,205.8,1478,1478,-2.61,-0.08,1.4283,3.0276,7.5085,1
24.989,-97,-19,52,-5.60,54.83,205.8,1478,1478,-2.61,-0.08,1.4283,3.0276,7.5085,1
25.007,-94,-19,52,-5.42,54.83,205.8,1478,1478,-2.61,-0.08,1.4283,3.0276,7.5085,1
25.024,-91,-18,53,-5.15,53.79,205.4,1478,1478,-2.61,-0.08,1.4283,3.0276,7.5085,1
25.041,-85,-18,53,-4.81,53.79,205.4,1522,1478,-2.61,-0.08,1.4283,3.0276,7.5085,1
25.058,-82,-18,53,-4.64,53.79,205.4,1522,1478,-2.61,-0.08,1.4283,3.0276,7.5085,1
25.075,-79,-18,53,-4.47,53.79,205.4,1522,1478,-2.61,-0.08,1.4283,3.0276,7.5085,1
25.092,-77,-17,54,-4.28,52.79,205.1,1500,1478,-2.61,-0.08,1.4283,3.0276,7.5085,1
25.109,-75,-17,54,-4.17,52.79,205.1,1478,1478,-2.61,-0.08,1.4283,3.0276,7.5085,1
25.126,-72,-17,54,-4.00,52.79,205.1,1500,1478,-2.61,-0.08,1.4283,3.0276,7.5085,1
25.143,-70,-16,55,-3.82,51.83,204.8,1500,1500,-2.61,-0.08,1.4283,3.0276,7.5085,1
25.160,-69,-16,55,-3.76,51.83,204.8,1478,1478,-2.34,-0.04,1.4283,3.0276,7.5085,1
25.177,-66,-16,55,-3.60,51.83,204.8,1500,1478,-2.34,-0.04,1.4283,3.0276,7.5085,1
25.194,-64,-16,55,-3.49,51.83,204.8,1500,1478,-2.34,-0.04,1.4283,3.0276,7.5085,1
25.211,-62,-16,55,-3.38,51.83,204.8,1500,1478,-2.34,-0.04,1.4283,3.0276,7.5085,1
25.228,-60,-16,55,-3.27,51.83,204.8,1500,1478,-2.34,-0.04,1.6933,2.9160,7.9012,1
25.245,-59,-15,56,-3.16,50.91,204.4,1478,1500,-2.34,-0.04,1.6933,2.9160,7.9012,1
25.262,-57,-15,56,-3.05,50.91,204.4,1500,1478,-2.34,-0.04,1.6933,2.9160,7.9012,1
25.279,-57,-15,56,-3.05,50.91,204.4,1478,1478,-2.34,-0.04,1.6933,2.9160,7.9012,1
25.296,-56,-15,56,-3.00,50.91,204.4,1478,1478,-2.34,-0.04,1.6933,2.9160,7.9012,1
25.314,-55,-14,57,-2.89,50.02,204.0,1478,1500,-2.34,-0.04,1.6933,2.9160,7.9012,1
25.331,-54,-14,57,-2.84,50.02,204.0,1478,1478,-2.34,-0.04,1.6933,2.9160,7.9012,1
25.348,-54,-14,57,-2.84,50.02,204.0,1478,1478,-2.34,-0.04,1.6933,2.9160,7.9012,1
25.365,-53,-14,57,-2.79,50.02,204.0,1478,1478,-2.34,-0.04,1.6933,2.9160,7.9012,1
25.381,-52,-14,57,-2.74,50.02,204.0,1478,1478,-2.34,-0.04,1.6933,2.9160,7.9012,1
25.398,-51,-14,57,-2.68,50.02,204.0,1478,1478,-2.34,-0.04,1.6933,2.9160,7.9012,1
25.415,-50,-14,57,-2.63,50.02,204.0,1478,1478,-1.98,-0.16,1.6933,2.9160,7.9012,1
25.432,-49,-14,57,-2.58,50.02,204.0,1478,1478,-1.98,-0.16,1.6933,2.9160,7.9012,1
25.449,-48,-13,58,-2.48,49.15,203.7,1478,1500,-1.98,-0.16,1.6933,2.9160,7.9012,1
25.466,-47,-13,58,-2.43,49.15,203.7,1478,1478,-1.98,-0.16,2.8881,3.1769,7.5501,1
25.483,-45,-13,58,-2.33,49.15,203.7,1500,1478,-1.98,-0.16,2.8881,3.1769,7.5501,1
25.500,-44,-13,58,-2.28,49.15,203.7,1478,1478,-1.98,-0.16,2.8881,3.1769,7.5501,1
25.517,-43,-13,58,-2.22,49.15,203.7,1478,1478,-1.98,-0.16,2.8881,3.1769,7.5501,1
25.534,-42,-13,58,-2.17,49.15,203.7,1478,1478,-1.98,-0.16,2.8881,3.1769,7.5501,1
25.551,-40,-13,58,-2.07,49.15,203.7,1500,1478,-1.98,-0.16,2.8881,3.1769,7.5501,1
25.568,-39,-13,58,-2.02,49.15,203.7,1500,1478,-1.98,-0.16,2.8881,3.1769,7.5501,1
25.585,-38,-13,58,-1.97,49.15,203.7,1500,1478,-1.98,-0.16,2.8881,3.1769,7.5501,1
25.602,-36,-12,59,-1.83,48.32,203.3,1500,1500,-1.98,-0.16,2.8881,3.1769,7.5501,1
25.620,-34,-12,59,-1.73,48.32,203.3,1522,1478,-1.98,-0.16,2.8881,3.1769,7.5501,1
25.637,-33,-12,59,-1.68,48.32,203.3,1500,1478,-1.98,-0.16,2.8881,3.1769,7.5501,1
25.655,-30,-12,59,-1.53,48.32,203.3,1522,1478,-1.98,-0.16,2.8881,3.1769,7.5501,1
25.672,-28,-12,59,-1.42,48.32,203.3,1522,1478,-1.72,0.04,2.8881,3.1769,7.5501,1
25.689,-25,-12,59,-1.27,48.32,203.3,1522,1478,-1.72,0.04,2.8881,3.1769,7.5501,1
25.706,-21,-12,59,-1.07,48.32,203.3,1522,1478,-1.72,0.04,2.8881,3.1769,7.5501,1
25.723,-17,-12,59,-0.86,48.32,203.3,1522,1478,-1.72,0.04,2.3736,3.2604,7.9900,1
25.740,-10,-12,59,-0.51,48.32,203.3,1522,1478,-1.72,0.04,2.3736,3.2604,7.9900,1
25.757,-6,-12,59,-0.31,48.32,203.3,1522,1478,-1.72,0.04,2.3736,3.2604,7.9900,1
25.774,-1,-12,59,-0.05,48.32,203.3,1522,1478,-1.72,0.04,2.3736,3.2604,7.9900,1
25.791,3,-12,59,0.15,48.32,203.3,1522,1478,-1.72,0.04,2.3736,3.2604,7.9900,1
25.808,8,-12,59,0.41,48.32,203.3,1522,1478,-1.72,0.04,2.3736,3.2604,7.9900,1
25.825,13,-12,59,0.66,48.32,203.3,1522,1478,-1.72,0.04,2.3736,3.2604,7.9900,1
25.842,17,-11,60,0.85,47.52,203.0,1522,1500,-1.72,0.04,2.3736,3.2604,7.9900,1
25.859,23,-12,59,1.17,48.32,203.3,1525,1478,-1.72,0.04,2.3736,3.2604,7.9900,1
25.876,28,-11,60,1.40,47.52,203.0,1525,1500,-1.72,0.04,2.3736,3.2604,7.9900,1
25.893,33,-11,60,1.65,47.52,203.0,1525,1478,-1.72,0.04,2.3736,3.2604,7.9900,1
25.910,39,-11,60,1.95,47.52,203.0,1528,1478,-1.12,-0.06,2.3736,3.2604,7.9900,1
25.927,45,-11,60,2.25,47.52,203.0,1530,1478,-1.12,-0.06,2.3736,3.2604,7.9900,1
25.944,51,-11,60,2.55,47.52,203.0,1532,1478,-1.12,-0.06,2.3736,3.2604,7.9900,1
25.961,57,-11,60,2.85,47.52,203.0,1533,1478,-1.12,-0.06,2.3736,3.2604,7.9900,1
25.978,63,-11,60,3.15,47.52,203.0,1534,1478,-1.12,-0.06,2.5325,3.3377,8.2634,1
25.995,69,-11,60,3.45,47.52,203.0,1535,1478,-1.12,-0.06,2.5325,3.3377,8.2634,1
26.012,76,-11,60,3.80,47.52,203.0,1538,1478,-1.12,-0.06,2.5325,3.3377,8.2634,1
26.029,83,-11,60,4.15,47.52,203.0,1540,1478,-1.12,-0.06,2.5325,3.3377,8.2634,1
26.046,90,-11,60,4.50,47.52,203.0,1542,1478,-1.12,-0.06,2.5325,3.3377,8.2634,1
26.063,97,-11,60,4.85,47.52,203.0,1543,1478,-1.12,-0.06,2.5325,3.3377,8.2634,1
26.080,105,-11,60,5.25,47.52,203.0,1547,1478,-1.12,-0.06,2.5325,3.3377,8.2634,1
26.097,112,-11,60,5.60,47.52,203.0,1547,1478,-1.12,-0.06,2.5325,3.3377,8.2634,1
26.114,120,-11,60,6.00,47.52,203.0,1549,1478,-1.12,-0.06,2.5325,3.3377,8.2634,1
26.131,128,-11,60,6.40,47.52,203.0,1552,1478,-1.12,-0.06,2.5325,3.3377,8.2634,1
26.148,136,-11,60,6.80,47.52,203.0,1553,1478,-1.12,-0.06,2.5325,3.3377,8.2634,1
26.165,144,-11,60,7.20,47.52,203.0,1555,1478,-0.22,-0.72,2.5325,3.3377,8.2634,1
26.182,153,-11,60,7.65,47.52,203.0,1558,1478,-0.22,-0.72,2.5325,3.3377,8.2634,1
26.199,160,-11,60,8.00,47.52,203.0,1556,1478,-0.22,-0.72,2.5325,3.3377,8.2634,1
26.216,169,-11,60,8.45,47.52,203.0,1560,1478,-0.22,-0.72,2.8584,3.8136,8.9625,1
26.233,177,-11,60,8.85,47.52,203.0,1560,1478,-0.22,-0.72,2.8584,3.8136,8.9625,1
26.250,185,-11,60,9.25,47.52,203.0,1560,1478,-0.22,-0.72,2.8584,3.8136,8.9625,1
26.267,193,-10,61,9.49,46.74,202.6,1560,1500,-0.22,-0.72,2.8584,3.8136,8.9625,1
26.284,201,-11,60,10.05,47.52,203.0,1560,1478,-0.22,-0.72,2.8584,3.8136,8.9625,1
26.301,209,-11,60,10.45,47.52,203.0,1600,1478,-0.22,-0.72,2.8584,3.8136,8.9625,0
26.318,217,-11,60,10.85,47.52,203.0,1600,1478,-0.22,-0.72,2.8584,3.8136,8.9625,0
26.335,226,-10,61,11.11,46.74,202.6,1600,1500,-0.22,-0.72,2.8584,3.8136,8.9625,0
26.352,234,-11,60,11.70,47.52,203.0,1600,1478,-0.22,-0.72,2.8584,3.8136,8.9625,0
26.369,242,-10,61,11.90,46.74,202.6,1600,1478,-0.22,-0.72,2.8584,3.8136,8.9625,0
26.387,249,-10,61,12.25,46.74,202.6,1600,1478,-0.22,-0.72,2.8584,3.8136,8.9625,0
26.404,257,-10,61,12.64,46.74,202.6,1600,1478,2.34,-1.03,2.8584,3.8136,8.9625,0
26.422,264,-10,61,12.98,46.74,202.6,1600,1478,2.34,-1.03,2.8584,3.8136,8.9625,0
26.439,277,-10,61,13.62,46.74,202.6,1600,1478,2.34,-1.03,2.8584,3.8136,8.9625,0
26.456,277,-10,61,13.62,46.74,202.6,1600,1478,2.34,-1.03,2.8584,3.8136,8.9625,0
26.474,0,0,0,0.00,-1.00,0.0,1600,1478,2.34,-1.03,3.3029,3.2641,8.4223,0
26.491,0,0,0,0.00,-1.00,0.0,1600,1478,2.34,-1.03,3.3029,3.2641,8.4223,0
26.508,0,0,0,0.00,-1.00,0.0,1600,1478,2.34,-1.03,3.3029,3.2641,8.4223,0
26.524,0,0,0,0.00,-1.00,0.0,1600,1478,2.34,-1.03,3.3029,3.2641,8.4223,0
26.541,0,0,0,0.00,-1.00,0.0,1600,1478,2.34,-1.03,3.3029,3.2641,8.4223,0
26.558,0,0,0,0.00,-1.00,0.0,1600,1478,2.34,-1.03,3.3029,3.2641,8.4223,0
26.575,0,0,0,0.00,-1.00,0.0,1600,1478,2.34,-1.03,3.3029,3.2641,8.4223,0
26.592,0,0,0,0.00,-1.00,0.0,1600,1478,2.34,-1.03,3.3029,3.2641,8.4223,0
26.609,0,0,0,0.00,-1.00,0.0,1600,1478,2.34,-1.03,3.3029,3.2641,8.4223,0
26.626,0,0,0,0.00,-1.00,0.0,1600,1478,2.34,-1.03,3.3029,3.2641,8.4223,0
26.643,0,0,0,0.00,-1.00,0.0,1600,1478,2.34,-1.03,3.3029,3.2641,8.4223,0
26.660,0,0,0,0.00,-1.00,0.0,1600,1478,3.80,-0.60,3.3029,3.2641,8.4223,0
26.677,0,0,0,0.00,-1.00,0.0,1600,1478,3.80,-0.60,3.3029,3.2641,8.4223,0
26.694,0,0,0,0.00,-1.00,0.0,1600,1478,3.80,-0.60,3.3029,3.2641,8.4223,0
26.711,0,0,0,0.00,-1.00,0.0,1600,1478,3.80,-0.60,2.3301,4.1701,7.0287,0
26.728,0,0,0,0.00,-1.00,0.0,1600,1478,3.80,-0.60,2.3301,4.1701,7.0287,0
26.745,0,0,0,0.00,-1.00,0.0,1600,1478,3.80,-0.60,2.3301,4.1701,7.0287,0
26.762,0,0,0,0.00,-1.00,0.0,1600,1478,3.80,-0.60,2.3301,4.1701,7.0287,0
26.779,0,0,0,0.00,-1.00,0.0,1600,1478,3.80,-0.60,2.3301,4.1701,7.0287,0
26.796,0,0,0,0.00,-1.00,0.0,1600,1478,3.80,-0.60,2.3301,4.1701,7.0287,0
26.813,0,0,0,0.00,-1.00,0.0,1600,1478,3.80,-0.60,2.3301,4.1701,7.0287,0
26.830,0,0,0,0.00,-1.00,0.0,1600,1478,3.80,-0.60,2.3301,4.1701,7.0287,0
26.847,0,0,0,0.00,-1.00,0.0,1600,1478,3.80,-0.60,2.3301,4.1701,7.0287,0
26.864,0,0,0,0.00,-1.00,0.0,1600,1478,3.80,-0.60,2.3301,4.1701,7.0287,0
26.881,0,0,0,0.00,-1.00,0.0,1600,1478,3.80,-0.60,2.3301,4.1701,7.0287,0
26.898,0,0,0,0.00,-1.00,0.0,1600,1478,3.80,-0.60,2.3301,4.1701,7.0287,0
26.915,0,0,0,0.00,-1.00,0.0,1600,1478,4.02,-0.29,2.3301,4.1701,7.0287,0
26.932,0,0,0,0.00,-1.00,0.0,1600,1478,4.02,-0.29,2.3301,4.1701,7.0287,0
26.949,0,0,0,0.00,-1.00,0.0,1600,1478,4.02,-0.29,2.3301,4.1701,7.0287,0
26.967,0,0,0,0.00,-1.00,0.0,1500,1500,4.02,-0.29,2.8643,4.2009,7.8617,0
26.984,0,0,0,0.00,-1.00,0.0,1500,1500,4.02,-0.29,2.8643,4.2009,7.8617,0
27.001,284,-10,61,13.97,46.74,202.6,1575,1478,4.02,-0.29,2.8643,4.2009,7.8617,0
27.018,275,-10,61,13.52,46.74,202.6,1539,1478,4.02,-0.29,2.8643,4.2009,7.8617,0
27.035,270,-10,61,13.28,46.74,202.6,1535,1478,4.02,-0.29,2.8643,4.2009,7.8617,0
27.052,262,-10,61,12.89,46.74,202.6,1522,1478,4.02,-0.29,2.8643,4.2009,7.8617,0
27.069,256,-11,60,12.80,47.52,203.0,1522,1478,4.02,-0.29,2.8643,4.2009,7.8617,0
27.086,247,-10,61,12.15,46.74,202.6,1522,1478,4.02,-0.29,2.8643,4.2009,7.8617,0
27.104,241,-10,61,11.85,46.74,202.6,1522,1478,4.02,-0.29,2.8643,4.2009,7.8617,0
27.121,233,-10,61,11.46,46.74,202.6,1522,1478,4.02,-0.29,2.8643,4.2009,7.8617,0
27.138,225,-10,61,11.07,46.74,202.6,1522,1478,4.02,-0.29,2.8643,4.2009,7.8617,0
27.156,216,-10,61,10.62,46.74,202.6,1478,1478,1.28,-0.42,2.8643,4.2009,7.8617,0
27.173,201,-11,60,10.05,47.52,203.0,1478,1478,1.28,-0.42,2.8643,4.2009,7.8617,1
27.191,196,-11,60,9.80,47.52,203.0,1478,1478,1.28,-0.42,2.8643,4.2009,7.8617,1
27.208,187,-11,60,9.35,47.52,203.0,1478,1478,1.28,-0.42,2.8643,4.2009,7.8617,1
27.225,182,-11,60,9.10,47.52,203.0,1478,1478,1.28,-0.42,2.5696,3.1613,8.2714,1
27.242,174,-11,60,8.70,47.52,203.0,1478,1478,1.28,-0.42,2.5696,3.1613,8.2714,1
27.259,167,-11,60,8.35,47.52,203.0,1478,1478,1.28,-0.42,2.5696,3.1613,8.2714,1
27.276,160,-11,60,8.00,47.52,203.0,1478,1478,1.28,-0.42,2.5696,3.1613,8.2714,1
27.293,153,-11,60,7.65,47.52,203.0,1478,1478,1.28,-0.42,2.5696,3.1613,8.2714,1
27.310,146,-11,60,7.30,47.52,203.0,1478,1478,1.28,-0.42,2.5696,3.1613,8.2714,1
27.327,138,-11,60,6.90,47.52,203.0,1478,1478,1.28,-0.42,2.5696,3.1613,8.2714,1
27.344,131,-11,60,6.55,47.52,203.0,1478,1478,1.28,-0.42,2.5696,3.1613,8.2714,1
27.361,124,-12,59,6.31,48.32,203.3,1478,1478,1.28,-0.42,2.5696,3.1613,8.2714,1
27.378,117,-12,59,5.95,48.32,203.3,1478,1478,1.28,-0.42,2.5696,3.1613,8.2714,1
27.395,110,-12,59,5.59,48.32,203.3,1478,1478,1.28,-0.42,2.5696,3.1613,8.2714,1
27.412,103,-12,59,5.24,48.32,203.3,1478,1478,0.01,-0.42,2.5696,3.1613,8.2714,1
27.429,96,-12,59,4.88,48.32,203.3,1478,1478,0.01,-0.42,2.5696,3.1613,8.2714,1
27.446,88,-12,59,4.47,48.32,203.3,1478,1478,0.01,-0.42,2.5696,3.1613,8.2714,1
27.463,82,-13,58,4.24,49.15,203.7,1478,1478,0.01,-0.42,2.5696,3.1613,8.2714,1
27.480,75,-13,58,3.88,49.15,203.7,1478,1478,0.01,-0.42,3.1518,2.8974,8.3353,1
27.497,68,-13,58,3.52,49.15,203.7,1478,1478,0.01,-0.42,3.1518,2.8974,8.3353,1
27.514,62,-13,58,3.21,49.15,203.7,1478,1478,0.01,-0.42,3.1518,2.8974,8.3353,1
27.531,56,-13,58,2.90,49.15,203.7,1478,1478,0.01,-0.42,3.1518,2.8974,8.3353,1
27.548,50,-14,57,2.63,50.02,204.0,1478,1478,0.01,-0.42,3.1518,2.8974,8.3353,1
27.565,44,-14,57,2.32,50.02,204.0,1478,1478,0.01,-0.42,3.1518,2.8974,8.3353,1
27.582,38,-14,57,2.00,50.02,204.0,1478,1478,0.01,-0.42,3.1518,2.8974,8.3353,1
27.599,33,-15,56,1.77,50.91,204.4,1478,1478,0.01,-0.42,3.1518,2.8974,8.3353,1
27.616,27,-15,56,1.45,50.91,204.4,1478,1478,0.01,-0.42,3.1518,2.8974,8.3353,1
27.633,21,-15,56,1.12,50.91,204.4,1478,1478,0.01,-0.42,3.1518,2.8974,8.3353,1
27.650,21,-15,56,1.12,50.91,204.4,1478,1478,0.05,-1.25,3.1518,2.8974,8.3353,1
27.667,15,-15,56,0.80,50.91,204.4,1478,1478,0.05,-1.25,3.1518,2.8974,8.3353,1
27.685,4,-16,55,0.22,51.83,204.8,1470,1478,0.05,-1.25,3.1518,2.8974,8.3353,1
27.703,-2,-16,55,-0.11,51.83,204.8,1472,1478,0.05,-1.25,3.1518,2.8974,8.3353,1
27.720,-8,-16,55,-0.44,51.83,204.8,1473,1478,0.05,-1.25,2.5920,3.7881,8.4558,1
27.737,-13,-16,55,-0.71,51.83,204.8,1475,1478,0.05,-1.25,2.5920,3.7881,8.4558,1
27.755,-18,-17,54,-1.00,52.79,205.1,1476,1478,0.05,-1.25,2.5920,3.7881,8.4558,1
27.772,-28,-17,54,-1.56,52.79,205.1,1464,1478,0.05,-1.25,2.5920,3.7881,8.4558,1
27.789,-32,-18,53,-1.81,53.79,205.4,1472,1478,0.05,-1.25,2.5920,3.7881,8.4558,1
27.806,-37,-18,53,-2.09,53.79,205.4,1472,1478,0.05,-1.25,2.5920,3.7881,8.4558,1
27.823,-41,-19,52,-2.37,54.83,205.8,1475,1478,0.05,-1.25,2.5920,3.7881,8.4558,1
27.840,-46,-18,53,-2.60,53.79,205.4,1473,1478,0.05,-1.25,2.5920,3.7881,8.4558,1
27.857,-51,-18,53,-2.89,53.79,205.4,1472,1478,0.05,-1.25,2.5920,3.7881,8.4558,1
27.874,-51,-18,53,-2.89,53.79,205.4,1478,1478,0.05,-1.25,2.5920,3.7881,8.4558,1
27.891,-51,-18,53,-2.89,53.79,205.4,1478,1478,0.05,-1.25,2.5920,3.7881,8.4558,1
27.908,-61,-19,52,-3.52,54.83,205.8,1468,1478,-0.20,-1.46,2.5920,3.7881,8.4558,1
27.926,-72,-19,52,-4.15,54.83,205.8,1457,1478,-0.20,-1.46,2.5920,3.7881,8.4558,1
27.943,-77,-19,52,-4.44,54.83,205.8,1462,1478,-0.20,-1.46,2.5920,3.7881,8.4558,1
27.960,-82,-20,51,-4.82,55.90,206.1,1440,1478,-0.20,-1.46,2.5920,3.7881,8.4558,0
27.977,-88,-20,51,-5.18,55.90,206.1,1437,1478,-0.20,-1.46,2.6149,3.3617,8.6149,0
27.994,-93,-20,51,-5.47,55.90,206.1,1439,1478,-0.20,-1.46,2.6149,3.3617,8.6149,0
28.011,-99,-20,51,-5.82,55.90,206.1,1435,1478,-0.20,-1.46,2.6149,3.3617,8.6149,0
28.028,-104,-20,51,-6.12,55.90,206.1,1437,1478,-0.20,-1.46,2.6149,3.3617,8.6149,0
28.045,-110,-21,50,-6.60,57.02,206.5,1433,1478,-0.20,-1.46,2.6149,3.3617,8.6149,0
28.062,-115,-21,50,-6.90,57.02,206.5,1434,1478,-0.20,-1.46,2.6149,3.3617,8.6149,0
28.079,-121,-21,50,-7.26,57.02,206.5,1430,1478,-0.20,-1.46,2.6149,3.3617,8.6149,0
28.096,-127,-21,50,-7.62,57.02,206.5,1427,1478,-0.20,-1.46,2.6149,3.3617,8.6149,0
28.113,-133,-21,50,-7.98,57.02,206.5,1425,1478,-0.20,-1.46,2.6149,3.3617,8.6149,0
28.130,-139,-21,50,-8.34,57.02,206.5,1424,1478,-0.20,-1.46,2.6149,3.3617,8.6149,0
28.147,-145,-21,50,-8.70,57.02,206.5,1422,1478,-0.20,-1.46,2.6149,3.3617,8.6149,0
28.164,-152,-21,50,-9.12,57.02,206.5,1417,1478,-2.34,-1.95,2.6149,3.3617,8.6149,0
28.181,-158,-21,50,-9.48,57.02,206.5,1417,1478,-2.34,-1.95,2.6149,3.3617,8.6149,0
28.198,-164,-22,49,-10.04,58.18,206.8,1416,1478,-2.34,-1.95,2.6149,3.3617,8.6149,0
28.215,-171,-22,49,-10.47,58.18,206.8,1411,1478,-2.34,-1.95,2.9456,3.2520,8.5482,0
28.232,-177,-22,49,-10.84,58.18,206.8,1412,1478,-2.34,-1.95,2.9456,3.2520,8.5482,0
28.249,-183,-22,49,-11.20,58.18,206.8,1412,1478,-2.34,-1.95,2.9456,3.2520,8.5482,0
28.266,-189,-22,49,-11.57,58.18,206.8,1410,1478,-2.34,-1.95,2.9456,3.2520,8.5482,0
28.283,-195,-22,49,-11.94,58.18,206.8,1409,1478,-2.34,-1.95,2.9456,3.2520,8.5482,0
28.300,-201,-22,49,-12.31,58.18,206.8,1408,1478,-2.34,-1.95,2.9456,3.2520,8.5482,0
28.318,-206,-22,49,-12.61,58.18,206.8,1410,1478,-2.34,-1.95,2.9456,3.2520,8.5482,0
28.335,-211,-22,49,-12.92,58.18,206.8,1411,1478,-2.34,-1.95,2.9456,3.2520,8.5482,0
28.352,-216,-22,49,-13.22,58.18,206.8,1411,1478,-2.34,-1.95,2.9456,3.2520,8.5482,0
28.369,-221,-22,49,-13.53,58.18,206.8,1410,1478,-2.34,-1.95,2.9456,3.2520,8.5482,0
28.387,-225,-22,49,-13.78,58.18,206.8,1412,1478,-2.34,-1.95,2.9456,3.2520,8.5482,0
28.404,-231,-22,49,-14.14,58.18,206.8,1407,1478,-4.95,-2.47,2.9456,3.2520,8.5482,0
28.421,-233,-22,49,-14.27,58.18,206.8,1417,1478,-4.95,-2.47,2.9456,3.2520,8.5482,0
28.439,-235,-22,49,-14.39,58.18,206.8,1422,1478,-4.95,-2.47,2.9456,3.2520,8.5482,0
28.456,-236,-22,49,-14.45,58.18,206.8,1428,1478,-4.95,-2.47,2.9456,3.2520,8.5482,0
28.472,-237,-22,49,-14.51,58.18,206.8,1431,1478,-4.95,-2.47,2.7285,3.4157,8.7551,0
28.489,-237,-22,49,-14.51,58.18,206.8,1436,1478,-4.95,-2.47,2.7285,3.4157,8.7551,0
28.506,-237,-22,49,-14.51,58.18,206.8,1439,1478,-4.95,-2.47,2.7285,3.4157,8.7551,0
28.523,-237,-22,49,-14.51,58.18,206.8,1440,1478,-4.95,-2.47,2.7285,3.4157,8.7551,0
28.540,-236,-22,49,-14.45,58.18,206.8,1444,1478,-4.95,-2.47,2.7285,3.4157,8.7551,0
28.557,-235,-22,49,-14.39,58.18,206.8,1447,1478,-4.95,-2.47,2.7285,3.4157,8.7551,0
28.574,-233,-22,49,-14.27,58.18,206.8,1452,1478,-4.95,-2.47,2.7285,3.4157,8.7551,0
28.591,-231,-22,49,-14.14,58.18,206.8,1454,1478,-4.95,-2.47,2.7285,3.4157,8.7551,0
28.608,-228,-22,49,-13.96,58.18,206.8,1460,1478,-4.95,-2.47,2.7285,3.4157,8.7551,0
28.625,-225,-22,49,-13.78,58.18,206.8,1463,1478,-4.95,-2.47,2.7285,3.4157,8.7551,0
28.642,-221,-22,49,-13.53,58.18,206.8,1469,1478,-4.95,-2.47,2.7285,3.4157,8.7551,0
28.659,-217,-22,49,-13.29,58.18,206.8,1472,1478,-4.74,-1.87,2.7285,3.4157,8.7551,0
28.676,-213,-22,49,-13.04,58.18,206.8,1474,1478,-4.74,-1.87,2.7285,3.4157,8.7551,0
28.693,-208,-22,49,-12.73,58.18,206.8,1478,1478,-4.74,-1.87,2.7285,3.4157,8.7551,0
28.710,-204,-22,49,-12.49,58.18,206.8,1478,1478,-4.74,-1.87,2.7285,3.4157,8.7551,0
28.727,-199,-22,49,-12.18,58.18,206.8,1478,1478,-4.74,-1.87,2.2767,3.4594,8.1228,0
28.744,-194,-22,49,-11.88,58.18,206.8,1478,1478,-4.74,-1.87,2.2767,3.4594,8.1228,0
28.761,-189,-22,49,-11.57,58.18,206.8,1478,1478,-4.74,-1.87,2.2767,3.4594,8.1228,0
28.778,-184,-22,49,-11.27,58.18,206.8,1478,1478,-4.74,-1.87,2.2767,3.4594,8.1228,0
28.795,-179,-22,49,-10.96,58.18,206.8,1478,1478,-4.74,-1.87,2.2767,3.4594,8.1228,0
28.812,-173,-22,49,-10.59,58.18,206.8,1478,1478,-4.74,-1.87,2.2767,3.4594,8.1228,0
28.829,-167,-22,49,-10.22,58.18,206.8,1478,1478,-4.74,-1.87,2.2767,3.4594,8.1228,0
28.846,-161,-22,49,-9.86,58.18,206.8,1522,1478,-4.74,-1.87,2.2767,3.4594,8.1228,0
28.863,-155,-22,49,-9.49,58.18,206.8,1522,1478,-4.74,-1.87,2.2767,3.4594,8.1228,0
28.880,-149,-22,49,-9.12,58.18,206.8,1522,1478,-4.74,-1.87,2.2767,3.4594,8.1228,0
28.897,-143,-22,49,-8.76,58.18,206.8,1522,1478,-4.74,-1.87,2.2767,3.4594,8.1228,0
28.914,-136,-22,49,-8.33,58.18,206.8,1522,1478,-2.91,-1.13,2.2767,3.4594,8.1228,0
28.931,-129,-22,49,-7.90,58.18,206.8,1522,1478,-2.91,-1.13,2.2767,3.4594,8.1228,0
28.948,-122,-22,49,-7.47,58.18,206.8,1522,1478,-2.91,-1.13,2.2767,3.4594,8.1228,0
28.965,-115,-22,49,-7.04,58.18,206.8,1522,1478,-2.91,-1.13,2.6616,3.3819,8.8153,0
28.982,-107,-22,49,-6.55,58.18,206.8,1525,1478,-2.91,-1.13,2.6616,3.3819,8.8153,0
29.000,-99,-22,49,-6.06,58.18,206.8,1529,1478,-2.91,-1.13,2.6616,3.3819,8.8153,0
29.017,-90,-22,49,-5.51,58.18,206.8,1535,1478,-2.91,-1.13,2.6616,3.3819,8.8153,0
29.034,-81,-22,49,-4.96,58.18,206.8,1539,1478,-2.91,-1.13,2.6616,3.3819,8.8153,0
29.051,-72,-22,49,-4.41,58.18,206.8,1543,1478,-2.91,-1.13,2.6616,3.3819,8.8153,0
29.069,-63,-22,49,-3.86,58.18,206.8,1546,1478,-2.91,-1.13,2.6616,3.3819,8.8153,0
29.086,-53,-22,49,-3.24,58.18,206.8,1552,1478,-2.91,-1.13,2.6616,3.3819,8.8153,0
29.103,-32,-22,49,-1.96,58.18,206.8,1597,1478,-2.91,-1.13,2.6616,3.3819,8.8153,0
29.120,-22,-21,50,-1.32,57.02,206.5,1582,1478,-2.91,-1.13,2.6616,3.3819,8.8153,0
29.137,-12,-21,50,-0.72,57.02,206.5,1576,1478,-2.91,-1.13,2.6616,3.3819,8.8153,0
29.154,-1,-21,50,-0.06,57.02,206.5,1578,1478,-0.67,-0.70,2.6616,3.3819,8.8153,0
29.172,9,-21,50,0.54,57.02,206.5,1575,1478,-0.67,-0.70,2.6616,3.3819,8.8153,0
29.189,19,-22,49,1.16,58.18,206.8,1576,1478,-0.67,-0.70,2.6616,3.3819,8.8153,0
29.205,30,-22,49,1.84,58.18,206.8,1582,1478,-0.67,-0.70,2.6616,3.3819,8.8153,0
29.223,40,-21,50,2.40,57.02,206.5,1582,1478,-0.67,-0.70,2.5333,2.5512,8.8134,0
29.240,50,-21,50,3.00,57.02,206.5,1583,1478,-0.67,-0.70,2.5333,2.5512,8.8134,0
29.257,60,-21,50,3.60,57.02,206.5,1586,1478,-0.67,-0.70,2.5333,2.5512,8.8134,0
29.274,60,-21,50,3.60,57.02,206.5,1550,1478,-0.67,-0.70,2.5333,2.5512,8.8134,0
29.291,60,-21,50,3.60,57.02,206.5,1532,1478,-0.67,-0.70,2.5333,2.5512,8.8134,0
29.308,86,-21,50,5.16,57.02,206.5,1600,1478,-0.67,-0.70,2.5333,2.5512,8.8134,0
29.325,94,-21,50,5.64,57.02,206.5,1600,1478,-0.67,-0.70,2.5333,2.5512,8.8134,0
29.342,102,-21,50,6.12,57.02,206.5,1592,1478,-0.67,-0.70,2.5333,2.5512,8.8134,0
29.359,109,-21,50,6.54,57.02,206.5,1585,1478,-0.67,-0.70,2.5333,2.5512,8.8134,0
29.376,116,-21,50,6.96,57.02,206.5,1582,1478,-0.67,-0.70,2.5333,2.5512,8.8134,0
29.393,122,-21,50,7.32,57.02,206.5,1578,1478,-0.67,-0.70,2.5333,2.5512,8.8134,0
29.410,129,-21,50,7.74,57.02,206.5,1580,1478,1.71,-0.83,2.5333,2.5512,8.8134,0
29.427,135,-21,50,8.10,57.02,206.5,1579,1478,1.71,-0.83,2.5333,2.5512,8.8134,0
29.444,140,-21,50,8.40,57.02,206.5,1575,1478,1.71,-0.83,2.5333,2.5512,8.8134,0
29.461,145,-20,51,8.53,55.90,206.1,1574,1478,1.71,-0.83,3.2625,2.3212,9.6452,0
29.478,151,-20,51,8.88,55.90,206.1,1577,1478,1.71,-0.83,3.2625,2.3212,9.6452,0
29.495,153,-22,49,9.37,58.18,206.8,1565,1478,1.71,-0.83,3.2625,2.3212,9.6452,0
29.512,157,-21,50,9.42,57.02,206.5,1567,1478,1.71,-0.83,3.2625,2.3212,9.6452,0
29.529,160,-21,50,9.60,57.02,206.5,1564,1478,1.71,-0.83,3.2625,2.3212,9.6452,0
29.546,163,-21,50,9.78,57.02,206.5,1563,1478,1.71,-0.83,3.2625,2.3212,9.6452,0
29.563,165,-21,50,9.90,57.02,206.5,1559,1478,1.71,-0.83,3.2625,2.3212,9.6452,0
29.580,168,-21,50,10.08,57.02,206.5,1561,1478,1.71,-0.83,3.2625,2.3212,9.6452,0
29.597,169,-21,50,10.14,57.02,206.5,1555,1478,1.71,-0.83,3.2625,2.3212,9.6452,0
29.614,171,-21,50,10.26,57.02,206.5,1556,1478,1.71,-0.83,3.2625,2.3212,9.6452,0
29.631,171,-21,50,10.26,57.02,206.5,1549,1478,1.71,-0.83,3.2625,2.3212,9.6452,0
29.648,172,-21,50,10.32,57.02,206.5,1550,1478,1.71,-0.83,3.2625,2.3212,9.6452,0
29.665,172,-21,50,10.32,57.02,206.5,1546,1478,0.83,-0.43,3.2625,2.3212,9.6452,0
29.682,173,-21,50,10.38,57.02,206.5,1548,1478,0.83,-0.43,3.2625,2.3212,9.6452,0
29.700,173,-21,50,10.38,57.02,206.5,1545,1478,0.83,-0.43,3.2625,2.3212,9.6452,0
29.717,172,-21,50,10.32,57.02,206.5,1540,1478,0.83,-0.43,3.2408,2.4467,7.7451,0
29.734,174,-20,51,10.24,55.90,206.1,1549,1478,0.83,-0.43,3.2408,2.4467,7.7451,0
29.751,172,-20,51,10.12,55.90,206.1,1539,1478,0.83,-0.43,3.2408,2.4467,7.7451,0
29.769,171,-21,50,10.26,57.02,206.5,1537,1478,0.83,-0.43,3.2408,2.4467,7.7451,0
29.786,171,-21,50,10.26,57.02,206.5,1540,1478,0.83,-0.43,3.2408,2.4467,7.7451,0
29.803,169,-20,51,9.94,55.90,206.1,1534,1478,0.83,-0.43,3.2408,2.4467,7.7451,0
29.820,168,-20,51,9.88,55.90,206.1,1534,1478,0.83,-0.43,3.2408,2.4467,7.7451,0
29.837,166,-20,51,9.76,55.90,206.1,1530,1478,0.83,-0.43,3.2408,2.4467,7.7451,0
29.855,166,-20,51,9.76,55.90,206.1,1536,1478,0.83,-0.43,3.2408,2.4467,7.7451,0
29.872,164,-20,51,9.65,55.90,206.1,1531,1478,0.83,-0.43,3.2408,2.4467,7.7451,0
29.889,162,-21,50,9.72,57.02,206.5,1528,1478,0.83,-0.43,3.2408,2.4467,7.7451,0
29.905,160,-21,50,9.60,57.02,206.5,1527,1478,-0.94,-0.06,3.2408,2.4467,7.7451,0
29.922,160,-20,51,9.41,55.90,206.1,1533,1478,-0.94,-0.06,3.2408,2.4467,7.7451,0
29.939,157,-21,50,9.42,57.02,206.5,1525,1478,-0.94,-0.06,3.2408,2.4467,7.7451,0
29.956,156,-20,51,9.18,55.90,206.1,1528,1478,-0.94,-0.06,3.2408,2.4467,7.7451,0
29.974,154,-21,50,9.24,57.02,206.5,1526,1478,-0.94,-0.06,3.0717,2.0295,7.9885,0
29.990,153,-21,50,9.18,57.02,206.5,1528,1478,-0.94,-0.06,3.0717,2.0295,7.9885,0
30.007,152,-21,50,9.12,57.02,206.5,1529,1478,-0.94,-0.06,3.0717,2.0295,7.9885,0
30.024,151,-21,50,9.06,57.02,206.5,1530,1478,-0.94,-0.06,3.0717,2.0295,7.9885,0
30.041,151,-21,50,9.06,57.02,206.5,1533,1478,-0.94,-0.06,3.0717,2.0295,7.9885,0
30.058,150,-21,50,9.00,57.02,206.5,1532,1478,-0.94,-0.06,3.0717,2.0295,7.9885,0
30.075,150,-21,50,9.00,57.02,206.5,1534,1478,-0.94,-0.06,3.0717,2.0295,7.9885,0
30.092,150,-21,50,9.00,57.02,206.5,1536,1478,-0.94,-0.06,3.0717,2.0295,7.9885,0
30.109,149,-21,50,8.94,57.02,206.5,1533,1478,-0.94,-0.06,3.0717,2.0295,7.9885,0
30.126,151,-22,49,9.24,58.18,206.8,1542,1478,-0.94,-0.06,3.0717,2.0295,7.9885,0
30.143,149,-22,49,9.12,58.18,206.8,1532,1478,-0.94,-0.06,3.0717,2.0295,7.9885,0
30.160,149,-22,49,9.12,58.18,206.8,1535,1478,-1.37,0.08,3.0717,2.0295,7.9885,0
30.177,148,-22,49,9.06,58.18,206.8,1532,1478,-1.37,0.08,3.0717,2.0295,7.9885,0
30.194,147,-22,49,9.00,58.18,206.8,1530,1478,-1.37,0.08,3.0717,2.0295,7.9885,0
30.211,145,-22,49,8.88,58.18,206.8,1526,1478,-1.37,0.08,3.1526,1.9350,8.7050,0
30.228,143,-22,49,8.76,58.18,206.8,1523,1478,-1.37,0.08,3.1526,1.9350,8.7050,0
30.245,141,-23,48,8.81,59.39,207.2,1522,1478,-1.37,0.08,3.1526,1.9350,8.7050,0
30.262,139,-23,48,8.69,59.39,207.2,1522,1478,-1.37,0.08,3.1526,1.9350,8.7050,0
30.279,137,-23,48,8.56,59.39,207.2,1522,1478,-1.37,0.08,3.1526,1.9350,8.7050,0
30.296,135,-23,48,8.44,59.39,207.2,1522,1478,-1.37,0.08,3.1526,1.9350,8.7050,0
30.313,133,-23,48,8.31,59.39,207.2,1522,1478,-1.37,0.08,3.1526,1.9350,8.7050,0
30.330,129,-24,47,8.23,60.66,207.5,1522,1478,-1.37,0.08,3.1526,1.9350,8.7050,0
30.347,128,-24,47,8.17,60.66,207.5,1522,1478,-1.37,0.08,3.1526,1.9350,8.7050,0
30.364,125,-24,47,7.98,60.66,207.5,1522,1478,-1.37,0.08,3.1526,1.9350,8.7050,0
30.381,124,-24,47,7.91,60.66,207.5,1522,1478,-1.37,0.08,3.1526,1.9350,8.7050,0
30.398,122,-24,47,7.79,60.66,207.5,1522,1478,-1.78,-0.46,3.1526,1.9350,8.7050,0
30.415,122,-24,47,7.79,60.66,207.5,1524,1478,-1.78,-0.46,3.1526,1.9350,8.7050,0
30.432,121,-24,47,7.72,60.66,207.5,1523,1478,-1.78,-0.46,3.1526,1.9350,8.7050,0
30.451,118,-25,46,7.70,61.98,207.9,1522,1478,-1.78,-0.46,3.1526,1.9350,8.7050,0
30.468,117,-26,45,7.80,63.35,208.2,1522,1478,-1.78,-0.46,3.1526,1.9350,8.7050,0
30.486,117,-26,45,7.80,63.35,208.2,1524,1478,-1.78,-0.46,3.1526,1.9350,8.7050,0
30.503,117,-26,45,7.80,63.35,208.2,1526,1478,-1.78,-0.46,3.1526,1.9350,8.7050,0
30.520,116,-26,45,7.73,63.35,208.2,1524,1478,-1.78,-0.46,3.1526,1.9350,8.7050,0
30.537,117,-26,45,7.80,63.35,208.2,1530,1478,-1.78,-0.46,3.1526,1.9350,8.7050,0
30.553,118,-26,45,7.87,63.35,208.2,1533,1478,-1.78,-0.46,3.1526,1.9350,8.7050,0
30.570,118,-27,44,8.05,64.79,208.6,1531,1478,-1.78,-0.46,3.1526,1.9350,8.7050,0
30.587,119,-27,44,8.11,64.79,208.6,1534,1478,-1.78,-0.46,3.1526,1.9350,8.7050,0
30.604,120,-27,44,8.18,64.79,208.6,1535,1478,-1.78,-0.46,3.1526,1.9350,8.7050,0
30.622,121,-27,44,8.25,64.79,208.6,1536,1478,-1.78,-0.46,3.1526,1.9350,8.7050,0
30.638,121,-27,44,8.25,64.79,208.6,1533,1478,-1.78,-0.46,3.1526,1.9350,8.7050,0
30.655,122,-28,43,8.51,66.30,208.9,1535,1478,-1.79,-0.98,3.1526,1.9350,8.7050,0
30.672,123,-28,43,8.58,66.30,208.9,1536,1478,-1.79,-0.98,3.1526,1.9350,8.7050,0
30.689,124,-28,43,8.65,66.30,208.9,1537,1478,-1.79,-0.98,3.1526,1.9350,8.7050,0
30.706,124,-28,43,8.65,66.30,208.9,1534,1478,-1.79,-0.98,3.1526,1.9350,8.7050,0
30.723,124,-28,43,8.65,66.30,208.9,1532,1478,-1.79,-0.98,3.1526,1.9350,8.7050,0
30.740,125,-28,43,8.72,66.30,208.9,1535,1478,-1.79,-0.98,3.1526,1.9350,8.7050,0
30.757,126,-29,42,9.00,67.88,209.3,1537,1478,-1.79,-0.98,3.1526,1.9350,8.7050,0
30.774,126,-29,42,9.00,67.88,209.3,1534,1478,-1.79,-0.98,3.1526,1.9350,8.7050,0
30.791,127,-29,42,9.07,67.88,209.3,1536,1478,-1.79,-0.98,3.1526,1.9350,8.7050,0
30.808,127,-29,42,9.07,67.88,209.3,1534,1478,-1.79,-0.98,3.1526,1.9350,8.7050,0
30.825,127,-29,42,9.07,67.88,209.3,1533,1478,-1.79,-0.98,3.1526,1.9350,8.7050,0
30.842,127,-29,42,9.07,67.88,209.3,1532,1478,-1.79,-0.98,3.1526,1.9350,8.7050,0
30.859,126,-30,41,9.22,69.53,209.6,1528,1478,-1.79,-0.98,3.1526,1.9350,8.7050,0
30.876,126,-30,41,9.22,69.53,209.6,1530,1478,-1.79,-0.98,3.1526,1.9350,8.7050,0
30.893,125,-30,41,9.15,69.53,209.6,1527,1478,-1.79,-0.98,3.1526,1.9350,8.7050,0
30.910,124,-30,41,9.07,69.53,209.6,1525,1478,-1.79,-0.98,3.1526,1.9350,8.7050,0
30.927,123,-30,41,9.00,69.53,209.6,1524,1478,-1.79,-0.98,3.1526,1.9350,8.7050,0
30.944,122,-30,41,8.93,69.53,209.6,1523,1478,-1.79,-0.98,1.6343,2.8183,8.2876,0
30.961,121,-31,40,9.07,71.27,210.0,1523,1478,-1.77,-1.54,1.6343,2.8183,8.2876,0
30.978,120,-31,40,9.00,71.27,210.0,1523,1478,-1.77,-1.54,1.6343,2.8183,8.2876,0
30.995,119,-31,40,8.93,71.27,210.0,1522,1478,-1.77,-1.54,1.6343,2.8183,8.2876,0
31.012,118,-31,40,8.85,71.27,210.0,1522,1478,-1.77,-1.54,1.6343,2.8183,8.2876,0
31.029,117,-31,40,8.78,71.27,210.0,1522,1478,-1.77,-1.54,1.6343,2.8183,8.2876,0
31.047,115,-32,39,8.85,73.10,210.3,1522,1478,-1.77,-1.54,1.6343,2.8183,8.2876,0
31.064,114,-32,39,8.77,73.10,210.3,1522,1478,-1.77,-1.54,1.6343,2.8183,8.2876,0
31.080,113,-32,39,8.69,73.10,210.3,1522,1478,-1.77,-1.54,1.6343,2.8183,8.2876,0
31.098,112,-32,39,8.62,73.10,210.3,1522,1478,-1.77,-1.54,1.6343,2.8183,8.2876,0
31.115,111,-33,38,8.76,75.02,210.7,1522,1478,-1.77,-1.54,1.6343,2.8183,8.2876,0
31.132,110,-33,38,8.68,75.02,210.7,1522,1478,-1.77,-1.54,1.6343,2.8183,8.2876,0
31.151,109,-33,38,8.61,75.02,210.7,1522,1478,-2.34,-1.94,1.6343,2.8183,8.2876,0
31.168,107,-34,37,8.68,77.05,211.0,1522,1478,-2.34,-1.94,1.6343,2.8183,8.2876,0
31.185,107,-34,37,8.68,77.05,211.0,1522,1478,-2.34,-1.94,1.6343,2.8183,8.2876,0
31.202,106,-34,37,8.59,77.05,211.0,1522,1478,-2.34,-1.94,1.6343,2.8183,8.2876,0
31.219,105,-34,37,8.51,77.05,211.0,1522,1478,-2.34,-1.94,1.6343,2.8183,8.2876,0
31.236,104,-34,37,8.43,77.05,211.0,1522,1478,-2.34,-1.94,1.6343,2.8183,8.2876,0
31.253,103,-34,37,8.35,77.05,211.0,1522,1478,-2.34,-1.94,1.6343,2.8183,8.2876,0
31.270,102,-35,36,8.50,79.19,211.4,1522,1478,-2.34,-1.94,1.6343,2.8183,8.2876,0
31.290,101,-35,36,8.42,79.19,211.4,1522,1478,-2.34,-1.94,1.6343,2.8183,8.2876,0
31.308,101,-35,36,8.42,79.19,211.4,1522,1478,-2.34,-1.94,1.6343,2.8183,8.2876,0
31.325,101,-35,36,8.42,79.19,211.4,1523,1478,-2.34,-1.94,1.6343,2.8183,8.2876,0
31.342,101,-36,35,8.66,81.45,211.8,1524,1478,-2.34,-1.94,1.6343,2.8183,8.2876,0
31.359,101,-36,35,8.66,81.45,211.8,1524,1478,-2.34,-1.94,1.6343,2.8183,8.2876,0
31.376,101,-36,35,8.66,81.45,211.8,1525,1478,-2.34,-1.94,1.6343,2.8183,8.2876,0
31.393,102,-36,35,8.74,81.45,211.8,1529,1478,-2.34,-1.94,1.6343,2.8183,8.2876,0
31.410,103,-36,35,8.83,81.45,211.8,1531,1478,-2.34,-1.94,1.6343,2.8183,8.2876,0
31.426,104,-36,35,8.91,81.45,211.8,1532,1478,-2.34,-1.94,1.6343,2.8183,8.2876,0
31.443,104,-36,35,8.91,81.45,211.8,1529,1478,-2.34,-1.94,2.6793,2.8252,7.8125,0
31.461,106,-36,35,9.09,81.45,211.8,1535,1478,-2.34,-1.94,2.6793,2.8252,7.8125,0
31.478,107,-37,34,9.44,83.85,212.1,1534,1478,-2.32,-2.66,2.6793,2.8252,7.8125,0
31.495,108,-37,34,9.53,83.85,212.1,1534,1478,-2.32,-2.66,2.6793,2.8252,7.8125,0
31.512,109,-37,34,9.62,83.85,212.1,1534,1478,-2.32,-2.66,2.6793,2.8252,7.8125,0
31.529,110,-38,33,10.00,86.39,212.4,1534,1478,-2.32,-2.66,2.6793,2.8252,7.8125,0
31.546,111,-38,33,10.09,86.39,212.4,1534,1478,-2.32,-2.66,2.6793,2.8252,7.8125,0
31.563,112,-38,33,10.18,86.39,212.4,1535,1478,-2.32,-2.66,2.6793,2.8252,7.8125,0
31.580,112,-38,33,10.18,86.39,212.4,1531,1478,-2.32,-2.66,2.6793,2.8252,7.8125,0
31.597,112,-38,33,10.18,86.39,212.4,1529,1478,-2.32,-2.66,2.6793,2.8252,7.8125,0
31.614,111,-38,33,10.09,86.39,212.4,1525,1478,-2.32,-2.66,2.6793,2.8252,7.8125,0
31.631,111,-38,33,10.09,86.39,212.4,1526,1478,-2.32,-2.66,2.6793,2.8252,7.8125,0
31.649,110,-39,32,10.31,89.09,212.8,1523,1478,-0.56,-3.78,2.6793,2.8252,7.8125,0
31.666,110,-39,32,10.31,89.09,212.8,1525,1478,-0.56,-3.78,2.6793,2.8252,7.8125,0
31.683,110,-39,32,10.31,89.09,212.8,1526,1478,-0.56,-3.78,2.6793,2.8252,7.8125,0
31.701,108,-39,32,10.12,89.09,212.8,1522,1478,-0.56,-3.78,2.6793,2.8252,7.8125,0
31.718,108,-39,32,10.12,89.09,212.8,1523,1478,-0.56,-3.78,2.6793,2.8252,7.8125,0
31.735,107,-39,32,10.03,89.09,212.8,1522,1478,-0.56,-3.78,2.6793,2.8252,7.8125,0
31.752,107,-39,32,10.03,89.09,212.8,1524,1478,-0.56,-3.78,2.6793,2.8252,7.8125,0
31.769,106,-40,31,10.26,91.96,213.1,1522,1478,-0.56,-3.78,2.6793,2.8252,7.8125,0
31.786,105,-40,31,10.16,91.96,213.1,1522,1478,-0.56,-3.78,2.6793,2.8252,7.8125,0
31.803,105,-40,31,10.16,91.96,213.1,1523,1478,-0.56,-3.78,2.6793,2.8252,7.8125,0
31.820,104,-40,31,10.06,91.96,213.1,1522,1478,-0.56,-3.78,2.6793,2.8252,7.8125,0
31.837,103,-40,31,9.97,91.96,213.1,1522,1478,-0.56,-3.78,2.6793,2.8252,7.8125,0
31.854,103,-40,31,9.97,91.96,213.1,1522,1478,-0.56,-3.78,2.6793,2.8252,7.8125,0
31.871,102,-40,31,9.87,91.96,213.1,1522,1478,-0.56,-3.78,2.6793,2.8252,7.8125,0
31.888,101,-40,31,9.77,91.96,213.1,1522,1478,-0.56,-3.78,2.6793,2.8252,7.8125,0
31.905,100,-40,31,9.68,91.96,213.1,1522,1478,-0.56,-3.78,2.6793,2.8252,7.8125,0
31.922,99,-41,30,9.90,95.03,213.5,1522,1478,-0.56,-3.78,2.6793,2.8252,7.8125,0
31.939,98,-41,30,9.80,95.03,213.5,1522,1478,-0.56,-3.78,2.6793,2.8252,7.8125,0
31.956,97,-41,30,9.70,95.03,213.5,1522,1478,-0.56,-3.78,2.3129,3.7513,8.8077,0
31.973,96,-41,30,9.60,95.03,213.5,1522,1478,0.33,-3.92,2.3129,3.7513,8.8077,0
31.990,96,-41,30,9.60,95.03,213.5,1522,1478,0.33,-3.92,2.3129,3.7513,8.8077,0
32.007,95,-41,30,9.50,95.03,213.5,1522,1478,0.33,-3.92,2.3129,3.7513,8.8077,0
32.024,94,-41,30,9.40,95.03,213.5,1522,1478,0.33,-3.92,2.3129,3.7513,8.8077,0
32.041,94,-41,30,9.40,95.03,213.5,1522,1478,0.33,-3.92,2.3129,3.7513,8.8077,0
32.058,95,-41,30,9.50,95.03,213.5,1525,1478,0.33,-3.92,2.3129,3.7513,8.8077,0
32.075,95,-41,30,9.50,95.03,213.5,1524,1478,0.33,-3.92,2.3129,3.7513,8.8077,0
32.092,95,-41,30,9.50,95.03,213.5,1524,1478,0.33,-3.92,2.3129,3.7513,8.8077,0
32.109,95,-41,30,9.50,95.03,213.5,1524,1478,0.33,-3.92,2.3129,3.7513,8.8077,0
32.126,95,-41,30,9.50,95.03,213.5,1523,1478,0.33,-3.92,2.3129,3.7513,8.8077,0
32.143,95,-41,30,9.50,95.03,213.5,1523,1478,0.27,-3.79,2.3129,3.7513,8.8077,0
32.160,94,-42,29,9.72,98.31,213.8,1522,1478,0.27,-3.79,2.3129,3.7513,8.8077,0
32.177,93,-42,29,9.62,98.31,213.8,1522,1478,0.27,-3.79,2.3129,3.7513,8.8077,0
32.194,92,-42,29,9.52,98.31,213.8,1522,1478,0.27,-3.79,2.3129,3.7513,8.8077,0
32.211,91,-42,29,9.41,98.31,213.8,1522,1478,0.27,-3.79,2.3129,3.7513,8.8077,0
32.228,90,-42,29,9.31,98.31,213.8,1522,1478,0.27,-3.79,2.3129,3.7513,8.8077,0
32.245,89,-42,29,9.21,98.31,213.8,1522,1478,0.27,-3.79,2.3129,3.7513,8.8077,0
32.263,88,-42,29,9.10,98.31,213.8,1522,1478,0.27,-3.79,2.3129,3.7513,8.8077,0
32.280,87,-42,29,9.00,98.31,213.8,1522,1478,0.27,-3.79,2.3129,3.7513,8.8077,0
32.297,87,-42,29,9.00,98.31,213.8,1522,1478,0.27,-3.79,2.3129,3.7513,8.8077,0
32.314,86,-42,29,8.90,98.31,213.8,1522,1478,0.27,-3.79,2.3129,3.7513,8.8077,0
32.331,85,-42,29,8.79,98.31,213.8,1522,1478,0.27,-3.79,2.3129,3.7513,8.8077,0
32.349,84,-42,29,8.69,98.31,213.8,1522,1478,0.27,-3.79,2.3129,3.7513,8.8077,0
32.368,83,-42,29,8.59,98.31,213.8,1522,1478,0.27,-3.79,2.3129,3.7513,8.8077,0
32.385,83,-42,29,8.59,98.31,213.8,1522,1478,0.27,-3.79,2.3129,3.7513,8.8077,0
32.402,82,-42,29,8.48,98.31,213.8,1522,1478,0.27,-3.79,2.3129,3.7513,8.8077,0
32.419,81,-42,29,8.38,98.31,213.8,1522,1478,0.27,-3.79,2.3129,3.7513,8.8077,0
32.436,81,-42,29,8.38,98.31,213.8,1522,1478,0.27,-3.79,2.3129,3.7513,8.8077,0
32.453,80,-42,29,8.28,98.31,213.8,1522,1478,0.27,-3.79,2.7812,2.7167,7.9280,0
32.470,79,-42,29,8.17,98.31,213.8,1522,1478,0.31,-3.24,2.7812,2.7167,7.9280,0
32.487,79,-42,29,8.17,98.31,213.8,1522,1478,0.31,-3.24,2.7812,2.7167,7.9280,0
32.504,78,-41,30,7.80,95.03,213.5,1522,1478,0.31,-3.24,2.7812,2.7167,7.9280,0
32.521,77,-41,30,7.70,95.03,213.5,1522,1478,0.31,-3.24,2.7812,2.7167,7.9280,0
32.538,77,-42,29,7.97,98.31,213.8,1522,1478,0.31,-3.24,2.7812,2.7167,7.9280,0
32.555,76,-41,30,7.60,95.03,213.5,1522,1478,0.31,-3.24,2.7812,2.7167,7.9280,0
32.572,75,-41,30,7.50,95.03,213.5,1522,1478,0.31,-3.24,2.7812,2.7167,7.9280,0
32.589,74,-41,30,7.40,95.03,213.5,1522,1478,0.31,-3.24,2.7812,2.7167,7.9280,0
32.606,73,-41,30,7.30,95.03,213.5,1522,1478,0.31,-3.24,2.7812,2.7167,7.9280,0
32.623,71,-41,30,7.10,95.03,213.5,1522,1478,0.31,-3.24,2.7812,2.7167,7.9280,0
32.640,69,-41,30,6.90,95.03,213.5,1522,1478,0.31,-3.24,2.7812,2.7167,7.9280,0
32.657,67,-41,30,6.70,95.03,213.5,1522,1478,-0.07,-2.37,2.7812,2.7167,7.9280,0
32.674,64,-41,30,6.40,95.03,213.5,1478,1478,-0.07,-2.37,2.7812,2.7167,7.9280,0
32.691,62,-41,30,6.20,95.03,213.5,1500,1478,-0.07,-2.37,2.7812,2.7167,7.9280,0
32.708,59,-41,30,5.90,95.03,213.5,1478,1478,-0.07,-2.37,2.7812,2.7167,7.9280,0
32.725,55,-41,30,5.50,95.03,213.5,1478,1478,-0.07,-2.37,2.7812,2.7167,7.9280,0
32.742,52,-41,30,5.20,95.03,213.5,1478,1478,-0.07,-2.37,2.7812,2.7167,7.9280,0
32.759,48,-41,30,4.80,95.03,213.5,1478,1478,-0.07,-2.37,2.7812,2.7167,7.9280,0
32.776,44,-41,30,4.40,95.03,213.5,1478,1478,-0.07,-2.37,2.7812,2.7167,7.9280,0
32.793,40,-41,30,4.00,95.03,213.5,1478,1478,-0.07,-2.37,2.7812,2.7167,7.9280,0
32.810,36,-41,30,3.60,95.03,213.5,1478,1478,-0.07,-2.37,2.7812,2.7167,7.9280,0
32.828,31,-41,30,3.10,95.03,213.5,1477,1478,-0.07,-2.37,2.7812,2.7167,7.9280,0
32.845,28,-41,30,2.80,95.03,213.5,1478,1478,-0.07,-2.37,2.7812,2.7167,7.9280,0
32.862,24,-41,30,2.40,95.03,213.5,1478,1478,-0.07,-2.37,2.7812,2.7167,7.9280,0
32.879,20,-41,30,2.00,95.03,213.5,1478,1478,-0.07,-2.37,2.7812,2.7167,7.9280,0
32.896,16,-41,30,1.60,95.03,213.5,1477,1478,-0.07,-2.37,2.7812,2.7167,7.9280,0
32.913,12,-41,30,1.20,95.03,213.5,1476,1478,-0.07,-2.37,2.7812,2.7167,7.9280,0
32.931,8,-41,30,0.80,95.03,213.5,1475,1478,-0.07,-2.37,2.7812,2.7167,7.9280,0
32.948,4,-41,30,0.40,95.03,213.5,1474,1478,-0.07,-2.37,3.2917,3.2815,7.4131,0
32.965,0,-41,30,0.00,95.03,213.5,1473,1478,-0.49,-1.52,3.2917,3.2815,7.4131,0
32.982,-4,-41,30,-0.40,95.03,213.5,1472,1478,-0.49,-1.52,3.2917,3.2815,7.4131,0
32.999,-8,-41,30,-0.80,95.03,213.5,1471,1478,-0.49,-1.52,3.2917,3.2815,7.4131,0
33.017,-12,-41,30,-1.20,95.03,213.5,1470,1478,-0.49,-1.52,3.2917,3.2815,7.4131,0
33.034,-19,-41,30,-1.90,95.03,213.5,1457,1478,-0.49,-1.52,3.2917,3.2815,7.4131,0
33.051,-22,-41,30,-2.20,95.03,213.5,1465,1478,-0.49,-1.52,3.2917,3.2815,7.4131,0
33.068,-25,-41,30,-2.50,95.03,213.5,1469,1478,-0.49,-1.52,3.2917,3.2815,7.4131,0
33.085,-28,-41,30,-2.80,95.03,213.5,1470,1478,-0.49,-1.52,3.2917,3.2815,7.4131,0
33.102,-30,-41,30,-3.00,95.03,213.5,1474,1478,-0.49,-1.52,3.2917,3.2815,7.4131,0
33.119,-32,-41,30,-3.20,95.03,213.5,1476,1478,-0.49,-1.52,3.2917,3.2815,7.4131,0
33.136,-35,-41,30,-3.50,95.03,213.5,1473,1478,-0.49,-1.52,3.2917,3.2815,7.4131,0
33.153,-37,-41,30,-3.70,95.03,213.5,1475,1478,-1.07,-1.66,3.2917,3.2815,7.4131,0
33.170,-40,-41,30,-4.00,95.03,213.5,1472,1478,-1.07,-1.66,3.2917,3.2815,7.4131,0
33.187,-42,-41,30,-4.20,95.03,213.5,1474,1478,-1.07,-1.66,3.2917,3.2815,7.4131,0
33.204,-42,-41,30,-4.20,95.03,213.5,1478,1478,-1.07,-1.66,3.2917,3.2815,7.4131,0
33.221,-42,-41,30,-4.20,95.03,213.5,1478,1478,-1.07,-1.66,3.2917,3.2815,7.4131,0
33.238,-51,-41,30,-5.10,95.03,213.5,1454,1478,-1.07,-1.66,3.2917,3.2815,7.4131,0
33.255,-54,-41,30,-5.40,95.03,213.5,1460,1478,-1.07,-1.66,3.2917,3.2815,7.4131,0
33.272,-57,-41,30,-5.70,95.03,213.5,1462,1478,-1.07,-1.66,3.2917,3.2815,7.4131,0
33.289,-60,-41,30,-6.00,95.03,213.5,1463,1478,-1.07,-1.66,3.2917,3.2815,7.4131,0
33.306,-62,-41,30,-6.20,95.03,213.5,1467,1478,-1.07,-1.66,3.2917,3.2815,7.4131,0
33.323,-64,-41,30,-6.40,95.03,213.5,1468,1478,-1.07,-1.66,3.2917,3.2815,7.4131,0
33.340,-67,-41,30,-6.70,95.03,213.5,1465,1478,-1.07,-1.66,3.2917,3.2815,7.4131,0
33.357,-69,-41,30,-6.90,95.03,213.5,1467,1478,-1.07,-1.66,3.2917,3.2815,7.4131,0
33.374,-71,-41,30,-7.10,95.03,213.5,1467,1478,-1.07,-1.66,3.2917,3.2815,7.4131,0
33.390,-73,-41,30,-7.30,95.03,213.5,1468,1478,-1.07,-1.66,3.2917,3.2815,7.4131,0
33.407,-75,-41,30,-7.50,95.03,213.5,1467,1478,-1.07,-1.66,3.2917,3.2815,7.4131,0
33.424,-76,-41,30,-7.60,95.03,213.5,1471,1478,-1.07,-1.66,3.2917,3.2815,7.4131,0
33.441,-78,-41,30,-7.80,95.03,213.5,1469,1478,-1.07,-1.66,2.8265,3.8753,6.7218,0
33.458,-79,-41,30,-7.90,95.03,213.5,1471,1478,-0.89,-1.99,2.8265,3.8753,6.7218,0
33.475,-81,-41,30,-8.10,95.03,213.5,1468,1478,-0.89,-1.99,2.8265,3.8753,6.7218,0
33.492,-82,-41,30,-8.20,95.03,213.5,1470,1478,-0.89,-1.99,2.8265,3.8753,6.7218,0
33.509,-83,-41,30,-8.30,95.03,213.5,1471,1478,-0.89,-1.99,2.8265,3.8753,6.7218,0
33.526,-85,-41,30,-8.50,95.03,213.5,1468,1478,-0.89,-1.99,2.8265,3.8753,6.7218,0
33.543,-86,-41,30,-8.60,95.03,213.5,1470,1478,-0.89,-1.99,2.8265,3.8753,6.7218,0
33.560,-88,-41,30,-8.80,95.03,213.5,1467,1478,-0.89,-1.99,2.8265,3.8753,6.7218,0
33.577,-90,-41,30,-9.00,95.03,213.5,1465,1478,-0.89,-1.99,2.8265,3.8753,6.7218,0
33.595,-91,-41,30,-9.10,95.03,213.5,1468,1478,-0.89,-1.99,2.8265,3.8753,6.7218,0
33.612,-93,-41,30,-9.30,95.03,213.5,1465,1478,-0.89,-1.99,2.8265,3.8753,6.7218,0
33.629,-94,-41,30,-9.40,95.03,213.5,1468,1478,-0.89,-1.99,2.8265,3.8753,6.7218,0
33.647,-96,-41,30,-9.60,95.03,213.5,1465,1478,-1.25,-2.72,2.8265,3.8753,6.7218,0
33.665,-99,-41,30,-9.90,95.03,213.5,1459,1478,-1.25,-2.72,2.8265,3.8753,6.7218,0
33.682,-101,-41,30,-10.10,95.03,213.5,1460,1478,-1.25,-2.72,2.8265,3.8753,6.7218,0
33.699,-103,-41,30,-10.30,95.03,213.5,1460,1478,-1.25,-2.72,2.8265,3.8753,6.7218,0
33.716,-103,-41,30,-10.30,95.03,213.5,1467,1478,-1.25,-2.72,2.8265,3.8753,6.7218,0
33.733,-108,-41,30,-10.80,95.03,213.5,1453,1478,-1.25,-2.72,2.8265,3.8753,6.7218,0
33.750,-110,-41,30,-11.00,95.03,213.5,1456,1478,-1.25,-2.72,2.8265,3.8753,6.7218,0
33.767,-110,-41,30,-11.00,95.03,213.5,1464,1478,-1.25,-2.72,2.8265,3.8753,6.7218,0
33.784,-110,-41,30,-11.00,95.03,213.5,1469,1478,-1.25,-2.72,2.8265,3.8753,6.7218,0
33.802,-116,-41,30,-11.60,95.03,213.5,1449,1478,-1.25,-2.72,2.8265,3.8753,6.7218,0
33.819,-121,-41,30,-12.10,95.03,213.5,1442,1478,-1.25,-2.72,2.8265,3.8753,6.7218,0
33.836,-125,-41,30,-12.50,95.03,213.5,1441,1478,-1.25,-2.72,2.8265,3.8753,6.7218,0
33.853,-128,-41,30,-12.80,95.03,213.5,1444,1478,-1.25,-2.72,2.8265,3.8753,6.7218,0
33.870,-131,-41,30,-13.10,95.03,213.5,1445,1478,-1.25,-2.72,2.8265,3.8753,6.7218,0
33.887,-134,-41,30,-13.40,95.03,213.5,1445,1478,-1.25,-2.72,2.8265,3.8753,6.7218,0
33.904,-137,-41,30,-13.70,95.03,213.5,1444,1478,-1.25,-2.72,2.8265,3.8753,6.7218,0
33.921,-140,-41,30,-14.00,95.03,213.5,1444,1478,-1.25,-2.72,2.8265,3.8753,6.7218,0
33.938,-143,-41,30,-14.30,95.03,213.5,1443,1478,-1.25,-2.72,2.8265,3.8753,6.7218,0
33.955,-146,-41,30,-14.60,95.03,213.5,1443,1478,-1.25,-2.72,1.7320,3.5128,8.1992,0
33.972,-149,-41,30,-14.90,95.03,213.5,1442,1478,-2.24,-2.69,1.7320,3.5128,8.1992,0
33.989,-152,-41,30,-15.20,95.03,213.5,1441,1478,-2.24,-2.69,1.7320,3.5128,8.1992,0
34.006,-155,-41,30,-15.50,95.03,213.5,1440,1478,-2.24,-2.69,1.7320,3.5128,8.1992,0
34.023,-158,-41,30,-15.80,95.03,213.5,1440,1478,-2.24,-2.69,1.7320,3.5128,8.1992,0
34.040,-161,-41,30,-16.10,95.03,213.5,1439,1478,-2.24,-2.69,1.7320,3.5128,8.1992,0
34.057,-164,-41,30,-16.40,95.03,213.5,1438,1478,-2.24,-2.69,1.7320,3.5128,8.1992,0
34.074,-167,-41,30,-16.70,95.03,213.5,1437,1478,-2.24,-2.69,1.7320,3.5128,8.1992,0
34.091,-170,-41,30,-17.00,95.03,213.5,1437,1478,-2.24,-2.69,1.7320,3.5128,8.1992,0
34.108,-173,-41,30,-17.30,95.03,213.5,1436,1478,-2.24,-2.69,1.7320,3.5128,8.1992,0
34.125,-176,-40,31,-17.03,91.96,213.1,1435,1478,-2.24,-2.69,1.7320,3.5128,8.1992,0
34.142,-179,-40,31,-17.32,91.96,213.1,1434,1478,-2.24,-2.69,1.7320,3.5128,8.1992,0
34.159,-182,-40,31,-17.61,91.96,213.1,1434,1478,-4.10,-2.37,1.7320,3.5128,8.1992,0
34.176,-184,-40,31,-17.81,91.96,213.1,1437,1478,-4.10,-2.37,1.7320,3.5128,8.1992,0
34.193,-186,-41,30,-18.60,95.03,213.5,1438,1478,-4.10,-2.37,1.7320,3.5128,8.1992,0
34.210,-188,-41,30,-18.80,95.03,213.5,1438,1478,-4.10,-2.37,1.7320,3.5128,8.1992,0
34.227,-190,-40,31,-18.39,91.96,213.1,1438,1478,-4.10,-2.37,1.7320,3.5128,8.1992,0
34.244,-192,-40,31,-18.58,91.96,213.1,1438,1478,-4.10,-2.37,1.7320,3.5128,8.1992,0
34.261,-192,-40,31,-18.58,91.96,213.1,1445,1478,-4.10,-2.37,1.7320,3.5128,8.1992,0
34.278,-195,-40,31,-18.87,91.96,213.1,1437,1478,-4.10,-2.37,1.7320,3.5128,8.1992,0
34.296,-196,-40,31,-18.97,91.96,213.1,1441,1478,-4.10,-2.37,1.7320,3.5128,8.1992,0
34.313,-198,-40,31,-19.16,91.96,213.1,1439,1478,-4.10,-2.37,1.7320,3.5128,8.1992,0
34.331,-201,-40,31,-19.45,91.96,213.1,1434,1478,-4.10,-2.37,1.7320,3.5128,8.1992,0
34.348,-201,-40,31,-19.45,91.96,213.1,1442,1478,-4.10,-2.37,1.7320,3.5128,8.1992,0
34.365,-203,-40,31,-19.65,91.96,213.1,1439,1478,-4.10,-2.37,1.7320,3.5128,8.1992,0
34.382,-206,-40,31,-19.94,91.96,213.1,1433,1478,-4.10,-2.37,1.7320,3.5128,8.1992,0
34.399,-207,-40,31,-20.03,91.96,213.1,1437,1478,-4.10,-2.37,1.7320,3.5128,8.1992,0
34.416,-209,-40,31,-20.23,91.96,213.1,1435,1478,-4.10,-2.37,1.7320,3.5128,8.1992,0
34.433,-209,-39,32,-19.59,89.09,212.8,1442,1478,-4.10,-2.37,1.7320,3.5128,8.1992,0
34.450,-210,-39,32,-19.69,89.09,212.8,1441,1478,-4.10,-2.37,3.1643,2.6343,9.2017,0
34.467,-211,-39,32,-19.78,89.09,212.8,1441,1478,-4.12,-1.98,3.1643,2.6343,9.2017,0
34.484,-212,-39,32,-19.88,89.09,212.8,1440,1478,-4.12,-1.98,3.1643,2.6343,9.2017,0
34.501,-212,-39,32,-19.88,89.09,212.8,1444,1478,-4.12,-1.98,3.1643,2.6343,9.2017,0
34.518,-213,-39,32,-19.97,89.09,212.8,1442,1478,-4.12,-1.98,3.1643,2.6343,9.2017,0
34.535,-213,-39,32,-19.97,89.09,212.8,1445,1478,-4.12,-1.98,3.1643,2.6343,9.2017,0
34.552,-213,-39,32,-19.97,89.09,212.8,1446,1478,-4.12,-1.98,3.1643,2.6343,9.2017,0
34.569,-211,-39,32,-19.78,89.09,212.8,1454,1478,-4.12,-1.98,3.1643,2.6343,9.2017,0
34.586,-212,-39,32,-19.88,89.09,212.8,1447,1478,-4.12,-1.98,3.1643,2.6343,9.2017,0
34.603,-211,-39,32,-19.78,89.09,212.8,1451,1478,-4.12,-1.98,3.1643,2.6343,9.2017,0
34.620,-210,-39,32,-19.69,89.09,212.8,1453,1478,-4.12,-1.98,3.1643,2.6343,9.2017,0
34.637,-208,-38,33,-18.91,86.39,212.4,1458,1478,-4.12,-1.98,3.1643,2.6343,9.2017,0
34.654,-207,-38,33,-18.82,86.39,212.4,1457,1478,-3.69,-1.93,3.1643,2.6343,9.2017,0
34.671,-205,-38,33,-18.64,86.39,212.4,1460,1478,-3.69,-1.93,3.1643,2.6343,9.2017,0
34.688,-204,-38,33,-18.55,86.39,212.4,1459,1478,-3.69,-1.93,3.1643,2.6343,9.2017,0
34.705,-202,-39,32,-18.94,89.09,212.8,1462,1478,-3.69,-1.93,3.1643,2.6343,9.2017,0
34.722,-200,-38,33,-18.18,86.39,212.4,1463,1478,-3.69,-1.93,3.1643,2.6343,9.2017,0
34.739,-197,-38,33,-17.91,86.39,212.4,1468,1478,-3.69,-1.93,3.1643,2.6343,9.2017,0
34.756,-195,-38,33,-17.73,86.39,212.4,1467,1478,-3.69,-1.93,3.1643,2.6343,9.2017,0
34.773,-193,-38,33,-17.55,86.39,212.4,1467,1478,-3.69,-1.93,3.1643,2.6343,9.2017,0
34.790,-191,-39,32,-17.91,89.09,212.8,1467,1478,-3.69,-1.93,3.1643,2.6343,9.2017,0
34.807,-188,-38,33,-17.09,86.39,212.4,1471,1478,-3.69,-1.93,3.1643,2.6343,9.2017,0
34.824,0,0,0,0.00,-1.00,0.0,1472,1478,-3.69,-1.93,3.1643,2.6343,9.2017,0
34.841,-180,-38,33,-16.36,86.39,212.4,1464,1478,-3.69,-1.93,3.1643,2.6343,9.2017,0
34.858,0,0,0,0.00,-1.00,0.0,1465,1478,-3.69,-1.93,3.1643,2.6343,9.2017,0
34.875,-172,-38,33,-15.64,86.39,212.4,1462,1478,-3.69,-1.93,3.1643,2.6343,9.2017,0
34.892,-168,-38,33,-15.27,86.39,212.4,1475,1478,-3.69,-1.93,3.1643,2.6343,9.2017,0
34.909,-164,-38,33,-14.91,86.39,212.4,1478,1478,-3.69,-1.93,3.1643,2.6343,9.2017,0
34.927,-160,-38,33,-14.55,86.39,212.4,1478,1478,-3.69,-1.93,3.1643,2.6343,9.2017,0
34.944,-156,-38,33,-14.18,86.39,212.4,1478,1478,-3.69,-1.93,3.3964,4.1605,7.7500,0
34.961,-152,-38,33,-13.82,86.39,212.4,1478,1478,-3.69,-1.93,3.3964,4.1605,7.7500,0
34.980,0,0,0,0.00,-1.00,0.0,1478,1478,-2.48,-1.87,3.3964,4.1605,7.7500,0
34.997,0,0,0,0.00,-1.00,0.0,1478,1478,-2.48,-1.87,3.3964,4.1605,7.7500,0
35.014,0,0,0,0.00,-1.00,0.0,1478,1478,-2.48,-1.87,3.3964,4.1605,7.7500,0
35.032,0,0,0,0.00,-1.00,0.0,1478,1478,-2.48,-1.87,3.3964,4.1605,7.7500,0
35.049,0,0,0,0.00,-1.00,0.0,1478,1478,-2.48,-1.87,3.3964,4.1605,7.7500,0
35.066,0,0,0,0.00,-1.00,0.0,1478,1478,-2.48,-1.87,3.3964,4.1605,7.7500,0
35.083,0,0,0,0.00,-1.00,0.0,1478,1478,-2.48,-1.87,3.3964,4.1605,7.7500,0
35.100,0,0,0,0.00,-1.00,0.0,1478,1478,-2.48,-1.87,3.3964,4.1605,7.7500,0
35.117,0,0,0,0.00,-1.00,0.0,1478,1478,-2.48,-1.87,3.3964,4.1605,7.7500,0
35.134,0,0,0,0.00,-1.00,0.0,1478,1478,-2.48,-1.87,3.3964,4.1605,7.7500,0
35.150,0,0,0,0.00,-1.00,0.0,1500,1478,-1.79,-2.15,3.3964,4.1605,7.7500,0
35.167,0,0,0,0.00,-1.00,0.0,1500,1478,-1.79,-2.15,3.3964,4.1605,7.7500,0
35.186,-115,-37,34,-10.15,83.85,212.1,1478,1478,-1.79,-2.15,3.3964,4.1605,7.7500,0
35.203,-113,-37,34,-9.97,83.85,212.1,1478,1478,-1.79,-2.15,3.3964,4.1605,7.7500,0
35.220,-110,-37,34,-9.71,83.85,212.1,1478,1478,-1.79,-2.15,3.3964,4.1605,7.7500,0
35.237,-109,-37,34,-9.62,83.85,212.1,1478,1478,-1.79,-2.15,3.3964,4.1605,7.7500,0
35.254,-106,-37,34,-9.35,83.85,212.1,1478,1478,-1.79,-2.15,3.3964,4.1605,7.7500,0
35.271,-104,-37,34,-9.18,83.85,212.1,1478,1478,-1.79,-2.15,3.3964,4.1605,7.7500,0
35.288,-100,-37,34,-8.82,83.85,212.1,1478,1478,-1.79,-2.15,3.3964,4.1605,7.7500,0
35.305,-97,-37,34,-8.56,83.85,212.1,1478,1478,-1.79,-2.15,3.3964,4.1605,7.7500,0
35.322,-93,-37,34,-8.21,83.85,212.1,1522,1478,-1.79,-2.15,3.3964,4.1605,7.7500,0
35.339,-89,-37,34,-7.85,83.85,212.1,1522,1478,-1.79,-2.15,3.3964,4.1605,7.7500,0
35.356,-85,-36,35,-7.29,81.45,211.8,1522,1478,-1.79,-2.15,3.3964,4.1605,7.7500,0
35.373,-81,-37,34,-7.15,83.85,212.1,1522,1478,-1.79,-2.15,3.3964,4.1605,7.7500,0
35.390,-76,-37,34,-6.71,83.85,212.1,1522,1478,-1.79,-2.15,3.3964,4.1605,7.7500,0
35.407,-72,-36,35,-6.17,81.45,211.8,1522,1478,-1.79,-2.15,3.3964,4.1605,7.7500,0
35.424,-67,-36,35,-5.74,81.45,211.8,1522,1478,-1.79,-2.15,3.3964,4.1605,7.7500,0
35.441,-62,-36,35,-5.31,81.45,211.8,1522,1478,-1.79,-2.15,3.0002,3.6647,8.0891,0
35.458,-58,-36,35,-4.97,81.45,211.8,1522,1478,-1.08,-1.99,3.0002,3.6647,8.0891,0
35.475,-53,-36,35,-4.54,81.45,211.8,1522,1478,-1.08,-1.99,3.0002,3.6647,8.0891,0
35.493,-48,-36,35,-4.11,81.45,211.8,1522,1478,-1.08,-1.99,3.0002,3.6647,8.0891,0
35.510,-42,-36,35,-3.60,81.45,211.8,1527,1478,-1.08,-1.99,3.0002,3.6647,8.0891,0
35.531,-31,-36,35,-2.66,81.45,211.8,1542,1478,-1.08,-1.99,3.0002,3.6647,8.0891,0
35.548,-26,-35,36,-2.17,79.19,211.4,1536,1478,-1.08,-1.99,3.0002,3.6647,8.0891,0
35.565,-21,-36,35,-1.80,81.45,211.8,1533,1478,-1.08,-1.99,3.0002,3.6647,8.0891,0
35.582,-17,-35,36,-1.42,79.19,211.4,1529,1478,-1.08,-1.99,3.0002,3.6647,8.0891,0
35.600,-13,-35,36,-1.08,79.19,211.4,1527,1478,-1.08,-1.99,3.0002,3.6647,8.0891,0
35.617,-9,-35,36,-0.75,79.19,211.4,1527,1478,-1.08,-1.99,3.0002,3.6647,8.0891,0
35.634,-5,-35,36,-0.42,79.19,211.4,1527,1478,-1.08,-1.99,3.0002,3.6647,8.0891,0
35.651,-2,-35,36,-0.17,79.19,211.4,1524,1478,-0.56,-2.07,3.0002,3.6647,8.0891,0
35.668,2,-35,36,0.17,79.19,211.4,1527,1478,-0.56,-2.07,3.0002,3.6647,8.0891,0
35.684,5,-35,36,0.42,79.19,211.4,1525,1478,-0.56,-2.07,3.0002,3.6647,8.0891,0
35.701,9,-35,36,0.75,79.19,211.4,1528,1478,-0.56,-2.07,3.0002,3.6647,8.0891,0
35.718,14,-35,36,1.17,79.19,211.4,1534,1478,-0.56,-2.07,3.0002,3.6647,8.0891,0
35.735,19,-35,36,1.58,79.19,211.4,1537,1478,-0.56,-2.07,3.0002,3.6647,8.0891,0
35.752,24,-34,37,1.95,77.05,211.0,1540,1478,-0.56,-2.07,3.0002,3.6647,8.0891,0
35.769,30,-34,37,2.43,77.05,211.0,1545,1478,-0.56,-2.07,3.0002,3.6647,8.0891,0
35.786,36,-34,37,2.92,77.05,211.0,1549,1478,-0.56,-2.07,3.0002,3.6647,8.0891,0
35.803,42,-34,37,3.41,77.05,211.0,1551,1478,-0.56,-2.07,3.0002,3.6647,8.0891,0
35.820,49,-34,37,3.97,77.05,211.0,1557,1478,-0.56,-2.07,3.0002,3.6647,8.0891,0
35.837,56,-33,38,4.42,75.02,210.7,1561,1478,-0.56,-2.07,3.0002,3.6647,8.0891,0
35.854,62,-33,38,4.89,75.02,210.7,1560,1478,-0.56,-2.07,3.0002,3.6647,8.0891,0
35.871,69,-33,38,5.45,75.02,210.7,1564,1478,-0.56,-2.07,3.0002,3.6647,8.0891,0
35.888,75,-33,38,5.92,75.02,210.7,1563,1478,-0.56,-2.07,3.0002,3.6647,8.0891,0
35.905,82,-33,38,6.47,75.02,210.7,1567,1478,-0.56,-2.07,3.0002,3.6647,8.0891,0
35.922,87,-33,38,6.87,75.02,210.7,1563,1478,-0.56,-2.07,3.0002,3.6647,8.0891,0
35.939,93,-32,39,7.15,73.10,210.3,1565,1478,-0.56,-2.07,2.3385,3.8276,7.1425,0
35.956,98,-32,39,7.54,73.10,210.3,1563,1478,0.61,-1.83,2.3385,3.8276,7.1425,0
35.973,102,-32,39,7.85,73.10,210.3,1558,1478,0.61,-1.83,2.3385,3.8276,7.1425,0
35.990,106,-31,40,7.95,71.27,210.0,1557,1478,0.61,-1.83,2.3385,3.8276,7.1425,0
36.007,110,-31,40,8.25,71.27,210.0,1556,1478,0.61,-1.83,2.3385,3.8276,7.1425,0
36.024,113,-31,40,8.47,71.27,210.0,1553,1478,0.61,-1.83,2.3385,3.8276,7.1425,0
36.041,116,-31,40,8.70,71.27,210.0,1552,1478,0.61,-1.83,2.3385,3.8276,7.1425,0
36.058,118,-30,41,8.63,69.53,209.6,1548,1478,0.61,-1.83,2.3385,3.8276,7.1425,0
36.076,120,-30,41,8.78,69.53,209.6,1546,1478,0.61,-1.83,2.3385,3.8276,7.1425,0
36.093,121,-30,41,8.85,69.53,209.6,1541,1478,0.61,-1.83,2.3385,3.8276,7.1425,0
36.110,123,-30,41,9.00,69.53,209.6,1543,1478,0.61,-1.83,2.3385,3.8276,7.1425,0
36.128,124,-30,41,9.07,69.53,209.6,1540,1478,0.61,-1.83,2.3385,3.8276,7.1425,0
36.145,125,-30,41,9.15,69.53,209.6,1539,1478,0.58,-1.98,2.3385,3.8276,7.1425,0
36.164,125,-29,42,8.93,67.88,209.3,1535,1478,0.58,-1.98,2.3385,3.8276,7.1425,0
36.181,126,-29,42,9.00,67.88,209.3,1537,1478,0.58,-1.98,2.3385,3.8276,7.1425,0
36.198,126,-29,42,9.00,67.88,209.3,1534,1478,0.58,-1.98,2.3385,3.8276,7.1425,0
36.215,126,-29,42,9.00,67.88,209.3,1532,1478,0.58,-1.98,2.3385,3.8276,7.1425,0
36.232,126,-28,43,8.79,66.30,208.9,1532,1478,0.58,-1.98,2.3385,3.8276,7.1425,0
36.249,126,-28,43,8.79,66.30,208.9,1531,1478,0.58,-1.98,2.3385,3.8276,7.1425,0
36.266,126,-28,43,8.79,66.30,208.9,1531,1478,0.58,-1.98,2.3385,3.8276,7.1425,0
36.283,127,-27,44,8.66,64.79,208.6,1535,1478,0.58,-1.98,2.3385,3.8276,7.1425,0
36.300,127,-27,44,8.66,64.79,208.6,1533,1478,0.58,-1.98,2.3385,3.8276,7.1425,0
36.317,128,-27,44,8.73,64.79,208.6,1536,1478,0.58,-1.98,2.3385,3.8276,7.1425,0
36.334,129,-27,44,8.80,64.79,208.6,1538,1478,0.58,-1.98,2.3385,3.8276,7.1425,0
36.351,130,-26,45,8.67,63.35,208.2,1539,1478,0.58,-1.98,2.3385,3.8276,7.1425,0
36.368,132,-26,45,8.80,63.35,208.2,1543,1478,0.58,-1.98,2.3385,3.8276,7.1425,0
36.385,133,-26,45,8.87,63.35,208.2,1542,1478,0.58,-1.98,2.3385,3.8276,7.1425,0
36.402,134,-26,45,8.93,63.35,208.2,1541,1478,0.58,-1.98,2.3385,3.8276,7.1425,0
36.419,136,-26,45,9.07,63.35,208.2,1545,1478,0.58,-1.98,2.3385,3.8276,7.1425,0
36.436,137,-25,46,8.93,61.98,207.9,1543,1478,0.58,-1.98,2.3385,3.8276,7.1425,0
36.453,138,-25,46,9.00,61.98,207.9,1542,1478,0.58,-1.98,2.9575,3.1243,7.2817,0
36.470,140,-25,46,9.13,61.98,207.9,1546,1478,0.10,-1.32,2.9575,3.1243,7.2817,0
36.487,141,-24,47,9.00,60.66,207.5,1544,1478,0.10,-1.32,2.9575,3.1243,7.2817,0
36.504,142,-24,47,9.06,60.66,207.5,1543,1478,0.10,-1.32,2.9575,3.1243,7.2817,0
36.521,143,-24,47,9.13,60.66,207.5,1543,1478,0.10,-1.32,2.9575,3.1243,7.2817,0
36.538,144,-24,47,9.19,60.66,207.5,1543,1478,0.10,-1.32,2.9575,3.1243,7.2817,0
36.555,145,-24,47,9.26,60.66,207.5,1543,1478,0.10,-1.32,2.9575,3.1243,7.2817,0
36.572,146,-23,48,9.12,59.39,207.2,1543,1478,0.10,-1.32,2.9575,3.1243,7.2817,0
36.589,146,-23,48,9.12,59.39,207.2,1540,1478,0.10,-1.32,2.9575,3.1243,7.2817,0
36.606,146,-22,49,8.94,58.18,206.8,1538,1478,0.10,-1.32,2.9575,3.1243,7.2817,0
36.623,146,-22,49,8.94,58.18,206.8,1537,1478,0.10,-1.32,2.9575,3.1243,7.2817,0
36.640,145,-22,49,8.88,58.18,206.8,1533,1478,0.73,-0.71,2.9575,3.1243,7.2817,0
36.657,144,-22,49,8.82,58.18,206.8,1531,1478,0.73,-0.71,2.9575,3.1243,7.2817,0
36.674,143,-21,50,8.58,57.02,206.5,1529,1478,0.73,-0.71,2.9575,3.1243,7.2817,0
36.691,141,-21,50,8.46,57.02,206.5,1525,1478,0.73,-0.71,2.9575,3.1243,7.2817,0
36.708,140,-21,50,8.40,57.02,206.5,1526,1478,0.73,-0.71,2.9575,3.1243,7.2817,0
36.725,138,-21,50,8.28,57.02,206.5,1523,1478,0.73,-0.71,2.9575,3.1243,7.2817,0
36.742,136,-20,51,8.00,55.90,206.1,1522,1478,0.73,-0.71,2.9575,3.1243,7.2817,0
36.759,133,-20,51,7.82,55.90,206.1,1522,1478,0.73,-0.71,2.9575,3.1243,7.2817,0
36.776,130,-20,51,7.65,55.90,206.1,1522,1478,0.73,-0.71,2.9575,3.1243,7.2817,0
36.793,127,-20,51,7.47,55.90,206.1,1522,1478,0.73,-0.71,2.9575,3.1243,7.2817,0
36.811,123,-20,51,7.24,55.90,206.1,1522,1478,0.73,-0.71,2.9575,3.1243,7.2817,0
36.829,116,-19,52,6.69,54.83,205.8,1478,1478,0.73,-0.71,2.9575,3.1243,7.2817,1
36.846,112,-19,52,6.46,54.83,205.8,1478,1478,0.73,-0.71,2.9575,3.1243,7.2817,1
36.863,108,-19,52,6.23,54.83,205.8,1478,1478,0.73,-0.71,2.9575,3.1243,7.2817,1
36.880,103,-19,52,5.94,54.83,205.8,1478,1478,0.73,-0.71,2.9575,3.1243,7.2817,1
36.897,99,-18,53,5.60,53.79,205.4,1478,1478,-0.33,-1.04,2.9575,3.1243,7.2817,1
36.914,94,-18,53,5.32,53.79,205.4,1478,1478,-0.33,-1.04,2.9575,3.1243,7.2817,1
36.931,89,-18,53,5.04,53.79,205.4,1478,1478,-0.33,-1.04,2.9575,3.1243,7.2817,1
36.948,84,-18,53,4.75,53.79,205.4,1478,1478,-0.33,-1.04,2.9575,3.1243,7.2817,1
36.965,79,-18,53,4.47,53.79,205.4,1478,1478,-0.33,-1.04,1.8111,4.6039,6.5581,1
36.982,74,-17,54,4.11,52.79,205.1,1478,1478,-0.33,-1.04,1.8111,4.6039,6.5581,1
36.999,69,-18,53,3.91,53.79,205.4,1478,1478,-0.33,-1.04,1.8111,4.6039,6.5581,1
37.016,64,-17,54,3.56,52.79,205.1,1478,1478,-0.33,-1.04,1.8111,4.6039,6.5581,1
37.033,59,-17,54,3.28,52.79,205.1,1478,1478,-0.33,-1.04,1.8111,4.6039,6.5581,1
37.050,54,-17,54,3.00,52.79,205.1,1478,1478,-0.33,-1.04,1.8111,4.6039,6.5581,1
37.067,54,-17,54,3.00,52.79,205.1,1478,1478,-0.33,-1.04,1.8111,4.6039,6.5581,1
37.084,54,-17,54,3.00,52.79,205.1,1522,1478,-0.33,-1.04,1.8111,4.6039,6.5581,1
37.101,41,-16,55,2.24,51.83,204.8,1477,1478,-0.33,-1.04,1.8111,4.6039,6.5581,1
37.117,37,-16,55,2.02,51.83,204.8,1478,1478,-0.33,-1.04,1.8111,4.6039,6.5581,1
37.134,33,-16,55,1.80,51.83,204.8,1478,1478,-0.33,-1.04,1.8111,4.6039,6.5581,1
37.151,28,-16,55,1.53,51.83,204.8,1478,1478,-1.14,-1.03,1.8111,4.6039,6.5581,1
37.168,24,-15,56,1.29,50.91,204.4,1478,1500,-1.14,-1.03,1.8111,4.6039,6.5581,1
37.185,19,-15,56,1.02,50.91,204.4,1478,1478,-1.14,-1.03,1.8111,4.6039,6.5581,1
37.202,14,-15,56,0.75,50.91,204.4,1478,1478,-1.14,-1.03,1.8111,4.6039,6.5581,1
37.219,9,-15,56,0.48,50.91,204.4,1478,1478,-1.14,-1.03,3.2396,4.2455,7.9995,1
37.236,4,-15,56,0.21,50.91,204.4,1478,1478,-1.14,-1.03,3.2396,4.2455,7.9995,1
37.253,-1,-14,57,-0.05,50.02,204.0,1478,1500,-1.14,-1.03,3.2396,4.2455,7.9995,1
37.270,-6,-14,57,-0.32,50.02,204.0,1478,1478,-1.14,-1.03,3.2396,4.2455,7.9995,1
37.287,-11,-16,55,-0.60,51.83,204.8,1478,1478,-1.14,-1.03,3.2396,4.2455,7.9995,1
37.304,-16,-15,56,-0.86,50.91,204.4,1477,1478,-1.14,-1.03,3.2396,4.2455,7.9995,1
37.321,-20,-15,56,-1.07,50.91,204.4,1478,1478,-1.14,-1.03,3.2396,4.2455,7.9995,1
37.338,-25,-14,57,-1.32,50.02,204.0,1477,1500,-1.14,-1.03,3.2396,4.2455,7.9995,1
37.355,-29,-15,56,-1.55,50.91,204.4,1478,1478,-1.14,-1.03,3.2396,4.2455,7.9995,1
37.372,-32,-14,57,-1.68,50.02,204.0,1478,1478,-1.14,-1.03,3.2396,4.2455,7.9995,1
37.389,-36,-14,57,-1.89,50.02,204.0,1478,1478,-1.14,-1.03,3.2396,4.2455,7.9995,1
37.406,-39,-14,57,-2.05,50.02,204.0,1478,1478,-1.57,-0.88,3.2396,4.2455,7.9995,1
37.423,-43,-14,57,-2.26,50.02,204.0,1478,1478,-1.57,-0.88,3.2396,4.2455,7.9995,1
37.440,-46,-14,57,-2.42,50.02,204.0,1478,1478,-1.57,-0.88,3.2396,4.2455,7.9995,1
37.457,-49,-14,57,-2.58,50.02,204.0,1478,1478,-1.57,-0.88,2.7942,4.1608,8.0116,1
37.475,-52,-13,58,-2.69,49.15,203.7,1478,1500,-1.57,-0.88,2.7942,4.1608,8.0116,1
37.492,-56,-12,59,-2.85,48.32,203.3,1478,1500,-1.57,-0.88,2.7942,4.1608,8.0116,1
37.509,-58,-12,59,-2.95,48.32,203.3,1478,1500,-1.57,-0.88,2.7942,4.1608,8.0116,1
37.526,-61,-11,60,-3.05,47.52,203.0,1478,1500,-1.57,-0.88,2.7942,4.1608,8.0116,1
37.543,-63,-12,59,-3.20,48.32,203.3,1478,1478,-1.57,-0.88,2.7942,4.1608,8.0116,1
37.561,-65,-11,60,-3.25,47.52,203.0,1478,1500,-1.57,-0.88,2.7942,4.1608,8.0116,1
37.579,-70,-11,60,-3.50,47.52,203.0,1475,1478,-1.57,-0.88,2.7942,4.1608,8.0116,1
37.596,-72,-11,60,-3.60,47.52,203.0,1478,1478,-1.57,-0.88,2.7942,4.1608,8.0116,1
37.613,-74,-10,61,-3.64,46.74,202.6,1478,1500,-1.57,-0.88,2.7942,4.1608,8.0116,1
37.631,-76,-10,61,-3.74,46.74,202.6,1478,1500,-1.57,-0.88,2.7942,4.1608,8.0116,1
37.648,-79,-10,61,-3.89,46.74,202.6,1478,1478,-1.18,-0.79,2.7942,4.1608,8.0116,1
37.665,-81,-10,61,-3.98,46.74,202.6,1478,1478,-1.18,-0.79,2.7942,4.1608,8.0116,1
37.682,-85,-9,62,-4.11,45.98,202.3,1475,1500,-1.18,-0.79,2.7942,4.1608,8.0116,1
37.699,-88,-9,62,-4.26,45.98,202.3,1475,1500,-1.18,-0.79,2.7942,4.1608,8.0116,1
37.716,-91,-8,63,-4.33,45.25,201.9,1474,1500,-1.18,-0.79,3.0275,3.6902,7.6084,1
37.733,-95,-9,62,-4.60,45.98,202.3,1472,1478,-1.18,-0.79,3.0275,3.6902,7.6084,1
37.750,-98,-8,63,-4.67,45.25,201.9,1472,1500,-1.18,-0.79,3.0275,3.6902,7.6084,1
37.767,-102,-8,63,-4.86,45.25,201.9,1470,1500,-1.18,-0.79,3.0275,3.6902,7.6084,1
37.784,-105,-8,63,-5.00,45.25,201.9,1471,1478,-1.18,-0.79,3.0275,3.6902,7.6084,1
37.801,-108,-8,63,-5.14,45.25,201.9,1471,1478,-1.18,-0.79,3.0275,3.6902,7.6084,1
37.818,-111,-8,63,-5.29,45.25,201.9,1471,1478,-1.18,-0.79,3.0275,3.6902,7.6084,1
37.835,-114,-8,63,-5.43,45.25,201.9,1470,1478,-1.18,-0.79,3.0275,3.6902,7.6084,1
37.852,-116,-7,64,-5.44,44.55,201.6,1473,1500,-1.18,-0.79,3.0275,3.6902,7.6084,1
37.868,-119,-7,64,-5.58,44.55,201.6,1471,1500,-1.18,-0.79,3.0275,3.6902,7.6084,1
37.885,-122,-7,64,-5.72,44.55,201.6,1470,1500,-1.18,-0.79,3.0275,3.6902,7.6084,1
37.902,-124,-7,64,-5.81,44.55,201.6,1472,1478,-1.22,-0.31,3.0275,3.6902,7.6084,1
37.919,-126,-6,65,-5.82,43.86,201.2,1472,1500,-1.22,-0.31,3.0275,3.6902,7.6084,1
37.936,-128,-6,65,-5.91,43.86,201.2,1472,1500,-1.22,-0.31,3.0275,3.6902,7.6084,1
37.953,-130,-6,65,-6.00,43.86,201.2,1472,1500,-1.22,-0.31,3.0275,3.6902,7.6084,1
37.970,-131,-5,66,-5.95,43.20,200.9,1475,1522,-1.22,-0.31,2.5650,3.0322,7.7683,1
37.987,-133,-5,66,-6.05,43.20,200.9,1473,1500,-1.22,-0.31,2.5650,3.0322,7.7683,1
38.004,-135,-6,65,-6.23,43.86,201.2,1472,1478,-1.22,-0.31,2.5650,3.0322,7.7683,1
38.021,-138,-5,66,-6.27,43.20,200.9,1470,1500,-1.22,-0.31,2.5650,3.0322,7.7683,1
38.039,-141,-5,66,-6.41,43.20,200.9,1468,1500,-1.22,-0.31,2.5650,3.0322,7.7683,1
38.056,-145,-5,66,-6.59,43.20,200.9,1464,1500,-1.22,-0.31,2.5650,3.0322,7.7683,1
38.073,-148,-5,66,-6.73,43.20,200.9,1465,1500,-1.22,-0.31,2.5650,3.0322,7.7683,1
38.090,-150,-6,65,-6.92,43.86,201.2,1467,1478,-1.22,-0.31,2.5650,3.0322,7.7683,1
38.107,-155,-5,66,-7.05,43.20,200.9,1461,1500,-1.22,-0.31,2.5650,3.0322,7.7683,1
38.124,-158,-6,65,-7.29,43.86,201.2,1463,1478,-1.22,-0.31,2.5650,3.0322,7.7683,1
38.141,-163,-5,66,-7.41,43.20,200.9,1458,1500,-1.22,-0.31,2.5650,3.0322,7.7683,1
38.158,-166,-5,66,-7.55,43.20,200.9,1461,1500,-1.34,-0.67,2.5650,3.0322,7.7683,1
38.176,-170,-5,66,-7.73,43.20,200.9,1460,1500,-1.34,-0.67,2.5650,3.0322,7.7683,1
38.195,-174,-5,66,-7.91,43.20,200.9,1459,1500,-1.34,-0.67,2.5650,3.0322,7.7683,1
38.212,-178,-5,66,-8.09,43.20,200.9,1458,1500,-1.34,-0.67,1.5585,3.4676,7.0823,1
38.230,-186,-5,66,-8.45,43.20,200.9,1448,1500,-1.34,-0.67,1.5585,3.4676,7.0823,1
38.247,-190,-4,67,-8.51,42.55,200.5,1451,1500,-1.34,-0.67,1.5585,3.4676,7.0823,1
38.264,-193,-4,67,-8.64,42.55,200.5,1455,1500,-1.34,-0.67,1.5585,3.4676,7.0823,1
38.281,-197,-5,66,-8.95,43.20,200.9,1454,1478,-1.34,-0.67,1.5585,3.4676,7.0823,1
38.298,-201,-4,67,-9.00,42.55,200.5,1422,1500,-1.34,-0.67,1.5585,3.4676,7.0823,0
38.315,-204,-5,66,-9.27,43.20,200.9,1425,1478,-1.34,-0.67,1.5585,3.4676,7.0823,0
38.332,-208,-5,66,-9.45,43.20,200.9,1422,1478,-1.34,-0.67,1.5585,3.4676,7.0823,0
38.349,-212,-4,67,-9.49,42.55,200.5,1420,1522,-1.34,-0.67,1.5585,3.4676,7.0823,0
38.365,-215,-4,67,-9.63,42.55,200.5,1422,1500,-1.34,-0.67,1.5585,3.4676,7.0823,0
38.382,-219,-4,67,-9.81,42.55,200.5,1419,1500,-1.34,-0.67,1.5585,3.4676,7.0823,0
38.399,-223,-4,67,-9.99,42.55,200.5,1417,1478,-3.02,-1.34,1.5585,3.4676,7.0823,0
38.416,-227,-4,67,-10.16,42.55,200.5,1416,1478,-3.02,-1.34,1.5585,3.4676,7.0823,0
38.433,-230,-4,67,-10.30,42.55,200.5,1418,1478,-3.02,-1.34,1.5585,3.4676,7.0823,0
38.450,-234,-3,68,-10.32,41.92,200.2,1415,1522,-3.02,-1.34,1.5585,3.4676,7.0823,0
38.467,-237,-4,67,-10.61,42.55,200.5,1417,1478,-3.02,-1.34,2.4865,2.8639,8.1692,0
38.484,-240,-3,68,-10.59,41.92,200.2,1418,1522,-3.02,-1.34,2.4865,2.8639,8.1692,0
38.501,-242,-3,68,-10.68,41.92,200.2,1422,1500,-3.02,-1.34,2.4865,2.8639,8.1692,0
38.518,-244,-3,68,-10.76,41.92,200.2,1423,1500,-3.02,-1.34,2.4865,2.8639,8.1692,0
38.535,-245,-3,68,-10.81,41.92,200.2,1427,1500,-3.02,-1.34,2.4865,2.8639,8.1692,0
38.552,-246,-3,68,-10.85,41.92,200.2,1430,1478,-3.02,-1.34,2.4865,2.8639,8.1692,0
38.569,-246,-3,68,-10.85,41.92,200.2,1434,1478,-3.02,-1.34,2.4865,2.8639,8.1692,0
38.586,-246,-3,68,-10.85,41.92,200.2,1437,1478,-3.02,-1.34,2.4865,2.8639,8.1692,0
38.603,-244,-3,68,-10.76,41.92,200.2,1445,1478,-3.02,-1.34,2.4865,2.8639,8.1692,0
38.620,-243,-3,68,-10.72,41.92,200.2,1446,1478,-3.02,-1.34,2.4865,2.8639,8.1692,0
38.637,-241,-3,68,-10.63,41.92,200.2,1450,1478,-3.02,-1.34,2.4865,2.8639,8.1692,0
38.654,-238,-3,68,-10.50,41.92,200.2,1457,1478,-3.84,-1.40,2.4865,2.8639,8.1692,0
38.671,-235,-3,68,-10.37,41.92,200.2,1460,1478,-3.84,-1.40,2.4865,2.8639,8.1692,0
38.688,-232,-3,68,-10.24,41.92,200.2,1462,1478,-3.84,-1.40,2.4865,2.8639,8.1692,0
38.705,-228,-3,68,-10.06,41.92,200.2,1467,1478,-3.84,-1.40,2.5968,3.0489,8.4058,0
38.722,-225,-3,68,-9.93,41.92,200.2,1467,1478,-3.84,-1.40,2.5968,3.0489,8.4058,0
38.739,-221,-3,68,-9.75,41.92,200.2,1470,1478,-3.84,-1.40,2.5968,3.0489,8.4058,0
38.756,-218,-3,68,-9.62,41.92,200.2,1469,1478,-3.84,-1.40,2.5968,3.0489,8.4058,0
38.773,-214,-3,68,-9.44,41.92,200.2,1473,1478,-3.84,-1.40,2.5968,3.0489,8.4058,0
38.790,-210,-2,69,-9.13,41.32,199.8,1475,1522,-3.84,-1.40,2.5968,3.0489,8.4058,0
38.808,-206,-3,68,-9.09,41.92,200.2,1476,1478,-3.84,-1.40,2.5968,3.0489,8.4058,0
38.825,-202,-2,69,-8.78,41.32,199.8,1477,1522,-3.84,-1.40,2.5968,3.0489,8.4058,0
38.843,-198,-2,69,-8.61,41.32,199.8,1478,1500,-3.84,-1.40,2.5968,3.0489,8.4058,1
38.860,-190,-2,69,-8.26,41.32,199.8,1478,1500,-3.84,-1.40,2.5968,3.0489,8.4058,1
38.878,-186,-2,69,-8.09,41.32,199.8,1478,1500,-3.84,-1.40,2.5968,3.0489,8.4058,1
38.895,-181,-2,69,-7.87,41.32,199.8,1478,1500,-2.26,-1.31,2.5968,3.0489,8.4058,1
38.913,-181,-2,69,-7.87,41.32,199.8,1478,1500,-2.26,-1.31,2.5968,3.0489,8.4058,1
38.930,-172,-2,69,-7.48,41.32,199.8,1478,1500,-2.26,-1.31,2.5968,3.0489,8.4058,1
38.947,-168,-2,69,-7.30,41.32,199.8,1478,1500,-2.26,-1.31,2.5968,3.0489,8.4058,1
38.964,-163,-2,69,-7.09,41.32,199.8,1478,1500,-2.26,-1.31,2.8243,5.0596,7.3764,1
38.980,-158,-2,69,-6.87,41.32,199.8,1478,1500,-2.26,-1.31,2.8243,5.0596,7.3764,1
38.997,-153,-2,69,-6.65,41.32,199.8,1478,1500,-2.26,-1.31,2.8243,5.0596,7.3764,1
39.014,-149,-1,70,-6.39,40.73,199.5,1478,1522,-2.26,-1.31,2.8243,5.0596,7.3764,1
39.031,-143,-2,69,-6.22,41.32,199.8,1500,1478,-2.26,-1.31,2.8243,5.0596,7.3764,1
39.048,-139,-1,70,-5.96,40.73,199.5,1478,1522,-2.26,-1.31,2.8243,5.0596,7.3764,1
39.065,-134,-2,69,-5.83,41.32,199.8,1500,1478,-2.26,-1.31,2.8243,5.0596,7.3764,1
39.082,-129,-2,69,-5.61,41.32,199.8,1522,1478,-2.26,-1.31,2.8243,5.0596,7.3764,1
39.099,-124,-2,69,-5.39,41.32,199.8,1522,1500,-2.26,-1.31,2.8243,5.0596,7.3764,1
39.116,-120,-2,69,-5.22,41.32,199.8,1500,1500,-2.26,-1.31,2.8243,5.0596,7.3764,1
39.133,-115,-2,69,-5.00,41.32,199.8,1522,1500,-2.26,-1.31,2.8243,5.0596,7.3764,1
39.150,-110,-2,69,-4.78,41.32,199.8,1522,1500,-1.10,-1.57,2.8243,5.0596,7.3764,1
39.167,-107,-2,69,-4.65,41.32,199.8,1500,1500,-1.10,-1.57,2.8243,5.0596,7.3764,1
39.184,-102,-3,68,-4.50,41.92,200.2,1522,1478,-1.10,-1.57,2.8243,5.0596,7.3764,1
39.201,-99,-2,69,-4.30,41.32,199.8,1500,1500,-1.10,-1.57,2.8243,5.0596,7.3764,1
39.218,-95,-4,67,-4.25,42.55,200.5,1522,1478,-1.10,-1.57,3.2497,3.4395,8.2515,1
39.235,-92,-3,68,-4.06,41.92,200.2,1500,1500,-1.10,-1.57,3.2497,3.4395,8.2515,1
39.252,-89,-3,68,-3.93,41.92,200.2,1500,1500,-1.10,-1.57,3.2497,3.4395,8.2515,1
39.269,-85,-3,68,-3.75,41.92,200.2,1522,1500,-1.10,-1.57,3.2497,3.4395,8.2515,1
39.286,-82,-3,68,-3.62,41.92,200.2,1522,1500,-1.10,-1.57,3.2497,3.4395,8.2515,1
39.303,-79,-3,68,-3.49,41.92,200.2,1522,1500,-1.10,-1.57,3.2497,3.4395,8.2515,1
39.320,-77,-3,68,-3.40,41.92,200.2,1500,1500,-1.10,-1.57,3.2497,3.4395,8.2515,1
39.337,-74,-2,69,-3.22,41.32,199.8,1500,1522,-1.10,-1.57,3.2497,3.4395,8.2515,1
39.354,-72,-2,69,-3.13,41.32,199.8,1500,1500,-1.10,-1.57,3.2497,3.4395,8.2515,1
39.371,-70,-2,69,-3.04,41.32,199.8,1478,1500,-1.10,-1.57,3.2497,3.4395,8.2515,1
39.388,-68,-2,69,-2.96,41.32,199.8,1478,1500,-0.70,-1.19,3.2497,3.4395,8.2515,1
39.405,-65,-2,69,-2.83,41.32,199.8,1500,1500,-0.70,-1.19,3.2497,3.4395,8.2515,1
39.422,-64,-2,69,-2.78,41.32,199.8,1478,1500,-0.70,-1.19,3.2497,3.4395,8.2515,1
39.439,-62,-2,69,-2.70,41.32,199.8,1478,1500,-0.70,-1.19,3.2497,3.4395,8.2515,1
39.456,-61,-1,70,-2.61,40.73,199.5,1478,1522,-0.70,-1.19,2.9204,3.1781,8.9051,1
39.473,-61,-1,70,-2.61,40.73,199.5,1478,1500,-0.70,-1.19,2.9204,3.1781,8.9051,1
39.491,-60,0,71,-2.54,40.15,199.1,1478,1522,-0.70,-1.19,2.9204,3.1781,8.9051,1
39.508,-60,0,71,-2.54,40.15,199.1,1478,1500,-0.70,-1.19,2.9204,3.1781,8.9051,1
39.525,-61,0,71,-2.58,40.15,199.1,1478,1500,-0.70,-1.19,2.9204,3.1781,8.9051,1
39.542,-62,0,71,-2.62,40.15,199.1,1478,1500,-0.70,-1.19,2.9204,3.1781,8.9051,1
39.560,-64,0,71,-2.70,40.15,199.1,1478,1500,-0.70,-1.19,2.9204,3.1781,8.9051,1
39.577,-65,1,72,-2.71,39.60,198.8,1478,1522,-0.70,-1.19,2.9204,3.1781,8.9051,1
39.594,-66,1,72,-2.75,39.60,198.8,1478,1500,-0.70,-1.19,2.9204,3.1781,8.9051,1
39.611,-67,1,72,-2.79,39.60,198.8,1478,1500,-0.70,-1.19,2.9204,3.1781,8.9051,1
39.628,-69,1,72,-2.88,39.60,198.8,1478,1500,-0.70,-1.19,2.9204,3.1781,8.9051,1
39.645,-70,1,72,-2.92,39.60,198.8,1478,1500,-0.84,-0.73,2.9204,3.1781,8.9051,1
39.662,-71,1,72,-2.96,39.60,198.8,1478,1500,-0.84,-0.73,2.9204,3.1781,8.9051,1
39.679,-72,1,72,-3.00,39.60,198.8,1478,1500,-0.84,-0.73,2.9204,3.1781,8.9051,1
39.696,-73,2,73,-3.00,39.05,198.4,1478,1522,-0.84,-0.73,2.9204,3.1781,8.9051,1
39.713,-74,2,73,-3.04,39.05,198.4,1478,1522,-0.84,-0.73,3.2928,2.7533,7.9513,1
39.730,-75,2,73,-3.08,39.05,198.4,1478,1500,-0.84,-0.73,3.2928,2.7533,7.9513,1
39.747,-76,2,73,-3.12,39.05,198.4,1478,1500,-0.84,-0.73,3.2928,2.7533,7.9513,1
39.764,-77,2,73,-3.16,39.05,198.4,1478,1500,-0.84,-0.73,3.2928,2.7533,7.9513,1
39.780,-78,2,73,-3.21,39.05,198.4,1478,1500,-0.84,-0.73,3.2928,2.7533,7.9513,1
39.797,-79,3,74,-3.20,38.53,198.1,1478,1522,-0.84,-0.73,3.2928,2.7533,7.9513,1
39.814,-79,2,73,-3.25,39.05,198.4,1478,1500,-0.84,-0.73,3.2928,2.7533,7.9513,1
39.831,-80,2,73,-3.29,39.05,198.4,1478,1500,-0.84,-0.73,3.2928,2.7533,7.9513,1
39.848,-81,3,74,-3.28,38.53,198.1,1478,1522,-0.84,-0.73,3.2928,2.7533,7.9513,1
39.865,-82,3,74,-3.32,38.53,198.1,1478,1522,-0.84,-0.73,3.2928,2.7533,7.9513,1
39.882,-82,3,74,-3.32,38.53,198.1,1478,1500,-0.84,-0.73,3.2928,2.7533,7.9513,1
39.899,-83,3,74,-3.36,38.53,198.1,1478,1500,-0.87,-0.75,3.2928,2.7533,7.9513,1
39.916,-83,2,73,-3.41,39.05,198.4,1478,1478,-0.87,-0.75,3.2928,2.7533,7.9513,1
39.933,-84,3,74,-3.41,38.53,198.1,1478,1522,-0.87,-0.75,3.2928,2.7533,7.9513,1
39.950,-83,2,73,-3.41,39.05,198.4,1478,1478,-0.87,-0.75,3.2928,2.7533,7.9513,1
39.967,-84,2,73,-3.45,39.05,198.4,1478,1500,-0.87,-0.75,2.9472,2.7104,8.0289,1
39.984,-84,2,73,-3.45,39.05,198.4,1478,1500,-0.87,-0.75,2.9472,2.7104,8.0289,1
40.001,-85,2,73,-3.49,39.05,198.4,1478,1500,-0.87,-0.75,2.9472,2.7104,8.0289,1
40.018,-85,2,73,-3.49,39.05,198.4,1478,1500,-0.87,-0.75,2.9472,2.7104,8.0289,1
40.035,-86,2,73,-3.53,39.05,198.4,1478,1500,-0.87,-0.75,2.9472,2.7104,8.0289,1
40.052,-86,2,73,-3.53,39.05,198.4,1478,1500,-0.87,-0.75,2.9472,2.7104,8.0289,1
40.069,-87,2,73,-3.58,39.05,198.4,1478,1500,-0.87,-0.75,2.9472,2.7104,8.0289,1
40.086,-87,2,73,-3.58,39.05,198.4,1478,1500,-0.87,-0.75,2.9472,2.7104,8.0289,1
40.103,-88,2,73,-3.62,39.05,198.4,1478,1500,-0.87,-0.75,2.9472,2.7104,8.0289,1
40.120,-88,2,73,-3.62,39.05,198.4,1478,1500,-0.87,-0.75,2.9472,2.7104,8.0289,1
40.137,-89,2,73,-3.66,39.05,198.4,1478,1500,-1.39,-0.73,2.9472,2.7104,8.0289,1
40.154,-90,2,73,-3.70,39.05,198.4,1478,1500,-1.39,-0.73,2.9472,2.7104,8.0289,1
40.171,-90,2,73,-3.70,39.05,198.4,1478,1500,-1.39,-0.73,2.9472,2.7104,8.0289,1
40.188,-90,2,73,-3.70,39.05,198.4,1478,1500,-1.39,-0.73,2.9472,2.7104,8.0289,1
40.205,-91,2,73,-3.74,39.05,198.4,1478,1500,-1.39,-0.73,2.2924,3.3938,7.2154,1
40.222,-92,2,73,-3.78,39.05,198.4,1478,1500,-1.39,-0.73,2.2924,3.3938,7.2154,1
40.242,-94,2,73,-3.86,39.05,198.4,1478,1500,-1.39,-0.73,2.2924,3.3938,7.2154,1
40.260,-95,2,73,-3.90,39.05,198.4,1478,1500,-1.39,-0.73,2.2924,3.3938,7.2154,1
40.277,-95,2,73,-3.90,39.05,198.4,1478,1500,-1.39,-0.73,2.2924,3.3938,7.2154,1
40.294,-94,2,73,-3.86,39.05,198.4,1478,1500,-1.39,-0.73,2.2924,3.3938,7.2154,1
40.311,-94,2,73,-3.86,39.05,198.4,1478,1500,-1.39,-0.73,2.2924,3.3938,7.2154,1
40.328,-93,2,73,-3.82,39.05,198.4,1478,1500,-1.39,-0.73,2.2924,3.3938,7.2154,1
40.345,-93,2,73,-3.82,39.05,198.4,1478,1500,-1.39,-0.73,2.2924,3.3938,7.2154,1
40.362,-93,2,73,-3.82,39.05,198.4,1478,1500,-1.39,-0.73,2.2924,3.3938,7.2154,1
40.379,-90,2,73,-3.70,39.05,198.4,1478,1500,-1.39,-0.73,2.2924,3.3938,7.2154,1
40.396,-88,2,73,-3.62,39.05,198.4,1478,1500,-1.39,-0.90,2.2924,3.3938,7.2154,1
40.413,-86,2,73,-3.53,39.05,198.4,1478,1500,-1.39,-0.90,2.2924,3.3938,7.2154,1
40.430,-84,2,73,-3.45,39.05,198.4,1478,1500,-1.39,-0.90,2.2924,3.3938,7.2154,1
40.447,-83,2,73,-3.41,39.05,198.4,1478,1500,-1.39,-0.90,2.2924,3.3938,7.2154,1
40.464,-81,2,73,-3.33,39.05,198.4,1478,1500,-1.39,-0.90,2.2585,3.4806,7.1938,1
40.481,-80,2,73,-3.29,39.05,198.4,1478,1500,-1.39,-0.90,2.2585,3.4806,7.1938,1
40.498,-79,2,73,-3.25,39.05,198.4,1478,1500,-1.39,-0.90,2.2585,3.4806,7.1938,1
40.515,-78,2,73,-3.21,39.05,198.4,1478,1500,-1.39,-0.90,2.2585,3.4806,7.1938,1
40.532,-77,2,73,-3.16,39.05,198.4,1478,1500,-1.39,-0.90,2.2585,3.4806,7.1938,1
40.549,-76,2,73,-3.12,39.05,198.4,1478,1500,-1.39,-0.90,2.2585,3.4806,7.1938,1
40.566,-75,2,73,-3.08,39.05,198.4,1478,1500,-1.39,-0.90,2.2585,3.4806,7.1938,1
40.583,-74,2,73,-3.04,39.05,198.4,1478,1500,-1.39,-0.90,2.2585,3.4806,7.1938,1
40.600,-72,2,73,-2.96,39.05,198.4,1478,1500,-1.39,-0.90,2.2585,3.4806,7.1938,1
40.617,-71,2,73,-2.92,39.05,198.4,1478,1500,-1.39,-0.90,2.2585,3.4806,7.1938,1
40.634,-69,2,73,-2.84,39.05,198.4,1478,1500,-1.39,-0.90,2.2585,3.4806,7.1938,1
40.651,-67,2,73,-2.75,39.05,198.4,1478,1500,-1.38,-0.49,2.2585,3.4806,7.1938,1
40.668,-66,2,73,-2.71,39.05,198.4,1478,1500,-1.38,-0.49,2.2585,3.4806,7.1938,1
40.685,-64,1,72,-2.67,39.60,198.8,1478,1478,-1.38,-0.49,2.2585,3.4806,7.1938,1
40.702,-62,2,73,-2.55,39.05,198.4,1478,1522,-1.38,-0.49,2.7660,2.8811,8.2361,1
40.719,-61,2,73,-2.51,39.05,198.4,1478,1500,-1.38,-0.49,2.7660,2.8811,8.2361,1
40.736,-59,2,73,-2.42,39.05,198.4,1478,1500,-1.38,-0.49,2.7660,2.8811,8.2361,1
40.753,-57,2,73,-2.34,39.05,198.4,1500,1500,-1.38,-0.49,2.7660,2.8811,8.2361,1
40.770,-55,2,73,-2.26,39.05,198.4,1500,1500,-1.38,-0.49,2.7660,2.8811,8.2361,1
40.787,-53,1,72,-2.21,39.60,198.8,1500,1478,-1.38,-0.49,2.7660,2.8811,8.2361,1
40.805,-51,1,72,-2.12,39.60,198.8,1500,1500,-1.38,-0.49,2.7660,2.8811,8.2361,1
40.823,-50,1,72,-2.08,39.60,198.8,1478,1500,-1.38,-0.49,2.7660,2.8811,8.2361,1
40.840,-48,1,72,-2.00,39.60,198.8,1500,1500,-1.38,-0.49,2.7660,2.8811,8.2361,1
40.857,-47,1,72,-1.96,39.60,198.8,1478,1500,-1.38,-0.49,2.7660,2.8811,8.2361,1
40.875,-46,1,72,-1.92,39.60,198.8,1478,1500,-1.38,-0.49,2.7660,2.8811,8.2361,1
40.893,-42,1,72,-1.75,39.60,198.8,1522,1500,-1.48,-0.16,2.7660,2.8811,8.2361,1
40.910,-41,1,72,-1.71,39.60,198.8,1500,1500,-1.48,-0.16,2.7660,2.8811,8.2361,1
40.927,-40,1,72,-1.67,39.60,198.8,1500,1500,-1.48,-0.16,2.7660,2.8811,8.2361,1
40.944,-39,1,72,-1.62,39.60,198.8,1500,1500,-1.48,-0.16,2.7660,2.8811,8.2361,1
40.961,-38,1,72,-1.58,39.60,198.8,1500,1500,-1.48,-0.16,3.9649,2.5348,9.2940,1
40.978,-37,1,72,-1.54,39.60,198.8,1478,1500,-1.48,-0.16,3.9649,2.5348,9.2940,1
40.995,-35,1,72,-1.46,39.60,198.8,1500,1500,-1.48,-0.16,3.9649,2.5348,9.2940,1
41.012,-34,0,71,-1.44,40.15,199.1,1500,1478,-1.48,-0.16,3.9649,2.5348,9.2940,1
41.029,-33,0,71,-1.39,40.15,199.1,1500,1500,-1.48,-0.16,3.9649,2.5348,9.2940,1
41.046,-32,0,71,-1.35,40.15,199.1,1500,1500,-1.48,-0.16,3.9649,2.5348,9.2940,1
41.063,-31,0,71,-1.31,40.15,199.1,1500,1500,-1.48,-0.16,3.9649,2.5348,9.2940,1
41.080,-29,0,71,-1.23,40.15,199.1,1522,1500,-1.48,-0.16,3.9649,2.5348,9.2940,1
41.097,-27,0,71,-1.14,40.15,199.1,1522,1500,-1.48,-0.16,3.9649,2.5348,9.2940,1
41.114,-26,-1,70,-1.11,40.73,199.5,1522,1478,-1.48,-0.16,3.9649,2.5348,9.2940,1
41.131,-24,-1,70,-1.03,40.73,199.5,1522,1478,-1.48,-0.16,3.9649,2.5348,9.2940,1
41.148,-22,-1,70,-0.94,40.73,199.5,1522,1500,-1.08,-0.37,3.9649,2.5348,9.2940,1
41.165,-20,-1,70,-0.86,40.73,199.5,1522,1500,-1.08,-0.37,3.9649,2.5348,9.2940,1
41.182,-19,-1,70,-0.81,40.73,199.5,1522,1500,-1.08,-0.37,3.9649,2.5348,9.2940,1
41.199,-17,-2,69,-0.74,41.32,199.8,1522,1478,-1.08,-0.37,2.5240,2.7985,7.5687,1
41.216,-14,-2,69,-0.61,41.32,199.8,1522,1478,-1.08,-0.37,2.5240,2.7985,7.5687,1
41.233,-12,-2,69,-0.52,41.32,199.8,1522,1500,-1.08,-0.37,2.5240,2.7985,7.5687,1
41.250,-10,-2,69,-0.43,41.32,199.8,1522,1500,-1.08,-0.37,2.5240,2.7985,7.5687,1
41.266,-8,-3,68,-0.35,41.92,200.2,1522,1478,-1.08,-0.37,2.5240,2.7985,7.5687,1
41.283,-6,-3,68,-0.26,41.92,200.2,1522,1478,-1.08,-0.37,2.5240,2.7985,7.5687,1
41.300,-4,-3,68,-0.18,41.92,200.2,1522,1478,-1.08,-0.37,2.5240,2.7985,7.5687,1
41.317,-1,-4,67,-0.04,42.55,200.5,1522,1478,-1.08,-0.37,2.5240,2.7985,7.5687,1
41.334,2,-4,67,0.09,42.55,200.5,1522,1478,-1.08,-0.37,2.5240,2.7985,7.5687,1
41.351,5,-4,67,0.22,42.55,200.5,1522,1478,-1.08,-0.37,2.5240,2.7985,7.5687,1
41.368,8,-5,66,0.36,43.20,200.9,1522,1478,-1.08,-0.37,2.5240,2.7985,7.5687,1
41.385,11,-5,66,0.50,43.20,200.9,1522,1478,-1.08,-0.37,2.5240,2.7985,7.5687,1
41.403,14,-5,66,0.64,43.20,200.9,1522,1478,-0.39,-0.77,2.5240,2.7985,7.5687,1
41.420,18,-5,66,0.82,43.20,200.9,1522,1478,-0.39,-0.77,2.5240,2.7985,7.5687,1
41.437,20,-6,65,0.92,43.86,201.2,1522,1478,-0.39,-0.77,2.5240,2.7985,7.5687,1
41.454,23,-6,65,1.06,43.86,201.2,1522,1478,-0.39,-0.77,2.3296,3.0411,7.0622,1
41.471,26,-7,64,1.22,44.55,201.6,1522,1478,-0.39,-0.77,2.3296,3.0411,7.0622,1
41.490,30,-7,64,1.41,44.55,201.6,1522,1478,-0.39,-0.77,2.3296,3.0411,7.0622,1
41.507,33,-7,64,1.55,44.55,201.6,1522,1478,-0.39,-0.77,2.3296,3.0411,7.0622,1
41.524,37,-7,64,1.73,44.55,201.6,1522,1478,-0.39,-0.77,2.3296,3.0411,7.0622,1
41.541,42,-8,63,2.00,45.25,201.9,1524,1478,-0.39,-0.77,2.3296,3.0411,7.0622,1
41.558,45,-8,63,2.14,45.25,201.9,1522,1478,-0.39,-0.77,2.3296,3.0411,7.0622,1
41.576,47,-8,63,2.24,45.25,201.9,1522,1478,-0.39,-0.77,2.3296,3.0411,7.0622,1
41.593,49,-9,62,2.37,45.98,202.3,1522,1478,-0.39,-0.77,2.3296,3.0411,7.0622,1
41.609,51,-9,62,2.47,45.98,202.3,1522,1478,-0.39,-0.77,2.3296,3.0411,7.0622,1
41.626,53,-9,62,2.56,45.98,202.3,1522,1478,-0.39,-0.77,2.3296,3.0411,7.0622,1
41.643,55,-10,61,2.70,46.74,202.6,1522,1478,1.00,-1.35,2.3296,3.0411,7.0622,1
41.660,56,-10,61,2.75,46.74,202.6,1522,1478,1.00,-1.35,2.3296,3.0411,7.0622,1
41.677,57,-10,61,2.80,46.74,202.6,1522,1478,1.00,-1.35,2.3296,3.0411,7.0622,1
41.694,58,-10,61,2.85,46.74,202.6,1522,1478,1.00,-1.35,2.3296,3.0411,7.0622,1
41.711,59,-10,61,2.90,46.74,202.6,1522,1478,1.00,-1.35,3.0995,3.3760,8.6082,1
41.728,59,-10,61,2.90,46.74,202.6,1522,1478,1.00,-1.35,3.0995,3.3760,8.6082,1
41.745,60,-11,60,3.00,47.52,203.0,1522,1478,1.00,-1.35,3.0995,3.3760,8.6082,1
41.762,60,-11,60,3.00,47.52,203.0,1522,1478,1.00,-1.35,3.0995,3.3760,8.6082,1
41.779,60,-11,60,3.00,47.52,203.0,1522,1478,1.00,-1.35,3.0995,3.3760,8.6082,1
41.796,59,-11,60,2.95,47.52,203.0,1522,1478,1.00,-1.35,3.0995,3.3760,8.6082,1
41.813,59,-12,59,3.00,48.32,203.3,1522,1478,1.00,-1.35,3.0995,3.3760,8.6082,1
41.830,58,-12,59,2.95,48.32,203.3,1522,1478,1.00,-1.35,3.0995,3.3760,8.6082,1
41.847,57,-12,59,2.90,48.32,203.3,1522,1478,1.00,-1.35,3.0995,3.3760,8.6082,1
41.864,57,-12,59,2.90,48.32,203.3,1522,1478,1.00,-1.35,3.0995,3.3760,8.6082,1
41.881,56,-12,59,2.85,48.32,203.3,1522,1478,1.00,-1.35,3.0995,3.3760,8.6082,1
41.898,56,-12,59,2.85,48.32,203.3,1522,1478,0.74,-1.75,3.0995,3.3760,8.6082,1
41.915,55,-12,59,2.80,48.32,203.3,1522,1478,0.74,-1.75,3.0995,3.3760,8.6082,1
41.932,55,-12,59,2.80,48.32,203.3,1522,1478,0.74,-1.75,3.0995,3.3760,8.6082,1
41.949,56,-12,59,2.85,48.32,203.3,1522,1478,0.74,-1.75,3.0995,3.3760,8.6082,1
41.967,56,-12,59,2.85,48.32,203.3,1522,1478,0.74,-1.75,2.3158,3.1124,8.4878,1
41.984,56,-12,59,2.85,48.32,203.3,1522,1478,0.74,-1.75,2.3158,3.1124,8.4878,1
42.001,56,-12,59,2.85,48.32,203.3,1522,1478,0.74,-1.75,2.3158,3.1124,8.4878,1
42.018,56,-12,59,2.85,48.32,203.3,1522,1478,0.74,-1.75,2.3158,3.1124,8.4878,1
42.035,55,-12,59,2.80,48.32,203.3,1522,1478,0.74,-1.75,2.3158,3.1124,8.4878,1
42.053,55,-12,59,2.80,48.32,203.3,1522,1478,0.74,-1.75,2.3158,3.1124,8.4878,1
42.071,54,-12,59,2.75,48.32,203.3,1522,1478,0.74,-1.75,2.3158,3.1124,8.4878,1
42.088,53,-12,59,2.69,48.32,203.3,1522,1478,0.74,-1.75,2.3158,3.1124,8.4878,1
42.105,51,-12,59,2.59,48.32,203.3,1522,1478,0.74,-1.75,2.3158,3.1124,8.4878,1
42.122,49,-12,59,2.49,48.32,203.3,1500,1478,0.74,-1.75,2.3158,3.1124,8.4878,1
42.140,45,-12,59,2.29,48.32,203.3,1478,1478,0.10,-0.78,2.3158,3.1124,8.4878,1
42.157,43,-12,59,2.19,48.32,203.3,1478,1478,0.10,-0.78,2.3158,3.1124,8.4878,1
42.174,40,-12,59,2.03,48.32,203.3,1478,1478,0.10,-0.78,2.3158,3.1124,8.4878,1
42.191,37,-12,59,1.88,48.32,203.3,1478,1478,0.10,-0.78,2.3158,3.1124,8.4878,1
42.208,35,-12,59,1.78,48.32,203.3,1478,1478,0.10,-0.78,2.5055,3.7626,7.3594,1
42.225,31,-12,59,1.58,48.32,203.3,1478,1478,0.10,-0.78,2.5055,3.7626,7.3594,1
42.242,28,-11,60,1.40,47.52,203.0,1478,1500,0.10,-0.78,2.5055,3.7626,7.3594,1
42.259,24,-11,60,1.20,47.52,203.0,1478,1478,0.10,-0.78,2.5055,3.7626,7.3594,1
42.276,21,-10,61,1.03,46.74,202.6,1478,1500,0.10,-0.78,2.5055,3.7626,7.3594,1
42.293,16,-10,61,0.79,46.74,202.6,1478,1500,0.10,-0.78,2.5055,3.7626,7.3594,1
42.310,13,-9,62,0.63,45.98,202.3,1478,1500,0.10,-0.78,2.5055,3.7626,7.3594,1
42.327,8,-10,61,0.39,46.74,202.6,1478,1478,0.10,-0.78,2.5055,3.7626,7.3594,1
42.344,4,-9,62,0.19,45.98,202.3,1478,1500,0.10,-0.78,2.5055,3.7626,7.3594,1
42.361,0,-9,62,0.00,45.98,202.3,1478,1500,0.10,-0.78,2.5055,3.7626,7.3594,1
42.378,-4,-9,62,-0.19,45.98,202.3,1478,1478,0.10,-0.78,2.5055,3.7626,7.3594,1
42.395,-8,-9,62,-0.39,45.98,202.3,1478,1478,-0.66,-0.88,2.5055,3.7626,7.3594,1
42.412,-12,-9,62,-0.58,45.98,202.3,1478,1478,-0.66,-0.88,2.5055,3.7626,7.3594,1
42.429,-16,-9,62,-0.77,45.98,202.3,1478,1478,-0.66,-0.88,2.5055,3.7626,7.3594,1
42.446,-20,-9,62,-0.97,45.98,202.3,1478,1478,-0.66,-0.88,2.1296,3.6201,7.3547,1
42.463,-24,-9,62,-1.16,45.98,202.3,1478,1478,-0.66,-0.88,2.1296,3.6201,7.3547,1
42.480,-28,-9,62,-1.35,45.98,202.3,1478,1478,-0.66,-0.88,2.1296,3.6201,7.3547,1
42.497,-32,-8,63,-1.52,45.25,201.9,1478,1500,-0.66,-0.88,2.1296,3.6201,7.3547,1
42.514,-35,-8,63,-1.67,45.25,201.9,1478,1500,-0.66,-0.88,2.1296,3.6201,7.3547,1
42.531,-39,-8,63,-1.86,45.25,201.9,1478,1478,-0.66,-0.88,2.1296,3.6201,7.3547,1
42.548,-43,-7,64,-2.02,44.55,201.6,1478,1500,-0.66,-0.88,2.1296,3.6201,7.3547,1
42.565,-47,-7,64,-2.20,44.55,201.6,1477,1500,-0.66,-0.88,2.1296,3.6201,7.3547,1
42.582,-51,-7,64,-2.39,44.55,201.6,1476,1500,-0.66,-0.88,2.1296,3.6201,7.3547,1
42.599,-55,-7,64,-2.58,44.55,201.6,1476,1478,-0.66,-0.88,2.1296,3.6201,7.3547,1
42.616,-58,-7,64,-2.72,44.55,201.6,1477,1478,-0.66,-0.88,2.1296,3.6201,7.3547,1
42.633,-62,-7,64,-2.91,44.55,201.6,1476,1478,-0.66,-0.88,2.1296,3.6201,7.3547,1
42.650,-67,-7,64,-3.14,44.55,201.6,1472,1478,-0.80,-0.60,2.1296,3.6201,7.3547,1
42.667,-71,-7,64,-3.33,44.55,201.6,1472,1478,-0.80,-0.60,2.1296,3.6201,7.3547,1
42.684,-77,-6,65,-3.55,43.86,201.2,1467,1500,-0.80,-0.60,2.1296,3.6201,7.3547,1
42.701,-81,-6,65,-3.74,43.86,201.2,1469,1500,-0.80,-0.60,3.0826,3.2373,9.0880,1
42.718,-87,-6,65,-4.02,43.86,201.2,1466,1500,-0.80,-0.60,3.0826,3.2373,9.0880,1
42.735,-92,-6,65,-4.25,43.86,201.2,1465,1500,-0.80,-0.60,3.0826,3.2373,9.0880,1
42.752,-97,-5,66,-4.41,43.20,200.9,1464,1500,-0.80,-0.60,3.0826,3.2373,9.0880,1
42.769,-102,-5,66,-4.64,43.20,200.9,1464,1500,-0.80,-0.60,3.0826,3.2373,9.0880,1
42.786,-106,-8,63,-5.05,45.25,201.9,1466,1478,-0.80,-0.60,3.0826,3.2373,9.0880,1
42.803,-112,-6,65,-5.17,43.86,201.2,1462,1500,-0.80,-0.60,3.0826,3.2373,9.0880,1
42.823,-122,-6,65,-5.63,43.86,201.2,1454,1500,-0.80,-0.60,3.0826,3.2373,9.0880,1
42.840,-126,-6,65,-5.82,43.86,201.2,1459,1500,-0.80,-0.60,3.0826,3.2373,9.0880,1
42.857,-132,-6,65,-6.09,43.86,201.2,1457,1478,-0.80,-0.60,3.0826,3.2373,9.0880,1
42.874,-136,-6,65,-6.28,43.86,201.2,1460,1478,-0.80,-0.60,3.0826,3.2373,9.0880,1
42.891,-141,-5,66,-6.41,43.20,200.9,1459,1500,-1.87,-0.03,3.0826,3.2373,9.0880,1
42.908,-145,-5,66,-6.59,43.20,200.9,1460,1500,-1.87,-0.03,3.0826,3.2373,9.0880,1
42.925,-149,-5,66,-6.77,43.20,200.9,1460,1500,-1.87,-0.03,3.0826,3.2373,9.0880,1
42.942,-153,-5,66,-6.95,43.20,200.9,1460,1500,-1.87,-0.03,3.0826,3.2373,9.0880,1
42.959,-156,-5,66,-7.09,43.20,200.9,1462,1500,-1.87,-0.03,2.7572,2.8211,8.3667,1
42.977,-159,-5,66,-7.23,43.20,200.9,1463,1500,-1.87,-0.03,2.7572,2.8211,8.3667,1
42.993,-162,-4,67,-7.25,42.55,200.5,1463,1500,-1.87,-0.03,2.7572,2.8211,8.3667,1
43.010,-166,-3,68,-7.32,41.92,200.2,1461,1522,-1.87,-0.03,2.7572,2.8211,8.3667,1
43.027,-168,-3,68,-7.41,41.92,200.2,1464,1500,-1.87,-0.03,2.7572,2.8211,8.3667,1
43.044,-171,-3,68,-7.54,41.92,200.2,1463,1500,-1.87,-0.03,2.7572,2.8211,8.3667,1
43.061,-174,-3,68,-7.68,41.92,200.2,1462,1500,-1.87,-0.03,2.7572,2.8211,8.3667,1
43.078,-177,-2,69,-7.70,41.32,199.8,1461,1522,-1.87,-0.03,2.7572,2.8211,8.3667,1
43.095,-181,-2,69,-7.87,41.32,199.8,1458,1500,-1.87,-0.03,2.7572,2.8211,8.3667,1
43.112,-184,-2,69,-8.00,41.32,199.8,1459,1500,-1.87,-0.03,2.7572,2.8211,8.3667,1
43.129,-187,-2,69,-8.13,41.32,199.8,1460,1500,-1.87,-0.03,2.7572,2.8211,8.3667,1
43.146,-190,-2,69,-8.26,41.32,199.8,1459,1500,-3.54,-0.43,2.7572,2.8211,8.3667,1
43.163,-193,-2,69,-8.39,41.32,199.8,1459,1500,-3.54,-0.43,2.7572,2.8211,8.3667,1
43.180,-197,-2,69,-8.57,41.32,199.8,1456,1500,-3.54,-0.43,2.7572,2.8211,8.3667,1
43.197,-200,-2,69,-8.70,41.32,199.8,1427,1500,-3.54,-0.43,2.7572,2.8211,8.3667,0
43.214,-205,-1,70,-8.79,40.73,199.5,1420,1522,-3.54,-0.43,2.3535,3.0470,8.1424,0
43.231,-208,-1,70,-8.91,40.73,199.5,1423,1522,-3.54,-0.43,2.3535,3.0470,8.1424,0
43.248,-213,-1,70,-9.13,40.73,199.5,1417,1500,-3.54,-0.43,2.3535,3.0470,8.1424,0
43.265,-216,-1,70,-9.26,40.73,199.5,1421,1500,-3.54,-0.43,2.3535,3.0470,8.1424,0
43.283,-221,0,71,-9.34,40.15,199.1,1415,1522,-3.54,-0.43,2.3535,3.0470,8.1424,0
43.300,-224,-1,70,-9.60,40.73,199.5,1419,1478,-3.54,-0.43,2.3535,3.0470,8.1424,0
43.317,-228,0,71,-9.63,40.15,199.1,1417,1522,-3.54,-0.43,2.3535,3.0470,8.1424,0
43.334,-230,0,71,-9.72,40.15,199.1,1422,1522,-3.54,-0.43,2.3535,3.0470,8.1424,0
43.351,-233,0,71,-9.85,40.15,199.1,1421,1500,-3.54,-0.43,2.3535,3.0470,8.1424,0
43.368,-235,0,71,-9.93,40.15,199.1,1424,1500,-3.54,-0.43,2.3535,3.0470,8.1424,0
43.385,-237,0,71,-10.01,40.15,199.1,1425,1500,-3.54,-0.43,2.3535,3.0470,8.1424,0
43.402,-237,0,71,-10.01,40.15,199.1,1433,1500,-5.87,-0.82,2.3535,3.0470,8.1424,0
43.419,-240,0,71,-10.14,40.15,199.1,1426,1500,-5.87,-0.82,2.3535,3.0470,8.1424,0
43.436,-239,1,72,-9.96,39.60,198.8,1437,1522,-5.87,-0.82,2.3535,3.0470,8.1424,0
43.453,-239,1,72,-9.96,39.60,198.8,1439,1522,-5.87,-0.82,2.0427,3.0677,7.7622,0
43.472,-237,1,72,-9.88,39.60,198.8,1447,1522,-5.87,-0.82,2.0427,3.0677,7.7622,0
43.489,-236,1,72,-9.83,39.60,198.8,1448,1500,-5.87,-0.82,2.0427,3.0677,7.7622,0
43.506,-233,1,72,-9.71,39.60,198.8,1456,1500,-5.87,-0.82,2.0427,3.0677,7.7622,0
43.525,-225,1,72,-9.38,39.60,198.8,1477,1500,-5.87,-0.82,2.0427,3.0677,7.7622,0
43.542,-220,1,72,-9.17,39.60,198.8,1478,1500,-5.87,-0.82,2.0427,3.0677,7.7622,0
43.559,-215,1,72,-8.96,39.60,198.8,1478,1500,-5.87,-0.82,2.0427,3.0677,7.7622,0
43.576,-209,1,72,-8.71,39.60,198.8,1478,1500,-5.87,-0.82,2.0427,3.0677,7.7622,0
43.593,-203,1,72,-8.46,39.60,198.8,1478,1500,-5.87,-0.82,2.0427,3.0677,7.7622,0
43.610,-199,1,72,-8.29,39.60,198.8,1478,1500,-5.87,-0.82,2.0427,3.0677,7.7622,0
43.627,-192,2,73,-7.89,39.05,198.4,1478,1522,-5.87,-0.82,2.0427,3.0677,7.7622,1
43.644,-186,2,73,-7.64,39.05,198.4,1478,1522,-4.35,-1.29,2.0427,3.0677,7.7622,1
43.661,-179,2,73,-7.36,39.05,198.4,1500,1500,-4.35,-1.29,2.0427,3.0677,7.7622,1
43.678,-172,2,73,-7.07,39.05,198.4,1522,1500,-4.35,-1.29,2.0427,3.0677,7.7622,1
43.695,-164,2,73,-6.74,39.05,198.4,1522,1500,-4.35,-1.29,2.0427,3.0677,7.7622,1
43.712,-157,3,74,-6.36,38.53,198.1,1522,1522,-4.35,-1.29,2.9432,2.5861,8.6234,1
43.729,-149,3,74,-6.04,38.53,198.1,1522,1522,-4.35,-1.29,2.9432,2.5861,8.6234,1
43.746,-141,3,74,-5.72,38.53,198.1,1522,1500,-4.35,-1.29,2.9432,2.5861,8.6234,1
43.763,-133,3,74,-5.39,38.53,198.1,1522,1500,-4.35,-1.29,2.9432,2.5861,8.6234,1
43.780,-124,4,75,-4.96,38.01,197.8,1522,1522,-4.35,-1.29,2.9432,2.5861,8.6234,1
43.797,-115,4,75,-4.60,38.01,197.8,1522,1522,-4.35,-1.29,2.9432,2.5861,8.6234,1
43.814,-108,3,74,-4.38,38.53,198.1,1522,1500,-4.35,-1.29,2.9432,2.5861,8.6234,1
43.831,-99,4,75,-3.96,38.01,197.8,1522,1522,-4.35,-1.29,2.9432,2.5861,8.6234,1
43.848,-91,4,75,-3.64,38.01,197.8,1522,1522,-4.35,-1.29,2.9432,2.5861,8.6234,1
43.865,-83,5,76,-3.28,37.51,197.4,1522,1522,-4.35,-1.29,2.9432,2.5861,8.6234,1
43.882,-75,5,76,-2.96,37.51,197.4,1522,1522,-4.35,-1.29,2.9432,2.5861,8.6234,1
43.899,-67,5,76,-2.64,37.51,197.4,1523,1522,-2.51,-0.82,2.9432,2.5861,8.6234,1
43.916,-59,5,76,-2.33,37.51,197.4,1524,1522,-2.51,-0.82,2.9432,2.5861,8.6234,1
43.934,-50,5,76,-1.97,37.51,197.4,1528,1500,-2.51,-0.82,2.9432,2.5861,8.6234,1
43.951,-43,6,77,-1.68,37.02,197.0,1525,1522,-2.51,-0.82,2.6794,2.3978,8.6752,1
43.968,-34,6,77,-1.32,37.02,197.0,1530,1522,-2.51,-0.82,2.6794,2.3978,8.6752,1
43.985,-26,7,78,-1.00,36.55,196.7,1530,1522,-2.51,-0.82,2.6794,2.3978,8.6752,1
44.002,-17,7,78,-0.65,36.55,196.7,1533,1522,-2.51,-0.82,2.6794,2.3978,8.6752,1
44.021,-9,6,77,-0.35,37.02,197.0,1531,1500,-2.51,-0.82,2.6794,2.3978,8.6752,1
44.039,9,7,78,0.35,36.55,196.7,1554,1522,-2.51,-0.82,2.6794,2.3978,8.6752,1
44.056,17,7,78,0.65,36.55,196.7,1546,1522,-2.51,-0.82,2.6794,2.3978,8.6752,1
44.073,26,7,78,1.00,36.55,196.7,1544,1522,-2.51,-0.82,2.6794,2.3978,8.6752,1
44.090,36,7,78,1.38,36.55,196.7,1546,1522,-2.51,-0.82,2.6794,2.3978,8.6752,1
44.107,45,7,78,1.73,36.55,196.7,1546,1522,-2.51,-0.82,2.6794,2.3978,8.6752,1
44.125,54,8,79,2.05,36.09,196.3,1546,1522,-2.51,-0.82,2.6794,2.3978,8.6752,1
44.142,64,8,79,2.43,36.09,196.3,1549,1522,-1.81,0.01,2.6794,2.3978,8.6752,1
44.159,74,8,79,2.81,36.09,196.3,1551,1522,-1.81,0.01,2.6794,2.3978,8.6752,1
44.176,84,8,79,3.19,36.09,196.3,1554,1522,-1.81,0.01,2.6794,2.3978,8.6752,1
44.193,96,8,79,3.65,36.09,196.3,1560,1522,-1.81,0.01,2.6794,2.3978,8.6752,1
44.210,105,7,78,4.04,36.55,196.7,1557,1500,-1.81,0.01,2.5714,2.5596,8.4127,1
44.227,118,8,79,4.48,36.09,196.3,1560,1522,-1.81,0.01,2.5714,2.5596,8.4127,1
44.244,128,8,79,4.86,36.09,196.3,1560,1522,-1.81,0.01,2.5714,2.5596,8.4127,1
44.261,142,9,80,5.33,35.64,196.0,1560,1522,-1.81,0.01,2.5714,2.5596,8.4127,1
44.278,153,9,80,5.74,35.64,196.0,1560,1522,-1.81,0.01,2.5714,2.5596,8.4127,1
44.295,166,9,80,6.22,35.64,196.0,1560,1522,-1.81,0.01,2.5714,2.5596,8.4127,1
44.312,177,9,80,6.64,35.64,196.0,1560,1522,-1.81,0.01,2.5714,2.5596,8.4127,1
44.329,189,8,79,7.18,36.09,196.3,1560,1500,-1.81,0.01,2.5714,2.5596,8.4127,1
44.345,201,9,80,7.54,35.64,196.0,1600,1522,-1.81,0.01,2.5714,2.5596,8.4127,0
44.363,213,8,79,8.09,36.09,196.3,1600,1500,-1.81,0.01,2.5714,2.5596,8.4127,0
44.380,224,9,80,8.40,35.64,196.0,1600,1522,-1.81,0.01,2.5714,2.5596,8.4127,0
44.397,235,9,80,8.81,35.64,196.0,1600,1522,-0.65,-0.28,2.5714,2.5596,8.4127,0
44.414,245,9,80,9.19,35.64,196.0,1600,1522,-0.65,-0.28,2.5714,2.5596,8.4127,0
44.431,256,9,80,9.60,35.64,196.0,1600,1522,-0.65,-0.28,2.5714,2.5596,8.4127,0
44.448,266,9,80,9.97,35.64,196.0,1600,1522,-0.65,-0.28,2.4024,2.9763,7.3180,0
44.465,266,9,80,9.97,35.64,196.0,1600,1522,-0.65,-0.28,2.4024,2.9763,7.3180,0
44.483,0,0,0,0.00,-1.00,0.0,1600,1522,-0.65,-0.28,2.4024,2.9763,7.3180,0
44.500,0,0,0,0.00,-1.00,0.0,1600,1522,-0.65,-0.28,2.4024,2.9763,7.3180,0
44.517,0,0,0,0.00,-1.00,0.0,1600,1522,-0.65,-0.28,2.4024,2.9763,7.3180,0
44.535,0,0,0,0.00,-1.00,0.0,1600,1522,-0.65,-0.28,2.4024,2.9763,7.3180,0
44.552,0,0,0,0.00,-1.00,0.0,1600,1522,-0.65,-0.28,2.4024,2.9763,7.3180,0
44.569,0,0,0,0.00,-1.00,0.0,1600,1522,-0.65,-0.28,2.4024,2.9763,7.3180,0
44.587,0,0,0,0.00,-1.00,0.0,1600,1522,-0.65,-0.28,2.4024,2.9763,7.3180,0
44.604,0,0,0,0.00,-1.00,0.0,1600,1522,-0.65,-0.28,2.4024,2.9763,7.3180,0
44.621,0,0,0,0.00,-1.00,0.0,1600,1522,-0.65,-0.28,2.4024,2.9763,7.3180,0
44.638,0,0,0,0.00,-1.00,0.0,1600,1522,1.33,0.14,2.4024,2.9763,7.3180,0
44.655,0,0,0,0.00,-1.00,0.0,1600,1522,1.33,0.14,2.4024,2.9763,7.3180,0
44.672,0,0,0,0.00,-1.00,0.0,1600,1522,1.33,0.14,2.4024,2.9763,7.3180,0
44.689,0,0,0,0.00,-1.00,0.0,1600,1522,1.33,0.14,2.4024,2.9763,7.3180,0
44.706,0,0,0,0.00,-1.00,0.0,1600,1522,1.33,0.14,3.2948,2.9833,8.2032,0
44.723,0,0,0,0.00,-1.00,0.0,1600,1522,1.33,0.14,3.2948,2.9833,8.2032,0
44.740,0,0,0,0.00,-1.00,0.0,1600,1522,1.33,0.14,3.2948,2.9833,8.2032,0
44.757,0,0,0,0.00,-1.00,0.0,1600,1522,1.33,0.14,3.2948,2.9833,8.2032,0
44.774,0,0,0,0.00,-1.00,0.0,1600,1522,1.33,0.14,3.2948,2.9833,8.2032,0
44.791,0,0,0,0.00,-1.00,0.0,1600,1522,1.33,0.14,3.2948,2.9833,8.2032,0
44.808,0,0,0,0.00,-1.00,0.0,1600,1522,1.33,0.14,3.2948,2.9833,8.2032,0
44.825,0,0,0,0.00,-1.00,0.0,1600,1522,1.33,0.14,3.2948,2.9833,8.2032,0
44.842,0,0,0,0.00,-1.00,0.0,1600,1522,1.33,0.14,3.2948,2.9833,8.2032,0
44.859,0,0,0,0.00,-1.00,0.0,1600,1522,1.33,0.14,3.2948,2.9833,8.2032,0
44.876,0,0,0,0.00,-1.00,0.0,1600,1522,1.33,0.14,3.2948,2.9833,8.2032,0
44.893,0,0,0,0.00,-1.00,0.0,1600,1522,2.54,-0.47,3.2948,2.9833,8.2032,0
44.910,0,0,0,0.00,-1.00,0.0,1600,1522,2.54,-0.47,3.2948,2.9833,8.2032,0
44.927,0,0,0,0.00,-1.00,0.0,1600,1522,2.54,-0.47,3.2948,2.9833,8.2032,0
44.944,0,0,0,0.00,-1.00,0.0,1600,1522,2.54,-0.47,3.2948,2.9833,8.2032,0
44.961,0,0,0,0.00,-1.00,0.0,1600,1522,2.54,-0.47,2.7721,2.7140,7.2056,0
44.978,0,0,0,0.00,-1.00,0.0,1500,1500,2.54,-0.47,2.7721,2.7140,7.2056,0
44.995,0,0,0,0.00,-1.00,0.0,1500,1500,2.54,-0.47,2.7721,2.7140,7.2056,0
45.012,0,0,0,0.00,-1.00,0.0,1500,1500,2.54,-0.47,2.7721,2.7140,7.2056,0
45.028,0,0,0,0.00,-1.00,0.0,1500,1500,2.54,-0.47,2.7721,2.7140,7.2056,0
45.045,0,0,0,0.00,-1.00,0.0,1500,1500,2.54,-0.47,2.7721,2.7140,7.2056,0
45.062,0,0,0,0.00,-1.00,0.0,1500,1500,2.54,-0.47,2.7721,2.7140,7.2056,0
45.079,0,0,0,0.00,-1.00,0.0,1500,1500,2.54,-0.47,2.7721,2.7140,7.2056,0
45.096,0,0,0,0.00,-1.00,0.0,1500,1500,2.54,-0.47,2.7721,2.7140,7.2056,0
45.113,0,0,0,0.00,-1.00,0.0,1500,1500,2.54,-0.47,2.7721,2.7140,7.2056,0
45.130,0,0,0,0.00,-1.00,0.0,1500,1500,2.54,-0.47,2.7721,2.7140,7.2056,0
45.147,0,0,0,0.00,-1.00,0.0,1500,1500,1.60,-0.70,2.7721,2.7140,7.2056,0
45.164,0,0,0,0.00,-1.00,0.0,1500,1500,1.60,-0.70,2.7721,2.7140,7.2056,0
45.181,0,0,0,0.00,-1.00,0.0,1500,1500,1.60,-0.70,2.7721,2.7140,7.2056,0
45.198,0,0,0,0.00,-1.00,0.0,1500,1500,1.60,-0.70,2.9259,4.1826,7.8842,0
45.216,0,0,0,0.00,-1.00,0.0,1500,1500,1.60,-0.70,2.9259,4.1826,7.8842,0
45.233,0,0,0,0.00,-1.00,0.0,1500,1500,1.60,-0.70,2.9259,4.1826,7.8842,0
45.251,0,0,0,0.00,-1.00,0.0,1500,1500,1.60,-0.70,2.9259,4.1826,7.8842,0
45.268,0,0,0,0.00,-1.00,0.0,1500,1500,1.60,-0.70,2.9259,4.1826,7.8842,0
45.285,0,0,0,0.00,-1.00,0.0,1500,1500,1.60,-0.70,2.9259,4.1826,7.8842,0
45.304,0,0,0,0.00,-1.00,0.0,1500,1500,1.60,-0.70,2.9259,4.1826,7.8842,0
45.321,0,0,0,0.00,-1.00,0.0,1500,1500,1.60,-0.70,2.9259,4.1826,7.8842,0
45.338,0,0,0,0.00,-1.00,0.0,1500,1500,1.60,-0.70,2.9259,4.1826,7.8842,0
45.355,0,0,0,0.00,-1.00,0.0,1500,1500,1.60,-0.70,2.9259,4.1826,7.8842,0
45.372,0,0,0,0.00,-1.00,0.0,1500,1500,1.60,-0.70,2.9259,4.1826,7.8842,0
45.389,0,0,0,0.00,-1.00,0.0,1500,1500,0.14,-1.40,2.9259,4.1826,7.8842,0
45.406,0,0,0,0.00,-1.00,0.0,1500,1500,0.14,-1.40,2.9259,4.1826,7.8842,0
45.423,0,0,0,0.00,-1.00,0.0,1500,1500,0.14,-1.40,2.9259,4.1826,7.8842,0
45.440,0,0,0,0.00,-1.00,0.0,1500,1500,0.14,-1.40,2.9259,4.1826,7.8842,0
45.457,0,0,0,0.00,-1.00,0.0,1500,1500,0.14,-1.40,2.0872,4.2358,7.0850,0
45.474,0,0,0,0.00,-1.00,0.0,1500,1500,0.14,-1.40,2.0872,4.2358,7.0850,0
45.491,284,-12,59,14.44,48.32,203.3,1571,1478,0.14,-1.40,2.0872,4.2358,7.0850,0
45.508,280,-12,59,14.24,48.32,203.3,1555,1478,0.14,-1.40,2.0872,4.2358,7.0850,0
45.525,276,-12,59,14.03,48.32,203.3,1547,1478,0.14,-1.40,2.0872,4.2358,7.0850,0
45.542,269,-12,59,13.68,48.32,203.3,1531,1478,0.14,-1.40,2.0872,4.2358,7.0850,0
45.559,266,-13,58,13.76,49.15,203.7,1538,1478,0.14,-1.40,2.0872,4.2358,7.0850,0
45.576,263,-13,58,13.60,49.15,203.7,1541,1478,0.14,-1.40,2.0872,4.2358,7.0850,0
45.592,261,-13,58,13.50,49.15,203.7,1545,1478,0.14,-1.40,2.0872,4.2358,7.0850,0
45.609,258,-13,58,13.34,49.15,203.7,1544,1478,0.14,-1.40,2.0872,4.2358,7.0850,0
45.626,255,-13,58,13.19,49.15,203.7,1543,1478,0.14,-1.40,2.0872,4.2358,7.0850,0
45.644,253,-14,57,13.32,50.02,204.0,1545,1478,-0.57,-1.85,2.0872,4.2358,7.0850,0
45.661,250,-14,57,13.16,50.02,204.0,1543,1478,-0.57,-1.85,2.0872,4.2358,7.0850,0
45.677,248,-14,57,13.05,50.02,204.0,1545,1478,-0.57,-1.85,2.0872,4.2358,7.0850,0
45.694,246,-14,57,12.95,50.02,204.0,1546,1478,-0.57,-1.85,2.0872,4.2358,7.0850,0
45.711,244,-15,56,13.07,50.91,204.4,1546,1478,-0.57,-1.85,1.6717,2.8660,6.8470,0
45.728,242,-15,56,12.96,50.91,204.4,1546,1478,-0.57,-1.85,1.6717,2.8660,6.8470,0
45.745,237,-15,56,12.70,50.91,204.4,1534,1478,-0.57,-1.85,1.6717,2.8660,6.8470,0
45.762,235,-16,55,12.82,51.83,204.8,1539,1478,-0.57,-1.85,1.6717,2.8660,6.8470,0
45.779,232,-16,55,12.65,51.83,204.8,1537,1478,-0.57,-1.85,1.6717,2.8660,6.8470,0
45.796,230,-16,55,12.55,51.83,204.8,1540,1478,-0.57,-1.85,1.6717,2.8660,6.8470,0
45.813,226,-16,55,12.33,51.83,204.8,1533,1478,-0.57,-1.85,1.6717,2.8660,6.8470,0
45.830,224,-16,55,12.22,51.83,204.8,1537,1478,-0.57,-1.85,1.6717,2.8660,6.8470,0
45.847,220,-17,54,12.22,52.79,205.1,1531,1478,-0.57,-1.85,1.6717,2.8660,6.8470,0
45.864,217,-17,54,12.06,52.79,205.1,1532,1478,-0.57,-1.85,1.6717,2.8660,6.8470,0
45.881,214,-17,54,11.89,52.79,205.1,1531,1478,-0.57,-1.85,1.6717,2.8660,6.8470,0
45.899,211,-17,54,11.72,52.79,205.1,1531,1478,-0.43,-2.52,1.6717,2.8660,6.8470,0
45.916,208,-17,54,11.56,52.79,205.1,1530,1478,-0.43,-2.52,1.6717,2.8660,6.8470,0
45.933,206,-17,54,11.44,52.79,205.1,1534,1478,-0.43,-2.52,1.6717,2.8660,6.8470,0
45.950,201,-18,53,11.38,53.79,205.4,1522,1478,-0.43,-2.52,2.8172,2.9262,8.5047,1
45.968,198,-18,53,11.21,53.79,205.4,1522,1478,-0.43,-2.52,2.8172,2.9262,8.5047,1
45.985,195,-18,53,11.04,53.79,205.4,1522,1478,-0.43,-2.52,2.8172,2.9262,8.5047,1
46.002,192,-19,52,11.08,54.83,205.8,1522,1478,-0.43,-2.52,2.8172,2.9262,8.5047,1
46.019,189,-19,52,10.90,54.83,205.8,1522,1478,-0.43,-2.52,2.8172,2.9262,8.5047,1
46.037,185,-19,52,10.67,54.83,205.8,1522,1478,-0.43,-2.52,2.8172,2.9262,8.5047,1
46.054,183,-19,52,10.56,54.83,205.8,1522,1478,-0.43,-2.52,2.8172,2.9262,8.5047,1
46.071,181,-19,52,10.44,54.83,205.8,1522,1478,-0.43,-2.52,2.8172,2.9262,8.5047,1
46.088,179,-19,52,10.33,54.83,205.8,1522,1478,-0.43,-2.52,2.8172,2.9262,8.5047,1
46.105,177,-19,52,10.21,54.83,205.8,1522,1478,-0.43,-2.52,2.8172,2.9262,8.5047,1
46.122,175,-19,52,10.10,54.83,205.8,1522,1478,-0.43,-2.52,2.8172,2.9262,8.5047,1
46.139,171,-21,50,10.26,57.02,206.5,1522,1478,-0.85,-2.07,2.8172,2.9262,8.5047,0
46.156,170,-20,51,10.00,55.90,206.1,1528,1478,-0.85,-2.07,2.8172,2.9262,8.5047,0
46.173,167,-21,50,10.02,57.02,206.5,1524,1478,-0.85,-2.07,2.8172,2.9262,8.5047,0
46.190,166,-21,50,9.96,57.02,206.5,1529,1478,-0.85,-2.07,2.8172,2.9262,8.5047,0
46.207,164,-21,50,9.84,57.02,206.5,1527,1478,-0.85,-2.07,2.9854,2.9619,8.6678,0
46.224,162,-21,50,9.72,57.02,206.5,1526,1478,-0.85,-2.07,2.9854,2.9619,8.6678,0
46.241,160,-21,50,9.60,57.02,206.5,1526,1478,-0.85,-2.07,2.9854,2.9619,8.6678,0
46.258,158,-21,50,9.48,57.02,206.5,1525,1478,-0.85,-2.07,2.9854,2.9619,8.6678,0
46.275,156,-21,50,9.36,57.02,206.5,1525,1478,-0.85,-2.07,2.9854,2.9619,8.6678,0
46.292,154,-21,50,9.24,57.02,206.5,1524,1478,-0.85,-2.07,2.9854,2.9619,8.6678,0
46.309,151,-21,50,9.06,57.02,206.5,1522,1478,-0.85,-2.07,2.9854,2.9619,8.6678,0
46.326,150,-21,50,9.00,57.02,206.5,1525,1478,-0.85,-2.07,2.9854,2.9619,8.6678,0
46.343,149,-20,51,8.76,55.90,206.1,1527,1478,-0.85,-2.07,2.9854,2.9619,8.6678,0
46.360,147,-20,51,8.65,55.90,206.1,1524,1478,-0.85,-2.07,2.9854,2.9619,8.6678,0
46.377,146,-20,51,8.59,55.90,206.1,1527,1478,-0.85,-2.07,2.9854,2.9619,8.6678,0
46.394,144,-20,51,8.47,55.90,206.1,1524,1478,-0.66,-1.79,2.9854,2.9619,8.6678,0
46.411,143,-20,51,8.41,55.90,206.1,1526,1478,-0.66,-1.79,2.9854,2.9619,8.6678,0
46.428,141,-20,51,8.29,55.90,206.1,1523,1478,-0.66,-1.79,2.9854,2.9619,8.6678,0
46.445,140,-20,51,8.24,55.90,206.1,1525,1478,-0.66,-1.79,2.9854,2.9619,8.6678,0
46.462,138,-20,51,8.12,55.90,206.1,1522,1478,-0.66,-1.79,3.4166,3.1728,7.6163,0
46.479,137,-20,51,8.06,55.90,206.1,1524,1478,-0.66,-1.79,3.4166,3.1728,7.6163,0
46.496,135,-20,51,7.94,55.90,206.1,1522,1478,-0.66,-1.79,3.4166,3.1728,7.6163,0
46.513,133,-20,51,7.82,55.90,206.1,1522,1478,-0.66,-1.79,3.4166,3.1728,7.6163,0
46.530,131,-20,51,7.71,55.90,206.1,1522,1478,-0.66,-1.79,3.4166,3.1728,7.6163,0
46.547,130,-20,51,7.65,55.90,206.1,1522,1478,-0.66,-1.79,3.4166,3.1728,7.6163,0
46.564,127,-20,51,7.47,55.90,206.1,1522,1478,-0.66,-1.79,3.4166,3.1728,7.6163,0
46.581,125,-20,51,7.35,55.90,206.1,1522,1478,-0.66,-1.79,3.4166,3.1728,7.6163,0
46.598,122,-20,51,7.18,55.90,206.1,1522,1478,-0.66,-1.79,3.4166,3.1728,7.6163,0
46.615,120,-20,51,7.06,55.90,206.1,1522,1478,-0.66,-1.79,3.4166,3.1728,7.6163,0
46.632,118,-20,51,6.94,55.90,206.1,1522,1478,-0.66,-1.79,3.4166,3.1728,7.6163,0
46.650,115,-20,51,6.76,55.90,206.1,1522,1478,-0.66,-1.45,3.4166,3.1728,7.6163,0
46.669,111,-20,51,6.53,55.90,206.1,1522,1478,-0.66,-1.45,3.4166,3.1728,7.6163,0
46.687,109,-20,51,6.41,55.90,206.1,1522,1478,-0.66,-1.45,3.4166,3.1728,7.6163,0
46.704,107,-20,51,6.29,55.90,206.1,1522,1478,-0.66,-1.45,3.6048,3.8089,8.0639,0
46.721,105,-20,51,6.18,55.90,206.1,1522,1478,-0.66,-1.45,3.6048,3.8089,8.0639,0
46.738,103,-20,51,6.06,55.90,206.1,1522,1478,-0.66,-1.45,3.6048,3.8089,8.0639,0
46.755,101,-19,52,5.83,54.83,205.8,1522,1478,-0.66,-1.45,3.6048,3.8089,8.0639,1
46.772,99,-19,52,5.71,54.83,205.8,1522,1478,-0.66,-1.45,3.6048,3.8089,8.0639,1
46.789,97,-19,52,5.60,54.83,205.8,1522,1478,-0.66,-1.45,3.6048,3.8089,8.0639,1
46.806,94,-19,52,5.42,54.83,205.8,1522,1478,-0.66,-1.45,3.6048,3.8089,8.0639,1
46.823,91,-19,52,5.25,54.83,205.8,1522,1478,-0.66,-1.45,3.6048,3.8089,8.0639,1
46.840,88,-19,52,5.08,54.83,205.8,1500,1478,-0.66,-1.45,3.6048,3.8089,8.0639,1
46.857,85,-19,52,4.90,54.83,205.8,1500,1478,-0.66,-1.45,3.6048,3.8089,8.0639,1
46.874,82,-19,52,4.73,54.83,205.8,1500,1478,-0.66,-1.45,3.6048,3.8089,8.0639,1
46.891,79,-19,52,4.56,54.83,205.8,1500,1478,-1.13,-1.75,3.6048,3.8089,8.0639,1
46.908,76,-19,52,4.38,54.83,205.8,1478,1478,-1.13,-1.75,3.6048,3.8089,8.0639,1
46.925,73,-19,52,4.21,54.83,205.8,1478,1478,-1.13,-1.75,3.6048,3.8089,8.0639,1
46.942,70,-19,52,4.04,54.83,205.8,1478,1478,-1.13,-1.75,3.6048,3.8089,8.0639,1
46.959,67,-19,52,3.87,54.83,205.8,1478,1478,-1.13,-1.75,3.8383,2.9937,8.7286,1
46.976,65,-18,53,3.68,53.79,205.4,1500,1478,-1.13,-1.75,3.8383,2.9937,8.7286,1
46.993,62,-18,53,3.51,53.79,205.4,1478,1478,-1.13,-1.75,3.8383,2.9937,8.7286,1
47.010,60,-18,53,3.40,53.79,205.4,1500,1478,-1.13,-1.75,3.8383,2.9937,8.7286,1
47.027,58,-18,53,3.28,53.79,205.4,1500,1478,-1.13,-1.75,3.8383,2.9937,8.7286,1
47.044,56,-18,53,3.17,53.79,205.4,1500,1478,-1.13,-1.75,3.8383,2.9937,8.7286,1
47.061,54,-18,53,3.06,53.79,205.4,1500,1478,-1.13,-1.75,3.8383,2.9937,8.7286,1
47.078,52,-18,53,2.94,53.79,205.4,1500,1478,-1.13,-1.75,3.8383,2.9937,8.7286,1
47.095,50,-18,53,2.83,53.79,205.4,1500,1478,-1.13,-1.75,3.8383,2.9937,8.7286,1
47.112,48,-18,53,2.72,53.79,205.4,1500,1478,-1.13,-1.75,3.8383,2.9937,8.7286,1
47.129,46,-17,54,2.56,52.79,205.1,1478,1478,-1.13,-1.75,3.8383,2.9937,8.7286,1
47.146,44,-17,54,2.44,52.79,205.1,1478,1478,-1.35,-1.17,3.8383,2.9937,8.7286,1
47.163,41,-17,54,2.28,52.79,205.1,1478,1478,-1.35,-1.17,3.8383,2.9937,8.7286,1
47.180,39,-17,54,2.17,52.79,205.1,1478,1478,-1.35,-1.17,3.8383,2.9937,8.7286,1
47.197,36,-17,54,2.00,52.79,205.1,1478,1478,-1.35,-1.17,3.1671,3.3059,8.1437,1
47.214,34,-17,54,1.89,52.79,205.1,1478,1478,-1.35,-1.17,3.1671,3.3059,8.1437,1
47.231,31,-17,54,1.72,52.79,205.1,1478,1478,-1.35,-1.17,3.1671,3.3059,8.1437,1
47.248,29,-17,54,1.61,52.79,205.1,1478,1478,-1.35,-1.17,3.1671,3.3059,8.1437,1
47.265,26,-17,54,1.44,52.79,205.1,1478,1478,-1.35,-1.17,3.1671,3.3059,8.1437,1
47.282,24,-17,54,1.33,52.79,205.1,1478,1478,-1.35,-1.17,3.1671,3.3059,8.1437,1
47.300,21,-17,54,1.17,52.79,205.1,1478,1478,-1.35,-1.17,3.1671,3.3059,8.1437,1
47.317,19,-17,54,1.06,52.79,205.1,1478,1478,-1.35,-1.17,3.1671,3.3059,8.1437,1
47.336,17,-17,54,0.94,52.79,205.1,1478,1478,-1.35,-1.17,3.1671,3.3059,8.1437,1
47.353,13,-17,54,0.72,52.79,205.1,1478,1478,-1.35,-1.17,3.1671,3.3059,8.1437,1
47.370,11,-17,54,0.61,52.79,205.1,1478,1478,-1.35,-1.17,3.1671,3.3059,8.1437,1
47.387,10,-17,54,0.56,52.79,205.1,1478,1478,-2.09,-1.45,3.1671,3.3059,8.1437,1
47.404,9,-16,55,0.49,51.83,204.8,1478,1478,-2.09,-1.45,3.1671,3.3059,8.1437,1
47.421,9,-16,55,0.49,51.83,204.8,1478,1478,-2.09,-1.45,3.1671,3.3059,8.1437,1
47.438,8,-16,55,0.44,51.83,204.8,1478,1478,-2.09,-1.45,3.1671,3.3059,8.1437,1
47.455,8,-16,55,0.44,51.83,204.8,1500,1478,-2.09,-1.45,4.0381,2.8229,8.4251,1
47.472,7,-16,55,0.38,51.83,204.8,1478,1478,-2.09,-1.45,4.0381,2.8229,8.4251,1
47.489,7,-16,55,0.38,51.83,204.8,1500,1478,-2.09,-1.45,4.0381,2.8229,8.4251,1
47.506,7,-16,55,0.38,51.83,204.8,1500,1478,-2.09,-1.45,4.0381,2.8229,8.4251,1
47.523,7,-16,55,0.38,51.83,204.8,1500,1478,-2.09,-1.45,4.0381,2.8229,8.4251,1
47.540,8,-15,56,0.43,50.91,204.4,1522,1500,-2.09,-1.45,4.0381,2.8229,8.4251,1
47.557,8,-15,56,0.43,50.91,204.4,1522,1478,-2.09,-1.45,4.0381,2.8229,8.4251,1
47.574,8,-15,56,0.43,50.91,204.4,1522,1478,-2.09,-1.45,4.0381,2.8229,8.4251,1
47.591,8,-15,56,0.43,50.91,204.4,1522,1478,-2.09,-1.45,4.0381,2.8229,8.4251,1
47.608,8,-15,56,0.43,50.91,204.4,1522,1478,-2.09,-1.45,4.0381,2.8229,8.4251,1
47.625,8,-15,56,0.43,50.91,204.4,1522,1478,-2.09,-1.45,4.0381,2.8229,8.4251,1
47.642,8,-15,56,0.43,50.91,204.4,1522,1478,-1.88,-1.77,4.0381,2.8229,8.4251,1
47.659,8,-15,56,0.43,50.91,204.4,1522,1478,-1.88,-1.77,4.0381,2.8229,8.4251,1
47.676,9,-14,57,0.47,50.02,204.0,1522,1500,-1.88,-1.77,4.0381,2.8229,8.4251,1
47.693,9,-14,57,0.47,50.02,204.0,1522,1478,-1.88,-1.77,3.4052,3.1500,7.6305,1
47.710,10,-14,57,0.53,50.02,204.0,1522,1478,-1.88,-1.77,3.4052,3.1500,7.6305,1
47.727,10,-14,57,0.53,50.02,204.0,1522,1478,-1.88,-1.77,3.4052,3.1500,7.6305,1
47.744,12,-14,57,0.63,50.02,204.0,1522,1478,-1.88,-1.77,3.4052,3.1500,7.6305,1
47.761,13,-14,57,0.68,50.02,204.0,1522,1478,-1.88,-1.77,3.4052,3.1500,7.6305,1
47.778,14,-14,57,0.74,50.02,204.0,1522,1478,-1.88,-1.77,3.4052,3.1500,7.6305,1
47.795,15,-13,58,0.78,49.15,203.7,1522,1500,-1.88,-1.77,3.4052,3.1500,7.6305,1
47.812,17,-13,58,0.88,49.15,203.7,1522,1478,-1.88,-1.77,3.4052,3.1500,7.6305,1
47.830,18,-13,58,0.93,49.15,203.7,1522,1478,-1.88,-1.77,3.4052,3.1500,7.6305,1
47.847,20,-13,58,1.03,49.15,203.7,1522,1478,-1.88,-1.77,3.4052,3.1500,7.6305,1
47.864,22,-13,58,1.14,49.15,203.7,1522,1478,-1.88,-1.77,3.4052,3.1500,7.6305,1
47.881,24,-13,58,1.24,49.15,203.7,1522,1478,-1.88,-1.77,3.4052,3.1500,7.6305,1
47.899,26,-12,59,1.32,48.32,203.3,1522,1500,-1.40,-1.47,3.4052,3.1500,7.6305,1
47.917,28,-12,59,1.42,48.32,203.3,1522,1478,-1.40,-1.47,3.4052,3.1500,7.6305,1
47.935,30,-12,59,1.53,48.32,203.3,1522,1478,-1.40,-1.47,3.4052,3.1500,7.6305,1
47.952,31,-12,59,1.58,48.32,203.3,1522,1478,-1.40,-1.47,2.5302,3.0963,7.7624,1
47.969,32,-12,59,1.63,48.32,203.3,1522,1478,-1.40,-1.47,2.5302,3.0963,7.7624,1
47.986,33,-12,59,1.68,48.32,203.3,1522,1478,-1.40,-1.47,2.5302,3.0963,7.7624,1
48.003,34,-11,60,1.70,47.52,203.0,1522,1500,-1.40,-1.47,2.5302,3.0963,7.7624,1
48.020,34,-11,60,1.70,47.52,203.0,1522,1478,-1.40,-1.47,2.5302,3.0963,7.7624,1
48.037,34,-11,60,1.70,47.52,203.0,1522,1478,-1.40,-1.47,2.5302,3.0963,7.7624,1
48.054,35,-11,60,1.75,47.52,203.0,1522,1478,-1.40,-1.47,2.5302,3.0963,7.7624,1
48.071,35,-11,60,1.75,47.52,203.0,1522,1478,-1.40,-1.47,2.5302,3.0963,7.7624,1
48.088,36,-10,61,1.77,46.74,202.6,1522,1500,-1.40,-1.47,2.5302,3.0963,7.7624,1
48.105,36,-10,61,1.77,46.74,202.6,1522,1500,-1.40,-1.47,2.5302,3.0963,7.7624,1
48.122,36,-10,61,1.77,46.74,202.6,1522,1478,-1.40,-1.47,2.5302,3.0963,7.7624,1
48.139,37,-10,61,1.82,46.74,202.6,1522,1478,-1.30,-0.78,2.5302,3.0963,7.7624,1
48.156,37,-10,61,1.82,46.74,202.6,1522,1478,-1.30,-0.78,2.5302,3.0963,7.7624,1
48.173,37,-10,61,1.82,46.74,202.6,1522,1478,-1.30,-0.78,2.5302,3.0963,7.7624,1
48.190,37,-10,61,1.82,46.74,202.6,1522,1478,-1.30,-0.78,2.5302,3.0963,7.7624,1
48.207,37,-10,61,1.82,46.74,202.6,1522,1478,-1.30,-0.78,1.7736,2.5977,7.9426,1
48.224,37,-9,62,1.79,45.98,202.3,1522,1500,-1.30,-0.78,1.7736,2.5977,7.9426,1
48.241,37,-10,61,1.82,46.74,202.6,1522,1478,-1.30,-0.78,1.7736,2.5977,7.9426,1
48.258,38,-9,62,1.84,45.98,202.3,1522,1500,-1.30,-0.78,1.7736,2.5977,7.9426,1
48.275,39,-9,62,1.89,45.98,202.3,1522,1478,-1.30,-0.78,1.7736,2.5977,7.9426,1
48.292,39,-9,62,1.89,45.98,202.3,1522,1478,-1.30,-0.78,1.7736,2.5977,7.9426,1
48.309,40,-9,62,1.94,45.98,202.3,1522,1478,-1.30,-0.78,1.7736,2.5977,7.9426,1
48.326,41,-9,62,1.98,45.98,202.3,1522,1478,-1.30,-0.78,1.7736,2.5977,7.9426,1
48.343,42,-9,62,2.03,45.98,202.3,1522,1478,-1.30,-0.78,1.7736,2.5977,7.9426,1
48.360,42,-9,62,2.03,45.98,202.3,1522,1478,-1.30,-0.78,1.7736,2.5977,7.9426,1
48.377,43,-9,62,2.08,45.98,202.3,1522,1478,-1.30,-0.78,1.7736,2.5977,7.9426,1
48.394,45,-8,63,2.14,45.25,201.9,1522,1500,-0.81,-0.74,1.7736,2.5977,7.9426,1
48.411,46,-8,63,2.19,45.25,201.9,1522,1500,-0.81,-0.74,1.7736,2.5977,7.9426,1
48.428,48,-8,63,2.29,45.25,201.9,1522,1478,-0.81,-0.74,1.7736,2.5977,7.9426,1
48.445,51,-8,63,2.43,45.25,201.9,1522,1478,-0.81,-0.74,1.7736,2.5977,7.9426,1
48.462,53,-8,63,2.52,45.25,201.9,1522,1478,-0.81,-0.74,3.8930,2.7232,8.6436,1
48.479,56,-8,63,2.67,45.25,201.9,1522,1478,-0.81,-0.74,3.8930,2.7232,8.6436,1
48.496,59,-8,63,2.81,45.25,201.9,1522,1478,-0.81,-0.74,3.8930,2.7232,8.6436,1
48.513,59,-8,63,2.81,45.25,201.9,1522,1478,-0.81,-0.74,3.8930,2.7232,8.6436,1
48.530,65,-8,63,3.10,45.25,201.9,1525,1478,-0.81,-0.74,3.8930,2.7232,8.6436,1
48.547,69,-8,63,3.29,45.25,201.9,1526,1478,-0.81,-0.74,3.8930,2.7232,8.6436,1
48.564,72,-8,63,3.43,45.25,201.9,1525,1478,-0.81,-0.74,3.8930,2.7232,8.6436,1
48.584,79,-7,64,3.70,44.55,201.6,1531,1500,-0.81,-0.74,3.8930,2.7232,8.6436,1
48.601,83,-7,64,3.89,44.55,201.6,1530,1500,-0.81,-0.74,3.8930,2.7232,8.6436,1
48.618,87,-7,64,4.08,44.55,201.6,1530,1500,-0.81,-0.74,3.8930,2.7232,8.6436,1
48.635,91,-7,64,4.27,44.55,201.6,1530,1478,-0.36,-0.76,3.8930,2.7232,8.6436,1
48.652,95,-7,64,4.45,44.55,201.6,1531,1478,-0.36,-0.76,3.8930,2.7232,8.6436,1
48.669,99,-7,64,4.64,44.55,201.6,1531,1478,-0.36,-0.76,3.8930,2.7232,8.6436,1
48.686,103,-7,64,4.83,44.55,201.6,1532,1478,-0.36,-0.76,3.8930,2.7232,8.6436,1
48.703,108,-7,64,5.06,44.55,201.6,1534,1478,-0.36,-0.76,4.0985,2.9003,8.3654,1
48.720,112,-7,64,5.25,44.55,201.6,1534,1478,-0.36,-0.76,4.0985,2.9003,8.3654,1
48.737,117,-7,64,5.48,44.55,201.6,1537,1478,-0.36,-0.76,4.0985,2.9003,8.3654,1
48.754,121,-7,64,5.67,44.55,201.6,1536,1478,-0.36,-0.76,4.0985,2.9003,8.3654,1
48.771,126,-7,64,5.91,44.55,201.6,1538,1478,-0.36,-0.76,4.0985,2.9003,8.3654,1
48.788,131,-6,65,6.05,43.86,201.2,1539,1500,-0.36,-0.76,4.0985,2.9003,8.3654,1
48.805,135,-6,65,6.23,43.86,201.2,1539,1500,-0.36,-0.76,4.0985,2.9003,8.3654,1
48.822,140,-6,65,6.46,43.86,201.2,1540,1500,-0.36,-0.76,4.0985,2.9003,8.3654,1
48.839,144,-7,64,6.75,44.55,201.6,1539,1478,-0.36,-0.76,4.0985,2.9003,8.3654,1
48.856,148,-7,64,6.94,44.55,201.6,1539,1478,-0.36,-0.76,4.0985,2.9003,8.3654,1
48.873,153,-6,65,7.06,43.86,201.2,1542,1500,-0.36,-0.76,4.0985,2.9003,8.3654,1
48.890,157,-6,65,7.25,43.86,201.2,1541,1500,0.46,-0.79,4.0985,2.9003,8.3654,1
48.907,161,-6,65,7.43,43.86,201.2,1541,1500,0.46,-0.79,4.0985,2.9003,8.3654,1
48.924,164,-6,65,7.57,43.86,201.2,1539,1500,0.46,-0.79,4.0985,2.9003,8.3654,1
48.941,168,-6,65,7.75,43.86,201.2,1540,1478,0.46,-0.79,4.0985,2.9003,8.3654,1
48.958,171,-6,65,7.89,43.86,201.2,1539,1478,0.46,-0.79,3.6406,2.7371,7.9895,1
48.975,175,-6,65,8.08,43.86,201.2,1541,1478,0.46,-0.79,3.6406,2.7371,7.9895,1
48.992,178,-6,65,8.22,43.86,201.2,1540,1478,0.46,-0.79,3.6406,2.7371,7.9895,1
49.009,181,-5,66,8.23,43.20,200.9,1540,1500,0.46,-0.79,3.6406,2.7371,7.9895,1
49.026,184,-5,66,8.36,43.20,200.9,1540,1500,0.46,-0.79,3.6406,2.7371,7.9895,1
49.043,187,-5,66,8.50,43.20,200.9,1540,1500,0.46,-0.79,3.6406,2.7371,7.9895,1
49.060,190,-5,66,8.64,43.20,200.9,1540,1500,0.46,-0.79,3.6406,2.7371,7.9895,1
49.077,192,-5,66,8.73,43.20,200.9,1539,1500,0.46,-0.79,3.6406,2.7371,7.9895,1
49.094,194,-5,66,8.82,43.20,200.9,1538,1500,0.46,-0.79,3.6406,2.7371,7.9895,1
49.111,196,-5,66,8.91,43.20,200.9,1538,1500,0.46,-0.79,3.6406,2.7371,7.9895,1
49.128,198,-5,66,9.00,43.20,200.9,1538,1500,0.46,-0.79,3.6406,2.7371,7.9895,1
49.145,199,-5,66,9.05,43.20,200.9,1536,1500,1.12,-1.17,3.6406,2.7371,7.9895,1
49.162,200,-5,66,9.09,43.20,200.9,1535,1500,1.12,-1.17,3.6406,2.7371,7.9895,1
49.179,201,-5,66,9.14,43.20,200.9,1558,1478,1.12,-1.17,3.6406,2.7371,7.9895,0
49.197,203,-5,66,9.23,43.20,200.9,1561,1478,1.12,-1.17,3.1981,2.8992,6.9587,0
49.214,204,-5,66,9.27,43.20,200.9,1559,1478,1.12,-1.17,3.1981,2.8992,6.9587,0
49.233,205,-5,66,9.32,43.20,200.9,1558,1478,1.12,-1.17,3.1981,2.8992,6.9587,0
49.250,208,-4,67,9.31,42.55,200.5,1566,1522,1.12,-1.17,3.1981,2.8992,6.9587,0
49.267,209,-4,67,9.36,42.55,200.5,1563,1500,1.12,-1.17,3.1981,2.8992,6.9587,0
49.284,211,-4,67,9.45,42.55,200.5,1565,1500,1.12,-1.17,3.1981,2.8992,6.9587,0
49.301,212,-4,67,9.49,42.55,200.5,1562,1478,1.12,-1.17,3.1981,2.8992,6.9587,0
49.318,213,-4,67,9.54,42.55,200.5,1561,1478,1.12,-1.17,3.1981,2.8992,6.9587,0
49.335,214,-4,67,9.58,42.55,200.5,1561,1478,1.12,-1.17,3.1981,2.8992,6.9587,0
49.352,215,-4,67,9.63,42.55,200.5,1561,1478,1.12,-1.17,3.1981,2.8992,6.9587,0
49.369,216,-4,67,9.67,42.55,200.5,1561,1478,1.12,-1.17,3.1981,2.8992,6.9587,0
49.386,217,-4,67,9.72,42.55,200.5,1561,1478,2.07,-1.12,3.1981,2.8992,6.9587,0
49.403,218,-4,67,9.76,42.55,200.5,1561,1478,2.07,-1.12,3.1981,2.8992,6.9587,0
49.420,218,-4,67,9.76,42.55,200.5,1558,1478,2.07,-1.12,3.1981,2.8992,6.9587,0
49.437,218,-4,67,9.76,42.55,200.5,1556,1478,2.07,-1.12,3.1981,2.8992,6.9587,0
49.454,218,-4,67,9.76,42.55,200.5,1555,1478,2.07,-1.12,2.7541,2.9824,7.5445,0
49.471,217,-3,68,9.57,41.92,200.2,1551,1522,2.07,-1.12,2.7541,2.9824,7.5445,0
49.488,216,-3,68,9.53,41.92,200.2,1549,1500,2.07,-1.12,2.7541,2.9824,7.5445,0
49.505,215,-3,68,9.49,41.92,200.2,1547,1500,2.07,-1.12,2.7541,2.9824,7.5445,0
49.522,213,-3,68,9.40,41.92,200.2,1543,1500,2.07,-1.12,2.7541,2.9824,7.5445,0
49.539,211,-3,68,9.31,41.92,200.2,1540,1478,2.07,-1.12,2.7541,2.9824,7.5445,0
49.556,209,-3,68,9.22,41.92,200.2,1539,1478,2.07,-1.12,2.7541,2.9824,7.5445,0
49.573,208,-3,68,9.18,41.92,200.2,1541,1478,2.07,-1.12,2.7541,2.9824,7.5445,0
49.590,205,-3,68,9.04,41.92,200.2,1535,1478,2.07,-1.12,2.7541,2.9824,7.5445,0
49.607,204,-3,68,9.00,41.92,200.2,1539,1478,2.07,-1.12,2.7541,2.9824,7.5445,0
49.624,201,-3,68,8.87,41.92,200.2,1534,1478,2.07,-1.12,2.7541,2.9824,7.5445,0
49.641,199,-3,68,8.78,41.92,200.2,1522,1500,1.44,-0.71,2.7541,2.9824,7.5445,1
49.658,195,-3,68,8.60,41.92,200.2,1522,1500,1.44,-0.71,2.7541,2.9824,7.5445,1
49.675,192,-3,68,8.47,41.92,200.2,1522,1500,1.44,-0.71,2.7541,2.9824,7.5445,1
49.692,188,-3,68,8.29,41.92,200.2,1522,1500,1.44,-0.71,2.7541,2.9824,7.5445,1
49.709,183,-3,68,8.07,41.92,200.2,1522,1500,1.44,-0.71,2.9929,2.8015,8.1404,1
49.726,179,-3,68,7.90,41.92,200.2,1522,1500,1.44,-0.71,2.9929,2.8015,8.1404,1
49.743,174,-3,68,7.68,41.92,200.2,1522,1500,1.44,-0.71,2.9929,2.8015,8.1404,1
49.760,169,-3,68,7.46,41.92,200.2,1522,1500,1.44,-0.71,2.9929,2.8015,8.1404,1
49.777,164,-2,69,7.13,41.32,199.8,1522,1522,1.44,-0.71,2.9929,2.8015,8.1404,1
49.794,159,-3,68,7.01,41.92,200.2,1522,1478,1.44,-0.71,2.9929,2.8015,8.1404,1
49.811,155,-3,68,6.84,41.92,200.2,1522,1478,1.44,-0.71,2.9929,2.8015,8.1404,1
49.828,150,-3,68,6.62,41.92,200.2,1522,1500,1.44,-0.71,2.9929,2.8015,8.1404,1
49.845,146,-3,68,6.44,41.92,200.2,1522,1500,1.44,-0.71,2.9929,2.8015,8.1404,1
49.862,141,-3,68,6.22,41.92,200.2,1522,1500,1.44,-0.71,2.9929,2.8015,8.1404,1
49.879,137,-2,69,5.96,41.32,199.8,1522,1522,1.44,-0.71,2.9929,2.8015,8.1404,1
49.896,133,-2,69,5.78,41.32,199.8,1522,1500,0.93,-0.23,2.9929,2.8015,8.1404,1
49.913,130,-2,69,5.65,41.32,199.8,1522,1500,0.93,-0.23,2.9929,2.8015,8.1404,1
49.931,126,-2,69,5.48,41.32,199.8,1522,1500,0.93,-0.23,2.9929,2.8015,8.1404,1
49.948,122,-2,69,5.30,41.32,199.8,1522,1500,0.93,-0.23,3.6902,2.9794,8.0844,1
49.965,118,-2,69,5.13,41.32,199.8,1522,1500,0.93,-0.23,3.6902,2.9794,8.0844,1
49.983,109,-2,69,4.74,41.32,199.8,1478,1500,0.93,-0.23,3.6902,2.9794,8.0844,1
50.000,104,-2,69,4.52,41.32,199.8,1478,1500,0.93,-0.23,3.6902,2.9794,8.0844,1
50.017,99,-2,69,4.30,41.32,199.8,1478,1500,0.93,-0.23,3.6902,2.9794,8.0844,1
50.034,95,-3,68,4.19,41.92,200.2,1478,1478,0.93,-0.23,3.6902,2.9794,8.0844,1
50.051,90,-3,68,3.97,41.92,200.2,1478,1478,0.93,-0.23,3.6902,2.9794,8.0844,1
50.068,86,-3,68,3.79,41.92,200.2,1478,1478,0.93,-0.23,3.6902,2.9794,8.0844,1
50.085,81,-2,69,3.52,41.32,199.8,1478,1522,0.93,-0.23,3.6902,2.9794,8.0844,1
50.102,77,-3,68,3.40,41.92,200.2,1478,1478,0.93,-0.23,3.6902,2.9794,8.0844,1
50.119,72,-3,68,3.18,41.92,200.2,1478,1478,0.93,-0.23,3.6902,2.9794,8.0844,1
50.136,68,-3,68,3.00,41.92,200.2,1478,1500,0.44,-0.22,3.6902,2.9794,8.0844,1
50.153,63,-3,68,2.78,41.92,200.2,1478,1500,0.44,-0.22,3.6902,2.9794,8.0844,1
50.170,58,-3,68,2.56,41.92,200.2,1478,1500,0.44,-0.22,3.6902,2.9794,8.0844,1
50.187,53,-3,68,2.34,41.92,200.2,1478,1500,0.44,-0.22,3.6902,2.9794,8.0844,1
50.204,49,-3,68,2.16,41.92,200.2,1478,1500,0.44,-0.22,3.1581,2.9074,7.3209,1
50.221,44,-3,68,1.94,41.92,200.2,1478,1500,0.44,-0.22,3.1581,2.9074,7.3209,1
50.238,39,-3,68,1.72,41.92,200.2,1478,1500,0.44,-0.22,3.1581,2.9074,7.3209,1
50.255,34,-4,67,1.52,42.55,200.5,1478,1478,0.44,-0.22,3.1581,2.9074,7.3209,1
50.272,30,-3,68,1.32,41.92,200.2,1478,1500,0.44,-0.22,3.1581,2.9074,7.3209,1
50.289,26,-4,67,1.16,42.55,200.5,1478,1478,0.44,-0.22,3.1581,2.9074,7.3209,1
50.305,21,-4,67,0.94,42.55,200.5,1478,1478,0.44,-0.22,3.1581,2.9074,7.3209,1
50.322,18,-4,67,0.81,42.55,200.5,1478,1478,0.44,-0.22,3.1581,2.9074,7.3209,1
50.339,14,-4,67,0.63,42.55,200.5,1478,1500,0.44,-0.22,3.1581,2.9074,7.3209,1
50.356,11,-4,67,0.49,42.55,200.5,1478,1500,0.44,-0.22,3.1581,2.9074,7.3209,1
50.373,7,-5,66,0.32,43.20,200.9,1478,1478,0.44,-0.22,3.1581,2.9074,7.3209,1
50.390,4,-5,66,0.18,43.20,200.9,1478,1478,0.30,-0.37,3.1581,2.9074,7.3209,1
50.407,1,-5,66,0.05,43.20,200.9,1478,1478,0.30,-0.37,3.1581,2.9074,7.3209,1
50.424,-2,-5,66,-0.09,43.20,200.9,1478,1478,0.30,-0.37,3.1581,2.9074,7.3209,1
50.441,-5,-6,65,-0.23,43.86,201.2,1478,1478,0.30,-0.37,1.9341,2.7327,7.0312,1
50.458,-9,-6,65,-0.42,43.86,201.2,1478,1478,0.30,-0.37,1.9341,2.7327,7.0312,1
50.475,-12,-6,65,-0.55,43.86,201.2,1478,1478,0.30,-0.37,1.9341,2.7327,7.0312,1
50.492,-16,-6,65,-0.74,43.86,201.2,1478,1478,0.30,-0.37,1.9341,2.7327,7.0312,1
50.509,-19,-7,64,-0.89,44.55,201.6,1478,1478,0.30,-0.37,1.9341,2.7327,7.0312,1
50.526,-24,-7,64,-1.12,44.55,201.6,1478,1478,0.30,-0.37,1.9341,2.7327,7.0312,1
50.543,-28,-7,64,-1.31,44.55,201.6,1478,1478,0.30,-0.37,1.9341,2.7327,7.0312,1
50.560,-33,-7,64,-1.55,44.55,201.6,1476,1478,0.30,-0.37,1.9341,2.7327,7.0312,1
50.577,-37,-8,63,-1.76,45.25,201.9,1477,1478,0.30,-0.37,1.9341,2.7327,7.0312,1
50.594,-42,-8,63,-2.00,45.25,201.9,1475,1478,0.30,-0.37,1.9341,2.7327,7.0312,1
50.612,-47,-8,63,-2.24,45.25,201.9,1473,1478,0.30,-0.37,1.9341,2.7327,7.0312,1
50.629,-52,-9,62,-2.52,45.98,202.3,1472,1478,0.30,-0.37,1.9341,2.7327,7.0312,1
50.646,-58,-8,63,-2.76,45.25,201.9,1470,1500,-0.44,-0.78,1.9341,2.7327,7.0312,1
50.664,-63,-8,63,-3.00,45.25,201.9,1470,1478,-0.44,-0.78,1.9341,2.7327,7.0312,1
50.681,-69,-9,62,-3.34,45.98,202.3,1467,1478,-0.44,-0.78,1.9341,2.7327,7.0312,1
50.698,-75,-9,62,-3.63,45.98,202.3,1465,1478,-0.44,-0.78,1.6595,3.7226,7.9448,1
50.716,-81,-10,61,-3.98,46.74,202.6,1464,1478,-0.44,-0.78,1.6595,3.7226,7.9448,1
50.733,-94,-11,60,-4.70,47.52,203.0,1447,1478,-0.44,-0.78,1.6595,3.7226,7.9448,1
50.750,-101,-10,61,-4.97,46.74,202.6,1451,1478,-0.44,-0.78,1.6595,3.7226,7.9448,1
50.767,-107,-11,60,-5.35,47.52,203.0,1455,1478,-0.44,-0.78,1.6595,3.7226,7.9448,1
50.784,-115,-11,60,-5.75,47.52,203.0,1451,1478,-0.44,-0.78,1.6595,3.7226,7.9448,1
50.801,-122,-11,60,-6.10,47.52,203.0,1452,1478,-0.44,-0.78,1.6595,3.7226,7.9448,1
50.818,-129,-11,60,-6.45,47.52,203.0,1451,1478,-0.44,-0.78,1.6595,3.7226,7.9448,1
50.835,-136,-12,59,-6.92,48.32,203.3,1451,1478,-0.44,-0.78,1.6595,3.7226,7.9448,1
50.852,-143,-12,59,-7.27,48.32,203.3,1449,1478,-0.44,-0.78,1.6595,3.7226,7.9448,1
50.869,-150,-12,59,-7.63,48.32,203.3,1448,1478,-0.44,-0.78,1.6595,3.7226,7.9448,1
50.885,-157,-12,59,-7.98,48.32,203.3,1448,1478,-2.30,-0.98,1.6595,3.7226,7.9448,1
50.902,-163,-12,59,-8.29,48.32,203.3,1449,1478,-2.30,-0.98,1.6595,3.7226,7.9448,1
50.919,-169,-12,59,-8.59,48.32,203.3,1449,1478,-2.30,-0.98,1.6595,3.7226,7.9448,1
50.936,-176,-13,58,-9.10,49.15,203.7,1446,1478,-2.30,-0.98,1.6595,3.7226,7.9448,1
50.953,-181,-13,58,-9.36,49.15,203.7,1449,1478,-2.30,-0.98,1.5263,2.5145,8.3610,1
50.970,-187,-13,58,-9.67,49.15,203.7,1448,1478,-2.30,-0.98,1.5263,2.5145,8.3610,1
50.987,-192,-13,58,-9.93,49.15,203.7,1449,1478,-2.30,-0.98,1.5263,2.5145,8.3610,1
51.004,-197,-13,58,-10.19,49.15,203.7,1449,1478,-2.30,-0.98,1.5263,2.5145,8.3610,1
51.021,-202,-14,57,-10.63,50.02,204.0,1449,1478,-2.30,-0.98,1.5263,2.5145,8.3610,1
51.038,-206,-13,58,-10.66,49.15,203.7,1417,1478,-2.30,-0.98,1.5263,2.5145,8.3610,0
51.055,-210,-14,57,-11.05,50.02,204.0,1418,1478,-2.30,-0.98,1.5263,2.5145,8.3610,0
51.072,-214,-14,57,-11.26,50.02,204.0,1418,1478,-2.30,-0.98,1.5263,2.5145,8.3610,0
51.089,-217,-14,57,-11.42,50.02,204.0,1421,1478,-2.30,-0.98,1.5263,2.5145,8.3610,0
51.106,-220,-14,57,-11.58,50.02,204.0,1422,1478,-2.30,-0.98,1.5263,2.5145,8.3610,0
51.123,-223,-14,57,-11.74,50.02,204.0,1422,1478,-2.30,-0.98,1.5263,2.5145,8.3610,0
51.140,-226,-14,57,-11.89,50.02,204.0,1422,1478,-4.14,-0.61,1.5263,2.5145,8.3610,0
51.157,-229,-15,56,-12.27,50.91,204.4,1422,1478,-4.14,-0.61,1.5263,2.5145,8.3610,0
51.174,-231,-15,56,-12.38,50.91,204.4,1425,1478,-4.14,-0.61,1.5263,2.5145,8.3610,0
51.191,-233,-15,56,-12.48,50.91,204.4,1426,1478,-4.14,-0.61,1.5263,2.5145,8.3610,0
51.208,-234,-15,56,-12.54,50.91,204.4,1430,1478,-4.14,-0.61,1.3854,3.0835,7.0330,0
51.225,-236,-15,56,-12.64,50.91,204.4,1429,1478,-4.14,-0.61,1.3854,3.0835,7.0330,0
51.242,-236,-15,56,-12.64,50.91,204.4,1435,1478,-4.14,-0.61,1.3854,3.0835,7.0330,0
51.259,-236,-16,55,-12.87,51.83,204.8,1438,1478,-4.14,-0.61,1.3854,3.0835,7.0330,0
51.276,-236,-16,55,-12.87,51.83,204.8,1440,1478,-4.14,-0.61,1.3854,3.0835,7.0330,0
51.294,-235,-16,55,-12.82,51.83,204.8,1444,1478,-4.14,-0.61,1.3854,3.0835,7.0330,0
51.311,-234,-16,55,-12.76,51.83,204.8,1447,1478,-4.14,-0.61,1.3854,3.0835,7.0330,0
51.328,-233,-16,55,-12.71,51.83,204.8,1448,1478,-4.14,-0.61,1.3854,3.0835,7.0330,0
51.346,-231,-17,54,-12.83,52.79,205.1,1452,1478,-4.14,-0.61,1.3854,3.0835,7.0330,0
51.363,-228,-17,54,-12.67,52.79,205.1,1459,1478,-4.14,-0.61,1.3854,3.0835,7.0330,0
51.381,-226,-17,54,-12.56,52.79,205.1,1458,1478,-4.60,-1.04,1.3854,3.0835,7.0330,0
51.398,-223,-17,54,-12.39,52.79,205.1,1463,1478,-4.60,-1.04,1.3854,3.0835,7.0330,0
51.415,-217,-18,53,-12.28,53.79,205.4,1476,1478,-4.60,-1.04,1.3854,3.0835,7.0330,0
51.432,-212,-19,52,-12.23,54.83,205.8,1478,1478,-4.60,-1.04,1.3854,3.0835,7.0330,0
51.449,-209,-19,52,-12.06,54.83,205.8,1475,1478,-4.60,-1.04,1.6738,2.9003,8.8780,0
51.466,-205,-19,52,-11.83,54.83,205.8,1478,1478,-4.60,-1.04,1.6738,2.9003,8.8780,1
51.483,-202,-19,52,-11.65,54.83,205.8,1478,1478,-4.60,-1.04,1.6738,2.9003,8.8780,1
51.500,-197,-20,51,-11.59,55.90,206.1,1478,1478,-4.60,-1.04,1.6738,2.9003,8.8780,0
51.517,-193,-20,51,-11.35,55.90,206.1,1478,1478,-4.60,-1.04,1.6738,2.9003,8.8780,0
51.534,-188,-20,51,-11.06,55.90,206.1,1478,1478,-4.60,-1.04,1.6738,2.9003,8.8780,0
51.551,-183,-20,51,-10.76,55.90,206.1,1478,1478,-4.60,-1.04,1.6738,2.9003,8.8780,0
51.568,-178,-20,51,-10.47,55.90,206.1,1478,1478,-4.60,-1.04,1.6738,2.9003,8.8780,0
51.585,-172,-21,50,-10.32,57.02,206.5,1478,1478,-4.60,-1.04,1.6738,2.9003,8.8780,0
51.602,-167,-21,50,-10.02,57.02,206.5,1478,1478,-4.60,-1.04,1.6738,2.9003,8.8780,0
51.619,-161,-21,50,-9.66,57.02,206.5,1500,1478,-4.60,-1.04,1.6738,2.9003,8.8780,0
51.636,-156,-20,51,-9.18,55.90,206.1,1478,1478,-2.55,-1.04,1.6738,2.9003,8.8780,0
51.653,-149,-21,50,-8.94,57.02,206.5,1522,1478,-2.55,-1.04,1.6738,2.9003,8.8780,0
51.670,-143,-21,50,-8.58,57.02,206.5,1522,1478,-2.55,-1.04,1.6738,2.9003,8.8780,0
51.687,-137,-21,50,-8.22,57.02,206.5,1522,1478,-2.55,-1.04,1.6738,2.9003,8.8780,0
51.704,-131,-21,50,-7.86,57.02,206.5,1522,1478,-2.55,-1.04,1.4312,3.2410,7.6837,0
51.721,-124,-22,49,-7.59,58.18,206.8,1522,1478,-2.55,-1.04,1.4312,3.2410,7.6837,0
51.738,-118,-22,49,-7.22,58.18,206.8,1522,1478,-2.55,-1.04,1.4312,3.2410,7.6837,0
51.755,-112,-22,49,-6.86,58.18,206.8,1522,1478,-2.55,-1.04,1.4312,3.2410,7.6837,0
51.772,-106,-23,48,-6.62,59.39,207.2,1522,1478,-2.55,-1.04,1.4312,3.2410,7.6837,0
51.789,-100,-23,48,-6.25,59.39,207.2,1522,1478,-2.55,-1.04,1.4312,3.2410,7.6837,0
51.806,-95,-23,48,-5.94,59.39,207.2,1522,1478,-2.55,-1.04,1.4312,3.2410,7.6837,0
51.823,-89,-23,48,-5.56,59.39,207.2,1522,1478,-2.55,-1.04,1.4312,3.2410,7.6837,0
51.840,-85,-23,48,-5.31,59.39,207.2,1522,1478,-2.55,-1.04,1.4312,3.2410,7.6837,0
51.857,-80,-23,48,-5.00,59.39,207.2,1522,1478,-2.55,-1.04,1.4312,3.2410,7.6837,0
51.874,-76,-23,48,-4.75,59.39,207.2,1522,1478,-2.55,-1.04,1.4312,3.2410,7.6837,0
51.891,-71,-23,48,-4.44,59.39,207.2,1522,1478,-1.27,-1.26,1.4312,3.2410,7.6837,0
51.908,-67,-24,47,-4.28,60.66,207.5,1522,1478,-1.27,-1.26,1.4312,3.2410,7.6837,0
51.925,-63,-24,47,-4.02,60.66,207.5,1522,1478,-1.27,-1.26,1.4312,3.2410,7.6837,0
51.942,-58,-24,47,-3.70,60.66,207.5,1522,1478,-1.27,-1.26,1.4312,3.2410,7.6837,0
51.959,-54,-25,46,-3.52,61.98,207.9,1522,1478,-1.27,-1.26,1.3852,3.2568,7.6621,0
51.977,-50,-25,46,-3.26,61.98,207.9,1522,1478,-1.27,-1.26,1.3852,3.2568,7.6621,0
51.994,-45,-25,46,-2.93,61.98,207.9,1522,1478,-1.27,-1.26,1.3852,3.2568,7.6621,0
52.012,-41,-25,46,-2.67,61.98,207.9,1522,1478,-1.27,-1.26,1.3852,3.2568,7.6621,0
52.030,-36,-25,46,-2.35,61.98,207.9,1522,1478,-1.27,-1.26,1.3852,3.2568,7.6621,0
52.047,-27,-25,46,-1.76,61.98,207.9,1540,1478,-1.27,-1.26,1.3852,3.2568,7.6621,0
52.064,-22,-25,46,-1.43,61.98,207.9,1535,1478,-1.27,-1.26,1.3852,3.2568,7.6621,0
52.081,-17,-26,45,-1.13,63.35,208.2,1533,1478,-1.27,-1.26,1.3852,3.2568,7.6621,0
52.098,-12,-26,45,-0.80,63.35,208.2,1533,1478,-1.27,-1.26,1.3852,3.2568,7.6621,0
52.115,-6,-26,45,-0.40,63.35,208.2,1537,1478,-1.27,-1.26,1.3852,3.2568,7.6621,0
52.132,-2,-26,45,-0.13,63.35,208.2,1533,1478,-0.63,-1.20,1.3852,3.2568,7.6621,0
52.149,3,-27,44,0.20,64.79,208.6,1535,1478,-0.63,-1.20,1.3852,3.2568,7.6621,0
52.166,8,-27,44,0.55,64.79,208.6,1536,1478,-0.63,-1.20,1.3852,3.2568,7.6621,0
52.183,8,-27,44,0.55,64.79,208.6,1522,1478,-0.63,-1.20,1.3852,3.2568,7.6621,0
52.200,8,-27,44,0.55,64.79,208.6,1522,1478,-0.63,-1.20,1.3697,3.0392,7.4016,0
52.217,19,-27,44,1.30,64.79,208.6,1547,1478,-0.63,-1.20,1.3697,3.0392,7.4016,0
52.234,22,-28,43,1.53,66.30,208.9,1537,1478,-0.63,-1.20,1.3697,3.0392,7.4016,0
52.251,25,-28,43,1.74,66.30,208.9,1532,1478,-0.63,-1.20,1.3697,3.0392,7.4016,0
52.268,27,-28,43,1.88,66.30,208.9,1527,1478,-0.63,-1.20,1.3697,3.0392,7.4016,0
52.285,29,-28,43,2.02,66.30,208.9,1524,1478,-0.63,-1.20,1.3697,3.0392,7.4016,0
52.302,32,-28,43,2.23,66.30,208.9,1527,1478,-0.63,-1.20,1.3697,3.0392,7.4016,0
52.319,35,-29,42,2.50,67.88,209.3,1528,1478,-0.63,-1.20,1.3697,3.0392,7.4016,0
52.336,37,-29,42,2.64,67.88,209.3,1526,1478,-0.63,-1.20,1.3697,3.0392,7.4016,0
52.353,39,-29,42,2.79,67.88,209.3,1525,1478,-0.63,-1.20,1.3697,3.0392,7.4016,0
52.370,41,-29,42,2.93,67.88,209.3,1525,1478,-0.63,-1.20,1.3697,3.0392,7.4016,0
52.387,43,-29,42,3.07,67.88,209.3,1525,1478,-0.72,-1.22,1.3697,3.0392,7.4016,0
52.404,44,-30,41,3.22,69.53,209.6,1522,1478,-0.72,-1.22,1.3697,3.0392,7.4016,0
52.421,45,-30,41,3.29,69.53,209.6,1522,1478,-0.72,-1.22,1.3697,3.0392,7.4016,0
52.438,45,-30,41,3.29,69.53,209.6,1522,1478,-0.72,-1.22,1.3697,3.0392,7.4016,0
52.455,45,-30,41,3.29,69.53,209.6,1522,1478,-0.72,-1.22,1.4508,3.2289,7.7512,0
52.472,45,-30,41,3.29,69.53,209.6,1522,1478,-0.72,-1.22,1.4508,3.2289,7.7512,0
52.489,45,-30,41,3.29,69.53,209.6,1522,1478,-0.72,-1.22,1.4508,3.2289,7.7512,0
52.506,44,-31,40,3.30,71.27,210.0,1522,1478,-0.72,-1.22,1.4508,3.2289,7.7512,0
52.523,44,-31,40,3.30,71.27,210.0,1522,1478,-0.72,-1.22,1.4508,3.2289,7.7512,0
52.540,43,-31,40,3.23,71.27,210.0,1522,1478,-0.72,-1.22,1.4508,3.2289,7.7512,0
52.557,43,-31,40,3.23,71.27,210.0,1522,1478,-0.72,-1.22,1.4508,3.2289,7.7512,0
52.574,42,-31,40,3.15,71.27,210.0,1522,1478,-0.72,-1.22,1.4508,3.2289,7.7512,0
52.591,41,-31,40,3.08,71.27,210.0,1522,1478,-0.72,-1.22,1.4508,3.2289,7.7512,0
52.608,41,-32,39,3.15,73.10,210.3,1522,1478,-0.72,-1.22,1.4508,3.2289,7.7512,0
52.625,40,-32,39,3.08,73.10,210.3,1522,1478,-0.72,-1.22,1.4508,3.2289,7.7512,0
52.642,40,-32,39,3.08,73.10,210.3,1522,1478,-1.18,-1.41,1.4508,3.2289,7.7512,0
52.660,40,-32,39,3.08,73.10,210.3,1522,1478,-1.18,-1.41,1.4508,3.2289,7.7512,0
52.677,40,-33,38,3.16,75.02,210.7,1522,1478,-1.18,-1.41,1.4508,3.2289,7.7512,0
52.694,40,-33,38,3.16,75.02,210.7,1522,1478,-1.18,-1.41,2.5527,4.5879,7.7799,0
52.712,40,-33,38,3.16,75.02,210.7,1522,1478,-1.18,-1.41,2.5527,4.5879,7.7799,0
52.729,41,-33,38,3.24,75.02,210.7,1522,1478,-1.18,-1.41,2.5527,4.5879,7.7799,0
52.746,42,-34,37,3.41,77.05,211.0,1522,1478,-1.18,-1.41,2.5527,4.5879,7.7799,0
52.763,42,-34,37,3.41,77.05,211.0,1522,1478,-1.18,-1.41,2.5527,4.5879,7.7799,0
52.780,44,-34,37,3.57,77.05,211.0,1522,1478,-1.18,-1.41,2.5527,4.5879,7.7799,0
52.798,46,-34,37,3.73,77.05,211.0,1522,1478,-1.18,-1.41,2.5527,4.5879,7.7799,0
52.815,47,-34,37,3.81,77.05,211.0,1522,1478,-1.18,-1.41,2.5527,4.5879,7.7799,0
52.831,49,-35,36,4.08,79.19,211.4,1523,1478,-1.18,-1.41,2.5527,4.5879,7.7799,0
52.849,51,-35,36,4.25,79.19,211.4,1525,1478,-1.18,-1.41,2.5527,4.5879,7.7799,0
52.866,54,-35,36,4.50,79.19,211.4,1530,1478,-1.18,-1.41,2.5527,4.5879,7.7799,0
52.883,56,-35,36,4.67,79.19,211.4,1529,1478,-1.38,-2.08,2.5527,4.5879,7.7799,0
52.900,58,-36,35,4.97,81.45,211.8,1529,1478,-1.38,-2.08,2.5527,4.5879,7.7799,0
52.917,60,-36,35,5.14,81.45,211.8,1529,1478,-1.38,-2.08,2.5527,4.5879,7.7799,0
52.933,62,-36,35,5.31,81.45,211.8,1529,1478,-1.38,-2.08,2.5527,4.5879,7.7799,0
52.950,63,-36,35,5.40,81.45,211.8,1526,1478,-1.38,-2.08,3.5314,3.7822,8.6600,0
52.967,64,-36,35,5.49,81.45,211.8,1524,1478,-1.38,-2.08,3.5314,3.7822,8.6600,0
52.984,65,-36,35,5.57,81.45,211.8,1524,1478,-1.38,-2.08,3.5314,3.7822,8.6600,0
53.001,66,-36,35,5.66,81.45,211.8,1524,1478,-1.38,-2.08,3.5314,3.7822,8.6600,0
53.018,66,-37,34,5.82,83.85,212.1,1522,1478,-1.38,-2.08,3.5314,3.7822,8.6600,0
53.035,67,-37,34,5.91,83.85,212.1,1522,1478,-1.38,-2.08,3.5314,3.7822,8.6600,0
53.052,67,-37,34,5.91,83.85,212.1,1522,1478,-1.38,-2.08,3.5314,3.7822,8.6600,0
53.069,68,-37,34,6.00,83.85,212.1,1522,1478,-1.38,-2.08,3.5314,3.7822,8.6600,0
53.086,68,-37,34,6.00,83.85,212.1,1522,1478,-1.38,-2.08,3.5314,3.7822,8.6600,0
53.103,69,-37,34,6.09,83.85,212.1,1522,1478,-1.38,-2.08,3.5314,3.7822,8.6600,0
53.120,69,-37,34,6.09,83.85,212.1,1522,1478,-1.38,-2.08,3.5314,3.7822,8.6600,0
53.137,69,-38,33,6.27,86.39,212.4,1522,1478,-1.68,-2.85,3.5314,3.7822,8.6600,0
53.154,69,-38,33,6.27,86.39,212.4,1522,1478,-1.68,-2.85,3.5314,3.7822,8.6600,0
53.171,70,-38,33,6.36,86.39,212.4,1522,1478,-1.68,-2.85,3.5314,3.7822,8.6600,0
53.188,70,-38,33,6.36,86.39,212.4,1522,1478,-1.68,-2.85,3.5314,3.7822,8.6600,0
53.205,70,-38,33,6.36,86.39,212.4,1522,1478,-1.68,-2.85,2.2553,2.8316,7.8380,0
53.222,70,-38,33,6.36,86.39,212.4,1522,1478,-1.68,-2.85,2.2553,2.8316,7.8380,0
53.239,70,-38,33,6.36,86.39,212.4,1522,1478,-1.68,-2.85,2.2553,2.8316,7.8380,0
53.256,71,-38,33,6.45,86.39,212.4,1522,1478,-1.68,-2.85,2.2553,2.8316,7.8380,0
53.273,70,-39,32,6.56,89.09,212.8,1522,1478,-1.68,-2.85,2.2553,2.8316,7.8380,0
53.290,70,-39,32,6.56,89.09,212.8,1522,1478,-1.68,-2.85,2.2553,2.8316,7.8380,0
53.307,71,-39,32,6.66,89.09,212.8,1522,1478,-1.68,-2.85,2.2553,2.8316,7.8380,0
53.324,70,-39,32,6.56,89.09,212.8,1522,1478,-1.68,-2.85,2.2553,2.8316,7.8380,0
53.341,71,-39,32,6.66,89.09,212.8,1522,1478,-1.68,-2.85,2.2553,2.8316,7.8380,0
53.358,70,-39,32,6.56,89.09,212.8,1522,1478,-1.68,-2.85,2.2553,2.8316,7.8380,0
53.376,71,-39,32,6.66,89.09,212.8,1522,1478,-1.68,-2.85,2.2553,2.8316,7.8380,0
53.393,70,-39,32,6.56,89.09,212.8,1522,1478,-1.49,-3.38,2.2553,2.8316,7.8380,0
53.412,70,-39,32,6.56,89.09,212.8,1522,1478,-1.49,-3.38,2.2553,2.8316,7.8380,0
53.429,70,-39,32,6.56,89.09,212.8,1522,1478,-1.49,-3.38,2.2553,2.8316,7.8380,0
53.446,70,-40,31,6.77,91.96,213.1,1522,1478,-1.49,-3.38,3.0073,3.1034,7.8759,0
53.463,70,-40,31,6.77,91.96,213.1,1522,1478,-1.49,-3.38,3.0073,3.1034,7.8759,0
53.480,70,-40,31,6.77,91.96,213.1,1522,1478,-1.49,-3.38,3.0073,3.1034,7.8759,0
53.497,72,-40,31,6.97,91.96,213.1,1525,1478,-1.49,-3.38,3.0073,3.1034,7.8759,0
53.514,74,-40,31,7.16,91.96,213.1,1529,1478,-1.49,-3.38,3.0073,3.1034,7.8759,0
53.531,76,-40,31,7.35,91.96,213.1,1531,1478,-1.49,-3.38,3.0073,3.1034,7.8759,0
53.548,78,-40,31,7.55,91.96,213.1,1532,1478,-1.49,-3.38,3.0073,3.1034,7.8759,0
53.565,79,-40,31,7.65,91.96,213.1,1530,1478,-1.49,-3.38,3.0073,3.1034,7.8759,0
53.582,81,-40,31,7.84,91.96,213.1,1532,1478,-1.49,-3.38,3.0073,3.1034,7.8759,0
53.599,83,-40,31,8.03,91.96,213.1,1533,1478,-1.49,-3.38,3.0073,3.1034,7.8759,0
53.616,85,-40,31,8.23,91.96,213.1,1534,1478,-1.49,-3.38,3.0073,3.1034,7.8759,0
53.633,87,-40,31,8.42,91.96,213.1,1535,1478,-1.05,-3.63,3.0073,3.1034,7.8759,0
53.650,89,-40,31,8.61,91.96,213.1,1536,1478,-1.05,-3.63,3.0073,3.1034,7.8759,0
53.667,91,-40,31,8.81,91.96,213.1,1536,1478,-1.05,-3.63,3.0073,3.1034,7.8759,0
53.684,93,-40,31,9.00,91.96,213.1,1537,1478,-1.05,-3.63,3.0073,3.1034,7.8759,0
53.701,95,-40,31,9.19,91.96,213.1,1537,1478,-1.05,-3.63,3.5308,3.3881,7.8483,0
53.717,97,-40,31,9.39,91.96,213.1,1538,1478,-1.05,-3.63,3.5308,3.3881,7.8483,0
53.734,99,-40,31,9.58,91.96,213.1,1539,1478,-1.05,-3.63,3.5308,3.3881,7.8483,0
53.751,100,-40,31,9.68,91.96,213.1,1535,1478,-1.05,-3.63,3.5308,3.3881,7.8483,0
53.768,101,-41,30,10.10,95.03,213.5,1534,1478,-1.05,-3.63,3.5308,3.3881,7.8483,0
53.785,102,-40,31,9.87,91.96,213.1,1533,1478,-1.05,-3.63,3.5308,3.3881,7.8483,0
53.802,103,-41,30,10.30,95.03,213.5,1533,1478,-1.05,-3.63,3.5308,3.3881,7.8483,0
53.819,105,-41,30,10.50,95.03,213.5,1537,1478,-1.05,-3.63,3.5308,3.3881,7.8483,0
53.836,106,-41,30,10.60,95.03,213.5,1535,1478,-1.05,-3.63,3.5308,3.3881,7.8483,0
53.853,106,-41,30,10.60,95.03,213.5,1531,1478,-1.05,-3.63,3.5308,3.3881,7.8483,0
53.870,107,-41,30,10.70,95.03,213.5,1532,1478,-1.05,-3.63,3.5308,3.3881,7.8483,0
53.887,107,-41,30,10.70,95.03,213.5,1529,1478,-0.21,-3.07,3.5308,3.3881,7.8483,0
53.904,107,-40,31,10.35,91.96,213.1,1528,1478,-0.21,-3.07,3.5308,3.3881,7.8483,0
53.921,107,-40,31,10.35,91.96,213.1,1527,1478,-0.21,-3.07,3.5308,3.3881,7.8483,0
53.938,106,-40,31,10.26,91.96,213.1,1523,1478,-0.21,-3.07,2.1040,3.1011,6.9962,0
53.955,106,-40,31,10.26,91.96,213.1,1525,1478,-0.21,-3.07,2.1040,3.1011,6.9962,0
53.972,106,-40,31,10.26,91.96,213.1,1525,1478,-0.21,-3.07,2.1040,3.1011,6.9962,0
53.989,105,-40,31,10.16,91.96,213.1,1522,1478,-0.21,-3.07,2.1040,3.1011,6.9962,0
54.006,105,-40,31,10.16,91.96,213.1,1524,1478,-0.21,-3.07,2.1040,3.1011,6.9962,0
54.023,105,-40,31,10.16,91.96,213.1,1525,1478,-0.21,-3.07,2.1040,3.1011,6.9962,0
54.040,105,-40,31,10.16,91.96,213.1,1525,1478,-0.21,-3.07,2.1040,3.1011,6.9962,0
54.057,104,-40,31,10.06,91.96,213.1,1522,1478,-0.21,-3.07,2.1040,3.1011,6.9962,0
54.074,104,-39,32,9.75,89.09,212.8,1524,1478,-0.21,-3.07,2.1040,3.1011,6.9962,0
54.091,104,-40,31,10.06,91.96,213.1,1525,1478,-0.21,-3.07,2.1040,3.1011,6.9962,0
54.109,104,-40,31,10.06,91.96,213.1,1525,1478,-0.21,-3.07,2.1040,3.1011,6.9962,0
54.126,103,-40,31,9.97,91.96,213.1,1522,1478,-0.21,-3.07,2.1040,3.1011,6.9962,0
54.145,103,-39,32,9.66,89.09,212.8,1524,1478,-0.23,-2.73,2.1040,3.1011,6.9962,0
54.162,103,-39,32,9.66,89.09,212.8,1524,1478,-0.23,-2.73,2.1040,3.1011,6.9962,0
54.179,103,-39,32,9.66,89.09,212.8,1525,1478,-0.23,-2.73,2.1040,3.1011,6.9962,0
54.197,102,-39,32,9.56,89.09,212.8,1522,1478,-0.23,-2.73,1.8892,2.7384,7.4482,0
54.214,101,-39,32,9.47,89.09,212.8,1522,1478,-0.23,-2.73,1.8892,2.7384,7.4482,0
54.231,100,-39,32,9.38,89.09,212.8,1522,1478,-0.23,-2.73,1.8892,2.7384,7.4482,0
54.248,99,-39,32,9.28,89.09,212.8,1522,1478,-0.23,-2.73,1.8892,2.7384,7.4482,0
54.265,98,-39,32,9.19,89.09,212.8,1522,1478,-0.23,-2.73,1.8892,2.7384,7.4482,0
54.282,96,-38,33,8.73,86.39,212.4,1522,1478,-0.23,-2.73,1.8892,2.7384,7.4482,0
54.299,95,-38,33,8.64,86.39,212.4,1522,1478,-0.23,-2.73,1.8892,2.7384,7.4482,0
54.316,94,-38,33,8.55,86.39,212.4,1522,1478,-0.23,-2.73,1.8892,2.7384,7.4482,0
54.333,92,-38,33,8.36,86.39,212.4,1522,1478,-0.23,-2.73,1.8892,2.7384,7.4482,0
54.350,90,-38,33,8.18,86.39,212.4,1522,1478,-0.23,-2.73,1.8892,2.7384,7.4482,0
54.367,89,-38,33,8.09,86.39,212.4,1522,1478,-0.23,-2.73,1.8892,2.7384,7.4482,0
54.384,87,-38,33,7.91,86.39,212.4,1522,1478,-0.69,-2.31,1.8892,2.7384,7.4482,0
54.401,86,-38,33,7.82,86.39,212.4,1522,1478,-0.69,-2.31,1.8892,2.7384,7.4482,0
54.418,84,-38,33,7.64,86.39,212.4,1522,1478,-0.69,-2.31,1.8892,2.7384,7.4482,0
54.435,82,-38,33,7.45,86.39,212.4,1522,1478,-0.69,-2.31,1.8892,2.7384,7.4482,0
54.452,80,-37,34,7.06,83.85,212.1,1522,1478,-0.69,-2.31,2.0055,3.2276,7.1752,0
54.469,78,-37,34,6.88,83.85,212.1,1522,1478,-0.69,-2.31,2.0055,3.2276,7.1752,0
54.486,76,-37,34,6.71,83.85,212.1,1522,1478,-0.69,-2.31,2.0055,3.2276,7.1752,0
54.503,74,-37,34,6.53,83.85,212.1,1522,1478,-0.69,-2.31,2.0055,3.2276,7.1752,0
54.520,72,-37,34,6.35,83.85,212.1,1522,1478,-0.69,-2.31,2.0055,3.2276,7.1752,0
54.537,70,-37,34,6.18,83.85,212.1,1522,1478,-0.69,-2.31,2.0055,3.2276,7.1752,0
54.554,68,-37,34,6.00,83.85,212.1,1522,1478,-0.69,-2.31,2.0055,3.2276,7.1752,0
54.571,65,-37,34,5.74,83.85,212.1,1478,1478,-0.69,-2.31,2.0055,3.2276,7.1752,0
54.588,62,-37,34,5.47,83.85,212.1,1478,1478,-0.69,-2.31,2.0055,3.2276,7.1752,0
54.605,58,-37,34,5.12,83.85,212.1,1478,1478,-0.69,-2.31,2.0055,3.2276,7.1752,0
54.622,55,-36,35,4.71,81.45,211.8,1478,1478,-0.69,-2.31,2.0055,3.2276,7.1752,0
54.639,52,-36,35,4.46,81.45,211.8,1478,1478,-1.28,-1.78,2.0055,3.2276,7.1752,0
54.656,49,-36,35,4.20,81.45,211.8,1478,1478,-1.28,-1.78,2.0055,3.2276,7.1752,0
54.673,46,-36,35,3.94,81.45,211.8,1478,1478,-1.28,-1.78,2.0055,3.2276,7.1752,0
54.690,43,-36,35,3.69,81.45,211.8,1478,1478,-1.28,-1.78,3.1924,3.3410,7.7824,0
54.708,40,-36,35,3.43,81.45,211.8,1478,1478,-1.28,-1.78,3.1924,3.3410,7.7824,0
54.725,37,-36,35,3.17,81.45,211.8,1478,1478,-1.28,-1.78,3.1924,3.3410,7.7824,0
54.742,34,-36,35,2.91,81.45,211.8,1478,1478,-1.28,-1.78,3.1924,3.3410,7.7824,0
54.760,31,-36,35,2.66,81.45,211.8,1478,1478,-1.28,-1.78,3.1924,3.3410,7.7824,0
54.777,25,-35,36,2.08,79.19,211.4,1476,1478,-1.28,-1.78,3.1924,3.3410,7.7824,0
54.795,25,-35,36,2.08,79.19,211.4,1478,1478,-1.28,-1.78,3.1924,3.3410,7.7824,0
54.812,20,-35,36,1.67,79.19,211.4,1478,1478,-1.28,-1.78,3.1924,3.3410,7.7824,0
54.829,17,-35,36,1.42,79.19,211.4,1478,1478,-1.28,-1.78,3.1924,3.3410,7.7824,0
54.846,15,-34,37,1.22,77.05,211.0,1478,1478,-1.28,-1.78,3.1924,3.3410,7.7824,0
54.863,12,-34,37,0.97,77.05,211.0,1478,1478,-1.28,-1.78,3.1924,3.3410,7.7824,0
54.880,9,-34,37,0.73,77.05,211.0,1478,1478,-1.96,-0.95,3.1924,3.3410,7.7824,0
54.897,7,-34,37,0.57,77.05,211.0,1478,1478,-1.96,-0.95,3.1924,3.3410,7.7824,0
54.914,4,-34,37,0.32,77.05,211.0,1478,1478,-1.96,-0.95,3.1924,3.3410,7.7824,0
54.931,2,-34,37,0.16,77.05,211.0,1478,1478,-1.96,-0.95,3.1924,3.3410,7.7824,0
54.948,-1,-34,37,-0.08,77.05,211.0,1478,1478,-1.96,-0.95,2.8994,3.0786,7.4799,0
54.965,-4,-33,38,-0.32,75.02,210.7,1478,1478,-1.96,-0.95,2.8994,3.0786,7.4799,0
54.982,-6,-33,38,-0.47,75.02,210.7,1478,1478,-1.96,-0.95,2.8994,3.0786,7.4799,0
54.999,-8,-33,38,-0.63,75.02,210.7,1478,1478,-1.96,-0.95,2.8994,3.0786,7.4799,0
55.016,-9,-33,38,-0.71,75.02,210.7,1478,1478,-1.96,-0.95,2.8994,3.0786,7.4799,0
55.032,-11,-33,38,-0.87,75.02,210.7,1478,1478,-1.96,-0.95,2.8994,3.0786,7.4799,0
55.049,-12,-33,38,-0.95,75.02,210.7,1478,1478,-1.96,-0.95,2.8994,3.0786,7.4799,0
55.066,-13,-33,38,-1.03,75.02,210.7,1478,1478,-1.96,-0.95,2.8994,3.0786,7.4799,0
55.083,-14,-33,38,-1.11,75.02,210.7,1478,1478,-1.96,-0.95,2.8994,3.0786,7.4799,0
55.100,-14,-33,38,-1.11,75.02,210.7,1478,1478,-1.96,-0.95,2.8994,3.0786,7.4799,0
55.117,-14,-32,39,-1.08,73.10,210.3,1478,1478,-1.96,-0.95,2.8994,3.0786,7.4799,0
55.134,-14,-32,39,-1.08,73.10,210.3,1478,1478,-1.31,-0.52,2.8994,3.0786,7.4799,0
55.151,-14,-32,39,-1.08,73.10,210.3,1478,1478,-1.31,-0.52,2.8994,3.0786,7.4799,0
55.168,-15,-32,39,-1.15,73.10,210.3,1478,1478,-1.31,-0.52,2.8994,3.0786,7.4799,0
55.186,-15,-32,39,-1.15,73.10,210.3,1478,1478,-1.31,-0.52,2.8994,3.0786,7.4799,0
55.204,-16,-32,39,-1.23,73.10,210.3,1478,1478,-1.31,-0.52,2.9614,2.1116,8.3318,0
55.221,-16,-32,39,-1.23,73.10,210.3,1478,1478,-1.31,-0.52,2.9614,2.1116,8.3318,0
55.238,-16,-31,40,-1.20,71.27,210.0,1478,1478,-1.31,-0.52,2.9614,2.1116,8.3318,0
55.255,-17,-31,40,-1.27,71.27,210.0,1478,1478,-1.31,-0.52,2.9614,2.1116,8.3318,0
55.272,-17,-31,40,-1.27,71.27,210.0,1478,1478,-1.31,-0.52,2.9614,2.1116,8.3318,0
55.289,-18,-31,40,-1.35,71.27,210.0,1478,1478,-1.31,-0.52,2.9614,2.1116,8.3318,0
55.306,-19,-31,40,-1.43,71.27,210.0,1478,1478,-1.31,-0.52,2.9614,2.1116,8.3318,0
55.323,-20,-31,40,-1.50,71.27,210.0,1478,1478,-1.31,-0.52,2.9614,2.1116,8.3318,0
55.341,-22,-31,40,-1.65,71.27,210.0,1478,1478,-1.31,-0.52,2.9614,2.1116,8.3318,0
55.358,-24,-31,40,-1.80,71.27,210.0,1478,1478,-1.31,-0.52,2.9614,2.1116,8.3318,0
55.375,-26,-31,40,-1.95,71.27,210.0,1478,1478,-1.31,-0.52,2.9614,2.1116,8.3318,0
55.392,-29,-31,40,-2.17,71.27,210.0,1476,1478,-1.14,-0.68,2.9614,2.1116,8.3318,0
55.410,-35,-30,41,-2.56,69.53,209.6,1463,1478,-1.14,-0.68,2.9614,2.1116,8.3318,0
55.427,-38,-30,41,-2.78,69.53,209.6,1466,1478,-1.14,-0.68,2.9614,2.1116,8.3318,0
55.445,-41,-30,41,-3.00,69.53,209.6,1467,1478,-1.14,-0.68,1.5501,2.9978,7.2450,0
55.462,-44,-30,41,-3.22,69.53,209.6,1468,1478,-1.14,-0.68,1.5501,2.9978,7.2450,0
55.479,-46,-30,41,-3.37,69.53,209.6,1471,1478,-1.14,-0.68,1.5501,2.9978,7.2450,0
55.496,-49,-30,41,-3.59,69.53,209.6,1469,1478,-1.14,-0.68,1.5501,2.9978,7.2450,0
55.513,-52,-30,41,-3.80,69.53,209.6,1467,1478,-1.14,-0.68,1.5501,2.9978,7.2450,0
55.530,-55,-30,41,-4.02,69.53,209.6,1466,1478,-1.14,-0.68,1.5501,2.9978,7.2450,0
55.547,-57,-30,41,-4.17,69.53,209.6,1469,1478,-1.14,-0.68,1.5501,2.9978,7.2450,0
55.564,-60,-30,41,-4.39,69.53,209.6,1466,1478,-1.14,-0.68,1.5501,2.9978,7.2450,0
55.581,-62,-30,41,-4.54,69.53,209.6,1468,1478,-1.14,-0.68,1.5501,2.9978,7.2450,0
55.598,-64,-30,41,-4.68,69.53,209.6,1469,1478,-1.14,-0.68,1.5501,2.9978,7.2450,0
55.615,-66,-30,41,-4.83,69.53,209.6,1469,1478,-1.14,-0.68,1.5501,2.9978,7.2450,0
55.632,-69,-30,41,-5.05,69.53,209.6,1465,1478,-1.79,-1.32,1.5501,2.9978,7.2450,0
55.649,-71,-30,41,-5.20,69.53,209.6,1467,1478,-1.79,-1.32,1.5501,2.9978,7.2450,0
55.666,-74,-30,41,-5.41,69.53,209.6,1463,1478,-1.79,-1.32,1.5501,2.9978,7.2450,0
55.683,-76,-30,41,-5.56,69.53,209.6,1465,1478,-1.79,-1.32,1.5501,2.9978,7.2450,0
55.700,-78,-30,41,-5.71,69.53,209.6,1466,1478,-1.79,-1.32,1.4415,2.9584,8.1434,0
55.717,-82,-29,42,-5.86,67.88,209.3,1458,1478,-1.79,-1.32,1.4415,2.9584,8.1434,0
55.734,-85,-30,41,-6.22,69.53,209.6,1458,1478,-1.79,-1.32,1.4415,2.9584,8.1434,0
55.751,-87,-29,42,-6.21,67.88,209.3,1461,1478,-1.79,-1.32,1.4415,2.9584,8.1434,0
55.768,-90,-29,42,-6.43,67.88,209.3,1458,1478,-1.79,-1.32,1.4415,2.9584,8.1434,0
55.784,-93,-29,42,-6.64,67.88,209.3,1457,1478,-1.79,-1.32,1.4415,2.9584,8.1434,0
55.801,-96,-29,42,-6.86,67.88,209.3,1456,1478,-1.79,-1.32,1.4415,2.9584,8.1434,0
55.818,-98,-29,42,-7.00,67.88,209.3,1458,1478,-1.79,-1.32,1.4415,2.9584,8.1434,0
55.835,-101,-29,42,-7.21,67.88,209.3,1456,1478,-1.79,-1.32,1.4415,2.9584,8.1434,0
55.852,-104,-29,42,-7.43,67.88,209.3,1454,1478,-1.79,-1.32,1.4415,2.9584,8.1434,0
55.869,-107,-29,42,-7.64,67.88,209.3,1453,1478,-1.79,-1.32,1.4415,2.9584,8.1434,0
55.886,-110,-29,42,-7.86,67.88,209.3,1452,1478,-2.70,-0.77,1.4415,2.9584,8.1434,0
55.903,-114,-29,42,-8.14,67.88,209.3,1447,1478,-2.70,-0.77,1.4415,2.9584,8.1434,0
55.920,-118,-29,42,-8.43,67.88,209.3,1444,1478,-2.70,-0.77,1.4415,2.9584,8.1434,0
55.937,-120,-29,42,-8.57,67.88,209.3,1450,1478,-2.70,-0.77,1.4415,2.9584,8.1434,0
55.954,-124,-29,42,-8.86,67.88,209.3,1445,1478,-2.70,-0.77,1.5355,3.1095,8.0453,0
55.971,-128,-29,42,-9.14,67.88,209.3,1442,1478,-2.70,-0.77,1.5355,3.1095,8.0453,0
55.988,-131,-29,42,-9.36,67.88,209.3,1444,1478,-2.70,-0.77,1.5355,3.1095,8.0453,0
56.005,-134,-29,42,-9.57,67.88,209.3,1445,1478,-2.70,-0.77,1.5355,3.1095,8.0453,0
56.023,-137,-29,42,-9.79,67.88,209.3,1444,1478,-2.70,-0.77,1.5355,3.1095,8.0453,0
56.040,-138,-29,42,-9.86,67.88,209.3,1452,1478,-2.70,-0.77,1.5355,3.1095,8.0453,0
56.059,-140,-29,42,-10.00,67.88,209.3,1452,1478,-2.70,-0.77,1.5355,3.1095,8.0453,0
56.076,-143,-29,42,-10.21,67.88,209.3,1448,1478,-2.70,-0.77,1.5355,3.1095,8.0453,0
56.093,-143,-29,42,-10.21,67.88,209.3,1456,1478,-2.70,-0.77,1.5355,3.1095,8.0453,0
56.110,-144,-29,42,-10.29,67.88,209.3,1457,1478,-2.70,-0.77,1.5355,3.1095,8.0453,0
56.128,-145,-28,43,-10.12,66.30,208.9,1457,1478,-2.70,-0.77,1.5355,3.1095,8.0453,0
56.145,-145,-28,43,-10.12,66.30,208.9,1460,1478,-3.50,-0.61,1.5355,3.1095,8.0453,0
56.162,-145,-28,43,-10.12,66.30,208.9,1462,1478,-3.50,-0.61,1.5355,3.1095,8.0453,0
56.179,-145,-29,42,-10.36,67.88,209.3,1463,1478,-3.50,-0.61,1.5355,3.1095,8.0453,0
56.196,-145,-29,42,-10.36,67.88,209.3,1464,1478,-3.50,-0.61,1.5108,3.2241,7.5842,0
56.213,-145,-29,42,-10.36,67.88,209.3,1464,1478,-3.50,-0.61,1.5108,3.2241,7.5842,0
56.230,-144,-29,42,-10.29,67.88,209.3,1468,1478,-3.50,-0.61,1.5108,3.2241,7.5842,0
56.247,-141,-29,42,-10.07,67.88,209.3,1477,1478,-3.50,-0.61,1.5108,3.2241,7.5842,0
56.264,-139,-28,43,-9.70,66.30,208.9,1478,1478,-3.50,-0.61,1.5108,3.2241,7.5842,0
56.281,-137,-29,42,-9.79,67.88,209.3,1478,1478,-3.50,-0.61,1.5108,3.2241,7.5842,0
56.298,-136,-29,42,-9.71,67.88,209.3,1477,1478,-3.50,-0.61,1.5108,3.2241,7.5842,0
56.315,-134,-29,42,-9.57,67.88,209.3,1478,1478,-3.50,-0.61,1.5108,3.2241,7.5842,0
56.332,-133,-29,42,-9.50,67.88,209.3,1477,1478,-3.50,-0.61,1.5108,3.2241,7.5842,0
56.349,-130,-28,43,-9.07,66.30,208.9,1478,1478,-3.50,-0.61,1.5108,3.2241,7.5842,0
56.366,-129,-28,43,-9.00,66.30,208.9,1478,1478,-3.50,-0.61,1.5108,3.2241,7.5842,0
56.383,-127,-28,43,-8.86,66.30,208.9,1478,1478,-2.65,-1.04,1.5108,3.2241,7.5842,0
56.400,-126,-28,43,-8.79,66.30,208.9,1478,1478,-2.65,-1.04,1.5108,3.2241,7.5842,0
56.417,-125,-29,42,-8.93,67.88,209.3,1478,1478,-2.65,-1.04,1.5108,3.2241,7.5842,0
56.434,-125,-28,43,-8.72,66.30,208.9,1473,1478,-2.65,-1.04,1.5108,3.2241,7.5842,0
56.451,-124,-29,42,-8.86,67.88,209.3,1475,1478,-2.65,-1.04,1.5420,3.0511,8.4802,0
56.467,-125,-29,42,-8.93,67.88,209.3,1468,1478,-2.65,-1.04,1.5420,3.0511,8.4802,0
56.485,-124,-29,42,-8.86,67.88,209.3,1473,1478,-2.65,-1.04,1.5420,3.0511,8.4802,0
56.501,-124,-29,42,-8.86,67.88,209.3,1471,1478,-2.65,-1.04,1.5420,3.0511,8.4802,0
56.518,-125,-29,42,-8.93,67.88,209.3,1466,1478,-2.65,-1.04,1.5420,3.0511,8.4802,0
56.535,-126,-29,42,-9.00,67.88,209.3,1464,1478,-2.65,-1.04,1.5420,3.0511,8.4802,0
56.553,-127,-29,42,-9.07,67.88,209.3,1463,1478,-2.65,-1.04,1.5420,3.0511,8.4802,0
56.570,-128,-29,42,-9.14,67.88,209.3,1462,1478,-2.65,-1.04,1.5420,3.0511,8.4802,0
56.587,-128,-29,42,-9.14,67.88,209.3,1465,1478,-2.65,-1.04,1.5420,3.0511,8.4802,0
56.603,-130,-29,42,-9.29,67.88,209.3,1459,1478,-2.65,-1.04,1.5420,3.0511,8.4802,0
56.620,-130,-29,42,-9.29,67.88,209.3,1464,1478,-2.65,-1.04,1.5420,3.0511,8.4802,0
56.637,-131,-29,42,-9.36,67.88,209.3,1462,1478,-3.12,-2.04,1.5420,3.0511,8.4802,0
56.654,-131,-29,42,-9.36,67.88,209.3,1465,1478,-3.12,-2.04,1.5420,3.0511,8.4802,0
56.672,-132,-29,42,-9.43,67.88,209.3,1462,1478,-3.12,-2.04,1.5420,3.0511,8.4802,0
56.689,-131,-29,42,-9.36,67.88,209.3,1469,1478,-3.12,-2.04,1.3192,3.3328,7.9066,0
56.706,-131,-29,42,-9.36,67.88,209.3,1468,1478,-3.12,-2.04,1.3192,3.3328,7.9066,0
56.723,-130,-29,42,-9.29,67.88,209.3,1472,1478,-3.12,-2.04,1.3192,3.3328,7.9066,0
56.740,-128,-30,41,-9.37,69.53,209.6,1477,1478,-3.12,-2.04,1.3192,3.3328,7.9066,0
56.758,-128,-29,42,-9.14,67.88,209.3,1473,1478,-3.12,-2.04,1.3192,3.3328,7.9066,0
56.775,-127,-30,41,-9.29,69.53,209.6,1474,1478,-3.12,-2.04,1.3192,3.3328,7.9066,0
56.792,-126,-30,41,-9.22,69.53,209.6,1475,1478,-3.12,-2.04,1.3192,3.3328,7.9066,0
56.809,-126,-30,41,-9.22,69.53,209.6,1472,1478,-3.12,-2.04,1.3192,3.3328,7.9066,0
56.827,-124,-30,41,-9.07,69.53,209.6,1478,1478,-3.12,-2.04,1.3192,3.3328,7.9066,0
56.844,-123,-30,41,-9.00,69.53,209.6,1477,1478,-3.12,-2.04,1.3192,3.3328,7.9066,0
56.861,-121,-30,41,-8.85,69.53,209.6,1478,1478,-3.12,-2.04,1.3192,3.3328,7.9066,0
56.878,-119,-30,41,-8.71,69.53,209.6,1478,1478,-3.81,-2.55,1.3192,3.3328,7.9066,0
56.895,-117,-31,40,-8.78,71.27,210.0,1478,1478,-3.81,-2.55,1.3192,3.3328,7.9066,0
56.912,-115,-30,41,-8.41,69.53,209.6,1478,1478,-3.81,-2.55,1.3192,3.3328,7.9066,0
56.929,-112,-31,40,-8.40,71.27,210.0,1478,1478,-3.81,-2.55,1.3192,3.3328,7.9066,0
56.946,-109,-30,41,-7.98,69.53,209.6,1478,1478,-3.81,-2.55,2.8171,3.5436,8.0740,0
56.963,-105,-31,40,-7.88,71.27,210.0,1478,1478,-3.81,-2.55,2.8171,3.5436,8.0740,0
56.980,-102,-31,40,-7.65,71.27,210.0,1478,1478,-3.81,-2.55,2.8171,3.5436,8.0740,0
56.997,-99,-30,41,-7.24,69.53,209.6,1478,1478,-3.81,-2.55,2.8171,3.5436,8.0740,0
57.013,-96,-30,41,-7.02,69.53,209.6,1478,1478,-3.81,-2.55,2.8171,3.5436,8.0740,0
57.030,-94,-30,41,-6.88,69.53,209.6,1478,1478,-3.81,-2.55,2.8171,3.5436,8.0740,0
57.047,-90,-30,41,-6.59,69.53,209.6,1500,1478,-3.81,-2.55,2.8171,3.5436,8.0740,0
57.064,-87,-30,41,-6.37,69.53,209.6,1500,1478,-3.81,-2.55,2.8171,3.5436,8.0740,0
57.081,-83,-30,41,-6.07,69.53,209.6,1522,1478,-3.81,-2.55,2.8171,3.5436,8.0740,0
57.098,-79,-30,41,-5.78,69.53,209.6,1522,1478,-3.81,-2.55,2.8171,3.5436,8.0740,0
57.115,-74,-31,40,-5.55,71.27,210.0,1522,1478,-3.81,-2.55,2.8171,3.5436,8.0740,0
57.132,-69,-30,41,-5.05,69.53,209.6,1522,1478,-3.28,-1.82,2.8171,3.5436,8.0740,0
57.149,-64,-30,41,-4.68,69.53,209.6,1522,1478,-3.28,-1.82,2.8171,3.5436,8.0740,0
57.166,-59,-31,40,-4.42,71.27,210.0,1522,1478,-3.28,-1.82,2.8171,3.5436,8.0740,0
57.183,-54,-30,41,-3.95,69.53,209.6,1522,1478,-3.28,-1.82,2.8171,3.5436,8.0740,0
57.200,-48,-30,41,-3.51,69.53,209.6,1526,1478,-3.28,-1.82,2.8177,3.3802,7.3183,0
57.217,-42,-30,41,-3.07,69.53,209.6,1529,1478,-3.28,-1.82,2.8177,3.3802,7.3183,0
57.234,-36,-30,41,-2.63,69.53,209.6,1532,1478,-3.28,-1.82,2.8177,3.3802,7.3183,0
57.251,-30,-30,41,-2.20,69.53,209.6,1534,1478,-3.28,-1.82,2.8177,3.3802,7.3183,0
57.268,-24,-30,41,-1.76,69.53,209.6,1536,1478,-3.28,-1.82,2.8177,3.3802,7.3183,0
57.285,-17,-30,41,-1.24,69.53,209.6,1541,1478,-3.28,-1.82,2.8177,3.3802,7.3183,0
57.302,-10,-30,41,-0.73,69.53,209.6,1544,1478,-3.28,-1.82,2.8177,3.3802,7.3183,0
57.319,-4,-30,41,-0.29,69.53,209.6,1543,1478,-3.28,-1.82,2.8177,3.3802,7.3183,0
57.336,3,-30,41,0.22,69.53,209.6,1547,1478,-3.28,-1.82,2.8177,3.3802,7.3183,0
57.353,9,-30,41,0.66,69.53,209.6,1546,1478,-3.28,-1.82,2.8177,3.3802,7.3183,0
57.370,14,-30,41,1.02,69.53,209.6,1543,1478,-3.28,-1.82,2.8177,3.3802,7.3183,0
57.387,20,-30,41,1.46,69.53,209.6,1546,1478,-1.18,-1.48,2.8177,3.3802,7.3183,0
57.404,26,-30,41,1.90,69.53,209.6,1548,1478,-1.18,-1.48,2.8177,3.3802,7.3183,0
57.422,31,-30,41,2.27,69.53,209.6,1545,1478,-1.18,-1.48,2.8177,3.3802,7.3183,0
57.440,37,-31,40,2.77,71.27,210.0,1548,1478,-1.18,-1.48,2.9827,3.3294,7.8362,0
57.457,42,-30,41,3.07,69.53,209.6,1547,1478,-1.18,-1.48,2.9827,3.3294,7.8362,0
57.474,52,-30,41,3.80,69.53,209.6,1565,1478,-1.18,-1.48,2.9827,3.3294,7.8362,0
57.492,57,-30,41,4.17,69.53,209.6,1557,1478,-1.18,-1.48,2.9827,3.3294,7.8362,0
57.509,63,-30,41,4.61,69.53,209.6,1558,1478,-1.18,-1.48,2.9827,3.3294,7.8362,0
57.526,68,-30,41,4.98,69.53,209.6,1555,1478,-1.18,-1.48,2.9827,3.3294,7.8362,0
57.543,73,-31,40,5.47,71.27,210.0,1555,1478,-1.18,-1.48,2.9827,3.3294,7.8362,0
57.560,78,-31,40,5.85,71.27,210.0,1555,1478,-1.18,-1.48,2.9827,3.3294,7.8362,0
57.577,83,-31,40,6.22,71.27,210.0,1556,1478,-1.18,-1.48,2.9827,3.3294,7.8362,0
57.594,87,-31,40,6.53,71.27,210.0,1553,1478,-1.18,-1.48,2.9827,3.3294,7.8362,0
57.611,92,-31,40,6.90,71.27,210.0,1556,1478,-1.18,-1.48,2.9827,3.3294,7.8362,0
57.628,97,-31,40,7.28,71.27,210.0,1558,1478,0.44,-1.58,2.9827,3.3294,7.8362,0
57.645,101,-31,40,7.58,71.27,210.0,1556,1478,0.44,-1.58,2.9827,3.3294,7.8362,0
57.662,105,-31,40,7.88,71.27,210.0,1556,1478,0.44,-1.58,2.9827,3.3294,7.8362,0
57.679,109,-31,40,8.18,71.27,210.0,1556,1478,0.44,-1.58,2.9827,3.3294,7.8362,0
57.696,113,-31,40,8.47,71.27,210.0,1556,1478,0.44,-1.58,2.6484,3.1468,7.2114,0
57.713,116,-31,40,8.70,71.27,210.0,1553,1478,0.44,-1.58,2.6484,3.1468,7.2114,0
57.730,119,-31,40,8.93,71.27,210.0,1552,1478,0.44,-1.58,2.6484,3.1468,7.2114,0
57.747,123,-32,39,9.46,73.10,210.3,1556,1478,0.44,-1.58,2.6484,3.1468,7.2114,0
57.764,126,-31,40,9.45,71.27,210.0,1554,1478,0.44,-1.58,2.6484,3.1468,7.2114,0
57.781,129,-32,39,9.92,73.10,210.3,1554,1478,0.44,-1.58,2.6484,3.1468,7.2114,0
57.798,133,-32,39,10.23,73.10,210.3,1558,1478,0.44,-1.58,2.6484,3.1468,7.2114,0
57.815,136,-32,39,10.46,73.10,210.3,1557,1478,0.44,-1.58,2.6484,3.1468,7.2114,0
57.832,139,-32,39,10.69,73.10,210.3,1557,1478,0.44,-1.58,2.6484,3.1468,7.2114,0
57.849,142,-32,39,10.92,73.10,210.3,1557,1478,0.44,-1.58,2.6484,3.1468,7.2114,0
57.866,144,-32,39,11.08,73.10,210.3,1554,1478,0.44,-1.58,2.6484,3.1468,7.2114,0
57.883,146,-32,39,11.23,73.10,210.3,1552,1478,1.28,-2.39,2.6484,3.1468,7.2114,0
57.900,148,-32,39,11.38,73.10,210.3,1552,1478,1.28,-2.39,2.6484,3.1468,7.2114,0
57.917,150,-32,39,11.54,73.10,210.3,1552,1478,1.28,-2.39,2.6484,3.1468,7.2114,0
57.934,151,-32,39,11.62,73.10,210.3,1548,1478,1.28,-2.39,3.6690,3.0188,7.9016,0
57.951,152,-32,39,11.69,73.10,210.3,1547,1478,1.28,-2.39,3.6690,3.0188,7.9016,0
57.968,153,-32,39,11.77,73.10,210.3,1546,1478,1.28,-2.39,3.6690,3.0188,7.9016,0
57.985,153,-32,39,11.77,73.10,210.3,1542,1478,1.28,-2.39,3.6690,3.0188,7.9016,0
58.002,153,-32,39,11.77,73.10,210.3,1540,1478,1.28,-2.39,3.6690,3.0188,7.9016,0
58.019,153,-32,39,11.77,73.10,210.3,1539,1478,1.28,-2.39,3.6690,3.0188,7.9016,0
58.036,153,-32,39,11.77,73.10,210.3,1538,1478,1.28,-2.39,3.6690,3.0188,7.9016,0
58.053,153,-33,38,12.08,75.02,210.7,1538,1478,1.28,-2.39,3.6690,3.0188,7.9016,0
58.070,151,-34,37,12.24,77.05,211.0,1530,1478,1.28,-2.39,3.6690,3.0188,7.9016,0
58.087,151,-33,38,11.92,75.02,210.7,1534,1478,1.28,-2.39,3.6690,3.0188,7.9016,0
58.104,150,-33,38,11.84,75.02,210.7,1532,1478,1.28,-2.39,3.6690,3.0188,7.9016,0
58.121,150,-33,38,11.84,75.02,210.7,1534,1478,1.28,-2.39,3.6690,3.0188,7.9016,0
58.138,149,-33,38,11.76,75.02,210.7,1532,1478,0.40,-2.39,3.6690,3.0188,7.9016,0
58.158,147,-33,38,11.61,75.02,210.7,1528,1478,0.40,-2.39,3.6690,3.0188,7.9016,0
58.175,147,-33,38,11.61,75.02,210.7,1532,1478,0.40,-2.39,3.6690,3.0188,7.9016,0
58.192,146,-33,38,11.53,75.02,210.7,1530,1478,0.40,-2.39,3.8414,3.0942,7.1082,0
58.209,145,-33,38,11.45,75.02,210.7,1529,1478,0.40,-2.39,3.8414,3.0942,7.1082,0
58.226,144,-33,38,11.37,75.02,210.7,1529,1478,0.40,-2.39,3.8414,3.0942,7.1082,0
58.243,142,-33,38,11.21,75.02,210.7,1525,1478,0.40,-2.39,3.8414,3.0942,7.1082,0
58.260,142,-33,38,11.21,75.02,210.7,1530,1478,0.40,-2.39,3.8414,3.0942,7.1082,0
58.277,141,-33,38,11.13,75.02,210.7,1529,1478,0.40,-2.39,3.8414,3.0942,7.1082,0
58.294,140,-33,38,11.05,75.02,210.7,1528,1478,0.40,-2.39,3.8414,3.0942,7.1082,0
58.311,139,-33,38,10.97,75.02,210.7,1528,1478,0.40,-2.39,3.8414,3.0942,7.1082,0
58.328,138,-33,38,10.89,75.02,210.7,1527,1478,0.40,-2.39,3.8414,3.0942,7.1082,0
58.345,136,-33,38,10.74,75.02,210.7,1523,1478,0.40,-2.39,3.8414,3.0942,7.1082,0
58.362,135,-33,38,10.66,75.02,210.7,1525,1478,0.40,-2.39,3.8414,3.0942,7.1082,0
58.379,133,-33,38,10.50,75.02,210.7,1522,1478,-0.43,-1.86,3.8414,3.0942,7.1082,0
58.396,132,-33,38,10.42,75.02,210.7,1523,1478,-0.43,-1.86,3.8414,3.0942,7.1082,0
58.413,130,-33,38,10.26,75.02,210.7,1522,1478,-0.43,-1.86,3.8414,3.0942,7.1082,0
58.430,129,-33,38,10.18,75.02,210.7,1522,1478,-0.43,-1.86,3.8414,3.0942,7.1082,0
58.447,127,-33,38,10.03,75.02,210.7,1522,1478,-0.43,-1.86,3.6053,1.8466,8.6097,0
58.464,127,-33,38,10.03,75.02,210.7,1525,1478,-0.43,-1.86,3.6053,1.8466,8.6097,0
58.481,124,-32,39,9.54,73.10,210.3,1522,1478,-0.43,-1.86,3.6053,1.8466,8.6097,0
58.498,123,-32,39,9.46,73.10,210.3,1522,1478,-0.43,-1.86,3.6053,1.8466,8.6097,0
58.515,121,-32,39,9.31,73.10,210.3,1522,1478,-0.43,-1.86,3.6053,1.8466,8.6097,0
58.532,119,-32,39,9.15,73.10,210.3,1522,1478,-0.43,-1.86,3.6053,1.8466,8.6097,0
58.549,117,-32,39,9.00,73.10,210.3,1522,1478,-0.43,-1.86,3.6053,1.8466,8.6097,0
58.566,116,-32,39,8.92,73.10,210.3,1522,1478,-0.43,-1.86,3.6053,1.8466,8.6097,0
58.583,115,-32,39,8.85,73.10,210.3,1522,1478,-0.43,-1.86,3.6053,1.8466,8.6097,0
58.600,114,-32,39,8.77,73.10,210.3,1522,1478,-0.43,-1.86,3.6053,1.8466,8.6097,0
58.617,112,-32,39,8.62,73.10,210.3,1522,1478,-0.43,-1.86,3.6053,1.8466,8.6097,0
58.634,111,-32,39,8.54,73.10,210.3,1522,1478,-0.47,-1.62,3.6053,1.8466,8.6097,0
58.651,110,-32,39,8.46,73.10,210.3,1522,1478,-0.47,-1.62,3.6053,1.8466,8.6097,0
58.668,109,-32,39,8.38,73.10,210.3,1522,1478,-0.47,-1.62,3.6053,1.8466,8.6097,0
58.685,107,-32,39,8.23,73.10,210.3,1522,1478,-0.47,-1.62,3.6053,1.8466,8.6097,0
58.702,106,-32,39,8.15,73.10,210.3,1522,1478,-0.47,-1.62,3.7193,1.6242,8.5876,0
58.719,104,-32,39,8.00,73.10,210.3,1522,1478,-0.47,-1.62,3.7193,1.6242,8.5876,0
58.736,103,-32,39,7.92,73.10,210.3,1522,1478,-0.47,-1.62,3.7193,1.6242,8.5876,0
58.753,100,-32,39,7.69,73.10,210.3,1522,1478,-0.47,-1.62,3.7193,1.6242,8.5876,0
58.770,100,-32,39,7.69,73.10,210.3,1522,1478,-0.47,-1.62,3.7193,1.6242,8.5876,0
58.788,98,-32,39,7.54,73.10,210.3,1522,1478,-0.47,-1.62,3.7193,1.6242,8.5876,0
58.805,93,-32,39,7.15,73.10,210.3,1522,1478,-0.47,-1.62,3.7193,1.6242,8.5876,0
58.822,91,-32,39,7.00,73.10,210.3,1522,1478,-0.47,-1.62,3.7193,1.6242,8.5876,0
58.840,87,-32,39,6.69,73.10,210.3,1478,1478,-0.47,-1.62,3.7193,1.6242,8.5876,0
58.857,85,-32,39,6.54,73.10,210.3,1522,1478,-0.47,-1.62,3.7193,1.6242,8.5876,0
58.874,83,-32,39,6.38,73.10,210.3,1522,1478,-0.47,-1.62,3.7193,1.6242,8.5876,0
58.891,81,-32,39,6.23,73.10,210.3,1522,1478,-1.08,-1.47,3.7193,1.6242,8.5876,0
58.908,79,-32,39,6.08,73.10,210.3,1522,1478,-1.08,-1.47,3.7193,1.6242,8.5876,0
58.925,77,-32,39,5.92,73.10,210.3,1522,1478,-1.08,-1.47,3.7193,1.6242,8.5876,0
58.942,76,-32,39,5.85,73.10,210.3,1522,1478,-1.08,-1.47,3.7781,2.0437,8.1624,0
58.959,74,-31,40,5.55,71.27,210.0,1522,1478,-1.08,-1.47,3.7781,2.0437,8.1624,0
58.976,73,-31,40,5.47,71.27,210.0,1522,1478,-1.08,-1.47,3.7781,2.0437,8.1624,0
58.993,71,-31,40,5.33,71.27,210.0,1522,1478,-1.08,-1.47,3.7781,2.0437,8.1624,0
59.010,70,-31,40,5.25,71.27,210.0,1522,1478,-1.08,-1.47,3.7781,2.0437,8.1624,0
59.027,70,-31,40,5.25,71.27,210.0,1522,1478,-1.08,-1.47,3.7781,2.0437,8.1624,0
59.044,69,-31,40,5.17,71.27,210.0,1522,1478,-1.08,-1.47,3.7781,2.0437,8.1624,0
59.061,68,-31,40,5.10,71.27,210.0,1522,1478,-1.08,-1.47,3.7781,2.0437,8.1624,0
59.078,67,-31,40,5.03,71.27,210.0,1522,1478,-1.08,-1.47,3.7781,2.0437,8.1624,0
59.095,66,-31,40,4.95,71.27,210.0,1522,1478,-1.08,-1.47,3.7781,2.0437,8.1624,0
59.112,66,-31,40,4.95,71.27,210.0,1522,1478,-1.08,-1.47,3.7781,2.0437,8.1624,0
59.129,64,-31,40,4.80,71.27,210.0,1522,1478,-1.85,-1.10,3.7781,2.0437,8.1624,0
59.146,63,-31,40,4.72,71.27,210.0,1522,1478,-1.85,-1.10,3.7781,2.0437,8.1624,0
59.163,61,-31,40,4.58,71.27,210.0,1522,1478,-1.85,-1.10,3.7781,2.0437,8.1624,0
59.180,58,-31,40,4.35,71.27,210.0,1478,1478,-1.85,-1.10,3.7781,2.0437,8.1624,0
59.197,56,-31,40,4.20,71.27,210.0,1478,1478,-1.85,-1.10,3.3529,2.7953,8.0375,0
59.214,54,-31,40,4.05,71.27,210.0,1478,1478,-1.85,-1.10,3.3529,2.7953,8.0375,0
59.231,52,-31,40,3.90,71.27,210.0,1478,1478,-1.85,-1.10,3.3529,2.7953,8.0375,0
59.248,49,-31,40,3.67,71.27,210.0,1478,1478,-1.85,-1.10,3.3529,2.7953,8.0375,0
59.265,46,-31,40,3.45,71.27,210.0,1478,1478,-1.85,-1.10,3.3529,2.7953,8.0375,0
59.282,44,-31,40,3.30,71.27,210.0,1478,1478,-1.85,-1.10,3.3529,2.7953,8.0375,0
59.299,41,-31,40,3.08,71.27,210.0,1478,1478,-1.85,-1.10,3.3529,2.7953,8.0375,0
59.316,38,-31,40,2.85,71.27,210.0,1478,1478,-1.85,-1.10,3.3529,2.7953,8.0375,0
59.333,36,-31,40,2.70,71.27,210.0,1478,1478,-1.85,-1.10,3.3529,2.7953,8.0375,0
59.350,34,-31,40,2.55,71.27,210.0,1478,1478,-1.85,-1.10,3.3529,2.7953,8.0375,0
59.367,32,-31,40,2.40,71.27,210.0,1478,1478,-1.85,-1.10,3.3529,2.7953,8.0375,0
59.384,31,-31,40,2.33,71.27,210.0,1478,1478,-1.88,-0.68,3.3529,2.7953,8.0375,0
59.401,29,-31,40,2.17,71.27,210.0,1478,1478,-1.88,-0.68,3.3529,2.7953,8.0375,0
59.418,27,-31,40,2.02,71.27,210.0,1478,1478,-1.88,-0.68,3.3529,2.7953,8.0375,0
59.435,25,-31,40,1.88,71.27,210.0,1478,1478,-1.88,-0.68,3.4705,2.8964,8.3608,0
59.452,25,-31,40,1.88,71.27,210.0,1500,1478,-1.88,-0.68,3.4705,2.8964,8.3608,0
59.470,24,-31,40,1.80,71.27,210.0,1500,1478,-1.88,-0.68,3.4705,2.8964,8.3608,0
59.487,21,-31,40,1.57,71.27,210.0,1478,1478,-1.88,-0.68,3.4705,2.8964,8.3608,0
59.505,20,-31,40,1.50,71.27,210.0,1478,1478,-1.88,-0.68,3.4705,2.8964,8.3608,0
59.522,18,-31,40,1.35,71.27,210.0,1478,1478,-1.88,-0.68,3.4705,2.8964,8.3608,0
59.539,15,-31,40,1.12,71.27,210.0,1478,1478,-1.88,-0.68,3.4705,2.8964,8.3608,0
59.556,13,-32,39,1.00,73.10,210.3,1478,1478,-1.88,-0.68,3.4705,2.8964,8.3608,0
59.573,12,-32,39,0.92,73.10,210.3,1478,1478,-1.88,-0.68,3.4705,2.8964,8.3608,0
59.590,10,-31,40,0.75,71.27,210.0,1478,1478,-1.88,-0.68,3.4705,2.8964,8.3608,0
59.607,8,-31,40,0.60,71.27,210.0,1478,1478,-1.88,-0.68,3.4705,2.8964,8.3608,0
59.624,6,-31,40,0.45,71.27,210.0,1478,1478,-1.61,-1.51,3.4705,2.8964,8.3608,0
59.641,4,-32,39,0.31,73.10,210.3,1478,1478,-1.61,-1.51,3.4705,2.8964,8.3608,0
59.658,1,-32,39,0.08,73.10,210.3,1478,1478,-1.61,-1.51,3.4705,2.8964,8.3608,0
59.675,-1,-32,39,-0.08,73.10,210.3,1478,1478,-1.61,-1.51,3.4705,2.8964,8.3608,0
59.692,0,0,0,0.00,-1.00,0.0,1478,1478,-1.61,-1.51,3.5533,3.0344,9.0882,0
59.709,-8,-33,38,-0.63,75.02,210.7,1478,1478,-1.61,-1.51,3.5533,3.0344,9.0882,0
59.726,0,0,0,0.00,-1.00,0.0,1478,1478,-1.61,-1.51,3.5533,3.0344,9.0882,0
59.743,-14,-33,38,-1.11,75.02,210.7,1478,1478,-1.61,-1.51,3.5533,3.0344,9.0882,0
59.760,-18,-33,38,-1.42,75.02,210.7,1478,1478,-1.61,-1.51,3.5533,3.0344,9.0882,0
59.777,-22,-33,38,-1.74,75.02,210.7,1473,1478,-1.61,-1.51,3.5533,3.0344,9.0882,0
59.794,-24,-33,38,-1.89,75.02,210.7,1476,1478,-1.61,-1.51,3.5533,3.0344,9.0882,0
59.811,0,0,0,0.00,-1.00,0.0,1476,1478,-1.61,-1.51,3.5533,3.0344,9.0882,0
59.828,0,0,0,0.00,-1.00,0.0,1475,1478,-1.61,-1.51,3.5533,3.0344,9.0882,0
59.845,-32,-33,38,-2.53,75.02,210.7,1478,1478,-1.61,-1.51,3.5533,3.0344,9.0882,0
59.862,-34,-33,38,-2.68,75.02,210.7,1478,1478,-1.61,-1.51,3.5533,3.0344,9.0882,0
59.879,-35,-33,38,-2.76,75.02,210.7,1478,1478,-1.53,-1.85,3.5533,3.0344,9.0882,0
59.896,-37,-33,38,-2.92,75.02,210.7,1478,1478,-1.53,-1.85,3.5533,3.0344,9.0882,0
59.913,-39,-33,38,-3.08,75.02,210.7,1478,1478,-1.53,-1.85,3.5533,3.0344,9.0882,0
59.930,-42,-33,38,-3.32,75.02,210.7,1473,1478,-1.53,-1.85,3.5533,3.0344,9.0882,0
59.947,-45,-34,37,-3.65,77.05,211.0,1470,1478,-1.53,-1.85,3.0741,2.5534,8.4664,0
59.964,-47,-34,37,-3.81,77.05,211.0,1472,1478,-1.53,-1.85,3.0741,2.5534,8.4664,0
59.981,0,0,0,0.00,-1.00,0.0,1472,1478,-1.53,-1.85,3.0741,2.5534,8.4664,0
59.998,-52,-33,38,-4.11,75.02,210.7,1478,1478,-1.53,-1.85,3.0741,2.5534,8.4664,0
60.015,-55,-33,38,-4.34,75.02,210.7,1472,1478,-1.53,-1.85,3.0741,2.5534,8.4664,0
60.032,-57,-33,38,-4.50,75.02,210.7,1472,1478,-1.53,-1.85,3.0741,2.5534,8.4664,0
60.049,-59,-34,37,-4.78,77.05,211.0,1472,1478,-1.53,-1.85,3.0741,2.5534,8.4664,0
60.066,-61,-34,37,-4.95,77.05,211.0,1471,1478,-1.53,-1.85,3.0741,2.5534,8.4664,0
60.083,-63,-34,37,-5.11,77.05,211.0,1471,1478,-1.53,-1.85,3.0741,2.5534,8.4664,0
60.100,-64,-33,38,-5.05,75.02,210.7,1474,1478,-1.53,-1.85,3.0741,2.5534,8.4664,0
60.117,-65,-33,38,-5.13,75.02,210.7,1475,1478,-1.53,-1.85,3.0741,2.5534,8.4664,0
60.134,-66,-33,38,-5.21,75.02,210.7,1476,1478,-1.60,-2.16,3.0741,2.5534,8.4664,0
60.151,-68,-34,37,-5.51,77.05,211.0,1472,1478,-1.60,-2.16,3.0741,2.5534,8.4664,0
60.168,-69,-34,37,-5.59,77.05,211.0,1474,1478,-1.60,-2.16,3.0741,2.5534,8.4664,0
60.186,-70,-34,37,-5.68,77.05,211.0,1475,1478,-1.60,-2.16,3.0101,2.9876,8.3624,0
60.204,-71,-34,37,-5.76,77.05,211.0,1475,1478,-1.60,-2.16,3.0101,2.9876,8.3624,0
60.221,-72,-35,36,-6.00,79.19,211.4,1475,1478,-1.60,-2.16,3.0101,2.9876,8.3624,0
60.238,-73,-35,36,-6.08,79.19,211.4,1475,1478,-1.60,-2.16,3.0101,2.9876,8.3624,0
60.255,-73,-35,36,-6.08,79.19,211.4,1478,1478,-1.60,-2.16,3.0101,2.9876,8.3624,0
60.273,-75,-34,37,-6.08,77.05,211.0,1473,1478,-1.60,-2.16,3.0101,2.9876,8.3624,0
60.290,-76,-34,37,-6.16,77.05,211.0,1474,1478,-1.60,-2.16,3.0101,2.9876,8.3624,0
60.307,-76,-35,36,-6.33,79.19,211.4,1478,1478,-1.60,-2.16,3.0101,2.9876,8.3624,0
60.324,-78,-35,36,-6.50,79.19,211.4,1472,1478,-1.60,-2.16,3.0101,2.9876,8.3624,0
60.341,-79,-35,36,-6.58,79.19,211.4,1473,1478,-1.60,-2.16,3.0101,2.9876,8.3624,0
60.358,0,0,0,0.00,-1.00,0.0,1472,1478,-1.60,-2.16,3.0101,2.9876,8.3624,0
60.375,-83,-35,36,-6.92,79.19,211.4,1476,1478,-1.86,-2.14,3.0101,2.9876,8.3624,0
60.392,0,0,0,0.00,-1.00,0.0,1476,1478,-1.86,-2.14,3.0101,2.9876,8.3624,0
60.409,0,0,0,0.00,-1.00,0.0,1475,1478,-1.86,-2.14,3.0101,2.9876,8.3624,0
60.426,0,0,0,0.00,-1.00,0.0,1475,1478,-1.86,-2.14,3.0101,2.9876,8.3624,0
60.443,-93,-35,36,-7.75,79.19,211.4,1475,1478,-1.86,-2.14,1.7421,3.1776,8.6741,0
60.460,-95,-35,36,-7.92,79.19,211.4,1469,1478,-1.86,-2.14,1.7421,3.1776,8.6741,0
60.477,0,0,0,0.00,-1.00,0.0,1468,1478,-1.86,-2.14,1.7421,3.1776,8.6741,0
60.493,0,0,0,0.00,-1.00,0.0,1468,1478,-1.86,-2.14,1.7421,3.1776,8.6741,0
60.510,-102,-36,35,-8.74,81.45,211.8,1471,1478,-1.86,-2.14,1.7421,3.1776,8.6741,0
60.527,-104,-36,35,-8.91,81.45,211.8,1465,1478,-1.86,-2.14,1.7421,3.1776,8.6741,0
60.544,-107,-35,36,-8.92,79.19,211.4,1459,1478,-1.86,-2.14,1.7421,3.1776,8.6741,0
60.561,-110,-36,35,-9.43,81.45,211.8,1455,1478,-1.86,-2.14,1.7421,3.1776,8.6741,0
60.578,0,0,0,0.00,-1.00,0.0,1454,1478,-1.86,-2.14,1.7421,3.1776,8.6741,0
60.595,-117,-35,36,-9.75,79.19,211.4,1462,1478,-1.86,-2.14,1.7421,3.1776,8.6741,0
60.612,-120,-34,37,-9.73,77.05,211.0,1455,1478,-1.86,-2.14,1.7421,3.1776,8.6741,0
60.629,-124,-34,37,-10.05,77.05,211.0,1448,1478,-2.72,-2.47,1.7421,3.1776,8.6741,0
60.646,-127,-34,37,-10.30,77.05,211.0,1447,1478,-2.72,-2.47,1.7421,3.1776,8.6741,0
60.663,-130,-35,36,-10.83,79.19,211.4,1447,1478,-2.72,-2.47,1.7421,3.1776,8.6741,0
60.680,-133,-35,36,-11.08,79.19,211.4,1446,1478,-2.72,-2.47,1.7421,3.1776,8.6741,0
60.697,-136,-35,36,-11.33,79.19,211.4,1445,1478,-2.72,-2.47,1.4308,3.1826,7.9997,0
60.714,-139,-35,36,-11.58,79.19,211.4,1444,1478,-2.72,-2.47,1.4308,3.1826,7.9997,0
60.731,-142,-35,36,-11.83,79.19,211.4,1444,1478,-2.72,-2.47,1.4308,3.1826,7.9997,0
60.748,-145,-35,36,-12.08,79.19,211.4,1443,1478,-2.72,-2.47,1.4308,3.1826,7.9997,0
60.765,-148,-35,36,-12.33,79.19,211.4,1442,1478,-2.72,-2.47,1.4308,3.1826,7.9997,0
60.782,-150,-35,36,-12.50,79.19,211.4,1445,1478,-2.72,-2.47,1.4308,3.1826,7.9997,0
60.799,-153,-35,36,-12.75,79.19,211.4,1443,1478,-2.72,-2.47,1.4308,3.1826,7.9997,0
60.816,-155,-34,37,-12.57,77.05,211.0,1445,1478,-2.72,-2.47,1.4308,3.1826,7.9997,0
60.833,0,0,0,0.00,-1.00,0.0,1444,1478,-2.72,-2.47,1.4308,3.1826,7.9997,0
60.850,-159,-35,36,-13.25,79.19,211.4,1452,1478,-2.72,-2.47,1.4308,3.1826,7.9997,0
60.867,0,0,0,0.00,-1.00,0.0,1452,1478,-2.72,-2.47,1.4308,3.1826,7.9997,0
60.885,0,0,0,0.00,-1.00,0.0,1452,1478,-4.03,-2.47,1.4308,3.1826,7.9997,0
60.902,0,0,0,0.00,-1.00,0.0,1451,1478,-4.03,-2.47,1.4308,3.1826,7.9997,0
60.919,0,0,0,0.00,-1.00,0.0,1451,1478,-4.03,-2.47,1.4308,3.1826,7.9997,0
60.936,-171,-35,36,-14.25,79.19,211.4,1453,1478,-4.03,-2.47,1.4308,3.1826,7.9997,0
60.954,-172,-35,36,-14.33,79.19,211.4,1452,1478,-4.03,-2.47,1.3501,3.2581,8.2593,0
60.971,-174,-34,37,-14.11,77.05,211.0,1447,1478,-4.03,-2.47,1.3501,3.2581,8.2593,0
60.988,-174,-34,37,-14.11,77.05,211.0,1452,1478,-4.03,-2.47,1.3501,3.2581,8.2593,0
61.005,0,0,0,0.00,-1.00,0.0,1452,1478,-4.03,-2.47,1.3501,3.2581,8.2593,0
61.022,0,0,0,0.00,-1.00,0.0,1452,1478,-4.03,-2.47,1.3501,3.2581,8.2593,0
61.039,0,0,0,0.00,-1.00,0.0,1452,1478,-4.03,-2.47,1.3501,3.2581,8.2593,0
61.056,0,0,0,0.00,-1.00,0.0,1451,1478,-4.03,-2.47,1.3501,3.2581,8.2593,0
61.073,0,0,0,0.00,-1.00,0.0,1451,1478,-4.03,-2.47,1.3501,3.2581,8.2593,0
61.090,0,0,0,0.00,-1.00,0.0,1451,1478,-4.03,-2.47,1.3501,3.2581,8.2593,0
61.107,0,0,0,0.00,-1.00,0.0,1451,1478,-4.03,-2.47,1.3501,3.2581,8.2593,0
61.124,0,0,0,0.00,-1.00,0.0,1451,1478,-4.57,-2.25,1.3501,3.2581,8.2593,0
61.141,-189,-35,36,-15.75,79.19,211.4,1451,1478,-4.57,-2.25,1.3501,3.2581,8.2593,0
61.158,0,0,0,0.00,-1.00,0.0,1451,1478,-4.57,-2.25,1.3501,3.2581,8.2593,0
61.175,0,0,0,0.00,-1.00,0.0,1451,1478,-4.57,-2.25,1.3501,3.2581,8.2593,0
61.192,-188,-34,37,-15.24,77.05,211.0,1452,1478,-4.57,-2.25,1.4471,3.0421,7.0139,0
61.209,0,0,0,0.00,-1.00,0.0,1452,1478,-4.57,-2.25,1.4471,3.0421,7.0139,0
61.226,0,0,0,0.00,-1.00,0.0,1452,1478,-4.57,-2.25,1.4471,3.0421,7.0139,0
61.243,0,0,0,0.00,-1.00,0.0,1452,1478,-4.57,-2.25,1.4471,3.0421,7.0139,0
61.260,-186,-35,36,-15.50,79.19,211.4,1453,1478,-4.57,-2.25,1.4471,3.0421,7.0139,0
61.277,-186,-34,37,-15.08,77.05,211.0,1454,1478,-4.57,-2.25,1.4471,3.0421,7.0139,0
61.294,-184,-35,36,-15.33,79.19,211.4,1461,1478,-4.57,-2.25,1.4471,3.0421,7.0139,0
61.311,-183,-35,36,-15.25,79.19,211.4,1462,1478,-4.57,-2.25,1.4471,3.0421,7.0139,0
61.328,-181,-35,36,-15.08,79.19,211.4,1466,1478,-4.57,-2.25,1.4471,3.0421,7.0139,0
61.345,-179,-35,36,-14.92,79.19,211.4,1468,1478,-4.57,-2.25,1.4471,3.0421,7.0139,0
61.362,-176,-35,36,-14.67,79.19,211.4,1473,1478,-4.57,-2.25,1.4471,3.0421,7.0139,0
61.379,-174,-34,37,-14.11,77.05,211.0,1472,1478,-4.20,-2.23,1.4471,3.0421,7.0139,0
61.396,-172,-35,36,-14.33,79.19,211.4,1472,1478,-4.20,-2.23,1.4471,3.0421,7.0139,0
61.413,-169,-35,36,-14.08,79.19,211.4,1476,1478,-4.20,-2.23,1.4471,3.0421,7.0139,0
61.430,-167,-34,37,-13.54,77.05,211.0,1475,1478,-4.20,-2.23,1.4471,3.0421,7.0139,0
61.446,-164,-35,36,-13.67,79.19,211.4,1478,1478,-4.20,-2.23,1.7594,3.2763,7.8821,0
61.463,-162,-35,36,-13.50,79.19,211.4,1476,1478,-4.20,-2.23,1.7594,3.2763,7.8821,0
61.480,-160,-35,36,-13.33,79.19,211.4,1476,1478,-4.20,-2.23,1.7594,3.2763,7.8821,0
61.497,-158,-34,37,-12.81,77.05,211.0,1476,1478,-4.20,-2.23,1.7594,3.2763,7.8821,0
61.515,-156,-35,36,-13.00,79.19,211.4,1476,1478,-4.20,-2.23,1.7594,3.2763,7.8821,0
61.532,-154,-34,37,-12.49,77.05,211.0,1476,1478,-4.20,-2.23,1.7594,3.2763,7.8821,0
61.549,-152,-35,36,-12.67,79.19,211.4,1477,1478,-4.20,-2.23,1.7594,3.2763,7.8821,0
61.566,-150,-35,36,-12.50,79.19,211.4,1477,1478,-4.20,-2.23,1.7594,3.2763,7.8821,0
61.583,-148,-35,36,-12.33,79.19,211.4,1477,1478,-4.20,-2.23,1.7594,3.2763,7.8821,0
61.600,-147,-34,37,-11.92,77.05,211.0,1474,1478,-4.20,-2.23,1.7594,3.2763,7.8821,0
61.617,-145,-34,37,-11.76,77.05,211.0,1476,1478,-4.20,-2.23,1.7594,3.2763,7.8821,0
61.635,-143,-34,37,-11.59,77.05,211.0,1478,1478,-3.20,-2.42,1.7594,3.2763,7.8821,0
61.652,-141,-35,36,-11.75,79.19,211.4,1478,1478,-3.20,-2.42,1.7594,3.2763,7.8821,0
61.669,-139,-34,37,-11.27,77.05,211.0,1478,1478,-3.20,-2.42,1.7594,3.2763,7.8821,0
61.686,-137,-34,37,-11.11,77.05,211.0,1478,1478,-3.20,-2.42,2.9059,3.9014,7.0563,0
61.703,-135,-34,37,-10.95,77.05,211.0,1478,1478,-3.20,-2.42,2.9059,3.9014,7.0563,0
61.721,-129,-34,37,-10.46,77.05,211.0,1478,1478,-3.20,-2.42,2.9059,3.9014,7.0563,0
61.737,-125,-34,37,-10.14,77.05,211.0,1478,1478,-3.20,-2.42,2.9059,3.9014,7.0563,0
61.754,-121,-34,37,-9.81,77.05,211.0,1478,1478,-3.20,-2.42,2.9059,3.9014,7.0563,0
61.772,-117,-34,37,-9.49,77.05,211.0,1478,1478,-3.20,-2.42,2.9059,3.9014,7.0563,0
61.789,-113,-34,37,-9.16,77.05,211.0,1500,1478,-3.20,-2.42,2.9059,3.9014,7.0563,0
61.806,-108,-34,37,-8.76,77.05,211.0,1522,1478,-3.20,-2.42,2.9059,3.9014,7.0563,0
61.823,-104,-34,37,-8.43,77.05,211.0,1522,1478,-3.20,-2.42,2.9059,3.9014,7.0563,0
61.840,-99,-34,37,-8.03,77.05,211.0,1522,1478,-3.20,-2.42,2.9059,3.9014,7.0563,0
61.857,-94,-34,37,-7.62,77.05,211.0,1522,1478,-3.20,-2.42,2.9059,3.9014,7.0563,0
61.874,-89,-34,37,-7.22,77.05,211.0,1522,1478,-3.20,-2.42,2.9059,3.9014,7.0563,0
61.891,-84,-34,37,-6.81,77.05,211.0,1522,1478,-2.13,-2.65,2.9059,3.9014,7.0563,0
61.908,-79,-34,37,-6.41,77.05,211.0,1522,1478,-2.13,-2.65,2.9059,3.9014,7.0563,0
61.925,-75,-34,37,-6.08,77.05,211.0,1522,1478,-2.13,-2.65,2.9059,3.9014,7.0563,0
61.942,-70,-34,37,-5.68,77.05,211.0,1522,1478,-2.13,-2.65,1.2801,4.1484,5.8301,0
61.959,-66,-34,37,-5.35,77.05,211.0,1522,1478,-2.13,-2.65,1.2801,4.1484,5.8301,0
61.976,-61,-34,37,-4.95,77.05,211.0,1522,1478,-2.13,-2.65,1.2801,4.1484,5.8301,0
61.993,-57,-34,37,-4.62,77.05,211.0,1522,1478,-2.13,-2.65,1.2801,4.1484,5.8301,0
62.010,-53,-34,37,-4.30,77.05,211.0,1522,1478,-2.13,-2.65,1.2801,4.1484,5.8301,0
62.027,-49,-34,37,-3.97,77.05,211.0,1522,1478,-2.13,-2.65,1.2801,4.1484,5.8301,0
62.044,-45,-34,37,-3.65,77.05,211.0,1522,1478,-2.13,-2.65,1.2801,4.1484,5.8301,0
62.061,-40,-34,37,-3.24,77.05,211.0,1522,1478,-2.13,-2.65,1.2801,4.1484,5.8301,0
62.078,-36,-33,38,-2.84,75.02,210.7,1522,1478,-2.13,-2.65,1.2801,4.1484,5.8301,0
62.095,-31,-33,38,-2.45,75.02,210.7,1524,1478,-2.13,-2.65,1.2801,4.1484,5.8301,0
62.112,-26,-33,38,-2.05,75.02,210.7,1527,1478,-2.13,-2.65,1.2801,4.1484,5.8301,0
62.129,-22,-33,38,-1.74,75.02,210.7,1525,1478,-0.89,-2.29,1.2801,4.1484,5.8301,0
62.146,-17,-33,38,-1.34,75.02,210.7,1528,1478,-0.89,-2.29,1.2801,4.1484,5.8301,0
62.163,-13,-33,38,-1.03,75.02,210.7,1527,1478,-0.89,-2.29,1.2801,4.1484,5.8301,0
62.180,-8,-33,38,-0.63,75.02,210.7,1530,1478,-0.89,-2.29,1.2801,4.1484,5.8301,0
62.197,-3,-33,38,-0.24,75.02,210.7,1533,1478,-0.89,-2.29,2.8644,4.2180,7.0307,0
62.214,2,-33,38,0.16,75.02,210.7,1535,1478,-0.89,-2.29,2.8644,4.2180,7.0307,0
62.231,6,-33,38,0.47,75.02,210.7,1532,1478,-0.89,-2.29,2.8644,4.2180,7.0307,0
62.248,11,-33,38,0.87,75.02,210.7,1535,1478,-0.89,-2.29,2.8644,4.2180,7.0307,0
62.265,16,-33,38,1.26,75.02,210.7,1538,1478,-0.89,-2.29,2.8644,4.2180,7.0307,0
62.282,22,-33,38,1.74,75.02,210.7,1543,1478,-0.89,-2.29,2.8644,4.2180,7.0307,0
62.300,27,-32,39,2.08,73.10,210.3,1543,1478,-0.89,-2.29,2.8644,4.2180,7.0307,0
62.317,33,-32,39,2.54,73.10,210.3,1547,1478,-0.89,-2.29,2.8644,4.2180,7.0307,0
62.334,38,-32,39,2.92,73.10,210.3,1546,1478,-0.89,-2.29,2.8644,4.2180,7.0307,0
62.351,45,-32,39,3.46,73.10,210.3,1553,1478,-0.89,-2.29,2.8644,4.2180,7.0307,0
62.368,51,-32,39,3.92,73.10,210.3,1554,1478,-0.89,-2.29,2.8644,4.2180,7.0307,0
62.386,57,-32,39,4.38,73.10,210.3,1556,1478,1.27,-2.31,2.8644,4.2180,7.0307,0
62.403,63,-32,39,4.85,73.10,210.3,1557,1478,1.27,-2.31,2.8644,4.2180,7.0307,0
62.420,75,-31,40,5.62,71.27,210.0,1581,1478,1.27,-2.31,2.8644,4.2180,7.0307,0
62.437,81,-31,40,6.08,71.27,210.0,1572,1478,1.27,-2.31,3.0384,3.7072,7.9376,0
62.454,86,-31,40,6.45,71.27,210.0,1565,1478,1.27,-2.31,3.0384,3.7072,7.9376,0
62.471,92,-31,40,6.90,71.27,210.0,1565,1478,1.27,-2.31,3.0384,3.7072,7.9376,0
62.488,96,-31,40,7.20,71.27,210.0,1559,1478,1.27,-2.31,3.0384,3.7072,7.9376,0
62.505,102,-31,40,7.65,71.27,210.0,1564,1478,1.27,-2.31,3.0384,3.7072,7.9376,0
62.523,106,-31,40,7.95,71.27,210.0,1559,1478,1.27,-2.31,3.0384,3.7072,7.9376,0
62.540,110,-31,40,8.25,71.27,210.0,1558,1478,1.27,-2.31,3.0384,3.7072,7.9376,0
62.557,114,-30,41,8.34,69.53,209.6,1558,1478,1.27,-2.31,3.0384,3.7072,7.9376,0
62.574,117,-30,41,8.56,69.53,209.6,1554,1478,1.27,-2.31,3.0384,3.7072,7.9376,0
62.591,120,-30,41,8.78,69.53,209.6,1553,1478,1.27,-2.31,3.0384,3.7072,7.9376,0
62.608,124,-30,41,9.07,69.53,209.6,1556,1478,1.27,-2.31,3.0384,3.7072,7.9376,0
62.625,126,-29,42,9.00,67.88,209.3,1551,1478,2.72,-2.04,3.0384,3.7072,7.9376,0
62.642,128,-29,42,9.14,67.88,209.3,1549,1478,2.72,-2.04,3.0384,3.7072,7.9376,0
62.659,130,-29,42,9.29,67.88,209.3,1548,1478,2.72,-2.04,3.0384,3.7072,7.9376,0
62.676,132,-29,42,9.43,67.88,209.3,1547,1478,2.72,-2.04,3.0384,3.7072,7.9376,0
62.693,134,-29,42,9.57,67.88,209.3,1548,1478,2.72,-2.04,1.6410,4.6645,4.5335,0
62.710,135,-29,42,9.64,67.88,209.3,1544,1478,2.72,-2.04,1.6410,4.6645,4.5335,0
62.727,137,-28,43,9.56,66.30,208.9,1546,1478,2.72,-2.04,1.6410,4.6645,4.5335,0
62.744,138,-28,43,9.63,66.30,208.9,1544,1478,2.72,-2.04,1.6410,4.6645,4.5335,0
62.761,139,-28,43,9.70,66.30,208.9,1543,1478,2.72,-2.04,1.6410,4.6645,4.5335,0
62.778,139,-27,44,9.48,64.79,208.6,1539,1478,2.72,-2.04,1.6410,4.6645,4.5335,0
62.794,140,-27,44,9.55,64.79,208.6,1540,1478,2.72,-2.04,1.6410,4.6645,4.5335,0
62.811,141,-27,44,9.61,64.79,208.6,1541,1478,2.72,-2.04,1.6410,4.6645,4.5335,0
62.828,141,-27,44,9.61,64.79,208.6,1538,1478,2.72,-2.04,1.6410,4.6645,4.5335,0
62.845,141,-26,45,9.40,63.35,208.2,1536,1478,2.72,-2.04,1.6410,4.6645,4.5335,0
62.862,142,-26,45,9.47,63.35,208.2,1539,1478,2.72,-2.04,1.6410,4.6645,4.5335,0
62.879,141,-26,45,9.40,63.35,208.2,1533,1478,2.29,-1.10,1.6410,4.6645,4.5335,0
62.896,141,-26,45,9.40,63.35,208.2,1534,1478,2.29,-1.10,1.6410,4.6645,4.5335,0
62.914,141,-26,45,9.40,63.35,208.2,1535,1478,2.29,-1.10,1.6410,4.6645,4.5335,0
62.931,140,-25,46,9.13,61.98,207.9,1531,1478,2.29,-1.10,2.9497,5.1629,7.6162,0
62.948,139,-25,46,9.07,61.98,207.9,1529,1478,2.29,-1.10,2.9497,5.1629,7.6162,0
62.965,138,-25,46,9.00,61.98,207.9,1528,1478,2.29,-1.10,2.9497,5.1629,7.6162,0
62.982,136,-25,46,8.87,61.98,207.9,1523,1478,2.29,-1.10,2.9497,5.1629,7.6162,0
62.998,134,-24,47,8.55,60.66,207.5,1522,1478,2.29,-1.10,2.9497,5.1629,7.6162,0
63.016,133,-24,47,8.49,60.66,207.5,1523,1478,2.29,-1.10,2.9497,5.1629,7.6162,0
63.033,130,-24,47,8.30,60.66,207.5,1522,1478,2.29,-1.10,2.9497,5.1629,7.6162,0
63.050,128,-24,47,8.17,60.66,207.5,1522,1478,2.29,-1.10,2.9497,5.1629,7.6162,0
63.067,126,-23,48,7.88,59.39,207.2,1522,1478,2.29,-1.10,2.9497,5.1629,7.6162,0
63.087,120,-23,48,7.50,59.39,207.2,1522,1478,2.29,-1.10,2.9497,5.1629,7.6162,0
63.104,117,-23,48,7.31,59.39,207.2,1522,1478,2.29,-1.10,2.9497,5.1629,7.6162,0
63.121,113,-22,49,6.92,58.18,206.8,1522,1478,1.57,-0.24,2.9497,5.1629,7.6162,0
63.138,109,-22,49,6.67,58.18,206.8,1500,1478,1.57,-0.24,2.9497,5.1629,7.6162,0
63.155,106,-22,49,6.49,58.18,206.8,1522,1478,1.57,-0.24,2.9497,5.1629,7.6162,0
63.172,101,-22,49,6.18,58.18,206.8,1478,1478,1.57,-0.24,2.9497,5.1629,7.6162,0
63.189,97,-22,49,5.94,58.18,206.8,1478,1478,1.57,-0.24,3.1654,3.7562,9.0241,0
63.206,93,-21,50,5.58,57.02,206.5,1478,1478,1.57,-0.24,3.1654,3.7562,9.0241,0
63.223,88,-21,50,5.28,57.02,206.5,1478,1478,1.57,-0.24,3.1654,3.7562,9.0241,0
63.240,83,-21,50,4.98,57.02,206.5,1478,1478,1.57,-0.24,3.1654,3.7562,9.0241,0
63.257,78,-21,50,4.68,57.02,206.5,1478,1478,1.57,-0.24,3.1654,3.7562,9.0241,0
63.274,72,-20,51,4.24,55.90,206.1,1478,1478,1.57,-0.24,3.1654,3.7562,9.0241,0
63.291,66,-20,51,3.88,55.90,206.1,1477,1478,1.57,-0.24,3.1654,3.7562,9.0241,0
63.308,60,-20,51,3.53,55.90,206.1,1474,1478,1.57,-0.24,3.1654,3.7562,9.0241,0
63.325,54,-20,51,3.18,55.90,206.1,1472,1478,1.57,-0.24,3.1654,3.7562,9.0241,0
63.342,48,-20,51,2.82,55.90,206.1,1471,1478,1.57,-0.24,3.1654,3.7562,9.0241,0
63.359,41,-20,51,2.41,55.90,206.1,1465,1478,1.57,-0.24,3.1654,3.7562,9.0241,0
63.376,34,-19,52,1.96,54.83,205.8,1477,1478,0.56,-0.71,3.1654,3.7562,9.0241,1
63.393,28,-19,52,1.62,54.83,205.8,1478,1478,0.56,-0.71,3.1654,3.7562,9.0241,1
63.410,21,-19,52,1.21,54.83,205.8,1476,1478,0.56,-0.71,3.1654,3.7562,9.0241,1
63.427,15,-19,52,0.87,54.83,205.8,1476,1478,0.56,-0.71,3.1654,3.7562,9.0241,1
63.444,8,-19,52,0.46,54.83,205.8,1473,1478,0.56,-0.71,2.8032,4.0319,7.0952,1
63.461,1,-18,53,0.06,53.79,205.4,1472,1478,0.56,-0.71,2.8032,4.0319,7.0952,1
63.478,-5,-18,53,-0.28,53.79,205.4,1473,1478,0.56,-0.71,2.8032,4.0319,7.0952,1
63.495,-12,-18,53,-0.68,53.79,205.4,1470,1478,0.56,-0.71,2.8032,4.0319,7.0952,1
63.512,-19,-18,53,-1.08,53.79,205.4,1469,1478,0.56,-0.71,2.8032,4.0319,7.0952,1
63.529,-26,-18,53,-1.47,53.79,205.4,1467,1478,0.56,-0.71,2.8032,4.0319,7.0952,1
63.546,-33,-17,54,-1.83,52.79,205.1,1466,1478,0.56,-0.71,2.8032,4.0319,7.0952,1
63.563,-40,-17,54,-2.22,52.79,205.1,1465,1478,0.56,-0.71,2.8032,4.0319,7.0952,1
63.580,-48,-17,54,-2.67,52.79,205.1,1462,1478,0.56,-0.71,2.8032,4.0319,7.0952,1
63.597,-55,-17,54,-3.06,52.79,205.1,1462,1478,0.56,-0.71,2.8032,4.0319,7.0952,1
63.614,-62,-17,54,-3.44,52.79,205.1,1461,1478,0.56,-0.71,2.8032,4.0319,7.0952,1
63.631,-70,-16,55,-3.82,51.83,204.8,1458,1478,-0.90,-0.63,2.8032,4.0319,7.0952,1
63.648,-78,-16,55,-4.25,51.83,204.8,1456,1478,-0.90,-0.63,2.8032,4.0319,7.0952,1
63.665,-86,-16,55,-4.69,51.83,204.8,1454,1478,-0.90,-0.63,2.8032,4.0319,7.0952,1
63.682,-94,-16,55,-5.13,51.83,204.8,1453,1478,-0.90,-0.63,3.2124,4.4977,7.0480,1
63.699,-102,-16,55,-5.56,51.83,204.8,1452,1478,-0.90,-0.63,3.2124,4.4977,7.0480,1
63.717,-110,-16,55,-6.00,51.83,204.8,1451,1478,-0.90,-0.63,3.2124,4.4977,7.0480,1
63.734,-119,-15,56,-6.38,50.91,204.4,1448,1478,-0.90,-0.63,3.2124,4.4977,7.0480,1
63.753,-127,-15,56,-6.80,50.91,204.4,1449,1478,-0.90,-0.63,3.2124,4.4977,7.0480,1
63.770,-143,-15,56,-7.66,50.91,204.4,1440,1478,-0.90,-0.63,3.2124,4.4977,7.0480,1
63.787,-151,-15,56,-8.09,50.91,204.4,1440,1478,-0.90,-0.63,3.2124,4.4977,7.0480,1
63.804,-158,-15,56,-8.46,50.91,204.4,1441,1478,-0.90,-0.63,3.2124,4.4977,7.0480,1
63.821,-166,-14,57,-8.74,50.02,204.0,1441,1500,-0.90,-0.63,3.2124,4.4977,7.0480,1
63.838,-173,-14,57,-9.11,50.02,204.0,1442,1478,-0.90,-0.63,3.2124,4.4977,7.0480,1
63.855,-180,-14,57,-9.47,50.02,204.0,1443,1478,-0.90,-0.63,3.2124,4.4977,7.0480,1
63.872,-187,-14,57,-9.84,50.02,204.0,1442,1478,-3.07,-0.86,3.2124,4.4977,7.0480,1
63.889,-193,-14,57,-10.16,50.02,204.0,1444,1478,-3.07,-0.86,3.2124,4.4977,7.0480,1
63.906,-199,-13,58,-10.29,49.15,203.7,1444,1500,-3.07,-0.86,3.2124,4.4977,7.0480,1
63.923,-206,-13,58,-10.66,49.15,203.7,1402,1478,-3.07,-0.86,3.2124,4.4977,7.0480,0
63.939,-212,-13,58,-10.97,49.15,203.7,1403,1478,-3.07,-0.86,3.2124,3.2504,8.1409,0
63.956,-217,-13,58,-11.22,49.15,203.7,1406,1478,-3.07,-0.86,3.2124,3.2504,8.1409,0
63.973,-223,-13,58,-11.53,49.15,203.7,1403,1478,-3.07,-0.86,3.2124,3.2504,8.1409,0
63.990,-228,-13,58,-11.79,49.15,203.7,1405,1478,-3.07,-0.86,3.2124,3.2504,8.1409,0
64.007,-234,-12,59,-11.90,48.32,203.3,1402,1500,-3.07,-0.86,3.2124,3.2504,8.1409,0
64.024,-239,-12,59,-12.15,48.32,203.3,1403,1478,-3.07,-0.86,3.2124,3.2504,8.1409,0
64.041,-244,-12,59,-12.41,48.32,203.3,1403,1478,-3.07,-0.86,3.2124,3.2504,8.1409,0
64.058,-249,-12,59,-12.66,48.32,203.3,1402,1478,-3.07,-0.86,3.2124,3.2504,8.1409,0
64.075,-253,-12,59,-12.86,48.32,203.3,1405,1478,-3.07,-0.86,3.2124,3.2504,8.1409,0
64.092,-257,-11,60,-12.85,47.52,203.0,1406,1500,-3.07,-0.86,3.2124,3.2504,8.1409,0
64.109,-260,-11,60,-13.00,47.52,203.0,1410,1478,-3.07,-0.86,3.2124,3.2504,8.1409,0
64.126,-263,-11,60,-13.15,47.52,203.0,1411,1478,-4.96,-1.27,3.2124,3.2504,8.1409,0
64.143,-265,-11,60,-13.25,47.52,203.0,1415,1478,-4.96,-1.27,3.2124,3.2504,8.1409,0
64.160,-267,-10,61,-13.13,46.74,202.6,1417,1500,-4.96,-1.27,3.2124,3.2504,8.1409,0
64.177,-269,-10,61,-13.23,46.74,202.6,1418,1478,-4.96,-1.27,3.2124,3.2504,8.1409,0
64.195,-270,-10,61,-13.28,46.74,202.6,1422,1478,-4.96,-1.27,3.5527,3.3925,7.5942,0
64.212,-270,-10,61,-13.28,46.74,202.6,1427,1478,-4.96,-1.27,3.5527,3.3925,7.5942,0
64.229,-271,-10,61,-13.33,46.74,202.6,1426,1478,-4.96,-1.27,3.5527,3.3925,7.5942,0
64.246,-270,-10,61,-13.28,46.74,202.6,1433,1478,-4.96,-1.27,3.5527,3.3925,7.5942,0
64.263,-270,-10,61,-13.28,46.74,202.6,1433,1478,-4.96,-1.27,3.5527,3.3925,7.5942,0
64.280,-269,-10,61,-13.23,46.74,202.6,1437,1478,-4.96,-1.27,3.5527,3.3925,7.5942,0
64.297,-268,-9,62,-12.97,45.98,202.3,1439,1500,-4.96,-1.27,3.5527,3.3925,7.5942,0
64.314,-267,-9,62,-12.92,45.98,202.3,1440,1478,-4.96,-1.27,3.5527,3.3925,7.5942,0
64.331,-266,-9,62,-12.87,45.98,202.3,1441,1478,-4.96,-1.27,3.5527,3.3925,7.5942,0
64.348,-264,-9,62,-12.77,45.98,202.3,1445,1478,-4.96,-1.27,3.5527,3.3925,7.5942,0
64.365,-260,-9,62,-12.58,45.98,202.3,1455,1478,-4.96,-1.27,3.5527,3.3925,7.5942,0
64.383,-257,-10,61,-12.64,46.74,202.6,1456,1478,-4.33,-1.14,3.5527,3.3925,7.5942,0
64.400,-255,-9,62,-12.34,45.98,202.3,1453,1478,-4.33,-1.14,3.5527,3.3925,7.5942,0
64.417,-251,-9,62,-12.15,45.98,202.3,1460,1478,-4.33,-1.14,3.5527,3.3925,7.5942,0
64.434,-247,-9,62,-11.95,45.98,202.3,1464,1478,-4.33,-1.14,2.6677,4.1385,8.1865,0
64.452,-243,-9,62,-11.76,45.98,202.3,1466,1478,-4.33,-1.14,2.6677,4.1385,8.1865,0
64.470,-233,-8,63,-11.10,45.25,201.9,1478,1500,-4.33,-1.14,2.6677,4.1385,8.1865,0
64.487,-227,-8,63,-10.81,45.25,201.9,1478,1478,-4.33,-1.14,2.6677,4.1385,8.1865,0
64.504,-221,-8,63,-10.52,45.25,201.9,1478,1478,-4.33,-1.14,2.6677,4.1385,8.1865,0
64.521,-214,-8,63,-10.19,45.25,201.9,1478,1478,-4.33,-1.14,2.6677,4.1385,8.1865,0
64.538,-208,-8,63,-9.90,45.25,201.9,1478,1478,-4.33,-1.14,2.6677,4.1385,8.1865,0
64.555,-204,-7,64,-9.56,44.55,201.6,1478,1500,-4.33,-1.14,2.6677,4.1385,8.1865,0
64.572,-196,-7,64,-9.19,44.55,201.6,1478,1500,-4.33,-1.14,2.6677,4.1385,8.1865,1
64.589,-190,-7,64,-8.91,44.55,201.6,1478,1500,-4.33,-1.14,2.6677,4.1385,8.1865,1
64.606,-182,-7,64,-8.53,44.55,201.6,1522,1478,-4.33,-1.14,2.6677,4.1385,8.1865,1
64.623,-175,-7,64,-8.20,44.55,201.6,1522,1478,-2.47,-0.80,2.6677,4.1385,8.1865,1
64.640,-175,-7,64,-8.20,44.55,201.6,1478,1478,-2.47,-0.80,2.6677,4.1385,8.1865,1
64.657,-175,-7,64,-8.20,44.55,201.6,1478,1478,-2.47,-0.80,2.6677,4.1385,8.1865,1
64.674,-152,-6,65,-7.02,43.86,201.2,1528,1500,-2.47,-0.80,2.6677,4.1385,8.1865,1
64.691,-144,-5,66,-6.55,43.20,200.9,1522,1522,-2.47,-0.80,1.4322,3.5874,7.6748,1
64.708,-137,-5,66,-6.23,43.20,200.9,1522,1500,-2.47,-0.80,1.4322,3.5874,7.6748,1
64.725,-129,-5,66,-5.86,43.20,200.9,1522,1500,-2.47,-0.80,1.4322,3.5874,7.6748,1
64.742,-122,-5,66,-5.55,43.20,200.9,1522,1500,-2.47,-0.80,1.4322,3.5874,7.6748,1
64.759,-116,-4,67,-5.19,42.55,200.5,1522,1522,-2.47,-0.80,1.4322,3.5874,7.6748,1
64.776,-109,-4,67,-4.88,42.55,200.5,1522,1500,-2.47,-0.80,1.4322,3.5874,7.6748,1
64.793,-103,-4,67,-4.61,42.55,200.5,1522,1500,-2.47,-0.80,1.4322,3.5874,7.6748,1
64.810,-97,-4,67,-4.34,42.55,200.5,1522,1500,-2.47,-0.80,1.4322,3.5874,7.6748,1
64.827,-90,-3,68,-3.97,41.92,200.2,1522,1522,-2.47,-0.80,1.4322,3.5874,7.6748,1
64.844,-84,-3,68,-3.71,41.92,200.2,1522,1500,-2.47,-0.80,1.4322,3.5874,7.6748,1
64.861,-77,-2,69,-3.35,41.32,199.8,1522,1522,-2.47,-0.80,1.4322,3.5874,7.6748,1
64.878,-71,-2,69,-3.09,41.32,199.8,1522,1500,-1.99,-0.56,1.4322,3.5874,7.6748,1
64.895,-65,-2,69,-2.83,41.32,199.8,1522,1500,-1.99,-0.56,1.4322,3.5874,7.6748,1
64.912,-59,-1,70,-2.53,40.73,199.5,1522,1522,-1.99,-0.56,1.4322,3.5874,7.6748,1
64.929,-52,-1,70,-2.23,40.73,199.5,1522,1500,-1.99,-0.56,1.4322,3.5874,7.6748,1
64.946,-46,-2,69,-2.00,41.32,199.8,1522,1478,-1.99,-0.56,1.4142,3.5948,7.0109,1
64.963,-39,-1,70,-1.67,40.73,199.5,1522,1500,-1.99,-0.56,1.4142,3.5948,7.0109,1
64.980,-33,0,71,-1.39,40.15,199.1,1522,1522,-1.99,-0.56,1.4142,3.5948,7.0109,1
64.998,-26,1,72,-1.08,39.60,198.8,1523,1522,-1.99,-0.56,1.4142,3.5948,7.0109,1
65.017,-19,1,72,-0.79,39.60,198.8,1523,1522,-1.99,-0.56,1.4142,3.5948,7.0109,1
65.034,-6,1,72,-0.25,39.60,198.8,1539,1500,-1.99,-0.56,1.4142,3.5948,7.0109,1
65.051,1,1,72,0.04,39.60,198.8,1534,1500,-1.99,-0.56,1.4142,3.5948,7.0109,1
65.069,9,1,72,0.38,39.60,198.8,1535,1500,-1.99,-0.56,1.4142,3.5948,7.0109,1
65.086,16,2,73,0.66,39.05,198.4,1534,1522,-1.99,-0.56,1.4142,3.5948,7.0109,1
65.103,23,2,73,0.95,39.05,198.4,1534,1522,-1.99,-0.56,1.4142,3.5948,7.0109,1
65.120,31,2,73,1.27,39.05,198.4,1536,1500,-1.99,-0.56,1.4142,3.5948,7.0109,1
65.137,39,2,73,1.60,39.05,198.4,1538,1500,-1.72,0.11,1.4142,3.5948,7.0109,1
65.154,47,3,74,1.91,38.53,198.1,1540,1522,-1.72,0.11,1.4142,3.5948,7.0109,1
65.171,54,3,74,2.19,38.53,198.1,1539,1522,-1.72,0.11,1.4142,3.5948,7.0109,1
65.188,63,3,74,2.55,38.53,198.1,1543,1500,-1.72,0.11,1.3298,3.3528,7.0343,1
65.205,70,3,74,2.84,38.53,198.1,1542,1500,-1.72,0.11,1.3298,3.3528,7.0343,1
65.222,77,3,74,3.12,38.53,198.1,1542,1500,-1.72,0.11,1.3298,3.3528,7.0343,1
65.239,84,3,74,3.41,38.53,198.1,1542,1500,-1.72,0.11,1.3298,3.3528,7.0343,1
65.256,91,3,74,3.69,38.53,198.1,1543,1500,-1.72,0.11,1.3298,3.3528,7.0343,1
65.273,98,3,74,3.97,38.53,198.1,1544,1500,-1.72,0.11,1.3298,3.3528,7.0343,1
65.290,105,3,74,4.26,38.53,198.1,1545,1500,-1.72,0.11,1.3298,3.3528,7.0343,1
65.307,111,3,74,4.50,38.53,198.1,1543,1500,-1.72,0.11,1.3298,3.3528,7.0343,1
65.324,117,3,74,4.74,38.53,198.1,1543,1500,-1.72,0.11,1.3298,3.3528,7.0343,1
65.341,124,3,74,5.03,38.53,198.1,1546,1500,-1.72,0.11,1.3298,3.3528,7.0343,1
65.358,129,2,73,5.30,39.05,198.4,1543,1478,-1.72,0.11,1.3298,3.3528,7.0343,1
65.375,136,3,74,5.51,38.53,198.1,1547,1522,-1.03,-0.25,1.3298,3.3528,7.0343,1
65.392,142,2,73,5.84,39.05,198.4,1547,1478,-1.03,-0.25,1.3298,3.3528,7.0343,1
65.409,150,3,74,6.08,38.53,198.1,1552,1522,-1.03,-0.25,1.3298,3.3528,7.0343,1
65.426,156,3,74,6.32,38.53,198.1,1551,1500,-1.03,-0.25,1.3298,3.3528,7.0343,1
65.443,164,3,74,6.65,38.53,198.1,1555,1500,-1.03,-0.25,1.8686,2.6649,8.2278,1
65.460,171,2,73,7.03,39.05,198.4,1555,1478,-1.03,-0.25,1.8686,2.6649,8.2278,1
65.477,179,3,74,7.26,38.53,198.1,1558,1522,-1.03,-0.25,1.8686,2.6649,8.2278,1
65.494,186,3,74,7.54,38.53,198.1,1558,1500,-1.03,-0.25,1.8686,2.6649,8.2278,1
65.511,193,2,73,7.93,39.05,198.4,1558,1478,-1.03,-0.25,1.8686,2.6649,8.2278,1
65.529,200,2,73,8.22,39.05,198.4,1599,1478,-1.03,-0.25,1.8686,2.6649,8.2278,0
65.545,207,2,73,8.51,39.05,198.4,1600,1500,-1.03,-0.25,1.8686,2.6649,8.2278,0
65.563,213,2,73,8.75,39.05,198.4,1599,1500,-1.03,-0.25,1.8686,2.6649,8.2278,0
65.580,220,2,73,9.04,39.05,198.4,1600,1500,-1.03,-0.25,1.8686,2.6649,8.2278,0
65.597,225,2,73,9.25,39.05,198.4,1597,1500,-1.03,-0.25,1.8686,2.6649,8.2278,0
65.616,231,2,73,9.49,39.05,198.4,1597,1500,-1.03,-0.25,1.8686,2.6649,8.2278,0
65.633,237,2,73,9.74,39.05,198.4,1600,1500,0.28,-0.86,1.8686,2.6649,8.2278,0
65.650,247,1,72,10.29,39.60,198.8,1600,1478,0.28,-0.86,1.8686,2.6649,8.2278,0
65.667,253,1,72,10.54,39.60,198.8,1600,1478,0.28,-0.86,1.8686,2.6649,8.2278,0
65.684,258,1,72,10.75,39.60,198.8,1600,1500,0.28,-0.86,3.4456,3.1905,7.9828,0
65.701,264,1,72,11.00,39.60,198.8,1600,1500,0.28,-0.86,3.4456,3.1905,7.9828,0
65.718,269,1,72,11.21,39.60,198.8,1600,1500,0.28,-0.86,3.4456,3.1905,7.9828,0
65.735,273,1,72,11.38,39.60,198.8,1600,1500,0.28,-0.86,3.4456,3.1905,7.9828,0
65.752,278,1,72,11.58,39.60,198.8,1600,1500,0.28,-0.86,3.4456,3.1905,7.9828,0
65.769,0,0,0,0.00,-1.00,0.0,1600,1500,0.28,-0.86,3.4456,3.1905,7.9828,0
65.786,0,0,0,0.00,-1.00,0.0,1600,1500,0.28,-0.86,3.4456,3.1905,7.9828,0
65.803,0,0,0,0.00,-1.00,0.0,1600,1500,0.28,-0.86,3.4456,3.1905,7.9828,0
65.820,0,0,0,0.00,-1.00,0.0,1600,1500,0.28,-0.86,3.4456,3.1905,7.9828,0
65.837,0,0,0,0.00,-1.00,0.0,1600,1500,0.28,-0.86,3.4456,3.1905,7.9828,0
65.854,0,0,0,0.00,-1.00,0.0,1600,1500,0.28,-0.86,3.4456,3.1905,7.9828,0
65.871,0,0,0,0.00,-1.00,0.0,1600,1500,1.89,-1.03,3.4456,3.1905,7.9828,0
65.888,0,0,0,0.00,-1.00,0.0,1600,1500,1.89,-1.03,3.4456,3.1905,7.9828,0
65.905,0,0,0,0.00,-1.00,0.0,1600,1500,1.89,-1.03,3.4456,3.1905,7.9828,0
65.922,0,0,0,0.00,-1.00,0.0,1600,1500,1.89,-1.03,3.4456,3.1905,7.9828,0
65.939,0,0,0,0.00,-1.00,0.0,1600,1500,1.89,-1.03,3.4157,3.0487,7.9283,0
65.956,0,0,0,0.00,-1.00,0.0,1600,1500,1.89,-1.03,3.4157,3.0487,7.9283,0
65.973,0,0,0,0.00,-1.00,0.0,1600,1500,1.89,-1.03,3.4157,3.0487,7.9283,0
65.990,0,0,0,0.00,-1.00,0.0,1600,1500,1.89,-1.03,3.4157,3.0487,7.9283,0
66.007,0,0,0,0.00,-1.00,0.0,1600,1500,1.89,-1.03,3.4157,3.0487,7.9283,0
66.024,0,0,0,0.00,-1.00,0.0,1600,1500,1.89,-1.03,3.4157,3.0487,7.9283,0
66.041,0,0,0,0.00,-1.00,0.0,1600,1500,1.89,-1.03,3.4157,3.0487,7.9283,0
66.058,0,0,0,0.00,-1.00,0.0,1600,1500,1.89,-1.03,3.4157,3.0487,7.9283,0
66.075,0,0,0,0.00,-1.00,0.0,1600,1500,1.89,-1.03,3.4157,3.0487,7.9283,0
66.092,0,0,0,0.00,-1.00,0.0,1600,1500,1.89,-1.03,3.4157,3.0487,7.9283,0
66.108,0,0,0,0.00,-1.00,0.0,1600,1500,1.89,-1.03,3.4157,3.0487,7.9283,0
66.125,0,0,0,0.00,-1.00,0.0,1600,1500,1.72,-1.14,3.4157,3.0487,7.9283,0
66.142,0,0,0,0.00,-1.00,0.0,1600,1500,1.72,-1.14,3.4157,3.0487,7.9283,0
66.160,0,0,0,0.00,-1.00,0.0,1600,1500,1.72,-1.14,3.4157,3.0487,7.9283,0
66.177,0,0,0,0.00,-1.00,0.0,1600,1500,1.72,-1.14,3.4157,3.0487,7.9283,0
66.194,0,0,0,0.00,-1.00,0.0,1600,1500,1.72,-1.14,3.2974,2.9547,8.9066,0
66.211,0,0,0,0.00,-1.00,0.0,1600,1500,1.72,-1.14,3.2974,2.9547,8.9066,0
66.229,0,0,0,0.00,-1.00,0.0,1600,1500,1.72,-1.14,3.2974,2.9547,8.9066,0
66.246,0,0,0,0.00,-1.00,0.0,1600,1500,1.72,-1.14,3.2974,2.9547,8.9066,0
66.263,0,0,0,0.00,-1.00,0.0,1500,1500,1.72,-1.14,3.2974,2.9547,8.9066,0
66.280,0,0,0,0.00,-1.00,0.0,1500,1500,1.72,-1.14,3.2974,2.9547,8.9066,0
66.297,0,0,0,0.00,-1.00,0.0,1500,1500,1.72,-1.14,3.2974,2.9547,8.9066,0
66.315,0,0,0,0.00,-1.00,0.0,1500,1500,1.72,-1.14,3.2974,2.9547,8.9066,0
66.332,0,0,0,0.00,-1.00,0.0,1500,1500,1.72,-1.14,3.2974,2.9547,8.9066,0
66.349,0,0,0,0.00,-1.00,0.0,1500,1500,1.72,-1.14,3.2974,2.9547,8.9066,0
66.366,281,-4,67,12.58,42.55,200.5,1570,1478,1.72,-1.14,3.2974,2.9547,8.9066,0
66.383,276,-5,66,12.55,43.20,200.9,1551,1478,0.87,-0.88,3.2974,2.9547,8.9066,0
66.400,269,-5,66,12.23,43.20,200.9,1534,1478,0.87,-0.88,3.2974,2.9547,8.9066,0
66.417,263,-4,67,11.78,42.55,200.5,1528,1522,0.87,-0.88,3.2974,2.9547,8.9066,0
66.434,256,-5,66,11.64,43.20,200.9,1522,1478,0.87,-0.88,2.4073,2.9434,8.9950,0
66.451,250,-4,67,11.19,42.55,200.5,1522,1522,0.87,-0.88,2.4073,2.9434,8.9950,0
66.468,244,-5,66,11.09,43.20,200.9,1522,1478,0.87,-0.88,2.4073,2.9434,8.9950,0
66.485,237,-5,66,10.77,43.20,200.9,1522,1478,0.87,-0.88,2.4073,2.9434,8.9950,0
66.502,229,-5,66,10.41,43.20,200.9,1522,1478,0.87,-0.88,2.4073,2.9434,8.9950,0
66.519,222,-5,66,10.09,43.20,200.9,1522,1478,0.87,-0.88,2.4073,2.9434,8.9950,0
66.536,214,-5,66,9.73,43.20,200.9,1500,1478,0.87,-0.88,2.4073,2.9434,8.9950,0
66.553,206,-5,66,9.36,43.20,200.9,1478,1478,0.87,-0.88,2.4073,2.9434,8.9950,0
66.570,198,-5,66,9.00,43.20,200.9,1478,1500,0.87,-0.88,2.4073,2.9434,8.9950,1
66.587,190,-5,66,8.64,43.20,200.9,1478,1500,0.87,-0.88,2.4073,2.9434,8.9950,1
66.604,182,-6,65,8.40,43.86,201.2,1478,1478,0.87,-0.88,2.4073,2.9434,8.9950,1
66.621,174,-6,65,8.03,43.86,201.2,1478,1478,-0.58,-1.08,2.4073,2.9434,8.9950,1
66.638,166,-7,64,7.78,44.55,201.6,1478,1478,-0.58,-1.08,2.4073,2.9434,8.9950,1
66.655,159,-6,65,7.34,43.86,201.2,1478,1500,-0.58,-1.08,2.4073,2.9434,8.9950,1
66.672,152,-6,65,7.02,43.86,201.2,1478,1500,-0.58,-1.08,2.4073,2.9434,8.9950,1
66.689,145,-7,64,6.80,44.55,201.6,1478,1478,-0.58,-1.08,1.7436,2.9226,8.9585,1
66.706,138,-7,64,6.47,44.55,201.6,1478,1478,-0.58,-1.08,1.7436,2.9226,8.9585,1
66.723,132,-7,64,6.19,44.55,201.6,1478,1478,-0.58,-1.08,1.7436,2.9226,8.9585,1
66.740,126,-7,64,5.91,44.55,201.6,1478,1478,-0.58,-1.08,1.7436,2.9226,8.9585,1
66.757,120,-6,65,5.54,43.86,201.2,1478,1500,-0.58,-1.08,1.7436,2.9226,8.9585,1
66.773,115,-7,64,5.39,44.55,201.6,1478,1478,-0.58,-1.08,1.7436,2.9226,8.9585,1
66.790,111,-7,64,5.20,44.55,201.6,1478,1478,-0.58,-1.08,1.7436,2.9226,8.9585,1
66.807,107,-8,63,5.10,45.25,201.9,1478,1478,-0.58,-1.08,1.7436,2.9226,8.9585,1
66.824,102,-8,63,4.86,45.25,201.9,1478,1478,-0.58,-1.08,1.7436,2.9226,8.9585,1
66.841,99,-7,64,4.64,44.55,201.6,1478,1500,-0.58,-1.08,1.7436,2.9226,8.9585,1
66.858,96,-8,63,4.57,45.25,201.9,1500,1478,-0.58,-1.08,1.7436,2.9226,8.9585,1
66.875,92,-7,64,4.31,44.55,201.6,1478,1500,-1.81,-0.70,1.7436,2.9226,8.9585,1
66.892,89,-7,64,4.17,44.55,201.6,1500,1500,-1.81,-0.70,1.7436,2.9226,8.9585,1
66.909,86,-8,63,4.10,45.25,201.9,1500,1478,-1.81,-0.70,1.7436,2.9226,8.9585,1
66.926,83,-8,63,3.95,45.25,201.9,1500,1478,-1.81,-0.70,1.7898,3.0789,8.5492,1
66.943,81,-7,64,3.80,44.55,201.6,1522,1500,-1.81,-0.70,1.7898,3.0789,8.5492,1
66.960,78,-7,64,3.66,44.55,201.6,1500,1500,-1.81,-0.70,1.7898,3.0789,8.5492,1
66.977,76,-8,63,3.62,45.25,201.9,1522,1478,-1.81,-0.70,1.7898,3.0789,8.5492,1
66.994,74,-8,63,3.52,45.25,201.9,1522,1478,-1.81,-0.70,1.7898,3.0789,8.5492,1
67.012,72,-7,64,3.38,44.55,201.6,1522,1500,-1.81,-0.70,1.7898,3.0789,8.5492,1
67.029,70,-7,64,3.28,44.55,201.6,1522,1500,-1.81,-0.70,1.7898,3.0789,8.5492,1
67.046,69,-7,64,3.23,44.55,201.6,1522,1500,-1.81,-0.70,1.7898,3.0789,8.5492,1
67.063,67,-8,63,3.19,45.25,201.9,1522,1478,-1.81,-0.70,1.7898,3.0789,8.5492,1
67.080,66,-8,63,3.14,45.25,201.9,1522,1478,-1.81,-0.70,1.7898,3.0789,8.5492,1
67.097,65,-8,63,3.10,45.25,201.9,1522,1478,-1.81,-0.70,1.7898,3.0789,8.5492,1
67.115,64,-8,63,3.05,45.25,201.9,1522,1478,-1.74,-0.39,1.7898,3.0789,8.5492,1
67.132,62,-8,63,2.95,45.25,201.9,1522,1478,-1.74,-0.39,1.7898,3.0789,8.5492,1
67.150,60,-8,63,2.86,45.25,201.9,1522,1478,-1.74,-0.39,1.7898,3.0789,8.5492,1
67.167,59,-8,63,2.81,45.25,201.9,1522,1478,-1.74,-0.39,1.7898,3.0789,8.5492,1
67.184,57,-8,63,2.71,45.25,201.9,1522,1478,-1.74,-0.39,1.7314,2.9954,9.2552,1
67.201,56,-8,63,2.67,45.25,201.9,1522,1478,-1.74,-0.39,1.7314,2.9954,9.2552,1
67.218,55,-9,62,2.66,45.98,202.3,1522,1478,-1.74,-0.39,1.7314,2.9954,9.2552,1
67.235,54,-9,62,2.61,45.98,202.3,1522,1478,-1.74,-0.39,1.7314,2.9954,9.2552,1
67.252,52,-10,61,2.56,46.74,202.6,1522,1478,-1.74,-0.39,1.7314,2.9954,9.2552,1
67.269,50,-9,62,2.42,45.98,202.3,1500,1500,-1.74,-0.39,1.7314,2.9954,9.2552,1
67.286,48,-10,61,2.36,46.74,202.6,1500,1478,-1.74,-0.39,1.7314,2.9954,9.2552,1
67.303,46,-10,61,2.26,46.74,202.6,1478,1478,-1.74,-0.39,1.7314,2.9954,9.2552,1
67.320,44,-10,61,2.16,46.74,202.6,1478,1478,-1.74,-0.39,1.7314,2.9954,9.2552,1
67.337,42,-11,60,2.10,47.52,203.0,1478,1478,-1.74,-0.39,1.7314,2.9954,9.2552,1
67.354,40,-11,60,2.00,47.52,203.0,1478,1478,-1.74,-0.39,1.7314,2.9954,9.2552,1
67.371,38,-11,60,1.90,47.52,203.0,1478,1478,-1.14,-0.94,1.7314,2.9954,9.2552,1
67.388,36,-11,60,1.80,47.52,203.0,1478,1478,-1.14,-0.94,1.7314,2.9954,9.2552,1
67.405,34,-11,60,1.70,47.52,203.0,1478,1478,-1.14,-0.94,1.7314,2.9954,9.2552,1
67.422,32,-11,60,1.60,47.52,203.0,1478,1478,-1.14,-0.94,1.7314,2.9954,9.2552,1
67.439,30,-11,60,1.50,47.52,203.0,1478,1478,-1.14,-0.94,1.6827,3.7025,9.1162,1
67.456,29,-11,60,1.45,47.52,203.0,1478,1478,-1.14,-0.94,1.6827,3.7025,9.1162,1
67.473,27,-11,60,1.35,47.52,203.0,1478,1478,-1.14,-0.94,1.6827,3.7025,9.1162,1
67.489,26,-12,59,1.32,48.32,203.3,1478,1478,-1.14,-0.94,1.6827,3.7025,9.1162,1
67.506,25,-12,59,1.27,48.32,203.3,1478,1478,-1.14,-0.94,1.6827,3.7025,9.1162,1
67.523,24,-12,59,1.22,48.32,203.3,1500,1478,-1.14,-0.94,1.6827,3.7025,9.1162,1
67.540,23,-12,59,1.17,48.32,203.3,1500,1478,-1.14,-0.94,1.6827,3.7025,9.1162,1
67.557,21,-12,59,1.07,48.32,203.3,1478,1478,-1.14,-0.94,1.6827,3.7025,9.1162,1
67.574,19,-12,59,0.97,48.32,203.3,1478,1478,-1.14,-0.94,1.6827,3.7025,9.1162,1
67.591,18,-12,59,0.92,48.32,203.3,1478,1478,-1.14,-0.94,1.6827,3.7025,9.1162,1
67.608,16,-13,58,0.83,49.15,203.7,1478,1478,-1.14,-0.94,1.6827,3.7025,9.1162,1
67.625,14,-13,58,0.72,49.15,203.7,1478,1478,-0.49,-1.22,1.6827,3.7025,9.1162,1
67.642,12,-13,58,0.62,49.15,203.7,1478,1478,-0.49,-1.22,1.6827,3.7025,9.1162,1
67.660,11,-13,58,0.57,49.15,203.7,1478,1478,-0.49,-1.22,1.6827,3.7025,9.1162,1
67.677,9,-13,58,0.47,49.15,203.7,1478,1478,-0.49,-1.22,1.6827,3.7025,9.1162,1
67.694,7,-13,58,0.36,49.15,203.7,1478,1478,-0.49,-1.22,1.5162,2.9433,8.2707,1
67.711,6,-13,58,0.31,49.15,203.7,1478,1478,-0.49,-1.22,1.5162,2.9433,8.2707,1
67.728,4,-14,57,0.21,50.02,204.0,1478,1478,-0.49,-1.22,1.5162,2.9433,8.2707,1
67.745,2,-14,57,0.11,50.02,204.0,1478,1478,-0.49,-1.22,1.5162,2.9433,8.2707,1
67.763,0,-14,57,0.00,50.02,204.0,1478,1478,-0.49,-1.22,1.5162,2.9433,8.2707,1
67.780,-2,-14,57,-0.11,50.02,204.0,1478,1478,-0.49,-1.22,1.5162,2.9433,8.2707,1
67.799,-6,-15,56,-0.32,50.91,204.4,1478,1478,-0.49,-1.22,1.5162,2.9433,8.2707,1
67.816,-9,-16,55,-0.49,51.83,204.8,1478,1478,-0.49,-1.22,1.5162,2.9433,8.2707,1
67.833,-12,-16,55,-0.65,51.83,204.8,1478,1478,-0.49,-1.22,1.5162,2.9433,8.2707,1
67.850,-15,-16,55,-0.82,51.83,204.8,1478,1478,-0.49,-1.22,1.5162,2.9433,8.2707,1
67.867,-18,-16,55,-0.98,51.83,204.8,1478,1478,-0.49,-1.22,1.5162,2.9433,8.2707,1
67.884,-21,-17,54,-1.17,52.79,205.1,1478,1478,-0.14,-1.82,1.5162,2.9433,8.2707,1
67.901,-24,-17,54,-1.33,52.79,205.1,1478,1478,-0.14,-1.82,1.5162,2.9433,8.2707,1
67.918,-27,-17,54,-1.50,52.79,205.1,1478,1478,-0.14,-1.82,1.5162,2.9433,8.2707,1
67.935,-30,-18,53,-1.70,53.79,205.4,1478,1478,-0.14,-1.82,2.2940,2.9576,8.2558,1
67.952,-33,-18,53,-1.87,53.79,205.4,1478,1478,-0.14,-1.82,2.2940,2.9576,8.2558,1
67.969,-37,-18,53,-2.09,53.79,205.4,1478,1478,-0.14,-1.82,2.2940,2.9576,8.2558,1
67.986,-41,-18,53,-2.32,53.79,205.4,1478,1478,-0.14,-1.82,2.2940,2.9576,8.2558,1
68.003,-45,-18,53,-2.55,53.79,205.4,1478,1478,-0.14,-1.82,2.2940,2.9576,8.2558,1
68.020,-49,-18,53,-2.77,53.79,205.4,1476,1478,-0.14,-1.82,2.2940,2.9576,8.2558,1
68.037,-53,-18,53,-3.00,53.79,205.4,1476,1478,-0.14,-1.82,2.2940,2.9576,8.2558,1
68.054,-57,-18,53,-3.23,53.79,205.4,1475,1478,-0.14,-1.82,2.2940,2.9576,8.2558,1
68.071,-60,-18,53,-3.40,53.79,205.4,1477,1478,-0.14,-1.82,2.2940,2.9576,8.2558,1
68.088,-64,-18,53,-3.62,53.79,205.4,1475,1478,-0.14,-1.82,2.2940,2.9576,8.2558,1
68.105,-67,-18,53,-3.79,53.79,205.4,1476,1478,-0.14,-1.82,2.2940,2.9576,8.2558,1
68.122,-70,-19,52,-4.04,54.83,205.8,1477,1478,-0.32,-2.26,2.2940,2.9576,8.2558,1
68.139,-73,-19,52,-4.21,54.83,205.8,1476,1478,-0.32,-2.26,2.2940,2.9576,8.2558,1
68.156,-76,-19,52,-4.38,54.83,205.8,1476,1478,-0.32,-2.26,2.2940,2.9576,8.2558,1
68.173,-80,-19,52,-4.62,54.83,205.8,1474,1478,-0.32,-2.26,2.2940,2.9576,8.2558,1
68.190,-83,-19,52,-4.79,54.83,205.8,1475,1478,-0.32,-2.26,2.4717,5.0277,8.1173,1
68.207,-87,-19,52,-5.02,54.83,205.8,1472,1478,-0.32,-2.26,2.4717,5.0277,8.1173,1
68.224,-91,-19,52,-5.25,54.83,205.8,1471,1478,-0.32,-2.26,2.4717,5.0277,8.1173,1
68.241,-95,-19,52,-5.48,54.83,205.8,1470,1478,-0.32,-2.26,2.4717,5.0277,8.1173,1
68.258,-99,-19,52,-5.71,54.83,205.8,1469,1478,-0.32,-2.26,2.4717,5.0277,8.1173,1
68.275,-103,-19,52,-5.94,54.83,205.8,1469,1478,-0.32,-2.26,2.4717,5.0277,8.1173,1
68.292,-106,-19,52,-6.12,54.83,205.8,1470,1478,-0.32,-2.26,2.4717,5.0277,8.1173,1
68.309,-109,-19,52,-6.29,54.83,205.8,1470,1478,-0.32,-2.26,2.4717,5.0277,8.1173,1
68.326,-111,-19,52,-6.40,54.83,205.8,1473,1478,-0.32,-2.26,2.4717,5.0277,8.1173,1
68.343,-113,-19,52,-6.52,54.83,205.8,1474,1478,-0.32,-2.26,2.4717,5.0277,8.1173,1
68.360,-113,-19,52,-6.52,54.83,205.8,1478,1478,-0.32,-2.26,2.4717,5.0277,8.1173,1
68.377,-117,-19,52,-6.75,54.83,205.8,1472,1478,-1.17,-2.01,2.4717,5.0277,8.1173,1
68.397,-121,-19,52,-6.98,54.83,205.8,1470,1478,-1.17,-2.01,2.4717,5.0277,8.1173,1
68.414,-124,-19,52,-7.15,54.83,205.8,1469,1478,-1.17,-2.01,2.4717,5.0277,8.1173,1
68.431,-126,-20,51,-7.41,55.90,206.1,1451,1478,-1.17,-2.01,2.4717,5.0277,8.1173,0
68.448,-129,-19,52,-7.44,54.83,205.8,1470,1478,-1.17,-2.01,2.4717,5.0277,8.1173,1
68.465,-132,-20,51,-7.76,55.90,206.1,1447,1478,-1.17,-2.01,2.4717,5.0277,8.1173,0
68.482,-135,-20,51,-7.94,55.90,206.1,1446,1478,-1.17,-2.01,2.4717,5.0277,8.1173,0
68.499,-138,-19,52,-7.96,54.83,205.8,1467,1478,-1.17,-2.01,2.4717,5.0277,8.1173,1
68.516,-141,-20,51,-8.29,55.90,206.1,1444,1478,-1.17,-2.01,2.4717,5.0277,8.1173,0
68.533,-145,-19,52,-8.37,54.83,205.8,1464,1478,-1.17,-2.01,2.4717,5.0277,8.1173,1
68.550,-148,-19,52,-8.54,54.83,205.8,1465,1478,-1.17,-2.01,2.4717,5.0277,8.1173,1
68.567,-152,-19,52,-8.77,54.83,205.8,1463,1478,-1.17,-2.01,2.4717,5.0277,8.1173,1
68.584,-155,-19,52,-8.94,54.83,205.8,1463,1478,-1.17,-2.01,2.4717,5.0277,8.1173,1
68.601,-159,-19,52,-9.17,54.83,205.8,1461,1478,-1.17,-2.01,2.4717,5.0277,8.1173,1
68.618,-161,-19,52,-9.29,54.83,205.8,1464,1478,-1.89,-1.43,2.4717,5.0277,8.1173,1
68.635,-164,-19,52,-9.46,54.83,205.8,1464,1478,-1.89,-1.43,2.4717,5.0277,8.1173,1
68.652,-165,-19,52,-9.52,54.83,205.8,1467,1478,-1.89,-1.43,2.4717,5.0277,8.1173,1
68.669,-167,-19,52,-9.63,54.83,205.8,1467,1478,-1.89,-1.43,2.4717,5.0277,8.1173,1
68.686,-168,-19,52,-9.69,54.83,205.8,1469,1478,-1.89,-1.43,2.4717,5.0277,8.1173,1
68.703,-169,-19,52,-9.75,54.83,205.8,1470,1478,-1.89,-1.43,2.4717,5.0277,8.1173,1
68.720,-170,-19,52,-9.81,54.83,205.8,1470,1478,-1.89,-1.43,2.4717,5.0277,8.1173,1
68.737,-170,-19,52,-9.81,54.83,205.8,1473,1478,-1.89,-1.43,2.4717,5.0277,8.1173,1
68.754,-170,-19,52,-9.81,54.83,205.8,1474,1478,-1.89,-1.43,2.4717,5.0277,8.1173,1
68.771,-170,-19,52,-9.81,54.83,205.8,1475,1478,-1.89,-1.43,2.4717,5.0277,8.1173,1
68.788,-170,-19,52,-9.81,54.83,205.8,1475,1478,-1.89,-1.43,2.4717,5.0277,8.1173,1
68.805,-170,-19,52,-9.81,54.83,205.8,1475,1478,-1.89,-1.43,2.4717,5.0277,8.1173,1
68.822,-169,-18,53,-9.57,53.79,205.4,1478,1478,-1.89,-1.43,2.4717,5.0277,8.1173,1
68.839,-169,-19,52,-9.75,54.83,205.8,1476,1478,-1.89,-1.43,2.4717,5.0277,8.1173,1
68.856,-168,-18,53,-9.51,53.79,205.4,1478,1478,-1.89,-1.43,2.4717,5.0277,8.1173,1
68.873,-167,-18,53,-9.45,53.79,205.4,1478,1478,-1.89,-1.43,2.4717,5.0277,8.1173,1
68.890,-166,-18,53,-9.40,53.79,205.4,1478,1478,-1.89,-1.43,2.4717,5.0277,8.1173,1
68.907,-165,-18,53,-9.34,53.79,205.4,1478,1478,-1.89,-1.43,2.4717,5.0277,8.1173,1
68.925,-163,-18,53,-9.23,53.79,205.4,1478,1478,-1.89,-1.43,2.5545,3.9503,8.5406,1
68.942,-163,-18,53,-9.23,53.79,205.4,1478,1478,-0.77,-1.77,2.5545,3.9503,8.5406,1
68.959,-161,-18,53,-9.11,53.79,205.4,1478,1478,-0.77,-1.77,2.5545,3.9503,8.5406,1
68.976,-161,-18,53,-9.11,53.79,205.4,1478,1478,-0.77,-1.77,2.5545,3.9503,8.5406,1
68.993,-160,-18,53,-9.06,53.79,205.4,1478,1478,-0.77,-1.77,2.5545,3.9503,8.5406,1
69.011,-160,-18,53,-9.06,53.79,205.4,1478,1478,-0.77,-1.77,2.5545,3.9503,8.5406,1
69.028,-159,-18,53,-9.00,53.79,205.4,1478,1478,-0.77,-1.77,2.5545,3.9503,8.5406,1
69.045,-158,-18,53,-8.94,53.79,205.4,1478,1478,-0.77,-1.77,2.5545,3.9503,8.5406,1
69.062,-158,-18,53,-8.94,53.79,205.4,1478,1478,-0.77,-1.77,2.5545,3.9503,8.5406,1
69.079,-157,-17,54,-8.72,52.79,205.1,1478,1478,-0.77,-1.77,2.5545,3.9503,8.5406,1
69.097,-154,-17,54,-8.56,52.79,205.1,1478,1478,-0.77,-1.77,2.5545,3.9503,8.5406,1
69.114,-154,-17,54,-8.56,52.79,205.1,1478,1478,-0.38,-1.23,2.5545,3.9503,8.5406,1
69.132,-152,-17,54,-8.44,52.79,205.1,1478,1478,-0.38,-1.23,2.5545,3.9503,8.5406,1
69.149,-150,-17,54,-8.33,52.79,205.1,1478,1478,-0.38,-1.23,2.5545,3.9503,8.5406,1
69.166,-148,-17,54,-8.22,52.79,205.1,1478,1478,-0.38,-1.23,2.5545,3.9503,8.5406,1
69.183,-146,-16,55,-7.96,51.83,204.8,1478,1478,-0.38,-1.23,2.5545,3.9503,8.5406,1
69.200,-144,-16,55,-7.85,51.83,204.8,1478,1478,-0.38,-1.23,2.5545,3.9503,8.5406,1
69.217,-142,-16,55,-7.75,51.83,204.8,1478,1478,-0.38,-1.23,2.5545,3.9503,8.5406,1
69.234,-141,-16,55,-7.69,51.83,204.8,1478,1478,-0.38,-1.23,2.5545,3.9503,8.5406,1
69.251,-139,-16,55,-7.58,51.83,204.8,1478,1478,-0.38,-1.23,2.5545,3.9503,8.5406,1
69.267,-137,-16,55,-7.47,51.83,204.8,1478,1478,-0.38,-1.23,2.5545,3.9503,8.5406,1
69.284,-136,-16,55,-7.42,51.83,204.8,1478,1478,-0.38,-1.23,2.5545,3.9503,8.5406,1
69.302,-134,-16,55,-7.31,51.83,204.8,1478,1478,-0.38,-1.23,2.5545,3.9503,8.5406,1
69.319,-132,-16,55,-7.20,51.83,204.8,1478,1478,-0.38,-1.23,2.5545,3.9503,8.5406,1
69.336,-130,-16,55,-7.09,51.83,204.8,1478,1478,-0.38,-1.23,2.5545,3.9503,8.5406,1
69.353,-128,-16,55,-6.98,51.83,204.8,1478,1478,-0.38,-1.23,2.5545,3.9503,8.5406,1
69.370,-126,-15,56,-6.75,50.91,204.4,1478,1500,-0.38,-1.23,2.5545,3.9503,8.5406,1
69.387,-124,-15,56,-6.64,50.91,204.4,1478,1478,-0.38,-1.23,2.5545,3.9503,8.5406,1
69.404,-123,-15,56,-6.59,50.91,204.4,1478,1478,-0.38,-1.23,2.5545,3.9503,8.5406,1
69.421,-121,-16,55,-6.60,51.83,204.8,1478,1478,-0.38,-1.23,2.5723,3.4616,7.1171,1
69.438,-120,-15,56,-6.43,50.91,204.4,1478,1478,-0.05,-0.72,2.5723,3.4616,7.1171,1
69.455,-120,-15,56,-6.43,50.91,204.4,1478,1478,-0.05,-0.72,2.5723,3.4616,7.1171,1
69.471,-119,-15,56,-6.38,50.91,204.4,1478,1478,-0.05,-0.72,2.5723,3.4616,7.1171,1
69.488,-118,-15,56,-6.32,50.91,204.4,1478,1478,-0.05,-0.72,2.5723,3.4616,7.1171,1
69.505,-118,-15,56,-6.32,50.91,204.4,1478,1478,-0.05,-0.72,2.5723,3.4616,7.1171,1
69.522,-118,-15,56,-6.32,50.91,204.4,1478,1478,-0.05,-0.72,2.5723,3.4616,7.1171,1
69.539,-118,-15,56,-6.32,50.91,204.4,1478,1478,-0.05,-0.72,2.5723,3.4616,7.1171,1
69.556,-118,-15,56,-6.32,50.91,204.4,1478,1478,-0.05,-0.72,2.5723,3.4616,7.1171,1
69.574,-119,-15,56,-6.38,50.91,204.4,1478,1478,-0.05,-0.72,2.5723,3.4616,7.1171,1
69.591,-120,-15,56,-6.43,50.91,204.4,1478,1478,-0.05,-0.72,2.5723,3.4616,7.1171,1
69.608,-121,-15,56,-6.48,50.91,204.4,1478,1478,-0.05,-0.72,2.5723,3.4616,7.1171,1
69.625,-122,-15,56,-6.54,50.91,204.4,1478,1478,0.45,-0.96,2.5723,3.4616,7.1171,1
69.642,-124,-14,57,-6.53,50.02,204.0,1476,1500,0.45,-0.96,2.5723,3.4616,7.1171,1
69.660,-126,-15,56,-6.75,50.91,204.4,1475,1478,0.45,-0.96,2.5723,3.4616,7.1171,1
69.677,-129,-14,57,-6.79,50.02,204.0,1472,1478,0.45,-0.96,2.5723,3.4616,7.1171,1
69.694,-132,-15,56,-7.07,50.91,204.4,1470,1478,0.45,-0.96,2.5723,3.4616,7.1171,1
69.711,-135,-14,57,-7.11,50.02,204.0,1469,1478,0.45,-0.96,2.5723,3.4616,7.1171,1
69.731,-141,-15,56,-7.55,50.91,204.4,1463,1478,0.45,-0.96,2.5723,3.4616,7.1171,1
69.749,-144,-14,57,-7.58,50.02,204.0,1464,1478,0.45,-0.96,2.5723,3.4616,7.1171,1
69.766,-147,-14,57,-7.74,50.02,204.0,1465,1478,0.45,-0.96,2.5723,3.4616,7.1171,1
69.783,-151,-15,56,-8.09,50.91,204.4,1463,1478,0.45,-0.96,2.5723,3.4616,7.1171,1
69.800,-151,-15,56,-8.09,50.91,204.4,1470,1478,0.45,-0.96,2.5723,3.4616,7.1171,1
69.817,-151,-15,56,-8.09,50.91,204.4,1474,1478,0.45,-0.96,2.5723,3.4616,7.1171,1
69.834,-158,-14,57,-8.32,50.02,204.0,1460,1500,0.45,-0.96,2.5723,3.4616,7.1171,1
69.851,-165,-14,57,-8.68,50.02,204.0,1453,1478,0.45,-0.96,2.5723,3.4616,7.1171,1
69.868,-169,-14,57,-8.89,50.02,204.0,1455,1478,0.45,-0.96,2.5723,3.4616,7.1171,1
69.885,-173,-15,56,-9.27,50.91,204.4,1456,1478,0.45,-0.96,2.5723,3.4616,7.1171,1
69.902,-177,-14,57,-9.32,50.02,204.0,1457,1478,0.45,-0.96,2.5723,3.4616,7.1171,1
69.919,-181,-14,57,-9.53,50.02,204.0,1456,1478,0.45,-0.96,2.9143,3.9330,7.3049,1
69.936,-186,-14,57,-9.79,50.02,204.0,1454,1478,-0.31,-1.43,2.9143,3.9330,7.3049,1
69.953,-189,-14,57,-9.95,50.02,204.0,1456,1478,-0.31,-1.43,2.9143,3.9330,7.3049,1
69.970,-194,-14,57,-10.21,50.02,204.0,1453,1478,-0.31,-1.43,2.9143,3.9330,7.3049,1
69.987,-197,-14,57,-10.37,50.02,204.0,1455,1478,-0.31,-1.43,2.9143,3.9330,7.3049,1
70.004,-200,-15,56,-10.71,50.91,204.4,1457,1478,-0.31,-1.43,2.9143,3.9330,7.3049,1
70.021,-204,-14,57,-10.74,50.02,204.0,1454,1478,-0.31,-1.43,2.9143,3.9330,7.3049,1
70.038,-206,-14,57,-10.84,50.02,204.0,1429,1478,-0.31,-1.43,2.9143,3.9330,7.3049,0
70.055,-209,-14,57,-11.00,50.02,204.0,1428,1478,-0.31,-1.43,2.9143,3.9330,7.3049,0
70.072,-212,-15,56,-11.36,50.91,204.4,1426,1478,-0.31,-1.43,2.9143,3.9330,7.3049,0
70.089,-215,-14,57,-11.32,50.02,204.0,1426,1478,-0.31,-1.43,2.9143,3.9330,7.3049,0
70.106,-217,-14,57,-11.42,50.02,204.0,1429,1478,-0.31,-1.43,2.9143,3.9330,7.3049,0
70.123,-220,-14,57,-11.58,50.02,204.0,1426,1478,-2.12,-2.04,2.9143,3.9330,7.3049,0
70.140,-222,-14,57,-11.68,50.02,204.0,1428,1478,-2.12,-2.04,2.9143,3.9330,7.3049,0
70.157,-225,-14,57,-11.84,50.02,204.0,1426,1478,-2.12,-2.04,2.9143,3.9330,7.3049,0
70.174,-228,-14,57,-12.00,50.02,204.0,1424,1478,-2.12,-2.04,2.9143,3.9330,7.3049,0
70.192,-231,-14,57,-12.16,50.02,204.0,1422,1478,-2.12,-2.04,2.9143,3.9330,7.3049,0
70.209,-233,-14,57,-12.26,50.02,204.0,1425,1478,-2.12,-2.04,2.9143,3.9330,7.3049,0
70.226,-236,-14,57,-12.42,50.02,204.0,1422,1478,-2.12,-2.04,2.9143,3.9330,7.3049,0
70.245,-242,-14,57,-12.74,50.02,204.0,1412,1478,-2.12,-2.04,2.9143,3.9330,7.3049,0
70.262,-244,-14,57,-12.84,50.02,204.0,1418,1478,-2.12,-2.04,2.9143,3.9330,7.3049,0
70.280,-247,-14,57,-13.00,50.02,204.0,1418,1478,-2.12,-2.04,2.9143,3.9330,7.3049,0
70.297,-249,-14,57,-13.11,50.02,204.0,1421,1478,-2.12,-2.04,2.9143,3.9330,7.3049,0
70.314,-251,-14,57,-13.21,50.02,204.0,1422,1478,-2.12,-2.04,2.9143,3.9330,7.3049,0
70.330,-252,-14,57,-13.26,50.02,204.0,1426,1478,-2.12,-2.04,2.9143,3.9330,7.3049,0
70.347,-253,-13,58,-13.09,49.15,203.7,1428,1478,-2.12,-2.04,2.9143,3.9330,7.3049,0
70.364,-253,-13,58,-13.09,49.15,203.7,1433,1478,-2.12,-2.04,2.9143,3.9330,7.3049,0
70.381,-252,-13,58,-13.03,49.15,203.7,1439,1478,-2.12,-2.04,2.9143,3.9330,7.3049,0
70.398,-251,-13,58,-12.98,49.15,203.7,1442,1478,-2.12,-2.04,2.9143,3.9330,7.3049,0
70.415,-250,-13,58,-12.93,49.15,203.7,1444,1478,-2.12,-2.04,3.0945,2.9102,8.0351,0
70.432,-250,-13,58,-12.93,49.15,203.7,1441,1478,-3.80,-2.17,3.0945,2.9102,8.0351,0
70.449,-249,-13,58,-12.88,49.15,203.7,1443,1478,-3.80,-2.17,3.0945,2.9102,8.0351,0
70.466,-248,-13,58,-12.83,49.15,203.7,1444,1478,-3.80,-2.17,3.0945,2.9102,8.0351,0
70.483,-246,-13,58,-12.72,49.15,203.7,1449,1478,-3.80,-2.17,3.0945,2.9102,8.0351,0
70.500,-244,-13,58,-12.62,49.15,203.7,1452,1478,-3.80,-2.17,3.0945,2.9102,8.0351,0
70.517,-243,-13,58,-12.57,49.15,203.7,1449,1478,-3.80,-2.17,3.0945,2.9102,8.0351,0
70.534,-241,-13,58,-12.47,49.15,203.7,1452,1478,-3.80,-2.17,3.0945,2.9102,8.0351,0
70.551,-240,-12,59,-12.20,48.32,203.3,1450,1500,-3.80,-2.17,3.0945,2.9102,8.0351,0
70.568,-238,-12,59,-12.10,48.32,203.3,1453,1478,-3.80,-2.17,3.0945,2.9102,8.0351,0
70.585,-236,-12,59,-12.00,48.32,203.3,1454,1478,-3.80,-2.17,3.0945,2.9102,8.0351,0
70.602,-234,-12,59,-11.90,48.32,203.3,1455,1478,-3.80,-2.17,3.0945,2.9102,8.0351,0
70.619,-232,-12,59,-11.80,48.32,203.3,1456,1478,-2.47,-1.79,3.0945,2.9102,8.0351,0
70.636,-230,-12,59,-11.69,48.32,203.3,1457,1478,-2.47,-1.79,3.0945,2.9102,8.0351,0
70.653,-228,-11,60,-11.40,47.52,203.0,1457,1500,-2.47,-1.79,3.0945,2.9102,8.0351,0
70.670,-225,-11,60,-11.25,47.52,203.0,1462,1478,-2.47,-1.79,3.0945,2.9102,8.0351,0
70.687,-225,-10,61,-11.07,46.74,202.6,1453,1500,-2.47,-1.79,3.0945,2.9102,8.0351,0
70.704,-222,-9,62,-10.74,45.98,202.3,1460,1522,-2.47,-1.79,3.0945,2.9102,8.0351,0
70.721,-220,-9,62,-10.65,45.98,202.3,1460,1500,-2.47,-1.79,3.0945,2.9102,8.0351,0
70.738,-218,-9,62,-10.55,45.98,202.3,1460,1478,-2.47,-1.79,3.0945,2.9102,8.0351,0
70.755,-216,-8,63,-10.29,45.25,201.9,1461,1522,-2.47,-1.79,3.0945,2.9102,8.0351,0
70.772,-213,-8,63,-10.14,45.25,201.9,1465,1500,-2.47,-1.79,3.0945,2.9102,8.0351,0
70.790,-211,-8,63,-10.05,45.25,201.9,1463,1478,-2.47,-1.79,3.0945,2.9102,8.0351,0
70.807,-207,-8,63,-9.86,45.25,201.9,1471,1478,-2.47,-1.79,3.0945,2.9102,8.0351,0
70.824,-204,-8,63,-9.71,45.25,201.9,1471,1478,-2.47,-1.79,3.0945,2.9102,8.0351,0
70.841,-201,-7,64,-9.42,44.55,201.6,1478,1500,-2.47,-1.79,3.0945,2.9102,8.0351,1
70.859,-198,-7,64,-9.28,44.55,201.6,1478,1500,-2.47,-1.79,3.0945,2.9102,8.0351,1
70.877,-194,-6,65,-8.95,43.86,201.2,1478,1522,-2.47,-1.79,3.0945,2.9102,8.0351,1
70.894,-192,-5,66,-8.73,43.20,200.9,1478,1522,-2.47,-1.79,3.0945,2.9102,8.0351,1
70.911,-187,-6,65,-8.63,43.86,201.2,1478,1478,-2.47,-1.79,2.8979,3.0117,7.8471,1
70.928,-183,-5,66,-8.32,43.20,200.9,1478,1500,-2.47,-1.79,2.8979,3.0117,7.8471,1
70.945,-178,-4,67,-7.97,42.55,200.5,1478,1522,-2.24,-0.80,2.8979,3.0117,7.8471,1
70.962,-168,-4,67,-7.52,42.55,200.5,1522,1500,-2.24,-0.80,2.8979,3.0117,7.8471,1
70.979,-164,-3,68,-7.24,41.92,200.2,1500,1522,-2.24,-0.80,2.8979,3.0117,7.8471,1
70.996,-159,-3,68,-7.01,41.92,200.2,1478,1500,-2.24,-0.80,2.8979,3.0117,7.8471,1
71.014,-154,-2,69,-6.70,41.32,199.8,1478,1522,-2.24,-0.80,2.8979,3.0117,7.8471,1
71.030,-150,-2,69,-6.52,41.32,199.8,1478,1500,-2.24,-0.80,2.8979,3.0117,7.8471,1
71.047,-145,-1,70,-6.21,40.73,199.5,1478,1522,-2.24,-0.80,2.8979,3.0117,7.8471,1
71.064,-140,-1,70,-6.00,40.73,199.5,1500,1500,-2.24,-0.80,2.8979,3.0117,7.8471,1
71.081,-138,0,71,-5.83,40.15,199.1,1478,1522,-2.24,-0.80,2.8979,3.0117,7.8471,1
71.098,-132,0,71,-5.58,40.15,199.1,1500,1522,-2.24,-0.80,2.8979,3.0117,7.8471,1
71.115,-129,0,71,-5.45,40.15,199.1,1478,1500,-1.25,-0.20,2.8979,3.0117,7.8471,1
71.132,-125,1,72,-5.21,39.60,198.8,1478,1522,-1.25,-0.20,2.8979,3.0117,7.8471,1
71.149,-121,1,72,-5.04,39.60,198.8,1478,1522,-1.25,-0.20,2.8979,3.0117,7.8471,1
71.166,-117,1,72,-4.88,39.60,198.8,1500,1500,-1.25,-0.20,2.8979,3.0117,7.8471,1
71.183,-114,1,72,-4.75,39.60,198.8,1478,1500,-1.25,-0.20,2.8979,3.0117,7.8471,1
71.200,-110,1,72,-4.58,39.60,198.8,1500,1500,-1.25,-0.20,2.8979,3.0117,7.8471,1
71.217,-106,2,73,-4.36,39.05,198.4,1500,1522,-1.25,-0.20,2.8979,3.0117,7.8471,1
71.234,-102,2,73,-4.19,39.05,198.4,1522,1522,-1.25,-0.20,2.8979,3.0117,7.8471,1
71.251,-98,3,74,-3.97,38.53,198.1,1522,1522,-1.25,-0.20,2.8979,3.0117,7.8471,1
71.268,-94,3,74,-3.81,38.53,198.1,1522,1522,-1.25,-0.20,2.8979,3.0117,7.8471,1
71.285,-91,3,74,-3.69,38.53,198.1,1500,1500,-1.25,-0.20,2.8979,3.0117,7.8471,1
71.302,-86,3,74,-3.49,38.53,198.1,1522,1500,-1.25,-0.20,2.8979,3.0117,7.8471,1
71.319,-82,3,74,-3.32,38.53,198.1,1522,1500,-1.25,-0.20,2.8979,3.0117,7.8471,1
71.336,-77,4,75,-3.08,38.01,197.8,1522,1522,-1.25,-0.20,2.8979,3.0117,7.8471,1
71.353,-73,4,75,-2.92,38.01,197.8,1522,1522,-1.25,-0.20,2.8979,3.0117,7.8471,1
71.370,-68,4,75,-2.72,38.01,197.8,1522,1522,-1.25,-0.20,2.8979,3.0117,7.8471,1
71.387,-64,4,75,-2.56,38.01,197.8,1522,1500,-1.25,-0.20,2.8979,3.0117,7.8471,1
71.404,-59,4,75,-2.36,38.01,197.8,1522,1500,-1.25,-0.20,2.8979,3.0117,7.8471,1
71.421,-55,4,75,-2.20,38.01,197.8,1522,1500,-1.25,-0.20,3.0214,2.5353,8.3430,1
71.438,-51,4,75,-2.04,38.01,197.8,1522,1500,-0.99,-0.17,3.0214,2.5353,8.3430,1
71.456,-47,4,75,-1.88,38.01,197.8,1522,1500,-0.99,-0.17,3.0214,2.5353,8.3430,1
71.473,-43,4,75,-1.72,38.01,197.8,1522,1500,-0.99,-0.17,3.0214,2.5353,8.3430,1
71.491,-39,4,75,-1.56,38.01,197.8,1522,1500,-0.99,-0.17,3.0214,2.5353,8.3430,1
71.508,-36,5,76,-1.42,37.51,197.4,1522,1522,-0.99,-0.17,3.0214,2.5353,8.3430,1
71.527,-32,4,75,-1.28,38.01,197.8,1522,1500,-0.99,-0.17,3.0214,2.5353,8.3430,1
71.544,-26,5,76,-1.03,37.51,197.4,1522,1522,-0.99,-0.17,3.0214,2.5353,8.3430,1
71.561,-23,5,76,-0.91,37.51,197.4,1522,1522,-0.99,-0.17,3.0214,2.5353,8.3430,1
71.578,-20,4,75,-0.80,38.01,197.8,1522,1500,-0.99,-0.17,3.0214,2.5353,8.3430,1
71.595,-17,4,75,-0.68,38.01,197.8,1522,1500,-0.99,-0.17,3.0214,2.5353,8.3430,1
71.612,-13,4,75,-0.52,38.01,197.8,1522,1500,-1.17,-0.74,3.0214,2.5353,8.3430,1
71.629,-10,4,75,-0.40,38.01,197.8,1522,1500,-1.17,-0.74,3.0214,2.5353,8.3430,1
71.646,-5,4,75,-0.20,38.01,197.8,1522,1500,-1.17,-0.74,3.0214,2.5353,8.3430,1
71.663,-1,4,75,-0.04,38.01,197.8,1522,1500,-1.17,-0.74,3.0214,2.5353,8.3430,1
71.680,4,4,75,0.16,38.01,197.8,1522,1500,-1.17,-0.74,3.0214,2.5353,8.3430,1
71.697,9,3,74,0.36,38.53,198.1,1522,1478,-1.17,-0.74,3.0214,2.5353,8.3430,1
71.714,14,4,75,0.56,38.01,197.8,1522,1522,-1.17,-0.74,3.0214,2.5353,8.3430,1
71.731,20,3,74,0.81,38.53,198.1,1525,1500,-1.17,-0.74,3.0214,2.5353,8.3430,1
71.748,26,3,74,1.05,38.53,198.1,1527,1500,-1.17,-0.74,3.0214,2.5353,8.3430,1
71.765,32,3,74,1.30,38.53,198.1,1529,1500,-1.17,-0.74,3.0214,2.5353,8.3430,1
71.782,38,3,74,1.54,38.53,198.1,1530,1500,-1.17,-0.74,3.0214,2.5353,8.3430,1
71.799,44,3,74,1.78,38.53,198.1,1531,1500,-1.17,-0.74,3.0214,2.5353,8.3430,1
71.816,51,3,74,2.07,38.53,198.1,1534,1500,-1.17,-0.74,3.0214,2.5353,8.3430,1
71.833,57,3,74,2.31,38.53,198.1,1534,1500,-1.17,-0.74,3.0214,2.5353,8.3430,1
71.850,63,3,74,2.55,38.53,198.1,1534,1500,-1.17,-0.74,3.0214,2.5353,8.3430,1
71.867,70,2,73,2.88,39.05,198.4,1537,1478,-1.17,-0.74,3.0214,2.5353,8.3430,1
71.884,76,2,73,3.12,39.05,198.4,1537,1500,-1.17,-0.74,3.0214,2.5353,8.3430,1
71.901,83,2,73,3.41,39.05,198.4,1540,1500,-1.17,-0.74,3.0214,2.5353,8.3430,1
71.918,89,2,73,3.66,39.05,198.4,1539,1500,-1.17,-0.74,2.3930,5.1209,5.4613,1
71.935,96,2,73,3.95,39.05,198.4,1542,1500,-0.57,-1.51,2.3930,5.1209,5.4613,1
71.952,102,2,73,4.19,39.05,198.4,1542,1500,-0.57,-1.51,2.3930,5.1209,5.4613,1
71.969,108,2,73,4.44,39.05,198.4,1542,1500,-0.57,-1.51,2.3930,5.1209,5.4613,1
71.986,113,2,73,4.64,39.05,198.4,1540,1500,-0.57,-1.51,2.3930,5.1209,5.4613,1
72.003,118,2,73,4.85,39.05,198.4,1539,1500,-0.57,-1.51,2.3930,5.1209,5.4613,1
72.020,123,2,73,5.05,39.05,198.4,1540,1500,-0.57,-1.51,2.3930,5.1209,5.4613,1
72.037,127,2,73,5.22,39.05,198.4,1538,1500,-0.57,-1.51,2.3930,5.1209,5.4613,1
72.054,132,2,73,5.42,39.05,198.4,1539,1500,-0.57,-1.51,2.3930,5.1209,5.4613,1
72.071,136,2,73,5.59,39.05,198.4,1539,1500,-0.57,-1.51,2.3930,5.1209,5.4613,1
72.088,141,2,73,5.79,39.05,198.4,1540,1500,-0.57,-1.51,2.3930,5.1209,5.4613,1
72.105,144,2,73,5.92,39.05,198.4,1537,1500,-0.57,-1.51,2.3930,5.1209,5.4613,1
72.122,148,2,73,6.08,39.05,198.4,1538,1500,0.86,-1.81,2.3930,5.1209,5.4613,1
72.139,151,1,72,6.29,39.60,198.8,1537,1478,0.86,-1.81,2.3930,5.1209,5.4613,1
72.156,154,2,73,6.33,39.05,198.4,1536,1522,0.86,-1.81,2.3930,5.1209,5.4613,1
72.173,156,2,73,6.41,39.05,198.4,1534,1500,0.86,-1.81,2.3930,5.1209,5.4613,1
72.191,159,2,73,6.53,39.05,198.4,1535,1500,0.86,-1.81,2.3930,5.1209,5.4613,1
72.209,160,2,73,6.58,39.05,198.4,1531,1500,0.86,-1.81,2.3930,5.1209,5.4613,1
72.226,163,2,73,6.70,39.05,198.4,1534,1500,0.86,-1.81,2.3930,5.1209,5.4613,1
72.243,164,2,73,6.74,39.05,198.4,1531,1500,0.86,-1.81,2.3930,5.1209,5.4613,1
72.260,165,2,73,6.78,39.05,198.4,1530,1500,0.86,-1.81,2.3930,5.1209,5.4613,1
72.278,165,2,73,6.78,39.05,198.4,1527,1500,0.86,-1.81,2.3930,5.1209,5.4613,1
72.295,164,2,73,6.74,39.05,198.4,1523,1500,0.86,-1.81,2.3930,5.1209,5.4613,1
72.312,164,2,73,6.74,39.05,198.4,1524,1500,0.86,-1.81,2.3930,5.1209,5.4613,1
72.329,162,2,73,6.66,39.05,198.4,1522,1500,0.86,-1.81,2.3930,5.1209,5.4613,1
72.346,161,2,73,6.62,39.05,198.4,1522,1500,0.86,-1.81,2.3930,5.1209,5.4613,1
72.363,159,2,73,6.53,39.05,198.4,1522,1500,0.86,-1.81,2.3930,5.1209,5.4613,1
72.380,158,2,73,6.49,39.05,198.4,1522,1500,0.86,-1.81,2.3930,5.1209,5.4613,1
72.397,156,2,73,6.41,39.05,198.4,1522,1500,0.86,-1.81,2.3930,5.1209,5.4613,1
72.414,154,2,73,6.33,39.05,198.4,1522,1500,0.86,-1.81,2.2862,4.1361,7.4764,1
72.431,153,2,73,6.29,39.05,198.4,1522,1500,0.99,-1.49,2.2862,4.1361,7.4764,1
72.448,151,2,73,6.21,39.05,198.4,1522,1500,0.99,-1.49,2.2862,4.1361,7.4764,1
72.465,150,2,73,6.16,39.05,198.4,1522,1500,0.99,-1.49,2.2862,4.1361,7.4764,1
72.482,149,3,74,6.04,38.53,198.1,1522,1522,0.99,-1.49,2.2862,4.1361,7.4764,1
72.499,149,3,74,6.04,38.53,198.1,1522,1522,0.99,-1.49,2.2862,4.1361,7.4764,1
72.516,148,3,74,6.00,38.53,198.1,1522,1500,0.99,-1.49,2.2862,4.1361,7.4764,1
72.533,148,3,74,6.00,38.53,198.1,1522,1500,0.99,-1.49,2.2862,4.1361,7.4764,1
72.550,148,3,74,6.00,38.53,198.1,1522,1500,0.99,-1.49,2.2862,4.1361,7.4764,1
72.567,147,4,75,5.88,38.01,197.8,1522,1522,0.99,-1.49,2.2862,4.1361,7.4764,1
72.584,146,4,75,5.84,38.01,197.8,1522,1522,0.99,-1.49,2.2862,4.1361,7.4764,1
72.601,146,4,75,5.84,38.01,197.8,1522,1522,0.99,-1.49,2.2862,4.1361,7.4764,1
72.618,145,4,75,5.80,38.01,197.8,1522,1500,0.14,-1.17,2.2862,4.1361,7.4764,1
72.634,143,4,75,5.72,38.01,197.8,1522,1500,0.14,-1.17,2.2862,4.1361,7.4764,1
72.651,142,4,75,5.68,38.01,197.8,1522,1500,0.14,-1.17,2.2862,4.1361,7.4764,1
72.668,139,5,76,5.49,37.51,197.4,1522,1522,0.14,-1.17,2.2862,4.1361,7.4764,1
72.685,137,5,76,5.41,37.51,197.4,1522,1522,0.14,-1.17,2.2862,4.1361,7.4764,1
72.702,134,6,77,5.22,37.02,197.0,1522,1522,0.14,-1.17,2.2862,4.1361,7.4764,1
72.719,131,5,76,5.17,37.51,197.4,1522,1500,0.14,-1.17,2.2862,4.1361,7.4764,1
72.737,127,6,77,4.95,37.02,197.0,1522,1522,0.14,-1.17,2.2862,4.1361,7.4764,1
72.754,124,6,77,4.83,37.02,197.0,1522,1522,0.14,-1.17,2.2862,4.1361,7.4764,1
72.771,120,6,77,4.68,37.02,197.0,1522,1522,0.14,-1.17,2.2862,4.1361,7.4764,1
72.788,116,6,77,4.52,37.02,197.0,1522,1522,0.14,-1.17,2.2862,4.1361,7.4764,1
72.805,111,7,78,4.27,36.55,196.7,1478,1522,0.14,-1.17,2.2862,4.1361,7.4764,1
72.822,106,7,78,4.08,36.55,196.7,1478,1522,0.14,-1.17,2.2862,4.1361,7.4764,1
72.839,102,7,78,3.92,36.55,196.7,1478,1522,0.14,-1.17,2.2862,4.1361,7.4764,1
72.857,97,7,78,3.73,36.55,196.7,1478,1522,0.14,-1.17,2.2862,4.1361,7.4764,1
72.875,93,8,79,3.53,36.09,196.3,1478,1522,0.14,-1.17,2.2862,4.1361,7.4764,1
72.892,88,8,79,3.34,36.09,196.3,1478,1522,0.14,-1.17,2.2862,4.1361,7.4764,1
72.909,84,8,79,3.19,36.09,196.3,1478,1522,0.14,-1.17,2.4056,3.0819,7.5104,1
72.926,73,8,79,2.77,36.09,196.3,1478,1522,-0.78,-0.66,2.4056,3.0819,7.5104,1
72.943,73,8,79,2.77,36.09,196.3,1478,1522,-0.78,-0.66,2.4056,3.0819,7.5104,1
72.961,61,9,80,2.29,35.64,196.0,1478,1522,-0.78,-0.66,2.4056,3.0819,7.5104,1
72.978,54,8,79,2.05,36.09,196.3,1478,1500,-0.78,-0.66,2.4056,3.0819,7.5104,1
72.995,49,9,80,1.84,35.64,196.0,1478,1522,-0.78,-0.66,2.4056,3.0819,7.5104,1
73.012,42,9,80,1.57,35.64,196.0,1478,1522,-0.78,-0.66,2.4056,3.0819,7.5104,1
73.029,36,9,80,1.35,35.64,196.0,1478,1522,-0.78,-0.66,2.4056,3.0819,7.5104,1
73.046,30,10,81,1.11,35.20,195.6,1478,1522,-0.78,-0.66,2.4056,3.0819,7.5104,1
73.063,24,10,81,0.89,35.20,195.6,1478,1522,-0.78,-0.66,2.4056,3.0819,7.5104,1
73.080,18,11,82,0.66,34.77,195.3,1478,1522,-0.78,-0.66,2.4056,3.0819,7.5104,1
73.097,13,11,82,0.48,34.77,195.3,1478,1522,-0.78,-0.66,2.4056,3.0819,7.5104,1
73.114,7,12,83,0.25,34.35,194.9,1478,1522,-1.57,-0.48,2.4056,3.0819,7.5104,1
73.131,2,12,83,0.07,34.35,194.9,1478,1522,-1.57,-0.48,2.4056,3.0819,7.5104,1
73.148,-3,12,83,-0.11,34.35,194.9,1478,1522,-1.57,-0.48,2.4056,3.0819,7.5104,1
73.165,-8,13,84,-0.29,33.94,194.6,1478,1522,-1.57,-0.48,2.4056,3.0819,7.5104,1
73.182,-13,13,84,-0.46,33.94,194.6,1478,1522,-1.57,-0.48,2.4056,3.0819,7.5104,1
73.199,-17,13,84,-0.61,33.94,194.6,1478,1522,-1.57,-0.48,2.4056,3.0819,7.5104,1
73.216,-20,14,85,-0.71,33.54,194.2,1478,1522,-1.57,-0.48,2.4056,3.0819,7.5104,1
73.233,-24,14,85,-0.85,33.54,194.2,1478,1522,-1.57,-0.48,2.4056,3.0819,7.5104,1
73.250,-27,15,86,-0.94,33.15,193.9,1478,1522,-1.57,-0.48,2.4056,3.0819,7.5104,1
73.267,-31,15,86,-1.08,33.15,193.9,1478,1522,-1.57,-0.48,2.4056,3.0819,7.5104,1
73.284,-34,15,86,-1.19,33.15,193.9,1478,1522,-1.57,-0.48,2.4056,3.0819,7.5104,1
73.301,-36,16,87,-1.24,32.77,193.5,1478,1522,-1.57,-0.48,2.4056,3.0819,7.5104,1
73.318,-39,16,87,-1.34,32.77,193.5,1478,1522,-1.57,-0.48,2.4056,3.0819,7.5104,1
73.335,-41,17,88,-1.40,32.40,193.2,1478,1522,-1.57,-0.48,2.4056,3.0819,7.5104,1
73.352,-43,16,87,-1.48,32.77,193.5,1478,1522,-1.57,-0.48,2.4056,3.0819,7.5104,1
73.369,-46,17,88,-1.57,32.40,193.2,1478,1522,-1.57,-0.48,2.4056,3.0819,7.5104,1
73.386,-48,17,88,-1.64,32.40,193.2,1478,1522,-1.57,-0.48,2.4056,3.0819,7.5104,1
73.403,-50,18,89,-1.69,32.03,192.8,1478,1522,-1.57,-0.48,2.4056,3.0819,7.5104,1
73.420,-51,17,88,-1.74,32.40,193.2,1478,1522,-1.57,-0.48,3.4024,3.5285,7.3642,1
73.437,-53,19,90,-1.77,31.68,192.5,1478,1522,-1.41,-0.24,3.4024,3.5285,7.3642,1
73.453,-54,18,89,-1.82,32.03,192.8,1478,1522,-1.41,-0.24,3.4024,3.5285,7.3642,1
73.470,-56,19,90,-1.87,31.68,192.5,1478,1522,-1.41,-0.24,3.4024,3.5285,7.3642,1
73.488,-58,19,90,-1.93,31.68,192.5,1478,1522,-1.41,-0.24,3.4024,3.5285,7.3642,1
73.505,-60,20,91,-1.98,31.33,192.1,1478,1522,-1.41,-0.24,3.4024,3.5285,7.3642,1
73.522,-62,20,91,-2.04,31.33,192.1,1478,1522,-1.41,-0.24,3.4024,3.5285,7.3642,1
73.539,-65,21,92,-2.12,30.99,191.8,1478,1522,-1.41,-0.24,3.4024,3.5285,7.3642,1
73.556,-67,22,93,-2.16,30.65,191.4,1478,1522,-1.41,-0.24,3.4024,3.5285,7.3642,1
73.574,-70,22,93,-2.26,30.65,191.4,1478,1522,-1.41,-0.24,3.4024,3.5285,7.3642,1
73.593,-74,24,95,-2.34,30.01,190.8,1477,1522,-1.41,-0.24,3.4024,3.5285,7.3642,1
73.610,-76,25,96,-2.38,29.70,190.4,1478,1522,-1.77,-0.05,3.4024,3.5285,7.3642,1
73.627,-77,25,96,-2.41,29.70,190.4,1478,1522,-1.77,-0.05,3.4024,3.5285,7.3642,1
73.644,-79,26,97,-2.44,29.39,190.0,1478,1522,-1.77,-0.05,3.4024,3.5285,7.3642,1
73.661,-81,26,97,-2.51,29.39,190.0,1478,1522,-1.77,-0.05,3.4024,3.5285,7.3642,1
73.678,-82,27,98,-2.51,29.09,189.7,1478,1522,-1.77,-0.05,3.4024,3.5285,7.3642,1
73.695,-84,28,99,-2.55,28.80,189.3,1478,1522,-1.77,-0.05,3.4024,3.5285,7.3642,1
73.712,-86,29,100,-2.58,28.51,189.0,1478,1522,-1.77,-0.05,3.4024,3.5285,7.3642,1
73.729,-88,29,100,-2.64,28.51,189.0,1478,1522,-1.77,-0.05,3.4024,3.5285,7.3642,1
73.746,-89,30,101,-2.64,28.23,188.6,1478,1522,-1.77,-0.05,3.4024,3.5285,7.3642,1
73.763,-91,31,102,-2.68,27.95,188.3,1478,1522,-1.77,-0.05,3.4024,3.5285,7.3642,1
73.780,-91,31,102,-2.68,27.95,188.3,1478,1522,-1.77,-0.05,3.4024,3.5285,7.3642,1
73.797,-92,33,104,-2.65,27.41,187.6,1478,1522,-1.77,-0.05,3.4024,3.5285,7.3642,1
73.814,-91,33,104,-2.62,27.41,187.6,1478,1522,-1.77,-0.05,3.4024,3.5285,7.3642,1
73.831,-90,34,105,-2.57,27.15,187.2,1478,1522,-1.77,-0.05,3.4024,3.5285,7.3642,1
73.848,-89,35,106,-2.52,26.90,186.9,1478,1522,-1.77,-0.05,3.4024,3.5285,7.3642,1
73.865,-88,36,107,-2.47,26.64,186.5,1478,1522,-1.77,-0.05,3.4024,3.5285,7.3642,1
73.882,-87,36,107,-2.44,26.64,186.5,1478,1522,-1.77,-0.05,3.4024,3.5285,7.3642,1
73.899,-84,37,108,-2.33,26.40,186.2,1478,1522,-1.77,-0.05,3.4024,3.5285,7.3642,1
73.916,-82,37,108,-2.28,26.40,186.2,1478,1522,-1.77,-0.05,2.0114,3.2921,7.1353,1
73.933,-80,38,109,-2.20,26.16,185.8,1478,1522,-2.29,0.64,2.0114,3.2921,7.1353,1
73.950,-77,39,110,-2.10,25.92,185.5,1500,1522,-2.29,0.64,2.0114,3.2921,7.1353,1
73.966,-73,39,110,-1.99,25.92,185.5,1522,1522,-2.29,0.64,2.0114,3.2921,7.1353,1
73.983,-69,40,111,-1.86,25.68,185.1,1522,1522,-2.29,0.64,2.0114,3.2921,7.1353,1
74.000,-64,40,111,-1.73,25.68,185.1,1522,1522,-2.29,0.64,2.0114,3.2921,7.1353,1
74.017,-59,41,112,-1.58,25.45,184.8,1522,1522,-2.29,0.64,2.0114,3.2921,7.1353,1
74.034,-53,42,113,-1.41,25.23,184.4,1522,1522,-2.29,0.64,2.0114,3.2921,7.1353,1
74.051,-47,43,114,-1.24,25.01,184.1,1522,1522,-2.29,0.64,2.0114,3.2921,7.1353,1
74.069,-39,43,114,-1.03,25.01,184.1,1522,1522,-2.29,0.64,2.0114,3.2921,7.1353,1
74.086,-32,43,114,-0.84,25.01,184.1,1524,1522,-2.29,0.64,2.0114,3.2921,7.1353,1
74.103,-23,44,115,-0.60,24.79,183.8,1549,1522,-2.29,0.64,2.0114,3.2921,7.1353,0
74.120,-14,44,115,-0.37,24.79,183.8,1555,1522,-1.80,0.36,2.0114,3.2921,7.1353,0
74.137,-4,45,116,-0.10,24.58,183.4,1564,1522,-1.80,0.36,2.0114,3.2921,7.1353,0
74.154,6,46,117,0.15,24.37,183.0,1569,1522,-1.80,0.36,2.0114,3.2921,7.1353,0
74.171,16,46,117,0.41,24.37,183.0,1572,1522,-1.80,0.36,2.0114,3.2921,7.1353,0
74.188,26,47,118,0.66,24.16,182.7,1576,1522,-1.80,0.36,2.0114,3.2921,7.1353,0
74.205,37,47,118,0.94,24.16,182.7,1582,1522,-1.80,0.36,2.0114,3.2921,7.1353,0
74.222,47,47,118,1.19,24.16,182.7,1583,1522,-1.80,0.36,2.0114,3.2921,7.1353,0
74.240,58,47,118,1.47,24.16,182.7,1588,1522,-1.80,0.36,2.0114,3.2921,7.1353,0
74.257,70,47,118,1.78,24.16,182.7,1596,1522,-1.80,0.36,2.0114,3.2921,7.1353,0
74.274,80,48,119,2.02,23.96,182.3,1594,1522,-1.80,0.36,2.0114,3.2921,7.1353,0
74.291,101,49,120,2.52,23.76,182.0,1600,1522,-1.80,0.36,2.0114,3.2921,7.1353,0
74.311,112,53,124,2.71,22.99,180.6,1600,1533,-1.80,0.36,2.0114,3.2921,7.1353,0
74.328,120,51,122,2.95,23.37,181.3,1600,1522,-1.80,0.36,2.0114,3.2921,7.1353,0
74.345,131,55,126,3.12,22.63,179.9,1600,1533,-1.80,0.36,2.0114,3.2921,7.1353,0
74.362,138,53,124,3.34,22.99,180.6,1596,1522,-1.80,0.36,2.0114,3.2921,7.1353,0
74.379,148,56,127,3.50,22.45,179.5,1600,1530,-1.80,0.36,2.0114,3.2921,7.1353,0
74.396,154,54,125,3.70,22.81,180.2,1592,1522,-1.80,0.36,2.0114,3.2921,7.1353,0
74.413,162,55,126,3.86,22.63,179.9,1596,1522,-1.80,0.36,2.2107,2.7124,8.2821,0
74.430,169,55,126,4.02,22.63,179.9,1594,1522,1.22,0.29,2.2107,2.7124,8.2821,0
74.447,175,56,127,4.13,22.45,179.5,1591,1523,1.22,0.29,2.2107,2.7124,8.2821,0
74.464,181,56,127,4.28,22.45,179.5,1590,1522,1.22,0.29,2.2107,2.7124,8.2821,0
74.481,188,57,128,4.41,22.27,179.2,1594,1524,1.22,0.29,2.2107,2.7124,8.2821,0
74.498,193,57,128,4.52,22.27,179.2,1589,1522,1.22,0.29,2.2107,2.7124,8.2821,0
74.515,198,57,128,4.64,22.27,179.2,1587,1522,1.22,0.29,2.2107,2.7124,8.2821,0
74.532,202,57,128,4.73,22.27,179.2,1583,1522,1.22,0.29,2.2107,2.7124,8.2821,0
74.549,205,57,128,4.80,22.27,179.2,1578,1522,1.22,0.29,2.2107,2.7124,8.2821,0
74.566,208,57,128,4.88,22.27,179.2,1576,1522,1.22,0.29,2.2107,2.7124,8.2821,0
74.583,210,57,128,4.92,22.27,179.2,1571,1522,1.22,0.29,2.2107,2.7124,8.2821,0
74.600,210,57,128,4.92,22.27,179.2,1562,1522,1.22,0.29,2.2107,2.7124,8.2821,0
74.616,210,57,128,4.92,22.27,179.2,1557,1522,2.38,-0.40,2.2107,2.7124,8.2821,0
74.633,209,57,128,4.90,22.27,179.2,1551,1522,2.38,-0.40,2.2107,2.7124,8.2821,0
74.651,207,57,128,4.85,22.27,179.2,1544,1522,2.38,-0.40,2.2107,2.7124,8.2821,0
74.668,204,57,128,4.78,22.27,179.2,1536,1522,2.38,-0.40,2.2107,2.7124,8.2821,0
74.685,200,56,127,4.72,22.45,179.5,1528,1522,2.38,-0.40,2.2107,2.7124,8.2821,0
74.702,197,56,127,4.65,22.45,179.5,1528,1522,2.38,-0.40,2.2107,2.7124,8.2821,0
74.719,191,56,127,4.51,22.45,179.5,1522,1522,2.38,-0.40,2.2107,2.7124,8.2821,0
74.736,186,56,127,4.39,22.45,179.5,1522,1522,2.38,-0.40,2.2107,2.7124,8.2821,0
74.753,180,56,127,4.25,22.45,179.5,1522,1522,2.38,-0.40,2.2107,2.7124,8.2821,0
74.770,173,55,126,4.12,22.63,179.9,1500,1522,2.38,-0.40,2.2107,2.7124,8.2821,0
74.787,165,54,125,3.96,22.81,180.2,1478,1522,2.38,-0.40,2.2107,2.7124,8.2821,0
74.804,159,55,126,3.79,22.63,179.9,1478,1522,2.38,-0.40,2.2107,2.7124,8.2821,0
74.821,151,54,125,3.62,22.81,180.2,1478,1522,2.38,-0.40,2.2107,2.7124,8.2821,0
74.838,144,54,125,3.46,22.81,180.2,1478,1522,2.38,-0.40,2.2107,2.7124,8.2821,0
74.857,137,54,125,3.29,22.81,180.2,1478,1522,2.38,-0.40,2.2107,2.7124,8.2821,0
74.874,130,55,126,3.10,22.63,179.9,1478,1522,2.38,-0.40,2.2107,2.7124,8.2821,0
74.891,116,54,125,2.78,22.81,180.2,1457,1522,2.38,-0.40,2.2107,2.7124,8.2821,0
74.908,109,55,126,2.60,22.63,179.9,1467,1522,2.38,-0.40,2.7193,3.5166,7.6916,0
74.926,109,55,126,2.60,22.63,179.9,1478,1522,2.38,-0.40,2.7193,3.5166,7.6916,0
74.943,102,55,126,2.43,22.63,179.9,1478,1522,0.09,-1.15,2.7193,3.5166,7.6916,0
74.960,88,56,127,2.08,22.45,179.5,1454,1523,0.09,-1.15,2.7193,3.5166,7.6916,0
74.977,82,57,128,1.92,22.27,179.2,1466,1525,0.09,-1.15,2.7193,3.5166,7.6916,0
74.994,75,57,128,1.76,22.27,179.2,1467,1522,0.09,-1.15,2.7193,3.5166,7.6916,0
75.012,69,58,129,1.60,22.10,178.8,1471,1525,0.09,-1.15,2.7193,3.5166,7.6916,0
75.029,64,58,129,1.49,22.10,178.8,1476,1522,0.09,-1.15,2.7193,3.5166,7.6916,0
75.046,59,59,130,1.36,21.93,178.5,1477,1525,0.09,-1.15,2.7193,3.5166,7.6916,0
75.063,55,60,131,1.26,21.76,178.1,1478,1527,0.09,-1.15,2.7193,3.5166,7.6916,0
75.080,51,60,131,1.17,21.76,178.1,1478,1524,0.09,-1.15,2.7193,3.5166,7.6916,0
75.097,49,61,132,1.11,21.60,177.8,1478,1526,0.09,-1.15,2.7193,3.5166,7.6916,0
75.114,47,62,133,1.06,21.44,177.4,1478,1527,-1.02,-0.64,2.7193,3.5166,7.6916,0
75.131,45,63,134,1.01,21.28,177.1,1478,1528,-1.02,-0.64,2.7193,3.5166,7.6916,0
75.148,43,63,134,0.96,21.28,177.1,1478,1525,-1.02,-0.64,2.7193,3.5166,7.6916,0
75.165,41,64,135,0.91,21.12,176.8,1478,1527,-1.02,-0.64,2.7193,3.5166,7.6916,0
75.182,40,65,136,0.88,20.96,176.4,1500,1529,-1.02,-0.64,2.7193,3.5166,7.6916,0
75.199,37,66,137,0.81,20.81,176.0,1478,1529,-1.02,-0.64,2.7193,3.5166,7.6916,0
75.216,36,68,139,0.78,20.51,175.3,1478,1534,-1.02,-0.64,2.7193,3.5166,7.6916,0
75.233,35,69,140,0.75,20.36,175.0,1500,1532,-1.02,-0.64,2.7193,3.5166,7.6916,0
75.250,33,69,140,0.71,20.36,175.0,1478,1528,-1.02,-0.64,2.7193,3.5166,7.6916,0
75.267,30,70,141,0.64,20.22,174.6,1478,1530,-1.02,-0.64,2.7193,3.5166,7.6916,0
75.284,27,71,142,0.57,20.08,174.3,1478,1531,-1.02,-0.64,2.7193,3.5166,7.6916,0
75.301,25,72,143,0.52,19.94,173.9,1478,1532,-1.02,-0.64,2.7193,3.5166,7.6916,0
75.318,22,74,145,0.46,19.66,173.2,1478,1536,-1.02,-0.64,2.7193,3.5166,7.6916,0
75.335,19,75,146,0.39,19.53,172.9,1478,1535,-1.02,-0.64,2.7193,3.5166,7.6916,0
75.352,17,76,147,0.35,19.39,172.5,1478,1534,-1.02,-0.64,2.7193,3.5166,7.6916,0
75.369,14,75,146,0.29,19.53,172.9,1478,1526,-1.02,-0.64,2.7193,3.5166,7.6916,0
75.387,0,0,0,0.00,-1.00,0.0,1478,1526,-1.02,-0.64,2.7193,3.5166,7.6916,0
75.404,0,0,0,0.00,-1.00,0.0,1478,1526,-1.02,-0.64,3.1318,3.0702,8.9971,0
75.423,0,0,0,0.00,-1.00,0.0,1478,1526,-1.02,-0.64,3.1318,3.0702,8.9971,0
75.441,0,0,0,0.00,-1.00,0.0,1478,1526,-0.55,0.49,3.1318,3.0702,8.9971,0
75.458,0,0,0,0.00,-1.00,0.0,1478,1526,-0.55,0.49,3.1318,3.0702,8.9971,0
75.475,0,0,0,0.00,-1.00,0.0,1478,1526,-0.55,0.49,3.1318,3.0702,8.9971,0
75.492,0,0,0,0.00,-1.00,0.0,1478,1527,-0.55,0.49,3.1318,3.0702,8.9971,0
75.509,0,0,0,0.00,-1.00,0.0,1478,1527,-0.55,0.49,3.1318,3.0702,8.9971,0
75.526,0,0,0,0.00,-1.00,0.0,1478,1527,-0.55,0.49,3.1318,3.0702,8.9971,0
75.543,0,0,0,0.00,-1.00,0.0,1478,1527,-0.55,0.49,3.1318,3.0702,8.9971,0
75.559,0,0,0,0.00,-1.00,0.0,1477,1527,-0.55,0.49,3.1318,3.0702,8.9971,0
75.576,0,0,0,0.00,-1.00,0.0,1477,1527,-0.55,0.49,3.1318,3.0702,8.9971,0
75.593,0,0,0,0.00,-1.00,0.0,1476,1527,-0.55,0.49,3.1318,3.0702,8.9971,0
75.610,0,0,0,0.00,-1.00,0.0,1475,1527,-0.44,1.51,3.1318,3.0702,8.9971,0
75.627,0,0,0,0.00,-1.00,0.0,1475,1527,-0.44,1.51,3.1318,3.0702,8.9971,0
75.644,0,0,0,0.00,-1.00,0.0,1474,1527,-0.44,1.51,3.1318,3.0702,8.9971,0
75.661,0,0,0,0.00,-1.00,0.0,1473,1527,-0.44,1.51,3.1318,3.0702,8.9971,0
75.678,0,0,0,0.00,-1.00,0.0,1473,1527,-0.44,1.51,3.1318,3.0702,8.9971,0
75.695,0,0,0,0.00,-1.00,0.0,1472,1527,-0.44,1.51,3.1318,3.0702,8.9971,0
75.712,0,0,0,0.00,-1.00,0.0,1471,1527,-0.44,1.51,3.1318,3.0702,8.9971,0
75.729,0,0,0,0.00,-1.00,0.0,1471,1527,-0.44,1.51,3.1318,3.0702,8.9971,0
75.746,0,0,0,0.00,-1.00,0.0,1470,1527,-0.44,1.51,3.1318,3.0702,8.9971,0
75.763,0,0,0,0.00,-1.00,0.0,1469,1527,-0.44,1.51,3.1318,3.0702,8.9971,0
75.780,0,0,0,0.00,-1.00,0.0,1469,1527,-0.44,1.51,3.1318,3.0702,8.9971,0
75.797,0,0,0,0.00,-1.00,0.0,1468,1527,-0.44,1.51,3.1318,3.0702,8.9971,0
75.814,0,0,0,0.00,-1.00,0.0,1467,1527,-0.44,1.51,3.1318,3.0702,8.9971,0
75.831,0,0,0,0.00,-1.00,0.0,1467,1527,-0.44,1.51,3.1318,3.0702,8.9971,0
75.848,0,0,0,0.00,-1.00,0.0,1466,1527,-0.44,1.51,3.1318,3.0702,8.9971,0
75.865,0,0,0,0.00,-1.00,0.0,1465,1527,-0.44,1.51,3.1318,3.0702,8.9971,0
75.882,0,0,0,0.00,-1.00,0.0,1500,1500,-0.44,1.51,3.1318,3.0702,8.9971,0
75.899,0,0,0,0.00,-1.00,0.0,1500,1500,-0.44,1.51,3.1318,3.0702,8.9971,0
75.916,0,0,0,0.00,-1.00,0.0,1500,1500,-0.44,1.51,3.8895,2.9799,9.5708,0
75.933,0,0,0,0.00,-1.00,0.0,1500,1500,-1.00,1.97,3.8895,2.9799,9.5708,0
75.950,0,0,0,0.00,-1.00,0.0,1500,1500,-1.00,1.97,3.8895,2.9799,9.5708,0
75.967,0,0,0,0.00,-1.00,0.0,1500,1500,-1.00,1.97,3.8895,2.9799,9.5708,0
75.984,0,0,0,0.00,-1.00,0.0,1500,1500,-1.00,1.97,3.8895,2.9799,9.5708,0
76.001,0,0,0,0.00,-1.00,0.0,1500,1500,-1.00,1.97,3.8895,2.9799,9.5708,0
76.018,0,0,0,0.00,-1.00,0.0,1500,1500,-1.00,1.97,3.8895,2.9799,9.5708,0
76.035,0,0,0,0.00,-1.00,0.0,1500,1500,-1.00,1.97,3.8895,2.9799,9.5708,0
76.052,0,0,0,0.00,-1.00,0.0,1500,1500,-1.00,1.97,3.8895,2.9799,9.5708,0
76.069,0,0,0,0.00,-1.00,0.0,1500,1500,-1.00,1.97,3.8895,2.9799,9.5708,0
76.086,0,0,0,0.00,-1.00,0.0,1500,1500,-1.00,1.97,3.8895,2.9799,9.5708,0
76.104,0,0,0,0.00,-1.00,0.0,1500,1500,-1.00,1.97,3.8895,2.9799,9.5708,0
76.121,0,0,0,0.00,-1.00,0.0,1500,1500,-0.44,1.54,3.8895,2.9799,9.5708,0
76.139,0,0,0,0.00,-1.00,0.0,1500,1500,-0.44,1.54,3.8895,2.9799,9.5708,0
76.156,0,0,0,0.00,-1.00,0.0,1500,1500,-0.44,1.54,3.8895,2.9799,9.5708,0
76.173,0,0,0,0.00,-1.00,0.0,1500,1500,-0.44,1.54,3.8895,2.9799,9.5708,0
76.190,0,0,0,0.00,-1.00,0.0,1500,1500,-0.44,1.54,3.8895,2.9799,9.5708,0
76.207,0,0,0,0.00,-1.00,0.0,1500,1500,-0.44,1.54,3.8895,2.9799,9.5708,0
76.224,0,0,0,0.00,-1.00,0.0,1500,1500,-0.44,1.54,3.8895,2.9799,9.5708,0
76.241,0,0,0,0.00,-1.00,0.0,1500,1500,-0.44,1.54,3.8895,2.9799,9.5708,0
76.258,0,0,0,0.00,-1.00,0.0,1500,1500,-0.44,1.54,3.8895,2.9799,9.5708,0
76.275,0,0,0,0.00,-1.00,0.0,1500,1500,-0.44,1.54,3.8895,2.9799,9.5708,0
76.292,0,0,0,0.00,-1.00,0.0,1500,1500,-0.44,1.54,3.8895,2.9799,9.5708,0
76.309,0,0,0,0.00,-1.00,0.0,1500,1500,-0.44,1.54,3.8895,2.9799,9.5708,0
76.326,0,0,0,0.00,-1.00,0.0,1500,1500,-0.44,1.54,3.8895,2.9799,9.5708,0
76.343,0,0,0,0.00,-1.00,0.0,1500,1500,-0.44,1.54,3.8895,2.9799,9.5708,0
76.360,0,0,0,0.00,-1.00,0.0,1500,1500,-0.44,1.54,3.8895,2.9799,9.5708,0
76.377,0,0,0,0.00,-1.00,0.0,1500,1500,-0.44,1.54,3.8895,2.9799,9.5708,0
76.394,0,0,0,0.00,-1.00,0.0,1500,1500,-0.44,1.54,3.8895,2.9799,9.5708,0
76.411,0,0,0,0.00,-1.00,0.0,1500,1500,-0.44,1.54,3.2245,2.6642,8.8900,0
76.428,0,0,0,0.00,-1.00,0.0,1500,1500,-0.68,0.99,3.2245,2.6642,8.8900,0
76.445,0,0,0,0.00,-1.00,0.0,1500,1500,-0.68,0.99,3.2245,2.6642,8.8900,0
76.462,0,0,0,0.00,-1.00,0.0,1500,1500,-0.68,0.99,3.2245,2.6642,8.8900,0
76.479,0,0,0,0.00,-1.00,0.0,1500,1500,-0.68,0.99,3.2245,2.6642,8.8900,0
76.496,0,0,0,0.00,-1.00,0.0,1500,1500,-0.68,0.99,3.2245,2.6642,8.8900,0
76.513,0,0,0,0.00,-1.00,0.0,1500,1500,-0.68,0.99,3.2245,2.6642,8.8900,0
76.530,0,0,0,0.00,-1.00,0.0,1500,1500,-0.68,0.99,3.2245,2.6642,8.8900,0
76.547,0,0,0,0.00,-1.00,0.0,1500,1500,-0.68,0.99,3.2245,2.6642,8.8900,0
76.564,0,0,0,0.00,-1.00,0.0,1500,1500,-0.68,0.99,3.2245,2.6642,8.8900,0
76.581,0,0,0,0.00,-1.00,0.0,1500,1500,-0.68,0.99,3.2245,2.6642,8.8900,0
76.598,0,0,0,0.00,-1.00,0.0,1500,1500,-0.68,0.99,3.2245,2.6642,8.8900,0
76.615,0,0,0,0.00,-1.00,0.0,1500,1500,-0.95,0.73,3.2245,2.6642,8.8900,0
76.632,0,0,0,0.00,-1.00,0.0,1500,1500,-0.95,0.73,3.2245,2.6642,8.8900,0
76.649,0,0,0,0.00,-1.00,0.0,1500,1500,-0.95,0.73,3.2245,2.6642,8.8900,0
76.666,0,0,0,0.00,-1.00,0.0,1500,1500,-0.95,0.73,3.2245,2.6642,8.8900,0
76.683,0,0,0,0.00,-1.00,0.0,1500,1500,-0.95,0.73,3.2245,2.6642,8.8900,0
76.700,0,0,0,0.00,-1.00,0.0,1500,1500,-0.95,0.73,3.2245,2.6642,8.8900,0
76.717,0,0,0,0.00,-1.00,0.0,1500,1500,-0.95,0.73,3.2245,2.6642,8.8900,0
76.734,0,0,0,0.00,-1.00,0.0,1500,1500,-0.95,0.73,3.2245,2.6642,8.8900,0
76.751,-92,10,81,-3.41,35.20,195.6,1478,1522,-0.95,0.73,3.2245,2.6642,8.8900,1
76.768,-92,9,80,-3.45,35.64,196.0,1478,1500,-0.95,0.73,3.2245,2.6642,8.8900,1
76.786,-92,8,79,-3.49,36.09,196.3,1478,1478,-0.95,0.73,3.2245,2.6642,8.8900,1
76.803,-90,6,77,-3.51,37.02,197.0,1478,1478,-0.95,0.73,3.2245,2.6642,8.8900,1
76.820,-89,5,76,-3.51,37.51,197.4,1478,1478,-0.95,0.73,3.2245,2.6642,8.8900,1
76.837,-88,4,75,-3.52,38.01,197.8,1478,1478,-0.95,0.73,3.2245,2.6642,8.8900,1
76.854,-87,2,73,-3.58,39.05,198.4,1478,1478,-0.95,0.73,3.2245,2.6642,8.8900,1
76.872,-85,0,71,-3.59,40.15,199.1,1478,1478,-0.95,0.73,3.2245,2.6642,8.8900,1
76.889,-85,-1,70,-3.64,40.73,199.5,1478,1478,-0.95,0.73,3.2245,2.6642,8.8900,1
76.906,-85,-2,69,-3.70,41.32,199.8,1478,1478,-0.95,0.73,2.2655,3.1398,9.5826,1
76.923,-85,-3,68,-3.75,41.92,200.2,1478,1478,-1.49,-0.14,2.2655,3.1398,9.5826,1
76.940,-85,-4,67,-3.81,42.55,200.5,1478,1478,-1.49,-0.14,2.2655,3.1398,9.5826,1
76.957,-85,-5,66,-3.86,43.20,200.9,1478,1478,-1.49,-0.14,2.2655,3.1398,9.5826,1
76.974,-84,-6,65,-3.88,43.86,201.2,1478,1478,-1.49,-0.14,2.2655,3.1398,9.5826,1
76.991,-85,-7,64,-3.98,44.55,201.6,1478,1478,-1.49,-0.14,2.2655,3.1398,9.5826,1
77.008,-85,-8,63,-4.05,45.25,201.9,1478,1478,-1.49,-0.14,2.2655,3.1398,9.5826,1
77.025,-86,-9,62,-4.16,45.98,202.3,1478,1478,-1.49,-0.14,2.2655,3.1398,9.5826,1
77.042,-88,-9,62,-4.26,45.98,202.3,1478,1478,-1.49,-0.14,2.2655,3.1398,9.5826,1
77.059,-89,-10,61,-4.38,46.74,202.6,1478,1478,-1.49,-0.14,2.2655,3.1398,9.5826,1
77.076,-91,-11,60,-4.55,47.52,203.0,1478,1478,-1.49,-0.14,2.2655,3.1398,9.5826,1
77.093,-93,-12,59,-4.73,48.32,203.3,1478,1478,-1.49,-0.14,2.2655,3.1398,9.5826,1
77.110,-95,-13,58,-4.91,49.15,203.7,1478,1478,-1.76,-1.21,2.2655,3.1398,9.5826,1
77.127,-98,-13,58,-5.07,49.15,203.7,1476,1478,-1.76,-1.21,2.2655,3.1398,9.5826,1
77.144,-101,-14,57,-5.32,50.02,204.0,1474,1478,-1.76,-1.21,2.2655,3.1398,9.5826,1
77.161,-104,-15,56,-5.57,50.91,204.4,1473,1478,-1.76,-1.21,2.2655,3.1398,9.5826,1
77.178,-106,-16,55,-5.78,51.83,204.8,1475,1478,-1.76,-1.21,2.2655,3.1398,9.5826,1
77.195,-109,-16,55,-5.95,51.83,204.8,1473,1478,-1.76,-1.21,2.2655,3.1398,9.5826,1
77.212,-111,-17,54,-6.17,52.79,205.1,1474,1478,-1.76,-1.21,2.2655,3.1398,9.5826,1
77.229,-112,-18,53,-6.34,53.79,205.4,1477,1478,-1.76,-1.21,2.2655,3.1398,9.5826,1
77.246,-114,-18,53,-6.45,53.79,205.4,1476,1478,-1.76,-1.21,2.2655,3.1398,9.5826,1
77.263,-115,-19,52,-6.63,54.83,205.8,1478,1478,-1.76,-1.21,2.2655,3.1398,9.5826,1
77.280,-116,-19,52,-6.69,54.83,205.8,1478,1478,-1.76,-1.21,2.2655,3.1398,9.5826,1
77.297,-118,-20,51,-6.94,55.90,206.1,1460,1478,-1.76,-1.21,2.2655,3.1398,9.5826,0
77.314,-119,-21,50,-7.14,57.02,206.5,1461,1478,-1.76,-1.21,2.2655,3.1398,9.5826,0
77.331,-120,-21,50,-7.20,57.02,206.5,1462,1478,-1.76,-1.21,2.2655,3.1398,9.5826,0
77.348,-122,-22,49,-7.47,58.18,206.8,1459,1478,-1.76,-1.21,2.2655,3.1398,9.5826,0
77.365,-123,-22,49,-7.53,58.18,206.8,1461,1478,-1.76,-1.21,2.2655,3.1398,9.5826,0
77.382,-124,-23,48,-7.75,59.39,207.2,1461,1478,-1.76,-1.21,2.2655,3.1398,9.5826,0
77.399,-125,-23,48,-7.81,59.39,207.2,1462,1478,-1.76,-1.21,2.2655,3.1398,9.5826,0
77.416,-126,-24,47,-8.04,60.66,207.5,1462,1478,-1.76,-1.21,2.8418,2.8959,8.4239,0
77.433,-126,-25,46,-8.22,61.98,207.9,1465,1478,-2.54,-1.48,2.8418,2.8959,8.4239,0
77.450,-126,-25,46,-8.22,61.98,207.9,1467,1478,-2.54,-1.48,2.8418,2.8959,8.4239,0
77.467,-126,-26,45,-8.40,63.35,208.2,1468,1478,-2.54,-1.48,2.8418,2.8959,8.4239,0
77.484,-126,-26,45,-8.40,63.35,208.2,1468,1478,-2.54,-1.48,2.8418,2.8959,8.4239,0
77.501,-124,-27,44,-8.45,64.79,208.6,1476,1478,-2.54,-1.48,2.8418,2.8959,8.4239,0
77.518,-122,-27,44,-8.32,64.79,208.6,1478,1478,-2.54,-1.48,2.8418,2.8959,8.4239,0
77.535,-121,-27,44,-8.25,64.79,208.6,1478,1478,-2.54,-1.48,2.8418,2.8959,8.4239,0
77.553,-119,-28,43,-8.30,66.30,208.9,1478,1478,-2.54,-1.48,2.8418,2.8959,8.4239,0
77.570,-117,-29,42,-8.36,67.88,209.3,1478,1478,-2.54,-1.48,2.8418,2.8959,8.4239,0
77.587,-115,-29,42,-8.21,67.88,209.3,1478,1478,-2.54,-1.48,2.8418,2.8959,8.4239,0
77.605,-109,-30,41,-7.98,69.53,209.6,1500,1478,-2.54,-1.48,2.8418,2.8959,8.4239,0
77.622,-109,-30,41,-7.98,69.53,209.6,1478,1478,-2.54,-1.92,2.8418,2.8959,8.4239,0
77.639,-102,-31,40,-7.65,71.27,210.0,1522,1478,-2.54,-1.92,2.8418,2.8959,8.4239,0
77.656,-98,-31,40,-7.35,71.27,210.0,1522,1478,-2.54,-1.92,2.8418,2.8959,8.4239,0
77.673,-95,-31,40,-7.12,71.27,210.0,1522,1478,-2.54,-1.92,2.8418,2.8959,8.4239,0
77.690,-91,-32,39,-7.00,73.10,210.3,1522,1478,-2.54,-1.92,2.8418,2.8959,8.4239,0
77.707,-87,-32,39,-6.69,73.10,210.3,1522,1478,-2.54,-1.92,2.8418,2.8959,8.4239,0
77.724,-83,-33,38,-6.55,75.02,210.7,1522,1478,-2.54,-1.92,2.8418,2.8959,8.4239,0
77.741,-78,-33,38,-6.16,75.02,210.7,1522,1478,-2.54,-1.92,2.8418,2.8959,8.4239,0
77.758,-74,-34,37,-6.00,77.05,211.0,1522,1478,-2.54,-1.92,2.8418,2.8959,8.4239,0
77.775,-69,-34,37,-5.59,77.05,211.0,1522,1478,-2.54,-1.92,2.8418,2.8959,8.4239,0
77.792,-65,-34,37,-5.27,77.05,211.0,1522,1478,-2.54,-1.92,2.8418,2.8959,8.4239,0
77.809,-60,-35,36,-5.00,79.19,211.4,1522,1478,-2.54,-1.92,2.8418,2.8959,8.4239,0
77.826,-56,-35,36,-4.67,79.19,211.4,1522,1478,-2.54,-1.92,2.8418,2.8959,8.4239,0
77.843,-56,-35,36,-4.67,79.19,211.4,1522,1478,-2.54,-1.92,2.8418,2.8959,8.4239,0
77.860,-56,-35,36,-4.67,79.19,211.4,1478,1478,-2.54,-1.92,2.8418,2.8959,8.4239,0
77.877,-42,-36,35,-3.60,81.45,211.8,1541,1478,-2.54,-1.92,2.8418,2.8959,8.4239,0
77.894,-39,-36,35,-3.34,81.45,211.8,1527,1478,-2.54,-1.92,2.8418,2.8959,8.4239,0
77.912,-35,-36,35,-3.00,81.45,211.8,1523,1478,-2.54,-1.92,2.7437,2.8868,8.2371,0
77.929,-32,-37,34,-2.82,83.85,212.1,1522,1478,-1.37,-2.97,2.7437,2.8868,8.2371,0
77.945,-28,-37,34,-2.47,83.85,212.1,1522,1478,-1.37,-2.97,2.7437,2.8868,8.2371,0
77.962,-25,-37,34,-2.21,83.85,212.1,1522,1478,-1.37,-2.97,2.7437,2.8868,8.2371,0
77.979,-22,-38,33,-2.00,86.39,212.4,1522,1478,-1.37,-2.97,2.7437,2.8868,8.2371,0
77.996,-20,-38,33,-1.82,86.39,212.4,1522,1478,-1.37,-2.97,2.7437,2.8868,8.2371,0
78.013,-18,-38,33,-1.64,86.39,212.4,1522,1478,-1.37,-2.97,2.7437,2.8868,8.2371,0
78.030,-17,-38,33,-1.55,86.39,212.4,1522,1478,-1.37,-2.97,2.7437,2.8868,8.2371,0
78.047,-17,-39,32,-1.59,89.09,212.8,1522,1478,-1.37,-2.97,2.7437,2.8868,8.2371,0
78.064,0,0,0,0.00,-1.00,0.0,1522,1478,-1.37,-2.97,2.7437,2.8868,8.2371,0
78.081,-17,-39,32,-1.59,89.09,212.8,1478,1478,-1.37,-2.97,2.7437,2.8868,8.2371,0
78.098,0,0,0,0.00,-1.00,0.0,1478,1478,-1.37,-2.97,2.7437,2.8868,8.2371,0
78.115,0,0,0,0.00,-1.00,0.0,1478,1478,-0.18,-3.58,2.7437,2.8868,8.2371,0
78.132,-20,-40,31,-1.94,91.96,213.1,1478,1478,-0.18,-3.58,2.7437,2.8868,8.2371,0
78.149,0,0,0,0.00,-1.00,0.0,1478,1478,-0.18,-3.58,2.7437,2.8868,8.2371,0
78.166,0,0,0,0.00,-1.00,0.0,1478,1478,-0.18,-3.58,2.7437,2.8868,8.2371,0
78.184,0,0,0,0.00,-1.00,0.0,1478,1478,-0.18,-3.58,2.7437,2.8868,8.2371,0
78.201,0,0,0,0.00,-1.00,0.0,1478,1478,-0.18,-3.58,2.7437,2.8868,8.2371,0
78.221,0,0,0,0.00,-1.00,0.0,1478,1478,-0.18,-3.58,2.7437,2.8868,8.2371,0
78.238,-32,-41,30,-3.20,95.03,213.5,1478,1478,-0.18,-3.58,2.7437,2.8868,8.2371,0
78.255,-34,-41,30,-3.40,95.03,213.5,1478,1478,-0.18,-3.58,2.7437,2.8868,8.2371,0
78.272,-36,-41,30,-3.60,95.03,213.5,1478,1478,-0.18,-3.58,2.7437,2.8868,8.2371,0
78.289,-38,-41,30,-3.80,95.03,213.5,1478,1478,-0.18,-3.58,2.7437,2.8868,8.2371,0
78.306,-39,-42,29,-4.03,98.31,213.8,1478,1478,-0.18,-3.58,2.7437,2.8868,8.2371,0
78.324,-41,-42,29,-4.24,98.31,213.8,1478,1478,-0.18,-3.58,2.7437,2.8868,8.2371,0
78.341,-42,-42,29,-4.34,98.31,213.8,1478,1478,-0.18,-3.58,2.7437,2.8868,8.2371,0
78.358,0,0,0,0.00,-1.00,0.0,1478,1478,-0.18,-3.58,2.7437,2.8868,8.2371,0
78.375,0,0,0,0.00,-1.00,0.0,1478,1478,-0.18,-3.58,2.7437,2.8868,8.2371,0
78.392,0,0,0,0.00,-1.00,0.0,1478,1478,-0.18,-3.58,2.7437,2.8868,8.2371,0
78.409,0,0,0,0.00,-1.00,0.0,1478,1478,-0.18,-3.58,3.1832,2.7084,8.7958,0
78.426,-47,-42,29,-4.86,98.31,213.8,1478,1478,-0.36,-3.85,3.1832,2.7084,8.7958,0
78.443,-47,-42,29,-4.86,98.31,213.8,1478,1478,-0.36,-3.85,3.1832,2.7084,8.7958,0
78.460,-48,-43,28,-5.14,101.82,214.2,1478,1478,-0.36,-3.85,3.1832,2.7084,8.7958,0
78.477,-47,-43,28,-5.04,101.82,214.2,1478,1478,-0.36,-3.85,3.1832,2.7084,8.7958,0
78.494,-48,-43,28,-5.14,101.82,214.2,1478,1478,-0.36,-3.85,3.1832,2.7084,8.7958,0
78.511,-48,-43,28,-5.14,101.82,214.2,1478,1478,-0.36,-3.85,3.1832,2.7084,8.7958,0
78.528,-48,-43,28,-5.14,101.82,214.2,1478,1478,-0.36,-3.85,3.1832,2.7084,8.7958,0
78.545,-49,-43,28,-5.25,101.82,214.2,1478,1478,-0.36,-3.85,3.1832,2.7084,8.7958,0
78.562,-50,-43,28,-5.36,101.82,214.2,1478,1478,-0.36,-3.85,3.1832,2.7084,8.7958,0
78.579,-51,-43,28,-5.46,101.82,214.2,1478,1478,-0.36,-3.85,3.1832,2.7084,8.7958,0
78.596,-52,-43,28,-5.57,101.82,214.2,1478,1478,-0.36,-3.85,3.1832,2.7084,8.7958,0
78.613,-53,-43,28,-5.68,101.82,214.2,1478,1478,-0.49,-3.55,3.1832,2.7084,8.7958,0
78.630,-54,-44,27,-6.00,105.59,214.5,1478,1478,-0.49,-3.55,3.1832,2.7084,8.7958,0
78.647,-55,-44,27,-6.11,105.59,214.5,1478,1478,-0.49,-3.55,3.1832,2.7084,8.7958,0
78.664,-57,-44,27,-6.33,105.59,214.5,1476,1478,-0.49,-3.55,3.1832,2.7084,8.7958,0
78.681,-57,-44,27,-6.33,105.59,214.5,1478,1478,-0.49,-3.55,3.1832,2.7084,8.7958,0
78.698,-59,-44,27,-6.56,105.59,214.5,1476,1478,-0.49,-3.55,3.1832,2.7084,8.7958,0
78.715,-60,-44,27,-6.67,105.59,214.5,1477,1478,-0.49,-3.55,3.1832,2.7084,8.7958,0
78.732,-61,-44,27,-6.78,105.59,214.5,1477,1478,-0.49,-3.55,3.1832,2.7084,8.7958,0
78.749,-62,-44,27,-6.89,105.59,214.5,1478,1478,-0.49,-3.55,3.1832,2.7084,8.7958,0
78.766,-62,-44,27,-6.89,105.59,214.5,1478,1478,-0.49,-3.55,3.1832,2.7084,8.7958,0
78.784,-64,-44,27,-7.11,105.59,214.5,1476,1478,-0.49,-3.55,3.1832,2.7084,8.7958,0
78.803,-65,-44,27,-7.22,105.59,214.5,1477,1478,-0.49,-3.55,3.1832,2.7084,8.7958,0
78.821,-67,-44,27,-7.44,105.59,214.5,1473,1478,-0.49,-3.55,3.1832,2.7084,8.7958,0
78.838,-68,-44,27,-7.56,105.59,214.5,1475,1478,-0.49,-3.55,3.1832,2.7084,8.7958,0
78.855,-69,-44,27,-7.67,105.59,214.5,1475,1478,-0.49,-3.55,3.1832,2.7084,8.7958,0
78.872,-70,-45,26,-8.08,109.65,214.9,1475,1478,-0.49,-3.55,3.1832,2.7084,8.7958,0
78.889,-70,-45,26,-8.08,109.65,214.9,1478,1478,-0.49,-3.55,3.1832,2.7084,8.7958,0
78.906,-71,-45,26,-8.19,109.65,214.9,1477,1478,-0.49,-3.55,2.3237,4.0250,7.2025,0
78.923,-71,-45,26,-8.19,109.65,214.9,1478,1478,-1.14,-3.13,2.3237,4.0250,7.2025,0
78.940,0,0,0,0.00,-1.00,0.0,1478,1478,-1.14,-3.13,2.3237,4.0250,7.2025,0
78.957,-72,-45,26,-8.31,109.65,214.9,1478,1478,-1.14,-3.13,2.3237,4.0250,7.2025,0
78.974,-72,-45,26,-8.31,109.65,214.9,1478,1478,-1.14,-3.13,2.3237,4.0250,7.2025,0
78.991,-72,-45,26,-8.31,109.65,214.9,1478,1478,-1.14,-3.13,2.3237,4.0250,7.2025,0
79.008,-72,-45,26,-8.31,109.65,214.9,1478,1478,-1.14,-3.13,2.3237,4.0250,7.2025,0
79.025,-72,-45,26,-8.31,109.65,214.9,1478,1478,-1.14,-3.13,2.3237,4.0250,7.2025,0
79.042,-72,-45,26,-8.31,109.65,214.9,1478,1478,-1.14,-3.13,2.3237,4.0250,7.2025,0
79.058,-72,-45,26,-8.31,109.65,214.9,1478,1478,-1.14,-3.13,2.3237,4.0250,7.2025,0
79.075,-72,-45,26,-8.31,109.65,214.9,1478,1478,-1.14,-3.13,2.3237,4.0250,7.2025,0
79.092,-73,-45,26,-8.42,109.65,214.9,1478,1478,-1.14,-3.13,2.3237,4.0250,7.2025,0
79.109,-73,-45,26,-8.42,109.65,214.9,1478,1478,-1.18,-3.08,2.3237,4.0250,7.2025,0
79.126,-74,-45,26,-8.54,109.65,214.9,1477,1478,-1.18,-3.08,2.3237,4.0250,7.2025,0
79.143,-74,-45,26,-8.54,109.65,214.9,1478,1478,-1.18,-3.08,2.3237,4.0250,7.2025,0
79.160,-76,-45,26,-8.77,109.65,214.9,1473,1478,-1.18,-3.08,2.3237,4.0250,7.2025,0
79.177,-77,-46,25,-9.24,114.04,215.2,1474,1478,-1.18,-3.08,2.3237,4.0250,7.2025,0
79.194,-78,-45,26,-9.00,109.65,214.9,1474,1478,-1.18,-3.08,2.3237,4.0250,7.2025,0
79.211,-80,-45,26,-9.23,109.65,214.9,1470,1478,-1.18,-3.08,2.3237,4.0250,7.2025,0
79.228,-81,-45,26,-9.35,109.65,214.9,1471,1478,-1.18,-3.08,2.3237,4.0250,7.2025,0
79.245,-82,-45,26,-9.46,109.65,214.9,1472,1478,-1.18,-3.08,2.3237,4.0250,7.2025,0
79.262,-83,-45,26,-9.58,109.65,214.9,1472,1478,-1.18,-3.08,2.3237,4.0250,7.2025,0
79.279,-85,-45,26,-9.81,109.65,214.9,1468,1478,-1.18,-3.08,2.3237,4.0250,7.2025,0
79.296,-86,-45,26,-9.92,109.65,214.9,1470,1478,-1.18,-3.08,2.3237,4.0250,7.2025,0
79.313,-87,-45,26,-10.04,109.65,214.9,1471,1478,-1.18,-3.08,2.3237,4.0250,7.2025,0
79.330,-88,-45,26,-10.15,109.65,214.9,1471,1478,-1.18,-3.08,2.3237,4.0250,7.2025,0
79.347,-89,-44,27,-9.89,105.59,214.5,1471,1478,-1.18,-3.08,2.3237,4.0250,7.2025,0
79.364,-90,-44,27,-10.00,105.59,214.5,1471,1478,-1.18,-3.08,2.3237,4.0250,7.2025,0
79.381,-91,-44,27,-10.11,105.59,214.5,1471,1478,-1.18,-3.08,2.3237,4.0250,7.2025,0
79.398,-92,-44,27,-10.22,105.59,214.5,1470,1478,-1.18,-3.08,2.3237,4.0250,7.2025,0
79.416,-93,-45,26,-10.73,109.65,214.9,1470,1478,-1.18,-3.08,3.7161,3.2465,7.7502,0
79.433,-94,-45,26,-10.85,109.65,214.9,1470,1478,-1.51,-3.09,3.7161,3.2465,7.7502,0
79.451,-95,-45,26,-10.96,109.65,214.9,1470,1478,-1.51,-3.09,3.7161,3.2465,7.7502,0
79.468,-95,-45,26,-10.96,109.65,214.9,1473,1478,-1.51,-3.09,3.7161,3.2465,7.7502,0
79.485,-96,-45,26,-11.08,109.65,214.9,1471,1478,-1.51,-3.09,3.7161,3.2465,7.7502,0
79.502,-98,-44,27,-10.89,105.59,214.5,1466,1478,-1.51,-3.09,3.7161,3.2465,7.7502,0
79.519,-99,-44,27,-11.00,105.59,214.5,1467,1478,-1.51,-3.09,3.7161,3.2465,7.7502,0
79.536,-99,-44,27,-11.00,105.59,214.5,1472,1478,-1.51,-3.09,3.7161,3.2465,7.7502,0
79.553,-100,-44,27,-11.11,105.59,214.5,1470,1478,-1.51,-3.09,3.7161,3.2465,7.7502,0
79.570,-100,-44,27,-11.11,105.59,214.5,1473,1478,-1.51,-3.09,3.7161,3.2465,7.7502,0
79.587,-100,-44,27,-11.11,105.59,214.5,1474,1478,-1.51,-3.09,3.7161,3.2465,7.7502,0
79.604,-101,-44,27,-11.22,105.59,214.5,1471,1478,-2.08,-3.17,3.7161,3.2465,7.7502,0
79.621,-101,-44,27,-11.22,105.59,214.5,1473,1478,-2.08,-3.17,3.7161,3.2465,7.7502,0
79.638,-101,-44,27,-11.22,105.59,214.5,1474,1478,-2.08,-3.17,3.7161,3.2465,7.7502,0
79.655,-102,-44,27,-11.33,105.59,214.5,1471,1478,-2.08,-3.17,3.7161,3.2465,7.7502,0
79.672,-102,-44,27,-11.33,105.59,214.5,1473,1478,-2.08,-3.17,3.7161,3.2465,7.7502,0
79.689,-103,-44,27,-11.44,105.59,214.5,1470,1478,-2.08,-3.17,3.7161,3.2465,7.7502,0
79.706,-104,-44,27,-11.56,105.59,214.5,1469,1478,-2.08,-3.17,3.7161,3.2465,7.7502,0
79.723,-104,-44,27,-11.56,105.59,214.5,1471,1478,-2.08,-3.17,3.7161,3.2465,7.7502,0
79.740,-105,-44,27,-11.67,105.59,214.5,1469,1478,-2.08,-3.17,3.7161,3.2465,7.7502,0
79.757,-106,-44,27,-11.78,105.59,214.5,1468,1478,-2.08,-3.17,3.7161,3.2465,7.7502,0
79.774,-107,-43,28,-11.46,101.82,214.2,1467,1478,-2.08,-3.17,3.7161,3.2465,7.7502,0
79.791,-108,-43,28,-11.57,101.82,214.2,1467,1478,-2.08,-3.17,3.7161,3.2465,7.7502,0
79.808,-108,-43,28,-11.57,101.82,214.2,1470,1478,-2.08,-3.17,3.7161,3.2465,7.7502,0
79.825,-109,-43,28,-11.68,101.82,214.2,1468,1478,-2.08,-3.17,3.7161,3.2465,7.7502,0
79.842,-109,-43,28,-11.68,101.82,214.2,1471,1478,-2.08,-3.17,3.7161,3.2465,7.7502,0
79.859,-110,-43,28,-11.79,101.82,214.2,1468,1478,-2.08,-3.17,3.7161,3.2465,7.7502,0
79.876,-109,-43,28,-11.68,101.82,214.2,1474,1478,-2.08,-3.17,3.7161,3.2465,7.7502,0
79.893,-109,-43,28,-11.68,101.82,214.2,1474,1478,-2.08,-3.17,3.7161,3.2465,7.7502,0
79.910,-109,-43,28,-11.68,101.82,214.2,1473,1478,-2.08,-3.17,2.1579,3.0179,6.3089,0
79.927,-109,-43,28,-11.68,101.82,214.2,1473,1478,-2.69,-2.43,2.1579,3.0179,6.3089,0
79.944,-108,-43,28,-11.57,101.82,214.2,1477,1478,-2.69,-2.43,2.1579,3.0179,6.3089,0
79.961,-107,-43,28,-11.46,101.82,214.2,1478,1478,-2.69,-2.43,2.1579,3.0179,6.3089,0
79.978,-106,-43,28,-11.36,101.82,214.2,1478,1478,-2.69,-2.43,2.1579,3.0179,6.3089,0
79.995,-106,-43,28,-11.36,101.82,214.2,1477,1478,-2.69,-2.43,2.1579,3.0179,6.3089,0
80.012,-105,-42,29,-10.86,98.31,213.8,1478,1478,-2.69,-2.43,2.1579,3.0179,6.3089,0
80.029,-104,-42,29,-10.76,98.31,213.8,1478,1478,-2.69,-2.43,2.1579,3.0179,6.3089,0
80.046,-103,-42,29,-10.66,98.31,213.8,1478,1478,-2.69,-2.43,2.1579,3.0179,6.3089,0
80.063,-102,-42,29,-10.55,98.31,213.8,1478,1478,-2.69,-2.43,2.1579,3.0179,6.3089,0
80.080,-101,-42,29,-10.45,98.31,213.8,1478,1478,-2.69,-2.43,2.1579,3.0179,6.3089,0
80.097,-100,-42,29,-10.34,98.31,213.8,1478,1478,-2.69,-2.43,2.1579,3.0179,6.3089,0
80.114,-98,-42,29,-10.14,98.31,213.8,1478,1478,-2.17,-1.93,2.1579,3.0179,6.3089,0
80.132,-96,-42,29,-9.93,98.31,213.8,1478,1478,-2.17,-1.93,2.1579,3.0179,6.3089,0
80.149,-95,-42,29,-9.83,98.31,213.8,1478,1478,-2.17,-1.93,2.1579,3.0179,6.3089,0
80.167,-93,-42,29,-9.62,98.31,213.8,1478,1478,-2.17,-1.93,2.1579,3.0179,6.3089,0
80.184,-92,-41,30,-9.20,95.03,213.5,1478,1478,-2.17,-1.93,2.1579,3.0179,6.3089,0
80.202,-90,-41,30,-9.00,95.03,213.5,1478,1478,-2.17,-1.93,2.1579,3.0179,6.3089,0
80.219,-86,-41,30,-8.60,95.03,213.5,1478,1478,-2.17,-1.93,2.1579,3.0179,6.3089,0
80.236,-86,-41,30,-8.60,95.03,213.5,1478,1478,-2.17,-1.93,2.1579,3.0179,6.3089,0
80.253,-84,-41,30,-8.40,95.03,213.5,1478,1478,-2.17,-1.93,2.1579,3.0179,6.3089,0
80.270,-81,-41,30,-8.10,95.03,213.5,1478,1478,-2.17,-1.93,2.1579,3.0179,6.3089,0
80.287,-79,-41,30,-7.90,95.03,213.5,1478,1478,-2.17,-1.93,2.1579,3.0179,6.3089,0
80.304,-78,-40,31,-7.55,91.96,213.1,1478,1478,-2.17,-1.93,2.1579,3.0179,6.3089,0
80.321,-76,-40,31,-7.35,91.96,213.1,1478,1478,-2.17,-1.93,2.1579,3.0179,6.3089,0
80.338,-75,-40,31,-7.26,91.96,213.1,1478,1478,-2.17,-1.93,2.1579,3.0179,6.3089,0
80.355,-73,-40,31,-7.06,91.96,213.1,1478,1478,-2.17,-1.93,2.1579,3.0179,6.3089,0
80.372,-72,-40,31,-6.97,91.96,213.1,1478,1478,-2.17,-1.93,2.1579,3.0179,6.3089,0
80.389,-71,-40,31,-6.87,91.96,213.1,1478,1478,-2.17,-1.93,2.1579,3.0179,6.3089,0
80.406,-70,-40,31,-6.77,91.96,213.1,1478,1478,-2.17,-1.93,3.3733,3.1763,7.8176,0
80.423,-69,-40,31,-6.68,91.96,213.1,1478,1478,-0.79,-1.80,3.3733,3.1763,7.8176,0
80.440,-67,-39,32,-6.28,89.09,212.8,1478,1478,-0.79,-1.80,3.3733,3.1763,7.8176,0
80.457,-67,-39,32,-6.28,89.09,212.8,1478,1478,-0.79,-1.80,3.3733,3.1763,7.8176,0
80.474,-66,-40,31,-6.39,91.96,213.1,1478,1478,-0.79,-1.80,3.3733,3.1763,7.8176,0
80.491,-65,-39,32,-6.09,89.09,212.8,1478,1478,-0.79,-1.80,3.3733,3.1763,7.8176,0
80.508,-65,-39,32,-6.09,89.09,212.8,1478,1478,-0.79,-1.80,3.3733,3.1763,7.8176,0
80.525,-64,-39,32,-6.00,89.09,212.8,1478,1478,-0.79,-1.80,3.3733,3.1763,7.8176,0
80.542,-64,-39,32,-6.00,89.09,212.8,1478,1478,-0.79,-1.80,3.3733,3.1763,7.8176,0
80.559,-63,-39,32,-5.91,89.09,212.8,1478,1478,-0.79,-1.80,3.3733,3.1763,7.8176,0
80.576,-62,-39,32,-5.81,89.09,212.8,1478,1478,-0.79,-1.80,3.3733,3.1763,7.8176,0
80.593,-61,-38,33,-5.55,86.39,212.4,1478,1478,-0.79,-1.80,3.3733,3.1763,7.8176,0
80.610,-60,-38,33,-5.45,86.39,212.4,1478,1478,0.05,-1.16,3.3733,3.1763,7.8176,0
80.627,-59,-38,33,-5.36,86.39,212.4,1478,1478,0.05,-1.16,3.3733,3.1763,7.8176,0
80.644,-58,-38,33,-5.27,86.39,212.4,1478,1478,0.05,-1.16,3.3733,3.1763,7.8176,0
80.661,-56,-37,34,-4.94,83.85,212.1,1478,1478,0.05,-1.16,3.3733,3.1763,7.8176,0
80.678,-55,-37,34,-4.85,83.85,212.1,1478,1478,0.05,-1.16,3.3733,3.1763,7.8176,0
80.695,-53,-38,33,-4.82,86.39,212.4,1478,1478,0.05,-1.16,3.3733,3.1763,7.8176,0
80.712,-52,-37,34,-4.59,83.85,212.1,1478,1478,0.05,-1.16,3.3733,3.1763,7.8176,0
80.729,-51,-37,34,-4.50,83.85,212.1,1478,1478,0.05,-1.16,3.3733,3.1763,7.8176,0
80.746,-50,-37,34,-4.41,83.85,212.1,1478,1478,0.05,-1.16,3.3733,3.1763,7.8176,0
80.763,-49,-36,35,-4.20,81.45,211.8,1478,1478,0.05,-1.16,3.3733,3.1763,7.8176,0
80.780,-49,-36,35,-4.20,81.45,211.8,1478,1478,0.05,-1.16,3.3733,3.1763,7.8176,0
80.798,-48,-36,35,-4.11,81.45,211.8,1478,1478,0.05,-1.16,3.3733,3.1763,7.8176,0
80.815,-48,-36,35,-4.11,81.45,211.8,1478,1478,0.05,-1.16,3.3733,3.1763,7.8176,0
80.832,-48,-36,35,-4.11,81.45,211.8,1478,1478,0.05,-1.16,3.3733,3.1763,7.8176,0
80.852,-48,-35,36,-4.00,79.19,211.4,1478,1478,0.05,-1.16,3.3733,3.1763,7.8176,0
80.869,-48,-35,36,-4.00,79.19,211.4,1478,1478,0.05,-1.16,3.3733,3.1763,7.8176,0
80.886,-48,-35,36,-4.00,79.19,211.4,1478,1478,0.05,-1.16,3.3733,3.1763,7.8176,0
80.903,-49,-35,36,-4.08,79.19,211.4,1478,1478,0.05,-1.16,1.8601,2.9305,8.2211,0
80.920,-50,-35,36,-4.17,79.19,211.4,1478,1478,-0.34,-1.47,1.8601,2.9305,8.2211,0
80.937,-50,-35,36,-4.17,79.19,211.4,1478,1478,-0.34,-1.47,1.8601,2.9305,8.2211,0
80.954,-51,-34,37,-4.14,77.05,211.0,1478,1478,-0.34,-1.47,1.8601,2.9305,8.2211,0
80.971,-52,-34,37,-4.22,77.05,211.0,1478,1478,-0.34,-1.47,1.8601,2.9305,8.2211,0
80.988,-52,-34,37,-4.22,77.05,211.0,1478,1478,-0.34,-1.47,1.8601,2.9305,8.2211,0
81.005,-54,-33,38,-4.26,75.02,210.7,1478,1478,-0.34,-1.47,1.8601,2.9305,8.2211,0
81.022,-55,-33,38,-4.34,75.02,210.7,1478,1478,-0.34,-1.47,1.8601,2.9305,8.2211,0
81.039,-56,-33,38,-4.42,75.02,210.7,1478,1478,-0.34,-1.47,1.8601,2.9305,8.2211,0
81.056,-57,-33,38,-4.50,75.02,210.7,1478,1478,-0.34,-1.47,1.8601,2.9305,8.2211,0
81.073,-57,-32,39,-4.38,73.10,210.3,1478,1478,-0.34,-1.47,1.8601,2.9305,8.2211,0
81.090,-58,-32,39,-4.46,73.10,210.3,1478,1478,-0.34,-1.47,1.8601,2.9305,8.2211,0
81.107,-58,-32,39,-4.46,73.10,210.3,1478,1478,-0.80,-1.46,1.8601,2.9305,8.2211,0
81.124,-58,-32,39,-4.46,73.10,210.3,1478,1478,-0.80,-1.46,1.8601,2.9305,8.2211,0
81.141,-58,-31,40,-4.35,71.27,210.0,1478,1478,-0.80,-1.46,1.8601,2.9305,8.2211,0
81.158,-58,-31,40,-4.35,71.27,210.0,1478,1478,-0.80,-1.46,1.8601,2.9305,8.2211,0
81.175,-58,-31,40,-4.35,71.27,210.0,1478,1478,-0.80,-1.46,1.8601,2.9305,8.2211,0
81.192,-57,-31,40,-4.28,71.27,210.0,1478,1478,-0.80,-1.46,1.8601,2.9305,8.2211,0
81.209,-57,-30,41,-4.17,69.53,209.6,1478,1478,-0.80,-1.46,1.8601,2.9305,8.2211,0
81.226,-56,-30,41,-4.10,69.53,209.6,1478,1478,-0.80,-1.46,1.8601,2.9305,8.2211,0
81.243,-54,-30,41,-3.95,69.53,209.6,1478,1478,-0.80,-1.46,1.8601,2.9305,8.2211,0
81.260,-54,-30,41,-3.95,69.53,209.6,1478,1478,-0.80,-1.46,1.8601,2.9305,8.2211,0
81.277,-53,-30,41,-3.88,69.53,209.6,1478,1478,-0.80,-1.46,1.8601,2.9305,8.2211,0
81.294,-52,-29,42,-3.71,67.88,209.3,1478,1478,-0.80,-1.46,1.8601,2.9305,8.2211,0
81.311,-52,-29,42,-3.71,67.88,209.3,1478,1478,-0.80,-1.46,1.8601,2.9305,8.2211,0
81.328,-51,-29,42,-3.64,67.88,209.3,1478,1478,-0.80,-1.46,1.8601,2.9305,8.2211,0
81.345,-52,-28,43,-3.63,66.30,208.9,1478,1478,-0.80,-1.46,1.8601,2.9305,8.2211,0
81.362,-52,-28,43,-3.63,66.30,208.9,1478,1478,-0.80,-1.46,1.8601,2.9305,8.2211,0
81.379,-53,-28,43,-3.70,66.30,208.9,1478,1478,-0.80,-1.46,1.8601,2.9305,8.2211,0
81.396,-54,-27,44,-3.68,64.79,208.6,1478,1478,-0.80,-1.46,1.8601,2.9305,8.2211,0
81.413,-55,-27,44,-3.75,64.79,208.6,1478,1478,-0.80,-1.46,1.8477,2.1978,7.8703,0
81.430,-56,-26,45,-3.73,63.35,208.2,1478,1478,-0.35,-1.04,1.8477,2.1978,7.8703,0
81.447,-59,-25,46,-3.85,61.98,207.9,1472,1478,-0.35,-1.04,1.8477,2.1978,7.8703,0
81.464,-61,-25,46,-3.98,61.98,207.9,1471,1478,-0.35,-1.04,1.8477,2.1978,7.8703,0
81.481,-63,-24,47,-4.02,60.66,207.5,1471,1478,-0.35,-1.04,1.8477,2.1978,7.8703,0
81.499,-66,-24,47,-4.21,60.66,207.5,1466,1478,-0.35,-1.04,1.8477,2.1978,7.8703,0
81.516,-68,-23,48,-4.25,59.39,207.2,1468,1478,-0.35,-1.04,1.8477,2.1978,7.8703,0
81.534,-74,-22,49,-4.53,58.18,206.8,1454,1478,-0.35,-1.04,1.8477,2.1978,7.8703,0
