elapsed_s,err_x_px,err_pitch_px,target_roll_us,target_pitch_us,actual_roll_deg,actual_pitch_deg,vib_x,vib_y,vib_z,aligned
0.000,6,-16,1522,1470,-0.30,2.13,3.3988,1.6770,8.4491,1
0.017,6,-16,1522,1478,-0.30,2.13,3.3988,1.6770,8.4491,1
0.034,7,-16,1522,1478,-0.30,2.13,3.3988,1.6770,8.4491,1
0.052,8,-16,1522,1478,-0.30,2.13,3.3988,1.6770,8.4491,1
0.069,9,-16,1522,1478,-0.30,2.13,3.3988,1.6770,8.4491,1
0.086,10,-16,1522,1478,-0.30,2.13,3.3988,1.6770,8.4491,1
0.103,11,-16,1522,1478,-0.30,2.13,3.3988,1.6770,8.4491,1
0.121,11,-16,1522,1478,-0.30,2.13,3.3988,1.6770,8.4491,1
0.138,12,-16,1522,1478,-0.49,2.50,3.3988,1.6770,8.4491,1
0.155,12,-16,1522,1478,-0.49,2.50,3.3988,1.6770,8.4491,1
0.172,13,-16,1522,1478,-0.49,2.50,3.3988,1.6770,8.4491,1
0.191,14,-16,1522,1478,-0.49,2.50,3.3988,1.6770,8.4491,1
0.208,15,-16,1522,1478,-0.49,2.50,1.6529,2.4478,4.8556,1
0.225,16,-16,1522,1478,-0.49,2.50,1.6529,2.4478,4.8556,1
0.244,17,-16,1522,1478,-0.49,2.50,1.6529,2.4478,4.8556,1
0.261,18,-16,1522,1478,-0.49,2.50,1.6529,2.4478,4.8556,1
0.278,19,-16,1522,1478,-0.49,2.50,1.6529,2.4478,4.8556,1
0.295,19,-16,1522,1478,-0.49,2.50,1.6529,2.4478,4.8556,1
0.313,20,-16,1522,1478,-0.49,2.50,1.6529,2.4478,4.8556,1
0.330,21,-16,1522,1478,-0.49,2.50,1.6529,2.4478,4.8556,1
0.347,21,-16,1522,1478,-0.49,2.50,1.6529,2.4478,4.8556,1
0.365,22,-16,1522,1478,-0.49,2.50,1.6529,2.4478,4.8556,1
0.382,23,-16,1522,1478,-0.49,2.50,1.6529,2.4478,4.8556,1
0.399,23,-16,1522,1478,-0.68,2.85,1.6529,2.4478,4.8556,1
0.417,24,-16,1522,1478,-0.68,2.85,1.6529,2.4478,4.8556,1
0.434,25,-16,1522,1478,-0.68,2.85,1.6529,2.4478,4.8556,1
0.451,25,-16,1522,1478,-0.68,2.85,2.3203,2.2360,5.5934,1
0.468,26,-16,1522,1478,-0.68,2.85,2.3203,2.2360,5.5934,1
0.485,27,-16,1522,1478,-0.68,2.85,2.3203,2.2360,5.5934,1
0.502,28,-16,1522,1478,-0.68,2.85,2.3203,2.2360,5.5934,1
0.521,29,-16,1522,1478,-0.68,2.85,2.3203,2.2360,5.5934,1
0.538,29,-16,1522,1478,-0.68,2.85,2.3203,2.2360,5.5934,1
0.556,30,-16,1522,1478,-0.68,2.85,2.3203,2.2360,5.5934,1
0.573,31,-16,1522,1478,-0.68,2.85,2.3203,2.2360,5.5934,1
0.590,32,-16,1522,1478,-0.68,2.85,2.3203,2.2360,5.5934,1
0.607,32,-16,1522,1478,-0.68,2.85,2.3203,2.2360,5.5934,1
0.626,33,-16,1522,1478,-0.68,2.85,2.3203,2.2360,5.5934,1
0.643,33,-16,1522,1478,-0.68,2.93,2.3203,2.2360,5.5934,1
0.661,34,-15,1522,1500,-0.68,2.93,2.3203,2.2360,5.5934,1
0.678,34,-16,1522,1478,-0.68,2.93,2.3203,2.2360,5.5934,1
0.695,35,-15,1522,1500,-0.68,2.93,2.5120,1.7280,7.4161,1
0.713,35,-15,1522,1478,-0.68,2.93,2.5120,1.7280,7.4161,1
0.730,36,-15,1522,1478,-0.68,2.93,2.5120,1.7280,7.4161,1
0.747,37,-15,1522,1478,-0.68,2.93,2.5120,1.7280,7.4161,1
0.765,37,-15,1522,1478,-0.68,2.93,2.5120,1.7280,7.4161,1
0.782,38,-15,1522,1478,-0.68,2.93,2.5120,1.7280,7.4161,1
0.800,39,-15,1522,1478,-0.68,2.93,2.5120,1.7280,7.4161,1
0.817,39,-15,1522,1478,-0.68,2.93,2.5120,1.7280,7.4161,1
0.837,39,-15,1522,1478,-0.68,2.93,2.5120,1.7280,7.4161,1
0.854,40,-15,1522,1478,-0.68,2.93,2.5120,1.7280,7.4161,1
0.871,40,-15,1522,1478,-0.68,2.93,2.5120,1.7280,7.4161,1
0.888,41,-14,1522,1500,-0.67,2.78,2.5120,1.7280,7.4161,1
0.905,42,-14,1522,1500,-0.67,2.78,2.5120,1.7280,7.4161,1
0.922,43,-14,1522,1478,-0.67,2.78,2.5120,1.7280,7.4161,1
0.939,43,-14,1522,1478,-0.67,2.78,2.5120,1.7280,7.4161,1
0.958,44,-14,1522,1478,-0.67,2.78,2.3062,1.8007,7.2643,1
0.977,44,-14,1522,1478,-0.67,2.78,2.3062,1.8007,7.2643,1
0.994,45,-13,1522,1500,-0.67,2.78,2.3062,1.8007,7.2643,1
1.011,45,-13,1522,1500,-0.67,2.78,2.3062,1.8007,7.2643,1
1.029,45,-13,1522,1478,-0.67,2.78,2.3062,1.8007,7.2643,1
1.046,45,-13,1522,1478,-0.67,2.78,2.3062,1.8007,7.2643,1
1.064,46,-13,1522,1478,-0.67,2.78,2.3062,1.8007,7.2643,1
1.081,46,-13,1522,1478,-0.67,2.78,2.3062,1.8007,7.2643,1
1.098,47,-12,1522,1500,-0.67,2.78,2.3062,1.8007,7.2643,1
1.115,47,-12,1522,1500,-0.67,2.78,2.3062,1.8007,7.2643,1
1.132,47,-12,1522,1500,-0.50,2.55,2.3062,1.8007,7.2643,1
1.149,47,-12,1522,1478,-0.50,2.55,2.3062,1.8007,7.2643,1
1.167,46,-11,1522,1500,-0.50,2.55,2.3062,1.8007,7.2643,1
1.184,46,-11,1522,1500,-0.50,2.55,2.3062,1.8007,7.2643,1
1.202,46,-12,1522,1478,-0.50,2.55,1.9027,2.2112,6.1638,1
1.220,46,-11,1522,1500,-0.50,2.55,1.9027,2.2112,6.1638,1
1.238,46,-11,1522,1500,-0.50,2.55,1.9027,2.2112,6.1638,1
1.255,46,-11,1522,1500,-0.50,2.55,1.9027,2.2112,6.1638,1
1.273,46,-10,1522,1500,-0.50,2.55,1.9027,2.2112,6.1638,1
1.290,45,-10,1522,1500,-0.50,2.55,1.9027,2.2112,6.1638,1
1.307,45,-10,1522,1500,-0.50,2.55,1.9027,2.2112,6.1638,1
1.324,45,-9,1522,1500,-0.50,2.55,1.9027,2.2112,6.1638,1
1.342,45,-9,1522,1500,-0.50,2.55,1.9027,2.2112,6.1638,1
1.359,45,-9,1522,1500,-0.50,2.55,1.9027,2.2112,6.1638,1
1.377,44,-8,1522,1500,-0.50,2.55,1.9027,2.2112,6.1638,1
1.396,44,-8,1522,1500,-0.31,2.74,1.9027,2.2112,6.1638,1
1.413,44,-8,1522,1500,-0.31,2.74,1.9027,2.2112,6.1638,1
1.431,43,-8,1522,1500,-0.31,2.74,1.9027,2.2112,6.1638,1
1.449,43,-7,1522,1500,-0.31,2.74,2.6954,1.3982,7.9862,1
1.466,43,-7,1522,1500,-0.31,2.74,2.6954,1.3982,7.9862,1
1.484,43,-7,1522,1500,-0.31,2.74,2.6954,1.3982,7.9862,1
1.501,43,-7,1522,1500,-0.31,2.74,2.6954,1.3982,7.9862,1
1.519,42,-6,1522,1500,-0.31,2.74,2.6954,1.3982,7.9862,1
1.536,42,-6,1522,1500,-0.31,2.74,2.6954,1.3982,7.9862,1
1.554,41,-5,1522,1522,-0.31,2.74,2.6954,1.3982,7.9862,1
1.571,41,-5,1522,1500,-0.31,2.74,2.6954,1.3982,7.9862,1
1.589,41,-5,1522,1500,-0.31,2.74,2.6954,1.3982,7.9862,1
1.607,41,-5,1522,1500,-0.31,2.74,2.6954,1.3982,7.9862,1
1.624,41,-5,1522,1500,-0.31,2.74,2.6954,1.3982,7.9862,1
1.641,40,-4,1522,1522,-0.11,2.75,2.6954,1.3982,7.9862,1
1.659,40,-3,1522,1522,-0.11,2.75,2.6954,1.3982,7.9862,1
1.677,40,-3,1522,1500,-0.11,2.75,2.6954,1.3982,7.9862,1
1.694,40,-2,1522,1522,-0.11,2.75,2.2053,2.5687,5.5339,1
1.712,40,-2,1522,1500,-0.11,2.75,2.2053,2.5687,5.5339,1
1.729,40,-2,1522,1500,-0.11,2.75,2.2053,2.5687,5.5339,1
1.748,39,-2,1522,1500,-0.11,2.75,2.2053,2.5687,5.5339,1
1.765,39,-1,1522,1522,-0.11,2.75,2.2053,2.5687,5.5339,1
1.782,39,-1,1522,1500,-0.11,2.75,2.2053,2.5687,5.5339,1
1.799,38,0,1522,1522,-0.11,2.75,2.2053,2.5687,5.5339,1
1.816,38,0,1522,1500,-0.11,2.75,2.2053,2.5687,5.5339,1
1.833,37,0,1522,1500,-0.11,2.75,2.2053,2.5687,5.5339,1
1.850,37,1,1522,1522,-0.11,2.75,2.2053,2.5687,5.5339,1
1.868,36,1,1522,1500,-0.11,2.75,2.2053,2.5687,5.5339,1
1.885,36,1,1522,1500,0.30,2.32,2.2053,2.5687,5.5339,1
1.903,35,2,1522,1522,0.30,2.32,2.2053,2.5687,5.5339,1
1.921,35,2,1522,1500,0.30,2.32,2.2053,2.5687,5.5339,1
1.939,34,3,1522,1522,0.30,2.32,2.2053,2.5687,5.5339,1
1.956,34,3,1522,1522,0.30,2.32,2.8929,1.8181,8.0707,1
1.974,33,4,1522,1522,0.30,2.32,2.8929,1.8181,8.0707,1
1.993,33,4,1522,1522,0.30,2.32,2.8929,1.8181,8.0707,1
2.012,33,4,1522,1500,0.30,2.32,2.8929,1.8181,8.0707,1
2.029,32,5,1522,1522,0.30,2.32,2.8929,1.8181,8.0707,1
2.046,32,5,1522,1522,0.30,2.32,2.8929,1.8181,8.0707,1
2.064,31,6,1522,1522,0.30,2.32,2.8929,1.8181,8.0707,1
2.081,31,6,1522,1522,0.30,2.32,2.8929,1.8181,8.0707,1
2.098,31,6,1522,1500,0.30,2.32,2.8929,1.8181,8.0707,1
2.115,30,7,1522,1522,0.30,2.32,2.8929,1.8181,8.0707,1
2.133,30,7,1522,1522,0.89,2.02,2.8929,1.8181,8.0707,1
2.151,30,8,1522,1522,0.89,2.02,2.8929,1.8181,8.0707,1
2.168,30,8,1522,1522,0.89,2.02,2.8929,1.8181,8.0707,1
2.185,30,9,1522,1522,0.89,2.02,2.8929,1.8181,8.0707,1
2.203,30,9,1522,1522,0.89,2.02,1.9266,2.4955,6.3188,1
2.220,29,10,1522,1522,0.89,2.02,1.9266,2.4955,6.3188,1
2.238,29,10,1522,1522,0.89,2.02,1.9266,2.4955,6.3188,1
2.255,29,10,1522,1522,0.89,2.02,1.9266,2.4955,6.3188,1
2.272,29,10,1522,1522,0.89,2.02,1.9266,2.4955,6.3188,1
2.289,29,11,1522,1522,0.89,2.02,1.9266,2.4955,6.3188,1
2.307,29,11,1522,1522,0.89,2.02,1.9266,2.4955,6.3188,1
2.324,29,12,1522,1522,0.89,2.02,1.9266,2.4955,6.3188,1
2.341,29,12,1522,1522,0.89,2.02,1.9266,2.4955,6.3188,1
2.358,30,13,1522,1522,0.89,2.02,1.9266,2.4955,6.3188,1
2.376,30,13,1522,1522,0.89,2.02,1.9266,2.4955,6.3188,1
2.393,30,13,1522,1522,1.35,2.16,1.9266,2.4955,6.3188,1
2.411,30,14,1522,1522,1.35,2.16,1.9266,2.4955,6.3188,1
2.428,30,14,1522,1522,1.35,2.16,1.9266,2.4955,6.3188,1
2.446,31,15,1522,1522,1.35,2.16,1.4802,2.7816,6.2668,1
2.464,31,15,1522,1522,1.35,2.16,1.4802,2.7816,6.2668,1
2.481,31,15,1522,1522,1.35,2.16,1.4802,2.7816,6.2668,1
2.500,31,15,1522,1522,1.35,2.16,1.4802,2.7816,6.2668,1
2.517,32,16,1522,1522,1.35,2.16,1.4802,2.7816,6.2668,1
2.535,32,16,1522,1522,1.35,2.16,1.4802,2.7816,6.2668,1
2.552,33,16,1522,1522,1.35,2.16,1.4802,2.7816,6.2668,1
2.569,34,17,1522,1522,1.35,2.16,1.4802,2.7816,6.2668,1
2.587,35,17,1522,1522,1.35,2.16,1.4802,2.7816,6.2668,1
2.604,36,17,1522,1522,1.35,2.16,1.4802,2.7816,6.2668,1
2.622,37,18,1522,1522,1.35,2.16,1.4802,2.7816,6.2668,1
2.639,38,18,1522,1522,1.03,2.34,1.4802,2.7816,6.2668,1
2.656,39,18,1522,1522,1.03,2.34,1.4802,2.7816,6.2668,1
2.673,40,19,1522,1522,1.03,2.34,1.4802,2.7816,6.2668,1
2.691,41,19,1522,1522,1.03,2.34,1.4802,2.7816,6.2668,1
2.708,42,19,1522,1522,1.03,2.34,1.5761,2.5016,5.7491,1
2.725,43,19,1522,1522,1.03,2.34,1.5761,2.5016,5.7491,1
2.742,45,20,1522,1522,1.03,2.34,1.5761,2.5016,5.7491,1
2.760,46,20,1522,1522,1.03,2.34,1.5761,2.5016,5.7491,1
2.777,47,20,1522,1522,1.03,2.34,1.5761,2.5016,5.7491,1
2.795,50,20,1522,1522,1.03,2.34,1.5761,2.5016,5.7491,1
2.812,51,21,1522,1522,1.03,2.34,1.5761,2.5016,5.7491,1
2.829,52,21,1522,1522,1.03,2.34,1.5761,2.5016,5.7491,1
2.846,54,21,1522,1522,1.03,2.34,1.5761,2.5016,5.7491,1
2.863,55,21,1522,1522,1.03,2.34,1.5761,2.5016,5.7491,1
2.880,58,22,1522,1522,1.03,2.34,1.5761,2.5016,5.7491,1
2.897,60,22,1522,1522,0.47,2.55,1.5761,2.5016,5.7491,1
2.914,61,22,1522,1522,0.47,2.55,1.5761,2.5016,5.7491,0
2.932,63,22,1522,1522,0.47,2.55,1.5761,2.5016,5.7491,0
2.950,67,23,1529,1522,0.47,2.55,1.8287,2.6519,6.5716,0
2.967,69,23,1527,1522,0.47,2.55,1.8287,2.6519,6.5716,0
2.987,70,23,1523,1522,0.47,2.55,1.8287,2.6519,6.5716,0
3.004,72,23,1525,1522,0.47,2.55,1.8287,2.6519,6.5716,0
3.022,73,23,1522,1522,0.47,2.55,1.8287,2.6519,6.5716,0
3.039,75,23,1524,1522,0.47,2.55,1.8287,2.6519,6.5716,0
3.056,78,24,1529,1522,0.47,2.55,1.8287,2.6519,6.5716,0
3.073,79,24,1525,1522,0.47,2.55,1.8287,2.6519,6.5716,0
3.091,80,23,1523,1522,0.47,2.55,1.8287,2.6519,6.5716,0
3.108,81,24,1523,1522,0.47,2.55,1.8287,2.6519,6.5716,0
3.125,84,24,1528,1522,0.47,2.55,1.8287,2.6519,6.5716,0
3.143,85,24,1525,1522,0.23,2.02,1.8287,2.6519,6.5716,0
3.160,86,24,1524,1522,0.23,2.02,1.8287,2.6519,6.5716,0
3.178,88,24,1527,1522,0.23,2.02,1.8287,2.6519,6.5716,0
3.195,89,24,1525,1522,0.23,2.02,2.3983,2.6204,7.9916,0
3.213,92,24,1530,1522,0.23,2.02,2.3983,2.6204,7.9916,0
3.230,94,24,1530,1522,0.23,2.02,2.3983,2.6204,7.9916,0
3.247,95,24,1528,1522,0.23,2.02,2.3983,2.6204,7.9916,0
3.264,97,24,1529,1522,0.23,2.02,2.3983,2.6204,7.9916,0
3.281,99,24,1530,1522,0.23,2.02,2.3983,2.6204,7.9916,0
3.298,100,24,1528,1522,0.23,2.02,2.3983,2.6204,7.9916,0
3.316,104,24,1536,1522,0.23,2.02,2.3983,2.6204,7.9916,0
3.333,106,24,1534,1522,0.23,2.02,2.3983,2.6204,7.9916,0
3.350,108,24,1534,1522,0.23,2.02,2.3983,2.6204,7.9916,0
3.368,111,24,1537,1522,0.23,2.02,2.3983,2.6204,7.9916,0
3.385,113,24,1535,1522,0.49,1.75,2.3983,2.6204,7.9916,0
3.402,118,24,1544,1522,0.49,1.75,2.3983,2.6204,7.9916,0
3.420,120,24,1540,1522,0.49,1.75,2.3983,2.6204,7.9916,0
3.438,123,24,1540,1522,0.49,1.75,2.3983,2.6204,7.9916,0
3.455,125,24,1539,1522,0.49,1.75,2.5146,2.9140,7.9190,0
3.472,127,23,1538,1522,0.49,1.75,2.5146,2.9140,7.9190,0
3.490,129,23,1538,1522,0.49,1.75,2.5146,2.9140,7.9190,0
3.507,133,23,1544,1522,0.49,1.75,2.5146,2.9140,7.9190,0
3.525,136,23,1544,1522,0.49,1.75,2.5146,2.9140,7.9190,0
3.543,138,23,1541,1522,0.49,1.75,2.5146,2.9140,7.9190,0
3.560,141,23,1544,1522,0.49,1.75,2.5146,2.9140,7.9190,0
3.578,145,23,1548,1522,0.49,1.75,2.5146,2.9140,7.9190,0
3.595,147,23,1544,1522,0.49,1.75,2.5146,2.9140,7.9190,0
3.615,149,23,1542,1522,0.49,1.75,2.5146,2.9140,7.9190,0
3.632,151,23,1542,1522,0.99,1.38,2.5146,2.9140,7.9190,0
3.650,156,23,1551,1522,0.99,1.38,2.5146,2.9140,7.9190,0
3.667,158,22,1547,1522,0.99,1.38,2.5146,2.9140,7.9190,0
3.684,160,22,1545,1522,0.99,1.38,2.5146,2.9140,7.9190,0
3.701,163,22,1548,1522,0.99,1.38,2.4651,2.9217,7.7217,0
3.719,166,22,1549,1522,0.99,1.38,2.4651,2.9217,7.7217,0
3.736,171,21,1557,1522,0.99,1.38,2.4651,2.9217,7.7217,0
3.753,172,21,1548,1522,0.99,1.38,2.4651,2.9217,7.7217,0
3.771,174,21,1547,1522,0.99,1.38,2.4651,2.9217,7.7217,0
3.789,176,21,1547,1522,0.99,1.38,2.4651,2.9217,7.7217,0
3.806,178,21,1547,1522,0.99,1.38,2.4651,2.9217,7.7217,0
3.823,182,21,1553,1522,0.99,1.38,2.4651,2.9217,7.7217,0
3.843,184,20,1550,1522,0.99,1.38,2.4651,2.9217,7.7217,0
3.861,185,20,1546,1522,0.99,1.38,2.4651,2.9217,7.7217,0
3.879,188,20,1550,1522,0.99,1.38,2.4651,2.9217,7.7217,0
3.896,189,20,1547,1522,1.31,1.25,2.4651,2.9217,7.7217,0
3.913,192,20,1552,1522,1.31,1.25,2.4651,2.9217,7.7217,0
3.930,193,19,1548,1500,1.31,1.25,2.4651,2.9217,7.7217,0
3.947,194,19,1546,1522,1.31,1.25,2.1275,2.9366,7.0048,0
3.965,197,19,1551,1522,1.31,1.25,2.1275,2.9366,7.0048,0
3.984,198,18,1548,1500,1.31,1.25,2.1275,2.9366,7.0048,0
4.002,199,18,1547,1522,1.31,1.25,2.1275,2.9366,7.0048,0
4.019,201,19,1549,1522,1.31,1.25,2.1275,2.9366,7.0048,0
4.036,202,18,1548,1522,1.31,1.25,2.1275,2.9366,7.0048,0
4.055,203,18,1547,1522,1.31,1.25,2.1275,2.9366,7.0048,0
4.073,204,18,1546,1522,1.31,1.25,2.1275,2.9366,7.0048,0
4.090,206,18,1550,1522,1.31,1.25,2.1275,2.9366,7.0048,0
4.108,207,17,1548,1500,1.31,1.25,2.1275,2.9366,7.0048,0
4.125,208,17,1548,1522,1.31,1.25,2.1275,2.9366,7.0048,0
4.142,208,17,1544,1522,0.96,1.36,2.1275,2.9366,7.0048,0
4.159,208,17,1543,1522,0.96,1.36,2.1275,2.9366,7.0048,0
4.177,208,17,1542,1522,0.96,1.36,2.1275,2.9366,7.0048,0
4.194,207,16,1539,1500,0.96,1.36,2.4948,2.8322,7.0049,0
4.212,206,16,1537,1522,0.96,1.36,2.4948,2.8322,7.0049,0
4.229,205,16,1536,1522,0.96,1.36,2.4948,2.8322,7.0049,0
4.247,204,16,1535,1522,0.96,1.36,2.4948,2.8322,7.0049,0
4.265,203,16,1535,1522,0.96,1.36,2.4948,2.8322,7.0049,0
4.282,200,16,1528,1522,0.96,1.36,2.4948,2.8322,7.0049,0
4.299,199,15,1531,1500,0.96,1.36,2.4948,2.8322,7.0049,0
4.317,198,15,1532,1522,0.96,1.36,2.4948,2.8322,7.0049,0
4.335,196,15,1529,1522,0.96,1.36,2.4948,2.8322,7.0049,0
4.352,195,15,1531,1522,0.96,1.36,2.4948,2.8322,7.0049,0
4.369,194,15,1532,1522,0.96,1.36,2.4948,2.8322,7.0049,0
4.386,193,14,1532,1500,0.03,1.69,2.4948,2.8322,7.0049,0
4.404,192,14,1532,1522,0.03,1.69,2.4948,2.8322,7.0049,0
4.421,191,14,1532,1522,0.03,1.69,2.4948,2.8322,7.0049,0
4.438,189,14,1529,1522,0.03,1.69,2.4948,2.8322,7.0049,0
4.455,187,13,1527,1500,0.03,1.69,2.4411,3.2908,6.9794,0
4.473,186,13,1529,1522,0.03,1.69,2.4411,3.2908,6.9794,0
4.491,185,13,1530,1522,0.03,1.69,2.4411,3.2908,6.9794,0
4.509,184,13,1530,1522,0.03,1.69,2.4411,3.2908,6.9794,0
4.527,183,13,1530,1522,0.03,1.69,2.4411,3.2908,6.9794,0
4.545,182,12,1530,1500,0.03,1.69,2.4411,3.2908,6.9794,0
4.562,180,12,1527,1522,0.03,1.69,2.4411,3.2908,6.9794,0
4.579,178,12,1525,1522,0.03,1.69,2.4411,3.2908,6.9794,0
4.597,177,12,1527,1522,0.03,1.69,2.4411,3.2908,6.9794,0
4.614,174,11,1522,1500,0.03,1.69,2.4411,3.2908,6.9794,0
4.631,171,11,1522,1500,-0.65,1.24,2.4411,3.2908,6.9794,0
4.649,169,11,1522,1522,-0.65,1.24,2.4411,3.2908,6.9794,0
4.666,167,10,1522,1478,-0.65,1.24,2.4411,3.2908,6.9794,0
4.683,166,10,1524,1500,-0.65,1.24,2.4411,3.2908,6.9794,0
4.700,163,10,1522,1522,-0.65,1.24,2.7591,3.1787,7.4902,0
4.718,161,10,1522,1522,-0.65,1.24,2.7591,3.1787,7.4902,0
4.735,159,9,1522,1478,-0.65,1.24,2.7591,3.1787,7.4902,0
4.754,158,9,1523,1500,-0.65,1.24,2.7591,3.1787,7.4902,0
4.771,154,9,1522,1522,-0.65,1.24,2.7591,3.1787,7.4902,0
4.788,152,8,1522,1478,-0.65,1.24,2.7591,3.1787,7.4902,0
4.806,151,8,1522,1500,-0.65,1.24,2.7591,3.1787,7.4902,0
4.825,149,8,1522,1500,-0.65,1.24,2.7591,3.1787,7.4902,0
4.843,147,8,1522,1522,-0.65,1.24,2.7591,3.1787,7.4902,0
4.860,146,7,1522,1478,-0.65,1.24,2.7591,3.1787,7.4902,0
4.877,142,7,1522,1500,-0.65,1.24,2.7591,3.1787,7.4902,0
4.894,141,7,1522,1500,-0.69,0.81,2.7591,3.1787,7.4902,0
4.911,139,6,1522,1478,-0.69,0.81,2.7591,3.1787,7.4902,0
4.930,138,6,1522,1500,-0.69,0.81,2.7591,3.1787,7.4902,0
4.947,137,6,1522,1500,-0.69,0.81,2.6712,3.0205,6.7848,0
4.964,135,6,1522,1500,-0.69,0.81,2.6712,3.0205,6.7848,0
4.981,134,5,1522,1478,-0.69,0.81,2.6712,3.0205,6.7848,0
4.999,132,5,1522,1500,-0.69,0.81,2.6712,3.0205,6.7848,0
5.017,131,4,1522,1478,-0.69,0.81,2.6712,3.0205,6.7848,0
5.034,130,4,1522,1500,-0.69,0.81,2.6712,3.0205,6.7848,0
5.051,128,4,1522,1500,-0.69,0.81,2.6712,3.0205,6.7848,0
5.068,126,4,1522,1500,-0.69,0.81,2.6712,3.0205,6.7848,0
5.086,124,4,1522,1500,-0.69,0.81,2.6712,3.0205,6.7848,0
5.103,121,3,1522,1478,-0.69,0.81,2.6712,3.0205,6.7848,0
5.120,120,3,1522,1500,-0.69,0.81,2.6712,3.0205,6.7848,0
5.137,118,3,1522,1500,-0.57,0.79,2.6712,3.0205,6.7848,0
5.154,118,3,1522,1500,-0.57,0.79,2.6712,3.0205,6.7848,0
5.171,116,2,1522,1478,-0.57,0.79,2.6712,3.0205,6.7848,0
5.188,115,2,1522,1500,-0.57,0.79,2.6372,3.0676,6.4493,0
5.206,114,2,1522,1500,-0.57,0.79,2.6372,3.0676,6.4493,0
5.223,113,2,1522,1500,-0.57,0.79,2.6372,3.0676,6.4493,0
5.243,112,2,1522,1500,-0.57,0.79,2.6372,3.0676,6.4493,0
5.261,111,1,1522,1478,-0.57,0.79,2.6372,3.0676,6.4493,0
5.278,109,1,1522,1500,-0.57,0.79,2.6372,3.0676,6.4493,0
5.295,108,1,1522,1500,-0.57,0.79,2.6372,3.0676,6.4493,0
5.314,106,0,1522,1478,-0.57,0.79,2.6372,3.0676,6.4493,0
5.331,104,0,1522,1478,-0.57,0.79,2.6372,3.0676,6.4493,0
5.348,103,0,1522,1500,-0.57,0.79,2.6372,3.0676,6.4493,0
5.365,100,0,1522,1500,-0.57,0.79,2.6372,3.0676,6.4493,0
5.382,99,0,1522,1500,-0.32,0.77,2.6372,3.0676,6.4493,0
5.399,97,0,1522,1500,-0.32,0.77,2.6372,3.0676,6.4493,0
5.416,95,0,1522,1500,-0.32,0.77,2.6372,3.0676,6.4493,0
5.433,94,-1,1522,1478,-0.32,0.77,2.6372,3.0676,6.4493,0
5.451,92,-1,1522,1478,-0.32,0.77,2.4996,3.1634,7.2277,0
5.468,90,-1,1522,1500,-0.32,0.77,2.4996,3.1634,7.2277,0
5.487,88,-1,1522,1500,-0.32,0.77,2.4996,3.1634,7.2277,0
5.504,87,-1,1522,1500,-0.32,0.77,2.4996,3.1634,7.2277,0
5.521,85,-1,1522,1500,-0.32,0.77,2.4996,3.1634,7.2277,0
5.540,83,-1,1522,1500,-0.32,0.77,2.4996,3.1634,7.2277,0
5.557,81,-1,1522,1500,-0.32,0.77,2.4996,3.1634,7.2277,0
5.574,78,-1,1522,1500,-0.32,0.77,2.4996,3.1634,7.2277,0
5.592,76,-1,1522,1500,-0.32,0.77,2.4996,3.1634,7.2277,0
5.609,74,-2,1522,1478,-0.32,0.77,2.4996,3.1634,7.2277,0
5.627,71,-2,1500,1478,-0.32,0.77,2.4996,3.1634,7.2277,0
5.644,69,-2,1500,1500,0.08,0.40,2.4996,3.1634,7.2277,0
5.661,66,-2,1478,1500,0.08,0.40,2.4996,3.1634,7.2277,0
5.678,63,-2,1478,1500,0.08,0.40,2.4996,3.1634,7.2277,0
5.695,60,-2,1478,1500,0.08,0.40,2.6787,3.3890,7.7516,1
5.713,57,-2,1478,1500,0.08,0.40,2.6787,3.3890,7.7516,1
5.730,53,-2,1478,1500,0.08,0.40,2.6787,3.3890,7.7516,1
5.748,50,-2,1478,1500,0.08,0.40,2.6787,3.3890,7.7516,1
5.765,46,-3,1478,1478,0.08,0.40,2.6787,3.3890,7.7516,1
5.782,40,-2,1478,1500,0.08,0.40,2.6787,3.3890,7.7516,1
5.801,36,-3,1478,1478,0.08,0.40,2.6787,3.3890,7.7516,1
5.818,33,-3,1478,1500,0.08,0.40,2.6787,3.3890,7.7516,1
5.835,30,-3,1478,1500,0.08,0.40,2.6787,3.3890,7.7516,1
5.853,27,-3,1478,1500,0.08,0.40,2.6787,3.3890,7.7516,1
5.870,24,-4,1478,1478,0.08,0.40,2.6787,3.3890,7.7516,1
5.888,21,-4,1478,1478,0.67,0.72,2.6787,3.3890,7.7516,1
5.906,18,-4,1478,1500,0.67,0.72,2.6787,3.3890,7.7516,1
5.923,15,-4,1478,1500,0.67,0.72,2.6787,3.3890,7.7516,1
5.941,12,-3,1478,1522,0.67,0.72,2.6787,3.3890,7.7516,1
5.958,9,-3,1478,1500,0.67,0.72,2.6831,3.3006,8.1952,1
5.976,6,-4,1478,1478,0.67,0.72,2.6831,3.3006,8.1952,1
5.994,3,-4,1478,1500,0.67,0.72,2.6831,3.3006,8.1952,1
6.011,1,-4,1478,1500,0.67,0.72,2.6831,3.3006,8.1952,1
6.028,-2,-4,1478,1500,0.67,0.72,2.6831,3.3006,8.1952,1
6.045,-7,-4,1478,1500,0.67,0.72,2.6831,3.3006,8.1952,1
6.063,-9,-4,1478,1500,0.67,0.72,2.6831,3.3006,8.1952,1
6.080,-11,-5,1478,1478,0.67,0.72,2.6831,3.3006,8.1952,1
6.097,-12,-5,1478,1478,0.67,0.72,2.6831,3.3006,8.1952,1
6.114,-14,-5,1478,1500,0.67,0.72,2.6831,3.3006,8.1952,1
6.132,-15,-5,1478,1500,0.68,1.85,2.6831,3.3006,8.1952,1
6.149,-17,-5,1478,1500,0.68,1.85,2.6831,3.3006,8.1952,1
6.166,-18,-5,1478,1500,0.68,1.85,2.6831,3.3006,8.1952,1
6.183,-20,-5,1478,1500,0.68,1.85,2.6831,3.3006,8.1952,1
6.201,-21,-5,1478,1500,0.68,1.85,2.3230,3.2521,7.5900,1
6.218,-23,-5,1478,1500,0.68,1.85,2.3230,3.2521,7.5900,1
6.235,-24,-6,1478,1478,0.68,1.85,2.3230,3.2521,7.5900,1
6.252,-25,-6,1478,1478,0.68,1.85,2.3230,3.2521,7.5900,1
6.269,-28,-6,1478,1500,0.68,1.85,2.3230,3.2521,7.5900,1
6.286,-29,-6,1478,1500,0.68,1.85,2.3230,3.2521,7.5900,1
6.304,-30,-6,1478,1500,0.68,1.85,2.3230,3.2521,7.5900,1
6.322,-31,-6,1478,1500,0.68,1.85,2.3230,3.2521,7.5900,1
6.339,-32,-6,1478,1500,0.68,1.85,2.3230,3.2521,7.5900,1
6.356,-33,-6,1478,1500,0.68,1.85,2.3230,3.2521,7.5900,1
6.374,-34,-7,1478,1478,0.68,1.85,2.3230,3.2521,7.5900,1
6.391,-34,-7,1478,1478,1.02,2.00,2.3230,3.2521,7.5900,1
6.408,-35,-7,1478,1500,1.02,2.00,2.3230,3.2521,7.5900,1
6.425,-36,-7,1478,1500,1.02,2.00,2.3230,3.2521,7.5900,1
6.442,-36,-7,1478,1500,1.02,2.00,3.0372,2.5041,7.0817,1
6.459,-37,-7,1478,1500,1.02,2.00,3.0372,2.5041,7.0817,1
6.476,-37,-8,1478,1478,1.02,2.00,3.0372,2.5041,7.0817,1
6.494,-37,-8,1478,1478,1.02,2.00,3.0372,2.5041,7.0817,1
6.511,-38,-8,1478,1478,1.02,2.00,3.0372,2.5041,7.0817,1
6.528,-37,-8,1478,1500,1.02,2.00,3.0372,2.5041,7.0817,1
6.545,-37,-8,1478,1500,1.02,2.00,3.0372,2.5041,7.0817,1
6.562,-37,-8,1478,1500,1.02,2.00,3.0372,2.5041,7.0817,1
6.579,-37,-8,1478,1500,1.02,2.00,3.0372,2.5041,7.0817,1
6.597,-37,-9,1478,1478,1.02,2.00,3.0372,2.5041,7.0817,1
6.614,-37,-9,1478,1478,1.02,2.00,3.0372,2.5041,7.0817,1
6.632,-37,-9,1478,1478,1.80,1.30,3.0372,2.5041,7.0817,1
6.650,-37,-9,1478,1478,1.80,1.30,3.0372,2.5041,7.0817,1
6.667,-37,-9,1478,1500,1.80,1.30,3.0372,2.5041,7.0817,1
6.684,-36,-9,1478,1500,1.80,1.30,3.0372,2.5041,7.0817,1
6.702,-36,-9,1478,1500,1.80,1.30,2.9564,1.8205,6.7007,1
6.719,-35,-9,1478,1500,1.80,1.30,2.9564,1.8205,6.7007,1
6.736,-35,-9,1478,1500,1.80,1.30,2.9564,1.8205,6.7007,1
6.754,-34,-9,1478,1500,1.80,1.30,2.9564,1.8205,6.7007,1
6.772,-34,-10,1478,1478,1.80,1.30,2.9564,1.8205,6.7007,1
6.789,-33,-10,1478,1478,1.80,1.30,2.9564,1.8205,6.7007,1
6.807,-33,-10,1478,1478,1.80,1.30,2.9564,1.8205,6.7007,1
6.825,-33,-10,1478,1478,1.80,1.30,2.9564,1.8205,6.7007,1
6.842,-33,-10,1478,1478,1.80,1.30,2.9564,1.8205,6.7007,1
6.859,-33,-10,1478,1500,1.80,1.30,2.9564,1.8205,6.7007,1
6.877,-33,-10,1478,1500,1.54,1.12,2.9564,1.8205,6.7007,1
6.894,-33,-10,1478,1500,1.54,1.12,2.9564,1.8205,6.7007,1
6.912,-33,-10,1478,1500,1.54,1.12,2.9564,1.8205,6.7007,1
6.929,-33,-10,1478,1500,1.54,1.12,2.9564,1.8205,6.7007,1
6.947,-33,-10,1478,1500,1.54,1.12,2.5378,1.9816,5.4007,1
6.965,-33,-10,1478,1500,1.54,1.12,2.5378,1.9816,5.4007,1
6.982,-33,-10,1478,1500,1.54,1.12,2.5378,1.9816,5.4007,1
6.999,-32,-11,1478,1478,1.54,1.12,2.5378,1.9816,5.4007,1
7.016,-32,-11,1478,1478,1.54,1.12,2.5378,1.9816,5.4007,1
7.034,-31,-11,1478,1478,1.54,1.12,2.5378,1.9816,5.4007,1
7.052,-30,-11,1500,1478,1.54,1.12,2.5378,1.9816,5.4007,1
7.069,-30,-11,1478,1478,1.54,1.12,2.5378,1.9816,5.4007,1
7.087,-29,-11,1500,1478,1.54,1.12,2.5378,1.9816,5.4007,1
7.104,-28,-11,1500,1478,1.54,1.12,2.5378,1.9816,5.4007,1
7.121,-27,-11,1500,1478,1.54,1.12,2.5378,1.9816,5.4007,1
7.139,-27,-11,1478,1478,0.85,0.87,2.5378,1.9816,5.4007,1
7.156,-26,-11,1500,1478,0.85,0.87,2.5378,1.9816,5.4007,1
7.174,-25,-11,1500,1478,0.85,0.87,2.5378,1.9816,5.4007,1
7.191,-22,-11,1522,1478,0.85,0.87,2.8675,2.2384,6.9732,1
7.208,-21,-11,1522,1478,0.85,0.87,2.8675,2.2384,6.9732,1
7.227,-20,-11,1522,1478,0.85,0.87,2.8675,2.2384,6.9732,1
7.244,-19,-11,1522,1478,0.85,0.87,2.8675,2.2384,6.9732,1
7.261,-18,-11,1522,1478,0.85,0.87,2.8675,2.2384,6.9732,1
7.278,-16,-11,1522,1478,0.85,0.87,2.8675,2.2384,6.9732,1
7.295,-15,-11,1522,1478,0.85,0.87,2.8675,2.2384,6.9732,1
7.312,-14,-11,1522,1478,0.85,0.87,2.8675,2.2384,6.9732,1
7.329,-13,-12,1522,1478,0.85,0.87,2.8675,2.2384,6.9732,1
7.346,-12,-12,1522,1478,0.85,0.87,2.8675,2.2384,6.9732,1
7.364,-11,-12,1522,1478,0.85,0.87,2.8675,2.2384,6.9732,1
7.381,-9,-12,1522,1478,0.62,0.45,2.8675,2.2384,6.9732,1
7.399,-8,-12,1522,1478,0.62,0.45,2.8675,2.2384,6.9732,1
7.416,-7,-12,1522,1478,0.62,0.45,2.8675,2.2384,6.9732,1
7.433,-6,-12,1522,1478,0.62,0.45,2.8675,2.2384,6.9732,1
7.450,-4,-12,1522,1478,0.62,0.45,2.5071,2.3531,6.3877,1
7.467,-3,-12,1522,1478,0.62,0.45,2.5071,2.3531,6.3877,1
7.485,-1,-12,1522,1478,0.62,0.45,2.5071,2.3531,6.3877,1
7.502,1,-12,1522,1478,0.62,0.45,2.5071,2.3531,6.3877,1
7.519,3,-11,1522,1500,0.62,0.45,2.5071,2.3531,6.3877,1
7.537,5,-12,1522,1478,0.62,0.45,2.5071,2.3531,6.3877,1
7.554,7,-12,1522,1478,0.62,0.45,2.5071,2.3531,6.3877,1
7.572,9,-12,1522,1478,0.62,0.45,2.5071,2.3531,6.3877,1
7.589,11,-12,1522,1478,0.62,0.45,2.5071,2.3531,6.3877,1
7.606,13,-12,1522,1478,0.62,0.45,2.5071,2.3531,6.3877,1
7.624,16,-12,1522,1478,0.62,0.45,2.5071,2.3531,6.3877,1
7.641,21,-12,1522,1478,0.19,0.30,2.5071,2.3531,6.3877,1
7.658,24,-12,1522,1478,0.19,0.30,2.5071,2.3531,6.3877,1
7.676,26,-12,1522,1478,0.19,0.30,2.5071,2.3531,6.3877,1
7.693,29,-12,1522,1478,0.19,0.30,2.2392,1.8656,7.3490,1
7.711,33,-11,1522,1500,0.19,0.30,2.2392,1.8656,7.3490,1
7.730,36,-11,1522,1500,0.19,0.30,2.2392,1.8656,7.3490,1
7.747,39,-11,1522,1500,0.19,0.30,2.2392,1.8656,7.3490,1
7.765,42,-12,1522,1478,0.19,0.30,2.2392,1.8656,7.3490,1
7.784,45,-12,1522,1478,0.19,0.30,2.2392,1.8656,7.3490,1
7.802,49,-12,1522,1478,0.19,0.30,2.2392,1.8656,7.3490,1
7.819,52,-11,1522,1500,0.19,0.30,2.2392,1.8656,7.3490,1
7.837,56,-11,1522,1500,0.19,0.30,2.2392,1.8656,7.3490,1
7.854,59,-11,1522,1500,0.19,0.30,2.2392,1.8656,7.3490,1
7.871,63,-11,1533,1478,0.19,0.30,2.2392,1.8656,7.3490,0
7.889,66,-11,1532,1478,-0.17,0.74,2.2392,1.8656,7.3490,0
7.906,69,-11,1531,1478,-0.17,0.74,2.2392,1.8656,7.3490,0
7.923,74,-12,1538,1478,-0.17,0.74,2.2392,1.8656,7.3490,0
7.941,74,-12,1526,1478,-0.17,0.74,2.4880,2.0463,7.0351,0
7.958,79,-12,1536,1478,-0.17,0.74,2.4880,2.0463,7.0351,0
7.975,79,-12,1526,1478,-0.17,0.74,2.4880,2.0463,7.0351,0
7.992,81,-12,1527,1478,-0.17,0.74,2.4880,2.0463,7.0351,0
8.010,83,-12,1527,1478,-0.17,0.74,2.4880,2.0463,7.0351,0
8.028,85,-12,1528,1478,-0.17,0.74,2.4880,2.0463,7.0351,0
8.045,87,-12,1528,1478,-0.17,0.74,2.4880,2.0463,7.0351,0
8.062,88,-12,1526,1478,-0.17,0.74,2.4880,2.0463,7.0351,0
8.080,90,-12,1528,1478,-0.17,0.74,2.4880,2.0463,7.0351,0
8.098,91,-12,1525,1478,-0.17,0.74,2.4880,2.0463,7.0351,0
8.115,95,-12,1534,1478,-0.17,0.74,2.4880,2.0463,7.0351,0
8.132,96,-12,1529,1478,-0.27,1.19,2.4880,2.0463,7.0351,0
8.150,98,-12,1530,1478,-0.27,1.19,2.4880,2.0463,7.0351,0
8.169,99,-12,1528,1478,-0.27,1.19,2.4880,2.0463,7.0351,0
8.186,101,-12,1530,1478,-0.27,1.19,2.4880,2.0463,7.0351,0
8.204,103,-12,1531,1478,-0.27,1.19,2.5932,2.6246,6.7753,0
8.221,105,-12,1532,1478,-0.27,1.19,2.5932,2.6246,6.7753,0
8.238,107,-12,1532,1478,-0.27,1.19,2.5932,2.6246,6.7753,0
8.255,109,-12,1533,1478,-0.27,1.19,2.5932,2.6246,6.7753,0
8.273,111,-12,1533,1478,-0.27,1.19,2.5932,2.6246,6.7753,0
8.290,112,-12,1531,1478,-0.27,1.19,2.5932,2.6246,6.7753,0
8.307,113,-12,1529,1478,-0.27,1.19,2.5932,2.6246,6.7753,0
8.324,115,-12,1532,1478,-0.27,1.19,2.5932,2.6246,6.7753,0
8.342,116,-12,1530,1478,-0.27,1.19,2.5932,2.6246,6.7753,0
8.359,117,-12,1530,1478,-0.27,1.19,2.5932,2.6246,6.7753,0
8.376,117,-12,1526,1478,-1.00,1.25,2.5932,2.6246,6.7753,0
8.393,118,-12,1528,1478,-1.00,1.25,2.5932,2.6246,6.7753,0
8.411,119,-13,1529,1478,-1.00,1.25,2.5932,2.6246,6.7753,0
8.428,121,-13,1532,1478,-1.00,1.25,2.5932,2.6246,6.7753,0
8.445,122,-13,1531,1478,-1.00,1.25,2.7303,2.1314,6.9178,0
8.462,123,-13,1531,1478,-1.00,1.25,2.7303,2.1314,6.9178,0
8.480,124,-13,1531,1478,-1.00,1.25,2.7303,2.1314,6.9178,0
8.497,125,-13,1530,1478,-1.00,1.25,2.7303,2.1314,6.9178,0
8.517,126,-13,1530,1478,-1.00,1.25,2.7303,2.1314,6.9178,0
8.534,127,-13,1531,1478,-1.00,1.25,2.7303,2.1314,6.9178,0
8.552,127,-13,1528,1478,-1.00,1.25,2.7303,2.1314,6.9178,0
8.569,128,-13,1529,1478,-1.00,1.25,2.7303,2.1314,6.9178,0
8.587,128,-13,1527,1478,-1.00,1.25,2.7303,2.1314,6.9178,0
8.605,129,-13,1529,1478,-1.00,1.25,2.7303,2.1314,6.9178,0
8.622,128,-13,1524,1478,-1.00,1.25,2.7303,2.1314,6.9178,0
8.639,129,-13,1528,1478,-1.70,1.11,2.7303,2.1314,6.9178,0
8.657,128,-13,1524,1478,-1.70,1.11,2.7303,2.1314,6.9178,0
8.675,128,-13,1524,1478,-1.70,1.11,2.7303,2.1314,6.9178,0
8.692,127,-13,1522,1478,-1.70,1.11,2.8935,1.9602,7.5104,0
8.709,126,-13,1522,1478,-1.70,1.11,2.8935,1.9602,7.5104,0
8.726,125,-13,1522,1478,-1.70,1.11,2.8935,1.9602,7.5104,0
8.744,124,-13,1522,1478,-1.70,1.11,2.8935,1.9602,7.5104,0
8.761,123,-13,1522,1478,-1.70,1.11,2.8935,1.9602,7.5104,0
8.779,121,-13,1522,1478,-1.70,1.11,2.8935,1.9602,7.5104,0
8.796,119,-13,1522,1478,-1.70,1.11,2.8935,1.9602,7.5104,0
8.813,118,-13,1522,1478,-1.70,1.11,2.8935,1.9602,7.5104,0
8.831,117,-13,1522,1478,-1.70,1.11,2.8935,1.9602,7.5104,0
8.848,116,-13,1522,1478,-1.70,1.11,2.8935,1.9602,7.5104,0
8.866,114,-13,1522,1478,-1.70,1.11,2.8935,1.9602,7.5104,0
8.883,113,-13,1522,1478,-2.03,1.20,2.8935,1.9602,7.5104,0
8.900,111,-13,1522,1478,-2.03,1.20,2.8935,1.9602,7.5104,0
8.917,109,-14,1522,1478,-2.03,1.20,2.8935,1.9602,7.5104,0
8.935,107,-14,1522,1478,-2.03,1.20,2.8935,1.9602,7.5104,0
8.953,105,-14,1522,1478,-2.03,1.20,2.5311,1.8907,6.9316,0
8.970,103,-13,1522,1500,-2.03,1.20,2.5311,1.8907,6.9316,0
8.987,101,-14,1522,1478,-2.03,1.20,2.5311,1.8907,6.9316,0
9.004,99,-13,1522,1500,-2.03,1.20,2.5311,1.8907,6.9316,0
9.022,96,-13,1522,1478,-2.03,1.20,2.5311,1.8907,6.9316,0
9.039,94,-14,1522,1478,-2.03,1.20,2.5311,1.8907,6.9316,0
9.056,94,-14,1522,1478,-2.03,1.20,2.5311,1.8907,6.9316,0
9.074,89,-14,1500,1478,-2.03,1.20,2.5311,1.8907,6.9316,0
9.092,87,-13,1522,1500,-2.03,1.20,2.5311,1.8907,6.9316,0
9.110,85,-13,1522,1478,-2.03,1.20,2.5311,1.8907,6.9316,0
9.127,83,-13,1522,1478,-1.95,1.35,2.5311,1.8907,6.9316,0
9.144,81,-14,1522,1478,-1.95,1.35,2.5311,1.8907,6.9316,0
9.161,79,-14,1522,1478,-1.95,1.35,2.5311,1.8907,6.9316,0
9.179,76,-13,1500,1500,-1.95,1.35,2.5311,1.8907,6.9316,0
9.196,74,-13,1522,1478,-1.95,1.35,1.8463,2.3151,6.6621,0
9.213,72,-13,1522,1478,-1.95,1.35,1.8463,2.3151,6.6621,0
9.230,69,-14,1500,1478,-1.95,1.35,1.8463,2.3151,6.6621,0
9.247,69,-14,1522,1478,-1.95,1.35,1.8463,2.3151,6.6621,0
9.264,66,-14,1500,1478,-1.95,1.35,1.8463,2.3151,6.6621,0
9.282,64,-14,1500,1478,-1.95,1.35,1.8463,2.3151,6.6621,0
9.299,61,-14,1478,1478,-1.95,1.35,1.8463,2.3151,6.6621,0
9.317,58,-14,1478,1478,-1.95,1.35,1.8463,2.3151,6.6621,1
9.335,53,-14,1478,1478,-1.95,1.35,1.8463,2.3151,6.6621,1
9.353,50,-14,1478,1478,-1.95,1.35,1.8463,2.3151,6.6621,1
9.371,47,-14,1478,1478,-1.95,1.35,1.8463,2.3151,6.6621,1
9.388,44,-14,1478,1478,-1.79,1.24,1.8463,2.3151,6.6621,1
9.405,42,-14,1478,1478,-1.79,1.24,1.8463,2.3151,6.6621,1
9.422,39,-14,1478,1478,-1.79,1.24,1.8463,2.3151,6.6621,1
9.441,37,-13,1478,1500,-1.79,1.24,1.8463,2.3151,6.6621,1
9.458,34,-13,1478,1500,-1.79,1.24,1.8463,2.3151,6.6621,1
9.475,31,-13,1478,1478,-1.79,1.24,1.8463,2.3151,6.6621,1
9.493,29,-13,1478,1478,-1.79,1.24,1.8463,2.3151,6.6621,1
9.510,26,-13,1478,1478,-1.79,1.24,1.8463,2.3151,6.6621,1
9.528,24,-13,1478,1478,-1.79,1.24,1.8463,2.3151,6.6621,1
9.545,22,-13,1478,1478,-1.79,1.24,1.8463,2.3151,6.6621,1
9.562,20,-13,1478,1478,-1.79,1.24,1.8463,2.3151,6.6621,1
9.579,18,-13,1478,1478,-1.79,1.24,1.8463,2.3151,6.6621,1
9.596,17,-12,1478,1500,-1.79,1.24,1.8463,2.3151,6.6621,1
9.614,16,-12,1478,1500,-1.79,1.24,1.8463,2.3151,6.6621,1
9.631,14,-12,1478,1500,-1.99,1.10,1.8463,2.3151,6.6621,1
9.648,13,-12,1478,1478,-1.99,1.10,1.8463,2.3151,6.6621,1
9.667,12,-12,1478,1478,-1.99,1.10,1.8463,2.3151,6.6621,1
9.684,10,-12,1478,1478,-1.99,1.10,1.8463,2.3151,6.6621,1
9.702,9,-12,1478,1478,-1.99,1.10,1.8463,2.3151,6.6621,1
9.719,8,-12,1478,1478,-1.99,1.10,1.8463,2.3151,6.6621,1
9.737,6,-12,1478,1478,-1.99,1.10,1.8463,2.3151,6.6621,1
9.754,5,-12,1478,1478,-1.99,1.10,1.8463,2.3151,6.6621,1
9.771,2,-12,1478,1478,-1.99,1.10,1.8463,2.3151,6.6621,1
9.788,1,-12,1478,1478,-1.99,1.10,1.8463,2.3151,6.6621,1
9.805,-1,-12,1478,1478,-1.99,1.10,1.8463,2.3151,6.6621,1
9.827,-3,-11,1478,1500,-1.99,1.10,1.8463,2.3151,6.6621,1
9.844,-5,-11,1478,1500,-1.99,1.10,1.8463,2.3151,6.6621,1
9.862,-7,-11,1478,1500,-1.99,1.10,1.8463,2.3151,6.6621,1
9.879,-9,-11,1478,1478,-1.99,1.10,1.8463,2.3151,6.6621,1
9.898,-12,-12,1478,1478,-1.99,1.10,1.8463,2.3151,6.6621,1
9.915,-14,-11,1478,1500,-1.99,1.10,1.8463,2.3151,6.6621,1
9.933,-16,-11,1478,1500,-1.99,1.10,1.6841,2.2169,6.5839,1
9.950,-18,-11,1478,1500,-1.74,0.34,1.6841,2.2169,6.5839,1
9.967,-20,-11,1478,1478,-1.74,0.34,1.6841,2.2169,6.5839,1
9.985,-23,-11,1478,1478,-1.74,0.34,1.6841,2.2169,6.5839,1
10.002,-25,-11,1478,1478,-1.74,0.34,1.6841,2.2169,6.5839,1
10.020,-27,-11,1478,1478,-1.74,0.34,1.6841,2.2169,6.5839,1
10.037,-30,-11,1478,1478,-1.74,0.34,1.6841,2.2169,6.5839,1
10.055,-32,-11,1478,1478,-1.74,0.34,1.6841,2.2169,6.5839,1
10.072,-35,-11,1478,1478,-1.74,0.34,1.6841,2.2169,6.5839,1
10.089,-37,-11,1478,1478,-1.74,0.34,1.6841,2.2169,6.5839,1
10.106,-41,-11,1478,1478,-1.74,0.34,1.6841,2.2169,6.5839,1
10.123,-44,-11,1478,1478,-1.43,0.34,1.6841,2.2169,6.5839,1
10.140,-47,-11,1478,1478,-1.43,0.34,1.6841,2.2169,6.5839,1
10.158,-54,-11,1477,1478,-1.43,0.34,1.6841,2.2169,6.5839,1
10.175,-57,-11,1478,1478,-1.43,0.34,1.6841,2.2169,6.5839,1
10.196,-61,-11,1467,1478,-1.43,0.34,1.6841,2.2169,6.5839,0
10.213,-64,-11,1469,1478,-1.43,0.34,1.6841,2.2169,6.5839,0
10.231,-68,-10,1466,1500,-1.43,0.34,1.6841,2.2169,6.5839,0
10.248,-71,-10,1467,1500,-1.43,0.34,1.6841,2.2169,6.5839,0
10.266,-74,-10,1468,1478,-1.43,0.34,1.6841,2.2169,6.5839,0
10.283,-76,-10,1470,1478,-1.43,0.34,1.6841,2.2169,6.5839,0
10.300,-79,-11,1468,1478,-1.43,0.34,1.6841,2.2169,6.5839,0
10.318,-81,-10,1471,1500,-1.43,0.34,1.6841,2.2169,6.5839,0
10.336,-82,-10,1474,1478,-1.43,0.34,1.6841,2.2169,6.5839,0
10.353,-85,-10,1470,1478,-1.43,0.34,1.6841,2.2169,6.5839,0
10.371,-87,-10,1471,1478,-1.43,0.34,1.6841,2.2169,6.5839,0
10.388,-88,-10,1474,1478,-1.43,0.34,1.6841,2.2169,6.5839,0
10.406,-90,-10,1472,1478,-1.43,0.34,1.6841,2.2169,6.5839,0
10.423,-91,-10,1474,1478,-1.43,0.34,2.0530,2.8355,6.4100,0
10.442,-92,-10,1475,1478,-1.41,0.65,2.0530,2.8355,6.4100,0
10.459,-94,-10,1473,1478,-1.41,0.65,2.0530,2.8355,6.4100,0
10.476,-95,-10,1474,1478,-1.41,0.65,2.0530,2.8355,6.4100,0
10.494,-96,-9,1475,1500,-1.41,0.65,2.0530,2.8355,6.4100,0
10.512,-98,-9,1472,1500,-1.41,0.65,2.0530,2.8355,6.4100,0
10.529,-99,-9,1473,1478,-1.41,0.65,2.0530,2.8355,6.4100,0
10.546,-100,-9,1474,1478,-1.41,0.65,2.0530,2.8355,6.4100,0
10.563,-101,-10,1474,1478,-1.41,0.65,2.0530,2.8355,6.4100,0
10.580,-102,-9,1474,1500,-1.41,0.65,2.0530,2.8355,6.4100,0
10.599,-102,-9,1477,1478,-1.41,0.65,2.0530,2.8355,6.4100,0
10.616,-103,-9,1475,1478,-1.41,0.65,2.0530,2.8355,6.4100,0
10.633,-104,-9,1474,1478,-1.12,0.90,2.0530,2.8355,6.4100,0
10.651,-104,-9,1477,1478,-1.12,0.90,2.0530,2.8355,6.4100,0
10.668,-106,-9,1472,1478,-1.12,0.90,2.0530,2.8355,6.4100,0
10.685,-107,-9,1473,1478,-1.12,0.90,2.0530,2.8355,6.4100,0
10.702,-108,-9,1473,1478,-1.12,0.90,2.0530,2.8355,6.4100,0
10.720,-108,-9,1476,1478,-1.12,0.90,2.0530,2.8355,6.4100,0
10.739,-109,-9,1475,1478,-1.12,0.90,2.0530,2.8355,6.4100,0
10.757,-109,-9,1477,1478,-1.12,0.90,2.0530,2.8355,6.4100,0
10.774,-110,-9,1474,1478,-1.12,0.90,2.0530,2.8355,6.4100,0
10.791,-109,-9,1478,1478,-1.12,0.90,2.0530,2.8355,6.4100,0
10.809,-110,-9,1476,1478,-1.12,0.90,2.0530,2.8355,6.4100,0
10.826,-110,-10,1477,1478,-1.12,0.90,2.0530,2.8355,6.4100,0
10.844,-111,-9,1475,1500,-1.12,0.90,2.0530,2.8355,6.4100,0
10.861,-111,-9,1476,1478,-1.12,0.90,2.0530,2.8355,6.4100,0
10.878,-111,-10,1477,1478,-1.12,0.90,2.0530,2.8355,6.4100,0
10.896,-112,-9,1475,1500,-1.12,0.90,2.0530,2.8355,6.4100,0
10.914,-112,-9,1476,1478,-1.12,0.90,2.0530,2.8355,6.4100,0
10.932,-112,-9,1477,1478,-1.12,0.90,2.3956,2.6916,7.0430,0
10.951,-112,-9,1478,1478,-0.84,0.75,2.3956,2.6916,7.0430,0
10.968,-112,-9,1478,1478,-0.84,0.75,2.3956,2.6916,7.0430,0
10.985,-113,-9,1475,1478,-0.84,0.75,2.3956,2.6916,7.0430,0
11.003,-113,-9,1476,1478,-0.84,0.75,2.3956,2.6916,7.0430,0
11.020,-113,-9,1477,1478,-0.84,0.75,2.3956,2.6916,7.0430,0
11.037,-113,-9,1477,1478,-0.84,0.75,2.3956,2.6916,7.0430,0
11.054,-113,-9,1478,1478,-0.84,0.75,2.3956,2.6916,7.0430,0
11.071,-113,-9,1478,1478,-0.84,0.75,2.3956,2.6916,7.0430,0
11.089,-113,-9,1478,1478,-0.84,0.75,2.3956,2.6916,7.0430,0
11.106,-114,-10,1475,1478,-0.84,0.75,2.3956,2.6916,7.0430,0
11.123,-114,-10,1476,1478,-0.84,0.36,2.3956,2.6916,7.0430,0
11.141,-114,-10,1477,1478,-0.84,0.36,2.3956,2.6916,7.0430,0
11.158,-115,-10,1474,1478,-0.84,0.36,2.3956,2.6916,7.0430,0
11.175,-115,-10,1476,1478,-0.84,0.36,2.3956,2.6916,7.0430,0
11.193,-116,-10,1473,1478,-0.84,0.36,2.3956,2.6916,7.0430,0
11.210,-116,-10,1475,1478,-0.84,0.36,2.3956,2.6916,7.0430,0
11.227,-117,-10,1473,1478,-0.84,0.36,2.3956,2.6916,7.0430,0
11.244,-118,-10,1472,1478,-0.84,0.36,2.3956,2.6916,7.0430,0
11.261,-118,-10,1474,1478,-0.84,0.36,2.3956,2.6916,7.0430,0
11.278,-119,-10,1472,1478,-0.84,0.36,2.3956,2.6916,7.0430,0
11.296,-119,-10,1475,1478,-0.84,0.36,2.3956,2.6916,7.0430,0
11.313,-119,-10,1476,1478,-0.84,0.36,2.3956,2.6916,7.0430,0
11.330,-119,-11,1476,1478,-0.84,0.36,2.3956,2.6916,7.0430,0
11.347,-119,-11,1476,1478,-0.84,0.36,2.3956,2.6916,7.0430,0
11.365,-119,-11,1476,1478,-0.84,0.36,2.3956,2.6916,7.0430,0
11.382,-119,-11,1477,1478,-0.84,0.36,2.3956,2.6916,7.0430,0
11.400,-118,-11,1478,1478,-0.84,0.36,2.3956,2.6916,7.0430,0
11.418,-118,-11,1478,1478,-0.84,0.36,2.3956,2.6916,7.0430,0
11.435,-117,-11,1478,1478,-0.84,0.36,2.6679,2.3436,6.7238,0
11.453,-117,-11,1478,1478,-0.90,0.24,2.6679,2.3436,6.7238,0
11.470,-116,-11,1478,1478,-0.90,0.24,2.6679,2.3436,6.7238,0
11.487,-115,-11,1478,1478,-0.90,0.24,2.6679,2.3436,6.7238,0
11.505,-115,-11,1478,1478,-0.90,0.24,2.6679,2.3436,6.7238,0
11.522,-114,-11,1478,1478,-0.90,0.24,2.6679,2.3436,6.7238,0
11.539,-112,-11,1478,1478,-0.90,0.24,2.6679,2.3436,6.7238,0
11.556,-112,-11,1478,1478,-0.90,0.24,2.6679,2.3436,6.7238,0
11.573,-111,-11,1478,1478,-0.90,0.24,2.6679,2.3436,6.7238,0
11.590,-110,-11,1478,1478,-0.90,0.24,2.6679,2.3436,6.7238,0
11.608,-109,-11,1478,1478,-0.90,0.24,2.6679,2.3436,6.7238,0
11.625,-109,-11,1478,1478,-0.43,0.25,2.6679,2.3436,6.7238,0
11.642,-107,-12,1478,1478,-0.43,0.25,2.6679,2.3436,6.7238,0
11.659,-105,-12,1478,1478,-0.43,0.25,2.6679,2.3436,6.7238,0
11.679,-105,-12,1478,1478,-0.43,0.25,2.6679,2.3436,6.7238,0
11.696,-104,-12,1478,1478,-0.43,0.25,2.6679,2.3436,6.7238,0
11.713,-103,-12,1478,1478,-0.43,0.25,2.6679,2.3436,6.7238,0
11.730,-102,-12,1478,1478,-0.43,0.25,2.6679,2.3436,6.7238,0
11.747,-101,-12,1478,1478,-0.43,0.25,2.6679,2.3436,6.7238,0
11.764,-100,-12,1478,1478,-0.43,0.25,2.6679,2.3436,6.7238,0
11.783,-99,-12,1478,1478,-0.43,0.25,2.6679,2.3436,6.7238,0
11.800,-98,-12,1478,1478,-0.43,0.25,2.6679,2.3436,6.7238,0
11.817,-97,-12,1478,1478,-0.43,0.25,2.6679,2.3436,6.7238,0
11.835,-96,-12,1478,1478,-0.43,0.25,2.6679,2.3436,6.7238,0
11.853,-95,-12,1478,1478,-0.43,0.25,2.6679,2.3436,6.7238,0
11.870,-95,-12,1478,1478,-0.43,0.25,2.6679,2.3436,6.7238,0
11.887,-94,-13,1478,1478,-0.43,0.25,2.6679,2.3436,6.7238,0
11.904,-94,-12,1478,1478,-0.43,0.25,2.6679,2.3436,6.7238,0
11.922,-92,-12,1478,1478,-0.43,0.25,1.6297,2.9421,6.7137,0
11.939,-91,-13,1478,1478,-0.15,0.22,1.6297,2.9421,6.7137,0
11.959,-91,-12,1478,1478,-0.15,0.22,1.6297,2.9421,6.7137,0
11.977,-90,-13,1478,1478,-0.15,0.22,1.6297,2.9421,6.7137,0
11.994,-89,-13,1478,1478,-0.15,0.22,1.6297,2.9421,6.7137,0
12.011,-88,-13,1478,1478,-0.15,0.22,1.6297,2.9421,6.7137,0
12.028,-88,-12,1478,1500,-0.15,0.22,1.6297,2.9421,6.7137,0
12.045,-87,-13,1478,1478,-0.15,0.22,1.6297,2.9421,6.7137,0
12.062,-87,-13,1478,1478,-0.15,0.22,1.6297,2.9421,6.7137,0
12.079,-86,-13,1478,1478,-0.15,0.22,1.6297,2.9421,6.7137,0
12.097,-86,-12,1478,1500,-0.15,0.22,1.6297,2.9421,6.7137,0
12.115,-85,-13,1478,1478,-0.15,0.22,1.6297,2.9421,6.7137,0
12.133,-85,-13,1478,1478,-0.05,0.25,1.6297,2.9421,6.7137,0
12.151,-84,-13,1478,1478,-0.05,0.25,1.6297,2.9421,6.7137,0
12.168,-83,-13,1478,1478,-0.05,0.25,1.6297,2.9421,6.7137,0
12.185,-83,-13,1478,1478,-0.05,0.25,1.6297,2.9421,6.7137,0
12.203,-82,-13,1478,1478,-0.05,0.25,1.6297,2.9421,6.7137,0
12.220,-82,-13,1478,1478,-0.05,0.25,1.6297,2.9421,6.7137,0
12.240,-81,-13,1478,1478,-0.05,0.25,1.6297,2.9421,6.7137,0
12.257,-81,-13,1478,1478,-0.05,0.25,1.6297,2.9421,6.7137,0
12.274,-80,-13,1478,1478,-0.05,0.25,1.6297,2.9421,6.7137,0
12.291,-80,-13,1478,1478,-0.05,0.25,1.6297,2.9421,6.7137,0
12.309,-79,-13,1478,1478,-0.05,0.25,1.6297,2.9421,6.7137,0
12.326,-78,-13,1478,1478,-0.05,0.25,1.6297,2.9421,6.7137,0
12.343,-77,-13,1478,1478,-0.05,0.25,1.6297,2.9421,6.7137,0
12.361,-76,-13,1478,1478,-0.05,0.25,1.6297,2.9421,6.7137,0
12.379,-75,-13,1478,1478,-0.05,0.25,1.6297,2.9421,6.7137,0
12.396,-74,-13,1478,1478,-0.05,0.25,1.6297,2.9421,6.7137,0
12.413,-73,-13,1478,1478,-0.05,0.25,1.6297,2.9421,6.7137,0
12.430,-71,-13,1478,1478,-0.05,0.25,1.5951,2.6784,6.0737,0
12.448,-70,-13,1478,1478,0.40,-0.31,1.5951,2.6784,6.0737,0
12.465,-69,-13,1478,1478,0.40,-0.31,1.5951,2.6784,6.0737,0
12.482,-68,-13,1478,1478,0.40,-0.31,1.5951,2.6784,6.0737,0
12.499,-67,-13,1478,1478,0.40,-0.31,1.5951,2.6784,6.0737,0
12.517,-66,-14,1478,1478,0.40,-0.31,1.5951,2.6784,6.0737,0
12.536,-65,-14,1478,1478,0.40,-0.31,1.5951,2.6784,6.0737,0
12.554,-64,-14,1478,1478,0.40,-0.31,1.5951,2.6784,6.0737,0
12.571,-63,-14,1478,1478,0.40,-0.31,1.5951,2.6784,6.0737,0
12.588,-62,-14,1478,1478,0.40,-0.31,1.5951,2.6784,6.0737,0
12.606,-60,-14,1478,1478,0.40,-0.31,1.5951,2.6784,6.0737,1
12.624,-59,-14,1478,1478,0.73,-0.83,1.5951,2.6784,6.0737,1
12.641,-58,-14,1478,1478,0.73,-0.83,1.5951,2.6784,6.0737,1
12.658,-57,-14,1478,1478,0.73,-0.83,1.5951,2.6784,6.0737,1
12.675,-57,-14,1478,1478,0.73,-0.83,1.5951,2.6784,6.0737,1
12.693,-57,-14,1478,1478,0.73,-0.83,1.5951,2.6784,6.0737,1
12.710,-57,-14,1478,1478,0.73,-0.83,1.5951,2.6784,6.0737,1
12.728,-56,-14,1478,1478,0.73,-0.83,1.5951,2.6784,6.0737,1
12.745,-56,-14,1478,1478,0.73,-0.83,1.5951,2.6784,6.0737,1
12.762,-56,-15,1478,1478,0.73,-0.83,1.5951,2.6784,6.0737,1
12.780,-55,-14,1478,1500,0.73,-0.83,1.5951,2.6784,6.0737,1
12.797,-54,-14,1478,1478,0.73,-0.83,1.5951,2.6784,6.0737,1
12.814,-53,-15,1478,1478,0.73,-0.83,1.5951,2.6784,6.0737,1
12.832,-53,-15,1478,1478,0.73,-0.83,1.5951,2.6784,6.0737,1
12.849,-52,-15,1478,1478,0.73,-0.83,1.5951,2.6784,6.0737,1
12.866,-51,-15,1478,1478,0.73,-0.83,1.5951,2.6784,6.0737,1
12.884,-49,-15,1500,1478,0.73,-0.83,1.5951,2.6784,6.0737,1
12.901,-48,-15,1478,1478,0.73,-0.83,1.5951,2.6784,6.0737,1
12.919,-48,-15,1478,1478,0.73,-0.83,1.5951,2.6784,6.0737,1
12.936,-45,-15,1500,1478,0.73,-0.83,2.0313,2.4308,6.8925,1
12.953,-44,-15,1500,1478,0.61,-0.66,2.0313,2.4308,6.8925,1
12.970,-44,-15,1478,1478,0.61,-0.66,2.0313,2.4308,6.8925,1
12.987,-42,-15,1500,1478,0.61,-0.66,2.0313,2.4308,6.8925,1
13.005,-41,-15,1500,1478,0.61,-0.66,2.0313,2.4308,6.8925,1
13.023,-39,-15,1500,1478,0.61,-0.66,2.0313,2.4308,6.8925,1
13.040,-38,-15,1500,1478,0.61,-0.66,2.0313,2.4308,6.8925,1
13.058,-36,-15,1522,1478,0.61,-0.66,2.0313,2.4308,6.8925,1
13.075,-35,-15,1500,1478,0.61,-0.66,2.0313,2.4308,6.8925,1
13.092,-33,-15,1522,1478,0.61,-0.66,2.0313,2.4308,6.8925,1
13.110,-30,-16,1522,1478,0.61,-0.66,2.0313,2.4308,6.8925,1
13.127,-28,-16,1522,1478,0.50,-0.62,2.0313,2.4308,6.8925,1
13.144,-26,-15,1522,1500,0.50,-0.62,2.0313,2.4308,6.8925,1
13.161,-24,-16,1522,1478,0.50,-0.62,2.0313,2.4308,6.8925,1
13.179,-22,-16,1522,1478,0.50,-0.62,2.0313,2.4308,6.8925,1
13.199,-20,-16,1522,1478,0.50,-0.62,2.0313,2.4308,6.8925,1
13.216,-18,-16,1522,1478,0.50,-0.62,2.0313,2.4308,6.8925,1
13.234,-16,-16,1522,1478,0.50,-0.62,2.0313,2.4308,6.8925,1
13.251,-15,-16,1522,1478,0.50,-0.62,2.0313,2.4308,6.8925,1
13.268,-13,-16,1522,1478,0.50,-0.62,2.0313,2.4308,6.8925,1
13.286,-12,-16,1522,1478,0.50,-0.62,2.0313,2.4308,6.8925,1
13.303,-11,-16,1522,1478,0.50,-0.62,2.0313,2.4308,6.8925,1
13.320,-9,-16,1522,1478,0.50,-0.62,2.0313,2.4308,6.8925,1
13.340,-8,-16,1522,1478,0.50,-0.62,2.0313,2.4308,6.8925,1
13.357,-7,-16,1522,1478,0.50,-0.62,2.0313,2.4308,6.8925,1
13.374,-6,-16,1522,1478,0.50,-0.62,2.0313,2.4308,6.8925,1
13.391,-5,-16,1522,1478,0.50,-0.62,2.0313,2.4308,6.8925,1
13.408,-4,-16,1522,1478,0.50,-0.62,2.0313,2.4308,6.8925,1
13.426,-3,-16,1522,1478,0.50,-0.62,1.5742,2.5182,6.2475,1
13.443,-2,-16,1522,1478,-0.03,-0.24,1.5742,2.5182,6.2475,1
13.460,-1,-16,1522,1478,-0.03,-0.24,1.5742,2.5182,6.2475,1
13.477,0,-16,1522,1478,-0.03,-0.24,1.5742,2.5182,6.2475,1
13.494,0,-16,1522,1478,-0.03,-0.24,1.5742,2.5182,6.2475,1
13.512,1,-16,1522,1478,-0.03,-0.24,1.5742,2.5182,6.2475,1
13.529,1,-16,1522,1478,-0.03,-0.24,1.5742,2.5182,6.2475,1
13.546,2,-16,1522,1478,-0.03,-0.24,1.5742,2.5182,6.2475,1
13.564,3,-17,1522,1478,-0.03,-0.24,1.5742,2.5182,6.2475,1
13.582,4,-17,1522,1478,-0.03,-0.24,1.5742,2.5182,6.2475,1
13.599,5,-17,1522,1478,-0.03,-0.24,1.5742,2.5182,6.2475,1
13.616,6,-16,1522,1500,-0.03,-0.24,1.5742,2.5182,6.2475,1
13.633,7,-17,1522,1478,-0.24,-0.29,1.5742,2.5182,6.2475,1
13.651,8,-17,1522,1478,-0.24,-0.29,1.5742,2.5182,6.2475,1
13.668,8,-17,1522,1478,-0.24,-0.29,1.5742,2.5182,6.2475,1
13.685,9,-17,1522,1478,-0.24,-0.29,1.5742,2.5182,6.2475,1
13.702,10,-17,1522,1478,-0.24,-0.29,1.5742,2.5182,6.2475,1
13.721,11,-17,1522,1478,-0.24,-0.29,1.5742,2.5182,6.2475,1
13.738,12,-17,1522,1478,-0.24,-0.29,1.5742,2.5182,6.2475,1
13.756,13,-17,1522,1478,-0.24,-0.29,1.5742,2.5182,6.2475,1
13.773,14,-17,1522,1478,-0.24,-0.29,1.5742,2.5182,6.2475,1
13.790,14,-17,1522,1478,-0.24,-0.29,1.5742,2.5182,6.2475,1
13.808,14,-17,1522,1478,-0.24,-0.29,1.5742,2.5182,6.2475,1
13.825,14,-17,1522,1478,-0.24,-0.29,1.5742,2.5182,6.2475,1
13.842,14,-17,1522,1478,-0.24,-0.29,1.5742,2.5182,6.2475,1
13.860,14,-18,1522,1478,-0.24,-0.29,1.5742,2.5182,6.2475,1
13.877,15,-18,1522,1478,-0.24,-0.29,1.5742,2.5182,6.2475,1
13.895,15,-18,1522,1478,-0.24,-0.29,1.5742,2.5182,6.2475,1
13.912,15,-18,1522,1478,-0.24,-0.29,1.5742,2.5182,6.2475,1
13.929,15,-18,1522,1478,-0.24,-0.29,2.3282,2.5128,7.1756,1
13.947,15,-18,1522,1478,0.15,-0.85,2.3282,2.5128,7.1756,1
13.965,14,-18,1500,1478,0.15,-0.85,2.3282,2.5128,7.1756,1
13.982,14,-18,1500,1478,0.15,-0.85,2.3282,2.5128,7.1756,1
13.999,14,-18,1522,1478,0.15,-0.85,2.3282,2.5128,7.1756,1
14.018,14,-18,1522,1478,0.15,-0.85,2.3282,2.5128,7.1756,1
14.035,14,-18,1522,1478,0.15,-0.85,2.3282,2.5128,7.1756,1
14.053,15,-18,1522,1478,0.15,-0.85,2.3282,2.5128,7.1756,1
14.070,15,-18,1522,1478,0.15,-0.85,2.3282,2.5128,7.1756,1
14.087,15,-18,1522,1478,0.15,-0.85,2.3282,2.5128,7.1756,1
14.105,15,-18,1522,1478,0.15,-0.85,2.3282,2.5128,7.1756,1
14.124,15,-19,1522,1478,-0.07,-0.73,2.3282,2.5128,7.1756,1
14.141,15,-18,1522,1478,-0.07,-0.73,2.3282,2.5128,7.1756,1
14.158,15,-19,1522,1478,-0.07,-0.73,2.3282,2.5128,7.1756,1
14.175,15,-19,1522,1478,-0.07,-0.73,2.3282,2.5128,7.1756,1
14.193,15,-19,1522,1478,-0.07,-0.73,2.3282,2.5128,7.1756,1
14.210,15,-19,1522,1478,-0.07,-0.73,2.3282,2.5128,7.1756,1
14.227,15,-19,1522,1478,-0.07,-0.73,2.3282,2.5128,7.1756,1
14.245,15,-19,1522,1478,-0.07,-0.73,2.3282,2.5128,7.1756,1
14.262,15,-19,1522,1478,-0.07,-0.73,2.3282,2.5128,7.1756,1
14.279,15,-19,1522,1478,-0.07,-0.73,2.3282,2.5128,7.1756,1
14.296,15,-20,1522,1478,-0.07,-0.73,2.3282,2.5128,7.1756,1
14.314,15,-19,1522,1478,-0.07,-0.73,2.3282,2.5128,7.1756,1
14.332,14,-20,1500,1478,-0.07,-0.73,2.3282,2.5128,7.1756,1
14.349,14,-19,1500,1478,-0.07,-0.73,2.3282,2.5128,7.1756,1
14.368,14,-20,1522,1478,-0.07,-0.73,2.3282,2.5128,7.1756,1
14.385,14,-20,1522,1478,-0.07,-0.73,2.3282,2.5128,7.1756,1
14.402,13,-20,1500,1478,-0.07,-0.73,2.3282,2.5128,7.1756,1
14.419,12,-20,1478,1478,-0.07,-0.73,2.3282,2.5128,7.1756,1
14.436,11,-20,1478,1478,-0.07,-0.73,1.5486,3.2154,4.5273,1
14.453,11,-20,1500,1478,-0.05,-0.85,1.5486,3.2154,4.5273,1
14.471,10,-20,1478,1478,-0.05,-0.85,1.5486,3.2154,4.5273,1
14.490,9,-20,1478,1478,-0.05,-0.85,1.5486,3.2154,4.5273,1
14.508,8,-20,1478,1478,-0.05,-0.85,1.5486,3.2154,4.5273,1
14.525,7,-20,1478,1478,-0.05,-0.85,1.5486,3.2154,4.5273,1
14.542,7,-20,1500,1478,-0.05,-0.85,1.5486,3.2154,4.5273,1
14.560,6,-20,1478,1478,-0.05,-0.85,1.5486,3.2154,4.5273,1
14.577,6,-20,1500,1478,-0.05,-0.85,1.5486,3.2154,4.5273,1
14.594,5,-20,1478,1478,-0.05,-0.85,1.5486,3.2154,4.5273,1
14.611,5,-20,1500,1478,-0.05,-0.85,1.5486,3.2154,4.5273,1
14.628,4,-20,1478,1478,0.30,-0.81,1.5486,3.2154,4.5273,1
14.646,4,-20,1500,1478,0.30,-0.81,1.5486,3.2154,4.5273,1
14.663,4,-20,1500,1478,0.30,-0.81,1.5486,3.2154,4.5273,1
14.681,4,-20,1500,1478,0.30,-0.81,1.5486,3.2154,4.5273,1
14.698,3,-20,1478,1478,0.30,-0.81,1.5486,3.2154,4.5273,1
14.717,3,-21,1500,1478,0.30,-0.81,1.5486,3.2154,4.5273,1
14.735,2,-20,1478,1478,0.30,-0.81,1.5486,3.2154,4.5273,1
14.752,1,-21,1478,1478,0.30,-0.81,1.5486,3.2154,4.5273,1
14.769,0,-20,1478,1478,0.30,-0.81,1.5486,3.2154,4.5273,1
14.786,-1,-21,1478,1478,0.30,-0.81,1.5486,3.2154,4.5273,1
14.803,-3,-21,1478,1478,0.30,-0.81,1.5486,3.2154,4.5273,1
14.821,-4,-21,1478,1478,0.30,-0.81,1.5486,3.2154,4.5273,1
14.838,-5,-21,1478,1478,0.30,-0.81,1.5486,3.2154,4.5273,1
14.855,-6,-21,1478,1478,0.30,-0.81,1.5486,3.2154,4.5273,1
14.874,-7,-21,1478,1478,0.30,-0.81,1.5486,3.2154,4.5273,1
14.891,-8,-21,1478,1478,0.30,-0.81,1.5486,3.2154,4.5273,1
14.908,-8,-21,1478,1478,0.30,-0.81,1.5486,3.2154,4.5273,1
14.925,-9,-21,1478,1478,0.30,-0.81,3.0156,3.1139,6.5107,1
14.942,-10,-21,1478,1478,0.20,-0.72,3.0156,3.1139,6.5107,1
14.959,-11,-21,1478,1478,0.20,-0.72,3.0156,3.1139,6.5107,1
14.976,-13,-21,1478,1478,0.20,-0.72,3.0156,3.1139,6.5107,1
14.993,-15,-21,1478,1478,0.20,-0.72,3.0156,3.1139,6.5107,1
15.010,-17,-21,1478,1478,0.20,-0.72,3.0156,3.1139,6.5107,1
15.027,-18,-21,1478,1478,0.20,-0.72,3.0156,3.1139,6.5107,1
15.047,-20,-21,1478,1478,0.20,-0.72,3.0156,3.1139,6.5107,1
15.067,-21,-21,1478,1478,0.20,-0.72,3.0156,3.1139,6.5107,1
15.085,-22,-21,1478,1478,0.20,-0.72,3.0156,3.1139,6.5107,1
15.102,-23,-21,1478,1478,0.20,-0.72,3.0156,3.1139,6.5107,1
15.119,-23,-21,1478,1478,-0.13,-0.76,3.0156,3.1139,6.5107,1
15.136,-24,-21,1478,1478,-0.13,-0.76,3.0156,3.1139,6.5107,1
15.153,-24,-21,1478,1478,-0.13,-0.76,3.0156,3.1139,6.5107,1
15.170,-25,-21,1478,1478,-0.13,-0.76,3.0156,3.1139,6.5107,1
15.187,-25,-21,1478,1478,-0.13,-0.76,3.0156,3.1139,6.5107,1
15.204,-25,-21,1478,1478,-0.13,-0.76,3.0156,3.1139,6.5107,1
15.222,-26,-21,1478,1478,-0.13,-0.76,3.0156,3.1139,6.5107,1
15.239,-26,-21,1478,1478,-0.13,-0.76,3.0156,3.1139,6.5107,1
15.256,-27,-21,1478,1478,-0.13,-0.76,3.0156,3.1139,6.5107,1
15.274,-27,-21,1478,1478,-0.13,-0.76,3.0156,3.1139,6.5107,1
15.292,-28,-21,1478,1478,-0.13,-0.76,3.0156,3.1139,6.5107,1
15.309,-28,-21,1478,1478,-0.13,-0.76,3.0156,3.1139,6.5107,1
15.326,-29,-21,1478,1478,-0.13,-0.76,3.0156,3.1139,6.5107,1
15.343,-30,-21,1478,1478,-0.13,-0.76,3.0156,3.1139,6.5107,1
15.360,-30,-21,1478,1478,-0.13,-0.76,3.0156,3.1139,6.5107,1
15.377,-31,-21,1478,1478,-0.13,-0.76,3.0156,3.1139,6.5107,1
15.394,-32,-21,1478,1478,-0.13,-0.76,3.0156,3.1139,6.5107,1
15.412,-33,-21,1478,1478,-0.13,-0.76,3.0156,3.1139,6.5107,1
15.429,-33,-21,1478,1478,-0.13,-0.76,3.0757,2.5897,6.8692,1
15.447,-34,-21,1478,1478,-0.29,-0.80,3.0757,2.5897,6.8692,1
15.464,-34,-21,1478,1478,-0.29,-0.80,3.0757,2.5897,6.8692,1
15.481,-35,-22,1478,1478,-0.29,-0.80,3.0757,2.5897,6.8692,1
15.498,-37,-22,1478,1478,-0.29,-0.80,3.0757,2.5897,6.8692,1
15.516,-38,-22,1478,1478,-0.29,-0.80,3.0757,2.5897,6.8692,1
15.534,-40,-21,1478,1500,-0.29,-0.80,3.0757,2.5897,6.8692,1
15.552,-42,-21,1478,1478,-0.29,-0.80,3.0757,2.5897,6.8692,1
15.569,-45,-22,1478,1478,-0.29,-0.80,3.0757,2.5897,6.8692,1
15.587,-47,-22,1478,1478,-0.29,-0.80,3.0757,2.5897,6.8692,1
15.604,-49,-22,1478,1478,-0.29,-0.80,3.0757,2.5897,6.8692,1
15.621,-52,-22,1478,1478,-0.72,-0.36,3.0757,2.5897,6.8692,1
15.638,-54,-22,1478,1478,-0.72,-0.36,3.0757,2.5897,6.8692,1
15.656,-56,-22,1478,1478,-0.72,-0.36,3.0757,2.5897,6.8692,1
15.673,-59,-22,1478,1478,-0.72,-0.36,3.0757,2.5897,6.8692,1
15.690,-61,-22,1475,1478,-0.72,-0.36,3.0757,2.5897,6.8692,0
15.707,-64,-22,1472,1478,-0.72,-0.36,3.0757,2.5897,6.8692,0
15.725,-69,-21,1464,1478,-0.72,-0.36,3.0757,2.5897,6.8692,0
15.742,-71,-21,1469,1478,-0.72,-0.36,3.0757,2.5897,6.8692,0
15.760,-73,-21,1472,1478,-0.72,-0.36,3.0757,2.5897,6.8692,0
15.777,-75,-21,1473,1478,-0.72,-0.36,3.0757,2.5897,6.8692,0
15.794,-77,-22,1473,1478,-0.72,-0.36,3.0757,2.5897,6.8692,0
15.811,-79,-21,1473,1478,-0.72,-0.36,3.0757,2.5897,6.8692,0
15.828,-80,-21,1475,1478,-0.72,-0.36,3.0757,2.5897,6.8692,0
15.846,-82,-21,1474,1478,-0.72,-0.36,3.0757,2.5897,6.8692,0
15.865,-84,-21,1473,1478,-0.72,-0.36,3.0757,2.5897,6.8692,0
15.882,-85,-22,1475,1478,-0.72,-0.36,3.0757,2.5897,6.8692,0
15.899,-87,-21,1473,1478,-0.72,-0.36,3.0757,2.5897,6.8692,0
15.916,-88,-21,1475,1478,-0.72,-0.36,3.4363,1.7300,7.1098,0
15.934,-89,-21,1476,1478,-0.72,-0.36,3.4363,1.7300,7.1098,0
15.952,-90,-21,1476,1478,-0.54,-0.21,3.4363,1.7300,7.1098,0
15.969,-91,-21,1476,1478,-0.54,-0.21,3.4363,1.7300,7.1098,0
15.987,-92,-21,1476,1478,-0.54,-0.21,3.4363,1.7300,7.1098,0
16.004,-93,-21,1476,1478,-0.54,-0.21,3.4363,1.7300,7.1098,0
16.021,-94,-21,1476,1478,-0.54,-0.21,3.4363,1.7300,7.1098,0
16.038,-96,-21,1472,1478,-0.54,-0.21,3.4363,1.7300,7.1098,0
16.055,-96,-21,1477,1478,-0.54,-0.21,3.4363,1.7300,7.1098,0
16.072,-98,-21,1473,1478,-0.54,-0.21,3.4363,1.7300,7.1098,0
16.089,-100,-21,1471,1478,-0.54,-0.21,3.4363,1.7300,7.1098,0
16.107,-101,-21,1472,1478,-0.54,-0.21,3.4363,1.7300,7.1098,0
16.125,-102,-21,1473,1478,-0.62,0.08,3.4363,1.7300,7.1098,0
16.142,-103,-21,1474,1478,-0.62,0.08,3.4363,1.7300,7.1098,0
16.159,-104,-21,1474,1478,-0.62,0.08,3.4363,1.7300,7.1098,0
16.176,-105,-21,1473,1478,-0.62,0.08,3.4363,1.7300,7.1098,0
16.194,-106,-21,1473,1478,-0.62,0.08,3.4363,1.7300,7.1098,0
16.212,-107,-21,1473,1478,-0.62,0.08,3.4363,1.7300,7.1098,0
16.231,-108,-21,1473,1478,-0.62,0.08,3.4363,1.7300,7.1098,0
16.251,-109,-21,1473,1478,-0.62,0.08,3.4363,1.7300,7.1098,0
16.268,-110,-21,1473,1478,-0.62,0.08,3.4363,1.7300,7.1098,0
16.285,-111,-21,1473,1478,-0.62,0.08,3.4363,1.7300,7.1098,0
16.303,-112,-21,1472,1478,-0.62,0.08,3.4363,1.7300,7.1098,0
16.321,-113,-21,1472,1478,-0.62,0.08,3.4363,1.7300,7.1098,0
16.338,-114,-21,1472,1478,-0.62,0.08,3.4363,1.7300,7.1098,0
16.355,-116,-21,1468,1478,-0.62,0.08,3.4363,1.7300,7.1098,0
16.373,-117,-21,1470,1478,-0.62,0.08,3.4363,1.7300,7.1098,0
16.390,-119,-21,1467,1478,-0.62,0.08,3.4363,1.7300,7.1098,0
16.407,-120,-21,1469,1478,-0.62,0.08,3.4363,1.7300,7.1098,0
16.426,-122,-21,1467,1478,-0.62,0.08,2.2755,2.4488,6.4690,0
16.444,-124,-21,1465,1478,-1.09,0.68,2.2755,2.4488,6.4690,0
16.461,-124,-21,1470,1478,-1.09,0.68,2.2755,2.4488,6.4690,0
16.480,-126,-21,1467,1478,-1.09,0.68,2.2755,2.4488,6.4690,0
16.497,-128,-21,1465,1478,-1.09,0.68,2.2755,2.4488,6.4690,0
16.514,-130,-21,1464,1478,-1.09,0.68,2.2755,2.4488,6.4690,0
16.531,-133,-21,1460,1478,-1.09,0.68,2.2755,2.4488,6.4690,0
16.548,-135,-21,1460,1478,-1.09,0.68,2.2755,2.4488,6.4690,0
16.566,-138,-20,1458,1478,-1.09,0.68,2.2755,2.4488,6.4690,0
16.583,-140,-20,1459,1478,-1.09,0.68,2.2755,2.4488,6.4690,0
16.601,-142,-20,1460,1478,-1.09,0.68,2.2755,2.4488,6.4690,0
16.618,-144,-20,1460,1478,-1.62,1.35,2.2755,2.4488,6.4690,0
16.635,-146,-20,1459,1478,-1.62,1.35,2.2755,2.4488,6.4690,0
16.653,-147,-20,1462,1478,-1.62,1.35,2.2755,2.4488,6.4690,0
16.671,-149,-20,1460,1478,-1.62,1.35,2.2755,2.4488,6.4690,0
16.688,-150,-20,1463,1478,-1.62,1.35,2.2755,2.4488,6.4690,0
16.705,-151,-20,1463,1478,-1.62,1.35,2.2755,2.4488,6.4690,0
16.723,-152,-20,1464,1478,-1.62,1.35,2.2755,2.4488,6.4690,0
16.740,-153,-20,1464,1478,-1.62,1.35,2.2755,2.4488,6.4690,0
16.757,-154,-20,1464,1478,-1.62,1.35,2.2755,2.4488,6.4690,0
16.774,-155,-20,1464,1478,-1.62,1.35,2.2755,2.4488,6.4690,0
16.792,-156,-20,1463,1478,-1.62,1.35,2.2755,2.4488,6.4690,0
16.810,-157,-20,1463,1478,-1.62,1.35,2.2755,2.4488,6.4690,0
16.827,-159,-20,1460,1478,-1.62,1.35,2.2755,2.4488,6.4690,0
16.844,-159,-20,1464,1478,-1.62,1.35,2.2755,2.4488,6.4690,0
16.862,-160,-20,1463,1478,-1.62,1.35,2.2755,2.4488,6.4690,0
16.880,-161,-20,1463,1478,-1.62,1.35,2.2755,2.4488,6.4690,0
16.897,-162,-19,1462,1478,-1.62,1.35,2.2755,2.4488,6.4690,0
16.915,-163,-19,1462,1478,-1.62,1.35,2.2755,2.4488,6.4690,0
16.933,-163,-19,1465,1478,-1.62,1.35,2.3333,2.4182,7.2703,0
16.951,-165,-19,1460,1478,-1.68,1.63,2.3333,2.4182,7.2703,0
16.968,-166,-19,1461,1478,-1.68,1.63,2.3333,2.4182,7.2703,0
16.985,-166,-19,1464,1478,-1.68,1.63,2.3333,2.4182,7.2703,0
17.002,-166,-19,1466,1478,-1.68,1.63,2.3333,2.4182,7.2703,0
17.019,-167,-19,1463,1478,-1.68,1.63,2.3333,2.4182,7.2703,0
17.036,-168,-19,1462,1478,-1.68,1.63,2.3333,2.4182,7.2703,0
17.054,-168,-19,1464,1478,-1.68,1.63,2.3333,2.4182,7.2703,0
17.071,-169,-18,1462,1500,-1.68,1.63,2.3333,2.4182,7.2703,0
17.089,-169,-19,1465,1478,-1.68,1.63,2.3333,2.4182,7.2703,0
17.107,-169,-18,1466,1478,-1.68,1.63,2.3333,2.4182,7.2703,0
17.124,-169,-18,1466,1478,-1.46,2.04,2.3333,2.4182,7.2703,0
17.141,-169,-18,1466,1478,-1.46,2.04,2.3333,2.4182,7.2703,0
17.158,-169,-18,1466,1478,-1.46,2.04,2.3333,2.4182,7.2703,0
17.175,-169,-18,1467,1478,-1.46,2.04,2.3333,2.4182,7.2703,0
17.192,-170,-18,1463,1478,-1.46,2.04,2.3333,2.4182,7.2703,0
17.210,-170,-18,1465,1478,-1.46,2.04,2.3333,2.4182,7.2703,0
17.229,-170,-18,1466,1478,-1.46,2.04,2.3333,2.4182,7.2703,0
17.246,-170,-18,1466,1478,-1.46,2.04,2.3333,2.4182,7.2703,0
17.264,-171,-18,1463,1478,-1.46,2.04,2.3333,2.4182,7.2703,0
17.281,-171,-18,1465,1478,-1.46,2.04,2.3333,2.4182,7.2703,0
17.298,-171,-18,1465,1478,-1.46,2.04,2.3333,2.4182,7.2703,0
17.315,-171,-18,1466,1478,-1.46,2.04,2.3333,2.4182,7.2703,0
17.332,-172,-17,1463,1500,-1.46,2.04,2.3333,2.4182,7.2703,0
17.349,-172,-17,1464,1478,-1.46,2.04,2.3333,2.4182,7.2703,0
17.366,-172,-17,1465,1478,-1.46,2.04,2.3333,2.4182,7.2703,0
17.384,-172,-17,1466,1478,-1.46,2.04,2.3333,2.4182,7.2703,0
17.401,-172,-17,1466,1478,-1.46,2.04,2.3333,2.4182,7.2703,0
17.419,-173,-17,1463,1478,-1.46,2.04,1.6684,2.8771,6.9033,0
17.437,-172,-17,1467,1478,-1.00,1.71,1.6684,2.8771,6.9033,0
17.456,-173,-17,1464,1478,-1.00,1.71,1.6684,2.8771,6.9033,0
17.473,-173,-17,1465,1478,-1.00,1.71,1.6684,2.8771,6.9033,0
17.490,-173,-17,1465,1478,-1.00,1.71,1.6684,2.8771,6.9033,0
17.507,-172,-17,1469,1478,-1.00,1.71,1.6684,2.8771,6.9033,0
17.525,-172,-17,1467,1478,-1.00,1.71,1.6684,2.8771,6.9033,0
17.542,-171,-17,1470,1478,-1.00,1.71,1.6684,2.8771,6.9033,0
17.560,-171,-16,1468,1500,-1.00,1.71,1.6684,2.8771,6.9033,0
17.577,-171,-16,1467,1478,-1.00,1.71,1.6684,2.8771,6.9033,0
17.595,-170,-16,1470,1478,-1.00,1.71,1.6684,2.8771,6.9033,0
17.613,-170,-16,1468,1478,-1.00,1.71,1.6684,2.8771,6.9033,0
17.630,-170,-16,1467,1478,-0.50,1.14,1.6684,2.8771,6.9033,0
17.648,-169,-16,1470,1478,-0.50,1.14,1.6684,2.8771,6.9033,0
17.665,-169,-16,1468,1478,-0.50,1.14,1.6684,2.8771,6.9033,0
17.682,-168,-15,1470,1500,-0.50,1.14,1.6684,2.8771,6.9033,0
17.699,-168,-15,1469,1478,-0.50,1.14,1.6684,2.8771,6.9033,0
17.717,-167,-15,1471,1478,-0.50,1.14,1.6684,2.8771,6.9033,0
17.734,-166,-15,1472,1478,-0.50,1.14,1.6684,2.8771,6.9033,0
17.751,-166,-15,1470,1478,-0.50,1.14,1.6684,2.8771,6.9033,0
17.768,-165,-15,1472,1478,-0.50,1.14,1.6684,2.8771,6.9033,0
17.785,-165,-15,1469,1478,-0.50,1.14,1.6684,2.8771,6.9033,0
17.802,-163,-14,1475,1500,-0.50,1.14,1.6684,2.8771,6.9033,0
17.819,-161,-14,1477,1478,-0.50,1.14,1.6684,2.8771,6.9033,0
17.837,-161,-14,1473,1478,-0.50,1.14,1.6684,2.8771,6.9033,0
17.855,-160,-14,1474,1478,-0.50,1.14,1.6684,2.8771,6.9033,0
17.872,-159,-14,1474,1478,-0.50,1.14,1.6684,2.8771,6.9033,0
17.889,-159,-14,1471,1478,-0.50,1.14,1.6684,2.8771,6.9033,0
17.906,-159,-14,1470,1478,-0.50,1.14,1.6684,2.8771,6.9033,0
17.923,-158,-14,1472,1478,-0.50,1.14,2.1999,2.0901,7.0900,0
17.940,-158,-13,1471,1500,-1.09,1.02,2.1999,2.0901,7.0900,0
17.958,-159,-13,1467,1478,-1.09,1.02,2.1999,2.0901,7.0900,0
17.975,-159,-13,1468,1478,-1.09,1.02,2.1999,2.0901,7.0900,0
17.994,-159,-13,1468,1478,-1.09,1.02,2.1999,2.0901,7.0900,0
18.013,-159,-13,1468,1478,-1.09,1.02,2.1999,2.0901,7.0900,0
18.030,-160,-13,1466,1478,-1.09,1.02,2.1999,2.0901,7.0900,0
18.048,-160,-12,1467,1500,-1.09,1.02,2.1999,2.0901,7.0900,0
18.068,-160,-12,1468,1478,-1.09,1.02,2.1999,2.0901,7.0900,0
18.085,-161,-12,1465,1478,-1.09,1.02,2.1999,2.0901,7.0900,0
18.102,-162,-12,1463,1478,-1.09,1.02,2.1999,2.0901,7.0900,0
18.120,-162,-12,1466,1478,-1.79,0.66,2.1999,2.0901,7.0900,0
18.137,-163,-12,1464,1478,-1.79,0.66,2.1999,2.0901,7.0900,0
18.155,-164,-12,1463,1478,-1.79,0.66,2.1999,2.0901,7.0900,0
18.172,-165,-12,1462,1478,-1.79,0.66,2.1999,2.0901,7.0900,0
18.190,-166,-11,1462,1500,-1.79,0.66,2.1999,2.0901,7.0900,0
18.208,-167,-11,1461,1478,-1.79,0.66,2.1999,2.0901,7.0900,0
18.225,-168,-11,1461,1478,-1.79,0.66,2.1999,2.0901,7.0900,0
18.243,-169,-10,1461,1500,-1.79,0.66,2.1999,2.0901,7.0900,0
18.262,-170,-10,1461,1500,-1.79,0.66,2.1999,2.0901,7.0900,0
18.279,-171,-10,1460,1478,-1.79,0.66,2.1999,2.0901,7.0900,0
18.296,-171,-10,1463,1478,-1.79,0.66,2.1999,2.0901,7.0900,0
18.313,-172,-10,1462,1478,-1.79,0.66,2.1999,2.0901,7.0900,0
18.332,-172,-10,1464,1478,-1.79,0.66,2.1999,2.0901,7.0900,0
18.349,-173,-9,1462,1500,-1.79,0.66,2.1999,2.0901,7.0900,0
18.366,-173,-9,1464,1500,-1.79,0.66,2.1999,2.0901,7.0900,0
18.383,-174,-9,1462,1478,-1.79,0.66,2.1999,2.0901,7.0900,0
18.401,-175,-9,1461,1478,-1.79,0.66,2.1999,2.0901,7.0900,0
18.418,-175,-9,1463,1478,-1.79,0.66,3.0308,2.3339,6.6470,0
18.437,-175,-9,1464,1478,-2.50,0.09,3.0308,2.3339,6.6470,0
18.454,-176,-8,1462,1522,-2.50,0.09,3.0308,2.3339,6.6470,0
18.471,-177,-8,1460,1500,-2.50,0.09,3.0308,2.3339,6.6470,0
18.488,-177,-8,1463,1478,-2.50,0.09,3.0308,2.3339,6.6470,0
18.506,-178,-8,1461,1478,-2.50,0.09,3.0308,2.3339,6.6470,0
18.523,-178,-8,1463,1478,-2.50,0.09,3.0308,2.3339,6.6470,0
18.541,-179,-7,1461,1522,-2.50,0.09,3.0308,2.3339,6.6470,0
18.558,-178,-7,1466,1500,-2.50,0.09,3.0308,2.3339,6.6470,0
18.575,-178,-7,1465,1500,-2.50,0.09,3.0308,2.3339,6.6470,0
18.593,-177,-7,1468,1478,-2.50,0.09,3.0308,2.3339,6.6470,0
18.610,-177,-7,1467,1478,-2.50,0.09,3.0308,2.3339,6.6470,0
18.628,-176,-7,1469,1478,-2.25,-0.50,3.0308,2.3339,6.6470,0
18.645,-175,-7,1470,1478,-2.25,-0.50,3.0308,2.3339,6.6470,0
18.662,-174,-6,1471,1522,-2.25,-0.50,3.0308,2.3339,6.6470,0
18.680,-173,-6,1471,1500,-2.25,-0.50,3.0308,2.3339,6.6470,0
18.697,-172,-6,1472,1500,-2.25,-0.50,3.0308,2.3339,6.6470,0
18.715,-171,-6,1472,1478,-2.25,-0.50,3.0308,2.3339,6.6470,0
18.733,-170,-6,1472,1478,-2.25,-0.50,3.0308,2.3339,6.6470,0
18.750,-169,-6,1472,1478,-2.25,-0.50,3.0308,2.3339,6.6470,0
18.767,-167,-6,1476,1478,-2.25,-0.50,3.0308,2.3339,6.6470,0
18.784,-166,-6,1474,1478,-2.25,-0.50,3.0308,2.3339,6.6470,0
18.802,-165,-5,1474,1522,-2.25,-0.50,3.0308,2.3339,6.6470,0
18.819,-163,-5,1477,1500,-2.25,-0.50,3.0308,2.3339,6.6470,0
18.837,-162,-5,1475,1500,-2.25,-0.50,3.0308,2.3339,6.6470,0
18.855,-160,-5,1478,1500,-2.25,-0.50,3.0308,2.3339,6.6470,0
18.872,-158,-5,1478,1478,-1.09,-0.77,3.0308,2.3339,6.6470,0
18.889,-156,-5,1478,1478,-1.09,-0.77,3.0308,2.3339,6.6470,0
18.906,-155,-5,1478,1478,-1.09,-0.77,3.0308,2.3339,6.6470,0
18.923,-153,-5,1478,1478,-1.09,-0.77,3.0308,2.3339,6.6470,0
18.940,-151,-5,1478,1478,-1.09,-0.77,2.4512,3.3106,7.1818,0
18.958,-150,-5,1478,1478,-1.09,-0.77,2.4512,3.3106,7.1818,0
18.975,-148,-5,1478,1478,-1.09,-0.77,2.4512,3.3106,7.1818,0
18.992,-147,-5,1478,1478,-1.09,-0.77,2.4512,3.3106,7.1818,0
19.009,-145,-5,1478,1478,-1.09,-0.77,2.4512,3.3106,7.1818,0
19.028,-143,-5,1478,1478,-1.09,-0.77,2.4512,3.3106,7.1818,0
19.045,-141,-5,1478,1478,-1.09,-0.77,2.4512,3.3106,7.1818,0
19.062,-140,-5,1478,1478,-1.09,-0.77,2.4512,3.3106,7.1818,0
19.079,-138,-5,1478,1478,-1.09,-0.77,2.4512,3.3106,7.1818,0
19.099,-137,-4,1478,1522,-1.09,-0.77,2.4512,3.3106,7.1818,0
19.116,-135,-5,1478,1478,-1.09,-0.77,2.4512,3.3106,7.1818,0
19.133,-133,-4,1478,1522,0.11,-0.73,2.4512,3.3106,7.1818,0
19.150,-132,-4,1478,1500,0.11,-0.73,2.4512,3.3106,7.1818,0
19.167,-130,-4,1478,1500,0.11,-0.73,2.4512,3.3106,7.1818,0
19.185,-128,-4,1478,1500,0.11,-0.73,2.7830,2.8752,7.4865,0
19.203,-126,-4,1478,1500,0.11,-0.73,2.7830,2.8752,7.4865,0
19.220,-124,-5,1478,1478,0.11,-0.73,2.7830,2.8752,7.4865,0
19.238,-122,-5,1478,1478,0.11,-0.73,2.7830,2.8752,7.4865,0
19.255,-121,-5,1478,1478,0.11,-0.73,2.7830,2.8752,7.4865,0
19.272,-120,-5,1478,1478,0.11,-0.73,2.7830,2.8752,7.4865,0
19.289,-119,-5,1478,1478,0.11,-0.73,2.7830,2.8752,7.4865,0
19.306,-118,-5,1478,1478,0.11,-0.73,2.7830,2.8752,7.4865,0
19.323,-118,-5,1478,1478,0.11,-0.73,2.7830,2.8752,7.4865,0
19.340,-118,-5,1478,1478,0.11,-0.73,2.7830,2.8752,7.4865,0
19.358,-118,-5,1478,1478,0.11,-0.73,2.7830,2.8752,7.4865,0
19.376,-117,-5,1478,1478,0.83,-0.80,2.7830,2.8752,7.4865,0
19.393,-117,-5,1478,1478,0.83,-0.80,2.7830,2.8752,7.4865,0
19.411,-117,-5,1478,1478,0.83,-0.80,2.7830,2.8752,7.4865,0
19.428,-116,-5,1478,1478,0.83,-0.80,2.7830,2.8752,7.4865,0
19.446,-116,-6,1478,1478,0.83,-0.80,2.6754,3.1923,7.3565,0
19.463,-116,-6,1478,1478,0.83,-0.80,2.6754,3.1923,7.3565,0
19.481,-116,-6,1478,1478,0.83,-0.80,2.6754,3.1923,7.3565,0
19.498,-115,-6,1478,1478,0.83,-0.80,2.6754,3.1923,7.3565,0
19.516,-115,-6,1478,1478,0.83,-0.80,2.6754,3.1923,7.3565,0
19.534,-115,-6,1478,1478,0.83,-0.80,2.6754,3.1923,7.3565,0
19.551,-115,-6,1478,1478,0.83,-0.80,2.6754,3.1923,7.3565,0
19.569,-115,-6,1478,1478,0.83,-0.80,2.6754,3.1923,7.3565,0
19.586,-114,-7,1478,1478,0.83,-0.80,2.6754,3.1923,7.3565,0
19.604,-115,-7,1476,1478,0.83,-0.80,2.6754,3.1923,7.3565,0
19.621,-114,-7,1478,1478,0.84,-0.67,2.6754,3.1923,7.3565,0
19.638,-114,-7,1478,1478,0.84,-0.67,2.6754,3.1923,7.3565,0
19.655,-114,-7,1478,1478,0.84,-0.67,2.6754,3.1923,7.3565,0
19.673,-114,-8,1478,1478,0.84,-0.67,2.6754,3.1923,7.3565,0
19.690,-113,-8,1478,1478,0.84,-0.67,2.5158,3.2020,7.7918,0
19.707,-114,-8,1476,1478,0.84,-0.67,2.5158,3.2020,7.7918,0
19.725,-113,-8,1478,1478,0.84,-0.67,2.5158,3.2020,7.7918,0
19.742,-113,-8,1478,1478,0.84,-0.67,2.5158,3.2020,7.7918,0
19.759,-113,-9,1478,1478,0.84,-0.67,2.5158,3.2020,7.7918,0
19.776,-113,-9,1478,1478,0.84,-0.67,2.5158,3.2020,7.7918,0
19.794,-114,-9,1475,1478,0.84,-0.67,2.5158,3.2020,7.7918,0
19.812,-114,-10,1476,1478,0.84,-0.67,2.5158,3.2020,7.7918,0
19.829,-115,-10,1474,1478,0.84,-0.67,2.5158,3.2020,7.7918,0
19.847,-115,-10,1476,1478,0.84,-0.67,2.5158,3.2020,7.7918,0
19.865,-115,-10,1477,1478,0.84,-0.67,2.5158,3.2020,7.7918,0
19.882,-116,-10,1474,1478,0.40,-0.34,2.5158,3.2020,7.7918,0
19.899,-116,-11,1476,1478,0.40,-0.34,2.5158,3.2020,7.7918,0
19.917,-117,-11,1473,1478,0.40,-0.34,2.5158,3.2020,7.7918,0
19.934,-117,-11,1475,1478,0.40,-0.34,2.3403,3.2945,6.7629,0
19.952,-118,-11,1473,1478,0.40,-0.34,2.3403,3.2945,6.7629,0
19.969,-118,-11,1475,1478,0.40,-0.34,2.3403,3.2945,6.7629,0
19.986,-119,-12,1473,1478,0.40,-0.34,2.3403,3.2945,6.7629,0
20.004,-119,-12,1475,1478,0.40,-0.34,2.3403,3.2945,6.7629,0
20.021,-120,-12,1473,1478,0.40,-0.34,2.3403,3.2945,6.7629,0
20.039,-120,-12,1474,1478,0.40,-0.34,2.3403,3.2945,6.7629,0
20.057,-120,-13,1475,1478,0.40,-0.34,2.3403,3.2945,6.7629,0
20.075,-120,-13,1476,1478,0.40,-0.34,2.3403,3.2945,6.7629,0
20.092,-120,-13,1476,1478,0.40,-0.34,2.3403,3.2945,6.7629,0
20.109,-119,-13,1478,1478,0.40,-0.34,2.3403,3.2945,6.7629,0
20.128,-120,-14,1475,1478,-0.00,-0.06,2.3403,3.2945,6.7629,0
20.145,-119,-14,1478,1478,-0.00,-0.06,2.3403,3.2945,6.7629,0
20.162,-119,-14,1478,1478,-0.00,-0.06,2.3403,3.2945,6.7629,0
20.179,-118,-14,1478,1478,-0.00,-0.06,2.4280,3.0261,7.7168,0
20.196,-117,-14,1478,1478,-0.00,-0.06,2.4280,3.0261,7.7168,0
20.213,-116,-15,1478,1478,-0.00,-0.06,2.4280,3.0261,7.7168,0
20.231,-115,-15,1478,1478,-0.00,-0.06,2.4280,3.0261,7.7168,0
20.248,-114,-15,1478,1478,-0.00,-0.06,2.4280,3.0261,7.7168,0
20.266,-112,-16,1478,1478,-0.00,-0.06,2.4280,3.0261,7.7168,0
20.283,-110,-16,1478,1478,-0.00,-0.06,2.4280,3.0261,7.7168,0
20.300,-109,-16,1478,1478,-0.00,-0.06,2.4280,3.0261,7.7168,0
20.318,-107,-16,1478,1478,-0.00,-0.06,2.4280,3.0261,7.7168,0
20.335,-106,-16,1478,1478,-0.00,-0.06,2.4280,3.0261,7.7168,0
20.352,-105,-17,1478,1478,-0.00,-0.06,2.4280,3.0261,7.7168,0
20.369,-103,-17,1478,1478,-0.08,-0.12,2.4280,3.0261,7.7168,0
20.388,-101,-17,1478,1478,-0.08,-0.12,2.4280,3.0261,7.7168,0
20.405,-100,-17,1478,1478,-0.08,-0.12,2.4280,3.0261,7.7168,0
20.424,-98,-18,1478,1478,-0.08,-0.12,2.4280,3.0261,7.7168,0
20.441,-97,-18,1478,1478,-0.08,-0.12,2.3428,3.0300,7.5360,0
20.458,-96,-18,1478,1478,-0.08,-0.12,2.3428,3.0300,7.5360,0
20.475,-96,-18,1478,1478,-0.08,-0.12,2.3428,3.0300,7.5360,0
20.492,-95,-18,1478,1478,-0.08,-0.12,2.3428,3.0300,7.5360,0
20.511,-95,-19,1478,1478,-0.08,-0.12,2.3428,3.0300,7.5360,0
20.528,-94,-19,1478,1478,-0.08,-0.12,2.3428,3.0300,7.5360,0
20.545,-94,-19,1478,1478,-0.08,-0.12,2.3428,3.0300,7.5360,0
20.562,-94,-19,1478,1478,-0.08,-0.12,2.3428,3.0300,7.5360,0
20.580,-94,-19,1478,1478,-0.08,-0.12,2.3428,3.0300,7.5360,0
20.597,-94,-19,1478,1478,-0.08,-0.12,2.3428,3.0300,7.5360,0
20.614,-94,-19,1478,1478,-0.27,-0.14,2.3428,3.0300,7.5360,0
20.631,-93,-20,1478,1478,-0.27,-0.14,2.3428,3.0300,7.5360,0
20.648,-93,-20,1478,1478,-0.27,-0.14,2.3428,3.0300,7.5360,0
20.665,-92,-20,1478,1478,-0.27,-0.14,2.3428,3.0300,7.5360,0
20.682,-91,-20,1478,1478,-0.27,-0.14,2.5846,2.8355,7.4298,0
20.699,-90,-20,1478,1478,-0.27,-0.14,2.5846,2.8355,7.4298,0
20.717,-90,-20,1478,1478,-0.27,-0.14,2.5846,2.8355,7.4298,0
20.734,-88,-20,1478,1478,-0.27,-0.14,2.5846,2.8355,7.4298,0
20.751,-87,-21,1478,1478,-0.27,-0.14,2.5846,2.8355,7.4298,0
20.768,-85,-21,1478,1478,-0.27,-0.14,2.5846,2.8355,7.4298,0
20.785,-82,-21,1478,1478,-0.27,-0.14,2.5846,2.8355,7.4298,0
20.802,-82,-21,1478,1478,-0.27,-0.14,2.5846,2.8355,7.4298,0
20.820,-80,-21,1478,1478,-0.27,-0.14,2.5846,2.8355,7.4298,0
20.837,-78,-21,1478,1478,-0.27,-0.14,2.5846,2.8355,7.4298,0
20.854,-78,-21,1478,1478,-0.27,-0.14,2.5846,2.8355,7.4298,0
20.871,-76,-22,1478,1478,-0.18,-0.01,2.5846,2.8355,7.4298,0
20.888,-76,-22,1478,1478,-0.18,-0.01,2.5846,2.8355,7.4298,0
20.906,-74,-22,1478,1478,-0.18,-0.01,2.5846,2.8355,7.4298,0
20.923,-73,-22,1478,1478,-0.18,-0.01,2.5846,2.8355,7.4298,0
20.940,-72,-22,1478,1478,-0.18,-0.01,1.9410,3.1327,7.3878,0
20.959,-71,-22,1478,1478,-0.18,-0.01,1.9410,3.1327,7.3878,0
20.976,-70,-22,1478,1478,-0.18,-0.01,1.9410,3.1327,7.3878,0
20.994,-68,-22,1478,1478,-0.18,-0.01,1.9410,3.1327,7.3878,0
21.011,-67,-22,1478,1478,-0.18,-0.01,1.9410,3.1327,7.3878,0
21.029,-65,-22,1478,1478,-0.18,-0.01,1.9410,3.1327,7.3878,0
21.046,-63,-23,1478,1478,-0.18,-0.01,1.9410,3.1327,7.3878,0
21.063,-61,-23,1478,1478,-0.18,-0.01,1.9410,3.1327,7.3878,0
21.081,-59,-23,1500,1478,-0.18,-0.01,1.9410,3.1327,7.3878,1
21.098,-56,-23,1522,1478,-0.18,-0.01,1.9410,3.1327,7.3878,1
21.116,-54,-23,1500,1478,-0.29,0.28,1.9410,3.1327,7.3878,1
21.133,-51,-23,1522,1478,-0.29,0.28,1.9410,3.1327,7.3878,1
21.151,-50,-23,1500,1478,-0.29,0.28,1.9410,3.1327,7.3878,1
21.168,-47,-23,1522,1478,-0.29,0.28,1.9410,3.1327,7.3878,1
21.185,-44,-23,1522,1478,-0.29,0.28,1.4145,3.0251,7.7050,1
21.202,-42,-23,1522,1478,-0.29,0.28,1.4145,3.0251,7.7050,1
21.219,-39,-23,1522,1478,-0.29,0.28,1.4145,3.0251,7.7050,1
21.236,-36,-24,1522,1478,-0.29,0.28,1.4145,3.0251,7.7050,1
21.253,-34,-24,1522,1478,-0.29,0.28,1.4145,3.0251,7.7050,1
21.271,-31,-24,1522,1478,-0.29,0.28,1.4145,3.0251,7.7050,1
21.288,-28,-24,1522,1478,-0.29,0.28,1.4145,3.0251,7.7050,1
21.306,-25,-24,1522,1478,-0.29,0.28,1.4145,3.0251,7.7050,1
21.323,-25,-24,1522,1478,-0.29,0.28,1.4145,3.0251,7.7050,1
21.341,-22,-24,1522,1478,-0.29,0.28,1.4145,3.0251,7.7050,1
21.358,-19,-24,1522,1478,-0.29,0.28,1.4145,3.0251,7.7050,1
21.375,-16,-24,1522,1478,-0.18,0.54,1.4145,3.0251,7.7050,1
21.392,-14,-24,1522,1478,-0.18,0.54,1.4145,3.0251,7.7050,1
21.409,-11,-24,1522,1478,-0.18,0.54,1.4145,3.0251,7.7050,1
21.427,-9,-24,1522,1478,-0.18,0.54,1.4145,3.0251,7.7050,1
21.444,-7,-24,1522,1478,-0.18,0.54,1.5812,3.0719,7.3803,1
21.463,-4,-25,1522,1478,-0.18,0.54,1.5812,3.0719,7.3803,1
21.481,-3,-25,1522,1478,-0.18,0.54,1.5812,3.0719,7.3803,1
21.500,-1,-25,1522,1478,-0.18,0.54,1.5812,3.0719,7.3803,1
21.517,-1,-25,1522,1478,-0.18,0.54,1.5812,3.0719,7.3803,1
21.535,1,-25,1522,1478,-0.18,0.54,1.5812,3.0719,7.3803,1
21.552,2,-25,1522,1478,-0.18,0.54,1.5812,3.0719,7.3803,1
21.570,4,-25,1522,1478,-0.18,0.54,1.5812,3.0719,7.3803,1
21.588,5,-25,1522,1478,-0.18,0.54,1.5812,3.0719,7.3803,1
21.605,7,-25,1522,1478,-0.18,0.54,1.5812,3.0719,7.3803,1
21.622,9,-25,1522,1478,0.13,1.05,1.5812,3.0719,7.3803,1
21.640,10,-25,1522,1478,0.13,1.05,1.5812,3.0719,7.3803,1
21.658,12,-25,1522,1478,0.13,1.05,1.5812,3.0719,7.3803,1
21.676,14,-25,1522,1478,0.13,1.05,1.5812,3.0719,7.3803,1
21.694,15,-25,1522,1478,0.13,1.05,1.4845,3.2725,7.6183,1
21.711,16,-25,1522,1478,0.13,1.05,1.4845,3.2725,7.6183,1
21.728,17,-25,1522,1478,0.13,1.05,1.4845,3.2725,7.6183,1
21.746,18,-25,1522,1478,0.13,1.05,1.4845,3.2725,7.6183,1
21.763,18,-25,1522,1478,0.13,1.05,1.4845,3.2725,7.6183,1
21.780,19,-25,1522,1478,0.13,1.05,1.4845,3.2725,7.6183,1
21.798,20,-25,1522,1478,0.13,1.05,1.4845,3.2725,7.6183,1
21.815,21,-25,1522,1478,0.13,1.05,1.4845,3.2725,7.6183,1
21.833,21,-25,1522,1478,0.13,1.05,1.4845,3.2725,7.6183,1
21.850,22,-25,1522,1478,0.13,1.05,1.4845,3.2725,7.6183,1
21.868,22,-25,1522,1478,0.41,1.24,1.4845,3.2725,7.6183,1
21.885,22,-25,1522,1478,0.41,1.24,1.4845,3.2725,7.6183,1
21.902,22,-25,1522,1478,0.41,1.24,1.4845,3.2725,7.6183,1
21.919,23,-25,1522,1478,0.41,1.24,1.4845,3.2725,7.6183,1
21.937,23,-25,1522,1478,0.41,1.24,1.4209,3.0832,7.6686,1
21.954,23,-26,1522,1478,0.41,1.24,1.4209,3.0832,7.6686,1
21.971,23,-26,1522,1478,0.41,1.24,1.4209,3.0832,7.6686,1
21.988,24,-25,1522,1478,0.41,1.24,1.4209,3.0832,7.6686,1
22.007,24,-25,1522,1478,0.41,1.24,1.4209,3.0832,7.6686,1
22.024,24,-25,1522,1478,0.41,1.24,1.4209,3.0832,7.6686,1
22.042,24,-25,1522,1478,0.41,1.24,1.4209,3.0832,7.6686,1
22.059,24,-25,1522,1478,0.41,1.24,1.4209,3.0832,7.6686,1
22.076,25,-25,1522,1478,0.41,1.24,1.4209,3.0832,7.6686,1
22.094,25,-25,1522,1478,0.41,1.24,1.4209,3.0832,7.6686,1
22.112,26,-25,1522,1478,0.41,1.24,1.4209,3.0832,7.6686,1
22.129,26,-25,1522,1478,0.34,1.57,1.4209,3.0832,7.6686,1
22.146,26,-25,1522,1478,0.34,1.57,1.4209,3.0832,7.6686,1
22.163,27,-25,1522,1478,0.34,1.57,1.4209,3.0832,7.6686,1
22.181,27,-25,1522,1478,0.34,1.57,1.2821,2.9550,7.8859,1
22.198,27,-25,1522,1478,0.34,1.57,1.2821,2.9550,7.8859,1
22.215,27,-25,1522,1478,0.34,1.57,1.2821,2.9550,7.8859,1
22.232,27,-25,1522,1478,0.34,1.57,1.2821,2.9550,7.8859,1
22.249,27,-25,1522,1478,0.34,1.57,1.2821,2.9550,7.8859,1
22.266,27,-25,1522,1478,0.34,1.57,1.2821,2.9550,7.8859,1
22.284,27,-25,1522,1478,0.34,1.57,1.2821,2.9550,7.8859,1
22.301,28,-25,1522,1478,0.34,1.57,1.2821,2.9550,7.8859,1
22.318,28,-25,1522,1478,0.34,1.57,1.2821,2.9550,7.8859,1
22.335,27,-25,1522,1478,0.34,1.57,1.2821,2.9550,7.8859,1
22.352,27,-25,1522,1478,0.34,1.57,1.2821,2.9550,7.8859,1
22.369,27,-25,1522,1478,-0.18,2.06,1.2821,2.9550,7.8859,1
22.386,26,-25,1500,1478,-0.18,2.06,1.2821,2.9550,7.8859,1
22.403,26,-25,1522,1478,-0.18,2.06,1.2821,2.9550,7.8859,1
22.421,25,-25,1500,1478,-0.18,2.06,1.2821,2.9550,7.8859,1
22.439,25,-25,1522,1478,-0.18,2.06,1.5239,2.9955,7.4808,1
22.457,24,-25,1500,1478,-0.18,2.06,1.5239,2.9955,7.4808,1
22.474,23,-25,1500,1478,-0.18,2.06,1.5239,2.9955,7.4808,1
22.492,22,-24,1500,1478,-0.18,2.06,1.5239,2.9955,7.4808,1
22.509,21,-24,1500,1478,-0.18,2.06,1.5239,2.9955,7.4808,1
22.527,19,-24,1478,1478,-0.18,2.06,1.5239,2.9955,7.4808,1
22.544,17,-24,1478,1478,-0.18,2.06,1.5239,2.9955,7.4808,1
22.563,16,-24,1478,1478,-0.18,2.06,1.5239,2.9955,7.4808,1
22.580,14,-24,1478,1478,-0.18,2.06,1.5239,2.9955,7.4808,1
22.597,12,-24,1478,1478,-0.18,2.06,1.5239,2.9955,7.4808,1
22.615,12,-24,1478,1478,-0.18,2.06,1.5239,2.9955,7.4808,1
22.632,10,-24,1478,1478,-0.74,2.45,1.5239,2.9955,7.4808,1
22.649,9,-24,1478,1478,-0.74,2.45,1.5239,2.9955,7.4808,1
22.666,7,-24,1478,1478,-0.74,2.45,1.5239,2.9955,7.4808,1
22.684,5,-24,1478,1478,-0.74,2.45,1.8961,3.2180,6.7533,1
22.701,4,-24,1478,1478,-0.74,2.45,1.8961,3.2180,6.7533,1
22.718,3,-24,1478,1478,-0.74,2.45,1.8961,3.2180,6.7533,1
22.736,2,-24,1478,1478,-0.74,2.45,1.8961,3.2180,6.7533,1
22.753,0,-24,1478,1478,-0.74,2.45,1.8961,3.2180,6.7533,1
22.770,-2,-24,1478,1478,-0.74,2.45,1.8961,3.2180,6.7533,1
22.788,-3,-24,1478,1478,-0.74,2.45,1.8961,3.2180,6.7533,1
22.806,-5,-24,1478,1478,-0.74,2.45,1.8961,3.2180,6.7533,1
22.825,-6,-24,1478,1478,-0.74,2.45,1.8961,3.2180,6.7533,1
22.842,-8,-24,1478,1478,-0.74,2.45,1.8961,3.2180,6.7533,1
22.859,-10,-24,1478,1478,-0.74,2.45,1.8961,3.2180,6.7533,1
22.876,-11,-24,1478,1478,-0.37,2.39,1.8961,3.2180,6.7533,1
22.894,-13,-24,1478,1478,-0.37,2.39,1.8961,3.2180,6.7533,1
22.911,-15,-24,1478,1478,-0.37,2.39,1.8961,3.2180,6.7533,1
22.928,-16,-24,1478,1478,-0.37,2.39,1.6144,3.0441,6.9695,1
22.946,-17,-24,1478,1478,-0.37,2.39,1.6144,3.0441,6.9695,1
22.964,-19,-24,1478,1478,-0.37,2.39,1.6144,3.0441,6.9695,1
22.981,-20,-24,1478,1478,-0.37,2.39,1.6144,3.0441,6.9695,1
22.998,-22,-24,1478,1478,-0.37,2.39,1.6144,3.0441,6.9695,1
23.016,-23,-23,1478,1500,-0.37,2.39,1.6144,3.0441,6.9695,1
23.033,-25,-23,1478,1478,-0.37,2.39,1.6144,3.0441,6.9695,1
23.050,-26,-23,1478,1478,-0.37,2.39,1.6144,3.0441,6.9695,1
23.068,-28,-23,1478,1478,-0.37,2.39,1.6144,3.0441,6.9695,1
23.085,-29,-23,1478,1478,-0.37,2.39,1.6144,3.0441,6.9695,1
23.102,-30,-23,1478,1478,-0.37,2.39,1.6144,3.0441,6.9695,1
23.119,-31,-23,1478,1478,-0.37,1.78,1.6144,3.0441,6.9695,1
23.136,-31,-23,1478,1478,-0.37,1.78,1.6144,3.0441,6.9695,1
23.153,-32,-23,1478,1478,-0.37,1.78,1.6144,3.0441,6.9695,1
23.170,-32,-23,1478,1478,-0.37,1.78,1.6144,3.0441,6.9695,1
23.187,-33,-22,1478,1500,-0.37,1.78,1.5524,2.9061,7.3861,1
23.204,-33,-22,1478,1478,-0.37,1.78,1.5524,2.9061,7.3861,1
23.222,-33,-22,1478,1478,-0.37,1.78,1.5524,2.9061,7.3861,1
23.239,-33,-22,1478,1478,-0.37,1.78,1.5524,2.9061,7.3861,1
23.256,-33,-22,1478,1478,-0.37,1.78,1.5524,2.9061,7.3861,1
23.274,-33,-22,1478,1478,-0.37,1.78,1.5524,2.9061,7.3861,1
23.291,-33,-22,1478,1478,-0.37,1.78,1.5524,2.9061,7.3861,1
23.308,-33,-21,1478,1500,-0.37,1.78,1.5524,2.9061,7.3861,1
23.325,-33,-21,1478,1478,-0.37,1.78,1.5524,2.9061,7.3861,1
23.342,-33,-21,1478,1478,-0.37,1.78,1.5524,2.9061,7.3861,1
23.359,-33,-21,1478,1478,-0.37,1.78,1.5524,2.9061,7.3861,1
23.376,-33,-21,1478,1478,-0.36,1.04,1.5524,2.9061,7.3861,1
23.396,-33,-21,1478,1478,-0.36,1.04,1.5524,2.9061,7.3861,1
23.414,-33,-21,1478,1478,-0.36,1.04,1.5524,2.9061,7.3861,1
23.431,-33,-20,1478,1500,-0.36,1.04,2.3341,3.3181,6.9118,1
23.448,-33,-20,1478,1478,-0.36,1.04,2.3341,3.3181,6.9118,1
23.465,-33,-20,1478,1478,-0.36,1.04,2.3341,3.3181,6.9118,1
23.482,-33,-20,1478,1478,-0.36,1.04,2.3341,3.3181,6.9118,1
23.499,-33,-20,1478,1478,-0.36,1.04,2.3341,3.3181,6.9118,1
23.519,-33,-20,1478,1478,-0.36,1.04,2.3341,3.3181,6.9118,1
23.536,-33,-20,1478,1478,-0.36,1.04,2.3341,3.3181,6.9118,1
23.553,-33,-19,1478,1500,-0.36,1.04,2.3341,3.3181,6.9118,1
23.570,-33,-19,1478,1478,-0.36,1.04,2.3341,3.3181,6.9118,1
23.587,-32,-19,1478,1478,-0.36,1.04,2.3341,3.3181,6.9118,1
23.604,-32,-19,1478,1478,-0.36,1.04,2.3341,3.3181,6.9118,1
23.621,-31,-19,1478,1478,-0.60,0.92,2.3341,3.3181,6.9118,1
23.638,-31,-19,1478,1478,-0.60,0.92,2.3341,3.3181,6.9118,1
23.656,-31,-18,1478,1500,-0.60,0.92,2.3341,3.3181,6.9118,1
23.674,-31,-18,1478,1478,-0.60,0.92,2.3341,3.3181,6.9118,1
23.691,-31,-18,1478,1478,-0.60,0.92,2.8527,2.8396,7.2943,1
23.709,-30,-18,1478,1478,-0.60,0.92,2.8527,2.8396,7.2943,1
23.726,-31,-18,1478,1478,-0.60,0.92,2.8527,2.8396,7.2943,1
23.743,-31,-18,1478,1478,-0.60,0.92,2.8527,2.8396,7.2943,1
23.761,-32,-17,1478,1500,-0.60,0.92,2.8527,2.8396,7.2943,1
23.778,-32,-17,1478,1478,-0.60,0.92,2.8527,2.8396,7.2943,1
23.796,-33,-17,1478,1478,-0.60,0.92,2.8527,2.8396,7.2943,1
23.813,-34,-17,1478,1478,-0.60,0.92,2.8527,2.8396,7.2943,1
23.831,-34,-17,1478,1478,-0.60,0.92,2.8527,2.8396,7.2943,1
23.849,-35,-17,1478,1478,-0.60,0.92,2.8527,2.8396,7.2943,1
23.867,-36,-17,1478,1478,-1.11,0.88,2.8527,2.8396,7.2943,1
23.885,-37,-16,1478,1500,-1.11,0.88,2.8527,2.8396,7.2943,1
23.902,-38,-16,1478,1500,-1.11,0.88,2.8527,2.8396,7.2943,1
23.919,-39,-16,1478,1478,-1.11,0.88,2.8527,2.8396,7.2943,1
23.937,-40,-16,1478,1478,-1.11,0.88,3.2648,2.1700,7.9746,1
23.954,-41,-15,1478,1500,-1.11,0.88,3.2648,2.1700,7.9746,1
23.971,-42,-15,1478,1500,-1.11,0.88,3.2648,2.1700,7.9746,1
23.988,-44,-15,1478,1478,-1.11,0.88,3.2648,2.1700,7.9746,1
24.007,-45,-15,1478,1478,-1.11,0.88,3.2648,2.1700,7.9746,1
24.024,-47,-15,1478,1478,-1.11,0.88,3.2648,2.1700,7.9746,1
24.041,-47,-15,1478,1478,-1.11,0.88,3.2648,2.1700,7.9746,1
24.059,-49,-14,1478,1500,-1.11,0.88,3.2648,2.1700,7.9746,1
24.076,-50,-14,1478,1500,-1.11,0.88,3.2648,2.1700,7.9746,1
24.094,-52,-14,1478,1478,-1.11,0.88,3.2648,2.1700,7.9746,1
24.111,-55,-13,1478,1500,-0.87,1.20,3.2648,2.1700,7.9746,1
24.128,-56,-13,1478,1500,-0.87,1.20,3.2648,2.1700,7.9746,1
24.145,-57,-13,1478,1500,-0.87,1.20,3.2648,2.1700,7.9746,1
24.164,-58,-13,1478,1478,-0.87,1.20,3.2648,2.1700,7.9746,1
24.181,-60,-12,1478,1500,-0.87,1.20,1.4072,2.3683,6.0766,1
24.198,-62,-12,1478,1478,-0.87,1.20,1.4072,2.3683,6.0766,0
24.217,-63,-11,1478,1522,-0.87,1.20,1.4072,2.3683,6.0766,0
24.234,-65,-11,1478,1500,-0.87,1.20,1.4072,2.3683,6.0766,0
24.252,-67,-11,1476,1478,-0.87,1.20,1.4072,2.3683,6.0766,0
24.269,-68,-11,1478,1478,-0.87,1.20,1.4072,2.3683,6.0766,0
24.288,-70,-11,1477,1478,-0.87,1.20,1.4072,2.3683,6.0766,0
24.306,-72,-10,1476,1500,-0.87,1.20,1.4072,2.3683,6.0766,0
24.323,-73,-10,1478,1500,-0.87,1.20,1.4072,2.3683,6.0766,0
24.341,-74,-10,1478,1478,-0.87,1.20,1.4072,2.3683,6.0766,0
24.358,-75,-10,1478,1478,-0.87,1.20,1.4072,2.3683,6.0766,0
24.376,-76,-9,1478,1522,-0.43,1.08,1.4072,2.3683,6.0766,0
24.393,-77,-9,1478,1500,-0.43,1.08,1.4072,2.3683,6.0766,0
24.411,-78,-9,1478,1478,-0.43,1.08,1.4072,2.3683,6.0766,0
24.429,-78,-9,1478,1478,-0.43,1.08,1.4072,2.3683,6.0766,0
24.446,-78,-8,1478,1522,-0.43,1.08,3.8341,2.7578,6.4266,0
24.463,-79,-8,1478,1500,-0.43,1.08,3.8341,2.7578,6.4266,0
24.480,-79,-8,1478,1478,-0.43,1.08,3.8341,2.7578,6.4266,0
24.498,-79,-8,1478,1478,-0.43,1.08,3.8341,2.7578,6.4266,0
24.515,-79,-8,1478,1478,-0.43,1.08,3.8341,2.7578,6.4266,0
24.533,-78,-7,1478,1522,-0.43,1.08,3.8341,2.7578,6.4266,0
24.550,-78,-7,1478,1500,-0.43,1.08,3.8341,2.7578,6.4266,0
24.567,-78,-6,1478,1522,-0.43,1.08,3.8341,2.7578,6.4266,0
24.585,-78,-6,1478,1500,-0.43,1.08,3.8341,2.7578,6.4266,0
24.602,-78,-6,1478,1500,-0.43,1.08,3.8341,2.7578,6.4266,0
24.619,-78,-6,1478,1500,-0.73,0.99,3.8341,2.7578,6.4266,0
24.637,-78,-6,1478,1478,-0.73,0.99,3.8341,2.7578,6.4266,0
24.654,-78,-6,1478,1478,-0.73,0.99,3.8341,2.7578,6.4266,0
24.672,-79,-5,1478,1522,-0.73,0.99,3.8341,2.7578,6.4266,0
24.689,-79,-5,1478,1500,-0.73,0.99,3.4080,2.7543,6.3993,0
24.706,-80,-5,1478,1500,-0.73,0.99,3.4080,2.7543,6.3993,0
24.723,-80,-5,1478,1500,-0.73,0.99,3.4080,2.7543,6.3993,0
24.740,-81,-4,1478,1522,-0.73,0.99,3.4080,2.7543,6.3993,0
24.758,-82,-4,1478,1500,-0.73,0.99,3.4080,2.7543,6.3993,0
24.775,-84,-4,1475,1500,-0.73,0.99,3.4080,2.7543,6.3993,0
24.792,-85,-4,1476,1500,-0.73,0.99,3.4080,2.7543,6.3993,0
24.810,-86,-4,1477,1500,-0.73,0.99,3.4080,2.7543,6.3993,0
24.828,-88,-3,1474,1522,-0.73,0.99,3.4080,2.7543,6.3993,0
24.845,-89,-3,1475,1500,-0.73,0.99,3.4080,2.7543,6.3993,0
24.862,-90,-3,1476,1500,-0.98,1.03,3.4080,2.7543,6.3993,0
24.879,-92,-3,1473,1500,-0.98,1.03,3.4080,2.7543,6.3993,0
24.897,-94,-3,1471,1500,-0.98,1.03,3.4080,2.7543,6.3993,0
24.914,-95,-3,1473,1500,-0.98,1.03,3.4080,2.7543,6.3993,0
24.932,-97,-3,1471,1500,-0.98,1.03,3.0668,2.6523,6.2455,0
24.949,-99,-2,1470,1522,-0.98,1.03,3.0668,2.6523,6.2455,0
24.967,-101,-2,1469,1500,-0.98,1.03,3.0668,2.6523,6.2455,0
24.984,-103,-2,1469,1500,-0.98,1.03,3.0668,2.6523,6.2455,0
25.003,-106,-2,1466,1500,-0.98,1.03,3.0668,2.6523,6.2455,0
25.022,-110,-2,1461,1500,-0.98,1.03,3.0668,2.6523,6.2455,0
25.039,-112,-1,1464,1522,-0.98,1.03,3.0668,2.6523,6.2455,0
25.058,-114,-1,1465,1522,-0.98,1.03,3.0668,2.6523,6.2455,0
25.075,-116,-1,1465,1500,-0.98,1.03,3.0668,2.6523,6.2455,0
25.093,-118,-1,1465,1500,-0.98,1.03,3.0668,2.6523,6.2455,0
25.111,-120,-1,1465,1500,-0.98,1.03,3.0668,2.6523,6.2455,0
25.128,-121,-1,1468,1500,-1.65,1.16,3.0668,2.6523,6.2455,0
25.145,-123,-1,1466,1500,-1.65,1.16,3.0668,2.6523,6.2455,0
25.162,-125,-1,1465,1500,-1.65,1.16,3.0668,2.6523,6.2455,0
25.179,-126,-1,1467,1500,-1.65,1.16,3.3169,2.6584,6.4134,0
25.197,-128,0,1465,1522,-1.65,1.16,3.3169,2.6584,6.4134,0
25.214,-129,0,1467,1522,-1.65,1.16,3.3169,2.6584,6.4134,0
25.231,-131,-1,1465,1478,-1.65,1.16,3.3169,2.6584,6.4134,0
25.248,-132,0,1466,1522,-1.65,1.16,3.3169,2.6584,6.4134,0
25.266,-133,0,1467,1500,-1.65,1.16,3.3169,2.6584,6.4134,0
25.283,-134,0,1467,1500,-1.65,1.16,3.3169,2.6584,6.4134,0
25.300,-136,0,1464,1500,-1.65,1.16,3.3169,2.6584,6.4134,0
25.317,-137,0,1466,1500,-1.65,1.16,3.3169,2.6584,6.4134,0
25.334,-139,0,1463,1500,-1.65,1.16,3.3169,2.6584,6.4134,0
25.351,-139,0,1468,1500,-1.65,1.16,3.3169,2.6584,6.4134,0
25.369,-141,0,1464,1500,-1.89,1.48,3.3169,2.6584,6.4134,0
25.386,-141,0,1468,1500,-1.89,1.48,3.3169,2.6584,6.4134,0
25.403,-142,0,1467,1500,-1.89,1.48,3.3169,2.6584,6.4134,0
25.421,-142,0,1470,1500,-1.89,1.48,3.3169,2.6584,6.4134,0
25.439,-144,0,1465,1500,-1.89,1.48,3.4845,2.6461,7.0332,0
25.457,-144,0,1468,1500,-1.89,1.48,3.4845,2.6461,7.0332,0
25.475,-145,0,1467,1500,-1.89,1.48,3.4845,2.6461,7.0332,0
25.493,-145,0,1469,1500,-1.89,1.48,3.4845,2.6461,7.0332,0
25.510,-146,0,1467,1500,-1.89,1.48,3.4845,2.6461,7.0332,0
25.527,-146,0,1469,1500,-1.89,1.48,3.4845,2.6461,7.0332,0
25.544,-146,0,1470,1500,-1.89,1.48,3.4845,2.6461,7.0332,0
25.562,-146,0,1471,1500,-1.89,1.48,3.4845,2.6461,7.0332,0
25.580,-147,0,1468,1500,-1.89,1.48,3.4845,2.6461,7.0332,0
25.597,-147,0,1469,1500,-1.89,1.48,3.4845,2.6461,7.0332,0
25.614,-147,0,1470,1500,-1.89,1.48,3.4845,2.6461,7.0332,0
25.631,-148,0,1467,1500,-1.77,2.02,3.4845,2.6461,7.0332,0
25.648,-147,0,1472,1500,-1.77,2.02,3.4845,2.6461,7.0332,0
25.665,-148,0,1469,1500,-1.77,2.02,3.4845,2.6461,7.0332,0
25.683,-147,0,1473,1500,-1.77,2.02,2.6988,3.0682,6.1462,0
25.700,-148,0,1469,1500,-1.77,2.02,2.6988,3.0682,6.1462,0
25.717,-147,0,1473,1500,-1.77,2.02,2.6988,3.0682,6.1462,0
25.734,-148,0,1469,1500,-1.77,2.02,2.6988,3.0682,6.1462,0
25.755,-148,0,1470,1500,-1.77,2.02,2.6988,3.0682,6.1462,0
25.772,-149,0,1467,1500,-1.77,2.02,2.6988,3.0682,6.1462,0
25.789,-149,0,1469,1500,-1.77,2.02,2.6988,3.0682,6.1462,0
25.806,-149,0,1470,1500,-1.77,2.02,2.6988,3.0682,6.1462,0
25.823,-150,0,1467,1500,-1.77,2.02,2.6988,3.0682,6.1462,0
25.841,-150,0,1469,1500,-1.77,2.02,2.6988,3.0682,6.1462,0
25.859,-151,0,1467,1500,-1.77,2.02,2.6988,3.0682,6.1462,0
25.876,-152,0,1465,1500,-1.25,1.81,2.6988,3.0682,6.1462,0
25.894,-152,0,1468,1500,-1.25,1.81,2.6988,3.0682,6.1462,0
25.912,-152,0,1469,1500,-1.25,1.81,2.6988,3.0682,6.1462,0
25.929,-153,0,1466,1500,-1.25,1.81,1.8802,3.2054,5.9370,0
25.946,-153,0,1468,1500,-1.25,1.81,1.8802,3.2054,5.9370,0
25.964,-152,0,1472,1500,-1.25,1.81,1.8802,3.2054,5.9370,0
25.981,-151,0,1474,1500,-1.25,1.81,1.8802,3.2054,5.9370,0
25.998,-151,0,1472,1500,-1.25,1.81,1.8802,3.2054,5.9370,0
26.015,-150,0,1474,1500,-1.25,1.81,1.8802,3.2054,5.9370,0
26.032,-150,0,1472,1500,-1.25,1.81,1.8802,3.2054,5.9370,0
26.050,-149,0,1474,1500,-1.25,1.81,1.8802,3.2054,5.9370,0
26.067,-149,0,1473,1500,-1.25,1.81,1.8802,3.2054,5.9370,0
26.084,-148,0,1475,1500,-1.25,1.81,1.8802,3.2054,5.9370,0
26.102,-147,0,1476,1500,-1.25,1.81,1.8802,3.2054,5.9370,0
26.119,-147,0,1473,1500,-0.67,2.08,1.8802,3.2054,5.9370,0
26.136,-146,0,1475,1500,-0.67,2.08,1.8802,3.2054,5.9370,0
26.153,-145,0,1476,1500,-0.67,2.08,1.8802,3.2054,5.9370,0
26.171,-145,0,1474,1500,-0.67,2.08,1.8802,3.2054,5.9370,0
26.188,-144,0,1476,1500,-0.67,2.08,1.7419,2.7537,4.9119,0
26.206,-143,0,1477,1500,-0.67,2.08,1.7419,2.7537,4.9119,0
26.224,-142,0,1477,1500,-0.67,2.08,1.7419,2.7537,4.9119,0
26.241,-141,0,1478,1500,-0.67,2.08,1.7419,2.7537,4.9119,0
26.258,-141,0,1475,1500,-0.67,2.08,1.7419,2.7537,4.9119,0
26.275,-140,0,1477,1500,-0.67,2.08,1.7419,2.7537,4.9119,0
26.292,-140,0,1475,1500,-0.67,2.08,1.7419,2.7537,4.9119,0
26.309,-140,0,1473,1500,-0.67,2.08,1.7419,2.7537,4.9119,0
26.326,-140,0,1473,1500,-0.67,2.08,1.7419,2.7537,4.9119,0
26.343,-139,0,1476,1500,-0.67,2.08,1.7419,2.7537,4.9119,0
26.360,-139,0,1474,1500,-0.34,2.29,1.7419,2.7537,4.9119,0
26.378,-140,0,1470,1500,-0.34,2.29,1.7419,2.7537,4.9119,0
26.395,-140,0,1471,1500,-0.34,2.29,1.7419,2.7537,4.9119,0
26.413,-140,0,1472,1500,-0.34,2.29,1.7419,2.7537,4.9119,0
26.430,-140,0,1472,1500,-0.34,2.29,2.8987,2.4032,7.5089,0
26.448,-140,0,1472,1500,-0.34,2.29,2.8987,2.4032,7.5089,0
26.466,-139,0,1475,1500,-0.34,2.29,2.8987,2.4032,7.5089,0
26.483,-139,0,1474,1500,-0.34,2.29,2.8987,2.4032,7.5089,0
26.502,-139,0,1473,1500,-0.34,2.29,2.8987,2.4032,7.5089,0
26.519,-139,0,1473,1500,-0.34,2.29,2.8987,2.4032,7.5089,0
26.537,-139,0,1473,1500,-0.34,2.29,2.8987,2.4032,7.5089,0
26.554,-139,0,1473,1500,-0.34,2.29,2.8987,2.4032,7.5089,0
26.571,-138,0,1476,1500,-0.34,2.29,2.8987,2.4032,7.5089,0
26.588,-138,0,1474,1500,-0.34,2.29,2.8987,2.4032,7.5089,0
26.606,-138,0,1474,1500,-0.34,2.29,2.8987,2.4032,7.5089,0
26.623,-137,0,1476,1500,-0.25,2.53,2.8987,2.4032,7.5089,0
26.640,-137,0,1475,1500,-0.25,2.53,2.8987,2.4032,7.5089,0
26.657,-136,0,1477,1500,-0.25,2.53,2.8987,2.4032,7.5089,0
26.674,-135,0,1478,1500,-0.25,2.53,2.8987,2.4032,7.5089,0
26.693,-135,0,1476,1500,-0.25,2.53,2.9843,2.2334,6.8170,0
26.710,-135,0,1475,1500,-0.25,2.53,2.9843,2.2334,6.8170,0
26.727,-134,0,1477,1500,-0.25,2.53,2.9843,2.2334,6.8170,0
26.744,-134,0,1475,1500,-0.25,2.53,2.9843,2.2334,6.8170,0
26.763,-133,0,1477,1500,-0.25,2.53,2.9843,2.2334,6.8170,0
26.780,-132,0,1478,1500,-0.25,2.53,2.9843,2.2334,6.8170,0
26.797,-132,0,1476,1500,-0.25,2.53,2.9843,2.2334,6.8170,0
26.815,-132,0,1475,1500,-0.25,2.53,2.9843,2.2334,6.8170,0
26.832,-131,0,1478,1500,-0.25,2.53,2.9843,2.2334,6.8170,0
26.850,-131,0,1476,1500,-0.25,2.53,2.9843,2.2334,6.8170,0
26.867,-131,0,1475,1500,0.48,2.47,2.9843,2.2334,6.8170,0
26.884,-131,0,1475,1500,0.48,2.47,2.9843,2.2334,6.8170,0
26.902,-131,0,1474,1500,0.48,2.47,2.9843,2.2334,6.8170,0
26.919,-130,0,1477,1500,0.48,2.47,2.9843,2.2334,6.8170,0
26.937,-130,0,1476,1500,0.48,2.47,1.5256,2.2675,6.0338,0
26.954,-130,0,1475,1500,0.48,2.47,1.5256,2.2675,6.0338,0
26.971,-130,0,1475,1500,0.48,2.47,1.5256,2.2675,6.0338,0
26.989,-131,1,1471,1522,0.48,2.47,1.5256,2.2675,6.0338,0
27.006,-131,0,1473,1478,0.48,2.47,1.5256,2.2675,6.0338,0
27.023,-131,1,1474,1522,0.48,2.47,1.5256,2.2675,6.0338,0
27.040,-131,1,1474,1522,0.48,2.47,1.5256,2.2675,6.0338,0
27.057,-131,1,1474,1500,0.48,2.47,1.5256,2.2675,6.0338,0
27.074,-131,1,1474,1500,0.48,2.47,1.5256,2.2675,6.0338,0
27.092,-132,1,1471,1500,0.48,2.47,1.5256,2.2675,6.0338,0
27.109,-132,1,1473,1500,0.57,2.38,1.5256,2.2675,6.0338,0
27.126,-131,1,1476,1500,0.57,2.38,1.5256,2.2675,6.0338,0
27.144,-131,1,1475,1500,0.57,2.38,1.5256,2.2675,6.0338,0
27.161,-131,0,1475,1478,0.57,2.38,1.5256,2.2675,6.0338,0
27.178,-131,0,1474,1478,0.57,2.38,1.0589,2.4073,5.6960,0
27.197,-131,1,1474,1522,0.57,2.38,1.0589,2.4073,5.6960,0
27.214,-131,1,1474,1500,0.57,2.38,1.0589,2.4073,5.6960,0
27.231,-131,1,1474,1500,0.57,2.38,1.0589,2.4073,5.6960,0
27.248,-131,1,1474,1500,0.57,2.38,1.0589,2.4073,5.6960,0
27.266,-131,1,1474,1500,0.57,2.38,1.0589,2.4073,5.6960,0
27.283,-131,2,1474,1522,0.57,2.38,1.0589,2.4073,5.6960,0
27.301,-131,2,1474,1522,0.57,2.38,1.0589,2.4073,5.6960,0
27.318,-131,2,1474,1500,0.57,2.38,1.0589,2.4073,5.6960,0
27.336,-131,2,1474,1500,0.57,2.38,1.0589,2.4073,5.6960,0
27.354,-132,2,1471,1500,0.57,2.38,1.0589,2.4073,5.6960,0
27.372,-132,2,1473,1500,0.66,2.35,1.0589,2.4073,5.6960,0
27.389,-133,2,1470,1500,0.66,2.35,1.0589,2.4073,5.6960,0
27.406,-134,2,1469,1500,0.66,2.35,1.0589,2.4073,5.6960,0
27.424,-134,2,1471,1500,0.66,2.35,1.0589,2.4073,5.6960,0
27.441,-134,2,1472,1500,0.66,2.35,2.6869,2.5532,6.8336,0
27.459,-134,2,1473,1500,0.66,2.35,2.6869,2.5532,6.8336,0
27.477,-134,3,1473,1522,0.66,2.35,2.6869,2.5532,6.8336,0
27.494,-134,3,1473,1522,0.66,2.35,2.6869,2.5532,6.8336,0
27.511,-134,3,1474,1522,0.66,2.35,2.6869,2.5532,6.8336,0
27.529,-134,3,1474,1500,0.66,2.35,2.6869,2.5532,6.8336,0
27.546,-134,3,1474,1500,0.66,2.35,2.6869,2.5532,6.8336,0
27.563,-133,3,1477,1500,0.66,2.35,2.6869,2.5532,6.8336,0
27.581,-133,3,1475,1500,0.66,2.35,2.6869,2.5532,6.8336,0
27.598,-133,3,1475,1500,0.66,2.35,2.6869,2.5532,6.8336,0
27.615,-132,4,1477,1522,0.44,2.36,2.6869,2.5532,6.8336,0
27.632,-132,4,1476,1522,0.44,2.36,2.6869,2.5532,6.8336,0
27.649,-131,4,1478,1522,0.44,2.36,2.6869,2.5532,6.8336,0
27.667,-130,4,1478,1500,0.44,2.36,2.6869,2.5532,6.8336,0
27.684,-130,4,1477,1500,0.44,2.36,1.8652,2.9708,5.0637,0
27.701,-129,4,1478,1500,0.44,2.36,1.8652,2.9708,5.0637,0
27.719,-127,4,1478,1500,0.44,2.36,1.8652,2.9708,5.0637,0
27.736,-126,4,1478,1500,0.44,2.36,1.8652,2.9708,5.0637,0
27.753,-125,4,1478,1500,0.44,2.36,1.8652,2.9708,5.0637,0
27.771,-123,5,1478,1522,0.44,2.36,1.8652,2.9708,5.0637,0
27.788,-122,5,1478,1522,0.44,2.36,1.8652,2.9708,5.0637,0
27.805,-118,5,1478,1522,0.44,2.36,1.8652,2.9708,5.0637,0
27.823,-116,5,1478,1522,0.44,2.36,1.8652,2.9708,5.0637,0
27.840,-114,5,1478,1522,0.44,2.36,1.8652,2.9708,5.0637,0
27.858,-111,5,1478,1500,0.44,2.36,1.8652,2.9708,5.0637,0
27.875,-109,5,1478,1500,-0.01,2.17,1.8652,2.9708,5.0637,0
27.892,-106,5,1478,1500,-0.01,2.17,1.8652,2.9708,5.0637,0
27.909,-104,6,1478,1522,-0.01,2.17,1.8652,2.9708,5.0637,0
27.926,-101,6,1478,1522,-0.01,2.17,2.3170,2.4906,6.9052,0
27.944,-98,6,1478,1522,-0.01,2.17,2.3170,2.4906,6.9052,0
27.961,-94,6,1500,1522,-0.01,2.17,2.3170,2.4906,6.9052,0
27.978,-91,6,1500,1522,-0.01,2.17,2.3170,2.4906,6.9052,0
27.996,-88,6,1500,1522,-0.01,2.17,2.3170,2.4906,6.9052,0
28.013,-84,6,1522,1522,-0.01,2.17,2.3170,2.4906,6.9052,0
28.030,-81,6,1522,1522,-0.01,2.17,2.3170,2.4906,6.9052,0
28.047,-74,6,1522,1522,-0.01,2.17,2.3170,2.4906,6.9052,0
28.067,-71,6,1522,1522,-0.01,2.17,2.3170,2.4906,6.9052,0
28.084,-68,6,1522,1522,-0.01,2.17,2.3170,2.4906,6.9052,0
28.102,-64,7,1522,1522,-0.01,2.17,2.3170,2.4906,6.9052,0
28.119,-61,7,1522,1522,0.16,1.91,2.3170,2.4906,6.9052,0
28.136,-58,7,1522,1500,0.16,1.91,2.3170,2.4906,6.9052,1
28.153,-52,7,1522,1500,0.16,1.91,2.3170,2.4906,6.9052,1
28.170,-49,7,1522,1500,0.16,1.91,2.3170,2.4906,6.9052,1
28.187,-46,7,1522,1500,0.16,1.91,1.9265,2.4570,5.4579,1
28.206,-43,7,1522,1500,0.16,1.91,1.9265,2.4570,5.4579,1
28.223,-40,7,1522,1500,0.16,1.91,1.9265,2.4570,5.4579,1
28.241,-36,7,1522,1500,0.16,1.91,1.9265,2.4570,5.4579,1
28.258,-33,7,1522,1500,0.16,1.91,1.9265,2.4570,5.4579,1
28.275,-30,8,1522,1522,0.16,1.91,1.9265,2.4570,5.4579,1
28.292,-26,8,1522,1522,0.16,1.91,1.9265,2.4570,5.4579,1
28.310,-22,8,1522,1522,0.16,1.91,1.9265,2.4570,5.4579,1
28.328,-15,8,1522,1500,0.16,1.91,1.9265,2.4570,5.4579,1
28.345,-10,8,1522,1500,0.16,1.91,1.9265,2.4570,5.4579,1
28.362,-6,8,1522,1500,0.16,1.91,1.9265,2.4570,5.4579,1
28.380,-3,8,1522,1500,0.04,1.29,1.9265,2.4570,5.4579,1
28.397,1,8,1522,1500,0.04,1.29,1.9265,2.4570,5.4579,1
28.415,5,8,1522,1500,0.04,1.29,1.9265,2.4570,5.4579,1
28.432,9,9,1522,1522,0.04,1.29,2.6046,2.2267,7.9064,1
28.450,13,9,1522,1522,0.04,1.29,2.6046,2.2267,7.9064,1
28.469,21,9,1522,1522,0.04,1.29,2.6046,2.2267,7.9064,1
28.486,24,9,1522,1522,0.04,1.29,2.6046,2.2267,7.9064,1
28.503,24,9,1522,1500,0.04,1.29,2.6046,2.2267,7.9064,1
28.520,27,9,1522,1500,0.04,1.29,2.6046,2.2267,7.9064,1
28.538,31,9,1522,1500,0.04,1.29,2.6046,2.2267,7.9064,1
28.555,34,9,1522,1500,0.04,1.29,2.6046,2.2267,7.9064,1
28.572,39,10,1522,1522,0.04,1.29,2.6046,2.2267,7.9064,1
28.589,43,10,1522,1522,0.04,1.29,2.6046,2.2267,7.9064,1
28.606,45,10,1522,1522,0.04,1.29,2.6046,2.2267,7.9064,1
28.623,49,10,1522,1522,-0.34,1.25,2.6046,2.2267,7.9064,1
28.640,52,10,1522,1522,-0.34,1.25,2.6046,2.2267,7.9064,1
28.657,55,10,1522,1500,-0.34,1.25,2.6046,2.2267,7.9064,1
28.675,59,10,1522,1500,-0.34,1.25,2.6046,2.2267,7.9064,1
28.692,65,11,1540,1522,-0.34,1.25,2.6975,2.8821,7.0748,0
28.709,68,11,1536,1522,-0.34,1.25,2.6975,2.8821,7.0748,0
28.727,71,11,1534,1522,-0.34,1.25,2.6975,2.8821,7.0748,0
28.744,74,10,1533,1500,-0.34,1.25,2.6975,2.8821,7.0748,0
28.761,77,11,1533,1522,-0.34,1.25,2.6975,2.8821,7.0748,0
28.778,79,10,1530,1500,-0.34,1.25,2.6975,2.8821,7.0748,0
28.795,82,11,1532,1522,-0.34,1.25,2.6975,2.8821,7.0748,0
28.812,86,11,1536,1522,-0.34,1.25,2.6975,2.8821,7.0748,0
28.829,88,11,1533,1522,-0.34,1.25,2.6975,2.8821,7.0748,0
28.847,90,11,1531,1522,-0.34,1.25,2.6975,2.8821,7.0748,0
28.864,93,11,1534,1522,-0.04,1.88,2.6975,2.8821,7.0748,0
28.881,95,11,1532,1522,-0.04,1.88,2.6975,2.8821,7.0748,0
28.898,97,11,1532,1522,-0.04,1.88,2.6975,2.8821,7.0748,0
28.915,102,11,1541,1522,-0.04,1.88,2.6975,2.8821,7.0748,0
28.935,104,11,1536,1522,-0.04,1.88,2.6721,1.9314,7.9625,0
28.953,107,11,1537,1522,-0.04,1.88,2.6721,1.9314,7.9625,0
28.970,108,11,1532,1522,-0.04,1.88,2.6721,1.9314,7.9625,0
28.987,111,11,1536,1522,-0.04,1.88,2.6721,1.9314,7.9625,0
29.004,113,11,1535,1522,-0.04,1.88,2.6721,1.9314,7.9625,0
29.021,118,11,1544,1522,-0.04,1.88,2.6721,1.9314,7.9625,0
29.039,120,11,1540,1522,-0.04,1.88,2.6721,1.9314,7.9625,0
29.057,121,11,1535,1522,-0.04,1.88,2.6721,1.9314,7.9625,0
29.074,123,11,1535,1522,-0.04,1.88,2.6721,1.9314,7.9625,0
29.093,125,11,1535,1522,-0.04,1.88,2.6721,1.9314,7.9625,0
29.110,126,11,1533,1522,-0.04,2.15,2.6721,1.9314,7.9625,0
29.128,128,11,1535,1522,-0.04,2.15,2.6721,1.9314,7.9625,0
29.147,129,11,1533,1522,-0.04,2.15,2.6721,1.9314,7.9625,0
29.164,131,11,1535,1522,-0.04,2.15,2.6721,1.9314,7.9625,0
29.183,132,11,1534,1522,-0.04,2.15,2.4840,1.6372,8.1177,0
29.201,133,11,1533,1522,-0.04,2.15,2.4840,1.6372,8.1177,0
29.218,135,11,1536,1522,-0.04,2.15,2.4840,1.6372,8.1177,0
29.236,136,11,1534,1522,-0.04,2.15,2.4840,1.6372,8.1177,0
29.253,137,11,1534,1522,-0.04,2.15,2.4840,1.6372,8.1177,0
29.270,138,11,1533,1522,-0.04,2.15,2.4840,1.6372,8.1177,0
29.288,138,11,1530,1522,-0.04,2.15,2.4840,1.6372,8.1177,0
29.305,139,11,1532,1522,-0.04,2.15,2.4840,1.6372,8.1177,0
29.323,139,11,1530,1522,-0.04,2.15,2.4840,1.6372,8.1177,0
29.340,139,11,1529,1522,-0.04,2.15,2.4840,1.6372,8.1177,0
29.357,139,11,1528,1522,-0.04,2.15,2.4840,1.6372,8.1177,0
29.374,138,11,1525,1522,-0.60,2.17,2.4840,1.6372,8.1177,0
29.391,138,11,1526,1522,-0.60,2.17,2.4840,1.6372,8.1177,0
29.409,138,11,1527,1522,-0.60,2.17,2.4840,1.6372,8.1177,0
29.428,137,10,1524,1500,-0.60,2.17,2.5102,2.1180,7.2123,0
29.445,136,10,1522,1500,-0.60,2.17,2.5102,2.1180,7.2123,0
29.462,135,10,1522,1522,-0.60,2.17,2.5102,2.1180,7.2123,0
29.479,135,10,1524,1522,-0.60,2.17,2.5102,2.1180,7.2123,0
29.496,134,10,1522,1522,-0.60,2.17,2.5102,2.1180,7.2123,0
29.514,133,10,1522,1522,-0.60,2.17,2.5102,2.1180,7.2123,0
29.532,132,10,1522,1522,-0.60,2.17,2.5102,2.1180,7.2123,0
29.549,130,10,1522,1522,-0.60,2.17,2.5102,2.1180,7.2123,0
29.567,129,10,1522,1522,-0.60,2.17,2.5102,2.1180,7.2123,0
29.584,128,10,1522,1522,-0.60,2.17,2.5102,2.1180,7.2123,0
29.601,128,10,1522,1522,-0.60,2.17,2.5102,2.1180,7.2123,0
29.618,128,10,1524,1522,-1.04,1.98,2.5102,2.1180,7.2123,0
29.636,126,10,1522,1522,-1.04,1.98,2.5102,2.1180,7.2123,0
29.654,126,10,1522,1522,-1.04,1.98,2.5102,2.1180,7.2123,0
29.671,125,10,1522,1522,-1.04,1.98,2.5102,2.1180,7.2123,0
29.688,124,10,1522,1522,-1.04,1.98,2.4859,2.0984,8.3062,0
29.706,123,10,1522,1522,-1.04,1.98,2.4859,2.0984,8.3062,0
29.723,122,9,1522,1478,-1.04,1.98,2.4859,2.0984,8.3062,0
29.740,122,9,1522,1500,-1.04,1.98,2.4859,2.0984,8.3062,0
29.757,121,9,1522,1522,-1.04,1.98,2.4859,2.0984,8.3062,0
29.775,118,9,1522,1522,-1.04,1.98,2.4859,2.0984,8.3062,0
29.795,118,9,1522,1522,-1.04,1.98,2.4859,2.0984,8.3062,0
29.813,116,9,1522,1522,-1.04,1.98,2.4859,2.0984,8.3062,0
29.830,116,9,1522,1522,-1.04,1.98,2.4859,2.0984,8.3062,0
29.847,115,9,1522,1522,-1.04,1.98,2.4859,2.0984,8.3062,0
29.865,114,9,1522,1522,-1.63,2.08,2.4859,2.0984,8.3062,0
29.882,113,8,1522,1478,-1.63,2.08,2.4859,2.0984,8.3062,0
29.899,113,8,1522,1500,-1.63,2.08,2.4859,2.0984,8.3062,0
29.917,111,8,1522,1500,-1.63,2.08,2.4859,2.0984,8.3062,0
29.934,109,8,1522,1522,-1.63,2.08,2.9802,2.2213,9.5786,0
29.952,108,8,1522,1522,-1.63,2.08,2.9802,2.2213,9.5786,0
29.969,107,8,1522,1522,-1.63,2.08,2.9802,2.2213,9.5786,0
29.987,106,8,1522,1522,-1.63,2.08,2.9802,2.2213,9.5786,0
30.004,105,8,1522,1522,-1.63,2.08,2.9802,2.2213,9.5786,0
30.021,104,8,1522,1522,-1.63,2.08,2.9802,2.2213,9.5786,0
30.038,103,8,1522,1522,-1.63,2.08,2.9802,2.2213,9.5786,0
30.056,103,8,1522,1522,-1.63,2.08,2.9802,2.2213,9.5786,0
30.073,102,7,1522,1478,-1.63,2.08,2.9802,2.2213,9.5786,0
30.090,101,7,1522,1500,-1.63,2.08,2.9802,2.2213,9.5786,0
30.107,100,7,1522,1500,-1.83,2.28,2.9802,2.2213,9.5786,0
30.125,100,7,1522,1522,-1.83,2.28,2.9802,2.2213,9.5786,0
30.142,99,7,1522,1522,-1.83,2.28,2.9802,2.2213,9.5786,0
30.159,99,7,1522,1522,-1.83,2.28,2.9802,2.2213,9.5786,0
30.176,97,7,1522,1522,-1.83,2.28,2.0689,2.8848,6.1353,0
30.193,96,7,1522,1522,-1.83,2.28,2.0689,2.8848,6.1353,0
30.211,95,6,1522,1478,-1.83,2.28,2.0689,2.8848,6.1353,0
30.228,95,6,1522,1500,-1.83,2.28,2.0689,2.8848,6.1353,0
30.246,94,6,1522,1500,-1.83,2.28,2.0689,2.8848,6.1353,0
30.264,93,6,1522,1500,-1.83,2.28,2.0689,2.8848,6.1353,0
30.281,93,6,1522,1522,-1.83,2.28,2.0689,2.8848,6.1353,0
30.299,92,6,1522,1522,-1.83,2.28,2.0689,2.8848,6.1353,0
30.316,92,6,1522,1522,-1.83,2.28,2.0689,2.8848,6.1353,0
30.333,91,6,1522,1522,-1.83,2.28,2.0689,2.8848,6.1353,0
30.351,91,6,1522,1522,-1.83,2.28,2.0689,2.8848,6.1353,0
30.369,90,5,1522,1478,-1.56,2.08,2.0689,2.8848,6.1353,0
30.386,90,5,1522,1500,-1.56,2.08,2.0689,2.8848,6.1353,0
30.405,89,5,1522,1500,-1.56,2.08,2.0689,2.8848,6.1353,0
30.422,89,5,1522,1500,-1.56,2.08,2.0689,2.8848,6.1353,0
30.439,89,5,1522,1500,-1.56,2.08,2.8501,2.1265,9.1522,0
30.457,89,5,1522,1500,-1.56,2.08,2.8501,2.1265,9.1522,0
30.474,88,5,1522,1522,-1.56,2.08,2.8501,2.1265,9.1522,0
30.492,88,5,1522,1522,-1.56,2.08,2.8501,2.1265,9.1522,0
30.509,88,4,1522,1478,-1.56,2.08,2.8501,2.1265,9.1522,0
30.526,87,4,1522,1500,-1.56,2.08,2.8501,2.1265,9.1522,0
30.543,87,4,1522,1500,-1.56,2.08,2.8501,2.1265,9.1522,0
30.560,86,4,1522,1500,-1.56,2.08,2.8501,2.1265,9.1522,0
30.578,85,4,1522,1500,-1.56,2.08,2.8501,2.1265,9.1522,0
30.595,83,4,1522,1500,-1.56,2.08,2.8501,2.1265,9.1522,0
30.612,82,4,1522,1500,-1.02,1.96,2.8501,2.1265,9.1522,0
30.631,81,4,1522,1500,-1.02,1.96,2.8501,2.1265,9.1522,0
30.649,79,4,1522,1500,-1.02,1.96,2.8501,2.1265,9.1522,0
30.667,77,4,1522,1500,-1.02,1.96,2.8501,2.1265,9.1522,0
30.684,74,4,1522,1500,-1.02,1.96,2.0441,2.7056,6.8680,0
30.701,71,4,1478,1500,-1.02,1.96,2.0441,2.7056,6.8680,0
30.719,68,4,1478,1500,-1.02,1.96,2.0441,2.7056,6.8680,0
30.736,65,4,1478,1500,-1.02,1.96,2.0441,2.7056,6.8680,0
30.753,62,4,1478,1500,-1.02,1.96,2.0441,2.7056,6.8680,0
30.770,59,4,1478,1500,-1.02,1.96,2.0441,2.7056,6.8680,1
30.787,57,4,1478,1500,-1.02,1.96,2.0441,2.7056,6.8680,1
30.804,55,4,1500,1500,-1.02,1.96,2.0441,2.7056,6.8680,1
30.822,53,4,1500,1500,-1.02,1.96,2.0441,2.7056,6.8680,1
30.839,51,4,1500,1500,-1.02,1.96,2.0441,2.7056,6.8680,1
30.856,48,4,1478,1500,-0.86,1.92,2.0441,2.7056,6.8680,1
30.874,46,4,1478,1500,-0.86,1.92,2.0441,2.7056,6.8680,1
30.891,44,4,1478,1500,-0.86,1.92,2.0441,2.7056,6.8680,1
30.908,42,4,1478,1500,-0.86,1.92,2.0441,2.7056,6.8680,1
30.926,41,4,1500,1500,-0.86,1.92,2.2901,2.4739,6.8657,1
30.943,40,4,1500,1500,-0.86,1.92,2.2901,2.4739,6.8657,1
30.961,38,4,1500,1500,-0.86,1.92,2.2901,2.4739,6.8657,1
30.978,37,4,1500,1500,-0.86,1.92,2.2901,2.4739,6.8657,1
30.996,35,4,1478,1500,-0.86,1.92,2.2901,2.4739,6.8657,1
31.013,33,4,1478,1500,-0.86,1.92,2.2901,2.4739,6.8657,1
31.030,32,4,1500,1500,-0.86,1.92,2.2901,2.4739,6.8657,1
31.049,28,3,1478,1478,-0.86,1.92,2.2901,2.4739,6.8657,1
31.071,27,4,1478,1500,-0.86,1.92,2.2901,2.4739,6.8657,1
31.088,25,4,1478,1500,-0.86,1.92,2.2901,2.4739,6.8657,1
31.106,23,4,1478,1500,-0.86,1.92,2.2901,2.4739,6.8657,1
31.123,22,3,1478,1478,-0.80,2.15,2.2901,2.4739,6.8657,1
31.140,21,3,1478,1500,-0.80,2.15,2.2901,2.4739,6.8657,1
31.157,19,3,1478,1500,-0.80,2.15,2.2901,2.4739,6.8657,1
31.174,16,3,1478,1500,-0.80,2.15,2.1695,2.3918,7.2032,1
31.192,14,3,1478,1500,-0.80,2.15,2.1695,2.3918,7.2032,1
31.209,12,3,1478,1500,-0.80,2.15,2.1695,2.3918,7.2032,1
31.226,10,3,1478,1500,-0.80,2.15,2.1695,2.3918,7.2032,1
31.245,7,3,1478,1500,-0.80,2.15,2.1695,2.3918,7.2032,1
31.262,4,3,1478,1500,-0.80,2.15,2.1695,2.3918,7.2032,1
31.279,1,3,1478,1500,-0.80,2.15,2.1695,2.3918,7.2032,1
31.297,-1,3,1478,1500,-0.80,2.15,2.1695,2.3918,7.2032,1
31.314,-4,3,1478,1500,-0.80,2.15,2.1695,2.3918,7.2032,1
31.331,-11,3,1478,1500,-0.80,2.15,2.1695,2.3918,7.2032,1
31.348,-15,3,1478,1500,-0.80,2.15,2.1695,2.3918,7.2032,1
31.366,-18,3,1478,1500,-0.18,1.56,2.1695,2.3918,7.2032,1
31.383,-21,3,1478,1500,-0.18,1.56,2.1695,2.3918,7.2032,1
31.400,-25,3,1478,1500,-0.18,1.56,2.1695,2.3918,7.2032,1
31.417,-28,3,1478,1500,-0.18,1.56,2.1695,2.3918,7.2032,1
31.434,-31,2,1478,1478,-0.18,1.56,2.3799,2.9449,7.5804,1
31.453,-35,2,1478,1500,-0.18,1.56,2.3799,2.9449,7.5804,1
31.470,-38,2,1478,1500,-0.18,1.56,2.3799,2.9449,7.5804,1
31.487,-42,2,1478,1500,-0.18,1.56,2.3799,2.9449,7.5804,1
31.504,-45,2,1478,1500,-0.18,1.56,2.3799,2.9449,7.5804,1
31.522,-49,2,1478,1500,-0.18,1.56,2.3799,2.9449,7.5804,1
31.540,-53,2,1478,1500,-0.18,1.56,2.3799,2.9449,7.5804,1
31.557,-59,2,1477,1500,-0.18,1.56,2.3799,2.9449,7.5804,1
31.574,-62,2,1465,1500,-0.18,1.56,2.3799,2.9449,7.5804,0
31.591,-65,1,1468,1478,-0.18,1.56,2.3799,2.9449,7.5804,0
31.609,-68,1,1468,1478,-0.18,1.56,2.3799,2.9449,7.5804,0
31.627,-71,1,1468,1500,0.26,1.14,2.3799,2.9449,7.5804,0
31.644,-74,1,1469,1500,0.26,1.14,2.3799,2.9449,7.5804,0
31.662,-76,1,1471,1500,0.26,1.14,2.3799,2.9449,7.5804,0
31.679,-79,1,1469,1500,0.26,1.14,2.3339,3.3434,7.6607,0
31.696,-82,1,1467,1500,0.26,1.14,2.3339,3.3434,7.6607,0
31.714,-87,1,1461,1500,0.26,1.14,2.3339,3.3434,7.6607,0
31.732,-89,1,1466,1500,0.26,1.14,2.3339,3.3434,7.6607,0
31.749,-91,1,1468,1500,0.26,1.14,2.3339,3.3434,7.6607,0
31.766,-93,1,1469,1500,0.26,1.14,2.3339,3.3434,7.6607,0
31.785,-95,1,1470,1500,0.26,1.14,2.3339,3.3434,7.6607,0
31.802,-97,1,1469,1500,0.26,1.14,2.3339,3.3434,7.6607,0
31.819,-98,1,1472,1500,0.26,1.14,2.3339,3.3434,7.6607,0
31.837,-100,0,1470,1478,0.26,1.14,2.3339,3.3434,7.6607,0
31.854,-103,0,1466,1478,0.26,1.14,2.3339,3.3434,7.6607,0
31.871,-105,0,1467,1500,-0.03,0.84,2.3339,3.3434,7.6607,0
31.888,-106,0,1470,1500,-0.03,0.84,2.3339,3.3434,7.6607,0
31.905,-108,0,1468,1500,-0.03,0.84,2.3339,3.3434,7.6607,0
31.924,-109,0,1471,1500,-0.03,0.84,2.2089,3.3163,7.8541,0
31.941,-110,0,1471,1500,-0.03,0.84,2.2089,3.3163,7.8541,0
31.959,-111,0,1472,1500,-0.03,0.84,2.2089,3.3163,7.8541,0
31.976,-112,0,1472,1500,-0.03,0.84,2.2089,3.3163,7.8541,0
31.993,-112,-1,1475,1478,-0.03,0.84,2.2089,3.3163,7.8541,0
32.011,-113,-1,1473,1478,-0.03,0.84,2.2089,3.3163,7.8541,0
32.028,-114,-1,1472,1500,-0.03,0.84,2.2089,3.3163,7.8541,0
32.045,-113,-1,1478,1500,-0.03,0.84,2.2089,3.3163,7.8541,0
32.062,-114,-1,1475,1500,-0.03,0.84,2.2089,3.3163,7.8541,0
32.079,-114,-2,1476,1478,-0.03,0.84,2.2089,3.3163,7.8541,0
32.097,-115,-1,1474,1522,-0.03,0.84,2.2089,3.3163,7.8541,0
32.114,-114,-2,1478,1478,-0.08,0.90,2.2089,3.3163,7.8541,0
32.131,-113,-2,1478,1478,-0.08,0.90,2.2089,3.3163,7.8541,0
32.150,-113,-2,1478,1500,-0.08,0.90,2.2089,3.3163,7.8541,0
32.167,-112,-2,1478,1500,-0.08,0.90,2.2089,3.3163,7.8541,0
32.185,-111,-2,1478,1500,-0.08,0.90,2.2127,3.0730,7.7868,0
32.202,-110,-2,1478,1500,-0.08,0.90,2.2127,3.0730,7.7868,0
32.219,-109,-3,1478,1478,-0.08,0.90,2.2127,3.0730,7.7868,0
32.236,-108,-3,1478,1478,-0.08,0.90,2.2127,3.0730,7.7868,0
32.253,-107,-4,1478,1478,-0.08,0.90,2.2127,3.0730,7.7868,0
32.271,-107,-4,1478,1478,-0.08,0.90,2.2127,3.0730,7.7868,0
32.288,-106,-3,1478,1522,-0.08,0.90,2.2127,3.0730,7.7868,0
32.306,-105,-4,1478,1478,-0.08,0.90,2.2127,3.0730,7.7868,0
32.324,-105,-4,1478,1478,-0.08,0.90,2.2127,3.0730,7.7868,0
32.341,-104,-4,1478,1478,-0.08,0.90,2.2127,3.0730,7.7868,0
32.358,-104,-4,1478,1500,0.10,1.57,2.2127,3.0730,7.7868,0
32.376,-103,-4,1478,1500,0.10,1.57,2.2127,3.0730,7.7868,0
32.393,-102,-5,1478,1478,0.10,1.57,2.2127,3.0730,7.7868,0
32.410,-102,-5,1478,1478,0.10,1.57,2.2127,3.0730,7.7868,0
32.428,-101,-5,1478,1478,0.10,1.57,2.7992,2.4033,9.4368,0
32.445,-101,-5,1478,1478,0.10,1.57,2.7992,2.4033,9.4368,0
32.463,-100,-5,1478,1478,0.10,1.57,2.7992,2.4033,9.4368,0
32.480,-100,-5,1478,1478,0.10,1.57,2.7992,2.4033,9.4368,0
32.498,-99,-5,1478,1500,0.10,1.57,2.7992,2.4033,9.4368,0
32.516,-98,-5,1478,1500,0.10,1.57,2.7992,2.4033,9.4368,0
32.533,-96,-6,1478,1478,0.10,1.57,2.7992,2.4033,9.4368,0
32.550,-94,-6,1478,1478,0.10,1.57,2.7992,2.4033,9.4368,0
32.568,-93,-6,1478,1478,0.10,1.57,2.7992,2.4033,9.4368,0
32.585,-92,-6,1478,1478,0.10,1.57,2.7992,2.4033,9.4368,0
32.602,-91,-6,1478,1478,0.10,1.57,2.7992,2.4033,9.4368,0
32.619,-90,-6,1478,1478,0.27,1.85,2.7992,2.4033,9.4368,0
32.636,-89,-6,1478,1478,0.27,1.85,2.7992,2.4033,9.4368,0
32.654,-88,-6,1478,1478,0.27,1.85,2.7992,2.4033,9.4368,0
32.671,-87,-7,1478,1478,0.27,1.85,2.8209,1.5625,9.6337,0
32.689,-86,-7,1478,1478,0.27,1.85,2.8209,1.5625,9.6337,0
32.706,-86,-7,1478,1478,0.27,1.85,2.8209,1.5625,9.6337,0
32.723,-85,-7,1478,1478,0.27,1.85,2.8209,1.5625,9.6337,0
32.740,-84,-7,1478,1478,0.27,1.85,2.8209,1.5625,9.6337,0
32.759,-83,-7,1478,1478,0.27,1.85,2.8209,1.5625,9.6337,0
32.776,-81,-7,1478,1478,0.27,1.85,2.8209,1.5625,9.6337,0
32.793,-80,-7,1478,1478,0.27,1.85,2.8209,1.5625,9.6337,0
32.814,-78,-7,1478,1478,0.27,1.85,2.8209,1.5625,9.6337,0
32.831,-77,-8,1478,1478,0.27,1.85,2.8209,1.5625,9.6337,0
32.848,-75,-8,1478,1478,0.27,1.85,2.8209,1.5625,9.6337,0
32.865,-73,-8,1478,1478,-0.10,2.24,2.8209,1.5625,9.6337,0
32.884,-71,-8,1478,1478,-0.10,2.24,2.8209,1.5625,9.6337,0
32.901,-70,-8,1478,1478,-0.10,2.24,2.8209,1.5625,9.6337,0
32.918,-68,-9,1478,1478,-0.10,2.24,2.8209,1.5625,9.6337,0
32.936,-67,-9,1478,1478,-0.10,2.24,2.1641,3.0152,7.1699,0
32.953,-66,-9,1478,1478,-0.10,2.24,2.1641,3.0152,7.1699,0
32.971,-65,-9,1478,1478,-0.10,2.24,2.1641,3.0152,7.1699,0
32.989,-64,-9,1478,1478,-0.10,2.24,2.1641,3.0152,7.1699,0
33.006,-63,-10,1478,1478,-0.10,2.24,2.1641,3.0152,7.1699,0
33.023,-62,-9,1478,1500,-0.10,2.24,2.1641,3.0152,7.1699,0
33.042,-61,-9,1478,1478,-0.10,2.24,2.1641,3.0152,7.1699,0
33.059,-60,-10,1478,1478,-0.10,2.24,2.1641,3.0152,7.1699,1
33.076,-60,-9,1478,1500,-0.10,2.24,2.1641,3.0152,7.1699,1
33.093,-59,-10,1478,1478,-0.10,2.24,2.1641,3.0152,7.1699,1
33.111,-58,-10,1478,1478,-0.30,2.19,2.1641,3.0152,7.1699,1
33.128,-57,-10,1478,1478,-0.30,2.19,2.1641,3.0152,7.1699,1
33.145,-56,-10,1478,1478,-0.30,2.19,2.1641,3.0152,7.1699,1
33.162,-56,-10,1478,1478,-0.30,2.19,2.1641,3.0152,7.1699,1
33.180,-55,-10,1478,1478,-0.30,2.19,2.2354,2.9855,7.2182,1
33.197,-55,-10,1478,1478,-0.30,2.19,2.2354,2.9855,7.2182,1
33.214,-54,-11,1478,1478,-0.30,2.19,2.2354,2.9855,7.2182,1
33.232,-53,-11,1478,1478,-0.30,2.19,2.2354,2.9855,7.2182,1
33.249,-53,-11,1478,1478,-0.30,2.19,2.2354,2.9855,7.2182,1
33.267,-52,-11,1478,1478,-0.30,2.19,2.2354,2.9855,7.2182,1
33.284,-52,-11,1478,1478,-0.30,2.19,2.2354,2.9855,7.2182,1
33.301,-51,-11,1478,1478,-0.30,2.19,2.2354,2.9855,7.2182,1
33.318,-51,-11,1478,1478,-0.30,2.19,2.2354,2.9855,7.2182,1
33.336,-50,-11,1478,1478,-0.30,2.19,2.2354,2.9855,7.2182,1
33.353,-50,-11,1478,1478,-0.30,2.19,2.2354,2.9855,7.2182,1
33.370,-48,-12,1478,1478,-0.62,1.96,2.2354,2.9855,7.2182,1
33.387,-48,-12,1478,1478,-0.62,1.96,2.2354,2.9855,7.2182,1
33.405,-46,-12,1500,1478,-0.62,1.96,2.2354,2.9855,7.2182,1
33.422,-45,-12,1478,1478,-0.62,1.96,2.3993,2.5941,7.1277,1
33.439,-44,-12,1478,1478,-0.62,1.96,2.3993,2.5941,7.1277,1
33.457,-43,-12,1478,1478,-0.62,1.96,2.3993,2.5941,7.1277,1
33.474,-42,-12,1478,1478,-0.62,1.96,2.3993,2.5941,7.1277,1
33.491,-41,-12,1478,1478,-0.62,1.96,2.3993,2.5941,7.1277,1
33.509,-39,-13,1500,1478,-0.62,1.96,2.3993,2.5941,7.1277,1
33.527,-38,-13,1500,1478,-0.62,1.96,2.3993,2.5941,7.1277,1
33.545,-37,-13,1500,1478,-0.62,1.96,2.3993,2.5941,7.1277,1
33.563,-36,-13,1500,1478,-0.62,1.96,2.3993,2.5941,7.1277,1
33.580,-36,-13,1478,1478,-0.62,1.96,2.3993,2.5941,7.1277,1
33.598,-35,-13,1478,1478,-0.62,1.96,2.3993,2.5941,7.1277,1
33.615,-34,-13,1500,1478,-1.04,1.49,2.3993,2.5941,7.1277,1
33.633,-34,-13,1478,1478,-1.04,1.49,2.3993,2.5941,7.1277,1
33.651,-34,-13,1478,1478,-1.04,1.49,2.3993,2.5941,7.1277,1
33.668,-34,-13,1478,1478,-1.04,1.49,2.3993,2.5941,7.1277,1
33.686,-35,-13,1478,1478,-1.04,1.49,2.4445,3.2442,6.7317,1
33.703,-35,-13,1478,1478,-1.04,1.49,2.4445,3.2442,6.7317,1
33.720,-36,-13,1478,1478,-1.04,1.49,2.4445,3.2442,6.7317,1
33.738,-36,-14,1478,1478,-1.04,1.49,2.4445,3.2442,6.7317,1
33.756,-36,-14,1478,1478,-1.04,1.49,2.4445,3.2442,6.7317,1
33.773,-36,-14,1478,1478,-1.04,1.49,2.4445,3.2442,6.7317,1
33.790,-36,-14,1478,1478,-1.04,1.49,2.4445,3.2442,6.7317,1
33.807,-36,-14,1478,1478,-1.04,1.49,2.4445,3.2442,6.7317,1
33.824,-35,-14,1478,1478,-1.04,1.49,2.4445,3.2442,6.7317,1
33.843,-34,-14,1478,1478,-1.04,1.49,2.4445,3.2442,6.7317,1
33.860,-33,-14,1500,1478,-1.37,0.94,2.4445,3.2442,6.7317,1
33.877,-31,-14,1522,1478,-1.37,0.94,2.4445,3.2442,6.7317,1
33.895,-30,-14,1500,1478,-1.37,0.94,2.4445,3.2442,6.7317,1
33.914,-28,-14,1522,1478,-1.37,0.94,2.4445,3.2442,6.7317,1
33.931,-27,-14,1500,1478,-1.37,0.94,2.3254,3.3698,7.3044,1
33.949,-25,-14,1522,1478,-1.37,0.94,2.3254,3.3698,7.3044,1
33.967,-23,-14,1522,1478,-1.37,0.94,2.3254,3.3698,7.3044,1
33.984,-22,-14,1522,1478,-1.37,0.94,2.3254,3.3698,7.3044,1
34.001,-20,-14,1522,1478,-1.37,0.94,2.3254,3.3698,7.3044,1
34.018,-20,-14,1500,1478,-1.37,0.94,2.3254,3.3698,7.3044,1
34.036,-18,-14,1522,1478,-1.37,0.94,2.3254,3.3698,7.3044,1
34.057,-16,-14,1522,1478,-1.37,0.94,2.3254,3.3698,7.3044,1
34.074,-14,-14,1522,1478,-1.37,0.94,2.3254,3.3698,7.3044,1
34.091,-13,-14,1522,1478,-1.37,0.94,2.3254,3.3698,7.3044,1
34.109,-11,-15,1522,1478,-1.42,0.61,2.3254,3.3698,7.3044,1
34.126,-10,-15,1522,1478,-1.42,0.61,2.3254,3.3698,7.3044,1
34.145,-8,-15,1522,1478,-1.42,0.61,2.3254,3.3698,7.3044,1
34.163,-7,-15,1522,1478,-1.42,0.61,2.3254,3.3698,7.3044,1
34.180,-5,-14,1522,1500,-1.42,0.61,2.7009,3.1316,7.5328,1
34.197,-3,-14,1522,1500,-1.42,0.61,2.7009,3.1316,7.5328,1
34.215,2,-14,1522,1478,-1.42,0.61,2.7009,3.1316,7.5328,1
34.232,4,-14,1522,1478,-1.42,0.61,2.7009,3.1316,7.5328,1
34.249,6,-14,1522,1478,-1.42,0.61,2.7009,3.1316,7.5328,1
34.266,8,-14,1522,1478,-1.42,0.61,2.7009,3.1316,7.5328,1
34.284,11,-14,1522,1478,-1.42,0.61,2.7009,3.1316,7.5328,1
34.301,13,-14,1522,1478,-1.42,0.61,2.7009,3.1316,7.5328,1
34.319,15,-14,1522,1478,-1.42,0.61,2.7009,3.1316,7.5328,1
34.336,17,-14,1522,1478,-1.42,0.61,2.7009,3.1316,7.5328,1
34.353,19,-14,1522,1478,-1.04,0.48,2.7009,3.1316,7.5328,1
34.370,20,-14,1522,1478,-1.04,0.48,2.7009,3.1316,7.5328,1
34.387,22,-14,1522,1478,-1.04,0.48,2.7009,3.1316,7.5328,1
34.404,22,-14,1522,1478,-1.04,0.48,2.7009,3.1316,7.5328,1
34.421,22,-14,1522,1478,-1.04,0.48,2.7009,3.1316,7.5328,1
34.439,23,-14,1522,1478,-1.04,0.48,2.9485,2.7438,9.1647,1
34.456,24,-14,1522,1478,-1.04,0.48,2.9485,2.7438,9.1647,1
34.473,25,-14,1522,1478,-1.04,0.48,2.9485,2.7438,9.1647,1
34.490,27,-14,1522,1478,-1.04,0.48,2.9485,2.7438,9.1647,1
34.508,28,-14,1522,1478,-1.04,0.48,2.9485,2.7438,9.1647,1
34.525,29,-14,1522,1478,-1.04,0.48,2.9485,2.7438,9.1647,1
34.543,30,-14,1522,1478,-1.04,0.48,2.9485,2.7438,9.1647,1
34.560,31,-14,1522,1478,-1.04,0.48,2.9485,2.7438,9.1647,1
34.578,32,-14,1522,1478,-1.04,0.48,2.9485,2.7438,9.1647,1
34.595,33,-14,1522,1478,-1.04,0.48,2.9485,2.7438,9.1647,1
34.613,33,-14,1522,1478,-1.07,0.33,2.9485,2.7438,9.1647,1
34.631,33,-14,1522,1478,-1.07,0.33,2.9485,2.7438,9.1647,1
34.648,34,-14,1522,1478,-1.07,0.33,2.9485,2.7438,9.1647,1
34.665,33,-14,1522,1478,-1.07,0.33,2.9485,2.7438,9.1647,1
34.683,33,-14,1522,1478,-1.07,0.33,1.5587,3.2160,5.3702,1
34.700,32,-13,1522,1500,-1.07,0.33,1.5587,3.2160,5.3702,1
34.719,31,-13,1500,1500,-1.07,0.33,1.5587,3.2160,5.3702,1
34.739,30,-13,1500,1478,-1.07,0.33,1.5587,3.2160,5.3702,1
34.756,30,-14,1522,1478,-1.07,0.33,1.5587,3.2160,5.3702,1
34.773,29,-14,1500,1478,-1.07,0.33,1.5587,3.2160,5.3702,1
34.791,28,-14,1500,1478,-1.07,0.33,1.5587,3.2160,5.3702,1
34.808,28,-14,1522,1478,-1.07,0.33,1.5587,3.2160,5.3702,1
34.825,27,-13,1500,1500,-1.07,0.33,1.5587,3.2160,5.3702,1
34.843,26,-13,1500,1500,-1.07,0.33,1.5587,3.2160,5.3702,1
34.860,26,-13,1522,1478,-1.14,0.42,1.5587,3.2160,5.3702,1
34.879,25,-13,1500,1478,-1.14,0.42,1.5587,3.2160,5.3702,1
34.896,24,-13,1500,1478,-1.14,0.42,1.5587,3.2160,5.3702,1
34.913,24,-13,1522,1478,-1.14,0.42,1.5587,3.2160,5.3702,1
34.931,23,-13,1500,1478,-1.14,0.42,2.3400,3.2822,6.1201,1
34.949,22,-13,1500,1478,-1.14,0.42,2.3400,3.2822,6.1201,1
34.966,22,-13,1500,1478,-1.14,0.42,2.3400,3.2822,6.1201,1
34.983,21,-13,1500,1478,-1.14,0.42,2.3400,3.2822,6.1201,1
35.000,20,-13,1500,1478,-1.14,0.42,2.3400,3.2822,6.1201,1
35.017,20,-13,1500,1478,-1.14,0.42,2.3400,3.2822,6.1201,1
35.034,19,-13,1500,1478,-1.14,0.42,2.3400,3.2822,6.1201,1
35.052,18,-13,1500,1478,-1.14,0.42,2.3400,3.2822,6.1201,1
35.069,17,-13,1500,1478,-1.14,0.42,2.3400,3.2822,6.1201,1
35.086,16,-13,1478,1478,-1.14,0.42,2.3400,3.2822,6.1201,1
35.104,15,-13,1478,1478,-1.14,0.42,2.3400,3.2822,6.1201,1
35.121,15,-13,1500,1478,-1.14,0.30,2.3400,3.2822,6.1201,1
35.138,14,-13,1500,1478,-1.14,0.30,2.3400,3.2822,6.1201,1
35.155,13,-13,1478,1478,-1.14,0.30,2.3400,3.2822,6.1201,1
35.172,12,-13,1478,1478,-1.14,0.30,2.5494,2.0343,7.3986,1
35.189,11,-13,1478,1478,-1.14,0.30,2.5494,2.0343,7.3986,1
35.207,10,-13,1478,1478,-1.14,0.30,2.5494,2.0343,7.3986,1
35.224,9,-13,1478,1478,-1.14,0.30,2.5494,2.0343,7.3986,1
35.241,8,-13,1478,1478,-1.14,0.30,2.5494,2.0343,7.3986,1
35.258,7,-13,1478,1478,-1.14,0.30,2.5494,2.0343,7.3986,1
35.276,6,-13,1478,1478,-1.14,0.30,2.5494,2.0343,7.3986,1
35.293,5,-13,1478,1478,-1.14,0.30,2.5494,2.0343,7.3986,1
35.311,4,-13,1478,1478,-1.14,0.30,2.5494,2.0343,7.3986,1
35.328,3,-13,1478,1478,-1.14,0.30,2.5494,2.0343,7.3986,1
35.345,2,-13,1478,1478,-1.14,0.30,2.5494,2.0343,7.3986,1
35.363,1,-13,1478,1478,-1.06,0.57,2.5494,2.0343,7.3986,1
35.380,-1,-13,1478,1478,-1.06,0.57,2.5494,2.0343,7.3986,1
35.398,-3,-13,1478,1478,-1.06,0.57,2.5494,2.0343,7.3986,1
35.415,-4,-14,1478,1478,-1.06,0.57,2.5494,2.0343,7.3986,1
35.432,-5,-13,1478,1500,-1.06,0.57,3.3636,1.8020,7.4576,1
35.449,-6,-14,1478,1478,-1.06,0.57,3.3636,1.8020,7.4576,1
35.466,-7,-14,1478,1478,-1.06,0.57,3.3636,1.8020,7.4576,1
35.484,-8,-14,1478,1478,-1.06,0.57,3.3636,1.8020,7.4576,1
35.501,-8,-14,1478,1478,-1.06,0.57,3.3636,1.8020,7.4576,1
35.518,-9,-14,1478,1478,-1.06,0.57,3.3636,1.8020,7.4576,1
35.535,-10,-14,1478,1478,-1.06,0.57,3.3636,1.8020,7.4576,1
35.553,-12,-14,1478,1478,-1.06,0.57,3.3636,1.8020,7.4576,1
35.570,-12,-14,1478,1478,-1.06,0.57,3.3636,1.8020,7.4576,1
35.588,-13,-14,1478,1478,-1.06,0.57,3.3636,1.8020,7.4576,1
35.605,-13,-14,1478,1478,-1.07,0.34,3.3636,1.8020,7.4576,1
35.624,-14,-14,1478,1478,-1.07,0.34,3.3636,1.8020,7.4576,1
35.641,-14,-14,1478,1478,-1.07,0.34,3.3636,1.8020,7.4576,1
35.659,-14,-14,1478,1478,-1.07,0.34,3.3636,1.8020,7.4576,1
35.676,-14,-14,1478,1478,-1.07,0.34,2.4533,2.8083,5.1885,1
35.694,-14,-14,1478,1478,-1.07,0.34,2.4533,2.8083,5.1885,1
35.711,-15,-14,1478,1478,-1.07,0.34,2.4533,2.8083,5.1885,1
35.728,-15,-14,1478,1478,-1.07,0.34,2.4533,2.8083,5.1885,1
35.745,-15,-14,1478,1478,-1.07,0.34,2.4533,2.8083,5.1885,1
35.762,-16,-14,1478,1478,-1.07,0.34,2.4533,2.8083,5.1885,1
35.779,-17,-14,1478,1478,-1.07,0.34,2.4533,2.8083,5.1885,1
35.796,-18,-14,1478,1478,-1.07,0.34,2.4533,2.8083,5.1885,1
35.813,-19,-14,1478,1478,-1.07,0.34,2.4533,2.8083,5.1885,1
35.830,-19,-14,1478,1478,-1.07,0.34,2.4533,2.8083,5.1885,1
35.847,-20,-14,1478,1478,-1.07,0.34,2.4533,2.8083,5.1885,1
35.865,-20,-15,1478,1478,-1.17,0.20,2.4533,2.8083,5.1885,1
35.882,-20,-15,1478,1478,-1.17,0.20,2.4533,2.8083,5.1885,1
35.899,-20,-15,1478,1478,-1.17,0.20,2.4533,2.8083,5.1885,1
35.916,-20,-15,1478,1478,-1.17,0.20,2.4533,2.8083,5.1885,1
35.933,-20,-15,1478,1478,-1.17,0.20,1.0003,3.2325,5.1896,1
35.951,-20,-15,1478,1478,-1.17,0.20,1.0003,3.2325,5.1896,1
35.969,-20,-15,1478,1478,-1.17,0.20,1.0003,3.2325,5.1896,1
35.986,-21,-16,1478,1478,-1.17,0.20,1.0003,3.2325,5.1896,1
36.003,-21,-16,1478,1478,-1.17,0.20,1.0003,3.2325,5.1896,1
36.020,-21,-16,1478,1478,-1.17,0.20,1.0003,3.2325,5.1896,1
36.038,-20,-16,1500,1478,-1.17,0.20,1.0003,3.2325,5.1896,1
36.056,-20,-16,1478,1478,-1.17,0.20,1.0003,3.2325,5.1896,1
36.073,-20,-16,1478,1478,-1.17,0.20,1.0003,3.2325,5.1896,1
36.090,-19,-16,1500,1478,-1.17,0.20,1.0003,3.2325,5.1896,1
36.108,-20,-15,1478,1500,-1.24,0.56,1.0003,3.2325,5.1896,1
36.125,-20,-16,1478,1478,-1.24,0.56,1.0003,3.2325,5.1896,1
36.143,-20,-15,1478,1500,-1.24,0.56,1.0003,3.2325,5.1896,1
36.160,-20,-15,1478,1478,-1.24,0.56,1.0003,3.2325,5.1896,1
36.177,-20,-15,1478,1478,-1.24,0.56,3.7356,3.0521,6.8583,1
36.194,-20,-15,1478,1478,-1.24,0.56,3.7356,3.0521,6.8583,1
36.212,-19,-16,1500,1478,-1.24,0.56,3.7356,3.0521,6.8583,1
36.229,-19,-15,1478,1500,-1.24,0.56,3.7356,3.0521,6.8583,1
36.246,-19,-15,1478,1478,-1.24,0.56,3.7356,3.0521,6.8583,1
36.263,-19,-16,1478,1478,-1.24,0.56,3.7356,3.0521,6.8583,1
36.280,-19,-16,1478,1478,-1.24,0.56,3.7356,3.0521,6.8583,1
36.298,-19,-16,1478,1478,-1.24,0.56,3.7356,3.0521,6.8583,1
36.315,-18,-16,1500,1478,-1.24,0.56,3.7356,3.0521,6.8583,1
36.332,-18,-16,1478,1478,-1.24,0.56,3.7356,3.0521,6.8583,1
36.349,-18,-16,1478,1478,-1.24,0.56,3.7356,3.0521,6.8583,1
36.366,-17,-16,1500,1478,-1.05,0.73,3.7356,3.0521,6.8583,1
36.384,-17,-15,1500,1500,-1.05,0.73,3.7356,3.0521,6.8583,1
36.403,-17,-16,1478,1478,-1.05,0.73,3.7356,3.0521,6.8583,1
36.420,-17,-15,1478,1500,-1.05,0.73,2.8099,3.3064,6.2621,1
36.437,-17,-15,1478,1478,-1.05,0.73,2.8099,3.3064,6.2621,1
36.455,-18,-15,1478,1478,-1.05,0.73,2.8099,3.3064,6.2621,1
36.473,-18,-16,1478,1478,-1.05,0.73,2.8099,3.3064,6.2621,1
36.490,-18,-16,1478,1478,-1.05,0.73,2.8099,3.3064,6.2621,1
36.508,-18,-16,1478,1478,-1.05,0.73,2.8099,3.3064,6.2621,1
36.525,-18,-15,1478,1500,-1.05,0.73,2.8099,3.3064,6.2621,1
36.542,-18,-16,1478,1478,-1.05,0.73,2.8099,3.3064,6.2621,1
36.559,-18,-16,1478,1478,-1.05,0.73,2.8099,3.3064,6.2621,1
36.576,-18,-16,1478,1478,-1.05,0.73,2.8099,3.3064,6.2621,1
36.593,-19,-16,1478,1478,-1.05,0.73,2.8099,3.3064,6.2621,1
36.611,-19,-16,1478,1478,-0.86,0.72,2.8099,3.3064,6.2621,1
36.629,-20,-16,1478,1478,-0.86,0.72,2.8099,3.3064,6.2621,1
36.647,-20,-16,1478,1478,-0.86,0.72,2.8099,3.3064,6.2621,1
36.664,-21,-16,1478,1478,-0.86,0.72,2.8099,3.3064,6.2621,1
36.681,-21,-16,1478,1478,-0.86,0.72,2.7963,3.2236,6.1303,1
36.698,-21,-16,1478,1478,-0.86,0.72,2.7963,3.2236,6.1303,1
36.716,-22,-16,1478,1478,-0.86,0.72,2.7963,3.2236,6.1303,1
36.733,-22,-15,1478,1500,-0.86,0.72,2.7963,3.2236,6.1303,1
36.750,-23,-16,1478,1478,-0.86,0.72,2.7963,3.2236,6.1303,1
36.767,-23,-16,1478,1478,-0.86,0.72,2.7963,3.2236,6.1303,1
36.784,-23,-16,1478,1478,-0.86,0.72,2.7963,3.2236,6.1303,1
36.801,-23,-15,1478,1500,-0.86,0.72,2.7963,3.2236,6.1303,1
36.822,-23,-16,1478,1478,-0.86,0.72,2.7963,3.2236,6.1303,1
36.840,-23,-16,1478,1478,-0.86,0.72,2.7963,3.2236,6.1303,1
36.858,-23,-15,1478,1500,-0.54,0.90,2.7963,3.2236,6.1303,1
36.875,-23,-15,1478,1500,-0.54,0.90,2.7963,3.2236,6.1303,1
36.893,-23,-15,1478,1478,-0.54,0.90,2.7963,3.2236,6.1303,1
36.910,-23,-15,1478,1478,-0.54,0.90,2.7963,3.2236,6.1303,1
36.928,-23,-16,1478,1478,-0.54,0.90,3.2865,2.7989,7.7298,1
36.945,-22,-15,1500,1500,-0.54,0.90,3.2865,2.7989,7.7298,1
36.964,-22,-15,1478,1478,-0.54,0.90,3.2865,2.7989,7.7298,1
36.981,-22,-15,1478,1478,-0.54,0.90,3.2865,2.7989,7.7298,1
36.998,-22,-15,1478,1478,-0.54,0.90,3.2865,2.7989,7.7298,1
37.017,-21,-15,1500,1478,-0.54,0.90,3.2865,2.7989,7.7298,1
37.034,-21,-15,1478,1478,-0.54,0.90,3.2865,2.7989,7.7298,1
37.051,-21,-15,1478,1478,-0.54,0.90,3.2865,2.7989,7.7298,1
37.069,-20,-15,1500,1478,-0.54,0.90,3.2865,2.7989,7.7298,1
37.086,-20,-15,1478,1478,-0.54,0.90,3.2865,2.7989,7.7298,1
37.104,-19,-15,1500,1478,-0.48,1.06,3.2865,2.7989,7.7298,1
37.121,-19,-15,1478,1478,-0.48,1.06,3.2865,2.7989,7.7298,1
37.138,-19,-15,1478,1478,-0.48,1.06,3.2865,2.7989,7.7298,1
37.155,-19,-15,1478,1478,-0.48,1.06,3.2865,2.7989,7.7298,1
37.172,-19,-15,1478,1478,-0.48,1.06,2.3884,3.1473,5.6470,1
37.190,-19,-15,1478,1478,-0.48,1.06,2.3884,3.1473,5.6470,1
37.208,-19,-15,1478,1478,-0.48,1.06,2.3884,3.1473,5.6470,1
37.226,-19,-15,1478,1478,-0.48,1.06,2.3884,3.1473,5.6470,1
37.243,-19,-15,1478,1478,-0.48,1.06,2.3884,3.1473,5.6470,1
37.260,-20,-15,1478,1478,-0.48,1.06,2.3884,3.1473,5.6470,1
37.277,-21,-15,1478,1478,-0.48,1.06,2.3884,3.1473,5.6470,1
37.294,-22,-15,1478,1478,-0.48,1.06,2.3884,3.1473,5.6470,1
37.311,-23,-15,1478,1478,-0.48,1.06,2.3884,3.1473,5.6470,1
37.328,-23,-15,1478,1478,-0.48,1.06,2.3884,3.1473,5.6470,1
37.345,-24,-14,1478,1500,-0.48,1.06,2.3884,3.1473,5.6470,1
37.363,-25,-14,1478,1500,-0.32,1.14,2.3884,3.1473,5.6470,1
37.380,-27,-14,1478,1478,-0.32,1.14,2.3884,3.1473,5.6470,1
37.398,-28,-14,1478,1478,-0.32,1.14,2.3884,3.1473,5.6470,1
37.415,-30,-14,1478,1478,-0.32,1.14,2.3884,3.1473,5.6470,1
37.432,-31,-14,1478,1478,-0.32,1.14,2.6012,3.1668,6.9176,1
37.451,-32,-14,1478,1478,-0.32,1.14,2.6012,3.1668,6.9176,1
37.468,-33,-14,1478,1478,-0.32,1.14,2.6012,3.1668,6.9176,1
37.485,-34,-14,1478,1478,-0.32,1.14,2.6012,3.1668,6.9176,1
37.503,-35,-14,1478,1478,-0.32,1.14,2.6012,3.1668,6.9176,1
37.520,-37,-14,1478,1478,-0.32,1.14,2.6012,3.1668,6.9176,1
37.537,-38,-14,1478,1478,-0.32,1.14,2.6012,3.1668,6.9176,1
37.556,-40,-14,1478,1478,-0.32,1.14,2.6012,3.1668,6.9176,1
37.573,-41,-14,1478,1478,-0.32,1.14,2.6012,3.1668,6.9176,1
37.590,-42,-14,1478,1478,-0.32,1.14,2.6012,3.1668,6.9176,1
37.608,-43,-14,1478,1478,-0.17,1.50,2.6012,3.1668,6.9176,1
37.625,-45,-14,1478,1478,-0.17,1.50,2.6012,3.1668,6.9176,1
37.643,-46,-14,1478,1478,-0.17,1.50,2.6012,3.1668,6.9176,1
37.660,-48,-14,1478,1478,-0.17,1.50,2.6012,3.1668,6.9176,1
37.678,-49,-14,1478,1478,-0.17,1.50,2.6008,3.1799,7.0364,1
37.697,-51,-14,1478,1478,-0.17,1.50,2.6008,3.1799,7.0364,1
37.714,-52,-13,1478,1500,-0.17,1.50,2.6008,3.1799,7.0364,1
37.731,-53,-13,1478,1500,-0.17,1.50,2.6008,3.1799,7.0364,1
37.749,-54,-13,1478,1478,-0.17,1.50,2.6008,3.1799,7.0364,1
37.766,-55,-13,1478,1478,-0.17,1.50,2.6008,3.1799,7.0364,1
37.783,-56,-13,1478,1478,-0.17,1.50,2.6008,3.1799,7.0364,1
37.800,-57,-13,1478,1478,-0.17,1.50,2.6008,3.1799,7.0364,1
37.818,-58,-13,1478,1478,-0.17,1.50,2.6008,3.1799,7.0364,1
37.836,-59,-13,1478,1478,-0.17,1.50,2.6008,3.1799,7.0364,1
37.853,-60,-13,1478,1478,-0.17,1.50,2.6008,3.1799,7.0364,1
37.870,-60,-13,1478,1478,0.03,1.84,2.6008,3.1799,7.0364,1
37.887,-61,-13,1478,1478,0.03,1.84,2.6008,3.1799,7.0364,0
37.904,-62,-13,1478,1478,0.03,1.84,2.6008,3.1799,7.0364,0
37.922,-63,-13,1478,1478,0.03,1.84,2.7052,2.7948,6.9009,0
37.939,-64,-13,1478,1478,0.03,1.84,2.7052,2.7948,6.9009,0
37.956,-65,-12,1478,1500,0.03,1.84,2.7052,2.7948,6.9009,0
37.974,-66,-13,1478,1478,0.03,1.84,2.7052,2.7948,6.9009,0
37.991,-66,-12,1478,1500,0.03,1.84,2.7052,2.7948,6.9009,0
38.009,-67,-12,1478,1478,0.03,1.84,2.7052,2.7948,6.9009,0
38.027,-67,-12,1478,1478,0.03,1.84,2.7052,2.7948,6.9009,0
38.044,-67,-12,1478,1478,0.03,1.84,2.7052,2.7948,6.9009,0
38.062,-68,-12,1478,1478,0.03,1.84,2.7052,2.7948,6.9009,0
38.079,-68,-12,1478,1478,0.03,1.84,2.7052,2.7948,6.9009,0
38.096,-69,-12,1478,1478,0.03,1.84,2.7052,2.7948,6.9009,0
38.113,-69,-12,1478,1478,-0.23,1.58,2.7052,2.7948,6.9009,0
38.131,-69,-12,1478,1478,-0.23,1.58,2.7052,2.7948,6.9009,0
38.148,-70,-12,1478,1478,-0.23,1.58,2.7052,2.7948,6.9009,0
38.165,-70,-12,1478,1478,-0.23,1.58,2.7052,2.7948,6.9009,0
38.182,-71,-11,1478,1500,-0.23,1.58,2.5826,2.9818,7.1912,0
38.199,-71,-11,1478,1500,-0.23,1.58,2.5826,2.9818,7.1912,0
38.217,-71,-11,1478,1478,-0.23,1.58,2.5826,2.9818,7.1912,0
38.235,-72,-11,1478,1478,-0.23,1.58,2.5826,2.9818,7.1912,0
38.252,-72,-11,1478,1478,-0.23,1.58,2.5826,2.9818,7.1912,0
38.270,-73,-11,1478,1478,-0.23,1.58,2.5826,2.9818,7.1912,0
38.288,-73,-11,1478,1478,-0.23,1.58,2.5826,2.9818,7.1912,0
38.305,-74,-11,1478,1478,-0.23,1.58,2.5826,2.9818,7.1912,0
38.324,-74,-10,1478,1500,-0.23,1.58,2.5826,2.9818,7.1912,0
38.342,-75,-10,1478,1500,-0.23,1.58,2.5826,2.9818,7.1912,0
38.359,-75,-10,1478,1478,-0.25,1.53,2.5826,2.9818,7.1912,0
38.376,-75,-10,1478,1478,-0.25,1.53,2.5826,2.9818,7.1912,0
38.393,-75,-10,1478,1478,-0.25,1.53,2.5826,2.9818,7.1912,0
38.411,-75,-10,1478,1478,-0.25,1.53,2.5826,2.9818,7.1912,0
38.428,-75,-10,1478,1478,-0.25,1.53,2.6683,3.2367,7.4369,0
38.445,-75,-10,1478,1478,-0.25,1.53,2.6683,3.2367,7.4369,0
38.462,-74,-10,1478,1478,-0.25,1.53,2.6683,3.2367,7.4369,0
38.480,-74,-10,1478,1478,-0.25,1.53,2.6683,3.2367,7.4369,0
38.497,-73,-9,1478,1500,-0.25,1.53,2.6683,3.2367,7.4369,0
38.514,-73,-9,1478,1500,-0.25,1.53,2.6683,3.2367,7.4369,0
38.531,-72,-9,1478,1478,-0.25,1.53,2.6683,3.2367,7.4369,0
38.548,-72,-9,1478,1478,-0.25,1.53,2.6683,3.2367,7.4369,0
38.567,-71,-9,1478,1478,-0.25,1.53,2.6683,3.2367,7.4369,0
38.585,-70,-9,1478,1478,-0.25,1.53,2.6683,3.2367,7.4369,0
38.602,-69,-9,1478,1478,-0.37,1.49,2.6683,3.2367,7.4369,0
38.619,-67,-9,1478,1478,-0.37,1.49,2.6683,3.2367,7.4369,0
38.636,-66,-9,1478,1478,-0.37,1.49,2.6683,3.2367,7.4369,0
38.654,-65,-8,1478,1522,-0.37,1.49,2.6683,3.2367,7.4369,0
38.671,-64,-8,1478,1500,-0.37,1.49,2.9372,3.5558,6.8463,0
38.689,-63,-8,1478,1478,-0.37,1.49,2.9372,3.5558,6.8463,0
38.706,-62,-8,1478,1478,-0.37,1.49,2.9372,3.5558,6.8463,0
38.724,-61,-8,1478,1478,-0.37,1.49,2.9372,3.5558,6.8463,0
38.742,-60,-8,1478,1500,-0.37,1.49,2.9372,3.5558,6.8463,1
38.760,-59,-8,1478,1500,-0.37,1.49,2.9372,3.5558,6.8463,1
38.777,-58,-8,1478,1500,-0.37,1.49,2.9372,3.5558,6.8463,1
38.794,-57,-7,1478,1500,-0.37,1.49,2.9372,3.5558,6.8463,1
38.812,-56,-7,1478,1500,-0.37,1.49,2.9372,3.5558,6.8463,1
38.829,-55,-7,1478,1500,-0.37,1.49,2.9372,3.5558,6.8463,1
38.847,-53,-7,1478,1500,-0.37,1.49,2.9372,3.5558,6.8463,1
38.864,-52,-7,1478,1500,-0.33,1.35,2.9372,3.5558,6.8463,1
38.881,-51,-7,1478,1500,-0.33,1.35,2.9372,3.5558,6.8463,1
38.898,-49,-7,1500,1500,-0.33,1.35,2.9372,3.5558,6.8463,1
38.916,-48,-7,1478,1500,-0.33,1.35,2.8599,3.8500,6.9810,1
38.933,-47,-7,1478,1500,-0.33,1.35,2.8599,3.8500,6.9810,1
38.951,-45,-7,1500,1500,-0.33,1.35,2.8599,3.8500,6.9810,1
38.969,-43,-6,1500,1500,-0.33,1.35,2.8599,3.8500,6.9810,1
38.986,-42,-6,1500,1500,-0.33,1.35,2.8599,3.8500,6.9810,1
39.003,-41,-6,1500,1500,-0.33,1.35,2.8599,3.8500,6.9810,1
39.021,-40,-6,1500,1500,-0.33,1.35,2.8599,3.8500,6.9810,1
39.040,-39,-6,1478,1500,-0.33,1.35,2.8599,3.8500,6.9810,1
39.057,-39,-6,1478,1500,-0.33,1.35,2.8599,3.8500,6.9810,1
39.074,-38,-6,1478,1500,-0.33,1.35,2.8599,3.8500,6.9810,1
39.092,-37,-6,1478,1500,-0.33,1.35,2.8599,3.8500,6.9810,1
39.109,-37,-5,1478,1500,-0.09,1.22,2.8599,3.8500,6.9810,1
39.126,-36,-5,1478,1500,-0.09,1.22,2.8599,3.8500,6.9810,1
39.144,-35,-5,1478,1500,-0.09,1.22,2.8599,3.8500,6.9810,1
39.161,-34,-5,1500,1500,-0.09,1.22,2.8599,3.8500,6.9810,1
39.178,-34,-5,1478,1500,-0.09,1.22,2.8483,3.3615,7.3459,1
39.195,-33,-5,1478,1500,-0.09,1.22,2.8483,3.3615,7.3459,1
39.213,-32,-4,1500,1500,-0.09,1.22,2.8483,3.3615,7.3459,1
39.230,-32,-4,1478,1500,-0.09,1.22,2.8483,3.3615,7.3459,1
39.248,-31,-4,1478,1500,-0.09,1.22,2.8483,3.3615,7.3459,1
39.265,-30,-4,1500,1500,-0.09,1.22,2.8483,3.3615,7.3459,1
39.283,-30,-4,1478,1500,-0.09,1.22,2.8483,3.3615,7.3459,1
39.300,-29,-4,1500,1500,-0.09,1.22,2.8483,3.3615,7.3459,1
39.317,-28,-4,1500,1500,-0.09,1.22,2.8483,3.3615,7.3459,1
39.334,-27,-4,1500,1500,-0.09,1.22,2.8483,3.3615,7.3459,1
39.351,-27,-3,1478,1522,-0.00,0.70,2.8483,3.3615,7.3459,1
39.368,-26,-3,1500,1500,-0.00,0.70,2.8483,3.3615,7.3459,1
39.386,-26,-3,1478,1500,-0.00,0.70,2.8483,3.3615,7.3459,1
39.403,-26,-3,1478,1500,-0.00,0.70,2.8483,3.3615,7.3459,1
39.420,-25,-3,1500,1500,-0.00,0.70,2.8325,3.3284,7.4798,1
39.437,-25,-3,1478,1500,-0.00,0.70,2.8325,3.3284,7.4798,1
39.454,-25,-3,1478,1500,-0.00,0.70,2.8325,3.3284,7.4798,1
39.471,-25,-3,1478,1500,-0.00,0.70,2.8325,3.3284,7.4798,1
39.488,-25,-3,1478,1500,-0.00,0.70,2.8325,3.3284,7.4798,1
39.505,-24,-3,1500,1500,-0.00,0.70,2.8325,3.3284,7.4798,1
39.523,-24,-2,1478,1522,-0.00,0.70,2.8325,3.3284,7.4798,1
39.540,-24,-2,1478,1500,-0.00,0.70,2.8325,3.3284,7.4798,1
39.558,-23,-2,1500,1500,-0.00,0.70,2.8325,3.3284,7.4798,1
39.575,-22,-2,1500,1500,-0.00,0.70,2.8325,3.3284,7.4798,1
39.593,-22,-2,1478,1500,-0.00,0.70,2.8325,3.3284,7.4798,1
39.610,-21,-1,1500,1522,0.02,0.59,2.8325,3.3284,7.4798,1
39.628,-21,-1,1478,1500,0.02,0.59,2.8325,3.3284,7.4798,1
39.645,-21,-1,1478,1500,0.02,0.59,2.8325,3.3284,7.4798,1
39.662,-20,-1,1500,1500,0.02,0.59,2.7865,3.3586,7.6872,1
39.679,-20,-1,1478,1500,0.02,0.59,2.7865,3.3586,7.6872,1
39.697,-19,-1,1500,1500,0.02,0.59,2.7865,3.3586,7.6872,1
39.714,-19,-1,1478,1500,0.02,0.59,2.7865,3.3586,7.6872,1
39.731,-18,-1,1500,1500,0.02,0.59,2.7865,3.3586,7.6872,1
39.750,-18,-1,1500,1500,0.02,0.59,2.7865,3.3586,7.6872,1
39.767,-17,0,1500,1522,0.02,0.59,2.7865,3.3586,7.6872,1
39.784,-16,0,1500,1500,0.02,0.59,2.7865,3.3586,7.6872,1
39.801,-16,0,1500,1500,0.02,0.59,2.7865,3.3586,7.6872,1
39.818,-15,0,1500,1500,0.02,0.59,2.7865,3.3586,7.6872,1
39.836,-14,0,1522,1500,0.02,0.59,2.7865,3.3586,7.6872,1
39.853,-14,0,1500,1500,-0.11,0.49,2.7865,3.3586,7.6872,1
39.870,-13,0,1500,1500,-0.11,0.49,2.7865,3.3586,7.6872,1
39.887,-13,0,1500,1500,-0.11,0.49,2.7865,3.3586,7.6872,1
39.904,-13,0,1500,1500,-0.11,0.49,2.7865,3.3586,7.6872,1
39.922,-13,0,1478,1500,-0.11,0.49,3.0556,3.2374,7.2797,1
39.939,-13,0,1478,1500,-0.11,0.49,3.0556,3.2374,7.2797,1
39.956,-12,1,1500,1522,-0.11,0.49,3.0556,3.2374,7.2797,1
39.975,-12,0,1500,1500,-0.11,0.49,3.0556,3.2374,7.2797,1
39.992,-12,0,1500,1500,-0.11,0.49,3.0556,3.2374,7.2797,1
40.009,-13,1,1478,1522,-0.11,0.49,3.0556,3.2374,7.2797,1
40.026,-13,1,1478,1500,-0.11,0.49,3.0556,3.2374,7.2797,1
40.044,-14,1,1478,1500,-0.11,0.49,3.0556,3.2374,7.2797,1
40.062,-15,1,1478,1500,-0.11,0.49,3.0556,3.2374,7.2797,1
40.079,-16,1,1478,1500,-0.11,0.49,3.0556,3.2374,7.2797,1
40.096,-16,1,1478,1500,-0.11,0.49,3.0556,3.2374,7.2797,1
40.114,-16,1,1478,1500,0.16,-0.02,3.0556,3.2374,7.2797,1
40.131,-17,1,1478,1500,0.16,-0.02,3.0556,3.2374,7.2797,1
40.148,-17,1,1478,1500,0.16,-0.02,3.0556,3.2374,7.2797,1
40.165,-17,1,1478,1500,0.16,-0.02,2.0337,3.0933,5.7925,1
40.183,-18,2,1478,1522,0.16,-0.02,2.0337,3.0933,5.7925,1
40.200,-18,1,1478,1500,0.16,-0.02,2.0337,3.0933,5.7925,1
40.218,-18,1,1478,1500,0.16,-0.02,2.0337,3.0933,5.7925,1
40.235,-18,2,1478,1522,0.16,-0.02,2.0337,3.0933,5.7925,1
40.253,-18,1,1478,1500,0.16,-0.02,2.0337,3.0933,5.7925,1
40.271,-18,1,1478,1500,0.16,-0.02,2.0337,3.0933,5.7925,1
40.289,-18,1,1478,1500,0.16,-0.02,2.0337,3.0933,5.7925,1
40.307,-18,1,1478,1500,0.16,-0.02,2.0337,3.0933,5.7925,1
40.324,-18,2,1478,1522,0.16,-0.02,2.0337,3.0933,5.7925,1
40.341,-18,1,1478,1500,0.16,-0.02,2.0337,3.0933,5.7925,1
40.359,-18,2,1478,1522,0.00,-0.13,2.0337,3.0933,5.7925,1
40.376,-18,2,1478,1500,0.00,-0.13,2.0337,3.0933,5.7925,1
40.393,-17,1,1500,1478,0.00,-0.13,2.0337,3.0933,5.7925,1
40.410,-17,1,1478,1500,0.00,-0.13,2.0337,3.0933,5.7925,1
40.428,-17,1,1478,1500,0.00,-0.13,1.9515,2.6533,6.4247,1
40.446,-17,1,1478,1500,0.00,-0.13,1.9515,2.6533,6.4247,1
40.463,-17,1,1478,1500,0.00,-0.13,1.9515,2.6533,6.4247,1
40.480,-17,1,1478,1500,0.00,-0.13,1.9515,2.6533,6.4247,1
40.498,-17,1,1478,1500,0.00,-0.13,1.9515,2.6533,6.4247,1
40.515,-17,2,1478,1522,0.00,-0.13,1.9515,2.6533,6.4247,1
40.532,-17,1,1478,1500,0.00,-0.13,1.9515,2.6533,6.4247,1
40.549,-17,1,1478,1500,0.00,-0.13,1.9515,2.6533,6.4247,1
40.567,-18,1,1478,1500,0.00,-0.13,1.9515,2.6533,6.4247,1
40.584,-18,1,1478,1500,0.00,-0.13,1.9515,2.6533,6.4247,1
40.601,-19,1,1478,1500,-0.22,0.28,1.9515,2.6533,6.4247,1
40.618,-19,1,1478,1500,-0.22,0.28,1.9515,2.6533,6.4247,1
40.635,-20,1,1478,1500,-0.22,0.28,1.9515,2.6533,6.4247,1
40.653,-20,1,1478,1500,-0.22,0.28,1.9515,2.6533,6.4247,1
40.670,-21,1,1478,1500,-0.22,0.28,2.9611,2.5730,6.7757,1
40.689,-21,1,1478,1500,-0.22,0.28,2.9611,2.5730,6.7757,1
40.706,-22,1,1478,1500,-0.22,0.28,2.9611,2.5730,6.7757,1
40.724,-23,1,1478,1500,-0.22,0.28,2.9611,2.5730,6.7757,1
40.742,-23,1,1478,1500,-0.22,0.28,2.9611,2.5730,6.7757,1
40.759,-24,1,1478,1500,-0.22,0.28,2.9611,2.5730,6.7757,1
40.776,-24,1,1478,1500,-0.22,0.28,2.9611,2.5730,6.7757,1
40.793,-25,1,1478,1500,-0.22,0.28,2.9611,2.5730,6.7757,1
40.810,-25,0,1478,1478,-0.22,0.28,2.9611,2.5730,6.7757,1
40.828,-25,0,1478,1500,-0.22,0.28,2.9611,2.5730,6.7757,1
40.845,-24,0,1478,1500,-0.22,0.28,2.9611,2.5730,6.7757,1
40.862,-24,0,1478,1500,-0.30,-0.09,2.9611,2.5730,6.7757,1
40.879,-24,0,1478,1500,-0.30,-0.09,2.9611,2.5730,6.7757,1
40.897,-24,0,1478,1500,-0.30,-0.09,2.9611,2.5730,6.7757,1
40.914,-24,0,1478,1500,-0.30,-0.09,2.9611,2.5730,6.7757,1
40.932,-24,0,1478,1500,-0.30,-0.09,3.2284,2.7938,6.6793,1
40.949,-23,0,1500,1500,-0.30,-0.09,3.2284,2.7938,6.6793,1
40.966,-23,-1,1478,1478,-0.30,-0.09,3.2284,2.7938,6.6793,1
40.983,-22,-1,1500,1500,-0.30,-0.09,3.2284,2.7938,6.6793,1
41.001,-22,-1,1478,1500,-0.30,-0.09,3.2284,2.7938,6.6793,1
41.019,-22,-1,1478,1500,-0.30,-0.09,3.2284,2.7938,6.6793,1
41.036,-22,-1,1478,1500,-0.30,-0.09,3.2284,2.7938,6.6793,1
41.054,-22,-1,1478,1500,-0.30,-0.09,3.2284,2.7938,6.6793,1
41.072,-22,-2,1478,1478,-0.30,-0.09,3.2284,2.7938,6.6793,1
41.089,-22,-2,1478,1478,-0.30,-0.09,3.2284,2.7938,6.6793,1
41.107,-22,-2,1478,1500,-0.11,-0.43,3.2284,2.7938,6.6793,1
41.124,-21,-2,1500,1500,-0.11,-0.43,3.2284,2.7938,6.6793,1
41.141,-21,-2,1478,1500,-0.11,-0.43,3.2284,2.7938,6.6793,1
41.158,-21,-2,1478,1500,-0.11,-0.43,3.2284,2.7938,6.6793,1
41.175,-21,-2,1478,1500,-0.11,-0.43,3.4252,2.3297,6.9515,1
41.193,-21,-3,1478,1478,-0.11,-0.43,3.4252,2.3297,6.9515,1
41.210,-21,-3,1478,1478,-0.11,-0.43,3.4252,2.3297,6.9515,1
41.227,-21,-3,1478,1500,-0.11,-0.43,3.4252,2.3297,6.9515,1
41.245,-21,-3,1478,1500,-0.11,-0.43,3.4252,2.3297,6.9515,1
41.262,-21,-3,1478,1500,-0.11,-0.43,3.4252,2.3297,6.9515,1
41.279,-20,-3,1500,1500,-0.11,-0.43,3.4252,2.3297,6.9515,1
41.296,-20,-4,1478,1478,-0.11,-0.43,3.4252,2.3297,6.9515,1
41.314,-19,-4,1500,1478,-0.11,-0.43,3.4252,2.3297,6.9515,1
41.332,-18,-4,1500,1500,-0.11,-0.43,3.4252,2.3297,6.9515,1
41.351,-18,-4,1500,1500,-0.11,-0.43,3.4252,2.3297,6.9515,1
41.369,-17,-5,1500,1478,0.02,-0.78,3.4252,2.3297,6.9515,1
41.386,-17,-4,1500,1500,0.02,-0.78,3.4252,2.3297,6.9515,1
41.403,-16,-5,1500,1478,0.02,-0.78,3.4252,2.3297,6.9515,1
41.421,-16,-5,1500,1478,0.02,-0.78,2.9138,2.5028,5.9481,1
41.438,-15,-5,1500,1500,0.02,-0.78,2.9138,2.5028,5.9481,1
41.456,-15,-5,1500,1500,0.02,-0.78,2.9138,2.5028,5.9481,1
41.473,-15,-5,1478,1500,0.02,-0.78,2.9138,2.5028,5.9481,1
41.491,-14,-5,1500,1500,0.02,-0.78,2.9138,2.5028,5.9481,1
41.508,-14,-5,1500,1500,0.02,-0.78,2.9138,2.5028,5.9481,1
41.525,-13,-6,1500,1478,0.02,-0.78,2.9138,2.5028,5.9481,1
41.543,-13,-6,1500,1478,0.02,-0.78,2.9138,2.5028,5.9481,1
41.560,-12,-6,1500,1478,0.02,-0.78,2.9138,2.5028,5.9481,1
41.577,-11,-6,1522,1500,0.02,-0.78,2.9138,2.5028,5.9481,1
41.594,-10,-6,1522,1500,0.02,-0.78,2.9138,2.5028,5.9481,1
41.611,-9,-6,1522,1500,-0.09,-0.83,2.9138,2.5028,5.9481,1
41.629,-7,-7,1522,1478,-0.09,-0.83,2.9138,2.5028,5.9481,1
41.648,-6,-7,1522,1478,-0.09,-0.83,2.9138,2.5028,5.9481,1
41.665,-6,-7,1522,1478,-0.09,-0.83,2.8078,2.8397,6.0569,1
41.683,-5,-7,1522,1500,-0.09,-0.83,2.8078,2.8397,6.0569,1
41.702,-5,-7,1500,1500,-0.09,-0.83,2.8078,2.8397,6.0569,1
41.719,-4,-7,1522,1500,-0.09,-0.83,2.8078,2.8397,6.0569,1
41.736,-3,-7,1522,1500,-0.09,-0.83,2.8078,2.8397,6.0569,1
41.753,-3,-8,1500,1478,-0.09,-0.83,2.8078,2.8397,6.0569,1
41.771,-2,-8,1522,1478,-0.09,-0.83,2.8078,2.8397,6.0569,1
41.788,-1,-8,1522,1478,-0.09,-0.83,2.8078,2.8397,6.0569,1
41.805,0,-8,1522,1478,-0.09,-0.83,2.8078,2.8397,6.0569,1
41.822,2,-8,1522,1500,-0.09,-0.83,2.8078,2.8397,6.0569,1
41.840,3,-8,1522,1500,-0.09,-0.83,2.8078,2.8397,6.0569,1
41.857,4,-9,1522,1478,-0.38,-0.97,2.8078,2.8397,6.0569,1
41.875,5,-9,1522,1478,-0.38,-0.97,2.8078,2.8397,6.0569,1
41.893,6,-9,1522,1478,-0.38,-0.97,2.8078,2.8397,6.0569,1
41.910,7,-9,1522,1478,-0.38,-0.97,2.8078,2.8397,6.0569,1
41.927,8,-9,1522,1478,-0.38,-0.97,2.9973,2.2604,7.3104,1
41.945,9,-9,1522,1478,-0.38,-0.97,2.9973,2.2604,7.3104,1
41.962,10,-9,1522,1478,-0.38,-0.97,2.9973,2.2604,7.3104,1
41.980,11,-9,1522,1478,-0.38,-0.97,2.9973,2.2604,7.3104,1
41.997,12,-10,1522,1478,-0.38,-0.97,2.9973,2.2604,7.3104,1
42.014,12,-10,1522,1478,-0.38,-0.97,2.9973,2.2604,7.3104,1
42.032,13,-10,1522,1478,-0.38,-0.97,2.9973,2.2604,7.3104,1
42.049,14,-10,1522,1478,-0.38,-0.97,2.9973,2.2604,7.3104,1
42.066,15,-10,1522,1478,-0.38,-0.97,2.9973,2.2604,7.3104,1
42.085,16,-10,1522,1478,-0.38,-0.97,2.9973,2.2604,7.3104,1
42.102,17,-10,1522,1478,-0.80,-0.43,2.9973,2.2604,7.3104,1
42.119,17,-11,1522,1478,-0.80,-0.43,2.9973,2.2604,7.3104,1
42.137,18,-11,1522,1478,-0.80,-0.43,2.9973,2.2604,7.3104,1
42.154,19,-11,1522,1478,-0.80,-0.43,2.9973,2.2604,7.3104,1
42.172,19,-11,1522,1478,-0.80,-0.43,2.7263,3.0304,5.5936,1
42.189,20,-11,1522,1478,-0.80,-0.43,2.7263,3.0304,5.5936,1
42.206,20,-11,1522,1478,-0.80,-0.43,2.7263,3.0304,5.5936,1
42.223,20,-11,1522,1478,-0.80,-0.43,2.7263,3.0304,5.5936,1
42.241,20,-11,1522,1478,-0.80,-0.43,2.7263,3.0304,5.5936,1
42.258,20,-12,1522,1478,-0.80,-0.43,2.7263,3.0304,5.5936,1
42.275,20,-12,1522,1478,-0.80,-0.43,2.7263,3.0304,5.5936,1
42.293,20,-12,1522,1478,-0.80,-0.43,2.7263,3.0304,5.5936,1
42.310,20,-12,1522,1478,-0.80,-0.43,2.7263,3.0304,5.5936,1
42.327,20,-12,1522,1478,-0.80,-0.43,2.7263,3.0304,5.5936,1
42.345,21,-12,1522,1478,-0.80,-0.43,2.7263,3.0304,5.5936,1
42.362,20,-12,1522,1478,-1.11,-0.39,2.7263,3.0304,5.5936,1
42.379,20,-12,1522,1478,-1.11,-0.39,2.7263,3.0304,5.5936,1
42.397,20,-12,1522,1478,-1.11,-0.39,2.7263,3.0304,5.5936,1
42.415,20,-13,1522,1478,-1.11,-0.39,2.7194,2.1553,6.6380,1
42.432,20,-13,1522,1478,-1.11,-0.39,2.7194,2.1553,6.6380,1
42.449,20,-13,1522,1478,-1.11,-0.39,2.7194,2.1553,6.6380,1
42.466,20,-13,1522,1478,-1.11,-0.39,2.7194,2.1553,6.6380,1
42.485,20,-13,1522,1478,-1.11,-0.39,2.7194,2.1553,6.6380,1
42.503,20,-14,1522,1478,-1.11,-0.39,2.7194,2.1553,6.6380,1
42.521,20,-13,1522,1500,-1.11,-0.39,2.7194,2.1553,6.6380,1
42.538,20,-13,1522,1500,-1.11,-0.39,2.7194,2.1553,6.6380,1
42.555,20,-13,1522,1478,-1.11,-0.39,2.7194,2.1553,6.6380,1
42.573,20,-13,1522,1478,-1.11,-0.39,2.7194,2.1553,6.6380,1
42.590,21,-14,1522,1478,-1.11,-0.39,2.7194,2.1553,6.6380,1
42.607,21,-14,1522,1478,-1.24,-0.33,2.7194,2.1553,6.6380,1
42.624,22,-14,1522,1478,-1.24,-0.33,2.7194,2.1553,6.6380,1
42.641,22,-14,1522,1478,-1.24,-0.33,2.7194,2.1553,6.6380,1
42.658,22,-14,1522,1478,-1.24,-0.33,2.3929,2.6845,6.3042,1
42.675,22,-14,1522,1478,-1.24,-0.33,2.3929,2.6845,6.3042,1
42.693,22,-14,1522,1478,-1.24,-0.33,2.3929,2.6845,6.3042,1
42.710,23,-14,1522,1478,-1.24,-0.33,2.3929,2.6845,6.3042,1
42.727,23,-14,1522,1478,-1.24,-0.33,2.3929,2.6845,6.3042,1
42.744,23,-14,1522,1478,-1.24,-0.33,2.3929,2.6845,6.3042,1
42.761,24,-14,1522,1478,-1.24,-0.33,2.3929,2.6845,6.3042,1
42.778,24,-14,1522,1478,-1.24,-0.33,2.3929,2.6845,6.3042,1
42.795,25,-15,1522,1478,-1.24,-0.33,2.3929,2.6845,6.3042,1
42.813,25,-15,1522,1478,-1.24,-0.33,2.3929,2.6845,6.3042,1
42.830,24,-15,1522,1478,-1.24,-0.33,2.3929,2.6845,6.3042,1
42.847,24,-15,1522,1478,-1.15,-0.28,2.3929,2.6845,6.3042,1
42.865,24,-15,1522,1478,-1.15,-0.28,2.3929,2.6845,6.3042,1
42.883,23,-15,1500,1478,-1.15,-0.28,2.3929,2.6845,6.3042,1
42.900,23,-15,1522,1478,-1.15,-0.28,2.3929,2.6845,6.3042,1
42.917,22,-15,1500,1478,-1.15,-0.28,3.2317,2.4631,7.6516,1
42.934,22,-16,1522,1478,-1.15,-0.28,3.2317,2.4631,7.6516,1
42.952,21,-16,1500,1478,-1.15,-0.28,3.2317,2.4631,7.6516,1
42.971,21,-16,1522,1478,-1.15,-0.28,3.2317,2.4631,7.6516,1
42.989,21,-16,1522,1478,-1.15,-0.28,3.2317,2.4631,7.6516,1
43.006,21,-16,1522,1478,-1.15,-0.28,3.2317,2.4631,7.6516,1
43.024,21,-16,1522,1478,-1.15,-0.28,3.2317,2.4631,7.6516,1
43.041,22,-16,1522,1478,-1.15,-0.28,3.2317,2.4631,7.6516,1
43.058,22,-16,1522,1478,-1.15,-0.28,3.2317,2.4631,7.6516,1
43.075,23,-16,1522,1478,-1.15,-0.28,3.2317,2.4631,7.6516,1
43.092,24,-16,1522,1478,-1.15,-0.28,3.2317,2.4631,7.6516,1
43.109,24,-16,1522,1478,-0.49,0.20,3.2317,2.4631,7.6516,1
43.126,25,-16,1522,1478,-0.49,0.20,3.2317,2.4631,7.6516,1
43.143,26,-16,1522,1478,-0.49,0.20,3.2317,2.4631,7.6516,1
43.161,26,-16,1522,1478,-0.49,0.20,3.2317,2.4631,7.6516,1
43.179,27,-16,1522,1478,-0.49,0.20,2.8628,3.1008,5.9635,1
43.196,28,-17,1522,1478,-0.49,0.20,2.8628,3.1008,5.9635,1
43.213,29,-17,1522,1478,-0.49,0.20,2.8628,3.1008,5.9635,1
43.230,31,-17,1522,1478,-0.49,0.20,2.8628,3.1008,5.9635,1
43.248,32,-17,1522,1478,-0.49,0.20,2.8628,3.1008,5.9635,1
43.265,32,-17,1522,1478,-0.49,0.20,2.8628,3.1008,5.9635,1
43.282,33,-17,1522,1478,-0.49,0.20,2.8628,3.1008,5.9635,1
43.299,34,-17,1522,1478,-0.49,0.20,2.8628,3.1008,5.9635,1
43.316,34,-17,1522,1478,-0.49,0.20,2.8628,3.1008,5.9635,1
43.333,35,-17,1522,1478,-0.49,0.20,2.8628,3.1008,5.9635,1
43.351,36,-17,1522,1478,-0.53,0.05,2.8628,3.1008,5.9635,1
43.369,36,-17,1522,1478,-0.53,0.05,2.8628,3.1008,5.9635,1
43.386,37,-17,1522,1478,-0.53,0.05,2.8628,3.1008,5.9635,1
43.404,38,-17,1522,1478,-0.53,0.05,2.8628,3.1008,5.9635,1
43.422,39,-17,1522,1478,-0.53,0.05,2.7560,1.8277,7.3150,1
43.439,39,-18,1522,1478,-0.53,0.05,2.7560,1.8277,7.3150,1
43.457,40,-18,1522,1478,-0.53,0.05,2.7560,1.8277,7.3150,1
43.474,40,-18,1522,1478,-0.53,0.05,2.7560,1.8277,7.3150,1
43.491,40,-18,1522,1478,-0.53,0.05,2.7560,1.8277,7.3150,1
43.509,40,-18,1522,1478,-0.53,0.05,2.7560,1.8277,7.3150,1
43.526,41,-18,1522,1478,-0.53,0.05,2.7560,1.8277,7.3150,1
43.543,41,-18,1522,1478,-0.53,0.05,2.7560,1.8277,7.3150,1
43.561,41,-18,1522,1478,-0.53,0.05,2.7560,1.8277,7.3150,1
43.579,41,-18,1522,1478,-0.53,0.05,2.7560,1.8277,7.3150,1
43.597,40,-18,1522,1478,-0.65,0.06,2.7560,1.8277,7.3150,1
43.614,40,-18,1522,1478,-0.65,0.06,2.7560,1.8277,7.3150,1
43.631,40,-18,1522,1478,-0.65,0.06,2.7560,1.8277,7.3150,1
43.649,40,-18,1522,1478,-0.65,0.06,2.7560,1.8277,7.3150,1
43.666,39,-18,1522,1478,-0.65,0.06,2.6410,1.9669,7.2047,1
43.684,39,-18,1522,1478,-0.65,0.06,2.6410,1.9669,7.2047,1
43.702,38,-18,1522,1478,-0.65,0.06,2.6410,1.9669,7.2047,1
43.719,37,-18,1522,1478,-0.65,0.06,2.6410,1.9669,7.2047,1
43.737,37,-18,1522,1478,-0.65,0.06,2.6410,1.9669,7.2047,1
43.754,36,-18,1522,1478,-0.65,0.06,2.6410,1.9669,7.2047,1
43.772,35,-18,1522,1478,-0.65,0.06,2.6410,1.9669,7.2047,1
43.789,34,-18,1500,1478,-0.65,0.06,2.6410,1.9669,7.2047,1
43.807,33,-18,1500,1478,-0.65,0.06,2.6410,1.9669,7.2047,1
43.824,32,-18,1500,1478,-0.65,0.06,2.6410,1.9669,7.2047,1
43.842,31,-18,1500,1478,-0.65,0.06,2.6410,1.9669,7.2047,1
43.859,30,-18,1500,1478,-1.12,0.52,2.6410,1.9669,7.2047,1
43.876,28,-18,1478,1478,-1.12,0.52,2.6410,1.9669,7.2047,1
43.894,27,-18,1500,1478,-1.12,0.52,2.6410,1.9669,7.2047,1
43.911,25,-18,1478,1478,-1.12,0.52,2.6410,1.9669,7.2047,1
43.928,23,-18,1478,1478,-1.12,0.52,2.8406,2.4830,6.5634,1
43.946,22,-18,1478,1478,-1.12,0.52,2.8406,2.4830,6.5634,1
43.963,20,-18,1478,1478,-1.12,0.52,2.8406,2.4830,6.5634,1
43.981,18,-18,1478,1478,-1.12,0.52,2.8406,2.4830,6.5634,1
43.998,16,-18,1478,1478,-1.12,0.52,2.8406,2.4830,6.5634,1
44.015,14,-18,1478,1478,-1.12,0.52,2.8406,2.4830,6.5634,1
44.033,11,-18,1478,1478,-1.12,0.52,2.8406,2.4830,6.5634,1
44.050,11,-18,1478,1478,-1.12,0.52,2.8406,2.4830,6.5634,1
44.067,9,-18,1478,1478,-1.12,0.52,2.8406,2.4830,6.5634,1
44.085,7,-18,1478,1478,-1.12,0.52,2.8406,2.4830,6.5634,1
44.103,5,-18,1478,1478,-1.43,1.13,2.8406,2.4830,6.5634,1
44.120,3,-18,1478,1478,-1.43,1.13,2.8406,2.4830,6.5634,1
44.139,1,-18,1478,1478,-1.43,1.13,2.8406,2.4830,6.5634,1
44.157,0,-18,1478,1478,-1.43,1.13,2.8406,2.4830,6.5634,1
44.174,-2,-18,1478,1478,-1.43,1.13,2.6779,1.9835,6.9569,1
44.191,-4,-18,1478,1478,-1.43,1.13,2.6779,1.9835,6.9569,1
44.209,-5,-18,1478,1478,-1.43,1.13,2.6779,1.9835,6.9569,1
44.227,-7,-18,1478,1478,-1.43,1.13,2.6779,1.9835,6.9569,1
44.244,-8,-18,1478,1478,-1.43,1.13,2.6779,1.9835,6.9569,1
44.261,-10,-18,1478,1478,-1.43,1.13,2.6779,1.9835,6.9569,1
44.279,-11,-18,1478,1478,-1.43,1.13,2.6779,1.9835,6.9569,1
44.296,-13,-18,1478,1478,-1.43,1.13,2.6779,1.9835,6.9569,1
44.313,-15,-17,1478,1500,-1.43,1.13,2.6779,1.9835,6.9569,1
44.330,-16,-18,1478,1478,-1.43,1.13,2.6779,1.9835,6.9569,1
44.347,-17,-18,1478,1478,-1.43,1.13,2.6779,1.9835,6.9569,1
44.364,-19,-18,1478,1478,-1.78,1.49,2.6779,1.9835,6.9569,1
44.382,-20,-17,1478,1500,-1.78,1.49,2.6779,1.9835,6.9569,1
44.400,-21,-17,1478,1478,-1.78,1.49,2.6779,1.9835,6.9569,1
44.417,-23,-17,1478,1478,-1.78,1.49,2.9117,2.3290,6.8094,1
44.436,-26,-17,1478,1478,-1.78,1.49,2.9117,2.3290,6.8094,1
44.453,-26,-17,1478,1478,-1.78,1.49,2.9117,2.3290,6.8094,1
44.471,-27,-17,1478,1478,-1.78,1.49,2.9117,2.3290,6.8094,1
44.488,-29,-17,1478,1478,-1.78,1.49,2.9117,2.3290,6.8094,1
44.505,-30,-18,1478,1478,-1.78,1.49,2.9117,2.3290,6.8094,1
44.522,-32,-17,1478,1478,-1.78,1.49,2.9117,2.3290,6.8094,1
44.540,-34,-17,1478,1478,-1.78,1.49,2.9117,2.3290,6.8094,1
44.557,-35,-17,1478,1478,-1.78,1.49,2.9117,2.3290,6.8094,1
44.574,-37,-17,1478,1478,-1.78,1.49,2.9117,2.3290,6.8094,1
44.591,-39,-17,1478,1478,-1.78,1.49,2.9117,2.3290,6.8094,1
44.608,-41,-17,1478,1478,-1.44,1.56,2.9117,2.3290,6.8094,1
44.625,-43,-17,1478,1478,-1.44,1.56,2.9117,2.3290,6.8094,1
44.644,-45,-17,1478,1478,-1.44,1.56,2.9117,2.3290,6.8094,1
44.661,-46,-17,1478,1478,-1.44,1.56,2.2756,2.9638,6.5418,1
44.678,-49,-17,1478,1478,-1.44,1.56,2.2756,2.9638,6.5418,1
44.695,-51,-17,1478,1478,-1.44,1.56,2.2756,2.9638,6.5418,1
44.712,-51,-17,1478,1478,-1.44,1.56,2.2756,2.9638,6.5418,1
44.730,-52,-17,1478,1478,-1.44,1.56,2.2756,2.9638,6.5418,1
44.747,-53,-17,1478,1478,-1.44,1.56,2.2756,2.9638,6.5418,1
44.764,-54,-17,1478,1478,-1.44,1.56,2.2756,2.9638,6.5418,1
44.781,-55,-17,1478,1478,-1.44,1.56,2.2756,2.9638,6.5418,1
44.798,-56,-17,1478,1478,-1.44,1.56,2.2756,2.9638,6.5418,1
44.815,-56,-16,1478,1500,-1.44,1.56,2.2756,2.9638,6.5418,1
44.833,-57,-16,1478,1500,-1.44,1.56,2.2756,2.9638,6.5418,1
44.851,-57,-16,1478,1478,-1.35,1.41,2.2756,2.9638,6.5418,1
44.868,-57,-16,1478,1478,-1.35,1.41,2.2756,2.9638,6.5418,1
44.885,-58,-16,1478,1478,-1.35,1.41,2.2756,2.9638,6.5418,1
44.902,-58,-16,1478,1478,-1.35,1.41,2.2756,2.9638,6.5418,1
44.919,-58,-17,1478,1478,-1.35,1.41,3.0403,2.5873,9.1197,1
44.937,-58,-16,1478,1500,-1.35,1.41,3.0403,2.5873,9.1197,1
44.954,-58,-16,1478,1478,-1.35,1.41,3.0403,2.5873,9.1197,1
44.971,-58,-16,1478,1478,-1.35,1.41,3.0403,2.5873,9.1197,1
44.988,-58,-16,1478,1478,-1.35,1.41,3.0403,2.5873,9.1197,1
45.006,-58,-16,1478,1478,-1.35,1.41,3.0403,2.5873,9.1197,1
45.023,-57,-16,1478,1478,-1.35,1.41,3.0403,2.5873,9.1197,1
45.041,-56,-16,1478,1478,-1.35,1.41,3.0403,2.5873,9.1197,1
45.058,-56,-16,1478,1478,-1.35,1.41,3.0403,2.5873,9.1197,1
45.076,-55,-16,1478,1478,-1.35,1.41,3.0403,2.5873,9.1197,1
45.093,-55,-16,1478,1478,-1.35,1.41,3.0403,2.5873,9.1197,1
45.110,-54,-16,1478,1478,-1.14,1.65,3.0403,2.5873,9.1197,1
45.128,-53,-16,1478,1478,-1.14,1.65,3.0403,2.5873,9.1197,1
45.145,-52,-16,1478,1478,-1.14,1.65,3.0403,2.5873,9.1197,1
45.162,-52,-16,1478,1478,-1.14,1.65,2.8017,2.4046,7.8465,1
45.180,-51,-16,1478,1478,-1.14,1.65,2.8017,2.4046,7.8465,1
45.197,-50,-16,1478,1478,-1.14,1.65,2.8017,2.4046,7.8465,1
45.214,-50,-16,1478,1478,-1.14,1.65,2.8017,2.4046,7.8465,1
45.232,-49,-16,1478,1478,-1.14,1.65,2.8017,2.4046,7.8465,1
45.249,-48,-16,1478,1478,-1.14,1.65,2.8017,2.4046,7.8465,1
45.267,-47,-15,1478,1500,-1.14,1.65,2.8017,2.4046,7.8465,1
45.285,-46,-15,1478,1500,-1.14,1.65,2.8017,2.4046,7.8465,1
45.302,-44,-15,1500,1478,-1.14,1.65,2.8017,2.4046,7.8465,1
45.319,-41,-15,1522,1478,-1.14,1.65,2.8017,2.4046,7.8465,1
45.336,-40,-15,1500,1478,-1.14,1.65,2.8017,2.4046,7.8465,1
45.353,-38,-15,1522,1478,-0.52,1.52,2.8017,2.4046,7.8465,1
45.371,-37,-15,1500,1478,-0.52,1.52,2.8017,2.4046,7.8465,1
45.388,-36,-15,1500,1478,-0.52,1.52,2.8017,2.4046,7.8465,1
45.405,-34,-15,1522,1478,-0.52,1.52,2.8017,2.4046,7.8465,1
45.423,-33,-15,1500,1478,-0.52,1.52,2.5516,2.3968,6.1871,1
45.440,-33,-15,1478,1478,-0.52,1.52,2.5516,2.3968,6.1871,1
45.457,-32,-15,1500,1478,-0.52,1.52,2.5516,2.3968,6.1871,1
45.474,-31,-15,1500,1478,-0.52,1.52,2.5516,2.3968,6.1871,1
45.492,-30,-15,1500,1478,-0.52,1.52,2.5516,2.3968,6.1871,1
45.510,-29,-15,1500,1478,-0.52,1.52,2.5516,2.3968,6.1871,1
45.527,-29,-15,1478,1478,-0.52,1.52,2.5516,2.3968,6.1871,1
45.544,-28,-15,1500,1478,-0.52,1.52,2.5516,2.3968,6.1871,1
45.561,-28,-14,1478,1500,-0.52,1.52,2.5516,2.3968,6.1871,1
45.578,-28,-14,1478,1500,-0.52,1.52,2.5516,2.3968,6.1871,1
45.595,-28,-14,1478,1478,-0.21,1.05,2.5516,2.3968,6.1871,1
45.613,-28,-14,1478,1478,-0.21,1.05,2.5516,2.3968,6.1871,1
45.630,-28,-14,1478,1478,-0.21,1.05,2.5516,2.3968,6.1871,1
45.647,-27,-14,1478,1478,-0.21,1.05,2.5516,2.3968,6.1871,1
45.664,-27,-14,1478,1478,-0.21,1.05,2.5913,2.0202,5.5147,1
45.681,-27,-14,1478,1478,-0.21,1.05,2.5913,2.0202,5.5147,1
45.698,-28,-14,1478,1478,-0.21,1.05,2.5913,2.0202,5.5147,1
45.716,-28,-14,1478,1478,-0.21,1.05,2.5913,2.0202,5.5147,1
45.734,-28,-14,1478,1478,-0.21,1.05,2.5913,2.0202,5.5147,1
45.751,-29,-14,1478,1478,-0.21,1.05,2.5913,2.0202,5.5147,1
45.769,-30,-14,1478,1478,-0.21,1.05,2.5913,2.0202,5.5147,1
45.786,-31,-14,1478,1478,-0.21,1.05,2.5913,2.0202,5.5147,1
45.803,-31,-14,1478,1478,-0.21,1.05,2.5913,2.0202,5.5147,1
45.821,-32,-14,1478,1478,-0.21,1.05,2.5913,2.0202,5.5147,1
45.838,-33,-13,1478,1500,-0.21,1.05,2.5913,2.0202,5.5147,1
45.856,-35,-13,1478,1500,-0.20,1.08,2.5913,2.0202,5.5147,1
45.875,-36,-13,1478,1478,-0.20,1.08,2.5913,2.0202,5.5147,1
45.893,-38,-13,1478,1478,-0.20,1.08,2.5913,2.0202,5.5147,1
45.910,-39,-13,1478,1478,-0.20,1.08,3.1168,2.0902,6.3815,1
45.927,-41,-13,1478,1478,-0.20,1.08,3.1168,2.0902,6.3815,1
45.944,-42,-13,1478,1478,-0.20,1.08,3.1168,2.0902,6.3815,1
45.962,-44,-12,1478,1500,-0.20,1.08,3.1168,2.0902,6.3815,1
45.979,-44,-12,1478,1500,-0.20,1.08,3.1168,2.0902,6.3815,1
45.997,-45,-12,1478,1500,-0.20,1.08,3.1168,2.0902,6.3815,1
46.014,-46,-12,1478,1478,-0.20,1.08,3.1168,2.0902,6.3815,1
46.031,-46,-12,1478,1478,-0.20,1.08,3.1168,2.0902,6.3815,1
46.048,-47,-12,1478,1478,-0.20,1.08,3.1168,2.0902,6.3815,1
46.065,-47,-12,1478,1478,-0.20,1.08,3.1168,2.0902,6.3815,1
46.083,-47,-12,1478,1478,-0.20,1.08,3.1168,2.0902,6.3815,1
46.100,-48,-12,1478,1478,-0.41,0.82,3.1168,2.0902,6.3815,1
46.119,-48,-12,1478,1478,-0.41,0.82,3.1168,2.0902,6.3815,1
46.136,-48,-11,1478,1500,-0.41,0.82,3.1168,2.0902,6.3815,1
46.153,-48,-11,1478,1500,-0.41,0.82,3.1168,2.0902,6.3815,1
46.170,-48,-11,1478,1500,-0.41,0.82,2.7784,2.9098,7.8887,1
46.188,-49,-11,1478,1478,-0.41,0.82,2.7784,2.9098,7.8887,1
46.205,-49,-12,1478,1478,-0.41,0.82,2.7784,2.9098,7.8887,1
46.223,-50,-11,1478,1500,-0.41,0.82,2.7784,2.9098,7.8887,1
46.240,-51,-11,1478,1500,-0.41,0.82,2.7784,2.9098,7.8887,1
46.258,-52,-11,1478,1478,-0.41,0.82,2.7784,2.9098,7.8887,1
46.275,-53,-11,1478,1478,-0.41,0.82,2.7784,2.9098,7.8887,1
46.292,-54,-10,1478,1500,-0.41,0.82,2.7784,2.9098,7.8887,1
46.311,-56,-10,1478,1500,-0.41,0.82,2.7784,2.9098,7.8887,1
46.328,-57,-10,1478,1500,-0.41,0.82,2.7784,2.9098,7.8887,1
46.345,-59,-10,1478,1500,-0.48,1.01,2.7784,2.9098,7.8887,1
46.362,-60,-10,1478,1478,-0.48,1.01,2.7784,2.9098,7.8887,1
46.379,-62,-10,1478,1478,-0.48,1.01,2.7784,2.9098,7.8887,0
46.397,-64,-10,1477,1478,-0.48,1.01,2.7784,2.9098,7.8887,0
46.415,-67,-9,1474,1500,-0.48,1.01,2.4610,3.0800,8.1657,0
46.433,-69,-9,1474,1500,-0.48,1.01,2.4610,3.0800,8.1657,0
46.450,-70,-9,1477,1478,-0.48,1.01,2.4610,3.0800,8.1657,0
46.467,-72,-9,1476,1478,-0.48,1.01,2.4610,3.0800,8.1657,0
46.485,-74,-9,1475,1478,-0.48,1.01,2.4610,3.0800,8.1657,0
46.502,-75,-9,1477,1478,-0.48,1.01,2.4610,3.0800,8.1657,0
46.520,-75,-9,1478,1478,-0.48,1.01,2.4610,3.0800,8.1657,0
46.537,-76,-9,1478,1478,-0.48,1.01,2.4610,3.0800,8.1657,0
46.554,-77,-9,1478,1478,-0.48,1.01,2.4610,3.0800,8.1657,0
46.571,-77,-8,1478,1522,-0.48,1.01,2.4610,3.0800,8.1657,0
46.589,-77,-8,1478,1500,-0.48,1.01,2.4610,3.0800,8.1657,0
46.607,-77,-8,1478,1478,-0.68,1.16,2.4610,3.0800,8.1657,0
46.625,-77,-8,1478,1478,-0.68,1.16,2.4610,3.0800,8.1657,0
46.642,-77,-8,1478,1478,-0.68,1.16,2.4610,3.0800,8.1657,0
46.660,-76,-8,1478,1478,-0.68,1.16,2.4610,3.0800,8.1657,0
46.677,-76,-8,1478,1478,-0.68,1.16,2.6105,2.9602,8.3335,0
46.694,-76,-8,1478,1478,-0.68,1.16,2.6105,2.9602,8.3335,0
46.712,-76,-8,1478,1478,-0.68,1.16,2.6105,2.9602,8.3335,0
46.730,-77,-8,1478,1478,-0.68,1.16,2.6105,2.9602,8.3335,0
46.747,-77,-8,1478,1478,-0.68,1.16,2.6105,2.9602,8.3335,0
46.764,-77,-8,1478,1478,-0.68,1.16,2.6105,2.9602,8.3335,0
46.781,-77,-7,1478,1522,-0.68,1.16,2.6105,2.9602,8.3335,0
46.799,-77,-8,1478,1478,-0.68,1.16,2.6105,2.9602,8.3335,0
46.816,-78,-7,1478,1500,-0.68,1.16,2.6105,2.9602,8.3335,0
46.833,-78,-8,1478,1478,-0.68,1.16,2.6105,2.9602,8.3335,0
46.851,-78,-8,1478,1478,-0.49,1.38,2.6105,2.9602,8.3335,0
46.868,-77,-7,1478,1500,-0.49,1.38,2.6105,2.9602,8.3335,0
46.885,-77,-7,1478,1500,-0.49,1.38,2.6105,2.9602,8.3335,0
46.903,-76,-7,1478,1500,-0.49,1.38,2.6105,2.9602,8.3335,0
46.920,-76,-7,1478,1478,-0.49,1.38,2.3450,3.0476,7.9455,0
46.937,-75,-7,1478,1478,-0.49,1.38,2.3450,3.0476,7.9455,0
46.954,-75,-7,1478,1478,-0.49,1.38,2.3450,3.0476,7.9455,0
46.971,-74,-7,1478,1478,-0.49,1.38,2.3450,3.0476,7.9455,0
46.988,-73,-7,1478,1478,-0.49,1.38,2.3450,3.0476,7.9455,0
47.005,-72,-7,1478,1478,-0.49,1.38,2.3450,3.0476,7.9455,0
47.022,-71,-7,1478,1478,-0.49,1.38,2.3450,3.0476,7.9455,0
47.040,-70,-7,1478,1478,-0.49,1.38,2.3450,3.0476,7.9455,0
47.057,-69,-7,1478,1478,-0.49,1.38,2.3450,3.0476,7.9455,0
47.075,-68,-7,1478,1478,-0.49,1.38,2.3450,3.0476,7.9455,0
47.092,-66,-7,1478,1478,-0.49,1.38,2.3450,3.0476,7.9455,0
47.109,-65,-7,1478,1478,-0.50,1.71,2.3450,3.0476,7.9455,0
47.126,-63,-7,1478,1478,-0.50,1.71,2.3450,3.0476,7.9455,0
47.144,-61,-7,1478,1478,-0.50,1.71,2.3450,3.0476,7.9455,0
47.161,-59,-7,1500,1500,-0.50,1.71,1.2429,3.2357,5.3841,1
47.179,-57,-7,1500,1500,-0.50,1.71,1.2429,3.2357,5.3841,1
47.197,-56,-6,1478,1500,-0.50,1.71,1.2429,3.2357,5.3841,1
47.215,-53,-6,1500,1500,-0.50,1.71,1.2429,3.2357,5.3841,1
47.232,-52,-6,1500,1500,-0.50,1.71,1.2429,3.2357,5.3841,1
47.249,-50,-6,1500,1500,-0.50,1.71,1.2429,3.2357,5.3841,1
47.267,-48,-6,1500,1500,-0.50,1.71,1.2429,3.2357,5.3841,1
47.284,-46,-6,1500,1500,-0.50,1.71,1.2429,3.2357,5.3841,1
47.302,-44,-6,1522,1500,-0.50,1.71,1.2429,3.2357,5.3841,1
47.319,-41,-6,1522,1500,-0.50,1.71,1.2429,3.2357,5.3841,1
47.336,-40,-6,1522,1500,-0.50,1.71,1.2429,3.2357,5.3841,1
47.353,-38,-6,1522,1500,-0.96,2.40,1.2429,3.2357,5.3841,1
47.370,-36,-6,1522,1500,-0.96,2.40,1.2429,3.2357,5.3841,1
47.388,-34,-6,1522,1500,-0.96,2.40,1.2429,3.2357,5.3841,1
47.405,-30,-6,1522,1500,-0.96,2.40,1.2429,3.2357,5.3841,1
47.427,-28,-6,1522,1500,-0.96,2.40,1.2429,3.2357,5.3841,1
47.445,-26,-6,1522,1500,-0.96,2.40,1.2429,3.2357,5.3841,1
47.462,-23,-7,1522,1478,-0.96,2.40,1.2429,3.2357,5.3841,1
47.480,-21,-6,1522,1500,-0.96,2.40,1.2429,3.2357,5.3841,1
47.497,-19,-6,1522,1500,-0.96,2.40,1.2429,3.2357,5.3841,1
47.515,-17,-6,1522,1500,-0.96,2.40,1.2429,3.2357,5.3841,1
47.534,-15,-6,1522,1500,-0.96,2.40,1.2429,3.2357,5.3841,1
47.554,-11,-6,1522,1500,-0.96,2.40,1.2429,3.2357,5.3841,1
47.571,-9,-6,1522,1500,-0.96,2.40,1.2429,3.2357,5.3841,1
47.588,-7,-7,1522,1478,-0.96,2.40,1.2429,3.2357,5.3841,1
47.605,-6,-6,1522,1500,-1.05,2.23,1.2429,3.2357,5.3841,1
47.623,-4,-6,1522,1500,-1.05,2.23,1.2429,3.2357,5.3841,1
47.640,-2,-6,1522,1500,-1.05,2.23,1.2429,3.2357,5.3841,1
47.657,0,-7,1522,1478,-1.05,2.23,1.2429,3.2357,5.3841,1
47.675,3,-7,1522,1478,-1.05,2.23,1.2429,3.2357,5.3841,1
47.692,4,-6,1522,1500,-1.05,2.23,1.2429,3.2357,5.3841,1
47.709,6,-7,1522,1478,-1.05,2.23,1.2429,3.2357,5.3841,1
47.727,8,-6,1522,1500,-1.05,2.23,1.2429,3.2357,5.3841,1
47.744,9,-6,1522,1500,-1.05,2.23,1.2429,3.2357,5.3841,1
47.762,11,-6,1522,1500,-1.05,2.23,1.2429,3.2357,5.3841,1
47.779,13,-6,1522,1500,-1.05,2.23,1.2429,3.2357,5.3841,1
47.796,14,-6,1522,1500,-1.05,2.23,1.2429,3.2357,5.3841,1
47.813,15,-7,1522,1478,-1.05,2.23,1.2429,3.2357,5.3841,1
47.830,16,-7,1522,1478,-1.05,2.23,1.2429,3.2357,5.3841,1
47.847,16,-6,1522,1500,-1.05,2.23,1.2429,3.2357,5.3841,1
47.865,17,-7,1522,1478,-1.05,2.23,1.2429,3.2357,5.3841,1
47.882,17,-7,1522,1478,-1.05,2.23,1.2429,3.2357,5.3841,1
47.900,17,-7,1522,1478,-1.05,2.23,2.3940,2.3341,5.9389,1
47.917,18,-7,1522,1500,-1.51,1.71,2.3940,2.3341,5.9389,1
47.936,18,-7,1522,1500,-1.51,1.71,2.3940,2.3341,5.9389,1
47.953,18,-7,1522,1500,-1.51,1.71,2.3940,2.3341,5.9389,1
47.971,18,-7,1522,1500,-1.51,1.71,2.3940,2.3341,5.9389,1
47.989,17,-7,1500,1500,-1.51,1.71,2.3940,2.3341,5.9389,1
48.006,16,-7,1500,1500,-1.51,1.71,2.3940,2.3341,5.9389,1
48.024,15,-7,1478,1500,-1.51,1.71,2.3940,2.3341,5.9389,1
48.042,13,-7,1478,1500,-1.51,1.71,2.3940,2.3341,5.9389,1
48.059,12,-7,1478,1500,-1.51,1.71,2.3940,2.3341,5.9389,1
48.076,10,-7,1478,1500,-1.51,1.71,2.3940,2.3341,5.9389,1
48.094,8,-7,1478,1500,-1.95,1.29,2.3940,2.3341,5.9389,1
48.112,5,-7,1478,1500,-1.95,1.29,2.3940,2.3341,5.9389,1
48.129,4,-7,1478,1500,-1.95,1.29,2.3940,2.3341,5.9389,1
48.146,3,-7,1478,1500,-1.95,1.29,2.3940,2.3341,5.9389,1
48.165,1,-7,1478,1500,-1.95,1.29,2.3940,2.3341,5.9389,1
48.183,0,-7,1478,1500,-1.95,1.29,2.3940,2.3341,5.9389,1
48.201,-1,-7,1478,1500,-1.95,1.29,2.3940,2.3341,5.9389,1
48.219,-2,-7,1478,1500,-1.95,1.29,2.3940,2.3341,5.9389,1
48.236,-2,-7,1478,1500,-1.95,1.29,2.3940,2.3341,5.9389,1
48.253,-3,-7,1478,1500,-1.95,1.29,2.3940,2.3341,5.9389,1
48.270,-5,-7,1478,1500,-1.95,1.29,2.3940,2.3341,5.9389,1
48.288,-5,-8,1478,1478,-1.95,1.29,2.3940,2.3341,5.9389,1
48.306,-5,-7,1478,1500,-1.95,1.29,2.3940,2.3341,5.9389,1
48.323,-6,-7,1478,1500,-1.95,1.29,2.3940,2.3341,5.9389,1
48.340,-6,-8,1478,1478,-1.95,1.29,2.3940,2.3341,5.9389,1
48.357,-6,-7,1478,1500,-1.95,1.29,2.3940,2.3341,5.9389,1
48.374,-5,-7,1500,1500,-1.95,1.29,2.3940,2.3341,5.9389,1
48.391,-5,-7,1500,1500,-1.95,1.29,2.3940,2.3341,5.9389,1
48.408,-5,-7,1500,1500,-1.95,1.29,2.5697,2.0474,6.3215,1
48.425,-5,-7,1500,1500,-2.34,1.18,2.5697,2.0474,6.3215,1
48.442,-5,-7,1500,1500,-2.34,1.18,2.5697,2.0474,6.3215,1
48.460,-4,-7,1522,1500,-2.34,1.18,2.5697,2.0474,6.3215,1
48.477,-4,-7,1500,1500,-2.34,1.18,2.5697,2.0474,6.3215,1
48.494,-4,-7,1500,1500,-2.34,1.18,2.5697,2.0474,6.3215,1
48.511,-3,-7,1522,1500,-2.34,1.18,2.5697,2.0474,6.3215,1
48.528,-3,-7,1500,1500,-2.34,1.18,2.5697,2.0474,6.3215,1
48.546,-3,-7,1500,1500,-2.34,1.18,2.5697,2.0474,6.3215,1
48.563,-2,-7,1522,1500,-2.34,1.18,2.5697,2.0474,6.3215,1
48.580,-2,-7,1500,1500,-2.34,1.18,2.5697,2.0474,6.3215,1
48.597,-2,-7,1500,1500,-1.82,1.21,2.5697,2.0474,6.3215,1
48.615,-2,-7,1500,1500,-1.82,1.21,2.5697,2.0474,6.3215,1
48.633,-2,-7,1500,1500,-1.82,1.21,2.5697,2.0474,6.3215,1
48.650,-2,-7,1500,1500,-1.82,1.21,2.5697,2.0474,6.3215,1
48.667,-2,-7,1500,1500,-1.82,1.21,2.5697,2.0474,6.3215,1
48.684,-2,-7,1500,1500,-1.82,1.21,2.5697,2.0474,6.3215,1
48.703,-3,-7,1478,1500,-1.82,1.21,2.5697,2.0474,6.3215,1
48.720,-3,-7,1478,1500,-1.82,1.21,2.5697,2.0474,6.3215,1
48.737,-5,-7,1478,1500,-1.82,1.21,2.5697,2.0474,6.3215,1
48.755,-5,-7,1478,1500,-1.82,1.21,2.5697,2.0474,6.3215,1
48.773,-5,-7,1478,1500,-1.82,1.21,2.5697,2.0474,6.3215,1
48.790,-6,-7,1478,1500,-1.82,1.21,2.5697,2.0474,6.3215,1
48.807,-6,-7,1478,1500,-1.82,1.21,2.5697,2.0474,6.3215,1
48.824,-6,-7,1478,1500,-1.82,1.21,2.5697,2.0474,6.3215,1
48.841,-6,-7,1500,1500,-1.94,1.96,2.5697,2.0474,6.3215,1
48.858,-7,-6,1478,1500,-1.94,1.96,2.5697,2.0474,6.3215,1
48.876,-7,-7,1478,1478,-1.94,1.96,2.5697,2.0474,6.3215,1
48.893,-7,-7,1478,1478,-1.94,1.96,2.5697,2.0474,6.3215,1
48.910,-8,-6,1478,1500,-1.94,1.96,2.9798,2.8381,8.9008,1
48.927,-8,-6,1478,1500,-1.94,1.96,2.9798,2.8381,8.9008,1
48.945,-9,-6,1478,1500,-1.94,1.96,2.9798,2.8381,8.9008,1
48.963,-9,-6,1478,1500,-1.94,1.96,2.9798,2.8381,8.9008,1
48.980,-10,-6,1478,1500,-1.94,1.96,2.9798,2.8381,8.9008,1
48.997,-10,-6,1478,1500,-1.94,1.96,2.9798,2.8381,8.9008,1
49.016,-10,-5,1478,1500,-1.94,1.96,2.9798,2.8381,8.9008,1
49.035,-11,-5,1478,1500,-1.94,1.96,2.9798,2.8381,8.9008,1
49.052,-11,-5,1478,1500,-1.94,1.96,2.9798,2.8381,8.9008,1
49.069,-11,-5,1478,1500,-1.94,1.96,2.9798,2.8381,8.9008,1
49.087,-12,-5,1478,1500,-1.94,1.96,2.9798,2.8381,8.9008,1
49.104,-12,-5,1478,1500,-1.65,1.71,2.9798,2.8381,8.9008,1
49.123,-12,-5,1478,1500,-1.65,1.71,2.9798,2.8381,8.9008,1
49.140,-13,-5,1478,1500,-1.65,1.71,2.9798,2.8381,8.9008,1
49.157,-13,-5,1478,1500,-1.65,1.71,3.2296,2.7285,8.6734,1
49.175,-14,-5,1478,1500,-1.65,1.71,3.2296,2.7285,8.6734,1
49.193,-15,-5,1478,1500,-1.65,1.71,3.2296,2.7285,8.6734,1
49.211,-15,-5,1478,1500,-1.65,1.71,3.2296,2.7285,8.6734,1
49.228,-15,-5,1478,1500,-1.65,1.71,3.2296,2.7285,8.6734,1
49.245,-16,-5,1478,1500,-1.65,1.71,3.2296,2.7285,8.6734,1
49.262,-16,-5,1478,1500,-1.65,1.71,3.2296,2.7285,8.6734,1
49.280,-18,-5,1478,1500,-1.65,1.71,3.2296,2.7285,8.6734,1
49.297,-18,-4,1478,1500,-1.65,1.71,3.2296,2.7285,8.6734,1
49.315,-19,-4,1478,1500,-1.65,1.71,3.2296,2.7285,8.6734,1
49.333,-20,-4,1478,1500,-1.65,1.71,3.2296,2.7285,8.6734,1
49.350,-21,-4,1478,1500,-0.80,0.56,3.2296,2.7285,8.6734,1
49.367,-21,-4,1478,1500,-0.80,0.56,3.2296,2.7285,8.6734,1
49.384,-22,-4,1478,1500,-0.80,0.56,3.2296,2.7285,8.6734,1
49.401,-23,-4,1478,1500,-0.80,0.56,3.2296,2.7285,8.6734,1
49.419,-24,-4,1478,1500,-0.80,0.56,2.9038,2.8565,7.6954,1
49.437,-25,-4,1478,1500,-0.80,0.56,2.9038,2.8565,7.6954,1
49.454,-26,-4,1478,1500,-0.80,0.56,2.9038,2.8565,7.6954,1
49.472,-27,-4,1478,1500,-0.80,0.56,2.9038,2.8565,7.6954,1
49.489,-29,-4,1478,1500,-0.80,0.56,2.9038,2.8565,7.6954,1
49.506,-30,-4,1478,1500,-0.80,0.56,2.9038,2.8565,7.6954,1
49.523,-31,-4,1478,1500,-0.80,0.56,2.9038,2.8565,7.6954,1
49.540,-32,-4,1478,1500,-0.80,0.56,2.9038,2.8565,7.6954,1
49.557,-33,-3,1478,1522,-0.80,0.56,2.9038,2.8565,7.6954,1
49.574,-34,-4,1478,1478,-0.80,0.56,2.9038,2.8565,7.6954,1
49.591,-35,-4,1478,1500,-0.80,0.45,2.9038,2.8565,7.6954,1
49.608,-37,-3,1478,1500,-0.80,0.45,2.9038,2.8565,7.6954,1
49.625,-38,-3,1478,1500,-0.80,0.45,2.9038,2.8565,7.6954,1
49.643,-38,-3,1478,1500,-0.80,0.45,2.9038,2.8565,7.6954,1
49.661,-39,-3,1478,1500,-0.80,0.45,2.5936,3.1508,7.4104,1
49.678,-40,-3,1478,1500,-0.80,0.45,2.5936,3.1508,7.4104,1
49.695,-40,-3,1478,1500,-0.80,0.45,2.5936,3.1508,7.4104,1
49.713,-41,-3,1478,1500,-0.80,0.45,2.5936,3.1508,7.4104,1
49.730,-41,-3,1478,1500,-0.80,0.45,2.5936,3.1508,7.4104,1
49.747,-42,-3,1478,1500,-0.80,0.45,2.5936,3.1508,7.4104,1
49.764,-43,-3,1478,1500,-0.80,0.45,2.5936,3.1508,7.4104,1
49.782,-44,-3,1478,1500,-0.80,0.45,2.5936,3.1508,7.4104,1
49.800,-46,-3,1478,1500,-0.80,0.45,2.5936,3.1508,7.4104,1
49.817,-47,-3,1478,1500,-0.80,0.45,2.5936,3.1508,7.4104,1
49.835,-48,-3,1478,1500,-0.80,0.45,2.5936,3.1508,7.4104,1
49.852,-50,-3,1478,1500,-0.61,0.34,2.5936,3.1508,7.4104,1
49.872,-51,-4,1478,1478,-0.61,0.34,2.5936,3.1508,7.4104,1
49.889,-52,-4,1478,1478,-0.61,0.34,2.5936,3.1508,7.4104,1
49.906,-54,-4,1478,1500,-0.61,0.34,2.5936,3.1508,7.4104,1
49.923,-55,-4,1478,1500,-0.61,0.34,1.5980,2.8782,8.0052,1
49.940,-57,-3,1478,1500,-0.61,0.34,1.5980,2.8782,8.0052,1
49.958,-59,-3,1478,1500,-0.61,0.34,1.5980,2.8782,8.0052,1
49.976,-61,-4,1478,1478,-0.61,0.34,1.5980,2.8782,8.0052,0
49.993,-62,-4,1478,1478,-0.61,0.34,1.5980,2.8782,8.0052,0
50.010,-64,-4,1478,1478,-0.61,0.34,1.5980,2.8782,8.0052,0
50.028,-66,-4,1477,1478,-0.61,0.34,1.5980,2.8782,8.0052,0
50.045,-67,-4,1478,1478,-0.61,0.34,1.5980,2.8782,8.0052,0
50.062,-68,-4,1478,1478,-0.61,0.34,1.5980,2.8782,8.0052,0
50.080,-69,-4,1478,1478,-0.61,0.34,1.5980,2.8782,8.0052,0
50.097,-70,-4,1478,1478,0.01,0.52,1.5980,2.8782,8.0052,0
50.114,-71,-4,1478,1478,0.01,0.52,1.5980,2.8782,8.0052,0
50.132,-72,-4,1478,1478,0.01,0.52,1.5980,2.8782,8.0052,0
50.148,-72,-4,1478,1478,0.01,0.52,1.5980,2.8782,8.0052,0
50.166,-74,-4,1478,1478,0.01,0.52,1.8746,3.3655,8.0173,0
50.183,-74,-5,1478,1478,0.01,0.52,1.8746,3.3655,8.0173,0
50.201,-75,-4,1478,1500,0.01,0.52,1.8746,3.3655,8.0173,0
50.219,-76,-5,1478,1478,0.01,0.52,1.8746,3.3655,8.0173,0
50.236,-77,-5,1478,1478,0.01,0.52,1.8746,3.3655,8.0173,0
50.253,-78,-5,1478,1478,0.01,0.52,1.8746,3.3655,8.0173,0
50.270,-79,-5,1478,1478,0.01,0.52,1.8746,3.3655,8.0173,0
50.287,-79,-5,1478,1478,0.01,0.52,1.8746,3.3655,8.0173,0
50.304,-80,-5,1478,1478,0.01,0.52,1.8746,3.3655,8.0173,0
50.321,-81,-5,1478,1478,0.01,0.52,1.8746,3.3655,8.0173,0
50.339,-82,-5,1478,1478,0.01,0.52,1.8746,3.3655,8.0173,0
50.356,-83,-5,1478,1478,0.92,1.10,1.8746,3.3655,8.0173,0
50.375,-84,-5,1478,1478,0.92,1.10,1.8746,3.3655,8.0173,0
50.392,-84,-6,1478,1478,0.92,1.10,1.8746,3.3655,8.0173,0
50.409,-85,-5,1478,1500,0.92,1.10,2.2644,3.0404,7.9187,0
50.426,-85,-6,1478,1478,0.92,1.10,2.2644,3.0404,7.9187,0
50.444,-86,-6,1478,1478,0.92,1.10,2.2644,3.0404,7.9187,0
50.461,-86,-6,1478,1478,0.92,1.10,2.2644,3.0404,7.9187,0
50.479,-87,-6,1478,1478,0.92,1.10,2.2644,3.0404,7.9187,0
50.496,-87,-6,1478,1478,0.92,1.10,2.2644,3.0404,7.9187,0
50.513,-88,-6,1478,1478,0.92,1.10,2.2644,3.0404,7.9187,0
50.531,-89,-6,1478,1478,0.92,1.10,2.2644,3.0404,7.9187,0
50.549,-90,-6,1477,1478,0.92,1.10,2.2644,3.0404,7.9187,0
50.567,-90,-6,1478,1478,0.92,1.10,2.2644,3.0404,7.9187,0
50.584,-91,-6,1478,1478,0.92,1.10,2.2644,3.0404,7.9187,0
50.601,-91,-6,1478,1478,1.30,1.61,2.2644,3.0404,7.9187,0
50.618,-92,-6,1478,1478,1.30,1.61,2.2644,3.0404,7.9187,0
50.635,-92,-7,1478,1478,1.30,1.61,2.2644,3.0404,7.9187,0
50.653,-92,-7,1478,1478,1.30,1.61,2.2644,3.0404,7.9187,0
50.670,-92,-7,1478,1478,1.30,1.61,3.2238,2.6102,7.5389,0
50.687,-92,-7,1478,1478,1.30,1.61,3.2238,2.6102,7.5389,0
50.705,-91,-7,1478,1478,1.30,1.61,3.2238,2.6102,7.5389,0
50.722,-91,-7,1478,1478,1.30,1.61,3.2238,2.6102,7.5389,0
50.739,-91,-7,1478,1478,1.30,1.61,3.2238,2.6102,7.5389,0
50.757,-91,-7,1478,1478,1.30,1.61,3.2238,2.6102,7.5389,0
50.774,-90,-7,1478,1478,1.30,1.61,3.2238,2.6102,7.5389,0
50.791,-90,-7,1478,1478,1.30,1.61,3.2238,2.6102,7.5389,0
50.808,-90,-8,1478,1478,1.30,1.61,3.2238,2.6102,7.5389,0
50.825,-89,-7,1478,1500,1.30,1.61,3.2238,2.6102,7.5389,0
50.842,-89,-7,1478,1500,0.80,2.05,3.2238,2.6102,7.5389,0
50.860,-89,-8,1478,1478,0.80,2.05,3.2238,2.6102,7.5389,0
50.877,-88,-8,1478,1478,0.80,2.05,3.2238,2.6102,7.5389,0
50.895,-87,-8,1478,1478,0.80,2.05,3.2238,2.6102,7.5389,0
50.912,-87,-8,1478,1478,0.80,2.05,2.9330,2.9990,7.6658,0
50.930,-86,-8,1478,1478,0.80,2.05,2.9330,2.9990,7.6658,0
50.947,-85,-8,1478,1478,0.80,2.05,2.9330,2.9990,7.6658,0
50.965,-84,-8,1478,1478,0.80,2.05,2.9330,2.9990,7.6658,0
50.982,-82,-8,1478,1478,0.80,2.05,2.9330,2.9990,7.6658,0
50.999,-81,-8,1478,1478,0.80,2.05,2.9330,2.9990,7.6658,0
51.016,-80,-8,1478,1478,0.80,2.05,2.9330,2.9990,7.6658,0
51.033,-78,-9,1478,1478,0.80,2.05,2.9330,2.9990,7.6658,0
51.050,-76,-9,1478,1478,0.80,2.05,2.9330,2.9990,7.6658,0
51.068,-74,-9,1478,1478,0.80,2.05,2.9330,2.9990,7.6658,0
51.086,-72,-9,1478,1478,0.80,2.05,2.9330,2.9990,7.6658,0
51.103,-69,-9,1500,1478,0.30,1.81,2.9330,2.9990,7.6658,0
51.120,-67,-9,1500,1478,0.30,1.81,2.9330,2.9990,7.6658,0
51.137,-64,-9,1522,1478,0.30,1.81,2.9330,2.9990,7.6658,0
51.155,-62,-10,1500,1478,0.30,1.81,2.9346,2.7252,7.4586,0
51.172,-57,-10,1522,1478,0.30,1.81,2.9346,2.7252,7.4586,1
51.190,-55,-10,1522,1478,0.30,1.81,2.9346,2.7252,7.4586,1
51.208,-53,-10,1522,1478,0.30,1.81,2.9346,2.7252,7.4586,1
51.226,-51,-10,1522,1478,0.30,1.81,2.9346,2.7252,7.4586,1
51.243,-49,-10,1522,1478,0.30,1.81,2.9346,2.7252,7.4586,1
51.260,-47,-11,1522,1478,0.30,1.81,2.9346,2.7252,7.4586,1
51.277,-46,-11,1500,1478,0.30,1.81,2.9346,2.7252,7.4586,1
51.294,-44,-11,1500,1478,0.30,1.81,2.9346,2.7252,7.4586,1
51.312,-42,-11,1522,1478,0.30,1.81,2.9346,2.7252,7.4586,1
51.329,-40,-11,1522,1478,0.30,1.81,2.9346,2.7252,7.4586,1
51.346,-38,-11,1522,1478,-0.16,1.37,2.9346,2.7252,7.4586,1
51.363,-36,-11,1522,1478,-0.16,1.37,2.9346,2.7252,7.4586,1
51.380,-34,-12,1522,1478,-0.16,1.37,2.9346,2.7252,7.4586,1
51.398,-32,-12,1522,1478,-0.16,1.37,2.9346,2.7252,7.4586,1
51.415,-31,-12,1522,1478,-0.16,1.37,3.0107,2.6055,7.6567,1
51.432,-29,-12,1522,1478,-0.16,1.37,3.0107,2.6055,7.6567,1
51.449,-27,-12,1522,1478,-0.16,1.37,3.0107,2.6055,7.6567,1
51.467,-26,-13,1522,1478,-0.16,1.37,3.0107,2.6055,7.6567,1
51.485,-25,-13,1500,1478,-0.16,1.37,3.0107,2.6055,7.6567,1
51.502,-24,-13,1500,1478,-0.16,1.37,3.0107,2.6055,7.6567,1
51.519,-23,-13,1500,1478,-0.16,1.37,3.0107,2.6055,7.6567,1
51.536,-22,-13,1500,1478,-0.16,1.37,3.0107,2.6055,7.6567,1
51.554,-22,-13,1500,1478,-0.16,1.37,3.0107,2.6055,7.6567,1
51.571,-21,-13,1500,1478,-0.16,1.37,3.0107,2.6055,7.6567,1
51.588,-21,-13,1478,1478,-0.16,1.37,3.0107,2.6055,7.6567,1
51.606,-22,-13,1478,1478,-0.69,0.90,3.0107,2.6055,7.6567,1
51.624,-22,-13,1478,1478,-0.69,0.90,3.0107,2.6055,7.6567,1
51.641,-23,-13,1478,1478,-0.69,0.90,3.0107,2.6055,7.6567,1
51.658,-23,-13,1478,1478,-0.69,0.90,2.7622,3.1784,7.8863,1
51.675,-24,-14,1478,1478,-0.69,0.90,2.7622,3.1784,7.8863,1
51.692,-24,-14,1478,1478,-0.69,0.90,2.7622,3.1784,7.8863,1
51.710,-24,-14,1478,1478,-0.69,0.90,2.7622,3.1784,7.8863,1
51.727,-25,-14,1478,1478,-0.69,0.90,2.7622,3.1784,7.8863,1
51.746,-25,-14,1478,1478,-0.69,0.90,2.7622,3.1784,7.8863,1
51.763,-25,-14,1478,1478,-0.69,0.90,2.7622,3.1784,7.8863,1
51.781,-25,-14,1478,1478,-0.69,0.90,2.7622,3.1784,7.8863,1
51.798,-24,-14,1478,1478,-0.69,0.90,2.7622,3.1784,7.8863,1
51.816,-24,-14,1478,1478,-0.69,0.90,2.7622,3.1784,7.8863,1
51.834,-23,-14,1500,1478,-0.69,0.90,2.7622,3.1784,7.8863,1
51.851,-22,-15,1500,1478,-0.73,0.58,2.7622,3.1784,7.8863,1
51.868,-21,-15,1500,1478,-0.73,0.58,2.7622,3.1784,7.8863,1
51.885,-21,-15,1500,1478,-0.73,0.58,2.7622,3.1784,7.8863,1
51.902,-19,-15,1522,1478,-0.73,0.58,2.4832,3.2778,7.6445,1
51.921,-18,-15,1522,1478,-0.73,0.58,2.4832,3.2778,7.6445,1
51.938,-17,-15,1522,1478,-0.73,0.58,2.4832,3.2778,7.6445,1
51.959,-15,-15,1522,1478,-0.73,0.58,2.4832,3.2778,7.6445,1
51.976,-14,-15,1522,1478,-0.73,0.58,2.4832,3.2778,7.6445,1
51.993,-12,-15,1522,1478,-0.73,0.58,2.4832,3.2778,7.6445,1
52.010,-11,-15,1522,1478,-0.73,0.58,2.4832,3.2778,7.6445,1
52.028,-10,-15,1522,1478,-0.73,0.58,2.4832,3.2778,7.6445,1
52.045,-8,-15,1522,1478,-0.73,0.58,2.4832,3.2778,7.6445,1
52.062,-6,-15,1522,1478,-0.73,0.58,2.4832,3.2778,7.6445,1
52.080,-5,-15,1522,1478,-0.73,0.58,2.4832,3.2778,7.6445,1
52.097,-3,-15,1522,1478,-0.13,1.05,2.4832,3.2778,7.6445,1
52.114,-1,-15,1522,1478,-0.13,1.05,2.4832,3.2778,7.6445,1
52.131,1,-15,1522,1478,-0.13,1.05,2.4832,3.2778,7.6445,1
52.149,3,-15,1522,1478,-0.13,1.05,2.4832,3.2778,7.6445,1
52.166,5,-15,1522,1478,-0.13,1.05,2.3157,3.5335,7.9061,1
52.184,7,-15,1522,1478,-0.13,1.05,2.3157,3.5335,7.9061,1
52.203,9,-15,1522,1478,-0.13,1.05,2.3157,3.5335,7.9061,1
52.220,11,-15,1522,1478,-0.13,1.05,2.3157,3.5335,7.9061,1
52.237,13,-15,1522,1478,-0.13,1.05,2.3157,3.5335,7.9061,1
52.254,15,-15,1522,1478,-0.13,1.05,2.3157,3.5335,7.9061,1
52.272,17,-15,1522,1478,-0.13,1.05,2.3157,3.5335,7.9061,1
52.289,20,-15,1522,1478,-0.13,1.05,2.3157,3.5335,7.9061,1
52.306,22,-15,1522,1478,-0.13,1.05,2.3157,3.5335,7.9061,1
52.325,24,-15,1522,1478,-0.13,1.05,2.3157,3.5335,7.9061,1
52.342,27,-15,1522,1478,0.59,1.32,2.3157,3.5335,7.9061,1
52.360,30,-15,1522,1478,0.59,1.32,2.3157,3.5335,7.9061,1
52.377,33,-15,1522,1478,0.59,1.32,2.3157,3.5335,7.9061,1
52.394,36,-15,1522,1478,0.59,1.32,2.3157,3.5335,7.9061,1
52.411,39,-15,1522,1478,0.59,1.32,2.3929,3.5285,7.7753,1
52.428,42,-15,1522,1478,0.59,1.32,2.3929,3.5285,7.7753,1
52.446,45,-15,1522,1478,0.59,1.32,2.3929,3.5285,7.7753,1
52.464,48,-15,1522,1478,0.59,1.32,2.3929,3.5285,7.7753,1
52.481,51,-15,1522,1478,0.59,1.32,2.3929,3.5285,7.7753,1
52.499,54,-15,1522,1478,0.59,1.32,2.3929,3.5285,7.7753,1
52.516,57,-15,1522,1478,0.59,1.32,2.3929,3.5285,7.7753,1
52.533,61,-15,1532,1478,0.59,1.32,2.3929,3.5285,7.7753,0
52.550,65,-15,1534,1478,0.59,1.32,2.3929,3.5285,7.7753,0
52.568,67,-14,1530,1500,0.59,1.32,2.3929,3.5285,7.7753,0
52.588,72,-15,1534,1478,0.59,1.32,2.3929,3.5285,7.7753,0
52.606,74,-14,1530,1500,1.24,1.23,2.3929,3.5285,7.7753,0
52.623,78,-15,1535,1478,1.24,1.23,2.3929,3.5285,7.7753,0
52.640,81,-14,1534,1500,1.24,1.23,2.3929,3.5285,7.7753,0
52.660,85,-14,1536,1478,1.24,1.23,2.6243,3.6221,8.2223,0
52.678,88,-14,1535,1478,1.24,1.23,2.6243,3.6221,8.2223,0
52.696,91,-14,1535,1478,1.24,1.23,2.6243,3.6221,8.2223,0
52.714,94,-14,1536,1478,1.24,1.23,2.6243,3.6221,8.2223,0
52.731,97,-14,1536,1478,1.24,1.23,2.6243,3.6221,8.2223,0
52.750,100,-14,1536,1478,1.24,1.23,2.6243,3.6221,8.2223,0
52.767,103,-14,1537,1478,1.24,1.23,2.6243,3.6221,8.2223,0
52.784,106,-14,1538,1478,1.24,1.23,2.6243,3.6221,8.2223,0
52.801,108,-14,1536,1478,1.24,1.23,2.6243,3.6221,8.2223,0
52.818,112,-14,1541,1478,1.24,1.23,2.6243,3.6221,8.2223,0
52.837,116,-13,1543,1500,1.24,1.23,2.6243,3.6221,8.2223,0
52.854,116,-13,1533,1478,2.13,1.15,2.6243,3.6221,8.2223,0
52.871,118,-13,1534,1478,2.13,1.15,2.6243,3.6221,8.2223,0
52.889,120,-13,1535,1478,2.13,1.15,2.6243,3.6221,8.2223,0
52.906,122,-13,1535,1478,2.13,1.15,2.8949,3.4736,8.1721,0
52.924,123,-13,1533,1478,2.13,1.15,2.8949,3.4736,8.1721,0
52.942,124,-13,1531,1478,2.13,1.15,2.8949,3.4736,8.1721,0
52.959,125,-13,1531,1478,2.13,1.15,2.8949,3.4736,8.1721,0
52.976,125,-13,1528,1478,2.13,1.15,2.8949,3.4736,8.1721,0
52.993,125,-13,1526,1478,2.13,1.15,2.8949,3.4736,8.1721,0
53.011,124,-12,1522,1500,2.13,1.15,2.8949,3.4736,8.1721,0
53.028,124,-12,1523,1478,2.13,1.15,2.8949,3.4736,8.1721,0
53.045,124,-12,1524,1478,2.13,1.15,2.8949,3.4736,8.1721,0
53.062,124,-12,1524,1478,2.13,1.15,2.8949,3.4736,8.1721,0
53.079,123,-12,1522,1478,2.13,1.15,2.8949,3.4736,8.1721,0
53.097,122,-12,1522,1478,1.88,1.42,2.8949,3.4736,8.1721,0
53.114,122,-12,1522,1478,1.88,1.42,2.8949,3.4736,8.1721,0
53.131,121,-12,1522,1478,1.88,1.42,2.8949,3.4736,8.1721,0
53.148,120,-12,1522,1478,1.88,1.42,2.8949,3.4736,8.1721,0
53.165,119,-12,1522,1478,1.88,1.42,2.7551,2.8745,7.8152,0
53.182,118,-12,1522,1478,1.88,1.42,2.7551,2.8745,7.8152,0
53.199,117,-12,1522,1478,1.88,1.42,2.7551,2.8745,7.8152,0
53.217,116,-12,1522,1478,1.88,1.42,2.7551,2.8745,7.8152,0
53.234,115,-12,1522,1478,1.88,1.42,2.7551,2.8745,7.8152,0
53.251,115,-12,1522,1478,1.88,1.42,2.7551,2.8745,7.8152,0
53.268,114,-12,1522,1478,1.88,1.42,2.7551,2.8745,7.8152,0
53.286,113,-12,1522,1478,1.88,1.42,2.7551,2.8745,7.8152,0
53.303,112,-12,1522,1478,1.88,1.42,2.7551,2.8745,7.8152,0
53.321,111,-12,1522,1478,1.88,1.42,2.7551,2.8745,7.8152,0
53.338,110,-12,1522,1478,1.88,1.42,2.7551,2.8745,7.8152,0
53.355,110,-12,1522,1478,0.74,1.90,2.7551,2.8745,7.8152,0
53.372,109,-12,1522,1478,0.74,1.90,2.7551,2.8745,7.8152,0
53.389,108,-11,1522,1500,0.74,1.90,2.7551,2.8745,7.8152,0
53.407,107,-11,1522,1500,0.74,1.90,1.6013,3.0292,7.5447,0
53.425,106,-11,1522,1478,0.74,1.90,1.6013,3.0292,7.5447,0
53.442,106,-11,1522,1478,0.74,1.90,1.6013,3.0292,7.5447,0
53.460,105,-11,1522,1478,0.74,1.90,1.6013,3.0292,7.5447,0
53.477,105,-11,1522,1478,0.74,1.90,1.6013,3.0292,7.5447,0
53.494,103,-11,1522,1478,0.74,1.90,1.6013,3.0292,7.5447,0
53.512,103,-11,1522,1478,0.74,1.90,1.6013,3.0292,7.5447,0
53.531,102,-11,1522,1478,0.74,1.90,1.6013,3.0292,7.5447,0
53.548,101,-11,1522,1478,0.74,1.90,1.6013,3.0292,7.5447,0
53.565,100,-11,1522,1478,0.74,1.90,1.6013,3.0292,7.5447,0
53.582,100,-11,1522,1478,0.74,1.90,1.6013,3.0292,7.5447,0
53.599,99,-11,1522,1478,0.03,1.80,1.6013,3.0292,7.5447,0
53.617,98,-11,1522,1478,0.03,1.80,1.6013,3.0292,7.5447,0
53.635,97,-11,1522,1478,0.03,1.80,1.6013,3.0292,7.5447,0
53.653,96,-11,1522,1478,0.03,1.80,1.6013,3.0292,7.5447,0
53.671,94,-11,1522,1478,0.03,1.80,1.2207,2.8058,7.3792,0
53.688,92,-11,1522,1478,0.03,1.80,1.2207,2.8058,7.3792,0
53.705,90,-12,1522,1478,0.03,1.80,1.2207,2.8058,7.3792,0
53.723,88,-11,1522,1478,0.03,1.80,1.2207,2.8058,7.3792,0
53.741,85,-12,1522,1478,0.03,1.80,1.2207,2.8058,7.3792,0
53.758,81,-12,1478,1478,0.03,1.80,1.2207,2.8058,7.3792,0
53.775,80,-12,1522,1478,0.03,1.80,1.2207,2.8058,7.3792,0
53.792,77,-12,1500,1478,0.03,1.80,1.2207,2.8058,7.3792,0
53.812,76,-12,1522,1478,0.03,1.80,1.2207,2.8058,7.3792,0
53.829,74,-12,1522,1478,0.03,1.80,1.2207,2.8058,7.3792,0
53.846,73,-12,1522,1478,-0.48,1.09,1.2207,2.8058,7.3792,0
53.863,72,-12,1522,1478,-0.48,1.09,1.2207,2.8058,7.3792,0
53.880,71,-12,1522,1478,-0.48,1.09,1.2207,2.8058,7.3792,0
53.897,70,-12,1522,1478,-0.48,1.09,1.2207,2.8058,7.3792,0
53.915,69,-12,1522,1478,-0.48,1.09,1.2359,4.0365,7.9332,0
53.933,69,-12,1522,1478,-0.48,1.09,1.2359,4.0365,7.9332,0
53.951,69,-12,1522,1478,-0.48,1.09,1.2359,4.0365,7.9332,0
53.968,68,-12,1522,1478,-0.48,1.09,1.2359,4.0365,7.9332,0
53.986,68,-12,1522,1478,-0.48,1.09,1.2359,4.0365,7.9332,0
54.005,68,-12,1522,1478,-0.48,1.09,1.2359,4.0365,7.9332,0
54.022,68,-12,1522,1478,-0.48,1.09,1.2359,4.0365,7.9332,0
54.041,69,-12,1522,1478,-0.48,1.09,1.2359,4.0365,7.9332,0
54.058,70,-12,1522,1478,-0.48,1.09,1.2359,4.0365,7.9332,0
54.077,70,-12,1522,1478,-0.48,1.09,1.2359,4.0365,7.9332,0
54.094,71,-12,1522,1478,-0.77,0.25,1.2359,4.0365,7.9332,0
54.113,72,-12,1522,1478,-0.77,0.25,1.2359,4.0365,7.9332,0
54.131,73,-12,1522,1478,-0.77,0.25,1.2359,4.0365,7.9332,0
54.148,74,-12,1522,1478,-0.77,0.25,1.2359,4.0365,7.9332,0
54.166,75,-12,1522,1478,-0.77,0.25,1.4773,3.5552,8.0743,0
54.185,76,-12,1522,1478,-0.77,0.25,1.4773,3.5552,8.0743,0
54.202,78,-12,1524,1478,-0.77,0.25,1.4773,3.5552,8.0743,0
54.219,79,-12,1523,1478,-0.77,0.25,1.4773,3.5552,8.0743,0
54.236,80,-12,1522,1478,-0.77,0.25,1.4773,3.5552,8.0743,0
54.253,81,-12,1522,1478,-0.77,0.25,1.4773,3.5552,8.0743,0
54.270,82,-12,1522,1478,-0.77,0.25,1.4773,3.5552,8.0743,0
54.288,83,-12,1522,1478,-0.77,0.25,1.4773,3.5552,8.0743,0
54.305,84,-12,1522,1478,-0.77,0.25,1.4773,3.5552,8.0743,0
54.322,85,-12,1522,1478,-0.77,0.25,1.4773,3.5552,8.0743,0
54.339,86,-12,1523,1478,-0.91,-0.19,1.4773,3.5552,8.0743,0
54.357,87,-12,1523,1478,-0.91,-0.19,1.4773,3.5552,8.0743,0
54.374,88,-12,1523,1478,-0.91,-0.19,1.4773,3.5552,8.0743,0
54.392,90,-12,1526,1478,-0.91,-0.19,1.4773,3.5552,8.0743,0
54.410,92,-12,1528,1478,-0.91,-0.19,2.8767,3.2987,7.8561,0
54.427,93,-12,1526,1478,-0.91,-0.19,2.8767,3.2987,7.8561,0
54.445,93,-12,1522,1478,-0.91,-0.19,2.8767,3.2987,7.8561,0
54.463,94,-12,1523,1478,-0.91,-0.19,2.8767,3.2987,7.8561,0
54.480,97,-12,1530,1478,-0.91,-0.19,2.8767,3.2987,7.8561,0
54.497,97,-12,1524,1478,-0.91,-0.19,2.8767,3.2987,7.8561,0
54.515,98,-13,1525,1478,-0.91,-0.19,2.8767,3.2987,7.8561,0
54.532,101,-12,1531,1478,-0.91,-0.19,2.8767,3.2987,7.8561,0
54.549,102,-12,1529,1478,-0.91,-0.19,2.8767,3.2987,7.8561,0
54.568,103,-12,1527,1478,-0.91,-0.19,2.8767,3.2987,7.8561,0
54.585,104,-12,1527,1478,-0.91,-0.19,2.8767,3.2987,7.8561,0
54.602,104,-12,1524,1478,-0.95,0.29,2.8767,3.2987,7.8561,0
54.619,104,-12,1522,1478,-0.95,0.29,2.8767,3.2987,7.8561,0
54.640,105,-12,1524,1478,-0.95,0.29,2.8767,3.2987,7.8561,0
54.657,106,-13,1525,1478,-0.95,0.29,2.5886,2.7496,7.6392,0
54.674,106,-13,1523,1478,-0.95,0.29,2.5886,2.7496,7.6392,0
54.691,107,-13,1525,1478,-0.95,0.29,2.5886,2.7496,7.6392,0
54.708,106,-13,1522,1478,-0.95,0.29,2.5886,2.7496,7.6392,0
54.725,106,-13,1522,1478,-0.95,0.29,2.5886,2.7496,7.6392,0
54.745,105,-13,1522,1478,-0.95,0.29,2.5886,2.7496,7.6392,0
54.763,106,-13,1522,1478,-0.95,0.29,2.5886,2.7496,7.6392,0
54.780,105,-13,1522,1478,-0.95,0.29,2.5886,2.7496,7.6392,0
54.797,105,-13,1522,1478,-0.95,0.29,2.5886,2.7496,7.6392,0
54.814,105,-13,1522,1478,-0.95,0.29,2.5886,2.7496,7.6392,0
54.832,104,-13,1522,1478,-0.95,0.29,2.5886,2.7496,7.6392,0
54.849,104,-13,1522,1478,-1.00,0.34,2.5886,2.7496,7.6392,0
54.867,104,-13,1522,1478,-1.00,0.34,2.5886,2.7496,7.6392,0
54.885,104,-13,1522,1478,-1.00,0.34,2.5886,2.7496,7.6392,0
54.903,103,-13,1522,1478,-1.00,0.34,2.5886,2.7496,7.6392,0
54.921,103,-13,1522,1478,-1.00,0.34,2.6734,2.8796,7.7489,0
54.938,102,-13,1522,1478,-1.00,0.34,2.6734,2.8796,7.7489,0
54.955,102,-13,1522,1478,-1.00,0.34,2.6734,2.8796,7.7489,0
54.973,102,-13,1522,1478,-1.00,0.34,2.6734,2.8796,7.7489,0
54.990,101,-13,1522,1478,-1.00,0.34,2.6734,2.8796,7.7489,0
55.007,101,-13,1522,1478,-1.00,0.34,2.6734,2.8796,7.7489,0
55.025,100,-13,1522,1478,-1.00,0.34,2.6734,2.8796,7.7489,0
55.043,99,-13,1522,1478,-1.00,0.34,2.6734,2.8796,7.7489,0
55.060,98,-13,1522,1478,-1.00,0.34,2.6734,2.8796,7.7489,0
55.078,98,-13,1522,1478,-1.00,0.34,2.6734,2.8796,7.7489,0
55.095,97,-13,1522,1478,-1.17,-0.03,2.6734,2.8796,7.7489,0
55.112,96,-13,1522,1478,-1.17,-0.03,2.6734,2.8796,7.7489,0
55.130,95,-13,1522,1478,-1.17,-0.03,2.6734,2.8796,7.7489,0
55.147,94,-13,1522,1478,-1.17,-0.03,2.6734,2.8796,7.7489,0
55.165,93,-13,1522,1478,-1.17,-0.03,2.5314,2.9808,7.5001,0
55.182,91,-13,1522,1478,-1.17,-0.03,2.5314,2.9808,7.5001,0
55.199,90,-13,1522,1478,-1.17,-0.03,2.5314,2.9808,7.5001,0
55.217,88,-13,1522,1478,-1.17,-0.03,2.5314,2.9808,7.5001,0
55.234,87,-13,1522,1478,-1.17,-0.03,2.5314,2.9808,7.5001,0
55.251,85,-13,1522,1478,-1.17,-0.03,2.5314,2.9808,7.5001,0
55.269,81,-13,1500,1478,-1.17,-0.03,2.5314,2.9808,7.5001,0
55.286,79,-13,1522,1478,-1.17,-0.03,2.5314,2.9808,7.5001,0
55.303,76,-13,1500,1478,-1.17,-0.03,2.5314,2.9808,7.5001,0
55.321,74,-13,1522,1478,-1.17,-0.03,2.5314,2.9808,7.5001,0
55.338,72,-14,1522,1478,-1.01,-0.37,2.5314,2.9808,7.5001,0
55.355,69,-14,1478,1478,-1.01,-0.37,2.5314,2.9808,7.5001,0
55.373,67,-13,1500,1500,-1.01,-0.37,2.5314,2.9808,7.5001,0
55.391,65,-13,1522,1478,-1.01,-0.37,2.5314,2.9808,7.5001,0
55.408,62,-14,1478,1478,-1.01,-0.37,1.9044,2.9244,7.8505,0
55.425,59,-14,1478,1478,-1.01,-0.37,1.9044,2.9244,7.8505,1
55.443,57,-14,1478,1478,-1.01,-0.37,1.9044,2.9244,7.8505,1
55.460,54,-14,1478,1478,-1.01,-0.37,1.9044,2.9244,7.8505,1
55.477,54,-14,1522,1478,-1.01,-0.37,1.9044,2.9244,7.8505,1
55.494,51,-14,1478,1478,-1.01,-0.37,1.9044,2.9244,7.8505,1
55.511,48,-14,1478,1478,-1.01,-0.37,1.9044,2.9244,7.8505,1
55.528,45,-14,1478,1478,-1.01,-0.37,1.9044,2.9244,7.8505,1
55.545,38,-14,1478,1478,-1.01,-0.37,1.9044,2.9244,7.8505,1
55.562,35,-14,1478,1478,-1.01,-0.37,1.9044,2.9244,7.8505,1
55.580,32,-14,1478,1478,-1.01,-0.37,1.9044,2.9244,7.8505,1
55.597,28,-14,1478,1478,-0.76,-0.04,1.9044,2.9244,7.8505,1
55.614,25,-14,1478,1478,-0.76,-0.04,1.9044,2.9244,7.8505,1
55.631,21,-14,1478,1478,-0.76,-0.04,1.9044,2.9244,7.8505,1
55.648,17,-14,1478,1478,-0.76,-0.04,1.9044,2.9244,7.8505,1
55.665,13,-14,1478,1478,-0.76,-0.04,1.3927,3.2190,7.5248,1
55.682,10,-14,1478,1478,-0.76,-0.04,1.3927,3.2190,7.5248,1
55.699,6,-14,1478,1478,-0.76,-0.04,1.3927,3.2190,7.5248,1
55.718,2,-14,1478,1478,-0.76,-0.04,1.3927,3.2190,7.5248,1
55.736,-3,-15,1478,1478,-0.76,-0.04,1.3927,3.2190,7.5248,1
55.753,-7,-14,1478,1500,-0.76,-0.04,1.3927,3.2190,7.5248,1
55.770,-11,-14,1478,1478,-0.76,-0.04,1.3927,3.2190,7.5248,1
55.789,-15,-14,1478,1478,-0.76,-0.04,1.3927,3.2190,7.5248,1
55.807,-19,-14,1478,1478,-0.76,-0.04,1.3927,3.2190,7.5248,1
55.824,-23,-14,1478,1478,-0.76,-0.04,1.3927,3.2190,7.5248,1
55.841,-27,-14,1478,1478,-0.54,0.46,1.3927,3.2190,7.5248,1
55.858,-31,-15,1478,1478,-0.54,0.46,1.3927,3.2190,7.5248,1
55.876,-35,-15,1478,1478,-0.54,0.46,1.3927,3.2190,7.5248,1
55.893,-38,-15,1478,1478,-0.54,0.46,1.3927,3.2190,7.5248,1
55.912,-42,-15,1478,1478,-0.54,0.46,1.4837,3.2048,7.6306,1
55.929,-45,-15,1478,1478,-0.54,0.46,1.4837,3.2048,7.6306,1
55.946,-48,-15,1478,1478,-0.54,0.46,1.4837,3.2048,7.6306,1
55.963,-52,-15,1478,1478,-0.54,0.46,1.4837,3.2048,7.6306,1
55.981,-55,-15,1478,1478,-0.54,0.46,1.4837,3.2048,7.6306,1
55.998,-58,-15,1478,1478,-0.54,0.46,1.4837,3.2048,7.6306,1
56.015,-60,-15,1478,1478,-0.54,0.46,1.4837,3.2048,7.6306,1
56.032,-63,-15,1472,1478,-0.54,0.46,1.4837,3.2048,7.6306,0
56.049,-65,-15,1474,1478,-0.54,0.46,1.4837,3.2048,7.6306,0
56.067,-68,-15,1472,1478,-0.54,0.46,1.4837,3.2048,7.6306,0
56.085,-70,-15,1473,1478,-0.55,0.97,1.4837,3.2048,7.6306,0
56.102,-72,-15,1474,1478,-0.55,0.97,1.4837,3.2048,7.6306,0
56.119,-75,-15,1470,1478,-0.55,0.97,1.4837,3.2048,7.6306,0
56.136,-79,-15,1466,1478,-0.55,0.97,1.4837,3.2048,7.6306,0
56.155,-81,-16,1469,1478,-0.55,0.97,1.4405,2.8933,7.6713,0
56.172,-81,-16,1477,1478,-0.55,0.97,1.4405,2.8933,7.6713,0
56.191,-83,-16,1475,1478,-0.55,0.97,1.4405,2.8933,7.6713,0
56.208,-84,-16,1476,1478,-0.55,0.97,1.4405,2.8933,7.6713,0
56.225,-86,-16,1474,1478,-0.55,0.97,1.4405,2.8933,7.6713,0
56.242,-88,-16,1472,1478,-0.55,0.97,1.4405,2.8933,7.6713,0
56.259,-89,-16,1474,1478,-0.55,0.97,1.4405,2.8933,7.6713,0
56.276,-91,-16,1472,1478,-0.55,0.97,1.4405,2.8933,7.6713,0
56.293,-92,-16,1474,1478,-0.55,0.97,1.4405,2.8933,7.6713,0
56.310,-93,-16,1475,1478,-0.55,0.97,1.4405,2.8933,7.6713,0
56.327,-95,-16,1472,1478,-0.55,0.97,1.4405,2.8933,7.6713,0
56.345,-96,-16,1474,1478,-1.11,1.17,1.4405,2.8933,7.6713,0
56.362,-97,-16,1474,1478,-1.11,1.17,1.4405,2.8933,7.6713,0
56.379,-98,-16,1475,1478,-1.11,1.17,1.4405,2.8933,7.6713,0
56.396,-99,-17,1475,1478,-1.11,1.17,1.4405,2.8933,7.6713,0
56.414,-99,-16,1478,1478,-1.11,1.17,1.6352,3.1354,7.5447,0
56.432,-100,-16,1476,1478,-1.11,1.17,1.6352,3.1354,7.5447,0
56.449,-100,-17,1478,1478,-1.11,1.17,1.6352,3.1354,7.5447,0
56.467,-101,-17,1476,1478,-1.11,1.17,1.6352,3.1354,7.5447,0
56.485,-101,-17,1478,1478,-1.11,1.17,1.6352,3.1354,7.5447,0
56.502,-101,-17,1478,1478,-1.11,1.17,1.6352,3.1354,7.5447,0
56.520,-101,-17,1478,1478,-1.11,1.17,1.6352,3.1354,7.5447,0
56.538,-101,-17,1478,1478,-1.11,1.17,1.6352,3.1354,7.5447,0
56.555,-102,-17,1477,1478,-1.11,1.17,1.6352,3.1354,7.5447,0
56.572,-102,-17,1478,1478,-1.11,1.17,1.6352,3.1354,7.5447,0
56.589,-102,-17,1478,1478,-1.37,1.21,1.6352,3.1354,7.5447,0
56.607,-102,-17,1478,1478,-1.37,1.21,1.6352,3.1354,7.5447,0
56.624,-103,-17,1477,1478,-1.37,1.21,1.6352,3.1354,7.5447,0
56.641,-103,-17,1478,1478,-1.37,1.21,1.6352,3.1354,7.5447,0
56.659,-103,-17,1478,1478,-1.37,1.21,1.6822,2.8748,7.4695,0
56.676,-103,-17,1478,1478,-1.37,1.21,1.6822,2.8748,7.4695,0
56.693,-103,-17,1478,1478,-1.37,1.21,1.6822,2.8748,7.4695,0
56.710,-103,-17,1478,1478,-1.37,1.21,1.6822,2.8748,7.4695,0
56.728,-103,-17,1478,1478,-1.37,1.21,1.6822,2.8748,7.4695,0
56.745,-102,-18,1478,1478,-1.37,1.21,1.6822,2.8748,7.4695,0
56.763,-103,-18,1478,1478,-1.37,1.21,1.6822,2.8748,7.4695,0
56.781,-102,-18,1478,1478,-1.37,1.21,1.6822,2.8748,7.4695,0
56.798,-102,-18,1478,1478,-1.37,1.21,1.6822,2.8748,7.4695,0
56.816,-102,-18,1478,1478,-1.37,1.21,1.6822,2.8748,7.4695,0
56.833,-101,-18,1478,1478,-1.37,1.21,1.6822,2.8748,7.4695,0
56.850,-100,-18,1478,1478,-1.38,1.15,1.6822,2.8748,7.4695,0
56.867,-100,-18,1478,1478,-1.38,1.15,1.6822,2.8748,7.4695,0
56.884,-100,-18,1478,1478,-1.38,1.15,1.6822,2.8748,7.4695,0
56.901,-99,-18,1478,1478,-1.38,1.15,2.8423,2.8355,7.4322,0
56.918,-98,-18,1478,1478,-1.38,1.15,2.8423,2.8355,7.4322,0
56.936,-98,-18,1478,1478,-1.38,1.15,2.8423,2.8355,7.4322,0
56.953,-98,-18,1478,1478,-1.38,1.15,2.8423,2.8355,7.4322,0
56.970,-98,-18,1478,1478,-1.38,1.15,2.8423,2.8355,7.4322,0
56.987,-97,-18,1478,1478,-1.38,1.15,2.8423,2.8355,7.4322,0
57.004,-96,-18,1478,1478,-1.38,1.15,2.8423,2.8355,7.4322,0
57.022,-96,-18,1478,1478,-1.38,1.15,2.8423,2.8355,7.4322,0
57.040,-95,-18,1478,1478,-1.38,1.15,2.8423,2.8355,7.4322,0
57.057,-94,-18,1478,1478,-1.38,1.15,2.8423,2.8355,7.4322,0
57.074,-94,-18,1478,1478,-1.38,1.15,2.8423,2.8355,7.4322,0
57.092,-93,-18,1478,1478,-1.63,1.10,2.8423,2.8355,7.4322,0
57.109,-92,-18,1478,1478,-1.63,1.10,2.8423,2.8355,7.4322,0
57.127,-91,-18,1478,1478,-1.63,1.10,2.8423,2.8355,7.4322,0
57.144,-91,-18,1478,1478,-1.63,1.10,2.8423,2.8355,7.4322,0
57.162,-90,-18,1478,1478,-1.63,1.10,2.6525,2.7791,7.5376,0
57.180,-90,-18,1478,1478,-1.63,1.10,2.6525,2.7791,7.5376,0
57.197,-90,-18,1478,1478,-1.63,1.10,2.6525,2.7791,7.5376,0
57.214,-90,-18,1478,1478,-1.63,1.10,2.6525,2.7791,7.5376,0
57.231,-91,-18,1478,1478,-1.63,1.10,2.6525,2.7791,7.5376,0
57.248,-91,-18,1478,1478,-1.63,1.10,2.6525,2.7791,7.5376,0
57.265,-92,-18,1478,1478,-1.63,1.10,2.6525,2.7791,7.5376,0
57.282,-94,-18,1474,1478,-1.63,1.10,2.6525,2.7791,7.5376,0
57.300,-95,-18,1475,1478,-1.63,1.10,2.6525,2.7791,7.5376,0
57.317,-96,-18,1475,1478,-1.63,1.10,2.6525,2.7791,7.5376,0
57.334,-98,-18,1472,1478,-1.63,1.10,2.6525,2.7791,7.5376,0
57.351,-99,-18,1473,1478,-2.28,1.40,2.6525,2.7791,7.5376,0
57.368,-101,-18,1471,1478,-2.28,1.40,2.6525,2.7791,7.5376,0
57.387,-102,-18,1473,1478,-2.28,1.40,2.6525,2.7791,7.5376,0
57.407,-104,-18,1471,1478,-2.28,1.40,2.9227,2.3666,7.5871,0
57.424,-105,-18,1472,1478,-2.28,1.40,2.9227,2.3666,7.5871,0
57.441,-106,-18,1473,1478,-2.28,1.40,2.9227,2.3666,7.5871,0
57.460,-107,-19,1473,1478,-2.28,1.40,2.9227,2.3666,7.5871,0
57.479,-108,-19,1473,1478,-2.28,1.40,2.9227,2.3666,7.5871,0
57.497,-110,-18,1470,1478,-2.28,1.40,2.9227,2.3666,7.5871,0
57.514,-111,-19,1471,1478,-2.28,1.40,2.9227,2.3666,7.5871,0
57.531,-113,-19,1468,1478,-2.28,1.40,2.9227,2.3666,7.5871,0
57.548,-115,-18,1467,1478,-2.28,1.40,2.9227,2.3666,7.5871,0
57.565,-118,-18,1463,1478,-2.28,1.40,2.9227,2.3666,7.5871,0
57.582,-119,-19,1467,1478,-2.28,1.40,2.9227,2.3666,7.5871,0
57.600,-122,-19,1462,1478,-2.51,1.58,2.9227,2.3666,7.5871,0
57.617,-124,-18,1463,1478,-2.51,1.58,2.9227,2.3666,7.5871,0
57.634,-126,-18,1463,1478,-2.51,1.58,2.9227,2.3666,7.5871,0
57.652,-128,-18,1463,1478,-2.51,1.58,3.0425,2.7359,9.9085,0
57.669,-131,-18,1460,1478,-2.51,1.58,3.0425,2.7359,9.9085,0
57.687,-132,-18,1464,1478,-2.51,1.58,3.0425,2.7359,9.9085,0
57.704,-134,-18,1463,1478,-2.51,1.58,3.0425,2.7359,9.9085,0
57.721,-136,-18,1462,1478,-2.51,1.58,3.0425,2.7359,9.9085,0
57.738,-137,-18,1464,1478,-2.51,1.58,3.0425,2.7359,9.9085,0
57.756,-139,-18,1463,1478,-2.51,1.58,3.0425,2.7359,9.9085,0
57.773,-140,-18,1464,1478,-2.51,1.58,3.0425,2.7359,9.9085,0
57.791,-140,-18,1468,1478,-2.51,1.58,3.0425,2.7359,9.9085,0
57.808,-141,-18,1467,1478,-2.51,1.58,3.0425,2.7359,9.9085,0
57.825,-142,-18,1467,1478,-2.51,1.58,3.0425,2.7359,9.9085,0
57.842,-142,-18,1469,1478,-2.76,1.68,3.0425,2.7359,9.9085,0
57.859,-142,-18,1471,1478,-2.76,1.68,3.0425,2.7359,9.9085,0
57.877,-142,-18,1471,1478,-2.76,1.68,3.0425,2.7359,9.9085,0
57.894,-142,-18,1472,1478,-2.76,1.68,3.0425,2.7359,9.9085,0
57.911,-142,-18,1472,1478,-2.76,1.68,2.4748,3.0184,7.6112,0
57.928,-142,-18,1472,1478,-2.76,1.68,2.4748,3.0184,7.6112,0
57.947,-141,-18,1475,1478,-2.76,1.68,2.4748,3.0184,7.6112,0
57.965,-141,-17,1473,1500,-2.76,1.68,2.4748,3.0184,7.6112,0
57.982,-140,-17,1476,1478,-2.76,1.68,2.4748,3.0184,7.6112,0
58.000,-140,-17,1474,1478,-2.76,1.68,2.4748,3.0184,7.6112,0
58.019,-139,-17,1476,1478,-2.76,1.68,2.4748,3.0184,7.6112,0
58.036,-139,-17,1474,1478,-2.76,1.68,2.4748,3.0184,7.6112,0
58.053,-138,-17,1477,1478,-2.76,1.68,2.4748,3.0184,7.6112,0
58.070,-138,-17,1475,1478,-2.76,1.68,2.4748,3.0184,7.6112,0
58.090,-137,-17,1476,1478,-1.91,1.91,2.4748,3.0184,7.6112,0
58.107,-137,-17,1475,1478,-1.91,1.91,2.4748,3.0184,7.6112,0
58.124,-136,-17,1477,1478,-1.91,1.91,2.4748,3.0184,7.6112,0
58.141,-136,-17,1475,1478,-1.91,1.91,2.4748,3.0184,7.6112,0
58.158,-135,-17,1477,1478,-1.91,1.91,2.4759,1.9759,7.1591,0
58.176,-134,-17,1478,1478,-1.91,1.91,2.4759,1.9759,7.1591,0
58.194,-134,-17,1476,1478,-1.91,1.91,2.4759,1.9759,7.1591,0
58.211,-134,-17,1475,1478,-1.91,1.91,2.4759,1.9759,7.1591,0
58.229,-134,-16,1474,1500,-1.91,1.91,2.4759,1.9759,7.1591,0
58.246,-133,-16,1477,1478,-1.91,1.91,2.4759,1.9759,7.1591,0
58.263,-133,-16,1475,1478,-1.91,1.91,2.4759,1.9759,7.1591,0
58.281,-133,-16,1475,1478,-1.91,1.91,2.4759,1.9759,7.1591,0
58.298,-133,-16,1474,1478,-1.91,1.91,2.4759,1.9759,7.1591,0
58.316,-133,-16,1474,1478,-1.91,1.91,2.4759,1.9759,7.1591,0
58.333,-133,-16,1474,1478,-0.95,1.46,2.4759,1.9759,7.1591,0
58.351,-133,-16,1474,1478,-0.95,1.46,2.4759,1.9759,7.1591,0
58.369,-133,-16,1474,1478,-0.95,1.46,2.4759,1.9759,7.1591,0
58.387,-133,-16,1474,1478,-0.95,1.46,2.4759,1.9759,7.1591,0
58.404,-133,-16,1474,1478,-0.95,1.46,2.3924,1.8268,7.6026,0
58.421,-133,-16,1474,1478,-0.95,1.46,2.3924,1.8268,7.6026,0
58.438,-132,-16,1477,1478,-0.95,1.46,2.3924,1.8268,7.6026,0
58.455,-133,-15,1472,1500,-0.95,1.46,2.3924,1.8268,7.6026,0
58.473,-132,-15,1476,1478,-0.95,1.46,2.3924,1.8268,7.6026,0
58.491,-132,-15,1475,1478,-0.95,1.46,2.3924,1.8268,7.6026,0
58.509,-132,-15,1475,1478,-0.95,1.46,2.3924,1.8268,7.6026,0
58.526,-133,-15,1471,1478,-0.95,1.46,2.3924,1.8268,7.6026,0
58.543,-133,-15,1472,1478,-0.95,1.46,2.3924,1.8268,7.6026,0
58.560,-133,-15,1473,1478,-0.95,1.46,2.3924,1.8268,7.6026,0
58.577,-133,-15,1473,1478,-0.95,1.46,2.3924,1.8268,7.6026,0
58.594,-132,-15,1477,1478,-0.20,0.99,2.3924,1.8268,7.6026,0
58.611,-132,-15,1475,1478,-0.20,0.99,2.3924,1.8268,7.6026,0
58.629,-133,-14,1472,1500,-0.20,0.99,2.3924,1.8268,7.6026,0
58.646,-133,-14,1473,1478,-0.20,0.99,2.3924,1.8268,7.6026,0
58.664,-133,-14,1473,1478,-0.20,0.99,2.6112,1.6744,7.6749,0
58.681,-133,-14,1474,1478,-0.20,0.99,2.6112,1.6744,7.6749,0
58.698,-134,-14,1471,1478,-0.20,0.99,2.6112,1.6744,7.6749,0
58.715,-134,-14,1472,1478,-0.20,0.99,2.6112,1.6744,7.6749,0
58.732,-134,-14,1473,1478,-0.20,0.99,2.6112,1.6744,7.6749,0
58.749,-134,-14,1473,1478,-0.20,0.99,2.6112,1.6744,7.6749,0
58.767,-135,-14,1470,1478,-0.20,0.99,2.6112,1.6744,7.6749,0
58.784,-134,-14,1475,1478,-0.20,0.99,2.6112,1.6744,7.6749,0
58.801,-134,-13,1474,1500,-0.20,0.99,2.6112,1.6744,7.6749,0
58.819,-135,-13,1471,1478,-0.20,0.99,2.6112,1.6744,7.6749,0
58.836,-134,-13,1475,1478,0.05,1.35,2.6112,1.6744,7.6749,0
58.854,-135,-13,1471,1478,0.05,1.35,2.6112,1.6744,7.6749,0
58.871,-135,-13,1472,1478,0.05,1.35,2.6112,1.6744,7.6749,0
58.889,-135,-13,1473,1478,0.05,1.35,2.6112,1.6744,7.6749,0
58.906,-135,-13,1473,1478,0.05,1.35,2.6148,3.0049,6.9629,0
58.923,-135,-13,1473,1478,0.05,1.35,2.6148,3.0049,6.9629,0
58.940,-135,-13,1473,1478,0.05,1.35,2.6148,3.0049,6.9629,0
58.958,-135,-13,1473,1478,0.05,1.35,2.6148,3.0049,6.9629,0
58.975,-135,-13,1473,1478,0.05,1.35,2.6148,3.0049,6.9629,0
58.992,-135,-13,1473,1478,0.05,1.35,2.6148,3.0049,6.9629,0
59.010,-135,-13,1473,1478,0.05,1.35,2.6148,3.0049,6.9629,0
59.027,-135,-12,1473,1500,0.05,1.35,2.6148,3.0049,6.9629,0
59.046,-135,-12,1473,1478,0.05,1.35,2.6148,3.0049,6.9629,0
59.063,-135,-12,1473,1478,0.05,1.35,2.6148,3.0049,6.9629,0
59.080,-135,-12,1473,1478,0.05,1.35,2.6148,3.0049,6.9629,0
59.097,-134,-12,1477,1478,-0.26,1.33,2.6148,3.0049,6.9629,0
59.114,-134,-12,1475,1478,-0.26,1.33,2.6148,3.0049,6.9629,0
59.131,-134,-12,1474,1478,-0.26,1.33,2.6148,3.0049,6.9629,0
59.148,-133,-12,1477,1478,-0.26,1.33,2.6148,3.0049,6.9629,0
59.166,-133,-12,1475,1478,-0.26,1.33,2.3569,3.1800,6.6170,0
59.183,-132,-12,1478,1478,-0.26,1.33,2.3569,3.1800,6.6170,0
59.200,-132,-12,1476,1478,-0.26,1.33,2.3569,3.1800,6.6170,0
59.217,-132,-12,1475,1478,-0.26,1.33,2.3569,3.1800,6.6170,0
59.234,-132,-12,1474,1478,-0.26,1.33,2.3569,3.1800,6.6170,0
59.252,-131,-12,1477,1478,-0.26,1.33,2.3569,3.1800,6.6170,0
59.269,-131,-12,1476,1478,-0.26,1.33,2.3569,3.1800,6.6170,0
59.286,-131,-11,1475,1500,-0.26,1.33,2.3569,3.1800,6.6170,0
59.305,-131,-11,1475,1500,-0.26,1.33,2.3569,3.1800,6.6170,0
59.322,-130,-11,1478,1478,-0.26,1.33,2.3569,3.1800,6.6170,0
59.340,-130,-11,1476,1478,-0.44,1.30,2.3569,3.1800,6.6170,0
59.357,-129,-11,1478,1478,-0.44,1.30,2.3569,3.1800,6.6170,0
59.375,-129,-11,1476,1478,-0.44,1.30,2.3569,3.1800,6.6170,0
59.393,-128,-11,1478,1478,-0.44,1.30,2.3569,3.1800,6.6170,0
59.410,-128,-11,1477,1478,-0.44,1.30,2.1123,2.6148,5.9740,0
59.427,-127,-11,1478,1478,-0.44,1.30,2.1123,2.6148,5.9740,0
59.445,-127,-11,1477,1478,-0.44,1.30,2.1123,2.6148,5.9740,0
59.462,-127,-11,1476,1478,-0.44,1.30,2.1123,2.6148,5.9740,0
59.479,-127,-11,1475,1478,-0.44,1.30,2.1123,2.6148,5.9740,0
59.496,-127,-11,1475,1478,-0.44,1.30,2.1123,2.6148,5.9740,0
59.513,-126,-11,1478,1478,-0.44,1.30,2.1123,2.6148,5.9740,0
59.531,-127,-10,1474,1500,-0.44,1.30,2.1123,2.6148,5.9740,0
59.548,-126,-10,1477,1500,-0.44,1.30,2.1123,2.6148,5.9740,0
59.567,-126,-10,1476,1478,-0.44,1.30,2.1123,2.6148,5.9740,0
59.584,-126,-10,1476,1478,-0.44,1.30,2.1123,2.6148,5.9740,0
59.601,-126,-10,1475,1478,-0.63,1.36,2.1123,2.6148,5.9740,0
59.618,-125,-10,1478,1478,-0.63,1.36,2.1123,2.6148,5.9740,0
59.635,-125,-10,1477,1478,-0.63,1.36,2.1123,2.6148,5.9740,0
59.653,-124,-10,1478,1478,-0.63,1.36,2.2083,2.6174,6.1711,0
59.671,-123,-9,1478,1500,-0.63,1.36,2.2083,2.6174,6.1711,0
59.688,-121,-9,1478,1500,-0.63,1.36,2.2083,2.6174,6.1711,0
59.706,-120,-9,1478,1478,-0.63,1.36,2.2083,2.6174,6.1711,0
59.723,-118,-9,1478,1478,-0.63,1.36,2.2083,2.6174,6.1711,0
59.740,-117,-9,1478,1478,-0.63,1.36,2.2083,2.6174,6.1711,0
59.758,-116,-9,1478,1478,-0.63,1.36,2.2083,2.6174,6.1711,0
59.775,-116,-9,1478,1478,-0.63,1.36,2.2083,2.6174,6.1711,0
59.792,-115,-9,1478,1478,-0.63,1.36,2.2083,2.6174,6.1711,0
59.810,-114,-9,1478,1478,-0.63,1.36,2.2083,2.6174,6.1711,0
59.827,-113,-9,1478,1478,-0.63,1.36,2.2083,2.6174,6.1711,0
59.844,-113,-9,1478,1478,-0.78,1.48,2.2083,2.6174,6.1711,0
59.862,-112,-8,1478,1522,-0.78,1.48,2.2083,2.6174,6.1711,0
59.880,-111,-8,1478,1500,-0.78,1.48,2.2083,2.6174,6.1711,0
59.897,-110,-8,1478,1478,-0.78,1.48,2.2083,2.6174,6.1711,0
59.914,-109,-8,1478,1478,-0.78,1.48,3.2024,3.1347,7.2580,0
59.931,-108,-8,1478,1478,-0.78,1.48,3.2024,3.1347,7.2580,0
59.949,-107,-8,1478,1478,-0.78,1.48,3.2024,3.1347,7.2580,0
59.966,-106,-8,1478,1478,-0.78,1.48,3.2024,3.1347,7.2580,0
59.984,-105,-8,1478,1478,-0.78,1.48,3.2024,3.1347,7.2580,0
