elapsed_s,err_x_px,err_pitch_px,target_roll_us,target_pitch_us,actual_roll_deg,actual_pitch_deg,vib_x,vib_y,vib_z,aligned
0.000,-163,-20,1400,1436,0.10,1.69,1.8296,2.5248,5.7057,0
0.017,-161,-20,1400,1466,0.10,1.69,1.8296,2.5248,5.7057,0
0.034,-161,-20,1400,1481,0.10,1.69,1.8296,2.5248,5.7057,0
0.052,-160,-20,1412,1489,0.10,1.69,1.8296,2.5248,5.7057,0
0.069,-160,-20,1440,1493,0.10,1.69,1.8296,2.5248,5.7057,0
0.086,-159,-20,1457,1495,0.10,1.69,1.8296,2.5248,5.7057,0
0.103,-158,-20,1466,1496,0.10,1.69,1.8296,2.5248,5.7057,0
0.120,-158,-20,1467,1496,0.10,1.69,1.8296,2.5248,5.7057,0
0.138,-155,-20,1477,1496,-0.77,1.67,1.8296,2.5248,5.7057,0
0.155,-155,-20,1473,1496,-0.77,1.67,1.8296,2.5248,5.7057,0
0.172,-154,-21,1475,1493,-0.77,1.67,1.8296,2.5248,5.7057,0
0.190,-153,-21,1475,1495,-0.77,1.67,1.8296,2.5248,5.7057,0
0.207,-152,-21,1475,1496,-0.77,1.67,2.7865,1.9471,8.3690,0
0.225,-152,-21,1473,1496,-0.77,1.67,2.7865,1.9471,8.3690,0
0.242,-151,-21,1474,1496,-0.77,1.67,2.7865,1.9471,8.3690,0
0.259,-150,-21,1475,1496,-0.77,1.67,2.7865,1.9471,8.3690,0
0.277,-150,-21,1473,1496,-0.77,1.67,2.7865,1.9471,8.3690,0
0.295,-149,-21,1475,1496,-0.77,1.67,2.7865,1.9471,8.3690,0
0.313,-149,-21,1473,1496,-0.77,1.67,2.7865,1.9471,8.3690,0
0.330,-148,-21,1475,1496,-0.77,1.67,2.7865,1.9471,8.3690,0
0.348,-147,-21,1476,1496,-0.77,1.67,2.7865,1.9471,8.3690,0
0.366,-147,-21,1473,1496,-0.77,1.67,2.7865,1.9471,8.3690,0
0.383,-146,-21,1475,1496,-0.77,1.67,2.7865,1.9471,8.3690,0
0.400,-144,-22,1479,1493,0.84,2.00,2.7865,1.9471,8.3690,0
0.417,-143,-22,1479,1495,0.84,2.00,2.7865,1.9471,8.3690,0
0.438,-143,-22,1475,1495,0.84,2.00,2.7865,1.9471,8.3690,0
0.456,-142,-22,1476,1496,0.84,2.00,2.0387,2.4397,5.9736,0
0.473,-142,-22,1474,1496,0.84,2.00,2.0387,2.4397,5.9736,0
0.490,-141,-21,1476,1499,0.84,2.00,2.0387,2.4397,5.9736,0
0.509,-140,-22,1477,1495,0.84,2.00,2.0387,2.4397,5.9736,0
0.526,-138,-22,1481,1495,0.84,2.00,2.0387,2.4397,5.9736,0
0.544,-137,-22,1480,1496,0.84,2.00,2.0387,2.4397,5.9736,0
0.561,-135,-22,1483,1496,0.84,2.00,2.0387,2.4397,5.9736,0
0.579,-135,-22,1478,1496,0.84,2.00,2.0387,2.4397,5.9736,0
0.597,-134,-22,1479,1496,0.84,2.00,2.0387,2.4397,5.9736,0
0.615,-134,-22,1476,1496,0.84,2.00,2.0387,2.4397,5.9736,0
0.632,-133,-22,1478,1496,0.84,2.00,2.0387,2.4397,5.9736,0
0.649,-132,-22,1479,1496,1.27,2.01,2.0387,2.4397,5.9736,0
0.666,-130,-22,1483,1496,1.27,2.01,2.0387,2.4397,5.9736,0
0.683,-129,-22,1482,1496,1.27,2.01,2.0387,2.4397,5.9736,0
0.701,-128,-22,1481,1496,1.27,2.01,3.1861,2.1152,7.9650,0
0.718,-127,-22,1481,1496,1.27,2.01,3.1861,2.1152,7.9650,0
0.735,-127,-22,1478,1496,1.27,2.01,3.1861,2.1152,7.9650,0
0.752,-125,-22,1483,1496,1.27,2.01,3.1861,2.1152,7.9650,0
0.769,-124,-22,1482,1496,1.27,2.01,3.1861,2.1152,7.9650,0
0.787,-123,-21,1482,1499,1.27,2.01,3.1861,2.1152,7.9650,0
0.804,-122,-21,1482,1498,1.27,2.01,3.1861,2.1152,7.9650,0
0.823,-119,-21,1488,1497,1.27,2.01,3.1861,2.1152,7.9650,0
0.840,-118,-22,1485,1493,1.27,2.01,3.1861,2.1152,7.9650,0
0.857,-117,-22,1484,1495,1.27,2.01,3.1861,2.1152,7.9650,0
0.874,-115,-22,1487,1495,1.27,2.01,3.1861,2.1152,7.9650,0
0.892,-113,-21,1488,1499,1.13,2.18,3.1861,2.1152,7.9650,0
0.909,-112,-21,1486,1497,1.13,2.18,3.1861,2.1152,7.9650,0
0.927,-110,-21,1488,1497,1.13,2.18,3.1861,2.1152,7.9650,0
0.944,-109,-21,1486,1496,1.13,2.18,3.1861,2.1152,7.9650,0
0.961,-106,-21,1492,1496,1.13,2.18,1.9920,2.8060,6.1181,0
0.979,-104,-21,1492,1496,1.13,2.18,1.9920,2.8060,6.1181,0
0.997,-103,-21,1489,1496,1.13,2.18,1.9920,2.8060,6.1181,0
1.014,-102,-21,1487,1496,1.13,2.18,1.9920,2.8060,6.1181,0
1.031,-101,-21,1487,1496,1.13,2.18,1.9920,2.8060,6.1181,0
1.049,-99,-21,1490,1496,1.13,2.18,1.9920,2.8060,6.1181,0
1.067,-98,-21,1488,1496,1.13,2.18,1.9920,2.8060,6.1181,0
1.084,-97,-21,1488,1496,1.13,2.18,1.9920,2.8060,6.1181,0
1.101,-93,-21,1497,1496,1.13,2.18,1.9920,2.8060,6.1181,0
1.118,-92,-21,1492,1496,1.13,2.18,1.9920,2.8060,6.1181,0
1.135,-91,-21,1490,1496,0.69,2.33,1.9920,2.8060,6.1181,0
1.153,-89,-21,1492,1496,0.69,2.33,1.9920,2.8060,6.1181,0
1.170,-89,-21,1487,1496,0.69,2.33,1.9920,2.8060,6.1181,0
1.187,-88,-21,1488,1496,0.69,2.33,1.9920,2.8060,6.1181,0
1.204,-87,-20,1489,1499,0.69,2.33,2.8523,2.6164,6.4844,0
1.222,-84,-21,1495,1495,0.69,2.33,2.8523,2.6164,6.4844,0
1.239,-81,-20,1499,1499,0.69,2.33,2.8523,2.6164,6.4844,0
1.257,-79,-20,1498,1497,0.69,2.33,2.8523,2.6164,6.4844,0
1.275,-78,-20,1494,1497,0.69,2.33,2.8523,2.6164,6.4844,0
1.292,-76,-20,1496,1497,0.69,2.33,2.8523,2.6164,6.4844,0
1.309,-73,-20,1500,1496,0.69,2.33,2.8523,2.6164,6.4844,0
1.328,-71,-20,1498,1496,0.69,2.33,2.8523,2.6164,6.4844,0
1.345,-70,-20,1495,1496,0.69,2.33,2.8523,2.6164,6.4844,0
1.363,-68,-20,1497,1496,0.69,2.33,2.8523,2.6164,6.4844,0
1.380,-67,-19,1495,1499,0.69,2.33,2.8523,2.6164,6.4844,0
1.397,-65,-19,1497,1498,0.39,2.33,2.8523,2.6164,6.4844,0
1.414,-64,-19,1495,1497,0.39,2.33,2.8523,2.6164,6.4844,0
1.431,-62,-20,1498,1494,0.39,2.33,2.8523,2.6164,6.4844,0
1.448,-61,-19,1496,1498,0.39,2.33,2.0437,2.6528,5.7799,0
1.465,-59,-20,1498,1494,0.39,2.33,2.0437,2.6528,5.7799,1
1.483,-55,-19,1504,1498,0.39,2.33,2.0437,2.6528,5.7799,1
1.502,-54,-19,1500,1497,0.39,2.33,2.0437,2.6528,5.7799,1
1.519,-53,-19,1498,1497,0.39,2.33,2.0437,2.6528,5.7799,1
1.536,-51,-19,1500,1497,0.39,2.33,2.0437,2.6528,5.7799,1
1.553,-50,-19,1498,1497,0.39,2.33,2.0437,2.6528,5.7799,1
1.570,-49,-19,1498,1497,0.39,2.33,2.0437,2.6528,5.7799,1
1.587,-46,-19,1502,1497,0.39,2.33,2.0437,2.6528,5.7799,1
1.604,-45,-19,1500,1497,0.39,2.33,2.0437,2.6528,5.7799,1
1.622,-44,-19,1499,1497,0.39,2.33,2.0437,2.6528,5.7799,1
1.639,-43,-18,1498,1500,0.37,2.12,2.0437,2.6528,5.7799,1
1.657,-42,-18,1498,1498,0.37,2.12,2.0437,2.6528,5.7799,1
1.674,-41,-18,1498,1497,0.37,2.12,2.0437,2.6528,5.7799,1
1.691,-40,-18,1498,1497,0.37,2.12,2.0437,2.6528,5.7799,1
1.708,-39,-18,1498,1497,0.37,2.12,1.6609,2.6949,5.0853,1
1.725,-38,-18,1499,1497,0.37,2.12,1.6609,2.6949,5.0853,1
1.742,-38,-18,1496,1497,0.37,2.12,1.6609,2.6949,5.0853,1
1.759,-37,-18,1497,1497,0.37,2.12,1.6609,2.6949,5.0853,1
1.777,-37,-17,1495,1500,0.37,2.12,1.6609,2.6949,5.0853,1
1.794,-37,-18,1494,1495,0.37,2.12,1.6609,2.6949,5.0853,1
1.811,-36,-17,1497,1499,0.37,2.12,1.6609,2.6949,5.0853,1
1.829,-36,-17,1495,1498,0.37,2.12,1.6609,2.6949,5.0853,1
1.846,-36,-17,1494,1497,0.37,2.12,1.6609,2.6949,5.0853,1
1.866,-35,-17,1496,1497,0.37,2.12,1.6609,2.6949,5.0853,1
1.883,-35,-17,1495,1497,0.10,2.04,1.6609,2.6949,5.0853,1
1.900,-35,-17,1494,1497,0.10,2.04,1.6609,2.6949,5.0853,1
1.918,-35,-17,1494,1497,0.10,2.04,1.6609,2.6949,5.0853,1
1.939,-35,-17,1494,1497,0.10,2.04,1.6609,2.6949,5.0853,1
1.956,-35,-17,1493,1497,0.10,2.04,1.2155,2.5953,4.5472,1
1.973,-35,-17,1493,1497,0.10,2.04,1.2155,2.5953,4.5472,1
1.990,-35,-16,1493,1500,0.10,2.04,1.2155,2.5953,4.5472,1
2.007,-35,-16,1493,1499,0.10,2.04,1.2155,2.5953,4.5472,1
2.025,-35,-16,1493,1498,0.10,2.04,1.2155,2.5953,4.5472,1
2.042,-36,-16,1490,1497,0.10,2.04,1.2155,2.5953,4.5472,1
2.059,-36,-16,1492,1497,0.10,2.04,1.2155,2.5953,4.5472,1
2.076,-36,-16,1492,1497,0.10,2.04,1.2155,2.5953,4.5472,1
2.093,-36,-16,1493,1497,0.10,2.04,1.2155,2.5953,4.5472,1
2.110,-36,-16,1493,1497,0.10,2.04,1.2155,2.5953,4.5472,1
2.127,-37,-15,1490,1500,0.10,2.04,1.2155,2.5953,4.5472,1
2.146,-37,-15,1492,1499,0.07,2.14,1.2155,2.5953,4.5472,1
2.163,-39,-15,1486,1498,0.07,2.14,1.2155,2.5953,4.5472,1
2.181,-40,-15,1486,1498,0.07,2.14,1.2155,2.5953,4.5472,1
2.198,-41,-16,1486,1494,0.07,2.14,1.3530,2.9855,4.1293,1
2.217,-42,-15,1486,1499,0.07,2.14,1.3530,2.9855,4.1293,1
2.234,-43,-15,1486,1498,0.07,2.14,1.3530,2.9855,4.1293,1
2.252,-44,-15,1486,1498,0.07,2.14,1.3530,2.9855,4.1293,1
2.269,-46,-15,1483,1497,0.07,2.14,1.3530,2.9855,4.1293,1
2.286,-47,-15,1484,1497,0.07,2.14,1.3530,2.9855,4.1293,1
2.303,-49,-15,1481,1497,0.07,2.14,1.3530,2.9855,4.1293,1
2.321,-53,-15,1474,1497,0.07,2.14,1.3530,2.9855,4.1293,1
2.338,-54,-15,1479,1497,0.07,2.14,1.3530,2.9855,4.1293,1
2.355,-56,-15,1478,1497,0.07,2.14,1.3530,2.9855,4.1293,1
2.372,-57,-14,1480,1500,0.07,2.14,1.3530,2.9855,4.1293,1
2.389,-59,-14,1479,1499,-0.04,2.21,1.3530,2.9855,4.1293,1
2.407,-61,-14,1477,1498,-0.04,2.21,1.3530,2.9855,4.1293,0
2.424,-63,-14,1477,1498,-0.04,2.21,1.3530,2.9855,4.1293,0
2.441,-64,-14,1479,1498,-0.04,2.21,1.3530,2.9855,4.1293,0
2.458,-67,-14,1474,1498,-0.04,2.21,1.8203,2.7265,5.4232,0
2.476,-71,-15,1468,1494,-0.04,2.21,1.8203,2.7265,5.4232,0
2.493,0,0,1467,1494,-0.04,2.21,1.8203,2.7265,5.4232,0
2.511,0,0,1467,1494,-0.04,2.21,1.8203,2.7265,5.4232,0
2.528,0,0,1466,1494,-0.04,2.21,1.8203,2.7265,5.4232,0
2.545,0,0,1465,1494,-0.04,2.21,1.8203,2.7265,5.4232,0
2.562,0,0,1465,1494,-0.04,2.21,1.8203,2.7265,5.4232,0
2.580,0,0,1464,1494,-0.04,2.21,1.8203,2.7265,5.4232,0
2.597,0,0,1464,1494,-0.04,2.21,1.8203,2.7265,5.4232,0
2.614,0,0,1463,1494,-0.04,2.21,1.8203,2.7265,5.4232,0
2.631,0,0,1462,1494,-0.04,2.21,1.8203,2.7265,5.4232,0
2.648,0,0,1462,1493,-0.35,2.36,1.8203,2.7265,5.4232,0
2.665,0,0,1461,1493,-0.35,2.36,1.8203,2.7265,5.4232,0
2.682,0,0,1460,1493,-0.35,2.36,1.8203,2.7265,5.4232,0
2.699,0,0,1460,1493,-0.35,2.36,1.8954,3.1080,6.1195,0
2.717,0,0,1459,1493,-0.35,2.36,1.8954,3.1080,6.1195,0
2.734,0,0,1459,1493,-0.35,2.36,1.8954,3.1080,6.1195,0
2.751,0,0,1458,1493,-0.35,2.36,1.8954,3.1080,6.1195,0
2.768,0,0,1457,1493,-0.35,2.36,1.8954,3.1080,6.1195,0
2.790,0,0,1456,1493,-0.35,2.36,1.8954,3.1080,6.1195,0
2.807,0,0,1456,1493,-0.35,2.36,1.8954,3.1080,6.1195,0
2.824,0,0,1455,1492,-0.35,2.36,1.8954,3.1080,6.1195,0
2.842,0,0,1455,1492,-0.35,2.36,1.8954,3.1080,6.1195,0
2.859,0,0,1454,1492,-0.35,2.36,1.8954,3.1080,6.1195,0
2.876,0,0,1453,1492,-0.35,2.36,1.8954,3.1080,6.1195,0
2.893,0,0,1453,1492,-1.01,2.23,1.8954,3.1080,6.1195,0
2.912,0,0,1452,1492,-1.01,2.23,1.8954,3.1080,6.1195,0
2.932,0,0,1451,1492,-1.01,2.23,1.8954,3.1080,6.1195,0
2.950,0,0,1451,1492,-1.01,2.23,1.8279,3.1967,5.8243,0
2.967,0,0,1450,1492,-1.01,2.23,1.8279,3.1967,5.8243,0
2.984,0,0,1500,1500,-1.01,2.23,1.8279,3.1967,5.8243,0
3.002,0,0,1500,1500,-1.01,2.23,1.8279,3.1967,5.8243,0
3.021,0,0,1500,1500,-1.01,2.23,1.8279,3.1967,5.8243,0
3.038,0,0,1500,1500,-1.01,2.23,1.8279,3.1967,5.8243,0
3.056,0,0,1500,1500,-1.01,2.23,1.8279,3.1967,5.8243,0
3.073,0,0,1500,1500,-1.01,2.23,1.8279,3.1967,5.8243,0
3.090,0,0,1500,1500,-1.01,2.23,1.8279,3.1967,5.8243,0
3.107,0,0,1500,1500,-1.01,2.23,1.8279,3.1967,5.8243,0
3.124,0,0,1500,1500,-1.01,2.23,1.8279,3.1967,5.8243,0
3.141,0,0,1500,1500,-0.42,2.03,1.8279,3.1967,5.8243,0
3.158,0,0,1500,1500,-0.42,2.03,1.8279,3.1967,5.8243,0
3.176,0,0,1500,1500,-0.42,2.03,1.8279,3.1967,5.8243,0
3.195,0,0,1500,1500,-0.42,2.03,3.0446,2.3387,8.0652,0
3.213,0,0,1500,1500,-0.42,2.03,3.0446,2.3387,8.0652,0
3.230,0,0,1500,1500,-0.42,2.03,3.0446,2.3387,8.0652,0
3.248,0,0,1500,1500,-0.42,2.03,3.0446,2.3387,8.0652,0
3.265,0,0,1500,1500,-0.42,2.03,3.0446,2.3387,8.0652,0
3.282,0,0,1500,1500,-0.42,2.03,3.0446,2.3387,8.0652,0
3.299,0,0,1500,1500,-0.42,2.03,3.0446,2.3387,8.0652,0
3.317,0,0,1500,1500,-0.42,2.03,3.0446,2.3387,8.0652,0
3.334,0,0,1500,1500,-0.42,2.03,3.0446,2.3387,8.0652,0
3.351,0,0,1500,1500,-0.42,2.03,3.0446,2.3387,8.0652,0
3.368,0,0,1500,1500,-0.42,2.03,3.0446,2.3387,8.0652,0
3.385,0,0,1500,1500,-0.03,2.15,3.0446,2.3387,8.0652,0
3.404,0,0,1500,1500,-0.03,2.15,3.0446,2.3387,8.0652,0
3.421,0,0,1500,1500,-0.03,2.15,3.0446,2.3387,8.0652,0
3.439,0,0,1500,1500,-0.03,2.15,3.0446,2.3387,8.0652,0
3.458,0,0,1500,1500,-0.03,2.15,2.2702,3.1030,6.5243,0
3.476,0,0,1500,1500,-0.03,2.15,2.2702,3.1030,6.5243,0
3.493,0,0,1500,1500,-0.03,2.15,2.2702,3.1030,6.5243,0
3.511,0,0,1500,1500,-0.03,2.15,2.2702,3.1030,6.5243,0
3.528,0,0,1500,1500,-0.03,2.15,2.2702,3.1030,6.5243,0
3.545,0,0,1500,1500,-0.03,2.15,2.2702,3.1030,6.5243,0
3.562,0,0,1500,1500,-0.03,2.15,2.2702,3.1030,6.5243,0
3.579,0,0,1500,1500,-0.03,2.15,2.2702,3.1030,6.5243,0
3.596,0,0,1500,1500,-0.03,2.15,2.2702,3.1030,6.5243,0
3.613,0,0,1500,1500,-0.03,2.15,2.2702,3.1030,6.5243,0
3.630,0,0,1500,1500,-0.03,2.15,2.2702,3.1030,6.5243,0
3.647,0,0,1500,1500,0.29,1.96,2.2702,3.1030,6.5243,0
3.665,0,0,1500,1500,0.29,1.96,2.2702,3.1030,6.5243,0
3.682,0,0,1500,1500,0.29,1.96,2.2702,3.1030,6.5243,0
3.699,0,0,1500,1500,0.29,1.96,2.4496,3.1687,6.4629,0
3.718,0,0,1500,1500,0.29,1.96,2.4496,3.1687,6.4629,0
3.735,0,0,1500,1500,0.29,1.96,2.4496,3.1687,6.4629,0
3.754,0,0,1500,1500,0.29,1.96,2.4496,3.1687,6.4629,0
3.773,0,0,1500,1500,0.29,1.96,2.4496,3.1687,6.4629,0
3.790,0,0,1500,1500,0.29,1.96,2.4496,3.1687,6.4629,0
3.807,0,0,1500,1500,0.29,1.96,2.4496,3.1687,6.4629,0
3.824,0,0,1500,1500,0.29,1.96,2.4496,3.1687,6.4629,0
3.842,0,0,1500,1500,0.29,1.96,2.4496,3.1687,6.4629,0
3.859,0,0,1500,1500,0.29,1.96,2.4496,3.1687,6.4629,0
3.876,0,0,1500,1500,0.29,1.96,2.4496,3.1687,6.4629,0
3.894,0,0,1500,1500,0.53,1.72,2.4496,3.1687,6.4629,0
3.911,0,0,1500,1500,0.53,1.72,2.4496,3.1687,6.4629,0
3.928,0,0,1500,1500,0.53,1.72,2.4496,3.1687,6.4629,0
3.945,0,0,1500,1500,0.53,1.72,2.5540,3.6641,6.7304,0
3.963,0,0,1500,1500,0.53,1.72,2.5540,3.6641,6.7304,0
3.982,0,0,1500,1500,0.53,1.72,2.5540,3.6641,6.7304,0
4.000,0,0,1500,1500,0.53,1.72,2.5540,3.6641,6.7304,0
4.018,0,0,1500,1500,0.53,1.72,2.5540,3.6641,6.7304,0
4.035,0,0,1500,1500,0.53,1.72,2.5540,3.6641,6.7304,0
4.052,0,0,1500,1500,0.53,1.72,2.5540,3.6641,6.7304,0
4.070,0,0,1500,1500,0.53,1.72,2.5540,3.6641,6.7304,0
4.088,0,0,1500,1500,0.53,1.72,2.5540,3.6641,6.7304,0
4.105,0,0,1500,1500,0.53,1.72,2.5540,3.6641,6.7304,0
4.122,0,0,1500,1500,0.53,1.72,2.5540,3.6641,6.7304,0
4.139,0,0,1500,1500,0.78,1.59,2.5540,3.6641,6.7304,0
4.157,0,0,1500,1500,0.78,1.59,2.5540,3.6641,6.7304,0
4.174,0,0,1500,1500,0.78,1.59,2.5540,3.6641,6.7304,0
4.191,0,0,1500,1500,0.78,1.59,2.5540,3.6641,6.7304,0
4.208,0,0,1500,1500,0.78,1.59,2.8535,3.4301,6.6102,0
4.226,-132,-14,1474,1498,0.78,1.59,2.8535,3.4301,6.6102,0
4.244,0,0,1474,1498,0.78,1.59,2.8535,3.4301,6.6102,0
4.261,-129,-14,1475,1498,0.78,1.59,2.8535,3.4301,6.6102,0
4.279,-127,-14,1481,1498,0.78,1.59,2.8535,3.4301,6.6102,0
4.297,-125,-13,1484,1500,0.78,1.59,2.8535,3.4301,6.6102,0
4.315,-123,-14,1486,1496,0.78,1.59,2.8535,3.4301,6.6102,0
4.332,-121,-13,1487,1500,0.78,1.59,2.8535,3.4301,6.6102,0
4.349,-118,-13,1491,1499,0.78,1.59,2.8535,3.4301,6.6102,0
4.366,-116,-13,1490,1498,0.78,1.59,2.8535,3.4301,6.6102,0
4.383,-115,-13,1487,1498,0.91,1.32,2.8535,3.4301,6.6102,0
4.400,-113,-13,1488,1498,0.91,1.32,2.8535,3.4301,6.6102,0
4.418,-112,-13,1486,1498,0.91,1.32,2.8535,3.4301,6.6102,0
4.435,-111,-13,1485,1498,0.91,1.32,2.8535,3.4301,6.6102,0
4.454,-110,-13,1484,1498,0.91,1.32,2.8337,3.5432,6.6809,0
4.471,-109,-13,1485,1498,0.91,1.32,2.8337,3.5432,6.6809,0
4.488,-108,-13,1485,1498,0.91,1.32,2.8337,3.5432,6.6809,0
4.505,-106,-13,1488,1498,0.91,1.32,2.8337,3.5432,6.6809,0
4.522,-105,-13,1487,1498,0.91,1.32,2.8337,3.5432,6.6809,0
4.540,-104,-13,1486,1498,0.91,1.32,2.8337,3.5432,6.6809,0
4.557,-103,-13,1486,1498,0.91,1.32,2.8337,3.5432,6.6809,0
4.574,-100,-14,1492,1495,0.91,1.32,2.8337,3.5432,6.6809,0
4.591,-100,-14,1486,1496,0.91,1.32,2.8337,3.5432,6.6809,0
4.609,-99,-14,1486,1497,0.91,1.32,2.8337,3.5432,6.6809,0
4.626,-98,-14,1487,1497,0.91,1.32,2.8337,3.5432,6.6809,0
4.644,-97,-14,1487,1497,1.17,1.11,2.8337,3.5432,6.6809,0
4.661,-96,-14,1487,1498,1.17,1.11,2.8337,3.5432,6.6809,0
4.678,-95,-14,1487,1498,1.17,1.11,2.8337,3.5432,6.6809,0
4.695,-94,-14,1487,1498,1.17,1.11,2.6417,3.1540,6.9952,0
4.712,-93,-14,1488,1498,1.17,1.11,2.6417,3.1540,6.9952,0
4.729,-90,-15,1494,1494,1.17,1.11,2.6417,3.1540,6.9952,0
4.746,-88,-15,1494,1496,1.17,1.11,2.6417,3.1540,6.9952,0
4.763,-86,-15,1495,1497,1.17,1.11,2.6417,3.1540,6.9952,0
4.781,-85,-15,1492,1497,1.17,1.11,2.6417,3.1540,6.9952,0
4.798,-82,-15,1497,1497,1.17,1.11,2.6417,3.1540,6.9952,0
4.816,-80,-15,1496,1497,1.17,1.11,2.6417,3.1540,6.9952,0
4.834,-77,-16,1500,1494,1.17,1.11,2.6417,3.1540,6.9952,0
4.851,-74,-16,1500,1496,1.17,1.11,2.6417,3.1540,6.9952,0
4.868,-72,-16,1500,1496,1.17,1.11,2.6417,3.1540,6.9952,0
4.885,-70,-16,1499,1497,1.44,0.81,2.6417,3.1540,6.9952,0
4.902,-69,-16,1496,1497,1.44,0.81,2.6417,3.1540,6.9952,0
4.920,-65,-16,1503,1497,1.44,0.81,2.6417,3.1540,6.9952,0
4.937,-63,-16,1501,1497,1.44,0.81,2.6417,3.1540,6.9952,0
4.955,-61,-17,1500,1494,1.44,0.81,2.5936,3.4639,7.0117,0
4.974,-59,-16,1500,1498,1.44,0.81,2.5936,3.4639,7.0117,1
4.991,-57,-16,1500,1498,1.44,0.81,2.5936,3.4639,7.0117,1
5.008,-55,-16,1500,1498,1.44,0.81,2.5936,3.4639,7.0117,1
5.026,-53,-17,1500,1494,1.44,0.81,2.5936,3.4639,7.0117,1
5.043,-51,-17,1501,1496,1.44,0.81,2.5936,3.4639,7.0117,1
5.062,-48,-18,1503,1494,1.44,0.81,2.5936,3.4639,7.0117,1
5.079,-47,-17,1500,1498,1.44,0.81,2.5936,3.4639,7.0117,1
5.096,-46,-17,1499,1498,1.44,0.81,2.5936,3.4639,7.0117,1
5.114,-44,-17,1500,1497,1.44,0.81,2.5936,3.4639,7.0117,1
5.131,-43,-17,1499,1497,1.02,0.78,2.5936,3.4639,7.0117,1
5.149,-43,-17,1496,1497,1.02,0.78,2.5936,3.4639,7.0117,1
5.166,-40,-18,1502,1494,1.02,0.78,2.5936,3.4639,7.0117,1
5.183,-39,-18,1500,1495,1.02,0.78,2.5936,3.4639,7.0117,1
5.201,-38,-18,1500,1496,1.02,0.78,2.1833,2.9443,7.0911,1
5.218,-36,-18,1502,1496,1.02,0.78,2.1833,2.9443,7.0911,1
5.235,-36,-18,1498,1497,1.02,0.78,2.1833,2.9443,7.0911,1
5.252,-34,-19,1501,1494,1.02,0.78,2.1833,2.9443,7.0911,1
5.270,-34,-19,1498,1495,1.02,0.78,2.1833,2.9443,7.0911,1
5.288,-33,-19,1499,1496,1.02,0.78,2.1833,2.9443,7.0911,1
5.305,-33,-19,1496,1496,1.02,0.78,2.1833,2.9443,7.0911,1
5.322,-32,-20,1498,1493,1.02,0.78,2.1833,2.9443,7.0911,1
5.339,-31,-20,1499,1495,1.02,0.78,2.1833,2.9443,7.0911,1
5.357,-30,-20,1500,1496,1.02,0.78,2.1833,2.9443,7.0911,1
5.374,-30,-20,1497,1496,1.02,0.78,2.1833,2.9443,7.0911,1
5.392,-29,-20,1499,1496,0.75,1.20,2.1833,2.9443,7.0911,1
5.409,-30,-20,1494,1496,0.75,1.20,2.1833,2.9443,7.0911,1
5.426,-30,-20,1494,1496,0.75,1.20,2.1833,2.9443,7.0911,1
5.444,-30,-20,1494,1496,0.75,1.20,2.1833,2.9443,7.0911,1
5.461,-29,-21,1497,1493,0.75,1.20,2.9162,3.3749,6.8437,1
5.479,-29,-20,1496,1498,0.75,1.20,2.9162,3.3749,6.8437,1
5.496,-29,-20,1495,1497,0.75,1.20,2.9162,3.3749,6.8437,1
5.514,-29,-21,1495,1494,0.75,1.20,2.9162,3.3749,6.8437,1
5.534,-30,-21,1492,1495,0.75,1.20,2.9162,3.3749,6.8437,1
5.551,-30,-20,1493,1499,0.75,1.20,2.9162,3.3749,6.8437,1
5.568,-30,-21,1494,1494,0.75,1.20,2.9162,3.3749,6.8437,1
5.585,-30,-22,1494,1492,0.75,1.20,2.9162,3.3749,6.8437,1
5.602,-30,-21,1494,1497,0.75,1.20,2.9162,3.3749,6.8437,1
5.619,-30,-21,1494,1497,0.75,1.20,2.9162,3.3749,6.8437,1
5.637,-31,-21,1491,1496,0.08,1.44,2.9162,3.3749,6.8437,1
5.654,-32,-21,1490,1496,0.08,1.44,2.9162,3.3749,6.8437,1
5.671,-33,-21,1489,1496,0.08,1.44,2.9162,3.3749,6.8437,1
5.688,-34,-21,1488,1496,0.08,1.44,2.9162,3.3749,6.8437,1
5.706,-34,-21,1491,1496,0.08,1.44,3.1813,3.1449,6.7701,1
5.723,-35,-22,1489,1493,0.08,1.44,3.1813,3.1449,6.7701,1
5.741,-36,-21,1488,1498,0.08,1.44,3.1813,3.1449,6.7701,1
5.758,-36,-21,1491,1497,0.08,1.44,3.1813,3.1449,6.7701,1
5.776,-38,-21,1486,1496,0.08,1.44,3.1813,3.1449,6.7701,1
5.793,-39,-21,1486,1496,0.08,1.44,3.1813,3.1449,6.7701,1
5.810,-41,-22,1483,1493,0.08,1.44,3.1813,3.1449,6.7701,1
5.827,-42,-22,1485,1494,0.08,1.44,3.1813,3.1449,6.7701,1
5.846,-43,-22,1485,1495,0.08,1.44,3.1813,3.1449,6.7701,1
5.863,-45,-21,1482,1499,0.08,1.44,3.1813,3.1449,6.7701,1
5.880,-47,-21,1481,1497,0.08,1.44,3.1813,3.1449,6.7701,1
5.897,-49,-21,1480,1497,-0.48,1.28,3.1813,3.1449,6.7701,1
5.914,-50,-21,1482,1496,-0.48,1.28,3.1813,3.1449,6.7701,1
5.932,-51,-21,1483,1496,-0.48,1.28,3.1813,3.1449,6.7701,1
5.950,-53,-22,1481,1493,-0.48,1.28,2.8520,2.9950,7.2732,1
5.968,-55,-21,1479,1498,-0.48,1.28,2.8520,2.9950,7.2732,1
5.985,-56,-21,1481,1497,-0.48,1.28,2.8520,2.9950,7.2732,1
6.003,-57,-21,1482,1496,-0.48,1.28,2.8520,2.9950,7.2732,1
6.020,-59,-21,1479,1496,-0.48,1.28,2.8520,2.9950,7.2732,1
6.038,-60,-21,1481,1496,-0.48,1.28,2.8520,2.9950,7.2732,1
6.056,-61,-21,1482,1496,-0.48,1.28,2.8520,2.9950,7.2732,0
6.073,-63,-22,1479,1493,-0.48,1.28,2.8520,2.9950,7.2732,0
6.090,-64,-21,1480,1498,-0.48,1.28,2.8520,2.9950,7.2732,0
6.108,-65,-22,1481,1494,-0.48,1.28,2.8520,2.9950,7.2732,0
6.125,-66,-21,1481,1498,-0.48,1.28,2.8520,2.9950,7.2732,0
6.143,-67,-21,1481,1497,-0.72,1.28,2.8520,2.9950,7.2732,0
6.160,-68,-21,1481,1497,-0.72,1.28,2.8520,2.9950,7.2732,0
6.177,-69,-21,1481,1496,-0.72,1.28,2.8520,2.9950,7.2732,0
6.194,-71,-21,1477,1496,-0.72,1.28,2.9972,2.7295,6.7863,0
6.211,-72,-21,1479,1496,-0.72,1.28,2.9972,2.7295,6.7863,0
6.229,-75,-21,1473,1496,-0.72,1.28,2.9972,2.7295,6.7863,0
6.246,-76,-21,1476,1496,-0.72,1.28,2.9972,2.7295,6.7863,0
6.263,-77,-21,1478,1496,-0.72,1.28,2.9972,2.7295,6.7863,0
6.281,-79,-21,1475,1496,-0.72,1.28,2.9972,2.7295,6.7863,0
6.298,-81,-21,1474,1496,-0.72,1.28,2.9972,2.7295,6.7863,0
6.316,-82,-21,1476,1496,-0.72,1.28,2.9972,2.7295,6.7863,0
6.333,-84,-21,1474,1496,-0.72,1.28,2.9972,2.7295,6.7863,0
6.350,-86,-21,1472,1496,-0.72,1.28,2.9972,2.7295,6.7863,0
6.368,-88,-21,1472,1496,-0.72,1.28,2.9972,2.7295,6.7863,0
6.385,-90,-21,1471,1496,-0.93,1.40,2.9972,2.7295,6.7863,0
6.402,-91,-21,1474,1496,-0.93,1.40,2.9972,2.7295,6.7863,0
6.420,-93,-21,1472,1496,-0.93,1.40,2.9972,2.7295,6.7863,0
6.438,-95,-21,1471,1496,-0.93,1.40,2.9972,2.7295,6.7863,0
6.455,-97,-20,1470,1499,-0.93,1.40,3.3086,2.5486,7.2816,0
6.473,-99,-20,1469,1498,-0.93,1.40,3.3086,2.5486,7.2816,0
6.490,-100,-20,1472,1497,-0.93,1.40,3.3086,2.5486,7.2816,0
6.508,-103,-20,1467,1497,-0.93,1.40,3.3086,2.5486,7.2816,0
6.525,-104,-20,1470,1496,-0.93,1.40,3.3086,2.5486,7.2816,0
6.542,-106,-20,1469,1496,-0.93,1.40,3.3086,2.5486,7.2816,0
6.559,-107,-20,1471,1496,-0.93,1.40,3.3086,2.5486,7.2816,0
6.576,-109,-20,1469,1496,-0.93,1.40,3.3086,2.5486,7.2816,0
6.593,-111,-20,1467,1496,-0.93,1.40,3.3086,2.5486,7.2816,0
6.612,-114,-20,1464,1496,-0.93,1.40,3.3086,2.5486,7.2816,0
6.629,-116,-20,1465,1496,-0.93,1.40,3.3086,2.5486,7.2816,0
6.646,-117,-20,1468,1496,-1.43,1.44,3.3086,2.5486,7.2816,0
6.663,-119,-20,1466,1496,-1.43,1.44,3.3086,2.5486,7.2816,0
6.680,-120,-20,1468,1496,-1.43,1.44,3.3086,2.5486,7.2816,0
6.697,-121,-20,1469,1496,-1.43,1.44,1.8389,3.4276,5.2441,0
6.715,-123,-20,1467,1496,-1.43,1.44,1.8389,3.4276,5.2441,0
6.733,-124,-20,1468,1496,-1.43,1.44,1.8389,3.4276,5.2441,0
6.750,-125,-20,1469,1496,-1.43,1.44,1.8389,3.4276,5.2441,0
6.768,-126,-20,1469,1496,-1.43,1.44,1.8389,3.4276,5.2441,0
6.785,-128,-20,1466,1496,-1.43,1.44,1.8389,3.4276,5.2441,0
6.803,-129,-20,1467,1496,-1.43,1.44,1.8389,3.4276,5.2441,0
6.821,-130,-20,1468,1496,-1.43,1.44,1.8389,3.4276,5.2441,0
6.839,-132,-20,1465,1496,-1.43,1.44,1.8389,3.4276,5.2441,0
6.856,-132,-20,1470,1496,-1.43,1.44,1.8389,3.4276,5.2441,0
6.874,-133,-19,1469,1499,-1.43,1.44,1.8389,3.4276,5.2441,0
6.891,-134,-20,1468,1495,-1.28,0.98,1.8389,3.4276,5.2441,0
6.910,-135,-20,1468,1496,-1.28,0.98,1.8389,3.4276,5.2441,0
6.928,-136,-19,1468,1499,-1.28,0.98,1.8389,3.4276,5.2441,0
6.946,-137,-19,1468,1498,-1.28,0.98,2.9639,3.1604,6.3823,0
6.963,-137,-19,1470,1497,-1.28,0.98,2.9639,3.1604,6.3823,0
6.980,-138,-19,1468,1497,-1.28,0.98,2.9639,3.1604,6.3823,0
6.997,-138,-19,1471,1497,-1.28,0.98,2.9639,3.1604,6.3823,0
7.015,-139,-19,1469,1497,-1.28,0.98,2.9639,3.1604,6.3823,0
7.032,-139,-19,1471,1497,-1.28,0.98,2.9639,3.1604,6.3823,0
7.049,-139,-19,1472,1497,-1.28,0.98,2.9639,3.1604,6.3823,0
7.066,-140,-19,1469,1497,-1.28,0.98,2.9639,3.1604,6.3823,0
7.084,-140,-19,1471,1497,-1.28,0.98,2.9639,3.1604,6.3823,0
7.101,-139,-19,1475,1497,-1.28,0.98,2.9639,3.1604,6.3823,0
7.119,-139,-19,1474,1497,-1.28,0.98,2.9639,3.1604,6.3823,0
7.136,-138,-19,1476,1497,-0.76,0.90,2.9639,3.1604,6.3823,0
7.153,-138,-19,1475,1497,-0.76,0.90,2.9639,3.1604,6.3823,0
7.170,-137,-19,1477,1497,-0.76,0.90,2.9639,3.1604,6.3823,0
7.187,-137,-19,1475,1497,-0.76,0.90,2.9639,3.1604,6.3823,0
7.204,-136,-19,1477,1497,-0.76,0.90,2.7670,3.2144,6.6051,0
7.223,-136,-19,1475,1497,-0.76,0.90,2.7670,3.2144,6.6051,0
7.240,-135,-19,1477,1497,-0.76,0.90,2.7670,3.2144,6.6051,0
7.257,-135,-19,1475,1497,-0.76,0.90,2.7670,3.2144,6.6051,0
7.275,-135,-19,1474,1497,-0.76,0.90,2.7670,3.2144,6.6051,0
7.292,-134,-19,1477,1497,-0.76,0.90,2.7670,3.2144,6.6051,0
7.309,-134,-19,1475,1497,-0.76,0.90,2.7670,3.2144,6.6051,0
7.327,-133,-19,1477,1497,-0.76,0.90,2.7670,3.2144,6.6051,0
7.344,-133,-19,1476,1497,-0.76,0.90,2.7670,3.2144,6.6051,0
7.362,-133,-19,1475,1497,-0.76,0.90,2.7670,3.2144,6.6051,0
7.379,-132,-19,1477,1497,-0.20,0.78,2.7670,3.2144,6.6051,0
7.396,-132,-19,1476,1497,-0.20,0.78,2.7670,3.2144,6.6051,0
7.414,-132,-19,1475,1497,-0.20,0.78,2.7670,3.2144,6.6051,0
7.431,-131,-19,1478,1497,-0.20,0.78,2.7670,3.2144,6.6051,0
7.449,-131,-19,1476,1497,-0.20,0.78,2.4921,3.1772,6.2127,0
7.466,-129,-19,1481,1497,-0.20,0.78,2.4921,3.1772,6.2127,0
7.483,-129,-19,1478,1497,-0.20,0.78,2.4921,3.1772,6.2127,0
7.500,-128,-19,1479,1497,-0.20,0.78,2.4921,3.1772,6.2127,0
7.517,-127,-19,1480,1497,-0.20,0.78,2.4921,3.1772,6.2127,0
7.535,-126,-19,1481,1497,-0.20,0.78,2.4921,3.1772,6.2127,0
7.552,-125,-19,1481,1497,-0.20,0.78,2.4921,3.1772,6.2127,0
7.569,-125,-19,1478,1497,-0.20,0.78,2.4921,3.1772,6.2127,0
7.586,-124,-19,1480,1497,-0.20,0.78,2.4921,3.1772,6.2127,0
7.603,-123,-19,1481,1497,-0.20,0.78,2.4921,3.1772,6.2127,0
7.620,-121,-19,1485,1497,-0.20,0.78,2.4921,3.1772,6.2127,0
7.638,-121,-19,1480,1497,0.11,0.83,2.4921,3.1772,6.2127,0
7.655,-119,-19,1485,1497,0.11,0.83,2.4921,3.1772,6.2127,0
7.672,-118,-19,1484,1497,0.11,0.83,2.4921,3.1772,6.2127,0
7.689,-117,-19,1483,1497,0.11,0.83,2.6216,3.3567,6.9716,0
7.706,-116,-20,1483,1493,0.11,0.83,2.6216,3.3567,6.9716,0
7.724,-115,-19,1483,1498,0.11,0.83,2.6216,3.3567,6.9716,0
7.741,-114,-19,1483,1497,0.11,0.83,2.6216,3.3567,6.9716,0
7.759,-114,-19,1481,1497,0.11,0.83,2.6216,3.3567,6.9716,0
7.776,-113,-20,1482,1494,0.11,0.83,2.6216,3.3567,6.9716,0
7.794,-113,-20,1480,1495,0.11,0.83,2.6216,3.3567,6.9716,0
7.811,-112,-20,1482,1496,0.11,0.83,2.6216,3.3567,6.9716,0
7.828,-111,-20,1483,1496,0.11,0.83,2.6216,3.3567,6.9716,0
7.845,-110,-20,1484,1496,0.11,0.83,2.6216,3.3567,6.9716,0
7.862,-109,-19,1484,1499,0.11,0.83,2.6216,3.3567,6.9716,0
7.880,-108,-20,1484,1495,0.18,0.96,2.6216,3.3567,6.9716,0
7.897,-106,-19,1488,1499,0.18,0.96,2.6216,3.3567,6.9716,0
7.915,-103,-20,1493,1495,0.18,0.96,2.6216,3.3567,6.9716,0
7.934,-101,-20,1492,1495,0.18,0.96,2.6216,3.3567,6.9716,0
7.951,-99,-20,1492,1496,0.18,0.96,3.0097,2.8964,7.3821,0
7.969,-98,-20,1489,1496,0.18,0.96,3.0097,2.8964,7.3821,0
7.986,-95,-20,1494,1496,0.18,0.96,3.0097,2.8964,7.3821,0
8.003,-93,-20,1494,1496,0.18,0.96,3.0097,2.8964,7.3821,0
8.021,-91,-20,1494,1496,0.18,0.96,3.0097,2.8964,7.3821,0
8.038,-85,-20,1506,1496,0.18,0.96,3.0097,2.8964,7.3821,0
8.056,-83,-20,1500,1496,0.18,0.96,3.0097,2.8964,7.3821,0
8.073,-81,-20,1499,1496,0.18,0.96,3.0097,2.8964,7.3821,0
8.090,-78,-20,1500,1496,0.18,0.96,3.0097,2.8964,7.3821,0
8.107,-76,-20,1499,1496,0.18,0.96,3.0097,2.8964,7.3821,0
8.124,-71,-20,1507,1496,0.18,0.96,3.0097,2.8964,7.3821,0
8.142,-68,-20,1505,1496,0.05,1.29,3.0097,2.8964,7.3821,0
8.159,-65,-20,1505,1496,0.05,1.29,3.0097,2.8964,7.3821,0
8.178,-63,-20,1501,1496,0.05,1.29,3.0097,2.8964,7.3821,0
8.195,-61,-20,1500,1496,0.05,1.29,3.0684,2.9345,6.9040,0
8.212,-58,-20,1503,1496,0.05,1.29,3.0684,2.9345,6.9040,1
8.229,-54,-20,1508,1496,0.05,1.29,3.0684,2.9345,6.9040,1
8.247,-52,-20,1504,1496,0.05,1.29,3.0684,2.9345,6.9040,1
8.264,-50,-20,1503,1496,0.05,1.29,3.0684,2.9345,6.9040,1
8.282,-48,-20,1502,1496,0.05,1.29,3.0684,2.9345,6.9040,1
8.299,-47,-20,1500,1496,0.05,1.29,3.0684,2.9345,6.9040,1
8.317,-46,-19,1499,1499,0.05,1.29,3.0684,2.9345,6.9040,1
8.336,-44,-20,1500,1495,0.05,1.29,3.0684,2.9345,6.9040,1
8.354,-43,-20,1499,1496,0.05,1.29,3.0684,2.9345,6.9040,1
8.371,-41,-20,1501,1496,0.05,1.29,3.0684,2.9345,6.9040,1
8.388,-39,-20,1502,1496,-0.10,1.44,3.0684,2.9345,6.9040,1
8.406,-37,-20,1503,1496,-0.10,1.44,3.0684,2.9345,6.9040,1
8.423,-35,-20,1504,1496,-0.10,1.44,3.0684,2.9345,6.9040,1
8.441,-33,-20,1504,1496,-0.10,1.44,3.0684,2.9345,6.9040,1
8.458,-31,-20,1505,1496,-0.10,1.44,1.9988,3.1651,4.8689,1
8.475,-30,-19,1502,1499,-0.10,1.44,1.9988,3.1651,4.8689,1
8.493,-28,-19,1504,1498,-0.10,1.44,1.9988,3.1651,4.8689,1
8.510,-26,-19,1505,1497,-0.10,1.44,1.9988,3.1651,4.8689,1
8.528,-22,-19,1512,1497,-0.10,1.44,1.9988,3.1651,4.8689,1
8.545,-20,-19,1510,1497,-0.10,1.44,1.9988,3.1651,4.8689,1
8.564,-19,-19,1505,1497,-0.10,1.44,1.9988,3.1651,4.8689,1
8.582,-17,-19,1506,1497,-0.10,1.44,1.9988,3.1651,4.8689,1
8.599,-16,-19,1504,1497,-0.10,1.44,1.9988,3.1651,4.8689,1
8.617,-15,-19,1503,1497,-0.10,1.44,1.9988,3.1651,4.8689,1
8.634,-13,-19,1506,1497,-0.02,1.36,1.9988,3.1651,4.8689,1
8.651,-12,-19,1505,1497,-0.02,1.36,1.9988,3.1651,4.8689,1
8.671,-11,-19,1503,1497,-0.02,1.36,1.9988,3.1651,4.8689,1
8.688,-10,-19,1503,1497,-0.02,1.36,1.9988,3.1651,4.8689,1
8.706,-8,-19,1507,1497,-0.02,1.36,2.8228,3.1564,6.5622,1
8.723,-7,-19,1505,1497,-0.02,1.36,2.8228,3.1564,6.5622,1
8.740,-6,-19,1505,1497,-0.02,1.36,2.8228,3.1564,6.5622,1
8.758,-5,-19,1505,1497,-0.02,1.36,2.8228,3.1564,6.5622,1
8.775,-5,-19,1501,1497,-0.02,1.36,2.8228,3.1564,6.5622,1
8.793,-4,-19,1503,1497,-0.02,1.36,2.8228,3.1564,6.5622,1
8.810,-3,-19,1504,1497,-0.02,1.36,2.8228,3.1564,6.5622,1
8.827,-3,-18,1501,1500,-0.02,1.36,2.8228,3.1564,6.5622,1
8.845,-4,-18,1498,1498,-0.02,1.36,2.8228,3.1564,6.5622,1
8.862,-4,-18,1499,1497,-0.02,1.36,2.8228,3.1564,6.5622,1
8.880,-4,-18,1499,1497,-0.14,1.11,2.8228,3.1564,6.5622,1
8.897,-4,-18,1499,1497,-0.14,1.11,2.8228,3.1564,6.5622,1
8.914,-4,-18,1500,1497,-0.14,1.11,2.8228,3.1564,6.5622,1
8.931,-4,-18,1500,1497,-0.14,1.11,2.8228,3.1564,6.5622,1
8.949,-4,-18,1500,1497,-0.14,1.11,1.9075,2.5686,6.8897,1
8.967,-5,-18,1496,1497,-0.14,1.11,1.9075,2.5686,6.8897,1
8.984,-5,-18,1498,1497,-0.14,1.11,1.9075,2.5686,6.8897,1
9.002,-5,-18,1499,1497,-0.14,1.11,1.9075,2.5686,6.8897,1
9.020,-5,-18,1499,1497,-0.14,1.11,1.9075,2.5686,6.8897,1
9.037,-5,-18,1499,1497,-0.14,1.11,1.9075,2.5686,6.8897,1
9.054,-5,-18,1499,1497,-0.14,1.11,1.9075,2.5686,6.8897,1
9.073,-5,-18,1499,1497,-0.14,1.11,1.9075,2.5686,6.8897,1
9.090,-6,-18,1496,1497,-0.14,1.11,1.9075,2.5686,6.8897,1
9.109,-6,-18,1498,1497,-0.14,1.11,1.9075,2.5686,6.8897,1
9.126,-6,-18,1498,1497,-0.14,1.11,1.9075,2.5686,6.8897,1
9.143,-7,-18,1496,1497,-0.17,0.50,1.9075,2.5686,6.8897,1
9.160,-7,-18,1497,1497,-0.17,0.50,1.9075,2.5686,6.8897,1
9.177,-8,-18,1495,1497,-0.17,0.50,1.9075,2.5686,6.8897,1
9.194,-9,-18,1494,1497,-0.17,0.50,1.7558,2.7266,6.6021,1
9.212,-10,-18,1493,1497,-0.17,0.50,1.7558,2.7266,6.6021,1
9.229,-10,-18,1496,1497,-0.17,0.50,1.7558,2.7266,6.6021,1
9.246,-11,-18,1494,1497,-0.17,0.50,1.7558,2.7266,6.6021,1
9.264,-13,-18,1490,1497,-0.17,0.50,1.7558,2.7266,6.6021,1
9.281,-14,-18,1491,1497,-0.17,0.50,1.7558,2.7266,6.6021,1
9.298,-15,-18,1491,1497,-0.17,0.50,1.7558,2.7266,6.6021,1
9.315,-16,-18,1491,1497,-0.17,0.50,1.7558,2.7266,6.6021,1
9.333,-18,-18,1488,1497,-0.17,0.50,1.7558,2.7266,6.6021,1
9.350,-18,-18,1492,1497,-0.17,0.50,1.7558,2.7266,6.6021,1
9.371,-20,-18,1489,1497,-0.17,0.50,1.7558,2.7266,6.6021,1
9.388,-21,-18,1490,1497,-0.04,0.05,1.7558,2.7266,6.6021,1
9.406,-22,-18,1490,1497,-0.04,0.05,1.7558,2.7266,6.6021,1
9.423,-23,-18,1490,1497,-0.04,0.05,1.7558,2.7266,6.6021,1
9.440,-23,-18,1493,1497,-0.04,0.05,1.7558,2.7266,6.6021,1
9.458,-24,-18,1491,1497,-0.04,0.05,2.4553,3.2386,6.7069,1
9.476,-24,-18,1494,1497,-0.04,0.05,2.4553,3.2386,6.7069,1
9.493,-25,-18,1491,1497,-0.04,0.05,2.4553,3.2386,6.7069,1
9.510,-26,-18,1490,1497,-0.04,0.05,2.4553,3.2386,6.7069,1
9.527,-26,-18,1493,1497,-0.04,0.05,2.4553,3.2386,6.7069,1
9.544,-27,-18,1491,1497,-0.04,0.05,2.4553,3.2386,6.7069,1
9.562,-28,-18,1490,1497,-0.04,0.05,2.4553,3.2386,6.7069,1
9.580,-28,-18,1492,1497,-0.04,0.05,2.4553,3.2386,6.7069,1
9.598,-28,-18,1494,1497,-0.04,0.05,2.4553,3.2386,6.7069,1
9.615,-28,-19,1494,1494,-0.04,0.05,2.4553,3.2386,6.7069,1
9.632,-28,-18,1494,1498,0.43,-0.13,2.4553,3.2386,6.7069,1
9.649,-27,-19,1498,1494,0.43,-0.13,2.4553,3.2386,6.7069,1
9.667,-27,-18,1496,1499,0.43,-0.13,2.4553,3.2386,6.7069,1
9.685,-26,-18,1499,1498,0.43,-0.13,2.4553,3.2386,6.7069,1
9.703,-26,-19,1497,1494,0.43,-0.13,3.2354,2.8552,7.3128,1
9.720,-24,-19,1501,1495,0.43,-0.13,3.2354,2.8552,7.3128,1
9.737,-23,-19,1501,1496,0.43,-0.13,3.2354,2.8552,7.3128,1
9.754,-21,-19,1504,1496,0.43,-0.13,3.2354,2.8552,7.3128,1
9.773,-20,-19,1503,1496,0.43,-0.13,3.2354,2.8552,7.3128,1
9.790,-19,-19,1502,1496,0.43,-0.13,3.2354,2.8552,7.3128,1
9.808,-18,-19,1502,1496,0.43,-0.13,3.2354,2.8552,7.3128,1
9.825,-16,-19,1505,1496,0.43,-0.13,3.2354,2.8552,7.3128,1
9.843,-15,-19,1504,1496,0.43,-0.13,3.2354,2.8552,7.3128,1
9.861,-13,-19,1506,1496,0.43,-0.13,3.2354,2.8552,7.3128,1
9.878,-11,-20,1508,1493,0.43,-0.13,3.2354,2.8552,7.3128,1
9.895,-10,-19,1506,1498,0.25,0.05,3.2354,2.8552,7.3128,1
9.912,-8,-19,1508,1497,0.25,0.05,3.2354,2.8552,7.3128,1
9.929,-6,-19,1509,1497,0.25,0.05,3.2354,2.8552,7.3128,1
9.947,-3,-20,1513,1494,0.25,0.05,3.3504,2.6592,7.1273,1
9.964,-1,-20,1512,1495,0.25,0.05,3.3504,2.6592,7.1273,1
9.981,1,-20,1512,1496,0.25,0.05,3.3504,2.6592,7.1273,1
9.999,1,-20,1506,1496,0.25,0.05,3.3504,2.6592,7.1273,1
10.016,3,-20,1509,1496,0.25,0.05,3.3504,2.6592,7.1273,1
10.036,4,-21,1507,1493,0.25,0.05,3.3504,2.6592,7.1273,1
10.053,5,-21,1507,1495,0.25,0.05,3.3504,2.6592,7.1273,1
10.071,7,-21,1510,1495,0.25,0.05,3.3504,2.6592,7.1273,1
10.090,8,-21,1508,1496,0.25,0.05,3.3504,2.6592,7.1273,1
10.107,8,-20,1505,1499,0.25,0.05,3.3504,2.6592,7.1273,1
10.124,9,-21,1506,1494,0.25,0.05,3.3504,2.6592,7.1273,1
10.141,9,-20,1504,1498,0.17,0.32,3.3504,2.6592,7.1273,1
10.159,11,-20,1509,1497,0.17,0.32,3.3504,2.6592,7.1273,1
10.176,12,-21,1508,1494,0.17,0.32,3.3504,2.6592,7.1273,1
10.194,13,-21,1508,1495,0.17,0.32,2.9607,2.6887,6.1132,1
10.211,15,-21,1511,1496,0.17,0.32,2.9607,2.6887,6.1132,1
10.228,15,-21,1507,1496,0.17,0.32,2.9607,2.6887,6.1132,1
10.245,16,-21,1508,1496,0.17,0.32,2.9607,2.6887,6.1132,1
10.263,17,-21,1508,1496,0.17,0.32,2.9607,2.6887,6.1132,1
10.280,19,-21,1512,1496,0.17,0.32,2.9607,2.6887,6.1132,1
10.298,20,-21,1510,1496,0.17,0.32,2.9607,2.6887,6.1132,1
10.316,21,-21,1510,1496,0.17,0.32,2.9607,2.6887,6.1132,1
10.333,22,-21,1510,1496,0.17,0.32,2.9607,2.6887,6.1132,1
10.351,23,-21,1510,1496,0.17,0.32,2.9607,2.6887,6.1132,1
10.368,24,-21,1510,1496,0.17,0.32,2.9607,2.6887,6.1132,1
10.386,25,-22,1510,1493,-0.25,0.17,2.9607,2.6887,6.1132,1
10.403,26,-22,1510,1494,-0.25,0.17,2.9607,2.6887,6.1132,1
10.420,26,-21,1508,1498,-0.25,0.17,2.9607,2.6887,6.1132,1
10.437,26,-22,1506,1494,-0.25,0.17,2.9607,2.6887,6.1132,1
10.454,26,-22,1505,1495,-0.25,0.17,1.3595,3.5955,4.8424,1
10.472,26,-22,1505,1495,-0.25,0.17,1.3595,3.5955,4.8424,1
10.490,27,-22,1508,1496,-0.25,0.17,1.3595,3.5955,4.8424,1
10.507,27,-22,1506,1496,-0.25,0.17,1.3595,3.5955,4.8424,1
10.525,27,-22,1506,1496,-0.25,0.17,1.3595,3.5955,4.8424,1
10.542,28,-22,1508,1496,-0.25,0.17,1.3595,3.5955,4.8424,1
10.559,28,-22,1507,1496,-0.25,0.17,1.3595,3.5955,4.8424,1
10.576,28,-22,1506,1496,-0.25,0.17,1.3595,3.5955,4.8424,1
10.597,27,-22,1503,1496,-0.25,0.17,1.3595,3.5955,4.8424,1
10.614,27,-22,1504,1496,-0.25,0.17,1.3595,3.5955,4.8424,1
10.631,27,-22,1504,1496,-0.56,0.51,1.3595,3.5955,4.8424,1
10.648,27,-22,1505,1496,-0.56,0.51,1.3595,3.5955,4.8424,1
10.666,28,-22,1508,1496,-0.56,0.51,1.3595,3.5955,4.8424,1
10.684,28,-22,1506,1496,-0.56,0.51,1.3595,3.5955,4.8424,1
10.703,29,-22,1509,1496,-0.56,0.51,3.5780,2.9690,7.0395,1
10.720,29,-22,1507,1496,-0.56,0.51,3.5780,2.9690,7.0395,1
10.738,29,-22,1506,1496,-0.56,0.51,3.5780,2.9690,7.0395,1
10.755,30,-22,1509,1496,-0.56,0.51,3.5780,2.9690,7.0395,1
10.773,32,-22,1513,1496,-0.56,0.51,3.5780,2.9690,7.0395,1
10.790,33,-22,1513,1496,-0.56,0.51,3.5780,2.9690,7.0395,1
10.807,34,-22,1512,1496,-0.56,0.51,3.5780,2.9690,7.0395,1
10.825,35,-22,1512,1496,-0.56,0.51,3.5780,2.9690,7.0395,1
10.842,36,-22,1513,1496,-0.56,0.51,3.5780,2.9690,7.0395,1
10.859,36,-22,1510,1496,-0.56,0.51,3.5780,2.9690,7.0395,1
10.877,37,-22,1511,1496,-0.55,0.34,3.5780,2.9690,7.0395,1
10.894,37,-22,1509,1496,-0.55,0.34,3.5780,2.9690,7.0395,1
10.911,37,-22,1508,1496,-0.55,0.34,3.5780,2.9690,7.0395,1
10.928,38,-22,1511,1496,-0.55,0.34,3.5780,2.9690,7.0395,1
10.946,38,-22,1509,1496,-0.55,0.34,2.6240,3.4261,5.2399,1
10.963,38,-23,1508,1493,-0.55,0.34,2.6240,3.4261,5.2399,1
10.981,39,-22,1511,1497,-0.55,0.34,2.6240,3.4261,5.2399,1
10.998,38,-23,1506,1494,-0.55,0.34,2.6240,3.4261,5.2399,1
11.015,38,-22,1507,1498,-0.55,0.34,2.6240,3.4261,5.2399,1
11.032,38,-23,1507,1494,-0.55,0.34,2.6240,3.4261,5.2399,1
11.049,38,-23,1507,1495,-0.55,0.34,2.6240,3.4261,5.2399,1
11.067,38,-23,1507,1495,-0.55,0.34,2.6240,3.4261,5.2399,1
11.084,39,-23,1510,1495,-0.55,0.34,2.6240,3.4261,5.2399,1
11.101,39,-23,1509,1496,-0.55,0.34,2.6240,3.4261,5.2399,1
11.119,40,-22,1511,1499,-0.55,0.34,2.6240,3.4261,5.2399,1
11.136,40,-22,1509,1497,0.21,0.08,2.6240,3.4261,5.2399,1
11.154,41,-22,1511,1497,0.21,0.08,2.6240,3.4261,5.2399,1
11.171,42,-23,1513,1493,0.21,0.08,2.6240,3.4261,5.2399,1
11.188,43,-23,1513,1494,0.21,0.08,2.6240,3.4261,5.2399,1
11.206,44,-23,1514,1495,0.21,0.08,3.2460,3.7573,5.5623,1
11.223,45,-23,1514,1495,0.21,0.08,3.2460,3.7573,5.5623,1
11.241,47,-24,1517,1493,0.21,0.08,3.2460,3.7573,5.5623,1
11.258,48,-23,1516,1497,0.21,0.08,3.2460,3.7573,5.5623,1
11.276,49,-23,1516,1496,0.21,0.08,3.2460,3.7573,5.5623,1
11.294,51,-23,1518,1496,0.21,0.08,3.2460,3.7573,5.5623,1
11.312,52,-23,1517,1496,0.21,0.08,3.2460,3.7573,5.5623,1
11.329,53,-23,1517,1496,0.21,0.08,3.2460,3.7573,5.5623,1
11.346,54,-23,1517,1496,0.21,0.08,3.2460,3.7573,5.5623,1
11.363,56,-23,1520,1496,0.21,0.08,3.2460,3.7573,5.5623,1
11.380,57,-23,1518,1496,1.46,-0.18,3.2460,3.7573,5.5623,1
11.397,57,-23,1515,1496,1.46,-0.18,3.2460,3.7573,5.5623,1
11.414,57,-23,1513,1496,1.46,-0.18,3.2460,3.7573,5.5623,1
11.431,58,-23,1515,1496,1.46,-0.18,3.2460,3.7573,5.5623,1
11.448,58,-23,1513,1496,1.46,-0.18,3.0080,3.4457,5.6683,1
11.465,59,-23,1515,1496,1.46,-0.18,3.0080,3.4457,5.6683,1
11.484,60,-23,1516,1496,1.46,-0.18,3.0080,3.4457,5.6683,1
11.501,61,-23,1517,1496,1.46,-0.18,3.0080,3.4457,5.6683,0
11.518,62,-23,1518,1496,1.46,-0.18,3.0080,3.4457,5.6683,0
11.536,63,-23,1518,1496,1.46,-0.18,3.0080,3.4457,5.6683,0
11.555,64,-23,1518,1496,1.46,-0.18,3.0080,3.4457,5.6683,0
11.573,66,-23,1521,1496,1.46,-0.18,3.0080,3.4457,5.6683,0
11.590,68,-23,1523,1496,1.46,-0.18,3.0080,3.4457,5.6683,0
11.607,70,-23,1524,1496,1.46,-0.18,3.0080,3.4457,5.6683,0
11.625,72,-23,1525,1496,2.02,-0.11,3.0080,3.4457,5.6683,0
11.642,74,-23,1526,1496,2.02,-0.11,3.0080,3.4457,5.6683,0
11.659,76,-23,1526,1496,2.02,-0.11,3.0080,3.4457,5.6683,0
11.676,78,-23,1527,1496,2.02,-0.11,3.0080,3.4457,5.6683,0
11.693,80,-22,1527,1499,2.02,-0.11,2.9198,3.3023,6.2191,0
11.710,81,-23,1525,1494,2.02,-0.11,2.9198,3.3023,6.2191,0
11.727,83,-23,1526,1495,2.02,-0.11,2.9198,3.3023,6.2191,0
11.744,84,-23,1524,1495,2.02,-0.11,2.9198,3.3023,6.2191,0
11.761,85,-23,1524,1496,2.02,-0.11,2.9198,3.3023,6.2191,0
11.778,87,-22,1526,1499,2.02,-0.11,2.9198,3.3023,6.2191,0
11.795,88,-22,1525,1497,2.02,-0.11,2.9198,3.3023,6.2191,0
11.812,90,-22,1527,1497,2.02,-0.11,2.9198,3.3023,6.2191,0
11.830,91,-22,1526,1496,2.02,-0.11,2.9198,3.3023,6.2191,0
11.847,92,-22,1525,1496,2.02,-0.11,2.9198,3.3023,6.2191,0
11.864,94,-22,1528,1496,2.02,-0.11,2.9198,3.3023,6.2191,0
11.883,95,-22,1526,1496,1.82,0.43,2.9198,3.3023,6.2191,0
11.900,97,-22,1528,1496,1.82,0.43,2.9198,3.3023,6.2191,0
11.918,98,-23,1527,1493,1.82,0.43,2.9198,3.3023,6.2191,0
11.935,100,-23,1529,1494,1.82,0.43,2.9198,3.3023,6.2191,0
11.952,102,-23,1531,1495,1.82,0.43,3.0549,2.9565,6.4292,0
11.970,103,-22,1528,1498,1.82,0.43,3.0549,2.9565,6.4292,0
11.987,106,-22,1534,1497,1.82,0.43,3.0549,2.9565,6.4292,0
12.004,108,-22,1533,1497,1.82,0.43,3.0549,2.9565,6.4292,0
12.022,110,-22,1533,1496,1.82,0.43,3.0549,2.9565,6.4292,0
12.040,113,-22,1537,1496,1.82,0.43,3.0549,2.9565,6.4292,0
12.057,115,-22,1536,1496,1.82,0.43,3.0549,2.9565,6.4292,0
12.074,117,-22,1535,1496,1.82,0.43,3.0549,2.9565,6.4292,0
12.092,120,-22,1538,1496,1.82,0.43,3.0549,2.9565,6.4292,0
12.109,122,-22,1537,1496,1.82,0.43,3.0549,2.9565,6.4292,0
12.126,123,-22,1534,1496,2.09,0.82,3.0549,2.9565,6.4292,0
12.144,127,-22,1541,1496,2.09,0.82,3.0549,2.9565,6.4292,0
12.161,129,-21,1539,1499,2.09,0.82,3.0549,2.9565,6.4292,0
12.178,130,-21,1535,1498,2.09,0.82,3.0549,2.9565,6.4292,0
12.196,131,-21,1534,1497,2.09,0.82,2.6615,3.4183,5.8800,0
12.213,133,-21,1536,1496,2.09,0.82,2.6615,3.4183,5.8800,0
12.230,134,-21,1534,1496,2.09,0.82,2.6615,3.4183,5.8800,0
12.247,135,-21,1533,1496,2.09,0.82,2.6615,3.4183,5.8800,0
12.265,136,-21,1533,1496,2.09,0.82,2.6615,3.4183,5.8800,0
12.282,137,-21,1533,1496,2.09,0.82,2.6615,3.4183,5.8800,0
12.299,137,-21,1530,1496,2.09,0.82,2.6615,3.4183,5.8800,0
12.317,139,-21,1535,1496,2.09,0.82,2.6615,3.4183,5.8800,0
12.334,139,-21,1531,1496,2.09,0.82,2.6615,3.4183,5.8800,0
12.351,140,-21,1532,1496,2.09,0.82,2.6615,3.4183,5.8800,0
12.368,141,-20,1533,1499,2.09,0.82,2.6615,3.4183,5.8800,0
12.385,143,-20,1537,1498,1.66,1.05,2.6615,3.4183,5.8800,0
12.402,144,-20,1536,1497,1.66,1.05,2.6615,3.4183,5.8800,0
12.420,145,-20,1535,1497,1.66,1.05,2.6615,3.4183,5.8800,0
12.438,147,-20,1538,1496,1.66,1.05,2.9955,3.0679,6.3932,0
12.455,148,-20,1537,1496,1.66,1.05,2.9955,3.0679,6.3932,0
12.472,149,-20,1536,1496,1.66,1.05,2.9955,3.0679,6.3932,0
12.489,150,-20,1536,1496,1.66,1.05,2.9955,3.0679,6.3932,0
12.506,150,-20,1533,1496,1.66,1.05,2.9955,3.0679,6.3932,0
12.524,151,-20,1534,1496,1.66,1.05,2.9955,3.0679,6.3932,0
12.541,151,-19,1532,1499,1.66,1.05,2.9955,3.0679,6.3932,0
12.558,152,-19,1534,1498,1.66,1.05,2.9955,3.0679,6.3932,0
12.575,152,-19,1532,1497,1.66,1.05,2.9955,3.0679,6.3932,0
12.592,152,-19,1531,1497,1.66,1.05,2.9955,3.0679,6.3932,0
12.609,153,-18,1534,1500,1.66,1.05,2.9955,3.0679,6.3932,0
12.627,153,-18,1532,1498,1.66,1.05,2.9955,3.0679,6.3932,0
12.645,153,-18,1531,1497,1.59,1.10,2.9955,3.0679,6.3932,0
12.664,153,-18,1531,1497,1.59,1.10,2.9955,3.0679,6.3932,0
12.681,153,-18,1530,1497,1.59,1.10,2.9955,3.0679,6.3932,0
12.699,153,-18,1530,1497,1.59,1.10,3.6841,2.3285,7.6707,0
12.716,153,-18,1530,1497,1.59,1.10,3.6841,2.3285,7.6707,0
12.733,152,-18,1527,1497,1.59,1.10,3.6841,2.3285,7.6707,0
12.751,152,-18,1529,1497,1.59,1.10,3.6841,2.3285,7.6707,0
12.769,152,-17,1529,1500,1.59,1.10,3.6841,2.3285,7.6707,0
12.786,151,-17,1527,1498,1.59,1.10,3.6841,2.3285,7.6707,0
12.804,150,-17,1525,1498,1.59,1.10,3.6841,2.3285,7.6707,0
12.821,150,-17,1527,1497,1.59,1.10,3.6841,2.3285,7.6707,0
12.838,149,-17,1525,1497,1.59,1.10,3.6841,2.3285,7.6707,0
12.856,148,-16,1524,1500,1.59,1.10,3.6841,2.3285,7.6707,0
12.873,147,-16,1524,1499,1.59,1.10,3.6841,2.3285,7.6707,0
12.890,146,-16,1523,1498,0.80,1.01,3.6841,2.3285,7.6707,0
12.908,145,-16,1523,1497,0.80,1.01,3.6841,2.3285,7.6707,0
12.927,144,-16,1523,1497,0.80,1.01,3.6841,2.3285,7.6707,0
12.944,143,-16,1523,1497,0.80,1.01,3.2323,2.8372,6.1567,0
12.962,141,-16,1519,1497,0.80,1.01,3.2323,2.8372,6.1567,0
12.979,140,-15,1521,1500,0.80,1.01,3.2323,2.8372,6.1567,0
12.997,138,-15,1518,1499,0.80,1.01,3.2323,2.8372,6.1567,0
13.014,137,-15,1519,1498,0.80,1.01,3.2323,2.8372,6.1567,0
13.031,135,-15,1517,1498,0.80,1.01,3.2323,2.8372,6.1567,0
13.048,133,-15,1516,1497,0.80,1.01,3.2323,2.8372,6.1567,0
13.066,129,-15,1509,1497,0.80,1.01,3.2323,2.8372,6.1567,0
13.084,127,-15,1511,1497,0.80,1.01,3.2323,2.8372,6.1567,0
13.102,125,-14,1512,1500,0.80,1.01,3.2323,2.8372,6.1567,0
13.119,123,-14,1512,1499,0.80,1.01,3.2323,2.8372,6.1567,0
13.137,122,-14,1515,1498,-0.46,1.08,3.2323,2.8372,6.1567,0
13.154,120,-14,1513,1498,-0.46,1.08,3.2323,2.8372,6.1567,0
13.172,119,-14,1515,1498,-0.46,1.08,3.2323,2.8372,6.1567,0
13.191,117,-13,1514,1500,-0.46,1.08,2.6086,2.8466,6.5716,0
13.208,114,-13,1509,1499,-0.46,1.08,2.6086,2.8466,6.5716,0
13.229,112,-14,1510,1495,-0.46,1.08,2.6086,2.8466,6.5716,0
13.246,109,-15,1508,1494,-0.46,1.08,2.6086,2.8466,6.5716,0
13.264,108,-14,1512,1499,-0.46,1.08,2.6086,2.8466,6.5716,0
13.281,104,-15,1504,1495,-0.46,1.08,2.6086,2.8466,6.5716,0
13.299,103,-14,1509,1499,-0.46,1.08,2.6086,2.8466,6.5716,0
13.316,100,-15,1505,1495,-0.46,1.08,2.6086,2.8466,6.5716,0
13.333,98,-14,1506,1499,-0.46,1.08,2.6086,2.8466,6.5716,0
13.350,96,-14,1506,1498,-0.46,1.08,2.6086,2.8466,6.5716,0
13.367,92,-14,1500,1498,-0.46,1.08,2.6086,2.8466,6.5716,0
13.385,91,-14,1506,1498,-1.08,1.43,2.6086,2.8466,6.5716,0
13.402,89,-14,1506,1498,-1.08,1.43,2.6086,2.8466,6.5716,0
13.419,87,-13,1505,1500,-1.08,1.43,2.6086,2.8466,6.5716,0
13.436,85,-13,1505,1499,-1.08,1.43,3.1550,2.4519,6.5506,0
13.454,83,-12,1505,1501,-1.08,1.43,3.1550,2.4519,6.5506,0
13.471,81,-11,1504,1502,-1.08,1.43,3.1550,2.4519,6.5506,0
13.490,78,-12,1502,1498,-1.08,1.43,3.1550,2.4519,6.5506,0
13.507,76,-11,1502,1500,-1.08,1.43,3.1550,2.4519,6.5506,0
13.525,74,-12,1502,1496,-1.08,1.43,3.1550,2.4519,6.5506,0
13.542,68,-12,1491,1497,-1.08,1.43,3.1550,2.4519,6.5506,0
13.559,65,-11,1493,1500,-1.08,1.43,3.1550,2.4519,6.5506,0
13.576,61,-12,1491,1496,-1.08,1.43,3.1550,2.4519,6.5506,0
13.594,57,-11,1490,1500,-1.08,1.43,3.1550,2.4519,6.5506,1
13.612,53,-11,1489,1499,-1.08,1.43,3.1550,2.4519,6.5506,1
13.629,50,-11,1491,1499,-1.06,1.72,3.1550,2.4519,6.5506,1
13.646,46,-10,1488,1500,-1.06,1.72,3.1550,2.4519,6.5506,1
13.664,43,-10,1490,1500,-1.06,1.72,3.1550,2.4519,6.5506,1
13.681,36,-9,1478,1501,-1.06,1.72,3.1550,2.4519,6.5506,1
13.699,33,-10,1484,1497,-1.06,1.72,3.5177,2.3188,6.7248,1
13.717,29,-9,1484,1500,-1.06,1.72,3.5177,2.3188,6.7248,1
13.736,26,-10,1486,1496,-1.06,1.72,3.5177,2.3188,6.7248,1
13.753,22,-9,1484,1500,-1.06,1.72,3.5177,2.3188,6.7248,1
13.771,17,-10,1480,1496,-1.06,1.72,3.5177,2.3188,6.7248,1
13.788,13,-10,1479,1497,-1.06,1.72,3.5177,2.3188,6.7248,1
13.805,5,-9,1466,1500,-1.06,1.72,3.5177,2.3188,6.7248,1
13.823,1,-8,1472,1502,-1.06,1.72,3.5177,2.3188,6.7248,1
13.841,-2,-8,1477,1500,-1.06,1.72,3.5177,2.3188,6.7248,1
13.858,-6,-8,1476,1500,-1.06,1.72,3.5177,2.3188,6.7248,1
13.876,-13,-8,1467,1499,-0.39,1.48,3.5177,2.3188,6.7248,1
13.893,-17,-8,1470,1499,-0.39,1.48,3.5177,2.3188,6.7248,1
13.910,-20,-8,1474,1499,-0.39,1.48,3.5177,2.3188,6.7248,1
13.927,-24,-8,1473,1499,-0.39,1.48,3.5177,2.3188,6.7248,1
13.945,-27,-7,1475,1501,-0.39,1.48,3.0777,2.5925,6.3985,1
13.963,-31,-7,1473,1500,-0.39,1.48,3.0777,2.5925,6.3985,1
13.980,-34,-7,1474,1500,-0.39,1.48,3.0777,2.5925,6.3985,1
13.997,-37,-7,1475,1499,-0.39,1.48,3.0777,2.5925,6.3985,1
14.015,-40,-7,1475,1499,-0.39,1.48,3.0777,2.5925,6.3985,1
14.033,-43,-7,1475,1499,-0.39,1.48,3.0777,2.5925,6.3985,1
14.050,-49,-7,1465,1499,-0.39,1.48,3.0777,2.5925,6.3985,1
14.067,-52,-7,1469,1499,-0.39,1.48,3.0777,2.5925,6.3985,1
14.084,-55,-7,1470,1499,-0.39,1.48,3.0777,2.5925,6.3985,1
14.102,-57,-7,1474,1499,-0.39,1.48,3.0777,2.5925,6.3985,1
14.122,-62,-6,1468,1501,-0.39,1.48,3.0777,2.5925,6.3985,0
14.140,-65,-6,1469,1500,0.42,1.18,3.0777,2.5925,6.3985,0
14.157,-70,-6,1463,1500,0.42,1.18,3.0777,2.5925,6.3985,0
14.175,-72,-6,1469,1499,0.42,1.18,3.0777,2.5925,6.3985,0
14.192,-73,-7,1474,1496,0.42,1.18,3.0777,2.5925,6.3985,0
14.209,-76,-6,1471,1500,0.42,1.18,3.0777,2.5925,6.3985,0
14.226,-79,-6,1469,1500,0.42,1.18,3.0777,2.5925,6.3985,0
14.245,-80,-6,1474,1499,0.42,1.18,3.0777,2.5925,6.3985,0
14.262,-82,-5,1473,1501,0.42,1.18,3.0777,2.5925,6.3985,0
14.279,-83,-6,1475,1498,0.42,1.18,3.0777,2.5925,6.3985,0
14.296,-84,-6,1477,1498,0.42,1.18,3.0777,2.5925,6.3985,0
14.314,-84,-6,1480,1499,0.42,1.18,3.0777,2.5925,6.3985,0
14.331,-85,-6,1479,1499,0.42,1.18,3.0777,2.5925,6.3985,0
14.348,-86,-6,1478,1499,0.42,1.18,3.0777,2.5925,6.3985,0
14.365,-86,-6,1481,1499,0.42,1.18,3.0777,2.5925,6.3985,0
14.382,-87,-6,1479,1499,1.00,0.77,3.0777,2.5925,6.3985,0
14.399,-87,-6,1481,1499,1.00,0.77,3.0777,2.5925,6.3985,0
14.417,-88,-6,1479,1499,1.00,0.77,3.0777,2.5925,6.3985,0
14.434,-88,-6,1481,1499,1.00,0.77,3.0777,2.5925,6.3985,0
14.451,-88,-6,1482,1499,1.00,0.77,3.0777,2.5925,6.3985,0
14.469,-88,-6,1482,1499,1.00,0.77,3.0777,2.5925,6.3985,0
14.486,-88,-6,1483,1499,1.00,0.77,3.0777,2.5925,6.3985,0
14.503,-88,-6,1483,1499,1.00,0.77,3.0777,2.5925,6.3985,0
14.521,-88,-6,1483,1499,1.00,0.77,3.0777,2.5925,6.3985,0
14.539,-87,-6,1486,1499,1.00,0.77,3.0777,2.5925,6.3985,0
14.556,-86,-7,1488,1496,1.00,0.77,3.0777,2.5925,6.3985,0
14.574,-86,-7,1485,1497,1.00,0.77,3.0777,2.5925,6.3985,0
14.591,-85,-7,1487,1498,1.00,0.77,3.0777,2.5925,6.3985,0
14.608,-84,-7,1488,1499,1.00,0.77,3.0777,2.5925,6.3985,0
14.625,-84,-7,1486,1499,1.00,0.77,3.0777,2.5925,6.3985,0
14.642,-84,-7,1485,1499,1.00,0.77,3.0777,2.5925,6.3985,0
14.660,-83,-7,1487,1499,1.00,0.77,3.0777,2.5925,6.3985,0
14.677,-83,-7,1486,1499,1.00,0.77,1.6739,2.7392,6.4778,0
14.694,-81,-7,1491,1499,0.56,1.27,1.6739,2.7392,6.4778,0
14.711,-80,-7,1491,1499,0.56,1.27,1.6739,2.7392,6.4778,0
14.728,-78,-7,1494,1499,0.56,1.27,1.6739,2.7392,6.4778,0
14.745,-78,-7,1489,1499,0.56,1.27,1.6739,2.7392,6.4778,0
14.762,-76,-8,1493,1496,0.56,1.27,1.6739,2.7392,6.4778,0
14.780,-75,-8,1492,1497,0.56,1.27,1.6739,2.7392,6.4778,0
14.798,-74,-8,1492,1498,0.56,1.27,1.6739,2.7392,6.4778,0
14.815,-72,-8,1495,1498,0.56,1.27,1.6739,2.7392,6.4778,0
14.833,-70,-8,1497,1499,0.56,1.27,1.6739,2.7392,6.4778,0
14.850,-67,-9,1500,1495,0.56,1.27,1.6739,2.7392,6.4778,0
14.868,-65,-8,1500,1500,0.56,1.27,1.6739,2.7392,6.4778,0
14.886,-64,-9,1497,1496,0.36,1.64,1.6739,2.7392,6.4778,0
14.903,-63,-9,1495,1497,0.36,1.64,1.6739,2.7392,6.4778,0
14.920,-61,-9,1498,1498,0.36,1.64,1.6739,2.7392,6.4778,0
14.938,-61,-9,1493,1498,0.36,1.64,1.6739,2.7392,6.4778,0
14.955,-60,-9,1494,1498,0.36,1.64,1.6739,2.7392,6.4778,1
14.972,-59,-10,1494,1495,0.36,1.64,1.6739,2.7392,6.4778,1
14.990,-59,-10,1491,1497,0.36,1.64,1.6739,2.7392,6.4778,1
15.007,-58,-10,1493,1498,0.36,1.64,1.6739,2.7392,6.4778,1
15.024,-58,-10,1491,1498,0.36,1.64,1.6739,2.7392,6.4778,1
15.041,-57,-10,1493,1498,0.36,1.64,1.6739,2.7392,6.4778,1
15.059,-57,-11,1491,1495,0.36,1.64,1.6739,2.7392,6.4778,1
15.076,-56,-11,1493,1497,0.36,1.64,1.6739,2.7392,6.4778,1
15.098,-56,-11,1491,1497,0.36,1.64,1.6739,2.7392,6.4778,1
15.116,-56,-11,1490,1498,0.36,1.64,1.6739,2.7392,6.4778,1
15.133,-56,-11,1490,1498,0.36,1.64,1.6739,2.7392,6.4778,1
15.150,-55,-12,1492,1495,0.36,1.64,1.6739,2.7392,6.4778,1
15.167,-55,-13,1491,1493,0.36,1.64,1.6739,2.7392,6.4778,1
15.185,-56,-13,1487,1496,0.36,1.64,1.5724,2.6589,7.1113,1
15.202,-56,-13,1488,1497,0.03,0.93,1.5724,2.6589,7.1113,1
15.220,-58,-13,1483,1497,0.03,0.93,1.5724,2.6589,7.1113,1
15.237,-58,-13,1486,1497,0.03,0.93,1.5724,2.6589,7.1113,1
15.254,-59,-14,1484,1494,0.03,0.93,1.5724,2.6589,7.1113,1
15.271,-59,-14,1486,1496,0.03,0.93,1.5724,2.6589,7.1113,1
15.289,-60,-14,1484,1497,0.03,0.93,1.5724,2.6589,7.1113,1
15.306,-60,-14,1486,1497,0.03,0.93,1.5724,2.6589,7.1113,1
15.323,-61,-15,1484,1494,0.03,0.93,1.5724,2.6589,7.1113,0
15.340,-62,-15,1483,1496,0.03,0.93,1.5724,2.6589,7.1113,0
15.357,-61,-16,1489,1493,0.03,0.93,1.5724,2.6589,7.1113,0
15.374,-61,-17,1488,1492,-0.18,-0.17,1.5724,2.6589,7.1113,0
15.391,-61,-16,1488,1498,-0.18,-0.17,1.5724,2.6589,7.1113,0
15.408,-61,-17,1488,1494,-0.18,-0.17,1.5724,2.6589,7.1113,0
15.425,-60,-17,1491,1496,-0.18,-0.17,1.5724,2.6589,7.1113,1
15.443,-60,-17,1490,1496,-0.18,-0.17,1.5724,2.6589,7.1113,1
15.463,-60,-17,1489,1497,-0.18,-0.17,1.5724,2.6589,7.1113,1
15.480,-59,-17,1492,1497,-0.18,-0.17,1.5724,2.6589,7.1113,1
15.497,-60,-18,1487,1494,-0.18,-0.17,1.5724,2.6589,7.1113,1
15.514,-60,-18,1488,1495,-0.18,-0.17,1.5724,2.6589,7.1113,1
15.533,-61,-19,1485,1493,-0.18,-0.17,1.5724,2.6589,7.1113,0
15.550,-61,-19,1487,1495,-0.18,-0.17,1.5724,2.6589,7.1113,0
15.570,-62,-19,1485,1496,-0.18,-0.17,1.5724,2.6589,7.1113,0
15.587,-62,-19,1486,1496,-0.18,-0.17,1.5724,2.6589,7.1113,0
15.604,-63,-19,1484,1496,-0.18,-0.17,1.5724,2.6589,7.1113,0
15.621,-63,-20,1486,1493,-0.18,-0.17,1.5724,2.6589,7.1113,0
15.638,-63,-20,1487,1495,-0.18,-0.17,1.5724,2.6589,7.1113,0
15.655,-63,-20,1487,1496,-0.18,-0.17,1.5724,2.6589,7.1113,0
15.672,-63,-20,1488,1496,-0.18,-0.17,3.0388,2.6135,7.2709,0
15.689,-64,-21,1485,1493,-0.40,-0.58,3.0388,2.6135,7.2709,0
15.707,-64,-21,1486,1495,-0.40,-0.58,3.0388,2.6135,7.2709,0
15.725,-65,-22,1484,1492,-0.40,-0.58,3.0388,2.6135,7.2709,0
15.742,-66,-22,1483,1494,-0.40,-0.58,3.0388,2.6135,7.2709,0
15.759,-68,-22,1479,1495,-0.40,-0.58,3.0388,2.6135,7.2709,0
15.777,-69,-22,1480,1495,-0.40,-0.58,3.0388,2.6135,7.2709,0
15.796,-71,-23,1477,1493,-0.40,-0.58,3.0388,2.6135,7.2709,0
15.813,-73,-23,1476,1494,-0.40,-0.58,3.0388,2.6135,7.2709,0
15.830,-76,-23,1471,1495,-0.40,-0.58,3.0388,2.6135,7.2709,0
15.848,-81,-23,1463,1495,-0.40,-0.58,3.0388,2.6135,7.2709,0
15.865,-83,-23,1468,1496,-0.40,-0.58,3.0388,2.6135,7.2709,0
15.882,-87,-24,1463,1493,-0.84,-0.44,3.0388,2.6135,7.2709,0
15.899,-90,-24,1464,1494,-0.84,-0.44,3.0388,2.6135,7.2709,0
15.917,-93,-24,1464,1495,-0.84,-0.44,3.0388,2.6135,7.2709,0
15.934,-97,-24,1460,1495,-0.84,-0.44,3.0388,2.6135,7.2709,0
15.952,-99,-25,1464,1492,-0.84,-0.44,3.0388,2.6135,7.2709,0
15.969,-103,-24,1460,1497,-0.84,-0.44,3.0388,2.6135,7.2709,0
15.987,-105,-25,1464,1493,-0.84,-0.44,3.0388,2.6135,7.2709,0
16.004,-112,-25,1450,1494,-0.84,-0.44,3.0388,2.6135,7.2709,0
16.021,-114,-26,1458,1492,-0.84,-0.44,3.0388,2.6135,7.2709,0
16.038,-116,-26,1461,1493,-0.84,-0.44,3.0388,2.6135,7.2709,0
16.058,-120,-25,1458,1497,-0.84,-0.44,3.0388,2.6135,7.2709,0
16.075,-122,-26,1461,1493,-0.84,-0.44,3.0388,2.6135,7.2709,0
16.094,-125,-26,1460,1494,-0.84,-0.44,3.0388,2.6135,7.2709,0
16.111,-127,-26,1461,1495,-0.84,-0.44,3.0388,2.6135,7.2709,0
16.128,-130,-26,1459,1495,-0.84,-0.44,3.0388,2.6135,7.2709,0
16.145,-134,-27,1454,1492,-0.84,-0.44,3.0388,2.6135,7.2709,0
16.162,-135,-27,1461,1493,-0.84,-0.44,3.0388,2.6135,7.2709,0
16.180,-137,-27,1461,1494,-0.84,-0.44,2.4358,3.3251,6.4806,0
16.199,-138,-27,1464,1495,-1.84,-0.54,2.4358,3.3251,6.4806,0
16.216,-139,-28,1465,1492,-1.84,-0.54,2.4358,3.3251,6.4806,0
16.233,-139,-28,1469,1493,-1.84,-0.54,2.4358,3.3251,6.4806,0
16.251,-139,-28,1471,1494,-1.84,-0.54,2.4358,3.3251,6.4806,0
16.268,-140,-28,1469,1494,-1.84,-0.54,2.4358,3.3251,6.4806,0
16.287,-140,-28,1470,1495,-1.84,-0.54,2.4358,3.3251,6.4806,0
16.304,-140,-28,1471,1495,-1.84,-0.54,2.4358,3.3251,6.4806,0
16.321,-141,-28,1469,1495,-1.84,-0.54,2.4358,3.3251,6.4806,0
16.338,-141,-28,1470,1495,-1.84,-0.54,2.4358,3.3251,6.4806,0
16.355,-141,-29,1471,1492,-1.84,-0.54,2.4358,3.3251,6.4806,0
16.372,-141,-29,1472,1493,-1.54,-0.52,2.4358,3.3251,6.4806,0
16.390,-141,-29,1472,1494,-1.54,-0.52,2.4358,3.3251,6.4806,0
16.407,-141,-29,1472,1494,-1.54,-0.52,2.4358,3.3251,6.4806,0
16.424,-141,-29,1472,1494,-1.54,-0.52,2.4358,3.3251,6.4806,0
16.442,-141,-30,1472,1491,-1.54,-0.52,2.4358,3.3251,6.4806,0
16.460,-141,-30,1472,1493,-1.54,-0.52,2.4358,3.3251,6.4806,0
16.477,-141,-30,1472,1494,-1.54,-0.52,2.4358,3.3251,6.4806,0
16.494,-141,-30,1472,1494,-1.54,-0.52,2.4358,3.3251,6.4806,0
16.512,-140,-30,1475,1494,-1.54,-0.52,2.4358,3.3251,6.4806,0
16.529,-139,-30,1477,1494,-1.54,-0.52,2.4358,3.3251,6.4806,0
16.546,-140,-31,1472,1491,-1.54,-0.52,2.4358,3.3251,6.4806,0
16.564,-139,-31,1475,1493,-1.54,-0.52,2.4358,3.3251,6.4806,0
16.581,-138,-31,1477,1493,-1.54,-0.52,2.4358,3.3251,6.4806,0
16.598,-137,-31,1478,1494,-1.54,-0.52,2.4358,3.3251,6.4806,0
16.616,-137,-31,1475,1494,-1.54,-0.52,2.4358,3.3251,6.4806,0
16.633,-135,-31,1480,1494,-1.54,-0.52,2.4358,3.3251,6.4806,0
16.652,-134,-31,1480,1494,-1.54,-0.52,2.4358,3.3251,6.4806,0
16.670,-133,-31,1480,1494,-1.54,-0.52,2.4358,3.3251,6.4806,0
16.688,-132,-32,1480,1491,-1.54,-0.52,2.8908,3.3532,5.2483,0
16.706,-130,-32,1483,1492,-0.89,-0.53,2.8908,3.3532,5.2483,0
16.723,-127,-32,1488,1493,-0.89,-0.53,2.8908,3.3532,5.2483,0
16.741,-126,-32,1484,1494,-0.89,-0.53,2.8908,3.3532,5.2483,0
16.758,-124,-32,1486,1494,-0.89,-0.53,2.8908,3.3532,5.2483,0
16.776,-123,-32,1484,1494,-0.89,-0.53,2.8908,3.3532,5.2483,0
16.793,-121,-32,1486,1494,-0.89,-0.53,2.8908,3.3532,5.2483,0
16.810,-120,-33,1484,1491,-0.89,-0.53,2.8908,3.3532,5.2483,0
16.827,-119,-33,1483,1492,-0.89,-0.53,2.8908,3.3532,5.2483,0
16.844,-117,-33,1486,1493,-0.89,-0.53,2.8908,3.3532,5.2483,0
16.861,-116,-33,1485,1493,-0.89,-0.53,2.8908,3.3532,5.2483,0
16.880,-114,-33,1487,1494,-0.37,-0.71,2.8908,3.3532,5.2483,0
16.898,-113,-33,1485,1494,-0.37,-0.71,2.8908,3.3532,5.2483,0
16.915,-111,-33,1488,1494,-0.37,-0.71,2.8908,3.3532,5.2483,0
16.932,-110,-33,1486,1494,-0.37,-0.71,2.8908,3.3532,5.2483,0
16.949,-108,-33,1489,1494,-0.37,-0.71,2.8908,3.3532,5.2483,0
16.966,-107,-33,1487,1494,-0.37,-0.71,2.8908,3.3532,5.2483,0
16.983,-105,-34,1489,1491,-0.37,-0.71,2.8908,3.3532,5.2483,0
17.000,-104,-34,1487,1492,-0.37,-0.71,2.8908,3.3532,5.2483,0
17.018,-102,-34,1490,1493,-0.37,-0.71,2.8908,3.3532,5.2483,0
17.036,-100,-34,1491,1493,-0.37,-0.71,2.8908,3.3532,5.2483,0
17.053,-99,-34,1489,1493,-0.37,-0.71,2.8908,3.3532,5.2483,0
17.071,-98,-34,1488,1493,-0.37,-0.71,2.8908,3.3532,5.2483,0
17.088,-97,-34,1487,1493,-0.37,-0.71,2.8908,3.3532,5.2483,0
17.105,-96,-34,1487,1493,-0.37,-0.71,2.8908,3.3532,5.2483,0
17.122,-95,-34,1487,1493,-0.37,-0.71,2.8908,3.3532,5.2483,0
17.140,-94,-34,1487,1493,-0.37,-0.71,2.8908,3.3532,5.2483,0
17.157,-94,-34,1485,1493,-0.37,-0.71,2.8908,3.3532,5.2483,0
17.174,-93,-34,1486,1493,-0.37,-0.71,3.6193,3.5338,5.9092,0
17.192,-93,-34,1484,1493,-0.04,-1.21,3.6193,3.5338,5.9092,0
17.209,-92,-34,1486,1493,-0.04,-1.21,3.6193,3.5338,5.9092,0
17.227,-92,-35,1484,1491,-0.04,-1.21,3.6193,3.5338,5.9092,0
17.245,-92,-35,1483,1492,-0.04,-1.21,3.6193,3.5338,5.9092,0
17.262,-92,-35,1482,1493,-0.04,-1.21,3.6193,3.5338,5.9092,0
17.280,-92,-35,1482,1493,-0.04,-1.21,3.6193,3.5338,5.9092,0
17.298,-92,-35,1482,1493,-0.04,-1.21,3.6193,3.5338,5.9092,0
17.315,-92,-35,1482,1493,-0.04,-1.21,3.6193,3.5338,5.9092,0
17.332,-92,-35,1482,1493,-0.04,-1.21,3.6193,3.5338,5.9092,0
17.350,-91,-35,1485,1493,-0.04,-1.21,3.6193,3.5338,5.9092,0
17.368,-90,-35,1487,1493,-0.24,-1.10,3.6193,3.5338,5.9092,0
17.385,-89,-35,1488,1493,-0.24,-1.10,3.6193,3.5338,5.9092,0
17.402,-88,-35,1488,1493,-0.24,-1.10,3.6193,3.5338,5.9092,0
17.419,-86,-35,1492,1493,-0.24,-1.10,3.6193,3.5338,5.9092,0
17.437,-84,-35,1494,1493,-0.24,-1.10,3.6193,3.5338,5.9092,0
17.454,-82,-36,1495,1490,-0.24,-1.10,3.6193,3.5338,5.9092,0
17.472,-80,-36,1495,1492,-0.24,-1.10,3.6193,3.5338,5.9092,0
17.489,-78,-36,1496,1492,-0.24,-1.10,3.6193,3.5338,5.9092,0
17.506,-76,-36,1497,1493,-0.24,-1.10,3.6193,3.5338,5.9092,0
17.523,-74,-36,1497,1493,-0.24,-1.10,3.6193,3.5338,5.9092,0
17.540,-72,-36,1497,1493,-0.24,-1.10,3.6193,3.5338,5.9092,0
17.558,-71,-36,1495,1493,-0.24,-1.10,3.6193,3.5338,5.9092,0
17.576,-69,-36,1496,1493,-0.24,-1.10,3.6193,3.5338,5.9092,0
17.593,-68,-36,1495,1493,-0.24,-1.10,3.6193,3.5338,5.9092,0
17.610,-66,-36,1497,1493,-0.24,-1.10,3.6193,3.5338,5.9092,0
17.627,-64,-36,1498,1493,-0.24,-1.10,3.6193,3.5338,5.9092,0
17.646,-63,-36,1496,1493,-0.24,-1.10,3.6193,3.5338,5.9092,0
17.663,-61,-36,1498,1493,-0.24,-1.10,3.6193,3.5338,5.9092,0
17.680,-60,-36,1496,1493,-0.24,-1.10,3.2856,2.4702,5.9829,0
17.697,-59,-36,1495,1493,-0.25,-1.00,3.2856,2.4702,5.9829,0
17.714,-57,-36,1498,1493,-0.25,-1.00,3.2856,2.4702,5.9829,0
17.732,-57,-37,1494,1490,-0.25,-1.00,3.2856,2.4702,5.9829,0
17.749,-57,-36,1491,1494,-0.25,-1.00,3.2856,2.4702,5.9829,0
17.767,-57,-36,1490,1494,-0.25,-1.00,3.2856,2.4702,5.9829,0
17.784,-57,-36,1490,1493,-0.25,-1.00,3.2856,2.4702,5.9829,0
17.802,-57,-36,1489,1493,-0.25,-1.00,3.2856,2.4702,5.9829,0
17.819,-57,-36,1489,1493,-0.25,-1.00,3.2856,2.4702,5.9829,0
17.836,-58,-36,1486,1493,-0.25,-1.00,3.2856,2.4702,5.9829,0
17.853,-58,-36,1487,1493,-0.25,-1.00,3.2856,2.4702,5.9829,0
17.870,-58,-36,1488,1493,0.15,-0.78,3.2856,2.4702,5.9829,0
17.888,-58,-36,1488,1493,0.15,-0.78,3.2856,2.4702,5.9829,0
17.905,-58,-36,1489,1493,0.15,-0.78,3.2856,2.4702,5.9829,0
17.922,-58,-36,1489,1493,0.15,-0.78,3.2856,2.4702,5.9829,0
17.940,-59,-36,1486,1493,0.15,-0.78,3.2856,2.4702,5.9829,0
17.957,-59,-36,1487,1493,0.15,-0.78,3.2856,2.4702,5.9829,0
17.974,-60,-36,1485,1493,0.15,-0.78,3.2856,2.4702,5.9829,0
17.992,-60,-36,1487,1493,0.15,-0.78,3.2856,2.4702,5.9829,0
18.009,-61,-36,1484,1493,0.15,-0.78,3.2856,2.4702,5.9829,0
18.026,-61,-36,1486,1493,0.15,-0.78,3.2856,2.4702,5.9829,0
18.043,-62,-36,1484,1493,0.15,-0.78,3.2856,2.4702,5.9829,0
18.060,-62,-35,1486,1496,0.15,-0.78,3.2856,2.4702,5.9829,0
18.078,-63,-35,1484,1495,0.15,-0.78,3.2856,2.4702,5.9829,0
18.096,-64,-35,1483,1494,0.15,-0.78,3.2856,2.4702,5.9829,0
18.113,-65,-35,1482,1494,0.15,-0.78,3.2856,2.4702,5.9829,0
18.131,-66,-35,1482,1493,0.15,-0.78,3.2856,2.4702,5.9829,0
18.149,-66,-35,1484,1493,0.15,-0.78,3.2856,2.4702,5.9829,0
18.166,-67,-35,1483,1493,0.15,-0.78,3.2856,2.4702,5.9829,0
18.183,-67,-35,1485,1493,0.15,-0.78,3.2453,3.1519,5.4848,0
18.200,-69,-35,1480,1493,-0.12,0.00,3.2453,3.1519,5.4848,0
18.218,-69,-35,1483,1493,-0.12,0.00,3.2453,3.1519,5.4848,0
18.236,-70,-35,1482,1493,-0.12,0.00,3.2453,3.1519,5.4848,0
18.253,-71,-35,1481,1493,-0.12,0.00,3.2453,3.1519,5.4848,0
18.270,-73,-35,1477,1493,-0.12,0.00,3.2453,3.1519,5.4848,0
18.287,-74,-34,1478,1496,-0.12,0.00,3.2453,3.1519,5.4848,0
18.305,-75,-34,1479,1495,-0.12,0.00,3.2453,3.1519,5.4848,0
18.322,-76,-34,1479,1494,-0.12,0.00,3.2453,3.1519,5.4848,0
18.339,-77,-34,1479,1494,-0.12,0.00,3.2453,3.1519,5.4848,0
18.357,-79,-34,1476,1494,-0.12,0.00,3.2453,3.1519,5.4848,0
18.374,-80,-34,1477,1494,-1.17,0.43,3.2453,3.1519,5.4848,0
18.392,-82,-34,1475,1494,-1.17,0.43,3.2453,3.1519,5.4848,0
18.409,-85,-33,1470,1497,-1.17,0.43,3.2453,3.1519,5.4848,0
18.428,-86,-33,1474,1495,-1.17,0.43,3.2453,3.1519,5.4848,0
18.445,-87,-33,1476,1494,-1.17,0.43,3.2453,3.1519,5.4848,0
18.463,-88,-33,1476,1494,-1.17,0.43,3.2453,3.1519,5.4848,0
18.480,-90,-33,1473,1494,-1.17,0.43,3.2453,3.1519,5.4848,0
18.497,-92,-33,1472,1494,-1.17,0.43,3.2453,3.1519,5.4848,0
18.516,-94,-33,1471,1494,-1.17,0.43,3.2453,3.1519,5.4848,0
18.533,-96,-33,1470,1494,-1.17,0.43,3.2453,3.1519,5.4848,0
18.550,-98,-33,1470,1494,-1.17,0.43,3.2453,3.1519,5.4848,0
18.568,-101,-32,1466,1497,-1.17,0.43,3.2453,3.1519,5.4848,0
18.585,-104,-32,1464,1495,-1.17,0.43,3.2453,3.1519,5.4848,0
18.602,-108,-32,1459,1495,-1.17,0.43,3.2453,3.1519,5.4848,0
18.620,-112,-32,1457,1494,-1.17,0.43,3.2453,3.1519,5.4848,0
18.637,-115,-32,1458,1494,-1.17,0.43,3.2453,3.1519,5.4848,0
18.654,-118,-32,1459,1494,-1.17,0.43,3.2453,3.1519,5.4848,0
18.672,-122,-32,1455,1494,-1.17,0.43,3.1056,3.2736,6.5486,0
18.689,-125,-31,1456,1497,-2.15,0.81,3.1056,3.2736,6.5486,0
18.706,-128,-31,1457,1496,-2.15,0.81,3.1056,3.2736,6.5486,0
18.724,-132,-31,1453,1495,-2.15,0.81,3.1056,3.2736,6.5486,0
18.741,-135,-31,1455,1494,-2.15,0.81,3.1056,3.2736,6.5486,0
18.758,-138,-30,1455,1497,-2.15,0.81,3.1056,3.2736,6.5486,0
18.776,-140,-30,1458,1496,-2.15,0.81,3.1056,3.2736,6.5486,0
18.794,-143,-30,1456,1495,-2.15,0.81,3.1056,3.2736,6.5486,0
18.811,-145,-30,1458,1495,-2.15,0.81,3.1056,3.2736,6.5486,0
18.828,-146,-30,1461,1494,-2.15,0.81,3.1056,3.2736,6.5486,0
18.846,-148,-30,1460,1494,-2.15,0.81,3.1056,3.2736,6.5486,0
18.863,-149,-30,1462,1494,-2.15,0.81,3.1056,3.2736,6.5486,0
18.880,-150,-30,1463,1494,-3.01,1.03,3.1056,3.2736,6.5486,0
18.898,-151,-29,1464,1497,-3.01,1.03,3.1056,3.2736,6.5486,0
18.916,-151,-29,1467,1496,-3.01,1.03,3.1056,3.2736,6.5486,0
18.933,-152,-29,1466,1495,-3.01,1.03,3.1056,3.2736,6.5486,0
18.951,-153,-29,1465,1495,-3.01,1.03,3.1056,3.2736,6.5486,0
18.968,-154,-29,1464,1495,-3.01,1.03,3.1056,3.2736,6.5486,0
18.985,-154,-29,1467,1495,-3.01,1.03,3.1056,3.2736,6.5486,0
19.004,-155,-29,1465,1495,-3.01,1.03,3.1056,3.2736,6.5486,0
19.021,-155,-29,1467,1495,-3.01,1.03,3.1056,3.2736,6.5486,0
19.038,-156,-29,1465,1495,-3.01,1.03,3.1056,3.2736,6.5486,0
19.055,-157,-28,1464,1498,-3.01,1.03,3.1056,3.2736,6.5486,0
19.073,-158,-28,1464,1496,-3.01,1.03,3.1056,3.2736,6.5486,0
19.090,-159,-28,1463,1495,-3.01,1.03,3.1056,3.2736,6.5486,0
19.108,-160,-28,1463,1495,-3.01,1.03,3.1056,3.2736,6.5486,0
19.128,-161,-27,1463,1498,-3.01,1.03,3.1056,3.2736,6.5486,0
19.145,-162,-27,1462,1496,-3.01,1.03,3.1056,3.2736,6.5486,0
19.163,-163,-27,1462,1496,-3.01,1.03,3.1056,3.2736,6.5486,0
19.180,-164,-27,1462,1495,-3.01,1.03,2.8788,3.8985,6.3521,0
19.198,-164,-27,1465,1495,-2.20,1.06,2.8788,3.8985,6.3521,0
19.216,-165,-27,1463,1495,-2.20,1.06,2.8788,3.8985,6.3521,0
19.233,-166,-27,1462,1495,-2.20,1.06,2.8788,3.8985,6.3521,0
19.250,-167,-27,1462,1495,-2.20,1.06,2.8788,3.8985,6.3521,0
19.268,-167,-27,1464,1495,-2.20,1.06,2.8788,3.8985,6.3521,0
19.285,-167,-27,1466,1495,-2.20,1.06,2.8788,3.8985,6.3521,0
19.302,-167,-26,1466,1498,-2.20,1.06,2.8788,3.8985,6.3521,0
19.320,-167,-26,1467,1497,-2.20,1.06,2.8788,3.8985,6.3521,0
19.337,-167,-26,1467,1496,-2.20,1.06,2.8788,3.8985,6.3521,0
19.354,-167,-26,1467,1495,-2.20,1.06,2.8788,3.8985,6.3521,0
19.371,-166,-26,1470,1495,-1.55,0.65,2.8788,3.8985,6.3521,0
19.388,-165,-26,1472,1495,-1.55,0.65,2.8788,3.8985,6.3521,0
19.406,-164,-26,1473,1495,-1.55,0.65,2.8788,3.8985,6.3521,0
19.423,-163,-25,1473,1498,-1.55,0.65,2.8788,3.8985,6.3521,0
19.442,-162,-25,1473,1497,-1.55,0.65,2.8788,3.8985,6.3521,0
19.460,-160,-26,1477,1493,-1.55,0.65,2.8788,3.8985,6.3521,0
19.477,-159,-25,1476,1497,-1.55,0.65,2.8788,3.8985,6.3521,0
19.494,-158,-25,1475,1496,-1.55,0.65,2.8788,3.8985,6.3521,0
19.512,-157,-25,1475,1496,-1.55,0.65,2.8788,3.8985,6.3521,0
19.530,-156,-25,1475,1496,-1.55,0.65,2.8788,3.8985,6.3521,0
19.547,-155,-25,1475,1495,-1.55,0.65,2.8788,3.8985,6.3521,0
19.564,-154,-25,1475,1495,-1.55,0.65,2.8788,3.8985,6.3521,0
19.581,-153,-25,1476,1495,-1.55,0.65,2.8788,3.8985,6.3521,0
19.599,-152,-25,1476,1495,-1.55,0.65,2.8788,3.8985,6.3521,0
19.616,-151,-25,1476,1495,-1.55,0.65,2.8788,3.8985,6.3521,0
19.633,-151,-25,1473,1495,-1.55,0.65,2.8788,3.8985,6.3521,0
19.650,-150,-25,1475,1495,-1.55,0.65,2.8788,3.8985,6.3521,0
19.667,-148,-25,1479,1495,-1.55,0.65,2.8788,3.8985,6.3521,0
19.684,-147,-25,1478,1495,-1.55,0.65,2.6617,3.4513,5.7419,0
19.701,-146,-25,1478,1495,-0.82,0.41,2.6617,3.4513,5.7419,0
19.719,-145,-25,1477,1495,-0.82,0.41,2.6617,3.4513,5.7419,0
19.737,-144,-24,1477,1498,-0.82,0.41,2.6617,3.4513,5.7419,0
19.754,-143,-24,1478,1497,-0.82,0.41,2.6617,3.4513,5.7419,0
19.772,-142,-24,1478,1496,-0.82,0.41,2.6617,3.4513,5.7419,0
19.792,-141,-24,1478,1496,-0.82,0.41,2.6617,3.4513,5.7419,0
19.810,-141,-24,1475,1496,-0.82,0.41,2.6617,3.4513,5.7419,0
19.827,-140,-24,1477,1496,-0.82,0.41,2.6617,3.4513,5.7419,0
19.844,-139,-24,1478,1496,-0.82,0.41,2.6617,3.4513,5.7419,0
19.861,-138,-24,1478,1496,-0.82,0.41,2.6617,3.4513,5.7419,0
19.878,-136,-24,1482,1496,-0.39,0.36,2.6617,3.4513,5.7419,0
19.898,-135,-24,1480,1496,-0.39,0.36,2.6617,3.4513,5.7419,0
19.915,-134,-24,1480,1496,-0.39,0.36,2.6617,3.4513,5.7419,0
19.933,-132,-24,1483,1496,-0.39,0.36,2.6617,3.4513,5.7419,0
19.950,-131,-24,1482,1496,-0.39,0.36,2.6617,3.4513,5.7419,0
19.967,-129,-24,1484,1496,-0.39,0.36,2.6617,3.4513,5.7419,0
19.984,-128,-24,1482,1496,-0.39,0.36,2.6617,3.4513,5.7419,0
20.002,-126,-24,1485,1496,-0.39,0.36,2.6617,3.4513,5.7419,0
20.020,-125,-24,1483,1496,-0.39,0.36,2.6617,3.4513,5.7419,0
20.037,-124,-24,1482,1496,-0.39,0.36,2.6617,3.4513,5.7419,0
20.055,-122,-24,1485,1496,-0.39,0.36,2.6617,3.4513,5.7419,0
20.073,-121,-24,1484,1496,-0.39,0.36,2.6617,3.4513,5.7419,0
20.090,-120,-24,1483,1496,-0.39,0.36,2.6617,3.4513,5.7419,0
20.108,-119,-23,1483,1498,-0.39,0.36,2.6617,3.4513,5.7419,0
20.125,-118,-24,1483,1494,-0.39,0.36,2.6617,3.4513,5.7419,0
20.142,-118,-24,1480,1495,-0.39,0.36,2.6617,3.4513,5.7419,0
20.160,-118,-24,1478,1495,-0.39,0.36,2.6617,3.4513,5.7419,0
20.177,-118,-23,1478,1498,-0.39,0.36,3.7109,2.5987,6.2716,0
20.194,-117,-24,1480,1494,-0.24,0.23,3.7109,2.5987,6.2716,0
20.214,-116,-23,1481,1497,-0.24,0.23,3.7109,2.5987,6.2716,0
20.232,-116,-23,1479,1497,-0.24,0.23,3.7109,2.5987,6.2716,0
20.249,-116,-23,1478,1496,-0.24,0.23,3.7109,2.5987,6.2716,0
20.266,-116,-23,1478,1496,-0.24,0.23,3.7109,2.5987,6.2716,0
20.284,-116,-23,1477,1496,-0.24,0.23,3.7109,2.5987,6.2716,0
20.301,-117,-23,1474,1496,-0.24,0.23,3.7109,2.5987,6.2716,0
20.318,-117,-23,1476,1496,-0.24,0.23,3.7109,2.5987,6.2716,0
20.336,-117,-23,1476,1496,-0.24,0.23,3.7109,2.5987,6.2716,0
20.354,-117,-23,1477,1496,-0.24,0.23,3.7109,2.5987,6.2716,0
20.371,-116,-23,1480,1496,-0.21,0.23,3.7109,2.5987,6.2716,0
20.388,-116,-23,1479,1496,-0.21,0.23,3.7109,2.5987,6.2716,0
20.405,-116,-23,1478,1496,-0.21,0.23,3.7109,2.5987,6.2716,0
20.423,-115,-23,1481,1496,-0.21,0.23,3.7109,2.5987,6.2716,0
20.440,-115,-23,1479,1496,-0.21,0.23,3.7109,2.5987,6.2716,0
20.457,-115,-23,1478,1496,-0.21,0.23,3.7109,2.5987,6.2716,0
20.474,-115,-23,1478,1496,-0.21,0.23,3.7109,2.5987,6.2716,0
20.491,-115,-23,1478,1496,-0.21,0.23,3.7109,2.5987,6.2716,0
20.508,-114,-23,1481,1496,-0.21,0.23,3.7109,2.5987,6.2716,0
20.526,-113,-22,1482,1499,-0.21,0.23,3.7109,2.5987,6.2716,0
20.543,-113,-22,1480,1497,-0.21,0.23,3.7109,2.5987,6.2716,0
20.561,-112,-22,1482,1497,-0.21,0.23,3.7109,2.5987,6.2716,0
20.578,-110,-22,1486,1496,-0.21,0.23,3.7109,2.5987,6.2716,0
20.596,-109,-22,1485,1496,-0.21,0.23,3.7109,2.5987,6.2716,0
20.613,-109,-22,1482,1496,-0.21,0.23,3.7109,2.5987,6.2716,0
20.631,-108,-22,1483,1496,-0.21,0.23,3.7109,2.5987,6.2716,0
20.649,-107,-22,1484,1496,-0.21,0.23,3.7109,2.5987,6.2716,0
20.666,-105,-22,1488,1496,-0.21,0.23,3.7109,2.5987,6.2716,0
20.683,-103,-22,1490,1496,-0.21,0.23,3.3327,2.4401,6.0035,0
20.700,-102,-22,1488,1496,0.17,0.15,3.3327,2.4401,6.0035,0
20.717,-101,-22,1487,1496,0.17,0.15,3.3327,2.4401,6.0035,0
20.734,-100,-22,1487,1496,0.17,0.15,3.3327,2.4401,6.0035,0
20.753,-99,-22,1487,1496,0.17,0.15,3.3327,2.4401,6.0035,0
20.770,-99,-22,1484,1496,0.17,0.15,3.3327,2.4401,6.0035,0
20.787,-97,-22,1488,1496,0.17,0.15,3.3327,2.4401,6.0035,0
20.805,-96,-22,1488,1496,0.17,0.15,3.3327,2.4401,6.0035,0
20.822,-96,-22,1484,1496,0.17,0.15,3.3327,2.4401,6.0035,0
20.839,-95,-21,1486,1499,0.17,0.15,3.3327,2.4401,6.0035,0
20.856,-94,-21,1487,1498,0.17,0.15,3.3327,2.4401,6.0035,0
20.874,-92,-21,1490,1497,0.12,0.38,3.3327,2.4401,6.0035,0
20.891,-91,-21,1489,1496,0.12,0.38,3.3327,2.4401,6.0035,0
20.909,-91,-21,1486,1496,0.12,0.38,3.3327,2.4401,6.0035,0
20.927,-90,-21,1487,1496,0.12,0.38,3.3327,2.4401,6.0035,0
20.944,-89,-21,1488,1496,0.12,0.38,3.3327,2.4401,6.0035,0
20.962,-87,-21,1491,1496,0.12,0.38,3.3327,2.4401,6.0035,0
20.979,-86,-21,1490,1496,0.12,0.38,3.3327,2.4401,6.0035,0
20.998,-85,-21,1490,1496,0.12,0.38,3.3327,2.4401,6.0035,0
21.015,-85,-21,1486,1496,0.12,0.38,3.3327,2.4401,6.0035,0
21.033,-84,-21,1488,1496,0.12,0.38,3.3327,2.4401,6.0035,0
21.050,-83,-20,1489,1499,0.12,0.38,3.3327,2.4401,6.0035,0
21.068,-84,-20,1483,1498,0.12,0.38,3.3327,2.4401,6.0035,0
21.085,-84,-21,1483,1494,0.12,0.38,3.3327,2.4401,6.0035,0
21.103,-84,-21,1484,1495,0.12,0.38,3.3327,2.4401,6.0035,0
21.120,-84,-20,1484,1499,0.12,0.38,3.3327,2.4401,6.0035,0
21.137,-85,-20,1480,1497,0.12,0.38,3.3327,2.4401,6.0035,0
21.154,-85,-20,1482,1497,0.12,0.38,3.3327,2.4401,6.0035,0
21.171,-85,-20,1483,1497,0.12,0.38,1.8219,2.3012,5.9741,0
21.190,-85,-20,1483,1496,-0.67,0.86,1.8219,2.3012,5.9741,0
21.207,-86,-20,1480,1496,-0.67,0.86,1.8219,2.3012,5.9741,0
21.224,-86,-20,1482,1496,-0.67,0.86,1.8219,2.3012,5.9741,0
21.241,-86,-19,1482,1499,-0.67,0.86,1.8219,2.3012,5.9741,0
21.258,-87,-20,1480,1495,-0.67,0.86,1.8219,2.3012,5.9741,0
21.276,-89,-20,1475,1496,-0.67,0.86,1.8219,2.3012,5.9741,0
21.293,-89,-20,1479,1496,-0.67,0.86,1.8219,2.3012,5.9741,0
21.311,-91,-19,1475,1499,-0.67,0.86,1.8219,2.3012,5.9741,0
21.328,-94,-19,1469,1498,-0.67,0.86,1.8219,2.3012,5.9741,0
21.346,-96,-19,1469,1497,-0.67,0.86,1.8219,2.3012,5.9741,0
21.362,-98,-19,1469,1497,-1.35,0.94,1.8219,2.3012,5.9741,0
21.380,-100,-19,1469,1497,-1.35,0.94,1.8219,2.3012,5.9741,0
21.397,-102,-19,1468,1497,-1.35,0.94,1.8219,2.3012,5.9741,0
21.414,-104,-19,1468,1497,-1.35,0.94,1.8219,2.3012,5.9741,0
21.431,-109,-19,1458,1497,-1.35,0.94,1.8219,2.3012,5.9741,0
21.449,-112,-18,1459,1500,-1.35,0.94,1.8219,2.3012,5.9741,0
21.467,-114,-18,1463,1498,-1.35,0.94,1.8219,2.3012,5.9741,0
21.485,-116,-18,1464,1497,-1.35,0.94,1.8219,2.3012,5.9741,0
21.502,-118,-18,1464,1497,-1.35,0.94,1.8219,2.3012,5.9741,0
21.519,-122,-18,1458,1497,-1.35,0.94,1.8219,2.3012,5.9741,0
21.537,-124,-18,1461,1497,-1.35,0.94,1.8219,2.3012,5.9741,0
21.554,-127,-18,1459,1497,-1.35,0.94,1.8219,2.3012,5.9741,0
21.572,-130,-18,1458,1497,-1.35,0.94,1.8219,2.3012,5.9741,0
21.589,-133,-18,1457,1497,-1.35,0.94,1.8219,2.3012,5.9741,0
21.606,-135,-18,1459,1497,-1.35,0.94,1.8219,2.3012,5.9741,0
21.623,-140,-18,1451,1497,-1.35,0.94,1.8219,2.3012,5.9741,0
21.642,-142,-17,1456,1500,-1.35,0.94,1.8219,2.3012,5.9741,0
21.659,-143,-17,1461,1498,-1.35,0.94,1.8219,2.3012,5.9741,0
21.676,-146,-17,1457,1498,-1.35,0.94,3.6529,2.7201,6.2343,0
21.694,-147,-17,1461,1497,-2.29,0.86,3.6529,2.7201,6.2343,0
21.711,-148,-17,1463,1497,-2.29,0.86,3.6529,2.7201,6.2343,0
21.728,-149,-17,1464,1497,-2.29,0.86,3.6529,2.7201,6.2343,0
21.746,-151,-17,1461,1497,-2.29,0.86,3.6529,2.7201,6.2343,0
21.763,-152,-17,1462,1497,-2.29,0.86,3.6529,2.7201,6.2343,0
21.780,-153,-17,1463,1497,-2.29,0.86,3.6529,2.7201,6.2343,0
21.797,-154,-17,1463,1497,-2.29,0.86,3.6529,2.7201,6.2343,0
21.814,-155,-17,1463,1497,-2.29,0.86,3.6529,2.7201,6.2343,0
21.831,-155,-17,1466,1497,-2.29,0.86,3.6529,2.7201,6.2343,0
21.848,-156,-17,1465,1497,-2.29,0.86,3.6529,2.7201,6.2343,0
21.866,-157,-17,1464,1497,-2.33,0.91,3.6529,2.7201,6.2343,0
21.883,-158,-17,1463,1497,-2.33,0.91,3.6529,2.7201,6.2343,0
21.900,-161,-17,1457,1497,-2.33,0.91,3.6529,2.7201,6.2343,0
21.918,-161,-17,1462,1497,-2.33,0.91,3.6529,2.7201,6.2343,0
21.936,-162,-17,1462,1497,-2.33,0.91,3.6529,2.7201,6.2343,0
21.953,-162,-17,1465,1497,-2.33,0.91,3.6529,2.7201,6.2343,0
21.971,-163,-17,1463,1497,-2.33,0.91,3.6529,2.7201,6.2343,0
21.988,-163,-17,1466,1497,-2.33,0.91,3.6529,2.7201,6.2343,0
22.006,-164,-17,1464,1497,-2.33,0.91,3.6529,2.7201,6.2343,0
22.023,-164,-17,1466,1497,-2.33,0.91,3.6529,2.7201,6.2343,0
22.041,-164,-17,1467,1497,-2.33,0.91,3.6529,2.7201,6.2343,0
22.059,-164,-17,1467,1497,-2.33,0.91,3.6529,2.7201,6.2343,0
22.076,-164,-17,1467,1497,-2.33,0.91,3.6529,2.7201,6.2343,0
22.093,-164,-17,1467,1497,-2.33,0.91,3.6529,2.7201,6.2343,0
22.111,-163,-17,1471,1497,-2.33,0.91,3.6529,2.7201,6.2343,0
22.128,-163,-17,1469,1497,-2.33,0.91,3.6529,2.7201,6.2343,0
22.145,-163,-17,1468,1497,-2.33,0.91,3.6529,2.7201,6.2343,0
22.162,-163,-17,1468,1497,-2.33,0.91,3.6529,2.7201,6.2343,0
22.179,-162,-17,1471,1497,-2.33,0.91,3.9074,2.0364,6.9756,0
22.196,-161,-17,1473,1497,-2.20,0.90,3.9074,2.0364,6.9756,0
22.213,-161,-17,1470,1497,-2.20,0.90,3.9074,2.0364,6.9756,0
22.230,-160,-17,1472,1497,-2.20,0.90,3.9074,2.0364,6.9756,0
22.248,-160,-17,1470,1497,-2.20,0.90,3.9074,2.0364,6.9756,0
22.265,-160,-17,1469,1497,-2.20,0.90,3.9074,2.0364,6.9756,0
22.282,-159,-17,1472,1497,-2.20,0.90,3.9074,2.0364,6.9756,0
22.300,-159,-17,1470,1497,-2.20,0.90,3.9074,2.0364,6.9756,0
22.317,-158,-17,1473,1497,-2.20,0.90,3.9074,2.0364,6.9756,0
22.334,-157,-17,1474,1497,-2.20,0.90,3.9074,2.0364,6.9756,0
22.353,-156,-17,1474,1497,-2.20,0.90,3.9074,2.0364,6.9756,0
22.370,-155,-17,1475,1497,-1.93,0.88,3.9074,2.0364,6.9756,0
22.388,-153,-17,1478,1497,-1.93,0.88,3.9074,2.0364,6.9756,0
22.405,-152,-17,1477,1497,-1.93,0.88,3.9074,2.0364,6.9756,0
22.422,-150,-18,1480,1494,-1.93,0.88,3.9074,2.0364,6.9756,0
22.440,-148,-17,1481,1498,-1.93,0.88,3.9074,2.0364,6.9756,0
22.457,-146,-17,1482,1498,-1.93,0.88,3.9074,2.0364,6.9756,0
22.474,-144,-17,1483,1497,-1.93,0.88,3.9074,2.0364,6.9756,0
22.491,-142,-18,1483,1494,-1.93,0.88,3.9074,2.0364,6.9756,0
22.508,-140,-18,1484,1495,-1.93,0.88,3.9074,2.0364,6.9756,0
22.526,-139,-18,1481,1496,-1.93,0.88,3.9074,2.0364,6.9756,0
22.543,-135,-18,1489,1496,-1.93,0.88,3.9074,2.0364,6.9756,0
22.560,-133,-18,1488,1497,-1.93,0.88,3.9074,2.0364,6.9756,0
22.577,-131,-18,1487,1497,-1.93,0.88,3.9074,2.0364,6.9756,0
22.594,-130,-18,1484,1497,-1.93,0.88,3.9074,2.0364,6.9756,0
22.612,-128,-18,1485,1497,-1.93,0.88,3.9074,2.0364,6.9756,0
22.629,-127,-18,1483,1497,-1.93,0.88,3.9074,2.0364,6.9756,0
22.646,-124,-18,1488,1497,-1.93,0.88,3.9074,2.0364,6.9756,0
22.663,-123,-18,1485,1497,-1.93,0.88,3.9074,2.0364,6.9756,0
22.681,-122,-18,1484,1497,-1.43,1.08,3.5845,2.2097,6.0715,0
22.698,-120,-18,1486,1497,-1.43,1.08,3.5845,2.2097,6.0715,0
22.715,-118,-18,1487,1497,-1.43,1.08,3.5845,2.2097,6.0715,0
22.732,-117,-19,1485,1494,-1.43,1.08,3.5845,2.2097,6.0715,0
22.750,-116,-19,1484,1495,-1.43,1.08,3.5845,2.2097,6.0715,0
22.768,-115,-19,1484,1496,-1.43,1.08,3.5845,2.2097,6.0715,0
22.786,-114,-19,1484,1496,-1.43,1.08,3.5845,2.2097,6.0715,0
22.803,-113,-19,1484,1496,-1.43,1.08,3.5845,2.2097,6.0715,0
22.820,-112,-19,1484,1496,-1.43,1.08,3.5845,2.2097,6.0715,0
22.838,-110,-19,1487,1496,-1.43,1.08,3.5845,2.2097,6.0715,0
22.855,-110,-19,1483,1496,-1.43,1.08,3.5845,2.2097,6.0715,0
22.873,-109,-19,1484,1496,-1.25,1.02,3.5845,2.2097,6.0715,0
22.890,-108,-19,1484,1496,-1.25,1.02,3.5845,2.2097,6.0715,0
22.907,-107,-19,1485,1496,-1.25,1.02,3.5845,2.2097,6.0715,0
22.925,-107,-19,1482,1496,-1.25,1.02,3.5845,2.2097,6.0715,0
22.942,-106,-19,1483,1496,-1.25,1.02,3.5845,2.2097,6.0715,0
22.959,-106,-19,1481,1496,-1.25,1.02,3.5845,2.2097,6.0715,0
22.976,-106,-19,1480,1496,-1.25,1.02,3.5845,2.2097,6.0715,0
22.993,-105,-19,1483,1496,-1.25,1.02,3.5845,2.2097,6.0715,0
23.010,-105,-20,1481,1493,-1.25,1.02,3.5845,2.2097,6.0715,0
23.027,-105,-20,1480,1495,-1.25,1.02,3.5845,2.2097,6.0715,0
23.044,-104,-20,1483,1496,-1.25,1.02,3.5845,2.2097,6.0715,0
23.066,-104,-20,1481,1496,-1.25,1.02,3.5845,2.2097,6.0715,0
23.083,-104,-20,1480,1496,-1.25,1.02,3.5845,2.2097,6.0715,0
23.100,-104,-20,1480,1496,-1.25,1.02,3.5845,2.2097,6.0715,0
23.117,-103,-20,1483,1496,-1.25,1.02,3.5845,2.2097,6.0715,0
23.134,-103,-20,1481,1496,-1.25,1.02,3.5845,2.2097,6.0715,0
23.151,-102,-20,1484,1496,-1.25,1.02,3.5845,2.2097,6.0715,0
23.169,-100,-20,1488,1496,-1.25,1.02,3.1381,2.5844,6.9156,0
23.186,-99,-20,1487,1496,-0.93,1.15,3.1381,2.5844,6.9156,0
23.203,-98,-20,1487,1496,-0.93,1.15,3.1381,2.5844,6.9156,0
23.221,-96,-21,1490,1493,-0.93,1.15,3.1381,2.5844,6.9156,0
23.238,-94,-21,1492,1495,-0.93,1.15,3.1381,2.5844,6.9156,0
23.258,-92,-21,1492,1495,-0.93,1.15,3.1381,2.5844,6.9156,0
23.275,-91,-21,1490,1496,-0.93,1.15,3.1381,2.5844,6.9156,0
23.292,-89,-21,1493,1496,-0.93,1.15,3.1381,2.5844,6.9156,0
23.309,-87,-21,1494,1496,-0.93,1.15,3.1381,2.5844,6.9156,0
23.326,-85,-21,1495,1496,-0.93,1.15,3.1381,2.5844,6.9156,0
23.343,-84,-21,1492,1496,-0.93,1.15,3.1381,2.5844,6.9156,0
23.360,-82,-22,1494,1493,-0.93,1.15,3.1381,2.5844,6.9156,0
23.378,-80,-21,1495,1498,-0.92,1.10,3.1381,2.5844,6.9156,0
23.395,-76,-22,1501,1494,-0.92,1.10,3.1381,2.5844,6.9156,0
23.412,-74,-22,1500,1495,-0.92,1.10,3.1381,2.5844,6.9156,0
23.430,-73,-22,1496,1495,-0.92,1.10,3.1381,2.5844,6.9156,0
23.447,-71,-22,1497,1496,-0.92,1.10,3.1381,2.5844,6.9156,0
23.464,-70,-22,1495,1496,-0.92,1.10,3.1381,2.5844,6.9156,0
23.482,-69,-23,1494,1493,-0.92,1.10,3.1381,2.5844,6.9156,0
23.499,-67,-23,1496,1494,-0.92,1.10,3.1381,2.5844,6.9156,0
23.516,-64,-23,1500,1495,-0.92,1.10,3.1381,2.5844,6.9156,0
23.534,-63,-23,1497,1495,-0.92,1.10,3.1381,2.5844,6.9156,0
23.551,-62,-23,1496,1496,-0.92,1.10,3.1381,2.5844,6.9156,0
23.568,-61,-23,1495,1496,-0.92,1.10,3.1381,2.5844,6.9156,0
23.586,-60,-23,1495,1496,-0.92,1.10,3.1381,2.5844,6.9156,1
23.603,-59,-23,1495,1496,-0.92,1.10,3.1381,2.5844,6.9156,1
23.621,-58,-24,1495,1493,-0.92,1.10,3.1381,2.5844,6.9156,1
23.638,-57,-24,1495,1494,-0.92,1.10,3.1381,2.5844,6.9156,1
23.656,-57,-24,1492,1495,-0.92,1.10,3.1381,2.5844,6.9156,1
23.673,-56,-24,1494,1495,-0.92,1.10,2.3754,2.7987,4.6713,1
23.690,-56,-24,1491,1495,-1.17,1.20,2.3754,2.7987,4.6713,1
23.707,-56,-24,1490,1495,-1.17,1.20,2.3754,2.7987,4.6713,1
23.726,-56,-24,1490,1495,-1.17,1.20,2.3754,2.7987,4.6713,1
23.743,-56,-25,1489,1492,-1.17,1.20,2.3754,2.7987,4.6713,1
23.760,-56,-25,1489,1494,-1.17,1.20,2.3754,2.7987,4.6713,1
23.778,-55,-25,1492,1495,-1.17,1.20,2.3754,2.7987,4.6713,1
23.796,-55,-25,1491,1495,-1.17,1.20,2.3754,2.7987,4.6713,1
23.814,-55,-25,1490,1495,-1.17,1.20,2.3754,2.7987,4.6713,1
23.831,-55,-25,1490,1495,-1.17,1.20,2.3754,2.7987,4.6713,1
23.848,-55,-26,1490,1492,-1.17,1.20,2.3754,2.7987,4.6713,1
23.865,-55,-26,1489,1494,-1.18,0.72,2.3754,2.7987,4.6713,1
23.882,-55,-26,1489,1494,-1.18,0.72,2.3754,2.7987,4.6713,1
23.900,-55,-26,1489,1495,-1.18,0.72,2.3754,2.7987,4.6713,1
23.917,-55,-26,1489,1495,-1.18,0.72,2.3754,2.7987,4.6713,1
23.934,-54,-26,1493,1495,-1.18,0.72,2.3754,2.7987,4.6713,1
23.951,-53,-26,1494,1495,-1.18,0.72,2.3754,2.7987,4.6713,1
23.969,-52,-26,1495,1495,-1.18,0.72,2.3754,2.7987,4.6713,1
23.986,-51,-26,1496,1495,-1.18,0.72,2.3754,2.7987,4.6713,1
24.005,-49,-26,1499,1495,-1.18,0.72,2.3754,2.7987,4.6713,1
24.022,-48,-27,1498,1492,-1.18,0.72,2.3754,2.7987,4.6713,1
24.039,-46,-27,1500,1493,-1.18,0.72,2.3754,2.7987,4.6713,1
24.056,-44,-27,1501,1494,-1.18,0.72,2.3754,2.7987,4.6713,1
24.074,-43,-27,1500,1495,-1.18,0.72,2.3754,2.7987,4.6713,1
24.091,-39,-27,1507,1495,-1.18,0.72,2.3754,2.7987,4.6713,1
24.108,-37,-27,1506,1495,-1.18,0.72,2.3754,2.7987,4.6713,1
24.125,-37,-27,1500,1495,-1.18,0.72,2.3754,2.7987,4.6713,1
24.142,-34,-27,1505,1495,-1.18,0.72,2.3754,2.7987,4.6713,1
24.159,-34,-27,1500,1495,-1.18,0.72,2.3754,2.7987,4.6713,1
24.176,-33,-27,1500,1495,-1.18,0.72,2.7047,3.3655,6.5333,1
24.194,-30,-28,1505,1492,-0.81,0.80,2.7047,3.3655,6.5333,1
24.211,-28,-28,1505,1493,-0.81,0.80,2.7047,3.3655,6.5333,1
24.228,-28,-28,1500,1494,-0.81,0.80,2.7047,3.3655,6.5333,1
24.245,-26,-28,1503,1494,-0.81,0.80,2.7047,3.3655,6.5333,1
24.262,-24,-28,1505,1495,-0.81,0.80,2.7047,3.3655,6.5333,1
24.279,-23,-28,1503,1495,-0.81,0.80,2.7047,3.3655,6.5333,1
24.298,-18,-28,1513,1495,-0.81,0.80,2.7047,3.3655,6.5333,1
24.315,-16,-28,1511,1495,-0.81,0.80,2.7047,3.3655,6.5333,1
24.332,-14,-28,1510,1495,-0.81,0.80,2.7047,3.3655,6.5333,1
24.350,-12,-29,1509,1492,-0.81,0.80,2.7047,3.3655,6.5333,1
24.369,-9,-29,1512,1493,-0.32,0.80,2.7047,3.3655,6.5333,1
24.387,-7,-29,1511,1494,-0.32,0.80,2.7047,3.3655,6.5333,1
24.404,-5,-29,1511,1494,-0.32,0.80,2.7047,3.3655,6.5333,1
24.421,-3,-29,1511,1494,-0.32,0.80,2.7047,3.3655,6.5333,1
24.438,-1,-29,1511,1494,-0.32,0.80,2.7047,3.3655,6.5333,1
24.455,1,-29,1511,1494,-0.32,0.80,2.7047,3.3655,6.5333,1
24.473,2,-29,1508,1494,-0.32,0.80,2.7047,3.3655,6.5333,1
24.490,5,-30,1514,1491,-0.32,0.80,2.7047,3.3655,6.5333,1
24.507,6,-30,1510,1493,-0.32,0.80,2.7047,3.3655,6.5333,1
24.525,9,-29,1514,1497,-0.32,0.80,2.7047,3.3655,6.5333,1
24.545,10,-29,1511,1496,-0.32,0.80,2.7047,3.3655,6.5333,1
24.562,11,-29,1509,1495,-0.32,0.80,2.7047,3.3655,6.5333,1
24.579,12,-30,1508,1492,-0.32,0.80,2.7047,3.3655,6.5333,1
24.596,13,-29,1508,1496,-0.32,0.80,2.7047,3.3655,6.5333,1
24.613,15,-30,1511,1492,-0.32,0.80,2.7047,3.3655,6.5333,1
24.631,16,-29,1510,1496,-0.32,0.80,2.7047,3.3655,6.5333,1
24.648,18,-30,1513,1492,-0.32,0.80,2.7047,3.3655,6.5333,1
24.665,19,-29,1511,1496,-0.32,0.80,2.7047,3.3655,6.5333,1
24.683,22,-29,1516,1495,0.65,0.49,2.7793,3.4984,6.6763,1
24.700,23,-29,1513,1495,0.65,0.49,2.7793,3.4984,6.6763,1
24.718,24,-29,1512,1495,0.65,0.49,2.7793,3.4984,6.6763,1
24.735,25,-29,1511,1495,0.65,0.49,2.7793,3.4984,6.6763,1
24.753,25,-29,1508,1495,0.65,0.49,2.7793,3.4984,6.6763,1
24.770,27,-29,1512,1495,0.65,0.49,2.7793,3.4984,6.6763,1
24.787,28,-29,1512,1495,0.65,0.49,2.7793,3.4984,6.6763,1
24.804,30,-29,1515,1495,0.65,0.49,2.7793,3.4984,6.6763,1
24.821,32,-29,1516,1495,0.65,0.49,2.7793,3.4984,6.6763,1
24.839,33,-29,1514,1495,0.65,0.49,2.7793,3.4984,6.6763,1
24.856,34,-29,1513,1495,0.65,0.49,2.7793,3.4984,6.6763,1
24.873,36,-29,1516,1495,1.37,0.54,2.7793,3.4984,6.6763,1
24.890,37,-29,1514,1495,1.37,0.54,2.7793,3.4984,6.6763,1
24.908,38,-29,1514,1495,1.37,0.54,2.7793,3.4984,6.6763,1
24.925,39,-29,1513,1495,1.37,0.54,2.7793,3.4984,6.6763,1
24.942,40,-29,1514,1495,1.37,0.54,2.7793,3.4984,6.6763,1
24.959,42,-29,1517,1495,1.37,0.54,2.7793,3.4984,6.6763,1
24.976,42,-29,1512,1495,1.37,0.54,2.7793,3.4984,6.6763,1
24.994,43,-29,1513,1495,1.37,0.54,2.7793,3.4984,6.6763,1
25.011,44,-29,1514,1495,1.37,0.54,2.7793,3.4984,6.6763,1
25.028,45,-29,1514,1495,1.37,0.54,2.7793,3.4984,6.6763,1
25.045,46,-29,1514,1495,1.37,0.54,2.7793,3.4984,6.6763,1
25.063,46,-29,1512,1495,1.37,0.54,2.7793,3.4984,6.6763,1
25.081,48,-29,1516,1495,1.37,0.54,2.7793,3.4984,6.6763,1
25.098,49,-29,1516,1495,1.37,0.54,2.7793,3.4984,6.6763,1
25.116,49,-29,1513,1495,1.37,0.54,2.7793,3.4984,6.6763,1
25.133,50,-29,1514,1495,1.37,0.54,2.7793,3.4984,6.6763,1
25.150,50,-29,1512,1495,1.37,0.54,2.7793,3.4984,6.6763,1
25.167,50,-29,1511,1495,1.37,0.54,3.1261,3.1743,6.7167,1
25.184,51,-29,1513,1495,1.22,1.09,3.1261,3.1743,6.7167,1
25.201,51,-28,1511,1498,1.22,1.09,3.1261,3.1743,6.7167,1
25.219,52,-28,1514,1496,1.22,1.09,3.1261,3.1743,6.7167,1
25.236,52,-28,1512,1495,1.22,1.09,3.1261,3.1743,6.7167,1
25.254,52,-28,1511,1495,1.22,1.09,3.1261,3.1743,6.7167,1
25.272,51,-28,1507,1495,1.22,1.09,3.1261,3.1743,6.7167,1
25.289,51,-28,1509,1495,1.22,1.09,3.1261,3.1743,6.7167,1
25.306,51,-28,1509,1495,1.22,1.09,3.1261,3.1743,6.7167,1
25.324,50,-28,1506,1495,1.22,1.09,3.1261,3.1743,6.7167,1
25.341,50,-28,1508,1495,1.22,1.09,3.1261,3.1743,6.7167,1
25.358,50,-28,1509,1495,1.22,1.09,3.1261,3.1743,6.7167,1
25.375,50,-28,1509,1495,0.81,0.98,3.1261,3.1743,6.7167,1
25.392,50,-28,1509,1495,0.81,0.98,3.1261,3.1743,6.7167,1
25.410,49,-28,1506,1495,0.81,0.98,3.1261,3.1743,6.7167,1
25.427,48,-28,1505,1495,0.81,0.98,3.1261,3.1743,6.7167,1
25.444,47,-28,1504,1495,0.81,0.98,3.1261,3.1743,6.7167,1
25.462,47,-28,1506,1495,0.81,0.98,3.1261,3.1743,6.7167,1
25.479,45,-28,1502,1495,0.81,0.98,3.1261,3.1743,6.7167,1
25.498,44,-28,1502,1495,0.81,0.98,3.1261,3.1743,6.7167,1
25.516,43,-28,1502,1495,0.81,0.98,3.1261,3.1743,6.7167,1
25.533,42,-27,1502,1498,0.81,0.98,3.1261,3.1743,6.7167,1
25.550,41,-27,1502,1496,0.81,0.98,3.1261,3.1743,6.7167,1
25.567,40,-27,1502,1496,0.81,0.98,3.1261,3.1743,6.7167,1
25.584,37,-27,1496,1495,0.81,0.98,3.1261,3.1743,6.7167,1
25.601,36,-27,1499,1495,0.81,0.98,3.1261,3.1743,6.7167,1
25.618,35,-27,1500,1495,0.81,0.98,3.1261,3.1743,6.7167,1
25.636,34,-27,1500,1495,0.81,0.98,3.1261,3.1743,6.7167,1
25.653,34,-27,1503,1495,0.81,0.98,3.1261,3.1743,6.7167,1
25.671,32,-27,1500,1495,0.81,0.98,2.3271,3.2875,6.6744,1
25.688,31,-27,1500,1495,-0.14,0.97,2.3271,3.2875,6.6744,1
25.706,30,-27,1500,1495,-0.14,0.97,2.3271,3.2875,6.6744,1
25.724,28,-27,1498,1495,-0.14,0.97,2.3271,3.2875,6.6744,1
25.742,27,-27,1499,1495,-0.14,0.97,2.3271,3.2875,6.6744,1
25.759,26,-27,1499,1495,-0.14,0.97,2.3271,3.2875,6.6744,1
25.776,24,-27,1496,1495,-0.14,0.97,2.3271,3.2875,6.6744,1
25.793,23,-26,1498,1498,-0.14,0.97,2.3271,3.2875,6.6744,1
25.810,19,-27,1489,1493,-0.14,0.97,2.3271,3.2875,6.6744,1
25.829,17,-26,1491,1497,-0.14,0.97,2.3271,3.2875,6.6744,1
25.846,15,-26,1491,1496,-0.14,0.97,2.3271,3.2875,6.6744,1
25.863,14,-26,1494,1496,-0.88,1.06,2.3271,3.2875,6.6744,1
25.880,12,-26,1493,1495,-0.88,1.06,2.3271,3.2875,6.6744,1
25.897,10,-26,1492,1495,-0.88,1.06,2.3271,3.2875,6.6744,1
25.915,9,-26,1494,1495,-0.88,1.06,2.3271,3.2875,6.6744,1
25.933,7,-26,1492,1495,-0.88,1.06,2.3271,3.2875,6.6744,1
25.951,5,-26,1491,1495,-0.88,1.06,2.3271,3.2875,6.6744,1
25.968,3,-26,1490,1495,-0.88,1.06,2.3271,3.2875,6.6744,1
25.985,2,-26,1492,1495,-0.88,1.06,2.3271,3.2875,6.6744,1
26.002,-1,-26,1487,1495,-0.88,1.06,2.3271,3.2875,6.6744,1
26.020,-2,-26,1491,1495,-0.88,1.06,2.3271,3.2875,6.6744,1
26.037,-3,-26,1492,1495,-0.88,1.06,2.3271,3.2875,6.6744,1
26.055,-3,-26,1496,1495,-0.88,1.06,2.3271,3.2875,6.6744,1
26.072,-4,-26,1495,1495,-0.88,1.06,2.3271,3.2875,6.6744,1
26.089,-5,-26,1494,1495,-0.88,1.06,2.3271,3.2875,6.6744,1
26.107,-7,-26,1491,1495,-0.88,1.06,2.3271,3.2875,6.6744,1
26.124,-10,-26,1486,1495,-0.88,1.06,2.3271,3.2875,6.6744,1
26.141,-11,-26,1489,1495,-0.88,1.06,2.3271,3.2875,6.6744,1
26.158,-12,-26,1491,1495,-0.88,1.06,2.3271,3.2875,6.6744,1
26.178,-13,-26,1492,1495,-0.88,1.06,3.1613,3.4595,7.4116,1
26.196,-14,-26,1492,1495,-1.13,0.98,3.1613,3.4595,7.4116,1
26.213,-14,-26,1495,1495,-1.13,0.98,3.1613,3.4595,7.4116,1
26.230,-16,-26,1490,1495,-1.13,0.98,3.1613,3.4595,7.4116,1
26.247,-17,-25,1491,1498,-1.13,0.98,3.1613,3.4595,7.4116,1
26.264,-18,-26,1491,1494,-1.13,0.98,3.1613,3.4595,7.4116,1
26.282,-19,-26,1491,1494,-1.13,0.98,3.1613,3.4595,7.4116,1
26.299,-20,-26,1491,1495,-1.13,0.98,3.1613,3.4595,7.4116,1
26.316,-21,-26,1490,1495,-1.13,0.98,3.1613,3.4595,7.4116,1
26.333,-22,-25,1490,1498,-1.13,0.98,3.1613,3.4595,7.4116,1
26.350,-25,-25,1484,1497,-1.13,0.98,3.1613,3.4595,7.4116,1
26.367,-26,-25,1487,1496,-1.51,1.24,3.1613,3.4595,7.4116,1
26.385,-26,-25,1491,1496,-1.51,1.24,3.1613,3.4595,7.4116,1
26.402,-27,-25,1490,1495,-1.51,1.24,3.1613,3.4595,7.4116,1
26.419,-28,-25,1490,1495,-1.51,1.24,3.1613,3.4595,7.4116,1
26.436,-30,-25,1486,1495,-1.51,1.24,3.1613,3.4595,7.4116,1
26.454,-31,-25,1487,1495,-1.51,1.24,3.1613,3.4595,7.4116,1
26.471,-32,-25,1488,1495,-1.51,1.24,3.1613,3.4595,7.4116,1
26.488,-34,-25,1485,1495,-1.51,1.24,3.1613,3.4595,7.4116,1
26.505,-36,-25,1483,1495,-1.51,1.24,3.1613,3.4595,7.4116,1
26.522,-37,-25,1485,1495,-1.51,1.24,3.1613,3.4595,7.4116,1
26.539,-38,-25,1486,1495,-1.51,1.24,3.1613,3.4595,7.4116,1
26.556,-40,-25,1483,1495,-1.51,1.24,3.1613,3.4595,7.4116,1
26.574,-41,-25,1485,1495,-1.51,1.24,3.1613,3.4595,7.4116,1
26.594,-41,-25,1489,1495,-1.51,1.24,3.1613,3.4595,7.4116,1
26.611,-41,-25,1490,1495,-1.51,1.24,3.1613,3.4595,7.4116,1
26.628,-41,-26,1491,1492,-1.60,1.12,3.1613,3.4595,7.4116,1
26.645,-41,-26,1492,1494,-1.60,1.12,3.1613,3.4595,7.4116,1
26.662,-41,-26,1492,1494,-1.60,1.12,3.1613,3.4595,7.4116,1
26.679,-41,-26,1492,1495,-1.60,1.12,2.7484,2.7981,6.1041,1
26.696,-41,-27,1492,1492,-1.60,1.12,2.7484,2.7981,6.1041,1
26.714,-42,-26,1489,1496,-1.60,1.12,2.7484,2.7981,6.1041,1
26.731,-42,-26,1491,1496,-1.60,1.12,2.7484,2.7981,6.1041,1
26.749,-42,-26,1491,1495,-1.60,1.12,2.7484,2.7981,6.1041,1
26.766,-41,-26,1495,1495,-1.60,1.12,2.7484,2.7981,6.1041,1
26.784,-41,-26,1494,1495,-1.60,1.12,2.7484,2.7981,6.1041,1
26.801,-40,-26,1496,1495,-1.60,1.12,2.7484,2.7981,6.1041,1
26.821,-40,-26,1494,1495,-1.60,1.12,2.7484,2.7981,6.1041,1
26.838,-40,-26,1493,1495,-1.60,1.12,2.7484,2.7981,6.1041,1
26.855,-39,-26,1496,1495,-1.60,1.12,2.7484,2.7981,6.1041,1
26.873,-38,-27,1497,1492,-0.95,0.75,2.7484,2.7981,6.1041,1
26.890,-37,-27,1498,1493,-0.95,0.75,2.7484,2.7981,6.1041,1
26.907,-36,-27,1499,1494,-0.95,0.75,2.7484,2.7981,6.1041,1
26.924,-35,-27,1499,1495,-0.95,0.75,2.7484,2.7981,6.1041,1
26.941,-33,-27,1502,1495,-0.95,0.75,1.9720,3.3282,5.6738,1
26.958,-32,-27,1500,1495,-0.95,0.75,1.9720,3.3282,5.6738,1
26.975,-31,-27,1500,1495,-0.95,0.75,1.9720,3.3282,5.6738,1
26.993,-28,-27,1506,1495,-0.95,0.75,1.9720,3.3282,5.6738,1
27.010,-27,-27,1503,1495,-0.95,0.75,1.9720,3.3282,5.6738,1
27.027,-26,-27,1502,1495,-0.95,0.75,1.9720,3.3282,5.6738,1
27.045,-25,-27,1501,1495,-0.95,0.75,1.9720,3.3282,5.6738,1
27.062,-24,-28,1501,1492,-0.95,0.75,1.9720,3.3282,5.6738,1
27.080,-23,-27,1501,1496,-0.95,0.75,1.9720,3.3282,5.6738,1
27.098,-23,-28,1499,1493,-0.95,0.75,1.9720,3.3282,5.6738,1
27.115,-22,-28,1500,1494,-0.92,0.39,1.9720,3.3282,5.6738,1
27.132,-21,-28,1500,1494,-0.92,0.39,1.9720,3.3282,5.6738,1
27.150,-20,-28,1501,1494,-0.92,0.39,1.9720,3.3282,5.6738,1
27.167,-19,-28,1501,1495,-0.92,0.39,1.9720,3.3282,5.6738,1
27.185,-19,-28,1499,1495,-0.92,0.39,2.6122,3.4385,5.7605,1
27.203,-19,-28,1498,1495,-0.92,0.39,2.6122,3.4385,5.7605,1
27.221,-20,-28,1494,1495,-0.92,0.39,2.6122,3.4385,5.7605,1
27.238,-21,-28,1492,1495,-0.92,0.39,2.6122,3.4385,5.7605,1
27.255,-22,-29,1491,1492,-0.92,0.39,2.6122,3.4385,5.7605,1
27.272,-23,-28,1490,1496,-0.92,0.39,2.6122,3.4385,5.7605,1
27.289,-24,-29,1490,1492,-0.92,0.39,2.6122,3.4385,5.7605,1
27.308,-25,-29,1490,1493,-0.92,0.39,2.6122,3.4385,5.7605,1
27.325,-26,-29,1490,1494,-0.92,0.39,2.6122,3.4385,5.7605,1
27.342,-28,-29,1486,1494,-0.92,0.39,2.6122,3.4385,5.7605,1
27.359,-29,-29,1487,1494,-0.92,0.39,2.6122,3.4385,5.7605,1
27.377,-29,-29,1491,1494,-1.02,0.42,2.6122,3.4385,5.7605,1
27.394,-30,-29,1490,1494,-1.02,0.42,2.6122,3.4385,5.7605,1
27.411,-32,-29,1486,1494,-1.02,0.42,2.6122,3.4385,5.7605,1
27.431,-33,-29,1487,1494,-1.02,0.42,2.3007,3.3621,5.4032,1
27.448,-33,-29,1490,1494,-1.02,0.42,2.3007,3.3621,5.4032,1
27.465,-33,-29,1492,1494,-1.02,0.42,2.3007,3.3621,5.4032,1
27.482,-34,-30,1490,1491,-1.02,0.42,2.3007,3.3621,5.4032,1
27.499,-34,-30,1492,1493,-1.02,0.42,2.3007,3.3621,5.4032,1
27.517,-34,-30,1493,1494,-1.02,0.42,2.3007,3.3621,5.4032,1
27.534,-35,-29,1490,1497,-1.02,0.42,2.3007,3.3621,5.4032,1
27.552,-35,-29,1492,1496,-1.02,0.42,2.3007,3.3621,5.4032,1
27.569,-35,-29,1493,1495,-1.02,0.42,2.3007,3.3621,5.4032,1
27.587,-36,-29,1490,1495,-1.02,0.42,2.3007,3.3621,5.4032,1
27.604,-36,-29,1492,1495,-1.02,0.42,2.3007,3.3621,5.4032,1
27.621,-35,-30,1495,1491,-0.81,0.81,2.3007,3.3621,5.4032,1
27.638,-35,-30,1494,1493,-0.81,0.81,2.3007,3.3621,5.4032,1
27.655,-35,-30,1494,1494,-0.81,0.81,2.3007,3.3621,5.4032,1
27.672,-35,-30,1494,1494,-0.81,0.81,2.3007,3.3621,5.4032,1
27.689,-34,-30,1497,1494,-0.81,0.81,3.0091,2.9226,6.7861,1
27.706,-34,-30,1495,1494,-0.81,0.81,3.0091,2.9226,6.7861,1
27.723,-34,-30,1494,1494,-0.81,0.81,3.0091,2.9226,6.7861,1
27.741,-33,-30,1497,1494,-0.81,0.81,3.0091,2.9226,6.7861,1
27.760,-32,-30,1498,1494,-0.81,0.81,3.0091,2.9226,6.7861,1
27.777,-31,-30,1499,1494,-0.81,0.81,3.0091,2.9226,6.7861,1
27.794,-30,-30,1500,1494,-0.81,0.81,3.0091,2.9226,6.7861,1
27.812,-29,-30,1500,1494,-0.81,0.81,3.0091,2.9226,6.7861,1
27.829,-27,-30,1503,1494,-0.81,0.81,3.0091,2.9226,6.7861,1
27.847,-26,-30,1501,1494,-0.81,0.81,3.0091,2.9226,6.7861,1
27.865,-26,-30,1499,1494,-0.55,0.72,3.0091,2.9226,6.7861,1
27.882,-25,-30,1500,1494,-0.55,0.72,3.0091,2.9226,6.7861,1
27.899,-24,-30,1500,1494,-0.55,0.72,3.0091,2.9226,6.7861,1
27.916,-23,-30,1500,1494,-0.55,0.72,3.0091,2.9226,6.7861,1
27.934,-23,-30,1499,1494,-0.55,0.72,3.0231,3.0582,6.5733,1
27.951,-22,-30,1500,1494,-0.55,0.72,3.0231,3.0582,6.5733,1
27.969,-21,-31,1500,1491,-0.55,0.72,3.0231,3.0582,6.5733,0
27.986,-20,-31,1501,1493,-0.55,0.72,3.0231,3.0582,6.5733,0
28.003,-19,-31,1501,1493,-0.55,0.72,3.0231,3.0582,6.5733,0
28.022,-18,-31,1501,1494,-0.55,0.72,3.0231,3.0582,6.5733,0
28.039,-17,-31,1502,1494,-0.55,0.72,3.0231,3.0582,6.5733,0
28.056,-17,-31,1500,1494,-0.55,0.72,3.0231,3.0582,6.5733,0
28.073,-16,-31,1501,1494,-0.55,0.72,3.0231,3.0582,6.5733,0
28.091,-15,-31,1501,1494,-0.55,0.72,3.0231,3.0582,6.5733,0
28.108,-14,-31,1502,1494,-0.55,0.72,3.0231,3.0582,6.5733,0
28.125,-13,-31,1502,1494,-0.17,0.68,3.0231,3.0582,6.5733,0
28.142,-12,-31,1503,1494,-0.17,0.68,3.0231,3.0582,6.5733,0
28.159,-12,-31,1500,1494,-0.17,0.68,3.0231,3.0582,6.5733,0
28.178,-11,-31,1501,1494,-0.17,0.68,2.5770,3.1754,6.3284,0
28.195,-10,-31,1502,1494,-0.17,0.68,2.5770,3.1754,6.3284,0
28.212,-9,-31,1503,1494,-0.17,0.68,2.5770,3.1754,6.3284,0
28.229,-9,-31,1500,1494,-0.17,0.68,2.5770,3.1754,6.3284,0
28.246,-8,-31,1502,1494,-0.17,0.68,2.5770,3.1754,6.3284,0
28.264,-8,-31,1500,1494,-0.17,0.68,2.5770,3.1754,6.3284,0
28.282,-8,-31,1500,1494,-0.17,0.68,2.5770,3.1754,6.3284,0
28.300,-8,-31,1499,1494,-0.17,0.68,2.5770,3.1754,6.3284,0
28.319,-8,-31,1499,1494,-0.17,0.68,2.5770,3.1754,6.3284,0
28.336,-7,-31,1501,1494,-0.17,0.68,2.5770,3.1754,6.3284,0
28.353,-7,-31,1500,1494,-0.17,0.68,2.5770,3.1754,6.3284,0
28.370,-7,-31,1500,1494,-0.15,0.63,2.5770,3.1754,6.3284,0
28.387,-7,-31,1499,1494,-0.15,0.63,2.5770,3.1754,6.3284,0
28.404,-7,-31,1499,1494,-0.15,0.63,2.5770,3.1754,6.3284,0
28.421,-7,-31,1499,1494,-0.15,0.63,2.5770,3.1754,6.3284,0
28.439,-7,-31,1499,1494,-0.15,0.63,2.3343,3.5180,6.3715,0
28.456,-7,-31,1499,1494,-0.15,0.63,2.3343,3.5180,6.3715,0
28.473,-7,-31,1499,1494,-0.15,0.63,2.3343,3.5180,6.3715,0
28.490,-7,-31,1499,1494,-0.15,0.63,2.3343,3.5180,6.3715,0
28.507,-7,-31,1499,1494,-0.15,0.63,2.3343,3.5180,6.3715,0
28.524,-6,-31,1501,1494,-0.15,0.63,2.3343,3.5180,6.3715,0
28.541,-5,-31,1503,1494,-0.15,0.63,2.3343,3.5180,6.3715,0
28.558,-5,-31,1501,1494,-0.15,0.63,2.3343,3.5180,6.3715,0
28.575,-4,-31,1503,1494,-0.15,0.63,2.3343,3.5180,6.3715,0
28.593,-3,-31,1504,1494,-0.15,0.63,2.3343,3.5180,6.3715,0
28.610,-2,-31,1504,1494,-0.15,0.63,2.3343,3.5180,6.3715,0
28.628,-1,-31,1505,1494,-0.01,0.94,2.3343,3.5180,6.3715,0
28.645,0,-31,1505,1494,-0.01,0.94,2.3343,3.5180,6.3715,0
28.662,1,-31,1505,1494,-0.01,0.94,2.3343,3.5180,6.3715,0
28.679,2,-31,1506,1494,-0.01,0.94,2.7189,3.0758,7.3967,0
28.696,2,-31,1503,1494,-0.01,0.94,2.7189,3.0758,7.3967,0
28.714,3,-30,1504,1497,-0.01,0.94,2.7189,3.0758,7.3967,1
28.731,4,-30,1505,1496,-0.01,0.94,2.7189,3.0758,7.3967,1
28.749,5,-30,1506,1495,-0.01,0.94,2.7189,3.0758,7.3967,1
28.766,6,-30,1506,1495,-0.01,0.94,2.7189,3.0758,7.3967,1
28.783,7,-30,1507,1494,-0.01,0.94,2.7189,3.0758,7.3967,1
28.802,8,-30,1507,1494,-0.01,0.94,2.7189,3.0758,7.3967,1
28.819,9,-30,1507,1494,-0.01,0.94,2.7189,3.0758,7.3967,1
28.836,10,-30,1507,1494,-0.01,0.94,2.7189,3.0758,7.3967,1
28.853,11,-31,1507,1491,-0.01,0.94,2.7189,3.0758,7.3967,0
28.871,12,-30,1508,1496,-0.15,1.21,2.7189,3.0758,7.3967,1
28.888,14,-30,1511,1495,-0.15,1.21,2.7189,3.0758,7.3967,1
28.905,15,-30,1510,1495,-0.15,1.21,2.7189,3.0758,7.3967,1
28.923,15,-30,1506,1494,-0.15,1.21,2.7189,3.0758,7.3967,1
28.941,17,-30,1510,1494,-0.15,1.21,2.2550,3.0537,5.5541,1
28.958,17,-30,1507,1494,-0.15,1.21,2.2550,3.0537,5.5541,1
28.976,18,-30,1508,1494,-0.15,1.21,2.2550,3.0537,5.5541,1
28.994,18,-30,1505,1494,-0.15,1.21,2.2550,3.0537,5.5541,1
29.011,19,-30,1507,1494,-0.15,1.21,2.2550,3.0537,5.5541,1
29.028,20,-30,1508,1494,-0.15,1.21,2.2550,3.0537,5.5541,1
29.045,20,-30,1506,1494,-0.15,1.21,2.2550,3.0537,5.5541,1
29.063,20,-30,1505,1494,-0.15,1.21,2.2550,3.0537,5.5541,1
29.080,19,-30,1501,1494,-0.15,1.21,2.2550,3.0537,5.5541,1
29.097,19,-30,1502,1494,-0.15,1.21,2.2550,3.0537,5.5541,1
29.114,18,-30,1500,1494,-0.43,1.39,2.2550,3.0537,5.5541,1
29.132,18,-30,1501,1494,-0.43,1.39,2.2550,3.0537,5.5541,1
29.149,18,-30,1502,1494,-0.43,1.39,2.2550,3.0537,5.5541,1
29.166,17,-30,1500,1494,-0.43,1.39,2.2550,3.0537,5.5541,1
29.183,16,-30,1499,1494,-0.43,1.39,2.5357,3.1770,6.3809,1
29.201,15,-30,1498,1494,-0.43,1.39,2.5357,3.1770,6.3809,1
29.219,15,-30,1500,1494,-0.43,1.39,2.5357,3.1770,6.3809,1
29.236,15,-30,1501,1494,-0.43,1.39,2.5357,3.1770,6.3809,1
29.253,14,-30,1500,1494,-0.43,1.39,2.5357,3.1770,6.3809,1
29.270,13,-30,1498,1494,-0.43,1.39,2.5357,3.1770,6.3809,1
29.287,12,-30,1498,1494,-0.43,1.39,2.5357,3.1770,6.3809,1
29.304,11,-30,1497,1494,-0.43,1.39,2.5357,3.1770,6.3809,1
29.322,10,-30,1497,1494,-0.43,1.39,2.5357,3.1770,6.3809,1
29.339,9,-30,1497,1494,-0.43,1.39,2.5357,3.1770,6.3809,1
29.356,8,-30,1496,1494,-0.43,1.39,2.5357,3.1770,6.3809,1
29.374,7,-30,1496,1494,-0.83,1.26,2.5357,3.1770,6.3809,1
29.391,6,-30,1496,1494,-0.83,1.26,2.5357,3.1770,6.3809,1
29.408,5,-30,1496,1494,-0.83,1.26,2.5357,3.1770,6.3809,1
29.426,3,-30,1492,1494,-0.83,1.26,3.1065,3.2529,6.4282,1
29.443,2,-30,1494,1494,-0.83,1.26,3.1065,3.2529,6.4282,1
29.460,-2,-30,1485,1494,-0.83,1.26,3.1065,3.2529,6.4282,1
29.478,-3,-30,1489,1494,-0.83,1.26,3.1065,3.2529,6.4282,1
29.495,-4,-30,1492,1494,-0.83,1.26,3.1065,3.2529,6.4282,1
29.512,-6,-30,1489,1494,-0.83,1.26,3.1065,3.2529,6.4282,1
29.529,-8,-30,1488,1494,-0.83,1.26,3.1065,3.2529,6.4282,1
29.547,-10,-30,1487,1494,-0.83,1.26,3.1065,3.2529,6.4282,1
29.564,-12,-30,1487,1494,-0.83,1.26,3.1065,3.2529,6.4282,1
29.581,-14,-30,1486,1494,-0.83,1.26,3.1065,3.2529,6.4282,1
29.598,-16,-30,1486,1494,-0.83,1.26,3.1065,3.2529,6.4282,1
29.615,-18,-31,1485,1491,-1.17,0.85,3.1065,3.2529,6.4282,0
29.633,-21,-31,1482,1493,-1.17,0.85,3.1065,3.2529,6.4282,0
29.650,-23,-31,1483,1493,-1.17,0.85,3.1065,3.2529,6.4282,0
29.667,-25,-31,1483,1494,-1.17,0.85,3.1065,3.2529,6.4282,0
29.685,-27,-31,1483,1494,-1.17,0.85,3.4718,2.6604,6.5794,0
29.703,-30,-31,1480,1494,-1.17,0.85,3.4718,2.6604,6.5794,0
29.720,-33,-31,1478,1494,-1.17,0.85,3.4718,2.6604,6.5794,0
29.738,-38,-31,1471,1494,-1.17,0.85,3.4718,2.6604,6.5794,0
29.755,-41,-31,1472,1494,-1.17,0.85,3.4718,2.6604,6.5794,0
29.772,-44,-31,1473,1494,-1.17,0.85,3.4718,2.6604,6.5794,0
29.790,-47,-31,1474,1494,-1.17,0.85,3.4718,2.6604,6.5794,0
29.808,-50,-31,1473,1494,-1.17,0.85,3.4718,2.6604,6.5794,0
29.824,-53,-31,1472,1494,-1.17,0.85,3.4718,2.6604,6.5794,0
29.842,-55,-31,1475,1494,-1.17,0.85,3.4718,2.6604,6.5794,0
29.859,-58,-31,1473,1494,-1.17,0.85,3.4718,2.6604,6.5794,0
29.877,-61,-31,1472,1494,-2.37,0.50,3.4718,2.6604,6.5794,0
29.894,-63,-31,1474,1494,-2.37,0.50,3.4718,2.6604,6.5794,0
29.913,-66,-31,1472,1494,-2.37,0.50,3.4718,2.6604,6.5794,0
29.930,-68,-31,1474,1494,-2.37,0.50,3.8685,2.7632,5.7085,0
29.948,-71,-31,1471,1494,-2.37,0.50,3.8685,2.7632,5.7085,0
29.965,-73,-31,1472,1494,-2.37,0.50,3.8685,2.7632,5.7085,0
29.982,-76,-31,1470,1494,-2.37,0.50,3.8685,2.7632,5.7085,0
30.000,-78,-31,1472,1494,-2.37,0.50,3.8685,2.7632,5.7085,0
30.018,-80,-32,1472,1491,-2.37,0.50,3.8685,2.7632,5.7085,0
30.035,-82,-31,1472,1496,-2.37,0.50,3.8685,2.7632,5.7085,0
30.052,-84,-32,1472,1492,-2.37,0.50,3.8685,2.7632,5.7085,0
30.069,-85,-32,1475,1493,-2.37,0.50,3.8685,2.7632,5.7085,0
30.087,-87,-32,1473,1493,-2.37,0.50,3.8685,2.7632,5.7085,0
30.105,-90,-32,1469,1494,-2.37,0.50,3.8685,2.7632,5.7085,0
30.122,-91,-32,1473,1494,-2.74,0.42,3.8685,2.7632,5.7085,0
30.139,-93,-32,1471,1494,-2.74,0.42,3.8685,2.7632,5.7085,0
30.156,-93,-32,1477,1494,-2.74,0.42,3.8685,2.7632,5.7085,0
30.176,-94,-32,1476,1494,-2.74,0.42,3.3812,3.1067,5.5155,0
30.193,-95,-32,1476,1494,-2.74,0.42,3.3812,3.1067,5.5155,0
30.211,-95,-32,1479,1494,-2.74,0.42,3.3812,3.1067,5.5155,0
30.228,-95,-32,1480,1494,-2.74,0.42,3.3812,3.1067,5.5155,0
30.245,-96,-32,1478,1494,-2.74,0.42,3.3812,3.1067,5.5155,0
30.262,-95,-32,1483,1494,-2.74,0.42,3.3812,3.1067,5.5155,0
30.280,-95,-32,1482,1494,-2.74,0.42,3.3812,3.1067,5.5155,0
30.297,-94,-32,1485,1494,-2.74,0.42,3.3812,3.1067,5.5155,0
30.314,-94,-32,1483,1494,-2.74,0.42,3.3812,3.1067,5.5155,0
30.332,-93,-32,1485,1494,-2.74,0.42,3.3812,3.1067,5.5155,0
30.349,-92,-32,1487,1494,-2.74,0.42,3.3812,3.1067,5.5155,0
30.367,-91,-33,1487,1491,-2.27,-0.02,3.3812,3.1067,5.5155,0
30.384,-91,-32,1485,1495,-2.27,-0.02,3.3812,3.1067,5.5155,0
30.401,-90,-32,1487,1495,-2.27,-0.02,3.3812,3.1067,5.5155,0
30.419,-90,-33,1485,1491,-2.27,-0.02,3.3812,3.1067,5.5155,0
30.436,-90,-33,1483,1492,-2.27,-0.02,3.4083,2.1768,7.1778,0
30.453,-90,-33,1483,1493,-2.27,-0.02,3.4083,2.1768,7.1778,0
30.470,-90,-33,1483,1493,-2.27,-0.02,3.4083,2.1768,7.1778,0
30.488,-90,-33,1483,1494,-2.27,-0.02,3.4083,2.1768,7.1778,0
30.505,-90,-33,1482,1494,-2.27,-0.02,3.4083,2.1768,7.1778,0
30.522,-91,-33,1479,1494,-2.27,-0.02,3.4083,2.1768,7.1778,0
30.540,-91,-33,1481,1494,-2.27,-0.02,3.4083,2.1768,7.1778,0
30.558,-92,-33,1478,1494,-2.27,-0.02,3.4083,2.1768,7.1778,0
30.575,-92,-33,1480,1494,-2.27,-0.02,3.4083,2.1768,7.1778,0
30.592,-93,-33,1478,1494,-2.27,-0.02,3.4083,2.1768,7.1778,0
30.609,-93,-33,1480,1494,-2.27,-0.02,3.4083,2.1768,7.1778,0
30.626,-93,-33,1481,1494,-2.07,0.17,3.4083,2.1768,7.1778,0
30.643,-94,-33,1478,1494,-2.07,0.17,3.4083,2.1768,7.1778,0
30.662,-94,-33,1480,1494,-2.07,0.17,3.4083,2.1768,7.1778,0
30.679,-94,-33,1481,1494,-2.07,0.17,3.7936,2.9959,6.2108,0
30.696,-95,-33,1478,1494,-2.07,0.17,3.7936,2.9959,6.2108,0
30.713,-95,-33,1480,1494,-2.07,0.17,3.7936,2.9959,6.2108,0
30.733,-96,-33,1478,1494,-2.07,0.17,3.7936,2.9959,6.2108,0
30.750,-96,-33,1479,1494,-2.07,0.17,3.7936,2.9959,6.2108,0
30.768,-97,-33,1477,1494,-2.07,0.17,3.7936,2.9959,6.2108,0
30.786,-98,-33,1476,1494,-2.07,0.17,3.7936,2.9959,6.2108,0
30.803,-99,-33,1475,1494,-2.07,0.17,3.7936,2.9959,6.2108,0
30.820,-100,-33,1475,1494,-2.07,0.17,3.7936,2.9959,6.2108,0
30.837,-101,-33,1475,1494,-2.07,0.17,3.7936,2.9959,6.2108,0
30.855,-102,-33,1474,1494,-2.07,0.17,3.7936,2.9959,6.2108,0
30.872,-104,-33,1471,1494,-1.79,0.28,3.7936,2.9959,6.2108,0
30.889,-105,-33,1472,1494,-1.79,0.28,3.7936,2.9959,6.2108,0
30.906,-106,-33,1473,1494,-1.79,0.28,3.7936,2.9959,6.2108,0
30.923,-106,-33,1476,1494,-1.79,0.28,3.9107,2.6664,6.2774,0
30.940,-107,-33,1474,1494,-1.79,0.28,3.9107,2.6664,6.2774,0
30.957,-108,-33,1474,1494,-1.79,0.28,3.9107,2.6664,6.2774,0
30.974,-109,-33,1473,1494,-1.79,0.28,3.9107,2.6664,6.2774,0
30.992,-110,-33,1473,1494,-1.79,0.28,3.9107,2.6664,6.2774,0
31.009,-111,-33,1472,1494,-1.79,0.28,3.9107,2.6664,6.2774,0
31.026,-112,-33,1472,1494,-1.79,0.28,3.9107,2.6664,6.2774,0
31.043,-113,-33,1472,1494,-1.79,0.28,3.9107,2.6664,6.2774,0
31.061,-114,-33,1472,1494,-1.79,0.28,3.9107,2.6664,6.2774,0
31.078,-115,-33,1472,1494,-1.79,0.28,3.9107,2.6664,6.2774,0
31.096,-116,-33,1471,1494,-1.79,0.28,3.9107,2.6664,6.2774,0
31.113,-116,-33,1474,1494,-1.90,0.29,3.9107,2.6664,6.2774,0
31.130,-116,-33,1476,1494,-1.90,0.29,3.9107,2.6664,6.2774,0
31.147,-118,-33,1470,1494,-1.90,0.29,3.9107,2.6664,6.2774,0
31.165,-119,-33,1471,1494,-1.90,0.29,3.9107,2.6664,6.2774,0
31.183,-119,-33,1474,1494,-1.90,0.29,2.7455,3.2705,6.7473,0
31.200,-120,-33,1472,1494,-1.90,0.29,2.7455,3.2705,6.7473,0
31.218,-120,-33,1474,1494,-1.90,0.29,2.7455,3.2705,6.7473,0
31.235,-120,-33,1475,1494,-1.90,0.29,2.7455,3.2705,6.7473,0
31.252,-121,-33,1473,1494,-1.90,0.29,2.7455,3.2705,6.7473,0
31.269,-121,-33,1474,1494,-1.90,0.29,2.7455,3.2705,6.7473,0
31.287,-121,-33,1475,1494,-1.90,0.29,2.7455,3.2705,6.7473,0
31.305,-121,-33,1476,1494,-1.90,0.29,2.7455,3.2705,6.7473,0
31.322,-120,-33,1479,1494,-1.90,0.29,2.7455,3.2705,6.7473,0
31.340,-120,-33,1478,1494,-1.90,0.29,2.7455,3.2705,6.7473,0
31.357,-119,-33,1480,1494,-1.90,0.29,2.7455,3.2705,6.7473,0
31.374,-119,-33,1478,1494,-1.82,-0.03,2.7455,3.2705,6.7473,0
31.391,-119,-33,1477,1494,-1.82,-0.03,2.7455,3.2705,6.7473,0
31.408,-119,-33,1477,1494,-1.82,-0.03,2.7455,3.2705,6.7473,0
31.426,-119,-33,1477,1494,-1.82,-0.03,3.4208,2.9454,8.7691,0
31.443,-120,-33,1474,1494,-1.82,-0.03,3.4208,2.9454,8.7691,0
31.461,-120,-33,1475,1494,-1.82,-0.03,3.4208,2.9454,8.7691,0
