elapsed_s,err_x_px,err_pitch_px,target_roll_us,target_pitch_us,actual_roll_deg,actual_pitch_deg,vib_x,vib_y,vib_z,aligned
0.000,-11,-9,1433,1471,-1.40,-1.40,2.7888,3.5433,6.9126,1
0.018,-11,-10,1499,1495,-1.40,-1.40,2.7888,3.5433,6.9126,1
0.036,-11,-10,1499,1497,-1.40,-1.40,2.7888,3.5433,6.9126,1
0.054,-11,-10,1499,1497,-1.40,-1.40,2.7888,3.5433,6.9126,1
0.075,-10,-11,1503,1495,-1.40,-1.40,2.7888,3.5433,6.9126,1
0.094,-10,-10,1499,1497,-1.40,-1.40,2.7888,3.5433,6.9126,1
0.111,-10,-11,1499,1497,-1.40,-1.40,2.7888,3.5433,6.9126,1
0.129,-9,-10,1504,1500,-1.40,-1.40,2.7888,3.5433,6.9126,1
0.149,-8,-10,1504,1497,-1.48,-1.29,2.7888,3.5433,6.9126,1
0.169,-8,-11,1499,1495,-1.48,-1.29,2.7888,3.5433,6.9126,1
0.188,-7,-11,1503,1497,-1.48,-1.29,2.7888,3.5433,6.9126,1
0.205,-6,-11,1504,1497,-1.48,-1.29,2.7328,4.2369,5.1862,1
0.223,-6,-11,1500,1497,-1.48,-1.29,2.7328,4.2369,5.1862,1
0.240,-5,-11,1505,1497,-1.48,-1.29,2.7328,4.2369,5.1862,1
0.258,-4,-11,1504,1497,-1.48,-1.29,2.7328,4.2369,5.1862,1
0.276,-3,-11,1505,1497,-1.48,-1.29,2.7328,4.2369,5.1862,1
0.294,-3,-11,1500,1497,-1.48,-1.29,2.7328,4.2369,5.1862,1
0.312,-2,-11,1505,1497,-1.48,-1.29,2.7328,4.2369,5.1862,1
0.330,-1,-11,1505,1497,-1.48,-1.29,2.7328,4.2369,5.1862,1
0.348,1,-11,1511,1497,-1.48,-1.29,2.7328,4.2369,5.1862,1
0.365,2,-11,1505,1497,-1.48,-1.29,2.7328,4.2369,5.1862,1
0.382,3,-11,1506,1497,-1.35,-1.44,2.7328,4.2369,5.1862,1
0.405,5,-11,1511,1497,-1.35,-1.44,2.7328,4.2369,5.1862,1
0.422,6,-11,1505,1497,-1.35,-1.44,2.7328,4.2369,5.1862,1
0.440,8,-12,1512,1494,-1.35,-1.44,3.3230,3.6939,6.2721,1
0.457,13,-11,1531,1500,-1.35,-1.44,3.3230,3.6939,6.2721,1
0.474,15,-11,1513,1497,-1.35,-1.44,3.3230,3.6939,6.2721,1
0.492,17,-11,1514,1497,-1.35,-1.44,3.3230,3.6939,6.2721,1
0.509,19,-11,1514,1497,-1.35,-1.44,3.3230,3.6939,6.2721,1
0.526,21,-11,1514,1497,-1.35,-1.44,3.3230,3.6939,6.2721,1
0.543,23,-12,1515,1494,-1.35,-1.44,3.3230,3.6939,6.2721,1
0.560,25,-11,1515,1500,-1.35,-1.44,3.3230,3.6939,6.2721,1
0.579,27,-12,1514,1494,-1.35,-1.44,3.3230,3.6939,6.2721,1
0.599,28,-13,1509,1494,-1.35,-1.44,3.3230,3.6939,6.2721,1
0.617,29,-13,1509,1496,-1.35,-1.44,3.3230,3.6939,6.2721,1
0.634,30,-12,1510,1500,-1.40,-1.28,3.3230,3.6939,6.2721,1
0.652,31,-12,1510,1497,-1.40,-1.28,3.3230,3.6939,6.2721,1
0.669,31,-12,1504,1497,-1.40,-1.28,3.3230,3.6939,6.2721,1
0.686,31,-12,1504,1497,-1.40,-1.28,3.3230,3.6939,6.2721,1
0.704,33,-11,1516,1500,-1.40,-1.28,2.9091,3.6773,5.9677,1
0.722,34,-11,1510,1497,-1.40,-1.28,2.9091,3.6773,5.9677,1
0.743,34,-12,1505,1494,-1.40,-1.28,2.9091,3.6773,5.9677,1
0.765,34,-11,1505,1500,-1.40,-1.28,2.9091,3.6773,5.9677,1
0.785,35,-12,1505,1497,-1.40,-1.28,2.9091,3.6773,5.9677,1
0.802,35,-11,1510,1497,-1.40,-1.28,2.9091,3.6773,5.9677,1
0.820,36,-12,1511,1494,-1.40,-1.28,2.9091,3.6773,5.9677,1
0.838,36,-12,1505,1497,-1.40,-1.28,2.9091,3.6773,5.9677,1
0.855,37,-11,1511,1500,-1.40,-1.28,2.9091,3.6773,5.9677,1
0.874,37,-12,1505,1494,-1.40,-1.28,2.9091,3.6773,5.9677,1
0.891,38,-11,1511,1500,-1.00,-1.48,2.9091,3.6773,5.9677,1
0.908,39,-11,1511,1497,-1.00,-1.48,2.9091,3.6773,5.9677,1
0.925,39,-11,1505,1497,-1.00,-1.48,2.9091,3.6773,5.9677,1
0.943,39,-11,1505,1497,-1.00,-1.48,2.9671,4.2821,7.7161,1
0.962,40,-11,1511,1497,-1.00,-1.48,2.9671,4.2821,7.7161,1
0.980,40,-11,1506,1497,-1.00,-1.48,2.9671,4.2821,7.7161,1
0.998,40,-11,1506,1497,-1.00,-1.48,2.9671,4.2821,7.7161,1
1.015,41,-11,1511,1497,-1.00,-1.48,2.9671,4.2821,7.7161,1
1.035,41,-11,1506,1497,-1.00,-1.48,2.9671,4.2821,7.7161,1
1.052,41,-11,1506,1497,-1.00,-1.48,2.9671,4.2821,7.7161,1
1.070,43,-11,1517,1497,-1.00,-1.48,2.9671,4.2821,7.7161,1
1.088,43,-11,1506,1497,-1.00,-1.48,2.9671,4.2821,7.7161,1
1.105,46,-11,1524,1497,-1.00,-1.48,2.9671,4.2821,7.7161,1
1.122,46,-11,1506,1497,-1.00,-1.48,2.9671,4.2821,7.7161,1
1.140,46,-11,1506,1497,-0.44,-1.58,2.9671,4.2821,7.7161,1
1.161,47,-11,1511,1497,-0.44,-1.58,2.9671,4.2821,7.7161,1
1.183,47,-11,1507,1497,-0.44,-1.58,2.9671,4.2821,7.7161,1
1.202,49,-11,1519,1497,-0.44,-1.58,2.7724,4.7967,5.5738,1
1.222,51,-11,1518,1497,-0.44,-1.58,2.7724,4.7967,5.5738,1
1.240,53,-11,1518,1497,-0.44,-1.58,2.7724,4.7967,5.5738,1
1.257,53,-11,1508,1497,-0.44,-1.58,2.7724,4.7967,5.5738,1
1.275,55,-10,1519,1500,-0.44,-1.58,2.7724,4.7967,5.5738,1
1.293,56,-10,1514,1497,-0.44,-1.58,2.7724,4.7967,5.5738,1
1.311,57,-10,1514,1497,-0.44,-1.58,2.7724,4.7967,5.5738,1
1.330,58,-9,1514,1500,-0.44,-1.58,2.7724,4.7967,5.5738,1
1.347,58,-9,1508,1497,-0.44,-1.58,2.7724,4.7967,5.5738,1
1.364,59,-9,1514,1497,-0.44,-1.58,2.7724,4.7967,5.5738,1
1.383,60,-9,1514,1497,-0.42,-1.32,2.7724,4.7967,5.5738,1
1.403,61,-9,1513,1497,-0.42,-1.32,2.7724,4.7967,5.5738,0
1.423,62,-9,1514,1497,-0.42,-1.32,2.7724,4.7967,5.5738,0
1.442,64,-8,1519,1500,-0.42,-1.32,2.7724,4.7967,5.5738,0
1.460,65,-8,1515,1498,-0.42,-1.32,2.7724,4.7967,5.5738,0
1.478,67,-8,1521,1498,-0.42,-1.32,2.7724,4.7967,5.5738,0
1.496,68,-8,1515,1498,-0.42,-1.32,2.7724,4.7967,5.5738,0
1.514,69,-8,1515,1498,-0.42,-1.32,2.7724,4.7967,5.5738,0
1.531,71,-8,1522,1498,-0.42,-1.32,2.7724,4.7967,5.5738,0
1.548,72,-8,1516,1498,-0.42,-1.32,2.7724,4.7967,5.5738,0
1.567,73,-8,1516,1498,-0.42,-1.32,2.7724,4.7967,5.5738,0
1.584,74,-8,1517,1498,-0.42,-1.32,2.7724,4.7967,5.5738,0
1.601,75,-8,1517,1498,-0.42,-1.32,2.7724,4.7967,5.5738,0
1.618,76,-8,1517,1498,-0.42,-1.32,2.7724,4.7967,5.5738,0
1.636,77,-8,1517,1498,-0.46,-1.07,2.7724,4.7967,5.5738,0
1.653,79,-7,1523,1500,-0.46,-1.07,2.7724,4.7967,5.5738,0
1.674,80,-6,1517,1500,-0.46,-1.07,2.7724,4.7967,5.5738,0
1.692,82,-7,1522,1496,-0.46,-1.07,2.7724,4.7967,5.5738,0
1.709,83,-6,1518,1500,-0.46,-1.07,2.7724,4.7967,5.5738,0
1.727,84,-7,1518,1495,-0.46,-1.07,2.7724,4.7967,5.5738,0
1.745,86,-7,1523,1498,-0.46,-1.07,2.7724,4.7967,5.5738,0
1.763,87,-7,1518,1498,-0.46,-1.07,2.7724,4.7967,5.5738,0
1.781,88,-6,1518,1500,-0.46,-1.07,2.7724,4.7967,5.5738,0
1.799,89,-6,1519,1498,-0.46,-1.07,2.7724,4.7967,5.5738,0
1.817,91,-6,1525,1498,-0.46,-1.07,2.7724,4.7967,5.5738,0
1.834,91,-6,1513,1498,-0.46,-1.07,2.7724,4.7967,5.5738,0
1.852,93,-5,1525,1500,-0.46,-1.07,2.7724,4.7967,5.5738,0
1.869,93,-5,1514,1499,-0.46,-1.07,2.7724,4.7967,5.5738,0
1.887,93,-5,1514,1499,-0.98,-0.76,2.7724,4.7967,5.5738,0
1.907,93,-5,1514,1499,-0.98,-0.76,2.7724,4.7967,5.5738,0
1.926,92,-5,1509,1499,-0.98,-0.76,2.7724,4.7967,5.5738,0
1.944,92,-5,1513,1499,-0.98,-0.76,3.5368,3.3374,5.8228,0
1.963,92,-5,1513,1499,-0.98,-0.76,3.5368,3.3374,5.8228,0
1.980,91,-5,1507,1499,-0.98,-0.76,3.5368,3.3374,5.8228,0
1.997,90,-5,1507,1499,-0.98,-0.76,3.5368,3.3374,5.8228,0
2.014,88,-5,1501,1499,-0.98,-0.76,3.5368,3.3374,5.8228,0
2.032,87,-5,1507,1499,-0.98,-0.76,3.5368,3.3374,5.8228,0
2.050,86,-5,1507,1499,-0.98,-0.76,3.5368,3.3374,5.8228,0
2.068,85,-5,1507,1499,-0.98,-0.76,3.5368,3.3374,5.8228,0
2.087,84,-4,1507,1501,-0.98,-0.76,3.5368,3.3374,5.8228,0
2.104,83,-4,1507,1499,-0.98,-0.76,3.5368,3.3374,5.8228,0
2.121,82,-4,1506,1499,-0.98,-0.76,3.5368,3.3374,5.8228,0
2.143,82,-4,1512,1499,-1.29,-0.23,3.5368,3.3374,5.8228,0
2.162,81,-4,1506,1499,-1.29,-0.23,3.5368,3.3374,5.8228,0
2.179,81,-4,1512,1499,-1.29,-0.23,3.5368,3.3374,5.8228,0
2.197,80,-3,1506,1501,-1.29,-0.23,3.1018,3.4903,5.6565,0
2.216,79,-4,1506,1496,-1.29,-0.23,3.1018,3.4903,5.6565,0
2.233,77,-4,1500,1499,-1.29,-0.23,3.1018,3.4903,5.6565,0
2.251,75,-4,1500,1499,-1.29,-0.23,3.1018,3.4903,5.6565,0
2.268,74,-4,1505,1499,-1.29,-0.23,3.1018,3.4903,5.6565,0
2.286,72,-4,1500,1499,-1.29,-0.23,3.1018,3.4903,5.6565,0
2.303,71,-4,1504,1499,-1.29,-0.23,3.1018,3.4903,5.6565,0
2.320,68,-4,1493,1499,-1.29,-0.23,3.1018,3.4903,5.6565,0
2.337,66,-4,1499,1499,-1.29,-0.23,3.1018,3.4903,5.6565,0
2.355,64,-4,1499,1499,-1.29,-0.23,3.1018,3.4903,5.6565,0
2.372,63,-4,1503,1499,-1.29,-0.23,3.1018,3.4903,5.6565,0
2.389,63,-4,1509,1499,-1.45,-1.05,3.1018,3.4903,5.6565,0
2.406,60,-4,1492,1499,-1.45,-1.05,3.1018,3.4903,5.6565,1
2.424,58,-4,1498,1499,-1.45,-1.05,3.1018,3.4903,5.6565,1
2.441,57,-4,1502,1499,-1.45,-1.05,3.0962,3.4032,6.0923,1
2.459,55,-4,1497,1499,-1.45,-1.05,3.0962,3.4032,6.0923,1
2.477,52,-4,1492,1499,-1.45,-1.05,3.0962,3.4032,6.0923,1
2.495,50,-4,1497,1499,-1.45,-1.05,3.0962,3.4032,6.0923,1
2.512,48,-4,1496,1499,-1.45,-1.05,3.0962,3.4032,6.0923,1
2.530,45,-4,1490,1499,-1.45,-1.05,3.0962,3.4032,6.0923,1
2.548,43,-4,1496,1499,-1.45,-1.05,3.0962,3.4032,6.0923,1
2.569,41,-4,1496,1499,-1.45,-1.05,3.0962,3.4032,6.0923,1
2.586,38,-4,1491,1499,-1.45,-1.05,3.0962,3.4032,6.0923,1
2.604,34,-4,1484,1499,-1.45,-1.05,3.0962,3.4032,6.0923,1
2.622,32,-3,1494,1501,-1.45,-1.05,3.0962,3.4032,6.0923,1
2.640,32,-3,1504,1499,-1.34,-1.42,3.0962,3.4032,6.0923,1
2.657,30,-4,1494,1496,-1.34,-1.42,3.0962,3.4032,6.0923,1
2.675,25,-4,1476,1499,-1.34,-1.42,3.0962,3.4032,6.0923,1
2.692,22,-4,1486,1499,-1.34,-1.42,2.7644,3.8660,5.1941,1
2.711,21,-4,1498,1499,-1.34,-1.42,2.7644,3.8660,5.1941,1
2.728,18,-4,1486,1499,-1.34,-1.42,2.7644,3.8660,5.1941,1
2.745,16,-3,1492,1501,-1.34,-1.42,2.7644,3.8660,5.1941,1
2.764,14,-3,1492,1499,-1.34,-1.42,2.7644,3.8660,5.1941,1
2.781,12,-3,1491,1499,-1.34,-1.42,2.7644,3.8660,5.1941,1
2.799,10,-3,1491,1499,-1.34,-1.42,2.7644,3.8660,5.1941,1
2.816,8,-3,1490,1499,-1.34,-1.42,2.7644,3.8660,5.1941,1
2.834,7,-4,1496,1496,-1.34,-1.42,2.7644,3.8660,5.1941,1
2.854,4,-4,1486,1499,-1.34,-1.42,2.7644,3.8660,5.1941,1
2.872,4,-4,1500,1499,-1.34,-1.42,2.7644,3.8660,5.1941,1
2.889,2,-4,1489,1499,-1.95,-1.17,2.7644,3.8660,5.1941,1
2.907,1,-3,1495,1501,-1.95,-1.17,2.7644,3.8660,5.1941,1
2.925,0,-3,1495,1499,-1.95,-1.17,2.7644,3.8660,5.1941,1
2.944,-1,-3,1495,1499,-1.95,-1.17,3.1447,3.6654,6.2691,1
2.961,-2,-3,1495,1499,-1.95,-1.17,3.1447,3.6654,6.2691,1
2.980,-3,-3,1494,1499,-1.95,-1.17,3.1447,3.6654,6.2691,1
2.997,-5,-3,1489,1499,-1.95,-1.17,3.1447,3.6654,6.2691,1
3.014,-5,-3,1500,1499,-1.95,-1.17,3.1447,3.6654,6.2691,1
3.031,-6,-3,1494,1499,-1.95,-1.17,3.1447,3.6654,6.2691,1
3.049,-6,-4,1500,1496,-1.95,-1.17,3.1447,3.6654,6.2691,1
3.067,-6,-4,1500,1499,-1.95,-1.17,3.1447,3.6654,6.2691,1
3.084,-6,-4,1500,1499,-1.95,-1.17,3.1447,3.6654,6.2691,1
3.102,-6,-4,1500,1499,-1.95,-1.17,3.1447,3.6654,6.2691,1
3.119,-6,-3,1500,1501,-1.95,-1.17,3.1447,3.6654,6.2691,1
3.137,-6,-3,1500,1499,-2.75,-1.07,3.1447,3.6654,6.2691,1
3.156,-6,-3,1500,1499,-2.75,-1.07,3.1447,3.6654,6.2691,1
3.175,-6,-3,1500,1499,-2.75,-1.07,3.1447,3.6654,6.2691,1
3.193,-6,-3,1500,1499,-2.75,-1.07,3.1923,3.5675,5.9647,1
3.211,-5,-4,1505,1496,-2.75,-1.07,3.1923,3.5675,5.9647,1
3.228,-5,-3,1500,1501,-2.75,-1.07,3.1923,3.5675,5.9647,1
3.245,-5,-3,1500,1499,-2.75,-1.07,3.1923,3.5675,5.9647,1
3.263,-4,-4,1505,1496,-2.75,-1.07,3.1923,3.5675,5.9647,1
3.280,-3,-4,1505,1499,-2.75,-1.07,3.1923,3.5675,5.9647,1
3.299,-2,-4,1505,1499,-2.75,-1.07,3.1923,3.5675,5.9647,1
3.316,-2,-4,1500,1499,-2.75,-1.07,3.1923,3.5675,5.9647,1
3.334,-1,-3,1505,1499,-2.75,-1.07,3.1923,3.5675,5.9647,1
3.351,-1,-3,1500,1501,-2.75,-1.07,3.1923,3.5675,5.9647,1
3.370,1,-4,1510,1496,-2.75,-1.07,3.1923,3.5675,5.9647,1
3.387,1,-4,1500,1499,-2.66,-0.94,3.1923,3.5675,5.9647,1
3.405,2,-4,1506,1499,-2.66,-0.94,3.1923,3.5675,5.9647,1
3.422,2,-4,1500,1499,-2.66,-0.94,3.1923,3.5675,5.9647,1
3.442,3,-4,1505,1499,-2.66,-0.94,2.7715,4.0840,4.9926,1
3.460,4,-4,1506,1499,-2.66,-0.94,2.7715,4.0840,4.9926,1
3.477,4,-4,1500,1499,-2.66,-0.94,2.7715,4.0840,4.9926,1
3.494,5,-4,1506,1499,-2.66,-0.94,2.7715,4.0840,4.9926,1
3.512,6,-4,1506,1499,-2.66,-0.94,2.7715,4.0840,4.9926,1
3.529,6,-4,1500,1499,-2.66,-0.94,2.7715,4.0840,4.9926,1
3.546,7,-4,1506,1499,-2.66,-0.94,2.7715,4.0840,4.9926,1
3.564,8,-4,1506,1499,-2.66,-0.94,2.7715,4.0840,4.9926,1
3.582,9,-4,1506,1499,-2.66,-0.94,2.7715,4.0840,4.9926,1
3.599,10,-4,1507,1499,-2.66,-0.94,2.7715,4.0840,4.9926,1
3.617,10,-5,1501,1496,-2.66,-0.94,2.7715,4.0840,4.9926,1
3.634,11,-5,1507,1499,-1.92,-1.07,2.7715,4.0840,4.9926,1
3.652,12,-5,1507,1499,-1.92,-1.07,2.7715,4.0840,4.9926,1
3.670,14,-5,1513,1499,-1.92,-1.07,2.7715,4.0840,4.9926,1
3.688,16,-6,1512,1496,-1.92,-1.07,2.6130,4.5573,4.8479,1
3.706,18,-5,1513,1500,-1.92,-1.07,2.6130,4.5573,4.8479,1
3.724,20,-5,1514,1499,-1.92,-1.07,2.6130,4.5573,4.8479,1
3.741,26,-6,1538,1495,-1.92,-1.07,2.6130,4.5573,4.8479,1
3.759,30,-5,1527,1500,-1.92,-1.07,2.6130,4.5573,4.8479,1
3.776,33,-6,1522,1495,-1.92,-1.07,2.6130,4.5573,4.8479,1
3.794,37,-6,1528,1498,-1.92,-1.07,2.6130,4.5573,4.8479,1
3.812,40,-6,1522,1498,-1.92,-1.07,2.6130,4.5573,4.8479,1
3.831,44,-6,1528,1498,-1.92,-1.07,2.6130,4.5573,4.8479,1
3.849,47,-6,1524,1498,-1.92,-1.07,2.6130,4.5573,4.8479,1
3.867,50,-6,1524,1498,-1.92,-1.07,2.6130,4.5573,4.8479,1
3.885,54,-6,1529,1498,-1.11,-0.88,2.6130,4.5573,4.8479,1
3.903,56,-7,1519,1495,-1.11,-0.88,2.6130,4.5573,4.8479,1
3.920,58,-6,1520,1500,-1.11,-0.88,2.6130,4.5573,4.8479,1
3.938,61,-6,1526,1498,-1.11,-0.88,3.1015,3.5418,7.3531,0
3.957,64,-7,1525,1495,-1.11,-0.88,3.1015,3.5418,7.3531,0
3.978,69,-7,1534,1498,-1.11,-0.88,3.1015,3.5418,7.3531,0
3.996,72,-7,1527,1498,-1.11,-0.88,3.1015,3.5418,7.3531,0
4.014,75,-7,1527,1498,-1.11,-0.88,3.1015,3.5418,7.3531,0
4.033,77,-7,1521,1498,-1.11,-0.88,3.1015,3.5418,7.3531,0
4.050,80,-7,1529,1498,-1.11,-0.88,3.1015,3.5418,7.3531,0
4.069,85,-8,1540,1495,-1.11,-0.88,3.1015,3.5418,7.3531,0
4.086,88,-8,1530,1498,-1.11,-0.88,3.1015,3.5418,7.3531,0
4.103,91,-8,1530,1498,-1.11,-0.88,3.1015,3.5418,7.3531,0
4.121,91,-8,1513,1498,-0.74,-1.24,3.1015,3.5418,7.3531,0
4.138,95,-8,1537,1498,-0.74,-1.24,3.1015,3.5418,7.3531,0
4.156,101,-8,1531,1498,-0.74,-1.24,3.1015,3.5418,7.3531,0
4.178,105,-8,1546,1498,-0.74,-1.24,3.1015,3.5418,7.3531,0
4.196,108,-8,1533,1498,-0.74,-1.24,3.2670,3.7390,6.4308,0
4.217,111,-8,1531,1498,-0.74,-1.24,3.2670,3.7390,6.4308,0
4.234,114,-8,1534,1498,-0.74,-1.24,3.2670,3.7390,6.4308,0
4.252,119,-8,1546,1498,-0.74,-1.24,3.2670,3.7390,6.4308,0
4.270,122,-8,1534,1498,-0.74,-1.24,3.2670,3.7390,6.4308,0
4.287,126,-8,1542,1498,-0.74,-1.24,3.2670,3.7390,6.4308,0
4.304,128,-8,1530,1498,-0.74,-1.24,3.2670,3.7390,6.4308,0
4.322,131,-8,1536,1498,-0.74,-1.24,3.2670,3.7390,6.4308,0
4.339,134,-8,1537,1498,-0.74,-1.24,3.2670,3.7390,6.4308,0
4.357,134,-8,1520,1498,-0.74,-1.24,3.2670,3.7390,6.4308,0
4.375,134,-8,1520,1498,-0.42,-1.46,3.2670,3.7390,6.4308,0
4.392,138,-9,1543,1495,-0.42,-1.46,3.2670,3.7390,6.4308,0
4.411,140,-9,1532,1497,-0.42,-1.46,3.2670,3.7390,6.4308,0
4.428,142,-8,1532,1500,-0.42,-1.46,3.2670,3.7390,6.4308,0
4.445,144,-8,1533,1498,-0.42,-1.46,2.8021,3.6570,6.6150,0
4.463,148,-8,1544,1498,-0.42,-1.46,2.8021,3.6570,6.6150,0
4.480,150,-8,1534,1498,-0.42,-1.46,2.8021,3.6570,6.6150,0
4.498,152,-8,1533,1498,-0.42,-1.46,2.8021,3.6570,6.6150,0
4.517,155,-9,1539,1495,-0.42,-1.46,2.8021,3.6570,6.6150,0
4.535,157,-9,1534,1497,-0.42,-1.46,2.8021,3.6570,6.6150,0
4.555,161,-8,1544,1500,-0.42,-1.46,2.8021,3.6570,6.6150,0
4.572,164,-8,1542,1498,-0.42,-1.46,2.8021,3.6570,6.6150,0
4.589,166,-8,1536,1498,-0.42,-1.46,2.8021,3.6570,6.6150,0
4.607,168,-8,1536,1498,-0.42,-1.46,2.8021,3.6570,6.6150,0
4.624,170,-8,1537,1498,-0.17,-0.93,2.8021,3.6570,6.6150,0
4.644,172,-7,1536,1500,-0.17,-0.93,2.8021,3.6570,6.6150,0
4.661,174,-7,1537,1498,-0.17,-0.93,2.8021,3.6570,6.6150,0
4.678,176,-7,1537,1498,-0.17,-0.93,2.8021,3.6570,6.6150,0
4.697,178,-8,1537,1495,-0.17,-0.93,3.2751,3.7005,5.6801,0
4.714,180,-8,1538,1498,-0.17,-0.93,3.2751,3.7005,5.6801,0
4.732,182,-7,1539,1500,-0.17,-0.93,3.2751,3.7005,5.6801,0
4.749,183,-7,1533,1498,-0.17,-0.93,3.2751,3.7005,5.6801,0
4.771,185,-7,1537,1498,-0.17,-0.93,3.2751,3.7005,5.6801,0
4.789,186,-8,1533,1495,-0.17,-0.93,3.2751,3.7005,5.6801,0
4.806,187,-8,1533,1498,-0.17,-0.93,3.2751,3.7005,5.6801,0
4.824,188,-7,1534,1500,-0.17,-0.93,3.2751,3.7005,5.6801,0
4.841,189,-7,1534,1498,-0.17,-0.93,3.2751,3.7005,5.6801,0
4.858,190,-7,1534,1498,-0.17,-0.93,3.2751,3.7005,5.6801,0
4.875,190,-7,1528,1498,-1.34,-0.65,3.2751,3.7005,5.6801,0
4.893,191,-7,1534,1498,-1.34,-0.65,3.2751,3.7005,5.6801,0
4.911,191,-7,1528,1498,-1.34,-0.65,3.2751,3.7005,5.6801,0
4.929,192,-8,1534,1495,-1.34,-0.65,3.2751,3.7005,5.6801,0
4.947,193,-8,1534,1498,-1.34,-0.65,2.9269,3.7588,5.8385,0
4.965,194,-9,1534,1495,-1.34,-0.65,2.9269,3.7588,5.8385,0
4.983,197,-9,1546,1497,-1.34,-0.65,2.9269,3.7588,5.8385,0
5.001,199,-8,1540,1500,-1.34,-0.65,2.9269,3.7588,5.8385,0
5.018,200,-8,1535,1498,-1.34,-0.65,2.9269,3.7588,5.8385,0
5.037,202,-8,1541,1498,-1.34,-0.65,2.9269,3.7588,5.8385,0
5.055,203,-8,1535,1498,-1.34,-0.65,2.9269,3.7588,5.8385,0
5.073,205,-8,1542,1498,-1.34,-0.65,2.9269,3.7588,5.8385,0
5.090,207,-8,1542,1498,-1.34,-0.65,2.9269,3.7588,5.8385,0
5.108,209,-8,1542,1498,-1.34,-0.65,2.9269,3.7588,5.8385,0
5.126,212,-8,1548,1498,-1.45,-1.20,2.9269,3.7588,5.8385,0
5.143,212,-8,1531,1498,-1.45,-1.20,2.9269,3.7588,5.8385,0
5.161,214,-8,1543,1498,-1.45,-1.20,2.9269,3.7588,5.8385,0
5.179,215,-8,1537,1498,-1.45,-1.20,2.7359,4.0522,6.5272,0
5.196,219,-9,1556,1494,-1.45,-1.20,2.7359,4.0522,6.5272,0
5.213,221,-9,1544,1497,-1.45,-1.20,2.7359,4.0522,6.5272,0
5.231,222,-9,1538,1497,-1.45,-1.20,2.7359,4.0522,6.5272,0
5.248,226,-10,1557,1494,-1.45,-1.20,2.7359,4.0522,6.5272,0
5.267,227,-10,1539,1497,-1.45,-1.20,2.7359,4.0522,6.5272,0
5.284,228,-9,1540,1500,-1.45,-1.20,2.7359,4.0522,6.5272,0
5.302,230,-9,1545,1497,-1.45,-1.20,2.7359,4.0522,6.5272,0
5.319,232,-9,1546,1497,-1.45,-1.20,2.7359,4.0522,6.5272,0
5.337,234,-9,1546,1497,-1.45,-1.20,2.7359,4.0522,6.5272,0
5.356,235,-9,1540,1497,-1.45,-1.20,2.7359,4.0522,6.5272,0
5.374,235,-9,1535,1497,-0.40,-1.40,2.7359,4.0522,6.5272,0
5.393,237,-8,1546,1500,-0.40,-1.40,2.7359,4.0522,6.5272,0
5.410,238,-8,1541,1498,-0.40,-1.40,2.7359,4.0522,6.5272,0
5.428,239,-8,1541,1498,-0.40,-1.40,2.8932,3.9654,6.4609,0
5.446,241,-9,1547,1495,-0.40,-1.40,2.8932,3.9654,6.4609,0
5.464,243,-9,1548,1497,-0.40,-1.40,2.8932,3.9654,6.4609,0
5.482,245,-9,1542,1497,-0.40,-1.40,2.8932,3.9654,6.4609,0
5.499,247,-9,1553,1497,-0.40,-1.40,2.8932,3.9654,6.4609,0
5.517,248,-9,1542,1497,-0.40,-1.40,2.8932,3.9654,6.4609,0
5.536,249,-8,1543,1500,-0.40,-1.40,2.8932,3.9654,6.4609,0
5.553,251,-8,1548,1498,-0.40,-1.40,2.8932,3.9654,6.4609,0
5.571,253,-8,1549,1498,-0.40,-1.40,2.8932,3.9654,6.4609,0
5.588,254,-8,1543,1498,-0.40,-1.40,2.8932,3.9654,6.4609,0
5.606,256,-8,1550,1498,-0.40,-1.40,2.8932,3.9654,6.4609,0
5.624,257,-7,1544,1500,0.47,-0.95,2.8932,3.9654,6.4609,0
5.642,257,-7,1538,1498,0.47,-0.95,2.8932,3.9654,6.4609,0
5.660,260,-8,1556,1495,0.47,-0.95,2.8932,3.9654,6.4609,0
5.678,261,-8,1544,1498,0.47,-0.95,2.8932,3.9654,6.4609,0
5.696,263,-7,1550,1500,0.47,-0.95,3.0238,3.8819,7.1227,0
5.713,264,-7,1545,1498,0.47,-0.95,3.0238,3.8819,7.1227,0
5.732,266,-7,1550,1498,0.47,-0.95,3.0238,3.8819,7.1227,0
5.749,267,-8,1545,1495,0.47,-0.95,3.0238,3.8819,7.1227,0
5.768,269,-7,1546,1500,0.47,-0.95,3.0238,3.8819,7.1227,0
5.785,270,-7,1551,1498,0.47,-0.95,3.0238,3.8819,7.1227,0
5.802,271,-8,1546,1495,0.47,-0.95,3.0238,3.8819,7.1227,0
5.820,272,-7,1546,1500,0.47,-0.95,3.0238,3.8819,7.1227,0
5.837,272,-7,1540,1498,0.47,-0.95,3.0238,3.8819,7.1227,0
5.854,272,-8,1540,1495,0.47,-0.95,3.0238,3.8819,7.1227,0
5.871,0,0,1500,1500,0.62,-0.62,3.0238,3.8819,7.1227,0
5.889,0,0,1500,1500,0.62,-0.62,3.0238,3.8819,7.1227,0
5.907,0,0,1500,1500,0.62,-0.62,3.0238,3.8819,7.1227,0
5.925,0,0,1500,1500,0.62,-0.62,3.0238,3.8819,7.1227,0
5.944,0,0,1500,1500,0.62,-0.62,2.9759,3.9738,6.8066,0
5.961,0,0,1500,1500,0.62,-0.62,2.9759,3.9738,6.8066,0
5.979,0,0,1500,1500,0.62,-0.62,2.9759,3.9738,6.8066,0
5.996,0,0,1500,1500,0.62,-0.62,2.9759,3.9738,6.8066,0
6.015,0,0,1500,1500,0.62,-0.62,2.9759,3.9738,6.8066,0
6.032,0,0,1500,1500,0.62,-0.62,2.9759,3.9738,6.8066,0
6.050,0,0,1500,1500,0.62,-0.62,2.9759,3.9738,6.8066,0
6.068,0,0,1500,1500,0.62,-0.62,2.9759,3.9738,6.8066,0
6.085,273,-9,1546,1495,0.62,-0.62,2.9759,3.9738,6.8066,0
6.102,272,-9,1534,1498,0.62,-0.62,2.9759,3.9738,6.8066,0
6.119,272,-9,1540,1498,0.20,-0.62,2.9759,3.9738,6.8066,0
6.138,273,-7,1546,1503,0.20,-0.62,2.9759,3.9738,6.8066,0
6.155,273,-7,1541,1498,0.20,-0.62,2.9759,3.9738,6.8066,0
6.172,273,-8,1541,1495,0.20,-0.62,2.9759,3.9738,6.8066,0
6.190,272,-8,1535,1498,0.20,-0.62,3.0372,3.9576,7.4531,0
6.207,272,-6,1540,1503,0.20,-0.62,3.0372,3.9576,7.4531,0
6.224,269,-6,1523,1499,0.20,-0.62,3.0372,3.9576,7.4531,0
6.241,268,-6,1534,1499,0.20,-0.62,3.0372,3.9576,7.4531,0
6.258,267,-6,1534,1499,0.20,-0.62,3.0372,3.9576,7.4531,0
6.275,265,-6,1528,1499,0.20,-0.62,3.0372,3.9576,7.4531,0
6.293,264,-5,1534,1501,0.20,-0.62,3.0372,3.9576,7.4531,0
6.311,262,-5,1527,1499,0.20,-0.62,3.0372,3.9576,7.4531,0
6.331,261,-5,1533,1499,0.20,-0.62,3.0372,3.9576,7.4531,0
6.350,259,-5,1528,1499,0.20,-0.62,3.0372,3.9576,7.4531,0
6.367,259,-5,1538,1499,0.43,-0.66,3.0372,3.9576,7.4531,0
6.387,258,-5,1533,1499,0.43,-0.66,3.0372,3.9576,7.4531,0
6.404,257,-6,1532,1496,0.43,-0.66,3.0372,3.9576,7.4531,0
6.422,255,-4,1526,1504,0.43,-0.66,3.0372,3.9576,7.4531,0
6.439,254,-4,1532,1499,0.43,-0.66,3.1534,3.9332,6.5690,0
6.456,253,-5,1532,1496,0.43,-0.66,3.1534,3.9332,6.5690,0
6.474,252,-5,1532,1499,0.43,-0.66,3.1534,3.9332,6.5690,0
6.491,251,-5,1531,1499,0.43,-0.66,3.1534,3.9332,6.5690,0
6.508,249,-5,1525,1499,0.43,-0.66,3.1534,3.9332,6.5690,0
6.526,248,-4,1531,1501,0.43,-0.66,3.1534,3.9332,6.5690,0
6.544,246,-6,1525,1493,0.43,-0.66,3.1534,3.9332,6.5690,0
6.561,246,-5,1537,1501,0.43,-0.66,3.1534,3.9332,6.5690,0
6.579,244,-5,1525,1499,0.43,-0.66,3.1534,3.9332,6.5690,0
6.596,242,-4,1525,1501,0.43,-0.66,3.1534,3.9332,6.5690,0
6.613,241,-4,1530,1499,0.43,-0.66,3.1534,3.9332,6.5690,0
6.631,238,-5,1518,1496,0.62,-0.59,3.1534,3.9332,6.5690,0
6.648,236,-5,1524,1499,0.62,-0.59,3.1534,3.9332,6.5690,0
6.666,233,-5,1518,1499,0.62,-0.59,3.1534,3.9332,6.5690,0
6.686,230,-5,1519,1499,0.62,-0.59,3.0039,3.8228,5.9384,0
6.704,225,-5,1522,1499,0.62,-0.59,3.0039,3.8228,5.9384,0
6.723,225,-5,1518,1499,0.62,-0.59,3.0039,3.8228,5.9384,0
6.741,219,-5,1500,1499,0.62,-0.59,3.0039,3.8228,5.9384,0
6.758,216,-5,1515,1499,0.62,-0.59,3.0039,3.8228,5.9384,0
6.776,214,-5,1520,1499,0.62,-0.59,3.0039,3.8228,5.9384,0
6.793,211,-5,1514,1499,0.62,-0.59,3.0039,3.8228,5.9384,0
6.810,208,-5,1513,1499,0.62,-0.59,3.0039,3.8228,5.9384,0
6.828,204,-5,1507,1499,0.62,-0.59,3.0039,3.8228,5.9384,0
6.845,202,-5,1518,1499,0.62,-0.59,3.0039,3.8228,5.9384,0
6.862,199,-4,1512,1501,0.62,-0.59,3.0039,3.8228,5.9384,0
6.879,197,-5,1518,1496,-0.00,-0.91,3.0039,3.8228,5.9384,0
6.900,194,-4,1514,1501,-0.00,-0.91,3.0039,3.8228,5.9384,0
6.918,192,-4,1517,1499,-0.00,-0.91,3.0039,3.8228,5.9384,0
6.941,186,-5,1497,1496,-0.00,-0.91,2.9104,4.1123,6.5012,0
6.960,183,-4,1514,1500,-0.00,-0.91,2.9104,4.1123,6.5012,0
6.978,180,-4,1510,1499,-0.00,-0.91,2.9104,4.1123,6.5012,0
6.996,177,-5,1510,1496,-0.00,-0.91,2.9104,4.1123,6.5012,0
7.014,174,-5,1509,1499,-0.00,-0.91,2.9104,4.1123,6.5012,0
7.032,167,-4,1487,1501,-0.00,-0.91,2.9104,4.1123,6.5012,0
7.050,163,-4,1501,1499,-0.00,-0.91,2.9104,4.1123,6.5012,0
7.068,158,-4,1496,1499,-0.00,-0.91,2.9104,4.1123,6.5012,0
7.087,158,-4,1523,1499,-0.00,-0.91,2.9104,4.1123,6.5012,0
7.105,151,-4,1484,1499,-0.00,-0.91,2.9104,4.1123,6.5012,0
7.122,151,-4,1522,1499,-0.48,-0.81,2.9104,4.1123,6.5012,0
7.141,148,-4,1505,1499,-0.48,-0.81,2.9104,4.1123,6.5012,0
7.159,144,-4,1500,1499,-0.48,-0.81,2.9104,4.1123,6.5012,0
7.178,141,-3,1503,1501,-0.48,-0.81,2.9305,3.9775,6.6661,0
7.195,135,-4,1504,1496,-0.48,-0.81,2.9305,3.9775,6.6661,0
7.212,131,-4,1480,1499,-0.48,-0.81,2.9305,3.9775,6.6661,0
7.230,128,-4,1502,1499,-0.48,-0.81,2.9305,3.9775,6.6661,0
7.247,125,-4,1501,1499,-0.48,-0.81,2.9305,3.9775,6.6661,0
7.265,120,-3,1490,1501,-0.48,-0.81,2.9305,3.9775,6.6661,0
7.282,120,-3,1518,1499,-0.48,-0.81,2.9305,3.9775,6.6661,0
7.303,119,-3,1513,1499,-0.48,-0.81,2.9305,3.9775,6.6661,0
7.325,114,-3,1507,1499,-0.48,-0.81,2.9305,3.9775,6.6661,0
7.343,112,-3,1492,1499,-0.48,-0.81,2.9305,3.9775,6.6661,0
7.361,110,-3,1505,1499,-0.48,-0.81,2.9305,3.9775,6.6661,0
7.379,109,-3,1510,1499,-0.73,-0.31,2.9305,3.9775,6.6661,0
7.396,108,-2,1510,1502,-0.73,-0.31,2.9305,3.9775,6.6661,0
7.414,106,-2,1504,1500,-0.73,-0.31,2.9305,3.9775,6.6661,0
7.432,105,-3,1510,1497,-0.73,-0.31,3.0279,3.6174,7.3343,0
7.449,102,-2,1499,1502,-0.73,-0.31,3.0279,3.6174,7.3343,0
7.466,102,-2,1515,1500,-0.73,-0.31,3.0279,3.6174,7.3343,0
7.485,100,-2,1504,1500,-0.73,-0.31,3.0279,3.6174,7.3343,0
7.503,99,-2,1509,1500,-0.73,-0.31,3.0279,3.6174,7.3343,0
7.521,98,-2,1509,1500,-0.73,-0.31,3.0279,3.6174,7.3343,0
7.540,97,-2,1509,1500,-0.73,-0.31,3.0279,3.6174,7.3343,0
7.557,0,0,1500,1500,-0.73,-0.31,3.0279,3.6174,7.3343,0
7.575,0,0,1500,1500,-0.73,-0.31,3.0279,3.6174,7.3343,0
7.592,0,0,1500,1500,-0.73,-0.31,3.0279,3.6174,7.3343,0
7.611,0,0,1500,1500,-0.73,-0.31,3.0279,3.6174,7.3343,0
7.629,0,0,1500,1500,-0.68,-0.25,3.0279,3.6174,7.3343,0
7.647,0,0,1500,1500,-0.68,-0.25,3.0279,3.6174,7.3343,0
7.666,0,0,1500,1500,-0.68,-0.25,3.0279,3.6174,7.3343,0
7.684,82,-1,1423,1502,-0.68,-0.25,3.0260,3.5163,7.0313,0
7.702,0,0,1500,1500,-0.68,-0.25,3.0260,3.5163,7.0313,0
7.719,0,0,1500,1500,-0.68,-0.25,3.0260,3.5163,7.0313,0
7.736,0,0,1500,1500,-0.68,-0.25,3.0260,3.5163,7.0313,0
7.753,73,-1,1457,1500,-0.68,-0.25,3.0260,3.5163,7.0313,0
7.771,72,-1,1504,1500,-0.68,-0.25,3.0260,3.5163,7.0313,0
7.788,70,-1,1499,1500,-0.68,-0.25,3.0260,3.5163,7.0313,0
7.805,68,-1,1499,1500,-0.68,-0.25,3.0260,3.5163,7.0313,0
7.823,66,-1,1499,1500,-0.68,-0.25,3.0260,3.5163,7.0313,0
7.841,63,-1,1493,1500,-0.68,-0.25,3.0260,3.5163,7.0313,0
7.859,61,-1,1499,1500,-0.68,-0.25,3.0260,3.5163,7.0313,0
7.876,59,-1,1498,1500,-0.58,-0.26,3.0260,3.5163,7.0313,1
7.894,58,-1,1502,1500,-0.58,-0.26,3.0260,3.5163,7.0313,1
7.912,56,-1,1498,1500,-0.58,-0.26,3.0260,3.5163,7.0313,1
7.931,54,-1,1498,1500,-0.58,-0.26,3.0570,3.5026,7.8602,1
7.949,52,-1,1497,1500,-0.58,-0.26,3.0570,3.5026,7.8602,1
7.967,49,-1,1491,1500,-0.58,-0.26,3.0570,3.5026,7.8602,1
7.984,46,-1,1490,1500,-0.58,-0.26,3.0570,3.5026,7.8602,1
8.001,43,-1,1490,1500,-0.58,-0.26,3.0570,3.5026,7.8602,1
8.019,41,-1,1495,1500,-0.58,-0.26,3.0570,3.5026,7.8602,1
8.036,38,-1,1489,1500,-0.58,-0.26,3.0570,3.5026,7.8602,1
8.053,36,-1,1494,1500,-0.58,-0.26,3.0570,3.5026,7.8602,1
8.070,33,-2,1488,1497,-0.58,-0.26,3.0570,3.5026,7.8602,1
8.087,30,-2,1488,1500,-0.58,-0.26,3.0570,3.5026,7.8602,1
8.105,28,-2,1493,1500,-0.58,-0.26,3.0570,3.5026,7.8602,1
8.122,26,-2,1493,1500,-0.55,0.33,3.0570,3.5026,7.8602,1
8.141,24,-3,1494,1497,-0.55,0.33,3.0570,3.5026,7.8602,1
8.167,22,-3,1496,1500,-0.55,0.33,3.0570,3.5026,7.8602,1
8.184,22,-3,1503,1500,-0.55,0.33,3.2037,4.0053,7.1608,1
8.202,16,-3,1471,1500,-0.55,0.33,3.2037,4.0053,7.1608,1
8.220,13,-3,1485,1500,-0.55,0.33,3.2037,4.0053,7.1608,1
8.238,6,-5,1462,1493,-0.55,0.33,3.2037,4.0053,7.1608,1
8.255,2,-5,1478,1499,-0.55,0.33,3.2037,4.0053,7.1608,1
8.272,-1,-4,1483,1501,-0.55,0.33,3.2037,4.0053,7.1608,1
8.289,-4,-5,1483,1496,-0.55,0.33,3.2037,4.0053,7.1608,1
8.309,-6,-6,1490,1496,-0.55,0.33,3.2037,4.0053,7.1608,1
8.327,-9,-7,1483,1496,-0.55,0.33,3.2037,4.0053,7.1608,1
8.345,-13,-8,1475,1495,-0.55,0.33,3.2037,4.0053,7.1608,1
8.365,-15,-9,1489,1495,-0.57,-0.03,3.2037,4.0053,7.1608,1
8.383,-18,-9,1481,1498,-0.57,-0.03,3.2037,4.0053,7.1608,1
8.401,-21,-8,1481,1500,-0.57,-0.03,3.2037,4.0053,7.1608,1
8.420,-24,-8,1480,1498,-0.57,-0.03,3.2037,4.0053,7.1608,1
8.437,-30,-9,1461,1495,-0.57,-0.03,3.2481,4.4913,6.5635,1
8.455,-33,-10,1479,1495,-0.57,-0.03,3.2481,4.4913,6.5635,1
8.473,-35,-10,1484,1497,-0.57,-0.03,3.2481,4.4913,6.5635,1
8.490,-38,-11,1478,1494,-0.57,-0.03,3.2481,4.4913,6.5635,1
8.508,-40,-11,1483,1497,-0.57,-0.03,3.2481,4.4913,6.5635,1
8.527,-43,-11,1478,1497,-0.57,-0.03,3.2481,4.4913,6.5635,1
8.544,-45,-12,1482,1494,-0.57,-0.03,3.2481,4.4913,6.5635,1
8.562,-48,-12,1476,1497,-0.57,-0.03,3.2481,4.4913,6.5635,1
8.580,-51,-12,1477,1497,-0.57,-0.03,3.2481,4.4913,6.5635,1
8.598,-55,-13,1470,1494,-0.57,-0.03,3.2481,4.4913,6.5635,1
8.616,-57,-14,1480,1493,-0.72,-0.28,3.2481,4.4913,6.5635,1
8.634,-61,-13,1470,1499,-0.72,-0.28,3.2481,4.4913,6.5635,0
8.652,-64,-14,1474,1493,-0.72,-0.28,3.2481,4.4913,6.5635,0
8.671,-66,-14,1480,1496,-0.72,-0.28,3.2481,4.4913,6.5635,0
8.689,-68,-16,1479,1490,-0.72,-0.28,2.9996,4.2995,6.5190,0
8.706,-71,-16,1472,1496,-0.72,-0.28,2.9996,4.2995,6.5190,0
8.723,-72,-15,1484,1499,-0.72,-0.28,2.9996,4.2995,6.5190,0
8.740,-74,-16,1478,1493,-0.72,-0.28,2.9996,4.2995,6.5190,0
8.757,-76,-17,1477,1492,-0.72,-0.28,2.9996,4.2995,6.5190,0
8.774,-79,-18,1471,1492,-0.72,-0.28,2.9996,4.2995,6.5190,0
8.792,-81,-18,1477,1495,-0.72,-0.28,2.9996,4.2995,6.5190,0
8.809,-83,-18,1477,1495,-0.72,-0.28,2.9996,4.2995,6.5190,0
8.827,-85,-18,1476,1495,-0.72,-0.28,2.9996,4.2995,6.5190,0
8.847,-90,-20,1460,1489,-0.72,-0.28,2.9996,4.2995,6.5190,0
8.865,-90,-20,1487,1494,-1.12,-0.88,2.9996,4.2995,6.5190,0
8.883,-93,-21,1470,1491,-1.12,-0.88,2.9996,4.2995,6.5190,0
8.900,-96,-21,1469,1494,-1.12,-0.88,2.9996,4.2995,6.5190,0
8.918,-98,-21,1475,1494,-1.12,-0.88,2.9996,4.2995,6.5190,0
8.935,-101,-21,1468,1494,-1.12,-0.88,2.7974,3.8322,7.5460,0
8.953,-103,-22,1473,1491,-1.12,-0.88,2.7974,3.8322,7.5460,0
8.970,-105,-22,1473,1494,-1.12,-0.88,2.7974,3.8322,7.5460,0
8.987,-108,-23,1467,1490,-1.12,-0.88,2.7974,3.8322,7.5460,0
9.004,-110,-24,1472,1490,-1.12,-0.88,2.7974,3.8322,7.5460,0
9.022,-112,-25,1472,1490,-1.12,-0.88,2.7974,3.8322,7.5460,0
9.040,-115,-25,1467,1493,-1.12,-0.88,2.7974,3.8322,7.5460,0
9.057,-117,-24,1471,1496,-1.12,-0.88,2.7974,3.8322,7.5460,0
9.074,-119,-24,1471,1493,-1.12,-0.88,2.7974,3.8322,7.5460,0
9.092,-120,-24,1477,1493,-1.12,-0.88,2.7974,3.8322,7.5460,0
9.109,-121,-25,1476,1490,-1.12,-0.88,2.7974,3.8322,7.5460,0
9.126,-122,-25,1476,1493,-1.14,-1.53,2.7974,3.8322,7.5460,0
9.143,-123,-26,1476,1490,-1.14,-1.53,2.7974,3.8322,7.5460,0
9.160,-123,-26,1482,1492,-1.14,-1.53,2.7974,3.8322,7.5460,0
9.178,-124,-26,1476,1492,-1.14,-1.53,2.4960,4.6604,5.4512,0
9.195,-124,-27,1482,1489,-1.14,-1.53,2.4960,4.6604,5.4512,0
9.212,-124,-27,1482,1492,-1.14,-1.53,2.4960,4.6604,5.4512,0
9.229,-124,-27,1482,1492,-1.14,-1.53,2.4960,4.6604,5.4512,0
9.247,-124,-27,1482,1492,-1.14,-1.53,2.4960,4.6604,5.4512,0
9.265,-124,-27,1482,1492,-1.14,-1.53,2.4960,4.6604,5.4512,0
9.282,-124,-29,1482,1486,-1.14,-1.53,2.4960,4.6604,5.4512,0
9.299,-124,-29,1482,1491,-1.14,-1.53,2.4960,4.6604,5.4512,0
9.318,-123,-30,1487,1488,-1.14,-1.53,2.4960,4.6604,5.4512,0
9.335,-123,-30,1482,1491,-1.14,-1.53,2.4960,4.6604,5.4512,0
9.353,-122,-30,1488,1491,-1.14,-1.53,2.4960,4.6604,5.4512,0
9.371,-121,-30,1488,1491,-0.94,-1.89,2.4960,4.6604,5.4512,0
9.389,-120,-31,1488,1488,-0.94,-1.89,2.4960,4.6604,5.4512,0
9.407,-119,-32,1488,1488,-0.94,-1.89,2.4960,4.6604,5.4512,0
9.424,-119,-32,1483,1490,-0.94,-1.89,2.9084,3.9490,7.8775,0
9.443,-117,-32,1494,1490,-0.94,-1.89,2.9084,3.9490,7.8775,0
9.460,-115,-32,1495,1490,-0.94,-1.89,2.9084,3.9490,7.8775,0
9.478,-113,-32,1495,1490,-0.94,-1.89,2.9084,3.9490,7.8775,0
9.496,-112,-32,1489,1490,-0.94,-1.89,2.9084,3.9490,7.8775,0
9.514,-110,-33,1495,1487,-0.94,-1.89,2.9084,3.9490,7.8775,0
9.531,-107,-34,1500,1487,-0.94,-1.89,2.9084,3.9490,7.8775,0
9.548,-106,-33,1490,1493,-0.94,-1.89,2.9084,3.9490,7.8775,0
9.565,-105,-33,1491,1490,-0.94,-1.89,2.9084,3.9490,7.8775,0
9.582,-104,-34,1491,1487,-0.94,-1.89,2.9084,3.9490,7.8775,0
9.599,-103,-35,1491,1487,-0.94,-1.89,2.9084,3.9490,7.8775,0
9.617,-103,-35,1485,1490,-0.13,-2.28,2.9084,3.9490,7.8775,0
9.634,-103,-34,1485,1493,-0.13,-2.28,2.9084,3.9490,7.8775,0
9.651,-103,-35,1485,1487,-0.13,-2.28,2.9084,3.9490,7.8775,0
9.669,-102,-36,1491,1487,-0.13,-2.28,2.9084,3.9490,7.8775,0
9.692,-102,-36,1485,1489,-0.13,-2.28,2.9050,4.0102,7.0337,0
9.709,-103,-35,1479,1493,-0.13,-2.28,2.9050,4.0102,7.0337,0
9.727,-104,-37,1479,1483,-0.13,-2.28,2.9050,4.0102,7.0337,0
9.744,-104,-38,1485,1486,-0.13,-2.28,2.9050,4.0102,7.0337,0
9.762,-105,-37,1479,1492,-0.13,-2.28,2.9050,4.0102,7.0337,0
9.779,-106,-36,1479,1492,-0.13,-2.28,2.9050,4.0102,7.0337,0
9.796,-107,-37,1478,1486,-0.13,-2.28,2.9050,4.0102,7.0337,0
9.813,-109,-39,1473,1483,-0.13,-2.28,2.9050,4.0102,7.0337,0
9.830,-110,-38,1478,1492,-0.13,-2.28,2.9050,4.0102,7.0337,0
9.849,-110,-38,1484,1489,-0.13,-2.28,2.9050,4.0102,7.0337,0
9.867,-111,-38,1478,1489,-0.62,-2.45,2.9050,4.0102,7.0337,0
9.886,-112,-38,1478,1489,-0.62,-2.45,2.9050,4.0102,7.0337,0
9.911,-114,-38,1475,1489,-0.62,-2.45,2.9050,4.0102,7.0337,0
9.928,-115,-39,1477,1486,-0.62,-2.45,2.7991,4.2459,6.9331,0
9.946,-115,-39,1483,1488,-0.62,-2.45,2.7991,4.2459,6.9331,0
9.963,-116,-39,1477,1488,-0.62,-2.45,2.7991,4.2459,6.9331,0
9.981,-116,-39,1483,1488,-0.62,-2.45,2.7991,4.2459,6.9331,0
9.999,-116,-39,1483,1488,-0.62,-2.45,2.7991,4.2459,6.9331,0
10.016,-116,-39,1483,1488,-0.62,-2.45,2.7991,4.2459,6.9331,0
10.033,-115,-39,1489,1488,-0.62,-2.45,2.7991,4.2459,6.9331,0
10.050,-115,-40,1483,1485,-0.62,-2.45,2.7991,4.2459,6.9331,0
10.068,-114,-40,1489,1488,-0.62,-2.45,2.7991,4.2459,6.9331,0
10.087,-114,-40,1483,1488,-0.62,-2.45,2.7991,4.2459,6.9331,0
10.104,-113,-40,1489,1488,-0.62,-2.45,2.7991,4.2459,6.9331,0
10.122,-113,-41,1483,1485,-1.20,-2.60,2.7991,4.2459,6.9331,0
10.140,-112,-41,1489,1488,-1.20,-2.60,2.7991,4.2459,6.9331,0
10.158,-110,-42,1495,1485,-1.20,-2.60,2.7991,4.2459,6.9331,0
10.177,-109,-42,1489,1487,-1.20,-2.60,2.7915,3.9418,8.0344,0
10.194,-108,-41,1490,1491,-1.20,-2.60,2.7915,3.9418,8.0344,0
10.211,-106,-41,1496,1488,-1.20,-2.60,2.7915,3.9418,8.0344,0
10.229,-103,-40,1502,1491,-1.20,-2.60,2.7915,3.9418,8.0344,0
10.246,-103,-40,1485,1488,-1.20,-2.60,2.7915,3.9418,8.0344,0
10.263,-100,-41,1502,1485,-1.20,-2.60,2.7915,3.9418,8.0344,0
10.283,-99,-41,1491,1488,-1.20,-2.60,2.7915,3.9418,8.0344,0
10.300,-98,-41,1491,1488,-1.20,-2.60,2.7915,3.9418,8.0344,0
10.318,-97,-43,1492,1481,-1.20,-2.60,2.7915,3.9418,8.0344,0
10.335,-96,-42,1492,1490,-1.20,-2.60,2.7915,3.9418,8.0344,0
10.352,-95,-42,1492,1487,-1.20,-2.60,2.7915,3.9418,8.0344,0
10.369,-95,-41,1486,1491,-1.20,-2.04,2.7915,3.9418,8.0344,0
10.387,-94,-42,1492,1485,-1.20,-2.04,2.7915,3.9418,8.0344,0
10.404,-94,-42,1486,1487,-1.20,-2.04,2.7915,3.9418,8.0344,0
10.421,-94,-42,1486,1487,-1.20,-2.04,2.6775,3.9169,6.5385,0
10.439,-94,-42,1486,1487,-1.20,-2.04,2.6775,3.9169,6.5385,0
10.457,-94,-42,1486,1487,-1.20,-2.04,2.6775,3.9169,6.5385,0
10.476,-94,-43,1486,1484,-1.20,-2.04,2.6775,3.9169,6.5385,0
10.493,-94,-43,1486,1487,-1.20,-2.04,2.6775,3.9169,6.5385,0
10.513,-96,-43,1480,1487,-1.20,-2.04,2.6775,3.9169,6.5385,0
10.531,-97,-43,1476,1487,-1.20,-2.04,2.6775,3.9169,6.5385,0
10.548,-98,-43,1480,1487,-1.20,-2.04,2.6775,3.9169,6.5385,0
10.566,-100,-43,1474,1487,-1.20,-2.04,2.6775,3.9169,6.5385,0
10.583,-101,-43,1480,1487,-1.20,-2.04,2.6775,3.9169,6.5385,0
10.601,-103,-43,1473,1487,-1.20,-2.04,2.6775,3.9169,6.5385,0
10.618,-104,-44,1479,1484,0.06,-2.42,2.6775,3.9169,6.5385,0
10.636,0,0,1500,1500,0.06,-2.42,2.6775,3.9169,6.5385,0
10.654,0,0,1500,1500,0.06,-2.42,2.6775,3.9169,6.5385,0
10.671,-108,-44,1460,1487,0.06,-2.42,2.9352,3.9548,7.6001,0
10.690,-108,-44,1484,1487,0.06,-2.42,2.9352,3.9548,7.6001,0
10.707,-109,-43,1478,1490,0.06,-2.42,2.9352,3.9548,7.6001,0
10.732,-110,-43,1480,1488,0.06,-2.42,2.9352,3.9548,7.6001,0
10.749,-110,-43,1484,1488,0.06,-2.42,2.9352,3.9548,7.6001,0
10.766,-111,-44,1478,1484,0.06,-2.42,2.9352,3.9548,7.6001,0
10.783,-112,-44,1478,1487,0.06,-2.42,2.9352,3.9548,7.6001,0
10.801,0,0,1500,1500,0.06,-2.42,2.9352,3.9548,7.6001,0
10.818,0,0,1500,1500,0.06,-2.42,2.9352,3.9548,7.6001,0
10.836,0,0,1500,1500,0.06,-2.42,2.9352,3.9548,7.6001,0
10.853,0,0,1500,1500,0.06,-2.42,2.9352,3.9548,7.6001,0
10.875,0,0,1500,1500,-0.19,-2.28,2.9352,3.9548,7.6001,0
10.893,0,0,1500,1500,-0.19,-2.28,2.9352,3.9548,7.6001,0
10.910,0,0,1500,1500,-0.19,-2.28,2.9352,3.9548,7.6001,0
10.927,0,0,1500,1500,-0.19,-2.28,2.9058,4.5508,9.0487,0
10.945,0,0,1500,1500,-0.19,-2.28,2.9058,4.5508,9.0487,0
10.962,0,0,1500,1500,-0.19,-2.28,2.9058,4.5508,9.0487,0
10.980,0,0,1500,1500,-0.19,-2.28,2.9058,4.5508,9.0487,0
10.997,0,0,1500,1500,-0.19,-2.28,2.9058,4.5508,9.0487,0
11.015,0,0,1500,1500,-0.19,-2.28,2.9058,4.5508,9.0487,0
11.032,0,0,1500,1500,-0.19,-2.28,2.9058,4.5508,9.0487,0
11.050,0,0,1500,1500,-0.19,-2.28,2.9058,4.5508,9.0487,0
11.067,0,0,1500,1500,-0.19,-2.28,2.9058,4.5508,9.0487,0
11.086,0,0,1500,1500,-0.19,-2.28,2.9058,4.5508,9.0487,0
11.104,0,0,1500,1500,-0.19,-2.28,2.9058,4.5508,9.0487,0
11.122,0,0,1500,1500,0.01,-2.11,2.9058,4.5508,9.0487,0
11.140,-99,-44,1563,1487,0.01,-2.11,2.9058,4.5508,9.0487,0
11.159,-99,-44,1486,1487,0.01,-2.11,2.9058,4.5508,9.0487,0
11.176,-97,-44,1498,1487,0.01,-2.11,3.0023,4.3802,8.3375,0
11.193,-95,-44,1498,1487,0.01,-2.11,3.0023,4.3802,8.3375,0
11.211,-94,-44,1492,1487,0.01,-2.11,3.0023,4.3802,8.3375,0
11.228,-94,-44,1486,1487,0.01,-2.11,3.0023,4.3802,8.3375,0
11.245,-93,-44,1492,1487,0.01,-2.11,3.0023,4.3802,8.3375,0
11.263,-92,-45,1492,1484,0.01,-2.11,3.0023,4.3802,8.3375,0
11.281,-92,-44,1487,1490,0.01,-2.11,3.0023,4.3802,8.3375,0
11.298,-92,-44,1487,1487,0.01,-2.11,3.0023,4.3802,8.3375,0
11.315,-92,-44,1487,1487,0.01,-2.11,3.0023,4.3802,8.3375,0
11.332,-92,-43,1487,1490,0.01,-2.11,3.0023,4.3802,8.3375,0
11.351,-92,-43,1487,1487,0.01,-2.11,3.0023,4.3802,8.3375,0
11.370,-92,-43,1487,1487,-0.07,-2.44,3.0023,4.3802,8.3375,0
11.391,-92,-43,1487,1487,-0.07,-2.44,3.0023,4.3802,8.3375,0
11.411,-92,-43,1487,1487,-0.07,-2.44,3.0023,4.3802,8.3375,0
11.432,-90,-44,1492,1484,-0.07,-2.44,2.9791,4.3691,6.8795,0
11.449,-90,-44,1492,1487,-0.07,-2.44,2.9791,4.3691,6.8795,0
11.466,-90,-43,1487,1490,-0.07,-2.44,2.9791,4.3691,6.8795,0
11.484,-90,-43,1487,1487,-0.07,-2.44,2.9791,4.3691,6.8795,0
11.501,-90,-42,1487,1490,-0.07,-2.44,2.9791,4.3691,6.8795,0
11.519,-90,-42,1487,1488,-0.07,-2.44,2.9791,4.3691,6.8795,0
11.536,-91,-42,1481,1488,-0.07,-2.44,2.9791,4.3691,6.8795,0
11.553,-92,-42,1481,1488,-0.07,-2.44,2.9791,4.3691,6.8795,0
11.571,-93,-43,1481,1484,-0.07,-2.44,2.9791,4.3691,6.8795,0
11.591,-94,-42,1481,1490,-0.07,-2.44,2.9791,4.3691,6.8795,0
11.611,-95,-43,1481,1485,-0.37,-2.35,2.9791,4.3691,6.8795,0
11.630,-96,-43,1480,1487,-0.37,-2.35,2.9791,4.3691,6.8795,0
11.647,-97,-43,1480,1487,-0.37,-2.35,2.9791,4.3691,6.8795,0
11.664,-98,-42,1480,1490,-0.37,-2.35,2.9791,4.3691,6.8795,0
11.684,-99,-42,1480,1487,-0.37,-2.35,2.9212,4.0293,7.3656,0
11.702,-101,-42,1474,1487,-0.37,-2.35,2.9212,4.0293,7.3656,0
11.720,-101,-42,1485,1487,-0.37,-2.35,2.9212,4.0293,7.3656,0
11.737,-102,-42,1479,1487,-0.37,-2.35,2.9212,4.0293,7.3656,0
11.754,-102,-42,1485,1487,-0.37,-2.35,2.9212,4.0293,7.3656,0
11.771,-102,-42,1485,1487,-0.37,-2.35,2.9212,4.0293,7.3656,0
11.789,-103,-42,1479,1487,-0.37,-2.35,2.9212,4.0293,7.3656,0
11.806,-104,-42,1479,1487,-0.37,-2.35,2.9212,4.0293,7.3656,0
11.824,-104,-42,1485,1487,-0.37,-2.35,2.9212,4.0293,7.3656,0
11.841,-105,-42,1479,1487,-0.37,-2.35,2.9212,4.0293,7.3656,0
11.859,-105,-42,1485,1487,-0.67,-2.04,2.9212,4.0293,7.3656,0
11.877,-106,-42,1479,1487,-0.67,-2.04,2.9212,4.0293,7.3656,0
11.895,-107,-42,1479,1487,-0.67,-2.04,2.9212,4.0293,7.3656,0
11.912,-108,-42,1479,1487,-0.67,-2.04,2.9212,4.0293,7.3656,0
11.930,-109,-42,1478,1487,-0.67,-2.04,3.2386,3.5553,8.1629,0
11.948,-111,-42,1472,1487,-0.67,-2.04,3.2386,3.5553,8.1629,0
11.966,-111,-42,1484,1487,-0.67,-2.04,3.2386,3.5553,8.1629,0
11.984,-112,-42,1478,1487,-0.67,-2.04,3.2386,3.5553,8.1629,0
12.001,-113,-42,1478,1487,-0.67,-2.04,3.2386,3.5553,8.1629,0
12.018,-114,-42,1478,1487,-0.67,-2.04,3.2386,3.5553,8.1629,0
12.036,-115,-41,1478,1491,-0.67,-2.04,3.2386,3.5553,8.1629,0
12.053,-117,-41,1471,1488,-0.67,-2.04,3.2386,3.5553,8.1629,0
12.071,-118,-41,1477,1488,-0.67,-2.04,3.2386,3.5553,8.1629,0
12.090,-119,-41,1477,1488,-0.67,-2.04,3.2386,3.5553,8.1629,0
12.107,-120,-41,1477,1488,-1.27,-1.68,3.2386,3.5553,8.1629,0
12.124,-121,-41,1476,1488,-1.27,-1.68,3.2386,3.5553,8.1629,0
12.141,-122,-41,1476,1488,-1.27,-1.68,3.2386,3.5553,8.1629,0
12.158,-123,-40,1476,1491,-1.27,-1.68,3.2386,3.5553,8.1629,0
12.176,-125,-40,1470,1488,-1.27,-1.68,3.0822,3.6096,9.1969,0
12.193,-126,-40,1476,1488,-1.27,-1.68,3.0822,3.6096,9.1969,0
12.211,-127,-40,1476,1488,-1.27,-1.68,3.0822,3.6096,9.1969,0
12.230,-128,-40,1476,1488,-1.27,-1.68,3.0822,3.6096,9.1969,0
12.247,-129,-40,1475,1488,-1.27,-1.68,3.0822,3.6096,9.1969,0
12.265,-130,-39,1475,1491,-1.27,-1.68,3.0822,3.6096,9.1969,0
12.283,-130,-40,1481,1485,-1.27,-1.68,3.0822,3.6096,9.1969,0
12.302,-131,-40,1475,1488,-1.27,-1.68,3.0822,3.6096,9.1969,0
12.319,-131,-40,1481,1488,-1.27,-1.68,3.0822,3.6096,9.1969,0
12.336,-131,-40,1481,1488,-1.27,-1.68,3.0822,3.6096,9.1969,0
12.355,-132,-40,1475,1488,-0.96,-1.38,3.0822,3.6096,9.1969,0
12.374,-132,-39,1481,1491,-0.96,-1.38,3.0822,3.6096,9.1969,0
12.391,-132,-39,1481,1488,-0.96,-1.38,3.0822,3.6096,9.1969,0
12.409,-133,-39,1475,1488,-0.96,-1.38,3.0822,3.6096,9.1969,0
12.429,-133,-39,1480,1488,-0.96,-1.38,2.9034,4.6263,6.7993,0
12.447,-133,-39,1480,1488,-0.96,-1.38,2.9034,4.6263,6.7993,0
12.464,-133,-38,1480,1492,-0.96,-1.38,2.9034,4.6263,6.7993,0
12.484,-134,-37,1475,1492,-0.96,-1.38,2.9034,4.6263,6.7993,0
12.502,-134,-37,1480,1489,-0.96,-1.38,2.9034,4.6263,6.7993,0
12.520,-134,-37,1480,1489,-0.96,-1.38,2.9034,4.6263,6.7993,0
12.538,-134,-37,1480,1489,-0.96,-1.38,2.9034,4.6263,6.7993,0
12.555,-135,-37,1474,1489,-0.96,-1.38,2.9034,4.6263,6.7993,0
12.572,-135,-36,1480,1492,-0.96,-1.38,2.9034,4.6263,6.7993,0
12.590,-135,-36,1480,1489,-0.96,-1.38,2.9034,4.6263,6.7993,0
12.607,-136,-37,1474,1486,-0.31,-1.19,2.9034,4.6263,6.7993,0
12.624,-136,-37,1480,1489,-0.31,-1.19,2.9034,4.6263,6.7993,0
12.643,-137,-37,1475,1489,-0.31,-1.19,2.9034,4.6263,6.7993,0
12.661,-138,-36,1474,1492,-0.31,-1.19,2.9034,4.6263,6.7993,0
12.679,-139,-36,1474,1489,-0.31,-1.19,3.2695,4.1161,6.5666,0
12.697,-141,-36,1468,1489,-0.31,-1.19,3.2695,4.1161,6.5666,0
12.715,-142,-36,1474,1489,-0.31,-1.19,3.2695,4.1161,6.5666,0
12.734,-142,-36,1479,1489,-0.31,-1.19,3.2695,4.1161,6.5666,0
12.751,-143,-36,1473,1489,-0.31,-1.19,3.2695,4.1161,6.5666,0
12.770,-143,-36,1479,1489,-0.31,-1.19,3.2695,4.1161,6.5666,0
12.787,-144,-35,1473,1492,-0.31,-1.19,3.2695,4.1161,6.5666,0
12.806,-145,-35,1473,1490,-0.31,-1.19,3.2695,4.1161,6.5666,0
12.823,-145,-35,1479,1490,-0.31,-1.19,3.2695,4.1161,6.5666,0
12.841,-146,-34,1473,1493,-0.31,-1.19,3.2695,4.1161,6.5666,0
12.859,-146,-35,1478,1487,-0.93,-0.84,3.2695,4.1161,6.5666,0
12.876,-147,-35,1473,1490,-0.93,-0.84,3.2695,4.1161,6.5666,0
12.895,-147,-34,1478,1493,-0.93,-0.84,3.2695,4.1161,6.5666,0
12.913,-147,-34,1478,1490,-0.93,-0.84,3.4008,4.0460,6.2086,0
12.931,-147,-35,1478,1487,-0.93,-0.84,3.4008,4.0460,6.2086,0
12.951,-148,-34,1473,1492,-0.93,-0.84,3.4008,4.0460,6.2086,0
12.968,-149,-34,1472,1490,-0.93,-0.84,3.4008,4.0460,6.2086,0
12.985,-149,-33,1478,1493,-0.93,-0.84,3.4008,4.0460,6.2086,0
13.003,-150,-34,1472,1487,-0.93,-0.84,3.4008,4.0460,6.2086,0
13.022,-150,-33,1478,1493,-0.93,-0.84,3.4008,4.0460,6.2086,0
13.040,-151,-33,1472,1490,-0.93,-0.84,3.4008,4.0460,6.2086,0
13.058,-152,-34,1472,1487,-0.93,-0.84,3.4008,4.0460,6.2086,0
13.075,-153,-33,1472,1493,-0.93,-0.84,3.4008,4.0460,6.2086,0
13.093,-154,-33,1471,1490,-0.93,-0.84,3.4008,4.0460,6.2086,0
13.110,-154,-33,1477,1490,-1.72,-1.15,3.4008,4.0460,6.2086,0
13.128,-155,-33,1471,1490,-1.72,-1.15,3.4008,4.0460,6.2086,0
13.145,-156,-32,1471,1493,-1.72,-1.15,3.4008,4.0460,6.2086,0
13.162,-157,-33,1471,1487,-1.72,-1.15,3.4008,4.0460,6.2086,0
13.180,-157,-33,1477,1490,-1.72,-1.15,3.0442,4.1460,5.1488,0
13.198,-157,-33,1477,1490,-1.72,-1.15,3.0442,4.1460,5.1488,0
13.215,-156,-33,1483,1490,-1.72,-1.15,3.0442,4.1460,5.1488,0
13.233,-156,-33,1477,1490,-1.72,-1.15,3.0442,4.1460,5.1488,0
13.251,-155,-32,1483,1493,-1.72,-1.15,3.0442,4.1460,5.1488,0
13.268,-154,-32,1483,1490,-1.72,-1.15,3.0442,4.1460,5.1488,0
13.285,-152,-33,1489,1487,-1.72,-1.15,3.0442,4.1460,5.1488,0
13.304,-151,-33,1483,1490,-1.72,-1.15,3.0442,4.1460,5.1488,0
13.321,-150,-33,1484,1490,-1.72,-1.15,3.0442,4.1460,5.1488,0
13.338,-149,-33,1484,1490,-1.72,-1.15,3.0442,4.1460,5.1488,0
13.356,-147,-32,1490,1493,-2.02,-1.30,3.0442,4.1460,5.1488,0
13.374,-146,-32,1484,1490,-2.02,-1.30,3.0442,4.1460,5.1488,0
13.394,-145,-32,1484,1490,-2.02,-1.30,3.0442,4.1460,5.1488,0
13.412,-143,-32,1489,1490,-2.02,-1.30,3.1203,3.9264,5.5011,0
13.429,-141,-32,1491,1490,-2.02,-1.30,3.1203,3.9264,5.5011,0
13.447,-140,-32,1485,1490,-2.02,-1.30,3.1203,3.9264,5.5011,0
13.466,-138,-32,1491,1490,-2.02,-1.30,3.1203,3.9264,5.5011,0
13.484,-138,-31,1480,1494,-2.02,-1.30,3.1203,3.9264,5.5011,0
13.501,-137,-31,1485,1491,-2.02,-1.30,3.1203,3.9264,5.5011,0
13.519,-136,-31,1486,1491,-2.02,-1.30,3.1203,3.9264,5.5011,0
13.537,-136,-31,1480,1491,-2.02,-1.30,3.1203,3.9264,5.5011,0
13.555,-136,-31,1480,1491,-2.02,-1.30,3.1203,3.9264,5.5011,0
13.573,-135,-31,1486,1491,-2.02,-1.30,3.1203,3.9264,5.5011,0
13.591,-135,-31,1480,1491,-2.02,-1.30,3.1203,3.9264,5.5011,0
13.610,-135,-31,1480,1491,-2.31,-0.97,3.1203,3.9264,5.5011,0
13.628,-134,-30,1486,1494,-2.31,-0.97,3.1203,3.9264,5.5011,0
13.646,-134,-30,1480,1491,-2.31,-0.97,3.1203,3.9264,5.5011,0
13.663,-134,-30,1480,1491,-2.31,-0.97,2.8025,3.6677,5.8093,0
13.681,-134,-31,1480,1488,-2.31,-0.97,2.8025,3.6677,5.8093,0
13.699,-134,-31,1480,1491,-2.31,-0.97,2.8025,3.6677,5.8093,0
13.716,-136,-30,1469,1494,-2.31,-0.97,2.8025,3.6677,5.8093,0
13.734,-135,-30,1486,1491,-2.31,-0.97,2.8025,3.6677,5.8093,0
13.753,-134,-29,1486,1494,-2.31,-0.97,2.8025,3.6677,5.8093,0
13.770,-133,-29,1486,1491,-2.31,-0.97,2.8025,3.6677,5.8093,0
13.788,-131,-29,1492,1491,-2.31,-0.97,2.8025,3.6677,5.8093,0
13.806,-129,-29,1493,1491,-2.31,-0.97,2.8025,3.6677,5.8093,0
13.823,-128,-29,1487,1491,-2.31,-0.97,2.8025,3.6677,5.8093,0
13.843,-126,-29,1492,1491,-2.31,-0.97,2.8025,3.6677,5.8093,0
13.860,-124,-28,1493,1494,-1.69,-1.23,2.8025,3.6677,5.8093,0
13.880,-121,-28,1498,1492,-1.69,-1.23,2.8025,3.6677,5.8093,0
13.897,-119,-28,1494,1492,-1.69,-1.23,2.8025,3.6677,5.8093,0
13.916,-116,-28,1500,1492,-1.69,-1.23,2.6074,4.6024,4.7208,0
13.933,-114,-28,1494,1492,-1.69,-1.23,2.6074,4.6024,4.7208,0
13.950,-111,-28,1500,1492,-1.69,-1.23,2.6074,4.6024,4.7208,0
13.968,-105,-28,1518,1492,-1.69,-1.23,2.6074,4.6024,4.7208,0
13.986,-102,-28,1501,1492,-1.69,-1.23,2.6074,4.6024,4.7208,0
14.004,-98,-28,1507,1492,-1.69,-1.23,2.6074,4.6024,4.7208,0
14.022,-96,-28,1497,1492,-1.69,-1.23,2.6074,4.6024,4.7208,0
14.040,-93,-27,1503,1495,-1.69,-1.23,2.6074,4.6024,4.7208,0
14.058,-91,-27,1498,1492,-1.69,-1.23,2.6074,4.6024,4.7208,0
14.075,-88,-27,1503,1492,-1.69,-1.23,2.6074,4.6024,4.7208,0
14.093,-85,-27,1504,1492,-1.69,-1.23,2.6074,4.6024,4.7208,0
14.113,-83,-27,1499,1492,-0.36,-1.24,2.6074,4.6024,4.7208,0
14.131,-81,-27,1498,1492,-0.36,-1.24,2.6074,4.6024,4.7208,0
14.150,-81,-27,1488,1492,-0.36,-1.24,2.6074,4.6024,4.7208,0
14.168,-76,-27,1517,1492,-0.36,-1.24,2.9959,3.6720,6.4895,0
14.185,-75,-26,1495,1495,-0.36,-1.24,2.9959,3.6720,6.4895,0
14.203,-72,-26,1505,1492,-0.36,-1.24,2.9959,3.6720,6.4895,0
14.221,-71,-26,1495,1492,-0.36,-1.24,2.9959,3.6720,6.4895,0
14.238,-69,-26,1501,1492,-0.36,-1.24,2.9959,3.6720,6.4895,0
14.255,-67,-26,1501,1492,-0.36,-1.24,2.9959,3.6720,6.4895,0
14.273,-66,-26,1496,1492,-0.36,-1.24,2.9959,3.6720,6.4895,0
14.291,-63,-26,1507,1492,-0.36,-1.24,2.9959,3.6720,6.4895,0
14.308,-62,-26,1497,1492,-0.36,-1.24,2.9959,3.6720,6.4895,0
14.328,-58,-25,1511,1495,-0.36,-1.24,2.9959,3.6720,6.4895,1
14.345,-56,-26,1503,1489,-0.36,-1.24,2.9959,3.6720,6.4895,1
14.362,-53,-25,1509,1496,0.38,-1.42,2.9959,3.6720,6.4895,1
14.379,-53,-25,1492,1493,0.38,-1.42,2.9959,3.6720,6.4895,1
14.396,-48,-25,1522,1493,0.38,-1.42,2.9959,3.6720,6.4895,1
14.418,-48,-25,1493,1493,0.38,-1.42,3.0102,3.8236,6.7066,1
14.435,-43,-25,1522,1493,0.38,-1.42,3.0102,3.8236,6.7066,1
14.452,-41,-24,1505,1496,0.38,-1.42,3.0102,3.8236,6.7066,1
14.470,-38,-24,1510,1493,0.38,-1.42,3.0102,3.8236,6.7066,1
14.488,-36,-24,1505,1493,0.38,-1.42,3.0102,3.8236,6.7066,1
14.506,-34,-24,1506,1493,0.38,-1.42,3.0102,3.8236,6.7066,1
14.523,-32,-23,1506,1496,0.38,-1.42,3.0102,3.8236,6.7066,1
14.541,-28,-23,1518,1493,0.38,-1.42,3.0102,3.8236,6.7066,1
14.558,-26,-23,1507,1493,0.38,-1.42,3.0102,3.8236,6.7066,1
14.576,-24,-24,1507,1490,0.38,-1.42,3.0102,3.8236,6.7066,1
14.593,-23,-23,1502,1496,0.38,-1.42,3.0102,3.8236,6.7066,1
14.610,-21,-23,1508,1493,0.25,-0.82,3.0102,3.8236,6.7066,1
14.628,-20,-23,1502,1493,0.25,-0.82,3.0102,3.8236,6.7066,1
14.646,-18,-23,1508,1493,0.25,-0.82,3.0102,3.8236,6.7066,1
14.669,-17,-23,1501,1493,0.25,-0.82,2.9998,3.9817,5.6370,1
14.687,-15,-23,1509,1493,0.25,-0.82,2.9998,3.9817,5.6370,1
14.705,-14,-23,1503,1493,0.25,-0.82,2.9998,3.9817,5.6370,1
14.722,-11,-22,1515,1496,0.25,-0.82,2.9998,3.9817,5.6370,1
14.740,-8,-22,1515,1493,0.25,-0.82,2.9998,3.9817,5.6370,1
14.758,-7,-22,1504,1493,0.25,-0.82,2.9998,3.9817,5.6370,1
14.776,-5,-22,1510,1493,0.25,-0.82,2.9998,3.9817,5.6370,1
14.793,-4,-22,1505,1493,0.25,-0.82,2.9998,3.9817,5.6370,1
14.810,-2,-22,1511,1493,0.25,-0.82,2.9998,3.9817,5.6370,1
14.827,-1,-21,1505,1497,0.25,-0.82,2.9998,3.9817,5.6370,1
14.847,1,-21,1510,1494,-0.33,-0.37,2.9998,3.9817,5.6370,1
14.865,1,-21,1500,1494,-0.33,-0.37,2.9998,3.9817,5.6370,1
14.882,3,-21,1511,1494,-0.33,-0.37,2.9998,3.9817,5.6370,1
14.900,3,-21,1500,1494,-0.33,-0.37,2.9998,3.9817,5.6370,1
14.917,5,-20,1511,1497,-0.33,-0.37,2.7828,4.0564,5.3448,1
14.934,6,-21,1506,1491,-0.33,-0.37,2.7828,4.0564,5.3448,1
14.951,7,-21,1506,1494,-0.33,-0.37,2.7828,4.0564,5.3448,1
14.969,8,-21,1506,1494,-0.33,-0.37,2.7828,4.0564,5.3448,1
14.987,10,-21,1512,1494,-0.33,-0.37,2.7828,4.0564,5.3448,1
15.004,13,-20,1518,1497,-0.33,-0.37,2.7828,4.0564,5.3448,1
15.023,13,-20,1501,1494,-0.33,-0.37,2.7828,4.0564,5.3448,1
15.040,17,-20,1525,1494,-0.33,-0.37,2.7828,4.0564,5.3448,1
15.057,17,-20,1502,1494,-0.33,-0.37,2.7828,4.0564,5.3448,1
15.074,18,-20,1508,1494,-0.33,-0.37,2.7828,4.0564,5.3448,1
15.093,19,-20,1508,1494,-0.33,-0.37,2.7828,4.0564,5.3448,1
15.111,21,-20,1513,1494,-0.43,-0.16,2.7828,4.0564,5.3448,1
15.128,23,-20,1514,1494,-0.43,-0.16,2.7828,4.0564,5.3448,1
15.149,25,-19,1513,1497,-0.43,-0.16,2.7828,4.0564,5.3448,1
15.167,26,-19,1509,1494,-0.43,-0.16,2.9134,3.6323,6.0818,1
15.185,28,-19,1515,1494,-0.43,-0.16,2.9134,3.6323,6.0818,1
15.202,29,-19,1509,1494,-0.43,-0.16,2.9134,3.6323,6.0818,1
15.220,29,-19,1504,1494,-0.43,-0.16,2.9134,3.6323,6.0818,1
15.238,30,-19,1509,1494,-0.43,-0.16,2.9134,3.6323,6.0818,1
15.255,31,-20,1510,1491,-0.43,-0.16,2.9134,3.6323,6.0818,1
15.272,31,-19,1504,1497,-0.43,-0.16,2.9134,3.6323,6.0818,1
15.290,31,-19,1504,1494,-0.43,-0.16,2.9134,3.6323,6.0818,1
15.307,32,-19,1510,1494,-0.43,-0.16,2.9134,3.6323,6.0818,1
15.325,32,-19,1504,1494,-0.43,-0.16,2.9134,3.6323,6.0818,1
15.343,33,-20,1510,1491,-0.43,-0.16,2.9134,3.6323,6.0818,1
15.362,33,-20,1504,1494,-0.26,0.14,2.9134,3.6323,6.0818,1
15.382,34,-20,1510,1494,-0.26,0.14,2.9134,3.6323,6.0818,1
15.401,35,-20,1510,1494,-0.26,0.14,2.9134,3.6323,6.0818,1
15.419,36,-20,1510,1494,-0.26,0.14,2.9407,4.1379,5.7038,1
15.438,37,-20,1510,1494,-0.26,0.14,2.9407,4.1379,5.7038,1
15.455,37,-20,1505,1494,-0.26,0.14,2.9407,4.1379,5.7038,1
15.473,38,-21,1511,1491,-0.26,0.14,2.9407,4.1379,5.7038,1
15.491,38,-20,1505,1497,-0.26,0.14,2.9407,4.1379,5.7038,1
15.508,38,-20,1505,1494,-0.26,0.14,2.9407,4.1379,5.7038,1
15.525,39,-20,1511,1494,-0.26,0.14,2.9407,4.1379,5.7038,1
15.542,39,-20,1505,1494,-0.26,0.14,2.9407,4.1379,5.7038,1
15.559,39,-20,1505,1494,-0.26,0.14,2.9407,4.1379,5.7038,1
15.577,39,-20,1505,1494,-0.26,0.14,2.9407,4.1379,5.7038,1
15.594,41,-20,1517,1494,-0.26,0.14,2.9407,4.1379,5.7038,1
15.614,42,-20,1511,1494,-0.23,-0.78,2.9407,4.1379,5.7038,1
15.632,42,-19,1506,1497,-0.23,-0.78,2.9407,4.1379,5.7038,1
15.649,42,-19,1506,1494,-0.23,-0.78,2.9407,4.1379,5.7038,1
15.667,42,-19,1506,1494,-0.23,-0.78,2.7031,4.6601,5.5555,1
15.685,43,-19,1511,1494,-0.23,-0.78,2.7031,4.6601,5.5555,1
15.703,42,-20,1500,1491,-0.23,-0.78,2.7031,4.6601,5.5555,1
15.722,42,-19,1506,1497,-0.23,-0.78,2.7031,4.6601,5.5555,1
15.742,42,-19,1506,1494,-0.23,-0.78,2.7031,4.6601,5.5555,1
15.759,42,-19,1506,1494,-0.23,-0.78,2.7031,4.6601,5.5555,1
15.776,43,-19,1512,1494,-0.23,-0.78,2.7031,4.6601,5.5555,1
15.795,44,-19,1512,1494,-0.23,-0.78,2.7031,4.6601,5.5555,1
15.812,44,-19,1506,1494,-0.23,-0.78,2.7031,4.6601,5.5555,1
15.830,44,-19,1506,1494,-0.23,-0.78,2.7031,4.6601,5.5555,1
15.847,45,-19,1512,1494,0.23,-0.64,2.7031,4.6601,5.5555,1
15.865,45,-19,1506,1494,0.23,-0.64,2.7031,4.6601,5.5555,1
15.883,46,-19,1512,1494,0.23,-0.64,2.7031,4.6601,5.5555,1
15.901,46,-20,1506,1491,0.23,-0.64,2.7031,4.6601,5.5555,1
15.920,46,-20,1506,1494,0.23,-0.64,2.3736,4.8898,4.3367,1
15.937,46,-20,1506,1494,0.23,-0.64,2.3736,4.8898,4.3367,1
15.955,46,-20,1506,1494,0.23,-0.64,2.3736,4.8898,4.3367,1
15.973,45,-19,1501,1497,0.23,-0.64,2.3736,4.8898,4.3367,1
15.991,45,-19,1506,1494,0.23,-0.64,2.3736,4.8898,4.3367,1
16.008,44,-19,1500,1494,0.23,-0.64,2.3736,4.8898,4.3367,1
16.026,44,-19,1506,1494,0.23,-0.64,2.3736,4.8898,4.3367,1
16.043,43,-19,1500,1494,0.23,-0.64,2.3736,4.8898,4.3367,1
16.060,43,-19,1506,1494,0.23,-0.64,2.3736,4.8898,4.3367,1
16.077,42,-19,1500,1494,0.23,-0.64,2.3736,4.8898,4.3367,1
16.095,42,-20,1506,1491,0.23,-0.64,2.3736,4.8898,4.3367,1
16.112,41,-20,1500,1494,0.07,-0.53,2.3736,4.8898,4.3367,1
16.129,41,-20,1506,1494,0.07,-0.53,2.3736,4.8898,4.3367,1
16.149,40,-20,1500,1494,0.07,-0.53,2.3736,4.8898,4.3367,1
16.167,40,-20,1506,1494,0.07,-0.53,2.4635,5.3168,4.1087,1
16.192,39,-21,1501,1492,0.07,-0.53,2.4635,5.3168,4.1087,1
16.210,39,-21,1505,1494,0.07,-0.53,2.4635,5.3168,4.1087,1
16.227,39,-22,1505,1491,0.07,-0.53,2.4635,5.3168,4.1087,1
16.245,40,-22,1511,1493,0.07,-0.53,2.4635,5.3168,4.1087,1
16.262,40,-22,1506,1493,0.07,-0.53,2.4635,5.3168,4.1087,1
16.279,40,-22,1506,1493,0.07,-0.53,2.4635,5.3168,4.1087,1
16.297,40,-22,1506,1493,0.07,-0.53,2.4635,5.3168,4.1087,1
16.314,40,-22,1506,1493,0.07,-0.53,2.4635,5.3168,4.1087,1
16.331,40,-22,1506,1493,0.07,-0.53,2.4635,5.3168,4.1087,1
16.350,40,-21,1506,1496,-0.29,-0.70,2.4635,5.3168,4.1087,1
16.368,40,-21,1506,1494,-0.29,-0.70,2.4635,5.3168,4.1087,1
16.385,40,-20,1506,1497,-0.29,-0.70,2.4635,5.3168,4.1087,1
16.403,40,-20,1506,1494,-0.29,-0.70,2.4635,5.3168,4.1087,1
16.422,39,-20,1500,1494,-0.29,-0.70,3.0764,5.0866,9.0424,1
16.439,38,-20,1500,1494,-0.29,-0.70,3.0764,5.0866,9.0424,1
16.457,35,-19,1500,1494,-0.29,-0.70,3.0764,5.0866,9.0424,1
16.474,35,-19,1495,1497,-0.29,-0.70,3.0764,5.0866,9.0424,1
16.491,33,-19,1494,1494,-0.29,-0.70,3.0764,5.0866,9.0424,1
16.509,31,-20,1494,1491,-0.29,-0.70,3.0764,5.0866,9.0424,1
16.526,29,-20,1493,1494,-0.29,-0.70,3.0764,5.0866,9.0424,1
16.543,29,-20,1504,1494,-0.29,-0.70,3.0764,5.0866,9.0424,1
16.560,25,-20,1481,1494,-0.29,-0.70,3.0764,5.0866,9.0424,1
16.579,23,-20,1503,1494,-0.29,-0.70,3.0764,5.0866,9.0424,1
16.596,23,-20,1493,1494,0.04,-1.34,3.0764,5.0866,9.0424,1
16.614,21,-20,1492,1494,0.04,-1.34,3.0764,5.0866,9.0424,1
16.632,19,-21,1492,1491,0.04,-1.34,3.0764,5.0866,9.0424,1
16.652,14,-20,1478,1497,0.04,-1.34,3.0764,5.0866,9.0424,1
16.670,12,-20,1492,1494,0.04,-1.34,2.8038,6.2916,9.0368,1
16.687,10,-19,1491,1497,0.04,-1.34,2.8038,6.2916,9.0368,1
16.705,7,-19,1484,1494,0.04,-1.34,2.8038,6.2916,9.0368,1
16.722,6,-20,1496,1491,0.04,-1.34,2.8038,6.2916,9.0368,1
16.740,5,-21,1496,1491,0.04,-1.34,2.8038,6.2916,9.0368,1
16.757,4,-20,1496,1497,0.04,-1.34,2.8038,6.2916,9.0368,1
16.775,4,-20,1500,1494,0.04,-1.34,2.8038,6.2916,9.0368,1
16.795,2,-18,1491,1500,0.04,-1.34,2.8038,6.2916,9.0368,1
16.813,2,-19,1500,1492,0.04,-1.34,2.8038,6.2916,9.0368,1
16.830,1,-19,1495,1494,0.04,-1.34,2.8038,6.2916,9.0368,1
16.848,1,-19,1500,1494,-0.20,-0.57,2.8038,6.2916,9.0368,1
16.867,0,-18,1495,1497,-0.20,-0.57,2.8038,6.2916,9.0368,1
16.885,-1,-18,1495,1495,-0.20,-0.57,2.8038,6.2916,9.0368,1
16.902,-1,-18,1500,1495,-0.20,-0.57,2.8038,6.2916,9.0368,1
16.919,-2,-19,1495,1492,-0.20,-0.57,2.6295,6.9510,8.6208,1
16.937,-3,-19,1495,1494,-0.20,-0.57,2.6295,6.9510,8.6208,1
16.954,-4,-18,1494,1498,-0.20,-0.57,2.6295,6.9510,8.6208,1
16.972,-5,-17,1494,1498,-0.20,-0.57,2.6295,6.9510,8.6208,1
16.989,-6,-17,1494,1495,-0.20,-0.57,2.6295,6.9510,8.6208,1
17.007,-7,-18,1494,1492,-0.20,-0.57,2.6295,6.9510,8.6208,1
17.024,-10,-18,1482,1495,-0.20,-0.57,2.6295,6.9510,8.6208,1
17.043,-11,-18,1494,1495,-0.20,-0.57,2.6295,6.9510,8.6208,1
17.061,-12,-17,1493,1498,-0.20,-0.57,2.6295,6.9510,8.6208,1
17.079,-12,-17,1499,1495,-0.20,-0.57,2.6295,6.9510,8.6208,1
17.099,-15,-16,1483,1498,0.09,0.16,2.6295,6.9510,8.6208,1
17.117,-15,-16,1498,1495,0.09,0.16,2.6295,6.9510,8.6208,1
17.135,-16,-18,1493,1489,0.09,0.16,2.6295,6.9510,8.6208,1
17.153,-18,-18,1487,1495,0.09,0.16,2.6295,6.9510,8.6208,1
17.172,-21,-16,1481,1500,0.09,0.16,2.8746,5.3663,8.4610,1
17.190,-23,-16,1486,1495,0.09,0.16,2.8746,5.3663,8.4610,1
17.207,-25,-16,1485,1495,0.09,0.16,2.8746,5.3663,8.4610,1
17.225,-28,-17,1480,1492,0.09,0.16,2.8746,5.3663,8.4610,1
17.243,-30,-16,1485,1498,0.09,0.16,2.8746,5.3663,8.4610,1
17.260,-31,-16,1490,1495,0.09,0.16,2.8746,5.3663,8.4610,1
17.278,-33,-16,1484,1495,0.09,0.16,2.8746,5.3663,8.4610,1
17.297,-34,-17,1490,1492,0.09,0.16,2.8746,5.3663,8.4610,1
17.315,-35,-16,1490,1498,0.09,0.16,2.8746,5.3663,8.4610,1
17.332,-36,-15,1490,1498,0.09,0.16,2.8746,5.3663,8.4610,1
17.350,-37,-15,1489,1496,-0.21,0.13,2.8746,5.3663,8.4610,1
17.367,-38,-16,1489,1492,-0.21,0.13,2.8746,5.3663,8.4610,1
17.385,-38,-16,1495,1495,-0.21,0.13,2.8746,5.3663,8.4610,1
17.402,-39,-16,1489,1495,-0.21,0.13,2.8746,5.3663,8.4610,1
17.422,-41,-15,1484,1498,-0.21,0.13,2.9462,5.7106,8.4397,1
17.441,-42,-15,1489,1496,-0.21,0.13,2.9462,5.7106,8.4397,1
17.458,-44,-16,1483,1493,-0.21,0.13,2.9462,5.7106,8.4397,1
17.475,-46,-15,1482,1498,-0.21,0.13,2.9462,5.7106,8.4397,1
17.492,-47,-16,1488,1492,-0.21,0.13,2.9462,5.7106,8.4397,1
17.510,-48,-15,1488,1498,-0.21,0.13,2.9462,5.7106,8.4397,1
17.527,-49,-16,1487,1492,-0.21,0.13,2.9462,5.7106,8.4397,1
17.544,-50,-16,1487,1495,-0.21,0.13,2.9462,5.7106,8.4397,1
17.562,-52,-16,1481,1495,-0.21,0.13,2.9462,5.7106,8.4397,1
17.580,-53,-15,1487,1498,-0.21,0.13,2.9462,5.7106,8.4397,1
17.598,-54,-14,1487,1499,-0.51,-0.20,2.9462,5.7106,8.4397,1
17.617,-54,-15,1492,1493,-0.51,-0.20,2.9462,5.7106,8.4397,1
17.635,-55,-15,1487,1496,-0.51,-0.20,2.9462,5.7106,8.4397,1
17.656,-56,-16,1487,1493,-0.51,-0.20,2.7375,5.3048,7.8874,1
17.674,-58,-15,1480,1498,-0.51,-0.20,2.7375,5.3048,7.8874,1
17.691,-59,-15,1486,1496,-0.51,-0.20,2.7375,5.3048,7.8874,1
17.709,-60,-14,1486,1499,-0.51,-0.20,2.7375,5.3048,7.8874,1
17.727,-64,-15,1468,1493,-0.51,-0.20,2.7375,5.3048,7.8874,0
17.744,-65,-16,1485,1492,-0.51,-0.20,2.7375,5.3048,7.8874,0
17.761,-67,-16,1479,1495,-0.51,-0.20,2.7375,5.3048,7.8874,0
17.778,-69,-15,1478,1499,-0.51,-0.20,2.7375,5.3048,7.8874,0
17.795,-71,-15,1478,1496,-0.51,-0.20,2.7375,5.3048,7.8874,0
17.813,-74,-14,1473,1499,-0.51,-0.20,2.7375,5.3048,7.8874,0
17.831,-76,-14,1478,1496,-0.51,-0.20,2.7375,5.3048,7.8874,0
17.849,-78,-15,1477,1493,-0.61,-0.02,2.7375,5.3048,7.8874,0
17.866,-80,-16,1477,1492,-0.61,-0.02,2.7375,5.3048,7.8874,0
17.885,-82,-15,1477,1498,-0.61,-0.02,2.7375,5.3048,7.8874,0
17.903,-84,-15,1477,1496,-0.61,-0.02,2.7375,5.3048,7.8874,0
17.921,-87,-15,1471,1496,-0.61,-0.02,2.8889,4.8352,7.2634,0
17.939,-89,-15,1476,1496,-0.61,-0.02,2.8889,4.8352,7.2634,0
17.956,-93,-14,1463,1499,-0.61,-0.02,2.8889,4.8352,7.2634,0
17.974,-93,-14,1486,1496,-0.61,-0.02,2.8889,4.8352,7.2634,0
17.995,-98,-15,1457,1493,-0.61,-0.02,2.8889,4.8352,7.2634,0
18.012,-100,-15,1476,1496,-0.61,-0.02,2.8889,4.8352,7.2634,0
18.030,-102,-14,1473,1499,-0.61,-0.02,2.8889,4.8352,7.2634,0
18.047,-103,-14,1479,1496,-0.61,-0.02,2.8889,4.8352,7.2634,0
18.065,-104,-13,1479,1499,-0.61,-0.02,2.8889,4.8352,7.2634,0
18.083,-106,-13,1473,1496,-0.61,-0.02,2.8889,4.8352,7.2634,0
18.100,-107,-13,1479,1496,-0.40,-0.21,2.8889,4.8352,7.2634,0
18.117,-108,-14,1478,1493,-0.40,-0.21,2.8889,4.8352,7.2634,0
18.135,-110,-14,1473,1496,-0.40,-0.21,2.8889,4.8352,7.2634,0
18.153,-112,-14,1472,1496,-0.40,-0.21,2.8889,4.8352,7.2634,0
18.170,-113,-14,1478,1496,-0.40,-0.21,2.8282,4.9506,6.2087,0
18.188,-115,-14,1472,1496,-0.40,-0.21,2.8282,4.9506,6.2087,0
18.206,-116,-14,1477,1496,-0.40,-0.21,2.8282,4.9506,6.2087,0
18.225,-119,-14,1467,1496,-0.40,-0.21,2.8282,4.9506,6.2087,0
18.243,-120,-14,1477,1496,-0.40,-0.21,2.8282,4.9506,6.2087,0
18.260,-122,-14,1471,1496,-0.40,-0.21,2.8282,4.9506,6.2087,0
18.278,-123,-14,1476,1496,-0.40,-0.21,2.8282,4.9506,6.2087,0
18.295,-124,-14,1476,1496,-0.40,-0.21,2.8282,4.9506,6.2087,0
18.312,-124,-14,1482,1496,-0.40,-0.21,2.8282,4.9506,6.2087,0
18.330,-125,-14,1476,1496,-0.40,-0.21,2.8282,4.9506,6.2087,0
18.348,-126,-14,1476,1496,-0.66,-0.22,2.8282,4.9506,6.2087,0
18.365,-126,-14,1481,1496,-0.66,-0.22,2.8282,4.9506,6.2087,0
18.382,-126,-14,1481,1496,-0.66,-0.22,2.8282,4.9506,6.2087,0
18.404,-125,-14,1486,1496,-0.66,-0.22,2.8148,4.1660,6.2643,0
18.425,-125,-15,1482,1493,-0.66,-0.22,2.8148,4.1660,6.2643,0
18.447,-126,-15,1477,1496,-0.66,-0.22,2.8148,4.1660,6.2643,0
18.464,-126,-15,1481,1496,-0.66,-0.22,2.8148,4.1660,6.2643,0
18.481,-126,-15,1481,1496,-0.66,-0.22,2.8148,4.1660,6.2643,0
18.498,-125,-15,1488,1496,-0.66,-0.22,2.8148,4.1660,6.2643,0
18.515,-125,-15,1482,1496,-0.66,-0.22,2.8148,4.1660,6.2643,0
18.533,-125,-15,1482,1496,-0.66,-0.22,2.8148,4.1660,6.2643,0
18.550,-125,-16,1482,1492,-0.66,-0.22,2.8148,4.1660,6.2643,0
18.568,-124,-16,1487,1495,-0.66,-0.22,2.8148,4.1660,6.2643,0
18.586,-124,-16,1482,1495,-0.66,-0.22,2.8148,4.1660,6.2643,0
18.603,-124,-16,1482,1495,-1.86,-0.02,2.8148,4.1660,6.2643,0
18.624,-123,-17,1487,1493,-1.86,-0.02,2.8148,4.1660,6.2643,0
18.642,-123,-17,1482,1495,-1.86,-0.02,2.8148,4.1660,6.2643,0
18.663,-121,-18,1492,1492,-1.86,-0.02,3.3635,4.1503,6.1489,0
18.680,-120,-18,1488,1495,-1.86,-0.02,3.3635,4.1503,6.1489,0
18.698,-120,-17,1482,1498,-1.86,-0.02,3.3635,4.1503,6.1489,0
18.716,-120,-18,1482,1492,-1.86,-0.02,3.3635,4.1503,6.1489,0
18.734,-121,-18,1477,1495,-1.86,-0.02,3.3635,4.1503,6.1489,0
18.752,-122,-19,1477,1492,-1.86,-0.02,3.3635,4.1503,6.1489,0
18.769,-122,-19,1482,1494,-1.86,-0.02,3.3635,4.1503,6.1489,0
18.787,-125,-19,1464,1494,-1.86,-0.02,3.3635,4.1503,6.1489,0
18.804,-127,-19,1470,1494,-1.86,-0.02,3.3635,4.1503,6.1489,0
18.823,-129,-20,1470,1491,-1.86,-0.02,3.3635,4.1503,6.1489,0
18.840,-129,-20,1481,1494,-1.86,-0.02,3.3635,4.1503,6.1489,0
18.859,-130,-20,1476,1494,-2.72,-0.15,3.3635,4.1503,6.1489,0
18.876,-130,-20,1481,1494,-2.72,-0.15,3.3635,4.1503,6.1489,0
18.894,-132,-21,1469,1491,-2.72,-0.15,3.3635,4.1503,6.1489,0
18.912,-135,-20,1463,1497,-2.72,-0.15,3.2429,3.8943,6.0507,0
18.929,-137,-21,1468,1491,-2.72,-0.15,3.2429,3.8943,6.0507,0
18.946,-141,-21,1457,1494,-2.72,-0.15,3.2429,3.8943,6.0507,0
18.964,-142,-21,1473,1494,-2.72,-0.15,3.2429,3.8943,6.0507,0
18.981,-144,-21,1468,1494,-2.72,-0.15,3.2429,3.8943,6.0507,0
18.999,-145,-21,1473,1494,-2.72,-0.15,3.2429,3.8943,6.0507,0
19.017,-146,-21,1473,1494,-2.72,-0.15,3.2429,3.8943,6.0507,0
19.043,-149,-22,1466,1492,-2.72,-0.15,3.2429,3.8943,6.0507,0
19.061,-151,-22,1467,1493,-2.72,-0.15,3.2429,3.8943,6.0507,0
19.079,-153,-23,1467,1491,-2.72,-0.15,3.2429,3.8943,6.0507,0
19.096,-154,-23,1471,1493,-3.06,-0.89,3.2429,3.8943,6.0507,0
19.114,-156,-23,1465,1493,-3.06,-0.89,3.2429,3.8943,6.0507,0
19.132,-159,-23,1460,1493,-3.06,-0.89,3.2429,3.8943,6.0507,0
19.149,-160,-23,1471,1493,-3.06,-0.89,3.2429,3.8943,6.0507,0
19.167,-162,-23,1465,1493,-3.06,-0.89,3.2141,4.1588,5.6401,0
19.184,-164,-24,1464,1490,-3.06,-0.89,3.2141,4.1588,5.6401,0
19.202,-166,-24,1465,1493,-3.06,-0.89,3.2141,4.1588,5.6401,0
19.221,-168,-24,1470,1493,-3.06,-0.89,3.2141,4.1588,5.6401,0
19.241,-168,-24,1470,1493,-3.06,-0.89,3.2141,4.1588,5.6401,0
19.260,-169,-24,1470,1493,-3.06,-0.89,3.2141,4.1588,5.6401,0
19.277,-169,-24,1475,1493,-3.06,-0.89,3.2141,4.1588,5.6401,0
19.295,0,0,1500,1500,-3.06,-0.89,3.2141,4.1588,5.6401,0
19.312,-169,-25,1475,1490,-3.06,-0.89,3.2141,4.1588,5.6401,0
19.329,-168,-25,1481,1493,-3.06,-0.89,3.2141,4.1588,5.6401,0
19.347,-168,-25,1475,1493,-2.88,-2.04,3.2141,4.1588,5.6401,0
19.364,-164,-25,1499,1493,-2.88,-2.04,3.2141,4.1588,5.6401,0
19.381,-164,-25,1476,1493,-2.88,-2.04,3.2141,4.1588,5.6401,0
19.399,0,0,1500,1500,-2.88,-2.04,3.2141,4.1588,5.6401,0
19.416,0,0,1500,1500,-2.88,-2.04,2.8799,4.8052,5.4124,0
19.433,0,0,1500,1500,-2.88,-2.04,2.8799,4.8052,5.4124,0
19.450,0,0,1500,1500,-2.88,-2.04,2.8799,4.8052,5.4124,0
19.468,0,0,1500,1500,-2.88,-2.04,2.8799,4.8052,5.4124,0
19.485,0,0,1500,1500,-2.88,-2.04,2.8799,4.8052,5.4124,0
19.503,0,0,1500,1500,-2.88,-2.04,2.8799,4.8052,5.4124,0
19.520,0,0,1500,1500,-2.88,-2.04,2.8799,4.8052,5.4124,0
19.537,0,0,1500,1500,-2.88,-2.04,2.8799,4.8052,5.4124,0
19.555,0,0,1500,1500,-2.88,-2.04,2.8799,4.8052,5.4124,0
19.572,0,0,1500,1500,-2.88,-2.04,2.8799,4.8052,5.4124,0
19.591,0,0,1500,1500,-2.51,-1.95,2.8799,4.8052,5.4124,0
19.608,0,0,1500,1500,-2.51,-1.95,2.8799,4.8052,5.4124,0
19.627,0,0,1500,1500,-2.51,-1.95,2.8799,4.8052,5.4124,0
19.645,0,0,1500,1500,-2.51,-1.95,2.8799,4.8052,5.4124,0
19.662,0,0,1500,1500,-2.51,-1.95,3.2606,4.0805,6.7077,0
19.680,0,0,1500,1500,-2.51,-1.95,3.2606,4.0805,6.7077,0
19.698,0,0,1500,1500,-2.51,-1.95,3.2606,4.0805,6.7077,0
19.716,0,0,1500,1500,-2.51,-1.95,3.2606,4.0805,6.7077,0
19.734,0,0,1500,1500,-2.51,-1.95,3.2606,4.0805,6.7077,0
19.752,0,0,1500,1500,-2.51,-1.95,3.2606,4.0805,6.7077,0
19.769,0,0,1500,1500,-2.51,-1.95,3.2606,4.0805,6.7077,0
19.786,-82,-28,1600,1483,-2.51,-1.95,3.2606,4.0805,6.7077,0
19.805,-78,-28,1510,1492,-2.51,-1.95,3.2606,4.0805,6.7077,0
19.822,-75,-28,1505,1492,-2.51,-1.95,3.2606,4.0805,6.7077,0
19.839,-72,-28,1506,1492,-1.89,-2.08,3.2606,4.0805,6.7077,0
19.857,-69,-28,1506,1492,-1.89,-2.08,3.2606,4.0805,6.7077,0
19.876,-66,-29,1506,1489,-1.89,-2.08,3.2606,4.0805,6.7077,0
19.893,-64,-29,1501,1492,-1.89,-2.08,3.2606,4.0805,6.7077,0
19.912,-61,-28,1491,1492,-1.89,-2.08,3.1345,3.8769,6.9008,0
19.929,-59,-28,1518,1495,-1.89,-2.08,3.1345,3.8769,6.9008,1
19.948,-57,-28,1501,1492,-1.89,-2.08,3.1345,3.8769,6.9008,1
19.968,-56,-28,1497,1492,-1.89,-2.08,3.1345,3.8769,6.9008,1
19.985,-54,-29,1502,1489,-1.89,-2.08,3.1345,3.8769,6.9008,1
20.003,-51,-28,1509,1495,-1.89,-2.08,3.1345,3.8769,6.9008,1
20.020,-51,-28,1493,1492,-1.89,-2.08,3.1345,3.8769,6.9008,1
20.037,-47,-29,1516,1489,-1.89,-2.08,3.1345,3.8769,6.9008,1
20.055,-45,-29,1504,1492,-1.89,-2.08,3.1345,3.8769,6.9008,1
20.072,-44,-29,1500,1492,-1.89,-2.08,3.1345,3.8769,6.9008,1
20.089,-42,-29,1505,1492,-1.24,-1.68,3.1345,3.8769,6.9008,1
20.106,-40,-29,1505,1492,-1.24,-1.68,3.1345,3.8769,6.9008,1
20.123,-37,-29,1511,1492,-1.24,-1.68,3.1345,3.8769,6.9008,1
20.140,-35,-29,1506,1492,-1.24,-1.68,3.1345,3.8769,6.9008,1
20.158,-35,-29,1495,1492,-1.24,-1.68,3.3289,3.8486,8.3925,1
20.177,-31,-28,1516,1495,-1.24,-1.68,3.3289,3.8486,8.3925,1
20.199,-29,-28,1504,1492,-1.24,-1.68,3.3289,3.8486,8.3925,1
20.217,-26,-28,1512,1492,-1.24,-1.68,3.3289,3.8486,8.3925,1
20.235,-24,-28,1507,1492,-1.24,-1.68,3.3289,3.8486,8.3925,1
20.252,-19,-28,1525,1492,-1.24,-1.68,3.3289,3.8486,8.3925,1
20.269,-17,-28,1509,1492,-1.24,-1.68,3.3289,3.8486,8.3925,1
20.287,-15,-28,1509,1492,-1.24,-1.68,3.3289,3.8486,8.3925,1
20.304,-13,-28,1509,1492,-1.24,-1.68,3.3289,3.8486,8.3925,1
20.321,-10,-28,1515,1492,-1.24,-1.68,3.3289,3.8486,8.3925,1
20.338,-8,-28,1510,1492,-0.96,-0.90,3.3289,3.8486,8.3925,1
20.356,-5,-28,1516,1492,-0.96,-0.90,3.3289,3.8486,8.3925,1
20.373,-5,-28,1500,1492,-0.96,-0.90,3.3289,3.8486,8.3925,1
20.390,-3,-28,1511,1492,-0.96,-0.90,3.3289,3.8486,8.3925,1
20.408,-1,-27,1511,1495,-0.96,-0.90,2.9209,4.7300,6.1590,1
20.427,4,-28,1526,1489,-0.96,-0.90,2.9209,4.7300,6.1590,1
20.445,6,-28,1512,1492,-0.96,-0.90,2.9209,4.7300,6.1590,1
20.462,9,-28,1518,1492,-0.96,-0.90,2.9209,4.7300,6.1590,1
20.482,11,-29,1512,1489,-0.96,-0.90,2.9209,4.7300,6.1590,1
20.500,14,-29,1518,1491,-0.96,-0.90,2.9209,4.7300,6.1590,1
20.517,16,-29,1513,1491,-0.96,-0.90,2.9209,4.7300,6.1590,1
20.535,20,-29,1526,1491,-0.96,-0.90,2.9209,4.7300,6.1590,1
20.552,23,-28,1520,1495,-0.96,-0.90,2.9209,4.7300,6.1590,1
20.570,25,-28,1515,1492,-0.96,-0.90,2.9209,4.7300,6.1590,1
20.588,26,-28,1509,1492,-0.40,-0.66,2.9209,4.7300,6.1590,1
20.606,28,-27,1514,1495,-0.40,-0.66,2.9209,4.7300,6.1590,1
20.624,30,-27,1504,1492,-0.40,-0.66,2.9209,4.7300,6.1590,1
20.642,30,-27,1515,1492,-0.40,-0.66,2.9209,4.7300,6.1590,1
20.659,33,-27,1521,1492,-0.40,-0.66,2.9040,5.1390,8.0221,1
20.677,35,-27,1516,1492,-0.40,-0.66,2.9040,5.1390,8.0221,1
20.696,39,-27,1527,1492,-0.40,-0.66,2.9040,5.1390,8.0221,1
20.714,42,-28,1522,1489,-0.40,-0.66,2.9040,5.1390,8.0221,1
20.732,45,-28,1523,1492,-0.40,-0.66,2.9040,5.1390,8.0221,1
20.750,47,-28,1517,1492,-0.40,-0.66,2.9040,5.1390,8.0221,1
20.768,53,-28,1542,1492,-0.40,-0.66,2.9040,5.1390,8.0221,1
20.785,55,-28,1519,1492,-0.40,-0.66,2.9040,5.1390,8.0221,1
20.803,58,-28,1526,1492,-0.40,-0.66,2.9040,5.1390,8.0221,1
20.821,58,-28,1508,1492,-0.40,-0.66,2.9040,5.1390,8.0221,1
20.839,63,-27,1536,1495,-0.40,-0.66,2.9040,5.1390,8.0221,0
20.857,63,-27,1509,1492,-0.08,-0.47,2.9040,5.1390,8.0221,0
20.874,66,-26,1527,1495,-0.08,-0.47,2.9040,5.1390,8.0221,0
20.891,68,-26,1521,1492,-0.08,-0.47,2.9040,5.1390,8.0221,0
20.909,73,-25,1538,1495,-0.08,-0.47,2.9736,5.1377,7.8956,0
20.926,75,-25,1522,1493,-0.08,-0.47,2.9736,5.1377,7.8956,0
20.944,77,-26,1523,1489,-0.08,-0.47,2.9736,5.1377,7.8956,0
20.961,79,-26,1523,1492,-0.08,-0.47,2.9736,5.1377,7.8956,0
20.981,80,-27,1517,1489,-0.08,-0.47,2.9736,5.1377,7.8956,0
20.998,82,-27,1523,1492,-0.08,-0.47,2.9736,5.1377,7.8956,0
21.016,84,-27,1524,1492,-0.08,-0.47,2.9736,5.1377,7.8956,0
21.035,86,-27,1523,1492,-0.08,-0.47,2.9736,5.1377,7.8956,0
21.053,88,-26,1524,1495,-0.08,-0.47,2.9736,5.1377,7.8956,0
21.071,91,-25,1530,1495,-0.08,-0.47,2.9736,5.1377,7.8956,0
21.089,91,-25,1513,1493,-0.34,-0.40,2.9736,5.1377,7.8956,0
21.107,95,-25,1536,1493,-0.34,-0.40,2.9736,5.1377,7.8956,0
21.126,96,-26,1519,1490,-0.34,-0.40,2.9736,5.1377,7.8956,0
21.144,98,-26,1526,1492,-0.34,-0.40,2.9736,5.1377,7.8956,0
21.161,99,-26,1520,1492,-0.34,-0.40,2.8550,5.5047,7.8569,0
21.179,100,-25,1520,1495,-0.34,-0.40,2.8550,5.5047,7.8569,0
21.199,102,-25,1525,1493,-0.34,-0.40,2.8550,5.5047,7.8569,0
21.219,103,-24,1521,1496,-0.34,-0.40,2.8550,5.5047,7.8569,0
21.236,104,-25,1520,1490,-0.34,-0.40,2.8550,5.5047,7.8569,0
21.255,108,-25,1538,1493,-0.34,-0.40,2.8550,5.5047,7.8569,0
21.272,110,-26,1527,1490,-0.34,-0.40,2.8550,5.5047,7.8569,0
21.290,112,-25,1527,1495,-0.34,-0.40,2.8550,5.5047,7.8569,0
21.307,115,-25,1534,1493,-0.34,-0.40,2.8550,5.5047,7.8569,0
21.325,117,-24,1529,1496,-0.34,-0.40,2.8550,5.5047,7.8569,0
21.342,120,-24,1535,1493,0.02,-0.11,2.8550,5.5047,7.8569,0
21.361,122,-25,1529,1490,0.02,-0.11,2.8550,5.5047,7.8569,0
21.378,124,-25,1529,1493,0.02,-0.11,2.8550,5.5047,7.8569,0
21.395,126,-25,1530,1493,0.02,-0.11,2.8550,5.5047,7.8569,0
21.413,126,-25,1519,1493,0.02,-0.11,2.9316,5.1110,7.5076,0
21.431,126,-25,1519,1493,0.02,-0.11,2.9316,5.1110,7.5076,0
21.448,131,-24,1548,1496,0.02,-0.11,2.9316,5.1110,7.5076,0
21.467,133,-24,1530,1493,0.02,-0.11,2.9316,5.1110,7.5076,0
21.484,137,-24,1542,1493,0.02,-0.11,2.9316,5.1110,7.5076,0
21.503,138,-24,1526,1493,0.02,-0.11,2.9316,5.1110,7.5076,0
21.520,140,-24,1532,1493,0.02,-0.11,2.9316,5.1110,7.5076,0
21.537,142,-25,1532,1490,0.02,-0.11,2.9316,5.1110,7.5076,0
21.556,143,-25,1527,1493,0.02,-0.11,2.9316,5.1110,7.5076,0
21.573,144,-25,1527,1493,0.02,-0.11,2.9316,5.1110,7.5076,0
21.590,145,-24,1527,1496,0.51,-0.26,2.9316,5.1110,7.5076,0
21.607,146,-24,1527,1493,0.51,-0.26,2.9316,5.1110,7.5076,0
21.625,146,-23,1522,1496,0.51,-0.26,2.9316,5.1110,7.5076,0
21.642,147,-23,1527,1493,0.51,-0.26,2.9316,5.1110,7.5076,0
21.663,147,-23,1522,1493,0.51,-0.26,3.1411,4.2412,8.7070,0
21.683,148,-23,1527,1493,0.51,-0.26,3.1411,4.2412,8.7070,0
21.701,148,-23,1522,1493,0.51,-0.26,3.1411,4.2412,8.7070,0
21.718,148,-24,1522,1490,0.51,-0.26,3.1411,4.2412,8.7070,0
21.736,148,-24,1522,1493,0.51,-0.26,3.1411,4.2412,8.7070,0
21.753,148,-24,1522,1493,0.51,-0.26,3.1411,4.2412,8.7070,0
21.770,147,-24,1516,1493,0.51,-0.26,3.1411,4.2412,8.7070,0
21.787,146,-24,1516,1493,0.51,-0.26,3.1411,4.2412,8.7070,0
21.804,145,-23,1516,1496,0.51,-0.26,3.1411,4.2412,8.7070,0
21.822,144,-24,1515,1490,0.51,-0.26,3.1411,4.2412,8.7070,0
21.839,144,-24,1521,1493,0.44,-0.09,3.1411,4.2412,8.7070,0
21.856,143,-25,1521,1490,0.44,-0.09,3.1411,4.2412,8.7070,0
21.874,143,-25,1516,1493,0.44,-0.09,3.1411,4.2412,8.7070,0
21.892,142,-24,1515,1496,0.44,-0.09,3.1411,4.2412,8.7070,0
21.910,142,-24,1521,1493,0.44,-0.09,2.9048,4.8101,8.0636,0
21.928,142,-24,1521,1493,0.44,-0.09,2.9048,4.8101,8.0636,0
21.948,141,-25,1515,1490,0.44,-0.09,2.9048,4.8101,8.0636,0
21.965,141,-25,1521,1493,0.44,-0.09,2.9048,4.8101,8.0636,0
21.982,141,-24,1521,1496,0.44,-0.09,2.9048,4.8101,8.0636,0
22.000,141,-25,1521,1490,0.44,-0.09,2.9048,4.8101,8.0636,0
22.017,140,-25,1515,1493,0.44,-0.09,2.9048,4.8101,8.0636,0
22.035,140,-25,1521,1493,0.44,-0.09,2.9048,4.8101,8.0636,0
22.052,140,-25,1521,1493,0.44,-0.09,2.9048,4.8101,8.0636,0
22.071,140,-25,1521,1493,0.44,-0.09,2.9048,4.8101,8.0636,0
22.089,139,-25,1515,1493,0.28,-0.28,2.9048,4.8101,8.0636,0
22.107,139,-25,1520,1493,0.28,-0.28,2.9048,4.8101,8.0636,0
22.125,138,-26,1515,1489,0.28,-0.28,2.9048,4.8101,8.0636,0
22.142,137,-26,1515,1492,0.28,-0.28,2.9048,4.8101,8.0636,0
22.162,135,-25,1509,1495,0.28,-0.28,2.8383,5.2051,7.9330,0
22.179,134,-26,1514,1490,0.28,-0.28,2.8383,5.2051,7.9330,0
22.197,132,-26,1508,1492,0.28,-0.28,2.8383,5.2051,7.9330,0
22.215,130,-25,1514,1495,0.28,-0.28,2.8383,5.2051,7.9330,0
22.233,130,-25,1514,1493,0.28,-0.28,2.8383,5.2051,7.9330,0
22.252,128,-26,1507,1489,0.28,-0.28,2.8383,5.2051,7.9330,0
22.269,127,-25,1513,1495,0.28,-0.28,2.8383,5.2051,7.9330,0
22.288,126,-25,1513,1493,0.28,-0.28,2.8383,5.2051,7.9330,0
22.305,125,-26,1513,1490,0.28,-0.28,2.8383,5.2051,7.9330,0
22.322,123,-26,1506,1492,0.28,-0.28,2.8383,5.2051,7.9330,0
22.340,122,-26,1512,1492,0.54,-0.92,2.8383,5.2051,7.9330,0
22.358,120,-25,1507,1495,0.54,-0.92,2.8383,5.2051,7.9330,0
22.377,119,-25,1512,1493,0.54,-0.92,2.8383,5.2051,7.9330,0
22.394,117,-26,1506,1490,0.54,-0.92,2.7853,6.0534,7.9289,0
22.411,115,-27,1505,1489,0.54,-0.92,2.7853,6.0534,7.9289,0
22.429,113,-26,1505,1495,0.54,-0.92,2.7853,6.0534,7.9289,0
22.446,111,-26,1505,1492,0.54,-0.92,2.7853,6.0534,7.9289,0
22.463,109,-26,1505,1492,0.54,-0.92,2.7853,6.0534,7.9289,0
22.481,107,-26,1504,1492,0.54,-0.92,2.7853,6.0534,7.9289,0
22.499,106,-27,1510,1489,0.54,-0.92,2.7853,6.0534,7.9289,0
22.516,104,-27,1504,1492,0.54,-0.92,2.7853,6.0534,7.9289,0
22.533,102,-26,1503,1495,0.54,-0.92,2.7853,6.0534,7.9289,0
22.554,99,-27,1500,1490,0.54,-0.92,2.7853,6.0534,7.9289,0
22.571,98,-27,1509,1492,0.54,-0.92,2.7853,6.0534,7.9289,0
22.588,97,-26,1508,1495,0.50,-1.30,2.7853,6.0534,7.9289,0
22.607,95,-26,1503,1492,0.50,-1.30,2.7853,6.0534,7.9289,0
22.626,93,-27,1502,1489,0.50,-1.30,2.7853,6.0534,7.9289,0
22.643,93,-27,1514,1492,0.50,-1.30,2.8182,6.1531,8.3719,0
22.661,91,-27,1502,1492,0.50,-1.30,2.8182,6.1531,8.3719,0
22.680,87,-26,1492,1495,0.50,-1.30,2.8182,6.1531,8.3719,0
22.698,85,-26,1502,1492,0.50,-1.30,2.8182,6.1531,8.3719,0
22.715,83,-27,1500,1489,0.50,-1.30,2.8182,6.1531,8.3719,0
22.733,80,-26,1495,1495,0.50,-1.30,2.8182,6.1531,8.3719,0
22.752,75,-27,1486,1489,0.50,-1.30,2.8182,6.1531,8.3719,0
22.769,73,-27,1500,1492,0.50,-1.30,2.8182,6.1531,8.3719,0
22.788,71,-27,1500,1492,0.50,-1.30,2.8182,6.1531,8.3719,0
22.806,71,-27,1510,1492,0.50,-1.30,2.8182,6.1531,8.3719,0
22.824,66,-27,1483,1492,0.50,-1.30,2.8182,6.1531,8.3719,0
22.844,66,-27,1510,1492,0.36,-1.18,2.8182,6.1531,8.3719,0
22.863,63,-28,1494,1489,0.36,-1.18,2.8182,6.1531,8.3719,0
22.881,61,-28,1499,1492,0.36,-1.18,2.8182,6.1531,8.3719,0
22.899,57,-27,1486,1495,0.36,-1.18,2.6628,5.3676,8.6481,1
22.916,55,-27,1498,1492,0.36,-1.18,2.6628,5.3676,8.6481,1
22.934,53,-27,1497,1492,0.36,-1.18,2.6628,5.3676,8.6481,1
22.952,49,-28,1485,1489,0.36,-1.18,2.6628,5.3676,8.6481,1
22.969,48,-27,1501,1495,0.36,-1.18,2.6628,5.3676,8.6481,1
22.987,46,-27,1496,1492,0.36,-1.18,2.6628,5.3676,8.6481,1
23.004,43,-27,1490,1492,0.36,-1.18,2.6628,5.3676,8.6481,1
23.022,40,-28,1489,1489,0.36,-1.18,2.6628,5.3676,8.6481,1
23.039,37,-28,1489,1492,0.36,-1.18,2.6628,5.3676,8.6481,1
23.057,34,-28,1489,1492,0.36,-1.18,2.6628,5.3676,8.6481,1
23.074,32,-28,1494,1492,0.36,-1.18,2.6628,5.3676,8.6481,1
23.091,30,-27,1494,1495,-0.06,-0.71,2.6628,5.3676,8.6481,1
23.109,27,-27,1487,1492,-0.06,-0.71,2.6628,5.3676,8.6481,1
23.127,27,-27,1504,1492,-0.06,-0.71,2.6628,5.3676,8.6481,1
23.144,25,-27,1493,1492,-0.06,-0.71,3.2220,4.9081,7.2716,1
23.162,20,-27,1475,1492,-0.06,-0.71,3.2220,4.9081,7.2716,1
23.180,18,-27,1492,1492,-0.06,-0.71,3.2220,4.9081,7.2716,1
23.198,16,-28,1492,1489,-0.06,-0.71,3.2220,4.9081,7.2716,1
23.216,10,-28,1468,1492,-0.06,-0.71,3.2220,4.9081,7.2716,1
23.233,10,-28,1501,1492,-0.06,-0.71,3.2220,4.9081,7.2716,1
23.252,4,-28,1469,1492,-0.06,-0.71,3.2220,4.9081,7.2716,1
23.269,1,-28,1484,1492,-0.06,-0.71,3.2220,4.9081,7.2716,1
23.287,-2,-28,1483,1492,-0.06,-0.71,3.2220,4.9081,7.2716,1
23.304,-6,-28,1477,1492,-0.06,-0.71,3.2220,4.9081,7.2716,1
23.323,-9,-29,1483,1489,-0.06,-0.71,3.2220,4.9081,7.2716,1
23.340,-12,-28,1482,1495,-0.47,-0.70,3.2220,4.9081,7.2716,1
23.357,-15,-29,1481,1489,-0.47,-0.70,3.2220,4.9081,7.2716,1
23.375,-18,-30,1481,1488,-0.47,-0.70,3.2220,4.9081,7.2716,1
23.392,-22,-28,1474,1497,-0.47,-0.70,3.4602,5.3388,6.3900,1
23.410,-24,-28,1486,1492,-0.47,-0.70,3.4602,5.3388,6.3900,1
23.428,-27,-30,1480,1486,-0.47,-0.70,3.4602,5.3388,6.3900,1
23.446,-31,-29,1473,1494,-0.47,-0.70,3.4602,5.3388,6.3900,1
23.463,-31,-29,1496,1491,-0.47,-0.70,3.4602,5.3388,6.3900,1
23.481,-34,-29,1478,1491,-0.47,-0.70,3.4602,5.3388,6.3900,1
23.499,-38,-30,1473,1488,-0.47,-0.70,3.4602,5.3388,6.3900,1
23.517,-40,-31,1484,1488,-0.47,-0.70,3.4602,5.3388,6.3900,0
23.534,-42,-31,1483,1491,-0.47,-0.70,3.4602,5.3388,6.3900,0
23.551,-45,-31,1477,1491,-0.47,-0.70,3.4602,5.3388,6.3900,0
23.568,-46,-31,1488,1491,-0.47,-0.70,3.4602,5.3388,6.3900,0
23.585,-47,-30,1488,1494,-1.87,-1.03,3.4602,5.3388,6.3900,1
23.603,-48,-31,1488,1488,-1.87,-1.03,3.4602,5.3388,6.3900,0
23.620,-50,-31,1482,1491,-1.87,-1.03,3.4602,5.3388,6.3900,0
23.639,-50,-31,1493,1491,-1.87,-1.03,3.4602,5.3388,6.3900,0
23.658,-51,-32,1488,1488,-1.87,-1.03,3.1020,5.4584,6.6940,0
23.675,-52,-32,1487,1490,-1.87,-1.03,3.1020,5.4584,6.6940,0
23.692,-54,-32,1481,1490,-1.87,-1.03,3.1020,5.4584,6.6940,0
23.709,-55,-32,1486,1490,-1.87,-1.03,3.1020,5.4584,6.6940,0
23.727,-57,-32,1480,1490,-1.87,-1.03,3.1020,5.4584,6.6940,0
23.745,-59,-32,1481,1490,-1.87,-1.03,3.1020,5.4584,6.6940,0
23.763,-61,-32,1480,1490,-1.87,-1.03,3.1020,5.4584,6.6940,0
23.782,-63,-32,1480,1490,-1.87,-1.03,3.1020,5.4584,6.6940,0
23.801,-67,-33,1470,1488,-1.87,-1.03,3.1020,5.4584,6.6940,0
23.818,-68,-33,1485,1490,-1.87,-1.03,3.1020,5.4584,6.6940,0
23.835,-70,-33,1478,1490,-2.40,-2.22,3.1020,5.4584,6.6940,0
23.856,-72,-33,1480,1490,-2.40,-2.22,3.1020,5.4584,6.6940,0
23.873,-74,-32,1478,1493,-2.40,-2.22,3.1020,5.4584,6.6940,0
23.891,-76,-33,1478,1487,-2.40,-2.22,3.1020,5.4584,6.6940,0
23.908,-78,-34,1477,1487,-2.40,-2.22,2.9772,5.8693,7.6278,0
23.925,-80,-34,1477,1490,-2.40,-2.22,2.9772,5.8693,7.6278,0
23.943,-82,-34,1477,1490,-2.40,-2.22,2.9772,5.8693,7.6278,0
23.961,-84,-33,1477,1493,-2.40,-2.22,2.9772,5.8693,7.6278,0
23.978,-86,-34,1476,1487,-2.40,-2.22,2.9772,5.8693,7.6278,0
23.996,-87,-34,1482,1490,-2.40,-2.22,2.9772,5.8693,7.6278,0
24.013,-88,-34,1482,1490,-2.40,-2.22,2.9772,5.8693,7.6278,0
24.030,-89,-35,1481,1487,-2.40,-2.22,2.9772,5.8693,7.6278,0
24.047,-90,-34,1481,1493,-2.40,-2.22,2.9772,5.8693,7.6278,0
24.065,-92,-35,1475,1487,-2.40,-2.22,2.9772,5.8693,7.6278,0
24.083,-92,-35,1487,1490,-1.46,-2.35,2.9772,5.8693,7.6278,0
24.100,-94,-35,1475,1490,-1.46,-2.35,2.9772,5.8693,7.6278,0
24.118,-94,-35,1486,1490,-1.46,-2.35,2.9772,5.8693,7.6278,0
24.139,-94,-34,1486,1493,-1.46,-2.35,2.9772,5.8693,7.6278,0
24.158,-94,-34,1486,1490,-1.46,-2.35,3.4727,5.2700,7.9489,0
24.177,-95,-34,1480,1490,-1.46,-2.35,3.4727,5.2700,7.9489,0
24.195,-96,-34,1481,1490,-1.46,-2.35,3.4727,5.2700,7.9489,0
24.212,-97,-34,1480,1490,-1.46,-2.35,3.4727,5.2700,7.9489,0
24.229,-98,-35,1480,1487,-1.46,-2.35,3.4727,5.2700,7.9489,0
24.247,-99,-34,1480,1493,-1.46,-2.35,3.4727,5.2700,7.9489,0
24.264,-100,-34,1480,1490,-1.46,-2.35,3.4727,5.2700,7.9489,0
24.281,-101,-35,1479,1487,-1.46,-2.35,3.4727,5.2700,7.9489,0
24.298,-102,-36,1479,1486,-1.46,-2.35,3.4727,5.2700,7.9489,0
24.316,-103,-34,1479,1496,-1.46,-2.35,3.4727,5.2700,7.9489,0
24.333,-103,-34,1485,1490,-1.18,-2.48,3.4727,5.2700,7.9489,0
24.351,-103,-35,1485,1487,-1.18,-2.48,3.4727,5.2700,7.9489,0
24.368,-104,-35,1479,1490,-1.18,-2.48,3.4727,5.2700,7.9489,0
24.389,-104,-36,1485,1487,-1.18,-2.48,3.4727,5.2700,7.9489,0
24.408,-105,-35,1480,1492,-1.18,-2.48,2.8653,5.7942,8.6753,0
24.427,-106,-35,1479,1490,-1.18,-2.48,2.8653,5.7942,8.6753,0
24.445,-105,-35,1490,1490,-1.18,-2.48,2.8653,5.7942,8.6753,0
24.462,-106,-35,1479,1490,-1.18,-2.48,2.8653,5.7942,8.6753,0
24.480,-105,-35,1490,1490,-1.18,-2.48,2.8653,5.7942,8.6753,0
24.498,-104,-35,1490,1490,-1.18,-2.48,2.8653,5.7942,8.6753,0
24.516,-104,-36,1485,1486,-1.18,-2.48,2.8653,5.7942,8.6753,0
24.533,-103,-36,1491,1489,-1.18,-2.48,2.8653,5.7942,8.6753,0
24.550,-103,-35,1485,1493,-1.18,-2.48,2.8653,5.7942,8.6753,0
24.568,-102,-36,1491,1487,-1.18,-2.48,2.8653,5.7942,8.6753,0
24.585,-102,-36,1485,1489,-0.51,-2.21,2.8653,5.7942,8.6753,0
24.603,-101,-37,1491,1486,-0.51,-2.21,2.8653,5.7942,8.6753,0
24.622,-101,-36,1485,1492,-0.51,-2.21,2.8653,5.7942,8.6753,0
24.639,-101,-36,1485,1489,-0.51,-2.21,3.3720,5.5571,8.1443,0
24.657,-100,-36,1491,1489,-0.51,-2.21,3.3720,5.5571,8.1443,0
24.674,-100,-37,1485,1486,-0.51,-2.21,3.3720,5.5571,8.1443,0
24.691,-99,-37,1491,1489,-0.51,-2.21,3.3720,5.5571,8.1443,0
24.708,-99,-37,1486,1489,-0.51,-2.21,3.3720,5.5571,8.1443,0
24.726,-98,-36,1491,1492,-0.51,-2.21,3.3720,5.5571,8.1443,0
24.744,-97,-36,1491,1489,-0.51,-2.21,3.3720,5.5571,8.1443,0
24.763,-96,-37,1491,1486,-0.51,-2.21,3.3720,5.5571,8.1443,0
24.782,-94,-37,1497,1489,-0.51,-2.21,3.3720,5.5571,8.1443,0
24.801,-93,-36,1492,1492,-0.51,-2.21,3.3720,5.5571,8.1443,0
24.818,-92,-36,1492,1489,-0.51,-2.21,3.3720,5.5571,8.1443,0
24.838,-92,-36,1487,1489,-0.86,-1.97,3.3720,5.5571,8.1443,0
24.856,-92,-36,1487,1489,-0.86,-1.97,3.3720,5.5571,8.1443,0
24.873,-91,-36,1492,1489,-0.86,-1.97,3.3720,5.5571,8.1443,0
24.891,-91,-35,1487,1493,-0.86,-1.97,2.9166,6.3059,9.2050,0
24.908,-90,-35,1493,1490,-0.86,-1.97,2.9166,6.3059,9.2050,0
24.925,-88,-35,1499,1490,-0.86,-1.97,2.9166,6.3059,9.2050,0
24.943,-87,-36,1493,1486,-0.86,-1.97,2.9166,6.3059,9.2050,0
24.960,-85,-35,1499,1493,-0.86,-1.97,2.9166,6.3059,9.2050,0
24.979,-83,-35,1498,1490,-0.86,-1.97,2.9166,6.3059,9.2050,0
24.996,-79,-36,1510,1486,-0.86,-1.97,2.9166,6.3059,9.2050,0
25.015,-79,-36,1489,1489,-0.86,-1.97,2.9166,6.3059,9.2050,0
25.032,-74,-35,1518,1493,-0.86,-1.97,2.9166,6.3059,9.2050,0
25.051,-72,-35,1500,1490,-0.86,-1.97,2.9166,6.3059,9.2050,0
25.068,-70,-34,1501,1493,-0.86,-1.97,2.9166,6.3059,9.2050,0
25.088,-67,-35,1506,1487,-0.96,-1.87,2.9166,6.3059,9.2050,0
25.109,-67,-35,1490,1490,-0.96,-1.87,2.9166,6.3059,9.2050,0
25.128,-64,-35,1506,1490,-0.96,-1.87,2.9166,6.3059,9.2050,0
25.145,-61,-36,1508,1486,-0.96,-1.87,2.9346,6.2849,9.0144,0
25.162,-56,-34,1520,1496,-0.96,-1.87,2.9346,6.2849,9.0144,0
25.179,-54,-34,1503,1490,-0.96,-1.87,2.9346,6.2849,9.0144,0
25.198,-51,-33,1503,1493,-0.96,-1.87,2.9346,6.2849,9.0144,0
25.215,-49,-33,1509,1490,-0.96,-1.87,2.9346,6.2849,9.0144,0
25.232,-48,-34,1499,1487,-0.96,-1.87,2.9346,6.2849,9.0144,0
25.250,-47,-34,1499,1490,-0.96,-1.87,2.9346,6.2849,9.0144,0
25.267,-48,-34,1487,1490,-0.96,-1.87,2.9346,6.2849,9.0144,0
25.284,-47,-33,1499,1493,-0.96,-1.87,2.9346,6.2849,9.0144,0
25.302,-48,-33,1488,1490,-0.96,-1.87,2.9346,6.2849,9.0144,0
25.321,-47,-33,1499,1490,-0.96,-1.87,2.9346,6.2849,9.0144,0
25.340,-48,-33,1488,1490,-0.55,-0.91,2.9346,6.2849,9.0144,0
25.358,-48,-32,1493,1493,-0.55,-0.91,2.9346,6.2849,9.0144,0
25.381,-48,-32,1493,1490,-0.55,-0.91,2.9346,6.2849,9.0144,0
25.399,-48,-32,1493,1490,-0.55,-0.91,2.9179,5.0239,8.6934,0
25.418,-48,-32,1493,1490,-0.55,-0.91,2.9179,5.0239,8.6934,0
25.435,-48,-32,1493,1490,-0.55,-0.91,2.9179,5.0239,8.6934,0
25.452,-48,-32,1493,1490,-0.55,-0.91,2.9179,5.0239,8.6934,0
25.470,-47,-32,1499,1490,-0.55,-0.91,2.9179,5.0239,8.6934,0
25.487,-47,-32,1493,1490,-0.55,-0.91,2.9179,5.0239,8.6934,0
25.505,-47,-31,1493,1494,-0.55,-0.91,2.9179,5.0239,8.6934,0
25.522,-46,-32,1499,1488,-0.55,-0.91,2.9179,5.0239,8.6934,0
25.541,-46,-32,1494,1490,-0.55,-0.91,2.9179,5.0239,8.6934,0
25.559,-45,-32,1499,1490,-0.55,-0.91,2.9179,5.0239,8.6934,0
25.577,-45,-30,1494,1496,-0.55,-0.91,2.9179,5.0239,8.6934,1
25.595,-44,-30,1499,1491,-0.17,0.13,2.9179,5.0239,8.6934,1
25.616,-44,-30,1494,1491,-0.17,0.13,2.9179,5.0239,8.6934,1
25.633,-43,-31,1500,1488,-0.17,0.13,2.9179,5.0239,8.6934,0
25.650,-42,-30,1500,1494,-0.17,0.13,3.0090,6.1188,8.7363,1
25.669,-40,-30,1505,1491,-0.17,0.13,3.0090,6.1188,8.7363,1
25.686,-38,-30,1505,1491,-0.17,0.13,3.0090,6.1188,8.7363,1
25.703,-37,-31,1500,1488,-0.17,0.13,3.0090,6.1188,8.7363,0
25.720,-36,-29,1500,1497,-0.17,0.13,3.0090,6.1188,8.7363,1
25.737,-35,-29,1500,1491,-0.17,0.13,3.0090,6.1188,8.7363,1
25.755,-34,-30,1500,1488,-0.17,0.13,3.0090,6.1188,8.7363,1
25.773,-33,-30,1500,1491,-0.17,0.13,3.0090,6.1188,8.7363,1
25.790,-32,-30,1500,1491,-0.17,0.13,3.0090,6.1188,8.7363,1
25.808,-30,-29,1506,1494,-0.17,0.13,3.0090,6.1188,8.7363,1
25.825,-28,-28,1506,1495,-0.17,0.13,3.0090,6.1188,8.7363,1
25.843,-27,-30,1501,1485,0.14,-0.09,3.0090,6.1188,8.7363,1
25.861,-26,-30,1501,1491,0.14,-0.09,3.0090,6.1188,8.7363,1
25.879,-24,-30,1507,1491,0.14,-0.09,3.0090,6.1188,8.7363,1
25.897,-22,-28,1507,1497,0.14,-0.09,2.7880,6.6732,9.6832,1
25.915,-20,-28,1508,1492,0.14,-0.09,2.7880,6.6732,9.6832,1
25.932,-15,-29,1526,1489,0.14,-0.09,2.7880,6.6732,9.6832,1
25.949,-12,-30,1515,1488,0.14,-0.09,2.7880,6.6732,9.6832,1
25.966,-9,-29,1516,1494,0.14,-0.09,2.7880,6.6732,9.6832,1
25.983,-6,-29,1516,1491,0.14,-0.09,2.7880,6.6732,9.6832,1
26.000,-4,-29,1511,1491,0.14,-0.09,2.7880,6.6732,9.6832,1
26.019,-1,-29,1516,1491,0.14,-0.09,2.7880,6.6732,9.6832,1
26.036,2,-29,1517,1491,0.14,-0.09,2.7880,6.6732,9.6832,1
26.053,4,-30,1512,1488,0.14,-0.09,2.7880,6.6732,9.6832,1
26.071,8,-30,1523,1491,0.14,-0.09,2.7880,6.6732,9.6832,1
26.089,10,-29,1512,1494,0.29,-0.01,2.7880,6.6732,9.6832,1
26.107,13,-29,1518,1491,0.29,-0.01,2.7880,6.6732,9.6832,1
26.124,16,-29,1519,1491,0.29,-0.01,2.7880,6.6732,9.6832,1
26.142,18,-28,1514,1495,0.29,-0.01,2.9987,5.0091,9.0143,1
26.159,21,-28,1520,1492,0.29,-0.01,2.9987,5.0091,9.0143,1
26.176,23,-27,1514,1495,0.29,-0.01,2.9987,5.0091,9.0143,1
26.194,26,-27,1520,1492,0.29,-0.01,2.9987,5.0091,9.0143,1
26.211,30,-27,1527,1492,0.29,-0.01,2.9987,5.0091,9.0143,1
26.231,33,-27,1520,1492,0.29,-0.01,2.9987,5.0091,9.0143,1
26.248,33,-27,1504,1492,0.29,-0.01,2.9987,5.0091,9.0143,1
26.266,37,-27,1527,1492,0.29,-0.01,2.9987,5.0091,9.0143,1
26.284,39,-26,1517,1495,0.29,-0.01,2.9987,5.0091,9.0143,1
26.301,41,-27,1517,1489,0.29,-0.01,2.9987,5.0091,9.0143,1
26.318,43,-27,1517,1492,0.29,-0.01,2.9987,5.0091,9.0143,1
26.336,45,-27,1518,1492,0.16,0.18,2.9987,5.0091,9.0143,1
26.353,45,-27,1506,1492,0.16,0.18,2.9987,5.0091,9.0143,1
26.371,51,-27,1541,1492,0.16,0.18,2.9987,5.0091,9.0143,1
26.389,51,-27,1507,1492,0.16,0.18,2.5530,5.0969,4.7435,1
26.407,57,-28,1543,1489,0.16,0.18,2.5530,5.0969,4.7435,1
26.425,61,-27,1531,1495,0.16,0.18,2.5530,5.0969,4.7435,0
26.442,64,-27,1525,1492,0.16,0.18,2.5530,5.0969,4.7435,0
26.463,67,-26,1524,1495,0.16,0.18,2.5530,5.0969,4.7435,0
26.481,70,-26,1528,1492,0.16,0.18,2.5530,5.0969,4.7435,0
26.498,75,-26,1540,1492,0.16,0.18,2.5530,5.0969,4.7435,0
26.516,77,-26,1522,1492,0.16,0.18,2.5530,5.0969,4.7435,0
26.533,79,-26,1523,1492,0.16,0.18,2.5530,5.0969,4.7435,0
26.550,81,-26,1523,1492,0.16,0.18,2.5530,5.0969,4.7435,0
26.568,84,-27,1529,1489,0.16,0.18,2.5530,5.0969,4.7435,0
26.585,86,-27,1524,1492,0.14,0.21,2.5530,5.0969,4.7435,0
26.602,88,-28,1524,1489,0.14,0.21,2.5530,5.0969,4.7435,0
26.619,90,-27,1525,1495,0.14,0.21,2.5530,5.0969,4.7435,0
26.636,90,-27,1513,1492,0.14,0.21,2.8569,4.2556,6.9409,0
26.656,91,-27,1519,1492,0.14,0.21,2.8569,4.2556,6.9409,0
26.674,94,-27,1530,1492,0.14,0.21,2.8569,4.2556,6.9409,0
26.691,94,-27,1514,1492,0.14,0.21,2.8569,4.2556,6.9409,0
26.710,97,-27,1530,1492,0.14,0.21,2.8569,4.2556,6.9409,0
26.728,98,-28,1520,1489,0.14,0.21,2.8569,4.2556,6.9409,0
26.745,100,-28,1526,1492,0.14,0.21,2.8569,4.2556,6.9409,0
26.762,101,-26,1521,1498,0.14,0.21,2.8569,4.2556,6.9409,0
26.779,102,-28,1521,1486,0.14,0.21,2.8569,4.2556,6.9409,0
26.797,104,-27,1527,1495,0.14,0.21,2.8569,4.2556,6.9409,0
26.814,105,-27,1521,1492,0.14,0.21,2.8569,4.2556,6.9409,0
26.831,105,-27,1515,1492,0.35,0.35,2.8569,4.2556,6.9409,0
26.849,106,-27,1521,1492,0.35,0.35,2.8569,4.2556,6.9409,0
26.866,106,-27,1515,1492,0.35,0.35,2.8569,4.2556,6.9409,0
26.884,105,-27,1510,1492,0.35,0.35,2.8569,4.2556,6.9409,0
26.904,106,-27,1521,1492,0.35,0.35,2.9572,4.6733,6.4532,0
26.922,105,-29,1510,1486,0.35,0.35,2.9572,4.6733,6.4532,0
26.940,103,-29,1503,1491,0.35,0.35,2.9572,4.6733,6.4532,0
26.957,103,-28,1515,1494,0.35,0.35,2.9572,4.6733,6.4532,0
26.978,101,-29,1515,1489,0.35,0.35,2.9572,4.6733,6.4532,0
26.995,100,-28,1500,1494,0.35,0.35,2.9572,4.6733,6.4532,0
27.014,98,-28,1504,1492,0.35,0.35,2.9572,4.6733,6.4532,0
27.032,97,-29,1508,1489,0.35,0.35,2.9572,4.6733,6.4532,0
27.049,96,-29,1508,1491,0.35,0.35,2.9572,4.6733,6.4532,0
27.067,95,-29,1508,1491,0.35,0.35,2.9572,4.6733,6.4532,0
27.084,95,-29,1514,1491,0.58,-0.69,2.9572,4.6733,6.4532,0
27.102,94,-29,1508,1491,0.58,-0.69,2.9572,4.6733,6.4532,0
27.119,91,-30,1497,1488,0.58,-0.69,2.9572,4.6733,6.4532,0
27.136,89,-30,1501,1491,0.58,-0.69,2.9572,4.6733,6.4532,0
27.156,84,-30,1484,1491,0.58,-0.69,2.9914,5.0342,9.5069,0
27.173,83,-31,1507,1488,0.58,-0.69,2.9914,5.0342,9.5069,0
27.191,80,-30,1495,1494,0.58,-0.69,2.9914,5.0342,9.5069,0
27.212,76,-30,1501,1491,0.58,-0.69,2.9914,5.0342,9.5069,0
27.230,76,-30,1501,1491,0.58,-0.69,2.9914,5.0342,9.5069,0
27.248,74,-30,1500,1491,0.58,-0.69,2.9914,5.0342,9.5069,0
27.267,68,-30,1479,1491,0.58,-0.69,2.9914,5.0342,9.5069,0
27.284,66,-31,1499,1488,0.58,-0.69,2.9914,5.0342,9.5069,0
27.302,63,-31,1493,1491,0.58,-0.69,2.9914,5.0342,9.5069,0
27.319,61,-30,1498,1494,0.58,-0.69,2.9914,5.0342,9.5069,0
27.336,59,-30,1498,1491,1.02,-1.26,2.9914,5.0342,9.5069,1
27.354,57,-31,1498,1488,1.02,-1.26,2.9914,5.0342,9.5069,0
27.372,56,-31,1502,1491,1.02,-1.26,2.9914,5.0342,9.5069,0
27.389,55,-32,1502,1488,1.02,-1.26,2.5824,5.9262,7.0394,0
27.406,54,-32,1502,1490,1.02,-1.26,2.5824,5.9262,7.0394,0
27.423,53,-33,1502,1487,1.02,-1.26,2.5824,5.9262,7.0394,0
27.441,52,-33,1502,1490,1.02,-1.26,2.5824,5.9262,7.0394,0
27.458,51,-32,1502,1493,1.02,-1.26,2.5824,5.9262,7.0394,0
27.475,51,-32,1507,1490,1.02,-1.26,2.5824,5.9262,7.0394,0
27.493,51,-31,1507,1494,1.02,-1.26,2.5824,5.9262,7.0394,0
27.511,51,-31,1507,1491,1.02,-1.26,2.5824,5.9262,7.0394,0
27.529,51,-31,1507,1491,1.02,-1.26,2.5824,5.9262,7.0394,0
27.546,53,-32,1519,1488,1.02,-1.26,2.5824,5.9262,7.0394,0
27.564,53,-32,1508,1490,1.02,-1.26,2.5824,5.9262,7.0394,0
27.584,53,-31,1508,1494,0.31,-1.05,2.5824,5.9262,7.0394,0
27.603,54,-32,1513,1488,0.31,-1.05,2.5824,5.9262,7.0394,0
27.620,54,-32,1508,1490,0.31,-1.05,2.5824,5.9262,7.0394,0
27.638,54,-32,1508,1490,0.31,-1.05,3.0187,4.8422,8.3268,0
27.656,54,-31,1508,1494,0.31,-1.05,3.0187,4.8422,8.3268,0
27.673,54,-31,1508,1491,0.31,-1.05,3.0187,4.8422,8.3268,0
27.690,55,-31,1514,1491,0.31,-1.05,3.0187,4.8422,8.3268,0
27.708,55,-31,1508,1491,0.31,-1.05,3.0187,4.8422,8.3268,0
27.725,56,-31,1514,1491,0.31,-1.05,3.0187,4.8422,8.3268,0
27.742,56,-31,1508,1491,0.31,-1.05,3.0187,4.8422,8.3268,0
27.760,56,-31,1508,1491,0.31,-1.05,3.0187,4.8422,8.3268,0
27.779,56,-31,1508,1491,0.31,-1.05,3.0187,4.8422,8.3268,0
27.796,56,-31,1508,1491,0.31,-1.05,3.0187,4.8422,8.3268,0
27.814,56,-31,1508,1491,0.31,-1.05,3.0187,4.8422,8.3268,0
27.832,55,-31,1502,1491,0.10,-0.60,3.0187,4.8422,8.3268,0
27.851,55,-31,1508,1491,0.10,-0.60,3.0187,4.8422,8.3268,0
27.870,55,-32,1508,1488,0.10,-0.60,3.0187,4.8422,8.3268,0
27.889,54,-32,1502,1490,0.10,-0.60,2.7868,4.7308,4.6012,0
27.906,54,-32,1508,1490,0.10,-0.60,2.7868,4.7308,4.6012,0
27.925,53,-32,1502,1490,0.10,-0.60,2.7868,4.7308,4.6012,0
27.942,52,-32,1502,1490,0.10,-0.60,2.7868,4.7308,4.6012,0
27.960,51,-33,1502,1487,0.10,-0.60,2.7868,4.7308,4.6012,0
27.978,47,-32,1486,1493,0.10,-0.60,2.7868,4.7308,4.6012,0
27.996,45,-32,1496,1490,0.10,-0.60,2.7868,4.7308,4.6012,0
28.014,43,-33,1496,1487,0.10,-0.60,2.7868,4.7308,4.6012,0
28.031,41,-33,1495,1490,0.10,-0.60,2.7868,4.7308,4.6012,0
28.048,38,-33,1489,1490,0.10,-0.60,2.7868,4.7308,4.6012,0
28.065,35,-34,1488,1487,0.10,-0.60,2.7868,4.7308,4.6012,0
28.083,33,-34,1494,1490,0.22,-1.06,2.7868,4.7308,4.6012,0
28.100,29,-34,1482,1490,0.22,-1.06,2.7868,4.7308,4.6012,0
28.117,26,-33,1487,1493,0.22,-1.06,2.7868,4.7308,4.6012,0
28.136,26,-33,1504,1490,0.22,-1.06,3.0509,3.8386,8.3514,0
28.154,23,-33,1486,1490,0.22,-1.06,3.0509,3.8386,8.3514,0
28.172,20,-33,1487,1490,0.22,-1.06,3.0509,3.8386,8.3514,0
28.190,17,-32,1487,1493,0.22,-1.06,3.0509,3.8386,8.3514,0
28.208,12,-33,1474,1487,0.22,-1.06,3.0509,3.8386,8.3514,0
28.226,9,-33,1486,1490,0.22,-1.06,3.0509,3.8386,8.3514,0
28.243,7,-33,1490,1490,0.22,-1.06,3.0509,3.8386,8.3514,0
28.261,5,-33,1490,1490,0.22,-1.06,3.0509,3.8386,8.3514,0
28.279,0,-34,1473,1487,0.22,-1.06,3.0509,3.8386,8.3514,0
28.297,-1,-34,1495,1490,0.22,-1.06,3.0509,3.8386,8.3514,0
28.316,-3,-34,1489,1490,0.22,-1.06,3.0509,3.8386,8.3514,0
28.337,-5,-34,1500,1490,-0.59,-1.31,3.0509,3.8386,8.3514,0
28.355,-7,-34,1480,1490,-0.59,-1.31,3.0509,3.8386,8.3514,0
28.374,-9,-35,1488,1487,-0.59,-1.31,3.0509,3.8386,8.3514,0
28.395,-11,-34,1489,1492,-0.59,-1.31,2.8117,4.5631,7.4415,0
28.413,-13,-33,1487,1493,-0.59,-1.31,2.8117,4.5631,7.4415,0
28.431,-16,-33,1482,1490,-0.59,-1.31,2.8117,4.5631,7.4415,0
28.449,-18,-33,1487,1490,-0.59,-1.31,2.8117,4.5631,7.4415,0
28.466,-20,-33,1486,1490,-0.59,-1.31,2.8117,4.5631,7.4415,0
28.483,-22,-33,1486,1490,-0.59,-1.31,2.8117,4.5631,7.4415,0
28.501,-24,-33,1486,1490,-0.59,-1.31,2.8117,4.5631,7.4415,0
28.519,-25,-33,1491,1490,-0.59,-1.31,2.8117,4.5631,7.4415,0
28.538,-27,-33,1486,1490,-0.59,-1.31,2.8117,4.5631,7.4415,0
28.556,-29,-33,1485,1490,-0.59,-1.31,2.8117,4.5631,7.4415,0
28.574,-31,-33,1485,1490,-1.15,-1.06,2.8117,4.5631,7.4415,0
28.592,-33,-33,1485,1490,-1.15,-1.06,2.8117,4.5631,7.4415,0
28.610,-35,-33,1484,1490,-1.15,-1.06,2.8117,4.5631,7.4415,0
28.628,-37,-34,1484,1487,-1.15,-1.06,2.8117,4.5631,7.4415,0
28.646,-39,-33,1483,1493,-1.15,-1.06,2.6167,4.8779,5.8212,0
28.664,-43,-34,1473,1487,-1.15,-1.06,2.6167,4.8779,5.8212,0
28.682,-45,-34,1482,1490,-1.15,-1.06,2.6167,4.8779,5.8212,0
28.700,-47,-33,1482,1493,-1.15,-1.06,2.6167,4.8779,5.8212,0
28.718,-49,-33,1482,1490,-1.15,-1.06,2.6167,4.8779,5.8212,0
28.735,-50,-33,1487,1490,-1.15,-1.06,2.6167,4.8779,5.8212,0
28.752,-52,-33,1481,1490,-1.15,-1.06,2.6167,4.8779,5.8212,0
28.769,-53,-33,1487,1490,-1.15,-1.06,2.6167,4.8779,5.8212,0
28.786,-55,-33,1481,1490,-1.15,-1.06,2.6167,4.8779,5.8212,0
28.803,-56,-34,1486,1487,-1.15,-1.06,2.6167,4.8779,5.8212,0
28.822,-58,-34,1481,1490,-1.29,-0.69,2.6167,4.8779,5.8212,0
28.839,-59,-34,1486,1490,-1.29,-0.69,2.6167,4.8779,5.8212,0
28.857,-59,-34,1492,1490,-1.29,-0.69,2.6167,4.8779,5.8212,0
28.875,-60,-34,1486,1490,-1.29,-0.69,2.6167,4.8779,5.8212,0
28.892,-63,-33,1474,1493,-1.29,-0.69,2.8681,5.0237,8.7678,0
28.909,-63,-32,1491,1493,-1.29,-0.69,2.8681,5.0237,8.7678,0
28.927,-64,-32,1485,1490,-1.29,-0.69,2.8681,5.0237,8.7678,0
28.945,-66,-34,1479,1484,-1.29,-0.69,2.8681,5.0237,8.7678,0
28.964,-67,-34,1485,1490,-1.29,-0.69,2.8681,5.0237,8.7678,0
28.982,-68,-34,1485,1490,-1.29,-0.69,2.8681,5.0237,8.7678,0
29.000,-69,-33,1484,1493,-1.29,-0.69,2.8681,5.0237,8.7678,0
29.018,-70,-33,1484,1490,-1.29,-0.69,2.8681,5.0237,8.7678,0
29.035,-70,-33,1490,1490,-1.29,-0.69,2.8681,5.0237,8.7678,0
29.053,-71,-33,1484,1490,-1.29,-0.69,2.8681,5.0237,8.7678,0
29.070,-72,-34,1484,1487,-1.29,-0.69,2.8681,5.0237,8.7678,0
29.087,-72,-34,1490,1490,-1.11,-1.25,2.8681,5.0237,8.7678,0
29.104,-73,-34,1484,1490,-1.11,-1.25,2.8681,5.0237,8.7678,0
29.123,-74,-33,1484,1493,-1.11,-1.25,2.8681,5.0237,8.7678,0
29.141,-75,-33,1484,1490,-1.11,-1.25,3.0115,6.5565,9.6231,0
29.159,-75,-32,1489,1493,-1.11,-1.25,3.0115,6.5565,9.6231,0
29.176,-76,-32,1483,1490,-1.11,-1.25,3.0115,6.5565,9.6231,0
29.194,-77,-32,1483,1490,-1.11,-1.25,3.0115,6.5565,9.6231,0
29.211,-77,-33,1489,1487,-1.11,-1.25,3.0115,6.5565,9.6231,0
29.229,-78,-33,1483,1490,-1.11,-1.25,3.0115,6.5565,9.6231,0
29.247,-78,-32,1489,1493,-1.11,-1.25,3.0115,6.5565,9.6231,0
29.265,-78,-31,1489,1494,-1.11,-1.25,3.0115,6.5565,9.6231,0
29.283,-78,-31,1489,1491,-1.11,-1.25,3.0115,6.5565,9.6231,0
29.301,-78,-32,1489,1488,-1.11,-1.25,3.0115,6.5565,9.6231,0
29.318,-77,-33,1495,1487,-1.11,-1.25,3.0115,6.5565,9.6231,0
29.335,-77,-32,1489,1493,-1.19,-0.66,3.0115,6.5565,9.6231,0
29.353,-77,-31,1489,1494,-1.19,-0.66,3.0115,6.5565,9.6231,0
29.372,-77,-31,1489,1491,-1.19,-0.66,3.0115,6.5565,9.6231,0
29.389,-76,-31,1495,1491,-1.19,-0.66,2.8810,6.6650,8.8703,0
29.410,-75,-31,1494,1491,-1.19,-0.66,2.8810,6.6650,8.8703,0
29.431,-74,-31,1494,1491,-1.19,-0.66,2.8810,6.6650,8.8703,0
29.449,-74,-31,1489,1491,-1.19,-0.66,2.8810,6.6650,8.8703,0
29.466,-73,-31,1495,1491,-1.19,-0.66,2.8810,6.6650,8.8703,0
29.483,-73,-30,1489,1494,-1.19,-0.66,2.8810,6.6650,8.8703,0
29.501,-72,-31,1495,1488,-1.19,-0.66,2.8810,6.6650,8.8703,0
29.518,-71,-31,1496,1491,-1.19,-0.66,2.8810,6.6650,8.8703,0
29.535,-71,-32,1490,1488,-1.19,-0.66,2.8810,6.6650,8.8703,0
29.552,-71,-31,1490,1494,-1.19,-0.66,2.8810,6.6650,8.8703,0
29.570,-70,-31,1496,1491,-1.15,-0.36,2.8810,6.6650,8.8703,0
29.587,-69,-30,1496,1494,-1.15,-0.36,2.8810,6.6650,8.8703,0
29.605,-68,-30,1496,1491,-1.15,-0.36,2.8810,6.6650,8.8703,0
29.623,-67,-30,1496,1491,-1.15,-0.36,2.8810,6.6650,8.8703,0
29.640,-67,-30,1490,1491,-1.15,-0.36,2.7358,6.1091,8.0145,0
29.658,-67,-30,1490,1491,-1.15,-0.36,2.7358,6.1091,8.0145,0
29.675,-66,-30,1496,1491,-1.15,-0.36,2.7358,6.1091,8.0145,0
29.696,-65,-30,1495,1491,-1.15,-0.36,2.7358,6.1091,8.0145,0
29.715,-65,-30,1491,1491,-1.15,-0.36,2.7358,6.1091,8.0145,0
29.733,-65,-29,1491,1494,-1.15,-0.36,2.7358,6.1091,8.0145,0
29.751,-64,-29,1496,1491,-1.15,-0.36,2.7358,6.1091,8.0145,0
29.769,-64,-29,1491,1491,-1.15,-0.36,2.7358,6.1091,8.0145,0
29.786,-63,-29,1497,1491,-1.15,-0.36,2.7358,6.1091,8.0145,0
29.803,-62,-29,1497,1491,-1.15,-0.36,2.7358,6.1091,8.0145,0
29.820,-60,-29,1502,1491,-1.06,-0.32,2.7358,6.1091,8.0145,1
29.838,-59,-29,1497,1491,-1.06,-0.32,2.7358,6.1091,8.0145,1
29.855,-57,-29,1502,1491,-1.06,-0.32,2.7358,6.1091,8.0145,1
29.873,-56,-29,1498,1491,-1.06,-0.32,2.7358,6.1091,8.0145,1
29.890,-55,-29,1498,1491,-1.06,-0.32,2.7896,6.0633,8.2212,1
29.907,-53,-29,1503,1491,-1.06,-0.32,2.7896,6.0633,8.2212,1
29.924,-50,-29,1509,1491,-1.06,-0.32,2.7896,6.0633,8.2212,1
29.943,-46,-29,1514,1491,-1.06,-0.32,2.7896,6.0633,8.2212,1
29.960,-46,-29,1494,1491,-1.06,-0.32,2.7896,6.0633,8.2212,1
29.978,-42,-29,1516,1491,-1.06,-0.32,2.7896,6.0633,8.2212,1
29.995,-39,-28,1511,1495,-1.06,-0.32,2.7896,6.0633,8.2212,1
30.013,-37,-28,1505,1492,-1.06,-0.32,2.7896,6.0633,8.2212,1
30.031,-34,-29,1511,1489,-1.06,-0.32,2.7896,6.0633,8.2212,1
30.048,-31,-28,1512,1495,-1.06,-0.32,2.7896,6.0633,8.2212,1
30.066,-27,-28,1518,1492,-1.06,-0.32,2.7896,6.0633,8.2212,1
30.084,-27,-28,1496,1492,-1.39,-0.31,2.7896,6.0633,8.2212,1
30.104,-20,-28,1531,1492,-1.39,-0.31,2.7896,6.0633,8.2212,1
30.121,-16,-28,1520,1492,-1.39,-0.31,2.7896,6.0633,8.2212,1
30.138,-12,-28,1521,1492,-1.39,-0.31,2.8380,6.2446,9.4081,1
30.155,-8,-27,1521,1495,-1.39,-0.31,2.8380,6.2446,9.4081,1
30.173,-3,-28,1527,1489,-1.39,-0.31,2.8380,6.2446,9.4081,1
30.190,1,-28,1523,1492,-1.39,-0.31,2.8380,6.2446,9.4081,1
30.208,10,-29,1552,1489,-1.39,-0.31,2.8380,6.2446,9.4081,1
30.226,14,-29,1524,1491,-1.39,-0.31,2.8380,6.2446,9.4081,1
30.243,17,-30,1519,1488,-1.39,-0.31,2.8380,6.2446,9.4081,1
30.262,22,-30,1530,1491,-1.39,-0.31,2.8380,6.2446,9.4081,1
30.279,26,-30,1526,1491,-1.39,-0.31,2.8380,6.2446,9.4081,1
30.296,29,-30,1521,1491,-1.39,-0.31,2.8380,6.2446,9.4081,1
30.315,33,-30,1526,1491,-1.39,-0.31,2.8380,6.2446,9.4081,1
30.332,0,0,1500,1500,-0.76,-0.17,2.8380,6.2446,9.4081,0
30.349,40,-30,1548,1491,-0.76,-0.17,2.8380,6.2446,9.4081,1
30.367,43,-30,1523,1491,-0.76,-0.17,2.8380,6.2446,9.4081,1
30.384,45,-30,1518,1491,-0.76,-0.17,2.6710,4.6835,9.1468,1
30.405,47,-29,1516,1494,-0.76,-0.17,2.6710,4.6835,9.1468,1
30.424,53,-29,1540,1492,-0.76,-0.17,2.6710,4.6835,9.1468,1
30.441,53,-29,1507,1492,-0.76,-0.17,2.6710,4.6835,9.1468,1
30.464,58,-28,1531,1494,-0.76,-0.17,2.6710,4.6835,9.1468,1
30.481,61,-27,1526,1495,-0.76,-0.17,2.6710,4.6835,9.1468,0
30.499,64,-27,1526,1492,-0.76,-0.17,2.6710,4.6835,9.1468,0
30.516,67,-27,1527,1492,-0.76,-0.17,2.6710,4.6835,9.1468,0
30.533,70,-27,1527,1492,-0.76,-0.17,2.6710,4.6835,9.1468,0
30.550,74,-27,1534,1492,-0.76,-0.17,2.6710,4.6835,9.1468,0
30.567,77,-27,1529,1492,0.41,0.32,2.6710,4.6835,9.1468,0
30.585,81,-26,1535,1495,0.41,0.32,2.6710,4.6835,9.1468,0
30.605,85,-27,1532,1490,0.41,0.32,2.6710,4.6835,9.1468,0
30.622,89,-26,1536,1495,0.41,0.32,2.6710,4.6835,9.1468,0
30.642,93,-26,1536,1493,0.41,0.32,2.6549,5.2326,4.7735,0
30.661,97,-26,1533,1493,0.41,0.32,2.6549,5.2326,4.7735,0
30.678,101,-26,1538,1493,0.41,0.32,2.6549,5.2326,4.7735,0
30.695,106,-26,1544,1493,0.41,0.32,2.6549,5.2326,4.7735,0
30.713,114,-26,1562,1492,0.41,0.32,2.6549,5.2326,4.7735,0
30.730,118,-27,1540,1489,0.41,0.32,2.6549,5.2326,4.7735,0
30.748,121,-26,1535,1495,0.41,0.32,2.6549,5.2326,4.7735,0
30.766,125,-26,1541,1492,0.41,0.32,2.6549,5.2326,4.7735,0
30.783,128,-26,1536,1492,0.41,0.32,2.6549,5.2326,4.7735,0
30.800,131,-25,1537,1496,0.41,0.32,2.6549,5.2326,4.7735,0
30.817,134,-26,1537,1490,1.08,0.57,2.6549,5.2326,4.7735,0
30.835,137,-26,1537,1492,1.08,0.57,2.6549,5.2326,4.7735,0
30.853,139,-25,1531,1495,1.08,0.57,2.6549,5.2326,4.7735,0
30.870,141,-25,1533,1493,1.08,0.57,2.6549,5.2326,4.7735,0
30.887,144,-25,1539,1493,1.08,0.57,3.2068,4.1438,6.0299,0
30.904,145,-25,1527,1493,1.08,0.57,3.2068,4.1438,6.0299,0
30.922,146,-25,1527,1493,1.08,0.57,3.2068,4.1438,6.0299,0
30.942,147,-25,1527,1493,1.08,0.57,3.2068,4.1438,6.0299,0
30.959,148,-26,1527,1490,1.08,0.57,3.2068,4.1438,6.0299,0
30.977,148,-25,1522,1495,1.08,0.57,3.2068,4.1438,6.0299,0
30.994,148,-25,1522,1493,1.08,0.57,3.2068,4.1438,6.0299,0
31.012,148,-26,1522,1489,1.08,0.57,3.2068,4.1438,6.0299,0
31.029,148,-25,1522,1496,1.08,0.57,3.2068,4.1438,6.0299,0
31.046,148,-25,1522,1493,1.08,0.57,3.2068,4.1438,6.0299,0
31.063,148,-25,1522,1493,1.08,0.57,3.2068,4.1438,6.0299,0
31.080,148,-25,1522,1493,0.98,-0.20,3.2068,4.1438,6.0299,0
31.098,148,-26,1522,1489,0.98,-0.20,3.2068,4.1438,6.0299,0
31.117,148,-26,1522,1492,0.98,-0.20,3.2068,4.1438,6.0299,0
31.135,148,-26,1522,1492,0.98,-0.20,3.2493,3.8452,7.4693,0
31.152,148,-25,1522,1495,0.98,-0.20,3.2493,3.8452,7.4693,0
31.170,147,-25,1516,1493,0.98,-0.20,3.2493,3.8452,7.4693,0
31.187,147,-26,1522,1489,0.98,-0.20,3.2493,3.8452,7.4693,0
31.206,147,-26,1522,1492,0.98,-0.20,3.2493,3.8452,7.4693,0
31.224,147,-26,1522,1492,0.98,-0.20,3.2493,3.8452,7.4693,0
31.241,146,-26,1516,1492,0.98,-0.20,3.2493,3.8452,7.4693,0
31.259,145,-26,1516,1492,0.98,-0.20,3.2493,3.8452,7.4693,0
31.277,145,-26,1521,1492,0.98,-0.20,3.2493,3.8452,7.4693,0
31.296,143,-26,1510,1492,0.98,-0.20,3.2493,3.8452,7.4693,0
31.313,142,-26,1515,1492,0.98,-0.20,3.2493,3.8452,7.4693,0
31.331,141,-25,1515,1495,0.45,0.23,3.2493,3.8452,7.4693,0
31.349,141,-26,1521,1490,0.45,0.23,3.2493,3.8452,7.4693,0
31.367,140,-25,1515,1495,0.45,0.23,3.2493,3.8452,7.4693,0
31.386,140,-26,1521,1489,0.45,0.23,3.0837,4.3721,5.9286,0
31.403,139,-26,1515,1492,0.45,0.23,3.0837,4.3721,5.9286,0
31.421,139,-26,1520,1492,0.45,0.23,3.0837,4.3721,5.9286,0
31.438,139,-26,1520,1492,0.45,0.23,3.0837,4.3721,5.9286,0
31.455,139,-26,1520,1492,0.45,0.23,3.0837,4.3721,5.9286,0
31.473,139,-26,1520,1492,0.45,0.23,3.0837,4.3721,5.9286,0
31.493,138,-26,1515,1492,0.45,0.23,3.0837,4.3721,5.9286,0
31.510,138,-26,1520,1492,0.45,0.23,3.0837,4.3721,5.9286,0
31.528,138,-26,1520,1492,0.45,0.23,3.0837,4.3721,5.9286,0
31.545,137,-26,1514,1492,0.45,0.23,3.0837,4.3721,5.9286,0
31.564,136,-26,1515,1492,0.45,0.23,3.0837,4.3721,5.9286,0
31.581,136,-26,1520,1492,-0.21,-0.05,3.0837,4.3721,5.9286,0
31.599,134,-27,1508,1489,-0.21,-0.05,3.0837,4.3721,5.9286,0
31.616,133,-26,1514,1495,-0.21,-0.05,3.0837,4.3721,5.9286,0
31.634,131,-26,1508,1492,-0.21,-0.05,3.1655,4.0224,6.8859,0
31.651,130,-26,1513,1492,-0.21,-0.05,3.1655,4.0224,6.8859,0
31.669,129,-26,1513,1492,-0.21,-0.05,3.1655,4.0224,6.8859,0
31.686,128,-26,1513,1492,-0.21,-0.05,3.1655,4.0224,6.8859,0
31.704,127,-27,1513,1489,-0.21,-0.05,3.1655,4.0224,6.8859,0
31.722,125,-26,1507,1495,-0.21,-0.05,3.1655,4.0224,6.8859,0
31.740,124,-26,1513,1492,-0.21,-0.05,3.1655,4.0224,6.8859,0
31.757,120,-26,1496,1492,-0.21,-0.05,3.1655,4.0224,6.8859,0
31.776,119,-27,1512,1489,-0.21,-0.05,3.1655,4.0224,6.8859,0
31.793,117,-28,1506,1489,-0.21,-0.05,3.1655,4.0224,6.8859,0
31.810,117,-28,1517,1492,-0.21,-0.05,3.1655,4.0224,6.8859,0
31.829,114,-27,1500,1495,-0.61,-0.70,3.1655,4.0224,6.8859,0
31.846,112,-27,1505,1492,-0.61,-0.70,3.1655,4.0224,6.8859,0
31.863,112,-27,1516,1492,-0.61,-0.70,3.1655,4.0224,6.8859,0
31.882,110,-27,1505,1492,-0.61,-0.70,3.0872,4.1756,6.2782,0
31.900,108,-27,1504,1492,-0.61,-0.70,3.0872,4.1756,6.2782,0
31.919,105,-29,1500,1486,-0.61,-0.70,3.0872,4.1756,6.2782,0
31.937,103,-28,1505,1494,-0.61,-0.70,3.0872,4.1756,6.2782,0
31.956,101,-28,1504,1492,-0.61,-0.70,3.0872,4.1756,6.2782,0
31.974,97,-28,1494,1492,-0.61,-0.70,3.0872,4.1756,6.2782,0
31.991,95,-29,1503,1489,-0.61,-0.70,3.0872,4.1756,6.2782,0
32.009,93,-29,1502,1491,-0.61,-0.70,3.0872,4.1756,6.2782,0
32.026,91,-29,1502,1491,-0.61,-0.70,3.0872,4.1756,6.2782,0
32.043,89,-30,1501,1488,-0.61,-0.70,3.0872,4.1756,6.2782,0
32.060,89,-30,1513,1491,-0.61,-0.70,3.0872,4.1756,6.2782,0
32.078,87,-31,1501,1488,-0.70,-1.73,3.0872,4.1756,6.2782,0
32.096,86,-31,1507,1491,-0.70,-1.73,3.0872,4.1756,6.2782,0
32.114,84,-31,1513,1491,-0.70,-1.73,3.0872,4.1756,6.2782,0
32.132,83,-31,1496,1491,-0.70,-1.73,3.0619,4.2376,7.6617,0
32.153,83,-31,1512,1491,-0.70,-1.73,3.0619,4.2376,7.6617,0
32.172,82,-30,1506,1494,-0.70,-1.73,3.0619,4.2376,7.6617,0
32.189,82,-30,1512,1491,-0.70,-1.73,3.0619,4.2376,7.6617,0
32.207,81,-31,1506,1488,-0.70,-1.73,3.0619,4.2376,7.6617,0
32.224,80,-31,1506,1491,-0.70,-1.73,3.0619,4.2376,7.6617,0
32.242,80,-32,1512,1488,-0.70,-1.73,3.0619,4.2376,7.6617,0
32.259,80,-33,1512,1487,-0.70,-1.73,3.0619,4.2376,7.6617,0
32.276,80,-33,1512,1490,-0.70,-1.73,3.0619,4.2376,7.6617,0
32.294,80,-33,1512,1490,-0.70,-1.73,3.0619,4.2376,7.6617,0
32.312,79,-33,1506,1490,-0.70,-1.73,3.0619,4.2376,7.6617,0
32.330,79,-33,1511,1490,-0.88,-1.64,3.0619,4.2376,7.6617,0
32.348,78,-32,1506,1493,-0.88,-1.64,3.0619,4.2376,7.6617,0
32.365,76,-31,1500,1494,-0.88,-1.64,3.0619,4.2376,7.6617,0
32.382,75,-31,1505,1491,-0.88,-1.64,2.6440,4.5832,7.2450,0
32.400,75,-31,1511,1491,-0.88,-1.64,2.6440,4.5832,7.2450,0
32.418,74,-32,1505,1488,-0.88,-1.64,2.6440,4.5832,7.2450,0
32.436,73,-31,1505,1494,-0.88,-1.64,2.6440,4.5832,7.2450,0
32.454,72,-31,1505,1491,-0.88,-1.64,2.6440,4.5832,7.2450,0
32.471,71,-31,1505,1491,-0.88,-1.64,2.6440,4.5832,7.2450,0
32.489,70,-31,1505,1491,-0.88,-1.64,2.6440,4.5832,7.2450,0
32.508,68,-31,1500,1491,-0.88,-1.64,2.6440,4.5832,7.2450,0
32.526,67,-31,1504,1491,-0.88,-1.64,2.6440,4.5832,7.2450,0
32.543,67,-32,1510,1488,-0.88,-1.64,2.6440,4.5832,7.2450,0
32.561,67,-31,1510,1494,-0.88,-1.64,2.6440,4.5832,7.2450,0
32.579,67,-32,1510,1488,-0.66,-1.58,2.6440,4.5832,7.2450,0
32.597,67,-32,1510,1490,-0.66,-1.58,2.6440,4.5832,7.2450,0
32.615,68,-32,1515,1490,-0.66,-1.58,2.6440,4.5832,7.2450,0
32.633,69,-32,1516,1490,-0.66,-1.58,2.5393,5.1687,4.5323,0
32.651,69,-32,1510,1490,-0.66,-1.58,2.5393,5.1687,4.5323,0
32.669,70,-33,1516,1487,-0.66,-1.58,2.5393,5.1687,4.5323,0
32.687,72,-32,1522,1493,-0.66,-1.58,2.5393,5.1687,4.5323,0
32.705,73,-32,1516,1490,-0.66,-1.58,2.5393,5.1687,4.5323,0
32.723,75,-31,1522,1494,-0.66,-1.58,2.5393,5.1687,4.5323,0
32.743,77,-31,1522,1491,-0.66,-1.58,2.5393,5.1687,4.5323,0
32.760,78,-32,1517,1488,-0.66,-1.58,2.5393,5.1687,4.5323,0
32.778,79,-31,1517,1494,-0.66,-1.58,2.5393,5.1687,4.5323,0
32.795,80,-31,1517,1491,-0.66,-1.58,2.5393,5.1687,4.5323,0
32.813,81,-31,1517,1491,-0.33,-1.02,2.5393,5.1687,4.5323,0
32.830,82,-31,1518,1491,-0.33,-1.02,2.5393,5.1687,4.5323,0
32.848,84,-31,1524,1491,-0.33,-1.02,2.5393,5.1687,4.5323,0
32.865,85,-31,1518,1491,-0.33,-1.02,2.5393,5.1687,4.5323,0
32.883,86,-31,1518,1491,-0.33,-1.02,3.1797,4.1013,8.1558,0
32.900,87,-31,1519,1491,-0.33,-1.02,3.1797,4.1013,8.1558,0
32.917,88,-31,1518,1491,-0.33,-1.02,3.1797,4.1013,8.1558,0
32.935,90,-32,1525,1488,-0.33,-1.02,3.1797,4.1013,8.1558,0
32.953,92,-32,1525,1490,-0.33,-1.02,3.1797,4.1013,8.1558,0
32.970,94,-31,1525,1494,-0.33,-1.02,3.1797,4.1013,8.1558,0
32.988,95,-31,1519,1491,-0.33,-1.02,3.1797,4.1013,8.1558,0
33.006,98,-30,1531,1494,-0.33,-1.02,3.1797,4.1013,8.1558,0
33.023,98,-30,1514,1491,-0.33,-1.02,3.1797,4.1013,8.1558,0
33.041,101,-30,1532,1491,-0.33,-1.02,3.1797,4.1013,8.1558,0
33.058,101,-30,1515,1491,-0.33,-1.02,3.1797,4.1013,8.1558,0
33.076,102,-30,1520,1491,0.51,-0.61,3.1797,4.1013,8.1558,0
33.095,102,-31,1515,1488,0.51,-0.61,3.1797,4.1013,8.1558,0
33.113,102,-31,1515,1491,0.51,-0.61,3.1797,4.1013,8.1558,0
33.130,101,-30,1509,1494,0.51,-0.61,2.8463,4.5349,6.1096,0
33.147,101,-30,1515,1491,0.51,-0.61,2.8463,4.5349,6.1096,0
33.166,100,-30,1509,1491,0.51,-0.61,2.8463,4.5349,6.1096,0
33.183,99,-31,1509,1488,0.51,-0.61,2.8463,4.5349,6.1096,0
33.201,97,-32,1503,1488,0.51,-0.61,2.8463,4.5349,6.1096,0
33.218,95,-32,1502,1490,0.51,-0.61,2.8463,4.5349,6.1096,0
33.235,91,-31,1491,1494,0.51,-0.61,2.8463,4.5349,6.1096,0
33.253,89,-31,1502,1491,0.51,-0.61,2.8463,4.5349,6.1096,0
33.270,87,-31,1501,1491,0.51,-0.61,2.8463,4.5349,6.1096,0
33.287,86,-31,1507,1491,0.51,-0.61,2.8463,4.5349,6.1096,0
33.304,85,-31,1506,1491,0.51,-0.61,2.8463,4.5349,6.1096,0
33.321,84,-32,1506,1488,0.73,-0.78,2.8463,4.5349,6.1096,0
33.339,83,-32,1506,1490,0.73,-0.78,2.8463,4.5349,6.1096,0
33.359,82,-31,1507,1493,0.73,-0.78,2.8463,4.5349,6.1096,0
33.377,82,-31,1512,1491,0.73,-0.78,3.0878,4.7919,9.3768,0
33.395,80,-30,1500,1494,0.73,-0.78,3.0878,4.7919,9.3768,0
33.412,80,-29,1512,1494,0.73,-0.78,3.0878,4.7919,9.3768,0
33.429,79,-30,1506,1488,0.73,-0.78,3.0878,4.7919,9.3768,0
33.447,78,-30,1505,1491,0.73,-0.78,3.0878,4.7919,9.3768,0
33.464,77,-32,1505,1485,0.73,-0.78,3.0878,4.7919,9.3768,0
33.481,76,-31,1505,1494,0.73,-0.78,3.0878,4.7919,9.3768,0
33.498,75,-31,1505,1491,0.73,-0.78,3.0878,4.7919,9.3768,0
33.515,74,-29,1505,1497,0.73,-0.78,3.0878,4.7919,9.3768,0
33.532,73,-29,1505,1491,0.73,-0.78,3.0878,4.7919,9.3768,0
33.550,71,-29,1500,1491,0.73,-0.78,3.0878,4.7919,9.3768,0
33.569,70,-29,1505,1491,0.49,-1.04,3.0878,4.7919,9.3768,0
33.591,69,-31,1505,1486,0.49,-1.04,3.0878,4.7919,9.3768,0
33.608,68,-30,1504,1494,0.49,-1.04,3.0878,4.7919,9.3768,0
33.627,65,-29,1494,1494,0.49,-1.04,3.0878,4.7919,9.3768,0
33.644,64,-28,1504,1495,0.49,-1.04,2.8911,6.0843,9.4008,0
33.662,63,-29,1503,1489,0.49,-1.04,2.8911,6.0843,9.4008,0
33.680,62,-29,1503,1491,0.49,-1.04,2.8911,6.0843,9.4008,0
33.697,61,-30,1503,1488,0.49,-1.04,2.8911,6.0843,9.4008,0
33.714,60,-29,1503,1494,0.49,-1.04,2.8911,6.0843,9.4008,1
33.731,59,-28,1503,1495,0.49,-1.04,2.8911,6.0843,9.4008,1
33.749,58,-28,1503,1492,0.49,-1.04,2.8911,6.0843,9.4008,1
33.766,57,-28,1502,1492,0.49,-1.04,2.8911,6.0843,9.4008,1
33.784,56,-30,1502,1485,0.49,-1.04,2.8911,6.0843,9.4008,1
33.801,54,-29,1497,1494,0.49,-1.04,2.8911,6.0843,9.4008,1
33.818,53,-29,1502,1491,0.28,-0.92,2.8911,6.0843,9.4008,1
33.836,52,-28,1502,1495,0.28,-0.92,2.8911,6.0843,9.4008,1
33.853,50,-27,1497,1495,0.28,-0.92,2.8911,6.0843,9.4008,1
33.870,49,-28,1501,1489,0.28,-0.92,2.8911,6.0843,9.4008,1
33.888,47,-29,1496,1489,0.28,-0.92,2.6328,6.6948,8.7128,1
33.906,46,-29,1501,1491,0.28,-0.92,2.6328,6.6948,8.7128,1
33.923,45,-27,1501,1498,0.28,-0.92,2.6328,6.6948,8.7128,1
33.941,42,-27,1490,1492,0.28,-0.92,2.6328,6.6948,8.7128,1
33.959,40,-28,1495,1489,0.28,-0.92,2.6328,6.6948,8.7128,1
33.976,39,-28,1500,1492,0.28,-0.92,2.6328,6.6948,8.7128,1
33.994,38,-28,1500,1492,0.28,-0.92,2.6328,6.6948,8.7128,1
34.012,37,-27,1500,1495,0.28,-0.92,2.6328,6.6948,8.7128,1
34.030,36,-27,1500,1492,0.28,-0.92,2.6328,6.6948,8.7128,1
34.048,34,-27,1495,1492,0.28,-0.92,2.6328,6.6948,8.7128,1
34.066,33,-28,1500,1489,0.19,0.18,2.6328,6.6948,8.7128,1
34.085,32,-26,1500,1498,0.19,0.18,2.6328,6.6948,8.7128,1
34.102,31,-26,1500,1492,0.19,0.18,2.6328,6.6948,8.7128,1
34.120,30,-26,1499,1492,0.19,0.18,2.6328,6.6948,8.7128,1
34.140,29,-27,1500,1489,0.19,0.18,2.8821,6.5992,8.5390,1
34.158,27,-26,1493,1495,0.19,0.18,2.8821,6.5992,8.5390,1
34.175,26,-26,1499,1492,0.19,0.18,2.8821,6.5992,8.5390,1
34.192,24,-26,1492,1492,0.19,0.18,2.8821,6.5992,8.5390,1
34.209,23,-27,1498,1489,0.19,0.18,2.8821,6.5992,8.5390,1
34.226,22,-26,1498,1495,0.19,0.18,2.8821,6.5992,8.5390,1
34.243,21,-25,1498,1496,0.19,0.18,2.8821,6.5992,8.5390,1
34.261,20,-25,1498,1493,0.19,0.18,2.8821,6.5992,8.5390,1
34.278,19,-26,1498,1489,0.19,0.18,2.8821,6.5992,8.5390,1
34.295,18,-25,1497,1496,0.19,0.18,2.8821,6.5992,8.5390,1
34.313,17,-25,1498,1493,-0.12,0.11,2.8821,6.5992,8.5390,1
34.330,15,-25,1491,1493,-0.12,0.11,2.8821,6.5992,8.5390,1
34.347,14,-26,1497,1489,-0.12,0.11,2.8821,6.5992,8.5390,1
34.364,12,-26,1491,1492,-0.12,0.11,2.8821,6.5992,8.5390,1
34.381,11,-27,1496,1489,-0.12,0.11,2.9476,6.1804,8.5118,1
34.399,8,-26,1485,1495,-0.12,0.11,2.9476,6.1804,8.5118,1
34.417,7,-26,1496,1492,-0.12,0.11,2.9476,6.1804,8.5118,1
34.435,5,-26,1490,1492,-0.12,0.11,2.9476,6.1804,8.5118,1
34.456,3,-26,1490,1492,-0.12,0.11,2.9476,6.1804,8.5118,1
34.474,-1,-27,1491,1490,-0.12,0.11,2.9476,6.1804,8.5118,1
34.491,-2,-25,1484,1498,-0.12,0.11,2.9476,6.1804,8.5118,1
34.509,-4,-26,1489,1490,-0.12,0.11,2.9476,6.1804,8.5118,1
34.527,-6,-26,1488,1492,-0.12,0.11,2.9476,6.1804,8.5118,1
34.545,-7,-26,1494,1492,-0.12,0.11,2.9476,6.1804,8.5118,1
34.562,-9,-26,1488,1492,-0.20,-0.16,2.9476,6.1804,8.5118,1
34.579,-10,-25,1493,1496,-0.20,-0.16,2.9476,6.1804,8.5118,1
34.596,-11,-25,1493,1493,-0.20,-0.16,2.9476,6.1804,8.5118,1
34.615,-12,-26,1493,1490,-0.20,-0.16,2.9476,6.1804,8.5118,1
34.633,-13,-27,1493,1489,-0.20,-0.16,2.7355,5.7918,8.3892,1
34.651,-13,-26,1499,1495,-0.20,-0.16,2.7355,5.7918,8.3892,1
34.668,-14,-27,1493,1489,-0.20,-0.16,2.7355,5.7918,8.3892,1
34.689,-16,-25,1493,1495,-0.20,-0.16,2.7355,5.7918,8.3892,1
34.707,-16,-25,1493,1495,-0.20,-0.16,2.7355,5.7918,8.3892,1
34.726,-17,-27,1493,1487,-0.20,-0.16,2.7355,5.7918,8.3892,1
34.743,-18,-27,1492,1492,-0.20,-0.16,2.7355,5.7918,8.3892,1
34.760,-18,-27,1498,1492,-0.20,-0.16,2.7355,5.7918,8.3892,1
34.778,-19,-26,1492,1495,-0.20,-0.16,2.7355,5.7918,8.3892,1
34.795,-19,-26,1498,1492,-0.20,-0.16,2.7355,5.7918,8.3892,1
34.812,-19,-25,1498,1496,-0.76,-0.56,2.7355,5.7918,8.3892,1
34.829,-19,-26,1498,1489,-0.76,-0.56,2.7355,5.7918,8.3892,1
34.847,-19,-27,1498,1489,-0.76,-0.56,2.7355,5.7918,8.3892,1
34.864,-19,-27,1498,1492,-0.76,-0.56,2.7355,5.7918,8.3892,1
34.881,-19,-26,1498,1495,-0.76,-0.56,2.8960,5.9855,9.1515,1
34.899,-19,-25,1498,1496,-0.76,-0.56,2.8960,5.9855,9.1515,1
34.916,-20,-25,1492,1493,-0.76,-0.56,2.8960,5.9855,9.1515,1
34.934,-20,-26,1498,1489,-0.76,-0.56,2.8960,5.9855,9.1515,1
34.952,-20,-27,1498,1489,-0.76,-0.56,2.8960,5.9855,9.1515,1
34.969,-21,-26,1492,1495,-0.76,-0.56,2.8960,5.9855,9.1515,1
34.986,-22,-26,1491,1492,-0.76,-0.56,2.8960,5.9855,9.1515,1
35.005,-22,-26,1497,1492,-0.76,-0.56,2.8960,5.9855,9.1515,1
35.023,-21,-26,1502,1492,-0.76,-0.56,2.8960,5.9855,9.1515,1
35.041,-20,-27,1502,1489,-0.76,-0.56,2.8960,5.9855,9.1515,1
35.059,-20,-27,1498,1492,-1.00,-1.06,2.8960,5.9855,9.1515,1
35.077,-16,-27,1518,1492,-1.00,-1.06,2.8960,5.9855,9.1515,1
35.096,-14,-27,1508,1492,-1.00,-1.06,2.8960,5.9855,9.1515,1
35.113,-12,-26,1509,1495,-1.00,-1.06,2.8960,5.9855,9.1515,1
35.130,-10,-26,1509,1492,-1.00,-1.06,2.7254,5.7727,8.2451,1
35.148,-8,-27,1510,1489,-1.00,-1.06,2.7254,5.7727,8.2451,1
35.165,-6,-28,1510,1489,-1.00,-1.06,2.7254,5.7727,8.2451,1
35.182,-3,-28,1517,1492,-1.00,-1.06,2.7254,5.7727,8.2451,1
35.199,-1,-28,1511,1492,-1.00,-1.06,2.7254,5.7727,8.2451,1
35.216,3,-28,1523,1492,-1.00,-1.06,2.7254,5.7727,8.2451,1
35.233,5,-27,1512,1495,-1.00,-1.06,2.7254,5.7727,8.2451,1
35.252,8,-27,1518,1492,-1.00,-1.06,2.7254,5.7727,8.2451,1
35.270,14,-26,1535,1495,-1.00,-1.06,2.7254,5.7727,8.2451,1
35.288,17,-26,1502,1492,-1.00,-1.06,2.7254,5.7727,8.2451,1
35.306,19,-26,1529,1492,-0.96,-0.55,2.7254,5.7727,8.2451,1
35.326,22,-26,1518,1492,-0.96,-0.55,2.7254,5.7727,8.2451,1
35.343,24,-27,1515,1489,-0.96,-0.55,2.7254,5.7727,8.2451,1
35.363,27,-27,1519,1492,-0.96,-0.55,2.7254,5.7727,8.2451,1
35.383,30,-27,1519,1492,-0.96,-0.55,3.1275,4.1878,8.4395,1
35.401,33,-26,1521,1495,-0.96,-0.55,3.1275,4.1878,8.4395,1
35.419,34,-27,1511,1489,-0.96,-0.55,3.1275,4.1878,8.4395,1
35.436,39,-26,1533,1495,-0.96,-0.55,3.1275,4.1878,8.4395,1
35.455,40,-26,1511,1492,-0.96,-0.55,3.1275,4.1878,8.4395,1
35.474,41,-26,1511,1492,-0.96,-0.55,3.1275,4.1878,8.4395,1
35.491,43,-27,1517,1489,-0.96,-0.55,3.1275,4.1878,8.4395,1
35.509,44,-27,1512,1492,-0.96,-0.55,3.1275,4.1878,8.4395,1
35.526,46,-27,1518,1492,-0.96,-0.55,3.1275,4.1878,8.4395,1
35.544,47,-27,1512,1492,-0.96,-0.55,3.1275,4.1878,8.4395,1
35.562,48,-27,1513,1492,-0.17,-0.47,3.1275,4.1878,8.4395,1
35.581,50,-27,1518,1492,-0.17,-0.47,3.1275,4.1878,8.4395,1
35.599,51,-27,1513,1492,-0.17,-0.47,3.1275,4.1878,8.4395,1
35.617,53,-27,1519,1492,-0.17,-0.47,2.8718,4.1576,6.8132,1
35.634,54,-27,1513,1492,-0.17,-0.47,2.8718,4.1576,6.8132,1
35.652,55,-27,1513,1492,-0.17,-0.47,2.8718,4.1576,6.8132,1
35.669,56,-27,1514,1492,-0.17,-0.47,2.8718,4.1576,6.8132,1
35.686,56,-27,1508,1492,-0.17,-0.47,2.8718,4.1576,6.8132,1
35.703,56,-27,1508,1492,-0.17,-0.47,2.8718,4.1576,6.8132,1
35.721,56,-26,1508,1495,-0.17,-0.47,2.8718,4.1576,6.8132,1
35.739,57,-27,1514,1489,-0.17,-0.47,2.8718,4.1576,6.8132,1
35.757,57,-26,1508,1495,-0.17,-0.47,2.8718,4.1576,6.8132,1
35.774,56,-27,1502,1489,-0.17,-0.47,2.8718,4.1576,6.8132,1
35.793,56,-27,1508,1492,-0.17,-0.47,2.8718,4.1576,6.8132,1
35.810,56,-27,1508,1492,0.37,-0.57,2.8718,4.1576,6.8132,1
35.831,56,-28,1508,1489,0.37,-0.57,2.8718,4.1576,6.8132,1
35.848,55,-27,1502,1495,0.37,-0.57,2.8718,4.1576,6.8132,1
35.866,55,-26,1508,1495,0.37,-0.57,2.8718,4.1576,6.8132,1
35.885,55,-26,1508,1492,0.37,-0.57,3.1534,3.8974,7.1636,1
35.902,56,-26,1514,1492,0.37,-0.57,3.1534,3.8974,7.1636,1
35.920,56,-26,1508,1492,0.37,-0.57,3.1534,3.8974,7.1636,1
35.938,56,-26,1508,1492,0.37,-0.57,3.1534,3.8974,7.1636,1
35.955,56,-27,1508,1489,0.37,-0.57,3.1534,3.8974,7.1636,1
35.972,56,-27,1508,1492,0.37,-0.57,3.1534,3.8974,7.1636,1
35.989,57,-27,1514,1492,0.37,-0.57,3.1534,3.8974,7.1636,1
36.006,57,-27,1508,1492,0.37,-0.57,3.1534,3.8974,7.1636,1
36.024,57,-28,1508,1489,0.37,-0.57,3.1534,3.8974,7.1636,1
36.041,56,-28,1502,1492,0.37,-0.57,3.1534,3.8974,7.1636,1
36.058,56,-26,1508,1498,0.41,-0.84,3.1534,3.8974,7.1636,1
36.076,56,-26,1508,1492,0.41,-0.84,3.1534,3.8974,7.1636,1
36.094,56,-26,1508,1492,0.41,-0.84,3.1534,3.8974,7.1636,1
36.112,56,-26,1508,1492,0.41,-0.84,3.1534,3.8974,7.1636,1
36.131,55,-26,1502,1492,0.41,-0.84,2.8070,4.1665,6.1624,1
36.148,53,-27,1498,1489,0.41,-0.84,2.8070,4.1665,6.1624,1
36.165,51,-27,1497,1492,0.41,-0.84,2.8070,4.1665,6.1624,1
36.183,49,-26,1497,1495,0.41,-0.84,2.8070,4.1665,6.1624,1
36.200,47,-26,1496,1492,0.41,-0.84,2.8070,4.1665,6.1624,1
36.218,43,-26,1485,1492,0.41,-0.84,2.8070,4.1665,6.1624,1
36.235,43,-26,1506,1492,0.41,-0.84,2.8070,4.1665,6.1624,1
36.253,41,-26,1495,1492,0.41,-0.84,2.8070,4.1665,6.1624,1
36.271,40,-26,1500,1492,0.41,-0.84,2.8070,4.1665,6.1624,1
36.288,38,-26,1495,1492,0.41,-0.84,2.8070,4.1665,6.1624,1
36.305,37,-26,1500,1492,0.41,-0.84,2.8070,4.1665,6.1624,1
36.325,36,-26,1500,1492,0.62,-1.52,2.8070,4.1665,6.1624,1
36.343,34,-27,1495,1489,0.62,-1.52,2.8070,4.1665,6.1624,1
36.360,33,-26,1500,1495,0.62,-1.52,2.8070,4.1665,6.1624,1
36.378,33,-26,1505,1492,0.62,-1.52,3.2296,3.9123,7.0043,1
36.395,32,-26,1500,1492,0.62,-1.52,3.2296,3.9123,7.0043,1
36.413,32,-26,1504,1492,0.62,-1.52,3.2296,3.9123,7.0043,1
36.430,31,-26,1500,1492,0.62,-1.52,3.2296,3.9123,7.0043,1
36.447,31,-26,1504,1492,0.62,-1.52,3.2296,3.9123,7.0043,1
36.468,30,-26,1500,1492,0.62,-1.52,3.2296,3.9123,7.0043,1
36.486,30,-26,1504,1492,0.62,-1.52,3.2296,3.9123,7.0043,1
36.503,29,-26,1499,1492,0.62,-1.52,3.2296,3.9123,7.0043,1
36.520,28,-26,1499,1492,0.62,-1.52,3.2296,3.9123,7.0043,1
36.538,27,-26,1499,1492,0.62,-1.52,3.2296,3.9123,7.0043,1
36.555,27,-26,1504,1492,-0.60,-0.94,3.2296,3.9123,7.0043,1
36.572,26,-26,1499,1492,-0.60,-0.94,3.2296,3.9123,7.0043,1
36.590,26,-26,1504,1492,-0.60,-0.94,3.2296,3.9123,7.0043,1
36.608,26,-26,1504,1492,-0.60,-0.94,3.2296,3.9123,7.0043,1
36.625,26,-25,1504,1495,-0.60,-0.94,3.5145,3.6507,6.4508,1
36.642,26,-26,1504,1489,-0.60,-0.94,3.5145,3.6507,6.4508,1
36.661,26,-25,1504,1495,-0.60,-0.94,3.5145,3.6507,6.4508,1
36.679,26,-26,1504,1489,-0.60,-0.94,3.5145,3.6507,6.4508,1
36.696,26,-25,1504,1495,-0.60,-0.94,3.5145,3.6507,6.4508,1
36.714,25,-25,1499,1493,-0.60,-0.94,3.5145,3.6507,6.4508,1
36.733,25,-25,1503,1493,-0.60,-0.94,3.5145,3.6507,6.4508,1
36.750,23,-26,1492,1489,-0.60,-0.94,3.5145,3.6507,6.4508,1
36.767,21,-25,1492,1495,-0.60,-0.94,3.5145,3.6507,6.4508,1
36.785,20,-25,1498,1493,-0.60,-0.94,3.5145,3.6507,6.4508,1
36.803,19,-26,1498,1489,-0.60,-0.94,3.5145,3.6507,6.4508,1
36.820,17,-27,1492,1489,-1.38,0.07,3.5145,3.6507,6.4508,1
36.838,15,-26,1492,1495,-1.38,0.07,3.5145,3.6507,6.4508,1
36.855,14,-26,1497,1492,-1.38,0.07,3.5145,3.6507,6.4508,1
36.873,11,-26,1485,1492,-1.38,0.07,3.5752,3.4644,6.8538,1
36.891,9,-26,1491,1492,-1.38,0.07,3.5752,3.4644,6.8538,1
36.908,6,-26,1484,1492,-1.38,0.07,3.5752,3.4644,6.8538,1
36.925,0,-26,1466,1492,-1.38,0.07,3.5752,3.4644,6.8538,1
36.942,-3,-26,1483,1492,-1.38,0.07,3.5752,3.4644,6.8538,1
36.959,-5,-26,1488,1492,-1.38,0.07,3.5752,3.4644,6.8538,1
36.977,-8,-25,1483,1495,-1.38,0.07,3.5752,3.4644,6.8538,1
36.994,-10,-26,1487,1489,-1.38,0.07,3.5752,3.4644,6.8538,1
37.012,-13,-26,1481,1492,-1.38,0.07,3.5752,3.4644,6.8538,1
37.031,-16,-26,1483,1492,-1.38,0.07,3.5752,3.4644,6.8538,1
37.049,-20,-26,1474,1492,-1.38,0.07,3.5752,3.4644,6.8538,1
37.069,-23,-26,1482,1492,-1.11,-0.63,3.5752,3.4644,6.8538,1
37.087,-27,-26,1474,1492,-1.11,-0.63,3.5752,3.4644,6.8538,1
37.104,-27,-26,1497,1492,-1.11,-0.63,3.5752,3.4644,6.8538,1
37.122,-30,-25,1479,1495,-1.11,-0.63,3.2582,4.0140,6.8866,1
37.141,-36,-26,1463,1490,-1.11,-0.63,3.2582,4.0140,6.8866,1
37.159,-39,-25,1478,1495,-1.11,-0.63,3.2582,4.0140,6.8866,1
37.177,-43,-26,1472,1490,-1.11,-0.63,3.2582,4.0140,6.8866,1
37.194,-46,-26,1476,1492,-1.11,-0.63,3.2582,4.0140,6.8866,1
37.211,-48,-26,1482,1492,-1.11,-0.63,3.2582,4.0140,6.8866,1
37.229,-50,-26,1481,1492,-1.11,-0.63,3.2582,4.0140,6.8866,1
37.246,-52,-26,1481,1492,-1.11,-0.63,3.2582,4.0140,6.8866,1
37.263,-54,-26,1481,1492,-1.11,-0.63,3.2582,4.0140,6.8866,1
37.280,-55,-25,1486,1496,-1.11,-0.63,3.2582,4.0140,6.8866,1
37.297,-56,-25,1486,1493,-1.11,-0.63,3.2582,4.0140,6.8866,1
37.314,-57,-25,1486,1493,-1.23,-1.64,3.2582,4.0140,6.8866,1
37.331,-58,-25,1486,1493,-1.23,-1.64,3.2582,4.0140,6.8866,1
37.349,-59,-25,1486,1493,-1.23,-1.64,3.2582,4.0140,6.8866,1
37.371,-60,-25,1487,1493,-1.23,-1.64,3.3215,3.7364,7.2856,1
37.388,-60,-25,1492,1493,-1.23,-1.64,3.3215,3.7364,7.2856,1
37.407,-60,-25,1492,1493,-1.23,-1.64,3.3215,3.7364,7.2856,1
37.424,-60,-25,1492,1493,-1.23,-1.64,3.3215,3.7364,7.2856,1
37.442,-60,-25,1491,1493,-1.23,-1.64,3.3215,3.7364,7.2856,1
37.461,-60,-24,1491,1496,-1.23,-1.64,3.3215,3.7364,7.2856,1
37.478,-61,-25,1486,1490,-1.23,-1.64,3.3215,3.7364,7.2856,0
37.495,-62,-24,1486,1496,-1.23,-1.64,3.3215,3.7364,7.2856,0
37.513,-63,-24,1485,1493,-1.23,-1.64,3.3215,3.7364,7.2856,0
37.530,-64,-24,1485,1493,-1.23,-1.64,3.3215,3.7364,7.2856,0
37.547,-66,-24,1479,1493,-1.23,-1.64,3.3215,3.7364,7.2856,0
37.564,-68,-24,1479,1493,-1.50,-0.53,3.3215,3.7364,7.2856,0
37.581,-70,-24,1478,1493,-1.50,-0.53,3.3215,3.7364,7.2856,0
37.599,-72,-24,1478,1493,-1.50,-0.53,3.3215,3.7364,7.2856,0
37.618,-74,-24,1479,1493,-1.50,-0.53,3.0517,3.4420,6.5893,0
37.635,-78,-24,1465,1493,-1.50,-0.53,3.0517,3.4420,6.5893,0
37.653,-80,-23,1477,1496,-1.50,-0.53,3.0517,3.4420,6.5893,0
37.671,-83,-23,1471,1493,-1.50,-0.53,3.0517,3.4420,6.5893,0
37.691,-85,-23,1477,1493,-1.50,-0.53,3.0517,3.4420,6.5893,0
37.709,-88,-23,1472,1493,-1.50,-0.53,3.0517,3.4420,6.5893,0
37.727,-90,-22,1475,1496,-1.50,-0.53,3.0517,3.4420,6.5893,0
37.744,-92,-22,1475,1493,-1.50,-0.53,3.0517,3.4420,6.5893,0
37.761,-95,-22,1469,1493,-1.50,-0.53,3.0517,3.4420,6.5893,0
37.778,-97,-22,1474,1493,-1.50,-0.53,3.0517,3.4420,6.5893,0
37.796,-99,-22,1474,1493,-1.50,-0.53,3.0517,3.4420,6.5893,0
37.813,-101,-22,1474,1493,-1.30,-0.56,3.0517,3.4420,6.5893,0
37.831,-104,-22,1468,1493,-1.30,-0.56,3.0517,3.4420,6.5893,0
37.849,-104,-22,1485,1493,-1.30,-0.56,3.0517,3.4420,6.5893,0
37.868,-107,-21,1468,1497,-1.30,-0.56,3.2539,3.6927,6.9185,0
37.886,-109,-21,1474,1494,-1.30,-0.56,3.2539,3.6927,6.9185,0
37.904,-113,-20,1473,1497,-1.30,-0.56,3.2539,3.6927,6.9185,0
37.921,-116,-20,1455,1494,-1.30,-0.56,3.2539,3.6927,6.9185,0
37.940,-121,-20,1455,1494,-1.30,-0.56,3.2539,3.6927,6.9185,0
37.960,-123,-19,1472,1497,-1.30,-0.56,3.2539,3.6927,6.9185,0
37.978,-125,-19,1471,1494,-1.30,-0.56,3.2539,3.6927,6.9185,0
37.995,-127,-19,1471,1494,-1.30,-0.56,3.2539,3.6927,6.9185,0
38.014,-128,-19,1476,1494,-1.30,-0.56,3.2539,3.6927,6.9185,0
38.031,-130,-19,1469,1494,-1.30,-0.56,3.2539,3.6927,6.9185,0
38.049,-131,-19,1475,1494,-1.30,-0.56,3.2539,3.6927,6.9185,0
38.066,-132,-19,1475,1494,-1.29,-0.12,3.2539,3.6927,6.9185,0
38.086,-133,-18,1475,1497,-1.29,-0.12,3.2539,3.6927,6.9185,0
38.107,-135,-17,1470,1497,-1.29,-0.12,3.2539,3.6927,6.9185,0
38.129,-137,-17,1471,1495,-1.29,-0.12,3.3887,3.4702,7.8734,0
38.146,-138,-17,1474,1495,-1.29,-0.12,3.3887,3.4702,7.8734,0
38.164,-142,-16,1456,1498,-1.29,-0.12,3.3887,3.4702,7.8734,0
38.183,-143,-15,1473,1498,-1.29,-0.12,3.3887,3.4702,7.8734,0
38.200,-147,-15,1457,1496,-1.29,-0.12,3.3887,3.4702,7.8734,0
38.218,-147,-15,1478,1496,-1.29,-0.12,3.3887,3.4702,7.8734,0
38.236,-153,-14,1445,1499,-1.29,-0.12,3.3887,3.4702,7.8734,0
38.254,-155,-14,1466,1496,-1.29,-0.12,3.3887,3.4702,7.8734,0
38.272,-158,-13,1460,1499,-1.29,-0.12,3.3887,3.4702,7.8734,0
38.289,-161,-14,1459,1493,-1.29,-0.12,3.3887,3.4702,7.8734,0
38.306,-163,-13,1464,1499,-1.30,1.02,3.3887,3.4702,7.8734,0
38.323,-163,-13,1476,1496,-1.30,1.02,3.3887,3.4702,7.8734,0
38.341,-166,-13,1458,1496,-1.30,1.02,3.3887,3.4702,7.8734,0
38.359,-168,-13,1464,1496,-1.30,1.02,3.3887,3.4702,7.8734,0
38.377,-171,-13,1457,1496,-1.30,1.02,3.1779,3.9902,6.8377,0
38.394,-176,-12,1445,1499,-1.30,1.02,3.1779,3.9902,6.8377,0
38.415,-179,-12,1459,1497,-1.30,1.02,3.1779,3.9902,6.8377,0
38.433,-181,-12,1462,1497,-1.30,1.02,3.1779,3.9902,6.8377,0
38.451,-185,-12,1450,1497,-1.30,1.02,3.1779,3.9902,6.8377,0
38.470,-186,-12,1467,1497,-1.30,1.02,3.1779,3.9902,6.8377,0
38.487,-187,-11,1467,1500,-1.30,1.02,3.1779,3.9902,6.8377,0
38.504,-188,-11,1466,1497,-1.30,1.02,3.1779,3.9902,6.8377,0
38.522,-189,-11,1466,1497,-1.30,1.02,3.1779,3.9902,6.8377,0
38.539,-189,-11,1472,1497,-1.30,1.02,3.1779,3.9902,6.8377,0
38.557,-187,-11,1484,1497,-1.57,0.70,3.1779,3.9902,6.8377,0
38.576,-187,-11,1472,1497,-1.57,0.70,3.1779,3.9902,6.8377,0
38.594,-186,-10,1478,1500,-1.57,0.70,3.1779,3.9902,6.8377,0
38.613,-186,-10,1472,1497,-1.57,0.70,3.5821,3.5734,8.7112,0
38.631,-186,-10,1472,1497,-1.57,0.70,3.5821,3.5734,8.7112,0
38.649,-185,-10,1478,1497,-1.57,0.70,3.5821,3.5734,8.7112,0
38.667,-182,-10,1490,1497,-1.57,0.70,3.5821,3.5734,8.7112,0
38.685,-180,-10,1484,1497,-1.57,0.70,3.5821,3.5734,8.7112,0
38.703,-178,-10,1485,1497,-1.57,0.70,3.5821,3.5734,8.7112,0
38.721,-177,-10,1479,1497,-1.57,0.70,3.5821,3.5734,8.7112,0
38.738,-176,-10,1480,1497,-1.57,0.70,3.5821,3.5734,8.7112,0
38.756,-175,-10,1480,1497,-1.57,0.70,3.5821,3.5734,8.7112,0
38.773,-173,-10,1486,1497,-1.57,0.70,3.5821,3.5734,8.7112,0
38.791,-171,-10,1486,1497,-1.57,0.70,3.5821,3.5734,8.7112,0
38.808,-169,-10,1487,1497,-2.10,-0.02,3.5821,3.5734,8.7112,0
38.825,-168,-9,1481,1500,-2.10,-0.02,3.5821,3.5734,8.7112,0
38.842,-167,-9,1481,1497,-2.10,-0.02,3.5821,3.5734,8.7112,0
38.859,-166,-9,1481,1497,-2.10,-0.02,3.5821,3.5734,8.7112,0
38.876,-164,-9,1488,1497,-2.10,-0.02,3.3753,4.1460,6.7009,0
38.893,-162,-9,1488,1497,-2.10,-0.02,3.3753,4.1460,6.7009,0
38.912,-160,-9,1487,1497,-2.10,-0.02,3.3753,4.1460,6.7009,0
38.931,-158,-8,1488,1500,-2.10,-0.02,3.3753,4.1460,6.7009,0
38.949,-156,-8,1488,1498,-2.10,-0.02,3.3753,4.1460,6.7009,0
38.966,-153,-8,1495,1498,-2.10,-0.02,3.3753,4.1460,6.7009,0
38.985,-151,-8,1489,1498,-2.10,-0.02,3.3753,4.1460,6.7009,0
39.002,-147,-7,1499,1500,-2.10,-0.02,3.3753,4.1460,6.7009,0
39.020,-144,-7,1496,1498,-2.10,-0.02,3.3753,4.1460,6.7009,0
39.037,-142,-7,1491,1498,-2.10,-0.02,3.3753,4.1460,6.7009,0
39.056,-139,-7,1495,1498,-2.52,0.06,3.3753,4.1460,6.7009,0
39.073,-137,-7,1492,1498,-2.52,0.06,3.3753,4.1460,6.7009,0
39.100,-135,-7,1491,1498,-2.52,0.06,3.3753,4.1460,6.7009,0
39.117,-132,-7,1493,1498,-2.52,0.06,3.4836,3.5398,6.4424,0
39.134,-129,-7,1499,1498,-2.52,0.06,3.4836,3.5398,6.4424,0
39.154,-127,-7,1493,1498,-2.52,0.06,3.4836,3.5398,6.4424,0
39.173,-123,-7,1500,1498,-2.52,0.06,3.4836,3.5398,6.4424,0
39.191,-118,-6,1510,1500,-2.52,0.06,3.4836,3.5398,6.4424,0
39.209,-116,-7,1494,1495,-2.52,0.06,3.4836,3.5398,6.4424,0
39.227,-114,-6,1494,1500,-2.52,0.06,3.4836,3.5398,6.4424,0
39.245,-111,-6,1500,1498,-2.52,0.06,3.4836,3.5398,6.4424,0
39.262,-108,-6,1500,1498,-2.52,0.06,3.4836,3.5398,6.4424,0
39.280,-106,-6,1495,1498,-2.52,0.06,3.4836,3.5398,6.4424,0
39.300,-103,-6,1500,1498,-2.52,0.06,3.4836,3.5398,6.4424,0
39.320,-97,-5,1516,1500,-2.40,0.01,3.4836,3.5398,6.4424,0
39.339,-94,-5,1501,1499,-2.40,0.01,3.4836,3.5398,6.4424,0
39.363,-91,-5,1499,1499,-2.40,0.01,2.9856,3.6967,5.6313,0
39.382,-87,-5,1507,1499,-2.40,0.01,2.9856,3.6967,5.6313,0
39.400,-84,-4,1504,1501,-2.40,0.01,2.9856,3.6967,5.6313,0
39.417,-77,-4,1528,1499,-2.40,0.01,2.9856,3.6967,5.6313,0
39.435,-73,-4,1511,1499,-2.40,0.01,2.9856,3.6967,5.6313,0
39.452,-69,-4,1512,1499,-2.40,0.01,2.9856,3.6967,5.6313,0
39.470,-65,-4,1512,1499,-2.40,0.01,2.9856,3.6967,5.6313,0
39.487,-61,-3,1514,1501,-2.40,0.01,2.9856,3.6967,5.6313,0
39.504,-58,-3,1508,1499,-2.40,0.01,2.9856,3.6967,5.6313,1
39.522,-54,-4,1515,1496,-2.40,0.01,2.9856,3.6967,5.6313,1
39.539,-50,-3,1515,1501,-2.40,0.01,2.9856,3.6967,5.6313,1
39.556,-45,-3,1522,1499,-0.98,-0.23,2.9856,3.6967,5.6313,1
39.574,-41,-3,1515,1499,-0.98,-0.23,2.9856,3.6967,5.6313,1
39.592,-36,-3,1522,1499,-0.98,-0.23,2.9856,3.6967,5.6313,1
39.609,-32,-3,1518,1499,-0.98,-0.23,2.9856,3.6967,5.6313,1
39.627,-27,-3,1524,1499,-0.98,-0.23,2.9856,3.6967,5.6313,1
39.644,-22,-3,1524,1499,-0.98,-0.23,3.1445,3.9581,5.3193,1
39.662,-18,-3,1520,1499,-0.98,-0.23,3.1445,3.9581,5.3193,1
39.679,-13,-3,1527,1499,-0.98,-0.23,3.1445,3.9581,5.3193,1
39.699,-9,-2,1518,1501,-0.98,-0.23,3.1445,3.9581,5.3193,1
39.719,-2,-2,1533,1499,-0.98,-0.23,3.1445,3.9581,5.3193,1
39.737,2,-2,1522,1499,-0.98,-0.23,3.1445,3.9581,5.3193,1
39.755,5,-2,1517,1499,-0.98,-0.23,3.1445,3.9581,5.3193,1
39.773,9,-2,1523,1499,-0.98,-0.23,3.1445,3.9581,5.3193,1
39.790,11,-1,1513,1502,-0.98,-0.23,3.1445,3.9581,5.3193,1
39.807,14,-1,1519,1500,0.42,-0.50,3.1445,3.9581,5.3193,1
39.824,17,-1,1519,1500,0.42,-0.50,3.1445,3.9581,5.3193,1
39.841,19,-1,1514,1500,0.42,-0.50,3.1445,3.9581,5.3193,1
39.859,21,-1,1514,1500,0.42,-0.50,3.1445,3.9581,5.3193,1
39.876,22,-1,1509,1500,0.42,-0.50,3.1445,3.9581,5.3193,1
39.893,23,0,1509,1502,0.42,-0.50,3.1445,3.9581,5.3193,1
39.911,24,0,1509,1500,0.42,-0.50,3.1445,3.9581,5.3193,1
39.930,26,0,1514,1500,0.42,-0.50,3.1445,3.9581,5.3193,1
39.949,28,1,1514,1502,0.42,-0.50,3.1445,3.9581,5.3193,1
39.967,28,1,1504,1500,0.42,-0.50,3.1445,3.9581,5.3193,1
39.985,31,1,1521,1500,0.42,-0.50,3.1445,3.9581,5.3193,1
40.002,31,1,1504,1500,0.42,-0.50,3.1445,3.9581,5.3193,1
40.020,33,1,1516,1500,0.42,-0.50,3.1445,3.9581,5.3193,1
40.037,34,2,1510,1503,0.42,-0.50,3.1445,3.9581,5.3193,1
40.054,36,2,1516,1500,0.26,-0.46,3.1445,3.9581,5.3193,1
40.072,38,2,1517,1500,0.26,-0.46,3.1445,3.9581,5.3193,1
40.089,40,3,1516,1503,0.26,-0.46,3.1445,3.9581,5.3193,1
40.108,41,3,1511,1500,0.26,-0.46,3.1445,3.9581,5.3193,1
40.125,41,3,1506,1500,0.26,-0.46,3.1445,3.9581,5.3193,1
40.144,43,3,1517,1500,0.26,-0.46,3.0012,4.0721,6.5749,1
40.161,47,4,1530,1503,0.26,-0.46,3.0012,4.0721,6.5749,1
40.179,49,4,1518,1500,0.26,-0.46,3.0012,4.0721,6.5749,1
40.196,51,4,1519,1500,0.26,-0.46,3.0012,4.0721,6.5749,1
40.214,56,6,1536,1507,0.26,-0.46,3.0012,4.0721,6.5749,1
40.233,59,6,1525,1501,0.26,-0.46,3.0012,4.0721,6.5749,1
40.250,59,6,1508,1501,0.26,-0.46,3.0012,4.0721,6.5749,1
40.268,59,6,1508,1501,0.26,-0.46,3.0012,4.0721,6.5749,1
40.286,64,6,1536,1501,0.26,-0.46,3.0012,4.0721,6.5749,0
40.303,66,7,1521,1504,-0.53,0.61,3.0012,4.0721,6.5749,0
40.321,69,7,1527,1501,-0.53,0.61,3.0012,4.0721,6.5749,0
40.340,75,8,1543,1504,-0.53,0.61,3.0012,4.0721,6.5749,0
40.358,78,9,1528,1505,-0.53,0.61,3.0012,4.0721,6.5749,0
40.376,80,9,1523,1502,-0.53,0.61,3.0012,4.0721,6.5749,0
40.394,83,9,1529,1502,-0.53,0.61,3.0012,4.0721,6.5749,0
40.414,86,9,1527,1502,-0.53,0.61,3.0012,4.0721,6.5749,0
40.431,88,10,1524,1505,-0.53,0.61,3.0012,4.0721,6.5749,0
40.448,91,10,1531,1502,-0.53,0.61,3.0012,4.0721,6.5749,0
40.466,96,11,1542,1505,-0.53,0.61,3.0012,4.0721,6.5749,0
40.484,98,11,1526,1502,-0.53,0.61,3.0012,4.0721,6.5749,0
40.501,100,12,1526,1506,-0.53,0.61,3.0012,4.0721,6.5749,0
40.519,102,12,1526,1503,-0.53,0.61,3.0012,4.0721,6.5749,0
40.537,104,12,1526,1503,-0.53,0.61,3.0012,4.0721,6.5749,0
40.555,105,12,1521,1503,-0.81,1.14,3.0012,4.0721,6.5749,0
40.573,107,12,1527,1503,-0.81,1.14,3.0012,4.0721,6.5749,0
40.591,109,13,1527,1506,-0.81,1.14,3.0012,4.0721,6.5749,0
40.611,110,13,1521,1503,-0.81,1.14,3.0012,4.0721,6.5749,0
40.629,112,13,1527,1503,-0.81,1.14,3.2816,3.4818,6.5795,0
40.646,113,14,1522,1506,-0.81,1.14,3.2816,3.4818,6.5795,0
40.664,113,14,1517,1503,-0.81,1.14,3.2816,3.4818,6.5795,0
40.681,114,14,1523,1503,-0.81,1.14,3.2816,3.4818,6.5795,0
40.699,114,14,1517,1503,-0.81,1.14,3.2816,3.4818,6.5795,0
40.716,115,14,1523,1503,-0.81,1.14,3.2816,3.4818,6.5795,0
40.733,115,15,1517,1507,-0.81,1.14,3.2816,3.4818,6.5795,0
40.750,116,14,1523,1501,-0.81,1.14,3.2816,3.4818,6.5795,0
40.768,116,14,1517,1503,-0.81,1.14,3.2816,3.4818,6.5795,0
40.787,116,15,1517,1507,-0.81,1.14,3.2816,3.4818,6.5795,0
40.807,116,15,1517,1504,-0.76,1.21,3.2816,3.4818,6.5795,0
40.824,116,15,1517,1504,-0.76,1.21,3.2816,3.4818,6.5795,0
40.841,116,15,1517,1504,-0.76,1.21,3.2816,3.4818,6.5795,0
40.858,116,15,1517,1504,-0.76,1.21,3.2816,3.4818,6.5795,0
40.875,116,15,1517,1504,-0.76,1.21,3.2816,3.4818,6.5795,0
40.893,116,15,1517,1504,-0.76,1.21,3.2816,3.4818,6.5795,0
40.910,116,15,1517,1504,-0.76,1.21,3.2816,3.4818,6.5795,0
40.928,116,15,1517,1504,-0.76,1.21,3.2816,3.4818,6.5795,0
40.945,116,15,1517,1504,-0.76,1.21,3.2816,3.4818,6.5795,0
40.963,116,15,1517,1504,-0.76,1.21,3.2816,3.4818,6.5795,0
40.981,116,15,1517,1504,-0.76,1.21,3.2816,3.4818,6.5795,0
40.998,117,15,1523,1504,-0.76,1.21,3.2816,3.4818,6.5795,0
41.016,117,15,1517,1504,-0.76,1.21,3.2816,3.4818,6.5795,0
41.033,118,15,1523,1504,-0.76,1.21,3.2816,3.4818,6.5795,0
41.051,119,14,1523,1501,-1.36,0.97,3.2816,3.4818,6.5795,0
41.068,120,15,1523,1507,-1.36,0.97,3.2816,3.4818,6.5795,0
41.086,121,15,1523,1504,-1.36,0.97,3.2816,3.4818,6.5795,0
41.103,121,14,1518,1501,-1.36,0.97,3.2816,3.4818,6.5795,0
41.121,122,14,1524,1504,-1.36,0.97,3.2816,3.4818,6.5795,0
41.139,122,14,1518,1504,-1.36,0.97,3.0962,3.6703,5.8755,0
41.156,123,14,1524,1504,-1.36,0.97,3.0962,3.6703,5.8755,0
41.175,123,14,1518,1504,-1.36,0.97,3.0962,3.6703,5.8755,0
41.193,124,13,1524,1501,-1.36,0.97,3.0962,3.6703,5.8755,0
41.211,124,13,1518,1503,-1.36,0.97,3.0962,3.6703,5.8755,0
41.230,124,13,1518,1503,-1.36,0.97,3.0962,3.6703,5.8755,0
41.247,125,12,1524,1500,-1.36,0.97,3.0962,3.6703,5.8755,0
41.265,125,12,1518,1503,-1.36,0.97,3.0962,3.6703,5.8755,0
41.282,125,12,1518,1503,-1.36,0.97,3.0962,3.6703,5.8755,0
41.300,125,12,1518,1503,-1.66,0.87,3.0962,3.6703,5.8755,0
41.318,126,11,1524,1500,-1.66,0.87,3.0962,3.6703,5.8755,0
41.336,126,11,1519,1503,-1.66,0.87,3.0962,3.6703,5.8755,0
41.353,126,11,1519,1503,-1.66,0.87,3.0962,3.6703,5.8755,0
41.371,126,11,1519,1503,-1.66,0.87,3.0962,3.6703,5.8755,0
41.388,125,10,1513,1500,-1.66,0.87,3.0962,3.6703,5.8755,0
41.405,125,10,1518,1502,-1.66,0.87,3.0962,3.6703,5.8755,0
41.423,125,10,1518,1502,-1.66,0.87,3.0962,3.6703,5.8755,0
41.440,124,9,1512,1500,-1.66,0.87,3.0962,3.6703,5.8755,0
41.458,124,9,1518,1502,-1.66,0.87,3.0962,3.6703,5.8755,0
41.476,123,9,1512,1502,-1.66,0.87,3.0962,3.6703,5.8755,0
41.495,123,8,1518,1500,-1.66,0.87,3.0962,3.6703,5.8755,0
41.512,121,7,1506,1500,-1.66,0.87,3.0962,3.6703,5.8755,0
41.530,121,7,1518,1502,-1.66,0.87,3.0962,3.6703,5.8755,0
41.547,120,7,1512,1502,-0.89,0.08,3.0962,3.6703,5.8755,0
41.565,120,7,1518,1502,-0.89,0.08,3.0962,3.6703,5.8755,0
41.582,120,7,1518,1502,-0.89,0.08,3.0962,3.6703,5.8755,0
41.600,120,7,1518,1502,-0.89,0.08,3.0962,3.6703,5.8755,0
41.620,119,6,1512,1499,-0.89,0.08,3.0962,3.6703,5.8755,0
41.639,119,5,1517,1500,-0.89,0.08,3.1807,3.7320,6.3467,0
41.657,119,5,1517,1501,-0.89,0.08,3.1807,3.7320,6.3467,0
41.674,119,5,1517,1501,-0.89,0.08,3.1807,3.7320,6.3467,0
41.692,118,4,1512,1499,-0.89,0.08,3.1807,3.7320,6.3467,0
41.709,118,4,1517,1501,-0.89,0.08,3.1807,3.7320,6.3467,0
41.726,118,3,1517,1498,-0.89,0.08,3.1807,3.7320,6.3467,0
41.744,118,3,1517,1500,-0.89,0.08,3.1807,3.7320,6.3467,0
41.761,117,2,1512,1498,-0.89,0.08,3.1807,3.7320,6.3467,0
41.779,115,2,1505,1500,-0.89,0.08,3.1807,3.7320,6.3467,0
41.797,115,2,1517,1500,-0.69,-0.25,3.1807,3.7320,6.3467,0
41.815,112,1,1500,1498,-0.69,-0.25,3.1807,3.7320,6.3467,0
41.832,110,0,1505,1498,-0.69,-0.25,3.1807,3.7320,6.3467,0
41.850,108,0,1505,1500,-0.69,-0.25,3.1807,3.7320,6.3467,0
41.870,107,0,1510,1500,-0.69,-0.25,3.1807,3.7320,6.3467,0
41.888,104,0,1501,1500,-0.69,-0.25,3.1807,3.7320,6.3467,0
41.905,103,-1,1509,1497,-0.69,-0.25,3.1807,3.7320,6.3467,0
41.922,101,-1,1503,1500,-0.69,-0.25,3.1807,3.7320,6.3467,0
41.940,100,-1,1509,1500,-0.69,-0.25,3.1807,3.7320,6.3467,0
41.957,98,-2,1503,1497,-0.69,-0.25,3.1807,3.7320,6.3467,0
41.974,97,-2,1508,1500,-0.69,-0.25,3.1807,3.7320,6.3467,0
41.992,96,-3,1508,1497,-0.69,-0.25,3.1807,3.7320,6.3467,0
42.010,94,-3,1503,1500,-0.69,-0.25,3.1807,3.7320,6.3467,0
42.028,93,-3,1508,1500,-0.69,-0.25,3.1807,3.7320,6.3467,0
42.046,92,-3,1508,1500,-0.85,-0.60,3.1807,3.7320,6.3467,0
42.066,91,-3,1508,1500,-0.85,-0.60,3.1807,3.7320,6.3467,0
42.087,90,-4,1508,1497,-0.85,-0.60,3.1807,3.7320,6.3467,0
42.108,90,-4,1513,1499,-0.85,-0.60,3.1807,3.7320,6.3467,0
42.127,90,-5,1513,1496,-0.85,-0.60,2.8674,5.4638,7.4621,0
42.144,91,-6,1519,1496,-0.85,-0.60,2.8674,5.4638,7.4621,0
42.164,92,-7,1519,1496,-0.85,-0.60,2.8674,5.4638,7.4621,0
42.181,93,-6,1519,1500,-0.85,-0.60,2.8674,5.4638,7.4621,0
42.199,94,-5,1519,1501,-0.85,-0.60,2.8674,5.4638,7.4621,0
42.216,96,-6,1526,1496,-0.85,-0.60,2.8674,5.4638,7.4621,0
42.234,97,-7,1520,1495,-0.85,-0.60,2.8674,5.4638,7.4621,0
42.252,99,-8,1525,1495,-0.85,-0.60,2.8674,5.4638,7.4621,0
42.269,100,-8,1520,1498,-0.85,-0.60,2.8674,5.4638,7.4621,0
42.288,102,-8,1526,1498,-0.85,-0.60,2.8674,5.4638,7.4621,0
42.307,103,-8,1520,1498,-0.63,-0.54,2.8674,5.4638,7.4621,0
42.324,104,-7,1521,1500,-0.63,-0.54,2.8674,5.4638,7.4621,0
42.343,105,-8,1521,1495,-0.63,-0.54,2.8674,5.4638,7.4621,0
42.360,106,-8,1521,1498,-0.63,-0.54,2.8674,5.4638,7.4621,0
42.377,107,-9,1522,1495,-0.63,-0.54,2.8674,5.4638,7.4621,0
42.394,108,-10,1522,1494,-0.63,-0.54,2.8674,5.4638,7.4621,0
42.412,109,-10,1522,1497,-0.63,-0.54,2.8674,5.4638,7.4621,0
42.429,111,-9,1528,1500,-0.63,-0.54,2.8674,5.4638,7.4621,0
42.446,111,-9,1516,1498,-0.63,-0.54,2.8674,5.4638,7.4621,0
42.464,113,-9,1528,1498,-0.63,-0.54,2.8674,5.4638,7.4621,0
42.481,115,-9,1529,1498,-0.63,-0.54,2.8674,5.4638,7.4621,0
42.499,115,-9,1517,1498,-0.63,-0.54,2.8674,5.4638,7.4621,0
42.516,117,-9,1529,1498,-0.63,-0.54,2.8674,5.4638,7.4621,0
42.533,118,-9,1523,1498,-0.63,-0.54,2.8674,5.4638,7.4621,0
42.551,119,-9,1523,1498,0.47,0.21,2.8674,5.4638,7.4621,0
42.568,121,-10,1529,1494,0.47,0.21,2.8674,5.4638,7.4621,0
42.587,122,-10,1523,1497,0.47,0.21,2.8674,5.4638,7.4621,0
42.606,123,-10,1523,1497,0.47,0.21,2.8674,5.4638,7.4621,0
42.625,124,-10,1524,1497,0.47,0.21,3.5063,3.9236,7.6885,0
42.642,125,-10,1524,1497,0.47,0.21,3.5063,3.9236,7.6885,0
42.659,125,-10,1518,1497,0.47,0.21,3.5063,3.9236,7.6885,0
42.679,125,-10,1518,1497,0.47,0.21,3.5063,3.9236,7.6885,0
42.696,125,-10,1518,1497,0.47,0.21,3.5063,3.9236,7.6885,0
42.713,125,-11,1518,1494,0.47,0.21,3.5063,3.9236,7.6885,0
42.730,124,-11,1512,1497,0.47,0.21,3.5063,3.9236,7.6885,0
42.747,124,-11,1518,1497,0.47,0.21,3.5063,3.9236,7.6885,0
42.764,123,-12,1512,1494,0.47,0.21,3.5063,3.9236,7.6885,0
42.782,122,-12,1512,1497,0.47,0.21,3.5063,3.9236,7.6885,0
42.800,120,-12,1506,1497,0.41,0.66,3.5063,3.9236,7.6885,0
42.818,119,-12,1512,1497,0.41,0.66,3.5063,3.9236,7.6885,0
42.837,118,-12,1512,1497,0.41,0.66,3.5063,3.9236,7.6885,0
42.855,116,-12,1507,1497,0.41,0.66,3.5063,3.9236,7.6885,0
42.873,115,-12,1511,1497,0.41,0.66,3.5063,3.9236,7.6885,0
42.890,113,-13,1505,1494,0.41,0.66,3.5063,3.9236,7.6885,0
42.907,111,-13,1505,1496,0.41,0.66,3.5063,3.9236,7.6885,0
42.926,109,-14,1504,1493,0.41,0.66,3.5063,3.9236,7.6885,0
42.944,108,-14,1511,1496,0.41,0.66,3.5063,3.9236,7.6885,0
42.961,106,-14,1504,1496,0.41,0.66,3.5063,3.9236,7.6885,0
42.978,102,-15,1493,1493,0.41,0.66,3.5063,3.9236,7.6885,0
42.995,99,-16,1498,1493,0.41,0.66,3.5063,3.9236,7.6885,0
43.013,97,-16,1503,1495,0.41,0.66,3.5063,3.9236,7.6885,0
43.031,97,-16,1514,1495,0.41,0.66,3.5063,3.9236,7.6885,0
43.048,94,-16,1497,1495,-0.21,-0.19,3.5063,3.9236,7.6885,0
43.066,92,-16,1502,1495,-0.21,-0.19,3.5063,3.9236,7.6885,0
43.086,90,-16,1503,1495,-0.21,-0.19,3.5063,3.9236,7.6885,0
43.106,84,-17,1498,1495,-0.21,-0.19,3.5063,3.9236,7.6885,0
43.123,81,-17,1480,1492,-0.21,-0.19,2.8575,4.1192,6.2213,0
43.140,78,-17,1495,1495,-0.21,-0.19,2.8575,4.1192,6.2213,0
43.158,74,-17,1489,1495,-0.21,-0.19,2.8575,4.1192,6.2213,0
43.177,71,-18,1495,1492,-0.21,-0.19,2.8575,4.1192,6.2213,0
43.195,67,-18,1488,1495,-0.21,-0.19,2.8575,4.1192,6.2213,0
43.212,64,-18,1493,1495,-0.21,-0.19,2.8575,4.1192,6.2213,0
43.229,57,-20,1469,1488,-0.21,-0.19,2.8575,4.1192,6.2213,1
43.247,57,-20,1508,1494,-0.21,-0.19,2.8575,4.1192,6.2213,1
43.264,50,-21,1467,1491,-0.21,-0.19,2.8575,4.1192,6.2213,1
43.282,48,-21,1496,1494,-0.21,-0.19,2.8575,4.1192,6.2213,1
43.299,44,-21,1484,1494,-0.83,-1.01,2.8575,4.1192,6.2213,1
43.317,42,-21,1495,1494,-0.83,-1.01,2.8575,4.1192,6.2213,1
43.334,39,-21,1489,1494,-0.83,-1.01,2.8575,4.1192,6.2213,1
43.351,37,-22,1494,1491,-0.83,-1.01,2.8575,4.1192,6.2213,1
43.368,35,-21,1495,1497,-0.83,-1.01,2.8575,4.1192,6.2213,1
43.386,33,-21,1494,1494,-0.83,-1.01,2.8575,4.1192,6.2213,1
43.403,31,-21,1494,1494,-0.83,-1.01,2.8575,4.1192,6.2213,1
43.422,30,-22,1500,1491,-0.83,-1.01,2.8575,4.1192,6.2213,1
43.440,29,-23,1499,1490,-0.83,-1.01,2.8575,4.1192,6.2213,1
43.457,29,-23,1504,1493,-0.83,-1.01,2.8575,4.1192,6.2213,1
43.476,28,-23,1499,1493,-0.83,-1.01,2.8575,4.1192,6.2213,1
43.494,27,-22,1504,1493,-0.83,-1.01,2.8575,4.1192,6.2213,1
43.512,27,-22,1499,1496,-0.83,-1.01,2.8575,4.1192,6.2213,1
43.529,27,-23,1504,1490,-0.83,-1.01,2.8575,4.1192,6.2213,1
43.546,27,-23,1504,1493,-1.32,-1.30,2.8575,4.1192,6.2213,1
43.564,27,-24,1504,1490,-1.32,-1.30,2.8575,4.1192,6.2213,1
43.581,26,-25,1499,1490,-1.32,-1.30,2.8575,4.1192,6.2213,1
43.599,26,-25,1504,1493,-1.32,-1.30,2.8575,4.1192,6.2213,1
43.616,25,-26,1499,1490,-1.32,-1.30,2.8575,4.1192,6.2213,1
43.635,25,-26,1503,1492,-1.32,-1.30,2.6728,5.0783,8.5522,1
43.652,24,-26,1499,1492,-1.32,-1.30,2.6728,5.0783,8.5522,1
43.670,24,-25,1503,1495,-1.32,-1.30,2.6728,5.0783,8.5522,1
43.688,22,-24,1493,1496,-1.32,-1.30,2.6728,5.0783,8.5522,1
43.706,22,-24,1503,1493,-1.32,-1.30,2.6728,5.0783,8.5522,1
43.725,21,-25,1498,1490,-1.32,-1.30,2.6728,5.0783,8.5522,1
43.743,20,-25,1498,1493,-1.32,-1.30,2.6728,5.0783,8.5522,1
43.762,19,-24,1498,1496,-1.32,-1.30,2.6728,5.0783,8.5522,1
43.779,18,-24,1498,1493,-1.32,-1.30,2.6728,5.0783,8.5522,1
43.796,18,-24,1502,1493,-1.09,-0.89,2.6728,5.0783,8.5522,1
43.813,18,-25,1502,1490,-1.09,-0.89,2.6728,5.0783,8.5522,1
43.832,18,-26,1502,1490,-1.09,-0.89,2.6728,5.0783,8.5522,1
43.849,18,-27,1502,1489,-1.09,-0.89,2.6728,5.0783,8.5522,1
43.866,18,-27,1502,1492,-1.09,-0.89,2.6728,5.0783,8.5522,1
43.883,18,-26,1502,1495,-1.09,-0.89,2.6728,5.0783,8.5522,1
43.900,18,-26,1502,1492,-1.09,-0.89,2.6728,5.0783,8.5522,1
43.918,19,-26,1508,1492,-1.09,-0.89,2.6728,5.0783,8.5522,1
43.935,19,-26,1502,1492,-1.09,-0.89,2.6728,5.0783,8.5522,1
43.952,20,-25,1508,1495,-1.09,-0.89,2.6728,5.0783,8.5522,1
43.970,21,-26,1508,1489,-1.09,-0.89,2.6728,5.0783,8.5522,1
43.987,22,-26,1509,1492,-1.09,-0.89,2.6728,5.0783,8.5522,1
44.005,23,-26,1509,1492,-1.09,-0.89,2.6728,5.0783,8.5522,1
44.022,25,-26,1515,1492,-1.09,-0.89,2.6728,5.0783,8.5522,1
44.039,27,-26,1515,1492,-0.46,-0.64,2.6728,5.0783,8.5522,1
44.059,29,-26,1514,1492,-0.46,-0.64,2.6728,5.0783,8.5522,1
44.079,30,-26,1509,1492,-0.46,-0.64,2.6728,5.0783,8.5522,1
44.096,32,-25,1516,1495,-0.46,-0.64,2.6728,5.0783,8.5522,1
44.113,34,-26,1516,1489,-0.46,-0.64,2.6728,5.0783,8.5522,1
44.131,35,-26,1511,1492,-0.46,-0.64,2.2860,4.8512,4.8612,1
44.148,37,-26,1517,1492,-0.46,-0.64,2.2860,4.8512,4.8612,1
44.165,38,-26,1511,1492,-0.46,-0.64,2.2860,4.8512,4.8612,1
44.183,40,-26,1517,1492,-0.46,-0.64,2.2860,4.8512,4.8612,1
44.203,42,-26,1516,1492,-0.46,-0.64,2.2860,4.8512,4.8612,1
44.220,43,-27,1512,1489,-0.46,-0.64,2.2860,4.8512,4.8612,1
44.237,44,-27,1512,1492,-0.46,-0.64,2.2860,4.8512,4.8612,1
44.256,45,-27,1512,1492,-0.46,-0.64,2.2860,4.8512,4.8612,1
44.274,45,-27,1506,1492,-0.46,-0.64,2.2860,4.8512,4.8612,1
44.292,46,-27,1512,1492,-0.31,-0.47,2.2860,4.8512,4.8612,1
44.310,46,-27,1506,1492,-0.31,-0.47,2.2860,4.8512,4.8612,1
44.327,46,-27,1506,1492,-0.31,-0.47,2.2860,4.8512,4.8612,1
44.345,46,-27,1506,1492,-0.31,-0.47,2.2860,4.8512,4.8612,1
44.362,46,-28,1506,1489,-0.31,-0.47,2.2860,4.8512,4.8612,1
44.380,47,-28,1512,1492,-0.31,-0.47,2.2860,4.8512,4.8612,1
44.398,46,-28,1501,1492,-0.31,-0.47,2.2860,4.8512,4.8612,1
44.416,46,-28,1506,1492,-0.31,-0.47,2.2860,4.8512,4.8612,1
44.433,45,-28,1501,1492,-0.31,-0.47,2.2860,4.8512,4.8612,1
44.451,44,-28,1501,1492,-0.31,-0.47,2.2860,4.8512,4.8612,1
44.468,43,-28,1500,1492,-0.31,-0.47,2.2860,4.8512,4.8612,1
44.485,42,-28,1500,1492,-0.31,-0.47,2.2860,4.8512,4.8612,1
44.502,41,-28,1500,1492,-0.31,-0.47,2.2860,4.8512,4.8612,1
44.519,40,-29,1500,1488,-0.31,-0.47,2.2860,4.8512,4.8612,1
44.536,39,-29,1500,1491,-0.14,-0.70,2.2860,4.8512,4.8612,1
44.553,38,-28,1500,1495,-0.14,-0.70,2.2860,4.8512,4.8612,1
44.570,37,-28,1500,1492,-0.14,-0.70,2.2860,4.8512,4.8612,1
44.587,36,-29,1500,1488,-0.14,-0.70,2.2860,4.8512,4.8612,1
44.605,35,-29,1500,1491,-0.14,-0.70,2.2860,4.8512,4.8612,1
44.622,34,-30,1500,1488,-0.14,-0.70,2.7855,5.2048,5.4957,1
44.640,33,-30,1500,1491,-0.14,-0.70,2.7855,5.2048,5.4957,1
44.658,33,-30,1505,1491,-0.14,-0.70,2.7855,5.2048,5.4957,1
44.675,33,-30,1505,1491,-0.14,-0.70,2.7855,5.2048,5.4957,1
44.695,33,-31,1505,1488,-0.14,-0.70,2.7855,5.2048,5.4957,0
44.712,33,-31,1505,1491,-0.14,-0.70,2.7855,5.2048,5.4957,0
44.730,33,-32,1505,1488,-0.14,-0.70,2.7855,5.2048,5.4957,0
44.748,34,-32,1510,1490,-0.14,-0.70,2.7855,5.2048,5.4957,0
44.765,34,-31,1505,1494,-0.14,-0.70,2.7855,5.2048,5.4957,0
44.782,34,-30,1505,1494,-0.14,-0.70,2.7855,5.2048,5.4957,1
44.800,35,-30,1511,1491,0.24,-1.34,2.7855,5.2048,5.4957,1
44.817,34,-30,1500,1491,0.24,-1.34,2.7855,5.2048,5.4957,1
44.834,34,-29,1505,1494,0.24,-1.34,2.7855,5.2048,5.4957,1
44.852,34,-29,1505,1491,0.24,-1.34,2.7855,5.2048,5.4957,1
44.869,33,-29,1500,1491,0.24,-1.34,2.7855,5.2048,5.4957,1
44.887,32,-30,1500,1488,0.24,-1.34,2.7855,5.2048,5.4957,1
44.904,31,-31,1500,1488,0.24,-1.34,2.7855,5.2048,5.4957,0
44.922,30,-32,1499,1488,0.24,-1.34,2.7855,5.2048,5.4957,0
44.940,28,-32,1494,1490,0.24,-1.34,2.7855,5.2048,5.4957,0
44.957,27,-32,1499,1490,0.24,-1.34,2.7855,5.2048,5.4957,0
44.974,25,-31,1493,1494,0.24,-1.34,2.7855,5.2048,5.4957,0
44.991,24,-30,1498,1494,0.24,-1.34,2.7855,5.2048,5.4957,1
45.009,23,-29,1498,1494,0.24,-1.34,2.7855,5.2048,5.4957,1
45.027,21,-30,1493,1488,0.24,-1.34,2.7855,5.2048,5.4957,1
45.045,20,-30,1498,1491,-0.15,-0.97,2.7855,5.2048,5.4957,1
45.064,20,-30,1503,1491,-0.15,-0.97,2.7855,5.2048,5.4957,1
45.081,20,-30,1503,1491,-0.15,-0.97,2.7855,5.2048,5.4957,1
45.100,19,-29,1498,1494,-0.15,-0.97,2.7855,5.2048,5.4957,1
45.118,18,-30,1498,1488,-0.15,-0.97,2.6917,6.0961,8.8194,1
45.135,18,-30,1502,1491,-0.15,-0.97,2.6917,6.0961,8.8194,1
45.153,17,-29,1498,1494,-0.15,-0.97,2.6917,6.0961,8.8194,1
45.171,16,-30,1497,1488,-0.15,-0.97,2.6917,6.0961,8.8194,1
45.189,16,-30,1502,1491,-0.15,-0.97,2.6917,6.0961,8.8194,1
45.206,15,-30,1497,1491,-0.15,-0.97,2.6917,6.0961,8.8194,1
45.223,15,-30,1502,1491,-0.15,-0.97,2.6917,6.0961,8.8194,1
45.241,15,-30,1502,1491,-0.15,-0.97,2.6917,6.0961,8.8194,1
45.259,14,-30,1497,1491,-0.15,-0.97,2.6917,6.0961,8.8194,1
45.276,13,-30,1497,1491,-0.15,-0.97,2.6917,6.0961,8.8194,1
45.293,12,-30,1497,1491,-0.11,-0.85,2.6917,6.0961,8.8194,1
45.312,12,-30,1501,1491,-0.11,-0.85,2.6917,6.0961,8.8194,1
45.329,12,-30,1501,1491,-0.11,-0.85,2.6917,6.0961,8.8194,1
45.348,12,-30,1501,1491,-0.11,-0.85,2.6917,6.0961,8.8194,1
45.365,12,-30,1501,1491,-0.11,-0.85,2.6917,6.0961,8.8194,1
45.382,12,-30,1501,1491,-0.11,-0.85,2.6917,6.0961,8.8194,1
45.402,13,-30,1507,1491,-0.11,-0.85,2.6917,6.0961,8.8194,1
45.419,13,-30,1502,1491,-0.11,-0.85,2.6917,6.0961,8.8194,1
45.436,13,-30,1502,1491,-0.11,-0.85,2.6917,6.0961,8.8194,1
45.453,14,-30,1508,1491,-0.11,-0.85,2.6917,6.0961,8.8194,1
45.470,15,-30,1508,1491,-0.11,-0.85,2.6917,6.0961,8.8194,1
45.488,15,-31,1502,1488,-0.11,-0.85,2.6917,6.0961,8.8194,0
45.505,16,-31,1508,1491,-0.11,-0.85,2.6917,6.0961,8.8194,0
45.522,17,-31,1508,1491,-0.11,-0.85,2.6917,6.0961,8.8194,0
45.539,19,-31,1514,1491,0.10,-1.63,2.6917,6.0961,8.8194,0
45.556,20,-31,1508,1491,0.10,-1.63,2.6917,6.0961,8.8194,0
45.575,21,-31,1509,1491,0.10,-1.63,2.6917,6.0961,8.8194,0
45.593,23,-31,1514,1491,0.10,-1.63,2.6917,6.0961,8.8194,0
45.610,23,-31,1503,1491,0.10,-1.63,2.6917,6.0961,8.8194,0
45.627,25,-30,1515,1494,0.10,-1.63,2.6816,6.8168,9.1757,1
45.645,26,-31,1509,1488,0.10,-1.63,2.6816,6.8168,9.1757,0
45.662,29,-31,1521,1491,0.10,-1.63,2.6816,6.8168,9.1757,0
45.680,30,-30,1510,1494,0.10,-1.63,2.6816,6.8168,9.1757,1
45.697,31,-30,1510,1491,0.10,-1.63,2.6816,6.8168,9.1757,1
45.715,32,-32,1510,1485,0.10,-1.63,2.6816,6.8168,9.1757,0
45.733,34,-32,1516,1490,0.10,-1.63,2.6816,6.8168,9.1757,0
45.751,35,-31,1510,1494,0.10,-1.63,2.6816,6.8168,9.1757,0
45.769,36,-30,1511,1494,0.10,-1.63,2.6816,6.8168,9.1757,1
45.787,37,-31,1511,1488,0.26,-1.88,2.6816,6.8168,9.1757,0
45.805,37,-31,1505,1491,0.26,-1.88,2.6816,6.8168,9.1757,0
45.822,38,-31,1511,1491,0.26,-1.88,2.6816,6.8168,9.1757,0
45.840,38,-32,1505,1488,0.26,-1.88,2.6816,6.8168,9.1757,0
45.858,38,-30,1505,1497,0.26,-1.88,2.6816,6.8168,9.1757,1
45.875,37,-30,1500,1491,0.26,-1.88,2.6816,6.8168,9.1757,1
45.892,37,-32,1505,1488,0.26,-1.88,2.6816,6.8168,9.1757,0
45.910,37,-32,1505,1488,0.26,-1.88,2.6816,6.8168,9.1757,0
45.927,36,-31,1500,1494,0.26,-1.88,2.6816,6.8168,9.1757,0
45.945,36,-31,1505,1491,0.26,-1.88,2.6816,6.8168,9.1757,0
45.963,35,-31,1500,1491,0.26,-1.88,2.6816,6.8168,9.1757,0
45.981,35,-32,1505,1488,0.26,-1.88,2.6816,6.8168,9.1757,0
45.998,34,-31,1500,1494,0.26,-1.88,2.6816,6.8168,9.1757,0
46.015,34,-30,1505,1494,0.26,-1.88,2.6816,6.8168,9.1757,1
46.034,33,-31,1500,1488,1.03,-1.56,2.6816,6.8168,9.1757,0
46.051,33,-31,1505,1491,1.03,-1.56,2.6816,6.8168,9.1757,0
46.069,32,-30,1500,1494,1.03,-1.56,2.6816,6.8168,9.1757,1
46.089,31,-30,1500,1491,1.03,-1.56,2.6816,6.8168,9.1757,1
46.107,31,-31,1504,1488,1.03,-1.56,2.6816,6.8168,9.1757,0
46.125,31,-30,1504,1494,1.03,-1.56,2.8660,8.3481,10.0046,1
46.143,30,-30,1499,1491,1.03,-1.56,2.8660,8.3481,10.0046,1
46.160,30,-30,1504,1491,1.03,-1.56,2.8660,8.3481,10.0046,1
46.178,30,-29,1504,1494,1.03,-1.56,2.8660,8.3481,10.0046,1
46.195,29,-30,1499,1488,1.03,-1.56,2.8660,8.3481,10.0046,1
46.213,30,-30,1510,1491,1.03,-1.56,2.8660,8.3481,10.0046,1
46.230,30,-29,1504,1494,1.03,-1.56,2.8660,8.3481,10.0046,1
46.248,30,-30,1504,1488,1.03,-1.56,2.8660,8.3481,10.0046,1
46.266,30,-29,1504,1494,1.03,-1.56,2.8660,8.3481,10.0046,1
46.283,31,-29,1510,1491,1.15,-1.03,2.8660,8.3481,10.0046,1
46.300,31,-29,1504,1491,1.15,-1.03,2.8660,8.3481,10.0046,1
46.317,31,-30,1504,1488,1.15,-1.03,2.8660,8.3481,10.0046,1
46.335,31,-29,1504,1494,1.15,-1.03,2.8660,8.3481,10.0046,1
46.353,32,-29,1510,1491,1.15,-1.03,2.8660,8.3481,10.0046,1
46.370,32,-29,1504,1491,1.15,-1.03,2.8660,8.3481,10.0046,1
46.388,32,-29,1504,1491,1.15,-1.03,2.8660,8.3481,10.0046,1
46.405,32,-29,1504,1491,1.15,-1.03,2.8660,8.3481,10.0046,1
46.422,32,-29,1504,1491,1.15,-1.03,2.8660,8.3481,10.0046,1
46.443,32,-29,1504,1491,1.15,-1.03,2.8660,8.3481,10.0046,1
46.461,32,-29,1504,1491,1.15,-1.03,2.8660,8.3481,10.0046,1
46.478,33,-28,1510,1495,1.15,-1.03,2.8660,8.3481,10.0046,1
46.496,33,-29,1505,1489,1.15,-1.03,2.8660,8.3481,10.0046,1
46.514,33,-28,1505,1495,1.15,-1.03,2.8660,8.3481,10.0046,1
46.531,34,-28,1511,1492,1.06,-0.26,2.8660,8.3481,10.0046,1
46.549,34,-27,1505,1495,1.06,-0.26,2.8660,8.3481,10.0046,1
46.566,34,-28,1505,1489,1.06,-0.26,2.8660,8.3481,10.0046,1
46.583,35,-29,1511,1488,1.06,-0.26,2.8660,8.3481,10.0046,1
46.600,35,-28,1505,1495,1.06,-0.26,2.8660,8.3481,10.0046,1
46.618,35,-27,1505,1495,1.06,-0.26,2.8660,8.3481,10.0046,1
46.637,35,-27,1505,1492,1.06,-0.26,2.8660,8.3481,10.0046,1
46.657,35,-28,1505,1489,1.06,-0.26,2.8660,8.3481,10.0046,1
46.675,36,-28,1511,1492,1.06,-0.26,2.8660,8.3481,10.0046,1
46.693,36,-27,1505,1492,1.06,-0.26,2.8660,8.3481,10.0046,1
46.710,35,-27,1500,1495,1.06,-0.26,2.8660,8.3481,10.0046,1
46.727,35,-28,1505,1489,1.06,-0.26,2.8660,8.3481,10.0046,1
46.745,35,-28,1505,1492,1.06,-0.26,2.8660,8.3481,10.0046,1
46.763,34,-29,1500,1489,1.06,-0.26,2.8660,8.3481,10.0046,1
46.780,34,-28,1505,1495,1.06,-0.26,2.8660,8.3481,10.0046,1
46.797,33,-28,1500,1492,0.92,-0.32,2.8660,8.3481,10.0046,1
46.815,32,-26,1500,1498,0.92,-0.32,2.8660,8.3481,10.0046,1
46.832,32,-26,1504,1492,0.92,-0.32,2.8660,8.3481,10.0046,1
46.849,32,-26,1504,1492,0.92,-0.32,2.8049,5.6857,8.0808,1
46.866,31,-27,1499,1489,0.92,-0.32,2.8049,5.6857,8.0808,1
46.885,29,-28,1493,1489,0.92,-0.32,2.8049,5.6857,8.0808,1
46.903,28,-28,1500,1492,0.92,-0.32,2.8049,5.6857,8.0808,1
46.924,28,-28,1504,1492,0.92,-0.32,2.8049,5.6857,8.0808,1
46.941,27,-27,1499,1495,0.92,-0.32,2.8049,5.6857,8.0808,1
46.959,27,-27,1504,1492,0.92,-0.32,2.8049,5.6857,8.0808,1
46.976,27,-27,1504,1492,0.92,-0.32,2.8049,5.6857,8.0808,1
46.995,26,-26,1499,1495,0.92,-0.32,2.8049,5.6857,8.0808,1
47.012,27,-26,1509,1492,0.92,-0.32,2.8049,5.6857,8.0808,1
47.030,26,-26,1499,1492,0.92,-0.32,2.8049,5.6857,8.0808,1
47.047,26,-26,1504,1492,0.80,-0.46,2.8049,5.6857,8.0808,1
47.064,26,-26,1504,1492,0.80,-0.46,2.8049,5.6857,8.0808,1
47.083,26,-26,1504,1492,0.80,-0.46,2.8049,5.6857,8.0808,1
47.106,25,-26,1500,1492,0.80,-0.46,2.6328,5.4263,6.1937,1
47.124,25,-25,1503,1495,0.80,-0.46,2.6328,5.4263,6.1937,1
47.147,23,-25,1496,1493,0.80,-0.46,2.6328,5.4263,6.1937,1
47.165,22,-24,1498,1496,0.80,-0.46,2.6328,5.4263,6.1937,1
47.183,21,-24,1498,1493,0.80,-0.46,2.6328,5.4263,6.1937,1
47.200,20,-24,1498,1493,0.80,-0.46,2.6328,5.4263,6.1937,1
47.218,19,-24,1498,1493,0.80,-0.46,2.6328,5.4263,6.1937,1
47.235,18,-24,1498,1493,0.80,-0.46,2.6328,5.4263,6.1937,1
47.252,18,-24,1502,1493,0.80,-0.46,2.6328,5.4263,6.1937,1
47.270,17,-24,1497,1493,0.80,-0.46,2.6328,5.4263,6.1937,1
47.287,15,-24,1491,1493,-0.12,0.05,2.6328,5.4263,6.1937,1
47.304,14,-24,1497,1493,-0.12,0.05,2.6328,5.4263,6.1937,1
47.322,13,-24,1497,1493,-0.12,0.05,2.6328,5.4263,6.1937,1
47.340,12,-24,1497,1493,-0.12,0.05,2.6328,5.4263,6.1937,1
47.359,11,-24,1497,1493,-0.12,0.05,2.7662,5.0249,4.0153,1
47.377,10,-24,1497,1493,-0.12,0.05,2.7662,5.0249,4.0153,1
47.395,9,-24,1496,1493,-0.12,0.05,2.7662,5.0249,4.0153,1
47.414,8,-25,1497,1490,-0.12,0.05,2.7662,5.0249,4.0153,1
47.431,7,-25,1496,1493,-0.12,0.05,2.7662,5.0249,4.0153,1
47.448,6,-25,1496,1493,-0.12,0.05,2.7662,5.0249,4.0153,1
47.466,5,-25,1496,1493,-0.12,0.05,2.7662,5.0249,4.0153,1
47.483,4,-25,1495,1493,-0.12,0.05,2.7662,5.0249,4.0153,1
47.500,3,-25,1495,1493,-0.12,0.05,2.7662,5.0249,4.0153,1
47.517,2,-25,1495,1493,-0.12,0.05,2.7662,5.0249,4.0153,1
47.536,1,-25,1495,1493,-0.75,-0.19,2.7662,5.0249,4.0153,1
47.553,0,-25,1495,1493,-0.75,-0.19,2.7662,5.0249,4.0153,1
47.571,-1,-25,1495,1493,-0.75,-0.19,2.7662,5.0249,4.0153,1
47.589,-2,-25,1495,1493,-0.75,-0.19,2.7662,5.0249,4.0153,1
47.606,-3,-25,1494,1493,-0.75,-0.19,2.9279,4.1168,7.5738,1
47.624,-6,-25,1483,1493,-0.75,-0.19,2.9279,4.1168,7.5738,1
47.641,-7,-25,1494,1493,-0.75,-0.19,2.9279,4.1168,7.5738,1
47.658,-9,-25,1488,1493,-0.75,-0.19,2.9279,4.1168,7.5738,1
47.679,-10,-25,1494,1493,-0.75,-0.19,2.9279,4.1168,7.5738,1
47.698,-11,-25,1494,1493,-0.75,-0.19,2.9279,4.1168,7.5738,1
47.715,-13,-25,1487,1493,-0.75,-0.19,2.9279,4.1168,7.5738,1
47.733,-14,-25,1493,1493,-0.75,-0.19,2.9279,4.1168,7.5738,1
47.751,-16,-25,1487,1493,-0.75,-0.19,2.9279,4.1168,7.5738,1
47.768,-17,-25,1492,1493,-0.75,-0.19,2.9279,4.1168,7.5738,1
47.786,-18,-26,1492,1489,-0.48,-0.62,2.9279,4.1168,7.5738,1
47.803,-19,-26,1492,1492,-0.48,-0.62,2.9279,4.1168,7.5738,1
47.820,-20,-26,1492,1492,-0.48,-0.62,2.9279,4.1168,7.5738,1
47.837,-22,-26,1486,1492,-0.48,-0.62,2.9279,4.1168,7.5738,1
47.855,-23,-26,1491,1492,-0.48,-0.62,2.8905,4.5538,5.1354,1
47.872,-24,-26,1491,1492,-0.48,-0.62,2.8905,4.5538,5.1354,1
47.889,-26,-27,1485,1489,-0.48,-0.62,2.8905,4.5538,5.1354,1
47.906,-27,-27,1491,1492,-0.48,-0.62,2.8905,4.5538,5.1354,1
47.927,-30,-26,1485,1492,-0.48,-0.62,2.8905,4.5538,5.1354,1
47.944,-31,-26,1486,1495,-0.48,-0.62,2.8905,4.5538,5.1354,1
47.962,-31,-26,1496,1492,-0.48,-0.62,2.8905,4.5538,5.1354,1
47.979,-33,-27,1484,1489,-0.48,-0.62,2.8905,4.5538,5.1354,1
47.996,-34,-27,1490,1492,-0.48,-0.62,2.8905,4.5538,5.1354,1
48.014,-34,-28,1495,1489,-0.48,-0.62,2.8905,4.5538,5.1354,1
48.032,-35,-28,1490,1492,-0.48,-0.62,2.8905,4.5538,5.1354,1
48.049,-36,-28,1489,1492,-0.10,-1.46,2.8905,4.5538,5.1354,1
48.067,-36,-28,1495,1492,-0.10,-1.46,2.8905,4.5538,5.1354,1
48.084,-38,-28,1483,1492,-0.10,-1.46,2.8905,4.5538,5.1354,1
48.102,-39,-28,1489,1492,-0.10,-1.46,3.0347,4.0590,6.7836,1
48.121,-39,-28,1495,1492,-0.10,-1.46,3.0347,4.0590,6.7836,1
48.138,-40,-28,1489,1492,-0.10,-1.46,3.0347,4.0590,6.7836,1
48.156,-41,-28,1489,1492,-0.10,-1.46,3.0347,4.0590,6.7836,1
48.173,-41,-29,1494,1489,-0.10,-1.46,3.0347,4.0590,6.7836,1
48.190,-41,-28,1494,1495,-0.10,-1.46,3.0347,4.0590,6.7836,1
48.208,-41,-28,1494,1492,-0.10,-1.46,3.0347,4.0590,6.7836,1
48.225,-42,-28,1488,1492,-0.10,-1.46,3.0347,4.0590,6.7836,1
48.242,-43,-29,1488,1489,-0.10,-1.46,3.0347,4.0590,6.7836,1
48.260,-43,-28,1494,1495,-0.10,-1.46,3.0347,4.0590,6.7836,1
48.278,-43,-29,1494,1489,-0.10,-1.46,3.0347,4.0590,6.7836,1
48.295,-43,-29,1494,1491,-0.30,-2.17,3.0347,4.0590,6.7836,1
48.312,-43,-29,1494,1491,-0.30,-2.17,3.0347,4.0590,6.7836,1
48.329,-43,-28,1494,1495,-0.30,-2.17,3.0347,4.0590,6.7836,1
48.347,-43,-29,1494,1489,-0.30,-2.17,3.3226,3.9467,7.5429,1
48.364,-44,-29,1488,1491,-0.30,-2.17,3.3226,3.9467,7.5429,1
48.384,-44,-29,1494,1491,-0.30,-2.17,3.3226,3.9467,7.5429,1
48.401,-45,-29,1488,1491,-0.30,-2.17,3.3226,3.9467,7.5429,1
48.419,-45,-29,1494,1491,-0.30,-2.17,3.3226,3.9467,7.5429,1
48.436,-46,-29,1488,1491,-0.30,-2.17,3.3226,3.9467,7.5429,1
48.455,-46,-29,1494,1491,-0.30,-2.17,3.3226,3.9467,7.5429,1
48.472,-47,-29,1488,1491,-0.30,-2.17,3.3226,3.9467,7.5429,1
48.491,-50,-29,1476,1491,-0.30,-2.17,3.3226,3.9467,7.5429,1
48.508,-52,-29,1481,1491,-0.30,-2.17,3.3226,3.9467,7.5429,1
48.526,-54,-29,1481,1491,-0.30,-2.17,3.3226,3.9467,7.5429,1
48.544,-55,-29,1487,1491,-0.69,-1.98,3.3226,3.9467,7.5429,1
48.564,-55,-29,1492,1491,-0.69,-1.98,3.3226,3.9467,7.5429,1
48.582,-56,-29,1487,1491,-0.69,-1.98,3.3226,3.9467,7.5429,1
48.603,-58,-29,1482,1491,-0.69,-1.98,3.2464,3.7496,6.1825,1
48.620,-60,-29,1480,1491,-0.69,-1.98,3.2464,3.7496,6.1825,1
48.637,-61,-29,1485,1491,-0.69,-1.98,3.2464,3.7496,6.1825,0
48.655,-63,-29,1479,1491,-0.69,-1.98,3.2464,3.7496,6.1825,0
48.672,-65,-30,1479,1488,-0.69,-1.98,3.2464,3.7496,6.1825,0
48.689,-65,-29,1491,1494,-0.69,-1.98,3.2464,3.7496,6.1825,0
48.709,-68,-29,1474,1491,-0.69,-1.98,3.2464,3.7496,6.1825,0
48.726,-70,-29,1479,1491,-0.69,-1.98,3.2464,3.7496,6.1825,0
48.744,-71,-29,1484,1491,-0.69,-1.98,3.2464,3.7496,6.1825,0
48.762,-72,-28,1484,1494,-0.69,-1.98,3.2464,3.7496,6.1825,0
48.779,-74,-29,1478,1488,-0.69,-1.98,3.2464,3.7496,6.1825,0
48.796,-74,-29,1489,1491,-0.99,-1.03,3.2464,3.7496,6.1825,0
48.814,-75,-29,1483,1491,-0.99,-1.03,3.2464,3.7496,6.1825,0
48.832,-76,-29,1484,1491,-0.99,-1.03,3.2464,3.7496,6.1825,0
48.851,-76,-28,1489,1494,-0.99,-1.03,3.5235,3.7086,6.2710,0
48.868,-77,-28,1483,1492,-0.99,-1.03,3.5235,3.7086,6.2710,0
48.885,-77,-28,1489,1492,-0.99,-1.03,3.5235,3.7086,6.2710,0
48.903,-77,-28,1489,1492,-0.99,-1.03,3.5235,3.7086,6.2710,0
48.921,-78,-28,1483,1492,-0.99,-1.03,3.5235,3.7086,6.2710,0
48.939,-79,-28,1483,1492,-0.99,-1.03,3.5235,3.7086,6.2710,0
48.957,-80,-28,1483,1492,-0.99,-1.03,3.5235,3.7086,6.2710,0
48.975,-80,-28,1488,1492,-0.99,-1.03,3.5235,3.7086,6.2710,0
48.992,-81,-28,1482,1492,-0.99,-1.03,3.5235,3.7086,6.2710,0
49.010,-81,-28,1488,1492,-0.99,-1.03,3.5235,3.7086,6.2710,0
49.028,-82,-28,1483,1492,-0.99,-1.03,3.5235,3.7086,6.2710,0
49.045,-83,-28,1482,1492,-1.07,-0.69,3.5235,3.7086,6.2710,0
49.062,-85,-28,1476,1492,-1.07,-0.69,3.5235,3.7086,6.2710,0
49.079,-85,-27,1488,1495,-1.07,-0.69,3.5235,3.7086,6.2710,0
49.096,-86,-28,1482,1489,-1.07,-0.69,2.9997,4.1225,6.0890,0
49.114,-87,-28,1482,1492,-1.07,-0.69,2.9997,4.1225,6.0890,0
49.131,-88,-27,1482,1495,-1.07,-0.69,2.9997,4.1225,6.0890,0
49.149,-90,-27,1476,1492,-1.07,-0.69,2.9997,4.1225,6.0890,0
49.167,-92,-27,1475,1492,-1.07,-0.69,2.9997,4.1225,6.0890,0
49.185,-94,-27,1475,1492,-1.07,-0.69,2.9997,4.1225,6.0890,0
49.205,-95,-27,1481,1492,-1.07,-0.69,2.9997,4.1225,6.0890,0
49.223,-99,-26,1465,1495,-1.07,-0.69,2.9997,4.1225,6.0890,0
49.240,-102,-26,1468,1492,-1.07,-0.69,2.9997,4.1225,6.0890,0
49.258,-104,-26,1474,1492,-1.07,-0.69,2.9997,4.1225,6.0890,0
49.276,-106,-26,1473,1492,-1.07,-0.69,2.9997,4.1225,6.0890,0
49.294,-108,-26,1473,1492,-1.34,-1.07,2.9997,4.1225,6.0890,0
49.312,-110,-26,1473,1492,-1.34,-1.07,2.9997,4.1225,6.0890,0
49.329,-112,-25,1472,1495,-1.34,-1.07,2.9997,4.1225,6.0890,0
49.348,-113,-25,1478,1493,-1.34,-1.07,3.0892,4.0421,6.4592,0
49.371,-114,-26,1479,1490,-1.34,-1.07,3.0892,4.0421,6.4592,0
49.388,-116,-25,1472,1495,-1.34,-1.07,3.0892,4.0421,6.4592,0
49.406,-116,-25,1483,1493,-1.34,-1.07,3.0892,4.0421,6.4592,0
49.424,-119,-25,1466,1493,-1.34,-1.07,3.0892,4.0421,6.4592,0
49.443,-120,-25,1477,1493,-1.34,-1.07,3.0892,4.0421,6.4592,0
49.460,-122,-24,1471,1496,-1.34,-1.07,3.0892,4.0421,6.4592,0
49.477,-123,-24,1476,1493,-1.34,-1.07,3.0892,4.0421,6.4592,0
49.494,-124,-24,1476,1493,-1.34,-1.07,3.0892,4.0421,6.4592,0
49.511,-125,-24,1476,1493,-1.34,-1.07,3.0892,4.0421,6.4592,0
49.528,-126,-24,1476,1493,-1.84,-0.90,3.0892,4.0421,6.4592,0
49.545,-127,-24,1476,1493,-1.84,-0.90,3.0892,4.0421,6.4592,0
49.565,-127,-24,1481,1493,-1.84,-0.90,3.0892,4.0421,6.4592,0
49.585,-128,-23,1476,1496,-1.84,-0.90,3.0892,4.0421,6.4592,0
49.608,-129,-23,1477,1493,-1.84,-0.90,3.0712,3.9325,6.6114,0
49.625,-130,-23,1475,1493,-1.84,-0.90,3.0712,3.9325,6.6114,0
49.643,-131,-23,1475,1493,-1.84,-0.90,3.0712,3.9325,6.6114,0
49.661,-131,-23,1481,1493,-1.84,-0.90,3.0712,3.9325,6.6114,0
49.678,-132,-23,1475,1493,-1.84,-0.90,3.0712,3.9325,6.6114,0
49.696,-132,-23,1481,1493,-1.84,-0.90,3.0712,3.9325,6.6114,0
49.714,-133,-22,1475,1496,-1.84,-0.90,3.0712,3.9325,6.6114,0
49.731,-134,-22,1475,1493,-1.84,-0.90,3.0712,3.9325,6.6114,0
49.750,-135,-22,1475,1493,-1.84,-0.90,3.0712,3.9325,6.6114,0
49.767,-136,-22,1474,1493,-1.84,-0.90,3.0712,3.9325,6.6114,0
49.785,-137,-22,1474,1493,-1.42,-1.17,3.0712,3.9325,6.6114,0
49.802,-139,-21,1468,1497,-1.42,-1.17,3.0712,3.9325,6.6114,0
49.820,-141,-21,1468,1494,-1.42,-1.17,3.0712,3.9325,6.6114,0
49.838,-141,-21,1479,1494,-1.42,-1.17,3.0712,3.9325,6.6114,0
49.855,-146,-21,1450,1494,-1.42,-1.17,3.5918,3.9231,6.9644,0
49.873,-148,-20,1467,1497,-1.42,-1.17,3.5918,3.9231,6.9644,0
49.890,-151,-19,1460,1497,-1.42,-1.17,3.5918,3.9231,6.9644,0
49.907,-151,-19,1478,1494,-1.42,-1.17,3.5918,3.9231,6.9644,0
49.925,-154,-19,1460,1494,-1.42,-1.17,3.5918,3.9231,6.9644,0
49.942,-155,-18,1471,1498,-1.42,-1.17,3.5918,3.9231,6.9644,0
49.961,-156,-18,1472,1495,-1.42,-1.17,3.5918,3.9231,6.9644,0
49.978,-156,-18,1477,1495,-1.42,-1.17,3.5918,3.9231,6.9644,0
49.995,-158,-18,1465,1495,-1.42,-1.17,3.5918,3.9231,6.9644,0
50.014,-159,-18,1471,1495,-1.42,-1.17,3.5918,3.9231,6.9644,0
50.033,-159,-17,1477,1498,-1.23,-0.37,3.5918,3.9231,6.9644,0
50.050,-160,-17,1471,1495,-1.23,-0.37,3.5918,3.9231,6.9644,0
50.069,-160,-17,1476,1495,-1.23,-0.37,3.5918,3.9231,6.9644,0
50.088,-161,-17,1471,1495,-1.23,-0.37,3.5918,3.9231,6.9644,0
50.107,-161,-17,1476,1495,-1.23,-0.37,3.0200,4.5783,6.9854,0
50.127,-162,-16,1471,1498,-1.23,-0.37,3.0200,4.5783,6.9854,0
50.144,-161,-16,1482,1495,-1.23,-0.37,3.0200,4.5783,6.9854,0
50.161,-161,-15,1476,1499,-1.23,-0.37,3.0200,4.5783,6.9854,0
50.178,-161,-15,1476,1496,-1.23,-0.37,3.0200,4.5783,6.9854,0
50.196,-160,-15,1482,1496,-1.23,-0.37,3.0200,4.5783,6.9854,0
50.213,-159,-15,1482,1496,-1.23,-0.37,3.0200,4.5783,6.9854,0
50.231,-158,-14,1482,1499,-1.23,-0.37,3.0200,4.5783,6.9854,0
50.249,-157,-14,1483,1496,-1.23,-0.37,3.0200,4.5783,6.9854,0
50.266,-156,-14,1483,1496,-1.23,-0.37,3.0200,4.5783,6.9854,0
50.283,-155,-13,1483,1499,-0.16,-0.24,3.0200,4.5783,6.9854,0
50.300,-154,-13,1483,1496,-0.16,-0.24,3.0200,4.5783,6.9854,0
50.318,-153,-12,1483,1499,-0.16,-0.24,3.0200,4.5783,6.9854,0
50.335,-151,-12,1489,1497,-0.16,-0.24,3.0200,4.5783,6.9854,0
50.352,-150,-12,1484,1497,-0.16,-0.24,2.9363,5.3406,8.1512,0
50.371,-149,-12,1484,1497,-0.16,-0.24,2.9363,5.3406,8.1512,0
50.390,-146,-11,1494,1499,-0.16,-0.24,2.9363,5.3406,8.1512,0
50.408,-146,-11,1478,1497,-0.16,-0.24,2.9363,5.3406,8.1512,0
50.426,-143,-10,1495,1500,-0.16,-0.24,2.9363,5.3406,8.1512,0
50.446,-142,-10,1484,1497,-0.16,-0.24,2.9363,5.3406,8.1512,0
50.463,-140,-10,1491,1497,-0.16,-0.24,2.9363,5.3406,8.1512,0
50.481,-138,-9,1491,1500,-0.16,-0.24,2.9363,5.3406,8.1512,0
50.499,-137,-8,1485,1500,-0.16,-0.24,2.9363,5.3406,8.1512,0
50.517,-136,-9,1486,1495,-0.16,-0.24,2.9363,5.3406,8.1512,0
50.535,-134,-8,1492,1500,0.44,0.65,2.9363,5.3406,8.1512,0
50.552,-132,-8,1492,1498,0.44,0.65,2.9363,5.3406,8.1512,0
50.571,-131,-8,1486,1498,0.44,0.65,2.9363,5.3406,8.1512,0
50.588,-129,-7,1492,1500,0.44,0.65,2.9847,4.9557,7.3056,0
50.605,-128,-6,1487,1500,0.44,0.65,2.9847,4.9557,7.3056,0
50.623,-125,-6,1498,1498,0.44,0.65,2.9847,4.9557,7.3056,0
50.643,-125,-6,1482,1498,0.44,0.65,2.9847,4.9557,7.3056,0
50.661,-123,-5,1493,1500,0.44,0.65,2.9847,4.9557,7.3056,0
50.680,-122,-5,1488,1499,0.44,0.65,2.9847,4.9557,7.3056,0
50.697,-121,-5,1488,1499,0.44,0.65,2.9847,4.9557,7.3056,0
50.715,-119,-5,1494,1499,0.44,0.65,2.9847,4.9557,7.3056,0
50.733,-119,-5,1483,1499,0.44,0.65,2.9847,4.9557,7.3056,0
50.750,-118,-4,1488,1501,0.44,0.65,2.9847,4.9557,7.3056,0
50.768,-118,-3,1483,1501,0.44,0.65,2.9847,4.9557,7.3056,0
50.786,-117,-3,1488,1499,-0.23,1.80,2.9847,4.9557,7.3056,0
50.804,-117,-3,1483,1499,-0.23,1.80,2.9847,4.9557,7.3056,0
50.821,-116,-3,1489,1499,-0.23,1.80,2.9847,4.9557,7.3056,0
50.838,-115,-3,1489,1499,-0.23,1.80,2.9053,5.0670,7.6565,0
50.856,-114,-3,1489,1499,-0.23,1.80,2.9053,5.0670,7.6565,0
50.873,-112,-3,1495,1499,-0.23,1.80,2.9053,5.0670,7.6565,0
50.892,-110,-3,1495,1499,-0.23,1.80,2.9053,5.0670,7.6565,0
50.911,-109,-2,1489,1501,-0.23,1.80,2.9053,5.0670,7.6565,0
50.929,-107,-3,1495,1496,-0.23,1.80,2.9053,5.0670,7.6565,0
50.947,-104,-3,1501,1499,-0.23,1.80,2.9053,5.0670,7.6565,0
50.964,-101,-4,1501,1496,-0.23,1.80,2.9053,5.0670,7.6565,0
50.982,-99,-4,1497,1499,-0.23,1.80,2.9053,5.0670,7.6565,0
50.999,-96,-4,1502,1499,-0.23,1.80,2.9053,5.0670,7.6565,0
51.017,-93,-3,1503,1501,-0.23,1.80,2.9053,5.0670,7.6565,0
51.035,-91,-2,1498,1501,-0.73,1.40,2.9053,5.0670,7.6565,0
51.052,-88,-2,1503,1499,-0.73,1.40,2.9053,5.0670,7.6565,0
51.070,-85,-2,1503,1499,-0.73,1.40,2.9053,5.0670,7.6565,0
51.088,-82,-2,1505,1499,-0.73,1.40,3.2182,4.6990,7.9179,0
51.105,-79,-2,1504,1499,-0.73,1.40,3.2182,4.6990,7.9179,0
51.124,-72,-2,1528,1499,-0.73,1.40,3.2182,4.6990,7.9179,0
51.142,-68,-1,1510,1501,-0.73,1.40,3.2182,4.6990,7.9179,0
51.159,-64,-2,1512,1497,-0.73,1.40,3.2182,4.6990,7.9179,0
51.177,-60,-2,1513,1499,-0.73,1.40,3.2182,4.6990,7.9179,1
51.195,-56,-2,1514,1499,-0.73,1.40,3.2182,4.6990,7.9179,1
51.212,-53,-2,1508,1499,-0.73,1.40,3.2182,4.6990,7.9179,1
51.230,-49,-2,1515,1499,-0.73,1.40,3.2182,4.6990,7.9179,1
51.247,-46,-3,1510,1496,-0.73,1.40,3.2182,4.6990,7.9179,1
51.265,-43,-3,1510,1499,-0.73,1.40,3.2182,4.6990,7.9179,1
51.284,-40,-3,1510,1499,-0.58,1.26,3.2182,4.6990,7.9179,1
51.302,-37,-3,1510,1499,-0.58,1.26,3.2182,4.6990,7.9179,1
51.320,-34,-3,1511,1499,-0.58,1.26,3.2182,4.6990,7.9179,1
51.338,-31,-4,1511,1496,-0.58,1.26,3.0496,4.1061,5.8899,1
51.355,-27,-4,1519,1499,-0.58,1.26,3.0496,4.1061,5.8899,1
51.374,-26,-5,1501,1496,-0.58,1.26,3.0496,4.1061,5.8899,1
51.391,-24,-5,1507,1499,-0.58,1.26,3.0496,4.1061,5.8899,1
51.409,-23,-5,1502,1499,-0.58,1.26,3.0496,4.1061,5.8899,1
51.427,-21,-5,1507,1499,-0.58,1.26,3.0496,4.1061,5.8899,1
51.444,-20,-5,1502,1499,-0.58,1.26,3.0496,4.1061,5.8899,1
51.461,-19,-6,1502,1495,-0.58,1.26,3.0496,4.1061,5.8899,1
51.478,-18,-7,1502,1495,-0.58,1.26,3.0496,4.1061,5.8899,1
51.496,-17,-7,1502,1498,-0.58,1.26,3.0496,4.1061,5.8899,1
51.515,-16,-7,1502,1498,-0.58,1.26,3.0496,4.1061,5.8899,1
51.532,-15,-8,1503,1495,0.04,-0.22,3.0496,4.1061,5.8899,1
51.554,-13,-8,1507,1498,0.04,-0.22,3.0496,4.1061,5.8899,1
51.572,-13,-8,1498,1498,0.04,-0.22,3.0496,4.1061,5.8899,1
51.590,-13,-8,1498,1498,0.04,-0.22,3.1038,3.8517,7.3233,1
51.608,-13,-8,1498,1498,0.04,-0.22,3.1038,3.8517,7.3233,1
51.625,-13,-10,1498,1491,0.04,-0.22,3.1038,3.8517,7.3233,1
51.643,-13,-10,1498,1497,0.04,-0.22,3.1038,3.8517,7.3233,1
51.660,-14,-9,1493,1500,0.04,-0.22,3.1038,3.8517,7.3233,1
51.678,-14,-10,1498,1494,0.04,-0.22,3.1038,3.8517,7.3233,1
51.695,-15,-10,1492,1497,0.04,-0.22,3.1038,3.8517,7.3233,1
51.712,-16,-11,1492,1494,0.04,-0.22,3.1038,3.8517,7.3233,1
51.729,-17,-10,1492,1500,0.04,-0.22,3.1038,3.8517,7.3233,1
51.747,-18,-10,1492,1497,0.04,-0.22,3.1038,3.8517,7.3233,1
51.764,-19,-11,1492,1494,0.04,-0.22,3.1038,3.8517,7.3233,1
51.782,-20,-12,1492,1494,0.54,-1.24,3.1038,3.8517,7.3233,1
51.799,-21,-12,1491,1497,0.54,-1.24,3.1038,3.8517,7.3233,1
51.817,-22,-12,1492,1497,0.54,-1.24,3.1038,3.8517,7.3233,1
51.837,-23,-11,1491,1500,0.54,-1.24,3.2282,4.6210,7.0932,1
51.855,-24,-12,1492,1494,0.54,-1.24,3.2282,4.6210,7.0932,1
51.872,-25,-13,1491,1493,0.54,-1.24,3.2282,4.6210,7.0932,1
51.889,-28,-13,1479,1496,0.54,-1.24,3.2282,4.6210,7.0932,1
51.907,-30,-13,1485,1496,0.54,-1.24,3.2282,4.6210,7.0932,1
51.924,-31,-13,1490,1496,0.54,-1.24,3.2282,4.6210,7.0932,1
51.941,-33,-13,1484,1496,0.54,-1.24,3.2282,4.6210,7.0932,1
51.958,-35,-13,1483,1496,0.54,-1.24,3.2282,4.6210,7.0932,1
51.976,-38,-13,1478,1496,0.54,-1.24,3.2282,4.6210,7.0932,1
51.994,-40,-14,1483,1493,0.54,-1.24,3.2282,4.6210,7.0932,1
52.011,-43,-14,1477,1496,0.54,-1.24,3.2282,4.6210,7.0932,1
52.030,-46,-14,1477,1496,-0.16,-0.06,3.2282,4.6210,7.0932,1
52.048,-49,-15,1476,1493,-0.16,-0.06,3.2282,4.6210,7.0932,1
52.069,-53,-14,1474,1498,-0.16,-0.06,3.2282,4.6210,7.0932,1
52.087,-56,-14,1475,1496,-0.16,-0.06,3.1798,4.3665,8.1009,1
52.104,-60,-14,1468,1496,-0.16,-0.06,3.1798,4.3665,8.1009,1
52.121,-64,-14,1467,1496,-0.16,-0.06,3.1798,4.3665,8.1009,0
52.138,-67,-14,1473,1496,-0.16,-0.06,3.1798,4.3665,8.1009,0
52.155,-75,-15,1442,1493,-0.16,-0.06,3.1798,4.3665,8.1009,0
52.173,-78,-15,1471,1496,-0.16,-0.06,3.1798,4.3665,8.1009,0
52.191,-82,-16,1466,1493,-0.16,-0.06,3.1798,4.3665,8.1009,0
52.208,-86,-16,1465,1495,-0.16,-0.06,3.1798,4.3665,8.1009,0
52.227,-89,-16,1471,1495,-0.16,-0.06,3.1798,4.3665,8.1009,0
52.244,-92,-17,1469,1492,-0.16,-0.06,3.1798,4.3665,8.1009,0
52.263,-95,-16,1469,1498,-0.16,-0.06,3.1798,4.3665,8.1009,0
52.280,-97,-16,1475,1495,-0.27,-0.22,3.1798,4.3665,8.1009,0
52.297,-99,-15,1474,1499,-0.27,-0.22,3.1798,4.3665,8.1009,0
52.315,-101,-14,1474,1499,-0.27,-0.22,3.1798,4.3665,8.1009,0
52.335,-102,-14,1480,1496,-0.27,-0.22,2.8890,6.0515,9.9014,0
52.354,-103,-14,1479,1496,-0.27,-0.22,2.8890,6.0515,9.9014,0
52.371,-105,-14,1473,1496,-0.27,-0.22,2.8890,6.0515,9.9014,0
52.388,-105,-14,1485,1496,-0.27,-0.22,2.8890,6.0515,9.9014,0
52.406,-105,-15,1485,1493,-0.27,-0.22,2.8890,6.0515,9.9014,0
52.423,-106,-15,1479,1496,-0.27,-0.22,2.8890,6.0515,9.9014,0
52.440,-106,-15,1485,1496,-0.27,-0.22,2.8890,6.0515,9.9014,0
52.458,-106,-16,1485,1492,-0.27,-0.22,2.8890,6.0515,9.9014,0
52.475,-107,-16,1479,1495,-0.27,-0.22,2.8890,6.0515,9.9014,0
52.492,-107,-16,1484,1495,-0.27,-0.22,2.8890,6.0515,9.9014,0
52.509,-108,-16,1478,1495,-0.27,-0.22,2.8890,6.0515,9.9014,0
52.526,-108,-16,1484,1495,-0.43,-0.25,2.8890,6.0515,9.9014,0
52.543,-108,-17,1484,1492,-0.43,-0.25,2.8890,6.0515,9.9014,0
52.561,-108,-17,1484,1495,-0.43,-0.25,2.8890,6.0515,9.9014,0
52.578,-108,-17,1484,1495,-0.43,-0.25,2.8890,6.0515,9.9014,0
52.595,-108,-18,1484,1492,-0.43,-0.25,2.8088,5.3442,10.2466,0
52.612,-107,-18,1490,1495,-0.43,-0.25,2.8088,5.3442,10.2466,0
52.629,-107,-18,1484,1495,-0.43,-0.25,2.8088,5.3442,10.2466,0
52.646,-106,-18,1490,1495,-0.43,-0.25,2.8088,5.3442,10.2466,0
52.664,-105,-18,1490,1495,-0.43,-0.25,2.8088,5.3442,10.2466,0
52.681,-104,-18,1491,1495,-0.43,-0.25,2.8088,5.3442,10.2466,0
52.698,-103,-19,1491,1491,-0.43,-0.25,2.8088,5.3442,10.2466,0
52.716,-102,-19,1491,1494,-0.43,-0.25,2.8088,5.3442,10.2466,0
52.733,-101,-19,1491,1494,-0.43,-0.25,2.8088,5.3442,10.2466,0
52.751,-99,-18,1497,1497,-0.43,-0.25,2.8088,5.3442,10.2466,0
52.768,-99,-18,1486,1495,-0.43,-0.25,2.8088,5.3442,10.2466,0
52.785,-98,-18,1491,1495,-0.67,0.40,2.8088,5.3442,10.2466,0
52.802,-97,-18,1492,1495,-0.67,0.40,2.8088,5.3442,10.2466,0
52.819,-97,-17,1486,1498,-0.67,0.40,2.8088,5.3442,10.2466,0
52.838,-96,-16,1491,1498,-0.67,0.40,2.8917,4.6411,8.8548,0
52.857,-96,-17,1486,1492,-0.67,0.40,2.8917,4.6411,8.8548,0
52.874,-95,-17,1492,1495,-0.67,0.40,2.8917,4.6411,8.8548,0
52.893,-95,-18,1486,1492,-0.67,0.40,2.8917,4.6411,8.8548,0
52.910,-95,-18,1486,1495,-0.67,0.40,2.8917,4.6411,8.8548,0
52.927,-95,-17,1486,1498,-0.67,0.40,2.8917,4.6411,8.8548,0
52.945,-95,-17,1486,1495,-0.67,0.40,2.8917,4.6411,8.8548,0
52.962,-95,-17,1486,1495,-0.67,0.40,2.8917,4.6411,8.8548,0
52.979,-95,-17,1486,1495,-0.67,0.40,2.8917,4.6411,8.8548,0
52.997,-95,-17,1486,1495,-0.67,0.40,2.8917,4.6411,8.8548,0
53.015,-95,-18,1486,1492,-0.67,0.40,2.8917,4.6411,8.8548,0
53.032,-95,-19,1486,1492,-0.38,0.52,2.8917,4.6411,8.8548,0
53.049,-95,-19,1486,1494,-0.38,0.52,2.8917,4.6411,8.8548,0
53.066,-96,-19,1480,1494,-0.38,0.52,2.8917,4.6411,8.8548,0
53.083,-96,-18,1486,1498,-0.38,0.52,2.8917,4.6411,8.8548,0
53.103,-97,-18,1481,1495,-0.38,0.52,2.9701,3.9157,7.8268,0
53.120,-98,-18,1480,1495,-0.38,0.52,2.9701,3.9157,7.8268,0
53.138,-99,-18,1480,1495,-0.38,0.52,2.9701,3.9157,7.8268,0
53.156,-102,-19,1469,1492,-0.38,0.52,2.9701,3.9157,7.8268,0
53.173,-102,-19,1485,1494,-0.38,0.52,2.9701,3.9157,7.8268,0
53.190,-106,-19,1461,1494,-0.38,0.52,2.9701,3.9157,7.8268,0
53.208,-108,-19,1472,1494,-0.38,0.52,2.9701,3.9157,7.8268,0
53.225,-110,-19,1472,1494,-0.38,0.52,2.9701,3.9157,7.8268,0
53.242,-112,-19,1472,1494,-0.38,0.52,2.9701,3.9157,7.8268,0
53.259,-114,-20,1472,1491,-0.38,0.52,2.9701,3.9157,7.8268,0
53.283,-117,-19,1468,1497,-0.34,0.11,2.9701,3.9157,7.8268,0
53.300,-119,-20,1473,1492,-0.34,0.11,2.9701,3.9157,7.8268,0
53.318,-121,-20,1471,1494,-0.34,0.11,2.9701,3.9157,7.8268,0
53.337,-123,-20,1472,1494,-0.34,0.11,3.0440,4.0059,8.4463,0
53.356,-129,-20,1448,1494,-0.34,0.11,3.0440,4.0059,8.4463,0
53.374,-131,-20,1470,1494,-0.34,0.11,3.0440,4.0059,8.4463,0
53.391,-133,-20,1469,1494,-0.34,0.11,3.0440,4.0059,8.4463,0
53.408,-135,-20,1468,1494,-0.34,0.11,3.0440,4.0059,8.4463,0
53.426,-138,-20,1463,1494,-0.34,0.11,3.0440,4.0059,8.4463,0
53.443,-140,-20,1468,1494,-0.34,0.11,3.0440,4.0059,8.4463,0
53.460,-142,-20,1467,1494,-0.34,0.11,3.0440,4.0059,8.4463,0
53.478,-144,-20,1467,1494,-0.34,0.11,3.0440,4.0059,8.4463,0
53.495,-146,-21,1467,1491,-0.34,0.11,3.0440,4.0059,8.4463,0
53.512,-148,-21,1467,1494,-0.34,0.11,3.0440,4.0059,8.4463,0
53.530,-150,-21,1466,1494,-0.36,-0.05,3.0440,4.0059,8.4463,0
53.548,-152,-21,1467,1494,-0.36,-0.05,3.0440,4.0059,8.4463,0
53.567,-153,-20,1472,1497,-0.36,-0.05,3.0440,4.0059,8.4463,0
53.585,-155,-20,1466,1494,-0.36,-0.05,2.9299,5.4238,8.8549,0
53.603,-157,-21,1466,1491,-0.36,-0.05,2.9299,5.4238,8.8549,0
53.620,-158,-21,1471,1494,-0.36,-0.05,2.9299,5.4238,8.8549,0
53.638,-159,-21,1471,1494,-0.36,-0.05,2.9299,5.4238,8.8549,0
53.655,-159,-21,1477,1494,-0.36,-0.05,2.9299,5.4238,8.8549,0
53.672,-160,-21,1471,1494,-0.36,-0.05,2.9299,5.4238,8.8549,0
53.690,-160,-21,1476,1494,-0.36,-0.05,2.9299,5.4238,8.8549,0
53.708,-160,-21,1476,1494,-0.36,-0.05,2.9299,5.4238,8.8549,0
53.725,-159,-21,1482,1494,-0.36,-0.05,2.9299,5.4238,8.8549,0
53.742,-159,-21,1477,1494,-0.36,-0.05,2.9299,5.4238,8.8549,0
53.759,-158,-21,1483,1494,-0.36,-0.05,2.9299,5.4238,8.8549,0
53.776,-157,-21,1483,1494,-0.51,-0.14,2.9299,5.4238,8.8549,0
53.796,-155,-21,1488,1494,-0.51,-0.14,2.9299,5.4238,8.8549,0
53.813,-153,-21,1489,1494,-0.51,-0.14,2.9299,5.4238,8.8549,0
53.830,-152,-21,1483,1494,-0.51,-0.14,2.9299,5.4238,8.8549,0
53.848,-150,-21,1489,1494,-0.51,-0.14,2.7683,6.4080,9.0934,0
53.865,-149,-22,1484,1491,-0.51,-0.14,2.7683,6.4080,9.0934,0
53.884,-147,-22,1490,1493,-0.51,-0.14,2.7683,6.4080,9.0934,0
53.901,-145,-22,1489,1493,-0.51,-0.14,2.7683,6.4080,9.0934,0
53.920,-145,-22,1479,1493,-0.51,-0.14,2.7683,6.4080,9.0934,0
53.937,-142,-22,1496,1493,-0.51,-0.14,2.7683,6.4080,9.0934,0
53.955,-141,-22,1485,1493,-0.51,-0.14,2.7683,6.4080,9.0934,0
53.972,-141,-22,1479,1493,-0.51,-0.14,2.7683,6.4080,9.0934,0
53.990,-140,-22,1485,1493,-0.51,-0.14,2.7683,6.4080,9.0934,0
54.007,-139,-22,1485,1493,-0.51,-0.14,2.7683,6.4080,9.0934,0
54.024,-139,-22,1480,1493,-0.20,-0.26,2.7683,6.4080,9.0934,0
54.041,-138,-22,1486,1493,-0.20,-0.26,2.7683,6.4080,9.0934,0
54.058,-138,-23,1480,1490,-0.20,-0.26,2.7683,6.4080,9.0934,0
54.076,-137,-23,1486,1493,-0.20,-0.26,2.7683,6.4080,9.0934,0
54.093,-136,-23,1486,1493,-0.20,-0.26,2.6243,5.3418,6.8336,0
54.110,-136,-23,1480,1493,-0.20,-0.26,2.6243,5.3418,6.8336,0
54.127,-135,-23,1486,1493,-0.20,-0.26,2.6243,5.3418,6.8336,0
54.144,-134,-24,1486,1490,-0.20,-0.26,2.6243,5.3418,6.8336,0
54.161,-134,-24,1480,1493,-0.20,-0.26,2.6243,5.3418,6.8336,0
54.179,-133,-23,1486,1496,-0.20,-0.26,2.6243,5.3418,6.8336,0
54.196,-132,-23,1486,1493,-0.20,-0.26,2.6243,5.3418,6.8336,0
54.214,-131,-22,1486,1496,-0.20,-0.26,2.6243,5.3418,6.8336,0
54.231,-130,-22,1487,1493,-0.20,-0.26,2.6243,5.3418,6.8336,0
54.250,-129,-22,1487,1493,-0.20,-0.26,2.6243,5.3418,6.8336,0
54.267,-127,-22,1492,1493,-0.20,-0.26,2.6243,5.3418,6.8336,0
54.288,-125,-22,1491,1493,-0.24,0.08,2.6243,5.3418,6.8336,0
54.305,-121,-22,1505,1493,-0.24,0.08,2.6243,5.3418,6.8336,0
54.323,-121,-22,1482,1493,-0.24,0.08,2.6243,5.3418,6.8336,0
54.340,-117,-23,1505,1490,-0.24,0.08,2.5873,5.4607,7.0899,0
54.357,-115,-23,1495,1493,-0.24,0.08,2.5873,5.4607,7.0899,0
54.375,-113,-22,1495,1496,-0.24,0.08,2.5873,5.4607,7.0899,0
54.392,-112,-22,1489,1493,-0.24,0.08,2.5873,5.4607,7.0899,0
54.410,-110,-22,1495,1493,-0.24,0.08,2.5873,5.4607,7.0899,0
54.427,-109,-22,1490,1493,-0.24,0.08,2.5873,5.4607,7.0899,0
54.445,-108,-22,1490,1493,-0.24,0.08,2.5873,5.4607,7.0899,0
54.463,-107,-22,1490,1493,-0.24,0.08,2.5873,5.4607,7.0899,0
54.480,-106,-22,1490,1493,-0.24,0.08,2.5873,5.4607,7.0899,0
54.498,-105,-22,1490,1493,-0.24,0.08,2.5873,5.4607,7.0899,0
54.515,-104,-22,1491,1493,-0.24,0.08,2.5873,5.4607,7.0899,0
54.532,-104,-22,1485,1493,-0.28,0.26,2.5873,5.4607,7.0899,0
54.549,-103,-22,1491,1493,-0.28,0.26,2.5873,5.4607,7.0899,0
54.566,-102,-22,1491,1493,-0.28,0.26,2.5873,5.4607,7.0899,0
54.584,-102,-23,1485,1490,-0.28,0.26,2.9314,4.5815,8.3523,0
54.602,-102,-23,1485,1493,-0.28,0.26,2.9314,4.5815,8.3523,0
54.619,-102,-23,1485,1493,-0.28,0.26,2.9314,4.5815,8.3523,0
54.638,-103,-23,1480,1493,-0.28,0.26,2.9314,4.5815,8.3523,0
54.656,-103,-23,1485,1493,-0.28,0.26,2.9314,4.5815,8.3523,0
54.674,-104,-23,1479,1493,-0.28,0.26,2.9314,4.5815,8.3523,0
54.692,-105,-23,1479,1493,-0.28,0.26,2.9314,4.5815,8.3523,0
54.709,-106,-23,1479,1493,-0.28,0.26,2.9314,4.5815,8.3523,0
54.726,-107,-22,1479,1496,-0.28,0.26,2.9314,4.5815,8.3523,0
54.743,-108,-22,1478,1493,-0.28,0.26,2.9314,4.5815,8.3523,0
54.761,-109,-22,1478,1493,-0.28,0.26,2.9314,4.5815,8.3523,0
54.778,-110,-22,1478,1493,0.06,-0.04,2.9314,4.5815,8.3523,0
54.796,-111,-22,1478,1493,0.06,-0.04,2.9314,4.5815,8.3523,0
54.814,-112,-22,1478,1493,0.06,-0.04,2.9314,4.5815,8.3523,0
54.831,-113,-22,1478,1493,0.06,-0.04,2.8801,4.6791,8.9860,0
54.850,-115,-23,1472,1490,0.06,-0.04,2.8801,4.6791,8.9860,0
54.867,-116,-23,1477,1493,0.06,-0.04,2.8801,4.6791,8.9860,0
54.885,-119,-23,1466,1493,0.06,-0.04,2.8801,4.6791,8.9860,0
54.903,-121,-23,1471,1493,0.06,-0.04,2.8801,4.6791,8.9860,0
54.920,-122,-23,1476,1493,0.06,-0.04,2.8801,4.6791,8.9860,0
54.940,-124,-22,1472,1496,0.06,-0.04,2.8801,4.6791,8.9860,0
54.958,-125,-22,1476,1493,0.06,-0.04,2.8801,4.6791,8.9860,0
54.975,-125,-22,1482,1493,0.06,-0.04,2.8801,4.6791,8.9860,0
54.992,-127,-22,1470,1493,0.06,-0.04,2.8801,4.6791,8.9860,0
55.010,-128,-22,1475,1493,0.06,-0.04,2.8801,4.6791,8.9860,0
55.030,-129,-21,1476,1496,-0.51,0.40,2.8801,4.6791,8.9860,0
55.047,-130,-21,1475,1494,-0.51,0.40,2.8801,4.6791,8.9860,0
55.065,-131,-22,1475,1491,-0.51,0.40,2.8801,4.6791,8.9860,0
55.082,-133,-23,1469,1490,-0.51,0.40,2.9004,5.9731,9.2612,0
55.100,-134,-22,1475,1496,-0.51,0.40,2.9004,5.9731,9.2612,0
55.118,-136,-21,1468,1497,-0.51,0.40,2.9004,5.9731,9.2612,0
55.135,-136,-21,1480,1494,-0.51,0.40,2.9004,5.9731,9.2612,0
55.152,-137,-22,1474,1491,-0.51,0.40,2.9004,5.9731,9.2612,0
55.170,-137,-23,1480,1490,-0.51,0.40,2.9004,5.9731,9.2612,0
55.187,-137,-23,1480,1493,-0.51,0.40,2.9004,5.9731,9.2612,0
55.204,-137,-22,1480,1496,-0.51,0.40,2.9004,5.9731,9.2612,0
55.221,-137,-21,1480,1497,-0.51,0.40,2.9004,5.9731,9.2612,0
55.238,-137,-21,1480,1494,-0.51,0.40,2.9004,5.9731,9.2612,0
55.255,-137,-22,1480,1491,-0.51,0.40,2.9004,5.9731,9.2612,0
55.273,-136,-23,1486,1490,-0.61,0.51,2.9004,5.9731,9.2612,0
55.290,-136,-23,1480,1493,-0.61,0.51,2.9004,5.9731,9.2612,0
55.312,-135,-22,1485,1496,-0.61,0.51,2.9004,5.9731,9.2612,0
55.330,-134,-21,1486,1497,-0.61,0.51,2.9004,5.9731,9.2612,0
55.351,-133,-22,1485,1491,-0.61,0.51,2.6868,6.8609,9.3088,0
55.373,-131,-23,1490,1491,-0.61,0.51,2.6868,6.8609,9.3088,0
55.391,-128,-22,1498,1496,-0.61,0.51,2.6868,6.8609,9.3088,0
55.408,-126,-22,1493,1493,-0.61,0.51,2.6868,6.8609,9.3088,0
55.425,-124,-22,1493,1493,-0.61,0.51,2.6868,6.8609,9.3088,0
55.442,-122,-23,1494,1490,-0.61,0.51,2.6868,6.8609,9.3088,0
55.460,-119,-24,1500,1490,-0.61,0.51,2.6868,6.8609,9.3088,0
55.477,-117,-24,1494,1493,-0.61,0.51,2.6868,6.8609,9.3088,0
55.494,-114,-24,1500,1493,-0.61,0.51,2.6868,6.8609,9.3088,0
55.512,-111,-23,1500,1496,-0.61,0.51,2.6868,6.8609,9.3088,0
55.529,-108,-23,1501,1493,-0.42,0.35,2.6868,6.8609,9.3088,0
55.548,-105,-23,1500,1493,-0.42,0.35,2.6868,6.8609,9.3088,0
55.566,-102,-23,1501,1493,-0.42,0.35,2.6868,6.8609,9.3088,0
55.583,-99,-24,1502,1490,-0.42,0.35,2.5656,5.8813,8.1791,0
55.601,-93,-25,1520,1490,-0.42,0.35,2.5656,5.8813,8.1791,0
55.618,-89,-25,1509,1493,-0.42,0.35,2.5656,5.8813,8.1791,0
55.636,-86,-25,1504,1493,-0.42,0.35,2.5656,5.8813,8.1791,0
55.653,-82,-24,1510,1496,-0.42,0.35,2.5656,5.8813,8.1791,0
55.670,-79,-24,1505,1493,-0.42,0.35,2.5656,5.8813,8.1791,0
55.687,-76,-24,1505,1493,-0.42,0.35,2.5656,5.8813,8.1791,0
55.704,-73,-24,1506,1493,-0.42,0.35,2.5656,5.8813,8.1791,0
55.722,-71,-24,1500,1493,-0.42,0.35,2.5656,5.8813,8.1791,0
55.740,-68,-24,1505,1493,-0.42,0.35,2.5656,5.8813,8.1791,0
55.758,-65,-25,1507,1490,-0.42,0.35,2.5656,5.8813,8.1791,0
55.775,-62,-25,1508,1493,-0.03,0.43,2.5656,5.8813,8.1791,0
55.792,-59,-25,1508,1493,-0.03,0.43,2.5656,5.8813,8.1791,1
55.810,-56,-26,1508,1489,-0.03,0.43,2.5656,5.8813,8.1791,1
55.827,-53,-25,1509,1496,-0.03,0.43,3.0933,3.7711,9.5514,1
55.844,-50,-24,1509,1496,-0.03,0.43,3.0933,3.7711,9.5514,1
55.862,-47,-24,1509,1493,-0.03,0.43,3.0933,3.7711,9.5514,1
55.880,-44,-24,1510,1493,-0.03,0.43,3.0933,3.7711,9.5514,1
55.898,-41,-24,1511,1493,-0.03,0.43,3.0933,3.7711,9.5514,1
55.916,-39,-24,1504,1493,-0.03,0.43,3.0933,3.7711,9.5514,1
55.934,-36,-24,1511,1493,-0.03,0.43,3.0933,3.7711,9.5514,1
55.952,-32,-24,1517,1493,-0.03,0.43,3.0933,3.7711,9.5514,1
55.969,-29,-25,1512,1490,-0.03,0.43,3.0933,3.7711,9.5514,1
55.987,-27,-25,1507,1493,-0.03,0.43,3.0933,3.7711,9.5514,1
56.004,-25,-25,1507,1493,-0.03,0.43,3.0933,3.7711,9.5514,1
56.021,-22,-24,1514,1496,0.11,0.34,3.0933,3.7711,9.5514,1
56.038,-20,-24,1508,1493,0.11,0.34,3.0933,3.7711,9.5514,1
56.056,-20,-24,1497,1493,0.11,0.34,3.0933,3.7711,9.5514,1
56.076,-16,-24,1517,1493,0.11,0.34,3.0933,3.7711,9.5514,1
56.095,-15,-24,1503,1493,0.11,0.34,2.7257,4.4558,6.6252,1
56.113,-13,-25,1508,1490,0.11,0.34,2.7257,4.4558,6.6252,1
56.132,-12,-26,1503,1490,0.11,0.34,2.7257,4.4558,6.6252,1
56.149,-11,-26,1504,1492,0.11,0.34,2.7257,4.4558,6.6252,1
56.167,-10,-25,1503,1495,0.11,0.34,2.7257,4.4558,6.6252,1
56.184,-9,-25,1504,1493,0.11,0.34,2.7257,4.4558,6.6252,1
56.201,-8,-24,1504,1496,0.11,0.34,2.7257,4.4558,6.6252,1
56.218,-8,-25,1499,1490,0.11,0.34,2.7257,4.4558,6.6252,1
56.236,-7,-25,1504,1493,0.11,0.34,2.7257,4.4558,6.6252,1
56.253,-7,-25,1499,1493,0.11,0.34,2.7257,4.4558,6.6252,1
56.270,-7,-26,1499,1489,0.71,0.37,2.7257,4.4558,6.6252,1
56.288,-7,-27,1499,1489,0.71,0.37,2.7257,4.4558,6.6252,1
56.305,-7,-27,1499,1492,0.71,0.37,2.7257,4.4558,6.6252,1
56.323,-7,-28,1499,1489,0.71,0.37,2.7257,4.4558,6.6252,1
56.341,-7,-28,1499,1492,0.71,0.37,3.0300,4.0899,9.4981,1
56.358,-7,-27,1499,1495,0.71,0.37,3.0300,4.0899,9.4981,1
56.375,-7,-28,1499,1489,0.71,0.37,3.0300,4.0899,9.4981,1
56.393,-7,-28,1499,1492,0.71,0.37,3.0300,4.0899,9.4981,1
56.411,-7,-28,1499,1492,0.71,0.37,3.0300,4.0899,9.4981,1
56.430,-7,-28,1499,1492,0.71,0.37,3.0300,4.0899,9.4981,1
56.449,-7,-28,1499,1492,0.71,0.37,3.0300,4.0899,9.4981,1
56.466,-6,-29,1504,1489,0.71,0.37,3.0300,4.0899,9.4981,1
56.485,-6,-28,1500,1494,0.71,0.37,3.0300,4.0899,9.4981,1
56.503,-6,-29,1500,1489,0.71,0.37,3.0300,4.0899,9.4981,1
56.520,-7,-29,1494,1491,0.78,-0.20,3.0300,4.0899,9.4981,1
56.539,-7,-29,1499,1491,0.78,-0.20,3.0300,4.0899,9.4981,1
56.556,-7,-29,1499,1491,0.78,-0.20,3.0300,4.0899,9.4981,1
56.574,-7,-29,1499,1491,0.78,-0.20,3.0300,4.0899,9.4981,1
56.591,-8,-29,1493,1491,0.78,-0.20,2.8187,5.2174,8.4303,1
56.608,-9,-29,1493,1491,0.78,-0.20,2.8187,5.2174,8.4303,1
56.626,-10,-29,1493,1491,0.78,-0.20,2.8187,5.2174,8.4303,1
56.643,-11,-29,1493,1491,0.78,-0.20,2.8187,5.2174,8.4303,1
56.661,-12,-29,1493,1491,0.78,-0.20,2.8187,5.2174,8.4303,1
56.681,-13,-29,1493,1491,0.78,-0.20,2.8187,5.2174,8.4303,1
56.698,-15,-30,1487,1488,0.78,-0.20,2.8187,5.2174,8.4303,1
56.716,-16,-30,1493,1491,0.78,-0.20,2.8187,5.2174,8.4303,1
56.735,-17,-30,1492,1491,0.78,-0.20,2.8187,5.2174,8.4303,1
56.752,-18,-30,1492,1491,0.78,-0.20,2.8187,5.2174,8.4303,1
56.771,-20,-30,1487,1491,0.60,-0.26,2.8187,5.2174,8.4303,1
56.788,-20,-30,1497,1491,0.60,-0.26,2.8187,5.2174,8.4303,1
56.807,-21,-29,1492,1494,0.60,-0.26,2.8187,5.2174,8.4303,1
56.827,-23,-29,1487,1491,0.60,-0.26,2.9924,5.2608,10.1964,1
56.844,-26,-29,1479,1491,0.60,-0.26,2.9924,5.2608,10.1964,1
56.864,-30,-29,1476,1491,0.60,-0.26,2.9924,5.2608,10.1964,1
56.882,-31,-30,1490,1488,0.60,-0.26,2.9924,5.2608,10.1964,1
56.900,-33,-30,1484,1491,0.60,-0.26,2.9924,5.2608,10.1964,1
56.917,-35,-31,1484,1488,0.60,-0.26,2.9924,5.2608,10.1964,0
56.935,-37,-30,1484,1494,0.60,-0.26,2.9924,5.2608,10.1964,1
56.952,-38,-31,1489,1488,0.60,-0.26,2.9924,5.2608,10.1964,0
56.970,-40,-30,1483,1494,0.60,-0.26,2.9924,5.2608,10.1964,1
56.988,-42,-30,1483,1491,0.60,-0.26,2.9924,5.2608,10.1964,1
57.006,-43,-30,1488,1491,0.60,-0.26,2.9924,5.2608,10.1964,1
57.023,-44,-31,1488,1488,0.34,0.05,2.9924,5.2608,10.1964,0
57.041,-46,-31,1483,1491,0.34,0.05,2.9924,5.2608,10.1964,0
57.059,-47,-30,1488,1494,0.34,0.05,2.9924,5.2608,10.1964,1
57.076,-48,-30,1487,1491,0.34,0.05,2.9039,5.7570,8.7758,1
57.094,-49,-30,1487,1491,0.34,0.05,2.9039,5.7570,8.7758,1
57.111,-50,-31,1487,1488,0.34,0.05,2.9039,5.7570,8.7758,0
57.129,-51,-31,1487,1491,0.34,0.05,2.9039,5.7570,8.7758,0
57.148,-51,-30,1493,1494,0.34,0.05,2.9039,5.7570,8.7758,1
57.165,-52,-30,1487,1491,0.34,0.05,2.9039,5.7570,8.7758,1
57.183,-52,-31,1493,1488,0.34,0.05,2.9039,5.7570,8.7758,0
57.201,-52,-32,1493,1488,0.34,0.05,2.9039,5.7570,8.7758,0
57.219,-52,-30,1493,1497,0.34,0.05,2.9039,5.7570,8.7758,1
57.237,-51,-31,1498,1488,0.34,0.05,2.9039,5.7570,8.7758,0
57.254,-50,-32,1499,1488,0.34,0.05,2.9039,5.7570,8.7758,0
57.272,-50,-33,1493,1487,-0.10,-0.94,2.9039,5.7570,8.7758,0
57.289,-48,-32,1504,1493,-0.10,-0.94,2.9039,5.7570,8.7758,0
57.307,-48,-32,1493,1490,-0.10,-0.94,2.9039,5.7570,8.7758,0
57.325,-47,-31,1499,1494,-0.10,-0.94,2.7208,7.0968,10.0521,0
57.342,-47,-31,1493,1491,-0.10,-0.94,2.7208,7.0968,10.0521,0
57.360,-46,-32,1499,1488,-0.10,-0.94,2.7208,7.0968,10.0521,0
57.377,-45,-32,1499,1490,-0.10,-0.94,2.7208,7.0968,10.0521,0
57.395,-45,-33,1494,1488,-0.10,-0.94,2.7208,7.0968,10.0521,0
57.412,-44,-34,1500,1487,-0.10,-0.94,2.7208,7.0968,10.0521,0
57.430,-44,-34,1494,1490,-0.10,-0.94,2.7208,7.0968,10.0521,0
57.447,-44,-32,1494,1496,-0.10,-0.94,2.7208,7.0968,10.0521,0
57.464,-44,-32,1494,1490,-0.10,-0.94,2.7208,7.0968,10.0521,0
57.482,-44,-32,1494,1490,-0.10,-0.94,2.7208,7.0968,10.0521,0
57.499,-45,-32,1488,1490,-0.10,-0.94,2.7208,7.0968,10.0521,0
57.517,-45,-32,1494,1490,0.01,-0.87,2.7208,7.0968,10.0521,0
57.536,-45,-32,1494,1490,0.01,-0.87,2.7208,7.0968,10.0521,0
57.557,-46,-32,1488,1490,0.01,-0.87,2.7208,7.0968,10.0521,0
57.584,-47,-33,1490,1488,0.01,-0.87,2.5841,6.2278,7.5489,0
57.603,-48,-33,1489,1490,0.01,-0.87,2.5841,6.2278,7.5489,0
57.623,-50,-34,1483,1487,0.01,-0.87,2.5841,6.2278,7.5489,0
57.643,-52,-35,1482,1487,0.01,-0.87,2.5841,6.2278,7.5489,0
57.661,-53,-34,1487,1493,0.01,-0.87,2.5841,6.2278,7.5489,0
57.680,-55,-34,1482,1490,0.01,-0.87,2.5841,6.2278,7.5489,0
57.697,-56,-33,1486,1493,0.01,-0.87,2.5841,6.2278,7.5489,0
57.715,-59,-33,1474,1490,0.01,-0.87,2.5841,6.2278,7.5489,0
57.735,-60,-33,1486,1490,0.01,-0.87,2.5841,6.2278,7.5489,0
57.752,-61,-34,1486,1487,0.01,-0.87,2.5841,6.2278,7.5489,0
57.770,-62,-35,1485,1487,-0.16,-0.38,2.5841,6.2278,7.5489,0
57.788,-63,-34,1486,1493,-0.16,-0.38,2.5841,6.2278,7.5489,0
57.810,-63,-34,1491,1490,-0.16,-0.38,2.5841,6.2278,7.5489,0
57.828,-64,-32,1486,1495,-0.16,-0.38,2.8712,5.9912,8.9201,0
57.847,-64,-33,1491,1488,-0.16,-0.38,2.8712,5.9912,8.9201,0
57.865,-64,-33,1491,1490,-0.16,-0.38,2.8712,5.9912,8.9201,0
57.883,-64,-34,1491,1487,-0.16,-0.38,2.8712,5.9912,8.9201,0
57.900,-64,-33,1491,1493,-0.16,-0.38,2.8712,5.9912,8.9201,0
57.917,-63,-33,1497,1490,-0.16,-0.38,2.8712,5.9912,8.9201,0
57.935,-63,-34,1491,1487,-0.16,-0.38,2.8712,5.9912,8.9201,0
57.952,-62,-35,1497,1487,-0.16,-0.38,2.8712,5.9912,8.9201,0
57.969,-62,-35,1491,1490,-0.16,-0.38,2.8712,5.9912,8.9201,0
57.987,-61,-35,1497,1490,-0.16,-0.38,2.8712,5.9912,8.9201,0
58.005,-60,-34,1497,1493,-0.16,-0.38,2.8712,5.9912,8.9201,0
58.022,-59,-33,1497,1493,-0.49,-0.28,2.8712,5.9912,8.9201,0
58.039,-59,-34,1492,1487,-0.49,-0.28,2.8712,5.9912,8.9201,0
58.060,-57,-34,1501,1490,-0.49,-0.28,2.8712,5.9912,8.9201,0
58.079,-56,-35,1497,1487,-0.49,-0.28,2.8712,5.9912,8.9201,0
58.097,-55,-35,1498,1490,-0.49,-0.28,2.6616,5.7823,8.0382,0
58.114,-53,-36,1503,1487,-0.49,-0.28,2.6616,5.7823,8.0382,0
58.131,-52,-36,1498,1489,-0.49,-0.28,2.6616,5.7823,8.0382,0
58.149,-51,-35,1498,1492,-0.49,-0.28,2.6616,5.7823,8.0382,0
58.167,-50,-34,1499,1493,-0.49,-0.28,2.6616,5.7823,8.0382,0
58.184,-49,-34,1499,1490,-0.49,-0.28,2.6616,5.7823,8.0382,0
58.201,-49,-35,1493,1487,-0.49,-0.28,2.6616,5.7823,8.0382,0
58.218,-48,-35,1499,1490,-0.49,-0.28,2.6616,5.7823,8.0382,0
58.237,-48,-35,1493,1490,-0.49,-0.28,2.6616,5.7823,8.0382,0
58.254,-47,-36,1499,1486,-0.49,-0.28,2.6616,5.7823,8.0382,0
58.271,-47,-36,1493,1489,-0.58,-1.41,2.6616,5.7823,8.0382,0
58.291,0,0,1500,1500,-0.58,-1.41,2.6616,5.7823,8.0382,0
58.310,0,0,1500,1500,-0.58,-1.41,2.6616,5.7823,8.0382,0
58.329,-47,-37,1493,1486,-0.58,-1.41,2.7768,5.3247,9.6250,0
58.347,-47,-37,1493,1489,-0.58,-1.41,2.7768,5.3247,9.6250,0
58.365,-47,-36,1493,1492,-0.58,-1.41,2.7768,5.3247,9.6250,0
58.383,-47,-35,1493,1493,-0.58,-1.41,2.7768,5.3247,9.6250,0
58.400,-46,-35,1499,1490,-0.58,-1.41,2.7768,5.3247,9.6250,0
58.418,-46,-36,1494,1487,-0.58,-1.41,2.7768,5.3247,9.6250,0
58.435,-45,-37,1500,1486,-0.58,-1.41,2.7768,5.3247,9.6250,0
58.453,-45,-37,1494,1489,-0.58,-1.41,2.7768,5.3247,9.6250,0
58.470,0,0,1500,1500,-0.58,-1.41,2.7768,5.3247,9.6250,0
58.488,-44,-38,1500,1486,-0.58,-1.41,2.7768,5.3247,9.6250,0
58.505,-43,-37,1500,1492,-0.58,-1.41,2.7768,5.3247,9.6250,0
58.522,-43,-37,1494,1489,-0.34,-1.52,2.7768,5.3247,9.6250,0
58.539,-43,-37,1494,1489,-0.34,-1.52,2.7768,5.3247,9.6250,0
58.557,-43,-37,1494,1489,-0.34,-1.52,2.7768,5.3247,9.6250,0
58.576,-42,-37,1499,1489,-0.34,-1.52,2.8873,5.6473,7.9914,0
58.594,-42,-37,1494,1489,-0.34,-1.52,2.8873,5.6473,7.9914,0
58.612,-42,-38,1494,1486,-0.34,-1.52,2.8873,5.6473,7.9914,0
58.630,-42,-38,1494,1489,-0.34,-1.52,2.8873,5.6473,7.9914,0
58.648,-42,-39,1494,1486,-0.34,-1.52,2.8873,5.6473,7.9914,0
58.667,-42,-38,1494,1492,-0.34,-1.52,2.8873,5.6473,7.9914,0
58.684,-42,-38,1494,1489,-0.34,-1.52,2.8873,5.6473,7.9914,0
58.702,-42,-37,1494,1492,-0.34,-1.52,2.8873,5.6473,7.9914,0
58.719,-42,-38,1494,1486,-0.34,-1.52,2.8873,5.6473,7.9914,0
58.736,-42,-38,1494,1489,-0.34,-1.52,2.8873,5.6473,7.9914,0
58.753,-42,-38,1494,1489,-0.34,-1.52,2.8873,5.6473,7.9914,0
58.770,-42,-39,1494,1486,-0.02,-1.61,2.8873,5.6473,7.9914,0
58.788,-42,-39,1494,1489,-0.02,-1.61,2.8873,5.6473,7.9914,0
58.806,-42,-38,1494,1492,-0.02,-1.61,2.8873,5.6473,7.9914,0
58.823,-42,-38,1494,1489,-0.02,-1.61,2.8625,5.5069,8.4390,0
58.840,-42,-38,1494,1489,-0.02,-1.61,2.8625,5.5069,8.4390,0
58.858,-41,-38,1500,1489,-0.02,-1.61,2.8625,5.5069,8.4390,0
58.875,-41,-39,1494,1486,-0.02,-1.61,2.8625,5.5069,8.4390,0
58.892,-41,-39,1494,1488,-0.02,-1.61,2.8625,5.5069,8.4390,0
58.910,-40,-39,1500,1488,-0.02,-1.61,2.8625,5.5069,8.4390,0
58.927,-40,-38,1494,1492,-0.02,-1.61,2.8625,5.5069,8.4390,0
58.945,-40,-38,1494,1489,-0.02,-1.61,2.8625,5.5069,8.4390,0
58.963,-39,-39,1500,1486,-0.02,-1.61,2.8625,5.5069,8.4390,0
58.981,-39,-39,1495,1488,-0.02,-1.61,2.8625,5.5069,8.4390,0
58.999,-39,-39,1495,1488,-0.02,-1.61,2.8625,5.5069,8.4390,0
59.018,-38,-39,1500,1488,0.31,-1.75,2.8625,5.5069,8.4390,0
59.035,-38,-38,1495,1492,0.31,-1.75,2.8625,5.5069,8.4390,0
59.053,-38,-38,1495,1489,0.31,-1.75,2.8625,5.5069,8.4390,0
59.072,-38,-38,1495,1489,0.31,-1.75,2.7296,5.7425,8.1005,0
59.090,-38,-39,1495,1486,0.31,-1.75,2.7296,5.7425,8.1005,0
59.107,-38,-38,1495,1492,0.31,-1.75,2.7296,5.7425,8.1005,0
59.125,-37,-38,1500,1489,0.31,-1.75,2.7296,5.7425,8.1005,0
59.143,-37,-39,1495,1486,0.31,-1.75,2.7296,5.7425,8.1005,0
59.160,-36,-39,1500,1488,0.31,-1.75,2.7296,5.7425,8.1005,0
59.178,-35,-38,1500,1492,0.31,-1.75,2.7296,5.7425,8.1005,0
59.196,-32,-39,1511,1486,0.31,-1.75,2.7296,5.7425,8.1005,0
59.213,-32,-39,1496,1488,0.31,-1.75,2.7296,5.7425,8.1005,0
59.230,-30,-38,1507,1492,0.31,-1.75,2.7296,5.7425,8.1005,0
59.248,-29,-38,1501,1489,0.31,-1.75,2.7296,5.7425,8.1005,0
59.265,-28,-40,1501,1482,0.07,-1.88,2.7296,5.7425,8.1005,0
59.283,-26,-39,1507,1491,0.07,-1.88,2.7296,5.7425,8.1005,0
59.300,-26,-39,1496,1488,0.07,-1.88,2.7296,5.7425,8.1005,0
59.321,-24,-38,1506,1491,0.07,-1.88,2.7296,5.7425,8.1005,0
59.339,-23,-38,1501,1489,0.07,-1.88,2.6119,7.4895,9.7694,0
59.356,-21,-39,1508,1486,0.07,-1.88,2.6119,7.4895,9.7694,0
59.375,-18,-39,1513,1488,0.07,-1.88,2.6119,7.4895,9.7694,0
59.392,-16,-38,1508,1491,0.07,-1.88,2.6119,7.4895,9.7694,0
59.409,-14,-38,1509,1489,0.07,-1.88,2.6119,7.4895,9.7694,0
59.427,-12,-39,1509,1486,0.07,-1.88,2.6119,7.4895,9.7694,0
59.444,-10,-39,1509,1488,0.07,-1.88,2.6119,7.4895,9.7694,0
59.462,-9,-39,1504,1488,0.07,-1.88,2.6119,7.4895,9.7694,0
59.479,-7,-38,1510,1492,0.07,-1.88,2.6119,7.4895,9.7694,0
59.498,-5,-38,1510,1489,0.07,-1.88,2.6119,7.4895,9.7694,0
59.515,-4,-39,1504,1486,0.52,-1.61,2.6119,7.4895,9.7694,0
59.536,-2,-40,1509,1486,0.52,-1.61,2.6119,7.4895,9.7694,0
59.553,-1,-40,1505,1488,0.52,-1.61,2.6119,7.4895,9.7694,0
59.570,-1,-40,1500,1488,0.52,-1.61,2.7206,5.6656,9.4802,0
59.588,0,-39,1505,1491,0.52,-1.61,2.7206,5.6656,9.4802,0
59.606,1,-38,1505,1492,0.52,-1.61,2.7206,5.6656,9.4802,0
59.623,1,-39,1500,1486,0.52,-1.61,2.7206,5.6656,9.4802,0
59.641,2,-39,1505,1488,0.52,-1.61,2.7206,5.6656,9.4802,0
59.659,2,-39,1500,1488,0.52,-1.61,2.7206,5.6656,9.4802,0
59.676,2,-40,1500,1485,0.52,-1.61,2.7206,5.6656,9.4802,0
59.695,3,-39,1505,1491,0.52,-1.61,2.7206,5.6656,9.4802,0
59.712,3,-39,1500,1488,0.52,-1.61,2.7206,5.6656,9.4802,0
59.729,4,-38,1506,1492,0.52,-1.61,2.7206,5.6656,9.4802,0
59.746,4,-38,1500,1489,0.52,-1.61,2.7206,5.6656,9.4802,0
59.764,5,-38,1506,1489,1.22,-0.88,2.7206,5.6656,9.4802,0
59.782,6,-38,1506,1489,1.22,-0.88,2.7206,5.6656,9.4802,0
59.799,0,0,1500,1500,1.22,-0.88,2.7206,5.6656,9.4802,0
59.817,9,-39,1519,1486,1.22,-0.88,2.7206,5.6656,9.4802,0
59.835,12,-38,1518,1492,1.22,-0.88,3.0453,5.4547,8.9630,0
59.855,13,-37,1506,1492,1.22,-0.88,3.0453,5.4547,8.9630,0
59.872,16,-37,1519,1489,1.22,-0.88,3.0453,5.4547,8.9630,0
59.890,18,-38,1513,1486,1.22,-0.88,3.0453,5.4547,8.9630,0
59.908,21,-38,1520,1489,1.22,-0.88,3.0453,5.4547,8.9630,0
59.927,23,-38,1514,1489,1.22,-0.88,3.0453,5.4547,8.9630,0
59.947,26,-37,1519,1492,1.22,-0.88,3.0453,5.4547,8.9630,0
59.964,27,-37,1509,1489,1.22,-0.88,3.0453,5.4547,8.9630,0
59.981,30,-37,1521,1489,1.22,-0.88,3.0453,5.4547,8.9630,0
59.998,31,-36,1510,1492,1.22,-0.88,3.0453,5.4547,8.9630,0
