elapsed_s,err_x_px,err_pitch_px,target_roll_us,target_pitch_us,actual_roll_deg,actual_pitch_deg,vib_x,vib_y,vib_z,aligned
0.017,-9,-30,1500,1500,-0.66,0.20,2.4634,3.9624,6.9265,1
0.035,-8,-30,1500,1500,-0.66,0.20,2.4634,3.9624,6.9265,1
0.052,-7,-30,1500,1500,-0.66,0.20,2.4634,3.9624,6.9265,1
0.070,-7,-30,1500,1500,-0.66,0.20,2.4634,3.9624,6.9265,1
0.087,-6,-30,1500,1500,-0.66,0.20,2.4634,3.9624,6.9265,1
0.104,-5,-30,1500,1500,-0.66,0.20,2.4634,3.9624,6.9265,1
0.122,-5,-30,1500,1500,-0.66,0.20,2.4634,3.9624,6.9265,1
0.139,-4,-30,1500,1500,-0.66,0.20,2.4634,3.9624,6.9265,1
0.157,-3,-30,1500,1500,-0.37,0.24,2.4634,3.9624,6.9265,1
0.174,-2,-30,1500,1500,-0.37,0.24,2.4634,3.9624,6.9265,1
0.193,-1,-30,1500,1500,-0.37,0.24,2.4634,3.9624,6.9265,1
0.211,0,-30,1500,1500,-0.37,0.24,2.4634,3.9624,6.9265,1
0.229,0,-30,1500,1500,-0.37,0.24,2.3618,4.3517,5.7887,1
0.248,1,-31,1500,1500,-0.37,0.24,2.3618,4.3517,5.7887,0
0.265,3,-30,1500,1500,-0.37,0.24,2.3618,4.3517,5.7887,1
0.284,3,-30,1500,1500,-0.37,0.24,2.3618,4.3517,5.7887,1
0.301,4,-30,1500,1500,-0.37,0.24,2.3618,4.3517,5.7887,1
0.318,4,-29,1500,1500,-0.37,0.24,2.3618,4.3517,5.7887,1
0.335,4,-30,1500,1500,-0.37,0.24,2.3618,4.3517,5.7887,1
0.353,3,-29,1500,1500,-0.37,0.24,2.3618,4.3517,5.7887,1
0.371,3,-30,1500,1500,-0.37,0.24,2.3618,4.3517,5.7887,1
0.389,2,-29,1500,1500,-0.37,0.24,2.3618,4.3517,5.7887,1
0.406,2,-29,1500,1500,0.19,0.36,2.3618,4.3517,5.7887,1
0.423,2,-29,1500,1500,0.19,0.36,2.3618,4.3517,5.7887,1
0.442,2,-29,1500,1500,0.19,0.36,2.3618,4.3517,5.7887,1
0.459,3,-29,1500,1500,0.19,0.36,2.3618,4.3517,5.7887,1
0.477,4,-29,1500,1500,0.19,0.36,3.0348,3.4899,9.5454,1
0.494,5,-29,1500,1500,0.19,0.36,3.0348,3.4899,9.5454,1
0.512,6,-28,1500,1500,0.19,0.36,3.0348,3.4899,9.5454,1
0.529,9,-29,1500,1500,0.19,0.36,3.0348,3.4899,9.5454,1
0.547,10,-29,1500,1500,0.19,0.36,3.0348,3.4899,9.5454,1
0.565,11,-29,1500,1500,0.19,0.36,3.0348,3.4899,9.5454,1
0.583,12,-30,1500,1500,0.19,0.36,3.0348,3.4899,9.5454,1
0.601,13,-29,1500,1500,0.19,0.36,3.0348,3.4899,9.5454,1
0.618,13,-29,1500,1500,0.19,0.36,3.0348,3.4899,9.5454,1
0.636,14,-29,1500,1500,0.19,0.36,3.0348,3.4899,9.5454,1
0.654,15,-29,1500,1500,-0.06,0.31,3.0348,3.4899,9.5454,1
0.671,15,-29,1500,1500,-0.06,0.31,3.0348,3.4899,9.5454,1
0.688,17,-29,1500,1500,-0.06,0.31,3.0348,3.4899,9.5454,1
0.706,18,-28,1500,1500,-0.06,0.31,3.0348,3.4899,9.5454,1
0.723,20,-27,1500,1500,-0.06,0.31,2.8095,3.8283,9.5919,1
0.740,23,-27,1500,1500,-0.06,0.31,2.8095,3.8283,9.5919,1
0.758,24,-28,1500,1500,-0.06,0.31,2.8095,3.8283,9.5919,1
0.775,25,-27,1500,1500,-0.06,0.31,2.8095,3.8283,9.5919,1
0.793,29,-27,1500,1500,-0.06,0.31,2.8095,3.8283,9.5919,1
0.811,31,-27,1500,1500,-0.06,0.31,2.8095,3.8283,9.5919,1
0.830,32,-27,1500,1500,-0.06,0.31,2.8095,3.8283,9.5919,1
0.848,34,-27,1500,1500,-0.06,0.31,2.8095,3.8283,9.5919,1
0.866,36,-28,1500,1500,-0.06,0.31,2.8095,3.8283,9.5919,1
0.884,38,-28,1500,1500,-0.06,0.31,2.8095,3.8283,9.5919,1
0.902,40,-28,1500,1500,-0.06,0.31,2.8095,3.8283,9.5919,1
0.919,42,-28,1500,1500,0.23,0.23,2.8095,3.8283,9.5919,1
0.936,43,-27,1500,1500,0.23,0.23,2.8095,3.8283,9.5919,1
0.956,45,-26,1500,1500,0.23,0.23,2.8095,3.8283,9.5919,1
0.975,48,-26,1500,1500,0.23,0.23,2.7858,3.6745,8.6884,1
0.993,50,-25,1500,1500,0.23,0.23,2.7858,3.6745,8.6884,1
1.010,53,-26,1500,1500,0.23,0.23,2.7858,3.6745,8.6884,1
1.028,58,-26,1500,1500,0.23,0.23,2.7858,3.6745,8.6884,1
1.045,60,-26,1500,1500,0.23,0.23,2.7858,3.6745,8.6884,1
1.062,63,-26,1500,1500,0.23,0.23,2.7858,3.6745,8.6884,0
1.080,66,-25,1500,1500,0.23,0.23,2.7858,3.6745,8.6884,0
1.097,69,-25,1500,1500,0.23,0.23,2.7858,3.6745,8.6884,0
1.117,69,-25,1500,1500,0.23,0.23,2.7858,3.6745,8.6884,0
1.134,72,-24,1500,1500,0.23,0.23,2.7858,3.6745,8.6884,0
1.152,74,-25,1500,1500,0.23,0.23,2.7858,3.6745,8.6884,0
1.170,75,-24,1500,1500,-0.09,1.77,2.7858,3.6745,8.6884,0
1.187,76,-24,1500,1500,-0.09,1.77,2.7858,3.6745,8.6884,0
1.205,78,-24,1500,1500,-0.09,1.77,2.7858,3.6745,8.6884,0
1.222,78,-24,1500,1500,-0.09,1.77,2.6411,3.4395,6.4090,0
1.240,79,-24,1500,1500,-0.09,1.77,2.6411,3.4395,6.4090,0
1.258,80,-24,1500,1500,-0.09,1.77,2.6411,3.4395,6.4090,0
1.276,81,-24,1500,1500,-0.09,1.77,2.6411,3.4395,6.4090,0
1.293,81,-24,1500,1500,-0.09,1.77,2.6411,3.4395,6.4090,0
1.310,82,-24,1500,1500,-0.09,1.77,2.6411,3.4395,6.4090,0
1.327,83,-24,1500,1500,-0.09,1.77,2.6411,3.4395,6.4090,0
1.345,85,-23,1500,1500,-0.09,1.77,2.6411,3.4395,6.4090,0
1.363,85,-24,1500,1500,-0.09,1.77,2.6411,3.4395,6.4090,0
1.382,86,-24,1500,1500,-0.09,1.77,2.6411,3.4395,6.4090,0
1.400,86,-23,1500,1500,-0.12,1.65,2.6411,3.4395,6.4090,0
1.417,86,-23,1500,1500,-0.12,1.65,2.6411,3.4395,6.4090,0
1.435,86,-23,1500,1500,-0.12,1.65,2.6411,3.4395,6.4090,0
1.452,86,-23,1500,1500,-0.12,1.65,2.6411,3.4395,6.4090,0
1.469,86,-23,1500,1500,-0.12,1.65,2.6492,3.3691,6.1998,0
1.487,85,-23,1500,1500,-0.12,1.65,2.6492,3.3691,6.1998,0
1.504,85,-23,1500,1500,-0.12,1.65,2.6492,3.3691,6.1998,0
1.522,84,-23,1500,1500,-0.12,1.65,2.6492,3.3691,6.1998,0
1.540,84,-23,1500,1500,-0.12,1.65,2.6492,3.3691,6.1998,0
1.558,83,-23,1500,1500,-0.12,1.65,2.6492,3.3691,6.1998,0
1.576,82,-23,1500,1500,-0.12,1.65,2.6492,3.3691,6.1998,0
1.593,80,-23,1500,1500,-0.12,1.65,2.6492,3.3691,6.1998,0
1.611,79,-23,1500,1500,-0.12,1.65,2.6492,3.3691,6.1998,0
1.630,78,-23,1500,1500,-0.12,1.65,2.6492,3.3691,6.1998,0
1.647,78,-23,1500,1500,-0.12,1.65,2.6492,3.3691,6.1998,0
1.669,76,-23,1500,1500,0.19,0.93,2.6492,3.3691,6.1998,0
1.686,75,-23,1500,1500,0.19,0.93,2.6492,3.3691,6.1998,0
1.703,73,-23,1500,1500,0.19,0.93,2.6492,3.3691,6.1998,0
1.722,72,-23,1500,1500,0.19,0.93,2.5250,3.5579,6.1564,0
1.741,71,-23,1500,1500,0.19,0.93,2.5250,3.5579,6.1564,0
1.758,70,-23,1500,1500,0.19,0.93,2.5250,3.5579,6.1564,0
1.777,69,-23,1500,1500,0.19,0.93,2.5250,3.5579,6.1564,0
1.795,66,-22,1500,1500,0.19,0.93,2.5250,3.5579,6.1564,0
1.812,65,-23,1500,1500,0.19,0.93,2.5250,3.5579,6.1564,0
1.830,64,-23,1500,1500,0.19,0.93,2.5250,3.5579,6.1564,0
1.847,64,-23,1500,1500,0.19,0.93,2.5250,3.5579,6.1564,0
1.864,63,-23,1500,1500,0.19,0.93,2.5250,3.5579,6.1564,0
1.881,63,-23,1500,1500,0.19,0.93,2.5250,3.5579,6.1564,0
1.898,62,-23,1500,1500,0.16,0.46,2.5250,3.5579,6.1564,0
1.916,62,-24,1500,1500,0.16,0.46,2.5250,3.5579,6.1564,0
1.934,62,-23,1500,1500,0.16,0.46,2.5250,3.5579,6.1564,0
1.953,62,-23,1500,1500,0.16,0.46,2.5250,3.5579,6.1564,0
1.972,62,-23,1500,1500,0.16,0.46,2.8780,3.4784,7.3135,0
1.989,63,-23,1500,1500,0.16,0.46,2.8780,3.4784,7.3135,0
2.008,63,-23,1500,1500,0.16,0.46,2.8780,3.4784,7.3135,0
2.025,63,-22,1500,1500,0.16,0.46,2.8780,3.4784,7.3135,0
2.043,63,-22,1500,1500,0.16,0.46,2.8780,3.4784,7.3135,0
2.061,62,-23,1500,1500,0.16,0.46,2.8780,3.4784,7.3135,0
2.078,62,-23,1500,1500,0.16,0.46,2.8780,3.4784,7.3135,0
2.095,61,-23,1500,1500,0.16,0.46,2.8780,3.4784,7.3135,0
2.113,60,-22,1500,1500,0.16,0.46,2.8780,3.4784,7.3135,1
2.130,59,-22,1500,1500,0.16,0.46,2.8780,3.4784,7.3135,1
2.148,58,-22,1500,1500,0.11,0.54,2.8780,3.4784,7.3135,1
2.165,58,-23,1500,1500,0.11,0.54,2.8780,3.4784,7.3135,1
2.184,57,-22,1500,1500,0.11,0.54,2.8780,3.4784,7.3135,1
2.204,57,-22,1500,1500,0.11,0.54,2.8780,3.4784,7.3135,1
2.222,56,-23,1500,1500,0.11,0.54,2.7738,3.5162,6.5281,1
2.246,56,-22,1500,1500,0.11,0.54,2.7738,3.5162,6.5281,1
2.263,57,-22,1500,1500,0.11,0.54,2.7738,3.5162,6.5281,1
2.280,58,-23,1500,1500,0.11,0.54,2.7738,3.5162,6.5281,1
2.297,59,-22,1500,1500,0.11,0.54,2.7738,3.5162,6.5281,1
2.314,60,-22,1500,1500,0.11,0.54,2.7738,3.5162,6.5281,1
2.332,61,-23,1500,1500,0.11,0.54,2.7738,3.5162,6.5281,0
2.349,62,-22,1500,1500,0.11,0.54,2.7738,3.5162,6.5281,0
2.366,63,-22,1500,1500,0.11,0.54,2.7738,3.5162,6.5281,0
2.383,65,-22,1500,1500,0.11,0.54,2.7738,3.5162,6.5281,0
2.403,65,-22,1500,1500,0.20,1.15,2.7738,3.5162,6.5281,0
2.422,65,-22,1500,1500,0.20,1.15,2.7738,3.5162,6.5281,0
2.439,66,-22,1500,1500,0.20,1.15,2.7738,3.5162,6.5281,0
2.457,68,-22,1500,1500,0.20,1.15,2.6344,3.2606,5.9682,0
2.475,70,-22,1500,1500,0.20,1.15,2.6344,3.2606,5.9682,0
2.493,71,-22,1500,1500,0.20,1.15,2.6344,3.2606,5.9682,0
2.511,74,-21,1500,1500,0.20,1.15,2.6344,3.2606,5.9682,0
2.529,74,-22,1500,1500,0.20,1.15,2.6344,3.2606,5.9682,0
2.547,74,-22,1500,1500,0.20,1.15,2.6344,3.2606,5.9682,0
2.564,74,-21,1500,1500,0.20,1.15,2.6344,3.2606,5.9682,0
2.581,74,-22,1500,1500,0.20,1.15,2.6344,3.2606,5.9682,0
2.598,73,-21,1500,1500,0.20,1.15,2.6344,3.2606,5.9682,0
2.615,72,-21,1500,1500,0.20,1.15,2.6344,3.2606,5.9682,0
2.633,71,-21,1500,1500,0.20,1.15,2.6344,3.2606,5.9682,0
2.650,71,-22,1500,1500,-0.10,1.68,2.6344,3.2606,5.9682,0
2.668,70,-21,1500,1500,-0.10,1.68,2.6344,3.2606,5.9682,0
2.686,69,-22,1500,1500,-0.10,1.68,2.6344,3.2606,5.9682,0
2.703,69,-22,1500,1500,-0.10,1.68,2.6344,3.2606,5.9682,0
2.720,68,-22,1500,1500,-0.10,1.68,2.6496,3.2433,6.4119,0
2.738,68,-22,1500,1500,-0.10,1.68,2.6496,3.2433,6.4119,0
2.755,68,-22,1500,1500,-0.10,1.68,2.6496,3.2433,6.4119,0
2.773,67,-22,1500,1500,-0.10,1.68,2.6496,3.2433,6.4119,0
2.790,67,-22,1500,1500,-0.10,1.68,2.6496,3.2433,6.4119,0
2.809,67,-22,1500,1500,-0.10,1.68,2.6496,3.2433,6.4119,0
2.827,67,-22,1500,1500,-0.10,1.68,2.6496,3.2433,6.4119,0
2.845,67,-22,1500,1500,-0.10,1.68,2.6496,3.2433,6.4119,0
2.862,66,-22,1500,1500,-0.10,1.68,2.6496,3.2433,6.4119,0
2.880,66,-22,1500,1500,-0.10,1.68,2.6496,3.2433,6.4119,0
2.897,65,-22,1500,1500,-0.35,1.38,2.6496,3.2433,6.4119,0
2.915,64,-22,1500,1500,-0.35,1.38,2.6496,3.2433,6.4119,0
2.932,62,-22,1500,1500,-0.35,1.38,2.6496,3.2433,6.4119,0
2.949,61,-22,1500,1500,-0.35,1.38,2.6496,3.2433,6.4119,0
2.967,59,-22,1500,1500,-0.35,1.38,2.6732,3.4078,5.6258,1
2.988,58,-22,1500,1500,-0.35,1.38,2.6732,3.4078,5.6258,1
3.013,55,-23,1500,1500,-0.35,1.38,2.6732,3.4078,5.6258,1
3.030,54,-22,1500,1500,-0.35,1.38,2.6732,3.4078,5.6258,1
3.047,53,-22,1500,1500,-0.35,1.38,2.6732,3.4078,5.6258,1
3.064,52,-23,1500,1500,-0.35,1.38,2.6732,3.4078,5.6258,1
3.081,51,-23,1500,1500,-0.35,1.38,2.6732,3.4078,5.6258,1
3.098,50,-23,1500,1500,-0.35,1.38,2.6732,3.4078,5.6258,1
3.116,49,-23,1500,1500,-0.35,1.38,2.6732,3.4078,5.6258,1
3.133,48,-24,1500,1500,-0.35,1.38,2.6732,3.4078,5.6258,1
3.150,47,-24,1500,1500,-0.22,0.96,2.6732,3.4078,5.6258,1
3.167,46,-24,1500,1500,-0.22,0.96,2.6732,3.4078,5.6258,1
3.184,45,-23,1500,1500,-0.22,0.96,2.6732,3.4078,5.6258,1
3.202,43,-23,1500,1500,-0.22,0.96,2.6732,3.4078,5.6258,1
3.219,42,-23,1500,1500,-0.22,0.96,2.7257,3.1590,6.4582,1
3.236,41,-24,1500,1500,-0.22,0.96,2.7257,3.1590,6.4582,1
3.254,40,-24,1500,1500,-0.22,0.96,2.7257,3.1590,6.4582,1
3.272,38,-24,1500,1500,-0.22,0.96,2.7257,3.1590,6.4582,1
3.291,37,-24,1500,1500,-0.22,0.96,2.7257,3.1590,6.4582,1
3.309,34,-24,1500,1500,-0.22,0.96,2.7257,3.1590,6.4582,1
3.327,33,-25,1500,1500,-0.22,0.96,2.7257,3.1590,6.4582,1
3.345,32,-24,1500,1500,-0.22,0.96,2.7257,3.1590,6.4582,1
3.362,31,-24,1500,1500,-0.22,0.96,2.7257,3.1590,6.4582,1
3.380,29,-25,1500,1500,-0.22,0.96,2.7257,3.1590,6.4582,1
3.397,28,-25,1500,1500,-0.15,0.56,2.7257,3.1590,6.4582,1
3.415,27,-26,1500,1500,-0.15,0.56,2.7257,3.1590,6.4582,1
3.432,25,-26,1500,1500,-0.15,0.56,2.7257,3.1590,6.4582,1
3.450,23,-25,1500,1500,-0.15,0.56,2.7257,3.1590,6.4582,1
3.467,21,-25,1500,1500,-0.15,0.56,2.8012,3.3977,6.5809,1
3.485,19,-25,1500,1500,-0.15,0.56,2.8012,3.3977,6.5809,1
3.505,16,-25,1500,1500,-0.15,0.56,2.8012,3.3977,6.5809,1
3.523,14,-25,1500,1500,-0.15,0.56,2.8012,3.3977,6.5809,1
3.540,9,-25,1500,1500,-0.15,0.56,2.8012,3.3977,6.5809,1
3.558,7,-25,1500,1500,-0.15,0.56,2.8012,3.3977,6.5809,1
3.576,5,-26,1500,1500,-0.15,0.56,2.8012,3.3977,6.5809,1
3.595,3,-26,1500,1500,-0.15,0.56,2.8012,3.3977,6.5809,1
3.613,2,-25,1500,1500,-0.15,0.56,2.8012,3.3977,6.5809,1
3.631,1,-25,1500,1500,-0.15,0.56,2.8012,3.3977,6.5809,1
3.648,0,-25,1500,1500,0.21,-0.21,2.8012,3.3977,6.5809,1
3.666,0,-25,1500,1500,0.21,-0.21,2.8012,3.3977,6.5809,1
3.683,-1,-25,1500,1500,0.21,-0.21,2.8012,3.3977,6.5809,1
3.700,-1,-25,1500,1500,0.21,-0.21,2.8012,3.3977,6.5809,1
3.718,-2,-25,1500,1500,0.21,-0.21,2.6076,3.7356,6.5438,1
3.735,-3,-25,1500,1500,0.21,-0.21,2.6076,3.7356,6.5438,1
3.753,-3,-26,1500,1500,0.21,-0.21,2.6076,3.7356,6.5438,1
3.770,-4,-25,1500,1500,0.21,-0.21,2.6076,3.7356,6.5438,1
3.788,-5,-25,1500,1500,0.21,-0.21,2.6076,3.7356,6.5438,1
3.806,-5,-25,1500,1500,0.21,-0.21,2.6076,3.7356,6.5438,1
3.823,-6,-24,1500,1500,0.21,-0.21,2.6076,3.7356,6.5438,1
3.840,-7,-25,1500,1500,0.21,-0.21,2.6076,3.7356,6.5438,1
3.858,-9,-25,1500,1500,0.21,-0.21,2.6076,3.7356,6.5438,1
3.876,-10,-25,1500,1500,0.21,-0.21,2.6076,3.7356,6.5438,1
3.893,-12,-25,1500,1500,-0.14,0.35,2.6076,3.7356,6.5438,1
3.911,-12,-25,1500,1500,-0.14,0.35,2.6076,3.7356,6.5438,1
3.928,-16,-25,1500,1500,-0.14,0.35,2.6076,3.7356,6.5438,1
3.947,-17,-24,1500,1500,-0.14,0.35,2.6076,3.7356,6.5438,1
3.965,-19,-24,1500,1500,-0.14,0.35,2.8401,3.4373,7.4349,1
3.984,-20,-24,1500,1500,-0.14,0.35,2.8401,3.4373,7.4349,1
4.004,-21,-24,1500,1500,-0.14,0.35,2.8401,3.4373,7.4349,1
4.021,-23,-24,1500,1500,-0.14,0.35,2.8401,3.4373,7.4349,1
4.040,-24,-24,1500,1500,-0.14,0.35,2.8401,3.4373,7.4349,1
4.059,-27,-24,1500,1500,-0.14,0.35,2.8401,3.4373,7.4349,1
4.076,-28,-24,1500,1500,-0.14,0.35,2.8401,3.4373,7.4349,1
4.093,-29,-24,1500,1500,-0.14,0.35,2.8401,3.4373,7.4349,1
4.110,-30,-25,1500,1500,-0.14,0.35,2.8401,3.4373,7.4349,1
4.127,-31,-23,1500,1500,-0.14,0.35,2.8401,3.4373,7.4349,1
4.145,-32,-23,1500,1500,0.27,0.87,2.8401,3.4373,7.4349,1
4.164,-32,-23,1500,1500,0.27,0.87,2.8401,3.4373,7.4349,1
4.181,-33,-23,1500,1500,0.27,0.87,2.8401,3.4373,7.4349,1
4.201,-34,-23,1500,1500,0.27,0.87,2.8401,3.4373,7.4349,1
4.219,-35,-23,1500,1500,0.27,0.87,2.4543,3.8338,6.3694,1
4.237,-36,-23,1500,1500,0.27,0.87,2.4543,3.8338,6.3694,1
4.255,-37,-23,1500,1500,0.27,0.87,2.4543,3.8338,6.3694,1
4.272,-38,-24,1500,1500,0.27,0.87,2.4543,3.8338,6.3694,1
4.289,-40,-22,1500,1500,0.27,0.87,2.4543,3.8338,6.3694,1
4.307,-41,-22,1500,1500,0.27,0.87,2.4543,3.8338,6.3694,1
4.325,-42,-22,1500,1500,0.27,0.87,2.4543,3.8338,6.3694,1
4.343,-43,-23,1500,1500,0.27,0.87,2.4543,3.8338,6.3694,1
4.360,-44,-22,1500,1500,0.27,0.87,2.4543,3.8338,6.3694,1
4.378,-46,-23,1500,1500,0.27,0.87,2.4543,3.8338,6.3694,1
4.396,-47,-23,1500,1500,0.05,1.37,2.4543,3.8338,6.3694,1
4.413,-48,-22,1500,1500,0.05,1.37,2.4543,3.8338,6.3694,1
4.430,-50,-22,1500,1500,0.05,1.37,2.4543,3.8338,6.3694,1
4.447,-50,-22,1500,1500,0.05,1.37,2.4543,3.8338,6.3694,1
4.465,-53,-22,1500,1500,0.05,1.37,2.5660,3.6997,6.5400,1
4.483,-54,-22,1500,1500,0.05,1.37,2.5660,3.6997,6.5400,1
4.502,-55,-22,1500,1500,0.05,1.37,2.5660,3.6997,6.5400,1
4.520,-57,-22,1500,1500,0.05,1.37,2.5660,3.6997,6.5400,1
4.538,-57,-22,1500,1500,0.05,1.37,2.5660,3.6997,6.5400,1
4.558,-58,-22,1500,1500,0.05,1.37,2.5660,3.6997,6.5400,1
4.580,-58,-21,1500,1500,0.05,1.37,2.5660,3.6997,6.5400,1
4.600,-59,-21,1500,1500,0.05,1.37,2.5660,3.6997,6.5400,1
4.617,-58,-22,1500,1500,0.05,1.37,2.5660,3.6997,6.5400,1
4.634,-57,-21,1500,1500,0.05,1.37,2.5660,3.6997,6.5400,1
4.652,-57,-22,1500,1500,-0.91,1.49,2.5660,3.6997,6.5400,1
4.671,-55,-22,1500,1500,-0.91,1.49,2.5660,3.6997,6.5400,1
4.689,-54,-22,1500,1500,-0.91,1.49,2.5660,3.6997,6.5400,1
4.706,-53,-21,1500,1500,-0.91,1.49,2.7010,3.5924,6.8795,1
4.724,-51,-22,1500,1500,-0.91,1.49,2.7010,3.5924,6.8795,1
4.741,-49,-22,1500,1500,-0.91,1.49,2.7010,3.5924,6.8795,1
4.758,-48,-22,1500,1500,-0.91,1.49,2.7010,3.5924,6.8795,1
4.776,-47,-21,1500,1500,-0.91,1.49,2.7010,3.5924,6.8795,1
4.793,-46,-22,1500,1500,-0.91,1.49,2.7010,3.5924,6.8795,1
4.810,-45,-22,1500,1500,-0.91,1.49,2.7010,3.5924,6.8795,1
4.827,-44,-22,1500,1500,-0.91,1.49,2.7010,3.5924,6.8795,1
4.845,-43,-22,1500,1500,-0.91,1.49,2.7010,3.5924,6.8795,1
4.862,-42,-21,1500,1500,-0.91,1.49,2.7010,3.5924,6.8795,1
4.880,-40,-21,1500,1500,-0.91,1.49,2.7010,3.5924,6.8795,1
4.902,-40,-21,1500,1500,-2.17,2.01,2.7010,3.5924,6.8795,1
4.919,-39,-22,1500,1500,-2.17,2.01,2.7010,3.5924,6.8795,1
4.936,-37,-22,1500,1500,-2.17,2.01,2.7010,3.5924,6.8795,1
4.955,-36,-22,1500,1500,-2.17,2.01,2.8057,3.2048,6.6695,1
4.973,-32,-22,1500,1500,-2.17,2.01,2.8057,3.2048,6.6695,1
4.990,-31,-21,1500,1500,-2.17,2.01,2.8057,3.2048,6.6695,1
5.008,-27,-22,1500,1500,-2.17,2.01,2.8057,3.2048,6.6695,1
5.028,-25,-22,1500,1500,-2.17,2.01,2.8057,3.2048,6.6695,1
5.045,-22,-22,1500,1500,-2.17,2.01,2.8057,3.2048,6.6695,1
5.063,-19,-22,1500,1500,-2.17,2.01,2.8057,3.2048,6.6695,1
5.080,-16,-22,1500,1500,-2.17,2.01,2.8057,3.2048,6.6695,1
5.097,-12,-22,1500,1500,-2.17,2.01,2.8057,3.2048,6.6695,1
5.114,-10,-22,1500,1500,-2.17,2.01,2.8057,3.2048,6.6695,1
5.132,-7,-22,1500,1500,-2.17,2.01,2.8057,3.2048,6.6695,1
5.149,-4,-22,1500,1500,-1.70,1.54,2.8057,3.2048,6.6695,1
5.167,-2,-23,1500,1500,-1.70,1.54,2.8057,3.2048,6.6695,1
5.185,1,-23,1500,1500,-1.70,1.54,2.8057,3.2048,6.6695,1
5.202,4,-23,1500,1500,-1.70,1.54,2.6338,3.4069,6.1819,1
5.220,6,-23,1500,1500,-1.70,1.54,2.6338,3.4069,6.1819,1
5.238,12,-23,1500,1500,-1.70,1.54,2.6338,3.4069,6.1819,1
5.256,15,-23,1500,1500,-1.70,1.54,2.6338,3.4069,6.1819,1
5.274,17,-23,1500,1500,-1.70,1.54,2.6338,3.4069,6.1819,1
5.293,20,-23,1500,1500,-1.70,1.54,2.6338,3.4069,6.1819,1
5.311,23,-23,1500,1500,-1.70,1.54,2.6338,3.4069,6.1819,1
5.328,26,-24,1500,1500,-1.70,1.54,2.6338,3.4069,6.1819,1
5.345,28,-24,1500,1500,-1.70,1.54,2.6338,3.4069,6.1819,1
5.363,31,-24,1500,1500,-1.70,1.54,2.6338,3.4069,6.1819,1
5.380,34,-24,1500,1500,-1.70,1.54,2.6338,3.4069,6.1819,1
5.398,37,-24,1500,1500,-0.82,1.31,2.6338,3.4069,6.1819,1
5.416,39,-24,1500,1500,-0.82,1.31,2.6338,3.4069,6.1819,1
5.436,41,-24,1500,1500,-0.82,1.31,2.6338,3.4069,6.1819,1
5.454,44,-24,1500,1500,-0.82,1.31,2.8923,3.8884,7.1205,1
5.472,46,-25,1500,1500,-0.82,1.31,2.8923,3.8884,7.1205,1
5.490,50,-24,1500,1500,-0.82,1.31,2.8923,3.8884,7.1205,1
5.507,52,-25,1500,1500,-0.82,1.31,2.8923,3.8884,7.1205,1
5.524,54,-25,1500,1500,-0.82,1.31,2.8923,3.8884,7.1205,1
5.541,56,-25,1500,1500,-0.82,1.31,2.8923,3.8884,7.1205,1
5.558,59,-25,1500,1500,-0.82,1.31,2.8923,3.8884,7.1205,1
5.577,61,-26,1500,1500,-0.82,1.31,2.8923,3.8884,7.1205,0
5.595,63,-27,1500,1500,-0.82,1.31,2.8923,3.8884,7.1205,0
5.613,65,-27,1500,1500,-0.82,1.31,2.8923,3.8884,7.1205,0
5.631,67,-27,1500,1500,-0.82,1.31,2.8923,3.8884,7.1205,0
5.648,69,-27,1500,1500,-0.05,0.93,2.8923,3.8884,7.1205,0
5.665,70,-28,1500,1500,-0.05,0.93,2.8923,3.8884,7.1205,0
5.686,71,-28,1500,1500,-0.05,0.93,2.8923,3.8884,7.1205,0
5.703,72,-28,1500,1500,-0.05,0.93,3.3745,3.7180,7.9372,0
5.720,73,-28,1500,1500,-0.05,0.93,3.3745,3.7180,7.9372,0
5.738,74,-28,1500,1500,-0.05,0.93,3.3745,3.7180,7.9372,0
5.756,74,-28,1500,1500,-0.05,0.93,3.3745,3.7180,7.9372,0
5.773,75,-29,1500,1500,-0.05,0.93,3.3745,3.7180,7.9372,0
5.791,76,-28,1500,1500,-0.05,0.93,3.3745,3.7180,7.9372,0
5.808,77,-29,1500,1500,-0.05,0.93,3.3745,3.7180,7.9372,0
5.825,78,-28,1500,1500,-0.05,0.93,3.3745,3.7180,7.9372,0
5.842,78,-29,1500,1500,-0.05,0.93,3.3745,3.7180,7.9372,0
5.859,78,-29,1500,1500,-0.05,0.93,3.3745,3.7180,7.9372,0
5.876,79,-29,1500,1500,-0.05,0.93,3.3745,3.7180,7.9372,0
5.894,79,-29,1500,1500,0.25,0.42,3.3745,3.7180,7.9372,0
5.911,79,-29,1500,1500,0.25,0.42,3.3745,3.7180,7.9372,0
5.930,79,-29,1500,1500,0.25,0.42,3.3745,3.7180,7.9372,0
5.948,79,-29,1500,1500,0.25,0.42,3.3745,3.7180,7.9372,0
5.969,77,-30,1500,1500,0.25,0.42,3.2205,3.2595,8.1560,0
5.987,76,-30,1500,1500,0.25,0.42,3.2205,3.2595,8.1560,0
6.005,75,-30,1500,1500,0.25,0.42,3.2205,3.2595,8.1560,0
6.022,73,-31,1500,1500,0.25,0.42,3.2205,3.2595,8.1560,0
6.040,71,-31,1500,1500,0.25,0.42,3.2205,3.2595,8.1560,0
6.057,68,-31,1500,1500,0.25,0.42,3.2205,3.2595,8.1560,0
6.074,65,-31,1500,1500,0.25,0.42,3.2205,3.2595,8.1560,0
6.091,62,-32,1500,1500,0.25,0.42,3.2205,3.2595,8.1560,0
6.108,60,-31,1500,1500,0.25,0.42,3.2205,3.2595,8.1560,0
6.125,58,-32,1500,1500,0.25,0.42,3.2205,3.2595,8.1560,0
6.143,56,-32,1500,1500,0.55,-0.38,3.2205,3.2595,8.1560,0
6.161,54,-32,1500,1500,0.55,-0.38,3.2205,3.2595,8.1560,0
6.179,53,-32,1500,1500,0.55,-0.38,3.2205,3.2595,8.1560,0
6.196,51,-32,1500,1500,0.55,-0.38,3.2205,3.2595,8.1560,0
6.214,50,-33,1500,1500,0.55,-0.38,3.2735,3.3771,8.0689,0
6.231,49,-33,1500,1500,0.55,-0.38,3.2735,3.3771,8.0689,0
6.249,48,-33,1500,1500,0.55,-0.38,3.2735,3.3771,8.0689,0
6.266,47,-34,1500,1500,0.55,-0.38,3.2735,3.3771,8.0689,0
6.283,46,-33,1500,1500,0.55,-0.38,3.2735,3.3771,8.0689,0
6.300,46,-33,1500,1500,0.55,-0.38,3.2735,3.3771,8.0689,0
6.318,46,-34,1500,1500,0.55,-0.38,3.2735,3.3771,8.0689,0
6.335,45,-35,1500,1500,0.55,-0.38,3.2735,3.3771,8.0689,0
6.353,45,-34,1500,1500,0.55,-0.38,3.2735,3.3771,8.0689,0
6.371,45,-35,1500,1500,0.55,-0.38,3.2735,3.3771,8.0689,0
6.389,0,0,1500,1500,-0.62,-0.11,3.2735,3.3771,8.0689,0
6.406,47,-34,1500,1500,-0.62,-0.11,3.2735,3.3771,8.0689,0
6.424,47,-34,1500,1500,-0.62,-0.11,3.2735,3.3771,8.0689,0
6.441,47,-36,1500,1500,-0.62,-0.11,3.2735,3.3771,8.0689,0
6.459,47,-35,1500,1500,-0.62,-0.11,3.1222,3.6962,8.1761,0
6.477,47,-35,1500,1500,-0.62,-0.11,3.1222,3.6962,8.1761,0
6.500,46,-35,1500,1500,-0.62,-0.11,3.1222,3.6962,8.1761,0
6.517,46,-35,1500,1500,-0.62,-0.11,3.1222,3.6962,8.1761,0
6.535,45,-35,1500,1500,-0.62,-0.11,3.1222,3.6962,8.1761,0
6.553,43,-36,1500,1500,-0.62,-0.11,3.1222,3.6962,8.1761,0
6.571,43,-35,1500,1500,-0.62,-0.11,3.1222,3.6962,8.1761,0
6.588,42,-35,1500,1500,-0.62,-0.11,3.1222,3.6962,8.1761,0
6.605,42,-35,1500,1500,-0.62,-0.11,3.1222,3.6962,8.1761,0
6.622,40,-35,1500,1500,-0.62,-0.11,3.1222,3.6962,8.1761,0
6.640,39,-35,1500,1500,-1.63,-0.05,3.1222,3.6962,8.1761,0
6.657,37,-35,1500,1500,-1.63,-0.05,3.1222,3.6962,8.1761,0
6.676,35,-36,1500,1500,-1.63,-0.05,3.1222,3.6962,8.1761,0
6.693,33,-36,1500,1500,-1.63,-0.05,3.1222,3.6962,8.1761,0
6.713,28,-36,1500,1500,-1.63,-0.05,3.1747,3.5382,8.0074,0
6.730,25,-36,1500,1500,-1.63,-0.05,3.1747,3.5382,8.0074,0
6.748,23,-37,1500,1500,-1.63,-0.05,3.1747,3.5382,8.0074,0
6.766,20,-37,1500,1500,-1.63,-0.05,3.1747,3.5382,8.0074,0
6.783,20,-37,1500,1500,-1.63,-0.05,3.1747,3.5382,8.0074,0
6.801,18,-37,1500,1500,-1.63,-0.05,3.1747,3.5382,8.0074,0
6.820,13,-37,1500,1500,-1.63,-0.05,3.1747,3.5382,8.0074,0
6.837,10,-37,1500,1500,-1.63,-0.05,3.1747,3.5382,8.0074,0
6.855,4,-38,1500,1500,-1.63,-0.05,3.1747,3.5382,8.0074,0
6.874,1,-38,1500,1500,-1.63,-0.05,3.1747,3.5382,8.0074,0
6.891,-3,-38,1500,1500,-1.53,-0.55,3.1747,3.5382,8.0074,0
6.908,-3,-38,1500,1500,-1.53,-0.55,3.1747,3.5382,8.0074,0
6.926,-6,-37,1500,1500,-1.53,-0.55,3.1747,3.5382,8.0074,0
6.944,-9,-38,1500,1500,-1.53,-0.55,3.1747,3.5382,8.0074,0
6.961,-12,-38,1500,1500,-1.53,-0.55,2.9662,3.7885,7.0507,0
6.979,-15,-37,1500,1500,-1.53,-0.55,2.9662,3.7885,7.0507,0
6.998,-21,-38,1500,1500,-1.53,-0.55,2.9662,3.7885,7.0507,0
7.016,-23,-37,1500,1500,-1.53,-0.55,2.9662,3.7885,7.0507,0
7.034,-25,-37,1500,1500,-1.53,-0.55,2.9662,3.7885,7.0507,0
7.051,-29,-38,1500,1500,-1.53,-0.55,2.9662,3.7885,7.0507,0
7.069,-31,-38,1500,1500,-1.53,-0.55,2.9662,3.7885,7.0507,0
7.086,-33,-38,1500,1500,-1.53,-0.55,2.9662,3.7885,7.0507,0
7.103,-34,-38,1500,1500,-1.53,-0.55,2.9662,3.7885,7.0507,0
7.120,-36,-38,1500,1500,-1.53,-0.55,2.9662,3.7885,7.0507,0
7.138,-38,-38,1500,1500,-1.46,-0.74,2.9662,3.7885,7.0507,0
7.155,-38,-38,1500,1500,-1.46,-0.74,2.9662,3.7885,7.0507,0
7.173,-39,-38,1500,1500,-1.46,-0.74,2.9662,3.7885,7.0507,0
7.194,-40,-38,1500,1500,-1.46,-0.74,2.9662,3.7885,7.0507,0
7.212,-41,-38,1500,1500,-1.46,-0.74,2.7614,3.4941,6.5609,0
7.230,-42,-38,1500,1500,-1.46,-0.74,2.7614,3.4941,6.5609,0
7.247,-42,-38,1500,1500,-1.46,-0.74,2.7614,3.4941,6.5609,0
7.265,-44,-38,1500,1500,-1.46,-0.74,2.7614,3.4941,6.5609,0
7.282,-45,-38,1500,1500,-1.46,-0.74,2.7614,3.4941,6.5609,0
7.300,-46,-38,1500,1500,-1.46,-0.74,2.7614,3.4941,6.5609,0
7.317,-46,-38,1500,1500,-1.46,-0.74,2.7614,3.4941,6.5609,0
7.334,-47,-38,1500,1500,-1.46,-0.74,2.7614,3.4941,6.5609,0
7.352,-47,-38,1500,1500,-1.46,-0.74,2.7614,3.4941,6.5609,0
7.370,-46,-38,1500,1500,-1.46,-0.74,2.7614,3.4941,6.5609,0
7.387,-46,-38,1500,1500,-1.57,-0.57,2.7614,3.4941,6.5609,0
7.405,-46,-38,1500,1500,-1.57,-0.57,2.7614,3.4941,6.5609,0
7.422,-45,-38,1500,1500,-1.57,-0.57,2.7614,3.4941,6.5609,0
7.439,-44,-37,1500,1500,-1.57,-0.57,2.7614,3.4941,6.5609,0
7.457,-44,-37,1500,1500,-1.57,-0.57,2.6993,3.4100,7.4547,0
7.474,-43,-38,1500,1500,-1.57,-0.57,2.6993,3.4100,7.4547,0
7.492,-42,-38,1500,1500,-1.57,-0.57,2.6993,3.4100,7.4547,0
7.509,-41,-38,1500,1500,-1.57,-0.57,2.6993,3.4100,7.4547,0
7.530,-40,-38,1500,1500,-1.57,-0.57,2.6993,3.4100,7.4547,0
7.548,-38,-38,1500,1500,-1.57,-0.57,2.6993,3.4100,7.4547,0
7.566,-37,-37,1500,1500,-1.57,-0.57,2.6993,3.4100,7.4547,0
7.583,-35,-37,1500,1500,-1.57,-0.57,2.6993,3.4100,7.4547,0
7.601,-33,-37,1500,1500,-1.57,-0.57,2.6993,3.4100,7.4547,0
7.618,-32,-37,1500,1500,-1.57,-0.57,2.6993,3.4100,7.4547,0
7.635,-31,-37,1500,1500,-1.26,-0.16,2.6993,3.4100,7.4547,0
7.653,-29,-37,1500,1500,-1.26,-0.16,2.6993,3.4100,7.4547,0
7.670,-28,-37,1500,1500,-1.26,-0.16,2.6993,3.4100,7.4547,0
7.688,-24,-37,1500,1500,-1.26,-0.16,2.6993,3.4100,7.4547,0
7.710,-24,-37,1500,1500,-1.26,-0.16,2.5056,3.3648,6.0967,0
7.727,-21,-37,1500,1500,-1.26,-0.16,2.5056,3.3648,6.0967,0
7.748,-19,-37,1500,1500,-1.26,-0.16,2.5056,3.3648,6.0967,0
7.767,-18,-36,1500,1500,-1.26,-0.16,2.5056,3.3648,6.0967,0
7.785,-16,-36,1500,1500,-1.26,-0.16,2.5056,3.3648,6.0967,0
7.802,-11,-36,1500,1500,-1.26,-0.16,2.5056,3.3648,6.0967,0
7.820,-9,-36,1500,1500,-1.26,-0.16,2.5056,3.3648,6.0967,0
7.837,-7,-36,1500,1500,-1.26,-0.16,2.5056,3.3648,6.0967,0
7.854,-5,-36,1500,1500,-1.26,-0.16,2.5056,3.3648,6.0967,0
7.872,-2,-36,1500,1500,-1.26,-0.16,2.5056,3.3648,6.0967,0
7.889,0,-36,1500,1500,-0.80,0.22,2.5056,3.3648,6.0967,0
7.906,2,-36,1500,1500,-0.80,0.22,2.5056,3.3648,6.0967,0
7.923,4,-35,1500,1500,-0.80,0.22,2.5056,3.3648,6.0967,0
7.941,6,-35,1500,1500,-0.80,0.22,2.5056,3.3648,6.0967,0
7.958,8,-35,1500,1500,-0.80,0.22,2.6300,3.3366,5.7052,0
7.976,10,-35,1500,1500,-0.80,0.22,2.6300,3.3366,5.7052,0
7.993,12,-35,1500,1500,-0.80,0.22,2.6300,3.3366,5.7052,0
8.011,14,-35,1500,1500,-0.80,0.22,2.6300,3.3366,5.7052,0
8.028,16,-35,1500,1500,-0.80,0.22,2.6300,3.3366,5.7052,0
8.046,17,-34,1500,1500,-0.80,0.22,2.6300,3.3366,5.7052,0
8.065,19,-34,1500,1500,-0.80,0.22,2.6300,3.3366,5.7052,0
8.083,21,-35,1500,1500,-0.80,0.22,2.6300,3.3366,5.7052,0
8.101,24,-34,1500,1500,-0.80,0.22,2.6300,3.3366,5.7052,0
8.118,25,-33,1500,1500,-0.80,0.22,2.6300,3.3366,5.7052,0
8.137,30,-33,1500,1500,-0.01,1.20,2.6300,3.3366,5.7052,0
8.155,32,-33,1500,1500,-0.01,1.20,2.6300,3.3366,5.7052,0
8.172,34,-33,1500,1500,-0.01,1.20,2.6300,3.3366,5.7052,0
8.189,34,-33,1500,1500,-0.01,1.20,2.6300,3.3366,5.7052,0
8.206,36,-32,1500,1500,-0.01,1.20,2.8125,3.0382,6.3151,0
8.225,38,-33,1500,1500,-0.01,1.20,2.8125,3.0382,6.3151,0
8.242,41,-33,1500,1500,-0.01,1.20,2.8125,3.0382,6.3151,0
8.259,42,-32,1500,1500,-0.01,1.20,2.8125,3.0382,6.3151,0
8.276,43,-33,1500,1500,-0.01,1.20,2.8125,3.0382,6.3151,0
8.293,44,-32,1500,1500,-0.01,1.20,2.8125,3.0382,6.3151,0
8.311,45,-32,1500,1500,-0.01,1.20,2.8125,3.0382,6.3151,0
8.328,46,-32,1500,1500,-0.01,1.20,2.8125,3.0382,6.3151,0
8.346,47,-32,1500,1500,-0.01,1.20,2.8125,3.0382,6.3151,0
8.364,49,-32,1500,1500,-0.01,1.20,2.8125,3.0382,6.3151,0
8.383,49,-32,1500,1500,0.36,1.25,2.8125,3.0382,6.3151,0
8.401,50,-31,1500,1500,0.36,1.25,2.8125,3.0382,6.3151,0
8.418,50,-31,1500,1500,0.36,1.25,2.8125,3.0382,6.3151,0
8.437,52,-31,1500,1500,0.36,1.25,2.8125,3.0382,6.3151,0
8.455,52,-31,1500,1500,0.36,1.25,2.8803,3.1696,7.3030,0
8.472,52,-31,1500,1500,0.36,1.25,2.8803,3.1696,7.3030,0
8.490,52,-31,1500,1500,0.36,1.25,2.8803,3.1696,7.3030,0
8.508,53,-31,1500,1500,0.36,1.25,2.8803,3.1696,7.3030,0
8.526,53,-31,1500,1500,0.36,1.25,2.8803,3.1696,7.3030,0
8.544,53,-31,1500,1500,0.36,1.25,2.8803,3.1696,7.3030,0
8.561,53,-31,1500,1500,0.36,1.25,2.8803,3.1696,7.3030,0
8.578,53,-31,1500,1500,0.36,1.25,2.8803,3.1696,7.3030,0
8.596,53,-31,1500,1500,0.36,1.25,2.8803,3.1696,7.3030,0
8.613,53,-31,1500,1500,0.36,1.25,2.8803,3.1696,7.3030,0
8.630,53,-31,1500,1500,0.36,1.25,2.8803,3.1696,7.3030,0
8.650,53,-31,1500,1500,0.12,1.20,2.8803,3.1696,7.3030,0
8.667,52,-31,1500,1500,0.12,1.20,2.8803,3.1696,7.3030,0
8.685,52,-31,1500,1500,0.12,1.20,2.8803,3.1696,7.3030,0
8.703,51,-31,1500,1500,0.12,1.20,2.9356,3.1934,6.9627,0
8.722,51,-31,1500,1500,0.12,1.20,2.9356,3.1934,6.9627,0
8.740,49,-31,1500,1500,0.12,1.20,2.9356,3.1934,6.9627,0
8.757,48,-31,1500,1500,0.12,1.20,2.9356,3.1934,6.9627,0
8.775,47,-31,1500,1500,0.12,1.20,2.9356,3.1934,6.9627,0
8.792,47,-31,1500,1500,0.12,1.20,2.9356,3.1934,6.9627,0
8.809,46,-31,1500,1500,0.12,1.20,2.9356,3.1934,6.9627,0
8.827,45,-31,1500,1500,0.12,1.20,2.9356,3.1934,6.9627,0
8.844,45,-31,1500,1500,0.12,1.20,2.9356,3.1934,6.9627,0
8.861,45,-31,1500,1500,0.12,1.20,2.9356,3.1934,6.9627,0
8.879,44,-31,1500,1500,0.12,1.20,2.9356,3.1934,6.9627,0
8.896,42,-31,1500,1500,-0.11,0.56,2.9356,3.1934,6.9627,0
8.913,41,-31,1500,1500,-0.11,0.56,2.9356,3.1934,6.9627,0
8.931,38,-31,1500,1500,-0.11,0.56,2.9356,3.1934,6.9627,0
8.948,37,-31,1500,1500,-0.11,0.56,2.8282,3.4697,6.9719,0
8.965,35,-31,1500,1500,-0.11,0.56,2.8282,3.4697,6.9719,0
8.982,33,-31,1500,1500,-0.11,0.56,2.8282,3.4697,6.9719,0
9.001,30,-31,1500,1500,-0.11,0.56,2.8282,3.4697,6.9719,0
9.018,30,-31,1500,1500,-0.11,0.56,2.8282,3.4697,6.9719,0
9.035,27,-32,1500,1500,-0.11,0.56,2.8282,3.4697,6.9719,0
9.053,23,-31,1500,1500,-0.11,0.56,2.8282,3.4697,6.9719,0
9.071,21,-31,1500,1500,-0.11,0.56,2.8282,3.4697,6.9719,0
9.088,19,-32,1500,1500,-0.11,0.56,2.8282,3.4697,6.9719,0
9.106,17,-31,1500,1500,-0.11,0.56,2.8282,3.4697,6.9719,0
9.124,16,-32,1500,1500,-0.11,0.56,2.8282,3.4697,6.9719,0
9.142,14,-32,1500,1500,-1.21,0.56,2.8282,3.4697,6.9719,0
9.159,12,-32,1500,1500,-1.21,0.56,2.8282,3.4697,6.9719,0
9.177,10,-32,1500,1500,-1.21,0.56,2.8282,3.4697,6.9719,0
9.197,8,-32,1500,1500,-1.21,0.56,2.6460,3.1091,6.4440,0
9.223,7,-32,1500,1500,-1.21,0.56,2.6460,3.1091,6.4440,0
9.241,5,-32,1500,1500,-1.21,0.56,2.6460,3.1091,6.4440,0
9.258,4,-31,1500,1500,-1.21,0.56,2.6460,3.1091,6.4440,0
9.279,2,-32,1500,1500,-1.21,0.56,2.6460,3.1091,6.4440,0
9.296,0,-32,1500,1500,-1.21,0.56,2.6460,3.1091,6.4440,0
9.314,-1,-32,1500,1500,-1.21,0.56,2.6460,3.1091,6.4440,0
9.331,-5,-32,1500,1500,-1.21,0.56,2.6460,3.1091,6.4440,0
9.348,-5,-32,1500,1500,-1.21,0.56,2.6460,3.1091,6.4440,0
9.366,-8,-32,1500,1500,-1.21,0.56,2.6460,3.1091,6.4440,0
9.383,-8,-32,1500,1500,-2.29,-0.10,2.6460,3.1091,6.4440,0
9.401,-11,-33,1500,1500,-2.29,-0.10,2.6460,3.1091,6.4440,0
9.418,-13,-33,1500,1500,-2.29,-0.10,2.6460,3.1091,6.4440,0
9.436,-14,-33,1500,1500,-2.29,-0.10,2.6460,3.1091,6.4440,0
9.453,-16,-33,1500,1500,-2.29,-0.10,2.7481,3.0714,7.2748,0
9.470,-17,-33,1500,1500,-2.29,-0.10,2.7481,3.0714,7.2748,0
9.487,-18,-34,1500,1500,-2.29,-0.10,2.7481,3.0714,7.2748,0
9.504,-20,-33,1500,1500,-2.29,-0.10,2.7481,3.0714,7.2748,0
9.523,-22,-33,1500,1500,-2.29,-0.10,2.7481,3.0714,7.2748,0
9.540,-23,-32,1500,1500,-2.29,-0.10,2.7481,3.0714,7.2748,0
9.558,-25,-33,1500,1500,-2.29,-0.10,2.7481,3.0714,7.2748,0
9.575,-26,-33,1500,1500,-2.29,-0.10,2.7481,3.0714,7.2748,0
9.593,-28,-33,1500,1500,-2.29,-0.10,2.7481,3.0714,7.2748,0
9.611,-29,-34,1500,1500,-2.29,-0.10,2.7481,3.0714,7.2748,0
9.629,-30,-34,1500,1500,-2.39,-1.06,2.7481,3.0714,7.2748,0
9.649,-31,-33,1500,1500,-2.39,-1.06,2.7481,3.0714,7.2748,0
9.666,-33,-32,1500,1500,-2.39,-1.06,2.7481,3.0714,7.2748,0
9.684,-35,-33,1500,1500,-2.39,-1.06,2.7481,3.0714,7.2748,0
9.702,-35,-33,1500,1500,-2.39,-1.06,2.4725,4.0640,6.5748,0
9.719,-36,-33,1500,1500,-2.39,-1.06,2.4725,4.0640,6.5748,0
9.736,-37,-34,1500,1500,-2.39,-1.06,2.4725,4.0640,6.5748,0
9.753,-37,-34,1500,1500,-2.39,-1.06,2.4725,4.0640,6.5748,0
9.770,-36,-34,1500,1500,-2.39,-1.06,2.4725,4.0640,6.5748,0
9.787,-35,-34,1500,1500,-2.39,-1.06,2.4725,4.0640,6.5748,0
9.805,-34,-34,1500,1500,-2.39,-1.06,2.4725,4.0640,6.5748,0
9.822,-33,-33,1500,1500,-2.39,-1.06,2.4725,4.0640,6.5748,0
9.842,-32,-33,1500,1500,-2.39,-1.06,2.4725,4.0640,6.5748,0
9.860,-30,-32,1500,1500,-2.39,-1.06,2.4725,4.0640,6.5748,0
9.878,-29,-32,1500,1500,-2.39,-1.06,2.4725,4.0640,6.5748,0
9.896,-27,-32,1500,1500,-1.74,-0.50,2.4725,4.0640,6.5748,0
9.915,-26,-32,1500,1500,-1.74,-0.50,2.4725,4.0640,6.5748,0
9.932,-26,-32,1500,1500,-1.74,-0.50,2.4725,4.0640,6.5748,0
9.950,-23,-32,1500,1500,-1.74,-0.50,2.5631,3.8952,5.7638,0
9.967,-22,-33,1500,1500,-1.74,-0.50,2.5631,3.8952,5.7638,0
9.986,-20,-33,1500,1500,-1.74,-0.50,2.5631,3.8952,5.7638,0
10.003,-19,-33,1500,1500,-1.74,-0.50,2.5631,3.8952,5.7638,0
10.021,-20,-32,1500,1500,-1.74,-0.50,2.5631,3.8952,5.7638,0
10.039,-20,-32,1500,1500,-1.74,-0.50,2.5631,3.8952,5.7638,0
10.056,-20,-32,1500,1500,-1.74,-0.50,2.5631,3.8952,5.7638,0
10.073,-21,-32,1500,1500,-1.74,-0.50,2.5631,3.8952,5.7638,0
10.092,-22,-32,1500,1500,-1.74,-0.50,2.5631,3.8952,5.7638,0
10.109,-23,-32,1500,1500,-1.74,-0.50,2.5631,3.8952,5.7638,0
10.127,-23,-32,1500,1500,-1.74,-0.50,2.5631,3.8952,5.7638,0
10.146,-24,-32,1500,1500,-1.27,-0.37,2.5631,3.8952,5.7638,0
10.163,-25,-32,1500,1500,-1.27,-0.37,2.5631,3.8952,5.7638,0
10.181,-24,-32,1500,1500,-1.27,-0.37,2.5631,3.8952,5.7638,0
10.198,-24,-33,1500,1500,-1.27,-0.37,2.5431,4.6373,6.2460,0
10.216,-24,-32,1500,1500,-1.27,-0.37,2.5431,4.6373,6.2460,0
10.233,-21,-31,1500,1500,-1.27,-0.37,2.5431,4.6373,6.2460,0
10.251,-20,-31,1500,1500,-1.27,-0.37,2.5431,4.6373,6.2460,0
10.268,-18,-31,1500,1500,-1.27,-0.37,2.5431,4.6373,6.2460,0
10.285,-15,-32,1500,1500,-1.27,-0.37,2.5431,4.6373,6.2460,0
10.303,-13,-31,1500,1500,-1.27,-0.37,2.5431,4.6373,6.2460,0
10.321,-9,-31,1500,1500,-1.27,-0.37,2.5431,4.6373,6.2460,0
10.339,-6,-31,1500,1500,-1.27,-0.37,2.5431,4.6373,6.2460,0
10.356,-2,-31,1500,1500,-1.27,-0.37,2.5431,4.6373,6.2460,0
10.373,2,-31,1500,1500,-1.27,-0.37,2.5431,4.6373,6.2460,0
10.390,6,-31,1500,1500,-0.33,-0.04,2.5431,4.6373,6.2460,0
10.407,10,-31,1500,1500,-0.33,-0.04,2.5431,4.6373,6.2460,0
10.424,15,-31,1500,1500,-0.33,-0.04,2.5431,4.6373,6.2460,0
10.441,18,-31,1500,1500,-0.33,-0.04,2.6592,4.5377,8.5606,0
10.458,23,-31,1500,1500,-0.33,-0.04,2.6592,4.5377,8.5606,0
10.476,26,-31,1500,1500,-0.33,-0.04,2.6592,4.5377,8.5606,0
10.494,30,-30,1500,1500,-0.33,-0.04,2.6592,4.5377,8.5606,1
10.514,33,-30,1500,1500,-0.33,-0.04,2.6592,4.5377,8.5606,1
10.532,40,-29,1500,1500,-0.33,-0.04,2.6592,4.5377,8.5606,1
10.550,43,-29,1500,1500,-0.33,-0.04,2.6592,4.5377,8.5606,1
10.567,45,-29,1500,1500,-0.33,-0.04,2.6592,4.5377,8.5606,1
10.584,48,-29,1500,1500,-0.33,-0.04,2.6592,4.5377,8.5606,1
10.602,51,-29,1500,1500,-0.33,-0.04,2.6592,4.5377,8.5606,1
10.619,53,-29,1500,1500,-0.33,-0.04,2.6592,4.5377,8.5606,1
10.637,56,-30,1500,1500,1.13,0.62,2.6592,4.5377,8.5606,1
10.654,56,-30,1500,1500,1.13,0.62,2.6592,4.5377,8.5606,1
10.671,56,-30,1500,1500,1.13,0.62,2.6592,4.5377,8.5606,1
10.689,60,-28,1500,1500,1.13,0.62,2.7199,3.6805,7.3873,1
10.706,62,-28,1500,1500,1.13,0.62,2.7199,3.6805,7.3873,0
10.724,64,-29,1500,1500,1.13,0.62,2.7199,3.6805,7.3873,0
10.741,67,-28,1500,1500,1.13,0.62,2.7199,3.6805,7.3873,0
10.762,68,-28,1500,1500,1.13,0.62,2.7199,3.6805,7.3873,0
10.781,71,-27,1500,1500,1.13,0.62,2.7199,3.6805,7.3873,0
10.800,72,-27,1500,1500,1.13,0.62,2.7199,3.6805,7.3873,0
10.817,73,-28,1500,1500,1.13,0.62,2.7199,3.6805,7.3873,0
10.834,74,-28,1500,1500,1.13,0.62,2.7199,3.6805,7.3873,0
10.852,75,-27,1500,1500,1.13,0.62,2.7199,3.6805,7.3873,0
10.870,76,-27,1500,1500,1.13,0.62,2.7199,3.6805,7.3873,0
10.888,76,-27,1500,1500,1.43,1.22,2.7199,3.6805,7.3873,0
10.905,77,-27,1500,1500,1.43,1.22,2.7199,3.6805,7.3873,0
10.923,77,-27,1500,1500,1.43,1.22,2.7199,3.6805,7.3873,0
10.941,77,-27,1500,1500,1.43,1.22,2.8262,3.3750,7.1995,0
10.959,78,-26,1500,1500,1.43,1.22,2.8262,3.3750,7.1995,0
10.979,78,-26,1500,1500,1.43,1.22,2.8262,3.3750,7.1995,0
10.997,77,-26,1500,1500,1.43,1.22,2.8262,3.3750,7.1995,0
11.014,76,-26,1500,1500,1.43,1.22,2.8262,3.3750,7.1995,0
11.031,75,-25,1500,1500,1.43,1.22,2.8262,3.3750,7.1995,0
11.048,74,-25,1500,1500,1.43,1.22,2.8262,3.3750,7.1995,0
11.065,73,-26,1500,1500,1.43,1.22,2.8262,3.3750,7.1995,0
11.082,72,-25,1500,1500,1.43,1.22,2.8262,3.3750,7.1995,0
11.100,71,-26,1500,1500,1.43,1.22,2.8262,3.3750,7.1995,0
11.118,70,-25,1500,1500,1.43,1.22,2.8262,3.3750,7.1995,0
11.135,69,-25,1500,1500,0.40,1.62,2.8262,3.3750,7.1995,0
11.152,67,-25,1500,1500,0.40,1.62,2.8262,3.3750,7.1995,0
11.171,67,-25,1500,1500,0.40,1.62,2.8262,3.3750,7.1995,0
11.188,66,-25,1500,1500,0.40,1.62,2.5996,3.3860,6.6554,0
11.207,65,-25,1500,1500,0.40,1.62,2.5996,3.3860,6.6554,0
11.227,62,-24,1500,1500,0.40,1.62,2.5996,3.3860,6.6554,0
11.245,61,-24,1500,1500,0.40,1.62,2.5996,3.3860,6.6554,0
11.264,58,-24,1500,1500,0.40,1.62,2.5996,3.3860,6.6554,1
11.283,57,-24,1500,1500,0.40,1.62,2.5996,3.3860,6.6554,1
11.300,56,-24,1500,1500,0.40,1.62,2.5996,3.3860,6.6554,1
11.319,55,-24,1500,1500,0.40,1.62,2.5996,3.3860,6.6554,1
11.337,54,-24,1500,1500,0.40,1.62,2.5996,3.3860,6.6554,1
11.354,53,-24,1500,1500,0.40,1.62,2.5996,3.3860,6.6554,1
11.372,52,-24,1500,1500,0.40,1.62,2.5996,3.3860,6.6554,1
11.390,51,-24,1500,1500,-0.28,1.07,2.5996,3.3860,6.6554,1
11.410,49,-24,1500,1500,-0.28,1.07,2.5996,3.3860,6.6554,1
11.428,48,-24,1500,1500,-0.28,1.07,2.5996,3.3860,6.6554,1
11.445,46,-24,1500,1500,-0.28,1.07,2.8420,3.3095,6.8962,1
11.464,44,-24,1500,1500,-0.28,1.07,2.8420,3.3095,6.8962,1
11.482,39,-24,1500,1500,-0.28,1.07,2.8420,3.3095,6.8962,1
11.499,36,-24,1500,1500,-0.28,1.07,2.8420,3.3095,6.8962,1
11.516,33,-24,1500,1500,-0.28,1.07,2.8420,3.3095,6.8962,1
11.533,31,-24,1500,1500,-0.28,1.07,2.8420,3.3095,6.8962,1
11.551,28,-24,1500,1500,-0.28,1.07,2.8420,3.3095,6.8962,1
11.568,25,-24,1500,1500,-0.28,1.07,2.8420,3.3095,6.8962,1
11.585,22,-24,1500,1500,-0.28,1.07,2.8420,3.3095,6.8962,1
11.602,20,-24,1500,1500,-0.28,1.07,2.8420,3.3095,6.8962,1
11.620,18,-24,1500,1500,-0.28,1.07,2.8420,3.3095,6.8962,1
11.642,15,-24,1500,1500,-0.92,0.87,2.8420,3.3095,6.8962,1
11.661,13,-24,1500,1500,-0.92,0.87,2.8420,3.3095,6.8962,1
11.680,11,-24,1500,1500,-0.92,0.87,2.8420,3.3095,6.8962,1
11.697,9,-24,1500,1500,-0.92,0.87,2.8124,3.2089,6.7923,1
11.715,3,-24,1500,1500,-0.92,0.87,2.8124,3.2089,6.7923,1
11.732,1,-24,1500,1500,-0.92,0.87,2.8124,3.2089,6.7923,1
11.749,-1,-24,1500,1500,-0.92,0.87,2.8124,3.2089,6.7923,1
11.767,-4,-24,1500,1500,-0.92,0.87,2.8124,3.2089,6.7923,1
11.784,-7,-24,1500,1500,-0.92,0.87,2.8124,3.2089,6.7923,1
11.801,-9,-24,1500,1500,-0.92,0.87,2.8124,3.2089,6.7923,1
11.819,-12,-24,1500,1500,-0.92,0.87,2.8124,3.2089,6.7923,1
11.836,-14,-24,1500,1500,-0.92,0.87,2.8124,3.2089,6.7923,1
11.854,-16,-24,1500,1500,-0.92,0.87,2.8124,3.2089,6.7923,1
11.872,-19,-24,1500,1500,-0.92,0.87,2.8124,3.2089,6.7923,1
11.894,-21,-24,1500,1500,-1.81,1.18,2.8124,3.2089,6.7923,1
11.912,-23,-25,1500,1500,-1.81,1.18,2.8124,3.2089,6.7923,1
11.929,-26,-25,1500,1500,-1.81,1.18,2.8124,3.2089,6.7923,1
11.946,-27,-24,1500,1500,-1.81,1.18,2.7206,3.0914,6.9727,1
11.964,-30,-24,1500,1500,-1.81,1.18,2.7206,3.0914,6.9727,1
11.982,-31,-25,1500,1500,-1.81,1.18,2.7206,3.0914,6.9727,1
11.999,-32,-25,1500,1500,-1.81,1.18,2.7206,3.0914,6.9727,1
12.016,-33,-25,1500,1500,-1.81,1.18,2.7206,3.0914,6.9727,1
12.034,-34,-25,1500,1500,-1.81,1.18,2.7206,3.0914,6.9727,1
12.051,-35,-25,1500,1500,-1.81,1.18,2.7206,3.0914,6.9727,1
12.068,-36,-25,1500,1500,-1.81,1.18,2.7206,3.0914,6.9727,1
12.086,-37,-25,1500,1500,-1.81,1.18,2.7206,3.0914,6.9727,1
12.103,-38,-25,1500,1500,-1.81,1.18,2.7206,3.0914,6.9727,1
12.122,-38,-25,1500,1500,-2.03,1.02,2.7206,3.0914,6.9727,1
12.141,-39,-25,1500,1500,-2.03,1.02,2.7206,3.0914,6.9727,1
12.159,-40,-25,1500,1500,-2.03,1.02,2.7206,3.0914,6.9727,1
12.179,-41,-25,1500,1500,-2.03,1.02,2.7206,3.0914,6.9727,1
12.196,-41,-25,1500,1500,-2.03,1.02,2.7023,3.2574,6.5346,1
12.214,-41,-25,1500,1500,-2.03,1.02,2.7023,3.2574,6.5346,1
12.231,-42,-25,1500,1500,-2.03,1.02,2.7023,3.2574,6.5346,1
12.248,-42,-25,1500,1500,-2.03,1.02,2.7023,3.2574,6.5346,1
12.266,-43,-26,1500,1500,-2.03,1.02,2.7023,3.2574,6.5346,1
12.283,-42,-26,1500,1500,-2.03,1.02,2.7023,3.2574,6.5346,1
12.300,-43,-26,1500,1500,-2.03,1.02,2.7023,3.2574,6.5346,1
12.317,-44,-26,1500,1500,-2.03,1.02,2.7023,3.2574,6.5346,1
12.334,-43,-26,1500,1500,-2.03,1.02,2.7023,3.2574,6.5346,1
12.351,-44,-26,1500,1500,-2.03,1.02,2.7023,3.2574,6.5346,1
12.368,-45,-27,1500,1500,-2.03,1.02,2.7023,3.2574,6.5346,1
12.388,-45,-27,1500,1500,-1.34,0.15,2.7023,3.2574,6.5346,1
12.405,-46,-27,1500,1500,-1.34,0.15,2.7023,3.2574,6.5346,1
12.422,-47,-27,1500,1500,-1.34,0.15,2.7023,3.2574,6.5346,1
12.439,-47,-27,1500,1500,-1.34,0.15,3.0499,3.5374,8.6863,1
12.456,-49,-28,1500,1500,-1.34,0.15,3.0499,3.5374,8.6863,1
12.473,-50,-27,1500,1500,-1.34,0.15,3.0499,3.5374,8.6863,1
12.490,-52,-28,1500,1500,-1.34,0.15,3.0499,3.5374,8.6863,1
12.508,-54,-28,1500,1500,-1.34,0.15,3.0499,3.5374,8.6863,1
12.526,-56,-29,1500,1500,-1.34,0.15,3.0499,3.5374,8.6863,1
12.543,-57,-27,1500,1500,-1.34,0.15,3.0499,3.5374,8.6863,1
12.561,-59,-27,1500,1500,-1.34,0.15,3.0499,3.5374,8.6863,1
12.578,-61,-27,1500,1500,-1.34,0.15,3.0499,3.5374,8.6863,0
12.596,-64,-28,1500,1500,-1.34,0.15,3.0499,3.5374,8.6863,0
12.614,-65,-28,1500,1500,-1.34,0.15,3.0499,3.5374,8.6863,0
12.632,-66,-27,1500,1500,-0.92,0.22,3.0499,3.5374,8.6863,0
12.649,-66,-27,1500,1500,-0.92,0.22,3.0499,3.5374,8.6863,0
12.669,-67,-27,1500,1500,-0.92,0.22,3.0499,3.5374,8.6863,0
12.686,-67,-27,1500,1500,-0.92,0.22,3.1741,4.2783,7.2025,0
12.704,-68,-28,1500,1500,-0.92,0.22,3.1741,4.2783,7.2025,0
12.721,-70,-27,1500,1500,-0.92,0.22,3.1741,4.2783,7.2025,0
12.738,-71,-27,1500,1500,-0.92,0.22,3.1741,4.2783,7.2025,0
12.756,-73,-28,1500,1500,-0.92,0.22,3.1741,4.2783,7.2025,0
12.773,-74,-28,1500,1500,-0.92,0.22,3.1741,4.2783,7.2025,0
12.791,-76,-28,1500,1500,-0.92,0.22,3.1741,4.2783,7.2025,0
12.810,-77,-28,1500,1500,-0.92,0.22,3.1741,4.2783,7.2025,0
12.827,-77,-28,1500,1500,-0.92,0.22,3.1741,4.2783,7.2025,0
12.844,-78,-28,1500,1500,-0.92,0.22,3.1741,4.2783,7.2025,0
12.862,-80,-29,1500,1500,-0.92,0.22,3.1741,4.2783,7.2025,0
12.882,-81,-28,1500,1500,-0.67,0.37,3.1741,4.2783,7.2025,0
12.900,-81,-28,1500,1500,-0.67,0.37,3.1741,4.2783,7.2025,0
12.918,-82,-29,1500,1500,-0.67,0.37,3.1741,4.2783,7.2025,0
12.940,-84,-30,1500,1500,-0.67,0.37,2.9434,3.5241,8.5102,0
12.958,-85,-30,1500,1500,-0.67,0.37,2.9434,3.5241,8.5102,0
12.975,-86,-30,1500,1500,-0.67,0.37,2.9434,3.5241,8.5102,0
12.993,-87,-30,1500,1500,-0.67,0.37,2.9434,3.5241,8.5102,0
13.011,-87,-30,1500,1500,-0.67,0.37,2.9434,3.5241,8.5102,0
13.028,-90,-30,1500,1500,-0.67,0.37,2.9434,3.5241,8.5102,0
13.045,-92,-30,1500,1500,-0.67,0.37,2.9434,3.5241,8.5102,0
13.062,-94,-29,1500,1500,-0.67,0.37,2.9434,3.5241,8.5102,0
13.079,-95,-29,1500,1500,-0.67,0.37,2.9434,3.5241,8.5102,0
13.096,-97,-31,1500,1500,-0.67,0.37,2.9434,3.5241,8.5102,0
13.114,-98,-31,1500,1500,-0.67,0.37,2.9434,3.5241,8.5102,0
13.133,-99,-30,1500,1500,-0.71,-0.20,2.9434,3.5241,8.5102,0
13.152,-99,-30,1500,1500,-0.71,-0.20,2.9434,3.5241,8.5102,0
13.170,-101,-31,1500,1500,-0.71,-0.20,2.9434,3.5241,8.5102,0
13.187,-101,-30,1500,1500,-0.71,-0.20,2.9754,3.3322,7.8275,0
13.206,-101,-29,1500,1500,-0.71,-0.20,2.9754,3.3322,7.8275,0
13.223,-102,-29,1500,1500,-0.71,-0.20,2.9754,3.3322,7.8275,0
13.240,-103,-30,1500,1500,-0.71,-0.20,2.9754,3.3322,7.8275,0
13.257,-104,-30,1500,1500,-0.71,-0.20,2.9754,3.3322,7.8275,0
13.275,-104,-30,1500,1500,-0.71,-0.20,2.9754,3.3322,7.8275,0
13.292,-105,-29,1500,1500,-0.71,-0.20,2.9754,3.3322,7.8275,0
13.309,-105,-30,1500,1500,-0.71,-0.20,2.9754,3.3322,7.8275,0
13.327,-106,-29,1500,1500,-0.71,-0.20,2.9754,3.3322,7.8275,0
13.344,-106,-29,1500,1500,-0.71,-0.20,2.9754,3.3322,7.8275,0
13.361,-107,-29,1500,1500,-0.71,-0.20,2.9754,3.3322,7.8275,0
13.378,-107,-29,1500,1500,-0.91,-0.21,2.9754,3.3322,7.8275,0
13.396,-108,-29,1500,1500,-0.91,-0.21,2.9754,3.3322,7.8275,0
13.413,-108,-29,1500,1500,-0.91,-0.21,2.9754,3.3322,7.8275,0
13.430,-109,-29,1500,1500,-0.91,-0.21,2.9754,3.3322,7.8275,0
13.451,-110,-29,1500,1500,-0.91,-0.21,2.8191,3.5305,6.4876,0
13.468,-112,-29,1500,1500,-0.91,-0.21,2.8191,3.5305,6.4876,0
13.486,-114,-29,1500,1500,-0.91,-0.21,2.8191,3.5305,6.4876,0
13.503,-115,-29,1500,1500,-0.91,-0.21,2.8191,3.5305,6.4876,0
13.521,-116,-29,1500,1500,-0.91,-0.21,2.8191,3.5305,6.4876,0
13.538,-117,-29,1500,1500,-0.91,-0.21,2.8191,3.5305,6.4876,0
13.557,-118,-29,1500,1500,-0.91,-0.21,2.8191,3.5305,6.4876,0
13.574,-119,-29,1500,1500,-0.91,-0.21,2.8191,3.5305,6.4876,0
13.591,-121,-30,1500,1500,-0.91,-0.21,2.8191,3.5305,6.4876,0
13.608,-122,-29,1500,1500,-0.91,-0.21,2.8191,3.5305,6.4876,0
13.625,-124,-30,1500,1500,-0.95,-0.48,2.8191,3.5305,6.4876,0
13.644,-125,-30,1500,1500,-0.95,-0.48,2.8191,3.5305,6.4876,0
13.661,-126,-29,1500,1500,-0.95,-0.48,2.8191,3.5305,6.4876,0
13.679,-127,-30,1500,1500,-0.95,-0.48,2.8191,3.5305,6.4876,0
13.697,-128,-29,1500,1500,-0.95,-0.48,2.6271,3.2955,6.3703,0
13.715,-130,-29,1500,1500,-0.95,-0.48,2.6271,3.2955,6.3703,0
13.734,-132,-29,1500,1500,-0.95,-0.48,2.6271,3.2955,6.3703,0
13.752,-133,-30,1500,1500,-0.95,-0.48,2.6271,3.2955,6.3703,0
13.770,-134,-29,1500,1500,-0.95,-0.48,2.6271,3.2955,6.3703,0
13.788,-135,-29,1500,1500,-0.95,-0.48,2.6271,3.2955,6.3703,0
13.807,-136,-30,1500,1500,-0.95,-0.48,2.6271,3.2955,6.3703,0
13.825,-137,-29,1500,1500,-0.95,-0.48,2.6271,3.2955,6.3703,0
13.842,-138,-30,1500,1500,-0.95,-0.48,2.6271,3.2955,6.3703,0
13.860,-138,-29,1500,1500,-0.95,-0.48,2.6271,3.2955,6.3703,0
13.877,-139,-29,1500,1500,-0.84,-0.23,2.6271,3.2955,6.3703,0
13.894,-141,-29,1500,1500,-0.84,-0.23,2.6271,3.2955,6.3703,0
13.912,-142,-29,1500,1500,-0.84,-0.23,2.6271,3.2955,6.3703,0
13.929,-144,-30,1500,1500,-0.84,-0.23,2.6271,3.2955,6.3703,0
13.947,-146,-29,1500,1500,-0.84,-0.23,2.8033,3.1923,6.4734,0
13.964,-147,-29,1500,1500,-0.84,-0.23,2.8033,3.1923,6.4734,0
13.982,-148,-30,1500,1500,-0.84,-0.23,2.8033,3.1923,6.4734,0
14.000,-149,-30,1500,1500,-0.84,-0.23,2.8033,3.1923,6.4734,0
14.017,-151,-29,1500,1500,-0.84,-0.23,2.8033,3.1923,6.4734,0
14.034,-152,-29,1500,1500,-0.84,-0.23,2.8033,3.1923,6.4734,0
14.051,-154,-29,1500,1500,-0.84,-0.23,2.8033,3.1923,6.4734,0
14.068,-155,-30,1500,1500,-0.84,-0.23,2.8033,3.1923,6.4734,0
14.086,-157,-29,1500,1500,-0.84,-0.23,2.8033,3.1923,6.4734,0
14.104,-159,-29,1500,1500,-0.84,-0.23,2.8033,3.1923,6.4734,0
14.121,-160,-29,1500,1500,-0.80,0.10,2.8033,3.1923,6.4734,0
14.138,-162,-30,1500,1500,-0.80,0.10,2.8033,3.1923,6.4734,0
14.155,-164,-30,1500,1500,-0.80,0.10,2.8033,3.1923,6.4734,0
14.173,-165,-29,1500,1500,-0.80,0.10,2.8033,3.1923,6.4734,0
14.191,-167,-29,1500,1500,-0.80,0.10,2.7699,3.2688,6.7550,0
14.209,-169,-30,1500,1500,-0.80,0.10,2.7699,3.2688,6.7550,0
14.228,-170,-29,1500,1500,-0.80,0.10,2.7699,3.2688,6.7550,0
14.246,-172,-30,1500,1500,-0.80,0.10,2.7699,3.2688,6.7550,0
14.263,-172,-29,1500,1500,-0.80,0.10,2.7699,3.2688,6.7550,0
14.280,-172,-29,1500,1500,-0.80,0.10,2.7699,3.2688,6.7550,0
14.298,-172,-29,1500,1500,-0.80,0.10,2.7699,3.2688,6.7550,0
14.316,-173,-29,1500,1500,-0.80,0.10,2.7699,3.2688,6.7550,0
14.333,-173,-29,1500,1500,-0.80,0.10,2.7699,3.2688,6.7550,0
14.351,-172,-29,1500,1500,-0.80,0.10,2.7699,3.2688,6.7550,0
14.369,-171,-28,1500,1500,-0.97,0.14,2.7699,3.2688,6.7550,0
14.387,-171,-28,1500,1500,-0.97,0.14,2.7699,3.2688,6.7550,0
14.406,-170,-29,1500,1500,-0.97,0.14,2.7699,3.2688,6.7550,0
14.424,-169,-29,1500,1500,-0.97,0.14,2.7699,3.2688,6.7550,0
14.443,-168,-29,1500,1500,-0.97,0.14,2.5035,3.5396,6.3551,0
14.461,-167,-28,1500,1500,-0.97,0.14,2.5035,3.5396,6.3551,0
14.479,-167,-29,1500,1500,-0.97,0.14,2.5035,3.5396,6.3551,0
14.497,-166,-29,1500,1500,-0.97,0.14,2.5035,3.5396,6.3551,0
14.515,-166,-29,1500,1500,-0.97,0.14,2.5035,3.5396,6.3551,0
14.533,-166,-28,1500,1500,-0.97,0.14,2.5035,3.5396,6.3551,0
14.550,-165,-29,1500,1500,-0.97,0.14,2.5035,3.5396,6.3551,0
14.567,-164,-29,1500,1500,-0.97,0.14,2.5035,3.5396,6.3551,0
14.584,-163,-29,1500,1500,-0.97,0.14,2.5035,3.5396,6.3551,0
14.602,-162,-28,1500,1500,-0.97,0.14,2.5035,3.5396,6.3551,0
14.619,-161,-29,1500,1500,-1.12,0.10,2.5035,3.5396,6.3551,0
14.636,-160,-29,1500,1500,-1.12,0.10,2.5035,3.5396,6.3551,0
14.654,-158,-29,1500,1500,-1.12,0.10,2.5035,3.5396,6.3551,0
14.672,-157,-28,1500,1500,-1.12,0.10,2.5035,3.5396,6.3551,0
14.689,-156,-29,1500,1500,-1.12,0.10,2.6745,3.4533,7.0610,0
14.708,-155,-29,1500,1500,-1.12,0.10,2.6745,3.4533,7.0610,0
14.726,-154,-29,1500,1500,-1.12,0.10,2.6745,3.4533,7.0610,0
14.743,-154,-29,1500,1500,-1.12,0.10,2.6745,3.4533,7.0610,0
14.760,-153,-29,1500,1500,-1.12,0.10,2.6745,3.4533,7.0610,0
14.778,-153,-28,1500,1500,-1.12,0.10,2.6745,3.4533,7.0610,0
14.795,-152,-28,1500,1500,-1.12,0.10,2.6745,3.4533,7.0610,0
14.812,-152,-29,1500,1500,-1.12,0.10,2.6745,3.4533,7.0610,0
14.830,-150,-28,1500,1500,-1.12,0.10,2.6745,3.4533,7.0610,0
14.847,-149,-29,1500,1500,-1.12,0.10,2.6745,3.4533,7.0610,0
14.863,-148,-29,1500,1500,-1.12,0.10,2.6745,3.4533,7.0610,0
14.880,-148,-29,1500,1500,-1.11,0.39,2.6745,3.4533,7.0610,0
14.898,-147,-29,1500,1500,-1.11,0.39,2.6745,3.4533,7.0610,0
14.917,-147,-29,1500,1500,-1.11,0.39,2.6745,3.4533,7.0610,0
14.935,-146,-29,1500,1500,-1.11,0.39,2.8028,3.5522,6.4356,0
14.952,-146,-29,1500,1500,-1.11,0.39,2.8028,3.5522,6.4356,0
14.972,-145,-29,1500,1500,-1.11,0.39,2.8028,3.5522,6.4356,0
14.991,-144,-29,1500,1500,-1.11,0.39,2.8028,3.5522,6.4356,0
15.008,-140,-29,1500,1500,-1.11,0.39,2.8028,3.5522,6.4356,0
15.026,-137,-29,1500,1500,-1.11,0.39,2.8028,3.5522,6.4356,0
15.044,-136,-29,1500,1500,-1.11,0.39,2.8028,3.5522,6.4356,0
15.062,-133,-29,1500,1500,-1.11,0.39,2.8028,3.5522,6.4356,0
15.080,-132,-29,1500,1500,-1.11,0.39,2.8028,3.5522,6.4356,0
15.097,-131,-29,1500,1500,-1.11,0.39,2.8028,3.5522,6.4356,0
15.114,-129,-29,1500,1500,-1.11,0.39,2.8028,3.5522,6.4356,0
15.134,-129,-29,1500,1500,-1.31,0.72,2.8028,3.5522,6.4356,0
15.151,-127,-30,1500,1500,-1.31,0.72,2.8028,3.5522,6.4356,0
15.172,-127,-30,1500,1500,-1.31,0.72,2.8028,3.5522,6.4356,0
15.191,-128,-30,1500,1500,-1.31,0.72,2.6494,3.3646,6.5263,0
15.209,-129,-30,1500,1500,-1.31,0.72,2.6494,3.3646,6.5263,0
15.227,-129,-30,1500,1500,-1.31,0.72,2.6494,3.3646,6.5263,0
15.245,-131,-30,1500,1500,-1.31,0.72,2.6494,3.3646,6.5263,0
15.262,-132,-29,1500,1500,-1.31,0.72,2.6494,3.3646,6.5263,0
15.280,-132,-30,1500,1500,-1.31,0.72,2.6494,3.3646,6.5263,0
15.297,-132,-30,1500,1500,-1.31,0.72,2.6494,3.3646,6.5263,0
15.314,-133,-30,1500,1500,-1.31,0.72,2.6494,3.3646,6.5263,0
15.331,-133,-29,1500,1500,-1.31,0.72,2.6494,3.3646,6.5263,0
15.349,-133,-29,1500,1500,-1.31,0.72,2.6494,3.3646,6.5263,0
15.366,-133,-29,1500,1500,-0.77,0.38,2.6494,3.3646,6.5263,0
15.384,-133,-29,1500,1500,-0.77,0.38,2.6494,3.3646,6.5263,0
15.403,-133,-29,1500,1500,-0.77,0.38,2.6494,3.3646,6.5263,0
15.422,-133,-30,1500,1500,-0.77,0.38,2.6494,3.3646,6.5263,0
15.439,-133,-30,1500,1500,-0.77,0.38,2.4031,3.7062,5.6873,0
15.456,-132,-30,1500,1500,-0.77,0.38,2.4031,3.7062,5.6873,0
15.473,-132,-30,1500,1500,-0.77,0.38,2.4031,3.7062,5.6873,0
15.491,-131,-31,1500,1500,-0.77,0.38,2.4031,3.7062,5.6873,0
15.508,-131,-31,1500,1500,-0.77,0.38,2.4031,3.7062,5.6873,0
15.527,-130,-31,1500,1500,-0.77,0.38,2.4031,3.7062,5.6873,0
15.544,-130,-31,1500,1500,-0.77,0.38,2.4031,3.7062,5.6873,0
15.561,-130,-31,1500,1500,-0.77,0.38,2.4031,3.7062,5.6873,0
15.578,-129,-32,1500,1500,-0.77,0.38,2.4031,3.7062,5.6873,0
15.596,-128,-31,1500,1500,-0.77,0.38,2.4031,3.7062,5.6873,0
15.614,-128,-31,1500,1500,-0.77,0.38,2.4031,3.7062,5.6873,0
15.631,-127,-31,1500,1500,-0.28,0.05,2.4031,3.7062,5.6873,0
15.649,-127,-31,1500,1500,-0.28,0.05,2.4031,3.7062,5.6873,0
15.666,-126,-31,1500,1500,-0.28,0.05,2.4031,3.7062,5.6873,0
15.683,-126,-31,1500,1500,-0.28,0.05,3.0126,3.3956,8.8185,0
15.702,-125,-31,1500,1500,-0.28,0.05,3.0126,3.3956,8.8185,0
15.719,-124,-32,1500,1500,-0.28,0.05,3.0126,3.3956,8.8185,0
15.738,-122,-31,1500,1500,-0.28,0.05,3.0126,3.3956,8.8185,0
15.755,-120,-31,1500,1500,-0.28,0.05,3.0126,3.3956,8.8185,0
15.774,-117,-31,1500,1500,-0.28,0.05,3.0126,3.3956,8.8185,0
15.794,-116,-31,1500,1500,-0.28,0.05,3.0126,3.3956,8.8185,0
15.812,-115,-31,1500,1500,-0.28,0.05,3.0126,3.3956,8.8185,0
15.829,-114,-32,1500,1500,-0.28,0.05,3.0126,3.3956,8.8185,0
15.849,-114,-31,1500,1500,-0.28,0.05,3.0126,3.3956,8.8185,0
15.866,-113,-32,1500,1500,-0.50,-0.33,3.0126,3.3956,8.8185,0
15.886,-111,-32,1500,1500,-0.50,-0.33,3.0126,3.3956,8.8185,0
15.905,-110,-32,1500,1500,-0.50,-0.33,3.0126,3.3956,8.8185,0
15.922,-109,-32,1500,1500,-0.50,-0.33,3.0126,3.3956,8.8185,0
15.941,-108,-32,1500,1500,-0.50,-0.33,2.6961,3.8835,7.3963,0
15.958,-107,-32,1500,1500,-0.50,-0.33,2.6961,3.8835,7.3963,0
15.976,-105,-32,1500,1500,-0.50,-0.33,2.6961,3.8835,7.3963,0
15.994,-104,-32,1500,1500,-0.50,-0.33,2.6961,3.8835,7.3963,0
16.011,-103,-33,1500,1500,-0.50,-0.33,2.6961,3.8835,7.3963,0
16.029,-101,-33,1500,1500,-0.50,-0.33,2.6961,3.8835,7.3963,0
16.046,-100,-33,1500,1500,-0.50,-0.33,2.6961,3.8835,7.3963,0
16.063,-99,-33,1500,1500,-0.50,-0.33,2.6961,3.8835,7.3963,0
16.080,-98,-33,1500,1500,-0.50,-0.33,2.6961,3.8835,7.3963,0
16.097,-97,-33,1500,1500,-0.50,-0.33,2.6961,3.8835,7.3963,0
16.114,-95,-33,1500,1500,-0.34,-0.64,2.6961,3.8835,7.3963,0
16.133,-95,-33,1500,1500,-0.34,-0.64,2.6961,3.8835,7.3963,0
16.156,-94,-33,1500,1500,-0.34,-0.64,2.6961,3.8835,7.3963,0
16.175,-93,-33,1500,1500,-0.34,-0.64,2.6961,3.8835,7.3963,0
16.192,-93,-33,1500,1500,-0.34,-0.64,2.7870,3.3132,7.4370,0
16.210,-92,-33,1500,1500,-0.34,-0.64,2.7870,3.3132,7.4370,0
16.227,-93,-33,1500,1500,-0.34,-0.64,2.7870,3.3132,7.4370,0
16.245,-93,-33,1500,1500,-0.34,-0.64,2.7870,3.3132,7.4370,0
16.262,-93,-33,1500,1500,-0.34,-0.64,2.7870,3.3132,7.4370,0
16.279,-94,-33,1500,1500,-0.34,-0.64,2.7870,3.3132,7.4370,0
16.296,-95,-34,1500,1500,-0.34,-0.64,2.7870,3.3132,7.4370,0
16.313,-96,-34,1500,1500,-0.34,-0.64,2.7870,3.3132,7.4370,0
16.330,-97,-34,1500,1500,-0.34,-0.64,2.7870,3.3132,7.4370,0
16.348,-98,-34,1500,1500,-0.34,-0.64,2.7870,3.3132,7.4370,0
16.365,-99,-34,1500,1500,-0.39,-1.35,2.7870,3.3132,7.4370,0
16.382,-100,-34,1500,1500,-0.39,-1.35,2.7870,3.3132,7.4370,0
16.400,-101,-33,1500,1500,-0.39,-1.35,2.7870,3.3132,7.4370,0
16.417,-103,-33,1500,1500,-0.39,-1.35,2.7870,3.3132,7.4370,0
16.435,-104,-33,1500,1500,-0.39,-1.35,2.5836,4.7427,9.1592,0
16.453,-105,-33,1500,1500,-0.39,-1.35,2.5836,4.7427,9.1592,0
16.470,-107,-34,1500,1500,-0.39,-1.35,2.5836,4.7427,9.1592,0
16.488,-109,-34,1500,1500,-0.39,-1.35,2.5836,4.7427,9.1592,0
16.506,-110,-33,1500,1500,-0.39,-1.35,2.5836,4.7427,9.1592,0
16.526,-112,-33,1500,1500,-0.39,-1.35,2.5836,4.7427,9.1592,0
16.544,0,0,1500,1500,-0.39,-1.35,2.5836,4.7427,9.1592,0
16.561,0,0,1500,1500,-0.39,-1.35,2.5836,4.7427,9.1592,0
16.579,0,0,1500,1500,-0.39,-1.35,2.5836,4.7427,9.1592,0
16.597,0,0,1500,1500,-0.39,-1.35,2.5836,4.7427,9.1592,0
16.614,0,0,1500,1500,-0.10,-0.12,2.5836,4.7427,9.1592,0
16.631,0,0,1500,1500,-0.10,-0.12,2.5836,4.7427,9.1592,0
16.649,0,0,1500,1500,-0.10,-0.12,2.5836,4.7427,9.1592,0
16.669,0,0,1500,1500,-0.10,-0.12,2.5836,4.7427,9.1592,0
16.687,0,0,1500,1500,-0.10,-0.12,2.3080,5.5844,9.5064,0
16.705,0,0,1500,1500,-0.10,-0.12,2.3080,5.5844,9.5064,0
16.723,0,0,1500,1500,-0.10,-0.12,2.3080,5.5844,9.5064,0
16.741,0,0,1500,1500,-0.10,-0.12,2.3080,5.5844,9.5064,0
16.758,0,0,1500,1500,-0.10,-0.12,2.3080,5.5844,9.5064,0
16.775,0,0,1500,1500,-0.10,-0.12,2.3080,5.5844,9.5064,0
16.792,0,0,1500,1500,-0.10,-0.12,2.3080,5.5844,9.5064,0
16.811,0,0,1500,1500,-0.10,-0.12,2.3080,5.5844,9.5064,0
16.828,0,0,1500,1500,-0.10,-0.12,2.3080,5.5844,9.5064,0
16.846,0,0,1500,1500,-0.10,-0.12,2.3080,5.5844,9.5064,0
16.863,0,0,1500,1500,0.49,0.72,2.3080,5.5844,9.5064,0
16.880,0,0,1500,1500,0.49,0.72,2.3080,5.5844,9.5064,0
16.897,0,0,1500,1500,0.49,0.72,2.3080,5.5844,9.5064,0
16.914,0,0,1500,1500,0.49,0.72,2.3080,5.5844,9.5064,0
16.932,0,0,1500,1500,0.49,0.72,2.3946,5.1586,9.4373,0
16.949,0,0,1500,1500,0.49,0.72,2.3946,5.1586,9.4373,0
16.968,0,0,1500,1500,0.49,0.72,2.3946,5.1586,9.4373,0
16.985,0,0,1500,1500,0.49,0.72,2.3946,5.1586,9.4373,0
17.002,0,0,1500,1500,0.49,0.72,2.3946,5.1586,9.4373,0
17.020,0,0,1500,1500,0.49,0.72,2.3946,5.1586,9.4373,0
17.037,0,0,1500,1500,0.49,0.72,2.3946,5.1586,9.4373,0
17.055,0,0,1500,1500,0.49,0.72,2.3946,5.1586,9.4373,0
17.072,0,0,1500,1500,0.49,0.72,2.3946,5.1586,9.4373,0
17.090,0,0,1500,1500,0.49,0.72,2.3946,5.1586,9.4373,0
17.108,0,0,1500,1500,0.49,0.72,2.3946,5.1586,9.4373,0
17.127,0,0,1500,1500,0.44,0.73,2.3946,5.1586,9.4373,0
17.145,0,0,1500,1500,0.44,0.73,2.3946,5.1586,9.4373,0
17.162,0,0,1500,1500,0.44,0.73,2.3946,5.1586,9.4373,0
17.180,0,0,1500,1500,0.44,0.73,2.7969,4.6117,8.8526,0
17.198,0,0,1500,1500,0.44,0.73,2.7969,4.6117,8.8526,0
17.217,0,0,1500,1500,0.44,0.73,2.7969,4.6117,8.8526,0
17.235,0,0,1500,1500,0.44,0.73,2.7969,4.6117,8.8526,0
17.253,0,0,1500,1500,0.44,0.73,2.7969,4.6117,8.8526,0
17.273,0,0,1500,1500,0.44,0.73,2.7969,4.6117,8.8526,0
17.291,0,0,1500,1500,0.44,0.73,2.7969,4.6117,8.8526,0
17.308,0,0,1500,1500,0.44,0.73,2.7969,4.6117,8.8526,0
17.327,0,0,1500,1500,0.44,0.73,2.7969,4.6117,8.8526,0
17.345,0,0,1500,1500,0.44,0.73,2.7969,4.6117,8.8526,0
17.362,0,0,1500,1500,-0.29,0.76,2.7969,4.6117,8.8526,0
17.380,0,0,1500,1500,-0.29,0.76,2.7969,4.6117,8.8526,0
17.398,0,0,1500,1500,-0.29,0.76,2.7969,4.6117,8.8526,0
17.417,0,0,1500,1500,-0.29,0.76,2.7969,4.6117,8.8526,0
17.435,0,0,1500,1500,-0.29,0.76,2.2623,4.8196,8.6115,0
17.452,0,0,1500,1500,-0.29,0.76,2.2623,4.8196,8.6115,0
17.470,0,0,1500,1500,-0.29,0.76,2.2623,4.8196,8.6115,0
17.487,0,0,1500,1500,-0.29,0.76,2.2623,4.8196,8.6115,0
17.505,0,0,1500,1500,-0.29,0.76,2.2623,4.8196,8.6115,0
17.523,0,0,1500,1500,-0.29,0.76,2.2623,4.8196,8.6115,0
17.540,0,0,1500,1500,-0.29,0.76,2.2623,4.8196,8.6115,0
17.558,0,0,1500,1500,-0.29,0.76,2.2623,4.8196,8.6115,0
17.575,0,0,1500,1500,-0.29,0.76,2.2623,4.8196,8.6115,0
17.593,0,0,1500,1500,-0.29,0.76,2.2623,4.8196,8.6115,0
17.610,0,0,1500,1500,-0.90,0.84,2.2623,4.8196,8.6115,0
17.627,0,0,1500,1500,-0.90,0.84,2.2623,4.8196,8.6115,0
17.644,0,0,1500,1500,-0.90,0.84,2.2623,4.8196,8.6115,0
17.662,0,0,1500,1500,-0.90,0.84,2.2623,4.8196,8.6115,0
17.679,0,0,1500,1500,-0.90,0.84,2.2623,4.8196,8.6115,0
17.696,0,0,1500,1500,-0.90,0.84,2.2623,4.8196,8.6115,0
17.714,0,0,1500,1500,-0.90,0.84,2.2623,4.8196,8.6115,0
17.731,0,0,1500,1500,-0.90,0.84,2.2623,4.8196,8.6115,0
17.749,0,0,1500,1500,-0.90,0.84,2.2623,4.8196,8.6115,0
17.769,0,0,1500,1500,-0.90,0.84,2.2623,4.8196,8.6115,0
17.786,0,0,1500,1500,-0.90,0.84,2.2623,4.8196,8.6115,0
17.804,0,0,1500,1500,-0.90,0.84,2.2623,4.8196,8.6115,0
17.822,0,0,1500,1500,-0.90,0.84,2.2623,4.8196,8.6115,0
17.839,0,0,1500,1500,-0.90,0.84,2.2623,4.8196,8.6115,0
17.857,0,0,1500,1500,-0.90,0.84,2.2623,4.8196,8.6115,0
17.874,0,0,1500,1500,-1.19,0.53,2.2623,4.8196,8.6115,0
17.891,0,0,1500,1500,-1.19,0.53,2.2623,4.8196,8.6115,0
17.908,0,0,1500,1500,-1.19,0.53,2.2623,4.8196,8.6115,0
17.925,0,0,1500,1500,-1.19,0.53,2.2623,4.8196,8.6115,0
17.942,0,0,1500,1500,-1.19,0.53,2.2623,4.8196,8.6115,0
17.959,0,0,1500,1500,-1.19,0.53,2.2623,4.8196,8.6115,0
17.977,0,0,1500,1500,-1.19,0.53,2.2623,4.8196,8.6115,0
17.994,0,0,1500,1500,-1.19,0.53,2.2623,4.8196,8.6115,0
18.013,0,0,1500,1500,-1.19,0.53,2.2623,4.8196,8.6115,0
18.030,0,0,1500,1500,-1.19,0.53,2.2623,4.8196,8.6115,0
18.047,0,0,1500,1500,-1.19,0.53,2.2623,4.8196,8.6115,0
18.065,0,0,1500,1500,-1.19,0.53,2.2623,4.8196,8.6115,0
18.082,0,0,1500,1500,-1.19,0.53,2.2623,4.8196,8.6115,0
18.100,0,0,1500,1500,-1.19,0.53,2.2623,4.8196,8.6115,0
18.117,-88,-27,1500,1500,-1.19,0.53,2.2623,4.8196,8.6115,0
18.134,-86,-28,1500,1500,-1.19,0.53,2.2623,4.8196,8.6115,0
18.151,-82,-27,1500,1500,-1.19,0.53,2.2623,4.8196,8.6115,0
18.169,-79,-28,1500,1500,-1.19,0.53,2.2799,5.7310,9.3417,0
18.187,-75,-28,1500,1500,-1.13,0.39,2.2799,5.7310,9.3417,0
18.205,-72,-27,1500,1500,-1.13,0.39,2.2799,5.7310,9.3417,0
18.222,-68,-27,1500,1500,-1.13,0.39,2.2799,5.7310,9.3417,0
18.242,-61,-27,1500,1500,-1.13,0.39,2.2799,5.7310,9.3417,0
18.259,-57,-27,1500,1500,-1.13,0.39,2.2799,5.7310,9.3417,1
18.278,-54,-27,1500,1500,-1.13,0.39,2.2799,5.7310,9.3417,1
18.295,-51,-27,1500,1500,-1.13,0.39,2.2799,5.7310,9.3417,1
18.313,-47,-27,1500,1500,-1.13,0.39,2.2799,5.7310,9.3417,1
18.331,-45,-27,1500,1500,-1.13,0.39,2.2799,5.7310,9.3417,1
18.348,-42,-27,1500,1500,-1.13,0.39,2.2799,5.7310,9.3417,1
18.366,-39,-27,1500,1500,-0.38,0.43,2.2799,5.7310,9.3417,1
18.384,-37,-27,1500,1500,-0.38,0.43,2.2799,5.7310,9.3417,1
18.401,-34,-27,1500,1500,-0.38,0.43,2.2799,5.7310,9.3417,1
18.418,-31,-27,1500,1500,-0.38,0.43,2.2799,5.7310,9.3417,1
18.436,-28,-27,1500,1500,-0.38,0.43,2.2799,5.7310,9.3417,1
18.453,-23,-27,1500,1500,-0.38,0.43,2.2799,5.7310,9.3417,1
18.471,-20,-26,1500,1500,-0.38,0.43,2.2799,5.7310,9.3417,1
18.489,-18,-27,1500,1500,-0.38,0.43,2.2799,5.7310,9.3417,1
18.507,-18,-27,1500,1500,-0.38,0.43,2.2799,5.7310,9.3417,1
18.525,-15,-27,1500,1500,-0.38,0.43,2.2799,5.7310,9.3417,1
18.542,-13,-26,1500,1500,-0.38,0.43,2.2799,5.7310,9.3417,1
18.561,-12,-26,1500,1500,-0.38,0.43,2.2799,5.7310,9.3417,1
18.580,-12,-26,1500,1500,-0.38,0.43,2.2799,5.7310,9.3417,1
18.597,-11,-26,1500,1500,-0.38,0.43,2.2799,5.7310,9.3417,1
18.615,-10,-26,1500,1500,-0.38,0.43,2.2799,5.7310,9.3417,1
18.634,-10,-26,1500,1500,-0.38,0.43,2.2799,5.7310,9.3417,1
18.652,-10,-26,1500,1500,-0.38,0.43,2.2799,5.7310,9.3417,1
18.669,-10,-27,1500,1500,-0.38,0.43,2.0341,4.6261,5.6114,1
18.686,-10,-27,1500,1500,0.01,0.08,2.0341,4.6261,5.6114,1
18.704,-10,-27,1500,1500,0.01,0.08,2.0341,4.6261,5.6114,1
18.722,-10,-27,1500,1500,0.01,0.08,2.0341,4.6261,5.6114,1
18.743,-10,-27,1500,1500,0.01,0.08,2.0341,4.6261,5.6114,1
18.761,-9,-26,1500,1500,0.01,0.08,2.0341,4.6261,5.6114,1
18.779,-9,-25,1500,1500,0.01,0.08,2.0341,4.6261,5.6114,1
18.798,-8,-26,1500,1500,0.01,0.08,2.0341,4.6261,5.6114,1
18.815,-7,-26,1500,1500,0.01,0.08,2.0341,4.6261,5.6114,1
18.833,-6,-26,1500,1500,0.01,0.08,2.0341,4.6261,5.6114,1
18.850,-5,-26,1500,1500,0.01,0.08,2.0341,4.6261,5.6114,1
18.867,-4,-26,1500,1500,0.09,0.26,2.0341,4.6261,5.6114,1
18.885,-2,-26,1500,1500,0.09,0.26,2.0341,4.6261,5.6114,1
18.903,-1,-26,1500,1500,0.09,0.26,2.0341,4.6261,5.6114,1
18.920,0,-26,1500,1500,0.09,0.26,2.0341,4.6261,5.6114,1
18.937,0,-26,1500,1500,0.09,0.26,2.0341,4.6261,5.6114,1
18.955,1,-26,1500,1500,0.09,0.26,2.0341,4.6261,5.6114,1
18.972,2,-25,1500,1500,0.09,0.26,2.0341,4.6261,5.6114,1
18.990,2,-25,1500,1500,0.09,0.26,2.0341,4.6261,5.6114,1
19.007,3,-26,1500,1500,0.09,0.26,2.0341,4.6261,5.6114,1
19.025,3,-26,1500,1500,0.09,0.26,2.0341,4.6261,5.6114,1
19.042,4,-26,1500,1500,0.09,0.26,2.0341,4.6261,5.6114,1
19.060,4,-26,1500,1500,0.09,0.26,2.0341,4.6261,5.6114,1
19.078,4,-26,1500,1500,0.09,0.26,2.0341,4.6261,5.6114,1
19.096,5,-26,1500,1500,0.09,0.26,2.0341,4.6261,5.6114,1
19.114,5,-25,1500,1500,0.09,0.26,2.0341,4.6261,5.6114,1
19.132,5,-25,1500,1500,0.09,0.26,2.0341,4.6261,5.6114,1
19.149,5,-26,1500,1500,0.09,0.26,2.0341,4.6261,5.6114,1
19.167,5,-26,1500,1500,0.09,0.26,2.4774,4.7412,8.4796,1
19.185,4,-26,1500,1500,0.25,0.51,2.4774,4.7412,8.4796,1
19.202,4,-26,1500,1500,0.25,0.51,2.4774,4.7412,8.4796,1
19.220,3,-25,1500,1500,0.25,0.51,2.4774,4.7412,8.4796,1
19.237,3,-25,1500,1500,0.25,0.51,2.4774,4.7412,8.4796,1
19.255,2,-25,1500,1500,0.25,0.51,2.4774,4.7412,8.4796,1
19.272,2,-25,1500,1500,0.25,0.51,2.4774,4.7412,8.4796,1
19.289,3,-24,1500,1500,0.25,0.51,2.4774,4.7412,8.4796,1
19.306,3,-24,1500,1500,0.25,0.51,2.4774,4.7412,8.4796,1
19.325,3,-24,1500,1500,0.25,0.51,2.4774,4.7412,8.4796,1
19.343,3,-25,1500,1500,0.25,0.51,2.4774,4.7412,8.4796,1
19.360,3,-25,1500,1500,0.23,0.67,2.4774,4.7412,8.4796,1
19.377,3,-24,1500,1500,0.23,0.67,2.4774,4.7412,8.4796,1
19.395,3,-25,1500,1500,0.23,0.67,2.4774,4.7412,8.4796,1
19.412,4,-25,1500,1500,0.23,0.67,2.4774,4.7412,8.4796,1
19.430,4,-25,1500,1500,0.23,0.67,2.4774,4.7412,8.4796,1
19.447,5,-25,1500,1500,0.23,0.67,2.4774,4.7412,8.4796,1
19.465,5,-25,1500,1500,0.23,0.67,2.4774,4.7412,8.4796,1
19.482,4,-25,1500,1500,0.23,0.67,2.4774,4.7412,8.4796,1
19.499,5,-25,1500,1500,0.23,0.67,2.4774,4.7412,8.4796,1
19.518,5,-25,1500,1500,0.23,0.67,2.4774,4.7412,8.4796,1
19.535,5,-25,1500,1500,0.23,0.67,2.4774,4.7412,8.4796,1
19.553,6,-24,1500,1500,0.23,0.67,2.4774,4.7412,8.4796,1
19.571,6,-24,1500,1500,0.23,0.67,2.4774,4.7412,8.4796,1
19.588,7,-25,1500,1500,0.23,0.67,2.4774,4.7412,8.4796,1
19.606,7,-25,1500,1500,0.23,0.67,2.4774,4.7412,8.4796,1
19.623,8,-25,1500,1500,0.23,0.67,2.4774,4.7412,8.4796,1
19.640,8,-25,1500,1500,0.23,0.67,2.4774,4.7412,8.4796,1
19.658,9,-24,1500,1500,0.23,0.67,2.7556,4.6512,9.3678,1
19.677,9,-24,1500,1500,0.38,1.10,2.7556,4.6512,9.3678,1
19.695,9,-24,1500,1500,0.38,1.10,2.7556,4.6512,9.3678,1
19.712,10,-24,1500,1500,0.38,1.10,2.7556,4.6512,9.3678,1
19.730,10,-24,1500,1500,0.38,1.10,2.7556,4.6512,9.3678,1
19.748,9,-24,1500,1500,0.38,1.10,2.7556,4.6512,9.3678,1
19.767,9,-24,1500,1500,0.38,1.10,2.7556,4.6512,9.3678,1
19.784,8,-24,1500,1500,0.38,1.10,2.7556,4.6512,9.3678,1
19.802,8,-24,1500,1500,0.38,1.10,2.7556,4.6512,9.3678,1
19.819,7,-24,1500,1500,0.38,1.10,2.7556,4.6512,9.3678,1
19.837,6,-24,1500,1500,0.38,1.10,2.7556,4.6512,9.3678,1
19.854,5,-24,1500,1500,-0.14,0.95,2.7556,4.6512,9.3678,1
19.871,4,-25,1500,1500,-0.14,0.95,2.7556,4.6512,9.3678,1
19.889,3,-25,1500,1500,-0.14,0.95,2.7556,4.6512,9.3678,1
19.906,3,-25,1500,1500,-0.14,0.95,2.7556,4.6512,9.3678,1
19.923,2,-24,1500,1500,-0.14,0.95,2.7556,4.6512,9.3678,1
19.940,1,-24,1500,1500,-0.14,0.95,2.7556,4.6512,9.3678,1
19.958,1,-24,1500,1500,-0.14,0.95,2.7556,4.6512,9.3678,1
19.975,0,-25,1500,1500,-0.14,0.95,2.7556,4.6512,9.3678,1
19.993,-1,-24,1500,1500,-0.14,0.95,2.7556,4.6512,9.3678,1
20.012,-2,-25,1500,1500,-0.14,0.95,2.7556,4.6512,9.3678,1
20.031,-3,-24,1500,1500,-0.14,0.95,2.7556,4.6512,9.3678,1
20.049,-4,-24,1500,1500,-0.14,0.95,2.7556,4.6512,9.3678,1
20.066,-5,-25,1500,1500,-0.14,0.95,2.7556,4.6512,9.3678,1
20.084,-7,-25,1500,1500,-0.14,0.95,2.7556,4.6512,9.3678,1
20.102,-8,-25,1500,1500,-0.14,0.95,2.7556,4.6512,9.3678,1
20.119,-8,-25,1500,1500,-0.14,0.95,2.7556,4.6512,9.3678,1
20.136,-9,-25,1500,1500,-0.14,0.95,2.7556,4.6512,9.3678,1
20.153,-10,-25,1500,1500,-0.14,0.95,2.7556,4.6512,9.3678,1
20.170,-10,-25,1500,1500,-0.32,0.65,2.3963,5.8765,9.6893,1
20.187,-11,-25,1500,1500,-0.32,0.65,2.3963,5.8765,9.6893,1
20.204,-12,-25,1500,1500,-0.32,0.65,2.3963,5.8765,9.6893,1
20.221,-12,-25,1500,1500,-0.32,0.65,2.3963,5.8765,9.6893,1
20.238,-12,-25,1500,1500,-0.32,0.65,2.3963,5.8765,9.6893,1
20.255,-12,-25,1500,1500,-0.32,0.65,2.3963,5.8765,9.6893,1
20.273,-12,-25,1500,1500,-0.32,0.65,2.3963,5.8765,9.6893,1
20.290,-11,-25,1500,1500,-0.32,0.65,2.3963,5.8765,9.6893,1
20.307,-11,-26,1500,1500,-0.32,0.65,2.3963,5.8765,9.6893,1
20.324,-10,-26,1500,1500,-0.32,0.65,2.3963,5.8765,9.6893,1
20.341,-10,-25,1500,1500,-0.32,0.65,2.3963,5.8765,9.6893,1
20.358,-9,-26,1500,1500,-0.60,-0.02,2.3963,5.8765,9.6893,1
20.375,-8,-26,1500,1500,-0.60,-0.02,2.3963,5.8765,9.6893,1
20.393,-7,-26,1500,1500,-0.60,-0.02,2.3963,5.8765,9.6893,1
20.410,-7,-27,1500,1500,-0.60,-0.02,2.3963,5.8765,9.6893,1
20.429,-6,-26,1500,1500,-0.60,-0.02,2.3963,5.8765,9.6893,1
20.448,-5,-26,1500,1500,-0.60,-0.02,2.3963,5.8765,9.6893,1
20.466,-4,-26,1500,1500,-0.60,-0.02,2.3963,5.8765,9.6893,1
20.483,-3,-26,1500,1500,-0.60,-0.02,2.3963,5.8765,9.6893,1
20.501,0,-27,1500,1500,-0.60,-0.02,2.3963,5.8765,9.6893,1
20.519,2,-26,1500,1500,-0.60,-0.02,2.3963,5.8765,9.6893,1
20.537,3,-26,1500,1500,-0.60,-0.02,2.3963,5.8765,9.6893,1
20.554,4,-26,1500,1500,-0.60,-0.02,2.3963,5.8765,9.6893,1
20.572,5,-27,1500,1500,-0.60,-0.02,2.3963,5.8765,9.6893,1
20.589,6,-27,1500,1500,-0.60,-0.02,2.3963,5.8765,9.6893,1
20.606,8,-27,1500,1500,-0.60,-0.02,2.3963,5.8765,9.6893,1
20.623,8,-27,1500,1500,-0.60,-0.02,2.3963,5.8765,9.6893,1
20.641,10,-27,1500,1500,-0.60,-0.02,2.3963,5.8765,9.6893,1
20.661,11,-27,1500,1500,-0.60,-0.02,2.4943,6.3741,9.9523,1
20.678,12,-27,1500,1500,-0.79,0.34,2.4943,6.3741,9.9523,1
20.697,14,-28,1500,1500,-0.79,0.34,2.4943,6.3741,9.9523,1
20.715,15,-28,1500,1500,-0.79,0.34,2.4943,6.3741,9.9523,1
20.733,17,-27,1500,1500,-0.79,0.34,2.4943,6.3741,9.9523,1
20.752,17,-27,1500,1500,-0.79,0.34,2.4943,6.3741,9.9523,1
20.771,18,-27,1500,1500,-0.79,0.34,2.4943,6.3741,9.9523,1
20.788,18,-28,1500,1500,-0.79,0.34,2.4943,6.3741,9.9523,1
20.805,18,-28,1500,1500,-0.79,0.34,2.4943,6.3741,9.9523,1
20.822,18,-28,1500,1500,-0.79,0.34,2.4943,6.3741,9.9523,1
20.840,18,-28,1500,1500,-0.79,0.34,2.4943,6.3741,9.9523,1
20.857,18,-28,1500,1500,-0.08,0.25,2.4943,6.3741,9.9523,1
20.874,18,-28,1500,1500,-0.08,0.25,2.4943,6.3741,9.9523,1
20.892,18,-28,1500,1500,-0.08,0.25,2.4943,6.3741,9.9523,1
20.909,18,-29,1500,1500,-0.08,0.25,2.4943,6.3741,9.9523,1
20.926,17,-28,1500,1500,-0.08,0.25,2.4943,6.3741,9.9523,1
20.944,18,-28,1500,1500,-0.08,0.25,2.4943,6.3741,9.9523,1
20.964,18,-29,1500,1500,-0.08,0.25,2.4943,6.3741,9.9523,1
20.983,18,-29,1500,1500,-0.08,0.25,2.4943,6.3741,9.9523,1
21.000,18,-29,1500,1500,-0.08,0.25,2.4943,6.3741,9.9523,1
21.018,19,-29,1500,1500,-0.08,0.25,2.4943,6.3741,9.9523,1
21.035,19,-30,1500,1500,-0.08,0.25,2.4943,6.3741,9.9523,1
21.052,20,-30,1500,1500,-0.08,0.25,2.4943,6.3741,9.9523,1
21.069,20,-30,1500,1500,-0.08,0.25,2.4943,6.3741,9.9523,1
21.088,22,-29,1500,1500,-0.08,0.25,2.4943,6.3741,9.9523,1
21.108,23,-30,1500,1500,-0.08,0.25,2.4943,6.3741,9.9523,1
21.126,23,-30,1500,1500,-0.08,0.25,2.4943,6.3741,9.9523,1
21.143,25,-29,1500,1500,-0.08,0.25,2.4943,6.3741,9.9523,1
21.162,27,-30,1500,1500,-0.08,0.25,2.9533,8.0935,11.2672,1
21.180,28,-31,1500,1500,0.52,-0.01,2.9533,8.0935,11.2672,0
21.198,30,-30,1500,1500,0.52,-0.01,2.9533,8.0935,11.2672,1
21.216,34,-30,1500,1500,0.52,-0.01,2.9533,8.0935,11.2672,1
21.234,35,-30,1500,1500,0.52,-0.01,2.9533,8.0935,11.2672,1
21.252,37,-31,1500,1500,0.52,-0.01,2.9533,8.0935,11.2672,0
21.270,38,-31,1500,1500,0.52,-0.01,2.9533,8.0935,11.2672,0
21.288,40,-31,1500,1500,0.52,-0.01,2.9533,8.0935,11.2672,0
21.306,41,-31,1500,1500,0.52,-0.01,2.9533,8.0935,11.2672,0
21.323,42,-31,1500,1500,0.52,-0.01,2.9533,8.0935,11.2672,0
21.341,42,-30,1500,1500,0.52,-0.01,2.9533,8.0935,11.2672,1
21.358,43,-31,1500,1500,0.96,-0.01,2.9533,8.0935,11.2672,0
21.376,43,-31,1500,1500,0.96,-0.01,2.9533,8.0935,11.2672,0
21.393,43,-32,1500,1500,0.96,-0.01,2.9533,8.0935,11.2672,0
21.412,43,-32,1500,1500,0.96,-0.01,2.9533,8.0935,11.2672,0
21.431,43,-32,1500,1500,0.96,-0.01,2.9533,8.0935,11.2672,0
21.450,42,-31,1500,1500,0.96,-0.01,2.9533,8.0935,11.2672,0
21.468,42,-31,1500,1500,0.96,-0.01,2.9533,8.0935,11.2672,0
21.486,42,-32,1500,1500,0.96,-0.01,2.9533,8.0935,11.2672,0
21.503,41,-32,1500,1500,0.96,-0.01,2.9533,8.0935,11.2672,0
21.521,41,-32,1500,1500,0.96,-0.01,2.9533,8.0935,11.2672,0
21.538,40,-32,1500,1500,0.96,-0.01,2.9533,8.0935,11.2672,0
21.558,40,-31,1500,1500,0.96,-0.01,2.9533,8.0935,11.2672,0
21.575,39,-32,1500,1500,0.96,-0.01,2.9533,8.0935,11.2672,0
21.593,38,-32,1500,1500,0.96,-0.01,2.9533,8.0935,11.2672,0
21.610,36,-32,1500,1500,0.96,-0.01,2.9533,8.0935,11.2672,0
21.628,35,-32,1500,1500,0.96,-0.01,2.9533,8.0935,11.2672,0
21.645,34,-32,1500,1500,0.96,-0.01,2.9533,8.0935,11.2672,0
21.662,32,-32,1500,1500,0.96,-0.01,2.4270,5.3386,9.2120,0
21.680,30,-32,1500,1500,1.04,-0.18,2.4270,5.3386,9.2120,0
21.697,27,-32,1500,1500,1.04,-0.18,2.4270,5.3386,9.2120,0
21.715,25,-32,1500,1500,1.04,-0.18,2.4270,5.3386,9.2120,0
21.732,23,-32,1500,1500,1.04,-0.18,2.4270,5.3386,9.2120,0
21.749,21,-32,1500,1500,1.04,-0.18,2.4270,5.3386,9.2120,0
21.767,18,-32,1500,1500,1.04,-0.18,2.4270,5.3386,9.2120,0
21.785,14,-32,1500,1500,1.04,-0.18,2.4270,5.3386,9.2120,0
21.802,12,-32,1500,1500,1.04,-0.18,2.4270,5.3386,9.2120,0
21.820,10,-32,1500,1500,1.04,-0.18,2.4270,5.3386,9.2120,0
21.837,9,-32,1500,1500,1.04,-0.18,2.4270,5.3386,9.2120,0
21.854,7,-32,1500,1500,0.77,-0.15,2.4270,5.3386,9.2120,0
21.872,7,-32,1500,1500,0.77,-0.15,2.4270,5.3386,9.2120,0
21.889,6,-32,1500,1500,0.77,-0.15,2.4270,5.3386,9.2120,0
21.907,5,-32,1500,1500,0.77,-0.15,2.4270,5.3386,9.2120,0
21.924,4,-32,1500,1500,0.77,-0.15,2.4270,5.3386,9.2120,0
21.943,4,-32,1500,1500,0.77,-0.15,2.4270,5.3386,9.2120,0
21.960,4,-32,1500,1500,0.77,-0.15,2.4270,5.3386,9.2120,0
21.977,3,-32,1500,1500,0.77,-0.15,2.4270,5.3386,9.2120,0
21.994,3,-32,1500,1500,0.77,-0.15,2.4270,5.3386,9.2120,0
22.012,3,-32,1500,1500,0.77,-0.15,2.4270,5.3386,9.2120,0
22.030,3,-32,1500,1500,0.77,-0.15,2.4270,5.3386,9.2120,0
22.048,3,-32,1500,1500,0.77,-0.15,2.4270,5.3386,9.2120,0
22.066,3,-32,1500,1500,0.77,-0.15,2.4270,5.3386,9.2120,0
22.083,3,-32,1500,1500,0.77,-0.15,2.4270,5.3386,9.2120,0
22.101,5,-32,1500,1500,0.77,-0.15,2.4270,5.3386,9.2120,0
22.119,5,-32,1500,1500,0.77,-0.15,2.4270,5.3386,9.2120,0
22.139,7,-32,1500,1500,0.77,-0.15,2.4270,5.3386,9.2120,0
22.159,9,-32,1500,1500,0.77,-0.15,5.1992,11.1103,12.6875,0
22.179,11,-32,1500,1500,0.84,0.09,5.1992,11.1103,12.6875,0
22.198,13,-32,1500,1500,0.84,0.09,5.1992,11.1103,12.6875,0
22.216,18,-32,1500,1500,0.84,0.09,5.1992,11.1103,12.6875,0
22.235,20,-33,1500,1500,0.84,0.09,5.1992,11.1103,12.6875,0
22.254,24,-32,1500,1500,0.84,0.09,5.1992,11.1103,12.6875,0
22.271,26,-32,1500,1500,0.84,0.09,5.1992,11.1103,12.6875,0
22.288,29,-32,1500,1500,0.84,0.09,5.1992,11.1103,12.6875,0
22.305,32,-32,1500,1500,0.84,0.09,5.1992,11.1103,12.6875,0
22.322,34,-33,1500,1500,0.84,0.09,5.1992,11.1103,12.6875,0
22.339,38,-33,1500,1500,0.84,0.09,5.1992,11.1103,12.6875,0
22.357,41,-32,1500,1500,0.53,-0.02,5.1992,11.1103,12.6875,0
22.375,43,-32,1500,1500,0.53,-0.02,5.1992,11.1103,12.6875,0
22.393,46,-32,1500,1500,0.53,-0.02,5.1992,11.1103,12.6875,0
22.411,48,-33,1500,1500,0.53,-0.02,5.1992,11.1103,12.6875,0
22.429,50,-33,1500,1500,0.53,-0.02,5.1992,11.1103,12.6875,0
22.446,52,-33,1500,1500,0.53,-0.02,5.1992,11.1103,12.6875,0
22.463,54,-32,1500,1500,0.53,-0.02,5.1992,11.1103,12.6875,0
22.480,54,-32,1500,1500,0.53,-0.02,5.1992,11.1103,12.6875,0
22.499,55,-32,1500,1500,0.53,-0.02,5.1992,11.1103,12.6875,0
22.516,55,-32,1500,1500,0.53,-0.02,5.1992,11.1103,12.6875,0
22.534,55,-32,1500,1500,0.53,-0.02,5.1992,11.1103,12.6875,0
22.551,55,-32,1500,1500,0.53,-0.02,5.1992,11.1103,12.6875,0
22.569,54,-32,1500,1500,0.53,-0.02,5.1992,11.1103,12.6875,0
22.587,54,-32,1500,1500,0.53,-0.02,5.1992,11.1103,12.6875,0
22.604,53,-32,1500,1500,0.53,-0.02,5.1992,11.1103,12.6875,0
22.622,53,-32,1500,1500,0.53,-0.02,5.1992,11.1103,12.6875,0
22.639,53,-32,1500,1500,0.53,-0.02,5.1992,11.1103,12.6875,0
22.656,52,-32,1500,1500,0.53,-0.02,5.1992,11.1103,12.6875,0
22.674,52,-32,1500,1500,0.56,0.14,2.2785,4.7707,6.5099,0
22.692,51,-33,1500,1500,0.56,0.14,2.2785,4.7707,6.5099,0
22.711,52,-33,1500,1500,0.56,0.14,2.2785,4.7707,6.5099,0
22.728,52,-33,1500,1500,0.56,0.14,2.2785,4.7707,6.5099,0
22.745,52,-33,1500,1500,0.56,0.14,2.2785,4.7707,6.5099,0
22.762,53,-32,1500,1500,0.56,0.14,2.2785,4.7707,6.5099,0
22.780,53,-32,1500,1500,0.56,0.14,2.2785,4.7707,6.5099,0
22.798,52,-32,1500,1500,0.56,0.14,2.2785,4.7707,6.5099,0
22.816,52,-32,1500,1500,0.56,0.14,2.2785,4.7707,6.5099,0
22.833,50,-32,1500,1500,0.56,0.14,2.2785,4.7707,6.5099,0
22.851,50,-32,1500,1500,0.25,0.33,2.2785,4.7707,6.5099,0
22.870,48,-33,1500,1500,0.25,0.33,2.2785,4.7707,6.5099,0
22.887,46,-32,1500,1500,0.25,0.33,2.2785,4.7707,6.5099,0
22.905,45,-32,1500,1500,0.25,0.33,2.2785,4.7707,6.5099,0
22.922,44,-32,1500,1500,0.25,0.33,2.2785,4.7707,6.5099,0
22.939,43,-31,1500,1500,0.25,0.33,2.2785,4.7707,6.5099,0
22.957,42,-31,1500,1500,0.25,0.33,2.2785,4.7707,6.5099,0
22.975,40,-32,1500,1500,0.25,0.33,2.2785,4.7707,6.5099,0
22.992,38,-32,1500,1500,0.25,0.33,2.2785,4.7707,6.5099,0
23.009,37,-32,1500,1500,0.25,0.33,2.2785,4.7707,6.5099,0
23.027,36,-31,1500,1500,0.25,0.33,2.2785,4.7707,6.5099,0
23.046,35,-31,1500,1500,0.25,0.33,2.2785,4.7707,6.5099,0
23.063,33,-31,1500,1500,0.25,0.33,2.2785,4.7707,6.5099,0
23.081,32,-31,1500,1500,0.25,0.33,2.2785,4.7707,6.5099,0
23.099,28,-31,1500,1500,0.25,0.33,2.2785,4.7707,6.5099,0
23.116,28,-31,1500,1500,0.25,0.33,2.2785,4.7707,6.5099,0
23.135,25,-31,1500,1500,0.25,0.33,2.2785,4.7707,6.5099,0
23.152,24,-31,1500,1500,0.25,0.33,2.6885,5.2421,8.9624,0
23.172,23,-32,1500,1500,0.34,0.26,2.6885,5.2421,8.9624,0
23.189,22,-31,1500,1500,0.34,0.26,2.6885,5.2421,8.9624,0
23.206,20,-31,1500,1500,0.34,0.26,2.6885,5.2421,8.9624,0
23.223,19,-31,1500,1500,0.34,0.26,2.6885,5.2421,8.9624,0
23.242,17,-31,1500,1500,0.34,0.26,2.6885,5.2421,8.9624,0
23.259,16,-31,1500,1500,0.34,0.26,2.6885,5.2421,8.9624,0
23.277,14,-31,1500,1500,0.34,0.26,2.6885,5.2421,8.9624,0
23.295,13,-31,1500,1500,0.34,0.26,2.6885,5.2421,8.9624,0
23.313,12,-31,1500,1500,0.34,0.26,2.6885,5.2421,8.9624,0
23.330,9,-31,1500,1500,0.34,0.26,2.6885,5.2421,8.9624,0
23.348,9,-31,1500,1500,0.75,0.35,2.6885,5.2421,8.9624,0
23.365,8,-31,1500,1500,0.75,0.35,2.6885,5.2421,8.9624,0
23.383,6,-31,1500,1500,0.75,0.35,2.6885,5.2421,8.9624,0
23.400,5,-31,1500,1500,0.75,0.35,2.6885,5.2421,8.9624,0
23.417,5,-31,1500,1500,0.75,0.35,2.6885,5.2421,8.9624,0
23.435,4,-31,1500,1500,0.75,0.35,2.6885,5.2421,8.9624,0
23.453,4,-31,1500,1500,0.75,0.35,2.6885,5.2421,8.9624,0
23.470,4,-31,1500,1500,0.75,0.35,2.6885,5.2421,8.9624,0
23.487,4,-31,1500,1500,0.75,0.35,2.6885,5.2421,8.9624,0
23.505,4,-31,1500,1500,0.75,0.35,2.6885,5.2421,8.9624,0
23.522,4,-31,1500,1500,0.75,0.35,2.6885,5.2421,8.9624,0
23.540,5,-31,1500,1500,0.75,0.35,2.6885,5.2421,8.9624,0
23.558,5,-31,1500,1500,0.75,0.35,2.6885,5.2421,8.9624,0
23.575,6,-31,1500,1500,0.75,0.35,2.6885,5.2421,8.9624,0
23.592,7,-31,1500,1500,0.75,0.35,2.6885,5.2421,8.9624,0
23.610,8,-31,1500,1500,0.75,0.35,2.6885,5.2421,8.9624,0
23.629,9,-31,1500,1500,0.75,0.35,2.6885,5.2421,8.9624,0
23.646,11,-30,1500,1500,0.75,0.35,2.6885,5.2421,8.9624,1
23.664,12,-31,1500,1500,0.72,0.09,2.3450,5.9821,9.8032,0
23.682,14,-31,1500,1500,0.72,0.09,2.3450,5.9821,9.8032,0
23.701,15,-31,1500,1500,0.72,0.09,2.3450,5.9821,9.8032,0
23.719,17,-31,1500,1500,0.72,0.09,2.3450,5.9821,9.8032,0
23.737,19,-31,1500,1500,0.72,0.09,2.3450,5.9821,9.8032,0
23.754,20,-31,1500,1500,0.72,0.09,2.3450,5.9821,9.8032,0
23.772,21,-31,1500,1500,0.72,0.09,2.3450,5.9821,9.8032,0
23.789,23,-31,1500,1500,0.72,0.09,2.3450,5.9821,9.8032,0
23.807,24,-30,1500,1500,0.72,0.09,2.3450,5.9821,9.8032,1
23.826,25,-31,1500,1500,0.72,0.09,2.3450,5.9821,9.8032,0
23.844,26,-31,1500,1500,0.73,0.40,2.3450,5.9821,9.8032,0
23.861,27,-31,1500,1500,0.73,0.40,2.3450,5.9821,9.8032,0
23.879,28,-31,1500,1500,0.73,0.40,2.3450,5.9821,9.8032,0
23.897,29,-31,1500,1500,0.73,0.40,2.3450,5.9821,9.8032,0
23.914,30,-30,1500,1500,0.73,0.40,2.3450,5.9821,9.8032,1
23.932,30,-30,1500,1500,0.73,0.40,2.3450,5.9821,9.8032,1
23.949,31,-30,1500,1500,0.73,0.40,2.3450,5.9821,9.8032,1
23.966,31,-31,1500,1500,0.73,0.40,2.3450,5.9821,9.8032,0
23.983,31,-31,1500,1500,0.73,0.40,2.3450,5.9821,9.8032,0
24.001,31,-31,1500,1500,0.73,0.40,2.3450,5.9821,9.8032,0
24.018,31,-31,1500,1500,0.73,0.40,2.3450,5.9821,9.8032,0
24.036,31,-31,1500,1500,0.73,0.40,2.3450,5.9821,9.8032,0
24.055,31,-30,1500,1500,0.73,0.40,2.3450,5.9821,9.8032,1
24.074,31,-30,1500,1500,0.73,0.40,2.3450,5.9821,9.8032,1
24.092,31,-30,1500,1500,0.73,0.40,2.3450,5.9821,9.8032,1
24.110,31,-30,1500,1500,0.73,0.40,2.3450,5.9821,9.8032,1
24.128,31,-30,1500,1500,0.73,0.40,2.3450,5.9821,9.8032,1
24.145,31,-30,1500,1500,0.73,0.40,2.3450,5.9821,9.8032,1
24.162,31,-29,1500,1500,1.12,0.62,2.9459,3.6981,9.3725,1
24.179,31,-29,1500,1500,1.12,0.62,2.9459,3.6981,9.3725,1
24.197,32,-29,1500,1500,1.12,0.62,2.9459,3.6981,9.3725,1
24.215,32,-29,1500,1500,1.12,0.62,2.9459,3.6981,9.3725,1
24.232,33,-29,1500,1500,1.12,0.62,2.9459,3.6981,9.3725,1
24.250,33,-29,1500,1500,1.12,0.62,2.9459,3.6981,9.3725,1
24.267,34,-29,1500,1500,1.12,0.62,2.9459,3.6981,9.3725,1
24.285,35,-30,1500,1500,1.12,0.62,2.9459,3.6981,9.3725,1
24.303,36,-30,1500,1500,1.12,0.62,2.9459,3.6981,9.3725,1
24.320,36,-30,1500,1500,1.12,0.62,2.9459,3.6981,9.3725,1
24.337,37,-29,1500,1500,1.12,0.62,2.9459,3.6981,9.3725,1
24.354,38,-29,1500,1500,0.67,0.49,2.9459,3.6981,9.3725,1
24.372,38,-29,1500,1500,0.67,0.49,2.9459,3.6981,9.3725,1
24.389,39,-29,1500,1500,0.67,0.49,2.9459,3.6981,9.3725,1
24.408,39,-29,1500,1500,0.67,0.49,2.9459,3.6981,9.3725,1
24.426,40,-29,1500,1500,0.67,0.49,2.9459,3.6981,9.3725,1
24.443,40,-29,1500,1500,0.67,0.49,2.9459,3.6981,9.3725,1
24.462,40,-29,1500,1500,0.67,0.49,2.9459,3.6981,9.3725,1
24.479,41,-29,1500,1500,0.67,0.49,2.9459,3.6981,9.3725,1
24.496,41,-29,1500,1500,0.67,0.49,2.9459,3.6981,9.3725,1
24.514,41,-29,1500,1500,0.67,0.49,2.9459,3.6981,9.3725,1
24.532,41,-28,1500,1500,0.67,0.49,2.9459,3.6981,9.3725,1
24.549,41,-28,1500,1500,0.67,0.49,2.9459,3.6981,9.3725,1
24.566,41,-29,1500,1500,0.67,0.49,2.9459,3.6981,9.3725,1
24.584,41,-28,1500,1500,0.67,0.49,2.9459,3.6981,9.3725,1
24.601,42,-28,1500,1500,0.67,0.49,2.9459,3.6981,9.3725,1
24.619,42,-29,1500,1500,0.67,0.49,2.9459,3.6981,9.3725,1
24.643,42,-28,1500,1500,0.67,0.49,2.9459,3.6981,9.3725,1
24.660,42,-28,1500,1500,0.59,0.60,2.7368,3.4131,6.7230,1
24.678,43,-28,1500,1500,0.59,0.60,2.7368,3.4131,6.7230,1
24.696,43,-28,1500,1500,0.59,0.60,2.7368,3.4131,6.7230,1
24.713,43,-28,1500,1500,0.59,0.60,2.7368,3.4131,6.7230,1
24.730,44,-28,1500,1500,0.59,0.60,2.7368,3.4131,6.7230,1
24.747,43,-28,1500,1500,0.59,0.60,2.7368,3.4131,6.7230,1
24.765,44,-28,1500,1500,0.59,0.60,2.7368,3.4131,6.7230,1
24.782,44,-28,1500,1500,0.59,0.60,2.7368,3.4131,6.7230,1
24.799,44,-28,1500,1500,0.59,0.60,2.7368,3.4131,6.7230,1
24.817,44,-29,1500,1500,0.59,0.60,2.7368,3.4131,6.7230,1
24.834,45,-28,1500,1500,0.59,0.60,2.7368,3.4131,6.7230,1
24.852,45,-28,1500,1500,-0.15,0.70,2.7368,3.4131,6.7230,1
24.872,45,-29,1500,1500,-0.15,0.70,2.7368,3.4131,6.7230,1
24.893,45,-29,1500,1500,-0.15,0.70,2.7368,3.4131,6.7230,1
24.911,45,-29,1500,1500,-0.15,0.70,2.7368,3.4131,6.7230,1
24.928,46,-28,1500,1500,-0.15,0.70,2.7368,3.4131,6.7230,1
24.946,46,-28,1500,1500,-0.15,0.70,2.7368,3.4131,6.7230,1
24.963,47,-28,1500,1500,-0.15,0.70,2.7368,3.4131,6.7230,1
24.983,47,-28,1500,1500,-0.15,0.70,2.7368,3.4131,6.7230,1
25.000,48,-28,1500,1500,-0.15,0.70,2.7368,3.4131,6.7230,1
25.017,47,-28,1500,1500,-0.15,0.70,2.7368,3.4131,6.7230,1
25.034,47,-28,1500,1500,-0.15,0.70,2.7368,3.4131,6.7230,1
25.051,47,-29,1500,1500,-0.15,0.70,2.7368,3.4131,6.7230,1
25.069,47,-29,1500,1500,-0.15,0.70,2.7368,3.4131,6.7230,1
25.086,47,-29,1500,1500,-0.15,0.70,2.7368,3.4131,6.7230,1
25.104,48,-29,1500,1500,-0.15,0.70,2.7368,3.4131,6.7230,1
25.121,49,-29,1500,1500,-0.15,0.70,2.7368,3.4131,6.7230,1
25.138,50,-29,1500,1500,-0.15,0.70,2.7368,3.4131,6.7230,1
25.156,51,-30,1500,1500,-0.15,0.70,2.7991,3.3056,6.4072,1
25.174,52,-30,1500,1500,-1.04,0.82,2.7991,3.3056,6.4072,1
25.192,53,-29,1500,1500,-1.04,0.82,2.7991,3.3056,6.4072,1
25.210,54,-30,1500,1500,-1.04,0.82,2.7991,3.3056,6.4072,1
25.228,54,-30,1500,1500,-1.04,0.82,2.7991,3.3056,6.4072,1
25.245,56,-30,1500,1500,-1.04,0.82,2.7991,3.3056,6.4072,1
25.263,56,-31,1500,1500,-1.04,0.82,2.7991,3.3056,6.4072,0
25.281,57,-31,1500,1500,-1.04,0.82,2.7991,3.3056,6.4072,0
25.298,58,-31,1500,1500,-1.04,0.82,2.7991,3.3056,6.4072,0
25.315,58,-30,1500,1500,-1.04,0.82,2.7991,3.3056,6.4072,1
25.333,59,-31,1500,1500,-1.04,0.82,2.7991,3.3056,6.4072,0
25.350,59,-30,1500,1500,-0.62,0.87,2.7991,3.3056,6.4072,1
25.367,58,-30,1500,1500,-0.62,0.87,2.7991,3.3056,6.4072,1
25.385,57,-30,1500,1500,-0.62,0.87,2.7991,3.3056,6.4072,1
25.402,57,-30,1500,1500,-0.62,0.87,2.7991,3.3056,6.4072,1
25.419,57,-30,1500,1500,-0.62,0.87,2.7991,3.3056,6.4072,1
25.436,57,-30,1500,1500,-0.62,0.87,2.7991,3.3056,6.4072,1
25.454,58,-31,1500,1500,-0.62,0.87,2.7991,3.3056,6.4072,0
25.471,58,-31,1500,1500,-0.62,0.87,2.7991,3.3056,6.4072,0
25.488,59,-31,1500,1500,-0.62,0.87,2.7991,3.3056,6.4072,0
25.506,60,-30,1500,1500,-0.62,0.87,2.7991,3.3056,6.4072,1
25.524,60,-30,1500,1500,-0.62,0.87,2.7991,3.3056,6.4072,1
25.543,60,-30,1500,1500,-0.62,0.87,2.7991,3.3056,6.4072,1
25.563,60,-30,1500,1500,-0.62,0.87,2.7991,3.3056,6.4072,1
25.580,60,-31,1500,1500,-0.62,0.87,2.7991,3.3056,6.4072,0
25.597,60,-31,1500,1500,-0.62,0.87,2.7991,3.3056,6.4072,0
25.615,59,-30,1500,1500,-0.62,0.87,2.7991,3.3056,6.4072,1
25.632,59,-30,1500,1500,-0.62,0.87,2.7991,3.3056,6.4072,1
25.650,59,-30,1500,1500,-0.62,0.87,3.0703,3.5850,7.7688,1
25.667,59,-30,1500,1500,-0.46,-0.22,3.0703,3.5850,7.7688,1
25.685,57,-30,1500,1500,-0.46,-0.22,3.0703,3.5850,7.7688,1
25.703,57,-30,1500,1500,-0.46,-0.22,3.0703,3.5850,7.7688,1
25.721,56,-29,1500,1500,-0.46,-0.22,3.0703,3.5850,7.7688,1
25.738,55,-30,1500,1500,-0.46,-0.22,3.0703,3.5850,7.7688,1
25.757,54,-30,1500,1500,-0.46,-0.22,3.0703,3.5850,7.7688,1
25.774,52,-30,1500,1500,-0.46,-0.22,3.0703,3.5850,7.7688,1
25.791,50,-30,1500,1500,-0.46,-0.22,3.0703,3.5850,7.7688,1
25.808,48,-30,1500,1500,-0.46,-0.22,3.0703,3.5850,7.7688,1
25.827,47,-30,1500,1500,-0.46,-0.22,3.0703,3.5850,7.7688,1
25.845,45,-30,1500,1500,-0.22,-0.35,3.0703,3.5850,7.7688,1
25.863,43,-30,1500,1500,-0.22,-0.35,3.0703,3.5850,7.7688,1
25.882,41,-30,1500,1500,-0.22,-0.35,3.0703,3.5850,7.7688,1
25.899,40,-30,1500,1500,-0.22,-0.35,3.0703,3.5850,7.7688,1
25.916,38,-30,1500,1500,-0.22,-0.35,3.0703,3.5850,7.7688,1
25.934,37,-30,1500,1500,-0.22,-0.35,3.0703,3.5850,7.7688,1
25.951,36,-30,1500,1500,-0.22,-0.35,3.0703,3.5850,7.7688,1
25.968,35,-30,1500,1500,-0.22,-0.35,3.0703,3.5850,7.7688,1
25.986,34,-30,1500,1500,-0.22,-0.35,3.0703,3.5850,7.7688,1
26.003,33,-30,1500,1500,-0.22,-0.35,3.0703,3.5850,7.7688,1
26.020,32,-30,1500,1500,-0.22,-0.35,3.0703,3.5850,7.7688,1
26.037,31,-30,1500,1500,-0.22,-0.35,3.0703,3.5850,7.7688,1
26.054,30,-30,1500,1500,-0.22,-0.35,3.0703,3.5850,7.7688,1
26.072,29,-30,1500,1500,-0.22,-0.35,3.0703,3.5850,7.7688,1
26.089,27,-30,1500,1500,-0.22,-0.35,3.0703,3.5850,7.7688,1
26.107,25,-30,1500,1500,-0.22,-0.35,3.0703,3.5850,7.7688,1
26.124,23,-31,1500,1500,-0.22,-0.35,3.0703,3.5850,7.7688,0
26.142,21,-30,1500,1500,-0.22,-0.35,3.0703,3.5850,7.7688,1
26.169,17,-30,1500,1500,-1.00,0.55,2.9286,3.6684,7.0610,1
26.187,16,-30,1500,1500,-1.00,0.55,2.9286,3.6684,7.0610,1
26.205,15,-31,1500,1500,-1.00,0.55,2.9286,3.6684,7.0610,0
26.223,14,-31,1500,1500,-1.00,0.55,2.9286,3.6684,7.0610,0
26.240,14,-31,1500,1500,-1.00,0.55,2.9286,3.6684,7.0610,0
26.258,12,-31,1500,1500,-1.00,0.55,2.9286,3.6684,7.0610,0
26.276,11,-31,1500,1500,-1.00,0.55,2.9286,3.6684,7.0610,0
26.293,6,-31,1500,1500,-1.00,0.55,2.9286,3.6684,7.0610,0
26.310,4,-31,1500,1500,-1.00,0.55,2.9286,3.6684,7.0610,0
26.329,1,-32,1500,1500,-1.00,0.55,2.9286,3.6684,7.0610,0
26.347,1,-32,1500,1500,-0.87,1.01,2.9286,3.6684,7.0610,0
26.364,-3,-31,1500,1500,-0.87,1.01,2.9286,3.6684,7.0610,0
26.382,-6,-31,1500,1500,-0.87,1.01,2.9286,3.6684,7.0610,0
26.400,-8,-31,1500,1500,-0.87,1.01,2.9286,3.6684,7.0610,0
26.417,-10,-31,1500,1500,-0.87,1.01,2.9286,3.6684,7.0610,0
26.434,-12,-32,1500,1500,-0.87,1.01,2.9286,3.6684,7.0610,0
26.454,-13,-31,1500,1500,-0.87,1.01,2.9286,3.6684,7.0610,0
26.473,-15,-32,1500,1500,-0.87,1.01,2.9286,3.6684,7.0610,0
26.491,-17,-32,1500,1500,-0.87,1.01,2.9286,3.6684,7.0610,0
26.508,-21,-32,1500,1500,-0.87,1.01,2.9286,3.6684,7.0610,0
26.526,-21,-32,1500,1500,-0.87,1.01,2.9286,3.6684,7.0610,0
26.543,-24,-33,1500,1500,-0.87,1.01,2.9286,3.6684,7.0610,0
26.562,-25,-32,1500,1500,-0.87,1.01,2.9286,3.6684,7.0610,0
26.580,-26,-32,1500,1500,-0.87,1.01,2.9286,3.6684,7.0610,0
26.598,-26,-32,1500,1500,-0.87,1.01,2.9286,3.6684,7.0610,0
26.615,-26,-33,1500,1500,-0.87,1.01,2.9286,3.6684,7.0610,0
26.632,-26,-32,1500,1500,-0.87,1.01,2.9286,3.6684,7.0610,0
26.650,-27,-32,1500,1500,-0.87,1.01,2.9335,3.6035,7.8032,0
26.667,-27,-32,1500,1500,-0.37,0.00,2.9335,3.6035,7.8032,0
26.685,-27,-33,1500,1500,-0.37,0.00,2.9335,3.6035,7.8032,0
26.705,-28,-33,1500,1500,-0.37,0.00,2.9335,3.6035,7.8032,0
26.722,-28,-33,1500,1500,-0.37,0.00,2.9335,3.6035,7.8032,0
26.741,-29,-33,1500,1500,-0.37,0.00,2.9335,3.6035,7.8032,0
26.758,-30,-33,1500,1500,-0.37,0.00,2.9335,3.6035,7.8032,0
26.776,-33,-33,1500,1500,-0.37,0.00,2.9335,3.6035,7.8032,0
26.793,-33,-33,1500,1500,-0.37,0.00,2.9335,3.6035,7.8032,0
26.812,-34,-33,1500,1500,-0.37,0.00,2.9335,3.6035,7.8032,0
26.829,-35,-33,1500,1500,-0.37,0.00,2.9335,3.6035,7.8032,0
26.847,-36,-34,1500,1500,-0.53,0.03,2.9335,3.6035,7.8032,0
26.864,-37,-34,1500,1500,-0.53,0.03,2.9335,3.6035,7.8032,0
26.881,-38,-33,1500,1500,-0.53,0.03,2.9335,3.6035,7.8032,0
26.899,-39,-33,1500,1500,-0.53,0.03,2.9335,3.6035,7.8032,0
26.916,-39,-33,1500,1500,-0.53,0.03,2.9335,3.6035,7.8032,0
26.933,-39,-33,1500,1500,-0.53,0.03,2.9335,3.6035,7.8032,0
26.951,-40,-33,1500,1500,-0.53,0.03,2.9335,3.6035,7.8032,0
26.968,-43,-34,1500,1500,-0.53,0.03,2.9335,3.6035,7.8032,0
26.985,-45,-33,1500,1500,-0.53,0.03,2.9335,3.6035,7.8032,0
27.003,-46,-33,1500,1500,-0.53,0.03,2.9335,3.6035,7.8032,0
27.024,-47,-33,1500,1500,-0.53,0.03,2.9335,3.6035,7.8032,0
27.042,-48,-33,1500,1500,-0.53,0.03,2.9335,3.6035,7.8032,0
27.059,-48,-34,1500,1500,-0.53,0.03,2.9335,3.6035,7.8032,0
27.076,-48,-34,1500,1500,-0.53,0.03,2.9335,3.6035,7.8032,0
27.093,-48,-34,1500,1500,-0.53,0.03,2.9335,3.6035,7.8032,0
27.111,-48,-34,1500,1500,-0.53,0.03,2.9335,3.6035,7.8032,0
27.129,-48,-34,1500,1500,-0.53,0.03,2.9335,3.6035,7.8032,0
27.146,-49,-34,1500,1500,-0.53,0.03,2.4469,3.7138,6.2662,0
27.163,-49,-34,1500,1500,-0.65,-0.19,2.4469,3.7138,6.2662,0
27.181,-49,-34,1500,1500,-0.65,-0.19,2.4469,3.7138,6.2662,0
27.198,-49,-35,1500,1500,-0.65,-0.19,2.4469,3.7138,6.2662,0
27.217,-50,-34,1500,1500,-0.65,-0.19,2.4469,3.7138,6.2662,0
27.235,-50,-34,1500,1500,-0.65,-0.19,2.4469,3.7138,6.2662,0
27.252,-50,-34,1500,1500,-0.65,-0.19,2.4469,3.7138,6.2662,0
27.271,-50,-34,1500,1500,-0.65,-0.19,2.4469,3.7138,6.2662,0
27.289,-49,-34,1500,1500,-0.65,-0.19,2.4469,3.7138,6.2662,0
27.306,-49,-35,1500,1500,-0.65,-0.19,2.4469,3.7138,6.2662,0
27.325,-49,-35,1500,1500,-0.65,-0.19,2.4469,3.7138,6.2662,0
27.342,-48,-34,1500,1500,-0.88,-0.31,2.4469,3.7138,6.2662,0
27.360,-47,-34,1500,1500,-0.88,-0.31,2.4469,3.7138,6.2662,0
27.377,-44,-35,1500,1500,-0.88,-0.31,2.4469,3.7138,6.2662,0
27.394,-42,-35,1500,1500,-0.88,-0.31,2.4469,3.7138,6.2662,0
27.412,-40,-35,1500,1500,-0.88,-0.31,2.4469,3.7138,6.2662,0
27.430,-38,-35,1500,1500,-0.88,-0.31,2.4469,3.7138,6.2662,0
27.447,-36,-35,1500,1500,-0.88,-0.31,2.4469,3.7138,6.2662,0
27.464,-34,-35,1500,1500,-0.88,-0.31,2.4469,3.7138,6.2662,0
27.482,-32,-35,1500,1500,-0.88,-0.31,2.4469,3.7138,6.2662,0
27.499,-30,-36,1500,1500,-0.88,-0.31,2.4469,3.7138,6.2662,0
27.516,-27,-35,1500,1500,-0.88,-0.31,2.4469,3.7138,6.2662,0
27.533,-26,-35,1500,1500,-0.88,-0.31,2.4469,3.7138,6.2662,0
27.550,-24,-35,1500,1500,-0.88,-0.31,2.4469,3.7138,6.2662,0
27.567,-23,-36,1500,1500,-0.88,-0.31,2.4469,3.7138,6.2662,0
27.585,-21,-36,1500,1500,-0.88,-0.31,2.4469,3.7138,6.2662,0
27.602,-20,-36,1500,1500,-0.88,-0.31,2.4469,3.7138,6.2662,0
27.624,-19,-36,1500,1500,-0.88,-0.31,2.4469,3.7138,6.2662,0
27.641,-18,-36,1500,1500,-0.88,-0.31,2.9357,3.3228,7.1710,0
27.659,-18,-36,1500,1500,-0.93,-0.51,2.9357,3.3228,7.1710,0
27.677,-17,-36,1500,1500,-0.93,-0.51,2.9357,3.3228,7.1710,0
27.695,-17,-36,1500,1500,-0.93,-0.51,2.9357,3.3228,7.1710,0
27.713,-16,-36,1500,1500,-0.93,-0.51,2.9357,3.3228,7.1710,0
27.730,-16,-37,1500,1500,-0.93,-0.51,2.9357,3.3228,7.1710,0
27.748,-16,-37,1500,1500,-0.93,-0.51,2.9357,3.3228,7.1710,0
27.765,-15,-37,1500,1500,-0.93,-0.51,2.9357,3.3228,7.1710,0
27.782,-15,-37,1500,1500,-0.93,-0.51,2.9357,3.3228,7.1710,0
27.799,-15,-38,1500,1500,-0.93,-0.51,2.9357,3.3228,7.1710,0
27.817,-14,-37,1500,1500,-0.93,-0.51,2.9357,3.3228,7.1710,0
27.834,-14,-37,1500,1500,-0.93,-0.51,2.9357,3.3228,7.1710,0
27.852,-14,-37,1500,1500,-0.75,-0.84,2.9357,3.3228,7.1710,0
27.870,-14,-38,1500,1500,-0.75,-0.84,2.9357,3.3228,7.1710,0
27.888,-14,-37,1500,1500,-0.75,-0.84,2.9357,3.3228,7.1710,0
27.907,-14,-38,1500,1500,-0.75,-0.84,2.9357,3.3228,7.1710,0
27.925,-15,-37,1500,1500,-0.75,-0.84,2.9357,3.3228,7.1710,0
27.943,-14,-37,1500,1500,-0.75,-0.84,2.9357,3.3228,7.1710,0
27.961,-15,-37,1500,1500,-0.75,-0.84,2.9357,3.3228,7.1710,0
27.978,-15,-37,1500,1500,-0.75,-0.84,2.9357,3.3228,7.1710,0
27.995,-14,-37,1500,1500,-0.75,-0.84,2.9357,3.3228,7.1710,0
28.012,-14,-37,1500,1500,-0.75,-0.84,2.9357,3.3228,7.1710,0
28.030,-13,-37,1500,1500,-0.75,-0.84,2.9357,3.3228,7.1710,0
28.047,-13,-38,1500,1500,-0.75,-0.84,2.9357,3.3228,7.1710,0
28.064,-14,-38,1500,1500,-0.75,-0.84,2.9357,3.3228,7.1710,0
28.082,-14,-38,1500,1500,-0.75,-0.84,2.9357,3.3228,7.1710,0
28.099,-15,-38,1500,1500,-0.75,-0.84,2.9357,3.3228,7.1710,0
28.116,-15,-38,1500,1500,-0.75,-0.84,2.9357,3.3228,7.1710,0
28.133,-16,-38,1500,1500,-0.75,-0.84,2.9357,3.3228,7.1710,0
28.151,-16,-38,1500,1500,-0.79,-0.92,2.5010,4.1253,6.0310,0
28.168,-18,-37,1500,1500,-0.79,-0.92,2.5010,4.1253,6.0310,0
28.187,-19,-37,1500,1500,-0.79,-0.92,2.5010,4.1253,6.0310,0
28.204,-20,-37,1500,1500,-0.79,-0.92,2.5010,4.1253,6.0310,0
28.221,-21,-37,1500,1500,-0.79,-0.92,2.5010,4.1253,6.0310,0
28.239,-22,-37,1500,1500,-0.79,-0.92,2.5010,4.1253,6.0310,0
28.256,-24,-37,1500,1500,-0.79,-0.92,2.5010,4.1253,6.0310,0
28.273,-24,-37,1500,1500,-0.79,-0.92,2.5010,4.1253,6.0310,0
28.292,-25,-37,1500,1500,-0.79,-0.92,2.5010,4.1253,6.0310,0
28.311,-27,-38,1500,1500,-0.79,-0.92,2.5010,4.1253,6.0310,0
28.328,-27,-37,1500,1500,-0.79,-0.92,2.5010,4.1253,6.0310,0
28.346,-28,-37,1500,1500,-0.22,-1.73,2.5010,4.1253,6.0310,0
28.363,-28,-37,1500,1500,-0.22,-1.73,2.5010,4.1253,6.0310,0
28.381,-29,-37,1500,1500,-0.22,-1.73,2.5010,4.1253,6.0310,0
28.398,-29,-37,1500,1500,-0.22,-1.73,2.5010,4.1253,6.0310,0
28.416,-29,-37,1500,1500,-0.22,-1.73,2.5010,4.1253,6.0310,0
28.433,-29,-37,1500,1500,-0.22,-1.73,2.5010,4.1253,6.0310,0
28.450,-29,-37,1500,1500,-0.22,-1.73,2.5010,4.1253,6.0310,0
28.468,-28,-37,1500,1500,-0.22,-1.73,2.5010,4.1253,6.0310,0
28.485,-27,-37,1500,1500,-0.22,-1.73,2.5010,4.1253,6.0310,0
28.503,-25,-36,1500,1500,-0.22,-1.73,2.5010,4.1253,6.0310,0
28.521,-24,-37,1500,1500,-0.22,-1.73,2.5010,4.1253,6.0310,0
28.538,-23,-36,1500,1500,-0.22,-1.73,2.5010,4.1253,6.0310,0
28.556,-22,-37,1500,1500,-0.22,-1.73,2.5010,4.1253,6.0310,0
28.574,-20,-38,1500,1500,-0.22,-1.73,2.5010,4.1253,6.0310,0
28.593,-19,-37,1500,1500,0.18,-1.01,2.5010,4.1253,6.0310,0
28.612,-17,-37,1500,1500,0.18,-1.01,2.5010,4.1253,6.0310,0
28.631,-15,-36,1500,1500,0.18,-1.01,2.5010,4.1253,6.0310,0
28.649,-13,-36,1500,1500,0.18,-1.01,2.5670,4.5602,8.2770,0
28.668,-9,-37,1500,1500,0.18,-1.01,2.5670,4.5602,8.2770,0
28.685,-6,-36,1500,1500,0.18,-1.01,2.5670,4.5602,8.2770,0
28.702,-4,-36,1500,1500,0.18,-1.01,2.5670,4.5602,8.2770,0
28.719,-1,-36,1500,1500,0.18,-1.01,2.5670,4.5602,8.2770,0
28.738,2,-36,1500,1500,0.18,-1.01,2.5670,4.5602,8.2770,0
28.757,5,-35,1500,1500,0.18,-1.01,2.5670,4.5602,8.2770,0
28.775,7,-35,1500,1500,0.18,-1.01,2.5670,4.5602,8.2770,0
28.792,10,-35,1500,1500,0.18,-1.01,2.5670,4.5602,8.2770,0
28.809,16,-34,1500,1500,0.18,-1.01,2.5670,4.5602,8.2770,0
28.826,19,-34,1500,1500,0.18,-1.01,2.5670,4.5602,8.2770,0
28.844,22,-34,1500,1500,0.62,-0.11,2.5670,4.5602,8.2770,0
28.861,24,-34,1500,1500,0.62,-0.11,2.5670,4.5602,8.2770,0
28.880,24,-34,1500,1500,0.62,-0.11,2.5670,4.5602,8.2770,0
28.897,27,-34,1500,1500,0.62,-0.11,2.5670,4.5602,8.2770,0
28.918,32,-34,1500,1500,0.62,-0.11,2.1897,4.2470,5.4978,0
28.935,34,-33,1500,1500,0.62,-0.11,2.1897,4.2470,5.4978,0
28.953,36,-33,1500,1500,0.62,-0.11,2.1897,4.2470,5.4978,0
28.970,38,-33,1500,1500,0.62,-0.11,2.1897,4.2470,5.4978,0
28.989,40,-33,1500,1500,0.62,-0.11,2.1897,4.2470,5.4978,0
29.006,41,-33,1500,1500,0.62,-0.11,2.1897,4.2470,5.4978,0
29.023,43,-33,1500,1500,0.62,-0.11,2.1897,4.2470,5.4978,0
29.042,45,-33,1500,1500,0.62,-0.11,2.1897,4.2470,5.4978,0
29.059,45,-32,1500,1500,0.62,-0.11,2.1897,4.2470,5.4978,0
29.076,46,-33,1500,1500,0.62,-0.11,2.1897,4.2470,5.4978,0
29.093,46,-33,1500,1500,1.66,0.50,2.1897,4.2470,5.4978,0
29.110,47,-33,1500,1500,1.66,0.50,2.1897,4.2470,5.4978,0
29.128,47,-32,1500,1500,1.66,0.50,2.1897,4.2470,5.4978,0
29.146,47,-32,1500,1500,1.66,0.50,2.8720,3.2033,7.6064,0
29.166,50,-32,1500,1500,1.66,0.50,2.8720,3.2033,7.6064,0
29.183,51,-31,1500,1500,1.66,0.50,2.8720,3.2033,7.6064,0
29.201,52,-31,1500,1500,1.66,0.50,2.8720,3.2033,7.6064,0
29.218,53,-31,1500,1500,1.66,0.50,2.8720,3.2033,7.6064,0
29.236,55,-31,1500,1500,1.66,0.50,2.8720,3.2033,7.6064,0
29.253,56,-30,1500,1500,1.66,0.50,2.8720,3.2033,7.6064,1
29.272,57,-30,1500,1500,1.66,0.50,2.8720,3.2033,7.6064,1
29.289,59,-30,1500,1500,1.66,0.50,2.8720,3.2033,7.6064,1
29.306,60,-29,1500,1500,1.66,0.50,2.8720,3.2033,7.6064,1
29.323,60,-30,1500,1500,1.66,0.50,2.8720,3.2033,7.6064,1
29.341,60,-30,1500,1500,1.43,1.20,2.8720,3.2033,7.6064,1
29.358,61,-30,1500,1500,1.43,1.20,2.8720,3.2033,7.6064,0
29.379,61,-29,1500,1500,1.43,1.20,2.8720,3.2033,7.6064,0
29.397,61,-30,1500,1500,1.43,1.20,2.8487,3.4766,6.5081,0
29.414,60,-30,1500,1500,1.43,1.20,2.8487,3.4766,6.5081,1
29.433,59,-29,1500,1500,1.43,1.20,2.8487,3.4766,6.5081,1
29.450,58,-28,1500,1500,1.43,1.20,2.8487,3.4766,6.5081,1
29.467,57,-28,1500,1500,1.43,1.20,2.8487,3.4766,6.5081,1
29.484,56,-28,1500,1500,1.43,1.20,2.8487,3.4766,6.5081,1
29.502,55,-28,1500,1500,1.43,1.20,2.8487,3.4766,6.5081,1
29.520,54,-28,1500,1500,1.43,1.20,2.8487,3.4766,6.5081,1
29.538,52,-28,1500,1500,1.43,1.20,2.8487,3.4766,6.5081,1
29.555,51,-28,1500,1500,1.43,1.20,2.8487,3.4766,6.5081,1
29.572,49,-27,1500,1500,1.43,1.20,2.8487,3.4766,6.5081,1
29.590,47,-28,1500,1500,0.85,1.45,2.8487,3.4766,6.5081,1
29.607,45,-28,1500,1500,0.85,1.45,2.8487,3.4766,6.5081,1
29.625,43,-27,1500,1500,0.85,1.45,2.8487,3.4766,6.5081,1
29.642,38,-27,1500,1500,0.85,1.45,2.8487,3.4766,6.5081,1
29.660,36,-27,1500,1500,0.85,1.45,3.0223,3.2436,7.8434,1
29.678,34,-27,1500,1500,0.85,1.45,3.0223,3.2436,7.8434,1
29.695,32,-27,1500,1500,0.85,1.45,3.0223,3.2436,7.8434,1
29.712,29,-27,1500,1500,0.85,1.45,3.0223,3.2436,7.8434,1
29.731,27,-27,1500,1500,0.85,1.45,3.0223,3.2436,7.8434,1
29.748,25,-27,1500,1500,0.85,1.45,3.0223,3.2436,7.8434,1
29.766,22,-27,1500,1500,0.85,1.45,3.0223,3.2436,7.8434,1
29.783,20,-26,1500,1500,0.85,1.45,3.0223,3.2436,7.8434,1
29.801,18,-26,1500,1500,0.85,1.45,3.0223,3.2436,7.8434,1
29.818,15,-26,1500,1500,0.85,1.45,3.0223,3.2436,7.8434,1
29.835,13,-26,1500,1500,0.14,1.08,3.0223,3.2436,7.8434,1
29.853,11,-26,1500,1500,0.14,1.08,3.0223,3.2436,7.8434,1
29.870,8,-26,1500,1500,0.14,1.08,3.0223,3.2436,7.8434,1
29.888,6,-26,1500,1500,0.14,1.08,3.0223,3.2436,7.8434,1
29.905,4,-26,1500,1500,0.14,1.08,2.4252,4.1270,6.7579,1
29.922,4,-26,1500,1500,0.14,1.08,2.4252,4.1270,6.7579,1
29.940,3,-26,1500,1500,0.14,1.08,2.4252,4.1270,6.7579,1
29.957,1,-26,1500,1500,0.14,1.08,2.4252,4.1270,6.7579,1
29.974,0,-26,1500,1500,0.14,1.08,2.4252,4.1270,6.7579,1
29.992,0,-26,1500,1500,0.14,1.08,2.4252,4.1270,6.7579,1
30.011,-2,-26,1500,1500,0.14,1.08,2.4252,4.1270,6.7579,1
30.030,-3,-25,1500,1500,0.14,1.08,2.4252,4.1270,6.7579,1
30.049,-3,-26,1500,1500,0.14,1.08,2.4252,4.1270,6.7579,1
30.066,-5,-26,1500,1500,0.14,1.08,2.4252,4.1270,6.7579,1
30.083,-5,-25,1500,1500,-0.37,1.02,2.4252,4.1270,6.7579,1
30.102,-6,-25,1500,1500,-0.37,1.02,2.4252,4.1270,6.7579,1
30.120,-7,-25,1500,1500,-0.37,1.02,2.4252,4.1270,6.7579,1
30.138,-8,-25,1500,1500,-0.37,1.02,2.4252,4.1270,6.7579,1
30.157,-9,-25,1500,1500,-0.37,1.02,2.9602,3.1407,9.3393,1
30.174,-10,-25,1500,1500,-0.37,1.02,2.9602,3.1407,9.3393,1
30.191,-11,-24,1500,1500,-0.37,1.02,2.9602,3.1407,9.3393,1
30.208,-12,-25,1500,1500,-0.37,1.02,2.9602,3.1407,9.3393,1
30.225,-14,-25,1500,1500,-0.37,1.02,2.9602,3.1407,9.3393,1
30.243,-15,-25,1500,1500,-0.37,1.02,2.9602,3.1407,9.3393,1
30.260,-15,-25,1500,1500,-0.37,1.02,2.9602,3.1407,9.3393,1
30.277,-16,-26,1500,1500,-0.37,1.02,2.9602,3.1407,9.3393,1
30.295,-17,-25,1500,1500,-0.37,1.02,2.9602,3.1407,9.3393,1
30.312,-17,-25,1500,1500,-0.37,1.02,2.9602,3.1407,9.3393,1
30.330,-17,-25,1500,1500,-0.37,1.02,2.9602,3.1407,9.3393,1
30.347,-17,-25,1500,1500,-0.88,0.93,2.9602,3.1407,9.3393,1
30.365,-17,-25,1500,1500,-0.88,0.93,2.9602,3.1407,9.3393,1
30.383,-17,-25,1500,1500,-0.88,0.93,2.9602,3.1407,9.3393,1
30.404,-17,-25,1500,1500,-0.88,0.93,2.7537,3.6089,6.4034,1
30.421,-16,-26,1500,1500,-0.88,0.93,2.7537,3.6089,6.4034,1
30.439,-14,-25,1500,1500,-0.88,0.93,2.7537,3.6089,6.4034,1
30.457,-12,-25,1500,1500,-0.88,0.93,2.7537,3.6089,6.4034,1
30.474,-10,-25,1500,1500,-0.88,0.93,2.7537,3.6089,6.4034,1
30.491,-8,-26,1500,1500,-0.88,0.93,2.7537,3.6089,6.4034,1
30.509,-7,-26,1500,1500,-0.88,0.93,2.7537,3.6089,6.4034,1
30.526,-6,-26,1500,1500,-0.88,0.93,2.7537,3.6089,6.4034,1
30.543,-5,-26,1500,1500,-0.88,0.93,2.7537,3.6089,6.4034,1
30.560,-5,-26,1500,1500,-0.88,0.93,2.7537,3.6089,6.4034,1
30.577,-5,-26,1500,1500,-0.88,0.93,2.7537,3.6089,6.4034,1
30.595,-5,-26,1500,1500,-1.50,0.92,2.7537,3.6089,6.4034,1
30.613,-5,-26,1500,1500,-1.50,0.92,2.7537,3.6089,6.4034,1
30.631,-5,-27,1500,1500,-1.50,0.92,2.7537,3.6089,6.4034,1
30.648,-4,-27,1500,1500,-1.50,0.92,2.8087,3.1803,6.4661,1
30.666,-4,-27,1500,1500,-1.50,0.92,2.8087,3.1803,6.4661,1
30.684,-4,-27,1500,1500,-1.50,0.92,2.8087,3.1803,6.4661,1
30.702,-4,-28,1500,1500,-1.50,0.92,2.8087,3.1803,6.4661,1
30.720,-5,-28,1500,1500,-1.50,0.92,2.8087,3.1803,6.4661,1
30.737,-6,-28,1500,1500,-1.50,0.92,2.8087,3.1803,6.4661,1
30.755,-6,-28,1500,1500,-1.50,0.92,2.8087,3.1803,6.4661,1
30.774,-7,-28,1500,1500,-1.50,0.92,2.8087,3.1803,6.4661,1
30.791,-7,-29,1500,1500,-1.50,0.92,2.8087,3.1803,6.4661,1
30.808,-8,-29,1500,1500,-1.50,0.92,2.8087,3.1803,6.4661,1
30.826,-8,-29,1500,1500,-1.50,0.92,2.8087,3.1803,6.4661,1
30.843,-9,-28,1500,1500,-1.30,0.08,2.8087,3.1803,6.4661,1
30.861,-9,-29,1500,1500,-1.30,0.08,2.8087,3.1803,6.4661,1
30.878,-11,-29,1500,1500,-1.30,0.08,2.8087,3.1803,6.4661,1
30.896,-12,-29,1500,1500,-1.30,0.08,2.7865,3.1646,6.3567,1
30.914,-12,-29,1500,1500,-1.30,0.08,2.7865,3.1646,6.3567,1
30.931,-13,-29,1500,1500,-1.30,0.08,2.7865,3.1646,6.3567,1
30.948,-13,-29,1500,1500,-1.30,0.08,2.7865,3.1646,6.3567,1
30.965,-13,-29,1500,1500,-1.30,0.08,2.7865,3.1646,6.3567,1
30.983,-13,-29,1500,1500,-1.30,0.08,2.7865,3.1646,6.3567,1
31.000,-14,-29,1500,1500,-1.30,0.08,2.7865,3.1646,6.3567,1
31.018,-14,-29,1500,1500,-1.30,0.08,2.7865,3.1646,6.3567,1
31.036,-15,-29,1500,1500,-1.30,0.08,2.7865,3.1646,6.3567,1
31.053,-15,-29,1500,1500,-1.30,0.08,2.7865,3.1646,6.3567,1
31.071,-15,-29,1500,1500,-1.30,0.08,2.7865,3.1646,6.3567,1
31.088,-15,-29,1500,1500,-0.90,-0.60,2.7865,3.1646,6.3567,1
31.106,-16,-29,1500,1500,-0.90,-0.60,2.7865,3.1646,6.3567,1
31.123,-16,-29,1500,1500,-0.90,-0.60,2.7865,3.1646,6.3567,1
31.140,-17,-29,1500,1500,-0.90,-0.60,2.7865,3.1646,6.3567,1
31.157,-18,-30,1500,1500,-0.90,-0.60,2.6500,3.1895,5.8395,1
31.175,-20,-29,1500,1500,-0.90,-0.60,2.6500,3.1895,5.8395,1
31.194,-22,-29,1500,1500,-0.90,-0.60,2.6500,3.1895,5.8395,1
31.211,-23,-29,1500,1500,-0.90,-0.60,2.6500,3.1895,5.8395,1
31.229,-24,-29,1500,1500,-0.90,-0.60,2.6500,3.1895,5.8395,1
31.246,-26,-29,1500,1500,-0.90,-0.60,2.6500,3.1895,5.8395,1
31.264,-27,-29,1500,1500,-0.90,-0.60,2.6500,3.1895,5.8395,1
31.281,-28,-29,1500,1500,-0.90,-0.60,2.6500,3.1895,5.8395,1
31.298,-29,-29,1500,1500,-0.90,-0.60,2.6500,3.1895,5.8395,1
31.315,-30,-29,1500,1500,-0.90,-0.60,2.6500,3.1895,5.8395,1
31.332,-31,-29,1500,1500,0.07,-0.80,2.6500,3.1895,5.8395,1
31.350,-32,-28,1500,1500,0.07,-0.80,2.6500,3.1895,5.8395,1
31.367,-33,-28,1500,1500,0.07,-0.80,2.6500,3.1895,5.8395,1
31.384,-34,-28,1500,1500,0.07,-0.80,2.6500,3.1895,5.8395,1
31.402,-35,-29,1500,1500,0.07,-0.80,2.6285,3.5195,5.8539,1
31.420,-36,-28,1500,1500,0.07,-0.80,2.6285,3.5195,5.8539,1
31.438,-37,-29,1500,1500,0.07,-0.80,2.6285,3.5195,5.8539,1
31.455,-37,-29,1500,1500,0.07,-0.80,2.6285,3.5195,5.8539,1
31.473,-39,-28,1500,1500,0.07,-0.80,2.6285,3.5195,5.8539,1
31.490,-40,-28,1500,1500,0.07,-0.80,2.6285,3.5195,5.8539,1
31.507,-40,-28,1500,1500,0.07,-0.80,2.6285,3.5195,5.8539,1
31.525,-40,-27,1500,1500,0.07,-0.80,2.6285,3.5195,5.8539,1
31.543,-41,-28,1500,1500,0.07,-0.80,2.6285,3.5195,5.8539,1
31.560,-41,-28,1500,1500,0.07,-0.80,2.6285,3.5195,5.8539,1
31.577,-40,-28,1500,1500,0.07,-0.80,2.6285,3.5195,5.8539,1
31.595,-40,-27,1500,1500,-0.37,-0.26,2.6285,3.5195,5.8539,1
31.612,-40,-27,1500,1500,-0.37,-0.26,2.6285,3.5195,5.8539,1
31.629,-40,-27,1500,1500,-0.37,-0.26,2.6285,3.5195,5.8539,1
31.647,-40,-27,1500,1500,-0.37,-0.26,2.7211,3.5634,6.3042,1
31.664,-39,-27,1500,1500,-0.37,-0.26,2.7211,3.5634,6.3042,1
31.683,-38,-27,1500,1500,-0.37,-0.26,2.7211,3.5634,6.3042,1
31.700,-38,-27,1500,1500,-0.37,-0.26,2.7211,3.5634,6.3042,1
31.718,-37,-27,1500,1500,-0.37,-0.26,2.7211,3.5634,6.3042,1
31.735,-37,-27,1500,1500,-0.37,-0.26,2.7211,3.5634,6.3042,1
31.753,-37,-27,1500,1500,-0.37,-0.26,2.7211,3.5634,6.3042,1
31.771,-37,-27,1500,1500,-0.37,-0.26,2.7211,3.5634,6.3042,1
31.789,-36,-27,1500,1500,-0.37,-0.26,2.7211,3.5634,6.3042,1
31.806,-36,-27,1500,1500,-0.37,-0.26,2.7211,3.5634,6.3042,1
31.823,-36,-27,1500,1500,-0.37,-0.26,2.7211,3.5634,6.3042,1
31.842,-36,-27,1500,1500,-0.94,0.03,2.7211,3.5634,6.3042,1
31.861,-36,-26,1500,1500,-0.94,0.03,2.7211,3.5634,6.3042,1
31.883,-35,-26,1500,1500,-0.94,0.03,2.7211,3.5634,6.3042,1
31.903,-35,-26,1500,1500,-0.94,0.03,2.9006,3.1272,6.5803,1
31.921,-33,-26,1500,1500,-0.94,0.03,2.9006,3.1272,6.5803,1
31.938,-33,-25,1500,1500,-0.94,0.03,2.9006,3.1272,6.5803,1
31.956,-33,-25,1500,1500,-0.94,0.03,2.9006,3.1272,6.5803,1
31.973,-31,-25,1500,1500,-0.94,0.03,2.9006,3.1272,6.5803,1
31.991,-31,-25,1500,1500,-0.94,0.03,2.9006,3.1272,6.5803,1
32.010,-30,-25,1500,1500,-0.94,0.03,2.9006,3.1272,6.5803,1
32.027,-30,-25,1500,1500,-0.94,0.03,2.9006,3.1272,6.5803,1
32.045,-30,-25,1500,1500,-0.94,0.03,2.9006,3.1272,6.5803,1
32.063,-29,-25,1500,1500,-0.94,0.03,2.9006,3.1272,6.5803,1
32.081,-29,-25,1500,1500,-1.70,0.78,2.9006,3.1272,6.5803,1
32.100,-29,-25,1500,1500,-1.70,0.78,2.9006,3.1272,6.5803,1
32.117,-28,-24,1500,1500,-1.70,0.78,2.9006,3.1272,6.5803,1
32.136,-28,-24,1500,1500,-1.70,0.78,2.9006,3.1272,6.5803,1
32.154,-27,-24,1500,1500,-1.70,0.78,2.3489,3.7534,4.2759,1
32.172,-26,-24,1500,1500,-1.70,0.78,2.3489,3.7534,4.2759,1
32.189,-24,-24,1500,1500,-1.70,0.78,2.3489,3.7534,4.2759,1
32.207,-23,-24,1500,1500,-1.70,0.78,2.3489,3.7534,4.2759,1
32.224,-22,-24,1500,1500,-1.70,0.78,2.3489,3.7534,4.2759,1
32.242,-22,-24,1500,1500,-1.70,0.78,2.3489,3.7534,4.2759,1
32.260,-21,-24,1500,1500,-1.70,0.78,2.3489,3.7534,4.2759,1
32.277,-20,-24,1500,1500,-1.70,0.78,2.3489,3.7534,4.2759,1
32.294,-19,-24,1500,1500,-1.70,0.78,2.3489,3.7534,4.2759,1
32.311,-17,-23,1500,1500,-1.70,0.78,2.3489,3.7534,4.2759,1
32.329,-16,-23,1500,1500,-0.74,0.43,2.3489,3.7534,4.2759,1
32.348,-15,-23,1500,1500,-0.74,0.43,2.3489,3.7534,4.2759,1
32.365,-14,-23,1500,1500,-0.74,0.43,2.3489,3.7534,4.2759,1
32.386,-13,-23,1500,1500,-0.74,0.43,2.3489,3.7534,4.2759,1
32.404,-12,-23,1500,1500,-0.74,0.43,2.5067,3.7866,5.5744,1
32.421,-11,-23,1500,1500,-0.74,0.43,2.5067,3.7866,5.5744,1
32.438,-8,-23,1500,1500,-0.74,0.43,2.5067,3.7866,5.5744,1
32.455,-7,-23,1500,1500,-0.74,0.43,2.5067,3.7866,5.5744,1
32.472,-5,-23,1500,1500,-0.74,0.43,2.5067,3.7866,5.5744,1
32.489,-3,-23,1500,1500,-0.74,0.43,2.5067,3.7866,5.5744,1
32.507,-2,-23,1500,1500,-0.74,0.43,2.5067,3.7866,5.5744,1
32.524,0,-23,1500,1500,-0.74,0.43,2.5067,3.7866,5.5744,1
32.542,2,-22,1500,1500,-0.74,0.43,2.5067,3.7866,5.5744,1
32.559,4,-23,1500,1500,-0.74,0.43,2.5067,3.7866,5.5744,1
32.577,6,-23,1500,1500,-0.74,0.43,2.5067,3.7866,5.5744,1
32.594,8,-23,1500,1500,-0.22,0.07,2.5067,3.7866,5.5744,1
32.611,10,-23,1500,1500,-0.22,0.07,2.5067,3.7866,5.5744,1
32.629,11,-22,1500,1500,-0.22,0.07,2.5067,3.7866,5.5744,1
32.646,13,-22,1500,1500,-0.22,0.07,2.9753,3.2629,7.6531,1
32.663,15,-22,1500,1500,-0.22,0.07,2.9753,3.2629,7.6531,1
32.682,17,-22,1500,1500,-0.22,0.07,2.9753,3.2629,7.6531,1
32.700,19,-22,1500,1500,-0.22,0.07,2.9753,3.2629,7.6531,1
32.717,21,-22,1500,1500,-0.22,0.07,2.9753,3.2629,7.6531,1
32.736,25,-22,1500,1500,-0.22,0.07,2.9753,3.2629,7.6531,1
32.754,25,-22,1500,1500,-0.22,0.07,2.9753,3.2629,7.6531,1
32.771,30,-22,1500,1500,-0.22,0.07,2.9753,3.2629,7.6531,1
32.789,32,-22,1500,1500,-0.22,0.07,2.9753,3.2629,7.6531,1
32.806,34,-22,1500,1500,-0.22,0.07,2.9753,3.2629,7.6531,1
32.823,37,-22,1500,1500,-0.22,0.07,2.9753,3.2629,7.6531,1
32.840,39,-22,1500,1500,-0.14,0.38,2.9753,3.2629,7.6531,1
32.857,42,-22,1500,1500,-0.14,0.38,2.9753,3.2629,7.6531,1
32.876,44,-21,1500,1500,-0.14,0.38,2.9753,3.2629,7.6531,1
32.893,47,-21,1500,1500,-0.14,0.38,2.6477,3.6270,6.6943,1
32.911,48,-21,1500,1500,-0.14,0.38,2.6477,3.6270,6.6943,1
32.928,50,-21,1500,1500,-0.14,0.38,2.6477,3.6270,6.6943,1
32.945,51,-21,1500,1500,-0.14,0.38,2.6477,3.6270,6.6943,1
32.963,51,-21,1500,1500,-0.14,0.38,2.6477,3.6270,6.6943,1
32.980,52,-21,1500,1500,-0.14,0.38,2.6477,3.6270,6.6943,1
32.999,53,-21,1500,1500,-0.14,0.38,2.6477,3.6270,6.6943,1
33.016,53,-21,1500,1500,-0.14,0.38,2.6477,3.6270,6.6943,1
33.033,55,-20,1500,1500,-0.14,0.38,2.6477,3.6270,6.6943,1
33.052,55,-20,1500,1500,-0.14,0.38,2.6477,3.6270,6.6943,1
33.069,58,-20,1500,1500,-0.14,0.38,2.6477,3.6270,6.6943,1
33.086,58,-20,1500,1500,-0.02,0.53,2.6477,3.6270,6.6943,1
33.103,59,-20,1500,1500,-0.02,0.53,2.6477,3.6270,6.6943,1
33.122,61,-20,1500,1500,-0.02,0.53,2.6477,3.6270,6.6943,0
33.139,62,-20,1500,1500,-0.02,0.53,2.5695,3.5899,7.2100,0
33.157,64,-20,1500,1500,-0.02,0.53,2.5695,3.5899,7.2100,0
33.175,65,-19,1500,1500,-0.02,0.53,2.5695,3.5899,7.2100,0
33.194,68,-20,1500,1500,-0.02,0.53,2.5695,3.5899,7.2100,0
33.213,68,-19,1500,1500,-0.02,0.53,2.5695,3.5899,7.2100,0
33.231,69,-19,1500,1500,-0.02,0.53,2.5695,3.5899,7.2100,0
33.249,69,-19,1500,1500,-0.02,0.53,2.5695,3.5899,7.2100,0
33.266,70,-19,1500,1500,-0.02,0.53,2.5695,3.5899,7.2100,0
33.283,70,-19,1500,1500,-0.02,0.53,2.5695,3.5899,7.2100,0
33.300,70,-19,1500,1500,-0.02,0.53,2.5695,3.5899,7.2100,0
33.317,70,-19,1500,1500,-0.02,0.53,2.5695,3.5899,7.2100,0
33.334,70,-18,1500,1500,0.52,0.80,2.5695,3.5899,7.2100,0
33.355,70,-19,1500,1500,0.52,0.80,2.5695,3.5899,7.2100,0
33.374,70,-18,1500,1500,0.52,0.80,2.5695,3.5899,7.2100,0
33.394,69,-18,1500,1500,0.52,0.80,2.5217,3.8056,7.1182,0
33.413,69,-18,1500,1500,0.52,0.80,2.5217,3.8056,7.1182,0
33.431,68,-18,1500,1500,0.52,0.80,2.5217,3.8056,7.1182,0
33.448,67,-18,1500,1500,0.52,0.80,2.5217,3.8056,7.1182,0
33.466,67,-18,1500,1500,0.52,0.80,2.5217,3.8056,7.1182,0
33.484,66,-18,1500,1500,0.52,0.80,2.5217,3.8056,7.1182,0
33.501,65,-17,1500,1500,0.52,0.80,2.5217,3.8056,7.1182,0
33.520,65,-17,1500,1500,0.52,0.80,2.5217,3.8056,7.1182,0
33.537,64,-18,1500,1500,0.52,0.80,2.5217,3.8056,7.1182,0
33.554,64,-17,1500,1500,0.52,0.80,2.5217,3.8056,7.1182,0
33.571,64,-17,1500,1500,0.52,0.80,2.5217,3.8056,7.1182,0
33.590,64,-17,1500,1500,0.31,0.63,2.5217,3.8056,7.1182,0
33.607,65,-17,1500,1500,0.31,0.63,2.5217,3.8056,7.1182,0
33.624,65,-17,1500,1500,0.31,0.63,2.5217,3.8056,7.1182,0
33.642,66,-16,1500,1500,0.31,0.63,2.5321,5.2280,9.5997,0
33.660,66,-16,1500,1500,0.31,0.63,2.5321,5.2280,9.5997,0
33.679,66,-16,1500,1500,0.31,0.63,2.5321,5.2280,9.5997,0
33.696,67,-16,1500,1500,0.31,0.63,2.5321,5.2280,9.5997,0
33.715,69,-16,1500,1500,0.31,0.63,2.5321,5.2280,9.5997,0
33.733,69,-16,1500,1500,0.31,0.63,2.5321,5.2280,9.5997,0
33.751,70,-17,1500,1500,0.31,0.63,2.5321,5.2280,9.5997,0
33.768,71,-17,1500,1500,0.31,0.63,2.5321,5.2280,9.5997,0
33.786,73,-16,1500,1500,0.31,0.63,2.5321,5.2280,9.5997,0
33.804,74,-16,1500,1500,0.31,0.63,2.5321,5.2280,9.5997,0
33.821,76,-16,1500,1500,0.31,0.63,2.5321,5.2280,9.5997,0
33.838,78,-17,1500,1500,0.28,0.85,2.5321,5.2280,9.5997,0
33.857,80,-17,1500,1500,0.28,0.85,2.5321,5.2280,9.5997,0
33.875,82,-16,1500,1500,0.28,0.85,2.5321,5.2280,9.5997,0
33.892,84,-15,1500,1500,0.28,0.85,2.6207,4.5783,9.3881,0
33.910,86,-15,1500,1500,0.28,0.85,2.6207,4.5783,9.3881,0
33.927,88,-15,1500,1500,0.28,0.85,2.6207,4.5783,9.3881,0
33.944,90,-15,1500,1500,0.28,0.85,2.6207,4.5783,9.3881,0
33.962,91,-14,1500,1500,0.28,0.85,2.6207,4.5783,9.3881,0
33.979,92,-14,1500,1500,0.28,0.85,2.6207,4.5783,9.3881,0
33.997,92,-14,1500,1500,0.28,0.85,2.6207,4.5783,9.3881,0
34.014,93,-14,1500,1500,0.28,0.85,2.6207,4.5783,9.3881,0
34.031,94,-14,1500,1500,0.28,0.85,2.6207,4.5783,9.3881,0
34.049,95,-14,1500,1500,0.28,0.85,2.6207,4.5783,9.3881,0
34.066,97,-14,1500,1500,0.28,0.85,2.6207,4.5783,9.3881,0
34.083,97,-14,1500,1500,0.61,1.04,2.6207,4.5783,9.3881,0
34.100,98,-14,1500,1500,0.61,1.04,2.6207,4.5783,9.3881,0
34.118,99,-14,1500,1500,0.61,1.04,2.6207,4.5783,9.3881,0
34.135,100,-15,1500,1500,0.61,1.04,2.6965,3.5562,5.9848,0
34.152,100,-15,1500,1500,0.61,1.04,2.6965,3.5562,5.9848,0
34.169,102,-15,1500,1500,0.61,1.04,2.6965,3.5562,5.9848,0
34.187,104,-15,1500,1500,0.61,1.04,2.6965,3.5562,5.9848,0
34.204,105,-14,1500,1500,0.61,1.04,2.6965,3.5562,5.9848,0
34.222,108,-15,1500,1500,0.61,1.04,2.6965,3.5562,5.9848,0
34.240,109,-15,1500,1500,0.61,1.04,2.6965,3.5562,5.9848,0
34.258,112,-15,1500,1500,0.61,1.04,2.6965,3.5562,5.9848,0
34.275,114,-14,1500,1500,0.61,1.04,2.6965,3.5562,5.9848,0
34.292,116,-14,1500,1500,0.61,1.04,2.6965,3.5562,5.9848,0
34.309,119,-15,1500,1500,0.61,1.04,2.6965,3.5562,5.9848,0
34.327,122,-15,1500,1500,-0.04,1.23,2.6965,3.5562,5.9848,0
34.345,124,-15,1500,1500,-0.04,1.23,2.6965,3.5562,5.9848,0
34.362,126,-14,1500,1500,-0.04,1.23,2.6965,3.5562,5.9848,0
34.380,127,-14,1500,1500,-0.04,1.23,2.6965,3.5562,5.9848,0
34.398,127,-14,1500,1500,-0.04,1.23,2.6877,2.8958,6.2246,0
34.415,127,-15,1500,1500,-0.04,1.23,2.6877,2.8958,6.2246,0
34.434,129,-15,1500,1500,-0.04,1.23,2.6877,2.8958,6.2246,0
34.451,130,-14,1500,1500,-0.04,1.23,2.6877,2.8958,6.2246,0
34.469,131,-15,1500,1500,-0.04,1.23,2.6877,2.8958,6.2246,0
34.486,131,-15,1500,1500,-0.04,1.23,2.6877,2.8958,6.2246,0
34.503,132,-15,1500,1500,-0.04,1.23,2.6877,2.8958,6.2246,0
34.520,132,-14,1500,1500,-0.04,1.23,2.6877,2.8958,6.2246,0
34.538,133,-14,1500,1500,-0.04,1.23,2.6877,2.8958,6.2246,0
34.555,133,-15,1500,1500,-0.04,1.23,2.6877,2.8958,6.2246,0
34.573,134,-14,1500,1500,-0.38,0.87,2.6877,2.8958,6.2246,0
34.590,134,-14,1500,1500,-0.38,0.87,2.6877,2.8958,6.2246,0
34.610,135,-15,1500,1500,-0.38,0.87,2.6877,2.8958,6.2246,0
34.627,137,-15,1500,1500,-0.38,0.87,2.6877,2.8958,6.2246,0
34.647,138,-15,1500,1500,-0.38,0.87,2.8471,3.1692,6.3830,0
34.664,138,-15,1500,1500,-0.38,0.87,2.8471,3.1692,6.3830,0
34.681,140,-15,1500,1500,-0.38,0.87,2.8471,3.1692,6.3830,0
34.699,140,-16,1500,1500,-0.38,0.87,2.8471,3.1692,6.3830,0
34.716,141,-16,1500,1500,-0.38,0.87,2.8471,3.1692,6.3830,0
34.734,143,-16,1500,1500,-0.38,0.87,2.8471,3.1692,6.3830,0
34.751,143,-16,1500,1500,-0.38,0.87,2.8471,3.1692,6.3830,0
34.768,144,-16,1500,1500,-0.38,0.87,2.8471,3.1692,6.3830,0
34.787,144,-16,1500,1500,-0.38,0.87,2.8471,3.1692,6.3830,0
34.804,144,-17,1500,1500,-0.38,0.87,2.8471,3.1692,6.3830,0
34.822,145,-17,1500,1500,-0.07,-0.00,2.8471,3.1692,6.3830,0
34.841,145,-17,1500,1500,-0.07,-0.00,2.8471,3.1692,6.3830,0
34.860,145,-18,1500,1500,-0.07,-0.00,2.8471,3.1692,6.3830,0
34.878,144,-18,1500,1500,-0.07,-0.00,2.8471,3.1692,6.3830,0
34.898,144,-19,1500,1500,-0.07,-0.00,3.0420,3.9194,6.8314,0
34.917,143,-17,1500,1500,-0.07,-0.00,3.0420,3.9194,6.8314,0
34.935,141,-18,1500,1500,-0.07,-0.00,3.0420,3.9194,6.8314,0
34.952,139,-18,1500,1500,-0.07,-0.00,3.0420,3.9194,6.8314,0
34.970,135,-18,1500,1500,-0.07,-0.00,3.0420,3.9194,6.8314,0
34.988,133,-19,1500,1500,-0.07,-0.00,3.0420,3.9194,6.8314,0
35.005,133,-18,1500,1500,-0.07,-0.00,3.0420,3.9194,6.8314,0
35.022,132,-18,1500,1500,-0.07,-0.00,3.0420,3.9194,6.8314,0
35.039,131,-19,1500,1500,-0.07,-0.00,3.0420,3.9194,6.8314,0
35.057,129,-19,1500,1500,-0.07,-0.00,3.0420,3.9194,6.8314,0
35.075,128,-20,1500,1500,0.32,-0.41,3.0420,3.9194,6.8314,0
35.095,126,-19,1500,1500,0.32,-0.41,3.0420,3.9194,6.8314,0
35.113,124,-20,1500,1500,0.32,-0.41,3.0420,3.9194,6.8314,0
35.130,123,-19,1500,1500,0.32,-0.41,3.0420,3.9194,6.8314,0
35.148,121,-20,1500,1500,0.32,-0.41,3.1219,3.6568,6.1093,0
35.165,120,-19,1500,1500,0.32,-0.41,3.1219,3.6568,6.1093,0
35.182,117,-19,1500,1500,0.32,-0.41,3.1219,3.6568,6.1093,0
35.199,114,-20,1500,1500,0.32,-0.41,3.1219,3.6568,6.1093,0
35.217,112,-20,1500,1500,0.32,-0.41,3.1219,3.6568,6.1093,0
35.236,110,-21,1500,1500,0.32,-0.41,3.1219,3.6568,6.1093,0
35.253,109,-20,1500,1500,0.32,-0.41,3.1219,3.6568,6.1093,0
35.271,107,-20,1500,1500,0.32,-0.41,3.1219,3.6568,6.1093,0
35.288,105,-20,1500,1500,0.32,-0.41,3.1219,3.6568,6.1093,0
35.306,103,-20,1500,1500,0.32,-0.41,3.1219,3.6568,6.1093,0
35.323,102,-20,1500,1500,0.24,-0.64,3.1219,3.6568,6.1093,0
35.340,100,-21,1500,1500,0.24,-0.64,3.1219,3.6568,6.1093,0
35.358,99,-20,1500,1500,0.24,-0.64,3.1219,3.6568,6.1093,0
35.377,98,-20,1500,1500,0.24,-0.64,3.1219,3.6568,6.1093,0
35.395,97,-20,1500,1500,0.24,-0.64,3.0821,3.6943,6.4098,0
35.412,95,-20,1500,1500,0.24,-0.64,3.0821,3.6943,6.4098,0
35.430,94,-20,1500,1500,0.24,-0.64,3.0821,3.6943,6.4098,0
35.448,92,-20,1500,1500,0.24,-0.64,3.0821,3.6943,6.4098,0
35.466,89,-20,1500,1500,0.24,-0.64,3.0821,3.6943,6.4098,0
35.483,87,-20,1500,1500,0.24,-0.64,3.0821,3.6943,6.4098,0
35.501,86,-20,1500,1500,0.24,-0.64,3.0821,3.6943,6.4098,0
35.518,84,-20,1500,1500,0.24,-0.64,3.0821,3.6943,6.4098,0
35.535,82,-20,1500,1500,0.24,-0.64,3.0821,3.6943,6.4098,0
35.553,81,-20,1500,1500,0.24,-0.64,3.0821,3.6943,6.4098,0
35.570,80,-20,1500,1500,-0.41,-0.50,3.0821,3.6943,6.4098,0
35.589,78,-20,1500,1500,-0.41,-0.50,3.0821,3.6943,6.4098,0
35.606,76,-20,1500,1500,-0.41,-0.50,3.0821,3.6943,6.4098,0
35.623,74,-21,1500,1500,-0.41,-0.50,3.0821,3.6943,6.4098,0
35.641,73,-21,1500,1500,-0.41,-0.50,2.9396,3.3697,7.3318,0
35.658,70,-21,1500,1500,-0.41,-0.50,2.9396,3.3697,7.3318,0
35.676,68,-21,1500,1500,-0.41,-0.50,2.9396,3.3697,7.3318,0
35.693,66,-20,1500,1500,-0.41,-0.50,2.9396,3.3697,7.3318,0
35.711,64,-20,1500,1500,-0.41,-0.50,2.9396,3.3697,7.3318,0
35.729,61,-21,1500,1500,-0.41,-0.50,2.9396,3.3697,7.3318,0
35.747,56,-20,1500,1500,-0.41,-0.50,2.9396,3.3697,7.3318,1
35.765,53,-20,1500,1500,-0.41,-0.50,2.9396,3.3697,7.3318,1
35.784,51,-20,1500,1500,-0.41,-0.50,2.9396,3.3697,7.3318,1
35.801,48,-20,1500,1500,-0.41,-0.50,2.9396,3.3697,7.3318,1
35.820,45,-19,1500,1500,-0.88,0.67,2.9396,3.3697,7.3318,1
35.840,45,-19,1500,1500,-0.88,0.67,2.9396,3.3697,7.3318,1
35.857,43,-19,1500,1500,-0.88,0.67,2.9396,3.3697,7.3318,1
35.875,41,-20,1500,1500,-0.88,0.67,2.9396,3.3697,7.3318,1
35.893,38,-20,1500,1500,-0.88,0.67,2.9088,3.1284,7.1590,1
35.910,36,-19,1500,1500,-0.88,0.67,2.9088,3.1284,7.1590,1
35.928,35,-20,1500,1500,-0.88,0.67,2.9088,3.1284,7.1590,1
35.945,34,-19,1500,1500,-0.88,0.67,2.9088,3.1284,7.1590,1
35.963,34,-20,1500,1500,-0.88,0.67,2.9088,3.1284,7.1590,1
35.980,35,-19,1500,1500,-0.88,0.67,2.9088,3.1284,7.1590,1
36.001,36,-19,1500,1500,-0.88,0.67,2.9088,3.1284,7.1590,1
36.018,37,-20,1500,1500,-0.88,0.67,2.9088,3.1284,7.1590,1
36.036,38,-19,1500,1500,-0.88,0.67,2.9088,3.1284,7.1590,1
36.055,40,-19,1500,1500,-0.88,0.67,2.9088,3.1284,7.1590,1
36.072,40,-19,1500,1500,-1.28,1.02,2.9088,3.1284,7.1590,1
36.090,41,-20,1500,1500,-1.28,1.02,2.9088,3.1284,7.1590,1
36.107,41,-20,1500,1500,-1.28,1.02,2.9088,3.1284,7.1590,1
36.125,42,-20,1500,1500,-1.28,1.02,2.9088,3.1284,7.1590,1
36.142,43,-20,1500,1500,-1.28,1.02,2.8763,3.1052,6.5075,1
36.159,44,-20,1500,1500,-1.28,1.02,2.8763,3.1052,6.5075,1
36.178,45,-20,1500,1500,-1.28,1.02,2.8763,3.1052,6.5075,1
36.195,45,-19,1500,1500,-1.28,1.02,2.8763,3.1052,6.5075,1
36.212,45,-19,1500,1500,-1.28,1.02,2.8763,3.1052,6.5075,1
36.230,45,-19,1500,1500,-1.28,1.02,2.8763,3.1052,6.5075,1
36.248,44,-19,1500,1500,-1.28,1.02,2.8763,3.1052,6.5075,1
36.265,44,-19,1500,1500,-1.28,1.02,2.8763,3.1052,6.5075,1
36.282,42,-20,1500,1500,-1.28,1.02,2.8763,3.1052,6.5075,1
36.300,41,-19,1500,1500,-1.28,1.02,2.8763,3.1052,6.5075,1
36.318,41,-20,1500,1500,-1.28,1.02,2.8763,3.1052,6.5075,1
36.336,40,-20,1500,1500,-0.67,0.88,2.8763,3.1052,6.5075,1
36.353,40,-20,1500,1500,-0.67,0.88,2.8763,3.1052,6.5075,1
36.371,39,-20,1500,1500,-0.67,0.88,2.8763,3.1052,6.5075,1
36.390,39,-20,1500,1500,-0.67,0.88,2.7114,3.1257,5.9345,1
36.407,39,-20,1500,1500,-0.67,0.88,2.7114,3.1257,5.9345,1
36.426,39,-20,1500,1500,-0.67,0.88,2.7114,3.1257,5.9345,1
36.444,39,-20,1500,1500,-0.67,0.88,2.7114,3.1257,5.9345,1
36.461,39,-20,1500,1500,-0.67,0.88,2.7114,3.1257,5.9345,1
36.479,39,-21,1500,1500,-0.67,0.88,2.7114,3.1257,5.9345,1
36.496,39,-21,1500,1500,-0.67,0.88,2.7114,3.1257,5.9345,1
36.513,39,-21,1500,1500,-0.67,0.88,2.7114,3.1257,5.9345,1
36.530,39,-21,1500,1500,-0.67,0.88,2.7114,3.1257,5.9345,1
36.548,40,-21,1500,1500,-0.67,0.88,2.7114,3.1257,5.9345,1
36.565,41,-21,1500,1500,-0.67,0.88,2.7114,3.1257,5.9345,1
36.584,42,-21,1500,1500,-0.69,0.17,2.7114,3.1257,5.9345,1
36.605,43,-21,1500,1500,-0.69,0.17,2.7114,3.1257,5.9345,1
36.623,45,-21,1500,1500,-0.69,0.17,2.7114,3.1257,5.9345,1
36.640,47,-22,1500,1500,-0.69,0.17,2.5405,3.2958,5.8380,1
36.658,49,-22,1500,1500,-0.69,0.17,2.5405,3.2958,5.8380,1
36.676,51,-22,1500,1500,-0.69,0.17,2.5405,3.2958,5.8380,1
36.693,54,-22,1500,1500,-0.69,0.17,2.5405,3.2958,5.8380,1
36.711,57,-22,1500,1500,-0.69,0.17,2.5405,3.2958,5.8380,1
36.729,60,-22,1500,1500,-0.69,0.17,2.5405,3.2958,5.8380,1
36.747,63,-22,1500,1500,-0.69,0.17,2.5405,3.2958,5.8380,0
36.764,68,-23,1500,1500,-0.69,0.17,2.5405,3.2958,5.8380,0
36.781,71,-23,1500,1500,-0.69,0.17,2.5405,3.2958,5.8380,0
36.799,71,-23,1500,1500,-0.69,0.17,2.5405,3.2958,5.8380,0
36.816,76,-24,1500,1500,-0.69,0.17,2.5405,3.2958,5.8380,0
36.833,76,-24,1500,1500,-0.25,0.19,2.5405,3.2958,5.8380,0
36.852,82,-23,1500,1500,-0.25,0.19,2.5405,3.2958,5.8380,0
36.874,85,-24,1500,1500,-0.25,0.19,2.5405,3.2958,5.8380,0
36.892,88,-23,1500,1500,-0.25,0.19,2.7663,2.9939,6.7211,0
36.911,91,-23,1500,1500,-0.25,0.19,2.7663,2.9939,6.7211,0
36.928,93,-24,1500,1500,-0.25,0.19,2.7663,2.9939,6.7211,0
36.946,96,-24,1500,1500,-0.25,0.19,2.7663,2.9939,6.7211,0
36.964,100,-24,1500,1500,-0.25,0.19,2.7663,2.9939,6.7211,0
36.981,102,-25,1500,1500,-0.25,0.19,2.7663,2.9939,6.7211,0
36.999,104,-25,1500,1500,-0.25,0.19,2.7663,2.9939,6.7211,0
37.017,106,-25,1500,1500,-0.25,0.19,2.7663,2.9939,6.7211,0
37.034,108,-25,1500,1500,-0.25,0.19,2.7663,2.9939,6.7211,0
37.052,110,-24,1500,1500,-0.25,0.19,2.7663,2.9939,6.7211,0
37.069,110,-25,1500,1500,0.72,0.61,2.7663,2.9939,6.7211,0
37.089,111,-25,1500,1500,0.72,0.61,2.7663,2.9939,6.7211,0
37.106,111,-25,1500,1500,0.72,0.61,2.7663,2.9939,6.7211,0
37.124,112,-25,1500,1500,0.72,0.61,2.7663,2.9939,6.7211,0
37.141,114,-25,1500,1500,0.72,0.61,3.0007,3.4409,7.0291,0
37.161,115,-25,1500,1500,0.72,0.61,3.0007,3.4409,7.0291,0
37.179,115,-26,1500,1500,0.72,0.61,3.0007,3.4409,7.0291,0
37.198,115,-26,1500,1500,0.72,0.61,3.0007,3.4409,7.0291,0
37.215,114,-26,1500,1500,0.72,0.61,3.0007,3.4409,7.0291,0
37.233,112,-26,1500,1500,0.72,0.61,3.0007,3.4409,7.0291,0
37.250,110,-26,1500,1500,0.72,0.61,3.0007,3.4409,7.0291,0
37.267,107,-27,1500,1500,0.72,0.61,3.0007,3.4409,7.0291,0
37.285,105,-28,1500,1500,0.72,0.61,3.0007,3.4409,7.0291,0
37.302,103,-28,1500,1500,0.72,0.61,3.0007,3.4409,7.0291,0
37.320,100,-28,1500,1500,1.33,0.80,3.0007,3.4409,7.0291,0
37.337,97,-28,1500,1500,1.33,0.80,3.0007,3.4409,7.0291,0
37.354,94,-28,1500,1500,1.33,0.80,3.0007,3.4409,7.0291,0
37.372,91,-28,1500,1500,1.33,0.80,3.0007,3.4409,7.0291,0
37.389,88,-28,1500,1500,1.33,0.80,3.2377,3.5191,7.2369,0
37.406,86,-29,1500,1500,1.33,0.80,3.2377,3.5191,7.2369,0
37.423,83,-30,1500,1500,1.33,0.80,3.2377,3.5191,7.2369,0
37.441,81,-29,1500,1500,1.33,0.80,3.2377,3.5191,7.2369,0
37.458,78,-30,1500,1500,1.33,0.80,3.2377,3.5191,7.2369,0
37.475,75,-29,1500,1500,1.33,0.80,3.2377,3.5191,7.2369,0
37.492,72,-29,1500,1500,1.33,0.80,3.2377,3.5191,7.2369,0
37.510,69,-29,1500,1500,1.33,0.80,3.2377,3.5191,7.2369,0
37.528,66,-30,1500,1500,1.33,0.80,3.2377,3.5191,7.2369,0
37.546,63,-30,1500,1500,1.33,0.80,3.2377,3.5191,7.2369,0
37.563,60,-30,1500,1500,1.33,0.80,3.2377,3.5191,7.2369,1
37.582,57,-30,1500,1500,0.05,-1.25,3.2377,3.5191,7.2369,1
37.601,52,-31,1500,1500,0.05,-1.25,3.2377,3.5191,7.2369,0
37.619,52,-31,1500,1500,0.05,-1.25,3.2377,3.5191,7.2369,0
37.639,47,-31,1500,1500,0.05,-1.25,2.9446,3.2890,6.8733,0
37.656,46,-31,1500,1500,0.05,-1.25,2.9446,3.2890,6.8733,0
37.673,44,-32,1500,1500,0.05,-1.25,2.9446,3.2890,6.8733,0
37.690,42,-33,1500,1500,0.05,-1.25,2.9446,3.2890,6.8733,0
37.707,40,-33,1500,1500,0.05,-1.25,2.9446,3.2890,6.8733,0
37.725,37,-33,1500,1500,0.05,-1.25,2.9446,3.2890,6.8733,0
37.742,35,-33,1500,1500,0.05,-1.25,2.9446,3.2890,6.8733,0
37.761,33,-33,1500,1500,0.05,-1.25,2.9446,3.2890,6.8733,0
37.778,31,-34,1500,1500,0.05,-1.25,2.9446,3.2890,6.8733,0
37.795,25,-34,1500,1500,0.05,-1.25,2.9446,3.2890,6.8733,0
37.813,25,-34,1500,1500,0.05,-1.25,2.9446,3.2890,6.8733,0
37.830,23,-33,1500,1500,-1.05,-1.86,2.9446,3.2890,6.8733,0
37.848,17,-34,1500,1500,-1.05,-1.86,2.9446,3.2890,6.8733,0
37.865,14,-34,1500,1500,-1.05,-1.86,2.9446,3.2890,6.8733,0
37.883,14,-34,1500,1500,-1.05,-1.86,2.8799,3.0650,6.1036,0
37.901,8,-34,1500,1500,-1.05,-1.86,2.8799,3.0650,6.1036,0
37.919,5,-34,1500,1500,-1.05,-1.86,2.8799,3.0650,6.1036,0
37.937,1,-35,1500,1500,-1.05,-1.86,2.8799,3.0650,6.1036,0
37.955,-4,-34,1500,1500,-1.05,-1.86,2.8799,3.0650,6.1036,0
37.972,-8,-34,1500,1500,-1.05,-1.86,2.8799,3.0650,6.1036,0
37.990,-12,-34,1500,1500,-1.05,-1.86,2.8799,3.0650,6.1036,0
38.008,-16,-35,1500,1500,-1.05,-1.86,2.8799,3.0650,6.1036,0
38.026,-21,-35,1500,1500,-1.05,-1.86,2.8799,3.0650,6.1036,0
38.043,-25,-34,1500,1500,-1.05,-1.86,2.8799,3.0650,6.1036,0
38.060,-29,-34,1500,1500,-1.05,-1.86,2.8799,3.0650,6.1036,0
38.078,-33,-34,1500,1500,-0.56,-1.94,2.8799,3.0650,6.1036,0
38.095,-37,-34,1500,1500,-0.56,-1.94,2.8799,3.0650,6.1036,0
38.113,-41,-34,1500,1500,-0.56,-1.94,2.8799,3.0650,6.1036,0
38.131,-44,-34,1500,1500,-0.56,-1.94,2.6829,3.0682,6.0651,0
38.148,-49,-34,1500,1500,-0.56,-1.94,2.6829,3.0682,6.0651,0
38.168,-51,-34,1500,1500,-0.56,-1.94,2.6829,3.0682,6.0651,0
38.186,-54,-34,1500,1500,-0.56,-1.94,2.6829,3.0682,6.0651,0
38.203,-56,-34,1500,1500,-0.56,-1.94,2.6829,3.0682,6.0651,0
38.220,-58,-34,1500,1500,-0.56,-1.94,2.6829,3.0682,6.0651,0
38.237,-60,-35,1500,1500,-0.56,-1.94,2.6829,3.0682,6.0651,0
38.255,-62,-35,1500,1500,-0.56,-1.94,2.6829,3.0682,6.0651,0
38.274,-64,-34,1500,1500,-0.56,-1.94,2.6829,3.0682,6.0651,0
38.291,-66,-34,1500,1500,-0.56,-1.94,2.6829,3.0682,6.0651,0
38.309,-68,-34,1500,1500,-0.56,-1.94,2.6829,3.0682,6.0651,0
38.326,-70,-34,1500,1500,-0.93,-1.04,2.6829,3.0682,6.0651,0
38.343,-72,-34,1500,1500,-0.93,-1.04,2.6829,3.0682,6.0651,0
38.361,-74,-34,1500,1500,-0.93,-1.04,2.6829,3.0682,6.0651,0
38.379,-76,-34,1500,1500,-0.93,-1.04,2.8706,2.7131,6.0030,0
38.396,-78,-34,1500,1500,-0.93,-1.04,2.8706,2.7131,6.0030,0
38.414,-79,-35,1500,1500,-0.93,-1.04,2.8706,2.7131,6.0030,0
38.432,-80,-35,1500,1500,-0.93,-1.04,2.8706,2.7131,6.0030,0
38.450,-80,-35,1500,1500,-0.93,-1.04,2.8706,2.7131,6.0030,0
38.467,-80,-35,1500,1500,-0.93,-1.04,2.8706,2.7131,6.0030,0
38.485,-80,-35,1500,1500,-0.93,-1.04,2.8706,2.7131,6.0030,0
38.503,-80,-35,1500,1500,-0.93,-1.04,2.8706,2.7131,6.0030,0
38.521,-80,-35,1500,1500,-0.93,-1.04,2.8706,2.7131,6.0030,0
38.538,-80,-35,1500,1500,-0.93,-1.04,2.8706,2.7131,6.0030,0
38.555,-80,-35,1500,1500,-0.93,-1.04,2.8706,2.7131,6.0030,0
38.573,-81,-35,1500,1500,-1.43,-1.01,2.8706,2.7131,6.0030,0
38.590,-81,-35,1500,1500,-1.43,-1.01,2.8706,2.7131,6.0030,0
38.607,-82,-35,1500,1500,-1.43,-1.01,2.8706,2.7131,6.0030,0
38.625,-82,-35,1500,1500,-1.43,-1.01,2.5515,2.8108,5.4838,0
38.645,-83,-35,1500,1500,-1.43,-1.01,2.5515,2.8108,5.4838,0
38.663,-85,-35,1500,1500,-1.43,-1.01,2.5515,2.8108,5.4838,0
38.680,-86,-35,1500,1500,-1.43,-1.01,2.5515,2.8108,5.4838,0
38.698,-86,-35,1500,1500,-1.43,-1.01,2.5515,2.8108,5.4838,0
38.716,-87,-34,1500,1500,-1.43,-1.01,2.5515,2.8108,5.4838,0
38.736,-88,-35,1500,1500,-1.43,-1.01,2.5515,2.8108,5.4838,0
38.753,-88,-35,1500,1500,-1.43,-1.01,2.5515,2.8108,5.4838,0
38.771,-89,-35,1500,1500,-1.43,-1.01,2.5515,2.8108,5.4838,0
38.788,-89,-35,1500,1500,-1.43,-1.01,2.5515,2.8108,5.4838,0
38.805,-89,-35,1500,1500,-1.43,-1.01,2.5515,2.8108,5.4838,0
38.823,-89,-35,1500,1500,-1.69,-1.19,2.5515,2.8108,5.4838,0
38.841,-89,-35,1500,1500,-1.69,-1.19,2.5515,2.8108,5.4838,0
38.858,-90,-35,1500,1500,-1.69,-1.19,2.5515,2.8108,5.4838,0
38.877,-90,-35,1500,1500,-1.69,-1.19,2.6902,2.8349,6.1540,0
38.895,-90,-35,1500,1500,-1.69,-1.19,2.6902,2.8349,6.1540,0
38.912,-90,-35,1500,1500,-1.69,-1.19,2.6902,2.8349,6.1540,0
38.930,-90,-35,1500,1500,-1.69,-1.19,2.6902,2.8349,6.1540,0
38.948,-90,-35,1500,1500,-1.69,-1.19,2.6902,2.8349,6.1540,0
38.967,-90,-35,1500,1500,-1.69,-1.19,2.6902,2.8349,6.1540,0
38.985,-90,-35,1500,1500,-1.69,-1.19,2.6902,2.8349,6.1540,0
39.002,-90,-35,1500,1500,-1.69,-1.19,2.6902,2.8349,6.1540,0
39.020,-90,-35,1500,1500,-1.69,-1.19,2.6902,2.8349,6.1540,0
39.038,-89,-35,1500,1500,-1.69,-1.19,2.6902,2.8349,6.1540,0
39.055,-89,-34,1500,1500,-1.69,-1.19,2.6902,2.8349,6.1540,0
39.075,-88,-34,1500,1500,-1.17,-1.08,2.6902,2.8349,6.1540,0
39.092,-88,-34,1500,1500,-1.17,-1.08,2.6902,2.8349,6.1540,0
39.111,-88,-34,1500,1500,-1.17,-1.08,2.6902,2.8349,6.1540,0
39.128,-87,-34,1500,1500,-1.17,-1.08,2.6053,3.0868,6.0877,0
39.146,-87,-34,1500,1500,-1.17,-1.08,2.6053,3.0868,6.0877,0
39.163,-86,-34,1500,1500,-1.17,-1.08,2.6053,3.0868,6.0877,0
39.180,-86,-34,1500,1500,-1.17,-1.08,2.6053,3.0868,6.0877,0
39.198,-84,-34,1500,1500,-1.17,-1.08,2.6053,3.0868,6.0877,0
39.215,-83,-34,1500,1500,-1.17,-1.08,2.6053,3.0868,6.0877,0
39.232,-82,-34,1500,1500,-1.17,-1.08,2.6053,3.0868,6.0877,0
39.249,-82,-34,1500,1500,-1.17,-1.08,2.6053,3.0868,6.0877,0
39.267,-81,-34,1500,1500,-1.17,-1.08,2.6053,3.0868,6.0877,0
39.285,-80,-34,1500,1500,-1.17,-1.08,2.6053,3.0868,6.0877,0
39.303,-79,-33,1500,1500,-1.17,-1.08,2.6053,3.0868,6.0877,0
39.323,-79,-34,1500,1500,-0.89,-0.84,2.6053,3.0868,6.0877,0
39.340,-78,-34,1500,1500,-0.89,-0.84,2.6053,3.0868,6.0877,0
39.360,-78,-34,1500,1500,-0.89,-0.84,2.6053,3.0868,6.0877,0
39.377,-78,-33,1500,1500,-0.89,-0.84,2.7458,3.3545,6.3283,0
39.394,-77,-33,1500,1500,-0.89,-0.84,2.7458,3.3545,6.3283,0
39.412,-76,-33,1500,1500,-0.89,-0.84,2.7458,3.3545,6.3283,0
39.429,-75,-33,1500,1500,-0.89,-0.84,2.7458,3.3545,6.3283,0
39.446,-74,-33,1500,1500,-0.89,-0.84,2.7458,3.3545,6.3283,0
39.464,-72,-33,1500,1500,-0.89,-0.84,2.7458,3.3545,6.3283,0
39.482,-71,-33,1500,1500,-0.89,-0.84,2.7458,3.3545,6.3283,0
39.499,-70,-33,1500,1500,-0.89,-0.84,2.7458,3.3545,6.3283,0
39.516,-68,-33,1500,1500,-0.89,-0.84,2.7458,3.3545,6.3283,0
39.534,-67,-33,1500,1500,-0.89,-0.84,2.7458,3.3545,6.3283,0
39.551,-67,-33,1500,1500,-0.89,-0.84,2.7458,3.3545,6.3283,0
39.568,-67,-33,1500,1500,-0.87,0.27,2.7458,3.3545,6.3283,0
39.586,-66,-33,1500,1500,-0.87,0.27,2.7458,3.3545,6.3283,0
39.603,-66,-33,1500,1500,-0.87,0.27,2.7458,3.3545,6.3283,0
39.621,-66,-33,1500,1500,-0.87,0.27,2.7458,3.3545,6.3283,0
39.639,-65,-32,1500,1500,-0.87,0.27,2.6937,2.9897,6.4628,0
39.656,-65,-32,1500,1500,-0.87,0.27,2.6937,2.9897,6.4628,0
39.674,-65,-32,1500,1500,-0.87,0.27,2.6937,2.9897,6.4628,0
39.692,-65,-32,1500,1500,-0.87,0.27,2.6937,2.9897,6.4628,0
39.711,-65,-32,1500,1500,-0.87,0.27,2.6937,2.9897,6.4628,0
39.728,-65,-33,1500,1500,-0.87,0.27,2.6937,2.9897,6.4628,0
39.745,-65,-33,1500,1500,-0.87,0.27,2.6937,2.9897,6.4628,0
39.763,-65,-32,1500,1500,-0.87,0.27,2.6937,2.9897,6.4628,0
39.781,-64,-32,1500,1500,-0.87,0.27,2.6937,2.9897,6.4628,0
39.798,-63,-32,1500,1500,-0.87,0.27,2.6937,2.9897,6.4628,0
39.815,-62,-32,1500,1500,-0.72,-0.14,2.6937,2.9897,6.4628,0
39.832,-61,-32,1500,1500,-0.72,-0.14,2.6937,2.9897,6.4628,0
39.849,-59,-32,1500,1500,-0.72,-0.14,2.6937,2.9897,6.4628,0
39.867,-57,-32,1500,1500,-0.72,-0.14,2.6937,2.9897,6.4628,0
39.885,-55,-32,1500,1500,-0.72,-0.14,2.8291,3.3447,6.8272,0
39.904,-54,-32,1500,1500,-0.72,-0.14,2.8291,3.3447,6.8272,0
39.921,-53,-32,1500,1500,-0.72,-0.14,2.8291,3.3447,6.8272,0
39.939,-52,-32,1500,1500,-0.72,-0.14,2.8291,3.3447,6.8272,0
39.956,-51,-32,1500,1500,-0.72,-0.14,2.8291,3.3447,6.8272,0
39.973,-51,-32,1500,1500,-0.72,-0.14,2.8291,3.3447,6.8272,0
39.992,-50,-32,1500,1500,-0.72,-0.14,2.8291,3.3447,6.8272,0
40.010,-50,-32,1500,1500,-0.72,-0.14,2.8291,3.3447,6.8272,0
40.028,-50,-32,1500,1500,-0.72,-0.14,2.8291,3.3447,6.8272,0
40.045,-50,-32,1500,1500,-0.72,-0.14,2.8291,3.3447,6.8272,0
40.063,-50,-33,1500,1500,-0.55,-0.06,2.8291,3.3447,6.8272,0
40.080,-50,-33,1500,1500,-0.55,-0.06,2.8291,3.3447,6.8272,0
40.100,0,0,1500,1500,-0.55,-0.06,2.8291,3.3447,6.8272,0
40.117,0,0,1500,1500,-0.55,-0.06,2.8291,3.3447,6.8272,0
40.138,-48,-32,1500,1500,-0.55,-0.06,2.7339,3.3226,6.1220,0
40.155,-48,-32,1500,1500,-0.55,-0.06,2.7339,3.3226,6.1220,0
40.172,-48,-32,1500,1500,-0.55,-0.06,2.7339,3.3226,6.1220,0
40.190,-48,-32,1500,1500,-0.55,-0.06,2.7339,3.3226,6.1220,0
40.207,-48,-33,1500,1500,-0.55,-0.06,2.7339,3.3226,6.1220,0
40.224,-48,-33,1500,1500,-0.55,-0.06,2.7339,3.3226,6.1220,0
40.242,-48,-33,1500,1500,-0.55,-0.06,2.7339,3.3226,6.1220,0
40.259,-48,-32,1500,1500,-0.55,-0.06,2.7339,3.3226,6.1220,0
40.276,-48,-32,1500,1500,-0.55,-0.06,2.7339,3.3226,6.1220,0
40.295,0,0,1500,1500,-0.55,-0.06,2.7339,3.3226,6.1220,0
40.313,-49,-33,1500,1500,-0.36,-0.61,2.7339,3.3226,6.1220,0
40.334,-49,-33,1500,1500,-0.36,-0.61,2.7339,3.3226,6.1220,0
40.351,-49,-33,1500,1500,-0.36,-0.61,2.7339,3.3226,6.1220,0
40.369,-49,-33,1500,1500,-0.36,-0.61,2.6910,3.2107,5.7945,0
40.386,-49,-33,1500,1500,-0.36,-0.61,2.6910,3.2107,5.7945,0
40.404,-51,-32,1500,1500,-0.36,-0.61,2.6910,3.2107,5.7945,0
40.422,-52,-33,1500,1500,-0.36,-0.61,2.6910,3.2107,5.7945,0
40.441,-53,-33,1500,1500,-0.36,-0.61,2.6910,3.2107,5.7945,0
40.458,-54,-33,1500,1500,-0.36,-0.61,2.6910,3.2107,5.7945,0
40.475,-54,-32,1500,1500,-0.36,-0.61,2.6910,3.2107,5.7945,0
40.493,-55,-32,1500,1500,-0.36,-0.61,2.6910,3.2107,5.7945,0
40.511,-55,-32,1500,1500,-0.36,-0.61,2.6910,3.2107,5.7945,0
40.529,-57,-32,1500,1500,-0.36,-0.61,2.6910,3.2107,5.7945,0
40.546,-57,-32,1500,1500,-0.36,-0.61,2.6910,3.2107,5.7945,0
40.565,-58,-33,1500,1500,-0.69,-0.80,2.6910,3.2107,5.7945,0
40.584,-59,-33,1500,1500,-0.69,-0.80,2.6910,3.2107,5.7945,0
40.602,-61,-33,1500,1500,-0.69,-0.80,2.6910,3.2107,5.7945,0
40.619,-61,-33,1500,1500,-0.69,-0.80,2.7781,2.8927,6.3060,0
40.639,-63,-33,1500,1500,-0.69,-0.80,2.7781,2.8927,6.3060,0
40.657,-64,-33,1500,1500,-0.69,-0.80,2.7781,2.8927,6.3060,0
40.675,-65,-32,1500,1500,-0.69,-0.80,2.7781,2.8927,6.3060,0
40.693,-68,-32,1500,1500,-0.69,-0.80,2.7781,2.8927,6.3060,0
40.712,-69,-33,1500,1500,-0.69,-0.80,2.7781,2.8927,6.3060,0
40.730,-69,-33,1500,1500,-0.69,-0.80,2.7781,2.8927,6.3060,0
40.748,-70,-33,1500,1500,-0.69,-0.80,2.7781,2.8927,6.3060,0
40.766,-71,-33,1500,1500,-0.69,-0.80,2.7781,2.8927,6.3060,0
40.783,-71,-32,1500,1500,-0.69,-0.80,2.7781,2.8927,6.3060,0
40.801,-72,-32,1500,1500,-0.69,-0.80,2.7781,2.8927,6.3060,0
40.819,-72,-32,1500,1500,-0.49,-1.37,2.7781,2.8927,6.3060,0
40.838,-73,-32,1500,1500,-0.49,-1.37,2.7781,2.8927,6.3060,0
40.856,-74,-32,1500,1500,-0.49,-1.37,2.7781,2.8927,6.3060,0
40.875,-74,-32,1500,1500,-0.49,-1.37,2.7257,2.7719,6.7745,0
40.892,-74,-32,1500,1500,-0.49,-1.37,2.7257,2.7719,6.7745,0
40.909,-74,-32,1500,1500,-0.49,-1.37,2.7257,2.7719,6.7745,0
40.926,-74,-32,1500,1500,-0.49,-1.37,2.7257,2.7719,6.7745,0
40.944,-76,-32,1500,1500,-0.49,-1.37,2.7257,2.7719,6.7745,0
40.961,-77,-33,1500,1500,-0.49,-1.37,2.7257,2.7719,6.7745,0
40.978,-78,-34,1500,1500,-0.49,-1.37,2.7257,2.7719,6.7745,0
40.995,-79,-34,1500,1500,-0.49,-1.37,2.7257,2.7719,6.7745,0
41.012,-78,-34,1500,1500,-0.49,-1.37,2.7257,2.7719,6.7745,0
41.030,-80,-33,1500,1500,-0.49,-1.37,2.7257,2.7719,6.7745,0
41.047,-81,-33,1500,1500,-0.49,-1.37,2.7257,2.7719,6.7745,0
41.065,-83,-33,1500,1500,-1.55,-1.30,2.7257,2.7719,6.7745,0
41.084,-83,-33,1500,1500,-1.55,-1.30,2.7257,2.7719,6.7745,0
41.102,-84,-33,1500,1500,-1.55,-1.30,2.7257,2.7719,6.7745,0
41.121,-85,-33,1500,1500,-1.55,-1.30,2.6690,2.9513,6.1374,0
41.139,-87,-32,1500,1500,-1.55,-1.30,2.6690,2.9513,6.1374,0
41.157,-89,-33,1500,1500,-1.55,-1.30,2.6690,2.9513,6.1374,0
41.176,-91,-33,1500,1500,-1.55,-1.30,2.6690,2.9513,6.1374,0
41.193,-95,-32,1500,1500,-1.55,-1.30,2.6690,2.9513,6.1374,0
41.212,-95,-32,1500,1500,-1.55,-1.30,2.6690,2.9513,6.1374,0
41.229,-97,-32,1500,1500,-1.55,-1.30,2.6690,2.9513,6.1374,0
41.246,-98,-32,1500,1500,-1.55,-1.30,2.6690,2.9513,6.1374,0
41.263,-100,-32,1500,1500,-1.55,-1.30,2.6690,2.9513,6.1374,0
41.280,-101,-33,1500,1500,-1.55,-1.30,2.6690,2.9513,6.1374,0
41.298,-103,-32,1500,1500,-1.55,-1.30,2.6690,2.9513,6.1374,0
41.316,-104,-32,1500,1500,-1.62,-1.52,2.6690,2.9513,6.1374,0
41.335,-106,-32,1500,1500,-1.62,-1.52,2.6690,2.9513,6.1374,0
41.355,-109,-31,1500,1500,-1.62,-1.52,2.6690,2.9513,6.1374,0
41.373,-111,-31,1500,1500,-1.62,-1.52,2.9434,3.1385,6.4369,0
41.391,-114,-31,1500,1500,-1.62,-1.52,2.9434,3.1385,6.4369,0
41.410,-120,-31,1500,1500,-1.62,-1.52,2.9434,3.1385,6.4369,0
41.427,-123,-31,1500,1500,-1.62,-1.52,2.9434,3.1385,6.4369,0
41.444,-126,-31,1500,1500,-1.62,-1.52,2.9434,3.1385,6.4369,0
41.462,-129,-30,1500,1500,-1.62,-1.52,2.9434,3.1385,6.4369,0
41.479,-133,-30,1500,1500,-1.62,-1.52,2.9434,3.1385,6.4369,0
41.496,-137,-30,1500,1500,-1.62,-1.52,2.9434,3.1385,6.4369,0
41.514,-141,-30,1500,1500,-1.62,-1.52,2.9434,3.1385,6.4369,0
41.531,-144,-30,1500,1500,-1.62,-1.52,2.9434,3.1385,6.4369,0
41.548,-147,-29,1500,1500,-1.62,-1.52,2.9434,3.1385,6.4369,0
41.565,-147,-29,1500,1500,-1.69,-1.33,2.9434,3.1385,6.4369,0
41.583,-150,-29,1500,1500,-1.69,-1.33,2.9434,3.1385,6.4369,0
41.600,-154,-29,1500,1500,-1.69,-1.33,2.9434,3.1385,6.4369,0
41.617,-157,-29,1500,1500,-1.69,-1.33,2.6178,3.2389,5.9064,0
41.635,-160,-29,1500,1500,-1.69,-1.33,2.6178,3.2389,5.9064,0
41.652,0,0,1500,1500,-1.69,-1.33,2.6178,3.2389,5.9064,0
41.669,0,0,1500,1500,-1.69,-1.33,2.6178,3.2389,5.9064,0
41.687,0,0,1500,1500,-1.69,-1.33,2.6178,3.2389,5.9064,0
41.704,0,0,1500,1500,-1.69,-1.33,2.6178,3.2389,5.9064,0
41.723,0,0,1500,1500,-1.69,-1.33,2.6178,3.2389,5.9064,0
41.741,0,0,1500,1500,-1.69,-1.33,2.6178,3.2389,5.9064,0
41.758,0,0,1500,1500,-1.69,-1.33,2.6178,3.2389,5.9064,0
41.776,0,0,1500,1500,-1.69,-1.33,2.6178,3.2389,5.9064,0
41.794,0,0,1500,1500,-1.69,-1.33,2.6178,3.2389,5.9064,0
41.812,0,0,1500,1500,-2.24,-0.54,2.6178,3.2389,5.9064,0
41.831,0,0,1500,1500,-2.24,-0.54,2.6178,3.2389,5.9064,0
41.849,0,0,1500,1500,-2.24,-0.54,2.6178,3.2389,5.9064,0
41.866,-187,-25,1500,1500,-2.24,-0.54,2.8980,3.1804,6.4920,0
41.884,0,0,1500,1500,-2.24,-0.54,2.8980,3.1804,6.4920,0
41.901,0,0,1500,1500,-2.24,-0.54,2.8980,3.1804,6.4920,0
41.919,-191,-24,1500,1500,-2.24,-0.54,2.8980,3.1804,6.4920,0
41.937,0,0,1500,1500,-2.24,-0.54,2.8980,3.1804,6.4920,0
41.954,-194,-24,1500,1500,-2.24,-0.54,2.8980,3.1804,6.4920,0
41.972,-195,-24,1500,1500,-2.24,-0.54,2.8980,3.1804,6.4920,0
41.989,-196,-23,1500,1500,-2.24,-0.54,2.8980,3.1804,6.4920,0
42.010,-198,-23,1500,1500,-2.24,-0.54,2.8980,3.1804,6.4920,0
42.030,-198,-22,1500,1500,-2.24,-0.54,2.8980,3.1804,6.4920,0
42.048,-199,-22,1500,1500,-2.24,-0.54,2.8980,3.1804,6.4920,0
42.065,-200,-22,1500,1500,-2.56,0.68,2.8980,3.1804,6.4920,0
42.084,-200,-21,1500,1500,-2.56,0.68,2.8980,3.1804,6.4920,0
42.101,-201,-21,1500,1500,-2.56,0.68,2.8980,3.1804,6.4920,0
42.118,-202,-20,1500,1500,-2.56,0.68,2.8327,3.0381,6.3417,0
42.137,-203,-20,1500,1500,-2.56,0.68,2.8327,3.0381,6.3417,0
42.155,-204,-20,1500,1500,-2.56,0.68,2.8327,3.0381,6.3417,0
42.172,-205,-19,1500,1500,-2.56,0.68,2.8327,3.0381,6.3417,0
42.189,-207,-19,1500,1500,-2.56,0.68,2.8327,3.0381,6.3417,0
42.208,-207,-19,1500,1500,-2.56,0.68,2.8327,3.0381,6.3417,0
42.226,-208,-18,1500,1500,-2.56,0.68,2.8327,3.0381,6.3417,0
42.243,-208,-18,1500,1500,-2.56,0.68,2.8327,3.0381,6.3417,0
42.260,-207,-18,1500,1500,-2.56,0.68,2.8327,3.0381,6.3417,0
42.278,-207,-17,1500,1500,-2.56,0.68,2.8327,3.0381,6.3417,0
42.296,-205,-17,1500,1500,-2.56,0.68,2.8327,3.0381,6.3417,0
42.314,-205,-17,1500,1500,-2.58,1.40,2.8327,3.0381,6.3417,0
42.332,-204,-16,1500,1500,-2.58,1.40,2.8327,3.0381,6.3417,0
42.349,-203,-16,1500,1500,-2.58,1.40,2.8327,3.0381,6.3417,0
42.367,0,0,1500,1500,-2.58,1.40,2.6728,3.3564,5.3929,0
42.384,0,0,1500,1500,-2.58,1.40,2.6728,3.3564,5.3929,0
42.402,0,0,1500,1500,-2.58,1.40,2.6728,3.3564,5.3929,0
42.420,0,0,1500,1500,-2.58,1.40,2.6728,3.3564,5.3929,0
42.438,0,0,1500,1500,-2.58,1.40,2.6728,3.3564,5.3929,0
42.456,0,0,1500,1500,-2.58,1.40,2.6728,3.3564,5.3929,0
42.473,0,0,1500,1500,-2.58,1.40,2.6728,3.3564,5.3929,0
42.491,0,0,1500,1500,-2.58,1.40,2.6728,3.3564,5.3929,0
42.508,0,0,1500,1500,-2.58,1.40,2.6728,3.3564,5.3929,0
42.525,0,0,1500,1500,-2.58,1.40,2.6728,3.3564,5.3929,0
42.543,0,0,1500,1500,-2.58,1.40,2.6728,3.3564,5.3929,0
42.561,0,0,1500,1500,-2.41,1.58,2.6728,3.3564,5.3929,0
42.578,0,0,1500,1500,-2.41,1.58,2.6728,3.3564,5.3929,0
42.596,0,0,1500,1500,-2.41,1.58,2.6728,3.3564,5.3929,0
42.613,0,0,1500,1500,-2.41,1.58,2.6728,3.3564,5.3929,0
42.630,0,0,1500,1500,-2.41,1.58,2.0888,4.1728,4.9174,0
42.649,0,0,1500,1500,-2.41,1.58,2.0888,4.1728,4.9174,0
42.669,0,0,1500,1500,-2.41,1.58,2.0888,4.1728,4.9174,0
42.687,-148,-11,1500,1500,-2.41,1.58,2.0888,4.1728,4.9174,0
42.705,-143,-11,1500,1500,-2.41,1.58,2.0888,4.1728,4.9174,0
42.724,-133,-11,1500,1500,-2.41,1.58,2.0888,4.1728,4.9174,0
42.741,-133,-11,1500,1500,-2.41,1.58,2.0888,4.1728,4.9174,0
42.758,-123,-10,1500,1500,-2.41,1.58,2.0888,4.1728,4.9174,0
42.776,-116,-10,1500,1500,-2.41,1.58,2.0888,4.1728,4.9174,0
42.793,-111,-10,1500,1500,-2.41,1.58,2.0888,4.1728,4.9174,0
42.810,-111,-10,1500,1500,-1.43,1.23,2.0888,4.1728,4.9174,0
42.827,-111,-10,1500,1500,-1.43,1.23,2.0888,4.1728,4.9174,0
42.848,-105,-10,1500,1500,-1.43,1.23,2.0888,4.1728,4.9174,0
42.866,-99,-10,1500,1500,-1.43,1.23,2.0888,4.1728,4.9174,0
42.885,-92,-10,1500,1500,-1.43,1.23,2.7361,3.5611,7.8748,0
42.903,-79,-9,1500,1500,-1.43,1.23,2.7361,3.5611,7.8748,0
42.922,-73,-9,1500,1500,-1.43,1.23,2.7361,3.5611,7.8748,0
42.940,-59,-9,1500,1500,-1.43,1.23,2.7361,3.5611,7.8748,1
42.957,-53,-9,1500,1500,-1.43,1.23,2.7361,3.5611,7.8748,1
42.975,-40,-10,1500,1500,-1.43,1.23,2.7361,3.5611,7.8748,1
42.993,-34,-10,1500,1500,-1.43,1.23,2.7361,3.5611,7.8748,1
43.011,-28,-10,1500,1500,-1.43,1.23,2.7361,3.5611,7.8748,1
43.028,-22,-10,1500,1500,-1.43,1.23,2.7361,3.5611,7.8748,1
43.045,-16,-9,1500,1500,-1.43,1.23,2.7361,3.5611,7.8748,1
43.063,-11,-9,1500,1500,-0.95,1.43,2.7361,3.5611,7.8748,1
43.080,-5,-9,1500,1500,-0.95,1.43,2.7361,3.5611,7.8748,1
43.097,0,-9,1500,1500,-0.95,1.43,2.7361,3.5611,7.8748,1
43.115,0,-9,1500,1500,-0.95,1.43,2.4851,4.0710,6.0721,1
43.135,6,-9,1500,1500,-0.95,1.43,2.4851,4.0710,6.0721,1
43.152,12,-9,1500,1500,-0.95,1.43,2.4851,4.0710,6.0721,1
43.169,18,-9,1500,1500,-0.95,1.43,2.4851,4.0710,6.0721,1
43.188,31,-9,1500,1500,-0.95,1.43,2.4851,4.0710,6.0721,1
43.205,37,-10,1500,1500,-0.95,1.43,2.4851,4.0710,6.0721,1
43.223,48,-10,1500,1500,-0.95,1.43,2.4851,4.0710,6.0721,1
43.240,55,-10,1500,1500,-0.95,1.43,2.4851,4.0710,6.0721,1
43.257,61,-10,1500,1500,-0.95,1.43,2.4851,4.0710,6.0721,0
43.275,67,-9,1500,1500,-0.95,1.43,2.4851,4.0710,6.0721,0
43.293,73,-10,1500,1500,-0.95,1.43,2.4851,4.0710,6.0721,0
43.311,73,-10,1500,1500,-0.22,1.36,2.4851,4.0710,6.0721,0
43.328,85,-10,1500,1500,-0.22,1.36,2.4851,4.0710,6.0721,0
43.347,85,-10,1500,1500,-0.22,1.36,2.4851,4.0710,6.0721,0
43.365,91,-10,1500,1500,-0.22,1.36,2.5070,3.8935,6.3378,0
43.383,102,-10,1500,1500,-0.22,1.36,2.5070,3.8935,6.3378,0
43.401,108,-10,1500,1500,-0.22,1.36,2.5070,3.8935,6.3378,0
43.420,113,-10,1500,1500,-0.22,1.36,2.5070,3.8935,6.3378,0
43.437,118,-11,1500,1500,-0.22,1.36,2.5070,3.8935,6.3378,0
43.455,129,-11,1500,1500,-0.22,1.36,2.5070,3.8935,6.3378,0
43.473,134,-12,1500,1500,-0.22,1.36,2.5070,3.8935,6.3378,0
43.490,139,-12,1500,1500,-0.22,1.36,2.5070,3.8935,6.3378,0
43.507,144,-12,1500,1500,-0.22,1.36,2.5070,3.8935,6.3378,0
43.525,149,-12,1500,1500,-0.22,1.36,2.5070,3.8935,6.3378,0
43.543,155,-12,1500,1500,-0.22,1.36,2.5070,3.8935,6.3378,0
43.560,159,-12,1500,1500,0.58,0.58,2.5070,3.8935,6.3378,0
43.578,159,-12,1500,1500,0.58,0.58,2.5070,3.8935,6.3378,0
43.596,169,-11,1500,1500,0.58,0.58,2.5070,3.8935,6.3378,0
43.613,174,-11,1500,1500,0.58,0.58,2.8848,3.6276,8.5666,0
43.631,178,-11,1500,1500,0.58,0.58,2.8848,3.6276,8.5666,0
43.648,182,-11,1500,1500,0.58,0.58,2.8848,3.6276,8.5666,0
43.665,186,-11,1500,1500,0.58,0.58,2.8848,3.6276,8.5666,0
43.682,190,-12,1500,1500,0.58,0.58,2.8848,3.6276,8.5666,0
43.699,195,-11,1500,1500,0.58,0.58,2.8848,3.6276,8.5666,0
43.716,198,-12,1500,1500,0.58,0.58,2.8848,3.6276,8.5666,0
43.734,203,-12,1500,1500,0.58,0.58,2.8848,3.6276,8.5666,0
43.751,207,-12,1500,1500,0.58,0.58,2.8848,3.6276,8.5666,0
43.768,211,-12,1500,1500,0.58,0.58,2.8848,3.6276,8.5666,0
43.785,218,-12,1500,1500,0.58,0.58,2.8848,3.6276,8.5666,0
43.806,218,-12,1500,1500,1.53,0.06,2.8848,3.6276,8.5666,0
43.824,222,-13,1500,1500,1.53,0.06,2.8848,3.6276,8.5666,0
43.843,225,-12,1500,1500,1.53,0.06,2.8848,3.6276,8.5666,0
43.860,231,-13,1500,1500,1.53,0.06,2.8848,3.6276,8.5666,0
43.879,234,-13,1500,1500,1.53,0.06,2.5994,3.7095,6.3823,0
43.896,237,-13,1500,1500,1.53,0.06,2.5994,3.7095,6.3823,0
43.914,240,-13,1500,1500,1.53,0.06,2.5994,3.7095,6.3823,0
43.931,243,-13,1500,1500,1.53,0.06,2.5994,3.7095,6.3823,0
43.948,246,-13,1500,1500,1.53,0.06,2.5994,3.7095,6.3823,0
43.966,248,-13,1500,1500,1.53,0.06,2.5994,3.7095,6.3823,0
43.983,251,-13,1500,1500,1.53,0.06,2.5994,3.7095,6.3823,0
44.002,253,-13,1500,1500,1.53,0.06,2.5994,3.7095,6.3823,0
44.019,256,-13,1500,1500,1.53,0.06,2.5994,3.7095,6.3823,0
44.037,256,-13,1500,1500,1.53,0.06,2.5994,3.7095,6.3823,0
44.055,260,-14,1500,1500,2.11,0.30,2.5994,3.7095,6.3823,0
44.072,260,-14,1500,1500,2.11,0.30,2.5994,3.7095,6.3823,0
44.089,262,-14,1500,1500,2.11,0.30,2.5994,3.7095,6.3823,0
44.107,263,-14,1500,1500,2.11,0.30,2.5994,3.7095,6.3823,0
44.125,265,-14,1500,1500,2.11,0.30,2.9085,3.5608,8.7039,0
44.142,265,-14,1500,1500,2.11,0.30,2.9085,3.5608,8.7039,0
44.160,266,-14,1500,1500,2.11,0.30,2.9085,3.5608,8.7039,0
44.177,267,-14,1500,1500,2.11,0.30,2.9085,3.5608,8.7039,0
44.195,268,-14,1500,1500,2.11,0.30,2.9085,3.5608,8.7039,0
44.212,268,-14,1500,1500,2.11,0.30,2.9085,3.5608,8.7039,0
44.230,268,-15,1500,1500,2.11,0.30,2.9085,3.5608,8.7039,0
44.248,267,-15,1500,1500,2.11,0.30,2.9085,3.5608,8.7039,0
44.266,267,-15,1500,1500,2.11,0.30,2.9085,3.5608,8.7039,0
44.283,267,-15,1500,1500,2.11,0.30,2.9085,3.5608,8.7039,0
44.300,267,-15,1500,1500,2.13,0.23,2.9085,3.5608,8.7039,0
44.317,267,-15,1500,1500,2.13,0.23,2.9085,3.5608,8.7039,0
44.335,268,-15,1500,1500,2.13,0.23,2.9085,3.5608,8.7039,0
44.352,268,-15,1500,1500,2.13,0.23,2.9085,3.5608,8.7039,0
44.370,269,-15,1500,1500,2.13,0.23,2.7614,3.9330,8.9256,0
44.388,270,-15,1500,1500,2.13,0.23,2.7614,3.9330,8.9256,0
44.406,271,-14,1500,1500,2.13,0.23,2.7614,3.9330,8.9256,0
44.424,273,-15,1500,1500,2.13,0.23,2.7614,3.9330,8.9256,0
44.442,275,-15,1500,1500,2.13,0.23,2.7614,3.9330,8.9256,0
44.459,276,-14,1500,1500,2.13,0.23,2.7614,3.9330,8.9256,0
44.478,277,-14,1500,1500,2.13,0.23,2.7614,3.9330,8.9256,0
44.495,277,-15,1500,1500,2.13,0.23,2.7614,3.9330,8.9256,0
44.514,277,-15,1500,1500,2.13,0.23,2.7614,3.9330,8.9256,0
44.532,277,-15,1500,1500,2.13,0.23,2.7614,3.9330,8.9256,0
44.549,277,-15,1500,1500,1.40,0.39,2.7614,3.9330,8.9256,0
44.567,276,-14,1500,1500,1.40,0.39,2.7614,3.9330,8.9256,0
44.585,274,-14,1500,1500,1.40,0.39,2.7614,3.9330,8.9256,0
44.603,272,-15,1500,1500,1.40,0.39,2.7614,3.9330,8.9256,0
44.620,270,-15,1500,1500,1.40,0.39,2.8618,3.4921,9.7215,0
44.637,267,-15,1500,1500,1.40,0.39,2.8618,3.4921,9.7215,0
44.655,263,-15,1500,1500,1.40,0.39,2.8618,3.4921,9.7215,0
44.672,260,-14,1500,1500,1.40,0.39,2.8618,3.4921,9.7215,0
44.689,257,-14,1500,1500,1.40,0.39,2.8618,3.4921,9.7215,0
44.707,255,-14,1500,1500,1.40,0.39,2.8618,3.4921,9.7215,0
44.724,251,-15,1500,1500,1.40,0.39,2.8618,3.4921,9.7215,0
44.742,249,-14,1500,1500,1.40,0.39,2.8618,3.4921,9.7215,0
44.759,245,-14,1500,1500,1.40,0.39,2.8618,3.4921,9.7215,0
44.776,242,-14,1500,1500,1.40,0.39,2.8618,3.4921,9.7215,0
44.793,239,-14,1500,1500,1.40,0.39,2.8618,3.4921,9.7215,0
44.810,236,-14,1500,1500,1.16,0.02,2.8618,3.4921,9.7215,0
44.827,232,-14,1500,1500,1.16,0.02,2.8618,3.4921,9.7215,0
44.845,231,-14,1500,1500,1.16,0.02,2.8618,3.4921,9.7215,0
44.862,229,-15,1500,1500,1.16,0.02,2.4104,4.5152,7.8039,0
44.883,226,-15,1500,1500,1.16,0.02,2.4104,4.5152,7.8039,0
44.903,224,-15,1500,1500,1.16,0.02,2.4104,4.5152,7.8039,0
44.921,222,-15,1500,1500,1.16,0.02,2.4104,4.5152,7.8039,0
44.940,217,-15,1500,1500,1.16,0.02,2.4104,4.5152,7.8039,0
44.957,215,-15,1500,1500,1.16,0.02,2.4104,4.5152,7.8039,0
44.974,213,-16,1500,1500,1.16,0.02,2.4104,4.5152,7.8039,0
44.992,210,-16,1500,1500,1.16,0.02,2.4104,4.5152,7.8039,0
45.009,208,-15,1500,1500,1.16,0.02,2.4104,4.5152,7.8039,0
45.026,206,-15,1500,1500,1.16,0.02,2.4104,4.5152,7.8039,0
45.043,204,-15,1500,1500,1.16,0.02,2.4104,4.5152,7.8039,0
45.061,203,-15,1500,1500,0.40,0.01,2.4104,4.5152,7.8039,0
45.078,200,-15,1500,1500,0.40,0.01,2.4104,4.5152,7.8039,0
45.096,197,-14,1500,1500,0.40,0.01,2.4104,4.5152,7.8039,0
45.113,195,-14,1500,1500,0.40,0.01,2.9391,4.3535,9.5574,0
45.130,193,-14,1500,1500,0.40,0.01,2.9391,4.3535,9.5574,0
45.148,191,-14,1500,1500,0.40,0.01,2.9391,4.3535,9.5574,0
45.167,189,-14,1500,1500,0.40,0.01,2.9391,4.3535,9.5574,0
45.184,188,-14,1500,1500,0.40,0.01,2.9391,4.3535,9.5574,0
45.202,186,-13,1500,1500,0.40,0.01,2.9391,4.3535,9.5574,0
45.220,181,-13,1500,1500,0.40,0.01,2.9391,4.3535,9.5574,0
45.237,180,-13,1500,1500,0.40,0.01,2.9391,4.3535,9.5574,0
45.254,178,-14,1500,1500,0.40,0.01,2.9391,4.3535,9.5574,0
45.272,178,-14,1500,1500,0.40,0.01,2.9391,4.3535,9.5574,0
45.290,171,-14,1500,1500,0.40,0.01,2.9391,4.3535,9.5574,0
45.308,168,-13,1500,1500,-0.31,0.10,2.9391,4.3535,9.5574,0
45.325,165,-13,1500,1500,-0.31,0.10,2.9391,4.3535,9.5574,0
45.344,161,-14,1500,1500,-0.31,0.10,2.9391,4.3535,9.5574,0
45.362,157,-14,1500,1500,-0.31,0.10,2.5119,4.4042,7.5341,0
45.379,154,-14,1500,1500,-0.31,0.10,2.5119,4.4042,7.5341,0
45.396,149,-14,1500,1500,-0.31,0.10,2.5119,4.4042,7.5341,0
45.413,145,-14,1500,1500,-0.31,0.10,2.5119,4.4042,7.5341,0
45.430,141,-14,1500,1500,-0.31,0.10,2.5119,4.4042,7.5341,0
45.448,138,-13,1500,1500,-0.31,0.10,2.5119,4.4042,7.5341,0
45.467,135,-14,1500,1500,-0.31,0.10,2.5119,4.4042,7.5341,0
45.484,131,-14,1500,1500,-0.31,0.10,2.5119,4.4042,7.5341,0
45.502,128,-14,1500,1500,-0.31,0.10,2.5119,4.4042,7.5341,0
45.519,121,-14,1500,1500,-0.31,0.10,2.5119,4.4042,7.5341,0
45.536,121,-14,1500,1500,-0.31,0.10,2.5119,4.4042,7.5341,0
45.554,114,-13,1500,1500,-0.34,0.46,2.5119,4.4042,7.5341,0
45.571,114,-13,1500,1500,-0.34,0.46,2.5119,4.4042,7.5341,0
45.588,106,-13,1500,1500,-0.34,0.46,2.5119,4.4042,7.5341,0
45.607,106,-13,1500,1500,-0.34,0.46,2.5119,4.4042,7.5341,0
45.628,98,-13,1500,1500,-0.34,0.46,2.5393,3.6136,6.6478,0
45.646,0,0,1500,1500,-0.34,0.46,2.5393,3.6136,6.6478,0
45.663,0,0,1500,1500,-0.34,0.46,2.5393,3.6136,6.6478,0
45.680,0,0,1500,1500,-0.34,0.46,2.5393,3.6136,6.6478,0
45.698,0,0,1500,1500,-0.34,0.46,2.5393,3.6136,6.6478,0
45.716,0,0,1500,1500,-0.34,0.46,2.5393,3.6136,6.6478,0
45.734,0,0,1500,1500,-0.34,0.46,2.5393,3.6136,6.6478,0
45.752,0,0,1500,1500,-0.34,0.46,2.5393,3.6136,6.6478,0
45.770,0,0,1500,1500,-0.34,0.46,2.5393,3.6136,6.6478,0
45.789,0,0,1500,1500,-0.34,0.46,2.5393,3.6136,6.6478,0
45.809,0,0,1500,1500,-0.76,0.50,2.5393,3.6136,6.6478,0
45.827,0,0,1500,1500,-0.76,0.50,2.5393,3.6136,6.6478,0
45.847,0,0,1500,1500,-0.76,0.50,2.5393,3.6136,6.6478,0
45.865,0,0,1500,1500,-0.76,0.50,2.6301,3.3475,6.6114,0
45.882,0,0,1500,1500,-0.76,0.50,2.6301,3.3475,6.6114,0
45.900,0,0,1500,1500,-0.76,0.50,2.6301,3.3475,6.6114,0
45.917,0,0,1500,1500,-0.76,0.50,2.6301,3.3475,6.6114,0
45.934,0,0,1500,1500,-0.76,0.50,2.6301,3.3475,6.6114,0
45.952,0,0,1500,1500,-0.76,0.50,2.6301,3.3475,6.6114,0
45.970,0,0,1500,1500,-0.76,0.50,2.6301,3.3475,6.6114,0
45.987,0,0,1500,1500,-0.76,0.50,2.6301,3.3475,6.6114,0
46.004,0,0,1500,1500,-0.76,0.50,2.6301,3.3475,6.6114,0
46.021,0,0,1500,1500,-0.76,0.50,2.6301,3.3475,6.6114,0
46.039,0,0,1500,1500,-0.76,0.50,2.6301,3.3475,6.6114,0
46.057,-15,-13,1500,1500,-1.46,0.75,2.6301,3.3475,6.6114,1
46.079,-19,-13,1500,1500,-1.46,0.75,2.6301,3.3475,6.6114,1
46.096,-23,-12,1500,1500,-1.46,0.75,2.6301,3.3475,6.6114,1
46.115,-26,-12,1500,1500,-1.46,0.75,2.8371,2.9216,6.8914,1
46.133,-29,-12,1500,1500,-1.46,0.75,2.8371,2.9216,6.8914,1
46.150,-33,-12,1500,1500,-1.46,0.75,2.8371,2.9216,6.8914,1
46.167,-36,-12,1500,1500,-1.46,0.75,2.8371,2.9216,6.8914,1
46.184,-39,-12,1500,1500,-1.46,0.75,2.8371,2.9216,6.8914,1
46.201,-42,-12,1500,1500,-1.46,0.75,2.8371,2.9216,6.8914,1
46.219,-44,-12,1500,1500,-1.46,0.75,2.8371,2.9216,6.8914,1
46.237,-46,-12,1500,1500,-1.46,0.75,2.8371,2.9216,6.8914,1
46.254,-50,-12,1500,1500,-1.46,0.75,2.8371,2.9216,6.8914,1
46.273,-51,-12,1500,1500,-1.46,0.75,2.8371,2.9216,6.8914,1
46.292,-52,-12,1500,1500,-1.46,0.75,2.8371,2.9216,6.8914,1
46.310,-53,-12,1500,1500,-2.17,0.50,2.8371,2.9216,6.8914,1
46.328,-54,-12,1500,1500,-2.17,0.50,2.8371,2.9216,6.8914,1
46.345,-55,-12,1500,1500,-2.17,0.50,2.8371,2.9216,6.8914,1
46.363,-56,-12,1500,1500,-2.17,0.50,2.5802,3.2687,7.1566,1
46.381,-56,-12,1500,1500,-2.17,0.50,2.5802,3.2687,7.1566,1
46.399,-57,-12,1500,1500,-2.17,0.50,2.5802,3.2687,7.1566,1
46.416,-58,-12,1500,1500,-2.17,0.50,2.5802,3.2687,7.1566,1
46.434,-59,-12,1500,1500,-2.17,0.50,2.5802,3.2687,7.1566,1
46.452,-60,-12,1500,1500,-2.17,0.50,2.5802,3.2687,7.1566,1
46.470,-60,-12,1500,1500,-2.17,0.50,2.5802,3.2687,7.1566,1
46.487,-60,-12,1500,1500,-2.17,0.50,2.5802,3.2687,7.1566,1
46.504,-60,-12,1500,1500,-2.17,0.50,2.5802,3.2687,7.1566,1
46.521,-60,-12,1500,1500,-2.17,0.50,2.5802,3.2687,7.1566,1
46.538,-59,-12,1500,1500,-2.17,0.50,2.5802,3.2687,7.1566,1
46.557,-58,-12,1500,1500,-3.00,0.58,2.5802,3.2687,7.1566,1
46.574,-57,-12,1500,1500,-3.00,0.58,2.5802,3.2687,7.1566,1
46.592,-55,-12,1500,1500,-3.00,0.58,2.5802,3.2687,7.1566,1
46.609,-54,-12,1500,1500,-3.00,0.58,2.4635,3.6266,6.5064,1
46.626,-51,-12,1500,1500,-3.00,0.58,2.4635,3.6266,6.5064,1
46.643,-49,-12,1500,1500,-3.00,0.58,2.4635,3.6266,6.5064,1
46.660,-46,-12,1500,1500,-3.00,0.58,2.4635,3.6266,6.5064,1
46.679,-43,-12,1500,1500,-3.00,0.58,2.4635,3.6266,6.5064,1
46.697,-40,-12,1500,1500,-3.00,0.58,2.4635,3.6266,6.5064,1
46.716,-37,-12,1500,1500,-3.00,0.58,2.4635,3.6266,6.5064,1
46.733,-34,-12,1500,1500,-3.00,0.58,2.4635,3.6266,6.5064,1
46.751,-31,-12,1500,1500,-3.00,0.58,2.4635,3.6266,6.5064,1
46.769,-25,-12,1500,1500,-3.00,0.58,2.4635,3.6266,6.5064,1
46.787,-22,-13,1500,1500,-3.00,0.58,2.4635,3.6266,6.5064,1
46.804,-18,-13,1500,1500,-2.28,0.66,2.4635,3.6266,6.5064,1
46.822,-18,-13,1500,1500,-2.28,0.66,2.4635,3.6266,6.5064,1
46.839,-15,-13,1500,1500,-2.28,0.66,2.4635,3.6266,6.5064,1
46.857,-9,-13,1500,1500,-2.28,0.66,2.8023,3.0195,6.3781,1
46.874,-6,-13,1500,1500,-2.28,0.66,2.8023,3.0195,6.3781,1
46.892,-3,-13,1500,1500,-2.28,0.66,2.8023,3.0195,6.3781,1
46.909,0,-13,1500,1500,-2.28,0.66,2.8023,3.0195,6.3781,1
46.927,3,-13,1500,1500,-2.28,0.66,2.8023,3.0195,6.3781,1
46.944,6,-13,1500,1500,-2.28,0.66,2.8023,3.0195,6.3781,1
46.961,8,-13,1500,1500,-2.28,0.66,2.8023,3.0195,6.3781,1
46.978,11,-13,1500,1500,-2.28,0.66,2.8023,3.0195,6.3781,1
46.995,14,-13,1500,1500,-2.28,0.66,2.8023,3.0195,6.3781,1
47.012,16,-13,1500,1500,-2.28,0.66,2.8023,3.0195,6.3781,1
47.029,18,-14,1500,1500,-2.28,0.66,2.8023,3.0195,6.3781,1
47.047,21,-14,1500,1500,-1.85,0.29,2.8023,3.0195,6.3781,1
47.064,23,-14,1500,1500,-1.85,0.29,2.8023,3.0195,6.3781,1
47.086,25,-14,1500,1500,-1.85,0.29,2.8023,3.0195,6.3781,1
47.106,30,-14,1500,1500,-1.85,0.29,2.8023,3.0195,6.3781,1
47.128,33,-14,1500,1500,-1.85,0.29,2.9080,3.0244,6.5051,1
47.146,35,-14,1500,1500,-1.85,0.29,2.9080,3.0244,6.5051,1
47.163,37,-14,1500,1500,-1.85,0.29,2.9080,3.0244,6.5051,1
47.181,40,-14,1500,1500,-1.85,0.29,2.9080,3.0244,6.5051,1
47.198,42,-14,1500,1500,-1.85,0.29,2.9080,3.0244,6.5051,1
47.216,44,-14,1500,1500,-1.85,0.29,2.9080,3.0244,6.5051,1
47.234,47,-14,1500,1500,-1.85,0.29,2.9080,3.0244,6.5051,1
47.251,50,-15,1500,1500,-1.85,0.29,2.9080,3.0244,6.5051,1
47.269,52,-15,1500,1500,-1.85,0.29,2.9080,3.0244,6.5051,1
47.288,52,-15,1500,1500,-1.85,0.29,2.9080,3.0244,6.5051,1
47.307,54,-15,1500,1500,-1.38,-0.08,2.9080,3.0244,6.5051,1
47.324,57,-15,1500,1500,-1.38,-0.08,2.9080,3.0244,6.5051,1
47.341,60,-15,1500,1500,-1.38,-0.08,2.9080,3.0244,6.5051,1
47.359,66,-15,1500,1500,-1.38,-0.08,2.5752,3.2373,5.7949,0
47.376,69,-16,1500,1500,-1.38,-0.08,2.5752,3.2373,5.7949,0
47.393,73,-16,1500,1500,-1.38,-0.08,2.5752,3.2373,5.7949,0
47.410,76,-15,1500,1500,-1.38,-0.08,2.5752,3.2373,5.7949,0
47.428,79,-16,1500,1500,-1.38,-0.08,2.5752,3.2373,5.7949,0
47.446,82,-15,1500,1500,-1.38,-0.08,2.5752,3.2373,5.7949,0
47.463,84,-16,1500,1500,-1.38,-0.08,2.5752,3.2373,5.7949,0
47.480,87,-16,1500,1500,-1.38,-0.08,2.5752,3.2373,5.7949,0
47.499,90,-16,1500,1500,-1.38,-0.08,2.5752,3.2373,5.7949,0
47.516,93,-17,1500,1500,-1.38,-0.08,2.5752,3.2373,5.7949,0
47.534,96,-16,1500,1500,-1.38,-0.08,2.5752,3.2373,5.7949,0
47.551,103,-17,1500,1500,-0.45,-0.42,2.5752,3.2373,5.7949,0
47.569,107,-17,1500,1500,-0.45,-0.42,2.5752,3.2373,5.7949,0
47.587,107,-17,1500,1500,-0.45,-0.42,2.5752,3.2373,5.7949,0
47.605,115,-17,1500,1500,-0.45,-0.42,2.5752,3.2373,5.7949,0
47.623,119,-17,1500,1500,-0.45,-0.42,2.4989,3.1735,5.9945,0
47.640,123,-17,1500,1500,-0.45,-0.42,2.4989,3.1735,5.9945,0
47.658,127,-17,1500,1500,-0.45,-0.42,2.4989,3.1735,5.9945,0
47.675,130,-17,1500,1500,-0.45,-0.42,2.4989,3.1735,5.9945,0
47.694,134,-17,1500,1500,-0.45,-0.42,2.4989,3.1735,5.9945,0
47.712,138,-17,1500,1500,-0.45,-0.42,2.4989,3.1735,5.9945,0
47.729,141,-17,1500,1500,-0.45,-0.42,2.4989,3.1735,5.9945,0
47.747,145,-17,1500,1500,-0.45,-0.42,2.4989,3.1735,5.9945,0
47.765,148,-17,1500,1500,-0.45,-0.42,2.4989,3.1735,5.9945,0
47.782,151,-17,1500,1500,-0.45,-0.42,2.4989,3.1735,5.9945,0
47.801,158,-17,1500,1500,0.04,-0.61,2.4989,3.1735,5.9945,0
47.819,161,-17,1500,1500,0.04,-0.61,2.4989,3.1735,5.9945,0
47.838,164,-17,1500,1500,0.04,-0.61,2.4989,3.1735,5.9945,0
47.856,168,-17,1500,1500,0.04,-0.61,2.7099,3.2188,6.8046,0
47.873,171,-18,1500,1500,0.04,-0.61,2.7099,3.2188,6.8046,0
47.891,174,-18,1500,1500,0.04,-0.61,2.7099,3.2188,6.8046,0
47.910,178,-17,1500,1500,0.04,-0.61,2.7099,3.2188,6.8046,0
47.927,182,-17,1500,1500,0.04,-0.61,2.7099,3.2188,6.8046,0
47.944,186,-17,1500,1500,0.04,-0.61,2.7099,3.2188,6.8046,0
47.961,189,-17,1500,1500,0.04,-0.61,2.7099,3.2188,6.8046,0
47.979,193,-18,1500,1500,0.04,-0.61,2.7099,3.2188,6.8046,0
47.996,196,-17,1500,1500,0.04,-0.61,2.7099,3.2188,6.8046,0
48.013,200,-17,1500,1500,0.04,-0.61,2.7099,3.2188,6.8046,0
48.030,202,-17,1500,1500,0.04,-0.61,2.7099,3.2188,6.8046,0
48.047,205,-17,1500,1500,0.25,-0.20,2.7099,3.2188,6.8046,0
48.068,208,-17,1500,1500,0.25,-0.20,2.7099,3.2188,6.8046,0
48.090,211,-17,1500,1500,0.25,-0.20,2.7099,3.2188,6.8046,0
48.109,214,-17,1500,1500,0.25,-0.20,2.7185,3.8409,6.5057,0
48.128,216,-17,1500,1500,0.25,-0.20,2.7185,3.8409,6.5057,0
48.145,222,-17,1500,1500,0.25,-0.20,2.7185,3.8409,6.5057,0
48.163,225,-16,1500,1500,0.25,-0.20,2.7185,3.8409,6.5057,0
48.181,228,-16,1500,1500,0.25,-0.20,2.7185,3.8409,6.5057,0
48.199,231,-16,1500,1500,0.25,-0.20,2.7185,3.8409,6.5057,0
48.217,235,-16,1500,1500,0.25,-0.20,2.7185,3.8409,6.5057,0
48.235,241,-16,1500,1500,0.25,-0.20,2.7185,3.8409,6.5057,0
48.253,244,-15,1500,1500,0.25,-0.20,2.7185,3.8409,6.5057,0
48.270,244,-15,1500,1500,0.25,-0.20,2.7185,3.8409,6.5057,0
48.288,249,-15,1500,1500,0.25,-0.20,2.7185,3.8409,6.5057,0
48.305,249,-15,1500,1500,0.65,0.56,2.7185,3.8409,6.5057,0
48.324,252,-15,1500,1500,0.65,0.56,2.7185,3.8409,6.5057,0
48.341,254,-15,1500,1500,0.65,0.56,2.7185,3.8409,6.5057,0
48.363,259,-15,1500,1500,0.65,0.56,2.8166,3.4771,6.9378,0
48.383,261,-15,1500,1500,0.65,0.56,2.8166,3.4771,6.9378,0
48.400,264,-15,1500,1500,0.65,0.56,2.8166,3.4771,6.9378,0
48.418,269,-14,1500,1500,0.65,0.56,2.8166,3.4771,6.9378,0
48.435,271,-15,1500,1500,0.65,0.56,2.8166,3.4771,6.9378,0
48.453,274,-14,1500,1500,0.65,0.56,2.8166,3.4771,6.9378,0
48.470,276,-14,1500,1500,0.65,0.56,2.8166,3.4771,6.9378,0
48.487,277,-15,1500,1500,0.65,0.56,2.8166,3.4771,6.9378,0
48.504,0,0,1500,1500,0.65,0.56,2.8166,3.4771,6.9378,0
48.522,0,0,1500,1500,0.65,0.56,2.8166,3.4771,6.9378,0
48.539,0,0,1500,1500,0.21,1.39,2.8166,3.4771,6.9378,0
48.556,0,0,1500,1500,0.21,1.39,2.8166,3.4771,6.9378,0
48.574,0,0,1500,1500,0.21,1.39,2.8166,3.4771,6.9378,0
48.591,0,0,1500,1500,0.21,1.39,2.8166,3.4771,6.9378,0
48.608,0,0,1500,1500,0.21,1.39,2.7430,3.3220,6.9287,0
48.625,0,0,1500,1500,0.21,1.39,2.7430,3.3220,6.9287,0
48.642,0,0,1500,1500,0.21,1.39,2.7430,3.3220,6.9287,0
48.660,0,0,1500,1500,0.21,1.39,2.7430,3.3220,6.9287,0
48.677,0,0,1500,1500,0.21,1.39,2.7430,3.3220,6.9287,0
48.698,0,0,1500,1500,0.21,1.39,2.7430,3.3220,6.9287,0
48.717,0,0,1500,1500,0.21,1.39,2.7430,3.3220,6.9287,0
48.736,278,-18,1500,1500,0.21,1.39,2.7430,3.3220,6.9287,0
48.753,278,-16,1500,1500,0.21,1.39,2.7430,3.3220,6.9287,0
48.770,278,-17,1500,1500,0.21,1.39,2.7430,3.3220,6.9287,0
48.787,278,-16,1500,1500,0.21,1.39,2.7430,3.3220,6.9287,0
48.805,278,-15,1500,1500,0.90,1.03,2.7430,3.3220,6.9287,0
48.822,277,-15,1500,1500,0.90,1.03,2.7430,3.3220,6.9287,0
48.840,276,-15,1500,1500,0.90,1.03,2.7430,3.3220,6.9287,0
48.858,276,-15,1500,1500,0.90,1.03,3.0144,3.1267,6.7920,0
48.875,275,-15,1500,1500,0.90,1.03,3.0144,3.1267,6.7920,0
48.896,274,-16,1500,1500,0.90,1.03,3.0144,3.1267,6.7920,0
48.915,274,-16,1500,1500,0.90,1.03,3.0144,3.1267,6.7920,0
48.932,273,-16,1500,1500,0.90,1.03,3.0144,3.1267,6.7920,0
48.950,271,-16,1500,1500,0.90,1.03,3.0144,3.1267,6.7920,0
48.968,272,-16,1500,1500,0.90,1.03,3.0144,3.1267,6.7920,0
48.985,272,-17,1500,1500,0.90,1.03,3.0144,3.1267,6.7920,0
49.002,271,-16,1500,1500,0.90,1.03,3.0144,3.1267,6.7920,0
49.019,270,-16,1500,1500,0.90,1.03,3.0144,3.1267,6.7920,0
49.037,269,-16,1500,1500,0.90,1.03,3.0144,3.1267,6.7920,0
49.055,267,-16,1500,1500,1.07,0.80,3.0144,3.1267,6.7920,0
49.073,267,-16,1500,1500,1.07,0.80,3.0144,3.1267,6.7920,0
49.090,265,-17,1500,1500,1.07,0.80,3.0144,3.1267,6.7920,0
49.107,263,-17,1500,1500,1.07,0.80,2.8035,3.3412,6.2603,0
49.125,260,-17,1500,1500,1.07,0.80,2.8035,3.3412,6.2603,0
49.142,258,-17,1500,1500,1.07,0.80,2.8035,3.3412,6.2603,0
49.161,256,-17,1500,1500,1.07,0.80,2.8035,3.3412,6.2603,0
49.178,254,-18,1500,1500,1.07,0.80,2.8035,3.3412,6.2603,0
49.196,252,-18,1500,1500,1.07,0.80,2.8035,3.3412,6.2603,0
49.213,247,-18,1500,1500,1.07,0.80,2.8035,3.3412,6.2603,0
49.233,247,-18,1500,1500,1.07,0.80,2.8035,3.3412,6.2603,0
49.250,242,-18,1500,1500,1.07,0.80,2.8035,3.3412,6.2603,0
49.268,239,-18,1500,1500,1.07,0.80,2.8035,3.3412,6.2603,0
49.287,236,-18,1500,1500,1.07,0.80,2.8035,3.3412,6.2603,0
49.306,233,-19,1500,1500,0.29,0.27,2.8035,3.3412,6.2603,0
49.328,230,-19,1500,1500,0.29,0.27,2.8035,3.3412,6.2603,0
49.349,223,-19,1500,1500,0.29,0.27,2.6998,3.2063,5.8751,0
49.370,221,-20,1500,1500,0.29,0.27,2.6998,3.2063,5.8751,0
49.387,218,-20,1500,1500,0.29,0.27,2.6998,3.2063,5.8751,0
49.404,214,-20,1500,1500,0.29,0.27,2.6998,3.2063,5.8751,0
49.421,210,-20,1500,1500,0.29,0.27,2.6998,3.2063,5.8751,0
49.438,208,-20,1500,1500,0.29,0.27,2.6998,3.2063,5.8751,0
49.456,204,-20,1500,1500,0.29,0.27,2.6998,3.2063,5.8751,0
49.473,202,-21,1500,1500,0.29,0.27,2.6998,3.2063,5.8751,0
49.490,199,-21,1500,1500,0.29,0.27,2.6998,3.2063,5.8751,0
49.508,196,-21,1500,1500,0.29,0.27,2.6998,3.2063,5.8751,0
49.526,194,-21,1500,1500,0.29,0.27,2.6998,3.2063,5.8751,0
49.544,191,-21,1500,1500,-0.42,-0.99,2.6998,3.2063,5.8751,0
49.561,188,-21,1500,1500,-0.42,-0.99,2.6998,3.2063,5.8751,0
49.579,186,-22,1500,1500,-0.42,-0.99,2.6998,3.2063,5.8751,0
49.596,183,-22,1500,1500,-0.42,-0.99,2.6998,3.2063,5.8751,0
49.613,180,-22,1500,1500,-0.42,-0.99,2.8850,3.1673,6.6618,0
49.631,176,-23,1500,1500,-0.42,-0.99,2.8850,3.1673,6.6618,0
49.650,173,-23,1500,1500,-0.42,-0.99,2.8850,3.1673,6.6618,0
49.668,167,-23,1500,1500,-0.42,-0.99,2.8850,3.1673,6.6618,0
49.686,163,-23,1500,1500,-0.42,-0.99,2.8850,3.1673,6.6618,0
49.703,161,-23,1500,1500,-0.42,-0.99,2.8850,3.1673,6.6618,0
49.721,158,-23,1500,1500,-0.42,-0.99,2.8850,3.1673,6.6618,0
49.738,155,-23,1500,1500,-0.42,-0.99,2.8850,3.1673,6.6618,0
49.755,152,-23,1500,1500,-0.42,-0.99,2.8850,3.1673,6.6618,0
49.772,0,0,1500,1500,-0.42,-0.99,2.8850,3.1673,6.6618,0
49.791,0,0,1500,1500,-0.89,-0.96,2.8850,3.1673,6.6618,0
49.808,0,0,1500,1500,-0.89,-0.96,2.8850,3.1673,6.6618,0
49.826,0,0,1500,1500,-0.89,-0.96,2.8850,3.1673,6.6618,0
49.843,0,0,1500,1500,-0.89,-0.96,2.8850,3.1673,6.6618,0
49.861,0,0,1500,1500,-0.89,-0.96,2.9481,2.6878,6.3949,0
49.879,0,0,1500,1500,-0.89,-0.96,2.9481,2.6878,6.3949,0
49.897,0,0,1500,1500,-0.89,-0.96,2.9481,2.6878,6.3949,0
49.915,0,0,1500,1500,-0.89,-0.96,2.9481,2.6878,6.3949,0
49.933,0,0,1500,1500,-0.89,-0.96,2.9481,2.6878,6.3949,0
49.951,0,0,1500,1500,-0.89,-0.96,2.9481,2.6878,6.3949,0
49.969,0,0,1500,1500,-0.89,-0.96,2.9481,2.6878,6.3949,0
49.987,0,0,1500,1500,-0.89,-0.96,2.9481,2.6878,6.3949,0
50.004,0,0,1500,1500,-0.89,-0.96,2.9481,2.6878,6.3949,0
50.023,0,0,1500,1500,-0.89,-0.96,2.9481,2.6878,6.3949,0
50.041,0,0,1500,1500,-1.85,-1.05,2.9481,2.6878,6.3949,0
50.058,0,0,1500,1500,-1.85,-1.05,2.9481,2.6878,6.3949,0
50.076,0,0,1500,1500,-1.85,-1.05,2.9481,2.6878,6.3949,0
50.094,0,0,1500,1500,-1.85,-1.05,2.9481,2.6878,6.3949,0
50.112,0,0,1500,1500,-1.85,-1.05,2.8346,3.2229,6.9884,0
50.130,0,0,1500,1500,-1.85,-1.05,2.8346,3.2229,6.9884,0
50.147,0,0,1500,1500,-1.85,-1.05,2.8346,3.2229,6.9884,0
50.164,0,0,1500,1500,-1.85,-1.05,2.8346,3.2229,6.9884,0
50.182,80,-25,1500,1500,-1.85,-1.05,2.8346,3.2229,6.9884,0
50.199,76,-26,1500,1500,-1.85,-1.05,2.8346,3.2229,6.9884,0
50.217,74,-25,1500,1500,-1.85,-1.05,2.8346,3.2229,6.9884,0
50.234,72,-25,1500,1500,-1.85,-1.05,2.8346,3.2229,6.9884,0
50.251,70,-25,1500,1500,-1.85,-1.05,2.8346,3.2229,6.9884,0
50.268,68,-25,1500,1500,-1.85,-1.05,2.8346,3.2229,6.9884,0
50.285,67,-25,1500,1500,-1.85,-1.05,2.8346,3.2229,6.9884,0
50.303,65,-25,1500,1500,-2.42,-1.38,2.8346,3.2229,6.9884,0
50.320,64,-25,1500,1500,-2.42,-1.38,2.8346,3.2229,6.9884,0
50.338,62,-25,1500,1500,-2.42,-1.38,2.8346,3.2229,6.9884,0
50.357,60,-25,1500,1500,-2.42,-1.38,2.9536,3.6220,7.6053,1
50.375,58,-25,1500,1500,-2.42,-1.38,2.9536,3.6220,7.6053,1
50.392,56,-26,1500,1500,-2.42,-1.38,2.9536,3.6220,7.6053,1
50.409,55,-25,1500,1500,-2.42,-1.38,2.9536,3.6220,7.6053,1
50.426,53,-25,1500,1500,-2.42,-1.38,2.9536,3.6220,7.6053,1
50.444,52,-25,1500,1500,-2.42,-1.38,2.9536,3.6220,7.6053,1
50.462,51,-25,1500,1500,-2.42,-1.38,2.9536,3.6220,7.6053,1
50.481,49,-25,1500,1500,-2.42,-1.38,2.9536,3.6220,7.6053,1
50.498,48,-25,1500,1500,-2.42,-1.38,2.9536,3.6220,7.6053,1
50.516,46,-25,1500,1500,-2.42,-1.38,2.9536,3.6220,7.6053,1
50.533,44,-25,1500,1500,-2.42,-1.38,2.9536,3.6220,7.6053,1
50.551,44,-25,1500,1500,-3.26,-0.94,2.9536,3.6220,7.6053,1
50.568,44,-25,1500,1500,-3.26,-0.94,2.9536,3.6220,7.6053,1
50.586,44,-25,1500,1500,-3.26,-0.94,2.9536,3.6220,7.6053,1
50.604,44,-25,1500,1500,-3.26,-0.94,3.0861,3.5433,6.9825,1
50.621,43,-25,1500,1500,-3.26,-0.94,3.0861,3.5433,6.9825,1
50.638,43,-25,1500,1500,-3.26,-0.94,3.0861,3.5433,6.9825,1
50.657,42,-25,1500,1500,-3.26,-0.94,3.0861,3.5433,6.9825,1
50.675,41,-25,1500,1500,-3.26,-0.94,3.0861,3.5433,6.9825,1
50.693,40,-25,1500,1500,-3.26,-0.94,3.0861,3.5433,6.9825,1
50.711,39,-25,1500,1500,-3.26,-0.94,3.0861,3.5433,6.9825,1
50.729,39,-25,1500,1500,-3.26,-0.94,3.0861,3.5433,6.9825,1
50.746,38,-25,1500,1500,-3.26,-0.94,3.0861,3.5433,6.9825,1
50.763,37,-25,1500,1500,-3.26,-0.94,3.0861,3.5433,6.9825,1
50.781,37,-25,1500,1500,-3.26,-0.94,3.0861,3.5433,6.9825,1
50.798,36,-25,1500,1500,-2.71,-0.74,3.0861,3.5433,6.9825,1
50.816,36,-25,1500,1500,-2.71,-0.74,3.0861,3.5433,6.9825,1
50.834,36,-25,1500,1500,-2.71,-0.74,3.0861,3.5433,6.9825,1
50.852,36,-25,1500,1500,-2.71,-0.74,2.7092,3.3631,6.9362,1
50.869,35,-25,1500,1500,-2.71,-0.74,2.7092,3.3631,6.9362,1
50.887,34,-25,1500,1500,-2.71,-0.74,2.7092,3.3631,6.9362,1
50.904,32,-25,1500,1500,-2.71,-0.74,2.7092,3.3631,6.9362,1
50.922,31,-25,1500,1500,-2.71,-0.74,2.7092,3.3631,6.9362,1
50.939,30,-25,1500,1500,-2.71,-0.74,2.7092,3.3631,6.9362,1
50.957,28,-25,1500,1500,-2.71,-0.74,2.7092,3.3631,6.9362,1
50.977,27,-25,1500,1500,-2.71,-0.74,2.7092,3.3631,6.9362,1
50.995,25,-25,1500,1500,-2.71,-0.74,2.7092,3.3631,6.9362,1
51.013,23,-25,1500,1500,-2.71,-0.74,2.7092,3.3631,6.9362,1
51.031,22,-25,1500,1500,-2.71,-0.74,2.7092,3.3631,6.9362,1
51.049,20,-24,1500,1500,-1.73,-0.75,2.7092,3.3631,6.9362,1
51.067,20,-24,1500,1500,-1.73,-0.75,2.7092,3.3631,6.9362,1
51.084,20,-24,1500,1500,-1.73,-0.75,2.7092,3.3631,6.9362,1
51.103,20,-24,1500,1500,-1.73,-0.75,2.7786,3.5118,6.5097,1
51.120,21,-25,1500,1500,-1.73,-0.75,2.7786,3.5118,6.5097,1
51.137,22,-25,1500,1500,-1.73,-0.75,2.7786,3.5118,6.5097,1
51.155,23,-24,1500,1500,-1.73,-0.75,2.7786,3.5118,6.5097,1
51.173,25,-25,1500,1500,-1.73,-0.75,2.7786,3.5118,6.5097,1
51.190,26,-24,1500,1500,-1.73,-0.75,2.7786,3.5118,6.5097,1
51.208,27,-25,1500,1500,-1.73,-0.75,2.7786,3.5118,6.5097,1
51.225,29,-25,1500,1500,-1.73,-0.75,2.7786,3.5118,6.5097,1
51.242,30,-25,1500,1500,-1.73,-0.75,2.7786,3.5118,6.5097,1
51.259,31,-25,1500,1500,-1.73,-0.75,2.7786,3.5118,6.5097,1
51.277,33,-25,1500,1500,-1.73,-0.75,2.7786,3.5118,6.5097,1
51.295,34,-25,1500,1500,-1.91,-0.35,2.7786,3.5118,6.5097,1
51.313,35,-25,1500,1500,-1.91,-0.35,2.7786,3.5118,6.5097,1
51.333,36,-25,1500,1500,-1.91,-0.35,2.7786,3.5118,6.5097,1
51.352,37,-24,1500,1500,-1.91,-0.35,2.7767,3.3077,5.7589,1
51.371,38,-25,1500,1500,-1.91,-0.35,2.7767,3.3077,5.7589,1
51.389,40,-25,1500,1500,-1.91,-0.35,2.7767,3.3077,5.7589,1
51.406,42,-25,1500,1500,-1.91,-0.35,2.7767,3.3077,5.7589,1
51.423,43,-25,1500,1500,-1.91,-0.35,2.7767,3.3077,5.7589,1
51.440,45,-25,1500,1500,-1.91,-0.35,2.7767,3.3077,5.7589,1
51.457,47,-25,1500,1500,-1.91,-0.35,2.7767,3.3077,5.7589,1
51.475,49,-25,1500,1500,-1.91,-0.35,2.7767,3.3077,5.7589,1
51.493,51,-25,1500,1500,-1.91,-0.35,2.7767,3.3077,5.7589,1
51.511,52,-24,1500,1500,-1.91,-0.35,2.7767,3.3077,5.7589,1
51.528,54,-25,1500,1500,-1.91,-0.35,2.7767,3.3077,5.7589,1
51.547,56,-25,1500,1500,-1.49,-0.21,2.7767,3.3077,5.7589,1
51.564,57,-25,1500,1500,-1.49,-0.21,2.7767,3.3077,5.7589,1
51.581,59,-25,1500,1500,-1.49,-0.21,2.7767,3.3077,5.7589,1
51.599,61,-24,1500,1500,-1.49,-0.21,2.7388,3.2006,5.4827,0
51.619,62,-25,1500,1500,-1.49,-0.21,2.7388,3.2006,5.4827,0
51.637,66,-24,1500,1500,-1.49,-0.21,2.7388,3.2006,5.4827,0
51.655,68,-24,1500,1500,-1.49,-0.21,2.7388,3.2006,5.4827,0
51.672,69,-25,1500,1500,-1.49,-0.21,2.7388,3.2006,5.4827,0
51.689,70,-24,1500,1500,-1.49,-0.21,2.7388,3.2006,5.4827,0
51.707,72,-24,1500,1500,-1.49,-0.21,2.7388,3.2006,5.4827,0
51.724,73,-24,1500,1500,-1.49,-0.21,2.7388,3.2006,5.4827,0
51.742,73,-24,1500,1500,-1.49,-0.21,2.7388,3.2006,5.4827,0
51.760,74,-24,1500,1500,-1.49,-0.21,2.7388,3.2006,5.4827,0
51.777,75,-24,1500,1500,-1.49,-0.21,2.7388,3.2006,5.4827,0
51.795,76,-24,1500,1500,-0.59,-0.51,2.7388,3.2006,5.4827,0
51.812,77,-24,1500,1500,-0.59,-0.51,2.7388,3.2006,5.4827,0
51.829,77,-24,1500,1500,-0.59,-0.51,2.7388,3.2006,5.4827,0
51.848,78,-24,1500,1500,-0.59,-0.51,2.8108,3.0797,6.5512,0
51.865,79,-24,1500,1500,-0.59,-0.51,2.8108,3.0797,6.5512,0
51.884,79,-24,1500,1500,-0.59,-0.51,2.8108,3.0797,6.5512,0
51.901,80,-24,1500,1500,-0.59,-0.51,2.8108,3.0797,6.5512,0
51.920,81,-24,1500,1500,-0.59,-0.51,2.8108,3.0797,6.5512,0
51.939,81,-24,1500,1500,-0.59,-0.51,2.8108,3.0797,6.5512,0
51.957,82,-24,1500,1500,-0.59,-0.51,2.8108,3.0797,6.5512,0
51.974,83,-24,1500,1500,-0.59,-0.51,2.8108,3.0797,6.5512,0
51.991,85,-24,1500,1500,-0.59,-0.51,2.8108,3.0797,6.5512,0
52.009,86,-24,1500,1500,-0.59,-0.51,2.8108,3.0797,6.5512,0
52.026,88,-24,1500,1500,-0.59,-0.51,2.8108,3.0797,6.5512,0
52.045,89,-24,1500,1500,-0.78,-0.39,2.8108,3.0797,6.5512,0
52.062,91,-23,1500,1500,-0.78,-0.39,2.8108,3.0797,6.5512,0
52.081,93,-24,1500,1500,-0.78,-0.39,2.8108,3.0797,6.5512,0
52.099,95,-24,1500,1500,-0.78,-0.39,2.5898,3.4650,5.9170,0
52.118,98,-24,1500,1500,-0.78,-0.39,2.5898,3.4650,5.9170,0
52.137,100,-23,1500,1500,-0.78,-0.39,2.5898,3.4650,5.9170,0
52.155,102,-23,1500,1500,-0.78,-0.39,2.5898,3.4650,5.9170,0
52.173,104,-24,1500,1500,-0.78,-0.39,2.5898,3.4650,5.9170,0
52.191,106,-24,1500,1500,-0.78,-0.39,2.5898,3.4650,5.9170,0
52.208,108,-24,1500,1500,-0.78,-0.39,2.5898,3.4650,5.9170,0
52.225,110,-24,1500,1500,-0.78,-0.39,2.5898,3.4650,5.9170,0
52.244,111,-23,1500,1500,-0.78,-0.39,2.5898,3.4650,5.9170,0
52.262,113,-24,1500,1500,-0.78,-0.39,2.5898,3.4650,5.9170,0
52.284,116,-23,1500,1500,-0.78,-0.39,2.5898,3.4650,5.9170,0
52.301,118,-23,1500,1500,-1.14,-0.01,2.5898,3.4650,5.9170,0
52.320,119,-23,1500,1500,-1.14,-0.01,2.5898,3.4650,5.9170,0
52.338,120,-23,1500,1500,-1.14,-0.01,2.5898,3.4650,5.9170,0
52.356,121,-23,1500,1500,-1.14,-0.01,2.5818,3.2331,6.5449,0
52.374,122,-23,1500,1500,-1.14,-0.01,2.5818,3.2331,6.5449,0
52.392,123,-23,1500,1500,-1.14,-0.01,2.5818,3.2331,6.5449,0
52.410,124,-23,1500,1500,-1.14,-0.01,2.5818,3.2331,6.5449,0
52.428,125,-23,1500,1500,-1.14,-0.01,2.5818,3.2331,6.5449,0
52.445,127,-23,1500,1500,-1.14,-0.01,2.5818,3.2331,6.5449,0
52.462,128,-23,1500,1500,-1.14,-0.01,2.5818,3.2331,6.5449,0
52.480,130,-23,1500,1500,-1.14,-0.01,2.5818,3.2331,6.5449,0
52.499,131,-23,1500,1500,-1.14,-0.01,2.5818,3.2331,6.5449,0
52.516,132,-23,1500,1500,-1.14,-0.01,2.5818,3.2331,6.5449,0
52.533,133,-22,1500,1500,-1.10,0.03,2.5818,3.2331,6.5449,0
52.552,135,-23,1500,1500,-1.10,0.03,2.5818,3.2331,6.5449,0
52.573,136,-23,1500,1500,-1.10,0.03,2.5818,3.2331,6.5449,0
52.590,137,-23,1500,1500,-1.10,0.03,2.5818,3.2331,6.5449,0
52.608,138,-23,1500,1500,-1.10,0.03,2.6201,3.3009,6.8370,0
52.626,139,-22,1500,1500,-1.10,0.03,2.6201,3.3009,6.8370,0
52.644,140,-22,1500,1500,-1.10,0.03,2.6201,3.3009,6.8370,0
52.661,140,-22,1500,1500,-1.10,0.03,2.6201,3.3009,6.8370,0
52.679,142,-22,1500,1500,-1.10,0.03,2.6201,3.3009,6.8370,0
52.697,143,-22,1500,1500,-1.10,0.03,2.6201,3.3009,6.8370,0
52.714,143,-23,1500,1500,-1.10,0.03,2.6201,3.3009,6.8370,0
52.731,143,-23,1500,1500,-1.10,0.03,2.6201,3.3009,6.8370,0
52.748,143,-23,1500,1500,-1.10,0.03,2.6201,3.3009,6.8370,0
52.766,145,-22,1500,1500,-1.10,0.03,2.6201,3.3009,6.8370,0
52.783,147,-23,1500,1500,-0.93,0.02,2.6201,3.3009,6.8370,0
52.803,148,-23,1500,1500,-0.93,0.02,2.6201,3.3009,6.8370,0
52.820,150,-22,1500,1500,-0.93,0.02,2.6201,3.3009,6.8370,0
52.838,151,-22,1500,1500,-0.93,0.02,2.6201,3.3009,6.8370,0
52.856,153,-22,1500,1500,-0.93,0.02,2.7329,3.2123,7.0153,0
52.873,156,-22,1500,1500,-0.93,0.02,2.7329,3.2123,7.0153,0
52.890,158,-22,1500,1500,-0.93,0.02,2.7329,3.2123,7.0153,0
52.908,160,-22,1500,1500,-0.93,0.02,2.7329,3.2123,7.0153,0
52.925,161,-22,1500,1500,-0.93,0.02,2.7329,3.2123,7.0153,0
52.945,163,-22,1500,1500,-0.93,0.02,2.7329,3.2123,7.0153,0
52.962,163,-22,1500,1500,-0.93,0.02,2.7329,3.2123,7.0153,0
52.980,165,-22,1500,1500,-0.93,0.02,2.7329,3.2123,7.0153,0
52.998,166,-22,1500,1500,-0.93,0.02,2.7329,3.2123,7.0153,0
53.016,166,-22,1500,1500,-0.93,0.02,2.7329,3.2123,7.0153,0
53.034,167,-22,1500,1500,-1.10,-0.10,2.7329,3.2123,7.0153,0
53.051,167,-22,1500,1500,-1.10,-0.10,2.7329,3.2123,7.0153,0
53.068,168,-22,1500,1500,-1.10,-0.10,2.7329,3.2123,7.0153,0
53.087,169,-22,1500,1500,-1.10,-0.10,2.7329,3.2123,7.0153,0
53.104,170,-22,1500,1500,-1.10,-0.10,2.6567,3.6376,7.7320,0
53.121,171,-22,1500,1500,-1.10,-0.10,2.6567,3.6376,7.7320,0
53.139,172,-22,1500,1500,-1.10,-0.10,2.6567,3.6376,7.7320,0
53.158,174,-23,1500,1500,-1.10,-0.10,2.6567,3.6376,7.7320,0
53.178,176,-23,1500,1500,-1.10,-0.10,2.6567,3.6376,7.7320,0
53.195,178,-24,1500,1500,-1.10,-0.10,2.6567,3.6376,7.7320,0
53.213,184,-23,1500,1500,-1.10,-0.10,2.6567,3.6376,7.7320,0
53.231,188,-22,1500,1500,-1.10,-0.10,2.6567,3.6376,7.7320,0
53.249,192,-22,1500,1500,-1.10,-0.10,2.6567,3.6376,7.7320,0
53.266,196,-22,1500,1500,-1.10,-0.10,2.6567,3.6376,7.7320,0
53.283,201,-22,1500,1500,-0.77,-0.08,2.6567,3.6376,7.7320,0
53.301,205,-24,1500,1500,-0.77,-0.08,2.6567,3.6376,7.7320,0
53.318,205,-24,1500,1500,-0.77,-0.08,2.6567,3.6376,7.7320,0
53.338,210,-23,1500,1500,-0.77,-0.08,2.6567,3.6376,7.7320,0
53.358,215,-23,1500,1500,-0.77,-0.08,2.6204,4.3031,9.4076,0
53.375,220,-22,1500,1500,-0.77,-0.08,2.6204,4.3031,9.4076,0
53.398,225,-22,1500,1500,-0.77,-0.08,2.6204,4.3031,9.4076,0
53.416,234,-22,1500,1500,-0.77,-0.08,2.6204,4.3031,9.4076,0
53.433,245,-22,1500,1500,-0.77,-0.08,2.6204,4.3031,9.4076,0
53.451,250,-22,1500,1500,-0.77,-0.08,2.6204,4.3031,9.4076,0
53.468,255,-22,1500,1500,-0.77,-0.08,2.6204,4.3031,9.4076,0
53.486,261,-21,1500,1500,-0.77,-0.08,2.6204,4.3031,9.4076,0
53.503,266,-21,1500,1500,-0.77,-0.08,2.6204,4.3031,9.4076,0
53.521,271,-21,1500,1500,-0.77,-0.08,2.6204,4.3031,9.4076,0
53.538,276,-21,1500,1500,0.62,0.57,2.6204,4.3031,9.4076,0
53.557,281,-21,1500,1500,0.62,0.57,2.6204,4.3031,9.4076,0
53.575,0,0,1500,1500,0.62,0.57,2.6204,4.3031,9.4076,0
53.592,0,0,1500,1500,0.62,0.57,2.7069,3.6159,7.0647,0
53.609,0,0,1500,1500,0.62,0.57,2.7069,3.6159,7.0647,0
53.626,0,0,1500,1500,0.62,0.57,2.7069,3.6159,7.0647,0
53.643,0,0,1500,1500,0.62,0.57,2.7069,3.6159,7.0647,0
53.661,0,0,1500,1500,0.62,0.57,2.7069,3.6159,7.0647,0
53.678,0,0,1500,1500,0.62,0.57,2.7069,3.6159,7.0647,0
53.695,0,0,1500,1500,0.62,0.57,2.7069,3.6159,7.0647,0
53.712,0,0,1500,1500,0.62,0.57,2.7069,3.6159,7.0647,0
53.731,0,0,1500,1500,0.62,0.57,2.7069,3.6159,7.0647,0
53.749,0,0,1500,1500,0.62,0.57,2.7069,3.6159,7.0647,0
53.767,0,0,1500,1500,0.62,0.57,2.7069,3.6159,7.0647,0
53.784,0,0,1500,1500,0.62,0.57,2.7069,3.6159,7.0647,0
53.801,0,0,1500,1500,1.83,0.61,2.7069,3.6159,7.0647,0
53.818,0,0,1500,1500,1.83,0.61,2.7069,3.6159,7.0647,0
53.835,0,0,1500,1500,1.83,0.61,2.7069,3.6159,7.0647,0
53.853,0,0,1500,1500,1.83,0.61,2.6881,3.4624,6.1651,0
53.870,0,0,1500,1500,1.83,0.61,2.6881,3.4624,6.1651,0
53.888,0,0,1500,1500,1.83,0.61,2.6881,3.4624,6.1651,0
53.907,0,0,1500,1500,1.83,0.61,2.6881,3.4624,6.1651,0
53.924,0,0,1500,1500,1.83,0.61,2.6881,3.4624,6.1651,0
53.942,0,0,1500,1500,1.83,0.61,2.6881,3.4624,6.1651,0
53.960,0,0,1500,1500,1.83,0.61,2.6881,3.4624,6.1651,0
53.977,0,0,1500,1500,1.83,0.61,2.6881,3.4624,6.1651,0
53.998,0,0,1500,1500,1.83,0.61,2.6881,3.4624,6.1651,0
54.016,0,0,1500,1500,1.83,0.61,2.6881,3.4624,6.1651,0
54.034,0,0,1500,1500,2.12,-0.15,2.6881,3.4624,6.1651,0
54.051,0,0,1500,1500,2.12,-0.15,2.6881,3.4624,6.1651,0
54.068,0,0,1500,1500,2.12,-0.15,2.6881,3.4624,6.1651,0
54.086,0,0,1500,1500,2.12,-0.15,2.6881,3.4624,6.1651,0
54.103,0,0,1500,1500,2.12,-0.15,2.6167,3.3757,5.9177,0
54.121,0,0,1500,1500,2.12,-0.15,2.6167,3.3757,5.9177,0
54.139,0,0,1500,1500,2.12,-0.15,2.6167,3.3757,5.9177,0
54.156,0,0,1500,1500,2.12,-0.15,2.6167,3.3757,5.9177,0
54.174,0,0,1500,1500,2.12,-0.15,2.6167,3.3757,5.9177,0
54.191,0,0,1500,1500,2.12,-0.15,2.6167,3.3757,5.9177,0
54.209,0,0,1500,1500,2.12,-0.15,2.6167,3.3757,5.9177,0
54.226,0,0,1500,1500,2.12,-0.15,2.6167,3.3757,5.9177,0
54.244,0,0,1500,1500,2.12,-0.15,2.6167,3.3757,5.9177,0
54.261,0,0,1500,1500,2.12,-0.15,2.6167,3.3757,5.9177,0
54.279,0,0,1500,1500,1.68,-0.59,2.6167,3.3757,5.9177,0
54.296,0,0,1500,1500,1.68,-0.59,2.6167,3.3757,5.9177,0
54.313,0,0,1500,1500,1.68,-0.59,2.6167,3.3757,5.9177,0
54.333,0,0,1500,1500,1.68,-0.59,2.6167,3.3757,5.9177,0
54.350,0,0,1500,1500,1.68,-0.59,2.6578,3.2083,6.5921,0
54.367,0,0,1500,1500,1.68,-0.59,2.6578,3.2083,6.5921,0
54.385,0,0,1500,1500,1.68,-0.59,2.6578,3.2083,6.5921,0
54.402,0,0,1500,1500,1.68,-0.59,2.6578,3.2083,6.5921,0
54.420,0,0,1500,1500,1.68,-0.59,2.6578,3.2083,6.5921,0
54.438,0,0,1500,1500,1.68,-0.59,2.6578,3.2083,6.5921,0
54.456,0,0,1500,1500,1.68,-0.59,2.6578,3.2083,6.5921,0
54.473,0,0,1500,1500,1.68,-0.59,2.6578,3.2083,6.5921,0
54.490,0,0,1500,1500,1.68,-0.59,2.6578,3.2083,6.5921,0
54.508,0,0,1500,1500,1.68,-0.59,2.6578,3.2083,6.5921,0
54.526,0,0,1500,1500,1.68,-0.59,2.6578,3.2083,6.5921,0
54.543,0,0,1500,1500,0.95,-0.69,2.6578,3.2083,6.5921,0
54.561,0,0,1500,1500,0.95,-0.69,2.6578,3.2083,6.5921,0
54.578,0,0,1500,1500,0.95,-0.69,2.6578,3.2083,6.5921,0
54.595,0,0,1500,1500,0.95,-0.69,2.8595,3.1096,6.2918,0
54.612,0,0,1500,1500,0.95,-0.69,2.8595,3.1096,6.2918,0
54.630,0,0,1500,1500,0.95,-0.69,2.8595,3.1096,6.2918,0
54.648,0,0,1500,1500,0.95,-0.69,2.8595,3.1096,6.2918,0
54.666,0,0,1500,1500,0.95,-0.69,2.8595,3.1096,6.2918,0
54.683,0,0,1500,1500,0.95,-0.69,2.8595,3.1096,6.2918,0
54.700,0,0,1500,1500,0.95,-0.69,2.8595,3.1096,6.2918,0
54.717,0,0,1500,1500,0.95,-0.69,2.8595,3.1096,6.2918,0
54.736,0,0,1500,1500,0.95,-0.69,2.8595,3.1096,6.2918,0
54.755,0,0,1500,1500,0.95,-0.69,2.8595,3.1096,6.2918,0
54.772,0,0,1500,1500,0.95,-0.69,2.8595,3.1096,6.2918,0
54.791,281,-22,1500,1500,0.37,-0.31,2.8595,3.1096,6.2918,0
54.808,280,-22,1500,1500,0.37,-0.31,2.8595,3.1096,6.2918,0
54.826,277,-22,1500,1500,0.37,-0.31,2.8595,3.1096,6.2918,0
54.845,275,-22,1500,1500,0.37,-0.31,2.9899,3.2526,6.7730,0
54.862,0,0,1500,1500,0.37,-0.31,2.9899,3.2526,6.7730,0
54.879,272,-22,1500,1500,0.37,-0.31,2.9899,3.2526,6.7730,0
54.897,272,-22,1500,1500,0.37,-0.31,2.9899,3.2526,6.7730,0
54.915,271,-22,1500,1500,0.37,-0.31,2.9899,3.2526,6.7730,0
54.934,267,-23,1500,1500,0.37,-0.31,2.9899,3.2526,6.7730,0
54.952,0,0,1500,1500,0.37,-0.31,2.9899,3.2526,6.7730,0
54.970,0,0,1500,1500,0.37,-0.31,2.9899,3.2526,6.7730,0
54.989,0,0,1500,1500,0.37,-0.31,2.9899,3.2526,6.7730,0
55.007,0,0,1500,1500,0.37,-0.31,2.9899,3.2526,6.7730,0
55.024,0,0,1500,1500,0.37,-0.31,2.9899,3.2526,6.7730,0
55.041,0,0,1500,1500,-0.03,-0.54,2.9899,3.2526,6.7730,0
55.060,0,0,1500,1500,-0.03,-0.54,2.9899,3.2526,6.7730,0
55.077,0,0,1500,1500,-0.03,-0.54,2.9899,3.2526,6.7730,0
55.094,0,0,1500,1500,-0.03,-0.54,2.6921,3.1985,5.7675,0
55.111,0,0,1500,1500,-0.03,-0.54,2.6921,3.1985,5.7675,0
55.129,0,0,1500,1500,-0.03,-0.54,2.6921,3.1985,5.7675,0
55.146,0,0,1500,1500,-0.03,-0.54,2.6921,3.1985,5.7675,0
55.163,0,0,1500,1500,-0.03,-0.54,2.6921,3.1985,5.7675,0
55.180,0,0,1500,1500,-0.03,-0.54,2.6921,3.1985,5.7675,0
55.197,0,0,1500,1500,-0.03,-0.54,2.6921,3.1985,5.7675,0
55.215,0,0,1500,1500,-0.03,-0.54,2.6921,3.1985,5.7675,0
55.232,0,0,1500,1500,-0.03,-0.54,2.6921,3.1985,5.7675,0
55.249,0,0,1500,1500,-0.03,-0.54,2.6921,3.1985,5.7675,0
55.267,0,0,1500,1500,-0.03,-0.54,2.6921,3.1985,5.7675,0
55.284,0,0,1500,1500,0.03,-0.66,2.6921,3.1985,5.7675,0
55.302,0,0,1500,1500,0.03,-0.66,2.6921,3.1985,5.7675,0
55.319,0,0,1500,1500,0.03,-0.66,2.6921,3.1985,5.7675,0
55.337,0,0,1500,1500,0.03,-0.66,2.6921,3.1985,5.7675,0
55.355,0,0,1500,1500,0.03,-0.66,2.9982,3.0300,6.2195,0
55.372,0,0,1500,1500,0.03,-0.66,2.9982,3.0300,6.2195,0
55.390,0,0,1500,1500,0.03,-0.66,2.9982,3.0300,6.2195,0
55.407,0,0,1500,1500,0.03,-0.66,2.9982,3.0300,6.2195,0
55.425,0,0,1500,1500,0.03,-0.66,2.9982,3.0300,6.2195,0
55.442,0,0,1500,1500,0.03,-0.66,2.9982,3.0300,6.2195,0
55.460,0,0,1500,1500,0.03,-0.66,2.9982,3.0300,6.2195,0
55.479,0,0,1500,1500,0.03,-0.66,2.9982,3.0300,6.2195,0
55.497,0,0,1500,1500,0.03,-0.66,2.9982,3.0300,6.2195,0
55.514,0,0,1500,1500,0.03,-0.66,2.9982,3.0300,6.2195,0
55.531,0,0,1500,1500,-0.79,-0.71,2.9982,3.0300,6.2195,0
55.548,0,0,1500,1500,-0.79,-0.71,2.9982,3.0300,6.2195,0
55.565,0,0,1500,1500,-0.79,-0.71,2.9982,3.0300,6.2195,0
55.582,0,0,1500,1500,-0.79,-0.71,2.5178,3.0769,6.1343,0
55.600,0,0,1500,1500,-0.79,-0.71,2.5178,3.0769,6.1343,0
55.617,0,0,1500,1500,-0.79,-0.71,2.5178,3.0769,6.1343,0
55.634,0,0,1500,1500,-0.79,-0.71,2.5178,3.0769,6.1343,0
55.652,0,0,1500,1500,-0.79,-0.71,2.5178,3.0769,6.1343,0
55.671,0,0,1500,1500,-0.79,-0.71,2.5178,3.0769,6.1343,0
55.689,0,0,1500,1500,-0.79,-0.71,2.5178,3.0769,6.1343,0
55.707,0,0,1500,1500,-0.79,-0.71,2.5178,3.0769,6.1343,0
55.725,0,0,1500,1500,-0.79,-0.71,2.5178,3.0769,6.1343,0
55.743,0,0,1500,1500,-0.79,-0.71,2.5178,3.0769,6.1343,0
55.761,0,0,1500,1500,-0.79,-0.71,2.5178,3.0769,6.1343,0
55.779,0,0,1500,1500,-1.39,-1.11,2.5178,3.0769,6.1343,0
55.797,0,0,1500,1500,-1.39,-1.11,2.5178,3.0769,6.1343,0
55.815,0,0,1500,1500,-1.39,-1.11,2.5178,3.0769,6.1343,0
55.832,0,0,1500,1500,-1.39,-1.11,2.5178,3.0769,6.1343,0
55.850,0,0,1500,1500,-1.39,-1.11,2.5178,3.0769,6.1343,0
55.868,0,0,1500,1500,-1.39,-1.11,2.5178,3.0769,6.1343,0
55.886,0,0,1500,1500,-1.39,-1.11,2.5178,3.0769,6.1343,0
55.904,0,0,1500,1500,-1.39,-1.11,2.5178,3.0769,6.1343,0
55.923,0,0,1500,1500,-1.39,-1.11,2.5178,3.0769,6.1343,0
55.941,0,0,1500,1500,-1.39,-1.11,2.5178,3.0769,6.1343,0
55.959,0,0,1500,1500,-1.39,-1.11,2.5178,3.0769,6.1343,0
55.976,0,0,1500,1500,-1.39,-1.11,2.5178,3.0769,6.1343,0
55.994,0,0,1500,1500,-1.39,-1.11,2.5178,3.0769,6.1343,0
56.011,0,0,1500,1500,-1.39,-1.11,2.5178,3.0769,6.1343,0
56.029,0,0,1500,1500,-1.39,-1.11,2.5178,3.0769,6.1343,0
56.046,0,0,1500,1500,-1.39,-1.11,2.5178,3.0769,6.1343,0
56.063,0,0,1500,1500,-1.39,-1.11,2.5178,3.0769,6.1343,0
56.081,0,0,1500,1500,-1.39,-1.11,2.6952,2.9390,5.8834,0
56.099,0,0,1500,1500,-1.52,-0.87,2.6952,2.9390,5.8834,0
56.116,0,0,1500,1500,-1.52,-0.87,2.6952,2.9390,5.8834,0
56.134,0,0,1500,1500,-1.52,-0.87,2.6952,2.9390,5.8834,0
56.151,0,0,1500,1500,-1.52,-0.87,2.6952,2.9390,5.8834,0
56.168,0,0,1500,1500,-1.52,-0.87,2.6952,2.9390,5.8834,0
56.186,0,0,1500,1500,-1.52,-0.87,2.6952,2.9390,5.8834,0
56.205,0,0,1500,1500,-1.52,-0.87,2.6952,2.9390,5.8834,0
56.222,0,0,1500,1500,-1.52,-0.87,2.6952,2.9390,5.8834,0
56.240,0,0,1500,1500,-1.52,-0.87,2.6952,2.9390,5.8834,0
56.257,0,0,1500,1500,-1.52,-0.87,2.6952,2.9390,5.8834,0
56.274,0,0,1500,1500,-2.17,-0.47,2.6952,2.9390,5.8834,0
56.292,0,0,1500,1500,-2.17,-0.47,2.6952,2.9390,5.8834,0
56.310,0,0,1500,1500,-2.17,-0.47,2.6952,2.9390,5.8834,0
56.330,0,0,1500,1500,-2.17,-0.47,2.6952,2.9390,5.8834,0
56.348,0,0,1500,1500,-2.17,-0.47,2.6952,2.9390,5.8834,0
56.367,0,0,1500,1500,-2.17,-0.47,2.6952,2.9390,5.8834,0
56.384,0,0,1500,1500,-2.17,-0.47,2.6952,2.9390,5.8834,0
56.401,0,0,1500,1500,-2.17,-0.47,2.6952,2.9390,5.8834,0
56.419,0,0,1500,1500,-2.17,-0.47,2.6952,2.9390,5.8834,0
56.436,0,0,1500,1500,-2.17,-0.47,2.6952,2.9390,5.8834,0
56.453,0,0,1500,1500,-2.17,-0.47,2.6952,2.9390,5.8834,0
56.471,0,0,1500,1500,-2.17,-0.47,2.6952,2.9390,5.8834,0
56.490,0,0,1500,1500,-2.17,-0.47,2.6952,2.9390,5.8834,0
56.507,0,0,1500,1500,-2.17,-0.47,2.6952,2.9390,5.8834,0
56.525,0,0,1500,1500,-2.17,-0.47,2.6952,2.9390,5.8834,0
56.542,0,0,1500,1500,-2.17,-0.47,2.6952,2.9390,5.8834,0
56.561,0,0,1500,1500,-2.17,-0.47,2.6952,2.9390,5.8834,0
56.578,0,0,1500,1500,-2.17,-0.47,2.5175,3.1003,6.0018,0
56.597,0,0,1500,1500,-2.72,-0.76,2.5175,3.1003,6.0018,0
56.616,0,0,1500,1500,-2.72,-0.76,2.5175,3.1003,6.0018,0
56.633,0,0,1500,1500,-2.72,-0.76,2.5175,3.1003,6.0018,0
56.651,0,0,1500,1500,-2.72,-0.76,2.5175,3.1003,6.0018,0
56.668,0,0,1500,1500,-2.72,-0.76,2.5175,3.1003,6.0018,0
56.686,0,0,1500,1500,-2.72,-0.76,2.5175,3.1003,6.0018,0
56.703,0,0,1500,1500,-2.72,-0.76,2.5175,3.1003,6.0018,0
56.721,0,0,1500,1500,-2.72,-0.76,2.5175,3.1003,6.0018,0
56.739,0,0,1500,1500,-2.72,-0.76,2.5175,3.1003,6.0018,0
56.756,0,0,1500,1500,-2.72,-0.76,2.5175,3.1003,6.0018,0
56.774,0,0,1500,1500,-2.65,-0.57,2.5175,3.1003,6.0018,0
56.791,0,0,1500,1500,-2.65,-0.57,2.5175,3.1003,6.0018,0
56.808,0,0,1500,1500,-2.65,-0.57,2.5175,3.1003,6.0018,0
56.828,0,0,1500,1500,-2.65,-0.57,2.5175,3.1003,6.0018,0
56.845,0,0,1500,1500,-2.65,-0.57,2.5175,3.1003,6.0018,0
56.863,0,0,1500,1500,-2.65,-0.57,2.5175,3.1003,6.0018,0
56.881,0,0,1500,1500,-2.65,-0.57,2.5175,3.1003,6.0018,0
56.899,0,0,1500,1500,-2.65,-0.57,2.5175,3.1003,6.0018,0
56.917,0,0,1500,1500,-2.65,-0.57,2.5175,3.1003,6.0018,0
56.935,0,0,1500,1500,-2.65,-0.57,2.5175,3.1003,6.0018,0
56.953,0,0,1500,1500,-2.65,-0.57,2.5175,3.1003,6.0018,0
56.970,0,0,1500,1500,-2.65,-0.57,2.5175,3.1003,6.0018,0
56.987,0,0,1500,1500,-2.65,-0.57,2.5175,3.1003,6.0018,0
57.005,0,0,1500,1500,-2.65,-0.57,2.5175,3.1003,6.0018,0
57.023,0,0,1500,1500,-2.65,-0.57,2.5175,3.1003,6.0018,0
57.040,0,0,1500,1500,-2.65,-0.57,2.5175,3.1003,6.0018,0
57.058,0,0,1500,1500,-2.65,-0.57,2.5175,3.1003,6.0018,0
57.075,-139,-14,1500,1500,-2.65,-0.57,2.8532,2.8080,6.1784,0
57.092,-139,-13,1500,1500,-1.68,-0.17,2.8532,2.8080,6.1784,0
57.110,-139,-13,1500,1500,-1.68,-0.17,2.8532,2.8080,6.1784,0
57.127,-138,-13,1500,1500,-1.68,-0.17,2.8532,2.8080,6.1784,0
57.144,-138,-12,1500,1500,-1.68,-0.17,2.8532,2.8080,6.1784,0
57.161,-137,-12,1500,1500,-1.68,-0.17,2.8532,2.8080,6.1784,0
57.179,-136,-12,1500,1500,-1.68,-0.17,2.8532,2.8080,6.1784,0
57.196,-135,-12,1500,1500,-1.68,-0.17,2.8532,2.8080,6.1784,0
57.214,-133,-12,1500,1500,-1.68,-0.17,2.8532,2.8080,6.1784,0
57.231,-132,-11,1500,1500,-1.68,-0.17,2.8532,2.8080,6.1784,0
57.251,-131,-11,1500,1500,-1.68,-0.17,2.8532,2.8080,6.1784,0
57.269,-129,-11,1500,1500,-1.68,-0.17,2.8532,2.8080,6.1784,0
57.287,-127,-11,1500,1500,-1.61,0.25,2.8532,2.8080,6.1784,0
57.305,-126,-10,1500,1500,-1.61,0.25,2.8532,2.8080,6.1784,0
57.322,-124,-10,1500,1500,-1.61,0.25,2.8532,2.8080,6.1784,0
57.339,-122,-10,1500,1500,-1.61,0.25,2.8532,2.8080,6.1784,0
57.357,-118,-9,1500,1500,-1.61,0.25,2.8532,2.8080,6.1784,0
57.375,-116,-9,1500,1500,-1.61,0.25,2.8532,2.8080,6.1784,0
57.392,-114,-9,1500,1500,-1.61,0.25,2.8532,2.8080,6.1784,0
57.410,-112,-9,1500,1500,-1.61,0.25,2.8532,2.8080,6.1784,0
57.427,-111,-8,1500,1500,-1.61,0.25,2.8532,2.8080,6.1784,0
57.444,-109,-8,1500,1500,-1.61,0.25,2.8532,2.8080,6.1784,0
57.461,-108,-8,1500,1500,-1.61,0.25,2.8532,2.8080,6.1784,0
57.478,-106,-8,1500,1500,-1.61,0.25,2.8532,2.8080,6.1784,0
57.495,-105,-7,1500,1500,-1.61,0.25,2.8532,2.8080,6.1784,0
57.512,-103,-7,1500,1500,-1.61,0.25,2.8532,2.8080,6.1784,0
57.531,-101,-6,1500,1500,-1.61,0.25,2.8532,2.8080,6.1784,0
57.550,-99,-6,1500,1500,-1.61,0.25,2.8532,2.8080,6.1784,0
57.567,-97,-6,1500,1500,-1.61,0.25,2.8532,2.8080,6.1784,0
57.587,-95,-6,1500,1500,-1.41,0.59,2.4964,3.2760,6.0235,0
57.606,-93,-5,1500,1500,-1.41,0.59,2.4964,3.2760,6.0235,0
57.623,-90,-5,1500,1500,-1.41,0.59,2.4964,3.2760,6.0235,0
57.643,-86,-5,1500,1500,-1.41,0.59,2.4964,3.2760,6.0235,0
57.661,-84,-4,1500,1500,-1.41,0.59,2.4964,3.2760,6.0235,0
57.678,-82,-4,1500,1500,-1.41,0.59,2.4964,3.2760,6.0235,0
57.696,-80,-3,1500,1500,-1.41,0.59,2.4964,3.2760,6.0235,0
57.713,-79,-3,1500,1500,-1.41,0.59,2.4964,3.2760,6.0235,0
57.730,-77,-3,1500,1500,-1.41,0.59,2.4964,3.2760,6.0235,0
57.747,-76,-3,1500,1500,-1.41,0.59,2.4964,3.2760,6.0235,0
57.765,-74,-3,1500,1500,-1.41,0.59,2.4964,3.2760,6.0235,0
57.782,-73,-2,1500,1500,-0.80,1.04,2.4964,3.2760,6.0235,0
57.800,-71,-2,1500,1500,-0.80,1.04,2.4964,3.2760,6.0235,0
57.817,-69,-2,1500,1500,-0.80,1.04,2.4964,3.2760,6.0235,0
57.835,-67,-2,1500,1500,-0.80,1.04,2.4964,3.2760,6.0235,0
57.853,-65,-2,1500,1500,-0.80,1.04,2.4964,3.2760,6.0235,0
57.870,-61,-1,1500,1500,-0.80,1.04,2.4964,3.2760,6.0235,0
57.888,-59,-1,1500,1500,-0.80,1.04,2.4964,3.2760,6.0235,1
57.905,-57,-1,1500,1500,-0.80,1.04,2.4964,3.2760,6.0235,1
57.923,-57,-1,1500,1500,-0.80,1.04,2.4964,3.2760,6.0235,1
57.940,-52,-1,1500,1500,-0.80,1.04,2.4964,3.2760,6.0235,1
57.957,-50,-1,1500,1500,-0.80,1.04,2.4964,3.2760,6.0235,1
57.975,-47,0,1500,1500,-0.80,1.04,2.4964,3.2760,6.0235,1
57.995,-44,0,1500,1500,-0.80,1.04,2.4964,3.2760,6.0235,1
58.012,-41,0,1500,1500,-0.80,1.04,2.4964,3.2760,6.0235,1
58.030,-38,0,1500,1500,-0.80,1.04,2.4964,3.2760,6.0235,1
58.048,-36,0,1500,1500,-0.80,1.04,2.4964,3.2760,6.0235,1
58.065,-33,0,1500,1500,-0.80,1.04,2.4964,3.2760,6.0235,1
58.083,-30,0,1500,1500,-0.80,1.04,2.7380,3.3399,6.4237,1
58.100,-27,0,1500,1500,-0.60,1.16,2.7380,3.3399,6.4237,1
58.117,-24,1,1500,1500,-0.60,1.16,2.7380,3.3399,6.4237,1
58.135,-20,1,1500,1500,-0.60,1.16,2.7380,3.3399,6.4237,1
58.153,-18,1,1500,1500,-0.60,1.16,2.7380,3.3399,6.4237,1
58.171,-15,1,1500,1500,-0.60,1.16,2.7380,3.3399,6.4237,1
58.190,-15,1,1500,1500,-0.60,1.16,2.7380,3.3399,6.4237,1
58.207,-13,2,1500,1500,-0.60,1.16,2.7380,3.3399,6.4237,1
58.226,-10,2,1500,1500,-0.60,1.16,2.7380,3.3399,6.4237,1
58.243,-7,2,1500,1500,-0.60,1.16,2.7380,3.3399,6.4237,1
58.260,-5,2,1500,1500,-0.60,1.16,2.7380,3.3399,6.4237,1
58.278,-2,2,1500,1500,-0.92,1.66,2.7380,3.3399,6.4237,1
58.295,-1,2,1500,1500,-0.92,1.66,2.7380,3.3399,6.4237,1
58.312,0,2,1500,1500,-0.92,1.66,2.7380,3.3399,6.4237,1
58.329,1,3,1500,1500,-0.92,1.66,2.7380,3.3399,6.4237,1
58.346,1,3,1500,1500,-0.92,1.66,2.7380,3.3399,6.4237,1
58.364,2,3,1500,1500,-0.92,1.66,2.7380,3.3399,6.4237,1
58.385,3,3,1500,1500,-0.92,1.66,2.7380,3.3399,6.4237,1
58.404,4,4,1500,1500,-0.92,1.66,2.7380,3.3399,6.4237,1
58.421,5,3,1500,1500,-0.92,1.66,2.7380,3.3399,6.4237,1
58.439,6,4,1500,1500,-0.92,1.66,2.7380,3.3399,6.4237,1
58.457,6,4,1500,1500,-0.92,1.66,2.7380,3.3399,6.4237,1
58.475,6,4,1500,1500,-0.92,1.66,2.7380,3.3399,6.4237,1
58.492,7,4,1500,1500,-0.92,1.66,2.7380,3.3399,6.4237,1
58.509,8,4,1500,1500,-0.92,1.66,2.7380,3.3399,6.4237,1
58.526,9,4,1500,1500,-1.05,1.98,2.7380,3.3399,6.4237,1
58.544,10,3,1500,1500,-1.05,1.98,2.7380,3.3399,6.4237,1
58.561,12,4,1500,1500,-1.05,1.98,2.7380,3.3399,6.4237,1
58.579,14,3,1500,1500,-1.05,1.98,2.7380,3.3399,6.4237,1
58.597,16,4,1500,1500,-1.05,1.98,2.7093,3.2352,5.9465,1
58.614,18,4,1500,1500,-1.05,1.98,2.7093,3.2352,5.9465,1
58.631,19,4,1500,1500,-1.05,1.98,2.7093,3.2352,5.9465,1
58.648,21,3,1500,1500,-1.05,1.98,2.7093,3.2352,5.9465,1
58.665,23,4,1500,1500,-1.05,1.98,2.7093,3.2352,5.9465,1
58.683,25,3,1500,1500,-1.05,1.98,2.7093,3.2352,5.9465,1
58.700,27,3,1500,1500,-1.05,1.98,2.7093,3.2352,5.9465,1
58.718,29,4,1500,1500,-1.05,1.98,2.7093,3.2352,5.9465,1
58.735,31,3,1500,1500,-1.05,1.98,2.7093,3.2352,5.9465,1
58.754,34,3,1500,1500,-1.05,1.98,2.7093,3.2352,5.9465,1
58.771,34,3,1500,1500,-0.79,1.96,2.7093,3.2352,5.9465,1
58.789,38,3,1500,1500,-0.79,1.96,2.7093,3.2352,5.9465,1
58.807,39,2,1500,1500,-0.79,1.96,2.7093,3.2352,5.9465,1
58.825,41,2,1500,1500,-0.79,1.96,2.7093,3.2352,5.9465,1
58.843,41,2,1500,1500,-0.79,1.96,2.7185,3.0698,6.4003,1
58.861,45,2,1500,1500,-0.79,1.96,2.7185,3.0698,6.4003,1
58.879,46,1,1500,1500,-0.79,1.96,2.7185,3.0698,6.4003,1
58.897,48,1,1500,1500,-0.79,1.96,2.7185,3.0698,6.4003,1
58.915,49,1,1500,1500,-0.79,1.96,2.7185,3.0698,6.4003,1
58.932,50,0,1500,1500,-0.79,1.96,2.7185,3.0698,6.4003,1
58.950,51,0,1500,1500,-0.79,1.96,2.7185,3.0698,6.4003,1
58.967,52,0,1500,1500,-0.79,1.96,2.7185,3.0698,6.4003,1
58.985,53,-1,1500,1500,-0.79,1.96,2.7185,3.0698,6.4003,1
59.002,53,-1,1500,1500,-0.79,1.96,2.7185,3.0698,6.4003,1
59.019,53,-2,1500,1500,-0.37,1.19,2.7185,3.0698,6.4003,1
59.037,53,-2,1500,1500,-0.37,1.19,2.7185,3.0698,6.4003,1
59.054,52,-2,1500,1500,-0.37,1.19,2.7185,3.0698,6.4003,1
59.072,52,-2,1500,1500,-0.37,1.19,2.7185,3.0698,6.4003,1
59.090,52,-2,1500,1500,-0.37,1.19,2.7683,3.2469,5.8819,1
59.110,52,-3,1500,1500,-0.37,1.19,2.7683,3.2469,5.8819,1
59.128,51,-3,1500,1500,-0.37,1.19,2.7683,3.2469,5.8819,1
59.146,51,-4,1500,1500,-0.37,1.19,2.7683,3.2469,5.8819,1
59.164,50,-4,1500,1500,-0.37,1.19,2.7683,3.2469,5.8819,1
59.181,50,-4,1500,1500,-0.37,1.19,2.7683,3.2469,5.8819,1
59.198,50,-5,1500,1500,-0.37,1.19,2.7683,3.2469,5.8819,1
59.216,50,-5,1500,1500,-0.37,1.19,2.7683,3.2469,5.8819,1
59.233,50,-5,1500,1500,-0.37,1.19,2.7683,3.2469,5.8819,1
59.250,51,-6,1500,1500,-0.37,1.19,2.7683,3.2469,5.8819,1
59.268,52,-6,1500,1500,-0.37,1.19,2.7683,3.2469,5.8819,1
59.286,53,-6,1500,1500,-0.80,0.40,2.7683,3.2469,5.8819,1
59.303,54,-6,1500,1500,-0.80,0.40,2.7683,3.2469,5.8819,1
59.322,55,-7,1500,1500,-0.80,0.40,2.7683,3.2469,5.8819,1
59.339,57,-8,1500,1500,-0.80,0.40,2.6541,3.3246,5.5104,1
59.356,58,-8,1500,1500,-0.80,0.40,2.6541,3.3246,5.5104,1
59.375,59,-8,1500,1500,-0.80,0.40,2.6541,3.3246,5.5104,1
59.392,60,-8,1500,1500,-0.80,0.40,2.6541,3.3246,5.5104,1
59.410,60,-9,1500,1500,-0.80,0.40,2.6541,3.3246,5.5104,1
59.427,60,-9,1500,1500,-0.80,0.40,2.6541,3.3246,5.5104,1
59.444,60,-9,1500,1500,-0.80,0.40,2.6541,3.3246,5.5104,1
59.463,60,-9,1500,1500,-0.80,0.40,2.6541,3.3246,5.5104,1
59.480,60,-10,1500,1500,-0.80,0.40,2.6541,3.3246,5.5104,1
59.498,60,-10,1500,1500,-0.80,0.40,2.6541,3.3246,5.5104,1
59.515,60,-10,1500,1500,-0.80,0.40,2.6541,3.3246,5.5104,1
59.532,60,-11,1500,1500,-0.67,0.11,2.6541,3.3246,5.5104,1
59.550,60,-11,1500,1500,-0.67,0.11,2.6541,3.3246,5.5104,1
59.571,59,-11,1500,1500,-0.67,0.11,2.6541,3.3246,5.5104,1
59.590,59,-11,1500,1500,-0.67,0.11,2.6816,3.0423,6.0278,1
59.607,56,-12,1500,1500,-0.67,0.11,2.6816,3.0423,6.0278,1
59.624,55,-12,1500,1500,-0.67,0.11,2.6816,3.0423,6.0278,1
59.641,54,-12,1500,1500,-0.67,0.11,2.6816,3.0423,6.0278,1
59.658,53,-12,1500,1500,-0.67,0.11,2.6816,3.0423,6.0278,1
59.676,53,-13,1500,1500,-0.67,0.11,2.6816,3.0423,6.0278,1
59.693,52,-14,1500,1500,-0.67,0.11,2.6816,3.0423,6.0278,1
59.711,52,-13,1500,1500,-0.67,0.11,2.6816,3.0423,6.0278,1
59.731,51,-13,1500,1500,-0.67,0.11,2.6816,3.0423,6.0278,1
59.748,50,-14,1500,1500,-0.67,0.11,2.6816,3.0423,6.0278,1
59.767,49,-14,1500,1500,-0.92,-0.34,2.6816,3.0423,6.0278,1
59.785,48,-14,1500,1500,-0.92,-0.34,2.6816,3.0423,6.0278,1
59.803,47,-15,1500,1500,-0.92,-0.34,2.6816,3.0423,6.0278,1
59.821,46,-15,1500,1500,-0.92,-0.34,2.6816,3.0423,6.0278,1
59.838,45,-15,1500,1500,-0.92,-0.34,2.8292,3.1421,7.2002,1
59.855,42,-15,1500,1500,-0.92,-0.34,2.8292,3.1421,7.2002,1
59.873,41,-15,1500,1500,-0.92,-0.34,2.8292,3.1421,7.2002,1
59.890,41,-15,1500,1500,-0.92,-0.34,2.8292,3.1421,7.2002,1
59.907,40,-16,1500,1500,-0.92,-0.34,2.8292,3.1421,7.2002,1
59.926,38,-16,1500,1500,-0.92,-0.34,2.8292,3.1421,7.2002,1
59.945,37,-16,1500,1500,-0.92,-0.34,2.8292,3.1421,7.2002,1
59.963,36,-16,1500,1500,-0.92,-0.34,2.8292,3.1421,7.2002,1
59.982,34,-16,1500,1500,-0.92,-0.34,2.8292,3.1421,7.2002,1
60.000,33,-17,1500,1500,-0.92,-0.34,2.8292,3.1421,7.2002,1
