elapsed_s,err_x_px,err_pitch_px,target_roll_us,target_pitch_us,actual_roll_deg,actual_pitch_deg,vib_x,vib_y,vib_z,aligned
0.018,2,-30,1500,1500,-0.21,0.72,2.8104,2.8203,5.7036,1
0.036,1,-29,1500,1500,-0.21,0.72,2.8104,2.8203,5.7036,1
0.053,-1,-29,1500,1500,-0.21,0.72,2.8104,2.8203,5.7036,1
0.071,-2,-29,1500,1500,-0.21,0.72,2.8104,2.8203,5.7036,1
0.088,-3,-29,1500,1500,-0.21,0.72,2.8104,2.8203,5.7036,1
0.106,-5,-29,1500,1500,-0.73,1.68,2.8104,2.8203,5.7036,1
0.126,-6,-29,1500,1500,-0.73,1.68,2.8104,2.8203,5.7036,1
0.143,-8,-28,1500,1500,-0.73,1.68,2.8104,2.8203,5.7036,1
0.161,-10,-28,1500,1500,-0.73,1.68,2.8104,2.8203,5.7036,1
0.179,-11,-27,1500,1500,-0.73,1.68,2.7518,3.2449,5.4596,1
0.197,-13,-27,1500,1500,-0.73,1.68,2.7518,3.2449,5.4596,1
0.216,-14,-27,1500,1500,-0.73,1.68,2.7518,3.2449,5.4596,1
0.235,-16,-27,1500,1500,-0.73,1.68,2.7518,3.2449,5.4596,1
0.252,-20,-26,1500,1500,-0.73,1.68,2.7518,3.2449,5.4596,1
0.269,-22,-26,1500,1500,-0.73,1.68,2.7518,3.2449,5.4596,1
0.287,-24,-26,1500,1500,-0.73,1.68,2.7518,3.2449,5.4596,1
0.305,-26,-26,1500,1500,-0.73,1.68,2.7518,3.2449,5.4596,1
0.323,-28,-26,1500,1500,-0.73,1.68,2.7518,3.2449,5.4596,1
0.340,-31,-25,1500,1500,-0.73,1.68,2.7518,3.2449,5.4596,1
0.357,-33,-25,1500,1500,-0.73,1.68,2.7518,3.2449,5.4596,1
0.375,-33,-25,1500,1500,-0.79,1.96,2.7518,3.2449,5.4596,1
0.396,-35,-25,1500,1500,-0.79,1.96,2.7518,3.2449,5.4596,1
0.413,-38,-25,1500,1500,-0.79,1.96,2.7518,3.2449,5.4596,1
0.430,-42,-24,1500,1500,-0.79,1.96,3.1139,3.0637,8.2652,1
0.447,-44,-24,1500,1500,-0.79,1.96,3.1139,3.0637,8.2652,1
0.466,-45,-24,1500,1500,-0.79,1.96,3.1139,3.0637,8.2652,1
0.484,-48,-23,1500,1500,-0.79,1.96,3.1139,3.0637,8.2652,1
0.502,-49,-23,1500,1500,-0.79,1.96,3.1139,3.0637,8.2652,1
0.519,-50,-23,1500,1500,-0.79,1.96,3.1139,3.0637,8.2652,1
0.537,-51,-23,1500,1500,-0.79,1.96,3.1139,3.0637,8.2652,1
0.555,-52,-24,1500,1500,-0.79,1.96,3.1139,3.0637,8.2652,1
0.572,-53,-23,1500,1500,-0.79,1.96,3.1139,3.0637,8.2652,1
0.591,-54,-23,1500,1500,-0.79,1.96,3.1139,3.0637,8.2652,1
0.609,-55,-23,1500,1500,-0.41,2.05,3.1139,3.0637,8.2652,1
0.627,-55,-23,1500,1500,-0.41,2.05,3.1139,3.0637,8.2652,1
0.644,-55,-22,1500,1500,-0.41,2.05,3.1139,3.0637,8.2652,1
0.662,-55,-22,1500,1500,-0.41,2.05,3.1139,3.0637,8.2652,1
0.681,-55,-22,1500,1500,-0.41,2.05,2.9368,3.8628,7.0207,1
0.699,-55,-22,1500,1500,-0.41,2.05,2.9368,3.8628,7.0207,1
0.718,-53,-23,1500,1500,-0.41,2.05,2.9368,3.8628,7.0207,1
0.735,-52,-23,1500,1500,-0.41,2.05,2.9368,3.8628,7.0207,1
0.752,-51,-22,1500,1500,-0.41,2.05,2.9368,3.8628,7.0207,1
0.770,-49,-21,1500,1500,-0.41,2.05,2.9368,3.8628,7.0207,1
0.787,-48,-21,1500,1500,-0.41,2.05,2.9368,3.8628,7.0207,1
0.804,-47,-21,1500,1500,-0.41,2.05,2.9368,3.8628,7.0207,1
0.822,-45,-21,1500,1500,-0.41,2.05,2.9368,3.8628,7.0207,1
0.839,-44,-21,1500,1500,-0.41,2.05,2.9368,3.8628,7.0207,1
0.856,-42,-21,1500,1500,-0.53,1.94,2.9368,3.8628,7.0207,1
0.874,-41,-21,1500,1500,-0.53,1.94,2.9368,3.8628,7.0207,1
0.891,-39,-21,1500,1500,-0.53,1.94,2.9368,3.8628,7.0207,1
0.909,-37,-20,1500,1500,-0.53,1.94,2.9368,3.8628,7.0207,1
0.927,-35,-21,1500,1500,-0.53,1.94,2.6636,3.7010,5.9822,1
0.945,-33,-20,1500,1500,-0.53,1.94,2.6636,3.7010,5.9822,1
0.962,-31,-21,1500,1500,-0.53,1.94,2.6636,3.7010,5.9822,1
0.979,-29,-20,1500,1500,-0.53,1.94,2.6636,3.7010,5.9822,1
0.998,-27,-21,1500,1500,-0.53,1.94,2.6636,3.7010,5.9822,1
1.015,-24,-21,1500,1500,-0.53,1.94,2.6636,3.7010,5.9822,1
1.034,-22,-20,1500,1500,-0.53,1.94,2.6636,3.7010,5.9822,1
1.052,-17,-20,1500,1500,-0.53,1.94,2.6636,3.7010,5.9822,1
1.070,-14,-21,1500,1500,-0.53,1.94,2.6636,3.7010,5.9822,1
1.087,-11,-21,1500,1500,-0.53,1.94,2.6636,3.7010,5.9822,1
1.104,-9,-21,1500,1500,-0.43,1.64,2.6636,3.7010,5.9822,1
1.123,-6,-21,1500,1500,-0.43,1.64,2.6636,3.7010,5.9822,1
1.140,-2,-21,1500,1500,-0.43,1.64,2.6636,3.7010,5.9822,1
1.158,1,-21,1500,1500,-0.43,1.64,2.6636,3.7010,5.9822,1
1.176,4,-20,1500,1500,-0.43,1.64,3.2436,2.6976,8.0230,1
1.194,8,-20,1500,1500,-0.43,1.64,3.2436,2.6976,8.0230,1
1.211,11,-20,1500,1500,-0.43,1.64,3.2436,2.6976,8.0230,1
1.229,15,-20,1500,1500,-0.43,1.64,3.2436,2.6976,8.0230,1
1.247,19,-20,1500,1500,-0.43,1.64,3.2436,2.6976,8.0230,1
1.264,22,-20,1500,1500,-0.43,1.64,3.2436,2.6976,8.0230,1
1.282,30,-20,1500,1500,-0.43,1.64,3.2436,2.6976,8.0230,1
1.299,33,-20,1500,1500,-0.43,1.64,3.2436,2.6976,8.0230,1
1.316,37,-20,1500,1500,-0.43,1.64,3.2436,2.6976,8.0230,1
1.334,40,-20,1500,1500,-0.43,1.64,3.2436,2.6976,8.0230,1
1.353,43,-21,1500,1500,-0.53,1.50,3.2436,2.6976,8.0230,1
1.370,46,-20,1500,1500,-0.53,1.50,3.2436,2.6976,8.0230,1
1.388,48,-20,1500,1500,-0.53,1.50,3.2436,2.6976,8.0230,1
1.406,50,-20,1500,1500,-0.53,1.50,3.2436,2.6976,8.0230,1
1.425,52,-21,1500,1500,-0.53,1.50,2.5941,2.7854,5.5227,1
1.443,54,-21,1500,1500,-0.53,1.50,2.5941,2.7854,5.5227,1
1.460,56,-20,1500,1500,-0.53,1.50,2.5941,2.7854,5.5227,1
1.477,58,-20,1500,1500,-0.53,1.50,2.5941,2.7854,5.5227,1
1.495,60,-20,1500,1500,-0.53,1.50,2.5941,2.7854,5.5227,1
1.513,63,-21,1500,1500,-0.53,1.50,2.5941,2.7854,5.5227,0
1.531,63,-21,1500,1500,-0.53,1.50,2.5941,2.7854,5.5227,0
1.548,67,-21,1500,1500,-0.53,1.50,2.5941,2.7854,5.5227,0
1.566,70,-21,1500,1500,-0.53,1.50,2.5941,2.7854,5.5227,0
1.583,73,-21,1500,1500,-0.53,1.50,2.5941,2.7854,5.5227,0
1.600,75,-21,1500,1500,0.46,1.03,2.5941,2.7854,5.5227,0
1.617,75,-21,1500,1500,0.46,1.03,2.5941,2.7854,5.5227,0
1.634,78,-21,1500,1500,0.46,1.03,2.5941,2.7854,5.5227,0
1.656,80,-21,1500,1500,0.46,1.03,2.5941,2.7854,5.5227,0
1.674,82,-21,1500,1500,0.46,1.03,2.7281,2.6947,6.1643,0
1.691,84,-22,1500,1500,0.46,1.03,2.7281,2.6947,6.1643,0
1.709,87,-22,1500,1500,0.46,1.03,2.7281,2.6947,6.1643,0
1.726,88,-21,1500,1500,0.46,1.03,2.7281,2.6947,6.1643,0
1.743,89,-21,1500,1500,0.46,1.03,2.7281,2.6947,6.1643,0
1.761,89,-22,1500,1500,0.46,1.03,2.7281,2.6947,6.1643,0
1.779,90,-22,1500,1500,0.46,1.03,2.7281,2.6947,6.1643,0
1.796,90,-22,1500,1500,0.46,1.03,2.7281,2.6947,6.1643,0
1.814,90,-22,1500,1500,0.46,1.03,2.7281,2.6947,6.1643,0
1.835,91,-22,1500,1500,0.46,1.03,2.7281,2.6947,6.1643,0
1.853,90,-22,1500,1500,0.58,1.01,2.7281,2.6947,6.1643,0
1.870,90,-22,1500,1500,0.58,1.01,2.7281,2.6947,6.1643,0
1.889,89,-22,1500,1500,0.58,1.01,2.7281,2.6947,6.1643,0
1.907,88,-23,1500,1500,0.58,1.01,2.7281,2.6947,6.1643,0
1.924,86,-23,1500,1500,0.58,1.01,2.7293,2.7136,6.0124,0
1.942,84,-23,1500,1500,0.58,1.01,2.7293,2.7136,6.0124,0
1.959,82,-23,1500,1500,0.58,1.01,2.7293,2.7136,6.0124,0
1.976,80,-23,1500,1500,0.58,1.01,2.7293,2.7136,6.0124,0
1.994,78,-24,1500,1500,0.58,1.01,2.7293,2.7136,6.0124,0
2.012,75,-24,1500,1500,0.58,1.01,2.7293,2.7136,6.0124,0
2.029,72,-24,1500,1500,0.58,1.01,2.7293,2.7136,6.0124,0
2.046,70,-24,1500,1500,0.58,1.01,2.7293,2.7136,6.0124,0
2.066,68,-24,1500,1500,0.58,1.01,2.7293,2.7136,6.0124,0
2.083,64,-24,1500,1500,0.58,1.01,2.7293,2.7136,6.0124,0
2.100,63,-24,1500,1500,0.42,0.37,2.7293,2.7136,6.0124,0
2.118,62,-25,1500,1500,0.42,0.37,2.7293,2.7136,6.0124,0
2.136,62,-25,1500,1500,0.42,0.37,2.7293,2.7136,6.0124,0
2.154,62,-25,1500,1500,0.42,0.37,2.7293,2.7136,6.0124,0
2.171,62,-25,1500,1500,0.42,0.37,2.8614,2.7463,6.5132,0
2.188,61,-25,1500,1500,0.42,0.37,2.8614,2.7463,6.5132,0
2.205,61,-25,1500,1500,0.42,0.37,2.8614,2.7463,6.5132,0
2.223,60,-24,1500,1500,0.42,0.37,2.8614,2.7463,6.5132,1
2.240,59,-24,1500,1500,0.42,0.37,2.8614,2.7463,6.5132,1
2.257,58,-25,1500,1500,0.42,0.37,2.8614,2.7463,6.5132,1
2.275,56,-25,1500,1500,0.42,0.37,2.8614,2.7463,6.5132,1
2.293,55,-25,1500,1500,0.42,0.37,2.8614,2.7463,6.5132,1
2.311,53,-25,1500,1500,0.42,0.37,2.8614,2.7463,6.5132,1
2.328,51,-25,1500,1500,0.42,0.37,2.8614,2.7463,6.5132,1
2.346,49,-26,1500,1500,0.42,0.37,2.8614,2.7463,6.5132,1
2.366,46,-26,1500,1500,0.09,0.08,2.8614,2.7463,6.5132,1
2.383,44,-27,1500,1500,0.09,0.08,2.8614,2.7463,6.5132,1
2.401,43,-26,1500,1500,0.09,0.08,2.8614,2.7463,6.5132,1
2.418,40,-26,1500,1500,0.09,0.08,2.8505,3.1305,6.9171,1
2.437,40,-25,1500,1500,0.09,0.08,2.8505,3.1305,6.9171,1
2.455,39,-25,1500,1500,0.09,0.08,2.8505,3.1305,6.9171,1
2.472,38,-25,1500,1500,0.09,0.08,2.8505,3.1305,6.9171,1
2.489,38,-25,1500,1500,0.09,0.08,2.8505,3.1305,6.9171,1
2.506,38,-25,1500,1500,0.09,0.08,2.8505,3.1305,6.9171,1
2.525,37,-25,1500,1500,0.09,0.08,2.8505,3.1305,6.9171,1
2.543,37,-26,1500,1500,0.09,0.08,2.8505,3.1305,6.9171,1
2.560,36,-26,1500,1500,0.09,0.08,2.8505,3.1305,6.9171,1
2.578,35,-26,1500,1500,0.09,0.08,2.8505,3.1305,6.9171,1
2.595,34,-26,1500,1500,0.09,0.08,2.8505,3.1305,6.9171,1
2.612,33,-26,1500,1500,-0.02,0.26,2.8505,3.1305,6.9171,1
2.629,33,-27,1500,1500,-0.02,0.26,2.8505,3.1305,6.9171,1
2.647,32,-27,1500,1500,-0.02,0.26,2.8505,3.1305,6.9171,1
2.664,31,-27,1500,1500,-0.02,0.26,2.8651,2.8302,6.9759,1
2.681,30,-26,1500,1500,-0.02,0.26,2.8651,2.8302,6.9759,1
2.699,30,-25,1500,1500,-0.02,0.26,2.8651,2.8302,6.9759,1
2.717,29,-25,1500,1500,-0.02,0.26,2.8651,2.8302,6.9759,1
2.734,29,-25,1500,1500,-0.02,0.26,2.8651,2.8302,6.9759,1
2.752,29,-25,1500,1500,-0.02,0.26,2.8651,2.8302,6.9759,1
2.770,29,-25,1500,1500,-0.02,0.26,2.8651,2.8302,6.9759,1
2.788,30,-25,1500,1500,-0.02,0.26,2.8651,2.8302,6.9759,1
2.805,30,-26,1500,1500,-0.02,0.26,2.8651,2.8302,6.9759,1
2.823,31,-27,1500,1500,-0.02,0.26,2.8651,2.8302,6.9759,1
2.841,31,-26,1500,1500,-0.02,0.26,2.8651,2.8302,6.9759,1
2.859,32,-25,1500,1500,0.03,0.76,2.8651,2.8302,6.9759,1
2.877,32,-25,1500,1500,0.03,0.76,2.8651,2.8302,6.9759,1
2.894,33,-25,1500,1500,0.03,0.76,2.8651,2.8302,6.9759,1
2.911,33,-25,1500,1500,0.03,0.76,2.5721,3.2435,5.7705,1
2.929,33,-25,1500,1500,0.03,0.76,2.5721,3.2435,5.7705,1
2.946,33,-26,1500,1500,0.03,0.76,2.5721,3.2435,5.7705,1
2.965,32,-25,1500,1500,0.03,0.76,2.5721,3.2435,5.7705,1
2.982,32,-25,1500,1500,0.03,0.76,2.5721,3.2435,5.7705,1
3.000,31,-25,1500,1500,0.03,0.76,2.5721,3.2435,5.7705,1
3.016,30,-25,1500,1500,0.03,0.76,2.5721,3.2435,5.7705,1
3.034,29,-25,1500,1500,0.03,0.76,2.5721,3.2435,5.7705,1
3.052,28,-25,1500,1500,0.03,0.76,2.5721,3.2435,5.7705,1
3.069,27,-25,1500,1500,0.03,0.76,2.5721,3.2435,5.7705,1
3.087,26,-25,1500,1500,0.03,0.76,2.5721,3.2435,5.7705,1
3.105,25,-25,1500,1500,0.25,1.35,2.5721,3.2435,5.7705,1
3.122,24,-25,1500,1500,0.25,1.35,2.5721,3.2435,5.7705,1
3.140,23,-25,1500,1500,0.25,1.35,2.5721,3.2435,5.7705,1
3.158,22,-24,1500,1500,0.25,1.35,2.9376,2.7709,6.1456,1
3.176,21,-25,1500,1500,0.25,1.35,2.9376,2.7709,6.1456,1
3.193,21,-25,1500,1500,0.25,1.35,2.9376,2.7709,6.1456,1
3.210,20,-25,1500,1500,0.25,1.35,2.9376,2.7709,6.1456,1
3.227,19,-25,1500,1500,0.25,1.35,2.9376,2.7709,6.1456,1
3.244,18,-25,1500,1500,0.25,1.35,2.9376,2.7709,6.1456,1
3.261,17,-25,1500,1500,0.25,1.35,2.9376,2.7709,6.1456,1
3.278,15,-25,1500,1500,0.25,1.35,2.9376,2.7709,6.1456,1
3.296,15,-25,1500,1500,0.25,1.35,2.9376,2.7709,6.1456,1
3.314,12,-25,1500,1500,0.25,1.35,2.9376,2.7709,6.1456,1
3.331,10,-25,1500,1500,0.25,1.35,2.9376,2.7709,6.1456,1
3.349,8,-25,1500,1500,-0.35,1.94,2.9376,2.7709,6.1456,1
3.369,6,-25,1500,1500,-0.35,1.94,2.9376,2.7709,6.1456,1
3.387,6,-25,1500,1500,-0.35,1.94,2.9376,2.7709,6.1456,1
3.404,4,-25,1500,1500,-0.35,1.94,2.9376,2.7709,6.1456,1
3.422,1,-25,1500,1500,-0.35,1.94,2.6677,2.8858,5.4778,1
3.440,-2,-25,1500,1500,-0.35,1.94,2.6677,2.8858,5.4778,1
3.459,-8,-25,1500,1500,-0.35,1.94,2.6677,2.8858,5.4778,1
3.476,-12,-25,1500,1500,-0.35,1.94,2.6677,2.8858,5.4778,1
3.494,-15,-25,1500,1500,-0.35,1.94,2.6677,2.8858,5.4778,1
3.512,-20,-25,1500,1500,-0.35,1.94,2.6677,2.8858,5.4778,1
3.529,-20,-25,1500,1500,-0.35,1.94,2.6677,2.8858,5.4778,1
3.547,-25,-26,1500,1500,-0.35,1.94,2.6677,2.8858,5.4778,1
3.564,-27,-26,1500,1500,-0.35,1.94,2.6677,2.8858,5.4778,1
3.582,-29,-26,1500,1500,-0.35,1.94,2.6677,2.8858,5.4778,1
3.599,-29,-26,1500,1500,-0.45,0.92,2.6677,2.8858,5.4778,1
3.616,-34,-26,1500,1500,-0.45,0.92,2.6677,2.8858,5.4778,1
3.633,-36,-26,1500,1500,-0.45,0.92,2.6677,2.8858,5.4778,1
3.651,-38,-26,1500,1500,-0.45,0.92,2.6677,2.8858,5.4778,1
3.668,-40,-26,1500,1500,-0.45,0.92,2.6798,3.1058,6.0326,1
3.685,-42,-26,1500,1500,-0.45,0.92,2.6798,3.1058,6.0326,1
3.704,-44,-27,1500,1500,-0.45,0.92,2.6798,3.1058,6.0326,1
3.722,-46,-27,1500,1500,-0.45,0.92,2.6798,3.1058,6.0326,1
3.740,-48,-26,1500,1500,-0.45,0.92,2.6798,3.1058,6.0326,1
3.757,-50,-26,1500,1500,-0.45,0.92,2.6798,3.1058,6.0326,1
3.775,-52,-27,1500,1500,-0.45,0.92,2.6798,3.1058,6.0326,1
3.795,-54,-27,1500,1500,-0.45,0.92,2.6798,3.1058,6.0326,1
3.812,-57,-27,1500,1500,-0.45,0.92,2.6798,3.1058,6.0326,1
3.830,-59,-27,1500,1500,-0.45,0.92,2.6798,3.1058,6.0326,1
3.847,-61,-27,1500,1500,-0.54,0.88,2.6798,3.1058,6.0326,0
3.867,-61,-27,1500,1500,-0.54,0.88,2.6798,3.1058,6.0326,0
3.884,-64,-27,1500,1500,-0.54,0.88,2.6798,3.1058,6.0326,0
3.901,-65,-27,1500,1500,-0.54,0.88,2.6798,3.1058,6.0326,0
3.918,-69,-27,1500,1500,-0.54,0.88,3.2045,2.5625,7.3760,0
3.936,-71,-27,1500,1500,-0.54,0.88,3.2045,2.5625,7.3760,0
3.954,-73,-28,1500,1500,-0.54,0.88,3.2045,2.5625,7.3760,0
3.971,-75,-27,1500,1500,-0.54,0.88,3.2045,2.5625,7.3760,0
3.988,-77,-27,1500,1500,-0.54,0.88,3.2045,2.5625,7.3760,0
4.005,-78,-27,1500,1500,-0.54,0.88,3.2045,2.5625,7.3760,0
4.023,-79,-28,1500,1500,-0.54,0.88,3.2045,2.5625,7.3760,0
4.040,-80,-27,1500,1500,-0.54,0.88,3.2045,2.5625,7.3760,0
4.059,-81,-27,1500,1500,-0.54,0.88,3.2045,2.5625,7.3760,0
4.077,-82,-28,1500,1500,-0.54,0.88,3.2045,2.5625,7.3760,0
4.094,-83,-28,1500,1500,-0.54,0.88,3.2045,2.5625,7.3760,0
4.114,-83,-28,1500,1500,-0.48,0.76,3.2045,2.5625,7.3760,0
4.131,-84,-28,1500,1500,-0.48,0.76,3.2045,2.5625,7.3760,0
4.150,-84,-28,1500,1500,-0.48,0.76,3.2045,2.5625,7.3760,0
4.167,-85,-28,1500,1500,-0.48,0.76,3.1319,2.9198,7.5793,0
4.185,-85,-28,1500,1500,-0.48,0.76,3.1319,2.9198,7.5793,0
4.203,-85,-28,1500,1500,-0.48,0.76,3.1319,2.9198,7.5793,0
4.220,-86,-28,1500,1500,-0.48,0.76,3.1319,2.9198,7.5793,0
4.237,-86,-28,1500,1500,-0.48,0.76,3.1319,2.9198,7.5793,0
4.255,-86,-28,1500,1500,-0.48,0.76,3.1319,2.9198,7.5793,0
4.272,-87,-28,1500,1500,-0.48,0.76,3.1319,2.9198,7.5793,0
4.289,-87,-29,1500,1500,-0.48,0.76,3.1319,2.9198,7.5793,0
4.307,-88,-29,1500,1500,-0.48,0.76,3.1319,2.9198,7.5793,0
4.324,-88,-29,1500,1500,-0.48,0.76,3.1319,2.9198,7.5793,0
4.343,-89,-29,1500,1500,-0.48,0.76,3.1319,2.9198,7.5793,0
4.362,-90,-29,1500,1500,-0.71,0.28,3.1319,2.9198,7.5793,0
4.380,-91,-29,1500,1500,-0.71,0.28,3.1319,2.9198,7.5793,0
4.398,-92,-30,1500,1500,-0.71,0.28,3.1319,2.9198,7.5793,0
4.415,-92,-30,1500,1500,-0.71,0.28,2.9683,2.8915,6.7754,0
4.433,-94,-30,1500,1500,-0.71,0.28,2.9683,2.8915,6.7754,0
4.450,-95,-31,1500,1500,-0.71,0.28,2.9683,2.8915,6.7754,0
4.468,-96,-30,1500,1500,-0.71,0.28,2.9683,2.8915,6.7754,0
4.485,-97,-31,1500,1500,-0.71,0.28,2.9683,2.8915,6.7754,0
4.503,-98,-30,1500,1500,-0.71,0.28,2.9683,2.8915,6.7754,0
4.520,-99,-30,1500,1500,-0.71,0.28,2.9683,2.8915,6.7754,0
4.537,-100,-30,1500,1500,-0.71,0.28,2.9683,2.8915,6.7754,0
4.554,-101,-30,1500,1500,-0.71,0.28,2.9683,2.8915,6.7754,0
4.571,-102,-30,1500,1500,-0.71,0.28,2.9683,2.8915,6.7754,0
4.588,-103,-30,1500,1500,-0.71,0.28,2.9683,2.8915,6.7754,0
4.605,-104,-31,1500,1500,-1.08,-0.15,2.9683,2.8915,6.7754,0
4.622,-105,-31,1500,1500,-1.08,-0.15,2.9683,2.8915,6.7754,0
4.639,-106,-31,1500,1500,-1.08,-0.15,2.9683,2.8915,6.7754,0
4.657,-107,-32,1500,1500,-1.08,-0.15,2.4556,4.2007,4.9957,0
4.677,-108,-32,1500,1500,-1.08,-0.15,2.4556,4.2007,4.9957,0
4.696,-108,-32,1500,1500,-1.08,-0.15,2.4556,4.2007,4.9957,0
4.714,-111,-32,1500,1500,-1.08,-0.15,2.4556,4.2007,4.9957,0
4.732,-111,-33,1500,1500,-1.08,-0.15,2.4556,4.2007,4.9957,0
4.750,-111,-33,1500,1500,-1.08,-0.15,2.4556,4.2007,4.9957,0
4.767,-113,-33,1500,1500,-1.08,-0.15,2.4556,4.2007,4.9957,0
4.785,-113,-33,1500,1500,-1.08,-0.15,2.4556,4.2007,4.9957,0
4.803,-114,-33,1500,1500,-1.08,-0.15,2.4556,4.2007,4.9957,0
4.820,-115,-33,1500,1500,-1.08,-0.15,2.4556,4.2007,4.9957,0
4.838,-116,-33,1500,1500,-1.08,-0.15,2.4556,4.2007,4.9957,0
4.855,-116,-32,1500,1500,-1.15,0.17,2.4556,4.2007,4.9957,0
4.873,-116,-33,1500,1500,-1.15,0.17,2.4556,4.2007,4.9957,0
4.891,-116,-32,1500,1500,-1.15,0.17,2.4556,4.2007,4.9957,0
4.908,-117,-32,1500,1500,-1.15,0.17,2.6094,3.9599,7.0724,0
4.925,-117,-32,1500,1500,-1.15,0.17,2.6094,3.9599,7.0724,0
4.943,-117,-32,1500,1500,-1.15,0.17,2.6094,3.9599,7.0724,0
4.960,-117,-32,1500,1500,-1.15,0.17,2.6094,3.9599,7.0724,0
4.977,-117,-33,1500,1500,-1.15,0.17,2.6094,3.9599,7.0724,0
4.995,-116,-32,1500,1500,-1.15,0.17,2.6094,3.9599,7.0724,0
5.013,-115,-32,1500,1500,-1.15,0.17,2.6094,3.9599,7.0724,0
5.032,-114,-32,1500,1500,-1.15,0.17,2.6094,3.9599,7.0724,0
5.049,-113,-32,1500,1500,-1.15,0.17,2.6094,3.9599,7.0724,0
5.067,-111,-32,1500,1500,-1.15,0.17,2.6094,3.9599,7.0724,0
5.084,-110,-31,1500,1500,-1.15,0.17,2.6094,3.9599,7.0724,0
5.102,-108,-31,1500,1500,-0.83,0.60,2.6094,3.9599,7.0724,0
5.120,-107,-31,1500,1500,-0.83,0.60,2.6094,3.9599,7.0724,0
5.137,-107,-31,1500,1500,-0.83,0.60,2.6094,3.9599,7.0724,0
5.154,-106,-31,1500,1500,-0.83,0.60,2.6094,3.9599,7.0724,0
5.172,-104,-31,1500,1500,-0.83,0.60,2.4084,4.0297,5.5056,0
5.189,-104,-32,1500,1500,-0.83,0.60,2.4084,4.0297,5.5056,0
5.207,-102,-31,1500,1500,-0.83,0.60,2.4084,4.0297,5.5056,0
5.225,-101,-32,1500,1500,-0.83,0.60,2.4084,4.0297,5.5056,0
5.243,-100,-32,1500,1500,-0.83,0.60,2.4084,4.0297,5.5056,0
5.260,-99,-32,1500,1500,-0.83,0.60,2.4084,4.0297,5.5056,0
5.277,-98,-32,1500,1500,-0.83,0.60,2.4084,4.0297,5.5056,0
5.295,-96,-32,1500,1500,-0.83,0.60,2.4084,4.0297,5.5056,0
5.314,-94,-32,1500,1500,-0.83,0.60,2.4084,4.0297,5.5056,0
5.331,-91,-33,1500,1500,-0.83,0.60,2.4084,4.0297,5.5056,0
5.348,-88,-33,1500,1500,-0.79,0.89,2.4084,4.0297,5.5056,0
5.367,-86,-32,1500,1500,-0.79,0.89,2.4084,4.0297,5.5056,0
5.386,-84,-31,1500,1500,-0.79,0.89,2.4084,4.0297,5.5056,0
5.404,-81,-31,1500,1500,-0.79,0.89,2.4084,4.0297,5.5056,0
5.421,-78,-31,1500,1500,-0.79,0.89,2.9307,3.3870,8.1034,0
5.439,-76,-31,1500,1500,-0.79,0.89,2.9307,3.3870,8.1034,0
5.457,-73,-31,1500,1500,-0.79,0.89,2.9307,3.3870,8.1034,0
5.474,-70,-32,1500,1500,-0.79,0.89,2.9307,3.3870,8.1034,0
5.492,-68,-31,1500,1500,-0.79,0.89,2.9307,3.3870,8.1034,0
5.509,-65,-31,1500,1500,-0.79,0.89,2.9307,3.3870,8.1034,0
5.526,-63,-31,1500,1500,-0.79,0.89,2.9307,3.3870,8.1034,0
5.544,-60,-31,1500,1500,-0.79,0.89,2.9307,3.3870,8.1034,0
5.562,-55,-31,1500,1500,-0.79,0.89,2.9307,3.3870,8.1034,0
5.579,-53,-31,1500,1500,-0.79,0.89,2.9307,3.3870,8.1034,0
5.596,-53,-31,1500,1500,-0.41,1.03,2.9307,3.3870,8.1034,0
5.614,-50,-31,1500,1500,-0.41,1.03,2.9307,3.3870,8.1034,0
5.637,-48,-31,1500,1500,-0.41,1.03,2.9307,3.3870,8.1034,0
5.656,-45,-31,1500,1500,-0.41,1.03,2.9238,2.9158,7.5780,0
5.674,-40,-32,1500,1500,-0.41,1.03,2.9238,2.9158,7.5780,0
5.691,-37,-31,1500,1500,-0.41,1.03,2.9238,2.9158,7.5780,0
5.709,-34,-31,1500,1500,-0.41,1.03,2.9238,2.9158,7.5780,0
5.726,-31,-31,1500,1500,-0.41,1.03,2.9238,2.9158,7.5780,0
5.744,-28,-31,1500,1500,-0.41,1.03,2.9238,2.9158,7.5780,0
5.761,-25,-31,1500,1500,-0.41,1.03,2.9238,2.9158,7.5780,0
5.778,-19,-31,1500,1500,-0.41,1.03,2.9238,2.9158,7.5780,0
5.796,-16,-32,1500,1500,-0.41,1.03,2.9238,2.9158,7.5780,0
5.814,-13,-32,1500,1500,-0.41,1.03,2.9238,2.9158,7.5780,0
5.831,-10,-32,1500,1500,-0.41,1.03,2.9238,2.9158,7.5780,0
5.848,-8,-31,1500,1500,0.57,1.38,2.9238,2.9158,7.5780,0
5.867,-5,-31,1500,1500,0.57,1.38,2.9238,2.9158,7.5780,0
5.885,-3,-31,1500,1500,0.57,1.38,2.9238,2.9158,7.5780,0
5.903,-3,-31,1500,1500,0.57,1.38,2.6848,2.7514,5.7020,0
5.921,2,-32,1500,1500,0.57,1.38,2.6848,2.7514,5.7020,0
5.938,4,-31,1500,1500,0.57,1.38,2.6848,2.7514,5.7020,0
5.956,7,-31,1500,1500,0.57,1.38,2.6848,2.7514,5.7020,0
5.973,9,-32,1500,1500,0.57,1.38,2.6848,2.7514,5.7020,0
5.990,12,-32,1500,1500,0.57,1.38,2.6848,2.7514,5.7020,0
6.008,15,-31,1500,1500,0.57,1.38,2.6848,2.7514,5.7020,0
6.025,17,-31,1500,1500,0.57,1.38,2.6848,2.7514,5.7020,0
6.042,21,-32,1500,1500,0.57,1.38,2.6848,2.7514,5.7020,0
6.060,23,-32,1500,1500,0.57,1.38,2.6848,2.7514,5.7020,0
6.077,25,-31,1500,1500,0.57,1.38,2.6848,2.7514,5.7020,0
6.094,26,-32,1500,1500,1.18,0.94,2.6848,2.7514,5.7020,0
6.112,26,-32,1500,1500,1.18,0.94,2.6848,2.7514,5.7020,0
6.129,29,-32,1500,1500,1.18,0.94,2.6848,2.7514,5.7020,0
6.147,31,-32,1500,1500,1.18,0.94,2.6848,2.7514,5.7020,0
6.165,31,-32,1500,1500,1.18,0.94,2.6616,2.8657,5.5558,0
6.183,32,-32,1500,1500,1.18,0.94,2.6616,2.8657,5.5558,0
6.200,32,-32,1500,1500,1.18,0.94,2.6616,2.8657,5.5558,0
6.217,31,-33,1500,1500,1.18,0.94,2.6616,2.8657,5.5558,0
6.235,31,-32,1500,1500,1.18,0.94,2.6616,2.8657,5.5558,0
6.252,30,-32,1500,1500,1.18,0.94,2.6616,2.8657,5.5558,0
6.269,28,-33,1500,1500,1.18,0.94,2.6616,2.8657,5.5558,0
6.286,27,-33,1500,1500,1.18,0.94,2.6616,2.8657,5.5558,0
6.303,25,-33,1500,1500,1.18,0.94,2.6616,2.8657,5.5558,0
6.321,22,-34,1500,1500,1.18,0.94,2.6616,2.8657,5.5558,0
6.338,19,-34,1500,1500,1.18,0.94,2.6616,2.8657,5.5558,0
6.355,17,-33,1500,1500,1.38,0.18,2.6616,2.8657,5.5558,0
6.372,14,-33,1500,1500,1.38,0.18,2.6616,2.8657,5.5558,0
6.389,12,-34,1500,1500,1.38,0.18,2.6616,2.8657,5.5558,0
6.407,9,-34,1500,1500,1.38,0.18,2.9272,3.0760,6.3769,0
6.424,6,-33,1500,1500,1.38,0.18,2.9272,3.0760,6.3769,0
6.442,5,-33,1500,1500,1.38,0.18,2.9272,3.0760,6.3769,0
6.459,1,-34,1500,1500,1.38,0.18,2.9272,3.0760,6.3769,0
6.477,-1,-35,1500,1500,1.38,0.18,2.9272,3.0760,6.3769,0
6.497,-3,-34,1500,1500,1.38,0.18,2.9272,3.0760,6.3769,0
6.514,-5,-33,1500,1500,1.38,0.18,2.9272,3.0760,6.3769,0
6.531,-7,-33,1500,1500,1.38,0.18,2.9272,3.0760,6.3769,0
6.549,-9,-33,1500,1500,1.38,0.18,2.9272,3.0760,6.3769,0
6.566,-11,-34,1500,1500,1.38,0.18,2.9272,3.0760,6.3769,0
6.583,-13,-35,1500,1500,1.38,0.18,2.9272,3.0760,6.3769,0
6.601,-15,-34,1500,1500,0.83,-0.50,2.9272,3.0760,6.3769,0
6.620,-17,-33,1500,1500,0.83,-0.50,2.9272,3.0760,6.3769,0
6.637,-19,-33,1500,1500,0.83,-0.50,2.9272,3.0760,6.3769,0
6.655,-21,-34,1500,1500,0.83,-0.50,2.5323,3.5998,6.0027,0
6.673,-23,-35,1500,1500,0.83,-0.50,2.5323,3.5998,6.0027,0
6.690,-26,-34,1500,1500,0.83,-0.50,2.5323,3.5998,6.0027,0
6.707,-28,-34,1500,1500,0.83,-0.50,2.5323,3.5998,6.0027,0
6.724,-30,-34,1500,1500,0.83,-0.50,2.5323,3.5998,6.0027,0
6.743,-33,-34,1500,1500,0.83,-0.50,2.5323,3.5998,6.0027,0
6.762,-38,-34,1500,1500,0.83,-0.50,2.5323,3.5998,6.0027,0
6.779,-41,-33,1500,1500,0.83,-0.50,2.5323,3.5998,6.0027,0
6.796,-44,-33,1500,1500,0.83,-0.50,2.5323,3.5998,6.0027,0
6.814,-47,-33,1500,1500,0.83,-0.50,2.5323,3.5998,6.0027,0
6.831,-50,-34,1500,1500,0.83,-0.50,2.5323,3.5998,6.0027,0
6.849,-54,-34,1500,1500,-0.40,-0.05,2.5323,3.5998,6.0027,0
6.866,-57,-34,1500,1500,-0.40,-0.05,2.5323,3.5998,6.0027,0
6.883,-60,-35,1500,1500,-0.40,-0.05,2.5323,3.5998,6.0027,0
6.900,-64,-34,1500,1500,-0.40,-0.05,2.5323,3.5998,6.0027,0
6.918,-67,-34,1500,1500,-0.40,-0.05,2.7974,3.0940,6.9597,0
6.937,-71,-33,1500,1500,-0.40,-0.05,2.7974,3.0940,6.9597,0
6.954,-74,-33,1500,1500,-0.40,-0.05,2.7974,3.0940,6.9597,0
6.972,-76,-33,1500,1500,-0.40,-0.05,2.7974,3.0940,6.9597,0
6.989,-79,-33,1500,1500,-0.40,-0.05,2.7974,3.0940,6.9597,0
7.007,-81,-33,1500,1500,-0.40,-0.05,2.7974,3.0940,6.9597,0
7.024,-84,-33,1500,1500,-0.40,-0.05,2.7974,3.0940,6.9597,0
7.042,-89,-33,1500,1500,-0.40,-0.05,2.7974,3.0940,6.9597,0
7.059,-91,-33,1500,1500,-0.40,-0.05,2.7974,3.0940,6.9597,0
7.077,-93,-33,1500,1500,-0.40,-0.05,2.7974,3.0940,6.9597,0
7.095,-93,-33,1500,1500,-1.33,0.56,2.7974,3.0940,6.9597,0
7.112,-95,-33,1500,1500,-1.33,0.56,2.7974,3.0940,6.9597,0
7.129,-97,-33,1500,1500,-1.33,0.56,2.7974,3.0940,6.9597,0
7.147,-99,-33,1500,1500,-1.33,0.56,2.7974,3.0940,6.9597,0
7.166,-102,-33,1500,1500,-1.33,0.56,2.4683,3.8081,5.1515,0
7.184,-104,-33,1500,1500,-1.33,0.56,2.4683,3.8081,5.1515,0
7.202,-105,-33,1500,1500,-1.33,0.56,2.4683,3.8081,5.1515,0
7.221,-106,-33,1500,1500,-1.33,0.56,2.4683,3.8081,5.1515,0
7.238,-107,-32,1500,1500,-1.33,0.56,2.4683,3.8081,5.1515,0
7.256,-108,-32,1500,1500,-1.33,0.56,2.4683,3.8081,5.1515,0
7.273,-109,-32,1500,1500,-1.33,0.56,2.4683,3.8081,5.1515,0
7.291,-110,-32,1500,1500,-1.33,0.56,2.4683,3.8081,5.1515,0
7.308,-110,-33,1500,1500,-1.33,0.56,2.4683,3.8081,5.1515,0
7.326,-113,-33,1500,1500,-1.33,0.56,2.4683,3.8081,5.1515,0
7.343,-113,-33,1500,1500,-1.60,0.66,2.4683,3.8081,5.1515,0
7.361,-114,-33,1500,1500,-1.60,0.66,2.4683,3.8081,5.1515,0
7.378,-116,-33,1500,1500,-1.60,0.66,2.4683,3.8081,5.1515,0
7.396,-117,-33,1500,1500,-1.60,0.66,2.4683,3.8081,5.1515,0
7.413,-119,-33,1500,1500,-1.60,0.66,2.3972,3.5834,4.0100,0
7.430,-123,-33,1500,1500,-1.60,0.66,2.3972,3.5834,4.0100,0
7.448,-125,-33,1500,1500,-1.60,0.66,2.3972,3.5834,4.0100,0
7.465,-126,-33,1500,1500,-1.60,0.66,2.3972,3.5834,4.0100,0
7.482,-128,-33,1500,1500,-1.60,0.66,2.3972,3.5834,4.0100,0
7.500,-131,-33,1500,1500,-1.60,0.66,2.3972,3.5834,4.0100,0
7.517,-134,-33,1500,1500,-1.60,0.66,2.3972,3.5834,4.0100,0
7.535,-136,-33,1500,1500,-1.60,0.66,2.3972,3.5834,4.0100,0
7.552,-138,-33,1500,1500,-1.60,0.66,2.3972,3.5834,4.0100,0
7.569,-140,-33,1500,1500,-1.60,0.66,2.3972,3.5834,4.0100,0
7.587,-142,-34,1500,1500,-1.60,0.66,2.3972,3.5834,4.0100,0
7.606,-144,-33,1500,1500,-1.00,0.48,2.3972,3.5834,4.0100,0
7.624,-145,-33,1500,1500,-1.00,0.48,2.3972,3.5834,4.0100,0
7.641,-147,-32,1500,1500,-1.00,0.48,2.3972,3.5834,4.0100,0
7.658,-148,-33,1500,1500,-1.00,0.48,3.2196,3.2220,8.3031,0
7.676,-150,-32,1500,1500,-1.00,0.48,3.2196,3.2220,8.3031,0
7.694,-153,-32,1500,1500,-1.00,0.48,3.2196,3.2220,8.3031,0
7.711,-155,-32,1500,1500,-1.00,0.48,3.2196,3.2220,8.3031,0
7.728,-155,-32,1500,1500,-1.00,0.48,3.2196,3.2220,8.3031,0
7.750,-156,-32,1500,1500,-1.00,0.48,3.2196,3.2220,8.3031,0
7.768,-156,-32,1500,1500,-1.00,0.48,3.2196,3.2220,8.3031,0
7.787,-156,-32,1500,1500,-1.00,0.48,3.2196,3.2220,8.3031,0
7.804,-157,-32,1500,1500,-1.00,0.48,3.2196,3.2220,8.3031,0
7.822,-157,-32,1500,1500,-1.00,0.48,3.2196,3.2220,8.3031,0
7.840,-157,-32,1500,1500,-1.30,0.69,3.2196,3.2220,8.3031,0
7.857,-157,-33,1500,1500,-1.30,0.69,3.2196,3.2220,8.3031,0
7.874,-157,-33,1500,1500,-1.30,0.69,3.2196,3.2220,8.3031,0
7.892,-157,-32,1500,1500,-1.30,0.69,3.2196,3.2220,8.3031,0
7.910,-157,-32,1500,1500,-1.30,0.69,2.8156,4.2634,7.6058,0
7.927,-157,-32,1500,1500,-1.30,0.69,2.8156,4.2634,7.6058,0
7.944,-157,-32,1500,1500,-1.30,0.69,2.8156,4.2634,7.6058,0
7.961,-157,-32,1500,1500,-1.30,0.69,2.8156,4.2634,7.6058,0
7.978,-156,-32,1500,1500,-1.30,0.69,2.8156,4.2634,7.6058,0
7.995,-155,-32,1500,1500,-1.30,0.69,2.8156,4.2634,7.6058,0
8.013,-154,-32,1500,1500,-1.30,0.69,2.8156,4.2634,7.6058,0
8.030,-154,-32,1500,1500,-1.30,0.69,2.8156,4.2634,7.6058,0
8.050,-152,-32,1500,1500,-1.30,0.69,2.8156,4.2634,7.6058,0
8.067,-150,-32,1500,1500,-1.30,0.69,2.8156,4.2634,7.6058,0
8.085,-148,-32,1500,1500,-1.30,0.69,2.8156,4.2634,7.6058,0
8.102,-144,-33,1500,1500,-0.61,0.71,2.8156,4.2634,7.6058,0
8.122,-142,-33,1500,1500,-0.61,0.71,2.8156,4.2634,7.6058,0
8.139,-139,-33,1500,1500,-0.61,0.71,2.8156,4.2634,7.6058,0
8.157,-136,-32,1500,1500,-0.61,0.71,2.9593,3.5637,7.1698,0
8.174,-134,-32,1500,1500,-0.61,0.71,2.9593,3.5637,7.1698,0
8.191,-131,-32,1500,1500,-0.61,0.71,2.9593,3.5637,7.1698,0
8.209,-127,-32,1500,1500,-0.61,0.71,2.9593,3.5637,7.1698,0
8.226,-125,-32,1500,1500,-0.61,0.71,2.9593,3.5637,7.1698,0
8.243,-123,-32,1500,1500,-0.61,0.71,2.9593,3.5637,7.1698,0
8.260,-121,-33,1500,1500,-0.61,0.71,2.9593,3.5637,7.1698,0
8.278,-119,-33,1500,1500,-0.61,0.71,2.9593,3.5637,7.1698,0
8.296,-118,-32,1500,1500,-0.61,0.71,2.9593,3.5637,7.1698,0
8.313,-116,-33,1500,1500,-0.61,0.71,2.9593,3.5637,7.1698,0
8.330,-115,-33,1500,1500,-0.61,0.71,2.9593,3.5637,7.1698,0
8.347,-113,-33,1500,1500,-0.67,0.52,2.9593,3.5637,7.1698,0
8.365,-113,-33,1500,1500,-0.67,0.52,2.9593,3.5637,7.1698,0
8.382,-111,-33,1500,1500,-0.67,0.52,2.9593,3.5637,7.1698,0
8.400,-111,-33,1500,1500,-0.67,0.52,3.2245,2.7973,7.3971,0
8.418,-110,-33,1500,1500,-0.67,0.52,3.2245,2.7973,7.3971,0
8.436,-108,-33,1500,1500,-0.67,0.52,3.2245,2.7973,7.3971,0
8.455,-107,-33,1500,1500,-0.67,0.52,3.2245,2.7973,7.3971,0
8.473,-105,-33,1500,1500,-0.67,0.52,3.2245,2.7973,7.3971,0
8.490,-104,-34,1500,1500,-0.67,0.52,3.2245,2.7973,7.3971,0
8.508,-102,-34,1500,1500,-0.67,0.52,3.2245,2.7973,7.3971,0
8.526,-101,-34,1500,1500,-0.67,0.52,3.2245,2.7973,7.3971,0
8.544,-101,-34,1500,1500,-0.67,0.52,3.2245,2.7973,7.3971,0
8.561,-100,-34,1500,1500,-0.67,0.52,3.2245,2.7973,7.3971,0
8.578,-99,-34,1500,1500,-0.67,0.52,3.2245,2.7973,7.3971,0
8.595,-98,-34,1500,1500,-0.41,0.32,3.2245,2.7973,7.3971,0
8.613,-98,-34,1500,1500,-0.41,0.32,3.2245,2.7973,7.3971,0
8.630,-97,-34,1500,1500,-0.41,0.32,3.2245,2.7973,7.3971,0
8.648,-97,-34,1500,1500,-0.41,0.32,3.1612,3.1356,7.4003,0
8.665,-96,-34,1500,1500,-0.41,0.32,3.1612,3.1356,7.4003,0
8.683,-95,-34,1500,1500,-0.41,0.32,3.1612,3.1356,7.4003,0
8.701,-94,-34,1500,1500,-0.41,0.32,3.1612,3.1356,7.4003,0
8.718,-92,-34,1500,1500,-0.41,0.32,3.1612,3.1356,7.4003,0
8.736,-91,-34,1500,1500,-0.41,0.32,3.1612,3.1356,7.4003,0
8.753,-90,-34,1500,1500,-0.41,0.32,3.1612,3.1356,7.4003,0
8.771,-89,-34,1500,1500,-0.41,0.32,3.1612,3.1356,7.4003,0
8.788,-88,-34,1500,1500,-0.41,0.32,3.1612,3.1356,7.4003,0
8.807,-87,-35,1500,1500,-0.41,0.32,3.1612,3.1356,7.4003,0
8.824,-86,-35,1500,1500,-0.41,0.32,3.1612,3.1356,7.4003,0
8.843,-85,-35,1500,1500,0.08,-0.06,3.1612,3.1356,7.4003,0
8.860,-84,-35,1500,1500,0.08,-0.06,3.1612,3.1356,7.4003,0
8.878,-83,-35,1500,1500,0.08,-0.06,3.1612,3.1356,7.4003,0
8.895,-82,-35,1500,1500,0.08,-0.06,3.1612,3.1356,7.4003,0
8.913,-81,-35,1500,1500,0.08,-0.06,2.3063,3.7841,4.7904,0
8.931,-81,-35,1500,1500,0.08,-0.06,2.3063,3.7841,4.7904,0
8.949,-79,-35,1500,1500,0.08,-0.06,2.3063,3.7841,4.7904,0
8.966,-78,-36,1500,1500,0.08,-0.06,2.3063,3.7841,4.7904,0
8.983,-77,-36,1500,1500,0.08,-0.06,2.3063,3.7841,4.7904,0
9.000,-76,-36,1500,1500,0.08,-0.06,2.3063,3.7841,4.7904,0
9.018,-75,-35,1500,1500,0.08,-0.06,2.3063,3.7841,4.7904,0
9.035,-74,-35,1500,1500,0.08,-0.06,2.3063,3.7841,4.7904,0
9.052,-73,-35,1500,1500,0.08,-0.06,2.3063,3.7841,4.7904,0
9.070,-72,-35,1500,1500,0.08,-0.06,2.3063,3.7841,4.7904,0
9.088,-72,-35,1500,1500,0.22,0.06,2.3063,3.7841,4.7904,0
9.106,-72,-35,1500,1500,0.22,0.06,2.3063,3.7841,4.7904,0
9.125,-72,-35,1500,1500,0.22,0.06,2.3063,3.7841,4.7904,0
9.143,-72,-35,1500,1500,0.22,0.06,2.3063,3.7841,4.7904,0
9.161,-73,-35,1500,1500,0.22,0.06,2.6942,3.6911,5.8181,0
9.179,-74,-35,1500,1500,0.22,0.06,2.6942,3.6911,5.8181,0
9.196,-74,-35,1500,1500,0.22,0.06,2.6942,3.6911,5.8181,0
9.213,-75,-35,1500,1500,0.22,0.06,2.6942,3.6911,5.8181,0
9.231,-77,-36,1500,1500,0.22,0.06,2.6942,3.6911,5.8181,0
9.248,-77,-36,1500,1500,0.22,0.06,2.6942,3.6911,5.8181,0
9.265,-78,-37,1500,1500,0.22,0.06,2.6942,3.6911,5.8181,0
9.283,-79,-37,1500,1500,0.22,0.06,2.6942,3.6911,5.8181,0
9.300,-79,-38,1500,1500,0.22,0.06,2.6942,3.6911,5.8181,0
9.318,-80,-38,1500,1500,0.22,0.06,2.6942,3.6911,5.8181,0
9.335,-80,-37,1500,1500,-0.22,-0.22,2.6942,3.6911,5.8181,0
9.352,-80,-37,1500,1500,-0.22,-0.22,2.6942,3.6911,5.8181,0
9.370,-80,-37,1500,1500,-0.22,-0.22,2.6942,3.6911,5.8181,0
9.388,-80,-36,1500,1500,-0.22,-0.22,2.6942,3.6911,5.8181,0
9.404,-80,-36,1500,1500,-0.22,-0.22,2.8285,3.8359,7.1515,0
9.422,-80,-36,1500,1500,-0.22,-0.22,2.8285,3.8359,7.1515,0
9.439,-80,-37,1500,1500,-0.22,-0.22,2.8285,3.8359,7.1515,0
9.456,-81,-37,1500,1500,-0.22,-0.22,2.8285,3.8359,7.1515,0
9.473,-81,-37,1500,1500,-0.22,-0.22,2.8285,3.8359,7.1515,0
9.494,-82,-37,1500,1500,-0.22,-0.22,2.8285,3.8359,7.1515,0
9.511,-83,-37,1500,1500,-0.22,-0.22,2.8285,3.8359,7.1515,0
9.529,-86,-36,1500,1500,-0.22,-0.22,2.8285,3.8359,7.1515,0
9.547,-87,-37,1500,1500,-0.22,-0.22,2.8285,3.8359,7.1515,0
9.565,-89,-37,1500,1500,-0.22,-0.22,2.8285,3.8359,7.1515,0
9.582,-91,-38,1500,1500,-0.22,-0.22,2.8285,3.8359,7.1515,0
9.599,-92,-38,1500,1500,-0.45,-0.55,2.8285,3.8359,7.1515,0
9.616,-93,-37,1500,1500,-0.45,-0.55,2.8285,3.8359,7.1515,0
9.634,-94,-36,1500,1500,-0.45,-0.55,2.8285,3.8359,7.1515,0
9.651,-95,-36,1500,1500,-0.45,-0.55,2.7125,4.4524,7.5152,0
9.668,-96,-36,1500,1500,-0.45,-0.55,2.7125,4.4524,7.5152,0
9.685,-97,-37,1500,1500,-0.45,-0.55,2.7125,4.4524,7.5152,0
9.702,-98,-37,1500,1500,-0.45,-0.55,2.7125,4.4524,7.5152,0
9.721,-99,-36,1500,1500,-0.45,-0.55,2.7125,4.4524,7.5152,0
9.739,-100,-36,1500,1500,-0.45,-0.55,2.7125,4.4524,7.5152,0
9.757,-101,-37,1500,1500,-0.45,-0.55,2.7125,4.4524,7.5152,0
9.774,-102,-36,1500,1500,-0.45,-0.55,2.7125,4.4524,7.5152,0
9.793,-103,-36,1500,1500,-0.45,-0.55,2.7125,4.4524,7.5152,0
9.812,-104,-37,1500,1500,-0.45,-0.55,2.7125,4.4524,7.5152,0
9.829,-105,-35,1500,1500,-0.45,-0.55,2.7125,4.4524,7.5152,0
9.849,-105,-35,1500,1500,-0.30,-0.50,2.7125,4.4524,7.5152,0
9.867,-106,-36,1500,1500,-0.30,-0.50,2.7125,4.4524,7.5152,0
9.888,-107,-36,1500,1500,-0.30,-0.50,2.7125,4.4524,7.5152,0
9.907,-107,-36,1500,1500,-0.30,-0.50,2.8823,5.5611,8.4338,0
9.925,-108,-35,1500,1500,-0.30,-0.50,2.8823,5.5611,8.4338,0
9.942,-108,-37,1500,1500,-0.30,-0.50,2.8823,5.5611,8.4338,0
9.960,-109,-37,1500,1500,-0.30,-0.50,2.8823,5.5611,8.4338,0
9.979,-111,-36,1500,1500,-0.30,-0.50,2.8823,5.5611,8.4338,0
9.998,-112,-37,1500,1500,-0.30,-0.50,2.8823,5.5611,8.4338,0
10.015,-113,-36,1500,1500,-0.30,-0.50,2.8823,5.5611,8.4338,0
10.033,-114,-36,1500,1500,-0.30,-0.50,2.8823,5.5611,8.4338,0
10.050,-116,-36,1500,1500,-0.30,-0.50,2.8823,5.5611,8.4338,0
10.068,-117,-36,1500,1500,-0.30,-0.50,2.8823,5.5611,8.4338,0
10.086,-119,-36,1500,1500,0.08,-0.57,2.8823,5.5611,8.4338,0
10.103,-121,-37,1500,1500,0.08,-0.57,2.8823,5.5611,8.4338,0
10.121,-122,-36,1500,1500,0.08,-0.57,2.8823,5.5611,8.4338,0
10.138,-124,-35,1500,1500,0.08,-0.57,2.8823,5.5611,8.4338,0
10.156,-125,-35,1500,1500,0.08,-0.57,3.9606,7.5260,9.3850,0
10.173,-127,-35,1500,1500,0.08,-0.57,3.9606,7.5260,9.3850,0
10.192,-127,-36,1500,1500,0.08,-0.57,3.9606,7.5260,9.3850,0
10.209,-128,-35,1500,1500,0.08,-0.57,3.9606,7.5260,9.3850,0
10.227,-128,-35,1500,1500,0.08,-0.57,3.9606,7.5260,9.3850,0
10.244,-128,-35,1500,1500,0.08,-0.57,3.9606,7.5260,9.3850,0
10.262,-128,-35,1500,1500,0.08,-0.57,3.9606,7.5260,9.3850,0
10.280,-128,-35,1500,1500,0.08,-0.57,3.9606,7.5260,9.3850,0
10.297,-127,-35,1500,1500,0.08,-0.57,3.9606,7.5260,9.3850,0
10.315,-126,-34,1500,1500,0.08,-0.57,3.9606,7.5260,9.3850,0
10.333,-125,-34,1500,1500,0.13,-0.02,3.9606,7.5260,9.3850,0
10.350,-124,-35,1500,1500,0.13,-0.02,3.9606,7.5260,9.3850,0
10.369,-122,-34,1500,1500,0.13,-0.02,3.9606,7.5260,9.3850,0
10.388,-121,-34,1500,1500,0.13,-0.02,3.9606,7.5260,9.3850,0
10.407,-119,-34,1500,1500,0.13,-0.02,4.3090,8.7780,9.0412,0
10.424,-116,-33,1500,1500,0.13,-0.02,4.3090,8.7780,9.0412,0
10.442,-115,-33,1500,1500,0.13,-0.02,4.3090,8.7780,9.0412,0
10.459,-115,-33,1500,1500,0.13,-0.02,4.3090,8.7780,9.0412,0
10.477,-112,-33,1500,1500,0.13,-0.02,4.3090,8.7780,9.0412,0
10.494,-110,-33,1500,1500,0.13,-0.02,4.3090,8.7780,9.0412,0
10.512,-109,-34,1500,1500,0.13,-0.02,4.3090,8.7780,9.0412,0
10.529,-107,-32,1500,1500,0.13,-0.02,4.3090,8.7780,9.0412,0
10.547,-106,-32,1500,1500,0.13,-0.02,4.3090,8.7780,9.0412,0
10.564,-104,-33,1500,1500,0.13,-0.02,4.3090,8.7780,9.0412,0
10.581,-103,-34,1500,1500,0.13,-0.02,4.3090,8.7780,9.0412,0
10.598,-102,-34,1500,1500,-0.20,0.76,4.3090,8.7780,9.0412,0
10.615,-101,-34,1500,1500,-0.20,0.76,4.3090,8.7780,9.0412,0
10.632,-99,-33,1500,1500,-0.20,0.76,4.3090,8.7780,9.0412,0
10.650,-98,-33,1500,1500,-0.20,0.76,3.2681,4.8333,7.8464,0
10.667,-97,-32,1500,1500,-0.20,0.76,3.2681,4.8333,7.8464,0
10.684,-96,-32,1500,1500,-0.20,0.76,3.2681,4.8333,7.8464,0
10.703,-95,-32,1500,1500,-0.20,0.76,3.2681,4.8333,7.8464,0
10.721,-94,-32,1500,1500,-0.20,0.76,3.2681,4.8333,7.8464,0
10.740,-92,-33,1500,1500,-0.20,0.76,3.2681,4.8333,7.8464,0
10.758,-92,-33,1500,1500,-0.20,0.76,3.2681,4.8333,7.8464,0
10.776,-91,-32,1500,1500,-0.20,0.76,3.2681,4.8333,7.8464,0
10.793,-90,-32,1500,1500,-0.20,0.76,3.2681,4.8333,7.8464,0
10.810,-89,-31,1500,1500,-0.20,0.76,3.2681,4.8333,7.8464,0
10.828,-89,-31,1500,1500,-0.20,0.76,3.2681,4.8333,7.8464,0
10.846,-89,-30,1500,1500,-0.48,0.75,3.2681,4.8333,7.8464,0
10.863,-89,-31,1500,1500,-0.48,0.75,3.2681,4.8333,7.8464,0
10.882,-89,-31,1500,1500,-0.48,0.75,3.2681,4.8333,7.8464,0
10.899,-89,-32,1500,1500,-0.48,0.75,2.6826,4.3993,6.3322,0
10.916,-89,-32,1500,1500,-0.48,0.75,2.6826,4.3993,6.3322,0
10.933,-91,-32,1500,1500,-0.48,0.75,2.6826,4.3993,6.3322,0
10.951,-91,-32,1500,1500,-0.48,0.75,2.6826,4.3993,6.3322,0
10.968,-92,-31,1500,1500,-0.48,0.75,2.6826,4.3993,6.3322,0
10.987,-93,-31,1500,1500,-0.48,0.75,2.6826,4.3993,6.3322,0
11.006,-94,-30,1500,1500,-0.48,0.75,2.6826,4.3993,6.3322,0
11.024,-94,-31,1500,1500,-0.48,0.75,2.6826,4.3993,6.3322,0
11.042,-94,-31,1500,1500,-0.48,0.75,2.6826,4.3993,6.3322,0
11.060,-94,-31,1500,1500,-0.48,0.75,2.6826,4.3993,6.3322,0
11.077,-94,-31,1500,1500,-0.48,0.75,2.6826,4.3993,6.3322,0
11.095,-93,-31,1500,1500,-0.40,0.78,2.6826,4.3993,6.3322,0
11.112,-93,-30,1500,1500,-0.40,0.78,2.6826,4.3993,6.3322,0
11.131,-92,-30,1500,1500,-0.40,0.78,2.6826,4.3993,6.3322,0
11.150,-92,-30,1500,1500,-0.40,0.78,2.6459,4.2015,6.6251,0
11.169,-92,-30,1500,1500,-0.40,0.78,2.6459,4.2015,6.6251,0
11.187,-91,-31,1500,1500,-0.40,0.78,2.6459,4.2015,6.6251,0
11.207,-91,-30,1500,1500,-0.40,0.78,2.6459,4.2015,6.6251,0
11.225,-91,-29,1500,1500,-0.40,0.78,2.6459,4.2015,6.6251,0
11.243,-91,-29,1500,1500,-0.40,0.78,2.6459,4.2015,6.6251,0
11.260,-91,-29,1500,1500,-0.40,0.78,2.6459,4.2015,6.6251,0
11.278,-91,-29,1500,1500,-0.40,0.78,2.6459,4.2015,6.6251,0
11.295,-91,-29,1500,1500,-0.40,0.78,2.6459,4.2015,6.6251,0
11.313,-91,-29,1500,1500,-0.40,0.78,2.6459,4.2015,6.6251,0
11.331,-91,-29,1500,1500,-0.46,1.40,2.6459,4.2015,6.6251,0
11.348,-91,-29,1500,1500,-0.46,1.40,2.6459,4.2015,6.6251,0
11.365,-91,-29,1500,1500,-0.46,1.40,2.6459,4.2015,6.6251,0
11.382,-91,-29,1500,1500,-0.46,1.40,2.6459,4.2015,6.6251,0
11.400,-92,-30,1500,1500,-0.46,1.40,2.8352,3.8063,6.1308,0
11.419,-92,-30,1500,1500,-0.46,1.40,2.8352,3.8063,6.1308,0
11.436,-93,-29,1500,1500,-0.46,1.40,2.8352,3.8063,6.1308,0
11.454,-93,-30,1500,1500,-0.46,1.40,2.8352,3.8063,6.1308,0
11.472,-94,-30,1500,1500,-0.46,1.40,2.8352,3.8063,6.1308,0
11.490,-95,-30,1500,1500,-0.46,1.40,2.8352,3.8063,6.1308,0
11.509,-96,-31,1500,1500,-0.46,1.40,2.8352,3.8063,6.1308,0
11.527,-98,-31,1500,1500,-0.46,1.40,2.8352,3.8063,6.1308,0
11.544,-99,-31,1500,1500,-0.46,1.40,2.8352,3.8063,6.1308,0
11.561,-101,-30,1500,1500,-0.46,1.40,2.8352,3.8063,6.1308,0
11.579,-103,-31,1500,1500,-0.46,1.40,2.8352,3.8063,6.1308,0
11.597,-105,-30,1500,1500,-0.48,0.71,2.8352,3.8063,6.1308,0
11.615,-107,-32,1500,1500,-0.48,0.71,2.8352,3.8063,6.1308,0
11.632,-107,-32,1500,1500,-0.48,0.71,2.8352,3.8063,6.1308,0
11.650,-111,-32,1500,1500,-0.48,0.71,2.8332,4.4915,7.7899,0
11.667,-113,-31,1500,1500,-0.48,0.71,2.8332,4.4915,7.7899,0
11.685,-115,-31,1500,1500,-0.48,0.71,2.8332,4.4915,7.7899,0
11.703,-116,-32,1500,1500,-0.48,0.71,2.8332,4.4915,7.7899,0
11.720,-118,-31,1500,1500,-0.48,0.71,2.8332,4.4915,7.7899,0
11.737,-122,-31,1500,1500,-0.48,0.71,2.8332,4.4915,7.7899,0
11.755,-122,-31,1500,1500,-0.48,0.71,2.8332,4.4915,7.7899,0
11.772,-124,-32,1500,1500,-0.48,0.71,2.8332,4.4915,7.7899,0
11.790,-124,-32,1500,1500,-0.48,0.71,2.8332,4.4915,7.7899,0
11.807,-126,-32,1500,1500,-0.48,0.71,2.8332,4.4915,7.7899,0
11.825,-126,-32,1500,1500,-0.48,0.71,2.8332,4.4915,7.7899,0
11.842,-128,-32,1500,1500,-0.25,0.39,2.8332,4.4915,7.7899,0
11.859,-129,-32,1500,1500,-0.25,0.39,2.8332,4.4915,7.7899,0
11.877,-129,-32,1500,1500,-0.25,0.39,2.8332,4.4915,7.7899,0
11.894,-129,-32,1500,1500,-0.25,0.39,3.5021,7.0208,8.9268,0
11.913,-129,-33,1500,1500,-0.25,0.39,3.5021,7.0208,8.9268,0
11.930,-129,-33,1500,1500,-0.25,0.39,3.5021,7.0208,8.9268,0
11.947,-128,-33,1500,1500,-0.25,0.39,3.5021,7.0208,8.9268,0
11.965,-128,-32,1500,1500,-0.25,0.39,3.5021,7.0208,8.9268,0
11.982,-126,-32,1500,1500,-0.25,0.39,3.5021,7.0208,8.9268,0
12.001,-125,-33,1500,1500,-0.25,0.39,3.5021,7.0208,8.9268,0
12.018,-123,-33,1500,1500,-0.25,0.39,3.5021,7.0208,8.9268,0
12.035,-121,-33,1500,1500,-0.25,0.39,3.5021,7.0208,8.9268,0
12.053,-118,-33,1500,1500,-0.25,0.39,3.5021,7.0208,8.9268,0
12.071,-112,-34,1500,1500,-0.25,0.39,3.5021,7.0208,8.9268,0
12.089,-108,-33,1500,1500,-0.28,-0.31,3.5021,7.0208,8.9268,0
12.106,-104,-33,1500,1500,-0.28,-0.31,3.5021,7.0208,8.9268,0
12.125,-101,-34,1500,1500,-0.28,-0.31,3.5021,7.0208,8.9268,0
12.143,-97,-34,1500,1500,-0.28,-0.31,3.8406,8.1748,9.2337,0
12.162,-93,-34,1500,1500,-0.28,-0.31,3.8406,8.1748,9.2337,0
12.179,-89,-34,1500,1500,-0.28,-0.31,3.8406,8.1748,9.2337,0
12.199,-85,-34,1500,1500,-0.28,-0.31,3.8406,8.1748,9.2337,0
12.218,-83,-34,1500,1500,-0.28,-0.31,3.8406,8.1748,9.2337,0
12.237,-80,-35,1500,1500,-0.28,-0.31,3.8406,8.1748,9.2337,0
12.254,-78,-35,1500,1500,-0.28,-0.31,3.8406,8.1748,9.2337,0
12.272,-74,-35,1500,1500,-0.28,-0.31,3.8406,8.1748,9.2337,0
12.290,-73,-35,1500,1500,-0.28,-0.31,3.8406,8.1748,9.2337,0
12.308,-71,-35,1500,1500,-0.28,-0.31,3.8406,8.1748,9.2337,0
12.325,-70,-35,1500,1500,-0.28,-0.31,3.8406,8.1748,9.2337,0
12.342,-70,-35,1500,1500,-0.14,-0.06,3.8406,8.1748,9.2337,0
12.360,-69,-34,1500,1500,-0.14,-0.06,3.8406,8.1748,9.2337,0
12.378,-67,-34,1500,1500,-0.14,-0.06,3.8406,8.1748,9.2337,0
12.396,-64,-35,1500,1500,-0.14,-0.06,2.5198,4.8695,6.9720,0
12.413,-62,-36,1500,1500,-0.14,-0.06,2.5198,4.8695,6.9720,0
12.433,-61,-36,1500,1500,-0.14,-0.06,2.5198,4.8695,6.9720,0
12.450,-60,-36,1500,1500,-0.14,-0.06,2.5198,4.8695,6.9720,0
12.470,-58,-35,1500,1500,-0.14,-0.06,2.5198,4.8695,6.9720,0
12.488,-55,-34,1500,1500,-0.14,-0.06,2.5198,4.8695,6.9720,0
12.505,-54,-34,1500,1500,-0.14,-0.06,2.5198,4.8695,6.9720,0
12.524,-52,-35,1500,1500,-0.14,-0.06,2.5198,4.8695,6.9720,0
12.541,-51,-36,1500,1500,-0.14,-0.06,2.5198,4.8695,6.9720,0
12.558,-49,-37,1500,1500,-0.14,-0.06,2.5198,4.8695,6.9720,0
12.575,-47,-36,1500,1500,-0.14,-0.06,2.5198,4.8695,6.9720,0
12.592,-46,-36,1500,1500,0.47,0.28,2.5198,4.8695,6.9720,0
12.609,-46,-36,1500,1500,0.47,0.28,2.5198,4.8695,6.9720,0
12.627,-42,-35,1500,1500,0.47,0.28,2.5198,4.8695,6.9720,0
12.645,-41,-35,1500,1500,0.47,0.28,2.6266,4.3702,7.9519,0
12.662,-39,-35,1500,1500,0.47,0.28,2.6266,4.3702,7.9519,0
12.679,-38,-35,1500,1500,0.47,0.28,2.6266,4.3702,7.9519,0
12.696,-36,-36,1500,1500,0.47,0.28,2.6266,4.3702,7.9519,0
12.713,-35,-36,1500,1500,0.47,0.28,2.6266,4.3702,7.9519,0
12.730,-33,-35,1500,1500,0.47,0.28,2.6266,4.3702,7.9519,0
12.747,-32,-35,1500,1500,0.47,0.28,2.6266,4.3702,7.9519,0
12.765,-31,-35,1500,1500,0.47,0.28,2.6266,4.3702,7.9519,0
12.784,-30,-35,1500,1500,0.47,0.28,2.6266,4.3702,7.9519,0
12.801,-29,-35,1500,1500,0.47,0.28,2.6266,4.3702,7.9519,0
12.818,-28,-35,1500,1500,0.47,0.28,2.6266,4.3702,7.9519,0
12.835,-27,-35,1500,1500,1.54,1.22,2.6266,4.3702,7.9519,0
12.853,-26,-35,1500,1500,1.54,1.22,2.6266,4.3702,7.9519,0
12.871,-26,-35,1500,1500,1.54,1.22,2.6266,4.3702,7.9519,0
12.888,-26,-35,1500,1500,1.54,1.22,2.6745,3.7110,6.5560,0
12.906,-23,-34,1500,1500,1.54,1.22,2.6745,3.7110,6.5560,0
12.924,-22,-35,1500,1500,1.54,1.22,2.6745,3.7110,6.5560,0
12.941,-18,-35,1500,1500,1.54,1.22,2.6745,3.7110,6.5560,0
12.959,-17,-35,1500,1500,1.54,1.22,2.6745,3.7110,6.5560,0
12.976,-15,-36,1500,1500,1.54,1.22,2.6745,3.7110,6.5560,0
12.993,-13,-36,1500,1500,1.54,1.22,2.6745,3.7110,6.5560,0
13.010,-11,-36,1500,1500,1.54,1.22,2.6745,3.7110,6.5560,0
13.027,-9,-36,1500,1500,1.54,1.22,2.6745,3.7110,6.5560,0
13.044,-7,-36,1500,1500,1.54,1.22,2.6745,3.7110,6.5560,0
13.061,-4,-36,1500,1500,1.54,1.22,2.6745,3.7110,6.5560,0
13.078,-2,-37,1500,1500,1.08,1.15,2.6745,3.7110,6.5560,0
13.095,0,-37,1500,1500,1.08,1.15,2.6745,3.7110,6.5560,0
13.114,3,-36,1500,1500,1.08,1.15,2.6745,3.7110,6.5560,0
13.131,5,-36,1500,1500,1.08,1.15,2.6745,3.7110,6.5560,0
13.152,7,-36,1500,1500,1.08,1.15,2.8017,3.3326,8.0008,0
13.169,9,-36,1500,1500,1.08,1.15,2.8017,3.3326,8.0008,0
13.187,12,-36,1500,1500,1.08,1.15,2.8017,3.3326,8.0008,0
13.205,16,-35,1500,1500,1.08,1.15,2.8017,3.3326,8.0008,0
13.222,17,-35,1500,1500,1.08,1.15,2.8017,3.3326,8.0008,0
13.240,18,-35,1500,1500,1.08,1.15,2.8017,3.3326,8.0008,0
13.257,19,-35,1500,1500,1.08,1.15,2.8017,3.3326,8.0008,0
13.275,20,-35,1500,1500,1.08,1.15,2.8017,3.3326,8.0008,0
13.293,20,-35,1500,1500,1.08,1.15,2.8017,3.3326,8.0008,0
13.311,20,-35,1500,1500,1.08,1.15,2.8017,3.3326,8.0008,0
13.328,20,-36,1500,1500,0.72,1.09,2.8017,3.3326,8.0008,0
13.345,19,-36,1500,1500,0.72,1.09,2.8017,3.3326,8.0008,0
13.363,18,-35,1500,1500,0.72,1.09,2.8017,3.3326,8.0008,0
13.381,16,-35,1500,1500,0.72,1.09,2.8017,3.3326,8.0008,0
13.399,15,-35,1500,1500,0.72,1.09,2.6659,3.1754,6.3706,0
13.416,13,-35,1500,1500,0.72,1.09,2.6659,3.1754,6.3706,0
13.436,12,-36,1500,1500,0.72,1.09,2.6659,3.1754,6.3706,0
13.454,10,-36,1500,1500,0.72,1.09,2.6659,3.1754,6.3706,0
13.471,9,-36,1500,1500,0.72,1.09,2.6659,3.1754,6.3706,0
13.489,7,-36,1500,1500,0.72,1.09,2.6659,3.1754,6.3706,0
13.507,5,-36,1500,1500,0.72,1.09,2.6659,3.1754,6.3706,0
13.525,4,-37,1500,1500,0.72,1.09,2.6659,3.1754,6.3706,0
13.543,3,-37,1500,1500,0.72,1.09,2.6659,3.1754,6.3706,0
13.560,2,-38,1500,1500,0.72,1.09,2.6659,3.1754,6.3706,0
13.578,1,-38,1500,1500,0.35,0.58,2.6659,3.1754,6.3706,0
13.595,0,-38,1500,1500,0.35,0.58,2.6659,3.1754,6.3706,0
13.613,-1,-38,1500,1500,0.35,0.58,2.6659,3.1754,6.3706,0
13.631,-1,-38,1500,1500,0.35,0.58,2.6659,3.1754,6.3706,0
13.648,-2,-38,1500,1500,0.35,0.58,2.1563,3.8479,5.5324,0
13.666,-2,-38,1500,1500,0.35,0.58,2.1563,3.8479,5.5324,0
13.684,-2,-38,1500,1500,0.35,0.58,2.1563,3.8479,5.5324,0
13.701,-2,-38,1500,1500,0.35,0.58,2.1563,3.8479,5.5324,0
13.723,-2,-38,1500,1500,0.35,0.58,2.1563,3.8479,5.5324,0
13.740,-2,-38,1500,1500,0.35,0.58,2.1563,3.8479,5.5324,0
13.758,-2,-38,1500,1500,0.35,0.58,2.1563,3.8479,5.5324,0
13.776,-1,-38,1500,1500,0.35,0.58,2.1563,3.8479,5.5324,0
13.794,-1,-38,1500,1500,0.35,0.58,2.1563,3.8479,5.5324,0
13.811,-1,-37,1500,1500,0.35,0.58,2.1563,3.8479,5.5324,0
13.828,-1,-37,1500,1500,0.78,0.38,2.1563,3.8479,5.5324,0
13.846,0,-37,1500,1500,0.78,0.38,2.1563,3.8479,5.5324,0
13.863,0,-37,1500,1500,0.78,0.38,2.1563,3.8479,5.5324,0
13.881,0,-37,1500,1500,0.78,0.38,2.1563,3.8479,5.5324,0
13.899,0,-37,1500,1500,0.78,0.38,2.2988,3.8375,4.5257,0
13.916,0,-37,1500,1500,0.78,0.38,2.2988,3.8375,4.5257,0
13.933,0,-38,1500,1500,0.78,0.38,2.2988,3.8375,4.5257,0
13.950,0,-38,1500,1500,0.78,0.38,2.2988,3.8375,4.5257,0
13.968,-2,-38,1500,1500,0.78,0.38,2.2988,3.8375,4.5257,0
13.986,-4,-38,1500,1500,0.78,0.38,2.2988,3.8375,4.5257,0
14.005,-5,-37,1500,1500,0.78,0.38,2.2988,3.8375,4.5257,0
14.023,-7,-37,1500,1500,0.78,0.38,2.2988,3.8375,4.5257,0
14.041,-9,-37,1500,1500,0.78,0.38,2.2988,3.8375,4.5257,0
14.058,-10,-37,1500,1500,0.78,0.38,2.2988,3.8375,4.5257,0
14.076,-12,-37,1500,1500,0.60,0.49,2.2988,3.8375,4.5257,0
14.093,-13,-37,1500,1500,0.60,0.49,2.2988,3.8375,4.5257,0
14.112,-14,-37,1500,1500,0.60,0.49,2.2988,3.8375,4.5257,0
14.130,-16,-37,1500,1500,0.60,0.49,2.2988,3.8375,4.5257,0
14.147,-16,-37,1500,1500,0.60,0.49,2.4814,3.2916,5.0219,0
14.165,-18,-37,1500,1500,0.60,0.49,2.4814,3.2916,5.0219,0
14.183,-19,-37,1500,1500,0.60,0.49,2.4814,3.2916,5.0219,0
14.200,-20,-37,1500,1500,0.60,0.49,2.4814,3.2916,5.0219,0
14.218,-21,-37,1500,1500,0.60,0.49,2.4814,3.2916,5.0219,0
14.235,-22,-37,1500,1500,0.60,0.49,2.4814,3.2916,5.0219,0
14.253,-24,-37,1500,1500,0.60,0.49,2.4814,3.2916,5.0219,0
14.272,-26,-37,1500,1500,0.60,0.49,2.4814,3.2916,5.0219,0
14.289,-27,-37,1500,1500,0.60,0.49,2.4814,3.2916,5.0219,0
14.306,-29,-37,1500,1500,0.60,0.49,2.4814,3.2916,5.0219,0
14.324,-31,-37,1500,1500,0.60,0.49,2.4814,3.2916,5.0219,0
14.344,-31,-37,1500,1500,0.33,0.63,2.4814,3.2916,5.0219,0
14.362,-33,-37,1500,1500,0.33,0.63,2.4814,3.2916,5.0219,0
14.380,-35,-37,1500,1500,0.33,0.63,2.4814,3.2916,5.0219,0
14.398,-36,-37,1500,1500,0.33,0.63,3.0663,2.9613,6.4451,0
14.416,-38,-37,1500,1500,0.33,0.63,3.0663,2.9613,6.4451,0
14.433,-40,-37,1500,1500,0.33,0.63,3.0663,2.9613,6.4451,0
14.450,-43,-37,1500,1500,0.33,0.63,3.0663,2.9613,6.4451,0
14.468,-45,-37,1500,1500,0.33,0.63,3.0663,2.9613,6.4451,0
14.488,-50,-37,1500,1500,0.33,0.63,3.0663,2.9613,6.4451,0
14.506,-52,-37,1500,1500,0.33,0.63,3.0663,2.9613,6.4451,0
14.523,-55,-37,1500,1500,0.33,0.63,3.0663,2.9613,6.4451,0
14.541,-58,-37,1500,1500,0.33,0.63,3.0663,2.9613,6.4451,0
14.559,-60,-38,1500,1500,0.33,0.63,3.0663,2.9613,6.4451,0
14.576,-63,-38,1500,1500,0.24,-0.05,3.0663,2.9613,6.4451,0
14.594,-63,-38,1500,1500,0.24,-0.05,3.0663,2.9613,6.4451,0
14.612,-65,-38,1500,1500,0.24,-0.05,3.0663,2.9613,6.4451,0
14.629,-67,-38,1500,1500,0.24,-0.05,3.0663,2.9613,6.4451,0
14.647,-69,-39,1500,1500,0.24,-0.05,2.5429,3.7597,6.1266,0
14.664,-72,-38,1500,1500,0.24,-0.05,2.5429,3.7597,6.1266,0
14.682,-74,-38,1500,1500,0.24,-0.05,2.5429,3.7597,6.1266,0
14.699,-75,-38,1500,1500,0.24,-0.05,2.5429,3.7597,6.1266,0
14.720,-76,-39,1500,1500,0.24,-0.05,2.5429,3.7597,6.1266,0
14.738,-77,-38,1500,1500,0.24,-0.05,2.5429,3.7597,6.1266,0
14.757,-77,-38,1500,1500,0.24,-0.05,2.5429,3.7597,6.1266,0
14.774,-77,-37,1500,1500,0.24,-0.05,2.5429,3.7597,6.1266,0
14.791,-76,-38,1500,1500,0.24,-0.05,2.5429,3.7597,6.1266,0
14.809,-76,-38,1500,1500,0.24,-0.05,2.5429,3.7597,6.1266,0
14.828,-75,-39,1500,1500,-0.45,-0.39,2.5429,3.7597,6.1266,0
14.847,-75,-39,1500,1500,-0.45,-0.39,2.5429,3.7597,6.1266,0
14.864,-74,-38,1500,1500,-0.45,-0.39,2.5429,3.7597,6.1266,0
14.882,-73,-37,1500,1500,-0.45,-0.39,2.5429,3.7597,6.1266,0
14.900,-72,-38,1500,1500,-0.45,-0.39,2.3969,4.4931,7.0019,0
14.917,-71,-38,1500,1500,-0.45,-0.39,2.3969,4.4931,7.0019,0
14.934,-70,-38,1500,1500,-0.45,-0.39,2.3969,4.4931,7.0019,0
14.952,-68,-38,1500,1500,-0.45,-0.39,2.3969,4.4931,7.0019,0
14.971,-67,-37,1500,1500,-0.45,-0.39,2.3969,4.4931,7.0019,0
14.988,-64,-38,1500,1500,-0.45,-0.39,2.3969,4.4931,7.0019,0
15.006,-63,-38,1500,1500,-0.45,-0.39,2.3969,4.4931,7.0019,0
15.023,-62,-39,1500,1500,-0.45,-0.39,2.3969,4.4931,7.0019,0
15.041,-62,-39,1500,1500,-0.45,-0.39,2.3969,4.4931,7.0019,0
15.058,0,0,1500,1500,-0.45,-0.39,2.3969,4.4931,7.0019,0
15.076,0,0,1500,1500,-0.45,-0.39,2.3969,4.4931,7.0019,0
15.093,-60,-39,1500,1500,-0.04,-0.28,2.3969,4.4931,7.0019,0
15.111,-60,-38,1500,1500,-0.04,-0.28,2.3969,4.4931,7.0019,0
15.128,-60,-38,1500,1500,-0.04,-0.28,2.3969,4.4931,7.0019,0
15.145,-59,-38,1500,1500,-0.04,-0.28,2.7972,3.9551,8.1672,0
15.163,-59,-37,1500,1500,-0.04,-0.28,2.7972,3.9551,8.1672,0
15.180,-59,-37,1500,1500,-0.04,-0.28,2.7972,3.9551,8.1672,0
15.197,-58,-37,1500,1500,-0.04,-0.28,2.7972,3.9551,8.1672,0
15.214,-58,-38,1500,1500,-0.04,-0.28,2.7972,3.9551,8.1672,0
15.231,-57,-38,1500,1500,-0.04,-0.28,2.7972,3.9551,8.1672,0
15.249,-56,-38,1500,1500,-0.04,-0.28,2.7972,3.9551,8.1672,0
15.267,-55,-37,1500,1500,-0.04,-0.28,2.7972,3.9551,8.1672,0
15.284,-54,-37,1500,1500,-0.04,-0.28,2.7972,3.9551,8.1672,0
15.301,-51,-37,1500,1500,-0.04,-0.28,2.7972,3.9551,8.1672,0
15.319,-51,-37,1500,1500,-0.04,-0.28,2.7972,3.9551,8.1672,0
15.336,-50,-37,1500,1500,0.24,0.36,2.7972,3.9551,8.1672,0
15.353,-49,-37,1500,1500,0.24,0.36,2.7972,3.9551,8.1672,0
15.374,-47,-37,1500,1500,0.24,0.36,2.7972,3.9551,8.1672,0
15.392,-44,-37,1500,1500,0.24,0.36,2.7702,3.9835,6.1238,0
15.409,-42,-37,1500,1500,0.24,0.36,2.7702,3.9835,6.1238,0
15.427,-41,-37,1500,1500,0.24,0.36,2.7702,3.9835,6.1238,0
15.446,-39,-37,1500,1500,0.24,0.36,2.7702,3.9835,6.1238,0
15.463,-37,-37,1500,1500,0.24,0.36,2.7702,3.9835,6.1238,0
15.481,-36,-36,1500,1500,0.24,0.36,2.7702,3.9835,6.1238,0
15.499,-35,-36,1500,1500,0.24,0.36,2.7702,3.9835,6.1238,0
15.516,-34,-36,1500,1500,0.24,0.36,2.7702,3.9835,6.1238,0
15.533,-33,-36,1500,1500,0.24,0.36,2.7702,3.9835,6.1238,0
15.550,-30,-36,1500,1500,0.24,0.36,2.7702,3.9835,6.1238,0
15.567,-30,-36,1500,1500,0.24,0.36,2.7702,3.9835,6.1238,0
15.585,-28,-36,1500,1500,0.87,0.64,2.7702,3.9835,6.1238,0
15.602,-27,-36,1500,1500,0.87,0.64,2.7702,3.9835,6.1238,0
15.621,-25,-36,1500,1500,0.87,0.64,2.7702,3.9835,6.1238,0
15.638,-25,-36,1500,1500,0.87,0.64,2.9884,2.7811,7.9729,0
15.657,-24,-36,1500,1500,0.87,0.64,2.9884,2.7811,7.9729,0
15.677,-22,-35,1500,1500,0.87,0.64,2.9884,2.7811,7.9729,0
15.694,-20,-35,1500,1500,0.87,0.64,2.9884,2.7811,7.9729,0
15.711,-19,-35,1500,1500,0.87,0.64,2.9884,2.7811,7.9729,0
15.729,-17,-35,1500,1500,0.87,0.64,2.9884,2.7811,7.9729,0
15.747,-16,-35,1500,1500,0.87,0.64,2.9884,2.7811,7.9729,0
15.764,-15,-35,1500,1500,0.87,0.64,2.9884,2.7811,7.9729,0
15.782,-14,-35,1500,1500,0.87,0.64,2.9884,2.7811,7.9729,0
15.799,-12,-35,1500,1500,0.87,0.64,2.9884,2.7811,7.9729,0
15.817,-11,-35,1500,1500,0.87,0.64,2.9884,2.7811,7.9729,0
15.834,-10,-35,1500,1500,0.48,0.36,2.9884,2.7811,7.9729,0
15.855,-8,-35,1500,1500,0.48,0.36,2.9884,2.7811,7.9729,0
15.873,-7,-35,1500,1500,0.48,0.36,2.9884,2.7811,7.9729,0
15.892,-5,-35,1500,1500,0.48,0.36,2.2869,3.2346,4.3077,0
15.910,-4,-35,1500,1500,0.48,0.36,2.2869,3.2346,4.3077,0
15.927,-2,-35,1500,1500,0.48,0.36,2.2869,3.2346,4.3077,0
15.945,1,-35,1500,1500,0.48,0.36,2.2869,3.2346,4.3077,0
15.963,2,-35,1500,1500,0.48,0.36,2.2869,3.2346,4.3077,0
15.981,4,-35,1500,1500,0.48,0.36,2.2869,3.2346,4.3077,0
15.999,5,-35,1500,1500,0.48,0.36,2.2869,3.2346,4.3077,0
16.016,6,-35,1500,1500,0.48,0.36,2.2869,3.2346,4.3077,0
16.034,7,-36,1500,1500,0.48,0.36,2.2869,3.2346,4.3077,0
16.051,8,-35,1500,1500,0.48,0.36,2.2869,3.2346,4.3077,0
16.068,9,-36,1500,1500,0.48,0.36,2.2869,3.2346,4.3077,0
16.086,10,-36,1500,1500,0.05,0.75,2.2869,3.2346,4.3077,0
16.103,11,-36,1500,1500,0.05,0.75,2.2869,3.2346,4.3077,0
16.121,12,-36,1500,1500,0.05,0.75,2.2869,3.2346,4.3077,0
16.138,12,-36,1500,1500,0.05,0.75,2.6833,2.8104,6.0517,0
16.155,14,-36,1500,1500,0.05,0.75,2.6833,2.8104,6.0517,0
16.173,14,-36,1500,1500,0.05,0.75,2.6833,2.8104,6.0517,0
16.190,15,-36,1500,1500,0.05,0.75,2.6833,2.8104,6.0517,0
16.207,14,-37,1500,1500,0.05,0.75,2.6833,2.8104,6.0517,0
16.225,14,-37,1500,1500,0.05,0.75,2.6833,2.8104,6.0517,0
16.242,14,-37,1500,1500,0.05,0.75,2.6833,2.8104,6.0517,0
16.259,15,-36,1500,1500,0.05,0.75,2.6833,2.8104,6.0517,0
16.276,15,-36,1500,1500,0.05,0.75,2.6833,2.8104,6.0517,0
16.293,15,-36,1500,1500,0.05,0.75,2.6833,2.8104,6.0517,0
16.310,15,-37,1500,1500,0.05,0.75,2.6833,2.8104,6.0517,0
16.327,16,-36,1500,1500,0.39,-0.22,2.6833,2.8104,6.0517,0
16.345,16,-37,1500,1500,0.39,-0.22,2.6833,2.8104,6.0517,0
16.362,16,-37,1500,1500,0.39,-0.22,2.6833,2.8104,6.0517,0
16.381,17,-37,1500,1500,0.39,-0.22,2.6833,2.8104,6.0517,0
16.400,18,-37,1500,1500,0.39,-0.22,3.0502,3.0854,8.6731,0
16.419,18,-37,1500,1500,0.39,-0.22,3.0502,3.0854,8.6731,0
16.438,21,-36,1500,1500,0.39,-0.22,3.0502,3.0854,8.6731,0
16.455,22,-35,1500,1500,0.39,-0.22,3.0502,3.0854,8.6731,0
16.472,24,-34,1500,1500,0.39,-0.22,3.0502,3.0854,8.6731,0
16.490,25,-34,1500,1500,0.39,-0.22,3.0502,3.0854,8.6731,0
16.507,26,-34,1500,1500,0.39,-0.22,3.0502,3.0854,8.6731,0
16.524,27,-34,1500,1500,0.39,-0.22,3.0502,3.0854,8.6731,0
16.541,27,-35,1500,1500,0.39,-0.22,3.0502,3.0854,8.6731,0
16.558,28,-35,1500,1500,0.39,-0.22,3.0502,3.0854,8.6731,0
16.576,28,-35,1500,1500,0.59,0.15,3.0502,3.0854,8.6731,0
16.593,28,-35,1500,1500,0.59,0.15,3.0502,3.0854,8.6731,0
16.610,28,-34,1500,1500,0.59,0.15,3.0502,3.0854,8.6731,0
16.627,28,-34,1500,1500,0.59,0.15,3.0502,3.0854,8.6731,0
16.645,28,-34,1500,1500,0.59,0.15,2.3443,3.7148,5.6818,0
16.663,27,-34,1500,1500,0.59,0.15,2.3443,3.7148,5.6818,0
16.680,27,-34,1500,1500,0.59,0.15,2.3443,3.7148,5.6818,0
16.698,27,-34,1500,1500,0.59,0.15,2.3443,3.7148,5.6818,0
16.715,27,-34,1500,1500,0.59,0.15,2.3443,3.7148,5.6818,0
16.732,26,-34,1500,1500,0.59,0.15,2.3443,3.7148,5.6818,0
16.750,26,-34,1500,1500,0.59,0.15,2.3443,3.7148,5.6818,0
16.767,26,-34,1500,1500,0.59,0.15,2.3443,3.7148,5.6818,0
16.785,26,-33,1500,1500,0.59,0.15,2.3443,3.7148,5.6818,0
16.803,26,-33,1500,1500,0.59,0.15,2.3443,3.7148,5.6818,0
16.821,26,-33,1500,1500,0.59,0.15,2.3443,3.7148,5.6818,0
16.840,27,-33,1500,1500,1.08,0.59,2.3443,3.7148,5.6818,0
16.859,27,-34,1500,1500,1.08,0.59,2.3443,3.7148,5.6818,0
16.879,28,-34,1500,1500,1.08,0.59,2.3443,3.7148,5.6818,0
16.902,29,-34,1500,1500,1.08,0.59,2.5658,3.7103,7.0764,0
16.922,30,-33,1500,1500,1.08,0.59,2.5658,3.7103,7.0764,0
16.939,33,-34,1500,1500,1.08,0.59,2.5658,3.7103,7.0764,0
16.958,34,-33,1500,1500,1.08,0.59,2.5658,3.7103,7.0764,0
16.975,35,-33,1500,1500,1.08,0.59,2.5658,3.7103,7.0764,0
16.992,37,-33,1500,1500,1.08,0.59,2.5658,3.7103,7.0764,0
17.009,39,-32,1500,1500,1.08,0.59,2.5658,3.7103,7.0764,0
17.026,41,-33,1500,1500,1.08,0.59,2.5658,3.7103,7.0764,0
17.043,43,-32,1500,1500,1.08,0.59,2.5658,3.7103,7.0764,0
17.061,45,-33,1500,1500,1.08,0.59,2.5658,3.7103,7.0764,0
17.078,46,-33,1500,1500,1.10,1.17,2.5658,3.7103,7.0764,0
17.095,47,-33,1500,1500,1.10,1.17,2.5658,3.7103,7.0764,0
17.112,49,-33,1500,1500,1.10,1.17,2.5658,3.7103,7.0764,0
17.131,50,-33,1500,1500,1.10,1.17,2.5658,3.7103,7.0764,0
17.148,51,-33,1500,1500,1.10,1.17,2.7358,3.4400,6.7999,0
17.166,52,-33,1500,1500,1.10,1.17,2.7358,3.4400,6.7999,0
17.185,53,-33,1500,1500,1.10,1.17,2.7358,3.4400,6.7999,0
17.202,56,-32,1500,1500,1.10,1.17,2.7358,3.4400,6.7999,0
17.220,57,-32,1500,1500,1.10,1.17,2.7358,3.4400,6.7999,0
17.238,58,-32,1500,1500,1.10,1.17,2.7358,3.4400,6.7999,0
17.255,59,-32,1500,1500,1.10,1.17,2.7358,3.4400,6.7999,0
17.273,60,-32,1500,1500,1.10,1.17,2.7358,3.4400,6.7999,0
17.291,59,-32,1500,1500,1.10,1.17,2.7358,3.4400,6.7999,0
17.308,59,-32,1500,1500,1.10,1.17,2.7358,3.4400,6.7999,0
17.325,58,-32,1500,1500,1.37,0.69,2.7358,3.4400,6.7999,0
17.343,56,-32,1500,1500,1.37,0.69,2.7358,3.4400,6.7999,0
17.362,56,-32,1500,1500,1.37,0.69,2.7358,3.4400,6.7999,0
17.381,51,-32,1500,1500,1.37,0.69,2.7358,3.4400,6.7999,0
17.399,48,-32,1500,1500,1.37,0.69,2.6924,3.3002,7.2901,0
17.417,45,-32,1500,1500,1.37,0.69,2.6924,3.3002,7.2901,0
17.435,39,-32,1500,1500,1.37,0.69,2.6924,3.3002,7.2901,0
17.452,35,-32,1500,1500,1.37,0.69,2.6924,3.3002,7.2901,0
17.469,31,-32,1500,1500,1.37,0.69,2.6924,3.3002,7.2901,0
17.486,27,-32,1500,1500,1.37,0.69,2.6924,3.3002,7.2901,0
17.504,23,-32,1500,1500,1.37,0.69,2.6924,3.3002,7.2901,0
17.521,18,-33,1500,1500,1.37,0.69,2.6924,3.3002,7.2901,0
17.538,14,-32,1500,1500,1.37,0.69,2.6924,3.3002,7.2901,0
17.556,10,-32,1500,1500,1.37,0.69,2.6924,3.3002,7.2901,0
17.574,5,-31,1500,1500,1.83,0.40,2.6924,3.3002,7.2901,0
17.592,2,-31,1500,1500,1.83,0.40,2.6924,3.3002,7.2901,0
17.609,-2,-32,1500,1500,1.83,0.40,2.6924,3.3002,7.2901,0
17.628,-2,-32,1500,1500,1.83,0.40,2.6924,3.3002,7.2901,0
17.647,-6,-31,1500,1500,1.83,0.40,2.9561,5.6297,8.2794,0
17.665,-14,-31,1500,1500,1.83,0.40,2.9561,5.6297,8.2794,0
17.683,-17,-32,1500,1500,1.83,0.40,2.9561,5.6297,8.2794,0
17.701,-20,-31,1500,1500,1.83,0.40,2.9561,5.6297,8.2794,0
17.718,-25,-31,1500,1500,1.83,0.40,2.9561,5.6297,8.2794,0
17.736,-28,-31,1500,1500,1.83,0.40,2.9561,5.6297,8.2794,0
17.753,-30,-30,1500,1500,1.83,0.40,2.9561,5.6297,8.2794,1
17.775,-33,-30,1500,1500,1.83,0.40,2.9561,5.6297,8.2794,1
17.794,-35,-31,1500,1500,1.83,0.40,2.9561,5.6297,8.2794,0
17.813,-37,-30,1500,1500,1.83,0.40,2.9561,5.6297,8.2794,1
17.831,-39,-30,1500,1500,1.21,0.98,2.9561,5.6297,8.2794,1
17.848,-41,-30,1500,1500,1.21,0.98,2.9561,5.6297,8.2794,1
17.866,-43,-29,1500,1500,1.21,0.98,2.9561,5.6297,8.2794,1
17.885,-44,-30,1500,1500,1.21,0.98,3.3582,6.5681,8.7279,1
17.902,-48,-30,1500,1500,1.21,0.98,3.3582,6.5681,8.7279,1
17.919,-50,-29,1500,1500,1.21,0.98,3.3582,6.5681,8.7279,1
17.936,-52,-30,1500,1500,1.21,0.98,3.3582,6.5681,8.7279,1
17.954,-54,-30,1500,1500,1.21,0.98,3.3582,6.5681,8.7279,1
17.971,-56,-29,1500,1500,1.21,0.98,3.3582,6.5681,8.7279,1
17.988,-58,-29,1500,1500,1.21,0.98,3.3582,6.5681,8.7279,1
18.006,-61,-29,1500,1500,1.21,0.98,3.3582,6.5681,8.7279,0
18.025,-63,-29,1500,1500,1.21,0.98,3.3582,6.5681,8.7279,0
18.043,-65,-29,1500,1500,1.21,0.98,3.3582,6.5681,8.7279,0
18.061,-67,-29,1500,1500,1.21,0.98,3.3582,6.5681,8.7279,0
18.080,-68,-29,1500,1500,0.57,0.92,3.3582,6.5681,8.7279,0
18.099,-70,-29,1500,1500,0.57,0.92,3.3582,6.5681,8.7279,0
18.116,-73,-29,1500,1500,0.57,0.92,3.3582,6.5681,8.7279,0
18.133,-74,-29,1500,1500,0.57,0.92,3.3194,4.7817,7.4828,0
18.151,-75,-29,1500,1500,0.57,0.92,3.3194,4.7817,7.4828,0
18.169,-77,-30,1500,1500,0.57,0.92,3.3194,4.7817,7.4828,0
18.186,-78,-29,1500,1500,0.57,0.92,3.3194,4.7817,7.4828,0
18.203,-79,-29,1500,1500,0.57,0.92,3.3194,4.7817,7.4828,0
18.220,-80,-29,1500,1500,0.57,0.92,3.3194,4.7817,7.4828,0
18.240,-81,-29,1500,1500,0.57,0.92,3.3194,4.7817,7.4828,0
18.257,-83,-29,1500,1500,0.57,0.92,3.3194,4.7817,7.4828,0
18.274,-84,-29,1500,1500,0.57,0.92,3.3194,4.7817,7.4828,0
18.291,-85,-29,1500,1500,0.57,0.92,3.3194,4.7817,7.4828,0
18.309,-86,-29,1500,1500,0.57,0.92,3.3194,4.7817,7.4828,0
18.326,-87,-29,1500,1500,-0.62,0.69,3.3194,4.7817,7.4828,0
18.344,-89,-29,1500,1500,-0.62,0.69,3.3194,4.7817,7.4828,0
18.361,-90,-29,1500,1500,-0.62,0.69,3.3194,4.7817,7.4828,0
18.380,-92,-29,1500,1500,-0.62,0.69,3.3786,3.8497,6.9129,0
18.398,-93,-29,1500,1500,-0.62,0.69,3.3786,3.8497,6.9129,0
18.415,-96,-29,1500,1500,-0.62,0.69,3.3786,3.8497,6.9129,0
18.432,-97,-29,1500,1500,-0.62,0.69,3.3786,3.8497,6.9129,0
18.450,-98,-29,1500,1500,-0.62,0.69,3.3786,3.8497,6.9129,0
18.467,-100,-29,1500,1500,-0.62,0.69,3.3786,3.8497,6.9129,0
18.484,-101,-29,1500,1500,-0.62,0.69,3.3786,3.8497,6.9129,0
18.501,-102,-29,1500,1500,-0.62,0.69,3.3786,3.8497,6.9129,0
18.520,-103,-29,1500,1500,-0.62,0.69,3.3786,3.8497,6.9129,0
18.537,-105,-29,1500,1500,-0.62,0.69,3.3786,3.8497,6.9129,0
18.554,-106,-29,1500,1500,-0.62,0.69,3.3786,3.8497,6.9129,0
18.571,-107,-29,1500,1500,-1.54,-0.10,3.3786,3.8497,6.9129,0
18.591,-108,-29,1500,1500,-1.54,-0.10,3.3786,3.8497,6.9129,0
18.609,-110,-29,1500,1500,-1.54,-0.10,3.3786,3.8497,6.9129,0
18.627,-111,-29,1500,1500,-1.54,-0.10,3.3786,3.8497,6.9129,0
18.644,-112,-29,1500,1500,-1.54,-0.10,2.7170,3.6197,4.2799,0
18.662,-114,-29,1500,1500,-1.54,-0.10,2.7170,3.6197,4.2799,0
18.679,-115,-29,1500,1500,-1.54,-0.10,2.7170,3.6197,4.2799,0
18.697,-117,-29,1500,1500,-1.54,-0.10,2.7170,3.6197,4.2799,0
18.715,-120,-29,1500,1500,-1.54,-0.10,2.7170,3.6197,4.2799,0
18.733,-122,-29,1500,1500,-1.54,-0.10,2.7170,3.6197,4.2799,0
18.750,-124,-29,1500,1500,-1.54,-0.10,2.7170,3.6197,4.2799,0
18.767,-125,-29,1500,1500,-1.54,-0.10,2.7170,3.6197,4.2799,0
18.784,-126,-29,1500,1500,-1.54,-0.10,2.7170,3.6197,4.2799,0
18.801,-127,-28,1500,1500,-1.54,-0.10,2.7170,3.6197,4.2799,0
18.819,-128,-28,1500,1500,-1.95,-0.28,2.7170,3.6197,4.2799,0
18.836,-129,-28,1500,1500,-1.95,-0.28,2.7170,3.6197,4.2799,0
18.853,-129,-28,1500,1500,-1.95,-0.28,2.7170,3.6197,4.2799,0
18.871,-130,-28,1500,1500,-1.95,-0.28,2.7170,3.6197,4.2799,0
18.889,-130,-28,1500,1500,-1.95,-0.28,2.6434,3.2256,5.0767,0
18.907,-130,-28,1500,1500,-1.95,-0.28,2.6434,3.2256,5.0767,0
18.925,-129,-29,1500,1500,-1.95,-0.28,2.6434,3.2256,5.0767,0
18.943,-129,-29,1500,1500,-1.95,-0.28,2.6434,3.2256,5.0767,0
18.963,-128,-28,1500,1500,-1.95,-0.28,2.6434,3.2256,5.0767,0
18.980,-128,-28,1500,1500,-1.95,-0.28,2.6434,3.2256,5.0767,0
18.998,-127,-28,1500,1500,-1.95,-0.28,2.6434,3.2256,5.0767,0
19.015,-126,-28,1500,1500,-1.95,-0.28,2.6434,3.2256,5.0767,0
19.033,-126,-28,1500,1500,-1.95,-0.28,2.6434,3.2256,5.0767,0
19.051,-125,-28,1500,1500,-1.95,-0.28,2.6434,3.2256,5.0767,0
19.068,-124,-28,1500,1500,-2.00,-0.42,2.6434,3.2256,5.0767,0
19.085,-123,-28,1500,1500,-2.00,-0.42,2.6434,3.2256,5.0767,0
19.102,-123,-28,1500,1500,-2.00,-0.42,2.6434,3.2256,5.0767,0
19.121,-122,-28,1500,1500,-2.00,-0.42,2.6434,3.2256,5.0767,0
19.139,-122,-28,1500,1500,-2.00,-0.42,3.0441,2.8776,6.1613,0
19.157,-120,-27,1500,1500,-2.00,-0.42,3.0441,2.8776,6.1613,0
19.179,-119,-27,1500,1500,-2.00,-0.42,3.0441,2.8776,6.1613,0
19.197,-119,-27,1500,1500,-2.00,-0.42,3.0441,2.8776,6.1613,0
19.214,-118,-27,1500,1500,-2.00,-0.42,3.0441,2.8776,6.1613,0
19.232,-118,-27,1500,1500,-2.00,-0.42,3.0441,2.8776,6.1613,0
19.250,-117,-27,1500,1500,-2.00,-0.42,3.0441,2.8776,6.1613,0
19.267,-118,-27,1500,1500,-2.00,-0.42,3.0441,2.8776,6.1613,0
19.284,-118,-27,1500,1500,-2.00,-0.42,3.0441,2.8776,6.1613,0
19.301,-118,-27,1500,1500,-2.00,-0.42,3.0441,2.8776,6.1613,0
19.319,-118,-27,1500,1500,-2.26,0.14,3.0441,2.8776,6.1613,0
19.336,-118,-26,1500,1500,-2.26,0.14,3.0441,2.8776,6.1613,0
19.354,-119,-26,1500,1500,-2.26,0.14,3.0441,2.8776,6.1613,0
19.373,-119,-27,1500,1500,-2.26,0.14,3.0441,2.8776,6.1613,0
19.393,-119,-26,1500,1500,-2.26,0.14,3.2481,2.5878,5.6576,0
19.411,-119,-26,1500,1500,-2.26,0.14,3.2481,2.5878,5.6576,0
19.428,-119,-26,1500,1500,-2.26,0.14,3.2481,2.5878,5.6576,0
19.445,-119,-26,1500,1500,-2.26,0.14,3.2481,2.5878,5.6576,0
19.463,-120,-25,1500,1500,-2.26,0.14,3.2481,2.5878,5.6576,0
19.481,-120,-25,1500,1500,-2.26,0.14,3.2481,2.5878,5.6576,0
19.498,-120,-25,1500,1500,-2.26,0.14,3.2481,2.5878,5.6576,0
19.516,-120,-25,1500,1500,-2.26,0.14,3.2481,2.5878,5.6576,0
19.534,-120,-25,1500,1500,-2.26,0.14,3.2481,2.5878,5.6576,0
19.551,-121,-25,1500,1500,-2.26,0.14,3.2481,2.5878,5.6576,0
19.568,-121,-25,1500,1500,-1.90,0.09,3.2481,2.5878,5.6576,0
19.587,-121,-25,1500,1500,-1.90,0.09,3.2481,2.5878,5.6576,0
19.604,-122,-24,1500,1500,-1.90,0.09,3.2481,2.5878,5.6576,0
19.621,-124,-25,1500,1500,-1.90,0.09,3.2481,2.5878,5.6576,0
19.639,-126,-24,1500,1500,-1.90,0.09,3.0829,2.8628,6.0051,0
19.656,-127,-24,1500,1500,-1.90,0.09,3.0829,2.8628,6.0051,0
19.673,-129,-24,1500,1500,-1.90,0.09,3.0829,2.8628,6.0051,0
19.690,-130,-24,1500,1500,-1.90,0.09,3.0829,2.8628,6.0051,0
19.707,-132,-24,1500,1500,-1.90,0.09,3.0829,2.8628,6.0051,0
19.725,-134,-24,1500,1500,-1.90,0.09,3.0829,2.8628,6.0051,0
19.742,-136,-24,1500,1500,-1.90,0.09,3.0829,2.8628,6.0051,0
19.759,-138,-23,1500,1500,-1.90,0.09,3.0829,2.8628,6.0051,0
19.777,-140,-23,1500,1500,-1.90,0.09,3.0829,2.8628,6.0051,0
19.797,-142,-23,1500,1500,-1.90,0.09,3.0829,2.8628,6.0051,0
19.814,-142,-23,1500,1500,-1.56,0.52,3.0829,2.8628,6.0051,0
19.833,-144,-23,1500,1500,-1.56,0.52,3.0829,2.8628,6.0051,0
19.851,-147,-22,1500,1500,-1.56,0.52,3.0829,2.8628,6.0051,0
19.869,-150,-23,1500,1500,-1.56,0.52,3.0829,2.8628,6.0051,0
19.887,-152,-22,1500,1500,-1.56,0.52,2.9187,3.4734,6.1411,0
19.904,-154,-22,1500,1500,-1.56,0.52,2.9187,3.4734,6.1411,0
19.921,-157,-22,1500,1500,-1.56,0.52,2.9187,3.4734,6.1411,0
19.938,-161,-21,1500,1500,-1.56,0.52,2.9187,3.4734,6.1411,0
19.955,-163,-21,1500,1500,-1.56,0.52,2.9187,3.4734,6.1411,0
19.973,-165,-21,1500,1500,-1.56,0.52,2.9187,3.4734,6.1411,0
19.990,-167,-21,1500,1500,-1.56,0.52,2.9187,3.4734,6.1411,0
20.007,-170,-21,1500,1500,-1.56,0.52,2.9187,3.4734,6.1411,0
20.025,-171,-20,1500,1500,-1.56,0.52,2.9187,3.4734,6.1411,0
20.043,-172,-20,1500,1500,-1.56,0.52,2.9187,3.4734,6.1411,0
20.060,-173,-20,1500,1500,-1.56,0.52,2.9187,3.4734,6.1411,0
20.078,-174,-21,1500,1500,-1.51,0.67,2.9187,3.4734,6.1411,0
20.099,-174,-21,1500,1500,-1.51,0.67,2.9187,3.4734,6.1411,0
20.116,-175,-20,1500,1500,-1.51,0.67,2.9187,3.4734,6.1411,0
20.134,-176,-19,1500,1500,-1.51,0.67,2.8183,3.9950,7.5660,0
20.151,-176,-19,1500,1500,-1.51,0.67,2.8183,3.9950,7.5660,0
20.168,-175,-19,1500,1500,-1.51,0.67,2.8183,3.9950,7.5660,0
20.186,-175,-19,1500,1500,-1.51,0.67,2.8183,3.9950,7.5660,0
20.203,-174,-19,1500,1500,-1.51,0.67,2.8183,3.9950,7.5660,0
20.220,-173,-19,1500,1500,-1.51,0.67,2.8183,3.9950,7.5660,0
20.238,-171,-19,1500,1500,-1.51,0.67,2.8183,3.9950,7.5660,0
20.255,-170,-19,1500,1500,-1.51,0.67,2.8183,3.9950,7.5660,0
20.272,-168,-19,1500,1500,-1.51,0.67,2.8183,3.9950,7.5660,0
20.289,-165,-19,1500,1500,-1.51,0.67,2.8183,3.9950,7.5660,0
20.306,-163,-19,1500,1500,-1.51,0.67,2.8183,3.9950,7.5660,0
20.323,-160,-19,1500,1500,-1.71,0.62,2.8183,3.9950,7.5660,0
20.341,-157,-18,1500,1500,-1.71,0.62,2.8183,3.9950,7.5660,0
20.359,-155,-18,1500,1500,-1.71,0.62,2.8183,3.9950,7.5660,0
20.376,-152,-18,1500,1500,-1.71,0.62,3.2616,4.3595,6.9828,0
20.393,-150,-18,1500,1500,-1.71,0.62,3.2616,4.3595,6.9828,0
20.411,-145,-18,1500,1500,-1.71,0.62,3.2616,4.3595,6.9828,0
20.428,-142,-18,1500,1500,-1.71,0.62,3.2616,4.3595,6.9828,0
20.445,-140,-18,1500,1500,-1.71,0.62,3.2616,4.3595,6.9828,0
20.463,-137,-17,1500,1500,-1.71,0.62,3.2616,4.3595,6.9828,0
20.480,-134,-17,1500,1500,-1.71,0.62,3.2616,4.3595,6.9828,0
20.498,-132,-17,1500,1500,-1.71,0.62,3.2616,4.3595,6.9828,0
20.515,-129,-17,1500,1500,-1.71,0.62,3.2616,4.3595,6.9828,0
20.533,-129,-17,1500,1500,-1.71,0.62,3.2616,4.3595,6.9828,0
20.550,-123,-17,1500,1500,-1.71,0.62,3.2616,4.3595,6.9828,0
20.568,-123,-17,1500,1500,-1.86,0.99,3.2616,4.3595,6.9828,0
20.586,-121,-17,1500,1500,-1.86,0.99,3.2616,4.3595,6.9828,0
20.603,-118,-17,1500,1500,-1.86,0.99,3.2616,4.3595,6.9828,0
20.621,-113,-16,1500,1500,-1.86,0.99,3.2616,4.3595,6.9828,0
20.638,-111,-16,1500,1500,-1.86,0.99,3.2650,4.1119,6.9314,0
20.656,-109,-16,1500,1500,-1.86,0.99,3.2650,4.1119,6.9314,0
20.673,-105,-16,1500,1500,-1.86,0.99,3.2650,4.1119,6.9314,0
20.690,-103,-16,1500,1500,-1.86,0.99,3.2650,4.1119,6.9314,0
20.707,-100,-16,1500,1500,-1.86,0.99,3.2650,4.1119,6.9314,0
20.724,-97,-16,1500,1500,-1.86,0.99,3.2650,4.1119,6.9314,0
20.741,-93,-16,1500,1500,-1.86,0.99,3.2650,4.1119,6.9314,0
20.762,-90,-16,1500,1500,-1.86,0.99,3.2650,4.1119,6.9314,0
20.780,-83,-15,1500,1500,-1.86,0.99,3.2650,4.1119,6.9314,0
20.797,-79,-15,1500,1500,-1.86,0.99,3.2650,4.1119,6.9314,0
20.814,-76,-15,1500,1500,-1.62,0.79,3.2650,4.1119,6.9314,0
20.831,-73,-15,1500,1500,-1.62,0.79,3.2650,4.1119,6.9314,0
20.851,-69,-15,1500,1500,-1.62,0.79,3.2650,4.1119,6.9314,0
20.870,-66,-15,1500,1500,-1.62,0.79,3.2650,4.1119,6.9314,0
20.887,-62,-14,1500,1500,-1.62,0.79,3.1172,4.6507,6.9467,0
20.905,-58,-14,1500,1500,-1.62,0.79,3.1172,4.6507,6.9467,1
20.924,-55,-14,1500,1500,-1.62,0.79,3.1172,4.6507,6.9467,1
20.942,-53,-14,1500,1500,-1.62,0.79,3.1172,4.6507,6.9467,1
20.960,-49,-14,1500,1500,-1.62,0.79,3.1172,4.6507,6.9467,1
20.979,-46,-15,1500,1500,-1.62,0.79,3.1172,4.6507,6.9467,1
20.997,-38,-14,1500,1500,-1.62,0.79,3.1172,4.6507,6.9467,1
21.014,-35,-13,1500,1500,-1.62,0.79,3.1172,4.6507,6.9467,1
21.032,-33,-14,1500,1500,-1.62,0.79,3.1172,4.6507,6.9467,1
21.051,-29,-14,1500,1500,-1.62,0.79,3.1172,4.6507,6.9467,1
21.070,-26,-13,1500,1500,-0.85,0.29,3.1172,4.6507,6.9467,1
21.088,-24,-13,1500,1500,-0.85,0.29,3.1172,4.6507,6.9467,1
21.108,-24,-13,1500,1500,-0.85,0.29,3.1172,4.6507,6.9467,1
21.125,-17,-13,1500,1500,-0.85,0.29,3.1615,5.7009,8.4640,1
21.143,-13,-12,1500,1500,-0.85,0.29,3.1615,5.7009,8.4640,1
21.160,-10,-13,1500,1500,-0.85,0.29,3.1615,5.7009,8.4640,1
21.179,-5,-12,1500,1500,-0.85,0.29,3.1615,5.7009,8.4640,1
21.196,-1,-12,1500,1500,-0.85,0.29,3.1615,5.7009,8.4640,1
21.215,8,-12,1500,1500,-0.85,0.29,3.1615,5.7009,8.4640,1
21.232,12,-12,1500,1500,-0.85,0.29,3.1615,5.7009,8.4640,1
21.249,17,-12,1500,1500,-0.85,0.29,3.1615,5.7009,8.4640,1
21.266,22,-13,1500,1500,-0.85,0.29,3.1615,5.7009,8.4640,1
21.284,26,-12,1500,1500,-0.85,0.29,3.1615,5.7009,8.4640,1
21.301,31,-12,1500,1500,-0.85,0.29,3.1615,5.7009,8.4640,1
21.319,36,-12,1500,1500,-0.17,1.10,3.1615,5.7009,8.4640,1
21.337,41,-12,1500,1500,-0.17,1.10,3.1615,5.7009,8.4640,1
21.354,46,-11,1500,1500,-0.17,1.10,3.1615,5.7009,8.4640,1
21.373,52,-12,1500,1500,-0.17,1.10,3.1615,5.7009,8.4640,1
21.392,57,-11,1500,1500,-0.17,1.10,3.2356,7.4515,9.1590,1
21.409,64,-11,1500,1500,-0.17,1.10,3.2356,7.4515,9.1590,0
21.427,69,-11,1500,1500,-0.17,1.10,3.2356,7.4515,9.1590,0
21.445,75,-10,1500,1500,-0.17,1.10,3.2356,7.4515,9.1590,0
21.463,87,-11,1500,1500,-0.17,1.10,3.2356,7.4515,9.1590,0
21.481,94,-11,1500,1500,-0.17,1.10,3.2356,7.4515,9.1590,0
21.499,101,-10,1500,1500,-0.17,1.10,3.2356,7.4515,9.1590,0
21.516,107,-10,1500,1500,-0.17,1.10,3.2356,7.4515,9.1590,0
21.533,114,-11,1500,1500,-0.17,1.10,3.2356,7.4515,9.1590,0
21.550,120,-10,1500,1500,-0.17,1.10,3.2356,7.4515,9.1590,0
21.568,126,-10,1500,1500,0.10,2.00,3.2356,7.4515,9.1590,0
21.587,133,-9,1500,1500,0.10,2.00,3.2356,7.4515,9.1590,0
21.605,133,-9,1500,1500,0.10,2.00,3.2356,7.4515,9.1590,0
21.623,138,-9,1500,1500,0.10,2.00,2.9881,6.8018,8.7867,0
21.640,150,-10,1500,1500,0.10,2.00,2.9881,6.8018,8.7867,0
21.657,156,-9,1500,1500,0.10,2.00,2.9881,6.8018,8.7867,0
21.676,161,-8,1500,1500,0.10,2.00,2.9881,6.8018,8.7867,0
21.694,166,-8,1500,1500,0.10,2.00,2.9881,6.8018,8.7867,0
21.712,171,-8,1500,1500,0.10,2.00,2.9881,6.8018,8.7867,0
21.730,180,-8,1500,1500,0.10,2.00,2.9881,6.8018,8.7867,0
21.748,184,-8,1500,1500,0.10,2.00,2.9881,6.8018,8.7867,0
21.766,189,-6,1500,1500,0.10,2.00,2.9881,6.8018,8.7867,0
21.783,193,-6,1500,1500,0.10,2.00,2.9881,6.8018,8.7867,0
21.802,197,-7,1500,1500,0.10,2.00,2.9881,6.8018,8.7867,0
21.820,201,-7,1500,1500,0.28,2.17,2.9881,6.8018,8.7867,0
21.838,206,-8,1500,1500,0.28,2.17,2.9881,6.8018,8.7867,0
21.855,210,-6,1500,1500,0.28,2.17,2.9881,6.8018,8.7867,0
21.873,215,-6,1500,1500,0.28,2.17,2.8363,5.9117,8.9375,0
21.890,219,-6,1500,1500,0.28,2.17,2.8363,5.9117,8.9375,0
21.907,224,-7,1500,1500,0.28,2.17,2.8363,5.9117,8.9375,0
21.925,229,-7,1500,1500,0.28,2.17,2.8363,5.9117,8.9375,0
21.944,234,-6,1500,1500,0.28,2.17,2.8363,5.9117,8.9375,0
21.964,244,-6,1500,1500,0.28,2.17,2.8363,5.9117,8.9375,0
21.982,250,-6,1500,1500,0.28,2.17,2.8363,5.9117,8.9375,0
22.000,256,-7,1500,1500,0.28,2.17,2.8363,5.9117,8.9375,0
22.018,262,-5,1500,1500,0.28,2.17,2.8363,5.9117,8.9375,0
22.035,268,-5,1500,1500,0.28,2.17,2.8363,5.9117,8.9375,0
22.054,273,-7,1500,1500,0.28,2.17,2.8363,5.9117,8.9375,0
22.071,0,0,1500,1500,0.10,2.50,2.8363,5.9117,8.9375,0
22.088,0,0,1500,1500,0.10,2.50,2.8363,5.9117,8.9375,0
22.107,0,0,1500,1500,0.10,2.50,2.8363,5.9117,8.9375,0
22.124,0,0,1500,1500,0.10,2.50,2.5838,5.7199,8.5614,0
22.142,0,0,1500,1500,0.10,2.50,2.5838,5.7199,8.5614,0
22.160,0,0,1500,1500,0.10,2.50,2.5838,5.7199,8.5614,0
22.177,0,0,1500,1500,0.10,2.50,2.5838,5.7199,8.5614,0
22.196,0,0,1500,1500,0.10,2.50,2.5838,5.7199,8.5614,0
22.214,0,0,1500,1500,0.10,2.50,2.5838,5.7199,8.5614,0
22.231,0,0,1500,1500,0.10,2.50,2.5838,5.7199,8.5614,0
22.248,0,0,1500,1500,0.10,2.50,2.5838,5.7199,8.5614,0
22.265,0,0,1500,1500,0.10,2.50,2.5838,5.7199,8.5614,0
22.282,0,0,1500,1500,0.10,2.50,2.5838,5.7199,8.5614,0
22.299,0,0,1500,1500,0.10,2.50,2.5838,5.7199,8.5614,0
22.317,0,0,1500,1500,0.63,2.66,2.5838,5.7199,8.5614,0
22.334,0,0,1500,1500,0.63,2.66,2.5838,5.7199,8.5614,0
22.352,0,0,1500,1500,0.63,2.66,2.5838,5.7199,8.5614,0
22.375,0,0,1500,1500,0.63,2.66,2.0800,4.1878,5.0176,0
22.393,0,0,1500,1500,0.63,2.66,2.0800,4.1878,5.0176,0
22.411,0,0,1500,1500,0.63,2.66,2.0800,4.1878,5.0176,0
22.429,0,0,1500,1500,0.63,2.66,2.0800,4.1878,5.0176,0
22.447,0,0,1500,1500,0.63,2.66,2.0800,4.1878,5.0176,0
22.465,0,0,1500,1500,0.63,2.66,2.0800,4.1878,5.0176,0
22.483,0,0,1500,1500,0.63,2.66,2.0800,4.1878,5.0176,0
22.500,0,0,1500,1500,0.63,2.66,2.0800,4.1878,5.0176,0
22.517,0,0,1500,1500,0.63,2.66,2.0800,4.1878,5.0176,0
22.535,0,0,1500,1500,0.63,2.66,2.0800,4.1878,5.0176,0
22.553,0,0,1500,1500,0.63,2.66,2.0800,4.1878,5.0176,0
22.570,0,0,1500,1500,1.34,2.15,2.0800,4.1878,5.0176,0
22.590,0,0,1500,1500,1.34,2.15,2.0800,4.1878,5.0176,0
22.610,0,0,1500,1500,1.34,2.15,2.0800,4.1878,5.0176,0
22.627,0,0,1500,1500,1.34,2.15,2.2338,4.6897,4.3459,0
22.646,0,0,1500,1500,1.34,2.15,2.2338,4.6897,4.3459,0
22.664,0,0,1500,1500,1.34,2.15,2.2338,4.6897,4.3459,0
22.682,0,0,1500,1500,1.34,2.15,2.2338,4.6897,4.3459,0
22.699,0,0,1500,1500,1.34,2.15,2.2338,4.6897,4.3459,0
22.717,0,0,1500,1500,1.34,2.15,2.2338,4.6897,4.3459,0
22.735,0,0,1500,1500,1.34,2.15,2.2338,4.6897,4.3459,0
22.754,0,0,1500,1500,1.34,2.15,2.2338,4.6897,4.3459,0
22.771,0,0,1500,1500,1.34,2.15,2.2338,4.6897,4.3459,0
22.791,0,0,1500,1500,1.34,2.15,2.2338,4.6897,4.3459,0
22.809,0,0,1500,1500,0.66,2.47,2.2338,4.6897,4.3459,0
22.826,0,0,1500,1500,0.66,2.47,2.2338,4.6897,4.3459,0
22.846,0,0,1500,1500,0.66,2.47,2.2338,4.6897,4.3459,0
22.865,0,0,1500,1500,0.66,2.47,2.2338,4.6897,4.3459,0
22.882,0,0,1500,1500,0.66,2.47,2.4870,4.3874,5.9869,0
22.899,0,0,1500,1500,0.66,2.47,2.4870,4.3874,5.9869,0
22.917,0,0,1500,1500,0.66,2.47,2.4870,4.3874,5.9869,0
22.934,0,0,1500,1500,0.66,2.47,2.4870,4.3874,5.9869,0
22.951,0,0,1500,1500,0.66,2.47,2.4870,4.3874,5.9869,0
22.968,0,0,1500,1500,0.66,2.47,2.4870,4.3874,5.9869,0
22.987,0,0,1500,1500,0.66,2.47,2.4870,4.3874,5.9869,0
23.004,0,0,1500,1500,0.66,2.47,2.4870,4.3874,5.9869,0
23.021,0,0,1500,1500,0.66,2.47,2.4870,4.3874,5.9869,0
23.038,0,0,1500,1500,0.66,2.47,2.4870,4.3874,5.9869,0
23.055,0,0,1500,1500,0.66,2.47,2.4870,4.3874,5.9869,0
23.073,0,0,1500,1500,0.30,1.75,2.4870,4.3874,5.9869,0
23.091,0,0,1500,1500,0.30,1.75,2.4870,4.3874,5.9869,0
23.108,0,0,1500,1500,0.30,1.75,2.4870,4.3874,5.9869,0
23.125,0,0,1500,1500,0.30,1.75,2.7006,4.6117,7.9241,0
23.145,0,0,1500,1500,0.30,1.75,2.7006,4.6117,7.9241,0
23.162,0,0,1500,1500,0.30,1.75,2.7006,4.6117,7.9241,0
23.179,0,0,1500,1500,0.30,1.75,2.7006,4.6117,7.9241,0
23.197,0,0,1500,1500,0.30,1.75,2.7006,4.6117,7.9241,0
23.214,0,0,1500,1500,0.30,1.75,2.7006,4.6117,7.9241,0
23.231,0,0,1500,1500,0.30,1.75,2.7006,4.6117,7.9241,0
23.248,0,0,1500,1500,0.30,1.75,2.7006,4.6117,7.9241,0
23.265,0,0,1500,1500,0.30,1.75,2.7006,4.6117,7.9241,0
23.283,0,0,1500,1500,0.30,1.75,2.7006,4.6117,7.9241,0
23.300,0,0,1500,1500,0.30,1.75,2.7006,4.6117,7.9241,0
23.318,0,0,1500,1500,0.25,1.27,2.7006,4.6117,7.9241,0
23.335,0,0,1500,1500,0.25,1.27,2.7006,4.6117,7.9241,0
23.355,0,0,1500,1500,0.25,1.27,2.7006,4.6117,7.9241,0
23.372,0,0,1500,1500,0.25,1.27,2.6433,3.4090,7.9384,0
23.390,0,0,1500,1500,0.25,1.27,2.6433,3.4090,7.9384,0
23.407,0,0,1500,1500,0.25,1.27,2.6433,3.4090,7.9384,0
23.425,0,0,1500,1500,0.25,1.27,2.6433,3.4090,7.9384,0
23.443,0,0,1500,1500,0.25,1.27,2.6433,3.4090,7.9384,0
23.460,0,0,1500,1500,0.25,1.27,2.6433,3.4090,7.9384,0
23.477,0,0,1500,1500,0.25,1.27,2.6433,3.4090,7.9384,0
23.494,0,0,1500,1500,0.25,1.27,2.6433,3.4090,7.9384,0
23.512,0,0,1500,1500,0.25,1.27,2.6433,3.4090,7.9384,0
23.529,0,0,1500,1500,0.25,1.27,2.6433,3.4090,7.9384,0
23.547,0,0,1500,1500,0.25,1.27,2.6433,3.4090,7.9384,0
23.568,0,0,1500,1500,1.71,-0.07,2.6433,3.4090,7.9384,0
23.589,0,0,1500,1500,1.71,-0.07,2.6433,3.4090,7.9384,0
23.606,0,0,1500,1500,1.71,-0.07,2.6433,3.4090,7.9384,0
23.624,0,0,1500,1500,1.71,-0.07,3.0738,3.7127,6.6507,0
23.641,0,0,1500,1500,1.71,-0.07,3.0738,3.7127,6.6507,0
23.658,0,0,1500,1500,1.71,-0.07,3.0738,3.7127,6.6507,0
23.676,0,0,1500,1500,1.71,-0.07,3.0738,3.7127,6.6507,0
23.693,0,0,1500,1500,1.71,-0.07,3.0738,3.7127,6.6507,0
23.711,0,0,1500,1500,1.71,-0.07,3.0738,3.7127,6.6507,0
23.729,0,0,1500,1500,1.71,-0.07,3.0738,3.7127,6.6507,0
23.748,0,0,1500,1500,1.71,-0.07,3.0738,3.7127,6.6507,0
23.765,0,0,1500,1500,1.71,-0.07,3.0738,3.7127,6.6507,0
23.783,0,0,1500,1500,1.71,-0.07,3.0738,3.7127,6.6507,0
23.802,0,0,1500,1500,1.71,-0.07,3.0738,3.7127,6.6507,0
23.823,0,0,1500,1500,1.37,-0.74,3.0738,3.7127,6.6507,0
23.840,0,0,1500,1500,1.37,-0.74,3.0738,3.7127,6.6507,0
23.857,0,0,1500,1500,1.37,-0.74,3.0738,3.7127,6.6507,0
23.875,0,0,1500,1500,1.37,-0.74,2.9175,4.0570,6.1046,0
23.893,0,0,1500,1500,1.37,-0.74,2.9175,4.0570,6.1046,0
23.911,0,0,1500,1500,1.37,-0.74,2.9175,4.0570,6.1046,0
23.928,0,0,1500,1500,1.37,-0.74,2.9175,4.0570,6.1046,0
23.946,0,0,1500,1500,1.37,-0.74,2.9175,4.0570,6.1046,0
23.963,0,0,1500,1500,1.37,-0.74,2.9175,4.0570,6.1046,0
23.981,0,0,1500,1500,1.37,-0.74,2.9175,4.0570,6.1046,0
23.999,0,0,1500,1500,1.37,-0.74,2.9175,4.0570,6.1046,0
24.016,0,0,1500,1500,1.37,-0.74,2.9175,4.0570,6.1046,0
24.033,0,0,1500,1500,1.37,-0.74,2.9175,4.0570,6.1046,0
24.051,0,0,1500,1500,1.37,-0.74,2.9175,4.0570,6.1046,0
24.068,287,-35,1500,1500,0.69,-0.63,2.9175,4.0570,6.1046,0
24.085,284,-35,1500,1500,0.69,-0.63,2.9175,4.0570,6.1046,0
24.103,280,-35,1500,1500,0.69,-0.63,2.9175,4.0570,6.1046,0
24.120,277,-35,1500,1500,0.69,-0.63,2.9175,4.0570,6.1046,0
24.138,272,-35,1500,1500,0.69,-0.63,2.9175,4.0570,6.1046,0
24.157,269,-35,1500,1500,0.69,-0.63,2.9175,4.0570,6.1046,0
24.175,265,-35,1500,1500,0.69,-0.63,2.9175,4.0570,6.1046,0
24.193,261,-35,1500,1500,0.69,-0.63,2.9175,4.0570,6.1046,0
24.210,258,-35,1500,1500,0.69,-0.63,2.9175,4.0570,6.1046,0
24.228,252,-36,1500,1500,0.69,-0.63,2.9175,4.0570,6.1046,0
24.246,249,-36,1500,1500,0.69,-0.63,2.9175,4.0570,6.1046,0
24.263,246,-36,1500,1500,0.69,-0.63,2.9175,4.0570,6.1046,0
24.280,0,0,1500,1500,0.69,-0.63,2.9175,4.0570,6.1046,0
24.298,240,-37,1500,1500,0.69,-0.63,2.9175,4.0570,6.1046,0
24.315,237,-36,1500,1500,-0.09,-0.53,2.9175,4.0570,6.1046,0
24.334,235,-35,1500,1500,-0.09,-0.53,2.9175,4.0570,6.1046,0
24.351,232,-36,1500,1500,-0.09,-0.53,2.9175,4.0570,6.1046,0
24.369,230,-35,1500,1500,-0.09,-0.53,2.9175,4.0570,6.1046,0
24.388,227,-35,1500,1500,-0.09,-0.53,2.9175,4.0570,6.1046,0
24.406,224,-35,1500,1500,-0.09,-0.53,2.9175,4.0570,6.1046,0
24.424,222,-36,1500,1500,-0.09,-0.53,2.9175,4.0570,6.1046,0
24.441,219,-36,1500,1500,-0.09,-0.53,2.9175,4.0570,6.1046,0
24.459,216,-37,1500,1500,-0.09,-0.53,2.9175,4.0570,6.1046,0
24.478,0,0,1500,1500,-0.09,-0.53,2.9175,4.0570,6.1046,0
24.496,212,-37,1500,1500,-0.09,-0.53,2.9175,4.0570,6.1046,0
24.513,208,-37,1500,1500,-0.09,-0.53,2.9175,4.0570,6.1046,0
24.531,206,-36,1500,1500,-0.09,-0.53,2.9175,4.0570,6.1046,0
24.549,204,-36,1500,1500,-0.09,-0.53,2.9175,4.0570,6.1046,0
24.568,203,-36,1500,1500,-0.09,-0.53,2.9175,4.0570,6.1046,0
24.586,201,-37,1500,1500,-0.09,-0.53,2.9175,4.0570,6.1046,0
24.604,200,-37,1500,1500,-0.09,-0.53,2.9175,4.0570,6.1046,0
24.623,198,-38,1500,1500,-0.29,-0.71,2.7453,4.9573,7.6147,0
24.641,197,-37,1500,1500,-0.29,-0.71,2.7453,4.9573,7.6147,0
24.658,196,-37,1500,1500,-0.29,-0.71,2.7453,4.9573,7.6147,0
24.676,195,-36,1500,1500,-0.29,-0.71,2.7453,4.9573,7.6147,0
24.694,194,-36,1500,1500,-0.29,-0.71,2.7453,4.9573,7.6147,0
24.712,193,-36,1500,1500,-0.29,-0.71,2.7453,4.9573,7.6147,0
24.729,192,-38,1500,1500,-0.29,-0.71,2.7453,4.9573,7.6147,0
24.746,191,-38,1500,1500,-0.29,-0.71,2.7453,4.9573,7.6147,0
24.764,191,-38,1500,1500,-0.29,-0.71,2.7453,4.9573,7.6147,0
24.782,190,-37,1500,1500,-0.29,-0.71,2.7453,4.9573,7.6147,0
24.800,190,-37,1500,1500,-0.29,-0.71,2.7453,4.9573,7.6147,0
24.817,189,-36,1500,1500,-0.47,-0.51,2.7453,4.9573,7.6147,0
24.834,188,-36,1500,1500,-0.47,-0.51,2.7453,4.9573,7.6147,0
24.852,186,-37,1500,1500,-0.47,-0.51,2.7453,4.9573,7.6147,0
24.869,185,-38,1500,1500,-0.47,-0.51,2.7453,4.9573,7.6147,0
24.887,184,-38,1500,1500,-0.47,-0.51,2.7453,4.9573,7.6147,0
24.907,184,-38,1500,1500,-0.47,-0.51,2.7453,4.9573,7.6147,0
24.925,182,-38,1500,1500,-0.47,-0.51,2.7453,4.9573,7.6147,0
24.944,181,-36,1500,1500,-0.47,-0.51,2.7453,4.9573,7.6147,0
24.962,179,-36,1500,1500,-0.47,-0.51,2.7453,4.9573,7.6147,0
24.979,178,-37,1500,1500,-0.47,-0.51,2.7453,4.9573,7.6147,0
24.997,177,-37,1500,1500,-0.47,-0.51,2.7453,4.9573,7.6147,0
25.015,176,-36,1500,1500,-0.47,-0.51,2.7453,4.9573,7.6147,0
25.032,176,-36,1500,1500,-0.47,-0.51,2.7453,4.9573,7.6147,0
25.050,176,-36,1500,1500,-0.47,-0.51,2.7453,4.9573,7.6147,0
25.069,176,-37,1500,1500,-0.47,-0.51,2.7453,4.9573,7.6147,0
25.087,177,-37,1500,1500,-0.47,-0.51,2.7453,4.9573,7.6147,0
25.107,178,-37,1500,1500,-0.47,-0.51,2.5010,4.9496,8.4019,0
25.125,177,-36,1500,1500,0.32,-0.38,2.5010,4.9496,8.4019,0
25.143,177,-36,1500,1500,0.32,-0.38,2.5010,4.9496,8.4019,0
25.160,177,-36,1500,1500,0.32,-0.38,2.5010,4.9496,8.4019,0
25.177,177,-36,1500,1500,0.32,-0.38,2.5010,4.9496,8.4019,0
25.195,176,-38,1500,1500,0.32,-0.38,2.5010,4.9496,8.4019,0
25.212,0,0,1500,1500,0.32,-0.38,2.5010,4.9496,8.4019,0
25.230,176,-37,1500,1500,0.32,-0.38,2.5010,4.9496,8.4019,0
25.247,175,-36,1500,1500,0.32,-0.38,2.5010,4.9496,8.4019,0
25.264,175,-36,1500,1500,0.32,-0.38,2.5010,4.9496,8.4019,0
25.281,176,-36,1500,1500,0.32,-0.38,2.5010,4.9496,8.4019,0
25.298,176,-36,1500,1500,0.32,-0.38,2.5010,4.9496,8.4019,0
25.316,176,-35,1500,1500,1.14,-0.22,2.5010,4.9496,8.4019,0
25.333,176,-35,1500,1500,1.14,-0.22,2.5010,4.9496,8.4019,0
25.350,176,-35,1500,1500,1.14,-0.22,2.5010,4.9496,8.4019,0
25.368,176,-35,1500,1500,1.14,-0.22,2.5010,4.9496,8.4019,0
25.385,177,-36,1500,1500,1.14,-0.22,2.5010,4.9496,8.4019,0
25.403,177,-36,1500,1500,1.14,-0.22,2.5010,4.9496,8.4019,0
25.420,178,-36,1500,1500,1.14,-0.22,2.5010,4.9496,8.4019,0
25.439,178,-35,1500,1500,1.14,-0.22,2.5010,4.9496,8.4019,0
25.459,178,-35,1500,1500,1.14,-0.22,2.5010,4.9496,8.4019,0
25.477,180,-34,1500,1500,1.14,-0.22,2.5010,4.9496,8.4019,0
25.494,180,-34,1500,1500,1.14,-0.22,2.5010,4.9496,8.4019,0
25.511,180,-34,1500,1500,1.14,-0.22,2.5010,4.9496,8.4019,0
25.528,179,-34,1500,1500,1.14,-0.22,2.5010,4.9496,8.4019,0
25.545,177,-34,1500,1500,1.14,-0.22,2.5010,4.9496,8.4019,0
25.563,176,-34,1500,1500,1.14,-0.22,2.5010,4.9496,8.4019,0
25.581,174,-34,1500,1500,1.14,-0.22,2.5010,4.9496,8.4019,0
25.599,174,-34,1500,1500,1.14,-0.22,2.5010,4.9496,8.4019,0
25.616,170,-34,1500,1500,1.14,-0.22,2.5693,3.8610,6.8120,0
25.633,168,-34,1500,1500,1.11,0.58,2.5693,3.8610,6.8120,0
25.650,166,-33,1500,1500,1.11,0.58,2.5693,3.8610,6.8120,0
25.668,164,-33,1500,1500,1.11,0.58,2.5693,3.8610,6.8120,0
25.686,163,-33,1500,1500,1.11,0.58,2.5693,3.8610,6.8120,0
25.704,162,-34,1500,1500,1.11,0.58,2.5693,3.8610,6.8120,0
25.722,161,-34,1500,1500,1.11,0.58,2.5693,3.8610,6.8120,0
25.739,160,-34,1500,1500,1.11,0.58,2.5693,3.8610,6.8120,0
25.756,159,-34,1500,1500,1.11,0.58,2.5693,3.8610,6.8120,0
25.774,157,-33,1500,1500,1.11,0.58,2.5693,3.8610,6.8120,0
25.792,157,-33,1500,1500,1.11,0.58,2.5693,3.8610,6.8120,0
25.810,156,-33,1500,1500,0.93,0.78,2.5693,3.8610,6.8120,0
25.828,155,-33,1500,1500,0.93,0.78,2.5693,3.8610,6.8120,0
25.846,154,-33,1500,1500,0.93,0.78,2.5693,3.8610,6.8120,0
25.863,152,-33,1500,1500,0.93,0.78,2.5693,3.8610,6.8120,0
25.880,149,-34,1500,1500,0.93,0.78,2.5693,3.8610,6.8120,0
25.899,148,-33,1500,1500,0.93,0.78,2.5693,3.8610,6.8120,0
25.916,146,-33,1500,1500,0.93,0.78,2.5693,3.8610,6.8120,0
25.933,145,-33,1500,1500,0.93,0.78,2.5693,3.8610,6.8120,0
25.951,143,-33,1500,1500,0.93,0.78,2.5693,3.8610,6.8120,0
25.969,142,-34,1500,1500,0.93,0.78,2.5693,3.8610,6.8120,0
25.987,140,-34,1500,1500,0.93,0.78,2.5693,3.8610,6.8120,0
26.005,139,-34,1500,1500,0.93,0.78,2.5693,3.8610,6.8120,0
26.022,137,-34,1500,1500,0.93,0.78,2.5693,3.8610,6.8120,0
26.040,136,-34,1500,1500,0.93,0.78,2.5693,3.8610,6.8120,0
26.058,135,-33,1500,1500,0.93,0.78,2.5693,3.8610,6.8120,0
26.075,134,-34,1500,1500,0.93,0.78,2.5693,3.8610,6.8120,0
26.093,133,-33,1500,1500,0.93,0.78,2.5693,3.8610,6.8120,0
26.112,133,-33,1500,1500,0.93,0.78,2.8321,3.8835,7.4242,0
26.131,131,-33,1500,1500,0.93,0.27,2.8321,3.8835,7.4242,0
26.149,129,-32,1500,1500,0.93,0.27,2.8321,3.8835,7.4242,0
26.167,128,-32,1500,1500,0.93,0.27,2.8321,3.8835,7.4242,0
26.184,127,-32,1500,1500,0.93,0.27,2.8321,3.8835,7.4242,0
26.202,126,-32,1500,1500,0.93,0.27,2.8321,3.8835,7.4242,0
26.220,124,-32,1500,1500,0.93,0.27,2.8321,3.8835,7.4242,0
26.237,123,-32,1500,1500,0.93,0.27,2.8321,3.8835,7.4242,0
26.254,121,-32,1500,1500,0.93,0.27,2.8321,3.8835,7.4242,0
26.273,118,-32,1500,1500,0.93,0.27,2.8321,3.8835,7.4242,0
26.290,116,-32,1500,1500,0.93,0.27,2.8321,3.8835,7.4242,0
26.308,115,-32,1500,1500,0.73,0.73,2.8321,3.8835,7.4242,0
26.325,110,-32,1500,1500,0.73,0.73,2.8321,3.8835,7.4242,0
26.343,108,-33,1500,1500,0.73,0.73,2.8321,3.8835,7.4242,0
26.361,107,-32,1500,1500,0.73,0.73,2.8321,3.8835,7.4242,0
26.378,105,-32,1500,1500,0.73,0.73,2.8321,3.8835,7.4242,0
26.395,103,-33,1500,1500,0.73,0.73,2.8321,3.8835,7.4242,0
26.413,100,-32,1500,1500,0.73,0.73,2.8321,3.8835,7.4242,0
26.430,98,-33,1500,1500,0.73,0.73,2.8321,3.8835,7.4242,0
26.448,96,-32,1500,1500,0.73,0.73,2.8321,3.8835,7.4242,0
26.466,93,-33,1500,1500,0.73,0.73,2.8321,3.8835,7.4242,0
26.484,91,-33,1500,1500,0.73,0.73,2.8321,3.8835,7.4242,0
26.503,89,-33,1500,1500,0.73,0.73,2.8321,3.8835,7.4242,0
26.521,87,-33,1500,1500,0.73,0.73,2.8321,3.8835,7.4242,0
26.539,82,-32,1500,1500,0.73,0.73,2.8321,3.8835,7.4242,0
26.556,82,-32,1500,1500,0.73,0.73,2.8321,3.8835,7.4242,0
26.573,79,-32,1500,1500,0.73,0.73,2.8321,3.8835,7.4242,0
26.591,76,-32,1500,1500,0.73,0.73,2.8321,3.8835,7.4242,0
26.609,74,-32,1500,1500,0.73,0.73,3.3385,3.3514,8.0613,0
26.626,71,-33,1500,1500,-0.33,-0.08,3.3385,3.3514,8.0613,0
26.643,68,-33,1500,1500,-0.33,-0.08,3.3385,3.3514,8.0613,0
26.660,68,-33,1500,1500,-0.33,-0.08,3.3385,3.3514,8.0613,0
26.679,65,-32,1500,1500,-0.33,-0.08,3.3385,3.3514,8.0613,0
26.696,62,-33,1500,1500,-0.33,-0.08,3.3385,3.3514,8.0613,0
26.715,56,-32,1500,1500,-0.33,-0.08,3.3385,3.3514,8.0613,0
26.733,53,-33,1500,1500,-0.33,-0.08,3.3385,3.3514,8.0613,0
26.751,48,-34,1500,1500,-0.33,-0.08,3.3385,3.3514,8.0613,0
26.769,45,-34,1500,1500,-0.33,-0.08,3.3385,3.3514,8.0613,0
26.788,43,-34,1500,1500,-0.33,-0.08,3.3385,3.3514,8.0613,0
26.806,40,-34,1500,1500,-0.45,-0.93,3.3385,3.3514,8.0613,0
26.823,38,-34,1500,1500,-0.45,-0.93,3.3385,3.3514,8.0613,0
26.840,34,-33,1500,1500,-0.45,-0.93,3.3385,3.3514,8.0613,0
26.858,34,-33,1500,1500,-0.45,-0.93,3.3385,3.3514,8.0613,0
26.875,31,-33,1500,1500,-0.45,-0.93,3.3385,3.3514,8.0613,0
26.892,30,-33,1500,1500,-0.45,-0.93,3.3385,3.3514,8.0613,0
26.909,28,-32,1500,1500,-0.45,-0.93,3.3385,3.3514,8.0613,0
26.926,26,-32,1500,1500,-0.45,-0.93,3.3385,3.3514,8.0613,0
26.944,25,-32,1500,1500,-0.45,-0.93,3.3385,3.3514,8.0613,0
26.961,23,-33,1500,1500,-0.45,-0.93,3.3385,3.3514,8.0613,0
26.979,22,-33,1500,1500,-0.45,-0.93,3.3385,3.3514,8.0613,0
26.996,20,-34,1500,1500,-0.45,-0.93,3.3385,3.3514,8.0613,0
27.014,18,-34,1500,1500,-0.45,-0.93,3.3385,3.3514,8.0613,0
27.032,17,-34,1500,1500,-0.45,-0.93,3.3385,3.3514,8.0613,0
27.049,15,-34,1500,1500,-0.45,-0.93,3.3385,3.3514,8.0613,0
27.067,15,-34,1500,1500,-0.45,-0.93,3.3385,3.3514,8.0613,0
27.085,14,-34,1500,1500,-0.45,-0.93,3.3385,3.3514,8.0613,0
27.103,13,-33,1500,1500,-0.45,-0.93,3.3385,3.3514,8.0613,0
27.122,12,-33,1500,1500,-0.99,-0.47,2.8669,3.7550,7.8685,0
27.140,10,-33,1500,1500,-0.99,-0.47,2.8669,3.7550,7.8685,0
27.159,9,-32,1500,1500,-0.99,-0.47,2.8669,3.7550,7.8685,0
27.176,8,-33,1500,1500,-0.99,-0.47,2.8785,3.9106,7.7767,0
27.193,8,-33,1500,1500,-0.99,-0.47,2.8785,3.9106,7.7767,0
27.210,7,-34,1500,1500,-0.99,-0.47,2.8785,3.9106,7.7767,0
27.228,7,-34,1500,1500,-0.99,-0.47,2.8785,3.9106,7.7767,0
27.246,7,-34,1500,1500,-0.99,-0.47,2.8785,3.9106,7.7767,0
27.265,7,-34,1500,1500,-0.99,-0.47,2.8785,3.9106,7.7767,0
27.285,7,-34,1500,1500,-0.99,-0.47,2.8785,3.9106,7.7767,0
27.302,6,-34,1500,1500,-0.98,-0.37,2.8785,3.9106,7.7767,0
27.321,6,-34,1500,1500,-0.98,-0.37,2.8785,3.9106,7.7767,0
27.339,5,-34,1500,1500,-0.98,-0.37,2.8785,3.9106,7.7767,0
27.356,5,-34,1500,1500,-0.98,-0.37,2.8785,3.9106,7.7767,0
27.374,4,-34,1500,1500,-0.98,-0.37,2.9906,3.5811,8.1449,0
27.392,2,-33,1500,1500,-0.98,-0.37,2.9906,3.5811,8.1449,0
27.409,1,-32,1500,1500,-0.98,-0.37,2.9906,3.5811,8.1449,0
27.426,1,-32,1500,1500,-0.98,-0.37,2.9906,3.5811,8.1449,0
27.444,1,-32,1500,1500,-0.98,-0.37,2.9906,3.5811,8.1449,0
27.462,0,-32,1500,1500,-0.98,-0.37,2.9906,3.5811,8.1449,0
27.479,-1,-32,1500,1500,-0.98,-0.37,2.9906,3.5811,8.1449,0
27.496,-3,-32,1500,1500,-0.98,-0.37,2.9906,3.5811,8.1449,0
27.514,-6,-32,1500,1500,-0.98,-0.37,2.9906,3.5811,8.1449,0
27.532,-7,-31,1500,1500,-0.98,-0.37,2.9906,3.5811,8.1449,0
27.549,-9,-32,1500,1500,-0.79,-0.03,2.9906,3.5811,8.1449,0
27.566,-11,-31,1500,1500,-0.79,-0.03,2.9906,3.5811,8.1449,0
27.583,-12,-32,1500,1500,-0.79,-0.03,2.9906,3.5811,8.1449,0
27.601,-14,-31,1500,1500,-0.79,-0.03,2.9906,3.5811,8.1449,0
27.619,-15,-32,1500,1500,-0.79,-0.03,2.5415,3.9799,6.0981,0
27.638,-15,-32,1500,1500,-0.79,-0.03,2.5415,3.9799,6.0981,0
27.657,-15,-31,1500,1500,-0.79,-0.03,2.5415,3.9799,6.0981,0
27.676,-15,-32,1500,1500,-0.79,-0.03,2.5415,3.9799,6.0981,0
27.693,-13,-31,1500,1500,-0.79,-0.03,2.5415,3.9799,6.0981,0
27.711,-11,-31,1500,1500,-0.79,-0.03,2.5415,3.9799,6.0981,0
27.729,-10,-32,1500,1500,-0.79,-0.03,2.5415,3.9799,6.0981,0
27.746,-8,-32,1500,1500,-0.79,-0.03,2.5415,3.9799,6.0981,0
27.764,-6,-33,1500,1500,-0.79,-0.03,2.5415,3.9799,6.0981,0
27.781,-4,-32,1500,1500,-0.79,-0.03,2.5415,3.9799,6.0981,0
27.798,-3,-32,1500,1500,-0.79,-0.03,2.5415,3.9799,6.0981,0
27.816,-1,-31,1500,1500,-0.89,0.05,2.5415,3.9799,6.0981,0
27.836,1,-30,1500,1500,-0.89,0.05,2.5415,3.9799,6.0981,1
27.855,3,-30,1500,1500,-0.89,0.05,2.5415,3.9799,6.0981,1
27.872,4,-30,1500,1500,-0.89,0.05,3.0831,3.3307,7.9217,1
27.889,6,-31,1500,1500,-0.89,0.05,3.0831,3.3307,7.9217,0
27.907,8,-30,1500,1500,-0.89,0.05,3.0831,3.3307,7.9217,1
27.924,11,-31,1500,1500,-0.89,0.05,3.0831,3.3307,7.9217,0
27.943,12,-30,1500,1500,-0.89,0.05,3.0831,3.3307,7.9217,1
27.960,14,-30,1500,1500,-0.89,0.05,3.0831,3.3307,7.9217,1
27.978,15,-30,1500,1500,-0.89,0.05,3.0831,3.3307,7.9217,1
27.995,16,-30,1500,1500,-0.89,0.05,3.0831,3.3307,7.9217,1
28.013,17,-30,1500,1500,-0.89,0.05,3.0831,3.3307,7.9217,1
28.031,18,-29,1500,1500,-0.89,0.05,3.0831,3.3307,7.9217,1
28.048,19,-30,1500,1500,-1.25,0.92,3.0831,3.3307,7.9217,1
28.067,19,-29,1500,1500,-1.25,0.92,3.0831,3.3307,7.9217,1
28.085,20,-29,1500,1500,-1.25,0.92,3.0831,3.3307,7.9217,1
28.105,20,-29,1500,1500,-1.25,0.92,3.0831,3.3307,7.9217,1
28.122,21,-29,1500,1500,-1.25,0.92,2.6208,3.6419,5.4307,1
28.140,21,-29,1500,1500,-1.25,0.92,2.6208,3.6419,5.4307,1
28.157,21,-29,1500,1500,-1.25,0.92,2.6208,3.6419,5.4307,1
28.174,21,-30,1500,1500,-1.25,0.92,2.6208,3.6419,5.4307,1
28.192,22,-29,1500,1500,-1.25,0.92,2.6208,3.6419,5.4307,1
28.209,22,-30,1500,1500,-1.25,0.92,2.6208,3.6419,5.4307,1
28.226,22,-30,1500,1500,-1.25,0.92,2.6208,3.6419,5.4307,1
28.243,23,-30,1500,1500,-1.25,0.92,2.6208,3.6419,5.4307,1
28.260,23,-30,1500,1500,-1.25,0.92,2.6208,3.6419,5.4307,1
28.278,24,-30,1500,1500,-1.25,0.92,2.6208,3.6419,5.4307,1
28.295,24,-30,1500,1500,-1.25,0.92,2.6208,3.6419,5.4307,1
28.312,25,-29,1500,1500,-0.92,0.20,2.6208,3.6419,5.4307,1
28.330,25,-29,1500,1500,-0.92,0.20,2.6208,3.6419,5.4307,1
28.347,26,-29,1500,1500,-0.92,0.20,2.6208,3.6419,5.4307,1
28.365,26,-29,1500,1500,-0.92,0.20,3.1033,3.7296,7.0712,1
28.383,27,-29,1500,1500,-0.92,0.20,3.1033,3.7296,7.0712,1
28.401,29,-30,1500,1500,-0.92,0.20,3.1033,3.7296,7.0712,1
28.418,30,-30,1500,1500,-0.92,0.20,3.1033,3.7296,7.0712,1
28.435,31,-30,1500,1500,-0.92,0.20,3.1033,3.7296,7.0712,1
28.453,32,-30,1500,1500,-0.92,0.20,3.1033,3.7296,7.0712,1
28.472,34,-31,1500,1500,-0.92,0.20,3.1033,3.7296,7.0712,0
28.489,35,-30,1500,1500,-0.92,0.20,3.1033,3.7296,7.0712,1
28.507,37,-30,1500,1500,-0.92,0.20,3.1033,3.7296,7.0712,1
28.524,39,-30,1500,1500,-0.92,0.20,3.1033,3.7296,7.0712,1
28.544,43,-29,1500,1500,-0.92,0.20,3.1033,3.7296,7.0712,1
28.561,44,-29,1500,1500,-0.46,-0.28,3.1033,3.7296,7.0712,1
28.581,46,-30,1500,1500,-0.46,-0.28,3.1033,3.7296,7.0712,1
28.599,48,-30,1500,1500,-0.46,-0.28,3.1033,3.7296,7.0712,1
28.618,50,-30,1500,1500,-0.46,-0.28,2.5882,4.1738,6.1873,1
28.638,54,-30,1500,1500,-0.46,-0.28,2.5882,4.1738,6.1873,1
28.656,56,-30,1500,1500,-0.46,-0.28,2.5882,4.1738,6.1873,1
28.674,58,-30,1500,1500,-0.46,-0.28,2.5882,4.1738,6.1873,1
28.691,60,-29,1500,1500,-0.46,-0.28,2.5882,4.1738,6.1873,1
28.709,62,-30,1500,1500,-0.46,-0.28,2.5882,4.1738,6.1873,0
28.726,64,-29,1500,1500,-0.46,-0.28,2.5882,4.1738,6.1873,0
28.744,66,-29,1500,1500,-0.46,-0.28,2.5882,4.1738,6.1873,0
28.761,67,-29,1500,1500,-0.46,-0.28,2.5882,4.1738,6.1873,0
28.778,68,-29,1500,1500,-0.46,-0.28,2.5882,4.1738,6.1873,0
28.797,69,-30,1500,1500,-0.17,0.15,2.5882,4.1738,6.1873,0
28.814,69,-30,1500,1500,-0.17,0.15,2.5882,4.1738,6.1873,0
28.832,69,-31,1500,1500,-0.17,0.15,2.5882,4.1738,6.1873,0
28.851,69,-31,1500,1500,-0.17,0.15,2.5882,4.1738,6.1873,0
28.868,69,-30,1500,1500,-0.17,0.15,2.9956,4.1796,6.9617,0
28.886,69,-30,1500,1500,-0.17,0.15,2.9956,4.1796,6.9617,0
28.904,69,-30,1500,1500,-0.17,0.15,2.9956,4.1796,6.9617,0
28.921,69,-29,1500,1500,-0.17,0.15,2.9956,4.1796,6.9617,0
28.939,68,-30,1500,1500,-0.17,0.15,2.9956,4.1796,6.9617,0
28.956,67,-31,1500,1500,-0.17,0.15,2.9956,4.1796,6.9617,0
28.975,67,-29,1500,1500,-0.17,0.15,2.9956,4.1796,6.9617,0
28.992,67,-30,1500,1500,-0.17,0.15,2.9956,4.1796,6.9617,0
29.010,67,-30,1500,1500,-0.17,0.15,2.9956,4.1796,6.9617,0
29.028,67,-30,1500,1500,-0.17,0.15,2.9956,4.1796,6.9617,0
29.045,69,-30,1500,1500,-0.14,0.01,2.9956,4.1796,6.9617,0
29.063,69,-30,1500,1500,-0.14,0.01,2.9956,4.1796,6.9617,0
29.081,70,-30,1500,1500,-0.14,0.01,2.9956,4.1796,6.9617,0
29.098,70,-30,1500,1500,-0.14,0.01,2.9956,4.1796,6.9617,0
29.116,72,-29,1500,1500,-0.14,0.01,2.8475,4.8764,7.9539,0
29.134,73,-30,1500,1500,-0.14,0.01,2.8475,4.8764,7.9539,0
29.151,74,-30,1500,1500,-0.14,0.01,2.8475,4.8764,7.9539,0
29.169,77,-30,1500,1500,-0.14,0.01,2.8475,4.8764,7.9539,0
29.187,78,-31,1500,1500,-0.14,0.01,2.8475,4.8764,7.9539,0
29.205,80,-30,1500,1500,-0.14,0.01,2.8475,4.8764,7.9539,0
29.223,82,-29,1500,1500,-0.14,0.01,2.8475,4.8764,7.9539,0
29.240,84,-30,1500,1500,-0.14,0.01,2.8475,4.8764,7.9539,0
29.257,85,-30,1500,1500,-0.14,0.01,2.8475,4.8764,7.9539,0
29.276,87,-30,1500,1500,-0.14,0.01,2.8475,4.8764,7.9539,0
29.295,89,-29,1500,1500,-0.14,0.01,2.8475,4.8764,7.9539,0
29.312,91,-30,1500,1500,0.20,-0.45,2.8475,4.8764,7.9539,0
29.329,91,-30,1500,1500,0.20,-0.45,2.8475,4.8764,7.9539,0
29.347,95,-31,1500,1500,0.20,-0.45,2.8475,4.8764,7.9539,0
29.364,95,-31,1500,1500,0.20,-0.45,2.9891,5.0279,8.7586,0
29.382,98,-29,1500,1500,0.20,-0.45,2.9891,5.0279,8.7586,0
29.401,100,-29,1500,1500,0.20,-0.45,2.9891,5.0279,8.7586,0
29.418,101,-31,1500,1500,0.20,-0.45,2.9891,5.0279,8.7586,0
29.436,105,-31,1500,1500,0.20,-0.45,2.9891,5.0279,8.7586,0
29.454,106,-30,1500,1500,0.20,-0.45,2.9891,5.0279,8.7586,0
29.471,107,-29,1500,1500,0.20,-0.45,2.9891,5.0279,8.7586,0
29.490,109,-29,1500,1500,0.20,-0.45,2.9891,5.0279,8.7586,0
29.507,111,-30,1500,1500,0.20,-0.45,2.9891,5.0279,8.7586,0
29.525,113,-31,1500,1500,0.20,-0.45,2.9891,5.0279,8.7586,0
29.542,114,-31,1500,1500,0.20,-0.45,2.9891,5.0279,8.7586,0
29.559,116,-32,1500,1500,0.71,-0.65,2.9891,5.0279,8.7586,0
29.577,117,-31,1500,1500,0.71,-0.65,2.9891,5.0279,8.7586,0
29.598,118,-31,1500,1500,0.71,-0.65,2.9891,5.0279,8.7586,0
29.615,119,-31,1500,1500,0.71,-0.65,3.1594,4.2950,8.2409,0
29.632,120,-30,1500,1500,0.71,-0.65,3.1594,4.2950,8.2409,0
29.649,121,-30,1500,1500,0.71,-0.65,3.1594,4.2950,8.2409,0
29.667,123,-29,1500,1500,0.71,-0.65,3.1594,4.2950,8.2409,0
29.685,124,-29,1500,1500,0.71,-0.65,3.1594,4.2950,8.2409,0
29.702,125,-30,1500,1500,0.71,-0.65,3.1594,4.2950,8.2409,0
29.721,127,-30,1500,1500,0.71,-0.65,3.1594,4.2950,8.2409,0
29.738,130,-30,1500,1500,0.71,-0.65,3.1594,4.2950,8.2409,0
29.756,130,-30,1500,1500,0.71,-0.65,3.1594,4.2950,8.2409,0
29.773,130,-30,1500,1500,0.71,-0.65,3.1594,4.2950,8.2409,0
29.791,132,-30,1500,1500,0.71,-0.65,3.1594,4.2950,8.2409,0
29.809,133,-29,1500,1500,0.46,0.01,3.1594,4.2950,8.2409,0
29.828,136,-29,1500,1500,0.46,0.01,3.1594,4.2950,8.2409,0
29.847,138,-29,1500,1500,0.46,0.01,3.1594,4.2950,8.2409,0
29.864,139,-28,1500,1500,0.46,0.01,3.0803,4.2700,7.0003,0
29.882,141,-28,1500,1500,0.46,0.01,3.0803,4.2700,7.0003,0
29.899,142,-28,1500,1500,0.46,0.01,3.0803,4.2700,7.0003,0
29.918,143,-29,1500,1500,0.46,0.01,3.0803,4.2700,7.0003,0
29.936,144,-28,1500,1500,0.46,0.01,3.0803,4.2700,7.0003,0
29.955,144,-29,1500,1500,0.46,0.01,3.0803,4.2700,7.0003,0
29.974,145,-28,1500,1500,0.46,0.01,3.0803,4.2700,7.0003,0
29.992,146,-28,1500,1500,0.46,0.01,3.0803,4.2700,7.0003,0
30.010,146,-28,1500,1500,0.46,0.01,3.0803,4.2700,7.0003,0
30.028,145,-27,1500,1500,0.46,0.01,3.0803,4.2700,7.0003,0
30.046,145,-27,1500,1500,-0.16,0.27,3.0803,4.2700,7.0003,0
30.063,145,-27,1500,1500,-0.16,0.27,3.0803,4.2700,7.0003,0
30.080,145,-27,1500,1500,-0.16,0.27,3.0803,4.2700,7.0003,0
30.098,145,-27,1500,1500,-0.16,0.27,3.0803,4.2700,7.0003,0
30.119,146,-27,1500,1500,-0.16,0.27,2.9029,3.7457,7.1601,0
30.136,146,-27,1500,1500,-0.16,0.27,2.9029,3.7457,7.1601,0
30.155,148,-28,1500,1500,-0.16,0.27,2.9029,3.7457,7.1601,0
30.172,149,-28,1500,1500,-0.16,0.27,2.9029,3.7457,7.1601,0
30.190,153,-27,1500,1500,-0.16,0.27,2.9029,3.7457,7.1601,0
30.207,155,-27,1500,1500,-0.16,0.27,2.9029,3.7457,7.1601,0
30.224,158,-27,1500,1500,-0.16,0.27,2.9029,3.7457,7.1601,0
30.241,161,-27,1500,1500,-0.16,0.27,2.9029,3.7457,7.1601,0
30.259,163,-27,1500,1500,-0.16,0.27,2.9029,3.7457,7.1601,0
30.276,165,-27,1500,1500,-0.16,0.27,2.9029,3.7457,7.1601,0
30.294,168,-26,1500,1500,-0.62,0.35,2.9029,3.7457,7.1601,0
30.311,170,-26,1500,1500,-0.62,0.35,2.9029,3.7457,7.1601,0
30.329,172,-26,1500,1500,-0.62,0.35,2.9029,3.7457,7.1601,0
30.346,174,-25,1500,1500,-0.62,0.35,2.9029,3.7457,7.1601,0
30.364,175,-25,1500,1500,-0.62,0.35,2.9579,3.9081,6.8733,0
30.382,177,-25,1500,1500,-0.62,0.35,2.9579,3.9081,6.8733,0
30.401,180,-25,1500,1500,-0.62,0.35,2.9579,3.9081,6.8733,0
30.419,181,-25,1500,1500,-0.62,0.35,2.9579,3.9081,6.8733,0
30.437,184,-25,1500,1500,-0.62,0.35,2.9579,3.9081,6.8733,0
30.455,188,-25,1500,1500,-0.62,0.35,2.9579,3.9081,6.8733,0
30.473,191,-25,1500,1500,-0.62,0.35,2.9579,3.9081,6.8733,0
30.490,193,-25,1500,1500,-0.62,0.35,2.9579,3.9081,6.8733,0
30.507,196,-25,1500,1500,-0.62,0.35,2.9579,3.9081,6.8733,0
30.525,199,-24,1500,1500,-0.62,0.35,2.9579,3.9081,6.8733,0
30.542,201,-24,1500,1500,-0.62,0.35,2.9579,3.9081,6.8733,0
30.561,204,-24,1500,1500,-0.33,0.57,2.9579,3.9081,6.8733,0
30.579,204,-24,1500,1500,-0.33,0.57,2.9579,3.9081,6.8733,0
30.597,210,-24,1500,1500,-0.33,0.57,2.9579,3.9081,6.8733,0
30.614,212,-23,1500,1500,-0.33,0.57,2.5062,3.7682,5.7813,0
30.632,215,-23,1500,1500,-0.33,0.57,2.5062,3.7682,5.7813,0
30.650,218,-23,1500,1500,-0.33,0.57,2.5062,3.7682,5.7813,0
30.667,221,-23,1500,1500,-0.33,0.57,2.5062,3.7682,5.7813,0
30.685,226,-23,1500,1500,-0.33,0.57,2.5062,3.7682,5.7813,0
30.703,226,-23,1500,1500,-0.33,0.57,2.5062,3.7682,5.7813,0
30.721,228,-23,1500,1500,-0.33,0.57,2.5062,3.7682,5.7813,0
30.739,230,-23,1500,1500,-0.33,0.57,2.5062,3.7682,5.7813,0
30.758,234,-23,1500,1500,-0.33,0.57,2.5062,3.7682,5.7813,0
30.778,236,-23,1500,1500,-0.33,0.57,2.5062,3.7682,5.7813,0
30.795,238,-23,1500,1500,0.50,1.06,2.5062,3.7682,5.7813,0
30.813,239,-22,1500,1500,0.50,1.06,2.5062,3.7682,5.7813,0
30.830,240,-22,1500,1500,0.50,1.06,2.5062,3.7682,5.7813,0
30.848,242,-22,1500,1500,0.50,1.06,2.5062,3.7682,5.7813,0
30.866,243,-23,1500,1500,0.50,1.06,2.6402,3.2260,5.4597,0
30.883,245,-23,1500,1500,0.50,1.06,2.6402,3.2260,5.4597,0
30.901,246,-23,1500,1500,0.50,1.06,2.6402,3.2260,5.4597,0
30.919,247,-23,1500,1500,0.50,1.06,2.6402,3.2260,5.4597,0
30.936,249,-23,1500,1500,0.50,1.06,2.6402,3.2260,5.4597,0
30.954,250,-22,1500,1500,0.50,1.06,2.6402,3.2260,5.4597,0
30.972,251,-22,1500,1500,0.50,1.06,2.6402,3.2260,5.4597,0
30.993,253,-23,1500,1500,0.50,1.06,2.6402,3.2260,5.4597,0
31.011,255,-23,1500,1500,0.50,1.06,2.6402,3.2260,5.4597,0
31.029,256,-23,1500,1500,0.50,1.06,2.6402,3.2260,5.4597,0
31.047,256,-23,1500,1500,1.19,1.04,2.6402,3.2260,5.4597,0
31.064,257,-23,1500,1500,1.19,1.04,2.6402,3.2260,5.4597,0
31.081,257,-23,1500,1500,1.19,1.04,2.6402,3.2260,5.4597,0
31.098,257,-23,1500,1500,1.19,1.04,2.6402,3.2260,5.4597,0
31.115,257,-23,1500,1500,1.19,1.04,2.8210,3.0573,5.5550,0
31.132,256,-23,1500,1500,1.19,1.04,2.8210,3.0573,5.5550,0
31.150,256,-24,1500,1500,1.19,1.04,2.8210,3.0573,5.5550,0
31.167,255,-24,1500,1500,1.19,1.04,2.8210,3.0573,5.5550,0
31.185,254,-24,1500,1500,1.19,1.04,2.8210,3.0573,5.5550,0
31.203,253,-24,1500,1500,1.19,1.04,2.8210,3.0573,5.5550,0
31.221,251,-23,1500,1500,1.19,1.04,2.8210,3.0573,5.5550,0
31.239,250,-24,1500,1500,1.19,1.04,2.8210,3.0573,5.5550,0
31.257,249,-24,1500,1500,1.19,1.04,2.8210,3.0573,5.5550,0
31.276,248,-24,1500,1500,1.19,1.04,2.8210,3.0573,5.5550,0
31.293,247,-24,1500,1500,1.11,0.25,2.8210,3.0573,5.5550,0
31.311,247,-24,1500,1500,1.11,0.25,2.8210,3.0573,5.5550,0
31.328,244,-25,1500,1500,1.11,0.25,2.8210,3.0573,5.5550,0
31.347,243,-25,1500,1500,1.11,0.25,2.8210,3.0573,5.5550,0
31.365,242,-25,1500,1500,1.11,0.25,2.5109,3.3505,5.6093,0
31.383,241,-25,1500,1500,1.11,0.25,2.5109,3.3505,5.6093,0
31.400,241,-26,1500,1500,1.11,0.25,2.5109,3.3505,5.6093,0
31.418,240,-26,1500,1500,1.11,0.25,2.5109,3.3505,5.6093,0
31.435,240,-26,1500,1500,1.11,0.25,2.5109,3.3505,5.6093,0
31.452,240,-26,1500,1500,1.11,0.25,2.5109,3.3505,5.6093,0
31.469,239,-27,1500,1500,1.11,0.25,2.5109,3.3505,5.6093,0
31.486,239,-27,1500,1500,1.11,0.25,2.5109,3.3505,5.6093,0
31.504,239,-27,1500,1500,1.11,0.25,2.5109,3.3505,5.6093,0
31.521,241,-27,1500,1500,1.11,0.25,2.5109,3.3505,5.6093,0
31.538,241,-27,1500,1500,1.11,0.25,2.5109,3.3505,5.6093,0
31.555,241,-27,1500,1500,0.59,-0.32,2.5109,3.3505,5.6093,0
31.574,242,-27,1500,1500,0.59,-0.32,2.5109,3.3505,5.6093,0
31.592,242,-26,1500,1500,0.59,-0.32,2.5109,3.3505,5.6093,0
31.610,242,-25,1500,1500,0.59,-0.32,2.8722,3.3231,7.6721,0
31.627,243,-25,1500,1500,0.59,-0.32,2.8722,3.3231,7.6721,0
31.645,243,-26,1500,1500,0.59,-0.32,2.8722,3.3231,7.6721,0
31.663,243,-26,1500,1500,0.59,-0.32,2.8722,3.3231,7.6721,0
31.680,243,-27,1500,1500,0.59,-0.32,2.8722,3.3231,7.6721,0
31.699,243,-27,1500,1500,0.59,-0.32,2.8722,3.3231,7.6721,0
31.716,244,-26,1500,1500,0.59,-0.32,2.8722,3.3231,7.6721,0
31.733,244,-26,1500,1500,0.59,-0.32,2.8722,3.3231,7.6721,0
31.750,242,-26,1500,1500,0.59,-0.32,2.8722,3.3231,7.6721,0
31.768,242,-26,1500,1500,0.59,-0.32,2.8722,3.3231,7.6721,0
31.785,241,-26,1500,1500,0.59,-0.32,2.8722,3.3231,7.6721,0
31.802,239,-27,1500,1500,0.37,-0.34,2.8722,3.3231,7.6721,0
31.820,236,-27,1500,1500,0.37,-0.34,2.8722,3.3231,7.6721,0
31.838,233,-26,1500,1500,0.37,-0.34,2.8722,3.3231,7.6721,0
31.855,230,-26,1500,1500,0.37,-0.34,2.6569,3.3510,6.1965,0
31.872,227,-27,1500,1500,0.37,-0.34,2.6569,3.3510,6.1965,0
31.889,220,-27,1500,1500,0.37,-0.34,2.6569,3.3510,6.1965,0
31.907,217,-27,1500,1500,0.37,-0.34,2.6569,3.3510,6.1965,0
31.924,214,-28,1500,1500,0.37,-0.34,2.6569,3.3510,6.1965,0
31.942,210,-28,1500,1500,0.37,-0.34,2.6569,3.3510,6.1965,0
31.960,206,-28,1500,1500,0.37,-0.34,2.6569,3.3510,6.1965,0
31.977,203,-27,1500,1500,0.37,-0.34,2.6569,3.3510,6.1965,0
31.994,200,-27,1500,1500,0.37,-0.34,2.6569,3.3510,6.1965,0
32.012,197,-27,1500,1500,0.37,-0.34,2.6569,3.3510,6.1965,0
32.030,194,-28,1500,1500,0.37,-0.34,2.6569,3.3510,6.1965,0
32.048,191,-27,1500,1500,0.88,-0.63,2.6569,3.3510,6.1965,0
32.071,188,-28,1500,1500,0.88,-0.63,2.6569,3.3510,6.1965,0
32.088,185,-28,1500,1500,0.88,-0.63,2.6569,3.3510,6.1965,0
32.106,182,-28,1500,1500,0.88,-0.63,2.2515,3.9579,4.7129,0
32.123,180,-28,1500,1500,0.88,-0.63,2.2515,3.9579,4.7129,0
32.140,175,-28,1500,1500,0.88,-0.63,2.2515,3.9579,4.7129,0
32.157,173,-28,1500,1500,0.88,-0.63,2.2515,3.9579,4.7129,0
32.174,171,-28,1500,1500,0.88,-0.63,2.2515,3.9579,4.7129,0
32.191,169,-28,1500,1500,0.88,-0.63,2.2515,3.9579,4.7129,0
32.209,167,-28,1500,1500,0.88,-0.63,2.2515,3.9579,4.7129,0
32.226,165,-29,1500,1500,0.88,-0.63,2.2515,3.9579,4.7129,0
32.243,164,-28,1500,1500,0.88,-0.63,2.2515,3.9579,4.7129,0
32.260,163,-29,1500,1500,0.88,-0.63,2.2515,3.9579,4.7129,0
32.277,162,-28,1500,1500,0.88,-0.63,2.2515,3.9579,4.7129,0
32.295,161,-28,1500,1500,0.48,-0.38,2.2515,3.9579,4.7129,0
32.313,161,-28,1500,1500,0.48,-0.38,2.2515,3.9579,4.7129,0
32.330,160,-28,1500,1500,0.48,-0.38,2.2515,3.9579,4.7129,0
32.348,160,-28,1500,1500,0.48,-0.38,2.2515,3.9579,4.7129,0
32.365,159,-28,1500,1500,0.48,-0.38,2.5263,4.0786,6.6109,0
32.382,158,-28,1500,1500,0.48,-0.38,2.5263,4.0786,6.6109,0
32.400,0,0,1500,1500,0.48,-0.38,2.5263,4.0786,6.6109,0
32.418,158,-28,1500,1500,0.48,-0.38,2.5263,4.0786,6.6109,0
32.437,158,-28,1500,1500,0.48,-0.38,2.5263,4.0786,6.6109,0
32.455,158,-28,1500,1500,0.48,-0.38,2.5263,4.0786,6.6109,0
32.472,159,-28,1500,1500,0.48,-0.38,2.5263,4.0786,6.6109,0
32.489,159,-28,1500,1500,0.48,-0.38,2.5263,4.0786,6.6109,0
32.507,158,-28,1500,1500,0.48,-0.38,2.5263,4.0786,6.6109,0
32.525,158,-28,1500,1500,0.48,-0.38,2.5263,4.0786,6.6109,0
32.542,158,-28,1500,1500,0.29,0.10,2.5263,4.0786,6.6109,0
32.560,158,-27,1500,1500,0.29,0.10,2.5263,4.0786,6.6109,0
32.577,158,-27,1500,1500,0.29,0.10,2.5263,4.0786,6.6109,0
32.595,158,-27,1500,1500,0.29,0.10,2.5263,4.0786,6.6109,0
32.613,159,-27,1500,1500,0.29,0.10,2.2282,4.0491,5.2971,0
32.632,158,-27,1500,1500,0.29,0.10,2.2282,4.0491,5.2971,0
32.649,158,-27,1500,1500,0.29,0.10,2.2282,4.0491,5.2971,0
32.667,158,-27,1500,1500,0.29,0.10,2.2282,4.0491,5.2971,0
32.684,157,-27,1500,1500,0.29,0.10,2.2282,4.0491,5.2971,0
32.701,156,-27,1500,1500,0.29,0.10,2.2282,4.0491,5.2971,0
32.718,156,-27,1500,1500,0.29,0.10,2.2282,4.0491,5.2971,0
32.736,154,-27,1500,1500,0.29,0.10,2.2282,4.0491,5.2971,0
32.753,153,-27,1500,1500,0.29,0.10,2.2282,4.0491,5.2971,0
32.771,151,-26,1500,1500,0.29,0.10,2.2282,4.0491,5.2971,0
32.789,150,-26,1500,1500,-0.05,0.73,2.2282,4.0491,5.2971,0
32.806,148,-26,1500,1500,-0.05,0.73,2.2282,4.0491,5.2971,0
32.826,147,-27,1500,1500,-0.05,0.73,2.2282,4.0491,5.2971,0
32.843,145,-27,1500,1500,-0.05,0.73,2.2282,4.0491,5.2971,0
32.860,142,-26,1500,1500,-0.05,0.73,2.5051,3.6080,5.4306,0
32.878,140,-26,1500,1500,-0.05,0.73,2.5051,3.6080,5.4306,0
32.896,138,-26,1500,1500,-0.05,0.73,2.5051,3.6080,5.4306,0
32.914,135,-27,1500,1500,-0.05,0.73,2.5051,3.6080,5.4306,0
32.931,133,-27,1500,1500,-0.05,0.73,2.5051,3.6080,5.4306,0
32.950,132,-27,1500,1500,-0.05,0.73,2.5051,3.6080,5.4306,0
32.967,130,-27,1500,1500,-0.05,0.73,2.5051,3.6080,5.4306,0
32.984,127,-26,1500,1500,-0.05,0.73,2.5051,3.6080,5.4306,0
33.003,125,-26,1500,1500,-0.05,0.73,2.5051,3.6080,5.4306,0
33.021,123,-26,1500,1500,-0.05,0.73,2.5051,3.6080,5.4306,0
33.040,122,-26,1500,1500,-0.05,0.73,2.5051,3.6080,5.4306,0
33.059,121,-26,1500,1500,0.19,0.78,2.5051,3.6080,5.4306,0
33.077,119,-26,1500,1500,0.19,0.78,2.5051,3.6080,5.4306,0
33.094,118,-26,1500,1500,0.19,0.78,2.5051,3.6080,5.4306,0
33.112,117,-26,1500,1500,0.19,0.78,2.4751,3.7150,4.9301,0
33.130,116,-26,1500,1500,0.19,0.78,2.4751,3.7150,4.9301,0
33.148,114,-26,1500,1500,0.19,0.78,2.4751,3.7150,4.9301,0
33.165,113,-26,1500,1500,0.19,0.78,2.4751,3.7150,4.9301,0
33.182,112,-26,1500,1500,0.19,0.78,2.4751,3.7150,4.9301,0
33.199,111,-25,1500,1500,0.19,0.78,2.4751,3.7150,4.9301,0
33.216,110,-25,1500,1500,0.19,0.78,2.4751,3.7150,4.9301,0
33.234,108,-26,1500,1500,0.19,0.78,2.4751,3.7150,4.9301,0
33.251,107,-26,1500,1500,0.19,0.78,2.4751,3.7150,4.9301,0
33.269,105,-26,1500,1500,0.19,0.78,2.4751,3.7150,4.9301,0
33.286,102,-26,1500,1500,0.19,0.78,2.4751,3.7150,4.9301,0
33.303,100,-27,1500,1500,-0.12,1.00,2.4751,3.7150,4.9301,0
33.321,100,-27,1500,1500,-0.12,1.00,2.4751,3.7150,4.9301,0
33.338,97,-27,1500,1500,-0.12,1.00,2.4751,3.7150,4.9301,0
33.358,96,-27,1500,1500,-0.12,1.00,2.5211,4.2286,4.9833,0
33.376,94,-28,1500,1500,-0.12,1.00,2.5211,4.2286,4.9833,0
33.393,93,-27,1500,1500,-0.12,1.00,2.5211,4.2286,4.9833,0
33.411,92,-28,1500,1500,-0.12,1.00,2.5211,4.2286,4.9833,0
33.428,91,-28,1500,1500,-0.12,1.00,2.5211,4.2286,4.9833,0
33.446,90,-27,1500,1500,-0.12,1.00,2.5211,4.2286,4.9833,0
33.463,89,-27,1500,1500,-0.12,1.00,2.5211,4.2286,4.9833,0
33.481,88,-28,1500,1500,-0.12,1.00,2.5211,4.2286,4.9833,0
33.498,87,-27,1500,1500,-0.12,1.00,2.5211,4.2286,4.9833,0
33.516,86,-27,1500,1500,-0.12,1.00,2.5211,4.2286,4.9833,0
33.533,85,-27,1500,1500,-0.12,1.00,2.5211,4.2286,4.9833,0
33.550,85,-28,1500,1500,0.02,0.31,2.5211,4.2286,4.9833,0
33.570,84,-28,1500,1500,0.02,0.31,2.5211,4.2286,4.9833,0
33.588,83,-29,1500,1500,0.02,0.31,2.5211,4.2286,4.9833,0
33.605,83,-28,1500,1500,0.02,0.31,2.8108,4.3077,7.7317,0
33.622,81,-27,1500,1500,0.02,0.31,2.8108,4.3077,7.7317,0
33.640,80,-28,1500,1500,0.02,0.31,2.8108,4.3077,7.7317,0
33.657,79,-27,1500,1500,0.02,0.31,2.8108,4.3077,7.7317,0
33.674,78,-27,1500,1500,0.02,0.31,2.8108,4.3077,7.7317,0
33.693,77,-27,1500,1500,0.02,0.31,2.8108,4.3077,7.7317,0
33.710,76,-27,1500,1500,0.02,0.31,2.8108,4.3077,7.7317,0
33.728,75,-28,1500,1500,0.02,0.31,2.8108,4.3077,7.7317,0
33.745,74,-29,1500,1500,0.02,0.31,2.8108,4.3077,7.7317,0
33.762,73,-29,1500,1500,0.02,0.31,2.8108,4.3077,7.7317,0
33.779,72,-28,1500,1500,0.02,0.31,2.8108,4.3077,7.7317,0
33.796,71,-27,1500,1500,0.34,-0.20,2.8108,4.3077,7.7317,0
33.814,71,-26,1500,1500,0.34,-0.20,2.8108,4.3077,7.7317,0
33.832,70,-27,1500,1500,0.34,-0.20,2.8108,4.3077,7.7317,0
33.850,70,-28,1500,1500,0.34,-0.20,2.5733,4.7371,7.6018,0
33.868,69,-28,1500,1500,0.34,-0.20,2.5733,4.7371,7.6018,0
33.886,69,-27,1500,1500,0.34,-0.20,2.5733,4.7371,7.6018,0
33.905,69,-26,1500,1500,0.34,-0.20,2.5733,4.7371,7.6018,0
33.923,70,-27,1500,1500,0.34,-0.20,2.5733,4.7371,7.6018,0
33.940,70,-28,1500,1500,0.34,-0.20,2.5733,4.7371,7.6018,0
33.958,70,-29,1500,1500,0.34,-0.20,2.5733,4.7371,7.6018,0
33.975,71,-28,1500,1500,0.34,-0.20,2.5733,4.7371,7.6018,0
33.993,71,-27,1500,1500,0.34,-0.20,2.5733,4.7371,7.6018,0
34.010,72,-27,1500,1500,0.34,-0.20,2.5733,4.7371,7.6018,0
34.028,73,-28,1500,1500,0.34,-0.20,2.5733,4.7371,7.6018,0
34.045,73,-28,1500,1500,0.36,0.25,2.5733,4.7371,7.6018,0
34.062,74,-29,1500,1500,0.36,0.25,2.5733,4.7371,7.6018,0
34.082,74,-28,1500,1500,0.36,0.25,2.5733,4.7371,7.6018,0
34.099,75,-27,1500,1500,0.36,0.25,2.8138,3.9687,7.5705,0
34.116,76,-27,1500,1500,0.36,0.25,2.8138,3.9687,7.5705,0
34.134,77,-26,1500,1500,0.36,0.25,2.8138,3.9687,7.5705,0
34.152,78,-26,1500,1500,0.36,0.25,2.8138,3.9687,7.5705,0
34.169,78,-26,1500,1500,0.36,0.25,2.8138,3.9687,7.5705,0
34.187,78,-26,1500,1500,0.36,0.25,2.8138,3.9687,7.5705,0
34.205,78,-27,1500,1500,0.36,0.25,2.8138,3.9687,7.5705,0
34.222,78,-26,1500,1500,0.36,0.25,2.8138,3.9687,7.5705,0
34.240,78,-26,1500,1500,0.36,0.25,2.8138,3.9687,7.5705,0
34.257,78,-26,1500,1500,0.36,0.25,2.8138,3.9687,7.5705,0
34.275,78,-27,1500,1500,0.36,0.25,2.8138,3.9687,7.5705,0
34.292,78,-27,1500,1500,0.83,0.60,2.8138,3.9687,7.5705,0
34.310,78,-27,1500,1500,0.83,0.60,2.8138,3.9687,7.5705,0
34.330,78,-27,1500,1500,0.83,0.60,2.8138,3.9687,7.5705,0
34.349,77,-27,1500,1500,0.83,0.60,3.0163,3.2694,7.4970,0
34.366,77,-26,1500,1500,0.83,0.60,3.0163,3.2694,7.4970,0
34.384,77,-26,1500,1500,0.83,0.60,3.0163,3.2694,7.4970,0
34.402,77,-26,1500,1500,0.83,0.60,3.0163,3.2694,7.4970,0
34.419,77,-26,1500,1500,0.83,0.60,3.0163,3.2694,7.4970,0
34.436,77,-26,1500,1500,0.83,0.60,3.0163,3.2694,7.4970,0
34.453,77,-26,1500,1500,0.83,0.60,3.0163,3.2694,7.4970,0
34.470,77,-26,1500,1500,0.83,0.60,3.0163,3.2694,7.4970,0
34.487,76,-26,1500,1500,0.83,0.60,3.0163,3.2694,7.4970,0
34.505,76,-26,1500,1500,0.83,0.60,3.0163,3.2694,7.4970,0
34.522,75,-26,1500,1500,0.83,0.60,3.0163,3.2694,7.4970,0
34.539,74,-26,1500,1500,0.45,1.04,3.0163,3.2694,7.4970,0
34.557,73,-26,1500,1500,0.45,1.04,3.0163,3.2694,7.4970,0
34.574,72,-26,1500,1500,0.45,1.04,3.0163,3.2694,7.4970,0
34.591,71,-26,1500,1500,0.45,1.04,3.0163,3.2694,7.4970,0
34.609,69,-26,1500,1500,0.45,1.04,3.2840,3.0733,8.1422,0
34.626,67,-26,1500,1500,0.45,1.04,3.2840,3.0733,8.1422,0
34.644,66,-26,1500,1500,0.45,1.04,3.2840,3.0733,8.1422,0
34.663,64,-26,1500,1500,0.45,1.04,3.2840,3.0733,8.1422,0
34.681,62,-26,1500,1500,0.45,1.04,3.2840,3.0733,8.1422,0
34.703,60,-26,1500,1500,0.45,1.04,3.2840,3.0733,8.1422,1
34.720,58,-26,1500,1500,0.45,1.04,3.2840,3.0733,8.1422,1
34.738,56,-26,1500,1500,0.45,1.04,3.2840,3.0733,8.1422,1
34.756,55,-27,1500,1500,0.45,1.04,3.2840,3.0733,8.1422,1
34.773,54,-27,1500,1500,0.45,1.04,3.2840,3.0733,8.1422,1
34.790,52,-28,1500,1500,0.04,0.53,3.2840,3.0733,8.1422,1
34.808,51,-27,1500,1500,0.04,0.53,3.2840,3.0733,8.1422,1
34.825,49,-28,1500,1500,0.04,0.53,3.2840,3.0733,8.1422,1
34.844,48,-26,1500,1500,0.04,0.53,3.2840,3.0733,8.1422,1
34.862,47,-26,1500,1500,0.04,0.53,2.8736,3.7482,7.3597,1
34.879,46,-27,1500,1500,0.04,0.53,2.8736,3.7482,7.3597,1
34.897,45,-26,1500,1500,0.04,0.53,2.8736,3.7482,7.3597,1
34.916,45,-26,1500,1500,0.04,0.53,2.8736,3.7482,7.3597,1
34.935,44,-27,1500,1500,0.04,0.53,2.8736,3.7482,7.3597,1
34.953,43,-27,1500,1500,0.04,0.53,2.8736,3.7482,7.3597,1
34.978,43,-27,1500,1500,0.04,0.53,2.8736,3.7482,7.3597,1
34.995,42,-28,1500,1500,0.04,0.53,2.8736,3.7482,7.3597,1
35.013,42,-28,1500,1500,0.04,0.53,2.8736,3.7482,7.3597,1
35.031,41,-27,1500,1500,0.04,0.53,2.8736,3.7482,7.3597,1
35.048,41,-27,1500,1500,-0.17,0.31,2.8736,3.7482,7.3597,1
35.066,41,-26,1500,1500,-0.17,0.31,2.8736,3.7482,7.3597,1
35.084,41,-27,1500,1500,-0.17,0.31,2.8736,3.7482,7.3597,1
35.102,41,-27,1500,1500,-0.17,0.31,2.9275,3.7659,7.3853,1
35.120,41,-26,1500,1500,-0.17,0.31,2.9275,3.7659,7.3853,1
35.137,41,-26,1500,1500,-0.17,0.31,2.9275,3.7659,7.3853,1
35.155,42,-26,1500,1500,-0.17,0.31,2.9275,3.7659,7.3853,1
35.172,42,-26,1500,1500,-0.17,0.31,2.9275,3.7659,7.3853,1
35.190,42,-26,1500,1500,-0.17,0.31,2.9275,3.7659,7.3853,1
35.209,43,-26,1500,1500,-0.17,0.31,2.9275,3.7659,7.3853,1
35.226,43,-26,1500,1500,-0.17,0.31,2.9275,3.7659,7.3853,1
35.244,44,-26,1500,1500,-0.17,0.31,2.9275,3.7659,7.3853,1
35.261,44,-26,1500,1500,-0.17,0.31,2.9275,3.7659,7.3853,1
35.279,44,-27,1500,1500,-0.17,0.31,2.9275,3.7659,7.3853,1
35.297,45,-27,1500,1500,-0.02,0.22,2.9275,3.7659,7.3853,1
35.314,45,-27,1500,1500,-0.02,0.22,2.9275,3.7659,7.3853,1
35.332,46,-26,1500,1500,-0.02,0.22,2.9275,3.7659,7.3853,1
35.350,46,-27,1500,1500,-0.02,0.22,2.5784,3.4822,5.4796,1
35.367,47,-27,1500,1500,-0.02,0.22,2.5784,3.4822,5.4796,1
35.385,48,-26,1500,1500,-0.02,0.22,2.5784,3.4822,5.4796,1
35.402,49,-26,1500,1500,-0.02,0.22,2.5784,3.4822,5.4796,1
35.419,49,-26,1500,1500,-0.02,0.22,2.5784,3.4822,5.4796,1
35.436,50,-26,1500,1500,-0.02,0.22,2.5784,3.4822,5.4796,1
35.453,51,-26,1500,1500,-0.02,0.22,2.5784,3.4822,5.4796,1
35.470,51,-26,1500,1500,-0.02,0.22,2.5784,3.4822,5.4796,1
35.488,51,-26,1500,1500,-0.02,0.22,2.5784,3.4822,5.4796,1
35.505,51,-26,1500,1500,-0.02,0.22,2.5784,3.4822,5.4796,1
35.522,51,-26,1500,1500,-0.02,0.22,2.5784,3.4822,5.4796,1
35.539,51,-26,1500,1500,-0.20,0.18,2.5784,3.4822,5.4796,1
35.556,51,-26,1500,1500,-0.20,0.18,2.5784,3.4822,5.4796,1
35.573,50,-26,1500,1500,-0.20,0.18,2.5784,3.4822,5.4796,1
35.592,50,-26,1500,1500,-0.20,0.18,2.5784,3.4822,5.4796,1
35.609,49,-26,1500,1500,-0.20,0.18,3.1119,3.1055,6.3690,1
35.626,49,-26,1500,1500,-0.20,0.18,3.1119,3.1055,6.3690,1
35.643,48,-26,1500,1500,-0.20,0.18,3.1119,3.1055,6.3690,1
35.661,48,-26,1500,1500,-0.20,0.18,3.1119,3.1055,6.3690,1
35.679,47,-27,1500,1500,-0.20,0.18,3.1119,3.1055,6.3690,1
35.700,47,-27,1500,1500,-0.20,0.18,3.1119,3.1055,6.3690,1
35.717,45,-26,1500,1500,-0.20,0.18,3.1119,3.1055,6.3690,1
35.734,44,-25,1500,1500,-0.20,0.18,3.1119,3.1055,6.3690,1
35.752,43,-25,1500,1500,-0.20,0.18,3.1119,3.1055,6.3690,1
35.769,43,-25,1500,1500,-0.20,0.18,3.1119,3.1055,6.3690,1
35.786,42,-25,1500,1500,-0.98,0.21,3.1119,3.1055,6.3690,1
35.803,41,-25,1500,1500,-0.98,0.21,3.1119,3.1055,6.3690,1
35.820,40,-25,1500,1500,-0.98,0.21,3.1119,3.1055,6.3690,1
35.837,40,-25,1500,1500,-0.98,0.21,3.1119,3.1055,6.3690,1
35.855,39,-25,1500,1500,-0.98,0.21,2.9680,2.9042,6.6858,1
35.872,39,-24,1500,1500,-0.98,0.21,2.9680,2.9042,6.6858,1
35.889,38,-24,1500,1500,-0.98,0.21,2.9680,2.9042,6.6858,1
35.908,38,-25,1500,1500,-0.98,0.21,2.9680,2.9042,6.6858,1
35.925,37,-25,1500,1500,-0.98,0.21,2.9680,2.9042,6.6858,1
35.943,37,-25,1500,1500,-0.98,0.21,2.9680,2.9042,6.6858,1
35.960,37,-25,1500,1500,-0.98,0.21,2.9680,2.9042,6.6858,1
35.977,36,-25,1500,1500,-0.98,0.21,2.9680,2.9042,6.6858,1
35.994,36,-25,1500,1500,-0.98,0.21,2.9680,2.9042,6.6858,1
36.011,36,-24,1500,1500,-0.98,0.21,2.9680,2.9042,6.6858,1
36.029,36,-24,1500,1500,-0.98,0.21,2.9680,2.9042,6.6858,1
36.046,36,-24,1500,1500,-1.44,0.46,2.9680,2.9042,6.6858,1
36.066,37,-25,1500,1500,-1.44,0.46,2.9680,2.9042,6.6858,1
36.084,37,-24,1500,1500,-1.44,0.46,2.9680,2.9042,6.6858,1
36.106,38,-25,1500,1500,-1.44,0.46,2.8128,3.2393,5.4341,1
36.123,39,-25,1500,1500,-1.44,0.46,2.8128,3.2393,5.4341,1
36.140,39,-24,1500,1500,-1.44,0.46,2.8128,3.2393,5.4341,1
36.157,40,-24,1500,1500,-1.44,0.46,2.8128,3.2393,5.4341,1
36.174,40,-24,1500,1500,-1.44,0.46,2.8128,3.2393,5.4341,1
36.191,40,-24,1500,1500,-1.44,0.46,2.8128,3.2393,5.4341,1
36.210,40,-24,1500,1500,-1.44,0.46,2.8128,3.2393,5.4341,1
36.227,40,-24,1500,1500,-1.44,0.46,2.8128,3.2393,5.4341,1
36.244,40,-24,1500,1500,-1.44,0.46,2.8128,3.2393,5.4341,1
36.262,40,-24,1500,1500,-1.44,0.46,2.8128,3.2393,5.4341,1
36.282,39,-24,1500,1500,-1.35,0.35,2.8128,3.2393,5.4341,1
36.299,39,-24,1500,1500,-1.35,0.35,2.8128,3.2393,5.4341,1
36.319,38,-24,1500,1500,-1.35,0.35,2.8128,3.2393,5.4341,1
36.338,37,-23,1500,1500,-1.35,0.35,2.8128,3.2393,5.4341,1
36.355,37,-24,1500,1500,-1.35,0.35,2.8922,3.2324,6.4484,1
36.374,36,-24,1500,1500,-1.35,0.35,2.8922,3.2324,6.4484,1
36.391,36,-24,1500,1500,-1.35,0.35,2.8922,3.2324,6.4484,1
36.408,36,-24,1500,1500,-1.35,0.35,2.8922,3.2324,6.4484,1
36.425,36,-24,1500,1500,-1.35,0.35,2.8922,3.2324,6.4484,1
36.443,36,-25,1500,1500,-1.35,0.35,2.8922,3.2324,6.4484,1
36.460,35,-24,1500,1500,-1.35,0.35,2.8922,3.2324,6.4484,1
36.477,35,-24,1500,1500,-1.35,0.35,2.8922,3.2324,6.4484,1
36.494,36,-24,1500,1500,-1.35,0.35,2.8922,3.2324,6.4484,1
36.512,36,-24,1500,1500,-1.35,0.35,2.8922,3.2324,6.4484,1
36.529,36,-23,1500,1500,-1.35,0.35,2.8922,3.2324,6.4484,1
36.547,36,-23,1500,1500,-1.25,0.65,2.8922,3.2324,6.4484,1
36.564,37,-24,1500,1500,-1.25,0.65,2.8922,3.2324,6.4484,1
36.581,37,-25,1500,1500,-1.25,0.65,2.8922,3.2324,6.4484,1
36.599,37,-25,1500,1500,-1.25,0.65,2.6776,4.0508,7.3567,1
36.616,38,-25,1500,1500,-1.25,0.65,2.6776,4.0508,7.3567,1
36.633,38,-23,1500,1500,-1.25,0.65,2.6776,4.0508,7.3567,1
36.650,38,-23,1500,1500,-1.25,0.65,2.6776,4.0508,7.3567,1
36.667,39,-23,1500,1500,-1.25,0.65,2.6776,4.0508,7.3567,1
36.684,39,-24,1500,1500,-1.25,0.65,2.6776,4.0508,7.3567,1
36.702,40,-25,1500,1500,-1.25,0.65,2.6776,4.0508,7.3567,1
36.720,40,-24,1500,1500,-1.25,0.65,2.6776,4.0508,7.3567,1
36.738,40,-23,1500,1500,-1.25,0.65,2.6776,4.0508,7.3567,1
36.755,41,-23,1500,1500,-1.25,0.65,2.6776,4.0508,7.3567,1
36.773,42,-23,1500,1500,-1.25,0.65,2.6776,4.0508,7.3567,1
36.790,43,-23,1500,1500,-0.26,1.09,2.6776,4.0508,7.3567,1
36.808,45,-24,1500,1500,-0.26,1.09,2.6776,4.0508,7.3567,1
36.825,46,-23,1500,1500,-0.26,1.09,2.6776,4.0508,7.3567,1
36.843,48,-22,1500,1500,-0.26,1.09,2.7681,5.1940,8.1344,1
36.861,49,-23,1500,1500,-0.26,1.09,2.7681,5.1940,8.1344,1
36.878,51,-23,1500,1500,-0.26,1.09,2.7681,5.1940,8.1344,1
36.896,54,-22,1500,1500,-0.26,1.09,2.7681,5.1940,8.1344,1
36.913,56,-23,1500,1500,-0.26,1.09,2.7681,5.1940,8.1344,1
36.931,63,-22,1500,1500,-0.26,1.09,2.7681,5.1940,8.1344,0
36.950,66,-22,1500,1500,-0.26,1.09,2.7681,5.1940,8.1344,0
36.967,70,-22,1500,1500,-0.26,1.09,2.7681,5.1940,8.1344,0
36.986,74,-23,1500,1500,-0.26,1.09,2.7681,5.1940,8.1344,0
37.004,77,-22,1500,1500,-0.26,1.09,2.7681,5.1940,8.1344,0
37.021,81,-22,1500,1500,-0.26,1.09,2.7681,5.1940,8.1344,0
37.038,85,-22,1500,1500,-0.23,1.01,2.7681,5.1940,8.1344,0
37.056,89,-23,1500,1500,-0.23,1.01,2.7681,5.1940,8.1344,0
37.073,92,-22,1500,1500,-0.23,1.01,2.7681,5.1940,8.1344,0
37.091,96,-21,1500,1500,-0.23,1.01,2.7085,6.1164,8.7272,0
37.108,100,-22,1500,1500,-0.23,1.01,2.7085,6.1164,8.7272,0
37.128,103,-22,1500,1500,-0.23,1.01,2.7085,6.1164,8.7272,0
37.145,107,-22,1500,1500,-0.23,1.01,2.7085,6.1164,8.7272,0
37.163,110,-21,1500,1500,-0.23,1.01,2.7085,6.1164,8.7272,0
37.181,113,-21,1500,1500,-0.23,1.01,2.7085,6.1164,8.7272,0
37.200,120,-22,1500,1500,-0.23,1.01,2.7085,6.1164,8.7272,0
37.217,123,-22,1500,1500,-0.23,1.01,2.7085,6.1164,8.7272,0
37.235,126,-22,1500,1500,-0.23,1.01,2.7085,6.1164,8.7272,0
37.253,129,-21,1500,1500,-0.23,1.01,2.7085,6.1164,8.7272,0
37.270,131,-21,1500,1500,-0.23,1.01,2.7085,6.1164,8.7272,0
37.287,134,-22,1500,1500,0.98,1.27,2.7085,6.1164,8.7272,0
37.305,138,-22,1500,1500,0.98,1.27,2.7085,6.1164,8.7272,0
37.323,141,-22,1500,1500,0.98,1.27,2.7085,6.1164,8.7272,0
37.343,141,-22,1500,1500,0.98,1.27,2.7085,6.1164,8.7272,0
37.362,147,-21,1500,1500,0.98,1.27,2.6703,4.6452,8.0542,0
37.379,150,-21,1500,1500,0.98,1.27,2.6703,4.6452,8.0542,0
37.396,152,-22,1500,1500,0.98,1.27,2.6703,4.6452,8.0542,0
37.414,159,-22,1500,1500,0.98,1.27,2.6703,4.6452,8.0542,0
37.431,162,-23,1500,1500,0.98,1.27,2.6703,4.6452,8.0542,0
37.449,165,-23,1500,1500,0.98,1.27,2.6703,4.6452,8.0542,0
37.467,169,-22,1500,1500,0.98,1.27,2.6703,4.6452,8.0542,0
37.484,172,-21,1500,1500,0.98,1.27,2.6703,4.6452,8.0542,0
37.501,176,-21,1500,1500,0.98,1.27,2.6703,4.6452,8.0542,0
37.518,179,-20,1500,1500,0.98,1.27,2.6703,4.6452,8.0542,0
37.535,182,-21,1500,1500,1.66,2.10,2.6703,4.6452,8.0542,0
37.558,185,-20,1500,1500,1.66,2.10,2.6703,4.6452,8.0542,0
37.581,185,-20,1500,1500,1.66,2.10,2.6703,4.6452,8.0542,0
37.599,190,-20,1500,1500,1.66,2.10,2.7339,3.7163,6.7338,0
37.616,193,-20,1500,1500,1.66,2.10,2.7339,3.7163,6.7338,0
37.634,197,-20,1500,1500,1.66,2.10,2.7339,3.7163,6.7338,0
37.651,199,-20,1500,1500,1.66,2.10,2.7339,3.7163,6.7338,0
37.668,201,-20,1500,1500,1.66,2.10,2.7339,3.7163,6.7338,0
37.685,203,-20,1500,1500,1.66,2.10,2.7339,3.7163,6.7338,0
37.704,204,-20,1500,1500,1.66,2.10,2.7339,3.7163,6.7338,0
37.722,206,-20,1500,1500,1.66,2.10,2.7339,3.7163,6.7338,0
37.739,207,-21,1500,1500,1.66,2.10,2.7339,3.7163,6.7338,0
37.756,208,-21,1500,1500,1.66,2.10,2.7339,3.7163,6.7338,0
37.773,209,-21,1500,1500,1.66,2.10,2.7339,3.7163,6.7338,0
37.794,210,-21,1500,1500,1.37,1.95,2.7339,3.7163,6.7338,0
37.815,210,-21,1500,1500,1.37,1.95,2.7339,3.7163,6.7338,0
37.833,210,-21,1500,1500,1.37,1.95,2.7339,3.7163,6.7338,0
37.850,211,-20,1500,1500,1.37,1.95,2.8899,3.2774,6.5045,0
37.868,211,-21,1500,1500,1.37,1.95,2.8899,3.2774,6.5045,0
37.885,210,-21,1500,1500,1.37,1.95,2.8899,3.2774,6.5045,0
37.903,210,-22,1500,1500,1.37,1.95,2.8899,3.2774,6.5045,0
37.920,209,-22,1500,1500,1.37,1.95,2.8899,3.2774,6.5045,0
37.938,207,-22,1500,1500,1.37,1.95,2.8899,3.2774,6.5045,0
37.956,206,-22,1500,1500,1.37,1.95,2.8899,3.2774,6.5045,0
37.975,205,-22,1500,1500,1.37,1.95,2.8899,3.2774,6.5045,0
37.992,203,-22,1500,1500,1.37,1.95,2.8899,3.2774,6.5045,0
38.010,202,-22,1500,1500,1.37,1.95,2.8899,3.2774,6.5045,0
38.029,198,-23,1500,1500,1.37,1.95,2.8899,3.2774,6.5045,0
38.047,198,-23,1500,1500,1.21,1.19,2.8899,3.2774,6.5045,0
38.064,196,-23,1500,1500,1.21,1.19,2.8899,3.2774,6.5045,0
38.082,194,-23,1500,1500,1.21,1.19,2.8899,3.2774,6.5045,0
38.100,191,-23,1500,1500,1.21,1.19,2.8744,3.0861,5.4264,0
38.118,189,-23,1500,1500,1.21,1.19,2.8744,3.0861,5.4264,0
38.137,184,-25,1500,1500,1.21,1.19,2.8744,3.0861,5.4264,0
38.154,181,-25,1500,1500,1.21,1.19,2.8744,3.0861,5.4264,0
38.172,179,-25,1500,1500,1.21,1.19,2.8744,3.0861,5.4264,0
38.189,176,-26,1500,1500,1.21,1.19,2.8744,3.0861,5.4264,0
38.206,173,-25,1500,1500,1.21,1.19,2.8744,3.0861,5.4264,0
38.223,171,-25,1500,1500,1.21,1.19,2.8744,3.0861,5.4264,0
38.240,168,-25,1500,1500,1.21,1.19,2.8744,3.0861,5.4264,0
38.258,166,-26,1500,1500,1.21,1.19,2.8744,3.0861,5.4264,0
38.275,163,-26,1500,1500,1.21,1.19,2.8744,3.0861,5.4264,0
38.293,160,-26,1500,1500,0.45,0.11,2.8744,3.0861,5.4264,0
38.314,157,-26,1500,1500,0.45,0.11,2.8744,3.0861,5.4264,0
38.331,153,-27,1500,1500,0.45,0.11,2.8744,3.0861,5.4264,0
38.350,151,-26,1500,1500,0.45,0.11,2.6370,3.0694,5.7038,0
38.368,148,-27,1500,1500,0.45,0.11,2.6370,3.0694,5.7038,0
38.387,144,-27,1500,1500,0.45,0.11,2.6370,3.0694,5.7038,0
38.405,137,-27,1500,1500,0.45,0.11,2.6370,3.0694,5.7038,0
38.422,133,-27,1500,1500,0.45,0.11,2.6370,3.0694,5.7038,0
38.440,130,-27,1500,1500,0.45,0.11,2.6370,3.0694,5.7038,0
38.457,127,-27,1500,1500,0.45,0.11,2.6370,3.0694,5.7038,0
38.474,125,-28,1500,1500,0.45,0.11,2.6370,3.0694,5.7038,0
38.491,122,-28,1500,1500,0.45,0.11,2.6370,3.0694,5.7038,0
38.509,120,-28,1500,1500,0.45,0.11,2.6370,3.0694,5.7038,0
38.527,118,-27,1500,1500,-0.59,-0.41,2.6370,3.0694,5.7038,0
38.546,116,-27,1500,1500,-0.59,-0.41,2.6370,3.0694,5.7038,0
38.563,115,-27,1500,1500,-0.59,-0.41,2.6370,3.0694,5.7038,0
38.580,113,-27,1500,1500,-0.59,-0.41,2.6370,3.0694,5.7038,0
38.598,110,-27,1500,1500,-0.59,-0.41,2.5697,3.3594,5.4486,0
38.615,105,-28,1500,1500,-0.59,-0.41,2.5697,3.3594,5.4486,0
38.633,103,-29,1500,1500,-0.59,-0.41,2.5697,3.3594,5.4486,0
38.650,100,-29,1500,1500,-0.59,-0.41,2.5697,3.3594,5.4486,0
38.668,97,-28,1500,1500,-0.59,-0.41,2.5697,3.3594,5.4486,0
38.685,94,-28,1500,1500,-0.59,-0.41,2.5697,3.3594,5.4486,0
38.702,90,-28,1500,1500,-0.59,-0.41,2.5697,3.3594,5.4486,0
38.720,87,-28,1500,1500,-0.59,-0.41,2.5697,3.3594,5.4486,0
38.738,85,-28,1500,1500,-0.59,-0.41,2.5697,3.3594,5.4486,0
38.755,82,-28,1500,1500,-0.59,-0.41,2.5697,3.3594,5.4486,0
38.775,79,-28,1500,1500,-0.59,-0.41,2.5697,3.3594,5.4486,0
38.793,76,-28,1500,1500,-1.27,-0.03,2.5697,3.3594,5.4486,0
38.811,74,-28,1500,1500,-1.27,-0.03,2.5697,3.3594,5.4486,0
38.828,71,-28,1500,1500,-1.27,-0.03,2.5697,3.3594,5.4486,0
38.846,65,-28,1500,1500,-1.27,-0.03,2.2716,3.5457,4.5980,0
38.863,62,-28,1500,1500,-1.27,-0.03,2.2716,3.5457,4.5980,0
38.881,59,-28,1500,1500,-1.27,-0.03,2.2716,3.5457,4.5980,1
38.898,59,-28,1500,1500,-1.27,-0.03,2.2716,3.5457,4.5980,1
38.919,54,-29,1500,1500,-1.27,-0.03,2.2716,3.5457,4.5980,1
38.938,51,-29,1500,1500,-1.27,-0.03,2.2716,3.5457,4.5980,1
38.956,49,-29,1500,1500,-1.27,-0.03,2.2716,3.5457,4.5980,1
38.974,47,-29,1500,1500,-1.27,-0.03,2.2716,3.5457,4.5980,1
38.992,45,-29,1500,1500,-1.27,-0.03,2.2716,3.5457,4.5980,1
39.009,44,-29,1500,1500,-1.27,-0.03,2.2716,3.5457,4.5980,1
39.026,42,-29,1500,1500,-0.63,0.15,2.2716,3.5457,4.5980,1
39.043,41,-29,1500,1500,-0.63,0.15,2.2716,3.5457,4.5980,1
39.061,40,-29,1500,1500,-0.63,0.15,2.2716,3.5457,4.5980,1
39.078,40,-29,1500,1500,-0.63,0.15,2.2716,3.5457,4.5980,1
39.097,39,-29,1500,1500,-0.63,0.15,2.5282,3.3562,4.6780,1
39.116,39,-29,1500,1500,-0.63,0.15,2.5282,3.3562,4.6780,1
39.134,39,-29,1500,1500,-0.63,0.15,2.5282,3.3562,4.6780,1
39.151,40,-29,1500,1500,-0.63,0.15,2.5282,3.3562,4.6780,1
39.169,40,-29,1500,1500,-0.63,0.15,2.5282,3.3562,4.6780,1
39.186,40,-29,1500,1500,-0.63,0.15,2.5282,3.3562,4.6780,1
39.203,40,-29,1500,1500,-0.63,0.15,2.5282,3.3562,4.6780,1
39.222,40,-29,1500,1500,-0.63,0.15,2.5282,3.3562,4.6780,1
39.240,40,-29,1500,1500,-0.63,0.15,2.5282,3.3562,4.6780,1
39.257,40,-29,1500,1500,-0.63,0.15,2.5282,3.3562,4.6780,1
39.275,40,-29,1500,1500,0.13,0.33,2.5282,3.3562,4.6780,1
39.292,40,-29,1500,1500,0.13,0.33,2.5282,3.3562,4.6780,1
39.310,39,-29,1500,1500,0.13,0.33,2.5282,3.3562,4.6780,1
39.327,39,-29,1500,1500,0.13,0.33,2.5282,3.3562,4.6780,1
39.345,39,-30,1500,1500,0.13,0.33,2.5634,2.8371,6.1284,1
39.363,39,-29,1500,1500,0.13,0.33,2.5634,2.8371,6.1284,1
39.380,39,-29,1500,1500,0.13,0.33,2.5634,2.8371,6.1284,1
39.399,40,-29,1500,1500,0.13,0.33,2.5634,2.8371,6.1284,1
39.416,40,-29,1500,1500,0.13,0.33,2.5634,2.8371,6.1284,1
39.434,40,-29,1500,1500,0.13,0.33,2.5634,2.8371,6.1284,1
39.452,41,-28,1500,1500,0.13,0.33,2.5634,2.8371,6.1284,1
39.470,41,-29,1500,1500,0.13,0.33,2.5634,2.8371,6.1284,1
39.489,42,-29,1500,1500,0.13,0.33,2.5634,2.8371,6.1284,1
39.508,42,-28,1500,1500,0.13,0.33,2.5634,2.8371,6.1284,1
39.526,43,-29,1500,1500,0.10,0.52,2.5634,2.8371,6.1284,1
39.543,43,-29,1500,1500,0.10,0.52,2.5634,2.8371,6.1284,1
39.561,44,-29,1500,1500,0.10,0.52,2.5634,2.8371,6.1284,1
39.578,44,-28,1500,1500,0.10,0.52,2.5634,2.8371,6.1284,1
39.595,44,-28,1500,1500,0.10,0.52,2.6690,3.0280,5.8215,1
39.614,45,-28,1500,1500,0.10,0.52,2.6690,3.0280,5.8215,1
39.631,46,-28,1500,1500,0.10,0.52,2.6690,3.0280,5.8215,1
39.648,46,-28,1500,1500,0.10,0.52,2.6690,3.0280,5.8215,1
39.665,46,-28,1500,1500,0.10,0.52,2.6690,3.0280,5.8215,1
39.683,46,-28,1500,1500,0.10,0.52,2.6690,3.0280,5.8215,1
39.701,45,-29,1500,1500,0.10,0.52,2.6690,3.0280,5.8215,1
39.720,45,-28,1500,1500,0.10,0.52,2.6690,3.0280,5.8215,1
39.739,45,-28,1500,1500,0.10,0.52,2.6690,3.0280,5.8215,1
39.757,44,-28,1500,1500,0.10,0.52,2.6690,3.0280,5.8215,1
39.774,43,-29,1500,1500,0.10,0.52,2.6690,3.0280,5.8215,1
39.792,42,-29,1500,1500,-0.43,0.66,2.6690,3.0280,5.8215,1
39.809,41,-29,1500,1500,-0.43,0.66,2.6690,3.0280,5.8215,1
39.827,39,-29,1500,1500,-0.43,0.66,2.6690,3.0280,5.8215,1
39.844,37,-29,1500,1500,-0.43,0.66,2.9144,2.8529,5.8386,1
39.862,36,-29,1500,1500,-0.43,0.66,2.9144,2.8529,5.8386,1
39.880,34,-29,1500,1500,-0.43,0.66,2.9144,2.8529,5.8386,1
39.897,32,-29,1500,1500,-0.43,0.66,2.9144,2.8529,5.8386,1
39.921,29,-29,1500,1500,-0.43,0.66,2.9144,2.8529,5.8386,1
39.939,28,-30,1500,1500,-0.43,0.66,2.9144,2.8529,5.8386,1
39.956,26,-29,1500,1500,-0.43,0.66,2.9144,2.8529,5.8386,1
39.975,25,-29,1500,1500,-0.43,0.66,2.9144,2.8529,5.8386,1
39.992,24,-30,1500,1500,-0.43,0.66,2.9144,2.8529,5.8386,1
40.010,22,-30,1500,1500,-0.43,0.66,2.9144,2.8529,5.8386,1
40.030,18,-30,1500,1500,-0.95,0.55,2.9144,2.8529,5.8386,1
40.049,16,-30,1500,1500,-0.95,0.55,2.9144,2.8529,5.8386,1
40.068,14,-30,1500,1500,-0.95,0.55,2.9144,2.8529,5.8386,1
40.086,14,-30,1500,1500,-0.95,0.55,2.5605,2.9853,5.4049,1
40.103,12,-30,1500,1500,-0.95,0.55,2.5605,2.9853,5.4049,1
40.121,10,-30,1500,1500,-0.95,0.55,2.5605,2.9853,5.4049,1
40.139,6,-29,1500,1500,-0.95,0.55,2.5605,2.9853,5.4049,1
40.156,4,-29,1500,1500,-0.95,0.55,2.5605,2.9853,5.4049,1
40.173,2,-30,1500,1500,-0.95,0.55,2.5605,2.9853,5.4049,1
40.190,0,-29,1500,1500,-0.95,0.55,2.5605,2.9853,5.4049,1
40.208,-2,-30,1500,1500,-0.95,0.55,2.5605,2.9853,5.4049,1
40.225,-3,-30,1500,1500,-0.95,0.55,2.5605,2.9853,5.4049,1
40.243,-5,-30,1500,1500,-0.95,0.55,2.5605,2.9853,5.4049,1
40.260,-5,-30,1500,1500,-0.95,0.55,2.5605,2.9853,5.4049,1
40.277,-6,-30,1500,1500,-0.87,0.29,2.5605,2.9853,5.4049,1
40.296,-6,-30,1500,1500,-0.87,0.29,2.5605,2.9853,5.4049,1
40.314,-7,-29,1500,1500,-0.87,0.29,2.5605,2.9853,5.4049,1
40.332,-8,-29,1500,1500,-0.87,0.29,2.5605,2.9853,5.4049,1
40.350,-8,-30,1500,1500,-0.87,0.29,2.6951,3.6205,5.6051,1
40.368,-9,-30,1500,1500,-0.87,0.29,2.6951,3.6205,5.6051,1
40.385,-10,-30,1500,1500,-0.87,0.29,2.6951,3.6205,5.6051,1
40.402,-10,-31,1500,1500,-0.87,0.29,2.6951,3.6205,5.6051,0
40.419,-11,-31,1500,1500,-0.87,0.29,2.6951,3.6205,5.6051,0
40.437,-12,-30,1500,1500,-0.87,0.29,2.6951,3.6205,5.6051,1
40.455,-12,-30,1500,1500,-0.87,0.29,2.6951,3.6205,5.6051,1
40.473,-13,-30,1500,1500,-0.87,0.29,2.6951,3.6205,5.6051,1
40.490,-14,-30,1500,1500,-0.87,0.29,2.6951,3.6205,5.6051,1
40.508,-14,-30,1500,1500,-0.87,0.29,2.6951,3.6205,5.6051,1
40.526,-15,-30,1500,1500,-0.87,0.31,2.6951,3.6205,5.6051,1
40.543,-16,-30,1500,1500,-0.87,0.31,2.6951,3.6205,5.6051,1
40.561,-17,-29,1500,1500,-0.87,0.31,2.6951,3.6205,5.6051,1
40.579,-18,-29,1500,1500,-0.87,0.31,2.6951,3.6205,5.6051,1
40.596,-18,-29,1500,1500,-0.87,0.31,2.4768,3.6395,4.9792,1
40.617,-20,-30,1500,1500,-0.87,0.31,2.4768,3.6395,4.9792,1
40.634,-21,-29,1500,1500,-0.87,0.31,2.4768,3.6395,4.9792,1
40.651,-21,-29,1500,1500,-0.87,0.31,2.4768,3.6395,4.9792,1
40.669,-22,-29,1500,1500,-0.87,0.31,2.4768,3.6395,4.9792,1
40.686,-23,-29,1500,1500,-0.87,0.31,2.4768,3.6395,4.9792,1
40.704,-24,-30,1500,1500,-0.87,0.31,2.4768,3.6395,4.9792,1
40.723,-25,-30,1500,1500,-0.87,0.31,2.4768,3.6395,4.9792,1
40.740,-26,-30,1500,1500,-0.87,0.31,2.4768,3.6395,4.9792,1
40.760,-26,-30,1500,1500,-0.87,0.31,2.4768,3.6395,4.9792,1
40.778,-26,-31,1500,1500,-0.44,-0.09,2.4768,3.6395,4.9792,0
40.795,-26,-31,1500,1500,-0.44,-0.09,2.4768,3.6395,4.9792,0
40.812,-25,-31,1500,1500,-0.44,-0.09,2.4768,3.6395,4.9792,0
40.830,-23,-31,1500,1500,-0.44,-0.09,2.4768,3.6395,4.9792,0
40.847,-21,-31,1500,1500,-0.44,-0.09,2.3543,4.2701,4.9981,0
40.865,-18,-31,1500,1500,-0.44,-0.09,2.3543,4.2701,4.9981,0
40.884,-16,-31,1500,1500,-0.44,-0.09,2.3543,4.2701,4.9981,0
40.901,-14,-30,1500,1500,-0.44,-0.09,2.3543,4.2701,4.9981,1
40.919,-12,-29,1500,1500,-0.44,-0.09,2.3543,4.2701,4.9981,1
40.936,-9,-29,1500,1500,-0.44,-0.09,2.3543,4.2701,4.9981,1
40.953,-7,-29,1500,1500,-0.44,-0.09,2.3543,4.2701,4.9981,1
40.972,-5,-29,1500,1500,-0.44,-0.09,2.3543,4.2701,4.9981,1
40.990,-3,-29,1500,1500,-0.44,-0.09,2.3543,4.2701,4.9981,1
41.007,0,-29,1500,1500,-0.44,-0.09,2.3543,4.2701,4.9981,1
41.025,3,-29,1500,1500,-0.17,0.36,2.3543,4.2701,4.9981,1
41.043,5,-30,1500,1500,-0.17,0.36,2.3543,4.2701,4.9981,1
41.061,7,-29,1500,1500,-0.17,0.36,2.3543,4.2701,4.9981,1
41.078,9,-29,1500,1500,-0.17,0.36,2.3543,4.2701,4.9981,1
41.096,11,-29,1500,1500,-0.17,0.36,2.6635,3.2710,6.3199,1
41.113,15,-29,1500,1500,-0.17,0.36,2.6635,3.2710,6.3199,1
41.132,17,-29,1500,1500,-0.17,0.36,2.6635,3.2710,6.3199,1
41.151,19,-29,1500,1500,-0.17,0.36,2.6635,3.2710,6.3199,1
41.169,20,-29,1500,1500,-0.17,0.36,2.6635,3.2710,6.3199,1
41.186,22,-28,1500,1500,-0.17,0.36,2.6635,3.2710,6.3199,1
41.205,24,-28,1500,1500,-0.17,0.36,2.6635,3.2710,6.3199,1
41.223,26,-28,1500,1500,-0.17,0.36,2.6635,3.2710,6.3199,1
41.240,28,-29,1500,1500,-0.17,0.36,2.6635,3.2710,6.3199,1
41.258,30,-28,1500,1500,-0.17,0.36,2.6635,3.2710,6.3199,1
41.275,31,-28,1500,1500,-0.13,0.71,2.6635,3.2710,6.3199,1
41.292,33,-28,1500,1500,-0.13,0.71,2.6635,3.2710,6.3199,1
41.309,35,-28,1500,1500,-0.13,0.71,2.6635,3.2710,6.3199,1
41.327,35,-28,1500,1500,-0.13,0.71,2.6635,3.2710,6.3199,1
41.344,36,-28,1500,1500,-0.13,0.71,2.6660,3.0690,5.9488,1
41.362,36,-28,1500,1500,-0.13,0.71,2.6660,3.0690,5.9488,1
41.379,36,-28,1500,1500,-0.13,0.71,2.6660,3.0690,5.9488,1
41.396,36,-28,1500,1500,-0.13,0.71,2.6660,3.0690,5.9488,1
41.413,35,-28,1500,1500,-0.13,0.71,2.6660,3.0690,5.9488,1
41.430,34,-28,1500,1500,-0.13,0.71,2.6660,3.0690,5.9488,1
41.449,33,-27,1500,1500,-0.13,0.71,2.6660,3.0690,5.9488,1
41.470,32,-27,1500,1500,-0.13,0.71,2.6660,3.0690,5.9488,1
41.487,30,-27,1500,1500,-0.13,0.71,2.6660,3.0690,5.9488,1
41.504,28,-28,1500,1500,-0.13,0.71,2.6660,3.0690,5.9488,1
41.525,26,-27,1500,1500,-0.03,1.21,2.6660,3.0690,5.9488,1
41.542,24,-27,1500,1500,-0.03,1.21,2.6660,3.0690,5.9488,1
41.559,22,-27,1500,1500,-0.03,1.21,2.6660,3.0690,5.9488,1
41.576,20,-27,1500,1500,-0.03,1.21,2.6660,3.0690,5.9488,1
41.593,17,-27,1500,1500,-0.03,1.21,2.5679,3.0989,5.3453,1
41.611,17,-27,1500,1500,-0.03,1.21,2.5679,3.0989,5.3453,1
41.628,16,-28,1500,1500,-0.03,1.21,2.5679,3.0989,5.3453,1
41.645,14,-28,1500,1500,-0.03,1.21,2.5679,3.0989,5.3453,1
41.664,12,-28,1500,1500,-0.03,1.21,2.5679,3.0989,5.3453,1
41.681,11,-28,1500,1500,-0.03,1.21,2.5679,3.0989,5.3453,1
41.698,10,-28,1500,1500,-0.03,1.21,2.5679,3.0989,5.3453,1
41.716,9,-28,1500,1500,-0.03,1.21,2.5679,3.0989,5.3453,1
41.733,9,-28,1500,1500,-0.03,1.21,2.5679,3.0989,5.3453,1
41.751,9,-28,1500,1500,-0.03,1.21,2.5679,3.0989,5.3453,1
41.768,9,-28,1500,1500,-0.03,1.21,2.5679,3.0989,5.3453,1
41.785,9,-28,1500,1500,-0.26,0.91,2.5679,3.0989,5.3453,1
41.803,10,-28,1500,1500,-0.26,0.91,2.5679,3.0989,5.3453,1
41.820,11,-28,1500,1500,-0.26,0.91,2.5679,3.0989,5.3453,1
41.837,13,-28,1500,1500,-0.26,0.91,2.9543,3.1507,8.5589,1
41.855,14,-28,1500,1500,-0.26,0.91,2.9543,3.1507,8.5589,1
41.875,16,-27,1500,1500,-0.26,0.91,2.9543,3.1507,8.5589,1
41.892,20,-27,1500,1500,-0.26,0.91,2.9543,3.1507,8.5589,1
41.910,22,-27,1500,1500,-0.26,0.91,2.9543,3.1507,8.5589,1
41.928,24,-27,1500,1500,-0.26,0.91,2.9543,3.1507,8.5589,1
41.946,26,-27,1500,1500,-0.26,0.91,2.9543,3.1507,8.5589,1
41.963,27,-27,1500,1500,-0.26,0.91,2.9543,3.1507,8.5589,1
41.981,29,-27,1500,1500,-0.26,0.91,2.9543,3.1507,8.5589,1
41.998,30,-28,1500,1500,-0.26,0.91,2.9543,3.1507,8.5589,1
42.015,32,-28,1500,1500,-0.26,0.91,2.9543,3.1507,8.5589,1
42.032,33,-29,1500,1500,-0.12,0.70,2.9543,3.1507,8.5589,1
42.051,33,-28,1500,1500,-0.12,0.70,2.9543,3.1507,8.5589,1
42.068,34,-27,1500,1500,-0.12,0.70,2.9543,3.1507,8.5589,1
42.087,34,-27,1500,1500,-0.12,0.70,2.8926,3.0858,7.9618,1
42.105,34,-27,1500,1500,-0.12,0.70,2.8926,3.0858,7.9618,1
42.123,35,-27,1500,1500,-0.12,0.70,2.8926,3.0858,7.9618,1
42.140,36,-27,1500,1500,-0.12,0.70,2.8926,3.0858,7.9618,1
42.159,36,-27,1500,1500,-0.12,0.70,2.8926,3.0858,7.9618,1
42.177,37,-27,1500,1500,-0.12,0.70,2.8926,3.0858,7.9618,1
42.195,37,-27,1500,1500,-0.12,0.70,2.8926,3.0858,7.9618,1
42.212,37,-28,1500,1500,-0.12,0.70,2.8926,3.0858,7.9618,1
42.229,37,-28,1500,1500,-0.12,0.70,2.8926,3.0858,7.9618,1
42.247,37,-28,1500,1500,-0.12,0.70,2.8926,3.0858,7.9618,1
42.264,37,-28,1500,1500,-0.12,0.70,2.8926,3.0858,7.9618,1
42.281,37,-27,1500,1500,0.59,0.88,2.8926,3.0858,7.9618,1
42.298,37,-27,1500,1500,0.59,0.88,2.8926,3.0858,7.9618,1
42.315,36,-27,1500,1500,0.59,0.88,2.8926,3.0858,7.9618,1
42.332,36,-27,1500,1500,0.59,0.88,2.6879,3.1763,7.0064,1
42.349,36,-27,1500,1500,0.59,0.88,2.6879,3.1763,7.0064,1
42.366,35,-27,1500,1500,0.59,0.88,2.6879,3.1763,7.0064,1
42.383,35,-27,1500,1500,0.59,0.88,2.6879,3.1763,7.0064,1
42.401,34,-27,1500,1500,0.59,0.88,2.6879,3.1763,7.0064,1
42.418,33,-27,1500,1500,0.59,0.88,2.6879,3.1763,7.0064,1
42.436,32,-27,1500,1500,0.59,0.88,2.6879,3.1763,7.0064,1
42.454,31,-27,1500,1500,0.59,0.88,2.6879,3.1763,7.0064,1
42.471,29,-27,1500,1500,0.59,0.88,2.6879,3.1763,7.0064,1
42.488,28,-27,1500,1500,0.59,0.88,2.6879,3.1763,7.0064,1
42.507,27,-28,1500,1500,0.59,0.88,2.6879,3.1763,7.0064,1
42.524,26,-28,1500,1500,0.75,1.04,2.6879,3.1763,7.0064,1
42.542,25,-28,1500,1500,0.75,1.04,2.6879,3.1763,7.0064,1
42.561,23,-28,1500,1500,0.75,1.04,2.6879,3.1763,7.0064,1
42.579,23,-28,1500,1500,0.75,1.04,2.6879,3.1763,7.0064,1
42.596,22,-28,1500,1500,0.75,1.04,2.6490,3.4470,6.0158,1
42.613,22,-28,1500,1500,0.75,1.04,2.6490,3.4470,6.0158,1
42.630,22,-28,1500,1500,0.75,1.04,2.6490,3.4470,6.0158,1
42.650,22,-28,1500,1500,0.75,1.04,2.6490,3.4470,6.0158,1
42.668,23,-28,1500,1500,0.75,1.04,2.6490,3.4470,6.0158,1
42.685,24,-28,1500,1500,0.75,1.04,2.6490,3.4470,6.0158,1
42.702,24,-28,1500,1500,0.75,1.04,2.6490,3.4470,6.0158,1
42.719,25,-28,1500,1500,0.75,1.04,2.6490,3.4470,6.0158,1
42.737,26,-28,1500,1500,0.75,1.04,2.6490,3.4470,6.0158,1
42.755,27,-28,1500,1500,0.75,1.04,2.6490,3.4470,6.0158,1
42.772,28,-28,1500,1500,0.80,0.72,2.6490,3.4470,6.0158,1
42.789,29,-28,1500,1500,0.80,0.72,2.6490,3.4470,6.0158,1
42.806,30,-28,1500,1500,0.80,0.72,2.6490,3.4470,6.0158,1
42.825,30,-28,1500,1500,0.80,0.72,2.6490,3.4470,6.0158,1
42.842,31,-28,1500,1500,0.80,0.72,2.2668,3.6187,5.4052,1
42.860,32,-28,1500,1500,0.80,0.72,2.2668,3.6187,5.4052,1
42.877,32,-27,1500,1500,0.80,0.72,2.2668,3.6187,5.4052,1
42.895,32,-27,1500,1500,0.80,0.72,2.2668,3.6187,5.4052,1
42.913,32,-27,1500,1500,0.80,0.72,2.2668,3.6187,5.4052,1
42.930,32,-28,1500,1500,0.80,0.72,2.2668,3.6187,5.4052,1
42.947,31,-27,1500,1500,0.80,0.72,2.2668,3.6187,5.4052,1
42.964,30,-27,1500,1500,0.80,0.72,2.2668,3.6187,5.4052,1
42.981,29,-27,1500,1500,0.80,0.72,2.2668,3.6187,5.4052,1
42.998,28,-27,1500,1500,0.80,0.72,2.2668,3.6187,5.4052,1
43.015,27,-28,1500,1500,0.80,0.72,2.2668,3.6187,5.4052,1
43.034,25,-28,1500,1500,0.60,0.83,2.2668,3.6187,5.4052,1
43.051,24,-28,1500,1500,0.60,0.83,2.2668,3.6187,5.4052,1
43.068,24,-28,1500,1500,0.60,0.83,2.2668,3.6187,5.4052,1
43.086,22,-28,1500,1500,0.60,0.83,2.1162,3.7872,3.9189,1
43.104,19,-28,1500,1500,0.60,0.83,2.1162,3.7872,3.9189,1
43.121,18,-28,1500,1500,0.60,0.83,2.1162,3.7872,3.9189,1
43.139,16,-29,1500,1500,0.60,0.83,2.1162,3.7872,3.9189,1
43.156,15,-29,1500,1500,0.60,0.83,2.1162,3.7872,3.9189,1
43.174,14,-29,1500,1500,0.60,0.83,2.1162,3.7872,3.9189,1
43.191,12,-30,1500,1500,0.60,0.83,2.1162,3.7872,3.9189,1
43.208,11,-29,1500,1500,0.60,0.83,2.1162,3.7872,3.9189,1
43.226,10,-29,1500,1500,0.60,0.83,2.1162,3.7872,3.9189,1
43.244,8,-29,1500,1500,0.60,0.83,2.1162,3.7872,3.9189,1
43.262,7,-29,1500,1500,0.60,0.83,2.1162,3.7872,3.9189,1
43.279,7,-29,1500,1500,0.29,0.79,2.1162,3.7872,3.9189,1
43.297,6,-28,1500,1500,0.29,0.79,2.1162,3.7872,3.9189,1
43.316,5,-28,1500,1500,0.29,0.79,2.1162,3.7872,3.9189,1
43.334,3,-29,1500,1500,0.29,0.79,2.4730,4.2702,6.4206,1
43.352,2,-30,1500,1500,0.29,0.79,2.4730,4.2702,6.4206,1
43.369,-2,-29,1500,1500,0.29,0.79,2.4730,4.2702,6.4206,1
43.387,-3,-30,1500,1500,0.29,0.79,2.4730,4.2702,6.4206,1
43.405,-4,-28,1500,1500,0.29,0.79,2.4730,4.2702,6.4206,1
43.422,-7,-29,1500,1500,0.29,0.79,2.4730,4.2702,6.4206,1
43.440,-8,-29,1500,1500,0.29,0.79,2.4730,4.2702,6.4206,1
43.457,-9,-30,1500,1500,0.29,0.79,2.4730,4.2702,6.4206,1
43.475,-10,-29,1500,1500,0.29,0.79,2.4730,4.2702,6.4206,1
43.494,-11,-28,1500,1500,0.29,0.79,2.4730,4.2702,6.4206,1
43.511,-12,-28,1500,1500,0.29,0.79,2.4730,4.2702,6.4206,1
43.531,-12,-28,1500,1500,0.40,0.83,2.4730,4.2702,6.4206,1
43.550,-12,-28,1500,1500,0.40,0.83,2.4730,4.2702,6.4206,1
43.567,-13,-30,1500,1500,0.40,0.83,2.4730,4.2702,6.4206,1
43.585,-13,-30,1500,1500,0.40,0.83,2.7140,4.7869,8.1384,1
43.602,-13,-30,1500,1500,0.40,0.83,2.7140,4.7869,8.1384,1
43.620,-14,-28,1500,1500,0.40,0.83,2.7140,4.7869,8.1384,1
43.637,-14,-28,1500,1500,0.40,0.83,2.7140,4.7869,8.1384,1
43.654,-14,-29,1500,1500,0.40,0.83,2.7140,4.7869,8.1384,1
43.671,-15,-29,1500,1500,0.40,0.83,2.7140,4.7869,8.1384,1
43.689,-15,-29,1500,1500,0.40,0.83,2.7140,4.7869,8.1384,1
43.706,-15,-29,1500,1500,0.40,0.83,2.7140,4.7869,8.1384,1
43.723,-15,-28,1500,1500,0.40,0.83,2.7140,4.7869,8.1384,1
43.742,-15,-28,1500,1500,0.40,0.83,2.7140,4.7869,8.1384,1
43.759,-16,-28,1500,1500,0.40,0.83,2.7140,4.7869,8.1384,1
43.777,-16,-29,1500,1500,0.35,1.18,2.7140,4.7869,8.1384,1
43.795,-16,-30,1500,1500,0.35,1.18,2.7140,4.7869,8.1384,1
43.817,-16,-29,1500,1500,0.35,1.18,2.7140,4.7869,8.1384,1
43.835,-16,-29,1500,1500,0.35,1.18,2.7512,4.6563,8.1153,1
43.852,-16,-28,1500,1500,0.35,1.18,2.7512,4.6563,8.1153,1
43.870,-16,-28,1500,1500,0.35,1.18,2.7512,4.6563,8.1153,1
43.888,-16,-28,1500,1500,0.35,1.18,2.7512,4.6563,8.1153,1
43.905,-15,-28,1500,1500,0.35,1.18,2.7512,4.6563,8.1153,1
43.924,-15,-29,1500,1500,0.35,1.18,2.7512,4.6563,8.1153,1
43.942,-15,-30,1500,1500,0.35,1.18,2.7512,4.6563,8.1153,1
43.961,-16,-29,1500,1500,0.35,1.18,2.7512,4.6563,8.1153,1
43.980,-16,-28,1500,1500,0.35,1.18,2.7512,4.6563,8.1153,1
43.998,-16,-28,1500,1500,0.35,1.18,2.7512,4.6563,8.1153,1
44.015,-17,-28,1500,1500,0.35,1.18,2.7512,4.6563,8.1153,1
44.032,-17,-28,1500,1500,0.15,1.65,2.7512,4.6563,8.1153,1
44.049,-18,-27,1500,1500,0.15,1.65,2.7512,4.6563,8.1153,1
44.066,-19,-27,1500,1500,0.15,1.65,2.7512,4.6563,8.1153,1
44.084,-19,-28,1500,1500,0.15,1.65,2.6244,4.3670,6.6079,1
44.101,-20,-28,1500,1500,0.15,1.65,2.6244,4.3670,6.6079,1
44.119,-20,-29,1500,1500,0.15,1.65,2.6244,4.3670,6.6079,1
44.137,-21,-29,1500,1500,0.15,1.65,2.6244,4.3670,6.6079,1
44.155,-21,-30,1500,1500,0.15,1.65,2.6244,4.3670,6.6079,1
44.172,-22,-29,1500,1500,0.15,1.65,2.6244,4.3670,6.6079,1
44.191,-23,-28,1500,1500,0.15,1.65,2.6244,4.3670,6.6079,1
44.208,-23,-29,1500,1500,0.15,1.65,2.6244,4.3670,6.6079,1
44.227,-23,-28,1500,1500,0.15,1.65,2.6244,4.3670,6.6079,1
44.244,-22,-28,1500,1500,0.15,1.65,2.6244,4.3670,6.6079,1
44.261,-22,-28,1500,1500,0.15,1.65,2.6244,4.3670,6.6079,1
44.278,-21,-29,1500,1500,-0.23,1.56,2.6244,4.3670,6.6079,1
44.296,-19,-30,1500,1500,-0.23,1.56,2.6244,4.3670,6.6079,1
44.316,-18,-30,1500,1500,-0.23,1.56,2.6244,4.3670,6.6079,1
44.333,-17,-30,1500,1500,-0.23,1.56,2.8387,4.2621,7.0975,1
44.352,-15,-30,1500,1500,-0.23,1.56,2.8387,4.2621,7.0975,1
44.369,-13,-30,1500,1500,-0.23,1.56,2.8387,4.2621,7.0975,1
44.388,-11,-30,1500,1500,-0.23,1.56,2.8387,4.2621,7.0975,1
44.406,-6,-29,1500,1500,-0.23,1.56,2.8387,4.2621,7.0975,1
44.424,-4,-30,1500,1500,-0.23,1.56,2.8387,4.2621,7.0975,1
44.442,-1,-30,1500,1500,-0.23,1.56,2.8387,4.2621,7.0975,1
44.459,2,-30,1500,1500,-0.23,1.56,2.8387,4.2621,7.0975,1
44.476,4,-30,1500,1500,-0.23,1.56,2.8387,4.2621,7.0975,1
44.493,7,-30,1500,1500,-0.23,1.56,2.8387,4.2621,7.0975,1
44.511,10,-29,1500,1500,-0.23,1.56,2.8387,4.2621,7.0975,1
44.528,13,-29,1500,1500,-0.84,1.05,2.8387,4.2621,7.0975,1
44.545,13,-29,1500,1500,-0.84,1.05,2.8387,4.2621,7.0975,1
44.562,20,-30,1500,1500,-0.84,1.05,2.8387,4.2621,7.0975,1
44.580,24,-30,1500,1500,-0.84,1.05,2.1035,3.8214,4.0393,1
44.598,28,-30,1500,1500,-0.84,1.05,2.1035,3.8214,4.0393,1
44.616,31,-31,1500,1500,-0.84,1.05,2.1035,3.8214,4.0393,0
44.634,35,-31,1500,1500,-0.84,1.05,2.1035,3.8214,4.0393,0
44.654,38,-31,1500,1500,-0.84,1.05,2.1035,3.8214,4.0393,0
44.671,44,-30,1500,1500,-0.84,1.05,2.1035,3.8214,4.0393,1
44.690,47,-31,1500,1500,-0.84,1.05,2.1035,3.8214,4.0393,0
44.707,49,-31,1500,1500,-0.84,1.05,2.1035,3.8214,4.0393,0
44.724,52,-31,1500,1500,-0.84,1.05,2.1035,3.8214,4.0393,0
44.742,54,-31,1500,1500,-0.84,1.05,2.1035,3.8214,4.0393,0
44.759,56,-31,1500,1500,-0.84,1.05,2.1035,3.8214,4.0393,0
44.776,58,-31,1500,1500,-0.57,0.69,2.1035,3.8214,4.0393,0
44.794,58,-31,1500,1500,-0.57,0.69,2.1035,3.8214,4.0393,0
44.811,59,-32,1500,1500,-0.57,0.69,2.1035,3.8214,4.0393,0
44.829,61,-32,1500,1500,-0.57,0.69,2.6523,2.7009,5.9659,0
44.846,62,-32,1500,1500,-0.57,0.69,2.6523,2.7009,5.9659,0
44.868,62,-32,1500,1500,-0.57,0.69,2.6523,2.7009,5.9659,0
44.885,63,-32,1500,1500,-0.57,0.69,2.6523,2.7009,5.9659,0
44.903,65,-33,1500,1500,-0.57,0.69,2.6523,2.7009,5.9659,0
44.920,66,-33,1500,1500,-0.57,0.69,2.6523,2.7009,5.9659,0
44.938,66,-33,1500,1500,-0.57,0.69,2.6523,2.7009,5.9659,0
44.957,66,-33,1500,1500,-0.57,0.69,2.6523,2.7009,5.9659,0
44.974,66,-33,1500,1500,-0.57,0.69,2.6523,2.7009,5.9659,0
44.991,66,-33,1500,1500,-0.57,0.69,2.6523,2.7009,5.9659,0
45.009,66,-34,1500,1500,-0.57,0.69,2.6523,2.7009,5.9659,0
45.027,66,-34,1500,1500,0.48,-0.92,2.6523,2.7009,5.9659,0
45.045,66,-33,1500,1500,0.48,-0.92,2.6523,2.7009,5.9659,0
45.062,67,-33,1500,1500,0.48,-0.92,2.6523,2.7009,5.9659,0
45.081,69,-35,1500,1500,0.48,-0.92,2.6688,3.6718,6.5236,0
45.098,71,-35,1500,1500,0.48,-0.92,2.6688,3.6718,6.5236,0
45.115,72,-34,1500,1500,0.48,-0.92,2.6688,3.6718,6.5236,0
45.132,74,-34,1500,1500,0.48,-0.92,2.6688,3.6718,6.5236,0
45.149,76,-34,1500,1500,0.48,-0.92,2.6688,3.6718,6.5236,0
45.169,78,-35,1500,1500,0.48,-0.92,2.6688,3.6718,6.5236,0
45.186,80,-34,1500,1500,0.48,-0.92,2.6688,3.6718,6.5236,0
45.206,83,-34,1500,1500,0.48,-0.92,2.6688,3.6718,6.5236,0
45.223,83,-34,1500,1500,0.48,-0.92,2.6688,3.6718,6.5236,0
45.241,84,-34,1500,1500,0.48,-0.92,2.6688,3.6718,6.5236,0
45.258,84,-34,1500,1500,0.48,-0.92,2.6688,3.6718,6.5236,0
45.276,84,-34,1500,1500,0.89,0.27,2.6688,3.6718,6.5236,0
45.294,84,-34,1500,1500,0.89,0.27,2.6688,3.6718,6.5236,0
45.311,82,-34,1500,1500,0.89,0.27,2.6688,3.6718,6.5236,0
45.329,82,-34,1500,1500,0.89,0.27,2.6740,3.0017,6.3152,0
45.346,79,-34,1500,1500,0.89,0.27,2.6740,3.0017,6.3152,0
45.364,76,-34,1500,1500,0.89,0.27,2.6740,3.0017,6.3152,0
45.381,74,-34,1500,1500,0.89,0.27,2.6740,3.0017,6.3152,0
45.399,72,-34,1500,1500,0.89,0.27,2.6740,3.0017,6.3152,0
45.416,71,-34,1500,1500,0.89,0.27,2.6740,3.0017,6.3152,0
45.433,69,-34,1500,1500,0.89,0.27,2.6740,3.0017,6.3152,0
45.450,67,-34,1500,1500,0.89,0.27,2.6740,3.0017,6.3152,0
45.467,65,-34,1500,1500,0.89,0.27,2.6740,3.0017,6.3152,0
45.485,64,-34,1500,1500,0.89,0.27,2.6740,3.0017,6.3152,0
45.502,62,-35,1500,1500,0.89,0.27,2.6740,3.0017,6.3152,0
45.520,60,-35,1500,1500,1.05,1.11,2.6740,3.0017,6.3152,0
45.537,58,-35,1500,1500,1.05,1.11,2.6740,3.0017,6.3152,0
45.555,56,-34,1500,1500,1.05,1.11,2.6740,3.0017,6.3152,0
45.572,55,-34,1500,1500,1.05,1.11,2.6740,3.0017,6.3152,0
45.589,52,-34,1500,1500,1.05,1.11,2.8054,2.8403,7.3039,0
45.607,51,-35,1500,1500,1.05,1.11,2.8054,2.8403,7.3039,0
45.625,46,-35,1500,1500,1.05,1.11,2.8054,2.8403,7.3039,0
45.643,45,-35,1500,1500,1.05,1.11,2.8054,2.8403,7.3039,0
45.662,43,-35,1500,1500,1.05,1.11,2.8054,2.8403,7.3039,0
45.679,42,-36,1500,1500,1.05,1.11,2.8054,2.8403,7.3039,0
45.697,40,-36,1500,1500,1.05,1.11,2.8054,2.8403,7.3039,0
45.715,39,-36,1500,1500,1.05,1.11,2.8054,2.8403,7.3039,0
45.732,38,-36,1500,1500,1.05,1.11,2.8054,2.8403,7.3039,0
45.749,36,-36,1500,1500,1.05,1.11,2.8054,2.8403,7.3039,0
45.767,35,-35,1500,1500,1.10,0.46,2.8054,2.8403,7.3039,0
45.785,34,-35,1500,1500,1.10,0.46,2.8054,2.8403,7.3039,0
45.802,34,-35,1500,1500,1.10,0.46,2.8054,2.8403,7.3039,0
45.822,32,-36,1500,1500,1.10,0.46,2.8054,2.8403,7.3039,0
45.841,32,-36,1500,1500,1.10,0.46,2.8035,3.7733,8.3924,0
45.859,30,-34,1500,1500,1.10,0.46,2.8035,3.7733,8.3924,0
45.877,30,-34,1500,1500,1.10,0.46,2.8035,3.7733,8.3924,0
45.895,27,-35,1500,1500,1.10,0.46,2.8035,3.7733,8.3924,0
45.913,25,-36,1500,1500,1.10,0.46,2.8035,3.7733,8.3924,0
45.930,24,-35,1500,1500,1.10,0.46,2.8035,3.7733,8.3924,0
45.947,22,-34,1500,1500,1.10,0.46,2.8035,3.7733,8.3924,0
45.964,20,-34,1500,1500,1.10,0.46,2.8035,3.7733,8.3924,0
45.981,19,-34,1500,1500,1.10,0.46,2.8035,3.7733,8.3924,0
45.998,17,-35,1500,1500,1.10,0.46,2.8035,3.7733,8.3924,0
46.016,15,-35,1500,1500,0.84,0.68,2.8035,3.7733,8.3924,0
46.034,13,-35,1500,1500,0.84,0.68,2.8035,3.7733,8.3924,0
46.053,11,-33,1500,1500,0.84,0.68,2.8035,3.7733,8.3924,0
46.071,9,-33,1500,1500,0.84,0.68,2.8035,3.7733,8.3924,0
46.090,7,-34,1500,1500,0.84,0.68,2.5092,5.5108,8.1360,0
46.107,6,-34,1500,1500,0.84,0.68,2.5092,5.5108,8.1360,0
46.126,3,-34,1500,1500,0.84,0.68,2.5092,5.5108,8.1360,0
46.143,2,-33,1500,1500,0.84,0.68,2.5092,5.5108,8.1360,0
46.160,0,-34,1500,1500,0.84,0.68,2.5092,5.5108,8.1360,0
46.177,-1,-35,1500,1500,0.84,0.68,2.5092,5.5108,8.1360,0
46.195,-2,-33,1500,1500,0.84,0.68,2.5092,5.5108,8.1360,0
46.212,-3,-33,1500,1500,0.84,0.68,2.5092,5.5108,8.1360,0
46.229,-4,-33,1500,1500,0.84,0.68,2.5092,5.5108,8.1360,0
46.246,-5,-33,1500,1500,0.84,0.68,2.5092,5.5108,8.1360,0
46.263,-5,-33,1500,1500,0.78,1.01,2.5092,5.5108,8.1360,0
46.280,-5,-33,1500,1500,0.78,1.01,2.5092,5.5108,8.1360,0
46.299,-6,-33,1500,1500,0.78,1.01,2.5092,5.5108,8.1360,0
46.317,-6,-33,1500,1500,0.78,1.01,2.5092,5.5108,8.1360,0
46.334,-6,-33,1500,1500,0.78,1.01,2.9602,6.5658,9.0135,0
46.352,-6,-33,1500,1500,0.78,1.01,2.9602,6.5658,9.0135,0
46.369,-6,-33,1500,1500,0.78,1.01,2.9602,6.5658,9.0135,0
46.386,-6,-34,1500,1500,0.78,1.01,2.9602,6.5658,9.0135,0
46.403,-6,-33,1500,1500,0.78,1.01,2.9602,6.5658,9.0135,0
46.421,-6,-33,1500,1500,0.78,1.01,2.9602,6.5658,9.0135,0
46.439,-6,-33,1500,1500,0.78,1.01,2.9602,6.5658,9.0135,0
46.458,-7,-33,1500,1500,0.78,1.01,2.9602,6.5658,9.0135,0
46.476,-7,-33,1500,1500,0.78,1.01,2.9602,6.5658,9.0135,0
46.493,-8,-33,1500,1500,0.78,1.01,2.9602,6.5658,9.0135,0
46.511,-8,-33,1500,1500,0.55,0.72,2.9602,6.5658,9.0135,0
46.529,-8,-33,1500,1500,0.55,0.72,2.9602,6.5658,9.0135,0
46.548,-8,-33,1500,1500,0.55,0.72,2.9602,6.5658,9.0135,0
46.568,-8,-33,1500,1500,0.55,0.72,2.9602,6.5658,9.0135,0
46.585,-9,-33,1500,1500,0.55,0.72,2.9079,6.7885,9.5340,0
46.603,-8,-33,1500,1500,0.55,0.72,2.9079,6.7885,9.5340,0
46.621,-8,-33,1500,1500,0.55,0.72,2.9079,6.7885,9.5340,0
46.639,-6,-33,1500,1500,0.55,0.72,2.9079,6.7885,9.5340,0
46.659,-5,-32,1500,1500,0.55,0.72,2.9079,6.7885,9.5340,0
46.676,-3,-32,1500,1500,0.55,0.72,2.9079,6.7885,9.5340,0
46.694,-1,-33,1500,1500,0.55,0.72,2.9079,6.7885,9.5340,0
46.711,1,-34,1500,1500,0.55,0.72,2.9079,6.7885,9.5340,0
46.728,4,-34,1500,1500,0.55,0.72,2.9079,6.7885,9.5340,0
46.746,7,-34,1500,1500,0.55,0.72,2.9079,6.7885,9.5340,0
46.763,10,-34,1500,1500,0.68,1.04,2.9079,6.7885,9.5340,0
46.782,13,-34,1500,1500,0.68,1.04,2.9079,6.7885,9.5340,0
46.799,0,0,1500,1500,0.68,1.04,2.9079,6.7885,9.5340,0
46.816,19,-34,1500,1500,0.68,1.04,2.9079,6.7885,9.5340,0
46.834,22,-34,1500,1500,0.68,1.04,2.8006,3.9709,9.4036,0
46.852,25,-33,1500,1500,0.68,1.04,2.8006,3.9709,9.4036,0
46.872,27,-33,1500,1500,0.68,1.04,2.8006,3.9709,9.4036,0
46.890,33,-32,1500,1500,0.68,1.04,2.8006,3.9709,9.4036,0
46.908,35,-33,1500,1500,0.68,1.04,2.8006,3.9709,9.4036,0
46.925,38,-33,1500,1500,0.68,1.04,2.8006,3.9709,9.4036,0
46.942,40,-32,1500,1500,0.68,1.04,2.8006,3.9709,9.4036,0
46.960,42,-32,1500,1500,0.68,1.04,2.8006,3.9709,9.4036,0
46.977,44,-33,1500,1500,0.68,1.04,2.8006,3.9709,9.4036,0
46.994,45,-32,1500,1500,0.68,1.04,2.8006,3.9709,9.4036,0
47.011,46,-32,1500,1500,0.49,1.17,2.8006,3.9709,9.4036,0
47.029,47,-33,1500,1500,0.49,1.17,2.8006,3.9709,9.4036,0
47.047,48,-32,1500,1500,0.49,1.17,2.8006,3.9709,9.4036,0
47.065,48,-32,1500,1500,0.49,1.17,2.8006,3.9709,9.4036,0
47.083,48,-32,1500,1500,0.49,1.17,2.7450,3.6813,6.3686,0
47.100,49,-32,1500,1500,0.49,1.17,2.7450,3.6813,6.3686,0
47.117,49,-32,1500,1500,0.49,1.17,2.7450,3.6813,6.3686,0
47.134,48,-33,1500,1500,0.49,1.17,2.7450,3.6813,6.3686,0
47.152,48,-32,1500,1500,0.49,1.17,2.7450,3.6813,6.3686,0
47.170,46,-33,1500,1500,0.49,1.17,2.7450,3.6813,6.3686,0
47.187,45,-32,1500,1500,0.49,1.17,2.7450,3.6813,6.3686,0
47.206,45,-32,1500,1500,0.49,1.17,2.7450,3.6813,6.3686,0
47.223,45,-32,1500,1500,0.49,1.17,2.7450,3.6813,6.3686,0
47.240,44,-33,1500,1500,0.49,1.17,2.7450,3.6813,6.3686,0
47.259,40,-32,1500,1500,0.49,1.17,2.7450,3.6813,6.3686,0
47.278,39,-32,1500,1500,-0.14,1.38,2.7450,3.6813,6.3686,0
47.298,37,-33,1500,1500,-0.14,1.38,2.7450,3.6813,6.3686,0
47.318,34,-32,1500,1500,-0.14,1.38,2.7450,3.6813,6.3686,0
47.336,31,-32,1500,1500,-0.14,1.38,2.9250,3.6552,6.3209,0
47.353,27,-32,1500,1500,-0.14,1.38,2.9250,3.6552,6.3209,0
47.371,19,-32,1500,1500,-0.14,1.38,2.9250,3.6552,6.3209,0
47.388,15,-32,1500,1500,-0.14,1.38,2.9250,3.6552,6.3209,0
47.405,10,-33,1500,1500,-0.14,1.38,2.9250,3.6552,6.3209,0
47.423,1,-33,1500,1500,-0.14,1.38,2.9250,3.6552,6.3209,0
47.440,-4,-32,1500,1500,-0.14,1.38,2.9250,3.6552,6.3209,0
47.457,-8,-32,1500,1500,-0.14,1.38,2.9250,3.6552,6.3209,0
47.476,-12,-32,1500,1500,-0.14,1.38,2.9250,3.6552,6.3209,0
47.494,-16,-32,1500,1500,-0.14,1.38,2.9250,3.6552,6.3209,0
47.512,-20,-32,1500,1500,0.26,1.18,2.9250,3.6552,6.3209,0
47.531,-24,-33,1500,1500,0.26,1.18,2.9250,3.6552,6.3209,0
47.549,-27,-33,1500,1500,0.26,1.18,2.9250,3.6552,6.3209,0
47.566,-30,-33,1500,1500,0.26,1.18,2.9250,3.6552,6.3209,0
47.583,-34,-33,1500,1500,0.26,1.18,2.8315,2.9325,6.8746,0
47.601,-36,-33,1500,1500,0.26,1.18,2.8315,2.9325,6.8746,0
47.618,-40,-32,1500,1500,0.26,1.18,2.8315,2.9325,6.8746,0
47.636,-43,-32,1500,1500,0.26,1.18,2.8315,2.9325,6.8746,0
47.653,-48,-32,1500,1500,0.26,1.18,2.8315,2.9325,6.8746,0
47.671,-50,-32,1500,1500,0.26,1.18,2.8315,2.9325,6.8746,0
47.689,-53,-32,1500,1500,0.26,1.18,2.8315,2.9325,6.8746,0
47.706,-55,-33,1500,1500,0.26,1.18,2.8315,2.9325,6.8746,0
47.723,-57,-33,1500,1500,0.26,1.18,2.8315,2.9325,6.8746,0
47.740,-57,-33,1500,1500,0.26,1.18,2.8315,2.9325,6.8746,0
47.758,-61,-33,1500,1500,0.26,1.18,2.8315,2.9325,6.8746,0
47.777,-63,-33,1500,1500,-0.16,0.59,2.8315,2.9325,6.8746,0
47.794,-65,-34,1500,1500,-0.16,0.59,2.8315,2.9325,6.8746,0
47.812,-66,-34,1500,1500,-0.16,0.59,2.8315,2.9325,6.8746,0
47.829,-67,-34,1500,1500,-0.16,0.59,2.8352,3.2956,7.6343,0
47.847,-68,-35,1500,1500,-0.16,0.59,2.8352,3.2956,7.6343,0
47.866,0,0,1500,1500,-0.16,0.59,2.8352,3.2956,7.6343,0
47.883,-70,-35,1500,1500,-0.16,0.59,2.8352,3.2956,7.6343,0
47.901,-71,-35,1500,1500,-0.16,0.59,2.8352,3.2956,7.6343,0
47.918,-72,-35,1500,1500,-0.16,0.59,2.8352,3.2956,7.6343,0
47.936,-73,-34,1500,1500,-0.16,0.59,2.8352,3.2956,7.6343,0
47.953,-74,-34,1500,1500,-0.16,0.59,2.8352,3.2956,7.6343,0
47.971,-75,-34,1500,1500,-0.16,0.59,2.8352,3.2956,7.6343,0
47.989,-76,-34,1500,1500,-0.16,0.59,2.8352,3.2956,7.6343,0
48.006,-76,-34,1500,1500,-0.16,0.59,2.8352,3.2956,7.6343,0
48.023,-75,-33,1500,1500,-1.54,0.58,2.8352,3.2956,7.6343,0
48.041,-75,-33,1500,1500,-1.54,0.58,2.8352,3.2956,7.6343,0
48.060,-74,-33,1500,1500,-1.54,0.58,2.8352,3.2956,7.6343,0
48.078,-72,-33,1500,1500,-1.54,0.58,3.0766,3.0994,8.7242,0
48.095,-71,-33,1500,1500,-1.54,0.58,3.0766,3.0994,8.7242,0
48.112,-69,-34,1500,1500,-1.54,0.58,3.0766,3.0994,8.7242,0
48.129,-68,-34,1500,1500,-1.54,0.58,3.0766,3.0994,8.7242,0
48.147,-66,-34,1500,1500,-1.54,0.58,3.0766,3.0994,8.7242,0
48.164,-64,-34,1500,1500,-1.54,0.58,3.0766,3.0994,8.7242,0
48.183,-61,-34,1500,1500,-1.54,0.58,3.0766,3.0994,8.7242,0
48.202,-58,-34,1500,1500,-1.54,0.58,3.0766,3.0994,8.7242,0
48.220,-55,-34,1500,1500,-1.54,0.58,3.0766,3.0994,8.7242,0
48.238,-50,-34,1500,1500,-1.54,0.58,3.0766,3.0994,8.7242,0
48.256,-47,-34,1500,1500,-1.54,0.58,3.0766,3.0994,8.7242,0
48.273,-47,-34,1500,1500,-1.66,0.69,3.0766,3.0994,8.7242,0
48.290,-44,-34,1500,1500,-1.66,0.69,3.0766,3.0994,8.7242,0
48.307,-38,-34,1500,1500,-1.66,0.69,3.0766,3.0994,8.7242,0
48.327,-38,-34,1500,1500,-1.66,0.69,2.6870,2.8592,6.3659,0
48.348,-32,-35,1500,1500,-1.66,0.69,2.6870,2.8592,6.3659,0
48.365,-29,-34,1500,1500,-1.66,0.69,2.6870,2.8592,6.3659,0
48.383,-26,-34,1500,1500,-1.66,0.69,2.6870,2.8592,6.3659,0
48.401,-23,-35,1500,1500,-1.66,0.69,2.6870,2.8592,6.3659,0
48.419,-18,-35,1500,1500,-1.66,0.69,2.6870,2.8592,6.3659,0
48.437,-16,-35,1500,1500,-1.66,0.69,2.6870,2.8592,6.3659,0
48.455,-14,-36,1500,1500,-1.66,0.69,2.6870,2.8592,6.3659,0
48.472,-13,-36,1500,1500,-1.66,0.69,2.6870,2.8592,6.3659,0
48.489,-11,-36,1500,1500,-1.66,0.69,2.6870,2.8592,6.3659,0
48.506,-10,-36,1500,1500,-1.66,0.69,2.6870,2.8592,6.3659,0
48.524,-9,-36,1500,1500,0.01,0.24,2.6870,2.8592,6.3659,0
48.542,-8,-36,1500,1500,0.01,0.24,2.6870,2.8592,6.3659,0
48.561,-7,-36,1500,1500,0.01,0.24,2.6870,2.8592,6.3659,0
48.579,-7,-36,1500,1500,0.01,0.24,2.7906,3.0898,5.9093,0
48.596,-7,-36,1500,1500,0.01,0.24,2.7906,3.0898,5.9093,0
48.613,-7,-37,1500,1500,0.01,0.24,2.7906,3.0898,5.9093,0
48.631,-7,-36,1500,1500,0.01,0.24,2.7906,3.0898,5.9093,0
48.649,-7,-36,1500,1500,0.01,0.24,2.7906,3.0898,5.9093,0
48.667,-7,-37,1500,1500,0.01,0.24,2.7906,3.0898,5.9093,0
48.684,-7,-36,1500,1500,0.01,0.24,2.7906,3.0898,5.9093,0
48.701,-8,-37,1500,1500,0.01,0.24,2.7906,3.0898,5.9093,0
48.718,-8,-36,1500,1500,0.01,0.24,2.7906,3.0898,5.9093,0
48.737,-8,-37,1500,1500,0.01,0.24,2.7906,3.0898,5.9093,0
48.754,-8,-37,1500,1500,0.01,0.24,2.7906,3.0898,5.9093,0
48.772,-8,-36,1500,1500,0.54,-1.86,2.7906,3.0898,5.9093,0
48.789,-8,-36,1500,1500,0.54,-1.86,2.7906,3.0898,5.9093,0
48.807,-8,-37,1500,1500,0.54,-1.86,2.7906,3.0898,5.9093,0
48.824,-7,-37,1500,1500,0.54,-1.86,3.3035,3.4939,7.8410,0
48.842,-7,-36,1500,1500,0.54,-1.86,3.3035,3.4939,7.8410,0
48.862,-8,-37,1500,1500,0.54,-1.86,3.3035,3.4939,7.8410,0
48.879,-9,-37,1500,1500,0.54,-1.86,3.3035,3.4939,7.8410,0
48.898,-10,-37,1500,1500,0.54,-1.86,3.3035,3.4939,7.8410,0
48.917,-11,-37,1500,1500,0.54,-1.86,3.3035,3.4939,7.8410,0
48.934,-12,-37,1500,1500,0.54,-1.86,3.3035,3.4939,7.8410,0
48.952,-15,-37,1500,1500,0.54,-1.86,3.3035,3.4939,7.8410,0
48.969,-16,-37,1500,1500,0.54,-1.86,3.3035,3.4939,7.8410,0
48.986,-18,-37,1500,1500,0.54,-1.86,3.3035,3.4939,7.8410,0
49.004,-20,-37,1500,1500,0.54,-1.86,3.3035,3.4939,7.8410,0
49.021,-21,-37,1500,1500,-0.00,-0.63,3.3035,3.4939,7.8410,0
49.039,-23,-37,1500,1500,-0.00,-0.63,3.3035,3.4939,7.8410,0
49.056,-23,-37,1500,1500,-0.00,-0.63,3.3035,3.4939,7.8410,0
49.073,-23,-37,1500,1500,-0.00,-0.63,3.1660,3.9593,6.9395,0
49.095,-27,-37,1500,1500,-0.00,-0.63,3.1660,3.9593,6.9395,0
49.114,-30,-37,1500,1500,-0.00,-0.63,3.1660,3.9593,6.9395,0
49.133,-35,-36,1500,1500,-0.00,-0.63,3.1660,3.9593,6.9395,0
49.151,-38,-37,1500,1500,-0.00,-0.63,3.1660,3.9593,6.9395,0
49.169,-42,-37,1500,1500,-0.00,-0.63,3.1660,3.9593,6.9395,0
49.187,0,0,1500,1500,-0.00,-0.63,3.1660,3.9593,6.9395,0
49.204,0,0,1500,1500,-0.00,-0.63,3.1660,3.9593,6.9395,0
49.221,0,0,1500,1500,-0.00,-0.63,3.1660,3.9593,6.9395,0
49.238,0,0,1500,1500,-0.00,-0.63,3.1660,3.9593,6.9395,0
49.256,0,0,1500,1500,-0.63,-0.07,3.1660,3.9593,6.9395,0
49.273,-53,-38,1500,1500,-0.63,-0.07,3.1660,3.9593,6.9395,0
49.291,-55,-37,1500,1500,-0.63,-0.07,3.1660,3.9593,6.9395,0
49.308,-57,-36,1500,1500,-0.63,-0.07,3.1660,3.9593,6.9395,0
49.326,-57,-36,1500,1500,-0.63,-0.07,2.9877,4.1083,8.9355,0
49.343,-60,-36,1500,1500,-0.63,-0.07,2.9877,4.1083,8.9355,0
49.361,-62,-36,1500,1500,-0.63,-0.07,2.9877,4.1083,8.9355,0
49.385,-63,-36,1500,1500,-0.63,-0.07,2.9877,4.1083,8.9355,0
49.403,-65,-36,1500,1500,-0.63,-0.07,2.9877,4.1083,8.9355,0
49.421,-68,-38,1500,1500,-0.63,-0.07,2.9877,4.1083,8.9355,0
49.439,-69,-37,1500,1500,-0.63,-0.07,2.9877,4.1083,8.9355,0
49.456,-70,-37,1500,1500,-0.63,-0.07,2.9877,4.1083,8.9355,0
49.473,-70,-36,1500,1500,-0.63,-0.07,2.9877,4.1083,8.9355,0
49.491,-71,-35,1500,1500,-0.63,-0.07,2.9877,4.1083,8.9355,0
49.508,-71,-36,1500,1500,-0.54,-0.07,2.9877,4.1083,8.9355,0
49.525,-71,-37,1500,1500,-0.54,-0.07,2.9877,4.1083,8.9355,0
49.543,-71,-37,1500,1500,-0.54,-0.07,2.9877,4.1083,8.9355,0
49.561,-71,-36,1500,1500,-0.54,-0.07,2.9877,4.1083,8.9355,0
49.579,-71,-35,1500,1500,-0.54,-0.07,2.6797,4.9719,8.4016,0
49.596,-70,-36,1500,1500,-0.54,-0.07,2.6797,4.9719,8.4016,0
49.614,-70,-37,1500,1500,-0.54,-0.07,2.6797,4.9719,8.4016,0
49.631,-69,-37,1500,1500,-0.54,-0.07,2.6797,4.9719,8.4016,0
49.649,-69,-35,1500,1500,-0.54,-0.07,2.6797,4.9719,8.4016,0
49.668,-66,-36,1500,1500,-0.54,-0.07,2.6797,4.9719,8.4016,0
49.686,-65,-36,1500,1500,-0.54,-0.07,2.6797,4.9719,8.4016,0
49.705,-62,-35,1500,1500,-0.54,-0.07,2.6797,4.9719,8.4016,0
49.722,-60,-36,1500,1500,-0.54,-0.07,2.6797,4.9719,8.4016,0
49.739,-58,-36,1500,1500,-0.54,-0.07,2.6797,4.9719,8.4016,0
49.757,-55,-35,1500,1500,-0.54,-0.07,2.6797,4.9719,8.4016,0
49.774,-52,-35,1500,1500,-0.47,0.67,2.6797,4.9719,8.4016,0
49.791,-49,-35,1500,1500,-0.47,0.67,2.6797,4.9719,8.4016,0
49.810,-46,-36,1500,1500,-0.47,0.67,2.6797,4.9719,8.4016,0
49.829,-42,-36,1500,1500,-0.47,0.67,2.5507,5.0928,8.0893,0
49.846,-39,-35,1500,1500,-0.47,0.67,2.5507,5.0928,8.0893,0
49.863,-36,-35,1500,1500,-0.47,0.67,2.5507,5.0928,8.0893,0
49.881,-32,-35,1500,1500,-0.47,0.67,2.5507,5.0928,8.0893,0
49.898,-29,-35,1500,1500,-0.47,0.67,2.5507,5.0928,8.0893,0
49.918,-29,-35,1500,1500,-0.47,0.67,2.5507,5.0928,8.0893,0
49.935,-26,-35,1500,1500,-0.47,0.67,2.5507,5.0928,8.0893,0
49.952,-24,-35,1500,1500,-0.47,0.67,2.5507,5.0928,8.0893,0
49.970,-18,-35,1500,1500,-0.47,0.67,2.5507,5.0928,8.0893,0
49.987,-16,-35,1500,1500,-0.47,0.67,2.5507,5.0928,8.0893,0
50.005,-14,-35,1500,1500,0.37,0.73,2.5507,5.0928,8.0893,0
50.022,-11,-36,1500,1500,0.37,0.73,2.5507,5.0928,8.0893,0
50.041,-9,-36,1500,1500,0.37,0.73,2.5507,5.0928,8.0893,0
50.059,-7,-36,1500,1500,0.37,0.73,2.5507,5.0928,8.0893,0
50.076,-5,-35,1500,1500,0.37,0.73,2.5992,4.0657,7.9081,0
50.096,-3,-35,1500,1500,0.37,0.73,2.5992,4.0657,7.9081,0
50.113,-1,-35,1500,1500,0.37,0.73,2.5992,4.0657,7.9081,0
50.131,3,-35,1500,1500,0.37,0.73,2.5992,4.0657,7.9081,0
50.150,4,-35,1500,1500,0.37,0.73,2.5992,4.0657,7.9081,0
50.168,6,-35,1500,1500,0.37,0.73,2.5992,4.0657,7.9081,0
50.187,10,-35,1500,1500,0.37,0.73,2.5992,4.0657,7.9081,0
50.204,11,-35,1500,1500,0.37,0.73,2.5992,4.0657,7.9081,0
50.221,13,-34,1500,1500,0.37,0.73,2.5992,4.0657,7.9081,0
50.239,16,-34,1500,1500,0.37,0.73,2.5992,4.0657,7.9081,0
50.257,18,-35,1500,1500,1.22,0.80,2.5992,4.0657,7.9081,0
50.275,18,-35,1500,1500,1.22,0.80,2.5992,4.0657,7.9081,0
50.292,21,-35,1500,1500,1.22,0.80,2.5992,4.0657,7.9081,0
50.314,24,-34,1500,1500,1.22,0.80,2.5992,4.0657,7.9081,0
50.333,27,-34,1500,1500,1.22,0.80,2.5937,3.6143,7.1656,0
50.350,34,-34,1500,1500,1.22,0.80,2.5937,3.6143,7.1656,0
50.368,38,-35,1500,1500,1.22,0.80,2.5937,3.6143,7.1656,0
50.385,43,-35,1500,1500,1.22,0.80,2.5937,3.6143,7.1656,0
50.403,51,-34,1500,1500,1.22,0.80,2.5937,3.6143,7.1656,0
50.420,51,-34,1500,1500,1.22,0.80,2.5937,3.6143,7.1656,0
50.437,51,-34,1500,1500,1.22,0.80,2.5937,3.6143,7.1656,0
50.455,55,-34,1500,1500,1.22,0.80,2.5937,3.6143,7.1656,0
50.472,58,-34,1500,1500,1.22,0.80,2.5937,3.6143,7.1656,0
50.490,65,-34,1500,1500,1.22,0.80,2.5937,3.6143,7.1656,0
50.511,67,-34,1500,1500,1.95,1.12,2.5937,3.6143,7.1656,0
50.529,70,-34,1500,1500,1.95,1.12,2.5937,3.6143,7.1656,0
50.547,72,-34,1500,1500,1.95,1.12,2.5937,3.6143,7.1656,0
50.567,74,-33,1500,1500,1.95,1.12,2.7837,3.0788,7.2421,0
50.585,76,-33,1500,1500,1.95,1.12,2.7837,3.0788,7.2421,0
50.603,78,-33,1500,1500,1.95,1.12,2.7837,3.0788,7.2421,0
50.620,80,-34,1500,1500,1.95,1.12,2.7837,3.0788,7.2421,0
50.639,83,-34,1500,1500,1.95,1.12,2.7837,3.0788,7.2421,0
50.657,84,-34,1500,1500,1.95,1.12,2.7837,3.0788,7.2421,0
50.675,85,-34,1500,1500,1.95,1.12,2.7837,3.0788,7.2421,0
50.693,85,-33,1500,1500,1.95,1.12,2.7837,3.0788,7.2421,0
50.712,85,-33,1500,1500,1.95,1.12,2.7837,3.0788,7.2421,0
50.729,85,-33,1500,1500,1.95,1.12,2.7837,3.0788,7.2421,0
50.748,83,-33,1500,1500,1.95,1.12,2.7837,3.0788,7.2421,0
50.766,83,-33,1500,1500,2.11,0.44,2.7837,3.0788,7.2421,0
50.785,80,-35,1500,1500,2.11,0.44,2.7837,3.0788,7.2421,0
50.802,78,-36,1500,1500,2.11,0.44,2.7837,3.0788,7.2421,0
50.820,76,-35,1500,1500,2.11,0.44,2.7462,2.9513,7.0909,0
50.839,73,-35,1500,1500,2.11,0.44,2.7462,2.9513,7.0909,0
50.856,68,-35,1500,1500,2.11,0.44,2.7462,2.9513,7.0909,0
50.874,65,-35,1500,1500,2.11,0.44,2.7462,2.9513,7.0909,0
50.891,63,-35,1500,1500,2.11,0.44,2.7462,2.9513,7.0909,0
50.908,60,-36,1500,1500,2.11,0.44,2.7462,2.9513,7.0909,0
50.927,57,-35,1500,1500,2.11,0.44,2.7462,2.9513,7.0909,0
50.945,54,-35,1500,1500,2.11,0.44,2.7462,2.9513,7.0909,0
50.963,51,-35,1500,1500,2.11,0.44,2.7462,2.9513,7.0909,0
50.980,48,-35,1500,1500,2.11,0.44,2.7462,2.9513,7.0909,0
50.999,46,-35,1500,1500,2.11,0.44,2.7462,2.9513,7.0909,0
51.016,43,-35,1500,1500,1.60,0.11,2.7462,2.9513,7.0909,0
51.033,41,-36,1500,1500,1.60,0.11,2.7462,2.9513,7.0909,0
51.050,38,-36,1500,1500,1.60,0.11,2.7462,2.9513,7.0909,0
51.067,0,0,1500,1500,1.60,0.11,2.8426,4.4611,8.1654,0
51.084,31,-36,1500,1500,1.60,0.11,2.8426,4.4611,8.1654,0
51.102,29,-36,1500,1500,1.60,0.11,2.8426,4.4611,8.1654,0
51.119,26,-35,1500,1500,1.60,0.11,2.8426,4.4611,8.1654,0
51.137,24,-35,1500,1500,1.60,0.11,2.8426,4.4611,8.1654,0
51.154,22,-35,1500,1500,1.60,0.11,2.8426,4.4611,8.1654,0
51.172,20,-35,1500,1500,1.60,0.11,2.8426,4.4611,8.1654,0
51.189,18,-36,1500,1500,1.60,0.11,2.8426,4.4611,8.1654,0
51.207,16,-35,1500,1500,1.60,0.11,2.8426,4.4611,8.1654,0
51.225,14,-35,1500,1500,1.60,0.11,2.8426,4.4611,8.1654,0
51.245,12,-35,1500,1500,1.60,0.11,2.8426,4.4611,8.1654,0
51.262,10,-35,1500,1500,0.86,0.71,2.8426,4.4611,8.1654,0
51.281,9,-34,1500,1500,0.86,0.71,2.8426,4.4611,8.1654,0
51.299,7,-34,1500,1500,0.86,0.71,2.8426,4.4611,8.1654,0
51.316,6,-35,1500,1500,0.86,0.71,2.4763,4.3030,5.8072,0
51.333,5,-34,1500,1500,0.86,0.71,2.4763,4.3030,5.8072,0
51.351,3,-35,1500,1500,0.86,0.71,2.4763,4.3030,5.8072,0
51.368,1,-35,1500,1500,0.86,0.71,2.4763,4.3030,5.8072,0
51.385,-3,-35,1500,1500,0.86,0.71,2.4763,4.3030,5.8072,0
51.402,-5,-35,1500,1500,0.86,0.71,2.4763,4.3030,5.8072,0
51.420,-6,-35,1500,1500,0.86,0.71,2.4763,4.3030,5.8072,0
51.437,-9,-35,1500,1500,0.86,0.71,2.4763,4.3030,5.8072,0
51.454,-11,-36,1500,1500,0.86,0.71,2.4763,4.3030,5.8072,0
51.471,-13,-36,1500,1500,0.86,0.71,2.4763,4.3030,5.8072,0
51.488,-15,-35,1500,1500,0.86,0.71,2.4763,4.3030,5.8072,0
51.505,-17,-35,1500,1500,-0.31,1.00,2.4763,4.3030,5.8072,0
51.523,-19,-35,1500,1500,-0.31,1.00,2.4763,4.3030,5.8072,0
51.540,-22,-35,1500,1500,-0.31,1.00,2.4763,4.3030,5.8072,0
51.557,-24,-35,1500,1500,-0.31,1.00,2.4763,4.3030,5.8072,0
51.579,-26,-35,1500,1500,-0.31,1.00,2.6954,3.8483,6.9494,0
51.598,-29,-36,1500,1500,-0.31,1.00,2.6954,3.8483,6.9494,0
51.616,-34,-36,1500,1500,-0.31,1.00,2.6954,3.8483,6.9494,0
51.635,-36,-36,1500,1500,-0.31,1.00,2.6954,3.8483,6.9494,0
51.652,-39,-35,1500,1500,-0.31,1.00,2.6954,3.8483,6.9494,0
51.669,-41,-35,1500,1500,-0.31,1.00,2.6954,3.8483,6.9494,0
51.687,-44,-35,1500,1500,-0.31,1.00,2.6954,3.8483,6.9494,0
51.704,-46,-36,1500,1500,-0.31,1.00,2.6954,3.8483,6.9494,0
51.721,-49,-36,1500,1500,-0.31,1.00,2.6954,3.8483,6.9494,0
51.742,-51,-36,1500,1500,-0.31,1.00,2.6954,3.8483,6.9494,0
51.759,-53,-35,1500,1500,-0.60,0.40,2.6954,3.8483,6.9494,0
51.776,-53,-35,1500,1500,-0.60,0.40,2.6954,3.8483,6.9494,0
51.796,-58,-36,1500,1500,-0.60,0.40,2.6954,3.8483,6.9494,0
51.818,-61,-36,1500,1500,-0.60,0.40,2.7361,4.6886,7.7740,0
51.835,-63,-35,1500,1500,-0.60,0.40,2.7361,4.6886,7.7740,0
51.854,-68,-35,1500,1500,-0.60,0.40,2.7361,4.6886,7.7740,0
51.871,-70,-35,1500,1500,-0.60,0.40,2.7361,4.6886,7.7740,0
51.889,-72,-35,1500,1500,-0.60,0.40,2.7361,4.6886,7.7740,0
51.907,-75,-34,1500,1500,-0.60,0.40,2.7361,4.6886,7.7740,0
51.924,-77,-35,1500,1500,-0.60,0.40,2.7361,4.6886,7.7740,0
51.942,-79,-35,1500,1500,-0.60,0.40,2.7361,4.6886,7.7740,0
51.960,-81,-35,1500,1500,-0.60,0.40,2.7361,4.6886,7.7740,0
51.977,-83,-34,1500,1500,-0.60,0.40,2.7361,4.6886,7.7740,0
51.995,-86,-35,1500,1500,-0.60,0.40,2.7361,4.6886,7.7740,0
52.013,-88,-35,1500,1500,-0.42,0.42,2.7361,4.6886,7.7740,0
52.032,-89,-35,1500,1500,-0.42,0.42,2.7361,4.6886,7.7740,0
52.049,-91,-35,1500,1500,-0.42,0.42,2.7361,4.6886,7.7740,0
52.067,-92,-35,1500,1500,-0.42,0.42,2.7364,5.2378,7.9729,0
52.085,-93,-35,1500,1500,-0.42,0.42,2.7364,5.2378,7.9729,0
52.102,-94,-35,1500,1500,-0.42,0.42,2.7364,5.2378,7.9729,0
52.120,-95,-35,1500,1500,-0.42,0.42,2.7364,5.2378,7.9729,0
52.138,-95,-35,1500,1500,-0.42,0.42,2.7364,5.2378,7.9729,0
52.156,-95,-35,1500,1500,-0.42,0.42,2.7364,5.2378,7.9729,0
52.173,-94,-35,1500,1500,-0.42,0.42,2.7364,5.2378,7.9729,0
52.190,-94,-35,1500,1500,-0.42,0.42,2.7364,5.2378,7.9729,0
52.208,-93,-35,1500,1500,-0.42,0.42,2.7364,5.2378,7.9729,0
52.225,-93,-35,1500,1500,-0.42,0.42,2.7364,5.2378,7.9729,0
52.242,-92,-35,1500,1500,-0.42,0.42,2.7364,5.2378,7.9729,0
52.260,-91,-35,1500,1500,-0.08,0.24,2.7364,5.2378,7.9729,0
52.277,-90,-35,1500,1500,-0.08,0.24,2.7364,5.2378,7.9729,0
52.295,-90,-35,1500,1500,-0.08,0.24,2.7364,5.2378,7.9729,0
52.313,-90,-35,1500,1500,-0.08,0.24,2.6364,5.5445,8.7793,0
52.332,-89,-35,1500,1500,-0.08,0.24,2.6364,5.5445,8.7793,0
52.350,-89,-35,1500,1500,-0.08,0.24,2.6364,5.5445,8.7793,0
52.368,-88,-35,1500,1500,-0.08,0.24,2.6364,5.5445,8.7793,0
52.385,-86,-35,1500,1500,-0.08,0.24,2.6364,5.5445,8.7793,0
52.403,-84,-36,1500,1500,-0.08,0.24,2.6364,5.5445,8.7793,0
52.420,-82,-35,1500,1500,-0.08,0.24,2.6364,5.5445,8.7793,0
52.437,-81,-35,1500,1500,-0.08,0.24,2.6364,5.5445,8.7793,0
52.454,-80,-36,1500,1500,-0.08,0.24,2.6364,5.5445,8.7793,0
52.472,-79,-37,1500,1500,-0.08,0.24,2.6364,5.5445,8.7793,0
52.490,-78,-36,1500,1500,-0.08,0.24,2.6364,5.5445,8.7793,0
52.507,-77,-35,1500,1500,0.09,0.44,2.6364,5.5445,8.7793,0
52.525,-76,-36,1500,1500,0.09,0.44,2.6364,5.5445,8.7793,0
52.544,-75,-34,1500,1500,0.09,0.44,2.6364,5.5445,8.7793,0
52.562,-74,-34,1500,1500,0.09,0.44,2.6364,5.5445,8.7793,0
52.580,-74,-35,1500,1500,0.09,0.44,2.5775,4.3901,7.1222,0
52.597,-73,-35,1500,1500,0.09,0.44,2.5775,4.3901,7.1222,0
52.615,-72,-36,1500,1500,0.09,0.44,2.5775,4.3901,7.1222,0
52.632,0,0,1500,1500,0.09,0.44,2.5775,4.3901,7.1222,0
52.650,-71,-36,1500,1500,0.09,0.44,2.5775,4.3901,7.1222,0
52.667,-70,-35,1500,1500,0.09,0.44,2.5775,4.3901,7.1222,0
52.686,-70,-35,1500,1500,0.09,0.44,2.5775,4.3901,7.1222,0
52.704,-70,-35,1500,1500,0.09,0.44,2.5775,4.3901,7.1222,0
52.723,-70,-34,1500,1500,0.09,0.44,2.5775,4.3901,7.1222,0
52.740,-70,-35,1500,1500,0.09,0.44,2.5775,4.3901,7.1222,0
52.758,-70,-35,1500,1500,-0.11,0.90,2.5775,4.3901,7.1222,0
52.775,-70,-36,1500,1500,-0.11,0.90,2.5775,4.3901,7.1222,0
52.792,-71,-36,1500,1500,-0.11,0.90,2.5775,4.3901,7.1222,0
52.810,-72,-35,1500,1500,-0.11,0.90,2.7212,4.1586,7.6936,0
52.829,-73,-36,1500,1500,-0.11,0.90,2.7212,4.1586,7.6936,0
52.848,-73,-35,1500,1500,-0.11,0.90,2.7212,4.1586,7.6936,0
52.867,-74,-34,1500,1500,-0.11,0.90,2.7212,4.1586,7.6936,0
52.884,-75,-35,1500,1500,-0.11,0.90,2.7212,4.1586,7.6936,0
52.901,-75,-35,1500,1500,-0.11,0.90,2.7212,4.1586,7.6936,0
52.919,-76,-34,1500,1500,-0.11,0.90,2.7212,4.1586,7.6936,0
52.936,-76,-34,1500,1500,-0.11,0.90,2.7212,4.1586,7.6936,0
52.953,-77,-34,1500,1500,-0.11,0.90,2.7212,4.1586,7.6936,0
52.970,-77,-35,1500,1500,-0.11,0.90,2.7212,4.1586,7.6936,0
52.987,-78,-35,1500,1500,-0.11,0.90,2.7212,4.1586,7.6936,0
53.005,-79,-34,1500,1500,-0.18,1.32,2.7212,4.1586,7.6936,0
53.023,-80,-33,1500,1500,-0.18,1.32,2.7212,4.1586,7.6936,0
53.042,-81,-34,1500,1500,-0.18,1.32,2.7212,4.1586,7.6936,0
53.060,-82,-35,1500,1500,-0.18,1.32,2.7212,4.1586,7.6936,0
53.079,-83,-35,1500,1500,-0.18,1.32,2.7704,5.1418,7.7573,0
53.097,-84,-34,1500,1500,-0.18,1.32,2.7704,5.1418,7.7573,0
53.116,-86,-35,1500,1500,-0.18,1.32,2.7704,5.1418,7.7573,0
53.134,-87,-34,1500,1500,-0.18,1.32,2.7704,5.1418,7.7573,0
53.151,-88,-34,1500,1500,-0.18,1.32,2.7704,5.1418,7.7573,0
53.169,-89,-33,1500,1500,-0.18,1.32,2.7704,5.1418,7.7573,0
53.186,-90,-34,1500,1500,-0.18,1.32,2.7704,5.1418,7.7573,0
53.203,-90,-35,1500,1500,-0.18,1.32,2.7704,5.1418,7.7573,0
53.221,-90,-34,1500,1500,-0.18,1.32,2.7704,5.1418,7.7573,0
53.238,-91,-33,1500,1500,-0.18,1.32,2.7704,5.1418,7.7573,0
53.255,-91,-34,1500,1500,0.18,1.10,2.7704,5.1418,7.7573,0
53.273,-91,-34,1500,1500,0.18,1.10,2.7704,5.1418,7.7573,0
53.291,-91,-34,1500,1500,0.18,1.10,2.7704,5.1418,7.7573,0
53.311,-91,-33,1500,1500,0.18,1.10,2.9811,7.0227,9.1336,0
53.334,-91,-35,1500,1500,0.18,1.10,2.9811,7.0227,9.1336,0
53.352,-90,-34,1500,1500,0.18,1.10,2.9811,7.0227,9.1336,0
53.370,-89,-34,1500,1500,0.18,1.10,2.9811,7.0227,9.1336,0
53.388,-88,-34,1500,1500,0.18,1.10,2.9811,7.0227,9.1336,0
53.405,-87,-34,1500,1500,0.18,1.10,2.9811,7.0227,9.1336,0
53.423,-86,-35,1500,1500,0.18,1.10,2.9811,7.0227,9.1336,0
53.440,-86,-34,1500,1500,0.18,1.10,2.9811,7.0227,9.1336,0
53.457,-85,-34,1500,1500,0.18,1.10,2.9811,7.0227,9.1336,0
53.474,-84,-35,1500,1500,0.18,1.10,2.9811,7.0227,9.1336,0
53.491,-83,-35,1500,1500,0.18,1.10,2.9811,7.0227,9.1336,0
53.508,-82,-34,1500,1500,-0.05,1.13,2.9811,7.0227,9.1336,0
53.525,-81,-34,1500,1500,-0.05,1.13,2.9811,7.0227,9.1336,0
53.543,-81,-34,1500,1500,-0.05,1.13,2.9811,7.0227,9.1336,0
53.560,-80,-35,1500,1500,-0.05,1.13,3.0719,6.9385,8.7550,0
53.577,-79,-35,1500,1500,-0.05,1.13,3.0719,6.9385,8.7550,0
53.594,-79,-34,1500,1500,-0.05,1.13,3.0719,6.9385,8.7550,0
53.612,-78,-34,1500,1500,-0.05,1.13,3.0719,6.9385,8.7550,0
53.629,-77,-35,1500,1500,-0.05,1.13,3.0719,6.9385,8.7550,0
53.646,-75,-34,1500,1500,-0.05,1.13,3.0719,6.9385,8.7550,0
53.664,-75,-34,1500,1500,-0.05,1.13,3.0719,6.9385,8.7550,0
53.682,-74,-34,1500,1500,-0.05,1.13,3.0719,6.9385,8.7550,0
53.699,-73,-35,1500,1500,-0.05,1.13,3.0719,6.9385,8.7550,0
53.717,-73,-35,1500,1500,-0.05,1.13,3.0719,6.9385,8.7550,0
53.735,-72,-35,1500,1500,-0.05,1.13,3.0719,6.9385,8.7550,0
53.756,-72,-34,1500,1500,-0.20,0.87,3.0719,6.9385,8.7550,0
53.775,-72,-34,1500,1500,-0.20,0.87,3.0719,6.9385,8.7550,0
53.795,-71,-35,1500,1500,-0.20,0.87,3.0719,6.9385,8.7550,0
53.812,-71,-35,1500,1500,-0.20,0.87,3.0466,6.6728,8.4534,0
53.829,-71,-35,1500,1500,-0.20,0.87,3.0466,6.6728,8.4534,0
53.846,-71,-34,1500,1500,-0.20,0.87,3.0466,6.6728,8.4534,0
53.864,-71,-35,1500,1500,-0.20,0.87,3.0466,6.6728,8.4534,0
53.881,-71,-35,1500,1500,-0.20,0.87,3.0466,6.6728,8.4534,0
53.899,-70,-34,1500,1500,-0.20,0.87,3.0466,6.6728,8.4534,0
53.917,-69,-34,1500,1500,-0.20,0.87,3.0466,6.6728,8.4534,0
53.934,-68,-35,1500,1500,-0.20,0.87,3.0466,6.6728,8.4534,0
53.952,-67,-34,1500,1500,-0.20,0.87,3.0466,6.6728,8.4534,0
53.970,-65,-34,1500,1500,-0.20,0.87,3.0466,6.6728,8.4534,0
53.987,-64,-35,1500,1500,-0.20,0.87,3.0466,6.6728,8.4534,0
54.009,-61,-34,1500,1500,-0.50,0.40,3.0466,6.6728,8.4534,0
54.026,-61,-34,1500,1500,-0.50,0.40,3.0466,6.6728,8.4534,0
54.044,-59,-34,1500,1500,-0.50,0.40,3.0466,6.6728,8.4534,0
54.061,-57,-34,1500,1500,-0.50,0.40,3.9920,8.6804,9.3579,0
54.079,-55,-35,1500,1500,-0.50,0.40,3.9920,8.6804,9.3579,0
54.096,-50,-34,1500,1500,-0.50,0.40,3.9920,8.6804,9.3579,0
54.113,-48,-34,1500,1500,-0.50,0.40,3.9920,8.6804,9.3579,0
54.132,-43,-33,1500,1500,-0.50,0.40,3.9920,8.6804,9.3579,0
54.152,-40,-34,1500,1500,-0.50,0.40,3.9920,8.6804,9.3579,0
54.169,-37,-34,1500,1500,-0.50,0.40,3.9920,8.6804,9.3579,0
54.186,-34,-34,1500,1500,-0.50,0.40,3.9920,8.6804,9.3579,0
54.204,-32,-33,1500,1500,-0.50,0.40,3.9920,8.6804,9.3579,0
54.223,-29,-33,1500,1500,-0.50,0.40,3.9920,8.6804,9.3579,0
54.240,-25,-34,1500,1500,-0.50,0.40,3.9920,8.6804,9.3579,0
54.259,-22,-35,1500,1500,-0.30,0.66,3.9920,8.6804,9.3579,0
54.276,-19,-35,1500,1500,-0.30,0.66,3.9920,8.6804,9.3579,0
54.293,-16,-33,1500,1500,-0.30,0.66,3.9920,8.6804,9.3579,0
54.311,-14,-33,1500,1500,-0.30,0.66,3.3202,7.2674,9.2729,0
54.328,-11,-32,1500,1500,-0.30,0.66,3.3202,7.2674,9.2729,0
54.346,-6,-33,1500,1500,-0.30,0.66,3.3202,7.2674,9.2729,0
54.364,-4,-34,1500,1500,-0.30,0.66,3.3202,7.2674,9.2729,0
54.381,-2,-34,1500,1500,-0.30,0.66,3.3202,7.2674,9.2729,0
54.398,1,-34,1500,1500,-0.30,0.66,3.3202,7.2674,9.2729,0
54.415,2,-33,1500,1500,-0.30,0.66,3.3202,7.2674,9.2729,0
54.433,4,-32,1500,1500,-0.30,0.66,3.3202,7.2674,9.2729,0
54.451,5,-32,1500,1500,-0.30,0.66,3.3202,7.2674,9.2729,0
54.469,6,-32,1500,1500,-0.30,0.66,3.3202,7.2674,9.2729,0
54.487,7,-32,1500,1500,-0.30,0.66,3.3202,7.2674,9.2729,0
54.505,8,-31,1500,1500,1.25,1.04,3.3202,7.2674,9.2729,0
54.523,9,-31,1500,1500,1.25,1.04,3.3202,7.2674,9.2729,0
54.541,10,-31,1500,1500,1.25,1.04,3.3202,7.2674,9.2729,0
54.558,11,-31,1500,1500,1.25,1.04,2.4967,4.8117,6.6796,0
54.576,11,-32,1500,1500,1.25,1.04,2.4967,4.8117,6.6796,0
54.594,12,-32,1500,1500,1.25,1.04,2.4967,4.8117,6.6796,0
54.611,13,-33,1500,1500,1.25,1.04,2.4967,4.8117,6.6796,0
54.628,14,-32,1500,1500,1.25,1.04,2.4967,4.8117,6.6796,0
54.646,14,-32,1500,1500,1.25,1.04,2.4967,4.8117,6.6796,0
54.663,15,-31,1500,1500,1.25,1.04,2.4967,4.8117,6.6796,0
54.680,16,-30,1500,1500,1.25,1.04,2.4967,4.8117,6.6796,1
54.699,17,-29,1500,1500,1.25,1.04,2.4967,4.8117,6.6796,1
54.717,18,-30,1500,1500,1.25,1.04,2.4967,4.8117,6.6796,1
54.735,19,-30,1500,1500,1.25,1.04,2.4967,4.8117,6.6796,1
54.752,20,-31,1500,1500,1.34,1.62,2.4967,4.8117,6.6796,0
54.770,21,-30,1500,1500,1.34,1.62,2.4967,4.8117,6.6796,1
54.788,23,-30,1500,1500,1.34,1.62,2.4967,4.8117,6.6796,1
54.807,24,-29,1500,1500,1.34,1.62,2.5949,5.1788,8.3043,1
54.825,26,-29,1500,1500,1.34,1.62,2.5949,5.1788,8.3043,1
54.843,28,-30,1500,1500,1.34,1.62,2.5949,5.1788,8.3043,1
54.860,29,-30,1500,1500,1.34,1.62,2.5949,5.1788,8.3043,1
54.878,32,-29,1500,1500,1.34,1.62,2.5949,5.1788,8.3043,1
54.896,34,-28,1500,1500,1.34,1.62,2.5949,5.1788,8.3043,1
54.916,36,-28,1500,1500,1.34,1.62,2.5949,5.1788,8.3043,1
54.935,39,-28,1500,1500,1.34,1.62,2.5949,5.1788,8.3043,1
54.953,44,-29,1500,1500,1.34,1.62,2.5949,5.1788,8.3043,1
54.971,47,-29,1500,1500,1.34,1.62,2.5949,5.1788,8.3043,1
54.988,50,-28,1500,1500,1.34,1.62,2.5949,5.1788,8.3043,1
55.006,54,-28,1500,1500,0.72,2.11,2.5949,5.1788,8.3043,1
55.023,57,-29,1500,1500,0.72,2.11,2.5949,5.1788,8.3043,1
55.040,60,-28,1500,1500,0.72,2.11,2.5949,5.1788,8.3043,1
55.058,64,-28,1500,1500,0.72,2.11,2.3673,4.4806,7.4389,0
55.075,67,-28,1500,1500,0.72,2.11,2.3673,4.4806,7.4389,0
55.093,71,-27,1500,1500,0.72,2.11,2.3673,4.4806,7.4389,0
55.114,75,-27,1500,1500,0.72,2.11,2.3673,4.4806,7.4389,0
55.134,81,-26,1500,1500,0.72,2.11,2.3673,4.4806,7.4389,0
55.153,83,-26,1500,1500,0.72,2.11,2.3673,4.4806,7.4389,0
55.170,85,-26,1500,1500,0.72,2.11,2.3673,4.4806,7.4389,0
55.188,86,-25,1500,1500,0.72,2.11,2.3673,4.4806,7.4389,0
55.205,88,-26,1500,1500,0.72,2.11,2.3673,4.4806,7.4389,0
55.222,89,-27,1500,1500,0.72,2.11,2.3673,4.4806,7.4389,0
55.240,90,-27,1500,1500,0.72,2.11,2.3673,4.4806,7.4389,0
55.257,90,-26,1500,1500,0.43,2.70,2.3673,4.4806,7.4389,0
55.274,91,-26,1500,1500,0.43,2.70,2.3673,4.4806,7.4389,0
55.292,91,-26,1500,1500,0.43,2.70,2.3673,4.4806,7.4389,0
55.309,92,-25,1500,1500,0.43,2.70,2.6380,3.5961,6.9303,0
55.327,93,-25,1500,1500,0.43,2.70,2.6380,3.5961,6.9303,0
55.344,94,-25,1500,1500,0.43,2.70,2.6380,3.5961,6.9303,0
55.362,95,-25,1500,1500,0.43,2.70,2.6380,3.5961,6.9303,0
55.380,96,-25,1500,1500,0.43,2.70,2.6380,3.5961,6.9303,0
55.397,96,-25,1500,1500,0.43,2.70,2.6380,3.5961,6.9303,0
55.414,97,-25,1500,1500,0.43,2.70,2.6380,3.5961,6.9303,0
55.431,97,-25,1500,1500,0.43,2.70,2.6380,3.5961,6.9303,0
55.449,97,-26,1500,1500,0.43,2.70,2.6380,3.5961,6.9303,0
55.466,97,-26,1500,1500,0.43,2.70,2.6380,3.5961,6.9303,0
55.484,97,-26,1500,1500,0.43,2.70,2.6380,3.5961,6.9303,0
55.502,97,-26,1500,1500,0.70,2.72,2.6380,3.5961,6.9303,0
55.520,97,-26,1500,1500,0.70,2.72,2.6380,3.5961,6.9303,0
55.540,96,-26,1500,1500,0.70,2.72,2.6380,3.5961,6.9303,0
55.557,96,-26,1500,1500,0.70,2.72,2.6544,3.5995,6.4524,0
55.575,94,-26,1500,1500,0.70,2.72,2.6544,3.5995,6.4524,0
55.593,93,-26,1500,1500,0.70,2.72,2.6544,3.5995,6.4524,0
55.611,92,-26,1500,1500,0.70,2.72,2.6544,3.5995,6.4524,0
55.629,91,-26,1500,1500,0.70,2.72,2.6544,3.5995,6.4524,0
55.646,90,-26,1500,1500,0.70,2.72,2.6544,3.5995,6.4524,0
55.663,89,-27,1500,1500,0.70,2.72,2.6544,3.5995,6.4524,0
55.681,90,-27,1500,1500,0.70,2.72,2.6544,3.5995,6.4524,0
55.698,90,-27,1500,1500,0.70,2.72,2.6544,3.5995,6.4524,0
55.715,91,-27,1500,1500,0.70,2.72,2.6544,3.5995,6.4524,0
55.735,93,-27,1500,1500,0.70,2.72,2.6544,3.5995,6.4524,0
55.752,95,-26,1500,1500,0.67,2.28,2.6544,3.5995,6.4524,0
55.769,97,-26,1500,1500,0.67,2.28,2.6544,3.5995,6.4524,0
55.786,100,-25,1500,1500,0.67,2.28,2.6544,3.5995,6.4524,0
55.803,103,-25,1500,1500,0.67,2.28,2.6544,3.5995,6.4524,0
55.821,106,-25,1500,1500,0.67,2.28,2.2662,3.8511,6.4275,0
55.838,110,-25,1500,1500,0.67,2.28,2.2662,3.8511,6.4275,0
55.856,113,-25,1500,1500,0.67,2.28,2.2662,3.8511,6.4275,0
55.874,116,-26,1500,1500,0.67,2.28,2.2662,3.8511,6.4275,0
55.892,119,-25,1500,1500,0.67,2.28,2.2662,3.8511,6.4275,0
55.909,123,-25,1500,1500,0.67,2.28,2.2662,3.8511,6.4275,0
55.927,125,-26,1500,1500,0.67,2.28,2.2662,3.8511,6.4275,0
55.945,128,-25,1500,1500,0.67,2.28,2.2662,3.8511,6.4275,0
55.962,130,-25,1500,1500,0.67,2.28,2.2662,3.8511,6.4275,0
55.980,133,-25,1500,1500,0.67,2.28,2.2662,3.8511,6.4275,0
55.997,134,-26,1500,1500,0.69,2.21,2.2662,3.8511,6.4275,0
56.015,134,-26,1500,1500,0.69,2.21,2.2662,3.8511,6.4275,0
56.032,136,-26,1500,1500,0.69,2.21,2.2662,3.8511,6.4275,0
56.050,136,-26,1500,1500,0.69,2.21,2.2662,3.8511,6.4275,0
56.068,137,-26,1500,1500,0.69,2.21,2.6208,2.9641,6.1156,0
56.087,137,-26,1500,1500,0.69,2.21,2.6208,2.9641,6.1156,0
56.104,136,-26,1500,1500,0.69,2.21,2.6208,2.9641,6.1156,0
56.122,136,-27,1500,1500,0.69,2.21,2.6208,2.9641,6.1156,0
56.140,135,-27,1500,1500,0.69,2.21,2.6208,2.9641,6.1156,0
56.157,134,-27,1500,1500,0.69,2.21,2.6208,2.9641,6.1156,0
56.175,133,-27,1500,1500,0.69,2.21,2.6208,2.9641,6.1156,0
56.192,131,-27,1500,1500,0.69,2.21,2.6208,2.9641,6.1156,0
56.211,129,-28,1500,1500,0.69,2.21,2.6208,2.9641,6.1156,0
56.228,123,-29,1500,1500,0.69,2.21,2.6208,2.9641,6.1156,0
56.247,123,-29,1500,1500,-0.00,1.76,2.6208,2.9641,6.1156,0
56.265,120,-29,1500,1500,-0.00,1.76,2.6208,2.9641,6.1156,0
56.283,117,-29,1500,1500,-0.00,1.76,2.6208,2.9641,6.1156,0
56.302,114,-30,1500,1500,-0.00,1.76,2.6208,2.9641,6.1156,0
56.322,111,-30,1500,1500,-0.00,1.76,2.8305,3.8039,6.4820,0
56.340,103,-30,1500,1500,-0.00,1.76,2.8305,3.8039,6.4820,0
56.357,98,-30,1500,1500,-0.00,1.76,2.8305,3.8039,6.4820,0
56.374,95,-31,1500,1500,-0.00,1.76,2.8305,3.8039,6.4820,0
56.393,86,-31,1500,1500,-0.00,1.76,2.8305,3.8039,6.4820,0
56.413,83,-31,1500,1500,-0.00,1.76,2.8305,3.8039,6.4820,0
56.430,78,-31,1500,1500,-0.00,1.76,2.8305,3.8039,6.4820,0
56.450,75,-31,1500,1500,-0.00,1.76,2.8305,3.8039,6.4820,0
56.467,72,-31,1500,1500,-0.00,1.76,2.8305,3.8039,6.4820,0
56.484,68,-31,1500,1500,-0.00,1.76,2.8305,3.8039,6.4820,0
56.503,66,-31,1500,1500,0.19,0.03,2.8305,3.8039,6.4820,0
56.521,63,-32,1500,1500,0.19,0.03,2.8305,3.8039,6.4820,0
56.542,61,-32,1500,1500,0.19,0.03,2.8305,3.8039,6.4820,0
56.563,59,-31,1500,1500,0.19,0.03,3.2268,4.3702,6.5334,0
56.583,58,-32,1500,1500,0.19,0.03,3.2268,4.3702,6.5334,0
56.602,55,-32,1500,1500,0.19,0.03,3.2268,4.3702,6.5334,0
56.619,55,-32,1500,1500,0.19,0.03,3.2268,4.3702,6.5334,0
56.636,54,-32,1500,1500,0.19,0.03,3.2268,4.3702,6.5334,0
56.654,53,-32,1500,1500,0.19,0.03,3.2268,4.3702,6.5334,0
56.672,53,-32,1500,1500,0.19,0.03,3.2268,4.3702,6.5334,0
56.690,52,-32,1500,1500,0.19,0.03,3.2268,4.3702,6.5334,0
56.707,51,-33,1500,1500,0.19,0.03,3.2268,4.3702,6.5334,0
56.725,50,-33,1500,1500,0.19,0.03,3.2268,4.3702,6.5334,0
56.743,50,-33,1500,1500,-0.44,0.41,3.2268,4.3702,6.5334,0
56.760,49,-33,1500,1500,-0.44,0.41,3.2268,4.3702,6.5334,0
56.785,48,-33,1500,1500,-0.44,0.41,3.2268,4.3702,6.5334,0
56.804,47,-33,1500,1500,-0.44,0.41,2.7758,2.9458,5.6266,0
56.823,44,-33,1500,1500,-0.44,0.41,2.7758,2.9458,5.6266,0
56.840,42,-34,1500,1500,-0.44,0.41,2.7758,2.9458,5.6266,0
56.859,40,-34,1500,1500,-0.44,0.41,2.7758,2.9458,5.6266,0
56.876,38,-34,1500,1500,-0.44,0.41,2.7758,2.9458,5.6266,0
56.893,35,-34,1500,1500,-0.44,0.41,2.7758,2.9458,5.6266,0
56.910,35,-34,1500,1500,-0.44,0.41,2.7758,2.9458,5.6266,0
56.928,31,-35,1500,1500,-0.44,0.41,2.7758,2.9458,5.6266,0
56.946,31,-35,1500,1500,-0.44,0.41,2.7758,2.9458,5.6266,0
56.964,25,-35,1500,1500,-0.44,0.41,2.7758,2.9458,5.6266,0
56.982,22,-35,1500,1500,-0.44,0.41,2.7758,2.9458,5.6266,0
57.000,18,-35,1500,1500,-0.93,-0.07,2.7758,2.9458,5.6266,0
57.019,18,-35,1500,1500,-0.93,-0.07,2.7758,2.9458,5.6266,0
57.038,10,-36,1500,1500,-0.93,-0.07,2.7758,2.9458,5.6266,0
57.055,5,-36,1500,1500,-0.93,-0.07,2.9613,2.8981,6.3405,0
57.073,1,-36,1500,1500,-0.93,-0.07,2.9613,2.8981,6.3405,0
57.090,-3,-36,1500,1500,-0.93,-0.07,2.9613,2.8981,6.3405,0
57.107,-7,-37,1500,1500,-0.93,-0.07,2.9613,2.8981,6.3405,0
57.125,-10,-37,1500,1500,-0.93,-0.07,2.9613,2.8981,6.3405,0
57.142,-14,-37,1500,1500,-0.93,-0.07,2.9613,2.8981,6.3405,0
57.160,-17,-36,1500,1500,-0.93,-0.07,2.9613,2.8981,6.3405,0
57.177,-19,-37,1500,1500,-0.93,-0.07,2.9613,2.8981,6.3405,0
57.195,-22,-37,1500,1500,-0.93,-0.07,2.9613,2.8981,6.3405,0
57.212,-24,-36,1500,1500,-0.93,-0.07,2.9613,2.8981,6.3405,0
57.232,-28,-37,1500,1500,-0.93,-0.07,2.9613,2.8981,6.3405,0
57.249,-28,-37,1500,1500,-1.26,-0.81,2.9613,2.8981,6.3405,0
57.267,-31,-37,1500,1500,-1.26,-0.81,2.9613,2.8981,6.3405,0
57.285,-32,-37,1500,1500,-1.26,-0.81,2.9613,2.8981,6.3405,0
57.303,-33,-37,1500,1500,-1.26,-0.81,2.8593,3.2182,6.0926,0
57.320,-34,-37,1500,1500,-1.26,-0.81,2.8593,3.2182,6.0926,0
57.338,-35,-37,1500,1500,-1.26,-0.81,2.8593,3.2182,6.0926,0
57.355,-36,-37,1500,1500,-1.26,-0.81,2.8593,3.2182,6.0926,0
57.372,-36,-37,1500,1500,-1.26,-0.81,2.8593,3.2182,6.0926,0
57.390,-37,-37,1500,1500,-1.26,-0.81,2.8593,3.2182,6.0926,0
57.409,-39,-37,1500,1500,-1.26,-0.81,2.8593,3.2182,6.0926,0
57.427,-40,-37,1500,1500,-1.26,-0.81,2.8593,3.2182,6.0926,0
57.445,-42,-38,1500,1500,-1.26,-0.81,2.8593,3.2182,6.0926,0
57.462,-43,-38,1500,1500,-1.26,-0.81,2.8593,3.2182,6.0926,0
57.482,-43,-37,1500,1500,-1.26,-0.81,2.8593,3.2182,6.0926,0
57.500,-44,-38,1500,1500,-1.55,0.04,2.8593,3.2182,6.0926,0
57.519,-45,-38,1500,1500,-1.55,0.04,2.8593,3.2182,6.0926,0
57.536,-45,-38,1500,1500,-1.55,0.04,2.8593,3.2182,6.0926,0
57.554,-45,-38,1500,1500,-1.55,0.04,2.7843,3.5559,6.6119,0
57.571,-45,-38,1500,1500,-1.55,0.04,2.7843,3.5559,6.6119,0
57.588,-45,-38,1500,1500,-1.55,0.04,2.7843,3.5559,6.6119,0
57.606,-45,-37,1500,1500,-1.55,0.04,2.7843,3.5559,6.6119,0
57.623,-44,-38,1500,1500,-1.55,0.04,2.7843,3.5559,6.6119,0
57.640,-43,-38,1500,1500,-1.55,0.04,2.7843,3.5559,6.6119,0
57.659,-43,-38,1500,1500,-1.55,0.04,2.7843,3.5559,6.6119,0
57.676,-42,-38,1500,1500,-1.55,0.04,2.7843,3.5559,6.6119,0
57.695,-40,-38,1500,1500,-1.55,0.04,2.7843,3.5559,6.6119,0
57.712,-40,-38,1500,1500,-1.55,0.04,2.7843,3.5559,6.6119,0
57.730,-39,-38,1500,1500,-1.55,0.04,2.7843,3.5559,6.6119,0
57.747,-38,-37,1500,1500,-0.79,0.32,2.7843,3.5559,6.6119,0
57.764,-37,-37,1500,1500,-0.79,0.32,2.7843,3.5559,6.6119,0
57.781,-36,-37,1500,1500,-0.79,0.32,2.7843,3.5559,6.6119,0
57.800,-35,-37,1500,1500,-0.79,0.32,2.7843,3.5559,6.6119,0
57.817,-34,-37,1500,1500,-0.79,0.32,2.9208,3.6628,6.8298,0
57.835,-32,-38,1500,1500,-0.79,0.32,2.9208,3.6628,6.8298,0
57.853,-31,-38,1500,1500,-0.79,0.32,2.9208,3.6628,6.8298,0
57.870,-29,-38,1500,1500,-0.79,0.32,2.9208,3.6628,6.8298,0
57.887,-27,-38,1500,1500,-0.79,0.32,2.9208,3.6628,6.8298,0
57.906,-25,-38,1500,1500,-0.79,0.32,2.9208,3.6628,6.8298,0
57.924,-23,-38,1500,1500,-0.79,0.32,2.9208,3.6628,6.8298,0
57.942,-20,-38,1500,1500,-0.79,0.32,2.9208,3.6628,6.8298,0
57.959,-15,-38,1500,1500,-0.79,0.32,2.9208,3.6628,6.8298,0
57.976,-15,-38,1500,1500,-0.79,0.32,2.9208,3.6628,6.8298,0
57.994,-10,-38,1500,1500,0.13,0.12,2.9208,3.6628,6.8298,0
58.014,-7,-38,1500,1500,0.13,0.12,2.9208,3.6628,6.8298,0
58.032,-4,-37,1500,1500,0.13,0.12,2.9208,3.6628,6.8298,0
58.049,-1,-37,1500,1500,0.13,0.12,2.9208,3.6628,6.8298,0
58.066,2,-37,1500,1500,0.13,0.12,2.9389,3.4017,8.0688,0
58.083,4,-36,1500,1500,0.13,0.12,2.9389,3.4017,8.0688,0
58.103,6,-36,1500,1500,0.13,0.12,2.9389,3.4017,8.0688,0
58.120,9,-36,1500,1500,0.13,0.12,2.9389,3.4017,8.0688,0
58.138,10,-37,1500,1500,0.13,0.12,2.9389,3.4017,8.0688,0
58.156,12,-37,1500,1500,0.13,0.12,2.9389,3.4017,8.0688,0
58.173,14,-36,1500,1500,0.13,0.12,2.9389,3.4017,8.0688,0
58.191,17,-36,1500,1500,0.13,0.12,2.9389,3.4017,8.0688,0
58.208,18,-36,1500,1500,0.13,0.12,2.9389,3.4017,8.0688,0
58.226,19,-36,1500,1500,0.13,0.12,2.9389,3.4017,8.0688,0
58.243,19,-36,1500,1500,0.24,1.28,2.9389,3.4017,8.0688,0
58.261,20,-36,1500,1500,0.24,1.28,2.9389,3.4017,8.0688,0
58.278,21,-36,1500,1500,0.24,1.28,2.9389,3.4017,8.0688,0
58.295,21,-35,1500,1500,0.24,1.28,2.9389,3.4017,8.0688,0
58.314,22,-35,1500,1500,0.24,1.28,3.1195,2.9689,7.8665,0
58.331,22,-35,1500,1500,0.24,1.28,3.1195,2.9689,7.8665,0
58.349,23,-35,1500,1500,0.24,1.28,3.1195,2.9689,7.8665,0
58.367,23,-36,1500,1500,0.24,1.28,3.1195,2.9689,7.8665,0
58.384,23,-36,1500,1500,0.24,1.28,3.1195,2.9689,7.8665,0
58.401,24,-37,1500,1500,0.24,1.28,3.1195,2.9689,7.8665,0
58.418,25,-36,1500,1500,0.24,1.28,3.1195,2.9689,7.8665,0
58.436,26,-36,1500,1500,0.24,1.28,3.1195,2.9689,7.8665,0
58.454,27,-36,1500,1500,0.24,1.28,3.1195,2.9689,7.8665,0
58.472,29,-35,1500,1500,0.24,1.28,3.1195,2.9689,7.8665,0
58.490,30,-35,1500,1500,0.45,1.17,3.1195,2.9689,7.8665,0
58.509,31,-35,1500,1500,0.45,1.17,3.1195,2.9689,7.8665,0
58.527,32,-36,1500,1500,0.45,1.17,3.1195,2.9689,7.8665,0
58.545,33,-36,1500,1500,0.45,1.17,3.1195,2.9689,7.8665,0
58.563,35,-35,1500,1500,0.45,1.17,2.7021,3.9491,7.7961,0
58.580,37,-35,1500,1500,0.45,1.17,2.7021,3.9491,7.7961,0
58.598,38,-35,1500,1500,0.45,1.17,2.7021,3.9491,7.7961,0
58.616,39,-35,1500,1500,0.45,1.17,2.7021,3.9491,7.7961,0
58.633,40,-35,1500,1500,0.45,1.17,2.7021,3.9491,7.7961,0
58.651,40,-35,1500,1500,0.45,1.17,2.7021,3.9491,7.7961,0
58.668,41,-35,1500,1500,0.45,1.17,2.7021,3.9491,7.7961,0
58.685,41,-35,1500,1500,0.45,1.17,2.7021,3.9491,7.7961,0
58.703,41,-35,1500,1500,0.45,1.17,2.7021,3.9491,7.7961,0
58.720,41,-35,1500,1500,0.45,1.17,2.7021,3.9491,7.7961,0
58.737,41,-34,1500,1500,0.49,1.23,2.7021,3.9491,7.7961,0
58.754,40,-35,1500,1500,0.49,1.23,2.7021,3.9491,7.7961,0
58.771,40,-34,1500,1500,0.49,1.23,2.7021,3.9491,7.7961,0
58.789,39,-35,1500,1500,0.49,1.23,2.7021,3.9491,7.7961,0
58.806,39,-35,1500,1500,0.49,1.23,3.0282,5.5108,8.1989,0
58.825,39,-35,1500,1500,0.49,1.23,3.0282,5.5108,8.1989,0
58.843,39,-35,1500,1500,0.49,1.23,3.0282,5.5108,8.1989,0
58.861,40,-35,1500,1500,0.49,1.23,3.0282,5.5108,8.1989,0
58.879,40,-35,1500,1500,0.49,1.23,3.0282,5.5108,8.1989,0
58.896,41,-35,1500,1500,0.49,1.23,3.0282,5.5108,8.1989,0
58.913,41,-35,1500,1500,0.49,1.23,3.0282,5.5108,8.1989,0
58.930,42,-35,1500,1500,0.49,1.23,3.0282,5.5108,8.1989,0
58.947,43,-35,1500,1500,0.49,1.23,3.0282,5.5108,8.1989,0
58.964,44,-35,1500,1500,0.49,1.23,3.0282,5.5108,8.1989,0
58.981,45,-35,1500,1500,0.49,1.23,3.0282,5.5108,8.1989,0
58.999,45,-36,1500,1500,0.94,0.45,3.0282,5.5108,8.1989,0
59.017,46,-35,1500,1500,0.94,0.45,3.0282,5.5108,8.1989,0
59.034,47,-35,1500,1500,0.94,0.45,3.0282,5.5108,8.1989,0
59.051,47,-35,1500,1500,0.94,0.45,5.0593,9.4518,9.3081,0
59.069,48,-35,1500,1500,0.94,0.45,5.0593,9.4518,9.3081,0
59.086,49,-35,1500,1500,0.94,0.45,5.0593,9.4518,9.3081,0
59.104,49,-35,1500,1500,0.94,0.45,5.0593,9.4518,9.3081,0
59.121,50,-35,1500,1500,0.94,0.45,5.0593,9.4518,9.3081,0
59.138,51,-35,1500,1500,0.94,0.45,5.0593,9.4518,9.3081,0
59.156,52,-35,1500,1500,0.94,0.45,5.0593,9.4518,9.3081,0
59.173,54,-35,1500,1500,0.94,0.45,5.0593,9.4518,9.3081,0
59.190,55,-35,1500,1500,0.94,0.45,5.0593,9.4518,9.3081,0
59.208,55,-35,1500,1500,0.94,0.45,5.0593,9.4518,9.3081,0
59.225,56,-35,1500,1500,0.94,0.45,5.0593,9.4518,9.3081,0
59.243,57,-35,1500,1500,1.53,0.06,5.0593,9.4518,9.3081,0
59.260,58,-36,1500,1500,1.53,0.06,5.0593,9.4518,9.3081,0
59.279,59,-36,1500,1500,1.53,0.06,5.0593,9.4518,9.3081,0
59.297,59,-36,1500,1500,1.53,0.06,7.1518,9.8901,10.1705,0
59.316,61,-36,1500,1500,1.53,0.06,7.1518,9.8901,10.1705,0
59.335,62,-36,1500,1500,1.53,0.06,7.1518,9.8901,10.1705,0
59.352,63,-35,1500,1500,1.53,0.06,7.1518,9.8901,10.1705,0
59.370,64,-35,1500,1500,1.53,0.06,7.1518,9.8901,10.1705,0
59.388,66,-35,1500,1500,1.53,0.06,7.1518,9.8901,10.1705,0
59.406,67,-35,1500,1500,1.53,0.06,7.1518,9.8901,10.1705,0
59.424,69,-35,1500,1500,1.53,0.06,7.1518,9.8901,10.1705,0
59.441,70,-36,1500,1500,1.53,0.06,7.1518,9.8901,10.1705,0
59.458,72,-36,1500,1500,1.53,0.06,7.1518,9.8901,10.1705,0
59.475,73,-36,1500,1500,1.53,0.06,7.1518,9.8901,10.1705,0
59.498,75,-35,1500,1500,1.84,0.14,7.1518,9.8901,10.1705,0
59.517,77,-35,1500,1500,1.84,0.14,7.1518,9.8901,10.1705,0
59.535,77,-35,1500,1500,1.84,0.14,7.1518,9.8901,10.1705,0
59.554,81,-35,1500,1500,1.84,0.14,7.5141,9.6619,10.5036,0
59.571,83,-35,1500,1500,1.84,0.14,7.5141,9.6619,10.5036,0
59.588,86,-35,1500,1500,1.84,0.14,7.5141,9.6619,10.5036,0
59.605,88,-35,1500,1500,1.84,0.14,7.5141,9.6619,10.5036,0
59.623,94,-35,1500,1500,1.84,0.14,7.5141,9.6619,10.5036,0
59.641,96,-35,1500,1500,1.84,0.14,7.5141,9.6619,10.5036,0
59.658,99,-36,1500,1500,1.84,0.14,7.5141,9.6619,10.5036,0
59.675,99,-36,1500,1500,1.84,0.14,7.5141,9.6619,10.5036,0
59.693,102,-35,1500,1500,1.84,0.14,7.5141,9.6619,10.5036,0
59.711,106,-35,1500,1500,1.84,0.14,7.5141,9.6619,10.5036,0
59.732,109,-36,1500,1500,1.84,0.14,7.5141,9.6619,10.5036,0
59.749,110,-36,1500,1500,1.76,0.76,7.5141,9.6619,10.5036,0
59.767,111,-36,1500,1500,1.76,0.76,7.5141,9.6619,10.5036,0
59.784,113,-36,1500,1500,1.76,0.76,7.5141,9.6619,10.5036,0
59.803,114,-36,1500,1500,1.76,0.76,5.3367,9.2035,9.2687,0
59.821,116,-36,1500,1500,1.76,0.76,5.3367,9.2035,9.2687,0
59.839,117,-35,1500,1500,1.76,0.76,5.3367,9.2035,9.2687,0
59.856,119,-35,1500,1500,1.76,0.76,5.3367,9.2035,9.2687,0
59.874,120,-37,1500,1500,1.76,0.76,5.3367,9.2035,9.2687,0
59.892,120,-37,1500,1500,1.76,0.76,5.3367,9.2035,9.2687,0
59.909,122,-35,1500,1500,1.76,0.76,5.3367,9.2035,9.2687,0
59.928,122,-35,1500,1500,1.76,0.76,5.3367,9.2035,9.2687,0
59.945,123,-36,1500,1500,1.76,0.76,5.3367,9.2035,9.2687,0
59.964,124,-37,1500,1500,1.76,0.76,5.3367,9.2035,9.2687,0
59.982,126,-36,1500,1500,1.76,0.76,5.3367,9.2035,9.2687,0
