elapsed_s,err_x_px,err_y_px,err_pitch_px,target_roll_us,target_pitch_us,actual_roll_deg,actual_pitch_deg,vib_x,vib_y,vib_z,aligned
0.018,-17,-28,-26,1500,1500,0.42,-0.51,2.5527,2.6581,6.9584,1
0.035,-17,-29,-26,1500,1500,0.42,-0.51,2.5527,2.6581,6.9584,1
0.053,-16,-29,-26,1500,1500,0.42,-0.51,2.5527,2.6581,6.9584,1
0.071,-16,-30,-26,1500,1500,0.42,-0.51,2.5527,2.6581,6.9584,1
0.089,-16,-30,-26,1500,1500,0.29,-0.41,2.5527,2.6581,6.9584,1
0.107,-15,-30,-26,1500,1500,0.29,-0.41,2.5527,2.6581,6.9584,1
0.126,-15,-30,-26,1500,1500,0.29,-0.41,2.5527,2.6581,6.9584,1
0.147,-15,-30,-26,1500,1500,0.29,-0.41,2.4099,2.7647,7.4087,1
0.167,-13,-31,-26,1500,1500,0.29,-0.41,2.4099,2.7647,7.4087,1
0.185,-12,-31,-26,1500,1500,0.29,-0.41,2.4099,2.7647,7.4087,1
0.202,-12,-32,-26,1500,1500,0.29,-0.41,2.4099,2.7647,7.4087,1
0.219,-12,-31,-26,1500,1500,0.29,-0.41,2.4099,2.7647,7.4087,1
0.236,-11,-31,-26,1500,1500,0.29,-0.41,2.4099,2.7647,7.4087,1
0.253,-11,-30,-26,1500,1500,0.29,-0.41,2.4099,2.7647,7.4087,1
0.271,-11,-30,-26,1500,1500,0.29,-0.41,2.4099,2.7647,7.4087,1
0.289,-10,-30,-27,1500,1500,0.29,-0.41,2.4099,2.7647,7.4087,1
0.307,-9,-31,-28,1500,1500,0.29,-0.41,2.4099,2.7647,7.4087,1
0.325,-8,-32,-27,1500,1500,0.29,-0.41,2.4099,2.7647,7.4087,1
0.343,-8,-32,-26,1500,1500,0.38,-0.42,2.4099,2.7647,7.4087,1
0.361,-8,-32,-26,1500,1500,0.38,-0.42,2.4099,2.7647,7.4087,1
0.379,-9,-31,-26,1500,1500,0.38,-0.42,2.4099,2.7647,7.4087,1
0.397,-8,-30,-26,1500,1500,0.38,-0.42,2.1789,2.7866,7.0280,1
0.416,-8,-30,-27,1500,1500,0.38,-0.42,2.1789,2.7866,7.0280,1
0.435,-6,-34,-27,1500,1500,0.38,-0.42,2.1789,2.7866,7.0280,1
0.452,-5,-34,-26,1500,1500,0.38,-0.42,2.1789,2.7866,7.0280,1
0.469,-4,-34,-26,1500,1500,0.38,-0.42,2.1789,2.7866,7.0280,1
0.487,-4,-34,-26,1500,1500,0.38,-0.42,2.1789,2.7866,7.0280,1
0.504,-4,-34,-25,1500,1500,0.38,-0.42,2.1789,2.7866,7.0280,1
0.521,-3,-33,-25,1500,1500,0.38,-0.42,2.1789,2.7866,7.0280,1
0.538,-3,-33,-25,1500,1500,0.38,-0.42,2.1789,2.7866,7.0280,1
0.556,-2,-32,-25,1500,1500,0.38,-0.42,2.1789,2.7866,7.0280,1
0.573,0,-32,-24,1500,1500,0.38,-0.42,2.1789,2.7866,7.0280,1
0.590,0,-32,-24,1500,1500,0.33,-0.31,2.1789,2.7866,7.0280,1
0.608,0,-32,-25,1500,1500,0.33,-0.31,2.1789,2.7866,7.0280,1
0.626,0,-32,-25,1500,1500,0.33,-0.31,2.1789,2.7866,7.0280,1
0.643,1,-32,-26,1500,1500,0.33,-0.31,2.6194,2.6699,6.9638,1
0.661,0,-32,-25,1500,1500,0.33,-0.31,2.6194,2.6699,6.9638,1
0.683,0,-30,-24,1500,1500,0.33,-0.31,2.6194,2.6699,6.9638,1
0.701,0,-30,-25,1500,1500,0.33,-0.31,2.6194,2.6699,6.9638,1
0.719,0,-28,-25,1500,1500,0.33,-0.31,2.6194,2.6699,6.9638,1
0.736,0,-28,-26,1500,1500,0.33,-0.31,2.6194,2.6699,6.9638,1
0.753,0,-27,-25,1500,1500,0.33,-0.31,2.6194,2.6699,6.9638,1
0.771,0,-28,-25,1500,1500,0.33,-0.31,2.6194,2.6699,6.9638,1
0.788,-1,-29,-25,1500,1500,0.33,-0.31,2.6194,2.6699,6.9638,1
0.806,-1,-28,-24,1500,1500,0.33,-0.31,2.6194,2.6699,6.9638,1
0.823,-2,-26,-25,1500,1500,0.33,-0.31,2.6194,2.6699,6.9638,1
0.840,-2,-26,-25,1500,1500,0.60,-0.15,2.6194,2.6699,6.9638,1
0.857,-1,-26,-25,1500,1500,0.60,-0.15,2.6194,2.6699,6.9638,1
0.876,-1,-25,-25,1500,1500,0.60,-0.15,2.6194,2.6699,6.9638,1
0.896,0,-25,-25,1500,1500,0.60,-0.15,2.5303,2.9767,7.3817,1
0.915,1,-24,-25,1500,1500,0.60,-0.15,2.5303,2.9767,7.3817,1
0.932,2,-24,-25,1500,1500,0.60,-0.15,2.5303,2.9767,7.3817,1
0.950,2,-23,-24,1500,1500,0.60,-0.15,2.5303,2.9767,7.3817,1
0.967,3,-23,-25,1500,1500,0.60,-0.15,2.5303,2.9767,7.3817,1
0.985,3,-23,-25,1500,1500,0.60,-0.15,2.5303,2.9767,7.3817,1
1.002,4,-22,-25,1500,1500,0.60,-0.15,2.5303,2.9767,7.3817,1
1.019,4,-21,-24,1500,1500,0.60,-0.15,2.5303,2.9767,7.3817,1
1.036,5,-21,-24,1500,1500,0.60,-0.15,2.5303,2.9767,7.3817,1
1.053,5,-21,-24,1500,1500,0.60,-0.15,2.5303,2.9767,7.3817,1
1.071,6,-21,-25,1500,1500,0.60,-0.15,2.5303,2.9767,7.3817,1
1.088,6,-21,-25,1500,1500,0.78,0.05,2.5303,2.9767,7.3817,1
1.105,7,-21,-25,1500,1500,0.78,0.05,2.5303,2.9767,7.3817,1
1.122,7,-20,-24,1500,1500,0.78,0.05,2.5303,2.9767,7.3817,1
1.140,7,-19,-24,1500,1500,0.78,0.05,2.4705,2.9854,7.2035,1
1.157,8,-18,-24,1500,1500,0.78,0.05,2.4705,2.9854,7.2035,1
1.175,9,-17,-25,1500,1500,0.78,0.05,2.4705,2.9854,7.2035,1
1.192,9,-16,-25,1500,1500,0.78,0.05,2.4705,2.9854,7.2035,1
1.211,9,-16,-25,1500,1500,0.78,0.05,2.4705,2.9854,7.2035,1
1.228,10,-16,-25,1500,1500,0.78,0.05,2.4705,2.9854,7.2035,1
1.248,10,-16,-24,1500,1500,0.78,0.05,2.4705,2.9854,7.2035,1
1.265,9,-15,-24,1500,1500,0.78,0.05,2.4705,2.9854,7.2035,1
1.283,9,-14,-25,1500,1500,0.78,0.05,2.4705,2.9854,7.2035,1
1.301,9,-14,-25,1500,1500,0.78,0.05,2.4705,2.9854,7.2035,1
1.319,8,-15,-25,1500,1500,0.78,0.05,2.4705,2.9854,7.2035,1
1.336,8,-15,-25,1500,1500,0.88,0.06,2.4705,2.9854,7.2035,1
1.353,8,-16,-25,1500,1500,0.88,0.06,2.4705,2.9854,7.2035,1
1.370,7,-16,-25,1500,1500,0.88,0.06,2.4705,2.9854,7.2035,1
1.391,7,-15,-25,1500,1500,0.88,0.06,2.4705,2.9854,7.2035,1
1.410,7,-15,-25,1500,1500,0.88,0.06,2.2290,2.9737,6.6030,1
1.427,7,-15,-25,1500,1500,0.88,0.06,2.2290,2.9737,6.6030,1
1.444,7,-14,-25,1500,1500,0.88,0.06,2.2290,2.9737,6.6030,1
1.462,7,-14,-25,1500,1500,0.88,0.06,2.2290,2.9737,6.6030,1
1.479,7,-13,-25,1500,1500,0.88,0.06,2.2290,2.9737,6.6030,1
1.496,7,-14,-26,1500,1500,0.88,0.06,2.2290,2.9737,6.6030,1
1.513,6,-14,-25,1500,1500,0.88,0.06,2.2290,2.9737,6.6030,1
1.530,6,-14,-25,1500,1500,0.88,0.06,2.2290,2.9737,6.6030,1
1.547,5,-14,-26,1500,1500,0.88,0.06,2.2290,2.9737,6.6030,1
1.564,5,-14,-26,1500,1500,0.88,0.06,2.2290,2.9737,6.6030,1
1.581,5,-13,-26,1500,1500,0.82,-0.33,2.2290,2.9737,6.6030,1
1.601,5,-14,-25,1500,1500,0.82,-0.33,2.2290,2.9737,6.6030,1
1.618,5,-14,-26,1500,1500,0.82,-0.33,2.2290,2.9737,6.6030,1
1.636,5,-14,-25,1500,1500,0.82,-0.33,2.2290,2.9737,6.6030,1
1.654,5,-13,-26,1500,1500,0.82,-0.33,2.3692,3.1093,6.9283,1
1.671,5,-13,-26,1500,1500,0.82,-0.33,2.3692,3.1093,6.9283,1
1.690,4,-14,-26,1500,1500,0.82,-0.33,2.3692,3.1093,6.9283,1
1.707,4,-14,-26,1500,1500,0.82,-0.33,2.3692,3.1093,6.9283,1
1.724,4,-15,-27,1500,1500,0.82,-0.33,2.3692,3.1093,6.9283,1
1.744,3,-16,-26,1500,1500,0.82,-0.33,2.3692,3.1093,6.9283,1
1.761,3,-16,-26,1500,1500,0.82,-0.33,2.3692,3.1093,6.9283,1
1.779,3,-16,-26,1500,1500,0.82,-0.33,2.3692,3.1093,6.9283,1
1.796,3,-16,-26,1500,1500,0.82,-0.33,2.3692,3.1093,6.9283,1
1.814,2,-16,-27,1500,1500,0.82,-0.33,2.3692,3.1093,6.9283,1
1.832,2,-16,-26,1500,1500,1.02,-0.84,2.3692,3.1093,6.9283,1
1.849,2,-15,-27,1500,1500,1.02,-0.84,2.3692,3.1093,6.9283,1
1.866,2,-15,-27,1500,1500,1.02,-0.84,2.3692,3.1093,6.9283,1
1.884,2,-15,-27,1500,1500,1.02,-0.84,2.3692,3.1093,6.9283,1
1.901,2,-15,-27,1500,1500,1.02,-0.84,2.3952,2.9357,7.5241,1
1.919,3,-15,-27,1500,1500,1.02,-0.84,2.3952,2.9357,7.5241,1
1.937,3,-15,-27,1500,1500,1.02,-0.84,2.3952,2.9357,7.5241,1
1.954,4,-13,-27,1500,1500,1.02,-0.84,2.3952,2.9357,7.5241,1
1.972,4,-13,-27,1500,1500,1.02,-0.84,2.3952,2.9357,7.5241,1
1.989,4,-12,-28,1500,1500,1.02,-0.84,2.3952,2.9357,7.5241,1
2.006,5,-11,-29,1500,1500,1.02,-0.84,2.3952,2.9357,7.5241,1
2.023,5,-10,-28,1500,1500,1.02,-0.84,2.3952,2.9357,7.5241,1
2.040,6,-9,-28,1500,1500,1.02,-0.84,2.3952,2.9357,7.5241,1
2.057,6,-9,-28,1500,1500,1.02,-0.84,2.3952,2.9357,7.5241,1
2.075,6,-8,-28,1500,1500,1.02,-0.84,2.3952,2.9357,7.5241,1
2.092,6,-7,-29,1500,1500,0.83,-0.66,2.3952,2.9357,7.5241,1
2.110,7,-6,-28,1500,1500,0.83,-0.66,2.3952,2.9357,7.5241,1
2.128,7,-5,-28,1500,1500,0.83,-0.66,2.3952,2.9357,7.5241,1
2.146,7,-4,-28,1500,1500,0.83,-0.66,2.3818,2.8365,7.2164,1
2.164,6,-3,-28,1500,1500,0.83,-0.66,2.3818,2.8365,7.2164,1
2.182,6,-2,-29,1500,1500,0.83,-0.66,2.3818,2.8365,7.2164,1
2.200,6,-1,-30,1500,1500,0.83,-0.66,2.3818,2.8365,7.2164,1
2.221,5,0,-30,1500,1500,0.83,-0.66,2.3818,2.8365,7.2164,1
2.238,5,2,-30,1500,1500,0.83,-0.66,2.3818,2.8365,7.2164,1
2.257,4,3,-30,1500,1500,0.83,-0.66,2.3818,2.8365,7.2164,1
2.274,3,3,-31,1500,1500,0.83,-0.66,2.3818,2.8365,7.2164,0
2.291,1,4,-30,1500,1500,0.83,-0.66,2.3818,2.8365,7.2164,1
2.309,1,5,-31,1500,1500,0.83,-0.66,2.3818,2.8365,7.2164,0
2.326,0,5,-31,1500,1500,0.62,-0.38,2.3818,2.8365,7.2164,0
2.343,0,4,-31,1500,1500,0.62,-0.38,2.3818,2.8365,7.2164,0
2.362,-1,2,-31,1500,1500,0.62,-0.38,2.3818,2.8365,7.2164,0
2.380,-2,1,-30,1500,1500,0.62,-0.38,2.3818,2.8365,7.2164,1
2.397,-2,1,-30,1500,1500,0.62,-0.38,2.5928,3.0758,7.4203,1
2.417,-3,0,-31,1500,1500,0.62,-0.38,2.5928,3.0758,7.4203,0
2.435,-4,-1,-31,1500,1500,0.62,-0.38,2.5928,3.0758,7.4203,0
2.452,-4,-1,-31,1500,1500,0.62,-0.38,2.5928,3.0758,7.4203,0
2.471,-7,-3,-32,1500,1500,0.62,-0.38,2.5928,3.0758,7.4203,0
2.488,-8,-4,-32,1500,1500,0.62,-0.38,2.5928,3.0758,7.4203,0
2.508,-8,-4,-32,1500,1500,0.62,-0.38,2.5928,3.0758,7.4203,0
2.525,-9,-6,-32,1500,1500,0.62,-0.38,2.5928,3.0758,7.4203,0
2.543,-10,-6,-32,1500,1500,0.62,-0.38,2.5928,3.0758,7.4203,0
2.560,-11,-7,-32,1500,1500,0.62,-0.38,2.5928,3.0758,7.4203,0
2.577,-12,-7,-31,1500,1500,0.83,-1.15,2.5928,3.0758,7.4203,0
2.594,-13,-8,-32,1500,1500,0.83,-1.15,2.5928,3.0758,7.4203,0
2.612,-14,-8,-32,1500,1500,0.83,-1.15,2.5928,3.0758,7.4203,0
2.629,-14,-8,-32,1500,1500,0.83,-1.15,2.5928,3.0758,7.4203,0
2.646,-15,-9,-32,1500,1500,0.83,-1.15,2.5579,3.0754,7.7803,0
2.664,-15,-10,-32,1500,1500,0.83,-1.15,2.5579,3.0754,7.7803,0
2.682,-16,-10,-32,1500,1500,0.83,-1.15,2.5579,3.0754,7.7803,0
2.700,-16,-11,-32,1500,1500,0.83,-1.15,2.5579,3.0754,7.7803,0
2.718,-16,-11,-32,1500,1500,0.83,-1.15,2.5579,3.0754,7.7803,0
2.735,-16,-12,-33,1500,1500,0.83,-1.15,2.5579,3.0754,7.7803,0
2.753,-16,-12,-34,1500,1500,0.83,-1.15,2.5579,3.0754,7.7803,0
2.770,-15,-12,-33,1500,1500,0.83,-1.15,2.5579,3.0754,7.7803,0
2.788,-15,-12,-32,1500,1500,0.83,-1.15,2.5579,3.0754,7.7803,0
2.805,-15,-12,-32,1500,1500,0.83,-1.15,2.5579,3.0754,7.7803,0
2.823,-14,-11,-33,1500,1500,0.83,-1.15,2.5579,3.0754,7.7803,0
2.840,-14,-10,-33,1500,1500,0.59,-1.55,2.5579,3.0754,7.7803,0
2.860,-14,-9,-34,1500,1500,0.59,-1.55,2.5579,3.0754,7.7803,0
2.878,-14,-8,-34,1500,1500,0.59,-1.55,2.5579,3.0754,7.7803,0
2.896,-13,-8,-34,1500,1500,0.59,-1.55,2.4190,2.9253,7.3692,0
2.913,-12,-7,-34,1500,1500,0.59,-1.55,2.4190,2.9253,7.3692,0
2.931,-12,-6,-34,1500,1500,0.59,-1.55,2.4190,2.9253,7.3692,0
2.948,-12,-5,-34,1500,1500,0.59,-1.55,2.4190,2.9253,7.3692,0
2.965,-12,-3,-34,1500,1500,0.59,-1.55,2.4190,2.9253,7.3692,0
2.986,-12,-2,-34,1500,1500,0.59,-1.55,2.4190,2.9253,7.3692,0
3.004,-11,-1,-34,1500,1500,0.59,-1.55,2.4190,2.9253,7.3692,0
3.022,-11,-1,-34,1500,1500,0.59,-1.55,2.4190,2.9253,7.3692,0
3.041,-11,-4,-34,1500,1500,0.59,-1.55,2.4190,2.9253,7.3692,0
3.059,-11,-4,-34,1500,1500,0.59,-1.55,2.4190,2.9253,7.3692,0
3.076,-11,-4,-34,1500,1500,0.59,-1.55,2.4190,2.9253,7.3692,0
3.093,-11,-4,-34,1500,1500,0.24,-1.05,2.4190,2.9253,7.3692,0
3.113,-10,-3,-35,1500,1500,0.24,-1.05,2.4190,2.9253,7.3692,0
3.134,-9,-4,-35,1500,1500,0.24,-1.05,2.4190,2.9253,7.3692,0
3.152,-8,-3,-35,1500,1500,0.24,-1.05,2.4165,2.7785,7.0249,0
3.169,-8,-1,-35,1500,1500,0.24,-1.05,2.4165,2.7785,7.0249,0
3.187,-5,0,-35,1500,1500,0.24,-1.05,2.4165,2.7785,7.0249,0
3.204,-5,0,-35,1500,1500,0.24,-1.05,2.4165,2.7785,7.0249,0
3.222,-3,-2,-36,1500,1500,0.24,-1.05,2.4165,2.7785,7.0249,0
3.240,-2,-3,-36,1500,1500,0.24,-1.05,2.4165,2.7785,7.0249,0
3.257,-2,-4,-36,1500,1500,0.24,-1.05,2.4165,2.7785,7.0249,0
3.274,-1,-3,-36,1500,1500,0.24,-1.05,2.4165,2.7785,7.0249,0
3.293,-1,-1,-36,1500,1500,0.24,-1.05,2.4165,2.7785,7.0249,0
3.310,0,0,-36,1500,1500,0.24,-1.05,2.4165,2.7785,7.0249,0
3.328,0,0,-36,1500,1500,0.32,-1.25,2.4165,2.7785,7.0249,0
3.348,2,-4,-37,1500,1500,0.32,-1.25,2.4165,2.7785,7.0249,0
3.366,2,-4,-37,1500,1500,0.32,-1.25,2.4165,2.7785,7.0249,0
3.384,3,-7,-36,1500,1500,0.32,-1.25,2.4165,2.7785,7.0249,0
3.401,3,-8,-36,1500,1500,0.32,-1.25,2.7243,2.8657,7.0700,0
3.419,3,-12,-35,1500,1500,0.32,-1.25,2.7243,2.8657,7.0700,0
3.436,3,-13,-35,1500,1500,0.32,-1.25,2.7243,2.8657,7.0700,0
3.454,4,-14,-35,1500,1500,0.32,-1.25,2.7243,2.8657,7.0700,0
3.471,4,-16,-35,1500,1500,0.32,-1.25,2.7243,2.8657,7.0700,0
3.488,6,-17,-36,1500,1500,0.32,-1.25,2.7243,2.8657,7.0700,0
3.506,6,-16,-36,1500,1500,0.32,-1.25,2.7243,2.8657,7.0700,0
3.523,7,-17,-36,1500,1500,0.32,-1.25,2.7243,2.8657,7.0700,0
3.540,7,-17,-36,1500,1500,0.32,-1.25,2.7243,2.8657,7.0700,0
3.558,8,-19,-36,1500,1500,0.32,-1.25,2.7243,2.8657,7.0700,0
3.575,9,-21,-37,1500,1500,0.64,-1.87,2.7243,2.8657,7.0700,0
3.593,9,-21,-37,1500,1500,0.64,-1.87,2.7243,2.8657,7.0700,0
3.612,9,-23,-37,1500,1500,0.64,-1.87,2.7243,2.8657,7.0700,0
3.632,10,-25,-37,1500,1500,0.64,-1.87,2.7243,2.8657,7.0700,0
3.654,10,-26,-36,1500,1500,0.64,-1.87,2.4901,2.8554,6.8904,0
3.671,11,-26,-36,1500,1500,0.64,-1.87,2.4901,2.8554,6.8904,0
3.689,11,-26,-37,1500,1500,0.64,-1.87,2.4901,2.8554,6.8904,0
3.708,11,-26,-36,1500,1500,0.64,-1.87,2.4901,2.8554,6.8904,0
3.726,11,-20,-36,1500,1500,0.64,-1.87,2.4901,2.8554,6.8904,0
3.744,12,-17,-36,1500,1500,0.64,-1.87,2.4901,2.8554,6.8904,0
3.762,12,-14,-35,1500,1500,0.64,-1.87,2.4901,2.8554,6.8904,0
3.779,12,-13,-35,1500,1500,0.64,-1.87,2.4901,2.8554,6.8904,0
3.797,11,-12,-35,1500,1500,0.64,-1.87,2.4901,2.8554,6.8904,0
3.817,11,-10,-35,1500,1500,0.64,-1.87,2.4901,2.8554,6.8904,0
3.840,11,-9,-35,1500,1500,0.45,-1.12,2.4901,2.8554,6.8904,0
3.858,10,-8,-35,1500,1500,0.45,-1.12,2.4901,2.8554,6.8904,0
3.876,10,-8,-35,1500,1500,0.45,-1.12,2.4901,2.8554,6.8904,0
3.893,10,-8,-35,1500,1500,0.45,-1.12,2.5849,2.9543,6.7814,0
3.913,10,-8,-35,1500,1500,0.45,-1.12,2.5849,2.9543,6.7814,0
3.930,9,-9,-35,1500,1500,0.45,-1.12,2.5849,2.9543,6.7814,0
3.953,9,-9,-35,1500,1500,0.45,-1.12,2.5849,2.9543,6.7814,0
3.970,8,-12,-35,1500,1500,0.45,-1.12,2.5849,2.9543,6.7814,0
3.988,8,-12,-35,1500,1500,0.45,-1.12,2.5849,2.9543,6.7814,0
4.006,7,-12,-35,1500,1500,0.45,-1.12,2.5849,2.9543,6.7814,0
4.023,7,-11,-35,1500,1500,0.45,-1.12,2.5849,2.9543,6.7814,0
4.040,6,-13,-35,1500,1500,0.45,-1.12,2.5849,2.9543,6.7814,0
4.058,6,-13,-36,1500,1500,0.45,-1.12,2.5849,2.9543,6.7814,0
4.075,7,-14,-36,1500,1500,-0.18,-1.36,2.5849,2.9543,6.7814,0
4.093,7,-14,-36,1500,1500,-0.18,-1.36,2.5849,2.9543,6.7814,0
4.112,8,-16,-36,1500,1500,-0.18,-1.36,2.5849,2.9543,6.7814,0
4.132,9,-17,-36,1500,1500,-0.18,-1.36,2.5849,2.9543,6.7814,0
4.149,9,-17,-37,1500,1500,-0.18,-1.36,2.5402,3.0968,6.3439,0
4.166,11,-17,-36,1500,1500,-0.18,-1.36,2.5402,3.0968,6.3439,0
4.184,11,-16,-36,1500,1500,-0.18,-1.36,2.5402,3.0968,6.3439,0
4.201,11,-15,-36,1500,1500,-0.18,-1.36,2.5402,3.0968,6.3439,0
4.220,12,-12,-36,1500,1500,-0.18,-1.36,2.5402,3.0968,6.3439,0
4.238,15,-9,-36,1500,1500,-0.18,-1.36,2.5402,3.0968,6.3439,0
4.257,15,-8,-36,1500,1500,-0.18,-1.36,2.5402,3.0968,6.3439,0
4.274,16,-6,-35,1500,1500,-0.18,-1.36,2.5402,3.0968,6.3439,0
4.293,16,-6,-36,1500,1500,-0.18,-1.36,2.5402,3.0968,6.3439,0
4.310,15,-4,-35,1500,1500,-0.18,-1.36,2.5402,3.0968,6.3439,0
4.329,14,-3,-35,1500,1500,-0.45,-0.48,2.5402,3.0968,6.3439,0
4.347,13,-4,-35,1500,1500,-0.45,-0.48,2.5402,3.0968,6.3439,0
4.365,12,-3,-36,1500,1500,-0.45,-0.48,2.5402,3.0968,6.3439,0
4.384,12,-3,-36,1500,1500,-0.45,-0.48,2.1768,2.6720,6.8939,0
4.401,11,-4,-36,1500,1500,-0.45,-0.48,2.1768,2.6720,6.8939,0
4.419,10,-4,-35,1500,1500,-0.45,-0.48,2.1768,2.6720,6.8939,0
4.436,9,-3,-35,1500,1500,-0.45,-0.48,2.1768,2.6720,6.8939,0
4.454,6,-4,-34,1500,1500,-0.45,-0.48,2.1768,2.6720,6.8939,0
4.472,5,-4,-34,1500,1500,-0.45,-0.48,2.1768,2.6720,6.8939,0
4.489,4,-4,-34,1500,1500,-0.45,-0.48,2.1768,2.6720,6.8939,0
4.506,3,-5,-34,1500,1500,-0.45,-0.48,2.1768,2.6720,6.8939,0
4.526,1,-6,-35,1500,1500,-0.45,-0.48,2.1768,2.6720,6.8939,0
4.546,0,-7,-34,1500,1500,-0.45,-0.48,2.1768,2.6720,6.8939,0
4.565,-1,-9,-35,1500,1500,-0.45,-0.48,2.1768,2.6720,6.8939,0
4.583,-2,-10,-35,1500,1500,-0.16,-1.13,2.1768,2.6720,6.8939,0
4.601,-4,-12,-34,1500,1500,-0.16,-1.13,2.1768,2.6720,6.8939,0
4.618,-6,-12,-35,1500,1500,-0.16,-1.13,2.1768,2.6720,6.8939,0
4.635,-7,-11,-34,1500,1500,-0.16,-1.13,2.3619,2.8765,6.9764,0
4.652,-8,-10,-35,1500,1500,-0.16,-1.13,2.3619,2.8765,6.9764,0
4.670,-9,-10,-35,1500,1500,-0.16,-1.13,2.3619,2.8765,6.9764,0
4.687,-9,-9,-34,1500,1500,-0.16,-1.13,2.3619,2.8765,6.9764,0
4.706,-10,-10,-35,1500,1500,-0.16,-1.13,2.3619,2.8765,6.9764,0
4.723,-10,-11,-35,1500,1500,-0.16,-1.13,2.3619,2.8765,6.9764,0
4.741,-10,-11,-34,1500,1500,-0.16,-1.13,2.3619,2.8765,6.9764,0
4.759,-10,-11,-34,1500,1500,-0.16,-1.13,2.3619,2.8765,6.9764,0
4.776,-10,-11,-35,1500,1500,-0.16,-1.13,2.3619,2.8765,6.9764,0
4.794,-10,-11,-34,1500,1500,-0.16,-1.13,2.3619,2.8765,6.9764,0
4.811,-10,-10,-35,1500,1500,-0.16,-1.13,2.3619,2.8765,6.9764,0
4.829,-8,-11,-35,1500,1500,0.70,-1.30,2.3619,2.8765,6.9764,0
4.847,-9,-12,-35,1500,1500,0.70,-1.30,2.3619,2.8765,6.9764,0
4.867,-8,-12,-34,1500,1500,0.70,-1.30,2.3619,2.8765,6.9764,0
4.886,-8,-11,-34,1500,1500,0.70,-1.30,2.3580,2.9124,6.9664,0
4.905,-7,-11,-35,1500,1500,0.70,-1.30,2.3580,2.9124,6.9664,0
4.922,-6,-9,-34,1500,1500,0.70,-1.30,2.3580,2.9124,6.9664,0
4.940,-5,-7,-33,1500,1500,0.70,-1.30,2.3580,2.9124,6.9664,0
4.958,-5,-8,-34,1500,1500,0.70,-1.30,2.3580,2.9124,6.9664,0
4.976,-4,-8,-33,1500,1500,0.70,-1.30,2.3580,2.9124,6.9664,0
4.993,-3,-7,-34,1500,1500,0.70,-1.30,2.3580,2.9124,6.9664,0
5.010,-3,-6,-33,1500,1500,0.70,-1.30,2.3580,2.9124,6.9664,0
5.028,-2,-5,-33,1500,1500,0.70,-1.30,2.3580,2.9124,6.9664,0
5.047,0,-5,-33,1500,1500,0.70,-1.30,2.3580,2.9124,6.9664,0
5.064,0,-5,-33,1500,1500,0.70,-1.30,2.3580,2.9124,6.9664,0
5.082,1,-7,-33,1500,1500,0.71,-1.07,2.3580,2.9124,6.9664,0
5.100,1,-7,-33,1500,1500,0.71,-1.07,2.3580,2.9124,6.9664,0
5.117,1,-6,-33,1500,1500,0.71,-1.07,2.3580,2.9124,6.9664,0
5.136,2,-6,-33,1500,1500,0.71,-1.07,2.5042,2.9388,6.7570,0
5.153,2,-7,-33,1500,1500,0.71,-1.07,2.5042,2.9388,6.7570,0
5.171,2,-7,-33,1500,1500,0.71,-1.07,2.5042,2.9388,6.7570,0
5.194,2,-7,-33,1500,1500,0.71,-1.07,2.5042,2.9388,6.7570,0
5.211,1,-7,-33,1500,1500,0.71,-1.07,2.5042,2.9388,6.7570,0
5.228,2,-6,-32,1500,1500,0.71,-1.07,2.5042,2.9388,6.7570,0
5.245,2,-6,-32,1500,1500,0.71,-1.07,2.5042,2.9388,6.7570,0
5.263,2,-6,-33,1500,1500,0.71,-1.07,2.5042,2.9388,6.7570,0
5.280,2,-6,-32,1500,1500,0.71,-1.07,2.5042,2.9388,6.7570,0
5.297,2,-6,-32,1500,1500,0.71,-1.07,2.5042,2.9388,6.7570,0
5.314,3,-5,-32,1500,1500,0.71,-1.07,2.5042,2.9388,6.7570,0
5.331,4,-6,-32,1500,1500,0.65,-0.45,2.5042,2.9388,6.7570,0
5.351,5,-8,-32,1500,1500,0.65,-0.45,2.5042,2.9388,6.7570,0
5.368,4,-10,-32,1500,1500,0.65,-0.45,2.5042,2.9388,6.7570,0
5.389,4,-11,-32,1500,1500,0.65,-0.45,2.5272,2.5279,6.9984,0
5.408,4,-12,-32,1500,1500,0.65,-0.45,2.5272,2.5279,6.9984,0
5.426,5,-12,-31,1500,1500,0.65,-0.45,2.5272,2.5279,6.9984,0
5.444,6,-13,-31,1500,1500,0.65,-0.45,2.5272,2.5279,6.9984,0
5.462,6,-13,-31,1500,1500,0.65,-0.45,2.5272,2.5279,6.9984,0
5.479,9,-12,-31,1500,1500,0.65,-0.45,2.5272,2.5279,6.9984,0
5.497,10,-12,-33,1500,1500,0.65,-0.45,2.5272,2.5279,6.9984,0
5.516,11,-12,-32,1500,1500,0.65,-0.45,2.5272,2.5279,6.9984,0
5.533,12,-12,-31,1500,1500,0.65,-0.45,2.5272,2.5279,6.9984,0
5.551,12,-12,-32,1500,1500,0.65,-0.45,2.5272,2.5279,6.9984,0
5.568,14,-11,-31,1500,1500,0.65,-0.45,2.5272,2.5279,6.9984,0
5.586,14,-11,-31,1500,1500,1.18,-0.75,2.5272,2.5279,6.9984,0
5.605,14,-11,-31,1500,1500,1.18,-0.75,2.5272,2.5279,6.9984,0
5.623,14,-11,-31,1500,1500,1.18,-0.75,2.5272,2.5279,6.9984,0
5.642,15,-9,-31,1500,1500,1.18,-0.75,2.4847,2.4471,7.0683,0
5.660,16,-8,-30,1500,1500,1.18,-0.75,2.4847,2.4471,7.0683,1
5.678,17,-6,-31,1500,1500,1.18,-0.75,2.4847,2.4471,7.0683,0
5.696,18,-7,-30,1500,1500,1.18,-0.75,2.4847,2.4471,7.0683,1
5.713,18,-9,-30,1500,1500,1.18,-0.75,2.4847,2.4471,7.0683,1
5.731,18,-11,-30,1500,1500,1.18,-0.75,2.4847,2.4471,7.0683,1
5.750,19,-15,-30,1500,1500,1.18,-0.75,2.4847,2.4471,7.0683,1
5.768,19,-18,-30,1500,1500,1.18,-0.75,2.4847,2.4471,7.0683,1
5.786,20,-20,-30,1500,1500,1.18,-0.75,2.4847,2.4471,7.0683,1
5.803,20,-20,-30,1500,1500,1.18,-0.75,2.4847,2.4471,7.0683,1
5.820,20,-20,-30,1500,1500,1.24,-0.91,2.4847,2.4471,7.0683,1
5.838,20,-20,-30,1500,1500,1.24,-0.91,2.4847,2.4471,7.0683,1
5.855,21,-19,-31,1500,1500,1.24,-0.91,2.4847,2.4471,7.0683,0
5.872,21,-20,-30,1500,1500,1.24,-0.91,2.4847,2.4471,7.0683,1
5.890,22,-21,-30,1500,1500,1.24,-0.91,2.4967,2.8431,6.9608,1
5.908,22,-22,-30,1500,1500,1.24,-0.91,2.4967,2.8431,6.9608,1
5.925,22,-23,-30,1500,1500,1.24,-0.91,2.4967,2.8431,6.9608,1
5.944,22,-24,-30,1500,1500,1.24,-0.91,2.4967,2.8431,6.9608,1
5.961,22,-24,-30,1500,1500,1.24,-0.91,2.4967,2.8431,6.9608,1
5.979,22,-24,-29,1500,1500,1.24,-0.91,2.4967,2.8431,6.9608,1
6.000,22,-23,-30,1500,1500,1.24,-0.91,2.4967,2.8431,6.9608,1
6.019,24,-23,-29,1500,1500,1.24,-0.91,2.4967,2.8431,6.9608,1
6.036,24,-23,-29,1500,1500,1.24,-0.91,2.4967,2.8431,6.9608,1
6.055,26,-25,-29,1500,1500,1.24,-0.91,2.4967,2.8431,6.9608,1
6.072,27,-27,-28,1500,1500,0.96,-0.80,2.4967,2.8431,6.9608,1
6.092,27,-28,-29,1500,1500,0.96,-0.80,2.4967,2.8431,6.9608,1
6.110,28,-28,-29,1500,1500,0.96,-0.80,2.4967,2.8431,6.9608,1
6.129,28,-29,-29,1500,1500,0.96,-0.80,2.4967,2.8431,6.9608,1
6.147,29,-30,-28,1500,1500,0.96,-0.80,2.5965,3.2164,6.7455,1
6.164,29,-31,-28,1500,1500,0.96,-0.80,2.5965,3.2164,6.7455,1
6.181,29,-30,-28,1500,1500,0.96,-0.80,2.5965,3.2164,6.7455,1
6.199,29,-31,-29,1500,1500,0.96,-0.80,2.5965,3.2164,6.7455,1
6.218,29,-31,-28,1500,1500,0.96,-0.80,2.5965,3.2164,6.7455,1
6.236,28,-31,-28,1500,1500,0.96,-0.80,2.5965,3.2164,6.7455,1
6.254,28,-32,-28,1500,1500,0.96,-0.80,2.5965,3.2164,6.7455,1
6.273,27,-33,-28,1500,1500,0.96,-0.80,2.5965,3.2164,6.7455,1
6.292,25,-34,-28,1500,1500,0.96,-0.80,2.5965,3.2164,6.7455,1
6.309,24,-33,-27,1500,1500,0.96,-0.80,2.5965,3.2164,6.7455,1
6.330,24,-31,-28,1500,1500,0.92,-0.78,2.5965,3.2164,6.7455,1
6.348,24,-30,-28,1500,1500,0.92,-0.78,2.5965,3.2164,6.7455,1
6.366,24,-30,-28,1500,1500,0.92,-0.78,2.5965,3.2164,6.7455,1
6.383,23,-29,-27,1500,1500,0.92,-0.78,2.5686,2.9838,6.9998,1
6.400,23,-28,-28,1500,1500,0.92,-0.78,2.5686,2.9838,6.9998,1
6.418,23,-28,-27,1500,1500,0.92,-0.78,2.5686,2.9838,6.9998,1
6.435,23,-29,-27,1500,1500,0.92,-0.78,2.5686,2.9838,6.9998,1
6.453,21,-27,-27,1500,1500,0.92,-0.78,2.5686,2.9838,6.9998,1
6.471,20,-25,-26,1500,1500,0.92,-0.78,2.5686,2.9838,6.9998,1
6.490,19,-23,-26,1500,1500,0.92,-0.78,2.5686,2.9838,6.9998,1
6.508,19,-21,-26,1500,1500,0.92,-0.78,2.5686,2.9838,6.9998,1
6.526,18,-19,-26,1500,1500,0.92,-0.78,2.5686,2.9838,6.9998,1
6.544,18,-18,-26,1500,1500,0.92,-0.78,2.5686,2.9838,6.9998,1
6.561,18,-16,-25,1500,1500,0.92,-0.78,2.5686,2.9838,6.9998,1
6.580,18,-16,-25,1500,1500,0.64,0.09,2.5686,2.9838,6.9998,1
6.598,17,-13,-25,1500,1500,0.64,0.09,2.5686,2.9838,6.9998,1
6.615,17,-12,-26,1500,1500,0.64,0.09,2.5686,2.9838,6.9998,1
6.633,17,-11,-26,1500,1500,0.64,0.09,2.7450,3.0108,7.4360,1
6.650,16,-12,-25,1500,1500,0.64,0.09,2.7450,3.0108,7.4360,1
6.667,15,-12,-25,1500,1500,0.64,0.09,2.7450,3.0108,7.4360,1
6.685,13,-13,-25,1500,1500,0.64,0.09,2.7450,3.0108,7.4360,1
6.702,13,-14,-25,1500,1500,0.64,0.09,2.7450,3.0108,7.4360,1
6.719,11,-14,-25,1500,1500,0.64,0.09,2.7450,3.0108,7.4360,1
6.739,8,-15,-24,1500,1500,0.64,0.09,2.7450,3.0108,7.4360,1
6.757,6,-14,-24,1500,1500,0.64,0.09,2.7450,3.0108,7.4360,1
6.774,5,-14,-24,1500,1500,0.64,0.09,2.7450,3.0108,7.4360,1
6.791,5,-14,-24,1500,1500,0.64,0.09,2.7450,3.0108,7.4360,1
6.808,5,-14,-24,1500,1500,0.64,0.09,2.7450,3.0108,7.4360,1
6.826,5,-14,-24,1500,1500,0.90,0.12,2.7450,3.0108,7.4360,1
6.845,5,-13,-24,1500,1500,0.90,0.12,2.7450,3.0108,7.4360,1
6.863,5,-13,-24,1500,1500,0.90,0.12,2.7450,3.0108,7.4360,1
6.882,4,-13,-23,1500,1500,0.90,0.12,2.7071,3.2826,8.5747,1
6.899,4,-12,-23,1500,1500,0.90,0.12,2.7071,3.2826,8.5747,1
6.917,4,-11,-23,1500,1500,0.90,0.12,2.7071,3.2826,8.5747,1
6.934,6,-11,-24,1500,1500,0.90,0.12,2.7071,3.2826,8.5747,1
6.951,7,-12,-23,1500,1500,0.90,0.12,2.7071,3.2826,8.5747,1
6.969,9,-12,-23,1500,1500,0.90,0.12,2.7071,3.2826,8.5747,1
6.986,10,-11,-22,1500,1500,0.90,0.12,2.7071,3.2826,8.5747,1
7.003,11,-10,-22,1500,1500,0.90,0.12,2.7071,3.2826,8.5747,1
7.021,12,-9,-22,1500,1500,0.90,0.12,2.7071,3.2826,8.5747,1
7.039,12,-9,-22,1500,1500,0.90,0.12,2.7071,3.2826,8.5747,1
7.057,13,-8,-22,1500,1500,0.90,0.12,2.7071,3.2826,8.5747,1
7.075,15,-8,-23,1500,1500,0.92,0.41,2.7071,3.2826,8.5747,1
7.094,16,-10,-23,1500,1500,0.92,0.41,2.7071,3.2826,8.5747,1
7.114,16,-9,-24,1500,1500,0.92,0.41,2.7071,3.2826,8.5747,1
7.132,17,-9,-23,1500,1500,0.92,0.41,2.4724,2.9450,7.5566,1
7.150,18,-9,-23,1500,1500,0.92,0.41,2.4724,2.9450,7.5566,1
7.168,19,-9,-22,1500,1500,0.92,0.41,2.4724,2.9450,7.5566,1
7.185,19,-9,-22,1500,1500,0.92,0.41,2.4724,2.9450,7.5566,1
7.202,19,-7,-23,1500,1500,0.92,0.41,2.4724,2.9450,7.5566,1
7.220,19,-7,-24,1500,1500,0.92,0.41,2.4724,2.9450,7.5566,1
7.237,21,-6,-24,1500,1500,0.92,0.41,2.4724,2.9450,7.5566,1
7.254,22,-6,-25,1500,1500,0.92,0.41,2.4724,2.9450,7.5566,1
7.271,24,-6,-24,1500,1500,0.92,0.41,2.4724,2.9450,7.5566,1
7.288,25,-5,-22,1500,1500,0.92,0.41,2.4724,2.9450,7.5566,1
7.305,26,-5,-23,1500,1500,0.92,0.41,2.4724,2.9450,7.5566,1
7.323,28,-4,-23,1500,1500,1.34,0.52,2.4724,2.9450,7.5566,1
7.340,28,-4,-23,1500,1500,1.34,0.52,2.4724,2.9450,7.5566,1
7.358,28,-3,-22,1500,1500,1.34,0.52,2.4724,2.9450,7.5566,1
7.376,30,-2,-22,1500,1500,1.34,0.52,2.4724,2.9450,7.5566,1
7.394,33,-1,-22,1500,1500,1.34,0.52,2.7495,2.9839,6.5293,1
7.413,35,-3,-23,1500,1500,1.34,0.52,2.7495,2.9839,6.5293,1
7.433,36,-2,-22,1500,1500,1.34,0.52,2.7495,2.9839,6.5293,1
7.453,39,2,-21,1500,1500,1.34,0.52,2.7495,2.9839,6.5293,1
7.470,41,2,-21,1500,1500,1.34,0.52,2.7495,2.9839,6.5293,1
7.488,41,1,-21,1500,1500,1.34,0.52,2.7495,2.9839,6.5293,1
7.505,43,0,-21,1500,1500,1.34,0.52,2.7495,2.9839,6.5293,1
7.522,44,-1,-21,1500,1500,1.34,0.52,2.7495,2.9839,6.5293,1
7.539,45,-1,-22,1500,1500,1.34,0.52,2.7495,2.9839,6.5293,1
7.556,46,-3,-20,1500,1500,1.34,0.52,2.7495,2.9839,6.5293,1
7.573,47,-4,-20,1500,1500,1.49,0.24,2.7495,2.9839,6.5293,1
7.590,47,-4,-20,1500,1500,1.49,0.24,2.7495,2.9839,6.5293,1
7.608,47,-6,-20,1500,1500,1.49,0.24,2.7495,2.9839,6.5293,1
7.625,47,-8,-21,1500,1500,1.49,0.24,2.7495,2.9839,6.5293,1
7.643,48,-10,-21,1500,1500,1.49,0.24,2.4368,2.3554,6.5568,1
7.660,47,-12,-22,1500,1500,1.49,0.24,2.4368,2.3554,6.5568,1
7.678,47,-16,-21,1500,1500,1.49,0.24,2.4368,2.3554,6.5568,1
7.695,47,-17,-21,1500,1500,1.49,0.24,2.4368,2.3554,6.5568,1
7.712,46,-16,-22,1500,1500,1.49,0.24,2.4368,2.3554,6.5568,1
7.729,45,-15,-21,1500,1500,1.49,0.24,2.4368,2.3554,6.5568,1
7.746,44,-15,-21,1500,1500,1.49,0.24,2.4368,2.3554,6.5568,1
7.764,43,-13,-21,1500,1500,1.49,0.24,2.4368,2.3554,6.5568,1
7.781,43,-13,-21,1500,1500,1.49,0.24,2.4368,2.3554,6.5568,1
7.799,42,-18,-22,1500,1500,1.49,0.24,2.4368,2.3554,6.5568,1
7.817,42,-18,-22,1500,1500,1.67,-0.40,2.4368,2.3554,6.5568,1
7.834,41,-19,-21,1500,1500,1.67,-0.40,2.4368,2.3554,6.5568,1
7.851,41,-19,-21,1500,1500,1.67,-0.40,2.4368,2.3554,6.5568,1
7.869,40,-21,-22,1500,1500,1.67,-0.40,2.4368,2.3554,6.5568,1
7.889,39,-23,-22,1500,1500,1.67,-0.40,2.5419,2.8729,6.6218,1
7.907,38,-24,-22,1500,1500,1.67,-0.40,2.5419,2.8729,6.6218,1
7.925,36,-27,-22,1500,1500,1.67,-0.40,2.5419,2.8729,6.6218,1
7.943,35,-29,-22,1500,1500,1.67,-0.40,2.5419,2.8729,6.6218,1
7.960,33,-30,-22,1500,1500,1.67,-0.40,2.5419,2.8729,6.6218,1
7.977,31,-32,-23,1500,1500,1.67,-0.40,2.5419,2.8729,6.6218,1
7.995,28,-34,-23,1500,1500,1.67,-0.40,2.5419,2.8729,6.6218,1
8.012,26,-34,-23,1500,1500,1.67,-0.40,2.5419,2.8729,6.6218,1
8.029,24,-33,-23,1500,1500,1.67,-0.40,2.5419,2.8729,6.6218,1
8.046,23,-32,-23,1500,1500,1.67,-0.40,2.5419,2.8729,6.6218,1
8.063,22,-34,-23,1500,1500,1.67,-0.40,2.5419,2.8729,6.6218,1
8.080,20,-36,-24,1500,1500,0.99,-1.19,2.5419,2.8729,6.6218,1
8.097,18,-36,-23,1500,1500,0.99,-1.19,2.5419,2.8729,6.6218,1
8.116,18,-36,-23,1500,1500,0.99,-1.19,2.5419,2.8729,6.6218,1
8.137,17,-39,-24,1500,1500,0.99,-1.19,2.5294,3.5869,6.7965,1
8.155,16,-40,-24,1500,1500,0.99,-1.19,2.5294,3.5869,6.7965,1
8.172,14,-42,-25,1500,1500,0.99,-1.19,2.5294,3.5869,6.7965,1
8.190,12,-45,-24,1500,1500,0.99,-1.19,2.5294,3.5869,6.7965,1
8.208,10,-46,-24,1500,1500,0.99,-1.19,2.5294,3.5869,6.7965,1
8.225,8,-48,-24,1500,1500,0.99,-1.19,2.5294,3.5869,6.7965,1
8.243,4,-51,-24,1500,1500,0.99,-1.19,2.5294,3.5869,6.7965,1
8.260,2,-50,-25,1500,1500,0.99,-1.19,2.5294,3.5869,6.7965,1
8.277,1,-51,-25,1500,1500,0.99,-1.19,2.5294,3.5869,6.7965,1
8.294,-1,-51,-25,1500,1500,0.99,-1.19,2.5294,3.5869,6.7965,1
8.312,-2,-51,-25,1500,1500,0.99,-1.19,2.5294,3.5869,6.7965,1
8.329,-3,-51,-25,1500,1500,0.05,-1.56,2.5294,3.5869,6.7965,1
8.349,-4,-50,-26,1500,1500,0.05,-1.56,2.5294,3.5869,6.7965,1
8.367,-5,-50,-25,1500,1500,0.05,-1.56,2.5294,3.5869,6.7965,1
8.384,-5,-50,-25,1500,1500,0.05,-1.56,2.9116,2.9322,6.5961,1
8.402,-9,-47,-25,1500,1500,0.05,-1.56,2.9116,2.9322,6.5961,1
8.420,-10,-45,-26,1500,1500,0.05,-1.56,2.9116,2.9322,6.5961,1
8.439,-11,-44,-25,1500,1500,0.05,-1.56,2.9116,2.9322,6.5961,1
8.457,-13,-44,-26,1500,1500,0.05,-1.56,2.9116,2.9322,6.5961,1
8.475,-15,-43,-26,1500,1500,0.05,-1.56,2.9116,2.9322,6.5961,1
8.492,-16,-43,-26,1500,1500,0.05,-1.56,2.9116,2.9322,6.5961,1
8.510,-18,-42,-26,1500,1500,0.05,-1.56,2.9116,2.9322,6.5961,1
8.528,-20,-42,-25,1500,1500,0.05,-1.56,2.9116,2.9322,6.5961,1
8.545,-21,-40,-26,1500,1500,0.05,-1.56,2.9116,2.9322,6.5961,1
8.563,-22,-40,-25,1500,1500,0.05,-1.56,2.9116,2.9322,6.5961,1
8.580,-23,-39,-26,1500,1500,-0.90,-0.99,2.9116,2.9322,6.5961,1
8.599,-25,-37,-26,1500,1500,-0.90,-0.99,2.9116,2.9322,6.5961,1
8.616,-25,-37,-26,1500,1500,-0.90,-0.99,2.9116,2.9322,6.5961,1
8.633,-25,-36,-26,1500,1500,-0.90,-0.99,2.6224,2.6447,6.8122,1
8.650,-30,-34,-26,1500,1500,-0.90,-0.99,2.6224,2.6447,6.8122,1
8.667,-32,-32,-26,1500,1500,-0.90,-0.99,2.6224,2.6447,6.8122,1
8.685,-32,-32,-26,1500,1500,-0.90,-0.99,2.6224,2.6447,6.8122,1
8.702,-36,-29,-26,1500,1500,-0.90,-0.99,2.6224,2.6447,6.8122,1
8.719,-38,-30,-26,1500,1500,-0.90,-0.99,2.6224,2.6447,6.8122,1
8.738,-40,-32,-26,1500,1500,-0.90,-0.99,2.6224,2.6447,6.8122,1
8.758,-42,-35,-26,1500,1500,-0.90,-0.99,2.6224,2.6447,6.8122,1
8.776,-44,-35,-26,1500,1500,-0.90,-0.99,2.6224,2.6447,6.8122,1
8.794,-48,-33,-26,1500,1500,-0.90,-0.99,2.6224,2.6447,6.8122,1
8.811,-49,-29,-27,1500,1500,-0.90,-0.99,2.6224,2.6447,6.8122,1
8.828,-51,-30,-26,1500,1500,-1.17,-0.68,2.6224,2.6447,6.8122,1
8.846,-52,-30,-27,1500,1500,-1.17,-0.68,2.6224,2.6447,6.8122,1
8.865,-54,-30,-27,1500,1500,-1.17,-0.68,2.6224,2.6447,6.8122,1
8.883,-56,-27,-27,1500,1500,-1.17,-0.68,2.7838,2.7002,6.6047,1
8.900,-58,-26,-27,1500,1500,-1.17,-0.68,2.7838,2.7002,6.6047,1
8.917,-59,-28,-28,1500,1500,-1.17,-0.68,2.7838,2.7002,6.6047,1
8.934,-61,-30,-27,1500,1500,-1.17,-0.68,2.7838,2.7002,6.6047,0
8.951,-62,-30,-27,1500,1500,-1.17,-0.68,2.7838,2.7002,6.6047,0
8.969,-63,-30,-27,1500,1500,-1.17,-0.68,2.7838,2.7002,6.6047,0
8.986,-64,-29,-27,1500,1500,-1.17,-0.68,2.7838,2.7002,6.6047,0
9.003,-65,-27,-27,1500,1500,-1.17,-0.68,2.7838,2.7002,6.6047,0
9.021,-66,-26,-27,1500,1500,-1.17,-0.68,2.7838,2.7002,6.6047,0
9.038,-67,-25,-27,1500,1500,-1.17,-0.68,2.7838,2.7002,6.6047,0
9.055,-68,-24,-27,1500,1500,-1.17,-0.68,2.7838,2.7002,6.6047,0
9.075,-69,-22,-27,1500,1500,-1.00,-0.63,2.7838,2.7002,6.6047,0
9.095,-71,-20,-26,1500,1500,-1.00,-0.63,2.7838,2.7002,6.6047,0
9.112,-71,-20,-26,1500,1500,-1.00,-0.63,2.7838,2.7002,6.6047,0
9.131,-71,-18,-27,1500,1500,-1.00,-0.63,2.5924,2.8837,6.9126,0
9.148,-72,-16,-26,1500,1500,-1.00,-0.63,2.5924,2.8837,6.9126,0
9.165,-73,-16,-26,1500,1500,-1.00,-0.63,2.5924,2.8837,6.9126,0
9.183,-73,-15,-26,1500,1500,-1.00,-0.63,2.5924,2.8837,6.9126,0
9.200,-75,-12,-26,1500,1500,-1.00,-0.63,2.5924,2.8837,6.9126,0
9.217,-75,-10,-27,1500,1500,-1.00,-0.63,2.5924,2.8837,6.9126,0
9.235,-77,-9,-26,1500,1500,-1.00,-0.63,2.5924,2.8837,6.9126,0
9.252,-77,-8,-26,1500,1500,-1.00,-0.63,2.5924,2.8837,6.9126,0
9.269,-78,-8,-26,1500,1500,-1.00,-0.63,2.5924,2.8837,6.9126,0
9.286,-79,-7,-25,1500,1500,-1.00,-0.63,2.5924,2.8837,6.9126,0
9.304,-79,-4,-25,1500,1500,-1.00,-0.63,2.5924,2.8837,6.9126,0
9.321,-78,-4,-25,1500,1500,-1.00,-0.07,2.5924,2.8837,6.9126,0
9.339,-79,-4,-26,1500,1500,-1.00,-0.07,2.5924,2.8837,6.9126,0
9.356,-80,-4,-26,1500,1500,-1.00,-0.07,2.5924,2.8837,6.9126,0
9.376,-80,-2,-26,1500,1500,-1.00,-0.07,2.7484,2.9531,7.1393,0
9.394,-80,-2,-25,1500,1500,-1.00,-0.07,2.7484,2.9531,7.1393,0
9.411,-80,-2,-26,1500,1500,-1.00,-0.07,2.7484,2.9531,7.1393,0
9.430,-82,-3,-25,1500,1500,-1.00,-0.07,2.7484,2.9531,7.1393,0
9.448,-83,-5,-25,1500,1500,-1.00,-0.07,2.7484,2.9531,7.1393,0
9.465,-84,-8,-25,1500,1500,-1.00,-0.07,2.7484,2.9531,7.1393,0
9.483,-85,-9,-25,1500,1500,-1.00,-0.07,2.7484,2.9531,7.1393,0
9.500,-86,-10,-25,1500,1500,-1.00,-0.07,2.7484,2.9531,7.1393,0
9.518,-87,-13,-26,1500,1500,-1.00,-0.07,2.7484,2.9531,7.1393,0
9.536,-87,-14,-26,1500,1500,-1.00,-0.07,2.7484,2.9531,7.1393,0
9.553,-87,-14,-25,1500,1500,-1.00,-0.07,2.7484,2.9531,7.1393,0
9.571,-87,-13,-26,1500,1500,-0.99,-0.18,2.7484,2.9531,7.1393,0
9.588,-87,-13,-26,1500,1500,-0.99,-0.18,2.7484,2.9531,7.1393,0
9.606,-86,-13,-26,1500,1500,-0.99,-0.18,2.7484,2.9531,7.1393,0
9.623,-87,-12,-25,1500,1500,-0.99,-0.18,2.6360,3.0676,6.8786,0
9.640,-87,-7,-26,1500,1500,-0.99,-0.18,2.6360,3.0676,6.8786,0
9.658,-85,-6,-27,1500,1500,-0.99,-0.18,2.6360,3.0676,6.8786,0
9.675,-87,-4,-26,1500,1500,-0.99,-0.18,2.6360,3.0676,6.8786,0
9.692,-85,-3,-27,1500,1500,-0.99,-0.18,2.6360,3.0676,6.8786,0
9.709,-86,-4,-26,1500,1500,-0.99,-0.18,2.6360,3.0676,6.8786,0
9.727,-86,-6,-27,1500,1500,-0.99,-0.18,2.6360,3.0676,6.8786,0
9.744,-86,-8,-26,1500,1500,-0.99,-0.18,2.6360,3.0676,6.8786,0
9.761,-86,-9,-26,1500,1500,-0.99,-0.18,2.6360,3.0676,6.8786,0
9.778,-85,-12,-26,1500,1500,-0.99,-0.18,2.6360,3.0676,6.8786,0
9.799,-83,-13,-26,1500,1500,-0.99,-0.18,2.6360,3.0676,6.8786,0
9.816,-83,-13,-26,1500,1500,-0.93,-0.15,2.6360,3.0676,6.8786,0
9.839,-82,-14,-27,1500,1500,-0.93,-0.15,2.6360,3.0676,6.8786,0
9.859,-82,-16,-27,1500,1500,-0.93,-0.15,2.6360,3.0676,6.8786,0
9.878,-81,-19,-26,1500,1500,-0.93,-0.15,2.9595,3.6800,6.7819,0
9.896,-81,-22,-26,1500,1500,-0.93,-0.15,2.9595,3.6800,6.7819,0
9.915,-80,-25,-27,1500,1500,-0.93,-0.15,2.9595,3.6800,6.7819,0
9.934,-78,-27,-27,1500,1500,-0.93,-0.15,2.9595,3.6800,6.7819,0
9.951,-78,-31,-27,1500,1500,-0.93,-0.15,2.9595,3.6800,6.7819,0
9.969,-78,-31,-27,1500,1500,-0.93,-0.15,2.9595,3.6800,6.7819,0
9.989,-79,-31,-27,1500,1500,-0.93,-0.15,2.9595,3.6800,6.7819,0
10.006,-77,-31,-28,1500,1500,-0.93,-0.15,2.9595,3.6800,6.7819,0
10.024,-78,-31,-27,1500,1500,-0.93,-0.15,2.9595,3.6800,6.7819,0
10.041,-78,-32,-28,1500,1500,-0.93,-0.15,2.9595,3.6800,6.7819,0
10.059,-78,-34,-27,1500,1500,-0.93,-0.15,2.9595,3.6800,6.7819,0
10.077,-78,-34,-27,1500,1500,-0.62,-1.03,2.9595,3.6800,6.7819,0
10.094,-78,-35,-28,1500,1500,-0.62,-1.03,2.9595,3.6800,6.7819,0
10.111,-78,-35,-28,1500,1500,-0.62,-1.03,2.9595,3.6800,6.7819,0
10.128,-77,-37,-27,1500,1500,-0.62,-1.03,2.8041,3.5808,6.5769,0
10.145,-76,-39,-27,1500,1500,-0.62,-1.03,2.8041,3.5808,6.5769,0
10.163,-77,-36,-28,1500,1500,-0.62,-1.03,2.8041,3.5808,6.5769,0
10.181,-77,-35,-27,1500,1500,-0.62,-1.03,2.8041,3.5808,6.5769,0
10.200,-77,-32,-28,1500,1500,-0.62,-1.03,2.8041,3.5808,6.5769,0
10.217,-77,-32,-29,1500,1500,-0.62,-1.03,2.8041,3.5808,6.5769,0
10.234,-77,-29,-30,1500,1500,-0.62,-1.03,2.8041,3.5808,6.5769,0
10.252,-77,-28,-30,1500,1500,-0.62,-1.03,2.8041,3.5808,6.5769,0
10.270,-77,-27,-30,1500,1500,-0.62,-1.03,2.8041,3.5808,6.5769,0
10.287,-77,-25,-30,1500,1500,-0.62,-1.03,2.8041,3.5808,6.5769,0
10.305,-77,-25,-29,1500,1500,-0.62,-1.03,2.8041,3.5808,6.5769,0
10.324,-79,-26,-28,1500,1500,-0.27,-0.81,2.8041,3.5808,6.5769,0
10.344,-79,-26,-28,1500,1500,-0.27,-0.81,2.8041,3.5808,6.5769,0
10.361,-79,-24,-28,1500,1500,-0.27,-0.81,2.8041,3.5808,6.5769,0
10.379,-81,-23,-28,1500,1500,-0.27,-0.81,2.7511,3.5413,6.3251,0
10.398,-81,-19,-28,1500,1500,-0.27,-0.81,2.7511,3.5413,6.3251,0
10.415,-81,-19,-29,1500,1500,-0.27,-0.81,2.7511,3.5413,6.3251,0
10.433,-82,-20,-28,1500,1500,-0.27,-0.81,2.7511,3.5413,6.3251,0
10.451,-82,-18,-28,1500,1500,-0.27,-0.81,2.7511,3.5413,6.3251,0
10.468,-83,-17,-27,1500,1500,-0.27,-0.81,2.7511,3.5413,6.3251,0
10.486,-84,-17,-27,1500,1500,-0.27,-0.81,2.7511,3.5413,6.3251,0
10.504,-85,-17,-27,1500,1500,-0.27,-0.81,2.7511,3.5413,6.3251,0
10.523,-85,-17,-27,1500,1500,-0.27,-0.81,2.7511,3.5413,6.3251,0
10.541,-86,-17,-29,1500,1500,-0.27,-0.81,2.7511,3.5413,6.3251,0
10.559,-86,-16,-28,1500,1500,-0.27,-0.81,2.7511,3.5413,6.3251,0
10.577,-85,-17,-28,1500,1500,-0.48,-0.55,2.7511,3.5413,6.3251,0
10.595,-85,-18,-27,1500,1500,-0.48,-0.55,2.7511,3.5413,6.3251,0
10.616,-85,-17,-27,1500,1500,-0.48,-0.55,2.7511,3.5413,6.3251,0
10.635,-86,-17,-28,1500,1500,-0.48,-0.55,2.7772,2.9573,7.0424,0
10.652,-86,-18,-27,1500,1500,-0.48,-0.55,2.7772,2.9573,7.0424,0
10.669,-87,-18,-28,1500,1500,-0.48,-0.55,2.7772,2.9573,7.0424,0
10.686,-87,-18,-28,1500,1500,-0.48,-0.55,2.7772,2.9573,7.0424,0
10.705,-88,-17,-28,1500,1500,-0.48,-0.55,2.7772,2.9573,7.0424,0
10.723,-88,-16,-27,1500,1500,-0.48,-0.55,2.7772,2.9573,7.0424,0
10.742,-89,-16,-27,1500,1500,-0.48,-0.55,2.7772,2.9573,7.0424,0
10.760,-90,-16,-27,1500,1500,-0.48,-0.55,2.7772,2.9573,7.0424,0
10.779,-90,-16,-26,1500,1500,-0.48,-0.55,2.7772,2.9573,7.0424,0
10.796,-91,-16,-27,1500,1500,-0.48,-0.55,2.7772,2.9573,7.0424,0
10.813,-91,-15,-27,1500,1500,-0.69,-0.43,2.7772,2.9573,7.0424,0
10.831,-92,-15,-27,1500,1500,-0.69,-0.43,2.7772,2.9573,7.0424,0
10.851,-93,-15,-26,1500,1500,-0.69,-0.43,2.7772,2.9573,7.0424,0
10.869,-93,-15,-26,1500,1500,-0.69,-0.43,2.7772,2.9573,7.0424,0
10.887,-94,-15,-27,1500,1500,-0.69,-0.43,2.6359,2.5082,6.7044,0
10.906,-95,-16,-26,1500,1500,-0.69,-0.43,2.6359,2.5082,6.7044,0
10.924,-96,-17,-26,1500,1500,-0.69,-0.43,2.6359,2.5082,6.7044,0
10.942,-96,-17,-26,1500,1500,-0.69,-0.43,2.6359,2.5082,6.7044,0
10.961,-97,-17,-26,1500,1500,-0.69,-0.43,2.6359,2.5082,6.7044,0
10.980,-99,-17,-26,1500,1500,-0.69,-0.43,2.6359,2.5082,6.7044,0
10.997,-99,-17,-26,1500,1500,-0.69,-0.43,2.6359,2.5082,6.7044,0
11.014,-100,-17,-26,1500,1500,-0.69,-0.43,2.6359,2.5082,6.7044,0
11.032,-101,-17,-26,1500,1500,-0.69,-0.43,2.6359,2.5082,6.7044,0
11.049,-102,-17,-26,1500,1500,-0.69,-0.43,2.6359,2.5082,6.7044,0
11.066,-103,-18,-26,1500,1500,-0.27,-0.70,2.6359,2.5082,6.7044,0
11.084,-103,-19,-26,1500,1500,-0.27,-0.70,2.6359,2.5082,6.7044,0
11.102,-103,-19,-26,1500,1500,-0.27,-0.70,2.6359,2.5082,6.7044,0
11.119,-104,-19,-26,1500,1500,-0.27,-0.70,2.6359,2.5082,6.7044,0
11.136,-104,-20,-26,1500,1500,-0.27,-0.70,2.5054,2.6196,6.9681,0
11.154,-103,-21,-26,1500,1500,-0.27,-0.70,2.5054,2.6196,6.9681,0
11.171,-103,-22,-26,1500,1500,-0.27,-0.70,2.5054,2.6196,6.9681,0
11.188,-102,-23,-27,1500,1500,-0.27,-0.70,2.5054,2.6196,6.9681,0
11.206,-102,-24,-26,1500,1500,-0.27,-0.70,2.5054,2.6196,6.9681,0
11.223,-101,-24,-26,1500,1500,-0.27,-0.70,2.5054,2.6196,6.9681,0
11.240,-101,-24,-26,1500,1500,-0.27,-0.70,2.5054,2.6196,6.9681,0
11.257,-99,-24,-26,1500,1500,-0.27,-0.70,2.5054,2.6196,6.9681,0
11.276,-98,-24,-27,1500,1500,-0.27,-0.70,2.5054,2.6196,6.9681,0
11.294,-97,-24,-27,1500,1500,-0.27,-0.70,2.5054,2.6196,6.9681,0
11.312,-96,-25,-26,1500,1500,-0.32,-1.22,2.5054,2.6196,6.9681,0
11.330,-95,-25,-26,1500,1500,-0.32,-1.22,2.5054,2.6196,6.9681,0
11.347,-94,-25,-27,1500,1500,-0.32,-1.22,2.5054,2.6196,6.9681,0
11.365,-93,-25,-26,1500,1500,-0.32,-1.22,2.5054,2.6196,6.9681,0
11.382,-92,-25,-27,1500,1500,-0.32,-1.22,2.8523,2.5965,6.4160,0
11.400,-89,-25,-27,1500,1500,-0.32,-1.22,2.8523,2.5965,6.4160,0
11.419,-88,-25,-26,1500,1500,-0.32,-1.22,2.8523,2.5965,6.4160,0
11.436,-86,-25,-26,1500,1500,-0.32,-1.22,2.8523,2.5965,6.4160,0
11.454,-84,-25,-26,1500,1500,-0.32,-1.22,2.8523,2.5965,6.4160,0
11.476,-83,-25,-26,1500,1500,-0.32,-1.22,2.8523,2.5965,6.4160,0
11.494,-82,-25,-26,1500,1500,-0.32,-1.22,2.8523,2.5965,6.4160,0
11.512,-81,-25,-27,1500,1500,-0.32,-1.22,2.8523,2.5965,6.4160,0
11.531,-79,-24,-26,1500,1500,-0.32,-1.22,2.8523,2.5965,6.4160,0
11.548,-78,-23,-26,1500,1500,-0.32,-1.22,2.8523,2.5965,6.4160,0
11.566,-77,-22,-26,1500,1500,-0.74,-0.99,2.8523,2.5965,6.4160,0
11.584,-77,-21,-27,1500,1500,-0.74,-0.99,2.8523,2.5965,6.4160,0
11.602,-76,-21,-26,1500,1500,-0.74,-0.99,2.8523,2.5965,6.4160,0
11.620,-76,-21,-26,1500,1500,-0.74,-0.99,2.2953,2.3780,7.0693,0
11.637,-76,-21,-26,1500,1500,-0.74,-0.99,2.2953,2.3780,7.0693,0
11.656,-76,-20,-26,1500,1500,-0.74,-0.99,2.2953,2.3780,7.0693,0
11.673,-77,-19,-25,1500,1500,-0.74,-0.99,2.2953,2.3780,7.0693,0
11.691,-77,-19,-26,1500,1500,-0.74,-0.99,2.2953,2.3780,7.0693,0
11.708,-78,-19,-25,1500,1500,-0.74,-0.99,2.2953,2.3780,7.0693,0
11.727,-78,-19,-25,1500,1500,-0.74,-0.99,2.2953,2.3780,7.0693,0
11.745,-78,-19,-25,1500,1500,-0.74,-0.99,2.2953,2.3780,7.0693,0
11.762,-78,-20,-25,1500,1500,-0.74,-0.99,2.2953,2.3780,7.0693,0
11.780,-79,-21,-25,1500,1500,-0.74,-0.99,2.2953,2.3780,7.0693,0
11.799,-79,-22,-25,1500,1500,-0.74,-0.99,2.2953,2.3780,7.0693,0
11.816,-79,-22,-25,1500,1500,-0.43,-1.10,2.2953,2.3780,7.0693,0
11.835,-80,-22,-26,1500,1500,-0.43,-1.10,2.2953,2.3780,7.0693,0
11.854,-82,-23,-25,1500,1500,-0.43,-1.10,2.2953,2.3780,7.0693,0
11.871,-83,-23,-25,1500,1500,-0.43,-1.10,2.6329,3.0028,7.8955,0
11.889,-83,-24,-25,1500,1500,-0.43,-1.10,2.6329,3.0028,7.8955,0
11.908,-85,-24,-25,1500,1500,-0.43,-1.10,2.6329,3.0028,7.8955,0
11.925,-85,-24,-25,1500,1500,-0.43,-1.10,2.6329,3.0028,7.8955,0
11.943,-86,-24,-24,1500,1500,-0.43,-1.10,2.6329,3.0028,7.8955,0
11.960,-86,-25,-24,1500,1500,-0.43,-1.10,2.6329,3.0028,7.8955,0
11.978,-87,-26,-24,1500,1500,-0.43,-1.10,2.6329,3.0028,7.8955,0
11.996,-85,-26,-25,1500,1500,-0.43,-1.10,2.6329,3.0028,7.8955,0
12.013,-83,-26,-24,1500,1500,-0.43,-1.10,2.6329,3.0028,7.8955,0
12.030,-82,-26,-24,1500,1500,-0.43,-1.10,2.6329,3.0028,7.8955,0
12.047,-80,-27,-24,1500,1500,-0.43,-1.10,2.6329,3.0028,7.8955,0
12.065,-80,-27,-24,1500,1500,0.67,-1.19,2.6329,3.0028,7.8955,0
12.084,-78,-27,-25,1500,1500,0.67,-1.19,2.6329,3.0028,7.8955,0
12.101,-76,-27,-25,1500,1500,0.67,-1.19,2.6329,3.0028,7.8955,0
12.120,-74,-27,-24,1500,1500,0.67,-1.19,2.5670,3.4278,7.6953,0
12.138,-72,-27,-24,1500,1500,0.67,-1.19,2.5670,3.4278,7.6953,0
12.155,-70,-27,-23,1500,1500,0.67,-1.19,2.5670,3.4278,7.6953,0
12.174,-68,-26,-23,1500,1500,0.67,-1.19,2.5670,3.4278,7.6953,0
12.192,-66,-26,-23,1500,1500,0.67,-1.19,2.5670,3.4278,7.6953,0
12.210,-64,-26,-24,1500,1500,0.67,-1.19,2.5670,3.4278,7.6953,0
12.227,-61,-25,-23,1500,1500,0.67,-1.19,2.5670,3.4278,7.6953,0
12.244,-61,-25,-23,1500,1500,0.67,-1.19,2.5670,3.4278,7.6953,0
12.262,-58,-25,-24,1500,1500,0.67,-1.19,2.5670,3.4278,7.6953,1
12.280,-57,-24,-23,1500,1500,0.67,-1.19,2.5670,3.4278,7.6953,1
12.297,-55,-24,-22,1500,1500,0.67,-1.19,2.5670,3.4278,7.6953,1
12.314,-54,-22,-22,1500,1500,0.94,-0.45,2.5670,3.4278,7.6953,1
12.331,-53,-21,-22,1500,1500,0.94,-0.45,2.5670,3.4278,7.6953,1
12.348,-52,-20,-22,1500,1500,0.94,-0.45,2.5670,3.4278,7.6953,1
12.365,-51,-18,-23,1500,1500,0.94,-0.45,2.5670,3.4278,7.6953,1
12.383,-51,-17,-23,1500,1500,0.94,-0.45,2.4053,2.7636,7.0181,1
12.400,-51,-16,-23,1500,1500,0.94,-0.45,2.4053,2.7636,7.0181,1
12.417,-50,-15,-22,1500,1500,0.94,-0.45,2.4053,2.7636,7.0181,1
12.435,-50,-13,-22,1500,1500,0.94,-0.45,2.4053,2.7636,7.0181,1
12.452,-50,-13,-22,1500,1500,0.94,-0.45,2.4053,2.7636,7.0181,1
12.469,-51,-12,-22,1500,1500,0.94,-0.45,2.4053,2.7636,7.0181,1
12.486,-51,-11,-22,1500,1500,0.94,-0.45,2.4053,2.7636,7.0181,1
12.504,-51,-11,-22,1500,1500,0.94,-0.45,2.4053,2.7636,7.0181,1
12.523,-51,-12,-22,1500,1500,0.94,-0.45,2.4053,2.7636,7.0181,1
12.540,-52,-12,-22,1500,1500,0.94,-0.45,2.4053,2.7636,7.0181,1
12.558,-52,-12,-22,1500,1500,0.66,0.72,2.4053,2.7636,7.0181,1
12.575,-51,-13,-23,1500,1500,0.66,0.72,2.4053,2.7636,7.0181,1
12.592,-52,-13,-22,1500,1500,0.66,0.72,2.4053,2.7636,7.0181,1
12.610,-52,-13,-22,1500,1500,0.66,0.72,2.4053,2.7636,7.0181,1
12.627,-53,-13,-21,1500,1500,0.66,0.72,2.4018,2.3118,6.3831,1
12.644,-54,-13,-21,1500,1500,0.66,0.72,2.4018,2.3118,6.3831,1
12.662,-55,-13,-21,1500,1500,0.66,0.72,2.4018,2.3118,6.3831,1
12.680,-56,-13,-21,1500,1500,0.66,0.72,2.4018,2.3118,6.3831,1
12.697,-57,-12,-21,1500,1500,0.66,0.72,2.4018,2.3118,6.3831,1
12.714,-58,-11,-21,1500,1500,0.66,0.72,2.4018,2.3118,6.3831,1
12.731,-59,-11,-21,1500,1500,0.66,0.72,2.4018,2.3118,6.3831,1
12.748,-60,-11,-20,1500,1500,0.66,0.72,2.4018,2.3118,6.3831,1
12.765,-61,-11,-21,1500,1500,0.66,0.72,2.4018,2.3118,6.3831,0
12.782,-62,-10,-21,1500,1500,0.66,0.72,2.4018,2.3118,6.3831,0
12.799,-62,-10,-20,1500,1500,0.66,0.72,2.4018,2.3118,6.3831,0
12.816,-63,-10,-21,1500,1500,0.18,0.98,2.4018,2.3118,6.3831,0
12.834,-64,-9,-20,1500,1500,0.18,0.98,2.4018,2.3118,6.3831,0
12.852,-64,-10,-20,1500,1500,0.18,0.98,2.4018,2.3118,6.3831,0
12.870,-64,-11,-20,1500,1500,0.18,0.98,2.5492,2.3012,6.6627,0
12.887,-65,-13,-20,1500,1500,0.18,0.98,2.5492,2.3012,6.6627,0
12.906,-66,-16,-20,1500,1500,0.18,0.98,2.5492,2.3012,6.6627,0
12.925,-67,-18,-20,1500,1500,0.18,0.98,2.5492,2.3012,6.6627,0
12.942,-69,-20,-20,1500,1500,0.18,0.98,2.5492,2.3012,6.6627,0
12.960,-71,-23,-20,1500,1500,0.18,0.98,2.5492,2.3012,6.6627,0
12.979,-72,-24,-20,1500,1500,0.18,0.98,2.5492,2.3012,6.6627,0
12.996,-74,-24,-20,1500,1500,0.18,0.98,2.5492,2.3012,6.6627,0
13.013,-76,-25,-20,1500,1500,0.18,0.98,2.5492,2.3012,6.6627,0
13.030,-78,-25,-20,1500,1500,0.18,0.98,2.5492,2.3012,6.6627,0
13.047,-80,-25,-20,1500,1500,0.18,0.98,2.5492,2.3012,6.6627,0
13.065,-81,-24,-20,1500,1500,-0.12,0.27,2.5492,2.3012,6.6627,0
13.083,-83,-24,-20,1500,1500,-0.12,0.27,2.5492,2.3012,6.6627,0
13.101,-85,-24,-20,1500,1500,-0.12,0.27,2.5492,2.3012,6.6627,0
13.118,-87,-25,-20,1500,1500,-0.12,0.27,2.4667,2.4175,6.5551,0
13.135,-89,-25,-20,1500,1500,-0.12,0.27,2.4667,2.4175,6.5551,0
13.157,-91,-26,-20,1500,1500,-0.12,0.27,2.4667,2.4175,6.5551,0
13.175,-92,-26,-20,1500,1500,-0.12,0.27,2.4667,2.4175,6.5551,0
13.193,-95,-26,-20,1500,1500,-0.12,0.27,2.4667,2.4175,6.5551,0
13.210,-99,-27,-20,1500,1500,-0.12,0.27,2.4667,2.4175,6.5551,0
13.228,-101,-27,-20,1500,1500,-0.12,0.27,2.4667,2.4175,6.5551,0
13.245,-101,-27,-20,1500,1500,-0.12,0.27,2.4667,2.4175,6.5551,0
13.262,-106,-30,-19,1500,1500,-0.12,0.27,2.4667,2.4175,6.5551,0
13.279,-108,-30,-20,1500,1500,-0.12,0.27,2.4667,2.4175,6.5551,0
13.296,-111,-31,-20,1500,1500,-0.12,0.27,2.4667,2.4175,6.5551,0
13.314,-112,-31,-20,1500,1500,-0.74,0.08,2.4667,2.4175,6.5551,0
13.331,-115,-32,-20,1500,1500,-0.74,0.08,2.4667,2.4175,6.5551,0
13.348,-117,-31,-20,1500,1500,-0.74,0.08,2.4667,2.4175,6.5551,0
13.368,-119,-32,-19,1500,1500,-0.74,0.08,2.2521,2.5511,6.9951,0
13.385,-120,-32,-20,1500,1500,-0.74,0.08,2.2521,2.5511,6.9951,0
13.402,-122,-32,-20,1500,1500,-0.74,0.08,2.2521,2.5511,6.9951,0
13.419,-124,-32,-20,1500,1500,-0.74,0.08,2.2521,2.5511,6.9951,0
13.439,-125,-33,-20,1500,1500,-0.74,0.08,2.2521,2.5511,6.9951,0
13.456,-126,-33,-19,1500,1500,-0.74,0.08,2.2521,2.5511,6.9951,0
13.475,-127,-34,-20,1500,1500,-0.74,0.08,2.2521,2.5511,6.9951,0
13.493,-130,-35,-20,1500,1500,-0.74,0.08,2.2521,2.5511,6.9951,0
13.511,-130,-35,-20,1500,1500,-0.74,0.08,2.2521,2.5511,6.9951,0
13.528,-131,-35,-20,1500,1500,-0.74,0.08,2.2521,2.5511,6.9951,0
13.546,-132,-35,-20,1500,1500,-0.74,0.08,2.2521,2.5511,6.9951,0
13.564,-131,-35,-20,1500,1500,-0.84,-0.17,2.2521,2.5511,6.9951,0
13.581,-131,-35,-20,1500,1500,-0.84,-0.17,2.2521,2.5511,6.9951,0
13.598,-132,-35,-19,1500,1500,-0.84,-0.17,2.2521,2.5511,6.9951,0
13.615,-131,-34,-20,1500,1500,-0.84,-0.17,2.3416,2.2984,6.4987,0
13.634,-131,-34,-19,1500,1500,-0.84,-0.17,2.3416,2.2984,6.4987,0
13.651,-131,-33,-19,1500,1500,-0.84,-0.17,2.3416,2.2984,6.4987,0
13.670,-131,-33,-20,1500,1500,-0.84,-0.17,2.3416,2.2984,6.4987,0
13.687,-131,-32,-20,1500,1500,-0.84,-0.17,2.3416,2.2984,6.4987,0
13.704,-131,-32,-19,1500,1500,-0.84,-0.17,2.3416,2.2984,6.4987,0
13.723,-130,-31,-20,1500,1500,-0.84,-0.17,2.3416,2.2984,6.4987,0
13.740,-130,-31,-19,1500,1500,-0.84,-0.17,2.3416,2.2984,6.4987,0
13.757,-129,-30,-19,1500,1500,-0.84,-0.17,2.3416,2.2984,6.4987,0
13.775,-128,-30,-19,1500,1500,-0.84,-0.17,2.3416,2.2984,6.4987,0
13.797,-127,-29,-19,1500,1500,-0.84,-0.17,2.3416,2.2984,6.4987,0
13.815,-127,-29,-19,1500,1500,-1.26,0.27,2.3416,2.2984,6.4987,0
13.834,-126,-30,-19,1500,1500,-1.26,0.27,2.3416,2.2984,6.4987,0
13.852,-126,-30,-19,1500,1500,-1.26,0.27,2.3416,2.2984,6.4987,0
13.869,-126,-30,-19,1500,1500,-1.26,0.27,2.0869,1.8624,6.6141,0
13.886,-126,-31,-19,1500,1500,-1.26,0.27,2.0869,1.8624,6.6141,0
13.903,-126,-31,-19,1500,1500,-1.26,0.27,2.0869,1.8624,6.6141,0
13.920,-126,-32,-19,1500,1500,-1.26,0.27,2.0869,1.8624,6.6141,0
13.937,-126,-32,-19,1500,1500,-1.26,0.27,2.0869,1.8624,6.6141,0
13.955,-126,-33,-19,1500,1500,-1.26,0.27,2.0869,1.8624,6.6141,0
13.973,-125,-33,-19,1500,1500,-1.26,0.27,2.0869,1.8624,6.6141,0
13.990,-125,-33,-19,1500,1500,-1.26,0.27,2.0869,1.8624,6.6141,0
14.008,-124,-34,-19,1500,1500,-1.26,0.27,2.0869,1.8624,6.6141,0
14.026,-124,-35,-19,1500,1500,-1.26,0.27,2.0869,1.8624,6.6141,0
14.044,-124,-35,-19,1500,1500,-1.26,0.27,2.0869,1.8624,6.6141,0
14.065,-124,-35,-20,1500,1500,-1.62,0.09,2.0869,1.8624,6.6141,0
14.082,-123,-36,-20,1500,1500,-1.62,0.09,2.0869,1.8624,6.6141,0
14.101,-121,-36,-19,1500,1500,-1.62,0.09,2.0869,1.8624,6.6141,0
14.119,-120,-36,-19,1500,1500,-1.62,0.09,2.3169,2.1881,7.1716,0
14.136,-119,-37,-19,1500,1500,-1.62,0.09,2.3169,2.1881,7.1716,0
14.153,-119,-37,-19,1500,1500,-1.62,0.09,2.3169,2.1881,7.1716,0
14.170,-118,-37,-19,1500,1500,-1.62,0.09,2.3169,2.1881,7.1716,0
14.187,-117,-36,-19,1500,1500,-1.62,0.09,2.3169,2.1881,7.1716,0
14.204,-116,-36,-19,1500,1500,-1.62,0.09,2.3169,2.1881,7.1716,0
14.221,-114,-36,-19,1500,1500,-1.62,0.09,2.3169,2.1881,7.1716,0
14.238,-113,-35,-19,1500,1500,-1.62,0.09,2.3169,2.1881,7.1716,0
14.255,-112,-35,-19,1500,1500,-1.62,0.09,2.3169,2.1881,7.1716,0
14.272,-110,-35,-19,1500,1500,-1.62,0.09,2.3169,2.1881,7.1716,0
14.290,-109,-34,-18,1500,1500,-1.62,0.09,2.3169,2.1881,7.1716,0
14.307,-107,-34,-19,1500,1500,-1.77,0.45,2.3169,2.1881,7.1716,0
14.324,-105,-33,-19,1500,1500,-1.77,0.45,2.3169,2.1881,7.1716,0
14.342,-104,-32,-19,1500,1500,-1.77,0.45,2.3169,2.1881,7.1716,0
14.359,-104,-32,-19,1500,1500,-1.77,0.45,2.3169,2.1881,7.1716,0
14.377,-101,-30,-20,1500,1500,-1.77,0.45,2.2369,2.2586,6.9053,0
14.394,-99,-28,-20,1500,1500,-1.77,0.45,2.2369,2.2586,6.9053,0
14.413,-98,-27,-19,1500,1500,-1.77,0.45,2.2369,2.2586,6.9053,0
14.430,-96,-30,-19,1500,1500,-1.77,0.45,2.2369,2.2586,6.9053,0
14.447,-95,-31,-19,1500,1500,-1.77,0.45,2.2369,2.2586,6.9053,0
14.465,-93,-32,-19,1500,1500,-1.77,0.45,2.2369,2.2586,6.9053,0
14.482,-91,-34,-19,1500,1500,-1.77,0.45,2.2369,2.2586,6.9053,0
14.499,-91,-36,-19,1500,1500,-1.77,0.45,2.2369,2.2586,6.9053,0
14.516,-89,-37,-19,1500,1500,-1.77,0.45,2.2369,2.2586,6.9053,0
14.533,-89,-38,-19,1500,1500,-1.77,0.45,2.2369,2.2586,6.9053,0
14.552,-87,-37,-19,1500,1500,-1.20,0.72,2.2369,2.2586,6.9053,0
14.569,-86,-36,-19,1500,1500,-1.20,0.72,2.2369,2.2586,6.9053,0
14.586,-86,-36,-19,1500,1500,-1.20,0.72,2.2369,2.2586,6.9053,0
14.607,-85,-36,-19,1500,1500,-1.20,0.72,2.2369,2.2586,6.9053,0
14.624,-84,-36,-20,1500,1500,-1.20,0.72,2.5679,2.9784,6.7119,0
14.643,-81,-36,-19,1500,1500,-1.20,0.72,2.5679,2.9784,6.7119,0
14.661,-81,-38,-20,1500,1500,-1.20,0.72,2.5679,2.9784,6.7119,0
14.678,-79,-40,-19,1500,1500,-1.20,0.72,2.5679,2.9784,6.7119,0
14.699,-78,-40,-20,1500,1500,-1.20,0.72,2.5679,2.9784,6.7119,0
14.717,-77,-40,-19,1500,1500,-1.20,0.72,2.5679,2.9784,6.7119,0
14.734,-75,-40,-19,1500,1500,-1.20,0.72,2.5679,2.9784,6.7119,0
14.751,-73,-39,-19,1500,1500,-1.20,0.72,2.5679,2.9784,6.7119,0
14.769,-71,-39,-19,1500,1500,-1.20,0.72,2.5679,2.9784,6.7119,0
14.786,-70,-39,-19,1500,1500,-1.20,0.72,2.5679,2.9784,6.7119,0
14.804,-68,-40,-19,1500,1500,-0.13,0.55,2.5679,2.9784,6.7119,0
14.821,-66,-40,-19,1500,1500,-0.13,0.55,2.5679,2.9784,6.7119,0
14.838,-64,-39,-19,1500,1500,-0.13,0.55,2.5679,2.9784,6.7119,0
14.857,-64,-39,-19,1500,1500,-0.13,0.55,2.5679,2.9784,6.7119,0
14.874,-61,-36,-19,1500,1500,-0.13,0.55,2.2554,3.0754,6.6345,0
14.893,-60,-35,-19,1500,1500,-0.13,0.55,2.2554,3.0754,6.6345,1
14.911,-58,-34,-19,1500,1500,-0.13,0.55,2.2554,3.0754,6.6345,1
14.928,-57,-34,-19,1500,1500,-0.13,0.55,2.2554,3.0754,6.6345,1
14.945,-52,-36,-19,1500,1500,-0.13,0.55,2.2554,3.0754,6.6345,1
14.962,-50,-39,-19,1500,1500,-0.13,0.55,2.2554,3.0754,6.6345,1
14.979,-49,-40,-19,1500,1500,-0.13,0.55,2.2554,3.0754,6.6345,1
14.998,-48,-40,-20,1500,1500,-0.13,0.55,2.2554,3.0754,6.6345,1
15.016,-46,-40,-19,1500,1500,-0.13,0.55,2.2554,3.0754,6.6345,1
15.034,-44,-40,-19,1500,1500,-0.13,0.55,2.2554,3.0754,6.6345,1
15.051,-42,-40,-19,1500,1500,0.33,0.43,2.2554,3.0754,6.6345,1
15.070,-41,-41,-19,1500,1500,0.33,0.43,2.2554,3.0754,6.6345,1
15.087,-39,-42,-19,1500,1500,0.33,0.43,2.2554,3.0754,6.6345,1
15.106,-39,-42,-19,1500,1500,0.33,0.43,2.2554,3.0754,6.6345,1
15.124,-38,-42,-19,1500,1500,0.33,0.43,2.4622,3.0136,6.7799,1
15.141,-37,-42,-19,1500,1500,0.33,0.43,2.4622,3.0136,6.7799,1
15.158,-35,-40,-21,1500,1500,0.33,0.43,2.4622,3.0136,6.7799,1
15.176,-34,-39,-20,1500,1500,0.33,0.43,2.4622,3.0136,6.7799,1
15.194,-32,-37,-21,1500,1500,0.33,0.43,2.4622,3.0136,6.7799,1
15.211,-31,-37,-21,1500,1500,0.33,0.43,2.4622,3.0136,6.7799,1
15.229,-30,-36,-21,1500,1500,0.33,0.43,2.4622,3.0136,6.7799,1
15.246,-29,-36,-21,1500,1500,0.33,0.43,2.4622,3.0136,6.7799,1
15.263,-28,-35,-22,1500,1500,0.33,0.43,2.4622,3.0136,6.7799,1
15.280,-28,-36,-21,1500,1500,0.33,0.43,2.4622,3.0136,6.7799,1
15.298,-27,-38,-22,1500,1500,0.33,0.43,2.4622,3.0136,6.7799,1
15.315,-27,-40,-21,1500,1500,0.23,0.15,2.4622,3.0136,6.7799,1
15.333,-27,-40,-21,1500,1500,0.23,0.15,2.4622,3.0136,6.7799,1
15.350,-27,-40,-21,1500,1500,0.23,0.15,2.4622,3.0136,6.7799,1
15.370,-27,-39,-21,1500,1500,0.23,0.15,2.6073,2.9442,6.4713,1
15.393,-28,-38,-21,1500,1500,0.23,0.15,2.6073,2.9442,6.4713,1
15.411,-29,-38,-22,1500,1500,0.23,0.15,2.6073,2.9442,6.4713,1
15.429,-30,-38,-23,1500,1500,0.23,0.15,2.6073,2.9442,6.4713,1
15.446,-30,-37,-23,1500,1500,0.23,0.15,2.6073,2.9442,6.4713,1
15.463,-31,-36,-23,1500,1500,0.23,0.15,2.6073,2.9442,6.4713,1
15.480,-32,-36,-21,1500,1500,0.23,0.15,2.6073,2.9442,6.4713,1
15.498,-33,-35,-22,1500,1500,0.23,0.15,2.6073,2.9442,6.4713,1
15.515,-34,-33,-22,1500,1500,0.23,0.15,2.6073,2.9442,6.4713,1
15.532,-35,-32,-22,1500,1500,0.23,0.15,2.6073,2.9442,6.4713,1
15.550,-35,-32,-21,1500,1500,-0.56,0.28,2.6073,2.9442,6.4713,1
15.567,-36,-31,-22,1500,1500,-0.56,0.28,2.6073,2.9442,6.4713,1
15.586,-37,-29,-23,1500,1500,-0.56,0.28,2.6073,2.9442,6.4713,1
15.604,-37,-29,-23,1500,1500,-0.56,0.28,2.6073,2.9442,6.4713,1
15.621,-37,-26,-22,1500,1500,-0.56,0.28,2.4464,3.0864,7.2774,1
15.638,-37,-26,-21,1500,1500,-0.56,0.28,2.4464,3.0864,7.2774,1
15.656,-37,-24,-22,1500,1500,-0.56,0.28,2.4464,3.0864,7.2774,1
15.673,-37,-23,-21,1500,1500,-0.56,0.28,2.4464,3.0864,7.2774,1
15.691,-38,-21,-22,1500,1500,-0.56,0.28,2.4464,3.0864,7.2774,1
15.709,-37,-20,-23,1500,1500,-0.56,0.28,2.4464,3.0864,7.2774,1
15.726,-37,-20,-23,1500,1500,-0.56,0.28,2.4464,3.0864,7.2774,1
15.743,-36,-19,-23,1500,1500,-0.56,0.28,2.4464,3.0864,7.2774,1
15.761,-36,-19,-23,1500,1500,-0.56,0.28,2.4464,3.0864,7.2774,1
15.780,-35,-18,-23,1500,1500,-0.56,0.28,2.4464,3.0864,7.2774,1
15.798,-34,-17,-23,1500,1500,-0.56,0.28,2.4464,3.0864,7.2774,1
15.815,-34,-17,-23,1500,1500,-0.66,0.48,2.4464,3.0864,7.2774,1
15.833,-33,-14,-23,1500,1500,-0.66,0.48,2.4464,3.0864,7.2774,1
15.852,-33,-14,-23,1500,1500,-0.66,0.48,2.4464,3.0864,7.2774,1
15.871,-31,-9,-23,1500,1500,-0.66,0.48,2.1911,2.7102,6.9863,1
15.888,-30,-8,-24,1500,1500,-0.66,0.48,2.1911,2.7102,6.9863,1
15.906,-30,-7,-24,1500,1500,-0.66,0.48,2.1911,2.7102,6.9863,1
15.923,-29,-7,-24,1500,1500,-0.66,0.48,2.1911,2.7102,6.9863,1
15.941,-28,-7,-24,1500,1500,-0.66,0.48,2.1911,2.7102,6.9863,1
15.958,-27,-6,-24,1500,1500,-0.66,0.48,2.1911,2.7102,6.9863,1
15.976,-26,-6,-24,1500,1500,-0.66,0.48,2.1911,2.7102,6.9863,1
15.994,-25,-5,-24,1500,1500,-0.66,0.48,2.1911,2.7102,6.9863,1
16.013,-23,-6,-24,1500,1500,-0.66,0.48,2.1911,2.7102,6.9863,1
16.030,-22,-5,-24,1500,1500,-0.66,0.48,2.1911,2.7102,6.9863,1
16.048,-21,-5,-24,1500,1500,-0.66,0.48,2.1911,2.7102,6.9863,1
16.067,-20,-5,-24,1500,1500,0.03,0.22,2.1911,2.7102,6.9863,1
16.084,-19,-4,-25,1500,1500,0.03,0.22,2.1911,2.7102,6.9863,1
16.103,-19,-4,-25,1500,1500,0.03,0.22,2.1911,2.7102,6.9863,1
16.123,-17,-4,-25,1500,1500,0.03,0.22,2.2615,2.3621,7.1615,1
16.143,-16,-3,-25,1500,1500,0.03,0.22,2.2615,2.3621,7.1615,1
16.161,-15,-3,-25,1500,1500,0.03,0.22,2.2615,2.3621,7.1615,1
16.181,-13,-2,-26,1500,1500,0.03,0.22,2.2615,2.3621,7.1615,1
16.200,-13,-2,-25,1500,1500,0.03,0.22,2.2615,2.3621,7.1615,1
16.217,-12,-2,-25,1500,1500,0.03,0.22,2.2615,2.3621,7.1615,1
16.236,-12,-2,-26,1500,1500,0.03,0.22,2.2615,2.3621,7.1615,1
16.253,-11,-3,-25,1500,1500,0.03,0.22,2.2615,2.3621,7.1615,1
16.271,-11,-3,-26,1500,1500,0.03,0.22,2.2615,2.3621,7.1615,1
16.288,-10,-4,-26,1500,1500,0.03,0.22,2.2615,2.3621,7.1615,1
16.306,-10,-5,-26,1500,1500,0.13,-0.30,2.2615,2.3621,7.1615,1
16.323,-9,-5,-26,1500,1500,0.13,-0.30,2.2615,2.3621,7.1615,1
16.341,-9,-6,-27,1500,1500,0.13,-0.30,2.2615,2.3621,7.1615,1
16.359,-8,-7,-27,1500,1500,0.13,-0.30,2.2615,2.3621,7.1615,1
16.377,-8,-7,-27,1500,1500,0.13,-0.30,2.3250,2.5158,7.2331,1
16.395,-8,-8,-28,1500,1500,0.13,-0.30,2.3250,2.5158,7.2331,1
16.413,-7,-9,-28,1500,1500,0.13,-0.30,2.3250,2.5158,7.2331,1
16.431,-7,-9,-28,1500,1500,0.13,-0.30,2.3250,2.5158,7.2331,1
16.448,-6,-8,-28,1500,1500,0.13,-0.30,2.3250,2.5158,7.2331,1
16.468,-6,-8,-29,1500,1500,0.13,-0.30,2.3250,2.5158,7.2331,1
16.486,-5,-8,-28,1500,1500,0.13,-0.30,2.3250,2.5158,7.2331,1
16.503,-4,-9,-28,1500,1500,0.13,-0.30,2.3250,2.5158,7.2331,1
16.520,-3,-9,-28,1500,1500,0.13,-0.30,2.3250,2.5158,7.2331,1
16.538,-3,-9,-29,1500,1500,0.13,-0.30,2.3250,2.5158,7.2331,1
16.555,-3,-9,-28,1500,1500,0.32,-0.69,2.3250,2.5158,7.2331,1
16.574,-2,-8,-28,1500,1500,0.32,-0.69,2.3250,2.5158,7.2331,1
16.591,-2,-7,-28,1500,1500,0.32,-0.69,2.3250,2.5158,7.2331,1
16.608,-1,-7,-29,1500,1500,0.32,-0.69,2.3250,2.5158,7.2331,1
16.625,0,-7,-29,1500,1500,0.32,-0.69,2.6576,2.8848,7.0113,1
16.642,1,-8,-29,1500,1500,0.32,-0.69,2.6576,2.8848,7.0113,1
16.660,2,-8,-29,1500,1500,0.32,-0.69,2.6576,2.8848,7.0113,1
16.679,3,-9,-29,1500,1500,0.32,-0.69,2.6576,2.8848,7.0113,1
16.697,5,-9,-30,1500,1500,0.32,-0.69,2.6576,2.8848,7.0113,1
16.714,5,-11,-30,1500,1500,0.32,-0.69,2.6576,2.8848,7.0113,1
16.731,5,-12,-30,1500,1500,0.32,-0.69,2.6576,2.8848,7.0113,1
16.748,6,-14,-30,1500,1500,0.32,-0.69,2.6576,2.8848,7.0113,1
16.766,6,-14,-31,1500,1500,0.32,-0.69,2.6576,2.8848,7.0113,0
16.783,7,-14,-30,1500,1500,0.32,-0.69,2.6576,2.8848,7.0113,1
16.802,7,-13,-30,1500,1500,0.56,-0.86,2.6576,2.8848,7.0113,1
16.819,7,-12,-30,1500,1500,0.56,-0.86,2.6576,2.8848,7.0113,1
16.836,8,-12,-31,1500,1500,0.56,-0.86,2.6576,2.8848,7.0113,0
16.853,9,-12,-30,1500,1500,0.56,-0.86,2.6576,2.8848,7.0113,1
16.880,9,-11,-30,1500,1500,0.56,-0.86,2.4407,3.1790,7.3506,1
16.897,10,-11,-30,1500,1500,0.56,-0.86,2.4407,3.1790,7.3506,1
16.914,10,-10,-30,1500,1500,0.56,-0.86,2.4407,3.1790,7.3506,1
16.932,10,-11,-30,1500,1500,0.56,-0.86,2.4407,3.1790,7.3506,1
16.950,10,-10,-30,1500,1500,0.56,-0.86,2.4407,3.1790,7.3506,1
16.968,10,-10,-31,1500,1500,0.56,-0.86,2.4407,3.1790,7.3506,0
16.986,10,-10,-31,1500,1500,0.56,-0.86,2.4407,3.1790,7.3506,0
17.003,10,-10,-31,1500,1500,0.56,-0.86,2.4407,3.1790,7.3506,0
17.020,10,-11,-30,1500,1500,0.56,-0.86,2.4407,3.1790,7.3506,1
17.038,10,-11,-31,1500,1500,0.56,-0.86,2.4407,3.1790,7.3506,0
17.055,9,-12,-31,1500,1500,1.35,-0.65,2.4407,3.1790,7.3506,0
17.073,9,-12,-31,1500,1500,1.35,-0.65,2.4407,3.1790,7.3506,0
17.093,9,-12,-31,1500,1500,1.35,-0.65,2.4407,3.1790,7.3506,0
17.112,9,-13,-31,1500,1500,1.35,-0.65,2.4672,3.3478,6.8505,0
17.132,10,-13,-32,1500,1500,1.35,-0.65,2.4672,3.3478,6.8505,0
17.149,10,-13,-32,1500,1500,1.35,-0.65,2.4672,3.3478,6.8505,0
17.166,11,-12,-31,1500,1500,1.35,-0.65,2.4672,3.3478,6.8505,0
17.184,12,-11,-31,1500,1500,1.35,-0.65,2.4672,3.3478,6.8505,0
17.201,13,-11,-31,1500,1500,1.35,-0.65,2.4672,3.3478,6.8505,0
17.219,14,-10,-32,1500,1500,1.35,-0.65,2.4672,3.3478,6.8505,0
17.237,15,-10,-32,1500,1500,1.35,-0.65,2.4672,3.3478,6.8505,0
17.255,15,-10,-32,1500,1500,1.35,-0.65,2.4672,3.3478,6.8505,0
17.273,16,-9,-32,1500,1500,1.35,-0.65,2.4672,3.3478,6.8505,0
17.290,17,-9,-32,1500,1500,1.35,-0.65,2.4672,3.3478,6.8505,0
17.310,17,-9,-32,1500,1500,1.56,-0.56,2.4672,3.3478,6.8505,0
17.327,18,-10,-32,1500,1500,1.56,-0.56,2.4672,3.3478,6.8505,0
17.350,18,-11,-32,1500,1500,1.56,-0.56,2.4672,3.3478,6.8505,0
17.368,18,-12,-33,1500,1500,1.56,-0.56,2.3460,2.8976,6.6747,0
17.385,18,-14,-32,1500,1500,1.56,-0.56,2.3460,2.8976,6.6747,0
17.403,19,-15,-33,1500,1500,1.56,-0.56,2.3460,2.8976,6.6747,0
17.420,20,-16,-33,1500,1500,1.56,-0.56,2.3460,2.8976,6.6747,0
17.437,20,-17,-33,1500,1500,1.56,-0.56,2.3460,2.8976,6.6747,0
17.454,21,-17,-32,1500,1500,1.56,-0.56,2.3460,2.8976,6.6747,0
17.472,21,-18,-32,1500,1500,1.56,-0.56,2.3460,2.8976,6.6747,0
17.489,22,-18,-32,1500,1500,1.56,-0.56,2.3460,2.8976,6.6747,0
17.506,22,-18,-33,1500,1500,1.56,-0.56,2.3460,2.8976,6.6747,0
17.524,22,-16,-33,1500,1500,1.56,-0.56,2.3460,2.8976,6.6747,0
17.543,22,-16,-33,1500,1500,1.56,-0.56,2.3460,2.8976,6.6747,0
17.560,23,-15,-33,1500,1500,1.72,-0.93,2.3460,2.8976,6.6747,0
17.577,23,-14,-32,1500,1500,1.72,-0.93,2.3460,2.8976,6.6747,0
17.595,22,-14,-32,1500,1500,1.72,-0.93,2.3460,2.8976,6.6747,0
17.614,21,-14,-33,1500,1500,1.72,-0.93,2.3918,2.9055,6.8392,0
17.633,21,-14,-32,1500,1500,1.72,-0.93,2.3918,2.9055,6.8392,0
17.650,20,-13,-33,1500,1500,1.72,-0.93,2.3918,2.9055,6.8392,0
17.668,19,-12,-33,1500,1500,1.72,-0.93,2.3918,2.9055,6.8392,0
17.686,18,-11,-33,1500,1500,1.72,-0.93,2.3918,2.9055,6.8392,0
17.704,18,-10,-33,1500,1500,1.72,-0.93,2.3918,2.9055,6.8392,0
17.721,17,-9,-32,1500,1500,1.72,-0.93,2.3918,2.9055,6.8392,0
17.739,15,-7,-32,1500,1500,1.72,-0.93,2.3918,2.9055,6.8392,0
17.756,14,-7,-32,1500,1500,1.72,-0.93,2.3918,2.9055,6.8392,0
17.773,11,-4,-33,1500,1500,1.72,-0.93,2.3918,2.9055,6.8392,0
17.792,10,-4,-32,1500,1500,1.72,-0.93,2.3918,2.9055,6.8392,0
17.809,10,-4,-32,1500,1500,1.37,-0.58,2.3918,2.9055,6.8392,0
17.826,9,-3,-33,1500,1500,1.37,-0.58,2.3918,2.9055,6.8392,0
17.843,6,-3,-33,1500,1500,1.37,-0.58,2.3918,2.9055,6.8392,0
17.863,5,-4,-32,1500,1500,1.37,-0.58,2.5342,2.7371,6.6766,0
17.880,3,-4,-32,1500,1500,1.37,-0.58,2.5342,2.7371,6.6766,0
17.897,2,-4,-32,1500,1500,1.37,-0.58,2.5342,2.7371,6.6766,0
17.916,1,-4,-32,1500,1500,1.37,-0.58,2.5342,2.7371,6.6766,0
17.934,0,-5,-32,1500,1500,1.37,-0.58,2.5342,2.7371,6.6766,0
17.952,-2,-5,-32,1500,1500,1.37,-0.58,2.5342,2.7371,6.6766,0
17.970,-3,-5,-32,1500,1500,1.37,-0.58,2.5342,2.7371,6.6766,0
17.989,-3,-5,-32,1500,1500,1.37,-0.58,2.5342,2.7371,6.6766,0
18.011,-4,-5,-32,1500,1500,1.37,-0.58,2.5342,2.7371,6.6766,0
18.028,-4,-5,-32,1500,1500,1.37,-0.58,2.5342,2.7371,6.6766,0
18.045,-4,-5,-32,1500,1500,1.18,-0.94,2.5342,2.7371,6.6766,0
18.064,-4,-5,-32,1500,1500,1.18,-0.94,2.5342,2.7371,6.6766,0
18.081,-4,-5,-32,1500,1500,1.18,-0.94,2.5342,2.7371,6.6766,0
18.100,-4,-5,-31,1500,1500,1.18,-0.94,2.5342,2.7371,6.6766,0
18.117,-4,-5,-31,1500,1500,1.18,-0.94,2.3120,3.1365,6.5465,0
18.135,-4,-5,-31,1500,1500,1.18,-0.94,2.3120,3.1365,6.5465,0
18.152,-3,-4,-31,1500,1500,1.18,-0.94,2.3120,3.1365,6.5465,0
18.170,-3,-3,-31,1500,1500,1.18,-0.94,2.3120,3.1365,6.5465,0
18.187,-2,-2,-31,1500,1500,1.18,-0.94,2.3120,3.1365,6.5465,0
18.206,-1,0,-31,1500,1500,1.18,-0.94,2.3120,3.1365,6.5465,0
18.224,-1,2,-31,1500,1500,1.18,-0.94,2.3120,3.1365,6.5465,0
18.245,-2,4,-31,1500,1500,1.18,-0.94,2.3120,3.1365,6.5465,0
18.263,-2,6,-31,1500,1500,1.18,-0.94,2.3120,3.1365,6.5465,0
18.280,-3,8,-31,1500,1500,1.18,-0.94,2.3120,3.1365,6.5465,0
18.298,-4,10,-31,1500,1500,0.11,-0.02,2.3120,3.1365,6.5465,0
18.315,-5,11,-32,1500,1500,0.11,-0.02,2.3120,3.1365,6.5465,0
18.332,-5,12,-32,1500,1500,0.11,-0.02,2.3120,3.1365,6.5465,0
18.352,-7,14,-32,1500,1500,0.11,-0.02,2.3120,3.1365,6.5465,0
18.369,-8,15,-31,1500,1500,0.11,-0.02,2.5104,2.6407,6.9408,0
18.387,-10,16,-31,1500,1500,0.11,-0.02,2.5104,2.6407,6.9408,0
18.404,-12,17,-31,1500,1500,0.11,-0.02,2.5104,2.6407,6.9408,0
18.423,-16,17,-31,1500,1500,0.11,-0.02,2.5104,2.6407,6.9408,0
18.440,-17,17,-31,1500,1500,0.11,-0.02,2.5104,2.6407,6.9408,0
18.457,-19,17,-32,1500,1500,0.11,-0.02,2.5104,2.6407,6.9408,0
18.475,-21,17,-31,1500,1500,0.11,-0.02,2.5104,2.6407,6.9408,0
18.495,-23,16,-31,1500,1500,0.11,-0.02,2.5104,2.6407,6.9408,0
18.513,-24,16,-31,1500,1500,0.11,-0.02,2.5104,2.6407,6.9408,0
18.532,-26,17,-31,1500,1500,0.11,-0.02,2.5104,2.6407,6.9408,0
18.550,-28,17,-31,1500,1500,-0.42,0.35,2.5104,2.6407,6.9408,0
18.569,-29,19,-31,1500,1500,-0.42,0.35,2.5104,2.6407,6.9408,0
18.587,-30,19,-31,1500,1500,-0.42,0.35,2.5104,2.6407,6.9408,0
18.605,-31,19,-31,1500,1500,-0.42,0.35,2.5104,2.6407,6.9408,0
18.622,-33,19,-31,1500,1500,-0.42,0.35,2.3534,2.9471,7.3422,0
18.640,-33,19,-31,1500,1500,-0.42,0.35,2.3534,2.9471,7.3422,0
18.657,-34,20,-30,1500,1500,-0.42,0.35,2.3534,2.9471,7.3422,1
18.676,-35,21,-31,1500,1500,-0.42,0.35,2.3534,2.9471,7.3422,0
18.694,-35,21,-30,1500,1500,-0.42,0.35,2.3534,2.9471,7.3422,1
18.711,-36,21,-31,1500,1500,-0.42,0.35,2.3534,2.9471,7.3422,0
18.728,-37,21,-31,1500,1500,-0.42,0.35,2.3534,2.9471,7.3422,0
18.747,-38,20,-31,1500,1500,-0.42,0.35,2.3534,2.9471,7.3422,0
18.765,-39,20,-30,1500,1500,-0.42,0.35,2.3534,2.9471,7.3422,1
18.783,-39,19,-30,1500,1500,-0.42,0.35,2.3534,2.9471,7.3422,1
18.805,-39,19,-31,1500,1500,0.23,0.26,2.3534,2.9471,7.3422,0
18.822,-39,18,-31,1500,1500,0.23,0.26,2.3534,2.9471,7.3422,0
18.840,-39,17,-31,1500,1500,0.23,0.26,2.3534,2.9471,7.3422,0
18.858,-39,17,-31,1500,1500,0.23,0.26,2.4708,3.2089,5.9812,0
18.876,-38,16,-31,1500,1500,0.23,0.26,2.4708,3.2089,5.9812,0
18.893,-38,16,-31,1500,1500,0.23,0.26,2.4708,3.2089,5.9812,0
18.912,-38,15,-31,1500,1500,0.23,0.26,2.4708,3.2089,5.9812,0
18.929,-37,14,-31,1500,1500,0.23,0.26,2.4708,3.2089,5.9812,0
18.948,-36,13,-31,1500,1500,0.23,0.26,2.4708,3.2089,5.9812,0
18.966,-35,12,-31,1500,1500,0.23,0.26,2.4708,3.2089,5.9812,0
18.985,-35,11,-31,1500,1500,0.23,0.26,2.4708,3.2089,5.9812,0
19.002,-34,10,-31,1500,1500,0.23,0.26,2.4708,3.2089,5.9812,0
19.020,-33,9,-31,1500,1500,0.23,0.26,2.4708,3.2089,5.9812,0
19.037,-32,9,-31,1500,1500,0.23,0.26,2.4708,3.2089,5.9812,0
19.056,-31,9,-31,1500,1500,1.11,-0.51,2.4708,3.2089,5.9812,0
19.073,-31,8,-31,1500,1500,1.11,-0.51,2.4708,3.2089,5.9812,0
19.091,-29,7,-31,1500,1500,1.11,-0.51,2.4708,3.2089,5.9812,0
19.108,-27,6,-31,1500,1500,1.11,-0.51,2.4020,2.8614,7.1520,0
19.126,-26,6,-31,1500,1500,1.11,-0.51,2.4020,2.8614,7.1520,0
19.143,-25,6,-31,1500,1500,1.11,-0.51,2.4020,2.8614,7.1520,0
19.160,-24,6,-31,1500,1500,1.11,-0.51,2.4020,2.8614,7.1520,0
19.178,-24,7,-31,1500,1500,1.11,-0.51,2.4020,2.8614,7.1520,0
19.195,-24,8,-31,1500,1500,1.11,-0.51,2.4020,2.8614,7.1520,0
19.214,-24,8,-31,1500,1500,1.11,-0.51,2.4020,2.8614,7.1520,0
19.234,-24,9,-31,1500,1500,1.11,-0.51,2.4020,2.8614,7.1520,0
19.253,-23,9,-31,1500,1500,1.11,-0.51,2.4020,2.8614,7.1520,0
19.270,-23,10,-31,1500,1500,1.11,-0.51,2.4020,2.8614,7.1520,0
19.287,-23,11,-30,1500,1500,1.11,-0.51,2.4020,2.8614,7.1520,1
19.304,-23,11,-30,1500,1500,1.41,-0.38,2.4020,2.8614,7.1520,1
19.322,-23,11,-31,1500,1500,1.41,-0.38,2.4020,2.8614,7.1520,0
19.339,-24,11,-31,1500,1500,1.41,-0.38,2.4020,2.8614,7.1520,0
19.356,-24,10,-30,1500,1500,1.41,-0.38,2.4095,2.6473,7.0373,1
19.373,-25,11,-31,1500,1500,1.41,-0.38,2.4095,2.6473,7.0373,0
19.390,-28,10,-31,1500,1500,1.41,-0.38,2.4095,2.6473,7.0373,0
19.407,-29,9,-30,1500,1500,1.41,-0.38,2.4095,2.6473,7.0373,1
19.425,-31,9,-31,1500,1500,1.41,-0.38,2.4095,2.6473,7.0373,0
19.442,-32,8,-31,1500,1500,1.41,-0.38,2.4095,2.6473,7.0373,0
19.459,-34,8,-31,1500,1500,1.41,-0.38,2.4095,2.6473,7.0373,0
19.477,-36,7,-31,1500,1500,1.41,-0.38,2.4095,2.6473,7.0373,0
19.494,-37,7,-31,1500,1500,1.41,-0.38,2.4095,2.6473,7.0373,0
19.513,-39,6,-31,1500,1500,1.41,-0.38,2.4095,2.6473,7.0373,0
19.531,-42,6,-31,1500,1500,1.41,-0.38,2.4095,2.6473,7.0373,0
19.550,-44,6,-31,1500,1500,1.66,-0.77,2.4095,2.6473,7.0373,0
19.570,-46,6,-31,1500,1500,1.66,-0.77,2.4095,2.6473,7.0373,0
19.588,-48,6,-31,1500,1500,1.66,-0.77,2.4095,2.6473,7.0373,0
19.606,-50,6,-31,1500,1500,1.66,-0.77,2.4095,2.6473,7.0373,0
19.623,-53,8,-31,1500,1500,1.66,-0.77,2.3997,2.9291,6.5495,0
19.640,-53,8,-31,1500,1500,1.66,-0.77,2.3997,2.9291,6.5495,0
19.657,-55,9,-31,1500,1500,1.66,-0.77,2.3997,2.9291,6.5495,0
19.674,-56,9,-31,1500,1500,1.66,-0.77,2.3997,2.9291,6.5495,0
19.692,-57,9,-31,1500,1500,1.66,-0.77,2.3997,2.9291,6.5495,0
19.709,-58,9,-31,1500,1500,1.66,-0.77,2.3997,2.9291,6.5495,0
19.726,-58,9,-31,1500,1500,1.66,-0.77,2.3997,2.9291,6.5495,0
19.743,-59,9,-31,1500,1500,1.66,-0.77,2.3997,2.9291,6.5495,0
19.761,-58,9,-31,1500,1500,1.66,-0.77,2.3997,2.9291,6.5495,0
19.778,-58,9,-31,1500,1500,1.66,-0.77,2.3997,2.9291,6.5495,0
19.798,-58,9,-31,1500,1500,0.68,-0.67,2.3997,2.9291,6.5495,0
19.815,-58,9,-31,1500,1500,0.68,-0.67,2.3997,2.9291,6.5495,0
19.832,-57,9,-31,1500,1500,0.68,-0.67,2.3997,2.9291,6.5495,0
19.849,-57,8,-31,1500,1500,0.68,-0.67,2.3997,2.9291,6.5495,0
19.867,-57,7,-31,1500,1500,0.68,-0.67,2.7560,2.8473,7.7669,0
19.884,-56,7,-32,1500,1500,0.68,-0.67,2.7560,2.8473,7.7669,0
19.902,-56,6,-31,1500,1500,0.68,-0.67,2.7560,2.8473,7.7669,0
19.919,-56,5,-32,1500,1500,0.68,-0.67,2.7560,2.8473,7.7669,0
19.937,-56,5,-32,1500,1500,0.68,-0.67,2.7560,2.8473,7.7669,0
19.955,-56,5,-32,1500,1500,0.68,-0.67,2.7560,2.8473,7.7669,0
19.973,-57,4,-31,1500,1500,0.68,-0.67,2.7560,2.8473,7.7669,0
19.991,-58,3,-32,1500,1500,0.68,-0.67,2.7560,2.8473,7.7669,0
20.009,-60,3,-32,1500,1500,0.68,-0.67,2.7560,2.8473,7.7669,0
20.027,-61,3,-32,1500,1500,0.68,-0.67,2.7560,2.8473,7.7669,0
20.044,-62,3,-32,1500,1500,0.28,-1.12,2.7560,2.8473,7.7669,0
20.061,-63,3,-32,1500,1500,0.28,-1.12,2.7560,2.8473,7.7669,0
20.078,-64,2,-32,1500,1500,0.28,-1.12,2.7560,2.8473,7.7669,0
20.096,-65,2,-32,1500,1500,0.28,-1.12,2.7560,2.8473,7.7669,0
20.113,-65,2,-32,1500,1500,0.28,-1.12,2.4829,2.8893,6.4755,0
20.130,-66,2,-32,1500,1500,0.28,-1.12,2.4829,2.8893,6.4755,0
20.148,-67,2,-33,1500,1500,0.28,-1.12,2.4829,2.8893,6.4755,0
20.165,-68,1,-33,1500,1500,0.28,-1.12,2.4829,2.8893,6.4755,0
20.184,-69,1,-33,1500,1500,0.28,-1.12,2.4829,2.8893,6.4755,0
20.201,-70,2,-33,1500,1500,0.28,-1.12,2.4829,2.8893,6.4755,0
20.220,-71,3,-33,1500,1500,0.28,-1.12,2.4829,2.8893,6.4755,0
20.237,-71,3,-32,1500,1500,0.28,-1.12,2.4829,2.8893,6.4755,0
20.255,-71,3,-32,1500,1500,0.28,-1.12,2.4829,2.8893,6.4755,0
20.276,-72,3,-32,1500,1500,0.28,-1.12,2.4829,2.8893,6.4755,0
20.293,-72,3,-32,1500,1500,-0.08,-1.14,2.4829,2.8893,6.4755,0
20.310,-72,3,-32,1500,1500,-0.08,-1.14,2.4829,2.8893,6.4755,0
20.328,-72,3,-32,1500,1500,-0.08,-1.14,2.4829,2.8893,6.4755,0
20.345,-72,3,-32,1500,1500,-0.08,-1.14,2.4829,2.8893,6.4755,0
20.362,-72,2,-32,1500,1500,-0.08,-1.14,2.5002,3.3438,5.7752,0
20.380,-74,2,-33,1500,1500,-0.08,-1.14,2.5002,3.3438,5.7752,0
20.398,-75,1,-33,1500,1500,-0.08,-1.14,2.5002,3.3438,5.7752,0
20.416,-76,0,-33,1500,1500,-0.08,-1.14,2.5002,3.3438,5.7752,0
20.433,-76,0,-33,1500,1500,-0.08,-1.14,2.5002,3.3438,5.7752,0
20.450,-78,0,-33,1500,1500,-0.08,-1.14,2.5002,3.3438,5.7752,0
20.467,-79,0,-33,1500,1500,-0.08,-1.14,2.5002,3.3438,5.7752,0
20.484,-79,1,-34,1500,1500,-0.08,-1.14,2.5002,3.3438,5.7752,0
20.502,-81,1,-34,1500,1500,-0.08,-1.14,2.5002,3.3438,5.7752,0
20.520,-82,0,-34,1500,1500,-0.08,-1.14,2.5002,3.3438,5.7752,0
20.538,-83,0,-34,1500,1500,-0.08,-1.14,2.5002,3.3438,5.7752,0
20.556,-84,0,-33,1500,1500,0.07,-1.25,2.5002,3.3438,5.7752,0
20.573,-84,0,-33,1500,1500,0.07,-1.25,2.5002,3.3438,5.7752,0
20.591,-85,0,-34,1500,1500,0.07,-1.25,2.5002,3.3438,5.7752,0
20.609,-85,-1,-34,1500,1500,0.07,-1.25,2.6743,3.3636,8.4343,0
20.627,-85,-1,-34,1500,1500,0.07,-1.25,2.6743,3.3636,8.4343,0
20.644,-85,-2,-34,1500,1500,0.07,-1.25,2.6743,3.3636,8.4343,0
20.661,-84,-2,-34,1500,1500,0.07,-1.25,2.6743,3.3636,8.4343,0
20.679,-84,-3,-33,1500,1500,0.07,-1.25,2.6743,3.3636,8.4343,0
20.696,-84,-4,-33,1500,1500,0.07,-1.25,2.6743,3.3636,8.4343,0
20.713,-83,-4,-33,1500,1500,0.07,-1.25,2.6743,3.3636,8.4343,0
20.730,-82,-4,-33,1500,1500,0.07,-1.25,2.6743,3.3636,8.4343,0
20.748,-81,-5,-34,1500,1500,0.07,-1.25,2.6743,3.3636,8.4343,0
20.767,-80,-6,-34,1500,1500,0.07,-1.25,2.6743,3.3636,8.4343,0
20.786,-79,-7,-34,1500,1500,0.07,-1.25,2.6743,3.3636,8.4343,0
20.803,-78,-7,-34,1500,1500,-0.36,-1.59,2.6743,3.3636,8.4343,0
20.821,-78,-7,-34,1500,1500,-0.36,-1.59,2.6743,3.3636,8.4343,0
20.838,-77,-8,-34,1500,1500,-0.36,-1.59,2.6743,3.3636,8.4343,0
20.855,-77,-8,-34,1500,1500,-0.36,-1.59,2.5126,4.1208,6.5765,0
20.873,-75,-9,-34,1500,1500,-0.36,-1.59,2.5126,4.1208,6.5765,0
20.894,-74,-10,-34,1500,1500,-0.36,-1.59,2.5126,4.1208,6.5765,0
20.912,-72,-10,-34,1500,1500,-0.36,-1.59,2.5126,4.1208,6.5765,0
20.930,-71,-11,-34,1500,1500,-0.36,-1.59,2.5126,4.1208,6.5765,0
20.947,-70,-11,-34,1500,1500,-0.36,-1.59,2.5126,4.1208,6.5765,0
20.965,-69,-12,-34,1500,1500,-0.36,-1.59,2.5126,4.1208,6.5765,0
20.983,-68,-12,-34,1500,1500,-0.36,-1.59,2.5126,4.1208,6.5765,0
21.000,-66,-12,-34,1500,1500,-0.36,-1.59,2.5126,4.1208,6.5765,0
21.020,-65,-14,-34,1500,1500,-0.36,-1.59,2.5126,4.1208,6.5765,0
21.037,-64,-14,-34,1500,1500,0.07,-1.94,2.5126,4.1208,6.5765,0
21.054,-63,-14,-34,1500,1500,0.07,-1.94,2.5126,4.1208,6.5765,0
21.071,-61,-13,-34,1500,1500,0.07,-1.94,2.5126,4.1208,6.5765,0
21.089,-59,-14,-34,1500,1500,0.07,-1.94,2.5126,4.1208,6.5765,0
21.106,-57,-15,-35,1500,1500,0.07,-1.94,2.1340,3.9023,4.9778,0
21.123,-56,-15,-35,1500,1500,0.07,-1.94,2.1340,3.9023,4.9778,0
21.145,-52,-16,-35,1500,1500,0.07,-1.94,2.1340,3.9023,4.9778,0
21.163,-50,-16,-35,1500,1500,0.07,-1.94,2.1340,3.9023,4.9778,0
21.182,-49,-17,-35,1500,1500,0.07,-1.94,2.1340,3.9023,4.9778,0
21.200,-47,-17,-35,1500,1500,0.07,-1.94,2.1340,3.9023,4.9778,0
21.218,-45,-18,-34,1500,1500,0.07,-1.94,2.1340,3.9023,4.9778,0
21.235,-45,-18,-34,1500,1500,0.07,-1.94,2.1340,3.9023,4.9778,0
21.253,-42,-17,-35,1500,1500,0.07,-1.94,2.1340,3.9023,4.9778,0
21.271,-42,-17,-35,1500,1500,0.07,-1.94,2.1340,3.9023,4.9778,0
21.289,-41,-17,-35,1500,1500,1.20,-2.05,2.1340,3.9023,4.9778,0
21.307,-40,-18,-35,1500,1500,1.20,-2.05,2.1340,3.9023,4.9778,0
21.324,-40,-17,-34,1500,1500,1.20,-2.05,2.1340,3.9023,4.9778,0
21.342,-41,-17,-34,1500,1500,1.20,-2.05,2.1340,3.9023,4.9778,0
21.361,-42,-17,-34,1500,1500,1.20,-2.05,2.1340,3.9023,4.9778,0
21.378,-43,-17,-34,1500,1500,1.20,-2.05,2.1340,3.9023,4.9778,0
21.396,-45,-16,-34,1500,1500,1.20,-2.05,2.1340,3.9023,4.9778,0
21.413,-47,-16,-35,1500,1500,1.20,-2.05,2.1340,3.9023,4.9778,0
21.431,-48,-17,-35,1500,1500,1.20,-2.05,2.1340,3.9023,4.9778,0
21.449,-50,-17,-35,1500,1500,1.20,-2.05,2.1340,3.9023,4.9778,0
21.466,-52,-17,-34,1500,1500,1.20,-2.05,2.1340,3.9023,4.9778,0
21.484,-55,-17,-34,1500,1500,1.20,-2.05,2.1340,3.9023,4.9778,0
21.501,-58,-17,-34,1500,1500,1.20,-2.05,2.1340,3.9023,4.9778,0
21.519,-64,-15,-34,1500,1500,1.20,-2.05,2.1340,3.9023,4.9778,0
21.536,-64,-15,-34,1500,1500,1.77,-1.96,2.1340,3.9023,4.9778,0
21.554,-67,-15,-34,1500,1500,1.77,-1.96,2.1340,3.9023,4.9778,0
21.572,-70,-15,-34,1500,1500,1.77,-1.96,2.1340,3.9023,4.9778,0
21.591,-72,-14,-33,1500,1500,1.77,-1.96,2.1340,3.9023,4.9778,0
21.609,-75,-13,-34,1500,1500,1.77,-1.96,2.8828,3.4205,7.8386,0
21.626,-76,-12,-34,1500,1500,1.77,-1.96,2.8828,3.4205,7.8386,0
21.644,-78,-11,-34,1500,1500,1.77,-1.96,2.8828,3.4205,7.8386,0
21.662,-78,-9,-33,1500,1500,1.77,-1.96,2.8828,3.4205,7.8386,0
21.680,-80,-5,-32,1500,1500,1.77,-1.96,2.8828,3.4205,7.8386,0
21.697,-81,-4,-32,1500,1500,1.77,-1.96,2.8828,3.4205,7.8386,0
21.717,-82,-1,-32,1500,1500,1.77,-1.96,2.8828,3.4205,7.8386,0
21.734,-82,-1,-32,1500,1500,1.77,-1.96,2.8828,3.4205,7.8386,0
21.751,-81,2,-32,1500,1500,1.77,-1.96,2.8828,3.4205,7.8386,0
21.769,-81,2,-32,1500,1500,1.77,-1.96,2.8828,3.4205,7.8386,0
21.787,-81,4,-32,1500,1500,1.21,-0.71,2.8828,3.4205,7.8386,0
21.805,-80,5,-32,1500,1500,1.21,-0.71,2.8828,3.4205,7.8386,0
21.823,-80,5,-32,1500,1500,1.21,-0.71,2.8828,3.4205,7.8386,0
21.841,-80,6,-32,1500,1500,1.21,-0.71,2.8828,3.4205,7.8386,0
21.859,-80,7,-32,1500,1500,1.21,-0.71,2.8828,3.4205,7.8386,0
21.876,-79,7,-31,1500,1500,1.21,-0.71,2.8828,3.4205,7.8386,0
21.893,-79,7,-32,1500,1500,1.21,-0.71,2.8828,3.4205,7.8386,0
21.910,-79,7,-32,1500,1500,1.21,-0.71,2.8828,3.4205,7.8386,0
21.928,-79,8,-31,1500,1500,1.21,-0.71,2.8828,3.4205,7.8386,0
21.946,-79,7,-31,1500,1500,1.21,-0.71,2.8828,3.4205,7.8386,0
21.963,-78,8,-31,1500,1500,1.21,-0.71,2.8828,3.4205,7.8386,0
21.981,-79,8,-31,1500,1500,1.21,-0.71,2.8828,3.4205,7.8386,0
21.998,-78,8,-31,1500,1500,1.21,-0.71,2.8828,3.4205,7.8386,0
22.017,-78,9,-31,1500,1500,1.21,-0.71,2.8828,3.4205,7.8386,0
22.038,-78,9,-31,1500,1500,1.21,-0.71,2.8828,3.4205,7.8386,0
22.058,-78,9,-31,1500,1500,0.53,-0.36,2.8828,3.4205,7.8386,0
22.077,-77,9,-31,1500,1500,0.53,-0.36,2.8828,3.4205,7.8386,0
22.094,-76,8,-30,1500,1500,0.53,-0.36,2.8828,3.4205,7.8386,0
22.112,-74,6,-30,1500,1500,0.53,-0.36,2.4609,3.6090,6.4035,0
22.131,-74,6,-30,1500,1500,0.53,-0.36,2.4609,3.6090,6.4035,0
22.152,-73,5,-30,1500,1500,0.53,-0.36,2.4609,3.6090,6.4035,0
22.169,-74,4,-30,1500,1500,0.53,-0.36,2.4609,3.6090,6.4035,0
22.187,-74,3,-29,1500,1500,0.53,-0.36,2.4609,3.6090,6.4035,0
22.205,-75,2,-29,1500,1500,0.53,-0.36,2.4609,3.6090,6.4035,0
22.222,-76,1,-29,1500,1500,0.53,-0.36,2.4609,3.6090,6.4035,0
22.239,-77,0,-29,1500,1500,0.53,-0.36,2.4609,3.6090,6.4035,0
22.257,-78,-1,-29,1500,1500,0.53,-0.36,2.4609,3.6090,6.4035,0
22.275,-80,-2,-29,1500,1500,0.53,-0.36,2.4609,3.6090,6.4035,0
22.293,-81,-4,-29,1500,1500,0.92,-1.01,2.4609,3.6090,6.4035,0
22.310,-83,-5,-29,1500,1500,0.92,-1.01,2.4609,3.6090,6.4035,0
22.327,-84,-6,-29,1500,1500,0.92,-1.01,2.4609,3.6090,6.4035,0
22.345,-86,-7,-28,1500,1500,0.92,-1.01,2.4609,3.6090,6.4035,0
22.364,-87,-7,-28,1500,1500,0.92,-1.01,2.4609,3.6090,6.4035,0
22.382,-88,-7,-28,1500,1500,0.92,-1.01,2.4609,3.6090,6.4035,0
22.399,-90,-8,-28,1500,1500,0.92,-1.01,2.4609,3.6090,6.4035,0
22.417,-92,-9,-28,1500,1500,0.92,-1.01,2.4609,3.6090,6.4035,0
22.435,-93,-9,-28,1500,1500,0.92,-1.01,2.4609,3.6090,6.4035,0
22.452,-93,-9,-28,1500,1500,0.92,-1.01,2.4609,3.6090,6.4035,0
22.469,-95,-9,-28,1500,1500,0.92,-1.01,2.4609,3.6090,6.4035,0
22.486,-96,-9,-28,1500,1500,0.92,-1.01,2.4609,3.6090,6.4035,0
22.507,-97,-9,-28,1500,1500,0.92,-1.01,2.4609,3.6090,6.4035,0
22.524,-98,-10,-28,1500,1500,0.92,-1.01,2.4609,3.6090,6.4035,0
22.542,-99,-10,-28,1500,1500,0.91,-1.05,2.4609,3.6090,6.4035,0
22.559,-99,-10,-28,1500,1500,0.91,-1.05,2.4609,3.6090,6.4035,0
22.578,-101,-10,-28,1500,1500,0.91,-1.05,2.4609,3.6090,6.4035,0
22.596,-101,-10,-28,1500,1500,0.91,-1.05,2.4609,3.6090,6.4035,0
22.615,-102,-10,-28,1500,1500,0.91,-1.05,2.4578,4.0718,6.0157,0
22.633,-104,-8,-27,1500,1500,0.91,-1.05,2.4578,4.0718,6.0157,0
22.651,-104,-7,-28,1500,1500,0.91,-1.05,2.4578,4.0718,6.0157,0
22.668,-105,-5,-28,1500,1500,0.91,-1.05,2.4578,4.0718,6.0157,0
22.686,-105,-3,-27,1500,1500,0.91,-1.05,2.4578,4.0718,6.0157,0
22.703,-105,-2,-27,1500,1500,0.91,-1.05,2.4578,4.0718,6.0157,0
22.720,-105,0,-27,1500,1500,0.91,-1.05,2.4578,4.0718,6.0157,0
22.739,-105,1,-27,1500,1500,0.91,-1.05,2.4578,4.0718,6.0157,0
22.756,-104,3,-26,1500,1500,0.91,-1.05,2.4578,4.0718,6.0157,0
22.774,-103,4,-27,1500,1500,0.91,-1.05,2.4578,4.0718,6.0157,0
22.791,-102,6,-27,1500,1500,0.48,0.12,2.4578,4.0718,6.0157,0
22.808,-102,7,-26,1500,1500,0.48,0.12,2.4578,4.0718,6.0157,0
22.825,-102,8,-26,1500,1500,0.48,0.12,2.4578,4.0718,6.0157,0
22.842,-101,9,-26,1500,1500,0.48,0.12,2.4578,4.0718,6.0157,0
22.859,-101,11,-26,1500,1500,0.48,0.12,2.4578,4.0718,6.0157,0
22.879,-101,11,-26,1500,1500,0.48,0.12,2.4578,4.0718,6.0157,0
22.897,-101,11,-26,1500,1500,0.48,0.12,2.4578,4.0718,6.0157,0
22.914,-102,11,-26,1500,1500,0.48,0.12,2.4578,4.0718,6.0157,0
22.932,-102,11,-26,1500,1500,0.48,0.12,2.4578,4.0718,6.0157,0
22.949,-103,10,-26,1500,1500,0.48,0.12,2.4578,4.0718,6.0157,0
22.967,-103,9,-26,1500,1500,0.48,0.12,2.4578,4.0718,6.0157,0
22.985,-103,9,-26,1500,1500,0.48,0.12,2.4578,4.0718,6.0157,0
23.002,-104,8,-25,1500,1500,0.48,0.12,2.4578,4.0718,6.0157,0
23.021,-105,7,-26,1500,1500,0.48,0.12,2.4578,4.0718,6.0157,0
23.039,-106,6,-26,1500,1500,0.40,0.12,2.4578,4.0718,6.0157,0
23.059,-106,6,-26,1500,1500,0.40,0.12,2.4578,4.0718,6.0157,0
23.078,-107,5,-25,1500,1500,0.40,0.12,2.4578,4.0718,6.0157,0
23.096,-107,5,-25,1500,1500,0.40,0.12,2.6598,3.4814,6.2762,0
23.115,-108,4,-25,1500,1500,0.40,0.12,2.6598,3.4814,6.2762,0
23.133,-110,3,-25,1500,1500,0.40,0.12,2.6598,3.4814,6.2762,0
23.150,-110,2,-26,1500,1500,0.40,0.12,2.6598,3.4814,6.2762,0
23.167,-110,2,-25,1500,1500,0.40,0.12,2.6598,3.4814,6.2762,0
23.184,-110,2,-26,1500,1500,0.40,0.12,2.6598,3.4814,6.2762,0
23.201,-111,2,-26,1500,1500,0.40,0.12,2.6598,3.4814,6.2762,0
23.219,-112,1,-25,1500,1500,0.40,0.12,2.6598,3.4814,6.2762,0
23.236,-112,1,-25,1500,1500,0.40,0.12,2.6598,3.4814,6.2762,0
23.253,-112,1,-25,1500,1500,0.40,0.12,2.6598,3.4814,6.2762,0
23.272,-113,1,-25,1500,1500,0.40,0.12,2.6598,3.4814,6.2762,0
23.289,-113,0,-25,1500,1500,0.02,-0.09,2.6598,3.4814,6.2762,0
23.307,-114,0,-25,1500,1500,0.02,-0.09,2.6598,3.4814,6.2762,0
23.324,-115,-1,-25,1500,1500,0.02,-0.09,2.6598,3.4814,6.2762,0
23.342,-115,-2,-25,1500,1500,0.02,-0.09,2.6598,3.4814,6.2762,0
23.361,-116,-4,-25,1500,1500,0.02,-0.09,2.6598,3.4814,6.2762,0
23.378,-117,-5,-25,1500,1500,0.02,-0.09,2.6598,3.4814,6.2762,0
23.396,-118,-6,-25,1500,1500,0.02,-0.09,2.6598,3.4814,6.2762,0
23.413,-118,-7,-25,1500,1500,0.02,-0.09,2.6598,3.4814,6.2762,0
23.431,-119,-8,-25,1500,1500,0.02,-0.09,2.6598,3.4814,6.2762,0
23.448,-119,-9,-25,1500,1500,0.02,-0.09,2.6598,3.4814,6.2762,0
23.465,-118,-9,-25,1500,1500,0.02,-0.09,2.6598,3.4814,6.2762,0
23.482,-118,-10,-26,1500,1500,0.02,-0.09,2.6598,3.4814,6.2762,0
23.500,-118,-10,-26,1500,1500,0.02,-0.09,2.6598,3.4814,6.2762,0
23.519,-117,-11,-26,1500,1500,0.02,-0.09,2.6598,3.4814,6.2762,0
23.538,-117,-11,-26,1500,1500,-0.15,-0.77,2.6598,3.4814,6.2762,0
23.558,-117,-11,-26,1500,1500,-0.15,-0.77,2.6598,3.4814,6.2762,0
23.575,-117,-11,-26,1500,1500,-0.15,-0.77,2.6598,3.4814,6.2762,0
23.595,-118,-12,-26,1500,1500,-0.15,-0.77,2.6598,3.4814,6.2762,0
23.614,-118,-12,-26,1500,1500,-0.15,-0.77,2.4644,3.2163,6.3122,0
23.632,-119,-13,-25,1500,1500,-0.15,-0.77,2.4644,3.2163,6.3122,0
23.649,-121,-14,-26,1500,1500,-0.15,-0.77,2.4644,3.2163,6.3122,0
23.667,-123,-15,-26,1500,1500,-0.15,-0.77,2.4644,3.2163,6.3122,0
23.684,-124,-15,-26,1500,1500,-0.15,-0.77,2.4644,3.2163,6.3122,0
23.701,-127,-16,-26,1500,1500,-0.15,-0.77,2.4644,3.2163,6.3122,0
23.719,-129,-17,-26,1500,1500,-0.15,-0.77,2.4644,3.2163,6.3122,0
23.736,-131,-17,-25,1500,1500,-0.15,-0.77,2.4644,3.2163,6.3122,0
23.753,-132,-18,-26,1500,1500,-0.15,-0.77,2.4644,3.2163,6.3122,0
23.770,-134,-18,-26,1500,1500,-0.15,-0.77,2.4644,3.2163,6.3122,0
23.787,-135,-18,-27,1500,1500,-0.33,-1.06,2.4644,3.2163,6.3122,0
23.805,-136,-18,-26,1500,1500,-0.33,-1.06,2.4644,3.2163,6.3122,0
23.822,-138,-17,-26,1500,1500,-0.33,-1.06,2.4644,3.2163,6.3122,0
23.839,-139,-18,-26,1500,1500,-0.33,-1.06,2.4644,3.2163,6.3122,0
23.856,-140,-18,-26,1500,1500,-0.33,-1.06,2.4644,3.2163,6.3122,0
23.873,-141,-17,-26,1500,1500,-0.33,-1.06,2.4644,3.2163,6.3122,0
23.892,-142,-17,-26,1500,1500,-0.33,-1.06,2.4644,3.2163,6.3122,0
23.910,-142,-17,-26,1500,1500,-0.33,-1.06,2.4644,3.2163,6.3122,0
23.928,-143,-16,-26,1500,1500,-0.33,-1.06,2.4644,3.2163,6.3122,0
23.946,-144,-16,-26,1500,1500,-0.33,-1.06,2.4644,3.2163,6.3122,0
23.964,-145,-16,-26,1500,1500,-0.33,-1.06,2.4644,3.2163,6.3122,0
23.982,-146,-14,-26,1500,1500,-0.33,-1.06,2.4644,3.2163,6.3122,0
24.000,-147,-14,-26,1500,1500,-0.33,-1.06,2.4644,3.2163,6.3122,0
24.019,-148,-14,-26,1500,1500,-0.33,-1.06,2.4644,3.2163,6.3122,0
24.036,-150,-14,-26,1500,1500,-0.25,-0.84,2.4644,3.2163,6.3122,0
24.055,-151,-14,-26,1500,1500,-0.25,-0.84,2.4644,3.2163,6.3122,0
24.074,-152,-14,-26,1500,1500,-0.25,-0.84,2.4644,3.2163,6.3122,0
24.092,-153,-13,-25,1500,1500,-0.25,-0.84,2.4644,3.2163,6.3122,0
24.112,-155,-13,-25,1500,1500,-0.25,-0.84,2.4644,3.2163,6.3122,0
24.129,-157,-13,-25,1500,1500,-0.25,-0.84,2.4644,3.2163,6.3122,0
24.146,-158,-13,-25,1500,1500,-0.25,-0.84,2.4644,3.2163,6.3122,0
24.164,-160,-14,-25,1500,1500,-0.25,-0.84,2.4644,3.2163,6.3122,0
24.181,-164,-16,-25,1500,1500,-0.25,-0.84,2.4644,3.2163,6.3122,0
24.200,-167,-17,-25,1500,1500,-0.25,-0.84,2.4644,3.2163,6.3122,0
24.218,-170,-18,-25,1500,1500,-0.25,-0.84,2.4644,3.2163,6.3122,0
24.235,-172,-19,-25,1500,1500,-0.25,-0.84,2.4644,3.2163,6.3122,0
24.253,-175,-20,-25,1500,1500,-0.25,-0.84,2.4644,3.2163,6.3122,0
24.271,-178,-20,-25,1500,1500,-0.25,-0.84,2.4644,3.2163,6.3122,0
24.288,-180,-20,-25,1500,1500,-0.37,-0.86,2.4644,3.2163,6.3122,0
24.306,-180,-20,-25,1500,1500,-0.37,-0.86,2.4644,3.2163,6.3122,0
24.324,-183,-19,-25,1500,1500,-0.37,-0.86,2.4644,3.2163,6.3122,0
24.342,-185,-19,-26,1500,1500,-0.37,-0.86,2.4644,3.2163,6.3122,0
24.361,-189,-18,-25,1500,1500,-0.37,-0.86,2.7027,4.0947,6.2680,0
24.378,-192,-18,-25,1500,1500,-0.37,-0.86,2.7027,4.0947,6.2680,0
24.395,-193,-17,-25,1500,1500,-0.37,-0.86,2.7027,4.0947,6.2680,0
24.415,-194,-16,-25,1500,1500,-0.37,-0.86,2.7027,4.0947,6.2680,0
24.432,-196,-15,-25,1500,1500,-0.37,-0.86,2.7027,4.0947,6.2680,0
24.450,-198,-16,-25,1500,1500,-0.37,-0.86,2.7027,4.0947,6.2680,0
24.467,-198,-15,-25,1500,1500,-0.37,-0.86,2.7027,4.0947,6.2680,0
24.485,-199,-16,-25,1500,1500,-0.37,-0.86,2.7027,4.0947,6.2680,0
24.503,-199,-17,-24,1500,1500,-0.37,-0.86,2.7027,4.0947,6.2680,0
24.520,-201,-19,-24,1500,1500,-0.37,-0.86,2.7027,4.0947,6.2680,0
24.537,-201,-19,-24,1500,1500,-0.74,-0.80,2.7027,4.0947,6.2680,0
24.554,-201,-19,-24,1500,1500,-0.74,-0.80,2.7027,4.0947,6.2680,0
24.572,-201,-19,-24,1500,1500,-0.74,-0.80,2.7027,4.0947,6.2680,0
24.590,-201,-20,-24,1500,1500,-0.74,-0.80,2.7027,4.0947,6.2680,0
24.607,-202,-19,-24,1500,1500,-0.74,-0.80,3.3241,5.2128,7.8883,0
24.625,-202,-18,-23,1500,1500,-0.74,-0.80,3.3241,5.2128,7.8883,0
24.642,-201,-18,-24,1500,1500,-0.74,-0.80,3.3241,5.2128,7.8883,0
24.659,-200,-18,-25,1500,1500,-0.74,-0.80,3.3241,5.2128,7.8883,0
24.677,-200,-19,-24,1500,1500,-0.74,-0.80,3.3241,5.2128,7.8883,0
24.695,-199,-21,-24,1500,1500,-0.74,-0.80,3.3241,5.2128,7.8883,0
24.712,-198,-22,-23,1500,1500,-0.74,-0.80,3.3241,5.2128,7.8883,0
24.729,-196,-23,-23,1500,1500,-0.74,-0.80,3.3241,5.2128,7.8883,0
24.749,-196,-23,-23,1500,1500,-0.74,-0.80,3.3241,5.2128,7.8883,0
24.766,-194,-23,-23,1500,1500,-0.74,-0.80,3.3241,5.2128,7.8883,0
24.784,-192,-22,-24,1500,1500,-0.89,-0.74,3.3241,5.2128,7.8883,0
24.802,-192,-22,-23,1500,1500,-0.89,-0.74,3.3241,5.2128,7.8883,0
24.820,-192,-22,-23,1500,1500,-0.89,-0.74,3.3241,5.2128,7.8883,0
24.840,-191,-22,-24,1500,1500,-0.89,-0.74,3.3241,5.2128,7.8883,0
24.857,-191,-22,-24,1500,1500,-0.89,-0.74,2.8084,6.7274,7.4944,0
24.875,-189,-21,-24,1500,1500,-0.89,-0.74,2.8084,6.7274,7.4944,0
24.893,-188,-20,-23,1500,1500,-0.89,-0.74,2.8084,6.7274,7.4944,0
24.911,-186,-19,-23,1500,1500,-0.89,-0.74,2.8084,6.7274,7.4944,0
24.928,-185,-18,-23,1500,1500,-0.89,-0.74,2.8084,6.7274,7.4944,0
24.946,-182,-17,-24,1500,1500,-0.89,-0.74,2.8084,6.7274,7.4944,0
24.963,-181,-16,-23,1500,1500,-0.89,-0.74,2.8084,6.7274,7.4944,0
24.981,-179,-16,-23,1500,1500,-0.89,-0.74,2.8084,6.7274,7.4944,0
24.999,-177,-15,-23,1500,1500,-0.89,-0.74,2.8084,6.7274,7.4944,0
25.016,-176,-14,-23,1500,1500,-0.89,-0.74,2.8084,6.7274,7.4944,0
25.033,-174,-13,-24,1500,1500,-0.65,-0.07,2.8084,6.7274,7.4944,0
25.052,-173,-12,-23,1500,1500,-0.65,-0.07,2.8084,6.7274,7.4944,0
25.070,-172,-12,-23,1500,1500,-0.65,-0.07,2.8084,6.7274,7.4944,0
25.087,-170,-11,-23,1500,1500,-0.65,-0.07,2.8084,6.7274,7.4944,0
25.105,-170,-11,-23,1500,1500,-0.65,-0.07,2.6436,5.4156,8.2274,0
25.125,-168,-11,-22,1500,1500,-0.65,-0.07,2.6436,5.4156,8.2274,0
25.143,-164,-10,-23,1500,1500,-0.65,-0.07,2.6436,5.4156,8.2274,0
25.162,-162,-9,-23,1500,1500,-0.65,-0.07,2.6436,5.4156,8.2274,0
25.179,-160,-9,-23,1500,1500,-0.65,-0.07,2.6436,5.4156,8.2274,0
25.198,-156,-8,-23,1500,1500,-0.65,-0.07,2.6436,5.4156,8.2274,0
25.215,-156,-8,-23,1500,1500,-0.65,-0.07,2.6436,5.4156,8.2274,0
25.234,-152,-7,-22,1500,1500,-0.65,-0.07,2.6436,5.4156,8.2274,0
25.251,-149,-6,-22,1500,1500,-0.65,-0.07,2.6436,5.4156,8.2274,0
25.270,-148,-6,-22,1500,1500,-0.65,-0.07,2.6436,5.4156,8.2274,0
25.289,-145,-5,-22,1500,1500,0.06,0.33,2.6436,5.4156,8.2274,0
25.306,-143,-4,-22,1500,1500,0.06,0.33,2.6436,5.4156,8.2274,0
25.324,-141,-3,-22,1500,1500,0.06,0.33,2.6436,5.4156,8.2274,0
25.343,-139,-3,-22,1500,1500,0.06,0.33,2.7322,4.2698,7.7767,0
25.361,-139,-3,-22,1500,1500,0.06,0.33,2.7322,4.2698,7.7767,0
25.380,-134,-2,-21,1500,1500,0.06,0.33,2.7322,4.2698,7.7767,0
25.398,-133,-2,-21,1500,1500,0.06,0.33,2.7322,4.2698,7.7767,0
25.415,-131,-2,-21,1500,1500,0.06,0.33,2.7322,4.2698,7.7767,0
25.433,-127,-1,-22,1500,1500,0.06,0.33,2.7322,4.2698,7.7767,0
25.450,-126,-2,-22,1500,1500,0.06,0.33,2.7322,4.2698,7.7767,0
25.468,-124,-2,-23,1500,1500,0.06,0.33,2.7322,4.2698,7.7767,0
25.485,-123,-2,-23,1500,1500,0.06,0.33,2.7322,4.2698,7.7767,0
25.502,-122,-1,-23,1500,1500,0.06,0.33,2.7322,4.2698,7.7767,0
25.519,-121,-1,-22,1500,1500,0.06,0.33,2.7322,4.2698,7.7767,0
25.537,-119,-1,-22,1500,1500,0.35,0.57,2.7322,4.2698,7.7767,0
25.555,-117,0,-22,1500,1500,0.35,0.57,2.7322,4.2698,7.7767,0
25.572,-115,0,-22,1500,1500,0.35,0.57,2.7322,4.2698,7.7767,0
25.589,-113,1,-21,1500,1500,0.35,0.57,2.7322,4.2698,7.7767,0
25.614,-111,1,-22,1500,1500,0.35,0.57,2.1763,4.5362,7.9310,0
25.632,-109,1,-22,1500,1500,0.35,0.57,2.1763,4.5362,7.9310,0
25.649,-104,2,-22,1500,1500,0.35,0.57,2.1763,4.5362,7.9310,0
25.666,-101,2,-23,1500,1500,0.35,0.57,2.1763,4.5362,7.9310,0
25.684,-97,3,-22,1500,1500,0.35,0.57,2.1763,4.5362,7.9310,0
25.701,-93,4,-22,1500,1500,0.35,0.57,2.1763,4.5362,7.9310,0
25.718,-89,5,-22,1500,1500,0.35,0.57,2.1763,4.5362,7.9310,0
25.735,-85,6,-22,1500,1500,0.35,0.57,2.1763,4.5362,7.9310,0
25.752,-81,6,-22,1500,1500,0.35,0.57,2.1763,4.5362,7.9310,0
25.769,-77,7,-22,1500,1500,0.35,0.57,2.1763,4.5362,7.9310,0
25.786,-73,8,-22,1500,1500,1.37,0.91,2.1763,4.5362,7.9310,0
25.803,-70,8,-22,1500,1500,1.37,0.91,2.1763,4.5362,7.9310,0
25.820,-66,9,-22,1500,1500,1.37,0.91,2.1763,4.5362,7.9310,0
25.837,-63,8,-22,1500,1500,1.37,0.91,2.1763,4.5362,7.9310,0
25.854,-59,9,-22,1500,1500,1.37,0.91,2.5214,3.4506,7.0911,1
25.876,-56,9,-22,1500,1500,1.37,0.91,2.5214,3.4506,7.0911,1
25.894,-53,10,-22,1500,1500,1.37,0.91,2.5214,3.4506,7.0911,1
25.911,-50,10,-22,1500,1500,1.37,0.91,2.5214,3.4506,7.0911,1
25.929,-47,10,-22,1500,1500,1.37,0.91,2.5214,3.4506,7.0911,1
25.948,-42,9,-23,1500,1500,1.37,0.91,2.5214,3.4506,7.0911,1
25.965,-41,9,-22,1500,1500,1.37,0.91,2.5214,3.4506,7.0911,1
25.982,-39,9,-22,1500,1500,1.37,0.91,2.5214,3.4506,7.0911,1
25.999,-37,9,-22,1500,1500,1.37,0.91,2.5214,3.4506,7.0911,1
26.017,-35,9,-22,1500,1500,1.37,0.91,2.5214,3.4506,7.0911,1
26.034,-33,8,-22,1500,1500,1.65,0.94,2.5214,3.4506,7.0911,1
26.051,-32,7,-23,1500,1500,1.65,0.94,2.5214,3.4506,7.0911,1
26.068,-31,7,-22,1500,1500,1.65,0.94,2.5214,3.4506,7.0911,1
26.086,-30,7,-23,1500,1500,1.65,0.94,2.5214,3.4506,7.0911,1
26.103,-30,7,-23,1500,1500,1.65,0.94,2.1870,2.8642,6.5219,1
26.120,-29,5,-23,1500,1500,1.65,0.94,2.1870,2.8642,6.5219,1
26.138,-29,4,-23,1500,1500,1.65,0.94,2.1870,2.8642,6.5219,1
26.156,-29,2,-23,1500,1500,1.65,0.94,2.1870,2.8642,6.5219,1
26.173,-28,0,-23,1500,1500,1.65,0.94,2.1870,2.8642,6.5219,1
26.190,-28,-1,-23,1500,1500,1.65,0.94,2.1870,2.8642,6.5219,1
26.208,-29,-3,-24,1500,1500,1.65,0.94,2.1870,2.8642,6.5219,1
26.226,-29,-4,-24,1500,1500,1.65,0.94,2.1870,2.8642,6.5219,1
26.243,-30,-5,-23,1500,1500,1.65,0.94,2.1870,2.8642,6.5219,1
26.261,-31,-6,-23,1500,1500,1.65,0.94,2.1870,2.8642,6.5219,1
26.280,-32,-8,-24,1500,1500,1.85,-0.12,2.1870,2.8642,6.5219,1
26.297,-32,-8,-24,1500,1500,1.85,-0.12,2.1870,2.8642,6.5219,1
26.317,-32,-8,-24,1500,1500,1.85,-0.12,2.1870,2.8642,6.5219,1
26.334,-33,-8,-24,1500,1500,1.85,-0.12,2.1870,2.8642,6.5219,1
26.351,-33,-9,-25,1500,1500,1.85,-0.12,2.5337,3.1610,7.2514,1
26.370,-33,-8,-24,1500,1500,1.85,-0.12,2.5337,3.1610,7.2514,1
26.387,-33,-8,-24,1500,1500,1.85,-0.12,2.5337,3.1610,7.2514,1
26.405,-32,-8,-24,1500,1500,1.85,-0.12,2.5337,3.1610,7.2514,1
26.422,-32,-8,-25,1500,1500,1.85,-0.12,2.5337,3.1610,7.2514,1
26.439,-32,-7,-25,1500,1500,1.85,-0.12,2.5337,3.1610,7.2514,1
26.456,-31,-6,-25,1500,1500,1.85,-0.12,2.5337,3.1610,7.2514,1
26.473,-30,-6,-24,1500,1500,1.85,-0.12,2.5337,3.1610,7.2514,1
26.490,-29,-5,-25,1500,1500,1.85,-0.12,2.5337,3.1610,7.2514,1
26.507,-29,-5,-24,1500,1500,1.85,-0.12,2.5337,3.1610,7.2514,1
26.524,-28,-4,-25,1500,1500,1.85,-0.12,2.5337,3.1610,7.2514,1
26.542,-28,-4,-25,1500,1500,1.55,-0.05,2.5337,3.1610,7.2514,1
26.560,-27,-4,-25,1500,1500,1.55,-0.05,2.5337,3.1610,7.2514,1
26.577,-27,-4,-25,1500,1500,1.55,-0.05,2.5337,3.1610,7.2514,1
26.594,-26,-4,-25,1500,1500,1.55,-0.05,2.7619,2.9831,7.0509,1
26.611,-25,-4,-25,1500,1500,1.55,-0.05,2.7619,2.9831,7.0509,1
26.630,-25,-4,-25,1500,1500,1.55,-0.05,2.7619,2.9831,7.0509,1
26.647,-24,-4,-25,1500,1500,1.55,-0.05,2.7619,2.9831,7.0509,1
26.664,-24,-4,-25,1500,1500,1.55,-0.05,2.7619,2.9831,7.0509,1
26.681,-24,-5,-26,1500,1500,1.55,-0.05,2.7619,2.9831,7.0509,1
26.698,-24,-5,-25,1500,1500,1.55,-0.05,2.7619,2.9831,7.0509,1
26.716,-24,-4,-26,1500,1500,1.55,-0.05,2.7619,2.9831,7.0509,1
26.733,-24,-4,-26,1500,1500,1.55,-0.05,2.7619,2.9831,7.0509,1
26.750,-24,-5,-26,1500,1500,1.55,-0.05,2.7619,2.9831,7.0509,1
26.769,-25,-4,-26,1500,1500,1.55,-0.05,2.7619,2.9831,7.0509,1
26.787,-25,-4,-26,1500,1500,1.15,-0.31,2.7619,2.9831,7.0509,1
26.805,-25,-4,-26,1500,1500,1.15,-0.31,2.7619,2.9831,7.0509,1
26.825,-26,-4,-26,1500,1500,1.15,-0.31,2.7619,2.9831,7.0509,1
26.842,-26,-4,-27,1500,1500,1.15,-0.31,2.4670,2.4172,6.9171,1
26.860,-28,-3,-27,1500,1500,1.15,-0.31,2.4670,2.4172,6.9171,1
26.877,-28,-3,-27,1500,1500,1.15,-0.31,2.4670,2.4172,6.9171,1
26.895,-29,-4,-27,1500,1500,1.15,-0.31,2.4670,2.4172,6.9171,1
26.912,-29,-4,-27,1500,1500,1.15,-0.31,2.4670,2.4172,6.9171,1
26.929,-30,-4,-27,1500,1500,1.15,-0.31,2.4670,2.4172,6.9171,1
26.946,-30,-5,-27,1500,1500,1.15,-0.31,2.4670,2.4172,6.9171,1
26.964,-31,-5,-28,1500,1500,1.15,-0.31,2.4670,2.4172,6.9171,1
26.981,-31,-6,-27,1500,1500,1.15,-0.31,2.4670,2.4172,6.9171,1
26.998,-31,-6,-27,1500,1500,1.15,-0.31,2.4670,2.4172,6.9171,1
27.015,-32,-8,-28,1500,1500,1.15,-0.31,2.4670,2.4172,6.9171,1
27.036,-32,-8,-28,1500,1500,0.65,-0.76,2.4670,2.4172,6.9171,1
27.054,-32,-9,-28,1500,1500,0.65,-0.76,2.4670,2.4172,6.9171,1
27.072,-32,-9,-28,1500,1500,0.65,-0.76,2.4670,2.4172,6.9171,1
27.091,-32,-10,-28,1500,1500,0.65,-0.76,2.4697,2.5095,6.4988,1
27.108,-32,-11,-28,1500,1500,0.65,-0.76,2.4697,2.5095,6.4988,1
27.126,-32,-12,-28,1500,1500,0.65,-0.76,2.4697,2.5095,6.4988,1
27.144,-32,-12,-28,1500,1500,0.65,-0.76,2.4697,2.5095,6.4988,1
27.162,-32,-12,-29,1500,1500,0.65,-0.76,2.4697,2.5095,6.4988,1
27.179,-32,-12,-29,1500,1500,0.65,-0.76,2.4697,2.5095,6.4988,1
27.196,-32,-12,-29,1500,1500,0.65,-0.76,2.4697,2.5095,6.4988,1
27.213,-32,-12,-29,1500,1500,0.65,-0.76,2.4697,2.5095,6.4988,1
27.231,-32,-13,-29,1500,1500,0.65,-0.76,2.4697,2.5095,6.4988,1
27.248,-31,-13,-29,1500,1500,0.65,-0.76,2.4697,2.5095,6.4988,1
27.265,-31,-13,-29,1500,1500,0.65,-0.76,2.4697,2.5095,6.4988,1
27.282,-31,-13,-29,1500,1500,0.27,-0.98,2.4697,2.5095,6.4988,1
27.303,-29,-13,-29,1500,1500,0.27,-0.98,2.4697,2.5095,6.4988,1
27.330,-28,-13,-29,1500,1500,0.27,-0.98,2.4697,2.5095,6.4988,1
27.347,-27,-13,-30,1500,1500,0.27,-0.98,2.2079,2.3133,6.7990,1
27.365,-27,-13,-30,1500,1500,0.27,-0.98,2.2079,2.3133,6.7990,1
27.383,-26,-13,-30,1500,1500,0.27,-0.98,2.2079,2.3133,6.7990,1
27.400,-24,-12,-31,1500,1500,0.27,-0.98,2.2079,2.3133,6.7990,0
27.418,-23,-11,-30,1500,1500,0.27,-0.98,2.2079,2.3133,6.7990,1
27.436,-22,-10,-30,1500,1500,0.27,-0.98,2.2079,2.3133,6.7990,1
27.454,-22,-10,-30,1500,1500,0.27,-0.98,2.2079,2.3133,6.7990,1
27.471,-21,-10,-31,1500,1500,0.27,-0.98,2.2079,2.3133,6.7990,0
27.490,-21,-11,-30,1500,1500,0.27,-0.98,2.2079,2.3133,6.7990,1
27.507,-22,-12,-31,1500,1500,0.27,-0.98,2.2079,2.3133,6.7990,0
27.524,-22,-12,-32,1500,1500,0.27,-0.98,2.2079,2.3133,6.7990,0
27.542,-22,-12,-31,1500,1500,-0.62,-0.75,2.2079,2.3133,6.7990,0
27.561,-22,-13,-31,1500,1500,-0.62,-0.75,2.2079,2.3133,6.7990,0
27.581,-23,-14,-31,1500,1500,-0.62,-0.75,2.2079,2.3133,6.7990,0
27.599,-23,-14,-31,1500,1500,-0.62,-0.75,2.5350,1.9176,6.6091,0
27.616,-24,-14,-31,1500,1500,-0.62,-0.75,2.5350,1.9176,6.6091,0
27.634,-26,-12,-32,1500,1500,-0.62,-0.75,2.5350,1.9176,6.6091,0
27.652,-26,-14,-32,1500,1500,-0.62,-0.75,2.5350,1.9176,6.6091,0
27.671,-26,-14,-32,1500,1500,-0.62,-0.75,2.5350,1.9176,6.6091,0
27.689,-27,-19,-32,1500,1500,-0.62,-0.75,2.5350,1.9176,6.6091,0
27.706,-28,-18,-33,1500,1500,-0.62,-0.75,2.5350,1.9176,6.6091,0
27.723,0,0,0,1500,1500,-0.62,-0.75,2.5350,1.9176,6.6091,0
27.741,-30,-21,-31,1500,1500,-0.62,-0.75,2.5350,1.9176,6.6091,0
27.758,-31,-22,-33,1500,1500,-0.62,-0.75,2.5350,1.9176,6.6091,0
27.775,-32,-23,-32,1500,1500,-1.21,-1.14,2.5350,1.9176,6.6091,0
27.793,-31,-24,-33,1500,1500,-1.21,-1.14,2.5350,1.9176,6.6091,0
27.810,-30,-25,-32,1500,1500,-1.21,-1.14,2.5350,1.9176,6.6091,0
27.827,-30,-25,-32,1500,1500,-1.21,-1.14,2.5350,1.9176,6.6091,0
27.844,-29,-25,-32,1500,1500,-1.21,-1.14,2.4193,2.6601,6.7605,0
27.862,-29,-24,-31,1500,1500,-1.21,-1.14,2.4193,2.6601,6.7605,0
27.882,-29,-24,-31,1500,1500,-1.21,-1.14,2.4193,2.6601,6.7605,0
27.899,-29,-22,-32,1500,1500,-1.21,-1.14,2.4193,2.6601,6.7605,0
27.918,-28,-19,-32,1500,1500,-1.21,-1.14,2.4193,2.6601,6.7605,0
27.937,-28,-20,-33,1500,1500,-1.21,-1.14,2.4193,2.6601,6.7605,0
27.954,-28,-20,-33,1500,1500,-1.21,-1.14,2.4193,2.6601,6.7605,0
27.971,-27,-20,-32,1500,1500,-1.21,-1.14,2.4193,2.6601,6.7605,0
27.988,-26,-21,-32,1500,1500,-1.21,-1.14,2.4193,2.6601,6.7605,0
28.006,-27,-23,-32,1500,1500,-1.21,-1.14,2.4193,2.6601,6.7605,0
28.023,-26,-25,-32,1500,1500,-1.21,-1.14,2.4193,2.6601,6.7605,0
28.040,-26,-26,-32,1500,1500,-0.89,-1.12,2.4193,2.6601,6.7605,0
28.057,-25,-27,-32,1500,1500,-0.89,-1.12,2.4193,2.6601,6.7605,0
28.075,-25,-28,-32,1500,1500,-0.89,-1.12,2.4193,2.6601,6.7605,0
28.092,-25,-27,-32,1500,1500,-0.89,-1.12,2.6861,2.5189,6.5119,0
28.112,-23,-27,-32,1500,1500,-0.89,-1.12,2.6861,2.5189,6.5119,0
28.130,-21,-26,-31,1500,1500,-0.89,-1.12,2.6861,2.5189,6.5119,0
28.150,-21,-24,-31,1500,1500,-0.89,-1.12,2.6861,2.5189,6.5119,0
28.168,-20,-23,-31,1500,1500,-0.89,-1.12,2.6861,2.5189,6.5119,0
28.185,-18,-22,-31,1500,1500,-0.89,-1.12,2.6861,2.5189,6.5119,0
28.203,-18,-20,-31,1500,1500,-0.89,-1.12,2.6861,2.5189,6.5119,0
28.220,-17,-19,-31,1500,1500,-0.89,-1.12,2.6861,2.5189,6.5119,0
28.237,-17,-16,-31,1500,1500,-0.89,-1.12,2.6861,2.5189,6.5119,0
28.255,-17,-14,-31,1500,1500,-0.89,-1.12,2.6861,2.5189,6.5119,0
28.272,-16,-12,-31,1500,1500,-0.89,-1.12,2.6861,2.5189,6.5119,0
28.290,-15,-8,-31,1500,1500,-0.70,-0.81,2.6861,2.5189,6.5119,0
28.308,-14,-6,-31,1500,1500,-0.70,-0.81,2.6861,2.5189,6.5119,0
28.325,-13,-6,-32,1500,1500,-0.70,-0.81,2.6861,2.5189,6.5119,0
28.342,-12,-5,-32,1500,1500,-0.70,-0.81,2.4223,2.2206,6.3487,0
28.359,-11,-6,-31,1500,1500,-0.70,-0.81,2.4223,2.2206,6.3487,0
28.377,-12,-6,-33,1500,1500,-0.70,-0.81,2.4223,2.2206,6.3487,0
28.395,-12,-7,-32,1500,1500,-0.70,-0.81,2.4223,2.2206,6.3487,0
28.412,-12,-10,-32,1500,1500,-0.70,-0.81,2.4223,2.2206,6.3487,0
28.430,-13,-12,-32,1500,1500,-0.70,-0.81,2.4223,2.2206,6.3487,0
28.447,-13,-14,-32,1500,1500,-0.70,-0.81,2.4223,2.2206,6.3487,0
28.464,-13,-14,-32,1500,1500,-0.70,-0.81,2.4223,2.2206,6.3487,0
28.481,-13,-13,-31,1500,1500,-0.70,-0.81,2.4223,2.2206,6.3487,0
28.499,-12,-12,-31,1500,1500,-0.70,-0.81,2.4223,2.2206,6.3487,0
28.518,-13,-12,-31,1500,1500,-0.70,-0.81,2.4223,2.2206,6.3487,0
28.536,-14,-10,-31,1500,1500,-0.12,-0.80,2.4223,2.2206,6.3487,0
28.554,-14,-10,-31,1500,1500,-0.12,-0.80,2.4223,2.2206,6.3487,0
28.572,-14,-10,-32,1500,1500,-0.12,-0.80,2.4223,2.2206,6.3487,0
28.589,-15,-9,-31,1500,1500,-0.12,-0.80,2.3042,2.4728,6.0535,0
28.607,-15,-10,-32,1500,1500,-0.12,-0.80,2.3042,2.4728,6.0535,0
28.626,-17,-14,-33,1500,1500,-0.12,-0.80,2.3042,2.4728,6.0535,0
28.643,-17,-15,-32,1500,1500,-0.12,-0.80,2.3042,2.4728,6.0535,0
28.662,-17,-16,-31,1500,1500,-0.12,-0.80,2.3042,2.4728,6.0535,0
28.680,-17,-16,-31,1500,1500,-0.12,-0.80,2.3042,2.4728,6.0535,0
28.697,-17,-16,-31,1500,1500,-0.12,-0.80,2.3042,2.4728,6.0535,0
28.714,-16,-16,-31,1500,1500,-0.12,-0.80,2.3042,2.4728,6.0535,0
28.735,-16,-17,-31,1500,1500,-0.12,-0.80,2.3042,2.4728,6.0535,0
28.752,-16,-17,-31,1500,1500,-0.12,-0.80,2.3042,2.4728,6.0535,0
28.770,-15,-16,-30,1500,1500,-0.12,-0.80,2.3042,2.4728,6.0535,1
28.791,-15,-16,-30,1500,1500,0.51,-1.06,2.3042,2.4728,6.0535,1
28.810,-13,-16,-30,1500,1500,0.51,-1.06,2.3042,2.4728,6.0535,1
28.827,-13,-16,-30,1500,1500,0.51,-1.06,2.3042,2.4728,6.0535,1
28.844,-12,-16,-30,1500,1500,0.51,-1.06,2.2495,3.0612,6.7817,1
28.861,-10,-15,-30,1500,1500,0.51,-1.06,2.2495,3.0612,6.7817,1
28.879,-9,-14,-30,1500,1500,0.51,-1.06,2.2495,3.0612,6.7817,1
28.896,-8,-13,-30,1500,1500,0.51,-1.06,2.2495,3.0612,6.7817,1
28.914,-7,-12,-30,1500,1500,0.51,-1.06,2.2495,3.0612,6.7817,1
28.931,-7,-12,-30,1500,1500,0.51,-1.06,2.2495,3.0612,6.7817,1
28.949,-4,-10,-31,1500,1500,0.51,-1.06,2.2495,3.0612,6.7817,0
28.967,-3,-10,-31,1500,1500,0.51,-1.06,2.2495,3.0612,6.7817,0
28.984,-2,-9,-30,1500,1500,0.51,-1.06,2.2495,3.0612,6.7817,1
29.002,-1,-8,-30,1500,1500,0.51,-1.06,2.2495,3.0612,6.7817,1
29.019,0,-5,-31,1500,1500,0.51,-1.06,2.2495,3.0612,6.7817,0
29.037,1,-2,-30,1500,1500,0.54,-0.46,2.2495,3.0612,6.7817,1
29.055,1,-1,-30,1500,1500,0.54,-0.46,2.2495,3.0612,6.7817,1
29.072,2,1,-30,1500,1500,0.54,-0.46,2.2495,3.0612,6.7817,1
29.090,2,2,-30,1500,1500,0.54,-0.46,2.2854,2.5572,7.3911,1
29.107,3,2,-31,1500,1500,0.54,-0.46,2.2854,2.5572,7.3911,0
29.126,4,3,-31,1500,1500,0.54,-0.46,2.2854,2.5572,7.3911,0
29.145,5,7,-31,1500,1500,0.54,-0.46,2.2854,2.5572,7.3911,0
29.163,5,8,-30,1500,1500,0.54,-0.46,2.2854,2.5572,7.3911,1
29.180,5,11,-30,1500,1500,0.54,-0.46,2.2854,2.5572,7.3911,1
29.198,5,11,-30,1500,1500,0.54,-0.46,2.2854,2.5572,7.3911,1
29.215,6,13,-30,1500,1500,0.54,-0.46,2.2854,2.5572,7.3911,1
29.233,6,13,-30,1500,1500,0.54,-0.46,2.2854,2.5572,7.3911,1
29.250,6,14,-30,1500,1500,0.54,-0.46,2.2854,2.5572,7.3911,1
29.267,7,16,-29,1500,1500,0.54,-0.46,2.2854,2.5572,7.3911,1
29.284,8,16,-29,1500,1500,0.45,0.22,2.2854,2.5572,7.3911,1
29.302,9,16,-28,1500,1500,0.45,0.22,2.2854,2.5572,7.3911,1
29.319,10,16,-29,1500,1500,0.45,0.22,2.2854,2.5572,7.3911,1
29.336,10,17,-28,1500,1500,0.45,0.22,2.7786,3.7085,7.0404,1
29.354,11,18,-29,1500,1500,0.45,0.22,2.7786,3.7085,7.0404,1
29.371,12,20,-28,1500,1500,0.45,0.22,2.7786,3.7085,7.0404,1
29.389,12,19,-29,1500,1500,0.45,0.22,2.7786,3.7085,7.0404,1
29.406,12,20,-29,1500,1500,0.45,0.22,2.7786,3.7085,7.0404,1
29.424,13,20,-29,1500,1500,0.45,0.22,2.7786,3.7085,7.0404,1
29.442,15,21,-29,1500,1500,0.45,0.22,2.7786,3.7085,7.0404,1
29.460,18,22,-29,1500,1500,0.45,0.22,2.7786,3.7085,7.0404,1
29.478,20,22,-28,1500,1500,0.45,0.22,2.7786,3.7085,7.0404,1
29.497,21,23,-29,1500,1500,0.45,0.22,2.7786,3.7085,7.0404,1
29.515,22,24,-29,1500,1500,0.45,0.22,2.7786,3.7085,7.0404,1
29.532,23,24,-29,1500,1500,0.11,0.21,2.7786,3.7085,7.0404,1
29.555,23,24,-29,1500,1500,0.11,0.21,2.7786,3.7085,7.0404,1
29.572,25,28,-29,1500,1500,0.11,0.21,2.7786,3.7085,7.0404,1
29.595,26,29,-29,1500,1500,0.11,0.21,2.6548,3.2154,7.1206,1
29.614,27,28,-29,1500,1500,0.11,0.21,2.6548,3.2154,7.1206,1
29.632,27,30,-30,1500,1500,0.11,0.21,2.6548,3.2154,7.1206,1
29.650,27,30,-29,1500,1500,0.11,0.21,2.6548,3.2154,7.1206,1
29.667,27,29,-29,1500,1500,0.11,0.21,2.6548,3.2154,7.1206,1
29.684,26,27,-30,1500,1500,0.11,0.21,2.6548,3.2154,7.1206,1
29.702,26,25,-30,1500,1500,0.11,0.21,2.6548,3.2154,7.1206,1
29.720,25,24,-30,1500,1500,0.11,0.21,2.6548,3.2154,7.1206,1
29.737,25,23,-31,1500,1500,0.11,0.21,2.6548,3.2154,7.1206,0
29.756,25,23,-30,1500,1500,0.11,0.21,2.6548,3.2154,7.1206,1
29.773,25,22,-30,1500,1500,0.93,0.45,2.6548,3.2154,7.1206,1
29.791,25,20,-31,1500,1500,0.93,0.45,2.6548,3.2154,7.1206,0
29.811,24,17,-31,1500,1500,0.93,0.45,2.6548,3.2154,7.1206,0
29.835,23,15,-31,1500,1500,0.93,0.45,2.3477,2.5723,6.6663,0
29.853,22,15,-31,1500,1500,0.93,0.45,2.3477,2.5723,6.6663,0
29.870,20,13,-33,1500,1500,0.93,0.45,2.3477,2.5723,6.6663,0
29.888,20,12,-34,1500,1500,0.93,0.45,2.3477,2.5723,6.6663,0
29.906,19,11,-34,1500,1500,0.93,0.45,2.3477,2.5723,6.6663,0
29.923,18,13,-33,1500,1500,0.93,0.45,2.3477,2.5723,6.6663,0
29.941,18,13,-32,1500,1500,0.93,0.45,2.3477,2.5723,6.6663,0
29.959,17,13,-32,1500,1500,0.93,0.45,2.3477,2.5723,6.6663,0
29.978,16,11,-33,1500,1500,0.93,0.45,2.3477,2.5723,6.6663,0
29.996,16,11,-33,1500,1500,0.93,0.45,2.3477,2.5723,6.6663,0
