elapsed_s,err_x_px,err_pitch_px,target_roll_us,target_pitch_us,actual_roll_deg,actual_pitch_deg,vib_x,vib_y,vib_z,aligned
0.017,54,-12,1500,1500,-0.19,1.32,2.7677,4.1439,5.8551,1
0.035,46,-12,1500,1500,-0.46,1.49,2.7677,4.1439,5.8551,1
0.052,42,-12,1500,1500,-0.46,1.49,2.7677,4.1439,5.8551,1
0.069,38,-12,1500,1500,-0.46,1.49,2.7677,4.1439,5.8551,1
0.086,30,-14,1500,1500,-0.46,1.49,2.7677,4.1439,5.8551,1
0.103,30,-14,1500,1500,-0.46,1.49,2.7677,4.1439,5.8551,1
0.122,24,-13,1500,1500,-0.46,1.49,2.7677,4.1439,5.8551,1
0.140,20,-12,1500,1500,-0.46,1.49,2.7677,4.1439,5.8551,1
0.158,17,-12,1500,1500,-0.46,1.49,2.7677,4.1439,5.8551,1
0.175,14,-12,1500,1500,-0.46,1.49,2.7677,4.1439,5.8551,1
0.192,12,-12,1500,1500,-0.46,1.49,2.7677,4.1439,5.8551,1
0.210,8,-11,1500,1500,-0.46,1.49,2.7677,4.1439,5.8551,1
0.229,5,-11,1500,1500,-0.91,1.45,2.7677,4.1439,5.8551,1
0.247,3,-11,1500,1500,-0.91,1.45,2.7677,4.1439,5.8551,1
0.264,0,-10,1500,1500,-0.91,1.45,2.7677,4.1439,5.8551,1
0.281,-2,-10,1500,1500,-0.91,1.45,2.7677,4.1439,5.8551,1
0.299,-4,-10,1500,1500,-0.91,1.45,2.7677,4.1439,5.8551,1
0.316,-6,-10,1500,1500,-0.91,1.45,2.7677,4.1439,5.8551,1
0.333,-8,-10,1500,1500,-0.91,1.45,2.7677,4.1439,5.8551,1
0.350,-9,-10,1500,1500,-0.91,1.45,2.7677,4.1439,5.8551,1
0.368,-11,-11,1500,1500,-0.91,1.45,2.7677,4.1439,5.8551,1
0.386,-12,-11,1500,1500,-0.91,1.45,2.7677,4.1439,5.8551,1
0.404,-14,-11,1500,1500,-0.91,1.45,2.7677,4.1439,5.8551,1
0.421,-16,-11,1500,1500,-0.91,1.45,2.7677,4.1439,5.8551,1
0.438,-17,-11,1500,1500,-0.91,1.45,2.7677,4.1439,5.8551,1
0.455,-17,-10,1500,1500,-0.91,1.45,2.7677,4.1439,5.8551,1
0.474,-17,-10,1500,1500,-0.91,1.45,2.7677,4.1439,5.8551,1
0.492,-17,-10,1500,1500,-0.91,1.45,2.7677,4.1439,5.8551,1
0.510,-18,-10,1500,1500,-0.91,1.45,2.7677,4.1439,5.8551,1
0.532,-18,-10,1500,1500,-1.91,0.85,2.5324,4.2843,7.0095,1
0.552,-18,-10,1500,1500,-1.91,0.85,2.5324,4.2843,7.0095,1
0.570,-17,-11,1500,1500,-1.91,0.85,2.5324,4.2843,7.0095,1
0.588,-17,-11,1500,1500,-1.91,0.85,2.5324,4.2843,7.0095,1
0.606,-16,-12,1500,1500,-1.91,0.85,2.5324,4.2843,7.0095,1
0.624,-15,-12,1500,1500,-1.91,0.85,2.5324,4.2843,7.0095,1
0.641,-15,-12,1500,1500,-1.91,0.85,2.5324,4.2843,7.0095,1
0.660,-14,-10,1500,1500,-1.91,0.85,2.5324,4.2843,7.0095,1
0.677,-13,-10,1500,1500,-1.91,0.85,2.5324,4.2843,7.0095,1
0.694,-12,-10,1500,1500,-1.91,0.85,2.5324,4.2843,7.0095,1
0.712,-12,-10,1500,1500,-2.14,0.34,2.5324,4.2843,7.0095,1
0.730,-11,-11,1500,1500,-2.14,0.34,2.5324,4.2843,7.0095,1
0.748,-10,-11,1500,1500,-2.14,0.34,2.5324,4.2843,7.0095,1
0.765,-9,-10,1500,1500,-2.14,0.34,2.5324,4.2843,7.0095,1
0.783,-8,-10,1500,1500,-2.14,0.34,2.5324,4.2843,7.0095,1
0.800,-7,-10,1500,1500,-2.14,0.34,2.5324,4.2843,7.0095,1
0.818,-7,-11,1500,1500,-2.14,0.34,2.5324,4.2843,7.0095,1
0.838,-6,-11,1500,1500,-2.14,0.34,2.5324,4.2843,7.0095,1
0.855,-4,-10,1500,1500,-2.14,0.34,2.5324,4.2843,7.0095,1
0.873,-4,-10,1500,1500,-2.14,0.34,2.5324,4.2843,7.0095,1
0.891,-3,-11,1500,1500,-2.14,0.34,2.5324,4.2843,7.0095,1
0.909,-3,-11,1500,1500,-2.14,0.34,2.5324,4.2843,7.0095,1
0.927,-2,-10,1500,1500,-2.14,0.34,2.5324,4.2843,7.0095,1
0.945,-1,-10,1500,1500,-2.14,0.34,2.5324,4.2843,7.0095,1
0.962,-1,-10,1500,1500,-2.14,0.34,2.5324,4.2843,7.0095,1
0.980,-1,-10,1500,1500,-2.14,0.34,2.5324,4.2843,7.0095,1
0.999,0,-11,1500,1500,-2.14,0.34,2.5324,4.2843,7.0095,1
1.018,0,-11,1500,1500,-2.14,0.34,2.7065,3.9321,7.3377,1
1.036,2,-10,1500,1500,-2.00,0.41,2.7065,3.9321,7.3377,1
1.053,3,-10,1500,1500,-2.00,0.41,2.7065,3.9321,7.3377,1
1.070,4,-11,1500,1500,-2.00,0.41,2.7065,3.9321,7.3377,1
1.087,5,-11,1500,1500,-2.00,0.41,2.7065,3.9321,7.3377,1
1.105,6,-11,1500,1500,-2.00,0.41,2.7065,3.9321,7.3377,1
1.122,8,-10,1500,1500,-2.00,0.41,2.7065,3.9321,7.3377,1
1.140,9,-10,1500,1500,-2.00,0.41,2.7065,3.9321,7.3377,1
1.157,11,-10,1500,1500,-2.00,0.41,2.7065,3.9321,7.3377,1
1.175,12,-11,1500,1500,-2.00,0.41,2.7065,3.9321,7.3377,1
1.192,14,-11,1500,1500,-2.00,0.41,2.7065,3.9321,7.3377,1
1.209,15,-11,1500,1500,-2.00,0.41,2.7065,3.9321,7.3377,1
1.227,16,-10,1500,1500,-2.15,1.05,2.7065,3.9321,7.3377,1
1.244,17,-10,1500,1500,-2.15,1.05,2.7065,3.9321,7.3377,1
1.262,18,-10,1500,1500,-2.15,1.05,2.7065,3.9321,7.3377,1
1.279,20,-10,1500,1500,-2.15,1.05,2.7065,3.9321,7.3377,1
1.296,21,-10,1500,1500,-2.15,1.05,2.7065,3.9321,7.3377,1
1.313,22,-10,1500,1500,-2.15,1.05,2.7065,3.9321,7.3377,1
1.331,24,-11,1500,1500,-2.15,1.05,2.7065,3.9321,7.3377,1
1.349,25,-11,1500,1500,-2.15,1.05,2.7065,3.9321,7.3377,1
1.367,27,-11,1500,1500,-2.15,1.05,2.7065,3.9321,7.3377,1
1.384,29,-11,1500,1500,-2.15,1.05,2.7065,3.9321,7.3377,1
1.401,32,-11,1500,1500,-2.15,1.05,2.7065,3.9321,7.3377,1
1.420,37,-11,1500,1500,-2.15,1.05,2.7065,3.9321,7.3377,1
1.438,40,-11,1500,1500,-2.15,1.05,2.7065,3.9321,7.3377,1
1.456,43,-11,1500,1500,-2.15,1.05,2.7065,3.9321,7.3377,1
1.474,46,-11,1500,1500,-2.15,1.05,2.7065,3.9321,7.3377,1
1.493,49,-10,1500,1500,-2.15,1.05,2.7065,3.9321,7.3377,1
1.510,53,-10,1500,1500,-2.15,1.05,2.8938,4.5345,5.5356,1
1.528,57,-10,1500,1500,-1.81,1.04,2.8938,4.5345,5.5356,1
1.545,60,-10,1500,1500,-1.81,1.04,2.8938,4.5345,5.5356,1
1.563,64,-10,1500,1500,-1.81,1.04,2.8938,4.5345,5.5356,0
1.580,68,-11,1500,1500,-1.81,1.04,2.8938,4.5345,5.5356,0
1.597,72,-11,1500,1500,-1.81,1.04,2.8938,4.5345,5.5356,0
1.614,76,-12,1500,1500,-1.81,1.04,2.8938,4.5345,5.5356,0
1.632,80,-12,1500,1500,-1.81,1.04,2.8938,4.5345,5.5356,0
1.651,85,-12,1500,1500,-1.81,1.04,2.8938,4.5345,5.5356,0
1.668,88,-11,1500,1500,-1.81,1.04,2.8938,4.5345,5.5356,0
1.686,96,-11,1500,1500,-1.81,1.04,2.8938,4.5345,5.5356,0
1.703,96,-11,1500,1500,-1.81,1.04,2.8938,4.5345,5.5356,0
1.720,104,-11,1500,1500,-1.06,0.69,2.8938,4.5345,5.5356,0
1.738,104,-11,1500,1500,-1.06,0.69,2.8938,4.5345,5.5356,0
1.755,111,-12,1500,1500,-1.06,0.69,2.8938,4.5345,5.5356,0
1.774,114,-12,1500,1500,-1.06,0.69,2.8938,4.5345,5.5356,0
1.792,117,-11,1500,1500,-1.06,0.69,2.8938,4.5345,5.5356,0
1.809,120,-11,1500,1500,-1.06,0.69,2.8938,4.5345,5.5356,0
1.826,123,-11,1500,1500,-1.06,0.69,2.8938,4.5345,5.5356,0
1.844,125,-12,1500,1500,-1.06,0.69,2.8938,4.5345,5.5356,0
1.862,128,-12,1500,1500,-1.06,0.69,2.8938,4.5345,5.5356,0
1.880,131,-12,1500,1500,-1.06,0.69,2.8938,4.5345,5.5356,0
1.898,133,-11,1500,1500,-1.06,0.69,2.8938,4.5345,5.5356,0
1.916,136,-11,1500,1500,-1.06,0.69,2.8938,4.5345,5.5356,0
1.933,139,-12,1500,1500,-1.06,0.69,2.8938,4.5345,5.5356,0
1.950,142,-12,1500,1500,-1.06,0.69,2.8938,4.5345,5.5356,0
1.967,145,-12,1500,1500,-1.06,0.69,2.8938,4.5345,5.5356,0
1.985,148,-12,1500,1500,-1.06,0.69,2.8938,4.5345,5.5356,0
2.002,152,-12,1500,1500,-1.06,0.69,2.8938,4.5345,5.5356,0
2.019,155,-12,1500,1500,-0.05,1.02,2.8822,3.5264,6.5421,0
2.037,158,-11,1500,1500,-0.05,1.02,2.8822,3.5264,6.5421,0
2.054,162,-12,1500,1500,-0.05,1.02,2.8822,3.5264,6.5421,0
2.071,169,-12,1500,1500,-0.05,1.02,2.8822,3.5264,6.5421,0
2.090,173,-12,1500,1500,-0.05,1.02,2.8822,3.5264,6.5421,0
2.108,177,-12,1500,1500,-0.05,1.02,2.8822,3.5264,6.5421,0
2.125,182,-12,1500,1500,-0.05,1.02,2.8822,3.5264,6.5421,0
2.144,187,-12,1500,1500,-0.05,1.02,2.8822,3.5264,6.5421,0
2.162,192,-12,1500,1500,-0.05,1.02,2.8822,3.5264,6.5421,0
2.179,197,-12,1500,1500,-0.05,1.02,2.8822,3.5264,6.5421,0
2.198,203,-12,1500,1500,-0.05,1.02,2.8822,3.5264,6.5421,0
2.215,203,-12,1500,1500,-0.04,0.78,2.8822,3.5264,6.5421,0
2.233,208,-13,1500,1500,-0.04,0.78,2.8822,3.5264,6.5421,0
2.250,214,-12,1500,1500,-0.04,0.78,2.8822,3.5264,6.5421,0
2.267,219,-12,1500,1500,-0.04,0.78,2.8822,3.5264,6.5421,0
2.284,229,-12,1500,1500,-0.04,0.78,2.8822,3.5264,6.5421,0
2.302,234,-12,1500,1500,-0.04,0.78,2.8822,3.5264,6.5421,0
2.319,238,-12,1500,1500,-0.04,0.78,2.8822,3.5264,6.5421,0
2.336,243,-12,1500,1500,-0.04,0.78,2.8822,3.5264,6.5421,0
2.354,252,-12,1500,1500,-0.04,0.78,2.8822,3.5264,6.5421,0
2.372,256,-12,1500,1500,-0.04,0.78,2.8822,3.5264,6.5421,0
2.391,261,-12,1500,1500,-0.04,0.78,2.8822,3.5264,6.5421,0
2.408,265,-12,1500,1500,-0.04,0.78,2.8822,3.5264,6.5421,0
2.425,269,-12,1500,1500,-0.04,0.78,2.8822,3.5264,6.5421,0
2.442,274,-12,1500,1500,-0.04,0.78,2.8822,3.5264,6.5421,0
2.460,0,0,1500,1500,-0.04,0.78,2.8822,3.5264,6.5421,0
2.477,0,0,1500,1500,-0.04,0.78,2.8822,3.5264,6.5421,0
2.495,0,0,1500,1500,-0.04,0.78,2.8822,3.5264,6.5421,0
2.514,0,0,1500,1500,-0.04,0.78,3.0313,3.4791,5.7893,0
2.532,0,0,1500,1500,0.09,1.20,3.0313,3.4791,5.7893,0
2.549,0,0,1500,1500,0.09,1.20,3.0313,3.4791,5.7893,0
2.567,0,0,1500,1500,0.09,1.20,3.0313,3.4791,5.7893,0
2.585,0,0,1500,1500,0.09,1.20,3.0313,3.4791,5.7893,0
2.602,0,0,1500,1500,0.09,1.20,3.0313,3.4791,5.7893,0
2.619,0,0,1500,1500,0.09,1.20,3.0313,3.4791,5.7893,0
2.636,0,0,1500,1500,0.09,1.20,3.0313,3.4791,5.7893,0
2.654,0,0,1500,1500,0.09,1.20,3.0313,3.4791,5.7893,0
2.671,0,0,1500,1500,0.09,1.20,3.0313,3.4791,5.7893,0
2.689,0,0,1500,1500,0.09,1.20,3.0313,3.4791,5.7893,0
2.707,0,0,1500,1500,0.06,0.35,3.0313,3.4791,5.7893,0
2.724,0,0,1500,1500,0.06,0.35,3.0313,3.4791,5.7893,0
2.741,0,0,1500,1500,0.06,0.35,3.0313,3.4791,5.7893,0
2.759,0,0,1500,1500,0.06,0.35,3.0313,3.4791,5.7893,0
2.778,0,0,1500,1500,0.06,0.35,3.0313,3.4791,5.7893,0
2.797,0,0,1500,1500,0.06,0.35,3.0313,3.4791,5.7893,0
2.814,0,0,1500,1500,0.06,0.35,3.0313,3.4791,5.7893,0
2.831,0,0,1500,1500,0.06,0.35,3.0313,3.4791,5.7893,0
2.849,0,0,1500,1500,0.06,0.35,3.0313,3.4791,5.7893,0
2.866,0,0,1500,1500,0.06,0.35,3.0313,3.4791,5.7893,0
2.884,0,0,1500,1500,0.06,0.35,3.0313,3.4791,5.7893,0
2.901,0,0,1500,1500,0.06,0.35,3.0313,3.4791,5.7893,0
2.919,0,0,1500,1500,0.06,0.35,3.0313,3.4791,5.7893,0
2.937,0,0,1500,1500,0.06,0.35,3.0313,3.4791,5.7893,0
2.954,0,0,1500,1500,0.06,0.35,3.0313,3.4791,5.7893,0
2.972,277,-19,1500,1500,0.29,-0.56,3.0313,3.4791,5.7893,0
2.991,279,-17,1500,1500,0.29,-0.56,3.0313,3.4791,5.7893,0
3.008,278,-18,1500,1500,0.29,-0.56,3.0313,3.4791,5.7893,0
3.026,279,-18,1500,1500,0.29,-0.56,2.7274,4.1134,5.1876,0
3.043,0,0,1500,1500,0.29,-0.56,2.7274,4.1134,5.1876,0
3.062,0,0,1500,1500,0.29,-0.56,2.7274,4.1134,5.1876,0
3.080,0,0,1500,1500,0.29,-0.56,2.7274,4.1134,5.1876,0
3.098,0,0,1500,1500,0.29,-0.56,2.7274,4.1134,5.1876,0
3.116,0,0,1500,1500,0.29,-0.56,2.7274,4.1134,5.1876,0
3.134,0,0,1500,1500,0.29,-0.56,2.7274,4.1134,5.1876,0
3.152,0,0,1500,1500,0.29,-0.56,2.7274,4.1134,5.1876,0
3.169,0,0,1500,1500,0.29,-0.56,2.7274,4.1134,5.1876,0
3.186,0,0,1500,1500,0.29,-0.56,2.7274,4.1134,5.1876,0
3.204,0,0,1500,1500,0.29,-0.56,2.7274,4.1134,5.1876,0
3.222,0,0,1500,1500,0.32,-0.20,2.7274,4.1134,5.1876,0
3.240,0,0,1500,1500,0.32,-0.20,2.7274,4.1134,5.1876,0
3.260,0,0,1500,1500,0.32,-0.20,2.7274,4.1134,5.1876,0
3.277,0,0,1500,1500,0.32,-0.20,3.0459,3.2514,7.7195,0
3.294,0,0,1500,1500,0.32,-0.20,3.0459,3.2514,7.7195,0
3.312,0,0,1500,1500,0.32,-0.20,3.0459,3.2514,7.7195,0
3.329,0,0,1500,1500,0.32,-0.20,3.0459,3.2514,7.7195,0
3.347,0,0,1500,1500,0.32,-0.20,3.0459,3.2514,7.7195,0
3.366,0,0,1500,1500,0.32,-0.20,3.0459,3.2514,7.7195,0
3.384,0,0,1500,1500,0.32,-0.20,3.0459,3.2514,7.7195,0
3.402,0,0,1500,1500,0.32,-0.20,3.0459,3.2514,7.7195,0
3.419,0,0,1500,1500,0.32,-0.20,3.0459,3.2514,7.7195,0
3.437,0,0,1500,1500,0.32,-0.20,3.0459,3.2514,7.7195,0
3.454,0,0,1500,1500,0.32,-0.20,3.0459,3.2514,7.7195,0
3.472,0,0,1500,1500,0.62,-0.36,3.0459,3.2514,7.7195,0
3.489,0,0,1500,1500,0.62,-0.36,3.0459,3.2514,7.7195,0
3.507,0,0,1500,1500,0.62,-0.36,3.0459,3.2514,7.7195,0
3.524,0,0,1500,1500,0.62,-0.36,2.7741,3.7025,6.9862,0
3.541,0,0,1500,1500,0.62,-0.36,2.7741,3.7025,6.9862,0
3.558,0,0,1500,1500,0.62,-0.36,2.7741,3.7025,6.9862,0
3.576,0,0,1500,1500,0.62,-0.36,2.7741,3.7025,6.9862,0
3.593,0,0,1500,1500,0.62,-0.36,2.7741,3.7025,6.9862,0
3.610,0,0,1500,1500,0.62,-0.36,2.7741,3.7025,6.9862,0
3.629,0,0,1500,1500,0.62,-0.36,2.7741,3.7025,6.9862,0
3.646,0,0,1500,1500,0.62,-0.36,2.7741,3.7025,6.9862,0
3.663,0,0,1500,1500,0.62,-0.36,2.7741,3.7025,6.9862,0
3.682,0,0,1500,1500,0.62,-0.36,2.7741,3.7025,6.9862,0
3.699,0,0,1500,1500,0.62,-0.36,2.7741,3.7025,6.9862,0
3.719,0,0,1500,1500,1.01,-0.16,2.7741,3.7025,6.9862,0
3.737,0,0,1500,1500,1.01,-0.16,2.7741,3.7025,6.9862,0
3.758,0,0,1500,1500,1.01,-0.16,2.7741,3.7025,6.9862,0
3.775,0,0,1500,1500,1.01,-0.16,2.8957,4.2008,5.8496,0
3.793,0,0,1500,1500,1.01,-0.16,2.8957,4.2008,5.8496,0
3.811,0,0,1500,1500,1.01,-0.16,2.8957,4.2008,5.8496,0
3.828,0,0,1500,1500,1.01,-0.16,2.8957,4.2008,5.8496,0
3.845,0,0,1500,1500,1.01,-0.16,2.8957,4.2008,5.8496,0
3.862,0,0,1500,1500,1.01,-0.16,2.8957,4.2008,5.8496,0
3.879,0,0,1500,1500,1.01,-0.16,2.8957,4.2008,5.8496,0
3.897,0,0,1500,1500,1.01,-0.16,2.8957,4.2008,5.8496,0
3.915,0,0,1500,1500,1.01,-0.16,2.8957,4.2008,5.8496,0
3.932,0,0,1500,1500,1.01,-0.16,2.8957,4.2008,5.8496,0
3.949,0,0,1500,1500,1.01,-0.16,2.8957,4.2008,5.8496,0
3.966,0,0,1500,1500,1.25,0.13,2.8957,4.2008,5.8496,0
3.983,0,0,1500,1500,1.25,0.13,2.8957,4.2008,5.8496,0
4.000,0,0,1500,1500,1.25,0.13,2.8957,4.2008,5.8496,0
4.018,0,0,1500,1500,1.25,0.13,2.5940,3.7092,6.5587,0
4.035,0,0,1500,1500,1.25,0.13,2.5940,3.7092,6.5587,0
4.053,0,0,1500,1500,1.25,0.13,2.5940,3.7092,6.5587,0
4.070,0,0,1500,1500,1.25,0.13,2.5940,3.7092,6.5587,0
4.089,0,0,1500,1500,1.25,0.13,2.5940,3.7092,6.5587,0
4.106,0,0,1500,1500,1.25,0.13,2.5940,3.7092,6.5587,0
4.123,0,0,1500,1500,1.25,0.13,2.5940,3.7092,6.5587,0
4.140,0,0,1500,1500,1.25,0.13,2.5940,3.7092,6.5587,0
4.158,0,0,1500,1500,1.25,0.13,2.5940,3.7092,6.5587,0
4.175,0,0,1500,1500,1.25,0.13,2.5940,3.7092,6.5587,0
4.192,0,0,1500,1500,1.25,0.13,2.5940,3.7092,6.5587,0
4.210,0,0,1500,1500,0.99,0.25,2.5940,3.7092,6.5587,0
4.227,0,0,1500,1500,0.99,0.25,2.5940,3.7092,6.5587,0
4.244,0,0,1500,1500,0.99,0.25,2.5940,3.7092,6.5587,0
4.262,0,0,1500,1500,0.99,0.25,2.5940,3.7092,6.5587,0
4.279,0,0,1500,1500,0.99,0.25,2.7485,3.9539,6.0559,0
4.296,0,0,1500,1500,0.99,0.25,2.7485,3.9539,6.0559,0
4.314,0,0,1500,1500,0.99,0.25,2.7485,3.9539,6.0559,0
4.331,0,0,1500,1500,0.99,0.25,2.7485,3.9539,6.0559,0
4.348,0,0,1500,1500,0.99,0.25,2.7485,3.9539,6.0559,0
4.365,0,0,1500,1500,0.99,0.25,2.7485,3.9539,6.0559,0
4.382,0,0,1500,1500,0.99,0.25,2.7485,3.9539,6.0559,0
4.400,0,0,1500,1500,0.99,0.25,2.7485,3.9539,6.0559,0
4.417,0,0,1500,1500,0.99,0.25,2.7485,3.9539,6.0559,0
4.434,0,0,1500,1500,0.99,0.25,2.7485,3.9539,6.0559,0
4.454,0,0,1500,1500,0.99,0.25,2.7485,3.9539,6.0559,0
4.471,0,0,1500,1500,1.25,0.79,2.7485,3.9539,6.0559,0
4.489,0,0,1500,1500,1.25,0.79,2.7485,3.9539,6.0559,0
4.507,0,0,1500,1500,1.25,0.79,2.7485,3.9539,6.0559,0
4.524,0,0,1500,1500,1.25,0.79,2.6855,3.5439,6.0725,0
4.542,0,0,1500,1500,1.25,0.79,2.6855,3.5439,6.0725,0
4.559,0,0,1500,1500,1.25,0.79,2.6855,3.5439,6.0725,0
4.576,0,0,1500,1500,1.25,0.79,2.6855,3.5439,6.0725,0
4.594,0,0,1500,1500,1.25,0.79,2.6855,3.5439,6.0725,0
4.611,0,0,1500,1500,1.25,0.79,2.6855,3.5439,6.0725,0
4.629,0,0,1500,1500,1.25,0.79,2.6855,3.5439,6.0725,0
4.646,0,0,1500,1500,1.25,0.79,2.6855,3.5439,6.0725,0
4.665,0,0,1500,1500,1.25,0.79,2.6855,3.5439,6.0725,0
4.684,0,0,1500,1500,1.25,0.79,2.6855,3.5439,6.0725,0
4.702,0,0,1500,1500,1.25,0.79,2.6855,3.5439,6.0725,0
4.719,0,0,1500,1500,1.42,1.02,2.6855,3.5439,6.0725,0
4.739,0,0,1500,1500,1.42,1.02,2.6855,3.5439,6.0725,0
4.757,0,0,1500,1500,1.42,1.02,2.6855,3.5439,6.0725,0
4.775,0,0,1500,1500,1.42,1.02,2.7913,3.4424,6.4206,0
4.792,0,0,1500,1500,1.42,1.02,2.7913,3.4424,6.4206,0
4.809,0,0,1500,1500,1.42,1.02,2.7913,3.4424,6.4206,0
4.827,0,0,1500,1500,1.42,1.02,2.7913,3.4424,6.4206,0
4.845,0,0,1500,1500,1.42,1.02,2.7913,3.4424,6.4206,0
4.863,0,0,1500,1500,1.42,1.02,2.7913,3.4424,6.4206,0
4.880,0,0,1500,1500,1.42,1.02,2.7913,3.4424,6.4206,0
4.898,0,0,1500,1500,1.42,1.02,2.7913,3.4424,6.4206,0
4.916,0,0,1500,1500,1.42,1.02,2.7913,3.4424,6.4206,0
4.933,0,0,1500,1500,1.42,1.02,2.7913,3.4424,6.4206,0
4.954,0,0,1500,1500,0.53,1.16,2.7913,3.4424,6.4206,0
4.972,0,0,1500,1500,0.53,1.16,2.7913,3.4424,6.4206,0
4.990,0,0,1500,1500,0.53,1.16,2.7913,3.4424,6.4206,0
5.008,0,0,1500,1500,0.53,1.16,2.7913,3.4424,6.4206,0
5.025,0,0,1500,1500,0.53,1.16,2.8272,3.6478,6.7347,0
5.045,0,0,1500,1500,0.53,1.16,2.8272,3.6478,6.7347,0
5.062,0,0,1500,1500,0.53,1.16,2.8272,3.6478,6.7347,0
5.080,0,0,1500,1500,0.53,1.16,2.8272,3.6478,6.7347,0
5.097,0,0,1500,1500,0.53,1.16,2.8272,3.6478,6.7347,0
5.114,0,0,1500,1500,0.53,1.16,2.8272,3.6478,6.7347,0
5.132,0,0,1500,1500,0.53,1.16,2.8272,3.6478,6.7347,0
5.149,0,0,1500,1500,0.53,1.16,2.8272,3.6478,6.7347,0
5.167,0,0,1500,1500,0.53,1.16,2.8272,3.6478,6.7347,0
5.184,0,0,1500,1500,0.53,1.16,2.8272,3.6478,6.7347,0
5.202,0,0,1500,1500,0.15,1.25,2.8272,3.6478,6.7347,0
5.219,0,0,1500,1500,0.15,1.25,2.8272,3.6478,6.7347,0
5.237,0,0,1500,1500,0.15,1.25,2.8272,3.6478,6.7347,0
5.257,0,0,1500,1500,0.15,1.25,2.8272,3.6478,6.7347,0
5.275,0,0,1500,1500,0.15,1.25,2.8621,3.8815,6.3957,0
5.293,0,0,1500,1500,0.15,1.25,2.8621,3.8815,6.3957,0
5.310,0,0,1500,1500,0.15,1.25,2.8621,3.8815,6.3957,0
5.328,0,0,1500,1500,0.15,1.25,2.8621,3.8815,6.3957,0
5.347,0,0,1500,1500,0.15,1.25,2.8621,3.8815,6.3957,0
5.364,0,0,1500,1500,0.15,1.25,2.8621,3.8815,6.3957,0
5.383,0,0,1500,1500,0.15,1.25,2.8621,3.8815,6.3957,0
5.400,0,0,1500,1500,0.15,1.25,2.8621,3.8815,6.3957,0
5.417,0,0,1500,1500,0.15,1.25,2.8621,3.8815,6.3957,0
5.436,0,0,1500,1500,0.15,1.25,2.8621,3.8815,6.3957,0
5.454,0,0,1500,1500,-0.42,1.23,2.8621,3.8815,6.3957,0
5.475,0,0,1500,1500,-0.42,1.23,2.8621,3.8815,6.3957,0
5.493,0,0,1500,1500,-0.42,1.23,2.8621,3.8815,6.3957,0
5.511,0,0,1500,1500,-0.42,1.23,2.8621,3.8815,6.3957,0
5.528,0,0,1500,1500,-0.42,1.23,2.8821,4.0481,6.7561,0
5.546,0,0,1500,1500,-0.42,1.23,2.8821,4.0481,6.7561,0
5.564,0,0,1500,1500,-0.42,1.23,2.8821,4.0481,6.7561,0
5.581,0,0,1500,1500,-0.42,1.23,2.8821,4.0481,6.7561,0
5.598,0,0,1500,1500,-0.42,1.23,2.8821,4.0481,6.7561,0
5.616,0,0,1500,1500,-0.42,1.23,2.8821,4.0481,6.7561,0
5.633,0,0,1500,1500,-0.42,1.23,2.8821,4.0481,6.7561,0
5.651,0,0,1500,1500,-0.42,1.23,2.8821,4.0481,6.7561,0
5.668,0,0,1500,1500,-0.42,1.23,2.8821,4.0481,6.7561,0
5.686,0,0,1500,1500,-0.42,1.23,2.8821,4.0481,6.7561,0
5.703,0,0,1500,1500,-0.54,0.77,2.8821,4.0481,6.7561,0
5.722,0,0,1500,1500,-0.54,0.77,2.8821,4.0481,6.7561,0
5.740,0,0,1500,1500,-0.54,0.77,2.8821,4.0481,6.7561,0
5.757,0,0,1500,1500,-0.54,0.77,2.8821,4.0481,6.7561,0
5.775,0,0,1500,1500,-0.54,0.77,2.9313,4.3001,6.2381,0
5.794,0,0,1500,1500,-0.54,0.77,2.9313,4.3001,6.2381,0
5.811,0,0,1500,1500,-0.54,0.77,2.9313,4.3001,6.2381,0
5.828,0,0,1500,1500,-0.54,0.77,2.9313,4.3001,6.2381,0
5.846,0,0,1500,1500,-0.54,0.77,2.9313,4.3001,6.2381,0
5.863,0,0,1500,1500,-0.54,0.77,2.9313,4.3001,6.2381,0
5.882,0,0,1500,1500,-0.54,0.77,2.9313,4.3001,6.2381,0
5.899,0,0,1500,1500,-0.54,0.77,2.9313,4.3001,6.2381,0
5.917,0,0,1500,1500,-0.54,0.77,2.9313,4.3001,6.2381,0
5.935,0,0,1500,1500,-0.54,0.77,2.9313,4.3001,6.2381,0
5.954,0,0,1500,1500,-0.02,0.26,2.9313,4.3001,6.2381,0
5.971,0,0,1500,1500,-0.02,0.26,2.9313,4.3001,6.2381,0
5.990,0,0,1500,1500,-0.02,0.26,2.9313,4.3001,6.2381,0
6.007,0,0,1500,1500,-0.02,0.26,2.9313,4.3001,6.2381,0
6.025,0,0,1500,1500,-0.02,0.26,2.8273,3.8340,7.5216,0
6.044,0,0,1500,1500,-0.02,0.26,2.8273,3.8340,7.5216,0
6.062,0,0,1500,1500,-0.02,0.26,2.8273,3.8340,7.5216,0
6.080,0,0,1500,1500,-0.02,0.26,2.8273,3.8340,7.5216,0
6.097,0,0,1500,1500,-0.02,0.26,2.8273,3.8340,7.5216,0
6.115,0,0,1500,1500,-0.02,0.26,2.8273,3.8340,7.5216,0
6.133,0,0,1500,1500,-0.02,0.26,2.8273,3.8340,7.5216,0
6.150,0,0,1500,1500,-0.02,0.26,2.8273,3.8340,7.5216,0
6.167,0,0,1500,1500,-0.02,0.26,2.8273,3.8340,7.5216,0
6.184,0,0,1500,1500,-0.02,0.26,2.8273,3.8340,7.5216,0
6.202,0,0,1500,1500,0.99,1.11,2.8273,3.8340,7.5216,0
6.220,0,0,1500,1500,0.99,1.11,2.8273,3.8340,7.5216,0
6.238,0,0,1500,1500,0.99,1.11,2.8273,3.8340,7.5216,0
6.255,0,0,1500,1500,0.99,1.11,2.8273,3.8340,7.5216,0
6.273,0,0,1500,1500,0.99,1.11,2.8462,4.0163,6.1740,0
6.291,0,0,1500,1500,0.99,1.11,2.8462,4.0163,6.1740,0
6.308,0,0,1500,1500,0.99,1.11,2.8462,4.0163,6.1740,0
6.326,0,0,1500,1500,0.99,1.11,2.8462,4.0163,6.1740,0
6.345,0,0,1500,1500,0.99,1.11,2.8462,4.0163,6.1740,0
6.363,0,0,1500,1500,0.99,1.11,2.8462,4.0163,6.1740,0
6.382,0,0,1500,1500,0.99,1.11,2.8462,4.0163,6.1740,0
6.400,0,0,1500,1500,0.99,1.11,2.8462,4.0163,6.1740,0
6.418,0,0,1500,1500,0.99,1.11,2.8462,4.0163,6.1740,0
6.435,0,0,1500,1500,0.99,1.11,2.8462,4.0163,6.1740,0
6.453,0,0,1500,1500,1.28,1.58,2.8462,4.0163,6.1740,0
6.471,0,0,1500,1500,1.28,1.58,2.8462,4.0163,6.1740,0
6.488,0,0,1500,1500,1.28,1.58,2.8462,4.0163,6.1740,0
6.505,0,0,1500,1500,1.28,1.58,2.8462,4.0163,6.1740,0
6.523,0,0,1500,1500,1.28,1.58,2.9539,4.3147,6.7237,0
6.540,0,0,1500,1500,1.28,1.58,2.9539,4.3147,6.7237,0
6.557,0,0,1500,1500,1.28,1.58,2.9539,4.3147,6.7237,0
6.575,0,0,1500,1500,1.28,1.58,2.9539,4.3147,6.7237,0
6.593,0,0,1500,1500,1.28,1.58,2.9539,4.3147,6.7237,0
6.610,0,0,1500,1500,1.28,1.58,2.9539,4.3147,6.7237,0
6.629,0,0,1500,1500,1.28,1.58,2.9539,4.3147,6.7237,0
6.647,0,0,1500,1500,1.28,1.58,2.9539,4.3147,6.7237,0
6.666,0,0,1500,1500,1.28,1.58,2.9539,4.3147,6.7237,0
6.683,0,0,1500,1500,1.28,1.58,2.9539,4.3147,6.7237,0
6.700,0,0,1500,1500,0.98,0.82,2.9539,4.3147,6.7237,0
6.718,0,0,1500,1500,0.98,0.82,2.9539,4.3147,6.7237,0
6.735,0,0,1500,1500,0.98,0.82,2.9539,4.3147,6.7237,0
6.752,0,0,1500,1500,0.98,0.82,2.9539,4.3147,6.7237,0
6.770,0,0,1500,1500,0.98,0.82,3.0345,4.9035,8.8908,0
6.787,0,0,1500,1500,0.98,0.82,3.0345,4.9035,8.8908,0
6.805,0,0,1500,1500,0.98,0.82,3.0345,4.9035,8.8908,0
6.822,0,0,1500,1500,0.98,0.82,3.0345,4.9035,8.8908,0
6.841,0,0,1500,1500,0.98,0.82,3.0345,4.9035,8.8908,0
6.859,0,0,1500,1500,0.98,0.82,3.0345,4.9035,8.8908,0
6.877,0,0,1500,1500,0.98,0.82,3.0345,4.9035,8.8908,0
6.895,0,0,1500,1500,0.98,0.82,3.0345,4.9035,8.8908,0
6.914,0,0,1500,1500,0.98,0.82,3.0345,4.9035,8.8908,0
6.931,0,0,1500,1500,0.98,0.82,3.0345,4.9035,8.8908,0
6.949,0,0,1500,1500,0.98,0.82,3.0345,4.9035,8.8908,0
6.967,0,0,1500,1500,0.69,0.66,3.0345,4.9035,8.8908,0
6.984,0,0,1500,1500,0.69,0.66,3.0345,4.9035,8.8908,0
7.002,0,0,1500,1500,0.69,0.66,3.0345,4.9035,8.8908,0
7.019,0,0,1500,1500,0.69,0.66,3.1368,5.7922,8.4096,0
7.036,0,0,1500,1500,0.69,0.66,3.1368,5.7922,8.4096,0
7.053,0,0,1500,1500,0.69,0.66,3.1368,5.7922,8.4096,0
7.070,0,0,1500,1500,0.69,0.66,3.1368,5.7922,8.4096,0
7.087,0,0,1500,1500,0.69,0.66,3.1368,5.7922,8.4096,0
7.107,0,0,1500,1500,0.69,0.66,3.1368,5.7922,8.4096,0
7.125,0,0,1500,1500,0.69,0.66,3.1368,5.7922,8.4096,0
7.142,0,0,1500,1500,0.69,0.66,3.1368,5.7922,8.4096,0
7.160,0,0,1500,1500,0.69,0.66,3.1368,5.7922,8.4096,0
7.177,0,0,1500,1500,0.69,0.66,3.1368,5.7922,8.4096,0
7.194,0,0,1500,1500,0.69,0.66,3.1368,5.7922,8.4096,0
7.212,0,0,1500,1500,0.39,0.76,3.1368,5.7922,8.4096,0
7.230,0,0,1500,1500,0.39,0.76,3.1368,5.7922,8.4096,0
7.247,0,0,1500,1500,0.39,0.76,3.1368,5.7922,8.4096,0
7.264,0,0,1500,1500,0.39,0.76,3.3326,5.6108,8.4195,0
7.282,0,0,1500,1500,0.39,0.76,3.3326,5.6108,8.4195,0
7.299,0,0,1500,1500,0.39,0.76,3.3326,5.6108,8.4195,0
7.316,189,-6,1500,1500,0.39,0.76,3.3326,5.6108,8.4195,0
7.334,187,-6,1500,1500,0.39,0.76,3.3326,5.6108,8.4195,0
7.351,186,-6,1500,1500,0.39,0.76,3.3326,5.6108,8.4195,0
7.368,184,-7,1500,1500,0.39,0.76,3.3326,5.6108,8.4195,0
7.386,183,-6,1500,1500,0.39,0.76,3.3326,5.6108,8.4195,0
7.404,183,-7,1500,1500,0.39,0.76,3.3326,5.6108,8.4195,0
7.421,183,-7,1500,1500,0.39,0.76,3.3326,5.6108,8.4195,0
7.438,184,-7,1500,1500,0.39,0.76,3.3326,5.6108,8.4195,0
7.456,185,-7,1500,1500,0.12,0.54,3.3326,5.6108,8.4195,0
7.474,185,-7,1500,1500,0.12,0.54,3.3326,5.6108,8.4195,0
7.497,186,-8,1500,1500,0.12,0.54,3.3326,5.6108,8.4195,0
7.515,187,-8,1500,1500,0.12,0.54,3.1990,4.9623,8.4400,0
7.532,188,-8,1500,1500,0.12,0.54,3.1990,4.9623,8.4400,0
7.550,191,-8,1500,1500,0.12,0.54,3.1990,4.9623,8.4400,0
7.567,192,-9,1500,1500,0.12,0.54,3.1990,4.9623,8.4400,0
7.584,193,-10,1500,1500,0.12,0.54,3.1990,4.9623,8.4400,0
7.601,194,-10,1500,1500,0.12,0.54,3.1990,4.9623,8.4400,0
7.618,194,-9,1500,1500,0.12,0.54,3.1990,4.9623,8.4400,0
7.635,194,-8,1500,1500,0.12,0.54,3.1990,4.9623,8.4400,0
7.652,195,-8,1500,1500,0.12,0.54,3.1990,4.9623,8.4400,0
7.669,195,-8,1500,1500,0.12,0.54,3.1990,4.9623,8.4400,0
7.686,195,-9,1500,1500,0.12,0.54,3.1990,4.9623,8.4400,0
7.704,196,-9,1500,1500,0.02,0.75,3.1990,4.9623,8.4400,0
7.722,196,-9,1500,1500,0.02,0.75,3.1990,4.9623,8.4400,0
7.740,196,-9,1500,1500,0.02,0.75,3.1990,4.9623,8.4400,0
7.757,197,-9,1500,1500,0.02,0.75,3.1990,4.9623,8.4400,0
7.774,197,-9,1500,1500,0.02,0.75,2.6890,4.1658,6.2604,0
7.792,198,-10,1500,1500,0.02,0.75,2.6890,4.1658,6.2604,0
7.810,198,-10,1500,1500,0.02,0.75,2.6890,4.1658,6.2604,0
7.829,198,-10,1500,1500,0.02,0.75,2.6890,4.1658,6.2604,0
7.847,199,-10,1500,1500,0.02,0.75,2.6890,4.1658,6.2604,0
7.864,199,-10,1500,1500,0.02,0.75,2.6890,4.1658,6.2604,0
7.882,200,-11,1500,1500,0.02,0.75,2.6890,4.1658,6.2604,0
7.899,200,-11,1500,1500,0.02,0.75,2.6890,4.1658,6.2604,0
7.917,200,-12,1500,1500,0.02,0.75,2.6890,4.1658,6.2604,0
7.934,200,-12,1500,1500,0.02,0.75,2.6890,4.1658,6.2604,0
7.951,200,-12,1500,1500,0.35,0.34,2.6890,4.1658,6.2604,0
7.968,200,-12,1500,1500,0.35,0.34,2.6890,4.1658,6.2604,0
7.986,200,-12,1500,1500,0.35,0.34,2.6890,4.1658,6.2604,0
8.004,200,-12,1500,1500,0.35,0.34,2.6890,4.1658,6.2604,0
8.021,199,-11,1500,1500,0.35,0.34,3.1289,3.4570,8.3001,0
8.039,199,-11,1500,1500,0.35,0.34,3.1289,3.4570,8.3001,0
8.057,198,-12,1500,1500,0.35,0.34,3.1289,3.4570,8.3001,0
8.077,196,-12,1500,1500,0.35,0.34,3.1289,3.4570,8.3001,0
8.095,195,-13,1500,1500,0.35,0.34,3.1289,3.4570,8.3001,0
8.113,193,-13,1500,1500,0.35,0.34,3.1289,3.4570,8.3001,0
8.133,189,-13,1500,1500,0.35,0.34,3.1289,3.4570,8.3001,0
8.150,187,-13,1500,1500,0.35,0.34,3.1289,3.4570,8.3001,0
8.167,186,-13,1500,1500,0.35,0.34,3.1289,3.4570,8.3001,0
8.184,184,-13,1500,1500,0.35,0.34,3.1289,3.4570,8.3001,0
8.202,182,-13,1500,1500,1.06,-0.37,3.1289,3.4570,8.3001,0
8.220,180,-14,1500,1500,1.06,-0.37,3.1289,3.4570,8.3001,0
8.237,179,-15,1500,1500,1.06,-0.37,3.1289,3.4570,8.3001,0
8.254,177,-15,1500,1500,1.06,-0.37,3.1289,3.4570,8.3001,0
8.271,176,-16,1500,1500,1.06,-0.37,2.5975,4.4953,5.8958,0
8.288,175,-16,1500,1500,1.06,-0.37,2.5975,4.4953,5.8958,0
8.305,174,-16,1500,1500,1.06,-0.37,2.5975,4.4953,5.8958,0
8.323,173,-15,1500,1500,1.06,-0.37,2.5975,4.4953,5.8958,0
8.341,173,-16,1500,1500,1.06,-0.37,2.5975,4.4953,5.8958,0
8.360,172,-15,1500,1500,1.06,-0.37,2.5975,4.4953,5.8958,0
8.378,171,-15,1500,1500,1.06,-0.37,2.5975,4.4953,5.8958,0
8.395,170,-14,1500,1500,1.06,-0.37,2.5975,4.4953,5.8958,0
8.413,167,-15,1500,1500,1.06,-0.37,2.5975,4.4953,5.8958,0
8.431,165,-16,1500,1500,1.06,-0.37,2.5975,4.4953,5.8958,0
8.448,165,-16,1500,1500,0.90,-0.09,2.5975,4.4953,5.8958,0
8.465,164,-17,1500,1500,0.90,-0.09,2.5975,4.4953,5.8958,0
8.484,162,-17,1500,1500,0.90,-0.09,2.5975,4.4953,5.8958,0
8.501,158,-16,1500,1500,0.90,-0.09,2.5975,4.4953,5.8958,0
8.518,155,-16,1500,1500,0.90,-0.09,3.1228,4.4221,8.4480,0
8.536,153,-15,1500,1500,0.90,-0.09,3.1228,4.4221,8.4480,0
8.553,151,-15,1500,1500,0.90,-0.09,3.1228,4.4221,8.4480,0
8.570,148,-15,1500,1500,0.90,-0.09,3.1228,4.4221,8.4480,0
8.588,146,-16,1500,1500,0.90,-0.09,3.1228,4.4221,8.4480,0
8.608,143,-17,1500,1500,0.90,-0.09,3.1228,4.4221,8.4480,0
8.625,140,-18,1500,1500,0.90,-0.09,3.1228,4.4221,8.4480,0
8.642,137,-18,1500,1500,0.90,-0.09,3.1228,4.4221,8.4480,0
8.660,134,-17,1500,1500,0.90,-0.09,3.1228,4.4221,8.4480,0
8.678,129,-17,1500,1500,0.90,-0.09,3.1228,4.4221,8.4480,0
8.698,126,-15,1500,1500,0.87,0.30,3.1228,4.4221,8.4480,0
8.715,123,-16,1500,1500,0.87,0.30,3.1228,4.4221,8.4480,0
8.732,123,-16,1500,1500,0.87,0.30,3.1228,4.4221,8.4480,0
8.749,118,-17,1500,1500,0.87,0.30,3.1228,4.4221,8.4480,0
8.770,115,-17,1500,1500,0.87,0.30,2.8425,4.7911,7.7407,0
8.787,112,-17,1500,1500,0.87,0.30,2.8425,4.7911,7.7407,0
8.805,110,-17,1500,1500,0.87,0.30,2.8425,4.7911,7.7407,0
8.823,107,-16,1500,1500,0.87,0.30,2.8425,4.7911,7.7407,0
8.843,104,-17,1500,1500,0.87,0.30,2.8425,4.7911,7.7407,0
8.861,102,-17,1500,1500,0.87,0.30,2.8425,4.7911,7.7407,0
8.880,99,-18,1500,1500,0.87,0.30,2.8425,4.7911,7.7407,0
8.897,97,-16,1500,1500,0.87,0.30,2.8425,4.7911,7.7407,0
8.915,92,-16,1500,1500,0.87,0.30,2.8425,4.7911,7.7407,0
8.933,90,-17,1500,1500,0.87,0.30,2.8425,4.7911,7.7407,0
8.950,89,-16,1500,1500,-0.43,0.65,2.8425,4.7911,7.7407,0
8.968,86,-16,1500,1500,-0.43,0.65,2.8425,4.7911,7.7407,0
8.985,84,-16,1500,1500,-0.43,0.65,2.8425,4.7911,7.7407,0
9.003,83,-17,1500,1500,-0.43,0.65,2.8425,4.7911,7.7407,0
9.020,81,-17,1500,1500,-0.43,0.65,3.1328,5.5613,8.7088,0
9.039,81,-16,1500,1500,-0.43,0.65,3.1328,5.5613,8.7088,0
9.056,79,-16,1500,1500,-0.43,0.65,3.1328,5.5613,8.7088,0
9.073,78,-16,1500,1500,-0.43,0.65,3.1328,5.5613,8.7088,0
9.090,76,-17,1500,1500,-0.43,0.65,3.1328,5.5613,8.7088,0
9.108,75,-16,1500,1500,-0.43,0.65,3.1328,5.5613,8.7088,0
9.125,74,-16,1500,1500,-0.43,0.65,3.1328,5.5613,8.7088,0
9.144,73,-16,1500,1500,-0.43,0.65,3.1328,5.5613,8.7088,0
9.163,72,-17,1500,1500,-0.43,0.65,3.1328,5.5613,8.7088,0
9.180,71,-17,1500,1500,-0.43,0.65,3.1328,5.5613,8.7088,0
9.198,69,-17,1500,1500,-0.57,0.54,3.1328,5.5613,8.7088,0
9.216,68,-16,1500,1500,-0.57,0.54,3.1328,5.5613,8.7088,0
9.234,67,-16,1500,1500,-0.57,0.54,3.1328,5.5613,8.7088,0
9.251,67,-17,1500,1500,-0.57,0.54,3.1328,5.5613,8.7088,0
9.269,67,-17,1500,1500,-0.57,0.54,2.8906,5.7079,8.4741,0
9.286,67,-18,1500,1500,-0.57,0.54,2.8906,5.7079,8.4741,0
9.305,66,-16,1500,1500,-0.57,0.54,2.8906,5.7079,8.4741,0
9.322,66,-16,1500,1500,-0.57,0.54,2.8906,5.7079,8.4741,0
9.342,66,-16,1500,1500,-0.57,0.54,2.8906,5.7079,8.4741,0
9.359,66,-16,1500,1500,-0.57,0.54,2.8906,5.7079,8.4741,0
9.377,66,-16,1500,1500,-0.57,0.54,2.8906,5.7079,8.4741,0
9.396,65,-17,1500,1500,-0.57,0.54,2.8906,5.7079,8.4741,0
9.414,65,-17,1500,1500,-0.57,0.54,2.8906,5.7079,8.4741,0
9.435,65,-16,1500,1500,-0.57,0.54,2.8906,5.7079,8.4741,0
9.454,65,-16,1500,1500,-0.59,0.43,2.8906,5.7079,8.4741,0
9.471,65,-16,1500,1500,-0.59,0.43,2.8906,5.7079,8.4741,0
9.492,64,-16,1500,1500,-0.59,0.43,2.8906,5.7079,8.4741,0
9.509,64,-16,1500,1500,-0.59,0.43,2.9909,5.8105,8.2060,0
9.527,64,-17,1500,1500,-0.59,0.43,2.9909,5.8105,8.2060,0
9.546,64,-18,1500,1500,-0.59,0.43,2.9909,5.8105,8.2060,0
9.563,63,-18,1500,1500,-0.59,0.43,2.9909,5.8105,8.2060,0
9.581,63,-18,1500,1500,-0.59,0.43,2.9909,5.8105,8.2060,0
9.598,62,-17,1500,1500,-0.59,0.43,2.9909,5.8105,8.2060,0
9.615,61,-17,1500,1500,-0.59,0.43,2.9909,5.8105,8.2060,0
9.634,60,-18,1500,1500,-0.59,0.43,2.9909,5.8105,8.2060,1
9.651,60,-18,1500,1500,-0.59,0.43,2.9909,5.8105,8.2060,1
9.669,59,-19,1500,1500,-0.59,0.43,2.9909,5.8105,8.2060,1
9.686,59,-18,1500,1500,-0.59,0.43,2.9909,5.8105,8.2060,1
9.703,58,-17,1500,1500,-0.80,0.02,2.9909,5.8105,8.2060,1
9.720,58,-17,1500,1500,-0.80,0.02,2.9909,5.8105,8.2060,1
9.738,57,-17,1500,1500,-0.80,0.02,2.9909,5.8105,8.2060,1
9.755,57,-18,1500,1500,-0.80,0.02,3.1788,7.3062,9.0204,1
9.773,58,-17,1500,1500,-0.80,0.02,3.1788,7.3062,9.0204,1
9.790,59,-17,1500,1500,-0.80,0.02,3.1788,7.3062,9.0204,1
9.807,59,-18,1500,1500,-0.80,0.02,3.1788,7.3062,9.0204,1
9.825,61,-18,1500,1500,-0.80,0.02,3.1788,7.3062,9.0204,0
9.842,62,-17,1500,1500,-0.80,0.02,3.1788,7.3062,9.0204,0
9.859,64,-17,1500,1500,-0.80,0.02,3.1788,7.3062,9.0204,0
9.877,68,-18,1500,1500,-0.80,0.02,3.1788,7.3062,9.0204,0
9.895,71,-18,1500,1500,-0.80,0.02,3.1788,7.3062,9.0204,0
9.912,73,-17,1500,1500,-0.80,0.02,3.1788,7.3062,9.0204,0
9.930,76,-17,1500,1500,-0.80,0.02,3.1788,7.3062,9.0204,0
9.947,76,-17,1500,1500,-1.26,-0.35,3.1788,7.3062,9.0204,0
9.964,79,-18,1500,1500,-1.26,-0.35,3.1788,7.3062,9.0204,0
9.981,82,-19,1500,1500,-1.26,-0.35,3.1788,7.3062,9.0204,0
9.998,85,-17,1500,1500,-1.26,-0.35,3.1788,7.3062,9.0204,0
10.015,88,-17,1500,1500,-1.26,-0.35,3.3657,9.9474,10.1571,0
10.033,92,-17,1500,1500,-1.26,-0.35,3.3657,9.9474,10.1571,0
10.053,98,-17,1500,1500,-1.26,-0.35,3.3657,9.9474,10.1571,0
10.070,101,-18,1500,1500,-1.26,-0.35,3.3657,9.9474,10.1571,0
10.087,104,-18,1500,1500,-1.26,-0.35,3.3657,9.9474,10.1571,0
10.104,108,-18,1500,1500,-1.26,-0.35,3.3657,9.9474,10.1571,0
10.121,111,-19,1500,1500,-1.26,-0.35,3.3657,9.9474,10.1571,0
10.139,114,-19,1500,1500,-1.26,-0.35,3.3657,9.9474,10.1571,0
10.156,117,-19,1500,1500,-1.26,-0.35,3.3657,9.9474,10.1571,0
10.174,120,-19,1500,1500,-1.26,-0.35,3.3657,9.9474,10.1571,0
10.192,123,-19,1500,1500,-1.26,-0.35,3.3657,9.9474,10.1571,0
10.209,126,-19,1500,1500,-0.28,0.18,3.3657,9.9474,10.1571,0
10.227,129,-19,1500,1500,-0.28,0.18,3.3657,9.9474,10.1571,0
10.244,132,-19,1500,1500,-0.28,0.18,3.3657,9.9474,10.1571,0
10.267,135,-19,1500,1500,-0.28,0.18,3.1869,4.9610,9.8015,0
10.284,141,-18,1500,1500,-0.28,0.18,3.1869,4.9610,9.8015,0
10.302,144,-18,1500,1500,-0.28,0.18,3.1869,4.9610,9.8015,0
10.319,147,-18,1500,1500,-0.28,0.18,3.1869,4.9610,9.8015,0
10.337,150,-18,1500,1500,-0.28,0.18,3.1869,4.9610,9.8015,0
10.354,153,-17,1500,1500,-0.28,0.18,3.1869,4.9610,9.8015,0
10.372,156,-16,1500,1500,-0.28,0.18,3.1869,4.9610,9.8015,0
10.391,159,-16,1500,1500,-0.28,0.18,3.1869,4.9610,9.8015,0
10.409,161,-16,1500,1500,-0.28,0.18,3.1869,4.9610,9.8015,0
10.426,164,-15,1500,1500,-0.28,0.18,3.1869,4.9610,9.8015,0
10.444,166,-15,1500,1500,0.12,0.98,3.1869,4.9610,9.8015,0
10.461,167,-15,1500,1500,0.12,0.98,3.1869,4.9610,9.8015,0
10.479,169,-16,1500,1500,0.12,0.98,3.1869,4.9610,9.8015,0
10.496,170,-15,1500,1500,0.12,0.98,3.1869,4.9610,9.8015,0
10.514,172,-16,1500,1500,0.12,0.98,2.7111,4.4093,5.7621,0
10.531,173,-15,1500,1500,0.12,0.98,2.7111,4.4093,5.7621,0
10.549,176,-15,1500,1500,0.12,0.98,2.7111,4.4093,5.7621,0
10.569,178,-15,1500,1500,0.12,0.98,2.7111,4.4093,5.7621,0
10.587,180,-15,1500,1500,0.12,0.98,2.7111,4.4093,5.7621,0
10.604,183,-15,1500,1500,0.12,0.98,2.7111,4.4093,5.7621,0
10.621,186,-14,1500,1500,0.12,0.98,2.7111,4.4093,5.7621,0
10.639,190,-14,1500,1500,0.12,0.98,2.7111,4.4093,5.7621,0
10.657,194,-14,1500,1500,0.12,0.98,2.7111,4.4093,5.7621,0
10.674,198,-14,1500,1500,0.12,0.98,2.7111,4.4093,5.7621,0
10.692,202,-15,1500,1500,-0.09,1.26,2.7111,4.4093,5.7621,0
10.710,207,-15,1500,1500,-0.09,1.26,2.7111,4.4093,5.7621,0
10.730,212,-15,1500,1500,-0.09,1.26,2.7111,4.4093,5.7621,0
10.747,216,-14,1500,1500,-0.09,1.26,2.7111,4.4093,5.7621,0
10.764,221,-14,1500,1500,-0.09,1.26,2.6178,4.4232,4.9791,0
10.783,230,-13,1500,1500,-0.09,1.26,2.6178,4.4232,4.9791,0
10.800,235,-13,1500,1500,-0.09,1.26,2.6178,4.4232,4.9791,0
10.818,240,-13,1500,1500,-0.09,1.26,2.6178,4.4232,4.9791,0
10.836,244,-12,1500,1500,-0.09,1.26,2.6178,4.4232,4.9791,0
10.854,248,-13,1500,1500,-0.09,1.26,2.6178,4.4232,4.9791,0
10.871,252,-14,1500,1500,-0.09,1.26,2.6178,4.4232,4.9791,0
10.889,255,-13,1500,1500,-0.09,1.26,2.6178,4.4232,4.9791,0
10.906,258,-12,1500,1500,-0.09,1.26,2.6178,4.4232,4.9791,0
10.924,261,-12,1500,1500,-0.09,1.26,2.6178,4.4232,4.9791,0
10.942,263,-12,1500,1500,0.26,1.49,2.6178,4.4232,4.9791,0
10.960,264,-12,1500,1500,0.26,1.49,2.6178,4.4232,4.9791,0
10.978,265,-12,1500,1500,0.26,1.49,2.6178,4.4232,4.9791,0
10.996,266,-13,1500,1500,0.26,1.49,2.6178,4.4232,4.9791,0
11.013,265,-12,1500,1500,0.26,1.49,2.8934,3.5221,6.4548,0
11.031,265,-12,1500,1500,0.26,1.49,2.8934,3.5221,6.4548,0
11.048,265,-12,1500,1500,0.26,1.49,2.8934,3.5221,6.4548,0
11.065,264,-12,1500,1500,0.26,1.49,2.8934,3.5221,6.4548,0
11.082,264,-12,1500,1500,0.26,1.49,2.8934,3.5221,6.4548,0
11.099,264,-12,1500,1500,0.26,1.49,2.8934,3.5221,6.4548,0
11.116,264,-13,1500,1500,0.26,1.49,2.8934,3.5221,6.4548,0
11.134,263,-13,1500,1500,0.26,1.49,2.8934,3.5221,6.4548,0
11.152,263,-13,1500,1500,0.26,1.49,2.8934,3.5221,6.4548,0
11.169,263,-14,1500,1500,0.26,1.49,2.8934,3.5221,6.4548,0
11.188,262,-14,1500,1500,0.26,1.49,2.8934,3.5221,6.4548,0
11.206,262,-14,1500,1500,0.82,1.11,2.8934,3.5221,6.4548,0
11.228,261,-14,1500,1500,0.82,1.11,2.8934,3.5221,6.4548,0
11.246,261,-14,1500,1500,0.82,1.11,2.8934,3.5221,6.4548,0
11.263,261,-14,1500,1500,0.82,1.11,2.7057,3.9060,7.2930,0
11.280,260,-14,1500,1500,0.82,1.11,2.7057,3.9060,7.2930,0
11.297,260,-15,1500,1500,0.82,1.11,2.7057,3.9060,7.2930,0
11.314,261,-16,1500,1500,0.82,1.11,2.7057,3.9060,7.2930,0
11.332,261,-16,1500,1500,0.82,1.11,2.7057,3.9060,7.2930,0
11.350,261,-15,1500,1500,0.82,1.11,2.7057,3.9060,7.2930,0
11.367,263,-14,1500,1500,0.82,1.11,2.7057,3.9060,7.2930,0
11.384,265,-14,1500,1500,0.82,1.11,2.7057,3.9060,7.2930,0
11.401,266,-13,1500,1500,0.82,1.11,2.7057,3.9060,7.2930,0
11.418,267,-13,1500,1500,0.82,1.11,2.7057,3.9060,7.2930,0
11.436,268,-14,1500,1500,0.82,1.11,2.7057,3.9060,7.2930,0
11.453,270,-15,1500,1500,0.92,1.12,2.7057,3.9060,7.2930,0
11.470,272,-16,1500,1500,0.92,1.12,2.7057,3.9060,7.2930,0
11.487,274,-15,1500,1500,0.92,1.12,2.7057,3.9060,7.2930,0
11.504,277,-14,1500,1500,0.92,1.12,2.9369,4.3670,8.4476,0
11.521,0,0,1500,1500,0.92,1.12,2.9369,4.3670,8.4476,0
11.538,0,0,1500,1500,0.92,1.12,2.9369,4.3670,8.4476,0
11.556,0,0,1500,1500,0.92,1.12,2.9369,4.3670,8.4476,0
11.573,0,0,1500,1500,0.92,1.12,2.9369,4.3670,8.4476,0
11.593,0,0,1500,1500,0.92,1.12,2.9369,4.3670,8.4476,0
11.611,0,0,1500,1500,0.92,1.12,2.9369,4.3670,8.4476,0
11.630,0,0,1500,1500,0.92,1.12,2.9369,4.3670,8.4476,0
11.648,0,0,1500,1500,0.92,1.12,2.9369,4.3670,8.4476,0
11.665,0,0,1500,1500,0.92,1.12,2.9369,4.3670,8.4476,0
11.682,0,0,1500,1500,0.92,1.12,2.9369,4.3670,8.4476,0
11.700,0,0,1500,1500,0.53,0.78,2.9369,4.3670,8.4476,0
11.719,0,0,1500,1500,0.53,0.78,2.9369,4.3670,8.4476,0
11.737,0,0,1500,1500,0.53,0.78,2.9369,4.3670,8.4476,0
11.758,0,0,1500,1500,0.53,0.78,2.8207,4.7569,6.5777,0
11.780,0,0,1500,1500,0.53,0.78,2.8207,4.7569,6.5777,0
11.797,0,0,1500,1500,0.53,0.78,2.8207,4.7569,6.5777,0
11.815,0,0,1500,1500,0.53,0.78,2.8207,4.7569,6.5777,0
11.832,0,0,1500,1500,0.53,0.78,2.8207,4.7569,6.5777,0
11.849,0,0,1500,1500,0.53,0.78,2.8207,4.7569,6.5777,0
11.866,0,0,1500,1500,0.53,0.78,2.8207,4.7569,6.5777,0
11.883,0,0,1500,1500,0.53,0.78,2.8207,4.7569,6.5777,0
11.901,0,0,1500,1500,0.53,0.78,2.8207,4.7569,6.5777,0
11.918,0,0,1500,1500,0.53,0.78,2.8207,4.7569,6.5777,0
11.935,0,0,1500,1500,0.53,0.78,2.8207,4.7569,6.5777,0
11.952,0,0,1500,1500,0.86,0.80,2.8207,4.7569,6.5777,0
11.969,0,0,1500,1500,0.86,0.80,2.8207,4.7569,6.5777,0
11.986,0,0,1500,1500,0.86,0.80,2.8207,4.7569,6.5777,0
12.004,0,0,1500,1500,0.86,0.80,3.0449,4.1437,9.2275,0
12.021,0,0,1500,1500,0.86,0.80,3.0449,4.1437,9.2275,0
12.039,0,0,1500,1500,0.86,0.80,3.0449,4.1437,9.2275,0
12.057,0,0,1500,1500,0.86,0.80,3.0449,4.1437,9.2275,0
12.075,0,0,1500,1500,0.86,0.80,3.0449,4.1437,9.2275,0
12.095,0,0,1500,1500,0.86,0.80,3.0449,4.1437,9.2275,0
12.112,0,0,1500,1500,0.86,0.80,3.0449,4.1437,9.2275,0
12.129,0,0,1500,1500,0.86,0.80,3.0449,4.1437,9.2275,0
12.146,0,0,1500,1500,0.86,0.80,3.0449,4.1437,9.2275,0
12.163,0,0,1500,1500,0.86,0.80,3.0449,4.1437,9.2275,0
12.181,0,0,1500,1500,0.86,0.80,3.0449,4.1437,9.2275,0
12.198,0,0,1500,1500,2.08,0.72,3.0449,4.1437,9.2275,0
12.215,0,0,1500,1500,2.08,0.72,3.0449,4.1437,9.2275,0
12.233,0,0,1500,1500,2.08,0.72,3.0449,4.1437,9.2275,0
12.256,0,0,1500,1500,2.08,0.72,2.8462,3.9368,7.3727,0
12.273,0,0,1500,1500,2.08,0.72,2.8462,3.9368,7.3727,0
12.290,0,0,1500,1500,2.08,0.72,2.8462,3.9368,7.3727,0
12.308,0,0,1500,1500,2.08,0.72,2.8462,3.9368,7.3727,0
12.325,0,0,1500,1500,2.08,0.72,2.8462,3.9368,7.3727,0
12.343,0,0,1500,1500,2.08,0.72,2.8462,3.9368,7.3727,0
12.360,0,0,1500,1500,2.08,0.72,2.8462,3.9368,7.3727,0
12.377,0,0,1500,1500,2.08,0.72,2.8462,3.9368,7.3727,0
12.394,0,0,1500,1500,2.08,0.72,2.8462,3.9368,7.3727,0
12.412,0,0,1500,1500,2.08,0.72,2.8462,3.9368,7.3727,0
12.430,0,0,1500,1500,2.08,0.72,2.8462,3.9368,7.3727,0
12.447,0,0,1500,1500,2.16,1.11,2.8462,3.9368,7.3727,0
12.464,0,0,1500,1500,2.16,1.11,2.8462,3.9368,7.3727,0
12.483,0,0,1500,1500,2.16,1.11,2.8462,3.9368,7.3727,0
12.500,0,0,1500,1500,2.16,1.11,2.8462,3.9368,7.3727,0
12.518,0,0,1500,1500,2.16,1.11,2.7471,4.2564,5.6117,0
12.535,0,0,1500,1500,2.16,1.11,2.7471,4.2564,5.6117,0
12.552,0,0,1500,1500,2.16,1.11,2.7471,4.2564,5.6117,0
12.570,0,0,1500,1500,2.16,1.11,2.7471,4.2564,5.6117,0
12.587,0,0,1500,1500,2.16,1.11,2.7471,4.2564,5.6117,0
12.605,0,0,1500,1500,2.16,1.11,2.7471,4.2564,5.6117,0
12.622,0,0,1500,1500,2.16,1.11,2.7471,4.2564,5.6117,0
12.640,0,0,1500,1500,2.16,1.11,2.7471,4.2564,5.6117,0
12.657,0,0,1500,1500,2.16,1.11,2.7471,4.2564,5.6117,0
12.675,0,0,1500,1500,2.16,1.11,2.7471,4.2564,5.6117,0
12.693,0,0,1500,1500,2.43,1.12,2.7471,4.2564,5.6117,0
12.710,0,0,1500,1500,2.43,1.12,2.7471,4.2564,5.6117,0
12.728,0,0,1500,1500,2.43,1.12,2.7471,4.2564,5.6117,0
12.745,0,0,1500,1500,2.43,1.12,2.7471,4.2564,5.6117,0
12.763,0,0,1500,1500,2.43,1.12,2.6586,3.6566,6.6521,0
12.781,0,0,1500,1500,2.43,1.12,2.6586,3.6566,6.6521,0
12.799,0,0,1500,1500,2.43,1.12,2.6586,3.6566,6.6521,0
12.816,0,0,1500,1500,2.43,1.12,2.6586,3.6566,6.6521,0
12.833,0,0,1500,1500,2.43,1.12,2.6586,3.6566,6.6521,0
12.850,0,0,1500,1500,2.43,1.12,2.6586,3.6566,6.6521,0
12.867,0,0,1500,1500,2.43,1.12,2.6586,3.6566,6.6521,0
12.885,0,0,1500,1500,2.43,1.12,2.6586,3.6566,6.6521,0
12.902,0,0,1500,1500,2.43,1.12,2.6586,3.6566,6.6521,0
12.919,0,0,1500,1500,2.43,1.12,2.6586,3.6566,6.6521,0
12.937,0,0,1500,1500,2.43,1.12,2.6586,3.6566,6.6521,0
12.954,0,0,1500,1500,2.45,0.94,2.6586,3.6566,6.6521,0
12.971,0,0,1500,1500,2.45,0.94,2.6586,3.6566,6.6521,0
12.989,0,0,1500,1500,2.45,0.94,2.6586,3.6566,6.6521,0
13.006,0,0,1500,1500,2.45,0.94,2.8632,4.5671,7.4883,0
13.024,0,0,1500,1500,2.45,0.94,2.8632,4.5671,7.4883,0
13.041,0,0,1500,1500,2.45,0.94,2.8632,4.5671,7.4883,0
13.059,0,0,1500,1500,2.45,0.94,2.8632,4.5671,7.4883,0
13.077,0,0,1500,1500,2.45,0.94,2.8632,4.5671,7.4883,0
13.094,0,0,1500,1500,2.45,0.94,2.8632,4.5671,7.4883,0
13.113,0,0,1500,1500,2.45,0.94,2.8632,4.5671,7.4883,0
13.130,0,0,1500,1500,2.45,0.94,2.8632,4.5671,7.4883,0
13.147,0,0,1500,1500,2.45,0.94,2.8632,4.5671,7.4883,0
13.165,0,0,1500,1500,2.45,0.94,2.8632,4.5671,7.4883,0
13.182,0,0,1500,1500,2.45,0.94,2.8632,4.5671,7.4883,0
13.200,0,0,1500,1500,2.02,0.95,2.8632,4.5671,7.4883,0
13.217,0,0,1500,1500,2.02,0.95,2.8632,4.5671,7.4883,0
13.235,0,0,1500,1500,2.02,0.95,2.8632,4.5671,7.4883,0
13.252,0,0,1500,1500,2.02,0.95,2.8310,4.4103,6.5793,0
13.270,0,0,1500,1500,2.02,0.95,2.8310,4.4103,6.5793,0
13.287,0,0,1500,1500,2.02,0.95,2.8310,4.4103,6.5793,0
13.306,0,0,1500,1500,2.02,0.95,2.8310,4.4103,6.5793,0
13.323,0,0,1500,1500,2.02,0.95,2.8310,4.4103,6.5793,0
13.340,0,0,1500,1500,2.02,0.95,2.8310,4.4103,6.5793,0
13.357,0,0,1500,1500,2.02,0.95,2.8310,4.4103,6.5793,0
13.375,0,0,1500,1500,2.02,0.95,2.8310,4.4103,6.5793,0
13.393,0,0,1500,1500,2.02,0.95,2.8310,4.4103,6.5793,0
13.410,0,0,1500,1500,2.02,0.95,2.8310,4.4103,6.5793,0
13.427,0,0,1500,1500,2.02,0.95,2.8310,4.4103,6.5793,0
13.444,0,0,1500,1500,1.49,0.38,2.8310,4.4103,6.5793,0
13.461,0,0,1500,1500,1.49,0.38,2.8310,4.4103,6.5793,0
13.479,0,0,1500,1500,1.49,0.38,2.8310,4.4103,6.5793,0
13.496,0,0,1500,1500,1.49,0.38,2.8310,4.4103,6.5793,0
13.513,0,0,1500,1500,1.49,0.38,2.8441,4.6345,6.1639,0
13.530,0,0,1500,1500,1.49,0.38,2.8441,4.6345,6.1639,0
13.548,0,0,1500,1500,1.49,0.38,2.8441,4.6345,6.1639,0
13.565,0,0,1500,1500,1.49,0.38,2.8441,4.6345,6.1639,0
13.582,0,0,1500,1500,1.49,0.38,2.8441,4.6345,6.1639,0
13.600,0,0,1500,1500,1.49,0.38,2.8441,4.6345,6.1639,0
13.617,0,0,1500,1500,1.49,0.38,2.8441,4.6345,6.1639,0
13.634,0,0,1500,1500,1.49,0.38,2.8441,4.6345,6.1639,0
13.651,0,0,1500,1500,1.49,0.38,2.8441,4.6345,6.1639,0
13.670,0,0,1500,1500,1.49,0.38,2.8441,4.6345,6.1639,0
13.687,0,0,1500,1500,0.37,-0.30,2.8441,4.6345,6.1639,0
13.706,0,0,1500,1500,0.37,-0.30,2.8441,4.6345,6.1639,0
13.723,0,0,1500,1500,0.37,-0.30,2.8441,4.6345,6.1639,0
13.741,0,0,1500,1500,0.37,-0.30,2.8441,4.6345,6.1639,0
13.758,0,0,1500,1500,0.37,-0.30,3.3989,7.1720,9.0314,0
13.775,0,0,1500,1500,0.37,-0.30,3.3989,7.1720,9.0314,0
13.792,0,0,1500,1500,0.37,-0.30,3.3989,7.1720,9.0314,0
13.809,0,0,1500,1500,0.37,-0.30,3.3989,7.1720,9.0314,0
13.826,0,0,1500,1500,0.37,-0.30,3.3989,7.1720,9.0314,0
13.843,0,0,1500,1500,0.37,-0.30,3.3989,7.1720,9.0314,0
13.860,0,0,1500,1500,0.37,-0.30,3.3989,7.1720,9.0314,0
13.877,0,0,1500,1500,0.37,-0.30,3.3989,7.1720,9.0314,0
13.895,0,0,1500,1500,0.37,-0.30,3.3989,7.1720,9.0314,0
13.912,0,0,1500,1500,0.37,-0.30,3.3989,7.1720,9.0314,0
13.930,0,0,1500,1500,0.37,-0.30,3.3989,7.1720,9.0314,0
13.950,0,0,1500,1500,0.33,-0.30,3.3989,7.1720,9.0314,0
13.970,0,0,1500,1500,0.33,-0.30,3.3989,7.1720,9.0314,0
13.987,0,0,1500,1500,0.33,-0.30,3.3989,7.1720,9.0314,0
14.005,0,0,1500,1500,0.33,-0.30,3.2989,10.9504,9.1357,0
14.022,0,0,1500,1500,0.33,-0.30,3.2989,10.9504,9.1357,0
14.040,0,0,1500,1500,0.33,-0.30,3.2989,10.9504,9.1357,0
14.057,0,0,1500,1500,0.33,-0.30,3.2989,10.9504,9.1357,0
14.074,0,0,1500,1500,0.33,-0.30,3.2989,10.9504,9.1357,0
14.092,0,0,1500,1500,0.33,-0.30,3.2989,10.9504,9.1357,0
14.110,0,0,1500,1500,0.33,-0.30,3.2989,10.9504,9.1357,0
14.127,0,0,1500,1500,0.33,-0.30,3.2989,10.9504,9.1357,0
14.145,0,0,1500,1500,0.33,-0.30,3.2989,10.9504,9.1357,0
14.162,0,0,1500,1500,0.33,-0.30,3.2989,10.9504,9.1357,0
14.180,0,0,1500,1500,0.33,-0.30,3.2989,10.9504,9.1357,0
14.198,0,0,1500,1500,0.68,0.29,3.2989,10.9504,9.1357,0
14.216,0,0,1500,1500,0.68,0.29,3.2989,10.9504,9.1357,0
14.234,0,0,1500,1500,0.68,0.29,3.2989,10.9504,9.1357,0
14.251,0,0,1500,1500,0.68,0.29,3.3279,7.6153,9.5442,0
14.268,0,0,1500,1500,0.68,0.29,3.3279,7.6153,9.5442,0
14.286,0,0,1500,1500,0.68,0.29,3.3279,7.6153,9.5442,0
14.304,0,0,1500,1500,0.68,0.29,3.3279,7.6153,9.5442,0
14.323,0,0,1500,1500,0.68,0.29,3.3279,7.6153,9.5442,0
14.340,0,0,1500,1500,0.68,0.29,3.3279,7.6153,9.5442,0
14.358,0,0,1500,1500,0.68,0.29,3.3279,7.6153,9.5442,0
14.375,0,0,1500,1500,0.68,0.29,3.3279,7.6153,9.5442,0
14.393,0,0,1500,1500,0.68,0.29,3.3279,7.6153,9.5442,0
14.410,0,0,1500,1500,0.68,0.29,3.3279,7.6153,9.5442,0
14.427,0,0,1500,1500,0.68,0.29,3.3279,7.6153,9.5442,0
14.446,0,0,1500,1500,0.57,0.86,3.3279,7.6153,9.5442,0
14.464,0,0,1500,1500,0.57,0.86,3.3279,7.6153,9.5442,0
14.481,0,0,1500,1500,0.57,0.86,3.3279,7.6153,9.5442,0
14.499,0,0,1500,1500,0.57,0.86,3.2116,7.6772,8.9784,0
14.516,0,0,1500,1500,0.57,0.86,3.2116,7.6772,8.9784,0
14.533,85,-19,1500,1500,0.57,0.86,3.2116,7.6772,8.9784,0
14.550,85,-20,1500,1500,0.57,0.86,3.2116,7.6772,8.9784,0
14.567,84,-20,1500,1500,0.57,0.86,3.2116,7.6772,8.9784,0
14.585,83,-20,1500,1500,0.57,0.86,3.2116,7.6772,8.9784,0
14.602,82,-20,1500,1500,0.57,0.86,3.2116,7.6772,8.9784,0
14.620,82,-19,1500,1500,0.57,0.86,3.2116,7.6772,8.9784,0
14.637,80,-19,1500,1500,0.57,0.86,3.2116,7.6772,8.9784,0
14.655,80,-19,1500,1500,0.57,0.86,3.2116,7.6772,8.9784,0
14.672,79,-20,1500,1500,0.57,0.86,3.2116,7.6772,8.9784,0
14.689,79,-20,1500,1500,0.67,0.85,3.2116,7.6772,8.9784,0
14.707,79,-20,1500,1500,0.67,0.85,3.2116,7.6772,8.9784,0
14.726,79,-19,1500,1500,0.67,0.85,3.2116,7.6772,8.9784,0
14.743,80,-19,1500,1500,0.67,0.85,3.2116,7.6772,8.9784,0
14.762,81,-18,1500,1500,0.67,0.85,3.1204,6.1095,9.4417,0
14.779,81,-18,1500,1500,0.67,0.85,3.1204,6.1095,9.4417,0
14.797,82,-19,1500,1500,0.67,0.85,3.1204,6.1095,9.4417,0
14.815,82,-19,1500,1500,0.67,0.85,3.1204,6.1095,9.4417,0
14.832,84,-19,1500,1500,0.67,0.85,3.1204,6.1095,9.4417,0
14.850,86,-21,1500,1500,0.67,0.85,3.1204,6.1095,9.4417,0
14.867,88,-20,1500,1500,0.67,0.85,3.1204,6.1095,9.4417,0
14.886,90,-19,1500,1500,0.67,0.85,3.1204,6.1095,9.4417,0
14.904,91,-19,1500,1500,0.67,0.85,3.1204,6.1095,9.4417,0
14.921,92,-19,1500,1500,0.67,0.85,3.1204,6.1095,9.4417,0
14.938,93,-18,1500,1500,0.20,0.56,3.1204,6.1095,9.4417,0
14.957,94,-18,1500,1500,0.20,0.56,3.1204,6.1095,9.4417,0
14.974,95,-18,1500,1500,0.20,0.56,3.1204,6.1095,9.4417,0
14.991,96,-18,1500,1500,0.20,0.56,3.1204,6.1095,9.4417,0
15.009,97,-18,1500,1500,0.20,0.56,2.9091,4.1650,9.1231,0
15.027,97,-17,1500,1500,0.20,0.56,2.9091,4.1650,9.1231,0
15.044,97,-18,1500,1500,0.20,0.56,2.9091,4.1650,9.1231,0
15.062,97,-18,1500,1500,0.20,0.56,2.9091,4.1650,9.1231,0
15.080,96,-18,1500,1500,0.20,0.56,2.9091,4.1650,9.1231,0
15.097,95,-18,1500,1500,0.20,0.56,2.9091,4.1650,9.1231,0
15.116,95,-18,1500,1500,0.20,0.56,2.9091,4.1650,9.1231,0
15.133,94,-19,1500,1500,0.20,0.56,2.9091,4.1650,9.1231,0
15.150,92,-18,1500,1500,0.20,0.56,2.9091,4.1650,9.1231,0
15.167,91,-18,1500,1500,0.20,0.56,2.9091,4.1650,9.1231,0
15.184,89,-17,1500,1500,-0.17,1.02,2.9091,4.1650,9.1231,0
15.201,87,-17,1500,1500,-0.17,1.02,2.9091,4.1650,9.1231,0
15.223,85,-16,1500,1500,-0.17,1.02,2.9091,4.1650,9.1231,0
15.241,83,-17,1500,1500,-0.17,1.02,2.9091,4.1650,9.1231,0
15.258,82,-17,1500,1500,-0.17,1.02,3.2491,3.4521,8.8093,0
15.277,79,-16,1500,1500,-0.17,1.02,3.2491,3.4521,8.8093,0
15.294,77,-16,1500,1500,-0.17,1.02,3.2491,3.4521,8.8093,0
15.311,76,-16,1500,1500,-0.17,1.02,3.2491,3.4521,8.8093,0
15.328,75,-16,1500,1500,-0.17,1.02,3.2491,3.4521,8.8093,0
15.345,74,-16,1500,1500,-0.17,1.02,3.2491,3.4521,8.8093,0
15.363,73,-15,1500,1500,-0.17,1.02,3.2491,3.4521,8.8093,0
15.382,72,-16,1500,1500,-0.17,1.02,3.2491,3.4521,8.8093,0
15.399,71,-15,1500,1500,-0.17,1.02,3.2491,3.4521,8.8093,0
15.416,71,-15,1500,1500,-0.17,1.02,3.2491,3.4521,8.8093,0
15.436,69,-15,1500,1500,0.04,1.20,3.2491,3.4521,8.8093,0
15.456,68,-14,1500,1500,0.04,1.20,3.2491,3.4521,8.8093,0
15.475,66,-14,1500,1500,0.04,1.20,3.2491,3.4521,8.8093,0
15.492,66,-14,1500,1500,0.04,1.20,3.2176,3.3318,8.7996,0
15.509,64,-14,1500,1500,0.04,1.20,3.2176,3.3318,8.7996,0
15.526,63,-14,1500,1500,0.04,1.20,3.2176,3.3318,8.7996,0
15.544,62,-14,1500,1500,0.04,1.20,3.2176,3.3318,8.7996,0
15.562,61,-14,1500,1500,0.04,1.20,3.2176,3.3318,8.7996,0
15.579,60,-14,1500,1500,0.04,1.20,3.2176,3.3318,8.7996,1
15.597,59,-13,1500,1500,0.04,1.20,3.2176,3.3318,8.7996,1
15.614,58,-13,1500,1500,0.04,1.20,3.2176,3.3318,8.7996,1
15.631,57,-13,1500,1500,0.04,1.20,3.2176,3.3318,8.7996,1
15.648,56,-13,1500,1500,0.04,1.20,3.2176,3.3318,8.7996,1
15.665,55,-13,1500,1500,0.04,1.20,3.2176,3.3318,8.7996,1
15.686,54,-13,1500,1500,-0.41,1.04,3.2176,3.3318,8.7996,1
15.703,52,-13,1500,1500,-0.41,1.04,3.2176,3.3318,8.7996,1
15.723,51,-12,1500,1500,-0.41,1.04,3.2176,3.3318,8.7996,1
15.742,51,-12,1500,1500,-0.41,1.04,3.1446,3.4283,9.3207,1
15.760,48,-12,1500,1500,-0.41,1.04,3.1446,3.4283,9.3207,1
15.777,46,-12,1500,1500,-0.41,1.04,3.1446,3.4283,9.3207,1
15.795,43,-12,1500,1500,-0.41,1.04,3.1446,3.4283,9.3207,1
15.813,42,-12,1500,1500,-0.41,1.04,3.1446,3.4283,9.3207,1
15.831,40,-12,1500,1500,-0.41,1.04,3.1446,3.4283,9.3207,1
15.849,39,-11,1500,1500,-0.41,1.04,3.1446,3.4283,9.3207,1
15.867,37,-11,1500,1500,-0.41,1.04,3.1446,3.4283,9.3207,1
15.887,36,-11,1500,1500,-0.41,1.04,3.1446,3.4283,9.3207,1
15.904,35,-12,1500,1500,-0.41,1.04,3.1446,3.4283,9.3207,1
15.922,33,-12,1500,1500,-0.41,1.04,3.1446,3.4283,9.3207,1
15.940,32,-13,1500,1500,-0.51,0.62,3.1446,3.4283,9.3207,1
15.957,32,-13,1500,1500,-0.51,0.62,3.1446,3.4283,9.3207,1
15.975,30,-13,1500,1500,-0.51,0.62,3.1446,3.4283,9.3207,1
15.992,29,-13,1500,1500,-0.51,0.62,3.1446,3.4283,9.3207,1
16.010,28,-12,1500,1500,-0.51,0.62,2.8574,4.2604,7.2581,1
16.027,27,-11,1500,1500,-0.51,0.62,2.8574,4.2604,7.2581,1
16.044,26,-11,1500,1500,-0.51,0.62,2.8574,4.2604,7.2581,1
16.061,25,-11,1500,1500,-0.51,0.62,2.8574,4.2604,7.2581,1
16.078,25,-11,1500,1500,-0.51,0.62,2.8574,4.2604,7.2581,1
16.096,24,-11,1500,1500,-0.51,0.62,2.8574,4.2604,7.2581,1
16.113,23,-11,1500,1500,-0.51,0.62,2.8574,4.2604,7.2581,1
16.131,22,-11,1500,1500,-0.51,0.62,2.8574,4.2604,7.2581,1
16.148,21,-11,1500,1500,-0.51,0.62,2.8574,4.2604,7.2581,1
16.166,20,-12,1500,1500,-0.51,0.62,2.8574,4.2604,7.2581,1
16.183,19,-13,1500,1500,-0.54,0.64,2.8574,4.2604,7.2581,1
16.203,18,-13,1500,1500,-0.54,0.64,2.8574,4.2604,7.2581,1
16.221,17,-12,1500,1500,-0.54,0.64,2.8574,4.2604,7.2581,1
16.238,16,-12,1500,1500,-0.54,0.64,2.8574,4.2604,7.2581,1
16.257,14,-11,1500,1500,-0.54,0.64,2.8154,4.0629,7.8721,1
16.275,13,-11,1500,1500,-0.54,0.64,2.8154,4.0629,7.8721,1
16.292,10,-10,1500,1500,-0.54,0.64,2.8154,4.0629,7.8721,1
16.309,8,-11,1500,1500,-0.54,0.64,2.8154,4.0629,7.8721,1
16.326,7,-11,1500,1500,-0.54,0.64,2.8154,4.0629,7.8721,1
16.344,6,-12,1500,1500,-0.54,0.64,2.8154,4.0629,7.8721,1
16.361,4,-12,1500,1500,-0.54,0.64,2.8154,4.0629,7.8721,1
16.378,3,-11,1500,1500,-0.54,0.64,2.8154,4.0629,7.8721,1
16.395,1,-10,1500,1500,-0.54,0.64,2.8154,4.0629,7.8721,1
16.412,0,-10,1500,1500,-0.54,0.64,2.8154,4.0629,7.8721,1
16.429,-1,-11,1500,1500,-0.54,0.64,2.8154,4.0629,7.8721,1
16.446,-3,-10,1500,1500,-1.17,0.37,2.8154,4.0629,7.8721,1
16.464,-3,-10,1500,1500,-1.17,0.37,2.8154,4.0629,7.8721,1
16.482,-3,-10,1500,1500,-1.17,0.37,2.8154,4.0629,7.8721,1
16.499,-3,-10,1500,1500,-1.17,0.37,3.1830,6.5640,8.7304,1
16.517,-3,-10,1500,1500,-1.17,0.37,3.1830,6.5640,8.7304,1
16.534,-2,-10,1500,1500,-1.17,0.37,3.1830,6.5640,8.7304,1
16.551,-1,-10,1500,1500,-1.17,0.37,3.1830,6.5640,8.7304,1
16.569,0,-10,1500,1500,-1.17,0.37,3.1830,6.5640,8.7304,1
16.586,4,-11,1500,1500,-1.17,0.37,3.1830,6.5640,8.7304,1
16.603,6,-10,1500,1500,-1.17,0.37,3.1830,6.5640,8.7304,1
16.621,9,-11,1500,1500,-1.17,0.37,3.1830,6.5640,8.7304,1
16.639,11,-10,1500,1500,-1.17,0.37,3.1830,6.5640,8.7304,1
16.656,13,-10,1500,1500,-1.17,0.37,3.1830,6.5640,8.7304,1
16.674,16,-10,1500,1500,-1.17,0.37,3.1830,6.5640,8.7304,1
16.692,19,-10,1500,1500,-0.91,0.29,3.1830,6.5640,8.7304,1
16.710,22,-10,1500,1500,-0.91,0.29,3.1830,6.5640,8.7304,1
16.727,24,-10,1500,1500,-0.91,0.29,3.1830,6.5640,8.7304,1
16.746,24,-10,1500,1500,-0.91,0.29,3.3103,9.3250,9.7306,1
16.767,30,-9,1500,1500,-0.91,0.29,3.3103,9.3250,9.7306,1
16.785,33,-10,1500,1500,-0.91,0.29,3.3103,9.3250,9.7306,1
16.803,36,-10,1500,1500,-0.91,0.29,3.3103,9.3250,9.7306,1
16.820,39,-10,1500,1500,-0.91,0.29,3.3103,9.3250,9.7306,1
16.838,46,-8,1500,1500,-0.91,0.29,3.3103,9.3250,9.7306,1
16.856,49,-8,1500,1500,-0.91,0.29,3.3103,9.3250,9.7306,1
16.873,53,-9,1500,1500,-0.91,0.29,3.3103,9.3250,9.7306,1
16.890,56,-9,1500,1500,-0.91,0.29,3.3103,9.3250,9.7306,1
16.908,60,-9,1500,1500,-0.91,0.29,3.3103,9.3250,9.7306,1
16.925,64,-8,1500,1500,-0.91,0.29,3.3103,9.3250,9.7306,0
16.942,67,-7,1500,1500,-0.11,0.98,3.3103,9.3250,9.7306,0
16.960,72,-7,1500,1500,-0.11,0.98,3.3103,9.3250,9.7306,0
16.979,76,-8,1500,1500,-0.11,0.98,3.3103,9.3250,9.7306,0
16.996,80,-8,1500,1500,-0.11,0.98,2.9324,5.5255,8.3822,0
17.014,84,-8,1500,1500,-0.11,0.98,2.9324,5.5255,8.3822,0
17.031,89,-7,1500,1500,-0.11,0.98,2.9324,5.5255,8.3822,0
17.049,93,-6,1500,1500,-0.11,0.98,2.9324,5.5255,8.3822,0
17.066,97,-6,1500,1500,-0.11,0.98,2.9324,5.5255,8.3822,0
17.084,102,-6,1500,1500,-0.11,0.98,2.9324,5.5255,8.3822,0
17.102,106,-7,1500,1500,-0.11,0.98,2.9324,5.5255,8.3822,0
17.119,115,-6,1500,1500,-0.11,0.98,2.9324,5.5255,8.3822,0
17.137,115,-6,1500,1500,-0.11,0.98,2.9324,5.5255,8.3822,0
17.154,124,-5,1500,1500,-0.11,0.98,2.9324,5.5255,8.3822,0
17.172,129,-5,1500,1500,-0.11,0.98,2.9324,5.5255,8.3822,0
17.190,134,-6,1500,1500,-0.15,1.29,2.9324,5.5255,8.3822,0
17.207,134,-6,1500,1500,-0.15,1.29,2.9324,5.5255,8.3822,0
17.225,143,-4,1500,1500,-0.15,1.29,2.9324,5.5255,8.3822,0
17.243,148,-3,1500,1500,-0.15,1.29,3.1543,5.4977,9.3159,0
17.261,152,-3,1500,1500,-0.15,1.29,3.1543,5.4977,9.3159,0
17.278,157,-4,1500,1500,-0.15,1.29,3.1543,5.4977,9.3159,0
17.296,161,-3,1500,1500,-0.15,1.29,3.1543,5.4977,9.3159,0
17.313,165,-2,1500,1500,-0.15,1.29,3.1543,5.4977,9.3159,0
17.330,169,-2,1500,1500,-0.15,1.29,3.1543,5.4977,9.3159,0
17.347,172,-1,1500,1500,-0.15,1.29,3.1543,5.4977,9.3159,0
17.364,176,-1,1500,1500,-0.15,1.29,3.1543,5.4977,9.3159,0
17.382,180,-2,1500,1500,-0.15,1.29,3.1543,5.4977,9.3159,0
17.399,183,-2,1500,1500,-0.15,1.29,3.1543,5.4977,9.3159,0
17.416,188,-1,1500,1500,-0.15,1.29,3.1543,5.4977,9.3159,0
17.434,191,0,1500,1500,0.40,1.56,3.1543,5.4977,9.3159,0
17.451,195,0,1500,1500,0.40,1.56,3.1543,5.4977,9.3159,0
17.469,200,0,1500,1500,0.40,1.56,3.1543,5.4977,9.3159,0
17.486,204,0,1500,1500,0.40,1.56,3.1543,5.4977,9.3159,0
17.503,209,0,1500,1500,0.40,1.56,3.2898,6.6942,9.2432,0
17.520,214,1,1500,1500,0.40,1.56,3.2898,6.6942,9.2432,0
17.538,219,1,1500,1500,0.40,1.56,3.2898,6.6942,9.2432,0
17.555,230,1,1500,1500,0.40,1.56,3.2898,6.6942,9.2432,0
17.573,236,1,1500,1500,0.40,1.56,3.2898,6.6942,9.2432,0
17.590,242,2,1500,1500,0.40,1.56,3.2898,6.6942,9.2432,0
17.608,248,3,1500,1500,0.40,1.56,3.2898,6.6942,9.2432,0
17.626,254,3,1500,1500,0.40,1.56,3.2898,6.6942,9.2432,0
17.644,260,3,1500,1500,0.40,1.56,3.2898,6.6942,9.2432,0
17.661,266,3,1500,1500,0.40,1.56,3.2898,6.6942,9.2432,0
17.679,0,0,1500,1500,1.10,2.02,3.2898,6.6942,9.2432,0
17.697,0,0,1500,1500,1.10,2.02,3.2898,6.6942,9.2432,0
17.714,0,0,1500,1500,1.10,2.02,3.2898,6.6942,9.2432,0
17.731,0,0,1500,1500,1.10,2.02,3.2898,6.6942,9.2432,0
17.748,0,0,1500,1500,1.10,2.02,2.9330,5.4956,8.9151,0
17.766,0,0,1500,1500,1.10,2.02,2.9330,5.4956,8.9151,0
17.783,0,0,1500,1500,1.10,2.02,2.9330,5.4956,8.9151,0
17.800,0,0,1500,1500,1.10,2.02,2.9330,5.4956,8.9151,0
17.818,0,0,1500,1500,1.10,2.02,2.9330,5.4956,8.9151,0
17.836,0,0,1500,1500,1.10,2.02,2.9330,5.4956,8.9151,0
17.853,0,0,1500,1500,1.10,2.02,2.9330,5.4956,8.9151,0
17.870,0,0,1500,1500,1.10,2.02,2.9330,5.4956,8.9151,0
17.888,0,0,1500,1500,1.10,2.02,2.9330,5.4956,8.9151,0
17.905,0,0,1500,1500,1.10,2.02,2.9330,5.4956,8.9151,0
17.922,0,0,1500,1500,1.10,2.02,2.9330,5.4956,8.9151,0
17.940,0,0,1500,1500,1.14,2.18,2.9330,5.4956,8.9151,0
17.957,0,0,1500,1500,1.14,2.18,2.9330,5.4956,8.9151,0
17.974,0,0,1500,1500,1.14,2.18,2.9330,5.4956,8.9151,0
17.991,0,0,1500,1500,1.14,2.18,3.1618,4.1828,9.8620,0
18.008,0,0,1500,1500,1.14,2.18,3.1618,4.1828,9.8620,0
18.025,0,0,1500,1500,1.14,2.18,3.1618,4.1828,9.8620,0
18.042,0,0,1500,1500,1.14,2.18,3.1618,4.1828,9.8620,0
18.060,0,0,1500,1500,1.14,2.18,3.1618,4.1828,9.8620,0
18.078,0,0,1500,1500,1.14,2.18,3.1618,4.1828,9.8620,0
18.097,0,0,1500,1500,1.14,2.18,3.1618,4.1828,9.8620,0
18.114,0,0,1500,1500,1.14,2.18,3.1618,4.1828,9.8620,0
18.132,0,0,1500,1500,1.14,2.18,3.1618,4.1828,9.8620,0
18.149,0,0,1500,1500,1.14,2.18,3.1618,4.1828,9.8620,0
18.166,0,0,1500,1500,1.14,2.18,3.1618,4.1828,9.8620,0
18.184,0,0,1500,1500,1.32,2.34,3.1618,4.1828,9.8620,0
18.202,0,0,1500,1500,1.32,2.34,3.1618,4.1828,9.8620,0
18.220,0,0,1500,1500,1.32,2.34,3.1618,4.1828,9.8620,0
18.238,0,0,1500,1500,1.32,2.34,3.1307,3.8880,10.8623,0
18.257,0,0,1500,1500,1.32,2.34,3.1307,3.8880,10.8623,0
18.274,0,0,1500,1500,1.32,2.34,3.1307,3.8880,10.8623,0
18.291,0,0,1500,1500,1.32,2.34,3.1307,3.8880,10.8623,0
18.308,0,0,1500,1500,1.32,2.34,3.1307,3.8880,10.8623,0
18.326,0,0,1500,1500,1.32,2.34,3.1307,3.8880,10.8623,0
18.343,0,0,1500,1500,1.32,2.34,3.1307,3.8880,10.8623,0
18.361,0,0,1500,1500,1.32,2.34,3.1307,3.8880,10.8623,0
18.378,0,0,1500,1500,1.32,2.34,3.1307,3.8880,10.8623,0
18.396,0,0,1500,1500,1.32,2.34,3.1307,3.8880,10.8623,0
18.413,0,0,1500,1500,1.32,2.34,3.1307,3.8880,10.8623,0
18.430,0,0,1500,1500,0.71,2.77,3.1307,3.8880,10.8623,0
18.447,0,0,1500,1500,0.71,2.77,3.1307,3.8880,10.8623,0
18.464,0,0,1500,1500,0.71,2.77,3.1307,3.8880,10.8623,0
18.481,0,0,1500,1500,0.71,2.77,3.1307,3.8880,10.8623,0
18.498,0,0,1500,1500,0.71,2.77,2.7507,4.7902,7.2512,0
18.517,0,0,1500,1500,0.71,2.77,2.7507,4.7902,7.2512,0
18.534,0,0,1500,1500,0.71,2.77,2.7507,4.7902,7.2512,0
18.554,0,0,1500,1500,0.71,2.77,2.7507,4.7902,7.2512,0
18.571,0,0,1500,1500,0.71,2.77,2.7507,4.7902,7.2512,0
18.588,0,0,1500,1500,0.71,2.77,2.7507,4.7902,7.2512,0
18.605,0,0,1500,1500,0.71,2.77,2.7507,4.7902,7.2512,0
18.622,0,0,1500,1500,0.71,2.77,2.7507,4.7902,7.2512,0
18.639,0,0,1500,1500,0.71,2.77,2.7507,4.7902,7.2512,0
18.656,0,0,1500,1500,0.71,2.77,2.7507,4.7902,7.2512,0
18.673,0,0,1500,1500,0.71,2.77,2.7507,4.7902,7.2512,0
18.691,0,0,1500,1500,0.48,2.94,2.7507,4.7902,7.2512,0
18.709,0,0,1500,1500,0.48,2.94,2.7507,4.7902,7.2512,0
18.727,0,0,1500,1500,0.48,2.94,2.7507,4.7902,7.2512,0
18.744,0,0,1500,1500,0.48,2.94,2.7649,3.7833,6.9583,0
18.762,0,0,1500,1500,0.48,2.94,2.7649,3.7833,6.9583,0
18.780,0,0,1500,1500,0.48,2.94,2.7649,3.7833,6.9583,0
18.798,0,0,1500,1500,0.48,2.94,2.7649,3.7833,6.9583,0
18.816,0,0,1500,1500,0.48,2.94,2.7649,3.7833,6.9583,0
18.834,0,0,1500,1500,0.48,2.94,2.7649,3.7833,6.9583,0
18.851,0,0,1500,1500,0.48,2.94,2.7649,3.7833,6.9583,0
18.868,0,0,1500,1500,0.48,2.94,2.7649,3.7833,6.9583,0
18.886,0,0,1500,1500,0.48,2.94,2.7649,3.7833,6.9583,0
18.903,0,0,1500,1500,0.48,2.94,2.7649,3.7833,6.9583,0
18.921,0,0,1500,1500,0.48,2.94,2.7649,3.7833,6.9583,0
18.942,0,0,1500,1500,0.44,2.38,2.7649,3.7833,6.9583,0
18.960,0,0,1500,1500,0.44,2.38,2.7649,3.7833,6.9583,0
18.977,0,0,1500,1500,0.44,2.38,2.7649,3.7833,6.9583,0
18.995,0,0,1500,1500,0.44,2.38,2.9262,3.5290,6.7618,0
19.013,0,0,1500,1500,0.44,2.38,2.9262,3.5290,6.7618,0
19.031,0,0,1500,1500,0.44,2.38,2.9262,3.5290,6.7618,0
19.049,0,0,1500,1500,0.44,2.38,2.9262,3.5290,6.7618,0
19.069,0,0,1500,1500,0.44,2.38,2.9262,3.5290,6.7618,0
19.086,0,0,1500,1500,0.44,2.38,2.9262,3.5290,6.7618,0
19.104,0,0,1500,1500,0.44,2.38,2.9262,3.5290,6.7618,0
19.122,0,0,1500,1500,0.44,2.38,2.9262,3.5290,6.7618,0
19.139,0,0,1500,1500,0.44,2.38,2.9262,3.5290,6.7618,0
19.157,0,0,1500,1500,0.44,2.38,2.9262,3.5290,6.7618,0
19.174,0,0,1500,1500,0.44,2.38,2.9262,3.5290,6.7618,0
19.192,0,0,1500,1500,0.38,1.64,2.9262,3.5290,6.7618,0
19.209,0,0,1500,1500,0.38,1.64,2.9262,3.5290,6.7618,0
19.227,0,0,1500,1500,0.38,1.64,2.9262,3.5290,6.7618,0
19.244,0,0,1500,1500,0.38,1.64,2.8557,3.6957,5.8250,0
19.262,0,0,1500,1500,0.38,1.64,2.8557,3.6957,5.8250,0
19.279,0,0,1500,1500,0.38,1.64,2.8557,3.6957,5.8250,0
19.296,0,0,1500,1500,0.38,1.64,2.8557,3.6957,5.8250,0
19.313,0,0,1500,1500,0.38,1.64,2.8557,3.6957,5.8250,0
19.331,0,0,1500,1500,0.38,1.64,2.8557,3.6957,5.8250,0
19.348,0,0,1500,1500,0.38,1.64,2.8557,3.6957,5.8250,0
19.367,0,0,1500,1500,0.38,1.64,2.8557,3.6957,5.8250,0
19.384,0,0,1500,1500,0.38,1.64,2.8557,3.6957,5.8250,0
19.402,0,0,1500,1500,0.38,1.64,2.8557,3.6957,5.8250,0
19.420,0,0,1500,1500,0.38,1.64,2.8557,3.6957,5.8250,0
19.437,0,0,1500,1500,-0.05,1.73,2.8557,3.6957,5.8250,0
19.455,0,0,1500,1500,-0.05,1.73,2.8557,3.6957,5.8250,0
19.473,0,0,1500,1500,-0.05,1.73,2.8557,3.6957,5.8250,0
19.493,0,0,1500,1500,-0.05,1.73,2.7660,3.7796,6.6035,0
19.510,0,0,1500,1500,-0.05,1.73,2.7660,3.7796,6.6035,0
19.527,0,0,1500,1500,-0.05,1.73,2.7660,3.7796,6.6035,0
19.545,0,0,1500,1500,-0.05,1.73,2.7660,3.7796,6.6035,0
19.563,0,0,1500,1500,-0.05,1.73,2.7660,3.7796,6.6035,0
19.581,0,0,1500,1500,-0.05,1.73,2.7660,3.7796,6.6035,0
19.598,0,0,1500,1500,-0.05,1.73,2.7660,3.7796,6.6035,0
19.615,0,0,1500,1500,-0.05,1.73,2.7660,3.7796,6.6035,0
19.633,0,0,1500,1500,-0.05,1.73,2.7660,3.7796,6.6035,0
19.650,0,0,1500,1500,-0.05,1.73,2.7660,3.7796,6.6035,0
19.667,0,0,1500,1500,-0.05,1.73,2.7660,3.7796,6.6035,0
19.685,0,0,1500,1500,0.11,1.83,2.7660,3.7796,6.6035,0
19.702,0,0,1500,1500,0.11,1.83,2.7660,3.7796,6.6035,0
19.720,0,0,1500,1500,0.11,1.83,2.7660,3.7796,6.6035,0
19.737,0,0,1500,1500,0.11,1.83,2.9403,4.3526,7.0041,0
19.755,0,0,1500,1500,0.11,1.83,2.9403,4.3526,7.0041,0
19.773,0,0,1500,1500,0.11,1.83,2.9403,4.3526,7.0041,0
19.791,0,0,1500,1500,0.11,1.83,2.9403,4.3526,7.0041,0
19.808,0,0,1500,1500,0.11,1.83,2.9403,4.3526,7.0041,0
19.825,0,0,1500,1500,0.11,1.83,2.9403,4.3526,7.0041,0
19.842,0,0,1500,1500,0.11,1.83,2.9403,4.3526,7.0041,0
19.859,0,0,1500,1500,0.11,1.83,2.9403,4.3526,7.0041,0
19.877,0,0,1500,1500,0.11,1.83,2.9403,4.3526,7.0041,0
19.895,0,0,1500,1500,0.11,1.83,2.9403,4.3526,7.0041,0
19.912,0,0,1500,1500,0.11,1.83,2.9403,4.3526,7.0041,0
19.929,0,0,1500,1500,0.32,1.28,2.9403,4.3526,7.0041,0
19.947,0,0,1500,1500,0.32,1.28,2.9403,4.3526,7.0041,0
19.964,0,0,1500,1500,0.32,1.28,2.9403,4.3526,7.0041,0
19.982,0,0,1500,1500,0.32,1.28,2.9403,4.3526,7.0041,0
19.999,0,0,1500,1500,0.32,1.28,2.8142,3.9566,7.1907,0
20.016,0,0,1500,1500,0.32,1.28,2.8142,3.9566,7.1907,0
20.035,0,0,1500,1500,0.32,1.28,2.8142,3.9566,7.1907,0
20.052,0,0,1500,1500,0.32,1.28,2.8142,3.9566,7.1907,0
20.070,0,0,1500,1500,0.32,1.28,2.8142,3.9566,7.1907,0
20.088,0,0,1500,1500,0.32,1.28,2.8142,3.9566,7.1907,0
20.105,0,0,1500,1500,0.32,1.28,2.8142,3.9566,7.1907,0
20.123,0,0,1500,1500,0.32,1.28,2.8142,3.9566,7.1907,0
20.140,0,0,1500,1500,0.32,1.28,2.8142,3.9566,7.1907,0
20.157,0,0,1500,1500,0.32,1.28,2.8142,3.9566,7.1907,0
20.175,0,0,1500,1500,0.05,0.66,2.8142,3.9566,7.1907,0
20.192,0,0,1500,1500,0.05,0.66,2.8142,3.9566,7.1907,0
20.209,0,0,1500,1500,0.05,0.66,2.8142,3.9566,7.1907,0
20.226,0,0,1500,1500,0.05,0.66,2.8142,3.9566,7.1907,0
20.243,0,0,1500,1500,0.05,0.66,2.9137,3.6235,6.3849,0
20.260,0,0,1500,1500,0.05,0.66,2.9137,3.6235,6.3849,0
20.277,0,0,1500,1500,0.05,0.66,2.9137,3.6235,6.3849,0
20.295,0,0,1500,1500,0.05,0.66,2.9137,3.6235,6.3849,0
20.313,0,0,1500,1500,0.05,0.66,2.9137,3.6235,6.3849,0
20.330,0,0,1500,1500,0.05,0.66,2.9137,3.6235,6.3849,0
20.347,0,0,1500,1500,0.05,0.66,2.9137,3.6235,6.3849,0
20.365,0,0,1500,1500,0.05,0.66,2.9137,3.6235,6.3849,0
20.382,0,0,1500,1500,0.05,0.66,2.9137,3.6235,6.3849,0
20.400,0,0,1500,1500,0.05,0.66,2.9137,3.6235,6.3849,0
20.418,0,0,1500,1500,0.05,0.66,2.9137,3.6235,6.3849,0
20.439,0,0,1500,1500,0.08,0.02,2.9137,3.6235,6.3849,0
20.458,0,0,1500,1500,0.08,0.02,2.9137,3.6235,6.3849,0
20.479,0,0,1500,1500,0.08,0.02,2.9137,3.6235,6.3849,0
20.496,0,0,1500,1500,0.08,0.02,2.7899,4.1974,7.0873,0
20.513,0,0,1500,1500,0.08,0.02,2.7899,4.1974,7.0873,0
20.531,0,0,1500,1500,0.08,0.02,2.7899,4.1974,7.0873,0
20.548,0,0,1500,1500,0.08,0.02,2.7899,4.1974,7.0873,0
20.565,0,0,1500,1500,0.08,0.02,2.7899,4.1974,7.0873,0
20.582,0,0,1500,1500,0.08,0.02,2.7899,4.1974,7.0873,0
20.600,0,0,1500,1500,0.08,0.02,2.7899,4.1974,7.0873,0
20.618,0,0,1500,1500,0.08,0.02,2.7899,4.1974,7.0873,0
20.635,0,0,1500,1500,0.08,0.02,2.7899,4.1974,7.0873,0
20.652,0,0,1500,1500,0.08,0.02,2.7899,4.1974,7.0873,0
20.670,0,0,1500,1500,0.08,0.02,2.7899,4.1974,7.0873,0
20.687,0,0,1500,1500,-0.43,-0.08,2.7899,4.1974,7.0873,0
20.704,0,0,1500,1500,-0.43,-0.08,2.7899,4.1974,7.0873,0
20.722,0,0,1500,1500,-0.43,-0.08,2.7899,4.1974,7.0873,0
20.740,0,0,1500,1500,-0.43,-0.08,2.8107,3.6225,7.3005,0
20.757,0,0,1500,1500,-0.43,-0.08,2.8107,3.6225,7.3005,0
20.774,0,0,1500,1500,-0.43,-0.08,2.8107,3.6225,7.3005,0
20.791,0,0,1500,1500,-0.43,-0.08,2.8107,3.6225,7.3005,0
20.809,0,0,1500,1500,-0.43,-0.08,2.8107,3.6225,7.3005,0
20.828,0,0,1500,1500,-0.43,-0.08,2.8107,3.6225,7.3005,0
20.845,0,0,1500,1500,-0.43,-0.08,2.8107,3.6225,7.3005,0
20.862,0,0,1500,1500,-0.43,-0.08,2.8107,3.6225,7.3005,0
20.879,0,0,1500,1500,-0.43,-0.08,2.8107,3.6225,7.3005,0
20.898,0,0,1500,1500,-0.43,-0.08,2.8107,3.6225,7.3005,0
20.915,0,0,1500,1500,-0.43,-0.08,2.8107,3.6225,7.3005,0
20.932,0,0,1500,1500,-0.71,0.48,2.8107,3.6225,7.3005,0
20.949,0,0,1500,1500,-0.71,0.48,2.8107,3.6225,7.3005,0
20.966,0,0,1500,1500,-0.71,0.48,2.8107,3.6225,7.3005,0
20.984,0,0,1500,1500,-0.71,0.48,2.8682,3.6230,6.5516,0
21.001,0,0,1500,1500,-0.71,0.48,2.8682,3.6230,6.5516,0
21.022,0,0,1500,1500,-0.71,0.48,2.8682,3.6230,6.5516,0
21.039,0,0,1500,1500,-0.71,0.48,2.8682,3.6230,6.5516,0
21.056,0,0,1500,1500,-0.71,0.48,2.8682,3.6230,6.5516,0
21.074,0,0,1500,1500,-0.71,0.48,2.8682,3.6230,6.5516,0
21.091,0,0,1500,1500,-0.71,0.48,2.8682,3.6230,6.5516,0
21.108,0,0,1500,1500,-0.71,0.48,2.8682,3.6230,6.5516,0
21.126,0,0,1500,1500,-0.71,0.48,2.8682,3.6230,6.5516,0
21.143,0,0,1500,1500,-0.71,0.48,2.8682,3.6230,6.5516,0
21.161,0,0,1500,1500,-0.71,0.48,2.8682,3.6230,6.5516,0
21.178,0,0,1500,1500,-0.21,0.30,2.8682,3.6230,6.5516,0
21.195,0,0,1500,1500,-0.21,0.30,2.8682,3.6230,6.5516,0
21.214,0,0,1500,1500,-0.21,0.30,2.8682,3.6230,6.5516,0
21.231,0,0,1500,1500,-0.21,0.30,2.9654,3.4618,6.4011,0
21.248,0,0,1500,1500,-0.21,0.30,2.9654,3.4618,6.4011,0
21.266,0,0,1500,1500,-0.21,0.30,2.9654,3.4618,6.4011,0
21.284,0,0,1500,1500,-0.21,0.30,2.9654,3.4618,6.4011,0
21.301,0,0,1500,1500,-0.21,0.30,2.9654,3.4618,6.4011,0
21.319,0,0,1500,1500,-0.21,0.30,2.9654,3.4618,6.4011,0
21.336,0,0,1500,1500,-0.21,0.30,2.9654,3.4618,6.4011,0
21.353,0,0,1500,1500,-0.21,0.30,2.9654,3.4618,6.4011,0
21.370,0,0,1500,1500,-0.21,0.30,2.9654,3.4618,6.4011,0
21.387,0,0,1500,1500,-0.21,0.30,2.9654,3.4618,6.4011,0
21.404,0,0,1500,1500,-0.21,0.30,2.9654,3.4618,6.4011,0
21.421,0,0,1500,1500,-0.22,0.57,2.9654,3.4618,6.4011,0
21.439,0,0,1500,1500,-0.22,0.57,2.9654,3.4618,6.4011,0
21.459,0,0,1500,1500,-0.22,0.57,2.9654,3.4618,6.4011,0
21.476,0,0,1500,1500,-0.22,0.57,2.9654,3.4618,6.4011,0
21.494,0,0,1500,1500,-0.22,0.57,2.7321,3.6158,5.5132,0
21.511,0,0,1500,1500,-0.22,0.57,2.7321,3.6158,5.5132,0
21.528,0,0,1500,1500,-0.22,0.57,2.7321,3.6158,5.5132,0
21.546,0,0,1500,1500,-0.22,0.57,2.7321,3.6158,5.5132,0
21.565,0,0,1500,1500,-0.22,0.57,2.7321,3.6158,5.5132,0
21.582,0,0,1500,1500,-0.22,0.57,2.7321,3.6158,5.5132,0
21.601,0,0,1500,1500,-0.22,0.57,2.7321,3.6158,5.5132,0
21.618,0,0,1500,1500,-0.22,0.57,2.7321,3.6158,5.5132,0
21.637,0,0,1500,1500,-0.22,0.57,2.7321,3.6158,5.5132,0
21.654,0,0,1500,1500,-0.22,0.57,2.7321,3.6158,5.5132,0
21.672,0,0,1500,1500,0.72,0.10,2.7321,3.6158,5.5132,0
21.689,0,0,1500,1500,0.72,0.10,2.7321,3.6158,5.5132,0
21.708,0,0,1500,1500,0.72,0.10,2.7321,3.6158,5.5132,0
21.725,0,0,1500,1500,0.72,0.10,2.7321,3.6158,5.5132,0
21.742,0,0,1500,1500,0.72,0.10,2.4988,4.1379,4.8148,0
21.761,0,0,1500,1500,0.72,0.10,2.4988,4.1379,4.8148,0
21.780,0,0,1500,1500,0.72,0.10,2.4988,4.1379,4.8148,0
21.798,0,0,1500,1500,0.72,0.10,2.4988,4.1379,4.8148,0
21.815,0,0,1500,1500,0.72,0.10,2.4988,4.1379,4.8148,0
21.832,0,0,1500,1500,0.72,0.10,2.4988,4.1379,4.8148,0
21.850,0,0,1500,1500,0.72,0.10,2.4988,4.1379,4.8148,0
21.867,0,0,1500,1500,0.72,0.10,2.4988,4.1379,4.8148,0
21.885,0,0,1500,1500,0.72,0.10,2.4988,4.1379,4.8148,0
21.902,0,0,1500,1500,0.72,0.10,2.4988,4.1379,4.8148,0
21.919,0,0,1500,1500,1.02,0.09,2.4988,4.1379,4.8148,0
21.937,0,0,1500,1500,1.02,0.09,2.4988,4.1379,4.8148,0
21.954,0,0,1500,1500,1.02,0.09,2.4988,4.1379,4.8148,0
21.972,0,0,1500,1500,1.02,0.09,2.4988,4.1379,4.8148,0
21.989,0,0,1500,1500,1.02,0.09,3.0542,4.3385,8.2267,0
22.006,0,0,1500,1500,1.02,0.09,3.0542,4.3385,8.2267,0
22.023,0,0,1500,1500,1.02,0.09,3.0542,4.3385,8.2267,0
22.040,0,0,1500,1500,1.02,0.09,3.0542,4.3385,8.2267,0
22.057,0,0,1500,1500,1.02,0.09,3.0542,4.3385,8.2267,0
22.075,0,0,1500,1500,1.02,0.09,3.0542,4.3385,8.2267,0
22.092,0,0,1500,1500,1.02,0.09,3.0542,4.3385,8.2267,0
22.109,0,0,1500,1500,1.02,0.09,3.0542,4.3385,8.2267,0
22.126,0,0,1500,1500,1.02,0.09,3.0542,4.3385,8.2267,0
22.144,0,0,1500,1500,1.02,0.09,3.0542,4.3385,8.2267,0
22.161,0,0,1500,1500,1.02,0.09,3.0542,4.3385,8.2267,0
22.178,0,0,1500,1500,1.18,0.67,3.0542,4.3385,8.2267,0
22.196,0,0,1500,1500,1.18,0.67,3.0542,4.3385,8.2267,0
22.214,0,0,1500,1500,1.18,0.67,3.0542,4.3385,8.2267,0
22.231,0,0,1500,1500,1.18,0.67,2.9034,4.6554,7.3457,0
22.248,0,0,1500,1500,1.18,0.67,2.9034,4.6554,7.3457,0
22.266,0,0,1500,1500,1.18,0.67,2.9034,4.6554,7.3457,0
22.284,0,0,1500,1500,1.18,0.67,2.9034,4.6554,7.3457,0
22.301,0,0,1500,1500,1.18,0.67,2.9034,4.6554,7.3457,0
22.318,0,0,1500,1500,1.18,0.67,2.9034,4.6554,7.3457,0
22.336,0,0,1500,1500,1.18,0.67,2.9034,4.6554,7.3457,0
22.353,0,0,1500,1500,1.18,0.67,2.9034,4.6554,7.3457,0
22.370,0,0,1500,1500,1.18,0.67,2.9034,4.6554,7.3457,0
22.387,0,0,1500,1500,1.18,0.67,2.9034,4.6554,7.3457,0
22.404,0,0,1500,1500,1.18,0.67,2.9034,4.6554,7.3457,0
22.421,0,0,1500,1500,1.54,0.75,2.9034,4.6554,7.3457,0
22.438,0,0,1500,1500,1.54,0.75,2.9034,4.6554,7.3457,0
22.458,0,0,1500,1500,1.54,0.75,2.9034,4.6554,7.3457,0
22.476,0,0,1500,1500,1.54,0.75,2.9034,4.6554,7.3457,0
22.493,0,0,1500,1500,1.54,0.75,3.0327,4.7391,6.8842,0
22.511,0,0,1500,1500,1.54,0.75,3.0327,4.7391,6.8842,0
22.528,0,0,1500,1500,1.54,0.75,3.0327,4.7391,6.8842,0
22.547,0,0,1500,1500,1.54,0.75,3.0327,4.7391,6.8842,0
22.564,0,0,1500,1500,1.54,0.75,3.0327,4.7391,6.8842,0
22.582,0,0,1500,1500,1.54,0.75,3.0327,4.7391,6.8842,0
22.599,0,0,1500,1500,1.54,0.75,3.0327,4.7391,6.8842,0
22.617,0,0,1500,1500,1.54,0.75,3.0327,4.7391,6.8842,0
22.635,0,0,1500,1500,1.54,0.75,3.0327,4.7391,6.8842,0
22.652,0,0,1500,1500,1.54,0.75,3.0327,4.7391,6.8842,0
22.670,0,0,1500,1500,1.54,0.75,3.0327,4.7391,6.8842,0
22.687,0,0,1500,1500,1.59,0.63,3.0327,4.7391,6.8842,0
22.704,0,0,1500,1500,1.59,0.63,3.0327,4.7391,6.8842,0
22.722,0,0,1500,1500,1.59,0.63,3.0327,4.7391,6.8842,0
22.742,0,0,1500,1500,1.59,0.63,2.8167,4.4613,6.5839,0
22.760,0,0,1500,1500,1.59,0.63,2.8167,4.4613,6.5839,0
22.778,0,0,1500,1500,1.59,0.63,2.8167,4.4613,6.5839,0
22.796,0,0,1500,1500,1.59,0.63,2.8167,4.4613,6.5839,0
22.813,0,0,1500,1500,1.59,0.63,2.8167,4.4613,6.5839,0
22.831,0,0,1500,1500,1.59,0.63,2.8167,4.4613,6.5839,0
22.848,0,0,1500,1500,1.59,0.63,2.8167,4.4613,6.5839,0
22.866,0,0,1500,1500,1.59,0.63,2.8167,4.4613,6.5839,0
22.883,0,0,1500,1500,1.59,0.63,2.8167,4.4613,6.5839,0
22.900,0,0,1500,1500,1.59,0.63,2.8167,4.4613,6.5839,0
22.917,0,0,1500,1500,0.97,1.03,2.8167,4.4613,6.5839,0
22.934,0,0,1500,1500,0.97,1.03,2.8167,4.4613,6.5839,0
22.951,0,0,1500,1500,0.97,1.03,2.8167,4.4613,6.5839,0
22.969,0,0,1500,1500,0.97,1.03,2.8167,4.4613,6.5839,0
22.986,0,0,1500,1500,0.97,1.03,2.8920,4.0750,6.4129,0
23.003,0,0,1500,1500,0.97,1.03,2.8920,4.0750,6.4129,0
23.021,0,0,1500,1500,0.97,1.03,2.8920,4.0750,6.4129,0
23.039,0,0,1500,1500,0.97,1.03,2.8920,4.0750,6.4129,0
23.056,0,0,1500,1500,0.97,1.03,2.8920,4.0750,6.4129,0
23.074,0,0,1500,1500,0.97,1.03,2.8920,4.0750,6.4129,0
23.093,0,0,1500,1500,0.97,1.03,2.8920,4.0750,6.4129,0
23.110,0,0,1500,1500,0.97,1.03,2.8920,4.0750,6.4129,0
23.129,0,0,1500,1500,0.97,1.03,2.8920,4.0750,6.4129,0
23.148,0,0,1500,1500,0.97,1.03,2.8920,4.0750,6.4129,0
23.165,0,0,1500,1500,0.97,1.03,2.8920,4.0750,6.4129,0
23.183,0,0,1500,1500,0.84,0.63,2.8920,4.0750,6.4129,0
23.200,0,0,1500,1500,0.84,0.63,2.8920,4.0750,6.4129,0
23.218,0,0,1500,1500,0.84,0.63,2.8920,4.0750,6.4129,0
23.235,0,0,1500,1500,0.84,0.63,2.7293,3.6458,5.8431,0
23.254,0,0,1500,1500,0.84,0.63,2.7293,3.6458,5.8431,0
23.272,0,0,1500,1500,0.84,0.63,2.7293,3.6458,5.8431,0
23.289,0,0,1500,1500,0.84,0.63,2.7293,3.6458,5.8431,0
23.306,0,0,1500,1500,0.84,0.63,2.7293,3.6458,5.8431,0
23.324,0,0,1500,1500,0.84,0.63,2.7293,3.6458,5.8431,0
23.342,0,0,1500,1500,0.84,0.63,2.7293,3.6458,5.8431,0
23.361,0,0,1500,1500,0.84,0.63,2.7293,3.6458,5.8431,0
23.378,0,0,1500,1500,0.84,0.63,2.7293,3.6458,5.8431,0
23.397,0,0,1500,1500,0.84,0.63,2.7293,3.6458,5.8431,0
23.414,0,0,1500,1500,0.84,0.63,2.7293,3.6458,5.8431,0
23.431,0,0,1500,1500,0.82,0.08,2.7293,3.6458,5.8431,0
23.448,0,0,1500,1500,0.82,0.08,2.7293,3.6458,5.8431,0
23.465,0,0,1500,1500,0.82,0.08,2.7293,3.6458,5.8431,0
23.483,0,0,1500,1500,0.82,0.08,2.7923,3.5970,6.0604,0
23.500,0,0,1500,1500,0.82,0.08,2.7923,3.5970,6.0604,0
23.517,0,0,1500,1500,0.82,0.08,2.7923,3.5970,6.0604,0
23.534,0,0,1500,1500,0.82,0.08,2.7923,3.5970,6.0604,0
23.551,0,0,1500,1500,0.82,0.08,2.7923,3.5970,6.0604,0
23.568,0,0,1500,1500,0.82,0.08,2.7923,3.5970,6.0604,0
23.585,0,0,1500,1500,0.82,0.08,2.7923,3.5970,6.0604,0
23.602,0,0,1500,1500,0.82,0.08,2.7923,3.5970,6.0604,0
23.620,0,0,1500,1500,0.82,0.08,2.7923,3.5970,6.0604,0
23.637,0,0,1500,1500,0.82,0.08,2.7923,3.5970,6.0604,0
23.655,0,0,1500,1500,0.82,0.08,2.7923,3.5970,6.0604,0
23.674,0,0,1500,1500,1.01,-0.36,2.7923,3.5970,6.0604,0
23.691,0,0,1500,1500,1.01,-0.36,2.7923,3.5970,6.0604,0
23.709,0,0,1500,1500,1.01,-0.36,2.7923,3.5970,6.0604,0
23.727,0,0,1500,1500,1.01,-0.36,2.7923,3.5970,6.0604,0
23.744,0,0,1500,1500,1.01,-0.36,2.9805,3.7669,6.1164,0
23.762,0,0,1500,1500,1.01,-0.36,2.9805,3.7669,6.1164,0
23.779,0,0,1500,1500,1.01,-0.36,2.9805,3.7669,6.1164,0
23.796,0,0,1500,1500,1.01,-0.36,2.9805,3.7669,6.1164,0
23.813,0,0,1500,1500,1.01,-0.36,2.9805,3.7669,6.1164,0
23.831,0,0,1500,1500,1.01,-0.36,2.9805,3.7669,6.1164,0
23.848,0,0,1500,1500,1.01,-0.36,2.9805,3.7669,6.1164,0
23.866,0,0,1500,1500,1.01,-0.36,2.9805,3.7669,6.1164,0
23.884,0,0,1500,1500,1.01,-0.36,2.9805,3.7669,6.1164,0
23.901,0,0,1500,1500,1.01,-0.36,2.9805,3.7669,6.1164,0
23.918,0,0,1500,1500,0.56,-1.14,2.9805,3.7669,6.1164,0
23.935,0,0,1500,1500,0.56,-1.14,2.9805,3.7669,6.1164,0
23.952,0,0,1500,1500,0.56,-1.14,2.9805,3.7669,6.1164,0
23.970,0,0,1500,1500,0.56,-1.14,2.9805,3.7669,6.1164,0
23.987,0,0,1500,1500,0.56,-1.14,2.8218,3.3601,6.3655,0
24.005,0,0,1500,1500,0.56,-1.14,2.8218,3.3601,6.3655,0
24.022,0,0,1500,1500,0.56,-1.14,2.8218,3.3601,6.3655,0
24.039,0,0,1500,1500,0.56,-1.14,2.8218,3.3601,6.3655,0
24.057,0,0,1500,1500,0.56,-1.14,2.8218,3.3601,6.3655,0
24.075,0,0,1500,1500,0.56,-1.14,2.8218,3.3601,6.3655,0
24.092,0,0,1500,1500,0.56,-1.14,2.8218,3.3601,6.3655,0
24.110,0,0,1500,1500,0.56,-1.14,2.8218,3.3601,6.3655,0
24.128,0,0,1500,1500,0.56,-1.14,2.8218,3.3601,6.3655,0
24.148,0,0,1500,1500,0.56,-1.14,2.8218,3.3601,6.3655,0
24.166,0,0,1500,1500,0.56,-1.14,2.8218,3.3601,6.3655,0
24.183,0,0,1500,1500,0.70,-1.32,2.8218,3.3601,6.3655,0
24.201,0,0,1500,1500,0.70,-1.32,2.8218,3.3601,6.3655,0
24.218,0,0,1500,1500,0.70,-1.32,2.8218,3.3601,6.3655,0
24.236,0,0,1500,1500,0.70,-1.32,2.7347,3.5335,6.2538,0
24.253,0,0,1500,1500,0.70,-1.32,2.7347,3.5335,6.2538,0
24.271,0,0,1500,1500,0.70,-1.32,2.7347,3.5335,6.2538,0
24.288,0,0,1500,1500,0.70,-1.32,2.7347,3.5335,6.2538,0
24.305,0,0,1500,1500,0.70,-1.32,2.7347,3.5335,6.2538,0
24.322,0,0,1500,1500,0.70,-1.32,2.7347,3.5335,6.2538,0
24.339,0,0,1500,1500,0.70,-1.32,2.7347,3.5335,6.2538,0
24.356,0,0,1500,1500,0.70,-1.32,2.7347,3.5335,6.2538,0
24.374,0,0,1500,1500,0.70,-1.32,2.7347,3.5335,6.2538,0
24.391,0,0,1500,1500,0.70,-1.32,2.7347,3.5335,6.2538,0
24.409,0,0,1500,1500,0.70,-1.32,2.7347,3.5335,6.2538,0
24.426,0,0,1500,1500,0.60,-1.35,2.7347,3.5335,6.2538,0
24.443,0,0,1500,1500,0.60,-1.35,2.7347,3.5335,6.2538,0
24.460,0,0,1500,1500,0.60,-1.35,2.7347,3.5335,6.2538,0
24.477,0,0,1500,1500,0.60,-1.35,2.7677,3.8784,6.4243,0
24.495,140,-28,1500,1500,0.60,-1.35,2.7677,3.8784,6.4243,0
24.512,137,-27,1500,1500,0.60,-1.35,2.7677,3.8784,6.4243,0
24.529,0,0,1500,1500,0.60,-1.35,2.7677,3.8784,6.4243,0
24.548,129,-27,1500,1500,0.60,-1.35,2.7677,3.8784,6.4243,0
24.565,121,-27,1500,1500,0.60,-1.35,2.7677,3.8784,6.4243,0
24.583,118,-27,1500,1500,0.60,-1.35,2.7677,3.8784,6.4243,0
24.600,115,-26,1500,1500,0.60,-1.35,2.7677,3.8784,6.4243,0
24.617,111,-26,1500,1500,0.60,-1.35,2.7677,3.8784,6.4243,0
24.635,107,-26,1500,1500,0.60,-1.35,2.7677,3.8784,6.4243,0
24.653,107,-26,1500,1500,0.60,-1.35,2.7677,3.8784,6.4243,0
24.670,97,-26,1500,1500,-0.36,-0.02,2.7677,3.8784,6.4243,0
24.688,97,-26,1500,1500,-0.36,-0.02,2.7677,3.8784,6.4243,0
24.705,88,-26,1500,1500,-0.36,-0.02,2.7677,3.8784,6.4243,0
24.724,83,-25,1500,1500,-0.36,-0.02,2.7532,3.5234,7.0089,0
24.742,79,-25,1500,1500,-0.36,-0.02,2.7532,3.5234,7.0089,0
24.759,74,-25,1500,1500,-0.36,-0.02,2.7532,3.5234,7.0089,0
24.777,68,-25,1500,1500,-0.36,-0.02,2.7532,3.5234,7.0089,0
24.795,64,-25,1500,1500,-0.36,-0.02,2.7532,3.5234,7.0089,0
24.812,60,-25,1500,1500,-0.36,-0.02,2.7532,3.5234,7.0089,1
24.829,51,-24,1500,1500,-0.36,-0.02,2.7532,3.5234,7.0089,1
24.847,48,-23,1500,1500,-0.36,-0.02,2.7532,3.5234,7.0089,1
24.864,44,-23,1500,1500,-0.36,-0.02,2.7532,3.5234,7.0089,1
24.887,41,-23,1500,1500,-0.36,-0.02,2.7532,3.5234,7.0089,1
24.905,38,-22,1500,1500,-0.36,-0.02,2.7532,3.5234,7.0089,1
24.923,35,-22,1500,1500,-1.00,0.98,2.7532,3.5234,7.0089,1
24.941,32,-22,1500,1500,-1.00,0.98,2.7532,3.5234,7.0089,1
24.959,30,-22,1500,1500,-1.00,0.98,2.7532,3.5234,7.0089,1
24.976,28,-22,1500,1500,-1.00,0.98,2.7532,3.5234,7.0089,1
24.994,25,-22,1500,1500,-1.00,0.98,2.7277,4.2481,4.7703,1
25.011,22,-21,1500,1500,-1.00,0.98,2.7277,4.2481,4.7703,1
25.029,18,-21,1500,1500,-1.00,0.98,2.7277,4.2481,4.7703,1
25.046,18,-21,1500,1500,-1.00,0.98,2.7277,4.2481,4.7703,1
25.064,14,-21,1500,1500,-1.00,0.98,2.7277,4.2481,4.7703,1
25.081,13,-21,1500,1500,-1.00,0.98,2.7277,4.2481,4.7703,1
25.099,11,-21,1500,1500,-1.00,0.98,2.7277,4.2481,4.7703,1
25.116,10,-21,1500,1500,-1.00,0.98,2.7277,4.2481,4.7703,1
25.134,9,-21,1500,1500,-1.00,0.98,2.7277,4.2481,4.7703,1
25.152,9,-21,1500,1500,-1.00,0.98,2.7277,4.2481,4.7703,1
25.172,9,-21,1500,1500,-1.09,1.40,2.7277,4.2481,4.7703,1
25.191,8,-21,1500,1500,-1.09,1.40,2.7277,4.2481,4.7703,1
25.210,8,-20,1500,1500,-1.09,1.40,2.7277,4.2481,4.7703,1
25.227,9,-19,1500,1500,-1.09,1.40,3.0698,4.2331,8.4999,1
25.244,9,-19,1500,1500,-1.09,1.40,3.0698,4.2331,8.4999,1
25.262,10,-19,1500,1500,-1.09,1.40,3.0698,4.2331,8.4999,1
25.280,11,-18,1500,1500,-1.09,1.40,3.0698,4.2331,8.4999,1
25.297,13,-17,1500,1500,-1.09,1.40,3.0698,4.2331,8.4999,1
25.315,13,-17,1500,1500,-1.09,1.40,3.0698,4.2331,8.4999,1
25.333,13,-17,1500,1500,-1.09,1.40,3.0698,4.2331,8.4999,1
25.350,13,-18,1500,1500,-1.09,1.40,3.0698,4.2331,8.4999,1
25.368,13,-18,1500,1500,-1.09,1.40,3.0698,4.2331,8.4999,1
25.386,13,-18,1500,1500,-1.09,1.40,3.0698,4.2331,8.4999,1
25.405,13,-17,1500,1500,-1.09,1.40,3.0698,4.2331,8.4999,1
25.422,13,-18,1500,1500,-0.38,1.63,3.0698,4.2331,8.4999,1
25.440,13,-18,1500,1500,-0.38,1.63,3.0698,4.2331,8.4999,1
25.458,13,-18,1500,1500,-0.38,1.63,3.0698,4.2331,8.4999,1
25.476,14,-17,1500,1500,-0.38,1.63,3.1643,4.2228,8.9744,1
25.493,14,-16,1500,1500,-0.38,1.63,3.1643,4.2228,8.9744,1
25.511,15,-16,1500,1500,-0.38,1.63,3.1643,4.2228,8.9744,1
25.529,15,-15,1500,1500,-0.38,1.63,3.1643,4.2228,8.9744,1
25.546,16,-14,1500,1500,-0.38,1.63,3.1643,4.2228,8.9744,1
25.563,16,-15,1500,1500,-0.38,1.63,3.1643,4.2228,8.9744,1
25.580,16,-15,1500,1500,-0.38,1.63,3.1643,4.2228,8.9744,1
25.599,17,-16,1500,1500,-0.38,1.63,3.1643,4.2228,8.9744,1
25.616,17,-16,1500,1500,-0.38,1.63,3.1643,4.2228,8.9744,1
25.634,19,-14,1500,1500,-0.38,1.63,3.1643,4.2228,8.9744,1
25.651,20,-14,1500,1500,-0.38,1.63,3.1643,4.2228,8.9744,1
25.669,21,-15,1500,1500,0.34,1.55,3.1643,4.2228,8.9744,1
25.688,22,-15,1500,1500,0.34,1.55,3.1643,4.2228,8.9744,1
25.706,23,-14,1500,1500,0.34,1.55,3.1643,4.2228,8.9744,1
25.724,24,-14,1500,1500,0.34,1.55,3.2817,6.6130,9.4536,1
25.741,25,-14,1500,1500,0.34,1.55,3.2817,6.6130,9.4536,1
25.759,27,-15,1500,1500,0.34,1.55,3.2817,6.6130,9.4536,1
25.777,28,-15,1500,1500,0.34,1.55,3.2817,6.6130,9.4536,1
25.794,30,-14,1500,1500,0.34,1.55,3.2817,6.6130,9.4536,1
25.813,31,-14,1500,1500,0.34,1.55,3.2817,6.6130,9.4536,1
25.830,34,-15,1500,1500,0.34,1.55,3.2817,6.6130,9.4536,1
25.848,36,-14,1500,1500,0.34,1.55,3.2817,6.6130,9.4536,1
25.866,37,-14,1500,1500,0.34,1.55,3.2817,6.6130,9.4536,1
25.883,39,-15,1500,1500,0.34,1.55,3.2817,6.6130,9.4536,1
25.901,41,-15,1500,1500,0.34,1.55,3.2817,6.6130,9.4536,1
25.918,44,-14,1500,1500,0.68,0.81,3.2817,6.6130,9.4536,1
25.936,46,-15,1500,1500,0.68,0.81,3.2817,6.6130,9.4536,1
25.953,48,-15,1500,1500,0.68,0.81,3.2817,6.6130,9.4536,1
25.971,51,-15,1500,1500,0.68,0.81,3.3522,9.0429,9.4367,1
25.989,53,-14,1500,1500,0.68,0.81,3.3522,9.0429,9.4367,1
26.006,56,-14,1500,1500,0.68,0.81,3.3522,9.0429,9.4367,1
26.024,58,-15,1500,1500,0.68,0.81,3.3522,9.0429,9.4367,1
26.042,61,-16,1500,1500,0.68,0.81,3.3522,9.0429,9.4367,0
26.059,64,-15,1500,1500,0.68,0.81,3.3522,9.0429,9.4367,0
26.076,67,-14,1500,1500,0.68,0.81,3.3522,9.0429,9.4367,0
26.094,72,-16,1500,1500,0.68,0.81,3.3522,9.0429,9.4367,0
26.111,72,-16,1500,1500,0.68,0.81,3.3522,9.0429,9.4367,0
26.128,77,-15,1500,1500,0.68,0.81,3.3522,9.0429,9.4367,0
26.146,77,-15,1500,1500,0.68,0.81,3.3522,9.0429,9.4367,0
26.164,83,-15,1500,1500,0.95,0.86,3.3522,9.0429,9.4367,0
26.181,83,-15,1500,1500,0.95,0.86,3.3522,9.0429,9.4367,0
26.199,87,-15,1500,1500,0.95,0.86,3.3522,9.0429,9.4367,0
26.219,90,-16,1500,1500,0.95,0.86,3.3522,9.0429,9.4367,0
26.238,96,-15,1500,1500,0.95,0.86,3.2857,6.6547,9.5668,0
26.255,100,-15,1500,1500,0.95,0.86,3.2857,6.6547,9.5668,0
26.273,103,-15,1500,1500,0.95,0.86,3.2857,6.6547,9.5668,0
26.292,107,-17,1500,1500,0.95,0.86,3.2857,6.6547,9.5668,0
26.309,110,-17,1500,1500,0.95,0.86,3.2857,6.6547,9.5668,0
26.327,116,-17,1500,1500,0.95,0.86,3.2857,6.6547,9.5668,0
26.344,116,-17,1500,1500,0.95,0.86,3.2857,6.6547,9.5668,0
26.363,121,-16,1500,1500,0.95,0.86,3.2857,6.6547,9.5668,0
26.382,123,-16,1500,1500,0.95,0.86,3.2857,6.6547,9.5668,0
26.399,125,-16,1500,1500,0.95,0.86,3.2857,6.6547,9.5668,0
26.417,127,-16,1500,1500,1.49,0.30,3.2857,6.6547,9.5668,0
26.435,129,-16,1500,1500,1.49,0.30,3.2857,6.6547,9.5668,0
26.452,129,-16,1500,1500,1.49,0.30,3.2857,6.6547,9.5668,0
26.471,133,-16,1500,1500,1.49,0.30,3.2857,6.6547,9.5668,0
26.488,134,-16,1500,1500,1.49,0.30,2.9786,5.0922,8.4005,0
26.506,136,-16,1500,1500,1.49,0.30,2.9786,5.0922,8.4005,0
26.526,137,-16,1500,1500,1.49,0.30,2.9786,5.0922,8.4005,0
26.543,138,-16,1500,1500,1.49,0.30,2.9786,5.0922,8.4005,0
26.562,139,-16,1500,1500,1.49,0.30,2.9786,5.0922,8.4005,0
26.579,140,-17,1500,1500,1.49,0.30,2.9786,5.0922,8.4005,0
26.598,142,-17,1500,1500,1.49,0.30,2.9786,5.0922,8.4005,0
26.615,143,-17,1500,1500,1.49,0.30,2.9786,5.0922,8.4005,0
26.632,143,-17,1500,1500,1.49,0.30,2.9786,5.0922,8.4005,0
26.649,143,-17,1500,1500,1.49,0.30,2.9786,5.0922,8.4005,0
26.666,143,-18,1500,1500,2.01,0.80,2.9786,5.0922,8.4005,0
26.685,143,-18,1500,1500,2.01,0.80,2.9786,5.0922,8.4005,0
26.703,142,-17,1500,1500,2.01,0.80,2.9786,5.0922,8.4005,0
26.720,141,-18,1500,1500,2.01,0.80,2.9786,5.0922,8.4005,0
26.738,141,-17,1500,1500,2.01,0.80,3.1338,4.6466,6.0322,0
26.755,140,-17,1500,1500,2.01,0.80,3.1338,4.6466,6.0322,0
26.773,139,-18,1500,1500,2.01,0.80,3.1338,4.6466,6.0322,0
26.793,137,-17,1500,1500,2.01,0.80,3.1338,4.6466,6.0322,0
26.810,136,-17,1500,1500,2.01,0.80,3.1338,4.6466,6.0322,0
26.827,134,-18,1500,1500,2.01,0.80,3.1338,4.6466,6.0322,0
26.845,131,-19,1500,1500,2.01,0.80,3.1338,4.6466,6.0322,0
26.863,129,-19,1500,1500,2.01,0.80,3.1338,4.6466,6.0322,0
26.881,127,-18,1500,1500,2.01,0.80,3.1338,4.6466,6.0322,0
26.898,124,-18,1500,1500,2.01,0.80,3.1338,4.6466,6.0322,0
26.916,121,-18,1500,1500,2.13,0.71,3.1338,4.6466,6.0322,0
26.933,119,-18,1500,1500,2.13,0.71,3.1338,4.6466,6.0322,0
26.950,116,-17,1500,1500,2.13,0.71,3.1338,4.6466,6.0322,0
26.968,116,-17,1500,1500,2.13,0.71,3.1338,4.6466,6.0322,0
26.986,111,-17,1500,1500,2.13,0.71,2.9328,4.3065,8.2903,0
27.006,108,-17,1500,1500,2.13,0.71,2.9328,4.3065,8.2903,0
27.023,106,-17,1500,1500,2.13,0.71,2.9328,4.3065,8.2903,0
27.042,104,-17,1500,1500,2.13,0.71,2.9328,4.3065,8.2903,0
27.061,100,-18,1500,1500,2.13,0.71,2.9328,4.3065,8.2903,0
27.079,99,-19,1500,1500,2.13,0.71,2.9328,4.3065,8.2903,0
27.096,97,-19,1500,1500,2.13,0.71,2.9328,4.3065,8.2903,0
27.113,95,-19,1500,1500,2.13,0.71,2.9328,4.3065,8.2903,0
27.130,94,-19,1500,1500,2.13,0.71,2.9328,4.3065,8.2903,0
27.147,93,-19,1500,1500,2.13,0.71,2.9328,4.3065,8.2903,0
27.164,92,-18,1500,1500,1.69,0.70,2.9328,4.3065,8.2903,0
27.182,91,-18,1500,1500,1.69,0.70,2.9328,4.3065,8.2903,0
27.199,89,-18,1500,1500,1.69,0.70,2.9328,4.3065,8.2903,0
27.217,88,-18,1500,1500,1.69,0.70,2.9328,4.3065,8.2903,0
27.235,87,-18,1500,1500,1.69,0.70,2.9362,4.2219,9.1735,0
27.253,87,-18,1500,1500,1.69,0.70,2.9362,4.2219,9.1735,0
27.272,83,-18,1500,1500,1.69,0.70,2.9362,4.2219,9.1735,0
27.290,82,-18,1500,1500,1.69,0.70,2.9362,4.2219,9.1735,0
27.307,80,-18,1500,1500,1.69,0.70,2.9362,4.2219,9.1735,0
27.324,78,-17,1500,1500,1.69,0.70,2.9362,4.2219,9.1735,0
27.341,76,-17,1500,1500,1.69,0.70,2.9362,4.2219,9.1735,0
27.358,72,-17,1500,1500,1.69,0.70,2.9362,4.2219,9.1735,0
27.375,72,-17,1500,1500,1.69,0.70,2.9362,4.2219,9.1735,0
27.393,67,-17,1500,1500,1.69,0.70,2.9362,4.2219,9.1735,0
27.413,67,-17,1500,1500,0.90,1.17,2.9362,4.2219,9.1735,0
27.430,61,-18,1500,1500,0.90,1.17,2.9362,4.2219,9.1735,0
27.448,61,-18,1500,1500,0.90,1.17,2.9362,4.2219,9.1735,0
27.467,55,-19,1500,1500,0.90,1.17,2.9362,4.2219,9.1735,1
27.484,53,-18,1500,1500,0.90,1.17,2.9362,4.2219,9.1735,1
27.502,50,-18,1500,1500,0.90,1.17,2.9362,4.2219,9.1735,1
27.519,47,-18,1500,1500,0.90,1.17,2.9362,4.2219,9.1735,1
27.536,44,-18,1500,1500,0.90,1.17,2.9362,4.2219,9.1735,1
27.553,42,-18,1500,1500,0.90,1.17,2.9362,4.2219,9.1735,1
27.571,39,-18,1500,1500,0.90,1.17,2.9362,4.2219,9.1735,1
27.588,37,-17,1500,1500,0.90,1.17,2.9362,4.2219,9.1735,1
27.605,35,-17,1500,1500,0.90,1.17,2.9362,4.2219,9.1735,1
27.622,33,-18,1500,1500,0.90,1.17,2.9362,4.2219,9.1735,1
27.640,31,-18,1500,1500,0.90,1.17,2.9362,4.2219,9.1735,1
27.657,29,-18,1500,1500,-0.04,1.07,2.9362,4.2219,9.1735,1
27.674,28,-18,1500,1500,-0.04,1.07,2.9362,4.2219,9.1735,1
27.692,27,-18,1500,1500,-0.04,1.07,2.9362,4.2219,9.1735,1
27.710,25,-18,1500,1500,-0.04,1.07,2.9362,4.2219,9.1735,1
27.729,23,-19,1500,1500,-0.04,1.07,2.9362,4.2219,9.1735,1
27.749,22,-20,1500,1500,-0.04,1.07,2.9362,4.2219,9.1735,1
27.767,21,-19,1500,1500,-0.04,1.07,2.9362,4.2219,9.1735,1
27.785,20,-19,1500,1500,-0.04,1.07,2.9362,4.2219,9.1735,1
27.803,19,-19,1500,1500,-0.04,1.07,2.9362,4.2219,9.1735,1
27.820,18,-19,1500,1500,-0.04,1.07,2.9362,4.2219,9.1735,1
27.838,17,-19,1500,1500,-0.04,1.07,2.9362,4.2219,9.1735,1
27.856,16,-20,1500,1500,-0.04,1.07,2.9362,4.2219,9.1735,1
27.873,14,-20,1500,1500,-0.04,1.07,2.9362,4.2219,9.1735,1
27.891,12,-20,1500,1500,-0.04,1.07,2.9362,4.2219,9.1735,1
27.909,10,-20,1500,1500,-0.04,1.07,2.9362,4.2219,9.1735,1
27.926,9,-20,1500,1500,-0.04,1.07,2.9362,4.2219,9.1735,1
27.943,7,-20,1500,1500,-0.04,1.07,2.9362,4.2219,9.1735,1
27.961,4,-21,1500,1500,-0.04,1.07,2.7814,3.7604,6.5728,1
27.978,1,-21,1500,1500,-1.13,0.02,2.7814,3.7604,6.5728,1
27.997,-1,-21,1500,1500,-1.13,0.02,2.7814,3.7604,6.5728,1
28.016,-7,-22,1500,1500,-1.13,0.02,2.7814,3.7604,6.5728,1
28.035,-9,-22,1500,1500,-1.13,0.02,2.7814,3.7604,6.5728,1
28.052,-11,-22,1500,1500,-1.13,0.02,2.7814,3.7604,6.5728,1
28.069,-14,-22,1500,1500,-1.13,0.02,2.7814,3.7604,6.5728,1
28.086,-16,-22,1500,1500,-1.13,0.02,2.7814,3.7604,6.5728,1
28.104,-18,-22,1500,1500,-1.13,0.02,2.7814,3.7604,6.5728,1
28.121,-19,-22,1500,1500,-1.13,0.02,2.7814,3.7604,6.5728,1
28.138,-20,-23,1500,1500,-1.13,0.02,2.7814,3.7604,6.5728,1
28.156,-21,-23,1500,1500,-1.37,-0.85,2.7814,3.7604,6.5728,1
28.173,-22,-23,1500,1500,-1.37,-0.85,2.7814,3.7604,6.5728,1
28.191,-22,-24,1500,1500,-1.37,-0.85,2.7814,3.7604,6.5728,1
28.208,-22,-23,1500,1500,-1.37,-0.85,2.7814,3.7604,6.5728,1
28.226,-23,-23,1500,1500,-1.37,-0.85,2.7814,3.7604,6.5728,1
28.247,-23,-23,1500,1500,-1.37,-0.85,2.7814,3.7604,6.5728,1
28.265,-23,-24,1500,1500,-1.37,-0.85,2.7814,3.7604,6.5728,1
28.285,-23,-24,1500,1500,-1.37,-0.85,2.7814,3.7604,6.5728,1
28.302,-23,-24,1500,1500,-1.37,-0.85,2.7814,3.7604,6.5728,1
28.322,-23,-24,1500,1500,-1.37,-0.85,2.7814,3.7604,6.5728,1
28.340,-23,-24,1500,1500,-1.37,-0.85,2.7814,3.7604,6.5728,1
28.357,-23,-25,1500,1500,-1.37,-0.85,2.7814,3.7604,6.5728,1
28.374,-23,-25,1500,1500,-1.37,-0.85,2.7814,3.7604,6.5728,1
28.391,-23,-25,1500,1500,-1.37,-0.85,2.7814,3.7604,6.5728,1
28.408,-23,-25,1500,1500,-1.37,-0.85,2.7814,3.7604,6.5728,1
28.426,-24,-24,1500,1500,-1.37,-0.85,2.7814,3.7604,6.5728,1
28.443,-24,-24,1500,1500,-1.37,-0.85,2.7814,3.7604,6.5728,1
28.460,-24,-25,1500,1500,-1.37,-0.85,2.7008,4.1090,5.5686,1
28.478,-24,-25,1500,1500,-0.98,-1.16,2.7008,4.1090,5.5686,1
28.495,-24,-25,1500,1500,-0.98,-1.16,2.7008,4.1090,5.5686,1
28.512,-25,-26,1500,1500,-0.98,-1.16,2.7008,4.1090,5.5686,1
28.531,-27,-25,1500,1500,-0.98,-1.16,2.7008,4.1090,5.5686,1
28.550,-28,-25,1500,1500,-0.98,-1.16,2.7008,4.1090,5.5686,1
28.567,-29,-25,1500,1500,-0.98,-1.16,2.7008,4.1090,5.5686,1
28.585,-29,-25,1500,1500,-0.98,-1.16,2.7008,4.1090,5.5686,1
28.603,-30,-25,1500,1500,-0.98,-1.16,2.7008,4.1090,5.5686,1
28.621,-31,-25,1500,1500,-0.98,-1.16,2.7008,4.1090,5.5686,1
28.639,-32,-25,1500,1500,-0.98,-1.16,2.7008,4.1090,5.5686,1
28.656,-33,-26,1500,1500,-0.15,-1.61,2.7008,4.1090,5.5686,1
28.674,-33,-27,1500,1500,-0.15,-1.61,2.7008,4.1090,5.5686,1
28.692,-34,-27,1500,1500,-0.15,-1.61,2.7008,4.1090,5.5686,1
28.711,-34,-27,1500,1500,-0.15,-1.61,2.7008,4.1090,5.5686,1
28.728,-34,-26,1500,1500,-0.15,-1.61,2.7008,4.1090,5.5686,1
28.745,-34,-26,1500,1500,-0.15,-1.61,2.7008,4.1090,5.5686,1
28.763,-34,-25,1500,1500,-0.15,-1.61,2.7008,4.1090,5.5686,1
28.781,-34,-25,1500,1500,-0.15,-1.61,2.7008,4.1090,5.5686,1
28.798,-34,-25,1500,1500,-0.15,-1.61,2.7008,4.1090,5.5686,1
28.816,-34,-25,1500,1500,-0.15,-1.61,2.7008,4.1090,5.5686,1
28.833,-34,-25,1500,1500,-0.15,-1.61,2.7008,4.1090,5.5686,1
28.851,-34,-25,1500,1500,-0.15,-1.61,2.7008,4.1090,5.5686,1
28.869,-34,-24,1500,1500,-0.15,-1.61,2.7008,4.1090,5.5686,1
28.886,-33,-24,1500,1500,-0.15,-1.61,2.7008,4.1090,5.5686,1
28.903,-33,-24,1500,1500,-0.15,-1.61,2.7008,4.1090,5.5686,1
28.921,-33,-24,1500,1500,-0.15,-1.61,2.7008,4.1090,5.5686,1
28.938,-33,-24,1500,1500,-0.15,-1.61,2.7008,4.1090,5.5686,1
28.957,-34,-24,1500,1500,-0.15,-1.61,2.4618,4.4648,4.8457,1
28.975,-33,-24,1500,1500,-0.18,-1.02,2.4618,4.4648,4.8457,1
28.992,-34,-24,1500,1500,-0.18,-1.02,2.4618,4.4648,4.8457,1
29.009,-34,-24,1500,1500,-0.18,-1.02,2.4618,4.4648,4.8457,1
29.026,-34,-24,1500,1500,-0.18,-1.02,2.4618,4.4648,4.8457,1
29.044,-34,-24,1500,1500,-0.18,-1.02,2.4618,4.4648,4.8457,1
29.062,-34,-24,1500,1500,-0.18,-1.02,2.4618,4.4648,4.8457,1
29.079,-34,-24,1500,1500,-0.18,-1.02,2.4618,4.4648,4.8457,1
29.096,-33,-24,1500,1500,-0.18,-1.02,2.4618,4.4648,4.8457,1
29.113,-33,-25,1500,1500,-0.18,-1.02,2.4618,4.4648,4.8457,1
29.131,-33,-25,1500,1500,-0.18,-1.02,2.4618,4.4648,4.8457,1
29.147,-33,-25,1500,1500,-0.18,-1.02,2.4618,4.4648,4.8457,1
29.164,-34,-25,1500,1500,0.03,-0.23,2.4618,4.4648,4.8457,1
29.181,-33,-24,1500,1500,0.03,-0.23,2.4618,4.4648,4.8457,1
29.199,-33,-24,1500,1500,0.03,-0.23,2.4618,4.4648,4.8457,1
29.217,-33,-23,1500,1500,0.03,-0.23,2.4618,4.4648,4.8457,1
29.235,-33,-23,1500,1500,0.03,-0.23,2.4618,4.4648,4.8457,1
29.253,-34,-23,1500,1500,0.03,-0.23,2.4618,4.4648,4.8457,1
29.270,-34,-24,1500,1500,0.03,-0.23,2.4618,4.4648,4.8457,1
29.288,-34,-24,1500,1500,0.03,-0.23,2.4618,4.4648,4.8457,1
29.306,-34,-24,1500,1500,0.03,-0.23,2.4618,4.4648,4.8457,1
29.323,-34,-23,1500,1500,0.03,-0.23,2.4618,4.4648,4.8457,1
29.340,-34,-23,1500,1500,0.03,-0.23,2.4618,4.4648,4.8457,1
29.357,-34,-23,1500,1500,0.03,-0.23,2.4618,4.4648,4.8457,1
29.375,-34,-22,1500,1500,0.03,-0.23,2.4618,4.4648,4.8457,1
29.392,-33,-22,1500,1500,0.03,-0.23,2.4618,4.4648,4.8457,1
29.410,-34,-22,1500,1500,0.03,-0.23,2.4618,4.4648,4.8457,1
29.428,-34,-21,1500,1500,0.03,-0.23,2.4618,4.4648,4.8457,1
29.445,-34,-21,1500,1500,0.03,-0.23,2.4618,4.4648,4.8457,1
29.463,-34,-21,1500,1500,0.03,-0.23,2.7024,4.0686,5.7266,1
29.480,-34,-21,1500,1500,0.16,0.36,2.7024,4.0686,5.7266,1
29.497,-35,-22,1500,1500,0.16,0.36,2.7024,4.0686,5.7266,1
29.515,-36,-21,1500,1500,0.16,0.36,2.7024,4.0686,5.7266,1
29.532,-36,-21,1500,1500,0.16,0.36,2.7024,4.0686,5.7266,1
29.549,-37,-21,1500,1500,0.16,0.36,2.7024,4.0686,5.7266,1
29.567,-37,-21,1500,1500,0.16,0.36,2.7024,4.0686,5.7266,1
29.584,-37,-21,1500,1500,0.16,0.36,2.7024,4.0686,5.7266,1
29.601,-38,-22,1500,1500,0.16,0.36,2.7024,4.0686,5.7266,1
29.618,-38,-21,1500,1500,0.16,0.36,2.7024,4.0686,5.7266,1
29.635,-39,-21,1500,1500,0.16,0.36,2.7024,4.0686,5.7266,1
29.656,-39,-20,1500,1500,-0.11,0.05,2.7024,4.0686,5.7266,1
29.674,-40,-20,1500,1500,-0.11,0.05,2.7024,4.0686,5.7266,1
29.691,-40,-20,1500,1500,-0.11,0.05,2.7024,4.0686,5.7266,1
29.709,-41,-20,1500,1500,-0.11,0.05,2.7024,4.0686,5.7266,1
29.726,-42,-21,1500,1500,-0.11,0.05,2.7024,4.0686,5.7266,1
29.744,-43,-22,1500,1500,-0.11,0.05,2.7024,4.0686,5.7266,1
29.762,-45,-22,1500,1500,-0.11,0.05,2.7024,4.0686,5.7266,1
29.780,-47,-23,1500,1500,-0.11,0.05,2.7024,4.0686,5.7266,1
29.798,-48,-22,1500,1500,-0.11,0.05,2.7024,4.0686,5.7266,1
29.815,-49,-21,1500,1500,-0.11,0.05,2.7024,4.0686,5.7266,1
29.832,-50,-21,1500,1500,-0.11,0.05,2.7024,4.0686,5.7266,1
29.849,-51,-20,1500,1500,-0.11,0.05,2.7024,4.0686,5.7266,1
29.867,-52,-20,1500,1500,-0.11,0.05,2.7024,4.0686,5.7266,1
29.884,-54,-21,1500,1500,-0.11,0.05,2.7024,4.0686,5.7266,1
29.903,-55,-21,1500,1500,-0.11,0.05,2.7024,4.0686,5.7266,1
29.920,-56,-19,1500,1500,-0.11,0.05,2.7024,4.0686,5.7266,1
29.938,-57,-19,1500,1500,-0.11,0.05,2.7024,4.0686,5.7266,1
29.955,-57,-20,1500,1500,-0.11,0.05,2.9854,5.1449,7.6969,1
29.972,-58,-20,1500,1500,-0.72,0.01,2.9854,5.1449,7.6969,1
29.989,-58,-20,1500,1500,-0.72,0.01,2.9854,5.1449,7.6969,1
30.006,-59,-19,1500,1500,-0.72,0.01,2.9854,5.1449,7.6969,1
30.024,-59,-19,1500,1500,-0.72,0.01,2.9854,5.1449,7.6969,1
30.041,-59,-19,1500,1500,-0.72,0.01,2.9854,5.1449,7.6969,1
30.058,-59,-19,1500,1500,-0.72,0.01,2.9854,5.1449,7.6969,1
30.075,-59,-19,1500,1500,-0.72,0.01,2.9854,5.1449,7.6969,1
30.092,-60,-19,1500,1500,-0.72,0.01,2.9854,5.1449,7.6969,1
30.110,-60,-18,1500,1500,-0.72,0.01,2.9854,5.1449,7.6969,1
30.127,-60,-18,1500,1500,-0.72,0.01,2.9854,5.1449,7.6969,1
30.144,-60,-19,1500,1500,-0.72,0.01,2.9854,5.1449,7.6969,1
30.162,-60,-18,1500,1500,-0.90,-0.49,2.9854,5.1449,7.6969,1
30.180,-60,-19,1500,1500,-0.90,-0.49,2.9854,5.1449,7.6969,1
30.198,-59,-19,1500,1500,-0.90,-0.49,2.9854,5.1449,7.6969,1
30.216,-59,-18,1500,1500,-0.90,-0.49,2.9854,5.1449,7.6969,1
30.234,-58,-18,1500,1500,-0.90,-0.49,2.9854,5.1449,7.6969,1
30.251,-58,-19,1500,1500,-0.90,-0.49,2.9854,5.1449,7.6969,1
30.268,-57,-18,1500,1500,-0.90,-0.49,2.9854,5.1449,7.6969,1
30.286,-56,-18,1500,1500,-0.90,-0.49,2.9854,5.1449,7.6969,1
30.304,-55,-18,1500,1500,-0.90,-0.49,2.9854,5.1449,7.6969,1
30.321,-54,-18,1500,1500,-0.90,-0.49,2.9854,5.1449,7.6969,1
30.338,-52,-18,1500,1500,-0.90,-0.49,2.9854,5.1449,7.6969,1
30.356,-50,-19,1500,1500,-0.90,-0.49,2.9854,5.1449,7.6969,1
30.374,-50,-18,1500,1500,-0.90,-0.49,2.9854,5.1449,7.6969,1
30.392,-50,-18,1500,1500,-0.90,-0.49,2.9854,5.1449,7.6969,1
30.409,-49,-18,1500,1500,-0.90,-0.49,2.9854,5.1449,7.6969,1
30.426,-48,-18,1500,1500,-0.90,-0.49,2.9854,5.1449,7.6969,1
30.444,-46,-18,1500,1500,-0.90,-0.49,2.9854,5.1449,7.6969,1
30.461,-45,-17,1500,1500,-0.90,-0.49,3.2617,7.5359,9.5295,1
30.481,-43,-17,1500,1500,-0.25,-0.16,3.2617,7.5359,9.5295,1
30.498,-41,-18,1500,1500,-0.25,-0.16,3.2617,7.5359,9.5295,1
30.519,-40,-18,1500,1500,-0.25,-0.16,3.2617,7.5359,9.5295,1
30.537,-39,-18,1500,1500,-0.25,-0.16,3.2617,7.5359,9.5295,1
30.554,-38,-17,1500,1500,-0.25,-0.16,3.2617,7.5359,9.5295,1
30.572,-37,-17,1500,1500,-0.25,-0.16,3.2617,7.5359,9.5295,1
30.590,-34,-17,1500,1500,-0.25,-0.16,3.2617,7.5359,9.5295,1
30.608,-34,-17,1500,1500,-0.25,-0.16,3.2617,7.5359,9.5295,1
30.627,-32,-17,1500,1500,-0.25,-0.16,3.2617,7.5359,9.5295,1
30.645,-31,-16,1500,1500,-0.25,-0.16,3.2617,7.5359,9.5295,1
30.662,-30,-16,1500,1500,0.24,0.43,3.2617,7.5359,9.5295,1
30.680,-28,-16,1500,1500,0.24,0.43,3.2617,7.5359,9.5295,1
30.697,-27,-16,1500,1500,0.24,0.43,3.2617,7.5359,9.5295,1
30.715,-25,-16,1500,1500,0.24,0.43,3.2617,7.5359,9.5295,1
30.733,-23,-16,1500,1500,0.24,0.43,3.2617,7.5359,9.5295,1
30.750,-22,-16,1500,1500,0.24,0.43,3.2617,7.5359,9.5295,1
30.767,-20,-16,1500,1500,0.24,0.43,3.2617,7.5359,9.5295,1
30.785,-18,-16,1500,1500,0.24,0.43,3.2617,7.5359,9.5295,1
30.802,-17,-15,1500,1500,0.24,0.43,3.2617,7.5359,9.5295,1
30.821,-15,-15,1500,1500,0.24,0.43,3.2617,7.5359,9.5295,1
30.839,-14,-15,1500,1500,0.24,0.43,3.2617,7.5359,9.5295,1
30.856,-11,-15,1500,1500,0.24,0.43,3.2617,7.5359,9.5295,1
30.874,-9,-15,1500,1500,0.24,0.43,3.2617,7.5359,9.5295,1
30.891,-7,-15,1500,1500,0.24,0.43,3.2617,7.5359,9.5295,1
30.910,-5,-14,1500,1500,0.24,0.43,3.2617,7.5359,9.5295,1
30.927,-5,-14,1500,1500,0.24,0.43,3.2617,7.5359,9.5295,1
30.944,-3,-15,1500,1500,0.24,0.43,3.2617,7.5359,9.5295,1
30.965,-1,-15,1500,1500,-0.24,1.02,3.3093,6.8406,9.5242,1
30.984,2,-15,1500,1500,-0.24,1.02,3.3093,6.8406,9.5242,1
31.002,8,-15,1500,1500,-0.24,1.02,3.3093,6.8406,9.5242,1
31.019,12,-15,1500,1500,-0.24,1.02,3.3093,6.8406,9.5242,1
31.036,15,-15,1500,1500,-0.24,1.02,3.3093,6.8406,9.5242,1
31.054,19,-15,1500,1500,-0.24,1.02,3.3093,6.8406,9.5242,1
31.071,24,-15,1500,1500,-0.24,1.02,3.3093,6.8406,9.5242,1
31.089,28,-15,1500,1500,-0.24,1.02,3.3093,6.8406,9.5242,1
31.106,33,-15,1500,1500,-0.24,1.02,3.3093,6.8406,9.5242,1
31.123,37,-15,1500,1500,-0.24,1.02,3.3093,6.8406,9.5242,1
31.140,42,-15,1500,1500,-0.24,1.02,3.3093,6.8406,9.5242,1
31.161,48,-16,1500,1500,0.06,1.18,3.3093,6.8406,9.5242,1
31.178,60,-16,1500,1500,0.06,1.18,3.3093,6.8406,9.5242,1
31.196,66,-15,1500,1500,0.06,1.18,3.3093,6.8406,9.5242,0
31.213,72,-16,1500,1500,0.06,1.18,3.3093,6.8406,9.5242,0
31.230,78,-15,1500,1500,0.06,1.18,3.3093,6.8406,9.5242,0
31.249,84,-15,1500,1500,0.06,1.18,3.3093,6.8406,9.5242,0
31.266,89,-15,1500,1500,0.06,1.18,3.3093,6.8406,9.5242,0
31.283,95,-15,1500,1500,0.06,1.18,3.3093,6.8406,9.5242,0
31.301,101,-16,1500,1500,0.06,1.18,3.3093,6.8406,9.5242,0
31.318,107,-16,1500,1500,0.06,1.18,3.3093,6.8406,9.5242,0
31.335,112,-17,1500,1500,0.06,1.18,3.3093,6.8406,9.5242,0
31.353,117,-17,1500,1500,0.06,1.18,3.3093,6.8406,9.5242,0
31.370,122,-17,1500,1500,0.06,1.18,3.3093,6.8406,9.5242,0
31.388,127,-16,1500,1500,0.06,1.18,3.3093,6.8406,9.5242,0
31.406,132,-16,1500,1500,0.06,1.18,3.3093,6.8406,9.5242,0
31.424,136,-15,1500,1500,0.06,1.18,3.3093,6.8406,9.5242,0
31.442,140,-16,1500,1500,0.06,1.18,3.3093,6.8406,9.5242,0
31.459,145,-15,1500,1500,0.06,1.18,3.0060,4.7773,8.2668,0
31.477,153,-15,1500,1500,0.32,0.84,3.0060,4.7773,8.2668,0
31.495,156,-14,1500,1500,0.32,0.84,3.0060,4.7773,8.2668,0
31.512,160,-15,1500,1500,0.32,0.84,3.0060,4.7773,8.2668,0
31.529,164,-15,1500,1500,0.32,0.84,3.0060,4.7773,8.2668,0
31.546,168,-15,1500,1500,0.32,0.84,3.0060,4.7773,8.2668,0
31.563,171,-15,1500,1500,0.32,0.84,3.0060,4.7773,8.2668,0
31.580,175,-16,1500,1500,0.32,0.84,3.0060,4.7773,8.2668,0
31.598,179,-15,1500,1500,0.32,0.84,3.0060,4.7773,8.2668,0
31.617,183,-16,1500,1500,0.32,0.84,3.0060,4.7773,8.2668,0
31.637,186,-16,1500,1500,0.32,0.84,3.0060,4.7773,8.2668,0
31.655,190,-15,1500,1500,1.13,0.29,3.0060,4.7773,8.2668,0
31.672,193,-15,1500,1500,1.13,0.29,3.0060,4.7773,8.2668,0
31.691,201,-15,1500,1500,1.13,0.29,3.0060,4.7773,8.2668,0
31.709,204,-15,1500,1500,1.13,0.29,3.0060,4.7773,8.2668,0
31.726,208,-14,1500,1500,1.13,0.29,3.0060,4.7773,8.2668,0
31.744,212,-14,1500,1500,1.13,0.29,3.0060,4.7773,8.2668,0
31.761,216,-14,1500,1500,1.13,0.29,3.0060,4.7773,8.2668,0
31.781,221,-14,1500,1500,1.13,0.29,3.0060,4.7773,8.2668,0
31.798,226,-13,1500,1500,1.13,0.29,3.0060,4.7773,8.2668,0
31.817,231,-13,1500,1500,1.13,0.29,3.0060,4.7773,8.2668,0
31.835,236,-14,1500,1500,1.13,0.29,3.0060,4.7773,8.2668,0
31.853,242,-15,1500,1500,1.13,0.29,3.0060,4.7773,8.2668,0
31.871,247,-14,1500,1500,1.13,0.29,3.0060,4.7773,8.2668,0
31.889,259,-13,1500,1500,1.13,0.29,3.0060,4.7773,8.2668,0
31.906,259,-13,1500,1500,1.13,0.29,3.0060,4.7773,8.2668,0
31.923,265,-12,1500,1500,1.13,0.29,3.0060,4.7773,8.2668,0
31.941,270,-11,1500,1500,1.13,0.29,3.0060,4.7773,8.2668,0
31.960,276,-12,1500,1500,1.57,0.65,2.8338,4.1786,6.8188,0
31.977,0,0,1500,1500,1.57,0.65,2.8338,4.1786,6.8188,0
31.996,0,0,1500,1500,1.57,0.65,2.8338,4.1786,6.8188,0
32.013,0,0,1500,1500,1.57,0.65,2.8338,4.1786,6.8188,0
32.031,0,0,1500,1500,1.57,0.65,2.8338,4.1786,6.8188,0
32.049,0,0,1500,1500,1.57,0.65,2.8338,4.1786,6.8188,0
32.066,0,0,1500,1500,1.57,0.65,2.8338,4.1786,6.8188,0
32.083,0,0,1500,1500,1.57,0.65,2.8338,4.1786,6.8188,0
32.100,0,0,1500,1500,1.57,0.65,2.8338,4.1786,6.8188,0
32.118,0,0,1500,1500,1.57,0.65,2.8338,4.1786,6.8188,0
32.135,0,0,1500,1500,1.57,0.65,2.8338,4.1786,6.8188,0
32.152,0,0,1500,1500,1.00,2.07,2.8338,4.1786,6.8188,0
32.170,0,0,1500,1500,1.00,2.07,2.8338,4.1786,6.8188,0
32.187,0,0,1500,1500,1.00,2.07,2.8338,4.1786,6.8188,0
32.206,0,0,1500,1500,1.00,2.07,2.8338,4.1786,6.8188,0
32.223,0,0,1500,1500,1.00,2.07,2.8338,4.1786,6.8188,0
32.241,0,0,1500,1500,1.00,2.07,2.8338,4.1786,6.8188,0
32.258,0,0,1500,1500,1.00,2.07,2.8338,4.1786,6.8188,0
32.275,0,0,1500,1500,1.00,2.07,2.8338,4.1786,6.8188,0
32.294,0,0,1500,1500,1.00,2.07,2.8338,4.1786,6.8188,0
32.311,0,0,1500,1500,1.00,2.07,2.8338,4.1786,6.8188,0
32.328,0,0,1500,1500,1.00,2.07,2.8338,4.1786,6.8188,0
32.346,0,0,1500,1500,1.00,2.07,2.8338,4.1786,6.8188,0
32.364,0,0,1500,1500,1.00,2.07,2.8338,4.1786,6.8188,0
32.381,0,0,1500,1500,1.00,2.07,2.8338,4.1786,6.8188,0
32.398,0,0,1500,1500,1.00,2.07,2.8338,4.1786,6.8188,0
32.416,0,0,1500,1500,1.00,2.07,2.8338,4.1786,6.8188,0
32.433,0,0,1500,1500,1.00,2.07,2.8338,4.1786,6.8188,0
32.450,0,0,1500,1500,1.00,2.07,3.0166,4.4844,7.6960,0
32.468,0,0,1500,1500,1.73,1.39,3.0166,4.4844,7.6960,0
32.486,0,0,1500,1500,1.73,1.39,3.0166,4.4844,7.6960,0
32.503,0,0,1500,1500,1.73,1.39,3.0166,4.4844,7.6960,0
32.521,0,0,1500,1500,1.73,1.39,3.0166,4.4844,7.6960,0
32.538,0,0,1500,1500,1.73,1.39,3.0166,4.4844,7.6960,0
32.556,0,0,1500,1500,1.73,1.39,3.0166,4.4844,7.6960,0
32.574,0,0,1500,1500,1.73,1.39,3.0166,4.4844,7.6960,0
32.591,0,0,1500,1500,1.73,1.39,3.0166,4.4844,7.6960,0
32.609,0,0,1500,1500,1.73,1.39,3.0166,4.4844,7.6960,0
32.626,0,0,1500,1500,1.73,1.39,3.0166,4.4844,7.6960,0
32.643,0,0,1500,1500,1.73,1.39,3.0166,4.4844,7.6960,0
32.661,0,0,1500,1500,2.02,1.01,3.0166,4.4844,7.6960,0
32.678,0,0,1500,1500,2.02,1.01,3.0166,4.4844,7.6960,0
32.696,0,0,1500,1500,2.02,1.01,3.0166,4.4844,7.6960,0
32.713,0,0,1500,1500,2.02,1.01,3.0166,4.4844,7.6960,0
32.730,0,0,1500,1500,2.02,1.01,3.0166,4.4844,7.6960,0
32.748,0,0,1500,1500,2.02,1.01,3.0166,4.4844,7.6960,0
32.767,0,0,1500,1500,2.02,1.01,3.0166,4.4844,7.6960,0
32.786,0,0,1500,1500,2.02,1.01,3.0166,4.4844,7.6960,0
32.805,0,0,1500,1500,2.02,1.01,3.0166,4.4844,7.6960,0
32.822,0,0,1500,1500,2.02,1.01,3.0166,4.4844,7.6960,0
32.840,0,0,1500,1500,2.02,1.01,3.0166,4.4844,7.6960,0
32.857,0,0,1500,1500,2.02,1.01,3.0166,4.4844,7.6960,0
32.874,0,0,1500,1500,2.02,1.01,3.0166,4.4844,7.6960,0
32.891,0,0,1500,1500,2.02,1.01,3.0166,4.4844,7.6960,0
32.908,0,0,1500,1500,1.87,0.87,3.0166,4.4844,7.6960,0
32.928,0,0,1500,1500,1.87,0.87,3.0166,4.4844,7.6960,0
32.947,0,0,1500,1500,1.87,0.87,3.0166,4.4844,7.6960,0
32.964,0,0,1500,1500,1.87,0.87,3.1237,4.3516,7.8268,0
32.982,0,0,1500,1500,1.87,0.87,3.1237,4.3516,7.8268,0
33.002,0,0,1500,1500,1.87,0.87,3.1237,4.3516,7.8268,0
33.019,278,-17,1500,1500,1.87,0.87,3.1237,4.3516,7.8268,0
33.038,277,-16,1500,1500,1.87,0.87,3.1237,4.3516,7.8268,0
33.055,277,-15,1500,1500,1.87,0.87,3.1237,4.3516,7.8268,0
33.073,272,-17,1500,1500,1.87,0.87,3.1237,4.3516,7.8268,0
33.090,269,-16,1500,1500,1.87,0.87,3.1237,4.3516,7.8268,0
33.107,266,-16,1500,1500,1.87,0.87,3.1237,4.3516,7.8268,0
33.126,262,-16,1500,1500,1.87,0.87,3.1237,4.3516,7.8268,0
33.145,259,-16,1500,1500,1.87,0.87,3.1237,4.3516,7.8268,0
33.163,255,-16,1500,1500,2.24,0.03,3.1237,4.3516,7.8268,0
33.180,252,-17,1500,1500,2.24,0.03,3.1237,4.3516,7.8268,0
33.199,249,-17,1500,1500,2.24,0.03,3.1237,4.3516,7.8268,0
33.217,244,-17,1500,1500,2.24,0.03,2.9820,5.1425,7.5285,0
33.235,240,-18,1500,1500,2.24,0.03,2.9820,5.1425,7.5285,0
33.253,235,-18,1500,1500,2.24,0.03,2.9820,5.1425,7.5285,0
33.270,231,-18,1500,1500,2.24,0.03,2.9820,5.1425,7.5285,0
33.288,228,-18,1500,1500,2.24,0.03,2.9820,5.1425,7.5285,0
33.306,223,-18,1500,1500,2.24,0.03,2.9820,5.1425,7.5285,0
33.323,215,-18,1500,1500,2.24,0.03,2.9820,5.1425,7.5285,0
33.340,211,-19,1500,1500,2.24,0.03,2.9820,5.1425,7.5285,0
33.358,208,-19,1500,1500,2.24,0.03,2.9820,5.1425,7.5285,0
33.376,204,-19,1500,1500,2.24,0.03,2.9820,5.1425,7.5285,0
33.393,201,-19,1500,1500,2.24,0.03,2.9820,5.1425,7.5285,0
33.411,197,-19,1500,1500,2.49,-0.50,2.9820,5.1425,7.5285,0
33.428,193,-19,1500,1500,2.49,-0.50,2.9820,5.1425,7.5285,0
33.446,0,0,1500,1500,2.49,-0.50,2.9820,5.1425,7.5285,0
33.463,185,-19,1500,1500,2.49,-0.50,3.2116,6.6583,9.3406,0
33.480,0,0,1500,1500,2.49,-0.50,3.2116,6.6583,9.3406,0
33.498,0,0,1500,1500,2.49,-0.50,3.2116,6.6583,9.3406,0
33.516,0,0,1500,1500,2.49,-0.50,3.2116,6.6583,9.3406,0
33.534,0,0,1500,1500,2.49,-0.50,3.2116,6.6583,9.3406,0
33.553,167,-19,1500,1500,2.49,-0.50,3.2116,6.6583,9.3406,0
33.570,163,-19,1500,1500,2.49,-0.50,3.2116,6.6583,9.3406,0
33.588,0,0,1500,1500,2.49,-0.50,3.2116,6.6583,9.3406,0
33.606,0,0,1500,1500,2.49,-0.50,3.2116,6.6583,9.3406,0
33.623,0,0,1500,1500,2.49,-0.50,3.2116,6.6583,9.3406,0
33.641,0,0,1500,1500,2.49,-0.50,3.2116,6.6583,9.3406,0
33.658,0,0,1500,1500,1.14,0.19,3.2116,6.6583,9.3406,0
33.676,0,0,1500,1500,1.14,0.19,3.2116,6.6583,9.3406,0
33.694,0,0,1500,1500,1.14,0.19,3.2116,6.6583,9.3406,0
33.712,0,0,1500,1500,1.14,0.19,3.4048,8.7279,9.4608,0
33.730,0,0,1500,1500,1.14,0.19,3.4048,8.7279,9.4608,0
33.747,0,0,1500,1500,1.14,0.19,3.4048,8.7279,9.4608,0
33.764,0,0,1500,1500,1.14,0.19,3.4048,8.7279,9.4608,0
33.782,0,0,1500,1500,1.14,0.19,3.4048,8.7279,9.4608,0
33.799,0,0,1500,1500,1.14,0.19,3.4048,8.7279,9.4608,0
33.816,0,0,1500,1500,1.14,0.19,3.4048,8.7279,9.4608,0
33.834,0,0,1500,1500,1.14,0.19,3.4048,8.7279,9.4608,0
33.852,0,0,1500,1500,1.14,0.19,3.4048,8.7279,9.4608,0
33.869,0,0,1500,1500,1.14,0.19,3.4048,8.7279,9.4608,0
33.886,0,0,1500,1500,1.14,0.19,3.4048,8.7279,9.4608,0
33.904,0,0,1500,1500,0.24,0.84,3.4048,8.7279,9.4608,0
33.921,0,0,1500,1500,0.24,0.84,3.4048,8.7279,9.4608,0
33.938,0,0,1500,1500,0.24,0.84,3.4048,8.7279,9.4608,0
33.955,0,0,1500,1500,0.24,0.84,3.3542,9.7913,9.2077,0
33.973,0,0,1500,1500,0.24,0.84,3.3542,9.7913,9.2077,0
33.990,0,0,1500,1500,0.24,0.84,3.3542,9.7913,9.2077,0
34.008,0,0,1500,1500,0.24,0.84,3.3542,9.7913,9.2077,0
34.027,0,0,1500,1500,0.24,0.84,3.3542,9.7913,9.2077,0
34.044,0,0,1500,1500,0.24,0.84,3.3542,9.7913,9.2077,0
34.062,0,0,1500,1500,0.24,0.84,3.3542,9.7913,9.2077,0
34.079,0,0,1500,1500,0.24,0.84,3.3542,9.7913,9.2077,0
34.097,0,0,1500,1500,0.24,0.84,3.3542,9.7913,9.2077,0
34.114,0,0,1500,1500,0.24,0.84,3.3542,9.7913,9.2077,0
34.131,0,0,1500,1500,0.24,0.84,3.3542,9.7913,9.2077,0
34.149,0,0,1500,1500,-0.05,0.69,3.3542,9.7913,9.2077,0
34.167,0,0,1500,1500,-0.05,0.69,3.3542,9.7913,9.2077,0
34.184,0,0,1500,1500,-0.05,0.69,3.3542,9.7913,9.2077,0
34.201,0,0,1500,1500,-0.05,0.69,3.3542,9.7913,9.2077,0
34.219,0,0,1500,1500,-0.05,0.69,3.2565,8.2767,9.4814,0
34.236,0,0,1500,1500,-0.05,0.69,3.2565,8.2767,9.4814,0
34.254,0,0,1500,1500,-0.05,0.69,3.2565,8.2767,9.4814,0
34.271,0,0,1500,1500,-0.05,0.69,3.2565,8.2767,9.4814,0
34.288,0,0,1500,1500,-0.05,0.69,3.2565,8.2767,9.4814,0
34.305,0,0,1500,1500,-0.05,0.69,3.2565,8.2767,9.4814,0
34.322,0,0,1500,1500,-0.05,0.69,3.2565,8.2767,9.4814,0
34.340,0,0,1500,1500,-0.05,0.69,3.2565,8.2767,9.4814,0
34.357,0,0,1500,1500,-0.05,0.69,3.2565,8.2767,9.4814,0
34.375,0,0,1500,1500,-0.05,0.69,3.2565,8.2767,9.4814,0
34.393,0,0,1500,1500,-0.05,0.69,3.2565,8.2767,9.4814,0
34.411,0,0,1500,1500,-0.59,0.43,3.2565,8.2767,9.4814,0
34.428,0,0,1500,1500,-0.59,0.43,3.2565,8.2767,9.4814,0
34.446,0,0,1500,1500,-0.59,0.43,3.2565,8.2767,9.4814,0
34.463,0,0,1500,1500,-0.59,0.43,3.1736,7.0736,10.2022,0
34.481,0,0,1500,1500,-0.59,0.43,3.1736,7.0736,10.2022,0
34.498,0,0,1500,1500,-0.59,0.43,3.1736,7.0736,10.2022,0
34.516,0,0,1500,1500,-0.59,0.43,3.1736,7.0736,10.2022,0
34.534,0,0,1500,1500,-0.59,0.43,3.1736,7.0736,10.2022,0
34.552,0,0,1500,1500,-0.59,0.43,3.1736,7.0736,10.2022,0
34.569,0,0,1500,1500,-0.59,0.43,3.1736,7.0736,10.2022,0
34.586,0,0,1500,1500,-0.59,0.43,3.1736,7.0736,10.2022,0
34.604,0,0,1500,1500,-0.59,0.43,3.1736,7.0736,10.2022,0
34.622,0,0,1500,1500,-0.59,0.43,3.1736,7.0736,10.2022,0
34.640,0,0,1500,1500,-0.59,0.43,3.1736,7.0736,10.2022,0
34.657,0,0,1500,1500,-0.58,0.37,3.1736,7.0736,10.2022,0
34.676,0,0,1500,1500,-0.58,0.37,3.1736,7.0736,10.2022,0
34.695,0,0,1500,1500,-0.58,0.37,3.1736,7.0736,10.2022,0
34.712,0,0,1500,1500,-0.58,0.37,2.7915,5.3575,5.8897,0
34.730,0,0,1500,1500,-0.58,0.37,2.7915,5.3575,5.8897,0
34.747,0,0,1500,1500,-0.58,0.37,2.7915,5.3575,5.8897,0
34.765,0,0,1500,1500,-0.58,0.37,2.7915,5.3575,5.8897,0
34.782,0,0,1500,1500,-0.58,0.37,2.7915,5.3575,5.8897,0
34.800,0,0,1500,1500,-0.58,0.37,2.7915,5.3575,5.8897,0
34.817,0,0,1500,1500,-0.58,0.37,2.7915,5.3575,5.8897,0
34.835,0,0,1500,1500,-0.58,0.37,2.7915,5.3575,5.8897,0
34.852,0,0,1500,1500,-0.58,0.37,2.7915,5.3575,5.8897,0
34.870,99,-20,1500,1500,-0.58,0.37,2.7915,5.3575,5.8897,0
34.888,101,-20,1500,1500,-0.58,0.37,2.7915,5.3575,5.8897,0
34.905,103,-20,1500,1500,-0.20,0.69,2.7915,5.3575,5.8897,0
34.923,0,0,1500,1500,-0.20,0.69,2.7915,5.3575,5.8897,0
34.940,0,0,1500,1500,-0.20,0.69,2.7915,5.3575,5.8897,0
34.957,0,0,1500,1500,-0.20,0.69,2.8557,3.8052,7.0937,0
34.977,0,0,1500,1500,-0.20,0.69,2.8557,3.8052,7.0937,0
34.994,0,0,1500,1500,-0.20,0.69,2.8557,3.8052,7.0937,0
35.011,0,0,1500,1500,-0.20,0.69,2.8557,3.8052,7.0937,0
35.028,0,0,1500,1500,-0.20,0.69,2.8557,3.8052,7.0937,0
35.046,0,0,1500,1500,-0.20,0.69,2.8557,3.8052,7.0937,0
35.064,0,0,1500,1500,-0.20,0.69,2.8557,3.8052,7.0937,0
35.081,0,0,1500,1500,-0.20,0.69,2.8557,3.8052,7.0937,0
35.099,0,0,1500,1500,-0.20,0.69,2.8557,3.8052,7.0937,0
35.117,78,-20,1500,1500,-0.20,0.69,2.8557,3.8052,7.0937,0
35.138,0,0,1500,1500,-0.20,0.69,2.8557,3.8052,7.0937,0
35.155,0,0,1500,1500,-0.61,0.76,2.8557,3.8052,7.0937,0
35.172,0,0,1500,1500,-0.61,0.76,2.8557,3.8052,7.0937,0
35.190,0,0,1500,1500,-0.61,0.76,2.8557,3.8052,7.0937,0
35.209,0,0,1500,1500,-0.61,0.76,3.2621,3.5104,8.6395,0
35.229,64,-20,1500,1500,-0.61,0.76,3.2621,3.5104,8.6395,0
35.247,0,0,1500,1500,-0.61,0.76,3.2621,3.5104,8.6395,0
35.264,0,0,1500,1500,-0.61,0.76,3.2621,3.5104,8.6395,0
35.281,63,-20,1500,1500,-0.61,0.76,3.2621,3.5104,8.6395,0
35.298,63,-20,1500,1500,-0.61,0.76,3.2621,3.5104,8.6395,0
35.316,63,-20,1500,1500,-0.61,0.76,3.2621,3.5104,8.6395,0
35.334,62,-20,1500,1500,-0.61,0.76,3.2621,3.5104,8.6395,0
35.352,62,-20,1500,1500,-0.61,0.76,3.2621,3.5104,8.6395,0
35.370,62,-20,1500,1500,-0.61,0.76,3.2621,3.5104,8.6395,0
35.387,62,-20,1500,1500,-0.61,0.76,3.2621,3.5104,8.6395,0
35.404,62,-20,1500,1500,-0.37,0.61,3.2621,3.5104,8.6395,0
35.422,63,-20,1500,1500,-0.37,0.61,3.2621,3.5104,8.6395,0
35.439,63,-20,1500,1500,-0.37,0.61,3.2621,3.5104,8.6395,0
35.456,64,-20,1500,1500,-0.37,0.61,2.9804,3.8369,7.6300,0
35.473,65,-20,1500,1500,-0.37,0.61,2.9804,3.8369,7.6300,0
35.490,66,-20,1500,1500,-0.37,0.61,2.9804,3.8369,7.6300,0
35.507,67,-20,1500,1500,-0.37,0.61,2.9804,3.8369,7.6300,0
35.525,68,-20,1500,1500,-0.37,0.61,2.9804,3.8369,7.6300,0
35.542,68,-20,1500,1500,-0.37,0.61,2.9804,3.8369,7.6300,0
35.559,69,-20,1500,1500,-0.37,0.61,2.9804,3.8369,7.6300,0
35.576,71,-19,1500,1500,-0.37,0.61,2.9804,3.8369,7.6300,0
35.593,72,-20,1500,1500,-0.37,0.61,2.9804,3.8369,7.6300,0
35.610,73,-20,1500,1500,-0.37,0.61,2.9804,3.8369,7.6300,0
35.628,75,-21,1500,1500,-0.37,0.61,2.9804,3.8369,7.6300,0
35.646,76,-21,1500,1500,-0.34,0.17,2.9804,3.8369,7.6300,0
35.663,78,-21,1500,1500,-0.34,0.17,2.9804,3.8369,7.6300,0
35.681,80,-21,1500,1500,-0.34,0.17,2.9804,3.8369,7.6300,0
35.699,81,-21,1500,1500,-0.34,0.17,2.9804,3.8369,7.6300,0
35.717,81,-21,1500,1500,-0.34,0.17,3.0602,4.1163,7.2442,0
35.734,83,-21,1500,1500,-0.34,0.17,3.0602,4.1163,7.2442,0
35.754,85,-20,1500,1500,-0.34,0.17,3.0602,4.1163,7.2442,0
35.773,88,-21,1500,1500,-0.34,0.17,3.0602,4.1163,7.2442,0
35.791,90,-21,1500,1500,-0.34,0.17,3.0602,4.1163,7.2442,0
35.809,91,-23,1500,1500,-0.34,0.17,3.0602,4.1163,7.2442,0
35.826,93,-23,1500,1500,-0.34,0.17,3.0602,4.1163,7.2442,0
35.843,94,-22,1500,1500,-0.34,0.17,3.0602,4.1163,7.2442,0
35.860,96,-21,1500,1500,-0.34,0.17,3.0602,4.1163,7.2442,0
35.877,98,-21,1500,1500,-0.34,0.17,3.0602,4.1163,7.2442,0
35.894,100,-21,1500,1500,-0.46,0.37,3.0602,4.1163,7.2442,0
35.911,103,-22,1500,1500,-0.46,0.37,3.0602,4.1163,7.2442,0
35.930,105,-22,1500,1500,-0.46,0.37,3.0602,4.1163,7.2442,0
35.950,108,-22,1500,1500,-0.46,0.37,3.0602,4.1163,7.2442,0
35.967,111,-21,1500,1500,-0.46,0.37,3.0450,4.5282,8.4202,0
35.986,118,-21,1500,1500,-0.46,0.37,3.0450,4.5282,8.4202,0
36.003,121,-22,1500,1500,-0.46,0.37,3.0450,4.5282,8.4202,0
36.021,125,-23,1500,1500,-0.46,0.37,3.0450,4.5282,8.4202,0
36.039,129,-22,1500,1500,-0.46,0.37,3.0450,4.5282,8.4202,0
36.056,132,-21,1500,1500,-0.46,0.37,3.0450,4.5282,8.4202,0
36.073,136,-21,1500,1500,-0.46,0.37,3.0450,4.5282,8.4202,0
36.090,140,-21,1500,1500,-0.46,0.37,3.0450,4.5282,8.4202,0
36.108,143,-22,1500,1500,-0.46,0.37,3.0450,4.5282,8.4202,0
36.125,143,-22,1500,1500,-0.46,0.37,3.0450,4.5282,8.4202,0
36.142,143,-22,1500,1500,0.28,0.71,3.0450,4.5282,8.4202,0
36.161,147,-22,1500,1500,0.28,0.71,3.0450,4.5282,8.4202,0
36.178,150,-22,1500,1500,0.28,0.71,3.0450,4.5282,8.4202,0
36.196,154,-21,1500,1500,0.28,0.71,3.0450,4.5282,8.4202,0
36.214,158,-22,1500,1500,0.28,0.71,2.9648,4.6366,7.9193,0
36.233,165,-21,1500,1500,0.28,0.71,2.9648,4.6366,7.9193,0
36.250,168,-21,1500,1500,0.28,0.71,2.9648,4.6366,7.9193,0
36.269,176,-22,1500,1500,0.28,0.71,2.9648,4.6366,7.9193,0
36.286,180,-22,1500,1500,0.28,0.71,2.9648,4.6366,7.9193,0
36.305,188,-22,1500,1500,0.28,0.71,2.9648,4.6366,7.9193,0
36.322,192,-22,1500,1500,0.28,0.71,2.9648,4.6366,7.9193,0
36.340,196,-23,1500,1500,0.28,0.71,2.9648,4.6366,7.9193,0
36.358,200,-22,1500,1500,0.28,0.71,2.9648,4.6366,7.9193,0
36.375,204,-23,1500,1500,0.28,0.71,2.9648,4.6366,7.9193,0
36.393,208,-22,1500,1500,0.95,0.43,2.9648,4.6366,7.9193,0
36.412,212,-21,1500,1500,0.95,0.43,2.9648,4.6366,7.9193,0
36.432,216,-21,1500,1500,0.95,0.43,2.9648,4.6366,7.9193,0
36.450,219,-21,1500,1500,0.95,0.43,2.9648,4.6366,7.9193,0
36.467,222,-20,1500,1500,0.95,0.43,3.2068,3.8071,8.4755,0
36.484,226,-21,1500,1500,0.95,0.43,3.2068,3.8071,8.4755,0
36.503,232,-21,1500,1500,0.95,0.43,3.2068,3.8071,8.4755,0
36.521,232,-21,1500,1500,0.95,0.43,3.2068,3.8071,8.4755,0
36.539,238,-20,1500,1500,0.95,0.43,3.2068,3.8071,8.4755,0
36.557,241,-20,1500,1500,0.95,0.43,3.2068,3.8071,8.4755,0
36.575,243,-20,1500,1500,0.95,0.43,3.2068,3.8071,8.4755,0
36.592,246,-20,1500,1500,0.95,0.43,3.2068,3.8071,8.4755,0
36.609,249,-21,1500,1500,0.95,0.43,3.2068,3.8071,8.4755,0
36.626,252,-21,1500,1500,0.95,0.43,3.2068,3.8071,8.4755,0
36.644,255,-21,1500,1500,1.37,0.42,3.2068,3.8071,8.4755,0
36.661,258,-21,1500,1500,1.37,0.42,3.2068,3.8071,8.4755,0
36.678,262,-21,1500,1500,1.37,0.42,3.2068,3.8071,8.4755,0
36.695,265,-21,1500,1500,1.37,0.42,3.2068,3.8071,8.4755,0
36.712,269,-21,1500,1500,1.37,0.42,2.8934,4.3155,6.0084,0
36.731,272,-21,1500,1500,1.37,0.42,2.8934,4.3155,6.0084,0
36.749,276,-21,1500,1500,1.37,0.42,2.8934,4.3155,6.0084,0
36.767,276,-21,1500,1500,1.37,0.42,2.8934,4.3155,6.0084,0
36.785,0,0,1500,1500,1.37,0.42,2.8934,4.3155,6.0084,0
36.806,0,0,1500,1500,1.37,0.42,2.8934,4.3155,6.0084,0
36.823,0,0,1500,1500,1.37,0.42,2.8934,4.3155,6.0084,0
36.842,0,0,1500,1500,1.37,0.42,2.8934,4.3155,6.0084,0
36.859,0,0,1500,1500,1.37,0.42,2.8934,4.3155,6.0084,0
36.876,0,0,1500,1500,1.37,0.42,2.8934,4.3155,6.0084,0
36.894,0,0,1500,1500,1.51,0.41,2.8934,4.3155,6.0084,0
36.911,0,0,1500,1500,1.51,0.41,2.8934,4.3155,6.0084,0
36.928,0,0,1500,1500,1.51,0.41,2.8934,4.3155,6.0084,0
36.945,0,0,1500,1500,1.51,0.41,2.8934,4.3155,6.0084,0
36.963,0,0,1500,1500,1.51,0.41,3.1089,3.5992,7.4248,0
36.980,0,0,1500,1500,1.51,0.41,3.1089,3.5992,7.4248,0
36.998,0,0,1500,1500,1.51,0.41,3.1089,3.5992,7.4248,0
37.016,0,0,1500,1500,1.51,0.41,3.1089,3.5992,7.4248,0
37.034,0,0,1500,1500,1.51,0.41,3.1089,3.5992,7.4248,0
37.052,0,0,1500,1500,1.51,0.41,3.1089,3.5992,7.4248,0
37.069,0,0,1500,1500,1.51,0.41,3.1089,3.5992,7.4248,0
37.087,0,0,1500,1500,1.51,0.41,3.1089,3.5992,7.4248,0
37.104,0,0,1500,1500,1.51,0.41,3.1089,3.5992,7.4248,0
37.122,0,0,1500,1500,1.51,0.41,3.1089,3.5992,7.4248,0
37.139,0,0,1500,1500,2.22,0.56,3.1089,3.5992,7.4248,0
37.156,0,0,1500,1500,2.22,0.56,3.1089,3.5992,7.4248,0
37.174,0,0,1500,1500,2.22,0.56,3.1089,3.5992,7.4248,0
37.191,0,0,1500,1500,2.22,0.56,3.1089,3.5992,7.4248,0
37.208,0,0,1500,1500,2.22,0.56,2.9061,3.5586,5.5528,0
37.225,0,0,1500,1500,2.22,0.56,2.9061,3.5586,5.5528,0
37.244,0,0,1500,1500,2.22,0.56,2.9061,3.5586,5.5528,0
37.261,0,0,1500,1500,2.22,0.56,2.9061,3.5586,5.5528,0
37.280,0,0,1500,1500,2.22,0.56,2.9061,3.5586,5.5528,0
37.297,0,0,1500,1500,2.22,0.56,2.9061,3.5586,5.5528,0
37.316,0,0,1500,1500,2.22,0.56,2.9061,3.5586,5.5528,0
37.333,0,0,1500,1500,2.22,0.56,2.9061,3.5586,5.5528,0
37.350,0,0,1500,1500,2.22,0.56,2.9061,3.5586,5.5528,0
37.368,0,0,1500,1500,2.22,0.56,2.9061,3.5586,5.5528,0
37.386,0,0,1500,1500,2.22,0.56,2.9061,3.5586,5.5528,0
37.404,0,0,1500,1500,1.33,1.18,2.9061,3.5586,5.5528,0
37.421,0,0,1500,1500,1.33,1.18,2.9061,3.5586,5.5528,0
37.438,0,0,1500,1500,1.33,1.18,2.9061,3.5586,5.5528,0
37.455,0,0,1500,1500,1.33,1.18,2.8725,3.3254,6.1159,0
37.472,0,0,1500,1500,1.33,1.18,2.8725,3.3254,6.1159,0
37.489,0,0,1500,1500,1.33,1.18,2.8725,3.3254,6.1159,0
37.507,0,0,1500,1500,1.33,1.18,2.8725,3.3254,6.1159,0
37.528,0,0,1500,1500,1.33,1.18,2.8725,3.3254,6.1159,0
37.545,0,0,1500,1500,1.33,1.18,2.8725,3.3254,6.1159,0
37.563,0,0,1500,1500,1.33,1.18,2.8725,3.3254,6.1159,0
37.581,0,0,1500,1500,1.33,1.18,2.8725,3.3254,6.1159,0
37.598,0,0,1500,1500,1.33,1.18,2.8725,3.3254,6.1159,0
37.615,0,0,1500,1500,1.33,1.18,2.8725,3.3254,6.1159,0
37.633,0,0,1500,1500,1.33,1.18,2.8725,3.3254,6.1159,0
37.651,0,0,1500,1500,1.31,1.27,2.8725,3.3254,6.1159,0
37.668,0,0,1500,1500,1.31,1.27,2.8725,3.3254,6.1159,0
37.690,0,0,1500,1500,1.31,1.27,2.8725,3.3254,6.1159,0
37.708,0,0,1500,1500,1.31,1.27,2.7962,3.4692,5.6414,0
37.726,0,0,1500,1500,1.31,1.27,2.7962,3.4692,5.6414,0
37.744,0,0,1500,1500,1.31,1.27,2.7962,3.4692,5.6414,0
37.762,0,0,1500,1500,1.31,1.27,2.7962,3.4692,5.6414,0
37.779,0,0,1500,1500,1.31,1.27,2.7962,3.4692,5.6414,0
37.797,0,0,1500,1500,1.31,1.27,2.7962,3.4692,5.6414,0
37.815,0,0,1500,1500,1.31,1.27,2.7962,3.4692,5.6414,0
37.833,0,0,1500,1500,1.31,1.27,2.7962,3.4692,5.6414,0
37.851,0,0,1500,1500,1.31,1.27,2.7962,3.4692,5.6414,0
37.869,0,0,1500,1500,1.31,1.27,2.7962,3.4692,5.6414,0
37.886,0,0,1500,1500,1.31,1.27,2.7962,3.4692,5.6414,0
37.903,0,0,1500,1500,1.57,0.56,2.7962,3.4692,5.6414,0
37.920,0,0,1500,1500,1.57,0.56,2.7962,3.4692,5.6414,0
37.937,0,0,1500,1500,1.57,0.56,2.7962,3.4692,5.6414,0
37.955,0,0,1500,1500,1.57,0.56,2.9273,3.4275,5.9711,0
37.972,0,0,1500,1500,1.57,0.56,2.9273,3.4275,5.9711,0
37.989,0,0,1500,1500,1.57,0.56,2.9273,3.4275,5.9711,0
38.006,0,0,1500,1500,1.57,0.56,2.9273,3.4275,5.9711,0
38.024,0,0,1500,1500,1.57,0.56,2.9273,3.4275,5.9711,0
38.042,0,0,1500,1500,1.57,0.56,2.9273,3.4275,5.9711,0
38.064,0,0,1500,1500,1.57,0.56,2.9273,3.4275,5.9711,0
38.082,0,0,1500,1500,1.57,0.56,2.9273,3.4275,5.9711,0
38.101,0,0,1500,1500,1.57,0.56,2.9273,3.4275,5.9711,0
38.118,0,0,1500,1500,1.57,0.56,2.9273,3.4275,5.9711,0
38.136,0,0,1500,1500,1.08,-0.32,2.9273,3.4275,5.9711,0
38.155,0,0,1500,1500,1.08,-0.32,2.9273,3.4275,5.9711,0
38.172,0,0,1500,1500,1.08,-0.32,2.9273,3.4275,5.9711,0
38.189,0,0,1500,1500,1.08,-0.32,2.9273,3.4275,5.9711,0
38.207,0,0,1500,1500,1.08,-0.32,2.9020,3.4559,6.3502,0
38.224,0,0,1500,1500,1.08,-0.32,2.9020,3.4559,6.3502,0
38.242,0,0,1500,1500,1.08,-0.32,2.9020,3.4559,6.3502,0
38.260,0,0,1500,1500,1.08,-0.32,2.9020,3.4559,6.3502,0
38.279,0,0,1500,1500,1.08,-0.32,2.9020,3.4559,6.3502,0
38.297,0,0,1500,1500,1.08,-0.32,2.9020,3.4559,6.3502,0
38.315,0,0,1500,1500,1.08,-0.32,2.9020,3.4559,6.3502,0
38.333,0,0,1500,1500,1.08,-0.32,2.9020,3.4559,6.3502,0
38.351,0,0,1500,1500,1.08,-0.32,2.9020,3.4559,6.3502,0
38.368,0,0,1500,1500,1.08,-0.32,2.9020,3.4559,6.3502,0
38.386,0,0,1500,1500,1.08,-0.32,2.9020,3.4559,6.3502,0
38.405,0,0,1500,1500,1.13,-0.58,2.9020,3.4559,6.3502,0
38.422,0,0,1500,1500,1.13,-0.58,2.9020,3.4559,6.3502,0
38.439,0,0,1500,1500,1.13,-0.58,2.9020,3.4559,6.3502,0
38.457,0,0,1500,1500,1.13,-0.58,2.9302,3.9162,6.0269,0
38.477,0,0,1500,1500,1.13,-0.58,2.9302,3.9162,6.0269,0
38.494,0,0,1500,1500,1.13,-0.58,2.9302,3.9162,6.0269,0
38.513,0,0,1500,1500,1.13,-0.58,2.9302,3.9162,6.0269,0
38.531,0,0,1500,1500,1.13,-0.58,2.9302,3.9162,6.0269,0
38.549,0,0,1500,1500,1.13,-0.58,2.9302,3.9162,6.0269,0
38.568,0,0,1500,1500,1.13,-0.58,2.9302,3.9162,6.0269,0
38.585,0,0,1500,1500,1.13,-0.58,2.9302,3.9162,6.0269,0
38.602,0,0,1500,1500,1.13,-0.58,2.9302,3.9162,6.0269,0
38.619,0,0,1500,1500,1.13,-0.58,2.9302,3.9162,6.0269,0
38.636,0,0,1500,1500,1.18,-0.21,2.9302,3.9162,6.0269,0
38.653,0,0,1500,1500,1.18,-0.21,2.9302,3.9162,6.0269,0
38.671,0,0,1500,1500,1.18,-0.21,2.9302,3.9162,6.0269,0
38.688,0,0,1500,1500,1.18,-0.21,2.9302,3.9162,6.0269,0
38.706,0,0,1500,1500,1.18,-0.21,2.9348,3.9876,7.2871,0
38.724,0,0,1500,1500,1.18,-0.21,2.9348,3.9876,7.2871,0
38.743,0,0,1500,1500,1.18,-0.21,2.9348,3.9876,7.2871,0
38.761,0,0,1500,1500,1.18,-0.21,2.9348,3.9876,7.2871,0
38.778,0,0,1500,1500,1.18,-0.21,2.9348,3.9876,7.2871,0
38.796,0,0,1500,1500,1.18,-0.21,2.9348,3.9876,7.2871,0
38.815,0,0,1500,1500,1.18,-0.21,2.9348,3.9876,7.2871,0
38.834,0,0,1500,1500,1.18,-0.21,2.9348,3.9876,7.2871,0
38.852,0,0,1500,1500,1.18,-0.21,2.9348,3.9876,7.2871,0
38.869,0,0,1500,1500,1.18,-0.21,2.9348,3.9876,7.2871,0
38.886,0,0,1500,1500,0.17,0.62,2.9348,3.9876,7.2871,0
38.906,0,0,1500,1500,0.17,0.62,2.9348,3.9876,7.2871,0
38.923,0,0,1500,1500,0.17,0.62,2.9348,3.9876,7.2871,0
38.940,0,0,1500,1500,0.17,0.62,2.9348,3.9876,7.2871,0
38.958,0,0,1500,1500,0.17,0.62,2.9947,4.4010,7.1015,0
38.976,0,0,1500,1500,0.17,0.62,2.9947,4.4010,7.1015,0
38.995,0,0,1500,1500,0.17,0.62,2.9947,4.4010,7.1015,0
39.012,0,0,1500,1500,0.17,0.62,2.9947,4.4010,7.1015,0
39.029,0,0,1500,1500,0.17,0.62,2.9947,4.4010,7.1015,0
39.046,0,0,1500,1500,0.17,0.62,2.9947,4.4010,7.1015,0
39.064,0,0,1500,1500,0.17,0.62,2.9947,4.4010,7.1015,0
39.081,0,0,1500,1500,0.17,0.62,2.9947,4.4010,7.1015,0
39.098,0,0,1500,1500,0.17,0.62,2.9947,4.4010,7.1015,0
39.116,0,0,1500,1500,0.17,0.62,2.9947,4.4010,7.1015,0
39.133,0,0,1500,1500,0.17,0.62,2.9947,4.4010,7.1015,0
39.151,0,0,1500,1500,-0.37,0.15,2.9947,4.4010,7.1015,0
39.168,0,0,1500,1500,-0.37,0.15,2.9947,4.4010,7.1015,0
39.185,0,0,1500,1500,-0.37,0.15,2.9947,4.4010,7.1015,0
39.202,0,0,1500,1500,-0.37,0.15,3.1974,4.9109,8.5723,0
39.219,0,0,1500,1500,-0.37,0.15,3.1974,4.9109,8.5723,0
39.237,0,0,1500,1500,-0.37,0.15,3.1974,4.9109,8.5723,0
39.254,0,0,1500,1500,-0.37,0.15,3.1974,4.9109,8.5723,0
39.271,0,0,1500,1500,-0.37,0.15,3.1974,4.9109,8.5723,0
39.289,0,0,1500,1500,-0.37,0.15,3.1974,4.9109,8.5723,0
39.306,0,0,1500,1500,-0.37,0.15,3.1974,4.9109,8.5723,0
39.323,0,0,1500,1500,-0.37,0.15,3.1974,4.9109,8.5723,0
39.340,0,0,1500,1500,-0.37,0.15,3.1974,4.9109,8.5723,0
39.359,0,0,1500,1500,-0.37,0.15,3.1974,4.9109,8.5723,0
39.376,0,0,1500,1500,-0.37,0.15,3.1974,4.9109,8.5723,0
39.394,0,0,1500,1500,-0.30,0.36,3.1974,4.9109,8.5723,0
39.414,0,0,1500,1500,-0.30,0.36,3.1974,4.9109,8.5723,0
39.433,0,0,1500,1500,-0.30,0.36,3.1974,4.9109,8.5723,0
39.450,0,0,1500,1500,-0.30,0.36,3.0176,4.4542,7.9916,0
39.467,0,0,1500,1500,-0.30,0.36,3.0176,4.4542,7.9916,0
39.484,0,0,1500,1500,-0.30,0.36,3.0176,4.4542,7.9916,0
39.502,0,0,1500,1500,-0.30,0.36,3.0176,4.4542,7.9916,0
39.519,0,0,1500,1500,-0.30,0.36,3.0176,4.4542,7.9916,0
39.536,0,0,1500,1500,-0.30,0.36,3.0176,4.4542,7.9916,0
39.554,0,0,1500,1500,-0.30,0.36,3.0176,4.4542,7.9916,0
39.572,0,0,1500,1500,-0.30,0.36,3.0176,4.4542,7.9916,0
39.589,0,0,1500,1500,-0.30,0.36,3.0176,4.4542,7.9916,0
39.607,0,0,1500,1500,-0.30,0.36,3.0176,4.4542,7.9916,0
39.626,0,0,1500,1500,-0.30,0.36,3.0176,4.4542,7.9916,0
39.644,0,0,1500,1500,-0.47,0.64,3.0176,4.4542,7.9916,0
39.663,0,0,1500,1500,-0.47,0.64,3.0176,4.4542,7.9916,0
39.680,0,0,1500,1500,-0.47,0.64,3.0176,4.4542,7.9916,0
39.699,0,0,1500,1500,-0.47,0.64,3.1146,5.6899,9.0316,0
39.716,0,0,1500,1500,-0.47,0.64,3.1146,5.6899,9.0316,0
39.734,0,0,1500,1500,-0.47,0.64,3.1146,5.6899,9.0316,0
39.752,0,0,1500,1500,-0.47,0.64,3.1146,5.6899,9.0316,0
39.769,0,0,1500,1500,-0.47,0.64,3.1146,5.6899,9.0316,0
39.787,0,0,1500,1500,-0.47,0.64,3.1146,5.6899,9.0316,0
39.805,0,0,1500,1500,-0.47,0.64,3.1146,5.6899,9.0316,0
39.823,0,0,1500,1500,-0.47,0.64,3.1146,5.6899,9.0316,0
39.840,0,0,1500,1500,-0.47,0.64,3.1146,5.6899,9.0316,0
39.858,0,0,1500,1500,-0.47,0.64,3.1146,5.6899,9.0316,0
39.876,0,0,1500,1500,-0.47,0.64,3.1146,5.6899,9.0316,0
39.893,0,0,1500,1500,0.04,0.76,3.1146,5.6899,9.0316,0
39.913,0,0,1500,1500,0.04,0.76,3.1146,5.6899,9.0316,0
39.930,0,0,1500,1500,0.04,0.76,3.1146,5.6899,9.0316,0
39.948,0,0,1500,1500,0.04,0.76,3.3185,8.3734,9.5578,0
39.966,0,0,1500,1500,0.04,0.76,3.3185,8.3734,9.5578,0
39.983,0,0,1500,1500,0.04,0.76,3.3185,8.3734,9.5578,0
40.001,0,0,1500,1500,0.04,0.76,3.3185,8.3734,9.5578,0
40.018,0,0,1500,1500,0.04,0.76,3.3185,8.3734,9.5578,0
40.035,0,0,1500,1500,0.04,0.76,3.3185,8.3734,9.5578,0
40.052,0,0,1500,1500,0.04,0.76,3.3185,8.3734,9.5578,0
40.069,0,0,1500,1500,0.04,0.76,3.3185,8.3734,9.5578,0
40.086,0,0,1500,1500,0.04,0.76,3.3185,8.3734,9.5578,0
40.103,0,0,1500,1500,0.04,0.76,3.3185,8.3734,9.5578,0
40.120,0,0,1500,1500,0.04,0.76,3.3185,8.3734,9.5578,0
40.138,0,0,1500,1500,0.45,0.81,3.3185,8.3734,9.5578,0
40.155,0,0,1500,1500,0.45,0.81,3.3185,8.3734,9.5578,0
40.172,0,0,1500,1500,0.45,0.81,3.3185,8.3734,9.5578,0
40.189,0,0,1500,1500,0.45,0.81,3.3185,8.3734,9.5578,0
40.206,0,0,1500,1500,0.45,0.81,3.4634,9.3332,10.1025,0
40.223,0,0,1500,1500,0.45,0.81,3.4634,9.3332,10.1025,0
40.241,0,0,1500,1500,0.45,0.81,3.4634,9.3332,10.1025,0
40.258,0,0,1500,1500,0.45,0.81,3.4634,9.3332,10.1025,0
40.275,75,-19,1500,1500,0.45,0.81,3.4634,9.3332,10.1025,0
40.292,75,-19,1500,1500,0.45,0.81,3.4634,9.3332,10.1025,0
40.310,78,-19,1500,1500,0.45,0.81,3.4634,9.3332,10.1025,0
40.328,82,-19,1500,1500,0.45,0.81,3.4634,9.3332,10.1025,0
40.347,85,-19,1500,1500,0.45,0.81,3.4634,9.3332,10.1025,0
40.368,90,-19,1500,1500,0.45,0.81,3.4634,9.3332,10.1025,0
40.386,93,-19,1500,1500,0.07,0.30,3.4634,9.3332,10.1025,0
40.403,96,-20,1500,1500,0.07,0.30,3.4634,9.3332,10.1025,0
40.421,96,-20,1500,1500,0.07,0.30,3.4634,9.3332,10.1025,0
40.439,102,-18,1500,1500,0.07,0.30,3.4634,9.3332,10.1025,0
40.457,106,-19,1500,1500,0.07,0.30,3.4904,9.6014,9.9173,0
40.474,109,-19,1500,1500,0.07,0.30,3.4904,9.6014,9.9173,0
40.492,112,-20,1500,1500,0.07,0.30,3.4904,9.6014,9.9173,0
40.509,115,-20,1500,1500,0.07,0.30,3.4904,9.6014,9.9173,0
40.526,118,-20,1500,1500,0.07,0.30,3.4904,9.6014,9.9173,0
40.543,121,-19,1500,1500,0.07,0.30,3.4904,9.6014,9.9173,0
40.560,124,-19,1500,1500,0.07,0.30,3.4904,9.6014,9.9173,0
40.577,127,-19,1500,1500,0.07,0.30,3.4904,9.6014,9.9173,0
40.595,133,-18,1500,1500,0.07,0.30,3.4904,9.6014,9.9173,0
40.613,133,-18,1500,1500,0.07,0.30,3.4904,9.6014,9.9173,0
40.632,139,-19,1500,1500,0.07,0.30,3.4904,9.6014,9.9173,0
40.652,139,-19,1500,1500,0.48,0.34,3.4904,9.6014,9.9173,0
40.669,145,-19,1500,1500,0.48,0.34,3.4904,9.6014,9.9173,0
40.686,145,-19,1500,1500,0.48,0.34,3.4904,9.6014,9.9173,0
40.704,150,-19,1500,1500,0.48,0.34,2.9029,5.9828,6.6407,0
40.721,152,-19,1500,1500,0.48,0.34,2.9029,5.9828,6.6407,0
40.738,154,-19,1500,1500,0.48,0.34,2.9029,5.9828,6.6407,0
40.755,156,-18,1500,1500,0.48,0.34,2.9029,5.9828,6.6407,0
40.772,157,-18,1500,1500,0.48,0.34,2.9029,5.9828,6.6407,0
40.789,157,-17,1500,1500,0.48,0.34,2.9029,5.9828,6.6407,0
40.807,158,-18,1500,1500,0.48,0.34,2.9029,5.9828,6.6407,0
40.824,158,-18,1500,1500,0.48,0.34,2.9029,5.9828,6.6407,0
40.841,158,-18,1500,1500,0.48,0.34,2.9029,5.9828,6.6407,0
40.858,158,-17,1500,1500,0.48,0.34,2.9029,5.9828,6.6407,0
40.876,158,-18,1500,1500,0.48,0.34,2.9029,5.9828,6.6407,0
40.893,158,-18,1500,1500,1.20,0.62,2.9029,5.9828,6.6407,0
40.910,157,-19,1500,1500,1.20,0.62,2.9029,5.9828,6.6407,0
40.928,157,-19,1500,1500,1.20,0.62,2.9029,5.9828,6.6407,0
40.946,156,-20,1500,1500,1.20,0.62,2.8075,3.8067,8.6269,0
40.963,156,-20,1500,1500,1.20,0.62,2.8075,3.8067,8.6269,0
40.982,155,-20,1500,1500,1.20,0.62,2.8075,3.8067,8.6269,0
40.999,154,-21,1500,1500,1.20,0.62,2.8075,3.8067,8.6269,0
41.016,0,0,1500,1500,1.20,0.62,2.8075,3.8067,8.6269,0
41.033,154,-20,1500,1500,1.20,0.62,2.8075,3.8067,8.6269,0
41.051,153,-20,1500,1500,1.20,0.62,2.8075,3.8067,8.6269,0
41.068,152,-20,1500,1500,1.20,0.62,2.8075,3.8067,8.6269,0
41.087,151,-20,1500,1500,1.20,0.62,2.8075,3.8067,8.6269,0
41.105,150,-19,1500,1500,1.20,0.62,2.8075,3.8067,8.6269,0
41.122,149,-19,1500,1500,1.20,0.62,2.8075,3.8067,8.6269,0
41.140,148,-18,1500,1500,0.86,1.27,2.8075,3.8067,8.6269,0
41.157,147,-18,1500,1500,0.86,1.27,2.8075,3.8067,8.6269,0
41.174,145,-18,1500,1500,0.86,1.27,2.8075,3.8067,8.6269,0
41.191,143,-17,1500,1500,0.86,1.27,2.8075,3.8067,8.6269,0
41.208,142,-18,1500,1500,0.86,1.27,3.1987,3.5676,9.3777,0
41.226,140,-17,1500,1500,0.86,1.27,3.1987,3.5676,9.3777,0
41.243,138,-18,1500,1500,0.86,1.27,3.1987,3.5676,9.3777,0
41.261,133,-18,1500,1500,0.86,1.27,3.1987,3.5676,9.3777,0
41.278,133,-18,1500,1500,0.86,1.27,3.1987,3.5676,9.3777,0
41.296,129,-17,1500,1500,0.86,1.27,3.1987,3.5676,9.3777,0
41.313,126,-18,1500,1500,0.86,1.27,3.1987,3.5676,9.3777,0
41.331,124,-18,1500,1500,0.86,1.27,3.1987,3.5676,9.3777,0
41.348,121,-19,1500,1500,0.86,1.27,3.1987,3.5676,9.3777,0
41.366,119,-19,1500,1500,0.86,1.27,3.1987,3.5676,9.3777,0
41.383,117,-20,1500,1500,0.17,1.51,3.1987,3.5676,9.3777,0
41.402,117,-20,1500,1500,0.17,1.51,3.1987,3.5676,9.3777,0
41.423,114,-18,1500,1500,0.17,1.51,3.1987,3.5676,9.3777,0
41.441,112,-18,1500,1500,0.17,1.51,3.1987,3.5676,9.3777,0
41.458,111,-18,1500,1500,0.17,1.51,2.9971,4.8540,8.4091,0
41.475,107,-19,1500,1500,0.17,1.51,2.9971,4.8540,8.4091,0
41.493,105,-19,1500,1500,0.17,1.51,2.9971,4.8540,8.4091,0
41.510,104,-18,1500,1500,0.17,1.51,2.9971,4.8540,8.4091,0
41.527,104,-18,1500,1500,0.17,1.51,2.9971,4.8540,8.4091,0
41.544,102,-19,1500,1500,0.17,1.51,2.9971,4.8540,8.4091,0
41.562,101,-20,1500,1500,0.17,1.51,2.9971,4.8540,8.4091,0
41.579,99,-19,1500,1500,0.17,1.51,2.9971,4.8540,8.4091,0
41.597,98,-19,1500,1500,0.17,1.51,2.9971,4.8540,8.4091,0
41.615,96,-19,1500,1500,0.17,1.51,2.9971,4.8540,8.4091,0
41.634,95,-20,1500,1500,-0.51,1.08,2.9971,4.8540,8.4091,0
41.652,94,-20,1500,1500,-0.51,1.08,2.9971,4.8540,8.4091,0
41.672,94,-19,1500,1500,-0.51,1.08,2.9971,4.8540,8.4091,0
41.690,93,-20,1500,1500,-0.51,1.08,2.9971,4.8540,8.4091,0
41.707,93,-20,1500,1500,-0.51,1.08,3.1133,6.5543,8.9085,0
41.726,93,-20,1500,1500,-0.51,1.08,3.1133,6.5543,8.9085,0
41.744,94,-21,1500,1500,-0.51,1.08,3.1133,6.5543,8.9085,0
41.761,94,-21,1500,1500,-0.51,1.08,3.1133,6.5543,8.9085,0
41.779,94,-21,1500,1500,-0.51,1.08,3.1133,6.5543,8.9085,0
41.797,96,-21,1500,1500,-0.51,1.08,3.1133,6.5543,8.9085,0
41.815,96,-22,1500,1500,-0.51,1.08,3.1133,6.5543,8.9085,0
41.833,97,-22,1500,1500,-0.51,1.08,3.1133,6.5543,8.9085,0
41.850,98,-21,1500,1500,-0.51,1.08,3.1133,6.5543,8.9085,0
41.869,99,-22,1500,1500,-0.51,1.08,3.1133,6.5543,8.9085,0
41.886,100,-23,1500,1500,-1.01,0.44,3.1133,6.5543,8.9085,0
41.904,101,-23,1500,1500,-1.01,0.44,3.1133,6.5543,8.9085,0
41.922,101,-23,1500,1500,-1.01,0.44,3.1133,6.5543,8.9085,0
41.939,102,-22,1500,1500,-1.01,0.44,3.1797,6.1083,9.2538,0
41.957,103,-22,1500,1500,-1.01,0.44,3.1797,6.1083,9.2538,0
41.975,103,-24,1500,1500,-1.01,0.44,3.1797,6.1083,9.2538,0
41.992,104,-25,1500,1500,-1.01,0.44,3.1797,6.1083,9.2538,0
42.010,106,-24,1500,1500,-1.01,0.44,3.1797,6.1083,9.2538,0
42.027,107,-23,1500,1500,-1.01,0.44,3.1797,6.1083,9.2538,0
42.044,108,-24,1500,1500,-1.01,0.44,3.1797,6.1083,9.2538,0
42.063,111,-26,1500,1500,-1.01,0.44,3.1797,6.1083,9.2538,0
42.082,112,-25,1500,1500,-1.01,0.44,3.1797,6.1083,9.2538,0
42.099,114,-25,1500,1500,-1.01,0.44,3.1797,6.1083,9.2538,0
42.116,115,-25,1500,1500,-1.01,0.44,3.1797,6.1083,9.2538,0
42.134,117,-26,1500,1500,-0.39,-1.26,3.1797,6.1083,9.2538,0
42.151,119,-27,1500,1500,-0.39,-1.26,3.1797,6.1083,9.2538,0
42.169,121,-27,1500,1500,-0.39,-1.26,3.1797,6.1083,9.2538,0
42.187,123,-26,1500,1500,-0.39,-1.26,3.1797,6.1083,9.2538,0
42.204,125,-26,1500,1500,-0.39,-1.26,3.2640,5.7017,9.2898,0
42.223,128,-26,1500,1500,-0.39,-1.26,3.2640,5.7017,9.2898,0
42.242,131,-26,1500,1500,-0.39,-1.26,3.2640,5.7017,9.2898,0
42.259,134,-27,1500,1500,-0.39,-1.26,3.2640,5.7017,9.2898,0
42.276,138,-28,1500,1500,-0.39,-1.26,3.2640,5.7017,9.2898,0
42.294,141,-28,1500,1500,-0.39,-1.26,3.2640,5.7017,9.2898,0
42.311,145,-28,1500,1500,-0.39,-1.26,3.2640,5.7017,9.2898,0
42.328,153,-29,1500,1500,-0.39,-1.26,3.2640,5.7017,9.2898,0
42.346,153,-29,1500,1500,-0.39,-1.26,3.2640,5.7017,9.2898,0
42.363,161,-28,1500,1500,-0.39,-1.26,3.2640,5.7017,9.2898,0
42.380,161,-28,1500,1500,0.75,-1.61,3.2640,5.7017,9.2898,0
42.397,165,-28,1500,1500,0.75,-1.61,3.2640,5.7017,9.2898,0
42.414,168,-28,1500,1500,0.75,-1.61,3.2640,5.7017,9.2898,0
42.432,172,-28,1500,1500,0.75,-1.61,3.2640,5.7017,9.2898,0
42.449,178,-27,1500,1500,0.75,-1.61,3.2136,4.1264,7.7317,0
42.466,182,-27,1500,1500,0.75,-1.61,3.2136,4.1264,7.7317,0
42.484,185,-27,1500,1500,0.75,-1.61,3.2136,4.1264,7.7317,0
42.501,188,-27,1500,1500,0.75,-1.61,3.2136,4.1264,7.7317,0
42.518,191,-27,1500,1500,0.75,-1.61,3.2136,4.1264,7.7317,0
42.536,195,-28,1500,1500,0.75,-1.61,3.2136,4.1264,7.7317,0
42.554,198,-28,1500,1500,0.75,-1.61,3.2136,4.1264,7.7317,0
42.571,201,-27,1500,1500,0.75,-1.61,3.2136,4.1264,7.7317,0
42.589,204,-27,1500,1500,0.75,-1.61,3.2136,4.1264,7.7317,0
42.607,207,-27,1500,1500,0.75,-1.61,3.2136,4.1264,7.7317,0
42.625,210,-27,1500,1500,0.75,-1.61,3.2136,4.1264,7.7317,0
42.642,213,-28,1500,1500,1.99,-0.96,3.2136,4.1264,7.7317,0
42.660,216,-28,1500,1500,1.99,-0.96,3.2136,4.1264,7.7317,0
42.678,218,-28,1500,1500,1.99,-0.96,3.2136,4.1264,7.7317,0
42.696,218,-28,1500,1500,1.99,-0.96,2.7104,3.6502,5.8977,0
42.714,223,-27,1500,1500,1.99,-0.96,2.7104,3.6502,5.8977,0
42.732,225,-28,1500,1500,1.99,-0.96,2.7104,3.6502,5.8977,0
42.750,227,-27,1500,1500,1.99,-0.96,2.7104,3.6502,5.8977,0
42.768,230,-27,1500,1500,1.99,-0.96,2.7104,3.6502,5.8977,0
42.786,232,-27,1500,1500,1.99,-0.96,2.7104,3.6502,5.8977,0
42.803,234,-27,1500,1500,1.99,-0.96,2.7104,3.6502,5.8977,0
42.821,236,-27,1500,1500,1.99,-0.96,2.7104,3.6502,5.8977,0
42.838,238,-27,1500,1500,1.99,-0.96,2.7104,3.6502,5.8977,0
42.855,240,-27,1500,1500,1.99,-0.96,2.7104,3.6502,5.8977,0
42.872,241,-28,1500,1500,1.99,-0.96,2.7104,3.6502,5.8977,0
42.891,243,-27,1500,1500,1.70,0.13,2.7104,3.6502,5.8977,0
42.908,244,-27,1500,1500,1.70,0.13,2.7104,3.6502,5.8977,0
42.925,245,-27,1500,1500,1.70,0.13,2.7104,3.6502,5.8977,0
42.942,246,-27,1500,1500,1.70,0.13,2.7107,3.3566,5.9569,0
42.959,247,-27,1500,1500,1.70,0.13,2.7107,3.3566,5.9569,0
42.977,248,-27,1500,1500,1.70,0.13,2.7107,3.3566,5.9569,0
42.994,250,-27,1500,1500,1.70,0.13,2.7107,3.3566,5.9569,0
43.013,251,-27,1500,1500,1.70,0.13,2.7107,3.3566,5.9569,0
43.030,252,-27,1500,1500,1.70,0.13,2.7107,3.3566,5.9569,0
43.048,253,-27,1500,1500,1.70,0.13,2.7107,3.3566,5.9569,0
43.066,253,-27,1500,1500,1.70,0.13,2.7107,3.3566,5.9569,0
43.084,252,-27,1500,1500,1.70,0.13,2.7107,3.3566,5.9569,0
43.102,252,-27,1500,1500,1.70,0.13,2.7107,3.3566,5.9569,0
43.119,252,-27,1500,1500,1.70,0.13,2.7107,3.3566,5.9569,0
43.136,252,-27,1500,1500,1.52,-0.13,2.7107,3.3566,5.9569,0
43.154,253,-27,1500,1500,1.52,-0.13,2.7107,3.3566,5.9569,0
43.172,254,-27,1500,1500,1.52,-0.13,2.7107,3.3566,5.9569,0
43.190,255,-28,1500,1500,1.52,-0.13,2.7733,3.6338,5.6429,0
43.209,255,-28,1500,1500,1.52,-0.13,2.7733,3.6338,5.6429,0
43.226,257,-28,1500,1500,1.52,-0.13,2.7733,3.6338,5.6429,0
43.244,257,-28,1500,1500,1.52,-0.13,2.7733,3.6338,5.6429,0
43.262,258,-27,1500,1500,1.52,-0.13,2.7733,3.6338,5.6429,0
43.279,258,-28,1500,1500,1.52,-0.13,2.7733,3.6338,5.6429,0
43.297,258,-28,1500,1500,1.52,-0.13,2.7733,3.6338,5.6429,0
43.315,258,-28,1500,1500,1.52,-0.13,2.7733,3.6338,5.6429,0
43.333,258,-28,1500,1500,1.52,-0.13,2.7733,3.6338,5.6429,0
43.350,257,-28,1500,1500,1.52,-0.13,2.7733,3.6338,5.6429,0
43.367,257,-29,1500,1500,1.52,-0.13,2.7733,3.6338,5.6429,0
43.384,256,-28,1500,1500,0.99,-0.40,2.7733,3.6338,5.6429,0
43.402,255,-28,1500,1500,0.99,-0.40,2.7733,3.6338,5.6429,0
43.419,255,-28,1500,1500,0.99,-0.40,2.7733,3.6338,5.6429,0
43.437,254,-28,1500,1500,0.99,-0.40,2.8103,3.8624,5.9198,0
43.454,253,-29,1500,1500,0.99,-0.40,2.8103,3.8624,5.9198,0
43.472,253,-29,1500,1500,0.99,-0.40,2.8103,3.8624,5.9198,0
43.491,253,-28,1500,1500,0.99,-0.40,2.8103,3.8624,5.9198,0
43.509,252,-27,1500,1500,0.99,-0.40,2.8103,3.8624,5.9198,0
43.527,252,-27,1500,1500,0.99,-0.40,2.8103,3.8624,5.9198,0
43.546,252,-28,1500,1500,0.99,-0.40,2.8103,3.8624,5.9198,0
43.565,254,-29,1500,1500,0.99,-0.40,2.8103,3.8624,5.9198,0
43.582,256,-29,1500,1500,0.99,-0.40,2.8103,3.8624,5.9198,0
43.599,257,-28,1500,1500,0.99,-0.40,2.8103,3.8624,5.9198,0
43.617,259,-28,1500,1500,0.99,-0.40,2.8103,3.8624,5.9198,0
43.634,261,-28,1500,1500,0.84,-0.28,2.8103,3.8624,5.9198,0
43.652,262,-28,1500,1500,0.84,-0.28,2.8103,3.8624,5.9198,0
43.670,265,-28,1500,1500,0.84,-0.28,2.8103,3.8624,5.9198,0
43.688,267,-28,1500,1500,0.84,-0.28,2.7817,3.3985,6.7719,0
43.705,267,-28,1500,1500,0.84,-0.28,2.7817,3.3985,6.7719,0
43.723,269,-28,1500,1500,0.84,-0.28,2.7817,3.3985,6.7719,0
43.740,270,-28,1500,1500,0.84,-0.28,2.7817,3.3985,6.7719,0
43.757,272,-28,1500,1500,0.84,-0.28,2.7817,3.3985,6.7719,0
43.775,273,-28,1500,1500,0.84,-0.28,2.7817,3.3985,6.7719,0
43.793,275,-28,1500,1500,0.84,-0.28,2.7817,3.3985,6.7719,0
43.812,277,-28,1500,1500,0.84,-0.28,2.7817,3.3985,6.7719,0
43.832,277,-28,1500,1500,0.84,-0.28,2.7817,3.3985,6.7719,0
43.849,277,-28,1500,1500,0.84,-0.28,2.7817,3.3985,6.7719,0
43.866,279,-28,1500,1500,0.84,-0.28,2.7817,3.3985,6.7719,0
43.884,279,-28,1500,1500,1.04,-0.28,2.7817,3.3985,6.7719,0
43.903,279,-28,1500,1500,1.04,-0.28,2.7817,3.3985,6.7719,0
43.920,277,-28,1500,1500,1.04,-0.28,2.7817,3.3985,6.7719,0
43.937,275,-29,1500,1500,1.04,-0.28,2.9473,4.2596,6.6060,0
43.954,272,-28,1500,1500,1.04,-0.28,2.9473,4.2596,6.6060,0
43.971,270,-29,1500,1500,1.04,-0.28,2.9473,4.2596,6.6060,0
43.990,267,-29,1500,1500,1.04,-0.28,2.9473,4.2596,6.6060,0
44.008,263,-29,1500,1500,1.04,-0.28,2.9473,4.2596,6.6060,0
44.025,261,-29,1500,1500,1.04,-0.28,2.9473,4.2596,6.6060,0
44.044,257,-29,1500,1500,1.04,-0.28,2.9473,4.2596,6.6060,0
44.062,254,-29,1500,1500,1.04,-0.28,2.9473,4.2596,6.6060,0
44.081,251,-29,1500,1500,1.04,-0.28,2.9473,4.2596,6.6060,0
44.098,246,-30,1500,1500,1.04,-0.28,2.9473,4.2596,6.6060,0
44.116,244,-30,1500,1500,1.04,-0.28,2.9473,4.2596,6.6060,0
44.134,241,-30,1500,1500,1.17,-1.43,2.9473,4.2596,6.6060,0
44.151,239,-30,1500,1500,1.17,-1.43,2.9473,4.2596,6.6060,0
44.168,237,-30,1500,1500,1.17,-1.43,2.9473,4.2596,6.6060,0
44.186,234,-30,1500,1500,1.17,-1.43,2.9473,4.2596,6.6060,0
44.203,232,-30,1500,1500,1.17,-1.43,2.8799,4.9164,8.5062,0
44.220,229,-30,1500,1500,1.17,-1.43,2.8799,4.9164,8.5062,0
44.238,227,-30,1500,1500,1.17,-1.43,2.8799,4.9164,8.5062,0
44.255,224,-30,1500,1500,1.17,-1.43,2.8799,4.9164,8.5062,0
44.274,222,-30,1500,1500,1.17,-1.43,2.8799,4.9164,8.5062,0
44.291,219,-30,1500,1500,1.17,-1.43,2.8799,4.9164,8.5062,0
44.308,216,-30,1500,1500,1.17,-1.43,2.8799,4.9164,8.5062,0
44.325,213,-30,1500,1500,1.17,-1.43,2.8799,4.9164,8.5062,0
44.343,0,0,1500,1500,1.17,-1.43,2.8799,4.9164,8.5062,0
44.360,0,0,1500,1500,1.17,-1.43,2.8799,4.9164,8.5062,0
44.377,0,0,1500,1500,1.03,-0.89,2.8799,4.9164,8.5062,0
44.397,0,0,1500,1500,1.03,-0.89,2.8799,4.9164,8.5062,0
44.415,0,0,1500,1500,1.03,-0.89,2.8799,4.9164,8.5062,0
44.432,0,0,1500,1500,1.03,-0.89,2.8799,4.9164,8.5062,0
44.450,187,-30,1500,1500,1.03,-0.89,3.3187,3.8493,9.5796,0
44.468,0,0,1500,1500,1.03,-0.89,3.3187,3.8493,9.5796,0
44.486,0,0,1500,1500,1.03,-0.89,3.3187,3.8493,9.5796,0
44.504,0,0,1500,1500,1.03,-0.89,3.3187,3.8493,9.5796,0
44.521,0,0,1500,1500,1.03,-0.89,3.3187,3.8493,9.5796,0
44.540,0,0,1500,1500,1.03,-0.89,3.3187,3.8493,9.5796,0
44.558,0,0,1500,1500,1.03,-0.89,3.3187,3.8493,9.5796,0
44.576,0,0,1500,1500,1.03,-0.89,3.3187,3.8493,9.5796,0
44.593,0,0,1500,1500,1.03,-0.89,3.3187,3.8493,9.5796,0
44.610,0,0,1500,1500,1.03,-0.89,3.3187,3.8493,9.5796,0
44.628,0,0,1500,1500,0.95,-1.01,3.3187,3.8493,9.5796,0
44.645,0,0,1500,1500,0.95,-1.01,3.3187,3.8493,9.5796,0
44.662,0,0,1500,1500,0.95,-1.01,3.3187,3.8493,9.5796,0
44.681,0,0,1500,1500,0.95,-1.01,3.3187,3.8493,9.5796,0
44.698,0,0,1500,1500,0.95,-1.01,3.1612,5.4511,8.4326,0
44.715,0,0,1500,1500,0.95,-1.01,3.1612,5.4511,8.4326,0
44.732,0,0,1500,1500,0.95,-1.01,3.1612,5.4511,8.4326,0
44.750,0,0,1500,1500,0.95,-1.01,3.1612,5.4511,8.4326,0
44.767,0,0,1500,1500,0.95,-1.01,3.1612,5.4511,8.4326,0
44.785,0,0,1500,1500,0.95,-1.01,3.1612,5.4511,8.4326,0
44.802,0,0,1500,1500,0.95,-1.01,3.1612,5.4511,8.4326,0
44.819,0,0,1500,1500,0.95,-1.01,3.1612,5.4511,8.4326,0
44.836,0,0,1500,1500,0.95,-1.01,3.1612,5.4511,8.4326,0
44.854,0,0,1500,1500,0.95,-1.01,3.1612,5.4511,8.4326,0
44.871,0,0,1500,1500,0.95,-1.01,3.1612,5.4511,8.4326,0
44.888,0,0,1500,1500,0.69,-0.51,3.1612,5.4511,8.4326,0
44.906,0,0,1500,1500,0.69,-0.51,3.1612,5.4511,8.4326,0
44.923,0,0,1500,1500,0.69,-0.51,3.1612,5.4511,8.4326,0
44.941,0,0,1500,1500,0.69,-0.51,3.0719,4.9865,7.7739,0
44.958,0,0,1500,1500,0.69,-0.51,3.0719,4.9865,7.7739,0
44.977,0,0,1500,1500,0.69,-0.51,3.0719,4.9865,7.7739,0
44.994,0,0,1500,1500,0.69,-0.51,3.0719,4.9865,7.7739,0
45.013,0,0,1500,1500,0.69,-0.51,3.0719,4.9865,7.7739,0
45.030,0,0,1500,1500,0.69,-0.51,3.0719,4.9865,7.7739,0
45.049,0,0,1500,1500,0.69,-0.51,3.0719,4.9865,7.7739,0
45.066,0,0,1500,1500,0.69,-0.51,3.0719,4.9865,7.7739,0
45.084,0,0,1500,1500,0.69,-0.51,3.0719,4.9865,7.7739,0
45.101,0,0,1500,1500,0.69,-0.51,3.0719,4.9865,7.7739,0
45.118,0,0,1500,1500,0.69,-0.51,3.0719,4.9865,7.7739,0
45.137,0,0,1500,1500,0.99,0.05,3.0719,4.9865,7.7739,0
45.154,0,0,1500,1500,0.99,0.05,3.0719,4.9865,7.7739,0
45.172,0,0,1500,1500,0.99,0.05,3.0719,4.9865,7.7739,0
45.190,0,0,1500,1500,0.99,0.05,2.7403,4.2823,7.2149,0
45.207,0,0,1500,1500,0.99,0.05,2.7403,4.2823,7.2149,0
45.225,0,0,1500,1500,0.99,0.05,2.7403,4.2823,7.2149,0
45.242,0,0,1500,1500,0.99,0.05,2.7403,4.2823,7.2149,0
45.259,0,0,1500,1500,0.99,0.05,2.7403,4.2823,7.2149,0
45.277,0,0,1500,1500,0.99,0.05,2.7403,4.2823,7.2149,0
45.294,0,0,1500,1500,0.99,0.05,2.7403,4.2823,7.2149,0
45.312,0,0,1500,1500,0.99,0.05,2.7403,4.2823,7.2149,0
45.329,0,0,1500,1500,0.99,0.05,2.7403,4.2823,7.2149,0
45.346,0,0,1500,1500,0.99,0.05,2.7403,4.2823,7.2149,0
45.363,0,0,1500,1500,0.99,0.05,2.7403,4.2823,7.2149,0
45.380,0,0,1500,1500,0.75,0.41,2.7403,4.2823,7.2149,0
45.397,0,0,1500,1500,0.75,0.41,2.7403,4.2823,7.2149,0
45.417,0,0,1500,1500,0.75,0.41,2.7403,4.2823,7.2149,0
45.435,0,0,1500,1500,0.75,0.41,3.1055,4.5630,8.1369,0
45.453,0,0,1500,1500,0.75,0.41,3.1055,4.5630,8.1369,0
45.471,0,0,1500,1500,0.75,0.41,3.1055,4.5630,8.1369,0
45.488,0,0,1500,1500,0.75,0.41,3.1055,4.5630,8.1369,0
45.507,0,0,1500,1500,0.75,0.41,3.1055,4.5630,8.1369,0
45.524,0,0,1500,1500,0.75,0.41,3.1055,4.5630,8.1369,0
45.543,0,0,1500,1500,0.75,0.41,3.1055,4.5630,8.1369,0
45.560,0,0,1500,1500,0.75,0.41,3.1055,4.5630,8.1369,0
45.577,0,0,1500,1500,0.75,0.41,3.1055,4.5630,8.1369,0
45.595,0,0,1500,1500,0.75,0.41,3.1055,4.5630,8.1369,0
45.612,0,0,1500,1500,0.75,0.41,3.1055,4.5630,8.1369,0
45.630,0,0,1500,1500,0.05,0.45,3.1055,4.5630,8.1369,0
45.648,0,0,1500,1500,0.05,0.45,3.1055,4.5630,8.1369,0
45.665,0,0,1500,1500,0.05,0.45,3.1055,4.5630,8.1369,0
45.683,0,0,1500,1500,0.05,0.45,3.3616,6.5300,8.7392,0
45.700,0,0,1500,1500,0.05,0.45,3.3616,6.5300,8.7392,0
45.717,0,0,1500,1500,0.05,0.45,3.3616,6.5300,8.7392,0
45.734,0,0,1500,1500,0.05,0.45,3.3616,6.5300,8.7392,0
45.753,0,0,1500,1500,0.05,0.45,3.3616,6.5300,8.7392,0
45.771,0,0,1500,1500,0.05,0.45,3.3616,6.5300,8.7392,0
45.789,0,0,1500,1500,0.05,0.45,3.3616,6.5300,8.7392,0
45.808,0,0,1500,1500,0.05,0.45,3.3616,6.5300,8.7392,0
45.827,0,0,1500,1500,0.05,0.45,3.3616,6.5300,8.7392,0
45.844,0,0,1500,1500,0.05,0.45,3.3616,6.5300,8.7392,0
45.861,0,0,1500,1500,0.05,0.45,3.3616,6.5300,8.7392,0
45.878,0,0,1500,1500,-0.45,0.51,3.3616,6.5300,8.7392,0
45.896,0,0,1500,1500,-0.45,0.51,3.3616,6.5300,8.7392,0
45.913,0,0,1500,1500,-0.45,0.51,3.3616,6.5300,8.7392,0
45.931,0,0,1500,1500,-0.45,0.51,3.3360,9.6454,9.7057,0
45.948,0,0,1500,1500,-0.45,0.51,3.3360,9.6454,9.7057,0
45.965,57,-15,1500,1500,-0.45,0.51,3.3360,9.6454,9.7057,1
45.984,56,-15,1500,1500,-0.45,0.51,3.3360,9.6454,9.7057,1
46.001,56,-14,1500,1500,-0.45,0.51,3.3360,9.6454,9.7057,1
46.019,56,-15,1500,1500,-0.45,0.51,3.3360,9.6454,9.7057,1
46.037,55,-14,1500,1500,-0.45,0.51,3.3360,9.6454,9.7057,1
46.054,56,-14,1500,1500,-0.45,0.51,3.3360,9.6454,9.7057,1
46.072,55,-14,1500,1500,-0.45,0.51,3.3360,9.6454,9.7057,1
46.091,55,-14,1500,1500,-0.45,0.51,3.3360,9.6454,9.7057,1
46.109,54,-13,1500,1500,-0.45,0.51,3.3360,9.6454,9.7057,1
46.127,54,-13,1500,1500,0.48,1.07,3.3360,9.6454,9.7057,1
46.145,54,-13,1500,1500,0.48,1.07,3.3360,9.6454,9.7057,1
46.163,54,-13,1500,1500,0.48,1.07,3.3360,9.6454,9.7057,1
46.180,53,-13,1500,1500,0.48,1.07,3.3360,9.6454,9.7057,1
46.199,52,-13,1500,1500,0.48,1.07,3.4821,8.5720,9.9190,1
46.216,52,-12,1500,1500,0.48,1.07,3.4821,8.5720,9.9190,1
46.233,52,-12,1500,1500,0.48,1.07,3.4821,8.5720,9.9190,1
46.250,52,-12,1500,1500,0.48,1.07,3.4821,8.5720,9.9190,1
46.268,52,-12,1500,1500,0.48,1.07,3.4821,8.5720,9.9190,1
46.285,52,-12,1500,1500,0.48,1.07,3.4821,8.5720,9.9190,1
46.303,53,-12,1500,1500,0.48,1.07,3.4821,8.5720,9.9190,1
46.321,53,-12,1500,1500,0.48,1.07,3.4821,8.5720,9.9190,1
46.338,53,-11,1500,1500,0.48,1.07,3.4821,8.5720,9.9190,1
46.355,53,-11,1500,1500,0.48,1.07,3.4821,8.5720,9.9190,1
46.372,53,-11,1500,1500,0.73,1.30,3.4821,8.5720,9.9190,1
46.389,53,-11,1500,1500,0.73,1.30,3.4821,8.5720,9.9190,1
46.406,53,-11,1500,1500,0.73,1.30,3.4821,8.5720,9.9190,1
46.425,51,-10,1500,1500,0.73,1.30,3.4821,8.5720,9.9190,1
46.443,49,-10,1500,1500,0.73,1.30,3.3436,7.0959,10.3390,1
46.461,48,-10,1500,1500,0.73,1.30,3.3436,7.0959,10.3390,1
46.478,44,-10,1500,1500,0.73,1.30,3.3436,7.0959,10.3390,1
46.496,42,-10,1500,1500,0.73,1.30,3.3436,7.0959,10.3390,1
46.513,39,-10,1500,1500,0.73,1.30,3.3436,7.0959,10.3390,1
46.531,37,-10,1500,1500,0.73,1.30,3.3436,7.0959,10.3390,1
46.548,35,-10,1500,1500,0.73,1.30,3.3436,7.0959,10.3390,1
46.566,33,-10,1500,1500,0.73,1.30,3.3436,7.0959,10.3390,1
46.583,31,-9,1500,1500,0.73,1.30,3.3436,7.0959,10.3390,1
46.600,29,-10,1500,1500,0.73,1.30,3.3436,7.0959,10.3390,1
46.617,27,-9,1500,1500,0.73,1.30,3.3436,7.0959,10.3390,1
46.634,26,-10,1500,1500,-0.07,1.48,3.3436,7.0959,10.3390,1
46.654,25,-9,1500,1500,-0.07,1.48,3.3436,7.0959,10.3390,1
46.672,25,-10,1500,1500,-0.07,1.48,3.3436,7.0959,10.3390,1
46.690,24,-10,1500,1500,-0.07,1.48,3.4352,9.6364,10.1617,1
46.708,24,-10,1500,1500,-0.07,1.48,3.4352,9.6364,10.1617,1
46.726,24,-10,1500,1500,-0.07,1.48,3.4352,9.6364,10.1617,1
46.744,25,-10,1500,1500,-0.07,1.48,3.4352,9.6364,10.1617,1
46.762,25,-10,1500,1500,-0.07,1.48,3.4352,9.6364,10.1617,1
46.779,26,-10,1500,1500,-0.07,1.48,3.4352,9.6364,10.1617,1
46.797,28,-10,1500,1500,-0.07,1.48,3.4352,9.6364,10.1617,1
46.814,29,-10,1500,1500,-0.07,1.48,3.4352,9.6364,10.1617,1
46.831,31,-10,1500,1500,-0.07,1.48,3.4352,9.6364,10.1617,1
46.849,33,-10,1500,1500,-0.07,1.48,3.4352,9.6364,10.1617,1
46.866,34,-10,1500,1500,-0.07,1.48,3.4352,9.6364,10.1617,1
46.883,35,-10,1500,1500,-0.20,1.59,3.4352,9.6364,10.1617,1
46.901,36,-10,1500,1500,-0.20,1.59,3.4352,9.6364,10.1617,1
46.919,38,-10,1500,1500,-0.20,1.59,3.4352,9.6364,10.1617,1
46.937,40,-10,1500,1500,-0.20,1.59,3.3694,10.2612,10.1254,1
46.956,42,-10,1500,1500,-0.20,1.59,3.3694,10.2612,10.1254,1
46.975,44,-10,1500,1500,-0.20,1.59,3.3694,10.2612,10.1254,1
46.993,47,-10,1500,1500,-0.20,1.59,3.3694,10.2612,10.1254,1
47.010,49,-10,1500,1500,-0.20,1.59,3.3694,10.2612,10.1254,1
47.027,52,-10,1500,1500,-0.20,1.59,3.3694,10.2612,10.1254,1
47.045,54,-10,1500,1500,-0.20,1.59,3.3694,10.2612,10.1254,1
47.062,56,-11,1500,1500,-0.20,1.59,3.3694,10.2612,10.1254,1
47.079,58,-10,1500,1500,-0.20,1.59,3.3694,10.2612,10.1254,1
47.096,61,-10,1500,1500,-0.20,1.59,3.3694,10.2612,10.1254,0
47.114,63,-10,1500,1500,-0.20,1.59,3.3694,10.2612,10.1254,0
47.132,65,-11,1500,1500,-0.25,1.99,3.3694,10.2612,10.1254,0
47.149,67,-12,1500,1500,-0.25,1.99,3.3694,10.2612,10.1254,0
47.166,69,-13,1500,1500,-0.25,1.99,3.3694,10.2612,10.1254,0
47.183,70,-12,1500,1500,-0.25,1.99,3.0971,6.1082,9.6691,0
47.200,71,-11,1500,1500,-0.25,1.99,3.0971,6.1082,9.6691,0
47.219,71,-11,1500,1500,-0.25,1.99,3.0971,6.1082,9.6691,0
47.237,72,-11,1500,1500,-0.25,1.99,3.0971,6.1082,9.6691,0
47.254,72,-12,1500,1500,-0.25,1.99,3.0971,6.1082,9.6691,0
47.273,72,-13,1500,1500,-0.25,1.99,3.0971,6.1082,9.6691,0
47.290,72,-14,1500,1500,-0.25,1.99,3.0971,6.1082,9.6691,0
47.307,71,-14,1500,1500,-0.25,1.99,3.0971,6.1082,9.6691,0
47.324,71,-12,1500,1500,-0.25,1.99,3.0971,6.1082,9.6691,0
47.342,71,-13,1500,1500,-0.25,1.99,3.0971,6.1082,9.6691,0
47.359,72,-13,1500,1500,-0.25,1.99,3.0971,6.1082,9.6691,0
47.376,72,-15,1500,1500,-0.33,1.43,3.0971,6.1082,9.6691,0
47.395,72,-14,1500,1500,-0.33,1.43,3.0971,6.1082,9.6691,0
47.414,73,-13,1500,1500,-0.33,1.43,3.0971,6.1082,9.6691,0
47.432,73,-14,1500,1500,-0.33,1.43,3.3099,6.3879,9.5903,0
47.450,74,-15,1500,1500,-0.33,1.43,3.3099,6.3879,9.5903,0
47.467,76,-15,1500,1500,-0.33,1.43,3.3099,6.3879,9.5903,0
47.484,77,-14,1500,1500,-0.33,1.43,3.3099,6.3879,9.5903,0
47.502,79,-15,1500,1500,-0.33,1.43,3.3099,6.3879,9.5903,0
47.519,80,-15,1500,1500,-0.33,1.43,3.3099,6.3879,9.5903,0
47.537,82,-16,1500,1500,-0.33,1.43,3.3099,6.3879,9.5903,0
47.554,84,-15,1500,1500,-0.33,1.43,3.3099,6.3879,9.5903,0
47.574,87,-16,1500,1500,-0.33,1.43,3.3099,6.3879,9.5903,0
47.591,89,-17,1500,1500,-0.33,1.43,3.3099,6.3879,9.5903,0
47.608,91,-16,1500,1500,-0.33,1.43,3.3099,6.3879,9.5903,0
47.625,93,-16,1500,1500,-0.71,0.52,3.3099,6.3879,9.5903,0
47.642,93,-16,1500,1500,-0.71,0.52,3.3099,6.3879,9.5903,0
47.660,96,-17,1500,1500,-0.71,0.52,3.3099,6.3879,9.5903,0
47.681,98,-17,1500,1500,-0.71,0.52,3.3099,6.3879,9.5903,0
47.700,103,-17,1500,1500,-0.71,0.52,3.3978,7.8911,9.5580,0
47.718,106,-17,1500,1500,-0.71,0.52,3.3978,7.8911,9.5580,0
47.736,109,-17,1500,1500,-0.71,0.52,3.3978,7.8911,9.5580,0
47.753,111,-18,1500,1500,-0.71,0.52,3.3978,7.8911,9.5580,0
47.771,113,-17,1500,1500,-0.71,0.52,3.3978,7.8911,9.5580,0
47.790,116,-18,1500,1500,-0.71,0.52,3.3978,7.8911,9.5580,0
47.807,122,-19,1500,1500,-0.71,0.52,3.3978,7.8911,9.5580,0
47.825,125,-18,1500,1500,-0.71,0.52,3.3978,7.8911,9.5580,0
47.842,128,-18,1500,1500,-0.71,0.52,3.3978,7.8911,9.5580,0
47.859,131,-18,1500,1500,-0.71,0.52,3.3978,7.8911,9.5580,0
47.880,134,-19,1500,1500,-0.77,0.10,3.3978,7.8911,9.5580,0
47.898,137,-19,1500,1500,-0.77,0.10,3.3978,7.8911,9.5580,0
47.917,140,-18,1500,1500,-0.77,0.10,3.3978,7.8911,9.5580,0
47.937,143,-18,1500,1500,-0.77,0.10,3.3013,8.8784,10.2757,0
47.958,145,-19,1500,1500,-0.77,0.10,3.3013,8.8784,10.2757,0
47.976,149,-19,1500,1500,-0.77,0.10,3.3013,8.8784,10.2757,0
47.994,155,-20,1500,1500,-0.77,0.10,3.3013,8.8784,10.2757,0
48.012,159,-19,1500,1500,-0.77,0.10,3.3013,8.8784,10.2757,0
48.030,162,-19,1500,1500,-0.77,0.10,3.3013,8.8784,10.2757,0
48.048,166,-19,1500,1500,-0.77,0.10,3.3013,8.8784,10.2757,0
48.066,170,-19,1500,1500,-0.77,0.10,3.3013,8.8784,10.2757,0
48.083,174,-20,1500,1500,-0.77,0.10,3.3013,8.8784,10.2757,0
48.101,178,-20,1500,1500,-0.77,0.10,3.3013,8.8784,10.2757,0
48.118,182,-21,1500,1500,0.66,0.11,3.3013,8.8784,10.2757,0
48.136,186,-21,1500,1500,0.66,0.11,3.3013,8.8784,10.2757,0
48.154,190,-21,1500,1500,0.66,0.11,3.3013,8.8784,10.2757,0
48.171,195,-20,1500,1500,0.66,0.11,3.3013,8.8784,10.2757,0
48.188,199,-20,1500,1500,0.66,0.11,3.2229,5.6271,9.9840,0
48.205,204,-20,1500,1500,0.66,0.11,3.2229,5.6271,9.9840,0
48.222,209,-20,1500,1500,0.66,0.11,3.2229,5.6271,9.9840,0
48.240,219,-20,1500,1500,0.66,0.11,3.2229,5.6271,9.9840,0
48.257,219,-20,1500,1500,0.66,0.11,3.2229,5.6271,9.9840,0
48.275,229,-20,1500,1500,0.66,0.11,3.2229,5.6271,9.9840,0
48.292,229,-20,1500,1500,0.66,0.11,3.2229,5.6271,9.9840,0
48.309,239,-20,1500,1500,0.66,0.11,3.2229,5.6271,9.9840,0
48.327,244,-20,1500,1500,0.66,0.11,3.2229,5.6271,9.9840,0
48.344,249,-21,1500,1500,0.66,0.11,3.2229,5.6271,9.9840,0
48.361,253,-21,1500,1500,0.66,0.11,3.2229,5.6271,9.9840,0
48.380,258,-20,1500,1500,1.40,1.02,3.2229,5.6271,9.9840,0
48.398,261,-20,1500,1500,1.40,1.02,3.2229,5.6271,9.9840,0
48.415,264,-19,1500,1500,1.40,1.02,3.2229,5.6271,9.9840,0
48.433,267,-19,1500,1500,1.40,1.02,2.9590,3.9505,7.8504,0
48.451,270,-19,1500,1500,1.40,1.02,2.9590,3.9505,7.8504,0
48.468,273,-19,1500,1500,1.40,1.02,2.9590,3.9505,7.8504,0
48.485,276,-19,1500,1500,1.40,1.02,2.9590,3.9505,7.8504,0
48.503,278,-20,1500,1500,1.40,1.02,2.9590,3.9505,7.8504,0
48.520,280,-21,1500,1500,1.40,1.02,2.9590,3.9505,7.8504,0
48.538,280,-22,1500,1500,1.40,1.02,2.9590,3.9505,7.8504,0
48.555,0,0,1500,1500,1.40,1.02,2.9590,3.9505,7.8504,0
48.572,0,0,1500,1500,1.40,1.02,2.9590,3.9505,7.8504,0
48.590,0,0,1500,1500,1.40,1.02,2.9590,3.9505,7.8504,0
48.609,0,0,1500,1500,1.40,1.02,2.9590,3.9505,7.8504,0
48.626,0,0,1500,1500,1.93,0.75,2.9590,3.9505,7.8504,0
48.643,0,0,1500,1500,1.93,0.75,2.9590,3.9505,7.8504,0
48.661,0,0,1500,1500,1.93,0.75,2.9590,3.9505,7.8504,0
48.679,0,0,1500,1500,1.93,0.75,2.9986,4.2332,7.0011,0
48.698,0,0,1500,1500,1.93,0.75,2.9986,4.2332,7.0011,0
48.715,0,0,1500,1500,1.93,0.75,2.9986,4.2332,7.0011,0
48.732,0,0,1500,1500,1.93,0.75,2.9986,4.2332,7.0011,0
48.749,0,0,1500,1500,1.93,0.75,2.9986,4.2332,7.0011,0
48.767,0,0,1500,1500,1.93,0.75,2.9986,4.2332,7.0011,0
48.784,0,0,1500,1500,1.93,0.75,2.9986,4.2332,7.0011,0
48.802,0,0,1500,1500,1.93,0.75,2.9986,4.2332,7.0011,0
48.819,0,0,1500,1500,1.93,0.75,2.9986,4.2332,7.0011,0
48.837,0,0,1500,1500,1.93,0.75,2.9986,4.2332,7.0011,0
48.855,280,-23,1500,1500,1.93,0.75,2.9986,4.2332,7.0011,0
48.873,281,-23,1500,1500,1.40,0.83,2.9986,4.2332,7.0011,0
48.890,280,-24,1500,1500,1.40,0.83,2.9986,4.2332,7.0011,0
48.909,280,-23,1500,1500,1.40,0.83,2.9986,4.2332,7.0011,0
48.927,279,-23,1500,1500,1.40,0.83,2.9303,3.7580,7.7509,0
48.945,276,-22,1500,1500,1.40,0.83,2.9303,3.7580,7.7509,0
48.962,274,-22,1500,1500,1.40,0.83,2.9303,3.7580,7.7509,0
48.979,272,-22,1500,1500,1.40,0.83,2.9303,3.7580,7.7509,0
48.996,271,-23,1500,1500,1.40,0.83,2.9303,3.7580,7.7509,0
49.013,269,-23,1500,1500,1.40,0.83,2.9303,3.7580,7.7509,0
49.031,267,-25,1500,1500,1.40,0.83,2.9303,3.7580,7.7509,0
49.048,264,-25,1500,1500,1.40,0.83,2.9303,3.7580,7.7509,0
49.065,263,-24,1500,1500,1.40,0.83,2.9303,3.7580,7.7509,0
49.082,261,-23,1500,1500,1.40,0.83,2.9303,3.7580,7.7509,0
49.100,259,-23,1500,1500,1.40,0.83,2.9303,3.7580,7.7509,0
49.117,257,-23,1500,1500,1.26,-0.03,2.9303,3.7580,7.7509,0
49.136,254,-23,1500,1500,1.26,-0.03,2.9303,3.7580,7.7509,0
49.153,254,-23,1500,1500,1.26,-0.03,2.9303,3.7580,7.7509,0
49.170,249,-25,1500,1500,1.26,-0.03,2.9303,3.7580,7.7509,0
49.187,245,-26,1500,1500,1.26,-0.03,2.6593,3.9099,8.0190,0
49.204,242,-26,1500,1500,1.26,-0.03,2.6593,3.9099,8.0190,0
49.222,238,-26,1500,1500,1.26,-0.03,2.6593,3.9099,8.0190,0
49.239,234,-27,1500,1500,1.26,-0.03,2.6593,3.9099,8.0190,0
49.256,227,-26,1500,1500,1.26,-0.03,2.6593,3.9099,8.0190,0
49.274,223,-26,1500,1500,1.26,-0.03,2.6593,3.9099,8.0190,0
49.292,219,-26,1500,1500,1.26,-0.03,2.6593,3.9099,8.0190,0
49.309,215,-26,1500,1500,1.26,-0.03,2.6593,3.9099,8.0190,0
49.326,211,-26,1500,1500,1.26,-0.03,2.6593,3.9099,8.0190,0
49.344,206,-27,1500,1500,1.26,-0.03,2.6593,3.9099,8.0190,0
49.362,202,-27,1500,1500,1.26,-0.03,2.6593,3.9099,8.0190,0
49.380,202,-27,1500,1500,0.31,-0.84,2.6593,3.9099,8.0190,0
49.398,197,-28,1500,1500,0.31,-0.84,2.6593,3.9099,8.0190,0
49.416,193,-28,1500,1500,0.31,-0.84,2.6593,3.9099,8.0190,0
49.434,185,-29,1500,1500,0.31,-0.84,3.0601,5.2781,6.2763,0
49.451,181,-28,1500,1500,0.31,-0.84,3.0601,5.2781,6.2763,0
49.468,178,-28,1500,1500,0.31,-0.84,3.0601,5.2781,6.2763,0
49.485,175,-28,1500,1500,0.31,-0.84,3.0601,5.2781,6.2763,0
49.502,172,-28,1500,1500,0.31,-0.84,3.0601,5.2781,6.2763,0
49.520,168,-28,1500,1500,0.31,-0.84,3.0601,5.2781,6.2763,0
49.537,166,-29,1500,1500,0.31,-0.84,3.0601,5.2781,6.2763,0
49.555,163,-29,1500,1500,0.31,-0.84,3.0601,5.2781,6.2763,0
49.572,158,-29,1500,1500,0.31,-0.84,3.0601,5.2781,6.2763,0
49.590,156,-29,1500,1500,0.31,-0.84,3.0601,5.2781,6.2763,0
49.607,156,-29,1500,1500,0.31,-0.84,3.0601,5.2781,6.2763,0
49.625,151,-30,1500,1500,-0.36,-0.99,3.0601,5.2781,6.2763,0
49.645,148,-30,1500,1500,-0.36,-0.99,3.0601,5.2781,6.2763,0
49.663,147,-30,1500,1500,-0.36,-0.99,3.0601,5.2781,6.2763,0
49.680,146,-30,1500,1500,-0.36,-0.99,3.1247,5.9368,9.0540,0
49.698,144,-30,1500,1500,-0.36,-0.99,3.1247,5.9368,9.0540,0
49.715,143,-30,1500,1500,-0.36,-0.99,3.1247,5.9368,9.0540,0
49.732,140,-30,1500,1500,-0.36,-0.99,3.1247,5.9368,9.0540,0
49.750,139,-30,1500,1500,-0.36,-0.99,3.1247,5.9368,9.0540,0
49.767,138,-30,1500,1500,-0.36,-0.99,3.1247,5.9368,9.0540,0
49.785,137,-30,1500,1500,-0.36,-0.99,3.1247,5.9368,9.0540,0
49.802,137,-30,1500,1500,-0.36,-0.99,3.1247,5.9368,9.0540,0
49.822,136,-31,1500,1500,-0.36,-0.99,3.1247,5.9368,9.0540,0
49.839,136,-31,1500,1500,-0.36,-0.99,3.1247,5.9368,9.0540,0
49.857,0,0,1500,1500,-0.36,-0.99,3.1247,5.9368,9.0540,0
49.874,0,0,1500,1500,-0.34,-0.86,3.1247,5.9368,9.0540,0
49.892,0,0,1500,1500,-0.34,-0.86,3.1247,5.9368,9.0540,0
49.910,0,0,1500,1500,-0.34,-0.86,3.1247,5.9368,9.0540,0
49.928,0,0,1500,1500,-0.34,-0.86,3.1723,5.9688,8.7963,0
49.945,0,0,1500,1500,-0.34,-0.86,3.1723,5.9688,8.7963,0
49.963,0,0,1500,1500,-0.34,-0.86,3.1723,5.9688,8.7963,0
49.981,0,0,1500,1500,-0.34,-0.86,3.1723,5.9688,8.7963,0
49.998,0,0,1500,1500,-0.34,-0.86,3.1723,5.9688,8.7963,0
50.015,0,0,1500,1500,-0.34,-0.86,3.1723,5.9688,8.7963,0
50.033,0,0,1500,1500,-0.34,-0.86,3.1723,5.9688,8.7963,0
50.053,0,0,1500,1500,-0.34,-0.86,3.1723,5.9688,8.7963,0
50.070,139,-31,1500,1500,-0.34,-0.86,3.1723,5.9688,8.7963,0
50.088,140,-32,1500,1500,-0.34,-0.86,3.1723,5.9688,8.7963,0
50.105,141,-31,1500,1500,-0.34,-0.86,3.1723,5.9688,8.7963,0
50.123,143,-31,1500,1500,-0.01,-0.37,3.1723,5.9688,8.7963,0
50.140,143,-31,1500,1500,-0.01,-0.37,3.1723,5.9688,8.7963,0
50.157,146,-31,1500,1500,-0.01,-0.37,3.1723,5.9688,8.7963,0
50.177,146,-31,1500,1500,-0.01,-0.37,2.9165,4.9510,7.4487,0
50.195,0,0,1500,1500,-0.01,-0.37,2.9165,4.9510,7.4487,0
50.212,153,-32,1500,1500,-0.01,-0.37,2.9165,4.9510,7.4487,0
50.229,155,-31,1500,1500,-0.01,-0.37,2.9165,4.9510,7.4487,0
50.246,157,-31,1500,1500,-0.01,-0.37,2.9165,4.9510,7.4487,0
50.263,159,-31,1500,1500,-0.01,-0.37,2.9165,4.9510,7.4487,0
50.281,162,-31,1500,1500,-0.01,-0.37,2.9165,4.9510,7.4487,0
50.299,164,-31,1500,1500,-0.01,-0.37,2.9165,4.9510,7.4487,0
50.317,166,-31,1500,1500,-0.01,-0.37,2.9165,4.9510,7.4487,0
50.335,168,-31,1500,1500,-0.01,-0.37,2.9165,4.9510,7.4487,0
50.353,170,-31,1500,1500,-0.01,-0.37,2.9165,4.9510,7.4487,0
50.370,171,-31,1500,1500,0.39,-0.83,2.9165,4.9510,7.4487,0
50.388,174,-31,1500,1500,0.39,-0.83,2.9165,4.9510,7.4487,0
50.406,174,-31,1500,1500,0.39,-0.83,2.9165,4.9510,7.4487,0
50.423,174,-31,1500,1500,0.39,-0.83,2.6995,4.6658,5.0296,0
50.440,174,-31,1500,1500,0.39,-0.83,2.6995,4.6658,5.0296,0
50.458,174,-31,1500,1500,0.39,-0.83,2.6995,4.6658,5.0296,0
50.475,174,-31,1500,1500,0.39,-0.83,2.6995,4.6658,5.0296,0
50.493,174,-31,1500,1500,0.39,-0.83,2.6995,4.6658,5.0296,0
50.510,173,-31,1500,1500,0.39,-0.83,2.6995,4.6658,5.0296,0
50.527,172,-31,1500,1500,0.39,-0.83,2.6995,4.6658,5.0296,0
50.544,171,-31,1500,1500,0.39,-0.83,2.6995,4.6658,5.0296,0
50.561,169,-31,1500,1500,0.39,-0.83,2.6995,4.6658,5.0296,0
50.579,168,-31,1500,1500,0.39,-0.83,2.6995,4.6658,5.0296,0
50.596,166,-31,1500,1500,0.39,-0.83,2.6995,4.6658,5.0296,0
50.614,165,-32,1500,1500,1.52,-1.65,2.6995,4.6658,5.0296,0
50.632,163,-32,1500,1500,1.52,-1.65,2.6995,4.6658,5.0296,0
50.650,161,-32,1500,1500,1.52,-1.65,2.6995,4.6658,5.0296,0
50.669,160,-32,1500,1500,1.52,-1.65,2.6995,4.6658,5.0296,0
50.688,159,-31,1500,1500,1.52,-1.65,2.9605,4.0718,8.3045,0
50.706,157,-31,1500,1500,1.52,-1.65,2.9605,4.0718,8.3045,0
50.723,157,-31,1500,1500,1.52,-1.65,2.9605,4.0718,8.3045,0
50.740,156,-31,1500,1500,1.52,-1.65,2.9605,4.0718,8.3045,0
50.757,156,-31,1500,1500,1.52,-1.65,2.9605,4.0718,8.3045,0
50.774,156,-31,1500,1500,1.52,-1.65,2.9605,4.0718,8.3045,0
50.792,156,-31,1500,1500,1.52,-1.65,2.9605,4.0718,8.3045,0
50.810,157,-31,1500,1500,1.52,-1.65,2.9605,4.0718,8.3045,0
50.827,157,-30,1500,1500,1.52,-1.65,2.9605,4.0718,8.3045,0
50.844,157,-30,1500,1500,1.52,-1.65,2.9605,4.0718,8.3045,0
50.861,158,-30,1500,1500,1.52,-1.65,2.9605,4.0718,8.3045,0
50.879,158,-30,1500,1500,1.42,-0.73,2.9605,4.0718,8.3045,0
50.896,158,-30,1500,1500,1.42,-0.73,2.9605,4.0718,8.3045,0
50.918,158,-30,1500,1500,1.42,-0.73,2.9605,4.0718,8.3045,0
50.935,158,-30,1500,1500,1.42,-0.73,2.8208,3.7192,7.3989,0
50.953,157,-29,1500,1500,1.42,-0.73,2.8208,3.7192,7.3989,0
50.970,157,-29,1500,1500,1.42,-0.73,2.8208,3.7192,7.3989,0
50.988,156,-29,1500,1500,1.42,-0.73,2.8208,3.7192,7.3989,0
51.006,153,-29,1500,1500,1.42,-0.73,2.8208,3.7192,7.3989,0
51.024,151,-29,1500,1500,1.42,-0.73,2.8208,3.7192,7.3989,0
51.041,149,-29,1500,1500,1.42,-0.73,2.8208,3.7192,7.3989,0
51.058,147,-29,1500,1500,1.42,-0.73,2.8208,3.7192,7.3989,0
51.075,145,-29,1500,1500,1.42,-0.73,2.8208,3.7192,7.3989,0
51.092,143,-30,1500,1500,1.42,-0.73,2.8208,3.7192,7.3989,0
51.110,140,-29,1500,1500,1.42,-0.73,2.8208,3.7192,7.3989,0
51.127,137,-28,1500,1500,0.58,0.52,2.8208,3.7192,7.3989,0
51.144,134,-28,1500,1500,0.58,0.52,2.8208,3.7192,7.3989,0
51.161,131,-28,1500,1500,0.58,0.52,2.8208,3.7192,7.3989,0
51.179,127,-28,1500,1500,0.58,0.52,2.7158,4.0472,5.8062,0
51.198,124,-28,1500,1500,0.58,0.52,2.7158,4.0472,5.8062,0
51.215,119,-29,1500,1500,0.58,0.52,2.7158,4.0472,5.8062,0
51.233,116,-29,1500,1500,0.58,0.52,2.7158,4.0472,5.8062,0
51.250,112,-29,1500,1500,0.58,0.52,2.7158,4.0472,5.8062,0
51.268,108,-29,1500,1500,0.58,0.52,2.7158,4.0472,5.8062,0
51.286,106,-29,1500,1500,0.58,0.52,2.7158,4.0472,5.8062,0
51.303,103,-29,1500,1500,0.58,0.52,2.7158,4.0472,5.8062,0
51.322,101,-29,1500,1500,0.58,0.52,2.7158,4.0472,5.8062,0
51.339,97,-29,1500,1500,0.58,0.52,2.7158,4.0472,5.8062,0
51.356,97,-29,1500,1500,0.58,0.52,2.7158,4.0472,5.8062,0
51.373,93,-27,1500,1500,-0.65,0.60,2.7158,4.0472,5.8062,0
51.392,91,-27,1500,1500,-0.65,0.60,2.7158,4.0472,5.8062,0
51.409,90,-28,1500,1500,-0.65,0.60,2.7158,4.0472,5.8062,0
51.426,88,-27,1500,1500,-0.65,0.60,2.9595,3.7837,8.3192,0
51.444,86,-27,1500,1500,-0.65,0.60,2.9595,3.7837,8.3192,0
51.461,85,-27,1500,1500,-0.65,0.60,2.9595,3.7837,8.3192,0
51.479,83,-27,1500,1500,-0.65,0.60,2.9595,3.7837,8.3192,0
51.497,82,-28,1500,1500,-0.65,0.60,2.9595,3.7837,8.3192,0
51.514,81,-28,1500,1500,-0.65,0.60,2.9595,3.7837,8.3192,0
51.534,79,-27,1500,1500,-0.65,0.60,2.9595,3.7837,8.3192,0
51.552,78,-28,1500,1500,-0.65,0.60,2.9595,3.7837,8.3192,0
51.569,77,-28,1500,1500,-0.65,0.60,2.9595,3.7837,8.3192,0
51.586,76,-28,1500,1500,-0.65,0.60,2.9595,3.7837,8.3192,0
51.604,76,-27,1500,1500,-0.65,0.60,2.9595,3.7837,8.3192,0
51.621,75,-26,1500,1500,-0.89,0.62,2.9595,3.7837,8.3192,0
51.638,75,-26,1500,1500,-0.89,0.62,2.9595,3.7837,8.3192,0
51.658,75,-26,1500,1500,-0.89,0.62,2.9595,3.7837,8.3192,0
51.678,75,-25,1500,1500,-0.89,0.62,2.9867,4.1250,8.0200,0
51.695,75,-25,1500,1500,-0.89,0.62,2.9867,4.1250,8.0200,0
51.712,76,-25,1500,1500,-0.89,0.62,2.9867,4.1250,8.0200,0
51.730,76,-26,1500,1500,-0.89,0.62,2.9867,4.1250,8.0200,0
51.748,76,-26,1500,1500,-0.89,0.62,2.9867,4.1250,8.0200,0
51.766,77,-26,1500,1500,-0.89,0.62,2.9867,4.1250,8.0200,0
51.784,77,-26,1500,1500,-0.89,0.62,2.9867,4.1250,8.0200,0
51.801,78,-26,1500,1500,-0.89,0.62,2.9867,4.1250,8.0200,0
51.818,80,-26,1500,1500,-0.89,0.62,2.9867,4.1250,8.0200,0
51.835,81,-25,1500,1500,-0.89,0.62,2.9867,4.1250,8.0200,0
51.853,81,-24,1500,1500,-0.89,0.62,2.9867,4.1250,8.0200,0
51.871,82,-24,1500,1500,-0.41,0.42,2.9867,4.1250,8.0200,0
51.888,82,-24,1500,1500,-0.41,0.42,2.9867,4.1250,8.0200,0
51.905,83,-24,1500,1500,-0.41,0.42,2.9867,4.1250,8.0200,0
51.922,84,-24,1500,1500,-0.41,0.42,2.9433,3.6668,8.5008,0
51.942,85,-24,1500,1500,-0.41,0.42,2.9433,3.6668,8.5008,0
51.959,86,-24,1500,1500,-0.41,0.42,2.9433,3.6668,8.5008,0
51.976,87,-24,1500,1500,-0.41,0.42,2.9433,3.6668,8.5008,0
51.996,88,-24,1500,1500,-0.41,0.42,2.9433,3.6668,8.5008,0
52.014,90,-24,1500,1500,-0.41,0.42,2.9433,3.6668,8.5008,0
52.032,91,-24,1500,1500,-0.41,0.42,2.9433,3.6668,8.5008,0
52.049,92,-24,1500,1500,-0.41,0.42,2.9433,3.6668,8.5008,0
52.066,94,-24,1500,1500,-0.41,0.42,2.9433,3.6668,8.5008,0
52.084,95,-23,1500,1500,-0.41,0.42,2.9433,3.6668,8.5008,0
52.101,96,-23,1500,1500,-0.41,0.42,2.9433,3.6668,8.5008,0
52.118,97,-23,1500,1500,0.44,0.06,2.9433,3.6668,8.5008,0
52.136,98,-23,1500,1500,0.44,0.06,2.9433,3.6668,8.5008,0
52.154,99,-23,1500,1500,0.44,0.06,2.9433,3.6668,8.5008,0
52.171,100,-22,1500,1500,0.44,0.06,2.9476,3.8992,6.6149,0
52.188,102,-22,1500,1500,0.44,0.06,2.9476,3.8992,6.6149,0
52.205,103,-22,1500,1500,0.44,0.06,2.9476,3.8992,6.6149,0
52.222,105,-22,1500,1500,0.44,0.06,2.9476,3.8992,6.6149,0
52.239,107,-22,1500,1500,0.44,0.06,2.9476,3.8992,6.6149,0
52.256,108,-22,1500,1500,0.44,0.06,2.9476,3.8992,6.6149,0
52.274,108,-23,1500,1500,0.44,0.06,2.9476,3.8992,6.6149,0
52.291,108,-23,1500,1500,0.44,0.06,2.9476,3.8992,6.6149,0
52.308,109,-22,1500,1500,0.44,0.06,2.9476,3.8992,6.6149,0
52.325,109,-22,1500,1500,0.44,0.06,2.9476,3.8992,6.6149,0
52.343,109,-21,1500,1500,0.44,0.06,2.9476,3.8992,6.6149,0
52.360,110,-21,1500,1500,0.38,0.74,2.9476,3.8992,6.6149,0
52.377,110,-21,1500,1500,0.38,0.74,2.9476,3.8992,6.6149,0
52.394,111,-21,1500,1500,0.38,0.74,2.9476,3.8992,6.6149,0
52.411,112,-22,1500,1500,0.38,0.74,2.9476,3.8992,6.6149,0
52.428,113,-21,1500,1500,0.38,0.74,2.6717,3.9212,5.3859,0
52.445,115,-21,1500,1500,0.38,0.74,2.6717,3.9212,5.3859,0
52.463,117,-21,1500,1500,0.38,0.74,2.6717,3.9212,5.3859,0
52.480,119,-21,1500,1500,0.38,0.74,2.6717,3.9212,5.3859,0
52.497,122,-21,1500,1500,0.38,0.74,2.6717,3.9212,5.3859,0
52.514,125,-21,1500,1500,0.38,0.74,2.6717,3.9212,5.3859,0
52.532,128,-21,1500,1500,0.38,0.74,2.6717,3.9212,5.3859,0
52.552,131,-21,1500,1500,0.38,0.74,2.6717,3.9212,5.3859,0
52.570,138,-21,1500,1500,0.38,0.74,2.6717,3.9212,5.3859,0
52.587,141,-20,1500,1500,0.38,0.74,2.6717,3.9212,5.3859,0
52.605,143,-20,1500,1500,0.38,0.74,2.6717,3.9212,5.3859,0
52.622,143,-20,1500,1500,-0.53,1.09,2.6717,3.9212,5.3859,0
52.640,150,-20,1500,1500,-0.53,1.09,2.6717,3.9212,5.3859,0
52.657,150,-20,1500,1500,-0.53,1.09,2.6717,3.9212,5.3859,0
52.674,156,-19,1500,1500,-0.53,1.09,2.9271,3.6586,6.4156,0
52.693,158,-20,1500,1500,-0.53,1.09,2.9271,3.6586,6.4156,0
52.710,160,-20,1500,1500,-0.53,1.09,2.9271,3.6586,6.4156,0
52.727,162,-19,1500,1500,-0.53,1.09,2.9271,3.6586,6.4156,0
52.745,163,-19,1500,1500,-0.53,1.09,2.9271,3.6586,6.4156,0
52.762,166,-19,1500,1500,-0.53,1.09,2.9271,3.6586,6.4156,0
52.780,167,-19,1500,1500,-0.53,1.09,2.9271,3.6586,6.4156,0
52.797,169,-19,1500,1500,-0.53,1.09,2.9271,3.6586,6.4156,0
52.814,170,-19,1500,1500,-0.53,1.09,2.9271,3.6586,6.4156,0
52.832,172,-19,1500,1500,-0.53,1.09,2.9271,3.6586,6.4156,0
52.850,174,-19,1500,1500,-0.53,1.09,2.9271,3.6586,6.4156,0
52.867,175,-19,1500,1500,-0.48,1.12,2.9271,3.6586,6.4156,0
52.885,177,-19,1500,1500,-0.48,1.12,2.9271,3.6586,6.4156,0
52.902,178,-19,1500,1500,-0.48,1.12,2.9271,3.6586,6.4156,0
52.919,180,-19,1500,1500,-0.48,1.12,2.9271,3.6586,6.4156,0
52.936,181,-19,1500,1500,-0.48,1.12,2.8616,3.7611,5.9558,0
52.955,183,-19,1500,1500,-0.48,1.12,2.8616,3.7611,5.9558,0
52.974,186,-19,1500,1500,-0.48,1.12,2.8616,3.7611,5.9558,0
52.992,187,-18,1500,1500,-0.48,1.12,2.8616,3.7611,5.9558,0
53.010,189,-19,1500,1500,-0.48,1.12,2.8616,3.7611,5.9558,0
53.027,190,-19,1500,1500,-0.48,1.12,2.8616,3.7611,5.9558,0
53.044,192,-19,1500,1500,-0.48,1.12,2.8616,3.7611,5.9558,0
53.061,193,-19,1500,1500,-0.48,1.12,2.8616,3.7611,5.9558,0
53.079,194,-20,1500,1500,-0.48,1.12,2.8616,3.7611,5.9558,0
53.097,195,-19,1500,1500,-0.48,1.12,2.8616,3.7611,5.9558,0
53.114,195,-19,1500,1500,-0.26,1.07,2.8616,3.7611,5.9558,0
53.133,196,-19,1500,1500,-0.26,1.07,2.8616,3.7611,5.9558,0
53.151,196,-19,1500,1500,-0.26,1.07,2.8616,3.7611,5.9558,0
53.168,197,-19,1500,1500,-0.26,1.07,2.8653,4.0192,5.6127,0
53.186,197,-19,1500,1500,-0.26,1.07,2.8653,4.0192,5.6127,0
53.208,197,-19,1500,1500,-0.26,1.07,2.8653,4.0192,5.6127,0
53.226,197,-20,1500,1500,-0.26,1.07,2.8653,4.0192,5.6127,0
53.244,198,-20,1500,1500,-0.26,1.07,2.8653,4.0192,5.6127,0
53.262,198,-21,1500,1500,-0.26,1.07,2.8653,4.0192,5.6127,0
53.280,198,-21,1500,1500,-0.26,1.07,2.8653,4.0192,5.6127,0
53.297,198,-21,1500,1500,-0.26,1.07,2.8653,4.0192,5.6127,0
53.315,198,-21,1500,1500,-0.26,1.07,2.8653,4.0192,5.6127,0
53.333,199,-22,1500,1500,-0.26,1.07,2.8653,4.0192,5.6127,0
53.350,200,-23,1500,1500,-0.26,1.07,2.8653,4.0192,5.6127,0
53.367,201,-23,1500,1500,0.54,0.20,2.8653,4.0192,5.6127,0
53.385,203,-23,1500,1500,0.54,0.20,2.8653,4.0192,5.6127,0
53.402,205,-23,1500,1500,0.54,0.20,2.8653,4.0192,5.6127,0
53.419,207,-23,1500,1500,0.54,0.20,3.1919,3.6613,10.0646,0
53.436,209,-24,1500,1500,0.54,0.20,3.1919,3.6613,10.0646,0
53.454,211,-23,1500,1500,0.54,0.20,3.1919,3.6613,10.0646,0
53.472,215,-23,1500,1500,0.54,0.20,3.1919,3.6613,10.0646,0
53.489,217,-23,1500,1500,0.54,0.20,3.1919,3.6613,10.0646,0
53.506,219,-23,1500,1500,0.54,0.20,3.1919,3.6613,10.0646,0
53.524,221,-23,1500,1500,0.54,0.20,3.1919,3.6613,10.0646,0
53.541,223,-23,1500,1500,0.54,0.20,3.1919,3.6613,10.0646,0
53.558,224,-22,1500,1500,0.54,0.20,3.1919,3.6613,10.0646,0
53.577,226,-21,1500,1500,0.54,0.20,3.1919,3.6613,10.0646,0
53.594,228,-21,1500,1500,0.54,0.20,3.1919,3.6613,10.0646,0
53.612,230,-21,1500,1500,1.18,0.25,3.1919,3.6613,10.0646,0
53.629,232,-22,1500,1500,1.18,0.25,3.1919,3.6613,10.0646,0
53.650,233,-22,1500,1500,1.18,0.25,3.1919,3.6613,10.0646,0
53.667,234,-22,1500,1500,1.18,0.25,2.7525,4.3187,6.4071,0
53.685,237,-23,1500,1500,1.18,0.25,2.7525,4.3187,6.4071,0
53.703,238,-24,1500,1500,1.18,0.25,2.7525,4.3187,6.4071,0
53.720,240,-25,1500,1500,1.18,0.25,2.7525,4.3187,6.4071,0
53.737,242,-24,1500,1500,1.18,0.25,2.7525,4.3187,6.4071,0
53.754,243,-24,1500,1500,1.18,0.25,2.7525,4.3187,6.4071,0
53.775,244,-24,1500,1500,1.18,0.25,2.7525,4.3187,6.4071,0
53.792,246,-24,1500,1500,1.18,0.25,2.7525,4.3187,6.4071,0
53.810,247,-24,1500,1500,1.18,0.25,2.7525,4.3187,6.4071,0
53.827,248,-23,1500,1500,1.18,0.25,2.7525,4.3187,6.4071,0
53.844,249,-23,1500,1500,1.18,0.25,2.7525,4.3187,6.4071,0
53.862,251,-23,1500,1500,1.55,0.44,2.7525,4.3187,6.4071,0
53.879,252,-22,1500,1500,1.55,0.44,2.7525,4.3187,6.4071,0
53.897,252,-22,1500,1500,1.55,0.44,2.7525,4.3187,6.4071,0
53.915,252,-22,1500,1500,1.55,0.44,2.7525,4.3187,6.4071,0
53.933,251,-23,1500,1500,1.55,0.44,2.7928,4.2707,5.6776,0
53.951,250,-23,1500,1500,1.55,0.44,2.7928,4.2707,5.6776,0
53.968,250,-23,1500,1500,1.55,0.44,2.7928,4.2707,5.6776,0
53.986,249,-23,1500,1500,1.55,0.44,2.7928,4.2707,5.6776,0
54.004,248,-23,1500,1500,1.55,0.44,2.7928,4.2707,5.6776,0
54.021,247,-23,1500,1500,1.55,0.44,2.7928,4.2707,5.6776,0
54.043,246,-23,1500,1500,1.55,0.44,2.7928,4.2707,5.6776,0
54.060,247,-24,1500,1500,1.55,0.44,2.7928,4.2707,5.6776,0
54.078,246,-24,1500,1500,1.55,0.44,2.7928,4.2707,5.6776,0
54.095,245,-24,1500,1500,1.55,0.44,2.7928,4.2707,5.6776,0
54.114,244,-24,1500,1500,2.19,0.20,2.7928,4.2707,5.6776,0
54.131,244,-24,1500,1500,2.19,0.20,2.7928,4.2707,5.6776,0
54.148,243,-24,1500,1500,2.19,0.20,2.7928,4.2707,5.6776,0
54.165,243,-24,1500,1500,2.19,0.20,2.7150,3.9830,7.9507,0
54.183,242,-23,1500,1500,2.19,0.20,2.7150,3.9830,7.9507,0
54.202,242,-23,1500,1500,2.19,0.20,2.7150,3.9830,7.9507,0
54.219,242,-24,1500,1500,2.19,0.20,2.7150,3.9830,7.9507,0
54.237,242,-24,1500,1500,2.19,0.20,2.7150,3.9830,7.9507,0
54.254,243,-25,1500,1500,2.19,0.20,2.7150,3.9830,7.9507,0
54.272,243,-25,1500,1500,2.19,0.20,2.7150,3.9830,7.9507,0
54.290,243,-25,1500,1500,2.19,0.20,2.7150,3.9830,7.9507,0
54.307,243,-25,1500,1500,2.19,0.20,2.7150,3.9830,7.9507,0
54.324,243,-24,1500,1500,2.19,0.20,2.7150,3.9830,7.9507,0
54.341,243,-24,1500,1500,2.19,0.20,2.7150,3.9830,7.9507,0
54.359,244,-24,1500,1500,1.81,0.61,2.7150,3.9830,7.9507,0
54.376,244,-24,1500,1500,1.81,0.61,2.7150,3.9830,7.9507,0
54.393,244,-24,1500,1500,1.81,0.61,2.7150,3.9830,7.9507,0
54.410,244,-24,1500,1500,1.81,0.61,2.7150,3.9830,7.9507,0
54.429,243,-25,1500,1500,1.81,0.61,2.8141,4.8788,7.1115,0
54.446,242,-24,1500,1500,1.81,0.61,2.8141,4.8788,7.1115,0
54.463,242,-24,1500,1500,1.81,0.61,2.8141,4.8788,7.1115,0
54.480,242,-24,1500,1500,1.81,0.61,2.8141,4.8788,7.1115,0
54.497,242,-24,1500,1500,1.81,0.61,2.8141,4.8788,7.1115,0
54.514,241,-24,1500,1500,1.81,0.61,2.8141,4.8788,7.1115,0
54.531,239,-24,1500,1500,1.81,0.61,2.8141,4.8788,7.1115,0
54.549,236,-25,1500,1500,1.81,0.61,2.8141,4.8788,7.1115,0
54.569,233,-25,1500,1500,1.81,0.61,2.8141,4.8788,7.1115,0
54.587,228,-25,1500,1500,1.81,0.61,2.8141,4.8788,7.1115,0
54.604,228,-25,1500,1500,1.81,0.61,2.8141,4.8788,7.1115,0
54.622,226,-25,1500,1500,1.65,0.93,2.8141,4.8788,7.1115,0
54.640,223,-24,1500,1500,1.65,0.93,2.8141,4.8788,7.1115,0
54.658,220,-24,1500,1500,1.65,0.93,2.8141,4.8788,7.1115,0
54.675,216,-25,1500,1500,1.65,0.93,2.8787,4.4267,7.4608,0
54.693,0,0,1500,1500,1.65,0.93,2.8787,4.4267,7.4608,0
54.710,212,-24,1500,1500,1.65,0.93,2.8787,4.4267,7.4608,0
54.728,211,-24,1500,1500,1.65,0.93,2.8787,4.4267,7.4608,0
54.745,210,-25,1500,1500,1.65,0.93,2.8787,4.4267,7.4608,0
54.763,208,-25,1500,1500,1.65,0.93,2.8787,4.4267,7.4608,0
54.780,207,-26,1500,1500,1.65,0.93,2.8787,4.4267,7.4608,0
54.798,206,-25,1500,1500,1.65,0.93,2.8787,4.4267,7.4608,0
54.816,205,-25,1500,1500,1.65,0.93,2.8787,4.4267,7.4608,0
54.834,204,-25,1500,1500,1.65,0.93,2.8787,4.4267,7.4608,0
54.852,0,0,1500,1500,1.65,0.93,2.8787,4.4267,7.4608,0
54.869,0,0,1500,1500,1.27,1.11,2.8787,4.4267,7.4608,0
54.887,0,0,1500,1500,1.27,1.11,2.8787,4.4267,7.4608,0
54.905,0,0,1500,1500,1.27,1.11,2.8787,4.4267,7.4608,0
54.922,0,0,1500,1500,1.27,1.11,3.0062,3.7367,7.7525,0
54.940,0,0,1500,1500,1.27,1.11,3.0062,3.7367,7.7525,0
54.959,0,0,1500,1500,1.27,1.11,3.0062,3.7367,7.7525,0
54.976,0,0,1500,1500,1.27,1.11,3.0062,3.7367,7.7525,0
54.994,0,0,1500,1500,1.27,1.11,3.0062,3.7367,7.7525,0
55.011,0,0,1500,1500,1.27,1.11,3.0062,3.7367,7.7525,0
55.028,0,0,1500,1500,1.27,1.11,3.0062,3.7367,7.7525,0
55.046,0,0,1500,1500,1.27,1.11,3.0062,3.7367,7.7525,0
55.063,0,0,1500,1500,1.27,1.11,3.0062,3.7367,7.7525,0
55.080,0,0,1500,1500,1.27,1.11,3.0062,3.7367,7.7525,0
55.098,0,0,1500,1500,1.27,1.11,3.0062,3.7367,7.7525,0
55.115,0,0,1500,1500,0.73,0.79,3.0062,3.7367,7.7525,0
55.133,0,0,1500,1500,0.73,0.79,3.0062,3.7367,7.7525,0
55.150,0,0,1500,1500,0.73,0.79,3.0062,3.7367,7.7525,0
55.168,0,0,1500,1500,0.73,0.79,2.4528,3.9783,4.0437,0
55.185,0,0,1500,1500,0.73,0.79,2.4528,3.9783,4.0437,0
55.202,0,0,1500,1500,0.73,0.79,2.4528,3.9783,4.0437,0
55.220,0,0,1500,1500,0.73,0.79,2.4528,3.9783,4.0437,0
55.237,0,0,1500,1500,0.73,0.79,2.4528,3.9783,4.0437,0
55.257,0,0,1500,1500,0.73,0.79,2.4528,3.9783,4.0437,0
55.274,0,0,1500,1500,0.73,0.79,2.4528,3.9783,4.0437,0
55.292,0,0,1500,1500,0.73,0.79,2.4528,3.9783,4.0437,0
55.309,0,0,1500,1500,0.73,0.79,2.4528,3.9783,4.0437,0
55.326,0,0,1500,1500,0.73,0.79,2.4528,3.9783,4.0437,0
55.345,0,0,1500,1500,0.73,0.79,2.4528,3.9783,4.0437,0
55.363,0,0,1500,1500,0.57,-0.20,2.4528,3.9783,4.0437,0
55.381,0,0,1500,1500,0.57,-0.20,2.4528,3.9783,4.0437,0
55.399,0,0,1500,1500,0.57,-0.20,2.4528,3.9783,4.0437,0
55.417,0,0,1500,1500,0.57,-0.20,2.7218,3.3977,6.2047,0
55.434,0,0,1500,1500,0.57,-0.20,2.7218,3.3977,6.2047,0
55.451,0,0,1500,1500,0.57,-0.20,2.7218,3.3977,6.2047,0
55.468,0,0,1500,1500,0.57,-0.20,2.7218,3.3977,6.2047,0
55.485,0,0,1500,1500,0.57,-0.20,2.7218,3.3977,6.2047,0
55.502,0,0,1500,1500,0.57,-0.20,2.7218,3.3977,6.2047,0
55.519,0,0,1500,1500,0.57,-0.20,2.7218,3.3977,6.2047,0
55.538,0,0,1500,1500,0.57,-0.20,2.7218,3.3977,6.2047,0
55.556,0,0,1500,1500,0.57,-0.20,2.7218,3.3977,6.2047,0
55.573,0,0,1500,1500,0.57,-0.20,2.7218,3.3977,6.2047,0
55.590,0,0,1500,1500,0.57,-0.20,2.7218,3.3977,6.2047,0
55.608,0,0,1500,1500,0.04,-0.96,2.7218,3.3977,6.2047,0
55.625,0,0,1500,1500,0.04,-0.96,2.7218,3.3977,6.2047,0
55.642,0,0,1500,1500,0.04,-0.96,2.7218,3.3977,6.2047,0
55.660,0,0,1500,1500,0.04,-0.96,2.7218,3.3977,6.2047,0
55.677,0,0,1500,1500,0.04,-0.96,2.7320,4.4031,4.8574,0
55.695,0,0,1500,1500,0.04,-0.96,2.7320,4.4031,4.8574,0
55.713,0,0,1500,1500,0.04,-0.96,2.7320,4.4031,4.8574,0
55.731,0,0,1500,1500,0.04,-0.96,2.7320,4.4031,4.8574,0
55.749,0,0,1500,1500,0.04,-0.96,2.7320,4.4031,4.8574,0
55.766,0,0,1500,1500,0.04,-0.96,2.7320,4.4031,4.8574,0
55.785,0,0,1500,1500,0.04,-0.96,2.7320,4.4031,4.8574,0
55.802,0,0,1500,1500,0.04,-0.96,2.7320,4.4031,4.8574,0
55.819,0,0,1500,1500,0.04,-0.96,2.7320,4.4031,4.8574,0
55.836,0,0,1500,1500,0.04,-0.96,2.7320,4.4031,4.8574,0
55.853,0,0,1500,1500,-0.45,-0.87,2.7320,4.4031,4.8574,0
55.870,0,0,1500,1500,-0.45,-0.87,2.7320,4.4031,4.8574,0
55.888,0,0,1500,1500,-0.45,-0.87,2.7320,4.4031,4.8574,0
55.905,0,0,1500,1500,-0.45,-0.87,2.7320,4.4031,4.8574,0
55.923,0,0,1500,1500,-0.45,-0.87,2.9622,3.3889,7.6627,0
55.940,0,0,1500,1500,-0.45,-0.87,2.9622,3.3889,7.6627,0
55.958,0,0,1500,1500,-0.45,-0.87,2.9622,3.3889,7.6627,0
55.975,0,0,1500,1500,-0.45,-0.87,2.9622,3.3889,7.6627,0
55.992,0,0,1500,1500,-0.45,-0.87,2.9622,3.3889,7.6627,0
56.010,0,0,1500,1500,-0.45,-0.87,2.9622,3.3889,7.6627,0
56.028,0,0,1500,1500,-0.45,-0.87,2.9622,3.3889,7.6627,0
56.046,0,0,1500,1500,-0.45,-0.87,2.9622,3.3889,7.6627,0
56.066,0,0,1500,1500,-0.45,-0.87,2.9622,3.3889,7.6627,0
56.083,0,0,1500,1500,-0.45,-0.87,2.9622,3.3889,7.6627,0
56.100,0,0,1500,1500,-0.45,-0.87,2.9622,3.3889,7.6627,0
56.117,0,0,1500,1500,-0.34,-0.78,2.9622,3.3889,7.6627,0
56.134,0,0,1500,1500,-0.34,-0.78,2.9622,3.3889,7.6627,0
56.151,0,0,1500,1500,-0.34,-0.78,2.9622,3.3889,7.6627,0
56.168,0,0,1500,1500,-0.34,-0.78,2.8061,4.0466,5.7688,0
56.185,0,0,1500,1500,-0.34,-0.78,2.8061,4.0466,5.7688,0
56.203,0,0,1500,1500,-0.34,-0.78,2.8061,4.0466,5.7688,0
56.221,0,0,1500,1500,-0.34,-0.78,2.8061,4.0466,5.7688,0
56.241,0,0,1500,1500,-0.34,-0.78,2.8061,4.0466,5.7688,0
56.259,0,0,1500,1500,-0.34,-0.78,2.8061,4.0466,5.7688,0
56.276,0,0,1500,1500,-0.34,-0.78,2.8061,4.0466,5.7688,0
56.293,0,0,1500,1500,-0.34,-0.78,2.8061,4.0466,5.7688,0
56.310,0,0,1500,1500,-0.34,-0.78,2.8061,4.0466,5.7688,0
56.328,0,0,1500,1500,-0.34,-0.78,2.8061,4.0466,5.7688,0
56.346,0,0,1500,1500,-0.34,-0.78,2.8061,4.0466,5.7688,0
56.363,0,0,1500,1500,-0.80,-0.56,2.8061,4.0466,5.7688,0
56.381,0,0,1500,1500,-0.80,-0.56,2.8061,4.0466,5.7688,0
56.399,47,-31,1500,1500,-0.80,-0.56,2.8061,4.0466,5.7688,0
56.417,48,-32,1500,1500,-0.80,-0.56,2.8826,3.5629,5.4265,0
56.434,47,-32,1500,1500,-0.80,-0.56,2.8826,3.5629,5.4265,0
56.452,46,-32,1500,1500,-0.80,-0.56,2.8826,3.5629,5.4265,0
56.469,46,-32,1500,1500,-0.80,-0.56,2.8826,3.5629,5.4265,0
56.487,45,-31,1500,1500,-0.80,-0.56,2.8826,3.5629,5.4265,0
56.504,44,-31,1500,1500,-0.80,-0.56,2.8826,3.5629,5.4265,0
56.522,43,-31,1500,1500,-0.80,-0.56,2.8826,3.5629,5.4265,0
56.540,43,-31,1500,1500,-0.80,-0.56,2.8826,3.5629,5.4265,0
56.558,42,-31,1500,1500,-0.80,-0.56,2.8826,3.5629,5.4265,0
56.575,42,-32,1500,1500,-0.80,-0.56,2.8826,3.5629,5.4265,0
56.592,41,-32,1500,1500,-0.80,-0.56,2.8826,3.5629,5.4265,0
56.609,41,-32,1500,1500,-0.72,-0.95,2.8826,3.5629,5.4265,0
56.627,40,-31,1500,1500,-0.72,-0.95,2.8826,3.5629,5.4265,0
56.646,40,-31,1500,1500,-0.72,-0.95,2.8826,3.5629,5.4265,0
56.663,40,-31,1500,1500,-0.72,-0.95,2.7206,3.6247,5.8508,0
56.684,41,-31,1500,1500,-0.72,-0.95,2.7206,3.6247,5.8508,0
56.701,41,-31,1500,1500,-0.72,-0.95,2.7206,3.6247,5.8508,0
56.720,41,-31,1500,1500,-0.72,-0.95,2.7206,3.6247,5.8508,0
56.738,41,-31,1500,1500,-0.72,-0.95,2.7206,3.6247,5.8508,0
56.756,41,-31,1500,1500,-0.72,-0.95,2.7206,3.6247,5.8508,0
56.774,40,-31,1500,1500,-0.72,-0.95,2.7206,3.6247,5.8508,0
56.793,39,-31,1500,1500,-0.72,-0.95,2.7206,3.6247,5.8508,0
56.811,38,-31,1500,1500,-0.72,-0.95,2.7206,3.6247,5.8508,0
56.828,36,-31,1500,1500,-0.72,-0.95,2.7206,3.6247,5.8508,0
56.845,35,-31,1500,1500,-0.72,-0.95,2.7206,3.6247,5.8508,0
56.862,34,-31,1500,1500,-0.99,-0.83,2.7206,3.6247,5.8508,0
56.879,33,-31,1500,1500,-0.99,-0.83,2.7206,3.6247,5.8508,0
56.897,31,-31,1500,1500,-0.99,-0.83,2.7206,3.6247,5.8508,0
56.914,30,-31,1500,1500,-0.99,-0.83,2.8658,3.3321,6.4448,0
56.934,29,-31,1500,1500,-0.99,-0.83,2.8658,3.3321,6.4448,0
56.951,27,-31,1500,1500,-0.99,-0.83,2.8658,3.3321,6.4448,0
56.968,27,-31,1500,1500,-0.99,-0.83,2.8658,3.3321,6.4448,0
56.986,27,-31,1500,1500,-0.99,-0.83,2.8658,3.3321,6.4448,0
57.005,27,-31,1500,1500,-0.99,-0.83,2.8658,3.3321,6.4448,0
57.022,26,-31,1500,1500,-0.99,-0.83,2.8658,3.3321,6.4448,0
57.039,26,-30,1500,1500,-0.99,-0.83,2.8658,3.3321,6.4448,1
57.058,25,-30,1500,1500,-0.99,-0.83,2.8658,3.3321,6.4448,1
57.075,25,-30,1500,1500,-0.99,-0.83,2.8658,3.3321,6.4448,1
57.093,24,-30,1500,1500,-0.99,-0.83,2.8658,3.3321,6.4448,1
57.110,22,-30,1500,1500,-1.50,-0.37,2.8658,3.3321,6.4448,1
57.128,21,-30,1500,1500,-1.50,-0.37,2.8658,3.3321,6.4448,1
57.146,19,-30,1500,1500,-1.50,-0.37,2.8658,3.3321,6.4448,1
57.164,16,-30,1500,1500,-1.50,-0.37,2.8466,3.2500,6.2107,1
57.182,14,-30,1500,1500,-1.50,-0.37,2.8466,3.2500,6.2107,1
57.199,11,-30,1500,1500,-1.50,-0.37,2.8466,3.2500,6.2107,1
57.218,6,-30,1500,1500,-1.50,-0.37,2.8466,3.2500,6.2107,1
57.236,3,-30,1500,1500,-1.50,-0.37,2.8466,3.2500,6.2107,1
57.254,2,-30,1500,1500,-1.50,-0.37,2.8466,3.2500,6.2107,1
57.271,0,-30,1500,1500,-1.50,-0.37,2.8466,3.2500,6.2107,1
57.289,-1,-30,1500,1500,-1.50,-0.37,2.8466,3.2500,6.2107,1
57.307,-3,-30,1500,1500,-1.50,-0.37,2.8466,3.2500,6.2107,1
57.324,-3,-30,1500,1500,-1.50,-0.37,2.8466,3.2500,6.2107,1
57.341,-4,-30,1500,1500,-1.50,-0.37,2.8466,3.2500,6.2107,1
57.358,-5,-30,1500,1500,-1.90,-0.36,2.8466,3.2500,6.2107,1
57.376,-6,-30,1500,1500,-1.90,-0.36,2.8466,3.2500,6.2107,1
57.394,-7,-29,1500,1500,-1.90,-0.36,2.8466,3.2500,6.2107,1
57.416,-8,-29,1500,1500,-1.90,-0.36,2.7626,3.5100,5.6665,1
57.434,-9,-29,1500,1500,-1.90,-0.36,2.7626,3.5100,5.6665,1
57.452,-12,-29,1500,1500,-1.90,-0.36,2.7626,3.5100,5.6665,1
57.469,-13,-29,1500,1500,-1.90,-0.36,2.7626,3.5100,5.6665,1
57.486,-14,-29,1500,1500,-1.90,-0.36,2.7626,3.5100,5.6665,1
57.506,-14,-29,1500,1500,-1.90,-0.36,2.7626,3.5100,5.6665,1
57.523,-15,-30,1500,1500,-1.90,-0.36,2.7626,3.5100,5.6665,1
57.541,-16,-30,1500,1500,-1.90,-0.36,2.7626,3.5100,5.6665,1
57.559,-17,-29,1500,1500,-1.90,-0.36,2.7626,3.5100,5.6665,1
57.577,-17,-29,1500,1500,-1.90,-0.36,2.7626,3.5100,5.6665,1
57.595,-18,-29,1500,1500,-1.90,-0.36,2.7626,3.5100,5.6665,1
57.612,-18,-29,1500,1500,-2.34,-0.70,2.7626,3.5100,5.6665,1
57.632,-18,-29,1500,1500,-2.34,-0.70,2.7626,3.5100,5.6665,1
57.649,-18,-30,1500,1500,-2.34,-0.70,2.7626,3.5100,5.6665,1
57.666,-18,-29,1500,1500,-2.34,-0.70,2.8420,3.2411,6.8025,1
57.683,-19,-29,1500,1500,-2.34,-0.70,2.8420,3.2411,6.8025,1
57.700,-19,-28,1500,1500,-2.34,-0.70,2.8420,3.2411,6.8025,1
57.717,-18,-29,1500,1500,-2.34,-0.70,2.8420,3.2411,6.8025,1
57.735,-18,-29,1500,1500,-2.34,-0.70,2.8420,3.2411,6.8025,1
57.752,-17,-29,1500,1500,-2.34,-0.70,2.8420,3.2411,6.8025,1
57.769,-16,-29,1500,1500,-2.34,-0.70,2.8420,3.2411,6.8025,1
57.786,-16,-29,1500,1500,-2.34,-0.70,2.8420,3.2411,6.8025,1
57.803,-15,-28,1500,1500,-2.34,-0.70,2.8420,3.2411,6.8025,1
57.820,-14,-28,1500,1500,-2.34,-0.70,2.8420,3.2411,6.8025,1
57.837,-13,-28,1500,1500,-2.34,-0.70,2.8420,3.2411,6.8025,1
57.855,-11,-28,1500,1500,-2.17,-0.08,2.8420,3.2411,6.8025,1
57.872,-10,-28,1500,1500,-2.17,-0.08,2.8420,3.2411,6.8025,1
57.890,-8,-28,1500,1500,-2.17,-0.08,2.8420,3.2411,6.8025,1
57.908,-6,-28,1500,1500,-2.17,-0.08,2.8172,3.5888,5.8244,1
57.927,-5,-29,1500,1500,-2.17,-0.08,2.8172,3.5888,5.8244,1
57.944,-2,-28,1500,1500,-2.17,-0.08,2.8172,3.5888,5.8244,1
57.962,0,-28,1500,1500,-2.17,-0.08,2.8172,3.5888,5.8244,1
57.980,2,-27,1500,1500,-2.17,-0.08,2.8172,3.5888,5.8244,1
57.997,6,-27,1500,1500,-2.17,-0.08,2.8172,3.5888,5.8244,1
58.015,9,-27,1500,1500,-2.17,-0.08,2.8172,3.5888,5.8244,1
58.033,11,-27,1500,1500,-2.17,-0.08,2.8172,3.5888,5.8244,1
58.050,14,-27,1500,1500,-2.17,-0.08,2.8172,3.5888,5.8244,1
58.068,18,-27,1500,1500,-2.17,-0.08,2.8172,3.5888,5.8244,1
58.085,21,-26,1500,1500,-2.17,-0.08,2.8172,3.5888,5.8244,1
58.102,25,-27,1500,1500,-1.93,0.79,2.8172,3.5888,5.8244,1
58.121,29,-27,1500,1500,-1.93,0.79,2.8172,3.5888,5.8244,1
58.138,33,-27,1500,1500,-1.93,0.79,2.8172,3.5888,5.8244,1
58.156,37,-27,1500,1500,-1.93,0.79,2.8172,3.5888,5.8244,1
58.173,41,-26,1500,1500,-1.93,0.79,2.9398,3.5272,6.4777,1
58.190,45,-26,1500,1500,-1.93,0.79,2.9398,3.5272,6.4777,1
58.208,49,-26,1500,1500,-1.93,0.79,2.9398,3.5272,6.4777,1
58.227,53,-26,1500,1500,-1.93,0.79,2.9398,3.5272,6.4777,1
58.245,57,-26,1500,1500,-1.93,0.79,2.9398,3.5272,6.4777,1
58.263,65,-26,1500,1500,-1.93,0.79,2.9398,3.5272,6.4777,0
58.280,69,-25,1500,1500,-1.93,0.79,2.9398,3.5272,6.4777,0
58.298,74,-26,1500,1500,-1.93,0.79,2.9398,3.5272,6.4777,0
58.316,78,-26,1500,1500,-1.93,0.79,2.9398,3.5272,6.4777,0
58.333,82,-26,1500,1500,-1.93,0.79,2.9398,3.5272,6.4777,0
58.350,86,-26,1500,1500,-0.89,1.09,2.9398,3.5272,6.4777,0
58.367,91,-25,1500,1500,-0.89,1.09,2.9398,3.5272,6.4777,0
58.386,95,-25,1500,1500,-0.89,1.09,2.9398,3.5272,6.4777,0
58.406,99,-26,1500,1500,-0.89,1.09,2.9398,3.5272,6.4777,0
58.423,103,-26,1500,1500,-0.89,1.09,2.8170,3.4152,5.7323,0
58.441,108,-25,1500,1500,-0.89,1.09,2.8170,3.4152,5.7323,0
58.459,112,-25,1500,1500,-0.89,1.09,2.8170,3.4152,5.7323,0
58.477,116,-25,1500,1500,-0.89,1.09,2.8170,3.4152,5.7323,0
58.496,120,-25,1500,1500,-0.89,1.09,2.8170,3.4152,5.7323,0
58.514,128,-25,1500,1500,-0.89,1.09,2.8170,3.4152,5.7323,0
58.532,132,-25,1500,1500,-0.89,1.09,2.8170,3.4152,5.7323,0
58.549,135,-25,1500,1500,-0.89,1.09,2.8170,3.4152,5.7323,0
58.567,138,-25,1500,1500,-0.89,1.09,2.8170,3.4152,5.7323,0
58.584,141,-25,1500,1500,-0.89,1.09,2.8170,3.4152,5.7323,0
58.601,144,-26,1500,1500,-0.29,0.70,2.8170,3.4152,5.7323,0
58.619,147,-25,1500,1500,-0.29,0.70,2.8170,3.4152,5.7323,0
58.636,147,-25,1500,1500,-0.29,0.70,2.8170,3.4152,5.7323,0
58.654,149,-25,1500,1500,-0.29,0.70,2.8170,3.4152,5.7323,0
58.671,152,-25,1500,1500,-0.29,0.70,2.9439,3.6192,5.8293,0
58.689,155,-26,1500,1500,-0.29,0.70,2.9439,3.6192,5.8293,0
58.708,156,-26,1500,1500,-0.29,0.70,2.9439,3.6192,5.8293,0
58.725,157,-25,1500,1500,-0.29,0.70,2.9439,3.6192,5.8293,0
58.744,159,-25,1500,1500,-0.29,0.70,2.9439,3.6192,5.8293,0
58.762,160,-25,1500,1500,-0.29,0.70,2.9439,3.6192,5.8293,0
58.780,161,-26,1500,1500,-0.29,0.70,2.9439,3.6192,5.8293,0
58.797,164,-26,1500,1500,-0.29,0.70,2.9439,3.6192,5.8293,0
58.815,165,-26,1500,1500,-0.29,0.70,2.9439,3.6192,5.8293,0
58.833,167,-26,1500,1500,-0.29,0.70,2.9439,3.6192,5.8293,0
58.851,169,-26,1500,1500,0.54,0.06,2.9439,3.6192,5.8293,0
58.868,169,-26,1500,1500,0.54,0.06,2.9439,3.6192,5.8293,0
58.886,173,-26,1500,1500,0.54,0.06,2.9439,3.6192,5.8293,0
58.907,175,-26,1500,1500,0.54,0.06,2.9439,3.6192,5.8293,0
58.925,177,-26,1500,1500,0.54,0.06,2.9138,3.5790,5.7216,0
58.943,180,-26,1500,1500,0.54,0.06,2.9138,3.5790,5.7216,0
58.960,182,-26,1500,1500,0.54,0.06,2.9138,3.5790,5.7216,0
58.978,183,-26,1500,1500,0.54,0.06,2.9138,3.5790,5.7216,0
58.995,185,-27,1500,1500,0.54,0.06,2.9138,3.5790,5.7216,0
59.012,187,-27,1500,1500,0.54,0.06,2.9138,3.5790,5.7216,0
59.031,189,-26,1500,1500,0.54,0.06,2.9138,3.5790,5.7216,0
59.048,191,-26,1500,1500,0.54,0.06,2.9138,3.5790,5.7216,0
59.065,191,-26,1500,1500,0.54,0.06,2.9138,3.5790,5.7216,0
59.082,192,-26,1500,1500,0.54,0.06,2.9138,3.5790,5.7216,0
59.100,192,-26,1500,1500,0.87,0.57,2.9138,3.5790,5.7216,0
59.118,193,-27,1500,1500,0.87,0.57,2.9138,3.5790,5.7216,0
59.138,193,-27,1500,1500,0.87,0.57,2.9138,3.5790,5.7216,0
59.156,193,-27,1500,1500,0.87,0.57,2.8173,3.0595,6.3561,0
59.174,193,-27,1500,1500,0.87,0.57,2.8173,3.0595,6.3561,0
59.192,193,-27,1500,1500,0.87,0.57,2.8173,3.0595,6.3561,0
59.210,193,-27,1500,1500,0.87,0.57,2.8173,3.0595,6.3561,0
59.228,193,-27,1500,1500,0.87,0.57,2.8173,3.0595,6.3561,0
59.245,193,-27,1500,1500,0.87,0.57,2.8173,3.0595,6.3561,0
59.262,193,-27,1500,1500,0.87,0.57,2.8173,3.0595,6.3561,0
59.280,193,-27,1500,1500,0.87,0.57,2.8173,3.0595,6.3561,0
59.297,192,-27,1500,1500,0.87,0.57,2.8173,3.0595,6.3561,0
59.314,191,-27,1500,1500,0.87,0.57,2.8173,3.0595,6.3561,0
59.332,191,-27,1500,1500,0.87,0.57,2.8173,3.0595,6.3561,0
59.350,190,-27,1500,1500,0.74,0.62,2.8173,3.0595,6.3561,0
59.367,189,-28,1500,1500,0.74,0.62,2.8173,3.0595,6.3561,0
59.386,187,-28,1500,1500,0.74,0.62,2.8173,3.0595,6.3561,0
59.403,186,-28,1500,1500,0.74,0.62,2.8173,3.0595,6.3561,0
59.421,185,-28,1500,1500,0.74,0.62,2.9111,3.6376,5.5945,0
59.438,183,-28,1500,1500,0.74,0.62,2.9111,3.6376,5.5945,0
59.456,182,-28,1500,1500,0.74,0.62,2.9111,3.6376,5.5945,0
59.476,180,-28,1500,1500,0.74,0.62,2.9111,3.6376,5.5945,0
59.494,178,-29,1500,1500,0.74,0.62,2.9111,3.6376,5.5945,0
59.512,176,-28,1500,1500,0.74,0.62,2.9111,3.6376,5.5945,0
59.530,175,-29,1500,1500,0.74,0.62,2.9111,3.6376,5.5945,0
59.548,174,-28,1500,1500,0.74,0.62,2.9111,3.6376,5.5945,0
59.565,172,-29,1500,1500,0.74,0.62,2.9111,3.6376,5.5945,0
59.583,171,-29,1500,1500,0.74,0.62,2.9111,3.6376,5.5945,0
59.601,169,-28,1500,1500,0.04,-0.14,2.9111,3.6376,5.5945,0
59.620,167,-29,1500,1500,0.04,-0.14,2.9111,3.6376,5.5945,0
59.637,165,-29,1500,1500,0.04,-0.14,2.9111,3.6376,5.5945,0
59.654,163,-29,1500,1500,0.04,-0.14,2.7066,3.5278,5.8897,0
59.672,161,-30,1500,1500,0.04,-0.14,2.7066,3.5278,5.8897,0
59.689,158,-30,1500,1500,0.04,-0.14,2.7066,3.5278,5.8897,0
59.707,156,-29,1500,1500,0.04,-0.14,2.7066,3.5278,5.8897,0
59.726,154,-29,1500,1500,0.04,-0.14,2.7066,3.5278,5.8897,0
59.744,152,-29,1500,1500,0.04,-0.14,2.7066,3.5278,5.8897,0
59.761,150,-30,1500,1500,0.04,-0.14,2.7066,3.5278,5.8897,0
59.778,147,-30,1500,1500,0.04,-0.14,2.7066,3.5278,5.8897,0
59.797,144,-30,1500,1500,0.04,-0.14,2.7066,3.5278,5.8897,0
59.814,142,-30,1500,1500,0.04,-0.14,2.7066,3.5278,5.8897,0
59.831,140,-31,1500,1500,0.04,-0.14,2.7066,3.5278,5.8897,0
59.849,138,-31,1500,1500,-0.78,-0.59,2.7066,3.5278,5.8897,0
59.867,137,-31,1500,1500,-0.78,-0.59,2.7066,3.5278,5.8897,0
59.884,137,-31,1500,1500,-0.78,-0.59,2.7066,3.5278,5.8897,0
59.902,136,-32,1500,1500,-0.78,-0.59,2.7066,3.5278,5.8897,0
59.919,134,-31,1500,1500,-0.78,-0.59,2.8959,3.3229,8.2325,0
59.937,133,-31,1500,1500,-0.78,-0.59,2.8959,3.3229,8.2325,0
59.954,133,-31,1500,1500,-0.78,-0.59,2.8959,3.3229,8.2325,0
59.971,133,-31,1500,1500,-0.78,-0.59,2.8959,3.3229,8.2325,0
59.990,133,-31,1500,1500,-0.78,-0.59,2.8959,3.3229,8.2325,0
