elapsed_s,err_x_px,err_y_px,err_pitch_px,target_roll_us,target_pitch_us,actual_roll_deg,actual_pitch_deg,vib_x,vib_y,vib_z,aligned
0.001,89,49,-20,1526,1498,-0.29,-0.36,0.0000,0.0000,0.0000,0
0.019,91,49,-19,1527,1499,-0.29,-0.36,0.0000,0.0000,0.0000,0
0.037,91,49,-20,1527,1498,-0.29,-0.36,0.0000,0.0000,0.0000,0
0.058,93,48,-20,1527,1498,-0.29,-0.36,0.0000,0.0000,0.0000,0
0.078,94,48,-20,1528,1498,-0.29,-0.36,0.0000,0.0000,0.0000,0
0.096,94,47,-19,1528,1499,-0.29,-0.36,0.0000,0.0000,0.0000,0
0.114,95,45,-20,1528,1498,0.35,-0.33,0.0000,0.0000,0.0000,0
0.131,95,45,-20,1528,1498,0.35,-0.33,0.0000,0.0000,0.0000,0
0.151,95,44,-20,1528,1498,0.35,-0.33,0.0000,0.0000,0.0000,0
0.168,96,43,-21,1528,1498,0.35,-0.33,0.0000,0.0000,0.0000,0
0.186,96,42,-20,1528,1498,0.35,-0.33,0.0000,0.0000,0.0000,0
0.204,96,41,-20,1528,1498,0.35,-0.33,0.0000,0.0000,0.0000,0
0.222,95,39,-20,1528,1498,0.35,-0.33,0.0000,0.0000,0.0000,0
0.239,95,38,-20,1528,1498,0.35,-0.33,0.0000,0.0000,0.0000,0
0.256,94,37,-21,1528,1498,0.35,-0.33,0.0000,0.0000,0.0000,0
0.273,94,36,-21,1528,1498,0.35,-0.33,0.0000,0.0000,0.0000,0
0.295,93,35,-21,1527,1498,0.35,-0.33,0.0000,0.0000,0.0000,0
0.313,94,34,-20,1528,1498,0.35,-0.33,0.0000,0.0000,0.0000,0
0.330,94,33,-21,1528,1498,0.35,-0.33,0.0000,0.0000,0.0000,0
0.347,95,32,-20,1528,1498,0.35,-0.33,0.0000,0.0000,0.0000,0
0.364,95,31,-21,1528,1498,1.65,-0.87,0.0000,0.0000,0.0000,0
0.382,95,30,-21,1528,1498,1.65,-0.87,0.0000,0.0000,0.0000,0
0.401,95,29,-21,1528,1498,1.65,-0.87,0.0000,0.0000,0.0000,0
0.418,95,28,-20,1528,1498,1.65,-0.87,0.0000,0.0000,0.0000,0
0.435,95,28,-21,1528,1498,1.65,-0.87,0.0000,0.0000,0.0000,0
0.454,96,27,-21,1528,1498,1.65,-0.87,0.0000,0.0000,0.0000,0
0.471,96,27,-21,1528,1498,1.65,-0.87,0.0000,0.0000,0.0000,0
0.489,96,26,-21,1528,1498,1.65,-0.87,0.0000,0.0000,0.0000,0
0.507,97,26,-21,1529,1498,1.65,-0.87,0.0000,0.0000,0.0000,0
0.524,97,27,-21,1529,1498,1.65,-0.87,0.0000,0.0000,0.0000,0
0.543,98,27,-20,1529,1498,1.65,-0.87,0.0000,0.0000,0.0000,0
0.561,99,27,-21,1529,1498,1.65,-0.87,0.0000,0.0000,0.0000,0
0.580,99,27,-21,1529,1498,1.65,-0.87,0.0000,0.0000,0.0000,0
0.599,100,28,-22,1530,1498,1.65,-0.87,0.0000,0.0000,0.0000,0
0.616,101,28,-21,1530,1498,1.99,-0.76,0.0000,0.0000,0.0000,0
0.636,101,28,-21,1530,1498,1.99,-0.76,0.0000,0.0000,0.0000,0
0.653,102,29,-21,1530,1498,1.99,-0.76,0.0000,0.0000,0.0000,0
0.671,102,30,-21,1530,1498,1.99,-0.76,0.0000,0.0000,0.0000,0
0.689,103,30,-21,1530,1498,1.99,-0.76,0.0000,0.0000,0.0000,0
0.706,102,30,-22,1530,1498,1.99,-0.76,0.0000,0.0000,0.0000,0
0.724,103,30,-21,1530,1498,1.99,-0.76,0.0000,0.0000,0.0000,0
0.742,103,31,-21,1530,1498,1.99,-0.76,0.0000,0.0000,0.0000,0
0.760,103,31,-21,1530,1498,1.99,-0.76,0.0000,0.0000,0.0000,0
0.779,103,31,-21,1530,1498,1.99,-0.76,0.0000,0.0000,0.0000,0
0.797,102,31,-21,1530,1498,1.99,-0.76,0.0000,0.0000,0.0000,0
0.816,102,31,-21,1530,1498,1.99,-0.76,0.0000,0.0000,0.0000,0
0.833,101,31,-21,1530,1498,1.99,-0.76,0.0000,0.0000,0.0000,0
0.851,101,31,-21,1530,1498,1.99,-0.76,0.0000,0.0000,0.0000,0
0.868,101,31,-21,1530,1498,1.57,-0.66,0.0000,0.0000,0.0000,0
0.886,100,31,-21,1530,1498,1.57,-0.66,0.0000,0.0000,0.0000,0
0.903,99,31,-21,1529,1498,1.57,-0.66,0.0000,0.0000,0.0000,0
0.921,99,31,-21,1529,1498,1.57,-0.66,0.0000,0.0000,0.0000,0
0.939,98,32,-22,1529,1498,1.57,-0.66,0.0000,0.0000,0.0000,0
0.956,98,33,-22,1529,1498,1.57,-0.66,0.0000,0.0000,0.0000,0
0.973,98,33,-22,1529,1498,1.57,-0.66,0.0000,0.0000,0.0000,0
0.994,98,34,-22,1529,1498,1.57,-0.66,0.0000,0.0000,0.0000,0
1.012,97,34,-22,1529,1498,1.57,-0.66,0.0000,0.0000,0.0000,0
1.029,97,35,-22,1529,1498,1.57,-0.66,0.0000,0.0000,0.0000,0
1.047,97,34,-22,1529,1498,1.57,-0.66,0.0000,0.0000,0.0000,0
1.064,95,34,-23,1528,1498,1.57,-0.66,0.0000,0.0000,0.0000,0
1.084,93,34,-23,1527,1498,1.57,-0.66,0.0000,0.0000,0.0000,0
1.102,93,33,-23,1527,1498,1.57,-0.66,0.0000,0.0000,0.0000,0
1.120,91,32,-23,1527,1498,0.75,-0.65,0.0000,0.0000,0.0000,0
1.138,90,30,-23,1527,1498,0.75,-0.65,0.0000,0.0000,0.0000,0
1.155,88,29,-23,1526,1498,0.75,-0.65,0.0000,0.0000,0.0000,0
1.172,86,28,-23,1525,1498,0.75,-0.65,0.0000,0.0000,0.0000,0
1.190,85,28,-23,1525,1498,0.75,-0.65,0.0000,0.0000,0.0000,0
1.207,83,27,-23,1524,1498,0.75,-0.65,0.0000,0.0000,0.0000,0
1.225,79,25,-23,1523,1498,0.75,-0.65,0.0000,0.0000,0.0000,0
1.242,77,24,-23,1523,1498,0.75,-0.65,0.0000,0.0000,0.0000,0
1.260,75,23,-24,1522,1498,0.75,-0.65,0.0000,0.0000,0.0000,0
1.278,72,23,-24,1521,1498,0.75,-0.65,0.0000,0.0000,0.0000,0
1.296,71,22,-24,1521,1498,0.75,-0.65,0.0000,0.0000,0.0000,0
1.313,69,20,-24,1520,1498,0.75,-0.65,0.0000,0.0000,0.0000,0
1.331,67,20,-23,1520,1498,0.75,-0.65,0.0000,0.0000,0.0000,0
1.348,66,20,-24,1519,1498,0.75,-0.65,0.0000,0.0000,0.0000,0
1.365,64,20,-24,1519,1498,0.47,-1.31,0.0000,0.0000,0.0000,0
1.382,62,20,-23,1518,1498,0.47,-1.31,0.0000,0.0000,0.0000,0
1.399,61,21,-24,1518,1498,0.47,-1.31,0.0000,0.0000,0.0000,0
1.417,60,20,-24,1518,1498,0.47,-1.31,0.0000,0.0000,0.0000,1
1.435,59,20,-24,1517,1498,0.47,-1.31,0.0000,0.0000,0.0000,1
1.452,58,20,-23,1517,1498,0.47,-1.31,0.0000,0.0000,0.0000,1
1.469,56,21,-24,1516,1498,0.47,-1.31,0.0000,0.0000,0.0000,1
1.487,55,21,-23,1516,1498,0.47,-1.31,0.0000,0.0000,0.0000,1
1.505,54,21,-23,1516,1498,0.47,-1.31,0.0000,0.0000,0.0000,1
1.523,54,22,-24,1516,1498,0.47,-1.31,0.0000,0.0000,0.0000,1
1.540,53,22,-24,1515,1498,0.47,-1.31,0.0000,0.0000,0.0000,1
1.558,52,23,-24,1515,1498,0.47,-1.31,0.0000,0.0000,0.0000,1
1.575,50,24,-23,1510,1498,0.47,-1.31,0.0000,0.0000,0.0000,1
1.593,48,24,-24,1509,1498,0.47,-1.31,0.0000,0.0000,0.0000,1
1.610,48,24,-24,1509,1498,0.47,-1.31,0.0000,0.0000,0.0000,1
1.628,46,25,-23,1509,1498,0.12,-1.01,0.0000,0.0000,0.0000,1
1.646,45,24,-24,1509,1498,0.12,-1.01,0.0000,0.0000,0.0000,1
1.665,44,24,-24,1508,1498,0.12,-1.01,0.0000,0.0000,0.0000,1
1.682,43,24,-24,1508,1498,0.12,-1.01,0.0000,0.0000,0.0000,1
1.699,41,24,-24,1508,1498,0.12,-1.01,0.0000,0.0000,0.0000,1
1.717,41,25,-24,1508,1498,0.12,-1.01,0.0000,0.0000,0.0000,1
1.734,40,24,-24,1508,1498,0.12,-1.01,0.0000,0.0000,0.0000,1
1.752,39,24,-24,1507,1498,0.12,-1.01,0.0000,0.0000,0.0000,1
1.771,38,23,-24,1507,1498,0.12,-1.01,0.0000,0.0000,0.0000,1
1.788,37,23,-23,1507,1498,0.12,-1.01,0.0000,0.0000,0.0000,1
1.805,36,22,-24,1507,1498,0.12,-1.01,0.0000,0.0000,0.0000,1
1.823,35,22,-24,1507,1498,0.12,-1.01,0.0000,0.0000,0.0000,1
1.840,32,22,-24,1506,1498,0.12,-1.01,0.0000,0.0000,0.0000,1
1.858,31,22,-24,1506,1498,0.12,-1.01,0.0000,0.0000,0.0000,1
1.875,30,22,-23,1506,1498,-0.11,-1.27,0.0000,0.0000,0.0000,1
1.894,29,22,-23,1505,1498,-0.11,-1.27,0.0000,0.0000,0.0000,1
1.912,29,22,-23,1505,1498,-0.11,-1.27,0.0000,0.0000,0.0000,1
1.930,26,23,-25,1505,1498,-0.11,-1.27,0.0000,0.0000,0.0000,1
1.948,25,24,-24,1505,1498,-0.11,-1.27,0.0000,0.0000,0.0000,1
1.965,24,25,-23,1504,1498,-0.11,-1.27,0.0000,0.0000,0.0000,1
1.983,23,25,-23,1504,1498,-0.11,-1.27,0.0000,0.0000,0.0000,1
2.000,22,26,-23,1504,1498,-0.11,-1.27,0.0000,0.0000,0.0000,1
2.020,21,26,-22,1504,1498,-0.11,-1.27,0.0000,0.0000,0.0000,1
2.039,20,27,-22,1504,1498,-0.11,-1.27,0.0000,0.0000,0.0000,1
2.056,19,27,-22,1503,1498,-0.11,-1.27,0.0000,0.0000,0.0000,1
2.074,18,28,-23,1503,1498,-0.11,-1.27,0.0000,0.0000,0.0000,1
2.092,16,29,-23,1503,1498,-0.11,-1.27,0.0000,0.0000,0.0000,1
2.111,15,30,-22,1503,1498,-0.12,-0.79,0.0000,0.0000,0.0000,1
2.128,14,31,-22,1502,1498,-0.12,-0.79,0.0000,0.0000,0.0000,1
2.146,14,31,-22,1502,1498,-0.12,-0.79,0.0000,0.0000,0.0000,1
2.163,13,32,-22,1502,1498,-0.12,-0.79,0.0000,0.0000,0.0000,1
2.181,12,32,-22,1502,1498,-0.12,-0.79,0.0000,0.0000,0.0000,1
2.200,11,33,-22,1502,1498,-0.12,-0.79,0.0000,0.0000,0.0000,1
2.219,10,34,-22,1502,1498,-0.12,-0.79,0.0000,0.0000,0.0000,1
2.237,9,35,-23,1501,1498,-0.12,-0.79,0.0000,0.0000,0.0000,1
2.254,8,36,-23,1501,1498,-0.12,-0.79,0.0000,0.0000,0.0000,1
2.272,8,36,-23,1501,1498,-0.12,-0.79,0.0000,0.0000,0.0000,1
2.290,7,36,-23,1501,1498,-0.12,-0.79,0.0000,0.0000,0.0000,1
2.307,7,37,-22,1501,1498,-0.12,-0.79,0.0000,0.0000,0.0000,1
2.324,7,35,-22,1501,1498,-0.12,-0.79,0.0000,0.0000,0.0000,1
2.342,7,34,-22,1501,1498,-0.12,-0.79,0.0000,0.0000,0.0000,1
2.360,7,34,-22,1501,1498,-0.40,-0.50,0.0000,0.0000,0.0000,1
2.377,7,34,-22,1501,1498,-0.40,-0.50,0.0000,0.0000,0.0000,1
2.394,7,34,-22,1501,1498,-0.40,-0.50,0.0000,0.0000,0.0000,1
2.411,7,34,-22,1501,1498,-0.40,-0.50,0.0000,0.0000,0.0000,1
2.429,7,35,-22,1501,1498,-0.40,-0.50,0.0000,0.0000,0.0000,1
2.447,7,35,-23,1501,1498,-0.40,-0.50,0.0000,0.0000,0.0000,1
2.465,7,36,-23,1501,1498,-0.40,-0.50,0.0000,0.0000,0.0000,1
2.483,7,36,-22,1501,1498,-0.40,-0.50,0.0000,0.0000,0.0000,1
2.500,7,37,-21,1501,1498,-0.40,-0.50,0.0000,0.0000,0.0000,1
2.517,7,37,-21,1501,1498,-0.40,-0.50,0.0000,0.0000,0.0000,1
2.534,6,37,-22,1501,1498,-0.40,-0.50,0.0000,0.0000,0.0000,1
2.552,6,38,-21,1501,1498,-0.40,-0.50,0.0000,0.0000,0.0000,1
2.571,6,38,-22,1501,1498,-0.40,-0.50,0.0000,0.0000,0.0000,1
2.589,6,38,-22,1501,1498,-0.40,-0.50,0.0000,0.0000,0.0000,1
2.606,6,38,-21,1501,1498,-0.40,-0.50,0.0000,0.0000,0.0000,1
2.624,7,38,-21,1501,1498,-0.28,-0.55,0.0000,0.0000,0.0000,1
2.641,7,38,-22,1501,1498,-0.28,-0.55,0.0000,0.0000,0.0000,1
2.659,8,38,-21,1501,1498,-0.28,-0.55,0.0000,0.0000,0.0000,1
2.677,9,38,-22,1501,1498,-0.28,-0.55,0.0000,0.0000,0.0000,1
2.696,10,38,-21,1502,1498,-0.28,-0.55,0.0000,0.0000,0.0000,1
2.715,11,38,-21,1502,1498,-0.28,-0.55,0.0000,0.0000,0.0000,1
2.732,12,38,-22,1502,1498,-0.28,-0.55,0.0000,0.0000,0.0000,1
2.749,13,37,-22,1502,1498,-0.28,-0.55,0.0000,0.0000,0.0000,1
2.767,14,37,-23,1502,1498,-0.28,-0.55,0.0000,0.0000,0.0000,1
2.787,15,37,-23,1503,1498,-0.28,-0.55,0.0000,0.0000,0.0000,1
2.805,16,37,-22,1503,1498,-0.28,-0.55,0.0000,0.0000,0.0000,1
2.822,17,37,-23,1503,1498,-0.28,-0.55,0.0000,0.0000,0.0000,1
2.839,19,37,-23,1503,1498,-0.28,-0.55,0.0000,0.0000,0.0000,1
2.857,19,37,-23,1503,1498,-0.09,-0.90,0.0000,0.0000,0.0000,1
2.877,21,38,-23,1504,1498,-0.09,-0.90,0.0000,0.0000,0.0000,1
2.896,21,38,-23,1504,1498,-0.09,-0.90,0.0000,0.0000,0.0000,1
2.913,22,39,-22,1504,1498,-0.09,-0.90,0.0000,0.0000,0.0000,1
2.932,23,39,-23,1504,1498,-0.09,-0.90,0.0000,0.0000,0.0000,1
2.949,24,40,-23,1504,1498,-0.09,-0.90,0.0000,0.0000,0.0000,1
2.966,25,40,-23,1505,1498,-0.09,-0.90,0.0000,0.0000,0.0000,1
2.984,25,41,-23,1505,1498,-0.09,-0.90,0.0000,0.0000,0.0000,1
3.002,25,41,-22,1505,1498,-0.09,-0.90,0.0000,0.0000,0.0000,1
3.021,25,42,-23,1505,1498,-0.09,-0.90,0.0000,0.0000,0.0000,1
3.041,26,43,-23,1505,1498,-0.09,-0.90,0.0000,0.0000,0.0000,1
3.061,27,43,-23,1505,1498,-0.09,-0.90,0.0000,0.0000,0.0000,1
3.079,27,43,-23,1505,1498,-0.09,-0.90,0.0000,0.0000,0.0000,1
3.096,27,43,-22,1505,1498,-0.09,-0.90,0.0000,0.0000,0.0000,1
3.114,28,44,-24,1505,1498,-0.03,-0.71,0.0000,0.0000,0.0000,1
3.131,28,44,-23,1505,1498,-0.03,-0.71,0.0000,0.0000,0.0000,1
3.149,28,44,-23,1505,1498,-0.03,-0.71,0.0000,0.0000,0.0000,1
3.166,28,44,-23,1505,1498,-0.03,-0.71,0.0000,0.0000,0.0000,1
3.183,29,44,-23,1505,1498,-0.03,-0.71,0.0000,0.0000,0.0000,1
3.200,29,44,-23,1505,1498,-0.03,-0.71,0.0000,0.0000,0.0000,1
3.218,30,44,-23,1506,1498,-0.03,-0.71,0.0000,0.0000,0.0000,1
3.235,31,44,-22,1506,1498,-0.03,-0.71,0.0000,0.0000,0.0000,1
3.254,34,45,-24,1506,1498,-0.03,-0.71,0.0000,0.0000,0.0000,1
3.272,36,45,-24,1507,1498,-0.03,-0.71,0.0000,0.0000,0.0000,1
3.290,37,45,-23,1507,1498,-0.03,-0.71,0.0000,0.0000,0.0000,1
3.307,39,45,-24,1507,1498,-0.03,-0.71,0.0000,0.0000,0.0000,1
3.326,41,45,-23,1508,1498,-0.03,-0.71,0.0000,0.0000,0.0000,1
3.343,43,45,-23,1508,1498,-0.03,-0.71,0.0000,0.0000,0.0000,1
3.361,45,45,-22,1509,1498,0.43,-0.79,0.0000,0.0000,0.0000,1
3.382,47,43,-23,1509,1498,0.43,-0.79,0.0000,0.0000,0.0000,1
3.399,49,43,-23,1509,1498,0.43,-0.79,0.0000,0.0000,0.0000,1
3.418,50,42,-23,1510,1498,0.43,-0.79,0.0000,0.0000,0.0000,1
3.436,52,42,-22,1515,1498,0.43,-0.79,0.0000,0.0000,0.0000,1
3.453,54,41,-23,1516,1498,0.43,-0.79,0.0000,0.0000,0.0000,1
3.470,58,39,-22,1517,1498,0.43,-0.79,0.0000,0.0000,0.0000,1
3.488,59,37,-23,1517,1498,0.43,-0.79,0.0000,0.0000,0.0000,1
3.505,59,37,-23,1517,1498,0.43,-0.79,0.0000,0.0000,0.0000,1
3.523,60,36,-23,1518,1498,0.43,-0.79,0.0000,0.0000,0.0000,1
3.541,62,34,-22,1518,1498,0.43,-0.79,0.0000,0.0000,0.0000,0
0.018,64,34,-23,1519,1498,0.43,-0.79,0.0000,0.0000,0.0000,0
0.035,65,32,-22,1519,1498,0.43,-0.79,0.0000,0.0000,0.0000,0
0.053,65,31,-22,1519,1498,0.43,-0.79,0.0000,0.0000,0.0000,0
0.070,66,30,-23,1519,1498,1.10,-1.34,0.0000,0.0000,0.0000,0
0.088,67,31,-23,1520,1498,1.10,-1.34,0.0000,0.0000,0.0000,0
0.106,67,32,-23,1520,1498,1.10,-1.34,0.0000,0.0000,0.0000,0
0.123,69,32,-24,1520,1498,1.10,-1.34,0.0000,0.0000,0.0000,0
0.141,70,31,-23,1521,1498,1.10,-1.34,0.0000,0.0000,0.0000,0
0.159,71,30,-23,1521,1498,1.10,-1.34,0.0000,0.0000,0.0000,0
0.178,71,29,-24,1521,1498,1.10,-1.34,0.0000,0.0000,0.0000,0
0.196,71,30,-23,1521,1498,1.10,-1.34,0.0000,0.0000,0.0000,0
0.214,72,29,-23,1521,1498,1.10,-1.34,0.0000,0.0000,0.0000,0
0.231,73,32,-22,1521,1498,1.10,-1.34,0.0000,0.0000,0.0000,0
0.249,74,32,-23,1522,1498,1.10,-1.34,0.0000,0.0000,0.0000,0
0.266,75,33,-23,1522,1498,1.10,-1.34,0.0000,0.0000,0.0000,0
0.283,76,35,-23,1522,1498,1.10,-1.34,0.0000,0.0000,0.0000,0
0.301,77,33,-23,1523,1498,1.10,-1.34,0.0000,0.0000,0.0000,0
0.320,78,32,-23,1523,1498,1.20,-1.25,0.0000,0.0000,0.0000,0
0.342,78,32,-23,1523,1498,1.20,-1.25,0.0000,0.0000,0.0000,0
0.361,79,30,-23,1523,1498,1.20,-1.25,0.0000,0.0000,0.0000,0
0.381,79,27,-24,1523,1498,1.20,-1.25,0.0000,0.0000,0.0000,0
0.399,79,27,-24,1523,1498,1.20,-1.25,0.0000,0.0000,0.0000,0
0.419,81,24,-24,1524,1498,1.20,-1.25,0.0000,0.0000,0.0000,0
0.436,81,23,-23,1524,1498,1.20,-1.25,0.0000,0.0000,0.0000,0
0.453,81,22,-24,1524,1498,1.20,-1.25,0.0000,0.0000,0.0000,0
0.471,83,22,-23,1524,1498,1.20,-1.25,0.0000,0.0000,0.0000,0
0.488,83,22,-23,1524,1498,1.20,-1.25,0.0000,0.0000,0.0000,0
0.506,84,22,-23,1525,1498,1.20,-1.25,0.0000,0.0000,0.0000,0
0.523,85,20,-23,1525,1498,1.20,-1.25,0.0000,0.0000,0.0000,0
0.540,85,18,-23,1525,1498,1.20,-1.25,0.0000,0.0000,0.0000,0
0.557,85,16,-23,1525,1498,1.20,-1.25,0.0000,0.0000,0.0000,0
0.575,85,16,-23,1525,1498,1.18,-1.72,0.0000,0.0000,0.0000,0
0.594,84,15,-23,1525,1498,1.18,-1.72,0.0000,0.0000,0.0000,0
0.614,83,17,-23,1524,1498,1.18,-1.72,0.0000,0.0000,0.0000,0
0.632,84,18,-23,1525,1498,1.18,-1.72,0.0000,0.0000,0.0000,0
0.652,83,19,-23,1524,1498,1.18,-1.72,0.0000,0.0000,0.0000,0
0.669,83,21,-22,1524,1498,1.18,-1.72,0.0000,0.0000,0.0000,0
0.687,83,22,-22,1524,1498,1.18,-1.72,0.0000,0.0000,0.0000,0
0.704,84,22,-22,1525,1498,1.18,-1.72,0.0000,0.0000,0.0000,0
0.721,83,22,-22,1524,1498,1.18,-1.72,0.0000,0.0000,0.0000,0
0.738,83,23,-22,1524,1498,1.18,-1.72,0.0000,0.0000,0.0000,0
0.756,83,25,-22,1524,1498,1.18,-1.72,0.0000,0.0000,0.0000,0
0.774,83,25,-22,1524,1498,1.18,-1.72,0.0000,0.0000,0.0000,0
0.792,82,26,-23,1524,1498,1.18,-1.72,0.0000,0.0000,0.0000,0
0.811,82,28,-23,1524,1498,1.18,-1.72,0.0000,0.0000,0.0000,0
0.828,81,31,-22,1524,1498,0.71,-0.99,0.0000,0.0000,0.0000,0
0.845,80,33,-21,1524,1498,0.71,-0.99,0.0000,0.0000,0.0000,0
0.863,79,35,-21,1523,1498,0.71,-0.99,0.0000,0.0000,0.0000,0
0.882,78,36,-22,1523,1498,0.71,-0.99,0.0000,0.0000,0.0000,0
0.902,77,36,-21,1523,1498,0.71,-0.99,0.0000,0.0000,0.0000,0
0.919,75,37,-21,1522,1498,0.71,-0.99,0.0000,0.0000,0.0000,0
0.936,74,38,-21,1522,1498,0.71,-0.99,0.0000,0.0000,0.0000,0
0.954,73,37,-21,1521,1498,0.71,-0.99,0.0000,0.0000,0.0000,0
0.971,72,35,-20,1521,1498,0.71,-0.99,0.0000,0.0000,0.0000,0
0.989,70,35,-21,1521,1498,0.71,-0.99,0.0000,0.0000,0.0000,0
1.007,69,35,-21,1520,1498,0.71,-0.99,0.0000,0.0000,0.0000,0
1.025,68,34,-21,1520,1498,0.71,-0.99,0.0000,0.0000,0.0000,0
1.042,68,34,-21,1520,1498,0.71,-0.99,0.0000,0.0000,0.0000,0
1.060,67,35,-22,1520,1498,0.71,-0.99,0.0000,0.0000,0.0000,0
1.077,66,34,-21,1519,1498,0.43,-0.97,0.0000,0.0000,0.0000,0
1.094,65,35,-21,1519,1498,0.43,-0.97,0.0000,0.0000,0.0000,0
1.113,64,34,-22,1519,1498,0.43,-0.97,0.0000,0.0000,0.0000,0
1.131,63,35,-21,1518,1498,0.43,-0.97,0.0000,0.0000,0.0000,0
1.149,63,35,-22,1518,1498,0.43,-0.97,0.0000,0.0000,0.0000,0
1.168,61,37,-21,1518,1498,0.43,-0.97,0.0000,0.0000,0.0000,0
1.186,60,39,-21,1518,1498,0.43,-0.97,0.0000,0.0000,0.0000,1
1.204,59,40,-21,1517,1498,0.43,-0.97,0.0000,0.0000,0.0000,1
1.221,58,41,-21,1517,1498,0.43,-0.97,0.0000,0.0000,0.0000,1
1.239,58,42,-20,1517,1498,0.43,-0.97,0.0000,0.0000,0.0000,1
1.256,56,41,-21,1516,1498,0.43,-0.97,0.0000,0.0000,0.0000,1
1.274,55,42,-20,1516,1498,0.43,-0.97,0.0000,0.0000,0.0000,1
1.292,55,42,-20,1516,1498,0.43,-0.97,0.0000,0.0000,0.0000,1
1.310,54,42,-20,1516,1498,0.43,-0.97,0.0000,0.0000,0.0000,1
1.327,53,44,-19,1515,1499,0.24,-0.62,0.0000,0.0000,0.0000,1
1.345,52,45,-21,1515,1498,0.24,-0.62,0.0000,0.0000,0.0000,1
1.362,53,47,-19,1515,1499,0.24,-0.62,0.0000,0.0000,0.0000,1
1.382,53,45,-20,1515,1498,0.24,-0.62,0.0000,0.0000,0.0000,1
1.400,52,44,-21,1515,1498,0.24,-0.62,0.0000,0.0000,0.0000,1
1.421,51,43,-20,1515,1498,0.24,-0.62,0.0000,0.0000,0.0000,1
1.440,50,44,-22,1510,1498,0.24,-0.62,0.0000,0.0000,0.0000,1
1.458,50,46,-22,1510,1498,0.24,-0.62,0.0000,0.0000,0.0000,1
1.477,50,46,-21,1510,1498,0.24,-0.62,0.0000,0.0000,0.0000,1
1.494,49,46,-21,1509,1498,0.24,-0.62,0.0000,0.0000,0.0000,1
1.511,48,48,-21,1509,1498,0.24,-0.62,0.0000,0.0000,0.0000,1
1.529,47,48,-20,1509,1498,0.24,-0.62,0.0000,0.0000,0.0000,1
1.547,47,48,-21,1509,1498,0.24,-0.62,0.0000,0.0000,0.0000,1
1.564,46,47,-21,1509,1498,-0.31,-0.50,0.0000,0.0000,0.0000,1
1.583,46,47,-21,1509,1498,-0.31,-0.50,0.0000,0.0000,0.0000,1
1.601,46,46,-21,1509,1498,-0.31,-0.50,0.0000,0.0000,0.0000,1
1.619,45,45,-21,1509,1498,-0.31,-0.50,0.0000,0.0000,0.0000,1
1.636,45,43,-20,1509,1498,-0.31,-0.50,0.0000,0.0000,0.0000,1
1.653,44,43,-22,1508,1498,-0.31,-0.50,0.0000,0.0000,0.0000,1
1.671,43,43,-22,1508,1498,-0.31,-0.50,0.0000,0.0000,0.0000,1
1.689,43,43,-22,1508,1498,-0.31,-0.50,0.0000,0.0000,0.0000,1
1.707,43,43,-23,1508,1498,-0.31,-0.50,0.0000,0.0000,0.0000,1
1.726,43,41,-22,1508,1498,-0.31,-0.50,0.0000,0.0000,0.0000,1
1.744,43,39,-22,1508,1498,-0.31,-0.50,0.0000,0.0000,0.0000,1
1.762,43,39,-22,1508,1498,-0.31,-0.50,0.0000,0.0000,0.0000,1
1.780,41,37,-21,1508,1498,-0.31,-0.50,0.0000,0.0000,0.0000,1
1.798,40,38,-22,1508,1498,-0.31,-0.50,0.0000,0.0000,0.0000,1
1.816,40,38,-22,1508,1498,-0.28,-0.55,0.0000,0.0000,0.0000,1
1.834,39,40,-21,1507,1498,-0.28,-0.55,0.0000,0.0000,0.0000,1
1.852,39,40,-20,1507,1498,-0.28,-0.55,0.0000,0.0000,0.0000,1
1.869,39,37,-20,1507,1498,-0.28,-0.55,0.0000,0.0000,0.0000,1
1.886,38,35,-21,1507,1498,-0.28,-0.55,0.0000,0.0000,0.0000,1
1.904,37,34,-20,1507,1498,-0.28,-0.55,0.0000,0.0000,0.0000,1
1.921,36,33,-20,1507,1498,-0.28,-0.55,0.0000,0.0000,0.0000,1
1.939,35,33,-21,1507,1498,-0.28,-0.55,0.0000,0.0000,0.0000,1
1.956,35,34,-20,1507,1498,-0.28,-0.55,0.0000,0.0000,0.0000,1
1.973,34,34,-21,1506,1498,-0.28,-0.55,0.0000,0.0000,0.0000,1
1.990,33,35,-21,1506,1498,-0.28,-0.55,0.0000,0.0000,0.0000,1
2.007,33,35,-21,1506,1498,-0.28,-0.55,0.0000,0.0000,0.0000,1
2.026,32,33,-21,1506,1498,-0.28,-0.55,0.0000,0.0000,0.0000,1
2.043,28,29,-21,1505,1498,-0.28,-0.55,0.0000,0.0000,0.0000,1
2.060,28,29,-21,1505,1498,-0.28,-0.55,0.0000,0.0000,0.0000,1
2.079,26,29,-21,1505,1498,-0.60,-1.18,0.0000,0.0000,0.0000,1
2.099,24,29,-21,1504,1498,-0.60,-1.18,0.0000,0.0000,0.0000,1
2.116,22,30,-21,1504,1498,-0.60,-1.18,0.0000,0.0000,0.0000,1
2.135,21,30,-21,1504,1498,-0.60,-1.18,0.0000,0.0000,0.0000,1
2.153,19,30,-21,1503,1498,-0.60,-1.18,0.0000,0.0000,0.0000,1
2.171,17,30,-22,1503,1498,-0.60,-1.18,0.0000,0.0000,0.0000,1
2.188,16,31,-21,1503,1498,-0.60,-1.18,0.0000,0.0000,0.0000,1
2.206,14,32,-21,1502,1498,-0.60,-1.18,0.0000,0.0000,0.0000,1
2.223,11,34,-21,1502,1498,-0.60,-1.18,0.0000,0.0000,0.0000,1
2.240,10,35,-22,1502,1498,-0.60,-1.18,0.0000,0.0000,0.0000,1
2.258,8,37,-21,1501,1498,-0.60,-1.18,0.0000,0.0000,0.0000,1
2.275,7,38,-21,1501,1498,-0.60,-1.18,0.0000,0.0000,0.0000,1
2.293,5,39,-21,1501,1498,-0.60,-1.18,0.0000,0.0000,0.0000,1
2.311,3,40,-21,1500,1498,-0.91,-0.55,0.0000,0.0000,0.0000,1
2.330,2,41,-21,1500,1498,-0.91,-0.55,0.0000,0.0000,0.0000,1
2.353,1,40,-21,1500,1498,-0.91,-0.55,0.0000,0.0000,0.0000,1
2.373,-1,40,-22,1500,1498,-0.91,-0.55,0.0000,0.0000,0.0000,1
2.390,-2,40,-22,1500,1498,-0.91,-0.55,0.0000,0.0000,0.0000,1
2.408,-5,40,-21,1499,1498,-0.91,-0.55,0.0000,0.0000,0.0000,1
2.426,-7,40,-22,1499,1498,-0.91,-0.55,0.0000,0.0000,0.0000,1
2.445,-9,40,-21,1499,1498,-0.91,-0.55,0.0000,0.0000,0.0000,1
2.462,-10,39,-21,1498,1498,-0.91,-0.55,0.0000,0.0000,0.0000,1
2.481,-13,39,-22,1498,1498,-0.91,-0.55,0.0000,0.0000,0.0000,1
2.499,-15,38,-22,1497,1498,-0.91,-0.55,0.0000,0.0000,0.0000,1
2.518,-17,38,-21,1497,1498,-0.91,-0.55,0.0000,0.0000,0.0000,1
2.535,-18,37,-21,1497,1498,-0.91,-0.55,0.0000,0.0000,0.0000,1
2.553,-20,37,-21,1496,1498,-0.91,-0.55,0.0000,0.0000,0.0000,1
2.570,-23,36,-22,1496,1498,-0.83,-1.15,0.0000,0.0000,0.0000,1
2.588,-26,36,-21,1495,1498,-0.83,-1.15,0.0000,0.0000,0.0000,1
2.605,-26,36,-21,1495,1498,-0.83,-1.15,0.0000,0.0000,0.0000,1
2.624,-29,35,-21,1495,1498,-0.83,-1.15,0.0000,0.0000,0.0000,1
2.645,-32,35,-21,1494,1498,-0.83,-1.15,0.0000,0.0000,0.0000,1
2.662,-37,35,-22,1493,1498,-0.83,-1.15,0.0000,0.0000,0.0000,1
2.681,-39,35,-21,1493,1498,-0.83,-1.15,0.0000,0.0000,0.0000,1
2.698,-41,35,-21,1492,1498,-0.83,-1.15,0.0000,0.0000,0.0000,1
2.716,-42,36,-22,1492,1498,-0.83,-1.15,0.0000,0.0000,0.0000,1
2.733,-43,36,-22,1492,1498,-0.83,-1.15,0.0000,0.0000,0.0000,1
2.750,-43,36,-22,1492,1498,-0.83,-1.15,0.0000,0.0000,0.0000,1
2.767,-42,37,-22,1492,1498,-0.83,-1.15,0.0000,0.0000,0.0000,1
2.785,-41,37,-21,1492,1498,-0.83,-1.15,0.0000,0.0000,0.0000,1
2.802,-40,37,-21,1492,1498,-0.83,-1.15,0.0000,0.0000,0.0000,1
2.820,-39,37,-21,1493,1498,-1.00,-1.29,0.0000,0.0000,0.0000,1
2.838,-39,37,-21,1493,1498,-1.00,-1.29,0.0000,0.0000,0.0000,1
2.858,-38,36,-21,1493,1498,-1.00,-1.29,0.0000,0.0000,0.0000,1
2.878,-37,36,-22,1493,1498,-1.00,-1.29,0.0000,0.0000,0.0000,1
2.896,-35,34,-23,1493,1498,-1.00,-1.29,0.0000,0.0000,0.0000,1
2.915,-33,34,-21,1494,1498,-1.00,-1.29,0.0000,0.0000,0.0000,1
2.932,-32,33,-22,1494,1498,-1.00,-1.29,0.0000,0.0000,0.0000,1
2.950,-30,33,-21,1494,1498,-1.00,-1.29,0.0000,0.0000,0.0000,1
2.967,-27,32,-21,1495,1498,-1.00,-1.29,0.0000,0.0000,0.0000,1
2.985,-26,32,-21,1495,1498,-1.00,-1.29,0.0000,0.0000,0.0000,1
3.002,-24,33,-21,1496,1498,-1.00,-1.29,0.0000,0.0000,0.0000,1
3.019,-22,33,-21,1496,1498,-1.00,-1.29,0.0000,0.0000,0.0000,1
3.036,-21,34,-21,1496,1498,-1.00,-1.29,0.0000,0.0000,0.0000,1
3.053,-19,35,-22,1497,1498,-1.00,-1.29,0.0000,0.0000,0.0000,1
3.072,-17,36,-21,1497,1498,-0.83,-1.51,0.0000,0.0000,0.0000,1
3.090,-15,37,-21,1497,1498,-0.83,-1.51,0.0000,0.0000,0.0000,1
3.108,-15,37,-21,1497,1498,-0.83,-1.51,0.0000,0.0000,0.0000,1
3.126,-14,38,-21,1498,1498,-0.83,-1.51,0.0000,0.0000,0.0000,1
3.145,-12,40,-21,1498,1498,-0.83,-1.51,0.0000,0.0000,0.0000,1
3.162,-8,43,-21,1499,1498,-0.83,-1.51,0.0000,0.0000,0.0000,1
3.180,-6,45,-20,1499,1498,-0.83,-1.51,0.0000,0.0000,0.0000,1
3.198,-5,46,-21,1499,1498,-0.83,-1.51,0.0000,0.0000,0.0000,1
3.216,-3,48,-21,1500,1498,-0.83,-1.51,0.0000,0.0000,0.0000,1
3.234,-1,50,-21,1500,1498,-0.83,-1.51,0.0000,0.0000,0.0000,1
3.252,0,50,-21,1500,1498,-0.83,-1.51,0.0000,0.0000,0.0000,1
3.269,0,51,-21,1500,1498,-0.83,-1.51,0.0000,0.0000,0.0000,1
3.286,0,51,-21,1500,1498,-0.83,-1.51,0.0000,0.0000,0.0000,1
3.303,1,51,-21,1500,1498,-0.83,-1.51,0.0000,0.0000,0.0000,1
3.320,2,50,-21,1500,1498,-1.15,-0.82,0.0000,0.0000,0.0000,1
3.343,2,50,-21,1500,1498,-1.15,-0.82,0.0000,0.0000,0.0000,1
3.362,2,48,-21,1500,1498,-1.15,-0.82,0.0000,0.0000,0.0000,1
3.379,2,48,-21,1500,1498,-1.15,-0.82,0.0000,0.0000,0.0000,1
3.397,2,47,-21,1500,1498,-1.15,-0.82,0.0000,0.0000,0.0000,1
3.415,3,46,-21,1500,1498,-1.15,-0.82,0.0000,0.0000,0.0000,1
3.432,3,45,-21,1500,1498,-1.15,-0.82,0.0000,0.0000,0.0000,1
3.449,3,45,-21,1500,1498,-1.15,-0.82,0.0000,0.0000,0.0000,1
3.467,4,44,-21,1500,1498,-1.15,-0.82,0.0000,0.0000,0.0000,1
3.484,4,43,-20,1500,1498,-1.15,-0.82,0.0000,0.0000,0.0000,1
3.502,5,42,-21,1501,1498,-1.15,-0.82,0.0000,0.0000,0.0000,1
3.519,5,41,-20,1501,1498,-1.15,-0.82,0.0000,0.0000,0.0000,1
3.537,5,41,-20,1501,1498,-1.15,-0.82,0.0000,0.0000,0.0000,1
3.556,6,40,-20,1501,1498,-0.72,-1.30,0.0000,0.0000,0.0000,1
3.575,6,40,-21,1501,1498,-0.72,-1.30,0.0000,0.0000,0.0000,1
3.596,7,39,-20,1501,1498,-0.72,-1.30,0.0000,0.0000,0.0000,1
3.613,7,39,-20,1501,1498,-0.72,-1.30,0.0000,0.0000,0.0000,1
3.633,7,39,-20,1501,1498,-0.72,-1.30,0.0000,0.0000,0.0000,1
3.651,8,38,-20,1501,1498,-0.72,-1.30,0.0000,0.0000,0.0000,1
3.669,8,38,-20,1501,1498,-0.72,-1.30,0.0000,0.0000,0.0000,1
3.687,9,37,-19,1501,1499,-0.72,-1.30,0.0000,0.0000,0.0000,1
3.704,10,38,-20,1502,1498,-0.72,-1.30,0.0000,0.0000,0.0000,1
3.721,11,38,-20,1502,1498,-0.72,-1.30,0.0000,0.0000,0.0000,1
3.739,11,38,-20,1502,1498,-0.72,-1.30,0.0000,0.0000,0.0000,1
3.756,12,39,-19,1502,1499,-0.72,-1.30,0.0000,0.0000,0.0000,1
3.773,12,41,-19,1502,1499,-0.72,-1.30,0.0000,0.0000,0.0000,1
3.791,13,41,-19,1502,1499,-0.72,-1.30,0.0000,0.0000,0.0000,1
3.808,13,42,-19,1502,1499,-0.56,-0.91,0.0000,0.0000,0.0000,1
3.825,13,42,-19,1502,1499,-0.56,-0.91,0.0000,0.0000,0.0000,1
3.842,13,43,-19,1502,1499,-0.56,-0.91,0.0000,0.0000,0.0000,1
3.859,13,43,-19,1502,1499,-0.56,-0.91,0.0000,0.0000,0.0000,1
3.878,13,44,-18,1502,1499,-0.56,-0.91,0.0000,0.0000,0.0000,1
3.899,13,44,-18,1502,1499,-0.56,-0.91,0.0000,0.0000,0.0000,1
3.917,12,45,-18,1502,1499,-0.56,-0.91,0.0000,0.0000,0.0000,1
3.936,12,46,-19,1502,1499,-0.56,-0.91,0.0000,0.0000,0.0000,1
3.953,11,47,-18,1502,1499,-0.56,-0.91,0.0000,0.0000,0.0000,1
3.973,11,47,-18,1502,1499,-0.56,-0.91,0.0000,0.0000,0.0000,1
3.991,11,48,-18,1502,1499,-0.56,-0.91,0.0000,0.0000,0.0000,1
4.008,11,48,-18,1502,1499,-0.56,-0.91,0.0000,0.0000,0.0000,1
4.027,10,48,-17,1502,1499,-0.56,-0.91,0.0000,0.0000,0.0000,1
4.046,10,47,-18,1502,1499,-0.56,-0.91,0.0000,0.0000,0.0000,1
4.063,10,47,-18,1502,1499,-0.27,-0.61,0.0000,0.0000,0.0000,1
4.083,9,47,-18,1501,1499,-0.27,-0.61,0.0000,0.0000,0.0000,1
4.100,9,47,-17,1501,1499,-0.27,-0.61,0.0000,0.0000,0.0000,1
4.120,8,47,-18,1501,1499,-0.27,-0.61,0.0000,0.0000,0.0000,1
4.137,8,47,-17,1501,1499,-0.27,-0.61,0.0000,0.0000,0.0000,1
4.155,8,47,-18,1501,1499,-0.27,-0.61,0.0000,0.0000,0.0000,1
4.174,8,47,-18,1501,1499,-0.27,-0.61,0.0000,0.0000,0.0000,1
4.193,8,48,-17,1501,1499,-0.27,-0.61,0.0000,0.0000,0.0000,1
4.211,8,48,-17,1501,1499,-0.27,-0.61,0.0000,0.0000,0.0000,1
4.228,9,48,-17,1501,1499,-0.27,-0.61,0.0000,0.0000,0.0000,1
4.247,10,49,-17,1502,1499,-0.27,-0.61,0.0000,0.0000,0.0000,1
4.264,10,49,-17,1502,1499,-0.27,-0.61,0.0000,0.0000,0.0000,1
4.281,11,50,-16,1502,1499,-0.27,-0.61,0.0000,0.0000,0.0000,1
4.298,11,50,-17,1502,1499,-0.27,-0.61,0.0000,0.0000,0.0000,1
4.316,12,51,-17,1502,1499,0.03,-0.25,0.0000,0.0000,0.0000,1
4.333,12,52,-16,1502,1499,0.03,-0.25,0.0000,0.0000,0.0000,1
4.350,13,53,-16,1502,1499,0.03,-0.25,0.0000,0.0000,0.0000,1
4.367,12,53,-17,1502,1499,0.03,-0.25,0.0000,0.0000,0.0000,1
4.386,12,54,-16,1502,1499,0.03,-0.25,0.0000,0.0000,0.0000,1
4.404,12,55,-16,1502,1499,0.03,-0.25,0.0000,0.0000,0.0000,1
4.421,12,55,-16,1502,1499,0.03,-0.25,0.0000,0.0000,0.0000,1
4.439,11,55,-16,1502,1499,0.03,-0.25,0.0000,0.0000,0.0000,1
4.456,11,55,-16,1502,1499,0.03,-0.25,0.0000,0.0000,0.0000,1
4.474,11,54,-16,1502,1499,0.03,-0.25,0.0000,0.0000,0.0000,1
4.491,10,54,-16,1502,1499,0.03,-0.25,0.0000,0.0000,0.0000,1
4.508,10,53,-15,1502,1499,0.03,-0.25,0.0000,0.0000,0.0000,1
4.530,9,53,-16,1501,1499,0.03,-0.25,0.0000,0.0000,0.0000,1
4.548,9,53,-16,1501,1499,0.03,-0.25,0.0000,0.0000,0.0000,1
4.565,9,53,-16,1501,1499,-0.37,-0.05,0.0000,0.0000,0.0000,1
4.583,8,53,-16,1501,1499,-0.37,-0.05,0.0000,0.0000,0.0000,1
4.601,7,52,-16,1501,1499,-0.37,-0.05,0.0000,0.0000,0.0000,1
4.619,5,50,-16,1501,1499,-0.37,-0.05,0.0000,0.0000,0.0000,1
4.637,4,49,-16,1500,1499,-0.37,-0.05,0.0000,0.0000,0.0000,1
4.655,2,47,-16,1500,1499,-0.37,-0.05,0.0000,0.0000,0.0000,1
4.672,1,46,-15,1500,1499,-0.37,-0.05,0.0000,0.0000,0.0000,1
4.691,-1,45,-16,1500,1499,-0.37,-0.05,0.0000,0.0000,0.0000,1
4.709,-2,43,-16,1500,1499,-0.37,-0.05,0.0000,0.0000,0.0000,1
4.730,-5,40,-16,1499,1499,-0.37,-0.05,0.0000,0.0000,0.0000,1
4.748,-7,38,-16,1499,1499,-0.37,-0.05,0.0000,0.0000,0.0000,1
4.765,-9,37,-15,1499,1499,-0.37,-0.05,0.0000,0.0000,0.0000,1
4.782,-10,34,-16,1498,1499,-0.37,-0.05,0.0000,0.0000,0.0000,1
4.799,-12,33,-16,1498,1499,-0.37,-0.05,0.0000,0.0000,0.0000,1
4.817,-13,31,-16,1498,1499,-0.50,-1.05,0.0000,0.0000,0.0000,1
4.835,-14,30,-16,1498,1499,-0.50,-1.05,0.0000,0.0000,0.0000,1
4.852,-15,28,-17,1497,1499,-0.50,-1.05,0.0000,0.0000,0.0000,1
4.873,-15,27,-17,1497,1499,-0.50,-1.05,0.0000,0.0000,0.0000,1
4.891,-15,27,-16,1497,1499,-0.50,-1.05,0.0000,0.0000,0.0000,1
4.909,-15,27,-16,1497,1499,-0.50,-1.05,0.0000,0.0000,0.0000,1
4.928,-14,27,-16,1498,1499,-0.50,-1.05,0.0000,0.0000,0.0000,1
4.947,-12,28,-15,1498,1499,-0.50,-1.05,0.0000,0.0000,0.0000,1
4.965,-11,28,-15,1498,1499,-0.50,-1.05,0.0000,0.0000,0.0000,1
4.983,-10,29,-16,1498,1499,-0.50,-1.05,0.0000,0.0000,0.0000,1
5.001,-9,29,-16,1499,1499,-0.50,-1.05,0.0000,0.0000,0.0000,1
5.018,-8,30,-16,1499,1499,-0.50,-1.05,0.0000,0.0000,0.0000,1
5.036,-8,30,-16,1499,1499,-0.50,-1.05,0.0000,0.0000,0.0000,1
5.053,-6,30,-15,1499,1499,-0.54,-0.68,0.0000,0.0000,0.0000,1
5.070,-5,31,-15,1499,1499,-0.54,-0.68,0.0000,0.0000,0.0000,1
5.088,-4,32,-15,1500,1499,-0.54,-0.68,0.0000,0.0000,0.0000,1
5.106,-4,32,-15,1500,1499,-0.54,-0.68,0.0000,0.0000,0.0000,1
5.123,-2,33,-16,1500,1499,-0.54,-0.68,0.0000,0.0000,0.0000,1
5.141,-1,33,-16,1500,1499,-0.54,-0.68,0.0000,0.0000,0.0000,1
5.158,2,35,-15,1500,1499,-0.54,-0.68,0.0000,0.0000,0.0000,1
5.179,4,35,-15,1500,1499,-0.54,-0.68,0.0000,0.0000,0.0000,1
5.197,5,36,-16,1501,1499,-0.54,-0.68,0.0000,0.0000,0.0000,1
5.214,6,36,-15,1501,1499,-0.54,-0.68,0.0000,0.0000,0.0000,1
5.233,9,36,-16,1501,1499,-0.54,-0.68,0.0000,0.0000,0.0000,1
5.250,10,36,-15,1502,1499,-0.54,-0.68,0.0000,0.0000,0.0000,1
5.268,11,36,-15,1502,1499,-0.54,-0.68,0.0000,0.0000,0.0000,1
5.286,12,36,-15,1502,1499,-0.54,-0.68,0.0000,0.0000,0.0000,1
5.305,13,36,-17,1502,1499,-0.29,-0.21,0.0000,0.0000,0.0000,1
5.322,14,36,-15,1502,1499,-0.29,-0.21,0.0000,0.0000,0.0000,1
5.339,14,36,-15,1502,1499,-0.29,-0.21,0.0000,0.0000,0.0000,1
5.359,15,37,-15,1503,1499,-0.29,-0.21,0.0000,0.0000,0.0000,1
5.378,16,38,-16,1503,1499,-0.29,-0.21,0.0000,0.0000,0.0000,1
5.395,16,38,-15,1503,1499,-0.29,-0.21,0.0000,0.0000,0.0000,1
5.413,17,38,-15,1503,1499,-0.29,-0.21,0.0000,0.0000,0.0000,1
5.432,19,39,-15,1503,1499,-0.29,-0.21,0.0000,0.0000,0.0000,1
5.450,19,39,-15,1503,1499,-0.29,-0.21,0.0000,0.0000,0.0000,1
5.467,20,39,-16,1504,1499,-0.29,-0.21,0.0000,0.0000,0.0000,1
5.484,20,38,-15,1504,1499,-0.29,-0.21,0.0000,0.0000,0.0000,1
5.501,21,37,-15,1504,1499,-0.29,-0.21,0.0000,0.0000,0.0000,1
5.518,21,36,-15,1504,1499,-0.29,-0.21,0.0000,0.0000,0.0000,1
5.536,21,35,-15,1504,1499,-0.29,-0.21,0.0000,0.0000,0.0000,1
5.558,21,35,-16,1504,1499,-0.17,-0.24,0.0000,0.0000,0.0000,1
5.575,21,35,-16,1504,1499,-0.17,-0.24,0.0000,0.0000,0.0000,1
5.594,21,34,-15,1504,1499,-0.17,-0.24,0.0000,0.0000,0.0000,1
5.611,21,32,-16,1504,1499,-0.17,-0.24,0.0000,0.0000,0.0000,1
5.631,21,30,-16,1504,1499,-0.17,-0.24,0.0000,0.0000,0.0000,1
5.650,20,28,-17,1504,1499,-0.17,-0.24,0.0000,0.0000,0.0000,1
5.667,20,27,-16,1504,1499,-0.17,-0.24,0.0000,0.0000,0.0000,1
5.684,19,27,-16,1503,1499,-0.17,-0.24,0.0000,0.0000,0.0000,1
5.701,19,26,-17,1503,1499,-0.17,-0.24,0.0000,0.0000,0.0000,1
5.720,19,26,-17,1503,1499,-0.17,-0.24,0.0000,0.0000,0.0000,1
5.737,18,26,-16,1503,1499,-0.17,-0.24,0.0000,0.0000,0.0000,1
5.756,18,25,-16,1503,1499,-0.17,-0.24,0.0000,0.0000,0.0000,1
5.774,18,26,-17,1503,1499,-0.17,-0.24,0.0000,0.0000,0.0000,1
5.793,17,26,-16,1503,1499,-0.17,-0.24,0.0000,0.0000,0.0000,1
5.813,17,25,-16,1503,1499,-0.48,-0.71,0.0000,0.0000,0.0000,1
5.832,17,24,-17,1503,1499,-0.48,-0.71,0.0000,0.0000,0.0000,1
5.849,17,24,-17,1503,1499,-0.48,-0.71,0.0000,0.0000,0.0000,1
5.867,16,24,-17,1503,1499,-0.48,-0.71,0.0000,0.0000,0.0000,1
5.887,16,23,-16,1503,1499,-0.48,-0.71,0.0000,0.0000,0.0000,1
5.905,15,22,-17,1503,1499,-0.48,-0.71,0.0000,0.0000,0.0000,1
5.923,15,22,-18,1503,1499,-0.48,-0.71,0.0000,0.0000,0.0000,1
5.940,13,21,-17,1502,1499,-0.48,-0.71,0.0000,0.0000,0.0000,1
5.957,12,20,-17,1502,1499,-0.48,-0.71,0.0000,0.0000,0.0000,1
5.974,12,20,-18,1502,1499,-0.48,-0.71,0.0000,0.0000,0.0000,1
5.992,11,20,-18,1502,1499,-0.48,-0.71,0.0000,0.0000,0.0000,1
6.009,11,20,-17,1502,1499,-0.48,-0.71,0.0000,0.0000,0.0000,1
6.027,10,20,-17,1502,1499,-0.48,-0.71,0.0000,0.0000,0.0000,1
6.044,9,19,-18,1501,1499,-0.48,-0.71,0.0000,0.0000,0.0000,1
6.061,9,19,-18,1501,1499,-0.30,-0.98,0.0000,0.0000,0.0000,1
6.082,8,18,-17,1501,1499,-0.30,-0.98,0.0000,0.0000,0.0000,1
6.101,8,18,-17,1501,1499,-0.30,-0.98,0.0000,0.0000,0.0000,1
6.124,8,18,-17,1501,1499,-0.30,-0.98,0.0000,0.0000,0.0000,1
6.142,8,17,-18,1501,1499,-0.30,-0.98,0.0000,0.0000,0.0000,1
6.159,6,16,-17,1501,1499,-0.30,-0.98,0.0000,0.0000,0.0000,1
6.176,6,16,-18,1501,1499,-0.30,-0.98,0.0000,0.0000,0.0000,1
6.193,5,16,-18,1501,1499,-0.30,-0.98,0.0000,0.0000,0.0000,1
6.210,5,16,-18,1501,1499,-0.30,-0.98,0.0000,0.0000,0.0000,1
6.227,4,16,-18,1500,1499,-0.30,-0.98,0.0000,0.0000,0.0000,1
6.247,2,15,-18,1500,1499,-0.30,-0.98,0.0000,0.0000,0.0000,1
6.266,2,14,-19,1500,1499,-0.30,-0.98,0.0000,0.0000,0.0000,1
6.283,1,14,-19,1500,1499,-0.30,-0.98,0.0000,0.0000,0.0000,1
6.303,0,13,-18,1500,1499,-0.07,-1.42,0.0000,0.0000,0.0000,1
6.322,0,13,-18,1500,1499,-0.07,-1.42,0.0000,0.0000,0.0000,1
6.340,0,13,-18,1500,1499,-0.07,-1.42,0.0000,0.0000,0.0000,1
6.357,-1,13,-18,1500,1499,-0.07,-1.42,0.0000,0.0000,0.0000,1
6.375,-2,12,-19,1500,1499,-0.07,-1.42,0.0000,0.0000,0.0000,1
6.392,-4,11,-19,1500,1499,-0.07,-1.42,0.0000,0.0000,0.0000,1
6.410,-6,11,-18,1499,1499,-0.07,-1.42,0.0000,0.0000,0.0000,1
6.428,-7,11,-19,1499,1499,-0.07,-1.42,0.0000,0.0000,0.0000,1
6.445,-8,10,-19,1499,1499,-0.07,-1.42,0.0000,0.0000,0.0000,1
6.462,-10,10,-19,1498,1499,-0.07,-1.42,0.0000,0.0000,0.0000,1
6.479,-11,10,-20,1498,1498,-0.07,-1.42,0.0000,0.0000,0.0000,1
6.497,-11,10,-19,1498,1499,-0.07,-1.42,0.0000,0.0000,0.0000,1
6.514,-12,10,-19,1498,1499,-0.07,-1.42,0.0000,0.0000,0.0000,1
6.532,-13,10,-19,1498,1499,-0.07,-1.42,0.0000,0.0000,0.0000,1
6.552,-14,9,-19,1498,1499,-0.07,-1.42,0.0000,0.0000,0.0000,1
6.571,-16,9,-19,1497,1499,-0.07,-1.74,0.0000,0.0000,0.0000,1
6.589,-17,9,-19,1497,1499,-0.07,-1.74,0.0000,0.0000,0.0000,1
6.607,-18,8,-19,1497,1499,-0.07,-1.74,0.0000,0.0000,0.0000,1
6.624,-20,7,-19,1496,1499,-0.07,-1.74,0.0000,0.0000,0.0000,1
6.642,-21,7,-19,1496,1499,-0.07,-1.74,0.0000,0.0000,0.0000,1
6.659,-22,8,-20,1496,1498,-0.07,-1.74,0.0000,0.0000,0.0000,1
6.677,-23,8,-20,1496,1498,-0.07,-1.74,0.0000,0.0000,0.0000,1
6.694,-23,9,-20,1496,1498,-0.07,-1.74,0.0000,0.0000,0.0000,1
6.712,-24,10,-20,1496,1498,-0.07,-1.74,0.0000,0.0000,0.0000,1
6.729,-25,11,-19,1495,1499,-0.07,-1.74,0.0000,0.0000,0.0000,1
6.749,-25,12,-19,1495,1499,-0.07,-1.74,0.0000,0.0000,0.0000,1
6.769,-26,14,-18,1495,1499,-0.07,-1.74,0.0000,0.0000,0.0000,1
6.788,-27,15,-18,1495,1499,-0.07,-1.74,0.0000,0.0000,0.0000,1
6.807,-27,16,-18,1495,1499,-0.08,-1.22,0.0000,0.0000,0.0000,1
6.824,-28,17,-18,1495,1499,-0.08,-1.22,0.0000,0.0000,0.0000,1
6.843,-28,18,-18,1495,1499,-0.08,-1.22,0.0000,0.0000,0.0000,1
6.860,-29,19,-18,1495,1499,-0.08,-1.22,0.0000,0.0000,0.0000,1
6.879,-29,20,-17,1495,1499,-0.08,-1.22,0.0000,0.0000,0.0000,1
6.896,-30,20,-18,1494,1499,-0.08,-1.22,0.0000,0.0000,0.0000,1
6.913,-30,20,-18,1494,1499,-0.08,-1.22,0.0000,0.0000,0.0000,1
6.930,-31,21,-18,1494,1499,-0.08,-1.22,0.0000,0.0000,0.0000,1
6.948,-31,21,-18,1494,1499,-0.08,-1.22,0.0000,0.0000,0.0000,1
6.965,-32,22,-18,1494,1499,-0.08,-1.22,0.0000,0.0000,0.0000,1
6.982,-32,22,-18,1494,1499,-0.08,-1.22,0.0000,0.0000,0.0000,1
7.000,-32,23,-18,1494,1499,-0.08,-1.22,0.0000,0.0000,0.0000,1
7.017,-33,24,-17,1494,1499,-0.08,-1.22,0.0000,0.0000,0.0000,1
7.037,-33,25,-17,1494,1499,-0.08,-1.22,0.0000,0.0000,0.0000,1
7.054,-34,26,-17,1494,1499,0.25,-0.64,0.0000,0.0000,0.0000,1
7.072,-34,27,-17,1494,1499,0.25,-0.64,0.0000,0.0000,0.0000,1
7.090,-34,28,-17,1494,1499,0.25,-0.64,0.0000,0.0000,0.0000,1
7.110,-34,29,-17,1494,1499,0.25,-0.64,0.0000,0.0000,0.0000,1
7.127,-34,30,-17,1494,1499,0.25,-0.64,0.0000,0.0000,0.0000,1
7.145,-34,31,-17,1494,1499,0.25,-0.64,0.0000,0.0000,0.0000,1
7.162,-34,32,-16,1494,1499,0.25,-0.64,0.0000,0.0000,0.0000,1
7.183,-33,33,-16,1494,1499,0.25,-0.64,0.0000,0.0000,0.0000,1
7.200,-33,34,-16,1494,1499,0.25,-0.64,0.0000,0.0000,0.0000,1
7.218,-32,35,-17,1494,1499,0.25,-0.64,0.0000,0.0000,0.0000,1
7.239,-32,35,-16,1494,1499,0.25,-0.64,0.0000,0.0000,0.0000,1
7.256,-31,37,-15,1494,1499,0.25,-0.64,0.0000,0.0000,0.0000,1
7.273,-31,37,-15,1494,1499,0.25,-0.64,0.0000,0.0000,0.0000,1
7.292,-31,37,-16,1494,1499,0.25,-0.64,0.0000,0.0000,0.0000,1
7.309,-31,37,-16,1494,1499,-0.18,-0.02,0.0000,0.0000,0.0000,1
7.326,-31,37,-16,1494,1499,-0.18,-0.02,0.0000,0.0000,0.0000,1
7.346,-32,37,-15,1494,1499,-0.18,-0.02,0.0000,0.0000,0.0000,1
7.365,-32,37,-15,1494,1499,-0.18,-0.02,0.0000,0.0000,0.0000,1
7.387,-33,36,-15,1494,1499,-0.18,-0.02,0.0000,0.0000,0.0000,1
7.407,-33,35,-15,1494,1499,-0.18,-0.02,0.0000,0.0000,0.0000,1
7.425,-34,34,-14,1494,1499,-0.18,-0.02,0.0000,0.0000,0.0000,1
7.442,-34,34,-15,1494,1499,-0.18,-0.02,0.0000,0.0000,0.0000,1
7.460,-34,33,-15,1494,1499,-0.18,-0.02,0.0000,0.0000,0.0000,1
7.478,-34,32,-15,1494,1499,-0.18,-0.02,0.0000,0.0000,0.0000,1
7.495,-34,32,-14,1494,1499,-0.18,-0.02,0.0000,0.0000,0.0000,1
7.513,-34,32,-15,1494,1499,-0.18,-0.02,0.0000,0.0000,0.0000,1
7.530,-33,31,-15,1494,1499,-0.18,-0.02,0.0000,0.0000,0.0000,1
7.547,-33,31,-15,1494,1499,-0.18,-0.02,0.0000,0.0000,0.0000,1
7.564,-32,32,-15,1494,1499,-0.91,-0.07,0.0000,0.0000,0.0000,1
7.583,-31,32,-14,1494,1499,-0.91,-0.07,0.0000,0.0000,0.0000,1
7.601,-31,33,-14,1494,1499,-0.91,-0.07,0.0000,0.0000,0.0000,1
7.621,-30,34,-14,1494,1499,-0.91,-0.07,0.0000,0.0000,0.0000,1
7.641,-29,34,-14,1495,1499,-0.91,-0.07,0.0000,0.0000,0.0000,1
7.658,-28,35,-14,1495,1499,-0.91,-0.07,0.0000,0.0000,0.0000,1
7.677,-27,37,-14,1495,1499,-0.91,-0.07,0.0000,0.0000,0.0000,1
7.694,-26,37,-14,1495,1499,-0.91,-0.07,0.0000,0.0000,0.0000,1
7.711,-25,38,-14,1495,1499,-0.91,-0.07,0.0000,0.0000,0.0000,1
7.728,-24,38,-13,1496,1499,-0.91,-0.07,0.0000,0.0000,0.0000,1
7.745,-23,37,-14,1496,1499,-0.91,-0.07,0.0000,0.0000,0.0000,1
7.764,-23,37,-13,1496,1499,-0.91,-0.07,0.0000,0.0000,0.0000,1
7.784,-23,37,-14,1496,1499,-0.91,-0.07,0.0000,0.0000,0.0000,1
7.807,-22,36,-14,1496,1499,-1.09,0.04,0.0000,0.0000,0.0000,1
7.824,-21,36,-14,1496,1499,-1.09,0.04,0.0000,0.0000,0.0000,1
7.841,-21,35,-13,1496,1499,-1.09,0.04,0.0000,0.0000,0.0000,1
7.858,-21,35,-13,1496,1499,-1.09,0.04,0.0000,0.0000,0.0000,1
7.877,-21,33,-13,1496,1499,-1.09,0.04,0.0000,0.0000,0.0000,1
7.895,-21,33,-13,1496,1499,-1.09,0.04,0.0000,0.0000,0.0000,1
7.912,-21,33,-14,1496,1499,-1.09,0.04,0.0000,0.0000,0.0000,1
7.929,-21,32,-14,1496,1499,-1.09,0.04,0.0000,0.0000,0.0000,1
7.946,-22,32,-14,1496,1499,-1.09,0.04,0.0000,0.0000,0.0000,1
7.965,-22,31,-14,1496,1499,-1.09,0.04,0.0000,0.0000,0.0000,1
7.982,-22,30,-14,1496,1499,-1.09,0.04,0.0000,0.0000,0.0000,1
8.000,-23,30,-14,1496,1499,-1.09,0.04,0.0000,0.0000,0.0000,1
8.019,-24,29,-14,1496,1499,-1.09,0.04,0.0000,0.0000,0.0000,1
8.037,-25,28,-14,1495,1499,-1.09,0.04,0.0000,0.0000,0.0000,1
8.055,-26,27,-14,1495,1499,-0.83,-0.43,0.0000,0.0000,0.0000,1
8.074,-27,26,-14,1495,1499,-0.83,-0.43,0.0000,0.0000,0.0000,1
8.092,-28,25,-14,1495,1499,-0.83,-0.43,0.0000,0.0000,0.0000,1
8.111,-29,25,-14,1495,1499,-0.83,-0.43,0.0000,0.0000,0.0000,1
8.129,-31,24,-14,1494,1499,-0.83,-0.43,0.0000,0.0000,0.0000,1
8.146,-32,24,-14,1494,1499,-0.83,-0.43,0.0000,0.0000,0.0000,1
8.163,-32,24,-14,1494,1499,-0.83,-0.43,0.0000,0.0000,0.0000,1
8.180,-33,24,-14,1494,1499,-0.83,-0.43,0.0000,0.0000,0.0000,1
8.197,-34,23,-14,1494,1499,-0.83,-0.43,0.0000,0.0000,0.0000,1
8.214,-35,23,-15,1493,1499,-0.83,-0.43,0.0000,0.0000,0.0000,1
8.232,-35,23,-15,1493,1499,-0.83,-0.43,0.0000,0.0000,0.0000,1
8.251,-36,23,-15,1493,1499,-0.83,-0.43,0.0000,0.0000,0.0000,1
8.269,-36,24,-15,1493,1499,-0.83,-0.43,0.0000,0.0000,0.0000,1
8.287,-36,25,-15,1493,1499,-0.83,-0.43,0.0000,0.0000,0.0000,1
8.305,-36,25,-15,1493,1499,-0.88,-0.56,0.0000,0.0000,0.0000,1
8.322,-36,26,-15,1493,1499,-0.88,-0.56,0.0000,0.0000,0.0000,1
8.340,-36,26,-15,1493,1499,-0.88,-0.56,0.0000,0.0000,0.0000,1
8.357,-35,27,-15,1493,1499,-0.88,-0.56,0.0000,0.0000,0.0000,1
8.375,-35,27,-14,1493,1499,-0.88,-0.56,0.0000,0.0000,0.0000,1
8.392,-35,27,-15,1493,1499,-0.88,-0.56,0.0000,0.0000,0.0000,1
8.409,-34,27,-15,1494,1499,-0.88,-0.56,0.0000,0.0000,0.0000,1
8.427,-33,27,-15,1494,1499,-0.88,-0.56,0.0000,0.0000,0.0000,1
8.444,-32,28,-15,1494,1499,-0.88,-0.56,0.0000,0.0000,0.0000,1
8.461,-31,28,-16,1494,1499,-0.88,-0.56,0.0000,0.0000,0.0000,1
8.479,-30,29,-15,1494,1499,-0.88,-0.56,0.0000,0.0000,0.0000,1
8.496,-29,29,-15,1495,1499,-0.88,-0.56,0.0000,0.0000,0.0000,1
8.513,-28,29,-15,1495,1499,-0.88,-0.56,0.0000,0.0000,0.0000,1
8.531,-27,30,-15,1495,1499,-0.88,-0.56,0.0000,0.0000,0.0000,1
8.548,-27,30,-15,1495,1499,-0.60,-0.42,0.0000,0.0000,0.0000,1
8.566,-26,30,-15,1495,1499,-0.60,-0.42,0.0000,0.0000,0.0000,1
8.585,-26,31,-15,1495,1499,-0.60,-0.42,0.0000,0.0000,0.0000,1
8.603,-25,31,-15,1495,1499,-0.60,-0.42,0.0000,0.0000,0.0000,1
8.620,-25,31,-14,1495,1499,-0.60,-0.42,0.0000,0.0000,0.0000,1
8.638,-24,31,-14,1496,1499,-0.60,-0.42,0.0000,0.0000,0.0000,1
8.655,-24,32,-15,1496,1499,-0.60,-0.42,0.0000,0.0000,0.0000,1
8.673,-24,32,-15,1496,1499,-0.60,-0.42,0.0000,0.0000,0.0000,1
8.691,-23,32,-15,1496,1499,-0.60,-0.42,0.0000,0.0000,0.0000,1
8.710,-23,32,-15,1496,1499,-0.60,-0.42,0.0000,0.0000,0.0000,1
8.729,-24,33,-15,1496,1499,-0.60,-0.42,0.0000,0.0000,0.0000,1
8.747,-24,33,-15,1496,1499,-0.60,-0.42,0.0000,0.0000,0.0000,1
8.765,-24,34,-15,1496,1499,-0.60,-0.42,0.0000,0.0000,0.0000,1
8.782,-24,34,-15,1496,1499,-0.60,-0.42,0.0000,0.0000,0.0000,1
8.801,-24,34,-15,1496,1499,-0.15,-0.34,0.0000,0.0000,0.0000,1
8.818,-25,35,-15,1495,1499,-0.15,-0.34,0.0000,0.0000,0.0000,1
8.836,-26,35,-14,1495,1499,-0.15,-0.34,0.0000,0.0000,0.0000,1
8.854,-27,35,-15,1495,1499,-0.15,-0.34,0.0000,0.0000,0.0000,1
8.871,-27,36,-15,1495,1499,-0.15,-0.34,0.0000,0.0000,0.0000,1
8.888,-28,35,-15,1495,1499,-0.15,-0.34,0.0000,0.0000,0.0000,1
8.905,-29,36,-15,1495,1499,-0.15,-0.34,0.0000,0.0000,0.0000,1
8.924,-30,35,-15,1494,1499,-0.15,-0.34,0.0000,0.0000,0.0000,1
8.943,-30,35,-15,1494,1499,-0.15,-0.34,0.0000,0.0000,0.0000,1
8.961,-31,34,-16,1494,1499,-0.15,-0.34,0.0000,0.0000,0.0000,1
8.978,-32,34,-15,1494,1499,-0.15,-0.34,0.0000,0.0000,0.0000,1
8.996,-33,33,-15,1494,1499,-0.15,-0.34,0.0000,0.0000,0.0000,1
9.014,-35,32,-15,1493,1499,-0.15,-0.34,0.0000,0.0000,0.0000,1
9.034,-36,32,-15,1493,1499,-0.15,-0.34,0.0000,0.0000,0.0000,1
9.052,-38,31,-15,1493,1499,-0.20,-0.71,0.0000,0.0000,0.0000,1
9.071,-39,31,-15,1493,1499,-0.20,-0.71,0.0000,0.0000,0.0000,1
9.090,-40,30,-15,1492,1499,-0.20,-0.71,0.0000,0.0000,0.0000,1
9.109,-41,29,-15,1492,1499,-0.20,-0.71,0.0000,0.0000,0.0000,1
9.129,-43,28,-15,1492,1499,-0.20,-0.71,0.0000,0.0000,0.0000,1
9.147,-43,28,-15,1492,1499,-0.20,-0.71,0.0000,0.0000,0.0000,1
9.164,-45,27,-15,1491,1499,-0.20,-0.71,0.0000,0.0000,0.0000,1
9.183,-46,27,-15,1491,1499,-0.20,-0.71,0.0000,0.0000,0.0000,1
9.201,-46,27,-16,1491,1499,-0.20,-0.71,0.0000,0.0000,0.0000,1
9.220,-46,27,-16,1491,1499,-0.20,-0.71,0.0000,0.0000,0.0000,1
9.239,-47,28,-15,1491,1499,-0.20,-0.71,0.0000,0.0000,0.0000,1
9.257,-47,28,-15,1491,1499,-0.20,-0.71,0.0000,0.0000,0.0000,1
9.274,-47,29,-15,1491,1499,-0.20,-0.71,0.0000,0.0000,0.0000,1
9.291,-47,32,-15,1491,1499,-0.20,-0.71,0.0000,0.0000,0.0000,1
9.309,-47,32,-15,1491,1499,-0.11,-0.72,0.0000,0.0000,0.0000,1
9.326,-47,33,-15,1491,1499,-0.11,-0.72,0.0000,0.0000,0.0000,1
9.344,-47,35,-15,1491,1499,-0.11,-0.72,0.0000,0.0000,0.0000,1
9.361,-47,37,-15,1491,1499,-0.11,-0.72,0.0000,0.0000,0.0000,1
9.378,-46,40,-15,1491,1499,-0.11,-0.72,0.0000,0.0000,0.0000,1
9.396,-45,41,-16,1491,1499,-0.11,-0.72,0.0000,0.0000,0.0000,1
9.413,-45,42,-14,1491,1499,-0.11,-0.72,0.0000,0.0000,0.0000,1
9.430,-45,43,-15,1491,1499,-0.11,-0.72,0.0000,0.0000,0.0000,1
9.447,-44,43,-14,1492,1499,-0.11,-0.72,0.0000,0.0000,0.0000,1
9.464,-44,44,-15,1492,1499,-0.11,-0.72,0.0000,0.0000,0.0000,1
9.481,-43,44,-15,1492,1499,-0.11,-0.72,0.0000,0.0000,0.0000,1
9.502,-43,44,-16,1492,1499,-0.11,-0.72,0.0000,0.0000,0.0000,1
9.520,-42,44,-16,1492,1499,-0.11,-0.72,0.0000,0.0000,0.0000,1
9.538,-42,45,-16,1492,1499,-0.11,-0.72,0.0000,0.0000,0.0000,1
9.557,-41,45,-16,1492,1499,0.20,-0.31,0.0000,0.0000,0.0000,1
9.576,-40,45,-16,1492,1499,0.20,-0.31,0.0000,0.0000,0.0000,1
9.593,-38,45,-15,1493,1499,0.20,-0.31,0.0000,0.0000,0.0000,1
9.612,-37,46,-15,1493,1499,0.20,-0.31,0.0000,0.0000,0.0000,1
9.629,-36,46,-15,1493,1499,0.20,-0.31,0.0000,0.0000,0.0000,1
9.647,-35,47,-15,1493,1499,0.20,-0.31,0.0000,0.0000,0.0000,1
9.665,-34,47,-15,1494,1499,0.20,-0.31,0.0000,0.0000,0.0000,1
9.682,-33,48,-15,1494,1499,0.20,-0.31,0.0000,0.0000,0.0000,1
9.699,-32,48,-15,1494,1499,0.20,-0.31,0.0000,0.0000,0.0000,1
9.716,-32,48,-15,1494,1499,0.20,-0.31,0.0000,0.0000,0.0000,1
9.734,-31,49,-15,1494,1499,0.20,-0.31,0.0000,0.0000,0.0000,1
9.751,-31,49,-16,1494,1499,0.20,-0.31,0.0000,0.0000,0.0000,1
9.769,-31,49,-16,1494,1499,0.20,-0.31,0.0000,0.0000,0.0000,1
9.787,-30,49,-16,1494,1499,0.20,-0.31,0.0000,0.0000,0.0000,1
9.805,-30,49,-15,1494,1499,0.71,-0.33,0.0000,0.0000,0.0000,1
9.823,-29,49,-15,1495,1499,0.71,-0.33,0.0000,0.0000,0.0000,1
9.842,-29,50,-15,1495,1499,0.71,-0.33,0.0000,0.0000,0.0000,1
9.859,-28,51,-15,1495,1499,0.71,-0.33,0.0000,0.0000,0.0000,1
9.877,-28,52,-15,1495,1499,0.71,-0.33,0.0000,0.0000,0.0000,1
9.895,-27,55,-15,1495,1499,0.71,-0.33,0.0000,0.0000,0.0000,1
9.912,-26,57,-15,1495,1499,0.71,-0.33,0.0000,0.0000,0.0000,1
9.930,-25,59,-15,1495,1499,0.71,-0.33,0.0000,0.0000,0.0000,1
9.947,-24,61,-15,1496,1499,0.71,-0.33,0.0000,0.0000,0.0000,0
0.017,-23,62,-16,1496,1499,0.71,-0.33,0.0000,0.0000,0.0000,0
0.035,-23,64,-15,1496,1499,0.71,-0.33,0.0000,0.0000,0.0000,0
0.052,-23,65,-16,1496,1499,0.71,-0.33,0.0000,0.0000,0.0000,0
0.069,-23,65,-15,1496,1499,0.71,-0.33,0.0000,0.0000,0.0000,0
0.087,-23,65,-15,1496,1499,0.71,-0.33,0.0000,0.0000,0.0000,0
0.105,-23,66,-15,1496,1499,0.79,0.32,0.0000,0.0000,0.0000,0
0.122,-24,66,-15,1496,1499,0.79,0.32,0.0000,0.0000,0.0000,0
0.139,-24,66,-15,1496,1499,0.79,0.32,0.0000,0.0000,0.0000,0
0.157,-24,65,-16,1496,1499,0.79,0.32,0.0000,0.0000,0.0000,0
0.174,-25,65,-17,1495,1499,0.79,0.32,0.0000,0.0000,0.0000,0
0.192,-26,64,-16,1495,1499,0.79,0.32,0.0000,0.0000,0.0000,0
0.213,-26,64,-16,1495,1499,0.79,0.32,0.0000,0.0000,0.0000,0
0.230,-26,64,-15,1495,1499,0.79,0.32,0.0000,0.0000,0.0000,0
0.247,-25,64,-16,1495,1499,0.79,0.32,0.0000,0.0000,0.0000,0
0.265,-25,65,-16,1495,1499,0.79,0.32,0.0000,0.0000,0.0000,0
0.283,-24,65,-16,1496,1499,0.79,0.32,0.0000,0.0000,0.0000,0
0.300,-24,65,-16,1496,1499,0.79,0.32,0.0000,0.0000,0.0000,0
0.318,-25,64,-17,1495,1499,0.79,0.32,0.0000,0.0000,0.0000,0
0.335,-25,64,-17,1495,1499,0.79,0.32,0.0000,0.0000,0.0000,0
0.353,-25,63,-17,1495,1499,0.28,-0.15,0.0000,0.0000,0.0000,0
0.370,-25,63,-17,1495,1499,0.28,-0.15,0.0000,0.0000,0.0000,0
0.387,-25,62,-17,1495,1499,0.28,-0.15,0.0000,0.0000,0.0000,0
0.408,-25,61,-17,1495,1499,0.28,-0.15,0.0000,0.0000,0.0000,0
0.426,-26,60,-17,1495,1499,0.28,-0.15,0.0000,0.0000,0.0000,1
0.445,-26,58,-17,1495,1499,0.28,-0.15,0.0000,0.0000,0.0000,1
0.464,-26,57,-18,1495,1499,0.28,-0.15,0.0000,0.0000,0.0000,1
0.481,-27,56,-18,1495,1499,0.28,-0.15,0.0000,0.0000,0.0000,1
0.500,-27,54,-19,1495,1499,0.28,-0.15,0.0000,0.0000,0.0000,1
0.517,-28,54,-19,1495,1499,0.28,-0.15,0.0000,0.0000,0.0000,1
0.534,-28,53,-20,1495,1498,0.28,-0.15,0.0000,0.0000,0.0000,1
0.551,-28,53,-20,1495,1498,0.28,-0.15,0.0000,0.0000,0.0000,1
0.569,-28,53,-20,1495,1498,0.28,-0.15,0.0000,0.0000,0.0000,1
0.588,-27,52,-19,1495,1499,0.28,-0.15,0.0000,0.0000,0.0000,1
0.605,-27,52,-19,1495,1499,0.35,-1.08,0.0000,0.0000,0.0000,1
0.625,-27,52,-19,1495,1499,0.35,-1.08,0.0000,0.0000,0.0000,1
0.645,-27,52,-19,1495,1499,0.35,-1.08,0.0000,0.0000,0.0000,1
0.663,-26,52,-19,1495,1499,0.35,-1.08,0.0000,0.0000,0.0000,1
0.681,-26,52,-19,1495,1499,0.35,-1.08,0.0000,0.0000,0.0000,1
0.699,-25,51,-19,1495,1499,0.35,-1.08,0.0000,0.0000,0.0000,1
0.716,-25,51,-20,1495,1498,0.35,-1.08,0.0000,0.0000,0.0000,1
0.734,-25,51,-20,1495,1498,0.35,-1.08,0.0000,0.0000,0.0000,1
0.755,-25,51,-20,1495,1498,0.35,-1.08,0.0000,0.0000,0.0000,1
0.772,-24,51,-21,1496,1498,0.35,-1.08,0.0000,0.0000,0.0000,1
0.790,-24,52,-21,1496,1498,0.35,-1.08,0.0000,0.0000,0.0000,1
0.808,-23,53,-22,1496,1498,0.35,-1.08,0.0000,0.0000,0.0000,1
0.827,-22,54,-22,1496,1498,0.35,-1.08,0.0000,0.0000,0.0000,1
0.844,-22,54,-22,1496,1498,0.35,-1.08,0.0000,0.0000,0.0000,1
0.863,-20,56,-22,1496,1498,0.04,-1.02,0.0000,0.0000,0.0000,1
0.880,-19,57,-21,1497,1498,0.04,-1.02,0.0000,0.0000,0.0000,1
0.898,-18,58,-21,1497,1498,0.04,-1.02,0.0000,0.0000,0.0000,1
0.916,-16,59,-21,1497,1498,0.04,-1.02,0.0000,0.0000,0.0000,1
0.934,-14,60,-21,1498,1498,0.04,-1.02,0.0000,0.0000,0.0000,1
0.952,-11,63,-22,1498,1498,0.04,-1.02,0.0000,0.0000,0.0000,0
0.019,-9,63,-22,1499,1498,0.04,-1.02,0.0000,0.0000,0.0000,0
0.037,-7,65,-22,1499,1498,0.04,-1.02,0.0000,0.0000,0.0000,0
0.054,-6,66,-22,1499,1498,0.04,-1.02,0.0000,0.0000,0.0000,0
0.074,-4,66,-23,1500,1498,0.04,-1.02,0.0000,0.0000,0.0000,0
0.093,-3,66,-22,1500,1498,0.04,-1.02,0.0000,0.0000,0.0000,0
0.110,-3,67,-22,1500,1498,0.04,-1.02,0.0000,0.0000,0.0000,0
0.128,-3,67,-22,1500,1498,0.04,-1.02,0.0000,0.0000,0.0000,0
0.146,-2,67,-23,1500,1498,-0.19,-0.67,0.0000,0.0000,0.0000,0
0.164,-2,67,-23,1500,1498,-0.19,-0.67,0.0000,0.0000,0.0000,0
0.182,-3,65,-24,1500,1498,-0.19,-0.67,0.0000,0.0000,0.0000,0
0.200,-3,65,-24,1500,1498,-0.19,-0.67,0.0000,0.0000,0.0000,0
0.218,-3,64,-25,1500,1498,-0.19,-0.67,0.0000,0.0000,0.0000,0
0.235,-4,63,-25,1500,1498,-0.19,-0.67,0.0000,0.0000,0.0000,0
0.252,-4,62,-25,1500,1498,-0.19,-0.67,0.0000,0.0000,0.0000,0
0.270,-4,62,-26,1500,1498,-0.19,-0.67,0.0000,0.0000,0.0000,0
0.288,-5,60,-25,1499,1498,-0.19,-0.67,0.0000,0.0000,0.0000,1
0.310,-6,58,-26,1499,1498,-0.19,-0.67,0.0000,0.0000,0.0000,1
0.329,-7,56,-26,1499,1498,-0.19,-0.67,0.0000,0.0000,0.0000,1
0.346,-9,54,-26,1499,1498,-0.19,-0.67,0.0000,0.0000,0.0000,1
0.364,-10,52,-26,1498,1498,-0.19,-0.67,0.0000,0.0000,0.0000,1
0.382,-10,51,-26,1498,1498,-0.19,-0.67,0.0000,0.0000,0.0000,1
0.400,-10,50,-26,1498,1498,0.20,-1.84,0.0000,0.0000,0.0000,1
0.417,-11,49,-26,1498,1498,0.20,-1.84,0.0000,0.0000,0.0000,1
0.434,-10,47,-27,1498,1498,0.20,-1.84,0.0000,0.0000,0.0000,1
0.452,-10,46,-27,1498,1498,0.20,-1.84,0.0000,0.0000,0.0000,1
0.469,-10,45,-27,1498,1498,0.20,-1.84,0.0000,0.0000,0.0000,1
0.487,-10,44,-28,1498,1498,0.20,-1.84,0.0000,0.0000,0.0000,1
0.508,-11,43,-29,1498,1498,0.20,-1.84,0.0000,0.0000,0.0000,1
0.525,-11,42,-28,1498,1498,0.20,-1.84,0.0000,0.0000,0.0000,1
0.542,-11,42,-29,1498,1498,0.20,-1.84,0.0000,0.0000,0.0000,1
0.560,-12,42,-28,1498,1498,0.20,-1.84,0.0000,0.0000,0.0000,1
0.577,-12,41,-27,1498,1498,0.20,-1.84,0.0000,0.0000,0.0000,1
0.596,-12,40,-27,1498,1498,0.20,-1.84,0.0000,0.0000,0.0000,1
0.613,-11,40,-27,1498,1498,0.20,-1.84,0.0000,0.0000,0.0000,1
0.630,-11,40,-28,1498,1498,0.20,-1.84,0.0000,0.0000,0.0000,1
0.648,-11,39,-27,1498,1498,-0.04,-2.41,0.0000,0.0000,0.0000,1
0.666,-10,39,-28,1498,1498,-0.04,-2.41,0.0000,0.0000,0.0000,1
0.683,-10,39,-28,1498,1498,-0.04,-2.41,0.0000,0.0000,0.0000,1
0.702,-10,40,-29,1498,1498,-0.04,-2.41,0.0000,0.0000,0.0000,1
0.719,-10,40,-29,1498,1498,-0.04,-2.41,0.0000,0.0000,0.0000,1
0.741,-10,41,-28,1498,1498,-0.04,-2.41,0.0000,0.0000,0.0000,1
0.759,-9,42,-28,1499,1498,-0.04,-2.41,0.0000,0.0000,0.0000,1
0.777,-9,43,-28,1499,1498,-0.04,-2.41,0.0000,0.0000,0.0000,1
0.794,-9,44,-28,1499,1498,-0.04,-2.41,0.0000,0.0000,0.0000,1
0.811,-9,44,-28,1499,1498,-0.04,-2.41,0.0000,0.0000,0.0000,1
0.828,-9,45,-28,1499,1498,-0.04,-2.41,0.0000,0.0000,0.0000,1
0.846,-9,46,-29,1499,1498,-0.04,-2.41,0.0000,0.0000,0.0000,1
0.863,-9,47,-29,1499,1498,-0.04,-2.41,0.0000,0.0000,0.0000,1
0.881,-9,48,-29,1499,1498,-0.04,-2.41,0.0000,0.0000,0.0000,1
0.898,-8,50,-29,1499,1498,0.27,-1.81,0.0000,0.0000,0.0000,1
0.915,-8,52,-29,1499,1498,0.27,-1.81,0.0000,0.0000,0.0000,1
0.932,-7,52,-30,1499,1497,0.27,-1.81,0.0000,0.0000,0.0000,1
0.950,-7,53,-30,1499,1497,0.27,-1.81,0.0000,0.0000,0.0000,1
0.967,-7,53,-30,1499,1497,0.27,-1.81,0.0000,0.0000,0.0000,1
0.986,-7,53,-31,1499,1497,0.27,-1.81,0.0000,0.0000,0.0000,0
0.017,-7,55,-29,1499,1498,0.27,-1.81,0.0000,0.0000,0.0000,1
0.036,-6,56,-29,1499,1498,0.27,-1.81,0.0000,0.0000,0.0000,1
0.053,-6,56,-29,1499,1498,0.27,-1.81,0.0000,0.0000,0.0000,1
0.070,-5,57,-29,1499,1498,0.27,-1.81,0.0000,0.0000,0.0000,1
0.087,-5,57,-29,1499,1498,0.27,-1.81,0.0000,0.0000,0.0000,1
0.104,-5,57,-29,1499,1498,0.27,-1.81,0.0000,0.0000,0.0000,1
0.121,-4,57,-29,1500,1498,0.27,-1.81,0.0000,0.0000,0.0000,1
0.139,-4,57,-30,1500,1497,0.27,-1.81,0.0000,0.0000,0.0000,1
0.156,-3,57,-29,1500,1498,0.85,-1.62,0.0000,0.0000,0.0000,1
0.173,-2,57,-29,1500,1498,0.85,-1.62,0.0000,0.0000,0.0000,1
0.190,-2,57,-29,1500,1498,0.85,-1.62,0.0000,0.0000,0.0000,1
0.207,-2,57,-29,1500,1498,0.85,-1.62,0.0000,0.0000,0.0000,1
0.224,-1,56,-29,1500,1498,0.85,-1.62,0.0000,0.0000,0.0000,1
0.244,0,56,-30,1500,1497,0.85,-1.62,0.0000,0.0000,0.0000,1
0.262,1,56,-30,1500,1497,0.85,-1.62,0.0000,0.0000,0.0000,1
0.280,2,56,-29,1500,1498,0.85,-1.62,0.0000,0.0000,0.0000,1
0.297,4,57,-28,1500,1498,0.85,-1.62,0.0000,0.0000,0.0000,1
0.314,5,57,-29,1501,1498,0.85,-1.62,0.0000,0.0000,0.0000,1
0.332,5,57,-29,1501,1498,0.85,-1.62,0.0000,0.0000,0.0000,1
0.349,6,57,-29,1501,1498,0.85,-1.62,0.0000,0.0000,0.0000,1
0.366,7,58,-29,1501,1498,0.85,-1.62,0.0000,0.0000,0.0000,1
0.384,8,59,-29,1501,1498,0.85,-1.62,0.0000,0.0000,0.0000,1
0.401,12,60,-29,1502,1498,0.85,-1.62,0.0000,0.0000,0.0000,1
0.419,13,60,-28,1502,1498,0.63,-1.51,0.0000,0.0000,0.0000,1
0.438,13,60,-28,1502,1498,0.63,-1.51,0.0000,0.0000,0.0000,1
0.456,14,61,-30,1502,1497,0.63,-1.51,0.0000,0.0000,0.0000,0
0.020,15,62,-29,1503,1498,0.63,-1.51,0.0000,0.0000,0.0000,0
0.037,15,62,-29,1503,1498,0.63,-1.51,0.0000,0.0000,0.0000,0
0.054,16,63,-30,1503,1497,0.63,-1.51,0.0000,0.0000,0.0000,0
0.072,16,65,-30,1503,1497,0.63,-1.51,0.0000,0.0000,0.0000,0
0.089,16,66,-29,1503,1498,0.63,-1.51,0.0000,0.0000,0.0000,0
0.107,16,65,-29,1503,1498,0.63,-1.51,0.0000,0.0000,0.0000,0
0.125,14,63,-29,1502,1498,0.63,-1.51,0.0000,0.0000,0.0000,0
0.144,13,63,-29,1502,1498,0.63,-1.51,0.0000,0.0000,0.0000,0
0.162,12,64,-30,1502,1497,0.63,-1.51,0.0000,0.0000,0.0000,0
0.180,11,63,-29,1502,1498,0.63,-1.51,0.0000,0.0000,0.0000,0
0.198,10,63,-28,1502,1498,0.81,-1.37,0.0000,0.0000,0.0000,0
0.217,9,63,-29,1501,1498,0.81,-1.37,0.0000,0.0000,0.0000,0
0.235,9,62,-28,1501,1498,0.81,-1.37,0.0000,0.0000,0.0000,0
0.253,8,63,-29,1501,1498,0.81,-1.37,0.0000,0.0000,0.0000,0
0.270,7,63,-28,1501,1498,0.81,-1.37,0.0000,0.0000,0.0000,0
0.288,7,64,-28,1501,1498,0.81,-1.37,0.0000,0.0000,0.0000,0
0.305,6,65,-28,1501,1498,0.81,-1.37,0.0000,0.0000,0.0000,0
0.322,5,65,-28,1501,1498,0.81,-1.37,0.0000,0.0000,0.0000,0
0.339,5,66,-28,1501,1498,0.81,-1.37,0.0000,0.0000,0.0000,0
0.357,4,67,-28,1500,1498,0.81,-1.37,0.0000,0.0000,0.0000,0
0.376,3,68,-28,1500,1498,0.81,-1.37,0.0000,0.0000,0.0000,0
0.394,3,68,-28,1500,1498,0.81,-1.37,0.0000,0.0000,0.0000,0
0.412,3,70,-28,1500,1498,0.81,-1.37,0.0000,0.0000,0.0000,0
0.430,3,70,-28,1500,1498,0.81,-1.37,0.0000,0.0000,0.0000,0
0.448,3,69,-29,1500,1498,0.65,-0.98,0.0000,0.0000,0.0000,0
0.465,3,69,-29,1500,1498,0.65,-0.98,0.0000,0.0000,0.0000,0
0.483,3,69,-28,1500,1498,0.65,-0.98,0.0000,0.0000,0.0000,0
0.503,2,69,-28,1500,1498,0.65,-0.98,0.0000,0.0000,0.0000,0
0.521,2,70,-28,1500,1498,0.65,-0.98,0.0000,0.0000,0.0000,0
0.539,1,71,-28,1500,1498,0.65,-0.98,0.0000,0.0000,0.0000,0
0.557,1,72,-28,1500,1498,0.65,-0.98,0.0000,0.0000,0.0000,0
0.574,1,77,-28,1500,1498,0.65,-0.98,0.0000,0.0000,0.0000,0
0.591,1,77,-27,1500,1498,0.65,-0.98,0.0000,0.0000,0.0000,0
0.608,1,76,-28,1500,1498,0.65,-0.98,0.0000,0.0000,0.0000,0
0.625,0,76,-27,1500,1498,0.65,-0.98,0.0000,0.0000,0.0000,0
0.643,0,75,-28,1500,1498,0.65,-0.98,0.0000,0.0000,0.0000,0
0.660,-1,74,-28,1500,1498,0.65,-0.98,0.0000,0.0000,0.0000,0
0.677,-2,74,-28,1500,1498,0.65,-0.98,0.0000,0.0000,0.0000,0
0.694,-2,72,-28,1500,1498,0.65,-0.98,0.0000,0.0000,0.0000,0
0.715,-4,69,-28,1500,1498,0.45,-1.38,0.0000,0.0000,0.0000,0
0.732,-6,68,-29,1499,1498,0.45,-1.38,0.0000,0.0000,0.0000,0
0.751,-7,68,-29,1499,1498,0.45,-1.38,0.0000,0.0000,0.0000,0
0.769,-9,66,-28,1499,1498,0.45,-1.38,0.0000,0.0000,0.0000,0
0.787,-10,64,-28,1498,1498,0.45,-1.38,0.0000,0.0000,0.0000,0
0.804,-13,63,-30,1498,1497,0.45,-1.38,0.0000,0.0000,0.0000,0
0.822,-15,61,-29,1497,1498,0.45,-1.38,0.0000,0.0000,0.0000,0
0.839,-17,59,-30,1497,1497,0.45,-1.38,0.0000,0.0000,0.0000,1
0.856,-19,58,-30,1497,1497,0.45,-1.38,0.0000,0.0000,0.0000,1
0.873,-22,58,-30,1496,1497,0.45,-1.38,0.0000,0.0000,0.0000,1
0.890,-24,57,-30,1496,1497,0.45,-1.38,0.0000,0.0000,0.0000,1
0.908,-25,56,-30,1495,1497,0.45,-1.38,0.0000,0.0000,0.0000,1
0.925,-29,55,-29,1495,1498,0.45,-1.38,0.0000,0.0000,0.0000,1
0.943,-29,55,-29,1495,1498,0.24,-2.13,0.0000,0.0000,0.0000,1
0.961,-33,53,-29,1494,1498,0.24,-2.13,0.0000,0.0000,0.0000,1
0.980,-34,52,-29,1494,1498,0.24,-2.13,0.0000,0.0000,0.0000,1
1.000,-36,52,-30,1493,1497,0.24,-2.13,0.0000,0.0000,0.0000,1
1.018,-37,51,-29,1493,1498,0.24,-2.13,0.0000,0.0000,0.0000,1
1.038,-38,50,-29,1493,1498,0.24,-2.13,0.0000,0.0000,0.0000,1
1.055,-39,49,-29,1493,1498,0.24,-2.13,0.0000,0.0000,0.0000,1
1.073,-40,48,-28,1492,1498,0.24,-2.13,0.0000,0.0000,0.0000,1
1.091,-43,47,-28,1492,1498,0.24,-2.13,0.0000,0.0000,0.0000,1
1.110,-44,47,-28,1492,1498,0.24,-2.13,0.0000,0.0000,0.0000,1
1.128,-45,47,-28,1491,1498,0.24,-2.13,0.0000,0.0000,0.0000,1
1.145,-46,47,-28,1491,1498,0.24,-2.13,0.0000,0.0000,0.0000,1
1.163,-47,47,-28,1491,1498,0.24,-2.13,0.0000,0.0000,0.0000,1
1.181,-49,47,-28,1491,1498,0.24,-2.13,0.0000,0.0000,0.0000,1
1.198,-50,47,-28,1490,1498,-0.07,-2.46,0.0000,0.0000,0.0000,1
1.216,-51,48,-28,1485,1498,-0.07,-2.46,0.0000,0.0000,0.0000,1
1.237,-52,49,-28,1485,1498,-0.07,-2.46,0.0000,0.0000,0.0000,1
1.254,-52,49,-28,1485,1498,-0.07,-2.46,0.0000,0.0000,0.0000,1
1.271,-52,50,-28,1485,1498,-0.07,-2.46,0.0000,0.0000,0.0000,1
1.289,-53,51,-27,1485,1498,-0.07,-2.46,0.0000,0.0000,0.0000,1
1.307,-53,52,-27,1485,1498,-0.07,-2.46,0.0000,0.0000,0.0000,1
1.325,-52,54,-27,1485,1498,-0.07,-2.46,0.0000,0.0000,0.0000,1
1.342,-52,54,-27,1485,1498,-0.07,-2.46,0.0000,0.0000,0.0000,1
1.361,-51,57,-27,1485,1498,-0.07,-2.46,0.0000,0.0000,0.0000,1
1.378,-50,59,-27,1490,1498,-0.07,-2.46,0.0000,0.0000,0.0000,1
1.396,-49,60,-27,1491,1498,-0.07,-2.46,0.0000,0.0000,0.0000,1
1.413,-48,62,-27,1491,1498,-0.07,-2.46,0.0000,0.0000,0.0000,0
0.017,-47,63,-27,1491,1498,-0.07,-2.46,0.0000,0.0000,0.0000,0
0.034,-47,63,-27,1491,1498,0.31,-1.55,0.0000,0.0000,0.0000,0
0.052,-46,63,-27,1491,1498,0.31,-1.55,0.0000,0.0000,0.0000,0
0.070,-45,64,-27,1491,1498,0.31,-1.55,0.0000,0.0000,0.0000,0
0.089,-44,65,-27,1492,1498,0.31,-1.55,0.0000,0.0000,0.0000,0
0.108,-43,65,-27,1492,1498,0.31,-1.55,0.0000,0.0000,0.0000,0
0.125,-41,66,-26,1492,1498,0.31,-1.55,0.0000,0.0000,0.0000,0
0.142,-40,67,-26,1492,1498,0.31,-1.55,0.0000,0.0000,0.0000,0
0.159,-39,67,-26,1493,1498,0.31,-1.55,0.0000,0.0000,0.0000,0
0.178,-39,68,-25,1493,1498,0.31,-1.55,0.0000,0.0000,0.0000,0
0.196,-38,69,-26,1493,1498,0.31,-1.55,0.0000,0.0000,0.0000,0
0.213,-37,69,-25,1493,1498,0.31,-1.55,0.0000,0.0000,0.0000,0
0.230,-36,70,-25,1493,1498,0.31,-1.55,0.0000,0.0000,0.0000,0
0.250,-34,71,-25,1494,1498,0.31,-1.55,0.0000,0.0000,0.0000,0
0.268,-33,72,-24,1494,1498,0.31,-1.55,0.0000,0.0000,0.0000,0
0.288,-31,74,-25,1494,1498,0.44,-0.81,0.0000,0.0000,0.0000,0
0.305,-31,74,-25,1494,1498,0.44,-0.81,0.0000,0.0000,0.0000,0
0.323,-28,75,-24,1495,1498,0.44,-0.81,0.0000,0.0000,0.0000,0
0.340,-27,75,-24,1495,1498,0.44,-0.81,0.0000,0.0000,0.0000,0
0.357,-25,75,-24,1495,1498,0.44,-0.81,0.0000,0.0000,0.0000,0
0.374,-24,74,-23,1496,1498,0.44,-0.81,0.0000,0.0000,0.0000,0
0.394,-22,74,-23,1496,1498,0.44,-0.81,0.0000,0.0000,0.0000,0
0.411,-21,74,-23,1496,1498,0.44,-0.81,0.0000,0.0000,0.0000,0
0.431,-17,74,-23,1497,1498,0.44,-0.81,0.0000,0.0000,0.0000,0
0.450,-16,73,-23,1497,1498,0.44,-0.81,0.0000,0.0000,0.0000,0
0.468,-15,73,-22,1497,1498,0.44,-0.81,0.0000,0.0000,0.0000,0
0.487,-14,72,-23,1498,1498,0.44,-0.81,0.0000,0.0000,0.0000,0
0.506,-13,74,-22,1498,1498,0.44,-0.81,0.0000,0.0000,0.0000,0
0.523,-12,74,-23,1498,1498,0.44,-0.81,0.0000,0.0000,0.0000,0
0.541,-12,76,-22,1498,1498,0.77,-0.48,0.0000,0.0000,0.0000,0
0.564,-11,75,-22,1498,1498,0.77,-0.48,0.0000,0.0000,0.0000,0
0.581,-11,74,-21,1498,1498,0.77,-0.48,0.0000,0.0000,0.0000,0
0.598,-11,74,-21,1498,1498,0.77,-0.48,0.0000,0.0000,0.0000,0
0.615,-11,75,-21,1498,1498,0.77,-0.48,0.0000,0.0000,0.0000,0
0.632,-10,73,-21,1498,1498,0.77,-0.48,0.0000,0.0000,0.0000,0
0.650,-10,73,-21,1498,1498,0.77,-0.48,0.0000,0.0000,0.0000,0
0.669,-9,71,-20,1499,1498,0.77,-0.48,0.0000,0.0000,0.0000,0
0.688,-9,68,-21,1499,1498,0.77,-0.48,0.0000,0.0000,0.0000,0
0.707,-9,66,-20,1499,1498,0.77,-0.48,0.0000,0.0000,0.0000,0
0.725,-9,65,-20,1499,1498,0.77,-0.48,0.0000,0.0000,0.0000,0
0.742,-10,62,-20,1498,1498,0.77,-0.48,0.0000,0.0000,0.0000,0
0.761,-10,63,-20,1498,1498,0.77,-0.48,0.0000,0.0000,0.0000,0
0.778,-10,62,-20,1498,1498,0.74,-0.52,0.0000,0.0000,0.0000,0
0.796,-10,62,-20,1498,1498,0.74,-0.52,0.0000,0.0000,0.0000,0
0.814,-10,61,-20,1498,1498,0.74,-0.52,0.0000,0.0000,0.0000,0
0.832,-11,60,-20,1498,1498,0.74,-0.52,0.0000,0.0000,0.0000,1
0.850,-11,60,-19,1498,1499,0.74,-0.52,0.0000,0.0000,0.0000,1
0.867,-12,60,-19,1498,1499,0.74,-0.52,0.0000,0.0000,0.0000,1
0.885,-13,60,-20,1498,1498,0.74,-0.52,0.0000,0.0000,0.0000,1
0.902,-13,60,-19,1498,1499,0.74,-0.52,0.0000,0.0000,0.0000,1
0.921,-15,60,-20,1497,1498,0.74,-0.52,0.0000,0.0000,0.0000,1
0.938,-16,59,-19,1497,1499,0.74,-0.52,0.0000,0.0000,0.0000,1
0.957,-17,57,-19,1497,1499,0.74,-0.52,0.0000,0.0000,0.0000,1
0.975,-18,56,-19,1497,1499,0.74,-0.52,0.0000,0.0000,0.0000,1
0.993,-21,54,-19,1497,1499,0.74,-0.52,0.0000,0.0000,0.0000,1
1.010,-22,54,-19,1496,1499,0.74,-0.52,0.0000,0.0000,0.0000,1
1.028,-23,52,-18,1496,1499,-0.09,-0.60,0.0000,0.0000,0.0000,1
1.045,-24,51,-18,1496,1499,-0.09,-0.60,0.0000,0.0000,0.0000,1
1.063,-24,51,-18,1496,1499,-0.09,-0.60,0.0000,0.0000,0.0000,1
1.080,-26,50,-18,1495,1499,-0.09,-0.60,0.0000,0.0000,0.0000,1
1.097,-27,51,-18,1495,1499,-0.09,-0.60,0.0000,0.0000,0.0000,1
1.115,-28,51,-18,1495,1499,-0.09,-0.60,0.0000,0.0000,0.0000,1
1.132,-29,50,-18,1495,1499,-0.09,-0.60,0.0000,0.0000,0.0000,1
1.152,-30,49,-19,1494,1499,-0.09,-0.60,0.0000,0.0000,0.0000,1
1.170,-31,49,-18,1494,1499,-0.09,-0.60,0.0000,0.0000,0.0000,1
1.188,-34,48,-18,1494,1499,-0.09,-0.60,0.0000,0.0000,0.0000,1
1.205,-35,48,-18,1493,1499,-0.09,-0.60,0.0000,0.0000,0.0000,1
1.223,-36,48,-17,1493,1499,-0.09,-0.60,0.0000,0.0000,0.0000,1
1.241,-37,47,-18,1493,1499,-0.09,-0.60,0.0000,0.0000,0.0000,1
1.258,-38,47,-18,1493,1499,-0.09,-0.60,0.0000,0.0000,0.0000,1
1.276,-40,49,-18,1492,1499,-0.09,-0.60,0.0000,0.0000,0.0000,1
1.294,-41,47,-17,1492,1499,-0.55,-0.35,0.0000,0.0000,0.0000,1
1.311,-41,47,-17,1492,1499,-0.55,-0.35,0.0000,0.0000,0.0000,1
1.329,-45,43,-17,1491,1499,-0.55,-0.35,0.0000,0.0000,0.0000,1
1.346,-46,41,-17,1491,1499,-0.55,-0.35,0.0000,0.0000,0.0000,1
1.364,-49,40,-17,1491,1499,-0.55,-0.35,0.0000,0.0000,0.0000,1
1.382,-51,40,-17,1485,1499,-0.55,-0.35,0.0000,0.0000,0.0000,1
1.399,-53,42,-17,1485,1499,-0.55,-0.35,0.0000,0.0000,0.0000,1
1.416,-54,41,-17,1484,1499,-0.55,-0.35,0.0000,0.0000,0.0000,1
1.435,-55,42,-17,1484,1499,-0.55,-0.35,0.0000,0.0000,0.0000,1
1.453,-56,42,-16,1484,1499,-0.55,-0.35,0.0000,0.0000,0.0000,1
1.470,-56,42,-16,1484,1499,-0.55,-0.35,0.0000,0.0000,0.0000,1
1.489,-57,43,-16,1483,1499,-0.55,-0.35,0.0000,0.0000,0.0000,1
1.507,-57,45,-16,1483,1499,-0.55,-0.35,0.0000,0.0000,0.0000,1
1.526,-57,46,-16,1483,1499,-0.55,-0.35,0.0000,0.0000,0.0000,1
1.545,-56,48,-16,1484,1499,-1.25,-0.34,0.0000,0.0000,0.0000,1
1.563,-56,49,-16,1484,1499,-1.25,-0.34,0.0000,0.0000,0.0000,1
1.580,-54,50,-16,1484,1499,-1.25,-0.34,0.0000,0.0000,0.0000,1
1.597,-53,50,-16,1485,1499,-1.25,-0.34,0.0000,0.0000,0.0000,1
1.619,-52,49,-15,1485,1499,-1.25,-0.34,0.0000,0.0000,0.0000,1
1.636,-50,47,-15,1490,1499,-1.25,-0.34,0.0000,0.0000,0.0000,1
1.653,-49,44,-15,1491,1499,-1.25,-0.34,0.0000,0.0000,0.0000,1
1.670,-48,42,-16,1491,1499,-1.25,-0.34,0.0000,0.0000,0.0000,1
1.688,-47,41,-16,1491,1499,-1.25,-0.34,0.0000,0.0000,0.0000,1
1.706,-46,39,-15,1491,1499,-1.25,-0.34,0.0000,0.0000,0.0000,1
1.723,-46,38,-16,1491,1499,-1.25,-0.34,0.0000,0.0000,0.0000,1
1.742,-45,38,-16,1491,1499,-1.25,-0.34,0.0000,0.0000,0.0000,1
1.760,-44,38,-16,1492,1499,-1.25,-0.34,0.0000,0.0000,0.0000,1
1.778,-43,37,-16,1492,1499,-1.41,-0.57,0.0000,0.0000,0.0000,1
1.797,-43,38,-16,1492,1499,-1.41,-0.57,0.0000,0.0000,0.0000,1
1.815,-42,39,-16,1492,1499,-1.41,-0.57,0.0000,0.0000,0.0000,1
1.832,-41,40,-16,1492,1499,-1.41,-0.57,0.0000,0.0000,0.0000,1
1.849,-41,41,-16,1492,1499,-1.41,-0.57,0.0000,0.0000,0.0000,1
1.867,-41,42,-15,1492,1499,-1.41,-0.57,0.0000,0.0000,0.0000,1
1.884,-41,42,-15,1492,1499,-1.41,-0.57,0.0000,0.0000,0.0000,1
1.901,-41,43,-16,1492,1499,-1.41,-0.57,0.0000,0.0000,0.0000,1
1.918,-41,45,-16,1492,1499,-1.41,-0.57,0.0000,0.0000,0.0000,1
1.936,-40,47,-16,1492,1499,-1.41,-0.57,0.0000,0.0000,0.0000,1
1.953,-40,47,-15,1492,1499,-1.41,-0.57,0.0000,0.0000,0.0000,1
1.972,-40,48,-15,1492,1499,-1.41,-0.57,0.0000,0.0000,0.0000,1
1.991,-39,50,-15,1493,1499,-1.41,-0.57,0.0000,0.0000,0.0000,1
2.010,-38,51,-16,1493,1499,-1.41,-0.57,0.0000,0.0000,0.0000,1
2.028,-38,51,-16,1493,1499,-0.71,-0.31,0.0000,0.0000,0.0000,1
2.047,-37,50,-15,1493,1499,-0.71,-0.31,0.0000,0.0000,0.0000,1
2.066,-36,49,-16,1493,1499,-0.71,-0.31,0.0000,0.0000,0.0000,1
2.084,-36,49,-16,1493,1499,-0.71,-0.31,0.0000,0.0000,0.0000,1
2.102,-35,48,-15,1493,1499,-0.71,-0.31,0.0000,0.0000,0.0000,1
2.119,-34,47,-15,1494,1499,-0.71,-0.31,0.0000,0.0000,0.0000,1
2.137,-33,46,-16,1494,1499,-0.71,-0.31,0.0000,0.0000,0.0000,1
2.155,-33,47,-15,1494,1499,-0.71,-0.31,0.0000,0.0000,0.0000,1
2.172,-33,47,-15,1494,1499,-0.71,-0.31,0.0000,0.0000,0.0000,1
2.189,-32,46,-15,1494,1499,-0.71,-0.31,0.0000,0.0000,0.0000,1
2.207,-31,45,-15,1494,1499,-0.71,-0.31,0.0000,0.0000,0.0000,1
2.224,-31,43,-15,1494,1499,-0.71,-0.31,0.0000,0.0000,0.0000,1
2.243,-30,42,-15,1494,1499,-0.71,-0.31,0.0000,0.0000,0.0000,1
2.260,-29,42,-15,1495,1499,-0.71,-0.31,0.0000,0.0000,0.0000,1
2.279,-29,41,-15,1495,1499,-0.72,-0.89,0.0000,0.0000,0.0000,1
2.297,-29,41,-15,1495,1499,-0.72,-0.89,0.0000,0.0000,0.0000,1
2.315,-29,40,-16,1495,1499,-0.72,-0.89,0.0000,0.0000,0.0000,1
2.332,-29,42,-16,1495,1499,-0.72,-0.89,0.0000,0.0000,0.0000,1
2.349,-28,42,-16,1495,1499,-0.72,-0.89,0.0000,0.0000,0.0000,1
2.367,-28,42,-16,1495,1499,-0.72,-0.89,0.0000,0.0000,0.0000,1
2.385,-29,42,-16,1495,1499,-0.72,-0.89,0.0000,0.0000,0.0000,1
2.402,-29,43,-16,1495,1499,-0.72,-0.89,0.0000,0.0000,0.0000,1
2.419,-30,43,-15,1494,1499,-0.72,-0.89,0.0000,0.0000,0.0000,1
2.437,-31,43,-15,1494,1499,-0.72,-0.89,0.0000,0.0000,0.0000,1
2.454,-32,43,-15,1494,1499,-0.72,-0.89,0.0000,0.0000,0.0000,1
2.471,-32,42,-16,1494,1499,-0.72,-0.89,0.0000,0.0000,0.0000,1
2.488,-33,41,-16,1494,1499,-0.72,-0.89,0.0000,0.0000,0.0000,1
2.506,-34,40,-15,1494,1499,-0.72,-0.89,0.0000,0.0000,0.0000,1
2.523,-36,37,-15,1493,1499,-0.72,-0.89,0.0000,0.0000,0.0000,1
2.540,-37,35,-14,1493,1499,-0.31,-1.16,0.0000,0.0000,0.0000,1
2.557,-38,33,-15,1493,1499,-0.31,-1.16,0.0000,0.0000,0.0000,1
2.575,-40,32,-16,1492,1499,-0.31,-1.16,0.0000,0.0000,0.0000,1
2.593,-42,33,-16,1492,1499,-0.31,-1.16,0.0000,0.0000,0.0000,1
2.610,-43,35,-15,1492,1499,-0.31,-1.16,0.0000,0.0000,0.0000,1
2.628,-44,36,-15,1492,1499,-0.31,-1.16,0.0000,0.0000,0.0000,1
2.648,-44,37,-15,1492,1499,-0.31,-1.16,0.0000,0.0000,0.0000,1
2.666,-44,39,-15,1492,1499,-0.31,-1.16,0.0000,0.0000,0.0000,1
2.683,-44,40,-16,1492,1499,-0.31,-1.16,0.0000,0.0000,0.0000,1
2.700,-43,42,-15,1492,1499,-0.31,-1.16,0.0000,0.0000,0.0000,1
2.719,-42,44,-16,1492,1499,-0.31,-1.16,0.0000,0.0000,0.0000,1
2.737,-41,44,-15,1492,1499,-0.31,-1.16,0.0000,0.0000,0.0000,1
2.754,-42,46,-15,1492,1499,-0.31,-1.16,0.0000,0.0000,0.0000,1
2.772,-42,47,-16,1492,1499,-0.31,-1.16,0.0000,0.0000,0.0000,1
2.789,-41,49,-14,1492,1499,-0.09,-0.63,0.0000,0.0000,0.0000,1
2.808,-41,50,-15,1492,1499,-0.09,-0.63,0.0000,0.0000,0.0000,1
2.826,-41,50,-15,1492,1499,-0.09,-0.63,0.0000,0.0000,0.0000,1
2.844,-41,53,-16,1492,1499,-0.09,-0.63,0.0000,0.0000,0.0000,1
2.861,-41,55,-16,1492,1499,-0.09,-0.63,0.0000,0.0000,0.0000,1
2.878,-40,56,-16,1492,1499,-0.09,-0.63,0.0000,0.0000,0.0000,1
2.895,-40,58,-16,1492,1499,-0.09,-0.63,0.0000,0.0000,0.0000,1
2.912,-40,59,-17,1492,1499,-0.09,-0.63,0.0000,0.0000,0.0000,1
2.930,-40,60,-16,1492,1499,-0.09,-0.63,0.0000,0.0000,0.0000,1
2.947,-39,61,-16,1493,1499,-0.09,-0.63,0.0000,0.0000,0.0000,0
0.017,-39,62,-15,1493,1499,-0.09,-0.63,0.0000,0.0000,0.0000,0
0.035,-39,63,-15,1493,1499,-0.09,-0.63,0.0000,0.0000,0.0000,0
0.053,-38,63,-15,1493,1499,-0.09,-0.63,0.0000,0.0000,0.0000,0
0.072,-39,64,-15,1493,1499,-0.09,-0.63,0.0000,0.0000,0.0000,0
0.092,-39,65,-14,1493,1499,-0.13,-0.08,0.0000,0.0000,0.0000,0
0.110,-38,65,-15,1493,1499,-0.13,-0.08,0.0000,0.0000,0.0000,0
0.127,-37,62,-15,1493,1499,-0.13,-0.08,0.0000,0.0000,0.0000,0
0.145,-37,60,-15,1493,1499,-0.13,-0.08,0.0000,0.0000,0.0000,1
0.163,-37,59,-16,1493,1499,-0.13,-0.08,0.0000,0.0000,0.0000,1
0.180,-36,58,-16,1493,1499,-0.13,-0.08,0.0000,0.0000,0.0000,1
0.201,-34,60,-14,1494,1499,-0.13,-0.08,0.0000,0.0000,0.0000,1
0.221,-32,60,-15,1494,1499,-0.13,-0.08,0.0000,0.0000,0.0000,1
0.238,-31,60,-15,1494,1499,-0.13,-0.08,0.0000,0.0000,0.0000,1
0.256,-29,60,-15,1495,1499,-0.13,-0.08,0.0000,0.0000,0.0000,1
0.274,-28,62,-16,1495,1499,-0.13,-0.08,0.0000,0.0000,0.0000,0
0.018,-27,61,-15,1495,1499,-0.13,-0.08,0.0000,0.0000,0.0000,0
0.035,-25,62,-14,1495,1499,-0.13,-0.08,0.0000,0.0000,0.0000,0
0.054,-23,63,-15,1496,1499,0.09,-0.43,0.0000,0.0000,0.0000,0
0.073,-22,64,-15,1496,1499,0.09,-0.43,0.0000,0.0000,0.0000,0
0.090,-20,64,-15,1496,1499,0.09,-0.43,0.0000,0.0000,0.0000,0
0.107,-19,63,-14,1497,1499,0.09,-0.43,0.0000,0.0000,0.0000,0
0.124,-18,62,-14,1497,1499,0.09,-0.43,0.0000,0.0000,0.0000,0
0.141,-17,62,-13,1497,1499,0.09,-0.43,0.0000,0.0000,0.0000,0
0.159,-17,63,-14,1497,1499,0.09,-0.43,0.0000,0.0000,0.0000,0
0.176,-16,65,-14,1497,1499,0.09,-0.43,0.0000,0.0000,0.0000,0
0.193,-16,66,-14,1497,1499,0.09,-0.43,0.0000,0.0000,0.0000,0
0.210,-15,68,-14,1497,1499,0.09,-0.43,0.0000,0.0000,0.0000,0
0.228,-14,69,-13,1498,1499,0.09,-0.43,0.0000,0.0000,0.0000,0
0.245,-14,69,-14,1498,1499,0.09,-0.43,0.0000,0.0000,0.0000,0
0.262,-13,70,-14,1498,1499,0.09,-0.43,0.0000,0.0000,0.0000,0
0.280,-12,71,-14,1498,1499,0.09,-0.43,0.0000,0.0000,0.0000,0
0.298,-12,72,-14,1498,1499,0.09,-0.43,0.0000,0.0000,0.0000,0
0.317,-11,73,-15,1498,1499,0.72,-0.29,0.0000,0.0000,0.0000,0
0.336,-11,74,-14,1498,1499,0.72,-0.29,0.0000,0.0000,0.0000,0
0.354,-10,72,-14,1498,1499,0.72,-0.29,0.0000,0.0000,0.0000,0
0.372,-10,72,-14,1498,1499,0.72,-0.29,0.0000,0.0000,0.0000,0
0.390,-10,72,-15,1498,1499,0.72,-0.29,0.0000,0.0000,0.0000,0
0.408,-10,71,-15,1498,1499,0.72,-0.29,0.0000,0.0000,0.0000,0
0.425,-10,71,-15,1498,1499,0.72,-0.29,0.0000,0.0000,0.0000,0
0.443,-10,70,-15,1498,1499,0.72,-0.29,0.0000,0.0000,0.0000,0
0.460,-10,69,-15,1498,1499,0.72,-0.29,0.0000,0.0000,0.0000,0
0.478,-10,68,-16,1498,1499,0.72,-0.29,0.0000,0.0000,0.0000,0
0.495,-10,67,-16,1498,1499,0.72,-0.29,0.0000,0.0000,0.0000,0
0.514,-10,66,-17,1498,1499,0.72,-0.29,0.0000,0.0000,0.0000,0
0.531,-10,65,-16,1498,1499,0.72,-0.29,0.0000,0.0000,0.0000,0
0.550,-11,65,-17,1498,1499,0.72,-0.29,0.0000,0.0000,0.0000,0
0.569,-11,64,-17,1498,1499,0.34,-0.92,0.0000,0.0000,0.0000,0
0.588,-11,64,-18,1498,1499,0.34,-0.92,0.0000,0.0000,0.0000,0
0.607,-11,62,-17,1498,1499,0.34,-0.92,0.0000,0.0000,0.0000,0
0.627,-12,61,-18,1498,1499,0.34,-0.92,0.0000,0.0000,0.0000,0
0.644,-12,61,-18,1498,1499,0.34,-0.92,0.0000,0.0000,0.0000,0
0.662,-13,60,-18,1498,1499,0.34,-0.92,0.0000,0.0000,0.0000,1
0.679,-14,59,-19,1498,1499,0.34,-0.92,0.0000,0.0000,0.0000,1
0.696,-16,58,-18,1497,1499,0.34,-0.92,0.0000,0.0000,0.0000,1
0.713,-18,57,-19,1497,1499,0.34,-0.92,0.0000,0.0000,0.0000,1
0.730,-18,56,-21,1497,1498,0.34,-0.92,0.0000,0.0000,0.0000,1
0.748,-20,54,-20,1496,1498,0.34,-0.92,0.0000,0.0000,0.0000,1
0.765,-21,52,-20,1496,1498,0.34,-0.92,0.0000,0.0000,0.0000,1
0.782,-23,52,-20,1496,1498,0.34,-0.92,0.0000,0.0000,0.0000,1
0.800,-25,51,-19,1495,1499,0.34,-0.92,0.0000,0.0000,0.0000,1
0.817,-27,50,-21,1495,1498,0.07,-1.70,0.0000,0.0000,0.0000,1
0.839,-28,49,-21,1495,1498,0.07,-1.70,0.0000,0.0000,0.0000,1
0.856,-29,48,-21,1495,1498,0.07,-1.70,0.0000,0.0000,0.0000,1
0.874,-31,48,-21,1494,1498,0.07,-1.70,0.0000,0.0000,0.0000,1
0.891,-33,46,-21,1494,1498,0.07,-1.70,0.0000,0.0000,0.0000,1
0.909,-34,45,-21,1494,1498,0.07,-1.70,0.0000,0.0000,0.0000,1
0.926,-36,44,-22,1493,1498,0.07,-1.70,0.0000,0.0000,0.0000,1
0.944,-40,41,-22,1492,1498,0.07,-1.70,0.0000,0.0000,0.0000,1
0.962,-42,39,-22,1492,1498,0.07,-1.70,0.0000,0.0000,0.0000,1
0.979,-43,38,-22,1492,1498,0.07,-1.70,0.0000,0.0000,0.0000,1
0.997,-45,36,-23,1491,1498,0.07,-1.70,0.0000,0.0000,0.0000,1
1.014,-47,35,-23,1491,1498,0.07,-1.70,0.0000,0.0000,0.0000,1
1.031,-48,34,-22,1491,1498,0.07,-1.70,0.0000,0.0000,0.0000,1
1.049,-49,34,-22,1491,1498,0.07,-1.70,0.0000,0.0000,0.0000,1
1.066,-50,33,-24,1490,1498,-0.18,-2.62,0.0000,0.0000,0.0000,1
1.086,-51,33,-23,1485,1498,-0.18,-2.62,0.0000,0.0000,0.0000,1
1.108,-51,34,-22,1485,1498,-0.18,-2.62,0.0000,0.0000,0.0000,1
1.125,-51,34,-23,1485,1498,-0.18,-2.62,0.0000,0.0000,0.0000,1
1.143,-51,35,-23,1485,1498,-0.18,-2.62,0.0000,0.0000,0.0000,1
1.161,-50,38,-22,1490,1498,-0.18,-2.62,0.0000,0.0000,0.0000,1
1.179,-50,40,-23,1490,1498,-0.18,-2.62,0.0000,0.0000,0.0000,1
1.196,-50,41,-22,1490,1498,-0.18,-2.62,0.0000,0.0000,0.0000,1
1.213,-49,41,-22,1491,1498,-0.18,-2.62,0.0000,0.0000,0.0000,1
1.230,-48,42,-23,1491,1498,-0.18,-2.62,0.0000,0.0000,0.0000,1
1.248,-48,43,-24,1491,1498,-0.18,-2.62,0.0000,0.0000,0.0000,1
1.265,-46,44,-23,1491,1498,-0.18,-2.62,0.0000,0.0000,0.0000,1
1.283,-45,45,-23,1491,1498,-0.18,-2.62,0.0000,0.0000,0.0000,1
1.300,-44,46,-24,1492,1498,-0.18,-2.62,0.0000,0.0000,0.0000,1
1.318,-43,47,-23,1492,1498,-0.82,-1.70,0.0000,0.0000,0.0000,1
1.336,-42,48,-23,1492,1498,-0.82,-1.70,0.0000,0.0000,0.0000,1
1.353,-40,49,-23,1492,1498,-0.82,-1.70,0.0000,0.0000,0.0000,1
1.370,-40,50,-24,1492,1498,-0.82,-1.70,0.0000,0.0000,0.0000,1
1.387,-39,51,-23,1493,1498,-0.82,-1.70,0.0000,0.0000,0.0000,1
1.405,-38,51,-24,1493,1498,-0.82,-1.70,0.0000,0.0000,0.0000,1
1.422,-38,52,-24,1493,1498,-0.82,-1.70,0.0000,0.0000,0.0000,1
1.439,-37,53,-24,1493,1498,-0.82,-1.70,0.0000,0.0000,0.0000,1
1.456,-36,54,-24,1493,1498,-0.82,-1.70,0.0000,0.0000,0.0000,1
1.473,-35,54,-24,1493,1498,-0.82,-1.70,0.0000,0.0000,0.0000,1
1.490,-35,54,-24,1493,1498,-0.82,-1.70,0.0000,0.0000,0.0000,1
1.510,-34,55,-25,1494,1498,-0.82,-1.70,0.0000,0.0000,0.0000,1
1.531,-33,57,-24,1494,1498,-0.82,-1.70,0.0000,0.0000,0.0000,1
1.549,-33,57,-24,1494,1498,-0.82,-1.70,0.0000,0.0000,0.0000,1
1.567,-32,57,-24,1494,1498,-0.62,-1.08,0.0000,0.0000,0.0000,1
1.584,-32,57,-24,1494,1498,-0.62,-1.08,0.0000,0.0000,0.0000,1
1.602,-31,58,-24,1494,1498,-0.62,-1.08,0.0000,0.0000,0.0000,1
1.619,-30,58,-25,1494,1498,-0.62,-1.08,0.0000,0.0000,0.0000,1
1.636,-30,59,-26,1494,1498,-0.62,-1.08,0.0000,0.0000,0.0000,1
1.653,-29,60,-25,1495,1498,-0.62,-1.08,0.0000,0.0000,0.0000,1
1.671,-29,61,-24,1495,1498,-0.62,-1.08,0.0000,0.0000,0.0000,0
0.018,-29,63,-25,1495,1498,-0.62,-1.08,0.0000,0.0000,0.0000,0
0.036,-29,65,-25,1495,1498,-0.62,-1.08,0.0000,0.0000,0.0000,0
0.053,-29,66,-25,1495,1498,-0.62,-1.08,0.0000,0.0000,0.0000,0
0.071,-29,66,-24,1495,1498,-0.62,-1.08,0.0000,0.0000,0.0000,0
0.089,-30,65,-25,1494,1498,-0.62,-1.08,0.0000,0.0000,0.0000,0
0.107,-32,64,-26,1494,1498,-0.62,-1.08,0.0000,0.0000,0.0000,0
0.124,-32,64,-26,1494,1498,-0.62,-1.08,0.0000,0.0000,0.0000,0
0.141,-32,64,-26,1494,1498,-0.81,-0.63,0.0000,0.0000,0.0000,0
0.159,-33,65,-26,1494,1498,-0.81,-0.63,0.0000,0.0000,0.0000,0
0.177,-33,65,-26,1494,1498,-0.81,-0.63,0.0000,0.0000,0.0000,0
0.194,-32,65,-25,1494,1498,-0.81,-0.63,0.0000,0.0000,0.0000,0
0.212,-33,65,-26,1494,1498,-0.81,-0.63,0.0000,0.0000,0.0000,0
0.230,-32,65,-26,1494,1498,-0.81,-0.63,0.0000,0.0000,0.0000,0
0.247,-32,65,-27,1494,1498,-0.81,-0.63,0.0000,0.0000,0.0000,0
0.266,-32,66,-26,1494,1498,-0.81,-0.63,0.0000,0.0000,0.0000,0
0.283,-32,67,-26,1494,1498,-0.81,-0.63,0.0000,0.0000,0.0000,0
0.301,-32,67,-25,1494,1498,-0.81,-0.63,0.0000,0.0000,0.0000,0
0.318,-32,68,-26,1494,1498,-0.81,-0.63,0.0000,0.0000,0.0000,0
0.336,-32,68,-26,1494,1498,-0.81,-0.63,0.0000,0.0000,0.0000,0
0.354,-31,68,-26,1494,1498,-0.81,-0.63,0.0000,0.0000,0.0000,0
0.371,-31,68,-26,1494,1498,-0.81,-0.63,0.0000,0.0000,0.0000,0
0.388,-31,68,-26,1494,1498,-0.35,-0.53,0.0000,0.0000,0.0000,0
0.406,-30,68,-26,1494,1498,-0.35,-0.53,0.0000,0.0000,0.0000,0
0.429,-30,68,-26,1494,1498,-0.35,-0.53,0.0000,0.0000,0.0000,0
0.446,-29,68,-26,1495,1498,-0.35,-0.53,0.0000,0.0000,0.0000,0
0.463,-29,68,-26,1495,1498,-0.35,-0.53,0.0000,0.0000,0.0000,0
0.483,-28,68,-25,1495,1498,-0.35,-0.53,0.0000,0.0000,0.0000,0
0.501,-28,68,-26,1495,1498,-0.35,-0.53,0.0000,0.0000,0.0000,0
0.519,-27,68,-26,1495,1498,-0.35,-0.53,0.0000,0.0000,0.0000,0
0.537,-27,68,-26,1495,1498,-0.35,-0.53,0.0000,0.0000,0.0000,0
0.554,-27,68,-26,1495,1498,-0.35,-0.53,0.0000,0.0000,0.0000,0
0.571,-26,68,-26,1495,1498,-0.35,-0.53,0.0000,0.0000,0.0000,0
0.588,-26,67,-26,1495,1498,-0.35,-0.53,0.0000,0.0000,0.0000,0
0.607,-25,67,-26,1495,1498,-0.35,-0.53,0.0000,0.0000,0.0000,0
0.624,-25,67,-26,1495,1498,-0.35,-0.53,0.0000,0.0000,0.0000,0
0.643,-24,67,-26,1496,1498,1.24,-0.74,0.0000,0.0000,0.0000,0
0.662,-24,67,-25,1496,1498,1.24,-0.74,0.0000,0.0000,0.0000,0
0.679,-24,67,-25,1496,1498,1.24,-0.74,0.0000,0.0000,0.0000,0
0.696,-23,67,-26,1496,1498,1.24,-0.74,0.0000,0.0000,0.0000,0
0.713,-22,68,-26,1496,1498,1.24,-0.74,0.0000,0.0000,0.0000,0
0.730,-21,68,-26,1496,1498,1.24,-0.74,0.0000,0.0000,0.0000,0
0.748,-19,68,-26,1497,1498,1.24,-0.74,0.0000,0.0000,0.0000,0
0.766,-18,68,-26,1497,1498,1.24,-0.74,0.0000,0.0000,0.0000,0
0.784,-17,68,-27,1497,1498,1.24,-0.74,0.0000,0.0000,0.0000,0
0.803,-15,67,-26,1497,1498,1.24,-0.74,0.0000,0.0000,0.0000,0
0.821,-14,67,-26,1498,1498,1.24,-0.74,0.0000,0.0000,0.0000,0
0.838,-13,66,-26,1498,1498,1.24,-0.74,0.0000,0.0000,0.0000,0
0.857,-13,66,-26,1498,1498,1.24,-0.74,0.0000,0.0000,0.0000,0
0.875,-12,66,-26,1498,1498,1.24,-0.74,0.0000,0.0000,0.0000,0
0.893,-12,66,-26,1498,1498,1.67,-0.97,0.0000,0.0000,0.0000,0
0.911,-12,65,-26,1498,1498,1.67,-0.97,0.0000,0.0000,0.0000,0
0.928,-12,65,-26,1498,1498,1.67,-0.97,0.0000,0.0000,0.0000,0
0.945,-12,64,-27,1498,1498,1.67,-0.97,0.0000,0.0000,0.0000,0
0.962,-12,64,-26,1498,1498,1.67,-0.97,0.0000,0.0000,0.0000,0
0.980,-13,63,-26,1498,1498,1.67,-0.97,0.0000,0.0000,0.0000,0
0.997,-13,63,-26,1498,1498,1.67,-0.97,0.0000,0.0000,0.0000,0
1.014,-12,62,-26,1498,1498,1.67,-0.97,0.0000,0.0000,0.0000,0
1.034,-12,61,-26,1498,1498,1.67,-0.97,0.0000,0.0000,0.0000,0
1.053,-9,61,-27,1499,1498,1.67,-0.97,0.0000,0.0000,0.0000,0
1.072,-8,60,-26,1499,1498,1.67,-0.97,0.0000,0.0000,0.0000,1
1.093,-6,60,-26,1499,1498,1.67,-0.97,0.0000,0.0000,0.0000,1
1.110,-4,60,-26,1500,1498,1.67,-0.97,0.0000,0.0000,0.0000,1
1.128,-2,60,-25,1500,1498,1.67,-0.97,0.0000,0.0000,0.0000,1
1.147,0,61,-26,1500,1498,1.53,-1.21,0.0000,0.0000,0.0000,0
0.017,0,61,-26,1500,1498,1.53,-1.21,0.0000,0.0000,0.0000,0
0.034,2,61,-26,1500,1498,1.53,-1.21,0.0000,0.0000,0.0000,0
0.051,5,62,-26,1501,1498,1.53,-1.21,0.0000,0.0000,0.0000,0
0.068,8,63,-26,1501,1498,1.53,-1.21,0.0000,0.0000,0.0000,0
0.086,14,65,-25,1502,1498,1.53,-1.21,0.0000,0.0000,0.0000,0
0.103,17,66,-25,1503,1498,1.53,-1.21,0.0000,0.0000,0.0000,0
0.121,20,67,-26,1504,1498,1.53,-1.21,0.0000,0.0000,0.0000,0
0.138,25,70,-25,1505,1498,1.53,-1.21,0.0000,0.0000,0.0000,0
0.159,27,71,-25,1505,1498,1.53,-1.21,0.0000,0.0000,0.0000,0
0.179,28,71,-25,1505,1498,1.53,-1.21,0.0000,0.0000,0.0000,0
0.197,29,72,-25,1505,1498,1.53,-1.21,0.0000,0.0000,0.0000,0
0.214,31,74,-25,1506,1498,1.53,-1.21,0.0000,0.0000,0.0000,0
0.232,31,74,-25,1506,1498,1.53,-1.21,0.0000,0.0000,0.0000,0
0.253,31,75,-25,1506,1498,0.85,-0.31,0.0000,0.0000,0.0000,0
0.271,31,76,-25,1506,1498,0.85,-0.31,0.0000,0.0000,0.0000,0
0.288,29,77,-25,1506,1498,0.85,-0.31,0.0000,0.0000,0.0000,0
0.306,28,78,-25,1505,1498,0.85,-0.31,0.0000,0.0000,0.0000,0
0.324,27,79,-25,1505,1498,0.85,-0.31,0.0000,0.0000,0.0000,0
0.342,26,79,-25,1505,1498,0.85,-0.31,0.0000,0.0000,0.0000,0
0.359,25,79,-26,1505,1498,0.85,-0.31,0.0000,0.0000,0.0000,0
0.376,25,80,-25,1505,1498,0.85,-0.31,0.0000,0.0000,0.0000,0
0.393,24,80,-25,1504,1498,0.85,-0.31,0.0000,0.0000,0.0000,0
0.412,23,80,-25,1504,1498,0.85,-0.31,0.0000,0.0000,0.0000,0
0.429,21,80,-25,1504,1498,0.85,-0.31,0.0000,0.0000,0.0000,0
0.448,20,80,-25,1504,1498,0.85,-0.31,0.0000,0.0000,0.0000,0
0.467,19,80,-24,1503,1498,0.85,-0.31,0.0000,0.0000,0.0000,0
0.484,18,79,-25,1503,1498,0.41,-0.21,0.0000,0.0000,0.0000,0
0.503,17,79,-26,1503,1498,0.41,-0.21,0.0000,0.0000,0.0000,0
0.521,15,77,-25,1503,1498,0.41,-0.21,0.0000,0.0000,0.0000,0
0.539,14,76,-25,1502,1498,0.41,-0.21,0.0000,0.0000,0.0000,0
0.556,12,75,-25,1502,1498,0.41,-0.21,0.0000,0.0000,0.0000,0
0.573,7,71,-26,1501,1498,0.41,-0.21,0.0000,0.0000,0.0000,0
0.592,5,70,-25,1501,1498,0.41,-0.21,0.0000,0.0000,0.0000,0
0.610,3,68,-25,1500,1498,0.41,-0.21,0.0000,0.0000,0.0000,0
0.627,0,67,-25,1500,1498,0.41,-0.21,0.0000,0.0000,0.0000,0
0.644,-2,65,-25,1500,1498,0.41,-0.21,0.0000,0.0000,0.0000,0
0.662,-4,65,-27,1500,1498,0.41,-0.21,0.0000,0.0000,0.0000,0
0.680,-6,64,-27,1499,1498,0.41,-0.21,0.0000,0.0000,0.0000,0
0.698,-8,63,-26,1499,1498,0.41,-0.21,0.0000,0.0000,0.0000,0
0.717,-12,62,-26,1498,1498,0.41,-0.21,0.0000,0.0000,0.0000,0
0.738,-12,62,-26,1498,1498,0.52,-0.92,0.0000,0.0000,0.0000,0
0.755,-13,62,-26,1498,1498,0.52,-0.92,0.0000,0.0000,0.0000,0
0.773,-14,61,-26,1498,1498,0.52,-0.92,0.0000,0.0000,0.0000,0
0.791,-16,62,-26,1497,1498,0.52,-0.92,0.0000,0.0000,0.0000,0
0.810,-17,62,-27,1497,1498,0.52,-0.92,0.0000,0.0000,0.0000,0
0.827,-17,61,-27,1497,1498,0.52,-0.92,0.0000,0.0000,0.0000,0
0.845,-18,61,-26,1497,1498,0.52,-0.92,0.0000,0.0000,0.0000,0
0.862,-19,61,-26,1497,1498,0.52,-0.92,0.0000,0.0000,0.0000,0
0.880,-19,61,-26,1497,1498,0.52,-0.92,0.0000,0.0000,0.0000,0
0.897,-19,62,-26,1497,1498,0.52,-0.92,0.0000,0.0000,0.0000,0
0.914,-19,62,-26,1497,1498,0.52,-0.92,0.0000,0.0000,0.0000,0
0.931,-18,62,-27,1497,1498,0.52,-0.92,0.0000,0.0000,0.0000,0
0.949,-18,63,-27,1497,1498,0.52,-0.92,0.0000,0.0000,0.0000,0
0.968,-18,63,-27,1497,1498,0.52,-0.92,0.0000,0.0000,0.0000,0
0.987,-18,63,-26,1497,1498,0.54,-0.74,0.0000,0.0000,0.0000,0
1.007,-19,63,-27,1497,1498,0.54,-0.74,0.0000,0.0000,0.0000,0
1.028,-19,63,-27,1497,1498,0.54,-0.74,0.0000,0.0000,0.0000,0
1.046,-19,63,-27,1497,1498,0.54,-0.74,0.0000,0.0000,0.0000,0
1.063,-21,63,-27,1496,1498,0.54,-0.74,0.0000,0.0000,0.0000,0
1.080,-22,62,-27,1496,1498,0.54,-0.74,0.0000,0.0000,0.0000,0
1.097,-23,62,-27,1496,1498,0.54,-0.74,0.0000,0.0000,0.0000,0
1.114,-24,63,-27,1496,1498,0.54,-0.74,0.0000,0.0000,0.0000,0
1.134,-24,63,-27,1496,1498,0.54,-0.74,0.0000,0.0000,0.0000,0
1.153,-26,64,-27,1495,1498,0.54,-0.74,0.0000,0.0000,0.0000,0
1.171,-27,64,-27,1495,1498,0.54,-0.74,0.0000,0.0000,0.0000,0
1.189,-28,64,-27,1495,1498,0.54,-0.74,0.0000,0.0000,0.0000,0
1.206,-29,64,-27,1495,1498,0.54,-0.74,0.0000,0.0000,0.0000,0
1.224,-31,64,-27,1494,1498,0.54,-0.74,0.0000,0.0000,0.0000,0
1.243,-32,64,-27,1494,1498,0.72,-0.52,0.0000,0.0000,0.0000,0
1.260,-33,63,-28,1494,1498,0.72,-0.52,0.0000,0.0000,0.0000,0
1.278,-35,63,-27,1493,1498,0.72,-0.52,0.0000,0.0000,0.0000,0
1.296,-36,63,-27,1493,1498,0.72,-0.52,0.0000,0.0000,0.0000,0
1.314,-38,63,-27,1493,1498,0.72,-0.52,0.0000,0.0000,0.0000,0
1.332,-41,63,-27,1492,1498,0.72,-0.52,0.0000,0.0000,0.0000,0
1.349,-43,61,-27,1492,1498,0.72,-0.52,0.0000,0.0000,0.0000,0
1.367,-45,61,-27,1491,1498,0.72,-0.52,0.0000,0.0000,0.0000,0
1.384,-47,60,-27,1491,1498,0.72,-0.52,0.0000,0.0000,0.0000,1
1.405,-52,58,-27,1485,1498,0.72,-0.52,0.0000,0.0000,0.0000,1
1.422,-54,57,-26,1484,1498,0.72,-0.52,0.0000,0.0000,0.0000,1
1.440,-57,57,-27,1483,1498,0.72,-0.52,0.0000,0.0000,0.0000,1
1.457,-59,56,-28,1483,1498,0.72,-0.52,0.0000,0.0000,0.0000,1
1.475,-62,55,-28,1482,1498,0.72,-0.52,0.0000,0.0000,0.0000,0
0.017,-64,54,-27,1481,1498,0.41,-1.14,0.0000,0.0000,0.0000,0
0.035,-67,53,-27,1480,1498,0.41,-1.14,0.0000,0.0000,0.0000,0
0.053,-69,53,-27,1480,1498,0.41,-1.14,0.0000,0.0000,0.0000,0
0.070,-69,53,-27,1480,1498,0.41,-1.14,0.0000,0.0000,0.0000,0
0.087,-71,51,-28,1479,1498,0.41,-1.14,0.0000,0.0000,0.0000,0
0.105,-76,50,-27,1478,1498,0.41,-1.14,0.0000,0.0000,0.0000,0
0.123,-77,49,-27,1477,1498,0.41,-1.14,0.0000,0.0000,0.0000,0
0.142,-79,48,-27,1477,1498,0.41,-1.14,0.0000,0.0000,0.0000,0
0.159,-83,46,-28,1476,1498,0.41,-1.14,0.0000,0.0000,0.0000,0
0.176,-84,45,-27,1475,1498,0.41,-1.14,0.0000,0.0000,0.0000,0
0.194,-86,44,-27,1475,1498,0.41,-1.14,0.0000,0.0000,0.0000,0
0.211,-87,43,-27,1474,1498,0.41,-1.14,0.0000,0.0000,0.0000,0
0.228,-87,42,-28,1474,1498,0.41,-1.14,0.0000,0.0000,0.0000,0
0.246,-88,41,-28,1474,1498,0.41,-1.14,0.0000,0.0000,0.0000,0
0.263,-88,41,-27,1474,1498,-0.13,-1.94,0.0000,0.0000,0.0000,0
0.281,-88,40,-28,1474,1498,-0.13,-1.94,0.0000,0.0000,0.0000,0
0.298,-88,40,-28,1474,1498,-0.13,-1.94,0.0000,0.0000,0.0000,0
0.315,-89,40,-28,1474,1498,-0.13,-1.94,0.0000,0.0000,0.0000,0
0.333,-89,40,-28,1474,1498,-0.13,-1.94,0.0000,0.0000,0.0000,0
0.351,-89,40,-27,1474,1498,-0.13,-1.94,0.0000,0.0000,0.0000,0
0.370,-89,40,-28,1474,1498,-0.13,-1.94,0.0000,0.0000,0.0000,0
0.389,-89,40,-28,1474,1498,-0.13,-1.94,0.0000,0.0000,0.0000,0
0.407,-89,40,-27,1474,1498,-0.13,-1.94,0.0000,0.0000,0.0000,0
0.424,-90,39,-28,1473,1498,-0.13,-1.94,0.0000,0.0000,0.0000,0
0.441,-90,40,-28,1473,1498,-0.13,-1.94,0.0000,0.0000,0.0000,0
0.459,-90,40,-27,1473,1498,-0.13,-1.94,0.0000,0.0000,0.0000,0
0.477,-91,41,-27,1473,1498,-0.13,-1.94,0.0000,0.0000,0.0000,0
0.494,-91,42,-28,1473,1498,-0.13,-1.94,0.0000,0.0000,0.0000,0
0.512,-92,43,-29,1473,1498,-1.55,-1.59,0.0000,0.0000,0.0000,0
0.529,-92,43,-29,1473,1498,-1.55,-1.59,0.0000,0.0000,0.0000,0
0.547,-92,43,-28,1473,1498,-1.55,-1.59,0.0000,0.0000,0.0000,0
0.564,-93,44,-28,1473,1498,-1.55,-1.59,0.0000,0.0000,0.0000,0
0.582,-93,46,-28,1473,1498,-1.55,-1.59,0.0000,0.0000,0.0000,0
0.599,-94,47,-28,1472,1498,-1.55,-1.59,0.0000,0.0000,0.0000,0
0.617,-95,48,-27,1472,1498,-1.55,-1.59,0.0000,0.0000,0.0000,0
0.634,-97,50,-27,1471,1498,-1.55,-1.59,0.0000,0.0000,0.0000,0
0.652,-98,50,-28,1471,1498,-1.55,-1.59,0.0000,0.0000,0.0000,0
0.669,-100,49,-27,1470,1498,-1.55,-1.59,0.0000,0.0000,0.0000,0
0.687,-101,49,-27,1470,1498,-1.55,-1.59,0.0000,0.0000,0.0000,0
0.705,-103,48,-27,1470,1498,-1.55,-1.59,0.0000,0.0000,0.0000,0
0.724,-106,47,-28,1470,1498,-1.55,-1.59,0.0000,0.0000,0.0000,0
0.743,-107,46,-27,1470,1498,-1.55,-1.59,0.0000,0.0000,0.0000,0
0.761,-109,45,-27,1470,1498,-1.82,-1.30,0.0000,0.0000,0.0000,0
0.780,-109,45,-27,1470,1498,-1.82,-1.30,0.0000,0.0000,0.0000,0
0.798,-110,44,-27,1470,1498,-1.82,-1.30,0.0000,0.0000,0.0000,0
0.816,-112,44,-28,1470,1498,-1.82,-1.30,0.0000,0.0000,0.0000,0
0.833,-113,44,-28,1470,1498,-1.82,-1.30,0.0000,0.0000,0.0000,0
0.851,-116,44,-28,1470,1498,-1.82,-1.30,0.0000,0.0000,0.0000,0
0.868,-116,44,-27,1470,1498,-1.82,-1.30,0.0000,0.0000,0.0000,0
0.886,-117,44,-27,1470,1498,-1.82,-1.30,0.0000,0.0000,0.0000,0
0.903,-118,45,-28,1470,1498,-1.82,-1.30,0.0000,0.0000,0.0000,0
0.920,-120,44,-28,1470,1498,-1.82,-1.30,0.0000,0.0000,0.0000,0
0.938,-120,44,-28,1470,1498,-1.82,-1.30,0.0000,0.0000,0.0000,0
0.955,-122,45,-27,1470,1498,-1.82,-1.30,0.0000,0.0000,0.0000,0
0.972,-122,45,-27,1470,1498,-1.82,-1.30,0.0000,0.0000,0.0000,0
0.990,-124,45,-27,1470,1498,-1.82,-1.30,0.0000,0.0000,0.0000,0
1.007,-124,45,-27,1470,1498,-1.13,-1.38,0.0000,0.0000,0.0000,0
1.025,-125,44,-27,1470,1498,-1.13,-1.38,0.0000,0.0000,0.0000,0
1.043,-126,44,-27,1470,1498,-1.13,-1.38,0.0000,0.0000,0.0000,0
1.060,-128,44,-28,1470,1498,-1.13,-1.38,0.0000,0.0000,0.0000,0
1.080,-129,44,-28,1470,1498,-1.13,-1.38,0.0000,0.0000,0.0000,0
1.098,-131,44,-26,1470,1498,-1.13,-1.38,0.0000,0.0000,0.0000,0
1.116,-132,45,-27,1470,1498,-1.13,-1.38,0.0000,0.0000,0.0000,0
1.134,-133,45,-26,1470,1498,-1.13,-1.38,0.0000,0.0000,0.0000,0
1.151,-134,46,-27,1470,1498,-1.13,-1.38,0.0000,0.0000,0.0000,0
1.169,-134,47,-27,1470,1498,-1.13,-1.38,0.0000,0.0000,0.0000,0
1.186,-135,48,-27,1470,1498,-1.13,-1.38,0.0000,0.0000,0.0000,0
1.204,-135,48,-27,1470,1498,-1.13,-1.38,0.0000,0.0000,0.0000,0
1.222,-136,50,-27,1470,1498,-1.13,-1.38,0.0000,0.0000,0.0000,0
1.240,-136,50,-27,1470,1498,-1.13,-1.38,0.0000,0.0000,0.0000,0
1.257,-135,51,-27,1470,1498,-0.55,-1.22,0.0000,0.0000,0.0000,0
1.275,-135,51,-27,1470,1498,-0.55,-1.22,0.0000,0.0000,0.0000,0
1.294,-134,51,-26,1470,1498,-0.55,-1.22,0.0000,0.0000,0.0000,0
1.311,-133,52,-26,1470,1498,-0.55,-1.22,0.0000,0.0000,0.0000,0
1.329,-133,52,-26,1470,1498,-0.55,-1.22,0.0000,0.0000,0.0000,0
1.347,-132,52,-26,1470,1498,-0.55,-1.22,0.0000,0.0000,0.0000,0
1.365,-131,52,-26,1470,1498,-0.55,-1.22,0.0000,0.0000,0.0000,0
1.382,-130,52,-27,1470,1498,-0.55,-1.22,0.0000,0.0000,0.0000,0
1.401,-129,53,-26,1470,1498,-0.55,-1.22,0.0000,0.0000,0.0000,0
1.419,-128,53,-26,1470,1498,-0.55,-1.22,0.0000,0.0000,0.0000,0
1.436,-127,53,-26,1470,1498,-0.55,-1.22,0.0000,0.0000,0.0000,0
1.453,-125,54,-26,1470,1498,-0.55,-1.22,0.0000,0.0000,0.0000,0
1.471,-124,54,-26,1470,1498,-0.55,-1.22,0.0000,0.0000,0.0000,0
1.488,-123,55,-26,1470,1498,-0.55,-1.22,0.0000,0.0000,0.0000,0
1.505,-122,56,-27,1470,1498,-0.32,-0.91,0.0000,0.0000,0.0000,0
1.523,-121,56,-26,1470,1498,-0.32,-0.91,0.0000,0.0000,0.0000,0
1.541,-121,57,-25,1470,1498,-0.32,-0.91,0.0000,0.0000,0.0000,0
1.559,-120,57,-25,1470,1498,-0.32,-0.91,0.0000,0.0000,0.0000,0
1.576,-120,57,-25,1470,1498,-0.32,-0.91,0.0000,0.0000,0.0000,0
1.594,-119,56,-26,1470,1498,-0.32,-0.91,0.0000,0.0000,0.0000,0
1.612,-119,56,-26,1470,1498,-0.32,-0.91,0.0000,0.0000,0.0000,0
1.629,-119,56,-25,1470,1498,-0.32,-0.91,0.0000,0.0000,0.0000,0
1.650,-119,56,-25,1470,1498,-0.32,-0.91,0.0000,0.0000,0.0000,0
1.667,-119,55,-25,1470,1498,-0.32,-0.91,0.0000,0.0000,0.0000,0
1.685,-119,55,-25,1470,1498,-0.32,-0.91,0.0000,0.0000,0.0000,0
1.703,-119,55,-26,1470,1498,-0.32,-0.91,0.0000,0.0000,0.0000,0
1.720,-119,55,-26,1470,1498,-0.32,-0.91,0.0000,0.0000,0.0000,0
1.737,-119,56,-25,1470,1498,-0.32,-0.91,0.0000,0.0000,0.0000,0
1.755,-119,56,-25,1470,1498,-0.40,-0.93,0.0000,0.0000,0.0000,0
1.773,-119,56,-25,1470,1498,-0.40,-0.93,0.0000,0.0000,0.0000,0
1.793,-119,56,-24,1470,1498,-0.40,-0.93,0.0000,0.0000,0.0000,0
1.814,-119,56,-25,1470,1498,-0.40,-0.93,0.0000,0.0000,0.0000,0
1.831,-119,56,-24,1470,1498,-0.40,-0.93,0.0000,0.0000,0.0000,0
1.849,-119,55,-26,1470,1498,-0.40,-0.93,0.0000,0.0000,0.0000,0
1.866,-119,54,-24,1470,1498,-0.40,-0.93,0.0000,0.0000,0.0000,0
1.886,-119,53,-24,1470,1498,-0.40,-0.93,0.0000,0.0000,0.0000,0
1.903,-118,52,-24,1470,1498,-0.40,-0.93,0.0000,0.0000,0.0000,0
1.922,-117,51,-24,1470,1498,-0.40,-0.93,0.0000,0.0000,0.0000,0
1.940,-117,51,-24,1470,1498,-0.40,-0.93,0.0000,0.0000,0.0000,0
1.957,-116,51,-25,1470,1498,-0.40,-0.93,0.0000,0.0000,0.0000,0
1.976,-115,50,-25,1470,1498,-0.40,-0.93,0.0000,0.0000,0.0000,0
1.993,-114,50,-25,1470,1498,-0.40,-0.93,0.0000,0.0000,0.0000,0
2.011,-113,50,-24,1470,1498,-0.62,-1.20,0.0000,0.0000,0.0000,0
2.028,-112,50,-23,1470,1498,-0.62,-1.20,0.0000,0.0000,0.0000,0
2.045,-112,50,-23,1470,1498,-0.62,-1.20,0.0000,0.0000,0.0000,0
2.063,-110,49,-23,1470,1498,-0.62,-1.20,0.0000,0.0000,0.0000,0
2.080,-109,49,-23,1470,1498,-0.62,-1.20,0.0000,0.0000,0.0000,0
2.098,-108,49,-23,1470,1498,-0.62,-1.20,0.0000,0.0000,0.0000,0
2.116,-108,48,-24,1470,1498,-0.62,-1.20,0.0000,0.0000,0.0000,0
2.133,-106,48,-23,1470,1498,-0.62,-1.20,0.0000,0.0000,0.0000,0
2.151,-106,48,-23,1470,1498,-0.62,-1.20,0.0000,0.0000,0.0000,0
2.168,-105,48,-24,1470,1498,-0.62,-1.20,0.0000,0.0000,0.0000,0
2.187,-104,48,-24,1470,1498,-0.62,-1.20,0.0000,0.0000,0.0000,0
2.204,-103,49,-24,1470,1498,-0.62,-1.20,0.0000,0.0000,0.0000,0
2.222,-102,50,-22,1470,1498,-0.62,-1.20,0.0000,0.0000,0.0000,0
2.239,-101,51,-22,1470,1498,-0.62,-1.20,0.0000,0.0000,0.0000,0
2.258,-100,52,-22,1470,1498,-1.10,-0.97,0.0000,0.0000,0.0000,0
2.279,-99,53,-22,1471,1498,-1.10,-0.97,0.0000,0.0000,0.0000,0
2.296,-98,55,-22,1471,1498,-1.10,-0.97,0.0000,0.0000,0.0000,0
2.314,-97,56,-22,1471,1498,-1.10,-0.97,0.0000,0.0000,0.0000,0
2.332,-95,58,-22,1472,1498,-1.10,-0.97,0.0000,0.0000,0.0000,0
2.350,-94,60,-22,1472,1498,-1.10,-0.97,0.0000,0.0000,0.0000,0
2.367,-92,61,-22,1473,1498,-1.10,-0.97,0.0000,0.0000,0.0000,0
2.385,-91,63,-22,1473,1498,-1.10,-0.97,0.0000,0.0000,0.0000,0
2.403,-89,65,-22,1474,1498,-1.10,-0.97,0.0000,0.0000,0.0000,0
2.420,-87,66,-22,1474,1498,-1.10,-0.97,0.0000,0.0000,0.0000,0
2.438,-84,67,-22,1475,1498,-1.10,-0.97,0.0000,0.0000,0.0000,0
2.455,-82,69,-21,1476,1498,-1.10,-0.97,0.0000,0.0000,0.0000,0
2.472,-78,71,-20,1477,1498,-1.10,-0.97,0.0000,0.0000,0.0000,0
2.489,-75,73,-20,1478,1498,-1.10,-0.97,0.0000,0.0000,0.0000,0
2.506,-75,73,-20,1478,1498,-0.68,0.39,0.0000,0.0000,0.0000,0
2.524,-73,74,-20,1479,1498,-0.68,0.39,0.0000,0.0000,0.0000,0
2.541,-69,76,-21,1480,1498,-0.68,0.39,0.0000,0.0000,0.0000,0
2.558,-69,76,-21,1480,1498,-0.68,0.39,0.0000,0.0000,0.0000,0
2.577,-67,77,-20,1480,1498,-0.68,0.39,0.0000,0.0000,0.0000,0
2.595,-67,77,-20,1480,1498,-0.68,0.39,0.0000,0.0000,0.0000,0
2.612,-65,77,-20,1481,1498,-0.68,0.39,0.0000,0.0000,0.0000,0
2.629,-64,76,-20,1481,1498,-0.68,0.39,0.0000,0.0000,0.0000,0
2.647,-64,76,-20,1481,1498,-0.68,0.39,0.0000,0.0000,0.0000,0
2.664,-63,75,-20,1482,1498,-0.68,0.39,0.0000,0.0000,0.0000,0
2.684,-62,74,-21,1482,1498,-0.68,0.39,0.0000,0.0000,0.0000,0
2.701,-60,73,-20,1482,1498,-0.68,0.39,0.0000,0.0000,0.0000,0
2.720,-60,73,-20,1482,1498,-0.68,0.39,0.0000,0.0000,0.0000,0
2.739,-58,73,-19,1483,1499,-0.68,0.39,0.0000,0.0000,0.0000,0
2.757,-58,73,-19,1483,1499,0.66,0.19,0.0000,0.0000,0.0000,0
2.774,-57,72,-20,1483,1498,0.66,0.19,0.0000,0.0000,0.0000,0
2.792,-56,72,-20,1484,1498,0.66,0.19,0.0000,0.0000,0.0000,0
2.810,-55,72,-19,1484,1499,0.66,0.19,0.0000,0.0000,0.0000,0
2.828,-54,72,-20,1484,1498,0.66,0.19,0.0000,0.0000,0.0000,0
2.846,-52,72,-20,1485,1498,0.66,0.19,0.0000,0.0000,0.0000,0
2.864,-49,72,-19,1491,1499,0.66,0.19,0.0000,0.0000,0.0000,0
2.881,-48,72,-20,1491,1498,0.66,0.19,0.0000,0.0000,0.0000,0
2.899,-46,72,-20,1491,1498,0.66,0.19,0.0000,0.0000,0.0000,0
2.916,-44,72,-20,1492,1498,0.66,0.19,0.0000,0.0000,0.0000,0
2.933,-43,72,-20,1492,1498,0.66,0.19,0.0000,0.0000,0.0000,0
2.950,-41,72,-20,1492,1498,0.66,0.19,0.0000,0.0000,0.0000,0
2.968,-40,72,-20,1492,1498,0.66,0.19,0.0000,0.0000,0.0000,0
2.985,-39,71,-20,1493,1498,0.66,0.19,0.0000,0.0000,0.0000,0
3.003,-39,71,-20,1493,1498,0.78,0.23,0.0000,0.0000,0.0000,0
3.020,-38,71,-20,1493,1498,0.78,0.23,0.0000,0.0000,0.0000,0
3.037,-38,70,-19,1493,1499,0.78,0.23,0.0000,0.0000,0.0000,0
3.055,-37,70,-20,1493,1498,0.78,0.23,0.0000,0.0000,0.0000,0
3.073,-37,70,-20,1493,1498,0.78,0.23,0.0000,0.0000,0.0000,0
3.091,-36,70,-20,1493,1498,0.78,0.23,0.0000,0.0000,0.0000,0
3.108,-36,69,-20,1493,1498,0.78,0.23,0.0000,0.0000,0.0000,0
3.127,-36,69,-21,1493,1498,0.78,0.23,0.0000,0.0000,0.0000,0
3.145,-35,68,-20,1493,1498,0.78,0.23,0.0000,0.0000,0.0000,0
3.162,-35,67,-20,1493,1498,0.78,0.23,0.0000,0.0000,0.0000,0
3.180,-34,67,-21,1494,1498,0.78,0.23,0.0000,0.0000,0.0000,0
3.197,-34,66,-21,1494,1498,0.78,0.23,0.0000,0.0000,0.0000,0
3.214,-34,66,-20,1494,1498,0.78,0.23,0.0000,0.0000,0.0000,0
3.232,-34,65,-20,1494,1498,0.78,0.23,0.0000,0.0000,0.0000,0
3.251,-34,65,-22,1494,1498,0.54,-0.10,0.0000,0.0000,0.0000,0
3.270,-33,64,-22,1494,1498,0.54,-0.10,0.0000,0.0000,0.0000,0
3.287,-33,64,-20,1494,1498,0.54,-0.10,0.0000,0.0000,0.0000,0
3.304,-32,64,-21,1494,1498,0.54,-0.10,0.0000,0.0000,0.0000,0
3.322,-32,64,-21,1494,1498,0.54,-0.10,0.0000,0.0000,0.0000,0
3.339,-31,64,-22,1494,1498,0.54,-0.10,0.0000,0.0000,0.0000,0
3.357,-30,64,-21,1494,1498,0.54,-0.10,0.0000,0.0000,0.0000,0
3.374,-29,65,-21,1495,1498,0.54,-0.10,0.0000,0.0000,0.0000,0
3.392,-28,65,-21,1495,1498,0.54,-0.10,0.0000,0.0000,0.0000,0
3.410,-26,66,-22,1495,1498,0.54,-0.10,0.0000,0.0000,0.0000,0
3.428,-26,66,-22,1495,1498,0.54,-0.10,0.0000,0.0000,0.0000,0
3.446,-25,66,-22,1495,1498,0.54,-0.10,0.0000,0.0000,0.0000,0
3.463,-25,66,-21,1495,1498,0.54,-0.10,0.0000,0.0000,0.0000,0
3.480,-24,66,-22,1496,1498,0.54,-0.10,0.0000,0.0000,0.0000,0
3.498,-23,66,-22,1496,1498,-0.33,0.02,0.0000,0.0000,0.0000,0
3.515,-23,65,-23,1496,1498,-0.33,0.02,0.0000,0.0000,0.0000,0
3.532,-22,64,-22,1496,1498,-0.33,0.02,0.0000,0.0000,0.0000,0
3.549,-23,64,-22,1496,1498,-0.33,0.02,0.0000,0.0000,0.0000,0
3.566,-23,63,-22,1496,1498,-0.33,0.02,0.0000,0.0000,0.0000,0
3.583,-22,62,-23,1496,1498,-0.33,0.02,0.0000,0.0000,0.0000,0
3.602,-23,61,-22,1496,1498,-0.33,0.02,0.0000,0.0000,0.0000,0
3.619,-24,59,-23,1496,1498,-0.33,0.02,0.0000,0.0000,0.0000,1
3.639,-24,58,-23,1496,1498,-0.33,0.02,0.0000,0.0000,0.0000,1
3.656,-25,57,-23,1495,1498,-0.33,0.02,0.0000,0.0000,0.0000,1
3.673,-25,56,-23,1495,1498,-0.33,0.02,0.0000,0.0000,0.0000,1
3.693,-26,56,-23,1495,1498,-0.33,0.02,0.0000,0.0000,0.0000,1
3.710,-26,55,-23,1495,1498,-0.33,0.02,0.0000,0.0000,0.0000,1
3.727,-27,54,-23,1495,1498,-0.33,0.02,0.0000,0.0000,0.0000,1
3.744,-28,53,-23,1495,1498,-0.33,0.02,0.0000,0.0000,0.0000,1
3.762,-28,51,-24,1495,1498,0.44,-0.83,0.0000,0.0000,0.0000,1
3.781,-29,50,-23,1495,1498,0.44,-0.83,0.0000,0.0000,0.0000,1
3.800,-30,49,-23,1494,1498,0.44,-0.83,0.0000,0.0000,0.0000,1
3.817,-30,48,-24,1494,1498,0.44,-0.83,0.0000,0.0000,0.0000,1
3.835,-31,48,-24,1494,1498,0.44,-0.83,0.0000,0.0000,0.0000,1
3.853,-32,47,-23,1494,1498,0.44,-0.83,0.0000,0.0000,0.0000,1
3.871,-32,46,-24,1494,1498,0.44,-0.83,0.0000,0.0000,0.0000,1
3.891,-34,45,-24,1494,1498,0.44,-0.83,0.0000,0.0000,0.0000,1
3.909,-34,45,-24,1494,1498,0.44,-0.83,0.0000,0.0000,0.0000,1
3.926,-35,44,-26,1493,1498,0.44,-0.83,0.0000,0.0000,0.0000,1
3.944,-36,44,-24,1493,1498,0.44,-0.83,0.0000,0.0000,0.0000,1
3.962,-37,44,-24,1493,1498,0.44,-0.83,0.0000,0.0000,0.0000,1
3.979,-38,43,-25,1493,1498,0.44,-0.83,0.0000,0.0000,0.0000,1
3.996,-39,43,-24,1493,1498,0.44,-0.83,0.0000,0.0000,0.0000,1
4.013,-40,42,-24,1492,1498,0.43,-1.51,0.0000,0.0000,0.0000,1
4.031,-41,41,-25,1492,1498,0.43,-1.51,0.0000,0.0000,0.0000,1
4.049,-42,40,-25,1492,1498,0.43,-1.51,0.0000,0.0000,0.0000,1
4.068,-42,40,-25,1492,1498,0.43,-1.51,0.0000,0.0000,0.0000,1
4.086,-43,40,-25,1492,1498,0.43,-1.51,0.0000,0.0000,0.0000,1
4.103,-45,38,-25,1491,1498,0.43,-1.51,0.0000,0.0000,0.0000,1
4.120,-47,38,-25,1491,1498,0.43,-1.51,0.0000,0.0000,0.0000,1
4.138,-48,37,-24,1491,1498,0.43,-1.51,0.0000,0.0000,0.0000,1
4.155,-51,35,-25,1485,1498,0.43,-1.51,0.0000,0.0000,0.0000,1
4.172,-52,36,-24,1485,1498,0.43,-1.51,0.0000,0.0000,0.0000,1
4.190,-54,36,-25,1484,1498,0.43,-1.51,0.0000,0.0000,0.0000,1
4.207,-55,36,-24,1484,1498,0.43,-1.51,0.0000,0.0000,0.0000,1
4.225,-56,37,-26,1484,1498,0.43,-1.51,0.0000,0.0000,0.0000,1
4.243,-58,37,-25,1483,1498,0.43,-1.51,0.0000,0.0000,0.0000,1
4.260,-60,37,-24,1482,1498,-0.29,-1.72,0.0000,0.0000,0.0000,1
4.277,-62,38,-24,1482,1498,-0.29,-1.72,0.0000,0.0000,0.0000,0
0.017,-62,38,-24,1482,1498,-0.29,-1.72,0.0000,0.0000,0.0000,0
0.035,-63,38,-25,1482,1498,-0.29,-1.72,0.0000,0.0000,0.0000,0
0.053,-66,39,-25,1481,1498,-0.29,-1.72,0.0000,0.0000,0.0000,0
0.070,-67,40,-25,1480,1498,-0.29,-1.72,0.0000,0.0000,0.0000,0
0.088,-71,41,-24,1479,1498,-0.29,-1.72,0.0000,0.0000,0.0000,0
0.107,-73,41,-25,1479,1498,-0.29,-1.72,0.0000,0.0000,0.0000,0
0.125,-75,42,-25,1478,1498,-0.29,-1.72,0.0000,0.0000,0.0000,0
0.143,-78,43,-24,1477,1498,-0.29,-1.72,0.0000,0.0000,0.0000,0
0.160,-79,43,-25,1477,1498,-0.29,-1.72,0.0000,0.0000,0.0000,0
0.178,-80,43,-25,1476,1498,-0.29,-1.72,0.0000,0.0000,0.0000,0
0.196,-81,43,-26,1476,1498,-0.29,-1.72,0.0000,0.0000,0.0000,0
0.213,-83,43,-25,1476,1498,-0.29,-1.72,0.0000,0.0000,0.0000,0
0.231,-83,43,-25,1476,1498,-1.10,-1.21,0.0000,0.0000,0.0000,0
0.248,-84,43,-25,1475,1498,-1.10,-1.21,0.0000,0.0000,0.0000,0
0.267,-85,44,-25,1475,1498,-1.10,-1.21,0.0000,0.0000,0.0000,0
0.284,-85,44,-25,1475,1498,-1.10,-1.21,0.0000,0.0000,0.0000,0
0.301,-86,45,-25,1475,1498,-1.10,-1.21,0.0000,0.0000,0.0000,0
0.318,-88,46,-25,1474,1498,-1.10,-1.21,0.0000,0.0000,0.0000,0
0.336,-89,47,-25,1474,1498,-1.10,-1.21,0.0000,0.0000,0.0000,0
0.353,-89,47,-24,1474,1498,-1.10,-1.21,0.0000,0.0000,0.0000,0
0.370,-90,47,-25,1473,1498,-1.10,-1.21,0.0000,0.0000,0.0000,0
0.387,-91,47,-24,1473,1498,-1.10,-1.21,0.0000,0.0000,0.0000,0
0.405,-92,47,-25,1473,1498,-1.10,-1.21,0.0000,0.0000,0.0000,0
0.422,-93,47,-25,1473,1498,-1.10,-1.21,0.0000,0.0000,0.0000,0
0.440,-94,47,-26,1472,1498,-1.10,-1.21,0.0000,0.0000,0.0000,0
0.459,-95,47,-25,1472,1498,-1.10,-1.21,0.0000,0.0000,0.0000,0
0.477,-96,46,-24,1472,1498,-1.29,-0.89,0.0000,0.0000,0.0000,0
0.496,-97,46,-24,1471,1498,-1.29,-0.89,0.0000,0.0000,0.0000,0
0.517,-98,45,-24,1471,1498,-1.29,-0.89,0.0000,0.0000,0.0000,0
0.535,-98,45,-24,1471,1498,-1.29,-0.89,0.0000,0.0000,0.0000,0
0.554,-99,44,-25,1471,1498,-1.29,-0.89,0.0000,0.0000,0.0000,0
0.572,-99,44,-24,1471,1498,-1.29,-0.89,0.0000,0.0000,0.0000,0
0.589,-98,44,-23,1471,1498,-1.29,-0.89,0.0000,0.0000,0.0000,0
0.606,-98,45,-24,1471,1498,-1.29,-0.89,0.0000,0.0000,0.0000,0
0.624,-97,45,-24,1471,1498,-1.29,-0.89,0.0000,0.0000,0.0000,0
0.641,-97,46,-24,1471,1498,-1.29,-0.89,0.0000,0.0000,0.0000,0
0.658,-96,47,-24,1472,1498,-1.29,-0.89,0.0000,0.0000,0.0000,0
0.676,-94,49,-23,1472,1498,-1.29,-0.89,0.0000,0.0000,0.0000,0
0.694,-94,49,-23,1472,1498,-1.29,-0.89,0.0000,0.0000,0.0000,0
0.711,-92,51,-24,1473,1498,-1.29,-0.89,0.0000,0.0000,0.0000,0
0.729,-91,52,-24,1473,1498,-1.24,-0.42,0.0000,0.0000,0.0000,0
0.747,-90,53,-23,1473,1498,-1.24,-0.42,0.0000,0.0000,0.0000,0
0.765,-90,53,-23,1473,1498,-1.24,-0.42,0.0000,0.0000,0.0000,0
0.783,-87,54,-24,1474,1498,-1.24,-0.42,0.0000,0.0000,0.0000,0
0.801,-85,55,-24,1475,1498,-1.24,-0.42,0.0000,0.0000,0.0000,0
0.820,-84,56,-23,1475,1498,-1.24,-0.42,0.0000,0.0000,0.0000,0
0.837,-83,56,-23,1476,1498,-1.24,-0.42,0.0000,0.0000,0.0000,0
0.858,-82,58,-23,1476,1498,-1.24,-0.42,0.0000,0.0000,0.0000,0
0.876,-81,59,-23,1476,1498,-1.24,-0.42,0.0000,0.0000,0.0000,0
0.893,-79,61,-24,1477,1498,-1.24,-0.42,0.0000,0.0000,0.0000,0
0.910,-77,60,-23,1477,1498,-1.24,-0.42,0.0000,0.0000,0.0000,0
0.928,-77,60,-23,1477,1498,-1.24,-0.42,0.0000,0.0000,0.0000,0
0.946,-76,60,-23,1478,1498,-1.24,-0.42,0.0000,0.0000,0.0000,0
0.963,-74,60,-23,1478,1498,-1.24,-0.42,0.0000,0.0000,0.0000,0
0.981,-73,59,-23,1479,1498,-1.38,0.02,0.0000,0.0000,0.0000,0
0.998,-72,59,-22,1479,1498,-1.38,0.02,0.0000,0.0000,0.0000,0
1.018,-72,59,-22,1479,1498,-1.38,0.02,0.0000,0.0000,0.0000,0
1.036,-71,58,-23,1479,1498,-1.38,0.02,0.0000,0.0000,0.0000,0
1.053,-69,57,-22,1480,1498,-1.38,0.02,0.0000,0.0000,0.0000,0
1.071,-68,56,-23,1480,1498,-1.38,0.02,0.0000,0.0000,0.0000,0
1.089,-67,55,-23,1480,1498,-1.38,0.02,0.0000,0.0000,0.0000,0
1.107,-65,53,-23,1481,1498,-1.38,0.02,0.0000,0.0000,0.0000,0
1.124,-63,53,-23,1482,1498,-1.38,0.02,0.0000,0.0000,0.0000,0
1.141,-62,51,-23,1482,1498,-1.38,0.02,0.0000,0.0000,0.0000,0
1.159,-59,49,-23,1483,1498,-1.38,0.02,0.0000,0.0000,0.0000,1
1.176,-59,48,-23,1483,1498,-1.38,0.02,0.0000,0.0000,0.0000,1
1.194,-58,48,-23,1483,1498,-1.38,0.02,0.0000,0.0000,0.0000,1
1.211,-58,48,-23,1483,1498,-1.38,0.02,0.0000,0.0000,0.0000,1
1.228,-58,48,-23,1483,1498,-1.34,-0.68,0.0000,0.0000,0.0000,1
1.246,-57,48,-23,1483,1498,-1.34,-0.68,0.0000,0.0000,0.0000,1
1.264,-56,47,-23,1484,1498,-1.34,-0.68,0.0000,0.0000,0.0000,1
1.284,-55,47,-23,1484,1498,-1.34,-0.68,0.0000,0.0000,0.0000,1
1.302,-54,45,-23,1484,1498,-1.34,-0.68,0.0000,0.0000,0.0000,1
1.320,-53,44,-23,1485,1498,-1.34,-0.68,0.0000,0.0000,0.0000,1
1.338,-53,43,-23,1485,1498,-1.34,-0.68,0.0000,0.0000,0.0000,1
1.357,-52,40,-23,1485,1498,-1.34,-0.68,0.0000,0.0000,0.0000,1
1.377,-52,39,-24,1485,1498,-1.34,-0.68,0.0000,0.0000,0.0000,1
1.395,-52,38,-24,1485,1498,-1.34,-0.68,0.0000,0.0000,0.0000,1
1.412,-51,38,-24,1485,1498,-1.34,-0.68,0.0000,0.0000,0.0000,1
1.429,-51,38,-23,1485,1498,-1.34,-0.68,0.0000,0.0000,0.0000,1
1.447,-51,37,-23,1485,1498,-1.34,-0.68,0.0000,0.0000,0.0000,1
1.464,-51,37,-23,1485,1498,-1.34,-0.68,0.0000,0.0000,0.0000,1
1.483,-51,37,-23,1485,1498,-0.83,-1.48,0.0000,0.0000,0.0000,1
1.502,-50,36,-23,1490,1498,-0.83,-1.48,0.0000,0.0000,0.0000,1
1.519,-51,36,-23,1485,1498,-0.83,-1.48,0.0000,0.0000,0.0000,1
1.538,-50,35,-23,1490,1498,-0.83,-1.48,0.0000,0.0000,0.0000,1
1.555,-50,35,-23,1490,1498,-0.83,-1.48,0.0000,0.0000,0.0000,1
1.572,-50,35,-23,1490,1498,-0.83,-1.48,0.0000,0.0000,0.0000,1
1.589,-50,36,-23,1490,1498,-0.83,-1.48,0.0000,0.0000,0.0000,1
1.607,-49,37,-23,1491,1498,-0.83,-1.48,0.0000,0.0000,0.0000,1
1.624,-48,38,-23,1491,1498,-0.83,-1.48,0.0000,0.0000,0.0000,1
1.642,-48,38,-23,1491,1498,-0.83,-1.48,0.0000,0.0000,0.0000,1
1.659,-47,38,-22,1491,1498,-0.83,-1.48,0.0000,0.0000,0.0000,1
1.677,-47,38,-22,1491,1498,-0.83,-1.48,0.0000,0.0000,0.0000,1
1.694,-46,39,-22,1491,1498,-0.83,-1.48,0.0000,0.0000,0.0000,1
1.711,-46,39,-22,1491,1498,-0.83,-1.48,0.0000,0.0000,0.0000,1
1.729,-45,39,-22,1491,1498,-0.51,-1.33,0.0000,0.0000,0.0000,1
1.746,-44,40,-23,1492,1498,-0.51,-1.33,0.0000,0.0000,0.0000,1
1.763,-44,41,-23,1492,1498,-0.51,-1.33,0.0000,0.0000,0.0000,1
1.780,-43,42,-22,1492,1498,-0.51,-1.33,0.0000,0.0000,0.0000,1
1.797,-43,43,-22,1492,1498,-0.51,-1.33,0.0000,0.0000,0.0000,1
1.815,-42,45,-22,1492,1498,-0.51,-1.33,0.0000,0.0000,0.0000,1
1.832,-41,46,-22,1492,1498,-0.51,-1.33,0.0000,0.0000,0.0000,1
1.849,-41,46,-22,1492,1498,-0.51,-1.33,0.0000,0.0000,0.0000,1
1.867,-41,47,-22,1492,1498,-0.51,-1.33,0.0000,0.0000,0.0000,1
1.885,-41,48,-22,1492,1498,-0.51,-1.33,0.0000,0.0000,0.0000,1
1.904,-41,49,-22,1492,1498,-0.51,-1.33,0.0000,0.0000,0.0000,1
1.922,-40,50,-22,1492,1498,-0.51,-1.33,0.0000,0.0000,0.0000,1
1.940,-40,51,-22,1492,1498,-0.51,-1.33,0.0000,0.0000,0.0000,1
1.957,-39,52,-22,1493,1498,-0.51,-1.33,0.0000,0.0000,0.0000,1
1.974,-38,52,-22,1493,1498,-0.46,-0.75,0.0000,0.0000,0.0000,1
1.992,-37,52,-21,1493,1498,-0.46,-0.75,0.0000,0.0000,0.0000,1
2.009,-37,53,-21,1493,1498,-0.46,-0.75,0.0000,0.0000,0.0000,1
2.026,-36,53,-21,1493,1498,-0.46,-0.75,0.0000,0.0000,0.0000,1
2.044,-35,54,-21,1493,1498,-0.46,-0.75,0.0000,0.0000,0.0000,1
2.061,-34,54,-21,1494,1498,-0.46,-0.75,0.0000,0.0000,0.0000,1
2.079,-33,55,-21,1494,1498,-0.46,-0.75,0.0000,0.0000,0.0000,1
2.097,-33,55,-20,1494,1498,-0.46,-0.75,0.0000,0.0000,0.0000,1
2.114,-32,56,-20,1494,1498,-0.46,-0.75,0.0000,0.0000,0.0000,1
2.131,-32,56,-20,1494,1498,-0.46,-0.75,0.0000,0.0000,0.0000,1
2.148,-31,56,-20,1494,1498,-0.46,-0.75,0.0000,0.0000,0.0000,1
2.166,-31,55,-20,1494,1498,-0.46,-0.75,0.0000,0.0000,0.0000,1
2.183,-30,55,-20,1494,1498,-0.46,-0.75,0.0000,0.0000,0.0000,1
2.201,-30,55,-20,1494,1498,-0.46,-0.75,0.0000,0.0000,0.0000,1
2.218,-28,55,-20,1495,1498,-0.57,-0.50,0.0000,0.0000,0.0000,1
2.235,-28,55,-20,1495,1498,-0.57,-0.50,0.0000,0.0000,0.0000,1
2.252,-27,55,-20,1495,1498,-0.57,-0.50,0.0000,0.0000,0.0000,1
2.269,-25,54,-20,1495,1498,-0.57,-0.50,0.0000,0.0000,0.0000,1
2.287,-25,54,-20,1495,1498,-0.57,-0.50,0.0000,0.0000,0.0000,1
2.304,-24,54,-20,1496,1498,-0.57,-0.50,0.0000,0.0000,0.0000,1
2.322,-23,55,-21,1496,1498,-0.57,-0.50,0.0000,0.0000,0.0000,1
2.339,-20,57,-20,1496,1498,-0.57,-0.50,0.0000,0.0000,0.0000,1
2.358,-19,58,-20,1497,1498,-0.57,-0.50,0.0000,0.0000,0.0000,1
2.376,-18,57,-19,1497,1499,-0.57,-0.50,0.0000,0.0000,0.0000,1
2.393,-17,56,-20,1497,1498,-0.57,-0.50,0.0000,0.0000,0.0000,1
2.410,-15,57,-20,1497,1498,-0.57,-0.50,0.0000,0.0000,0.0000,1
2.427,-15,58,-19,1497,1499,-0.57,-0.50,0.0000,0.0000,0.0000,1
2.445,-14,58,-20,1498,1498,-0.57,-0.50,0.0000,0.0000,0.0000,1
2.462,-15,59,-20,1497,1498,-0.57,-0.50,0.0000,0.0000,0.0000,1
2.479,-14,60,-20,1498,1498,-0.54,-0.18,0.0000,0.0000,0.0000,1
2.496,-14,62,-20,1498,1498,-0.54,-0.18,0.0000,0.0000,0.0000,0
0.017,-14,62,-20,1498,1498,-0.54,-0.18,0.0000,0.0000,0.0000,0
0.036,-13,62,-19,1498,1499,-0.54,-0.18,0.0000,0.0000,0.0000,0
0.054,-14,63,-19,1498,1499,-0.54,-0.18,0.0000,0.0000,0.0000,0
0.073,-14,64,-18,1498,1499,-0.54,-0.18,0.0000,0.0000,0.0000,0
0.090,-13,65,-18,1498,1499,-0.54,-0.18,0.0000,0.0000,0.0000,0
0.107,-13,64,-18,1498,1499,-0.54,-0.18,0.0000,0.0000,0.0000,0
0.125,-12,63,-18,1498,1499,-0.54,-0.18,0.0000,0.0000,0.0000,0
0.142,-12,62,-18,1498,1499,-0.54,-0.18,0.0000,0.0000,0.0000,0
0.160,-12,62,-18,1498,1499,-0.54,-0.18,0.0000,0.0000,0.0000,0
0.178,-11,61,-18,1498,1499,-0.54,-0.18,0.0000,0.0000,0.0000,0
0.196,-10,61,-19,1498,1499,-0.54,-0.18,0.0000,0.0000,0.0000,0
0.214,-10,62,-19,1498,1499,-0.54,-0.18,0.0000,0.0000,0.0000,0
0.231,-10,62,-19,1498,1499,-0.75,-0.42,0.0000,0.0000,0.0000,0
0.249,-9,62,-19,1499,1499,-0.75,-0.42,0.0000,0.0000,0.0000,0
0.267,-9,62,-19,1499,1499,-0.75,-0.42,0.0000,0.0000,0.0000,0
0.286,-9,62,-19,1499,1499,-0.75,-0.42,0.0000,0.0000,0.0000,0
0.304,-9,62,-19,1499,1499,-0.75,-0.42,0.0000,0.0000,0.0000,0
0.322,-8,63,-18,1499,1499,-0.75,-0.42,0.0000,0.0000,0.0000,0
0.340,-8,65,-18,1499,1499,-0.75,-0.42,0.0000,0.0000,0.0000,0
0.358,-6,65,-18,1499,1499,-0.75,-0.42,0.0000,0.0000,0.0000,0
0.375,-5,57,-18,1499,1499,-0.75,-0.42,0.0000,0.0000,0.0000,1
0.393,-5,55,-18,1499,1499,-0.75,-0.42,0.0000,0.0000,0.0000,1
0.410,-4,53,-18,1500,1499,-0.75,-0.42,0.0000,0.0000,0.0000,1
0.427,-3,51,-18,1500,1499,-0.75,-0.42,0.0000,0.0000,0.0000,1
0.445,-2,50,-18,1500,1499,-0.75,-0.42,0.0000,0.0000,0.0000,1
0.468,-2,50,-18,1500,1499,-0.75,-0.42,0.0000,0.0000,0.0000,1
0.489,-1,50,-18,1500,1499,-0.95,-1.28,0.0000,0.0000,0.0000,1
0.507,-1,50,-18,1500,1499,-0.95,-1.28,0.0000,0.0000,0.0000,1
0.525,0,50,-19,1500,1499,-0.95,-1.28,0.0000,0.0000,0.0000,1
0.546,0,52,-18,1500,1499,-0.95,-1.28,0.0000,0.0000,0.0000,1
0.565,0,55,-19,1500,1499,-0.95,-1.28,0.0000,0.0000,0.0000,1
0.583,1,56,-18,1500,1499,-0.95,-1.28,0.0000,0.0000,0.0000,1
0.600,2,57,-18,1500,1499,-0.95,-1.28,0.0000,0.0000,0.0000,1
0.617,1,58,-18,1500,1499,-0.95,-1.28,0.0000,0.0000,0.0000,1
0.635,1,59,-18,1500,1499,-0.95,-1.28,0.0000,0.0000,0.0000,1
0.654,1,58,-19,1500,1499,-0.95,-1.28,0.0000,0.0000,0.0000,1
0.672,0,57,-19,1500,1499,-0.95,-1.28,0.0000,0.0000,0.0000,1
0.689,-1,57,-19,1500,1499,-0.95,-1.28,0.0000,0.0000,0.0000,1
0.707,-1,57,-18,1500,1499,-0.95,-1.28,0.0000,0.0000,0.0000,1
0.725,-2,56,-19,1500,1499,-0.90,-0.99,0.0000,0.0000,0.0000,1
0.742,-3,54,-18,1500,1499,-0.90,-0.99,0.0000,0.0000,0.0000,1
0.760,-4,52,-19,1500,1499,-0.90,-0.99,0.0000,0.0000,0.0000,1
0.777,-5,50,-19,1499,1499,-0.90,-0.99,0.0000,0.0000,0.0000,1
0.795,-7,48,-19,1499,1499,-0.90,-0.99,0.0000,0.0000,0.0000,1
0.813,-9,45,-19,1499,1499,-0.90,-0.99,0.0000,0.0000,0.0000,1
0.831,-10,43,-20,1498,1498,-0.90,-0.99,0.0000,0.0000,0.0000,1
0.849,-12,42,-20,1498,1498,-0.90,-0.99,0.0000,0.0000,0.0000,1
0.868,-13,41,-20,1498,1498,-0.90,-0.99,0.0000,0.0000,0.0000,1
0.885,-14,40,-20,1498,1498,-0.90,-0.99,0.0000,0.0000,0.0000,1
0.902,-16,40,-20,1497,1498,-0.90,-0.99,0.0000,0.0000,0.0000,1
0.919,-17,39,-21,1497,1498,-0.90,-0.99,0.0000,0.0000,0.0000,1
0.937,-18,39,-21,1497,1498,-0.90,-0.99,0.0000,0.0000,0.0000,1
0.955,-18,40,-21,1497,1498,-0.90,-0.99,0.0000,0.0000,0.0000,1
0.973,-19,39,-21,1497,1498,-0.52,-1.38,0.0000,0.0000,0.0000,1
0.995,-20,39,-20,1496,1498,-0.52,-1.38,0.0000,0.0000,0.0000,1
1.018,-21,38,-22,1496,1498,-0.52,-1.38,0.0000,0.0000,0.0000,1
1.035,-22,39,-21,1496,1498,-0.52,-1.38,0.0000,0.0000,0.0000,1
1.052,-22,39,-21,1496,1498,-0.52,-1.38,0.0000,0.0000,0.0000,1
1.069,-23,39,-22,1496,1498,-0.52,-1.38,0.0000,0.0000,0.0000,1
1.087,-23,40,-22,1496,1498,-0.52,-1.38,0.0000,0.0000,0.0000,1
1.104,-24,40,-21,1496,1498,-0.52,-1.38,0.0000,0.0000,0.0000,1
1.122,-24,41,-22,1496,1498,-0.52,-1.38,0.0000,0.0000,0.0000,1
1.140,-24,41,-22,1496,1498,-0.52,-1.38,0.0000,0.0000,0.0000,1
1.158,-25,42,-22,1495,1498,-0.52,-1.38,0.0000,0.0000,0.0000,1
1.175,-25,43,-22,1495,1498,-0.52,-1.38,0.0000,0.0000,0.0000,1
1.193,-26,43,-21,1495,1498,-0.52,-1.38,0.0000,0.0000,0.0000,1
1.212,-26,44,-22,1495,1498,-0.52,-1.38,0.0000,0.0000,0.0000,1
1.233,-27,45,-21,1495,1498,-0.46,-1.25,0.0000,0.0000,0.0000,1
1.252,-28,46,-21,1495,1498,-0.46,-1.25,0.0000,0.0000,0.0000,1
1.270,-29,46,-22,1495,1498,-0.46,-1.25,0.0000,0.0000,0.0000,1
1.287,-30,47,-21,1494,1498,-0.46,-1.25,0.0000,0.0000,0.0000,1
1.304,-32,47,-22,1494,1498,-0.46,-1.25,0.0000,0.0000,0.0000,1
1.322,-32,47,-22,1494,1498,-0.46,-1.25,0.0000,0.0000,0.0000,1
1.339,-33,47,-23,1494,1498,-0.46,-1.25,0.0000,0.0000,0.0000,1
1.356,-34,48,-22,1494,1498,-0.46,-1.25,0.0000,0.0000,0.0000,1
1.375,-35,48,-21,1493,1498,-0.46,-1.25,0.0000,0.0000,0.0000,1
1.393,-36,49,-22,1493,1498,-0.46,-1.25,0.0000,0.0000,0.0000,1
1.410,-38,48,-23,1493,1498,-0.46,-1.25,0.0000,0.0000,0.0000,1
1.430,-39,48,-23,1493,1498,-0.46,-1.25,0.0000,0.0000,0.0000,1
1.449,-39,47,-22,1493,1498,-0.46,-1.25,0.0000,0.0000,0.0000,1
1.467,-40,47,-22,1492,1498,-0.60,-1.44,0.0000,0.0000,0.0000,1
1.485,-41,47,-22,1492,1498,-0.60,-1.44,0.0000,0.0000,0.0000,1
1.502,-42,46,-23,1492,1498,-0.60,-1.44,0.0000,0.0000,0.0000,1
1.520,-43,46,-23,1492,1498,-0.60,-1.44,0.0000,0.0000,0.0000,1
1.537,-43,46,-23,1492,1498,-0.60,-1.44,0.0000,0.0000,0.0000,1
1.554,-45,45,-23,1491,1498,-0.60,-1.44,0.0000,0.0000,0.0000,1
1.571,-46,45,-22,1491,1498,-0.60,-1.44,0.0000,0.0000,0.0000,1
1.588,-47,44,-22,1491,1498,-0.60,-1.44,0.0000,0.0000,0.0000,1
1.607,-49,43,-23,1491,1498,-0.60,-1.44,0.0000,0.0000,0.0000,1
1.624,-50,42,-23,1490,1498,-0.60,-1.44,0.0000,0.0000,0.0000,1
1.642,-50,42,-23,1490,1498,-0.60,-1.44,0.0000,0.0000,0.0000,1
1.660,-52,41,-23,1485,1498,-0.60,-1.44,0.0000,0.0000,0.0000,1
1.679,-53,41,-22,1485,1498,-0.60,-1.44,0.0000,0.0000,0.0000,1
1.697,-54,41,-22,1484,1498,-0.60,-1.44,0.0000,0.0000,0.0000,1
1.716,-54,40,-22,1484,1498,-0.10,-1.93,0.0000,0.0000,0.0000,1
1.733,-55,41,-22,1484,1498,-0.10,-1.93,0.0000,0.0000,0.0000,1
1.750,-55,40,-22,1484,1498,-0.10,-1.93,0.0000,0.0000,0.0000,1
1.768,-55,40,-22,1484,1498,-0.10,-1.93,0.0000,0.0000,0.0000,1
1.786,-55,41,-23,1484,1498,-0.10,-1.93,0.0000,0.0000,0.0000,1
1.805,-55,41,-23,1484,1498,-0.10,-1.93,0.0000,0.0000,0.0000,1
1.822,-55,41,-23,1484,1498,-0.10,-1.93,0.0000,0.0000,0.0000,1
1.841,-56,41,-22,1484,1498,-0.10,-1.93,0.0000,0.0000,0.0000,1
1.858,-56,41,-22,1484,1498,-0.10,-1.93,0.0000,0.0000,0.0000,1
1.875,-56,41,-22,1484,1498,-0.10,-1.93,0.0000,0.0000,0.0000,1
1.893,-57,42,-21,1483,1498,-0.10,-1.93,0.0000,0.0000,0.0000,1
1.911,-57,42,-21,1483,1498,-0.10,-1.93,0.0000,0.0000,0.0000,1
1.928,-57,42,-22,1483,1498,-0.10,-1.93,0.0000,0.0000,0.0000,1
1.945,-57,42,-21,1483,1498,-0.10,-1.93,0.0000,0.0000,0.0000,1
1.962,-58,42,-22,1483,1498,-0.10,-1.93,0.0000,0.0000,0.0000,1
1.979,-58,43,-21,1483,1498,-0.21,-1.87,0.0000,0.0000,0.0000,1
1.997,-58,43,-21,1483,1498,-0.21,-1.87,0.0000,0.0000,0.0000,1
2.017,-59,44,-22,1483,1498,-0.21,-1.87,0.0000,0.0000,0.0000,1
2.036,-59,44,-22,1483,1498,-0.21,-1.87,0.0000,0.0000,0.0000,1
2.053,-59,44,-22,1483,1498,-0.21,-1.87,0.0000,0.0000,0.0000,1
2.070,-60,45,-21,1482,1498,-0.21,-1.87,0.0000,0.0000,0.0000,1
2.090,-60,45,-21,1482,1498,-0.21,-1.87,0.0000,0.0000,0.0000,1
2.108,-60,44,-20,1482,1498,-0.21,-1.87,0.0000,0.0000,0.0000,1
2.125,-60,44,-20,1482,1498,-0.21,-1.87,0.0000,0.0000,0.0000,1
2.144,-61,44,-20,1482,1498,-0.21,-1.87,0.0000,0.0000,0.0000,0
0.017,-61,44,-20,1482,1498,-0.21,-1.87,0.0000,0.0000,0.0000,0
0.034,-61,44,-20,1482,1498,-0.21,-1.87,0.0000,0.0000,0.0000,0
0.051,-61,44,-20,1482,1498,-0.21,-1.87,0.0000,0.0000,0.0000,0
0.068,-61,45,-20,1482,1498,-0.21,-1.87,0.0000,0.0000,0.0000,0
0.085,-61,45,-20,1482,1498,-0.05,-1.60,0.0000,0.0000,0.0000,0
0.103,-61,46,-21,1482,1498,-0.05,-1.60,0.0000,0.0000,0.0000,0
0.120,-61,46,-21,1482,1498,-0.05,-1.60,0.0000,0.0000,0.0000,0
0.138,-61,47,-21,1482,1498,-0.05,-1.60,0.0000,0.0000,0.0000,0
0.159,-60,48,-21,1482,1498,-0.05,-1.60,0.0000,0.0000,0.0000,1
0.177,-60,49,-20,1482,1498,-0.05,-1.60,0.0000,0.0000,0.0000,1
0.195,-59,50,-19,1483,1499,-0.05,-1.60,0.0000,0.0000,0.0000,1
0.213,-59,52,-19,1483,1499,-0.05,-1.60,0.0000,0.0000,0.0000,1
0.230,-59,52,-19,1483,1499,-0.05,-1.60,0.0000,0.0000,0.0000,1
0.248,-57,54,-19,1483,1499,-0.05,-1.60,0.0000,0.0000,0.0000,1
0.265,-56,55,-18,1484,1499,-0.05,-1.60,0.0000,0.0000,0.0000,1
0.282,-55,56,-18,1484,1499,-0.05,-1.60,0.0000,0.0000,0.0000,1
0.300,-54,57,-18,1484,1499,-0.05,-1.60,0.0000,0.0000,0.0000,1
0.318,-53,58,-18,1485,1499,-0.05,-1.60,0.0000,0.0000,0.0000,1
0.335,-52,59,-18,1485,1499,-0.16,-0.44,0.0000,0.0000,0.0000,1
0.353,-52,60,-17,1485,1499,-0.16,-0.44,0.0000,0.0000,0.0000,1
0.371,-51,61,-17,1485,1499,-0.16,-0.44,0.0000,0.0000,0.0000,0
0.018,-50,61,-17,1490,1499,-0.16,-0.44,0.0000,0.0000,0.0000,0
0.037,-49,61,-17,1491,1499,-0.16,-0.44,0.0000,0.0000,0.0000,0
0.056,-48,61,-18,1491,1499,-0.16,-0.44,0.0000,0.0000,0.0000,0
0.074,-48,61,-18,1491,1499,-0.16,-0.44,0.0000,0.0000,0.0000,0
0.091,-48,61,-16,1491,1499,-0.16,-0.44,0.0000,0.0000,0.0000,0
0.108,-48,60,-16,1491,1499,-0.16,-0.44,0.0000,0.0000,0.0000,1
0.126,-49,59,-16,1491,1499,-0.16,-0.44,0.0000,0.0000,0.0000,1
0.143,-49,59,-16,1491,1499,-0.16,-0.44,0.0000,0.0000,0.0000,1
0.161,-50,57,-18,1490,1499,-0.16,-0.44,0.0000,0.0000,0.0000,1
0.178,-51,57,-17,1485,1499,-0.16,-0.44,0.0000,0.0000,0.0000,1
0.195,-52,57,-16,1485,1499,-0.16,-0.44,0.0000,0.0000,0.0000,1
0.213,-52,57,-16,1485,1499,-0.48,-0.22,0.0000,0.0000,0.0000,1
0.230,-52,57,-15,1485,1499,-0.48,-0.22,0.0000,0.0000,0.0000,1
0.251,-53,56,-15,1485,1499,-0.48,-0.22,0.0000,0.0000,0.0000,1
0.269,-53,56,-15,1485,1499,-0.48,-0.22,0.0000,0.0000,0.0000,1
0.286,-54,55,-15,1484,1499,-0.48,-0.22,0.0000,0.0000,0.0000,1
0.303,-54,55,-15,1484,1499,-0.48,-0.22,0.0000,0.0000,0.0000,1
0.321,-55,54,-15,1484,1499,-0.48,-0.22,0.0000,0.0000,0.0000,1
0.338,-56,52,-16,1484,1499,-0.48,-0.22,0.0000,0.0000,0.0000,1
0.355,-57,52,-15,1483,1499,-0.48,-0.22,0.0000,0.0000,0.0000,1
0.373,-57,51,-15,1483,1499,-0.48,-0.22,0.0000,0.0000,0.0000,1
0.391,-57,50,-14,1483,1499,-0.48,-0.22,0.0000,0.0000,0.0000,1
0.409,-58,50,-14,1483,1499,-0.48,-0.22,0.0000,0.0000,0.0000,1
0.426,-57,50,-14,1483,1499,-0.48,-0.22,0.0000,0.0000,0.0000,1
0.443,-57,50,-14,1483,1499,-0.48,-0.22,0.0000,0.0000,0.0000,1
0.461,-57,50,-14,1483,1499,-0.35,-0.13,0.0000,0.0000,0.0000,1
0.483,-57,49,-14,1483,1499,-0.35,-0.13,0.0000,0.0000,0.0000,1
0.501,-57,49,-14,1483,1499,-0.35,-0.13,0.0000,0.0000,0.0000,1
0.520,-57,49,-15,1483,1499,-0.35,-0.13,0.0000,0.0000,0.0000,1
0.538,-58,48,-15,1483,1499,-0.35,-0.13,0.0000,0.0000,0.0000,1
0.555,-58,48,-14,1483,1499,-0.35,-0.13,0.0000,0.0000,0.0000,1
0.573,-58,48,-13,1483,1499,-0.35,-0.13,0.0000,0.0000,0.0000,1
0.590,-59,47,-13,1483,1499,-0.35,-0.13,0.0000,0.0000,0.0000,1
0.608,-59,47,-13,1483,1499,-0.35,-0.13,0.0000,0.0000,0.0000,1
0.625,-59,46,-13,1483,1499,-0.35,-0.13,0.0000,0.0000,0.0000,1
0.644,-59,46,-13,1483,1499,-0.35,-0.13,0.0000,0.0000,0.0000,1
0.661,-59,45,-13,1483,1499,-0.35,-0.13,0.0000,0.0000,0.0000,1
0.680,-60,45,-13,1482,1499,-0.35,-0.13,0.0000,0.0000,0.0000,1
0.698,-60,44,-13,1482,1499,-0.59,0.12,0.0000,0.0000,0.0000,1
0.715,-60,44,-13,1482,1499,-0.59,0.12,0.0000,0.0000,0.0000,1
0.734,-61,44,-13,1482,1499,-0.59,0.12,0.0000,0.0000,0.0000,0
0.018,-61,43,-13,1482,1499,-0.59,0.12,0.0000,0.0000,0.0000,0
0.036,-63,42,-14,1482,1499,-0.59,0.12,0.0000,0.0000,0.0000,0
0.054,-63,41,-14,1482,1499,-0.59,0.12,0.0000,0.0000,0.0000,0
0.071,-64,40,-14,1481,1499,-0.59,0.12,0.0000,0.0000,0.0000,0
0.089,-65,40,-13,1481,1499,-0.59,0.12,0.0000,0.0000,0.0000,0
0.107,-65,39,-13,1481,1499,-0.59,0.12,0.0000,0.0000,0.0000,0
0.124,-66,38,-13,1481,1499,-0.59,0.12,0.0000,0.0000,0.0000,0
0.142,-66,38,-13,1481,1499,-0.59,0.12,0.0000,0.0000,0.0000,0
0.159,-68,37,-13,1480,1499,-0.59,0.12,0.0000,0.0000,0.0000,0
0.178,-68,36,-13,1480,1499,-0.59,0.12,0.0000,0.0000,0.0000,0
0.195,-69,36,-13,1480,1499,-0.59,0.12,0.0000,0.0000,0.0000,0
0.217,-69,34,-13,1480,1499,-0.47,0.04,0.0000,0.0000,0.0000,0
0.234,-69,34,-13,1480,1499,-0.47,0.04,0.0000,0.0000,0.0000,0
0.253,-70,33,-13,1479,1499,-0.47,0.04,0.0000,0.0000,0.0000,0
0.270,-70,31,-13,1479,1499,-0.47,0.04,0.0000,0.0000,0.0000,0
0.288,-70,29,-13,1479,1499,-0.47,0.04,0.0000,0.0000,0.0000,0
0.306,-70,27,-13,1479,1499,-0.47,0.04,0.0000,0.0000,0.0000,0
0.323,-70,27,-13,1479,1499,-0.47,0.04,0.0000,0.0000,0.0000,0
0.341,-70,26,-13,1479,1499,-0.47,0.04,0.0000,0.0000,0.0000,0
0.359,-70,24,-13,1479,1499,-0.47,0.04,0.0000,0.0000,0.0000,0
0.376,-70,23,-12,1479,1499,-0.47,0.04,0.0000,0.0000,0.0000,0
0.394,-69,23,-12,1480,1499,-0.47,0.04,0.0000,0.0000,0.0000,0
0.411,-69,23,-12,1480,1499,-0.47,0.04,0.0000,0.0000,0.0000,0
0.428,-69,22,-12,1480,1499,-0.47,0.04,0.0000,0.0000,0.0000,0
0.445,-68,21,-12,1480,1499,-0.47,0.04,0.0000,0.0000,0.0000,0
0.462,-68,20,-11,1480,1499,-0.30,-0.12,0.0000,0.0000,0.0000,0
0.481,-68,19,-12,1480,1499,-0.30,-0.12,0.0000,0.0000,0.0000,0
0.499,-67,19,-11,1480,1499,-0.30,-0.12,0.0000,0.0000,0.0000,0
0.517,-67,18,-12,1480,1499,-0.30,-0.12,0.0000,0.0000,0.0000,0
0.536,-66,17,-11,1481,1499,-0.30,-0.12,0.0000,0.0000,0.0000,0
0.554,-65,17,-11,1481,1499,-0.30,-0.12,0.0000,0.0000,0.0000,0
0.572,-64,16,-12,1481,1499,-0.30,-0.12,0.0000,0.0000,0.0000,0
0.590,-63,15,-11,1482,1499,-0.30,-0.12,0.0000,0.0000,0.0000,0
0.608,-61,14,-12,1482,1499,-0.30,-0.12,0.0000,0.0000,0.0000,0
0.626,-59,11,-12,1483,1499,-0.30,-0.12,0.0000,0.0000,0.0000,1
0.644,-58,10,-13,1483,1499,-0.30,-0.12,0.0000,0.0000,0.0000,1
0.662,-57,9,-13,1483,1499,-0.30,-0.12,0.0000,0.0000,0.0000,1
0.680,-56,8,-14,1484,1499,-0.30,-0.12,0.0000,0.0000,0.0000,1
0.697,-55,8,-14,1484,1499,-0.30,-0.12,0.0000,0.0000,0.0000,1
0.715,-54,7,-14,1484,1499,0.03,-0.55,0.0000,0.0000,0.0000,1
0.732,-52,6,-13,1485,1499,0.03,-0.55,0.0000,0.0000,0.0000,1
0.750,-51,5,-14,1485,1499,0.03,-0.55,0.0000,0.0000,0.0000,1
0.767,-49,4,-14,1491,1499,0.03,-0.55,0.0000,0.0000,0.0000,1
0.786,-48,3,-14,1491,1499,0.03,-0.55,0.0000,0.0000,0.0000,1
0.805,-46,3,-14,1491,1499,0.03,-0.55,0.0000,0.0000,0.0000,1
0.824,-45,1,-14,1491,1499,0.03,-0.55,0.0000,0.0000,0.0000,1
0.844,-42,0,-15,1492,1499,0.03,-0.55,0.0000,0.0000,0.0000,1
0.863,-41,-1,-15,1492,1499,0.03,-0.55,0.0000,0.0000,0.0000,1
0.882,-40,-1,-15,1492,1499,0.03,-0.55,0.0000,0.0000,0.0000,1
0.899,-39,-2,-15,1493,1499,0.03,-0.55,0.0000,0.0000,0.0000,1
0.916,-37,-2,-15,1493,1499,0.03,-0.55,0.0000,0.0000,0.0000,1
0.935,-36,-2,-14,1493,1499,0.03,-0.55,0.0000,0.0000,0.0000,1
0.952,-35,-2,-14,1493,1499,0.03,-0.55,0.0000,0.0000,0.0000,1
0.969,-34,-2,-13,1494,1499,0.30,-0.70,0.0000,0.0000,0.0000,1
0.989,-33,-2,-13,1494,1499,0.30,-0.70,0.0000,0.0000,0.0000,1
1.010,-31,-2,-14,1494,1499,0.30,-0.70,0.0000,0.0000,0.0000,1
1.028,-30,-2,-14,1494,1499,0.30,-0.70,0.0000,0.0000,0.0000,1
1.048,-29,-1,-14,1495,1499,0.30,-0.70,0.0000,0.0000,0.0000,1
1.066,-28,-1,-13,1495,1499,0.30,-0.70,0.0000,0.0000,0.0000,1
1.083,-27,-1,-14,1495,1499,0.30,-0.70,0.0000,0.0000,0.0000,1
1.100,-26,0,-13,1495,1499,0.30,-0.70,0.0000,0.0000,0.0000,1
1.118,-25,0,-13,1495,1499,0.30,-0.70,0.0000,0.0000,0.0000,1
1.135,-24,0,-13,1496,1499,0.30,-0.70,0.0000,0.0000,0.0000,1
1.153,-24,0,-12,1496,1499,0.30,-0.70,0.0000,0.0000,0.0000,1
1.171,-23,0,-12,1496,1499,0.30,-0.70,0.0000,0.0000,0.0000,1
1.188,-23,-1,-11,1496,1499,0.30,-0.70,0.0000,0.0000,0.0000,1
1.209,-23,-1,-11,1496,1499,0.30,-0.70,0.0000,0.0000,0.0000,1
1.226,-23,-1,-11,1496,1499,0.86,-0.31,0.0000,0.0000,0.0000,1
1.244,-23,-2,-11,1496,1499,0.86,-0.31,0.0000,0.0000,0.0000,1
1.261,-23,-2,-11,1496,1499,0.86,-0.31,0.0000,0.0000,0.0000,1
1.279,-22,-2,-12,1496,1499,0.86,-0.31,0.0000,0.0000,0.0000,1
1.297,-22,-2,-12,1496,1499,0.86,-0.31,0.0000,0.0000,0.0000,1
1.314,-22,-2,-12,1496,1499,0.86,-0.31,0.0000,0.0000,0.0000,1
1.335,-22,-2,-12,1496,1499,0.86,-0.31,0.0000,0.0000,0.0000,1
1.353,-21,-2,-12,1496,1499,0.86,-0.31,0.0000,0.0000,0.0000,1
1.372,-20,-2,-12,1496,1499,0.86,-0.31,0.0000,0.0000,0.0000,1
1.389,-20,-2,-12,1496,1499,0.86,-0.31,0.0000,0.0000,0.0000,1
1.407,-20,-2,-12,1496,1499,0.86,-0.31,0.0000,0.0000,0.0000,1
1.424,-19,-2,-12,1497,1499,0.86,-0.31,0.0000,0.0000,0.0000,1
1.442,-18,-1,-11,1497,1499,0.86,-0.31,0.0000,0.0000,0.0000,1
1.460,-17,-1,-11,1497,1499,0.86,-0.31,0.0000,0.0000,0.0000,1
1.479,-16,-2,-11,1497,1499,1.19,0.03,0.0000,0.0000,0.0000,1
1.496,-16,-1,-10,1497,1499,1.19,0.03,0.0000,0.0000,0.0000,1
1.514,-15,-1,-11,1497,1499,1.19,0.03,0.0000,0.0000,0.0000,1
1.532,-15,0,-10,1497,1499,1.19,0.03,0.0000,0.0000,0.0000,1
1.549,-15,1,-10,1497,1499,1.19,0.03,0.0000,0.0000,0.0000,1
1.567,-15,2,-10,1497,1499,1.19,0.03,0.0000,0.0000,0.0000,1
1.585,-15,3,-10,1497,1499,1.19,0.03,0.0000,0.0000,0.0000,1
1.602,-15,3,-11,1497,1499,1.19,0.03,0.0000,0.0000,0.0000,1
1.620,-15,3,-10,1497,1499,1.19,0.03,0.0000,0.0000,0.0000,1
1.637,-16,3,-10,1497,1499,1.19,0.03,0.0000,0.0000,0.0000,1
1.654,-16,3,-10,1497,1499,1.19,0.03,0.0000,0.0000,0.0000,1
1.672,-17,2,-10,1497,1499,1.19,0.03,0.0000,0.0000,0.0000,1
1.689,-18,1,-10,1497,1499,1.19,0.03,0.0000,0.0000,0.0000,1
1.707,-18,0,-10,1497,1499,1.19,0.03,0.0000,0.0000,0.0000,1
1.725,-18,0,-10,1497,1499,1.13,0.24,0.0000,0.0000,0.0000,1
1.745,-19,-1,-10,1497,1499,1.13,0.24,0.0000,0.0000,0.0000,1
1.763,-19,-1,-10,1497,1499,1.13,0.24,0.0000,0.0000,0.0000,1
1.785,-20,-2,-9,1496,1500,1.13,0.24,0.0000,0.0000,0.0000,1
1.803,-20,-2,-10,1496,1499,1.13,0.24,0.0000,0.0000,0.0000,1
1.822,-21,-4,-10,1496,1499,1.13,0.24,0.0000,0.0000,0.0000,1
1.841,-22,-5,-9,1496,1500,1.13,0.24,0.0000,0.0000,0.0000,1
1.859,-22,-5,-10,1496,1499,1.13,0.24,0.0000,0.0000,0.0000,1
1.877,-23,-6,-10,1496,1499,1.13,0.24,0.0000,0.0000,0.0000,1
1.894,-23,-7,-10,1496,1499,1.13,0.24,0.0000,0.0000,0.0000,1
1.912,-23,-7,-10,1496,1499,1.13,0.24,0.0000,0.0000,0.0000,1
1.930,-23,-8,-10,1496,1499,1.13,0.24,0.0000,0.0000,0.0000,1
1.947,-23,-8,-11,1496,1499,1.13,0.24,0.0000,0.0000,0.0000,1
1.965,-24,-8,-11,1496,1499,0.87,0.08,0.0000,0.0000,0.0000,1
1.982,-23,-9,-11,1496,1499,0.87,0.08,0.0000,0.0000,0.0000,1
2.000,-23,-10,-10,1496,1499,0.87,0.08,0.0000,0.0000,0.0000,1
2.018,-23,-10,-10,1496,1499,0.87,0.08,0.0000,0.0000,0.0000,1
2.036,-24,-11,-10,1496,1499,0.87,0.08,0.0000,0.0000,0.0000,1
2.054,-25,-12,-10,1495,1499,0.87,0.08,0.0000,0.0000,0.0000,1
2.071,-25,-13,-10,1495,1499,0.87,0.08,0.0000,0.0000,0.0000,1
2.091,-26,-14,-10,1495,1499,0.87,0.08,0.0000,0.0000,0.0000,1
2.108,-26,-15,-10,1495,1499,0.87,0.08,0.0000,0.0000,0.0000,1
2.126,-26,-15,-10,1495,1499,0.87,0.08,0.0000,0.0000,0.0000,1
2.143,-27,-17,-10,1495,1499,0.87,0.08,0.0000,0.0000,0.0000,1
2.160,-28,-17,-10,1495,1499,0.87,0.08,0.0000,0.0000,0.0000,1
2.178,-29,-17,-10,1495,1499,0.87,0.08,0.0000,0.0000,0.0000,1
2.196,-29,-17,-10,1495,1499,0.87,0.08,0.0000,0.0000,0.0000,1
2.213,-30,-17,-10,1494,1499,0.64,-0.16,0.0000,0.0000,0.0000,1
2.230,-30,-18,-10,1494,1499,0.64,-0.16,0.0000,0.0000,0.0000,1
2.247,-30,-18,-10,1494,1499,0.64,-0.16,0.0000,0.0000,0.0000,1
2.267,-31,-18,-11,1494,1499,0.64,-0.16,0.0000,0.0000,0.0000,1
2.284,-32,-18,-11,1494,1499,0.64,-0.16,0.0000,0.0000,0.0000,1
2.301,-33,-19,-11,1494,1499,0.64,-0.16,0.0000,0.0000,0.0000,1
2.319,-33,-19,-11,1494,1499,0.64,-0.16,0.0000,0.0000,0.0000,1
2.336,-34,-19,-12,1494,1499,0.64,-0.16,0.0000,0.0000,0.0000,1
2.354,-37,-20,-13,1493,1499,0.64,-0.16,0.0000,0.0000,0.0000,1
2.371,-39,-20,-12,1493,1499,0.64,-0.16,0.0000,0.0000,0.0000,1
2.388,-40,-21,-12,1492,1499,0.64,-0.16,0.0000,0.0000,0.0000,1
2.405,-43,-22,-11,1492,1499,0.64,-0.16,0.0000,0.0000,0.0000,1
2.422,-44,-22,-11,1492,1499,0.64,-0.16,0.0000,0.0000,0.0000,1
2.439,-45,-22,-11,1491,1499,0.64,-0.16,0.0000,0.0000,0.0000,1
2.457,-46,-22,-11,1491,1499,0.64,-0.16,0.0000,0.0000,0.0000,1
2.476,-46,-22,-11,1491,1499,0.91,-0.25,0.0000,0.0000,0.0000,1
2.496,-47,-22,-11,1491,1499,0.91,-0.25,0.0000,0.0000,0.0000,1
2.513,-47,-22,-11,1491,1499,0.91,-0.25,0.0000,0.0000,0.0000,1
2.530,-47,-21,-11,1491,1499,0.91,-0.25,0.0000,0.0000,0.0000,1
2.547,-48,-21,-11,1491,1499,0.91,-0.25,0.0000,0.0000,0.0000,1
2.565,-48,-21,-11,1491,1499,0.91,-0.25,0.0000,0.0000,0.0000,1
2.583,-48,-20,-11,1491,1499,0.91,-0.25,0.0000,0.0000,0.0000,1
2.600,-48,-20,-11,1491,1499,0.91,-0.25,0.0000,0.0000,0.0000,1
2.617,-48,-20,-11,1491,1499,0.91,-0.25,0.0000,0.0000,0.0000,1
2.634,-48,-20,-11,1491,1499,0.91,-0.25,0.0000,0.0000,0.0000,1
2.652,-48,-20,-10,1491,1499,0.91,-0.25,0.0000,0.0000,0.0000,1
2.669,-48,-20,-11,1491,1499,0.91,-0.25,0.0000,0.0000,0.0000,1
2.687,-48,-20,-11,1491,1499,0.91,-0.25,0.0000,0.0000,0.0000,1
2.704,-48,-20,-11,1491,1499,0.91,-0.25,0.0000,0.0000,0.0000,1
2.721,-47,-20,-10,1491,1499,0.90,-0.21,0.0000,0.0000,0.0000,1
2.740,-47,-20,-10,1491,1499,0.90,-0.21,0.0000,0.0000,0.0000,1
2.758,-47,-20,-10,1491,1499,0.90,-0.21,0.0000,0.0000,0.0000,1
2.775,-47,-20,-10,1491,1499,0.90,-0.21,0.0000,0.0000,0.0000,1
2.794,-46,-20,-10,1491,1499,0.90,-0.21,0.0000,0.0000,0.0000,1
2.812,-45,-20,-10,1491,1499,0.90,-0.21,0.0000,0.0000,0.0000,1
2.829,-45,-20,-11,1491,1499,0.90,-0.21,0.0000,0.0000,0.0000,1
2.848,-44,-20,-10,1492,1499,0.90,-0.21,0.0000,0.0000,0.0000,1
2.865,-43,-20,-12,1492,1499,0.90,-0.21,0.0000,0.0000,0.0000,1
2.883,-43,-20,-13,1492,1499,0.90,-0.21,0.0000,0.0000,0.0000,1
2.901,-43,-21,-13,1492,1499,0.90,-0.21,0.0000,0.0000,0.0000,1
2.918,-43,-21,-12,1492,1499,0.90,-0.21,0.0000,0.0000,0.0000,1
2.935,-44,-22,-11,1492,1499,0.90,-0.21,0.0000,0.0000,0.0000,1
2.953,-45,-23,-10,1491,1499,0.90,-0.21,0.0000,0.0000,0.0000,1
2.971,-46,-23,-11,1491,1499,0.46,-0.58,0.0000,0.0000,0.0000,1
2.989,-47,-23,-10,1491,1499,0.46,-0.58,0.0000,0.0000,0.0000,1
3.006,-48,-24,-11,1491,1499,0.46,-0.58,0.0000,0.0000,0.0000,1
3.024,-49,-25,-11,1491,1499,0.46,-0.58,0.0000,0.0000,0.0000,1
3.041,-50,-25,-11,1490,1499,0.46,-0.58,0.0000,0.0000,0.0000,1
3.060,-51,-24,-13,1485,1499,0.46,-0.58,0.0000,0.0000,0.0000,1
3.077,-52,-24,-11,1485,1499,0.46,-0.58,0.0000,0.0000,0.0000,1
3.094,-53,-23,-10,1485,1499,0.46,-0.58,0.0000,0.0000,0.0000,1
3.113,-53,-22,-10,1485,1499,0.46,-0.58,0.0000,0.0000,0.0000,1
3.130,-54,-21,-10,1484,1499,0.46,-0.58,0.0000,0.0000,0.0000,1
3.148,-55,-20,-11,1484,1499,0.46,-0.58,0.0000,0.0000,0.0000,1
3.166,-55,-19,-11,1484,1499,0.46,-0.58,0.0000,0.0000,0.0000,1
3.185,-56,-18,-10,1484,1499,0.46,-0.58,0.0000,0.0000,0.0000,1
3.202,-56,-16,-10,1484,1499,0.46,-0.58,0.0000,0.0000,0.0000,1
3.220,-57,-15,-10,1483,1499,0.02,-0.37,0.0000,0.0000,0.0000,1
3.237,-58,-13,-10,1483,1499,0.02,-0.37,0.0000,0.0000,0.0000,1
3.254,-58,-12,-11,1483,1499,0.02,-0.37,0.0000,0.0000,0.0000,1
3.271,-59,-10,-10,1483,1499,0.02,-0.37,0.0000,0.0000,0.0000,1
3.289,-59,-8,-10,1483,1499,0.02,-0.37,0.0000,0.0000,0.0000,1
3.306,-60,-5,-10,1482,1499,0.02,-0.37,0.0000,0.0000,0.0000,1
3.324,-61,-4,-10,1482,1499,0.02,-0.37,0.0000,0.0000,0.0000,0
0.017,-61,-2,-11,1482,1499,0.02,-0.37,0.0000,0.0000,0.0000,0
0.034,-61,0,-11,1482,1499,0.02,-0.37,0.0000,0.0000,0.0000,0
0.051,-62,1,-10,1482,1499,0.02,-0.37,0.0000,0.0000,0.0000,0
0.068,-63,2,-9,1482,1500,0.02,-0.37,0.0000,0.0000,0.0000,0
0.089,-64,3,-9,1481,1500,0.02,-0.37,0.0000,0.0000,0.0000,0
0.108,-65,4,-9,1481,1500,0.02,-0.37,0.0000,0.0000,0.0000,0
0.126,-65,5,-9,1481,1500,0.02,-0.37,0.0000,0.0000,0.0000,0
0.143,-66,6,-9,1481,1500,0.29,0.19,0.0000,0.0000,0.0000,0
0.162,-66,6,-9,1481,1500,0.29,0.19,0.0000,0.0000,0.0000,0
0.179,-66,7,-10,1481,1499,0.29,0.19,0.0000,0.0000,0.0000,0
0.197,-66,8,-10,1481,1499,0.29,0.19,0.0000,0.0000,0.0000,0
0.214,-66,9,-8,1481,1500,0.29,0.19,0.0000,0.0000,0.0000,0
0.231,-65,10,-9,1481,1500,0.29,0.19,0.0000,0.0000,0.0000,0
0.249,-64,11,-8,1481,1500,0.29,0.19,0.0000,0.0000,0.0000,0
0.266,-63,12,-9,1482,1500,0.29,0.19,0.0000,0.0000,0.0000,0
0.283,-62,13,-9,1482,1500,0.29,0.19,0.0000,0.0000,0.0000,0
0.300,-61,14,-10,1482,1499,0.29,0.19,0.0000,0.0000,0.0000,0
0.317,-60,15,-9,1482,1500,0.29,0.19,0.0000,0.0000,0.0000,1
0.335,-59,16,-8,1483,1500,0.29,0.19,0.0000,0.0000,0.0000,1
0.353,-58,17,-9,1483,1500,0.29,0.19,0.0000,0.0000,0.0000,1
0.370,-56,18,-9,1484,1500,0.29,0.19,0.0000,0.0000,0.0000,1
0.388,-55,19,-9,1484,1500,-0.57,0.52,0.0000,0.0000,0.0000,1
0.406,-54,21,-10,1484,1499,-0.57,0.52,0.0000,0.0000,0.0000,1
0.425,-54,22,-10,1484,1499,-0.57,0.52,0.0000,0.0000,0.0000,1
0.444,-54,22,-10,1484,1499,-0.57,0.52,0.0000,0.0000,0.0000,1
0.461,-53,23,-9,1485,1500,-0.57,0.52,0.0000,0.0000,0.0000,1
0.479,-53,24,-9,1485,1500,-0.57,0.52,0.0000,0.0000,0.0000,1
0.496,-54,24,-9,1484,1500,-0.57,0.52,0.0000,0.0000,0.0000,1
0.513,-54,24,-9,1484,1500,-0.57,0.52,0.0000,0.0000,0.0000,1
0.532,-56,25,-10,1484,1499,-0.57,0.52,0.0000,0.0000,0.0000,1
0.551,-56,25,-9,1484,1500,-0.57,0.52,0.0000,0.0000,0.0000,1
0.569,-56,25,-10,1484,1499,-0.57,0.52,0.0000,0.0000,0.0000,1
0.586,-57,26,-9,1483,1500,-0.57,0.52,0.0000,0.0000,0.0000,1
0.603,-57,26,-9,1483,1500,-0.57,0.52,0.0000,0.0000,0.0000,1
0.620,-58,26,-10,1483,1499,-0.57,0.52,0.0000,0.0000,0.0000,1
0.638,-58,26,-9,1483,1500,-0.52,0.17,0.0000,0.0000,0.0000,1
0.656,-59,26,-10,1483,1499,-0.52,0.17,0.0000,0.0000,0.0000,1
0.674,-59,26,-11,1483,1499,-0.52,0.17,0.0000,0.0000,0.0000,1
0.692,-60,25,-10,1482,1499,-0.52,0.17,0.0000,0.0000,0.0000,1
0.710,-61,25,-10,1482,1499,-0.52,0.17,0.0000,0.0000,0.0000,0
0.018,-62,25,-10,1482,1499,-0.52,0.17,0.0000,0.0000,0.0000,0
0.035,-63,24,-10,1482,1499,-0.52,0.17,0.0000,0.0000,0.0000,0
0.052,-64,24,-10,1481,1499,-0.52,0.17,0.0000,0.0000,0.0000,0
0.071,-65,24,-10,1481,1499,-0.52,0.17,0.0000,0.0000,0.0000,0
0.090,-67,23,-10,1480,1499,-0.52,0.17,0.0000,0.0000,0.0000,0
0.107,-69,23,-10,1480,1499,-0.52,0.17,0.0000,0.0000,0.0000,0
0.124,-72,22,-10,1479,1499,-0.52,0.17,0.0000,0.0000,0.0000,0
0.141,-74,21,-10,1478,1499,-0.52,0.17,0.0000,0.0000,0.0000,0
0.158,-76,20,-10,1478,1499,-0.52,0.17,0.0000,0.0000,0.0000,0
0.176,-78,19,-10,1477,1499,0.40,-0.86,0.0000,0.0000,0.0000,0
0.194,-79,19,-10,1477,1499,0.40,-0.86,0.0000,0.0000,0.0000,0
0.212,-79,19,-10,1477,1499,0.40,-0.86,0.0000,0.0000,0.0000,0
0.229,-81,19,-10,1476,1499,0.40,-0.86,0.0000,0.0000,0.0000,0
0.250,-82,20,-10,1476,1499,0.40,-0.86,0.0000,0.0000,0.0000,0
0.271,-82,20,-10,1476,1499,0.40,-0.86,0.0000,0.0000,0.0000,0
0.290,-83,23,-10,1476,1499,0.40,-0.86,0.0000,0.0000,0.0000,0
0.307,-84,24,-10,1475,1499,0.40,-0.86,0.0000,0.0000,0.0000,0
0.325,-84,25,-10,1475,1499,0.40,-0.86,0.0000,0.0000,0.0000,0
0.342,-84,26,-10,1475,1499,0.40,-0.86,0.0000,0.0000,0.0000,0
0.359,-84,27,-10,1475,1499,0.40,-0.86,0.0000,0.0000,0.0000,0
0.376,-84,27,-10,1475,1499,0.40,-0.86,0.0000,0.0000,0.0000,0
0.393,-85,28,-11,1475,1499,0.40,-0.86,0.0000,0.0000,0.0000,0
0.410,-85,28,-10,1475,1499,0.40,-0.86,0.0000,0.0000,0.0000,0
0.429,-84,28,-11,1475,1499,0.49,-0.99,0.0000,0.0000,0.0000,0
0.446,-84,28,-11,1475,1499,0.49,-0.99,0.0000,0.0000,0.0000,0
0.467,-84,28,-10,1475,1499,0.49,-0.99,0.0000,0.0000,0.0000,0
0.484,-84,28,-10,1475,1499,0.49,-0.99,0.0000,0.0000,0.0000,0
0.502,-84,28,-10,1475,1499,0.49,-0.99,0.0000,0.0000,0.0000,0
0.521,-84,29,-10,1475,1499,0.49,-0.99,0.0000,0.0000,0.0000,0
0.538,-84,29,-11,1475,1499,0.49,-0.99,0.0000,0.0000,0.0000,0
0.556,-83,29,-11,1476,1499,0.49,-0.99,0.0000,0.0000,0.0000,0
0.573,-82,31,-11,1476,1499,0.49,-0.99,0.0000,0.0000,0.0000,0
0.591,-82,31,-11,1476,1499,0.49,-0.99,0.0000,0.0000,0.0000,0
0.608,-82,33,-11,1476,1499,0.49,-0.99,0.0000,0.0000,0.0000,0
0.626,-82,35,-10,1476,1499,0.49,-0.99,0.0000,0.0000,0.0000,0
0.644,-82,36,-11,1476,1499,0.49,-0.99,0.0000,0.0000,0.0000,0
0.661,-82,37,-11,1476,1499,0.49,-0.99,0.0000,0.0000,0.0000,0
0.680,-82,38,-11,1476,1499,0.39,-1.02,0.0000,0.0000,0.0000,0
0.699,-82,39,-11,1476,1499,0.39,-1.02,0.0000,0.0000,0.0000,0
0.716,-82,40,-10,1476,1499,0.39,-1.02,0.0000,0.0000,0.0000,0
0.734,-82,40,-10,1476,1499,0.39,-1.02,0.0000,0.0000,0.0000,0
0.752,-82,43,-10,1476,1499,0.39,-1.02,0.0000,0.0000,0.0000,0
0.769,-82,45,-10,1476,1499,0.39,-1.02,0.0000,0.0000,0.0000,0
0.787,-83,46,-11,1476,1499,0.39,-1.02,0.0000,0.0000,0.0000,0
0.806,-83,49,-11,1476,1499,0.39,-1.02,0.0000,0.0000,0.0000,0
0.825,-83,50,-11,1476,1499,0.39,-1.02,0.0000,0.0000,0.0000,0
0.843,-84,52,-10,1475,1499,0.39,-1.02,0.0000,0.0000,0.0000,0
0.860,-84,53,-10,1475,1499,0.39,-1.02,0.0000,0.0000,0.0000,0
0.878,-84,54,-10,1475,1499,0.39,-1.02,0.0000,0.0000,0.0000,0
0.897,-85,55,-10,1475,1499,0.39,-1.02,0.0000,0.0000,0.0000,0
0.914,-85,56,-10,1475,1499,0.39,-1.02,0.0000,0.0000,0.0000,0
0.932,-85,56,-10,1475,1499,0.33,-0.60,0.0000,0.0000,0.0000,0
0.949,-86,57,-10,1475,1499,0.33,-0.60,0.0000,0.0000,0.0000,0
0.968,-86,58,-10,1475,1499,0.33,-0.60,0.0000,0.0000,0.0000,0
0.985,-86,59,-10,1475,1499,0.33,-0.60,0.0000,0.0000,0.0000,0
1.004,-86,60,-10,1475,1499,0.33,-0.60,0.0000,0.0000,0.0000,0
1.026,-87,62,-10,1474,1499,0.33,-0.60,0.0000,0.0000,0.0000,0
1.043,-87,62,-10,1474,1499,0.33,-0.60,0.0000,0.0000,0.0000,0
1.061,-87,63,-10,1474,1499,0.33,-0.60,0.0000,0.0000,0.0000,0
1.079,-87,64,-10,1474,1499,0.33,-0.60,0.0000,0.0000,0.0000,0
1.096,-87,64,-10,1474,1499,0.33,-0.60,0.0000,0.0000,0.0000,0
1.113,-87,65,-10,1474,1499,0.33,-0.60,0.0000,0.0000,0.0000,0
1.131,-87,65,-10,1474,1499,0.33,-0.60,0.0000,0.0000,0.0000,0
1.149,-87,66,-10,1474,1499,0.33,-0.60,0.0000,0.0000,0.0000,0
1.167,-87,67,-10,1474,1499,0.33,-0.60,0.0000,0.0000,0.0000,0
1.184,-87,67,-11,1474,1499,-0.09,-0.36,0.0000,0.0000,0.0000,0
1.201,-86,68,-11,1475,1499,-0.09,-0.36,0.0000,0.0000,0.0000,0
1.219,-86,68,-11,1475,1499,-0.09,-0.36,0.0000,0.0000,0.0000,0
1.236,-86,69,-10,1475,1499,-0.09,-0.36,0.0000,0.0000,0.0000,0
1.254,-85,69,-10,1475,1499,-0.09,-0.36,0.0000,0.0000,0.0000,0
1.272,-85,70,-10,1475,1499,-0.09,-0.36,0.0000,0.0000,0.0000,0
1.289,-85,70,-10,1475,1499,-0.09,-0.36,0.0000,0.0000,0.0000,0
1.306,-84,71,-10,1475,1499,-0.09,-0.36,0.0000,0.0000,0.0000,0
1.324,-84,71,-10,1475,1499,-0.09,-0.36,0.0000,0.0000,0.0000,0
1.341,-84,71,-10,1475,1499,-0.09,-0.36,0.0000,0.0000,0.0000,0
1.359,-84,71,-10,1475,1499,-0.09,-0.36,0.0000,0.0000,0.0000,0
1.376,-83,72,-10,1476,1499,-0.09,-0.36,0.0000,0.0000,0.0000,0
1.393,-83,72,-10,1476,1499,-0.09,-0.36,0.0000,0.0000,0.0000,0
1.413,-82,73,-10,1476,1499,-0.09,-0.36,0.0000,0.0000,0.0000,0
1.431,-82,74,-10,1476,1499,-0.04,-0.21,0.0000,0.0000,0.0000,0
1.453,-82,75,-10,1476,1499,-0.04,-0.21,0.0000,0.0000,0.0000,0
1.471,-81,76,-10,1476,1499,-0.04,-0.21,0.0000,0.0000,0.0000,0
1.489,-81,78,-10,1476,1499,-0.04,-0.21,0.0000,0.0000,0.0000,0
1.509,-81,79,-9,1476,1500,-0.04,-0.21,0.0000,0.0000,0.0000,0
1.526,-81,80,-9,1476,1500,-0.04,-0.21,0.0000,0.0000,0.0000,0
1.543,-80,81,-9,1476,1500,-0.04,-0.21,0.0000,0.0000,0.0000,0
1.561,-81,81,-9,1476,1500,-0.04,-0.21,0.0000,0.0000,0.0000,0
1.578,-81,82,-9,1476,1500,-0.04,-0.21,0.0000,0.0000,0.0000,0
1.595,-81,82,-9,1476,1500,-0.04,-0.21,0.0000,0.0000,0.0000,0
1.613,-81,82,-9,1476,1500,-0.04,-0.21,0.0000,0.0000,0.0000,0
1.630,-82,83,-8,1476,1500,-0.04,-0.21,0.0000,0.0000,0.0000,0
1.647,-83,83,-9,1476,1500,-0.04,-0.21,0.0000,0.0000,0.0000,0
1.665,-85,84,-9,1475,1500,-0.04,-0.21,0.0000,0.0000,0.0000,0
1.685,-86,84,-9,1475,1500,0.35,0.04,0.0000,0.0000,0.0000,0
1.702,-87,84,-9,1474,1500,0.35,0.04,0.0000,0.0000,0.0000,0
1.721,-89,84,-8,1474,1500,0.35,0.04,0.0000,0.0000,0.0000,0
1.738,-90,85,-9,1473,1500,0.35,0.04,0.0000,0.0000,0.0000,0
1.757,-90,85,-9,1473,1500,0.35,0.04,0.0000,0.0000,0.0000,0
1.775,-92,85,-9,1473,1500,0.35,0.04,0.0000,0.0000,0.0000,0
1.792,-95,85,-9,1472,1500,0.35,0.04,0.0000,0.0000,0.0000,0
1.809,-96,85,-9,1472,1500,0.35,0.04,0.0000,0.0000,0.0000,0
1.826,-98,86,-9,1471,1500,0.35,0.04,0.0000,0.0000,0.0000,0
1.843,-99,86,-9,1471,1500,0.35,0.04,0.0000,0.0000,0.0000,0
1.861,-101,86,-9,1470,1500,0.35,0.04,0.0000,0.0000,0.0000,0
1.879,-104,86,-8,1470,1500,0.35,0.04,0.0000,0.0000,0.0000,0
1.896,-105,87,-8,1470,1500,0.35,0.04,0.0000,0.0000,0.0000,0
1.914,-106,87,-8,1470,1500,0.35,0.04,0.0000,0.0000,0.0000,0
1.931,-108,88,-8,1470,1500,0.06,0.21,0.0000,0.0000,0.0000,0
1.950,-109,88,-8,1470,1500,0.06,0.21,0.0000,0.0000,0.0000,0
1.967,-111,88,-7,1470,1500,0.06,0.21,0.0000,0.0000,0.0000,0
1.984,-112,88,-8,1470,1500,0.06,0.21,0.0000,0.0000,0.0000,0
2.001,-112,88,-8,1470,1500,0.06,0.21,0.0000,0.0000,0.0000,0
2.019,-113,87,-8,1470,1500,0.06,0.21,0.0000,0.0000,0.0000,0
2.037,-113,87,-8,1470,1500,0.06,0.21,0.0000,0.0000,0.0000,0
2.054,-114,88,-9,1470,1500,0.06,0.21,0.0000,0.0000,0.0000,0
2.073,-114,88,-10,1470,1499,0.06,0.21,0.0000,0.0000,0.0000,0
2.091,-114,88,-9,1470,1500,0.06,0.21,0.0000,0.0000,0.0000,0
2.108,-114,88,-9,1470,1500,0.06,0.21,0.0000,0.0000,0.0000,0
2.125,-114,87,-8,1470,1500,0.06,0.21,0.0000,0.0000,0.0000,0
2.143,-114,87,-8,1470,1500,0.06,0.21,0.0000,0.0000,0.0000,0
2.160,-113,86,-7,1470,1500,0.06,0.21,0.0000,0.0000,0.0000,0
2.179,-113,85,-8,1470,1500,-0.49,0.22,0.0000,0.0000,0.0000,0
2.199,-112,84,-7,1470,1500,-0.49,0.22,0.0000,0.0000,0.0000,0
2.216,-112,83,-7,1470,1500,-0.49,0.22,0.0000,0.0000,0.0000,0
2.234,-111,82,-7,1470,1500,-0.49,0.22,0.0000,0.0000,0.0000,0
2.252,-110,81,-7,1470,1500,-0.49,0.22,0.0000,0.0000,0.0000,0
2.269,-109,80,-8,1470,1500,-0.49,0.22,0.0000,0.0000,0.0000,0
2.286,-108,80,-8,1470,1500,-0.49,0.22,0.0000,0.0000,0.0000,0
2.304,-107,79,-8,1470,1500,-0.49,0.22,0.0000,0.0000,0.0000,0
2.321,-105,79,-8,1470,1500,-0.49,0.22,0.0000,0.0000,0.0000,0
2.339,-104,79,-8,1470,1500,-0.49,0.22,0.0000,0.0000,0.0000,0
2.356,-102,79,-7,1470,1500,-0.49,0.22,0.0000,0.0000,0.0000,0
2.373,-100,79,-8,1470,1500,-0.49,0.22,0.0000,0.0000,0.0000,0
2.391,-99,79,-7,1471,1500,-0.49,0.22,0.0000,0.0000,0.0000,0
2.408,-97,79,-8,1471,1500,-0.49,0.22,0.0000,0.0000,0.0000,0
2.427,-95,79,-8,1472,1500,-0.93,0.06,0.0000,0.0000,0.0000,0
2.445,-94,79,-7,1472,1500,-0.93,0.06,0.0000,0.0000,0.0000,0
2.464,-92,79,-8,1473,1500,-0.93,0.06,0.0000,0.0000,0.0000,0
2.483,-91,78,-8,1473,1500,-0.93,0.06,0.0000,0.0000,0.0000,0
2.502,-89,78,-8,1474,1500,-0.93,0.06,0.0000,0.0000,0.0000,0
2.519,-85,78,-7,1475,1500,-0.93,0.06,0.0000,0.0000,0.0000,0
2.537,-83,78,-8,1476,1500,-0.93,0.06,0.0000,0.0000,0.0000,0
2.554,-81,78,-8,1476,1500,-0.93,0.06,0.0000,0.0000,0.0000,0
2.571,-79,78,-8,1477,1500,-0.93,0.06,0.0000,0.0000,0.0000,0
2.590,-77,78,-8,1477,1500,-0.93,0.06,0.0000,0.0000,0.0000,0
2.607,-74,78,-8,1478,1500,-0.93,0.06,0.0000,0.0000,0.0000,0
2.624,-72,79,-9,1479,1500,-0.93,0.06,0.0000,0.0000,0.0000,0
2.642,-69,79,-9,1480,1500,-0.93,0.06,0.0000,0.0000,0.0000,0
2.659,-66,80,-8,1481,1500,-0.93,0.06,0.0000,0.0000,0.0000,0
2.677,-64,80,-7,1481,1500,-0.50,0.13,0.0000,0.0000,0.0000,0
2.694,-62,81,-8,1482,1500,-0.50,0.13,0.0000,0.0000,0.0000,0
2.712,-60,82,-8,1482,1500,-0.50,0.13,0.0000,0.0000,0.0000,0
2.729,-57,83,-8,1483,1500,-0.50,0.13,0.0000,0.0000,0.0000,0
2.747,-55,84,-8,1484,1500,-0.50,0.13,0.0000,0.0000,0.0000,0
2.764,-52,85,-7,1485,1500,-0.50,0.13,0.0000,0.0000,0.0000,0
2.788,-47,86,-8,1490,1500,-0.50,0.13,0.0000,0.0000,0.0000,0
2.805,-45,87,-7,1491,1500,-0.50,0.13,0.0000,0.0000,0.0000,0
2.822,-43,87,-8,1492,1500,-0.50,0.13,0.0000,0.0000,0.0000,0
2.840,-40,87,-7,1492,1500,-0.50,0.13,0.0000,0.0000,0.0000,0
2.857,-38,86,-8,1493,1500,-0.50,0.13,0.0000,0.0000,0.0000,0
2.875,-35,86,-7,1493,1500,-0.50,0.13,0.0000,0.0000,0.0000,0
2.893,-33,85,-7,1494,1500,-0.50,0.13,0.0000,0.0000,0.0000,0
2.910,-31,85,-7,1494,1500,-0.50,0.13,0.0000,0.0000,0.0000,0
2.927,-29,85,-8,1495,1500,0.32,0.30,0.0000,0.0000,0.0000,0
2.944,-27,85,-8,1495,1500,0.32,0.30,0.0000,0.0000,0.0000,0
2.962,-25,84,-7,1495,1500,0.32,0.30,0.0000,0.0000,0.0000,0
2.979,-22,85,-7,1496,1500,0.32,0.30,0.0000,0.0000,0.0000,0
2.998,-20,85,-7,1496,1500,0.32,0.30,0.0000,0.0000,0.0000,0
3.015,-18,85,-7,1497,1500,0.32,0.30,0.0000,0.0000,0.0000,0
3.033,-17,85,-7,1497,1500,0.32,0.30,0.0000,0.0000,0.0000,0
3.050,-15,84,-6,1497,1500,0.32,0.30,0.0000,0.0000,0.0000,0
3.067,-14,83,-7,1498,1500,0.32,0.30,0.0000,0.0000,0.0000,0
3.085,-10,81,-7,1498,1500,0.32,0.30,0.0000,0.0000,0.0000,0
3.102,-9,80,-7,1499,1500,0.32,0.30,0.0000,0.0000,0.0000,0
3.121,-8,80,-7,1499,1500,0.32,0.30,0.0000,0.0000,0.0000,0
3.138,-6,78,-7,1499,1500,0.32,0.30,0.0000,0.0000,0.0000,0
3.157,-5,78,-7,1499,1500,0.32,0.30,0.0000,0.0000,0.0000,0
3.174,-4,77,-8,1500,1500,0.44,0.10,0.0000,0.0000,0.0000,0
3.192,-4,76,-7,1500,1500,0.44,0.10,0.0000,0.0000,0.0000,0
3.214,-3,76,-7,1500,1500,0.44,0.10,0.0000,0.0000,0.0000,0
3.232,-3,76,-7,1500,1500,0.44,0.10,0.0000,0.0000,0.0000,0
3.249,-2,76,-7,1500,1500,0.44,0.10,0.0000,0.0000,0.0000,0
3.266,-1,75,-8,1500,1500,0.44,0.10,0.0000,0.0000,0.0000,0
3.284,0,75,-7,1500,1500,0.44,0.10,0.0000,0.0000,0.0000,0
3.301,0,74,-7,1500,1500,0.44,0.10,0.0000,0.0000,0.0000,0
3.320,0,73,-7,1500,1500,0.44,0.10,0.0000,0.0000,0.0000,0
3.337,1,71,-7,1500,1500,0.44,0.10,0.0000,0.0000,0.0000,0
3.355,1,70,-7,1500,1500,0.44,0.10,0.0000,0.0000,0.0000,0
3.372,0,70,-7,1500,1500,0.44,0.10,0.0000,0.0000,0.0000,0
3.390,0,68,-7,1500,1500,0.44,0.10,0.0000,0.0000,0.0000,0
3.407,-1,66,-8,1500,1500,0.44,0.10,0.0000,0.0000,0.0000,0
3.424,-1,65,-8,1500,1500,0.81,-0.24,0.0000,0.0000,0.0000,0
3.444,-2,64,-8,1500,1500,0.81,-0.24,0.0000,0.0000,0.0000,0
3.461,-2,64,-8,1500,1500,0.81,-0.24,0.0000,0.0000,0.0000,0
3.483,-2,64,-8,1500,1500,0.81,-0.24,0.0000,0.0000,0.0000,0
3.500,-3,63,-8,1500,1500,0.81,-0.24,0.0000,0.0000,0.0000,0
3.517,-2,63,-8,1500,1500,0.81,-0.24,0.0000,0.0000,0.0000,0
3.534,-2,63,-8,1500,1500,0.81,-0.24,0.0000,0.0000,0.0000,0
3.551,-3,62,-8,1500,1500,0.81,-0.24,0.0000,0.0000,0.0000,0
3.569,-3,62,-7,1500,1500,0.81,-0.24,0.0000,0.0000,0.0000,0
3.586,-4,62,-7,1500,1500,0.81,-0.24,0.0000,0.0000,0.0000,0
3.604,-4,61,-7,1500,1500,0.81,-0.24,0.0000,0.0000,0.0000,0
3.622,-5,61,-8,1499,1500,0.81,-0.24,0.0000,0.0000,0.0000,0
3.640,-5,61,-7,1499,1500,0.81,-0.24,0.0000,0.0000,0.0000,0
3.658,-5,61,-7,1499,1500,0.81,-0.24,0.0000,0.0000,0.0000,0
3.676,-6,61,-8,1499,1500,0.87,-0.23,0.0000,0.0000,0.0000,0
3.696,-7,61,-7,1499,1500,0.87,-0.23,0.0000,0.0000,0.0000,0
3.714,-7,61,-7,1499,1500,0.87,-0.23,0.0000,0.0000,0.0000,0
3.733,-8,61,-7,1499,1500,0.87,-0.23,0.0000,0.0000,0.0000,0
3.750,-10,60,-8,1498,1500,0.87,-0.23,0.0000,0.0000,0.0000,1
3.767,-11,60,-7,1498,1500,0.87,-0.23,0.0000,0.0000,0.0000,1
3.785,-13,59,-7,1498,1500,0.87,-0.23,0.0000,0.0000,0.0000,1
3.802,-15,59,-8,1497,1500,0.87,-0.23,0.0000,0.0000,0.0000,1
3.819,-19,58,-7,1497,1500,0.87,-0.23,0.0000,0.0000,0.0000,1
3.837,-21,57,-7,1496,1500,0.87,-0.23,0.0000,0.0000,0.0000,1
3.854,-23,56,-8,1496,1500,0.87,-0.23,0.0000,0.0000,0.0000,1
3.872,-25,56,-7,1495,1500,0.87,-0.23,0.0000,0.0000,0.0000,1
3.889,-27,55,-7,1495,1500,0.87,-0.23,0.0000,0.0000,0.0000,1
3.906,-28,55,-8,1495,1500,0.87,-0.23,0.0000,0.0000,0.0000,1
3.924,-28,55,-8,1495,1500,1.07,-0.71,0.0000,0.0000,0.0000,1
3.942,-30,54,-7,1494,1500,1.07,-0.71,0.0000,0.0000,0.0000,1
3.960,-31,54,-7,1494,1500,1.07,-0.71,0.0000,0.0000,0.0000,1
3.978,-32,54,-7,1494,1500,1.07,-0.71,0.0000,0.0000,0.0000,1
3.996,-33,54,-7,1494,1500,1.07,-0.71,0.0000,0.0000,0.0000,1
4.014,-34,55,-7,1494,1500,1.07,-0.71,0.0000,0.0000,0.0000,1
4.033,-34,55,-7,1494,1500,1.07,-0.71,0.0000,0.0000,0.0000,1
4.055,-34,56,-7,1494,1500,1.07,-0.71,0.0000,0.0000,0.0000,1
4.074,-35,58,-7,1493,1500,1.07,-0.71,0.0000,0.0000,0.0000,1
4.091,-36,58,-7,1493,1500,1.07,-0.71,0.0000,0.0000,0.0000,1
4.108,-36,58,-7,1493,1500,1.07,-0.71,0.0000,0.0000,0.0000,1
4.125,-36,59,-6,1493,1500,1.07,-0.71,0.0000,0.0000,0.0000,1
4.143,-37,59,-7,1493,1500,1.07,-0.71,0.0000,0.0000,0.0000,1
4.160,-37,59,-7,1493,1500,1.07,-0.71,0.0000,0.0000,0.0000,1
4.177,-38,59,-6,1493,1500,0.38,-0.28,0.0000,0.0000,0.0000,1
4.196,-39,60,-7,1493,1500,0.38,-0.28,0.0000,0.0000,0.0000,1
4.213,-40,60,-7,1492,1500,0.38,-0.28,0.0000,0.0000,0.0000,1
4.232,-42,60,-6,1492,1500,0.38,-0.28,0.0000,0.0000,0.0000,1
4.254,-46,61,-7,1491,1500,0.38,-0.28,0.0000,0.0000,0.0000,0
0.020,-48,61,-6,1491,1500,0.38,-0.28,0.0000,0.0000,0.0000,0
0.037,-50,61,-7,1490,1500,0.38,-0.28,0.0000,0.0000,0.0000,0
0.054,-52,60,-6,1485,1500,0.38,-0.28,0.0000,0.0000,0.0000,1
0.071,-55,60,-7,1484,1500,0.38,-0.28,0.0000,0.0000,0.0000,1
0.089,-57,59,-6,1483,1500,0.38,-0.28,0.0000,0.0000,0.0000,1
0.107,-59,59,-6,1483,1500,0.38,-0.28,0.0000,0.0000,0.0000,1
0.124,-62,58,-7,1482,1500,0.38,-0.28,0.0000,0.0000,0.0000,0
0.019,-64,58,-6,1481,1500,0.38,-0.28,0.0000,0.0000,0.0000,0
0.036,-66,57,-6,1481,1500,-0.02,-0.33,0.0000,0.0000,0.0000,0
0.054,-69,57,-6,1480,1500,-0.02,-0.33,0.0000,0.0000,0.0000,0
0.072,-72,56,-6,1479,1500,-0.02,-0.33,0.0000,0.0000,0.0000,0
0.091,-74,56,-6,1478,1500,-0.02,-0.33,0.0000,0.0000,0.0000,0
0.111,-79,56,-6,1477,1500,-0.02,-0.33,0.0000,0.0000,0.0000,0
0.130,-82,56,-6,1476,1500,-0.02,-0.33,0.0000,0.0000,0.0000,0
0.148,-84,56,-6,1475,1500,-0.02,-0.33,0.0000,0.0000,0.0000,0
0.165,-87,56,-7,1474,1500,-0.02,-0.33,0.0000,0.0000,0.0000,0
0.183,-90,55,-6,1473,1500,-0.02,-0.33,0.0000,0.0000,0.0000,0
0.201,-92,55,-6,1473,1500,-0.02,-0.33,0.0000,0.0000,0.0000,0
0.219,-96,54,-8,1472,1500,-0.02,-0.33,0.0000,0.0000,0.0000,0
0.237,-99,54,-7,1471,1500,-0.02,-0.33,0.0000,0.0000,0.0000,0
0.255,-101,54,-6,1470,1500,-0.02,-0.33,0.0000,0.0000,0.0000,0
0.273,-103,54,-7,1470,1500,-0.02,-0.33,0.0000,0.0000,0.0000,0
0.290,-105,54,-7,1470,1500,-1.11,-0.13,0.0000,0.0000,0.0000,0
0.307,-107,55,-8,1470,1500,-1.11,-0.13,0.0000,0.0000,0.0000,0
0.325,-107,55,-8,1470,1500,-1.11,-0.13,0.0000,0.0000,0.0000,0
0.344,-108,55,-7,1470,1500,-1.11,-0.13,0.0000,0.0000,0.0000,0
0.362,-110,54,-6,1470,1500,-1.11,-0.13,0.0000,0.0000,0.0000,0
0.380,-112,54,-7,1470,1500,-1.11,-0.13,0.0000,0.0000,0.0000,0
0.398,-116,54,-7,1470,1500,-1.11,-0.13,0.0000,0.0000,0.0000,0
0.415,-118,53,-7,1470,1500,-1.11,-0.13,0.0000,0.0000,0.0000,0
0.435,-120,53,-5,1470,1500,-1.11,-0.13,0.0000,0.0000,0.0000,0
0.452,-122,52,-6,1470,1500,-1.11,-0.13,0.0000,0.0000,0.0000,0
0.469,-123,51,-5,1470,1500,-1.11,-0.13,0.0000,0.0000,0.0000,0
0.489,-125,49,-6,1470,1500,-1.11,-0.13,0.0000,0.0000,0.0000,0
0.507,-126,49,-6,1470,1500,-1.11,-0.13,0.0000,0.0000,0.0000,0
0.525,-127,48,-6,1470,1500,-1.11,-0.13,0.0000,0.0000,0.0000,0
0.542,-127,48,-6,1470,1500,-1.47,-0.34,0.0000,0.0000,0.0000,0
0.563,-128,47,-6,1470,1500,-1.47,-0.34,0.0000,0.0000,0.0000,0
0.583,-129,47,-6,1470,1500,-1.47,-0.34,0.0000,0.0000,0.0000,0
0.601,-130,46,-5,1470,1500,-1.47,-0.34,0.0000,0.0000,0.0000,0
0.618,-131,45,-6,1470,1500,-1.47,-0.34,0.0000,0.0000,0.0000,0
0.635,-132,45,-6,1470,1500,-1.47,-0.34,0.0000,0.0000,0.0000,0
0.653,-133,44,-7,1470,1500,-1.47,-0.34,0.0000,0.0000,0.0000,0
0.670,-134,44,-6,1470,1500,-1.47,-0.34,0.0000,0.0000,0.0000,0
0.688,-135,45,-6,1470,1500,-1.47,-0.34,0.0000,0.0000,0.0000,0
0.706,-135,45,-6,1470,1500,-1.47,-0.34,0.0000,0.0000,0.0000,0
0.723,-135,46,-6,1470,1500,-1.47,-0.34,0.0000,0.0000,0.0000,0
0.741,-136,47,-6,1470,1500,-1.47,-0.34,0.0000,0.0000,0.0000,0
0.758,-136,47,-5,1470,1500,-1.47,-0.34,0.0000,0.0000,0.0000,0
0.777,-137,48,-5,1470,1500,-1.47,-0.34,0.0000,0.0000,0.0000,0
0.794,-137,48,-5,1470,1500,-1.65,-0.10,0.0000,0.0000,0.0000,0
0.812,-138,49,-5,1470,1500,-1.65,-0.10,0.0000,0.0000,0.0000,0
0.829,-138,50,-5,1470,1500,-1.65,-0.10,0.0000,0.0000,0.0000,0
0.848,-138,50,-5,1470,1500,-1.65,-0.10,0.0000,0.0000,0.0000,0
0.866,-139,51,-6,1470,1500,-1.65,-0.10,0.0000,0.0000,0.0000,0
0.883,-140,52,-5,1470,1500,-1.65,-0.10,0.0000,0.0000,0.0000,0
0.900,-141,52,-4,1470,1500,-1.65,-0.10,0.0000,0.0000,0.0000,0
0.917,-141,52,-4,1470,1500,-1.65,-0.10,0.0000,0.0000,0.0000,0
0.934,-142,53,-5,1470,1500,-1.65,-0.10,0.0000,0.0000,0.0000,0
0.953,-144,54,-5,1470,1500,-1.65,-0.10,0.0000,0.0000,0.0000,0
0.972,-144,55,-4,1470,1500,-1.65,-0.10,0.0000,0.0000,0.0000,0
0.990,-144,55,-4,1470,1500,-1.65,-0.10,0.0000,0.0000,0.0000,0
1.008,-146,58,-4,1470,1500,-1.65,-0.10,0.0000,0.0000,0.0000,0
1.029,-145,58,-4,1470,1500,-1.65,-0.10,0.0000,0.0000,0.0000,0
1.048,-146,59,-4,1470,1500,-0.64,0.55,0.0000,0.0000,0.0000,0
1.066,-146,59,-5,1470,1500,-0.64,0.55,0.0000,0.0000,0.0000,0
1.084,-146,60,-5,1470,1500,-0.64,0.55,0.0000,0.0000,0.0000,0
1.101,-145,61,-4,1470,1500,-0.64,0.55,0.0000,0.0000,0.0000,0
1.118,-145,62,-4,1470,1500,-0.64,0.55,0.0000,0.0000,0.0000,0
1.135,-143,64,-4,1470,1500,-0.64,0.55,0.0000,0.0000,0.0000,0
1.152,-143,64,-4,1470,1500,-0.64,0.55,0.0000,0.0000,0.0000,0
1.170,-141,66,-4,1470,1500,-0.64,0.55,0.0000,0.0000,0.0000,0
1.189,-141,66,-4,1470,1500,-0.64,0.55,0.0000,0.0000,0.0000,0
1.206,-139,67,-4,1470,1500,-0.64,0.55,0.0000,0.0000,0.0000,0
1.224,-138,67,-3,1470,1500,-0.64,0.55,0.0000,0.0000,0.0000,0
1.242,-137,66,-3,1470,1500,-0.64,0.55,0.0000,0.0000,0.0000,0
1.259,-135,66,-3,1470,1500,-0.64,0.55,0.0000,0.0000,0.0000,0
1.276,-134,65,-4,1470,1500,-0.64,0.55,0.0000,0.0000,0.0000,0
1.293,-133,63,-4,1470,1500,-0.29,0.85,0.0000,0.0000,0.0000,0
1.311,-132,63,-4,1470,1500,-0.29,0.85,0.0000,0.0000,0.0000,0
1.331,-131,62,-3,1470,1500,-0.29,0.85,0.0000,0.0000,0.0000,0
1.355,-130,62,-3,1470,1500,-0.29,0.85,0.0000,0.0000,0.0000,0
1.376,-128,60,-5,1470,1500,-0.29,0.85,0.0000,0.0000,0.0000,0
1.393,-128,59,-4,1470,1500,-0.29,0.85,0.0000,0.0000,0.0000,0
1.410,-127,58,-3,1470,1500,-0.29,0.85,0.0000,0.0000,0.0000,0
1.427,-126,57,-4,1470,1500,-0.29,0.85,0.0000,0.0000,0.0000,0
1.444,-125,55,-4,1470,1500,-0.29,0.85,0.0000,0.0000,0.0000,0
1.462,-125,54,-5,1470,1500,-0.29,0.85,0.0000,0.0000,0.0000,0
1.479,-125,52,-5,1470,1500,-0.29,0.85,0.0000,0.0000,0.0000,0
1.497,-125,51,-4,1470,1500,-0.29,0.85,0.0000,0.0000,0.0000,0
1.516,-125,50,-4,1470,1500,-0.29,0.85,0.0000,0.0000,0.0000,0
1.533,-125,48,-4,1470,1500,-0.16,0.08,0.0000,0.0000,0.0000,0
1.551,-125,48,-4,1470,1500,-0.16,0.08,0.0000,0.0000,0.0000,0
1.569,-126,47,-5,1470,1500,-0.16,0.08,0.0000,0.0000,0.0000,0
1.587,-126,47,-6,1470,1500,-0.16,0.08,0.0000,0.0000,0.0000,0
1.604,-127,47,-4,1470,1500,-0.16,0.08,0.0000,0.0000,0.0000,0
1.622,-127,47,-4,1470,1500,-0.16,0.08,0.0000,0.0000,0.0000,0
1.640,-128,47,-4,1470,1500,-0.16,0.08,0.0000,0.0000,0.0000,0
1.657,-129,47,-4,1470,1500,-0.16,0.08,0.0000,0.0000,0.0000,0
1.674,-130,47,-5,1470,1500,-0.16,0.08,0.0000,0.0000,0.0000,0
1.692,-131,47,-5,1470,1500,-0.16,0.08,0.0000,0.0000,0.0000,0
1.709,-131,47,-6,1470,1500,-0.16,0.08,0.0000,0.0000,0.0000,0
1.727,-132,47,-6,1470,1500,-0.16,0.08,0.0000,0.0000,0.0000,0
1.744,-132,47,-6,1470,1500,-0.16,0.08,0.0000,0.0000,0.0000,0
1.762,-133,47,-6,1470,1500,-0.16,0.08,0.0000,0.0000,0.0000,0
1.779,-133,47,-5,1470,1500,-0.16,0.08,0.0000,0.0000,0.0000,0
1.797,-133,47,-5,1470,1500,-0.18,0.12,0.0000,0.0000,0.0000,0
1.815,-133,47,-5,1470,1500,-0.18,0.12,0.0000,0.0000,0.0000,0
1.833,-132,47,-5,1470,1500,-0.18,0.12,0.0000,0.0000,0.0000,0
1.852,-132,47,-5,1470,1500,-0.18,0.12,0.0000,0.0000,0.0000,0
1.869,-131,47,-5,1470,1500,-0.18,0.12,0.0000,0.0000,0.0000,0
1.889,-130,47,-5,1470,1500,-0.18,0.12,0.0000,0.0000,0.0000,0
1.906,-129,48,-6,1470,1500,-0.18,0.12,0.0000,0.0000,0.0000,0
1.923,-128,48,-6,1470,1500,-0.18,0.12,0.0000,0.0000,0.0000,0
1.941,-127,49,-6,1470,1500,-0.18,0.12,0.0000,0.0000,0.0000,0
1.959,-126,49,-6,1470,1500,-0.18,0.12,0.0000,0.0000,0.0000,0
1.976,-125,50,-7,1470,1500,-0.18,0.12,0.0000,0.0000,0.0000,0
1.994,-123,50,-6,1470,1500,-0.18,0.12,0.0000,0.0000,0.0000,0
2.012,-121,51,-7,1470,1500,-0.18,0.12,0.0000,0.0000,0.0000,0
2.030,-119,51,-6,1470,1500,-0.18,0.12,0.0000,0.0000,0.0000,0
2.047,-117,52,-6,1470,1500,-0.30,0.26,0.0000,0.0000,0.0000,0
2.064,-115,52,-7,1470,1500,-0.30,0.26,0.0000,0.0000,0.0000,0
2.081,-112,52,-7,1470,1500,-0.30,0.26,0.0000,0.0000,0.0000,0
2.099,-110,52,-7,1470,1500,-0.30,0.26,0.0000,0.0000,0.0000,0
2.119,-107,53,-8,1470,1500,-0.30,0.26,0.0000,0.0000,0.0000,0
2.136,-102,53,-7,1470,1500,-0.30,0.26,0.0000,0.0000,0.0000,0
2.159,-100,53,-7,1470,1500,-0.30,0.26,0.0000,0.0000,0.0000,0
2.176,-97,54,-8,1471,1500,-0.30,0.26,0.0000,0.0000,0.0000,0
2.195,-94,53,-8,1472,1500,-0.30,0.26,0.0000,0.0000,0.0000,0
2.212,-92,53,-7,1473,1500,-0.30,0.26,0.0000,0.0000,0.0000,0
2.229,-90,54,-8,1473,1500,-0.30,0.26,0.0000,0.0000,0.0000,0
2.246,-87,55,-8,1474,1500,-0.30,0.26,0.0000,0.0000,0.0000,0
2.264,-84,55,-9,1475,1500,-0.30,0.26,0.0000,0.0000,0.0000,0
2.281,-82,55,-8,1476,1500,-0.69,0.33,0.0000,0.0000,0.0000,0
2.298,-78,56,-9,1477,1500,-0.69,0.33,0.0000,0.0000,0.0000,0
2.315,-75,56,-10,1478,1499,-0.69,0.33,0.0000,0.0000,0.0000,0
2.332,-75,56,-10,1478,1499,-0.69,0.33,0.0000,0.0000,0.0000,0
2.349,-72,57,-9,1479,1500,-0.69,0.33,0.0000,0.0000,0.0000,0
2.367,-69,57,-9,1480,1500,-0.69,0.33,0.0000,0.0000,0.0000,0
2.386,-64,58,-9,1481,1499,-0.69,0.33,0.0000,0.0000,0.0000,0
2.403,-61,58,-10,1482,1499,-0.69,0.33,0.0000,0.0000,0.0000,0
2.421,-61,58,-10,1482,1499,-0.69,0.33,0.0000,0.0000,0.0000,0
2.439,-58,57,-10,1483,1499,-0.69,0.33,0.0000,0.0000,0.0000,1
2.459,-57,56,-11,1483,1499,-0.69,0.33,0.0000,0.0000,0.0000,1
2.477,-55,55,-11,1484,1499,-0.69,0.33,0.0000,0.0000,0.0000,1
2.494,-55,54,-11,1484,1499,-0.69,0.33,0.0000,0.0000,0.0000,1
2.512,-54,54,-11,1484,1499,-0.69,0.33,0.0000,0.0000,0.0000,1
2.529,-54,53,-12,1484,1499,-0.45,-0.19,0.0000,0.0000,0.0000,1
2.546,-53,52,-11,1485,1499,-0.45,-0.19,0.0000,0.0000,0.0000,1
2.563,-53,51,-12,1485,1499,-0.45,-0.19,0.0000,0.0000,0.0000,1
2.582,-52,50,-12,1485,1499,-0.45,-0.19,0.0000,0.0000,0.0000,1
2.600,-52,49,-12,1485,1499,-0.45,-0.19,0.0000,0.0000,0.0000,1
2.618,-51,49,-12,1485,1499,-0.45,-0.19,0.0000,0.0000,0.0000,1
2.636,-51,49,-13,1485,1499,-0.45,-0.19,0.0000,0.0000,0.0000,1
2.653,-50,49,-13,1490,1499,-0.45,-0.19,0.0000,0.0000,0.0000,1
2.672,-49,47,-13,1491,1499,-0.45,-0.19,0.0000,0.0000,0.0000,1
2.689,-49,46,-13,1491,1499,-0.45,-0.19,0.0000,0.0000,0.0000,1
2.707,-49,45,-13,1491,1499,-0.45,-0.19,0.0000,0.0000,0.0000,1
2.724,-49,44,-14,1491,1499,-0.45,-0.19,0.0000,0.0000,0.0000,1
2.741,-49,44,-14,1491,1499,-0.45,-0.19,0.0000,0.0000,0.0000,1
2.758,-48,43,-14,1491,1499,-0.45,-0.19,0.0000,0.0000,0.0000,1
2.775,-48,42,-14,1491,1499,-0.45,-0.19,0.0000,0.0000,0.0000,1
2.795,-48,41,-14,1491,1499,-0.29,-0.87,0.0000,0.0000,0.0000,1
2.814,-48,41,-14,1491,1499,-0.29,-0.87,0.0000,0.0000,0.0000,1
2.833,-49,41,-14,1491,1499,-0.29,-0.87,0.0000,0.0000,0.0000,1
2.851,-49,40,-14,1491,1499,-0.29,-0.87,0.0000,0.0000,0.0000,1
2.868,-49,40,-14,1491,1499,-0.29,-0.87,0.0000,0.0000,0.0000,1
2.885,-49,40,-15,1491,1499,-0.29,-0.87,0.0000,0.0000,0.0000,1
2.902,-49,40,-14,1491,1499,-0.29,-0.87,0.0000,0.0000,0.0000,1
2.921,-50,41,-15,1491,1499,-0.29,-0.87,0.0000,0.0000,0.0000,1
2.938,-49,42,-15,1491,1499,-0.29,-0.87,0.0000,0.0000,0.0000,1
2.955,-50,42,-14,1490,1499,-0.29,-0.87,0.0000,0.0000,0.0000,1
2.972,-50,42,-16,1490,1499,-0.29,-0.87,0.0000,0.0000,0.0000,1
2.990,-50,42,-16,1490,1499,-0.29,-0.87,0.0000,0.0000,0.0000,1
3.007,-50,42,-16,1490,1499,-0.29,-0.87,0.0000,0.0000,0.0000,1
3.024,-50,42,-16,1490,1499,-0.29,-0.87,0.0000,0.0000,0.0000,1
3.041,-52,44,-15,1485,1499,-0.46,-0.84,0.0000,0.0000,0.0000,1
3.059,-52,45,-15,1485,1499,-0.46,-0.84,0.0000,0.0000,0.0000,1
3.077,-53,45,-16,1485,1499,-0.46,-0.84,0.0000,0.0000,0.0000,1
3.094,-53,45,-16,1485,1499,-0.46,-0.84,0.0000,0.0000,0.0000,1
3.114,-55,46,-15,1484,1499,-0.46,-0.84,0.0000,0.0000,0.0000,1
3.132,-56,46,-15,1484,1499,-0.46,-0.84,0.0000,0.0000,0.0000,1
3.149,-57,46,-15,1483,1499,-0.46,-0.84,0.0000,0.0000,0.0000,1
3.167,-59,45,-14,1483,1499,-0.46,-0.84,0.0000,0.0000,0.0000,1
3.184,-63,44,-15,1482,1499,-0.46,-0.84,0.0000,0.0000,0.0000,0
0.018,-66,43,-15,1481,1499,-0.46,-0.84,0.0000,0.0000,0.0000,0
0.036,-68,43,-15,1480,1499,-0.46,-0.84,0.0000,0.0000,0.0000,0
0.054,-71,43,-15,1479,1499,-0.46,-0.84,0.0000,0.0000,0.0000,0
0.072,-74,44,-14,1478,1499,-0.46,-0.84,0.0000,0.0000,0.0000,0
0.091,-76,43,-15,1478,1499,-0.46,-0.84,0.0000,0.0000,0.0000,0
0.108,-78,44,-14,1477,1499,-0.51,-1.11,0.0000,0.0000,0.0000,0
0.125,-81,44,-15,1476,1499,-0.51,-1.11,0.0000,0.0000,0.0000,0
0.142,-84,44,-15,1475,1499,-0.51,-1.11,0.0000,0.0000,0.0000,0
0.159,-86,44,-14,1475,1499,-0.51,-1.11,0.0000,0.0000,0.0000,0
0.176,-89,44,-15,1474,1499,-0.51,-1.11,0.0000,0.0000,0.0000,0
0.193,-91,44,-15,1473,1499,-0.51,-1.11,0.0000,0.0000,0.0000,0
0.211,-96,43,-15,1472,1499,-0.51,-1.11,0.0000,0.0000,0.0000,0
0.229,-99,43,-16,1471,1499,-0.51,-1.11,0.0000,0.0000,0.0000,0
0.249,-100,43,-16,1470,1499,-0.51,-1.11,0.0000,0.0000,0.0000,0
0.268,-103,43,-15,1470,1499,-0.51,-1.11,0.0000,0.0000,0.0000,0
0.286,-105,43,-15,1470,1499,-0.51,-1.11,0.0000,0.0000,0.0000,0
0.303,-107,43,-15,1470,1499,-0.51,-1.11,0.0000,0.0000,0.0000,0
0.321,-109,42,-15,1470,1499,-0.51,-1.11,0.0000,0.0000,0.0000,0
0.338,-112,42,-15,1470,1499,-0.51,-1.11,0.0000,0.0000,0.0000,0
0.355,-113,42,-15,1470,1499,-1.01,-1.18,0.0000,0.0000,0.0000,0
0.372,-115,41,-15,1470,1499,-1.01,-1.18,0.0000,0.0000,0.0000,0
0.390,-115,41,-15,1470,1499,-1.01,-1.18,0.0000,0.0000,0.0000,0
0.408,-118,41,-14,1470,1499,-1.01,-1.18,0.0000,0.0000,0.0000,0
0.425,-119,42,-15,1470,1499,-1.01,-1.18,0.0000,0.0000,0.0000,0
0.443,-121,42,-15,1470,1499,-1.01,-1.18,0.0000,0.0000,0.0000,0
0.460,-121,42,-15,1470,1499,-1.01,-1.18,0.0000,0.0000,0.0000,0
0.478,-123,42,-15,1470,1499,-1.01,-1.18,0.0000,0.0000,0.0000,0
0.495,-123,42,-15,1470,1499,-1.01,-1.18,0.0000,0.0000,0.0000,0
0.514,-123,42,-16,1470,1499,-1.01,-1.18,0.0000,0.0000,0.0000,0
0.531,-124,42,-16,1470,1499,-1.01,-1.18,0.0000,0.0000,0.0000,0
0.549,-124,42,-16,1470,1499,-1.01,-1.18,0.0000,0.0000,0.0000,0
0.567,-123,41,-15,1470,1499,-1.01,-1.18,0.0000,0.0000,0.0000,0
0.584,-122,42,-15,1470,1499,-1.01,-1.18,0.0000,0.0000,0.0000,0
0.602,-122,42,-15,1470,1499,-1.25,-0.97,0.0000,0.0000,0.0000,0
0.620,-121,42,-14,1470,1499,-1.25,-0.97,0.0000,0.0000,0.0000,0
0.640,-119,43,-14,1470,1499,-1.25,-0.97,0.0000,0.0000,0.0000,0
0.658,-119,43,-14,1470,1499,-1.25,-0.97,0.0000,0.0000,0.0000,0
0.676,-117,44,-13,1470,1499,-1.25,-0.97,0.0000,0.0000,0.0000,0
0.693,-116,46,-13,1470,1499,-1.25,-0.97,0.0000,0.0000,0.0000,0
0.712,-112,48,-14,1470,1499,-1.25,-0.97,0.0000,0.0000,0.0000,0
0.729,-109,49,-14,1470,1499,-1.25,-0.97,0.0000,0.0000,0.0000,0
0.748,-107,51,-13,1470,1499,-1.25,-0.97,0.0000,0.0000,0.0000,0
0.766,-105,51,-13,1470,1499,-1.25,-0.97,0.0000,0.0000,0.0000,0
0.784,-101,53,-13,1470,1499,-1.25,-0.97,0.0000,0.0000,0.0000,0
0.802,-98,53,-14,1471,1499,-1.25,-0.97,0.0000,0.0000,0.0000,0
0.819,-98,53,-14,1471,1499,-1.25,-0.97,0.0000,0.0000,0.0000,0
0.841,-94,54,-14,1472,1499,-1.25,-0.97,0.0000,0.0000,0.0000,0
0.858,-91,55,-14,1473,1499,-1.23,-0.15,0.0000,0.0000,0.0000,0
0.877,-91,55,-14,1473,1499,-1.23,-0.15,0.0000,0.0000,0.0000,0
0.894,-88,55,-14,1474,1499,-1.23,-0.15,0.0000,0.0000,0.0000,0
0.914,-86,55,-14,1475,1499,-1.23,-0.15,0.0000,0.0000,0.0000,0
0.931,-86,55,-14,1475,1499,-1.23,-0.15,0.0000,0.0000,0.0000,0
0.949,-82,55,-15,1476,1499,-1.23,-0.15,0.0000,0.0000,0.0000,0
0.966,-80,55,-15,1476,1499,-1.23,-0.15,0.0000,0.0000,0.0000,0
0.983,-75,56,-14,1478,1499,-1.23,-0.15,0.0000,0.0000,0.0000,0
1.000,-73,57,-13,1479,1499,-1.23,-0.15,0.0000,0.0000,0.0000,0
1.018,-71,57,-13,1479,1499,-1.23,-0.15,0.0000,0.0000,0.0000,0
1.035,-67,57,-13,1480,1499,-1.23,-0.15,0.0000,0.0000,0.0000,0
1.052,-66,57,-13,1481,1499,-1.23,-0.15,0.0000,0.0000,0.0000,0
1.070,-64,57,-14,1481,1499,-1.23,-0.15,0.0000,0.0000,0.0000,0
1.087,-63,57,-14,1482,1499,-1.23,-0.15,0.0000,0.0000,0.0000,0
1.111,-62,56,-13,1482,1499,-0.52,0.05,0.0000,0.0000,0.0000,0
1.130,-60,56,-12,1482,1499,-0.52,0.05,0.0000,0.0000,0.0000,1
1.147,-60,56,-12,1482,1499,-0.52,0.05,0.0000,0.0000,0.0000,1
1.165,-59,55,-13,1483,1499,-0.52,0.05,0.0000,0.0000,0.0000,1
1.183,-57,55,-13,1483,1499,-0.52,0.05,0.0000,0.0000,0.0000,1
1.201,-54,54,-13,1484,1499,-0.52,0.05,0.0000,0.0000,0.0000,1
1.218,-53,53,-13,1485,1499,-0.52,0.05,0.0000,0.0000,0.0000,1
1.236,-49,53,-13,1491,1499,-0.52,0.05,0.0000,0.0000,0.0000,1
1.253,-47,52,-13,1491,1499,-0.52,0.05,0.0000,0.0000,0.0000,1
1.270,-45,53,-13,1491,1499,-0.52,0.05,0.0000,0.0000,0.0000,1
1.288,-44,52,-13,1492,1499,-0.52,0.05,0.0000,0.0000,0.0000,1
1.305,-42,53,-13,1492,1499,-0.52,0.05,0.0000,0.0000,0.0000,1
1.322,-40,53,-13,1492,1499,-0.52,0.05,0.0000,0.0000,0.0000,1
1.340,-38,53,-12,1493,1499,-0.52,0.05,0.0000,0.0000,0.0000,1
1.357,-37,53,-13,1493,1499,0.08,0.05,0.0000,0.0000,0.0000,1
1.374,-37,53,-13,1493,1499,0.08,0.05,0.0000,0.0000,0.0000,1
1.392,-35,53,-12,1493,1499,0.08,0.05,0.0000,0.0000,0.0000,1
1.409,-34,53,-12,1494,1499,0.08,0.05,0.0000,0.0000,0.0000,1
1.427,-32,53,-13,1494,1499,0.08,0.05,0.0000,0.0000,0.0000,1
1.444,-29,51,-12,1495,1499,0.08,0.05,0.0000,0.0000,0.0000,1
1.462,-28,50,-12,1495,1499,0.08,0.05,0.0000,0.0000,0.0000,1
1.480,-27,50,-12,1495,1499,0.08,0.05,0.0000,0.0000,0.0000,1
1.497,-26,50,-12,1495,1499,0.08,0.05,0.0000,0.0000,0.0000,1
1.515,-25,50,-12,1495,1499,0.08,0.05,0.0000,0.0000,0.0000,1
1.532,-24,50,-13,1496,1499,0.08,0.05,0.0000,0.0000,0.0000,1
1.549,-23,50,-12,1496,1499,0.08,0.05,0.0000,0.0000,0.0000,1
1.566,-21,49,-12,1496,1499,0.08,0.05,0.0000,0.0000,0.0000,1
1.584,-20,48,-12,1496,1499,0.08,0.05,0.0000,0.0000,0.0000,1
1.601,-20,48,-12,1496,1499,0.36,-0.10,0.0000,0.0000,0.0000,1
1.619,-19,47,-12,1497,1499,0.36,-0.10,0.0000,0.0000,0.0000,1
1.636,-18,46,-12,1497,1499,0.36,-0.10,0.0000,0.0000,0.0000,1
1.656,-18,45,-13,1497,1499,0.36,-0.10,0.0000,0.0000,0.0000,1
1.675,-18,45,-13,1497,1499,0.36,-0.10,0.0000,0.0000,0.0000,1
1.692,-17,44,-13,1497,1499,0.36,-0.10,0.0000,0.0000,0.0000,1
1.712,-17,44,-12,1497,1499,0.36,-0.10,0.0000,0.0000,0.0000,1
1.729,-16,43,-12,1497,1499,0.36,-0.10,0.0000,0.0000,0.0000,1
1.747,-16,43,-12,1497,1499,0.36,-0.10,0.0000,0.0000,0.0000,1
1.767,-15,42,-12,1497,1499,0.36,-0.10,0.0000,0.0000,0.0000,1
1.784,-14,42,-12,1498,1499,0.36,-0.10,0.0000,0.0000,0.0000,1
1.803,-13,42,-12,1498,1499,0.36,-0.10,0.0000,0.0000,0.0000,1
1.821,-12,41,-12,1498,1499,0.36,-0.10,0.0000,0.0000,0.0000,1
1.839,-11,41,-13,1498,1499,0.36,-0.10,0.0000,0.0000,0.0000,1
1.859,-10,41,-13,1498,1499,0.72,-0.36,0.0000,0.0000,0.0000,1
1.876,-9,41,-13,1499,1499,0.72,-0.36,0.0000,0.0000,0.0000,1
1.895,-8,41,-12,1499,1499,0.72,-0.36,0.0000,0.0000,0.0000,1
1.915,-7,41,-12,1499,1499,0.72,-0.36,0.0000,0.0000,0.0000,1
1.934,-6,41,-12,1499,1499,0.72,-0.36,0.0000,0.0000,0.0000,1
1.951,-5,41,-12,1499,1499,0.72,-0.36,0.0000,0.0000,0.0000,1
1.969,-4,41,-13,1500,1499,0.72,-0.36,0.0000,0.0000,0.0000,1
1.986,-4,41,-13,1500,1499,0.72,-0.36,0.0000,0.0000,0.0000,1
2.003,-3,41,-12,1500,1499,0.72,-0.36,0.0000,0.0000,0.0000,1
2.021,-3,41,-12,1500,1499,0.72,-0.36,0.0000,0.0000,0.0000,1
2.038,-3,41,-12,1500,1499,0.72,-0.36,0.0000,0.0000,0.0000,1
2.055,-3,41,-12,1500,1499,0.72,-0.36,0.0000,0.0000,0.0000,1
2.072,-3,41,-12,1500,1499,0.72,-0.36,0.0000,0.0000,0.0000,1
2.089,-3,42,-13,1500,1499,1.15,-0.18,0.0000,0.0000,0.0000,1
2.107,-3,42,-13,1500,1499,1.15,-0.18,0.0000,0.0000,0.0000,1
2.124,-3,42,-13,1500,1499,1.15,-0.18,0.0000,0.0000,0.0000,1
2.141,-3,43,-13,1500,1499,1.15,-0.18,0.0000,0.0000,0.0000,1
2.159,-4,43,-12,1500,1499,1.15,-0.18,0.0000,0.0000,0.0000,1
2.176,-4,43,-13,1500,1499,1.15,-0.18,0.0000,0.0000,0.0000,1
2.193,-5,43,-12,1499,1499,1.15,-0.18,0.0000,0.0000,0.0000,1
2.210,-5,43,-13,1499,1499,1.15,-0.18,0.0000,0.0000,0.0000,1
2.229,-6,43,-13,1499,1499,1.15,-0.18,0.0000,0.0000,0.0000,1
2.246,-7,42,-13,1499,1499,1.15,-0.18,0.0000,0.0000,0.0000,1
2.264,-7,42,-13,1499,1499,1.15,-0.18,0.0000,0.0000,0.0000,1
2.281,-9,41,-13,1499,1499,1.15,-0.18,0.0000,0.0000,0.0000,1
2.298,-9,41,-13,1499,1499,1.15,-0.18,0.0000,0.0000,0.0000,1
2.316,-10,40,-13,1498,1499,1.15,-0.18,0.0000,0.0000,0.0000,1
2.333,-11,40,-13,1498,1499,1.15,-0.18,0.0000,0.0000,0.0000,1
2.351,-12,39,-13,1498,1499,0.93,-0.42,0.0000,0.0000,0.0000,1
2.369,-13,39,-13,1498,1499,0.93,-0.42,0.0000,0.0000,0.0000,1
2.387,-14,38,-14,1498,1499,0.93,-0.42,0.0000,0.0000,0.0000,1
2.406,-15,38,-14,1497,1499,0.93,-0.42,0.0000,0.0000,0.0000,1
2.424,-16,38,-14,1497,1499,0.93,-0.42,0.0000,0.0000,0.0000,1
2.442,-19,38,-13,1497,1499,0.93,-0.42,0.0000,0.0000,0.0000,1
2.459,-20,38,-13,1496,1499,0.93,-0.42,0.0000,0.0000,0.0000,1
2.477,-22,38,-13,1496,1499,0.93,-0.42,0.0000,0.0000,0.0000,1
2.494,-23,38,-13,1496,1499,0.93,-0.42,0.0000,0.0000,0.0000,1
2.511,-25,37,-14,1495,1499,0.93,-0.42,0.0000,0.0000,0.0000,1
2.528,-27,36,-14,1495,1499,0.93,-0.42,0.0000,0.0000,0.0000,1
2.546,-28,36,-13,1495,1499,0.93,-0.42,0.0000,0.0000,0.0000,1
2.563,-30,35,-13,1494,1499,0.93,-0.42,0.0000,0.0000,0.0000,1
2.580,-32,35,-13,1494,1499,0.93,-0.42,0.0000,0.0000,0.0000,1
2.600,-34,34,-14,1494,1499,0.29,-0.55,0.0000,0.0000,0.0000,1
2.618,-38,33,-13,1493,1499,0.29,-0.55,0.0000,0.0000,0.0000,1
2.637,-38,33,-13,1493,1499,0.29,-0.55,0.0000,0.0000,0.0000,1
2.656,-43,32,-14,1492,1499,0.29,-0.55,0.0000,0.0000,0.0000,1
2.673,-45,32,-14,1491,1499,0.29,-0.55,0.0000,0.0000,0.0000,1
2.690,-48,31,-14,1491,1499,0.29,-0.55,0.0000,0.0000,0.0000,1
2.709,-51,30,-14,1485,1499,0.29,-0.55,0.0000,0.0000,0.0000,1
2.726,-54,30,-14,1484,1499,0.29,-0.55,0.0000,0.0000,0.0000,1
2.744,-56,29,-14,1484,1499,0.29,-0.55,0.0000,0.0000,0.0000,1
2.761,-59,28,-13,1483,1499,0.29,-0.55,0.0000,0.0000,0.0000,1
2.780,-62,28,-14,1482,1499,0.29,-0.55,0.0000,0.0000,0.0000,0
0.017,-65,27,-14,1481,1499,0.29,-0.55,0.0000,0.0000,0.0000,0
0.035,-68,26,-14,1480,1499,0.29,-0.55,0.0000,0.0000,0.0000,0
0.053,-70,25,-15,1479,1499,0.29,-0.55,0.0000,0.0000,0.0000,0
0.073,-75,24,-15,1478,1499,-0.01,-0.89,0.0000,0.0000,0.0000,0
0.095,-77,23,-14,1477,1499,-0.01,-0.89,0.0000,0.0000,0.0000,0
0.112,-79,23,-13,1477,1499,-0.01,-0.89,0.0000,0.0000,0.0000,0
0.129,-81,23,-13,1476,1499,-0.01,-0.89,0.0000,0.0000,0.0000,0
0.147,-82,23,-13,1476,1499,-0.01,-0.89,0.0000,0.0000,0.0000,0
0.164,-84,23,-13,1475,1499,-0.01,-0.89,0.0000,0.0000,0.0000,0
0.182,-85,23,-14,1475,1499,-0.01,-0.89,0.0000,0.0000,0.0000,0
0.199,-87,24,-14,1474,1499,-0.01,-0.89,0.0000,0.0000,0.0000,0
0.216,-87,24,-14,1474,1499,-0.01,-0.89,0.0000,0.0000,0.0000,0
0.237,-88,25,-13,1474,1499,-0.01,-0.89,0.0000,0.0000,0.0000,0
0.254,-88,26,-13,1474,1499,-0.01,-0.89,0.0000,0.0000,0.0000,0
0.274,-88,27,-14,1474,1499,-0.01,-0.89,0.0000,0.0000,0.0000,0
0.291,-88,28,-14,1474,1499,-0.01,-0.89,0.0000,0.0000,0.0000,0
0.308,-87,29,-14,1474,1499,-0.15,-0.28,0.0000,0.0000,0.0000,0
0.325,-87,30,-13,1474,1499,-0.15,-0.28,0.0000,0.0000,0.0000,0
0.343,-86,31,-12,1475,1499,-0.15,-0.28,0.0000,0.0000,0.0000,0
0.360,-86,32,-13,1475,1499,-0.15,-0.28,0.0000,0.0000,0.0000,0
0.378,-86,33,-13,1475,1499,-0.15,-0.28,0.0000,0.0000,0.0000,0
0.396,-86,33,-13,1475,1499,-0.15,-0.28,0.0000,0.0000,0.0000,0
0.414,-86,34,-14,1475,1499,-0.15,-0.28,0.0000,0.0000,0.0000,0
0.433,-86,34,-13,1475,1499,-0.15,-0.28,0.0000,0.0000,0.0000,0
0.452,-86,36,-12,1475,1499,-0.15,-0.28,0.0000,0.0000,0.0000,0
0.470,-86,36,-11,1475,1499,-0.15,-0.28,0.0000,0.0000,0.0000,0
0.487,-86,36,-11,1475,1499,-0.15,-0.28,0.0000,0.0000,0.0000,0
0.504,-87,37,-11,1474,1499,-0.15,-0.28,0.0000,0.0000,0.0000,0
0.522,-87,37,-11,1474,1499,-0.15,-0.28,0.0000,0.0000,0.0000,0
0.540,-87,38,-11,1474,1499,-0.15,-0.28,0.0000,0.0000,0.0000,0
0.558,-86,38,-11,1475,1499,-0.27,0.28,0.0000,0.0000,0.0000,0
0.576,-86,38,-11,1475,1499,-0.27,0.28,0.0000,0.0000,0.0000,0
0.593,-86,38,-12,1475,1499,-0.27,0.28,0.0000,0.0000,0.0000,0
0.612,-86,39,-12,1475,1499,-0.27,0.28,0.0000,0.0000,0.0000,0
0.630,-85,39,-13,1475,1499,-0.27,0.28,0.0000,0.0000,0.0000,0
0.649,-85,40,-12,1475,1499,-0.27,0.28,0.0000,0.0000,0.0000,0
0.667,-84,40,-11,1475,1499,-0.27,0.28,0.0000,0.0000,0.0000,0
0.684,-84,39,-11,1475,1499,-0.27,0.28,0.0000,0.0000,0.0000,0
0.702,-84,39,-10,1475,1499,-0.27,0.28,0.0000,0.0000,0.0000,0
0.720,-84,38,-10,1475,1499,-0.27,0.28,0.0000,0.0000,0.0000,0
0.738,-84,38,-11,1475,1499,-0.27,0.28,0.0000,0.0000,0.0000,0
0.756,-84,37,-11,1475,1499,-0.27,0.28,0.0000,0.0000,0.0000,0
0.773,-84,37,-11,1475,1499,-0.27,0.28,0.0000,0.0000,0.0000,0
0.790,-84,37,-12,1475,1499,-0.27,0.28,0.0000,0.0000,0.0000,0
0.808,-84,37,-12,1475,1499,-0.49,0.13,0.0000,0.0000,0.0000,0
0.825,-84,36,-13,1475,1499,-0.49,0.13,0.0000,0.0000,0.0000,0
0.844,-84,35,-12,1475,1499,-0.49,0.13,0.0000,0.0000,0.0000,0
0.863,-84,33,-11,1475,1499,-0.49,0.13,0.0000,0.0000,0.0000,0
0.887,-84,32,-11,1475,1499,-0.49,0.13,0.0000,0.0000,0.0000,0
0.904,-84,31,-10,1475,1499,-0.49,0.13,0.0000,0.0000,0.0000,0
0.922,-84,29,-11,1475,1499,-0.49,0.13,0.0000,0.0000,0.0000,0
0.939,-84,28,-10,1475,1499,-0.49,0.13,0.0000,0.0000,0.0000,0
0.958,-84,28,-11,1475,1499,-0.49,0.13,0.0000,0.0000,0.0000,0
0.975,-84,27,-10,1475,1499,-0.49,0.13,0.0000,0.0000,0.0000,0
0.993,-84,27,-11,1475,1499,-0.49,0.13,0.0000,0.0000,0.0000,0
1.010,-84,27,-10,1475,1499,-0.49,0.13,0.0000,0.0000,0.0000,0
1.027,-84,26,-10,1475,1499,-0.49,0.13,0.0000,0.0000,0.0000,0
1.044,-83,25,-10,1476,1499,-0.49,0.13,0.0000,0.0000,0.0000,0
1.061,-84,24,-9,1475,1500,0.18,-0.48,0.0000,0.0000,0.0000,0
1.078,-83,23,-10,1476,1499,0.18,-0.48,0.0000,0.0000,0.0000,0
1.096,-83,22,-9,1476,1500,0.18,-0.48,0.0000,0.0000,0.0000,0
1.113,-82,21,-9,1476,1500,0.18,-0.48,0.0000,0.0000,0.0000,0
1.130,-82,20,-9,1476,1500,0.18,-0.48,0.0000,0.0000,0.0000,0
1.148,-82,20,-9,1476,1500,0.18,-0.48,0.0000,0.0000,0.0000,0
1.165,-82,19,-9,1476,1500,0.18,-0.48,0.0000,0.0000,0.0000,0
1.182,-81,19,-9,1476,1500,0.18,-0.48,0.0000,0.0000,0.0000,0
1.199,-80,19,-10,1476,1499,0.18,-0.48,0.0000,0.0000,0.0000,0
1.217,-80,20,-10,1476,1499,0.18,-0.48,0.0000,0.0000,0.0000,0
1.234,-79,21,-11,1477,1499,0.18,-0.48,0.0000,0.0000,0.0000,0
1.253,-78,22,-10,1477,1499,0.18,-0.48,0.0000,0.0000,0.0000,0
1.271,-78,23,-10,1477,1499,0.18,-0.48,0.0000,0.0000,0.0000,0
1.288,-77,24,-10,1477,1499,0.18,-0.48,0.0000,0.0000,0.0000,0
1.305,-77,25,-10,1477,1499,0.18,-0.48,0.0000,0.0000,0.0000,0
1.323,-77,26,-11,1477,1499,0.45,-0.10,0.0000,0.0000,0.0000,0
1.344,-78,27,-11,1477,1499,0.45,-0.10,0.0000,0.0000,0.0000,0
1.367,-78,28,-11,1477,1499,0.45,-0.10,0.0000,0.0000,0.0000,0
1.384,-78,29,-11,1477,1499,0.45,-0.10,0.0000,0.0000,0.0000,0
1.401,-77,29,-10,1477,1499,0.45,-0.10,0.0000,0.0000,0.0000,0
1.420,-78,30,-9,1477,1500,0.45,-0.10,0.0000,0.0000,0.0000,0
1.438,-78,31,-9,1477,1500,0.45,-0.10,0.0000,0.0000,0.0000,0
1.455,-78,31,-8,1477,1500,0.45,-0.10,0.0000,0.0000,0.0000,0
1.472,-79,33,-8,1477,1500,0.45,-0.10,0.0000,0.0000,0.0000,0
1.491,-79,34,-8,1477,1500,0.45,-0.10,0.0000,0.0000,0.0000,0
1.511,-80,35,-8,1476,1500,0.45,-0.10,0.0000,0.0000,0.0000,0
1.528,-80,36,-8,1476,1500,0.45,-0.10,0.0000,0.0000,0.0000,0
1.547,-81,37,-9,1476,1500,0.45,-0.10,0.0000,0.0000,0.0000,0
1.564,-81,38,-9,1476,1500,0.25,0.69,0.0000,0.0000,0.0000,0
1.585,-82,39,-10,1476,1499,0.25,0.69,0.0000,0.0000,0.0000,0
1.606,-82,40,-10,1476,1499,0.25,0.69,0.0000,0.0000,0.0000,0
1.624,-82,40,-10,1476,1499,0.25,0.69,0.0000,0.0000,0.0000,0
1.642,-83,41,-9,1476,1500,0.25,0.69,0.0000,0.0000,0.0000,0
1.662,-84,42,-8,1475,1500,0.25,0.69,0.0000,0.0000,0.0000,0
1.680,-85,42,-8,1475,1500,0.25,0.69,0.0000,0.0000,0.0000,0
1.697,-85,43,-8,1475,1500,0.25,0.69,0.0000,0.0000,0.0000,0
1.715,-87,43,-9,1474,1500,0.25,0.69,0.0000,0.0000,0.0000,0
1.732,-88,43,-8,1474,1500,0.25,0.69,0.0000,0.0000,0.0000,0
1.750,-89,43,-9,1474,1500,0.25,0.69,0.0000,0.0000,0.0000,0
1.768,-89,43,-8,1474,1500,0.25,0.69,0.0000,0.0000,0.0000,0
1.787,-90,42,-9,1473,1500,0.25,0.69,0.0000,0.0000,0.0000,0
1.807,-91,41,-9,1473,1500,0.25,0.69,0.0000,0.0000,0.0000,0
1.825,-91,41,-9,1473,1500,-0.40,0.71,0.0000,0.0000,0.0000,0
1.842,-92,40,-10,1473,1499,-0.40,0.71,0.0000,0.0000,0.0000,0
1.860,-92,39,-9,1473,1500,-0.40,0.71,0.0000,0.0000,0.0000,0
1.878,-93,38,-10,1473,1499,-0.40,0.71,0.0000,0.0000,0.0000,0
1.897,-94,37,-10,1472,1499,-0.40,0.71,0.0000,0.0000,0.0000,0
1.915,-94,36,-11,1472,1499,-0.40,0.71,0.0000,0.0000,0.0000,0
1.935,-94,35,-11,1472,1499,-0.40,0.71,0.0000,0.0000,0.0000,0
1.952,-94,35,-11,1472,1499,-0.40,0.71,0.0000,0.0000,0.0000,0
1.970,-94,35,-10,1472,1499,-0.40,0.71,0.0000,0.0000,0.0000,0
1.992,-94,36,-11,1472,1499,-0.40,0.71,0.0000,0.0000,0.0000,0
2.009,-94,35,-9,1472,1500,-0.40,0.71,0.0000,0.0000,0.0000,0
2.026,-94,36,-10,1472,1499,-0.40,0.71,0.0000,0.0000,0.0000,0
2.043,-94,37,-10,1472,1499,-0.40,0.71,0.0000,0.0000,0.0000,0
2.060,-94,37,-10,1472,1499,-0.53,0.55,0.0000,0.0000,0.0000,0
2.078,-94,38,-10,1472,1499,-0.53,0.55,0.0000,0.0000,0.0000,0
2.095,-94,38,-10,1472,1499,-0.53,0.55,0.0000,0.0000,0.0000,0
2.113,-94,38,-10,1472,1499,-0.53,0.55,0.0000,0.0000,0.0000,0
2.130,-93,39,-10,1473,1499,-0.53,0.55,0.0000,0.0000,0.0000,0
2.148,-93,38,-10,1473,1499,-0.53,0.55,0.0000,0.0000,0.0000,0
2.166,-92,37,-10,1473,1499,-0.53,0.55,0.0000,0.0000,0.0000,0
2.185,-92,37,-10,1473,1499,-0.53,0.55,0.0000,0.0000,0.0000,0
2.202,-92,36,-10,1473,1499,-0.53,0.55,0.0000,0.0000,0.0000,0
2.221,-91,35,-11,1473,1499,-0.53,0.55,0.0000,0.0000,0.0000,0
2.238,-90,34,-11,1473,1499,-0.53,0.55,0.0000,0.0000,0.0000,0
2.256,-90,33,-11,1473,1499,-0.53,0.55,0.0000,0.0000,0.0000,0
2.274,-90,32,-13,1473,1499,-0.53,0.55,0.0000,0.0000,0.0000,0
2.291,-90,32,-13,1473,1499,-0.53,0.55,0.0000,0.0000,0.0000,0
2.309,-90,31,-14,1473,1499,-0.63,-0.08,0.0000,0.0000,0.0000,0
2.326,-90,31,-14,1473,1499,-0.63,-0.08,0.0000,0.0000,0.0000,0
2.344,-90,31,-14,1473,1499,-0.63,-0.08,0.0000,0.0000,0.0000,0
2.362,-90,30,-14,1473,1499,-0.63,-0.08,0.0000,0.0000,0.0000,0
2.379,-91,29,-13,1473,1499,-0.63,-0.08,0.0000,0.0000,0.0000,0
2.397,-91,28,-13,1473,1499,-0.63,-0.08,0.0000,0.0000,0.0000,0
2.415,-91,27,-12,1473,1499,-0.63,-0.08,0.0000,0.0000,0.0000,0
2.433,-92,25,-12,1473,1499,-0.63,-0.08,0.0000,0.0000,0.0000,0
2.456,-92,22,-11,1473,1499,-0.63,-0.08,0.0000,0.0000,0.0000,0
2.473,-93,20,-12,1473,1499,-0.63,-0.08,0.0000,0.0000,0.0000,0
2.493,-94,17,-13,1472,1499,-0.63,-0.08,0.0000,0.0000,0.0000,0
2.511,-94,16,-12,1472,1499,-0.63,-0.08,0.0000,0.0000,0.0000,0
2.531,-94,15,-12,1472,1499,-0.63,-0.08,0.0000,0.0000,0.0000,0
2.548,-94,15,-12,1472,1499,-0.63,-0.08,0.0000,0.0000,0.0000,0
2.566,-93,15,-12,1473,1499,-0.07,-1.20,0.0000,0.0000,0.0000,0
2.583,-93,16,-12,1473,1499,-0.07,-1.20,0.0000,0.0000,0.0000,0
2.601,-93,16,-13,1473,1499,-0.07,-1.20,0.0000,0.0000,0.0000,0
2.619,-93,17,-14,1473,1499,-0.07,-1.20,0.0000,0.0000,0.0000,0
2.637,-92,18,-14,1473,1499,-0.07,-1.20,0.0000,0.0000,0.0000,0
2.654,-89,19,-13,1474,1499,-0.07,-1.20,0.0000,0.0000,0.0000,0
2.672,-87,20,-13,1474,1499,-0.07,-1.20,0.0000,0.0000,0.0000,0
2.690,-85,21,-13,1475,1499,-0.07,-1.20,0.0000,0.0000,0.0000,0
2.707,-83,22,-13,1476,1499,-0.07,-1.20,0.0000,0.0000,0.0000,0
2.724,-80,23,-15,1476,1499,-0.07,-1.20,0.0000,0.0000,0.0000,0
2.742,-78,25,-15,1477,1499,-0.07,-1.20,0.0000,0.0000,0.0000,0
2.760,-75,27,-15,1478,1499,-0.07,-1.20,0.0000,0.0000,0.0000,0
2.778,-72,28,-14,1479,1499,-0.07,-1.20,0.0000,0.0000,0.0000,0
2.795,-69,29,-14,1480,1499,-0.07,-1.20,0.0000,0.0000,0.0000,0
2.812,-66,30,-14,1481,1499,0.42,-0.61,0.0000,0.0000,0.0000,0
2.830,-63,32,-13,1482,1499,0.42,-0.61,0.0000,0.0000,0.0000,0
2.848,-59,33,-13,1483,1499,0.42,-0.61,0.0000,0.0000,0.0000,1
2.870,-56,34,-13,1484,1499,0.42,-0.61,0.0000,0.0000,0.0000,1
2.889,-53,36,-13,1485,1499,0.42,-0.61,0.0000,0.0000,0.0000,1
2.906,-50,36,-14,1490,1499,0.42,-0.61,0.0000,0.0000,0.0000,1
2.923,-46,37,-13,1491,1499,0.42,-0.61,0.0000,0.0000,0.0000,1
2.941,-43,38,-14,1492,1499,0.42,-0.61,0.0000,0.0000,0.0000,1
2.959,-36,38,-15,1493,1499,0.42,-0.61,0.0000,0.0000,0.0000,1
2.976,-33,40,-15,1494,1499,0.42,-0.61,0.0000,0.0000,0.0000,1
2.994,-29,40,-14,1495,1499,0.42,-0.61,0.0000,0.0000,0.0000,1
3.011,-26,41,-14,1495,1499,0.42,-0.61,0.0000,0.0000,0.0000,1
3.028,-23,42,-13,1496,1499,0.42,-0.61,0.0000,0.0000,0.0000,1
3.046,-20,43,-13,1496,1499,0.42,-0.61,0.0000,0.0000,0.0000,1
3.063,-18,44,-14,1497,1499,0.32,-0.02,0.0000,0.0000,0.0000,1
3.080,-16,45,-14,1497,1499,0.32,-0.02,0.0000,0.0000,0.0000,1
3.101,-14,46,-14,1498,1499,0.32,-0.02,0.0000,0.0000,0.0000,1
3.121,-12,47,-14,1498,1499,0.32,-0.02,0.0000,0.0000,0.0000,1
3.139,-10,48,-14,1498,1499,0.32,-0.02,0.0000,0.0000,0.0000,1
3.158,-8,49,-14,1499,1499,0.32,-0.02,0.0000,0.0000,0.0000,1
3.175,-7,50,-14,1499,1499,0.32,-0.02,0.0000,0.0000,0.0000,1
3.192,-5,52,-14,1499,1499,0.32,-0.02,0.0000,0.0000,0.0000,1
3.209,-3,53,-13,1500,1499,0.32,-0.02,0.0000,0.0000,0.0000,1
3.227,0,53,-13,1500,1499,0.32,-0.02,0.0000,0.0000,0.0000,1
3.244,2,53,-13,1500,1499,0.32,-0.02,0.0000,0.0000,0.0000,1
3.261,4,53,-14,1500,1499,0.32,-0.02,0.0000,0.0000,0.0000,1
3.279,5,53,-14,1501,1499,0.32,-0.02,0.0000,0.0000,0.0000,1
3.295,7,54,-15,1501,1499,0.32,-0.02,0.0000,0.0000,0.0000,1
3.312,9,53,-14,1501,1499,0.11,0.23,0.0000,0.0000,0.0000,1
3.331,11,53,-14,1502,1499,0.11,0.23,0.0000,0.0000,0.0000,1
3.349,12,51,-14,1502,1499,0.11,0.23,0.0000,0.0000,0.0000,1
3.367,13,50,-14,1502,1499,0.11,0.23,0.0000,0.0000,0.0000,1
3.385,14,49,-15,1502,1499,0.11,0.23,0.0000,0.0000,0.0000,1
3.404,15,46,-15,1502,1499,0.11,0.23,0.0000,0.0000,0.0000,1
3.422,16,44,-15,1503,1499,0.11,0.23,0.0000,0.0000,0.0000,1
3.440,16,43,-16,1503,1499,0.11,0.23,0.0000,0.0000,0.0000,1
3.458,16,42,-15,1503,1499,0.11,0.23,0.0000,0.0000,0.0000,1
3.476,16,40,-15,1503,1499,0.11,0.23,0.0000,0.0000,0.0000,1
3.493,15,39,-16,1503,1499,0.11,0.23,0.0000,0.0000,0.0000,1
3.511,15,38,-16,1503,1499,0.11,0.23,0.0000,0.0000,0.0000,1
3.528,14,36,-16,1502,1499,0.11,0.23,0.0000,0.0000,0.0000,1
3.545,13,34,-16,1502,1499,0.11,0.23,0.0000,0.0000,0.0000,1
3.563,13,33,-16,1502,1499,0.97,-1.19,0.0000,0.0000,0.0000,1
3.581,12,32,-16,1502,1499,0.97,-1.19,0.0000,0.0000,0.0000,1
3.599,11,31,-17,1502,1499,0.97,-1.19,0.0000,0.0000,0.0000,1
3.617,11,30,-16,1502,1499,0.97,-1.19,0.0000,0.0000,0.0000,1
3.634,11,30,-16,1502,1499,0.97,-1.19,0.0000,0.0000,0.0000,1
3.652,10,31,-16,1502,1499,0.97,-1.19,0.0000,0.0000,0.0000,1
3.670,10,31,-16,1502,1499,0.97,-1.19,0.0000,0.0000,0.0000,1
3.688,9,32,-16,1501,1499,0.97,-1.19,0.0000,0.0000,0.0000,1
3.707,9,32,-17,1501,1499,0.97,-1.19,0.0000,0.0000,0.0000,1
3.724,9,33,-18,1501,1499,0.97,-1.19,0.0000,0.0000,0.0000,1
3.743,8,33,-17,1501,1499,0.97,-1.19,0.0000,0.0000,0.0000,1
3.760,8,34,-16,1501,1499,0.97,-1.19,0.0000,0.0000,0.0000,1
3.778,7,34,-16,1501,1499,0.97,-1.19,0.0000,0.0000,0.0000,1
3.797,7,35,-16,1501,1499,0.97,-1.19,0.0000,0.0000,0.0000,1
3.815,6,36,-16,1501,1499,0.80,-1.18,0.0000,0.0000,0.0000,1
3.832,5,37,-16,1501,1499,0.80,-1.18,0.0000,0.0000,0.0000,1
3.850,4,38,-16,1500,1499,0.80,-1.18,0.0000,0.0000,0.0000,1
3.868,3,39,-17,1500,1499,0.80,-1.18,0.0000,0.0000,0.0000,1
3.886,2,39,-17,1500,1499,0.80,-1.18,0.0000,0.0000,0.0000,1
3.903,1,39,-17,1500,1499,0.80,-1.18,0.0000,0.0000,0.0000,1
3.921,0,40,-17,1500,1499,0.80,-1.18,0.0000,0.0000,0.0000,1
3.938,-1,40,-18,1500,1499,0.80,-1.18,0.0000,0.0000,0.0000,1
3.955,-2,40,-17,1500,1499,0.80,-1.18,0.0000,0.0000,0.0000,1
3.972,-3,40,-17,1500,1499,0.80,-1.18,0.0000,0.0000,0.0000,1
3.989,-4,40,-16,1500,1499,0.80,-1.18,0.0000,0.0000,0.0000,1
4.007,-5,40,-17,1499,1499,0.80,-1.18,0.0000,0.0000,0.0000,1
4.024,-7,40,-17,1499,1499,0.80,-1.18,0.0000,0.0000,0.0000,1
4.043,-8,39,-17,1499,1499,0.80,-1.18,0.0000,0.0000,0.0000,1
4.061,-9,39,-17,1499,1499,0.50,-1.29,0.0000,0.0000,0.0000,1
4.079,-10,39,-18,1498,1499,0.50,-1.29,0.0000,0.0000,0.0000,1
4.096,-11,39,-17,1498,1499,0.50,-1.29,0.0000,0.0000,0.0000,1
4.114,-12,39,-17,1498,1499,0.50,-1.29,0.0000,0.0000,0.0000,1
4.133,-13,39,-17,1498,1499,0.50,-1.29,0.0000,0.0000,0.0000,1
4.152,-14,40,-16,1498,1499,0.50,-1.29,0.0000,0.0000,0.0000,1
4.172,-14,40,-17,1498,1499,0.50,-1.29,0.0000,0.0000,0.0000,1
4.189,-15,41,-16,1497,1499,0.50,-1.29,0.0000,0.0000,0.0000,1
4.207,-15,41,-16,1497,1499,0.50,-1.29,0.0000,0.0000,0.0000,1
4.225,-15,42,-16,1497,1499,0.50,-1.29,0.0000,0.0000,0.0000,1
4.243,-15,43,-16,1497,1499,0.50,-1.29,0.0000,0.0000,0.0000,1
4.260,-16,45,-16,1497,1499,0.50,-1.29,0.0000,0.0000,0.0000,1
4.278,-16,46,-16,1497,1499,0.50,-1.29,0.0000,0.0000,0.0000,1
4.295,-16,47,-16,1497,1499,0.50,-1.29,0.0000,0.0000,0.0000,1
4.316,-16,48,-16,1497,1499,0.16,-0.96,0.0000,0.0000,0.0000,1
4.335,-16,48,-16,1497,1499,0.16,-0.96,0.0000,0.0000,0.0000,1
4.352,-15,49,-15,1497,1499,0.16,-0.96,0.0000,0.0000,0.0000,1
4.369,-15,49,-15,1497,1499,0.16,-0.96,0.0000,0.0000,0.0000,1
4.386,-15,50,-15,1497,1499,0.16,-0.96,0.0000,0.0000,0.0000,1
4.404,-15,50,-15,1497,1499,0.16,-0.96,0.0000,0.0000,0.0000,1
4.421,-14,51,-15,1498,1499,0.16,-0.96,0.0000,0.0000,0.0000,1
4.438,-14,51,-15,1498,1499,0.16,-0.96,0.0000,0.0000,0.0000,1
4.455,-13,51,-15,1498,1499,0.16,-0.96,0.0000,0.0000,0.0000,1
4.473,-13,52,-15,1498,1499,0.16,-0.96,0.0000,0.0000,0.0000,1
4.490,-12,53,-15,1498,1499,0.16,-0.96,0.0000,0.0000,0.0000,1
4.508,-11,53,-15,1498,1499,0.16,-0.96,0.0000,0.0000,0.0000,1
4.526,-10,54,-15,1498,1499,0.16,-0.96,0.0000,0.0000,0.0000,1
4.543,-9,54,-15,1499,1499,0.16,-0.96,0.0000,0.0000,0.0000,1
4.560,-8,55,-15,1499,1499,0.04,-0.56,0.0000,0.0000,0.0000,1
4.578,-8,56,-15,1499,1499,0.04,-0.56,0.0000,0.0000,0.0000,1
4.597,-6,58,-16,1499,1499,0.04,-0.56,0.0000,0.0000,0.0000,1
4.615,-6,59,-15,1499,1499,0.04,-0.56,0.0000,0.0000,0.0000,1
4.632,-6,59,-15,1499,1499,0.04,-0.56,0.0000,0.0000,0.0000,1
4.650,-5,59,-15,1499,1499,0.04,-0.56,0.0000,0.0000,0.0000,1
4.669,-5,59,-15,1499,1499,0.04,-0.56,0.0000,0.0000,0.0000,1
4.688,-4,60,-16,1500,1499,0.04,-0.56,0.0000,0.0000,0.0000,1
4.707,-4,60,-15,1500,1499,0.04,-0.56,0.0000,0.0000,0.0000,1
4.725,-3,61,-14,1500,1499,0.04,-0.56,0.0000,0.0000,0.0000,0
0.018,-3,62,-15,1500,1499,0.04,-0.56,0.0000,0.0000,0.0000,0
0.036,-2,63,-15,1500,1499,0.04,-0.56,0.0000,0.0000,0.0000,0
0.053,-2,64,-15,1500,1499,0.04,-0.56,0.0000,0.0000,0.0000,0
0.070,-1,64,-15,1500,1499,0.04,-0.56,0.0000,0.0000,0.0000,0
0.088,-1,65,-14,1500,1499,0.60,-0.09,0.0000,0.0000,0.0000,0
0.106,0,67,-15,1500,1499,0.60,-0.09,0.0000,0.0000,0.0000,0
0.123,0,68,-15,1500,1499,0.60,-0.09,0.0000,0.0000,0.0000,0
0.141,1,69,-14,1500,1499,0.60,-0.09,0.0000,0.0000,0.0000,0
0.160,1,70,-14,1500,1499,0.60,-0.09,0.0000,0.0000,0.0000,0
0.178,2,70,-14,1500,1499,0.60,-0.09,0.0000,0.0000,0.0000,0
0.196,3,71,-15,1500,1499,0.60,-0.09,0.0000,0.0000,0.0000,0
0.214,3,71,-14,1500,1499,0.60,-0.09,0.0000,0.0000,0.0000,0
0.231,4,71,-14,1500,1499,0.60,-0.09,0.0000,0.0000,0.0000,0
0.248,5,72,-14,1501,1499,0.60,-0.09,0.0000,0.0000,0.0000,0
0.267,6,72,-14,1501,1499,0.60,-0.09,0.0000,0.0000,0.0000,0
0.284,7,72,-14,1501,1499,0.60,-0.09,0.0000,0.0000,0.0000,0
0.302,8,72,-14,1501,1499,0.60,-0.09,0.0000,0.0000,0.0000,0
0.319,8,72,-14,1501,1499,0.60,-0.09,0.0000,0.0000,0.0000,0
0.336,9,71,-14,1501,1499,0.25,0.34,0.0000,0.0000,0.0000,0
0.353,9,71,-14,1501,1499,0.25,0.34,0.0000,0.0000,0.0000,0
0.370,10,71,-14,1502,1499,0.25,0.34,0.0000,0.0000,0.0000,0
0.387,11,71,-14,1502,1499,0.25,0.34,0.0000,0.0000,0.0000,0
0.405,11,70,-14,1502,1499,0.25,0.34,0.0000,0.0000,0.0000,0
0.422,12,70,-14,1502,1499,0.25,0.34,0.0000,0.0000,0.0000,0
0.439,13,70,-14,1502,1499,0.25,0.34,0.0000,0.0000,0.0000,0
0.457,14,70,-14,1502,1499,0.25,0.34,0.0000,0.0000,0.0000,0
0.474,14,69,-14,1502,1499,0.25,0.34,0.0000,0.0000,0.0000,0
0.491,14,67,-14,1502,1499,0.25,0.34,0.0000,0.0000,0.0000,0
0.508,14,67,-14,1502,1499,0.25,0.34,0.0000,0.0000,0.0000,0
0.525,14,65,-14,1502,1499,0.25,0.34,0.0000,0.0000,0.0000,0
0.543,14,63,-14,1502,1499,0.25,0.34,0.0000,0.0000,0.0000,0
0.560,14,62,-14,1502,1499,0.25,0.34,0.0000,0.0000,0.0000,0
0.578,13,60,-15,1502,1499,-0.46,-0.23,0.0000,0.0000,0.0000,1
0.596,13,58,-15,1502,1499,-0.46,-0.23,0.0000,0.0000,0.0000,1
0.615,13,56,-14,1502,1499,-0.46,-0.23,0.0000,0.0000,0.0000,1
0.633,13,55,-14,1502,1499,-0.46,-0.23,0.0000,0.0000,0.0000,1
0.652,13,53,-14,1502,1499,-0.46,-0.23,0.0000,0.0000,0.0000,1
0.671,13,52,-14,1502,1499,-0.46,-0.23,0.0000,0.0000,0.0000,1
0.689,13,50,-14,1502,1499,-0.46,-0.23,0.0000,0.0000,0.0000,1
0.707,13,49,-14,1502,1499,-0.46,-0.23,0.0000,0.0000,0.0000,1
0.724,13,48,-15,1502,1499,-0.46,-0.23,0.0000,0.0000,0.0000,1
0.742,13,48,-14,1502,1499,-0.46,-0.23,0.0000,0.0000,0.0000,1
0.759,13,47,-14,1502,1499,-0.46,-0.23,0.0000,0.0000,0.0000,1
0.776,13,46,-14,1502,1499,-0.46,-0.23,0.0000,0.0000,0.0000,1
0.793,12,46,-14,1502,1499,-0.46,-0.23,0.0000,0.0000,0.0000,1
0.810,12,45,-14,1502,1499,-0.46,-0.23,0.0000,0.0000,0.0000,1
0.828,11,46,-15,1502,1499,-0.48,-1.00,0.0000,0.0000,0.0000,1
0.845,10,46,-14,1502,1499,-0.48,-1.00,0.0000,0.0000,0.0000,1
0.863,10,45,-15,1502,1499,-0.48,-1.00,0.0000,0.0000,0.0000,1
0.881,9,46,-14,1501,1499,-0.48,-1.00,0.0000,0.0000,0.0000,1
0.898,9,46,-14,1501,1499,-0.48,-1.00,0.0000,0.0000,0.0000,1
0.919,8,46,-14,1501,1499,-0.48,-1.00,0.0000,0.0000,0.0000,1
0.936,7,46,-15,1501,1499,-0.48,-1.00,0.0000,0.0000,0.0000,1
0.955,6,47,-14,1501,1499,-0.48,-1.00,0.0000,0.0000,0.0000,1
0.972,4,46,-14,1500,1499,-0.48,-1.00,0.0000,0.0000,0.0000,1
0.990,3,47,-15,1500,1499,-0.48,-1.00,0.0000,0.0000,0.0000,1
1.007,1,47,-14,1500,1499,-0.48,-1.00,0.0000,0.0000,0.0000,1
1.026,0,46,-14,1500,1499,-0.48,-1.00,0.0000,0.0000,0.0000,1
1.044,-3,46,-14,1500,1499,-0.48,-1.00,0.0000,0.0000,0.0000,1
1.061,-5,45,-14,1499,1499,-0.48,-1.00,0.0000,0.0000,0.0000,1
1.078,-7,45,-15,1499,1499,-0.36,-1.06,0.0000,0.0000,0.0000,1
1.096,-8,44,-14,1499,1499,-0.36,-1.06,0.0000,0.0000,0.0000,1
1.116,-10,43,-14,1498,1499,-0.36,-1.06,0.0000,0.0000,0.0000,1
1.134,-12,43,-14,1498,1499,-0.36,-1.06,0.0000,0.0000,0.0000,1
1.151,-15,43,-15,1497,1499,-0.36,-1.06,0.0000,0.0000,0.0000,1
1.168,-17,42,-14,1497,1499,-0.36,-1.06,0.0000,0.0000,0.0000,1
1.188,-18,42,-13,1497,1499,-0.36,-1.06,0.0000,0.0000,0.0000,1
1.205,-20,42,-14,1496,1499,-0.36,-1.06,0.0000,0.0000,0.0000,1
1.222,-22,42,-15,1496,1499,-0.36,-1.06,0.0000,0.0000,0.0000,1
1.240,-25,42,-13,1495,1499,-0.36,-1.06,0.0000,0.0000,0.0000,1
1.257,-25,42,-13,1495,1499,-0.36,-1.06,0.0000,0.0000,0.0000,1
1.275,-27,43,-13,1495,1499,-0.36,-1.06,0.0000,0.0000,0.0000,1
1.293,-28,42,-14,1495,1499,-0.36,-1.06,0.0000,0.0000,0.0000,1
1.310,-29,42,-13,1495,1499,-0.36,-1.06,0.0000,0.0000,0.0000,1
1.327,-30,43,-13,1494,1499,0.31,-1.06,0.0000,0.0000,0.0000,1
1.345,-30,43,-13,1494,1499,0.31,-1.06,0.0000,0.0000,0.0000,1
1.364,-31,44,-14,1494,1499,0.31,-1.06,0.0000,0.0000,0.0000,1
1.384,-31,46,-13,1494,1499,0.31,-1.06,0.0000,0.0000,0.0000,1
1.402,-31,47,-13,1494,1499,0.31,-1.06,0.0000,0.0000,0.0000,1
1.420,-31,48,-14,1494,1499,0.31,-1.06,0.0000,0.0000,0.0000,1
1.437,-31,49,-13,1494,1499,0.31,-1.06,0.0000,0.0000,0.0000,1
1.454,-30,51,-13,1494,1499,0.31,-1.06,0.0000,0.0000,0.0000,1
1.471,-30,52,-13,1494,1499,0.31,-1.06,0.0000,0.0000,0.0000,1
1.490,-30,53,-13,1494,1499,0.31,-1.06,0.0000,0.0000,0.0000,1
1.508,-30,53,-14,1494,1499,0.31,-1.06,0.0000,0.0000,0.0000,1
1.525,-29,54,-13,1495,1499,0.31,-1.06,0.0000,0.0000,0.0000,1
1.542,-29,55,-12,1495,1499,0.31,-1.06,0.0000,0.0000,0.0000,1
1.560,-29,55,-12,1495,1499,0.31,-1.06,0.0000,0.0000,0.0000,1
1.577,-29,56,-13,1495,1499,-0.28,-0.12,0.0000,0.0000,0.0000,1
1.595,-28,57,-12,1495,1499,-0.28,-0.12,0.0000,0.0000,0.0000,1
1.613,-28,57,-12,1495,1499,-0.28,-0.12,0.0000,0.0000,0.0000,1
1.631,-28,57,-13,1495,1499,-0.28,-0.12,0.0000,0.0000,0.0000,1
1.649,-28,58,-13,1495,1499,-0.28,-0.12,0.0000,0.0000,0.0000,1
1.667,-27,58,-12,1495,1499,-0.28,-0.12,0.0000,0.0000,0.0000,1
1.684,-27,58,-12,1495,1499,-0.28,-0.12,0.0000,0.0000,0.0000,1
1.703,-25,58,-12,1495,1499,-0.28,-0.12,0.0000,0.0000,0.0000,1
1.722,-24,59,-12,1496,1499,-0.28,-0.12,0.0000,0.0000,0.0000,1
1.739,-23,59,-11,1496,1499,-0.28,-0.12,0.0000,0.0000,0.0000,1
1.757,-21,60,-12,1496,1499,-0.28,-0.12,0.0000,0.0000,0.0000,1
1.775,-20,60,-12,1496,1499,-0.28,-0.12,0.0000,0.0000,0.0000,1
1.792,-18,60,-11,1497,1499,-0.28,-0.12,0.0000,0.0000,0.0000,1
1.809,-18,59,-12,1497,1499,-0.28,-0.12,0.0000,0.0000,0.0000,1
1.827,-17,59,-12,1497,1499,-1.04,0.16,0.0000,0.0000,0.0000,1
1.845,-16,59,-11,1497,1499,-1.04,0.16,0.0000,0.0000,0.0000,1
1.864,-15,59,-11,1497,1499,-1.04,0.16,0.0000,0.0000,0.0000,1
1.888,-15,59,-12,1497,1499,-1.04,0.16,0.0000,0.0000,0.0000,1
1.906,-14,59,-12,1498,1499,-1.04,0.16,0.0000,0.0000,0.0000,1
1.924,-14,59,-12,1498,1499,-1.04,0.16,0.0000,0.0000,0.0000,1
1.942,-13,59,-12,1498,1499,-1.04,0.16,0.0000,0.0000,0.0000,1
1.959,-12,59,-12,1498,1499,-1.04,0.16,0.0000,0.0000,0.0000,1
1.979,-12,59,-12,1498,1499,-1.04,0.16,0.0000,0.0000,0.0000,1
1.996,-11,57,-11,1498,1499,-1.04,0.16,0.0000,0.0000,0.0000,1
2.014,-10,57,-11,1498,1499,-1.04,0.16,0.0000,0.0000,0.0000,1
2.033,-9,56,-11,1499,1499,-1.04,0.16,0.0000,0.0000,0.0000,1
2.051,-8,56,-11,1499,1499,-1.04,0.16,0.0000,0.0000,0.0000,1
2.069,-7,56,-11,1499,1499,-1.04,0.16,0.0000,0.0000,0.0000,1
2.086,-6,56,-11,1499,1499,-0.85,0.02,0.0000,0.0000,0.0000,1
2.106,-5,55,-10,1499,1499,-0.85,0.02,0.0000,0.0000,0.0000,1
2.123,-4,54,-11,1500,1499,-0.85,0.02,0.0000,0.0000,0.0000,1
2.141,-3,54,-11,1500,1499,-0.85,0.02,0.0000,0.0000,0.0000,1
2.158,-3,53,-11,1500,1499,-0.85,0.02,0.0000,0.0000,0.0000,1
2.176,-2,53,-10,1500,1499,-0.85,0.02,0.0000,0.0000,0.0000,1
2.194,-2,52,-11,1500,1499,-0.85,0.02,0.0000,0.0000,0.0000,1
2.211,-1,52,-11,1500,1499,-0.85,0.02,0.0000,0.0000,0.0000,1
2.229,-1,51,-11,1500,1499,-0.85,0.02,0.0000,0.0000,0.0000,1
2.247,-1,51,-11,1500,1499,-0.85,0.02,0.0000,0.0000,0.0000,1
2.265,-1,50,-11,1500,1499,-0.85,0.02,0.0000,0.0000,0.0000,1
2.282,-1,50,-10,1500,1499,-0.85,0.02,0.0000,0.0000,0.0000,1
2.300,-1,49,-11,1500,1499,-0.85,0.02,0.0000,0.0000,0.0000,1
2.321,0,49,-11,1500,1499,-0.13,-0.44,0.0000,0.0000,0.0000,1
2.338,0,49,-11,1500,1499,-0.13,-0.44,0.0000,0.0000,0.0000,1
2.357,0,48,-12,1500,1499,-0.13,-0.44,0.0000,0.0000,0.0000,1
2.375,1,48,-11,1500,1499,-0.13,-0.44,0.0000,0.0000,0.0000,1
2.395,1,48,-11,1500,1499,-0.13,-0.44,0.0000,0.0000,0.0000,1
2.413,2,49,-12,1500,1499,-0.13,-0.44,0.0000,0.0000,0.0000,1
2.430,2,49,-11,1500,1499,-0.13,-0.44,0.0000,0.0000,0.0000,1
2.447,3,50,-11,1500,1499,-0.13,-0.44,0.0000,0.0000,0.0000,1
2.465,4,51,-11,1500,1499,-0.13,-0.44,0.0000,0.0000,0.0000,1
2.482,6,52,-12,1501,1499,-0.13,-0.44,0.0000,0.0000,0.0000,1
2.500,7,53,-12,1501,1499,-0.13,-0.44,0.0000,0.0000,0.0000,1
2.520,9,54,-11,1501,1499,-0.13,-0.44,0.0000,0.0000,0.0000,1
2.539,11,55,-12,1502,1499,-0.13,-0.44,0.0000,0.0000,0.0000,1
2.556,14,57,-12,1502,1499,-0.13,-0.44,0.0000,0.0000,0.0000,1
2.575,15,58,-12,1503,1499,0.21,-0.02,0.0000,0.0000,0.0000,1
2.593,16,58,-12,1503,1499,0.21,-0.02,0.0000,0.0000,0.0000,1
2.610,17,59,-12,1503,1499,0.21,-0.02,0.0000,0.0000,0.0000,1
2.627,18,59,-11,1503,1499,0.21,-0.02,0.0000,0.0000,0.0000,1
2.645,19,60,-12,1503,1499,0.21,-0.02,0.0000,0.0000,0.0000,1
2.662,19,59,-12,1503,1499,0.21,-0.02,0.0000,0.0000,0.0000,1
2.679,20,59,-12,1504,1499,0.21,-0.02,0.0000,0.0000,0.0000,1
2.697,20,58,-12,1504,1499,0.21,-0.02,0.0000,0.0000,0.0000,1
2.714,20,57,-11,1504,1499,0.21,-0.02,0.0000,0.0000,0.0000,1
2.732,19,55,-12,1503,1499,0.21,-0.02,0.0000,0.0000,0.0000,1
2.750,18,55,-12,1503,1499,0.21,-0.02,0.0000,0.0000,0.0000,1
2.768,17,54,-13,1503,1499,0.21,-0.02,0.0000,0.0000,0.0000,1
2.785,17,55,-12,1503,1499,0.21,-0.02,0.0000,0.0000,0.0000,1
2.803,16,54,-12,1503,1499,0.21,-0.02,0.0000,0.0000,0.0000,1
2.820,15,53,-13,1503,1499,0.26,-0.63,0.0000,0.0000,0.0000,1
2.837,15,53,-13,1503,1499,0.26,-0.63,0.0000,0.0000,0.0000,1
2.855,15,52,-13,1503,1499,0.26,-0.63,0.0000,0.0000,0.0000,1
2.873,15,52,-13,1503,1499,0.26,-0.63,0.0000,0.0000,0.0000,1
2.891,14,51,-13,1502,1499,0.26,-0.63,0.0000,0.0000,0.0000,1
2.909,14,51,-13,1502,1499,0.26,-0.63,0.0000,0.0000,0.0000,1
2.927,14,50,-14,1502,1499,0.26,-0.63,0.0000,0.0000,0.0000,1
2.944,13,49,-13,1502,1499,0.26,-0.63,0.0000,0.0000,0.0000,1
2.961,13,48,-13,1502,1499,0.26,-0.63,0.0000,0.0000,0.0000,1
2.979,12,47,-13,1502,1499,0.26,-0.63,0.0000,0.0000,0.0000,1
2.997,12,46,-13,1502,1499,0.26,-0.63,0.0000,0.0000,0.0000,1
3.015,11,45,-14,1502,1499,0.26,-0.63,0.0000,0.0000,0.0000,1
3.032,9,44,-14,1501,1499,0.26,-0.63,0.0000,0.0000,0.0000,1
3.052,8,43,-14,1501,1499,0.26,-0.63,0.0000,0.0000,0.0000,1
3.069,7,43,-14,1501,1499,0.30,-1.36,0.0000,0.0000,0.0000,1
3.087,5,42,-14,1501,1499,0.30,-1.36,0.0000,0.0000,0.0000,1
3.104,3,42,-13,1500,1499,0.30,-1.36,0.0000,0.0000,0.0000,1
3.121,2,42,-13,1500,1499,0.30,-1.36,0.0000,0.0000,0.0000,1
3.139,1,42,-14,1500,1499,0.30,-1.36,0.0000,0.0000,0.0000,1
3.156,0,42,-14,1500,1499,0.30,-1.36,0.0000,0.0000,0.0000,1
3.173,-1,43,-15,1500,1499,0.30,-1.36,0.0000,0.0000,0.0000,1
3.191,-2,44,-14,1500,1499,0.30,-1.36,0.0000,0.0000,0.0000,1
3.208,-3,45,-14,1500,1499,0.30,-1.36,0.0000,0.0000,0.0000,1
3.225,-4,47,-14,1500,1499,0.30,-1.36,0.0000,0.0000,0.0000,1
3.242,-4,48,-13,1500,1499,0.30,-1.36,0.0000,0.0000,0.0000,1
3.259,-5,49,-14,1499,1499,0.30,-1.36,0.0000,0.0000,0.0000,1
3.278,-5,50,-14,1499,1499,0.30,-1.36,0.0000,0.0000,0.0000,1
3.298,-6,51,-13,1499,1499,0.30,-1.36,0.0000,0.0000,0.0000,1
3.315,-6,52,-14,1499,1499,-0.29,-0.77,0.0000,0.0000,0.0000,1
3.334,-7,53,-13,1499,1499,-0.29,-0.77,0.0000,0.0000,0.0000,1
3.351,-8,54,-13,1499,1499,-0.29,-0.77,0.0000,0.0000,0.0000,1
3.370,-8,55,-13,1499,1499,-0.29,-0.77,0.0000,0.0000,0.0000,1
3.387,-9,56,-13,1499,1499,-0.29,-0.77,0.0000,0.0000,0.0000,1
3.405,-9,56,-13,1499,1499,-0.29,-0.77,0.0000,0.0000,0.0000,1
3.422,-10,57,-14,1498,1499,-0.29,-0.77,0.0000,0.0000,0.0000,1
3.440,-10,57,-13,1498,1499,-0.29,-0.77,0.0000,0.0000,0.0000,1
3.457,-11,57,-13,1498,1499,-0.29,-0.77,0.0000,0.0000,0.0000,1
3.474,-11,56,-13,1498,1499,-0.29,-0.77,0.0000,0.0000,0.0000,1
3.492,-12,55,-13,1498,1499,-0.29,-0.77,0.0000,0.0000,0.0000,1
3.509,-13,54,-14,1498,1499,-0.29,-0.77,0.0000,0.0000,0.0000,1
3.526,-14,53,-13,1498,1499,-0.29,-0.77,0.0000,0.0000,0.0000,1
3.543,-15,52,-13,1497,1499,-0.29,-0.77,0.0000,0.0000,0.0000,1
3.560,-15,51,-13,1497,1499,-0.29,-0.77,0.0000,0.0000,0.0000,1
3.578,-16,51,-14,1497,1499,-0.28,-0.98,0.0000,0.0000,0.0000,1
3.596,-17,51,-13,1497,1499,-0.28,-0.98,0.0000,0.0000,0.0000,1
3.613,-17,51,-13,1497,1499,-0.28,-0.98,0.0000,0.0000,0.0000,1
3.632,-18,51,-14,1497,1499,-0.28,-0.98,0.0000,0.0000,0.0000,1
3.652,-19,52,-14,1497,1499,-0.28,-0.98,0.0000,0.0000,0.0000,1
3.669,-19,52,-14,1497,1499,-0.28,-0.98,0.0000,0.0000,0.0000,1
3.688,-21,52,-14,1496,1499,-0.28,-0.98,0.0000,0.0000,0.0000,1
3.707,-22,52,-13,1496,1499,-0.28,-0.98,0.0000,0.0000,0.0000,1
3.724,-23,52,-15,1496,1499,-0.28,-0.98,0.0000,0.0000,0.0000,1
3.741,-24,52,-14,1496,1499,-0.28,-0.98,0.0000,0.0000,0.0000,1
3.759,-24,53,-14,1496,1499,-0.28,-0.98,0.0000,0.0000,0.0000,1
3.776,-25,53,-14,1495,1499,-0.28,-0.98,0.0000,0.0000,0.0000,1
3.793,-25,53,-14,1495,1499,-0.28,-0.98,0.0000,0.0000,0.0000,1
3.811,-26,52,-14,1495,1499,-0.28,-0.98,0.0000,0.0000,0.0000,1
3.828,-27,52,-14,1495,1499,-1.16,-0.71,0.0000,0.0000,0.0000,1
3.846,-29,51,-14,1495,1499,-1.16,-0.71,0.0000,0.0000,0.0000,1
3.865,-30,51,-14,1494,1499,-1.16,-0.71,0.0000,0.0000,0.0000,1
3.883,-30,51,-14,1494,1499,-1.16,-0.71,0.0000,0.0000,0.0000,1
3.900,-31,50,-15,1494,1499,-1.16,-0.71,0.0000,0.0000,0.0000,1
3.917,-33,49,-15,1494,1499,-1.16,-0.71,0.0000,0.0000,0.0000,1
3.935,-38,47,-15,1493,1499,-1.16,-0.71,0.0000,0.0000,0.0000,1
3.952,-41,46,-14,1492,1499,-1.16,-0.71,0.0000,0.0000,0.0000,1
3.970,-43,45,-14,1492,1499,-1.16,-0.71,0.0000,0.0000,0.0000,1
3.989,-46,44,-15,1491,1499,-1.16,-0.71,0.0000,0.0000,0.0000,1
4.006,-52,42,-14,1485,1499,-1.16,-0.71,0.0000,0.0000,0.0000,1
4.024,-55,41,-15,1484,1499,-1.16,-0.71,0.0000,0.0000,0.0000,1
4.041,-57,41,-15,1483,1499,-1.16,-0.71,0.0000,0.0000,0.0000,1
4.059,-59,40,-15,1483,1499,-1.16,-0.71,0.0000,0.0000,0.0000,1
4.076,-60,41,-15,1482,1499,-1.63,-1.23,0.0000,0.0000,0.0000,1
4.094,-62,41,-16,1482,1499,-1.63,-1.23,0.0000,0.0000,0.0000,0
0.018,-63,41,-15,1482,1499,-1.63,-1.23,0.0000,0.0000,0.0000,0
0.035,-64,42,-15,1481,1499,-1.63,-1.23,0.0000,0.0000,0.0000,0
0.053,-65,42,-15,1481,1499,-1.63,-1.23,0.0000,0.0000,0.0000,0
0.071,-65,43,-16,1481,1499,-1.63,-1.23,0.0000,0.0000,0.0000,0
0.088,-66,43,-15,1481,1499,-1.63,-1.23,0.0000,0.0000,0.0000,0
0.106,-67,44,-15,1480,1499,-1.63,-1.23,0.0000,0.0000,0.0000,0
0.123,-67,44,-15,1480,1499,-1.63,-1.23,0.0000,0.0000,0.0000,0
0.141,-68,45,-16,1480,1499,-1.63,-1.23,0.0000,0.0000,0.0000,0
0.159,-68,45,-17,1480,1499,-1.63,-1.23,0.0000,0.0000,0.0000,0
0.180,-68,45,-15,1480,1499,-1.63,-1.23,0.0000,0.0000,0.0000,0
0.197,-68,45,-15,1480,1499,-1.63,-1.23,0.0000,0.0000,0.0000,0
0.215,-68,45,-15,1480,1499,-1.63,-1.23,0.0000,0.0000,0.0000,0
0.232,-69,44,-16,1480,1499,-1.98,-0.99,0.0000,0.0000,0.0000,0
0.250,-69,44,-15,1480,1499,-1.98,-0.99,0.0000,0.0000,0.0000,0
0.268,-69,43,-15,1480,1499,-1.98,-0.99,0.0000,0.0000,0.0000,0
0.286,-70,42,-15,1479,1499,-1.98,-0.99,0.0000,0.0000,0.0000,0
0.305,-70,42,-16,1479,1499,-1.98,-0.99,0.0000,0.0000,0.0000,0
0.323,-69,41,-16,1480,1499,-1.98,-0.99,0.0000,0.0000,0.0000,0
0.341,-68,41,-15,1480,1499,-1.98,-0.99,0.0000,0.0000,0.0000,0
0.358,-67,41,-16,1480,1499,-1.98,-0.99,0.0000,0.0000,0.0000,0
0.375,-66,41,-16,1481,1499,-1.98,-0.99,0.0000,0.0000,0.0000,0
0.393,-65,41,-16,1481,1499,-1.98,-0.99,0.0000,0.0000,0.0000,0
0.410,-64,42,-16,1481,1499,-1.98,-0.99,0.0000,0.0000,0.0000,0
0.427,-64,42,-16,1481,1499,-1.98,-0.99,0.0000,0.0000,0.0000,0
0.444,-64,42,-16,1481,1499,-1.98,-0.99,0.0000,0.0000,0.0000,0
0.461,-64,43,-16,1481,1499,-1.98,-0.99,0.0000,0.0000,0.0000,0
0.479,-64,43,-17,1481,1499,-1.43,-1.08,0.0000,0.0000,0.0000,0
0.496,-65,43,-15,1481,1499,-1.43,-1.08,0.0000,0.0000,0.0000,0
0.513,-66,44,-16,1481,1499,-1.43,-1.08,0.0000,0.0000,0.0000,0
0.530,-66,44,-16,1481,1499,-1.43,-1.08,0.0000,0.0000,0.0000,0
0.547,-67,45,-16,1480,1499,-1.43,-1.08,0.0000,0.0000,0.0000,0
0.565,-67,46,-16,1480,1499,-1.43,-1.08,0.0000,0.0000,0.0000,0
0.582,-67,47,-16,1480,1499,-1.43,-1.08,0.0000,0.0000,0.0000,0
0.601,-67,48,-15,1480,1499,-1.43,-1.08,0.0000,0.0000,0.0000,0
0.618,-67,49,-16,1480,1499,-1.43,-1.08,0.0000,0.0000,0.0000,0
0.636,-67,51,-16,1480,1499,-1.43,-1.08,0.0000,0.0000,0.0000,0
0.655,-67,52,-16,1480,1499,-1.43,-1.08,0.0000,0.0000,0.0000,0
0.674,-67,55,-16,1480,1499,-1.43,-1.08,0.0000,0.0000,0.0000,0
0.691,-68,56,-15,1480,1499,-1.43,-1.08,0.0000,0.0000,0.0000,0
0.709,-68,57,-16,1480,1499,-1.43,-1.08,0.0000,0.0000,0.0000,0
0.726,-68,57,-16,1480,1499,-0.85,-0.28,0.0000,0.0000,0.0000,0
0.744,-68,58,-16,1480,1499,-0.85,-0.28,0.0000,0.0000,0.0000,0
0.762,-68,58,-17,1480,1499,-0.85,-0.28,0.0000,0.0000,0.0000,0
0.779,-67,58,-16,1480,1499,-0.85,-0.28,0.0000,0.0000,0.0000,0
0.797,-67,58,-15,1480,1499,-0.85,-0.28,0.0000,0.0000,0.0000,0
0.819,-66,59,-15,1481,1499,-0.85,-0.28,0.0000,0.0000,0.0000,0
0.838,-65,59,-15,1481,1499,-0.85,-0.28,0.0000,0.0000,0.0000,0
0.855,-64,59,-16,1481,1499,-0.85,-0.28,0.0000,0.0000,0.0000,0
0.874,-63,59,-16,1482,1499,-0.85,-0.28,0.0000,0.0000,0.0000,0
0.891,-60,58,-17,1482,1499,-0.85,-0.28,0.0000,0.0000,0.0000,1
0.908,-60,58,-17,1482,1499,-0.85,-0.28,0.0000,0.0000,0.0000,1
0.926,-59,57,-17,1483,1499,-0.85,-0.28,0.0000,0.0000,0.0000,1
0.943,-56,55,-16,1484,1499,-0.85,-0.28,0.0000,0.0000,0.0000,1
0.960,-56,53,-16,1484,1499,-0.85,-0.28,0.0000,0.0000,0.0000,1
0.978,-55,52,-16,1484,1499,-0.55,-0.81,0.0000,0.0000,0.0000,1
0.995,-55,51,-18,1484,1499,-0.55,-0.81,0.0000,0.0000,0.0000,1
1.012,-55,50,-18,1484,1499,-0.55,-0.81,0.0000,0.0000,0.0000,1
1.029,-56,49,-17,1484,1499,-0.55,-0.81,0.0000,0.0000,0.0000,1
1.047,-56,47,-17,1484,1499,-0.55,-0.81,0.0000,0.0000,0.0000,1
1.064,-56,46,-17,1484,1499,-0.55,-0.81,0.0000,0.0000,0.0000,1
1.081,-56,44,-17,1484,1499,-0.55,-0.81,0.0000,0.0000,0.0000,1
1.098,-56,43,-17,1484,1499,-0.55,-0.81,0.0000,0.0000,0.0000,1
1.115,-57,41,-17,1483,1499,-0.55,-0.81,0.0000,0.0000,0.0000,1
1.134,-57,39,-18,1483,1499,-0.55,-0.81,0.0000,0.0000,0.0000,1
1.152,-57,37,-19,1483,1499,-0.55,-0.81,0.0000,0.0000,0.0000,1
1.171,-58,36,-19,1483,1499,-0.55,-0.81,0.0000,0.0000,0.0000,1
1.188,-58,34,-19,1483,1499,-0.55,-0.81,0.0000,0.0000,0.0000,1
1.206,-58,33,-18,1483,1499,-0.55,-0.81,0.0000,0.0000,0.0000,1
1.224,-59,31,-18,1483,1499,-0.06,-2.12,0.0000,0.0000,0.0000,1
1.241,-60,31,-18,1482,1499,-0.06,-2.12,0.0000,0.0000,0.0000,1
1.259,-61,30,-18,1482,1499,-0.06,-2.12,0.0000,0.0000,0.0000,0
0.019,-62,30,-18,1482,1499,-0.06,-2.12,0.0000,0.0000,0.0000,0
0.036,-63,30,-19,1482,1499,-0.06,-2.12,0.0000,0.0000,0.0000,0
0.054,-65,30,-19,1481,1499,-0.06,-2.12,0.0000,0.0000,0.0000,0
0.071,-66,31,-19,1481,1499,-0.06,-2.12,0.0000,0.0000,0.0000,0
0.088,-67,31,-19,1480,1499,-0.06,-2.12,0.0000,0.0000,0.0000,0
0.106,-68,32,-19,1480,1499,-0.06,-2.12,0.0000,0.0000,0.0000,0
0.123,-68,33,-19,1480,1499,-0.06,-2.12,0.0000,0.0000,0.0000,0
0.141,-69,34,-19,1480,1499,-0.06,-2.12,0.0000,0.0000,0.0000,0
0.158,-70,35,-19,1479,1499,-0.06,-2.12,0.0000,0.0000,0.0000,0
0.177,-70,36,-19,1479,1499,-0.06,-2.12,0.0000,0.0000,0.0000,0
0.196,-70,38,-19,1479,1499,-0.06,-2.12,0.0000,0.0000,0.0000,0
0.215,-70,38,-20,1479,1498,0.08,-1.47,0.0000,0.0000,0.0000,0
0.232,-71,41,-19,1479,1499,0.08,-1.47,0.0000,0.0000,0.0000,0
0.250,-71,41,-20,1479,1498,0.08,-1.47,0.0000,0.0000,0.0000,0
0.267,-70,42,-19,1479,1499,0.08,-1.47,0.0000,0.0000,0.0000,0
0.285,-70,43,-20,1479,1498,0.08,-1.47,0.0000,0.0000,0.0000,0
0.304,-70,44,-20,1479,1498,0.08,-1.47,0.0000,0.0000,0.0000,0
0.321,-69,43,-19,1480,1499,0.08,-1.47,0.0000,0.0000,0.0000,0
0.339,-69,41,-20,1480,1498,0.08,-1.47,0.0000,0.0000,0.0000,0
0.356,-68,41,-19,1480,1499,0.08,-1.47,0.0000,0.0000,0.0000,0
0.374,-68,40,-20,1480,1498,0.08,-1.47,0.0000,0.0000,0.0000,0
0.391,-67,40,-20,1480,1498,0.08,-1.47,0.0000,0.0000,0.0000,0
0.409,-66,40,-19,1481,1499,0.08,-1.47,0.0000,0.0000,0.0000,0
0.426,-64,39,-20,1481,1498,0.08,-1.47,0.0000,0.0000,0.0000,0
0.444,-63,39,-20,1482,1498,0.08,-1.47,0.0000,0.0000,0.0000,0
0.461,-61,38,-21,1482,1498,-0.17,-1.25,0.0000,0.0000,0.0000,0
0.479,-61,38,-21,1482,1498,-0.17,-1.25,0.0000,0.0000,0.0000,0
0.496,-59,38,-20,1483,1498,-0.17,-1.25,0.0000,0.0000,0.0000,1
0.514,-58,38,-19,1483,1499,-0.17,-1.25,0.0000,0.0000,0.0000,1
0.531,-56,38,-19,1484,1499,-0.17,-1.25,0.0000,0.0000,0.0000,1
0.549,-54,38,-19,1484,1499,-0.17,-1.25,0.0000,0.0000,0.0000,1
0.566,-53,38,-19,1485,1499,-0.17,-1.25,0.0000,0.0000,0.0000,1
0.586,-51,38,-19,1485,1499,-0.17,-1.25,0.0000,0.0000,0.0000,1
0.603,-49,38,-19,1491,1499,-0.17,-1.25,0.0000,0.0000,0.0000,1
0.621,-46,38,-19,1491,1499,-0.17,-1.25,0.0000,0.0000,0.0000,1
0.639,-42,39,-19,1492,1499,-0.17,-1.25,0.0000,0.0000,0.0000,1
0.656,-40,39,-19,1492,1499,-0.17,-1.25,0.0000,0.0000,0.0000,1
0.673,-37,39,-20,1493,1498,-0.17,-1.25,0.0000,0.0000,0.0000,1
0.691,-36,39,-19,1493,1499,-0.17,-1.25,0.0000,0.0000,0.0000,1
0.708,-34,39,-19,1494,1499,-0.33,-1.26,0.0000,0.0000,0.0000,1
0.725,-33,38,-19,1494,1499,-0.33,-1.26,0.0000,0.0000,0.0000,1
0.743,-31,38,-20,1494,1498,-0.33,-1.26,0.0000,0.0000,0.0000,1
0.760,-30,38,-19,1494,1499,-0.33,-1.26,0.0000,0.0000,0.0000,1
0.780,-27,38,-19,1495,1499,-0.33,-1.26,0.0000,0.0000,0.0000,1
0.797,-26,39,-19,1495,1499,-0.33,-1.26,0.0000,0.0000,0.0000,1
0.816,-25,39,-19,1495,1499,-0.33,-1.26,0.0000,0.0000,0.0000,1
0.834,-24,40,-19,1496,1499,-0.33,-1.26,0.0000,0.0000,0.0000,1
0.852,-24,40,-19,1496,1499,-0.33,-1.26,0.0000,0.0000,0.0000,1
0.870,-23,40,-19,1496,1499,-0.33,-1.26,0.0000,0.0000,0.0000,1
0.888,-23,40,-19,1496,1499,-0.33,-1.26,0.0000,0.0000,0.0000,1
0.905,-22,40,-18,1496,1499,-0.33,-1.26,0.0000,0.0000,0.0000,1
0.922,-22,40,-19,1496,1499,-0.33,-1.26,0.0000,0.0000,0.0000,1
0.939,-22,40,-19,1496,1499,-0.33,-1.26,0.0000,0.0000,0.0000,1
0.956,-22,39,-19,1496,1499,-0.58,-1.12,0.0000,0.0000,0.0000,1
0.976,-22,39,-18,1496,1499,-0.58,-1.12,0.0000,0.0000,0.0000,1
0.993,-22,38,-18,1496,1499,-0.58,-1.12,0.0000,0.0000,0.0000,1
1.011,-22,37,-18,1496,1499,-0.58,-1.12,0.0000,0.0000,0.0000,1
1.028,-23,36,-19,1496,1499,-0.58,-1.12,0.0000,0.0000,0.0000,1
1.047,-23,35,-19,1496,1499,-0.58,-1.12,0.0000,0.0000,0.0000,1
1.065,-24,33,-18,1496,1499,-0.58,-1.12,0.0000,0.0000,0.0000,1
1.084,-24,32,-18,1496,1499,-0.58,-1.12,0.0000,0.0000,0.0000,1
1.102,-25,31,-19,1495,1499,-0.58,-1.12,0.0000,0.0000,0.0000,1
1.119,-25,30,-18,1495,1499,-0.58,-1.12,0.0000,0.0000,0.0000,1
1.137,-25,29,-18,1495,1499,-0.58,-1.12,0.0000,0.0000,0.0000,1
1.154,-26,29,-18,1495,1499,-0.58,-1.12,0.0000,0.0000,0.0000,1
1.171,-26,28,-18,1495,1499,-0.58,-1.12,0.0000,0.0000,0.0000,1
1.189,-27,28,-19,1495,1499,-0.58,-1.12,0.0000,0.0000,0.0000,1
1.207,-27,28,-18,1495,1499,-0.10,-1.54,0.0000,0.0000,0.0000,1
1.226,-27,28,-18,1495,1499,-0.10,-1.54,0.0000,0.0000,0.0000,1
1.243,-28,28,-17,1495,1499,-0.10,-1.54,0.0000,0.0000,0.0000,1
1.261,-28,28,-17,1495,1499,-0.10,-1.54,0.0000,0.0000,0.0000,1
1.278,-28,28,-18,1495,1499,-0.10,-1.54,0.0000,0.0000,0.0000,1
1.296,-28,27,-18,1495,1499,-0.10,-1.54,0.0000,0.0000,0.0000,1
1.314,-27,28,-17,1495,1499,-0.10,-1.54,0.0000,0.0000,0.0000,1
1.332,-26,28,-17,1495,1499,-0.10,-1.54,0.0000,0.0000,0.0000,1
1.350,-25,29,-17,1495,1499,-0.10,-1.54,0.0000,0.0000,0.0000,1
1.367,-23,30,-17,1496,1499,-0.10,-1.54,0.0000,0.0000,0.0000,1
1.385,-22,31,-17,1496,1499,-0.10,-1.54,0.0000,0.0000,0.0000,1
1.402,-21,31,-17,1496,1499,-0.10,-1.54,0.0000,0.0000,0.0000,1
1.419,-20,32,-17,1496,1499,-0.10,-1.54,0.0000,0.0000,0.0000,1
1.436,-19,32,-16,1497,1499,-0.10,-1.54,0.0000,0.0000,0.0000,1
1.454,-19,33,-16,1497,1499,-0.03,-0.98,0.0000,0.0000,0.0000,1
1.473,-18,33,-16,1497,1499,-0.03,-0.98,0.0000,0.0000,0.0000,1
1.491,-18,33,-16,1497,1499,-0.03,-0.98,0.0000,0.0000,0.0000,1
1.509,-18,33,-16,1497,1499,-0.03,-0.98,0.0000,0.0000,0.0000,1
1.528,-18,33,-16,1497,1499,-0.03,-0.98,0.0000,0.0000,0.0000,1
1.546,-17,34,-16,1497,1499,-0.03,-0.98,0.0000,0.0000,0.0000,1
1.563,-17,34,-15,1497,1499,-0.03,-0.98,0.0000,0.0000,0.0000,1
1.580,-17,35,-15,1497,1499,-0.03,-0.98,0.0000,0.0000,0.0000,1
1.597,-17,36,-16,1497,1499,-0.03,-0.98,0.0000,0.0000,0.0000,1
1.615,-17,37,-15,1497,1499,-0.03,-0.98,0.0000,0.0000,0.0000,1
1.632,-17,36,-16,1497,1499,-0.03,-0.98,0.0000,0.0000,0.0000,1
1.649,-17,36,-15,1497,1499,-0.03,-0.98,0.0000,0.0000,0.0000,1
1.666,-17,36,-14,1497,1499,-0.03,-0.98,0.0000,0.0000,0.0000,1
1.683,-18,35,-15,1497,1499,-0.03,-0.98,0.0000,0.0000,0.0000,1
1.700,-18,35,-14,1497,1499,-0.03,-0.98,0.0000,0.0000,0.0000,1
1.717,-19,35,-14,1497,1499,-0.25,-0.43,0.0000,0.0000,0.0000,1
1.735,-20,35,-15,1496,1499,-0.25,-0.43,0.0000,0.0000,0.0000,1
1.754,-20,35,-14,1496,1499,-0.25,-0.43,0.0000,0.0000,0.0000,1
1.772,-21,35,-14,1496,1499,-0.25,-0.43,0.0000,0.0000,0.0000,1
1.790,-22,35,-14,1496,1499,-0.25,-0.43,0.0000,0.0000,0.0000,1
1.808,-23,34,-13,1496,1499,-0.25,-0.43,0.0000,0.0000,0.0000,1
1.826,-24,34,-13,1496,1499,-0.25,-0.43,0.0000,0.0000,0.0000,1
1.843,-27,33,-13,1495,1499,-0.25,-0.43,0.0000,0.0000,0.0000,1
1.861,-28,32,-13,1495,1499,-0.25,-0.43,0.0000,0.0000,0.0000,1
1.878,-30,31,-13,1494,1499,-0.25,-0.43,0.0000,0.0000,0.0000,1
1.896,-31,30,-12,1494,1499,-0.25,-0.43,0.0000,0.0000,0.0000,1
1.914,-31,30,-12,1494,1499,-0.25,-0.43,0.0000,0.0000,0.0000,1
1.931,-31,30,-12,1494,1499,-0.25,-0.43,0.0000,0.0000,0.0000,1
1.948,-33,29,-12,1494,1499,-0.25,-0.43,0.0000,0.0000,0.0000,1
1.965,-36,28,-12,1493,1499,-0.03,-0.65,0.0000,0.0000,0.0000,1
1.983,-37,28,-12,1493,1499,-0.03,-0.65,0.0000,0.0000,0.0000,1
2.000,-37,28,-12,1493,1499,-0.03,-0.65,0.0000,0.0000,0.0000,1
2.022,-38,29,-12,1493,1499,-0.03,-0.65,0.0000,0.0000,0.0000,1
2.040,-39,30,-11,1493,1499,-0.03,-0.65,0.0000,0.0000,0.0000,1
2.061,-40,31,-11,1492,1499,-0.03,-0.65,0.0000,0.0000,0.0000,1
2.080,-43,34,-11,1492,1499,-0.03,-0.65,0.0000,0.0000,0.0000,1
2.097,-45,35,-10,1491,1499,-0.03,-0.65,0.0000,0.0000,0.0000,1
2.114,-48,37,-11,1491,1499,-0.03,-0.65,0.0000,0.0000,0.0000,1
2.132,-49,37,-11,1491,1499,-0.03,-0.65,0.0000,0.0000,0.0000,1
2.149,-51,37,-10,1485,1499,-0.03,-0.65,0.0000,0.0000,0.0000,1
2.166,-54,37,-10,1484,1499,-0.03,-0.65,0.0000,0.0000,0.0000,1
2.184,-56,37,-9,1484,1500,-0.03,-0.65,0.0000,0.0000,0.0000,1
2.201,-58,37,-9,1483,1500,-0.03,-0.65,0.0000,0.0000,0.0000,1
2.218,-61,37,-9,1482,1500,-1.00,0.06,0.0000,0.0000,0.0000,0
0.017,-63,36,-10,1482,1499,-1.00,0.06,0.0000,0.0000,0.0000,0
0.034,-66,36,-9,1481,1500,-1.00,0.06,0.0000,0.0000,0.0000,0
0.051,-68,36,-8,1480,1500,-1.00,0.06,0.0000,0.0000,0.0000,0
0.069,-71,36,-8,1479,1500,-1.00,0.06,0.0000,0.0000,0.0000,0
0.086,-73,36,-8,1479,1500,-1.00,0.06,0.0000,0.0000,0.0000,0
0.103,-76,35,-8,1478,1500,-1.00,0.06,0.0000,0.0000,0.0000,0
0.121,-78,34,-7,1477,1500,-1.00,0.06,0.0000,0.0000,0.0000,0
0.138,-80,33,-7,1476,1500,-1.00,0.06,0.0000,0.0000,0.0000,0
0.155,-83,32,-7,1476,1500,-1.00,0.06,0.0000,0.0000,0.0000,0
0.172,-85,31,-7,1475,1500,-1.00,0.06,0.0000,0.0000,0.0000,0
0.189,-87,31,-7,1474,1500,-1.00,0.06,0.0000,0.0000,0.0000,0
0.206,-89,30,-7,1474,1500,-1.00,0.06,0.0000,0.0000,0.0000,0
0.224,-93,30,-7,1473,1500,-1.00,0.06,0.0000,0.0000,0.0000,0
0.243,-93,30,-7,1473,1500,-1.07,0.01,0.0000,0.0000,0.0000,0
0.260,-94,30,-8,1472,1500,-1.07,0.01,0.0000,0.0000,0.0000,0
0.278,-96,30,-7,1472,1500,-1.07,0.01,0.0000,0.0000,0.0000,0
0.296,-96,30,-6,1472,1500,-1.07,0.01,0.0000,0.0000,0.0000,0
0.313,-97,30,-5,1471,1500,-1.07,0.01,0.0000,0.0000,0.0000,0
0.330,-99,31,-4,1471,1500,-1.07,0.01,0.0000,0.0000,0.0000,0
0.348,-99,31,-4,1471,1500,-1.07,0.01,0.0000,0.0000,0.0000,0
0.365,-100,32,-4,1470,1500,-1.07,0.01,0.0000,0.0000,0.0000,0
0.382,-100,32,-4,1470,1500,-1.07,0.01,0.0000,0.0000,0.0000,0
0.399,-100,33,-3,1470,1500,-1.07,0.01,0.0000,0.0000,0.0000,0
0.416,-99,34,-3,1471,1500,-1.07,0.01,0.0000,0.0000,0.0000,0
0.435,-99,35,-3,1471,1500,-1.07,0.01,0.0000,0.0000,0.0000,0
0.453,-98,36,-3,1471,1500,-1.07,0.01,0.0000,0.0000,0.0000,0
0.470,-98,38,-2,1471,1500,-1.07,0.01,0.0000,0.0000,0.0000,0
0.488,-97,39,-2,1471,1500,-0.58,0.85,0.0000,0.0000,0.0000,0
0.505,-97,40,-2,1471,1500,-0.58,0.85,0.0000,0.0000,0.0000,0
0.522,-96,41,-2,1472,1500,-0.58,0.85,0.0000,0.0000,0.0000,0
0.541,-95,42,-2,1472,1500,-0.58,0.85,0.0000,0.0000,0.0000,0
0.558,-94,43,-2,1472,1500,-0.58,0.85,0.0000,0.0000,0.0000,0
0.575,-92,44,-1,1473,1500,-0.58,0.85,0.0000,0.0000,0.0000,0
0.593,-91,44,-1,1473,1500,-0.58,0.85,0.0000,0.0000,0.0000,0
0.611,-90,44,0,1473,1500,-0.58,0.85,0.0000,0.0000,0.0000,0
0.628,-89,44,0,1474,1500,-0.58,0.85,0.0000,0.0000,0.0000,0
0.647,-88,44,0,1474,1500,-0.58,0.85,0.0000,0.0000,0.0000,0
0.665,-87,44,0,1474,1500,-0.58,0.85,0.0000,0.0000,0.0000,0
0.682,-86,45,1,1475,1500,-0.58,0.85,0.0000,0.0000,0.0000,0
0.701,-85,45,1,1475,1500,-0.58,0.85,0.0000,0.0000,0.0000,0
0.718,-84,46,1,1475,1500,-0.58,0.85,0.0000,0.0000,0.0000,0
0.738,-83,46,1,1476,1500,-0.25,1.40,0.0000,0.0000,0.0000,0
0.755,-83,47,1,1476,1500,-0.25,1.40,0.0000,0.0000,0.0000,0
0.773,-82,48,1,1476,1500,-0.25,1.40,0.0000,0.0000,0.0000,0
0.790,-81,49,2,1476,1500,-0.25,1.40,0.0000,0.0000,0.0000,0
0.809,-81,50,2,1476,1500,-0.25,1.40,0.0000,0.0000,0.0000,0
0.827,-80,50,2,1476,1500,-0.25,1.40,0.0000,0.0000,0.0000,0
0.845,-79,51,2,1477,1500,-0.25,1.40,0.0000,0.0000,0.0000,0
0.862,-79,51,2,1477,1500,-0.25,1.40,0.0000,0.0000,0.0000,0
0.879,-79,51,2,1477,1500,-0.25,1.40,0.0000,0.0000,0.0000,0
0.896,-78,52,3,1477,1500,-0.25,1.40,0.0000,0.0000,0.0000,0
0.914,-78,52,3,1477,1500,-0.25,1.40,0.0000,0.0000,0.0000,0
0.931,-78,52,3,1477,1500,-0.25,1.40,0.0000,0.0000,0.0000,0
0.948,-77,52,3,1477,1500,-0.25,1.40,0.0000,0.0000,0.0000,0
0.965,-77,52,3,1477,1500,-0.25,1.40,0.0000,0.0000,0.0000,0
0.984,-77,52,3,1477,1500,-0.17,1.73,0.0000,0.0000,0.0000,0
1.001,-77,52,3,1477,1500,-0.17,1.73,0.0000,0.0000,0.0000,0
1.018,-76,52,3,1478,1500,-0.17,1.73,0.0000,0.0000,0.0000,0
1.035,-76,52,2,1478,1500,-0.17,1.73,0.0000,0.0000,0.0000,0
1.053,-75,51,3,1478,1500,-0.17,1.73,0.0000,0.0000,0.0000,0
1.070,-75,51,3,1478,1500,-0.17,1.73,0.0000,0.0000,0.0000,0
1.087,-74,50,3,1478,1500,-0.17,1.73,0.0000,0.0000,0.0000,0
1.105,-73,49,3,1479,1500,-0.17,1.73,0.0000,0.0000,0.0000,0
1.123,-72,48,3,1479,1500,-0.17,1.73,0.0000,0.0000,0.0000,0
1.140,-70,46,3,1479,1500,-0.17,1.73,0.0000,0.0000,0.0000,0
1.158,-70,46,3,1479,1500,-0.17,1.73,0.0000,0.0000,0.0000,0
1.175,-69,45,4,1480,1500,-0.17,1.73,0.0000,0.0000,0.0000,0
1.192,-68,44,4,1480,1500,-0.17,1.73,0.0000,0.0000,0.0000,0
1.210,-67,42,4,1480,1500,-0.17,1.73,0.0000,0.0000,0.0000,0
1.228,-66,41,4,1481,1500,-0.17,1.73,0.0000,0.0000,0.0000,0
1.245,-66,40,4,1481,1500,0.21,1.18,0.0000,0.0000,0.0000,0
1.263,-65,40,4,1481,1500,0.21,1.18,0.0000,0.0000,0.0000,0
1.281,-65,39,4,1481,1500,0.21,1.18,0.0000,0.0000,0.0000,0
1.299,-65,38,4,1481,1500,0.21,1.18,0.0000,0.0000,0.0000,0
1.317,-64,37,4,1481,1500,0.21,1.18,0.0000,0.0000,0.0000,0
1.335,-64,37,3,1481,1500,0.21,1.18,0.0000,0.0000,0.0000,0
1.352,-63,36,3,1482,1500,0.21,1.18,0.0000,0.0000,0.0000,0
1.369,-62,35,3,1482,1500,0.21,1.18,0.0000,0.0000,0.0000,0
1.387,-61,34,3,1482,1500,0.21,1.18,0.0000,0.0000,0.0000,0
1.404,-59,34,3,1483,1500,0.21,1.18,0.0000,0.0000,0.0000,1
1.422,-58,33,3,1483,1500,0.21,1.18,0.0000,0.0000,0.0000,1
1.440,-56,33,3,1484,1500,0.21,1.18,0.0000,0.0000,0.0000,1
1.459,-52,33,3,1484,1500,0.21,1.18,0.0000,0.0000,0.0000,1
1.477,-50,33,3,1490,1500,0.21,1.18,0.0000,0.0000,0.0000,1
1.495,-47,33,3,1491,1500,0.40,0.93,0.0000,0.0000,0.0000,1
1.513,-44,33,3,1492,1500,0.40,0.93,0.0000,0.0000,0.0000,1
1.531,-41,33,3,1492,1500,0.40,0.93,0.0000,0.0000,0.0000,1
1.550,-38,33,3,1493,1500,0.40,0.93,0.0000,0.0000,0.0000,1
1.567,-35,34,4,1493,1500,0.40,0.93,0.0000,0.0000,0.0000,1
1.584,-31,34,3,1494,1500,0.40,0.93,0.0000,0.0000,0.0000,1
1.601,-28,35,3,1495,1500,0.40,0.93,0.0000,0.0000,0.0000,1
1.618,-26,35,4,1495,1500,0.40,0.93,0.0000,0.0000,0.0000,1
1.636,-23,35,3,1496,1500,0.40,0.93,0.0000,0.0000,0.0000,1
1.653,-20,35,3,1496,1500,0.40,0.93,0.0000,0.0000,0.0000,1
1.670,-18,35,2,1497,1500,0.40,0.93,0.0000,0.0000,0.0000,1
1.687,-16,35,2,1497,1500,0.40,0.93,0.0000,0.0000,0.0000,1
1.705,-15,35,2,1497,1500,0.40,0.93,0.0000,0.0000,0.0000,1
1.722,-13,35,3,1498,1500,0.40,0.93,0.0000,0.0000,0.0000,1
1.739,-12,36,3,1498,1500,-0.19,1.25,0.0000,0.0000,0.0000,1
1.756,-12,36,2,1498,1500,-0.19,1.25,0.0000,0.0000,0.0000,1
1.773,-11,36,2,1498,1500,-0.19,1.25,0.0000,0.0000,0.0000,1
1.790,-11,35,1,1498,1500,-0.19,1.25,0.0000,0.0000,0.0000,1
1.808,-11,35,2,1498,1500,-0.19,1.25,0.0000,0.0000,0.0000,1
1.826,-12,35,2,1498,1500,-0.19,1.25,0.0000,0.0000,0.0000,1
1.844,-13,35,2,1498,1500,-0.19,1.25,0.0000,0.0000,0.0000,1
1.861,-14,35,2,1498,1500,-0.19,1.25,0.0000,0.0000,0.0000,1
1.879,-15,34,0,1497,1500,-0.19,1.25,0.0000,0.0000,0.0000,1
1.896,-16,33,0,1497,1500,-0.19,1.25,0.0000,0.0000,0.0000,1
1.913,-17,32,1,1497,1500,-0.19,1.25,0.0000,0.0000,0.0000,1
1.930,-18,32,1,1497,1500,-0.19,1.25,0.0000,0.0000,0.0000,1
1.949,-19,31,1,1497,1500,-0.19,1.25,0.0000,0.0000,0.0000,1
1.968,-20,31,1,1496,1500,-0.19,1.25,0.0000,0.0000,0.0000,1
1.986,-20,30,0,1496,1500,-0.15,0.88,0.0000,0.0000,0.0000,1
2.004,-21,29,0,1496,1500,-0.15,0.88,0.0000,0.0000,0.0000,1
2.021,-22,29,-1,1496,1500,-0.15,0.88,0.0000,0.0000,0.0000,1
2.039,-23,29,-1,1496,1500,-0.15,0.88,0.0000,0.0000,0.0000,1
2.058,-24,28,-1,1496,1500,-0.15,0.88,0.0000,0.0000,0.0000,1
2.075,-24,28,-1,1496,1500,-0.15,0.88,0.0000,0.0000,0.0000,1
2.092,-26,27,-1,1495,1500,-0.15,0.88,0.0000,0.0000,0.0000,1
2.110,-27,26,-2,1495,1500,-0.15,0.88,0.0000,0.0000,0.0000,1
2.127,-27,25,-1,1495,1500,-0.15,0.88,0.0000,0.0000,0.0000,1
2.144,-28,25,-2,1495,1500,-0.15,0.88,0.0000,0.0000,0.0000,1
2.161,-28,24,-2,1495,1500,-0.15,0.88,0.0000,0.0000,0.0000,1
2.179,-28,23,-2,1495,1500,-0.15,0.88,0.0000,0.0000,0.0000,1
2.196,-29,22,-2,1495,1500,-0.15,0.88,0.0000,0.0000,0.0000,1
2.213,-29,21,-3,1495,1500,-0.15,0.88,0.0000,0.0000,0.0000,1
2.231,-29,21,-3,1495,1500,-0.55,0.21,0.0000,0.0000,0.0000,1
2.248,-29,20,-3,1495,1500,-0.55,0.21,0.0000,0.0000,0.0000,1
2.266,-29,20,-3,1495,1500,-0.55,0.21,0.0000,0.0000,0.0000,1
2.284,-28,19,-3,1495,1500,-0.55,0.21,0.0000,0.0000,0.0000,1
2.301,-28,18,-4,1495,1500,-0.55,0.21,0.0000,0.0000,0.0000,1
2.320,-28,17,-4,1495,1500,-0.55,0.21,0.0000,0.0000,0.0000,1
2.338,-28,16,-4,1495,1500,-0.55,0.21,0.0000,0.0000,0.0000,1
2.356,-27,15,-5,1495,1500,-0.55,0.21,0.0000,0.0000,0.0000,1
2.373,-26,15,-5,1495,1500,-0.55,0.21,0.0000,0.0000,0.0000,1
2.391,-25,14,-5,1495,1500,-0.55,0.21,0.0000,0.0000,0.0000,1
2.410,-24,13,-6,1496,1500,-0.55,0.21,0.0000,0.0000,0.0000,1
2.427,-23,13,-6,1496,1500,-0.55,0.21,0.0000,0.0000,0.0000,1
2.444,-21,12,-6,1496,1500,-0.55,0.21,0.0000,0.0000,0.0000,1
2.463,-20,12,-6,1496,1500,-0.55,0.21,0.0000,0.0000,0.0000,1
2.480,-19,12,-6,1497,1500,-0.55,0.21,0.0000,0.0000,0.0000,1
2.497,-18,11,-7,1497,1500,-0.80,-0.54,0.0000,0.0000,0.0000,1
2.515,-16,11,-7,1497,1500,-0.80,-0.54,0.0000,0.0000,0.0000,1
2.533,-15,10,-7,1497,1500,-0.80,-0.54,0.0000,0.0000,0.0000,1
2.552,-14,8,-8,1498,1500,-0.80,-0.54,0.0000,0.0000,0.0000,1
2.569,-13,8,-8,1498,1500,-0.80,-0.54,0.0000,0.0000,0.0000,1
2.588,-12,6,-8,1498,1500,-0.80,-0.54,0.0000,0.0000,0.0000,1
2.606,-11,5,-9,1498,1500,-0.80,-0.54,0.0000,0.0000,0.0000,1
2.625,-8,4,-10,1499,1499,-0.80,-0.54,0.0000,0.0000,0.0000,1
2.642,-7,3,-11,1499,1499,-0.80,-0.54,0.0000,0.0000,0.0000,1
2.660,-6,3,-12,1499,1499,-0.80,-0.54,0.0000,0.0000,0.0000,1
2.678,-5,3,-12,1499,1499,-0.80,-0.54,0.0000,0.0000,0.0000,1
2.696,-4,2,-10,1500,1499,-0.80,-0.54,0.0000,0.0000,0.0000,1
2.714,-4,2,-10,1500,1499,-0.80,-0.54,0.0000,0.0000,0.0000,1
2.732,-3,3,-10,1500,1499,-0.80,-0.54,0.0000,0.0000,0.0000,1
2.749,-3,4,-10,1500,1499,-0.00,-1.14,0.0000,0.0000,0.0000,1
2.772,-2,5,-11,1500,1499,-0.00,-1.14,0.0000,0.0000,0.0000,1
2.789,-2,6,-11,1500,1499,-0.00,-1.14,0.0000,0.0000,0.0000,1
2.808,-2,6,-11,1500,1499,-0.00,-1.14,0.0000,0.0000,0.0000,1
2.825,-2,8,-12,1500,1499,-0.00,-1.14,0.0000,0.0000,0.0000,1
2.843,-3,9,-13,1500,1499,-0.00,-1.14,0.0000,0.0000,0.0000,1
2.860,-3,10,-12,1500,1499,-0.00,-1.14,0.0000,0.0000,0.0000,1
2.878,-3,11,-12,1500,1499,-0.00,-1.14,0.0000,0.0000,0.0000,1
2.895,-4,11,-12,1500,1499,-0.00,-1.14,0.0000,0.0000,0.0000,1
2.914,-4,11,-12,1500,1499,-0.00,-1.14,0.0000,0.0000,0.0000,1
2.931,-5,10,-12,1499,1499,-0.00,-1.14,0.0000,0.0000,0.0000,1
2.948,-5,10,-13,1499,1499,-0.00,-1.14,0.0000,0.0000,0.0000,1
2.965,-6,10,-13,1499,1499,-0.00,-1.14,0.0000,0.0000,0.0000,1
2.983,-7,10,-13,1499,1499,0.64,-1.31,0.0000,0.0000,0.0000,1
3.000,-8,9,-14,1499,1499,0.64,-1.31,0.0000,0.0000,0.0000,1
3.020,-8,10,-15,1499,1499,0.64,-1.31,0.0000,0.0000,0.0000,1
3.037,-8,9,-15,1499,1499,0.64,-1.31,0.0000,0.0000,0.0000,1
3.054,-8,10,-15,1499,1499,0.64,-1.31,0.0000,0.0000,0.0000,1
3.072,-8,10,-15,1499,1499,0.64,-1.31,0.0000,0.0000,0.0000,1
3.089,-7,10,-15,1499,1499,0.64,-1.31,0.0000,0.0000,0.0000,1
3.106,-7,10,-15,1499,1499,0.64,-1.31,0.0000,0.0000,0.0000,1
3.123,-7,11,-15,1499,1499,0.64,-1.31,0.0000,0.0000,0.0000,1
3.141,-6,11,-15,1499,1499,0.64,-1.31,0.0000,0.0000,0.0000,1
3.158,-6,11,-15,1499,1499,0.64,-1.31,0.0000,0.0000,0.0000,1
3.175,-5,11,-15,1499,1499,0.64,-1.31,0.0000,0.0000,0.0000,1
3.192,-5,11,-15,1499,1499,0.64,-1.31,0.0000,0.0000,0.0000,1
3.209,-4,12,-16,1500,1499,0.64,-1.31,0.0000,0.0000,0.0000,1
3.227,-3,12,-16,1500,1499,0.64,-1.31,0.0000,0.0000,0.0000,1
3.244,-2,12,-16,1500,1499,0.19,-1.47,0.0000,0.0000,0.0000,1
3.263,-2,12,-16,1500,1499,0.19,-1.47,0.0000,0.0000,0.0000,1
3.283,-1,12,-16,1500,1499,0.19,-1.47,0.0000,0.0000,0.0000,1
3.300,0,12,-17,1500,1499,0.19,-1.47,0.0000,0.0000,0.0000,1
3.318,1,12,-17,1500,1499,0.19,-1.47,0.0000,0.0000,0.0000,1
3.335,2,12,-17,1500,1499,0.19,-1.47,0.0000,0.0000,0.0000,1
3.353,3,12,-15,1500,1499,0.19,-1.47,0.0000,0.0000,0.0000,1
3.370,4,13,-15,1500,1499,0.19,-1.47,0.0000,0.0000,0.0000,1
3.387,5,14,-15,1501,1499,0.19,-1.47,0.0000,0.0000,0.0000,1
3.404,6,15,-16,1501,1499,0.19,-1.47,0.0000,0.0000,0.0000,1
3.422,6,16,-16,1501,1499,0.19,-1.47,0.0000,0.0000,0.0000,1
3.440,7,16,-16,1501,1499,0.19,-1.47,0.0000,0.0000,0.0000,1
3.459,8,18,-17,1501,1499,0.19,-1.47,0.0000,0.0000,0.0000,1
3.477,8,18,-16,1501,1499,0.19,-1.47,0.0000,0.0000,0.0000,1
3.494,9,19,-16,1501,1499,0.49,-1.47,0.0000,0.0000,0.0000,1
3.511,10,19,-16,1502,1499,0.49,-1.47,0.0000,0.0000,0.0000,1
3.529,10,19,-16,1502,1499,0.49,-1.47,0.0000,0.0000,0.0000,1
3.546,11,19,-16,1502,1499,0.49,-1.47,0.0000,0.0000,0.0000,1
3.564,11,20,-17,1502,1499,0.49,-1.47,0.0000,0.0000,0.0000,1
3.581,11,20,-18,1502,1499,0.49,-1.47,0.0000,0.0000,0.0000,1
3.598,12,20,-17,1502,1499,0.49,-1.47,0.0000,0.0000,0.0000,1
3.616,13,20,-16,1502,1499,0.49,-1.47,0.0000,0.0000,0.0000,1
3.633,13,20,-16,1502,1499,0.49,-1.47,0.0000,0.0000,0.0000,1
3.651,13,20,-16,1502,1499,0.49,-1.47,0.0000,0.0000,0.0000,1
3.669,14,20,-17,1502,1499,0.49,-1.47,0.0000,0.0000,0.0000,1
3.687,14,20,-17,1502,1499,0.49,-1.47,0.0000,0.0000,0.0000,1
3.705,14,20,-17,1502,1499,0.49,-1.47,0.0000,0.0000,0.0000,1
3.724,15,20,-17,1503,1499,0.49,-1.47,0.0000,0.0000,0.0000,1
3.741,15,20,-17,1503,1499,0.79,-1.70,0.0000,0.0000,0.0000,1
3.759,14,20,-18,1502,1499,0.79,-1.70,0.0000,0.0000,0.0000,1
3.777,15,20,-17,1503,1499,0.79,-1.70,0.0000,0.0000,0.0000,1
3.796,15,21,-16,1503,1499,0.79,-1.70,0.0000,0.0000,0.0000,1
3.816,15,21,-16,1503,1499,0.79,-1.70,0.0000,0.0000,0.0000,1
3.833,15,21,-17,1503,1499,0.79,-1.70,0.0000,0.0000,0.0000,1
3.851,15,22,-17,1503,1499,0.79,-1.70,0.0000,0.0000,0.0000,1
3.868,16,22,-16,1503,1499,0.79,-1.70,0.0000,0.0000,0.0000,1
3.886,17,22,-16,1503,1499,0.79,-1.70,0.0000,0.0000,0.0000,1
3.904,17,22,-18,1503,1499,0.79,-1.70,0.0000,0.0000,0.0000,1
3.922,17,22,-17,1503,1499,0.79,-1.70,0.0000,0.0000,0.0000,1
3.939,17,22,-16,1503,1499,0.79,-1.70,0.0000,0.0000,0.0000,1
3.957,17,23,-17,1503,1499,0.79,-1.70,0.0000,0.0000,0.0000,1
3.974,17,23,-17,1503,1499,0.79,-1.70,0.0000,0.0000,0.0000,1
3.992,15,23,-16,1503,1499,0.48,-1.81,0.0000,0.0000,0.0000,1
4.009,14,22,-16,1502,1499,0.48,-1.81,0.0000,0.0000,0.0000,1
4.026,13,22,-17,1502,1499,0.48,-1.81,0.0000,0.0000,0.0000,1
4.043,12,22,-17,1502,1499,0.48,-1.81,0.0000,0.0000,0.0000,1
4.060,11,22,-16,1502,1499,0.48,-1.81,0.0000,0.0000,0.0000,1
4.078,9,23,-16,1501,1499,0.48,-1.81,0.0000,0.0000,0.0000,1
4.095,9,23,-17,1501,1499,0.48,-1.81,0.0000,0.0000,0.0000,1
4.112,8,24,-18,1501,1499,0.48,-1.81,0.0000,0.0000,0.0000,1
4.129,7,25,-16,1501,1499,0.48,-1.81,0.0000,0.0000,0.0000,1
4.146,6,25,-16,1501,1499,0.48,-1.81,0.0000,0.0000,0.0000,1
4.163,5,26,-16,1501,1499,0.48,-1.81,0.0000,0.0000,0.0000,1
4.181,4,26,-16,1500,1499,0.48,-1.81,0.0000,0.0000,0.0000,1
4.198,4,27,-17,1500,1499,0.48,-1.81,0.0000,0.0000,0.0000,1
4.216,3,27,-17,1500,1499,0.48,-1.81,0.0000,0.0000,0.0000,1
4.233,3,28,-16,1500,1499,-0.08,-1.64,0.0000,0.0000,0.0000,1
4.251,3,28,-15,1500,1499,-0.08,-1.64,0.0000,0.0000,0.0000,1
4.269,3,29,-15,1500,1499,-0.08,-1.64,0.0000,0.0000,0.0000,1
4.288,2,29,-16,1500,1499,-0.08,-1.64,0.0000,0.0000,0.0000,1
4.305,3,30,-16,1500,1499,-0.08,-1.64,0.0000,0.0000,0.0000,1
4.323,3,31,-15,1500,1499,-0.08,-1.64,0.0000,0.0000,0.0000,1
4.340,4,31,-15,1500,1499,-0.08,-1.64,0.0000,0.0000,0.0000,1
4.358,4,32,-15,1500,1499,-0.08,-1.64,0.0000,0.0000,0.0000,1
4.376,5,34,-15,1501,1499,-0.08,-1.64,0.0000,0.0000,0.0000,1
4.394,5,36,-15,1501,1499,-0.08,-1.64,0.0000,0.0000,0.0000,1
4.411,5,37,-15,1501,1499,-0.08,-1.64,0.0000,0.0000,0.0000,1
4.429,5,38,-15,1501,1499,-0.08,-1.64,0.0000,0.0000,0.0000,1
4.446,6,38,-15,1501,1499,-0.08,-1.64,0.0000,0.0000,0.0000,1
4.463,5,39,-14,1501,1499,-0.08,-1.64,0.0000,0.0000,0.0000,1
4.481,5,39,-15,1501,1499,-0.34,-1.01,0.0000,0.0000,0.0000,1
4.498,5,39,-14,1501,1499,-0.34,-1.01,0.0000,0.0000,0.0000,1
4.516,5,39,-14,1501,1499,-0.34,-1.01,0.0000,0.0000,0.0000,1
4.533,6,40,-14,1501,1499,-0.34,-1.01,0.0000,0.0000,0.0000,1
4.550,6,41,-15,1501,1499,-0.34,-1.01,0.0000,0.0000,0.0000,1
4.568,6,41,-13,1501,1499,-0.34,-1.01,0.0000,0.0000,0.0000,1
4.585,7,42,-13,1501,1499,-0.34,-1.01,0.0000,0.0000,0.0000,1
4.603,8,42,-14,1501,1499,-0.34,-1.01,0.0000,0.0000,0.0000,1
4.620,10,43,-13,1502,1499,-0.34,-1.01,0.0000,0.0000,0.0000,1
4.637,10,43,-13,1502,1499,-0.34,-1.01,0.0000,0.0000,0.0000,1
4.656,13,45,-13,1502,1499,-0.34,-1.01,0.0000,0.0000,0.0000,1
4.675,14,46,-13,1502,1499,-0.34,-1.01,0.0000,0.0000,0.0000,1
4.692,16,47,-14,1503,1499,-0.34,-1.01,0.0000,0.0000,0.0000,1
4.711,17,48,-13,1503,1499,-0.34,-1.01,0.0000,0.0000,0.0000,1
4.728,19,49,-13,1503,1499,-0.34,-1.01,0.0000,0.0000,0.0000,1
4.745,21,50,-13,1504,1499,-0.93,-0.21,0.0000,0.0000,0.0000,1
4.765,22,50,-13,1504,1499,-0.93,-0.21,0.0000,0.0000,0.0000,1
4.785,24,51,-13,1504,1499,-0.93,-0.21,0.0000,0.0000,0.0000,1
4.802,25,51,-13,1505,1499,-0.93,-0.21,0.0000,0.0000,0.0000,1
4.819,26,51,-13,1505,1499,-0.93,-0.21,0.0000,0.0000,0.0000,1
4.838,28,51,-13,1505,1499,-0.93,-0.21,0.0000,0.0000,0.0000,1
4.855,30,50,-13,1506,1499,-0.93,-0.21,0.0000,0.0000,0.0000,1
4.872,30,50,-13,1506,1499,-0.93,-0.21,0.0000,0.0000,0.0000,1
4.890,32,49,-13,1506,1499,-0.93,-0.21,0.0000,0.0000,0.0000,1
4.908,32,49,-13,1506,1499,-0.93,-0.21,0.0000,0.0000,0.0000,1
4.926,33,48,-12,1506,1499,-0.93,-0.21,0.0000,0.0000,0.0000,1
4.946,34,46,-12,1506,1499,-0.93,-0.21,0.0000,0.0000,0.0000,1
4.963,35,46,-12,1507,1499,-0.93,-0.21,0.0000,0.0000,0.0000,1
4.980,36,44,-12,1507,1499,-1.01,-0.42,0.0000,0.0000,0.0000,1
4.997,37,43,-12,1507,1499,-1.01,-0.42,0.0000,0.0000,0.0000,1
5.015,37,42,-13,1507,1499,-1.01,-0.42,0.0000,0.0000,0.0000,1
5.032,38,41,-12,1507,1499,-1.01,-0.42,0.0000,0.0000,0.0000,1
5.050,38,41,-12,1507,1499,-1.01,-0.42,0.0000,0.0000,0.0000,1
5.068,37,40,-12,1507,1499,-1.01,-0.42,0.0000,0.0000,0.0000,1
5.087,37,38,-12,1507,1499,-1.01,-0.42,0.0000,0.0000,0.0000,1
5.105,38,37,-12,1507,1499,-1.01,-0.42,0.0000,0.0000,0.0000,1
5.123,38,37,-12,1507,1499,-1.01,-0.42,0.0000,0.0000,0.0000,1
5.140,39,36,-12,1507,1499,-1.01,-0.42,0.0000,0.0000,0.0000,1
5.157,40,35,-12,1508,1499,-1.01,-0.42,0.0000,0.0000,0.0000,1
5.174,41,34,-12,1508,1499,-1.01,-0.42,0.0000,0.0000,0.0000,1
5.191,42,32,-12,1508,1499,-1.01,-0.42,0.0000,0.0000,0.0000,1
5.209,43,32,-12,1508,1499,-1.01,-0.42,0.0000,0.0000,0.0000,1
5.226,44,31,-12,1508,1499,-1.01,-0.42,0.0000,0.0000,0.0000,1
5.244,45,30,-12,1509,1499,-0.45,-0.92,0.0000,0.0000,0.0000,1
5.261,47,29,-11,1509,1499,-0.45,-0.92,0.0000,0.0000,0.0000,1
5.278,48,28,-11,1509,1499,-0.45,-0.92,0.0000,0.0000,0.0000,1
5.295,50,28,-11,1510,1499,-0.45,-0.92,0.0000,0.0000,0.0000,1
5.313,53,27,-11,1515,1499,-0.45,-0.92,0.0000,0.0000,0.0000,1
5.331,54,27,-11,1516,1499,-0.45,-0.92,0.0000,0.0000,0.0000,1
5.349,56,26,-11,1516,1499,-0.45,-0.92,0.0000,0.0000,0.0000,1
5.367,57,25,-11,1517,1499,-0.45,-0.92,0.0000,0.0000,0.0000,1
5.384,59,26,-11,1517,1499,-0.45,-0.92,0.0000,0.0000,0.0000,1
5.402,61,26,-12,1518,1499,-0.45,-0.92,0.0000,0.0000,0.0000,0
0.018,63,25,-11,1518,1499,-0.45,-0.92,0.0000,0.0000,0.0000,0
0.038,65,22,-11,1519,1499,-0.45,-0.92,0.0000,0.0000,0.0000,0
0.055,67,21,-11,1520,1499,-0.45,-0.92,0.0000,0.0000,0.0000,0
0.075,68,22,-11,1520,1499,-0.46,-0.99,0.0000,0.0000,0.0000,0
0.093,69,21,-11,1520,1499,-0.46,-0.99,0.0000,0.0000,0.0000,0
0.110,69,21,-12,1520,1499,-0.46,-0.99,0.0000,0.0000,0.0000,0
0.128,69,24,-11,1520,1499,-0.46,-0.99,0.0000,0.0000,0.0000,0
0.145,69,25,-12,1520,1499,-0.46,-0.99,0.0000,0.0000,0.0000,0
0.162,70,25,-11,1521,1499,-0.46,-0.99,0.0000,0.0000,0.0000,0
0.180,70,25,-11,1521,1499,-0.46,-0.99,0.0000,0.0000,0.0000,0
0.199,70,27,-11,1521,1499,-0.46,-0.99,0.0000,0.0000,0.0000,0
0.216,71,27,-11,1521,1499,-0.46,-0.99,0.0000,0.0000,0.0000,0
0.235,71,27,-11,1521,1499,-0.46,-0.99,0.0000,0.0000,0.0000,0
0.252,71,27,-11,1521,1499,-0.46,-0.99,0.0000,0.0000,0.0000,0
0.269,71,27,-10,1521,1499,-0.46,-0.99,0.0000,0.0000,0.0000,0
0.287,71,26,-10,1521,1499,-0.46,-0.99,0.0000,0.0000,0.0000,0
0.304,72,26,-11,1521,1499,-0.46,-0.99,0.0000,0.0000,0.0000,0
0.321,73,25,-10,1521,1499,-0.46,-0.99,0.0000,0.0000,0.0000,0
0.339,73,25,-10,1521,1499,-0.33,-0.48,0.0000,0.0000,0.0000,0
0.357,73,25,-10,1521,1499,-0.33,-0.48,0.0000,0.0000,0.0000,0
0.377,74,24,-10,1522,1499,-0.33,-0.48,0.0000,0.0000,0.0000,0
0.397,74,25,-10,1522,1499,-0.33,-0.48,0.0000,0.0000,0.0000,0
0.414,76,27,-10,1522,1499,-0.33,-0.48,0.0000,0.0000,0.0000,0
0.434,78,27,-10,1523,1499,-0.33,-0.48,0.0000,0.0000,0.0000,0
0.451,79,28,-10,1523,1499,-0.33,-0.48,0.0000,0.0000,0.0000,0
0.470,81,28,-10,1524,1499,-0.33,-0.48,0.0000,0.0000,0.0000,0
0.488,83,28,-11,1524,1499,-0.33,-0.48,0.0000,0.0000,0.0000,0
0.505,85,28,-10,1525,1499,-0.33,-0.48,0.0000,0.0000,0.0000,0
0.522,87,27,-10,1526,1499,-0.33,-0.48,0.0000,0.0000,0.0000,0
0.540,89,26,-10,1526,1499,-0.33,-0.48,0.0000,0.0000,0.0000,0
0.557,93,26,-10,1527,1499,-0.33,-0.48,0.0000,0.0000,0.0000,0
0.577,95,26,-9,1528,1500,-0.70,-0.39,0.0000,0.0000,0.0000,0
0.596,98,26,-9,1529,1500,-0.70,-0.39,0.0000,0.0000,0.0000,0
0.614,100,26,-10,1530,1499,-0.70,-0.39,0.0000,0.0000,0.0000,0
0.635,104,26,-9,1530,1500,-0.70,-0.39,0.0000,0.0000,0.0000,0
0.652,105,26,-10,1530,1499,-0.70,-0.39,0.0000,0.0000,0.0000,0
0.669,108,27,-10,1530,1499,-0.70,-0.39,0.0000,0.0000,0.0000,0
0.687,110,28,-10,1530,1499,-0.70,-0.39,0.0000,0.0000,0.0000,0
0.706,111,27,-9,1530,1500,-0.70,-0.39,0.0000,0.0000,0.0000,0
0.723,112,28,-10,1530,1499,-0.70,-0.39,0.0000,0.0000,0.0000,0
0.741,114,28,-10,1530,1499,-0.70,-0.39,0.0000,0.0000,0.0000,0
0.759,114,28,-9,1530,1500,-0.70,-0.39,0.0000,0.0000,0.0000,0
0.776,114,29,-9,1530,1500,-0.70,-0.39,0.0000,0.0000,0.0000,0
0.793,114,29,-8,1530,1500,-0.70,-0.39,0.0000,0.0000,0.0000,0
0.810,115,31,-8,1530,1500,-0.70,-0.39,0.0000,0.0000,0.0000,0
0.827,116,30,-8,1530,1500,-0.05,0.13,0.0000,0.0000,0.0000,0
0.844,115,30,-8,1530,1500,-0.05,0.13,0.0000,0.0000,0.0000,0
0.861,116,29,-8,1530,1500,-0.05,0.13,0.0000,0.0000,0.0000,0
0.878,116,29,-8,1530,1500,-0.05,0.13,0.0000,0.0000,0.0000,0
0.895,116,29,-8,1530,1500,-0.05,0.13,0.0000,0.0000,0.0000,0
0.912,117,28,-8,1530,1500,-0.05,0.13,0.0000,0.0000,0.0000,0
0.929,118,27,-8,1530,1500,-0.05,0.13,0.0000,0.0000,0.0000,0
0.946,119,26,-7,1530,1500,-0.05,0.13,0.0000,0.0000,0.0000,0
0.966,122,25,-7,1530,1500,-0.05,0.13,0.0000,0.0000,0.0000,0
0.984,124,25,-7,1530,1500,-0.05,0.13,0.0000,0.0000,0.0000,0
1.002,126,24,-7,1530,1500,-0.05,0.13,0.0000,0.0000,0.0000,0
1.020,127,24,-7,1530,1500,-0.05,0.13,0.0000,0.0000,0.0000,0
1.038,128,24,-7,1530,1500,-0.05,0.13,0.0000,0.0000,0.0000,0
1.055,129,23,-7,1530,1500,-0.05,0.13,0.0000,0.0000,0.0000,0
1.073,130,23,-7,1530,1500,-0.05,0.13,0.0000,0.0000,0.0000,0
1.090,130,22,-7,1530,1500,0.83,-0.11,0.0000,0.0000,0.0000,0
1.108,131,22,-7,1530,1500,0.83,-0.11,0.0000,0.0000,0.0000,0
1.125,131,22,-7,1530,1500,0.83,-0.11,0.0000,0.0000,0.0000,0
1.143,132,21,-7,1530,1500,0.83,-0.11,0.0000,0.0000,0.0000,0
1.160,133,20,-7,1530,1500,0.83,-0.11,0.0000,0.0000,0.0000,0
1.177,133,20,-7,1530,1500,0.83,-0.11,0.0000,0.0000,0.0000,0
1.194,134,19,-6,1530,1500,0.83,-0.11,0.0000,0.0000,0.0000,0
1.212,134,19,-7,1530,1500,0.83,-0.11,0.0000,0.0000,0.0000,0
1.229,135,19,-7,1530,1500,0.83,-0.11,0.0000,0.0000,0.0000,0
1.246,135,19,-6,1530,1500,0.83,-0.11,0.0000,0.0000,0.0000,0
1.263,135,19,-7,1530,1500,0.83,-0.11,0.0000,0.0000,0.0000,0
1.280,135,19,-6,1530,1500,0.83,-0.11,0.0000,0.0000,0.0000,0
1.298,136,19,-7,1530,1500,0.83,-0.11,0.0000,0.0000,0.0000,0
1.315,136,19,-6,1530,1500,0.83,-0.11,0.0000,0.0000,0.0000,0
1.333,136,19,-7,1530,1500,1.55,-0.20,0.0000,0.0000,0.0000,0
1.350,136,19,-6,1530,1500,1.55,-0.20,0.0000,0.0000,0.0000,0
1.368,136,19,-6,1530,1500,1.55,-0.20,0.0000,0.0000,0.0000,0
1.386,136,21,-6,1530,1500,1.55,-0.20,0.0000,0.0000,0.0000,0
1.405,136,21,-6,1530,1500,1.55,-0.20,0.0000,0.0000,0.0000,0
1.423,137,23,-6,1530,1500,1.55,-0.20,0.0000,0.0000,0.0000,0
1.440,137,23,-6,1530,1500,1.55,-0.20,0.0000,0.0000,0.0000,0
1.459,138,22,-6,1530,1500,1.55,-0.20,0.0000,0.0000,0.0000,0
1.476,139,21,-6,1530,1500,1.55,-0.20,0.0000,0.0000,0.0000,0
1.495,140,21,-6,1530,1500,1.55,-0.20,0.0000,0.0000,0.0000,0
1.512,141,22,-6,1530,1500,1.55,-0.20,0.0000,0.0000,0.0000,0
1.530,142,22,-6,1530,1500,1.55,-0.20,0.0000,0.0000,0.0000,0
1.549,143,23,-6,1530,1500,1.55,-0.20,0.0000,0.0000,0.0000,0
1.566,144,24,-6,1530,1500,1.55,-0.20,0.0000,0.0000,0.0000,0
1.584,145,26,-6,1530,1500,1.96,0.02,0.0000,0.0000,0.0000,0
1.601,146,28,-6,1530,1500,1.96,0.02,0.0000,0.0000,0.0000,0
1.618,147,28,-6,1530,1500,1.96,0.02,0.0000,0.0000,0.0000,0
1.637,147,27,-6,1530,1500,1.96,0.02,0.0000,0.0000,0.0000,0
1.654,147,26,-6,1530,1500,1.96,0.02,0.0000,0.0000,0.0000,0
1.672,147,27,-6,1530,1500,1.96,0.02,0.0000,0.0000,0.0000,0
1.690,148,27,-6,1530,1500,1.96,0.02,0.0000,0.0000,0.0000,0
1.708,148,27,-6,1530,1500,1.96,0.02,0.0000,0.0000,0.0000,0
1.726,148,25,-7,1530,1500,1.96,0.02,0.0000,0.0000,0.0000,0
1.744,148,24,-6,1530,1500,1.96,0.02,0.0000,0.0000,0.0000,0
1.761,147,23,-6,1530,1500,1.96,0.02,0.0000,0.0000,0.0000,0
1.780,146,22,-6,1530,1500,1.96,0.02,0.0000,0.0000,0.0000,0
1.797,146,22,-6,1530,1500,1.96,0.02,0.0000,0.0000,0.0000,0
1.815,145,20,-6,1530,1500,1.96,0.02,0.0000,0.0000,0.0000,0
1.834,144,18,-7,1530,1500,1.78,-0.65,0.0000,0.0000,0.0000,0
1.852,142,18,-7,1530,1500,1.78,-0.65,0.0000,0.0000,0.0000,0
1.869,142,18,-7,1530,1500,1.78,-0.65,0.0000,0.0000,0.0000,0
1.887,140,18,-7,1530,1500,1.78,-0.65,0.0000,0.0000,0.0000,0
1.905,140,19,-7,1530,1500,1.78,-0.65,0.0000,0.0000,0.0000,0
1.923,138,18,-8,1530,1500,1.78,-0.65,0.0000,0.0000,0.0000,0
1.940,137,16,-8,1530,1500,1.78,-0.65,0.0000,0.0000,0.0000,0
1.957,137,16,-7,1530,1500,1.78,-0.65,0.0000,0.0000,0.0000,0
1.975,137,15,-7,1530,1500,1.78,-0.65,0.0000,0.0000,0.0000,0
1.992,136,13,-8,1530,1500,1.78,-0.65,0.0000,0.0000,0.0000,0
2.010,135,12,-8,1530,1500,1.78,-0.65,0.0000,0.0000,0.0000,0
2.028,134,13,-8,1530,1500,1.78,-0.65,0.0000,0.0000,0.0000,0
2.045,133,14,-8,1530,1500,1.78,-0.65,0.0000,0.0000,0.0000,0
2.064,132,17,-8,1530,1500,1.78,-0.65,0.0000,0.0000,0.0000,0
2.082,131,18,-8,1530,1500,1.71,-1.09,0.0000,0.0000,0.0000,0
2.102,130,19,-8,1530,1500,1.71,-1.09,0.0000,0.0000,0.0000,0
2.120,131,21,-7,1530,1500,1.71,-1.09,0.0000,0.0000,0.0000,0
2.138,129,23,-7,1530,1500,1.71,-1.09,0.0000,0.0000,0.0000,0
2.156,130,25,-6,1530,1500,1.71,-1.09,0.0000,0.0000,0.0000,0
2.174,128,23,-5,1530,1500,1.71,-1.09,0.0000,0.0000,0.0000,0
2.192,124,21,-6,1530,1500,1.71,-1.09,0.0000,0.0000,0.0000,0
2.210,123,20,-6,1530,1500,1.71,-1.09,0.0000,0.0000,0.0000,0
2.229,119,19,-6,1530,1500,1.71,-1.09,0.0000,0.0000,0.0000,0
2.247,117,18,-6,1530,1500,1.71,-1.09,0.0000,0.0000,0.0000,0
2.264,113,18,-6,1530,1500,1.71,-1.09,0.0000,0.0000,0.0000,0
2.283,110,18,-7,1530,1500,1.71,-1.09,0.0000,0.0000,0.0000,0
2.300,106,19,-7,1530,1500,1.71,-1.09,0.0000,0.0000,0.0000,0
2.318,102,19,-7,1530,1500,1.71,-1.09,0.0000,0.0000,0.0000,0
2.336,98,20,-7,1529,1500,1.52,-1.16,0.0000,0.0000,0.0000,0
2.356,93,21,-7,1527,1500,1.52,-1.16,0.0000,0.0000,0.0000,0
2.377,90,21,-7,1527,1500,1.52,-1.16,0.0000,0.0000,0.0000,0
2.395,82,22,-8,1524,1500,1.52,-1.16,0.0000,0.0000,0.0000,0
2.413,78,23,-8,1523,1500,1.52,-1.16,0.0000,0.0000,0.0000,0
2.430,74,23,-8,1522,1500,1.52,-1.16,0.0000,0.0000,0.0000,0
2.447,70,24,-9,1521,1500,1.52,-1.16,0.0000,0.0000,0.0000,0
2.465,68,25,-8,1520,1500,1.52,-1.16,0.0000,0.0000,0.0000,0
2.482,64,26,-9,1519,1500,1.52,-1.16,0.0000,0.0000,0.0000,0
2.500,62,26,-9,1518,1500,1.52,-1.16,0.0000,0.0000,0.0000,0
2.517,56,27,-10,1516,1499,1.52,-1.16,0.0000,0.0000,0.0000,1
2.536,54,28,-11,1516,1499,1.52,-1.16,0.0000,0.0000,0.0000,1
2.554,52,29,-10,1515,1499,1.52,-1.16,0.0000,0.0000,0.0000,1
2.571,50,29,-10,1510,1499,1.52,-1.16,0.0000,0.0000,0.0000,1
2.590,48,30,-10,1509,1499,0.70,-1.13,0.0000,0.0000,0.0000,1
2.608,45,31,-9,1509,1500,0.70,-1.13,0.0000,0.0000,0.0000,1
2.625,43,31,-10,1508,1499,0.70,-1.13,0.0000,0.0000,0.0000,1
2.642,43,31,-10,1508,1499,0.70,-1.13,0.0000,0.0000,0.0000,1
2.660,39,32,-10,1507,1499,0.70,-1.13,0.0000,0.0000,0.0000,1
2.678,38,33,-10,1507,1499,0.70,-1.13,0.0000,0.0000,0.0000,1
2.695,36,33,-11,1507,1499,0.70,-1.13,0.0000,0.0000,0.0000,1
2.712,34,34,-11,1506,1499,0.70,-1.13,0.0000,0.0000,0.0000,1
2.729,32,35,-10,1506,1499,0.70,-1.13,0.0000,0.0000,0.0000,1
2.746,30,35,-10,1506,1499,0.70,-1.13,0.0000,0.0000,0.0000,1
2.764,28,36,-10,1505,1499,0.70,-1.13,0.0000,0.0000,0.0000,1
2.781,24,38,-11,1504,1499,0.70,-1.13,0.0000,0.0000,0.0000,1
2.798,24,38,-11,1504,1499,0.70,-1.13,0.0000,0.0000,0.0000,1
2.816,23,39,-11,1504,1499,0.70,-1.13,0.0000,0.0000,0.0000,1
2.833,21,41,-11,1504,1499,0.38,-0.88,0.0000,0.0000,0.0000,1
2.851,20,41,-11,1504,1499,0.38,-0.88,0.0000,0.0000,0.0000,1
2.868,18,42,-11,1503,1499,0.38,-0.88,0.0000,0.0000,0.0000,1
2.886,14,42,-12,1503,1499,0.38,-0.88,0.0000,0.0000,0.0000,1
2.903,13,43,-12,1502,1499,0.38,-0.88,0.0000,0.0000,0.0000,1
2.921,11,43,-12,1502,1499,0.38,-0.88,0.0000,0.0000,0.0000,1
2.939,9,43,-11,1501,1499,0.38,-0.88,0.0000,0.0000,0.0000,1
2.957,7,43,-12,1501,1499,0.38,-0.88,0.0000,0.0000,0.0000,1
2.975,5,42,-12,1501,1499,0.38,-0.88,0.0000,0.0000,0.0000,1
2.994,4,42,-13,1500,1499,0.38,-0.88,0.0000,0.0000,0.0000,1
3.012,2,42,-13,1500,1499,0.38,-0.88,0.0000,0.0000,0.0000,1
3.029,0,43,-13,1500,1499,0.38,-0.88,0.0000,0.0000,0.0000,1
3.046,-2,43,-13,1500,1499,0.38,-0.88,0.0000,0.0000,0.0000,1
3.065,-4,43,-13,1500,1499,0.38,-0.88,0.0000,0.0000,0.0000,1
3.082,-5,44,-13,1499,1499,-0.30,-0.96,0.0000,0.0000,0.0000,1
3.100,-10,46,-14,1498,1499,-0.30,-0.96,0.0000,0.0000,0.0000,1
3.119,-12,47,-13,1498,1499,-0.30,-0.96,0.0000,0.0000,0.0000,1
3.136,-12,47,-13,1498,1499,-0.30,-0.96,0.0000,0.0000,0.0000,1
3.154,-16,47,-13,1497,1499,-0.30,-0.96,0.0000,0.0000,0.0000,1
3.171,-18,47,-14,1497,1499,-0.30,-0.96,0.0000,0.0000,0.0000,1
3.188,-20,47,-14,1496,1499,-0.30,-0.96,0.0000,0.0000,0.0000,1
3.206,-22,47,-13,1496,1499,-0.30,-0.96,0.0000,0.0000,0.0000,1
3.223,-24,47,-14,1496,1499,-0.30,-0.96,0.0000,0.0000,0.0000,1
3.240,-26,47,-14,1495,1499,-0.30,-0.96,0.0000,0.0000,0.0000,1
3.257,-28,47,-14,1495,1499,-0.30,-0.96,0.0000,0.0000,0.0000,1
3.275,-30,47,-14,1494,1499,-0.30,-0.96,0.0000,0.0000,0.0000,1
3.292,-32,48,-14,1494,1499,-0.30,-0.96,0.0000,0.0000,0.0000,1
3.309,-35,48,-14,1493,1499,-0.30,-0.96,0.0000,0.0000,0.0000,1
3.326,-38,47,-14,1493,1499,-0.76,-1.27,0.0000,0.0000,0.0000,1
3.343,-40,47,-14,1492,1499,-0.76,-1.27,0.0000,0.0000,0.0000,1
3.360,-43,46,-15,1492,1499,-0.76,-1.27,0.0000,0.0000,0.0000,1
3.378,-45,46,-15,1491,1499,-0.76,-1.27,0.0000,0.0000,0.0000,1
3.395,-48,45,-16,1491,1499,-0.76,-1.27,0.0000,0.0000,0.0000,1
3.413,-50,45,-16,1490,1499,-0.76,-1.27,0.0000,0.0000,0.0000,1
3.431,-52,44,-15,1485,1499,-0.76,-1.27,0.0000,0.0000,0.0000,1
3.451,-55,43,-16,1484,1499,-0.76,-1.27,0.0000,0.0000,0.0000,1
3.468,-57,43,-15,1483,1499,-0.76,-1.27,0.0000,0.0000,0.0000,1
3.486,-61,43,-17,1482,1499,-0.76,-1.27,0.0000,0.0000,0.0000,0
0.018,-63,43,-17,1482,1499,-0.76,-1.27,0.0000,0.0000,0.0000,0
0.036,-65,42,-17,1481,1499,-0.76,-1.27,0.0000,0.0000,0.0000,0
0.053,-67,42,-17,1480,1499,-0.76,-1.27,0.0000,0.0000,0.0000,0
0.070,-68,43,-17,1480,1499,-0.76,-1.27,0.0000,0.0000,0.0000,0
0.088,-69,43,-18,1480,1499,-0.33,-1.89,0.0000,0.0000,0.0000,0
0.105,-70,43,-18,1479,1499,-0.33,-1.89,0.0000,0.0000,0.0000,0
0.123,-71,43,-18,1479,1499,-0.33,-1.89,0.0000,0.0000,0.0000,0
0.141,-72,43,-18,1479,1499,-0.33,-1.89,0.0000,0.0000,0.0000,0
0.159,-72,43,-18,1479,1499,-0.33,-1.89,0.0000,0.0000,0.0000,0
0.178,-73,44,-18,1479,1499,-0.33,-1.89,0.0000,0.0000,0.0000,0
0.196,-74,44,-18,1478,1499,-0.33,-1.89,0.0000,0.0000,0.0000,0
0.213,-74,45,-18,1478,1499,-0.33,-1.89,0.0000,0.0000,0.0000,0
0.231,-74,45,-18,1478,1499,-0.33,-1.89,0.0000,0.0000,0.0000,0
0.248,-75,46,-18,1478,1499,-0.33,-1.89,0.0000,0.0000,0.0000,0
0.267,-75,46,-19,1478,1499,-0.33,-1.89,0.0000,0.0000,0.0000,0
0.284,-74,47,-18,1478,1499,-0.33,-1.89,0.0000,0.0000,0.0000,0
0.301,-74,47,-18,1478,1499,-0.33,-1.89,0.0000,0.0000,0.0000,0
0.318,-74,47,-18,1478,1499,-0.33,-1.89,0.0000,0.0000,0.0000,0
0.336,-73,48,-19,1479,1499,-0.16,-1.95,0.0000,0.0000,0.0000,0
0.360,-72,48,-19,1479,1499,-0.16,-1.95,0.0000,0.0000,0.0000,0
0.380,-71,48,-18,1479,1499,-0.16,-1.95,0.0000,0.0000,0.0000,0
0.398,-70,48,-18,1479,1499,-0.16,-1.95,0.0000,0.0000,0.0000,0
0.417,-69,48,-19,1480,1499,-0.16,-1.95,0.0000,0.0000,0.0000,0
0.436,-67,48,-19,1480,1499,-0.16,-1.95,0.0000,0.0000,0.0000,0
0.453,-66,48,-19,1481,1499,-0.16,-1.95,0.0000,0.0000,0.0000,0
0.471,-63,47,-19,1482,1499,-0.16,-1.95,0.0000,0.0000,0.0000,0
0.489,-62,47,-19,1482,1499,-0.16,-1.95,0.0000,0.0000,0.0000,0
0.506,-61,47,-19,1482,1499,-0.16,-1.95,0.0000,0.0000,0.0000,0
0.524,-60,47,-20,1482,1498,-0.16,-1.95,0.0000,0.0000,0.0000,1
0.542,-59,47,-20,1483,1498,-0.16,-1.95,0.0000,0.0000,0.0000,1
0.560,-57,48,-19,1483,1499,-0.16,-1.95,0.0000,0.0000,0.0000,1
0.577,-57,48,-19,1483,1499,-0.16,-1.95,0.0000,0.0000,0.0000,1
0.594,-56,48,-20,1484,1498,-0.49,-2.05,0.0000,0.0000,0.0000,1
0.614,-55,49,-19,1484,1499,-0.49,-2.05,0.0000,0.0000,0.0000,1
0.632,-54,49,-20,1484,1498,-0.49,-2.05,0.0000,0.0000,0.0000,1
0.649,-53,50,-20,1485,1498,-0.49,-2.05,0.0000,0.0000,0.0000,1
0.667,-52,51,-20,1485,1498,-0.49,-2.05,0.0000,0.0000,0.0000,1
0.685,-51,52,-21,1485,1498,-0.49,-2.05,0.0000,0.0000,0.0000,1
0.703,-51,56,-20,1485,1498,-0.49,-2.05,0.0000,0.0000,0.0000,1
0.720,-51,57,-20,1485,1498,-0.49,-2.05,0.0000,0.0000,0.0000,1
0.737,-50,58,-20,1490,1498,-0.49,-2.05,0.0000,0.0000,0.0000,1
0.755,-51,58,-20,1485,1498,-0.49,-2.05,0.0000,0.0000,0.0000,1
0.772,-50,59,-20,1490,1498,-0.49,-2.05,0.0000,0.0000,0.0000,1
0.789,-51,59,-20,1485,1498,-0.49,-2.05,0.0000,0.0000,0.0000,1
0.807,-52,60,-20,1485,1498,-0.49,-2.05,0.0000,0.0000,0.0000,1
0.826,-52,60,-20,1485,1498,-0.49,-2.05,0.0000,0.0000,0.0000,1
0.846,-52,61,-20,1485,1498,-1.19,-1.34,0.0000,0.0000,0.0000,0
0.022,-53,61,-20,1485,1498,-1.19,-1.34,0.0000,0.0000,0.0000,0
0.040,-53,61,-20,1485,1498,-1.19,-1.34,0.0000,0.0000,0.0000,0
0.058,-53,61,-20,1485,1498,-1.19,-1.34,0.0000,0.0000,0.0000,0
0.076,-53,61,-20,1485,1498,-1.19,-1.34,0.0000,0.0000,0.0000,0
0.093,-53,62,-20,1485,1498,-1.19,-1.34,0.0000,0.0000,0.0000,0
0.112,-53,62,-20,1485,1498,-1.19,-1.34,0.0000,0.0000,0.0000,0
0.130,-53,62,-21,1485,1498,-1.19,-1.34,0.0000,0.0000,0.0000,0
0.148,-53,62,-20,1485,1498,-1.19,-1.34,0.0000,0.0000,0.0000,0
0.166,-52,61,-21,1485,1498,-1.19,-1.34,0.0000,0.0000,0.0000,0
0.186,-52,61,-20,1485,1498,-1.19,-1.34,0.0000,0.0000,0.0000,0
0.203,-52,60,-21,1485,1498,-1.19,-1.34,0.0000,0.0000,0.0000,1
0.221,-52,60,-20,1485,1498,-1.19,-1.34,0.0000,0.0000,0.0000,1
0.238,-52,60,-20,1485,1498,-1.05,-1.43,0.0000,0.0000,0.0000,1
0.256,-51,59,-20,1485,1498,-1.05,-1.43,0.0000,0.0000,0.0000,1
0.274,-51,57,-21,1485,1498,-1.05,-1.43,0.0000,0.0000,0.0000,1
0.291,-51,56,-21,1485,1498,-1.05,-1.43,0.0000,0.0000,0.0000,1
0.309,-51,55,-21,1485,1498,-1.05,-1.43,0.0000,0.0000,0.0000,1
0.326,-51,55,-21,1485,1498,-1.05,-1.43,0.0000,0.0000,0.0000,1
0.344,-51,56,-21,1485,1498,-1.05,-1.43,0.0000,0.0000,0.0000,1
0.363,-50,56,-21,1490,1498,-1.05,-1.43,0.0000,0.0000,0.0000,1
0.381,-50,55,-21,1490,1498,-1.05,-1.43,0.0000,0.0000,0.0000,1
0.400,-50,56,-21,1490,1498,-1.05,-1.43,0.0000,0.0000,0.0000,1
0.418,-49,56,-21,1491,1498,-1.05,-1.43,0.0000,0.0000,0.0000,1
0.435,-48,57,-21,1491,1498,-1.05,-1.43,0.0000,0.0000,0.0000,1
0.453,-48,57,-21,1491,1498,-1.05,-1.43,0.0000,0.0000,0.0000,1
0.471,-47,57,-22,1491,1498,-1.05,-1.43,0.0000,0.0000,0.0000,1
0.489,-46,58,-22,1491,1498,-0.57,-1.67,0.0000,0.0000,0.0000,1
0.506,-46,58,-22,1491,1498,-0.57,-1.67,0.0000,0.0000,0.0000,1
0.525,-45,58,-21,1491,1498,-0.57,-1.67,0.0000,0.0000,0.0000,1
0.542,-44,58,-22,1492,1498,-0.57,-1.67,0.0000,0.0000,0.0000,1
0.559,-44,59,-22,1492,1498,-0.57,-1.67,0.0000,0.0000,0.0000,1
0.577,-43,59,-22,1492,1498,-0.57,-1.67,0.0000,0.0000,0.0000,1
0.594,-42,57,-21,1492,1498,-0.57,-1.67,0.0000,0.0000,0.0000,1
0.612,-43,55,-22,1492,1498,-0.57,-1.67,0.0000,0.0000,0.0000,1
0.629,-43,54,-21,1492,1498,-0.57,-1.67,0.0000,0.0000,0.0000,1
0.646,-44,54,-22,1492,1498,-0.57,-1.67,0.0000,0.0000,0.0000,1
0.663,-45,52,-21,1491,1498,-0.57,-1.67,0.0000,0.0000,0.0000,1
0.680,-46,50,-21,1491,1498,-0.57,-1.67,0.0000,0.0000,0.0000,1
0.698,-48,48,-21,1491,1498,-0.57,-1.67,0.0000,0.0000,0.0000,1
0.716,-51,46,-21,1485,1498,-0.57,-1.67,0.0000,0.0000,0.0000,1
0.734,-52,46,-21,1485,1498,-0.57,-1.67,0.0000,0.0000,0.0000,1
0.751,-54,46,-22,1484,1498,-0.26,-1.93,0.0000,0.0000,0.0000,1
0.770,-54,46,-22,1484,1498,-0.26,-1.93,0.0000,0.0000,0.0000,1
0.788,-56,46,-22,1484,1498,-0.26,-1.93,0.0000,0.0000,0.0000,1
0.805,-57,46,-22,1483,1498,-0.26,-1.93,0.0000,0.0000,0.0000,1
0.823,-59,46,-21,1483,1498,-0.26,-1.93,0.0000,0.0000,0.0000,1
0.840,-61,47,-21,1482,1498,-0.26,-1.93,0.0000,0.0000,0.0000,0
0.019,-64,48,-22,1482,1498,-0.26,-1.93,0.0000,0.0000,0.0000,0
0.037,-64,48,-22,1481,1498,-0.26,-1.93,0.0000,0.0000,0.0000,0
0.055,-68,49,-21,1480,1498,-0.26,-1.93,0.0000,0.0000,0.0000,0
0.073,-70,50,-21,1479,1498,-0.26,-1.93,0.0000,0.0000,0.0000,0
0.090,-71,50,-22,1479,1498,-0.26,-1.93,0.0000,0.0000,0.0000,0
0.107,-73,50,-22,1479,1498,-0.26,-1.93,0.0000,0.0000,0.0000,0
0.125,-75,50,-21,1478,1498,-0.26,-1.93,0.0000,0.0000,0.0000,0
0.143,-76,50,-21,1478,1498,-0.26,-1.93,0.0000,0.0000,0.0000,0
0.162,-76,51,-21,1478,1498,0.12,-1.69,0.0000,0.0000,0.0000,0
0.180,-76,50,-21,1478,1498,0.12,-1.69,0.0000,0.0000,0.0000,0
0.198,-77,50,-20,1477,1498,0.12,-1.69,0.0000,0.0000,0.0000,0
0.216,-76,50,-20,1478,1498,0.12,-1.69,0.0000,0.0000,0.0000,0
0.233,-75,50,-21,1478,1498,0.12,-1.69,0.0000,0.0000,0.0000,0
0.251,-74,51,-20,1478,1498,0.12,-1.69,0.0000,0.0000,0.0000,0
0.270,-73,51,-20,1479,1498,0.12,-1.69,0.0000,0.0000,0.0000,0
0.288,-72,52,-20,1479,1498,0.12,-1.69,0.0000,0.0000,0.0000,0
0.307,-71,53,-20,1479,1498,0.12,-1.69,0.0000,0.0000,0.0000,0
0.325,-69,54,-20,1480,1498,0.12,-1.69,0.0000,0.0000,0.0000,0
0.342,-68,54,-20,1480,1498,0.12,-1.69,0.0000,0.0000,0.0000,0
0.360,-66,54,-20,1481,1498,0.12,-1.69,0.0000,0.0000,0.0000,0
0.378,-65,54,-20,1481,1498,0.12,-1.69,0.0000,0.0000,0.0000,0
0.395,-63,55,-20,1482,1498,0.49,-1.52,0.0000,0.0000,0.0000,0
0.413,-61,55,-20,1482,1498,0.49,-1.52,0.0000,0.0000,0.0000,0
0.430,-60,56,-19,1482,1499,0.49,-1.52,0.0000,0.0000,0.0000,1
0.448,-57,57,-19,1483,1499,0.49,-1.52,0.0000,0.0000,0.0000,1
0.466,-57,57,-19,1483,1499,0.49,-1.52,0.0000,0.0000,0.0000,1
0.483,-55,57,-19,1484,1499,0.49,-1.52,0.0000,0.0000,0.0000,1
0.501,-53,58,-19,1485,1499,0.49,-1.52,0.0000,0.0000,0.0000,1
0.520,-49,59,-19,1491,1499,0.49,-1.52,0.0000,0.0000,0.0000,1
0.541,-47,60,-19,1491,1499,0.49,-1.52,0.0000,0.0000,0.0000,1
0.559,-45,62,-20,1491,1498,0.49,-1.52,0.0000,0.0000,0.0000,0
0.018,-44,63,-19,1492,1499,0.49,-1.52,0.0000,0.0000,0.0000,0
0.035,-43,63,-20,1492,1498,0.49,-1.52,0.0000,0.0000,0.0000,0
0.052,-42,64,-20,1492,1498,0.49,-1.52,0.0000,0.0000,0.0000,0
0.069,-42,64,-20,1492,1498,0.49,-1.52,0.0000,0.0000,0.0000,0
0.087,-42,63,-20,1492,1498,0.99,-0.73,0.0000,0.0000,0.0000,0
0.104,-41,64,-20,1492,1498,0.99,-0.73,0.0000,0.0000,0.0000,0
0.122,-41,64,-20,1492,1498,0.99,-0.73,0.0000,0.0000,0.0000,0
0.140,-41,64,-19,1492,1499,0.99,-0.73,0.0000,0.0000,0.0000,0
0.157,-41,64,-19,1492,1499,0.99,-0.73,0.0000,0.0000,0.0000,0
0.175,-41,64,-19,1492,1499,0.99,-0.73,0.0000,0.0000,0.0000,0
0.196,-41,64,-19,1492,1499,0.99,-0.73,0.0000,0.0000,0.0000,0
0.214,-42,63,-19,1492,1499,0.99,-0.73,0.0000,0.0000,0.0000,0
0.232,-42,62,-19,1492,1499,0.99,-0.73,0.0000,0.0000,0.0000,0
0.250,-43,62,-18,1492,1499,0.99,-0.73,0.0000,0.0000,0.0000,0
0.268,-44,62,-18,1492,1499,0.99,-0.73,0.0000,0.0000,0.0000,0
0.286,-44,62,-18,1492,1499,0.99,-0.73,0.0000,0.0000,0.0000,0
0.303,-45,61,-18,1491,1499,0.99,-0.73,0.0000,0.0000,0.0000,0
0.320,-45,62,-17,1491,1499,0.99,-0.73,0.0000,0.0000,0.0000,0
0.337,-46,62,-16,1491,1499,2.54,-0.66,0.0000,0.0000,0.0000,0
0.356,-47,62,-16,1491,1499,2.54,-0.66,0.0000,0.0000,0.0000,0
0.373,-47,62,-16,1491,1499,2.54,-0.66,0.0000,0.0000,0.0000,0
0.391,-47,62,-16,1491,1499,2.54,-0.66,0.0000,0.0000,0.0000,0
0.408,-47,62,-16,1491,1499,2.54,-0.66,0.0000,0.0000,0.0000,0
0.426,-48,62,-16,1491,1499,2.54,-0.66,0.0000,0.0000,0.0000,0
0.445,-49,63,-15,1491,1499,2.54,-0.66,0.0000,0.0000,0.0000,0
0.463,-50,63,-15,1490,1499,2.54,-0.66,0.0000,0.0000,0.0000,0
0.482,-51,63,-16,1485,1499,2.54,-0.66,0.0000,0.0000,0.0000,0
0.501,-53,64,-15,1485,1499,2.54,-0.66,0.0000,0.0000,0.0000,0
0.519,-54,63,-15,1484,1499,2.54,-0.66,0.0000,0.0000,0.0000,0
0.536,-56,64,-15,1484,1499,2.54,-0.66,0.0000,0.0000,0.0000,0
0.554,-57,64,-15,1483,1499,2.54,-0.66,0.0000,0.0000,0.0000,0
0.572,-59,63,-15,1483,1499,2.54,-0.66,0.0000,0.0000,0.0000,0
0.589,-60,63,-14,1482,1499,2.71,-0.24,0.0000,0.0000,0.0000,0
0.606,-60,63,-14,1482,1499,2.71,-0.24,0.0000,0.0000,0.0000,0
0.623,-61,63,-14,1482,1499,2.71,-0.24,0.0000,0.0000,0.0000,0
0.641,-63,63,-14,1482,1499,2.71,-0.24,0.0000,0.0000,0.0000,0
0.658,-64,63,-14,1481,1499,2.71,-0.24,0.0000,0.0000,0.0000,0
0.675,-65,63,-14,1481,1499,2.71,-0.24,0.0000,0.0000,0.0000,0
0.693,-67,63,-16,1480,1499,2.71,-0.24,0.0000,0.0000,0.0000,0
0.712,-68,64,-15,1480,1499,2.71,-0.24,0.0000,0.0000,0.0000,0
0.731,-69,65,-13,1480,1499,2.71,-0.24,0.0000,0.0000,0.0000,0
0.749,-69,65,-13,1480,1499,2.71,-0.24,0.0000,0.0000,0.0000,0
0.767,-69,66,-12,1480,1499,2.71,-0.24,0.0000,0.0000,0.0000,0
0.785,-69,65,-13,1480,1499,2.71,-0.24,0.0000,0.0000,0.0000,0
0.802,-69,65,-13,1480,1499,2.71,-0.24,0.0000,0.0000,0.0000,0
0.820,-69,65,-13,1480,1499,2.71,-0.24,0.0000,0.0000,0.0000,0
0.837,-69,65,-14,1480,1499,1.81,0.28,0.0000,0.0000,0.0000,0
0.856,-69,65,-14,1480,1499,1.81,0.28,0.0000,0.0000,0.0000,0
0.874,-69,65,-14,1480,1499,1.81,0.28,0.0000,0.0000,0.0000,0
0.894,-70,65,-13,1479,1499,1.81,0.28,0.0000,0.0000,0.0000,0
0.914,-71,64,-12,1479,1499,1.81,0.28,0.0000,0.0000,0.0000,0
0.931,-72,64,-12,1479,1499,1.81,0.28,0.0000,0.0000,0.0000,0
0.949,-73,63,-12,1479,1499,1.81,0.28,0.0000,0.0000,0.0000,0
0.966,-75,62,-11,1478,1499,1.81,0.28,0.0000,0.0000,0.0000,0
0.984,-77,61,-11,1477,1499,1.81,0.28,0.0000,0.0000,0.0000,0
1.001,-78,61,-11,1477,1499,1.81,0.28,0.0000,0.0000,0.0000,0
1.018,-80,60,-12,1476,1499,1.81,0.28,0.0000,0.0000,0.0000,0
1.035,-81,59,-12,1476,1499,1.81,0.28,0.0000,0.0000,0.0000,0
1.054,-82,58,-11,1476,1499,1.81,0.28,0.0000,0.0000,0.0000,0
1.072,-83,57,-11,1476,1499,1.81,0.28,0.0000,0.0000,0.0000,0
1.089,-84,57,-11,1475,1499,0.61,0.17,0.0000,0.0000,0.0000,0
1.106,-85,56,-11,1475,1499,0.61,0.17,0.0000,0.0000,0.0000,0
1.124,-87,56,-11,1474,1499,0.61,0.17,0.0000,0.0000,0.0000,0
1.143,-87,55,-11,1474,1499,0.61,0.17,0.0000,0.0000,0.0000,0
1.160,-89,55,-11,1474,1499,0.61,0.17,0.0000,0.0000,0.0000,0
1.177,-89,55,-11,1474,1499,0.61,0.17,0.0000,0.0000,0.0000,0
1.196,-91,54,-11,1473,1499,0.61,0.17,0.0000,0.0000,0.0000,0
1.214,-93,54,-12,1473,1499,0.61,0.17,0.0000,0.0000,0.0000,0
1.232,-93,53,-11,1473,1499,0.61,0.17,0.0000,0.0000,0.0000,0
1.249,-94,53,-12,1472,1499,0.61,0.17,0.0000,0.0000,0.0000,0
1.267,-95,52,-12,1472,1499,0.61,0.17,0.0000,0.0000,0.0000,0
1.284,-96,52,-13,1472,1499,0.61,0.17,0.0000,0.0000,0.0000,0
1.301,-97,51,-13,1471,1499,0.61,0.17,0.0000,0.0000,0.0000,0
1.319,-98,50,-13,1471,1499,0.61,0.17,0.0000,0.0000,0.0000,0
1.338,-99,50,-12,1471,1499,-0.18,-0.11,0.0000,0.0000,0.0000,0
1.356,-100,49,-12,1470,1499,-0.18,-0.11,0.0000,0.0000,0.0000,0
1.375,-101,48,-11,1470,1499,-0.18,-0.11,0.0000,0.0000,0.0000,0
1.393,-103,47,-11,1470,1499,-0.18,-0.11,0.0000,0.0000,0.0000,0
1.411,-104,46,-11,1470,1499,-0.18,-0.11,0.0000,0.0000,0.0000,0
1.429,-105,45,-11,1470,1499,-0.18,-0.11,0.0000,0.0000,0.0000,0
1.446,-106,44,-11,1470,1499,-0.18,-0.11,0.0000,0.0000,0.0000,0
1.463,-108,44,-11,1470,1499,-0.18,-0.11,0.0000,0.0000,0.0000,0
1.481,-109,43,-12,1470,1499,-0.18,-0.11,0.0000,0.0000,0.0000,0
1.498,-110,43,-11,1470,1499,-0.18,-0.11,0.0000,0.0000,0.0000,0
1.516,-111,42,-12,1470,1499,-0.18,-0.11,0.0000,0.0000,0.0000,0
1.533,-112,42,-11,1470,1499,-0.18,-0.11,0.0000,0.0000,0.0000,0
1.550,-113,41,-12,1470,1499,-0.18,-0.11,0.0000,0.0000,0.0000,0
1.568,-114,41,-12,1470,1499,-0.18,-0.11,0.0000,0.0000,0.0000,0
1.585,-115,40,-13,1470,1499,-0.37,-0.60,0.0000,0.0000,0.0000,0
1.602,-116,39,-13,1470,1499,-0.37,-0.60,0.0000,0.0000,0.0000,0
1.621,-117,39,-12,1470,1499,-0.37,-0.60,0.0000,0.0000,0.0000,0
1.638,-119,38,-11,1470,1499,-0.37,-0.60,0.0000,0.0000,0.0000,0
1.656,-119,38,-11,1470,1499,-0.37,-0.60,0.0000,0.0000,0.0000,0
1.673,-121,39,-11,1470,1499,-0.37,-0.60,0.0000,0.0000,0.0000,0
1.693,-122,39,-11,1470,1499,-0.37,-0.60,0.0000,0.0000,0.0000,0
1.710,-123,39,-11,1470,1499,-0.37,-0.60,0.0000,0.0000,0.0000,0
1.727,-124,39,-12,1470,1499,-0.37,-0.60,0.0000,0.0000,0.0000,0
1.745,-125,39,-12,1470,1499,-0.37,-0.60,0.0000,0.0000,0.0000,0
1.762,-126,40,-12,1470,1499,-0.37,-0.60,0.0000,0.0000,0.0000,0
1.784,-128,39,-13,1470,1499,-0.37,-0.60,0.0000,0.0000,0.0000,0
1.802,-128,40,-13,1470,1499,-0.37,-0.60,0.0000,0.0000,0.0000,0
1.820,-129,39,-12,1470,1499,-0.37,-0.60,0.0000,0.0000,0.0000,0
1.837,-130,40,-11,1470,1499,-0.59,-0.53,0.0000,0.0000,0.0000,0
1.855,-131,40,-12,1470,1499,-0.59,-0.53,0.0000,0.0000,0.0000,0
1.875,-132,40,-11,1470,1499,-0.59,-0.53,0.0000,0.0000,0.0000,0
1.892,-133,40,-12,1470,1499,-0.59,-0.53,0.0000,0.0000,0.0000,0
1.911,-134,39,-12,1470,1499,-0.59,-0.53,0.0000,0.0000,0.0000,0
1.928,-135,39,-12,1470,1499,-0.59,-0.53,0.0000,0.0000,0.0000,0
1.946,-136,38,-13,1470,1499,-0.59,-0.53,0.0000,0.0000,0.0000,0
1.963,-136,38,-13,1470,1499,-0.59,-0.53,0.0000,0.0000,0.0000,0
1.980,-136,38,-13,1470,1499,-0.59,-0.53,0.0000,0.0000,0.0000,0
1.998,-136,37,-13,1470,1499,-0.59,-0.53,0.0000,0.0000,0.0000,0
2.015,-136,36,-12,1470,1499,-0.59,-0.53,0.0000,0.0000,0.0000,0
2.033,-136,35,-12,1470,1499,-0.59,-0.53,0.0000,0.0000,0.0000,0
2.050,-136,35,-12,1470,1499,-0.59,-0.53,0.0000,0.0000,0.0000,0
2.067,-136,34,-13,1470,1499,-0.59,-0.53,0.0000,0.0000,0.0000,0
2.084,-136,33,-13,1470,1499,-0.79,-0.97,0.0000,0.0000,0.0000,0
2.102,-136,33,-13,1470,1499,-0.79,-0.97,0.0000,0.0000,0.0000,0
2.119,-137,32,-14,1470,1499,-0.79,-0.97,0.0000,0.0000,0.0000,0
2.138,-136,31,-13,1470,1499,-0.79,-0.97,0.0000,0.0000,0.0000,0
2.157,-136,30,-13,1470,1499,-0.79,-0.97,0.0000,0.0000,0.0000,0
2.175,-137,29,-12,1470,1499,-0.79,-0.97,0.0000,0.0000,0.0000,0
2.192,-136,29,-13,1470,1499,-0.79,-0.97,0.0000,0.0000,0.0000,0
2.209,-136,29,-13,1470,1499,-0.79,-0.97,0.0000,0.0000,0.0000,0
2.227,-136,29,-14,1470,1499,-0.79,-0.97,0.0000,0.0000,0.0000,0
2.244,-137,29,-14,1470,1499,-0.79,-0.97,0.0000,0.0000,0.0000,0
2.263,-137,29,-13,1470,1499,-0.79,-0.97,0.0000,0.0000,0.0000,0
2.280,-138,30,-12,1470,1499,-0.79,-0.97,0.0000,0.0000,0.0000,0
2.298,-138,30,-12,1470,1499,-0.79,-0.97,0.0000,0.0000,0.0000,0
2.315,-138,30,-13,1470,1499,-0.79,-0.97,0.0000,0.0000,0.0000,0
2.333,-139,29,-14,1470,1499,-0.96,-1.18,0.0000,0.0000,0.0000,0
2.350,-139,29,-14,1470,1499,-0.96,-1.18,0.0000,0.0000,0.0000,0
2.367,-139,28,-13,1470,1499,-0.96,-1.18,0.0000,0.0000,0.0000,0
2.386,-139,28,-13,1470,1499,-0.96,-1.18,0.0000,0.0000,0.0000,0
2.403,-139,28,-13,1470,1499,-0.96,-1.18,0.0000,0.0000,0.0000,0
2.420,-138,27,-13,1470,1499,-0.96,-1.18,0.0000,0.0000,0.0000,0
2.439,-137,27,-13,1470,1499,-0.96,-1.18,0.0000,0.0000,0.0000,0
2.461,-137,27,-14,1470,1499,-0.96,-1.18,0.0000,0.0000,0.0000,0
2.478,-136,26,-14,1470,1499,-0.96,-1.18,0.0000,0.0000,0.0000,0
2.496,-135,27,-14,1470,1499,-0.96,-1.18,0.0000,0.0000,0.0000,0
2.514,-133,28,-13,1470,1499,-0.96,-1.18,0.0000,0.0000,0.0000,0
2.531,-133,28,-13,1470,1499,-0.96,-1.18,0.0000,0.0000,0.0000,0
2.548,-131,29,-14,1470,1499,-0.96,-1.18,0.0000,0.0000,0.0000,0
2.565,-130,30,-14,1470,1499,-0.96,-1.18,0.0000,0.0000,0.0000,0
2.583,-129,30,-13,1470,1499,-1.30,-0.89,0.0000,0.0000,0.0000,0
2.601,-129,30,-13,1470,1499,-1.30,-0.89,0.0000,0.0000,0.0000,0
2.618,-128,31,-13,1470,1499,-1.30,-0.89,0.0000,0.0000,0.0000,0
2.638,-129,31,-14,1470,1499,-1.30,-0.89,0.0000,0.0000,0.0000,0
2.655,-129,32,-13,1470,1499,-1.30,-0.89,0.0000,0.0000,0.0000,0
2.672,-130,32,-13,1470,1499,-1.30,-0.89,0.0000,0.0000,0.0000,0
2.689,-131,33,-13,1470,1499,-1.30,-0.89,0.0000,0.0000,0.0000,0
2.708,-133,33,-13,1470,1499,-1.30,-0.89,0.0000,0.0000,0.0000,0
2.725,-134,34,-14,1470,1499,-1.30,-0.89,0.0000,0.0000,0.0000,0
2.742,-136,34,-13,1470,1499,-1.30,-0.89,0.0000,0.0000,0.0000,0
2.759,-137,35,-12,1470,1499,-1.30,-0.89,0.0000,0.0000,0.0000,0
2.776,-138,35,-12,1470,1499,-1.30,-0.89,0.0000,0.0000,0.0000,0
2.793,-140,36,-13,1470,1499,-1.30,-0.89,0.0000,0.0000,0.0000,0
2.811,-143,36,-12,1470,1499,-1.30,-0.89,0.0000,0.0000,0.0000,0
2.828,-143,36,-12,1470,1499,-1.08,-0.40,0.0000,0.0000,0.0000,0
2.845,-145,36,-13,1470,1499,-1.08,-0.40,0.0000,0.0000,0.0000,0
2.862,-146,36,-12,1470,1499,-1.08,-0.40,0.0000,0.0000,0.0000,0
2.883,-147,35,-13,1470,1499,-1.08,-0.40,0.0000,0.0000,0.0000,0
2.904,-149,34,-13,1470,1499,-1.08,-0.40,0.0000,0.0000,0.0000,0
2.922,-152,32,-13,1470,1499,-1.08,-0.40,0.0000,0.0000,0.0000,0
2.939,-154,31,-12,1470,1499,-1.08,-0.40,0.0000,0.0000,0.0000,0
2.957,-156,29,-12,1470,1499,-1.08,-0.40,0.0000,0.0000,0.0000,0
2.975,-157,27,-12,1470,1499,-1.08,-0.40,0.0000,0.0000,0.0000,0
2.993,-159,25,-12,1470,1499,-1.08,-0.40,0.0000,0.0000,0.0000,0
3.010,-161,23,-12,1470,1499,-1.08,-0.40,0.0000,0.0000,0.0000,0
3.027,-162,22,-12,1470,1499,-1.08,-0.40,0.0000,0.0000,0.0000,0
3.045,-165,20,-13,1470,1499,-1.08,-0.40,0.0000,0.0000,0.0000,0
3.062,-166,19,-13,1470,1499,-1.08,-0.40,0.0000,0.0000,0.0000,0
3.079,-167,18,-13,1470,1499,-0.69,-1.21,0.0000,0.0000,0.0000,0
3.097,-168,17,-12,1470,1499,-0.69,-1.21,0.0000,0.0000,0.0000,0
3.114,-168,17,-12,1470,1499,-0.69,-1.21,0.0000,0.0000,0.0000,0
3.135,-169,16,-12,1470,1499,-0.69,-1.21,0.0000,0.0000,0.0000,0
3.155,-169,15,-11,1470,1499,-0.69,-1.21,0.0000,0.0000,0.0000,0
3.176,-169,15,-11,1470,1499,-0.69,-1.21,0.0000,0.0000,0.0000,0
3.194,-169,15,-12,1470,1499,-0.69,-1.21,0.0000,0.0000,0.0000,0
3.211,-167,15,-13,1470,1499,-0.69,-1.21,0.0000,0.0000,0.0000,0
3.230,-166,15,-13,1470,1499,-0.69,-1.21,0.0000,0.0000,0.0000,0
3.247,-164,15,-12,1470,1499,-0.69,-1.21,0.0000,0.0000,0.0000,0
3.265,-162,16,-11,1470,1499,-0.69,-1.21,0.0000,0.0000,0.0000,0
3.282,-160,16,-11,1470,1499,-0.69,-1.21,0.0000,0.0000,0.0000,0
3.301,-158,17,-12,1470,1499,-0.69,-1.21,0.0000,0.0000,0.0000,0
3.319,-156,18,-13,1470,1499,-0.69,-1.21,0.0000,0.0000,0.0000,0
3.339,-156,18,-13,1470,1499,-0.99,-0.76,0.0000,0.0000,0.0000,0
3.356,-154,18,-12,1470,1499,-0.99,-0.76,0.0000,0.0000,0.0000,0
3.379,-151,19,-13,1470,1499,-0.99,-0.76,0.0000,0.0000,0.0000,0
3.396,-148,20,-11,1470,1499,-0.99,-0.76,0.0000,0.0000,0.0000,0
3.413,-142,21,-11,1470,1499,-0.99,-0.76,0.0000,0.0000,0.0000,0
3.430,-139,21,-11,1470,1499,-0.99,-0.76,0.0000,0.0000,0.0000,0
3.448,-136,22,-11,1470,1499,-0.99,-0.76,0.0000,0.0000,0.0000,0
3.465,-133,22,-11,1470,1499,-0.99,-0.76,0.0000,0.0000,0.0000,0
3.483,-127,24,-12,1470,1499,-0.99,-0.76,0.0000,0.0000,0.0000,0
3.501,-124,24,-11,1470,1499,-0.99,-0.76,0.0000,0.0000,0.0000,0
3.518,-120,24,-12,1470,1499,-0.99,-0.76,0.0000,0.0000,0.0000,0
3.538,-117,25,-11,1470,1499,-0.99,-0.76,0.0000,0.0000,0.0000,0
3.556,-114,25,-11,1470,1499,-0.99,-0.76,0.0000,0.0000,0.0000,0
3.573,-110,25,-11,1470,1499,-0.99,-0.76,0.0000,0.0000,0.0000,0
3.593,-107,25,-10,1470,1499,-0.83,-0.07,0.0000,0.0000,0.0000,0
3.611,-104,25,-11,1470,1499,-0.83,-0.07,0.0000,0.0000,0.0000,0
3.628,-101,25,-11,1470,1499,-0.83,-0.07,0.0000,0.0000,0.0000,0
3.647,-97,25,-10,1471,1499,-0.83,-0.07,0.0000,0.0000,0.0000,0
3.665,-90,24,-9,1473,1500,-0.83,-0.07,0.0000,0.0000,0.0000,0
3.684,-87,25,-9,1474,1500,-0.83,-0.07,0.0000,0.0000,0.0000,0
3.701,-83,25,-9,1476,1500,-0.83,-0.07,0.0000,0.0000,0.0000,0
3.718,-78,26,-9,1477,1500,-0.83,-0.07,0.0000,0.0000,0.0000,0
3.736,-74,26,-9,1478,1500,-0.83,-0.07,0.0000,0.0000,0.0000,0
3.754,-68,27,-9,1480,1500,-0.83,-0.07,0.0000,0.0000,0.0000,0
3.771,-64,28,-9,1481,1500,-0.83,-0.07,0.0000,0.0000,0.0000,0
3.793,-58,29,-9,1483,1500,-0.83,-0.07,0.0000,0.0000,0.0000,1
3.811,-53,29,-8,1485,1500,-0.83,-0.07,0.0000,0.0000,0.0000,1
3.831,-44,31,-9,1492,1500,0.10,0.55,0.0000,0.0000,0.0000,1
3.849,-40,32,-8,1492,1500,0.10,0.55,0.0000,0.0000,0.0000,1
3.868,-36,32,-8,1493,1500,0.10,0.55,0.0000,0.0000,0.0000,1
3.885,-33,33,-8,1494,1500,0.10,0.55,0.0000,0.0000,0.0000,1
3.903,-29,32,-8,1495,1500,0.10,0.55,0.0000,0.0000,0.0000,1
3.920,-27,32,-9,1495,1500,0.10,0.55,0.0000,0.0000,0.0000,1
3.937,-24,31,-9,1496,1500,0.10,0.55,0.0000,0.0000,0.0000,1
3.954,-23,30,-9,1496,1500,0.10,0.55,0.0000,0.0000,0.0000,1
3.972,-21,30,-8,1496,1500,0.10,0.55,0.0000,0.0000,0.0000,1
3.989,-19,29,-8,1497,1500,0.10,0.55,0.0000,0.0000,0.0000,1
4.007,-18,28,-8,1497,1500,0.10,0.55,0.0000,0.0000,0.0000,1
4.024,-16,27,-8,1497,1500,0.10,0.55,0.0000,0.0000,0.0000,1
4.042,-16,26,-8,1497,1500,0.10,0.55,0.0000,0.0000,0.0000,1
4.061,-15,25,-9,1497,1500,0.10,0.55,0.0000,0.0000,0.0000,1
4.082,-14,25,-9,1498,1500,0.77,0.11,0.0000,0.0000,0.0000,1
4.099,-13,24,-8,1498,1500,0.77,0.11,0.0000,0.0000,0.0000,1
4.116,-12,24,-8,1498,1500,0.77,0.11,0.0000,0.0000,0.0000,1
4.134,-12,23,-8,1498,1500,0.77,0.11,0.0000,0.0000,0.0000,1
4.151,-12,22,-9,1498,1500,0.77,0.11,0.0000,0.0000,0.0000,1
4.169,-11,22,-8,1498,1500,0.77,0.11,0.0000,0.0000,0.0000,1
4.186,-10,22,-8,1498,1500,0.77,0.11,0.0000,0.0000,0.0000,1
4.203,-9,22,-8,1499,1500,0.77,0.11,0.0000,0.0000,0.0000,1
4.220,-9,21,-8,1499,1500,0.77,0.11,0.0000,0.0000,0.0000,1
4.237,-9,21,-8,1499,1500,0.77,0.11,0.0000,0.0000,0.0000,1
4.255,-9,20,-8,1499,1500,0.77,0.11,0.0000,0.0000,0.0000,1
4.272,-8,20,-8,1499,1500,0.77,0.11,0.0000,0.0000,0.0000,1
4.289,-7,20,-7,1499,1500,0.77,0.11,0.0000,0.0000,0.0000,1
4.306,-7,20,-8,1499,1500,0.77,0.11,0.0000,0.0000,0.0000,1
4.326,-6,20,-8,1499,1500,1.00,-0.17,0.0000,0.0000,0.0000,1
4.344,-5,20,-8,1499,1500,1.00,-0.17,0.0000,0.0000,0.0000,1
4.364,-5,20,-8,1499,1500,1.00,-0.17,0.0000,0.0000,0.0000,1
4.382,-5,20,-7,1499,1500,1.00,-0.17,0.0000,0.0000,0.0000,1
4.399,-4,19,-8,1500,1500,1.00,-0.17,0.0000,0.0000,0.0000,1
4.418,-4,19,-9,1500,1500,1.00,-0.17,0.0000,0.0000,0.0000,1
4.436,-4,19,-9,1500,1500,1.00,-0.17,0.0000,0.0000,0.0000,1
4.453,-4,18,-8,1500,1500,1.00,-0.17,0.0000,0.0000,0.0000,1
4.470,-3,18,-8,1500,1500,1.00,-0.17,0.0000,0.0000,0.0000,1
4.487,-3,17,-7,1500,1500,1.00,-0.17,0.0000,0.0000,0.0000,1
4.506,-3,17,-8,1500,1500,1.00,-0.17,0.0000,0.0000,0.0000,1
4.524,-3,16,-8,1500,1500,1.00,-0.17,0.0000,0.0000,0.0000,1
4.542,-3,14,-8,1500,1500,1.00,-0.17,0.0000,0.0000,0.0000,1
4.560,-3,13,-8,1500,1500,1.00,-0.17,0.0000,0.0000,0.0000,1
4.577,-3,13,-8,1500,1500,0.75,-0.59,0.0000,0.0000,0.0000,1
4.594,-3,12,-8,1500,1500,0.75,-0.59,0.0000,0.0000,0.0000,1
4.612,-3,12,-9,1500,1500,0.75,-0.59,0.0000,0.0000,0.0000,1
4.629,-2,12,-10,1500,1499,0.75,-0.59,0.0000,0.0000,0.0000,1
4.646,-2,12,-10,1500,1499,0.75,-0.59,0.0000,0.0000,0.0000,1
4.663,-1,12,-9,1500,1500,0.75,-0.59,0.0000,0.0000,0.0000,1
4.683,0,13,-9,1500,1500,0.75,-0.59,0.0000,0.0000,0.0000,1
4.702,0,13,-8,1500,1500,0.75,-0.59,0.0000,0.0000,0.0000,1
4.720,2,15,-9,1500,1500,0.75,-0.59,0.0000,0.0000,0.0000,1
4.739,3,16,-9,1500,1500,0.75,-0.59,0.0000,0.0000,0.0000,1
4.756,5,17,-9,1501,1500,0.75,-0.59,0.0000,0.0000,0.0000,1
4.773,8,19,-9,1501,1500,0.75,-0.59,0.0000,0.0000,0.0000,1
4.791,10,20,-9,1502,1500,0.75,-0.59,0.0000,0.0000,0.0000,1
4.809,13,21,-9,1502,1500,0.75,-0.59,0.0000,0.0000,0.0000,1
4.826,15,23,-9,1503,1500,0.66,-0.14,0.0000,0.0000,0.0000,1
4.844,17,23,-10,1503,1499,0.66,-0.14,0.0000,0.0000,0.0000,1
4.862,19,23,-9,1503,1500,0.66,-0.14,0.0000,0.0000,0.0000,1
4.880,20,23,-9,1504,1500,0.66,-0.14,0.0000,0.0000,0.0000,1
4.898,22,22,-10,1504,1499,0.66,-0.14,0.0000,0.0000,0.0000,1
4.916,23,21,-10,1504,1499,0.66,-0.14,0.0000,0.0000,0.0000,1
4.934,23,20,-10,1504,1499,0.66,-0.14,0.0000,0.0000,0.0000,1
4.951,24,19,-9,1504,1500,0.66,-0.14,0.0000,0.0000,0.0000,1
4.970,24,19,-9,1504,1500,0.66,-0.14,0.0000,0.0000,0.0000,1
4.987,24,18,-10,1504,1499,0.66,-0.14,0.0000,0.0000,0.0000,1
5.005,24,17,-10,1504,1499,0.66,-0.14,0.0000,0.0000,0.0000,1
5.023,24,17,-10,1504,1499,0.66,-0.14,0.0000,0.0000,0.0000,1
5.040,24,16,-10,1504,1499,0.66,-0.14,0.0000,0.0000,0.0000,1
5.058,24,16,-10,1504,1499,0.66,-0.14,0.0000,0.0000,0.0000,1
5.076,24,16,-10,1504,1499,0.98,-0.60,0.0000,0.0000,0.0000,1
5.093,24,15,-11,1504,1499,0.98,-0.60,0.0000,0.0000,0.0000,1
5.111,24,15,-11,1504,1499,0.98,-0.60,0.0000,0.0000,0.0000,1
5.128,24,14,-11,1504,1499,0.98,-0.60,0.0000,0.0000,0.0000,1
5.146,23,14,-11,1504,1499,0.98,-0.60,0.0000,0.0000,0.0000,1
5.163,23,11,-12,1504,1499,0.98,-0.60,0.0000,0.0000,0.0000,1
5.181,22,10,-12,1504,1499,0.98,-0.60,0.0000,0.0000,0.0000,1
5.198,21,9,-11,1504,1499,0.98,-0.60,0.0000,0.0000,0.0000,1
5.216,20,8,-12,1504,1499,0.98,-0.60,0.0000,0.0000,0.0000,1
5.234,20,8,-12,1504,1499,0.98,-0.60,0.0000,0.0000,0.0000,1
5.252,20,7,-13,1504,1499,0.98,-0.60,0.0000,0.0000,0.0000,1
5.269,20,7,-13,1504,1499,0.98,-0.60,0.0000,0.0000,0.0000,1
5.287,20,6,-12,1504,1499,0.98,-0.60,0.0000,0.0000,0.0000,1
5.304,20,6,-12,1504,1499,0.98,-0.60,0.0000,0.0000,0.0000,1
5.322,20,5,-11,1504,1499,0.98,-0.60,0.0000,0.0000,0.0000,1
5.340,19,4,-12,1503,1499,0.81,-1.15,0.0000,0.0000,0.0000,1
5.357,19,4,-12,1503,1499,0.81,-1.15,0.0000,0.0000,0.0000,1
5.375,19,5,-12,1503,1499,0.81,-1.15,0.0000,0.0000,0.0000,1
5.392,18,4,-12,1503,1499,0.81,-1.15,0.0000,0.0000,0.0000,1
5.409,17,3,-11,1503,1499,0.81,-1.15,0.0000,0.0000,0.0000,1
5.427,16,3,-11,1503,1499,0.81,-1.15,0.0000,0.0000,0.0000,1
5.444,14,1,-12,1502,1499,0.81,-1.15,0.0000,0.0000,0.0000,1
5.463,13,0,-12,1502,1499,0.81,-1.15,0.0000,0.0000,0.0000,1
5.481,13,0,-11,1502,1499,0.81,-1.15,0.0000,0.0000,0.0000,1
5.499,11,-2,-12,1502,1499,0.81,-1.15,0.0000,0.0000,0.0000,1
5.516,10,-3,-11,1502,1499,0.81,-1.15,0.0000,0.0000,0.0000,1
5.534,9,-5,-11,1501,1499,0.81,-1.15,0.0000,0.0000,0.0000,1
5.552,8,-6,-12,1501,1499,0.81,-1.15,0.0000,0.0000,0.0000,1
5.570,7,-7,-12,1501,1499,0.81,-1.15,0.0000,0.0000,0.0000,1
5.588,7,-8,-12,1501,1499,0.67,-1.90,0.0000,0.0000,0.0000,1
5.607,6,-9,-13,1501,1499,0.67,-1.90,0.0000,0.0000,0.0000,1
5.625,6,-9,-12,1501,1499,0.67,-1.90,0.0000,0.0000,0.0000,1
5.642,5,-10,-12,1501,1499,0.67,-1.90,0.0000,0.0000,0.0000,1
5.659,5,-11,-12,1501,1499,0.67,-1.90,0.0000,0.0000,0.0000,1
5.677,4,-13,-12,1500,1499,0.67,-1.90,0.0000,0.0000,0.0000,1
5.695,4,-13,-12,1500,1499,0.67,-1.90,0.0000,0.0000,0.0000,1
5.713,4,-13,-12,1500,1499,0.67,-1.90,0.0000,0.0000,0.0000,1
5.730,3,-12,-11,1500,1499,0.67,-1.90,0.0000,0.0000,0.0000,1
5.747,2,-11,-12,1500,1499,0.67,-1.90,0.0000,0.0000,0.0000,1
5.764,2,-10,-11,1500,1499,0.67,-1.90,0.0000,0.0000,0.0000,1
5.784,1,-9,-12,1500,1499,0.67,-1.90,0.0000,0.0000,0.0000,1
5.801,0,-9,-11,1500,1499,0.67,-1.90,0.0000,0.0000,0.0000,1
5.819,-1,-8,-11,1500,1499,0.67,-1.90,0.0000,0.0000,0.0000,1
5.837,-2,-7,-11,1500,1499,0.01,-1.88,0.0000,0.0000,0.0000,1
5.856,-3,-6,-10,1500,1499,0.01,-1.88,0.0000,0.0000,0.0000,1
5.873,-4,-4,-11,1500,1499,0.01,-1.88,0.0000,0.0000,0.0000,1
5.891,-4,-3,-11,1500,1499,0.01,-1.88,0.0000,0.0000,0.0000,1
5.910,-5,-2,-10,1499,1499,0.01,-1.88,0.0000,0.0000,0.0000,1
5.930,-6,0,-10,1499,1499,0.01,-1.88,0.0000,0.0000,0.0000,1
5.949,-6,2,-10,1499,1499,0.01,-1.88,0.0000,0.0000,0.0000,1
5.966,-7,4,-10,1499,1499,0.01,-1.88,0.0000,0.0000,0.0000,1
5.983,-8,5,-10,1499,1499,0.01,-1.88,0.0000,0.0000,0.0000,1
6.004,-9,6,-9,1499,1500,0.01,-1.88,0.0000,0.0000,0.0000,1
6.023,-11,7,-10,1498,1499,0.01,-1.88,0.0000,0.0000,0.0000,1
6.041,-15,10,-9,1497,1500,0.01,-1.88,0.0000,0.0000,0.0000,1
6.058,-17,9,-9,1497,1500,0.01,-1.88,0.0000,0.0000,0.0000,1
6.075,-17,9,-9,1497,1500,-0.10,-1.17,0.0000,0.0000,0.0000,1
6.093,-19,8,-9,1497,1500,-0.10,-1.17,0.0000,0.0000,0.0000,1
6.112,-22,9,-9,1496,1500,-0.10,-1.17,0.0000,0.0000,0.0000,1
6.129,-24,9,-8,1496,1500,-0.10,-1.17,0.0000,0.0000,0.0000,1
6.146,-25,10,-10,1495,1499,-0.10,-1.17,0.0000,0.0000,0.0000,1
6.164,-27,11,-9,1495,1500,-0.10,-1.17,0.0000,0.0000,0.0000,1
6.181,-29,12,-8,1495,1500,-0.10,-1.17,0.0000,0.0000,0.0000,1
6.200,-30,12,-8,1494,1500,-0.10,-1.17,0.0000,0.0000,0.0000,1
6.218,-32,13,-8,1494,1500,-0.10,-1.17,0.0000,0.0000,0.0000,1
6.235,-33,14,-8,1494,1500,-0.10,-1.17,0.0000,0.0000,0.0000,1
6.254,-34,14,-7,1494,1500,-0.10,-1.17,0.0000,0.0000,0.0000,1
6.271,-36,15,-7,1493,1500,-0.10,-1.17,0.0000,0.0000,0.0000,1
6.289,-38,17,-7,1493,1500,-0.10,-1.17,0.0000,0.0000,0.0000,1
6.307,-40,18,-7,1492,1500,-0.10,-1.17,0.0000,0.0000,0.0000,1
6.324,-42,19,-7,1492,1500,-1.40,-0.18,0.0000,0.0000,0.0000,1
6.343,-44,18,-7,1492,1500,-1.40,-0.18,0.0000,0.0000,0.0000,1
6.365,-46,19,-7,1491,1500,-1.40,-0.18,0.0000,0.0000,0.0000,1
6.389,-49,20,-7,1491,1500,-1.40,-0.18,0.0000,0.0000,0.0000,1
6.407,-51,20,-7,1485,1500,-1.40,-0.18,0.0000,0.0000,0.0000,1
6.425,-55,20,-6,1484,1500,-1.40,-0.18,0.0000,0.0000,0.0000,1
6.442,-57,20,-6,1483,1500,-1.40,-0.18,0.0000,0.0000,0.0000,1
6.460,-58,20,-5,1483,1500,-1.40,-0.18,0.0000,0.0000,0.0000,1
6.477,-60,20,-5,1482,1500,-1.40,-0.18,0.0000,0.0000,0.0000,1
6.494,-62,20,-5,1482,1500,-1.40,-0.18,0.0000,0.0000,0.0000,0
0.017,-63,20,-5,1482,1500,-1.40,-0.18,0.0000,0.0000,0.0000,0
0.034,-63,21,-5,1482,1500,-1.40,-0.18,0.0000,0.0000,0.0000,0
0.051,-63,21,-5,1482,1500,-1.40,-0.18,0.0000,0.0000,0.0000,0
0.068,-63,22,-4,1482,1500,-1.40,-0.18,0.0000,0.0000,0.0000,0
0.085,-63,22,-4,1482,1500,-2.16,0.12,0.0000,0.0000,0.0000,0
0.103,-62,22,-4,1482,1500,-2.16,0.12,0.0000,0.0000,0.0000,0
0.122,-62,21,-4,1482,1500,-2.16,0.12,0.0000,0.0000,0.0000,0
0.140,-62,21,-4,1482,1500,-2.16,0.12,0.0000,0.0000,0.0000,0
0.157,-61,21,-4,1482,1500,-2.16,0.12,0.0000,0.0000,0.0000,0
0.175,-60,21,-4,1482,1500,-2.16,0.12,0.0000,0.0000,0.0000,1
0.193,-59,21,-3,1483,1500,-2.16,0.12,0.0000,0.0000,0.0000,1
0.211,-58,21,-3,1483,1500,-2.16,0.12,0.0000,0.0000,0.0000,1
0.229,-56,20,-4,1484,1500,-2.16,0.12,0.0000,0.0000,0.0000,1
0.247,-55,19,-3,1484,1500,-2.16,0.12,0.0000,0.0000,0.0000,1
0.265,-53,19,-3,1485,1500,-2.16,0.12,0.0000,0.0000,0.0000,1
0.284,-52,19,-2,1485,1500,-2.16,0.12,0.0000,0.0000,0.0000,1
0.301,-50,18,-2,1490,1500,-2.16,0.12,0.0000,0.0000,0.0000,1
0.319,-49,18,-2,1491,1500,-2.16,0.12,0.0000,0.0000,0.0000,1
0.337,-48,18,-2,1491,1500,-2.04,0.27,0.0000,0.0000,0.0000,1
0.354,-47,19,-2,1491,1500,-2.04,0.27,0.0000,0.0000,0.0000,1
0.374,-46,19,-2,1491,1500,-2.04,0.27,0.0000,0.0000,0.0000,1
0.394,-45,19,-3,1491,1500,-2.04,0.27,0.0000,0.0000,0.0000,1
0.412,-44,19,-2,1492,1500,-2.04,0.27,0.0000,0.0000,0.0000,1
0.431,-42,18,-2,1492,1500,-2.04,0.27,0.0000,0.0000,0.0000,1
0.449,-42,19,-2,1492,1500,-2.04,0.27,0.0000,0.0000,0.0000,1
0.466,-41,18,-1,1492,1500,-2.04,0.27,0.0000,0.0000,0.0000,1
0.483,-40,17,-1,1492,1500,-2.04,0.27,0.0000,0.0000,0.0000,1
0.501,-40,15,-1,1492,1500,-2.04,0.27,0.0000,0.0000,0.0000,1
0.518,-40,14,0,1492,1500,-2.04,0.27,0.0000,0.0000,0.0000,1
0.535,-39,12,-1,1493,1500,-2.04,0.27,0.0000,0.0000,0.0000,1
0.553,-38,11,-1,1493,1500,-2.04,0.27,0.0000,0.0000,0.0000,1
0.570,-37,10,-1,1493,1500,-2.04,0.27,0.0000,0.0000,0.0000,1
0.587,-37,10,-1,1493,1500,-1.54,-0.05,0.0000,0.0000,0.0000,1
0.605,-36,10,-1,1493,1500,-1.54,-0.05,0.0000,0.0000,0.0000,1
0.623,-34,10,0,1494,1500,-1.54,-0.05,0.0000,0.0000,0.0000,1
0.643,-32,10,-1,1494,1500,-1.54,-0.05,0.0000,0.0000,0.0000,1
0.660,-30,10,0,1494,1500,-1.54,-0.05,0.0000,0.0000,0.0000,1
0.681,-28,11,-1,1495,1500,-1.54,-0.05,0.0000,0.0000,0.0000,1
0.700,-25,12,0,1495,1500,-1.54,-0.05,0.0000,0.0000,0.0000,1
0.717,-23,12,1,1496,1500,-1.54,-0.05,0.0000,0.0000,0.0000,1
0.735,-21,14,1,1496,1500,-1.54,-0.05,0.0000,0.0000,0.0000,1
0.752,-20,15,1,1496,1500,-1.54,-0.05,0.0000,0.0000,0.0000,1
0.769,-19,15,0,1497,1500,-1.54,-0.05,0.0000,0.0000,0.0000,1
0.787,-17,14,2,1497,1500,-1.54,-0.05,0.0000,0.0000,0.0000,1
0.804,-16,13,2,1497,1500,-1.54,-0.05,0.0000,0.0000,0.0000,1
0.821,-14,13,2,1498,1500,-1.54,-0.05,0.0000,0.0000,0.0000,1
0.839,-14,13,2,1498,1500,-0.88,0.48,0.0000,0.0000,0.0000,1
0.856,-12,13,2,1498,1500,-0.88,0.48,0.0000,0.0000,0.0000,1
0.875,-10,14,2,1498,1500,-0.88,0.48,0.0000,0.0000,0.0000,1
0.894,-7,14,3,1499,1500,-0.88,0.48,0.0000,0.0000,0.0000,1
0.911,-5,14,3,1499,1500,-0.88,0.48,0.0000,0.0000,0.0000,1
0.929,0,12,3,1500,1500,-0.88,0.48,0.0000,0.0000,0.0000,1
0.946,2,11,2,1500,1500,-0.88,0.48,0.0000,0.0000,0.0000,1
0.963,5,12,2,1501,1500,-0.88,0.48,0.0000,0.0000,0.0000,1
0.980,8,12,1,1501,1500,-0.88,0.48,0.0000,0.0000,0.0000,1
0.997,10,12,1,1502,1500,-0.88,0.48,0.0000,0.0000,0.0000,1
1.015,16,12,1,1503,1500,-0.88,0.48,0.0000,0.0000,0.0000,1
1.032,19,11,1,1503,1500,-0.88,0.48,0.0000,0.0000,0.0000,1
1.049,21,11,2,1504,1500,-0.88,0.48,0.0000,0.0000,0.0000,1
1.066,23,10,2,1504,1500,-0.88,0.48,0.0000,0.0000,0.0000,1
1.083,23,10,2,1504,1500,-0.64,0.33,0.0000,0.0000,0.0000,1
1.102,25,9,2,1505,1500,-0.64,0.33,0.0000,0.0000,0.0000,1
1.122,27,9,3,1505,1500,-0.64,0.33,0.0000,0.0000,0.0000,1
1.140,29,7,2,1505,1500,-0.64,0.33,0.0000,0.0000,0.0000,1
1.157,33,4,3,1506,1500,-0.64,0.33,0.0000,0.0000,0.0000,1
1.176,34,4,4,1506,1500,-0.64,0.33,0.0000,0.0000,0.0000,1
1.194,36,2,3,1507,1500,-0.64,0.33,0.0000,0.0000,0.0000,1
1.212,38,2,4,1507,1500,-0.64,0.33,0.0000,0.0000,0.0000,1
1.231,40,0,4,1508,1500,-0.64,0.33,0.0000,0.0000,0.0000,1
1.248,42,-1,4,1508,1500,-0.64,0.33,0.0000,0.0000,0.0000,1
1.266,44,-1,4,1508,1500,-0.64,0.33,0.0000,0.0000,0.0000,1
1.283,46,-2,5,1509,1500,-0.64,0.33,0.0000,0.0000,0.0000,1
1.301,49,-3,5,1509,1500,-0.64,0.33,0.0000,0.0000,0.0000,1
1.318,51,-4,4,1515,1500,-0.64,0.33,0.0000,0.0000,0.0000,1
1.343,54,-4,4,1516,1500,0.57,-0.57,0.0000,0.0000,0.0000,1
1.365,56,-3,4,1516,1500,0.57,-0.57,0.0000,0.0000,0.0000,1
1.385,59,-2,4,1517,1500,0.57,-0.57,0.0000,0.0000,0.0000,1
1.402,61,-1,4,1518,1500,0.57,-0.57,0.0000,0.0000,0.0000,0
0.018,65,2,5,1519,1500,0.57,-0.57,0.0000,0.0000,0.0000,0
0.035,66,4,5,1519,1500,0.57,-0.57,0.0000,0.0000,0.0000,0
0.052,68,5,5,1520,1500,0.57,-0.57,0.0000,0.0000,0.0000,0
0.070,69,4,5,1520,1500,0.57,-0.57,0.0000,0.0000,0.0000,0
0.088,70,4,5,1521,1500,0.57,-0.57,0.0000,0.0000,0.0000,0
0.105,71,2,5,1521,1500,0.57,-0.57,0.0000,0.0000,0.0000,0
0.122,72,1,5,1521,1500,0.57,-0.57,0.0000,0.0000,0.0000,0
0.141,72,1,5,1521,1500,0.57,-0.57,0.0000,0.0000,0.0000,0
0.158,73,1,5,1521,1500,0.57,-0.57,0.0000,0.0000,0.0000,0
0.176,74,1,5,1522,1500,1.01,-0.40,0.0000,0.0000,0.0000,0
0.194,75,1,5,1522,1500,1.01,-0.40,0.0000,0.0000,0.0000,0
0.211,77,1,5,1523,1500,1.01,-0.40,0.0000,0.0000,0.0000,0
0.229,78,0,5,1523,1500,1.01,-0.40,0.0000,0.0000,0.0000,0
0.246,80,-1,5,1524,1500,1.01,-0.40,0.0000,0.0000,0.0000,0
0.263,82,-1,5,1524,1500,1.01,-0.40,0.0000,0.0000,0.0000,0
0.280,84,-2,5,1525,1500,1.01,-0.40,0.0000,0.0000,0.0000,0
0.297,85,-3,5,1525,1500,1.01,-0.40,0.0000,0.0000,0.0000,0
0.315,89,-4,5,1526,1500,1.01,-0.40,0.0000,0.0000,0.0000,0
0.332,91,-4,5,1527,1500,1.01,-0.40,0.0000,0.0000,0.0000,0
0.350,93,-5,6,1527,1500,1.01,-0.40,0.0000,0.0000,0.0000,0
0.367,94,-5,5,1528,1500,1.01,-0.40,0.0000,0.0000,0.0000,0
0.385,96,-5,5,1528,1500,1.01,-0.40,0.0000,0.0000,0.0000,0
0.403,98,-5,6,1529,1500,1.01,-0.40,0.0000,0.0000,0.0000,0
0.422,100,-5,6,1530,1500,1.05,-0.84,0.0000,0.0000,0.0000,0
0.443,102,-4,6,1530,1500,1.05,-0.84,0.0000,0.0000,0.0000,0
0.461,104,-4,6,1530,1500,1.05,-0.84,0.0000,0.0000,0.0000,0
0.478,107,-4,6,1530,1500,1.05,-0.84,0.0000,0.0000,0.0000,0
0.496,109,-4,6,1530,1500,1.05,-0.84,0.0000,0.0000,0.0000,0
0.513,111,-3,6,1530,1500,1.05,-0.84,0.0000,0.0000,0.0000,0
0.530,112,-1,6,1530,1500,1.05,-0.84,0.0000,0.0000,0.0000,0
0.548,115,3,7,1530,1500,1.05,-0.84,0.0000,0.0000,0.0000,0
0.567,116,4,7,1530,1500,1.05,-0.84,0.0000,0.0000,0.0000,0
0.585,117,5,7,1530,1500,1.05,-0.84,0.0000,0.0000,0.0000,0
0.602,118,5,7,1530,1500,1.05,-0.84,0.0000,0.0000,0.0000,0
0.619,119,7,7,1530,1500,1.05,-0.84,0.0000,0.0000,0.0000,0
0.640,120,6,7,1530,1500,1.05,-0.84,0.0000,0.0000,0.0000,0
0.658,121,5,7,1530,1500,1.05,-0.84,0.0000,0.0000,0.0000,0
0.675,121,6,7,1530,1500,1.05,-0.47,0.0000,0.0000,0.0000,0
0.694,122,7,7,1530,1500,1.05,-0.47,0.0000,0.0000,0.0000,0
0.712,123,8,7,1530,1500,1.05,-0.47,0.0000,0.0000,0.0000,0
0.731,124,8,7,1530,1500,1.05,-0.47,0.0000,0.0000,0.0000,0
0.748,124,7,7,1530,1500,1.05,-0.47,0.0000,0.0000,0.0000,0
0.766,125,6,7,1530,1500,1.05,-0.47,0.0000,0.0000,0.0000,0
0.783,127,7,7,1530,1500,1.05,-0.47,0.0000,0.0000,0.0000,0
0.801,129,7,8,1530,1500,1.05,-0.47,0.0000,0.0000,0.0000,0
0.819,129,6,7,1530,1500,1.05,-0.47,0.0000,0.0000,0.0000,0
0.836,129,5,7,1530,1500,1.05,-0.47,0.0000,0.0000,0.0000,0
0.855,130,4,8,1530,1500,1.05,-0.47,0.0000,0.0000,0.0000,0
0.873,131,3,7,1530,1500,1.05,-0.47,0.0000,0.0000,0.0000,0
0.892,133,3,7,1530,1500,1.05,-0.47,0.0000,0.0000,0.0000,0
0.911,135,2,8,1530,1500,1.05,-0.47,0.0000,0.0000,0.0000,0
0.928,135,2,8,1530,1500,1.23,-0.27,0.0000,0.0000,0.0000,0
0.946,136,2,8,1530,1500,1.23,-0.27,0.0000,0.0000,0.0000,0
0.964,136,3,7,1530,1500,1.23,-0.27,0.0000,0.0000,0.0000,0
0.982,137,3,8,1530,1500,1.23,-0.27,0.0000,0.0000,0.0000,0
1.000,137,4,8,1530,1500,1.23,-0.27,0.0000,0.0000,0.0000,0
1.019,138,3,9,1530,1500,1.23,-0.27,0.0000,0.0000,0.0000,0
1.038,140,1,9,1530,1500,1.23,-0.27,0.0000,0.0000,0.0000,0
1.055,139,0,9,1530,1500,1.23,-0.27,0.0000,0.0000,0.0000,0
1.073,139,-2,9,1530,1500,1.23,-0.27,0.0000,0.0000,0.0000,0
1.090,138,-3,9,1530,1500,1.23,-0.27,0.0000,0.0000,0.0000,0
1.109,138,-3,9,1530,1500,1.23,-0.27,0.0000,0.0000,0.0000,0
1.127,137,-2,9,1530,1500,1.23,-0.27,0.0000,0.0000,0.0000,0
1.144,136,-2,10,1530,1501,1.23,-0.27,0.0000,0.0000,0.0000,0
1.162,134,-3,9,1530,1500,1.23,-0.27,0.0000,0.0000,0.0000,0
1.179,133,-3,9,1530,1500,1.54,-0.02,0.0000,0.0000,0.0000,0
1.197,132,-2,9,1530,1500,1.54,-0.02,0.0000,0.0000,0.0000,0
1.214,132,-2,9,1530,1500,1.54,-0.02,0.0000,0.0000,0.0000,0
1.233,132,-4,10,1530,1501,1.54,-0.02,0.0000,0.0000,0.0000,0
1.252,128,-4,9,1530,1500,1.54,-0.02,0.0000,0.0000,0.0000,0
1.270,126,-4,9,1530,1500,1.54,-0.02,0.0000,0.0000,0.0000,0
1.290,124,-3,9,1530,1500,1.54,-0.02,0.0000,0.0000,0.0000,0
1.309,122,-2,9,1530,1500,1.54,-0.02,0.0000,0.0000,0.0000,0
1.327,120,-1,9,1530,1500,1.54,-0.02,0.0000,0.0000,0.0000,0
1.345,116,1,9,1530,1500,1.54,-0.02,0.0000,0.0000,0.0000,0
1.362,114,2,10,1530,1501,1.54,-0.02,0.0000,0.0000,0.0000,0
1.380,111,3,9,1530,1500,1.54,-0.02,0.0000,0.0000,0.0000,0
1.397,109,4,10,1530,1501,1.54,-0.02,0.0000,0.0000,0.0000,0
1.415,107,5,10,1530,1501,1.54,-0.02,0.0000,0.0000,0.0000,0
1.432,105,6,9,1530,1500,1.25,0.28,0.0000,0.0000,0.0000,0
1.449,103,8,10,1530,1501,1.25,0.28,0.0000,0.0000,0.0000,0
1.467,100,9,10,1530,1501,1.25,0.28,0.0000,0.0000,0.0000,0
1.488,98,11,10,1529,1501,1.25,0.28,0.0000,0.0000,0.0000,0
1.505,96,12,10,1528,1501,1.25,0.28,0.0000,0.0000,0.0000,0
1.524,94,13,11,1528,1501,1.25,0.28,0.0000,0.0000,0.0000,0
1.542,92,14,11,1527,1501,1.25,0.28,0.0000,0.0000,0.0000,0
1.560,90,14,9,1527,1500,1.25,0.28,0.0000,0.0000,0.0000,0
1.578,89,16,10,1526,1501,1.25,0.28,0.0000,0.0000,0.0000,0
1.596,87,16,11,1526,1501,1.25,0.28,0.0000,0.0000,0.0000,0
1.614,86,16,11,1525,1501,1.25,0.28,0.0000,0.0000,0.0000,0
1.632,85,17,11,1525,1501,1.25,0.28,0.0000,0.0000,0.0000,0
1.650,84,17,11,1525,1501,1.25,0.28,0.0000,0.0000,0.0000,0
1.667,83,17,11,1524,1501,1.25,0.28,0.0000,0.0000,0.0000,0
1.684,82,18,12,1524,1501,0.38,0.50,0.0000,0.0000,0.0000,0
1.702,80,18,11,1524,1501,0.38,0.50,0.0000,0.0000,0.0000,0
1.719,79,18,11,1523,1501,0.38,0.50,0.0000,0.0000,0.0000,0
1.736,77,19,12,1523,1501,0.38,0.50,0.0000,0.0000,0.0000,0
1.759,76,19,12,1522,1501,0.38,0.50,0.0000,0.0000,0.0000,0
1.777,73,19,11,1521,1501,0.38,0.50,0.0000,0.0000,0.0000,0
1.796,71,19,12,1521,1501,0.38,0.50,0.0000,0.0000,0.0000,0
1.813,69,18,12,1520,1501,0.38,0.50,0.0000,0.0000,0.0000,0
1.831,67,18,12,1520,1501,0.38,0.50,0.0000,0.0000,0.0000,0
1.848,66,18,12,1519,1501,0.38,0.50,0.0000,0.0000,0.0000,0
1.865,64,18,12,1519,1501,0.38,0.50,0.0000,0.0000,0.0000,0
1.883,63,17,12,1518,1501,0.38,0.50,0.0000,0.0000,0.0000,0
1.900,62,17,12,1518,1501,0.38,0.50,0.0000,0.0000,0.0000,0
1.919,61,17,12,1518,1501,0.33,0.20,0.0000,0.0000,0.0000,0
1.936,60,16,12,1518,1501,0.33,0.20,0.0000,0.0000,0.0000,1
1.954,59,16,12,1517,1501,0.33,0.20,0.0000,0.0000,0.0000,1
1.972,58,16,12,1517,1501,0.33,0.20,0.0000,0.0000,0.0000,1
1.991,57,17,12,1517,1501,0.33,0.20,0.0000,0.0000,0.0000,1
2.009,56,17,13,1516,1501,0.33,0.20,0.0000,0.0000,0.0000,1
2.027,55,17,13,1516,1501,0.33,0.20,0.0000,0.0000,0.0000,1
2.045,53,18,12,1515,1501,0.33,0.20,0.0000,0.0000,0.0000,1
2.062,52,19,13,1515,1501,0.33,0.20,0.0000,0.0000,0.0000,1
2.079,51,19,13,1515,1501,0.33,0.20,0.0000,0.0000,0.0000,1
2.097,49,19,13,1509,1501,0.33,0.20,0.0000,0.0000,0.0000,1
2.114,47,19,13,1509,1501,0.33,0.20,0.0000,0.0000,0.0000,1
2.131,45,18,13,1509,1501,0.33,0.20,0.0000,0.0000,0.0000,1
2.149,42,18,14,1508,1501,0.33,0.20,0.0000,0.0000,0.0000,1
2.166,40,18,13,1508,1501,0.33,0.20,0.0000,0.0000,0.0000,1
2.184,37,18,14,1507,1501,0.07,0.15,0.0000,0.0000,0.0000,1
2.201,37,18,14,1507,1501,0.07,0.15,0.0000,0.0000,0.0000,1
2.219,34,18,14,1506,1501,0.07,0.15,0.0000,0.0000,0.0000,1
2.236,31,17,14,1506,1501,0.07,0.15,0.0000,0.0000,0.0000,1
2.253,24,17,13,1504,1501,0.07,0.15,0.0000,0.0000,0.0000,1
2.271,20,17,14,1504,1501,0.07,0.15,0.0000,0.0000,0.0000,1
2.288,17,16,14,1503,1501,0.07,0.15,0.0000,0.0000,0.0000,1
2.305,13,17,14,1502,1501,0.07,0.15,0.0000,0.0000,0.0000,1
2.323,9,16,14,1501,1501,0.07,0.15,0.0000,0.0000,0.0000,1
2.340,1,15,14,1500,1501,0.07,0.15,0.0000,0.0000,0.0000,1
2.359,-3,14,14,1500,1501,0.07,0.15,0.0000,0.0000,0.0000,1
2.377,-7,14,15,1499,1501,0.07,0.15,0.0000,0.0000,0.0000,1
2.394,-11,13,15,1498,1501,0.07,0.15,0.0000,0.0000,0.0000,1
2.414,-13,12,15,1498,1501,0.07,0.15,0.0000,0.0000,0.0000,1
2.432,-13,12,15,1498,1501,0.20,-0.28,0.0000,0.0000,0.0000,1
2.450,-16,11,15,1497,1501,0.20,-0.28,0.0000,0.0000,0.0000,1
2.467,-18,11,15,1497,1501,0.20,-0.28,0.0000,0.0000,0.0000,1
2.485,-20,10,16,1496,1501,0.20,-0.28,0.0000,0.0000,0.0000,1
2.502,-24,9,16,1496,1501,0.20,-0.28,0.0000,0.0000,0.0000,1
2.520,-26,10,16,1495,1501,0.20,-0.28,0.0000,0.0000,0.0000,1
2.538,-27,10,16,1495,1501,0.20,-0.28,0.0000,0.0000,0.0000,1
2.555,-28,11,16,1495,1501,0.20,-0.28,0.0000,0.0000,0.0000,1
2.573,-29,11,17,1495,1501,0.20,-0.28,0.0000,0.0000,0.0000,1
2.590,-30,12,17,1494,1501,0.20,-0.28,0.0000,0.0000,0.0000,1
2.608,-30,13,17,1494,1501,0.20,-0.28,0.0000,0.0000,0.0000,1
2.626,-30,14,17,1494,1501,0.20,-0.28,0.0000,0.0000,0.0000,1
2.646,-30,15,16,1494,1501,0.20,-0.28,0.0000,0.0000,0.0000,1
2.665,-29,16,16,1495,1501,0.20,-0.28,0.0000,0.0000,0.0000,1
2.684,-29,17,17,1495,1501,-0.19,0.25,0.0000,0.0000,0.0000,1
2.702,-28,18,18,1495,1501,-0.19,0.25,0.0000,0.0000,0.0000,1
2.719,-28,19,19,1495,1501,-0.19,0.25,0.0000,0.0000,0.0000,1
2.737,-27,19,19,1495,1501,-0.19,0.25,0.0000,0.0000,0.0000,1
2.754,-26,19,19,1495,1501,-0.19,0.25,0.0000,0.0000,0.0000,1
2.771,-25,19,19,1495,1501,-0.19,0.25,0.0000,0.0000,0.0000,1
2.789,-24,19,20,1496,1502,-0.19,0.25,0.0000,0.0000,0.0000,1
2.807,-23,19,18,1496,1501,-0.19,0.25,0.0000,0.0000,0.0000,1
2.825,-23,20,19,1496,1501,-0.19,0.25,0.0000,0.0000,0.0000,1
2.843,-22,20,21,1496,1502,-0.19,0.25,0.0000,0.0000,0.0000,1
2.860,-21,19,21,1496,1502,-0.19,0.25,0.0000,0.0000,0.0000,1
2.877,-20,19,21,1496,1502,-0.19,0.25,0.0000,0.0000,0.0000,1
2.894,-20,19,20,1496,1502,-0.19,0.25,0.0000,0.0000,0.0000,1
2.911,-20,19,20,1496,1502,-0.19,0.25,0.0000,0.0000,0.0000,1
2.928,-19,18,21,1497,1502,-0.31,0.76,0.0000,0.0000,0.0000,1
2.946,-19,17,22,1497,1502,-0.31,0.76,0.0000,0.0000,0.0000,1
2.963,-18,17,22,1497,1502,-0.31,0.76,0.0000,0.0000,0.0000,1
2.982,-18,17,22,1497,1502,-0.31,0.76,0.0000,0.0000,0.0000,1
2.999,-18,16,22,1497,1502,-0.31,0.76,0.0000,0.0000,0.0000,1
3.018,-18,16,23,1497,1502,-0.31,0.76,0.0000,0.0000,0.0000,1
3.036,-18,15,23,1497,1502,-0.31,0.76,0.0000,0.0000,0.0000,1
3.056,-18,14,23,1497,1502,-0.31,0.76,0.0000,0.0000,0.0000,1
3.073,-18,14,24,1497,1502,-0.31,0.76,0.0000,0.0000,0.0000,1
3.091,-17,14,24,1497,1502,-0.31,0.76,0.0000,0.0000,0.0000,1
3.108,-17,13,24,1497,1502,-0.31,0.76,0.0000,0.0000,0.0000,1
3.125,-17,14,23,1497,1502,-0.31,0.76,0.0000,0.0000,0.0000,1
3.142,-16,13,25,1497,1502,-0.31,0.76,0.0000,0.0000,0.0000,1
3.160,-16,13,25,1497,1502,-0.31,0.76,0.0000,0.0000,0.0000,1
3.177,-16,12,25,1497,1502,0.19,1.01,0.0000,0.0000,0.0000,1
3.195,-16,12,24,1497,1502,0.19,1.01,0.0000,0.0000,0.0000,1
3.214,-16,12,26,1497,1502,0.19,1.01,0.0000,0.0000,0.0000,1
3.232,-16,11,26,1497,1502,0.19,1.01,0.0000,0.0000,0.0000,1
3.250,-16,12,26,1497,1502,0.19,1.01,0.0000,0.0000,0.0000,1
3.267,-16,12,25,1497,1502,0.19,1.01,0.0000,0.0000,0.0000,1
3.284,-16,12,27,1497,1502,0.19,1.01,0.0000,0.0000,0.0000,1
3.303,-16,12,27,1497,1502,0.19,1.01,0.0000,0.0000,0.0000,1
3.321,-15,12,26,1497,1502,0.19,1.01,0.0000,0.0000,0.0000,1
3.339,-15,13,28,1497,1502,0.19,1.01,0.0000,0.0000,0.0000,1
3.357,-15,13,28,1497,1502,0.19,1.01,0.0000,0.0000,0.0000,1
3.374,-15,14,28,1497,1502,0.19,1.01,0.0000,0.0000,0.0000,1
3.392,-15,14,28,1497,1502,0.19,1.01,0.0000,0.0000,0.0000,1
3.409,-14,16,28,1498,1502,0.19,1.01,0.0000,0.0000,0.0000,1
3.427,-14,16,28,1498,1502,0.12,2.08,0.0000,0.0000,0.0000,1
3.444,-14,17,29,1498,1502,0.12,2.08,0.0000,0.0000,0.0000,1
3.463,-13,18,29,1498,1502,0.12,2.08,0.0000,0.0000,0.0000,1
3.481,-13,19,28,1498,1502,0.12,2.08,0.0000,0.0000,0.0000,1
3.498,-12,20,28,1498,1502,0.12,2.08,0.0000,0.0000,0.0000,1
3.517,-11,21,29,1498,1502,0.12,2.08,0.0000,0.0000,0.0000,1
3.535,-11,22,28,1498,1502,0.12,2.08,0.0000,0.0000,0.0000,1
3.552,-11,22,29,1498,1502,0.12,2.08,0.0000,0.0000,0.0000,1
3.571,-10,21,29,1498,1502,0.12,2.08,0.0000,0.0000,0.0000,1
3.588,-10,21,29,1498,1502,0.12,2.08,0.0000,0.0000,0.0000,1
3.605,-10,20,29,1498,1502,0.12,2.08,0.0000,0.0000,0.0000,1
3.623,-10,19,29,1498,1502,0.12,2.08,0.0000,0.0000,0.0000,1
3.642,-9,18,29,1499,1502,0.12,2.08,0.0000,0.0000,0.0000,1
3.660,-9,18,29,1499,1502,0.12,2.08,0.0000,0.0000,0.0000,1
3.677,-9,18,29,1499,1502,-0.08,2.60,0.0000,0.0000,0.0000,1
3.694,-9,17,28,1499,1502,-0.08,2.60,0.0000,0.0000,0.0000,1
3.714,-9,16,29,1499,1502,-0.08,2.60,0.0000,0.0000,0.0000,1
3.731,-8,15,29,1499,1502,-0.08,2.60,0.0000,0.0000,0.0000,1
3.749,-7,13,28,1499,1502,-0.08,2.60,0.0000,0.0000,0.0000,1
3.767,-7,13,28,1499,1502,-0.08,2.60,0.0000,0.0000,0.0000,1
3.784,-7,12,28,1499,1502,-0.08,2.60,0.0000,0.0000,0.0000,1
3.801,-7,12,28,1499,1502,-0.08,2.60,0.0000,0.0000,0.0000,1
3.818,-7,12,28,1499,1502,-0.08,2.60,0.0000,0.0000,0.0000,1
3.836,-7,12,27,1499,1502,-0.08,2.60,0.0000,0.0000,0.0000,1
3.853,-6,12,28,1499,1502,-0.08,2.60,0.0000,0.0000,0.0000,1
3.870,-6,12,27,1499,1502,-0.08,2.60,0.0000,0.0000,0.0000,1
3.888,-6,12,27,1499,1502,-0.08,2.60,0.0000,0.0000,0.0000,1
3.906,-5,12,26,1499,1502,-0.08,2.60,0.0000,0.0000,0.0000,1
3.924,-5,12,26,1499,1502,-0.38,2.31,0.0000,0.0000,0.0000,1
3.941,-6,11,26,1499,1502,-0.38,2.31,0.0000,0.0000,0.0000,1
3.960,-6,11,26,1499,1502,-0.38,2.31,0.0000,0.0000,0.0000,1
3.980,-6,11,26,1499,1502,-0.38,2.31,0.0000,0.0000,0.0000,1
3.997,-7,11,25,1499,1502,-0.38,2.31,0.0000,0.0000,0.0000,1
4.015,-7,11,25,1499,1502,-0.38,2.31,0.0000,0.0000,0.0000,1
4.032,-9,10,25,1499,1502,-0.38,2.31,0.0000,0.0000,0.0000,1
4.050,-12,9,24,1498,1502,-0.38,2.31,0.0000,0.0000,0.0000,1
4.068,-14,9,24,1498,1502,-0.38,2.31,0.0000,0.0000,0.0000,1
4.088,-18,7,22,1497,1502,-0.38,2.31,0.0000,0.0000,0.0000,1
4.105,-20,6,22,1496,1502,-0.38,2.31,0.0000,0.0000,0.0000,1
4.124,-25,4,22,1496,1502,-0.38,2.31,0.0000,0.0000,0.0000,1
4.141,-27,2,21,1495,1502,-0.38,2.31,0.0000,0.0000,0.0000,1
4.160,-29,1,20,1495,1502,-0.38,2.31,0.0000,0.0000,0.0000,1
4.178,-31,0,19,1494,1501,0.28,1.24,0.0000,0.0000,0.0000,1
4.197,-32,-1,19,1494,1501,0.28,1.24,0.0000,0.0000,0.0000,1
4.215,-32,-2,19,1494,1501,0.28,1.24,0.0000,0.0000,0.0000,1
4.234,-32,-2,19,1494,1501,0.28,1.24,0.0000,0.0000,0.0000,1
4.253,-33,-4,19,1494,1501,0.28,1.24,0.0000,0.0000,0.0000,1
4.272,-32,-5,18,1494,1501,0.28,1.24,0.0000,0.0000,0.0000,1
4.291,-32,-5,18,1494,1501,0.28,1.24,0.0000,0.0000,0.0000,1
4.308,-32,-6,17,1494,1501,0.28,1.24,0.0000,0.0000,0.0000,1
4.325,-31,-8,16,1494,1501,0.28,1.24,0.0000,0.0000,0.0000,1
4.343,-31,-10,15,1494,1501,0.28,1.24,0.0000,0.0000,0.0000,1
4.360,-30,-10,14,1494,1501,0.28,1.24,0.0000,0.0000,0.0000,1
4.378,-30,-11,14,1494,1501,0.28,1.24,0.0000,0.0000,0.0000,1
4.395,-30,-11,14,1494,1501,0.28,1.24,0.0000,0.0000,0.0000,1
4.412,-30,-11,14,1494,1501,0.28,1.24,0.0000,0.0000,0.0000,1
4.431,-29,-12,13,1495,1501,0.18,0.19,0.0000,0.0000,0.0000,1
4.448,-29,-11,13,1495,1501,0.18,0.19,0.0000,0.0000,0.0000,1
4.470,-29,-12,12,1495,1501,0.18,0.19,0.0000,0.0000,0.0000,1
4.491,-29,-13,12,1495,1501,0.18,0.19,0.0000,0.0000,0.0000,1
4.511,-31,-14,11,1494,1501,0.18,0.19,0.0000,0.0000,0.0000,1
4.528,-32,-15,10,1494,1501,0.18,0.19,0.0000,0.0000,0.0000,1
4.545,-33,-16,10,1494,1501,0.18,0.19,0.0000,0.0000,0.0000,1
4.562,-34,-18,10,1494,1501,0.18,0.19,0.0000,0.0000,0.0000,1
4.579,-35,-19,10,1493,1501,0.18,0.19,0.0000,0.0000,0.0000,1
4.596,-36,-20,9,1493,1500,0.18,0.19,0.0000,0.0000,0.0000,1
4.614,-37,-21,9,1493,1500,0.18,0.19,0.0000,0.0000,0.0000,1
4.631,-37,-21,8,1493,1500,0.18,0.19,0.0000,0.0000,0.0000,1
4.648,-38,-22,8,1493,1500,0.18,0.19,0.0000,0.0000,0.0000,1
4.665,-38,-22,7,1493,1500,0.40,-0.81,0.0000,0.0000,0.0000,1
4.683,-38,-22,7,1493,1500,0.40,-0.81,0.0000,0.0000,0.0000,1
4.700,-38,-22,7,1493,1500,0.40,-0.81,0.0000,0.0000,0.0000,1
4.717,-38,-21,7,1493,1500,0.40,-0.81,0.0000,0.0000,0.0000,1
4.735,-38,-21,7,1493,1500,0.40,-0.81,0.0000,0.0000,0.0000,1
4.752,-38,-20,6,1493,1500,0.40,-0.81,0.0000,0.0000,0.0000,1
4.769,-38,-20,6,1493,1500,0.40,-0.81,0.0000,0.0000,0.0000,1
4.786,-39,-19,5,1493,1500,0.40,-0.81,0.0000,0.0000,0.0000,1
4.803,-39,-19,5,1493,1500,0.40,-0.81,0.0000,0.0000,0.0000,1
4.821,-41,-18,4,1492,1500,0.40,-0.81,0.0000,0.0000,0.0000,1
4.839,-41,-18,4,1492,1500,0.40,-0.81,0.0000,0.0000,0.0000,1
4.858,-42,-19,4,1492,1500,0.40,-0.81,0.0000,0.0000,0.0000,1
4.875,-43,-19,3,1492,1500,0.40,-0.81,0.0000,0.0000,0.0000,1
4.893,-44,-20,4,1492,1500,0.40,-0.81,0.0000,0.0000,0.0000,1
4.912,-46,-21,3,1491,1500,0.40,-0.81,0.0000,0.0000,0.0000,1
4.930,-47,-22,3,1491,1500,0.46,-1.28,0.0000,0.0000,0.0000,1
4.951,-48,-22,3,1491,1500,0.46,-1.28,0.0000,0.0000,0.0000,1
4.968,-48,-22,2,1491,1500,0.46,-1.28,0.0000,0.0000,0.0000,1
4.985,-49,-21,2,1491,1500,0.46,-1.28,0.0000,0.0000,0.0000,1
5.003,-50,-20,1,1490,1500,0.46,-1.28,0.0000,0.0000,0.0000,1
5.020,-51,-18,0,1485,1500,0.46,-1.28,0.0000,0.0000,0.0000,1
5.037,-51,-18,0,1485,1500,0.46,-1.28,0.0000,0.0000,0.0000,1
5.054,-52,-15,0,1485,1500,0.46,-1.28,0.0000,0.0000,0.0000,1
5.072,-53,-14,1,1485,1500,0.46,-1.28,0.0000,0.0000,0.0000,1
5.089,-53,-13,2,1485,1500,0.46,-1.28,0.0000,0.0000,0.0000,1
5.107,-55,-12,2,1484,1500,0.46,-1.28,0.0000,0.0000,0.0000,1
5.129,-56,-11,2,1484,1500,0.46,-1.28,0.0000,0.0000,0.0000,1
5.147,-57,-11,2,1483,1500,0.46,-1.28,0.0000,0.0000,0.0000,1
5.164,-58,-11,1,1483,1500,0.69,-1.03,0.0000,0.0000,0.0000,1
5.182,-60,-10,0,1482,1500,0.69,-1.03,0.0000,0.0000,0.0000,1
5.200,-61,-10,-1,1482,1500,0.69,-1.03,0.0000,0.0000,0.0000,0
0.017,-63,-9,-2,1482,1500,0.69,-1.03,0.0000,0.0000,0.0000,0
0.035,-65,-9,-1,1481,1500,0.69,-1.03,0.0000,0.0000,0.0000,0
0.053,-66,-9,0,1481,1500,0.69,-1.03,0.0000,0.0000,0.0000,0
0.070,-67,-9,0,1480,1500,0.69,-1.03,0.0000,0.0000,0.0000,0
0.088,-68,-8,0,1480,1500,0.69,-1.03,0.0000,0.0000,0.0000,0
0.105,-68,-8,-1,1480,1500,0.69,-1.03,0.0000,0.0000,0.0000,0
0.122,-69,-7,-2,1480,1500,0.69,-1.03,0.0000,0.0000,0.0000,0
0.139,-69,-7,-1,1480,1500,0.69,-1.03,0.0000,0.0000,0.0000,0
0.160,-69,-6,-1,1480,1500,0.69,-1.03,0.0000,0.0000,0.0000,0
0.177,-70,-5,0,1479,1500,0.69,-1.03,0.0000,0.0000,0.0000,0
0.194,-70,-4,-1,1479,1500,0.69,-1.03,0.0000,0.0000,0.0000,0
0.211,-70,-4,-1,1479,1500,1.18,-1.11,0.0000,0.0000,0.0000,0
0.229,-70,-3,-1,1479,1500,1.18,-1.11,0.0000,0.0000,0.0000,0
0.246,-70,-3,-1,1479,1500,1.18,-1.11,0.0000,0.0000,0.0000,0
0.267,-71,-2,-2,1479,1500,1.18,-1.11,0.0000,0.0000,0.0000,0
0.284,-71,-2,-2,1479,1500,1.18,-1.11,0.0000,0.0000,0.0000,0
0.301,-71,-1,-1,1479,1500,1.18,-1.11,0.0000,0.0000,0.0000,0
0.319,-71,0,-1,1479,1500,1.18,-1.11,0.0000,0.0000,0.0000,0
0.336,-72,1,0,1479,1500,1.18,-1.11,0.0000,0.0000,0.0000,0
0.355,-71,2,0,1479,1500,1.18,-1.11,0.0000,0.0000,0.0000,0
0.373,-71,3,0,1479,1500,1.18,-1.11,0.0000,0.0000,0.0000,0
0.391,-70,4,-1,1479,1500,1.18,-1.11,0.0000,0.0000,0.0000,0
0.408,-69,5,-1,1480,1500,1.18,-1.11,0.0000,0.0000,0.0000,0
0.426,-67,6,-1,1480,1500,1.18,-1.11,0.0000,0.0000,0.0000,0
0.444,-65,7,-1,1481,1500,1.18,-1.11,0.0000,0.0000,0.0000,0
0.461,-64,8,-2,1481,1500,0.83,-0.71,0.0000,0.0000,0.0000,0
0.479,-62,9,-2,1482,1500,0.83,-0.71,0.0000,0.0000,0.0000,0
0.496,-60,9,-1,1482,1500,0.83,-0.71,0.0000,0.0000,0.0000,1
0.514,-58,10,-1,1483,1500,0.83,-0.71,0.0000,0.0000,0.0000,1
0.532,-57,12,-2,1483,1500,0.83,-0.71,0.0000,0.0000,0.0000,1
0.550,-55,12,-2,1484,1500,0.83,-0.71,0.0000,0.0000,0.0000,1
0.567,-54,13,-1,1484,1500,0.83,-0.71,0.0000,0.0000,0.0000,1
0.585,-53,14,-1,1485,1500,0.83,-0.71,0.0000,0.0000,0.0000,1
0.603,-52,15,0,1485,1500,0.83,-0.71,0.0000,0.0000,0.0000,1
0.621,-51,16,0,1485,1500,0.83,-0.71,0.0000,0.0000,0.0000,1
0.639,-51,17,0,1485,1500,0.83,-0.71,0.0000,0.0000,0.0000,1
0.656,-51,18,0,1485,1500,0.83,-0.71,0.0000,0.0000,0.0000,1
0.673,-51,18,0,1485,1500,0.83,-0.71,0.0000,0.0000,0.0000,1
0.690,-51,20,0,1485,1500,0.83,-0.71,0.0000,0.0000,0.0000,1
0.707,-50,21,0,1490,1500,0.83,-0.71,0.0000,0.0000,0.0000,1
0.725,-50,22,0,1490,1500,0.20,-0.28,0.0000,0.0000,0.0000,1
0.742,-50,22,0,1490,1500,0.20,-0.28,0.0000,0.0000,0.0000,1
0.760,-50,25,-1,1490,1500,0.20,-0.28,0.0000,0.0000,0.0000,1
0.777,-49,26,-1,1491,1500,0.20,-0.28,0.0000,0.0000,0.0000,1
0.794,-49,28,0,1491,1500,0.20,-0.28,0.0000,0.0000,0.0000,1
0.812,-49,29,1,1491,1500,0.20,-0.28,0.0000,0.0000,0.0000,1
0.829,-49,30,1,1491,1500,0.20,-0.28,0.0000,0.0000,0.0000,1
0.847,-49,31,1,1491,1500,0.20,-0.28,0.0000,0.0000,0.0000,1
0.866,-49,32,1,1491,1500,0.20,-0.28,0.0000,0.0000,0.0000,1
0.884,-50,33,0,1490,1500,0.20,-0.28,0.0000,0.0000,0.0000,1
0.901,-50,34,-1,1490,1500,0.20,-0.28,0.0000,0.0000,0.0000,1
0.919,-51,35,0,1485,1500,0.20,-0.28,0.0000,0.0000,0.0000,1
0.936,-51,36,0,1485,1500,0.20,-0.28,0.0000,0.0000,0.0000,1
0.954,-52,36,1,1485,1500,0.20,-0.28,0.0000,0.0000,0.0000,1
0.971,-52,36,1,1485,1500,-0.14,0.04,0.0000,0.0000,0.0000,1
0.991,-53,36,1,1485,1500,-0.14,0.04,0.0000,0.0000,0.0000,1
1.009,-54,36,1,1484,1500,-0.14,0.04,0.0000,0.0000,0.0000,1
1.026,-55,36,1,1484,1500,-0.14,0.04,0.0000,0.0000,0.0000,1
1.043,-55,36,1,1484,1500,-0.14,0.04,0.0000,0.0000,0.0000,1
1.061,-56,35,2,1484,1500,-0.14,0.04,0.0000,0.0000,0.0000,1
1.079,-57,36,1,1483,1500,-0.14,0.04,0.0000,0.0000,0.0000,1
1.096,-58,35,1,1483,1500,-0.14,0.04,0.0000,0.0000,0.0000,1
1.113,-59,36,2,1483,1500,-0.14,0.04,0.0000,0.0000,0.0000,1
1.131,-59,35,2,1483,1500,-0.14,0.04,0.0000,0.0000,0.0000,1
1.150,-60,35,2,1482,1500,-0.14,0.04,0.0000,0.0000,0.0000,1
1.168,-60,36,2,1482,1500,-0.14,0.04,0.0000,0.0000,0.0000,1
1.186,-60,36,2,1482,1500,-0.14,0.04,0.0000,0.0000,0.0000,1
1.203,-61,36,2,1482,1500,-0.14,0.04,0.0000,0.0000,0.0000,0
0.017,-61,37,2,1482,1500,-0.23,-0.23,0.0000,0.0000,0.0000,0
0.035,-62,38,2,1482,1500,-0.23,-0.23,0.0000,0.0000,0.0000,0
0.052,-62,38,2,1482,1500,-0.23,-0.23,0.0000,0.0000,0.0000,0
0.070,-62,39,3,1482,1500,-0.23,-0.23,0.0000,0.0000,0.0000,0
0.088,-62,39,3,1482,1500,-0.23,-0.23,0.0000,0.0000,0.0000,0
0.105,-61,40,3,1482,1500,-0.23,-0.23,0.0000,0.0000,0.0000,0
0.123,-61,40,3,1482,1500,-0.23,-0.23,0.0000,0.0000,0.0000,0
0.141,-60,41,4,1482,1500,-0.23,-0.23,0.0000,0.0000,0.0000,1
0.159,-59,42,3,1483,1500,-0.23,-0.23,0.0000,0.0000,0.0000,1
0.176,-59,43,4,1483,1500,-0.23,-0.23,0.0000,0.0000,0.0000,1
0.195,-58,45,4,1483,1500,-0.23,-0.23,0.0000,0.0000,0.0000,1
0.212,-57,46,4,1483,1500,-0.23,-0.23,0.0000,0.0000,0.0000,1
0.230,-56,48,4,1484,1500,-0.23,-0.23,0.0000,0.0000,0.0000,1
0.247,-54,49,4,1484,1500,-0.23,-0.23,0.0000,0.0000,0.0000,1
0.266,-53,51,4,1485,1500,0.26,0.41,0.0000,0.0000,0.0000,1
0.286,-52,52,4,1485,1500,0.26,0.41,0.0000,0.0000,0.0000,1
0.304,-51,52,4,1485,1500,0.26,0.41,0.0000,0.0000,0.0000,1
0.322,-50,53,5,1490,1500,0.26,0.41,0.0000,0.0000,0.0000,1
0.342,-49,53,4,1491,1500,0.26,0.41,0.0000,0.0000,0.0000,1
0.359,-49,53,4,1491,1500,0.26,0.41,0.0000,0.0000,0.0000,1
0.376,-48,54,3,1491,1500,0.26,0.41,0.0000,0.0000,0.0000,1
0.393,-47,54,5,1491,1500,0.26,0.41,0.0000,0.0000,0.0000,1
0.411,-46,54,6,1491,1500,0.26,0.41,0.0000,0.0000,0.0000,1
0.428,-45,54,6,1491,1500,0.26,0.41,0.0000,0.0000,0.0000,1
0.446,-45,54,5,1491,1500,0.26,0.41,0.0000,0.0000,0.0000,1
0.464,-43,55,6,1492,1500,0.26,0.41,0.0000,0.0000,0.0000,1
0.481,-43,55,6,1492,1500,0.26,0.41,0.0000,0.0000,0.0000,1
0.503,-42,56,5,1492,1500,0.26,0.41,0.0000,0.0000,0.0000,1
0.520,-41,56,5,1492,1500,0.82,0.76,0.0000,0.0000,0.0000,1
0.538,-41,56,5,1492,1500,0.82,0.76,0.0000,0.0000,0.0000,1
0.556,-41,56,5,1492,1500,0.82,0.76,0.0000,0.0000,0.0000,1
0.574,-40,56,4,1492,1500,0.82,0.76,0.0000,0.0000,0.0000,1
0.593,-39,57,6,1493,1500,0.82,0.76,0.0000,0.0000,0.0000,1
0.610,-37,57,6,1493,1500,0.82,0.76,0.0000,0.0000,0.0000,1
0.627,-36,58,7,1493,1500,0.82,0.76,0.0000,0.0000,0.0000,1
0.645,-34,60,6,1494,1500,0.82,0.76,0.0000,0.0000,0.0000,1
0.663,-32,61,6,1494,1500,0.82,0.76,0.0000,0.0000,0.0000,0
0.017,-31,62,7,1494,1500,0.82,0.76,0.0000,0.0000,0.0000,0
0.035,-30,62,6,1494,1500,0.82,0.76,0.0000,0.0000,0.0000,0
0.052,-28,62,5,1495,1500,0.82,0.76,0.0000,0.0000,0.0000,0
0.070,-26,62,7,1495,1500,0.82,0.76,0.0000,0.0000,0.0000,0
0.087,-25,63,7,1495,1500,0.82,0.76,0.0000,0.0000,0.0000,0
0.104,-25,63,7,1495,1500,0.68,1.31,0.0000,0.0000,0.0000,0
0.122,-24,63,7,1496,1500,0.68,1.31,0.0000,0.0000,0.0000,0
0.139,-23,63,7,1496,1500,0.68,1.31,0.0000,0.0000,0.0000,0
0.157,-23,64,6,1496,1500,0.68,1.31,0.0000,0.0000,0.0000,0
0.174,-23,64,5,1496,1500,0.68,1.31,0.0000,0.0000,0.0000,0
0.191,-23,63,6,1496,1500,0.68,1.31,0.0000,0.0000,0.0000,0
0.208,-23,63,7,1496,1500,0.68,1.31,0.0000,0.0000,0.0000,0
0.225,-23,63,7,1496,1500,0.68,1.31,0.0000,0.0000,0.0000,0
0.242,-24,62,7,1496,1500,0.68,1.31,0.0000,0.0000,0.0000,0
0.260,-25,61,6,1495,1500,0.68,1.31,0.0000,0.0000,0.0000,0
0.278,-26,60,5,1495,1500,0.68,1.31,0.0000,0.0000,0.0000,1
0.296,-27,60,6,1495,1500,0.68,1.31,0.0000,0.0000,0.0000,1
0.314,-27,59,7,1495,1500,0.68,1.31,0.0000,0.0000,0.0000,1
0.332,-28,58,7,1495,1500,0.68,1.31,0.0000,0.0000,0.0000,1
0.349,-29,57,6,1495,1500,1.32,0.83,0.0000,0.0000,0.0000,1
0.370,-29,56,6,1495,1500,1.32,0.83,0.0000,0.0000,0.0000,1
0.387,-30,54,5,1494,1500,1.32,0.83,0.0000,0.0000,0.0000,1
0.405,-30,53,5,1494,1500,1.32,0.83,0.0000,0.0000,0.0000,1
0.423,-31,52,6,1494,1500,1.32,0.83,0.0000,0.0000,0.0000,1
0.441,-31,52,6,1494,1500,1.32,0.83,0.0000,0.0000,0.0000,1
0.459,-31,51,6,1494,1500,1.32,0.83,0.0000,0.0000,0.0000,1
0.476,-31,51,6,1494,1500,1.32,0.83,0.0000,0.0000,0.0000,1
0.493,-31,51,5,1494,1500,1.32,0.83,0.0000,0.0000,0.0000,1
0.510,-30,51,4,1494,1500,1.32,0.83,0.0000,0.0000,0.0000,1
0.527,-30,52,5,1494,1500,1.32,0.83,0.0000,0.0000,0.0000,1
0.544,-30,52,5,1494,1500,1.32,0.83,0.0000,0.0000,0.0000,1
0.561,-29,52,5,1495,1500,1.32,0.83,0.0000,0.0000,0.0000,1
0.580,-29,52,5,1495,1500,1.32,0.83,0.0000,0.0000,0.0000,1
0.597,-28,52,5,1495,1500,0.96,0.56,0.0000,0.0000,0.0000,1
0.616,-28,51,5,1495,1500,0.96,0.56,0.0000,0.0000,0.0000,1
0.634,-28,50,4,1495,1500,0.96,0.56,0.0000,0.0000,0.0000,1
0.653,-29,49,3,1495,1500,0.96,0.56,0.0000,0.0000,0.0000,1
0.671,-29,48,4,1495,1500,0.96,0.56,0.0000,0.0000,0.0000,1
0.689,-29,47,4,1495,1500,0.96,0.56,0.0000,0.0000,0.0000,1
0.707,-30,46,4,1494,1500,0.96,0.56,0.0000,0.0000,0.0000,1
0.724,-30,45,4,1494,1500,0.96,0.56,0.0000,0.0000,0.0000,1
0.741,-31,45,3,1494,1500,0.96,0.56,0.0000,0.0000,0.0000,1
0.758,-31,45,3,1494,1500,0.96,0.56,0.0000,0.0000,0.0000,1
0.775,-32,44,4,1494,1500,0.96,0.56,0.0000,0.0000,0.0000,1
0.793,-33,44,4,1494,1500,0.96,0.56,0.0000,0.0000,0.0000,1
0.810,-33,44,3,1494,1500,0.96,0.56,0.0000,0.0000,0.0000,1
0.827,-34,43,2,1494,1500,0.96,0.56,0.0000,0.0000,0.0000,1
0.844,-34,42,2,1494,1500,0.71,0.09,0.0000,0.0000,0.0000,1
0.861,-35,42,3,1493,1500,0.71,0.09,0.0000,0.0000,0.0000,1
0.879,-36,41,3,1493,1500,0.71,0.09,0.0000,0.0000,0.0000,1
0.896,-36,41,4,1493,1500,0.71,0.09,0.0000,0.0000,0.0000,1
0.913,-37,41,3,1493,1500,0.71,0.09,0.0000,0.0000,0.0000,1
0.931,-38,41,3,1493,1500,0.71,0.09,0.0000,0.0000,0.0000,1
0.949,-39,41,2,1493,1500,0.71,0.09,0.0000,0.0000,0.0000,1
0.968,-40,41,2,1492,1500,0.71,0.09,0.0000,0.0000,0.0000,1
0.985,-41,41,3,1492,1500,0.71,0.09,0.0000,0.0000,0.0000,1
1.003,-42,41,2,1492,1500,0.71,0.09,0.0000,0.0000,0.0000,1
1.021,-44,42,2,1492,1500,0.71,0.09,0.0000,0.0000,0.0000,1
1.039,-45,42,2,1491,1500,0.71,0.09,0.0000,0.0000,0.0000,1
1.056,-47,41,1,1491,1500,0.71,0.09,0.0000,0.0000,0.0000,1
1.074,-48,41,2,1491,1500,0.71,0.09,0.0000,0.0000,0.0000,1
1.091,-50,41,2,1490,1500,0.52,-0.08,0.0000,0.0000,0.0000,1
1.109,-50,41,2,1490,1500,0.52,-0.08,0.0000,0.0000,0.0000,1
1.127,-51,41,2,1485,1500,0.52,-0.08,0.0000,0.0000,0.0000,1
1.145,-53,41,2,1485,1500,0.52,-0.08,0.0000,0.0000,0.0000,1
1.162,-55,40,1,1484,1500,0.52,-0.08,0.0000,0.0000,0.0000,1
1.180,-56,39,2,1484,1500,0.52,-0.08,0.0000,0.0000,0.0000,1
1.198,-58,37,0,1483,1500,0.52,-0.08,0.0000,0.0000,0.0000,1
1.215,-59,38,0,1483,1500,0.52,-0.08,0.0000,0.0000,0.0000,1
1.232,-60,37,1,1482,1500,0.52,-0.08,0.0000,0.0000,0.0000,1
1.250,-61,37,0,1482,1500,0.52,-0.08,0.0000,0.0000,0.0000,0
0.018,-61,37,0,1482,1500,0.52,-0.08,0.0000,0.0000,0.0000,0
0.037,-61,38,0,1482,1500,0.52,-0.08,0.0000,0.0000,0.0000,0
0.054,-61,39,0,1482,1500,0.52,-0.08,0.0000,0.0000,0.0000,0
0.073,-61,41,0,1482,1500,0.52,-0.08,0.0000,0.0000,0.0000,0
0.091,-61,41,0,1482,1500,-0.23,-0.01,0.0000,0.0000,0.0000,0
0.108,-60,43,-1,1482,1500,-0.23,-0.01,0.0000,0.0000,0.0000,1
0.126,-60,43,-1,1482,1500,-0.23,-0.01,0.0000,0.0000,0.0000,1
0.144,-58,45,-1,1483,1500,-0.23,-0.01,0.0000,0.0000,0.0000,1
0.161,-58,45,-1,1483,1500,-0.23,-0.01,0.0000,0.0000,0.0000,1
0.180,-58,45,0,1483,1500,-0.23,-0.01,0.0000,0.0000,0.0000,1
0.197,-57,46,-1,1483,1500,-0.23,-0.01,0.0000,0.0000,0.0000,1
0.214,-57,46,-1,1483,1500,-0.23,-0.01,0.0000,0.0000,0.0000,1
0.231,-57,46,-2,1483,1500,-0.23,-0.01,0.0000,0.0000,0.0000,1
0.252,-56,47,-1,1484,1500,-0.23,-0.01,0.0000,0.0000,0.0000,1
0.269,-55,47,-1,1484,1500,-0.23,-0.01,0.0000,0.0000,0.0000,1
0.287,-55,48,-2,1484,1500,-0.23,-0.01,0.0000,0.0000,0.0000,1
0.305,-55,48,-2,1484,1500,-0.23,-0.01,0.0000,0.0000,0.0000,1
0.322,-55,49,-2,1484,1500,-0.23,-0.01,0.0000,0.0000,0.0000,1
0.340,-55,49,-2,1484,1500,0.05,-0.03,0.0000,0.0000,0.0000,1
0.357,-55,49,-2,1484,1500,0.05,-0.03,0.0000,0.0000,0.0000,1
0.376,-55,49,-3,1484,1500,0.05,-0.03,0.0000,0.0000,0.0000,1
0.393,-55,49,-2,1484,1500,0.05,-0.03,0.0000,0.0000,0.0000,1
0.411,-54,49,-2,1484,1500,0.05,-0.03,0.0000,0.0000,0.0000,1
0.429,-54,49,-2,1484,1500,0.05,-0.03,0.0000,0.0000,0.0000,1
0.446,-54,49,-3,1484,1500,0.05,-0.03,0.0000,0.0000,0.0000,1
0.465,-55,49,-3,1484,1500,0.05,-0.03,0.0000,0.0000,0.0000,1
0.482,-55,49,-3,1484,1500,0.05,-0.03,0.0000,0.0000,0.0000,1
0.501,-55,49,-3,1484,1500,0.05,-0.03,0.0000,0.0000,0.0000,1
0.518,-55,48,-3,1484,1500,0.05,-0.03,0.0000,0.0000,0.0000,1
0.536,-55,48,-3,1484,1500,0.05,-0.03,0.0000,0.0000,0.0000,1
0.553,-54,47,-3,1484,1500,0.05,-0.03,0.0000,0.0000,0.0000,1
0.570,-54,46,-4,1484,1500,0.05,-0.03,0.0000,0.0000,0.0000,1
0.587,-54,45,-4,1484,1500,-0.16,-0.29,0.0000,0.0000,0.0000,1
0.605,-53,44,-4,1485,1500,-0.16,-0.29,0.0000,0.0000,0.0000,1
0.622,-52,44,-4,1485,1500,-0.16,-0.29,0.0000,0.0000,0.0000,1
0.640,-52,43,-5,1485,1500,-0.16,-0.29,0.0000,0.0000,0.0000,1
0.658,-51,42,-5,1485,1500,-0.16,-0.29,0.0000,0.0000,0.0000,1
0.678,-50,42,-5,1490,1500,-0.16,-0.29,0.0000,0.0000,0.0000,1
0.697,-49,41,-5,1491,1500,-0.16,-0.29,0.0000,0.0000,0.0000,1
0.715,-48,41,-7,1491,1500,-0.16,-0.29,0.0000,0.0000,0.0000,1
0.733,-47,40,-7,1491,1500,-0.16,-0.29,0.0000,0.0000,0.0000,1
0.751,-46,39,-6,1491,1500,-0.16,-0.29,0.0000,0.0000,0.0000,1
0.768,-46,39,-6,1491,1500,-0.16,-0.29,0.0000,0.0000,0.0000,1
0.786,-46,38,-6,1491,1500,-0.16,-0.29,0.0000,0.0000,0.0000,1
0.803,-45,37,-7,1491,1500,-0.16,-0.29,0.0000,0.0000,0.0000,1
0.821,-45,36,-7,1491,1500,-0.16,-0.29,0.0000,0.0000,0.0000,1
0.838,-45,35,-8,1491,1500,-0.39,-0.87,0.0000,0.0000,0.0000,1
0.855,-44,34,-9,1492,1500,-0.39,-0.87,0.0000,0.0000,0.0000,1
0.872,-44,32,-8,1492,1500,-0.39,-0.87,0.0000,0.0000,0.0000,1
0.890,-43,31,-8,1492,1500,-0.39,-0.87,0.0000,0.0000,0.0000,1
0.907,-43,31,-8,1492,1500,-0.39,-0.87,0.0000,0.0000,0.0000,1
0.924,-42,29,-8,1492,1500,-0.39,-0.87,0.0000,0.0000,0.0000,1
0.941,-42,29,-8,1492,1500,-0.39,-0.87,0.0000,0.0000,0.0000,1
0.959,-40,28,-9,1492,1500,-0.39,-0.87,0.0000,0.0000,0.0000,1
0.981,-39,27,-9,1493,1500,-0.39,-0.87,0.0000,0.0000,0.0000,1
0.998,-38,27,-9,1493,1500,-0.39,-0.87,0.0000,0.0000,0.0000,1
1.015,-37,27,-9,1493,1500,-0.39,-0.87,0.0000,0.0000,0.0000,1
1.033,-36,27,-9,1493,1500,-0.39,-0.87,0.0000,0.0000,0.0000,1
1.051,-35,26,-10,1493,1499,-0.39,-0.87,0.0000,0.0000,0.0000,1
1.068,-35,26,-10,1493,1499,-0.39,-0.87,0.0000,0.0000,0.0000,1
1.085,-34,26,-9,1494,1500,0.57,-1.45,0.0000,0.0000,0.0000,1
1.102,-34,26,-9,1494,1500,0.57,-1.45,0.0000,0.0000,0.0000,1
1.119,-33,27,-9,1494,1500,0.57,-1.45,0.0000,0.0000,0.0000,1
1.138,-32,27,-10,1494,1499,0.57,-1.45,0.0000,0.0000,0.0000,1
1.159,-31,28,-10,1494,1499,0.57,-1.45,0.0000,0.0000,0.0000,1
1.176,-30,29,-10,1494,1499,0.57,-1.45,0.0000,0.0000,0.0000,1
1.193,-29,29,-9,1495,1500,0.57,-1.45,0.0000,0.0000,0.0000,1
1.212,-29,30,-10,1495,1499,0.57,-1.45,0.0000,0.0000,0.0000,1
1.229,-29,31,-9,1495,1500,0.57,-1.45,0.0000,0.0000,0.0000,1
1.247,-29,31,-10,1495,1499,0.57,-1.45,0.0000,0.0000,0.0000,1
1.264,-29,33,-11,1495,1499,0.57,-1.45,0.0000,0.0000,0.0000,1
1.282,-30,34,-10,1494,1499,0.57,-1.45,0.0000,0.0000,0.0000,1
1.300,-30,35,-9,1494,1500,0.57,-1.45,0.0000,0.0000,0.0000,1
1.317,-31,38,-10,1494,1499,0.57,-1.45,0.0000,0.0000,0.0000,1
1.334,-31,38,-10,1494,1499,0.57,-1.45,0.0000,0.0000,0.0000,1
1.352,-32,38,-10,1494,1499,0.69,-0.76,0.0000,0.0000,0.0000,1
1.369,-32,39,-10,1494,1499,0.69,-0.76,0.0000,0.0000,0.0000,1
1.386,-33,40,-11,1494,1499,0.69,-0.76,0.0000,0.0000,0.0000,1
1.406,-34,40,-11,1494,1499,0.69,-0.76,0.0000,0.0000,0.0000,1
1.424,-35,40,-10,1493,1499,0.69,-0.76,0.0000,0.0000,0.0000,1
1.442,-36,41,-9,1493,1500,0.69,-0.76,0.0000,0.0000,0.0000,1
1.459,-36,41,-10,1493,1499,0.69,-0.76,0.0000,0.0000,0.0000,1
1.478,-37,41,-10,1493,1499,0.69,-0.76,0.0000,0.0000,0.0000,1
1.497,-38,41,-10,1493,1499,0.69,-0.76,0.0000,0.0000,0.0000,1
1.514,-39,41,-10,1493,1499,0.69,-0.76,0.0000,0.0000,0.0000,1
1.532,-42,40,-10,1492,1499,0.69,-0.76,0.0000,0.0000,0.0000,1
1.551,-44,39,-10,1492,1499,0.69,-0.76,0.0000,0.0000,0.0000,1
1.568,-46,39,-9,1491,1500,0.69,-0.76,0.0000,0.0000,0.0000,1
1.587,-48,38,-10,1491,1499,1.63,-0.96,0.0000,0.0000,0.0000,1
1.606,-48,38,-10,1491,1499,1.63,-0.96,0.0000,0.0000,0.0000,1
1.628,-49,38,-10,1491,1499,1.63,-0.96,0.0000,0.0000,0.0000,1
1.647,-51,38,-12,1485,1499,1.63,-0.96,0.0000,0.0000,0.0000,1
1.666,-52,38,-11,1485,1499,1.63,-0.96,0.0000,0.0000,0.0000,1
1.683,-54,38,-10,1484,1499,1.63,-0.96,0.0000,0.0000,0.0000,1
1.700,-55,38,-10,1484,1499,1.63,-0.96,0.0000,0.0000,0.0000,1
1.718,-59,38,-10,1483,1499,1.63,-0.96,0.0000,0.0000,0.0000,1
1.735,-60,38,-10,1482,1499,1.63,-0.96,0.0000,0.0000,0.0000,1
1.752,-63,39,-10,1482,1499,1.63,-0.96,0.0000,0.0000,0.0000,0
0.018,-64,39,-11,1481,1499,1.63,-0.96,0.0000,0.0000,0.0000,0
0.035,-65,39,-11,1481,1499,1.63,-0.96,0.0000,0.0000,0.0000,0
0.052,-66,39,-11,1481,1499,1.63,-0.96,0.0000,0.0000,0.0000,0
0.069,-67,39,-11,1480,1499,1.63,-0.96,0.0000,0.0000,0.0000,0
0.086,-67,39,-11,1480,1499,0.58,-1.01,0.0000,0.0000,0.0000,0
0.104,-68,38,-12,1480,1499,0.58,-1.01,0.0000,0.0000,0.0000,0
0.122,-69,38,-12,1480,1499,0.58,-1.01,0.0000,0.0000,0.0000,0
0.140,-70,38,-12,1479,1499,0.58,-1.01,0.0000,0.0000,0.0000,0
0.157,-71,38,-11,1479,1499,0.58,-1.01,0.0000,0.0000,0.0000,0
0.175,-72,37,-12,1479,1499,0.58,-1.01,0.0000,0.0000,0.0000,0
0.192,-72,37,-11,1479,1499,0.58,-1.01,0.0000,0.0000,0.0000,0
0.209,-73,37,-11,1479,1499,0.58,-1.01,0.0000,0.0000,0.0000,0
0.227,-73,37,-11,1479,1499,0.58,-1.01,0.0000,0.0000,0.0000,0
0.245,-73,36,-11,1479,1499,0.58,-1.01,0.0000,0.0000,0.0000,0
0.265,-73,36,-11,1479,1499,0.58,-1.01,0.0000,0.0000,0.0000,0
0.283,-73,36,-10,1479,1499,0.58,-1.01,0.0000,0.0000,0.0000,0
0.300,-72,37,-10,1479,1499,0.58,-1.01,0.0000,0.0000,0.0000,0
0.318,-72,37,-11,1479,1499,0.58,-1.01,0.0000,0.0000,0.0000,0
0.335,-71,38,-10,1479,1499,-0.37,-1.02,0.0000,0.0000,0.0000,0
0.356,-72,38,-10,1479,1499,-0.37,-1.02,0.0000,0.0000,0.0000,0
0.374,-72,38,-10,1479,1499,-0.37,-1.02,0.0000,0.0000,0.0000,0
0.392,-72,38,-10,1479,1499,-0.37,-1.02,0.0000,0.0000,0.0000,0
0.410,-72,38,-10,1479,1499,-0.37,-1.02,0.0000,0.0000,0.0000,0
0.427,-72,38,-10,1479,1499,-0.37,-1.02,0.0000,0.0000,0.0000,0
0.445,-73,38,-10,1479,1499,-0.37,-1.02,0.0000,0.0000,0.0000,0
0.462,-73,38,-10,1479,1499,-0.37,-1.02,0.0000,0.0000,0.0000,0
0.480,-73,38,-11,1479,1499,-0.37,-1.02,0.0000,0.0000,0.0000,0
0.497,-74,38,-11,1478,1499,-0.37,-1.02,0.0000,0.0000,0.0000,0
0.515,-74,38,-11,1478,1499,-0.37,-1.02,0.0000,0.0000,0.0000,0
0.532,-75,38,-10,1478,1499,-0.37,-1.02,0.0000,0.0000,0.0000,0
0.550,-75,37,-10,1478,1499,-0.37,-1.02,0.0000,0.0000,0.0000,0
0.568,-76,37,-10,1478,1499,-0.37,-1.02,0.0000,0.0000,0.0000,0
0.586,-76,37,-10,1478,1499,-0.16,-1.01,0.0000,0.0000,0.0000,0
0.605,-77,36,-10,1477,1499,-0.16,-1.01,0.0000,0.0000,0.0000,0
0.623,-77,36,-10,1477,1499,-0.16,-1.01,0.0000,0.0000,0.0000,0
0.640,-78,36,-11,1477,1499,-0.16,-1.01,0.0000,0.0000,0.0000,0
0.657,-78,36,-9,1477,1500,-0.16,-1.01,0.0000,0.0000,0.0000,0
0.677,-79,36,-10,1477,1499,-0.16,-1.01,0.0000,0.0000,0.0000,0
0.694,-79,37,-10,1477,1499,-0.16,-1.01,0.0000,0.0000,0.0000,0
0.712,-79,37,-10,1477,1499,-0.16,-1.01,0.0000,0.0000,0.0000,0
0.733,-79,38,-10,1477,1499,-0.16,-1.01,0.0000,0.0000,0.0000,0
0.750,-79,38,-9,1477,1500,-0.16,-1.01,0.0000,0.0000,0.0000,0
0.767,-80,39,-9,1476,1500,-0.16,-1.01,0.0000,0.0000,0.0000,0
0.785,-80,39,-9,1476,1500,-0.16,-1.01,0.0000,0.0000,0.0000,0
0.803,-80,39,-9,1476,1500,-0.16,-1.01,0.0000,0.0000,0.0000,0
0.821,-80,39,-10,1476,1499,-0.16,-1.01,0.0000,0.0000,0.0000,0
0.838,-80,39,-9,1476,1500,-0.06,-0.61,0.0000,0.0000,0.0000,0
0.855,-81,39,-9,1476,1500,-0.06,-0.61,0.0000,0.0000,0.0000,0
0.873,-81,39,-8,1476,1500,-0.06,-0.61,0.0000,0.0000,0.0000,0
0.892,-81,39,-9,1476,1500,-0.06,-0.61,0.0000,0.0000,0.0000,0
0.910,-82,39,-9,1476,1500,-0.06,-0.61,0.0000,0.0000,0.0000,0
0.928,-82,39,-8,1476,1500,-0.06,-0.61,0.0000,0.0000,0.0000,0
0.945,-83,38,-8,1476,1500,-0.06,-0.61,0.0000,0.0000,0.0000,0
0.963,-85,38,-9,1475,1500,-0.06,-0.61,0.0000,0.0000,0.0000,0
0.980,-85,38,-9,1475,1500,-0.06,-0.61,0.0000,0.0000,0.0000,0
0.998,-86,37,-8,1475,1500,-0.06,-0.61,0.0000,0.0000,0.0000,0
1.015,-86,37,-8,1475,1500,-0.06,-0.61,0.0000,0.0000,0.0000,0
1.032,-87,37,-8,1474,1500,-0.06,-0.61,0.0000,0.0000,0.0000,0
1.049,-88,36,-8,1474,1500,-0.06,-0.61,0.0000,0.0000,0.0000,0
1.066,-88,36,-8,1474,1500,-0.06,-0.61,0.0000,0.0000,0.0000,0
1.085,-89,35,-7,1474,1500,-0.22,-0.61,0.0000,0.0000,0.0000,0
1.103,-90,35,-7,1473,1500,-0.22,-0.61,0.0000,0.0000,0.0000,0
1.123,-90,34,-7,1473,1500,-0.22,-0.61,0.0000,0.0000,0.0000,0
1.141,-91,34,-7,1473,1500,-0.22,-0.61,0.0000,0.0000,0.0000,0
1.159,-91,34,-7,1473,1500,-0.22,-0.61,0.0000,0.0000,0.0000,0
1.178,-92,34,-7,1473,1500,-0.22,-0.61,0.0000,0.0000,0.0000,0
1.195,-93,33,-8,1473,1500,-0.22,-0.61,0.0000,0.0000,0.0000,0
1.213,-93,33,-8,1473,1500,-0.22,-0.61,0.0000,0.0000,0.0000,0
1.230,-95,32,-7,1472,1500,-0.22,-0.61,0.0000,0.0000,0.0000,0
1.248,-95,32,-7,1472,1500,-0.22,-0.61,0.0000,0.0000,0.0000,0
1.265,-96,32,-7,1472,1500,-0.22,-0.61,0.0000,0.0000,0.0000,0
1.283,-96,32,-7,1472,1500,-0.22,-0.61,0.0000,0.0000,0.0000,0
1.300,-96,32,-7,1472,1500,-0.22,-0.61,0.0000,0.0000,0.0000,0
1.318,-96,32,-7,1472,1500,-0.22,-0.61,0.0000,0.0000,0.0000,0
1.335,-96,32,-6,1472,1500,-0.53,-0.48,0.0000,0.0000,0.0000,0
1.352,-96,32,-6,1472,1500,-0.53,-0.48,0.0000,0.0000,0.0000,0
1.370,-96,32,-6,1472,1500,-0.53,-0.48,0.0000,0.0000,0.0000,0
1.387,-96,32,-6,1472,1500,-0.53,-0.48,0.0000,0.0000,0.0000,0
1.404,-95,31,-6,1472,1500,-0.53,-0.48,0.0000,0.0000,0.0000,0
1.421,-95,32,-7,1472,1500,-0.53,-0.48,0.0000,0.0000,0.0000,0
1.439,-95,32,-7,1472,1500,-0.53,-0.48,0.0000,0.0000,0.0000,0
1.456,-95,31,-6,1472,1500,-0.53,-0.48,0.0000,0.0000,0.0000,0
1.473,-94,31,-6,1472,1500,-0.53,-0.48,0.0000,0.0000,0.0000,0
1.490,-94,31,-5,1472,1500,-0.53,-0.48,0.0000,0.0000,0.0000,0
1.509,-93,31,-5,1473,1500,-0.53,-0.48,0.0000,0.0000,0.0000,0
1.527,-93,31,-5,1473,1500,-0.53,-0.48,0.0000,0.0000,0.0000,0
1.546,-92,30,-6,1473,1500,-0.53,-0.48,0.0000,0.0000,0.0000,0
1.564,-92,30,-6,1473,1500,-0.53,-0.48,0.0000,0.0000,0.0000,0
1.582,-91,30,-5,1473,1500,-0.41,-0.30,0.0000,0.0000,0.0000,0
1.600,-91,30,-5,1473,1500,-0.41,-0.30,0.0000,0.0000,0.0000,0
1.617,-91,30,-5,1473,1500,-0.41,-0.30,0.0000,0.0000,0.0000,0
1.636,-92,29,-5,1473,1500,-0.41,-0.30,0.0000,0.0000,0.0000,0
1.653,-92,29,-5,1473,1500,-0.41,-0.30,0.0000,0.0000,0.0000,0
1.672,-92,28,-5,1473,1500,-0.41,-0.30,0.0000,0.0000,0.0000,0
1.694,-93,27,-5,1473,1500,-0.41,-0.30,0.0000,0.0000,0.0000,0
1.712,-93,27,-5,1473,1500,-0.41,-0.30,0.0000,0.0000,0.0000,0
1.729,-94,27,-5,1472,1500,-0.41,-0.30,0.0000,0.0000,0.0000,0
1.746,-94,27,-5,1472,1500,-0.41,-0.30,0.0000,0.0000,0.0000,0
1.764,-94,28,-5,1472,1500,-0.41,-0.30,0.0000,0.0000,0.0000,0
1.781,-95,29,-4,1472,1500,-0.41,-0.30,0.0000,0.0000,0.0000,0
1.799,-95,29,-5,1472,1500,-0.41,-0.30,0.0000,0.0000,0.0000,0
1.817,-95,30,-5,1472,1500,-0.41,-0.30,0.0000,0.0000,0.0000,0
1.835,-95,31,-4,1472,1500,-0.03,-0.03,0.0000,0.0000,0.0000,0
1.853,-96,31,-4,1472,1500,-0.03,-0.03,0.0000,0.0000,0.0000,0
1.871,-96,32,-4,1472,1500,-0.03,-0.03,0.0000,0.0000,0.0000,0
1.889,-97,32,-4,1471,1500,-0.03,-0.03,0.0000,0.0000,0.0000,0
1.909,-98,32,-4,1471,1500,-0.03,-0.03,0.0000,0.0000,0.0000,0
1.927,-99,32,-4,1471,1500,-0.03,-0.03,0.0000,0.0000,0.0000,0
1.944,-100,32,-4,1470,1500,-0.03,-0.03,0.0000,0.0000,0.0000,0
1.961,-102,30,-3,1470,1500,-0.03,-0.03,0.0000,0.0000,0.0000,0
1.979,-103,29,-3,1470,1500,-0.03,-0.03,0.0000,0.0000,0.0000,0
1.997,-105,28,-3,1470,1500,-0.03,-0.03,0.0000,0.0000,0.0000,0
2.014,-106,27,-3,1470,1500,-0.03,-0.03,0.0000,0.0000,0.0000,0
2.031,-108,25,-3,1470,1500,-0.03,-0.03,0.0000,0.0000,0.0000,0
2.048,-109,24,-3,1470,1500,-0.03,-0.03,0.0000,0.0000,0.0000,0
2.066,-109,24,-4,1470,1500,-0.03,-0.03,0.0000,0.0000,0.0000,0
2.083,-110,23,-4,1470,1500,-0.33,-0.25,0.0000,0.0000,0.0000,0
2.100,-110,23,-4,1470,1500,-0.33,-0.25,0.0000,0.0000,0.0000,0
2.118,-110,23,-4,1470,1500,-0.33,-0.25,0.0000,0.0000,0.0000,0
2.135,-110,23,-4,1470,1500,-0.33,-0.25,0.0000,0.0000,0.0000,0
2.154,-110,22,-4,1470,1500,-0.33,-0.25,0.0000,0.0000,0.0000,0
2.171,-110,22,-4,1470,1500,-0.33,-0.25,0.0000,0.0000,0.0000,0
2.189,-109,22,-4,1470,1500,-0.33,-0.25,0.0000,0.0000,0.0000,0
2.206,-108,22,-3,1470,1500,-0.33,-0.25,0.0000,0.0000,0.0000,0
2.224,-107,22,-2,1470,1500,-0.33,-0.25,0.0000,0.0000,0.0000,0
2.241,-106,22,-3,1470,1500,-0.33,-0.25,0.0000,0.0000,0.0000,0
2.259,-105,22,-3,1470,1500,-0.33,-0.25,0.0000,0.0000,0.0000,0
2.277,-103,22,-2,1470,1500,-0.33,-0.25,0.0000,0.0000,0.0000,0
2.294,-101,23,-2,1470,1500,-0.33,-0.25,0.0000,0.0000,0.0000,0
2.313,-100,23,-3,1470,1500,-0.33,-0.25,0.0000,0.0000,0.0000,0
2.330,-99,24,-3,1471,1500,-0.51,-0.09,0.0000,0.0000,0.0000,0
2.347,-99,24,-3,1471,1500,-0.51,-0.09,0.0000,0.0000,0.0000,0
2.365,-96,24,-4,1472,1500,-0.51,-0.09,0.0000,0.0000,0.0000,0
2.383,-95,24,-4,1472,1500,-0.51,-0.09,0.0000,0.0000,0.0000,0
2.404,-93,24,-3,1473,1500,-0.51,-0.09,0.0000,0.0000,0.0000,0
2.421,-92,24,-3,1473,1500,-0.51,-0.09,0.0000,0.0000,0.0000,0
2.441,-91,24,-2,1473,1500,-0.51,-0.09,0.0000,0.0000,0.0000,0
2.458,-89,24,-3,1474,1500,-0.51,-0.09,0.0000,0.0000,0.0000,0
2.476,-88,25,-3,1474,1500,-0.51,-0.09,0.0000,0.0000,0.0000,0
2.495,-86,24,-4,1475,1500,-0.51,-0.09,0.0000,0.0000,0.0000,0
2.512,-84,24,-4,1475,1500,-0.51,-0.09,0.0000,0.0000,0.0000,0
2.530,-83,23,-4,1476,1500,-0.51,-0.09,0.0000,0.0000,0.0000,0
2.547,-82,23,-3,1476,1500,-0.51,-0.09,0.0000,0.0000,0.0000,0
2.564,-81,23,-3,1476,1500,-0.51,-0.09,0.0000,0.0000,0.0000,0
2.582,-80,22,-3,1476,1500,-0.44,-0.13,0.0000,0.0000,0.0000,0
2.602,-79,22,-3,1477,1500,-0.44,-0.13,0.0000,0.0000,0.0000,0
2.619,-79,22,-3,1477,1500,-0.44,-0.13,0.0000,0.0000,0.0000,0
2.637,-79,22,-3,1477,1500,-0.44,-0.13,0.0000,0.0000,0.0000,0
2.654,-78,21,-4,1477,1500,-0.44,-0.13,0.0000,0.0000,0.0000,0
2.672,-78,20,-4,1477,1500,-0.44,-0.13,0.0000,0.0000,0.0000,0
2.689,-77,19,-3,1477,1500,-0.44,-0.13,0.0000,0.0000,0.0000,0
2.706,-76,16,-2,1478,1500,-0.44,-0.13,0.0000,0.0000,0.0000,0
2.723,-76,16,-2,1478,1500,-0.44,-0.13,0.0000,0.0000,0.0000,0
2.741,-76,14,-3,1478,1500,-0.44,-0.13,0.0000,0.0000,0.0000,0
2.758,-76,13,-4,1478,1500,-0.44,-0.13,0.0000,0.0000,0.0000,0
2.778,-76,13,-4,1478,1500,-0.44,-0.13,0.0000,0.0000,0.0000,0
2.796,-75,13,-4,1478,1500,-0.44,-0.13,0.0000,0.0000,0.0000,0
2.814,-75,13,-4,1478,1500,-0.44,-0.13,0.0000,0.0000,0.0000,0
2.832,-74,13,-3,1478,1500,0.04,-0.57,0.0000,0.0000,0.0000,0
2.850,-73,14,-3,1479,1500,0.04,-0.57,0.0000,0.0000,0.0000,0
2.868,-73,15,-3,1479,1500,0.04,-0.57,0.0000,0.0000,0.0000,0
2.885,-72,16,-3,1479,1500,0.04,-0.57,0.0000,0.0000,0.0000,0
2.903,-72,17,-3,1479,1500,0.04,-0.57,0.0000,0.0000,0.0000,0
2.921,-72,17,-3,1479,1500,0.04,-0.57,0.0000,0.0000,0.0000,0
2.939,-71,18,-3,1479,1500,0.04,-0.57,0.0000,0.0000,0.0000,0
2.956,-71,18,-2,1479,1500,0.04,-0.57,0.0000,0.0000,0.0000,0
2.974,-71,19,-2,1479,1500,0.04,-0.57,0.0000,0.0000,0.0000,0
2.992,-71,19,-2,1479,1500,0.04,-0.57,0.0000,0.0000,0.0000,0
3.009,-71,20,-2,1479,1500,0.04,-0.57,0.0000,0.0000,0.0000,0
3.026,-71,21,-2,1479,1500,0.04,-0.57,0.0000,0.0000,0.0000,0
3.045,-71,22,-2,1479,1500,0.04,-0.57,0.0000,0.0000,0.0000,0
3.062,-71,22,-3,1479,1500,0.04,-0.57,0.0000,0.0000,0.0000,0
3.080,-71,23,-3,1479,1500,0.57,-0.11,0.0000,0.0000,0.0000,0
3.101,-71,24,-3,1479,1500,0.57,-0.11,0.0000,0.0000,0.0000,0
3.120,-70,25,-3,1479,1500,0.57,-0.11,0.0000,0.0000,0.0000,0
3.137,-69,25,-3,1480,1500,0.57,-0.11,0.0000,0.0000,0.0000,0
3.155,-68,26,-3,1480,1500,0.57,-0.11,0.0000,0.0000,0.0000,0
3.172,-67,26,-2,1480,1500,0.57,-0.11,0.0000,0.0000,0.0000,0
3.189,-66,26,-2,1481,1500,0.57,-0.11,0.0000,0.0000,0.0000,0
3.207,-65,27,-2,1481,1500,0.57,-0.11,0.0000,0.0000,0.0000,0
3.224,-63,27,-1,1482,1500,0.57,-0.11,0.0000,0.0000,0.0000,0
3.242,-62,27,-1,1482,1500,0.57,-0.11,0.0000,0.0000,0.0000,0
3.259,-60,27,-1,1482,1500,0.57,-0.11,0.0000,0.0000,0.0000,1
3.277,-58,27,-1,1483,1500,0.57,-0.11,0.0000,0.0000,0.0000,1
3.294,-56,27,-1,1484,1500,0.57,-0.11,0.0000,0.0000,0.0000,1
3.311,-54,26,-2,1484,1500,0.57,-0.11,0.0000,0.0000,0.0000,1
3.328,-51,26,-2,1485,1500,0.73,-0.10,0.0000,0.0000,0.0000,1
3.345,-46,27,-2,1491,1500,0.73,-0.10,0.0000,0.0000,0.0000,1
3.363,-44,28,-2,1492,1500,0.73,-0.10,0.0000,0.0000,0.0000,1
3.380,-41,28,-2,1492,1500,0.73,-0.10,0.0000,0.0000,0.0000,1
3.397,-39,29,-2,1493,1500,0.73,-0.10,0.0000,0.0000,0.0000,1
3.414,-37,29,-1,1493,1500,0.73,-0.10,0.0000,0.0000,0.0000,1
3.431,-35,30,-1,1493,1500,0.73,-0.10,0.0000,0.0000,0.0000,1
3.448,-33,30,-2,1494,1500,0.73,-0.10,0.0000,0.0000,0.0000,1
3.465,-31,31,-1,1494,1500,0.73,-0.10,0.0000,0.0000,0.0000,1
3.482,-30,31,-3,1494,1500,0.73,-0.10,0.0000,0.0000,0.0000,1
3.500,-28,32,-2,1495,1500,0.73,-0.10,0.0000,0.0000,0.0000,1
3.517,-26,32,-2,1495,1500,0.73,-0.10,0.0000,0.0000,0.0000,1
3.534,-25,33,-2,1495,1500,0.73,-0.10,0.0000,0.0000,0.0000,1
3.552,-23,33,-2,1496,1500,0.73,-0.10,0.0000,0.0000,0.0000,1
3.569,-22,34,-3,1496,1500,0.73,-0.10,0.0000,0.0000,0.0000,1
3.587,-21,34,-2,1496,1500,0.64,0.15,0.0000,0.0000,0.0000,1
3.604,-20,34,-2,1496,1500,0.64,0.15,0.0000,0.0000,0.0000,1
3.621,-19,34,-2,1497,1500,0.64,0.15,0.0000,0.0000,0.0000,1
3.639,-19,34,-2,1497,1500,0.64,0.15,0.0000,0.0000,0.0000,1
3.657,-19,34,-3,1497,1500,0.64,0.15,0.0000,0.0000,0.0000,1
3.674,-18,35,-2,1497,1500,0.64,0.15,0.0000,0.0000,0.0000,1
3.693,-18,34,-2,1497,1500,0.64,0.15,0.0000,0.0000,0.0000,1
3.713,-18,33,-2,1497,1500,0.64,0.15,0.0000,0.0000,0.0000,1
3.734,-19,32,-3,1497,1500,0.64,0.15,0.0000,0.0000,0.0000,1
3.751,-19,31,-3,1497,1500,0.64,0.15,0.0000,0.0000,0.0000,1
3.769,-20,31,-2,1496,1500,0.64,0.15,0.0000,0.0000,0.0000,1
3.787,-20,29,-2,1496,1500,0.64,0.15,0.0000,0.0000,0.0000,1
3.805,-19,28,-2,1497,1500,0.64,0.15,0.0000,0.0000,0.0000,1
3.823,-19,27,-3,1497,1500,0.42,-0.55,0.0000,0.0000,0.0000,1
3.841,-19,26,-3,1497,1500,0.42,-0.55,0.0000,0.0000,0.0000,1
3.858,-19,25,-4,1497,1500,0.42,-0.55,0.0000,0.0000,0.0000,1
3.876,-19,24,-4,1497,1500,0.42,-0.55,0.0000,0.0000,0.0000,1
3.893,-19,21,-3,1497,1500,0.42,-0.55,0.0000,0.0000,0.0000,1
3.910,-19,21,-3,1497,1500,0.42,-0.55,0.0000,0.0000,0.0000,1
3.930,-20,18,-3,1496,1500,0.42,-0.55,0.0000,0.0000,0.0000,1
3.947,-19,17,-4,1497,1500,0.42,-0.55,0.0000,0.0000,0.0000,1
3.964,-20,16,-4,1496,1500,0.42,-0.55,0.0000,0.0000,0.0000,1
3.982,-20,15,-4,1496,1500,0.42,-0.55,0.0000,0.0000,0.0000,1
3.999,-21,15,-4,1496,1500,0.42,-0.55,0.0000,0.0000,0.0000,1
4.018,-22,14,-3,1496,1500,0.42,-0.55,0.0000,0.0000,0.0000,1
4.036,-22,14,-4,1496,1500,0.42,-0.55,0.0000,0.0000,0.0000,1
4.054,-22,14,-4,1496,1500,0.42,-0.55,0.0000,0.0000,0.0000,1
4.071,-22,14,-4,1496,1500,0.64,-1.38,0.0000,0.0000,0.0000,1
4.090,-22,14,-5,1496,1500,0.64,-1.38,0.0000,0.0000,0.0000,1
4.111,-22,14,-4,1496,1500,0.64,-1.38,0.0000,0.0000,0.0000,1
4.129,-22,15,-4,1496,1500,0.64,-1.38,0.0000,0.0000,0.0000,1
4.146,-22,15,-4,1496,1500,0.64,-1.38,0.0000,0.0000,0.0000,1
4.164,-22,15,-4,1496,1500,0.64,-1.38,0.0000,0.0000,0.0000,1
4.182,-22,15,-4,1496,1500,0.64,-1.38,0.0000,0.0000,0.0000,1
4.199,-22,16,-4,1496,1500,0.64,-1.38,0.0000,0.0000,0.0000,1
4.216,-22,16,-4,1496,1500,0.64,-1.38,0.0000,0.0000,0.0000,1
4.234,-21,16,-4,1496,1500,0.64,-1.38,0.0000,0.0000,0.0000,1
4.252,-21,17,-4,1496,1500,0.64,-1.38,0.0000,0.0000,0.0000,1
4.270,-21,18,-5,1496,1500,0.64,-1.38,0.0000,0.0000,0.0000,1
4.287,-21,19,-5,1496,1500,0.64,-1.38,0.0000,0.0000,0.0000,1
4.305,-22,20,-5,1496,1500,0.64,-1.38,0.0000,0.0000,0.0000,1
4.324,-22,20,-5,1496,1500,0.35,-1.03,0.0000,0.0000,0.0000,1
4.342,-22,21,-4,1496,1500,0.35,-1.03,0.0000,0.0000,0.0000,1
4.360,-22,21,-4,1496,1500,0.35,-1.03,0.0000,0.0000,0.0000,1
4.378,-22,21,-4,1496,1500,0.35,-1.03,0.0000,0.0000,0.0000,1
4.395,-22,20,-4,1496,1500,0.35,-1.03,0.0000,0.0000,0.0000,1
4.412,-22,20,-4,1496,1500,0.35,-1.03,0.0000,0.0000,0.0000,1
4.430,-22,19,-5,1496,1500,0.35,-1.03,0.0000,0.0000,0.0000,1
4.447,-22,19,-4,1496,1500,0.35,-1.03,0.0000,0.0000,0.0000,1
4.465,-22,18,-5,1496,1500,0.35,-1.03,0.0000,0.0000,0.0000,1
4.482,-22,17,-4,1496,1500,0.35,-1.03,0.0000,0.0000,0.0000,1
4.501,-22,16,-5,1496,1500,0.35,-1.03,0.0000,0.0000,0.0000,1
4.518,-22,15,-5,1496,1500,0.35,-1.03,0.0000,0.0000,0.0000,1
4.535,-22,14,-5,1496,1500,0.35,-1.03,0.0000,0.0000,0.0000,1
4.553,-22,13,-6,1496,1500,0.35,-1.03,0.0000,0.0000,0.0000,1
4.570,-21,12,-5,1496,1500,0.35,-1.03,0.0000,0.0000,0.0000,1
4.587,-20,11,-4,1496,1500,0.68,-1.63,0.0000,0.0000,0.0000,1
4.604,-19,11,-4,1497,1500,0.68,-1.63,0.0000,0.0000,0.0000,1
4.622,-18,11,-4,1497,1500,0.68,-1.63,0.0000,0.0000,0.0000,1
4.639,-16,11,-4,1497,1500,0.68,-1.63,0.0000,0.0000,0.0000,1
4.657,-15,12,-4,1497,1500,0.68,-1.63,0.0000,0.0000,0.0000,1
4.675,-13,12,-5,1498,1500,0.68,-1.63,0.0000,0.0000,0.0000,1
4.694,-10,14,-4,1498,1500,0.68,-1.63,0.0000,0.0000,0.0000,1
4.712,-8,15,-4,1499,1500,0.68,-1.63,0.0000,0.0000,0.0000,1
4.731,-6,16,-5,1499,1500,0.68,-1.63,0.0000,0.0000,0.0000,1
4.751,-5,16,-4,1499,1500,0.68,-1.63,0.0000,0.0000,0.0000,1
4.768,-4,16,-3,1500,1500,0.68,-1.63,0.0000,0.0000,0.0000,1
4.785,-3,17,-4,1500,1500,0.68,-1.63,0.0000,0.0000,0.0000,1
4.803,-2,17,-3,1500,1500,0.68,-1.63,0.0000,0.0000,0.0000,1
4.821,-1,17,-4,1500,1500,0.78,-1.08,0.0000,0.0000,0.0000,1
4.838,0,17,-4,1500,1500,0.78,-1.08,0.0000,0.0000,0.0000,1
4.855,1,18,-4,1500,1500,0.78,-1.08,0.0000,0.0000,0.0000,1
4.872,1,18,-3,1500,1500,0.78,-1.08,0.0000,0.0000,0.0000,1
4.889,1,18,-3,1500,1500,0.78,-1.08,0.0000,0.0000,0.0000,1
4.907,2,18,-3,1500,1500,0.78,-1.08,0.0000,0.0000,0.0000,1
4.924,3,18,-4,1500,1500,0.78,-1.08,0.0000,0.0000,0.0000,1
4.941,3,18,-4,1500,1500,0.78,-1.08,0.0000,0.0000,0.0000,1
4.958,4,17,-3,1500,1500,0.78,-1.08,0.0000,0.0000,0.0000,1
4.976,4,16,-3,1500,1500,0.78,-1.08,0.0000,0.0000,0.0000,1
4.997,4,15,-3,1500,1500,0.78,-1.08,0.0000,0.0000,0.0000,1
5.015,4,15,-4,1500,1500,0.78,-1.08,0.0000,0.0000,0.0000,1
5.032,4,15,-4,1500,1500,0.78,-1.08,0.0000,0.0000,0.0000,1
5.050,4,15,-4,1500,1500,0.78,-1.08,0.0000,0.0000,0.0000,1
5.067,4,15,-4,1500,1500,0.78,-1.08,0.0000,0.0000,0.0000,1
5.084,4,14,-3,1500,1500,0.51,-1.01,0.0000,0.0000,0.0000,1
5.102,3,14,-3,1500,1500,0.51,-1.01,0.0000,0.0000,0.0000,1
5.119,3,13,-3,1500,1500,0.51,-1.01,0.0000,0.0000,0.0000,1
5.136,3,13,-3,1500,1500,0.51,-1.01,0.0000,0.0000,0.0000,1
5.154,3,13,-3,1500,1500,0.51,-1.01,0.0000,0.0000,0.0000,1
5.171,2,12,-3,1500,1500,0.51,-1.01,0.0000,0.0000,0.0000,1
5.189,2,12,-2,1500,1500,0.51,-1.01,0.0000,0.0000,0.0000,1
5.210,1,12,-2,1500,1500,0.51,-1.01,0.0000,0.0000,0.0000,1
5.230,1,11,-2,1500,1500,0.51,-1.01,0.0000,0.0000,0.0000,1
5.249,0,11,-2,1500,1500,0.51,-1.01,0.0000,0.0000,0.0000,1
5.266,-1,11,-3,1500,1500,0.51,-1.01,0.0000,0.0000,0.0000,1
5.284,-1,11,-2,1500,1500,0.51,-1.01,0.0000,0.0000,0.0000,1
5.301,-2,11,-2,1500,1500,0.51,-1.01,0.0000,0.0000,0.0000,1
5.320,-2,10,-1,1500,1500,0.67,-0.97,0.0000,0.0000,0.0000,1
5.338,-2,10,-2,1500,1500,0.67,-0.97,0.0000,0.0000,0.0000,1
5.355,-2,10,-2,1500,1500,0.67,-0.97,0.0000,0.0000,0.0000,1
5.373,-1,10,-2,1500,1500,0.67,-0.97,0.0000,0.0000,0.0000,1
5.391,0,12,-1,1500,1500,0.67,-0.97,0.0000,0.0000,0.0000,1
5.409,1,13,0,1500,1500,0.67,-0.97,0.0000,0.0000,0.0000,1
5.426,1,13,0,1500,1500,0.67,-0.97,0.0000,0.0000,0.0000,1
5.443,4,14,0,1500,1500,0.67,-0.97,0.0000,0.0000,0.0000,1
5.463,5,14,-1,1501,1500,0.67,-0.97,0.0000,0.0000,0.0000,1
5.482,5,15,-1,1501,1500,0.67,-0.97,0.0000,0.0000,0.0000,1
5.500,6,15,0,1501,1500,0.67,-0.97,0.0000,0.0000,0.0000,1
5.517,7,15,0,1501,1500,0.67,-0.97,0.0000,0.0000,0.0000,1
5.535,8,15,0,1501,1500,0.67,-0.97,0.0000,0.0000,0.0000,1
5.553,9,15,-1,1501,1500,0.67,-0.97,0.0000,0.0000,0.0000,1
5.571,10,14,0,1502,1500,0.33,-0.59,0.0000,0.0000,0.0000,1
5.588,10,13,0,1502,1500,0.33,-0.59,0.0000,0.0000,0.0000,1
5.605,10,13,0,1502,1500,0.33,-0.59,0.0000,0.0000,0.0000,1
5.623,11,12,0,1502,1500,0.33,-0.59,0.0000,0.0000,0.0000,1
5.640,12,12,0,1502,1500,0.33,-0.59,0.0000,0.0000,0.0000,1
5.658,13,12,1,1502,1500,0.33,-0.59,0.0000,0.0000,0.0000,1
5.676,14,11,0,1502,1500,0.33,-0.59,0.0000,0.0000,0.0000,1
5.694,14,11,1,1502,1500,0.33,-0.59,0.0000,0.0000,0.0000,1
5.712,14,11,1,1502,1500,0.33,-0.59,0.0000,0.0000,0.0000,1
5.730,13,12,1,1502,1500,0.33,-0.59,0.0000,0.0000,0.0000,1
5.747,14,13,1,1502,1500,0.33,-0.59,0.0000,0.0000,0.0000,1
5.764,14,14,1,1502,1500,0.33,-0.59,0.0000,0.0000,0.0000,1
5.783,13,15,1,1502,1500,0.33,-0.59,0.0000,0.0000,0.0000,1
5.800,13,16,1,1502,1500,0.33,-0.59,0.0000,0.0000,0.0000,1
5.818,12,16,1,1502,1500,0.33,-0.59,0.0000,0.0000,0.0000,1
5.835,12,16,2,1502,1500,-0.37,-0.30,0.0000,0.0000,0.0000,1
5.853,12,17,1,1502,1500,-0.37,-0.30,0.0000,0.0000,0.0000,1
5.871,12,17,1,1502,1500,-0.37,-0.30,0.0000,0.0000,0.0000,1
5.889,11,18,1,1502,1500,-0.37,-0.30,0.0000,0.0000,0.0000,1
5.908,11,18,1,1502,1500,-0.37,-0.30,0.0000,0.0000,0.0000,1
5.926,10,19,2,1502,1500,-0.37,-0.30,0.0000,0.0000,0.0000,1
5.944,10,20,2,1502,1500,-0.37,-0.30,0.0000,0.0000,0.0000,1
5.961,11,21,2,1502,1500,-0.37,-0.30,0.0000,0.0000,0.0000,1
5.978,11,22,2,1502,1500,-0.37,-0.30,0.0000,0.0000,0.0000,1
5.996,11,23,2,1502,1500,-0.37,-0.30,0.0000,0.0000,0.0000,1
6.013,12,24,2,1502,1500,-0.37,-0.30,0.0000,0.0000,0.0000,1
6.030,12,24,2,1502,1500,-0.37,-0.30,0.0000,0.0000,0.0000,1
6.049,13,24,2,1502,1500,-0.37,-0.30,0.0000,0.0000,0.0000,1
6.066,13,24,2,1502,1500,-0.37,-0.30,0.0000,0.0000,0.0000,1
6.084,13,23,2,1502,1500,-0.60,0.10,0.0000,0.0000,0.0000,1
6.102,13,23,2,1502,1500,-0.60,0.10,0.0000,0.0000,0.0000,1
6.119,13,22,2,1502,1500,-0.60,0.10,0.0000,0.0000,0.0000,1
6.136,13,20,2,1502,1500,-0.60,0.10,0.0000,0.0000,0.0000,1
6.154,12,17,0,1502,1500,-0.60,0.10,0.0000,0.0000,0.0000,1
6.171,12,16,2,1502,1500,-0.60,0.10,0.0000,0.0000,0.0000,1
6.189,12,14,2,1502,1500,-0.60,0.10,0.0000,0.0000,0.0000,1
6.206,12,13,2,1502,1500,-0.60,0.10,0.0000,0.0000,0.0000,1
6.223,11,11,1,1502,1500,-0.60,0.10,0.0000,0.0000,0.0000,1
6.241,12,10,2,1502,1500,-0.60,0.10,0.0000,0.0000,0.0000,1
6.259,12,10,2,1502,1500,-0.60,0.10,0.0000,0.0000,0.0000,1
6.279,12,9,2,1502,1500,-0.60,0.10,0.0000,0.0000,0.0000,1
6.298,12,9,2,1502,1500,-0.60,0.10,0.0000,0.0000,0.0000,1
6.315,11,8,2,1502,1500,-0.60,0.10,0.0000,0.0000,0.0000,1
6.332,11,8,2,1502,1500,-0.04,-0.63,0.0000,0.0000,0.0000,1
6.351,12,9,1,1502,1500,-0.04,-0.63,0.0000,0.0000,0.0000,1
6.368,12,9,1,1502,1500,-0.04,-0.63,0.0000,0.0000,0.0000,1
6.385,12,9,2,1502,1500,-0.04,-0.63,0.0000,0.0000,0.0000,1
6.403,13,10,2,1502,1500,-0.04,-0.63,0.0000,0.0000,0.0000,1
6.421,14,11,1,1502,1500,-0.04,-0.63,0.0000,0.0000,0.0000,1
6.438,14,11,1,1502,1500,-0.04,-0.63,0.0000,0.0000,0.0000,1
6.455,14,11,2,1502,1500,-0.04,-0.63,0.0000,0.0000,0.0000,1
6.472,14,11,1,1502,1500,-0.04,-0.63,0.0000,0.0000,0.0000,1
6.489,14,11,1,1502,1500,-0.04,-0.63,0.0000,0.0000,0.0000,1
6.507,15,10,1,1503,1500,-0.04,-0.63,0.0000,0.0000,0.0000,1
6.524,15,10,2,1503,1500,-0.04,-0.63,0.0000,0.0000,0.0000,1
6.542,15,8,1,1503,1500,-0.04,-0.63,0.0000,0.0000,0.0000,1
6.560,15,6,1,1503,1500,-0.04,-0.63,0.0000,0.0000,0.0000,1
6.578,15,6,1,1503,1500,0.05,-0.92,0.0000,0.0000,0.0000,1
6.596,15,5,1,1503,1500,0.05,-0.92,0.0000,0.0000,0.0000,1
6.615,15,3,0,1503,1500,0.05,-0.92,0.0000,0.0000,0.0000,1
6.632,15,3,1,1503,1500,0.05,-0.92,0.0000,0.0000,0.0000,1
6.650,16,2,1,1503,1500,0.05,-0.92,0.0000,0.0000,0.0000,1
6.667,16,2,0,1503,1500,0.05,-0.92,0.0000,0.0000,0.0000,1
6.684,17,2,0,1503,1500,0.05,-0.92,0.0000,0.0000,0.0000,1
6.702,18,2,1,1503,1500,0.05,-0.92,0.0000,0.0000,0.0000,1
6.719,18,1,0,1503,1500,0.05,-0.92,0.0000,0.0000,0.0000,1
6.736,19,2,0,1503,1500,0.05,-0.92,0.0000,0.0000,0.0000,1
6.754,20,2,0,1504,1500,0.05,-0.92,0.0000,0.0000,0.0000,1
6.772,20,3,1,1504,1500,0.05,-0.92,0.0000,0.0000,0.0000,1
6.789,21,4,0,1504,1500,0.05,-0.92,0.0000,0.0000,0.0000,1
6.806,21,5,0,1504,1500,0.05,-0.92,0.0000,0.0000,0.0000,1
6.823,21,5,0,1504,1500,0.10,-0.98,0.0000,0.0000,0.0000,1
6.844,21,7,0,1504,1500,0.10,-0.98,0.0000,0.0000,0.0000,1
6.862,21,7,0,1504,1500,0.10,-0.98,0.0000,0.0000,0.0000,1
6.880,20,8,0,1504,1500,0.10,-0.98,0.0000,0.0000,0.0000,1
6.900,20,9,0,1504,1500,0.10,-0.98,0.0000,0.0000,0.0000,1
6.917,20,9,0,1504,1500,0.10,-0.98,0.0000,0.0000,0.0000,1
6.934,19,9,0,1503,1500,0.10,-0.98,0.0000,0.0000,0.0000,1
6.952,19,9,0,1503,1500,0.10,-0.98,0.0000,0.0000,0.0000,1
6.970,19,10,0,1503,1500,0.10,-0.98,0.0000,0.0000,0.0000,1
6.988,20,11,0,1504,1500,0.10,-0.98,0.0000,0.0000,0.0000,1
7.006,20,11,-1,1504,1500,0.10,-0.98,0.0000,0.0000,0.0000,1
7.024,21,12,0,1504,1500,0.10,-0.98,0.0000,0.0000,0.0000,1
7.041,22,13,0,1504,1500,0.10,-0.98,0.0000,0.0000,0.0000,1
7.059,22,13,-1,1504,1500,0.10,-0.98,0.0000,0.0000,0.0000,1
7.076,21,13,-2,1504,1500,-0.02,-0.87,0.0000,0.0000,0.0000,1
7.095,21,13,-2,1504,1500,-0.02,-0.87,0.0000,0.0000,0.0000,1
7.113,21,14,-1,1504,1500,-0.02,-0.87,0.0000,0.0000,0.0000,1
7.130,20,14,0,1504,1500,-0.02,-0.87,0.0000,0.0000,0.0000,1
7.148,19,14,-1,1503,1500,-0.02,-0.87,0.0000,0.0000,0.0000,1
7.169,18,14,-1,1503,1500,-0.02,-0.87,0.0000,0.0000,0.0000,1
7.187,17,13,0,1503,1500,-0.02,-0.87,0.0000,0.0000,0.0000,1
7.204,16,13,0,1503,1500,-0.02,-0.87,0.0000,0.0000,0.0000,1
7.222,15,12,0,1503,1500,-0.02,-0.87,0.0000,0.0000,0.0000,1
7.240,13,12,-1,1502,1500,-0.02,-0.87,0.0000,0.0000,0.0000,1
7.258,12,12,-2,1502,1500,-0.02,-0.87,0.0000,0.0000,0.0000,1
7.276,12,12,-1,1502,1500,-0.02,-0.87,0.0000,0.0000,0.0000,1
7.293,11,11,-1,1502,1500,-0.02,-0.87,0.0000,0.0000,0.0000,1
7.310,11,11,-1,1502,1500,-0.02,-0.87,0.0000,0.0000,0.0000,1
7.327,11,11,-1,1502,1500,0.01,-1.12,0.0000,0.0000,0.0000,1
7.345,11,11,-1,1502,1500,0.01,-1.12,0.0000,0.0000,0.0000,1
7.363,11,11,-1,1502,1500,0.01,-1.12,0.0000,0.0000,0.0000,1
7.382,11,11,-1,1502,1500,0.01,-1.12,0.0000,0.0000,0.0000,1
7.399,11,12,-2,1502,1500,0.01,-1.12,0.0000,0.0000,0.0000,1
7.417,11,12,-2,1502,1500,0.01,-1.12,0.0000,0.0000,0.0000,1
7.435,11,12,-1,1502,1500,0.01,-1.12,0.0000,0.0000,0.0000,1
7.452,12,11,-1,1502,1500,0.01,-1.12,0.0000,0.0000,0.0000,1
7.470,12,11,-2,1502,1500,0.01,-1.12,0.0000,0.0000,0.0000,1
7.488,11,11,-3,1502,1500,0.01,-1.12,0.0000,0.0000,0.0000,1
7.505,11,10,-2,1502,1500,0.01,-1.12,0.0000,0.0000,0.0000,1
7.523,10,9,-2,1502,1500,0.01,-1.12,0.0000,0.0000,0.0000,1
7.541,10,9,-2,1502,1500,0.01,-1.12,0.0000,0.0000,0.0000,1
7.558,9,9,-2,1501,1500,0.01,-1.12,0.0000,0.0000,0.0000,1
7.578,8,8,-2,1501,1500,0.56,-1.21,0.0000,0.0000,0.0000,1
7.598,7,7,-2,1501,1500,0.56,-1.21,0.0000,0.0000,0.0000,1
7.617,7,6,-2,1501,1500,0.56,-1.21,0.0000,0.0000,0.0000,1
7.634,6,6,-2,1501,1500,0.56,-1.21,0.0000,0.0000,0.0000,1
7.653,6,5,-3,1501,1500,0.56,-1.21,0.0000,0.0000,0.0000,1
7.670,5,4,-2,1501,1500,0.56,-1.21,0.0000,0.0000,0.0000,1
7.687,5,3,-2,1501,1500,0.56,-1.21,0.0000,0.0000,0.0000,1
7.705,4,3,-2,1500,1500,0.56,-1.21,0.0000,0.0000,0.0000,1
7.723,3,2,-3,1500,1500,0.56,-1.21,0.0000,0.0000,0.0000,1
7.740,2,1,-2,1500,1500,0.56,-1.21,0.0000,0.0000,0.0000,1
7.757,1,0,-2,1500,1500,0.56,-1.21,0.0000,0.0000,0.0000,1
7.775,0,0,-3,1500,1500,0.56,-1.21,0.0000,0.0000,0.0000,1
7.795,-1,-2,-4,1500,1500,0.56,-1.21,0.0000,0.0000,0.0000,1
7.814,-2,-2,-2,1500,1500,0.56,-1.21,0.0000,0.0000,0.0000,1
7.832,-3,-2,-3,1500,1500,0.65,-1.50,0.0000,0.0000,0.0000,1
7.850,-4,-3,-2,1500,1500,0.65,-1.50,0.0000,0.0000,0.0000,1
7.869,-5,-3,-3,1499,1500,0.65,-1.50,0.0000,0.0000,0.0000,1
7.887,-7,-3,-3,1499,1500,0.65,-1.50,0.0000,0.0000,0.0000,1
7.905,-8,-3,-2,1499,1500,0.65,-1.50,0.0000,0.0000,0.0000,1
7.922,-11,-4,-3,1498,1500,0.65,-1.50,0.0000,0.0000,0.0000,1
7.942,-12,-4,-2,1498,1500,0.65,-1.50,0.0000,0.0000,0.0000,1
7.959,-13,-3,-2,1498,1500,0.65,-1.50,0.0000,0.0000,0.0000,1
7.977,-14,-3,-2,1498,1500,0.65,-1.50,0.0000,0.0000,0.0000,1
7.994,-14,-2,-2,1498,1500,0.65,-1.50,0.0000,0.0000,0.0000,1
8.012,-15,-1,-2,1497,1500,0.65,-1.50,0.0000,0.0000,0.0000,1
8.029,-15,0,-1,1497,1500,0.65,-1.50,0.0000,0.0000,0.0000,1
8.046,-16,2,-1,1497,1500,0.65,-1.50,0.0000,0.0000,0.0000,1
8.063,-17,3,-1,1497,1500,0.65,-1.50,0.0000,0.0000,0.0000,1
8.081,-18,4,-1,1497,1500,0.33,-0.86,0.0000,0.0000,0.0000,1
8.106,-18,5,-1,1497,1500,0.33,-0.86,0.0000,0.0000,0.0000,1
8.123,-20,5,0,1496,1500,0.33,-0.86,0.0000,0.0000,0.0000,1
8.140,-21,6,0,1496,1500,0.33,-0.86,0.0000,0.0000,0.0000,1
8.158,-24,8,-1,1496,1500,0.33,-0.86,0.0000,0.0000,0.0000,1
8.175,-26,9,0,1495,1500,0.33,-0.86,0.0000,0.0000,0.0000,1
8.193,-28,10,1,1495,1500,0.33,-0.86,0.0000,0.0000,0.0000,1
8.210,-30,11,1,1494,1500,0.33,-0.86,0.0000,0.0000,0.0000,1
8.227,-32,12,0,1494,1500,0.33,-0.86,0.0000,0.0000,0.0000,1
8.244,-34,13,-1,1494,1500,0.33,-0.86,0.0000,0.0000,0.0000,1
8.263,-35,14,1,1493,1500,0.33,-0.86,0.0000,0.0000,0.0000,1
8.281,-37,14,1,1493,1500,0.33,-0.86,0.0000,0.0000,0.0000,1
8.299,-39,15,1,1493,1500,0.33,-0.86,0.0000,0.0000,0.0000,1
8.317,-41,15,1,1492,1500,-0.66,0.04,0.0000,0.0000,0.0000,1
8.336,-43,15,1,1492,1500,-0.66,0.04,0.0000,0.0000,0.0000,1
8.354,-46,15,0,1491,1500,-0.66,0.04,0.0000,0.0000,0.0000,1
8.371,-48,15,0,1491,1500,-0.66,0.04,0.0000,0.0000,0.0000,1
8.388,-49,15,0,1491,1500,-0.66,0.04,0.0000,0.0000,0.0000,1
8.405,-52,14,1,1485,1500,-0.66,0.04,0.0000,0.0000,0.0000,1
8.422,-53,14,1,1485,1500,-0.66,0.04,0.0000,0.0000,0.0000,1
8.440,-55,14,1,1484,1500,-0.66,0.04,0.0000,0.0000,0.0000,1
8.457,-58,13,2,1483,1500,-0.66,0.04,0.0000,0.0000,0.0000,1
8.476,-59,13,1,1483,1500,-0.66,0.04,0.0000,0.0000,0.0000,1
8.494,-59,13,1,1483,1500,-0.66,0.04,0.0000,0.0000,0.0000,1
8.511,-59,13,1,1483,1500,-0.66,0.04,0.0000,0.0000,0.0000,1
8.529,-60,14,0,1482,1500,-0.66,0.04,0.0000,0.0000,0.0000,1
8.548,-60,15,1,1482,1500,-0.66,0.04,0.0000,0.0000,0.0000,1
8.565,-60,15,1,1482,1500,-1.49,0.19,0.0000,0.0000,0.0000,1
8.583,-60,16,2,1482,1500,-1.49,0.19,0.0000,0.0000,0.0000,1
8.603,-59,16,2,1483,1500,-1.49,0.19,0.0000,0.0000,0.0000,1
8.620,-59,16,2,1483,1500,-1.49,0.19,0.0000,0.0000,0.0000,1
8.638,-58,17,2,1483,1500,-1.49,0.19,0.0000,0.0000,0.0000,1
8.655,-58,17,2,1483,1500,-1.49,0.19,0.0000,0.0000,0.0000,1
8.673,-57,17,2,1483,1500,-1.49,0.19,0.0000,0.0000,0.0000,1
8.691,-57,17,1,1483,1500,-1.49,0.19,0.0000,0.0000,0.0000,1
8.708,-56,17,2,1484,1500,-1.49,0.19,0.0000,0.0000,0.0000,1
8.726,-55,16,2,1484,1500,-1.49,0.19,0.0000,0.0000,0.0000,1
8.744,-55,16,3,1484,1500,-1.49,0.19,0.0000,0.0000,0.0000,1
8.761,-54,16,2,1484,1500,-1.49,0.19,0.0000,0.0000,0.0000,1
8.780,-53,15,2,1485,1500,-1.49,0.19,0.0000,0.0000,0.0000,1
8.798,-53,14,1,1485,1500,-1.49,0.19,0.0000,0.0000,0.0000,1
8.815,-53,14,2,1485,1500,-1.49,0.19,0.0000,0.0000,0.0000,1
8.832,-53,13,3,1485,1500,-1.34,-0.05,0.0000,0.0000,0.0000,1
8.850,-53,13,2,1485,1500,-1.34,-0.05,0.0000,0.0000,0.0000,1
8.868,-53,12,2,1485,1500,-1.34,-0.05,0.0000,0.0000,0.0000,1
8.887,-53,12,1,1485,1500,-1.34,-0.05,0.0000,0.0000,0.0000,1
8.905,-54,11,2,1484,1500,-1.34,-0.05,0.0000,0.0000,0.0000,1
8.923,-54,10,3,1484,1500,-1.34,-0.05,0.0000,0.0000,0.0000,1
8.942,-54,9,3,1484,1500,-1.34,-0.05,0.0000,0.0000,0.0000,1
8.960,-55,7,2,1484,1500,-1.34,-0.05,0.0000,0.0000,0.0000,1
8.977,-54,7,1,1484,1500,-1.34,-0.05,0.0000,0.0000,0.0000,1
8.994,-54,6,1,1484,1500,-1.34,-0.05,0.0000,0.0000,0.0000,1
9.011,-53,6,2,1485,1500,-1.34,-0.05,0.0000,0.0000,0.0000,1
9.029,-52,6,2,1485,1500,-1.34,-0.05,0.0000,0.0000,0.0000,1
9.047,-51,6,2,1485,1500,-1.34,-0.05,0.0000,0.0000,0.0000,1
9.063,-50,7,2,1490,1500,-1.01,-0.43,0.0000,0.0000,0.0000,1
9.081,-48,8,2,1491,1500,-1.01,-0.43,0.0000,0.0000,0.0000,1
9.098,-47,9,2,1491,1500,-1.01,-0.43,0.0000,0.0000,0.0000,1
9.115,-47,9,2,1491,1500,-1.01,-0.43,0.0000,0.0000,0.0000,1
9.133,-45,10,1,1491,1500,-1.01,-0.43,0.0000,0.0000,0.0000,1
9.150,-43,11,1,1492,1500,-1.01,-0.43,0.0000,0.0000,0.0000,1
9.167,-41,12,2,1492,1500,-1.01,-0.43,0.0000,0.0000,0.0000,1
9.184,-39,13,2,1493,1500,-1.01,-0.43,0.0000,0.0000,0.0000,1
9.201,-36,13,2,1493,1500,-1.01,-0.43,0.0000,0.0000,0.0000,1
9.219,-35,14,1,1493,1500,-1.01,-0.43,0.0000,0.0000,0.0000,1
9.237,-33,13,2,1494,1500,-1.01,-0.43,0.0000,0.0000,0.0000,1
9.255,-31,13,2,1494,1500,-1.01,-0.43,0.0000,0.0000,0.0000,1
9.274,-28,13,2,1495,1500,-1.01,-0.43,0.0000,0.0000,0.0000,1
9.293,-26,13,1,1495,1500,-1.01,-0.43,0.0000,0.0000,0.0000,1
9.310,-25,14,1,1495,1500,-1.01,-0.43,0.0000,0.0000,0.0000,1
9.330,-23,13,2,1496,1500,-0.20,-0.47,0.0000,0.0000,0.0000,1
9.349,-22,13,2,1496,1500,-0.20,-0.47,0.0000,0.0000,0.0000,1
9.372,-21,13,1,1496,1500,-0.20,-0.47,0.0000,0.0000,0.0000,1
9.389,-20,13,2,1496,1500,-0.20,-0.47,0.0000,0.0000,0.0000,1
9.408,-19,14,2,1497,1500,-0.20,-0.47,0.0000,0.0000,0.0000,1
9.425,-18,14,2,1497,1500,-0.20,-0.47,0.0000,0.0000,0.0000,1
9.443,-17,14,2,1497,1500,-0.20,-0.47,0.0000,0.0000,0.0000,1
9.460,-15,15,3,1497,1500,-0.20,-0.47,0.0000,0.0000,0.0000,1
9.478,-14,15,3,1498,1500,-0.20,-0.47,0.0000,0.0000,0.0000,1
9.495,-13,16,2,1498,1500,-0.20,-0.47,0.0000,0.0000,0.0000,1
9.513,-12,16,2,1498,1500,-0.20,-0.47,0.0000,0.0000,0.0000,1
9.530,-11,17,3,1498,1500,-0.20,-0.47,0.0000,0.0000,0.0000,1
9.547,-10,18,3,1498,1500,-0.20,-0.47,0.0000,0.0000,0.0000,1
9.569,-10,19,3,1498,1500,0.21,-0.34,0.0000,0.0000,0.0000,1
9.587,-9,19,2,1499,1500,0.21,-0.34,0.0000,0.0000,0.0000,1
9.604,-9,20,2,1499,1500,0.21,-0.34,0.0000,0.0000,0.0000,1
9.627,-9,20,3,1499,1500,0.21,-0.34,0.0000,0.0000,0.0000,1
9.644,-9,20,2,1499,1500,0.21,-0.34,0.0000,0.0000,0.0000,1
9.662,-9,20,2,1499,1500,0.21,-0.34,0.0000,0.0000,0.0000,1
9.679,-9,21,3,1499,1500,0.21,-0.34,0.0000,0.0000,0.0000,1
9.696,-9,21,3,1499,1500,0.21,-0.34,0.0000,0.0000,0.0000,1
9.713,-9,21,3,1499,1500,0.21,-0.34,0.0000,0.0000,0.0000,1
9.730,-9,21,3,1499,1500,0.21,-0.34,0.0000,0.0000,0.0000,1
9.747,-9,20,3,1499,1500,0.21,-0.34,0.0000,0.0000,0.0000,1
9.765,-9,20,2,1499,1500,0.21,-0.34,0.0000,0.0000,0.0000,1
9.782,-9,20,3,1499,1500,0.21,-0.34,0.0000,0.0000,0.0000,1
9.799,-9,19,3,1499,1500,0.21,-0.34,0.0000,0.0000,0.0000,1
9.819,-9,19,3,1499,1500,0.10,-0.24,0.0000,0.0000,0.0000,1
9.836,-8,19,3,1499,1500,0.10,-0.24,0.0000,0.0000,0.0000,1
9.853,-7,19,3,1499,1500,0.10,-0.24,0.0000,0.0000,0.0000,1
9.871,-7,20,3,1499,1500,0.10,-0.24,0.0000,0.0000,0.0000,1
9.889,-6,21,3,1499,1500,0.10,-0.24,0.0000,0.0000,0.0000,1
9.912,-4,22,3,1499,1500,0.10,-0.24,0.0000,0.0000,0.0000,1
9.929,-3,23,3,1500,1500,0.10,-0.24,0.0000,0.0000,0.0000,1
9.947,-2,23,4,1500,1500,0.10,-0.24,0.0000,0.0000,0.0000,1
9.964,-2,24,4,1500,1500,0.10,-0.24,0.0000,0.0000,0.0000,1
9.982,-1,24,4,1500,1500,0.10,-0.24,0.0000,0.0000,0.0000,1
10.000,-1,24,4,1500,1500,0.10,-0.24,0.0000,0.0000,0.0000,1
10.017,-1,24,3,1500,1500,0.10,-0.24,0.0000,0.0000,0.0000,1
10.035,-1,24,4,1500,1500,0.10,-0.24,0.0000,0.0000,0.0000,1
10.052,0,24,5,1500,1500,0.10,-0.24,0.0000,0.0000,0.0000,1
10.071,0,24,5,1500,1500,-0.06,0.17,0.0000,0.0000,0.0000,1
10.087,0,24,5,1500,1500,-0.06,0.17,0.0000,0.0000,0.0000,1
10.105,0,23,5,1500,1500,-0.06,0.17,0.0000,0.0000,0.0000,1
10.124,0,23,5,1500,1500,-0.06,0.17,0.0000,0.0000,0.0000,1
10.144,-1,23,4,1500,1500,-0.06,0.17,0.0000,0.0000,0.0000,1
10.162,-3,22,4,1500,1500,-0.06,0.17,0.0000,0.0000,0.0000,1
10.179,-4,21,5,1500,1500,-0.06,0.17,0.0000,0.0000,0.0000,1
10.197,-5,21,6,1499,1500,-0.06,0.17,0.0000,0.0000,0.0000,1
10.214,-5,20,5,1499,1500,-0.06,0.17,0.0000,0.0000,0.0000,1
10.231,-6,19,6,1499,1500,-0.06,0.17,0.0000,0.0000,0.0000,1
10.249,-7,18,6,1499,1500,-0.06,0.17,0.0000,0.0000,0.0000,1
10.266,-7,17,6,1499,1500,-0.06,0.17,0.0000,0.0000,0.0000,1
10.283,-8,17,6,1499,1500,-0.06,0.17,0.0000,0.0000,0.0000,1
10.301,-8,16,6,1499,1500,-0.06,0.17,0.0000,0.0000,0.0000,1
10.318,-9,16,5,1499,1500,-0.00,-0.21,0.0000,0.0000,0.0000,1
10.336,-9,15,5,1499,1500,-0.00,-0.21,0.0000,0.0000,0.0000,1
10.354,-9,15,5,1499,1500,-0.00,-0.21,0.0000,0.0000,0.0000,1
10.371,-9,15,5,1499,1500,-0.00,-0.21,0.0000,0.0000,0.0000,1
10.388,-9,14,5,1499,1500,-0.00,-0.21,0.0000,0.0000,0.0000,1
10.406,-7,13,5,1499,1500,-0.00,-0.21,0.0000,0.0000,0.0000,1
10.423,-6,13,4,1499,1500,-0.00,-0.21,0.0000,0.0000,0.0000,1
10.441,-5,14,4,1499,1500,-0.00,-0.21,0.0000,0.0000,0.0000,1
10.458,-3,15,4,1500,1500,-0.00,-0.21,0.0000,0.0000,0.0000,1
10.476,-1,15,4,1500,1500,-0.00,-0.21,0.0000,0.0000,0.0000,1
10.493,1,16,4,1500,1500,-0.00,-0.21,0.0000,0.0000,0.0000,1
10.510,2,17,5,1500,1500,-0.00,-0.21,0.0000,0.0000,0.0000,1
10.527,5,18,6,1501,1500,-0.00,-0.21,0.0000,0.0000,0.0000,1
10.545,7,19,6,1501,1500,-0.00,-0.21,0.0000,0.0000,0.0000,1
10.563,10,20,7,1502,1500,0.11,0.32,0.0000,0.0000,0.0000,1
10.580,12,20,6,1502,1500,0.11,0.32,0.0000,0.0000,0.0000,1
10.600,14,22,6,1502,1500,0.11,0.32,0.0000,0.0000,0.0000,1
10.617,16,22,7,1503,1500,0.11,0.32,0.0000,0.0000,0.0000,1
10.637,18,23,7,1503,1500,0.11,0.32,0.0000,0.0000,0.0000,1
10.654,21,23,7,1504,1500,0.11,0.32,0.0000,0.0000,0.0000,1
10.672,23,22,6,1504,1500,0.11,0.32,0.0000,0.0000,0.0000,1
10.689,25,21,6,1505,1500,0.11,0.32,0.0000,0.0000,0.0000,1
10.707,29,19,5,1505,1500,0.11,0.32,0.0000,0.0000,0.0000,1
10.724,31,18,6,1506,1500,0.11,0.32,0.0000,0.0000,0.0000,1
10.741,33,16,6,1506,1500,0.11,0.32,0.0000,0.0000,0.0000,1
10.759,35,15,7,1507,1500,0.11,0.32,0.0000,0.0000,0.0000,1
10.776,38,15,7,1507,1500,0.11,0.32,0.0000,0.0000,0.0000,1
10.793,40,14,7,1508,1500,0.11,0.32,0.0000,0.0000,0.0000,1
10.810,42,13,7,1508,1500,0.51,0.10,0.0000,0.0000,0.0000,1
10.827,44,13,7,1508,1500,0.51,0.10,0.0000,0.0000,0.0000,1
10.845,45,13,7,1509,1500,0.51,0.10,0.0000,0.0000,0.0000,1
10.862,47,13,6,1509,1500,0.51,0.10,0.0000,0.0000,0.0000,1
10.880,48,14,8,1509,1500,0.51,0.10,0.0000,0.0000,0.0000,1
10.897,49,14,8,1509,1500,0.51,0.10,0.0000,0.0000,0.0000,1
10.914,50,15,8,1510,1500,0.51,0.10,0.0000,0.0000,0.0000,1
10.931,52,15,7,1515,1500,0.51,0.10,0.0000,0.0000,0.0000,1
10.949,54,16,8,1516,1500,0.51,0.10,0.0000,0.0000,0.0000,1
10.966,56,18,8,1516,1500,0.51,0.10,0.0000,0.0000,0.0000,1
10.984,58,19,7,1517,1500,0.51,0.10,0.0000,0.0000,0.0000,1
11.003,60,19,7,1518,1500,0.51,0.10,0.0000,0.0000,0.0000,1
11.021,63,20,8,1518,1500,0.51,0.10,0.0000,0.0000,0.0000,0
0.017,65,20,8,1519,1500,0.51,0.10,0.0000,0.0000,0.0000,0
0.037,66,21,7,1519,1500,0.51,0.10,0.0000,0.0000,0.0000,0
0.056,68,22,7,1520,1500,0.67,0.90,0.0000,0.0000,0.0000,0
0.074,68,22,7,1520,1500,0.67,0.90,0.0000,0.0000,0.0000,0
0.092,68,22,7,1520,1500,0.67,0.90,0.0000,0.0000,0.0000,0
0.110,70,24,7,1521,1500,0.67,0.90,0.0000,0.0000,0.0000,0
0.127,71,24,7,1521,1500,0.67,0.90,0.0000,0.0000,0.0000,0
0.145,71,25,7,1521,1500,0.67,0.90,0.0000,0.0000,0.0000,0
0.162,71,25,7,1521,1500,0.67,0.90,0.0000,0.0000,0.0000,0
0.179,71,25,8,1521,1500,0.67,0.90,0.0000,0.0000,0.0000,0
0.199,71,25,8,1521,1500,0.67,0.90,0.0000,0.0000,0.0000,0
0.217,71,24,8,1521,1500,0.67,0.90,0.0000,0.0000,0.0000,0
0.235,71,23,8,1521,1500,0.67,0.90,0.0000,0.0000,0.0000,0
0.252,71,23,8,1521,1500,0.67,0.90,0.0000,0.0000,0.0000,0
0.271,70,22,7,1521,1500,0.67,0.90,0.0000,0.0000,0.0000,0
0.288,70,21,7,1521,1500,0.71,0.80,0.0000,0.0000,0.0000,0
0.306,70,21,7,1521,1500,0.71,0.80,0.0000,0.0000,0.0000,0
0.323,69,19,7,1520,1500,0.71,0.80,0.0000,0.0000,0.0000,0
0.343,69,18,7,1520,1500,0.71,0.80,0.0000,0.0000,0.0000,0
0.361,69,15,7,1520,1500,0.71,0.80,0.0000,0.0000,0.0000,0
0.379,69,13,7,1520,1500,0.71,0.80,0.0000,0.0000,0.0000,0
0.396,69,11,6,1520,1500,0.71,0.80,0.0000,0.0000,0.0000,0
0.415,68,8,6,1520,1500,0.71,0.80,0.0000,0.0000,0.0000,0
0.434,68,4,6,1520,1500,0.71,0.80,0.0000,0.0000,0.0000,0
0.451,68,2,6,1520,1500,0.71,0.80,0.0000,0.0000,0.0000,0
0.469,67,0,5,1520,1500,0.71,0.80,0.0000,0.0000,0.0000,0
0.486,67,-2,5,1520,1500,0.71,0.80,0.0000,0.0000,0.0000,0
0.504,67,-3,5,1520,1500,0.71,0.80,0.0000,0.0000,0.0000,0
0.521,67,-3,4,1520,1500,0.71,0.80,0.0000,0.0000,0.0000,0
0.539,68,-4,5,1520,1500,1.39,-0.59,0.0000,0.0000,0.0000,0
0.556,68,-4,4,1520,1500,1.39,-0.59,0.0000,0.0000,0.0000,0
0.575,69,-4,4,1520,1500,1.39,-0.59,0.0000,0.0000,0.0000,0
0.593,69,-4,3,1520,1500,1.39,-0.59,0.0000,0.0000,0.0000,0
0.610,69,-3,3,1520,1500,1.39,-0.59,0.0000,0.0000,0.0000,0
0.629,70,-3,4,1521,1500,1.39,-0.59,0.0000,0.0000,0.0000,0
0.648,70,-3,4,1521,1500,1.39,-0.59,0.0000,0.0000,0.0000,0
0.666,71,-4,4,1521,1500,1.39,-0.59,0.0000,0.0000,0.0000,0
0.684,72,-4,3,1521,1500,1.39,-0.59,0.0000,0.0000,0.0000,0
0.701,73,-5,2,1521,1500,1.39,-0.59,0.0000,0.0000,0.0000,0
0.719,73,-5,3,1521,1500,1.39,-0.59,0.0000,0.0000,0.0000,0
0.737,73,-6,2,1521,1500,1.39,-0.59,0.0000,0.0000,0.0000,0
0.755,74,-7,2,1522,1500,1.39,-0.59,0.0000,0.0000,0.0000,0
0.772,74,-8,2,1522,1500,1.39,-0.59,0.0000,0.0000,0.0000,0
0.789,75,-8,2,1522,1500,1.44,-1.01,0.0000,0.0000,0.0000,0
0.806,75,-9,2,1522,1500,1.44,-1.01,0.0000,0.0000,0.0000,0
0.823,76,-9,1,1522,1500,1.44,-1.01,0.0000,0.0000,0.0000,0
0.840,77,-8,2,1523,1500,1.44,-1.01,0.0000,0.0000,0.0000,0
0.857,78,-7,2,1523,1500,1.44,-1.01,0.0000,0.0000,0.0000,0
0.874,79,-6,1,1523,1500,1.44,-1.01,0.0000,0.0000,0.0000,0
0.891,80,-5,1,1524,1500,1.44,-1.01,0.0000,0.0000,0.0000,0
0.909,80,-3,1,1524,1500,1.44,-1.01,0.0000,0.0000,0.0000,0
0.926,81,-2,1,1524,1500,1.44,-1.01,0.0000,0.0000,0.0000,0
0.944,82,0,1,1524,1500,1.44,-1.01,0.0000,0.0000,0.0000,0
0.963,83,1,1,1524,1500,1.44,-1.01,0.0000,0.0000,0.0000,0
0.981,84,3,2,1525,1500,1.44,-1.01,0.0000,0.0000,0.0000,0
0.998,85,5,1,1525,1500,1.44,-1.01,0.0000,0.0000,0.0000,0
1.016,85,6,1,1525,1500,1.44,-1.01,0.0000,0.0000,0.0000,0
1.033,85,7,2,1525,1500,1.44,-1.01,0.0000,0.0000,0.0000,0
1.051,85,7,2,1525,1500,0.44,-0.23,0.0000,0.0000,0.0000,0
1.069,84,6,2,1525,1500,0.44,-0.23,0.0000,0.0000,0.0000,0
1.086,84,6,2,1525,1500,0.44,-0.23,0.0000,0.0000,0.0000,0
1.104,83,5,1,1524,1500,0.44,-0.23,0.0000,0.0000,0.0000,0
1.124,80,2,1,1524,1500,0.44,-0.23,0.0000,0.0000,0.0000,0
1.142,79,1,1,1523,1500,0.44,-0.23,0.0000,0.0000,0.0000,0
1.159,78,-1,1,1523,1500,0.44,-0.23,0.0000,0.0000,0.0000,0
1.176,77,-2,0,1523,1500,0.44,-0.23,0.0000,0.0000,0.0000,0
1.194,76,-4,-1,1522,1500,0.44,-0.23,0.0000,0.0000,0.0000,0
1.211,75,-4,0,1522,1500,0.44,-0.23,0.0000,0.0000,0.0000,0
1.230,74,-6,1,1522,1500,0.44,-0.23,0.0000,0.0000,0.0000,0
1.247,73,-6,1,1521,1500,0.44,-0.23,0.0000,0.0000,0.0000,0
1.265,72,-7,1,1521,1500,0.44,-0.23,0.0000,0.0000,0.0000,0
1.282,70,-9,0,1521,1500,0.44,-0.23,0.0000,0.0000,0.0000,0
1.301,69,-10,-1,1520,1500,0.21,-1.25,0.0000,0.0000,0.0000,0
1.321,68,-10,0,1520,1500,0.21,-1.25,0.0000,0.0000,0.0000,0
1.339,67,-11,1,1520,1500,0.21,-1.25,0.0000,0.0000,0.0000,0
1.357,65,-11,1,1519,1500,0.21,-1.25,0.0000,0.0000,0.0000,0
1.376,64,-11,0,1519,1500,0.21,-1.25,0.0000,0.0000,0.0000,0
1.395,60,-12,0,1518,1500,0.21,-1.25,0.0000,0.0000,0.0000,1
1.414,59,-12,-1,1517,1500,0.21,-1.25,0.0000,0.0000,0.0000,1
1.431,57,-11,0,1517,1500,0.21,-1.25,0.0000,0.0000,0.0000,1
1.449,54,-11,1,1516,1500,0.21,-1.25,0.0000,0.0000,0.0000,1
1.466,53,-10,0,1515,1500,0.21,-1.25,0.0000,0.0000,0.0000,1
1.483,52,-10,0,1515,1500,0.21,-1.25,0.0000,0.0000,0.0000,1
1.500,50,-9,-1,1510,1500,0.21,-1.25,0.0000,0.0000,0.0000,1
1.518,49,-8,-1,1509,1500,0.21,-1.25,0.0000,0.0000,0.0000,1
1.536,47,-8,0,1509,1500,0.21,-1.25,0.0000,0.0000,0.0000,1
1.554,45,-7,1,1509,1500,0.53,-1.13,0.0000,0.0000,0.0000,1
1.571,44,-7,1,1508,1500,0.53,-1.13,0.0000,0.0000,0.0000,1
1.590,42,-6,1,1508,1500,0.53,-1.13,0.0000,0.0000,0.0000,1
1.608,42,-6,1,1508,1500,0.53,-1.13,0.0000,0.0000,0.0000,1
1.627,40,-6,0,1508,1500,0.53,-1.13,0.0000,0.0000,0.0000,1
1.645,38,-6,0,1507,1500,0.53,-1.13,0.0000,0.0000,0.0000,1
1.662,34,-6,2,1506,1500,0.53,-1.13,0.0000,0.0000,0.0000,1
1.680,32,-5,1,1506,1500,0.53,-1.13,0.0000,0.0000,0.0000,1
1.698,28,-4,1,1505,1500,0.53,-1.13,0.0000,0.0000,0.0000,1
1.716,26,-3,1,1505,1500,0.53,-1.13,0.0000,0.0000,0.0000,1
1.733,25,-2,2,1505,1500,0.53,-1.13,0.0000,0.0000,0.0000,1
1.750,23,0,2,1504,1500,0.53,-1.13,0.0000,0.0000,0.0000,1
1.767,22,2,2,1504,1500,0.53,-1.13,0.0000,0.0000,0.0000,1
1.786,21,4,2,1504,1500,0.72,-0.53,0.0000,0.0000,0.0000,1
1.804,19,6,2,1503,1500,0.72,-0.53,0.0000,0.0000,0.0000,1
1.825,18,8,2,1503,1500,0.72,-0.53,0.0000,0.0000,0.0000,1
1.847,18,8,2,1503,1500,0.72,-0.53,0.0000,0.0000,0.0000,1
1.866,15,12,2,1503,1500,0.72,-0.53,0.0000,0.0000,0.0000,1
1.883,12,13,3,1502,1500,0.72,-0.53,0.0000,0.0000,0.0000,1
1.900,10,14,4,1502,1500,0.72,-0.53,0.0000,0.0000,0.0000,1
1.917,8,15,4,1501,1500,0.72,-0.53,0.0000,0.0000,0.0000,1
1.934,2,17,3,1500,1500,0.72,-0.53,0.0000,0.0000,0.0000,1
1.954,-1,18,4,1500,1500,0.72,-0.53,0.0000,0.0000,0.0000,1
1.971,-3,19,4,1500,1500,0.72,-0.53,0.0000,0.0000,0.0000,1
1.988,-6,19,4,1499,1500,0.72,-0.53,0.0000,0.0000,0.0000,1
2.005,-9,20,3,1499,1500,0.72,-0.53,0.0000,0.0000,0.0000,1
2.023,-11,21,3,1498,1500,0.72,-0.53,0.0000,0.0000,0.0000,1
2.040,-14,21,3,1498,1500,0.10,0.07,0.0000,0.0000,0.0000,1
2.057,-16,21,4,1497,1500,0.10,0.07,0.0000,0.0000,0.0000,1
2.074,-18,22,3,1497,1500,0.10,0.07,0.0000,0.0000,0.0000,1
2.094,-20,22,4,1496,1500,0.10,0.07,0.0000,0.0000,0.0000,1
2.111,-22,23,3,1496,1500,0.10,0.07,0.0000,0.0000,0.0000,1
2.129,-25,23,4,1495,1500,0.10,0.07,0.0000,0.0000,0.0000,1
2.147,-26,22,3,1495,1500,0.10,0.07,0.0000,0.0000,0.0000,1
2.164,-28,22,4,1495,1500,0.10,0.07,0.0000,0.0000,0.0000,1
2.182,-31,23,4,1494,1500,0.10,0.07,0.0000,0.0000,0.0000,1
2.199,-33,23,4,1494,1500,0.10,0.07,0.0000,0.0000,0.0000,1
2.217,-34,23,5,1494,1500,0.10,0.07,0.0000,0.0000,0.0000,1
2.234,-36,23,5,1493,1500,0.10,0.07,0.0000,0.0000,0.0000,1
2.252,-37,23,5,1493,1500,0.10,0.07,0.0000,0.0000,0.0000,1
2.269,-39,23,6,1493,1500,0.10,0.07,0.0000,0.0000,0.0000,1
2.288,-41,24,6,1492,1500,-0.19,0.15,0.0000,0.0000,0.0000,1
2.305,-41,24,6,1492,1500,-0.19,0.15,0.0000,0.0000,0.0000,1
2.323,-43,25,6,1492,1500,-0.19,0.15,0.0000,0.0000,0.0000,1
2.340,-45,25,6,1491,1500,-0.19,0.15,0.0000,0.0000,0.0000,1
2.357,-46,25,6,1491,1500,-0.19,0.15,0.0000,0.0000,0.0000,1
2.374,-48,25,6,1491,1500,-0.19,0.15,0.0000,0.0000,0.0000,1
2.392,-50,25,7,1490,1500,-0.19,0.15,0.0000,0.0000,0.0000,1
2.409,-54,26,6,1484,1500,-0.19,0.15,0.0000,0.0000,0.0000,1
2.428,-56,26,7,1484,1500,-0.19,0.15,0.0000,0.0000,0.0000,1
2.447,-57,25,7,1483,1500,-0.19,0.15,0.0000,0.0000,0.0000,1
2.465,-61,24,7,1482,1500,-0.19,0.15,0.0000,0.0000,0.0000,0
0.018,-63,24,7,1482,1500,-0.19,0.15,0.0000,0.0000,0.0000,0
0.035,-64,23,7,1481,1500,-0.19,0.15,0.0000,0.0000,0.0000,0
0.054,-66,23,7,1481,1500,-0.19,0.15,0.0000,0.0000,0.0000,0
0.073,-67,22,7,1480,1500,-0.33,-0.10,0.0000,0.0000,0.0000,0
0.091,-67,22,7,1480,1500,-0.33,-0.10,0.0000,0.0000,0.0000,0
0.111,-71,22,7,1479,1500,-0.33,-0.10,0.0000,0.0000,0.0000,0
0.131,-73,21,7,1479,1500,-0.33,-0.10,0.0000,0.0000,0.0000,0
0.150,-74,21,7,1478,1500,-0.33,-0.10,0.0000,0.0000,0.0000,0
0.168,-76,21,7,1478,1500,-0.33,-0.10,0.0000,0.0000,0.0000,0
0.187,-79,20,7,1477,1500,-0.33,-0.10,0.0000,0.0000,0.0000,0
0.204,-80,20,7,1476,1500,-0.33,-0.10,0.0000,0.0000,0.0000,0
0.222,-82,20,7,1476,1500,-0.33,-0.10,0.0000,0.0000,0.0000,0
0.239,-83,20,7,1476,1500,-0.33,-0.10,0.0000,0.0000,0.0000,0
0.256,-84,20,7,1475,1500,-0.33,-0.10,0.0000,0.0000,0.0000,0
0.274,-85,20,6,1475,1500,-0.33,-0.10,0.0000,0.0000,0.0000,0
0.292,-87,20,7,1474,1500,-0.33,-0.10,0.0000,0.0000,0.0000,0
0.310,-87,20,6,1474,1500,-0.33,-0.10,0.0000,0.0000,0.0000,0
0.327,-88,20,7,1474,1500,-0.77,-0.14,0.0000,0.0000,0.0000,0
0.344,-88,20,7,1474,1500,-0.77,-0.14,0.0000,0.0000,0.0000,0
0.362,-89,21,8,1474,1500,-0.77,-0.14,0.0000,0.0000,0.0000,0
0.380,-90,21,8,1473,1500,-0.77,-0.14,0.0000,0.0000,0.0000,0
0.399,-91,21,8,1473,1500,-0.77,-0.14,0.0000,0.0000,0.0000,0
0.418,-91,22,8,1473,1500,-0.77,-0.14,0.0000,0.0000,0.0000,0
0.437,-91,22,8,1473,1500,-0.77,-0.14,0.0000,0.0000,0.0000,0
0.454,-91,22,8,1473,1500,-0.77,-0.14,0.0000,0.0000,0.0000,0
0.471,-92,22,9,1473,1500,-0.77,-0.14,0.0000,0.0000,0.0000,0
0.489,-92,22,8,1473,1500,-0.77,-0.14,0.0000,0.0000,0.0000,0
0.507,-93,22,8,1473,1500,-0.77,-0.14,0.0000,0.0000,0.0000,0
0.524,-93,21,8,1473,1500,-0.77,-0.14,0.0000,0.0000,0.0000,0
0.542,-93,21,8,1473,1500,-0.77,-0.14,0.0000,0.0000,0.0000,0
0.559,-93,21,8,1473,1500,-0.77,-0.14,0.0000,0.0000,0.0000,0
0.576,-93,21,7,1473,1500,-1.21,-0.03,0.0000,0.0000,0.0000,0
0.595,-93,21,7,1473,1500,-1.21,-0.03,0.0000,0.0000,0.0000,0
0.613,-93,20,6,1473,1500,-1.21,-0.03,0.0000,0.0000,0.0000,0
0.631,-93,21,6,1473,1500,-1.21,-0.03,0.0000,0.0000,0.0000,0
0.649,-93,20,7,1473,1500,-1.21,-0.03,0.0000,0.0000,0.0000,0
0.667,-93,20,8,1473,1500,-1.21,-0.03,0.0000,0.0000,0.0000,0
0.685,-93,20,8,1473,1500,-1.21,-0.03,0.0000,0.0000,0.0000,0
0.702,-92,19,8,1473,1500,-1.21,-0.03,0.0000,0.0000,0.0000,0
0.721,-92,19,8,1473,1500,-1.21,-0.03,0.0000,0.0000,0.0000,0
0.738,-91,19,8,1473,1500,-1.21,-0.03,0.0000,0.0000,0.0000,0
0.755,-91,19,8,1473,1500,-1.21,-0.03,0.0000,0.0000,0.0000,0
0.773,-90,19,8,1473,1500,-1.21,-0.03,0.0000,0.0000,0.0000,0
0.790,-89,19,9,1474,1500,-1.21,-0.03,0.0000,0.0000,0.0000,0
0.807,-88,19,8,1474,1500,-1.21,-0.03,0.0000,0.0000,0.0000,0
0.824,-88,19,8,1474,1500,-0.86,-0.01,0.0000,0.0000,0.0000,0
0.842,-87,19,8,1474,1500,-0.86,-0.01,0.0000,0.0000,0.0000,0
0.859,-86,19,7,1475,1500,-0.86,-0.01,0.0000,0.0000,0.0000,0
0.877,-85,18,8,1475,1500,-0.86,-0.01,0.0000,0.0000,0.0000,0
0.894,-84,18,7,1475,1500,-0.86,-0.01,0.0000,0.0000,0.0000,0
0.912,-83,18,7,1476,1500,-0.86,-0.01,0.0000,0.0000,0.0000,0
0.929,-82,18,8,1476,1500,-0.86,-0.01,0.0000,0.0000,0.0000,0
0.948,-81,18,7,1476,1500,-0.86,-0.01,0.0000,0.0000,0.0000,0
0.965,-80,18,6,1476,1500,-0.86,-0.01,0.0000,0.0000,0.0000,0
0.982,-76,19,6,1478,1500,-0.86,-0.01,0.0000,0.0000,0.0000,0
1.000,-74,20,5,1478,1500,-0.86,-0.01,0.0000,0.0000,0.0000,0
1.017,-72,21,5,1479,1500,-0.86,-0.01,0.0000,0.0000,0.0000,0
1.036,-70,22,5,1479,1500,-0.86,-0.01,0.0000,0.0000,0.0000,0
1.053,-68,23,6,1480,1500,-0.86,-0.01,0.0000,0.0000,0.0000,0
1.071,-66,24,6,1481,1500,-0.42,0.40,0.0000,0.0000,0.0000,0
1.088,-66,24,6,1481,1500,-0.42,0.40,0.0000,0.0000,0.0000,0
1.105,-63,25,7,1482,1500,-0.42,0.40,0.0000,0.0000,0.0000,0
1.123,-63,25,7,1482,1500,-0.42,0.40,0.0000,0.0000,0.0000,0
1.140,-62,26,8,1482,1500,-0.42,0.40,0.0000,0.0000,0.0000,0
1.157,-59,26,9,1483,1500,-0.42,0.40,0.0000,0.0000,0.0000,1
1.175,-57,26,9,1483,1500,-0.42,0.40,0.0000,0.0000,0.0000,1
1.192,-56,26,9,1484,1500,-0.42,0.40,0.0000,0.0000,0.0000,1
1.209,-54,27,9,1484,1500,-0.42,0.40,0.0000,0.0000,0.0000,1
1.226,-52,28,9,1485,1500,-0.42,0.40,0.0000,0.0000,0.0000,1
1.244,-49,29,9,1491,1500,-0.42,0.40,0.0000,0.0000,0.0000,1
1.262,-47,30,8,1491,1500,-0.42,0.40,0.0000,0.0000,0.0000,1
1.279,-45,30,8,1491,1500,-0.42,0.40,0.0000,0.0000,0.0000,1
1.297,-41,33,8,1492,1500,-0.42,0.40,0.0000,0.0000,0.0000,1
1.314,-41,33,8,1492,1500,-0.42,0.40,0.0000,0.0000,0.0000,1
1.331,-38,33,8,1493,1500,0.07,0.72,0.0000,0.0000,0.0000,1
1.350,-36,34,9,1493,1500,0.07,0.72,0.0000,0.0000,0.0000,1
1.367,-34,35,8,1494,1500,0.07,0.72,0.0000,0.0000,0.0000,1
1.384,-32,36,8,1494,1500,0.07,0.72,0.0000,0.0000,0.0000,1
1.401,-29,36,7,1495,1500,0.07,0.72,0.0000,0.0000,0.0000,1
1.420,-27,36,7,1495,1500,0.07,0.72,0.0000,0.0000,0.0000,1
1.438,-26,37,8,1495,1500,0.07,0.72,0.0000,0.0000,0.0000,1
1.456,-23,36,8,1496,1500,0.07,0.72,0.0000,0.0000,0.0000,1
1.474,-21,36,7,1496,1500,0.07,0.72,0.0000,0.0000,0.0000,1
1.493,-19,35,7,1497,1500,0.07,0.72,0.0000,0.0000,0.0000,1
1.510,-17,33,6,1497,1500,0.07,0.72,0.0000,0.0000,0.0000,1
1.528,-14,32,7,1498,1500,0.07,0.72,0.0000,0.0000,0.0000,1
1.546,-12,31,7,1498,1500,0.07,0.72,0.0000,0.0000,0.0000,1
1.564,-10,30,7,1498,1500,0.07,0.72,0.0000,0.0000,0.0000,1
1.582,-10,30,7,1498,1500,-0.25,0.16,0.0000,0.0000,0.0000,1
1.599,-8,29,6,1499,1500,-0.25,0.16,0.0000,0.0000,0.0000,1
1.617,-6,28,6,1499,1500,-0.25,0.16,0.0000,0.0000,0.0000,1
1.634,-4,28,5,1500,1500,-0.25,0.16,0.0000,0.0000,0.0000,1
1.654,-2,27,5,1500,1500,-0.25,0.16,0.0000,0.0000,0.0000,1
1.672,2,25,6,1500,1500,-0.25,0.16,0.0000,0.0000,0.0000,1
1.689,4,24,6,1500,1500,-0.25,0.16,0.0000,0.0000,0.0000,1
1.707,7,23,6,1501,1500,-0.25,0.16,0.0000,0.0000,0.0000,1
1.725,10,23,5,1502,1500,-0.25,0.16,0.0000,0.0000,0.0000,1
1.743,13,22,5,1502,1500,-0.25,0.16,0.0000,0.0000,0.0000,1
1.761,16,22,5,1503,1500,-0.25,0.16,0.0000,0.0000,0.0000,1
1.779,23,21,5,1504,1500,-0.25,0.16,0.0000,0.0000,0.0000,1
1.797,27,20,5,1505,1500,-0.25,0.16,0.0000,0.0000,0.0000,1
1.815,30,20,3,1506,1500,-0.09,-0.48,0.0000,0.0000,0.0000,1
1.832,34,20,4,1506,1500,-0.09,-0.48,0.0000,0.0000,0.0000,1
1.849,38,20,4,1507,1500,-0.09,-0.48,0.0000,0.0000,0.0000,1
1.868,43,21,4,1508,1500,-0.09,-0.48,0.0000,0.0000,0.0000,1
1.887,43,21,4,1508,1500,-0.09,-0.48,0.0000,0.0000,0.0000,1
1.904,51,22,4,1515,1500,-0.09,-0.48,0.0000,0.0000,0.0000,1
1.921,55,23,4,1516,1500,-0.09,-0.48,0.0000,0.0000,0.0000,1
1.939,59,23,3,1517,1500,-0.09,-0.48,0.0000,0.0000,0.0000,1
1.957,63,24,4,1518,1500,-0.09,-0.48,0.0000,0.0000,0.0000,0
0.019,67,24,4,1520,1500,-0.09,-0.48,0.0000,0.0000,0.0000,0
0.036,70,23,3,1521,1500,-0.09,-0.48,0.0000,0.0000,0.0000,0
0.053,75,23,3,1521,1500,-0.09,-0.48,0.0000,0.0000,0.0000,0
0.071,75,23,3,1522,1500,-0.09,-0.48,0.0000,0.0000,0.0000,0
0.089,78,22,4,1523,1500,-0.09,-0.48,0.0000,0.0000,0.0000,0
0.106,81,20,4,1524,1500,-0.09,-0.48,0.0000,0.0000,0.0000,0
0.124,83,20,3,1524,1500,-0.02,-0.49,0.0000,0.0000,0.0000,0
0.142,85,20,3,1525,1500,-0.02,-0.49,0.0000,0.0000,0.0000,0
0.160,87,20,3,1526,1500,-0.02,-0.49,0.0000,0.0000,0.0000,0
0.179,89,21,2,1526,1500,-0.02,-0.49,0.0000,0.0000,0.0000,0
0.198,90,22,3,1527,1500,-0.02,-0.49,0.0000,0.0000,0.0000,0
0.217,94,24,3,1528,1500,-0.02,-0.49,0.0000,0.0000,0.0000,0
0.234,95,24,2,1528,1500,-0.02,-0.49,0.0000,0.0000,0.0000,0
0.253,97,24,2,1529,1500,-0.02,-0.49,0.0000,0.0000,0.0000,0
0.271,98,24,2,1529,1500,-0.02,-0.49,0.0000,0.0000,0.0000,0
0.290,100,23,2,1530,1500,-0.02,-0.49,0.0000,0.0000,0.0000,0
0.308,101,22,1,1530,1500,-0.02,-0.49,0.0000,0.0000,0.0000,0
0.326,101,22,1,1530,1500,-0.02,-0.49,0.0000,0.0000,0.0000,0
0.346,104,21,2,1530,1500,-0.02,-0.49,0.0000,0.0000,0.0000,0
0.364,105,21,1,1530,1500,0.97,-0.41,0.0000,0.0000,0.0000,0
0.382,105,21,1,1530,1500,0.97,-0.41,0.0000,0.0000,0.0000,0
0.399,107,19,1,1530,1500,0.97,-0.41,0.0000,0.0000,0.0000,0
0.416,107,18,1,1530,1500,0.97,-0.41,0.0000,0.0000,0.0000,0
0.434,107,18,1,1530,1500,0.97,-0.41,0.0000,0.0000,0.0000,0
0.451,107,18,0,1530,1500,0.97,-0.41,0.0000,0.0000,0.0000,0
0.468,107,19,1,1530,1500,0.97,-0.41,0.0000,0.0000,0.0000,0
0.488,107,19,0,1530,1500,0.97,-0.41,0.0000,0.0000,0.0000,0
0.505,107,19,0,1530,1500,0.97,-0.41,0.0000,0.0000,0.0000,0
0.523,107,18,0,1530,1500,0.97,-0.41,0.0000,0.0000,0.0000,0
0.540,107,18,0,1530,1500,0.97,-0.41,0.0000,0.0000,0.0000,0
0.558,107,17,0,1530,1500,0.97,-0.41,0.0000,0.0000,0.0000,0
0.575,106,17,0,1530,1500,0.97,-0.41,0.0000,0.0000,0.0000,0
0.594,105,16,-1,1530,1500,0.97,-0.41,0.0000,0.0000,0.0000,0
0.612,105,16,0,1530,1500,1.21,-0.45,0.0000,0.0000,0.0000,0
0.632,105,15,-2,1530,1500,1.21,-0.45,0.0000,0.0000,0.0000,0
0.649,105,14,-1,1530,1500,1.21,-0.45,0.0000,0.0000,0.0000,0
0.666,105,14,-1,1530,1500,1.21,-0.45,0.0000,0.0000,0.0000,0
0.683,104,13,-2,1530,1500,1.21,-0.45,0.0000,0.0000,0.0000,0
0.701,104,12,-1,1530,1500,1.21,-0.45,0.0000,0.0000,0.0000,0
0.718,104,11,-1,1530,1500,1.21,-0.45,0.0000,0.0000,0.0000,0
0.736,104,11,-3,1530,1500,1.21,-0.45,0.0000,0.0000,0.0000,0
0.753,104,10,-2,1530,1500,1.21,-0.45,0.0000,0.0000,0.0000,0
0.772,104,10,-1,1530,1500,1.21,-0.45,0.0000,0.0000,0.0000,0
0.790,104,9,-2,1530,1500,1.21,-0.45,0.0000,0.0000,0.0000,0
0.809,104,9,-2,1530,1500,1.21,-0.45,0.0000,0.0000,0.0000,0
0.827,104,9,-1,1530,1500,1.21,-0.45,0.0000,0.0000,0.0000,0
0.845,104,10,-2,1530,1500,1.21,-0.45,0.0000,0.0000,0.0000,0
0.864,103,10,-3,1530,1500,1.26,-0.62,0.0000,0.0000,0.0000,0
0.882,103,10,-3,1530,1500,1.26,-0.62,0.0000,0.0000,0.0000,0
0.900,102,10,-2,1530,1500,1.26,-0.62,0.0000,0.0000,0.0000,0
0.917,101,11,-3,1530,1500,1.26,-0.62,0.0000,0.0000,0.0000,0
0.934,100,11,-3,1530,1500,1.26,-0.62,0.0000,0.0000,0.0000,0
0.951,98,11,-3,1529,1500,1.26,-0.62,0.0000,0.0000,0.0000,0
0.968,97,11,-3,1529,1500,1.26,-0.62,0.0000,0.0000,0.0000,0
0.986,95,10,-3,1528,1500,1.26,-0.62,0.0000,0.0000,0.0000,0
1.003,94,10,-4,1528,1500,1.26,-0.62,0.0000,0.0000,0.0000,0
1.022,92,10,-3,1527,1500,1.26,-0.62,0.0000,0.0000,0.0000,0
1.041,89,8,-3,1526,1500,1.26,-0.62,0.0000,0.0000,0.0000,0
1.058,87,7,-3,1526,1500,1.26,-0.62,0.0000,0.0000,0.0000,0
1.076,86,7,-5,1525,1500,1.26,-0.62,0.0000,0.0000,0.0000,0
1.093,84,7,-4,1525,1500,1.26,-0.62,0.0000,0.0000,0.0000,0
1.111,82,6,-4,1524,1500,0.78,-1.09,0.0000,0.0000,0.0000,0
1.128,81,6,-3,1524,1500,0.78,-1.09,0.0000,0.0000,0.0000,0
1.145,79,6,-4,1523,1500,0.78,-1.09,0.0000,0.0000,0.0000,0
1.163,78,5,-4,1523,1500,0.78,-1.09,0.0000,0.0000,0.0000,0
1.180,78,5,-4,1523,1500,0.78,-1.09,0.0000,0.0000,0.0000,0
1.198,75,5,-5,1522,1500,0.78,-1.09,0.0000,0.0000,0.0000,0
1.216,73,6,-4,1521,1500,0.78,-1.09,0.0000,0.0000,0.0000,0
1.233,72,5,-4,1521,1500,0.78,-1.09,0.0000,0.0000,0.0000,0
1.250,71,5,-4,1521,1500,0.78,-1.09,0.0000,0.0000,0.0000,0
1.268,69,6,-4,1520,1500,0.78,-1.09,0.0000,0.0000,0.0000,0
1.287,67,6,-4,1520,1500,0.78,-1.09,0.0000,0.0000,0.0000,0
1.305,66,6,-4,1519,1500,0.78,-1.09,0.0000,0.0000,0.0000,0
1.323,65,7,-5,1519,1500,0.78,-1.09,0.0000,0.0000,0.0000,0
1.341,63,8,-6,1518,1500,0.78,-1.09,0.0000,0.0000,0.0000,0
1.358,62,8,-4,1518,1500,0.70,-1.15,0.0000,0.0000,0.0000,0
1.375,60,8,-5,1518,1500,0.70,-1.15,0.0000,0.0000,0.0000,1
1.394,59,8,-4,1517,1500,0.70,-1.15,0.0000,0.0000,0.0000,1
1.414,57,8,-5,1517,1500,0.70,-1.15,0.0000,0.0000,0.0000,1
1.432,55,8,-4,1516,1500,0.70,-1.15,0.0000,0.0000,0.0000,1
1.449,54,8,-4,1516,1500,0.70,-1.15,0.0000,0.0000,0.0000,1
1.467,52,8,-5,1515,1500,0.70,-1.15,0.0000,0.0000,0.0000,1
1.484,51,8,-5,1515,1500,0.70,-1.15,0.0000,0.0000,0.0000,1
1.501,49,9,-6,1509,1500,0.70,-1.15,0.0000,0.0000,0.0000,1
1.519,48,9,-5,1509,1500,0.70,-1.15,0.0000,0.0000,0.0000,1
1.537,47,10,-4,1509,1500,0.70,-1.15,0.0000,0.0000,0.0000,1
1.555,45,10,-4,1509,1500,0.70,-1.15,0.0000,0.0000,0.0000,1
1.572,43,11,-4,1508,1500,0.70,-1.15,0.0000,0.0000,0.0000,1
1.590,43,11,-4,1508,1500,0.70,-1.15,0.0000,0.0000,0.0000,1
1.607,42,12,-4,1508,1500,0.56,-1.12,0.0000,0.0000,0.0000,1
1.625,41,12,-4,1508,1500,0.56,-1.12,0.0000,0.0000,0.0000,1
1.643,41,12,-4,1508,1500,0.56,-1.12,0.0000,0.0000,0.0000,1
1.660,40,13,-5,1508,1500,0.56,-1.12,0.0000,0.0000,0.0000,1
1.678,40,13,-5,1508,1500,0.56,-1.12,0.0000,0.0000,0.0000,1
1.696,40,14,-4,1508,1500,0.56,-1.12,0.0000,0.0000,0.0000,1
1.714,39,15,-5,1507,1500,0.56,-1.12,0.0000,0.0000,0.0000,1
1.733,38,16,-4,1507,1500,0.56,-1.12,0.0000,0.0000,0.0000,1
1.751,37,16,-4,1507,1500,0.56,-1.12,0.0000,0.0000,0.0000,1
1.769,37,17,-4,1507,1500,0.56,-1.12,0.0000,0.0000,0.0000,1
1.786,36,18,-4,1507,1500,0.56,-1.12,0.0000,0.0000,0.0000,1
1.805,34,21,-3,1506,1500,0.56,-1.12,0.0000,0.0000,0.0000,1
1.823,34,22,-3,1506,1500,0.56,-1.12,0.0000,0.0000,0.0000,1
1.841,33,24,-3,1506,1500,0.56,-1.12,0.0000,0.0000,0.0000,1
1.858,32,26,-3,1506,1500,0.16,-0.28,0.0000,0.0000,0.0000,1
1.877,31,27,-3,1506,1500,0.16,-0.28,0.0000,0.0000,0.0000,1
1.894,30,28,-4,1506,1500,0.16,-0.28,0.0000,0.0000,0.0000,1
1.911,28,29,-3,1505,1500,0.16,-0.28,0.0000,0.0000,0.0000,1
1.929,27,30,-4,1505,1500,0.16,-0.28,0.0000,0.0000,0.0000,1
1.947,25,30,-3,1505,1500,0.16,-0.28,0.0000,0.0000,0.0000,1
1.964,24,30,-3,1504,1500,0.16,-0.28,0.0000,0.0000,0.0000,1
1.982,22,30,-3,1504,1500,0.16,-0.28,0.0000,0.0000,0.0000,1
1.999,20,30,-3,1504,1500,0.16,-0.28,0.0000,0.0000,0.0000,1
2.017,18,30,-3,1503,1500,0.16,-0.28,0.0000,0.0000,0.0000,1
2.035,16,29,-2,1503,1500,0.16,-0.28,0.0000,0.0000,0.0000,1
2.052,15,28,-2,1503,1500,0.16,-0.28,0.0000,0.0000,0.0000,1
2.069,10,27,-2,1502,1500,0.16,-0.28,0.0000,0.0000,0.0000,1
2.088,8,26,-2,1501,1500,0.16,-0.28,0.0000,0.0000,0.0000,1
2.106,5,25,-2,1501,1500,0.29,-0.60,0.0000,0.0000,0.0000,1
2.123,5,25,-2,1501,1500,0.29,-0.60,0.0000,0.0000,0.0000,1
2.140,5,25,-2,1501,1500,0.29,-0.60,0.0000,0.0000,0.0000,1
2.157,3,23,-2,1500,1500,0.29,-0.60,0.0000,0.0000,0.0000,1
2.175,1,22,-2,1500,1500,0.29,-0.60,0.0000,0.0000,0.0000,1
2.194,-3,20,-2,1500,1500,0.29,-0.60,0.0000,0.0000,0.0000,1
2.211,-4,20,-3,1500,1500,0.29,-0.60,0.0000,0.0000,0.0000,1
2.228,-5,20,-3,1499,1500,0.29,-0.60,0.0000,0.0000,0.0000,1
2.249,-7,20,-3,1499,1500,0.29,-0.60,0.0000,0.0000,0.0000,1
2.267,-9,21,-3,1499,1500,0.29,-0.60,0.0000,0.0000,0.0000,1
2.286,-11,20,-2,1498,1500,0.29,-0.60,0.0000,0.0000,0.0000,1
2.304,-13,20,-1,1498,1500,0.29,-0.60,0.0000,0.0000,0.0000,1
2.321,-15,20,-1,1497,1500,0.29,-0.60,0.0000,0.0000,0.0000,1
2.339,-16,20,-1,1497,1500,0.29,-0.60,0.0000,0.0000,0.0000,1
2.356,-18,21,-1,1497,1500,0.00,-0.94,0.0000,0.0000,0.0000,1
2.373,-18,21,-1,1497,1500,0.00,-0.94,0.0000,0.0000,0.0000,1
2.391,-21,21,-1,1496,1500,0.00,-0.94,0.0000,0.0000,0.0000,1
2.409,-23,21,-2,1496,1500,0.00,-0.94,0.0000,0.0000,0.0000,1
2.427,-24,21,-1,1496,1500,0.00,-0.94,0.0000,0.0000,0.0000,1
2.446,-26,21,-2,1495,1500,0.00,-0.94,0.0000,0.0000,0.0000,1
2.464,-27,21,-1,1495,1500,0.00,-0.94,0.0000,0.0000,0.0000,1
2.481,-29,20,-1,1495,1500,0.00,-0.94,0.0000,0.0000,0.0000,1
2.499,-30,20,0,1494,1500,0.00,-0.94,0.0000,0.0000,0.0000,1
2.517,-31,20,-1,1494,1500,0.00,-0.94,0.0000,0.0000,0.0000,1
2.537,-32,19,-1,1494,1500,0.00,-0.94,0.0000,0.0000,0.0000,1
2.557,-33,19,-1,1494,1500,0.00,-0.94,0.0000,0.0000,0.0000,1
2.575,-33,19,-1,1494,1500,0.00,-0.94,0.0000,0.0000,0.0000,1
2.592,-34,20,-1,1494,1500,0.00,-0.94,0.0000,0.0000,0.0000,1
2.609,-34,20,0,1494,1500,-0.11,-1.12,0.0000,0.0000,0.0000,1
2.626,-33,20,0,1494,1500,-0.11,-1.12,0.0000,0.0000,0.0000,1
2.643,-33,21,0,1494,1500,-0.11,-1.12,0.0000,0.0000,0.0000,1
2.661,-33,21,0,1494,1500,-0.11,-1.12,0.0000,0.0000,0.0000,1
2.679,-33,21,0,1494,1500,-0.11,-1.12,0.0000,0.0000,0.0000,1
2.696,-33,21,0,1494,1500,-0.11,-1.12,0.0000,0.0000,0.0000,1
2.714,-31,21,-1,1494,1500,-0.11,-1.12,0.0000,0.0000,0.0000,1
2.731,-31,21,0,1494,1500,-0.11,-1.12,0.0000,0.0000,0.0000,1
2.749,-30,21,-1,1494,1500,-0.11,-1.12,0.0000,0.0000,0.0000,1
2.766,-29,22,-1,1495,1500,-0.11,-1.12,0.0000,0.0000,0.0000,1
2.783,-28,22,-1,1495,1500,-0.11,-1.12,0.0000,0.0000,0.0000,1
2.801,-26,23,0,1495,1500,-0.11,-1.12,0.0000,0.0000,0.0000,1
2.818,-26,23,0,1495,1500,-0.11,-1.12,0.0000,0.0000,0.0000,1
2.836,-25,24,0,1495,1500,-0.11,-1.12,0.0000,0.0000,0.0000,1
2.853,-25,24,0,1495,1500,-0.11,-1.12,0.0000,0.0000,0.0000,1
2.870,-24,24,0,1496,1500,-0.05,-0.94,0.0000,0.0000,0.0000,1
2.889,-23,25,-1,1496,1500,-0.05,-0.94,0.0000,0.0000,0.0000,1
2.907,-22,25,0,1496,1500,-0.05,-0.94,0.0000,0.0000,0.0000,1
2.925,-20,26,0,1496,1500,-0.05,-0.94,0.0000,0.0000,0.0000,1
2.943,-19,26,0,1497,1500,-0.05,-0.94,0.0000,0.0000,0.0000,1
2.964,-16,27,1,1497,1500,-0.05,-0.94,0.0000,0.0000,0.0000,1
2.981,-15,28,2,1497,1500,-0.05,-0.94,0.0000,0.0000,0.0000,1
2.999,-13,29,2,1498,1500,-0.05,-0.94,0.0000,0.0000,0.0000,1
3.017,-12,29,2,1498,1500,-0.05,-0.94,0.0000,0.0000,0.0000,1
3.034,-10,29,2,1498,1500,-0.05,-0.94,0.0000,0.0000,0.0000,1
3.052,-8,30,2,1499,1500,-0.05,-0.94,0.0000,0.0000,0.0000,1
3.070,-7,30,2,1499,1500,-0.05,-0.94,0.0000,0.0000,0.0000,1
3.089,-7,30,2,1499,1500,-0.05,-0.94,0.0000,0.0000,0.0000,1
3.108,-6,31,2,1499,1500,0.04,-0.44,0.0000,0.0000,0.0000,1
3.125,-4,31,2,1500,1500,0.04,-0.44,0.0000,0.0000,0.0000,1
3.142,-3,32,2,1500,1500,0.04,-0.44,0.0000,0.0000,0.0000,1
3.160,-1,32,3,1500,1500,0.04,-0.44,0.0000,0.0000,0.0000,1
3.178,0,32,3,1500,1500,0.04,-0.44,0.0000,0.0000,0.0000,1
3.195,1,33,3,1500,1500,0.04,-0.44,0.0000,0.0000,0.0000,1
3.214,3,33,3,1500,1500,0.04,-0.44,0.0000,0.0000,0.0000,1
3.232,4,33,3,1500,1500,0.04,-0.44,0.0000,0.0000,0.0000,1
3.250,4,33,4,1500,1500,0.04,-0.44,0.0000,0.0000,0.0000,1
3.267,4,33,4,1500,1500,0.04,-0.44,0.0000,0.0000,0.0000,1
3.284,5,33,4,1501,1500,0.04,-0.44,0.0000,0.0000,0.0000,1
3.302,6,33,3,1501,1500,0.04,-0.44,0.0000,0.0000,0.0000,1
3.319,6,32,4,1501,1500,0.04,-0.44,0.0000,0.0000,0.0000,1
3.336,8,30,4,1501,1500,0.04,-0.44,0.0000,0.0000,0.0000,1
3.353,8,29,4,1501,1500,0.05,-0.65,0.0000,0.0000,0.0000,1
3.371,9,28,3,1501,1500,0.05,-0.65,0.0000,0.0000,0.0000,1
3.389,10,27,4,1502,1500,0.05,-0.65,0.0000,0.0000,0.0000,1
3.406,10,26,5,1502,1500,0.05,-0.65,0.0000,0.0000,0.0000,1
3.425,11,26,4,1502,1500,0.05,-0.65,0.0000,0.0000,0.0000,1
3.443,13,24,5,1502,1500,0.05,-0.65,0.0000,0.0000,0.0000,1
3.461,14,24,5,1502,1500,0.05,-0.65,0.0000,0.0000,0.0000,1
3.478,14,24,5,1502,1500,0.05,-0.65,0.0000,0.0000,0.0000,1
3.496,14,24,5,1502,1500,0.05,-0.65,0.0000,0.0000,0.0000,1
3.514,15,23,5,1503,1500,0.05,-0.65,0.0000,0.0000,0.0000,1
3.533,16,23,6,1503,1500,0.05,-0.65,0.0000,0.0000,0.0000,1
3.550,17,22,6,1503,1500,0.05,-0.65,0.0000,0.0000,0.0000,1
3.567,17,22,5,1503,1500,0.05,-0.65,0.0000,0.0000,0.0000,1
3.586,18,22,6,1503,1500,0.05,-0.65,0.0000,0.0000,0.0000,1
3.603,18,22,6,1503,1500,0.23,-0.80,0.0000,0.0000,0.0000,1
3.621,19,22,7,1503,1500,0.23,-0.80,0.0000,0.0000,0.0000,1
3.638,19,23,7,1503,1500,0.23,-0.80,0.0000,0.0000,0.0000,1
3.656,19,23,7,1503,1500,0.23,-0.80,0.0000,0.0000,0.0000,1
3.673,19,24,7,1503,1500,0.23,-0.80,0.0000,0.0000,0.0000,1
3.690,19,25,8,1503,1500,0.23,-0.80,0.0000,0.0000,0.0000,1
3.707,19,25,7,1503,1500,0.23,-0.80,0.0000,0.0000,0.0000,1
3.724,19,25,8,1503,1500,0.23,-0.80,0.0000,0.0000,0.0000,1
3.741,19,24,9,1503,1500,0.23,-0.80,0.0000,0.0000,0.0000,1
3.758,19,24,9,1503,1500,0.23,-0.80,0.0000,0.0000,0.0000,1
3.776,20,24,8,1504,1500,0.23,-0.80,0.0000,0.0000,0.0000,1
3.794,21,25,9,1504,1500,0.23,-0.80,0.0000,0.0000,0.0000,1
3.813,22,25,10,1504,1501,0.23,-0.80,0.0000,0.0000,0.0000,1
3.832,23,26,9,1504,1500,0.23,-0.80,0.0000,0.0000,0.0000,1
3.849,24,26,9,1504,1500,0.23,-0.80,0.0000,0.0000,0.0000,1
3.868,25,26,10,1505,1501,0.09,-0.30,0.0000,0.0000,0.0000,1
3.885,26,26,10,1505,1501,0.09,-0.30,0.0000,0.0000,0.0000,1
3.902,28,26,11,1505,1501,0.09,-0.30,0.0000,0.0000,0.0000,1
3.919,29,26,10,1505,1501,0.09,-0.30,0.0000,0.0000,0.0000,1
3.937,31,26,11,1506,1501,0.09,-0.30,0.0000,0.0000,0.0000,1
3.955,32,26,11,1506,1501,0.09,-0.30,0.0000,0.0000,0.0000,1
3.972,34,26,11,1506,1501,0.09,-0.30,0.0000,0.0000,0.0000,1
3.989,36,27,12,1507,1501,0.09,-0.30,0.0000,0.0000,0.0000,1
4.007,38,27,12,1507,1501,0.09,-0.30,0.0000,0.0000,0.0000,1
4.024,40,28,12,1508,1501,0.09,-0.30,0.0000,0.0000,0.0000,1
4.041,41,28,13,1508,1501,0.09,-0.30,0.0000,0.0000,0.0000,1
4.058,43,28,12,1508,1501,0.09,-0.30,0.0000,0.0000,0.0000,1
4.076,45,29,13,1509,1501,0.09,-0.30,0.0000,0.0000,0.0000,1
4.093,47,29,13,1509,1501,0.09,-0.30,0.0000,0.0000,0.0000,1
4.110,48,29,13,1509,1501,-0.33,0.30,0.0000,0.0000,0.0000,1
4.128,49,30,13,1509,1501,-0.33,0.30,0.0000,0.0000,0.0000,1
4.145,50,30,14,1510,1501,-0.33,0.30,0.0000,0.0000,0.0000,1
4.162,51,30,14,1515,1501,-0.33,0.30,0.0000,0.0000,0.0000,1
4.179,52,30,14,1515,1501,-0.33,0.30,0.0000,0.0000,0.0000,1
4.197,52,30,15,1515,1501,-0.33,0.30,0.0000,0.0000,0.0000,1
4.215,52,29,14,1515,1501,-0.33,0.30,0.0000,0.0000,0.0000,1
4.233,51,28,15,1515,1501,-0.33,0.30,0.0000,0.0000,0.0000,1
4.253,50,28,16,1510,1501,-0.33,0.30,0.0000,0.0000,0.0000,1
4.273,50,29,15,1510,1501,-0.33,0.30,0.0000,0.0000,0.0000,1
4.291,49,29,16,1509,1501,-0.33,0.30,0.0000,0.0000,0.0000,1
4.308,47,29,15,1509,1501,-0.33,0.30,0.0000,0.0000,0.0000,1
4.325,46,29,16,1509,1501,-0.33,0.30,0.0000,0.0000,0.0000,1
4.342,45,29,16,1509,1501,-0.33,0.30,0.0000,0.0000,0.0000,1
4.359,44,29,16,1508,1501,-0.51,0.89,0.0000,0.0000,0.0000,1
4.376,43,28,16,1508,1501,-0.51,0.89,0.0000,0.0000,0.0000,1
4.394,41,28,17,1508,1501,-0.51,0.89,0.0000,0.0000,0.0000,1
4.411,40,27,17,1508,1501,-0.51,0.89,0.0000,0.0000,0.0000,1
4.429,38,27,16,1507,1501,-0.51,0.89,0.0000,0.0000,0.0000,1
4.447,36,27,17,1507,1501,-0.51,0.89,0.0000,0.0000,0.0000,1
4.465,34,27,16,1506,1501,-0.51,0.89,0.0000,0.0000,0.0000,1
4.482,32,26,16,1506,1501,-0.51,0.89,0.0000,0.0000,0.0000,1
4.500,28,25,16,1505,1501,-0.51,0.89,0.0000,0.0000,0.0000,1
4.518,26,25,16,1505,1501,-0.51,0.89,0.0000,0.0000,0.0000,1
4.535,24,25,16,1504,1501,-0.51,0.89,0.0000,0.0000,0.0000,1
4.552,22,24,16,1504,1501,-0.51,0.89,0.0000,0.0000,0.0000,1
4.569,20,24,15,1504,1501,-0.51,0.89,0.0000,0.0000,0.0000,1
4.586,18,23,16,1503,1501,-0.51,0.89,0.0000,0.0000,0.0000,1
4.604,16,23,16,1503,1501,-0.57,1.01,0.0000,0.0000,0.0000,1
4.621,14,24,15,1502,1501,-0.57,1.01,0.0000,0.0000,0.0000,1
4.639,13,24,16,1502,1501,-0.57,1.01,0.0000,0.0000,0.0000,1
4.656,11,24,16,1502,1501,-0.57,1.01,0.0000,0.0000,0.0000,1
4.675,11,24,16,1502,1501,-0.57,1.01,0.0000,0.0000,0.0000,1
4.693,7,21,17,1501,1501,-0.57,1.01,0.0000,0.0000,0.0000,1
4.710,4,21,17,1500,1501,-0.57,1.01,0.0000,0.0000,0.0000,1
4.728,2,19,17,1500,1501,-0.57,1.01,0.0000,0.0000,0.0000,1
4.746,0,18,17,1500,1501,-0.57,1.01,0.0000,0.0000,0.0000,1
4.764,-2,17,16,1500,1501,-0.57,1.01,0.0000,0.0000,0.0000,1
4.781,-4,15,17,1500,1501,-0.57,1.01,0.0000,0.0000,0.0000,1
4.799,-6,13,17,1499,1501,-0.57,1.01,0.0000,0.0000,0.0000,1
4.817,-7,12,16,1499,1501,-0.57,1.01,0.0000,0.0000,0.0000,1
4.834,-7,12,16,1499,1501,-0.57,1.01,0.0000,0.0000,0.0000,1
4.852,-8,11,17,1499,1501,-0.38,0.39,0.0000,0.0000,0.0000,1
4.870,-8,11,17,1499,1501,-0.38,0.39,0.0000,0.0000,0.0000,1
4.887,-9,10,17,1499,1501,-0.38,0.39,0.0000,0.0000,0.0000,1
4.905,-9,11,16,1499,1501,-0.38,0.39,0.0000,0.0000,0.0000,1
4.922,-10,11,16,1498,1501,-0.38,0.39,0.0000,0.0000,0.0000,1
4.940,-10,12,17,1498,1501,-0.38,0.39,0.0000,0.0000,0.0000,1
4.957,-12,13,16,1498,1501,-0.38,0.39,0.0000,0.0000,0.0000,1
4.975,-13,13,16,1498,1501,-0.38,0.39,0.0000,0.0000,0.0000,1
4.992,-15,13,15,1497,1501,-0.38,0.39,0.0000,0.0000,0.0000,1
5.009,-16,14,16,1497,1501,-0.38,0.39,0.0000,0.0000,0.0000,1
5.027,-17,14,16,1497,1501,-0.38,0.39,0.0000,0.0000,0.0000,1
5.045,-17,14,16,1497,1501,-0.38,0.39,0.0000,0.0000,0.0000,1
5.064,-18,13,16,1497,1501,-0.38,0.39,0.0000,0.0000,0.0000,1
5.082,-19,12,16,1497,1501,-0.38,0.39,0.0000,0.0000,0.0000,1
5.101,-19,12,14,1497,1501,-0.77,0.23,0.0000,0.0000,0.0000,1
5.119,-20,10,14,1496,1501,-0.77,0.23,0.0000,0.0000,0.0000,1
5.136,-20,9,14,1496,1501,-0.77,0.23,0.0000,0.0000,0.0000,1
5.153,-20,8,15,1496,1501,-0.77,0.23,0.0000,0.0000,0.0000,1
5.170,-20,8,15,1496,1501,-0.77,0.23,0.0000,0.0000,0.0000,1
5.188,-20,7,15,1496,1501,-0.77,0.23,0.0000,0.0000,0.0000,1
5.205,-21,6,14,1496,1501,-0.77,0.23,0.0000,0.0000,0.0000,1
5.222,-21,6,14,1496,1501,-0.77,0.23,0.0000,0.0000,0.0000,1
5.239,-21,5,14,1496,1501,-0.77,0.23,0.0000,0.0000,0.0000,1
5.257,-21,5,13,1496,1501,-0.77,0.23,0.0000,0.0000,0.0000,1
5.274,-21,6,13,1496,1501,-0.77,0.23,0.0000,0.0000,0.0000,1
5.292,-21,6,14,1496,1501,-0.77,0.23,0.0000,0.0000,0.0000,1
5.310,-21,6,14,1496,1501,-0.77,0.23,0.0000,0.0000,0.0000,1
5.328,-21,7,14,1496,1501,-0.77,0.23,0.0000,0.0000,0.0000,1
5.346,-21,7,13,1496,1501,-0.77,0.23,0.0000,0.0000,0.0000,1
5.366,-21,7,13,1496,1501,-0.42,-0.16,0.0000,0.0000,0.0000,1
5.383,-20,8,12,1496,1501,-0.42,-0.16,0.0000,0.0000,0.0000,1
5.400,-19,9,12,1497,1501,-0.42,-0.16,0.0000,0.0000,0.0000,1
5.417,-18,9,13,1497,1501,-0.42,-0.16,0.0000,0.0000,0.0000,1
5.435,-17,10,13,1497,1501,-0.42,-0.16,0.0000,0.0000,0.0000,1
5.452,-16,10,12,1497,1501,-0.42,-0.16,0.0000,0.0000,0.0000,1
5.470,-14,11,11,1498,1501,-0.42,-0.16,0.0000,0.0000,0.0000,1
5.488,-13,12,12,1498,1501,-0.42,-0.16,0.0000,0.0000,0.0000,1
5.506,-12,12,12,1498,1501,-0.42,-0.16,0.0000,0.0000,0.0000,1
5.523,-12,13,12,1498,1501,-0.42,-0.16,0.0000,0.0000,0.0000,1
5.540,-11,14,10,1498,1501,-0.42,-0.16,0.0000,0.0000,0.0000,1
5.557,-10,14,10,1498,1501,-0.42,-0.16,0.0000,0.0000,0.0000,1
5.574,-9,14,11,1499,1501,-0.42,-0.16,0.0000,0.0000,0.0000,1
5.591,-8,14,11,1499,1501,-0.42,-0.16,0.0000,0.0000,0.0000,1
5.609,-7,15,11,1499,1501,-0.40,0.08,0.0000,0.0000,0.0000,1
5.626,-6,14,9,1499,1500,-0.40,0.08,0.0000,0.0000,0.0000,1
5.643,-5,14,10,1499,1501,-0.40,0.08,0.0000,0.0000,0.0000,1
5.660,-5,14,10,1499,1501,-0.40,0.08,0.0000,0.0000,0.0000,1
5.677,-5,14,10,1499,1501,-0.40,0.08,0.0000,0.0000,0.0000,1
5.696,-4,14,9,1500,1500,-0.40,0.08,0.0000,0.0000,0.0000,1
5.713,-4,14,8,1500,1500,-0.40,0.08,0.0000,0.0000,0.0000,1
5.732,-4,13,9,1500,1500,-0.40,0.08,0.0000,0.0000,0.0000,1
5.750,-5,12,8,1499,1500,-0.40,0.08,0.0000,0.0000,0.0000,1
5.768,-5,12,8,1499,1500,-0.40,0.08,0.0000,0.0000,0.0000,1
5.786,-7,11,7,1499,1500,-0.40,0.08,0.0000,0.0000,0.0000,1
5.803,-8,10,8,1499,1500,-0.40,0.08,0.0000,0.0000,0.0000,1
5.820,-9,9,8,1499,1500,-0.40,0.08,0.0000,0.0000,0.0000,1
5.837,-10,8,7,1498,1500,-0.40,0.08,0.0000,0.0000,0.0000,1
5.857,-12,8,7,1498,1500,-0.59,-0.44,0.0000,0.0000,0.0000,1
5.874,-12,8,7,1498,1500,-0.59,-0.44,0.0000,0.0000,0.0000,1
5.893,-15,6,6,1497,1500,-0.59,-0.44,0.0000,0.0000,0.0000,1
5.911,-16,5,6,1497,1500,-0.59,-0.44,0.0000,0.0000,0.0000,1
5.929,-17,4,6,1497,1500,-0.59,-0.44,0.0000,0.0000,0.0000,1
5.947,-18,3,6,1497,1500,-0.59,-0.44,0.0000,0.0000,0.0000,1
5.964,-19,2,6,1497,1500,-0.59,-0.44,0.0000,0.0000,0.0000,1
5.983,-21,0,5,1496,1500,-0.59,-0.44,0.0000,0.0000,0.0000,1
6.001,-22,-1,5,1496,1500,-0.59,-0.44,0.0000,0.0000,0.0000,1
6.018,-22,-1,5,1496,1500,-0.59,-0.44,0.0000,0.0000,0.0000,1
6.035,-23,-1,4,1496,1500,-0.59,-0.44,0.0000,0.0000,0.0000,1
6.052,-23,-2,3,1496,1500,-0.59,-0.44,0.0000,0.0000,0.0000,1
6.070,-24,-1,3,1496,1500,-0.59,-0.44,0.0000,0.0000,0.0000,1
6.088,-24,-2,3,1496,1500,-0.59,-0.44,0.0000,0.0000,0.0000,1
6.107,-24,-1,2,1496,1500,-0.72,-1.11,0.0000,0.0000,0.0000,1
6.125,-24,-1,2,1496,1500,-0.72,-1.11,0.0000,0.0000,0.0000,1
6.143,-24,-1,2,1496,1500,-0.72,-1.11,0.0000,0.0000,0.0000,1
6.160,-23,0,2,1496,1500,-0.72,-1.11,0.0000,0.0000,0.0000,1
6.177,-22,1,2,1496,1500,-0.72,-1.11,0.0000,0.0000,0.0000,1
6.196,-22,2,2,1496,1500,-0.72,-1.11,0.0000,0.0000,0.0000,1
6.213,-21,2,3,1496,1500,-0.72,-1.11,0.0000,0.0000,0.0000,1
6.230,-20,3,2,1496,1500,-0.72,-1.11,0.0000,0.0000,0.0000,1
6.248,-19,5,2,1497,1500,-0.72,-1.11,0.0000,0.0000,0.0000,1
6.265,-19,5,2,1497,1500,-0.72,-1.11,0.0000,0.0000,0.0000,1
6.283,-17,7,3,1497,1500,-0.72,-1.11,0.0000,0.0000,0.0000,1
6.300,-17,7,3,1497,1500,-0.72,-1.11,0.0000,0.0000,0.0000,1
6.320,-15,9,3,1497,1500,-0.72,-1.11,0.0000,0.0000,0.0000,1
6.337,-14,10,2,1498,1500,-0.72,-1.11,0.0000,0.0000,0.0000,1
6.355,-12,11,2,1498,1500,-0.62,-0.54,0.0000,0.0000,0.0000,1
6.372,-11,12,2,1498,1500,-0.62,-0.54,0.0000,0.0000,0.0000,1
6.389,-10,13,2,1498,1500,-0.62,-0.54,0.0000,0.0000,0.0000,1
6.406,-9,14,2,1499,1500,-0.62,-0.54,0.0000,0.0000,0.0000,1
6.424,-7,15,1,1499,1500,-0.62,-0.54,0.0000,0.0000,0.0000,1
6.441,-6,16,0,1499,1500,-0.62,-0.54,0.0000,0.0000,0.0000,1
6.460,-5,16,0,1499,1500,-0.62,-0.54,0.0000,0.0000,0.0000,1
6.477,-4,17,1,1500,1500,-0.62,-0.54,0.0000,0.0000,0.0000,1
6.494,-2,17,1,1500,1500,-0.62,-0.54,0.0000,0.0000,0.0000,1
6.512,-1,17,2,1500,1500,-0.62,-0.54,0.0000,0.0000,0.0000,1
6.529,0,18,2,1500,1500,-0.62,-0.54,0.0000,0.0000,0.0000,1
6.547,1,18,2,1500,1500,-0.62,-0.54,0.0000,0.0000,0.0000,1
6.565,3,18,1,1500,1500,-0.62,-0.54,0.0000,0.0000,0.0000,1
6.582,5,18,1,1501,1500,-0.62,-0.54,0.0000,0.0000,0.0000,1
6.600,5,18,1,1501,1500,-0.28,-0.40,0.0000,0.0000,0.0000,1
6.617,6,18,0,1501,1500,-0.28,-0.40,0.0000,0.0000,0.0000,1
6.634,7,18,-1,1501,1500,-0.28,-0.40,0.0000,0.0000,0.0000,1
6.651,9,17,0,1501,1500,-0.28,-0.40,0.0000,0.0000,0.0000,1
6.669,9,17,0,1501,1500,-0.28,-0.40,0.0000,0.0000,0.0000,1
6.686,10,17,0,1502,1500,-0.28,-0.40,0.0000,0.0000,0.0000,1
6.703,11,16,1,1502,1500,-0.28,-0.40,0.0000,0.0000,0.0000,1
6.721,11,16,0,1502,1500,-0.28,-0.40,0.0000,0.0000,0.0000,1
6.738,12,16,0,1502,1500,-0.28,-0.40,0.0000,0.0000,0.0000,1
6.755,13,16,0,1502,1500,-0.28,-0.40,0.0000,0.0000,0.0000,1
6.773,14,16,0,1502,1500,-0.28,-0.40,0.0000,0.0000,0.0000,1
6.794,15,16,-1,1503,1500,-0.28,-0.40,0.0000,0.0000,0.0000,1
6.812,16,15,-1,1503,1500,-0.28,-0.40,0.0000,0.0000,0.0000,1
6.829,17,15,-1,1503,1500,-0.28,-0.40,0.0000,0.0000,0.0000,1
6.848,18,16,-2,1503,1500,0.21,-0.69,0.0000,0.0000,0.0000,1
6.865,19,16,-1,1503,1500,0.21,-0.69,0.0000,0.0000,0.0000,1
6.883,20,17,-2,1504,1500,0.21,-0.69,0.0000,0.0000,0.0000,1
6.900,22,17,-1,1504,1500,0.21,-0.69,0.0000,0.0000,0.0000,1
6.918,23,18,-1,1504,1500,0.21,-0.69,0.0000,0.0000,0.0000,1
6.937,24,18,-1,1504,1500,0.21,-0.69,0.0000,0.0000,0.0000,1
6.955,24,19,-1,1504,1500,0.21,-0.69,0.0000,0.0000,0.0000,1
6.973,23,19,-1,1504,1500,0.21,-0.69,0.0000,0.0000,0.0000,1
6.991,23,19,-1,1504,1500,0.21,-0.69,0.0000,0.0000,0.0000,1
7.009,22,18,0,1504,1500,0.21,-0.69,0.0000,0.0000,0.0000,1
7.027,21,17,-1,1504,1500,0.21,-0.69,0.0000,0.0000,0.0000,1
7.045,20,17,-1,1504,1500,0.21,-0.69,0.0000,0.0000,0.0000,1
7.063,19,16,-1,1503,1500,0.21,-0.69,0.0000,0.0000,0.0000,1
7.082,19,16,-1,1503,1500,0.21,-0.69,0.0000,0.0000,0.0000,1
7.101,17,16,-1,1503,1500,0.83,-1.00,0.0000,0.0000,0.0000,1
7.120,17,16,-1,1503,1500,0.83,-1.00,0.0000,0.0000,0.0000,1
7.138,16,16,-1,1503,1500,0.83,-1.00,0.0000,0.0000,0.0000,1
7.156,16,16,-1,1503,1500,0.83,-1.00,0.0000,0.0000,0.0000,1
7.174,15,16,-2,1503,1500,0.83,-1.00,0.0000,0.0000,0.0000,1
7.191,15,16,-2,1503,1500,0.83,-1.00,0.0000,0.0000,0.0000,1
7.209,14,17,-3,1502,1500,0.83,-1.00,0.0000,0.0000,0.0000,1
7.227,12,17,-3,1502,1500,0.83,-1.00,0.0000,0.0000,0.0000,1
7.244,11,17,-2,1502,1500,0.83,-1.00,0.0000,0.0000,0.0000,1
7.262,10,17,-2,1502,1500,0.83,-1.00,0.0000,0.0000,0.0000,1
7.280,9,17,-2,1501,1500,0.83,-1.00,0.0000,0.0000,0.0000,1
7.298,7,18,-2,1501,1500,0.83,-1.00,0.0000,0.0000,0.0000,1
7.317,7,18,-2,1501,1500,0.83,-1.00,0.0000,0.0000,0.0000,1
7.336,6,19,-3,1501,1500,0.83,-1.00,0.0000,0.0000,0.0000,1
7.353,6,19,-3,1501,1500,0.82,-0.91,0.0000,0.0000,0.0000,1
7.372,4,19,-2,1500,1500,0.82,-0.91,0.0000,0.0000,0.0000,1
7.390,3,19,-1,1500,1500,0.82,-0.91,0.0000,0.0000,0.0000,1
7.409,2,19,0,1500,1500,0.82,-0.91,0.0000,0.0000,0.0000,1
7.426,1,19,-1,1500,1500,0.82,-0.91,0.0000,0.0000,0.0000,1
7.444,0,19,-1,1500,1500,0.82,-0.91,0.0000,0.0000,0.0000,1
7.461,-1,19,-2,1500,1500,0.82,-0.91,0.0000,0.0000,0.0000,1
7.480,-1,20,-1,1500,1500,0.82,-0.91,0.0000,0.0000,0.0000,1
7.497,-2,20,0,1500,1500,0.82,-0.91,0.0000,0.0000,0.0000,1
7.515,-3,20,0,1500,1500,0.82,-0.91,0.0000,0.0000,0.0000,1
7.533,-3,21,-1,1500,1500,0.82,-0.91,0.0000,0.0000,0.0000,1
7.550,-4,20,0,1500,1500,0.82,-0.91,0.0000,0.0000,0.0000,1
7.569,-4,21,1,1500,1500,0.82,-0.91,0.0000,0.0000,0.0000,1
7.588,-4,21,1,1500,1500,0.82,-0.91,0.0000,0.0000,0.0000,1
7.607,-3,21,0,1500,1500,0.87,-0.75,0.0000,0.0000,0.0000,1
7.626,-3,21,0,1500,1500,0.87,-0.75,0.0000,0.0000,0.0000,1
7.643,-2,22,1,1500,1500,0.87,-0.75,0.0000,0.0000,0.0000,1
7.661,-2,22,1,1500,1500,0.87,-0.75,0.0000,0.0000,0.0000,1
7.679,-1,23,1,1500,1500,0.87,-0.75,0.0000,0.0000,0.0000,1
7.697,0,24,1,1500,1500,0.87,-0.75,0.0000,0.0000,0.0000,1
7.714,2,25,0,1500,1500,0.87,-0.75,0.0000,0.0000,0.0000,1
7.731,2,25,0,1500,1500,0.87,-0.75,0.0000,0.0000,0.0000,1
7.750,3,26,0,1500,1500,0.87,-0.75,0.0000,0.0000,0.0000,1
7.767,5,28,2,1501,1500,0.87,-0.75,0.0000,0.0000,0.0000,1
7.785,6,29,1,1501,1500,0.87,-0.75,0.0000,0.0000,0.0000,1
7.802,7,31,1,1501,1500,0.87,-0.75,0.0000,0.0000,0.0000,1
7.820,8,32,0,1501,1500,0.87,-0.75,0.0000,0.0000,0.0000,1
7.837,9,34,1,1501,1500,0.87,-0.75,0.0000,0.0000,0.0000,1
7.856,10,35,1,1502,1500,0.97,0.24,0.0000,0.0000,0.0000,1
7.874,11,36,1,1502,1500,0.97,0.24,0.0000,0.0000,0.0000,1
7.891,12,38,2,1502,1500,0.97,0.24,0.0000,0.0000,0.0000,1
7.908,13,39,2,1502,1500,0.97,0.24,0.0000,0.0000,0.0000,1
7.926,13,40,2,1502,1500,0.97,0.24,0.0000,0.0000,0.0000,1
7.944,14,40,3,1502,1500,0.97,0.24,0.0000,0.0000,0.0000,1
7.965,14,41,2,1502,1500,0.97,0.24,0.0000,0.0000,0.0000,1
7.983,15,42,3,1503,1500,0.97,0.24,0.0000,0.0000,0.0000,1
8.002,16,43,3,1503,1500,0.97,0.24,0.0000,0.0000,0.0000,1
8.021,16,43,3,1503,1500,0.97,0.24,0.0000,0.0000,0.0000,1
8.039,16,43,3,1503,1500,0.97,0.24,0.0000,0.0000,0.0000,1
8.057,17,42,3,1503,1500,0.97,0.24,0.0000,0.0000,0.0000,1
8.074,17,41,3,1503,1500,0.97,0.24,0.0000,0.0000,0.0000,1
8.091,17,41,3,1503,1500,0.97,0.24,0.0000,0.0000,0.0000,1
8.109,17,40,3,1503,1500,1.07,0.56,0.0000,0.0000,0.0000,1
8.128,17,40,3,1503,1500,1.07,0.56,0.0000,0.0000,0.0000,1
8.145,18,40,3,1503,1500,1.07,0.56,0.0000,0.0000,0.0000,1
8.165,18,39,3,1503,1500,1.07,0.56,0.0000,0.0000,0.0000,1
8.183,18,39,3,1503,1500,1.07,0.56,0.0000,0.0000,0.0000,1
8.200,18,39,3,1503,1500,1.07,0.56,0.0000,0.0000,0.0000,1
8.218,18,38,3,1503,1500,1.07,0.56,0.0000,0.0000,0.0000,1
8.237,18,38,3,1503,1500,1.07,0.56,0.0000,0.0000,0.0000,1
8.254,18,37,3,1503,1500,1.07,0.56,0.0000,0.0000,0.0000,1
8.272,17,36,3,1503,1500,1.07,0.56,0.0000,0.0000,0.0000,1
8.289,17,35,3,1503,1500,1.07,0.56,0.0000,0.0000,0.0000,1
8.306,16,34,3,1503,1500,1.07,0.56,0.0000,0.0000,0.0000,1
8.324,16,33,3,1503,1500,1.07,0.56,0.0000,0.0000,0.0000,1
8.341,15,31,3,1503,1500,1.07,0.56,0.0000,0.0000,0.0000,1
8.359,15,30,2,1503,1500,0.48,0.04,0.0000,0.0000,0.0000,1
8.376,15,28,2,1503,1500,0.48,0.04,0.0000,0.0000,0.0000,1
8.395,14,27,2,1502,1500,0.48,0.04,0.0000,0.0000,0.0000,1
8.413,13,26,2,1502,1500,0.48,0.04,0.0000,0.0000,0.0000,1
8.431,13,26,2,1502,1500,0.48,0.04,0.0000,0.0000,0.0000,1
8.448,12,25,1,1502,1500,0.48,0.04,0.0000,0.0000,0.0000,1
8.465,12,24,1,1502,1500,0.48,0.04,0.0000,0.0000,0.0000,1
8.484,10,23,1,1502,1500,0.48,0.04,0.0000,0.0000,0.0000,1
8.501,9,21,0,1501,1500,0.48,0.04,0.0000,0.0000,0.0000,1
8.519,9,21,0,1501,1500,0.48,0.04,0.0000,0.0000,0.0000,1
8.537,6,18,0,1501,1500,0.48,0.04,0.0000,0.0000,0.0000,1
8.554,4,17,-1,1500,1500,0.48,0.04,0.0000,0.0000,0.0000,1
8.572,2,15,-1,1500,1500,0.48,0.04,0.0000,0.0000,0.0000,1
8.589,-1,12,-2,1500,1500,0.48,0.04,0.0000,0.0000,0.0000,1
8.606,-3,11,-3,1500,1500,0.20,-0.90,0.0000,0.0000,0.0000,1
8.625,-4,11,-3,1500,1500,0.20,-0.90,0.0000,0.0000,0.0000,1
8.642,-4,11,-3,1500,1500,0.20,-0.90,0.0000,0.0000,0.0000,1
8.661,-7,11,-2,1499,1500,0.20,-0.90,0.0000,0.0000,0.0000,1
8.678,-8,12,-1,1499,1500,0.20,-0.90,0.0000,0.0000,0.0000,1
8.697,-9,13,-1,1499,1500,0.20,-0.90,0.0000,0.0000,0.0000,1
8.715,-10,14,-1,1498,1500,0.20,-0.90,0.0000,0.0000,0.0000,1
8.735,-12,16,0,1498,1500,0.20,-0.90,0.0000,0.0000,0.0000,1
8.753,-13,17,0,1498,1500,0.20,-0.90,0.0000,0.0000,0.0000,1
8.770,-14,19,0,1498,1500,0.20,-0.90,0.0000,0.0000,0.0000,1
8.787,-15,20,0,1497,1500,0.20,-0.90,0.0000,0.0000,0.0000,1
8.804,-16,21,-1,1497,1500,0.20,-0.90,0.0000,0.0000,0.0000,1
8.822,-17,22,-1,1497,1500,0.20,-0.90,0.0000,0.0000,0.0000,1
8.840,-18,22,-1,1497,1500,0.20,-0.90,0.0000,0.0000,0.0000,1
8.858,-18,23,0,1497,1500,0.37,-0.25,0.0000,0.0000,0.0000,1
8.875,-18,23,0,1497,1500,0.37,-0.25,0.0000,0.0000,0.0000,1
8.893,-19,23,0,1497,1500,0.37,-0.25,0.0000,0.0000,0.0000,1
8.911,-19,23,1,1497,1500,0.37,-0.25,0.0000,0.0000,0.0000,1
8.928,-20,24,1,1496,1500,0.37,-0.25,0.0000,0.0000,0.0000,1
8.945,-20,25,1,1496,1500,0.37,-0.25,0.0000,0.0000,0.0000,1
8.962,-20,25,0,1496,1500,0.37,-0.25,0.0000,0.0000,0.0000,1
8.980,-19,25,0,1497,1500,0.37,-0.25,0.0000,0.0000,0.0000,1
8.998,-20,25,0,1496,1500,0.37,-0.25,0.0000,0.0000,0.0000,1
9.017,-20,25,-1,1496,1500,0.37,-0.25,0.0000,0.0000,0.0000,1
9.035,-20,25,-1,1496,1500,0.37,-0.25,0.0000,0.0000,0.0000,1
9.052,-20,25,-2,1496,1500,0.37,-0.25,0.0000,0.0000,0.0000,1
9.069,-20,25,-2,1496,1500,0.37,-0.25,0.0000,0.0000,0.0000,1
9.087,-20,25,-2,1496,1500,0.37,-0.25,0.0000,0.0000,0.0000,1
9.104,-19,26,-2,1497,1500,0.40,-0.13,0.0000,0.0000,0.0000,1
9.125,-19,27,-1,1497,1500,0.40,-0.13,0.0000,0.0000,0.0000,1
9.143,-19,27,0,1497,1500,0.40,-0.13,0.0000,0.0000,0.0000,1
9.161,-18,28,0,1497,1500,0.40,-0.13,0.0000,0.0000,0.0000,1
9.178,-17,29,0,1497,1500,0.40,-0.13,0.0000,0.0000,0.0000,1
9.196,-17,28,0,1497,1500,0.40,-0.13,0.0000,0.0000,0.0000,1
9.213,-16,28,-1,1497,1500,0.40,-0.13,0.0000,0.0000,0.0000,1
9.231,-16,29,0,1497,1500,0.40,-0.13,0.0000,0.0000,0.0000,1
9.249,-15,29,0,1497,1500,0.40,-0.13,0.0000,0.0000,0.0000,1
9.271,-13,29,-1,1498,1500,0.40,-0.13,0.0000,0.0000,0.0000,1
9.289,-12,29,-1,1498,1500,0.40,-0.13,0.0000,0.0000,0.0000,1
9.306,-12,29,-1,1498,1500,0.40,-0.13,0.0000,0.0000,0.0000,1
9.324,-11,29,-1,1498,1500,0.40,-0.13,0.0000,0.0000,0.0000,1
9.341,-10,30,-1,1498,1500,0.33,-0.07,0.0000,0.0000,0.0000,1
9.361,-9,30,-1,1499,1500,0.33,-0.07,0.0000,0.0000,0.0000,1
9.378,-8,30,-2,1499,1500,0.33,-0.07,0.0000,0.0000,0.0000,1
9.395,-7,30,-2,1499,1500,0.33,-0.07,0.0000,0.0000,0.0000,1
9.413,-6,30,-3,1499,1500,0.33,-0.07,0.0000,0.0000,0.0000,1
9.431,-6,30,-2,1499,1500,0.33,-0.07,0.0000,0.0000,0.0000,1
9.449,-5,30,-2,1499,1500,0.33,-0.07,0.0000,0.0000,0.0000,1
9.468,-5,30,-2,1499,1500,0.33,-0.07,0.0000,0.0000,0.0000,1
9.486,-5,30,-1,1499,1500,0.33,-0.07,0.0000,0.0000,0.0000,1
9.503,-5,29,-1,1499,1500,0.33,-0.07,0.0000,0.0000,0.0000,1
9.523,-5,29,-1,1499,1500,0.33,-0.07,0.0000,0.0000,0.0000,1
9.542,-5,29,-1,1499,1500,0.33,-0.07,0.0000,0.0000,0.0000,1
9.559,-6,28,-1,1499,1500,0.33,-0.07,0.0000,0.0000,0.0000,1
9.577,-6,28,-1,1499,1500,0.33,-0.07,0.0000,0.0000,0.0000,1
9.594,-6,27,-1,1499,1500,0.01,-0.41,0.0000,0.0000,0.0000,1
9.612,-6,27,-1,1499,1500,0.01,-0.41,0.0000,0.0000,0.0000,1
9.631,-6,27,-1,1499,1500,0.01,-0.41,0.0000,0.0000,0.0000,1
9.648,-6,26,-1,1499,1500,0.01,-0.41,0.0000,0.0000,0.0000,1
9.666,-7,26,-2,1499,1500,0.01,-0.41,0.0000,0.0000,0.0000,1
9.683,-7,25,-2,1499,1500,0.01,-0.41,0.0000,0.0000,0.0000,1
9.700,-7,24,-2,1499,1500,0.01,-0.41,0.0000,0.0000,0.0000,1
9.719,-8,23,-2,1499,1500,0.01,-0.41,0.0000,0.0000,0.0000,1
9.736,-8,23,-2,1499,1500,0.01,-0.41,0.0000,0.0000,0.0000,1
9.754,-8,22,-2,1499,1500,0.01,-0.41,0.0000,0.0000,0.0000,1
9.772,-8,21,-2,1499,1500,0.01,-0.41,0.0000,0.0000,0.0000,1
9.790,-8,20,-2,1499,1500,0.01,-0.41,0.0000,0.0000,0.0000,1
9.808,-9,19,-3,1499,1500,0.01,-0.41,0.0000,0.0000,0.0000,1
9.826,-9,18,-3,1499,1500,0.01,-0.41,0.0000,0.0000,0.0000,1
9.845,-9,17,-4,1499,1500,0.16,-1.15,0.0000,0.0000,0.0000,1
9.862,-9,16,-4,1499,1500,0.16,-1.15,0.0000,0.0000,0.0000,1
9.879,-9,14,-4,1499,1500,0.16,-1.15,0.0000,0.0000,0.0000,1
9.897,-9,13,-4,1499,1500,0.16,-1.15,0.0000,0.0000,0.0000,1
9.917,-9,11,-4,1499,1500,0.16,-1.15,0.0000,0.0000,0.0000,1
9.934,-9,10,-4,1499,1500,0.16,-1.15,0.0000,0.0000,0.0000,1
9.951,-9,9,-4,1499,1500,0.16,-1.15,0.0000,0.0000,0.0000,1
9.969,-8,8,-4,1499,1500,0.16,-1.15,0.0000,0.0000,0.0000,1
9.986,-8,8,-4,1499,1500,0.16,-1.15,0.0000,0.0000,0.0000,1
10.003,-7,7,-5,1499,1500,0.16,-1.15,0.0000,0.0000,0.0000,1
10.020,-7,8,-4,1499,1500,0.16,-1.15,0.0000,0.0000,0.0000,1
10.039,-6,8,-5,1499,1500,0.16,-1.15,0.0000,0.0000,0.0000,1
10.057,-6,8,-4,1499,1500,0.16,-1.15,0.0000,0.0000,0.0000,1
10.074,-6,8,-4,1499,1500,0.16,-1.15,0.0000,0.0000,0.0000,1
10.092,-6,8,-4,1499,1500,0.11,-1.60,0.0000,0.0000,0.0000,1
10.111,-7,7,-4,1499,1500,0.11,-1.60,0.0000,0.0000,0.0000,1
10.129,-8,7,-4,1499,1500,0.11,-1.60,0.0000,0.0000,0.0000,1
10.150,-8,6,-3,1499,1500,0.11,-1.60,0.0000,0.0000,0.0000,1
10.167,-9,6,-3,1499,1500,0.11,-1.60,0.0000,0.0000,0.0000,1
10.186,-10,6,-3,1498,1500,0.11,-1.60,0.0000,0.0000,0.0000,1
10.206,-11,6,-3,1498,1500,0.11,-1.60,0.0000,0.0000,0.0000,1
10.224,-13,6,-4,1498,1500,0.11,-1.60,0.0000,0.0000,0.0000,1
10.241,-14,7,-4,1498,1500,0.11,-1.60,0.0000,0.0000,0.0000,1
10.258,-15,7,-4,1497,1500,0.11,-1.60,0.0000,0.0000,0.0000,1
10.279,-17,10,-4,1497,1500,0.11,-1.60,0.0000,0.0000,0.0000,1
10.297,-17,10,-4,1497,1500,0.11,-1.60,0.0000,0.0000,0.0000,1
10.314,-17,11,-4,1497,1500,0.11,-1.60,0.0000,0.0000,0.0000,1
10.332,-18,13,-4,1497,1500,0.11,-1.60,0.0000,0.0000,0.0000,1
10.351,-18,14,-3,1497,1500,0.14,-1.07,0.0000,0.0000,0.0000,1
10.369,-18,15,-3,1497,1500,0.14,-1.07,0.0000,0.0000,0.0000,1
10.387,-18,16,-3,1497,1500,0.14,-1.07,0.0000,0.0000,0.0000,1
10.405,-18,17,-3,1497,1500,0.14,-1.07,0.0000,0.0000,0.0000,1
10.423,-18,17,-4,1497,1500,0.14,-1.07,0.0000,0.0000,0.0000,1
10.442,-18,17,-4,1497,1500,0.14,-1.07,0.0000,0.0000,0.0000,1
10.460,-18,16,-3,1497,1500,0.14,-1.07,0.0000,0.0000,0.0000,1
10.477,-19,16,-4,1497,1500,0.14,-1.07,0.0000,0.0000,0.0000,1
10.495,-20,14,-3,1496,1500,0.14,-1.07,0.0000,0.0000,0.0000,1
10.514,-20,13,-3,1496,1500,0.14,-1.07,0.0000,0.0000,0.0000,1
10.531,-20,13,-3,1496,1500,0.14,-1.07,0.0000,0.0000,0.0000,1
10.550,-21,10,-3,1496,1500,0.14,-1.07,0.0000,0.0000,0.0000,1
10.567,-21,9,-3,1496,1500,0.14,-1.07,0.0000,0.0000,0.0000,1
10.585,-22,8,-4,1496,1500,0.14,-1.07,0.0000,0.0000,0.0000,1
10.607,-21,7,-4,1496,1500,0.64,-1.52,0.0000,0.0000,0.0000,1
10.625,-21,7,-4,1496,1500,0.64,-1.52,0.0000,0.0000,0.0000,1
10.643,-21,6,-5,1496,1500,0.64,-1.52,0.0000,0.0000,0.0000,1
10.661,-21,6,-4,1496,1500,0.64,-1.52,0.0000,0.0000,0.0000,1
10.678,-21,6,-3,1496,1500,0.64,-1.52,0.0000,0.0000,0.0000,1
10.695,-21,6,-2,1496,1500,0.64,-1.52,0.0000,0.0000,0.0000,1
10.714,-21,6,-3,1496,1500,0.64,-1.52,0.0000,0.0000,0.0000,1
10.732,-22,6,-4,1496,1500,0.64,-1.52,0.0000,0.0000,0.0000,1
10.749,-22,6,-4,1496,1500,0.64,-1.52,0.0000,0.0000,0.0000,1
10.766,-24,5,-4,1496,1500,0.64,-1.52,0.0000,0.0000,0.0000,1
10.783,-25,5,-5,1495,1500,0.64,-1.52,0.0000,0.0000,0.0000,1
10.800,-26,4,-3,1495,1500,0.64,-1.52,0.0000,0.0000,0.0000,1
10.818,-27,4,-4,1495,1500,0.64,-1.52,0.0000,0.0000,0.0000,1
10.835,-28,4,-2,1495,1500,0.64,-1.52,0.0000,0.0000,0.0000,1
10.853,-28,4,-2,1495,1500,0.75,-1.58,0.0000,0.0000,0.0000,1
10.871,-29,4,-2,1495,1500,0.75,-1.58,0.0000,0.0000,0.0000,1
10.890,-30,4,-2,1494,1500,0.75,-1.58,0.0000,0.0000,0.0000,1
10.908,-31,4,-2,1494,1500,0.75,-1.58,0.0000,0.0000,0.0000,1
10.926,-33,5,-2,1494,1500,0.75,-1.58,0.0000,0.0000,0.0000,1
10.944,-34,6,-2,1494,1500,0.75,-1.58,0.0000,0.0000,0.0000,1
10.962,-35,6,-1,1493,1500,0.75,-1.58,0.0000,0.0000,0.0000,1
10.980,-35,7,-1,1493,1500,0.75,-1.58,0.0000,0.0000,0.0000,1
10.997,-36,8,-2,1493,1500,0.75,-1.58,0.0000,0.0000,0.0000,1
11.016,-36,9,-2,1493,1500,0.75,-1.58,0.0000,0.0000,0.0000,1
11.033,-37,9,-1,1493,1500,0.75,-1.58,0.0000,0.0000,0.0000,1
11.050,-37,9,-1,1493,1500,0.75,-1.58,0.0000,0.0000,0.0000,1
11.067,-37,10,-1,1493,1500,0.75,-1.58,0.0000,0.0000,0.0000,1
11.086,-37,11,-2,1493,1500,0.75,-1.58,0.0000,0.0000,0.0000,1
11.104,-37,12,-1,1493,1500,1.15,-1.12,0.0000,0.0000,0.0000,1
11.122,-38,13,-1,1493,1500,1.15,-1.12,0.0000,0.0000,0.0000,1
11.140,-37,14,-1,1493,1500,1.15,-1.12,0.0000,0.0000,0.0000,1
11.157,-38,15,0,1493,1500,1.15,-1.12,0.0000,0.0000,0.0000,1
11.174,-37,17,-1,1493,1500,1.15,-1.12,0.0000,0.0000,0.0000,1
11.191,-38,17,-1,1493,1500,1.15,-1.12,0.0000,0.0000,0.0000,1
11.208,-38,18,-2,1493,1500,1.15,-1.12,0.0000,0.0000,0.0000,1
11.225,-38,19,-1,1493,1500,1.15,-1.12,0.0000,0.0000,0.0000,1
11.242,-39,20,0,1493,1500,1.15,-1.12,0.0000,0.0000,0.0000,1
11.260,-41,21,1,1492,1500,1.15,-1.12,0.0000,0.0000,0.0000,1
11.277,-41,21,1,1492,1500,1.15,-1.12,0.0000,0.0000,0.0000,1
11.298,-44,23,0,1492,1500,1.15,-1.12,0.0000,0.0000,0.0000,1
11.317,-45,24,0,1491,1500,1.15,-1.12,0.0000,0.0000,0.0000,1
11.334,-46,24,0,1491,1500,1.15,-1.12,0.0000,0.0000,0.0000,1
11.353,-47,25,0,1491,1500,0.95,-0.50,0.0000,0.0000,0.0000,1
11.371,-48,26,1,1491,1500,0.95,-0.50,0.0000,0.0000,0.0000,1
11.388,-48,26,1,1491,1500,0.95,-0.50,0.0000,0.0000,0.0000,1
11.405,-51,27,2,1485,1500,0.95,-0.50,0.0000,0.0000,0.0000,1
11.423,-52,28,2,1485,1500,0.95,-0.50,0.0000,0.0000,0.0000,1
11.440,-53,28,2,1485,1500,0.95,-0.50,0.0000,0.0000,0.0000,1
11.458,-54,29,2,1484,1500,0.95,-0.50,0.0000,0.0000,0.0000,1
11.475,-56,29,2,1484,1500,0.95,-0.50,0.0000,0.0000,0.0000,1
11.493,-58,30,1,1483,1500,0.95,-0.50,0.0000,0.0000,0.0000,1
11.511,-58,30,1,1483,1500,0.95,-0.50,0.0000,0.0000,0.0000,1
11.530,-60,30,2,1482,1500,0.95,-0.50,0.0000,0.0000,0.0000,1
11.549,-61,31,2,1482,1500,0.95,-0.50,0.0000,0.0000,0.0000,0
0.017,-61,31,2,1482,1500,0.95,-0.50,0.0000,0.0000,0.0000,0
0.034,-62,31,2,1482,1500,0.95,-0.50,0.0000,0.0000,0.0000,0
0.052,-62,31,1,1482,1500,-0.02,-0.32,0.0000,0.0000,0.0000,0
0.069,-63,31,2,1482,1500,-0.02,-0.32,0.0000,0.0000,0.0000,0
0.088,-63,31,1,1482,1500,-0.02,-0.32,0.0000,0.0000,0.0000,0
0.106,-63,31,2,1482,1500,-0.02,-0.32,0.0000,0.0000,0.0000,0
0.124,-63,31,2,1482,1500,-0.02,-0.32,0.0000,0.0000,0.0000,0
0.142,-63,32,3,1482,1500,-0.02,-0.32,0.0000,0.0000,0.0000,0
0.159,-64,32,2,1481,1500,-0.02,-0.32,0.0000,0.0000,0.0000,0
0.176,-64,33,2,1481,1500,-0.02,-0.32,0.0000,0.0000,0.0000,0
0.194,-64,33,2,1481,1500,-0.02,-0.32,0.0000,0.0000,0.0000,0
0.211,-65,33,2,1481,1500,-0.02,-0.32,0.0000,0.0000,0.0000,0
0.228,-66,34,2,1481,1500,-0.02,-0.32,0.0000,0.0000,0.0000,0
0.246,-68,34,3,1480,1500,-0.02,-0.32,0.0000,0.0000,0.0000,0
0.264,-69,34,3,1480,1500,-0.02,-0.32,0.0000,0.0000,0.0000,0
0.281,-69,34,4,1480,1500,-0.02,-0.32,0.0000,0.0000,0.0000,0
0.298,-70,34,4,1479,1500,-0.43,-0.18,0.0000,0.0000,0.0000,0
0.315,-71,34,4,1479,1500,-0.43,-0.18,0.0000,0.0000,0.0000,0
0.332,-72,33,3,1479,1500,-0.43,-0.18,0.0000,0.0000,0.0000,0
0.349,-72,33,4,1479,1500,-0.43,-0.18,0.0000,0.0000,0.0000,0
0.368,-73,33,4,1479,1500,-0.43,-0.18,0.0000,0.0000,0.0000,0
0.385,-73,33,4,1479,1500,-0.43,-0.18,0.0000,0.0000,0.0000,0
0.402,-74,33,4,1478,1500,-0.43,-0.18,0.0000,0.0000,0.0000,0
0.420,-75,33,3,1478,1500,-0.43,-0.18,0.0000,0.0000,0.0000,0
0.438,-75,33,4,1478,1500,-0.43,-0.18,0.0000,0.0000,0.0000,0
0.455,-76,33,3,1478,1500,-0.43,-0.18,0.0000,0.0000,0.0000,0
0.473,-76,33,3,1478,1500,-0.43,-0.18,0.0000,0.0000,0.0000,0
0.490,-77,33,3,1477,1500,-0.43,-0.18,0.0000,0.0000,0.0000,0
0.508,-78,34,4,1477,1500,-0.43,-0.18,0.0000,0.0000,0.0000,0
0.526,-79,34,3,1477,1500,-0.43,-0.18,0.0000,0.0000,0.0000,0
0.543,-80,35,3,1476,1500,-0.54,-0.21,0.0000,0.0000,0.0000,0
0.560,-81,35,3,1476,1500,-0.54,-0.21,0.0000,0.0000,0.0000,0
0.578,-82,36,2,1476,1500,-0.54,-0.21,0.0000,0.0000,0.0000,0
0.595,-83,36,2,1476,1500,-0.54,-0.21,0.0000,0.0000,0.0000,0
0.612,-85,37,2,1475,1500,-0.54,-0.21,0.0000,0.0000,0.0000,0
0.630,-87,37,2,1474,1500,-0.54,-0.21,0.0000,0.0000,0.0000,0
0.647,-89,38,2,1474,1500,-0.54,-0.21,0.0000,0.0000,0.0000,0
0.666,-90,39,2,1473,1500,-0.54,-0.21,0.0000,0.0000,0.0000,0
0.684,-92,39,2,1473,1500,-0.54,-0.21,0.0000,0.0000,0.0000,0
0.701,-94,39,2,1472,1500,-0.54,-0.21,0.0000,0.0000,0.0000,0
0.720,-96,38,1,1472,1500,-0.54,-0.21,0.0000,0.0000,0.0000,0
0.738,-98,38,1,1471,1500,-0.54,-0.21,0.0000,0.0000,0.0000,0
0.756,-100,37,1,1470,1500,-0.54,-0.21,0.0000,0.0000,0.0000,0
0.774,-102,36,1,1470,1500,-0.54,-0.21,0.0000,0.0000,0.0000,0
0.791,-104,36,1,1470,1500,-0.57,-0.27,0.0000,0.0000,0.0000,0
0.808,-106,36,2,1470,1500,-0.57,-0.27,0.0000,0.0000,0.0000,0
0.826,-107,35,2,1470,1500,-0.57,-0.27,0.0000,0.0000,0.0000,0
0.844,-108,34,3,1470,1500,-0.57,-0.27,0.0000,0.0000,0.0000,0
0.861,-110,34,2,1470,1500,-0.57,-0.27,0.0000,0.0000,0.0000,0
0.879,-112,34,2,1470,1500,-0.57,-0.27,0.0000,0.0000,0.0000,0
0.898,-113,34,2,1470,1500,-0.57,-0.27,0.0000,0.0000,0.0000,0
0.916,-114,35,2,1470,1500,-0.57,-0.27,0.0000,0.0000,0.0000,0
0.933,-115,37,2,1470,1500,-0.57,-0.27,0.0000,0.0000,0.0000,0
0.950,-115,39,1,1470,1500,-0.57,-0.27,0.0000,0.0000,0.0000,0
0.967,-115,39,2,1470,1500,-0.57,-0.27,0.0000,0.0000,0.0000,0
0.984,-115,39,2,1470,1500,-0.57,-0.27,0.0000,0.0000,0.0000,0
1.001,-115,39,3,1470,1500,-0.57,-0.27,0.0000,0.0000,0.0000,0
1.019,-115,39,3,1470,1500,-0.57,-0.27,0.0000,0.0000,0.0000,0
1.036,-115,40,3,1470,1500,-1.50,-0.14,0.0000,0.0000,0.0000,0
1.054,-114,40,2,1470,1500,-1.50,-0.14,0.0000,0.0000,0.0000,0
1.071,-113,38,3,1470,1500,-1.50,-0.14,0.0000,0.0000,0.0000,0
1.088,-113,37,3,1470,1500,-1.50,-0.14,0.0000,0.0000,0.0000,0
1.106,-112,35,2,1470,1500,-1.50,-0.14,0.0000,0.0000,0.0000,0
1.123,-112,34,3,1470,1500,-1.50,-0.14,0.0000,0.0000,0.0000,0
1.140,-111,33,2,1470,1500,-1.50,-0.14,0.0000,0.0000,0.0000,0
1.157,-111,31,1,1470,1500,-1.50,-0.14,0.0000,0.0000,0.0000,0
1.174,-111,29,0,1470,1500,-1.50,-0.14,0.0000,0.0000,0.0000,0
1.191,-111,28,0,1470,1500,-1.50,-0.14,0.0000,0.0000,0.0000,0
1.208,-112,26,2,1470,1500,-1.50,-0.14,0.0000,0.0000,0.0000,0
1.226,-112,25,2,1470,1500,-1.50,-0.14,0.0000,0.0000,0.0000,0
1.243,-113,24,2,1470,1500,-1.50,-0.14,0.0000,0.0000,0.0000,0
1.260,-113,23,2,1470,1500,-1.50,-0.14,0.0000,0.0000,0.0000,0
1.278,-113,23,1,1470,1500,-1.50,-0.14,0.0000,0.0000,0.0000,0
1.295,-114,23,1,1470,1500,-1.31,-0.99,0.0000,0.0000,0.0000,0
1.312,-114,22,0,1470,1500,-1.31,-0.99,0.0000,0.0000,0.0000,0
1.329,-115,22,2,1470,1500,-1.31,-0.99,0.0000,0.0000,0.0000,0
1.347,-115,22,2,1470,1500,-1.31,-0.99,0.0000,0.0000,0.0000,0
1.364,-115,22,3,1470,1500,-1.31,-0.99,0.0000,0.0000,0.0000,0
1.384,-115,22,3,1470,1500,-1.31,-0.99,0.0000,0.0000,0.0000,0
1.402,-115,21,2,1470,1500,-1.31,-0.99,0.0000,0.0000,0.0000,0
1.419,-116,21,3,1470,1500,-1.31,-0.99,0.0000,0.0000,0.0000,0
1.438,-117,20,1,1470,1500,-1.31,-0.99,0.0000,0.0000,0.0000,0
1.456,-118,21,1,1470,1500,-1.31,-0.99,0.0000,0.0000,0.0000,0
1.474,-119,22,2,1470,1500,-1.31,-0.99,0.0000,0.0000,0.0000,0
1.491,-119,25,2,1470,1500,-1.31,-0.99,0.0000,0.0000,0.0000,0
1.509,-119,26,3,1470,1500,-1.31,-0.99,0.0000,0.0000,0.0000,0
1.526,-119,26,2,1470,1500,-1.31,-0.99,0.0000,0.0000,0.0000,0
1.543,-119,26,2,1470,1500,-0.71,-0.69,0.0000,0.0000,0.0000,0
1.561,-118,28,2,1470,1500,-0.71,-0.69,0.0000,0.0000,0.0000,0
1.578,-117,28,3,1470,1500,-0.71,-0.69,0.0000,0.0000,0.0000,0
1.595,-117,28,3,1470,1500,-0.71,-0.69,0.0000,0.0000,0.0000,0
1.621,-115,29,2,1470,1500,-0.71,-0.69,0.0000,0.0000,0.0000,0
1.642,-113,29,3,1470,1500,-0.71,-0.69,0.0000,0.0000,0.0000,0
1.660,-111,28,2,1470,1500,-0.71,-0.69,0.0000,0.0000,0.0000,0
1.678,-108,25,4,1470,1500,-0.71,-0.69,0.0000,0.0000,0.0000,0
1.695,-106,25,2,1470,1500,-0.71,-0.69,0.0000,0.0000,0.0000,0
1.712,-103,25,2,1470,1500,-0.71,-0.69,0.0000,0.0000,0.0000,0
1.729,-101,25,1,1470,1500,-0.71,-0.69,0.0000,0.0000,0.0000,0
1.747,-99,25,3,1471,1500,-0.71,-0.69,0.0000,0.0000,0.0000,0
1.764,-96,26,2,1472,1500,-0.71,-0.69,0.0000,0.0000,0.0000,0
1.782,-94,26,4,1472,1500,-0.71,-0.69,0.0000,0.0000,0.0000,0
1.799,-92,25,2,1473,1500,-0.59,-0.63,0.0000,0.0000,0.0000,0
1.817,-90,24,3,1473,1500,-0.59,-0.63,0.0000,0.0000,0.0000,0
1.836,-88,23,2,1474,1500,-0.59,-0.63,0.0000,0.0000,0.0000,0
1.854,-87,23,3,1474,1500,-0.59,-0.63,0.0000,0.0000,0.0000,0
1.872,-85,22,4,1475,1500,-0.59,-0.63,0.0000,0.0000,0.0000,0
1.891,-84,22,4,1475,1500,-0.59,-0.63,0.0000,0.0000,0.0000,0
1.908,-83,21,4,1476,1500,-0.59,-0.63,0.0000,0.0000,0.0000,0
1.927,-82,21,4,1476,1500,-0.59,-0.63,0.0000,0.0000,0.0000,0
1.944,-80,20,2,1476,1500,-0.59,-0.63,0.0000,0.0000,0.0000,0
1.962,-78,20,2,1477,1500,-0.59,-0.63,0.0000,0.0000,0.0000,0
1.979,-77,20,2,1477,1500,-0.59,-0.63,0.0000,0.0000,0.0000,0
1.997,-75,19,4,1478,1500,-0.59,-0.63,0.0000,0.0000,0.0000,0
2.015,-73,19,4,1479,1500,-0.59,-0.63,0.0000,0.0000,0.0000,0
2.032,-72,19,5,1479,1500,-0.19,-0.63,0.0000,0.0000,0.0000,0
2.049,-70,19,4,1479,1500,-0.19,-0.63,0.0000,0.0000,0.0000,0
2.066,-70,19,4,1479,1500,-0.19,-0.63,0.0000,0.0000,0.0000,0
2.085,-68,19,5,1480,1500,-0.19,-0.63,0.0000,0.0000,0.0000,0
2.106,-66,19,3,1481,1500,-0.19,-0.63,0.0000,0.0000,0.0000,0
2.125,-63,21,5,1482,1500,-0.19,-0.63,0.0000,0.0000,0.0000,0
2.142,-62,22,6,1482,1500,-0.19,-0.63,0.0000,0.0000,0.0000,0
2.160,-60,23,6,1482,1500,-0.19,-0.63,0.0000,0.0000,0.0000,1
2.179,-58,25,5,1483,1500,-0.19,-0.63,0.0000,0.0000,0.0000,1
2.197,-58,25,7,1483,1500,-0.19,-0.63,0.0000,0.0000,0.0000,1
2.215,-57,25,7,1483,1500,-0.19,-0.63,0.0000,0.0000,0.0000,1
2.232,-56,23,8,1484,1500,-0.19,-0.63,0.0000,0.0000,0.0000,1
2.249,-55,23,7,1484,1500,-0.19,-0.63,0.0000,0.0000,0.0000,1
2.266,-54,22,7,1484,1500,-0.19,-0.63,0.0000,0.0000,0.0000,1
2.283,-54,21,8,1484,1500,-0.42,-0.14,0.0000,0.0000,0.0000,1
2.300,-54,21,8,1484,1500,-0.42,-0.14,0.0000,0.0000,0.0000,1
2.318,-53,21,8,1485,1500,-0.42,-0.14,0.0000,0.0000,0.0000,1
2.335,-53,21,8,1485,1500,-0.42,-0.14,0.0000,0.0000,0.0000,1
2.353,-52,21,8,1485,1500,-0.42,-0.14,0.0000,0.0000,0.0000,1
2.371,-51,21,8,1485,1500,-0.42,-0.14,0.0000,0.0000,0.0000,1
2.388,-51,21,8,1485,1500,-0.42,-0.14,0.0000,0.0000,0.0000,1
2.410,-49,21,8,1491,1500,-0.42,-0.14,0.0000,0.0000,0.0000,1
2.429,-47,21,9,1491,1500,-0.42,-0.14,0.0000,0.0000,0.0000,1
2.446,-46,21,9,1491,1500,-0.42,-0.14,0.0000,0.0000,0.0000,1
2.463,-45,21,9,1491,1500,-0.42,-0.14,0.0000,0.0000,0.0000,1
2.481,-43,21,9,1492,1500,-0.42,-0.14,0.0000,0.0000,0.0000,1
2.499,-41,20,10,1492,1501,-0.42,-0.14,0.0000,0.0000,0.0000,1
2.517,-40,19,9,1492,1500,-0.42,-0.14,0.0000,0.0000,0.0000,1
2.534,-38,18,9,1493,1500,-0.01,0.19,0.0000,0.0000,0.0000,1
2.551,-37,18,9,1493,1500,-0.01,0.19,0.0000,0.0000,0.0000,1
2.569,-35,17,10,1493,1501,-0.01,0.19,0.0000,0.0000,0.0000,1
2.586,-34,17,9,1494,1500,-0.01,0.19,0.0000,0.0000,0.0000,1
2.603,-32,16,10,1494,1501,-0.01,0.19,0.0000,0.0000,0.0000,1
2.621,-30,16,10,1494,1501,-0.01,0.19,0.0000,0.0000,0.0000,1
2.639,-28,16,9,1495,1500,-0.01,0.19,0.0000,0.0000,0.0000,1
2.656,-25,15,10,1495,1501,-0.01,0.19,0.0000,0.0000,0.0000,1
2.674,-20,14,10,1496,1501,-0.01,0.19,0.0000,0.0000,0.0000,1
2.692,-20,14,10,1496,1501,-0.01,0.19,0.0000,0.0000,0.0000,1
2.712,-13,14,10,1498,1501,-0.01,0.19,0.0000,0.0000,0.0000,1
2.729,-10,15,9,1498,1500,-0.01,0.19,0.0000,0.0000,0.0000,1
2.747,-6,15,10,1499,1501,-0.01,0.19,0.0000,0.0000,0.0000,1
2.764,-2,15,10,1500,1501,-0.01,0.19,0.0000,0.0000,0.0000,1
2.782,3,15,10,1500,1501,-0.01,0.19,0.0000,0.0000,0.0000,1
2.799,7,15,11,1501,1501,0.98,0.28,0.0000,0.0000,0.0000,1
2.816,11,16,11,1502,1501,0.98,0.28,0.0000,0.0000,0.0000,1
2.833,11,16,11,1502,1501,0.98,0.28,0.0000,0.0000,0.0000,1
2.852,19,15,11,1503,1501,0.98,0.28,0.0000,0.0000,0.0000,1
2.870,23,15,10,1504,1501,0.98,0.28,0.0000,0.0000,0.0000,1
2.887,26,15,11,1505,1501,0.98,0.28,0.0000,0.0000,0.0000,1
2.906,30,15,11,1506,1501,0.98,0.28,0.0000,0.0000,0.0000,1
2.923,33,15,11,1506,1501,0.98,0.28,0.0000,0.0000,0.0000,1
2.940,36,15,11,1507,1501,0.98,0.28,0.0000,0.0000,0.0000,1
2.958,38,15,10,1507,1501,0.98,0.28,0.0000,0.0000,0.0000,1
2.975,44,16,11,1508,1501,0.98,0.28,0.0000,0.0000,0.0000,1
2.992,47,16,11,1509,1501,0.98,0.28,0.0000,0.0000,0.0000,1
3.009,50,16,12,1510,1501,0.98,0.28,0.0000,0.0000,0.0000,1
3.027,50,16,12,1510,1501,0.98,0.28,0.0000,0.0000,0.0000,1
3.045,56,16,11,1516,1501,1.65,0.55,0.0000,0.0000,0.0000,1
3.063,59,16,10,1517,1501,1.65,0.55,0.0000,0.0000,0.0000,1
3.084,62,16,10,1517,1501,1.65,0.55,0.0000,0.0000,0.0000,0
0.017,62,16,10,1518,1501,1.65,0.55,0.0000,0.0000,0.0000,0
0.036,68,15,11,1520,1501,1.65,0.55,0.0000,0.0000,0.0000,0
0.053,70,15,11,1521,1501,1.65,0.55,0.0000,0.0000,0.0000,0
0.070,73,15,12,1521,1501,1.65,0.55,0.0000,0.0000,0.0000,0
0.088,76,15,11,1522,1501,1.65,0.55,0.0000,0.0000,0.0000,0
0.105,79,15,11,1523,1501,1.65,0.55,0.0000,0.0000,0.0000,0
0.122,85,15,11,1525,1501,1.65,0.55,0.0000,0.0000,0.0000,0
0.143,88,15,10,1526,1501,1.65,0.55,0.0000,0.0000,0.0000,0
0.160,91,15,11,1527,1501,1.65,0.55,0.0000,0.0000,0.0000,0
0.177,94,15,12,1528,1501,1.65,0.55,0.0000,0.0000,0.0000,0
0.195,97,16,12,1529,1501,1.65,0.55,0.0000,0.0000,0.0000,0
0.216,100,16,12,1530,1501,1.82,0.81,0.0000,0.0000,0.0000,0
0.233,100,16,12,1530,1501,1.82,0.81,0.0000,0.0000,0.0000,0
0.251,103,17,12,1530,1501,1.82,0.81,0.0000,0.0000,0.0000,0
0.270,105,17,12,1530,1501,1.82,0.81,0.0000,0.0000,0.0000,0
0.288,108,17,12,1530,1501,1.82,0.81,0.0000,0.0000,0.0000,0
0.307,112,18,13,1530,1501,1.82,0.81,0.0000,0.0000,0.0000,0
0.324,115,18,13,1530,1501,1.82,0.81,0.0000,0.0000,0.0000,0
0.341,117,18,14,1530,1501,1.82,0.81,0.0000,0.0000,0.0000,0
0.359,120,18,13,1530,1501,1.82,0.81,0.0000,0.0000,0.0000,0
0.376,122,17,12,1530,1501,1.82,0.81,0.0000,0.0000,0.0000,0
0.393,123,16,12,1530,1501,1.82,0.81,0.0000,0.0000,0.0000,0
0.410,123,16,13,1530,1501,1.82,0.81,0.0000,0.0000,0.0000,0
0.427,124,15,13,1530,1501,1.82,0.81,0.0000,0.0000,0.0000,0
0.445,124,15,12,1530,1501,2.24,0.85,0.0000,0.0000,0.0000,0
0.466,124,15,12,1530,1501,2.24,0.85,0.0000,0.0000,0.0000,0
0.485,124,15,12,1530,1501,2.24,0.85,0.0000,0.0000,0.0000,0
0.505,124,14,11,1530,1501,2.24,0.85,0.0000,0.0000,0.0000,0
0.522,123,14,12,1530,1501,2.24,0.85,0.0000,0.0000,0.0000,0
0.540,121,14,12,1530,1501,2.24,0.85,0.0000,0.0000,0.0000,0
0.558,118,14,11,1530,1501,2.24,0.85,0.0000,0.0000,0.0000,0
0.576,116,13,11,1530,1501,2.24,0.85,0.0000,0.0000,0.0000,0
0.593,115,13,12,1530,1501,2.24,0.85,0.0000,0.0000,0.0000,0
0.611,113,13,12,1530,1501,2.24,0.85,0.0000,0.0000,0.0000,0
0.628,111,13,12,1530,1501,2.24,0.85,0.0000,0.0000,0.0000,0
0.646,108,14,11,1530,1501,2.24,0.85,0.0000,0.0000,0.0000,0
0.663,106,14,10,1530,1501,2.24,0.85,0.0000,0.0000,0.0000,0
0.680,105,14,10,1530,1501,2.24,0.85,0.0000,0.0000,0.0000,0
0.698,102,15,11,1530,1501,1.66,0.83,0.0000,0.0000,0.0000,0
0.715,100,16,11,1530,1501,1.66,0.83,0.0000,0.0000,0.0000,0
0.733,100,16,11,1530,1501,1.66,0.83,0.0000,0.0000,0.0000,0
0.750,98,16,11,1529,1501,1.66,0.83,0.0000,0.0000,0.0000,0
0.768,93,16,10,1527,1501,1.66,0.83,0.0000,0.0000,0.0000,0
0.786,91,16,11,1527,1501,1.66,0.83,0.0000,0.0000,0.0000,0
0.804,88,15,10,1526,1501,1.66,0.83,0.0000,0.0000,0.0000,0
0.824,83,14,10,1524,1501,1.66,0.83,0.0000,0.0000,0.0000,0
0.842,80,14,10,1524,1501,1.66,0.83,0.0000,0.0000,0.0000,0
0.859,77,13,9,1523,1500,1.66,0.83,0.0000,0.0000,0.0000,0
0.876,74,12,10,1522,1501,1.66,0.83,0.0000,0.0000,0.0000,0
0.894,70,12,10,1521,1501,1.66,0.83,0.0000,0.0000,0.0000,0
0.911,70,12,10,1521,1501,1.66,0.83,0.0000,0.0000,0.0000,0
0.930,64,11,9,1519,1500,1.66,0.83,0.0000,0.0000,0.0000,0
0.947,64,11,9,1519,1500,0.77,0.21,0.0000,0.0000,0.0000,0
0.964,61,10,9,1518,1500,0.77,0.21,0.0000,0.0000,0.0000,0
0.982,59,10,9,1517,1500,0.77,0.21,0.0000,0.0000,0.0000,1
1.000,54,9,9,1516,1500,0.77,0.21,0.0000,0.0000,0.0000,1
1.018,52,9,9,1515,1500,0.77,0.21,0.0000,0.0000,0.0000,1
1.035,50,9,8,1510,1500,0.77,0.21,0.0000,0.0000,0.0000,1
1.058,46,9,8,1509,1500,0.77,0.21,0.0000,0.0000,0.0000,1
1.077,46,9,8,1509,1500,0.77,0.21,0.0000,0.0000,0.0000,1
1.095,42,9,7,1508,1500,0.77,0.21,0.0000,0.0000,0.0000,1
1.113,42,9,7,1508,1500,0.77,0.21,0.0000,0.0000,0.0000,1
1.130,38,8,7,1507,1500,0.77,0.21,0.0000,0.0000,0.0000,1
1.148,37,8,6,1507,1500,0.77,0.21,0.0000,0.0000,0.0000,1
1.165,35,8,6,1507,1500,0.77,0.21,0.0000,0.0000,0.0000,1
1.183,33,8,7,1506,1500,0.77,0.21,0.0000,0.0000,0.0000,1
1.200,31,8,6,1506,1500,-0.19,-0.10,0.0000,0.0000,0.0000,1
1.219,30,8,6,1506,1500,-0.19,-0.10,0.0000,0.0000,0.0000,1
1.236,28,9,5,1505,1500,-0.19,-0.10,0.0000,0.0000,0.0000,1
1.253,26,9,5,1505,1500,-0.19,-0.10,0.0000,0.0000,0.0000,1
1.271,25,9,6,1505,1500,-0.19,-0.10,0.0000,0.0000,0.0000,1
1.292,24,9,5,1504,1500,-0.19,-0.10,0.0000,0.0000,0.0000,1
1.309,23,9,5,1504,1500,-0.19,-0.10,0.0000,0.0000,0.0000,1
1.328,22,9,5,1504,1500,-0.19,-0.10,0.0000,0.0000,0.0000,1
1.346,21,10,5,1504,1500,-0.19,-0.10,0.0000,0.0000,0.0000,1
1.364,19,11,5,1503,1500,-0.19,-0.10,0.0000,0.0000,0.0000,1
1.381,19,11,4,1503,1500,-0.19,-0.10,0.0000,0.0000,0.0000,1
1.398,18,12,5,1503,1500,-0.19,-0.10,0.0000,0.0000,0.0000,1
1.415,18,12,5,1503,1500,-0.19,-0.10,0.0000,0.0000,0.0000,1
1.433,17,11,5,1503,1500,-0.19,-0.10,0.0000,0.0000,0.0000,1
1.450,17,11,5,1503,1500,-0.69,-0.17,0.0000,0.0000,0.0000,1
1.468,17,11,5,1503,1500,-0.69,-0.17,0.0000,0.0000,0.0000,1
1.485,17,11,5,1503,1500,-0.69,-0.17,0.0000,0.0000,0.0000,1
1.503,17,10,4,1503,1500,-0.69,-0.17,0.0000,0.0000,0.0000,1
1.521,17,10,4,1503,1500,-0.69,-0.17,0.0000,0.0000,0.0000,1
1.538,18,10,3,1503,1500,-0.69,-0.17,0.0000,0.0000,0.0000,1
1.556,19,10,3,1503,1500,-0.69,-0.17,0.0000,0.0000,0.0000,1
1.573,20,9,2,1504,1500,-0.69,-0.17,0.0000,0.0000,0.0000,1
1.591,22,9,4,1504,1500,-0.69,-0.17,0.0000,0.0000,0.0000,1
1.608,23,10,3,1504,1500,-0.69,-0.17,0.0000,0.0000,0.0000,1
1.625,24,10,4,1504,1500,-0.69,-0.17,0.0000,0.0000,0.0000,1
1.642,25,12,4,1505,1500,-0.69,-0.17,0.0000,0.0000,0.0000,1
1.660,26,13,3,1505,1500,-0.69,-0.17,0.0000,0.0000,0.0000,1
1.678,27,14,3,1505,1500,-0.69,-0.17,0.0000,0.0000,0.0000,1
1.695,28,15,2,1505,1500,-0.17,0.01,0.0000,0.0000,0.0000,1
1.714,28,15,2,1505,1500,-0.17,0.01,0.0000,0.0000,0.0000,1
1.732,29,17,3,1505,1500,-0.17,0.01,0.0000,0.0000,0.0000,1
1.749,30,17,3,1506,1500,-0.17,0.01,0.0000,0.0000,0.0000,1
1.768,33,19,2,1506,1500,-0.17,0.01,0.0000,0.0000,0.0000,1
1.786,34,20,1,1506,1500,-0.17,0.01,0.0000,0.0000,0.0000,1
1.804,34,21,1,1506,1500,-0.17,0.01,0.0000,0.0000,0.0000,1
1.822,36,22,2,1507,1500,-0.17,0.01,0.0000,0.0000,0.0000,1
1.839,36,22,2,1507,1500,-0.17,0.01,0.0000,0.0000,0.0000,1
1.856,36,22,1,1507,1500,-0.17,0.01,0.0000,0.0000,0.0000,1
1.875,36,21,1,1507,1500,-0.17,0.01,0.0000,0.0000,0.0000,1
1.892,36,21,1,1507,1500,-0.17,0.01,0.0000,0.0000,0.0000,1
1.910,36,20,1,1507,1500,-0.17,0.01,0.0000,0.0000,0.0000,1
1.928,35,19,0,1507,1500,-0.17,0.01,0.0000,0.0000,0.0000,1
1.945,34,18,1,1506,1500,0.39,-0.04,0.0000,0.0000,0.0000,1
1.963,33,17,1,1506,1500,0.39,-0.04,0.0000,0.0000,0.0000,1
1.980,33,17,1,1506,1500,0.39,-0.04,0.0000,0.0000,0.0000,1
1.997,32,15,0,1506,1500,0.39,-0.04,0.0000,0.0000,0.0000,1
2.016,30,14,0,1506,1500,0.39,-0.04,0.0000,0.0000,0.0000,1
2.036,28,13,0,1505,1500,0.39,-0.04,0.0000,0.0000,0.0000,1
2.053,27,13,0,1505,1500,0.39,-0.04,0.0000,0.0000,0.0000,1
2.071,25,13,-1,1505,1500,0.39,-0.04,0.0000,0.0000,0.0000,1
2.089,23,13,-1,1504,1500,0.39,-0.04,0.0000,0.0000,0.0000,1
2.107,22,12,-2,1504,1500,0.39,-0.04,0.0000,0.0000,0.0000,1
2.124,20,12,-2,1504,1500,0.39,-0.04,0.0000,0.0000,0.0000,1
2.141,20,12,-3,1504,1500,0.39,-0.04,0.0000,0.0000,0.0000,1
2.158,19,12,-3,1503,1500,0.39,-0.04,0.0000,0.0000,0.0000,1
2.176,18,11,-4,1503,1500,0.39,-0.04,0.0000,0.0000,0.0000,1
2.193,17,11,-3,1503,1500,-0.16,-0.46,0.0000,0.0000,0.0000,1
2.210,16,11,-3,1503,1500,-0.16,-0.46,0.0000,0.0000,0.0000,1
2.228,16,11,-3,1503,1500,-0.16,-0.46,0.0000,0.0000,0.0000,1
2.245,15,11,-4,1503,1500,-0.16,-0.46,0.0000,0.0000,0.0000,1
2.262,14,12,-4,1502,1500,-0.16,-0.46,0.0000,0.0000,0.0000,1
2.281,13,13,-5,1502,1500,-0.16,-0.46,0.0000,0.0000,0.0000,1
2.299,12,13,-3,1502,1500,-0.16,-0.46,0.0000,0.0000,0.0000,1
2.316,12,14,-3,1502,1500,-0.16,-0.46,0.0000,0.0000,0.0000,1
2.333,12,14,-3,1502,1500,-0.16,-0.46,0.0000,0.0000,0.0000,1
2.351,12,14,-2,1502,1500,-0.16,-0.46,0.0000,0.0000,0.0000,1
2.370,12,15,-2,1502,1500,-0.16,-0.46,0.0000,0.0000,0.0000,1
2.387,12,15,-2,1502,1500,-0.16,-0.46,0.0000,0.0000,0.0000,1
2.405,13,16,-2,1502,1500,-0.16,-0.46,0.0000,0.0000,0.0000,1
2.424,14,17,-3,1502,1500,-0.16,-0.46,0.0000,0.0000,0.0000,1
2.443,15,17,-3,1503,1500,0.22,-0.28,0.0000,0.0000,0.0000,1
2.461,15,17,-3,1503,1500,0.22,-0.28,0.0000,0.0000,0.0000,1
2.479,16,18,-3,1503,1500,0.22,-0.28,0.0000,0.0000,0.0000,1
2.497,17,20,-3,1503,1500,0.22,-0.28,0.0000,0.0000,0.0000,1
2.514,18,20,-3,1503,1500,0.22,-0.28,0.0000,0.0000,0.0000,1
2.532,19,21,-3,1503,1500,0.22,-0.28,0.0000,0.0000,0.0000,1
2.549,20,21,-3,1504,1500,0.22,-0.28,0.0000,0.0000,0.0000,1
2.566,21,22,-3,1504,1500,0.22,-0.28,0.0000,0.0000,0.0000,1
2.583,22,22,-3,1504,1500,0.22,-0.28,0.0000,0.0000,0.0000,1
2.601,22,22,-4,1504,1500,0.22,-0.28,0.0000,0.0000,0.0000,1
2.618,23,23,-3,1504,1500,0.22,-0.28,0.0000,0.0000,0.0000,1
2.635,24,23,-4,1504,1500,0.22,-0.28,0.0000,0.0000,0.0000,1
2.652,25,23,-3,1505,1500,0.22,-0.28,0.0000,0.0000,0.0000,1
2.669,26,23,-4,1505,1500,0.22,-0.28,0.0000,0.0000,0.0000,1
2.686,28,23,-4,1505,1500,0.22,-0.28,0.0000,0.0000,0.0000,1
2.708,29,23,-4,1505,1500,0.42,-0.22,0.0000,0.0000,0.0000,1
2.725,30,23,-4,1506,1500,0.42,-0.22,0.0000,0.0000,0.0000,1
2.743,32,23,-4,1506,1500,0.42,-0.22,0.0000,0.0000,0.0000,1
2.761,33,23,-4,1506,1500,0.42,-0.22,0.0000,0.0000,0.0000,1
2.780,35,23,-4,1507,1500,0.42,-0.22,0.0000,0.0000,0.0000,1
2.797,37,23,-4,1507,1500,0.42,-0.22,0.0000,0.0000,0.0000,1
2.815,38,22,-4,1507,1500,0.42,-0.22,0.0000,0.0000,0.0000,1
2.832,40,23,-5,1508,1500,0.42,-0.22,0.0000,0.0000,0.0000,1
2.849,41,23,-5,1508,1500,0.42,-0.22,0.0000,0.0000,0.0000,1
2.868,42,24,-5,1508,1500,0.42,-0.22,0.0000,0.0000,0.0000,1
2.886,44,24,-5,1508,1500,0.42,-0.22,0.0000,0.0000,0.0000,1
2.903,46,25,-6,1509,1500,0.42,-0.22,0.0000,0.0000,0.0000,1
2.921,47,26,-6,1509,1500,0.42,-0.22,0.0000,0.0000,0.0000,1
2.939,48,26,-6,1509,1500,0.42,-0.22,0.0000,0.0000,0.0000,1
2.957,48,26,-6,1509,1500,0.51,-0.15,0.0000,0.0000,0.0000,1
2.976,50,27,-5,1510,1500,0.51,-0.15,0.0000,0.0000,0.0000,1
2.995,52,28,-5,1515,1500,0.51,-0.15,0.0000,0.0000,0.0000,1
3.012,54,28,-5,1516,1500,0.51,-0.15,0.0000,0.0000,0.0000,1
3.030,55,28,-5,1516,1500,0.51,-0.15,0.0000,0.0000,0.0000,1
3.049,56,28,-5,1516,1500,0.51,-0.15,0.0000,0.0000,0.0000,1
3.066,58,28,-5,1517,1500,0.51,-0.15,0.0000,0.0000,0.0000,1
3.083,59,27,-5,1517,1500,0.51,-0.15,0.0000,0.0000,0.0000,1
3.100,59,27,-5,1517,1500,0.51,-0.15,0.0000,0.0000,0.0000,1
3.117,59,26,-5,1517,1500,0.51,-0.15,0.0000,0.0000,0.0000,1
3.136,60,25,-5,1518,1500,0.51,-0.15,0.0000,0.0000,0.0000,1
3.153,60,24,-6,1518,1500,0.51,-0.15,0.0000,0.0000,0.0000,1
3.170,60,22,-6,1518,1500,0.51,-0.15,0.0000,0.0000,0.0000,1
3.189,60,21,-7,1518,1500,0.68,-0.78,0.0000,0.0000,0.0000,1
3.209,60,20,-6,1518,1500,0.68,-0.78,0.0000,0.0000,0.0000,1
3.226,60,19,-6,1518,1500,0.68,-0.78,0.0000,0.0000,0.0000,1
3.245,60,17,-7,1518,1500,0.68,-0.78,0.0000,0.0000,0.0000,1
3.262,59,16,-7,1517,1500,0.68,-0.78,0.0000,0.0000,0.0000,1
3.279,59,15,-7,1517,1500,0.68,-0.78,0.0000,0.0000,0.0000,1
3.297,60,14,-7,1518,1500,0.68,-0.78,0.0000,0.0000,0.0000,1
3.315,60,13,-7,1518,1500,0.68,-0.78,0.0000,0.0000,0.0000,1
3.334,61,13,-8,1518,1500,0.68,-0.78,0.0000,0.0000,0.0000,0
0.017,61,13,-7,1518,1500,0.68,-0.78,0.0000,0.0000,0.0000,0
0.034,61,12,-7,1518,1500,0.68,-0.78,0.0000,0.0000,0.0000,0
0.051,61,12,-7,1518,1500,0.68,-0.78,0.0000,0.0000,0.0000,0
0.068,62,11,-8,1518,1500,0.68,-0.78,0.0000,0.0000,0.0000,0
0.086,63,10,-8,1518,1500,0.68,-0.78,0.0000,0.0000,0.0000,0
0.103,64,9,-8,1519,1500,0.68,-0.78,0.0000,0.0000,0.0000,0
0.121,64,9,-8,1519,1500,0.90,-1.49,0.0000,0.0000,0.0000,0
0.139,65,8,-8,1519,1500,0.90,-1.49,0.0000,0.0000,0.0000,0
0.156,65,8,-8,1519,1500,0.90,-1.49,0.0000,0.0000,0.0000,0
0.174,65,7,-8,1519,1500,0.90,-1.49,0.0000,0.0000,0.0000,0
0.191,66,7,-9,1519,1500,0.90,-1.49,0.0000,0.0000,0.0000,0
0.211,66,7,-9,1519,1500,0.90,-1.49,0.0000,0.0000,0.0000,0
0.229,66,7,-8,1519,1500,0.90,-1.49,0.0000,0.0000,0.0000,0
0.247,67,8,-8,1520,1500,0.90,-1.49,0.0000,0.0000,0.0000,0
0.265,68,9,-8,1520,1500,0.90,-1.49,0.0000,0.0000,0.0000,0
0.282,69,9,-8,1520,1500,0.90,-1.49,0.0000,0.0000,0.0000,0
0.300,69,10,-8,1520,1500,0.90,-1.49,0.0000,0.0000,0.0000,0
0.317,70,11,-8,1521,1500,0.90,-1.49,0.0000,0.0000,0.0000,0
0.335,70,13,-8,1521,1500,0.90,-1.49,0.0000,0.0000,0.0000,0
0.354,70,13,-8,1521,1500,1.40,-1.08,0.0000,0.0000,0.0000,0
0.371,71,14,-8,1521,1500,1.40,-1.08,0.0000,0.0000,0.0000,0
0.389,71,15,-8,1521,1500,1.40,-1.08,0.0000,0.0000,0.0000,0
0.406,71,15,-8,1521,1500,1.40,-1.08,0.0000,0.0000,0.0000,0
0.423,71,16,-8,1521,1500,1.40,-1.08,0.0000,0.0000,0.0000,0
0.441,70,16,-8,1521,1500,1.40,-1.08,0.0000,0.0000,0.0000,0
0.459,70,16,-8,1521,1500,1.40,-1.08,0.0000,0.0000,0.0000,0
0.477,69,16,-7,1520,1500,1.40,-1.08,0.0000,0.0000,0.0000,0
0.495,69,16,-8,1520,1500,1.40,-1.08,0.0000,0.0000,0.0000,0
0.513,69,16,-8,1520,1500,1.40,-1.08,0.0000,0.0000,0.0000,0
0.533,69,17,-8,1520,1500,1.40,-1.08,0.0000,0.0000,0.0000,0
0.550,69,17,-8,1520,1500,1.40,-1.08,0.0000,0.0000,0.0000,0
0.568,68,17,-8,1520,1500,1.40,-1.08,0.0000,0.0000,0.0000,0
0.587,68,17,-7,1520,1500,1.40,-1.08,0.0000,0.0000,0.0000,0
0.604,68,17,-6,1520,1500,1.80,-0.93,0.0000,0.0000,0.0000,0
0.623,67,16,-7,1520,1500,1.80,-0.93,0.0000,0.0000,0.0000,0
0.641,67,16,-6,1520,1500,1.80,-0.93,0.0000,0.0000,0.0000,0
0.659,67,16,-6,1520,1500,1.80,-0.93,0.0000,0.0000,0.0000,0
0.677,68,15,-6,1520,1500,1.80,-0.93,0.0000,0.0000,0.0000,0
0.695,68,15,-6,1520,1500,1.80,-0.93,0.0000,0.0000,0.0000,0
0.715,68,14,-7,1520,1500,1.80,-0.93,0.0000,0.0000,0.0000,0
0.737,68,15,-6,1520,1500,1.80,-0.93,0.0000,0.0000,0.0000,0
0.754,68,15,-8,1520,1500,1.80,-0.93,0.0000,0.0000,0.0000,0
0.772,69,16,-8,1520,1500,1.80,-0.93,0.0000,0.0000,0.0000,0
0.789,70,17,-7,1521,1500,1.80,-0.93,0.0000,0.0000,0.0000,0
0.807,71,18,-6,1521,1500,1.80,-0.93,0.0000,0.0000,0.0000,0
0.824,72,19,-6,1521,1500,1.80,-0.93,0.0000,0.0000,0.0000,0
0.841,73,20,-6,1521,1500,1.80,-0.93,0.0000,0.0000,0.0000,0
0.858,73,21,-6,1521,1500,1.24,-0.40,0.0000,0.0000,0.0000,0
0.876,75,22,-6,1522,1500,1.24,-0.40,0.0000,0.0000,0.0000,0
0.893,76,24,-6,1522,1500,1.24,-0.40,0.0000,0.0000,0.0000,0
0.910,76,24,-6,1522,1500,1.24,-0.40,0.0000,0.0000,0.0000,0
0.928,78,25,-5,1523,1500,1.24,-0.40,0.0000,0.0000,0.0000,0
0.945,80,28,-5,1524,1500,1.24,-0.40,0.0000,0.0000,0.0000,0
0.963,80,29,-5,1524,1500,1.24,-0.40,0.0000,0.0000,0.0000,0
0.980,80,30,-5,1524,1500,1.24,-0.40,0.0000,0.0000,0.0000,0
1.001,79,31,-5,1523,1500,1.24,-0.40,0.0000,0.0000,0.0000,0
1.019,77,31,-5,1523,1500,1.24,-0.40,0.0000,0.0000,0.0000,0
1.038,76,32,-5,1522,1500,1.24,-0.40,0.0000,0.0000,0.0000,0
1.055,74,32,-6,1522,1500,1.24,-0.40,0.0000,0.0000,0.0000,0
1.073,72,32,-6,1521,1500,1.24,-0.40,0.0000,0.0000,0.0000,0
1.090,70,31,-5,1521,1500,1.24,-0.40,0.0000,0.0000,0.0000,0
1.107,70,31,-5,1521,1500,0.51,0.28,0.0000,0.0000,0.0000,0
1.124,68,30,-5,1520,1500,0.51,0.28,0.0000,0.0000,0.0000,0
1.143,67,29,-5,1520,1500,0.51,0.28,0.0000,0.0000,0.0000,0
1.160,66,29,-5,1519,1500,0.51,0.28,0.0000,0.0000,0.0000,0
1.178,64,28,-5,1519,1500,0.51,0.28,0.0000,0.0000,0.0000,0
1.195,63,27,-4,1518,1500,0.51,0.28,0.0000,0.0000,0.0000,0
1.212,61,26,-5,1518,1500,0.51,0.28,0.0000,0.0000,0.0000,0
1.229,57,22,-5,1517,1500,0.51,0.28,0.0000,0.0000,0.0000,1
1.247,56,20,-5,1516,1500,0.51,0.28,0.0000,0.0000,0.0000,1
1.264,54,19,-5,1516,1500,0.51,0.28,0.0000,0.0000,0.0000,1
1.282,53,17,-4,1515,1500,0.51,0.28,0.0000,0.0000,0.0000,1
1.299,51,16,-4,1515,1500,0.51,0.28,0.0000,0.0000,0.0000,1
1.316,48,13,-4,1509,1500,0.51,0.28,0.0000,0.0000,0.0000,1
1.334,48,13,-4,1509,1500,0.51,0.28,0.0000,0.0000,0.0000,1
1.351,47,12,-4,1509,1500,0.51,0.28,0.0000,0.0000,0.0000,1
1.369,46,11,-4,1509,1500,0.36,-0.77,0.0000,0.0000,0.0000,1
1.387,45,10,-4,1509,1500,0.36,-0.77,0.0000,0.0000,0.0000,1
1.406,44,9,-4,1508,1500,0.36,-0.77,0.0000,0.0000,0.0000,1
1.426,43,8,-3,1508,1500,0.36,-0.77,0.0000,0.0000,0.0000,1
1.443,42,8,-3,1508,1500,0.36,-0.77,0.0000,0.0000,0.0000,1
1.461,41,6,-3,1508,1500,0.36,-0.77,0.0000,0.0000,0.0000,1
1.478,40,4,-2,1508,1500,0.36,-0.77,0.0000,0.0000,0.0000,1
1.495,39,4,-2,1507,1500,0.36,-0.77,0.0000,0.0000,0.0000,1
1.512,39,3,-3,1507,1500,0.36,-0.77,0.0000,0.0000,0.0000,1
1.532,39,3,-3,1507,1500,0.36,-0.77,0.0000,0.0000,0.0000,1
1.549,39,3,-2,1507,1500,0.36,-0.77,0.0000,0.0000,0.0000,1
1.567,39,3,-2,1507,1500,0.36,-0.77,0.0000,0.0000,0.0000,1
1.585,39,3,-2,1507,1500,0.36,-0.77,0.0000,0.0000,0.0000,1
1.604,39,3,-2,1507,1500,0.15,-0.98,0.0000,0.0000,0.0000,1
1.621,39,4,-1,1507,1500,0.15,-0.98,0.0000,0.0000,0.0000,1
1.639,39,4,-1,1507,1500,0.15,-0.98,0.0000,0.0000,0.0000,1
1.658,39,5,-1,1507,1500,0.15,-0.98,0.0000,0.0000,0.0000,1
1.677,40,5,-1,1508,1500,0.15,-0.98,0.0000,0.0000,0.0000,1
1.695,40,5,-1,1508,1500,0.15,-0.98,0.0000,0.0000,0.0000,1
1.713,41,6,0,1508,1500,0.15,-0.98,0.0000,0.0000,0.0000,1
1.730,41,6,0,1508,1500,0.15,-0.98,0.0000,0.0000,0.0000,1
1.747,42,7,0,1508,1500,0.15,-0.98,0.0000,0.0000,0.0000,1
1.765,42,9,-1,1508,1500,0.15,-0.98,0.0000,0.0000,0.0000,1
1.783,41,10,0,1508,1500,0.15,-0.98,0.0000,0.0000,0.0000,1
1.801,40,11,0,1508,1500,0.15,-0.98,0.0000,0.0000,0.0000,1
1.818,39,11,0,1507,1500,0.15,-0.98,0.0000,0.0000,0.0000,1
1.835,37,12,0,1507,1500,0.15,-0.98,0.0000,0.0000,0.0000,1
1.852,33,13,1,1506,1500,0.16,-0.40,0.0000,0.0000,0.0000,1
1.870,33,13,1,1506,1500,0.16,-0.40,0.0000,0.0000,0.0000,1
1.887,28,13,1,1505,1500,0.16,-0.40,0.0000,0.0000,0.0000,1
1.908,25,12,1,1505,1500,0.16,-0.40,0.0000,0.0000,0.0000,1
1.925,23,12,1,1504,1500,0.16,-0.40,0.0000,0.0000,0.0000,1
1.943,21,12,0,1504,1500,0.16,-0.40,0.0000,0.0000,0.0000,1
1.961,19,11,2,1503,1500,0.16,-0.40,0.0000,0.0000,0.0000,1
1.980,17,11,2,1503,1500,0.16,-0.40,0.0000,0.0000,0.0000,1
1.997,15,11,2,1503,1500,0.16,-0.40,0.0000,0.0000,0.0000,1
2.014,14,11,1,1502,1500,0.16,-0.40,0.0000,0.0000,0.0000,1
2.032,12,11,2,1502,1500,0.16,-0.40,0.0000,0.0000,0.0000,1
2.050,9,12,3,1501,1500,0.16,-0.40,0.0000,0.0000,0.0000,1
2.068,8,13,2,1501,1500,0.16,-0.40,0.0000,0.0000,0.0000,1
2.086,8,14,3,1501,1500,0.16,-0.40,0.0000,0.0000,0.0000,1
2.103,7,16,2,1501,1500,0.07,-0.24,0.0000,0.0000,0.0000,1
2.121,5,17,2,1501,1500,0.07,-0.24,0.0000,0.0000,0.0000,1
2.138,5,17,2,1501,1500,0.07,-0.24,0.0000,0.0000,0.0000,1
2.156,5,18,2,1501,1500,0.07,-0.24,0.0000,0.0000,0.0000,1
2.176,4,19,4,1500,1500,0.07,-0.24,0.0000,0.0000,0.0000,1
2.195,2,20,3,1500,1500,0.07,-0.24,0.0000,0.0000,0.0000,1
2.212,1,20,3,1500,1500,0.07,-0.24,0.0000,0.0000,0.0000,1
2.232,0,21,3,1500,1500,0.07,-0.24,0.0000,0.0000,0.0000,1
2.249,-1,22,3,1500,1500,0.07,-0.24,0.0000,0.0000,0.0000,1
2.267,-1,22,3,1500,1500,0.07,-0.24,0.0000,0.0000,0.0000,1
2.284,-3,23,4,1500,1500,0.07,-0.24,0.0000,0.0000,0.0000,1
2.303,-3,23,4,1500,1500,0.07,-0.24,0.0000,0.0000,0.0000,1
2.321,-4,24,5,1500,1500,0.07,-0.24,0.0000,0.0000,0.0000,1
2.339,-4,24,5,1500,1500,0.07,-0.24,0.0000,0.0000,0.0000,1
2.356,-5,24,5,1499,1500,-0.41,-0.07,0.0000,0.0000,0.0000,1
2.374,-6,24,5,1499,1500,-0.41,-0.07,0.0000,0.0000,0.0000,1
2.392,-6,24,5,1499,1500,-0.41,-0.07,0.0000,0.0000,0.0000,1
2.412,-7,25,4,1499,1500,-0.41,-0.07,0.0000,0.0000,0.0000,1
2.430,-8,25,5,1499,1500,-0.41,-0.07,0.0000,0.0000,0.0000,1
2.447,-11,26,6,1498,1500,-0.41,-0.07,0.0000,0.0000,0.0000,1
2.466,-13,25,5,1498,1500,-0.41,-0.07,0.0000,0.0000,0.0000,1
2.484,-13,25,5,1498,1500,-0.41,-0.07,0.0000,0.0000,0.0000,1
2.502,-16,25,5,1497,1500,-0.41,-0.07,0.0000,0.0000,0.0000,1
2.520,-17,25,6,1497,1500,-0.41,-0.07,0.0000,0.0000,0.0000,1
2.538,-18,25,6,1497,1500,-0.41,-0.07,0.0000,0.0000,0.0000,1
2.555,-19,26,6,1497,1500,-0.41,-0.07,0.0000,0.0000,0.0000,1
2.572,-20,26,6,1496,1500,-0.41,-0.07,0.0000,0.0000,0.0000,1
2.589,-21,27,6,1496,1500,-0.41,-0.07,0.0000,0.0000,0.0000,1
2.606,-23,28,6,1496,1500,-0.36,0.04,0.0000,0.0000,0.0000,1
2.625,-24,28,6,1496,1500,-0.36,0.04,0.0000,0.0000,0.0000,1
2.643,-24,28,6,1496,1500,-0.36,0.04,0.0000,0.0000,0.0000,1
2.662,-27,27,6,1495,1500,-0.36,0.04,0.0000,0.0000,0.0000,1
2.679,-28,27,6,1495,1500,-0.36,0.04,0.0000,0.0000,0.0000,1
2.697,-29,27,6,1495,1500,-0.36,0.04,0.0000,0.0000,0.0000,1
2.714,-30,27,6,1494,1500,-0.36,0.04,0.0000,0.0000,0.0000,1
2.732,-33,27,7,1494,1500,-0.36,0.04,0.0000,0.0000,0.0000,1
2.750,-33,27,7,1494,1500,-0.36,0.04,0.0000,0.0000,0.0000,1
2.768,-35,26,7,1493,1500,-0.36,0.04,0.0000,0.0000,0.0000,1
2.786,-36,25,7,1493,1500,-0.36,0.04,0.0000,0.0000,0.0000,1
2.803,-37,24,7,1493,1500,-0.36,0.04,0.0000,0.0000,0.0000,1
2.820,-39,24,7,1493,1500,-0.36,0.04,0.0000,0.0000,0.0000,1
2.840,-40,24,7,1492,1500,-0.36,0.04,0.0000,0.0000,0.0000,1
2.857,-41,23,7,1492,1500,0.32,-0.32,0.0000,0.0000,0.0000,1
2.875,-41,23,7,1492,1500,0.32,-0.32,0.0000,0.0000,0.0000,1
2.895,-44,22,6,1492,1500,0.32,-0.32,0.0000,0.0000,0.0000,1
2.913,-45,21,6,1491,1500,0.32,-0.32,0.0000,0.0000,0.0000,1
2.930,-47,20,6,1491,1500,0.32,-0.32,0.0000,0.0000,0.0000,1
2.948,-48,19,7,1491,1500,0.32,-0.32,0.0000,0.0000,0.0000,1
2.965,-51,18,7,1485,1500,0.32,-0.32,0.0000,0.0000,0.0000,1
2.982,-51,18,7,1485,1500,0.32,-0.32,0.0000,0.0000,0.0000,1
2.999,-52,17,7,1485,1500,0.32,-0.32,0.0000,0.0000,0.0000,1
3.016,-52,17,6,1485,1500,0.32,-0.32,0.0000,0.0000,0.0000,1
3.034,-51,17,7,1485,1500,0.32,-0.32,0.0000,0.0000,0.0000,1
3.052,-50,17,7,1490,1500,0.32,-0.32,0.0000,0.0000,0.0000,1
3.070,-49,18,7,1491,1500,0.32,-0.32,0.0000,0.0000,0.0000,1
3.088,-48,18,7,1491,1500,0.32,-0.32,0.0000,0.0000,0.0000,1
3.107,-47,19,6,1491,1500,0.64,-0.63,0.0000,0.0000,0.0000,1
3.128,-46,19,6,1491,1500,0.64,-0.63,0.0000,0.0000,0.0000,1
3.145,-44,20,7,1492,1500,0.64,-0.63,0.0000,0.0000,0.0000,1
3.162,-43,20,8,1492,1500,0.64,-0.63,0.0000,0.0000,0.0000,1
3.180,-41,20,8,1492,1500,0.64,-0.63,0.0000,0.0000,0.0000,1
3.197,-40,20,8,1492,1500,0.64,-0.63,0.0000,0.0000,0.0000,1
3.214,-38,20,8,1493,1500,0.64,-0.63,0.0000,0.0000,0.0000,1
3.233,-36,19,8,1493,1500,0.64,-0.63,0.0000,0.0000,0.0000,1
3.251,-36,19,8,1493,1500,0.64,-0.63,0.0000,0.0000,0.0000,1
3.269,-35,19,8,1493,1500,0.64,-0.63,0.0000,0.0000,0.0000,1
3.287,-33,18,8,1494,1500,0.64,-0.63,0.0000,0.0000,0.0000,1
3.305,-31,17,7,1494,1500,0.64,-0.63,0.0000,0.0000,0.0000,1
3.323,-29,17,7,1495,1500,0.64,-0.63,0.0000,0.0000,0.0000,1
3.341,-28,17,7,1495,1500,0.64,-0.63,0.0000,0.0000,0.0000,1
3.358,-27,16,7,1495,1500,1.02,-0.83,0.0000,0.0000,0.0000,1
3.375,-27,16,7,1495,1500,1.02,-0.83,0.0000,0.0000,0.0000,1
3.393,-26,15,7,1495,1500,1.02,-0.83,0.0000,0.0000,0.0000,1
3.410,-25,15,8,1495,1500,1.02,-0.83,0.0000,0.0000,0.0000,1
3.427,-24,15,7,1496,1500,1.02,-0.83,0.0000,0.0000,0.0000,1
3.444,-24,14,7,1496,1500,1.02,-0.83,0.0000,0.0000,0.0000,1
3.461,-24,14,8,1496,1500,1.02,-0.83,0.0000,0.0000,0.0000,1
3.479,-24,14,8,1496,1500,1.02,-0.83,0.0000,0.0000,0.0000,1
3.497,-24,13,8,1496,1500,1.02,-0.83,0.0000,0.0000,0.0000,1
3.520,-24,14,8,1496,1500,1.02,-0.83,0.0000,0.0000,0.0000,1
3.538,-25,14,9,1495,1500,1.02,-0.83,0.0000,0.0000,0.0000,1
3.555,-26,14,9,1495,1500,1.02,-0.83,0.0000,0.0000,0.0000,1
3.573,-27,14,9,1495,1500,1.02,-0.83,0.0000,0.0000,0.0000,1
3.590,-28,15,9,1495,1500,1.02,-0.83,0.0000,0.0000,0.0000,1
3.607,-29,15,9,1495,1500,1.57,-0.69,0.0000,0.0000,0.0000,1
3.625,-30,16,9,1494,1500,1.57,-0.69,0.0000,0.0000,0.0000,1
3.642,-32,16,9,1494,1500,1.57,-0.69,0.0000,0.0000,0.0000,1
3.662,-33,17,8,1494,1500,1.57,-0.69,0.0000,0.0000,0.0000,1
3.680,-34,16,9,1494,1500,1.57,-0.69,0.0000,0.0000,0.0000,1
3.697,-36,17,9,1493,1500,1.57,-0.69,0.0000,0.0000,0.0000,1
3.714,-38,16,9,1493,1500,1.57,-0.69,0.0000,0.0000,0.0000,1
3.731,-39,16,10,1493,1501,1.57,-0.69,0.0000,0.0000,0.0000,1
3.749,-41,16,10,1492,1501,1.57,-0.69,0.0000,0.0000,0.0000,1
3.766,-44,15,10,1492,1501,1.57,-0.69,0.0000,0.0000,0.0000,1
3.783,-46,15,10,1491,1501,1.57,-0.69,0.0000,0.0000,0.0000,1
3.801,-48,15,10,1491,1501,1.57,-0.69,0.0000,0.0000,0.0000,1
3.818,-50,15,8,1490,1500,1.57,-0.69,0.0000,0.0000,0.0000,1
3.835,-52,14,9,1485,1500,1.57,-0.69,0.0000,0.0000,0.0000,1
3.853,-54,14,10,1484,1501,1.10,-0.37,0.0000,0.0000,0.0000,1
3.872,-55,15,11,1484,1501,1.10,-0.37,0.0000,0.0000,0.0000,1
3.889,-57,16,10,1483,1501,1.10,-0.37,0.0000,0.0000,0.0000,1
3.906,-57,16,10,1483,1501,1.10,-0.37,0.0000,0.0000,0.0000,1
3.929,-58,17,11,1483,1501,1.10,-0.37,0.0000,0.0000,0.0000,1
3.947,-60,19,10,1482,1501,1.10,-0.37,0.0000,0.0000,0.0000,1
3.964,-61,19,11,1482,1501,1.10,-0.37,0.0000,0.0000,0.0000,0
0.017,-61,19,12,1482,1501,1.10,-0.37,0.0000,0.0000,0.0000,0
0.035,-63,20,11,1482,1501,1.10,-0.37,0.0000,0.0000,0.0000,0
0.052,-63,21,11,1482,1501,1.10,-0.37,0.0000,0.0000,0.0000,0
0.069,-64,22,11,1481,1501,1.10,-0.37,0.0000,0.0000,0.0000,0
0.088,-65,22,12,1481,1501,1.10,-0.37,0.0000,0.0000,0.0000,0
0.105,-66,22,12,1481,1501,1.10,-0.37,0.0000,0.0000,0.0000,0
0.123,-66,22,13,1481,1501,1.10,-0.37,0.0000,0.0000,0.0000,0
0.141,-66,22,13,1481,1501,0.37,0.23,0.0000,0.0000,0.0000,0
0.158,-67,22,12,1480,1501,0.37,0.23,0.0000,0.0000,0.0000,0
0.177,-68,22,11,1480,1501,0.37,0.23,0.0000,0.0000,0.0000,0
0.195,-69,21,11,1480,1501,0.37,0.23,0.0000,0.0000,0.0000,0
0.214,-71,21,13,1479,1501,0.37,0.23,0.0000,0.0000,0.0000,0
0.233,-72,21,13,1479,1501,0.37,0.23,0.0000,0.0000,0.0000,0
0.250,-72,20,13,1479,1501,0.37,0.23,0.0000,0.0000,0.0000,0
0.269,-74,19,11,1478,1501,0.37,0.23,0.0000,0.0000,0.0000,0
0.286,-75,19,13,1478,1501,0.37,0.23,0.0000,0.0000,0.0000,0
0.305,-76,18,13,1478,1501,0.37,0.23,0.0000,0.0000,0.0000,0
0.322,-77,18,14,1477,1501,0.37,0.23,0.0000,0.0000,0.0000,0
0.340,-78,17,13,1477,1501,0.37,0.23,0.0000,0.0000,0.0000,0
0.357,-79,16,12,1477,1501,0.37,0.23,0.0000,0.0000,0.0000,0
0.374,-80,16,13,1476,1501,0.37,0.23,0.0000,0.0000,0.0000,0
0.391,-80,16,13,1476,1501,0.04,0.15,0.0000,0.0000,0.0000,0
0.408,-81,16,13,1476,1501,0.04,0.15,0.0000,0.0000,0.0000,0
0.428,-82,15,13,1476,1501,0.04,0.15,0.0000,0.0000,0.0000,0
0.445,-83,15,13,1476,1501,0.04,0.15,0.0000,0.0000,0.0000,0
0.463,-83,14,14,1476,1501,0.04,0.15,0.0000,0.0000,0.0000,0
0.480,-84,13,11,1475,1501,0.04,0.15,0.0000,0.0000,0.0000,0
0.497,-85,12,11,1475,1501,0.04,0.15,0.0000,0.0000,0.0000,0
0.516,-85,12,12,1475,1501,0.04,0.15,0.0000,0.0000,0.0000,0
0.533,-85,10,12,1475,1501,0.04,0.15,0.0000,0.0000,0.0000,0
0.551,-86,9,13,1475,1501,0.04,0.15,0.0000,0.0000,0.0000,0
0.568,-86,9,13,1475,1501,0.04,0.15,0.0000,0.0000,0.0000,0
0.585,-86,8,13,1475,1501,0.04,0.15,0.0000,0.0000,0.0000,0
0.603,-86,7,13,1475,1501,0.04,0.15,0.0000,0.0000,0.0000,0
0.621,-86,6,12,1475,1501,0.04,0.15,0.0000,0.0000,0.0000,0
0.639,-86,5,11,1475,1501,0.16,-0.38,0.0000,0.0000,0.0000,0
0.656,-86,5,11,1475,1501,0.16,-0.38,0.0000,0.0000,0.0000,0
0.673,-86,4,12,1475,1501,0.16,-0.38,0.0000,0.0000,0.0000,0
0.691,-86,4,11,1475,1501,0.16,-0.38,0.0000,0.0000,0.0000,0
0.708,-86,3,13,1475,1501,0.16,-0.38,0.0000,0.0000,0.0000,0
0.726,-85,3,12,1475,1501,0.16,-0.38,0.0000,0.0000,0.0000,0
0.743,-85,3,12,1475,1501,0.16,-0.38,0.0000,0.0000,0.0000,0
0.761,-85,3,12,1475,1501,0.16,-0.38,0.0000,0.0000,0.0000,0
0.778,-85,3,10,1475,1501,0.16,-0.38,0.0000,0.0000,0.0000,0
0.795,-85,2,12,1475,1501,0.16,-0.38,0.0000,0.0000,0.0000,0
0.812,-84,2,12,1475,1501,0.16,-0.38,0.0000,0.0000,0.0000,0
0.832,-84,2,12,1475,1501,0.16,-0.38,0.0000,0.0000,0.0000,0
0.850,-84,1,13,1475,1501,0.16,-0.38,0.0000,0.0000,0.0000,0
0.868,-84,1,11,1475,1501,0.16,-0.38,0.0000,0.0000,0.0000,0
0.886,-84,1,11,1475,1501,-0.18,-0.48,0.0000,0.0000,0.0000,0
0.904,-84,1,11,1475,1501,-0.18,-0.48,0.0000,0.0000,0.0000,0
0.922,-83,0,11,1476,1501,-0.18,-0.48,0.0000,0.0000,0.0000,0
0.940,-82,0,12,1476,1501,-0.18,-0.48,0.0000,0.0000,0.0000,0
0.959,-82,0,12,1476,1501,-0.18,-0.48,0.0000,0.0000,0.0000,0
0.977,-81,0,12,1476,1501,-0.18,-0.48,0.0000,0.0000,0.0000,0
0.996,-78,0,12,1477,1501,-0.18,-0.48,0.0000,0.0000,0.0000,0
1.013,-77,0,10,1477,1501,-0.18,-0.48,0.0000,0.0000,0.0000,0
1.031,-76,0,10,1478,1501,-0.18,-0.48,0.0000,0.0000,0.0000,0
1.048,-74,0,10,1478,1501,-0.18,-0.48,0.0000,0.0000,0.0000,0
1.066,-73,0,10,1479,1501,-0.18,-0.48,0.0000,0.0000,0.0000,0
1.084,-72,0,10,1479,1501,-0.18,-0.48,0.0000,0.0000,0.0000,0
1.103,-71,-2,11,1479,1501,-0.18,-0.48,0.0000,0.0000,0.0000,0
1.120,-71,-3,11,1479,1501,-0.18,-0.48,0.0000,0.0000,0.0000,0
1.138,-71,-4,11,1479,1501,0.50,-0.88,0.0000,0.0000,0.0000,0
1.157,-71,-6,11,1479,1501,0.50,-0.88,0.0000,0.0000,0.0000,0
1.174,-70,-7,11,1479,1501,0.50,-0.88,0.0000,0.0000,0.0000,0
1.191,-70,-9,11,1479,1501,0.50,-0.88,0.0000,0.0000,0.0000,0
1.208,-70,-10,11,1479,1501,0.50,-0.88,0.0000,0.0000,0.0000,0
1.226,-69,-11,11,1480,1501,0.50,-0.88,0.0000,0.0000,0.0000,0
1.243,-69,-11,10,1480,1501,0.50,-0.88,0.0000,0.0000,0.0000,0
1.261,-68,-11,11,1480,1501,0.50,-0.88,0.0000,0.0000,0.0000,0
1.278,-67,-10,10,1480,1501,0.50,-0.88,0.0000,0.0000,0.0000,0
1.296,-67,-9,10,1480,1501,0.50,-0.88,0.0000,0.0000,0.0000,0
1.315,-66,-8,10,1481,1501,0.50,-0.88,0.0000,0.0000,0.0000,0
1.332,-66,-6,11,1481,1501,0.50,-0.88,0.0000,0.0000,0.0000,0
1.349,-66,-6,11,1481,1501,0.50,-0.88,0.0000,0.0000,0.0000,0
1.366,-66,-4,10,1481,1501,0.50,-0.88,0.0000,0.0000,0.0000,0
1.384,-66,-3,11,1481,1501,0.78,-0.56,0.0000,0.0000,0.0000,0
1.404,-67,-1,11,1480,1501,0.78,-0.56,0.0000,0.0000,0.0000,0
1.422,-67,0,11,1480,1501,0.78,-0.56,0.0000,0.0000,0.0000,0
1.439,-69,1,11,1480,1501,0.78,-0.56,0.0000,0.0000,0.0000,0
1.457,-70,1,11,1479,1501,0.78,-0.56,0.0000,0.0000,0.0000,0
1.474,-71,2,10,1479,1501,0.78,-0.56,0.0000,0.0000,0.0000,0
1.492,-73,2,11,1479,1501,0.78,-0.56,0.0000,0.0000,0.0000,0
1.509,-74,2,11,1478,1501,0.78,-0.56,0.0000,0.0000,0.0000,0
1.526,-77,2,10,1477,1501,0.78,-0.56,0.0000,0.0000,0.0000,0
1.544,-79,3,12,1477,1501,0.78,-0.56,0.0000,0.0000,0.0000,0
1.561,-80,4,10,1476,1501,0.78,-0.56,0.0000,0.0000,0.0000,0
1.578,-82,5,9,1476,1500,0.78,-0.56,0.0000,0.0000,0.0000,0
1.595,-83,6,9,1476,1500,0.78,-0.56,0.0000,0.0000,0.0000,0
1.613,-85,7,10,1475,1501,0.78,-0.56,0.0000,0.0000,0.0000,0
1.630,-86,7,11,1475,1501,0.86,-0.05,0.0000,0.0000,0.0000,0
1.647,-88,7,11,1474,1501,0.86,-0.05,0.0000,0.0000,0.0000,0
1.665,-89,8,12,1474,1501,0.86,-0.05,0.0000,0.0000,0.0000,0
1.682,-90,7,12,1473,1501,0.86,-0.05,0.0000,0.0000,0.0000,0
1.699,-90,7,12,1473,1501,0.86,-0.05,0.0000,0.0000,0.0000,0
1.717,-93,7,12,1473,1501,0.86,-0.05,0.0000,0.0000,0.0000,0
1.734,-93,7,12,1473,1501,0.86,-0.05,0.0000,0.0000,0.0000,0
1.751,-94,7,13,1472,1501,0.86,-0.05,0.0000,0.0000,0.0000,0
1.769,-95,7,12,1472,1501,0.86,-0.05,0.0000,0.0000,0.0000,0
1.786,-95,7,11,1472,1501,0.86,-0.05,0.0000,0.0000,0.0000,0
1.804,-95,7,12,1472,1501,0.86,-0.05,0.0000,0.0000,0.0000,0
1.823,-95,8,12,1472,1501,0.86,-0.05,0.0000,0.0000,0.0000,0
1.841,-95,7,12,1472,1501,0.86,-0.05,0.0000,0.0000,0.0000,0
1.860,-95,7,12,1472,1501,0.86,-0.05,0.0000,0.0000,0.0000,0
1.878,-94,7,11,1472,1501,0.47,-0.15,0.0000,0.0000,0.0000,0
1.895,-94,7,12,1472,1501,0.47,-0.15,0.0000,0.0000,0.0000,0
1.912,-94,8,12,1472,1501,0.47,-0.15,0.0000,0.0000,0.0000,0
1.930,-94,8,12,1472,1501,0.47,-0.15,0.0000,0.0000,0.0000,0
1.948,-92,9,11,1473,1501,0.47,-0.15,0.0000,0.0000,0.0000,0
1.965,-92,10,12,1473,1501,0.47,-0.15,0.0000,0.0000,0.0000,0
1.983,-91,10,12,1473,1501,0.47,-0.15,0.0000,0.0000,0.0000,0
2.001,-91,11,12,1473,1501,0.47,-0.15,0.0000,0.0000,0.0000,0
2.018,-90,12,12,1473,1501,0.47,-0.15,0.0000,0.0000,0.0000,0
2.035,-89,13,11,1474,1501,0.47,-0.15,0.0000,0.0000,0.0000,0
2.052,-88,14,11,1474,1501,0.47,-0.15,0.0000,0.0000,0.0000,0
2.070,-87,14,12,1474,1501,0.47,-0.15,0.0000,0.0000,0.0000,0
2.087,-87,14,12,1474,1501,0.47,-0.15,0.0000,0.0000,0.0000,0
2.104,-86,14,11,1475,1501,0.47,-0.15,0.0000,0.0000,0.0000,0
2.121,-85,15,11,1475,1501,0.47,-0.15,0.0000,0.0000,0.0000,0
2.138,-84,14,10,1475,1501,0.39,0.20,0.0000,0.0000,0.0000,0
2.158,-82,15,11,1476,1501,0.39,0.20,0.0000,0.0000,0.0000,0
2.175,-81,14,11,1476,1501,0.39,0.20,0.0000,0.0000,0.0000,0
2.193,-79,15,11,1477,1501,0.39,0.20,0.0000,0.0000,0.0000,0
2.210,-77,16,12,1477,1501,0.39,0.20,0.0000,0.0000,0.0000,0
2.228,-75,17,11,1478,1501,0.39,0.20,0.0000,0.0000,0.0000,0
2.246,-73,17,10,1479,1501,0.39,0.20,0.0000,0.0000,0.0000,0
2.263,-71,17,10,1479,1501,0.39,0.20,0.0000,0.0000,0.0000,0
2.281,-70,18,10,1479,1501,0.39,0.20,0.0000,0.0000,0.0000,0
2.299,-68,19,11,1480,1501,0.39,0.20,0.0000,0.0000,0.0000,0
2.316,-68,19,12,1480,1501,0.39,0.20,0.0000,0.0000,0.0000,0
2.334,-69,18,11,1480,1501,0.39,0.20,0.0000,0.0000,0.0000,0
2.352,-70,18,11,1479,1501,0.39,0.20,0.0000,0.0000,0.0000,0
2.369,-71,17,11,1479,1501,0.39,0.20,0.0000,0.0000,0.0000,0
2.386,-72,16,11,1479,1501,0.71,0.19,0.0000,0.0000,0.0000,0
2.404,-73,16,11,1479,1501,0.71,0.19,0.0000,0.0000,0.0000,0
2.425,-75,15,11,1478,1501,0.71,0.19,0.0000,0.0000,0.0000,0
2.443,-76,15,11,1478,1501,0.71,0.19,0.0000,0.0000,0.0000,0
2.462,-77,15,11,1477,1501,0.71,0.19,0.0000,0.0000,0.0000,0
2.479,-78,16,11,1477,1501,0.71,0.19,0.0000,0.0000,0.0000,0
2.497,-79,16,10,1477,1501,0.71,0.19,0.0000,0.0000,0.0000,0
2.514,-80,18,9,1476,1500,0.71,0.19,0.0000,0.0000,0.0000,0
2.532,-80,18,9,1476,1500,0.71,0.19,0.0000,0.0000,0.0000,0
2.550,-81,19,9,1476,1500,0.71,0.19,0.0000,0.0000,0.0000,0
2.567,-81,19,9,1476,1500,0.71,0.19,0.0000,0.0000,0.0000,0
2.585,-82,19,10,1476,1501,0.71,0.19,0.0000,0.0000,0.0000,0
2.602,-83,18,10,1476,1501,0.71,0.19,0.0000,0.0000,0.0000,0
2.620,-83,17,9,1476,1500,0.71,0.19,0.0000,0.0000,0.0000,0
2.638,-83,17,8,1476,1500,0.41,-0.04,0.0000,0.0000,0.0000,0
2.655,-83,16,8,1476,1500,0.41,-0.04,0.0000,0.0000,0.0000,0
2.673,-83,15,7,1476,1500,0.41,-0.04,0.0000,0.0000,0.0000,0
2.691,-83,14,8,1476,1500,0.41,-0.04,0.0000,0.0000,0.0000,0
2.708,-83,13,8,1476,1500,0.41,-0.04,0.0000,0.0000,0.0000,0
2.726,-83,12,8,1476,1500,0.41,-0.04,0.0000,0.0000,0.0000,0
2.744,-84,11,8,1475,1500,0.41,-0.04,0.0000,0.0000,0.0000,0
2.763,-84,10,6,1475,1500,0.41,-0.04,0.0000,0.0000,0.0000,0
2.781,-84,9,6,1475,1500,0.41,-0.04,0.0000,0.0000,0.0000,0
2.798,-85,8,6,1475,1500,0.41,-0.04,0.0000,0.0000,0.0000,0
2.816,-85,7,7,1475,1500,0.41,-0.04,0.0000,0.0000,0.0000,0
2.834,-85,7,7,1475,1500,0.41,-0.04,0.0000,0.0000,0.0000,0
2.852,-85,6,7,1475,1500,0.41,-0.04,0.0000,0.0000,0.0000,0
2.869,-84,6,6,1475,1500,0.41,-0.04,0.0000,0.0000,0.0000,0
2.887,-84,6,5,1475,1500,0.20,-0.84,0.0000,0.0000,0.0000,0
2.904,-84,5,5,1475,1500,0.20,-0.84,0.0000,0.0000,0.0000,0
2.921,-84,5,5,1475,1500,0.20,-0.84,0.0000,0.0000,0.0000,0
2.938,-83,6,5,1476,1500,0.20,-0.84,0.0000,0.0000,0.0000,0
2.956,-82,6,6,1476,1500,0.20,-0.84,0.0000,0.0000,0.0000,0
2.973,-82,7,5,1476,1500,0.20,-0.84,0.0000,0.0000,0.0000,0
2.990,-81,7,5,1476,1500,0.20,-0.84,0.0000,0.0000,0.0000,0
3.007,-79,8,4,1477,1500,0.20,-0.84,0.0000,0.0000,0.0000,0
3.025,-78,8,4,1477,1500,0.20,-0.84,0.0000,0.0000,0.0000,0
3.042,-77,8,4,1477,1500,0.20,-0.84,0.0000,0.0000,0.0000,0
3.060,-77,8,4,1477,1500,0.20,-0.84,0.0000,0.0000,0.0000,0
3.077,-76,9,5,1478,1500,0.20,-0.84,0.0000,0.0000,0.0000,0
3.095,-75,9,5,1478,1500,0.20,-0.84,0.0000,0.0000,0.0000,0
3.112,-74,9,4,1478,1500,0.20,-0.84,0.0000,0.0000,0.0000,0
3.132,-73,10,4,1479,1500,-0.36,-0.55,0.0000,0.0000,0.0000,0
3.150,-73,10,3,1479,1500,-0.36,-0.55,0.0000,0.0000,0.0000,0
3.167,-72,10,2,1479,1500,-0.36,-0.55,0.0000,0.0000,0.0000,0
3.186,-71,10,3,1479,1500,-0.36,-0.55,0.0000,0.0000,0.0000,0
3.204,-70,10,4,1479,1500,-0.36,-0.55,0.0000,0.0000,0.0000,0
3.221,-70,9,3,1479,1500,-0.36,-0.55,0.0000,0.0000,0.0000,0
3.242,-70,8,3,1479,1500,-0.36,-0.55,0.0000,0.0000,0.0000,0
3.259,-71,7,3,1479,1500,-0.36,-0.55,0.0000,0.0000,0.0000,0
3.277,-71,6,2,1479,1500,-0.36,-0.55,0.0000,0.0000,0.0000,0
3.296,-72,5,1,1479,1500,-0.36,-0.55,0.0000,0.0000,0.0000,0
3.315,-73,3,0,1479,1500,-0.36,-0.55,0.0000,0.0000,0.0000,0
3.332,-73,3,1,1479,1500,-0.36,-0.55,0.0000,0.0000,0.0000,0
3.349,-73,2,1,1479,1500,-0.36,-0.55,0.0000,0.0000,0.0000,0
3.368,-72,3,2,1479,1500,-0.36,-0.55,0.0000,0.0000,0.0000,0
3.386,-71,3,2,1479,1500,0.05,-0.96,0.0000,0.0000,0.0000,0
3.403,-70,3,1,1479,1500,0.05,-0.96,0.0000,0.0000,0.0000,0
3.420,-69,3,0,1480,1500,0.05,-0.96,0.0000,0.0000,0.0000,0
3.438,-67,4,1,1480,1500,0.05,-0.96,0.0000,0.0000,0.0000,0
3.455,-65,4,0,1481,1500,0.05,-0.96,0.0000,0.0000,0.0000,0
3.472,-63,5,1,1482,1500,0.05,-0.96,0.0000,0.0000,0.0000,0
3.489,-61,5,1,1482,1500,0.05,-0.96,0.0000,0.0000,0.0000,0
3.506,-59,5,0,1483,1500,0.05,-0.96,0.0000,0.0000,0.0000,1
3.524,-57,6,-1,1483,1500,0.05,-0.96,0.0000,0.0000,0.0000,1
3.542,-55,6,-1,1484,1500,0.05,-0.96,0.0000,0.0000,0.0000,1
3.559,-53,5,-1,1485,1500,0.05,-0.96,0.0000,0.0000,0.0000,1
3.577,-52,6,0,1485,1500,0.05,-0.96,0.0000,0.0000,0.0000,1
3.595,-50,5,0,1490,1500,0.05,-0.96,0.0000,0.0000,0.0000,1
3.612,-49,5,0,1491,1500,0.05,-0.96,0.0000,0.0000,0.0000,1
3.629,-48,5,0,1491,1500,0.13,-0.83,0.0000,0.0000,0.0000,1
3.647,-47,5,0,1491,1500,0.13,-0.83,0.0000,0.0000,0.0000,1
3.665,-46,4,-1,1491,1500,0.13,-0.83,0.0000,0.0000,0.0000,1
3.683,-45,3,-1,1491,1500,0.13,-0.83,0.0000,0.0000,0.0000,1
3.705,-44,2,-1,1492,1500,0.13,-0.83,0.0000,0.0000,0.0000,1
3.723,-44,2,-1,1492,1500,0.13,-0.83,0.0000,0.0000,0.0000,1
3.741,-43,0,-3,1492,1500,0.13,-0.83,0.0000,0.0000,0.0000,1
3.758,-43,-1,-2,1492,1500,0.13,-0.83,0.0000,0.0000,0.0000,1
3.776,-42,-2,-3,1492,1500,0.13,-0.83,0.0000,0.0000,0.0000,1
3.793,-42,-2,-2,1492,1500,0.13,-0.83,0.0000,0.0000,0.0000,1
3.811,-41,-2,-2,1492,1500,0.13,-0.83,0.0000,0.0000,0.0000,1
3.828,-40,-1,-2,1492,1500,0.13,-0.83,0.0000,0.0000,0.0000,1
3.846,-38,-1,-2,1493,1500,0.13,-0.83,0.0000,0.0000,0.0000,1
3.863,-38,-1,-2,1493,1500,0.13,-0.83,0.0000,0.0000,0.0000,1
3.881,-35,-1,-2,1493,1500,0.67,-1.14,0.0000,0.0000,0.0000,1
3.899,-35,0,-3,1493,1500,0.67,-1.14,0.0000,0.0000,0.0000,1
3.917,-34,0,-3,1494,1500,0.67,-1.14,0.0000,0.0000,0.0000,1
3.938,-33,0,-3,1494,1500,0.67,-1.14,0.0000,0.0000,0.0000,1
3.956,-32,0,-4,1494,1500,0.67,-1.14,0.0000,0.0000,0.0000,1
3.974,-32,0,-3,1494,1500,0.67,-1.14,0.0000,0.0000,0.0000,1
3.991,-32,-1,-4,1494,1500,0.67,-1.14,0.0000,0.0000,0.0000,1
4.009,-32,-1,-4,1494,1500,0.67,-1.14,0.0000,0.0000,0.0000,1
4.026,-32,-1,-4,1494,1500,0.67,-1.14,0.0000,0.0000,0.0000,1
4.045,-32,-2,-4,1494,1500,0.67,-1.14,0.0000,0.0000,0.0000,1
4.062,-32,-2,-4,1494,1500,0.67,-1.14,0.0000,0.0000,0.0000,1
4.079,-32,-3,-4,1494,1500,0.67,-1.14,0.0000,0.0000,0.0000,1
4.096,-32,-4,-4,1494,1500,0.67,-1.14,0.0000,0.0000,0.0000,1
4.114,-33,-5,-4,1494,1500,0.67,-1.14,0.0000,0.0000,0.0000,1
4.132,-33,-5,-4,1494,1500,1.29,-1.67,0.0000,0.0000,0.0000,1
4.150,-33,-7,-4,1494,1500,1.29,-1.67,0.0000,0.0000,0.0000,1
4.167,-34,-7,-4,1494,1500,1.29,-1.67,0.0000,0.0000,0.0000,1
4.186,-34,-9,-4,1494,1500,1.29,-1.67,0.0000,0.0000,0.0000,1
4.203,-34,-10,-4,1494,1500,1.29,-1.67,0.0000,0.0000,0.0000,1
4.224,-34,-11,-4,1494,1500,1.29,-1.67,0.0000,0.0000,0.0000,1
4.241,-34,-12,-4,1494,1500,1.29,-1.67,0.0000,0.0000,0.0000,1
4.258,-34,-14,-4,1494,1500,1.29,-1.67,0.0000,0.0000,0.0000,1
4.277,-34,-15,-4,1494,1500,1.29,-1.67,0.0000,0.0000,0.0000,1
4.295,-33,-15,-5,1494,1500,1.29,-1.67,0.0000,0.0000,0.0000,1
4.312,-33,-15,-5,1494,1500,1.29,-1.67,0.0000,0.0000,0.0000,1
4.329,-30,-13,-5,1494,1500,1.29,-1.67,0.0000,0.0000,0.0000,1
4.347,-30,-13,-5,1494,1500,1.29,-1.67,0.0000,0.0000,0.0000,1
4.366,-28,-11,-6,1495,1500,1.29,-1.67,0.0000,0.0000,0.0000,1
4.384,-26,-10,-6,1495,1500,1.01,-1.95,0.0000,0.0000,0.0000,1
4.401,-25,-9,-5,1495,1500,1.01,-1.95,0.0000,0.0000,0.0000,1
4.421,-23,-8,-5,1496,1500,1.01,-1.95,0.0000,0.0000,0.0000,1
4.438,-21,-7,-5,1496,1500,1.01,-1.95,0.0000,0.0000,0.0000,1
4.456,-19,-6,-5,1497,1500,1.01,-1.95,0.0000,0.0000,0.0000,1
4.474,-18,-6,-6,1497,1500,1.01,-1.95,0.0000,0.0000,0.0000,1
4.491,-16,-5,-6,1497,1500,1.01,-1.95,0.0000,0.0000,0.0000,1
4.509,-15,-5,-6,1497,1500,1.01,-1.95,0.0000,0.0000,0.0000,1
4.526,-14,-4,-6,1498,1500,1.01,-1.95,0.0000,0.0000,0.0000,1
4.546,-12,-2,-4,1498,1500,1.01,-1.95,0.0000,0.0000,0.0000,1
4.563,-12,-2,-4,1498,1500,1.01,-1.95,0.0000,0.0000,0.0000,1
4.580,-11,0,-4,1498,1500,1.01,-1.95,0.0000,0.0000,0.0000,1
4.598,-10,1,-4,1498,1500,1.01,-1.95,0.0000,0.0000,0.0000,1
4.616,-10,1,-4,1498,1500,1.01,-1.95,0.0000,0.0000,0.0000,1
4.634,-10,2,-4,1498,1500,0.83,-1.26,0.0000,0.0000,0.0000,1
4.652,-10,3,-5,1498,1500,0.83,-1.26,0.0000,0.0000,0.0000,1
4.670,-10,4,-4,1498,1500,0.83,-1.26,0.0000,0.0000,0.0000,1
4.687,-10,4,-4,1498,1500,0.83,-1.26,0.0000,0.0000,0.0000,1
4.709,-11,4,-4,1498,1500,0.83,-1.26,0.0000,0.0000,0.0000,1
4.727,-11,4,-4,1498,1500,0.83,-1.26,0.0000,0.0000,0.0000,1
4.745,-12,4,-4,1498,1500,0.83,-1.26,0.0000,0.0000,0.0000,1
4.762,-12,4,-4,1498,1500,0.83,-1.26,0.0000,0.0000,0.0000,1
4.781,-13,4,-4,1498,1500,0.83,-1.26,0.0000,0.0000,0.0000,1
4.798,-13,4,-4,1498,1500,0.83,-1.26,0.0000,0.0000,0.0000,1
4.816,-14,5,-5,1498,1500,0.83,-1.26,0.0000,0.0000,0.0000,1
4.833,-15,6,-4,1497,1500,0.83,-1.26,0.0000,0.0000,0.0000,1
4.850,-16,6,-4,1497,1500,0.83,-1.26,0.0000,0.0000,0.0000,1
4.867,-17,7,-3,1497,1500,0.83,-1.26,0.0000,0.0000,0.0000,1
4.884,-18,7,-3,1497,1500,0.62,-0.95,0.0000,0.0000,0.0000,1
4.901,-19,8,-3,1497,1500,0.62,-0.95,0.0000,0.0000,0.0000,1
4.918,-21,9,-3,1496,1500,0.62,-0.95,0.0000,0.0000,0.0000,1
4.935,-22,9,-3,1496,1500,0.62,-0.95,0.0000,0.0000,0.0000,1
4.954,-24,9,-3,1496,1500,0.62,-0.95,0.0000,0.0000,0.0000,1
4.972,-25,9,-3,1495,1500,0.62,-0.95,0.0000,0.0000,0.0000,1
4.990,-27,10,-4,1495,1500,0.62,-0.95,0.0000,0.0000,0.0000,1
5.008,-28,11,-3,1495,1500,0.62,-0.95,0.0000,0.0000,0.0000,1
5.026,-30,11,-3,1494,1500,0.62,-0.95,0.0000,0.0000,0.0000,1
5.044,-31,10,-3,1494,1500,0.62,-0.95,0.0000,0.0000,0.0000,1
5.065,-34,10,-3,1494,1500,0.62,-0.95,0.0000,0.0000,0.0000,1
5.083,-35,10,-3,1493,1500,0.62,-0.95,0.0000,0.0000,0.0000,1
5.101,-35,10,-3,1493,1500,0.62,-0.95,0.0000,0.0000,0.0000,1
5.118,-36,10,-3,1493,1500,0.62,-0.95,0.0000,0.0000,0.0000,1
5.135,-36,10,-3,1493,1500,0.21,-0.85,0.0000,0.0000,0.0000,1
5.153,-36,11,-3,1493,1500,0.21,-0.85,0.0000,0.0000,0.0000,1
5.170,-35,12,-3,1493,1500,0.21,-0.85,0.0000,0.0000,0.0000,1
5.187,-35,12,-3,1493,1500,0.21,-0.85,0.0000,0.0000,0.0000,1
5.206,-34,12,-4,1494,1500,0.21,-0.85,0.0000,0.0000,0.0000,1
5.223,-34,12,-4,1494,1500,0.21,-0.85,0.0000,0.0000,0.0000,1
5.241,-34,13,-4,1494,1500,0.21,-0.85,0.0000,0.0000,0.0000,1
5.259,-33,13,-4,1494,1500,0.21,-0.85,0.0000,0.0000,0.0000,1
5.281,-32,13,-4,1494,1500,0.21,-0.85,0.0000,0.0000,0.0000,1
5.299,-31,13,-3,1494,1500,0.21,-0.85,0.0000,0.0000,0.0000,1
5.316,-30,13,-3,1494,1500,0.21,-0.85,0.0000,0.0000,0.0000,1
5.334,-29,13,-3,1495,1500,0.21,-0.85,0.0000,0.0000,0.0000,1
5.351,-28,13,-3,1495,1500,0.21,-0.85,0.0000,0.0000,0.0000,1
5.368,-27,13,-2,1495,1500,0.21,-0.85,0.0000,0.0000,0.0000,1
5.385,-26,13,-2,1495,1500,-0.03,-0.66,0.0000,0.0000,0.0000,1
5.403,-24,13,-2,1496,1500,-0.03,-0.66,0.0000,0.0000,0.0000,1
5.420,-23,13,-2,1496,1500,-0.03,-0.66,0.0000,0.0000,0.0000,1
5.437,-21,14,-2,1496,1500,-0.03,-0.66,0.0000,0.0000,0.0000,1
5.454,-19,14,-2,1497,1500,-0.03,-0.66,0.0000,0.0000,0.0000,1
5.472,-17,14,-2,1497,1500,-0.03,-0.66,0.0000,0.0000,0.0000,1
5.489,-15,15,-3,1497,1500,-0.03,-0.66,0.0000,0.0000,0.0000,1
5.511,-14,15,-3,1498,1500,-0.03,-0.66,0.0000,0.0000,0.0000,1
5.528,-12,16,-3,1498,1500,-0.03,-0.66,0.0000,0.0000,0.0000,1
5.546,-11,15,-2,1498,1500,-0.03,-0.66,0.0000,0.0000,0.0000,1
5.563,-10,14,-2,1498,1500,-0.03,-0.66,0.0000,0.0000,0.0000,1
5.581,-11,13,-3,1498,1500,-0.03,-0.66,0.0000,0.0000,0.0000,1
5.599,-11,12,-3,1498,1500,-0.03,-0.66,0.0000,0.0000,0.0000,1
5.619,-11,11,-2,1498,1500,-0.03,-0.66,0.0000,0.0000,0.0000,1
5.637,-12,9,-2,1498,1500,0.41,-0.78,0.0000,0.0000,0.0000,1
5.654,-12,9,-2,1498,1500,0.41,-0.78,0.0000,0.0000,0.0000,1
5.675,-12,8,-3,1498,1500,0.41,-0.78,0.0000,0.0000,0.0000,1
5.692,-13,6,-3,1498,1500,0.41,-0.78,0.0000,0.0000,0.0000,1
5.709,-15,4,-3,1497,1500,0.41,-0.78,0.0000,0.0000,0.0000,1
5.727,-16,3,-3,1497,1500,0.41,-0.78,0.0000,0.0000,0.0000,1
5.744,-17,2,-3,1497,1500,0.41,-0.78,0.0000,0.0000,0.0000,1
5.761,-17,1,-3,1497,1500,0.41,-0.78,0.0000,0.0000,0.0000,1
5.779,-17,1,-3,1497,1500,0.41,-0.78,0.0000,0.0000,0.0000,1
5.797,-18,-1,-4,1497,1500,0.41,-0.78,0.0000,0.0000,0.0000,1
5.814,-19,-2,-4,1497,1500,0.41,-0.78,0.0000,0.0000,0.0000,1
5.832,-20,-3,-3,1496,1500,0.41,-0.78,0.0000,0.0000,0.0000,1
5.849,-20,-4,-4,1496,1500,0.41,-0.78,0.0000,0.0000,0.0000,1
5.866,-20,-4,-3,1496,1500,0.41,-0.78,0.0000,0.0000,0.0000,1
5.884,-20,-4,-3,1496,1500,0.67,-1.62,0.0000,0.0000,0.0000,1
5.901,-22,-5,-5,1496,1500,0.67,-1.62,0.0000,0.0000,0.0000,1
5.921,-22,-6,-4,1496,1500,0.67,-1.62,0.0000,0.0000,0.0000,1
5.938,-23,-7,-4,1496,1500,0.67,-1.62,0.0000,0.0000,0.0000,1
5.956,-23,-8,-4,1496,1500,0.67,-1.62,0.0000,0.0000,0.0000,1
5.973,-24,-9,-4,1496,1500,0.67,-1.62,0.0000,0.0000,0.0000,1
5.990,-24,-10,-5,1496,1500,0.67,-1.62,0.0000,0.0000,0.0000,1
6.007,-24,-10,-5,1496,1500,0.67,-1.62,0.0000,0.0000,0.0000,1
6.024,-23,-10,-4,1496,1500,0.67,-1.62,0.0000,0.0000,0.0000,1
6.041,-23,-10,-4,1496,1500,0.67,-1.62,0.0000,0.0000,0.0000,1
6.059,-23,-10,-4,1496,1500,0.67,-1.62,0.0000,0.0000,0.0000,1
6.076,-22,-9,-5,1496,1500,0.67,-1.62,0.0000,0.0000,0.0000,1
6.093,-20,-7,-4,1496,1500,0.67,-1.62,0.0000,0.0000,0.0000,1
6.111,-20,-7,-4,1496,1500,0.67,-1.62,0.0000,0.0000,0.0000,1
6.128,-19,-5,-5,1497,1500,0.46,-1.47,0.0000,0.0000,0.0000,1
6.145,-17,-2,-5,1497,1500,0.46,-1.47,0.0000,0.0000,0.0000,1
6.166,-16,0,-4,1497,1500,0.46,-1.47,0.0000,0.0000,0.0000,1
6.183,-14,5,-5,1498,1500,0.46,-1.47,0.0000,0.0000,0.0000,1
6.200,-14,5,-5,1498,1500,0.46,-1.47,0.0000,0.0000,0.0000,1
6.218,-14,7,-4,1498,1500,0.46,-1.47,0.0000,0.0000,0.0000,1
6.235,-14,11,-4,1498,1500,0.46,-1.47,0.0000,0.0000,0.0000,1
6.255,-14,12,-5,1498,1500,0.46,-1.47,0.0000,0.0000,0.0000,1
6.272,-14,14,-4,1498,1500,0.46,-1.47,0.0000,0.0000,0.0000,1
6.291,-15,15,-4,1497,1500,0.46,-1.47,0.0000,0.0000,0.0000,1
6.310,-15,16,-5,1497,1500,0.46,-1.47,0.0000,0.0000,0.0000,1
6.327,-16,17,-5,1497,1500,0.46,-1.47,0.0000,0.0000,0.0000,1
6.345,-16,18,-4,1497,1500,0.46,-1.47,0.0000,0.0000,0.0000,1
6.362,-17,18,-4,1497,1500,0.46,-1.47,0.0000,0.0000,0.0000,1
6.379,-17,19,-4,1497,1500,0.50,-0.42,0.0000,0.0000,0.0000,1
6.397,-18,20,-5,1497,1500,0.50,-0.42,0.0000,0.0000,0.0000,1
6.414,-18,21,-4,1497,1500,0.50,-0.42,0.0000,0.0000,0.0000,1
6.431,-18,21,-4,1497,1500,0.50,-0.42,0.0000,0.0000,0.0000,1
6.448,-19,22,-4,1497,1500,0.50,-0.42,0.0000,0.0000,0.0000,1
6.465,-19,23,-4,1497,1500,0.50,-0.42,0.0000,0.0000,0.0000,1
6.482,-20,24,-4,1496,1500,0.50,-0.42,0.0000,0.0000,0.0000,1
6.499,-20,24,-3,1496,1500,0.50,-0.42,0.0000,0.0000,0.0000,1
6.516,-21,24,-3,1496,1500,0.50,-0.42,0.0000,0.0000,0.0000,1
6.534,-21,24,-3,1496,1500,0.50,-0.42,0.0000,0.0000,0.0000,1
6.551,-22,24,-3,1496,1500,0.50,-0.42,0.0000,0.0000,0.0000,1
6.569,-23,25,-3,1496,1500,0.50,-0.42,0.0000,0.0000,0.0000,1
6.586,-23,25,-3,1496,1500,0.50,-0.42,0.0000,0.0000,0.0000,1
6.604,-24,25,-2,1496,1500,0.50,-0.42,0.0000,0.0000,0.0000,1
6.622,-24,24,-3,1496,1500,0.04,-0.15,0.0000,0.0000,0.0000,1
6.640,-25,24,-3,1495,1500,0.04,-0.15,0.0000,0.0000,0.0000,1
6.658,-25,24,-2,1495,1500,0.04,-0.15,0.0000,0.0000,0.0000,1
6.677,-26,24,-3,1495,1500,0.04,-0.15,0.0000,0.0000,0.0000,1
6.695,-27,24,-4,1495,1500,0.04,-0.15,0.0000,0.0000,0.0000,1
6.713,-28,25,-3,1495,1500,0.04,-0.15,0.0000,0.0000,0.0000,1
6.730,-29,25,-3,1495,1500,0.04,-0.15,0.0000,0.0000,0.0000,1
6.749,-30,25,-3,1494,1500,0.04,-0.15,0.0000,0.0000,0.0000,1
6.766,-31,25,-3,1494,1500,0.04,-0.15,0.0000,0.0000,0.0000,1
6.785,-31,25,-3,1494,1500,0.04,-0.15,0.0000,0.0000,0.0000,1
6.802,-32,24,-3,1494,1500,0.04,-0.15,0.0000,0.0000,0.0000,1
6.819,-33,23,-3,1494,1500,0.04,-0.15,0.0000,0.0000,0.0000,1
6.836,-34,23,-3,1494,1500,0.04,-0.15,0.0000,0.0000,0.0000,1
6.853,-34,22,-4,1494,1500,0.04,-0.15,0.0000,0.0000,0.0000,1
6.870,-34,22,-3,1494,1500,-0.43,-0.51,0.0000,0.0000,0.0000,1
6.888,-34,22,-3,1494,1500,-0.43,-0.51,0.0000,0.0000,0.0000,1
6.905,-34,23,-3,1494,1500,-0.43,-0.51,0.0000,0.0000,0.0000,1
6.925,-34,23,-3,1494,1500,-0.43,-0.51,0.0000,0.0000,0.0000,1
6.945,-33,24,-3,1494,1500,-0.43,-0.51,0.0000,0.0000,0.0000,1
6.963,-32,25,-3,1494,1500,-0.43,-0.51,0.0000,0.0000,0.0000,1
6.982,-31,26,-3,1494,1500,-0.43,-0.51,0.0000,0.0000,0.0000,1
6.999,-29,28,-3,1495,1500,-0.43,-0.51,0.0000,0.0000,0.0000,1
7.018,-27,29,-3,1495,1500,-0.43,-0.51,0.0000,0.0000,0.0000,1
7.035,-26,30,-2,1495,1500,-0.43,-0.51,0.0000,0.0000,0.0000,1
7.053,-24,32,-3,1496,1500,-0.43,-0.51,0.0000,0.0000,0.0000,1
7.071,-23,33,-3,1496,1500,-0.43,-0.51,0.0000,0.0000,0.0000,1
7.089,-21,34,-3,1496,1500,-0.43,-0.51,0.0000,0.0000,0.0000,1
7.107,-20,34,-3,1496,1500,-0.43,-0.51,0.0000,0.0000,0.0000,1
7.125,-20,35,-3,1496,1500,-0.05,-0.10,0.0000,0.0000,0.0000,1
7.142,-19,34,-3,1497,1500,-0.05,-0.10,0.0000,0.0000,0.0000,1
7.163,-19,32,-3,1497,1500,-0.05,-0.10,0.0000,0.0000,0.0000,1
7.181,-19,30,-4,1497,1500,-0.05,-0.10,0.0000,0.0000,0.0000,1
7.199,-18,29,-3,1497,1500,-0.05,-0.10,0.0000,0.0000,0.0000,1
7.218,-18,28,-4,1497,1500,-0.05,-0.10,0.0000,0.0000,0.0000,1
7.236,-18,27,-3,1497,1500,-0.05,-0.10,0.0000,0.0000,0.0000,1
7.254,-19,25,-3,1497,1500,-0.05,-0.10,0.0000,0.0000,0.0000,1
7.272,-19,24,-3,1497,1500,-0.05,-0.10,0.0000,0.0000,0.0000,1
7.289,-19,24,-4,1497,1500,-0.05,-0.10,0.0000,0.0000,0.0000,1
7.307,-19,23,-3,1497,1500,-0.05,-0.10,0.0000,0.0000,0.0000,1
7.326,-20,23,-3,1496,1500,-0.05,-0.10,0.0000,0.0000,0.0000,1
7.344,-19,24,-4,1497,1500,-0.05,-0.10,0.0000,0.0000,0.0000,1
7.361,-19,24,-4,1497,1500,-0.05,-0.10,0.0000,0.0000,0.0000,1
7.379,-19,24,-3,1497,1500,0.27,-0.51,0.0000,0.0000,0.0000,1
7.400,-18,23,-3,1497,1500,0.27,-0.51,0.0000,0.0000,0.0000,1
7.417,-18,24,-4,1497,1500,0.27,-0.51,0.0000,0.0000,0.0000,1
7.435,-18,24,-4,1497,1500,0.27,-0.51,0.0000,0.0000,0.0000,1
7.452,-18,24,-3,1497,1500,0.27,-0.51,0.0000,0.0000,0.0000,1
7.469,-19,24,-3,1497,1500,0.27,-0.51,0.0000,0.0000,0.0000,1
7.487,-20,23,-3,1496,1500,0.27,-0.51,0.0000,0.0000,0.0000,1
7.504,-21,22,-4,1496,1500,0.27,-0.51,0.0000,0.0000,0.0000,1
7.521,-22,21,-5,1496,1500,0.27,-0.51,0.0000,0.0000,0.0000,1
7.538,-22,21,-3,1496,1500,0.27,-0.51,0.0000,0.0000,0.0000,1
7.555,-23,21,-3,1496,1500,0.27,-0.51,0.0000,0.0000,0.0000,1
7.572,-24,21,-3,1496,1500,0.27,-0.51,0.0000,0.0000,0.0000,1
7.589,-25,21,-4,1495,1500,0.27,-0.51,0.0000,0.0000,0.0000,1
7.608,-26,20,-4,1495,1500,0.27,-0.51,0.0000,0.0000,0.0000,1
7.627,-27,20,-3,1495,1500,0.92,-0.73,0.0000,0.0000,0.0000,1
7.645,-28,20,-3,1495,1500,0.92,-0.73,0.0000,0.0000,0.0000,1
7.662,-29,20,-4,1495,1500,0.92,-0.73,0.0000,0.0000,0.0000,1
7.681,-31,20,-4,1494,1500,0.92,-0.73,0.0000,0.0000,0.0000,1
7.699,-31,20,-4,1494,1500,0.92,-0.73,0.0000,0.0000,0.0000,1
7.716,-32,18,-4,1494,1500,0.92,-0.73,0.0000,0.0000,0.0000,1
7.734,-33,17,-4,1494,1500,0.92,-0.73,0.0000,0.0000,0.0000,1
7.751,-33,17,-4,1494,1500,0.92,-0.73,0.0000,0.0000,0.0000,1
7.769,-34,16,-4,1494,1500,0.92,-0.73,0.0000,0.0000,0.0000,1
7.786,-35,16,-5,1493,1500,0.92,-0.73,0.0000,0.0000,0.0000,1
7.804,-35,16,-4,1493,1500,0.92,-0.73,0.0000,0.0000,0.0000,1
7.821,-36,16,-4,1493,1500,0.92,-0.73,0.0000,0.0000,0.0000,1
7.838,-36,16,-4,1493,1500,0.92,-0.73,0.0000,0.0000,0.0000,1
7.856,-37,15,-3,1493,1500,0.92,-0.73,0.0000,0.0000,0.0000,1
7.873,-37,15,-4,1493,1500,1.36,-0.96,0.0000,0.0000,0.0000,1
7.890,-38,14,-5,1493,1500,1.36,-0.96,0.0000,0.0000,0.0000,1
7.908,-38,15,-4,1493,1500,1.36,-0.96,0.0000,0.0000,0.0000,1
7.928,-38,15,-3,1493,1500,1.36,-0.96,0.0000,0.0000,0.0000,1
7.945,-38,15,-4,1493,1500,1.36,-0.96,0.0000,0.0000,0.0000,1
7.965,-39,16,-3,1493,1500,1.36,-0.96,0.0000,0.0000,0.0000,1
7.983,-39,16,-4,1493,1500,1.36,-0.96,0.0000,0.0000,0.0000,1
8.001,-40,16,-4,1492,1500,1.36,-0.96,0.0000,0.0000,0.0000,1
8.018,-40,16,-4,1492,1500,1.36,-0.96,0.0000,0.0000,0.0000,1
8.036,-40,16,-3,1492,1500,1.36,-0.96,0.0000,0.0000,0.0000,1
8.053,-40,16,-3,1492,1500,1.36,-0.96,0.0000,0.0000,0.0000,1
8.071,-40,17,-3,1492,1500,1.36,-0.96,0.0000,0.0000,0.0000,1
8.088,-40,16,-3,1492,1500,1.36,-0.96,0.0000,0.0000,0.0000,1
8.107,-40,17,-4,1492,1500,1.36,-0.96,0.0000,0.0000,0.0000,1
8.125,-39,17,-3,1493,1500,0.95,-0.60,0.0000,0.0000,0.0000,1
8.142,-39,17,-3,1493,1500,0.95,-0.60,0.0000,0.0000,0.0000,1
8.160,-38,17,-3,1493,1500,0.95,-0.60,0.0000,0.0000,0.0000,1
8.178,-38,17,-3,1493,1500,0.95,-0.60,0.0000,0.0000,0.0000,1
8.195,-37,18,-3,1493,1500,0.95,-0.60,0.0000,0.0000,0.0000,1
8.212,-36,18,-4,1493,1500,0.95,-0.60,0.0000,0.0000,0.0000,1
8.229,-34,18,-3,1494,1500,0.95,-0.60,0.0000,0.0000,0.0000,1
8.247,-34,18,-3,1494,1500,0.95,-0.60,0.0000,0.0000,0.0000,1
8.264,-33,18,-3,1494,1500,0.95,-0.60,0.0000,0.0000,0.0000,1
8.281,-33,19,-3,1494,1500,0.95,-0.60,0.0000,0.0000,0.0000,1
8.299,-33,19,-3,1494,1500,0.95,-0.60,0.0000,0.0000,0.0000,1
8.318,-32,18,-3,1494,1500,0.95,-0.60,0.0000,0.0000,0.0000,1
8.336,-31,18,-3,1494,1500,0.95,-0.60,0.0000,0.0000,0.0000,1
8.353,-31,18,-3,1494,1500,0.95,-0.60,0.0000,0.0000,0.0000,1
8.370,-30,17,-3,1494,1500,0.34,-0.46,0.0000,0.0000,0.0000,1
8.388,-30,17,-3,1494,1500,0.34,-0.46,0.0000,0.0000,0.0000,1
8.405,-29,16,-3,1495,1500,0.34,-0.46,0.0000,0.0000,0.0000,1
8.423,-28,16,-3,1495,1500,0.34,-0.46,0.0000,0.0000,0.0000,1
8.441,-27,15,-3,1495,1500,0.34,-0.46,0.0000,0.0000,0.0000,1
8.459,-26,15,-3,1495,1500,0.34,-0.46,0.0000,0.0000,0.0000,1
8.476,-25,14,-3,1495,1500,0.34,-0.46,0.0000,0.0000,0.0000,1
8.494,-24,14,-3,1496,1500,0.34,-0.46,0.0000,0.0000,0.0000,1
8.512,-24,14,-3,1496,1500,0.34,-0.46,0.0000,0.0000,0.0000,1
8.530,-23,13,-3,1496,1500,0.34,-0.46,0.0000,0.0000,0.0000,1
8.548,-20,12,-2,1496,1500,0.34,-0.46,0.0000,0.0000,0.0000,1
8.566,-20,12,-2,1496,1500,0.34,-0.46,0.0000,0.0000,0.0000,1
8.583,-19,12,-2,1497,1500,0.34,-0.46,0.0000,0.0000,0.0000,1
8.601,-18,12,-3,1497,1500,0.34,-0.46,0.0000,0.0000,0.0000,1
8.618,-17,12,-2,1497,1500,-0.41,-0.37,0.0000,0.0000,0.0000,1
8.636,-17,12,-2,1497,1500,-0.41,-0.37,0.0000,0.0000,0.0000,1
8.653,-17,13,-3,1497,1500,-0.41,-0.37,0.0000,0.0000,0.0000,1
8.671,-17,13,-3,1497,1500,-0.41,-0.37,0.0000,0.0000,0.0000,1
8.689,-16,14,-2,1497,1500,-0.41,-0.37,0.0000,0.0000,0.0000,1
8.706,-16,14,-2,1497,1500,-0.41,-0.37,0.0000,0.0000,0.0000,1
8.725,-16,14,-3,1497,1500,-0.41,-0.37,0.0000,0.0000,0.0000,1
8.743,-16,14,-2,1497,1500,-0.41,-0.37,0.0000,0.0000,0.0000,1
8.761,-17,14,-2,1497,1500,-0.41,-0.37,0.0000,0.0000,0.0000,1
8.779,-18,13,-2,1497,1500,-0.41,-0.37,0.0000,0.0000,0.0000,1
8.797,-19,12,-2,1497,1500,-0.41,-0.37,0.0000,0.0000,0.0000,1
8.814,-20,12,-2,1496,1500,-0.41,-0.37,0.0000,0.0000,0.0000,1
8.831,-20,12,-2,1496,1500,-0.41,-0.37,0.0000,0.0000,0.0000,1
8.848,-21,11,-2,1496,1500,-0.41,-0.37,0.0000,0.0000,0.0000,1
8.866,-22,11,-3,1496,1500,-0.44,-0.27,0.0000,0.0000,0.0000,1
8.883,-22,11,-2,1496,1500,-0.44,-0.27,0.0000,0.0000,0.0000,1
8.900,-23,10,-2,1496,1500,-0.44,-0.27,0.0000,0.0000,0.0000,1
8.917,-24,10,-3,1496,1500,-0.44,-0.27,0.0000,0.0000,0.0000,1
8.934,-24,10,-2,1496,1500,-0.44,-0.27,0.0000,0.0000,0.0000,1
8.951,-25,9,-2,1495,1500,-0.44,-0.27,0.0000,0.0000,0.0000,1
8.969,-26,9,-3,1495,1500,-0.44,-0.27,0.0000,0.0000,0.0000,1
8.989,-26,9,-2,1495,1500,-0.44,-0.27,0.0000,0.0000,0.0000,1
9.006,-26,7,-3,1495,1500,-0.44,-0.27,0.0000,0.0000,0.0000,1
9.024,-27,6,-3,1495,1500,-0.44,-0.27,0.0000,0.0000,0.0000,1
9.043,-29,3,-3,1495,1500,-0.44,-0.27,0.0000,0.0000,0.0000,1
9.060,-29,2,-3,1495,1500,-0.44,-0.27,0.0000,0.0000,0.0000,1
9.078,-29,1,-3,1495,1500,-0.44,-0.27,0.0000,0.0000,0.0000,1
9.095,-30,0,-3,1494,1500,-0.44,-0.27,0.0000,0.0000,0.0000,1
9.113,-29,-1,-3,1495,1500,-0.44,-0.27,0.0000,0.0000,0.0000,1
9.131,-29,-2,-4,1495,1500,-0.08,-0.77,0.0000,0.0000,0.0000,1
9.148,-29,-2,-4,1495,1500,-0.08,-0.77,0.0000,0.0000,0.0000,1
9.168,-30,-2,-3,1494,1500,-0.08,-0.77,0.0000,0.0000,0.0000,1
9.186,-30,-3,-4,1494,1500,-0.08,-0.77,0.0000,0.0000,0.0000,1
9.203,-31,-3,-3,1494,1500,-0.08,-0.77,0.0000,0.0000,0.0000,1
9.220,-32,-3,-4,1494,1500,-0.08,-0.77,0.0000,0.0000,0.0000,1
9.237,-33,-3,-4,1494,1500,-0.08,-0.77,0.0000,0.0000,0.0000,1
9.255,-34,-3,-4,1494,1500,-0.08,-0.77,0.0000,0.0000,0.0000,1
9.272,-36,-4,-4,1493,1500,-0.08,-0.77,0.0000,0.0000,0.0000,1
9.289,-37,-3,-4,1493,1500,-0.08,-0.77,0.0000,0.0000,0.0000,1
9.306,-39,-4,-4,1493,1500,-0.08,-0.77,0.0000,0.0000,0.0000,1
9.324,-41,-4,-4,1492,1500,-0.08,-0.77,0.0000,0.0000,0.0000,1
9.341,-42,-4,-4,1492,1500,-0.08,-0.77,0.0000,0.0000,0.0000,1
9.358,-44,-4,-4,1492,1500,-0.08,-0.77,0.0000,0.0000,0.0000,1
9.376,-46,-4,-4,1491,1500,-0.03,-0.60,0.0000,0.0000,0.0000,1
9.395,-49,-3,-4,1491,1500,-0.03,-0.60,0.0000,0.0000,0.0000,1
9.413,-49,-3,-4,1491,1500,-0.03,-0.60,0.0000,0.0000,0.0000,1
9.431,-53,-3,-4,1485,1500,-0.03,-0.60,0.0000,0.0000,0.0000,1
9.448,-55,-2,-4,1484,1500,-0.03,-0.60,0.0000,0.0000,0.0000,1
9.466,-57,-1,-4,1483,1500,-0.03,-0.60,0.0000,0.0000,0.0000,1
9.483,-60,0,-5,1482,1500,-0.03,-0.60,0.0000,0.0000,0.0000,1
9.500,-62,0,-4,1482,1500,-0.03,-0.60,0.0000,0.0000,0.0000,0
0.017,-64,1,-4,1481,1500,-0.03,-0.60,0.0000,0.0000,0.0000,0
0.034,-66,3,-4,1481,1500,-0.03,-0.60,0.0000,0.0000,0.0000,0
0.052,-68,3,-4,1480,1500,-0.03,-0.60,0.0000,0.0000,0.0000,0
0.070,-70,4,-3,1479,1500,-0.03,-0.60,0.0000,0.0000,0.0000,0
0.088,-72,3,-4,1479,1500,-0.03,-0.60,0.0000,0.0000,0.0000,0
0.106,-74,3,-3,1478,1500,-0.03,-0.60,0.0000,0.0000,0.0000,0
0.124,-79,1,-3,1477,1500,-0.57,-0.46,0.0000,0.0000,0.0000,0
0.143,-81,0,-3,1476,1500,-0.57,-0.46,0.0000,0.0000,0.0000,0
0.160,-83,-1,-3,1476,1500,-0.57,-0.46,0.0000,0.0000,0.0000,0
0.177,-83,-1,-3,1476,1500,-0.57,-0.46,0.0000,0.0000,0.0000,0
0.195,-86,-3,-4,1475,1500,-0.57,-0.46,0.0000,0.0000,0.0000,0
0.212,-88,-4,-4,1474,1500,-0.57,-0.46,0.0000,0.0000,0.0000,0
0.231,-89,-5,-4,1474,1500,-0.57,-0.46,0.0000,0.0000,0.0000,0
0.249,-90,-5,-3,1473,1500,-0.57,-0.46,0.0000,0.0000,0.0000,0
0.268,-90,-6,-4,1473,1500,-0.57,-0.46,0.0000,0.0000,0.0000,0
0.285,-90,-5,-4,1473,1500,-0.57,-0.46,0.0000,0.0000,0.0000,0
0.303,-90,-5,-4,1473,1500,-0.57,-0.46,0.0000,0.0000,0.0000,0
0.321,-91,-4,-4,1473,1500,-0.57,-0.46,0.0000,0.0000,0.0000,0
0.339,-91,-4,-4,1473,1500,-0.57,-0.46,0.0000,0.0000,0.0000,0
0.356,-91,-3,-4,1473,1500,-0.57,-0.46,0.0000,0.0000,0.0000,0
0.374,-92,-2,-4,1473,1500,-0.31,-0.91,0.0000,0.0000,0.0000,0
0.392,-92,-1,-5,1473,1500,-0.31,-0.91,0.0000,0.0000,0.0000,0
0.410,-93,-1,-5,1473,1500,-0.31,-0.91,0.0000,0.0000,0.0000,0
0.427,-93,-1,-5,1473,1500,-0.31,-0.91,0.0000,0.0000,0.0000,0
0.444,-93,-1,-5,1473,1500,-0.31,-0.91,0.0000,0.0000,0.0000,0
0.461,-93,0,-6,1473,1500,-0.31,-0.91,0.0000,0.0000,0.0000,0
0.478,-93,0,-6,1473,1500,-0.31,-0.91,0.0000,0.0000,0.0000,0
0.495,-93,0,-5,1473,1500,-0.31,-0.91,0.0000,0.0000,0.0000,0
0.512,-92,0,-5,1473,1500,-0.31,-0.91,0.0000,0.0000,0.0000,0
0.530,-92,0,-5,1473,1500,-0.31,-0.91,0.0000,0.0000,0.0000,0
0.547,-92,0,-5,1473,1500,-0.31,-0.91,0.0000,0.0000,0.0000,0
0.564,-92,0,-5,1473,1500,-0.31,-0.91,0.0000,0.0000,0.0000,0
0.583,-91,0,-5,1473,1500,-0.31,-0.91,0.0000,0.0000,0.0000,0
0.600,-91,0,-5,1473,1500,-0.31,-0.91,0.0000,0.0000,0.0000,0
0.618,-91,1,-5,1473,1500,0.06,-1.12,0.0000,0.0000,0.0000,0
0.636,-90,1,-5,1473,1500,0.06,-1.12,0.0000,0.0000,0.0000,0
0.654,-89,1,-5,1474,1500,0.06,-1.12,0.0000,0.0000,0.0000,0
0.673,-88,2,-5,1474,1500,0.06,-1.12,0.0000,0.0000,0.0000,0
0.691,-88,2,-5,1474,1500,0.06,-1.12,0.0000,0.0000,0.0000,0
0.711,-87,1,-6,1474,1500,0.06,-1.12,0.0000,0.0000,0.0000,0
0.728,-86,2,-6,1475,1500,0.06,-1.12,0.0000,0.0000,0.0000,0
0.746,-83,2,-6,1476,1500,0.06,-1.12,0.0000,0.0000,0.0000,0
0.763,-81,3,-6,1476,1500,0.06,-1.12,0.0000,0.0000,0.0000,0
0.780,-79,3,-6,1477,1500,0.06,-1.12,0.0000,0.0000,0.0000,0
0.797,-77,4,-7,1477,1500,0.06,-1.12,0.0000,0.0000,0.0000,0
0.814,-75,4,-7,1478,1500,0.06,-1.12,0.0000,0.0000,0.0000,0
0.832,-72,5,-6,1479,1500,0.06,-1.12,0.0000,0.0000,0.0000,0
0.849,-69,6,-6,1480,1500,0.06,-1.12,0.0000,0.0000,0.0000,0
0.866,-66,7,-6,1481,1500,0.20,-0.91,0.0000,0.0000,0.0000,0
0.883,-63,8,-6,1482,1500,0.20,-0.91,0.0000,0.0000,0.0000,0
0.901,-60,9,-6,1482,1500,0.20,-0.91,0.0000,0.0000,0.0000,1
0.918,-57,10,-6,1483,1500,0.20,-0.91,0.0000,0.0000,0.0000,1
0.935,-55,10,-6,1484,1500,0.20,-0.91,0.0000,0.0000,0.0000,1
0.953,-52,10,-6,1485,1500,0.20,-0.91,0.0000,0.0000,0.0000,1
0.970,-50,10,-7,1490,1500,0.20,-0.91,0.0000,0.0000,0.0000,1
0.987,-48,10,-7,1491,1500,0.20,-0.91,0.0000,0.0000,0.0000,1
1.005,-44,8,-7,1492,1500,0.20,-0.91,0.0000,0.0000,0.0000,1
1.024,-44,8,-7,1492,1500,0.20,-0.91,0.0000,0.0000,0.0000,1
1.042,-40,6,-6,1492,1500,0.20,-0.91,0.0000,0.0000,0.0000,1
1.059,-39,6,-6,1493,1500,0.20,-0.91,0.0000,0.0000,0.0000,1
1.077,-37,5,-6,1493,1500,0.20,-0.91,0.0000,0.0000,0.0000,1
1.096,-37,5,-7,1493,1500,0.20,-0.91,0.0000,0.0000,0.0000,1
1.116,-36,4,-7,1493,1500,0.64,-1.14,0.0000,0.0000,0.0000,1
1.134,-35,4,-7,1493,1500,0.64,-1.14,0.0000,0.0000,0.0000,1
1.151,-35,4,-8,1493,1500,0.64,-1.14,0.0000,0.0000,0.0000,1
1.168,-34,5,-8,1494,1500,0.64,-1.14,0.0000,0.0000,0.0000,1
1.185,-34,4,-8,1494,1500,0.64,-1.14,0.0000,0.0000,0.0000,1
1.202,-35,4,-7,1493,1500,0.64,-1.14,0.0000,0.0000,0.0000,1
1.220,-35,4,-7,1493,1500,0.64,-1.14,0.0000,0.0000,0.0000,1
1.241,-37,2,-7,1493,1500,0.64,-1.14,0.0000,0.0000,0.0000,1
1.259,-38,1,-6,1493,1500,0.64,-1.14,0.0000,0.0000,0.0000,1
1.276,-39,0,-6,1493,1500,0.64,-1.14,0.0000,0.0000,0.0000,1
1.293,-38,-1,-6,1493,1500,0.64,-1.14,0.0000,0.0000,0.0000,1
1.311,-38,-1,-6,1493,1500,0.64,-1.14,0.0000,0.0000,0.0000,1
1.328,-38,-2,-6,1493,1500,0.64,-1.14,0.0000,0.0000,0.0000,1
1.348,-37,-2,-6,1493,1500,0.64,-1.14,0.0000,0.0000,0.0000,1
1.366,-37,-3,-6,1493,1500,0.97,-1.58,0.0000,0.0000,0.0000,1
1.383,-36,-3,-6,1493,1500,0.97,-1.58,0.0000,0.0000,0.0000,1
1.400,-36,-3,-6,1493,1500,0.97,-1.58,0.0000,0.0000,0.0000,1
1.417,-35,-2,-7,1493,1500,0.97,-1.58,0.0000,0.0000,0.0000,1
1.435,-34,-2,-6,1494,1500,0.97,-1.58,0.0000,0.0000,0.0000,1
1.453,-34,-2,-6,1494,1500,0.97,-1.58,0.0000,0.0000,0.0000,1
1.470,-33,-1,-6,1494,1500,0.97,-1.58,0.0000,0.0000,0.0000,1
1.488,-32,-1,-6,1494,1500,0.97,-1.58,0.0000,0.0000,0.0000,1
1.507,-31,-1,-6,1494,1500,0.97,-1.58,0.0000,0.0000,0.0000,1
1.525,-30,-1,-6,1494,1500,0.97,-1.58,0.0000,0.0000,0.0000,1
1.542,-29,0,-6,1495,1500,0.97,-1.58,0.0000,0.0000,0.0000,1
1.562,-28,0,-6,1495,1500,0.97,-1.58,0.0000,0.0000,0.0000,1
1.580,-27,0,-6,1495,1500,0.97,-1.58,0.0000,0.0000,0.0000,1
1.599,-26,0,-5,1495,1500,0.97,-1.58,0.0000,0.0000,0.0000,1
1.616,-26,0,-6,1495,1500,1.14,-1.26,0.0000,0.0000,0.0000,1
1.634,-25,-1,-6,1495,1500,1.14,-1.26,0.0000,0.0000,0.0000,1
1.651,-24,-1,-6,1496,1500,1.14,-1.26,0.0000,0.0000,0.0000,1
1.668,-24,-1,-6,1496,1500,1.14,-1.26,0.0000,0.0000,0.0000,1
1.688,-24,-1,-6,1496,1500,1.14,-1.26,0.0000,0.0000,0.0000,1
1.705,-24,-2,-7,1496,1500,1.14,-1.26,0.0000,0.0000,0.0000,1
1.723,-24,-3,-5,1496,1500,1.14,-1.26,0.0000,0.0000,0.0000,1
1.740,-23,-2,-5,1496,1500,1.14,-1.26,0.0000,0.0000,0.0000,1
1.759,-23,-2,-5,1496,1500,1.14,-1.26,0.0000,0.0000,0.0000,1
1.776,-23,-3,-5,1496,1500,1.14,-1.26,0.0000,0.0000,0.0000,1
1.793,-22,-2,-5,1496,1500,1.14,-1.26,0.0000,0.0000,0.0000,1
1.810,-22,-1,-6,1496,1500,1.14,-1.26,0.0000,0.0000,0.0000,1
1.830,-22,0,-5,1496,1500,1.14,-1.26,0.0000,0.0000,0.0000,1
1.847,-23,0,-5,1496,1500,1.14,-1.26,0.0000,0.0000,0.0000,1
1.865,-23,1,-4,1496,1500,1.43,-0.97,0.0000,0.0000,0.0000,1
1.882,-24,2,-5,1496,1500,1.43,-0.97,0.0000,0.0000,0.0000,1
1.899,-25,3,-4,1495,1500,1.43,-0.97,0.0000,0.0000,0.0000,1
1.918,-27,3,-5,1495,1500,1.43,-0.97,0.0000,0.0000,0.0000,1
1.935,-28,4,-5,1495,1500,1.43,-0.97,0.0000,0.0000,0.0000,1
1.952,-29,4,-5,1495,1500,1.43,-0.97,0.0000,0.0000,0.0000,1
1.969,-31,4,-4,1494,1500,1.43,-0.97,0.0000,0.0000,0.0000,1
1.987,-32,3,-4,1494,1500,1.43,-0.97,0.0000,0.0000,0.0000,1
2.005,-33,3,-4,1494,1500,1.43,-0.97,0.0000,0.0000,0.0000,1
2.022,-35,3,-3,1493,1500,1.43,-0.97,0.0000,0.0000,0.0000,1
2.039,-37,3,-4,1493,1500,1.43,-0.97,0.0000,0.0000,0.0000,1
2.057,-37,4,-4,1493,1500,1.43,-0.97,0.0000,0.0000,0.0000,1
2.074,-38,5,-4,1493,1500,1.43,-0.97,0.0000,0.0000,0.0000,1
2.091,-39,5,-4,1493,1500,1.43,-0.97,0.0000,0.0000,0.0000,1
2.109,-41,5,-4,1492,1500,0.75,-0.59,0.0000,0.0000,0.0000,1
2.126,-42,6,-4,1492,1500,0.75,-0.59,0.0000,0.0000,0.0000,1
2.147,-43,7,-3,1492,1500,0.75,-0.59,0.0000,0.0000,0.0000,1
2.164,-45,7,-3,1491,1500,0.75,-0.59,0.0000,0.0000,0.0000,1
2.181,-47,8,-3,1491,1500,0.75,-0.59,0.0000,0.0000,0.0000,1
2.200,-47,8,-3,1491,1500,0.75,-0.59,0.0000,0.0000,0.0000,1
2.217,-52,9,-3,1485,1500,0.75,-0.59,0.0000,0.0000,0.0000,1
2.235,-52,9,-3,1485,1500,0.75,-0.59,0.0000,0.0000,0.0000,1
2.254,-57,10,-2,1483,1500,0.75,-0.59,0.0000,0.0000,0.0000,1
2.271,-60,9,-2,1482,1500,0.75,-0.59,0.0000,0.0000,0.0000,1
2.289,-67,8,-2,1480,1500,0.75,-0.59,0.0000,0.0000,0.0000,0
0.018,-70,7,-2,1479,1500,0.75,-0.59,0.0000,0.0000,0.0000,0
0.035,-73,7,-2,1479,1500,0.75,-0.59,0.0000,0.0000,0.0000,0
0.053,-76,6,-3,1478,1500,0.75,-0.59,0.0000,0.0000,0.0000,0
0.072,-80,6,-3,1476,1500,0.50,-0.54,0.0000,0.0000,0.0000,0
0.090,-83,4,-4,1476,1500,0.50,-0.54,0.0000,0.0000,0.0000,0
0.108,-86,4,-3,1475,1500,0.50,-0.54,0.0000,0.0000,0.0000,0
0.125,-89,4,-3,1474,1500,0.50,-0.54,0.0000,0.0000,0.0000,0
0.142,-91,4,-2,1473,1500,0.50,-0.54,0.0000,0.0000,0.0000,0
0.161,-94,4,-2,1472,1500,0.50,-0.54,0.0000,0.0000,0.0000,0
0.179,-97,4,-2,1471,1500,0.50,-0.54,0.0000,0.0000,0.0000,0
0.196,-99,5,-3,1471,1500,0.50,-0.54,0.0000,0.0000,0.0000,0
0.214,-104,6,-3,1470,1500,0.50,-0.54,0.0000,0.0000,0.0000,0
0.232,-107,7,-2,1470,1500,0.50,-0.54,0.0000,0.0000,0.0000,0
0.249,-107,7,-2,1470,1500,0.50,-0.54,0.0000,0.0000,0.0000,0
0.267,-110,8,-2,1470,1500,0.50,-0.54,0.0000,0.0000,0.0000,0
0.284,-112,8,-2,1470,1500,0.50,-0.54,0.0000,0.0000,0.0000,0
0.301,-113,7,-3,1470,1500,0.50,-0.54,0.0000,0.0000,0.0000,0
0.319,-114,7,-3,1470,1500,0.17,-0.25,0.0000,0.0000,0.0000,0
0.336,-115,6,-2,1470,1500,0.17,-0.25,0.0000,0.0000,0.0000,0
0.354,-115,5,-2,1470,1500,0.17,-0.25,0.0000,0.0000,0.0000,0
0.373,-116,4,-2,1470,1500,0.17,-0.25,0.0000,0.0000,0.0000,0
0.394,-117,3,-2,1470,1500,0.17,-0.25,0.0000,0.0000,0.0000,0
0.416,-118,2,-4,1470,1500,0.17,-0.25,0.0000,0.0000,0.0000,0
0.434,-118,2,-3,1470,1500,0.17,-0.25,0.0000,0.0000,0.0000,0
0.452,-119,-1,-1,1470,1500,0.17,-0.25,0.0000,0.0000,0.0000,0
0.469,-120,-2,-1,1470,1500,0.17,-0.25,0.0000,0.0000,0.0000,0
0.486,-121,-3,-1,1470,1500,0.17,-0.25,0.0000,0.0000,0.0000,0
0.504,-122,-4,-1,1470,1500,0.17,-0.25,0.0000,0.0000,0.0000,0
0.521,-123,-5,-1,1470,1500,0.17,-0.25,0.0000,0.0000,0.0000,0
0.538,-124,-6,-2,1470,1500,0.17,-0.25,0.0000,0.0000,0.0000,0
0.555,-125,-6,-2,1470,1500,0.17,-0.25,0.0000,0.0000,0.0000,0
0.572,-127,-7,-4,1470,1500,-0.26,-0.79,0.0000,0.0000,0.0000,0
0.589,-127,-8,-3,1470,1500,-0.26,-0.79,0.0000,0.0000,0.0000,0
0.606,-128,-8,-3,1470,1500,-0.26,-0.79,0.0000,0.0000,0.0000,0
0.624,-129,-8,-2,1470,1500,-0.26,-0.79,0.0000,0.0000,0.0000,0
0.642,-129,-8,-2,1470,1500,-0.26,-0.79,0.0000,0.0000,0.0000,0
0.659,-130,-9,-1,1470,1500,-0.26,-0.79,0.0000,0.0000,0.0000,0
0.677,-131,-9,-1,1470,1500,-0.26,-0.79,0.0000,0.0000,0.0000,0
0.694,-131,-9,-1,1470,1500,-0.26,-0.79,0.0000,0.0000,0.0000,0
0.713,-132,-9,-3,1470,1500,-0.26,-0.79,0.0000,0.0000,0.0000,0
0.731,-133,-9,-2,1470,1500,-0.26,-0.79,0.0000,0.0000,0.0000,0
0.748,-133,-9,-2,1470,1500,-0.26,-0.79,0.0000,0.0000,0.0000,0
0.766,-135,-10,-1,1470,1500,-0.26,-0.79,0.0000,0.0000,0.0000,0
0.784,-135,-11,-1,1470,1500,-0.26,-0.79,0.0000,0.0000,0.0000,0
0.802,-136,-12,-1,1470,1500,-0.26,-0.79,0.0000,0.0000,0.0000,0
0.821,-137,-13,-1,1470,1500,-0.59,-0.82,0.0000,0.0000,0.0000,0
0.839,-138,-13,-2,1470,1500,-0.59,-0.82,0.0000,0.0000,0.0000,0
0.856,-138,-14,-1,1470,1500,-0.59,-0.82,0.0000,0.0000,0.0000,0
0.874,-139,-15,-2,1470,1500,-0.59,-0.82,0.0000,0.0000,0.0000,0
0.891,-139,-15,-2,1470,1500,-0.59,-0.82,0.0000,0.0000,0.0000,0
0.909,-141,-15,-1,1470,1500,-0.59,-0.82,0.0000,0.0000,0.0000,0
0.926,-142,-16,-1,1470,1500,-0.59,-0.82,0.0000,0.0000,0.0000,0
0.944,-142,-15,-1,1470,1500,-0.59,-0.82,0.0000,0.0000,0.0000,0
0.962,-143,-15,-2,1470,1500,-0.59,-0.82,0.0000,0.0000,0.0000,0
0.979,-144,-14,-3,1470,1500,-0.59,-0.82,0.0000,0.0000,0.0000,0
0.998,-144,-13,-2,1470,1500,-0.59,-0.82,0.0000,0.0000,0.0000,0
1.015,-145,-12,-1,1470,1500,-0.59,-0.82,0.0000,0.0000,0.0000,0
1.032,-145,-12,-1,1470,1500,-0.59,-0.82,0.0000,0.0000,0.0000,0
1.053,-145,-12,-1,1470,1500,-0.59,-0.82,0.0000,0.0000,0.0000,0
1.074,-146,-11,-1,1470,1500,-0.26,-0.53,0.0000,0.0000,0.0000,0
1.091,-146,-10,-1,1470,1500,-0.26,-0.53,0.0000,0.0000,0.0000,0
1.109,-146,-10,-2,1470,1500,-0.26,-0.53,0.0000,0.0000,0.0000,0
1.126,-145,-10,-3,1470,1500,-0.26,-0.53,0.0000,0.0000,0.0000,0
1.145,-145,-9,-1,1470,1500,-0.26,-0.53,0.0000,0.0000,0.0000,0
1.162,-145,-9,-1,1470,1500,-0.26,-0.53,0.0000,0.0000,0.0000,0
1.179,-144,-9,-1,1470,1500,-0.26,-0.53,0.0000,0.0000,0.0000,0
1.196,-144,-9,-1,1470,1500,-0.26,-0.53,0.0000,0.0000,0.0000,0
1.214,-142,-9,-2,1470,1500,-0.26,-0.53,0.0000,0.0000,0.0000,0
1.232,-142,-9,-3,1470,1500,-0.26,-0.53,0.0000,0.0000,0.0000,0
1.249,-141,-9,-3,1470,1500,-0.26,-0.53,0.0000,0.0000,0.0000,0
1.268,-140,-10,-1,1470,1500,-0.26,-0.53,0.0000,0.0000,0.0000,0
1.285,-140,-10,-1,1470,1500,-0.26,-0.53,0.0000,0.0000,0.0000,0
1.305,-139,-11,0,1470,1500,-0.26,-0.53,0.0000,0.0000,0.0000,0
1.322,-139,-11,0,1470,1500,-0.28,-0.44,0.0000,0.0000,0.0000,0
1.339,-138,-12,0,1470,1500,-0.28,-0.44,0.0000,0.0000,0.0000,0
1.357,-138,-12,-1,1470,1500,-0.28,-0.44,0.0000,0.0000,0.0000,0
1.376,-138,-12,-1,1470,1500,-0.28,-0.44,0.0000,0.0000,0.0000,0
1.393,-137,-13,-2,1470,1500,-0.28,-0.44,0.0000,0.0000,0.0000,0
1.411,-137,-14,-2,1470,1500,-0.28,-0.44,0.0000,0.0000,0.0000,0
1.428,-137,-14,-2,1470,1500,-0.28,-0.44,0.0000,0.0000,0.0000,0
1.445,-136,-14,-2,1470,1500,-0.28,-0.44,0.0000,0.0000,0.0000,0
1.463,-136,-14,-1,1470,1500,-0.28,-0.44,0.0000,0.0000,0.0000,0
1.480,-135,-15,-1,1470,1500,-0.28,-0.44,0.0000,0.0000,0.0000,0
1.497,-135,-15,0,1470,1500,-0.28,-0.44,0.0000,0.0000,0.0000,0
1.515,-134,-16,0,1470,1500,-0.28,-0.44,0.0000,0.0000,0.0000,0
1.532,-134,-17,0,1470,1500,-0.28,-0.44,0.0000,0.0000,0.0000,0
1.549,-134,-17,-1,1470,1500,-0.28,-0.44,0.0000,0.0000,0.0000,0
1.566,-134,-17,-1,1470,1500,-0.28,-0.44,0.0000,0.0000,0.0000,0
1.583,-134,-18,-1,1470,1500,0.08,-0.73,0.0000,0.0000,0.0000,0
1.602,-133,-17,0,1470,1500,0.08,-0.73,0.0000,0.0000,0.0000,0
1.622,-133,-16,0,1470,1500,0.08,-0.73,0.0000,0.0000,0.0000,0
1.639,-132,-15,1,1470,1500,0.08,-0.73,0.0000,0.0000,0.0000,0
1.656,-132,-15,1,1470,1500,0.08,-0.73,0.0000,0.0000,0.0000,0
1.673,-131,-14,1,1470,1500,0.08,-0.73,0.0000,0.0000,0.0000,0
1.692,-130,-14,1,1470,1500,0.08,-0.73,0.0000,0.0000,0.0000,0
1.709,-129,-13,1,1470,1500,0.08,-0.73,0.0000,0.0000,0.0000,0
1.727,-129,-13,0,1470,1500,0.08,-0.73,0.0000,0.0000,0.0000,0
1.745,-127,-13,0,1470,1500,0.08,-0.73,0.0000,0.0000,0.0000,0
1.763,-126,-13,0,1470,1500,0.08,-0.73,0.0000,0.0000,0.0000,0
1.780,-125,-12,1,1470,1500,0.08,-0.73,0.0000,0.0000,0.0000,0
1.798,-121,-12,2,1470,1500,0.08,-0.73,0.0000,0.0000,0.0000,0
1.816,-120,-12,2,1470,1500,0.56,-0.32,0.0000,0.0000,0.0000,0
1.833,-117,-11,2,1470,1500,0.56,-0.32,0.0000,0.0000,0.0000,0
1.855,-115,-10,3,1470,1500,0.56,-0.32,0.0000,0.0000,0.0000,0
1.873,-113,-10,3,1470,1500,0.56,-0.32,0.0000,0.0000,0.0000,0
1.890,-110,-10,3,1470,1500,0.56,-0.32,0.0000,0.0000,0.0000,0
1.907,-107,-9,3,1470,1500,0.56,-0.32,0.0000,0.0000,0.0000,0
1.924,-104,-7,3,1470,1500,0.56,-0.32,0.0000,0.0000,0.0000,0
1.941,-101,-6,3,1470,1500,0.56,-0.32,0.0000,0.0000,0.0000,0
1.959,-99,-6,4,1471,1500,0.56,-0.32,0.0000,0.0000,0.0000,0
1.976,-96,-4,3,1472,1500,0.56,-0.32,0.0000,0.0000,0.0000,0
1.993,-94,-3,4,1472,1500,0.56,-0.32,0.0000,0.0000,0.0000,0
2.011,-91,-1,4,1473,1500,0.56,-0.32,0.0000,0.0000,0.0000,0
2.028,-89,0,4,1474,1500,0.56,-0.32,0.0000,0.0000,0.0000,0
2.045,-87,1,4,1474,1500,0.56,-0.32,0.0000,0.0000,0.0000,0
2.062,-85,3,4,1475,1500,0.56,-0.32,0.0000,0.0000,0.0000,0
2.081,-83,4,3,1476,1500,0.71,0.75,0.0000,0.0000,0.0000,0
2.098,-81,5,3,1476,1500,0.71,0.75,0.0000,0.0000,0.0000,0
2.115,-79,6,3,1477,1500,0.71,0.75,0.0000,0.0000,0.0000,0
2.133,-77,7,5,1477,1500,0.71,0.75,0.0000,0.0000,0.0000,0
2.150,-75,8,6,1478,1500,0.71,0.75,0.0000,0.0000,0.0000,0
2.168,-71,10,6,1479,1500,0.71,0.75,0.0000,0.0000,0.0000,0
2.185,-69,11,6,1480,1500,0.71,0.75,0.0000,0.0000,0.0000,0
2.202,-67,11,6,1480,1500,0.71,0.75,0.0000,0.0000,0.0000,0
2.220,-65,12,6,1481,1500,0.71,0.75,0.0000,0.0000,0.0000,0
2.238,-64,12,5,1481,1500,0.71,0.75,0.0000,0.0000,0.0000,0
2.255,-63,12,5,1482,1500,0.71,0.75,0.0000,0.0000,0.0000,0
2.273,-62,12,7,1482,1500,0.71,0.75,0.0000,0.0000,0.0000,0
2.290,-61,11,7,1482,1500,0.71,0.75,0.0000,0.0000,0.0000,0
2.307,-61,11,8,1482,1500,0.71,0.75,0.0000,0.0000,0.0000,0
2.325,-60,11,8,1482,1500,1.27,1.09,0.0000,0.0000,0.0000,1
2.343,-61,11,8,1482,1500,1.27,1.09,0.0000,0.0000,0.0000,0
0.017,-61,10,7,1482,1500,1.27,1.09,0.0000,0.0000,0.0000,0
0.035,-61,10,8,1482,1500,1.27,1.09,0.0000,0.0000,0.0000,0
0.052,-61,10,9,1482,1500,1.27,1.09,0.0000,0.0000,0.0000,0
0.069,-60,10,9,1482,1500,1.27,1.09,0.0000,0.0000,0.0000,1
0.090,-60,10,9,1482,1500,1.27,1.09,0.0000,0.0000,0.0000,1
0.107,-59,10,9,1483,1500,1.27,1.09,0.0000,0.0000,0.0000,1
0.124,-59,10,9,1483,1500,1.27,1.09,0.0000,0.0000,0.0000,1
0.141,-58,10,8,1483,1500,1.27,1.09,0.0000,0.0000,0.0000,1
0.158,-58,11,8,1483,1500,1.27,1.09,0.0000,0.0000,0.0000,1
0.176,-57,11,8,1483,1500,1.27,1.09,0.0000,0.0000,0.0000,1
0.193,-56,12,10,1484,1501,1.27,1.09,0.0000,0.0000,0.0000,1
0.210,-56,12,10,1484,1501,1.27,1.09,0.0000,0.0000,0.0000,1
0.229,-55,12,10,1484,1501,1.29,1.11,0.0000,0.0000,0.0000,1
0.246,-54,12,10,1484,1501,1.29,1.11,0.0000,0.0000,0.0000,1
0.263,-53,12,10,1485,1501,1.29,1.11,0.0000,0.0000,0.0000,1
0.280,-52,13,10,1485,1501,1.29,1.11,0.0000,0.0000,0.0000,1
0.297,-52,13,9,1485,1500,1.29,1.11,0.0000,0.0000,0.0000,1
0.315,-51,14,9,1485,1500,1.29,1.11,0.0000,0.0000,0.0000,1
0.333,-50,14,10,1490,1501,1.29,1.11,0.0000,0.0000,0.0000,1
0.350,-50,14,11,1490,1501,1.29,1.11,0.0000,0.0000,0.0000,1
0.367,-50,14,11,1490,1501,1.29,1.11,0.0000,0.0000,0.0000,1
0.385,-49,14,11,1491,1501,1.29,1.11,0.0000,0.0000,0.0000,1
0.402,-50,14,11,1490,1501,1.29,1.11,0.0000,0.0000,0.0000,1
0.419,-50,14,11,1490,1501,1.29,1.11,0.0000,0.0000,0.0000,1
0.438,-52,13,11,1485,1501,1.29,1.11,0.0000,0.0000,0.0000,1
0.455,-54,12,10,1484,1501,1.29,1.11,0.0000,0.0000,0.0000,1
0.472,-55,13,10,1484,1501,1.29,1.11,0.0000,0.0000,0.0000,1
0.489,-55,13,10,1484,1501,1.35,0.99,0.0000,0.0000,0.0000,1
0.508,-56,12,11,1484,1501,1.35,0.99,0.0000,0.0000,0.0000,1
0.525,-57,12,11,1483,1501,1.35,0.99,0.0000,0.0000,0.0000,1
0.546,-60,13,11,1482,1501,1.35,0.99,0.0000,0.0000,0.0000,1
0.572,-62,13,10,1482,1501,1.35,0.99,0.0000,0.0000,0.0000,0
0.018,-63,13,11,1482,1501,1.35,0.99,0.0000,0.0000,0.0000,0
0.035,-64,13,11,1481,1501,1.35,0.99,0.0000,0.0000,0.0000,0
0.052,-65,14,11,1481,1501,1.35,0.99,0.0000,0.0000,0.0000,0
0.069,-66,14,11,1481,1501,1.35,0.99,0.0000,0.0000,0.0000,0
0.086,-67,15,11,1480,1501,1.35,0.99,0.0000,0.0000,0.0000,0
0.103,-68,15,10,1480,1501,1.35,0.99,0.0000,0.0000,0.0000,0
0.120,-69,15,9,1480,1500,1.35,0.99,0.0000,0.0000,0.0000,0
0.138,-70,15,10,1479,1501,1.35,0.99,0.0000,0.0000,0.0000,0
0.155,-71,15,10,1479,1501,0.88,0.73,0.0000,0.0000,0.0000,0
0.172,-71,16,10,1479,1501,0.88,0.73,0.0000,0.0000,0.0000,0
0.190,-72,16,11,1479,1501,0.88,0.73,0.0000,0.0000,0.0000,0
0.210,-72,16,10,1479,1501,0.88,0.73,0.0000,0.0000,0.0000,0
0.227,-72,15,10,1479,1501,0.88,0.73,0.0000,0.0000,0.0000,0
0.245,-73,15,10,1479,1501,0.88,0.73,0.0000,0.0000,0.0000,0
0.262,-73,15,9,1479,1500,0.88,0.73,0.0000,0.0000,0.0000,0
0.282,-73,15,8,1479,1500,0.88,0.73,0.0000,0.0000,0.0000,0
0.300,-73,16,9,1479,1500,0.88,0.73,0.0000,0.0000,0.0000,0
0.318,-74,16,9,1478,1500,0.88,0.73,0.0000,0.0000,0.0000,0
0.336,-74,16,9,1478,1500,0.88,0.73,0.0000,0.0000,0.0000,0
0.354,-74,16,9,1478,1500,0.88,0.73,0.0000,0.0000,0.0000,0
0.371,-75,15,9,1478,1500,0.88,0.73,0.0000,0.0000,0.0000,0
0.389,-75,15,9,1478,1500,0.88,0.73,0.0000,0.0000,0.0000,0
0.408,-75,14,9,1478,1500,0.71,0.16,0.0000,0.0000,0.0000,0
0.425,-75,14,9,1478,1500,0.71,0.16,0.0000,0.0000,0.0000,0
0.442,-75,13,8,1478,1500,0.71,0.16,0.0000,0.0000,0.0000,0
0.460,-75,12,8,1478,1500,0.71,0.16,0.0000,0.0000,0.0000,0
0.477,-75,12,8,1478,1500,0.71,0.16,0.0000,0.0000,0.0000,0
0.495,-75,11,8,1478,1500,0.71,0.16,0.0000,0.0000,0.0000,0
0.512,-75,11,7,1478,1500,0.71,0.16,0.0000,0.0000,0.0000,0
0.529,-76,12,8,1478,1500,0.71,0.16,0.0000,0.0000,0.0000,0
0.547,-76,12,7,1478,1500,0.71,0.16,0.0000,0.0000,0.0000,0
0.566,-76,13,6,1478,1500,0.71,0.16,0.0000,0.0000,0.0000,0
0.584,-76,13,7,1478,1500,0.71,0.16,0.0000,0.0000,0.0000,0
0.604,-77,15,7,1477,1500,0.71,0.16,0.0000,0.0000,0.0000,0
0.622,-78,16,7,1477,1500,0.71,0.16,0.0000,0.0000,0.0000,0
0.639,-78,17,6,1477,1500,0.71,0.16,0.0000,0.0000,0.0000,0
0.657,-78,18,7,1477,1500,0.04,-0.07,0.0000,0.0000,0.0000,0
0.674,-79,18,7,1477,1500,0.04,-0.07,0.0000,0.0000,0.0000,0
0.691,-79,19,6,1477,1500,0.04,-0.07,0.0000,0.0000,0.0000,0
0.709,-80,19,6,1476,1500,0.04,-0.07,0.0000,0.0000,0.0000,0
0.727,-81,19,7,1476,1500,0.04,-0.07,0.0000,0.0000,0.0000,0
0.744,-82,19,6,1476,1500,0.04,-0.07,0.0000,0.0000,0.0000,0
0.762,-83,20,6,1476,1500,0.04,-0.07,0.0000,0.0000,0.0000,0
0.780,-83,20,6,1476,1500,0.04,-0.07,0.0000,0.0000,0.0000,0
0.797,-85,21,5,1475,1500,0.04,-0.07,0.0000,0.0000,0.0000,0
0.815,-86,22,6,1475,1500,0.04,-0.07,0.0000,0.0000,0.0000,0
0.832,-87,22,6,1474,1500,0.04,-0.07,0.0000,0.0000,0.0000,0
0.850,-88,23,5,1474,1500,0.04,-0.07,0.0000,0.0000,0.0000,0
0.868,-89,24,5,1474,1500,0.04,-0.07,0.0000,0.0000,0.0000,0
0.886,-91,25,5,1473,1500,0.04,-0.07,0.0000,0.0000,0.0000,0
0.903,-92,27,5,1473,1500,-0.31,-0.04,0.0000,0.0000,0.0000,0
0.922,-93,28,5,1473,1500,-0.31,-0.04,0.0000,0.0000,0.0000,0
0.939,-94,29,5,1472,1500,-0.31,-0.04,0.0000,0.0000,0.0000,0
0.957,-95,30,5,1472,1500,-0.31,-0.04,0.0000,0.0000,0.0000,0
0.974,-96,31,4,1472,1500,-0.31,-0.04,0.0000,0.0000,0.0000,0
0.992,-96,32,4,1472,1500,-0.31,-0.04,0.0000,0.0000,0.0000,0
1.011,-97,33,4,1471,1500,-0.31,-0.04,0.0000,0.0000,0.0000,0
1.030,-98,34,4,1471,1500,-0.31,-0.04,0.0000,0.0000,0.0000,0
1.051,-101,34,2,1471,1500,-0.31,-0.04,0.0000,0.0000,0.0000,0
1.070,-102,34,3,1470,1500,-0.31,-0.04,0.0000,0.0000,0.0000,0
1.087,-104,33,2,1470,1500,-0.31,-0.04,0.0000,0.0000,0.0000,0
1.105,-105,32,3,1470,1500,-0.31,-0.04,0.0000,0.0000,0.0000,0
1.123,-107,31,2,1470,1500,-0.31,-0.04,0.0000,0.0000,0.0000,0
1.141,-108,30,2,1470,1500,-0.31,-0.04,0.0000,0.0000,0.0000,0
1.159,-109,30,2,1470,1500,-1.44,-0.31,0.0000,0.0000,0.0000,0
1.176,-110,29,2,1470,1500,-1.44,-0.31,0.0000,0.0000,0.0000,0
1.193,-111,28,1,1470,1500,-1.44,-0.31,0.0000,0.0000,0.0000,0
1.210,-112,27,1,1470,1500,-1.44,-0.31,0.0000,0.0000,0.0000,0
1.227,-114,26,0,1470,1500,-1.44,-0.31,0.0000,0.0000,0.0000,0
1.246,-117,24,1,1470,1500,-1.44,-0.31,0.0000,0.0000,0.0000,0
1.265,-117,24,1,1470,1500,-1.44,-0.31,0.0000,0.0000,0.0000,0
1.283,-120,22,0,1470,1500,-1.44,-0.31,0.0000,0.0000,0.0000,0
1.302,-122,20,0,1470,1500,-1.44,-0.31,0.0000,0.0000,0.0000,0
1.319,-124,19,-1,1470,1500,-1.44,-0.31,0.0000,0.0000,0.0000,0
1.337,-125,18,-1,1470,1500,-1.44,-0.31,0.0000,0.0000,0.0000,0
1.354,-127,17,-1,1470,1500,-1.44,-0.31,0.0000,0.0000,0.0000,0
1.371,-128,17,0,1470,1500,-1.44,-0.31,0.0000,0.0000,0.0000,0
1.388,-129,16,-1,1470,1500,-1.44,-0.31,0.0000,0.0000,0.0000,0
1.407,-129,16,-1,1470,1500,-1.41,-1.43,0.0000,0.0000,0.0000,0
1.425,-130,16,-1,1470,1500,-1.41,-1.43,0.0000,0.0000,0.0000,0
1.442,-130,16,-1,1470,1500,-1.41,-1.43,0.0000,0.0000,0.0000,0
1.460,-131,16,-1,1470,1500,-1.41,-1.43,0.0000,0.0000,0.0000,0
1.478,-132,16,-1,1470,1500,-1.41,-1.43,0.0000,0.0000,0.0000,0
1.497,-132,17,-2,1470,1500,-1.41,-1.43,0.0000,0.0000,0.0000,0
1.514,-133,16,-2,1470,1500,-1.41,-1.43,0.0000,0.0000,0.0000,0
1.532,-133,16,-2,1470,1500,-1.41,-1.43,0.0000,0.0000,0.0000,0
1.550,-134,16,-3,1470,1500,-1.41,-1.43,0.0000,0.0000,0.0000,0
1.569,-134,16,-3,1470,1500,-1.41,-1.43,0.0000,0.0000,0.0000,0
1.586,-135,17,-3,1470,1500,-1.41,-1.43,0.0000,0.0000,0.0000,0
1.603,-134,18,-3,1470,1500,-1.41,-1.43,0.0000,0.0000,0.0000,0
1.620,-134,19,-3,1470,1500,-1.41,-1.43,0.0000,0.0000,0.0000,0
1.638,-133,21,-3,1470,1500,-1.41,-1.43,0.0000,0.0000,0.0000,0
1.655,-132,22,-3,1470,1500,-1.23,-1.36,0.0000,0.0000,0.0000,0
1.673,-130,24,-2,1470,1500,-1.23,-1.36,0.0000,0.0000,0.0000,0
1.692,-129,26,-3,1470,1500,-1.23,-1.36,0.0000,0.0000,0.0000,0
1.710,-127,27,-2,1470,1500,-1.23,-1.36,0.0000,0.0000,0.0000,0
1.727,-125,29,-2,1470,1500,-1.23,-1.36,0.0000,0.0000,0.0000,0
1.744,-123,30,-3,1470,1500,-1.23,-1.36,0.0000,0.0000,0.0000,0
1.762,-121,31,-3,1470,1500,-1.23,-1.36,0.0000,0.0000,0.0000,0
1.779,-120,33,-3,1470,1500,-1.23,-1.36,0.0000,0.0000,0.0000,0
1.797,-118,34,-3,1470,1500,-1.23,-1.36,0.0000,0.0000,0.0000,0
1.814,-117,34,-3,1470,1500,-1.23,-1.36,0.0000,0.0000,0.0000,0
1.832,-113,35,-3,1470,1500,-1.23,-1.36,0.0000,0.0000,0.0000,0
1.849,-111,35,-3,1470,1500,-1.23,-1.36,0.0000,0.0000,0.0000,0
1.866,-109,36,-3,1470,1500,-1.23,-1.36,0.0000,0.0000,0.0000,0
1.883,-107,35,-4,1470,1500,-1.23,-1.36,0.0000,0.0000,0.0000,0
1.900,-107,35,-4,1470,1500,-0.70,-1.08,0.0000,0.0000,0.0000,0
1.917,-105,35,-4,1470,1500,-0.70,-1.08,0.0000,0.0000,0.0000,0
1.934,-103,35,-4,1470,1500,-0.70,-1.08,0.0000,0.0000,0.0000,0
1.952,-101,35,-4,1470,1500,-0.70,-1.08,0.0000,0.0000,0.0000,0
1.971,-100,35,-4,1470,1500,-0.70,-1.08,0.0000,0.0000,0.0000,0
1.989,-99,34,-4,1471,1500,-0.70,-1.08,0.0000,0.0000,0.0000,0
2.007,-96,32,-4,1472,1500,-0.70,-1.08,0.0000,0.0000,0.0000,0
2.027,-94,30,-5,1472,1500,-0.70,-1.08,0.0000,0.0000,0.0000,0
2.045,-93,29,-5,1473,1500,-0.70,-1.08,0.0000,0.0000,0.0000,0
2.064,-89,29,-4,1474,1500,-0.70,-1.08,0.0000,0.0000,0.0000,0
2.081,-87,29,-5,1474,1500,-0.70,-1.08,0.0000,0.0000,0.0000,0
2.099,-85,29,-5,1475,1500,-0.70,-1.08,0.0000,0.0000,0.0000,0
2.117,-83,29,-5,1476,1500,-0.70,-1.08,0.0000,0.0000,0.0000,0
2.134,-81,30,-5,1476,1500,-0.70,-1.08,0.0000,0.0000,0.0000,0
2.152,-79,31,-6,1477,1500,0.35,-1.51,0.0000,0.0000,0.0000,0
2.169,-76,32,-6,1478,1500,0.35,-1.51,0.0000,0.0000,0.0000,0
2.192,-74,32,-6,1478,1500,0.35,-1.51,0.0000,0.0000,0.0000,0
2.211,-74,32,-6,1478,1500,0.35,-1.51,0.0000,0.0000,0.0000,0
2.228,-70,34,-7,1479,1500,0.35,-1.51,0.0000,0.0000,0.0000,0
2.246,-67,35,-7,1480,1500,0.35,-1.51,0.0000,0.0000,0.0000,0
2.264,-66,35,-6,1481,1500,0.35,-1.51,0.0000,0.0000,0.0000,0
2.281,-62,36,-5,1482,1500,0.35,-1.51,0.0000,0.0000,0.0000,0
2.298,-61,36,-5,1482,1500,0.35,-1.51,0.0000,0.0000,0.0000,0
2.316,-59,37,-5,1483,1500,0.35,-1.51,0.0000,0.0000,0.0000,1
2.333,-57,37,-5,1483,1500,0.35,-1.51,0.0000,0.0000,0.0000,1
2.350,-56,36,-5,1484,1500,0.35,-1.51,0.0000,0.0000,0.0000,1
2.367,-54,36,-5,1484,1500,0.35,-1.51,0.0000,0.0000,0.0000,1
2.385,-53,36,-5,1485,1500,0.35,-1.51,0.0000,0.0000,0.0000,1
2.402,-51,36,-5,1485,1500,0.93,-1.25,0.0000,0.0000,0.0000,1
2.420,-51,36,-5,1485,1500,0.93,-1.25,0.0000,0.0000,0.0000,1
2.438,-49,37,-5,1491,1500,0.93,-1.25,0.0000,0.0000,0.0000,1
2.456,-47,37,-5,1491,1500,0.93,-1.25,0.0000,0.0000,0.0000,1
2.474,-45,37,-6,1491,1500,0.93,-1.25,0.0000,0.0000,0.0000,1
2.491,-42,39,-6,1492,1500,0.93,-1.25,0.0000,0.0000,0.0000,1
2.510,-40,40,-6,1492,1500,0.93,-1.25,0.0000,0.0000,0.0000,1
2.527,-38,41,-7,1493,1500,0.93,-1.25,0.0000,0.0000,0.0000,1
2.544,-36,42,-6,1493,1500,0.93,-1.25,0.0000,0.0000,0.0000,1
2.562,-33,42,-5,1494,1500,0.93,-1.25,0.0000,0.0000,0.0000,1
2.579,-32,42,-5,1494,1500,0.93,-1.25,0.0000,0.0000,0.0000,1
2.596,-30,43,-5,1494,1500,0.93,-1.25,0.0000,0.0000,0.0000,1
2.613,-30,43,-5,1494,1500,0.93,-1.25,0.0000,0.0000,0.0000,1
2.631,-28,44,-5,1495,1500,0.93,-1.25,0.0000,0.0000,0.0000,1
2.648,-28,44,-5,1495,1500,1.17,-0.87,0.0000,0.0000,0.0000,1
2.666,-26,44,-5,1495,1500,1.17,-0.87,0.0000,0.0000,0.0000,1
2.683,-25,45,-5,1495,1500,1.17,-0.87,0.0000,0.0000,0.0000,1
2.701,-23,45,-5,1496,1500,1.17,-0.87,0.0000,0.0000,0.0000,1
2.718,-21,47,-5,1496,1500,1.17,-0.87,0.0000,0.0000,0.0000,1
2.736,-20,48,-5,1496,1500,1.17,-0.87,0.0000,0.0000,0.0000,1
2.754,-19,48,-5,1497,1500,1.17,-0.87,0.0000,0.0000,0.0000,1
2.771,-18,48,-6,1497,1500,1.17,-0.87,0.0000,0.0000,0.0000,1
2.790,-17,48,-5,1497,1500,1.17,-0.87,0.0000,0.0000,0.0000,1
2.809,-15,48,-5,1497,1500,1.17,-0.87,0.0000,0.0000,0.0000,1
2.828,-12,48,-4,1498,1500,1.17,-0.87,0.0000,0.0000,0.0000,1
2.845,-12,48,-4,1498,1500,1.17,-0.87,0.0000,0.0000,0.0000,1
2.863,-8,48,-4,1499,1500,1.17,-0.87,0.0000,0.0000,0.0000,1
2.881,-6,48,-4,1499,1500,1.17,-0.87,0.0000,0.0000,0.0000,1
2.899,-4,48,-4,1500,1500,1.07,-0.76,0.0000,0.0000,0.0000,1
2.916,-2,48,-4,1500,1500,1.07,-0.76,0.0000,0.0000,0.0000,1
2.935,0,48,-5,1500,1500,1.07,-0.76,0.0000,0.0000,0.0000,1
2.955,2,48,-4,1500,1500,1.07,-0.76,0.0000,0.0000,0.0000,1
2.974,5,48,-5,1501,1500,1.07,-0.76,0.0000,0.0000,0.0000,1
2.995,7,48,-5,1501,1500,1.07,-0.76,0.0000,0.0000,0.0000,1
3.014,8,48,-5,1501,1500,1.07,-0.76,0.0000,0.0000,0.0000,1
3.032,10,49,-5,1502,1500,1.07,-0.76,0.0000,0.0000,0.0000,1
3.049,13,49,-4,1502,1500,1.07,-0.76,0.0000,0.0000,0.0000,1
3.067,17,50,-5,1503,1500,1.07,-0.76,0.0000,0.0000,0.0000,1
3.084,19,50,-5,1503,1500,1.07,-0.76,0.0000,0.0000,0.0000,1
3.103,21,52,-5,1504,1500,1.07,-0.76,0.0000,0.0000,0.0000,1
3.120,22,52,-5,1504,1500,1.07,-0.76,0.0000,0.0000,0.0000,1
3.138,24,53,-6,1504,1500,1.07,-0.76,0.0000,0.0000,0.0000,1
3.157,24,53,-5,1504,1500,0.54,-0.46,0.0000,0.0000,0.0000,1
3.174,25,53,-6,1505,1500,0.54,-0.46,0.0000,0.0000,0.0000,1
3.193,25,53,-5,1505,1500,0.54,-0.46,0.0000,0.0000,0.0000,1
3.211,25,53,-5,1505,1500,0.54,-0.46,0.0000,0.0000,0.0000,1
3.229,25,52,-5,1505,1500,0.54,-0.46,0.0000,0.0000,0.0000,1
3.247,25,51,-5,1505,1500,0.54,-0.46,0.0000,0.0000,0.0000,1
3.266,24,49,-6,1504,1500,0.54,-0.46,0.0000,0.0000,0.0000,1
3.285,23,49,-5,1504,1500,0.54,-0.46,0.0000,0.0000,0.0000,1
3.302,22,48,-5,1504,1500,0.54,-0.46,0.0000,0.0000,0.0000,1
3.319,22,47,-5,1504,1500,0.54,-0.46,0.0000,0.0000,0.0000,1
3.336,21,46,-5,1504,1500,0.54,-0.46,0.0000,0.0000,0.0000,1
3.355,20,46,-5,1504,1500,0.54,-0.46,0.0000,0.0000,0.0000,1
3.372,19,45,-6,1503,1500,0.54,-0.46,0.0000,0.0000,0.0000,1
3.390,18,45,-5,1503,1500,0.54,-0.46,0.0000,0.0000,0.0000,1
3.408,17,44,-6,1503,1500,1.20,-0.97,0.0000,0.0000,0.0000,1
3.427,16,43,-6,1503,1500,1.20,-0.97,0.0000,0.0000,0.0000,1
3.449,14,43,-5,1503,1500,1.20,-0.97,0.0000,0.0000,0.0000,1
3.466,13,42,-5,1502,1500,1.20,-0.97,0.0000,0.0000,0.0000,1
3.484,12,42,-6,1502,1500,1.20,-0.97,0.0000,0.0000,0.0000,1
3.501,10,41,-5,1502,1500,1.20,-0.97,0.0000,0.0000,0.0000,1
3.518,8,38,-6,1501,1500,1.20,-0.97,0.0000,0.0000,0.0000,1
3.535,7,38,-7,1501,1500,1.20,-0.97,0.0000,0.0000,0.0000,1
3.553,5,38,-6,1501,1500,1.20,-0.97,0.0000,0.0000,0.0000,1
3.571,4,38,-6,1500,1500,1.20,-0.97,0.0000,0.0000,0.0000,1
3.591,3,38,-6,1500,1500,1.20,-0.97,0.0000,0.0000,0.0000,1
3.608,1,38,-6,1500,1500,1.20,-0.97,0.0000,0.0000,0.0000,1
3.627,0,38,-6,1500,1500,1.20,-0.97,0.0000,0.0000,0.0000,1
3.646,-2,39,-7,1500,1500,0.93,-1.31,0.0000,0.0000,0.0000,1
3.664,-3,39,-6,1500,1500,0.93,-1.31,0.0000,0.0000,0.0000,1
3.684,-5,39,-6,1499,1500,0.93,-1.31,0.0000,0.0000,0.0000,1
3.701,-6,39,-7,1499,1500,0.93,-1.31,0.0000,0.0000,0.0000,1
3.718,-7,40,-7,1499,1500,0.93,-1.31,0.0000,0.0000,0.0000,1
3.735,-9,39,-7,1499,1500,0.93,-1.31,0.0000,0.0000,0.0000,1
3.754,-10,38,-7,1498,1500,0.93,-1.31,0.0000,0.0000,0.0000,1
3.771,-11,38,-7,1498,1500,0.93,-1.31,0.0000,0.0000,0.0000,1
3.788,-11,37,-7,1498,1500,0.93,-1.31,0.0000,0.0000,0.0000,1
3.806,-12,37,-7,1498,1500,0.93,-1.31,0.0000,0.0000,0.0000,1
3.824,-13,36,-7,1498,1500,0.93,-1.31,0.0000,0.0000,0.0000,1
3.841,-13,36,-6,1498,1500,0.93,-1.31,0.0000,0.0000,0.0000,1
3.859,-13,35,-6,1498,1500,0.93,-1.31,0.0000,0.0000,0.0000,1
3.877,-13,34,-7,1498,1500,0.93,-1.31,0.0000,0.0000,0.0000,1
3.894,-13,34,-7,1498,1500,0.29,-1.41,0.0000,0.0000,0.0000,1
3.912,-13,34,-7,1498,1500,0.29,-1.41,0.0000,0.0000,0.0000,1
3.933,-13,33,-7,1498,1500,0.29,-1.41,0.0000,0.0000,0.0000,1
3.951,-14,32,-7,1498,1500,0.29,-1.41,0.0000,0.0000,0.0000,1
3.968,-14,31,-7,1498,1500,0.29,-1.41,0.0000,0.0000,0.0000,1
3.985,-14,28,-7,1498,1500,0.29,-1.41,0.0000,0.0000,0.0000,1
4.002,-14,27,-8,1498,1500,0.29,-1.41,0.0000,0.0000,0.0000,1
4.019,-14,25,-8,1498,1500,0.29,-1.41,0.0000,0.0000,0.0000,1
4.037,-14,24,-8,1498,1500,0.29,-1.41,0.0000,0.0000,0.0000,1
4.055,-14,23,-9,1498,1500,0.29,-1.41,0.0000,0.0000,0.0000,1
4.072,-14,23,-9,1498,1500,0.29,-1.41,0.0000,0.0000,0.0000,1
4.090,-13,22,-9,1498,1500,0.29,-1.41,0.0000,0.0000,0.0000,1
4.108,-13,22,-9,1498,1500,0.29,-1.41,0.0000,0.0000,0.0000,1
4.125,-13,22,-9,1498,1500,0.29,-1.41,0.0000,0.0000,0.0000,1
4.142,-12,21,-9,1498,1500,0.28,-1.66,0.0000,0.0000,0.0000,1
4.159,-11,21,-9,1498,1500,0.28,-1.66,0.0000,0.0000,0.0000,1
4.177,-10,21,-8,1498,1500,0.28,-1.66,0.0000,0.0000,0.0000,1
4.194,-9,21,-8,1499,1500,0.28,-1.66,0.0000,0.0000,0.0000,1
4.212,-9,21,-8,1499,1500,0.28,-1.66,0.0000,0.0000,0.0000,1
4.229,-8,20,-8,1499,1500,0.28,-1.66,0.0000,0.0000,0.0000,1
4.246,-8,20,-9,1499,1500,0.28,-1.66,0.0000,0.0000,0.0000,1
4.263,-8,20,-8,1499,1500,0.28,-1.66,0.0000,0.0000,0.0000,1
4.280,-9,20,-9,1499,1500,0.28,-1.66,0.0000,0.0000,0.0000,1
4.297,-8,20,-9,1499,1500,0.28,-1.66,0.0000,0.0000,0.0000,1
4.314,-8,20,-9,1499,1500,0.28,-1.66,0.0000,0.0000,0.0000,1
4.332,-8,20,-8,1499,1500,0.28,-1.66,0.0000,0.0000,0.0000,1
4.351,-9,20,-9,1499,1500,0.28,-1.66,0.0000,0.0000,0.0000,1
4.368,-10,19,-9,1498,1500,0.28,-1.66,0.0000,0.0000,0.0000,1
4.385,-11,18,-8,1498,1500,0.28,-1.66,0.0000,0.0000,0.0000,1
4.404,-12,18,-9,1498,1500,0.42,-1.30,0.0000,0.0000,0.0000,1
4.421,-14,16,-9,1498,1500,0.42,-1.30,0.0000,0.0000,0.0000,1
4.438,-15,15,-9,1497,1500,0.42,-1.30,0.0000,0.0000,0.0000,1
4.456,-17,14,-9,1497,1500,0.42,-1.30,0.0000,0.0000,0.0000,1
4.474,-19,13,-9,1497,1500,0.42,-1.30,0.0000,0.0000,0.0000,1
4.492,-20,11,-9,1496,1500,0.42,-1.30,0.0000,0.0000,0.0000,1
4.509,-23,8,-8,1496,1500,0.42,-1.30,0.0000,0.0000,0.0000,1
4.527,-25,8,-9,1495,1500,0.42,-1.30,0.0000,0.0000,0.0000,1
4.544,-26,7,-8,1495,1500,0.42,-1.30,0.0000,0.0000,0.0000,1
4.562,-27,6,-8,1495,1500,0.42,-1.30,0.0000,0.0000,0.0000,1
4.580,-29,5,-8,1495,1500,0.42,-1.30,0.0000,0.0000,0.0000,1
4.598,-30,3,-8,1494,1500,0.42,-1.30,0.0000,0.0000,0.0000,1
4.616,-32,2,-9,1494,1500,0.42,-1.30,0.0000,0.0000,0.0000,1
4.634,-34,1,-8,1494,1500,0.42,-1.30,0.0000,0.0000,0.0000,1
4.651,-36,0,-9,1493,1500,0.88,-1.88,0.0000,0.0000,0.0000,1
4.671,-38,-1,-9,1493,1500,0.88,-1.88,0.0000,0.0000,0.0000,1
4.688,-41,-3,-10,1492,1499,0.88,-1.88,0.0000,0.0000,0.0000,1
4.706,-44,-4,-10,1492,1499,0.88,-1.88,0.0000,0.0000,0.0000,1
4.724,-46,-5,-11,1491,1499,0.88,-1.88,0.0000,0.0000,0.0000,1
4.741,-49,-6,-11,1491,1499,0.88,-1.88,0.0000,0.0000,0.0000,1
4.759,-52,-6,-10,1485,1499,0.88,-1.88,0.0000,0.0000,0.0000,1
4.778,-54,-7,-10,1484,1499,0.88,-1.88,0.0000,0.0000,0.0000,1
4.795,-59,-7,-9,1483,1500,0.88,-1.88,0.0000,0.0000,0.0000,1
4.812,-60,-7,-9,1482,1500,0.88,-1.88,0.0000,0.0000,0.0000,1
4.829,-61,-6,-9,1482,1500,0.88,-1.88,0.0000,0.0000,0.0000,0
0.017,-61,-6,-9,1482,1500,0.88,-1.88,0.0000,0.0000,0.0000,0
0.034,-62,-6,-10,1482,1499,0.88,-1.88,0.0000,0.0000,0.0000,0
0.051,-61,-6,-9,1482,1500,0.88,-1.88,0.0000,0.0000,0.0000,0
0.069,-61,-6,-9,1482,1500,0.55,-1.85,0.0000,0.0000,0.0000,0
0.086,-61,-6,-9,1482,1500,0.55,-1.85,0.0000,0.0000,0.0000,0
0.109,-61,-5,-9,1482,1500,0.55,-1.85,0.0000,0.0000,0.0000,0
0.127,-60,-5,-10,1482,1499,0.55,-1.85,0.0000,0.0000,0.0000,1
0.145,-60,-5,-9,1482,1500,0.55,-1.85,0.0000,0.0000,0.0000,1
0.164,-60,-5,-8,1482,1500,0.55,-1.85,0.0000,0.0000,0.0000,1
0.182,-60,-5,-8,1482,1500,0.55,-1.85,0.0000,0.0000,0.0000,1
0.200,-60,-6,-9,1482,1500,0.55,-1.85,0.0000,0.0000,0.0000,1
0.217,-60,-7,-11,1482,1499,0.55,-1.85,0.0000,0.0000,0.0000,1
0.235,-60,-7,-9,1482,1500,0.55,-1.85,0.0000,0.0000,0.0000,1
0.252,-59,-8,-9,1483,1500,0.55,-1.85,0.0000,0.0000,0.0000,1
0.269,-59,-8,-8,1483,1500,0.55,-1.85,0.0000,0.0000,0.0000,1
0.286,-59,-9,-7,1483,1500,0.55,-1.85,0.0000,0.0000,0.0000,1
0.303,-60,-10,-8,1482,1500,0.55,-1.85,0.0000,0.0000,0.0000,1
0.321,-60,-10,-8,1482,1500,0.01,-1.94,0.0000,0.0000,0.0000,1
0.339,-62,-12,-9,1482,1500,0.01,-1.94,0.0000,0.0000,0.0000,0
0.017,-63,-13,-9,1482,1500,0.01,-1.94,0.0000,0.0000,0.0000,0
0.035,-64,-14,-10,1481,1499,0.01,-1.94,0.0000,0.0000,0.0000,0
0.053,-65,-15,-8,1481,1500,0.01,-1.94,0.0000,0.0000,0.0000,0
0.071,-66,-15,-9,1481,1500,0.01,-1.94,0.0000,0.0000,0.0000,0
0.089,-66,-15,-8,1481,1500,0.01,-1.94,0.0000,0.0000,0.0000,0
0.111,-66,-15,-7,1481,1500,0.01,-1.94,0.0000,0.0000,0.0000,0
0.128,-65,-14,-6,1481,1500,0.01,-1.94,0.0000,0.0000,0.0000,0
0.146,-65,-13,-6,1481,1500,0.01,-1.94,0.0000,0.0000,0.0000,0
0.163,-64,-12,-7,1481,1500,0.01,-1.94,0.0000,0.0000,0.0000,0
0.180,-63,-12,-7,1482,1500,0.01,-1.94,0.0000,0.0000,0.0000,0
0.198,-62,-11,-7,1482,1500,0.01,-1.94,0.0000,0.0000,0.0000,0
0.215,-62,-10,-7,1482,1500,0.01,-1.94,0.0000,0.0000,0.0000,0
0.232,-60,-9,-6,1482,1500,0.73,-1.45,0.0000,0.0000,0.0000,1
0.250,-59,-8,-5,1483,1500,0.73,-1.45,0.0000,0.0000,0.0000,1
0.268,-58,-7,-5,1483,1500,0.73,-1.45,0.0000,0.0000,0.0000,1
0.286,-58,-6,-5,1483,1500,0.73,-1.45,0.0000,0.0000,0.0000,1
0.304,-57,-5,-5,1483,1500,0.73,-1.45,0.0000,0.0000,0.0000,1
0.323,-56,-4,-5,1484,1500,0.73,-1.45,0.0000,0.0000,0.0000,1
0.342,-54,-2,-4,1484,1500,0.73,-1.45,0.0000,0.0000,0.0000,1
0.359,-54,-1,-4,1484,1500,0.73,-1.45,0.0000,0.0000,0.0000,1
0.377,-53,0,-4,1485,1500,0.73,-1.45,0.0000,0.0000,0.0000,1
0.394,-53,1,-5,1485,1500,0.73,-1.45,0.0000,0.0000,0.0000,1
0.412,-52,2,-4,1485,1500,0.73,-1.45,0.0000,0.0000,0.0000,1
0.429,-52,3,-3,1485,1500,0.73,-1.45,0.0000,0.0000,0.0000,1
0.446,-51,3,-3,1485,1500,0.73,-1.45,0.0000,0.0000,0.0000,1
0.464,-51,4,-3,1485,1500,0.73,-1.45,0.0000,0.0000,0.0000,1
0.481,-51,4,-3,1485,1500,0.91,-0.39,0.0000,0.0000,0.0000,1
0.499,-51,5,-3,1485,1500,0.91,-0.39,0.0000,0.0000,0.0000,1
0.518,-50,6,-2,1490,1500,0.91,-0.39,0.0000,0.0000,0.0000,1
0.539,-50,7,-2,1490,1500,0.91,-0.39,0.0000,0.0000,0.0000,1
0.557,-49,8,-2,1491,1500,0.91,-0.39,0.0000,0.0000,0.0000,1
0.575,-49,8,-3,1491,1500,0.91,-0.39,0.0000,0.0000,0.0000,1
0.594,-49,10,-2,1491,1500,0.91,-0.39,0.0000,0.0000,0.0000,1
0.611,-47,11,-1,1491,1500,0.91,-0.39,0.0000,0.0000,0.0000,1
0.629,-47,11,-1,1491,1500,0.91,-0.39,0.0000,0.0000,0.0000,1
0.646,-46,12,-2,1491,1500,0.91,-0.39,0.0000,0.0000,0.0000,1
0.663,-45,13,-2,1491,1500,0.91,-0.39,0.0000,0.0000,0.0000,1
0.681,-43,13,-1,1492,1500,0.91,-0.39,0.0000,0.0000,0.0000,1
0.699,-42,14,0,1492,1500,0.91,-0.39,0.0000,0.0000,0.0000,1
0.717,-41,15,-1,1492,1500,0.91,-0.39,0.0000,0.0000,0.0000,1
0.740,-39,16,-1,1493,1500,-0.02,0.45,0.0000,0.0000,0.0000,1
0.757,-38,17,0,1493,1500,-0.02,0.45,0.0000,0.0000,0.0000,1
0.775,-37,18,0,1493,1500,-0.02,0.45,0.0000,0.0000,0.0000,1
0.794,-36,19,0,1493,1500,-0.02,0.45,0.0000,0.0000,0.0000,1
0.813,-35,19,0,1493,1500,-0.02,0.45,0.0000,0.0000,0.0000,1
0.831,-35,18,0,1493,1500,-0.02,0.45,0.0000,0.0000,0.0000,1
0.848,-35,17,-1,1493,1500,-0.02,0.45,0.0000,0.0000,0.0000,1
0.865,-36,16,0,1493,1500,-0.02,0.45,0.0000,0.0000,0.0000,1
0.883,-37,15,0,1493,1500,-0.02,0.45,0.0000,0.0000,0.0000,1
0.900,-38,13,0,1493,1500,-0.02,0.45,0.0000,0.0000,0.0000,1
0.917,-39,12,0,1493,1500,-0.02,0.45,0.0000,0.0000,0.0000,1
0.934,-40,10,1,1492,1500,-0.02,0.45,0.0000,0.0000,0.0000,1
0.951,-41,9,0,1492,1500,-0.02,0.45,0.0000,0.0000,0.0000,1
0.969,-42,8,0,1492,1500,-0.41,0.06,0.0000,0.0000,0.0000,1
0.989,-43,6,0,1492,1500,-0.41,0.06,0.0000,0.0000,0.0000,1
1.007,-44,4,0,1492,1500,-0.41,0.06,0.0000,0.0000,0.0000,1
1.028,-45,2,0,1491,1500,-0.41,0.06,0.0000,0.0000,0.0000,1
1.047,-46,0,0,1491,1500,-0.41,0.06,0.0000,0.0000,0.0000,1
1.064,-47,-1,1,1491,1500,-0.41,0.06,0.0000,0.0000,0.0000,1
1.081,-49,-4,0,1491,1500,-0.41,0.06,0.0000,0.0000,0.0000,1
1.100,-49,-6,1,1491,1500,-0.41,0.06,0.0000,0.0000,0.0000,1
1.118,-51,-6,1,1485,1500,-0.41,0.06,0.0000,0.0000,0.0000,1
1.135,-51,-7,0,1485,1500,-0.41,0.06,0.0000,0.0000,0.0000,1
1.152,-52,-8,1,1485,1500,-0.41,0.06,0.0000,0.0000,0.0000,1
1.169,-54,-9,1,1484,1500,-0.41,0.06,0.0000,0.0000,0.0000,1
1.187,-55,-10,1,1484,1500,-0.41,0.06,0.0000,0.0000,0.0000,1
1.204,-56,-11,1,1484,1500,-0.41,0.06,0.0000,0.0000,0.0000,1
1.222,-57,-12,1,1483,1500,-0.10,-0.83,0.0000,0.0000,0.0000,1
1.239,-58,-13,1,1483,1500,-0.10,-0.83,0.0000,0.0000,0.0000,1
1.256,-60,-14,1,1482,1500,-0.10,-0.83,0.0000,0.0000,0.0000,1
1.274,-61,-14,1,1482,1500,-0.10,-0.83,0.0000,0.0000,0.0000,0
0.017,-62,-15,1,1482,1500,-0.10,-0.83,0.0000,0.0000,0.0000,0
0.034,-63,-15,1,1482,1500,-0.10,-0.83,0.0000,0.0000,0.0000,0
0.051,-64,-16,1,1481,1500,-0.10,-0.83,0.0000,0.0000,0.0000,0
0.068,-66,-16,2,1481,1500,-0.10,-0.83,0.0000,0.0000,0.0000,0
0.088,-69,-16,1,1480,1500,-0.10,-0.83,0.0000,0.0000,0.0000,0
0.106,-70,-16,1,1479,1500,-0.10,-0.83,0.0000,0.0000,0.0000,0
0.123,-71,-15,2,1479,1500,-0.10,-0.83,0.0000,0.0000,0.0000,0
0.140,-72,-14,2,1479,1500,-0.10,-0.83,0.0000,0.0000,0.0000,0
0.158,-73,-14,1,1479,1500,-0.10,-0.83,0.0000,0.0000,0.0000,0
0.176,-74,-13,2,1478,1500,-0.10,-0.83,0.0000,0.0000,0.0000,0
0.197,-75,-12,2,1478,1500,-0.07,-0.74,0.0000,0.0000,0.0000,0
0.220,-76,-12,2,1478,1500,-0.07,-0.74,0.0000,0.0000,0.0000,0
0.240,-76,-11,2,1478,1500,-0.07,-0.74,0.0000,0.0000,0.0000,0
0.258,-77,-11,2,1477,1500,-0.07,-0.74,0.0000,0.0000,0.0000,0
0.276,-77,-10,2,1477,1500,-0.07,-0.74,0.0000,0.0000,0.0000,0
0.293,-78,-9,2,1477,1500,-0.07,-0.74,0.0000,0.0000,0.0000,0
0.311,-78,-7,2,1477,1500,-0.07,-0.74,0.0000,0.0000,0.0000,0
0.329,-79,-7,2,1477,1500,-0.07,-0.74,0.0000,0.0000,0.0000,0
0.347,-79,-6,2,1477,1500,-0.07,-0.74,0.0000,0.0000,0.0000,0
0.365,-80,-5,3,1476,1500,-0.07,-0.74,0.0000,0.0000,0.0000,0
0.382,-81,-5,3,1476,1500,-0.07,-0.74,0.0000,0.0000,0.0000,0
0.399,-82,-5,2,1476,1500,-0.07,-0.74,0.0000,0.0000,0.0000,0
0.417,-84,-4,2,1475,1500,-0.07,-0.74,0.0000,0.0000,0.0000,0
0.434,-87,-5,2,1474,1500,-0.07,-0.74,0.0000,0.0000,0.0000,0
0.452,-89,-5,2,1474,1500,-0.50,-0.39,0.0000,0.0000,0.0000,0
0.469,-89,-5,2,1474,1500,-0.50,-0.39,0.0000,0.0000,0.0000,0
0.487,-90,-5,2,1473,1500,-0.50,-0.39,0.0000,0.0000,0.0000,0
0.505,-92,-5,2,1473,1500,-0.50,-0.39,0.0000,0.0000,0.0000,0
0.522,-94,-5,2,1472,1500,-0.50,-0.39,0.0000,0.0000,0.0000,0
0.540,-98,-6,3,1471,1500,-0.50,-0.39,0.0000,0.0000,0.0000,0
0.560,-101,-6,3,1470,1500,-0.50,-0.39,0.0000,0.0000,0.0000,0
0.578,-102,-6,2,1470,1500,-0.50,-0.39,0.0000,0.0000,0.0000,0
0.596,-104,-7,3,1470,1500,-0.50,-0.39,0.0000,0.0000,0.0000,0
0.614,-105,-8,3,1470,1500,-0.50,-0.39,0.0000,0.0000,0.0000,0
0.632,-107,-10,3,1470,1500,-0.50,-0.39,0.0000,0.0000,0.0000,0
0.649,-108,-10,3,1470,1500,-0.50,-0.39,0.0000,0.0000,0.0000,0
0.667,-109,-11,2,1470,1500,-0.50,-0.39,0.0000,0.0000,0.0000,0
0.684,-109,-11,3,1470,1500,-0.50,-0.39,0.0000,0.0000,0.0000,0
0.702,-110,-11,3,1470,1500,-0.79,-0.63,0.0000,0.0000,0.0000,0
0.719,-110,-11,3,1470,1500,-0.79,-0.63,0.0000,0.0000,0.0000,0
0.737,-109,-12,4,1470,1500,-0.79,-0.63,0.0000,0.0000,0.0000,0
0.755,-109,-12,3,1470,1500,-0.79,-0.63,0.0000,0.0000,0.0000,0
0.772,-108,-12,3,1470,1500,-0.79,-0.63,0.0000,0.0000,0.0000,0
0.789,-108,-11,3,1470,1500,-0.79,-0.63,0.0000,0.0000,0.0000,0
0.806,-107,-12,4,1470,1500,-0.79,-0.63,0.0000,0.0000,0.0000,0
0.829,-107,-12,4,1470,1500,-0.79,-0.63,0.0000,0.0000,0.0000,0
0.847,-106,-11,3,1470,1500,-0.79,-0.63,0.0000,0.0000,0.0000,0
0.864,-105,-12,4,1470,1500,-0.79,-0.63,0.0000,0.0000,0.0000,0
0.882,-105,-13,4,1470,1500,-0.79,-0.63,0.0000,0.0000,0.0000,0
0.900,-103,-13,3,1470,1500,-0.79,-0.63,0.0000,0.0000,0.0000,0
0.918,-103,-12,3,1470,1500,-0.79,-0.63,0.0000,0.0000,0.0000,0
0.936,-102,-13,5,1470,1500,-0.79,-0.63,0.0000,0.0000,0.0000,0
0.953,-101,-13,4,1470,1500,-0.91,-0.67,0.0000,0.0000,0.0000,0
0.972,-101,-13,3,1470,1500,-0.91,-0.67,0.0000,0.0000,0.0000,0
0.989,-102,-12,4,1470,1500,-0.91,-0.67,0.0000,0.0000,0.0000,0
1.007,-102,-11,4,1470,1500,-0.91,-0.67,0.0000,0.0000,0.0000,0
1.024,-103,-11,5,1470,1500,-0.91,-0.67,0.0000,0.0000,0.0000,0
1.041,-103,-10,4,1470,1500,-0.91,-0.67,0.0000,0.0000,0.0000,0
1.059,-104,-10,5,1470,1500,-0.91,-0.67,0.0000,0.0000,0.0000,0
1.076,-105,-9,5,1470,1500,-0.91,-0.67,0.0000,0.0000,0.0000,0
1.097,-107,-8,5,1470,1500,-0.91,-0.67,0.0000,0.0000,0.0000,0
1.116,-107,-8,5,1470,1500,-0.91,-0.67,0.0000,0.0000,0.0000,0
1.134,-109,-7,5,1470,1500,-0.91,-0.67,0.0000,0.0000,0.0000,0
1.152,-110,-7,5,1470,1500,-0.91,-0.67,0.0000,0.0000,0.0000,0
1.169,-111,-6,6,1470,1500,-0.91,-0.67,0.0000,0.0000,0.0000,0
1.186,-112,-6,6,1470,1500,-0.91,-0.67,0.0000,0.0000,0.0000,0
1.204,-113,-5,6,1470,1500,-0.55,-0.16,0.0000,0.0000,0.0000,0
1.221,-113,-5,6,1470,1500,-0.55,-0.16,0.0000,0.0000,0.0000,0
1.239,-114,-5,5,1470,1500,-0.55,-0.16,0.0000,0.0000,0.0000,0
1.256,-115,-5,6,1470,1500,-0.55,-0.16,0.0000,0.0000,0.0000,0
1.274,-116,-4,7,1470,1500,-0.55,-0.16,0.0000,0.0000,0.0000,0
1.292,-116,-4,7,1470,1500,-0.55,-0.16,0.0000,0.0000,0.0000,0
1.310,-116,-5,7,1470,1500,-0.55,-0.16,0.0000,0.0000,0.0000,0
1.330,-116,-5,6,1470,1500,-0.55,-0.16,0.0000,0.0000,0.0000,0
1.351,-116,-6,8,1470,1500,-0.55,-0.16,0.0000,0.0000,0.0000,0
1.369,-116,-6,8,1470,1500,-0.55,-0.16,0.0000,0.0000,0.0000,0
1.387,-115,-6,8,1470,1500,-0.55,-0.16,0.0000,0.0000,0.0000,0
1.404,-115,-6,8,1470,1500,-0.55,-0.16,0.0000,0.0000,0.0000,0
1.422,-114,-6,7,1470,1500,-0.55,-0.16,0.0000,0.0000,0.0000,0
1.439,-112,-5,9,1470,1500,-0.55,-0.16,0.0000,0.0000,0.0000,0
1.456,-111,-4,9,1470,1500,-0.05,-0.07,0.0000,0.0000,0.0000,0
1.473,-110,-4,9,1470,1500,-0.05,-0.07,0.0000,0.0000,0.0000,0
1.497,-110,-4,9,1470,1500,-0.05,-0.07,0.0000,0.0000,0.0000,0
1.514,-108,-2,9,1470,1500,-0.05,-0.07,0.0000,0.0000,0.0000,0
1.534,-105,0,8,1470,1500,-0.05,-0.07,0.0000,0.0000,0.0000,0
1.552,-103,1,8,1470,1500,-0.05,-0.07,0.0000,0.0000,0.0000,0
1.571,-101,2,9,1470,1500,-0.05,-0.07,0.0000,0.0000,0.0000,0
1.588,-98,4,9,1471,1500,-0.05,-0.07,0.0000,0.0000,0.0000,0
1.606,-92,7,9,1473,1500,-0.05,-0.07,0.0000,0.0000,0.0000,0
1.623,-89,9,10,1474,1501,-0.05,-0.07,0.0000,0.0000,0.0000,0
1.640,-86,10,9,1475,1500,-0.05,-0.07,0.0000,0.0000,0.0000,0
1.657,-84,11,10,1475,1501,-0.05,-0.07,0.0000,0.0000,0.0000,0
1.674,-81,11,9,1476,1500,-0.05,-0.07,0.0000,0.0000,0.0000,0
1.692,-79,12,10,1477,1501,-0.75,1.07,0.0000,0.0000,0.0000,0
1.709,-79,12,10,1477,1501,-0.75,1.07,0.0000,0.0000,0.0000,0
1.727,-77,11,10,1477,1501,-0.75,1.07,0.0000,0.0000,0.0000,0
1.745,-74,11,10,1478,1501,-0.75,1.07,0.0000,0.0000,0.0000,0
1.763,-72,11,10,1479,1501,-0.75,1.07,0.0000,0.0000,0.0000,0
1.781,-68,10,9,1480,1500,-0.75,1.07,0.0000,0.0000,0.0000,0
1.798,-67,10,10,1480,1501,-0.75,1.07,0.0000,0.0000,0.0000,0
1.817,-65,10,10,1481,1501,-0.75,1.07,0.0000,0.0000,0.0000,0
1.835,-64,9,10,1481,1501,-0.75,1.07,0.0000,0.0000,0.0000,0
1.853,-62,9,11,1482,1501,-0.75,1.07,0.0000,0.0000,0.0000,0
1.873,-61,9,11,1482,1501,-0.75,1.07,0.0000,0.0000,0.0000,0
1.891,-60,9,11,1482,1501,-0.75,1.07,0.0000,0.0000,0.0000,1
1.908,-59,9,11,1483,1501,-0.75,1.07,0.0000,0.0000,0.0000,1
1.926,-58,10,10,1483,1501,-0.75,1.07,0.0000,0.0000,0.0000,1
1.944,-58,10,10,1483,1501,0.49,1.10,0.0000,0.0000,0.0000,1
1.961,-57,11,11,1483,1501,0.49,1.10,0.0000,0.0000,0.0000,1
1.981,-56,11,10,1484,1501,0.49,1.10,0.0000,0.0000,0.0000,1
1.998,-55,12,11,1484,1501,0.49,1.10,0.0000,0.0000,0.0000,1
2.016,-54,12,10,1484,1501,0.49,1.10,0.0000,0.0000,0.0000,1
2.035,-52,13,10,1485,1501,0.49,1.10,0.0000,0.0000,0.0000,1
2.054,-51,13,11,1485,1501,0.49,1.10,0.0000,0.0000,0.0000,1
2.073,-49,13,10,1491,1501,0.49,1.10,0.0000,0.0000,0.0000,1
2.091,-48,13,11,1491,1501,0.49,1.10,0.0000,0.0000,0.0000,1
2.110,-46,12,11,1491,1501,0.49,1.10,0.0000,0.0000,0.0000,1
2.129,-44,12,11,1492,1501,0.49,1.10,0.0000,0.0000,0.0000,1
2.147,-43,12,11,1492,1501,0.49,1.10,0.0000,0.0000,0.0000,1
2.164,-41,11,10,1492,1501,0.49,1.10,0.0000,0.0000,0.0000,1
2.183,-39,11,10,1493,1501,0.49,1.10,0.0000,0.0000,0.0000,1
2.200,-39,11,10,1493,1501,1.09,0.88,0.0000,0.0000,0.0000,1
2.217,-38,11,10,1493,1501,1.09,0.88,0.0000,0.0000,0.0000,1
2.235,-37,11,11,1493,1501,1.09,0.88,0.0000,0.0000,0.0000,1
2.252,-35,11,10,1493,1501,1.09,0.88,0.0000,0.0000,0.0000,1
2.269,-33,12,10,1494,1501,1.09,0.88,0.0000,0.0000,0.0000,1
2.286,-32,12,9,1494,1500,1.09,0.88,0.0000,0.0000,0.0000,1
2.304,-31,12,10,1494,1501,1.09,0.88,0.0000,0.0000,0.0000,1
2.322,-30,12,10,1494,1501,1.09,0.88,0.0000,0.0000,0.0000,1
2.339,-29,11,10,1495,1501,1.09,0.88,0.0000,0.0000,0.0000,1
2.356,-29,10,9,1495,1500,1.09,0.88,0.0000,0.0000,0.0000,1
2.374,-28,9,9,1495,1500,1.09,0.88,0.0000,0.0000,0.0000,1
2.391,-28,7,9,1495,1500,1.09,0.88,0.0000,0.0000,0.0000,1
2.412,-28,3,9,1495,1500,1.09,0.88,0.0000,0.0000,0.0000,1
2.430,-28,3,9,1495,1500,1.09,0.88,0.0000,0.0000,0.0000,1
2.447,-29,0,9,1495,1500,0.81,-0.09,0.0000,0.0000,0.0000,1
2.464,-29,0,9,1495,1500,0.81,-0.09,0.0000,0.0000,0.0000,1
2.482,-29,-2,9,1495,1500,0.81,-0.09,0.0000,0.0000,0.0000,1
2.500,-29,-2,9,1495,1500,0.81,-0.09,0.0000,0.0000,0.0000,1
2.518,-30,-5,8,1494,1500,0.81,-0.09,0.0000,0.0000,0.0000,1
2.536,-31,-5,7,1494,1500,0.81,-0.09,0.0000,0.0000,0.0000,1
2.554,-31,-6,7,1494,1500,0.81,-0.09,0.0000,0.0000,0.0000,1
2.571,-32,-6,8,1494,1500,0.81,-0.09,0.0000,0.0000,0.0000,1
2.588,-33,-6,9,1494,1500,0.81,-0.09,0.0000,0.0000,0.0000,1
2.606,-33,-6,8,1494,1500,0.81,-0.09,0.0000,0.0000,0.0000,1
2.623,-34,-6,8,1494,1500,0.81,-0.09,0.0000,0.0000,0.0000,1
2.640,-34,-5,8,1494,1500,0.81,-0.09,0.0000,0.0000,0.0000,1
2.657,-35,-5,8,1493,1500,0.81,-0.09,0.0000,0.0000,0.0000,1
2.674,-36,-4,7,1493,1500,0.81,-0.09,0.0000,0.0000,0.0000,1
2.691,-36,-3,8,1493,1500,0.60,-0.45,0.0000,0.0000,0.0000,1
2.708,-37,-3,8,1493,1500,0.60,-0.45,0.0000,0.0000,0.0000,1
2.727,-37,-2,8,1493,1500,0.60,-0.45,0.0000,0.0000,0.0000,1
2.744,-37,-2,7,1493,1500,0.60,-0.45,0.0000,0.0000,0.0000,1
2.761,-38,-1,8,1493,1500,0.60,-0.45,0.0000,0.0000,0.0000,1
2.778,-39,-1,7,1493,1500,0.60,-0.45,0.0000,0.0000,0.0000,1
2.796,-39,0,7,1493,1500,0.60,-0.45,0.0000,0.0000,0.0000,1
2.813,-41,2,7,1492,1500,0.60,-0.45,0.0000,0.0000,0.0000,1
2.831,-41,3,7,1492,1500,0.60,-0.45,0.0000,0.0000,0.0000,1
2.848,-42,3,8,1492,1500,0.60,-0.45,0.0000,0.0000,0.0000,1
2.866,-42,4,8,1492,1500,0.60,-0.45,0.0000,0.0000,0.0000,1
2.883,-43,4,8,1492,1500,0.60,-0.45,0.0000,0.0000,0.0000,1
2.900,-43,4,8,1492,1500,0.60,-0.45,0.0000,0.0000,0.0000,1
2.917,-44,4,8,1492,1500,0.60,-0.45,0.0000,0.0000,0.0000,1
2.934,-44,4,7,1492,1500,0.60,-0.45,0.0000,0.0000,0.0000,1
2.951,-44,4,7,1492,1500,0.06,-0.48,0.0000,0.0000,0.0000,1
2.969,-45,3,6,1491,1500,0.06,-0.48,0.0000,0.0000,0.0000,1
2.987,-46,3,6,1491,1500,0.06,-0.48,0.0000,0.0000,0.0000,1
3.008,-47,3,5,1491,1500,0.06,-0.48,0.0000,0.0000,0.0000,1
3.026,-47,3,6,1491,1500,0.06,-0.48,0.0000,0.0000,0.0000,1
3.044,-48,3,7,1491,1500,0.06,-0.48,0.0000,0.0000,0.0000,1
3.061,-49,3,6,1491,1500,0.06,-0.48,0.0000,0.0000,0.0000,1
3.078,-50,3,7,1490,1500,0.06,-0.48,0.0000,0.0000,0.0000,1
3.097,-51,3,6,1485,1500,0.06,-0.48,0.0000,0.0000,0.0000,1
3.116,-52,3,6,1485,1500,0.06,-0.48,0.0000,0.0000,0.0000,1
3.133,-53,4,6,1485,1500,0.06,-0.48,0.0000,0.0000,0.0000,1
3.152,-54,4,6,1484,1500,0.06,-0.48,0.0000,0.0000,0.0000,1
3.169,-55,4,6,1484,1500,0.06,-0.48,0.0000,0.0000,0.0000,1
3.187,-56,4,6,1484,1500,-0.25,-0.72,0.0000,0.0000,0.0000,1
3.206,-57,4,6,1483,1500,-0.25,-0.72,0.0000,0.0000,0.0000,1
3.223,-59,4,5,1483,1500,-0.25,-0.72,0.0000,0.0000,0.0000,1
3.240,-60,4,6,1482,1500,-0.25,-0.72,0.0000,0.0000,0.0000,1
3.261,-61,5,5,1482,1500,-0.25,-0.72,0.0000,0.0000,0.0000,0
0.017,-63,5,5,1482,1500,-0.25,-0.72,0.0000,0.0000,0.0000,0
0.034,-65,5,6,1481,1500,-0.25,-0.72,0.0000,0.0000,0.0000,0
0.052,-65,5,6,1481,1500,-0.25,-0.72,0.0000,0.0000,0.0000,0
0.069,-69,5,6,1480,1500,-0.25,-0.72,0.0000,0.0000,0.0000,0
0.087,-70,5,6,1479,1500,-0.25,-0.72,0.0000,0.0000,0.0000,0
0.105,-71,5,6,1479,1500,-0.25,-0.72,0.0000,0.0000,0.0000,0
0.123,-73,5,6,1479,1500,-0.25,-0.72,0.0000,0.0000,0.0000,0
0.140,-74,4,7,1478,1500,-0.25,-0.72,0.0000,0.0000,0.0000,0
0.158,-75,4,6,1478,1500,-0.25,-0.72,0.0000,0.0000,0.0000,0
0.175,-76,3,6,1478,1500,-0.25,-0.72,0.0000,0.0000,0.0000,0
0.193,-77,3,6,1477,1500,-0.64,-0.88,0.0000,0.0000,0.0000,0
0.210,-77,3,6,1477,1500,-0.64,-0.88,0.0000,0.0000,0.0000,0
0.227,-78,3,5,1477,1500,-0.64,-0.88,0.0000,0.0000,0.0000,0
0.245,-78,3,5,1477,1500,-0.64,-0.88,0.0000,0.0000,0.0000,0
0.262,-79,3,4,1477,1500,-0.64,-0.88,0.0000,0.0000,0.0000,0
0.279,-79,4,3,1477,1500,-0.64,-0.88,0.0000,0.0000,0.0000,0
0.297,-79,4,4,1477,1500,-0.64,-0.88,0.0000,0.0000,0.0000,0
0.315,-78,5,5,1477,1500,-0.64,-0.88,0.0000,0.0000,0.0000,0
0.333,-78,6,6,1477,1500,-0.64,-0.88,0.0000,0.0000,0.0000,0
0.351,-77,6,6,1477,1500,-0.64,-0.88,0.0000,0.0000,0.0000,0
0.370,-76,7,6,1478,1500,-0.64,-0.88,0.0000,0.0000,0.0000,0
0.388,-75,8,6,1478,1500,-0.64,-0.88,0.0000,0.0000,0.0000,0
0.407,-75,9,6,1478,1500,-0.64,-0.88,0.0000,0.0000,0.0000,0
0.424,-74,9,5,1478,1500,-0.64,-0.88,0.0000,0.0000,0.0000,0
0.446,-73,10,5,1479,1500,-0.68,-0.73,0.0000,0.0000,0.0000,0
0.464,-72,10,5,1479,1500,-0.68,-0.73,0.0000,0.0000,0.0000,0
0.483,-71,11,5,1479,1500,-0.68,-0.73,0.0000,0.0000,0.0000,0
0.500,-70,12,5,1479,1500,-0.68,-0.73,0.0000,0.0000,0.0000,0
0.522,-69,13,4,1480,1500,-0.68,-0.73,0.0000,0.0000,0.0000,0
0.539,-68,15,5,1480,1500,-0.68,-0.73,0.0000,0.0000,0.0000,0
0.556,-67,15,5,1480,1500,-0.68,-0.73,0.0000,0.0000,0.0000,0
0.574,-67,16,5,1480,1500,-0.68,-0.73,0.0000,0.0000,0.0000,0
0.591,-65,18,5,1481,1500,-0.68,-0.73,0.0000,0.0000,0.0000,0
0.609,-64,19,5,1481,1500,-0.68,-0.73,0.0000,0.0000,0.0000,0
0.626,-63,20,6,1482,1500,-0.68,-0.73,0.0000,0.0000,0.0000,0
0.643,-62,20,5,1482,1500,-0.68,-0.73,0.0000,0.0000,0.0000,0
0.660,-61,20,6,1482,1500,-0.68,-0.73,0.0000,0.0000,0.0000,0
0.677,-60,21,6,1482,1500,-0.52,-0.38,0.0000,0.0000,0.0000,1
0.695,-59,21,6,1483,1500,-0.52,-0.38,0.0000,0.0000,0.0000,1
0.712,-58,21,6,1483,1500,-0.52,-0.38,0.0000,0.0000,0.0000,1
0.729,-57,21,6,1483,1500,-0.52,-0.38,0.0000,0.0000,0.0000,1
0.746,-55,21,6,1484,1500,-0.52,-0.38,0.0000,0.0000,0.0000,1
0.764,-54,22,7,1484,1500,-0.52,-0.38,0.0000,0.0000,0.0000,1
0.781,-52,22,6,1485,1500,-0.52,-0.38,0.0000,0.0000,0.0000,1
0.798,-50,22,6,1490,1500,-0.52,-0.38,0.0000,0.0000,0.0000,1
0.816,-49,22,6,1491,1500,-0.52,-0.38,0.0000,0.0000,0.0000,1
0.833,-48,21,6,1491,1500,-0.52,-0.38,0.0000,0.0000,0.0000,1
0.851,-45,21,6,1491,1500,-0.52,-0.38,0.0000,0.0000,0.0000,1
0.869,-44,21,6,1492,1500,-0.52,-0.38,0.0000,0.0000,0.0000,1
0.887,-43,22,7,1492,1500,-0.52,-0.38,0.0000,0.0000,0.0000,1
0.904,-41,22,7,1492,1500,-0.52,-0.38,0.0000,0.0000,0.0000,1
0.922,-40,22,7,1492,1500,-0.52,-0.38,0.0000,0.0000,0.0000,1
0.939,-38,23,7,1493,1500,-0.16,-0.39,0.0000,0.0000,0.0000,1
0.958,-37,23,7,1493,1500,-0.16,-0.39,0.0000,0.0000,0.0000,1
0.976,-35,24,7,1493,1500,-0.16,-0.39,0.0000,0.0000,0.0000,1
0.994,-34,25,7,1494,1500,-0.16,-0.39,0.0000,0.0000,0.0000,1
1.012,-33,25,7,1494,1500,-0.16,-0.39,0.0000,0.0000,0.0000,1
1.030,-31,26,6,1494,1500,-0.16,-0.39,0.0000,0.0000,0.0000,1
1.047,-30,26,6,1494,1500,-0.16,-0.39,0.0000,0.0000,0.0000,1
1.064,-28,27,6,1495,1500,-0.16,-0.39,0.0000,0.0000,0.0000,1
1.082,-27,27,7,1495,1500,-0.16,-0.39,0.0000,0.0000,0.0000,1
1.100,-26,27,7,1495,1500,-0.16,-0.39,0.0000,0.0000,0.0000,1
1.118,-25,28,8,1495,1500,-0.16,-0.39,0.0000,0.0000,0.0000,1
1.135,-23,28,8,1496,1500,-0.16,-0.39,0.0000,0.0000,0.0000,1
1.155,-22,28,8,1496,1500,-0.16,-0.39,0.0000,0.0000,0.0000,1
1.174,-21,28,8,1496,1500,-0.16,-0.39,0.0000,0.0000,0.0000,1
1.191,-20,27,8,1496,1500,-0.12,-0.18,0.0000,0.0000,0.0000,1
1.209,-20,27,8,1496,1500,-0.12,-0.18,0.0000,0.0000,0.0000,1
1.227,-19,27,7,1497,1500,-0.12,-0.18,0.0000,0.0000,0.0000,1
1.245,-19,27,8,1497,1500,-0.12,-0.18,0.0000,0.0000,0.0000,1
1.262,-18,27,8,1497,1500,-0.12,-0.18,0.0000,0.0000,0.0000,1
1.280,-19,28,8,1497,1500,-0.12,-0.18,0.0000,0.0000,0.0000,1
1.298,-19,28,8,1497,1500,-0.12,-0.18,0.0000,0.0000,0.0000,1
1.315,-19,28,8,1497,1500,-0.12,-0.18,0.0000,0.0000,0.0000,1
1.332,-20,28,7,1496,1500,-0.12,-0.18,0.0000,0.0000,0.0000,1
1.350,-20,29,8,1496,1500,-0.12,-0.18,0.0000,0.0000,0.0000,1
1.367,-21,29,8,1496,1500,-0.12,-0.18,0.0000,0.0000,0.0000,1
1.385,-22,29,8,1496,1500,-0.12,-0.18,0.0000,0.0000,0.0000,1
1.406,-23,28,8,1496,1500,-0.12,-0.18,0.0000,0.0000,0.0000,1
1.423,-23,28,9,1496,1500,-0.12,-0.18,0.0000,0.0000,0.0000,1
1.440,-23,27,8,1496,1500,-0.07,-0.21,0.0000,0.0000,0.0000,1
1.457,-24,26,8,1496,1500,-0.07,-0.21,0.0000,0.0000,0.0000,1
1.474,-24,26,7,1496,1500,-0.07,-0.21,0.0000,0.0000,0.0000,1
1.491,-23,25,6,1496,1500,-0.07,-0.21,0.0000,0.0000,0.0000,1
1.510,-23,24,7,1496,1500,-0.07,-0.21,0.0000,0.0000,0.0000,1
1.528,-22,24,7,1496,1500,-0.07,-0.21,0.0000,0.0000,0.0000,1
1.547,-21,23,8,1496,1500,-0.07,-0.21,0.0000,0.0000,0.0000,1
1.565,-21,23,9,1496,1500,-0.07,-0.21,0.0000,0.0000,0.0000,1
1.583,-20,23,8,1496,1500,-0.07,-0.21,0.0000,0.0000,0.0000,1
1.601,-18,24,8,1497,1500,-0.07,-0.21,0.0000,0.0000,0.0000,1
1.618,-17,24,9,1497,1500,-0.07,-0.21,0.0000,0.0000,0.0000,1
1.636,-17,24,9,1497,1500,-0.07,-0.21,0.0000,0.0000,0.0000,1
1.653,-16,24,8,1497,1500,-0.07,-0.21,0.0000,0.0000,0.0000,1
1.670,-15,25,8,1497,1500,-0.07,-0.21,0.0000,0.0000,0.0000,1
1.687,-14,25,7,1498,1500,0.21,-0.35,0.0000,0.0000,0.0000,1
1.705,-12,26,8,1498,1500,0.21,-0.35,0.0000,0.0000,0.0000,1
1.722,-10,26,8,1498,1500,0.21,-0.35,0.0000,0.0000,0.0000,1
1.740,-8,26,8,1499,1500,0.21,-0.35,0.0000,0.0000,0.0000,1
1.758,-6,25,8,1499,1500,0.21,-0.35,0.0000,0.0000,0.0000,1
1.775,-6,25,8,1499,1500,0.21,-0.35,0.0000,0.0000,0.0000,1
1.796,-2,25,8,1500,1500,0.21,-0.35,0.0000,0.0000,0.0000,1
1.813,0,24,8,1500,1500,0.21,-0.35,0.0000,0.0000,0.0000,1
1.832,2,24,8,1500,1500,0.21,-0.35,0.0000,0.0000,0.0000,1
1.849,4,24,9,1500,1500,0.21,-0.35,0.0000,0.0000,0.0000,1
1.867,8,24,7,1501,1500,0.21,-0.35,0.0000,0.0000,0.0000,1
1.884,10,24,8,1502,1500,0.21,-0.35,0.0000,0.0000,0.0000,1
1.901,13,24,8,1502,1500,0.21,-0.35,0.0000,0.0000,0.0000,1
1.918,15,24,9,1503,1500,0.21,-0.35,0.0000,0.0000,0.0000,1
1.936,17,24,8,1503,1500,0.53,-0.42,0.0000,0.0000,0.0000,1
1.953,17,24,8,1503,1500,0.53,-0.42,0.0000,0.0000,0.0000,1
1.970,20,23,7,1504,1500,0.53,-0.42,0.0000,0.0000,0.0000,1
1.987,22,23,7,1504,1500,0.53,-0.42,0.0000,0.0000,0.0000,1
2.004,24,24,8,1504,1500,0.53,-0.42,0.0000,0.0000,0.0000,1
2.024,29,23,8,1505,1500,0.53,-0.42,0.0000,0.0000,0.0000,1
2.043,31,23,8,1506,1500,0.53,-0.42,0.0000,0.0000,0.0000,1
2.060,33,23,7,1506,1500,0.53,-0.42,0.0000,0.0000,0.0000,1
2.077,35,23,6,1507,1500,0.53,-0.42,0.0000,0.0000,0.0000,1
2.096,38,23,7,1507,1500,0.53,-0.42,0.0000,0.0000,0.0000,1
2.114,40,23,8,1508,1500,0.53,-0.42,0.0000,0.0000,0.0000,1
2.131,42,23,8,1508,1500,0.53,-0.42,0.0000,0.0000,0.0000,1
2.149,47,23,9,1509,1500,0.53,-0.42,0.0000,0.0000,0.0000,1
2.167,47,23,9,1509,1500,0.53,-0.42,0.0000,0.0000,0.0000,1
2.185,49,23,8,1509,1500,0.96,-0.36,0.0000,0.0000,0.0000,1
2.202,51,23,7,1515,1500,0.96,-0.36,0.0000,0.0000,0.0000,1
2.222,55,24,6,1516,1500,0.96,-0.36,0.0000,0.0000,0.0000,1
2.239,56,25,7,1516,1500,0.96,-0.36,0.0000,0.0000,0.0000,1
2.256,57,26,7,1517,1500,0.96,-0.36,0.0000,0.0000,0.0000,1
2.274,59,27,8,1517,1500,0.96,-0.36,0.0000,0.0000,0.0000,1
2.296,60,27,8,1518,1500,0.96,-0.36,0.0000,0.0000,0.0000,1
2.315,61,28,7,1518,1500,0.96,-0.36,0.0000,0.0000,0.0000,0
0.017,63,28,6,1518,1500,0.96,-0.36,0.0000,0.0000,0.0000,0
0.035,64,28,6,1519,1500,0.96,-0.36,0.0000,0.0000,0.0000,0
0.052,65,29,7,1519,1500,0.96,-0.36,0.0000,0.0000,0.0000,0
0.069,66,29,8,1519,1500,0.96,-0.36,0.0000,0.0000,0.0000,0
0.086,66,29,7,1519,1500,0.96,-0.36,0.0000,0.0000,0.0000,0
0.103,67,29,8,1520,1500,0.96,-0.36,0.0000,0.0000,0.0000,0
0.120,68,29,7,1520,1500,1.56,0.07,0.0000,0.0000,0.0000,0
0.138,68,29,7,1520,1500,1.56,0.07,0.0000,0.0000,0.0000,0
0.155,69,29,6,1520,1500,1.56,0.07,0.0000,0.0000,0.0000,0
0.174,69,28,6,1520,1500,1.56,0.07,0.0000,0.0000,0.0000,0
0.193,70,27,7,1521,1500,1.56,0.07,0.0000,0.0000,0.0000,0
0.212,72,26,8,1521,1500,1.56,0.07,0.0000,0.0000,0.0000,0
0.230,73,25,8,1521,1500,1.56,0.07,0.0000,0.0000,0.0000,0
0.247,74,25,7,1522,1500,1.56,0.07,0.0000,0.0000,0.0000,0
0.265,77,24,8,1523,1500,1.56,0.07,0.0000,0.0000,0.0000,0
0.284,77,24,8,1523,1500,1.56,0.07,0.0000,0.0000,0.0000,0
0.301,80,24,8,1524,1500,1.56,0.07,0.0000,0.0000,0.0000,0
0.318,81,24,7,1524,1500,1.56,0.07,0.0000,0.0000,0.0000,0
0.336,82,24,7,1524,1500,1.56,0.07,0.0000,0.0000,0.0000,0
0.353,83,24,7,1524,1500,1.56,0.07,0.0000,0.0000,0.0000,0
0.370,83,24,7,1524,1500,1.63,-0.04,0.0000,0.0000,0.0000,0
0.388,85,24,7,1525,1500,1.63,-0.04,0.0000,0.0000,0.0000,0
0.405,86,24,8,1525,1500,1.63,-0.04,0.0000,0.0000,0.0000,0
0.426,88,24,7,1526,1500,1.63,-0.04,0.0000,0.0000,0.0000,0
0.444,91,24,6,1527,1500,1.63,-0.04,0.0000,0.0000,0.0000,0
0.461,92,24,6,1527,1500,1.63,-0.04,0.0000,0.0000,0.0000,0
0.478,93,25,7,1527,1500,1.63,-0.04,0.0000,0.0000,0.0000,0
0.495,95,26,7,1528,1500,1.63,-0.04,0.0000,0.0000,0.0000,0
0.513,97,26,7,1529,1500,1.63,-0.04,0.0000,0.0000,0.0000,0
0.531,99,27,6,1529,1500,1.63,-0.04,0.0000,0.0000,0.0000,0
0.548,99,27,6,1529,1500,1.63,-0.04,0.0000,0.0000,0.0000,0
0.568,101,28,7,1530,1500,1.63,-0.04,0.0000,0.0000,0.0000,0
0.587,102,28,8,1530,1500,1.63,-0.04,0.0000,0.0000,0.0000,0
0.604,102,28,8,1530,1500,1.63,-0.04,0.0000,0.0000,0.0000,0
0.625,102,28,8,1530,1500,1.64,0.39,0.0000,0.0000,0.0000,0
0.642,102,28,8,1530,1500,1.64,0.39,0.0000,0.0000,0.0000,0
0.661,103,27,7,1530,1500,1.64,0.39,0.0000,0.0000,0.0000,0
0.679,102,26,6,1530,1500,1.64,0.39,0.0000,0.0000,0.0000,0
0.696,102,25,6,1530,1500,1.64,0.39,0.0000,0.0000,0.0000,0
0.714,103,24,5,1530,1500,1.64,0.39,0.0000,0.0000,0.0000,0
0.732,103,24,6,1530,1500,1.64,0.39,0.0000,0.0000,0.0000,0
0.750,105,22,7,1530,1500,1.64,0.39,0.0000,0.0000,0.0000,0
0.767,105,21,7,1530,1500,1.64,0.39,0.0000,0.0000,0.0000,0
0.785,106,21,7,1530,1500,1.64,0.39,0.0000,0.0000,0.0000,0
0.802,106,20,5,1530,1500,1.64,0.39,0.0000,0.0000,0.0000,0
0.819,107,20,4,1530,1500,1.64,0.39,0.0000,0.0000,0.0000,0
0.837,108,19,6,1530,1500,1.64,0.39,0.0000,0.0000,0.0000,0
0.854,108,19,6,1530,1500,1.64,0.39,0.0000,0.0000,0.0000,0
0.871,108,18,6,1530,1500,1.63,0.16,0.0000,0.0000,0.0000,0
0.888,108,18,7,1530,1500,1.63,0.16,0.0000,0.0000,0.0000,0
0.906,109,16,7,1530,1500,1.63,0.16,0.0000,0.0000,0.0000,0
0.924,109,15,6,1530,1500,1.63,0.16,0.0000,0.0000,0.0000,0
0.941,109,15,5,1530,1500,1.63,0.16,0.0000,0.0000,0.0000,0
0.958,109,14,5,1530,1500,1.63,0.16,0.0000,0.0000,0.0000,0
0.976,109,13,6,1530,1500,1.63,0.16,0.0000,0.0000,0.0000,0
0.995,109,13,6,1530,1500,1.63,0.16,0.0000,0.0000,0.0000,0
1.012,109,12,6,1530,1500,1.63,0.16,0.0000,0.0000,0.0000,0
1.030,108,11,6,1530,1500,1.63,0.16,0.0000,0.0000,0.0000,0
1.047,108,11,6,1530,1500,1.63,0.16,0.0000,0.0000,0.0000,0
1.064,107,10,5,1530,1500,1.63,0.16,0.0000,0.0000,0.0000,0
1.081,106,9,3,1530,1500,1.63,0.16,0.0000,0.0000,0.0000,0
1.099,106,9,3,1530,1500,1.63,0.16,0.0000,0.0000,0.0000,0
1.116,106,8,5,1530,1500,1.79,-0.09,0.0000,0.0000,0.0000,0
1.134,105,8,5,1530,1500,1.79,-0.09,0.0000,0.0000,0.0000,0
1.153,104,8,4,1530,1500,1.79,-0.09,0.0000,0.0000,0.0000,0
1.170,102,8,5,1530,1500,1.79,-0.09,0.0000,0.0000,0.0000,0
1.187,100,7,5,1530,1500,1.79,-0.09,0.0000,0.0000,0.0000,0
1.206,99,7,4,1529,1500,1.79,-0.09,0.0000,0.0000,0.0000,0
1.223,96,7,4,1528,1500,1.79,-0.09,0.0000,0.0000,0.0000,0
1.240,95,8,3,1528,1500,1.79,-0.09,0.0000,0.0000,0.0000,0
1.258,92,8,3,1527,1500,1.79,-0.09,0.0000,0.0000,0.0000,0
1.275,89,8,4,1526,1500,1.79,-0.09,0.0000,0.0000,0.0000,0
1.293,86,8,4,1525,1500,1.79,-0.09,0.0000,0.0000,0.0000,0
1.310,83,9,4,1524,1500,1.79,-0.09,0.0000,0.0000,0.0000,0
1.328,80,8,3,1524,1500,1.79,-0.09,0.0000,0.0000,0.0000,0
1.345,76,9,3,1522,1500,1.79,-0.09,0.0000,0.0000,0.0000,0
1.363,72,8,3,1521,1500,2.06,0.07,0.0000,0.0000,0.0000,0
1.381,69,8,3,1520,1500,2.06,0.07,0.0000,0.0000,0.0000,0
1.398,66,8,5,1519,1500,2.06,0.07,0.0000,0.0000,0.0000,0
1.415,62,7,4,1518,1500,2.06,0.07,0.0000,0.0000,0.0000,0
1.432,59,6,4,1517,1500,2.06,0.07,0.0000,0.0000,0.0000,1
1.450,57,5,5,1517,1500,2.06,0.07,0.0000,0.0000,0.0000,1
1.470,53,4,4,1515,1500,2.06,0.07,0.0000,0.0000,0.0000,1
1.489,51,3,4,1515,1500,2.06,0.07,0.0000,0.0000,0.0000,1
1.507,50,3,4,1510,1500,2.06,0.07,0.0000,0.0000,0.0000,1
1.524,49,3,4,1509,1500,2.06,0.07,0.0000,0.0000,0.0000,1
1.542,48,3,4,1509,1500,2.06,0.07,0.0000,0.0000,0.0000,1
1.560,48,4,4,1509,1500,2.06,0.07,0.0000,0.0000,0.0000,1
1.578,47,4,4,1509,1500,2.06,0.07,0.0000,0.0000,0.0000,1
1.595,47,4,4,1509,1500,2.06,0.07,0.0000,0.0000,0.0000,1
1.613,46,4,4,1509,1500,1.48,-0.10,0.0000,0.0000,0.0000,1
1.631,46,4,4,1509,1500,1.48,-0.10,0.0000,0.0000,0.0000,1
1.649,45,4,4,1509,1500,1.48,-0.10,0.0000,0.0000,0.0000,1
1.666,45,4,4,1509,1500,1.48,-0.10,0.0000,0.0000,0.0000,1
1.684,45,4,4,1509,1500,1.48,-0.10,0.0000,0.0000,0.0000,1
1.702,44,3,4,1508,1500,1.48,-0.10,0.0000,0.0000,0.0000,1
1.719,43,3,4,1508,1500,1.48,-0.10,0.0000,0.0000,0.0000,1
1.736,43,2,4,1508,1500,1.48,-0.10,0.0000,0.0000,0.0000,1
1.753,43,2,4,1508,1500,1.48,-0.10,0.0000,0.0000,0.0000,1
1.771,43,2,4,1508,1500,1.48,-0.10,0.0000,0.0000,0.0000,1
1.789,42,2,3,1508,1500,1.48,-0.10,0.0000,0.0000,0.0000,1
1.807,42,2,4,1508,1500,1.48,-0.10,0.0000,0.0000,0.0000,1
1.824,41,2,4,1508,1500,1.48,-0.10,0.0000,0.0000,0.0000,1
1.844,41,2,4,1508,1500,1.48,-0.10,0.0000,0.0000,0.0000,1
1.863,40,3,4,1508,1500,0.74,0.04,0.0000,0.0000,0.0000,1
1.880,39,2,2,1507,1500,0.74,0.04,0.0000,0.0000,0.0000,1
1.899,38,2,4,1507,1500,0.74,0.04,0.0000,0.0000,0.0000,1
1.917,37,2,4,1507,1500,0.74,0.04,0.0000,0.0000,0.0000,1
1.935,34,1,3,1506,1500,0.74,0.04,0.0000,0.0000,0.0000,1
1.952,34,1,3,1506,1500,0.74,0.04,0.0000,0.0000,0.0000,1
1.969,31,0,3,1506,1500,0.74,0.04,0.0000,0.0000,0.0000,1
1.986,29,0,3,1505,1500,0.74,0.04,0.0000,0.0000,0.0000,1
2.004,28,0,4,1505,1500,0.74,0.04,0.0000,0.0000,0.0000,1
2.021,25,-1,4,1505,1500,0.74,0.04,0.0000,0.0000,0.0000,1
2.038,23,-2,3,1504,1500,0.74,0.04,0.0000,0.0000,0.0000,1
2.055,21,-2,3,1504,1500,0.74,0.04,0.0000,0.0000,0.0000,1
2.072,19,-2,3,1503,1500,0.74,0.04,0.0000,0.0000,0.0000,1
2.089,17,-3,4,1503,1500,0.74,0.04,0.0000,0.0000,0.0000,1
2.106,14,-3,3,1502,1500,0.79,-0.12,0.0000,0.0000,0.0000,1
2.124,12,-5,3,1502,1500,0.79,-0.12,0.0000,0.0000,0.0000,1
2.142,11,-5,3,1502,1500,0.79,-0.12,0.0000,0.0000,0.0000,1
2.162,9,-6,3,1501,1500,0.79,-0.12,0.0000,0.0000,0.0000,1
2.179,9,-6,3,1501,1500,0.79,-0.12,0.0000,0.0000,0.0000,1
2.197,7,-7,3,1501,1500,0.79,-0.12,0.0000,0.0000,0.0000,1
2.215,5,-8,3,1501,1500,0.79,-0.12,0.0000,0.0000,0.0000,1
2.232,4,-8,3,1500,1500,0.79,-0.12,0.0000,0.0000,0.0000,1
2.249,3,-8,2,1500,1500,0.79,-0.12,0.0000,0.0000,0.0000,1
2.267,1,-9,2,1500,1500,0.79,-0.12,0.0000,0.0000,0.0000,1
2.284,1,-8,2,1500,1500,0.79,-0.12,0.0000,0.0000,0.0000,1
2.301,0,-8,2,1500,1500,0.79,-0.12,0.0000,0.0000,0.0000,1
2.318,0,-8,3,1500,1500,0.79,-0.12,0.0000,0.0000,0.0000,1
2.335,0,-8,2,1500,1500,0.79,-0.12,0.0000,0.0000,0.0000,1
2.354,0,-8,2,1500,1500,0.58,-0.19,0.0000,0.0000,0.0000,1
2.371,0,-8,2,1500,1500,0.58,-0.19,0.0000,0.0000,0.0000,1
2.392,0,-8,2,1500,1500,0.58,-0.19,0.0000,0.0000,0.0000,1
2.411,0,-8,2,1500,1500,0.58,-0.19,0.0000,0.0000,0.0000,1
2.429,0,-7,2,1500,1500,0.58,-0.19,0.0000,0.0000,0.0000,1
2.447,1,-7,1,1500,1500,0.58,-0.19,0.0000,0.0000,0.0000,1
2.465,2,-7,2,1500,1500,0.58,-0.19,0.0000,0.0000,0.0000,1
2.482,3,-6,1,1500,1500,0.58,-0.19,0.0000,0.0000,0.0000,1
2.500,3,-6,2,1500,1500,0.58,-0.19,0.0000,0.0000,0.0000,1
2.517,4,-5,2,1500,1500,0.58,-0.19,0.0000,0.0000,0.0000,1
2.534,5,-5,2,1501,1500,0.58,-0.19,0.0000,0.0000,0.0000,1
2.552,6,-5,2,1501,1500,0.58,-0.19,0.0000,0.0000,0.0000,1
2.569,7,-5,2,1501,1500,0.58,-0.19,0.0000,0.0000,0.0000,1
2.586,8,-5,2,1501,1500,0.58,-0.19,0.0000,0.0000,0.0000,1
2.603,8,-5,2,1501,1500,0.63,0.03,0.0000,0.0000,0.0000,1
2.621,9,-5,2,1501,1500,0.63,0.03,0.0000,0.0000,0.0000,1
2.639,10,-5,1,1502,1500,0.63,0.03,0.0000,0.0000,0.0000,1
2.656,10,-5,2,1502,1500,0.63,0.03,0.0000,0.0000,0.0000,1
2.674,11,-5,2,1502,1500,0.63,0.03,0.0000,0.0000,0.0000,1
2.692,12,-5,3,1502,1500,0.63,0.03,0.0000,0.0000,0.0000,1
2.710,14,-5,1,1502,1500,0.63,0.03,0.0000,0.0000,0.0000,1
2.729,15,-4,1,1503,1500,0.63,0.03,0.0000,0.0000,0.0000,1
2.747,16,-4,2,1503,1500,0.63,0.03,0.0000,0.0000,0.0000,1
2.764,17,-4,2,1503,1500,0.63,0.03,0.0000,0.0000,0.0000,1
2.782,20,-3,1,1504,1500,0.63,0.03,0.0000,0.0000,0.0000,1
2.800,20,-3,1,1504,1500,0.63,0.03,0.0000,0.0000,0.0000,1
2.819,23,-3,1,1504,1500,0.63,0.03,0.0000,0.0000,0.0000,1
2.836,25,-2,1,1505,1500,0.63,0.03,0.0000,0.0000,0.0000,1
2.853,27,-2,1,1505,1500,0.83,-0.03,0.0000,0.0000,0.0000,1
2.871,29,-2,1,1505,1500,0.83,-0.03,0.0000,0.0000,0.0000,1
2.889,32,-3,1,1506,1500,0.83,-0.03,0.0000,0.0000,0.0000,1
2.908,34,-3,1,1506,1500,0.83,-0.03,0.0000,0.0000,0.0000,1
2.925,36,-3,1,1507,1500,0.83,-0.03,0.0000,0.0000,0.0000,1
2.942,38,-3,1,1507,1500,0.83,-0.03,0.0000,0.0000,0.0000,1
2.960,40,-4,1,1508,1500,0.83,-0.03,0.0000,0.0000,0.0000,1
2.979,42,-4,1,1508,1500,0.83,-0.03,0.0000,0.0000,0.0000,1
2.998,44,-5,2,1508,1500,0.83,-0.03,0.0000,0.0000,0.0000,1
3.015,49,-6,2,1509,1500,0.83,-0.03,0.0000,0.0000,0.0000,1
3.032,51,-6,2,1515,1500,0.83,-0.03,0.0000,0.0000,0.0000,1
3.050,52,-7,2,1515,1500,0.83,-0.03,0.0000,0.0000,0.0000,1
3.067,54,-7,2,1516,1500,0.83,-0.03,0.0000,0.0000,0.0000,1
3.084,56,-7,2,1516,1500,0.83,-0.03,0.0000,0.0000,0.0000,1
3.103,58,-7,1,1517,1500,1.20,-0.39,0.0000,0.0000,0.0000,1
3.121,59,-7,1,1517,1500,1.20,-0.39,0.0000,0.0000,0.0000,1
3.138,61,-6,1,1518,1500,1.20,-0.39,0.0000,0.0000,0.0000,0
0.017,63,-5,1,1518,1500,1.20,-0.39,0.0000,0.0000,0.0000,0
0.035,66,-4,1,1519,1500,1.20,-0.39,0.0000,0.0000,0.0000,0
0.052,68,-2,0,1520,1500,1.20,-0.39,0.0000,0.0000,0.0000,0
0.071,71,0,0,1521,1500,1.20,-0.39,0.0000,0.0000,0.0000,0
0.090,74,3,1,1522,1500,1.20,-0.39,0.0000,0.0000,0.0000,0
0.107,76,5,1,1522,1500,1.20,-0.39,0.0000,0.0000,0.0000,0
0.124,79,7,1,1523,1500,1.20,-0.39,0.0000,0.0000,0.0000,0
0.141,81,9,2,1524,1500,1.20,-0.39,0.0000,0.0000,0.0000,0
0.159,83,11,2,1524,1500,1.20,-0.39,0.0000,0.0000,0.0000,0
0.176,84,11,1,1525,1500,1.20,-0.39,0.0000,0.0000,0.0000,0
0.194,86,12,0,1525,1500,1.20,-0.39,0.0000,0.0000,0.0000,0
0.213,87,12,1,1526,1500,1.20,-0.39,0.0000,0.0000,0.0000,0
0.240,87,12,2,1526,1500,1.06,0.65,0.0000,0.0000,0.0000,0
0.260,87,12,1,1526,1500,1.06,0.65,0.0000,0.0000,0.0000,0
0.282,87,11,1,1526,1500,1.06,0.65,0.0000,0.0000,0.0000,0
0.301,87,10,1,1526,1500,1.06,0.65,0.0000,0.0000,0.0000,0
0.319,87,9,1,1526,1500,1.06,0.65,0.0000,0.0000,0.0000,0
0.336,88,8,1,1526,1500,1.06,0.65,0.0000,0.0000,0.0000,0
0.353,88,7,1,1526,1500,1.06,0.65,0.0000,0.0000,0.0000,0
0.371,89,7,0,1526,1500,1.06,0.65,0.0000,0.0000,0.0000,0
0.390,91,7,1,1527,1500,1.06,0.65,0.0000,0.0000,0.0000,0
0.407,92,6,1,1527,1500,1.06,0.65,0.0000,0.0000,0.0000,0
0.425,94,6,1,1528,1500,1.06,0.65,0.0000,0.0000,0.0000,0
0.443,95,5,1,1528,1500,1.06,0.65,0.0000,0.0000,0.0000,0
0.460,96,5,1,1528,1500,1.06,0.65,0.0000,0.0000,0.0000,0
0.479,96,5,1,1528,1500,1.65,0.16,0.0000,0.0000,0.0000,0
0.497,97,5,0,1529,1500,1.65,0.16,0.0000,0.0000,0.0000,0
0.515,97,4,1,1529,1500,1.65,0.16,0.0000,0.0000,0.0000,0
0.532,98,3,1,1529,1500,1.65,0.16,0.0000,0.0000,0.0000,0
0.550,98,1,0,1529,1500,1.65,0.16,0.0000,0.0000,0.0000,0
0.568,98,-2,1,1529,1500,1.65,0.16,0.0000,0.0000,0.0000,0
0.585,95,-8,-1,1528,1500,1.65,0.16,0.0000,0.0000,0.0000,0
0.602,93,-9,0,1527,1500,1.65,0.16,0.0000,0.0000,0.0000,0
0.620,93,-11,0,1527,1500,1.65,0.16,0.0000,0.0000,0.0000,0
0.641,91,-13,0,1527,1500,1.65,0.16,0.0000,0.0000,0.0000,0
0.658,87,-16,0,1526,1500,1.65,0.16,0.0000,0.0000,0.0000,0
0.676,87,-16,0,1526,1500,1.65,0.16,0.0000,0.0000,0.0000,0
0.693,83,-18,0,1524,1500,1.65,0.16,0.0000,0.0000,0.0000,0
0.711,83,-18,0,1524,1500,1.65,0.16,0.0000,0.0000,0.0000,0
0.728,80,-19,-1,1524,1500,1.65,-0.88,0.0000,0.0000,0.0000,0
0.748,77,-19,-2,1523,1500,1.65,-0.88,0.0000,0.0000,0.0000,0
0.767,75,-19,-1,1522,1500,1.65,-0.88,0.0000,0.0000,0.0000,0
0.784,75,-19,-1,1522,1500,1.65,-0.88,0.0000,0.0000,0.0000,0
0.801,69,-18,-2,1520,1500,1.65,-0.88,0.0000,0.0000,0.0000,0
0.819,66,-17,-1,1519,1500,1.65,-0.88,0.0000,0.0000,0.0000,0
0.837,60,-14,-2,1518,1500,1.65,-0.88,0.0000,0.0000,0.0000,1
0.855,57,-13,-3,1517,1500,1.65,-0.88,0.0000,0.0000,0.0000,1
0.873,53,-12,-2,1515,1500,1.65,-0.88,0.0000,0.0000,0.0000,1
0.891,50,-10,-2,1510,1500,1.65,-0.88,0.0000,0.0000,0.0000,1
0.908,46,-9,-2,1509,1500,1.65,-0.88,0.0000,0.0000,0.0000,1
0.926,39,-7,-3,1507,1500,1.65,-0.88,0.0000,0.0000,0.0000,1
0.943,35,-6,-3,1507,1500,1.65,-0.88,0.0000,0.0000,0.0000,1
0.960,32,-5,-2,1506,1500,1.65,-0.88,0.0000,0.0000,0.0000,1
0.978,32,-5,-2,1506,1500,0.83,-0.43,0.0000,0.0000,0.0000,1
0.996,28,-5,-1,1505,1500,0.83,-0.43,0.0000,0.0000,0.0000,1
1.015,24,-5,-1,1504,1500,0.83,-0.43,0.0000,0.0000,0.0000,1
1.033,21,-4,-2,1504,1500,0.83,-0.43,0.0000,0.0000,0.0000,1
1.050,17,-5,-2,1503,1500,0.83,-0.43,0.0000,0.0000,0.0000,1
1.069,8,-5,-2,1501,1500,0.83,-0.43,0.0000,0.0000,0.0000,1
1.087,4,-6,-2,1500,1500,0.83,-0.43,0.0000,0.0000,0.0000,1
1.104,-1,-7,-2,1500,1500,0.83,-0.43,0.0000,0.0000,0.0000,1
1.123,-5,-8,-2,1499,1500,0.83,-0.43,0.0000,0.0000,0.0000,1
1.141,-9,-8,-2,1499,1500,0.83,-0.43,0.0000,0.0000,0.0000,1
1.159,-16,-8,-2,1497,1500,0.83,-0.43,0.0000,0.0000,0.0000,1
1.177,-19,-8,-2,1497,1500,0.83,-0.43,0.0000,0.0000,0.0000,1
1.194,-22,-8,-2,1496,1500,0.83,-0.43,0.0000,0.0000,0.0000,1
1.216,-24,-8,-2,1496,1500,-0.33,-0.95,0.0000,0.0000,0.0000,1
1.234,-24,-8,-2,1496,1500,-0.33,-0.95,0.0000,0.0000,0.0000,1
1.253,-26,-7,-2,1495,1500,-0.33,-0.95,0.0000,0.0000,0.0000,1
1.270,-28,-6,-3,1495,1500,-0.33,-0.95,0.0000,0.0000,0.0000,1
1.289,-29,-5,-3,1495,1500,-0.33,-0.95,0.0000,0.0000,0.0000,1
1.306,-30,-3,-2,1494,1500,-0.33,-0.95,0.0000,0.0000,0.0000,1
1.323,-31,-3,-1,1494,1500,-0.33,-0.95,0.0000,0.0000,0.0000,1
1.340,-31,-2,-2,1494,1500,-0.33,-0.95,0.0000,0.0000,0.0000,1
1.358,-31,-2,-1,1494,1500,-0.33,-0.95,0.0000,0.0000,0.0000,1
1.376,-30,-2,-1,1494,1500,-0.33,-0.95,0.0000,0.0000,0.0000,1
1.394,-30,-2,-1,1494,1500,-0.33,-0.95,0.0000,0.0000,0.0000,1
1.412,-29,-2,-1,1495,1500,-0.33,-0.95,0.0000,0.0000,0.0000,1
1.429,-29,-2,-2,1495,1500,-0.33,-0.95,0.0000,0.0000,0.0000,1
1.448,-28,-2,-2,1495,1500,-0.33,-0.95,0.0000,0.0000,0.0000,1
1.466,-27,-2,-2,1495,1500,-0.96,-0.91,0.0000,0.0000,0.0000,1
1.483,-27,-2,-2,1495,1500,-0.96,-0.91,0.0000,0.0000,0.0000,1
1.504,-26,-1,-2,1495,1500,-0.96,-0.91,0.0000,0.0000,0.0000,1
1.522,-26,-1,-2,1495,1500,-0.96,-0.91,0.0000,0.0000,0.0000,1
1.540,-26,0,-1,1495,1500,-0.96,-0.91,0.0000,0.0000,0.0000,1
1.557,-26,0,-1,1495,1500,-0.96,-0.91,0.0000,0.0000,0.0000,1
1.574,-26,0,-1,1495,1500,-0.96,-0.91,0.0000,0.0000,0.0000,1
1.593,-26,0,0,1495,1500,-0.96,-0.91,0.0000,0.0000,0.0000,1
1.611,-27,1,0,1495,1500,-0.96,-0.91,0.0000,0.0000,0.0000,1
1.629,-27,2,0,1495,1500,-0.96,-0.91,0.0000,0.0000,0.0000,1
1.646,-28,2,0,1495,1500,-0.96,-0.91,0.0000,0.0000,0.0000,1
1.663,-27,3,0,1495,1500,-0.96,-0.91,0.0000,0.0000,0.0000,1
1.681,-27,3,0,1495,1500,-0.96,-0.91,0.0000,0.0000,0.0000,1
1.698,-27,4,0,1495,1500,-0.96,-0.91,0.0000,0.0000,0.0000,1
1.715,-27,4,0,1495,1500,-0.60,-0.62,0.0000,0.0000,0.0000,1
1.733,-27,4,0,1495,1500,-0.60,-0.62,0.0000,0.0000,0.0000,1
1.751,-28,5,1,1495,1500,-0.60,-0.62,0.0000,0.0000,0.0000,1
1.770,-28,5,1,1495,1500,-0.60,-0.62,0.0000,0.0000,0.0000,1
1.788,-28,7,0,1495,1500,-0.60,-0.62,0.0000,0.0000,0.0000,1
1.805,-29,7,-1,1495,1500,-0.60,-0.62,0.0000,0.0000,0.0000,1
1.822,-29,7,0,1495,1500,-0.60,-0.62,0.0000,0.0000,0.0000,1
1.840,-29,7,0,1495,1500,-0.60,-0.62,0.0000,0.0000,0.0000,1
1.857,-29,7,1,1495,1500,-0.60,-0.62,0.0000,0.0000,0.0000,1
1.875,-27,8,1,1495,1500,-0.60,-0.62,0.0000,0.0000,0.0000,1
1.892,-25,8,2,1495,1500,-0.60,-0.62,0.0000,0.0000,0.0000,1
1.910,-24,9,2,1496,1500,-0.60,-0.62,0.0000,0.0000,0.0000,1
1.927,-21,10,1,1496,1500,-0.60,-0.62,0.0000,0.0000,0.0000,1
1.945,-18,10,2,1497,1500,-0.60,-0.62,0.0000,0.0000,0.0000,1
1.963,-16,11,1,1497,1500,-0.25,-0.32,0.0000,0.0000,0.0000,1
1.982,-13,12,1,1497,1500,-0.25,-0.32,0.0000,0.0000,0.0000,1
2.003,-11,13,1,1498,1500,-0.25,-0.32,0.0000,0.0000,0.0000,1
2.020,-8,14,1,1499,1500,-0.25,-0.32,0.0000,0.0000,0.0000,1
2.038,-5,15,0,1499,1500,-0.25,-0.32,0.0000,0.0000,0.0000,1
2.056,-2,16,2,1500,1500,-0.25,-0.32,0.0000,0.0000,0.0000,1
2.073,4,18,3,1500,1500,-0.25,-0.32,0.0000,0.0000,0.0000,1
2.092,7,19,3,1501,1500,-0.25,-0.32,0.0000,0.0000,0.0000,1
2.110,9,19,3,1501,1500,-0.25,-0.32,0.0000,0.0000,0.0000,1
2.128,12,19,3,1502,1500,-0.25,-0.32,0.0000,0.0000,0.0000,1
2.146,16,20,3,1503,1500,-0.25,-0.32,0.0000,0.0000,0.0000,1
2.164,19,21,4,1503,1500,-0.25,-0.32,0.0000,0.0000,0.0000,1
2.182,22,21,4,1504,1500,-0.25,-0.32,0.0000,0.0000,0.0000,1
2.200,26,22,4,1505,1500,-0.25,-0.32,0.0000,0.0000,0.0000,1
2.217,29,23,4,1505,1500,0.22,0.34,0.0000,0.0000,0.0000,1
2.236,32,23,4,1506,1500,0.22,0.34,0.0000,0.0000,0.0000,1
2.253,35,24,3,1507,1500,0.22,0.34,0.0000,0.0000,0.0000,1
2.273,38,24,3,1507,1500,0.22,0.34,0.0000,0.0000,0.0000,1
2.290,42,24,3,1508,1500,0.22,0.34,0.0000,0.0000,0.0000,1
2.309,45,24,3,1509,1500,0.22,0.34,0.0000,0.0000,0.0000,1
2.326,52,24,3,1515,1500,0.22,0.34,0.0000,0.0000,0.0000,1
2.343,52,24,3,1515,1500,0.22,0.34,0.0000,0.0000,0.0000,1
2.361,59,23,3,1517,1500,0.22,0.34,0.0000,0.0000,0.0000,1
2.379,62,23,3,1518,1500,0.22,0.34,0.0000,0.0000,0.0000,0
0.017,66,23,4,1519,1500,0.22,0.34,0.0000,0.0000,0.0000,0
0.035,69,23,4,1520,1500,0.22,0.34,0.0000,0.0000,0.0000,0
0.053,72,23,5,1521,1500,0.22,0.34,0.0000,0.0000,0.0000,0
0.070,76,22,5,1522,1500,0.22,0.34,0.0000,0.0000,0.0000,0
0.087,79,22,5,1523,1500,1.01,0.38,0.0000,0.0000,0.0000,0
0.104,82,21,5,1524,1500,1.01,0.38,0.0000,0.0000,0.0000,0
0.122,85,20,4,1525,1500,1.01,0.38,0.0000,0.0000,0.0000,0
0.139,87,19,4,1526,1500,1.01,0.38,0.0000,0.0000,0.0000,0
0.156,90,17,5,1527,1500,1.01,0.38,0.0000,0.0000,0.0000,0
0.173,91,15,5,1527,1500,1.01,0.38,0.0000,0.0000,0.0000,0
0.191,93,14,4,1527,1500,1.01,0.38,0.0000,0.0000,0.0000,0
0.209,95,13,4,1528,1500,1.01,0.38,0.0000,0.0000,0.0000,0
0.226,97,12,4,1529,1500,1.01,0.38,0.0000,0.0000,0.0000,0
0.245,98,11,5,1529,1500,1.01,0.38,0.0000,0.0000,0.0000,0
0.263,99,10,5,1529,1500,1.01,0.38,0.0000,0.0000,0.0000,0
0.280,99,9,4,1529,1500,1.01,0.38,0.0000,0.0000,0.0000,0
0.298,100,10,4,1530,1500,1.01,0.38,0.0000,0.0000,0.0000,0
0.315,100,10,5,1530,1500,1.01,0.38,0.0000,0.0000,0.0000,0
0.333,100,11,4,1530,1500,2.37,-0.04,0.0000,0.0000,0.0000,0
0.350,100,11,4,1530,1500,2.37,-0.04,0.0000,0.0000,0.0000,0
0.368,100,12,4,1530,1500,2.37,-0.04,0.0000,0.0000,0.0000,0
0.387,99,11,4,1529,1500,2.37,-0.04,0.0000,0.0000,0.0000,0
0.404,99,12,2,1529,1500,2.37,-0.04,0.0000,0.0000,0.0000,0
0.422,99,12,2,1529,1500,2.37,-0.04,0.0000,0.0000,0.0000,0
0.440,99,12,3,1529,1500,2.37,-0.04,0.0000,0.0000,0.0000,0
0.457,98,13,4,1529,1500,2.37,-0.04,0.0000,0.0000,0.0000,0
0.475,98,13,4,1529,1500,2.37,-0.04,0.0000,0.0000,0.0000,0
0.493,97,12,4,1529,1500,2.37,-0.04,0.0000,0.0000,0.0000,0
0.513,97,12,4,1529,1500,2.37,-0.04,0.0000,0.0000,0.0000,0
0.531,95,11,3,1528,1500,2.37,-0.04,0.0000,0.0000,0.0000,0
0.548,94,10,3,1528,1500,2.37,-0.04,0.0000,0.0000,0.0000,0
0.566,93,9,4,1527,1500,2.37,-0.04,0.0000,0.0000,0.0000,0
0.583,92,8,4,1527,1500,2.50,-0.46,0.0000,0.0000,0.0000,0
0.601,91,7,4,1527,1500,2.50,-0.46,0.0000,0.0000,0.0000,0
0.620,90,6,3,1527,1500,2.50,-0.46,0.0000,0.0000,0.0000,0
0.637,89,5,3,1526,1500,2.50,-0.46,0.0000,0.0000,0.0000,0
0.656,88,4,3,1526,1500,2.50,-0.46,0.0000,0.0000,0.0000,0
0.674,86,2,3,1525,1500,2.50,-0.46,0.0000,0.0000,0.0000,0
0.691,85,2,3,1525,1500,2.50,-0.46,0.0000,0.0000,0.0000,0
0.708,84,1,3,1525,1500,2.50,-0.46,0.0000,0.0000,0.0000,0
0.729,81,0,3,1524,1500,2.50,-0.46,0.0000,0.0000,0.0000,0
0.749,79,0,3,1523,1500,2.50,-0.46,0.0000,0.0000,0.0000,0
0.768,78,0,3,1523,1500,2.50,-0.46,0.0000,0.0000,0.0000,0
0.785,76,0,3,1522,1500,2.50,-0.46,0.0000,0.0000,0.0000,0
0.803,75,0,3,1522,1500,2.50,-0.46,0.0000,0.0000,0.0000,0
0.821,75,0,3,1522,1500,2.50,-0.46,0.0000,0.0000,0.0000,0
0.839,74,1,3,1522,1500,1.99,-1.00,0.0000,0.0000,0.0000,0
0.856,74,1,3,1522,1500,1.99,-1.00,0.0000,0.0000,0.0000,0
0.876,72,3,3,1521,1500,1.99,-1.00,0.0000,0.0000,0.0000,0
0.896,72,4,3,1521,1500,1.99,-1.00,0.0000,0.0000,0.0000,0
0.914,71,4,3,1521,1500,1.99,-1.00,0.0000,0.0000,0.0000,0
0.931,69,5,3,1520,1500,1.99,-1.00,0.0000,0.0000,0.0000,0
0.953,66,6,2,1520,1500,1.99,-1.00,0.0000,0.0000,0.0000,0
0.971,64,5,2,1519,1500,1.99,-1.00,0.0000,0.0000,0.0000,0
0.990,61,6,1,1518,1500,1.99,-1.00,0.0000,0.0000,0.0000,0
1.007,59,6,1,1517,1500,1.99,-1.00,0.0000,0.0000,0.0000,1
1.027,54,5,2,1516,1500,1.99,-1.00,0.0000,0.0000,0.0000,1
1.044,52,5,2,1515,1500,1.99,-1.00,0.0000,0.0000,0.0000,1
1.062,50,4,3,1510,1500,1.99,-1.00,0.0000,0.0000,0.0000,1
1.079,48,4,2,1509,1500,1.99,-1.00,0.0000,0.0000,0.0000,1
1.096,48,4,2,1509,1500,0.96,-1.07,0.0000,0.0000,0.0000,1
1.113,46,3,2,1509,1500,0.96,-1.07,0.0000,0.0000,0.0000,1
1.131,45,3,1,1509,1500,0.96,-1.07,0.0000,0.0000,0.0000,1
1.150,44,3,1,1508,1500,0.96,-1.07,0.0000,0.0000,0.0000,1
1.169,44,3,1,1508,1500,0.96,-1.07,0.0000,0.0000,0.0000,1
1.186,44,3,2,1508,1500,0.96,-1.07,0.0000,0.0000,0.0000,1
1.204,45,4,2,1509,1500,0.96,-1.07,0.0000,0.0000,0.0000,1
1.221,46,4,0,1509,1500,0.96,-1.07,0.0000,0.0000,0.0000,1
1.241,47,5,1,1509,1500,0.96,-1.07,0.0000,0.0000,0.0000,1
1.259,48,5,2,1509,1500,0.96,-1.07,0.0000,0.0000,0.0000,1
1.277,49,5,3,1509,1500,0.96,-1.07,0.0000,0.0000,0.0000,1
1.296,51,5,2,1515,1500,0.96,-1.07,0.0000,0.0000,0.0000,1
1.313,52,5,3,1515,1500,0.96,-1.07,0.0000,0.0000,0.0000,1
1.331,54,5,3,1516,1500,0.24,-0.90,0.0000,0.0000,0.0000,1
1.348,54,5,3,1516,1500,0.24,-0.90,0.0000,0.0000,0.0000,1
1.365,55,5,2,1516,1500,0.24,-0.90,0.0000,0.0000,0.0000,1
1.383,57,5,2,1517,1500,0.24,-0.90,0.0000,0.0000,0.0000,1
1.405,58,4,2,1517,1500,0.24,-0.90,0.0000,0.0000,0.0000,1
1.423,62,3,3,1518,1500,0.24,-0.90,0.0000,0.0000,0.0000,0
0.017,63,2,3,1518,1500,0.24,-0.90,0.0000,0.0000,0.0000,0
0.035,65,2,3,1519,1500,0.24,-0.90,0.0000,0.0000,0.0000,0
0.052,67,3,3,1520,1500,0.24,-0.90,0.0000,0.0000,0.0000,0
0.069,68,3,2,1520,1500,0.24,-0.90,0.0000,0.0000,0.0000,0
0.087,70,3,3,1521,1500,0.24,-0.90,0.0000,0.0000,0.0000,0
0.105,72,4,2,1521,1500,0.24,-0.90,0.0000,0.0000,0.0000,0
0.123,73,5,1,1521,1500,0.24,-0.90,0.0000,0.0000,0.0000,0
0.140,74,5,2,1522,1500,0.24,-0.90,0.0000,0.0000,0.0000,0
0.158,75,6,3,1522,1500,0.30,-0.60,0.0000,0.0000,0.0000,0
0.176,75,6,3,1522,1500,0.30,-0.60,0.0000,0.0000,0.0000,0
0.195,75,6,3,1522,1500,0.30,-0.60,0.0000,0.0000,0.0000,0
0.212,76,6,3,1522,1500,0.30,-0.60,0.0000,0.0000,0.0000,0
0.230,77,6,3,1523,1500,0.30,-0.60,0.0000,0.0000,0.0000,0
0.247,78,5,3,1523,1500,0.30,-0.60,0.0000,0.0000,0.0000,0
0.264,80,3,3,1524,1500,0.30,-0.60,0.0000,0.0000,0.0000,0
0.282,80,2,4,1524,1500,0.30,-0.60,0.0000,0.0000,0.0000,0
0.299,81,2,3,1524,1500,0.30,-0.60,0.0000,0.0000,0.0000,0
0.317,81,1,3,1524,1500,0.30,-0.60,0.0000,0.0000,0.0000,0
0.334,82,0,2,1524,1500,0.30,-0.60,0.0000,0.0000,0.0000,0
0.352,82,-2,3,1524,1500,0.30,-0.60,0.0000,0.0000,0.0000,0
0.369,82,-4,3,1524,1500,0.30,-0.60,0.0000,0.0000,0.0000,0
0.387,82,-7,2,1524,1500,0.30,-0.60,0.0000,0.0000,0.0000,0
0.404,82,-7,2,1524,1500,0.30,-0.60,0.0000,0.0000,0.0000,0
0.421,82,-7,3,1524,1500,1.06,-0.99,0.0000,0.0000,0.0000,0
0.439,81,-7,3,1524,1500,1.06,-0.99,0.0000,0.0000,0.0000,0
0.457,81,-8,3,1524,1500,1.06,-0.99,0.0000,0.0000,0.0000,0
0.474,80,-8,3,1524,1500,1.06,-0.99,0.0000,0.0000,0.0000,0
0.492,78,-8,3,1523,1500,1.06,-0.99,0.0000,0.0000,0.0000,0
0.509,78,-9,3,1523,1500,1.06,-0.99,0.0000,0.0000,0.0000,0
0.528,77,-9,3,1523,1500,1.06,-0.99,0.0000,0.0000,0.0000,0
0.546,76,-9,3,1522,1500,1.06,-0.99,0.0000,0.0000,0.0000,0
0.564,75,-9,3,1522,1500,1.06,-0.99,0.0000,0.0000,0.0000,0
0.581,74,-8,2,1522,1500,1.06,-0.99,0.0000,0.0000,0.0000,0
0.599,73,-8,3,1521,1500,1.06,-0.99,0.0000,0.0000,0.0000,0
0.616,73,-8,3,1521,1500,1.06,-0.99,0.0000,0.0000,0.0000,0
0.634,72,-7,3,1521,1500,1.06,-0.99,0.0000,0.0000,0.0000,0
0.652,72,-7,3,1521,1500,1.06,-0.99,0.0000,0.0000,0.0000,0
0.671,71,-7,4,1521,1500,1.18,-0.60,0.0000,0.0000,0.0000,0
0.689,71,-6,3,1521,1500,1.18,-0.60,0.0000,0.0000,0.0000,0
0.707,71,-6,3,1521,1500,1.18,-0.60,0.0000,0.0000,0.0000,0
0.724,71,-5,3,1521,1500,1.18,-0.60,0.0000,0.0000,0.0000,0
0.744,70,-5,4,1521,1500,1.18,-0.60,0.0000,0.0000,0.0000,0
0.763,69,-5,3,1520,1500,1.18,-0.60,0.0000,0.0000,0.0000,0
0.780,69,-4,3,1520,1500,1.18,-0.60,0.0000,0.0000,0.0000,0
0.798,68,-4,3,1520,1500,1.18,-0.60,0.0000,0.0000,0.0000,0
0.816,67,-3,3,1520,1500,1.18,-0.60,0.0000,0.0000,0.0000,0
0.834,67,-3,4,1520,1500,1.18,-0.60,0.0000,0.0000,0.0000,0
0.851,66,-3,4,1519,1500,1.18,-0.60,0.0000,0.0000,0.0000,0
0.869,65,-3,3,1519,1500,1.18,-0.60,0.0000,0.0000,0.0000,0
0.886,64,-3,4,1519,1500,1.18,-0.60,0.0000,0.0000,0.0000,0
0.903,63,-4,4,1518,1500,1.18,-0.60,0.0000,0.0000,0.0000,0
0.920,62,-4,3,1518,1500,0.98,-0.51,0.0000,0.0000,0.0000,0
0.937,61,-4,3,1518,1500,0.98,-0.51,0.0000,0.0000,0.0000,0
0.954,61,-4,3,1518,1500,0.98,-0.51,0.0000,0.0000,0.0000,0
0.972,60,-5,3,1518,1500,0.98,-0.51,0.0000,0.0000,0.0000,1
0.989,59,-5,4,1517,1500,0.98,-0.51,0.0000,0.0000,0.0000,1
1.007,58,-5,4,1517,1500,0.98,-0.51,0.0000,0.0000,0.0000,1
1.024,57,-5,4,1517,1500,0.98,-0.51,0.0000,0.0000,0.0000,1
1.042,57,-4,4,1517,1500,0.98,-0.51,0.0000,0.0000,0.0000,1
1.060,57,-4,3,1517,1500,0.98,-0.51,0.0000,0.0000,0.0000,1
1.079,57,-3,3,1517,1500,0.98,-0.51,0.0000,0.0000,0.0000,1
1.099,56,-3,3,1516,1500,0.98,-0.51,0.0000,0.0000,0.0000,1
1.116,56,-3,3,1516,1500,0.98,-0.51,0.0000,0.0000,0.0000,1
1.133,55,-3,4,1516,1500,0.98,-0.51,0.0000,0.0000,0.0000,1
1.151,54,-3,4,1516,1500,0.98,-0.51,0.0000,0.0000,0.0000,1
1.169,54,-3,5,1516,1500,0.81,-0.68,0.0000,0.0000,0.0000,1
1.186,53,-2,5,1515,1500,0.81,-0.68,0.0000,0.0000,0.0000,1
1.203,53,-2,4,1515,1500,0.81,-0.68,0.0000,0.0000,0.0000,1
1.221,53,-1,4,1515,1500,0.81,-0.68,0.0000,0.0000,0.0000,1
1.238,53,0,4,1515,1500,0.81,-0.68,0.0000,0.0000,0.0000,1
1.257,51,1,4,1515,1500,0.81,-0.68,0.0000,0.0000,0.0000,1
1.274,50,2,5,1510,1500,0.81,-0.68,0.0000,0.0000,0.0000,1
1.292,49,3,5,1509,1500,0.81,-0.68,0.0000,0.0000,0.0000,1
1.309,48,4,5,1509,1500,0.81,-0.68,0.0000,0.0000,0.0000,1
1.328,47,4,5,1509,1500,0.81,-0.68,0.0000,0.0000,0.0000,1
1.347,46,5,6,1509,1500,0.81,-0.68,0.0000,0.0000,0.0000,1
1.365,45,4,6,1509,1500,0.81,-0.68,0.0000,0.0000,0.0000,1
1.382,43,4,6,1508,1500,0.81,-0.68,0.0000,0.0000,0.0000,1
1.402,42,3,5,1508,1500,1.22,-0.65,0.0000,0.0000,0.0000,1
1.419,41,3,6,1508,1500,1.22,-0.65,0.0000,0.0000,0.0000,1
1.437,40,2,6,1508,1500,1.22,-0.65,0.0000,0.0000,0.0000,1
1.455,40,2,6,1508,1500,1.22,-0.65,0.0000,0.0000,0.0000,1
1.473,38,2,6,1507,1500,1.22,-0.65,0.0000,0.0000,0.0000,1
1.490,38,2,6,1507,1500,1.22,-0.65,0.0000,0.0000,0.0000,1
1.507,37,2,6,1507,1500,1.22,-0.65,0.0000,0.0000,0.0000,1
1.524,37,3,6,1507,1500,1.22,-0.65,0.0000,0.0000,0.0000,1
1.541,36,3,6,1507,1500,1.22,-0.65,0.0000,0.0000,0.0000,1
1.558,36,4,6,1507,1500,1.22,-0.65,0.0000,0.0000,0.0000,1
1.575,35,4,7,1507,1500,1.22,-0.65,0.0000,0.0000,0.0000,1
1.594,35,5,7,1507,1500,1.22,-0.65,0.0000,0.0000,0.0000,1
1.612,35,6,7,1507,1500,1.22,-0.65,0.0000,0.0000,0.0000,1
1.629,35,6,7,1507,1500,1.22,-0.65,0.0000,0.0000,0.0000,1
1.647,35,8,6,1507,1500,1.22,-0.65,0.0000,0.0000,0.0000,1
1.664,36,9,7,1507,1500,1.47,-0.59,0.0000,0.0000,0.0000,1
1.687,36,10,8,1507,1500,1.47,-0.59,0.0000,0.0000,0.0000,1
1.705,37,11,7,1507,1500,1.47,-0.59,0.0000,0.0000,0.0000,1
1.724,38,13,7,1507,1500,1.47,-0.59,0.0000,0.0000,0.0000,1
1.741,39,16,8,1507,1500,1.47,-0.59,0.0000,0.0000,0.0000,1
1.759,40,18,8,1508,1500,1.47,-0.59,0.0000,0.0000,0.0000,1
1.776,40,20,8,1508,1500,1.47,-0.59,0.0000,0.0000,0.0000,1
1.793,41,21,8,1508,1500,1.47,-0.59,0.0000,0.0000,0.0000,1
1.810,41,23,8,1508,1500,1.47,-0.59,0.0000,0.0000,0.0000,1
1.827,41,24,8,1508,1500,1.47,-0.59,0.0000,0.0000,0.0000,1
1.844,41,25,8,1508,1500,1.47,-0.59,0.0000,0.0000,0.0000,1
1.861,40,26,8,1508,1500,1.47,-0.59,0.0000,0.0000,0.0000,1
1.878,40,27,8,1508,1500,1.47,-0.59,0.0000,0.0000,0.0000,1
1.895,39,28,8,1507,1500,1.47,-0.59,0.0000,0.0000,0.0000,1
1.920,39,29,8,1507,1500,0.52,0.34,0.0000,0.0000,0.0000,1
1.940,38,30,7,1507,1500,0.52,0.34,0.0000,0.0000,0.0000,1
1.960,38,30,8,1507,1500,0.52,0.34,0.0000,0.0000,0.0000,1
1.978,36,29,8,1507,1500,0.52,0.34,0.0000,0.0000,0.0000,1
1.996,35,30,7,1507,1500,0.52,0.34,0.0000,0.0000,0.0000,1
2.014,34,30,8,1506,1500,0.52,0.34,0.0000,0.0000,0.0000,1
2.032,33,31,8,1506,1500,0.52,0.34,0.0000,0.0000,0.0000,1
2.050,31,31,7,1506,1500,0.52,0.34,0.0000,0.0000,0.0000,1
2.068,27,31,7,1505,1500,0.52,0.34,0.0000,0.0000,0.0000,1
2.086,25,30,7,1505,1500,0.52,0.34,0.0000,0.0000,0.0000,1
2.103,23,30,7,1504,1500,0.52,0.34,0.0000,0.0000,0.0000,1
2.122,21,29,7,1504,1500,0.52,0.34,0.0000,0.0000,0.0000,1
2.139,19,28,7,1503,1500,0.52,0.34,0.0000,0.0000,0.0000,1
2.156,17,27,7,1503,1500,0.11,0.15,0.0000,0.0000,0.0000,1
2.174,15,26,7,1503,1500,0.11,0.15,0.0000,0.0000,0.0000,1
2.192,13,26,7,1502,1500,0.11,0.15,0.0000,0.0000,0.0000,1
2.209,12,25,7,1502,1500,0.11,0.15,0.0000,0.0000,0.0000,1
2.227,10,24,6,1502,1500,0.11,0.15,0.0000,0.0000,0.0000,1
2.244,9,23,6,1501,1500,0.11,0.15,0.0000,0.0000,0.0000,1
2.261,8,21,6,1501,1500,0.11,0.15,0.0000,0.0000,0.0000,1
2.278,7,20,5,1501,1500,0.11,0.15,0.0000,0.0000,0.0000,1
2.296,6,19,6,1501,1500,0.11,0.15,0.0000,0.0000,0.0000,1
2.313,5,17,6,1501,1500,0.11,0.15,0.0000,0.0000,0.0000,1
2.330,4,15,6,1500,1500,0.11,0.15,0.0000,0.0000,0.0000,1
2.350,4,14,5,1500,1500,0.11,0.15,0.0000,0.0000,0.0000,1
2.368,4,13,5,1500,1500,0.11,0.15,0.0000,0.0000,0.0000,1
2.386,4,12,4,1500,1500,0.11,0.15,0.0000,0.0000,0.0000,1
2.404,4,11,4,1500,1500,-0.01,-0.87,0.0000,0.0000,0.0000,1
2.422,3,10,5,1500,1500,-0.01,-0.87,0.0000,0.0000,0.0000,1
2.439,4,9,5,1500,1500,-0.01,-0.87,0.0000,0.0000,0.0000,1
2.457,4,9,5,1500,1500,-0.01,-0.87,0.0000,0.0000,0.0000,1
2.474,4,9,4,1500,1500,-0.01,-0.87,0.0000,0.0000,0.0000,1
2.494,6,9,4,1501,1500,-0.01,-0.87,0.0000,0.0000,0.0000,1
2.511,6,9,3,1501,1500,-0.01,-0.87,0.0000,0.0000,0.0000,1
2.529,8,9,4,1501,1500,-0.01,-0.87,0.0000,0.0000,0.0000,1
2.549,9,9,3,1501,1500,-0.01,-0.87,0.0000,0.0000,0.0000,1
2.568,10,9,3,1502,1500,-0.01,-0.87,0.0000,0.0000,0.0000,1
2.586,12,9,3,1502,1500,-0.01,-0.87,0.0000,0.0000,0.0000,1
2.603,13,9,2,1502,1500,-0.01,-0.87,0.0000,0.0000,0.0000,1
2.621,13,10,3,1502,1500,-0.01,-0.87,0.0000,0.0000,0.0000,1
2.638,13,9,3,1502,1500,-0.01,-0.87,0.0000,0.0000,0.0000,1
2.657,13,9,3,1502,1500,-0.20,-0.92,0.0000,0.0000,0.0000,1
2.677,12,8,2,1502,1500,-0.20,-0.92,0.0000,0.0000,0.0000,1
2.694,12,7,3,1502,1500,-0.20,-0.92,0.0000,0.0000,0.0000,1
2.712,11,6,2,1502,1500,-0.20,-0.92,0.0000,0.0000,0.0000,1
2.730,11,6,1,1502,1500,-0.20,-0.92,0.0000,0.0000,0.0000,1
2.747,10,6,2,1502,1500,-0.20,-0.92,0.0000,0.0000,0.0000,1
2.764,9,6,2,1501,1500,-0.20,-0.92,0.0000,0.0000,0.0000,1
2.782,8,5,1,1501,1500,-0.20,-0.92,0.0000,0.0000,0.0000,1
2.799,8,5,1,1501,1500,-0.20,-0.92,0.0000,0.0000,0.0000,1
2.816,7,5,1,1501,1500,-0.20,-0.92,0.0000,0.0000,0.0000,1
2.834,7,5,1,1501,1500,-0.20,-0.92,0.0000,0.0000,0.0000,1
2.853,5,5,0,1501,1500,-0.20,-0.92,0.0000,0.0000,0.0000,1
2.871,5,5,0,1501,1500,-0.20,-0.92,0.0000,0.0000,0.0000,1
2.888,3,5,1,1500,1500,-0.20,-0.92,0.0000,0.0000,0.0000,1
2.905,2,5,0,1500,1500,-0.14,-1.24,0.0000,0.0000,0.0000,1
2.924,1,4,0,1500,1500,-0.14,-1.24,0.0000,0.0000,0.0000,1
2.944,0,4,0,1500,1500,-0.14,-1.24,0.0000,0.0000,0.0000,1
2.962,0,4,0,1500,1500,-0.14,-1.24,0.0000,0.0000,0.0000,1
2.979,0,5,0,1500,1500,-0.14,-1.24,0.0000,0.0000,0.0000,1
2.997,0,5,0,1500,1500,-0.14,-1.24,0.0000,0.0000,0.0000,1
3.014,0,5,-1,1500,1500,-0.14,-1.24,0.0000,0.0000,0.0000,1
3.032,0,5,0,1500,1500,-0.14,-1.24,0.0000,0.0000,0.0000,1
3.049,0,5,0,1500,1500,-0.14,-1.24,0.0000,0.0000,0.0000,1
3.066,0,5,-1,1500,1500,-0.14,-1.24,0.0000,0.0000,0.0000,1
3.084,1,6,0,1500,1500,-0.14,-1.24,0.0000,0.0000,0.0000,1
3.102,2,6,-1,1500,1500,-0.14,-1.24,0.0000,0.0000,0.0000,1
3.120,3,6,-1,1500,1500,-0.14,-1.24,0.0000,0.0000,0.0000,1
3.138,5,6,-1,1501,1500,-0.14,-1.24,0.0000,0.0000,0.0000,1
3.156,5,6,-1,1501,1500,-0.14,-1.18,0.0000,0.0000,0.0000,1
3.173,6,6,-1,1501,1500,-0.14,-1.18,0.0000,0.0000,0.0000,1
3.192,8,7,-1,1501,1500,-0.14,-1.18,0.0000,0.0000,0.0000,1
3.210,10,7,-2,1502,1500,-0.14,-1.18,0.0000,0.0000,0.0000,1
3.228,13,8,-1,1502,1500,-0.14,-1.18,0.0000,0.0000,0.0000,1
3.246,15,8,-2,1503,1500,-0.14,-1.18,0.0000,0.0000,0.0000,1
3.263,17,8,-2,1503,1500,-0.14,-1.18,0.0000,0.0000,0.0000,1
3.281,18,9,-1,1503,1500,-0.14,-1.18,0.0000,0.0000,0.0000,1
3.298,19,9,-1,1503,1500,-0.14,-1.18,0.0000,0.0000,0.0000,1
3.316,20,9,-2,1504,1500,-0.14,-1.18,0.0000,0.0000,0.0000,1
3.333,21,9,-1,1504,1500,-0.14,-1.18,0.0000,0.0000,0.0000,1
3.350,22,9,-1,1504,1500,-0.14,-1.18,0.0000,0.0000,0.0000,1
3.367,23,8,-2,1504,1500,-0.14,-1.18,0.0000,0.0000,0.0000,1
3.384,25,8,-1,1505,1500,-0.14,-1.18,0.0000,0.0000,0.0000,1
3.402,25,8,-1,1505,1500,0.24,-1.13,0.0000,0.0000,0.0000,1
3.422,26,7,-2,1505,1500,0.24,-1.13,0.0000,0.0000,0.0000,1
3.439,26,7,-1,1505,1500,0.24,-1.13,0.0000,0.0000,0.0000,1
3.461,27,6,-2,1505,1500,0.24,-1.13,0.0000,0.0000,0.0000,1
3.485,28,5,-1,1505,1500,0.24,-1.13,0.0000,0.0000,0.0000,1
3.503,29,5,-1,1505,1500,0.24,-1.13,0.0000,0.0000,0.0000,1
3.521,29,4,-1,1505,1500,0.24,-1.13,0.0000,0.0000,0.0000,1
3.538,30,4,-1,1506,1500,0.24,-1.13,0.0000,0.0000,0.0000,1
3.555,30,5,-2,1506,1500,0.24,-1.13,0.0000,0.0000,0.0000,1
3.572,31,5,-1,1506,1500,0.24,-1.13,0.0000,0.0000,0.0000,1
3.589,31,5,-1,1506,1500,0.24,-1.13,0.0000,0.0000,0.0000,1
3.607,32,5,-2,1506,1500,0.24,-1.13,0.0000,0.0000,0.0000,1
3.624,32,5,-1,1506,1500,0.24,-1.13,0.0000,0.0000,0.0000,1
3.641,33,5,-1,1506,1500,0.24,-1.13,0.0000,0.0000,0.0000,1
3.659,33,6,-1,1506,1500,0.69,-1.12,0.0000,0.0000,0.0000,1
3.676,33,6,-1,1506,1500,0.69,-1.12,0.0000,0.0000,0.0000,1
3.693,33,6,-1,1506,1500,0.69,-1.12,0.0000,0.0000,0.0000,1
3.711,34,6,-2,1506,1500,0.69,-1.12,0.0000,0.0000,0.0000,1
3.728,35,6,-1,1507,1500,0.69,-1.12,0.0000,0.0000,0.0000,1
3.745,35,7,-1,1507,1500,0.69,-1.12,0.0000,0.0000,0.0000,1
3.765,37,7,-1,1507,1500,0.69,-1.12,0.0000,0.0000,0.0000,1
3.783,37,7,-1,1507,1500,0.69,-1.12,0.0000,0.0000,0.0000,1
3.800,38,7,-1,1507,1500,0.69,-1.12,0.0000,0.0000,0.0000,1
3.818,39,5,-1,1507,1500,0.69,-1.12,0.0000,0.0000,0.0000,1
3.836,39,5,-1,1507,1500,0.69,-1.12,0.0000,0.0000,0.0000,1
3.853,39,4,-1,1507,1500,0.69,-1.12,0.0000,0.0000,0.0000,1
3.870,40,3,-1,1508,1500,0.69,-1.12,0.0000,0.0000,0.0000,1
3.887,40,2,-1,1508,1500,0.69,-1.12,0.0000,0.0000,0.0000,1
3.905,40,2,-1,1508,1500,0.68,-1.17,0.0000,0.0000,0.0000,1
3.923,40,1,-1,1508,1500,0.68,-1.17,0.0000,0.0000,0.0000,1
3.941,41,0,0,1508,1500,0.68,-1.17,0.0000,0.0000,0.0000,1
3.960,41,-2,0,1508,1500,0.68,-1.17,0.0000,0.0000,0.0000,1
3.978,41,-3,0,1508,1500,0.68,-1.17,0.0000,0.0000,0.0000,1
3.996,41,-3,0,1508,1500,0.68,-1.17,0.0000,0.0000,0.0000,1
4.013,41,-3,0,1508,1500,0.68,-1.17,0.0000,0.0000,0.0000,1
4.030,40,-2,-1,1508,1500,0.68,-1.17,0.0000,0.0000,0.0000,1
4.048,40,-1,0,1508,1500,0.68,-1.17,0.0000,0.0000,0.0000,1
4.066,39,-1,0,1507,1500,0.68,-1.17,0.0000,0.0000,0.0000,1
4.083,37,0,0,1507,1500,0.68,-1.17,0.0000,0.0000,0.0000,1
4.100,37,0,0,1507,1500,0.68,-1.17,0.0000,0.0000,0.0000,1
4.118,35,0,0,1507,1500,0.68,-1.17,0.0000,0.0000,0.0000,1
4.136,35,0,0,1507,1500,0.68,-1.17,0.0000,0.0000,0.0000,1
4.154,33,0,0,1506,1500,0.27,-0.69,0.0000,0.0000,0.0000,1
4.173,31,0,0,1506,1500,0.27,-0.69,0.0000,0.0000,0.0000,1
4.192,30,0,-1,1506,1500,0.27,-0.69,0.0000,0.0000,0.0000,1
4.210,29,0,-1,1505,1500,0.27,-0.69,0.0000,0.0000,0.0000,1
4.228,28,-1,0,1505,1500,0.27,-0.69,0.0000,0.0000,0.0000,1
4.246,25,-2,0,1505,1500,0.27,-0.69,0.0000,0.0000,0.0000,1
4.263,24,-3,0,1504,1500,0.27,-0.69,0.0000,0.0000,0.0000,1
4.281,23,-4,0,1504,1500,0.27,-0.69,0.0000,0.0000,0.0000,1
4.302,23,-4,0,1504,1500,0.27,-0.69,0.0000,0.0000,0.0000,1
4.319,21,-6,0,1504,1500,0.27,-0.69,0.0000,0.0000,0.0000,1
4.337,20,-7,0,1504,1500,0.27,-0.69,0.0000,0.0000,0.0000,1
4.355,20,-8,1,1504,1500,0.27,-0.69,0.0000,0.0000,0.0000,1
4.373,19,-8,1,1503,1500,0.27,-0.69,0.0000,0.0000,0.0000,1
4.390,18,-9,2,1503,1500,0.27,-0.69,0.0000,0.0000,0.0000,1
4.407,18,-10,1,1503,1500,0.48,-0.92,0.0000,0.0000,0.0000,1
4.426,17,-11,2,1503,1500,0.48,-0.92,0.0000,0.0000,0.0000,1
4.444,16,-11,2,1503,1500,0.48,-0.92,0.0000,0.0000,0.0000,1
4.462,16,-12,2,1503,1500,0.48,-0.92,0.0000,0.0000,0.0000,1
4.480,15,-13,1,1503,1500,0.48,-0.92,0.0000,0.0000,0.0000,1
4.498,14,-13,2,1502,1500,0.48,-0.92,0.0000,0.0000,0.0000,1
4.515,14,-13,2,1502,1500,0.48,-0.92,0.0000,0.0000,0.0000,1
4.532,14,-13,2,1502,1500,0.48,-0.92,0.0000,0.0000,0.0000,1
4.550,13,-13,2,1502,1500,0.48,-0.92,0.0000,0.0000,0.0000,1
4.567,14,-12,2,1502,1500,0.48,-0.92,0.0000,0.0000,0.0000,1
4.585,14,-11,2,1502,1500,0.48,-0.92,0.0000,0.0000,0.0000,1
4.602,14,-11,2,1502,1500,0.48,-0.92,0.0000,0.0000,0.0000,1
4.621,13,-10,3,1502,1500,0.48,-0.92,0.0000,0.0000,0.0000,1
4.640,13,-10,3,1502,1500,0.48,-0.92,0.0000,0.0000,0.0000,1
4.657,13,-10,3,1502,1500,0.11,-0.47,0.0000,0.0000,0.0000,1
4.675,13,-10,3,1502,1500,0.11,-0.47,0.0000,0.0000,0.0000,1
4.693,13,-10,2,1502,1500,0.11,-0.47,0.0000,0.0000,0.0000,1
4.710,12,-10,3,1502,1500,0.11,-0.47,0.0000,0.0000,0.0000,1
4.728,12,-10,4,1502,1500,0.11,-0.47,0.0000,0.0000,0.0000,1
4.745,12,-11,3,1502,1500,0.11,-0.47,0.0000,0.0000,0.0000,1
4.763,12,-11,4,1502,1500,0.11,-0.47,0.0000,0.0000,0.0000,1
4.780,12,-11,4,1502,1500,0.11,-0.47,0.0000,0.0000,0.0000,1
4.798,12,-11,5,1502,1500,0.11,-0.47,0.0000,0.0000,0.0000,1
4.815,12,-12,4,1502,1500,0.11,-0.47,0.0000,0.0000,0.0000,1
4.835,13,-12,5,1502,1500,0.11,-0.47,0.0000,0.0000,0.0000,1
4.853,13,-13,5,1502,1500,0.11,-0.47,0.0000,0.0000,0.0000,1
4.870,13,-13,6,1502,1500,0.11,-0.47,0.0000,0.0000,0.0000,1
4.887,13,-13,6,1502,1500,0.11,-0.47,0.0000,0.0000,0.0000,1
4.904,13,-13,6,1502,1500,-0.10,-0.67,0.0000,0.0000,0.0000,1
4.923,12,-13,6,1502,1500,-0.10,-0.67,0.0000,0.0000,0.0000,1
4.941,12,-13,7,1502,1500,-0.10,-0.67,0.0000,0.0000,0.0000,1
4.959,11,-13,7,1502,1500,-0.10,-0.67,0.0000,0.0000,0.0000,1
4.976,11,-13,7,1502,1500,-0.10,-0.67,0.0000,0.0000,0.0000,1
4.995,10,-13,7,1502,1500,-0.10,-0.67,0.0000,0.0000,0.0000,1
5.013,9,-13,7,1501,1500,-0.10,-0.67,0.0000,0.0000,0.0000,1
5.031,9,-13,8,1501,1500,-0.10,-0.67,0.0000,0.0000,0.0000,1
5.048,7,-14,7,1501,1500,-0.10,-0.67,0.0000,0.0000,0.0000,1
5.065,6,-15,7,1501,1500,-0.10,-0.67,0.0000,0.0000,0.0000,1
5.083,5,-16,8,1501,1500,-0.10,-0.67,0.0000,0.0000,0.0000,1
5.100,3,-17,8,1500,1500,-0.10,-0.67,0.0000,0.0000,0.0000,1
5.118,2,-17,8,1500,1500,-0.10,-0.67,0.0000,0.0000,0.0000,1
5.135,2,-17,8,1500,1500,-0.10,-0.67,0.0000,0.0000,0.0000,1
5.152,0,-18,9,1500,1500,-0.00,-1.07,0.0000,0.0000,0.0000,1
5.175,0,-18,9,1500,1500,-0.00,-1.07,0.0000,0.0000,0.0000,1
5.197,-3,-19,10,1500,1501,-0.00,-1.07,0.0000,0.0000,0.0000,1
5.214,-5,-19,10,1499,1501,-0.00,-1.07,0.0000,0.0000,0.0000,1
5.233,-6,-20,10,1499,1501,-0.00,-1.07,0.0000,0.0000,0.0000,1
5.251,-8,-20,10,1499,1501,-0.00,-1.07,0.0000,0.0000,0.0000,1
5.268,-9,-20,11,1499,1501,-0.00,-1.07,0.0000,0.0000,0.0000,1
5.286,-11,-20,11,1498,1501,-0.00,-1.07,0.0000,0.0000,0.0000,1
5.304,-14,-21,11,1498,1501,-0.00,-1.07,0.0000,0.0000,0.0000,1
5.321,-16,-21,11,1497,1501,-0.00,-1.07,0.0000,0.0000,0.0000,1
5.339,-17,-21,12,1497,1501,-0.00,-1.07,0.0000,0.0000,0.0000,1
5.356,-19,-21,13,1497,1501,-0.00,-1.07,0.0000,0.0000,0.0000,1
5.373,-20,-20,13,1496,1501,-0.00,-1.07,0.0000,0.0000,0.0000,1
5.390,-20,-20,13,1496,1501,-0.00,-1.07,0.0000,0.0000,0.0000,1
5.407,-21,-19,13,1496,1501,-0.16,-1.11,0.0000,0.0000,0.0000,1
5.425,-21,-18,14,1496,1501,-0.16,-1.11,0.0000,0.0000,0.0000,1
5.442,-21,-17,14,1496,1501,-0.16,-1.11,0.0000,0.0000,0.0000,1
5.459,-21,-17,14,1496,1501,-0.16,-1.11,0.0000,0.0000,0.0000,1
5.477,-20,-15,14,1496,1501,-0.16,-1.11,0.0000,0.0000,0.0000,1
5.494,-20,-13,14,1496,1501,-0.16,-1.11,0.0000,0.0000,0.0000,1
5.511,-20,-12,15,1496,1501,-0.16,-1.11,0.0000,0.0000,0.0000,1
5.530,-20,-11,16,1496,1501,-0.16,-1.11,0.0000,0.0000,0.0000,1
5.548,-21,-10,16,1496,1501,-0.16,-1.11,0.0000,0.0000,0.0000,1
5.567,-22,-8,16,1496,1501,-0.16,-1.11,0.0000,0.0000,0.0000,1
5.585,-22,-8,16,1496,1501,-0.16,-1.11,0.0000,0.0000,0.0000,1
5.603,-23,-6,17,1496,1501,-0.16,-1.11,0.0000,0.0000,0.0000,1
5.621,-23,-5,18,1496,1501,-0.16,-1.11,0.0000,0.0000,0.0000,1
5.639,-23,-5,18,1496,1501,-0.16,-1.11,0.0000,0.0000,0.0000,1
5.656,-23,-4,18,1496,1501,-0.76,-0.24,0.0000,0.0000,0.0000,1
5.674,-24,-3,18,1496,1501,-0.76,-0.24,0.0000,0.0000,0.0000,1
5.693,-24,-2,19,1496,1501,-0.76,-0.24,0.0000,0.0000,0.0000,1
5.711,-24,-1,19,1496,1501,-0.76,-0.24,0.0000,0.0000,0.0000,1
5.729,-23,0,20,1496,1502,-0.76,-0.24,0.0000,0.0000,0.0000,1
5.746,-23,1,19,1496,1501,-0.76,-0.24,0.0000,0.0000,0.0000,1
5.764,-23,1,19,1496,1501,-0.76,-0.24,0.0000,0.0000,0.0000,1
5.781,-22,2,20,1496,1502,-0.76,-0.24,0.0000,0.0000,0.0000,1
5.799,-21,3,21,1496,1502,-0.76,-0.24,0.0000,0.0000,0.0000,1
5.816,-21,3,22,1496,1502,-0.76,-0.24,0.0000,0.0000,0.0000,1
5.833,-20,4,21,1496,1502,-0.76,-0.24,0.0000,0.0000,0.0000,1
5.851,-20,4,22,1496,1502,-0.76,-0.24,0.0000,0.0000,0.0000,1
5.868,-20,4,22,1496,1502,-0.76,-0.24,0.0000,0.0000,0.0000,1
5.886,-18,6,23,1497,1502,-0.76,-0.24,0.0000,0.0000,0.0000,1
5.904,-18,7,23,1497,1502,-0.92,0.49,0.0000,0.0000,0.0000,1
5.922,-18,7,23,1497,1502,-0.92,0.49,0.0000,0.0000,0.0000,1
5.939,-18,8,23,1497,1502,-0.92,0.49,0.0000,0.0000,0.0000,1
5.957,-17,9,23,1497,1502,-0.92,0.49,0.0000,0.0000,0.0000,1
5.974,-16,10,24,1497,1502,-0.92,0.49,0.0000,0.0000,0.0000,1
5.991,-16,11,24,1497,1502,-0.92,0.49,0.0000,0.0000,0.0000,1
6.009,-15,11,24,1497,1502,-0.92,0.49,0.0000,0.0000,0.0000,1
6.027,-15,12,25,1497,1502,-0.92,0.49,0.0000,0.0000,0.0000,1
6.045,-14,13,25,1498,1502,-0.92,0.49,0.0000,0.0000,0.0000,1
6.063,-13,14,25,1498,1502,-0.92,0.49,0.0000,0.0000,0.0000,1
6.080,-12,15,26,1498,1502,-0.92,0.49,0.0000,0.0000,0.0000,1
6.099,-11,16,25,1498,1502,-0.92,0.49,0.0000,0.0000,0.0000,1
6.117,-11,17,26,1498,1502,-0.92,0.49,0.0000,0.0000,0.0000,1
6.134,-10,16,26,1498,1502,-0.92,0.49,0.0000,0.0000,0.0000,1
6.152,-9,16,26,1499,1502,-0.86,1.13,0.0000,0.0000,0.0000,1
6.169,-7,17,27,1499,1502,-0.86,1.13,0.0000,0.0000,0.0000,1
6.188,-7,17,27,1499,1502,-0.86,1.13,0.0000,0.0000,0.0000,1
6.205,-6,16,27,1499,1502,-0.86,1.13,0.0000,0.0000,0.0000,1
6.222,-5,15,27,1499,1502,-0.86,1.13,0.0000,0.0000,0.0000,1
6.240,-5,14,27,1499,1502,-0.86,1.13,0.0000,0.0000,0.0000,1
6.257,-4,13,27,1500,1502,-0.86,1.13,0.0000,0.0000,0.0000,1
6.274,-4,12,27,1500,1502,-0.86,1.13,0.0000,0.0000,0.0000,1
6.292,-3,11,28,1500,1502,-0.86,1.13,0.0000,0.0000,0.0000,1
6.311,-4,9,28,1500,1502,-0.86,1.13,0.0000,0.0000,0.0000,1
6.328,-4,8,28,1500,1502,-0.86,1.13,0.0000,0.0000,0.0000,1
6.346,-3,7,28,1500,1502,-0.86,1.13,0.0000,0.0000,0.0000,1
6.363,-3,6,28,1500,1502,-0.86,1.13,0.0000,0.0000,0.0000,1
6.381,-1,5,28,1500,1502,-0.86,1.13,0.0000,0.0000,0.0000,1
6.398,-1,5,28,1500,1502,-0.37,0.47,0.0000,0.0000,0.0000,1
6.415,0,5,28,1500,1502,-0.37,0.47,0.0000,0.0000,0.0000,1
6.433,1,5,29,1500,1502,-0.37,0.47,0.0000,0.0000,0.0000,1
6.450,4,5,28,1500,1502,-0.37,0.47,0.0000,0.0000,0.0000,1
6.467,4,5,28,1500,1502,-0.37,0.47,0.0000,0.0000,0.0000,1
6.488,7,4,29,1501,1502,-0.37,0.47,0.0000,0.0000,0.0000,1
6.505,9,3,28,1501,1502,-0.37,0.47,0.0000,0.0000,0.0000,1
6.524,10,3,28,1502,1502,-0.37,0.47,0.0000,0.0000,0.0000,1
6.541,12,2,28,1502,1502,-0.37,0.47,0.0000,0.0000,0.0000,1
6.560,13,2,27,1502,1502,-0.37,0.47,0.0000,0.0000,0.0000,1
6.577,15,1,28,1503,1502,-0.37,0.47,0.0000,0.0000,0.0000,1
6.595,16,0,27,1503,1502,-0.37,0.47,0.0000,0.0000,0.0000,1
6.612,18,-1,27,1503,1502,-0.37,0.47,0.0000,0.0000,0.0000,1
6.629,19,-2,27,1503,1502,-0.37,0.47,0.0000,0.0000,0.0000,1
6.647,21,-3,27,1504,1502,-0.61,0.05,0.0000,0.0000,0.0000,1
6.664,24,-4,27,1504,1502,-0.61,0.05,0.0000,0.0000,0.0000,1
6.682,25,-5,27,1505,1502,-0.61,0.05,0.0000,0.0000,0.0000,1
6.700,27,-5,27,1505,1502,-0.61,0.05,0.0000,0.0000,0.0000,1
6.717,29,-5,27,1505,1502,-0.61,0.05,0.0000,0.0000,0.0000,1
6.735,31,-5,28,1506,1502,-0.61,0.05,0.0000,0.0000,0.0000,1
6.752,33,-5,28,1506,1502,-0.61,0.05,0.0000,0.0000,0.0000,1
6.769,35,-6,28,1507,1502,-0.61,0.05,0.0000,0.0000,0.0000,1
6.786,36,-6,27,1507,1502,-0.61,0.05,0.0000,0.0000,0.0000,1
6.803,38,-5,28,1507,1502,-0.61,0.05,0.0000,0.0000,0.0000,1
6.820,40,-5,27,1508,1502,-0.61,0.05,0.0000,0.0000,0.0000,1
6.837,42,-5,27,1508,1502,-0.61,0.05,0.0000,0.0000,0.0000,1
6.854,44,-5,27,1508,1502,-0.61,0.05,0.0000,0.0000,0.0000,1
6.874,46,-4,27,1509,1502,-0.61,0.05,0.0000,0.0000,0.0000,1
6.891,47,-4,27,1509,1502,0.37,0.14,0.0000,0.0000,0.0000,1
6.908,48,-4,27,1509,1502,0.37,0.14,0.0000,0.0000,0.0000,1
6.926,49,-3,26,1509,1502,0.37,0.14,0.0000,0.0000,0.0000,1
6.948,51,-3,26,1515,1502,0.37,0.14,0.0000,0.0000,0.0000,1
6.965,52,-4,26,1515,1502,0.37,0.14,0.0000,0.0000,0.0000,1
6.983,53,-4,26,1515,1502,0.37,0.14,0.0000,0.0000,0.0000,1
7.001,54,-5,26,1516,1502,0.37,0.14,0.0000,0.0000,0.0000,1
7.018,55,-5,26,1516,1502,0.37,0.14,0.0000,0.0000,0.0000,1
7.035,56,-6,26,1516,1502,0.37,0.14,0.0000,0.0000,0.0000,1
7.052,57,-7,26,1517,1502,0.37,0.14,0.0000,0.0000,0.0000,1
7.070,58,-8,26,1517,1502,0.37,0.14,0.0000,0.0000,0.0000,1
7.088,58,-9,25,1517,1502,0.37,0.14,0.0000,0.0000,0.0000,1
7.105,59,-9,25,1517,1502,0.37,0.14,0.0000,0.0000,0.0000,1
7.122,59,-10,25,1517,1502,0.37,0.14,0.0000,0.0000,0.0000,1
7.139,60,-11,25,1518,1502,0.92,-0.14,0.0000,0.0000,0.0000,1
7.157,60,-12,25,1518,1502,0.92,-0.14,0.0000,0.0000,0.0000,1
7.174,61,-14,25,1518,1502,0.92,-0.14,0.0000,0.0000,0.0000,0
0.018,61,-15,24,1518,1502,0.92,-0.14,0.0000,0.0000,0.0000,0
0.037,62,-16,24,1518,1502,0.92,-0.14,0.0000,0.0000,0.0000,0
0.055,64,-18,24,1519,1502,0.92,-0.14,0.0000,0.0000,0.0000,0
0.073,65,-19,24,1519,1502,0.92,-0.14,0.0000,0.0000,0.0000,0
0.091,66,-20,24,1519,1502,0.92,-0.14,0.0000,0.0000,0.0000,0
0.109,67,-20,24,1520,1502,0.92,-0.14,0.0000,0.0000,0.0000,0
0.127,67,-21,23,1520,1502,0.92,-0.14,0.0000,0.0000,0.0000,0
0.145,68,-22,23,1520,1502,0.92,-0.14,0.0000,0.0000,0.0000,0
0.163,69,-21,22,1520,1502,0.92,-0.14,0.0000,0.0000,0.0000,0
0.181,70,-21,22,1521,1502,0.92,-0.14,0.0000,0.0000,0.0000,0
0.199,72,-21,22,1521,1502,0.92,-0.14,0.0000,0.0000,0.0000,0
0.216,73,-20,22,1521,1502,0.92,-0.22,0.0000,0.0000,0.0000,0
0.233,75,-20,22,1522,1502,0.92,-0.22,0.0000,0.0000,0.0000,0
0.250,76,-19,22,1522,1502,0.92,-0.22,0.0000,0.0000,0.0000,0
0.267,78,-19,23,1523,1502,0.92,-0.22,0.0000,0.0000,0.0000,0
0.285,80,-18,23,1524,1502,0.92,-0.22,0.0000,0.0000,0.0000,0
0.303,82,-17,23,1524,1502,0.92,-0.22,0.0000,0.0000,0.0000,0
0.320,84,-16,23,1525,1502,0.92,-0.22,0.0000,0.0000,0.0000,0
0.338,86,-16,22,1525,1502,0.92,-0.22,0.0000,0.0000,0.0000,0
0.356,88,-16,22,1526,1502,0.92,-0.22,0.0000,0.0000,0.0000,0
0.376,91,-14,22,1527,1502,0.92,-0.22,0.0000,0.0000,0.0000,0
0.394,92,-14,22,1527,1502,0.92,-0.22,0.0000,0.0000,0.0000,0
0.412,93,-14,21,1527,1502,0.92,-0.22,0.0000,0.0000,0.0000,0
0.429,94,-14,21,1528,1502,0.92,-0.22,0.0000,0.0000,0.0000,0
0.446,95,-14,22,1528,1502,0.92,-0.22,0.0000,0.0000,0.0000,0
0.464,96,-15,22,1528,1502,0.26,0.17,0.0000,0.0000,0.0000,0
0.481,97,-16,22,1529,1502,0.26,0.17,0.0000,0.0000,0.0000,0
0.498,97,-16,22,1529,1502,0.26,0.17,0.0000,0.0000,0.0000,0
0.516,99,-17,22,1529,1502,0.26,0.17,0.0000,0.0000,0.0000,0
0.534,100,-19,21,1530,1502,0.26,0.17,0.0000,0.0000,0.0000,0
0.551,101,-20,21,1530,1502,0.26,0.17,0.0000,0.0000,0.0000,0
0.569,102,-20,20,1530,1502,0.26,0.17,0.0000,0.0000,0.0000,0
0.586,104,-21,21,1530,1502,0.26,0.17,0.0000,0.0000,0.0000,0
0.603,106,-21,21,1530,1502,0.26,0.17,0.0000,0.0000,0.0000,0
0.620,107,-22,21,1530,1502,0.26,0.17,0.0000,0.0000,0.0000,0
0.637,109,-22,21,1530,1502,0.26,0.17,0.0000,0.0000,0.0000,0
0.655,112,-23,20,1530,1502,0.26,0.17,0.0000,0.0000,0.0000,0
0.672,113,-24,20,1530,1502,0.26,0.17,0.0000,0.0000,0.0000,0
0.690,113,-24,20,1530,1502,0.26,0.17,0.0000,0.0000,0.0000,0
0.711,117,-25,20,1530,1502,0.26,0.17,0.0000,0.0000,0.0000,0
0.732,118,-26,19,1530,1501,0.15,-0.16,0.0000,0.0000,0.0000,0
0.750,120,-26,20,1530,1502,0.15,-0.16,0.0000,0.0000,0.0000,0
0.768,121,-26,19,1530,1501,0.15,-0.16,0.0000,0.0000,0.0000,0
0.785,121,-26,19,1530,1501,0.15,-0.16,0.0000,0.0000,0.0000,0
0.802,123,-26,19,1530,1501,0.15,-0.16,0.0000,0.0000,0.0000,0
0.819,123,-26,18,1530,1501,0.15,-0.16,0.0000,0.0000,0.0000,0
0.837,125,-26,19,1530,1501,0.15,-0.16,0.0000,0.0000,0.0000,0
0.854,126,-26,18,1530,1501,0.15,-0.16,0.0000,0.0000,0.0000,0
0.872,126,-25,18,1530,1501,0.15,-0.16,0.0000,0.0000,0.0000,0
0.892,127,-23,18,1530,1501,0.15,-0.16,0.0000,0.0000,0.0000,0
0.909,127,-23,17,1530,1501,0.15,-0.16,0.0000,0.0000,0.0000,0
0.926,126,-24,18,1530,1501,0.15,-0.16,0.0000,0.0000,0.0000,0
0.943,126,-24,17,1530,1501,0.15,-0.16,0.0000,0.0000,0.0000,0
0.960,126,-25,16,1530,1501,0.15,-0.16,0.0000,0.0000,0.0000,0
0.977,125,-26,15,1530,1501,0.07,-0.19,0.0000,0.0000,0.0000,0
0.995,125,-26,17,1530,1501,0.07,-0.19,0.0000,0.0000,0.0000,0
1.012,125,-27,16,1530,1501,0.07,-0.19,0.0000,0.0000,0.0000,0
1.030,124,-28,15,1530,1501,0.07,-0.19,0.0000,0.0000,0.0000,0
1.048,124,-30,15,1530,1501,0.07,-0.19,0.0000,0.0000,0.0000,0
1.065,123,-30,15,1530,1501,0.07,-0.19,0.0000,0.0000,0.0000,0
1.083,123,-32,15,1530,1501,0.07,-0.19,0.0000,0.0000,0.0000,0
1.101,123,-32,14,1530,1501,0.07,-0.19,0.0000,0.0000,0.0000,0
1.118,123,-34,14,1530,1501,0.07,-0.19,0.0000,0.0000,0.0000,0
1.137,122,-34,13,1530,1501,0.07,-0.19,0.0000,0.0000,0.0000,0
1.155,122,-36,14,1530,1501,0.07,-0.19,0.0000,0.0000,0.0000,0
1.173,122,-37,14,1530,1501,0.07,-0.19,0.0000,0.0000,0.0000,0
1.190,121,-38,14,1530,1501,0.07,-0.19,0.0000,0.0000,0.0000,0
1.207,121,-39,13,1530,1501,0.07,-0.19,0.0000,0.0000,0.0000,0
1.226,121,-40,13,1530,1501,0.08,-1.01,0.0000,0.0000,0.0000,0
1.244,121,-40,13,1530,1501,0.08,-1.01,0.0000,0.0000,0.0000,0
1.261,121,-41,13,1530,1501,0.08,-1.01,0.0000,0.0000,0.0000,0
1.279,121,-42,12,1530,1501,0.08,-1.01,0.0000,0.0000,0.0000,0
1.296,120,-42,13,1530,1501,0.08,-1.01,0.0000,0.0000,0.0000,0
1.313,120,-42,13,1530,1501,0.08,-1.01,0.0000,0.0000,0.0000,0
1.330,120,-42,12,1530,1501,0.08,-1.01,0.0000,0.0000,0.0000,0
1.347,119,-42,12,1530,1501,0.08,-1.01,0.0000,0.0000,0.0000,0
1.365,119,-42,12,1530,1501,0.08,-1.01,0.0000,0.0000,0.0000,0
1.382,118,-42,11,1530,1501,0.08,-1.01,0.0000,0.0000,0.0000,0
1.399,118,-41,12,1530,1501,0.08,-1.01,0.0000,0.0000,0.0000,0
1.419,116,-40,11,1530,1501,0.08,-1.01,0.0000,0.0000,0.0000,0
1.438,115,-39,11,1530,1501,0.08,-1.01,0.0000,0.0000,0.0000,0
1.457,114,-39,11,1530,1501,0.08,-1.01,0.0000,0.0000,0.0000,0
1.474,112,-38,10,1530,1501,0.08,-0.89,0.0000,0.0000,0.0000,0
1.492,109,-36,10,1530,1501,0.08,-0.89,0.0000,0.0000,0.0000,0
1.510,108,-36,11,1530,1501,0.08,-0.89,0.0000,0.0000,0.0000,0
1.528,106,-37,10,1530,1501,0.08,-0.89,0.0000,0.0000,0.0000,0
1.546,104,-37,10,1530,1501,0.08,-0.89,0.0000,0.0000,0.0000,0
1.564,102,-36,10,1530,1501,0.08,-0.89,0.0000,0.0000,0.0000,0
1.581,100,-35,10,1530,1501,0.08,-0.89,0.0000,0.0000,0.0000,0
1.598,98,-35,10,1529,1501,0.08,-0.89,0.0000,0.0000,0.0000,0
1.616,95,-35,10,1528,1501,0.08,-0.89,0.0000,0.0000,0.0000,0
1.633,93,-34,10,1527,1501,0.08,-0.89,0.0000,0.0000,0.0000,0
1.651,90,-34,10,1527,1501,0.08,-0.89,0.0000,0.0000,0.0000,0
1.668,88,-34,10,1526,1501,0.08,-0.89,0.0000,0.0000,0.0000,0
1.686,85,-35,9,1525,1500,0.08,-0.89,0.0000,0.0000,0.0000,0
1.704,82,-36,10,1524,1501,0.08,-0.89,0.0000,0.0000,0.0000,0
1.723,76,-38,9,1522,1500,0.16,-1.15,0.0000,0.0000,0.0000,0
1.740,76,-38,9,1522,1500,0.16,-1.15,0.0000,0.0000,0.0000,0
1.758,73,-39,9,1521,1500,0.16,-1.15,0.0000,0.0000,0.0000,0
1.776,70,-40,9,1521,1500,0.16,-1.15,0.0000,0.0000,0.0000,0
1.793,67,-41,9,1520,1500,0.16,-1.15,0.0000,0.0000,0.0000,0
1.815,62,-42,9,1518,1500,0.16,-1.15,0.0000,0.0000,0.0000,0
1.838,59,-43,7,1517,1500,0.16,-1.15,0.0000,0.0000,0.0000,1
1.856,57,-43,9,1517,1500,0.16,-1.15,0.0000,0.0000,0.0000,1
1.877,52,-44,8,1515,1500,0.16,-1.15,0.0000,0.0000,0.0000,1
1.894,51,-44,9,1515,1500,0.16,-1.15,0.0000,0.0000,0.0000,1
1.911,49,-43,9,1509,1500,0.16,-1.15,0.0000,0.0000,0.0000,1
1.928,48,-43,8,1509,1500,0.16,-1.15,0.0000,0.0000,0.0000,1
1.945,47,-42,8,1509,1500,0.16,-1.15,0.0000,0.0000,0.0000,1
1.962,46,-42,8,1509,1500,-0.28,-1.55,0.0000,0.0000,0.0000,1
1.979,46,-40,8,1509,1500,-0.28,-1.55,0.0000,0.0000,0.0000,1
1.996,45,-39,8,1509,1500,-0.28,-1.55,0.0000,0.0000,0.0000,1
2.013,45,-37,9,1509,1500,-0.28,-1.55,0.0000,0.0000,0.0000,1
2.030,45,-36,9,1509,1500,-0.28,-1.55,0.0000,0.0000,0.0000,1
2.047,45,-35,8,1509,1500,-0.28,-1.55,0.0000,0.0000,0.0000,1
2.064,44,-33,9,1508,1500,-0.28,-1.55,0.0000,0.0000,0.0000,1
2.082,44,-32,9,1508,1500,-0.28,-1.55,0.0000,0.0000,0.0000,1
2.099,44,-31,8,1508,1500,-0.28,-1.55,0.0000,0.0000,0.0000,1
2.117,44,-30,9,1508,1500,-0.28,-1.55,0.0000,0.0000,0.0000,1
2.135,44,-29,9,1508,1500,-0.28,-1.55,0.0000,0.0000,0.0000,1
2.153,43,-28,9,1508,1500,-0.28,-1.55,0.0000,0.0000,0.0000,1
2.171,43,-27,9,1508,1500,-0.28,-1.55,0.0000,0.0000,0.0000,1
2.189,42,-26,9,1508,1500,-0.28,-1.55,0.0000,0.0000,0.0000,1
2.206,41,-25,9,1508,1500,-0.28,-1.55,0.0000,0.0000,0.0000,1
2.224,40,-25,9,1508,1500,-1.28,-0.96,0.0000,0.0000,0.0000,1
2.241,39,-25,10,1507,1501,-1.28,-0.96,0.0000,0.0000,0.0000,1
2.258,38,-25,9,1507,1500,-1.28,-0.96,0.0000,0.0000,0.0000,1
2.275,37,-24,9,1507,1500,-1.28,-0.96,0.0000,0.0000,0.0000,1
2.293,36,-24,9,1507,1500,-1.28,-0.96,0.0000,0.0000,0.0000,1
2.310,35,-23,9,1507,1500,-1.28,-0.96,0.0000,0.0000,0.0000,1
2.327,34,-23,9,1506,1500,-1.28,-0.96,0.0000,0.0000,0.0000,1
2.344,33,-23,9,1506,1500,-1.28,-0.96,0.0000,0.0000,0.0000,1
2.361,31,-23,10,1506,1501,-1.28,-0.96,0.0000,0.0000,0.0000,1
2.379,30,-23,10,1506,1501,-1.28,-0.96,0.0000,0.0000,0.0000,1
2.398,29,-23,10,1505,1501,-1.28,-0.96,0.0000,0.0000,0.0000,1
2.415,27,-23,10,1505,1501,-1.28,-0.96,0.0000,0.0000,0.0000,1
2.433,26,-23,10,1505,1501,-1.28,-0.96,0.0000,0.0000,0.0000,1
2.451,24,-24,11,1504,1501,-1.28,-0.96,0.0000,0.0000,0.0000,1
2.470,24,-24,11,1504,1501,-1.41,-1.07,0.0000,0.0000,0.0000,1
2.491,23,-24,10,1504,1501,-1.41,-1.07,0.0000,0.0000,0.0000,1
2.509,22,-24,11,1504,1501,-1.41,-1.07,0.0000,0.0000,0.0000,1
2.527,21,-24,11,1504,1501,-1.41,-1.07,0.0000,0.0000,0.0000,1
2.546,21,-22,11,1504,1501,-1.41,-1.07,0.0000,0.0000,0.0000,1
2.563,21,-21,11,1504,1501,-1.41,-1.07,0.0000,0.0000,0.0000,1
2.581,21,-20,11,1504,1501,-1.41,-1.07,0.0000,0.0000,0.0000,1
2.598,21,-19,11,1504,1501,-1.41,-1.07,0.0000,0.0000,0.0000,1
2.615,21,-18,12,1504,1501,-1.41,-1.07,0.0000,0.0000,0.0000,1
2.633,21,-17,12,1504,1501,-1.41,-1.07,0.0000,0.0000,0.0000,1
2.650,20,-17,12,1504,1501,-1.41,-1.07,0.0000,0.0000,0.0000,1
2.667,20,-16,12,1504,1501,-1.41,-1.07,0.0000,0.0000,0.0000,1
2.685,20,-16,12,1504,1501,-1.41,-1.07,0.0000,0.0000,0.0000,1
2.702,20,-16,12,1504,1501,-1.41,-1.07,0.0000,0.0000,0.0000,1
2.719,20,-15,12,1504,1501,-1.94,-0.60,0.0000,0.0000,0.0000,1
2.737,20,-15,12,1504,1501,-1.94,-0.60,0.0000,0.0000,0.0000,1
2.756,20,-16,13,1504,1501,-1.94,-0.60,0.0000,0.0000,0.0000,1
2.773,19,-17,12,1503,1501,-1.94,-0.60,0.0000,0.0000,0.0000,1
2.790,19,-17,13,1503,1501,-1.94,-0.60,0.0000,0.0000,0.0000,1
2.808,19,-18,13,1503,1501,-1.94,-0.60,0.0000,0.0000,0.0000,1
2.825,19,-18,13,1503,1501,-1.94,-0.60,0.0000,0.0000,0.0000,1
2.843,19,-18,13,1503,1501,-1.94,-0.60,0.0000,0.0000,0.0000,1
2.860,19,-18,13,1503,1501,-1.94,-0.60,0.0000,0.0000,0.0000,1
2.877,20,-17,13,1504,1501,-1.94,-0.60,0.0000,0.0000,0.0000,1
2.895,21,-17,14,1504,1501,-1.94,-0.60,0.0000,0.0000,0.0000,1
2.912,23,-16,13,1504,1501,-1.94,-0.60,0.0000,0.0000,0.0000,1
2.929,24,-15,13,1504,1501,-1.94,-0.60,0.0000,0.0000,0.0000,1
2.948,27,-14,13,1505,1501,-1.94,-0.60,0.0000,0.0000,0.0000,1
2.965,29,-12,13,1505,1501,-2.21,0.02,0.0000,0.0000,0.0000,1
2.983,32,-9,13,1506,1501,-2.21,0.02,0.0000,0.0000,0.0000,1
3.000,35,-7,14,1507,1501,-2.21,0.02,0.0000,0.0000,0.0000,1
3.018,38,-6,14,1507,1501,-2.21,0.02,0.0000,0.0000,0.0000,1
3.036,41,-3,14,1508,1501,-2.21,0.02,0.0000,0.0000,0.0000,1
3.053,44,-2,14,1508,1501,-2.21,0.02,0.0000,0.0000,0.0000,1
3.070,48,0,15,1509,1501,-2.21,0.02,0.0000,0.0000,0.0000,1
3.088,50,0,15,1510,1501,-2.21,0.02,0.0000,0.0000,0.0000,1
3.105,51,1,15,1515,1501,-2.21,0.02,0.0000,0.0000,0.0000,1
3.122,53,0,15,1515,1501,-2.21,0.02,0.0000,0.0000,0.0000,1
3.140,55,-1,15,1516,1501,-2.21,0.02,0.0000,0.0000,0.0000,1
3.157,57,-1,16,1517,1501,-2.21,0.02,0.0000,0.0000,0.0000,1
3.175,59,-2,16,1517,1501,-2.21,0.02,0.0000,0.0000,0.0000,1
3.193,61,-3,15,1518,1501,-2.21,0.02,0.0000,0.0000,0.0000,0
0.018,63,-4,14,1518,1501,-1.43,0.65,0.0000,0.0000,0.0000,0
0.035,66,-6,15,1519,1501,-1.43,0.65,0.0000,0.0000,0.0000,0
0.053,69,-7,15,1520,1501,-1.43,0.65,0.0000,0.0000,0.0000,0
0.072,72,-9,15,1521,1501,-1.43,0.65,0.0000,0.0000,0.0000,0
0.093,75,-10,16,1522,1501,-1.43,0.65,0.0000,0.0000,0.0000,0
0.110,79,-12,15,1523,1501,-1.43,0.65,0.0000,0.0000,0.0000,0
0.127,83,-13,15,1524,1501,-1.43,0.65,0.0000,0.0000,0.0000,0
0.146,91,-16,16,1527,1501,-1.43,0.65,0.0000,0.0000,0.0000,0
0.163,96,-18,16,1528,1501,-1.43,0.65,0.0000,0.0000,0.0000,0
0.180,100,-19,16,1530,1501,-1.43,0.65,0.0000,0.0000,0.0000,0
0.197,104,-21,16,1530,1501,-1.43,0.65,0.0000,0.0000,0.0000,0
0.214,109,-21,15,1530,1501,-1.43,0.65,0.0000,0.0000,0.0000,0
0.231,113,-23,16,1530,1501,-1.43,0.65,0.0000,0.0000,0.0000,0
0.249,118,-24,16,1530,1501,-1.43,0.65,0.0000,0.0000,0.0000,0
0.267,123,-25,15,1530,1501,-1.43,0.65,0.0000,0.0000,0.0000,0
0.284,123,-25,15,1530,1501,-0.08,-0.44,0.0000,0.0000,0.0000,0
0.302,127,-26,15,1530,1501,-0.08,-0.44,0.0000,0.0000,0.0000,0
0.319,131,-28,16,1530,1501,-0.08,-0.44,0.0000,0.0000,0.0000,0
0.337,135,-28,15,1530,1501,-0.08,-0.44,0.0000,0.0000,0.0000,0
0.355,140,-30,16,1530,1501,-0.08,-0.44,0.0000,0.0000,0.0000,0
0.373,148,-32,16,1530,1501,-0.08,-0.44,0.0000,0.0000,0.0000,0
0.390,153,-31,16,1530,1501,-0.08,-0.44,0.0000,0.0000,0.0000,0
0.407,157,-32,16,1530,1501,-0.08,-0.44,0.0000,0.0000,0.0000,0
0.425,162,-31,17,1530,1501,-0.08,-0.44,0.0000,0.0000,0.0000,0
0.442,167,-31,16,1530,1501,-0.08,-0.44,0.0000,0.0000,0.0000,0
0.460,171,-31,16,1530,1501,-0.08,-0.44,0.0000,0.0000,0.0000,0
0.477,174,-29,16,1530,1501,-0.08,-0.44,0.0000,0.0000,0.0000,0
0.495,178,-28,16,1530,1501,-0.08,-0.44,0.0000,0.0000,0.0000,0
0.512,180,-28,16,1530,1501,-0.08,-0.44,0.0000,0.0000,0.0000,0
0.530,183,-27,16,1530,1501,1.06,-0.43,0.0000,0.0000,0.0000,0
0.549,186,-26,17,1530,1501,1.06,-0.43,0.0000,0.0000,0.0000,0
0.566,188,-26,16,1530,1501,1.06,-0.43,0.0000,0.0000,0.0000,0
0.585,191,-26,15,1530,1501,1.06,-0.43,0.0000,0.0000,0.0000,0
0.602,193,-27,17,1530,1501,1.06,-0.43,0.0000,0.0000,0.0000,0
0.620,195,-29,17,1530,1501,1.06,-0.43,0.0000,0.0000,0.0000,0
0.639,196,-29,16,1530,1501,1.06,-0.43,0.0000,0.0000,0.0000,0
0.657,198,-29,17,1530,1501,1.06,-0.43,0.0000,0.0000,0.0000,0
0.674,199,-29,17,1530,1501,1.06,-0.43,0.0000,0.0000,0.0000,0
0.692,200,-29,17,1530,1501,1.06,-0.43,0.0000,0.0000,0.0000,0
0.710,201,-30,16,1530,1501,1.06,-0.43,0.0000,0.0000,0.0000,0
0.727,202,-29,16,1530,1501,1.06,-0.43,0.0000,0.0000,0.0000,0
0.745,203,-28,16,1530,1501,1.06,-0.43,0.0000,0.0000,0.0000,0
0.762,203,-28,16,1530,1501,1.06,-0.43,0.0000,0.0000,0.0000,0
0.781,204,-27,15,1530,1501,1.61,-0.50,0.0000,0.0000,0.0000,0
0.799,206,-26,16,1530,1501,1.61,-0.50,0.0000,0.0000,0.0000,0
0.816,206,-25,16,1530,1501,1.61,-0.50,0.0000,0.0000,0.0000,0
0.838,207,-24,16,1530,1501,1.61,-0.50,0.0000,0.0000,0.0000,0
0.855,207,-23,16,1530,1501,1.61,-0.50,0.0000,0.0000,0.0000,0
0.873,208,-23,16,1530,1501,1.61,-0.50,0.0000,0.0000,0.0000,0
0.890,207,-22,16,1530,1501,1.61,-0.50,0.0000,0.0000,0.0000,0
0.907,207,-22,15,1530,1501,1.61,-0.50,0.0000,0.0000,0.0000,0
0.924,207,-21,16,1530,1501,1.61,-0.50,0.0000,0.0000,0.0000,0
0.941,205,-21,16,1530,1501,1.61,-0.50,0.0000,0.0000,0.0000,0
0.959,205,-20,15,1530,1501,1.61,-0.50,0.0000,0.0000,0.0000,0
0.978,203,-18,15,1530,1501,1.61,-0.50,0.0000,0.0000,0.0000,0
0.996,203,-18,15,1530,1501,1.61,-0.50,0.0000,0.0000,0.0000,0
1.015,203,-19,16,1530,1501,1.61,-0.50,0.0000,0.0000,0.0000,0
1.032,201,-18,15,1530,1501,1.54,-0.56,0.0000,0.0000,0.0000,0
1.050,200,-18,15,1530,1501,1.54,-0.56,0.0000,0.0000,0.0000,0
1.068,198,-17,15,1530,1501,1.54,-0.56,0.0000,0.0000,0.0000,0
1.086,197,-17,15,1530,1501,1.54,-0.56,0.0000,0.0000,0.0000,0
1.104,196,-17,15,1530,1501,1.54,-0.56,0.0000,0.0000,0.0000,0
1.122,194,-17,15,1530,1501,1.54,-0.56,0.0000,0.0000,0.0000,0
1.140,190,-17,14,1530,1501,1.54,-0.56,0.0000,0.0000,0.0000,0
1.157,189,-17,14,1530,1501,1.54,-0.56,0.0000,0.0000,0.0000,0
1.176,186,-17,14,1530,1501,1.54,-0.56,0.0000,0.0000,0.0000,0
1.194,186,-18,14,1530,1501,1.54,-0.56,0.0000,0.0000,0.0000,0
1.211,184,-17,13,1530,1501,1.54,-0.56,0.0000,0.0000,0.0000,0
1.229,182,-17,13,1530,1501,1.54,-0.56,0.0000,0.0000,0.0000,0
1.246,182,-17,13,1530,1501,1.54,-0.56,0.0000,0.0000,0.0000,0
1.264,183,-17,13,1530,1501,1.54,-0.56,0.0000,0.0000,0.0000,0
1.282,182,-16,13,1530,1501,1.07,-1.04,0.0000,0.0000,0.0000,0
1.302,183,-16,13,1530,1501,1.07,-1.04,0.0000,0.0000,0.0000,0
1.320,183,-15,13,1530,1501,1.07,-1.04,0.0000,0.0000,0.0000,0
1.337,183,-14,13,1530,1501,1.07,-1.04,0.0000,0.0000,0.0000,0
1.356,184,-13,13,1530,1501,1.07,-1.04,0.0000,0.0000,0.0000,0
1.374,185,-13,13,1530,1501,1.07,-1.04,0.0000,0.0000,0.0000,0
1.391,183,-12,13,1530,1501,1.07,-1.04,0.0000,0.0000,0.0000,0
1.409,183,-12,14,1530,1501,1.07,-1.04,0.0000,0.0000,0.0000,0
1.426,182,-12,14,1530,1501,1.07,-1.04,0.0000,0.0000,0.0000,0
1.444,180,-12,14,1530,1501,1.07,-1.04,0.0000,0.0000,0.0000,0
1.461,179,-12,13,1530,1501,1.07,-1.04,0.0000,0.0000,0.0000,0
1.478,177,-12,13,1530,1501,1.07,-1.04,0.0000,0.0000,0.0000,0
1.495,176,-12,14,1530,1501,1.07,-1.04,0.0000,0.0000,0.0000,0
1.513,174,-12,14,1530,1501,1.07,-1.04,0.0000,0.0000,0.0000,0
1.530,172,-12,14,1530,1501,0.63,-1.23,0.0000,0.0000,0.0000,0
1.547,171,-12,14,1530,1501,0.63,-1.23,0.0000,0.0000,0.0000,0
1.567,169,-11,13,1530,1501,0.63,-1.23,0.0000,0.0000,0.0000,0
1.584,167,-11,13,1530,1501,0.63,-1.23,0.0000,0.0000,0.0000,0
1.601,164,-10,13,1530,1501,0.63,-1.23,0.0000,0.0000,0.0000,0
1.618,163,-10,13,1530,1501,0.63,-1.23,0.0000,0.0000,0.0000,0
1.636,159,-10,12,1530,1501,0.63,-1.23,0.0000,0.0000,0.0000,0
1.654,157,-9,13,1530,1501,0.63,-1.23,0.0000,0.0000,0.0000,0
1.671,154,-9,12,1530,1501,0.63,-1.23,0.0000,0.0000,0.0000,0
1.688,152,-9,13,1530,1501,0.63,-1.23,0.0000,0.0000,0.0000,0
1.706,146,-9,12,1530,1501,0.63,-1.23,0.0000,0.0000,0.0000,0
1.724,146,-9,12,1530,1501,0.63,-1.23,0.0000,0.0000,0.0000,0
1.742,141,-9,12,1530,1501,0.63,-1.23,0.0000,0.0000,0.0000,0
1.759,141,-9,12,1530,1501,0.63,-1.23,0.0000,0.0000,0.0000,0
1.777,135,-8,12,1530,1501,0.27,-1.20,0.0000,0.0000,0.0000,0
1.795,135,-8,12,1530,1501,0.27,-1.20,0.0000,0.0000,0.0000,0
1.813,133,-7,12,1530,1501,0.27,-1.20,0.0000,0.0000,0.0000,0
1.832,131,-6,12,1530,1501,0.27,-1.20,0.0000,0.0000,0.0000,0
1.850,127,-4,12,1530,1501,0.27,-1.20,0.0000,0.0000,0.0000,0
1.868,125,-2,12,1530,1501,0.27,-1.20,0.0000,0.0000,0.0000,0
1.885,124,0,12,1530,1501,0.27,-1.20,0.0000,0.0000,0.0000,0
1.903,122,1,12,1530,1501,0.27,-1.20,0.0000,0.0000,0.0000,0
1.921,120,3,12,1530,1501,0.27,-1.20,0.0000,0.0000,0.0000,0
1.938,119,4,12,1530,1501,0.27,-1.20,0.0000,0.0000,0.0000,0
1.956,119,4,12,1530,1501,0.27,-1.20,0.0000,0.0000,0.0000,0
1.974,116,5,12,1530,1501,0.27,-1.20,0.0000,0.0000,0.0000,0
1.993,114,6,12,1530,1501,0.27,-1.20,0.0000,0.0000,0.0000,0
2.010,112,6,12,1530,1501,0.27,-1.20,0.0000,0.0000,0.0000,0
2.028,110,7,12,1530,1501,-0.41,-0.45,0.0000,0.0000,0.0000,0
2.046,105,7,12,1530,1501,-0.41,-0.45,0.0000,0.0000,0.0000,0
2.064,105,7,12,1530,1501,-0.41,-0.45,0.0000,0.0000,0.0000,0
2.082,100,6,12,1530,1501,-0.41,-0.45,0.0000,0.0000,0.0000,0
2.101,98,5,12,1529,1501,-0.41,-0.45,0.0000,0.0000,0.0000,0
2.118,96,5,12,1528,1501,-0.41,-0.45,0.0000,0.0000,0.0000,0
2.137,94,5,13,1528,1501,-0.41,-0.45,0.0000,0.0000,0.0000,0
2.154,89,3,12,1526,1501,-0.41,-0.45,0.0000,0.0000,0.0000,0
2.173,88,2,13,1526,1501,-0.41,-0.45,0.0000,0.0000,0.0000,0
2.191,86,1,13,1525,1501,-0.41,-0.45,0.0000,0.0000,0.0000,0
2.208,84,1,12,1525,1501,-0.41,-0.45,0.0000,0.0000,0.0000,0
2.226,80,0,13,1524,1501,-0.41,-0.45,0.0000,0.0000,0.0000,0
2.243,79,0,13,1523,1501,-0.41,-0.45,0.0000,0.0000,0.0000,0
2.260,78,0,12,1523,1501,-0.41,-0.45,0.0000,0.0000,0.0000,0
2.277,77,1,13,1523,1501,-1.40,-0.73,0.0000,0.0000,0.0000,0
2.295,76,1,13,1522,1501,-1.40,-0.73,0.0000,0.0000,0.0000,0
2.316,75,2,13,1522,1501,-1.40,-0.73,0.0000,0.0000,0.0000,0
2.333,74,2,12,1522,1501,-1.40,-0.73,0.0000,0.0000,0.0000,0
2.352,73,3,13,1521,1501,-1.40,-0.73,0.0000,0.0000,0.0000,0
2.369,71,3,13,1521,1501,-1.40,-0.73,0.0000,0.0000,0.0000,0
2.388,70,3,13,1521,1501,-1.40,-0.73,0.0000,0.0000,0.0000,0
2.405,69,3,13,1520,1501,-1.40,-0.73,0.0000,0.0000,0.0000,0
2.423,68,3,13,1520,1501,-1.40,-0.73,0.0000,0.0000,0.0000,0
2.441,68,4,14,1520,1501,-1.40,-0.73,0.0000,0.0000,0.0000,0
2.460,66,4,13,1519,1501,-1.40,-0.73,0.0000,0.0000,0.0000,0
2.477,65,4,14,1519,1501,-1.40,-0.73,0.0000,0.0000,0.0000,0
2.495,63,4,14,1518,1501,-1.40,-0.73,0.0000,0.0000,0.0000,0
2.512,62,4,13,1518,1501,-1.40,-0.73,0.0000,0.0000,0.0000,0
2.530,60,4,14,1518,1501,-1.56,-0.32,0.0000,0.0000,0.0000,1
2.548,59,3,14,1517,1501,-1.56,-0.32,0.0000,0.0000,0.0000,1
2.565,57,4,13,1517,1501,-1.56,-0.32,0.0000,0.0000,0.0000,1
2.582,56,4,13,1516,1501,-1.56,-0.32,0.0000,0.0000,0.0000,1
2.599,55,4,14,1516,1501,-1.56,-0.32,0.0000,0.0000,0.0000,1
2.619,53,4,14,1515,1501,-1.56,-0.32,0.0000,0.0000,0.0000,1
2.636,52,4,13,1515,1501,-1.56,-0.32,0.0000,0.0000,0.0000,1
2.655,50,3,13,1510,1501,-1.56,-0.32,0.0000,0.0000,0.0000,1
2.673,48,2,14,1509,1501,-1.56,-0.32,0.0000,0.0000,0.0000,1
2.691,43,1,14,1508,1501,-1.56,-0.32,0.0000,0.0000,0.0000,1
2.709,43,1,14,1508,1501,-1.56,-0.32,0.0000,0.0000,0.0000,1
2.726,38,-1,14,1507,1501,-1.56,-0.32,0.0000,0.0000,0.0000,1
2.743,36,-3,14,1507,1501,-1.56,-0.32,0.0000,0.0000,0.0000,1
2.761,34,-3,14,1506,1501,-0.36,-0.58,0.0000,0.0000,0.0000,1
2.779,33,-4,13,1506,1501,-0.36,-0.58,0.0000,0.0000,0.0000,1
2.796,33,-4,13,1506,1501,-0.36,-0.58,0.0000,0.0000,0.0000,1
2.813,32,-4,14,1506,1501,-0.36,-0.58,0.0000,0.0000,0.0000,1
2.830,30,-5,15,1506,1501,-0.36,-0.58,0.0000,0.0000,0.0000,1
2.850,28,-5,15,1505,1501,-0.36,-0.58,0.0000,0.0000,0.0000,1
2.867,27,-4,14,1505,1501,-0.36,-0.58,0.0000,0.0000,0.0000,1
2.885,26,-4,13,1505,1501,-0.36,-0.58,0.0000,0.0000,0.0000,1
2.902,26,-3,13,1505,1501,-0.36,-0.58,0.0000,0.0000,0.0000,1
2.920,25,-1,14,1505,1501,-0.36,-0.58,0.0000,0.0000,0.0000,1
2.938,25,0,15,1505,1501,-0.36,-0.58,0.0000,0.0000,0.0000,1
2.955,24,1,15,1504,1501,-0.36,-0.58,0.0000,0.0000,0.0000,1
2.973,24,2,15,1504,1501,-0.36,-0.58,0.0000,0.0000,0.0000,1
2.993,24,3,14,1504,1501,-0.36,-0.58,0.0000,0.0000,0.0000,1
3.011,24,3,14,1504,1501,-0.36,-0.58,0.0000,0.0000,0.0000,1
3.029,24,4,14,1504,1501,0.08,0.11,0.0000,0.0000,0.0000,1
