elapsed_s,err_x_px,err_pitch_px,target_roll_us,target_pitch_us,actual_roll_deg,actual_pitch_deg,vib_x,vib_y,vib_z,aligned
0.000,0,0,1500,1500,-0.64,-0.43,2.5798,3.1065,6.5198,0
0.018,0,0,1500,1500,-0.64,-0.43,2.5798,3.1065,6.5198,0
0.037,0,0,1500,1500,-0.64,-0.43,2.5798,3.1065,6.5198,0
0.055,0,0,1500,1500,-0.64,-0.43,2.5798,3.1065,6.5198,0
0.073,0,0,1500,1500,-0.64,-0.43,2.5798,3.1065,6.5198,0
0.090,0,0,1500,1500,-0.64,-0.43,2.5798,3.1065,6.5198,0
0.107,0,0,1500,1500,-0.64,-0.43,2.5798,3.1065,6.5198,0
0.124,0,0,1500,1500,-0.64,-0.43,2.5798,3.1065,6.5198,0
0.141,0,0,1500,1500,-0.63,-0.20,2.5798,3.1065,6.5198,0
0.158,0,0,1500,1500,-0.63,-0.20,2.5798,3.1065,6.5198,0
0.176,0,0,1500,1500,-0.63,-0.20,2.5798,3.1065,6.5198,0
0.193,0,0,1500,1500,-0.63,-0.20,2.5798,3.1065,6.5198,0
0.210,0,0,1500,1500,-0.63,-0.20,2.6930,3.0312,6.4230,0
0.227,0,0,1500,1500,-0.63,-0.20,2.6930,3.0312,6.4230,0
0.244,0,0,1500,1500,-0.63,-0.20,2.6930,3.0312,6.4230,0
0.261,0,0,1500,1500,-0.63,-0.20,2.6930,3.0312,6.4230,0
0.280,0,0,1500,1500,-0.63,-0.20,2.6930,3.0312,6.4230,0
0.301,0,0,1500,1500,-0.63,-0.20,2.6930,3.0312,6.4230,0
0.319,0,0,1500,1500,-0.63,-0.20,2.6930,3.0312,6.4230,0
0.339,0,0,1500,1500,-0.63,-0.20,2.6930,3.0312,6.4230,0
0.356,0,0,1500,1500,-0.63,-0.20,2.6930,3.0312,6.4230,0
0.374,0,0,1500,1500,-0.63,-0.20,2.6930,3.0312,6.4230,0
0.392,-186,-24,1400,1421,-0.47,-0.11,2.6930,3.0312,6.4230,0
0.409,-186,-24,1473,1493,-0.47,-0.11,2.6930,3.0312,6.4230,0
0.426,-186,-24,1473,1493,-0.47,-0.11,2.6930,3.0312,6.4230,0
0.444,-183,-24,1490,1493,-0.47,-0.11,2.6930,3.0312,6.4230,0
0.464,-180,-24,1489,1493,-0.47,-0.11,2.7685,3.0513,6.5435,0
0.481,-180,-24,1473,1493,-0.47,-0.11,2.7685,3.0513,6.5435,0
0.500,-178,-24,1485,1493,-0.47,-0.11,2.7685,3.0513,6.5435,0
0.518,-179,-24,1468,1493,-0.47,-0.11,2.7685,3.0513,6.5435,0
0.537,-178,-23,1479,1496,-0.47,-0.11,2.7685,3.0513,6.5435,0
0.554,-178,-24,1474,1490,-0.47,-0.11,2.7685,3.0513,6.5435,0
0.572,-176,-24,1485,1493,-0.47,-0.11,2.7685,3.0513,6.5435,0
0.590,-175,-23,1480,1496,-0.47,-0.11,2.7685,3.0513,6.5435,0
0.607,-175,-23,1474,1493,-0.47,-0.11,2.7685,3.0513,6.5435,0
0.624,-174,-23,1480,1493,-0.47,-0.11,2.7685,3.0513,6.5435,0
0.642,-173,-23,1480,1493,-0.37,-0.13,2.7685,3.0513,6.5435,0
0.660,-173,-23,1474,1493,-0.37,-0.13,2.7685,3.0513,6.5435,0
0.678,-172,-23,1480,1493,-0.37,-0.13,2.7685,3.0513,6.5435,0
0.695,-171,-23,1481,1493,-0.37,-0.13,2.8259,3.6100,5.2325,0
0.712,-170,-23,1481,1493,-0.37,-0.13,2.8259,3.6100,5.2325,0
0.730,-170,-23,1475,1493,-0.37,-0.13,2.8259,3.6100,5.2325,0
0.748,-169,-23,1481,1493,-0.37,-0.13,2.8259,3.6100,5.2325,0
0.765,-169,-23,1475,1493,-0.37,-0.13,2.8259,3.6100,5.2325,0
0.784,-168,-23,1481,1493,-0.37,-0.13,2.8259,3.6100,5.2325,0
0.802,-168,-23,1475,1493,-0.37,-0.13,2.8259,3.6100,5.2325,0
0.819,-168,-23,1475,1493,-0.37,-0.13,2.8259,3.6100,5.2325,0
0.837,-168,-23,1475,1493,-0.37,-0.13,2.8259,3.6100,5.2325,0
0.854,-168,-23,1475,1493,-0.37,-0.13,2.8259,3.6100,5.2325,0
0.872,-168,-23,1475,1493,-0.37,-0.13,2.8259,3.6100,5.2325,0
0.889,-169,-23,1469,1493,0.16,-0.35,2.8259,3.6100,5.2325,0
0.907,-169,-23,1475,1493,0.16,-0.35,2.8259,3.6100,5.2325,0
0.925,-170,-22,1469,1497,0.16,-0.35,2.8259,3.6100,5.2325,0
0.942,-170,-22,1475,1494,0.16,-0.35,2.8259,3.6100,5.2325,0
0.960,-171,-23,1469,1491,0.16,-0.35,2.4758,3.8509,4.9042,0
0.978,-172,-23,1469,1493,0.16,-0.35,2.4758,3.8509,4.9042,0
0.995,-172,-23,1475,1493,0.16,-0.35,2.4758,3.8509,4.9042,0
1.013,-173,-23,1469,1493,0.16,-0.35,2.4758,3.8509,4.9042,0
1.030,-173,-23,1474,1493,0.16,-0.35,2.4758,3.8509,4.9042,0
1.048,-174,-23,1469,1493,0.16,-0.35,2.4758,3.8509,4.9042,0
1.065,-174,-23,1474,1493,0.16,-0.35,2.4758,3.8509,4.9042,0
1.085,-174,-23,1474,1493,0.16,-0.35,2.4758,3.8509,4.9042,0
1.102,-174,-23,1474,1493,0.16,-0.35,2.4758,3.8509,4.9042,0
1.120,-175,-23,1469,1493,0.16,-0.35,2.4758,3.8509,4.9042,0
1.139,-175,-23,1474,1493,0.36,-0.34,2.4758,3.8509,4.9042,0
1.156,-175,-22,1474,1496,0.36,-0.34,2.4758,3.8509,4.9042,0
1.174,-175,-23,1474,1490,0.36,-0.34,2.4758,3.8509,4.9042,0
1.193,-175,-22,1474,1496,0.36,-0.34,2.9165,3.6483,7.7291,0
1.210,-175,-22,1474,1494,0.36,-0.34,2.9165,3.6483,7.7291,0
1.228,-175,-22,1474,1494,0.36,-0.34,2.9165,3.6483,7.7291,0
1.245,-176,-22,1468,1493,0.36,-0.34,2.9165,3.6483,7.7291,0
1.263,-176,-22,1474,1493,0.36,-0.34,2.9165,3.6483,7.7291,0
1.280,-176,-22,1474,1493,0.36,-0.34,2.9165,3.6483,7.7291,0
1.297,-175,-21,1480,1497,0.36,-0.34,2.9165,3.6483,7.7291,0
1.315,-175,-22,1474,1491,0.36,-0.34,2.9165,3.6483,7.7291,0
1.332,-175,-21,1474,1497,0.36,-0.34,2.9165,3.6483,7.7291,0
1.351,-175,-21,1474,1494,0.36,-0.34,2.9165,3.6483,7.7291,0
1.372,-175,-21,1474,1494,0.36,-0.34,2.9165,3.6483,7.7291,0
1.389,-175,-21,1474,1494,0.25,-0.24,2.9165,3.6483,7.7291,0
1.406,-174,-22,1480,1491,0.25,-0.24,2.9165,3.6483,7.7291,0
1.423,-174,-21,1474,1497,0.25,-0.24,2.9165,3.6483,7.7291,0
1.440,-174,-21,1474,1494,0.25,-0.24,2.9165,3.6483,7.7291,0
1.459,-174,-22,1474,1491,0.25,-0.24,2.9883,3.1724,7.4037,0
1.476,-175,-22,1469,1493,0.25,-0.24,2.9883,3.1724,7.4037,0
1.495,-175,-21,1474,1497,0.25,-0.24,2.9883,3.1724,7.4037,0
1.513,-176,-21,1468,1494,0.25,-0.24,2.9883,3.1724,7.4037,0
1.530,-177,-21,1468,1494,0.25,-0.24,2.9883,3.1724,7.4037,0
1.548,-178,-21,1468,1494,0.25,-0.24,2.9883,3.1724,7.4037,0
1.566,-178,-21,1474,1494,0.25,-0.24,2.9883,3.1724,7.4037,0
1.585,-181,-20,1462,1494,0.25,-0.24,2.9883,3.1724,7.4037,0
1.603,-182,-21,1462,1494,0.25,-0.24,2.9883,3.1724,7.4037,0
1.620,-183,-21,1467,1494,0.25,-0.24,2.9883,3.1724,7.4037,0
1.640,-185,-21,1462,1494,0.16,-0.29,2.9883,3.1724,7.4037,0
1.657,-187,-21,1461,1494,0.16,-0.29,2.9883,3.1724,7.4037,0
1.675,-188,-21,1467,1494,0.16,-0.29,2.9883,3.1724,7.4037,0
1.694,-190,-20,1461,1497,0.16,-0.29,2.9883,3.1724,7.4037,0
1.712,-192,-20,1461,1494,0.16,-0.29,2.6880,3.2236,6.9062,0
1.729,-193,-20,1466,1494,0.16,-0.29,2.6880,3.2236,6.9062,0
1.747,-194,-20,1466,1494,0.16,-0.29,2.6880,3.2236,6.9062,0
1.765,-196,-20,1460,1494,0.16,-0.29,2.6880,3.2236,6.9062,0
1.782,-198,-20,1459,1494,0.16,-0.29,2.6880,3.2236,6.9062,0
1.800,-199,-21,1465,1491,0.16,-0.29,2.6880,3.2236,6.9062,0
1.817,-201,-20,1459,1497,0.16,-0.29,2.6880,3.2236,6.9062,0
1.834,-202,-20,1464,1494,0.16,-0.29,2.6880,3.2236,6.9062,0
1.854,-204,-19,1459,1497,0.16,-0.29,2.6880,3.2236,6.9062,0
1.871,-206,-19,1459,1494,0.16,-0.29,2.6880,3.2236,6.9062,0
1.888,-210,-19,1445,1494,-0.14,-0.32,2.6880,3.2236,6.9062,0
1.909,-213,-20,1454,1492,-0.14,-0.32,2.6880,3.2236,6.9062,0
1.926,-216,-19,1451,1497,-0.14,-0.32,2.6880,3.2236,6.9062,0
1.944,-219,-19,1451,1494,-0.14,-0.32,2.6943,3.5231,6.3342,0
1.961,-221,-19,1456,1494,-0.14,-0.32,2.6943,3.5231,6.3342,0
1.979,-224,-19,1450,1494,-0.14,-0.32,2.6943,3.5231,6.3342,0
1.997,-227,-19,1449,1494,-0.14,-0.32,2.6943,3.5231,6.3342,0
2.016,-230,-19,1450,1494,-0.14,-0.32,2.6943,3.5231,6.3342,0
2.037,-232,-19,1457,1494,-0.14,-0.32,2.6943,3.5231,6.3342,0
2.055,-237,-18,1437,1497,-0.14,-0.32,2.6943,3.5231,6.3342,0
2.074,-239,-18,1454,1495,-0.14,-0.32,2.6943,3.5231,6.3342,0
2.091,-242,-18,1447,1495,-0.14,-0.32,2.6943,3.5231,6.3342,0
2.108,-243,-18,1458,1495,-0.14,-0.32,2.6943,3.5231,6.3342,0
2.125,-245,-19,1452,1491,-0.14,-0.32,2.6943,3.5231,6.3342,0
2.143,-247,-18,1452,1498,-1.13,0.02,2.6943,3.5231,6.3342,0
2.160,-250,-18,1445,1495,-1.13,0.02,2.6943,3.5231,6.3342,0
2.178,-251,-18,1457,1495,-1.13,0.02,2.6943,3.5231,6.3342,0
2.195,-253,-18,1451,1495,-1.13,0.02,2.5943,3.3739,5.9496,0
2.212,-256,-18,1445,1495,-1.13,0.02,2.5943,3.3739,5.9496,0
2.230,-258,-18,1450,1495,-1.13,0.02,2.5943,3.3739,5.9496,0
2.247,-261,-18,1444,1495,-1.13,0.02,2.5943,3.3739,5.9496,0
2.264,-263,-18,1449,1495,-1.13,0.02,2.5943,3.3739,5.9496,0
2.281,-266,-18,1443,1495,-1.13,0.02,2.5943,3.3739,5.9496,0
2.298,-268,-18,1449,1495,-1.13,0.02,2.5943,3.3739,5.9496,0
2.316,-271,-18,1442,1495,-1.13,0.02,2.5943,3.3739,5.9496,0
2.333,-274,-18,1442,1495,-1.13,0.02,2.5943,3.3739,5.9496,0
2.350,-276,-18,1448,1495,-1.13,0.02,2.5943,3.3739,5.9496,0
2.368,-279,-18,1442,1495,-1.13,0.02,2.5943,3.3739,5.9496,0
2.387,0,0,1500,1500,-2.16,-0.04,2.5943,3.3739,5.9496,0
2.404,0,0,1500,1500,-2.16,-0.04,2.5943,3.3739,5.9496,0
2.422,0,0,1500,1500,-2.16,-0.04,2.5943,3.3739,5.9496,0
2.440,0,0,1500,1500,-2.16,-0.04,2.6606,2.9651,5.8913,0
2.460,0,0,1500,1500,-2.16,-0.04,2.6606,2.9651,5.8913,0
2.477,0,0,1500,1500,-2.16,-0.04,2.6606,2.9651,5.8913,0
2.495,0,0,1500,1500,-2.16,-0.04,2.6606,2.9651,5.8913,0
2.512,0,0,1500,1500,-2.16,-0.04,2.6606,2.9651,5.8913,0
2.529,0,0,1500,1500,-2.16,-0.04,2.6606,2.9651,5.8913,0
2.547,0,0,1500,1500,-2.16,-0.04,2.6606,2.9651,5.8913,0
2.565,0,0,1500,1500,-2.16,-0.04,2.6606,2.9651,5.8913,0
2.583,0,0,1500,1500,-2.16,-0.04,2.6606,2.9651,5.8913,0
2.600,0,0,1500,1500,-2.16,-0.04,2.6606,2.9651,5.8913,0
2.618,0,0,1500,1500,-2.16,-0.04,2.6606,2.9651,5.8913,0
2.635,0,0,1500,1500,-2.71,-0.29,2.6606,2.9651,5.8913,0
2.653,0,0,1500,1500,-2.71,-0.29,2.6606,2.9651,5.8913,0
2.671,0,0,1500,1500,-2.71,-0.29,2.6606,2.9651,5.8913,0
2.688,0,0,1500,1500,-2.71,-0.29,2.6606,2.9651,5.8913,0
2.706,0,0,1500,1500,-2.71,-0.29,2.5567,3.1364,6.1925,0
2.724,0,0,1500,1500,-2.71,-0.29,2.5567,3.1364,6.1925,0
2.743,0,0,1500,1500,-2.71,-0.29,2.5567,3.1364,6.1925,0
2.760,0,0,1500,1500,-2.71,-0.29,2.5567,3.1364,6.1925,0
2.778,0,0,1500,1500,-2.71,-0.29,2.5567,3.1364,6.1925,0
2.795,0,0,1500,1500,-2.71,-0.29,2.5567,3.1364,6.1925,0
2.813,0,0,1500,1500,-2.71,-0.29,2.5567,3.1364,6.1925,0
2.830,0,0,1500,1500,-2.71,-0.29,2.5567,3.1364,6.1925,0
2.847,0,0,1500,1500,-2.71,-0.29,2.5567,3.1364,6.1925,0
2.864,0,0,1500,1500,-2.71,-0.29,2.5567,3.1364,6.1925,0
2.881,0,0,1500,1500,-2.60,-0.31,2.5567,3.1364,6.1925,0
2.899,0,0,1500,1500,-2.60,-0.31,2.5567,3.1364,6.1925,0
2.916,0,0,1500,1500,-2.60,-0.31,2.5567,3.1364,6.1925,0
2.936,0,0,1500,1500,-2.60,-0.31,2.5567,3.1364,6.1925,0
2.953,0,0,1500,1500,-2.60,-0.31,2.6528,3.0535,6.1289,0
2.971,0,0,1500,1500,-2.60,-0.31,2.6528,3.0535,6.1289,0
2.990,0,0,1500,1500,-2.60,-0.31,2.6528,3.0535,6.1289,0
3.008,0,0,1500,1500,-2.60,-0.31,2.6528,3.0535,6.1289,0
3.027,0,0,1500,1500,-2.60,-0.31,2.6528,3.0535,6.1289,0
3.044,0,0,1500,1500,-2.60,-0.31,2.6528,3.0535,6.1289,0
3.062,0,0,1500,1500,-2.60,-0.31,2.6528,3.0535,6.1289,0
3.079,0,0,1500,1500,-2.60,-0.31,2.6528,3.0535,6.1289,0
3.097,0,0,1500,1500,-2.60,-0.31,2.6528,3.0535,6.1289,0
3.114,0,0,1500,1500,-2.60,-0.31,2.6528,3.0535,6.1289,0
3.131,0,0,1500,1500,-2.14,-0.35,2.6528,3.0535,6.1289,0
3.149,0,0,1500,1500,-2.14,-0.35,2.6528,3.0535,6.1289,0
3.167,0,0,1500,1500,-2.14,-0.35,2.6528,3.0535,6.1289,0
3.184,0,0,1500,1500,-2.14,-0.35,2.6528,3.0535,6.1289,0
3.202,0,0,1500,1500,-2.14,-0.35,2.4895,3.2282,5.8697,0
3.220,0,0,1500,1500,-2.14,-0.35,2.4895,3.2282,5.8697,0
3.237,0,0,1500,1500,-2.14,-0.35,2.4895,3.2282,5.8697,0
3.254,0,0,1500,1500,-2.14,-0.35,2.4895,3.2282,5.8697,0
3.271,0,0,1500,1500,-2.14,-0.35,2.4895,3.2282,5.8697,0
3.289,0,0,1500,1500,-2.14,-0.35,2.4895,3.2282,5.8697,0
3.306,0,0,1500,1500,-2.14,-0.35,2.4895,3.2282,5.8697,0
3.323,0,0,1500,1500,-2.14,-0.35,2.4895,3.2282,5.8697,0
3.341,0,0,1500,1500,-2.14,-0.35,2.4895,3.2282,5.8697,0
3.358,0,0,1500,1500,-2.14,-0.35,2.4895,3.2282,5.8697,0
3.375,0,0,1500,1500,-2.14,-0.35,2.4895,3.2282,5.8697,0
3.393,0,0,1500,1500,-1.73,-0.36,2.4895,3.2282,5.8697,0
3.410,0,0,1500,1500,-1.73,-0.36,2.4895,3.2282,5.8697,0
3.427,0,0,1500,1500,-1.73,-0.36,2.4895,3.2282,5.8697,0
3.446,0,0,1500,1500,-1.73,-0.36,2.5358,3.0882,6.3054,0
3.464,0,0,1500,1500,-1.73,-0.36,2.5358,3.0882,6.3054,0
3.482,0,0,1500,1500,-1.73,-0.36,2.5358,3.0882,6.3054,0
3.499,0,0,1500,1500,-1.73,-0.36,2.5358,3.0882,6.3054,0
3.516,0,0,1500,1500,-1.73,-0.36,2.5358,3.0882,6.3054,0
3.534,-279,-14,1459,1507,-1.73,-0.36,2.5358,3.0882,6.3054,0
3.552,-278,-14,1465,1496,-1.73,-0.36,2.5358,3.0882,6.3054,0
3.569,-277,-14,1465,1496,-1.73,-0.36,2.5358,3.0882,6.3054,0
3.586,-277,-14,1459,1496,-1.73,-0.36,2.5358,3.0882,6.3054,0
3.603,-277,-14,1459,1496,-1.73,-0.36,2.5358,3.0882,6.3054,0
3.621,-276,-14,1465,1496,-1.73,-0.36,2.5358,3.0882,6.3054,0
3.639,-276,-14,1459,1496,-1.43,-0.26,2.5358,3.0882,6.3054,0
3.657,-275,-14,1465,1496,-1.43,-0.26,2.5358,3.0882,6.3054,0
3.677,-273,-14,1469,1496,-1.43,-0.26,2.5358,3.0882,6.3054,0
3.696,-271,-14,1470,1496,-1.43,-0.26,2.9860,3.0227,7.2895,0
3.713,-267,-14,1484,1496,-1.43,-0.26,2.9860,3.0227,7.2895,0
3.731,-266,-14,1466,1496,-1.43,-0.26,2.9860,3.0227,7.2895,0
3.748,-264,-14,1472,1496,-1.43,-0.26,2.9860,3.0227,7.2895,0
3.766,-262,-14,1472,1496,-1.43,-0.26,2.9860,3.0227,7.2895,0
3.783,-260,-14,1473,1496,-1.43,-0.26,2.9860,3.0227,7.2895,0
3.801,-259,-14,1467,1496,-1.43,-0.26,2.9860,3.0227,7.2895,0
3.818,0,0,1500,1500,-1.43,-0.26,2.9860,3.0227,7.2895,0
3.836,0,0,1500,1500,-1.43,-0.26,2.9860,3.0227,7.2895,0
3.853,0,0,1500,1500,-1.43,-0.26,2.9860,3.0227,7.2895,0
3.870,0,0,1500,1500,-1.43,-0.26,2.9860,3.0227,7.2895,0
3.887,0,0,1500,1500,-0.77,0.05,2.9860,3.0227,7.2895,0
3.904,0,0,1500,1500,-0.77,0.05,2.9860,3.0227,7.2895,0
3.922,0,0,1500,1500,-0.77,0.05,2.9860,3.0227,7.2895,0
3.939,0,0,1500,1500,-0.77,0.05,2.6748,3.5028,6.5453,0
3.956,0,0,1500,1500,-0.77,0.05,2.6748,3.5028,6.5453,0
3.973,0,0,1500,1500,-0.77,0.05,2.6748,3.5028,6.5453,0
3.990,0,0,1500,1500,-0.77,0.05,2.6748,3.5028,6.5453,0
4.007,0,0,1500,1500,-0.77,0.05,2.6748,3.5028,6.5453,0
4.024,0,0,1500,1500,-0.77,0.05,2.6748,3.5028,6.5453,0
4.041,0,0,1500,1500,-0.77,0.05,2.6748,3.5028,6.5453,0
4.062,0,0,1500,1500,-0.77,0.05,2.6748,3.5028,6.5453,0
4.082,0,0,1500,1500,-0.77,0.05,2.6748,3.5028,6.5453,0
4.099,0,0,1500,1500,-0.77,0.05,2.6748,3.5028,6.5453,0
4.117,0,0,1500,1500,-0.77,0.05,2.6748,3.5028,6.5453,0
4.134,0,0,1500,1500,-0.57,-0.01,2.6748,3.5028,6.5453,0
4.152,0,0,1500,1500,-0.57,-0.01,2.6748,3.5028,6.5453,0
4.170,0,0,1500,1500,-0.57,-0.01,2.6748,3.5028,6.5453,0
4.188,0,0,1500,1500,-0.57,-0.01,2.8050,4.2391,7.5138,0
4.206,0,0,1500,1500,-0.57,-0.01,2.8050,4.2391,7.5138,0
4.223,0,0,1500,1500,-0.57,-0.01,2.8050,4.2391,7.5138,0
4.240,0,0,1500,1500,-0.57,-0.01,2.8050,4.2391,7.5138,0
4.258,0,0,1500,1500,-0.57,-0.01,2.8050,4.2391,7.5138,0
4.277,0,0,1500,1500,-0.57,-0.01,2.8050,4.2391,7.5138,0
4.294,0,0,1500,1500,-0.57,-0.01,2.8050,4.2391,7.5138,0
4.314,0,0,1500,1500,-0.57,-0.01,2.8050,4.2391,7.5138,0
4.333,0,0,1500,1500,-0.57,-0.01,2.8050,4.2391,7.5138,0
4.350,0,0,1500,1500,-0.57,-0.01,2.8050,4.2391,7.5138,0
4.368,0,0,1500,1500,-0.57,-0.01,2.8050,4.2391,7.5138,0
4.386,0,0,1500,1500,-0.58,-0.39,2.8050,4.2391,7.5138,0
4.404,0,0,1500,1500,-0.58,-0.39,2.8050,4.2391,7.5138,0
4.422,0,0,1500,1500,-0.58,-0.39,2.8050,4.2391,7.5138,0
4.439,0,0,1500,1500,-0.58,-0.39,2.7052,4.6208,7.8130,0
4.457,0,0,1500,1500,-0.58,-0.39,2.7052,4.6208,7.8130,0
4.475,0,0,1500,1500,-0.58,-0.39,2.7052,4.6208,7.8130,0
4.492,0,0,1500,1500,-0.58,-0.39,2.7052,4.6208,7.8130,0
4.509,0,0,1500,1500,-0.58,-0.39,2.7052,4.6208,7.8130,0
4.527,0,0,1500,1500,-0.58,-0.39,2.7052,4.6208,7.8130,0
4.544,0,0,1500,1500,-0.58,-0.39,2.7052,4.6208,7.8130,0
4.561,0,0,1500,1500,-0.58,-0.39,2.7052,4.6208,7.8130,0
4.579,0,0,1500,1500,-0.58,-0.39,2.7052,4.6208,7.8130,0
4.597,0,0,1500,1500,-0.58,-0.39,2.7052,4.6208,7.8130,0
4.614,0,0,1500,1500,-0.58,-0.39,2.7052,4.6208,7.8130,0
4.632,0,0,1500,1500,-0.04,0.22,2.7052,4.6208,7.8130,0
4.654,0,0,1500,1500,-0.04,0.22,2.7052,4.6208,7.8130,0
4.671,0,0,1500,1500,-0.04,0.22,2.7052,4.6208,7.8130,0
4.689,0,0,1500,1500,-0.04,0.22,2.7052,4.6208,7.8130,0
4.706,0,0,1500,1500,-0.04,0.22,2.8627,3.9225,8.3490,0
4.723,0,0,1500,1500,-0.04,0.22,2.8627,3.9225,8.3490,0
4.741,0,0,1500,1500,-0.04,0.22,2.8627,3.9225,8.3490,0
4.758,0,0,1500,1500,-0.04,0.22,2.8627,3.9225,8.3490,0
4.775,0,0,1500,1500,-0.04,0.22,2.8627,3.9225,8.3490,0
4.792,0,0,1500,1500,-0.04,0.22,2.8627,3.9225,8.3490,0
4.810,0,0,1500,1500,-0.04,0.22,2.8627,3.9225,8.3490,0
4.827,0,0,1500,1500,-0.04,0.22,2.8627,3.9225,8.3490,0
4.844,0,0,1500,1500,-0.04,0.22,2.8627,3.9225,8.3490,0
4.861,0,0,1500,1500,-0.04,0.22,2.8627,3.9225,8.3490,0
4.882,0,0,1500,1500,0.28,1.05,2.8627,3.9225,8.3490,0
4.901,0,0,1500,1500,0.28,1.05,2.8627,3.9225,8.3490,0
4.921,0,0,1500,1500,0.28,1.05,2.8627,3.9225,8.3490,0
4.939,0,0,1500,1500,0.28,1.05,2.7878,3.4124,7.9181,0
4.957,0,0,1500,1500,0.28,1.05,2.7878,3.4124,7.9181,0
4.975,0,0,1500,1500,0.28,1.05,2.7878,3.4124,7.9181,0
4.992,0,0,1500,1500,0.28,1.05,2.7878,3.4124,7.9181,0
5.009,0,0,1500,1500,0.28,1.05,2.7878,3.4124,7.9181,0
5.026,0,0,1500,1500,0.28,1.05,2.7878,3.4124,7.9181,0
5.044,0,0,1500,1500,0.28,1.05,2.7878,3.4124,7.9181,0
5.062,0,0,1500,1500,0.28,1.05,2.7878,3.4124,7.9181,0
5.079,0,0,1500,1500,0.28,1.05,2.7878,3.4124,7.9181,0
5.096,0,0,1500,1500,0.28,1.05,2.7878,3.4124,7.9181,0
5.115,0,0,1500,1500,0.28,1.05,2.7878,3.4124,7.9181,0
5.132,0,0,1500,1500,0.41,0.83,2.7878,3.4124,7.9181,0
5.153,0,0,1500,1500,0.41,0.83,2.7878,3.4124,7.9181,0
5.170,0,0,1500,1500,0.41,0.83,2.7878,3.4124,7.9181,0
5.189,0,0,1500,1500,0.41,0.83,2.6350,3.6319,4.7410,0
5.208,0,0,1500,1500,0.41,0.83,2.6350,3.6319,4.7410,0
5.225,0,0,1500,1500,0.41,0.83,2.6350,3.6319,4.7410,0
5.244,0,0,1500,1500,0.41,0.83,2.6350,3.6319,4.7410,0
5.261,0,0,1500,1500,0.41,0.83,2.6350,3.6319,4.7410,0
5.279,0,0,1500,1500,0.41,0.83,2.6350,3.6319,4.7410,0
5.296,0,0,1500,1500,0.41,0.83,2.6350,3.6319,4.7410,0
5.313,0,0,1500,1500,0.41,0.83,2.6350,3.6319,4.7410,0
5.331,0,0,1500,1500,0.41,0.83,2.6350,3.6319,4.7410,0
5.348,0,0,1500,1500,0.41,0.83,2.6350,3.6319,4.7410,0
5.365,0,0,1500,1500,0.41,0.83,2.6350,3.6319,4.7410,0
5.382,0,0,1500,1500,0.49,0.73,2.6350,3.6319,4.7410,0
5.401,0,0,1500,1500,0.49,0.73,2.6350,3.6319,4.7410,0
5.418,0,0,1500,1500,0.49,0.73,2.6350,3.6319,4.7410,0
5.436,0,0,1500,1500,0.49,0.73,2.4972,3.4794,4.5986,0
5.454,0,0,1500,1500,0.49,0.73,2.4972,3.4794,4.5986,0
5.472,0,0,1500,1500,0.49,0.73,2.4972,3.4794,4.5986,0
5.489,0,0,1500,1500,0.49,0.73,2.4972,3.4794,4.5986,0
5.506,0,0,1500,1500,0.49,0.73,2.4972,3.4794,4.5986,0
5.523,0,0,1500,1500,0.49,0.73,2.4972,3.4794,4.5986,0
5.540,0,0,1500,1500,0.49,0.73,2.4972,3.4794,4.5986,0
5.557,0,0,1500,1500,0.49,0.73,2.4972,3.4794,4.5986,0
5.575,0,0,1500,1500,0.49,0.73,2.4972,3.4794,4.5986,0
5.592,0,0,1500,1500,0.49,0.73,2.4972,3.4794,4.5986,0
5.610,0,0,1500,1500,0.49,0.73,2.4972,3.4794,4.5986,0
5.627,0,0,1500,1500,0.60,0.48,2.4972,3.4794,4.5986,0
5.645,0,0,1500,1500,0.60,0.48,2.4972,3.4794,4.5986,0
5.662,0,0,1500,1500,0.60,0.48,2.4972,3.4794,4.5986,0
5.680,0,0,1500,1500,0.60,0.48,2.4972,3.4794,4.5986,0
5.698,0,0,1500,1500,0.60,0.48,2.4251,3.5800,5.2147,0
5.716,0,0,1500,1500,0.60,0.48,2.4251,3.5800,5.2147,0
5.733,0,0,1500,1500,0.60,0.48,2.4251,3.5800,5.2147,0
5.751,0,0,1500,1500,0.60,0.48,2.4251,3.5800,5.2147,0
5.768,0,0,1500,1500,0.60,0.48,2.4251,3.5800,5.2147,0
5.785,0,0,1500,1500,0.60,0.48,2.4251,3.5800,5.2147,0
5.804,0,0,1500,1500,0.60,0.48,2.4251,3.5800,5.2147,0
5.821,0,0,1500,1500,0.60,0.48,2.4251,3.5800,5.2147,0
5.839,0,0,1500,1500,0.60,0.48,2.4251,3.5800,5.2147,0
5.857,0,0,1500,1500,0.60,0.48,2.4251,3.5800,5.2147,0
5.874,0,0,1500,1500,0.40,-0.12,2.4251,3.5800,5.2147,0
5.893,0,0,1500,1500,0.40,-0.12,2.4251,3.5800,5.2147,0
5.913,0,0,1500,1500,0.40,-0.12,2.4251,3.5800,5.2147,0
5.930,0,0,1500,1500,0.40,-0.12,2.4251,3.5800,5.2147,0
5.948,0,0,1500,1500,0.40,-0.12,2.3227,3.2840,5.9690,0
5.966,0,0,1500,1500,0.40,-0.12,2.3227,3.2840,5.9690,0
5.984,0,0,1500,1500,0.40,-0.12,2.3227,3.2840,5.9690,0
6.001,0,0,1500,1500,0.40,-0.12,2.3227,3.2840,5.9690,0
6.019,0,0,1500,1500,0.40,-0.12,2.3227,3.2840,5.9690,0
6.036,0,0,1500,1500,0.40,-0.12,2.3227,3.2840,5.9690,0
6.054,0,0,1500,1500,0.40,-0.12,2.3227,3.2840,5.9690,0
6.074,0,0,1500,1500,0.40,-0.12,2.3227,3.2840,5.9690,0
6.091,0,0,1500,1500,0.40,-0.12,2.3227,3.2840,5.9690,0
6.109,0,0,1500,1500,0.40,-0.12,2.3227,3.2840,5.9690,0
6.126,74,-20,1600,1476,0.22,-0.18,2.3227,3.2840,5.9690,0
6.143,73,-20,1505,1494,0.22,-0.18,2.3227,3.2840,5.9690,0
6.160,72,-21,1504,1491,0.22,-0.18,2.3227,3.2840,5.9690,0
6.178,72,-21,1510,1494,0.22,-0.18,2.3227,3.2840,5.9690,0
6.195,71,-21,1504,1494,0.22,-0.18,2.6109,3.3709,5.6287,0
6.213,70,-21,1504,1494,0.22,-0.18,2.6109,3.3709,5.6287,0
6.230,68,-21,1499,1494,0.22,-0.18,2.6109,3.3709,5.6287,0
6.248,67,-21,1504,1494,0.22,-0.18,2.6109,3.3709,5.6287,0
6.265,65,-21,1499,1494,0.22,-0.18,2.6109,3.3709,5.6287,0
6.283,65,-21,1509,1494,0.22,-0.18,2.6109,3.3709,5.6287,0
6.300,62,-22,1493,1491,0.22,-0.18,2.6109,3.3709,5.6287,0
6.318,60,-22,1498,1494,0.22,-0.18,2.6109,3.3709,5.6287,1
6.335,59,-23,1503,1491,0.22,-0.18,2.6109,3.3709,5.6287,1
6.352,57,-22,1497,1497,0.22,-0.18,2.6109,3.3709,5.6287,1
6.369,55,-22,1497,1494,0.22,-0.18,2.6109,3.3709,5.6287,1
6.387,55,-22,1508,1494,0.43,-0.25,2.6109,3.3709,5.6287,1
6.404,54,-22,1502,1494,0.43,-0.25,2.6109,3.3709,5.6287,1
6.421,51,-23,1491,1491,0.43,-0.25,2.6109,3.3709,5.6287,1
6.439,50,-24,1501,1490,0.43,-0.25,2.4726,3.4813,5.9621,1
6.458,49,-24,1502,1493,0.43,-0.25,2.4726,3.4813,5.9621,1
6.475,48,-23,1501,1496,0.43,-0.25,2.4726,3.4813,5.9621,1
6.496,47,-23,1501,1493,0.43,-0.25,2.4726,3.4813,5.9621,1
6.514,45,-24,1498,1491,0.43,-0.25,2.4726,3.4813,5.9621,1
6.531,44,-25,1501,1490,0.43,-0.25,2.4726,3.4813,5.9621,1
6.549,43,-25,1500,1493,0.43,-0.25,2.4726,3.4813,5.9621,1
6.567,42,-25,1500,1493,0.43,-0.25,2.4726,3.4813,5.9621,1
6.585,40,-25,1496,1493,0.43,-0.25,2.4726,3.4813,5.9621,1
6.604,39,-25,1500,1493,0.43,-0.25,2.4726,3.4813,5.9621,1
6.622,37,-25,1495,1493,-0.22,-0.48,2.4726,3.4813,5.9621,1
6.639,36,-25,1500,1493,-0.22,-0.48,2.4726,3.4813,5.9621,1
6.657,34,-25,1494,1493,-0.22,-0.48,2.4726,3.4813,5.9621,1
6.675,33,-26,1500,1490,-0.22,-0.48,2.4726,3.4813,5.9621,1
6.692,31,-25,1494,1496,-0.22,-0.48,2.4868,3.7083,5.2542,1
6.712,30,-26,1500,1490,-0.22,-0.48,2.4868,3.7083,5.2542,1
6.729,28,-27,1493,1489,-0.22,-0.48,2.4868,3.7083,5.2542,1
6.746,25,-27,1487,1492,-0.22,-0.48,2.4868,3.7083,5.2542,1
6.765,25,-27,1503,1492,-0.22,-0.48,2.4868,3.7083,5.2542,1
6.782,22,-26,1487,1495,-0.22,-0.48,2.4868,3.7083,5.2542,1
6.799,22,-26,1503,1492,-0.22,-0.48,2.4868,3.7083,5.2542,1
6.817,19,-26,1486,1492,-0.22,-0.48,2.4868,3.7083,5.2542,1
6.834,18,-26,1498,1492,-0.22,-0.48,2.4868,3.7083,5.2542,1
6.851,17,-27,1497,1489,-0.22,-0.48,2.4868,3.7083,5.2542,1
6.869,16,-28,1497,1489,-0.22,-0.48,2.4868,3.7083,5.2542,1
6.886,15,-27,1497,1495,-0.26,-1.22,2.4868,3.7083,5.2542,1
6.903,15,-27,1502,1492,-0.26,-1.22,2.4868,3.7083,5.2542,1
6.920,13,-27,1491,1492,-0.26,-1.22,2.4868,3.7083,5.2542,1
6.938,12,-27,1497,1492,-0.26,-1.22,2.5290,3.4035,5.9356,1
6.956,11,-27,1496,1492,-0.26,-1.22,2.5290,3.4035,5.9356,1
6.973,10,-28,1496,1489,-0.26,-1.22,2.5290,3.4035,5.9356,1
6.990,9,-28,1496,1492,-0.26,-1.22,2.5290,3.4035,5.9356,1
7.007,7,-27,1490,1495,-0.26,-1.22,2.5290,3.4035,5.9356,1
7.026,6,-27,1496,1492,-0.26,-1.22,2.5290,3.4035,5.9356,1
7.043,4,-27,1490,1492,-0.26,-1.22,2.5290,3.4035,5.9356,1
7.062,2,-27,1490,1492,-0.26,-1.22,2.5290,3.4035,5.9356,1
7.079,-1,-27,1483,1492,-0.26,-1.22,2.5290,3.4035,5.9356,1
7.096,-4,-28,1482,1489,-0.26,-1.22,2.5290,3.4035,5.9356,1
7.114,-10,-29,1465,1489,-0.26,-1.22,2.5290,3.4035,5.9356,1
7.133,-14,-29,1478,1491,-0.42,-1.28,2.5290,3.4035,5.9356,1
7.155,-17,-28,1484,1494,-0.42,-1.28,2.5290,3.4035,5.9356,1
7.173,-20,-28,1481,1492,-0.42,-1.28,2.5290,3.4035,5.9356,1
7.190,-24,-28,1474,1492,-0.42,-1.28,2.6668,3.7385,6.8987,1
7.207,-27,-28,1479,1492,-0.42,-1.28,2.6668,3.7385,6.8987,1
7.225,-30,-28,1479,1492,-0.42,-1.28,2.6668,3.7385,6.8987,1
7.242,-33,-28,1478,1492,-0.42,-1.28,2.6668,3.7385,6.8987,1
7.260,-35,-29,1484,1489,-0.42,-1.28,2.6668,3.7385,6.8987,1
7.278,-38,-29,1478,1491,-0.42,-1.28,2.6668,3.7385,6.8987,1
7.298,-40,-29,1485,1491,-0.42,-1.28,2.6668,3.7385,6.8987,1
7.315,-45,-30,1465,1488,-0.42,-1.28,2.6668,3.7385,6.8987,1
7.333,-48,-30,1476,1491,-0.42,-1.28,2.6668,3.7385,6.8987,1
7.350,-50,-29,1481,1494,-0.42,-1.28,2.6668,3.7385,6.8987,1
7.368,-52,-28,1482,1494,-0.42,-1.28,2.6668,3.7385,6.8987,1
7.385,-53,-29,1487,1488,-0.86,-1.24,2.6668,3.7385,6.8987,1
7.403,-55,-28,1481,1495,-0.86,-1.24,2.6668,3.7385,6.8987,1
7.422,-55,-28,1492,1492,-0.86,-1.24,2.6668,3.7385,6.8987,1
7.442,-57,-28,1482,1492,-0.86,-1.24,2.7859,3.9044,7.7661,1
7.459,-58,-29,1486,1489,-0.86,-1.24,2.7859,3.9044,7.7661,1
7.477,-58,-29,1492,1491,-0.86,-1.24,2.7859,3.9044,7.7661,1
7.494,-59,-30,1486,1488,-0.86,-1.24,2.7859,3.9044,7.7661,1
7.512,-59,-29,1492,1494,-0.86,-1.24,2.7859,3.9044,7.7661,1
7.530,-59,-28,1492,1495,-0.86,-1.24,2.7859,3.9044,7.7661,1
7.548,-60,-27,1486,1495,-0.86,-1.24,2.7859,3.9044,7.7661,1
7.565,-60,-28,1491,1489,-0.86,-1.24,2.7859,3.9044,7.7661,1
7.584,-60,-28,1491,1492,-0.86,-1.24,2.7859,3.9044,7.7661,1
7.602,-59,-28,1497,1492,-0.86,-1.24,2.7859,3.9044,7.7661,1
7.619,-59,-29,1492,1489,-1.32,-0.75,2.7859,3.9044,7.7661,1
7.637,-59,-29,1492,1491,-1.32,-0.75,2.7859,3.9044,7.7661,1
7.655,-59,-29,1492,1491,-1.32,-0.75,2.7859,3.9044,7.7661,1
7.672,-59,-27,1492,1498,-1.32,-0.75,2.7859,3.9044,7.7661,1
7.690,-59,-28,1492,1489,-1.32,-0.75,2.9668,3.9584,8.8034,1
7.707,-59,-27,1492,1495,-1.32,-0.75,2.9668,3.9584,8.8034,1
7.725,-60,-27,1486,1492,-1.32,-0.75,2.9668,3.9584,8.8034,1
7.742,-60,-26,1491,1495,-1.32,-0.75,2.9668,3.9584,8.8034,1
7.760,-60,-26,1491,1492,-1.32,-0.75,2.9668,3.9584,8.8034,1
7.777,-59,-26,1497,1492,-1.32,-0.75,2.9668,3.9584,8.8034,1
7.795,-59,-26,1492,1492,-1.32,-0.75,2.9668,3.9584,8.8034,1
7.812,-58,-26,1498,1492,-1.32,-0.75,2.9668,3.9584,8.8034,1
7.831,-56,-26,1502,1492,-1.32,-0.75,2.9668,3.9584,8.8034,1
7.850,-56,-26,1492,1492,-1.32,-0.75,2.9668,3.9584,8.8034,1
7.867,-54,-25,1503,1495,-1.32,-0.75,2.9668,3.9584,8.8034,1
7.886,-54,-25,1492,1493,-0.89,0.41,2.9668,3.9584,8.8034,1
7.903,-54,-25,1492,1493,-0.89,0.41,2.9668,3.9584,8.8034,1
7.921,-53,-25,1498,1493,-0.89,0.41,2.9668,3.9584,8.8034,1
7.938,-52,-25,1498,1493,-0.89,0.41,2.4297,4.0279,5.0431,1
7.955,-51,-25,1499,1493,-0.89,0.41,2.4297,4.0279,5.0431,1
7.972,-49,-24,1504,1496,-0.89,0.41,2.4297,4.0279,5.0431,1
7.991,-48,-24,1499,1493,-0.89,0.41,2.4297,4.0279,5.0431,1
8.009,-47,-24,1499,1493,-0.89,0.41,2.4297,4.0279,5.0431,1
8.026,-46,-24,1499,1493,-0.89,0.41,2.4297,4.0279,5.0431,1
8.044,-46,-24,1494,1493,-0.89,0.41,2.4297,4.0279,5.0431,1
8.063,-45,-24,1499,1493,-0.89,0.41,2.4297,4.0279,5.0431,1
8.081,-45,-24,1494,1493,-0.89,0.41,2.4297,4.0279,5.0431,1
8.098,-44,-24,1500,1493,-0.89,0.41,2.4297,4.0279,5.0431,1
8.117,-44,-24,1494,1493,-0.89,0.41,2.4297,4.0279,5.0431,1
8.135,-44,-23,1494,1496,-0.63,1.19,2.4297,4.0279,5.0431,1
8.153,-44,-23,1494,1493,-0.63,1.19,2.4297,4.0279,5.0431,1
8.171,-43,-23,1500,1493,-0.63,1.19,2.4297,4.0279,5.0431,1
8.188,-43,-23,1494,1493,-0.63,1.19,2.6105,3.3234,6.9074,1
8.206,-43,-23,1494,1493,-0.63,1.19,2.6105,3.3234,6.9074,1
8.223,-43,-23,1494,1493,-0.63,1.19,2.6105,3.3234,6.9074,1
8.241,-42,-23,1500,1493,-0.63,1.19,2.6105,3.3234,6.9074,1
8.258,-42,-23,1494,1493,-0.63,1.19,2.6105,3.3234,6.9074,1
8.276,-42,-23,1494,1493,-0.63,1.19,2.6105,3.3234,6.9074,1
8.298,-41,-23,1499,1493,-0.63,1.19,2.6105,3.3234,6.9074,1
8.316,-41,-23,1494,1493,-0.63,1.19,2.6105,3.3234,6.9074,1
8.333,-42,-23,1488,1493,-0.63,1.19,2.6105,3.3234,6.9074,1
8.352,-41,-23,1500,1493,-0.63,1.19,2.6105,3.3234,6.9074,1
8.370,-41,-22,1494,1496,-0.29,0.51,2.6105,3.3234,6.9074,1
8.387,-41,-22,1494,1493,-0.29,0.51,2.6105,3.3234,6.9074,1
8.405,-41,-22,1494,1493,-0.29,0.51,2.6105,3.3234,6.9074,1
8.423,-41,-22,1494,1493,-0.29,0.51,2.6105,3.3234,6.9074,1
8.440,-40,-22,1500,1493,-0.29,0.51,2.6380,3.9306,5.9427,1
8.458,-40,-22,1494,1493,-0.29,0.51,2.6380,3.9306,5.9427,1
8.475,-40,-22,1494,1493,-0.29,0.51,2.6380,3.9306,5.9427,1
8.494,-40,-22,1494,1493,-0.29,0.51,2.6380,3.9306,5.9427,1
8.513,-40,-23,1494,1491,-0.29,0.51,2.6380,3.9306,5.9427,1
8.530,-40,-22,1494,1496,-0.29,0.51,2.6380,3.9306,5.9427,1
8.548,-40,-23,1494,1490,-0.29,0.51,2.6380,3.9306,5.9427,1
8.565,-39,-22,1500,1496,-0.29,0.51,2.6380,3.9306,5.9427,1
8.582,-38,-21,1500,1497,-0.29,0.51,2.6380,3.9306,5.9427,1
8.600,-38,-21,1495,1494,-0.29,0.51,2.6380,3.9306,5.9427,1
8.618,-38,-21,1495,1494,-0.53,0.08,2.6380,3.9306,5.9427,1
8.635,-38,-21,1495,1494,-0.53,0.08,2.6380,3.9306,5.9427,1
8.654,-37,-20,1500,1497,-0.53,0.08,2.6380,3.9306,5.9427,1
8.672,-37,-20,1495,1494,-0.53,0.08,2.6380,3.9306,5.9427,1
8.690,-36,-21,1500,1491,-0.53,0.08,2.6709,3.8369,5.4916,1
8.708,-35,-20,1500,1497,-0.53,0.08,2.6709,3.8369,5.4916,1
8.725,-34,-21,1500,1491,-0.53,0.08,2.6709,3.8369,5.4916,1
8.743,-33,-21,1500,1494,-0.53,0.08,2.6709,3.8369,5.4916,1
8.761,-31,-20,1506,1497,-0.53,0.08,2.6709,3.8369,5.4916,1
8.780,-30,-20,1500,1494,-0.53,0.08,2.6709,3.8369,5.4916,1
8.798,-29,-20,1500,1494,-0.53,0.08,2.6709,3.8369,5.4916,1
8.815,-28,-20,1501,1494,-0.53,0.08,2.6709,3.8369,5.4916,1
8.832,-26,-20,1507,1494,-0.53,0.08,2.6709,3.8369,5.4916,1
8.850,-25,-20,1501,1494,-0.53,0.08,2.6709,3.8369,5.4916,1
8.867,-24,-20,1502,1494,-0.60,0.35,2.6709,3.8369,5.4916,1
8.885,-23,-19,1501,1497,-0.60,0.35,2.6709,3.8369,5.4916,1
8.903,-23,-19,1497,1494,-0.60,0.35,2.6709,3.8369,5.4916,1
8.920,-23,-19,1497,1494,-0.60,0.35,2.6709,3.8369,5.4916,1
8.937,-22,-20,1502,1491,-0.60,0.35,2.7619,3.3820,6.4886,1
8.954,-22,-19,1497,1497,-0.60,0.35,2.7619,3.3820,6.4886,1
8.972,-22,-19,1497,1494,-0.60,0.35,2.7619,3.3820,6.4886,1
8.989,-23,-19,1491,1494,-0.60,0.35,2.7619,3.3820,6.4886,1
9.006,-23,-20,1497,1491,-0.60,0.35,2.7619,3.3820,6.4886,1
9.023,-22,-20,1502,1494,-0.60,0.35,2.7619,3.3820,6.4886,1
9.041,-22,-19,1497,1497,-0.60,0.35,2.7619,3.3820,6.4886,1
9.059,-23,-20,1491,1491,-0.60,0.35,2.7619,3.3820,6.4886,1
9.077,-23,-21,1497,1491,-0.60,0.35,2.7619,3.3820,6.4886,1
9.094,-23,-19,1497,1500,-0.60,0.35,2.7619,3.3820,6.4886,1
9.112,-23,-19,1497,1494,-0.60,0.35,2.7619,3.3820,6.4886,1
9.129,-23,-19,1497,1494,-0.79,0.35,2.7619,3.3820,6.4886,1
9.147,-23,-19,1497,1494,-0.79,0.35,2.7619,3.3820,6.4886,1
9.164,-22,-19,1502,1494,-0.79,0.35,2.7619,3.3820,6.4886,1
9.183,-22,-20,1497,1491,-0.79,0.35,2.6396,3.4235,6.7706,1
9.202,-20,-19,1507,1497,-0.79,0.35,2.6396,3.4235,6.7706,1
9.221,-20,-19,1497,1494,-0.79,0.35,2.6396,3.4235,6.7706,1
9.238,-19,-19,1502,1494,-0.79,0.35,2.6396,3.4235,6.7706,1
9.256,-18,-19,1502,1494,-0.79,0.35,2.6396,3.4235,6.7706,1
9.274,-17,-19,1503,1494,-0.79,0.35,2.6396,3.4235,6.7706,1
9.291,-17,-18,1498,1498,-0.79,0.35,2.6396,3.4235,6.7706,1
9.309,-16,-18,1503,1495,-0.79,0.35,2.6396,3.4235,6.7706,1
9.326,-15,-18,1503,1495,-0.79,0.35,2.6396,3.4235,6.7706,1
9.344,-14,-19,1503,1492,-0.79,0.35,2.6396,3.4235,6.7706,1
9.362,-14,-18,1498,1497,-0.79,0.35,2.6396,3.4235,6.7706,1
9.379,-14,-18,1498,1495,-0.87,0.62,2.6396,3.4235,6.7706,1
9.396,-13,-18,1503,1495,-0.87,0.62,2.6396,3.4235,6.7706,1
9.413,-13,-18,1498,1495,-0.87,0.62,2.6396,3.4235,6.7706,1
9.431,-12,-18,1503,1495,-0.87,0.62,2.4891,3.2957,6.3770,1
9.449,-12,-18,1499,1495,-0.87,0.62,2.4891,3.2957,6.3770,1
9.467,-11,-18,1503,1495,-0.87,0.62,2.4891,3.2957,6.3770,1
9.488,-11,-18,1499,1495,-0.87,0.62,2.4891,3.2957,6.3770,1
9.509,-11,-18,1499,1495,-0.87,0.62,2.4891,3.2957,6.3770,1
9.527,-11,-18,1499,1495,-0.87,0.62,2.4891,3.2957,6.3770,1
9.545,-11,-18,1499,1495,-0.87,0.62,2.4891,3.2957,6.3770,1
9.562,-11,-17,1499,1498,-0.87,0.62,2.4891,3.2957,6.3770,1
9.580,-11,-17,1499,1495,-0.87,0.62,2.4891,3.2957,6.3770,1
9.597,-11,-17,1499,1495,-0.87,0.62,2.4891,3.2957,6.3770,1
9.614,-11,-17,1499,1495,-0.37,0.83,2.4891,3.2957,6.3770,1
9.633,-11,-16,1499,1498,-0.37,0.83,2.4891,3.2957,6.3770,1
9.650,-11,-16,1499,1495,-0.37,0.83,2.4891,3.2957,6.3770,1
9.669,-11,-17,1499,1492,-0.37,0.83,2.4891,3.2957,6.3770,1
9.687,-11,-16,1499,1495,-0.37,0.83,2.7882,3.4651,6.3285,1
9.704,-11,-16,1499,1498,-0.37,0.83,2.7882,3.4651,6.3285,1
9.722,-11,-16,1499,1495,-0.37,0.83,2.7882,3.4651,6.3285,1
9.739,-11,-16,1499,1495,-0.37,0.83,2.7882,3.4651,6.3285,1
9.758,-11,-16,1499,1495,-0.37,0.83,2.7882,3.4651,6.3285,1
9.776,-12,-16,1493,1495,-0.37,0.83,2.7882,3.4651,6.3285,1
9.794,-12,-16,1499,1495,-0.37,0.83,2.7882,3.4651,6.3285,1
9.811,-12,-16,1499,1495,-0.37,0.83,2.7882,3.4651,6.3285,1
9.829,-13,-16,1493,1498,-0.37,0.83,2.7882,3.4651,6.3285,1
9.846,-13,-16,1498,1492,-0.37,0.83,2.7882,3.4651,6.3285,1
9.863,-13,-16,1498,1495,-0.77,0.98,2.7882,3.4651,6.3285,1
9.881,-14,-15,1493,1498,-0.77,0.98,2.7882,3.4651,6.3285,1
9.898,-14,-15,1498,1496,-0.77,0.98,2.7882,3.4651,6.3285,1
9.916,-14,-15,1498,1496,-0.77,0.98,2.7882,3.4651,6.3285,1
9.935,-13,-15,1503,1496,-0.77,0.98,2.6387,3.5124,5.8285,1
9.952,-13,-16,1498,1492,-0.77,0.98,2.6387,3.5124,5.8285,1
9.970,-12,-16,1503,1495,-0.77,0.98,2.6387,3.5124,5.8285,1
9.988,-11,-15,1503,1498,-0.77,0.98,2.6387,3.5124,5.8285,1
10.005,-10,-15,1504,1496,-0.77,0.98,2.6387,3.5124,5.8285,1
10.022,-10,-15,1499,1496,-0.77,0.98,2.6387,3.5124,5.8285,1
10.040,-9,-14,1504,1499,-0.77,0.98,2.6387,3.5124,5.8285,1
10.058,-8,-15,1504,1493,-0.77,0.98,2.6387,3.5124,5.8285,1
10.075,-5,-15,1516,1496,-0.77,0.98,2.6387,3.5124,5.8285,1
10.093,-4,-15,1504,1496,-0.77,0.98,2.6387,3.5124,5.8285,1
10.111,-3,-15,1505,1496,-0.77,0.98,2.6387,3.5124,5.8285,1
10.128,-2,-14,1505,1499,-0.92,0.88,2.6387,3.5124,5.8285,1
10.146,0,-15,1511,1493,-0.92,0.88,2.6387,3.5124,5.8285,1
10.163,0,-15,1500,1496,-0.92,0.88,2.6387,3.5124,5.8285,1
10.181,4,-16,1524,1492,-0.92,0.88,2.4535,3.3339,6.7278,1
10.198,5,-15,1506,1498,-0.92,0.88,2.4535,3.3339,6.7278,1
10.216,7,-14,1512,1499,-0.92,0.88,2.4535,3.3339,6.7278,1
10.233,10,-15,1518,1493,-0.92,0.88,2.4535,3.3339,6.7278,1
10.251,12,-15,1513,1496,-0.92,0.88,2.4535,3.3339,6.7278,1
10.268,14,-16,1513,1492,-0.92,0.88,2.4535,3.3339,6.7278,1
10.285,16,-14,1514,1501,-0.92,0.88,2.4535,3.3339,6.7278,1
10.302,18,-14,1514,1496,-0.92,0.88,2.4535,3.3339,6.7278,1
10.319,20,-14,1514,1496,-0.92,0.88,2.4535,3.3339,6.7278,1
10.338,23,-15,1519,1493,-0.92,0.88,2.4535,3.3339,6.7278,1
10.357,25,-14,1514,1499,-0.92,0.88,2.4535,3.3339,6.7278,1
10.376,27,-14,1514,1496,-0.73,0.98,2.4535,3.3339,6.7278,1
10.393,30,-14,1520,1496,-0.73,0.98,2.4535,3.3339,6.7278,1
10.412,32,-14,1515,1496,-0.73,0.98,2.4535,3.3339,6.7278,1
10.429,34,-14,1515,1496,-0.73,0.98,2.4472,3.4031,6.5879,1
10.447,38,-15,1529,1493,-0.73,0.98,2.4472,3.4031,6.5879,1
10.464,40,-14,1517,1499,-0.73,0.98,2.4472,3.4031,6.5879,1
10.482,42,-14,1517,1496,-0.73,0.98,2.4472,3.4031,6.5879,1
10.499,45,-15,1523,1493,-0.73,0.98,2.4472,3.4031,6.5879,1
10.517,47,-14,1518,1499,-0.73,0.98,2.4472,3.4031,6.5879,1
10.535,50,-14,1523,1496,-0.73,0.98,2.4472,3.4031,6.5879,1
10.553,53,-15,1525,1493,-0.73,0.98,2.4472,3.4031,6.5879,1
10.570,56,-14,1525,1499,-0.73,0.98,2.4472,3.4031,6.5879,1
10.588,59,-15,1525,1493,-0.73,0.98,2.4472,3.4031,6.5879,1
10.605,63,-15,1531,1496,-0.73,0.98,2.4472,3.4031,6.5879,0
10.623,67,-14,1532,1499,-0.23,1.05,2.4472,3.4031,6.5879,0
10.640,71,-14,1533,1496,-0.23,1.05,2.4472,3.4031,6.5879,0
10.659,75,-14,1534,1496,-0.23,1.05,2.4472,3.4031,6.5879,0
10.677,79,-14,1533,1496,-0.23,1.05,2.2871,3.3909,6.4431,0
10.695,84,-14,1540,1496,-0.23,1.05,2.2871,3.3909,6.4431,0
10.712,92,-14,1559,1496,-0.23,1.05,2.2871,3.3909,6.4431,0
10.730,96,-14,1537,1496,-0.23,1.05,2.2871,3.3909,6.4431,0
10.747,99,-15,1532,1493,-0.23,1.05,2.2871,3.3909,6.4431,0
10.764,103,-15,1538,1496,-0.23,1.05,2.2871,3.3909,6.4431,0
10.781,106,-15,1533,1496,-0.23,1.05,2.2871,3.3909,6.4431,0
10.799,109,-16,1533,1492,-0.23,1.05,2.2871,3.3909,6.4431,0
10.817,111,-15,1527,1498,-0.23,1.05,2.2871,3.3909,6.4431,0
10.834,114,-15,1534,1496,-0.23,1.05,2.2871,3.3909,6.4431,0
10.851,116,-15,1529,1496,-0.23,1.05,2.2871,3.3909,6.4431,0
10.869,118,-15,1528,1496,-0.17,1.37,2.2871,3.3909,6.4431,0
10.886,119,-15,1523,1496,-0.17,1.37,2.2871,3.3909,6.4431,0
10.904,121,-16,1529,1492,-0.17,1.37,2.2871,3.3909,6.4431,0
10.921,123,-16,1529,1495,-0.17,1.37,2.2871,3.3909,6.4431,0
10.939,125,-16,1529,1495,-0.17,1.37,2.4204,3.5185,7.0473,0
10.957,127,-16,1530,1495,-0.17,1.37,2.4204,3.5185,7.0473,0
10.974,129,-16,1531,1495,-0.17,1.37,2.4204,3.5185,7.0473,0
10.991,130,-16,1525,1495,-0.17,1.37,2.4204,3.5185,7.0473,0
11.009,132,-17,1531,1492,-0.17,1.37,2.4204,3.5185,7.0473,0
11.028,133,-17,1525,1495,-0.17,1.37,2.4204,3.5185,7.0473,0
11.045,134,-17,1526,1495,-0.17,1.37,2.4204,3.5185,7.0473,0
11.062,134,-17,1520,1495,-0.17,1.37,2.4204,3.5185,7.0473,0
11.080,135,-17,1525,1495,-0.17,1.37,2.4204,3.5185,7.0473,0
11.097,136,-17,1526,1495,-0.17,1.37,2.4204,3.5185,7.0473,0
11.116,138,-17,1531,1495,0.15,0.60,2.4204,3.5185,7.0473,0
11.133,138,-17,1520,1495,0.15,0.60,2.4204,3.5185,7.0473,0
11.152,139,-19,1526,1489,0.15,0.60,2.4204,3.5185,7.0473,0
11.169,139,-19,1520,1494,0.15,0.60,2.4204,3.5185,7.0473,0
11.186,141,-18,1532,1498,0.15,0.60,2.5046,3.9768,7.2801,0
11.204,141,-20,1521,1489,0.15,0.60,2.5046,3.9768,7.2801,0
11.222,143,-19,1532,1497,0.15,0.60,2.5046,3.9768,7.2801,0
11.240,144,-19,1527,1494,0.15,0.60,2.5046,3.9768,7.2801,0
11.258,145,-19,1527,1494,0.15,0.60,2.5046,3.9768,7.2801,0
11.276,147,-18,1533,1497,0.15,0.60,2.5046,3.9768,7.2801,0
11.293,149,-19,1533,1492,0.15,0.60,2.5046,3.9768,7.2801,0
11.310,151,-19,1534,1494,0.15,0.60,2.5046,3.9768,7.2801,0
11.327,152,-18,1528,1498,0.15,0.60,2.5046,3.9768,7.2801,0
11.344,153,-18,1528,1495,0.15,0.60,2.5046,3.9768,7.2801,0
11.363,153,-19,1523,1491,0.48,-0.10,2.5046,3.9768,7.2801,0
11.380,154,-18,1528,1497,0.48,-0.10,2.5046,3.9768,7.2801,0
11.399,154,-18,1523,1495,0.48,-0.10,2.5046,3.9768,7.2801,0
11.416,155,-18,1529,1495,0.48,-0.10,2.5046,3.9768,7.2801,0
11.433,155,-18,1523,1495,0.48,-0.10,2.5840,3.9659,7.6285,0
11.451,155,-18,1523,1495,0.48,-0.10,2.5840,3.9659,7.6285,0
11.468,156,-17,1529,1498,0.48,-0.10,2.5840,3.9659,7.6285,0
11.486,156,-18,1523,1492,0.48,-0.10,2.5840,3.9659,7.6285,0
11.505,156,-18,1523,1495,0.48,-0.10,2.5840,3.9659,7.6285,0
11.526,156,-17,1523,1497,0.48,-0.10,2.5840,3.9659,7.6285,0
11.544,156,-17,1523,1495,0.48,-0.10,2.5840,3.9659,7.6285,0
11.563,156,-17,1523,1495,0.48,-0.10,2.5840,3.9659,7.6285,0
11.580,157,-17,1529,1495,0.48,-0.10,2.5840,3.9659,7.6285,0
11.598,158,-17,1529,1495,0.48,-0.10,2.5840,3.9659,7.6285,0
11.616,159,-17,1529,1495,0.19,-0.30,2.5840,3.9659,7.6285,0
11.634,160,-17,1529,1495,0.19,-0.30,2.5840,3.9659,7.6285,0
11.654,160,-17,1524,1495,0.19,-0.30,2.5840,3.9659,7.6285,0
11.671,161,-16,1530,1498,0.19,-0.30,2.3850,3.7687,7.4249,0
11.691,161,-16,1524,1495,0.19,-0.30,2.3850,3.7687,7.4249,0
11.708,162,-16,1530,1495,0.19,-0.30,2.3850,3.7687,7.4249,0
11.726,164,-16,1536,1495,0.19,-0.30,2.3850,3.7687,7.4249,0
11.743,165,-16,1530,1495,0.19,-0.30,2.3850,3.7687,7.4249,0
11.760,167,-15,1536,1498,0.19,-0.30,2.3850,3.7687,7.4249,0
11.778,168,-15,1531,1496,0.19,-0.30,2.3850,3.7687,7.4249,0
11.795,168,-15,1525,1496,0.19,-0.30,2.3850,3.7687,7.4249,0
11.812,169,-15,1531,1496,0.19,-0.30,2.3850,3.7687,7.4249,0
11.829,171,-14,1537,1499,0.19,-0.30,2.3850,3.7687,7.4249,0
11.846,172,-15,1531,1493,0.19,-0.30,2.3850,3.7687,7.4249,0
11.863,173,-16,1531,1492,0.32,-0.08,2.3850,3.7687,7.4249,0
11.880,173,-16,1526,1495,0.32,-0.08,2.3850,3.7687,7.4249,0
11.898,174,-15,1531,1498,0.32,-0.08,2.3850,3.7687,7.4249,0
11.916,174,-15,1526,1496,0.32,-0.08,2.3850,3.7687,7.4249,0
11.934,175,-14,1532,1499,0.32,-0.08,2.8575,3.9055,7.5272,0
11.952,175,-14,1526,1496,0.32,-0.08,2.8575,3.9055,7.5272,0
11.969,176,-14,1532,1496,0.32,-0.08,2.8575,3.9055,7.5272,0
11.988,175,-13,1520,1499,0.32,-0.08,2.8575,3.9055,7.5272,0
12.006,174,-13,1520,1496,0.32,-0.08,2.8575,3.9055,7.5272,0
12.024,173,-12,1520,1499,0.32,-0.08,2.8575,3.9055,7.5272,0
12.042,172,-12,1520,1497,0.32,-0.08,2.8575,3.9055,7.5272,0
12.059,170,-12,1514,1497,0.32,-0.08,2.8575,3.9055,7.5272,0
12.079,169,-11,1519,1500,0.32,-0.08,2.8575,3.9055,7.5272,0
12.096,167,-11,1514,1497,0.32,-0.08,2.8575,3.9055,7.5272,0
12.114,166,-11,1519,1497,0.19,0.81,2.8575,3.9055,7.5272,0
12.137,165,-11,1520,1497,0.19,0.81,2.8575,3.9055,7.5272,0
12.154,164,-10,1518,1500,0.19,0.81,2.8575,3.9055,7.5272,0
12.172,162,-10,1512,1497,0.19,0.81,2.9088,4.0314,6.7592,0
12.189,161,-10,1518,1497,0.19,0.81,2.9088,4.0314,6.7592,0
12.207,159,-9,1512,1500,0.19,0.81,2.9088,4.0314,6.7592,0
12.225,159,-9,1523,1497,0.19,0.81,2.9088,4.0314,6.7592,0
12.243,159,-8,1523,1500,0.19,0.81,2.9088,4.0314,6.7592,0
12.261,159,-9,1523,1495,0.19,0.81,2.9088,4.0314,6.7592,0
12.279,158,-9,1518,1497,0.19,0.81,2.9088,4.0314,6.7592,0
12.296,158,-9,1523,1497,0.19,0.81,2.9088,4.0314,6.7592,0
12.314,157,-8,1517,1500,0.19,0.81,2.9088,4.0314,6.7592,0
12.332,155,-8,1511,1498,0.19,0.81,2.9088,4.0314,6.7592,0
12.349,155,-7,1523,1500,0.19,0.81,2.9088,4.0314,6.7592,0
12.366,154,-6,1517,1500,-0.24,1.27,2.9088,4.0314,6.7592,0
12.384,154,-6,1523,1498,-0.24,1.27,2.9088,4.0314,6.7592,0
12.404,151,-5,1507,1500,-0.24,1.27,2.9088,4.0314,6.7592,0
12.423,150,-5,1517,1499,-0.24,1.27,2.6264,3.8888,6.1113,0
12.441,148,-4,1511,1501,-0.24,1.27,2.6264,3.8888,6.1113,0
12.458,146,-4,1510,1499,-0.24,1.27,2.6264,3.8888,6.1113,0
12.476,144,-3,1510,1501,-0.24,1.27,2.6264,3.8888,6.1113,0
12.494,141,-3,1503,1499,-0.24,1.27,2.6264,3.8888,6.1113,0
12.511,139,-2,1509,1501,-0.24,1.27,2.6264,3.8888,6.1113,0
12.528,137,-2,1509,1499,-0.24,1.27,2.6264,3.8888,6.1113,0
12.545,134,-2,1502,1499,-0.24,1.27,2.6264,3.8888,6.1113,0
12.562,132,-1,1508,1502,-0.24,1.27,2.6264,3.8888,6.1113,0
12.579,130,-1,1507,1500,-0.24,1.27,2.6264,3.8888,6.1113,0
12.597,128,-1,1507,1500,-0.24,1.27,2.6264,3.8888,6.1113,0
12.614,126,0,1507,1502,-1.08,1.14,2.6264,3.8888,6.1113,0
12.631,126,0,1519,1500,-1.08,1.14,2.6264,3.8888,6.1113,0
12.651,122,0,1507,1500,-1.08,1.14,2.6264,3.8888,6.1113,0
12.668,120,0,1498,1500,-1.08,1.14,2.6264,3.8888,6.1113,0
12.686,118,0,1506,1500,-1.08,1.14,2.9294,3.4614,6.0211,0
12.703,116,1,1505,1502,-1.08,1.14,2.9294,3.4614,6.0211,0
12.721,114,1,1505,1500,-1.08,1.14,2.9294,3.4614,6.0211,0
12.740,112,1,1505,1500,-1.08,1.14,2.9294,3.4614,6.0211,0
12.759,109,2,1501,1502,-1.08,1.14,2.9294,3.4614,6.0211,0
12.778,104,2,1488,1500,-1.08,1.14,2.9294,3.4614,6.0211,0
12.796,102,3,1504,1503,-1.08,1.14,2.9294,3.4614,6.0211,0
12.813,100,3,1503,1500,-1.08,1.14,2.9294,3.4614,6.0211,0
12.831,98,3,1503,1500,-1.08,1.14,2.9294,3.4614,6.0211,0
12.848,97,3,1508,1500,-1.08,1.14,2.9294,3.4614,6.0211,0
12.866,95,4,1502,1503,-0.66,0.23,2.9294,3.4614,6.0211,0
12.885,95,5,1514,1503,-0.66,0.23,2.9294,3.4614,6.0211,0
12.903,94,5,1508,1501,-0.66,0.23,2.9294,3.4614,6.0211,0
12.920,94,5,1514,1501,-0.66,0.23,2.7637,3.5152,5.8822,0
12.944,93,5,1509,1501,-0.66,0.23,2.7637,3.5152,5.8822,0
12.962,94,6,1519,1504,-0.66,0.23,2.7637,3.5152,5.8822,0
12.979,94,6,1514,1501,-0.66,0.23,2.7637,3.5152,5.8822,0
12.996,94,6,1514,1501,-0.66,0.23,2.7637,3.5152,5.8822,0
13.013,95,7,1520,1504,-0.66,0.23,2.7637,3.5152,5.8822,0
13.030,95,7,1514,1501,-0.66,0.23,2.7637,3.5152,5.8822,0
13.047,96,8,1520,1504,-0.66,0.23,2.7637,3.5152,5.8822,0
13.065,98,8,1526,1502,-0.66,0.23,2.7637,3.5152,5.8822,0
13.083,99,8,1520,1502,-0.66,0.23,2.7637,3.5152,5.8822,0
13.100,101,9,1526,1505,-0.66,0.23,2.7637,3.5152,5.8822,0
13.118,103,9,1526,1502,-0.66,0.56,2.7637,3.5152,5.8822,0
13.135,105,9,1527,1502,-0.66,0.56,2.7637,3.5152,5.8822,0
13.152,107,10,1527,1505,-0.66,0.56,2.7637,3.5152,5.8822,0
13.169,109,10,1528,1502,-0.66,0.56,2.6271,3.3589,5.6315,0
13.187,111,11,1527,1505,-0.66,0.56,2.6271,3.3589,5.6315,0
13.204,113,11,1528,1502,-0.66,0.56,2.6271,3.3589,5.6315,0
13.222,116,12,1534,1506,-0.66,0.56,2.6271,3.3589,5.6315,0
13.240,118,12,1529,1503,-0.66,0.56,2.6271,3.3589,5.6315,0
13.259,119,13,1523,1506,-0.66,0.56,2.6271,3.3589,5.6315,0
13.277,120,14,1523,1506,-0.66,0.56,2.6271,3.3589,5.6315,0
13.294,121,14,1524,1503,-0.66,0.56,2.6271,3.3589,5.6315,0
13.311,122,14,1524,1503,-0.66,0.56,2.6271,3.3589,5.6315,0
13.329,123,14,1524,1503,-0.66,0.56,2.6271,3.3589,5.6315,0
13.347,124,14,1524,1503,-0.66,0.56,2.6271,3.3589,5.6315,0
13.364,125,15,1524,1507,-0.75,0.98,2.6271,3.3589,5.6315,0
13.381,126,15,1524,1504,-0.75,0.98,2.6271,3.3589,5.6315,0
13.399,127,16,1524,1507,-0.75,0.98,2.6271,3.3589,5.6315,0
13.416,129,16,1531,1504,-0.75,0.98,2.6271,3.3589,5.6315,0
13.434,130,17,1525,1507,-0.75,0.98,2.2908,3.0907,5.7081,0
13.452,131,17,1525,1504,-0.75,0.98,2.2908,3.0907,5.7081,0
13.469,132,18,1525,1507,-0.75,0.98,2.2908,3.0907,5.7081,0
13.487,133,18,1525,1505,-0.75,0.98,2.2908,3.0907,5.7081,0
13.504,134,18,1525,1505,-0.75,0.98,2.2908,3.0907,5.7081,0
13.521,137,19,1537,1508,-0.75,0.98,2.2908,3.0907,5.7081,0
13.539,139,19,1532,1505,-0.75,0.98,2.2908,3.0907,5.7081,0
13.559,142,21,1536,1511,-0.75,0.98,2.2908,3.0907,5.7081,0
13.579,143,21,1527,1506,-0.75,0.98,2.2908,3.0907,5.7081,0
13.596,144,21,1526,1506,-0.75,0.98,2.2908,3.0907,5.7081,0
13.614,146,22,1533,1509,-1.19,1.97,2.2908,3.0907,5.7081,0
13.631,146,22,1522,1506,-1.19,1.97,2.2908,3.0907,5.7081,0
13.648,147,22,1527,1506,-1.19,1.97,2.2908,3.0907,5.7081,0
13.666,148,22,1527,1506,-1.19,1.97,2.2908,3.0907,5.7081,0
13.683,149,23,1528,1509,-1.19,1.97,2.4085,3.2283,5.5393,0
13.703,148,23,1517,1506,-1.19,1.97,2.4085,3.2283,5.5393,0
13.721,147,24,1516,1509,-1.19,1.97,2.4085,3.2283,5.5393,0
13.739,146,24,1516,1507,-1.19,1.97,2.4085,3.2283,5.5393,0
13.757,145,24,1516,1507,-1.19,1.97,2.4085,3.2283,5.5393,0
13.775,144,24,1516,1507,-1.19,1.97,2.4085,3.2283,5.5393,0
13.792,142,24,1509,1507,-1.19,1.97,2.4085,3.2283,5.5393,0
13.809,141,24,1515,1507,-1.19,1.97,2.4085,3.2283,5.5393,0
13.827,139,24,1509,1507,-1.19,1.97,2.4085,3.2283,5.5393,0
13.844,138,24,1515,1507,-1.19,1.97,2.4085,3.2283,5.5393,0
13.862,136,24,1509,1507,-1.70,2.00,2.4085,3.2283,5.5393,0
13.880,136,24,1520,1507,-1.70,2.00,2.4085,3.2283,5.5393,0
13.898,134,24,1508,1507,-1.70,2.00,2.4085,3.2283,5.5393,0
13.917,132,24,1509,1507,-1.70,2.00,2.7724,3.2565,5.2711,0
13.934,131,24,1513,1507,-1.70,2.00,2.7724,3.2565,5.2711,0
13.952,131,24,1519,1507,-1.70,2.00,2.7724,3.2565,5.2711,0
13.970,131,24,1519,1507,-1.70,2.00,2.7724,3.2565,5.2711,0
13.988,130,23,1514,1504,-1.70,2.00,2.7724,3.2565,5.2711,0
14.005,130,23,1519,1506,-1.70,2.00,2.7724,3.2565,5.2711,0
14.023,131,24,1525,1510,-1.70,2.00,2.7724,3.2565,5.2711,0
14.040,131,23,1519,1504,-1.70,2.00,2.7724,3.2565,5.2711,0
14.058,132,24,1525,1510,-1.70,2.00,2.7724,3.2565,5.2711,0
14.075,132,24,1519,1507,-1.70,2.00,2.7724,3.2565,5.2711,0
14.092,132,23,1519,1504,-1.70,2.00,2.7724,3.2565,5.2711,0
14.109,133,23,1525,1506,-1.43,1.45,2.7724,3.2565,5.2711,0
14.126,133,23,1520,1506,-1.43,1.45,2.7724,3.2565,5.2711,0
14.143,133,23,1520,1506,-1.43,1.45,2.7724,3.2565,5.2711,0
14.161,133,23,1520,1506,-1.43,1.45,2.7724,3.2565,5.2711,0
14.179,132,23,1514,1506,-1.43,1.45,2.5591,3.3585,5.6663,0
14.196,131,23,1514,1506,-1.43,1.45,2.5591,3.3585,5.6663,0
14.213,130,23,1513,1506,-1.43,1.45,2.5591,3.3585,5.6663,0
14.231,130,23,1519,1506,-1.43,1.45,2.5591,3.3585,5.6663,0
14.248,129,22,1513,1503,-1.43,1.45,2.5591,3.3585,5.6663,0
14.265,128,22,1513,1506,-1.43,1.45,2.5591,3.3585,5.6663,0
14.283,127,22,1513,1506,-1.43,1.45,2.5591,3.3585,5.6663,0
14.303,125,22,1508,1506,-1.43,1.45,2.5591,3.3585,5.6663,0
14.320,123,22,1507,1506,-1.43,1.45,2.5591,3.3585,5.6663,0
14.338,121,21,1506,1503,-1.43,1.45,2.5591,3.3585,5.6663,0
14.356,120,21,1512,1506,-0.49,1.41,2.5591,3.3585,5.6663,0
14.373,120,21,1518,1506,-0.49,1.41,2.5591,3.3585,5.6663,0
14.390,120,21,1518,1506,-0.49,1.41,2.5591,3.3585,5.6663,0
14.408,120,20,1518,1503,-0.49,1.41,2.5591,3.3585,5.6663,0
14.425,120,20,1518,1506,-0.49,1.41,2.5958,3.2993,5.5313,0
14.443,120,20,1518,1506,-0.49,1.41,2.5958,3.2993,5.5313,0
14.462,119,20,1512,1506,-0.49,1.41,2.5958,3.2993,5.5313,0
14.479,119,20,1517,1506,-0.49,1.41,2.5958,3.2993,5.5313,0
14.497,120,20,1523,1506,-0.49,1.41,2.5958,3.2993,5.5313,0
14.514,120,19,1518,1502,-0.49,1.41,2.5958,3.2993,5.5313,0
14.531,120,19,1518,1505,-0.49,1.41,2.5958,3.2993,5.5313,0
14.548,121,19,1524,1505,-0.49,1.41,2.5958,3.2993,5.5313,0
14.568,120,19,1512,1505,-0.49,1.41,2.5958,3.2993,5.5313,0
14.587,118,18,1512,1505,-0.49,1.41,2.5958,3.2993,5.5313,0
14.605,117,18,1506,1502,-0.71,0.55,2.5958,3.2993,5.5313,0
14.622,117,18,1517,1505,-0.71,0.55,2.5958,3.2993,5.5313,0
14.640,116,18,1512,1505,-0.71,0.55,2.5958,3.2993,5.5313,0
14.657,115,16,1511,1500,-0.71,0.55,2.5958,3.2993,5.5313,0
14.675,114,17,1511,1508,-0.71,0.55,2.5722,3.3285,5.9567,0
14.692,111,16,1500,1502,-0.71,0.55,2.5722,3.3285,5.9567,0
14.710,109,15,1504,1501,-0.71,0.55,2.5722,3.3285,5.9567,0
14.728,107,15,1505,1504,-0.71,0.55,2.5722,3.3285,5.9567,0
14.746,104,16,1499,1507,-0.71,0.55,2.5722,3.3285,5.9567,0
14.763,102,15,1503,1501,-0.71,0.55,2.5722,3.3285,5.9567,0
14.781,98,15,1493,1504,-0.71,0.55,2.5722,3.3285,5.9567,0
14.798,96,15,1502,1504,-0.71,0.55,2.5722,3.3285,5.9567,0
14.815,93,14,1497,1501,-0.71,0.55,2.5722,3.3285,5.9567,0
14.832,91,14,1502,1504,-0.71,0.55,2.5722,3.3285,5.9567,0
14.850,87,14,1490,1504,-0.71,0.55,2.5722,3.3285,5.9567,0
14.867,84,14,1496,1504,-1.03,0.25,2.5722,3.3285,5.9567,0
14.885,80,13,1490,1501,-1.03,0.25,2.5722,3.3285,5.9567,0
14.907,74,13,1480,1504,-1.03,0.25,2.5722,3.3285,5.9567,0
14.924,70,13,1491,1504,-1.03,0.25,2.6979,3.6109,6.5079,0
14.941,67,13,1493,1504,-1.03,0.25,2.6979,3.6109,6.5079,0
14.959,63,13,1487,1504,-1.03,0.25,2.6979,3.6109,6.5079,0
14.976,59,13,1486,1504,-1.03,0.25,2.6979,3.6109,6.5079,1
14.993,55,13,1486,1504,-1.03,0.25,2.6979,3.6109,6.5079,1
15.011,51,13,1485,1504,-1.03,0.25,2.6979,3.6109,6.5079,1
15.029,48,13,1491,1504,-1.03,0.25,2.6979,3.6109,6.5079,1
15.046,45,13,1490,1504,-1.03,0.25,2.6979,3.6109,6.5079,1
15.063,42,13,1489,1504,-1.03,0.25,2.6979,3.6109,6.5079,1
15.082,38,13,1485,1504,-1.03,0.25,2.6979,3.6109,6.5079,1
15.099,36,13,1494,1504,-1.03,0.25,2.6979,3.6109,6.5079,1
15.117,33,12,1489,1501,-1.64,0.62,2.6979,3.6109,6.5079,1
15.135,30,13,1488,1507,-1.64,0.62,2.6979,3.6109,6.5079,1
15.152,27,12,1487,1501,-1.64,0.62,2.6979,3.6109,6.5079,1
15.169,25,12,1493,1503,-1.64,0.62,2.4574,3.3196,6.2195,1
15.187,22,12,1487,1503,-1.64,0.62,2.4574,3.3196,6.2195,1
15.205,16,12,1470,1503,-1.64,0.62,2.4574,3.3196,6.2195,1
15.223,14,12,1491,1503,-1.64,0.62,2.4574,3.3196,6.2195,1
15.240,11,12,1485,1503,-1.64,0.62,2.4574,3.3196,6.2195,1
15.258,9,12,1491,1503,-1.64,0.62,2.4574,3.3196,6.2195,1
15.276,7,12,1490,1503,-1.64,0.62,2.4574,3.3196,6.2195,1
15.294,5,12,1490,1503,-1.64,0.62,2.4574,3.3196,6.2195,1
15.312,3,12,1490,1503,-1.64,0.62,2.4574,3.3196,6.2195,1
15.329,0,12,1483,1503,-1.64,0.62,2.4574,3.3196,6.2195,1
15.346,-1,12,1495,1503,-1.64,0.62,2.4574,3.3196,6.2195,1
15.363,-3,12,1489,1503,-2.10,1.54,2.4574,3.3196,6.2195,1
15.381,-5,12,1488,1503,-2.10,1.54,2.4574,3.3196,6.2195,1
15.398,-5,12,1500,1503,-2.10,1.54,2.4574,3.3196,6.2195,1
15.417,-8,11,1483,1500,-2.10,1.54,2.4624,3.1649,5.4800,1
15.434,-9,11,1493,1503,-2.10,1.54,2.4624,3.1649,5.4800,1
15.451,-11,11,1488,1503,-2.10,1.54,2.4624,3.1649,5.4800,1
15.468,-13,11,1487,1503,-2.10,1.54,2.4624,3.1649,5.4800,1
15.486,-15,11,1487,1503,-2.10,1.54,2.4624,3.1649,5.4800,1
15.504,-18,10,1481,1500,-2.10,1.54,2.4624,3.1649,5.4800,1
15.521,-20,10,1486,1503,-2.10,1.54,2.4624,3.1649,5.4800,1
15.538,-21,10,1492,1503,-2.10,1.54,2.4624,3.1649,5.4800,1
15.557,-23,9,1486,1500,-2.10,1.54,2.4624,3.1649,5.4800,1
15.574,-24,9,1491,1503,-2.10,1.54,2.4624,3.1649,5.4800,1
15.593,-26,9,1486,1503,-2.10,1.54,2.4624,3.1649,5.4800,1
15.610,-27,8,1491,1500,-2.02,1.73,2.4624,3.1649,5.4800,1
15.628,-29,8,1485,1502,-2.02,1.73,2.4624,3.1649,5.4800,1
15.646,-29,8,1496,1502,-2.02,1.73,2.4624,3.1649,5.4800,1
15.663,-31,8,1485,1502,-2.02,1.73,2.4624,3.1649,5.4800,1
15.681,-35,7,1473,1500,-2.02,1.73,2.7624,3.1933,5.8397,1
15.700,-37,7,1485,1502,-2.02,1.73,2.7624,3.1933,5.8397,1
15.718,-40,6,1478,1500,-2.02,1.73,2.7624,3.1933,5.8397,1
15.736,-42,6,1483,1502,-2.02,1.73,2.7624,3.1933,5.8397,1
15.753,-44,6,1482,1502,-2.02,1.73,2.7624,3.1933,5.8397,1
15.770,-46,5,1482,1499,-2.02,1.73,2.7624,3.1933,5.8397,1
15.788,-51,5,1464,1501,-2.02,1.73,2.7624,3.1933,5.8397,1
15.806,-53,4,1482,1499,-2.02,1.73,2.7624,3.1933,5.8397,1
15.823,-56,4,1475,1501,-2.02,1.73,2.7624,3.1933,5.8397,1
15.840,-58,4,1480,1501,-2.02,1.73,2.7624,3.1933,5.8397,1
15.857,-58,4,1492,1501,-2.53,1.54,2.7624,3.1933,5.8397,1
15.874,-61,3,1474,1499,-2.53,1.54,2.7624,3.1933,5.8397,0
15.893,-63,3,1480,1501,-2.53,1.54,2.7624,3.1933,5.8397,0
15.910,-66,3,1474,1501,-2.53,1.54,2.7624,3.1933,5.8397,0
15.928,-68,2,1479,1499,-2.53,1.54,2.5188,3.2960,5.8332,0
15.946,-74,1,1456,1498,-2.53,1.54,2.5188,3.2960,5.8332,0
15.963,-76,1,1478,1500,-2.53,1.54,2.5188,3.2960,5.8332,0
15.981,-79,0,1471,1498,-2.53,1.54,2.5188,3.2960,5.8332,0
15.998,-81,0,1477,1500,-2.53,1.54,2.5188,3.2960,5.8332,0
16.015,-83,-1,1476,1498,-2.53,1.54,2.5188,3.2960,5.8332,0
16.032,-85,-1,1476,1500,-2.53,1.54,2.5188,3.2960,5.8332,0
16.049,-87,-1,1476,1500,-2.53,1.54,2.5188,3.2960,5.8332,0
16.066,-89,-1,1475,1500,-2.53,1.54,2.5188,3.2960,5.8332,0
16.086,-92,-2,1476,1498,-2.53,1.54,2.5188,3.2960,5.8332,0
16.103,-92,-2,1481,1500,-2.44,0.50,2.5188,3.2960,5.8332,0
16.121,-94,-3,1475,1497,-2.44,0.50,2.5188,3.2960,5.8332,0
16.142,-95,-4,1480,1497,-2.44,0.50,2.5188,3.2960,5.8332,0
16.160,-97,-4,1476,1500,-2.44,0.50,2.5188,3.2960,5.8332,0
16.178,-97,-5,1486,1497,-2.44,0.50,2.8734,3.3013,6.7563,0
16.196,-98,-5,1480,1499,-2.44,0.50,2.8734,3.3013,6.7563,0
16.214,-98,-5,1486,1499,-2.44,0.50,2.8734,3.3013,6.7563,0
16.233,-98,-6,1486,1496,-2.44,0.50,2.8734,3.3013,6.7563,0
16.250,-98,-6,1486,1499,-2.44,0.50,2.8734,3.3013,6.7563,0
16.267,-97,-6,1492,1499,-2.44,0.50,2.8734,3.3013,6.7563,0
16.284,-96,-7,1492,1496,-2.44,0.50,2.8734,3.3013,6.7563,0
16.303,-95,-7,1492,1499,-2.44,0.50,2.8734,3.3013,6.7563,0
16.320,-93,-8,1498,1496,-2.44,0.50,2.8734,3.3013,6.7563,0
16.337,-91,-8,1498,1498,-2.44,0.50,2.8734,3.3013,6.7563,0
16.355,-89,-9,1498,1495,-2.36,-0.46,2.8734,3.3013,6.7563,0
16.372,-86,-9,1503,1498,-2.36,-0.46,2.8734,3.3013,6.7563,0
16.391,-84,-10,1499,1495,-2.36,-0.46,2.8734,3.3013,6.7563,0
16.409,-82,-11,1499,1495,-2.36,-0.46,2.8734,3.3013,6.7563,0
16.426,-79,-10,1505,1500,-2.36,-0.46,2.6487,3.3430,7.1668,0
16.444,-75,-11,1511,1495,-2.36,-0.46,2.6487,3.3430,7.1668,0
16.462,-73,-11,1500,1498,-2.36,-0.46,2.6487,3.3430,7.1668,0
16.479,-71,-12,1500,1494,-2.36,-0.46,2.6487,3.3430,7.1668,0
16.496,-69,-13,1501,1494,-2.36,-0.46,2.6487,3.3430,7.1668,0
16.513,-67,-12,1501,1500,-2.36,-0.46,2.6487,3.3430,7.1668,0
16.531,-66,-12,1496,1497,-2.36,-0.46,2.6487,3.3430,7.1668,0
16.548,-64,-13,1501,1494,-2.36,-0.46,2.6487,3.3430,7.1668,0
16.567,-63,-14,1497,1494,-2.36,-0.46,2.6487,3.3430,7.1668,0
16.584,-61,-15,1501,1494,-2.36,-0.46,2.6487,3.3430,7.1668,0
16.604,-60,-14,1496,1499,-1.99,-0.66,2.6487,3.3430,7.1668,1
16.621,-59,-14,1497,1497,-1.99,-0.66,2.6487,3.3430,7.1668,1
16.639,-58,-15,1497,1493,-1.99,-0.66,2.6487,3.3430,7.1668,1
16.656,-57,-15,1498,1496,-1.99,-0.66,2.6487,3.3430,7.1668,1
16.675,-57,-16,1492,1493,-1.99,-0.66,2.6683,3.5200,6.4946,1
16.692,-56,-16,1497,1496,-1.99,-0.66,2.6683,3.5200,6.4946,1
16.710,-56,-16,1492,1496,-1.99,-0.66,2.6683,3.5200,6.4946,1
16.728,-55,-17,1498,1493,-1.99,-0.66,2.6683,3.5200,6.4946,1
16.746,-54,-17,1498,1496,-1.99,-0.66,2.6683,3.5200,6.4946,1
16.763,-53,-17,1498,1496,-1.99,-0.66,2.6683,3.5200,6.4946,1
16.780,-52,-18,1498,1492,-1.99,-0.66,2.6683,3.5200,6.4946,1
16.797,-51,-19,1499,1492,-1.99,-0.66,2.6683,3.5200,6.4946,1
16.815,-51,-18,1493,1498,-1.99,-0.66,2.6683,3.5200,6.4946,1
16.833,-50,-18,1498,1495,-1.99,-0.66,2.6683,3.5200,6.4946,1
16.850,-49,-18,1499,1495,-1.23,-0.60,2.6683,3.5200,6.4946,1
16.868,-48,-18,1499,1495,-1.23,-0.60,2.6683,3.5200,6.4946,1
16.886,-47,-18,1499,1495,-1.23,-0.60,2.6683,3.5200,6.4946,1
16.905,-46,-18,1499,1495,-1.23,-0.60,2.6683,3.5200,6.4946,1
16.922,-45,-19,1499,1492,-1.23,-0.60,2.7176,3.6330,6.2001,1
16.939,-44,-19,1500,1495,-1.23,-0.60,2.7176,3.6330,6.2001,1
16.957,-43,-20,1500,1492,-1.23,-0.60,2.7176,3.6330,6.2001,1
16.974,-43,-19,1494,1498,-1.23,-0.60,2.7176,3.6330,6.2001,1
16.992,-42,-19,1500,1495,-1.23,-0.60,2.7176,3.6330,6.2001,1
17.009,-42,-19,1494,1495,-1.23,-0.60,2.7176,3.6330,6.2001,1
17.027,-41,-19,1500,1495,-1.23,-0.60,2.7176,3.6330,6.2001,1
17.045,-41,-20,1494,1492,-1.23,-0.60,2.7176,3.6330,6.2001,1
17.062,-40,-20,1500,1495,-1.23,-0.60,2.7176,3.6330,6.2001,1
17.079,-40,-20,1494,1495,-1.23,-0.60,2.7176,3.6330,6.2001,1
17.096,-39,-20,1500,1495,-1.23,-0.60,2.7176,3.6330,6.2001,1
17.113,-39,-20,1495,1495,-0.67,-0.47,2.7176,3.6330,6.2001,1
17.132,-38,-20,1500,1495,-0.67,-0.47,2.7176,3.6330,6.2001,1
17.150,-37,-21,1500,1492,-0.67,-0.47,2.7176,3.6330,6.2001,1
17.167,-36,-21,1500,1494,-0.67,-0.47,2.7865,3.4184,7.3626,1
17.184,-35,-21,1500,1494,-0.67,-0.47,2.7865,3.4184,7.3626,1
17.202,-34,-21,1500,1494,-0.67,-0.47,2.7865,3.4184,7.3626,1
17.219,-31,-21,1512,1494,-0.67,-0.47,2.7865,3.4184,7.3626,1
17.237,-31,-21,1496,1494,-0.67,-0.47,2.7865,3.4184,7.3626,1
17.254,-30,-21,1501,1494,-0.67,-0.47,2.7865,3.4184,7.3626,1
17.271,-28,-21,1507,1494,-0.67,-0.47,2.7865,3.4184,7.3626,1
17.288,-24,-21,1519,1494,-0.67,-0.47,2.7865,3.4184,7.3626,1
17.305,-24,-21,1497,1494,-0.67,-0.47,2.7865,3.4184,7.3626,1
17.323,-19,-22,1526,1491,-0.67,-0.47,2.7865,3.4184,7.3626,1
17.340,-16,-22,1514,1494,-0.67,-0.47,2.7865,3.4184,7.3626,1
17.357,-13,-23,1515,1491,-0.34,-0.61,2.7865,3.4184,7.3626,1
17.375,-13,-23,1498,1494,-0.34,-0.61,2.7865,3.4184,7.3626,1
17.393,-10,-23,1515,1494,-0.34,-0.61,2.7865,3.4184,7.3626,1
17.412,-5,-23,1526,1494,-0.34,-0.61,2.7865,3.4184,7.3626,1
17.430,-2,-23,1515,1494,-0.34,-0.61,2.9959,3.1142,8.3006,1
17.448,1,-23,1516,1494,-0.34,-0.61,2.9959,3.1142,8.3006,1
17.465,3,-23,1511,1494,-0.34,-0.61,2.9959,3.1142,8.3006,1
17.482,6,-23,1518,1494,-0.34,-0.61,2.9959,3.1142,8.3006,1
17.502,9,-23,1516,1494,-0.34,-0.61,2.9959,3.1142,8.3006,1
17.519,11,-24,1513,1490,-0.34,-0.61,2.9959,3.1142,8.3006,1
17.536,16,-23,1531,1496,-0.34,-0.61,2.9959,3.1142,8.3006,1
17.553,16,-23,1502,1494,-0.34,-0.61,2.9959,3.1142,8.3006,1
17.571,17,-23,1508,1494,-0.34,-0.61,2.9959,3.1142,8.3006,1
17.588,22,-24,1532,1490,-0.34,-0.61,2.9959,3.1142,8.3006,1
17.605,24,-24,1515,1493,-0.45,-0.52,2.9959,3.1142,8.3006,1
17.623,26,-24,1515,1493,-0.45,-0.52,2.9959,3.1142,8.3006,1
17.641,29,-24,1520,1493,-0.45,-0.52,2.9959,3.1142,8.3006,1
17.658,31,-24,1515,1493,-0.45,-0.52,2.9959,3.1142,8.3006,1
17.678,33,-24,1515,1493,-0.45,-0.52,2.2764,3.3512,6.1138,1
17.695,36,-25,1522,1490,-0.45,-0.52,2.2764,3.3512,6.1138,1
17.713,38,-25,1517,1493,-0.45,-0.52,2.2764,3.3512,6.1138,1
17.730,40,-25,1517,1493,-0.45,-0.52,2.2764,3.3512,6.1138,1
17.748,42,-25,1517,1493,-0.45,-0.52,2.2764,3.3512,6.1138,1
17.765,44,-25,1518,1493,-0.45,-0.52,2.2764,3.3512,6.1138,1
17.785,46,-26,1516,1490,-0.45,-0.52,2.2764,3.3512,6.1138,1
17.803,47,-25,1512,1496,-0.45,-0.52,2.2764,3.3512,6.1138,1
17.820,51,-25,1530,1493,-0.45,-0.52,2.2764,3.3512,6.1138,1
17.838,52,-25,1513,1493,-0.45,-0.52,2.2764,3.3512,6.1138,1
17.855,53,-25,1513,1493,-0.59,-0.59,2.2764,3.3512,6.1138,1
17.876,53,-25,1507,1493,-0.59,-0.59,2.2764,3.3512,6.1138,1
17.895,56,-26,1522,1490,-0.59,-0.59,2.2764,3.3512,6.1138,1
17.912,56,-26,1508,1492,-0.59,-0.59,2.6251,3.3758,5.6052,1
17.930,58,-26,1520,1492,-0.59,-0.59,2.6251,3.3758,5.6052,1
17.947,58,-25,1508,1496,-0.59,-0.59,2.6251,3.3758,5.6052,1
17.965,59,-25,1514,1493,-0.59,-0.59,2.6251,3.3758,5.6052,1
17.983,59,-26,1508,1490,-0.59,-0.59,2.6251,3.3758,5.6052,1
18.002,59,-26,1508,1492,-0.59,-0.59,2.6251,3.3758,5.6052,1
18.019,59,-25,1508,1495,-0.59,-0.59,2.6251,3.3758,5.6052,1
18.037,59,-26,1508,1490,-0.59,-0.59,2.6251,3.3758,5.6052,1
18.054,59,-26,1508,1492,-0.59,-0.59,2.6251,3.3758,5.6052,1
18.074,60,-25,1514,1495,-0.59,-0.59,2.6251,3.3758,5.6052,1
18.091,60,-26,1509,1490,-0.59,-0.59,2.6251,3.3758,5.6052,1
18.108,61,-26,1515,1492,0.09,-1.18,2.6251,3.3758,5.6052,0
18.128,62,-26,1514,1492,0.09,-1.18,2.6251,3.3758,5.6052,0
18.145,63,-26,1514,1492,0.09,-1.18,2.6251,3.3758,5.6052,0
18.165,64,-26,1509,1492,0.09,-1.18,2.6501,3.4690,5.9336,0
18.182,65,-26,1520,1492,0.09,-1.18,2.6501,3.4690,5.9336,0
18.200,66,-26,1515,1492,0.09,-1.18,2.6501,3.4690,5.9336,0
18.219,67,-26,1515,1492,0.09,-1.18,2.6501,3.4690,5.9336,0
18.237,67,-26,1510,1492,0.09,-1.18,2.6501,3.4690,5.9336,0
18.254,69,-26,1521,1492,0.09,-1.18,2.6501,3.4690,5.9336,0
18.272,70,-26,1516,1492,0.09,-1.18,2.6501,3.4690,5.9336,0
18.289,70,-26,1510,1492,0.09,-1.18,2.6501,3.4690,5.9336,0
18.307,70,-26,1510,1492,0.09,-1.18,2.6501,3.4690,5.9336,0
18.324,70,-26,1510,1492,0.09,-1.18,2.6501,3.4690,5.9336,0
18.341,70,-26,1510,1492,0.09,-1.18,2.6501,3.4690,5.9336,0
18.358,71,-26,1516,1492,0.42,-1.73,2.6501,3.4690,5.9336,0
18.377,71,-26,1510,1492,0.42,-1.73,2.6501,3.4690,5.9336,0
18.401,72,-27,1515,1490,0.42,-1.73,2.6501,3.4690,5.9336,0
18.421,73,-27,1515,1492,0.42,-1.73,2.3769,3.4645,6.3146,0
18.439,74,-27,1516,1492,0.42,-1.73,2.3769,3.4645,6.3146,0
18.457,75,-27,1516,1492,0.42,-1.73,2.3769,3.4645,6.3146,0
18.474,76,-26,1517,1495,0.42,-1.73,2.3769,3.4645,6.3146,0
18.492,77,-26,1517,1492,0.42,-1.73,2.3769,3.4645,6.3146,0
18.509,78,-27,1517,1489,0.42,-1.73,2.3769,3.4645,6.3146,0
18.526,78,-27,1511,1492,0.42,-1.73,2.3769,3.4645,6.3146,0
18.543,78,-26,1511,1495,0.42,-1.73,2.3769,3.4645,6.3146,0
18.561,79,-26,1517,1492,0.42,-1.73,2.3769,3.4645,6.3146,0
18.578,79,-27,1511,1489,0.42,-1.73,2.3769,3.4645,6.3146,0
18.595,79,-26,1511,1495,-0.40,-1.10,2.3769,3.4645,6.3146,0
18.613,79,-26,1511,1492,-0.40,-1.10,2.3769,3.4645,6.3146,0
18.631,78,-26,1506,1492,-0.40,-1.10,2.3769,3.4645,6.3146,0
18.649,78,-26,1511,1492,-0.40,-1.10,2.3769,3.4645,6.3146,0
18.671,77,-26,1507,1492,-0.40,-1.10,2.5062,3.3130,6.2590,0
18.689,77,-26,1511,1492,-0.40,-1.10,2.5062,3.3130,6.2590,0
18.708,75,-26,1500,1492,-0.40,-1.10,2.5062,3.3130,6.2590,0
18.726,75,-26,1511,1492,-0.40,-1.10,2.5062,3.3130,6.2590,0
18.744,75,-26,1511,1492,-0.40,-1.10,2.5062,3.3130,6.2590,0
18.761,75,-26,1511,1492,-0.40,-1.10,2.5062,3.3130,6.2590,0
18.779,73,-26,1500,1492,-0.40,-1.10,2.5062,3.3130,6.2590,0
18.797,71,-26,1500,1492,-0.40,-1.10,2.5062,3.3130,6.2590,0
18.817,68,-25,1495,1495,-0.40,-1.10,2.5062,3.3130,6.2590,0
18.835,67,-26,1504,1489,-0.40,-1.10,2.5062,3.3130,6.2590,0
18.852,67,-26,1510,1492,0.22,-0.81,2.5062,3.3130,6.2590,0
18.869,65,-26,1499,1492,0.22,-0.81,2.5062,3.3130,6.2590,0
18.889,63,-26,1499,1492,0.22,-0.81,2.5062,3.3130,6.2590,0
18.906,61,-25,1499,1495,0.22,-0.81,2.5062,3.3130,6.2590,0
18.925,59,-25,1498,1493,0.22,-0.81,2.6006,3.6523,5.7172,1
18.943,58,-25,1503,1493,0.22,-0.81,2.6006,3.6523,5.7172,1
18.960,57,-26,1502,1489,0.22,-0.81,2.6006,3.6523,5.7172,1
18.978,57,-26,1508,1492,0.22,-0.81,2.6006,3.6523,5.7172,1
18.995,57,-25,1508,1495,0.22,-0.81,2.6006,3.6523,5.7172,1
19.012,57,-25,1508,1493,0.22,-0.81,2.6006,3.6523,5.7172,1
19.030,58,-25,1514,1493,0.22,-0.81,2.6006,3.6523,5.7172,1
19.047,61,-24,1526,1496,0.22,-0.81,2.6006,3.6523,5.7172,0
19.064,63,-24,1520,1493,0.22,-0.81,2.6006,3.6523,5.7172,0
19.082,65,-25,1521,1490,0.22,-0.81,2.6006,3.6523,5.7172,0
19.099,67,-25,1521,1493,-0.35,-0.42,2.6006,3.6523,5.7172,0
19.118,69,-24,1521,1496,-0.35,-0.42,2.6006,3.6523,5.7172,0
19.136,71,-24,1521,1493,-0.35,-0.42,2.6006,3.6523,5.7172,0
19.154,73,-24,1522,1493,-0.35,-0.42,2.6006,3.6523,5.7172,0
19.173,75,-24,1521,1493,-0.35,-0.42,2.6949,3.1744,5.7928,0
19.191,78,-24,1529,1493,-0.35,-0.42,2.6949,3.1744,5.7928,0
19.210,79,-24,1517,1493,-0.35,-0.42,2.6949,3.1744,5.7928,0
19.229,81,-23,1522,1496,-0.35,-0.42,2.6949,3.1744,5.7928,0
19.246,83,-24,1524,1490,-0.35,-0.42,2.6949,3.1744,5.7928,0
19.264,84,-24,1518,1493,-0.35,-0.42,2.6949,3.1744,5.7928,0
19.282,86,-23,1524,1496,-0.35,-0.42,2.6949,3.1744,5.7928,0
19.301,87,-23,1518,1493,-0.35,-0.42,2.6949,3.1744,5.7928,0
19.318,88,-24,1518,1490,-0.35,-0.42,2.6949,3.1744,5.7928,0
19.337,89,-23,1519,1496,-0.35,-0.42,2.6949,3.1744,5.7928,0
19.358,89,-23,1513,1493,-0.18,-0.74,2.6949,3.1744,5.7928,0
19.376,89,-23,1513,1493,-0.18,-0.74,2.6949,3.1744,5.7928,0
19.396,90,-23,1518,1493,-0.18,-0.74,2.6949,3.1744,5.7928,0
19.413,90,-23,1513,1493,-0.18,-0.74,2.6949,3.1744,5.7928,0
19.430,90,-22,1513,1496,-0.18,-0.74,2.4576,3.1809,6.2466,0
19.448,90,-22,1513,1493,-0.18,-0.74,2.4576,3.1809,6.2466,0
19.466,90,-22,1513,1493,-0.18,-0.74,2.4576,3.1809,6.2466,0
19.484,90,-22,1513,1493,-0.18,-0.74,2.4576,3.1809,6.2466,0
19.501,90,-22,1513,1493,-0.18,-0.74,2.4576,3.1809,6.2466,0
19.519,90,-22,1513,1493,-0.18,-0.74,2.4576,3.1809,6.2466,0
19.537,90,-22,1513,1493,-0.18,-0.74,2.4576,3.1809,6.2466,0
19.554,91,-22,1519,1493,-0.18,-0.74,2.4576,3.1809,6.2466,0
19.572,91,-21,1513,1497,-0.18,-0.74,2.4576,3.1809,6.2466,0
19.590,92,-22,1519,1491,-0.18,-0.74,2.4576,3.1809,6.2466,0
19.608,93,-21,1519,1497,0.46,-0.12,2.4576,3.1809,6.2466,0
19.626,93,-21,1514,1494,0.46,-0.12,2.4576,3.1809,6.2466,0
19.643,94,-21,1519,1494,0.46,-0.12,2.4576,3.1809,6.2466,0
19.662,94,-21,1514,1494,0.46,-0.12,2.5951,3.0605,5.8162,0
19.679,95,-21,1520,1494,0.46,-0.12,2.5951,3.0605,5.8162,0
19.697,96,-20,1520,1497,0.46,-0.12,2.5951,3.0605,5.8162,0
19.714,96,-21,1514,1491,0.46,-0.12,2.5951,3.0605,5.8162,0
19.731,96,-20,1514,1497,0.46,-0.12,2.5951,3.0605,5.8162,0
19.750,96,-20,1514,1494,0.46,-0.12,2.5951,3.0605,5.8162,0
19.767,95,-20,1508,1494,0.46,-0.12,2.5951,3.0605,5.8162,0
19.785,93,-20,1502,1494,0.46,-0.12,2.5951,3.0605,5.8162,0
19.802,92,-20,1508,1494,0.46,-0.12,2.5951,3.0605,5.8162,0
19.821,90,-20,1502,1494,0.46,-0.12,2.5951,3.0605,5.8162,0
19.838,88,-20,1501,1494,0.46,-0.12,2.5951,3.0605,5.8162,0
19.858,88,-20,1513,1494,0.08,0.53,2.5951,3.0605,5.8162,0
19.875,85,-20,1496,1494,0.08,0.53,2.5951,3.0605,5.8162,0
19.895,82,-20,1497,1494,0.08,0.53,2.5951,3.0605,5.8162,0
19.912,79,-20,1495,1494,0.08,0.53,2.4300,3.7245,5.7472,0
19.930,73,-20,1478,1494,0.08,0.53,2.4300,3.7245,5.7472,0
19.947,70,-20,1494,1494,0.08,0.53,2.4300,3.7245,5.7472,0
19.965,68,-19,1499,1497,0.08,0.53,2.4300,3.7245,5.7472,0
19.983,66,-19,1499,1494,0.08,0.53,2.4300,3.7245,5.7472,0
20.000,64,-19,1499,1494,0.08,0.53,2.4300,3.7245,5.7472,0
20.018,61,-19,1493,1494,0.08,0.53,2.4300,3.7245,5.7472,0
20.036,59,-20,1498,1491,0.08,0.53,2.4300,3.7245,5.7472,1
20.053,58,-20,1503,1494,0.08,0.53,2.4300,3.7245,5.7472,1
20.070,57,-20,1502,1494,0.08,0.53,2.4300,3.7245,5.7472,1
20.087,56,-19,1502,1497,0.08,0.53,2.4300,3.7245,5.7472,1
20.106,55,-19,1502,1494,-0.11,0.83,2.4300,3.7245,5.7472,1
20.123,55,-19,1508,1494,-0.11,0.83,2.4300,3.7245,5.7472,1
20.141,54,-19,1502,1494,-0.11,0.83,2.4300,3.7245,5.7472,1
20.160,53,-19,1502,1494,-0.11,0.83,2.6092,3.5750,6.4036,1
20.177,52,-19,1502,1494,-0.11,0.83,2.6092,3.5750,6.4036,1
20.195,51,-19,1502,1494,-0.11,0.83,2.6092,3.5750,6.4036,1
20.213,49,-18,1496,1498,-0.11,0.83,2.6092,3.5750,6.4036,1
20.231,48,-19,1501,1492,-0.11,0.83,2.6092,3.5750,6.4036,1
20.249,46,-19,1497,1494,-0.11,0.83,2.6092,3.5750,6.4036,1
20.267,43,-20,1490,1491,-0.11,0.83,2.6092,3.5750,6.4036,1
20.284,41,-19,1496,1497,-0.11,0.83,2.6092,3.5750,6.4036,1
20.302,39,-19,1495,1494,-0.11,0.83,2.6092,3.5750,6.4036,1
20.319,37,-19,1495,1494,-0.11,0.83,2.6092,3.5750,6.4036,1
20.336,35,-19,1494,1494,-0.11,0.83,2.6092,3.5750,6.4036,1
20.353,32,-19,1488,1494,-0.44,0.61,2.6092,3.5750,6.4036,1
20.371,32,-19,1504,1494,-0.44,0.61,2.6092,3.5750,6.4036,1
20.391,30,-20,1495,1492,-0.44,0.61,2.6092,3.5750,6.4036,1
20.408,27,-19,1488,1497,-0.44,0.61,2.6854,3.6175,6.0255,1
20.427,21,-20,1472,1491,-0.44,0.61,2.6854,3.6175,6.0255,1
20.445,18,-20,1486,1494,-0.44,0.61,2.6854,3.6175,6.0255,1
20.462,16,-20,1491,1494,-0.44,0.61,2.6854,3.6175,6.0255,1
20.480,13,-20,1485,1494,-0.44,0.61,2.6854,3.6175,6.0255,1
20.497,11,-19,1491,1497,-0.44,0.61,2.6854,3.6175,6.0255,1
20.515,6,-19,1473,1494,-0.44,0.61,2.6854,3.6175,6.0255,1
20.532,4,-19,1490,1494,-0.44,0.61,2.6854,3.6175,6.0255,1
20.550,2,-19,1489,1494,-0.44,0.61,2.6854,3.6175,6.0255,1
20.567,0,-19,1489,1494,-0.44,0.61,2.6854,3.6175,6.0255,1
20.584,-2,-19,1489,1494,-0.44,0.61,2.6854,3.6175,6.0255,1
20.602,-4,-19,1500,1494,-0.43,0.29,2.6854,3.6175,6.0255,1
20.619,-5,-19,1483,1494,-0.43,0.29,2.6854,3.6175,6.0255,1
20.638,-5,-19,1500,1494,-0.43,0.29,2.6854,3.6175,6.0255,1
20.657,-8,-19,1483,1494,-0.43,0.29,2.7132,4.0529,4.6027,1
20.675,-9,-20,1494,1491,-0.43,0.29,2.7132,4.0529,4.6027,1
20.692,-11,-20,1488,1494,-0.43,0.29,2.7132,4.0529,4.6027,1
20.711,-12,-20,1493,1494,-0.43,0.29,2.7132,4.0529,4.6027,1
20.730,-13,-20,1493,1494,-0.43,0.29,2.7132,4.0529,4.6027,1
20.749,-14,-20,1493,1494,-0.43,0.29,2.7132,4.0529,4.6027,1
20.766,-14,-20,1498,1494,-0.43,0.29,2.7132,4.0529,4.6027,1
20.783,-15,-20,1492,1494,-0.43,0.29,2.7132,4.0529,4.6027,1
20.801,-15,-21,1498,1491,-0.43,0.29,2.7132,4.0529,4.6027,1
20.819,-15,-20,1498,1497,-0.43,0.29,2.7132,4.0529,4.6027,1
20.837,-15,-20,1498,1494,-0.43,0.29,2.7132,4.0529,4.6027,1
20.855,-16,-20,1493,1494,-0.77,-0.57,2.7132,4.0529,4.6027,1
20.873,-17,-21,1492,1491,-0.77,-0.57,2.7132,4.0529,4.6027,1
20.893,-18,-21,1493,1494,-0.77,-0.57,2.7132,4.0529,4.6027,1
20.913,-19,-21,1492,1494,-0.77,-0.57,2.9049,3.4196,7.2629,1
20.930,-21,-21,1487,1494,-0.77,-0.57,2.9049,3.4196,7.2629,1
20.947,-22,-20,1492,1497,-0.77,-0.57,2.9049,3.4196,7.2629,1
20.966,-24,-20,1485,1494,-0.77,-0.57,2.9049,3.4196,7.2629,1
20.983,-29,-20,1470,1494,-0.77,-0.57,2.9049,3.4196,7.2629,1
21.001,-31,-20,1484,1494,-0.77,-0.57,2.9049,3.4196,7.2629,1
21.018,-33,-20,1484,1494,-0.77,-0.57,2.9049,3.4196,7.2629,1
21.036,-35,-19,1484,1497,-0.77,-0.57,2.9049,3.4196,7.2629,1
21.053,-37,-19,1484,1494,-0.77,-0.57,2.9049,3.4196,7.2629,1
21.071,-39,-19,1483,1494,-0.77,-0.57,2.9049,3.4196,7.2629,1
21.089,-40,-19,1489,1494,-0.77,-0.57,2.9049,3.4196,7.2629,1
21.106,-42,-19,1483,1494,-1.38,-0.52,2.9049,3.4196,7.2629,1
21.123,-42,-19,1494,1494,-1.38,-0.52,2.9049,3.4196,7.2629,1
21.141,-42,-19,1494,1494,-1.38,-0.52,2.9049,3.4196,7.2629,1
21.158,-45,-20,1476,1491,-1.38,-0.52,2.6948,4.7404,5.1393,1
21.177,-46,-20,1488,1494,-1.38,-0.52,2.6948,4.7404,5.1393,1
21.194,-46,-20,1494,1494,-1.38,-0.52,2.6948,4.7404,5.1393,1
21.211,-47,-21,1488,1491,-1.38,-0.52,2.6948,4.7404,5.1393,1
21.230,-48,-20,1488,1497,-1.38,-0.52,2.6948,4.7404,5.1393,1
21.248,-48,-20,1493,1494,-1.38,-0.52,2.6948,4.7404,5.1393,1
21.266,-49,-20,1487,1494,-1.38,-0.52,2.6948,4.7404,5.1393,1
21.285,-50,-20,1487,1494,-1.38,-0.52,2.6948,4.7404,5.1393,1
21.302,-50,-20,1493,1494,-1.38,-0.52,2.6948,4.7404,5.1393,1
21.320,-49,-20,1499,1494,-1.38,-0.52,2.6948,4.7404,5.1393,1
21.339,-48,-20,1499,1494,-1.38,-0.52,2.6948,4.7404,5.1393,1
21.357,-47,-19,1499,1497,-1.40,-0.16,2.6948,4.7404,5.1393,1
21.375,-45,-19,1504,1494,-1.40,-0.16,2.6948,4.7404,5.1393,1
21.392,-43,-19,1504,1494,-1.40,-0.16,2.6948,4.7404,5.1393,1
21.410,-41,-19,1505,1494,-1.40,-0.16,3.1368,4.0549,9.9031,1
21.427,-39,-18,1505,1498,-1.40,-0.16,3.1368,4.0549,9.9031,1
21.446,-36,-18,1511,1495,-1.40,-0.16,3.1368,4.0549,9.9031,1
21.464,-34,-17,1505,1498,-1.40,-0.16,3.1368,4.0549,9.9031,1
21.482,-31,-17,1512,1495,-1.40,-0.16,3.1368,4.0549,9.9031,1
21.499,-29,-17,1507,1495,-1.40,-0.16,3.1368,4.0549,9.9031,1
21.517,-27,-17,1507,1495,-1.40,-0.16,3.1368,4.0549,9.9031,1
21.534,-27,-17,1496,1495,-1.40,-0.16,3.1368,4.0549,9.9031,1
21.551,-24,-17,1513,1495,-1.40,-0.16,3.1368,4.0549,9.9031,1
21.568,-21,-17,1514,1495,-1.40,-0.16,3.1368,4.0549,9.9031,1
21.586,-17,-17,1520,1495,-1.40,-0.16,3.1368,4.0549,9.9031,1
21.604,-15,-17,1509,1495,-1.82,0.22,3.1368,4.0549,9.9031,1
21.621,-12,-17,1515,1495,-1.82,0.22,3.1368,4.0549,9.9031,1
21.640,-9,-17,1515,1495,-1.82,0.22,3.1368,4.0549,9.9031,1
21.659,-7,-16,1509,1498,-1.82,0.22,2.9195,3.6397,9.4409,1
21.677,-6,-16,1504,1495,-1.82,0.22,2.9195,3.6397,9.4409,1
21.694,-4,-16,1510,1495,-1.82,0.22,2.9195,3.6397,9.4409,1
21.712,-3,-15,1505,1498,-1.82,0.22,2.9195,3.6397,9.4409,1
21.729,-3,-15,1500,1496,-1.82,0.22,2.9195,3.6397,9.4409,1
21.746,-2,-16,1505,1492,-1.82,0.22,2.9195,3.6397,9.4409,1
21.764,-2,-15,1500,1498,-1.82,0.22,2.9195,3.6397,9.4409,1
21.782,-3,-15,1494,1496,-1.82,0.22,2.9195,3.6397,9.4409,1
21.799,-3,-15,1500,1496,-1.82,0.22,2.9195,3.6397,9.4409,1
21.817,-3,-15,1500,1496,-1.82,0.22,2.9195,3.6397,9.4409,1
21.834,-3,-15,1500,1496,-1.82,0.22,2.9195,3.6397,9.4409,1
21.851,-4,-14,1494,1499,-0.58,0.74,2.9195,3.6397,9.4409,1
21.869,-4,-14,1500,1496,-0.58,0.74,2.9195,3.6397,9.4409,1
21.886,-4,-14,1500,1496,-0.58,0.74,2.9195,3.6397,9.4409,1
21.903,-5,-15,1494,1493,-0.58,0.74,2.7206,4.3202,6.8755,1
21.920,-4,-15,1505,1496,-0.58,0.74,2.7206,4.3202,6.8755,1
21.938,-4,-15,1500,1496,-0.58,0.74,2.7206,4.3202,6.8755,1
21.955,-4,-15,1500,1496,-0.58,0.74,2.7206,4.3202,6.8755,1
21.972,-4,-15,1500,1496,-0.58,0.74,2.7206,4.3202,6.8755,1
21.989,-3,-14,1505,1499,-0.58,0.74,2.7206,4.3202,6.8755,1
22.007,-2,-13,1505,1499,-0.58,0.74,2.7206,4.3202,6.8755,1
22.025,-1,-13,1505,1496,-0.58,0.74,2.7206,4.3202,6.8755,1
22.043,0,-14,1505,1493,-0.58,0.74,2.7206,4.3202,6.8755,1
22.060,1,-15,1505,1493,-0.58,0.74,2.7206,4.3202,6.8755,1
22.079,3,-14,1511,1499,-0.58,0.74,2.7206,4.3202,6.8755,1
22.096,4,-13,1506,1499,0.50,0.57,2.7206,4.3202,6.8755,1
22.115,5,-12,1506,1499,0.50,0.57,2.7206,4.3202,6.8755,1
22.132,6,-13,1506,1493,0.50,0.57,2.7206,4.3202,6.8755,1
22.149,8,-13,1512,1496,0.50,0.57,2.8036,5.0948,8.8481,1
22.167,10,-12,1512,1499,0.50,0.57,2.8036,5.0948,8.8481,1
22.184,10,-12,1501,1497,0.50,0.57,2.8036,5.0948,8.8481,1
22.201,11,-13,1507,1493,0.50,0.57,2.8036,5.0948,8.8481,1
22.218,12,-13,1507,1496,0.50,0.57,2.8036,5.0948,8.8481,1
22.236,14,-13,1513,1496,0.50,0.57,2.8036,5.0948,8.8481,1
22.254,15,-11,1507,1501,0.50,0.57,2.8036,5.0948,8.8481,1
22.273,16,-12,1508,1494,0.50,0.57,2.8036,5.0948,8.8481,1
22.290,17,-12,1507,1497,0.50,0.57,2.8036,5.0948,8.8481,1
22.312,18,-13,1507,1494,0.50,0.57,2.8036,5.0948,8.8481,1
22.330,19,-12,1508,1499,0.50,0.57,2.8036,5.0948,8.8481,1
22.347,19,-12,1502,1497,1.07,0.72,2.8036,5.0948,8.8481,1
22.364,20,-12,1508,1497,1.07,0.72,2.8036,5.0948,8.8481,1
22.381,20,-13,1502,1493,1.07,0.72,2.8036,5.0948,8.8481,1
22.398,21,-12,1508,1499,1.07,0.72,2.8036,5.0948,8.8481,1
22.417,22,-11,1508,1500,1.07,0.72,2.8274,5.1701,9.9821,1
22.434,22,-12,1503,1494,1.07,0.72,2.8274,5.1701,9.9821,1
22.451,23,-12,1509,1497,1.07,0.72,2.8274,5.1701,9.9821,1
22.468,24,-12,1509,1497,1.07,0.72,2.8274,5.1701,9.9821,1
22.485,24,-11,1503,1500,1.07,0.72,2.8274,5.1701,9.9821,1
22.503,25,-11,1509,1497,1.07,0.72,2.8274,5.1701,9.9821,1
22.520,26,-12,1509,1494,1.07,0.72,2.8274,5.1701,9.9821,1
22.537,27,-12,1509,1497,1.07,0.72,2.8274,5.1701,9.9821,1
22.554,28,-12,1509,1497,1.07,0.72,2.8274,5.1701,9.9821,1
22.571,28,-11,1504,1500,1.07,0.72,2.8274,5.1701,9.9821,1
22.588,29,-11,1510,1497,1.10,1.37,2.8274,5.1701,9.9821,1
22.606,30,-11,1510,1497,1.10,1.37,2.8274,5.1701,9.9821,1
22.623,31,-12,1510,1494,1.10,1.37,2.8274,5.1701,9.9821,1
22.640,31,-12,1504,1497,1.10,1.37,2.8274,5.1701,9.9821,1
22.659,32,-13,1510,1494,1.10,1.37,2.6572,4.6311,8.1557,1
22.676,32,-12,1504,1499,1.10,1.37,2.6572,4.6311,8.1557,1
22.694,32,-11,1504,1500,1.10,1.37,2.6572,4.6311,8.1557,1
22.711,32,-11,1504,1497,1.10,1.37,2.6572,4.6311,8.1557,1
22.730,32,-11,1504,1497,1.10,1.37,2.6572,4.6311,8.1557,1
22.748,31,-13,1500,1491,1.10,1.37,2.6572,4.6311,8.1557,1
22.765,31,-13,1504,1496,1.10,1.37,2.6572,4.6311,8.1557,1
22.785,29,-13,1495,1496,1.10,1.37,2.6572,4.6311,8.1557,1
22.802,29,-13,1504,1496,1.10,1.37,2.6572,4.6311,8.1557,1
22.820,29,-13,1504,1496,1.10,1.37,2.6572,4.6311,8.1557,1
22.837,29,-13,1504,1496,0.32,1.32,2.6572,4.6311,8.1557,1
22.855,28,-13,1499,1496,0.32,1.32,2.6572,4.6311,8.1557,1
22.873,27,-12,1499,1499,0.32,1.32,2.6572,4.6311,8.1557,1
22.891,26,-13,1499,1493,0.32,1.32,2.6572,4.6311,8.1557,1
22.910,26,-14,1503,1493,0.32,1.32,2.6234,4.4071,8.3303,1
22.929,26,-14,1503,1496,0.32,1.32,2.6234,4.4071,8.3303,1
22.946,25,-14,1499,1496,0.32,1.32,2.6234,4.4071,8.3303,1
22.966,25,-12,1503,1501,0.32,1.32,2.6234,4.4071,8.3303,1
22.983,25,-14,1503,1490,0.32,1.32,2.6234,4.4071,8.3303,1
23.001,24,-15,1499,1493,0.32,1.32,2.6234,4.4071,8.3303,1
23.018,24,-15,1503,1496,0.32,1.32,2.6234,4.4071,8.3303,1
23.035,24,-14,1503,1499,0.32,1.32,2.6234,4.4071,8.3303,1
23.052,23,-14,1498,1496,0.32,1.32,2.6234,4.4071,8.3303,1
23.069,22,-14,1498,1496,0.32,1.32,2.6234,4.4071,8.3303,1
23.086,20,-15,1492,1493,-0.53,0.07,2.6234,4.4071,8.3303,1
23.104,19,-16,1498,1492,-0.53,0.07,2.6234,4.4071,8.3303,1
23.121,19,-16,1502,1495,-0.53,0.07,2.6234,4.4071,8.3303,1
23.139,18,-17,1498,1492,-0.53,0.07,2.6234,4.4071,8.3303,1
23.157,17,-17,1498,1495,-0.53,0.07,2.6600,4.6871,9.0266,1
23.174,17,-17,1502,1495,-0.53,0.07,2.6600,4.6871,9.0266,1
23.191,16,-16,1497,1498,-0.53,0.07,2.6600,4.6871,9.0266,1
23.208,17,-16,1508,1495,-0.53,0.07,2.6600,4.6871,9.0266,1
23.226,18,-17,1508,1492,-0.53,0.07,2.6600,4.6871,9.0266,1
23.243,21,-19,1520,1489,-0.53,0.07,2.6600,4.6871,9.0266,1
23.260,21,-19,1503,1494,-0.53,0.07,2.6600,4.6871,9.0266,1
23.278,26,-18,1533,1498,-0.53,0.07,2.6600,4.6871,9.0266,1
23.295,26,-18,1503,1495,-0.53,0.07,2.6600,4.6871,9.0266,1
23.312,30,-19,1527,1492,-0.53,0.07,2.6600,4.6871,9.0266,1
23.330,30,-19,1504,1494,-0.53,0.07,2.6600,4.6871,9.0266,1
23.350,34,-18,1525,1497,-0.68,-0.70,2.6600,4.6871,9.0266,1
23.370,36,-18,1515,1495,-0.68,-0.70,2.6600,4.6871,9.0266,1
23.389,38,-19,1516,1492,-0.68,-0.70,2.6600,4.6871,9.0266,1
23.407,38,-19,1505,1494,-0.68,-0.70,2.5608,4.6880,6.8730,1
23.425,41,-19,1522,1494,-0.68,-0.70,2.5608,4.6880,6.8730,1
23.443,43,-19,1517,1494,-0.68,-0.70,2.5608,4.6880,6.8730,1
23.460,45,-19,1518,1494,-0.68,-0.70,2.5608,4.6880,6.8730,1
23.477,47,-19,1518,1494,-0.68,-0.70,2.5608,4.6880,6.8730,1
23.495,49,-20,1518,1491,-0.68,-0.70,2.5608,4.6880,6.8730,1
23.512,52,-21,1525,1491,-0.68,-0.70,2.5608,4.6880,6.8730,1
23.530,52,-21,1507,1494,-0.68,-0.70,2.5608,4.6880,6.8730,1
23.547,56,-20,1531,1497,-0.68,-0.70,2.5608,4.6880,6.8730,1
23.564,57,-20,1514,1494,-0.68,-0.70,2.5608,4.6880,6.8730,1
23.581,58,-20,1514,1494,-0.68,-0.70,2.5608,4.6880,6.8730,1
23.598,58,-20,1508,1494,-0.18,-0.53,2.5608,4.6880,6.8730,1
23.616,60,-21,1520,1491,-0.18,-0.53,2.5608,4.6880,6.8730,1
23.633,60,-21,1509,1494,-0.18,-0.53,2.5608,4.6880,6.8730,1
23.650,62,-21,1521,1494,-0.18,-0.53,2.3871,3.2336,6.9720,0
23.668,63,-21,1515,1494,-0.18,-0.53,2.3871,3.2336,6.9720,0
23.686,63,-21,1509,1494,-0.18,-0.53,2.3871,3.2336,6.9720,0
23.704,63,-22,1509,1491,-0.18,-0.53,2.3871,3.2336,6.9720,0
23.721,64,-22,1515,1493,-0.18,-0.53,2.3871,3.2336,6.9720,0
23.738,64,-21,1509,1497,-0.18,-0.53,2.3871,3.2336,6.9720,0
23.755,64,-21,1509,1494,-0.18,-0.53,2.3871,3.2336,6.9720,0
23.775,64,-21,1509,1494,-0.18,-0.53,2.3871,3.2336,6.9720,0
23.792,65,-22,1515,1491,-0.18,-0.53,2.3871,3.2336,6.9720,0
23.809,65,-22,1509,1493,-0.18,-0.53,2.3871,3.2336,6.9720,0
23.828,65,-22,1509,1493,-0.18,-0.53,2.3871,3.2336,6.9720,0
23.845,64,-21,1503,1497,-0.06,0.03,2.3871,3.2336,6.9720,0
23.863,64,-21,1509,1494,-0.06,0.03,2.3871,3.2336,6.9720,0
23.880,63,-22,1503,1491,-0.06,0.03,2.3871,3.2336,6.9720,0
23.898,62,-22,1503,1493,-0.06,0.03,2.5099,3.3899,5.5716,0
23.916,60,-23,1503,1493,-0.06,0.03,2.5099,3.3899,5.5716,1
23.934,59,-23,1499,1491,-0.06,0.03,2.5099,3.3899,5.5716,1
23.951,58,-22,1502,1496,-0.06,0.03,2.5099,3.3899,5.5716,1
23.969,57,-22,1502,1493,-0.06,0.03,2.5099,3.3899,5.5716,1
23.987,56,-23,1503,1490,-0.06,0.03,2.5099,3.3899,5.5716,1
24.005,56,-23,1508,1493,-0.06,0.03,2.5099,3.3899,5.5716,1
24.024,55,-23,1503,1493,-0.06,0.03,2.5099,3.3899,5.5716,1
24.042,56,-24,1514,1490,-0.06,0.03,2.5099,3.3899,5.5716,1
24.060,56,-24,1508,1493,-0.06,0.03,2.5099,3.3899,5.5716,1
24.077,56,-23,1508,1496,-0.06,0.03,2.5099,3.3899,5.5716,1
24.094,56,-23,1508,1493,0.19,0.12,2.5099,3.3899,5.5716,1
24.112,56,-23,1508,1493,0.19,0.12,2.5099,3.3899,5.5716,1
24.130,56,-23,1508,1493,0.19,0.12,2.5099,3.3899,5.5716,1
24.147,55,-23,1502,1493,0.19,0.12,2.6989,3.3540,5.9688,1
24.165,55,-23,1508,1493,0.19,0.12,2.6989,3.3540,5.9688,1
24.183,55,-24,1508,1490,0.19,0.12,2.6989,3.3540,5.9688,1
24.200,55,-24,1508,1493,0.19,0.12,2.6989,3.3540,5.9688,1
24.217,54,-23,1502,1496,0.19,0.12,2.6989,3.3540,5.9688,1
24.237,54,-23,1508,1493,0.19,0.12,2.6989,3.3540,5.9688,1
24.255,52,-23,1498,1493,0.19,0.12,2.6989,3.3540,5.9688,1
24.272,51,-24,1501,1490,0.19,0.12,2.6989,3.3540,5.9688,1
24.289,49,-25,1496,1490,0.19,0.12,2.6989,3.3540,5.9688,1
24.307,47,-24,1496,1496,0.19,0.12,2.6989,3.3540,5.9688,1
24.324,45,-24,1496,1493,0.19,0.12,2.6989,3.3540,5.9688,1
24.343,42,-24,1490,1493,0.02,0.14,2.6989,3.3540,5.9688,1
24.360,40,-24,1495,1493,0.02,0.14,2.6989,3.3540,5.9688,1
24.377,37,-24,1489,1493,0.02,0.14,2.6989,3.3540,5.9688,1
24.395,34,-25,1489,1490,0.02,0.14,2.6989,3.3540,5.9688,1
24.413,28,-26,1471,1490,0.02,0.14,2.6582,3.3373,6.9951,1
24.430,25,-26,1487,1492,0.02,0.14,2.6582,3.3373,6.9951,1
24.447,23,-25,1492,1496,0.02,0.14,2.6582,3.3373,6.9951,1
24.465,21,-25,1492,1493,0.02,0.14,2.6582,3.3373,6.9951,1
24.484,18,-25,1488,1493,0.02,0.14,2.6582,3.3373,6.9951,1
24.502,16,-25,1492,1493,0.02,0.14,2.6582,3.3373,6.9951,1
24.519,14,-25,1491,1493,0.02,0.14,2.6582,3.3373,6.9951,1
24.536,12,-25,1491,1493,0.02,0.14,2.6582,3.3373,6.9951,1
24.553,11,-26,1496,1489,0.02,0.14,2.6582,3.3373,6.9951,1
24.570,10,-25,1496,1496,0.02,0.14,2.6582,3.3373,6.9951,1
24.588,9,-25,1496,1493,-0.15,-0.24,2.6582,3.3373,6.9951,1
24.605,9,-25,1501,1493,-0.15,-0.24,2.6582,3.3373,6.9951,1
24.622,9,-25,1501,1493,-0.15,-0.24,2.6582,3.3373,6.9951,1
24.640,9,-25,1501,1493,-0.15,-0.24,2.6582,3.3373,6.9951,1
24.657,9,-25,1501,1493,-0.15,-0.24,2.3416,4.1077,4.8357,1
24.675,10,-25,1507,1493,-0.15,-0.24,2.3416,4.1077,4.8357,1
24.693,11,-25,1507,1493,-0.15,-0.24,2.3416,4.1077,4.8357,1
24.711,12,-25,1507,1493,-0.15,-0.24,2.3416,4.1077,4.8357,1
24.730,16,-25,1523,1493,-0.15,-0.24,2.3416,4.1077,4.8357,1
24.747,18,-25,1514,1493,-0.15,-0.24,2.3416,4.1077,4.8357,1
24.766,20,-25,1514,1493,-0.15,-0.24,2.3416,4.1077,4.8357,1
24.783,22,-25,1515,1493,-0.15,-0.24,2.3416,4.1077,4.8357,1
24.800,25,-26,1521,1489,-0.15,-0.24,2.3416,4.1077,4.8357,1
24.817,27,-25,1515,1495,-0.15,-0.24,2.3416,4.1077,4.8357,1
24.834,30,-25,1522,1493,-0.53,0.40,2.3416,4.1077,4.8357,1
24.852,32,-25,1516,1493,-0.53,0.40,2.3416,4.1077,4.8357,1
24.871,34,-25,1515,1493,-0.53,0.40,2.3416,4.1077,4.8357,1
24.888,36,-25,1517,1493,-0.53,0.40,2.3416,4.1077,4.8357,1
24.905,37,-25,1511,1493,-0.53,0.40,2.4415,3.1535,5.8204,1
24.922,39,-25,1517,1493,-0.53,0.40,2.4415,3.1535,5.8204,1
24.940,40,-25,1511,1493,-0.53,0.40,2.4415,3.1535,5.8204,1
24.958,40,-25,1506,1493,-0.53,0.40,2.4415,3.1535,5.8204,1
24.977,40,-25,1506,1493,-0.53,0.40,2.4415,3.1535,5.8204,1
24.995,40,-25,1506,1493,-0.53,0.40,2.4415,3.1535,5.8204,1
25.012,40,-25,1506,1493,-0.53,0.40,2.4415,3.1535,5.8204,1
25.032,38,-25,1496,1493,-0.53,0.40,2.4415,3.1535,5.8204,1
25.050,36,-26,1495,1490,-0.53,0.40,2.4415,3.1535,5.8204,1
25.067,35,-25,1500,1495,-0.53,0.40,2.4415,3.1535,5.8204,1
25.085,33,-25,1494,1493,-0.77,0.47,2.4415,3.1535,5.8204,1
25.102,32,-25,1500,1493,-0.77,0.47,2.4415,3.1535,5.8204,1
25.122,32,-25,1504,1493,-0.77,0.47,2.4415,3.1535,5.8204,1
25.139,31,-25,1499,1493,-0.77,0.47,2.4415,3.1535,5.8204,1
25.156,31,-26,1504,1489,-0.77,0.47,2.3288,3.2866,6.3601,1
25.177,31,-26,1504,1492,-0.77,0.47,2.3288,3.2866,6.3601,1
25.197,33,-26,1514,1492,-0.77,0.47,2.3288,3.2866,6.3601,1
25.214,34,-25,1511,1496,-0.77,0.47,2.3288,3.2866,6.3601,1
25.232,35,-25,1510,1493,-0.77,0.47,2.3288,3.2866,6.3601,1
25.249,36,-25,1511,1493,-0.77,0.47,2.3288,3.2866,6.3601,1
25.267,37,-25,1511,1493,-0.77,0.47,2.3288,3.2866,6.3601,1
25.285,39,-26,1517,1490,-0.77,0.47,2.3288,3.2866,6.3601,1
25.302,40,-26,1511,1492,-0.77,0.47,2.3288,3.2866,6.3601,1
25.319,41,-26,1512,1492,-0.77,0.47,2.3288,3.2866,6.3601,1
25.336,43,-25,1518,1496,-0.09,0.16,2.3288,3.2866,6.3601,1
25.353,44,-26,1512,1489,-0.09,0.16,2.3288,3.2866,6.3601,1
25.370,45,-27,1512,1489,-0.09,0.16,2.3288,3.2866,6.3601,1
25.389,46,-26,1512,1495,-0.09,0.16,2.3288,3.2866,6.3601,1
25.407,47,-25,1513,1496,-0.09,0.16,2.6877,3.4704,7.6197,1
25.425,47,-25,1507,1493,-0.09,0.16,2.6877,3.4704,7.6197,1
25.442,48,-26,1512,1490,-0.09,0.16,2.6877,3.4704,7.6197,1
25.460,51,-25,1524,1495,-0.09,0.16,2.6877,3.4704,7.6197,1
25.480,51,-25,1507,1493,-0.09,0.16,2.6877,3.4704,7.6197,1
25.497,53,-26,1519,1489,-0.09,0.16,2.6877,3.4704,7.6197,1
25.517,54,-26,1513,1492,-0.09,0.16,2.6877,3.4704,7.6197,1
25.534,55,-25,1514,1495,-0.09,0.16,2.6877,3.4704,7.6197,1
25.552,56,-25,1514,1493,-0.09,0.16,2.6877,3.4704,7.6197,1
25.570,57,-26,1514,1490,-0.09,0.16,2.6877,3.4704,7.6197,1
25.587,57,-26,1508,1492,-0.31,0.19,2.6877,3.4704,7.6197,1
25.605,58,-25,1514,1495,-0.31,0.19,2.6877,3.4704,7.6197,1
25.622,59,-25,1514,1493,-0.31,0.19,2.6877,3.4704,7.6197,1
25.640,60,-25,1514,1493,-0.31,0.19,2.6877,3.4704,7.6197,1
25.657,61,-26,1515,1489,-0.31,0.19,2.4446,3.6625,6.5364,0
25.674,61,-26,1509,1492,-0.31,0.19,2.4446,3.6625,6.5364,0
25.695,62,-25,1514,1495,-0.31,0.19,2.4446,3.6625,6.5364,0
25.712,63,-25,1515,1493,-0.31,0.19,2.4446,3.6625,6.5364,0
25.730,63,-24,1509,1496,-0.31,0.19,2.4446,3.6625,6.5364,0
25.750,63,-24,1509,1493,-0.31,0.19,2.4446,3.6625,6.5364,0
25.770,64,-25,1514,1490,-0.31,0.19,2.4446,3.6625,6.5364,0
25.788,65,-24,1515,1496,-0.31,0.19,2.4446,3.6625,6.5364,0
25.805,66,-24,1515,1493,-0.31,0.19,2.4446,3.6625,6.5364,0
25.823,67,-24,1515,1493,-0.31,0.19,2.4446,3.6625,6.5364,0
25.841,68,-24,1516,1493,-0.58,0.84,2.4446,3.6625,6.5364,0
25.859,69,-24,1515,1493,-0.58,0.84,2.4446,3.6625,6.5364,0
25.876,71,-25,1522,1490,-0.58,0.84,2.4446,3.6625,6.5364,0
25.894,73,-24,1522,1496,-0.58,0.84,2.5118,3.0283,7.1197,0
25.911,75,-24,1522,1493,-0.58,0.84,2.5118,3.0283,7.1197,0
25.928,76,-24,1517,1493,-0.58,0.84,2.5118,3.0283,7.1197,0
25.946,81,-24,1540,1493,-0.58,0.84,2.5118,3.0283,7.1197,0
25.964,83,-24,1523,1493,-0.58,0.84,2.5118,3.0283,7.1197,0
25.983,85,-24,1524,1493,-0.58,0.84,2.5118,3.0283,7.1197,0
26.000,88,-24,1529,1493,-0.58,0.84,2.5118,3.0283,7.1197,0
26.018,90,-23,1525,1496,-0.58,0.84,2.5118,3.0283,7.1197,0
26.036,93,-23,1530,1493,-0.58,0.84,2.5118,3.0283,7.1197,0
26.055,95,-23,1524,1493,-0.58,0.84,2.5118,3.0283,7.1197,0
26.073,98,-23,1532,1493,-0.58,0.84,2.5118,3.0283,7.1197,0
26.090,101,-23,1531,1493,0.54,1.30,2.5118,3.0283,7.1197,0
26.108,103,-23,1526,1493,0.54,1.30,2.5118,3.0283,7.1197,0
26.126,106,-23,1533,1493,0.54,1.30,2.5118,3.0283,7.1197,0
26.143,109,-23,1534,1493,0.54,1.30,2.4127,2.9907,6.7808,0
26.161,111,-23,1527,1493,0.54,1.30,2.4127,2.9907,6.7808,0
26.178,115,-23,1539,1493,0.54,1.30,2.4127,2.9907,6.7808,0
26.195,116,-22,1523,1496,0.54,1.30,2.4127,2.9907,6.7808,0
26.214,117,-23,1523,1490,0.54,1.30,2.4127,2.9907,6.7808,0
26.231,118,-23,1523,1493,0.54,1.30,2.4127,2.9907,6.7808,0
26.248,119,-23,1523,1493,0.54,1.30,2.4127,2.9907,6.7808,0
26.265,119,-22,1517,1496,0.54,1.30,2.4127,2.9907,6.7808,0
26.283,119,-22,1517,1493,0.54,1.30,2.4127,2.9907,6.7808,0
26.300,119,-23,1517,1490,0.54,1.30,2.4127,2.9907,6.7808,0
26.318,118,-23,1512,1493,0.54,1.30,2.4127,2.9907,6.7808,0
26.336,118,-23,1517,1493,0.83,1.51,2.4127,2.9907,6.7808,0
26.353,118,-23,1517,1493,0.83,1.51,2.4127,2.9907,6.7808,0
26.371,117,-24,1512,1490,0.83,1.51,2.4127,2.9907,6.7808,0
26.389,116,-24,1511,1493,0.83,1.51,2.4127,2.9907,6.7808,0
26.407,115,-24,1511,1493,0.83,1.51,2.3901,3.3123,6.0568,0
26.425,115,-24,1517,1493,0.83,1.51,2.3901,3.3123,6.0568,0
26.443,114,-24,1511,1493,0.83,1.51,2.3901,3.3123,6.0568,0
26.461,114,-24,1517,1493,0.83,1.51,2.3901,3.3123,6.0568,0
26.479,115,-24,1522,1493,0.83,1.51,2.3901,3.3123,6.0568,0
26.497,116,-23,1523,1496,0.83,1.51,2.3901,3.3123,6.0568,0
26.515,117,-23,1523,1493,0.83,1.51,2.3901,3.3123,6.0568,0
26.532,118,-23,1523,1493,0.83,1.51,2.3901,3.3123,6.0568,0
26.550,119,-23,1523,1493,0.83,1.51,2.3901,3.3123,6.0568,0
26.567,120,-23,1523,1493,0.83,1.51,2.3901,3.3123,6.0568,0
26.584,120,-23,1518,1493,0.45,0.98,2.3901,3.3123,6.0568,0
26.601,120,-24,1518,1490,0.45,0.98,2.3901,3.3123,6.0568,0
26.618,120,-23,1518,1496,0.45,0.98,2.3901,3.3123,6.0568,0
26.635,120,-23,1518,1493,0.45,0.98,2.3901,3.3123,6.0568,0
26.652,119,-24,1512,1490,0.45,0.98,2.4428,3.3104,5.9315,0
26.670,118,-23,1512,1496,0.45,0.98,2.4428,3.3104,5.9315,0
26.688,117,-24,1512,1490,0.45,0.98,2.4428,3.3104,5.9315,0
26.707,117,-24,1517,1493,0.45,0.98,2.4428,3.3104,5.9315,0
26.726,115,-24,1511,1493,0.45,0.98,2.4428,3.3104,5.9315,0
26.743,114,-24,1506,1493,0.45,0.98,2.4428,3.3104,5.9315,0
26.761,112,-24,1505,1493,0.45,0.98,2.4428,3.3104,5.9315,0
26.778,112,-24,1516,1493,0.45,0.98,2.4428,3.3104,5.9315,0
26.795,110,-24,1505,1493,0.45,0.98,2.4428,3.3104,5.9315,0
26.812,110,-24,1516,1493,0.45,0.98,2.4428,3.3104,5.9315,0
26.830,109,-24,1510,1493,0.25,0.65,2.4428,3.3104,5.9315,0
26.847,108,-24,1510,1493,0.25,0.65,2.4428,3.3104,5.9315,0
26.864,108,-24,1516,1493,0.25,0.65,2.4428,3.3104,5.9315,0
26.882,106,-25,1504,1490,0.25,0.65,2.4428,3.3104,5.9315,0
26.903,104,-25,1506,1493,0.25,0.65,2.4752,3.4100,6.1121,0
26.920,102,-25,1503,1493,0.25,0.65,2.4752,3.4100,6.1121,0
26.937,101,-25,1509,1493,0.25,0.65,2.4752,3.4100,6.1121,0
26.955,99,-25,1503,1493,0.25,0.65,2.4752,3.4100,6.1121,0
26.973,97,-25,1503,1493,0.25,0.65,2.4752,3.4100,6.1121,0
26.991,95,-26,1502,1489,0.25,0.65,2.4752,3.4100,6.1121,0
27.008,91,-25,1492,1495,0.25,0.65,2.4752,3.4100,6.1121,0
27.026,91,-25,1513,1493,0.25,0.65,2.4752,3.4100,6.1121,0
27.043,88,-26,1496,1489,0.25,0.65,2.4752,3.4100,6.1121,0
27.061,88,-26,1513,1492,0.25,0.65,2.4752,3.4100,6.1121,0
27.078,84,-26,1490,1492,0.25,0.65,2.4752,3.4100,6.1121,0
27.096,82,-27,1501,1489,-0.30,0.22,2.4752,3.4100,6.1121,0
27.114,80,-27,1500,1492,-0.30,0.22,2.4752,3.4100,6.1121,0
27.132,78,-27,1500,1492,-0.30,0.22,2.4752,3.4100,6.1121,0
27.149,76,-28,1500,1489,-0.30,0.22,2.2877,3.2818,5.9639,0
27.167,75,-27,1505,1495,-0.30,0.22,2.2877,3.2818,5.9639,0
27.184,73,-28,1500,1489,-0.30,0.22,2.2877,3.2818,5.9639,0
27.202,72,-28,1505,1492,-0.30,0.22,2.2877,3.2818,5.9639,0
27.219,71,-28,1505,1492,-0.30,0.22,2.2877,3.2818,5.9639,0
27.238,69,-28,1500,1492,-0.30,0.22,2.2877,3.2818,5.9639,0
27.255,68,-28,1504,1492,-0.30,0.22,2.2877,3.2818,5.9639,0
27.272,67,-28,1504,1492,-0.30,0.22,2.2877,3.2818,5.9639,0
27.290,67,-28,1510,1492,-0.30,0.22,2.2877,3.2818,5.9639,0
27.307,65,-29,1499,1489,-0.30,0.22,2.2877,3.2818,5.9639,0
27.324,65,-29,1509,1491,-0.30,0.22,2.2877,3.2818,5.9639,0
27.341,64,-29,1503,1491,-0.48,-0.41,2.2877,3.2818,5.9639,0
27.359,63,-29,1503,1491,-0.48,-0.41,2.2877,3.2818,5.9639,0
27.376,62,-30,1503,1488,-0.48,-0.41,2.2877,3.2818,5.9639,0
27.393,61,-29,1503,1494,-0.48,-0.41,2.4008,3.0324,6.4348,0
27.412,59,-29,1498,1491,-0.48,-0.41,2.4008,3.0324,6.4348,1
27.430,58,-29,1503,1491,-0.48,-0.41,2.4008,3.0324,6.4348,1
27.447,58,-30,1508,1488,-0.48,-0.41,2.4008,3.0324,6.4348,1
27.464,58,-30,1508,1491,-0.48,-0.41,2.4008,3.0324,6.4348,1
27.482,58,-30,1508,1491,-0.48,-0.41,2.4008,3.0324,6.4348,1
27.499,58,-30,1508,1491,-0.48,-0.41,2.4008,3.0324,6.4348,1
27.516,58,-30,1508,1491,-0.48,-0.41,2.4008,3.0324,6.4348,1
27.533,57,-30,1502,1491,-0.48,-0.41,2.4008,3.0324,6.4348,1
27.551,57,-31,1508,1488,-0.48,-0.41,2.4008,3.0324,6.4348,0
27.569,56,-30,1502,1494,-0.48,-0.41,2.4008,3.0324,6.4348,1
27.589,54,-31,1499,1488,-0.54,-0.70,2.4008,3.0324,6.4348,0
27.607,53,-31,1502,1491,-0.54,-0.70,2.4008,3.0324,6.4348,0
27.624,53,-31,1508,1491,-0.54,-0.70,2.4008,3.0324,6.4348,0
27.641,51,-31,1497,1491,-0.54,-0.70,2.5449,3.2913,6.5531,0
27.659,49,-31,1497,1491,-0.54,-0.70,2.5449,3.2913,6.5531,0
27.677,48,-31,1501,1491,-0.54,-0.70,2.5449,3.2913,6.5531,0
27.694,45,-32,1490,1488,-0.54,-0.70,2.5449,3.2913,6.5531,0
27.711,44,-32,1500,1490,-0.54,-0.70,2.5449,3.2913,6.5531,0
27.728,43,-32,1500,1490,-0.54,-0.70,2.5449,3.2913,6.5531,0
27.746,41,-32,1495,1490,-0.54,-0.70,2.5449,3.2913,6.5531,0
27.763,40,-33,1500,1487,-0.54,-0.70,2.5449,3.2913,6.5531,0
27.781,40,-32,1506,1493,-0.54,-0.70,2.5449,3.2913,6.5531,0
27.800,39,-33,1500,1487,-0.54,-0.70,2.5449,3.2913,6.5531,0
27.819,38,-33,1500,1490,-0.54,-0.70,2.5449,3.2913,6.5531,0
27.840,37,-33,1501,1490,-0.66,-0.89,2.5449,3.2913,6.5531,0
27.858,36,-32,1500,1493,-0.66,-0.89,2.5449,3.2913,6.5531,0
27.877,35,-32,1500,1490,-0.66,-0.89,2.5449,3.2913,6.5531,0
27.895,34,-32,1500,1490,-0.66,-0.89,2.2987,3.4695,6.4217,0
27.912,32,-33,1494,1487,-0.66,-0.89,2.2987,3.4695,6.4217,0
27.930,28,-33,1482,1490,-0.66,-0.89,2.2987,3.4695,6.4217,0
27.949,26,-33,1494,1490,-0.66,-0.89,2.2987,3.4695,6.4217,0
27.966,24,-33,1492,1490,-0.66,-0.89,2.2987,3.4695,6.4217,0
27.986,23,-33,1499,1490,-0.66,-0.89,2.2987,3.4695,6.4217,0
28.003,21,-33,1492,1490,-0.66,-0.89,2.2987,3.4695,6.4217,0
28.021,19,-34,1492,1487,-0.66,-0.89,2.2987,3.4695,6.4217,0
28.039,18,-33,1498,1493,-0.66,-0.89,2.2987,3.4695,6.4217,0
28.057,15,-34,1486,1487,-0.66,-0.89,2.2987,3.4695,6.4217,0
28.075,14,-33,1497,1493,-0.66,-0.89,2.2987,3.4695,6.4217,0
28.094,14,-33,1502,1490,-0.95,-1.55,2.2987,3.4695,6.4217,0
28.112,12,-34,1491,1487,-0.95,-1.55,2.2987,3.4695,6.4217,0
28.130,10,-34,1491,1490,-0.95,-1.55,2.2987,3.4695,6.4217,0
28.148,8,-34,1491,1490,-0.95,-1.55,2.3963,3.5489,6.6008,0
28.170,5,-34,1488,1490,-0.95,-1.55,2.3963,3.5489,6.6008,0
28.189,4,-34,1496,1490,-0.95,-1.55,2.3963,3.5489,6.6008,0
28.207,3,-34,1495,1490,-0.95,-1.55,2.3963,3.5489,6.6008,0
28.224,0,-34,1483,1490,-0.95,-1.55,2.3963,3.5489,6.6008,0
28.243,-2,-34,1490,1490,-0.95,-1.55,2.3963,3.5489,6.6008,0
28.260,-3,-34,1494,1490,-0.95,-1.55,2.3963,3.5489,6.6008,0
28.278,-5,-34,1489,1490,-0.95,-1.55,2.3963,3.5489,6.6008,0
28.296,-6,-34,1494,1490,-0.95,-1.55,2.3963,3.5489,6.6008,0
28.313,-7,-34,1494,1490,-0.95,-1.55,2.3963,3.5489,6.6008,0
28.331,-8,-34,1494,1490,-1.18,-1.91,2.3963,3.5489,6.6008,0
28.348,-9,-34,1494,1490,-1.18,-1.91,2.3963,3.5489,6.6008,0
28.367,-10,-34,1494,1490,-1.18,-1.91,2.3963,3.5489,6.6008,0
28.384,-10,-34,1499,1490,-1.18,-1.91,2.3963,3.5489,6.6008,0
28.402,-13,-34,1481,1490,-1.18,-1.91,2.5619,3.4859,6.4726,0
28.419,-15,-34,1487,1490,-1.18,-1.91,2.5619,3.4859,6.4726,0
28.437,-16,-34,1493,1490,-1.18,-1.91,2.5619,3.4859,6.4726,0
28.456,-18,-35,1486,1487,-1.18,-1.91,2.5619,3.4859,6.4726,0
28.474,-19,-34,1493,1493,-1.18,-1.91,2.5619,3.4859,6.4726,0
28.492,-20,-34,1492,1490,-1.18,-1.91,2.5619,3.4859,6.4726,0
28.509,-20,-34,1498,1490,-1.18,-1.91,2.5619,3.4859,6.4726,0
28.527,-20,-34,1498,1490,-1.18,-1.91,2.5619,3.4859,6.4726,0
28.544,-21,-34,1492,1490,-1.18,-1.91,2.5619,3.4859,6.4726,0
28.562,-21,-34,1497,1490,-1.18,-1.91,2.5619,3.4859,6.4726,0
28.580,-21,-34,1497,1490,-0.98,-1.82,2.5619,3.4859,6.4726,0
28.599,-21,-34,1497,1490,-0.98,-1.82,2.5619,3.4859,6.4726,0
28.616,-21,-34,1497,1490,-0.98,-1.82,2.5619,3.4859,6.4726,0
28.633,-21,-34,1497,1490,-0.98,-1.82,2.5619,3.4859,6.4726,0
28.651,-22,-33,1492,1493,-0.98,-1.82,2.6492,3.3323,6.9676,0
28.668,-22,-33,1497,1490,-0.98,-1.82,2.6492,3.3323,6.9676,0
28.686,-22,-34,1497,1487,-0.98,-1.82,2.6492,3.3323,6.9676,0
28.704,-24,-33,1486,1493,-0.98,-1.82,2.6492,3.3323,6.9676,0
28.721,-24,-33,1497,1490,-0.98,-1.82,2.6492,3.3323,6.9676,0
28.739,-25,-33,1491,1490,-0.98,-1.82,2.6492,3.3323,6.9676,0
28.757,-26,-33,1491,1490,-0.98,-1.82,2.6492,3.3323,6.9676,0
28.775,-26,-34,1497,1487,-0.98,-1.82,2.6492,3.3323,6.9676,0
28.792,-26,-33,1497,1493,-0.98,-1.82,2.6492,3.3323,6.9676,0
28.810,-26,-33,1497,1490,-0.98,-1.82,2.6492,3.3323,6.9676,0
28.829,-27,-33,1491,1490,-1.59,-1.27,2.6492,3.3323,6.9676,0
28.847,-27,-33,1496,1490,-1.59,-1.27,2.6492,3.3323,6.9676,0
28.865,-26,-33,1501,1490,-1.59,-1.27,2.6492,3.3323,6.9676,0
28.884,-27,-33,1491,1490,-1.59,-1.27,2.6492,3.3323,6.9676,0
28.902,-26,-33,1501,1490,-1.59,-1.27,2.7817,3.3577,6.4053,0
28.919,-26,-33,1497,1490,-1.59,-1.27,2.7817,3.3577,6.4053,0
28.936,-26,-33,1497,1490,-1.59,-1.27,2.7817,3.3577,6.4053,0
28.954,-26,-32,1497,1493,-1.59,-1.27,2.7817,3.3577,6.4053,0
28.971,-26,-32,1497,1490,-1.59,-1.27,2.7817,3.3577,6.4053,0
28.988,-26,-32,1497,1490,-1.59,-1.27,2.7817,3.3577,6.4053,0
29.006,-26,-32,1497,1490,-1.59,-1.27,2.7817,3.3577,6.4053,0
29.024,-26,-32,1497,1490,-1.59,-1.27,2.7817,3.3577,6.4053,0
29.041,-26,-31,1497,1494,-1.59,-1.27,2.7817,3.3577,6.4053,0
29.058,-26,-31,1497,1491,-1.59,-1.27,2.7817,3.3577,6.4053,0
29.075,-26,-31,1497,1491,-1.59,-1.27,2.7817,3.3577,6.4053,0
29.094,-26,-31,1497,1491,-1.57,-0.85,2.7817,3.3577,6.4053,0
29.114,-26,-31,1497,1491,-1.57,-0.85,2.7817,3.3577,6.4053,0
29.134,-26,-31,1497,1491,-1.57,-0.85,2.7817,3.3577,6.4053,0
29.152,-26,-31,1497,1491,-1.57,-0.85,2.4671,3.4010,5.7813,0
29.170,-27,-31,1491,1491,-1.57,-0.85,2.4671,3.4010,5.7813,0
29.187,-27,-31,1496,1491,-1.57,-0.85,2.4671,3.4010,5.7813,0
29.205,-27,-30,1496,1494,-1.57,-0.85,2.4671,3.4010,5.7813,1
29.223,-27,-29,1496,1494,-1.57,-0.85,2.4671,3.4010,5.7813,1
29.242,-27,-29,1496,1491,-1.57,-0.85,2.4671,3.4010,5.7813,1
29.259,-27,-29,1496,1491,-1.57,-0.85,2.4671,3.4010,5.7813,1
29.276,-27,-29,1496,1491,-1.57,-0.85,2.4671,3.4010,5.7813,1
29.295,-26,-29,1501,1491,-1.57,-0.85,2.4671,3.4010,5.7813,1
29.312,-26,-29,1497,1491,-1.57,-0.85,2.4671,3.4010,5.7813,1
29.332,-25,-29,1501,1491,-0.92,-0.76,2.4671,3.4010,5.7813,1
29.349,-25,-29,1497,1491,-0.92,-0.76,2.4671,3.4010,5.7813,1
29.367,-23,-28,1507,1495,-0.92,-0.76,2.4671,3.4010,5.7813,1
29.387,-22,-28,1501,1492,-0.92,-0.76,2.4671,3.4010,5.7813,1
29.404,-21,-28,1502,1492,-0.92,-0.76,2.8277,3.6990,5.4988,1
29.421,-20,-28,1502,1492,-0.92,-0.76,2.8277,3.6990,5.4988,1
29.439,-19,-28,1502,1492,-0.92,-0.76,2.8277,3.6990,5.4988,1
29.457,-18,-28,1502,1492,-0.92,-0.76,2.8277,3.6990,5.4988,1
29.477,-17,-28,1502,1492,-0.92,-0.76,2.8277,3.6990,5.4988,1
29.495,-17,-28,1498,1492,-0.92,-0.76,2.8277,3.6990,5.4988,1
29.512,-16,-27,1503,1495,-0.92,-0.76,2.8277,3.6990,5.4988,1
29.530,-15,-27,1503,1492,-0.92,-0.76,2.8277,3.6990,5.4988,1
29.549,-14,-27,1503,1492,-0.92,-0.76,2.8277,3.6990,5.4988,1
29.566,-13,-27,1503,1492,-0.92,-0.76,2.8277,3.6990,5.4988,1
29.584,-13,-27,1499,1492,-0.01,-0.33,2.8277,3.6990,5.4988,1
29.601,-13,-26,1499,1495,-0.01,-0.33,2.8277,3.6990,5.4988,1
29.618,-12,-26,1503,1492,-0.01,-0.33,2.8277,3.6990,5.4988,1
29.635,-12,-26,1499,1492,-0.01,-0.33,2.8277,3.6990,5.4988,1
29.652,-12,-26,1499,1492,-0.01,-0.33,2.8277,3.6990,5.4988,1
29.670,-12,-26,1499,1492,-0.01,-0.33,2.8277,3.6990,5.4988,1
29.687,-12,-26,1499,1492,-0.01,-0.33,2.8277,3.6990,5.4988,1
29.704,-12,-26,1499,1492,-0.01,-0.33,2.8277,3.6990,5.4988,1
29.722,-13,-26,1493,1492,-0.01,-0.33,2.8277,3.6990,5.4988,1
29.739,-13,-26,1498,1492,-0.01,-0.33,2.8277,3.6990,5.4988,1
29.756,-14,-26,1493,1492,-0.01,-0.33,2.8277,3.6990,5.4988,1
29.774,-15,-25,1492,1495,-0.01,-0.33,2.8277,3.6990,5.4988,1
29.792,-15,-26,1498,1490,-0.01,-0.33,2.8277,3.6990,5.4988,1
29.809,-16,-25,1492,1496,-0.01,-0.33,2.8277,3.6990,5.4988,1
29.826,-16,-26,1498,1489,0.44,0.37,2.8277,3.6990,5.4988,1
29.843,-16,-26,1498,1492,0.44,0.37,2.8277,3.6990,5.4988,1
29.860,-16,-26,1498,1492,0.44,0.37,2.8277,3.6990,5.4988,1
29.878,-16,-25,1498,1496,0.44,0.37,2.8277,3.6990,5.4988,1
29.897,-16,-25,1498,1493,0.44,0.37,2.8277,3.6990,5.4988,1
29.915,-16,-25,1498,1493,0.44,0.37,2.8277,3.6990,5.4988,1
29.932,-16,-25,1498,1493,0.44,0.37,2.8277,3.6990,5.4988,1
29.949,-14,-25,1509,1493,0.44,0.37,2.8277,3.6990,5.4988,1
29.968,-13,-25,1503,1493,0.44,0.37,2.8277,3.6990,5.4988,1
29.985,-12,-25,1503,1493,0.44,0.37,2.8277,3.6990,5.4988,1
30.002,-10,-25,1510,1493,0.44,0.37,2.8277,3.6990,5.4988,1
30.019,-8,-24,1510,1496,0.44,0.37,2.8277,3.6990,5.4988,1
30.038,-4,-25,1510,1490,0.44,0.37,2.8277,3.6990,5.4988,1
30.055,-2,-24,1521,1496,0.44,0.37,2.8277,3.6990,5.4988,1
30.072,-2,-24,1500,1493,0.44,0.37,2.8277,3.6990,5.4988,1
30.089,0,-24,1511,1493,0.44,0.37,2.8277,3.6990,5.4988,1
30.107,3,-24,1517,1493,0.44,0.37,2.8277,3.6990,5.4988,1
30.125,8,-24,1530,1493,0.44,0.37,2.5666,4.2847,7.7425,1
30.142,10,-23,1512,1496,0.37,0.86,2.5666,4.2847,7.7425,1
30.159,13,-23,1519,1493,0.37,0.86,2.5666,4.2847,7.7425,1
30.176,16,-23,1519,1493,0.37,0.86,2.5666,4.2847,7.7425,1
30.194,18,-23,1514,1493,0.37,0.86,2.5666,4.2847,7.7425,1
30.215,20,-23,1512,1493,0.37,0.86,2.5666,4.2847,7.7425,1
30.233,23,-23,1519,1493,0.37,0.86,2.5666,4.2847,7.7425,1
30.252,25,-23,1514,1493,0.37,0.86,2.5666,4.2847,7.7425,1
30.270,27,-23,1514,1493,0.37,0.86,2.5666,4.2847,7.7425,1
30.287,29,-23,1515,1493,0.37,0.86,2.5666,4.2847,7.7425,1
30.304,33,-22,1528,1496,0.37,0.86,2.5666,4.2847,7.7425,1
30.321,33,-22,1504,1493,0.65,0.17,2.5666,4.2847,7.7425,1
30.339,37,-23,1528,1490,0.65,0.17,2.5666,4.2847,7.7425,1
30.357,39,-23,1516,1493,0.65,0.17,2.5666,4.2847,7.7425,1
30.375,40,-23,1511,1493,0.65,0.17,2.5666,4.2847,7.7425,1
30.392,42,-23,1517,1493,0.65,0.17,2.5666,4.2847,7.7425,1
30.409,44,-23,1518,1493,0.65,0.17,2.5666,4.2847,7.7425,1
30.427,45,-23,1512,1493,0.65,0.17,2.5666,4.2847,7.7425,1
30.444,47,-22,1518,1496,0.65,0.17,2.5666,4.2847,7.7425,1
30.462,49,-22,1518,1493,0.65,0.17,2.5666,4.2847,7.7425,1
30.479,51,-22,1519,1493,0.65,0.17,2.5666,4.2847,7.7425,1
30.497,52,-22,1513,1493,0.65,0.17,2.5666,4.2847,7.7425,1
30.514,53,-22,1513,1493,0.65,0.17,2.5666,4.2847,7.7425,1
30.532,55,-22,1519,1493,0.65,0.17,2.5666,4.2847,7.7425,1
30.549,56,-23,1514,1490,0.65,0.17,2.5666,4.2847,7.7425,1
30.568,57,-22,1513,1496,0.65,0.17,2.5666,4.2847,7.7425,1
30.589,57,-21,1508,1496,0.65,0.17,2.5666,4.2847,7.7425,1
30.607,58,-22,1513,1491,0.65,0.17,2.5666,4.2847,7.7425,1
30.626,58,-22,1508,1493,0.65,0.17,2.7797,3.6520,5.7621,1
30.643,58,-22,1508,1493,0.24,-0.07,2.7797,3.6520,5.7621,1
30.661,57,-22,1503,1493,0.24,-0.07,2.7797,3.6520,5.7621,1
30.679,57,-21,1508,1497,0.24,-0.07,2.7797,3.6520,5.7621,1
30.696,57,-21,1508,1494,0.24,-0.07,2.7797,3.6520,5.7621,1
30.713,56,-21,1502,1494,0.24,-0.07,2.7797,3.6520,5.7621,1
30.731,55,-22,1502,1491,0.24,-0.07,2.7797,3.6520,5.7621,1
30.749,54,-22,1502,1493,0.24,-0.07,2.7797,3.6520,5.7621,1
30.766,53,-22,1502,1493,0.24,-0.07,2.7797,3.6520,5.7621,1
30.783,52,-22,1502,1493,0.24,-0.07,2.7797,3.6520,5.7621,1
30.802,49,-21,1491,1497,0.24,-0.07,2.7797,3.6520,5.7621,1
30.820,49,-21,1507,1494,-0.16,-0.48,2.7797,3.6520,5.7621,1
30.839,47,-21,1497,1494,-0.16,-0.48,2.7797,3.6520,5.7621,1
30.856,46,-21,1501,1494,-0.16,-0.48,2.7797,3.6520,5.7621,1
30.874,45,-21,1501,1494,-0.16,-0.48,2.7797,3.6520,5.7621,1
30.891,44,-22,1500,1491,-0.16,-0.48,2.7797,3.6520,5.7621,1
30.908,43,-22,1500,1493,-0.16,-0.48,2.7797,3.6520,5.7621,1
30.926,42,-20,1500,1500,-0.16,-0.48,2.7797,3.6520,5.7621,1
30.943,42,-20,1506,1494,-0.16,-0.48,2.7797,3.6520,5.7621,1
30.960,42,-20,1506,1494,-0.16,-0.48,2.7797,3.6520,5.7621,1
30.978,42,-20,1506,1494,-0.16,-0.48,2.7797,3.6520,5.7621,1
30.995,42,-20,1506,1494,-0.16,-0.48,2.7797,3.6520,5.7621,1
31.012,41,-20,1500,1494,-0.16,-0.48,2.7797,3.6520,5.7621,1
31.030,41,-20,1506,1494,-0.16,-0.48,2.7797,3.6520,5.7621,1
31.047,42,-21,1512,1491,-0.16,-0.48,2.7797,3.6520,5.7621,1
31.064,42,-20,1506,1497,-0.16,-0.48,2.7797,3.6520,5.7621,1
31.081,43,-19,1512,1497,-0.16,-0.48,2.7797,3.6520,5.7621,1
31.099,43,-19,1506,1494,-0.16,-0.48,2.7797,3.6520,5.7621,1
31.116,44,-19,1512,1494,-0.16,-0.48,2.7797,3.6520,5.7621,1
31.133,44,-19,1506,1494,-0.68,0.03,2.4862,3.6447,6.1875,1
31.150,45,-20,1512,1491,-0.68,0.03,2.4862,3.6447,6.1875,1
31.168,46,-20,1512,1494,-0.68,0.03,2.4862,3.6447,6.1875,1
31.185,47,-19,1512,1497,-0.68,0.03,2.4862,3.6447,6.1875,1
31.202,48,-18,1513,1498,-0.68,0.03,2.4862,3.6447,6.1875,1
31.219,48,-18,1507,1495,-0.68,0.03,2.4862,3.6447,6.1875,1
31.236,49,-18,1513,1495,-0.68,0.03,2.4862,3.6447,6.1875,1
31.253,49,-18,1507,1495,-0.68,0.03,2.4862,3.6447,6.1875,1
31.271,50,-18,1513,1495,-0.68,0.03,2.4862,3.6447,6.1875,1
31.289,50,-18,1507,1495,-0.68,0.03,2.4862,3.6447,6.1875,1
31.306,50,-18,1507,1495,-0.68,0.03,2.4862,3.6447,6.1875,1
31.323,50,-18,1507,1495,-1.34,0.98,2.4862,3.6447,6.1875,1
31.342,49,-18,1501,1495,-1.34,0.98,2.4862,3.6447,6.1875,1
31.359,49,-18,1507,1495,-1.34,0.98,2.4862,3.6447,6.1875,1
31.377,49,-18,1507,1495,-1.34,0.98,2.4862,3.6447,6.1875,1
31.396,50,-17,1512,1498,-1.34,0.98,2.4862,3.6447,6.1875,1
31.413,50,-17,1507,1495,-1.34,0.98,2.4862,3.6447,6.1875,1
31.431,50,-17,1507,1495,-1.34,0.98,2.4862,3.6447,6.1875,1
31.448,51,-17,1513,1495,-1.34,0.98,2.4862,3.6447,6.1875,1
31.466,51,-17,1507,1495,-1.34,0.98,2.4862,3.6447,6.1875,1
31.484,52,-17,1513,1495,-1.34,0.98,2.4862,3.6447,6.1875,1
31.501,52,-17,1507,1495,-1.34,0.98,2.4862,3.6447,6.1875,1
31.518,52,-17,1507,1495,-1.34,0.98,2.4862,3.6447,6.1875,1
31.536,53,-16,1513,1498,-1.34,0.98,2.4862,3.6447,6.1875,1
31.553,53,-16,1508,1495,-1.34,0.98,2.4862,3.6447,6.1875,1
31.570,53,-17,1508,1492,-1.34,0.98,2.4862,3.6447,6.1875,1
31.590,53,-17,1508,1495,-1.34,0.98,2.4862,3.6447,6.1875,1
31.609,54,-17,1513,1495,-1.34,0.98,2.4862,3.6447,6.1875,1
31.632,55,-17,1512,1495,-1.03,0.98,2.7583,3.3609,5.6153,1
31.650,57,-18,1519,1492,-1.03,0.98,2.7583,3.3609,5.6153,1
31.667,58,-18,1514,1495,-1.03,0.98,2.7583,3.3609,5.6153,1
31.685,59,-18,1514,1495,-1.03,0.98,2.7583,3.3609,5.6153,1
31.703,60,-17,1514,1498,-1.03,0.98,2.7583,3.3609,5.6153,1
31.720,60,-17,1509,1495,-1.03,0.98,2.7583,3.3609,5.6153,1
31.737,61,-17,1514,1495,-1.03,0.98,2.7583,3.3609,5.6153,0
31.755,61,-18,1509,1492,-1.03,0.98,2.7583,3.3609,5.6153,0
31.772,62,-18,1515,1495,-1.03,0.98,2.7583,3.3609,5.6153,0
31.789,62,-18,1509,1495,-1.03,0.98,2.7583,3.3609,5.6153,0
31.806,62,-18,1509,1495,-1.03,0.98,2.7583,3.3609,5.6153,0
31.823,62,-18,1509,1495,-0.32,0.74,2.7583,3.3609,5.6153,0
31.843,62,-18,1509,1495,-0.32,0.74,2.7583,3.3609,5.6153,0
31.861,61,-18,1504,1495,-0.32,0.74,2.7583,3.3609,5.6153,0
31.879,60,-18,1503,1495,-0.32,0.74,2.7583,3.3609,5.6153,1
31.896,59,-18,1503,1495,-0.32,0.74,2.7583,3.3609,5.6153,1
31.913,58,-18,1502,1495,-0.32,0.74,2.7583,3.3609,5.6153,1
31.931,56,-19,1497,1491,-0.32,0.74,2.7583,3.3609,5.6153,1
31.948,54,-18,1497,1498,-0.32,0.74,2.7583,3.3609,5.6153,1
31.965,53,-18,1502,1495,-0.32,0.74,2.7583,3.3609,5.6153,1
31.983,51,-19,1497,1492,-0.32,0.74,2.7583,3.3609,5.6153,1
32.000,49,-19,1496,1494,-0.32,0.74,2.7583,3.3609,5.6153,1
32.018,47,-19,1496,1494,-0.32,0.74,2.7583,3.3609,5.6153,1
32.036,45,-19,1496,1494,-0.32,0.74,2.7583,3.3609,5.6153,1
32.053,43,-19,1496,1494,-0.32,0.74,2.7583,3.3609,5.6153,1
32.071,41,-20,1496,1491,-0.32,0.74,2.7583,3.3609,5.6153,1
32.088,37,-20,1483,1494,-0.32,0.74,2.7583,3.3609,5.6153,1
32.106,36,-20,1500,1494,-0.32,0.74,2.7583,3.3609,5.6153,1
32.123,34,-20,1494,1494,-0.32,0.74,2.7738,3.5947,6.4515,1
32.140,32,-21,1494,1491,0.61,0.49,2.7738,3.5947,6.4515,1
32.157,31,-21,1499,1494,0.61,0.49,2.7738,3.5947,6.4515,1
32.174,29,-22,1493,1491,0.61,0.49,2.7738,3.5947,6.4515,1
32.192,28,-23,1499,1490,0.61,0.49,2.7738,3.5947,6.4515,1
32.209,27,-22,1499,1496,0.61,0.49,2.7738,3.5947,6.4515,1
32.227,26,-23,1499,1490,0.61,0.49,2.7738,3.5947,6.4515,1
32.244,26,-22,1504,1496,0.61,0.49,2.7738,3.5947,6.4515,1
32.261,25,-22,1499,1493,0.61,0.49,2.7738,3.5947,6.4515,1
32.278,25,-23,1503,1490,0.61,0.49,2.7738,3.5947,6.4515,1
32.296,24,-23,1498,1493,0.61,0.49,2.7738,3.5947,6.4515,1
32.313,24,-23,1503,1493,0.61,0.49,2.7738,3.5947,6.4515,1
32.332,23,-24,1499,1490,0.10,0.02,2.7738,3.5947,6.4515,1
32.349,24,-24,1509,1493,0.10,0.02,2.7738,3.5947,6.4515,1
32.367,23,-24,1498,1493,0.10,0.02,2.7738,3.5947,6.4515,1
32.385,24,-25,1509,1490,0.10,0.02,2.7738,3.5947,6.4515,1
32.403,23,-25,1498,1493,0.10,0.02,2.7738,3.5947,6.4515,1
32.420,24,-26,1509,1489,0.10,0.02,2.7738,3.5947,6.4515,1
32.437,25,-25,1509,1495,0.10,0.02,2.7738,3.5947,6.4515,1
32.454,26,-24,1509,1496,0.10,0.02,2.7738,3.5947,6.4515,1
32.471,27,-24,1509,1493,0.10,0.02,2.7738,3.5947,6.4515,1
32.489,28,-25,1510,1490,0.10,0.02,2.7738,3.5947,6.4515,1
32.506,30,-25,1516,1493,0.10,0.02,2.7738,3.5947,6.4515,1
32.523,32,-25,1516,1493,0.10,0.02,2.7738,3.5947,6.4515,1
32.541,35,-25,1522,1493,0.10,0.02,2.7738,3.5947,6.4515,1
32.559,37,-25,1517,1493,0.10,0.02,2.7738,3.5947,6.4515,1
32.577,40,-25,1521,1493,0.10,0.02,2.7738,3.5947,6.4515,1
32.594,42,-26,1518,1489,0.10,0.02,2.7738,3.5947,6.4515,1
32.611,45,-27,1524,1489,0.10,0.02,2.7738,3.5947,6.4515,1
32.629,48,-26,1523,1495,-0.87,-0.57,2.7509,4.9159,8.8628,1
32.647,51,-26,1525,1492,-0.87,-0.57,2.7509,4.9159,8.8628,1
32.664,54,-27,1525,1489,-0.87,-0.57,2.7509,4.9159,8.8628,1
32.681,57,-26,1526,1495,-0.87,-0.57,2.7509,4.9159,8.8628,1
32.698,60,-26,1526,1492,-0.87,-0.57,2.7509,4.9159,8.8628,1
32.716,63,-26,1527,1492,-0.87,-0.57,2.7509,4.9159,8.8628,0
32.733,65,-27,1521,1489,-0.87,-0.57,2.7509,4.9159,8.8628,0
32.751,68,-27,1527,1492,-0.87,-0.57,2.7509,4.9159,8.8628,0
32.768,70,-26,1522,1495,-0.87,-0.57,2.7509,4.9159,8.8628,0
32.786,72,-27,1522,1489,-0.87,-0.57,2.7509,4.9159,8.8628,0
32.804,73,-27,1516,1492,-0.87,-0.57,2.7509,4.9159,8.8628,0
32.824,74,-26,1516,1495,-0.50,-0.42,2.7509,4.9159,8.8628,0
32.842,75,-26,1516,1492,-0.50,-0.42,2.7509,4.9159,8.8628,0
32.861,76,-26,1517,1492,-0.50,-0.42,2.7509,4.9159,8.8628,0
32.878,76,-26,1511,1492,-0.50,-0.42,2.7509,4.9159,8.8628,0
32.896,76,-27,1511,1489,-0.50,-0.42,2.7509,4.9159,8.8628,0
32.913,76,-27,1511,1492,-0.50,-0.42,2.7509,4.9159,8.8628,0
32.930,76,-27,1511,1492,-0.50,-0.42,2.7509,4.9159,8.8628,0
32.948,76,-27,1511,1492,-0.50,-0.42,2.7509,4.9159,8.8628,0
32.966,76,-27,1511,1492,-0.50,-0.42,2.7509,4.9159,8.8628,0
32.984,76,-27,1511,1492,-0.50,-0.42,2.7509,4.9159,8.8628,0
33.003,76,-27,1511,1492,-0.50,-0.42,2.7509,4.9159,8.8628,0
33.022,76,-27,1511,1492,-0.50,-0.42,2.7509,4.9159,8.8628,0
33.039,77,-27,1516,1492,-0.50,-0.42,2.7509,4.9159,8.8628,0
33.056,77,-27,1511,1492,-0.50,-0.42,2.7509,4.9159,8.8628,0
33.073,77,-27,1511,1492,-0.50,-0.42,2.7509,4.9159,8.8628,0
33.090,77,-27,1511,1492,-0.50,-0.42,2.7509,4.9159,8.8628,0
33.107,77,-27,1511,1492,-0.50,-0.42,2.7509,4.9159,8.8628,0
33.124,77,-27,1511,1492,0.59,0.36,2.8713,3.0162,6.8992,0
33.142,77,-27,1511,1492,0.59,0.36,2.8713,3.0162,6.8992,0
33.160,76,-28,1505,1489,0.59,0.36,2.8713,3.0162,6.8992,0
33.177,76,-28,1511,1492,0.59,0.36,2.8713,3.0162,6.8992,0
33.195,76,-28,1511,1492,0.59,0.36,2.8713,3.0162,6.8992,0
33.212,76,-28,1511,1492,0.59,0.36,2.8713,3.0162,6.8992,0
33.229,76,-28,1511,1492,0.59,0.36,2.8713,3.0162,6.8992,0
33.247,76,-28,1511,1492,0.59,0.36,2.8713,3.0162,6.8992,0
33.264,76,-28,1511,1492,0.59,0.36,2.8713,3.0162,6.8992,0
33.283,77,-29,1516,1489,0.59,0.36,2.8713,3.0162,6.8992,0
33.302,77,-28,1511,1494,0.59,0.36,2.8713,3.0162,6.8992,0
33.320,77,-29,1511,1489,0.93,-0.19,2.8713,3.0162,6.8992,0
33.337,77,-28,1511,1494,0.93,-0.19,2.8713,3.0162,6.8992,0
33.355,78,-29,1517,1489,0.93,-0.19,2.8713,3.0162,6.8992,0
33.372,78,-29,1511,1491,0.93,-0.19,2.8713,3.0162,6.8992,0
33.390,79,-29,1517,1491,0.93,-0.19,2.8713,3.0162,6.8992,0
33.407,79,-29,1511,1491,0.93,-0.19,2.8713,3.0162,6.8992,0
33.425,79,-29,1511,1491,0.93,-0.19,2.8713,3.0162,6.8992,0
33.442,79,-29,1511,1491,0.93,-0.19,2.8713,3.0162,6.8992,0
33.459,78,-29,1505,1491,0.93,-0.19,2.8713,3.0162,6.8992,0
33.476,78,-29,1511,1491,0.93,-0.19,2.8713,3.0162,6.8992,0
33.494,77,-29,1506,1491,0.93,-0.19,2.8713,3.0162,6.8992,0
33.512,77,-29,1511,1491,0.93,-0.19,2.8713,3.0162,6.8992,0
33.530,76,-29,1506,1491,0.93,-0.19,2.8713,3.0162,6.8992,0
33.547,75,-29,1505,1491,0.93,-0.19,2.8713,3.0162,6.8992,0
33.567,75,-30,1511,1488,0.93,-0.19,2.8713,3.0162,6.8992,0
33.587,74,-31,1506,1488,0.93,-0.19,2.8713,3.0162,6.8992,0
33.605,73,-31,1505,1491,0.93,-0.19,2.8713,3.0162,6.8992,0
33.623,72,-31,1505,1491,0.74,0.10,2.9204,3.2910,9.4629,0
33.642,70,-31,1500,1491,0.74,0.10,2.9204,3.2910,9.4629,0
33.660,68,-31,1500,1491,0.74,0.10,2.9204,3.2910,9.4629,0
33.678,67,-31,1504,1491,0.74,0.10,2.9204,3.2910,9.4629,0
33.696,66,-31,1504,1491,0.74,0.10,2.9204,3.2910,9.4629,0
33.715,64,-31,1499,1491,0.74,0.10,2.9204,3.2910,9.4629,0
33.733,63,-31,1504,1491,0.74,0.10,2.9204,3.2910,9.4629,0
33.751,59,-31,1488,1491,0.74,0.10,2.9204,3.2910,9.4629,0
33.769,57,-31,1498,1491,0.74,0.10,2.9204,3.2910,9.4629,0
33.787,56,-31,1503,1491,0.74,0.10,2.9204,3.2910,9.4629,0
33.805,54,-31,1498,1491,0.74,0.10,2.9204,3.2910,9.4629,0
33.822,54,-31,1508,1491,0.29,0.66,2.9204,3.2910,9.4629,0
33.839,54,-31,1508,1491,0.29,0.66,2.9204,3.2910,9.4629,0
33.857,50,-31,1486,1491,0.29,0.66,2.9204,3.2910,9.4629,0
33.875,47,-31,1490,1491,0.29,0.66,2.9204,3.2910,9.4629,0
33.892,45,-30,1496,1494,0.29,0.66,2.9204,3.2910,9.4629,1
33.909,43,-30,1496,1491,0.29,0.66,2.9204,3.2910,9.4629,1
33.927,38,-30,1477,1491,0.29,0.66,2.9204,3.2910,9.4629,1
33.944,35,-30,1488,1491,0.29,0.66,2.9204,3.2910,9.4629,1
33.961,33,-30,1494,1491,0.29,0.66,2.9204,3.2910,9.4629,1
33.978,30,-30,1488,1491,0.29,0.66,2.9204,3.2910,9.4629,1
33.996,27,-31,1488,1488,0.29,0.66,2.9204,3.2910,9.4629,0
34.014,25,-31,1493,1491,0.29,0.66,2.9204,3.2910,9.4629,0
34.032,23,-30,1493,1494,0.29,0.66,2.9204,3.2910,9.4629,1
34.050,21,-29,1493,1494,0.29,0.66,2.9204,3.2910,9.4629,1
34.071,19,-29,1492,1491,0.29,0.66,2.9204,3.2910,9.4629,1
34.089,18,-30,1499,1489,0.29,0.66,2.9204,3.2910,9.4629,1
34.110,16,-31,1494,1488,0.29,0.66,2.9204,3.2910,9.4629,0
34.128,13,-29,1485,1497,-0.34,1.11,2.7802,4.6458,9.2688,1
34.146,12,-29,1497,1491,-0.34,1.11,2.7802,4.6458,9.2688,1
34.164,11,-29,1497,1491,-0.34,1.11,2.7802,4.6458,9.2688,1
34.181,10,-30,1496,1488,-0.34,1.11,2.7802,4.6458,9.2688,1
34.199,10,-29,1501,1494,-0.34,1.11,2.7802,4.6458,9.2688,1
34.217,8,-29,1491,1491,-0.34,1.11,2.7802,4.6458,9.2688,1
34.234,8,-30,1501,1488,-0.34,1.11,2.7802,4.6458,9.2688,1
34.252,9,-30,1507,1491,-0.34,1.11,2.7802,4.6458,9.2688,1
34.271,9,-30,1501,1491,-0.34,1.11,2.7802,4.6458,9.2688,1
34.289,10,-30,1506,1491,-0.34,1.11,2.7802,4.6458,9.2688,1
34.306,12,-30,1513,1491,-0.34,1.11,2.7802,4.6458,9.2688,1
34.323,14,-30,1513,1491,-0.94,0.13,2.7802,4.6458,9.2688,1
34.340,15,-30,1508,1491,-0.94,0.13,2.7802,4.6458,9.2688,1
34.357,18,-30,1520,1491,-0.94,0.13,2.7802,4.6458,9.2688,1
34.374,20,-31,1514,1488,-0.94,0.13,2.7802,4.6458,9.2688,0
34.392,23,-31,1521,1491,-0.94,0.13,2.7802,4.6458,9.2688,0
34.409,26,-31,1521,1491,-0.94,0.13,2.7802,4.6458,9.2688,0
34.426,29,-31,1521,1491,-0.94,0.13,2.7802,4.6458,9.2688,0
34.445,32,-31,1521,1491,-0.94,0.13,2.7802,4.6458,9.2688,0
34.463,35,-31,1521,1491,-0.94,0.13,2.7802,4.6458,9.2688,0
34.480,38,-31,1523,1491,-0.94,0.13,2.7802,4.6458,9.2688,0
34.498,42,-32,1529,1488,-0.94,0.13,2.7802,4.6458,9.2688,0
34.515,49,-32,1547,1490,-0.94,0.13,2.7802,4.6458,9.2688,0
34.533,53,-32,1530,1490,-0.94,0.13,2.7802,4.6458,9.2688,0
34.550,56,-32,1525,1490,-0.94,0.13,2.7802,4.6458,9.2688,0
34.567,56,-32,1508,1490,-0.94,0.13,2.7802,4.6458,9.2688,0
34.584,60,-32,1532,1490,-0.94,0.13,2.7802,4.6458,9.2688,0
34.602,64,-32,1532,1490,-0.94,0.13,2.7802,4.6458,9.2688,0
34.622,64,-32,1509,1490,-1.02,-0.25,2.7531,3.9094,8.1895,0
34.640,67,-32,1527,1490,-1.02,-0.25,2.7531,3.9094,8.1895,0
34.657,72,-32,1539,1490,-1.02,-0.25,2.7531,3.9094,8.1895,0
34.675,76,-32,1533,1490,-1.02,-0.25,2.7531,3.9094,8.1895,0
34.693,84,-32,1557,1490,-1.02,-0.25,2.7531,3.9094,8.1895,0
34.710,88,-33,1536,1487,-1.02,-0.25,2.7531,3.9094,8.1895,0
34.727,96,-34,1561,1487,-1.02,-0.25,2.7531,3.9094,8.1895,0
34.744,101,-34,1544,1490,-1.02,-0.25,2.7531,3.9094,8.1895,0
34.761,104,-32,1533,1496,-1.02,-0.25,2.7531,3.9094,8.1895,0
34.778,108,-32,1539,1490,-1.02,-0.25,2.7531,3.9094,8.1895,0
34.796,112,-33,1539,1487,-1.02,-0.25,2.7531,3.9094,8.1895,0
34.813,116,-33,1540,1490,0.60,-0.88,2.7531,3.9094,8.1895,0
34.830,120,-33,1541,1490,0.60,-0.88,2.7531,3.9094,8.1895,0
34.848,124,-33,1541,1490,0.60,-0.88,2.7531,3.9094,8.1895,0
34.865,128,-33,1542,1490,0.60,-0.88,2.7531,3.9094,8.1895,0
34.882,132,-33,1543,1490,0.60,-0.88,2.7531,3.9094,8.1895,0
34.899,135,-33,1537,1490,0.60,-0.88,2.7531,3.9094,8.1895,0
34.918,139,-33,1542,1490,0.60,-0.88,2.7531,3.9094,8.1895,0
34.936,145,-33,1555,1490,0.60,-0.88,2.7531,3.9094,8.1895,0
34.954,147,-32,1533,1493,0.60,-0.88,2.7531,3.9094,8.1895,0
34.971,149,-33,1534,1487,0.60,-0.88,2.7531,3.9094,8.1895,0
34.990,151,-33,1533,1490,0.60,-0.88,2.7531,3.9094,8.1895,0
35.007,152,-33,1528,1490,0.60,-0.88,2.7531,3.9094,8.1895,0
35.024,153,-33,1528,1490,0.60,-0.88,2.7531,3.9094,8.1895,0
35.041,153,-33,1523,1490,0.60,-0.88,2.7531,3.9094,8.1895,0
35.058,153,-33,1523,1490,0.60,-0.88,2.7531,3.9094,8.1895,0
35.076,153,-32,1523,1493,0.60,-0.88,2.7531,3.9094,8.1895,0
35.096,152,-33,1517,1488,0.60,-0.88,2.7531,3.9094,8.1895,0
35.113,152,-33,1522,1490,0.60,-0.88,2.7531,3.9094,8.1895,0
35.131,151,-32,1516,1493,1.14,-0.47,2.3473,4.0079,7.5902,0
35.148,149,-33,1511,1487,1.14,-0.47,2.3473,4.0079,7.5902,0
35.166,144,-33,1493,1490,1.14,-0.47,2.3473,4.0079,7.5902,0
35.183,141,-33,1503,1490,1.14,-0.47,2.3473,4.0079,7.5902,0
35.200,136,-33,1492,1490,1.14,-0.47,2.3473,4.0079,7.5902,0
35.218,133,-33,1503,1490,1.14,-0.47,2.3473,4.0079,7.5902,0
35.238,130,-33,1503,1490,1.14,-0.47,2.3473,4.0079,7.5902,0
35.255,126,-33,1498,1490,1.14,-0.47,2.3473,4.0079,7.5902,0
35.274,122,-34,1498,1487,1.14,-0.47,2.3473,4.0079,7.5902,0
35.292,119,-34,1500,1490,1.14,-0.47,2.3473,4.0079,7.5902,0
35.309,116,-33,1500,1493,0.41,0.53,2.3473,4.0079,7.5902,0
35.327,113,-34,1500,1487,0.41,0.53,2.3473,4.0079,7.5902,0
35.344,110,-35,1500,1487,0.41,0.53,2.3473,4.0079,7.5902,0
35.361,107,-35,1500,1490,0.41,0.53,2.3473,4.0079,7.5902,0
35.379,104,-35,1499,1490,0.41,0.53,2.3473,4.0079,7.5902,0
35.397,101,-35,1499,1490,0.41,0.53,2.3473,4.0079,7.5902,0
35.414,98,-35,1498,1490,0.41,0.53,2.3473,4.0079,7.5902,0
35.432,95,-35,1498,1490,0.41,0.53,2.3473,4.0079,7.5902,0
35.449,93,-35,1502,1490,0.41,0.53,2.3473,4.0079,7.5902,0
35.467,90,-35,1497,1490,0.41,0.53,2.3473,4.0079,7.5902,0
35.484,87,-34,1497,1493,0.41,0.53,2.3473,4.0079,7.5902,0
35.502,85,-34,1501,1490,0.41,0.53,2.3473,4.0079,7.5902,0
35.520,80,-34,1485,1490,0.41,0.53,2.3473,4.0079,7.5902,0
35.537,78,-34,1500,1490,0.41,0.53,2.3473,4.0079,7.5902,0
35.554,76,-34,1500,1490,0.41,0.53,2.3473,4.0079,7.5902,0
35.573,74,-33,1500,1493,0.41,0.53,2.3473,4.0079,7.5902,0
35.590,74,-33,1511,1490,0.41,0.53,2.3473,4.0079,7.5902,0
35.609,71,-35,1495,1484,0.41,0.53,2.6817,3.9202,6.9213,0
35.627,69,-35,1500,1490,-0.27,0.57,2.6817,3.9202,6.9213,0
35.645,68,-35,1504,1490,-0.27,0.57,2.6817,3.9202,6.9213,0
35.663,67,-35,1504,1490,-0.27,0.57,2.6817,3.9202,6.9213,0
35.680,65,-34,1499,1493,-0.27,0.57,2.6817,3.9202,6.9213,0
35.699,64,-33,1504,1493,-0.27,0.57,2.6817,3.9202,6.9213,0
35.717,63,-33,1503,1490,-0.27,0.57,2.6817,3.9202,6.9213,0
35.734,63,-33,1509,1490,-0.27,0.57,2.6817,3.9202,6.9213,0
35.751,63,-33,1509,1490,-0.27,0.57,2.6817,3.9202,6.9213,0
35.768,63,-33,1509,1490,-0.27,0.57,2.6817,3.9202,6.9213,0
35.786,63,-33,1509,1490,-0.27,0.57,2.6817,3.9202,6.9213,0
35.803,63,-33,1509,1490,-0.27,0.57,2.6817,3.9202,6.9213,0
35.820,64,-33,1515,1490,-0.50,0.37,2.6817,3.9202,6.9213,0
35.838,65,-33,1515,1490,-0.50,0.37,2.6817,3.9202,6.9213,0
35.855,65,-33,1509,1490,-0.50,0.37,2.6817,3.9202,6.9213,0
35.872,66,-33,1515,1490,-0.50,0.37,2.6817,3.9202,6.9213,0
35.889,67,-33,1516,1490,-0.50,0.37,2.6817,3.9202,6.9213,0
35.906,68,-33,1516,1490,-0.50,0.37,2.6817,3.9202,6.9213,0
35.923,68,-33,1510,1490,-0.50,0.37,2.6817,3.9202,6.9213,0
35.940,69,-34,1516,1487,-0.50,0.37,2.6817,3.9202,6.9213,0
35.958,69,-34,1510,1490,-0.50,0.37,2.6817,3.9202,6.9213,0
35.976,69,-34,1510,1490,-0.50,0.37,2.6817,3.9202,6.9213,0
35.993,69,-34,1510,1490,-0.50,0.37,2.6817,3.9202,6.9213,0
36.011,69,-33,1510,1493,-0.50,0.37,2.6817,3.9202,6.9213,0
36.028,69,-34,1510,1487,-0.50,0.37,2.6817,3.9202,6.9213,0
36.046,69,-34,1510,1490,-0.50,0.37,2.6817,3.9202,6.9213,0
36.064,69,-34,1510,1490,-0.50,0.37,2.6817,3.9202,6.9213,0
36.081,69,-34,1510,1490,-0.50,0.37,2.6817,3.9202,6.9213,0
36.101,69,-34,1510,1490,-0.50,0.37,2.6817,3.9202,6.9213,0
36.119,69,-34,1510,1490,-0.50,0.37,2.5339,4.1064,5.8201,0
36.138,69,-34,1510,1490,-0.57,-0.12,2.5339,4.1064,5.8201,0
36.155,70,-34,1516,1490,-0.57,-0.12,2.5339,4.1064,5.8201,0
36.173,71,-34,1516,1490,-0.57,-0.12,2.5339,4.1064,5.8201,0
36.190,72,-34,1516,1490,-0.57,-0.12,2.5339,4.1064,5.8201,0
36.208,73,-34,1516,1490,-0.57,-0.12,2.5339,4.1064,5.8201,0
36.228,74,-34,1516,1490,-0.57,-0.12,2.5339,4.1064,5.8201,0
36.246,75,-34,1516,1490,-0.57,-0.12,2.5339,4.1064,5.8201,0
36.264,78,-34,1528,1490,-0.57,-0.12,2.5339,4.1064,5.8201,0
36.282,79,-34,1511,1490,-0.57,-0.12,2.5339,4.1064,5.8201,0
36.300,80,-34,1523,1490,-0.57,-0.12,2.5339,4.1064,5.8201,0
36.318,81,-35,1517,1487,-0.72,-0.69,2.5339,4.1064,5.8201,0
36.335,82,-35,1518,1490,-0.72,-0.69,2.5339,4.1064,5.8201,0
36.352,83,-35,1518,1490,-0.72,-0.69,2.5339,4.1064,5.8201,0
36.370,85,-35,1524,1490,-0.72,-0.69,2.5339,4.1064,5.8201,0
36.387,88,-35,1530,1490,-0.72,-0.69,2.5339,4.1064,5.8201,0
36.404,90,-35,1525,1490,-0.72,-0.69,2.5339,4.1064,5.8201,0
36.421,92,-34,1525,1493,-0.72,-0.69,2.5339,4.1064,5.8201,0
36.438,94,-34,1525,1490,-0.72,-0.69,2.5339,4.1064,5.8201,0
36.455,96,-35,1526,1487,-0.72,-0.69,2.5339,4.1064,5.8201,0
36.473,98,-35,1526,1490,-0.72,-0.69,2.5339,4.1064,5.8201,0
36.491,99,-36,1520,1487,-0.72,-0.69,2.5339,4.1064,5.8201,0
36.510,101,-35,1525,1492,-0.72,-0.69,2.5339,4.1064,5.8201,0
36.527,103,-34,1527,1493,-0.72,-0.69,2.5339,4.1064,5.8201,0
36.544,104,-34,1521,1490,-0.72,-0.69,2.5339,4.1064,5.8201,0
36.561,105,-34,1521,1490,-0.72,-0.69,2.5339,4.1064,5.8201,0
36.580,106,-34,1521,1490,-0.72,-0.69,2.5339,4.1064,5.8201,0
36.598,107,-35,1521,1487,-0.72,-0.69,2.5339,4.1064,5.8201,0
36.616,108,-35,1521,1490,-0.72,-0.69,2.5982,3.1452,7.6827,0
36.633,109,-34,1522,1493,0.50,-0.73,2.5982,3.1452,7.6827,0
36.651,109,-34,1516,1490,0.50,-0.73,2.5982,3.1452,7.6827,0
36.670,109,-34,1516,1490,0.50,-0.73,2.5982,3.1452,7.6827,0
36.688,109,-34,1516,1490,0.50,-0.73,2.5982,3.1452,7.6827,0
36.706,108,-34,1510,1490,0.50,-0.73,2.5982,3.1452,7.6827,0
36.724,108,-35,1516,1487,0.50,-0.73,2.5982,3.1452,7.6827,0
36.741,108,-35,1516,1490,0.50,-0.73,2.5982,3.1452,7.6827,0
36.758,107,-33,1510,1496,0.50,-0.73,2.5982,3.1452,7.6827,0
36.775,106,-33,1510,1490,0.50,-0.73,2.5982,3.1452,7.6827,0
36.793,105,-33,1510,1490,0.50,-0.73,2.5982,3.1452,7.6827,0
36.810,105,-32,1515,1493,1.12,-0.46,2.5982,3.1452,7.6827,0
36.828,103,-33,1504,1487,1.12,-0.46,2.5982,3.1452,7.6827,0
36.846,103,-33,1515,1490,1.12,-0.46,2.5982,3.1452,7.6827,0
36.863,103,-33,1515,1490,1.12,-0.46,2.5982,3.1452,7.6827,0
36.881,103,-33,1515,1490,1.12,-0.46,2.5982,3.1452,7.6827,0
36.899,102,-34,1509,1487,1.12,-0.46,2.5982,3.1452,7.6827,0
36.916,101,-33,1509,1493,1.12,-0.46,2.5982,3.1452,7.6827,0
36.934,101,-32,1515,1493,1.12,-0.46,2.5982,3.1452,7.6827,0
36.951,100,-32,1509,1490,1.12,-0.46,2.5982,3.1452,7.6827,0
36.968,100,-32,1515,1490,1.12,-0.46,2.5982,3.1452,7.6827,0
36.987,99,-31,1509,1494,1.12,-0.46,2.5982,3.1452,7.6827,0
37.005,98,-31,1509,1491,1.12,-0.46,2.5982,3.1452,7.6827,0
37.022,97,-31,1508,1491,1.12,-0.46,2.5982,3.1452,7.6827,0
37.042,96,-31,1509,1491,1.12,-0.46,2.5982,3.1452,7.6827,0
37.060,94,-31,1503,1491,1.12,-0.46,2.5982,3.1452,7.6827,0
37.079,93,-31,1508,1491,1.12,-0.46,2.5982,3.1452,7.6827,0
37.096,91,-31,1502,1491,1.12,-0.46,2.5982,3.1452,7.6827,0
37.114,90,-30,1508,1494,1.12,-0.46,2.7192,3.4368,6.4394,0
37.131,88,-30,1501,1491,0.90,0.51,2.7192,3.4368,6.4394,0
37.149,86,-30,1501,1491,0.90,0.51,2.7192,3.4368,6.4394,0
37.167,85,-30,1507,1491,0.90,0.51,2.7192,3.4368,6.4394,0
37.188,84,-30,1506,1491,0.90,0.51,2.7192,3.4368,6.4394,0
37.206,83,-30,1508,1491,0.90,0.51,2.7192,3.4368,6.4394,0
37.223,82,-30,1506,1491,0.90,0.51,2.7192,3.4368,6.4394,0
37.241,81,-30,1506,1491,0.90,0.51,2.7192,3.4368,6.4394,0
37.259,80,-30,1506,1491,0.90,0.51,2.7192,3.4368,6.4394,0
37.277,79,-30,1506,1491,0.90,0.51,2.7192,3.4368,6.4394,0
37.295,79,-30,1511,1491,0.90,0.51,2.7192,3.4368,6.4394,0
37.312,78,-29,1505,1494,0.42,0.78,2.7192,3.4368,6.4394,0
37.330,77,-29,1505,1491,0.42,0.78,2.7192,3.4368,6.4394,0
37.348,76,-29,1511,1491,0.42,0.78,2.7192,3.4368,6.4394,0
37.365,76,-28,1505,1494,0.42,0.78,2.7192,3.4368,6.4394,0
37.383,75,-28,1505,1492,0.42,0.78,2.7192,3.4368,6.4394,0
37.401,75,-28,1511,1492,0.42,0.78,2.7192,3.4368,6.4394,0
37.419,74,-28,1505,1492,0.42,0.78,2.7192,3.4368,6.4394,0
37.436,74,-28,1511,1492,0.42,0.78,2.7192,3.4368,6.4394,0
37.453,74,-28,1511,1492,0.42,0.78,2.7192,3.4368,6.4394,0
37.471,73,-29,1505,1489,0.42,0.78,2.7192,3.4368,6.4394,0
37.491,73,-29,1511,1491,0.42,0.78,2.7192,3.4368,6.4394,0
37.509,72,-28,1506,1494,0.42,0.78,2.7192,3.4368,6.4394,0
37.529,72,-28,1510,1492,0.42,0.78,2.7192,3.4368,6.4394,0
37.547,72,-28,1510,1492,0.42,0.78,2.7192,3.4368,6.4394,0
37.564,71,-27,1505,1495,0.42,0.78,2.7192,3.4368,6.4394,0
37.586,71,-27,1510,1492,0.42,0.78,2.7192,3.4368,6.4394,0
37.604,71,-27,1510,1492,0.42,0.78,2.7192,3.4368,6.4394,0
37.622,71,-27,1510,1492,-0.53,-0.05,2.5961,3.7853,5.9955,0
37.641,72,-27,1515,1492,-0.53,-0.05,2.5961,3.7853,5.9955,0
37.659,72,-27,1510,1492,-0.53,-0.05,2.5961,3.7853,5.9955,0
37.677,72,-27,1510,1492,-0.53,-0.05,2.5961,3.7853,5.9955,0
37.696,72,-26,1510,1495,-0.53,-0.05,2.5961,3.7853,5.9955,0
37.714,72,-26,1510,1492,-0.53,-0.05,2.5961,3.7853,5.9955,0
37.731,72,-26,1510,1492,-0.53,-0.05,2.5961,3.7853,5.9955,0
37.749,72,-26,1510,1492,-0.53,-0.05,2.5961,3.7853,5.9955,0
37.767,71,-26,1505,1492,-0.53,-0.05,2.5961,3.7853,5.9955,0
37.785,71,-26,1510,1492,-0.53,-0.05,2.5961,3.7853,5.9955,0
37.802,71,-26,1510,1492,-0.53,-0.05,2.5961,3.7853,5.9955,0
37.820,70,-26,1504,1492,-0.24,-0.07,2.5961,3.7853,5.9955,0
37.837,69,-25,1504,1495,-0.24,-0.07,2.5961,3.7853,5.9955,0
37.855,68,-26,1504,1489,-0.24,-0.07,2.5961,3.7853,5.9955,0
37.872,67,-26,1504,1492,-0.24,-0.07,2.5961,3.7853,5.9955,0
37.889,66,-26,1504,1492,-0.24,-0.07,2.5961,3.7853,5.9955,0
37.907,65,-25,1504,1495,-0.24,-0.07,2.5961,3.7853,5.9955,0
37.925,64,-26,1503,1489,-0.24,-0.07,2.5961,3.7853,5.9955,0
37.943,62,-26,1499,1492,-0.24,-0.07,2.5961,3.7853,5.9955,0
37.962,61,-25,1503,1495,-0.24,-0.07,2.5961,3.7853,5.9955,0
37.979,59,-25,1498,1493,-0.24,-0.07,2.5961,3.7853,5.9955,1
37.997,57,-25,1498,1493,-0.24,-0.07,2.5961,3.7853,5.9955,1
38.014,55,-26,1497,1489,-0.24,-0.07,2.5961,3.7853,5.9955,1
38.032,52,-25,1491,1495,-0.24,-0.07,2.5961,3.7853,5.9955,1
38.049,48,-25,1485,1493,-0.24,-0.07,2.5961,3.7853,5.9955,1
38.067,45,-25,1491,1493,-0.24,-0.07,2.5961,3.7853,5.9955,1
38.085,42,-25,1490,1493,-0.24,-0.07,2.5961,3.7853,5.9955,1
38.102,39,-24,1490,1496,-0.24,-0.07,2.5902,3.1764,6.4404,1
38.120,37,-24,1494,1493,-0.41,-0.38,2.5902,3.1764,6.4404,1
38.138,34,-24,1489,1493,-0.41,-0.38,2.5902,3.1764,6.4404,1
38.155,31,-24,1488,1493,-0.41,-0.38,2.5902,3.1764,6.4404,1
38.174,28,-24,1488,1493,-0.41,-0.38,2.5902,3.1764,6.4404,1
38.191,24,-25,1482,1490,-0.41,-0.38,2.5902,3.1764,6.4404,1
38.212,21,-25,1489,1493,-0.41,-0.38,2.5902,3.1764,6.4404,1
38.230,18,-24,1486,1496,-0.41,-0.38,2.5902,3.1764,6.4404,1
38.248,14,-24,1480,1493,-0.41,-0.38,2.5902,3.1764,6.4404,1
38.266,8,-24,1469,1493,-0.41,-0.38,2.5902,3.1764,6.4404,1
38.284,5,-24,1484,1493,-0.41,-0.38,2.5902,3.1764,6.4404,1
38.301,2,-24,1484,1493,-0.64,-0.19,2.5902,3.1764,6.4404,1
38.319,-1,-24,1483,1493,-0.64,-0.19,2.5902,3.1764,6.4404,1
38.336,-4,-25,1483,1490,-0.64,-0.19,2.5902,3.1764,6.4404,1
38.356,-6,-24,1488,1496,-0.64,-0.19,2.5902,3.1764,6.4404,1
38.373,-8,-24,1489,1493,-0.64,-0.19,2.5902,3.1764,6.4404,1
38.390,-10,-24,1487,1493,-0.64,-0.19,2.5902,3.1764,6.4404,1
38.407,-12,-24,1487,1493,-0.64,-0.19,2.5902,3.1764,6.4404,1
38.425,-15,-23,1481,1496,-0.64,-0.19,2.5902,3.1764,6.4404,1
38.442,-17,-23,1487,1493,-0.64,-0.19,2.5902,3.1764,6.4404,1
38.461,-19,-23,1486,1493,-0.64,-0.19,2.5902,3.1764,6.4404,1
38.479,-23,-23,1476,1493,-0.64,-0.19,2.5902,3.1764,6.4404,1
38.496,-23,-23,1497,1493,-0.64,-0.19,2.5902,3.1764,6.4404,1
38.514,-28,-22,1468,1496,-0.64,-0.19,2.5902,3.1764,6.4404,1
38.531,-30,-22,1485,1493,-0.64,-0.19,2.5902,3.1764,6.4404,1
38.550,-30,-22,1496,1493,-0.64,-0.19,2.5902,3.1764,6.4404,1
38.570,-33,-22,1480,1493,-0.64,-0.19,2.5902,3.1764,6.4404,1
38.587,-38,-22,1466,1493,-0.64,-0.19,2.5902,3.1764,6.4404,1
38.605,-38,-22,1495,1493,-0.64,-0.19,2.6693,4.3194,4.8624,1
38.622,-42,-21,1471,1497,-1.48,0.03,2.6693,4.3194,4.8624,1
38.639,-44,-21,1482,1494,-1.48,0.03,2.6693,4.3194,4.8624,1
38.656,-46,-21,1482,1494,-1.48,0.03,2.6693,4.3194,4.8624,1
38.673,-49,-21,1476,1494,-1.48,0.03,2.6693,4.3194,4.8624,1
38.691,-51,-21,1482,1494,-1.48,0.03,2.6693,4.3194,4.8624,1
38.708,-53,-21,1481,1494,-1.48,0.03,2.6693,4.3194,4.8624,1
38.725,-55,-21,1481,1494,-1.48,0.03,2.6693,4.3194,4.8624,1
38.742,-57,-22,1480,1491,-1.48,0.03,2.6693,4.3194,4.8624,1
38.760,-59,-22,1480,1493,-1.48,0.03,2.6693,4.3194,4.8624,1
38.779,-60,-22,1486,1493,-1.48,0.03,2.6693,4.3194,4.8624,1
38.796,-62,-21,1480,1497,-1.48,0.03,2.6693,4.3194,4.8624,0
38.813,-63,-21,1485,1494,-2.17,0.27,2.6693,4.3194,4.8624,0
38.831,-65,-22,1479,1491,-2.17,0.27,2.6693,4.3194,4.8624,0
38.849,-67,-22,1479,1493,-2.17,0.27,2.6693,4.3194,4.8624,0
38.866,-69,-21,1479,1497,-2.17,0.27,2.6693,4.3194,4.8624,0
38.883,-69,-21,1490,1494,-2.17,0.27,2.6693,4.3194,4.8624,0
38.901,-70,-21,1484,1494,-2.17,0.27,2.6693,4.3194,4.8624,0
38.918,-70,-21,1490,1494,-2.17,0.27,2.6693,4.3194,4.8624,0
38.935,-70,-21,1490,1494,-2.17,0.27,2.6693,4.3194,4.8624,0
38.953,-70,-21,1490,1494,-2.17,0.27,2.6693,4.3194,4.8624,0
38.971,-70,-21,1490,1494,-2.17,0.27,2.6693,4.3194,4.8624,0
38.988,-70,-21,1490,1494,-2.17,0.27,2.6693,4.3194,4.8624,0
39.005,-69,-21,1496,1494,-2.17,0.27,2.6693,4.3194,4.8624,0
39.023,-69,-21,1490,1494,-2.17,0.27,2.6693,4.3194,4.8624,0
39.041,-68,-22,1495,1491,-2.17,0.27,2.6693,4.3194,4.8624,0
39.058,-67,-22,1496,1493,-2.17,0.27,2.6693,4.3194,4.8624,0
39.075,-67,-22,1490,1493,-2.17,0.27,2.6693,4.3194,4.8624,0
39.093,-67,-22,1490,1493,-2.17,0.27,2.6693,4.3194,4.8624,0
39.110,-66,-22,1496,1493,-2.17,0.27,2.8442,4.0609,7.9353,0
39.129,-64,-22,1496,1497,-1.89,0.14,2.8442,4.0609,7.9353,0
39.147,-63,-22,1501,1491,-1.89,0.14,2.8442,4.0609,7.9353,0
39.164,-62,-22,1497,1493,-1.89,0.14,2.8442,4.0609,7.9353,0
39.181,-59,-21,1508,1497,-1.89,0.14,2.8442,4.0609,7.9353,1
39.199,-57,-21,1502,1494,-1.89,0.14,2.8442,4.0609,7.9353,1
39.216,-54,-21,1509,1494,-1.89,0.14,2.8442,4.0609,7.9353,1
39.234,-53,-21,1498,1494,-1.89,0.14,2.8442,4.0609,7.9353,1
39.251,-51,-21,1503,1494,-1.89,0.14,2.8442,4.0609,7.9353,1
39.268,-50,-21,1499,1494,-1.89,0.14,2.8442,4.0609,7.9353,1
39.286,-48,-21,1503,1494,-1.89,0.14,2.8442,4.0609,7.9353,1
39.304,-46,-22,1503,1491,-1.44,-0.01,2.8442,4.0609,7.9353,1
39.322,-44,-22,1504,1493,-1.44,-0.01,2.8442,4.0609,7.9353,1
39.340,-42,-22,1504,1493,-1.44,-0.01,2.8442,4.0609,7.9353,1
39.357,-40,-22,1505,1493,-1.44,-0.01,2.8442,4.0609,7.9353,1
39.375,-38,-22,1505,1493,-1.44,-0.01,2.8442,4.0609,7.9353,1
39.393,-35,-22,1511,1493,-1.44,-0.01,2.8442,4.0609,7.9353,1
39.410,-29,-22,1530,1493,-1.44,-0.01,2.8442,4.0609,7.9353,1
39.429,-29,-22,1496,1493,-1.44,-0.01,2.8442,4.0609,7.9353,1
39.448,-23,-22,1529,1493,-1.44,-0.01,2.8442,4.0609,7.9353,1
39.465,-20,-22,1513,1493,-1.44,-0.01,2.8442,4.0609,7.9353,1
39.483,-16,-22,1520,1493,-1.44,-0.01,2.8442,4.0609,7.9353,1
39.500,-13,-22,1515,1493,-1.44,-0.01,2.8442,4.0609,7.9353,1
39.518,-9,-22,1521,1493,-1.44,-0.01,2.8442,4.0609,7.9353,1
39.535,-5,-23,1522,1490,-1.44,-0.01,2.8442,4.0609,7.9353,1
39.553,0,-23,1527,1493,-1.44,-0.01,2.8442,4.0609,7.9353,1
39.570,0,-23,1500,1493,-1.44,-0.01,2.8442,4.0609,7.9353,1
39.588,0,-23,1500,1493,-1.44,-0.01,2.8442,4.0609,7.9353,1
39.605,9,-23,1553,1493,-1.44,-0.01,2.8442,4.0609,7.9353,1
39.623,13,-23,1525,1493,-1.44,-0.01,2.7220,3.4394,7.4365,1
39.643,18,-23,1527,1493,-0.99,0.05,2.7220,3.4394,7.4365,1
39.660,22,-23,1526,1493,-0.99,0.05,2.7220,3.4394,7.4365,1
39.678,29,-23,1543,1493,-0.99,0.05,2.7220,3.4394,7.4365,1
39.695,33,-23,1528,1493,-0.99,0.05,2.7220,3.4394,7.4365,1
39.712,36,-24,1522,1490,-0.99,0.05,2.7220,3.4394,7.4365,1
39.730,44,-24,1550,1493,-0.99,0.05,2.7220,3.4394,7.4365,1
39.748,47,-24,1524,1493,-0.99,0.05,2.7220,3.4394,7.4365,1
39.765,51,-23,1530,1496,-0.99,0.05,2.7220,3.4394,7.4365,1
39.782,55,-24,1531,1490,-0.99,0.05,2.7220,3.4394,7.4365,1
39.800,58,-24,1526,1493,-0.99,0.05,2.7220,3.4394,7.4365,1
39.817,62,-25,1532,1490,-0.73,-0.37,2.7220,3.4394,7.4365,0
39.834,65,-25,1527,1493,-0.73,-0.37,2.7220,3.4394,7.4365,0
39.852,69,-24,1533,1496,-0.73,-0.37,2.7220,3.4394,7.4365,0
39.869,72,-25,1528,1490,-0.73,-0.37,2.7220,3.4394,7.4365,0
39.887,76,-25,1533,1493,-0.73,-0.37,2.7220,3.4394,7.4365,0
39.904,79,-25,1529,1493,-0.73,-0.37,2.7220,3.4394,7.4365,0
39.922,82,-25,1529,1493,-0.73,-0.37,2.7220,3.4394,7.4365,0
39.939,85,-25,1530,1493,-0.73,-0.37,2.7220,3.4394,7.4365,0
39.956,87,-25,1524,1493,-0.73,-0.37,2.7220,3.4394,7.4365,0
39.974,90,-25,1530,1493,-0.73,-0.37,2.7220,3.4394,7.4365,0
39.991,93,-25,1531,1493,-0.73,-0.37,2.7220,3.4394,7.4365,0
40.009,95,-25,1524,1493,-0.73,-0.37,2.7220,3.4394,7.4365,0
40.026,98,-25,1532,1493,-0.73,-0.37,2.7220,3.4394,7.4365,0
40.044,100,-25,1526,1493,-0.73,-0.37,2.7220,3.4394,7.4365,0
40.061,102,-25,1526,1493,-0.73,-0.37,2.7220,3.4394,7.4365,0
40.078,104,-25,1527,1493,-0.73,-0.37,2.7220,3.4394,7.4365,0
40.095,106,-26,1527,1489,-0.73,-0.37,2.7220,3.4394,7.4365,0
40.113,108,-26,1527,1492,0.52,-0.85,2.6854,3.3896,6.1455,0
40.130,109,-25,1522,1496,0.52,-0.85,2.6854,3.3896,6.1455,0
40.149,113,-26,1527,1493,0.52,-0.85,2.6854,3.3896,6.1455,0
40.166,114,-26,1533,1490,0.52,-0.85,2.6854,3.3896,6.1455,0
40.185,115,-26,1522,1492,0.52,-0.85,2.6854,3.3896,6.1455,0
40.202,116,-26,1523,1492,0.52,-0.85,2.6854,3.3896,6.1455,0
40.220,117,-26,1523,1492,0.52,-0.85,2.6854,3.3896,6.1455,0
40.237,117,-26,1517,1492,0.52,-0.85,2.6854,3.3896,6.1455,0
40.254,117,-26,1517,1492,0.52,-0.85,2.6854,3.3896,6.1455,0
40.272,118,-26,1523,1492,0.52,-0.85,2.6854,3.3896,6.1455,0
40.289,118,-26,1517,1492,0.52,-0.85,2.6854,3.3896,6.1455,0
40.306,119,-26,1523,1492,0.55,-0.32,2.6854,3.3896,6.1455,0
40.323,119,-26,1517,1492,0.55,-0.32,2.6854,3.3896,6.1455,0
40.341,120,-26,1523,1492,0.55,-0.32,2.6854,3.3896,6.1455,0
40.358,120,-26,1518,1492,0.55,-0.32,2.6854,3.3896,6.1455,0
40.376,121,-26,1524,1492,0.55,-0.32,2.6854,3.3896,6.1455,0
40.393,121,-26,1518,1492,0.55,-0.32,2.6854,3.3896,6.1455,0
40.412,121,-26,1518,1492,0.55,-0.32,2.6854,3.3896,6.1455,0
40.429,121,-26,1518,1492,0.55,-0.32,2.6854,3.3896,6.1455,0
40.446,122,-26,1524,1492,0.55,-0.32,2.6854,3.3896,6.1455,0
40.464,122,-26,1518,1492,0.55,-0.32,2.6854,3.3896,6.1455,0
40.481,122,-27,1518,1489,0.55,-0.32,2.6854,3.3896,6.1455,0
40.498,122,-27,1518,1492,0.55,-0.32,2.6854,3.3896,6.1455,0
40.516,122,-27,1518,1492,0.55,-0.32,2.6854,3.3896,6.1455,0
40.533,122,-26,1518,1495,0.55,-0.32,2.6854,3.3896,6.1455,0
40.551,123,-27,1524,1489,0.55,-0.32,2.6854,3.3896,6.1455,0
40.569,123,-27,1518,1492,0.55,-0.32,2.6854,3.3896,6.1455,0
40.586,123,-27,1518,1492,0.55,-0.32,2.6854,3.3896,6.1455,0
40.607,123,-27,1518,1492,0.55,-0.32,2.6830,3.3393,5.7639,0
40.630,123,-27,1518,1492,-0.15,-0.10,2.6830,3.3393,5.7639,0
40.651,124,-27,1523,1492,-0.15,-0.10,2.6830,3.3393,5.7639,0
40.668,124,-27,1518,1492,-0.15,-0.10,2.6830,3.3393,5.7639,0
40.685,125,-28,1524,1489,-0.15,-0.10,2.6830,3.3393,5.7639,0
40.703,125,-27,1518,1495,-0.15,-0.10,2.6830,3.3393,5.7639,0
40.720,125,-27,1518,1492,-0.15,-0.10,2.6830,3.3393,5.7639,0
40.737,125,-27,1518,1492,-0.15,-0.10,2.6830,3.3393,5.7639,0
40.755,125,-28,1518,1489,-0.15,-0.10,2.6830,3.3393,5.7639,0
40.772,125,-28,1518,1492,-0.15,-0.10,2.6830,3.3393,5.7639,0
40.790,124,-28,1512,1492,-0.15,-0.10,2.6830,3.3393,5.7639,0
40.807,124,-27,1518,1495,-0.60,0.02,2.6830,3.3393,5.7639,0
40.826,124,-28,1518,1489,-0.60,0.02,2.6830,3.3393,5.7639,0
40.843,123,-27,1513,1495,-0.60,0.02,2.6830,3.3393,5.7639,0
40.861,121,-28,1507,1489,-0.60,0.02,2.6830,3.3393,5.7639,0
40.879,120,-28,1512,1492,-0.60,0.02,2.6830,3.3393,5.7639,0
40.897,116,-28,1496,1492,-0.60,0.02,2.6830,3.3393,5.7639,0
40.915,114,-28,1505,1492,-0.60,0.02,2.6830,3.3393,5.7639,0
40.932,112,-28,1505,1492,-0.60,0.02,2.6830,3.3393,5.7639,0
40.949,110,-28,1505,1492,-0.60,0.02,2.6830,3.3393,5.7639,0
40.968,109,-28,1516,1492,-0.60,0.02,2.6830,3.3393,5.7639,0
40.985,107,-29,1500,1489,-0.60,0.02,2.6830,3.3393,5.7639,0
41.003,106,-29,1510,1491,-0.60,0.02,2.6830,3.3393,5.7639,0
41.021,105,-29,1510,1491,-0.60,0.02,2.6830,3.3393,5.7639,0
41.038,104,-29,1509,1491,-0.60,0.02,2.6830,3.3393,5.7639,0
41.056,103,-29,1509,1491,-0.67,-0.04,2.6830,3.3393,5.7639,0
41.073,102,-29,1509,1491,-0.67,-0.04,2.6830,3.3393,5.7639,0
41.091,101,-29,1509,1491,-0.67,-0.04,2.6830,3.3393,5.7639,0
41.108,100,-29,1509,1491,-0.67,-0.04,2.6830,3.3393,5.7639,0
41.126,99,-29,1509,1491,-0.67,-0.04,2.6747,3.2262,5.8049,0
41.143,97,-29,1503,1491,-0.67,-0.04,2.6747,3.2262,5.8049,0
41.161,96,-30,1508,1488,-0.67,-0.04,2.6747,3.2262,5.8049,0
41.178,95,-30,1508,1491,-0.67,-0.04,2.6747,3.2262,5.8049,0
41.196,94,-30,1508,1491,-0.67,-0.04,2.6747,3.2262,5.8049,0
41.213,92,-30,1502,1491,-0.67,-0.04,2.6747,3.2262,5.8049,0
41.231,91,-30,1508,1491,-0.67,-0.04,2.6747,3.2262,5.8049,0
41.248,90,-30,1507,1491,-0.67,-0.04,2.6747,3.2262,5.8049,0
41.265,90,-30,1513,1491,-0.67,-0.04,2.6747,3.2262,5.8049,0
41.284,88,-30,1502,1491,-0.67,-0.04,2.6747,3.2262,5.8049,0
41.302,87,-30,1507,1491,-1.05,-0.72,2.6747,3.2262,5.8049,0
41.320,87,-30,1513,1491,-1.05,-0.72,2.6747,3.2262,5.8049,0
41.339,87,-30,1513,1491,-1.05,-0.72,2.6747,3.2262,5.8049,0
41.358,87,-30,1513,1491,-1.05,-0.72,2.6747,3.2262,5.8049,0
41.376,86,-30,1507,1491,-1.05,-0.72,2.6434,3.4089,5.8032,0
41.396,86,-30,1513,1491,-1.05,-0.72,2.6434,3.4089,5.8032,0
41.414,85,-30,1507,1491,-1.05,-0.72,2.6434,3.4089,5.8032,0
41.431,85,-31,1512,1488,-1.05,-0.72,2.6434,3.4089,5.8032,0
41.449,84,-31,1506,1491,-1.05,-0.72,2.6434,3.4089,5.8032,0
41.466,83,-31,1506,1491,-1.05,-0.72,2.6434,3.4089,5.8032,0
41.483,83,-31,1512,1491,-1.05,-0.72,2.6434,3.4089,5.8032,0
41.500,82,-31,1506,1491,-1.05,-0.72,2.6434,3.4089,5.8032,0
41.518,81,-31,1506,1491,-1.05,-0.72,2.6434,3.4089,5.8032,0
41.535,80,-31,1506,1491,-1.05,-0.72,2.6434,3.4089,5.8032,0
41.552,79,-30,1506,1494,-2.23,-1.43,2.6434,3.4089,5.8032,0
41.569,79,-31,1511,1488,-2.23,-1.43,2.6434,3.4089,5.8032,0
41.587,78,-31,1506,1491,-2.23,-1.43,2.6434,3.4089,5.8032,0
41.606,77,-31,1506,1491,-2.23,-1.43,2.6434,3.4089,5.8032,0
41.624,77,-31,1511,1491,-2.23,-1.43,2.3991,3.3417,5.7080,0
41.642,76,-31,1505,1491,-2.23,-1.43,2.3991,3.3417,5.7080,0
41.659,76,-30,1511,1494,-2.23,-1.43,2.3991,3.3417,5.7080,0
41.678,76,-31,1511,1488,-2.23,-1.43,2.3991,3.3417,5.7080,0
41.696,76,-30,1511,1494,-2.23,-1.43,2.3991,3.3417,5.7080,0
41.713,76,-31,1511,1488,-2.23,-1.43,2.3991,3.3417,5.7080,0
41.731,76,-30,1511,1494,-2.23,-1.43,2.3991,3.3417,5.7080,0
41.750,76,-30,1511,1491,-2.23,-1.43,2.3991,3.3417,5.7080,0
41.768,77,-31,1517,1488,-2.23,-1.43,2.3991,3.3417,5.7080,0
41.785,77,-31,1511,1491,-2.23,-1.43,2.3991,3.3417,5.7080,0
41.803,78,-30,1517,1494,-2.23,-1.34,2.3991,3.3417,5.7080,0
41.820,79,-30,1517,1491,-2.23,-1.34,2.3991,3.3417,5.7080,0
41.839,80,-30,1517,1491,-2.23,-1.34,2.3991,3.3417,5.7080,0
41.857,80,-30,1512,1491,-2.23,-1.34,2.3991,3.3417,5.7080,0
41.876,83,-30,1528,1491,-2.23,-1.34,2.6186,3.0473,5.9440,0
41.894,84,-30,1518,1491,-2.23,-1.34,2.6186,3.0473,5.9440,0
41.914,86,-30,1523,1491,-2.23,-1.34,2.6186,3.0473,5.9440,0
41.932,90,-30,1536,1491,-2.23,-1.34,2.6186,3.0473,5.9440,0
41.950,92,-30,1524,1491,-2.23,-1.34,2.6186,3.0473,5.9440,0
41.967,94,-29,1525,1494,-2.23,-1.34,2.6186,3.0473,5.9440,0
41.984,96,-29,1526,1491,-2.23,-1.34,2.6186,3.0473,5.9440,0
42.002,98,-29,1526,1491,-2.23,-1.34,2.6186,3.0473,5.9440,0
42.019,99,-29,1520,1491,-2.23,-1.34,2.6186,3.0473,5.9440,0
42.036,101,-29,1526,1491,-2.23,-1.34,2.6186,3.0473,5.9440,0
42.053,103,-29,1527,1491,-1.31,-0.51,2.6186,3.0473,5.9440,0
42.071,105,-29,1527,1491,-1.31,-0.51,2.6186,3.0473,5.9440,0
42.088,107,-29,1527,1491,-1.31,-0.51,2.6186,3.0473,5.9440,0
42.106,109,-28,1527,1495,-1.31,-0.51,2.6186,3.0473,5.9440,0
42.123,110,-28,1522,1492,-1.31,-0.51,2.3647,3.3851,6.2553,0
42.140,112,-28,1528,1492,-1.31,-0.51,2.3647,3.3851,6.2553,0
42.157,114,-28,1528,1492,-1.31,-0.51,2.3647,3.3851,6.2553,0
42.175,115,-27,1522,1495,-1.31,-0.51,2.3647,3.3851,6.2553,0
42.193,117,-27,1529,1492,-1.31,-0.51,2.3647,3.3851,6.2553,0
42.211,118,-27,1523,1492,-1.31,-0.51,2.3647,3.3851,6.2553,0
42.229,119,-27,1523,1492,-1.31,-0.51,2.3647,3.3851,6.2553,0
42.248,122,-27,1523,1492,-1.31,-0.51,2.3647,3.3851,6.2553,0
42.265,122,-27,1529,1492,-1.31,-0.51,2.3647,3.3851,6.2553,0
42.283,123,-27,1524,1492,-1.31,-0.51,2.3647,3.3851,6.2553,0
42.302,124,-26,1524,1495,-0.21,-0.17,2.3647,3.3851,6.2553,0
42.319,125,-26,1524,1492,-0.21,-0.17,2.3647,3.3851,6.2553,0
42.337,125,-26,1518,1492,-0.21,-0.17,2.3647,3.3851,6.2553,0
42.354,126,-26,1524,1492,-0.21,-0.17,2.3647,3.3851,6.2553,0
42.372,127,-26,1524,1492,-0.21,-0.17,2.6801,3.2672,6.3264,0
42.389,127,-26,1519,1492,-0.21,-0.17,2.6801,3.2672,6.3264,0
42.408,128,-26,1524,1492,-0.21,-0.17,2.6801,3.2672,6.3264,0
42.426,129,-25,1524,1495,-0.21,-0.17,2.6801,3.2672,6.3264,0
42.444,129,-26,1519,1490,-0.21,-0.17,2.6801,3.2672,6.3264,0
42.461,130,-24,1525,1499,-0.21,-0.17,2.6801,3.2672,6.3264,0
42.478,130,-24,1519,1493,-0.21,-0.17,2.6801,3.2672,6.3264,0
42.497,131,-24,1525,1493,-0.21,-0.17,2.6801,3.2672,6.3264,0
42.515,132,-24,1525,1493,-0.21,-0.17,2.6801,3.2672,6.3264,0
42.533,132,-24,1519,1493,-0.21,-0.17,2.6801,3.2672,6.3264,0
42.552,132,-25,1519,1490,0.21,0.67,2.6801,3.2672,6.3264,0
42.570,133,-24,1525,1496,0.21,0.67,2.6801,3.2672,6.3264,0
42.588,133,-24,1520,1493,0.21,0.67,2.6801,3.2672,6.3264,0
42.605,133,-23,1520,1496,0.21,0.67,2.6801,3.2672,6.3264,0
42.627,133,-23,1520,1493,0.21,0.67,2.6485,3.5174,6.8325,0
42.644,133,-23,1520,1493,0.21,0.67,2.6485,3.5174,6.8325,0
42.663,134,-23,1525,1493,0.21,0.67,2.6485,3.5174,6.8325,0
42.680,134,-24,1520,1490,0.21,0.67,2.6485,3.5174,6.8325,0
42.697,134,-24,1520,1493,0.21,0.67,2.6485,3.5174,6.8325,0
42.715,134,-23,1520,1496,0.21,0.67,2.6485,3.5174,6.8325,0
42.732,135,-22,1526,1496,0.21,0.67,2.6485,3.5174,6.8325,0
42.754,135,-21,1520,1496,0.21,0.67,2.6485,3.5174,6.8325,0
42.771,135,-21,1520,1494,0.21,0.67,2.6485,3.5174,6.8325,0
42.788,135,-21,1520,1494,0.21,0.67,2.6485,3.5174,6.8325,0
42.808,135,-21,1520,1494,0.43,1.48,2.6485,3.5174,6.8325,0
42.825,135,-22,1520,1491,0.43,1.48,2.6485,3.5174,6.8325,0
42.842,135,-21,1520,1497,0.43,1.48,2.6485,3.5174,6.8325,0
42.860,135,-21,1520,1494,0.43,1.48,2.6485,3.5174,6.8325,0
42.878,135,-20,1520,1497,0.43,1.48,2.8425,3.7252,7.3129,0
42.895,136,-20,1526,1494,0.43,1.48,2.8425,3.7252,7.3129,0
42.913,136,-20,1520,1494,0.43,1.48,2.8425,3.7252,7.3129,0
42.930,138,-20,1532,1494,0.43,1.48,2.8425,3.7252,7.3129,0
42.948,139,-20,1526,1494,0.43,1.48,2.8425,3.7252,7.3129,0
42.965,139,-20,1520,1494,0.43,1.48,2.8425,3.7252,7.3129,0
42.982,140,-19,1526,1497,0.43,1.48,2.8425,3.7252,7.3129,0
42.999,141,-19,1527,1494,0.43,1.48,2.8425,3.7252,7.3129,0
43.016,143,-19,1533,1494,0.43,1.48,2.8425,3.7252,7.3129,0
43.033,144,-19,1527,1494,0.43,1.48,2.8425,3.7252,7.3129,0
43.051,146,-19,1533,1494,0.01,1.95,2.8425,3.7252,7.3129,0
43.071,148,-18,1532,1497,0.01,1.95,2.8425,3.7252,7.3129,0
43.089,149,-19,1528,1492,0.01,1.95,2.8425,3.7252,7.3129,0
43.106,150,-19,1528,1494,0.01,1.95,2.8425,3.7252,7.3129,0
43.124,151,-19,1528,1494,0.01,1.95,2.8164,3.7352,6.4526,0
43.142,152,-18,1528,1497,0.01,1.95,2.8164,3.7352,6.4526,0
43.160,152,-18,1522,1495,0.01,1.95,2.8164,3.7352,6.4526,0
43.179,151,-18,1517,1495,0.01,1.95,2.8164,3.7352,6.4526,0
43.197,151,-18,1522,1495,0.01,1.95,2.8164,3.7352,6.4526,0
43.214,150,-19,1516,1492,0.01,1.95,2.8164,3.7352,6.4526,0
43.231,149,-18,1516,1498,0.01,1.95,2.8164,3.7352,6.4526,0
43.248,148,-18,1516,1495,0.01,1.95,2.8164,3.7352,6.4526,0
43.265,147,-18,1516,1495,0.01,1.95,2.8164,3.7352,6.4526,0
43.283,146,-18,1516,1495,0.01,1.95,2.8164,3.7352,6.4526,0
43.300,144,-18,1510,1495,-0.61,0.90,2.8164,3.7352,6.4526,0
43.319,144,-18,1521,1495,-0.61,0.90,2.8164,3.7352,6.4526,0
43.338,142,-18,1511,1495,-0.61,0.90,2.8164,3.7352,6.4526,0
43.356,138,-18,1499,1495,-0.61,0.90,2.8164,3.7352,6.4526,0
43.374,138,-18,1520,1495,-0.61,0.90,2.7910,3.7086,7.2188,0
43.393,134,-18,1499,1495,-0.61,0.90,2.7910,3.7086,7.2188,0
43.411,131,-18,1502,1495,-0.61,0.90,2.7910,3.7086,7.2188,0
43.428,129,-18,1508,1495,-0.61,0.90,2.7910,3.7086,7.2188,0
43.447,124,-18,1492,1495,-0.61,0.90,2.7910,3.7086,7.2188,0
43.464,121,-18,1500,1495,-0.61,0.90,2.7910,3.7086,7.2188,0
43.482,119,-18,1506,1495,-0.61,0.90,2.7910,3.7086,7.2188,0
43.500,116,-17,1500,1498,-0.61,0.90,2.7910,3.7086,7.2188,0
43.517,114,-18,1505,1492,-0.61,0.90,2.7910,3.7086,7.2188,0
43.535,111,-19,1500,1492,-0.61,0.90,2.7910,3.7086,7.2188,0
43.553,109,-18,1504,1498,-1.07,0.40,2.7910,3.7086,7.2188,0
43.570,107,-17,1504,1498,-1.07,0.40,2.7910,3.7086,7.2188,0
43.587,105,-18,1504,1492,-1.07,0.40,2.7910,3.7086,7.2188,0
43.605,103,-18,1504,1495,-1.07,0.40,2.7910,3.7086,7.2188,0
43.623,101,-19,1503,1492,-1.07,0.40,2.8533,3.8015,6.5731,0
43.641,100,-18,1509,1497,-1.07,0.40,2.8533,3.8015,6.5731,0
43.658,98,-18,1503,1495,-1.07,0.40,2.8533,3.8015,6.5731,0
43.676,97,-18,1509,1495,-1.07,0.40,2.8533,3.8015,6.5731,0
43.694,96,-18,1508,1495,-1.07,0.40,2.8533,3.8015,6.5731,0
43.711,96,-18,1514,1495,-1.07,0.40,2.8533,3.8015,6.5731,0
43.729,94,-17,1502,1498,-1.07,0.40,2.8533,3.8015,6.5731,0
43.746,93,-17,1508,1495,-1.07,0.40,2.8533,3.8015,6.5731,0
43.764,92,-18,1508,1492,-1.07,0.40,2.8533,3.8015,6.5731,0
43.781,91,-18,1508,1495,-1.07,0.40,2.8533,3.8015,6.5731,0
43.798,91,-18,1513,1495,-1.07,0.40,2.8533,3.8015,6.5731,0
43.815,89,-18,1501,1495,-1.38,1.13,2.8533,3.8015,6.5731,0
43.833,88,-18,1507,1495,-1.38,1.13,2.8533,3.8015,6.5731,0
43.851,86,-18,1501,1495,-1.38,1.13,2.8533,3.8015,6.5731,0
43.868,84,-18,1500,1495,-1.38,1.13,2.6477,3.4667,6.4835,0
43.886,83,-18,1507,1495,-1.38,1.13,2.6477,3.4667,6.4835,0
43.903,81,-18,1500,1495,-1.38,1.13,2.6477,3.4667,6.4835,0
43.921,79,-18,1500,1495,-1.38,1.13,2.6477,3.4667,6.4835,0
43.938,78,-18,1505,1495,-1.38,1.13,2.6477,3.4667,6.4835,0
43.956,77,-18,1506,1495,-1.38,1.13,2.6477,3.4667,6.4835,0
43.974,76,-18,1506,1495,-1.38,1.13,2.6477,3.4667,6.4835,0
43.992,74,-18,1500,1495,-1.38,1.13,2.6477,3.4667,6.4835,0
44.010,73,-18,1505,1495,-1.38,1.13,2.6477,3.4667,6.4835,0
44.028,72,-18,1505,1495,-1.38,1.13,2.6477,3.4667,6.4835,0
44.045,71,-18,1505,1495,-1.38,1.13,2.6477,3.4667,6.4835,0
44.063,70,-18,1505,1495,-1.61,0.90,2.6477,3.4667,6.4835,0
44.081,69,-18,1504,1495,-1.61,0.90,2.6477,3.4667,6.4835,0
44.098,67,-18,1499,1495,-1.61,0.90,2.6477,3.4667,6.4835,0
44.116,66,-18,1504,1495,-1.61,0.90,2.5015,3.3601,5.7170,0
44.134,62,-19,1488,1492,-1.61,0.90,2.5015,3.3601,5.7170,0
44.152,61,-18,1503,1498,-1.61,0.90,2.5015,3.3601,5.7170,0
44.170,59,-18,1498,1495,-1.61,0.90,2.5015,3.3601,5.7170,1
44.189,58,-18,1503,1495,-1.61,0.90,2.5015,3.3601,5.7170,1
44.207,57,-18,1503,1495,-1.61,0.90,2.5015,3.3601,5.7170,1
44.224,55,-19,1498,1492,-1.61,0.90,2.5015,3.3601,5.7170,1
44.242,54,-19,1502,1494,-1.61,0.90,2.5015,3.3601,5.7170,1
44.259,53,-19,1502,1494,-1.61,0.90,2.5015,3.3601,5.7170,1
44.276,52,-19,1502,1494,-1.61,0.90,2.5015,3.3601,5.7170,1
44.294,51,-19,1502,1494,-1.61,0.90,2.5015,3.3601,5.7170,1
44.311,50,-19,1501,1494,-1.64,0.46,2.5015,3.3601,5.7170,1
44.334,49,-19,1503,1494,-1.64,0.46,2.5015,3.3601,5.7170,1
44.351,49,-20,1507,1491,-1.64,0.46,2.5015,3.3601,5.7170,1
44.376,48,-19,1503,1496,-1.64,0.46,2.7870,3.2042,6.6432,1
44.394,48,-19,1507,1494,-1.64,0.46,2.7870,3.2042,6.6432,1
44.411,48,-19,1507,1494,-1.64,0.46,2.7870,3.2042,6.6432,1
44.430,48,-20,1507,1491,-1.64,0.46,2.7870,3.2042,6.6432,1
44.448,48,-20,1507,1494,-1.64,0.46,2.7870,3.2042,6.6432,1
44.465,49,-19,1512,1497,-1.64,0.46,2.7870,3.2042,6.6432,1
44.483,49,-19,1507,1494,-1.64,0.46,2.7870,3.2042,6.6432,1
44.500,50,-20,1513,1491,-1.64,0.46,2.7870,3.2042,6.6432,1
44.517,51,-20,1513,1494,-1.64,0.46,2.7870,3.2042,6.6432,1
44.534,52,-20,1513,1494,-1.64,0.46,2.7870,3.2042,6.6432,1
44.553,54,-21,1518,1491,-1.74,0.31,2.7870,3.2042,6.6432,1
44.571,54,-21,1508,1494,-1.74,0.31,2.7870,3.2042,6.6432,1
44.589,55,-20,1513,1497,-1.74,0.31,2.7870,3.2042,6.6432,1
44.607,59,-20,1532,1494,-1.74,0.31,2.7870,3.2042,6.6432,1
44.626,61,-20,1519,1494,-1.74,0.31,2.6046,3.6114,6.4791,0
44.644,63,-21,1521,1491,-1.74,0.31,2.6046,3.6114,6.4791,0
44.663,68,-20,1536,1497,-1.74,0.31,2.6046,3.6114,6.4791,0
44.681,70,-20,1521,1494,-1.74,0.31,2.6046,3.6114,6.4791,0
44.698,72,-20,1522,1494,-1.74,0.31,2.6046,3.6114,6.4791,0
44.716,74,-21,1522,1491,-1.74,0.31,2.6046,3.6114,6.4791,0
44.733,76,-21,1523,1494,-1.74,0.31,2.6046,3.6114,6.4791,0
44.751,78,-21,1523,1494,-1.74,0.31,2.6046,3.6114,6.4791,0
44.768,80,-21,1523,1494,-1.74,0.31,2.6046,3.6114,6.4791,0
44.785,82,-21,1524,1494,-1.74,0.31,2.6046,3.6114,6.4791,0
44.802,84,-21,1524,1494,-1.23,0.32,2.6046,3.6114,6.4791,0
44.822,87,-21,1528,1494,-1.23,0.32,2.6046,3.6114,6.4791,0
44.841,89,-21,1524,1494,-1.23,0.32,2.6046,3.6114,6.4791,0
44.859,91,-21,1524,1494,-1.23,0.32,2.6563,3.3029,6.2664,0
44.876,92,-21,1519,1494,-1.23,0.32,2.6563,3.3029,6.2664,0
44.895,95,-21,1530,1494,-1.23,0.32,2.6563,3.3029,6.2664,0
44.914,97,-21,1525,1494,-1.23,0.32,2.6563,3.3029,6.2664,0
44.932,99,-21,1525,1494,-1.23,0.32,2.6563,3.3029,6.2664,0
44.950,100,-21,1520,1494,-1.23,0.32,2.6563,3.3029,6.2664,0
44.968,102,-22,1526,1491,-1.23,0.32,2.6563,3.3029,6.2664,0
44.985,103,-22,1521,1493,-1.23,0.32,2.6563,3.3029,6.2664,0
45.002,105,-22,1527,1493,-1.23,0.32,2.6563,3.3029,6.2664,0
45.019,106,-22,1521,1493,-1.23,0.32,2.6563,3.3029,6.2664,0
45.036,108,-22,1527,1493,-1.23,0.32,2.6563,3.3029,6.2664,0
45.054,109,-22,1522,1493,-1.18,0.48,2.6563,3.3029,6.2664,0
45.072,111,-22,1527,1493,-1.18,0.48,2.6563,3.3029,6.2664,0
45.089,111,-22,1516,1493,-1.18,0.48,2.6563,3.3029,6.2664,0
45.107,112,-22,1522,1493,-1.18,0.48,2.6563,3.3029,6.2664,0
45.126,113,-22,1522,1493,-1.18,0.48,2.3357,3.3349,5.9887,0
45.143,115,-22,1529,1493,-1.18,0.48,2.3357,3.3349,5.9887,0
45.161,116,-22,1523,1493,-1.18,0.48,2.3357,3.3349,5.9887,0
45.178,117,-22,1523,1493,-1.18,0.48,2.3357,3.3349,5.9887,0
45.196,119,-22,1529,1493,-1.18,0.48,2.3357,3.3349,5.9887,0
45.214,119,-23,1517,1490,-1.18,0.48,2.3357,3.3349,5.9887,0
45.231,120,-22,1523,1496,-1.18,0.48,2.3357,3.3349,5.9887,0
45.248,121,-23,1524,1490,-1.18,0.48,2.3357,3.3349,5.9887,0
45.265,122,-23,1524,1493,-1.18,0.48,2.3357,3.3349,5.9887,0
45.282,123,-23,1524,1493,-1.18,0.48,2.3357,3.3349,5.9887,0
45.299,124,-23,1524,1493,-0.99,-0.02,2.3357,3.3349,5.9887,0
45.316,125,-23,1524,1493,-0.99,-0.02,2.3357,3.3349,5.9887,0
45.334,126,-24,1524,1490,-0.99,-0.02,2.3357,3.3349,5.9887,0
45.352,126,-24,1519,1493,-0.99,-0.02,2.3357,3.3349,5.9887,0
45.373,129,-23,1534,1496,-0.99,-0.02,2.5007,3.1411,6.7800,0
45.392,131,-24,1529,1490,-0.99,-0.02,2.5007,3.1411,6.7800,0
45.410,133,-23,1531,1496,-0.99,-0.02,2.5007,3.1411,6.7800,0
45.427,135,-24,1531,1490,-0.99,-0.02,2.5007,3.1411,6.7800,0
45.444,138,-24,1538,1493,-0.99,-0.02,2.5007,3.1411,6.7800,0
45.462,143,-24,1549,1493,-0.99,-0.02,2.5007,3.1411,6.7800,0
45.479,143,-24,1521,1493,-0.99,-0.02,2.5007,3.1411,6.7800,0
45.497,147,-24,1545,1493,-0.99,-0.02,2.5007,3.1411,6.7800,0
45.514,149,-24,1534,1493,-0.99,-0.02,2.5007,3.1411,6.7800,0
45.531,151,-24,1534,1493,-0.99,-0.02,2.5007,3.1411,6.7800,0
45.549,151,-24,1522,1493,-0.99,-0.02,2.5007,3.1411,6.7800,0
45.566,153,-24,1534,1493,-0.68,0.11,2.5007,3.1411,6.7800,0
45.583,154,-25,1529,1490,-0.68,0.11,2.5007,3.1411,6.7800,0
45.603,157,-25,1539,1493,-0.68,0.11,2.5007,3.1411,6.7800,0
45.620,157,-25,1523,1493,-0.68,0.11,2.4082,3.3950,5.9273,0
45.638,158,-25,1529,1493,-0.68,0.11,2.4082,3.3950,5.9273,0
45.657,158,-25,1523,1493,-0.68,0.11,2.4082,3.3950,5.9273,0
45.674,158,-25,1523,1493,-0.68,0.11,2.4082,3.3950,5.9273,0
45.692,159,-25,1529,1493,-0.68,0.11,2.4082,3.3950,5.9273,0
45.710,159,-25,1523,1493,-0.68,0.11,2.4082,3.3950,5.9273,0
45.728,158,-25,1518,1493,-0.68,0.11,2.4082,3.3950,5.9273,0
45.747,157,-25,1518,1493,-0.68,0.11,2.4082,3.3950,5.9273,0
45.765,155,-25,1512,1493,-0.68,0.11,2.4082,3.3950,5.9273,0
45.784,154,-26,1517,1490,-0.68,0.11,2.4082,3.3950,5.9273,0
45.801,153,-26,1517,1492,0.66,-0.33,2.4082,3.3950,5.9273,0
45.818,151,-26,1511,1492,0.66,-0.33,2.4082,3.3950,5.9273,0
45.836,150,-25,1516,1495,0.66,-0.33,2.4082,3.3950,5.9273,0
45.853,149,-26,1516,1490,0.66,-0.33,2.4082,3.3950,5.9273,0
45.877,149,-26,1522,1492,0.66,-0.33,2.5321,3.3791,6.1700,0
45.894,148,-26,1516,1492,0.66,-0.33,2.5321,3.3791,6.1700,0
45.911,147,-26,1516,1492,0.66,-0.33,2.5321,3.3791,6.1700,0
45.928,146,-26,1516,1492,0.66,-0.33,2.5321,3.3791,6.1700,0
45.946,146,-27,1522,1489,0.66,-0.33,2.5321,3.3791,6.1700,0
45.964,146,-27,1522,1492,0.66,-0.33,2.5321,3.3791,6.1700,0
45.982,145,-26,1516,1495,0.66,-0.33,2.5321,3.3791,6.1700,0
46.000,144,-26,1516,1492,0.66,-0.33,2.5321,3.3791,6.1700,0
46.017,144,-26,1521,1492,0.66,-0.33,2.5321,3.3791,6.1700,0
46.035,143,-26,1515,1492,0.66,-0.33,2.5321,3.3791,6.1700,0
46.052,143,-27,1521,1489,0.77,-0.42,2.5321,3.3791,6.1700,0
46.069,142,-26,1515,1495,0.77,-0.42,2.5321,3.3791,6.1700,0
46.086,142,-26,1521,1492,0.77,-0.42,2.5321,3.3791,6.1700,0
46.107,142,-26,1521,1492,0.77,-0.42,2.5321,3.3791,6.1700,0
46.124,141,-27,1516,1490,0.77,-0.42,2.6967,3.5371,5.7836,0
46.142,141,-27,1521,1492,0.77,-0.42,2.6967,3.5371,5.7836,0
46.161,141,-27,1521,1492,0.77,-0.42,2.6967,3.5371,5.7836,0
46.179,140,-27,1515,1492,0.77,-0.42,2.6967,3.5371,5.7836,0
46.196,140,-26,1521,1495,0.77,-0.42,2.6967,3.5371,5.7836,0
46.214,140,-26,1521,1492,0.77,-0.42,2.6967,3.5371,5.7836,0
46.231,140,-27,1521,1489,0.77,-0.42,2.6967,3.5371,5.7836,0
46.249,140,-26,1521,1495,0.77,-0.42,2.6967,3.5371,5.7836,0
46.266,140,-27,1521,1489,0.77,-0.42,2.6967,3.5371,5.7836,0
46.284,140,-27,1521,1492,0.77,-0.42,2.6967,3.5371,5.7836,0
46.301,139,-28,1515,1489,0.84,-0.10,2.6967,3.5371,5.7836,0
46.319,139,-28,1520,1492,0.84,-0.10,2.6967,3.5371,5.7836,0
46.336,138,-26,1515,1498,0.84,-0.10,2.6967,3.5371,5.7836,0
46.354,137,-27,1514,1489,0.84,-0.10,2.6967,3.5371,5.7836,0
46.374,136,-26,1515,1495,0.84,-0.10,2.6397,3.4064,6.6999,0
46.393,136,-27,1520,1489,0.84,-0.10,2.6397,3.4064,6.6999,0
46.411,135,-27,1515,1492,0.84,-0.10,2.6397,3.4064,6.6999,0
46.429,134,-27,1514,1492,0.84,-0.10,2.6397,3.4064,6.6999,0
46.448,133,-27,1514,1492,0.84,-0.10,2.6397,3.4064,6.6999,0
46.465,133,-27,1520,1492,0.84,-0.10,2.6397,3.4064,6.6999,0
46.483,132,-27,1514,1492,0.84,-0.10,2.6397,3.4064,6.6999,0
46.500,132,-27,1519,1492,0.84,-0.10,2.6397,3.4064,6.6999,0
46.517,131,-27,1513,1492,0.84,-0.10,2.6397,3.4064,6.6999,0
46.534,130,-26,1513,1495,0.84,-0.10,2.6397,3.4064,6.6999,0
46.552,129,-26,1513,1492,0.35,-0.21,2.6397,3.4064,6.6999,0
46.569,129,-26,1519,1492,0.35,-0.21,2.6397,3.4064,6.6999,0
46.588,128,-27,1514,1489,0.35,-0.21,2.6397,3.4064,6.6999,0
46.611,128,-27,1519,1492,0.35,-0.21,2.4643,3.6117,5.6941,0
46.628,127,-26,1513,1495,0.35,-0.21,2.4643,3.6117,5.6941,0
46.645,127,-26,1519,1492,0.35,-0.21,2.4643,3.6117,5.6941,0
46.663,126,-27,1513,1489,0.35,-0.21,2.4643,3.6117,5.6941,0
46.680,126,-27,1519,1492,0.35,-0.21,2.4643,3.6117,5.6941,0
46.697,126,-27,1519,1492,0.35,-0.21,2.4643,3.6117,5.6941,0
46.716,126,-27,1519,1492,0.35,-0.21,2.4643,3.6117,5.6941,0
46.733,126,-26,1519,1495,0.35,-0.21,2.4643,3.6117,5.6941,0
46.751,126,-26,1519,1492,0.35,-0.21,2.4643,3.6117,5.6941,0
46.769,126,-26,1519,1492,0.35,-0.21,2.4643,3.6117,5.6941,0
46.786,127,-26,1524,1492,0.35,-0.21,2.4643,3.6117,5.6941,0
46.803,128,-27,1525,1489,0.11,0.06,2.4643,3.6117,5.6941,0
46.820,129,-26,1525,1495,0.11,0.06,2.4643,3.6117,5.6941,0
46.838,129,-26,1519,1492,0.11,0.06,2.4643,3.6117,5.6941,0
46.855,130,-26,1525,1492,0.11,0.06,2.4643,3.6117,5.6941,0
46.872,130,-26,1519,1492,0.11,0.06,2.4168,3.2707,6.2301,0
46.890,131,-26,1525,1492,0.11,0.06,2.4168,3.2707,6.2301,0
46.910,132,-26,1525,1492,0.11,0.06,2.4168,3.2707,6.2301,0
46.927,132,-26,1519,1492,0.11,0.06,2.4168,3.2707,6.2301,0
46.946,132,-26,1519,1492,0.11,0.06,2.4168,3.2707,6.2301,0
46.963,132,-26,1519,1492,0.11,0.06,2.4168,3.2707,6.2301,0
46.981,132,-26,1519,1492,0.11,0.06,2.4168,3.2707,6.2301,0
46.998,132,-26,1519,1492,0.11,0.06,2.4168,3.2707,6.2301,0
47.015,132,-26,1519,1492,0.11,0.06,2.4168,3.2707,6.2301,0
47.033,132,-25,1519,1495,0.11,0.06,2.4168,3.2707,6.2301,0
47.051,133,-25,1525,1493,-0.12,0.05,2.4168,3.2707,6.2301,0
47.069,133,-25,1520,1493,-0.12,0.05,2.4168,3.2707,6.2301,0
47.086,134,-25,1525,1493,-0.12,0.05,2.4168,3.2707,6.2301,0
47.104,134,-25,1520,1493,-0.12,0.05,2.4168,3.2707,6.2301,0
47.121,136,-25,1532,1493,-0.12,0.05,2.3243,3.1589,6.2724,0
47.139,137,-25,1526,1493,-0.12,0.05,2.3243,3.1589,6.2724,0
47.156,138,-25,1526,1493,-0.12,0.05,2.3243,3.1589,6.2724,0
47.173,139,-25,1526,1493,-0.12,0.05,2.3243,3.1589,6.2724,0
47.191,140,-24,1526,1496,-0.12,0.05,2.3243,3.1589,6.2724,0
47.209,140,-25,1521,1490,-0.12,0.05,2.3243,3.1589,6.2724,0
47.226,141,-25,1526,1493,-0.12,0.05,2.3243,3.1589,6.2724,0
47.243,141,-25,1521,1493,-0.12,0.05,2.3243,3.1589,6.2724,0
47.261,142,-24,1527,1496,-0.12,0.05,2.3243,3.1589,6.2724,0
47.278,143,-24,1527,1493,-0.12,0.05,2.3243,3.1589,6.2724,0
47.298,143,-24,1521,1493,0.10,0.02,2.3243,3.1589,6.2724,0
47.316,143,-24,1521,1493,0.10,0.02,2.3243,3.1589,6.2724,0
47.339,142,-26,1517,1488,0.10,0.02,2.3243,3.1589,6.2724,0
47.356,141,-25,1515,1496,0.10,0.02,2.3981,3.1796,6.8210,0
47.374,140,-25,1515,1493,0.10,0.02,2.3981,3.1796,6.8210,0
47.393,140,-25,1521,1493,0.10,0.02,2.3981,3.1796,6.8210,0
47.410,139,-25,1515,1493,0.10,0.02,2.3981,3.1796,6.8210,0
47.430,139,-25,1520,1493,0.10,0.02,2.3981,3.1796,6.8210,0
47.447,136,-26,1504,1490,0.10,0.02,2.3981,3.1796,6.8210,0
47.464,135,-25,1514,1496,0.10,0.02,2.3981,3.1796,6.8210,0
47.481,134,-25,1514,1493,0.10,0.02,2.3981,3.1796,6.8210,0
47.498,133,-25,1514,1493,0.10,0.02,2.3981,3.1796,6.8210,0
47.517,132,-25,1514,1493,0.10,0.02,2.3981,3.1796,6.8210,0
47.535,130,-25,1508,1493,0.10,0.02,2.3981,3.1796,6.8210,0
47.553,128,-25,1508,1493,0.59,0.15,2.3981,3.1796,6.8210,0
47.571,126,-25,1508,1493,0.59,0.15,2.3981,3.1796,6.8210,0
47.591,123,-25,1503,1493,0.59,0.15,2.3981,3.1796,6.8210,0
47.608,120,-25,1500,1493,0.59,0.15,2.4310,3.2177,6.4506,0
47.626,116,-25,1495,1493,0.59,0.15,2.4310,3.2177,6.4506,0
47.644,113,-25,1500,1493,0.59,0.15,2.4310,3.2177,6.4506,0
47.663,103,-25,1462,1493,0.59,0.15,2.4310,3.2177,6.4506,0
47.681,99,-25,1494,1493,0.59,0.15,2.4310,3.2177,6.4506,0
47.699,94,-25,1486,1493,0.59,0.15,2.4310,3.2177,6.4506,0
47.717,89,-25,1487,1493,0.59,0.15,2.4310,3.2177,6.4506,0
47.736,83,-25,1479,1493,0.59,0.15,2.4310,3.2177,6.4506,0
47.754,78,-25,1512,1493,0.59,0.15,2.4310,3.2177,6.4506,0
47.774,78,-25,1488,1493,0.59,0.15,2.4310,3.2177,6.4506,0
47.792,73,-25,1485,1493,0.59,0.15,2.4310,3.2177,6.4506,0
47.810,68,-26,1483,1490,1.02,0.31,2.4310,3.2177,6.4506,0
47.827,63,-26,1481,1492,1.02,0.31,2.4310,3.2177,6.4506,0
47.844,58,-26,1480,1492,1.02,0.31,2.4310,3.2177,6.4506,1
47.862,53,-25,1480,1495,1.02,0.31,2.4804,3.6222,6.8470,1
47.879,49,-25,1485,1493,1.02,0.31,2.4804,3.6222,6.8470,1
47.896,40,-25,1454,1493,1.02,0.31,2.4804,3.6222,6.8470,1
47.913,36,-25,1483,1493,1.02,0.31,2.4804,3.6222,6.8470,1
47.932,28,-25,1460,1493,1.02,0.31,2.4804,3.6222,6.8470,1
47.949,24,-25,1481,1493,1.02,0.31,2.4804,3.6222,6.8470,1
47.967,21,-25,1486,1493,1.02,0.31,2.4804,3.6222,6.8470,1
47.984,18,-25,1486,1493,1.02,0.31,2.4804,3.6222,6.8470,1
48.001,14,-25,1480,1493,1.02,0.31,2.4804,3.6222,6.8470,1
48.019,11,-25,1485,1493,1.02,0.31,2.4804,3.6222,6.8470,1
48.036,9,-25,1490,1493,1.02,0.31,2.4804,3.6222,6.8470,1
48.054,6,-26,1485,1490,0.44,0.15,2.4804,3.6222,6.8470,1
48.071,4,-25,1490,1495,0.44,0.15,2.4804,3.6222,6.8470,1
48.088,1,-24,1483,1496,0.44,0.15,2.4804,3.6222,6.8470,1
48.107,-1,-24,1490,1493,0.44,0.15,2.7445,3.0345,8.2510,1
48.125,-3,-24,1489,1493,0.44,0.15,2.7445,3.0345,8.2510,1
48.143,-5,-24,1489,1493,0.44,0.15,2.7445,3.0345,8.2510,1
48.161,-8,-23,1482,1496,0.44,0.15,2.7445,3.0345,8.2510,1
48.178,-13,-23,1470,1493,0.44,0.15,2.7445,3.0345,8.2510,1
48.196,-15,-23,1487,1493,0.44,0.15,2.7445,3.0345,8.2510,1
48.213,-17,-23,1486,1493,0.44,0.15,2.7445,3.0345,8.2510,1
48.230,-19,-23,1486,1493,0.44,0.15,2.7445,3.0345,8.2510,1
48.247,-21,-23,1486,1493,0.44,0.15,2.7445,3.0345,8.2510,1
48.266,-24,-23,1481,1493,0.44,0.15,2.7445,3.0345,8.2510,1
48.284,-26,-23,1485,1493,0.44,0.15,2.7445,3.0345,8.2510,1
48.302,-26,-23,1497,1493,-0.59,0.50,2.7445,3.0345,8.2510,1
48.319,-28,-23,1485,1493,-0.59,0.50,2.7445,3.0345,8.2510,1
48.337,-30,-23,1485,1493,-0.59,0.50,2.7445,3.0345,8.2510,1
48.354,-32,-22,1484,1496,-0.59,0.50,2.7445,3.0345,8.2510,1
48.372,-34,-22,1485,1493,-0.59,0.50,2.6767,3.2598,7.3897,1
48.390,-39,-21,1466,1497,-0.59,0.50,2.6767,3.2598,7.3897,1
48.408,-41,-21,1483,1494,-0.59,0.50,2.6767,3.2598,7.3897,1
48.426,-43,-21,1483,1494,-0.59,0.50,2.6767,3.2598,7.3897,1
48.443,-46,-21,1476,1494,-0.59,0.50,2.6767,3.2598,7.3897,1
48.460,-49,-21,1476,1494,-0.59,0.50,2.6767,3.2598,7.3897,1
48.478,-51,-21,1482,1494,-0.59,0.50,2.6767,3.2598,7.3897,1
48.496,-53,-21,1481,1494,-0.59,0.50,2.6767,3.2598,7.3897,1
48.513,-54,-21,1487,1494,-0.59,0.50,2.6767,3.2598,7.3897,1
48.530,-56,-20,1481,1497,-0.59,0.50,2.6767,3.2598,7.3897,1
48.547,-58,-20,1480,1494,-1.32,0.60,2.6767,3.2598,7.3897,1
48.566,-58,-20,1492,1494,-1.32,0.60,2.6767,3.2598,7.3897,1
48.583,-59,-20,1486,1494,-1.32,0.60,2.6767,3.2598,7.3897,1
48.601,-61,-20,1480,1494,-1.32,0.60,2.6767,3.2598,7.3897,0
48.618,-62,-20,1485,1494,-1.32,0.60,2.5821,3.6476,5.3433,0
48.636,-64,-20,1479,1494,-1.32,0.60,2.5821,3.6476,5.3433,0
48.654,-68,-20,1468,1494,-1.32,0.60,2.5821,3.6476,5.3433,0
48.672,-69,-20,1485,1494,-1.32,0.60,2.5821,3.6476,5.3433,0
48.689,-70,-20,1484,1494,-1.32,0.60,2.5821,3.6476,5.3433,0
48.707,-71,-21,1484,1491,-1.32,0.60,2.5821,3.6476,5.3433,0
48.724,-71,-20,1490,1497,-1.32,0.60,2.5821,3.6476,5.3433,0
48.741,-72,-20,1484,1494,-1.32,0.60,2.5821,3.6476,5.3433,0
48.759,-72,-20,1490,1494,-1.32,0.60,2.5821,3.6476,5.3433,0
48.777,-73,-20,1484,1494,-1.32,0.60,2.5821,3.6476,5.3433,0
48.795,-73,-20,1489,1494,-1.53,0.59,2.5821,3.6476,5.3433,0
48.812,-73,-20,1489,1494,-1.53,0.59,2.5821,3.6476,5.3433,0
48.830,-72,-20,1495,1494,-1.53,0.59,2.5821,3.6476,5.3433,0
48.848,-72,-20,1490,1494,-1.53,0.59,2.5821,3.6476,5.3433,0
48.867,-71,-20,1495,1494,-1.53,0.59,2.5840,3.6798,5.6430,0
48.884,-70,-20,1495,1494,-1.53,0.59,2.5840,3.6798,5.6430,0
48.901,-69,-20,1496,1494,-1.53,0.59,2.5840,3.6798,5.6430,0
48.918,-69,-20,1490,1494,-1.53,0.59,2.5840,3.6798,5.6430,0
48.936,-68,-20,1496,1494,-1.53,0.59,2.5840,3.6798,5.6430,0
48.953,-68,-20,1490,1494,-1.53,0.59,2.5840,3.6798,5.6430,0
48.970,-68,-20,1490,1494,-1.53,0.59,2.5840,3.6798,5.6430,0
48.987,-68,-19,1490,1497,-1.53,0.59,2.5840,3.6798,5.6430,0
49.005,-68,-19,1490,1494,-1.53,0.59,2.5840,3.6798,5.6430,0
49.022,-68,-19,1490,1494,-1.53,0.59,2.5840,3.6798,5.6430,0
49.040,-68,-19,1490,1494,-1.53,0.59,2.5840,3.6798,5.6430,0
49.060,-68,-19,1490,1494,-1.17,0.34,2.5840,3.6798,5.6430,0
49.080,-68,-19,1490,1494,-1.17,0.34,2.5840,3.6798,5.6430,0
49.100,-68,-19,1490,1494,-1.17,0.34,2.5840,3.6798,5.6430,0
49.118,-68,-19,1490,1494,-1.17,0.34,2.5717,3.5436,5.5214,0
49.136,-67,-19,1496,1494,-1.17,0.34,2.5717,3.5436,5.5214,0
49.153,-67,-20,1490,1491,-1.17,0.34,2.5717,3.5436,5.5214,0
49.171,-66,-20,1496,1494,-1.17,0.34,2.5717,3.5436,5.5214,0
49.189,-65,-20,1496,1494,-1.17,0.34,2.5717,3.5436,5.5214,0
49.206,-65,-19,1491,1497,-1.17,0.34,2.5717,3.5436,5.5214,0
49.223,-64,-19,1497,1494,-1.17,0.34,2.5717,3.5436,5.5214,0
49.241,-64,-19,1491,1494,-1.17,0.34,2.5717,3.5436,5.5214,0
49.258,-63,-19,1497,1494,-1.17,0.34,2.5717,3.5436,5.5214,0
49.275,-63,-19,1491,1494,-1.17,0.34,2.5717,3.5436,5.5214,0
49.292,-62,-19,1497,1494,-0.79,0.47,2.5717,3.5436,5.5214,0
49.310,-61,-19,1497,1494,-0.79,0.47,2.5717,3.5436,5.5214,0
49.328,-61,-19,1491,1494,-0.79,0.47,2.5717,3.5436,5.5214,0
49.346,-61,-19,1491,1494,-0.79,0.47,2.5717,3.5436,5.5214,0
49.363,-59,-19,1502,1494,-0.79,0.47,2.6108,3.8670,5.2197,1
49.385,-58,-19,1496,1494,-0.79,0.47,2.6108,3.8670,5.2197,1
49.403,-56,-19,1502,1494,-0.79,0.47,2.6108,3.8670,5.2197,1
49.420,-54,-19,1503,1494,-0.79,0.47,2.6108,3.8670,5.2197,1
49.437,-52,-19,1503,1494,-0.79,0.47,2.6108,3.8670,5.2197,1
49.455,-51,-19,1498,1494,-0.79,0.47,2.6108,3.8670,5.2197,1
49.473,-49,-19,1503,1494,-0.79,0.47,2.6108,3.8670,5.2197,1
49.491,-48,-19,1499,1494,-0.79,0.47,2.6108,3.8670,5.2197,1
49.508,-46,-19,1504,1494,-0.79,0.47,2.6108,3.8670,5.2197,1
49.527,-42,-19,1504,1494,-0.79,0.47,2.6108,3.8670,5.2197,1
49.544,-42,-19,1504,1494,-0.47,1.00,2.6108,3.8670,5.2197,1
49.562,-41,-20,1500,1491,-0.47,1.00,2.6108,3.8670,5.2197,1
49.579,-38,-19,1511,1497,-0.47,1.00,2.6108,3.8670,5.2197,1
49.597,-38,-19,1495,1494,-0.47,1.00,2.6108,3.8670,5.2197,1
49.614,-36,-19,1506,1494,-0.47,1.00,2.7469,3.5718,8.0472,1
49.631,-33,-19,1512,1494,-0.47,1.00,2.7469,3.5718,8.0472,1
49.649,-32,-19,1500,1494,-0.47,1.00,2.7469,3.5718,8.0472,1
49.667,-30,-19,1506,1494,-0.47,1.00,2.7469,3.5718,8.0472,1
49.687,-29,-19,1500,1494,-0.47,1.00,2.7469,3.5718,8.0472,1
49.705,-27,-19,1506,1494,-0.47,1.00,2.7469,3.5718,8.0472,1
49.722,-25,-19,1507,1494,-0.47,1.00,2.7469,3.5718,8.0472,1
49.739,-23,-19,1507,1494,-0.47,1.00,2.7469,3.5718,8.0472,1
49.756,-20,-19,1514,1494,-0.47,1.00,2.7469,3.5718,8.0472,1
49.774,-18,-19,1508,1494,-0.47,1.00,2.7469,3.5718,8.0472,1
49.791,-14,-19,1521,1494,-0.47,1.00,2.7469,3.5718,8.0472,1
49.809,-11,-19,1515,1494,-0.20,0.58,2.7469,3.5718,8.0472,1
49.826,-7,-20,1521,1491,-0.20,0.58,2.7469,3.5718,8.0472,1
49.844,-3,-20,1522,1494,-0.20,0.58,2.7469,3.5718,8.0472,1
49.862,1,-20,1522,1494,-0.20,0.58,2.5460,4.1776,5.0176,1
49.879,5,-20,1523,1494,-0.20,0.58,2.5460,4.1776,5.0176,1
49.897,13,-21,1547,1491,-0.20,0.58,2.5460,4.1776,5.0176,1
49.914,17,-21,1525,1494,-0.20,0.58,2.5460,4.1776,5.0176,1
49.931,21,-21,1526,1494,-0.20,0.58,2.5460,4.1776,5.0176,1
49.949,24,-21,1521,1494,-0.20,0.58,2.5460,4.1776,5.0176,1
49.966,28,-21,1526,1494,-0.20,0.58,2.5460,4.1776,5.0176,1
49.984,31,-20,1521,1497,-0.20,0.58,2.5460,4.1776,5.0176,1
50.002,33,-20,1516,1494,-0.20,0.58,2.5460,4.1776,5.0176,1
50.019,36,-21,1522,1491,-0.20,0.58,2.5460,4.1776,5.0176,1
50.037,39,-21,1522,1494,-0.20,0.58,2.5460,4.1776,5.0176,1
50.054,41,-21,1517,1494,0.63,0.52,2.5460,4.1776,5.0176,1
50.072,42,-21,1511,1494,0.63,0.52,2.5460,4.1776,5.0176,1
50.089,43,-21,1512,1494,0.63,0.52,2.5460,4.1776,5.0176,1
50.107,44,-21,1512,1494,0.63,0.52,2.7789,3.6182,5.9597,1
50.125,44,-21,1506,1494,0.63,0.52,2.7789,3.6182,5.9597,1
50.143,44,-21,1506,1494,0.63,0.52,2.7789,3.6182,5.9597,1
50.160,43,-21,1500,1494,0.63,0.52,2.7789,3.6182,5.9597,1
50.179,42,-21,1500,1494,0.63,0.52,2.7789,3.6182,5.9597,1
50.197,41,-22,1500,1491,0.63,0.52,2.7789,3.6182,5.9597,1
50.215,39,-22,1495,1493,0.63,0.52,2.7789,3.6182,5.9597,1
50.232,38,-22,1500,1493,0.63,0.52,2.7789,3.6182,5.9597,1
50.250,36,-22,1494,1493,0.63,0.52,2.7789,3.6182,5.9597,1
50.267,35,-23,1500,1490,0.63,0.52,2.7789,3.6182,5.9597,1
50.285,34,-22,1500,1496,0.63,0.52,2.7789,3.6182,5.9597,1
50.302,33,-23,1500,1490,0.46,0.29,2.7789,3.6182,5.9597,1
50.319,32,-23,1499,1493,0.46,0.29,2.7789,3.6182,5.9597,1
50.336,30,-23,1493,1493,0.46,0.29,2.7789,3.6182,5.9597,1
50.353,29,-23,1499,1493,0.46,0.29,2.7789,3.6182,5.9597,1
50.370,27,-23,1493,1493,0.46,0.29,2.8482,3.4289,6.5006,1
50.387,25,-23,1493,1493,0.46,0.29,2.8482,3.4289,6.5006,1
50.405,22,-23,1487,1493,0.46,0.29,2.8482,3.4289,6.5006,1
50.424,20,-23,1492,1493,0.46,0.29,2.8482,3.4289,6.5006,1
50.441,18,-24,1492,1490,0.46,0.29,2.8482,3.4289,6.5006,1
50.459,13,-25,1475,1490,0.46,0.29,2.8482,3.4289,6.5006,1
50.477,11,-25,1491,1493,0.46,0.29,2.8482,3.4289,6.5006,1
50.495,9,-24,1491,1496,0.46,0.29,2.8482,3.4289,6.5006,1
50.513,7,-24,1490,1493,0.46,0.29,2.8482,3.4289,6.5006,1
50.531,5,-24,1490,1493,0.46,0.29,2.8482,3.4289,6.5006,1
50.548,3,-24,1489,1493,-0.26,0.03,2.8482,3.4289,6.5006,1
50.566,1,-24,1490,1493,-0.26,0.03,2.8482,3.4289,6.5006,1
50.584,-1,-24,1489,1493,-0.26,0.03,2.8482,3.4289,6.5006,1
50.601,-2,-24,1494,1493,-0.26,0.03,2.6652,4.1667,5.6992,1
50.618,-4,-25,1488,1490,-0.26,0.03,2.6652,4.1667,5.6992,1
50.635,-5,-25,1494,1493,-0.26,0.03,2.6652,4.1667,5.6992,1
50.654,-6,-25,1494,1493,-0.26,0.03,2.6652,4.1667,5.6992,1
50.674,-6,-25,1500,1493,-0.26,0.03,2.6652,4.1667,5.6992,1
50.694,-7,-25,1494,1493,-0.26,0.03,2.6652,4.1667,5.6992,1
50.711,-7,-25,1499,1493,-0.26,0.03,2.6652,4.1667,5.6992,1
50.728,-7,-25,1499,1493,-0.26,0.03,2.6652,4.1667,5.6992,1
50.745,-7,-25,1499,1493,-0.26,0.03,2.6652,4.1667,5.6992,1
50.763,-7,-25,1499,1493,-0.26,0.03,2.6652,4.1667,5.6992,1
50.780,-6,-25,1504,1493,-0.26,0.03,2.6652,4.1667,5.6992,1
50.797,-6,-25,1500,1493,-0.44,-0.62,2.6652,4.1667,5.6992,1
50.814,-6,-25,1500,1493,-0.44,-0.62,2.6652,4.1667,5.6992,1
50.832,-4,-26,1510,1489,-0.44,-0.62,2.6652,4.1667,5.6992,1
50.849,-4,-26,1500,1492,-0.44,-0.62,2.6652,4.1667,5.6992,1
50.867,-3,-26,1505,1492,-0.44,-0.62,2.6711,4.0799,4.4952,1
50.885,-2,-26,1505,1492,-0.44,-0.62,2.6711,4.0799,4.4952,1
50.903,-1,-26,1505,1492,-0.44,-0.62,2.6711,4.0799,4.4952,1
50.921,0,-27,1505,1489,-0.44,-0.62,2.6711,4.0799,4.4952,1
50.940,1,-27,1505,1492,-0.44,-0.62,2.6711,4.0799,4.4952,1
50.958,2,-26,1505,1495,-0.44,-0.62,2.6711,4.0799,4.4952,1
50.976,2,-26,1500,1492,-0.44,-0.62,2.6711,4.0799,4.4952,1
50.994,4,-26,1511,1492,-0.44,-0.62,2.6711,4.0799,4.4952,1
51.013,4,-27,1500,1489,-0.44,-0.62,2.6711,4.0799,4.4952,1
51.030,5,-27,1506,1492,-0.44,-0.62,2.6711,4.0799,4.4952,1
51.048,5,-26,1500,1495,-0.08,-0.38,2.6711,4.0799,4.4952,1
51.065,6,-27,1506,1489,-0.08,-0.38,2.6711,4.0799,4.4952,1
51.083,7,-26,1506,1495,-0.08,-0.38,2.6711,4.0799,4.4952,1
51.100,7,-27,1501,1489,-0.08,-0.38,2.6711,4.0799,4.4952,1
51.118,8,-27,1506,1492,-0.08,-0.38,2.6833,3.4083,5.9259,1
51.135,8,-27,1501,1492,-0.08,-0.38,2.6833,3.4083,5.9259,1
51.152,8,-27,1501,1492,-0.08,-0.38,2.6833,3.4083,5.9259,1
51.169,8,-27,1501,1492,-0.08,-0.38,2.6833,3.4083,5.9259,1
51.186,8,-28,1501,1489,-0.08,-0.38,2.6833,3.4083,5.9259,1
51.203,8,-27,1501,1495,-0.08,-0.38,2.6833,3.4083,5.9259,1
51.221,7,-27,1496,1492,-0.08,-0.38,2.6833,3.4083,5.9259,1
51.239,7,-28,1501,1489,-0.08,-0.38,2.6833,3.4083,5.9259,1
51.257,6,-28,1496,1492,-0.08,-0.38,2.6833,3.4083,5.9259,1
51.275,6,-27,1500,1495,-0.08,-0.38,2.6833,3.4083,5.9259,1
51.294,6,-27,1500,1492,-0.01,-0.39,2.6833,3.4083,5.9259,1
51.313,5,-29,1496,1489,-0.01,-0.39,2.6833,3.4083,5.9259,1
51.330,5,-29,1500,1489,-0.01,-0.39,2.6833,3.4083,5.9259,1
51.350,4,-28,1496,1494,-0.01,-0.39,2.6833,3.4083,5.9259,1
51.370,2,-28,1491,1492,-0.01,-0.39,2.7566,3.3277,7.0348,1
51.388,1,-27,1495,1495,-0.01,-0.39,2.7566,3.3277,7.0348,1
51.405,0,-28,1495,1489,-0.01,-0.39,2.7566,3.3277,7.0348,1
51.422,-2,-28,1489,1492,-0.01,-0.39,2.7566,3.3277,7.0348,1
51.444,-5,-27,1495,1494,-0.01,-0.39,2.7566,3.3277,7.0348,1
51.462,-6,-28,1484,1489,-0.01,-0.39,2.7566,3.3277,7.0348,1
51.479,-7,-28,1494,1492,-0.01,-0.39,2.7566,3.3277,7.0348,1
51.496,-8,-29,1494,1489,-0.01,-0.39,2.7566,3.3277,7.0348,1
51.514,-9,-28,1494,1494,-0.01,-0.39,2.7566,3.3277,7.0348,1
51.532,-10,-27,1493,1495,-0.01,-0.39,2.7566,3.3277,7.0348,1
51.549,-11,-27,1493,1492,0.00,-0.32,2.7566,3.3277,7.0348,1
51.566,-11,-28,1499,1489,0.00,-0.32,2.7566,3.3277,7.0348,1
51.585,-12,-28,1493,1492,0.00,-0.32,2.7566,3.3277,7.0348,1
51.603,-12,-29,1499,1489,0.00,-0.32,2.5541,3.3711,6.6435,1
51.621,-12,-29,1499,1491,0.00,-0.32,2.5541,3.3711,6.6435,1
51.639,-13,-28,1493,1494,0.00,-0.32,2.5541,3.3711,6.6435,1
51.657,-12,-27,1503,1495,0.00,-0.32,2.5541,3.3711,6.6435,1
51.675,-12,-28,1499,1489,0.00,-0.32,2.5541,3.3711,6.6435,1
51.693,-11,-28,1503,1492,0.00,-0.32,2.5541,3.3711,6.6435,1
51.711,-10,-29,1503,1489,0.00,-0.32,2.5541,3.3711,6.6435,1
51.729,-9,-29,1503,1491,0.00,-0.32,2.5541,3.3711,6.6435,1
51.747,-8,-28,1504,1495,0.00,-0.32,2.5541,3.3711,6.6435,1
51.764,-7,-27,1504,1495,0.00,-0.32,2.5541,3.3711,6.6435,1
51.782,-6,-27,1504,1492,0.00,-0.32,2.5541,3.3711,6.6435,1
51.799,-5,-29,1504,1486,-0.10,-0.73,2.5541,3.3711,6.6435,1
51.817,-4,-29,1504,1491,-0.10,-0.73,2.5541,3.3711,6.6435,1
51.837,-4,-29,1500,1491,-0.10,-0.73,2.5541,3.3711,6.6435,1
51.855,-3,-28,1505,1495,-0.10,-0.73,2.6162,3.5819,7.1086,1
51.873,1,-28,1522,1492,-0.10,-0.73,2.6162,3.5819,7.1086,1
51.891,3,-28,1511,1492,-0.10,-0.73,2.6162,3.5819,7.1086,1
51.908,4,-28,1506,1492,-0.10,-0.73,2.6162,3.5819,7.1086,1
51.925,5,-28,1506,1492,-0.10,-0.73,2.6162,3.5819,7.1086,1
51.943,6,-28,1506,1492,-0.10,-0.73,2.6162,3.5819,7.1086,1
51.960,7,-28,1506,1492,-0.10,-0.73,2.6162,3.5819,7.1086,1
51.977,6,-28,1496,1492,-0.10,-0.73,2.6162,3.5819,7.1086,1
51.995,6,-27,1500,1495,-0.10,-0.73,2.6162,3.5819,7.1086,1
52.012,5,-27,1495,1492,-0.10,-0.73,2.6162,3.5819,7.1086,1
52.029,4,-28,1495,1489,-0.10,-0.73,2.6162,3.5819,7.1086,1
52.046,3,-27,1495,1495,0.35,-0.27,2.6162,3.5819,7.1086,1
52.063,3,-27,1500,1492,0.35,-0.27,2.6162,3.5819,7.1086,1
52.083,2,-27,1495,1492,0.35,-0.27,2.6162,3.5819,7.1086,1
52.103,2,-27,1500,1492,0.35,-0.27,2.5723,3.3682,6.7507,1
52.120,1,-27,1495,1492,0.35,-0.27,2.5723,3.3682,6.7507,1
52.138,1,-27,1500,1492,0.35,-0.27,2.5723,3.3682,6.7507,1
52.155,0,-27,1495,1492,0.35,-0.27,2.5723,3.3682,6.7507,1
52.173,-1,-27,1495,1492,0.35,-0.27,2.5723,3.3682,6.7507,1
52.191,-2,-27,1494,1492,0.35,-0.27,2.5723,3.3682,6.7507,1
52.211,-2,-27,1500,1492,0.35,-0.27,2.5723,3.3682,6.7507,1
52.228,-3,-27,1494,1492,0.35,-0.27,2.5723,3.3682,6.7507,1
52.246,-3,-27,1500,1492,0.35,-0.27,2.5723,3.3682,6.7507,1
52.264,-4,-26,1494,1495,0.35,-0.27,2.5723,3.3682,6.7507,1
52.281,-4,-26,1500,1492,0.35,-0.27,2.5723,3.3682,6.7507,1
52.298,-4,-26,1500,1492,-0.05,0.43,2.5723,3.3682,6.7507,1
52.316,-5,-26,1494,1492,-0.05,0.43,2.5723,3.3682,6.7507,1
52.339,-7,-26,1491,1492,-0.05,0.43,2.5723,3.3682,6.7507,1
52.356,-9,-26,1488,1492,-0.05,0.43,2.5690,3.5023,6.0116,1
52.374,-10,-26,1493,1492,-0.05,0.43,2.5690,3.5023,6.0116,1
52.391,-12,-26,1487,1492,-0.05,0.43,2.5690,3.5023,6.0116,1
52.409,-13,-26,1493,1492,-0.05,0.43,2.5690,3.5023,6.0116,1
52.426,-15,-27,1487,1489,-0.05,0.43,2.5690,3.5023,6.0116,1
52.444,-16,-26,1493,1495,-0.05,0.43,2.5690,3.5023,6.0116,1
52.463,-20,-26,1476,1492,-0.05,0.43,2.5690,3.5023,6.0116,1
52.481,-21,-26,1492,1492,-0.05,0.43,2.5690,3.5023,6.0116,1
52.498,-23,-27,1486,1489,-0.05,0.43,2.5690,3.5023,6.0116,1
52.517,-23,-27,1497,1492,-0.05,0.43,2.5690,3.5023,6.0116,1
52.535,-23,-27,1497,1492,-0.05,0.43,2.5690,3.5023,6.0116,1
52.553,-27,-26,1473,1495,-0.01,0.14,2.5690,3.5023,6.0116,1
52.570,-28,-27,1491,1489,-0.01,0.14,2.5690,3.5023,6.0116,1
52.587,-30,-27,1484,1492,-0.01,0.14,2.5690,3.5023,6.0116,1
52.605,-32,-27,1485,1492,-0.01,0.14,2.6703,3.3311,5.8190,1
52.624,-36,-27,1473,1492,-0.01,0.14,2.6703,3.3311,5.8190,1
52.641,-37,-27,1489,1492,-0.01,0.14,2.6703,3.3311,5.8190,1
52.659,-40,-27,1478,1492,-0.01,0.14,2.6703,3.3311,5.8190,1
52.677,-40,-27,1494,1492,-0.01,0.14,2.6703,3.3311,5.8190,1
52.696,-43,-27,1478,1492,-0.01,0.14,2.6703,3.3311,5.8190,1
52.715,-44,-27,1489,1492,-0.01,0.14,2.6703,3.3311,5.8190,1
52.734,-45,-27,1488,1492,-0.01,0.14,2.6703,3.3311,5.8190,1
52.751,-47,-27,1482,1492,-0.01,0.14,2.6703,3.3311,5.8190,1
52.769,-48,-26,1487,1495,-0.01,0.14,2.6703,3.3311,5.8190,1
52.788,-49,-26,1488,1492,-0.32,-0.05,2.6703,3.3311,5.8190,1
52.806,-49,-26,1493,1492,-0.32,-0.05,2.6703,3.3311,5.8190,1
52.823,-50,-26,1487,1492,-0.32,-0.05,2.6703,3.3311,5.8190,1
52.841,-50,-26,1493,1492,-0.32,-0.05,2.6703,3.3311,5.8190,1
52.858,-51,-26,1487,1492,-0.32,-0.05,2.6059,3.1899,6.0812,1
52.875,-51,-26,1493,1492,-0.32,-0.05,2.6059,3.1899,6.0812,1
52.893,-51,-26,1493,1492,-0.32,-0.05,2.6059,3.1899,6.0812,1
52.910,-52,-26,1487,1492,-0.32,-0.05,2.6059,3.1899,6.0812,1
52.927,-54,-26,1481,1492,-0.32,-0.05,2.6059,3.1899,6.0812,1
52.946,-54,-26,1492,1492,-0.32,-0.05,2.6059,3.1899,6.0812,1
52.963,-55,-26,1486,1492,-0.32,-0.05,2.6059,3.1899,6.0812,1
52.980,-57,-26,1480,1492,-0.32,-0.05,2.6059,3.1899,6.0812,1
52.999,-59,-25,1481,1495,-0.32,-0.05,2.6059,3.1899,6.0812,1
53.016,-60,-25,1486,1493,-0.32,-0.05,2.6059,3.1899,6.0812,1
53.034,-61,-25,1486,1493,-0.32,-0.05,2.6059,3.1899,6.0812,0
53.052,-62,-25,1485,1493,-0.93,0.05,2.6059,3.1899,6.0812,0
53.070,-63,-26,1485,1490,-0.93,0.05,2.6059,3.1899,6.0812,0
53.089,-64,-25,1485,1495,-0.93,0.05,2.6059,3.1899,6.0812,0
53.108,-66,-25,1481,1493,-0.93,0.05,2.5868,3.3500,6.5292,0
53.126,-67,-25,1485,1493,-0.93,0.05,2.5868,3.3500,6.5292,0
53.143,-69,-26,1479,1489,-0.93,0.05,2.5868,3.3500,6.5292,0
53.161,-70,-26,1484,1492,-0.93,0.05,2.5868,3.3500,6.5292,0
53.178,-71,-26,1484,1492,-0.93,0.05,2.5868,3.3500,6.5292,0
53.195,-72,-25,1484,1495,-0.93,0.05,2.5868,3.3500,6.5292,0
53.213,-72,-25,1490,1493,-0.93,0.05,2.5868,3.3500,6.5292,0
53.230,-73,-25,1484,1493,-0.93,0.05,2.5868,3.3500,6.5292,0
53.247,-74,-25,1483,1493,-0.93,0.05,2.5868,3.3500,6.5292,0
53.264,-74,-25,1489,1493,-0.93,0.05,2.5868,3.3500,6.5292,0
53.282,-74,-25,1489,1493,-0.93,0.05,2.5868,3.3500,6.5292,0
53.299,-74,-25,1489,1493,-1.08,0.17,2.5868,3.3500,6.5292,0
53.316,-75,-25,1483,1493,-1.08,0.17,2.5868,3.3500,6.5292,0
53.335,-75,-26,1489,1490,-1.08,0.17,2.5868,3.3500,6.5292,0
53.352,-75,-26,1489,1492,-1.08,0.17,2.8807,3.4429,6.9128,0
53.370,-75,-27,1489,1489,-1.08,0.17,2.8807,3.4429,6.9128,0
53.387,-75,-26,1489,1495,-1.08,0.17,2.8807,3.4429,6.9128,0
53.405,-74,-27,1495,1489,-1.08,0.17,2.8807,3.4429,6.9128,0
53.422,-73,-26,1495,1495,-1.08,0.17,2.8807,3.4429,6.9128,0
53.439,-72,-26,1495,1492,-1.08,0.17,2.8807,3.4429,6.9128,0
53.458,-71,-25,1496,1496,-1.08,0.17,2.8807,3.4429,6.9128,0
53.475,-70,-25,1495,1493,-1.08,0.17,2.8807,3.4429,6.9128,0
53.492,-69,-25,1496,1493,-1.08,0.17,2.8807,3.4429,6.9128,0
53.509,-69,-25,1490,1493,-1.08,0.17,2.8807,3.4429,6.9128,0
53.529,-68,-25,1495,1493,-1.08,0.17,2.8807,3.4429,6.9128,0
53.546,-68,-25,1490,1493,-1.08,0.07,2.8807,3.4429,6.9128,0
53.566,-67,-26,1496,1490,-1.08,0.07,2.8807,3.4429,6.9128,0
53.589,-67,-25,1490,1495,-1.08,0.07,2.8807,3.4429,6.9128,0
53.608,-67,-25,1490,1493,-1.08,0.07,2.7965,3.3339,6.8480,0
53.625,-66,-26,1496,1489,-1.08,0.07,2.7965,3.3339,6.8480,0
53.644,-66,-26,1490,1492,-1.08,0.07,2.7965,3.3339,6.8480,0
53.661,-65,-26,1496,1492,-1.08,0.07,2.7965,3.3339,6.8480,0
53.679,-64,-25,1496,1495,-1.08,0.07,2.7965,3.3339,6.8480,0
53.696,-63,-25,1497,1493,-1.08,0.07,2.7965,3.3339,6.8480,0
53.714,-62,-25,1497,1493,-1.08,0.07,2.7965,3.3339,6.8480,0
53.731,-61,-25,1497,1493,-1.08,0.07,2.7965,3.3339,6.8480,0
53.748,-61,-24,1491,1496,-1.08,0.07,2.7965,3.3339,6.8480,0
53.765,-60,-25,1497,1490,-1.08,0.07,2.7965,3.3339,6.8480,1
53.782,-59,-24,1497,1496,-1.08,0.07,2.7965,3.3339,6.8480,1
53.801,-58,-25,1497,1490,-0.29,0.63,2.7965,3.3339,6.8480,1
53.818,-57,-25,1498,1493,-0.29,0.63,2.7965,3.3339,6.8480,1
53.838,-56,-24,1497,1496,-0.29,0.63,2.7965,3.3339,6.8480,1
53.855,-55,-24,1497,1493,-0.29,0.63,2.6923,3.7389,5.2517,1
53.875,-54,-24,1498,1493,-0.29,0.63,2.6923,3.7389,5.2517,1
53.892,-53,-24,1498,1493,-0.29,0.63,2.6923,3.7389,5.2517,1
53.913,-51,-24,1501,1493,-0.29,0.63,2.6923,3.7389,5.2517,1
53.931,-49,-24,1503,1493,-0.29,0.63,2.6923,3.7389,5.2517,1
53.948,-47,-24,1504,1493,-0.29,0.63,2.6923,3.7389,5.2517,1
53.966,-46,-24,1499,1493,-0.29,0.63,2.6923,3.7389,5.2517,1
53.984,-45,-24,1499,1493,-0.29,0.63,2.6923,3.7389,5.2517,1
54.001,-44,-24,1499,1493,-0.29,0.63,2.6923,3.7389,5.2517,1
54.019,-43,-24,1500,1493,-0.29,0.63,2.6923,3.7389,5.2517,1
54.038,-42,-24,1500,1493,0.28,0.45,2.6923,3.7389,5.2517,1
54.057,-41,-23,1499,1496,0.28,0.45,2.6923,3.7389,5.2517,1
54.076,-40,-23,1500,1493,0.28,0.45,2.6923,3.7389,5.2517,1
54.093,-39,-23,1500,1493,0.28,0.45,2.6923,3.7389,5.2517,1
54.110,-38,-23,1500,1493,0.28,0.45,2.6172,3.5125,6.8336,1
54.128,-37,-24,1500,1490,0.28,0.45,2.6172,3.5125,6.8336,1
54.146,-36,-24,1500,1493,0.28,0.45,2.6172,3.5125,6.8336,1
54.163,-35,-24,1500,1493,0.28,0.45,2.6172,3.5125,6.8336,1
54.180,-34,-24,1500,1493,0.28,0.45,2.6172,3.5125,6.8336,1
54.197,-32,-24,1506,1493,0.28,0.45,2.6172,3.5125,6.8336,1
54.215,-31,-24,1501,1493,0.28,0.45,2.6172,3.5125,6.8336,1
54.232,-29,-24,1507,1493,0.28,0.45,2.6172,3.5125,6.8336,1
54.249,-27,-24,1507,1493,0.28,0.45,2.6172,3.5125,6.8336,1
54.266,-25,-24,1507,1493,0.28,0.45,2.6172,3.5125,6.8336,1
54.284,-23,-24,1508,1493,0.28,0.45,2.6172,3.5125,6.8336,1
54.301,-21,-24,1508,1493,0.59,0.19,2.6172,3.5125,6.8336,1
54.318,-18,-24,1514,1493,0.59,0.19,2.6172,3.5125,6.8336,1
54.335,-16,-25,1509,1490,0.59,0.19,2.6172,3.5125,6.8336,1
54.355,-14,-25,1508,1493,0.59,0.19,2.8101,2.9396,8.3881,1
54.372,-12,-25,1509,1493,0.59,0.19,2.8101,2.9396,8.3881,1
54.391,-10,-25,1509,1493,0.59,0.19,2.8101,2.9396,8.3881,1
54.408,-8,-25,1509,1493,0.59,0.19,2.8101,2.9396,8.3881,1
54.427,-4,-25,1520,1493,0.59,0.19,2.8101,2.9396,8.3881,1
54.444,-4,-25,1500,1493,0.59,0.19,2.8101,2.9396,8.3881,1
54.462,0,-24,1522,1496,0.59,0.19,2.8101,2.9396,8.3881,1
54.479,1,-25,1505,1490,0.59,0.19,2.8101,2.9396,8.3881,1
54.498,3,-24,1511,1496,0.59,0.19,2.8101,2.9396,8.3881,1
54.515,5,-24,1512,1493,0.59,0.19,2.8101,2.9396,8.3881,1
54.532,7,-25,1512,1490,0.59,0.19,2.8101,2.9396,8.3881,1
54.550,8,-24,1506,1496,0.23,0.01,2.8101,2.9396,8.3881,1
54.568,10,-24,1501,1493,0.23,0.01,2.8101,2.9396,8.3881,1
54.587,10,-24,1512,1493,0.23,0.01,2.8101,2.9396,8.3881,1
54.605,12,-24,1512,1493,0.23,0.01,2.6294,3.5405,6.5782,1
54.623,16,-25,1524,1490,0.23,0.01,2.6294,3.5405,6.5782,1
54.642,19,-25,1518,1493,0.23,0.01,2.6294,3.5405,6.5782,1
54.659,23,-26,1526,1489,0.23,0.01,2.6294,3.5405,6.5782,1
54.678,25,-26,1514,1492,0.23,0.01,2.6294,3.5405,6.5782,1
54.696,27,-26,1514,1492,0.23,0.01,2.6294,3.5405,6.5782,1
54.713,29,-26,1516,1492,0.23,0.01,2.6294,3.5405,6.5782,1
54.730,30,-27,1510,1489,0.23,0.01,2.6294,3.5405,6.5782,1
54.747,32,-27,1516,1492,0.23,0.01,2.6294,3.5405,6.5782,1
54.765,33,-28,1510,1489,0.23,0.01,2.6294,3.5405,6.5782,1
54.784,35,-27,1515,1495,0.23,0.01,2.6294,3.5405,6.5782,1
54.801,37,-28,1516,1489,-0.26,0.19,2.6294,3.5405,6.5782,1
54.820,39,-28,1516,1492,-0.26,0.19,2.6294,3.5405,6.5782,1
54.838,39,-28,1505,1492,-0.26,0.19,2.6294,3.5405,6.5782,1
54.857,40,-27,1511,1495,-0.26,0.19,2.7274,3.2459,9.9403,1
54.877,43,-27,1521,1492,-0.26,0.19,2.7274,3.2459,9.9403,1
54.894,44,-27,1512,1492,-0.26,0.19,2.7274,3.2459,9.9403,1
54.912,45,-27,1512,1492,-0.26,0.19,2.7274,3.2459,9.9403,1
54.929,47,-27,1518,1492,-0.26,0.19,2.7274,3.2459,9.9403,1
54.946,48,-28,1513,1489,-0.26,0.19,2.7274,3.2459,9.9403,1
54.963,49,-27,1513,1495,-0.26,0.19,2.7274,3.2459,9.9403,1
54.981,50,-28,1513,1489,-0.26,0.19,2.7274,3.2459,9.9403,1
54.999,51,-27,1513,1495,-0.26,0.19,2.7274,3.2459,9.9403,1
55.017,52,-27,1513,1492,-0.26,0.19,2.7274,3.2459,9.9403,1
55.034,54,-27,1519,1492,-0.26,0.19,2.7274,3.2459,9.9403,1
55.052,54,-27,1508,1492,0.85,0.06,2.7274,3.2459,9.9403,1
55.069,56,-27,1519,1492,0.85,0.06,2.7274,3.2459,9.9403,1
55.087,58,-27,1519,1492,0.85,0.06,2.7274,3.2459,9.9403,1
55.107,60,-26,1519,1495,0.85,0.06,3.0118,3.0506,9.8835,1
55.124,62,-26,1520,1492,0.85,0.06,3.0118,3.0506,9.8835,0
55.142,66,-26,1533,1492,0.85,0.06,3.0118,3.0506,9.8835,0
55.159,69,-26,1527,1492,0.85,0.06,3.0118,3.0506,9.8835,0
55.176,71,-26,1522,1492,0.85,0.06,3.0118,3.0506,9.8835,0
55.193,75,-26,1534,1492,0.85,0.06,3.0118,3.0506,9.8835,0
55.210,75,-26,1511,1492,0.85,0.06,3.0118,3.0506,9.8835,0
55.228,78,-26,1528,1492,0.85,0.06,3.0118,3.0506,9.8835,0
55.245,80,-26,1523,1492,0.85,0.06,3.0118,3.0506,9.8835,0
55.262,82,-26,1524,1492,0.85,0.06,3.0118,3.0506,9.8835,0
55.280,83,-26,1518,1492,0.85,0.06,3.0118,3.0506,9.8835,0
55.299,85,-26,1523,1492,1.50,0.26,3.0118,3.0506,9.8835,0
55.317,87,-26,1524,1492,1.50,0.26,3.0118,3.0506,9.8835,0
55.334,89,-26,1525,1492,1.50,0.26,3.0118,3.0506,9.8835,0
55.353,89,-26,1513,1492,1.50,0.26,2.8789,2.5964,8.0356,0
55.372,92,-27,1529,1489,1.50,0.26,2.8789,2.5964,8.0356,0
55.389,94,-27,1525,1492,1.50,0.26,2.8789,2.5964,8.0356,0
55.407,95,-27,1520,1492,1.50,0.26,2.8789,2.5964,8.0356,0
55.424,97,-27,1526,1492,1.50,0.26,2.8789,2.5964,8.0356,0
55.441,99,-27,1526,1492,1.50,0.26,2.8789,2.5964,8.0356,0
55.459,103,-27,1538,1492,1.50,0.26,2.8789,2.5964,8.0356,0
55.476,103,-27,1515,1492,1.50,0.26,2.8789,2.5964,8.0356,0
55.494,108,-26,1545,1495,1.50,0.26,2.8789,2.5964,8.0356,0
55.511,110,-27,1527,1489,1.50,0.26,2.8789,2.5964,8.0356,0
55.529,113,-27,1534,1492,1.50,0.26,2.8789,2.5964,8.0356,0
55.546,113,-27,1517,1492,1.33,0.37,2.8789,2.5964,8.0356,0
55.563,115,-27,1528,1492,1.33,0.37,2.8789,2.5964,8.0356,0
55.581,117,-27,1529,1492,1.33,0.37,2.8789,2.5964,8.0356,0
55.598,118,-27,1523,1492,1.33,0.37,2.3138,3.3792,6.1390,0
55.616,121,-28,1535,1489,1.33,0.37,2.3138,3.3792,6.1390,0
55.634,122,-28,1523,1492,1.33,0.37,2.3138,3.3792,6.1390,0
55.653,123,-27,1523,1495,1.33,0.37,2.3138,3.3792,6.1390,0
55.671,123,-27,1518,1492,1.33,0.37,2.3138,3.3792,6.1390,0
55.690,124,-27,1524,1492,1.33,0.37,2.3138,3.3792,6.1390,0
55.707,124,-27,1518,1492,1.33,0.37,2.3138,3.3792,6.1390,0
55.724,124,-27,1518,1492,1.33,0.37,2.3138,3.3792,6.1390,0
55.742,124,-27,1518,1492,1.33,0.37,2.3138,3.3792,6.1390,0
55.759,123,-28,1512,1489,1.33,0.37,2.3138,3.3792,6.1390,0
55.776,123,-29,1518,1489,1.33,0.37,2.3138,3.3792,6.1390,0
55.794,123,-29,1518,1491,1.13,-0.04,2.3138,3.3792,6.1390,0
55.813,123,-30,1518,1488,1.13,-0.04,2.3138,3.3792,6.1390,0
55.830,122,-30,1512,1491,1.13,-0.04,2.3138,3.3792,6.1390,0
55.849,122,-30,1518,1491,1.13,-0.04,2.5943,3.0901,8.5739,0
55.869,122,-29,1518,1494,1.13,-0.04,2.5943,3.0901,8.5739,0
55.886,121,-28,1512,1495,1.13,-0.04,2.5943,3.0901,8.5739,0
55.904,121,-28,1518,1492,1.13,-0.04,2.5943,3.0901,8.5739,0
55.922,121,-28,1518,1492,1.13,-0.04,2.5943,3.0901,8.5739,0
55.939,121,-28,1518,1492,1.13,-0.04,2.5943,3.0901,8.5739,0
55.957,120,-28,1512,1492,1.13,-0.04,2.5943,3.0901,8.5739,0
55.975,119,-28,1512,1492,1.13,-0.04,2.5943,3.0901,8.5739,0
55.992,118,-28,1512,1492,1.13,-0.04,2.5943,3.0901,8.5739,0
56.011,117,-28,1511,1492,1.13,-0.04,2.5943,3.0901,8.5739,0
56.029,116,-28,1512,1492,1.13,-0.04,2.5943,3.0901,8.5739,0
56.046,115,-28,1511,1492,1.79,-0.23,2.5943,3.0901,8.5739,0
56.064,115,-28,1517,1492,1.79,-0.23,2.5943,3.0901,8.5739,0
56.081,114,-28,1511,1492,1.79,-0.23,2.5943,3.0901,8.5739,0
56.099,112,-28,1505,1492,1.79,-0.23,2.7350,3.7321,6.8909,0
56.117,111,-29,1510,1489,1.79,-0.23,2.7350,3.7321,6.8909,0
56.134,107,-30,1494,1488,1.79,-0.23,2.7350,3.7321,6.8909,0
56.151,105,-30,1504,1491,1.79,-0.23,2.7350,3.7321,6.8909,0
56.169,103,-30,1503,1491,1.79,-0.23,2.7350,3.7321,6.8909,0
56.186,102,-29,1509,1494,1.79,-0.23,2.7350,3.7321,6.8909,0
56.204,99,-29,1499,1491,1.79,-0.23,2.7350,3.7321,6.8909,0
56.223,97,-29,1503,1491,1.79,-0.23,2.7350,3.7321,6.8909,0
56.240,95,-29,1503,1491,1.79,-0.23,2.7350,3.7321,6.8909,0
56.259,90,-29,1487,1491,1.79,-0.23,2.7350,3.7321,6.8909,0
56.278,88,-29,1502,1491,1.79,-0.23,2.7350,3.7321,6.8909,0
56.296,86,-29,1501,1491,1.76,0.17,2.7350,3.7321,6.8909,0
56.313,84,-29,1501,1491,1.76,0.17,2.7350,3.7321,6.8909,0
56.331,81,-29,1496,1491,1.76,0.17,2.7350,3.7321,6.8909,0
56.348,81,-29,1512,1491,1.76,0.17,2.7186,3.1302,9.3182,0
56.366,76,-28,1483,1495,1.76,0.17,2.7186,3.1302,9.3182,0
56.384,74,-28,1500,1492,1.76,0.17,2.7186,3.1302,9.3182,0
56.401,71,-28,1494,1492,1.76,0.17,2.7186,3.1302,9.3182,0
56.419,68,-28,1494,1492,1.76,0.17,2.7186,3.1302,9.3182,0
56.436,65,-28,1493,1492,1.76,0.17,2.7186,3.1302,9.3182,0
56.454,63,-28,1499,1492,1.76,0.17,2.7186,3.1302,9.3182,0
56.471,60,-29,1492,1488,1.76,0.17,2.7186,3.1302,9.3182,1
56.491,57,-29,1494,1491,1.76,0.17,2.7186,3.1302,9.3182,1
56.508,51,-28,1473,1495,1.76,0.17,2.7186,3.1302,9.3182,1
56.527,48,-28,1492,1492,1.76,0.17,2.7186,3.1302,9.3182,1
56.544,48,-28,1507,1492,1.76,0.36,2.7186,3.1302,9.3182,1
56.562,45,-28,1490,1492,1.76,0.36,2.7186,3.1302,9.3182,1
56.581,42,-27,1490,1495,1.76,0.36,2.7186,3.1302,9.3182,1
56.599,39,-27,1491,1492,1.76,0.36,2.9064,3.2899,9.7110,1
56.616,36,-28,1489,1489,1.76,0.36,2.9064,3.2899,9.7110,1
56.633,28,-28,1459,1492,1.76,0.36,2.9064,3.2899,9.7110,1
56.651,25,-28,1488,1492,1.76,0.36,2.9064,3.2899,9.7110,1
56.669,20,-27,1474,1495,1.76,0.36,2.9064,3.2899,9.7110,1
56.686,16,-27,1480,1492,1.76,0.36,2.9064,3.2899,9.7110,1
56.704,12,-27,1481,1492,1.76,0.36,2.9064,3.2899,9.7110,1
56.721,8,-28,1478,1489,1.76,0.36,2.9064,3.2899,9.7110,1
56.739,4,-28,1478,1492,1.76,0.36,2.9064,3.2899,9.7110,1
56.756,0,-28,1478,1492,1.76,0.36,2.9064,3.2899,9.7110,1
56.775,-5,-28,1473,1492,1.76,0.36,2.9064,3.2899,9.7110,1
56.793,-14,-28,1448,1492,0.84,0.51,2.9064,3.2899,9.7110,1
56.811,-14,-28,1498,1492,0.84,0.51,2.9064,3.2899,9.7110,1
56.828,-22,-27,1450,1495,0.84,0.51,2.9064,3.2899,9.7110,1
56.845,-22,-27,1497,1492,0.84,0.51,2.9064,3.2899,9.7110,1
56.863,-26,-26,1474,1495,0.84,0.51,2.7238,4.2903,8.3409,1
56.880,-29,-26,1479,1492,0.84,0.51,2.7238,4.2903,8.3409,1
56.897,-33,-27,1472,1489,0.84,0.51,2.7238,4.2903,8.3409,1
56.916,-36,-27,1479,1492,0.84,0.51,2.7238,4.2903,8.3409,1
56.934,-43,-26,1454,1495,0.84,0.51,2.7238,4.2903,8.3409,1
56.951,-46,-26,1476,1492,0.84,0.51,2.7238,4.2903,8.3409,1
56.968,-50,-26,1470,1492,0.84,0.51,2.7238,4.2903,8.3409,1
56.986,-52,-26,1481,1492,0.84,0.51,2.7238,4.2903,8.3409,1
57.003,-55,-26,1475,1492,0.84,0.51,2.7238,4.2903,8.3409,1
57.021,-58,-26,1474,1492,0.84,0.51,2.7238,4.2903,8.3409,1
57.038,-61,-26,1475,1492,-0.52,0.92,2.7238,4.2903,8.3409,0
57.055,-63,-26,1479,1492,-0.52,0.92,2.7238,4.2903,8.3409,0
57.073,-66,-26,1474,1492,-0.52,0.92,2.7238,4.2903,8.3409,0
57.090,-68,-26,1479,1492,-0.52,0.92,2.7238,4.2903,8.3409,0
57.107,-71,-26,1473,1492,-0.52,0.92,2.7887,4.3579,7.9626,0
57.124,-73,-26,1478,1492,-0.52,0.92,2.7887,4.3579,7.9626,0
57.141,-76,-26,1472,1492,-0.52,0.92,2.7887,4.3579,7.9626,0
57.159,-79,-26,1472,1492,-0.52,0.92,2.7887,4.3579,7.9626,0
57.176,-83,-25,1465,1496,-0.52,0.92,2.7887,4.3579,7.9626,0
57.193,-88,-26,1458,1489,-0.52,0.92,2.7887,4.3579,7.9626,0
57.211,-88,-26,1487,1492,-0.52,0.92,2.7887,4.3579,7.9626,0
57.229,-93,-26,1459,1492,-0.52,0.92,2.7887,4.3579,7.9626,0
57.247,-96,-26,1469,1492,-0.52,0.92,2.7887,4.3579,7.9626,0
57.264,-99,-26,1468,1492,-0.52,0.92,2.7887,4.3579,7.9626,0
57.282,-102,-26,1469,1492,-0.52,0.92,2.7887,4.3579,7.9626,0
57.300,-104,-26,1473,1492,-1.65,0.90,2.7887,4.3579,7.9626,0
57.317,-107,-26,1467,1492,-1.65,0.90,2.7887,4.3579,7.9626,0
57.335,-110,-25,1467,1495,-1.65,0.90,2.7887,4.3579,7.9626,0
57.352,-113,-25,1466,1493,-1.65,0.90,2.8800,4.2520,8.3209,0
57.371,-115,-26,1473,1490,-1.65,0.90,2.8800,4.2520,8.3209,0
57.388,-118,-26,1465,1492,-1.65,0.90,2.8800,4.2520,8.3209,0
57.406,-120,-25,1471,1495,-1.65,0.90,2.8800,4.2520,8.3209,0
57.423,-122,-25,1471,1493,-1.65,0.90,2.8800,4.2520,8.3209,0
57.441,-124,-25,1471,1493,-1.65,0.90,2.8800,4.2520,8.3209,0
57.459,-125,-25,1476,1493,-1.65,0.90,2.8800,4.2520,8.3209,0
57.476,-126,-26,1476,1489,-1.65,0.90,2.8800,4.2520,8.3209,0
57.493,-128,-25,1470,1495,-1.65,0.90,2.8800,4.2520,8.3209,0
57.513,-129,-25,1476,1493,-1.65,0.90,2.8800,4.2520,8.3209,0
57.530,-130,-25,1475,1493,-1.65,0.90,2.8800,4.2520,8.3209,0
57.548,-130,-25,1481,1493,-2.09,0.12,2.8800,4.2520,8.3209,0
57.566,-132,-25,1470,1493,-2.09,0.12,2.8800,4.2520,8.3209,0
57.583,-132,-25,1481,1493,-2.09,0.12,2.8800,4.2520,8.3209,0
57.601,-132,-25,1481,1493,-2.09,0.12,2.8005,4.8079,9.4555,0
57.620,-133,-25,1475,1493,-2.09,0.12,2.8005,4.8079,9.4555,0
57.637,-134,-25,1475,1493,-2.09,0.12,2.8005,4.8079,9.4555,0
57.655,-134,-25,1480,1493,-2.09,0.12,2.8005,4.8079,9.4555,0
57.672,-135,-25,1474,1493,-2.09,0.12,2.8005,4.8079,9.4555,0
57.690,-135,-25,1480,1493,-2.09,0.12,2.8005,4.8079,9.4555,0
57.709,-134,-25,1486,1493,-2.09,0.12,2.8005,4.8079,9.4555,0
57.726,-133,-24,1486,1496,-2.09,0.12,2.8005,4.8079,9.4555,0
57.743,-133,-24,1480,1493,-2.09,0.12,2.8005,4.8079,9.4555,0
57.761,-131,-24,1492,1493,-2.09,0.12,2.8005,4.8079,9.4555,0
57.779,-130,-24,1487,1493,-2.09,0.12,2.8005,4.8079,9.4555,0
57.796,-128,-24,1493,1493,-1.29,-0.36,2.8005,4.8079,9.4555,0
57.813,-127,-24,1487,1493,-1.29,-0.36,2.8005,4.8079,9.4555,0
57.831,-126,-24,1487,1493,-1.29,-0.36,2.8005,4.8079,9.4555,0
57.848,-125,-24,1487,1493,-1.29,-0.36,2.6244,4.7759,8.7110,0
57.866,-123,-23,1493,1496,-1.29,-0.36,2.6244,4.7759,8.7110,0
57.884,-121,-23,1494,1493,-1.29,-0.36,2.6244,4.7759,8.7110,0
57.901,-119,-23,1494,1493,-1.29,-0.36,2.6244,4.7759,8.7110,0
57.919,-116,-23,1500,1493,-1.29,-0.36,2.6244,4.7759,8.7110,0
57.937,-114,-23,1495,1493,-1.29,-0.36,2.6244,4.7759,8.7110,0
57.954,-111,-23,1500,1493,-1.29,-0.36,2.6244,4.7759,8.7110,0
57.974,-109,-22,1495,1496,-1.29,-0.36,2.6244,4.7759,8.7110,0
57.992,-103,-22,1514,1493,-1.29,-0.36,2.6244,4.7759,8.7110,0
58.011,-100,-22,1500,1493,-1.29,-0.36,2.6244,4.7759,8.7110,0
58.031,-96,-22,1506,1493,-1.29,-0.36,2.6244,4.7759,8.7110,0
58.048,-96,-22,1486,1493,-0.63,0.25,2.6244,4.7759,8.7110,0
58.065,-92,-21,1509,1497,-0.63,0.25,2.6244,4.7759,8.7110,0
58.084,-89,-21,1502,1494,-0.63,0.25,2.6244,4.7759,8.7110,0
58.101,-86,-21,1504,1494,-0.63,0.25,2.9963,4.1605,9.3282,0
58.120,-82,-21,1509,1494,-0.63,0.25,2.9963,4.1605,9.3282,0
58.139,-75,-20,1504,1497,-0.63,0.25,2.9963,4.1605,9.3282,0
58.156,-72,-20,1528,1494,-0.63,0.25,2.9963,4.1605,9.3282,0
58.175,-69,-20,1506,1494,-0.63,0.25,2.9963,4.1605,9.3282,0
58.193,-63,-19,1523,1497,-0.63,0.25,2.9963,4.1605,9.3282,0
58.211,-63,-19,1491,1494,-0.63,0.25,2.9963,4.1605,9.3282,0
58.228,-60,-19,1507,1494,-0.63,0.25,2.9963,4.1605,9.3282,1
58.246,-54,-18,1525,1498,-0.63,0.25,2.9963,4.1605,9.3282,1
58.265,-51,-18,1508,1495,-0.63,0.25,2.9963,4.1605,9.3282,1
58.282,-49,-18,1504,1495,-0.08,1.39,2.9963,4.1605,9.3282,1
58.299,-46,-17,1510,1498,-0.08,1.39,2.9963,4.1605,9.3282,1
58.317,-42,-17,1515,1495,-0.08,1.39,2.9963,4.1605,9.3282,1
58.334,-39,-17,1511,1495,-0.08,1.39,2.9963,4.1605,9.3282,1
58.352,-35,-17,1517,1495,-0.08,1.39,2.6186,3.9196,6.8483,1
58.370,-31,-17,1517,1495,-0.08,1.39,2.6186,3.9196,6.8483,1
58.387,-27,-17,1518,1495,-0.08,1.39,2.6186,3.9196,6.8483,1
58.406,-22,-17,1523,1495,-0.08,1.39,2.6186,3.9196,6.8483,1
58.424,-18,-17,1519,1495,-0.08,1.39,2.6186,3.9196,6.8483,1
58.441,-14,-15,1520,1500,-0.08,1.39,2.6186,3.9196,6.8483,1
58.459,-5,-15,1549,1496,-0.08,1.39,2.6186,3.9196,6.8483,1
58.477,-1,-15,1521,1496,-0.08,1.39,2.6186,3.9196,6.8483,1
58.494,3,-15,1523,1496,-0.08,1.39,2.6186,3.9196,6.8483,1
58.512,7,-15,1523,1496,-0.08,1.39,2.6186,3.9196,6.8483,1
58.529,7,-15,1500,1496,-0.49,1.97,2.6186,3.9196,6.8483,1
58.546,10,-14,1519,1499,-0.49,1.97,2.6186,3.9196,6.8483,1
58.571,17,-14,1532,1496,-0.49,1.97,2.6186,3.9196,6.8483,1
58.589,20,-14,1518,1496,-0.49,1.97,2.6186,3.9196,6.8483,1
58.606,24,-14,1526,1496,-0.49,1.97,2.6810,3.4770,6.3636,1
58.624,30,-13,1537,1499,-0.49,1.97,2.6810,3.4770,6.3636,1
58.643,33,-13,1520,1496,-0.49,1.97,2.6810,3.4770,6.3636,1
58.661,36,-13,1521,1496,-0.49,1.97,2.6810,3.4770,6.3636,1
58.680,39,-13,1522,1496,-0.49,1.97,2.6810,3.4770,6.3636,1
58.697,42,-12,1523,1499,-0.49,1.97,2.6810,3.4770,6.3636,1
58.714,45,-12,1524,1497,-0.49,1.97,2.6810,3.4770,6.3636,1
58.731,48,-12,1524,1497,-0.49,1.97,2.6810,3.4770,6.3636,1
58.748,51,-12,1525,1497,-0.49,1.97,2.6810,3.4770,6.3636,1
58.765,54,-12,1525,1497,-0.49,1.97,2.6810,3.4770,6.3636,1
58.784,57,-11,1525,1500,-0.71,2.06,2.6810,3.4770,6.3636,1
58.801,60,-11,1525,1497,-0.71,2.06,2.6810,3.4770,6.3636,1
58.820,64,-11,1530,1497,-0.71,2.06,2.6810,3.4770,6.3636,0
58.839,67,-12,1526,1494,-0.71,2.06,2.6810,3.4770,6.3636,0
58.856,70,-12,1528,1497,-0.71,2.06,2.6810,3.2545,5.6458,0
58.874,76,-11,1544,1500,-0.71,2.06,2.6810,3.2545,5.6458,0
58.891,76,-11,1511,1497,-0.71,2.06,2.6810,3.2545,5.6458,0
58.908,82,-11,1547,1497,-0.71,2.06,2.6810,3.2545,5.6458,0
58.926,84,-11,1524,1497,-0.71,2.06,2.6810,3.2545,5.6458,0
58.943,86,-11,1524,1497,-0.71,2.06,2.6810,3.2545,5.6458,0
58.960,88,-11,1524,1497,-0.71,2.06,2.6810,3.2545,5.6458,0
58.977,90,-11,1525,1497,-0.71,2.06,2.6810,3.2545,5.6458,0
58.995,92,-11,1525,1497,-0.71,2.06,2.6810,3.2545,5.6458,0
59.012,94,-11,1525,1497,-0.71,2.06,2.6810,3.2545,5.6458,0
59.030,96,-11,1526,1497,0.06,1.75,2.6810,3.2545,5.6458,0
59.047,98,-11,1526,1497,0.06,1.75,2.6810,3.2545,5.6458,0
59.066,101,-11,1532,1497,0.06,1.75,2.6810,3.2545,5.6458,0
59.083,104,-11,1532,1497,0.06,1.75,2.6810,3.2545,5.6458,0
59.103,106,-11,1525,1497,0.06,1.75,2.6775,3.2866,6.3838,0
59.121,109,-11,1533,1497,0.06,1.75,2.6775,3.2866,6.3838,0
59.140,113,-12,1539,1494,0.06,1.75,2.6775,3.2866,6.3838,0
59.158,119,-12,1549,1497,0.06,1.75,2.6775,3.2866,6.3838,0
59.176,122,-12,1535,1497,0.06,1.75,2.6775,3.2866,6.3838,0
59.193,125,-12,1536,1497,0.06,1.75,2.6775,3.2866,6.3838,0
59.210,129,-12,1542,1497,0.06,1.75,2.6775,3.2866,6.3838,0
59.228,132,-13,1536,1493,0.06,1.75,2.6775,3.2866,6.3838,0
59.245,136,-12,1543,1499,0.06,1.75,2.6775,3.2866,6.3838,0
59.262,140,-13,1544,1493,0.06,1.75,2.6775,3.2866,6.3838,0
59.279,144,-13,1544,1496,-0.33,1.35,2.6775,3.2866,6.3838,0
59.296,144,-13,1521,1496,-0.33,1.35,2.6775,3.2866,6.3838,0
59.313,148,-13,1545,1496,-0.33,1.35,2.6775,3.2866,6.3838,0
59.336,151,-13,1539,1496,-0.33,1.35,2.6775,3.2866,6.3838,0
59.353,155,-13,1542,1496,-0.33,1.35,2.5419,3.1119,5.8236,0
59.371,158,-13,1540,1496,-0.33,1.35,2.5419,3.1119,5.8236,0
59.389,163,-13,1552,1496,-0.33,1.35,2.5419,3.1119,5.8236,0
59.406,165,-14,1536,1493,-0.33,1.35,2.5419,3.1119,5.8236,0
59.424,165,-14,1524,1496,-0.33,1.35,2.5419,3.1119,5.8236,0
59.441,167,-14,1536,1496,-0.33,1.35,2.5419,3.1119,5.8236,0
59.460,169,-15,1537,1493,-0.33,1.35,2.5419,3.1119,5.8236,0
59.477,173,-14,1547,1499,-0.33,1.35,2.5419,3.1119,5.8236,0
59.494,174,-15,1531,1493,-0.33,1.35,2.5419,3.1119,5.8236,0
59.512,175,-15,1532,1496,-0.33,1.35,2.5419,3.1119,5.8236,0
59.529,176,-15,1532,1496,0.06,0.21,2.5419,3.1119,5.8236,0
59.547,176,-16,1526,1492,0.06,0.21,2.5419,3.1119,5.8236,0
59.565,176,-16,1526,1495,0.06,0.21,2.5419,3.1119,5.8236,0
59.583,176,-16,1526,1495,0.06,0.21,2.5419,3.1119,5.8236,0
59.601,176,-17,1526,1492,0.06,0.21,2.5999,3.3645,6.3274,0
59.619,176,-17,1526,1495,0.06,0.21,2.5999,3.3645,6.3274,0
59.638,174,-18,1515,1492,0.06,0.21,2.5999,3.3645,6.3274,0
59.656,173,-18,1520,1495,0.06,0.21,2.5999,3.3645,6.3274,0
59.676,171,-19,1515,1492,0.06,0.21,2.5999,3.3645,6.3274,0
59.693,169,-19,1514,1494,0.06,0.21,2.5999,3.3645,6.3274,0
59.710,168,-19,1519,1494,0.06,0.21,2.5999,3.3645,6.3274,0
59.727,167,-19,1519,1494,0.06,0.21,2.5999,3.3645,6.3274,0
59.744,165,-19,1513,1494,0.06,0.21,2.5999,3.3645,6.3274,0
59.762,164,-20,1518,1491,0.06,0.21,2.5999,3.3645,6.3274,0
59.779,162,-20,1512,1494,0.54,-1.44,2.5999,3.3645,6.3274,0
59.796,160,-20,1512,1494,0.54,-1.44,2.5999,3.3645,6.3274,0
59.813,158,-21,1512,1491,0.54,-1.44,2.5999,3.3645,6.3274,0
59.831,156,-21,1512,1494,0.54,-1.44,2.5999,3.3645,6.3274,0
59.848,156,-21,1523,1494,0.54,-1.44,2.3284,3.3762,7.1694,0
59.866,153,-20,1506,1497,0.54,-1.44,2.3284,3.3762,7.1694,0
59.884,152,-21,1517,1491,0.54,-1.44,2.3284,3.3762,7.1694,0
59.902,151,-21,1517,1494,0.54,-1.44,2.3284,3.3762,7.1694,0
59.920,150,-21,1517,1494,0.54,-1.44,2.3284,3.3762,7.1694,0
59.937,150,-20,1522,1497,0.54,-1.44,2.3284,3.3762,7.1694,0
59.955,149,-22,1516,1488,0.54,-1.44,2.3284,3.3762,7.1694,0
59.974,149,-22,1522,1493,0.54,-1.44,2.3284,3.3762,7.1694,0
59.992,148,-21,1517,1496,0.54,-1.44,2.3284,3.3762,7.1694,0
60.011,148,-21,1522,1494,0.54,-1.44,2.3284,3.3762,7.1694,0
60.028,148,-21,1522,1494,0.54,-1.44,2.3284,3.3762,7.1694,0
60.046,148,-21,1522,1494,0.65,-1.12,2.3284,3.3762,7.1694,0
60.064,147,-22,1516,1491,0.65,-1.12,2.3284,3.3762,7.1694,0
60.082,147,-22,1522,1493,0.65,-1.12,2.3284,3.3762,7.1694,0
60.100,146,-22,1516,1493,0.65,-1.12,2.5511,3.2617,7.4589,0
60.118,144,-21,1510,1497,0.65,-1.12,2.5511,3.2617,7.4589,0
60.135,142,-21,1510,1494,0.65,-1.12,2.5511,3.2617,7.4589,0
60.153,141,-21,1515,1494,0.65,-1.12,2.5511,3.2617,7.4589,0
60.171,139,-22,1509,1491,0.65,-1.12,2.5511,3.2617,7.4589,0
60.189,137,-21,1509,1497,0.65,-1.12,2.5511,3.2617,7.4589,0
60.206,135,-21,1508,1494,0.65,-1.12,2.5511,3.2617,7.4589,0
60.223,133,-21,1508,1494,0.65,-1.12,2.5511,3.2617,7.4589,0
60.240,131,-21,1508,1494,0.65,-1.12,2.5511,3.2617,7.4589,0
60.257,127,-22,1496,1491,0.65,-1.12,2.5511,3.2617,7.4589,0
60.274,127,-22,1519,1493,0.65,-1.12,2.5511,3.2617,7.4589,0
60.292,122,-21,1491,1497,0.95,-0.05,2.5511,3.2617,7.4589,0
60.311,121,-21,1512,1494,0.95,-0.05,2.5511,3.2617,7.4589,0
60.329,119,-21,1506,1494,0.95,-0.05,2.5511,3.2617,7.4589,0
60.347,119,-21,1517,1494,0.95,-0.05,2.6682,4.1516,6.7763,0
60.365,117,-21,1506,1494,0.95,-0.05,2.6682,4.1516,6.7763,0
60.383,116,-21,1511,1494,0.95,-0.05,2.6682,4.1516,6.7763,0
60.400,115,-21,1511,1494,0.95,-0.05,2.6682,4.1516,6.7763,0
60.417,114,-21,1511,1494,0.95,-0.05,2.6682,4.1516,6.7763,0
60.434,113,-21,1511,1494,0.95,-0.05,2.6682,4.1516,6.7763,0
60.452,113,-21,1517,1494,0.95,-0.05,2.6682,4.1516,6.7763,0
60.469,112,-20,1511,1497,0.95,-0.05,2.6682,4.1516,6.7763,0
60.487,112,-20,1516,1494,0.95,-0.05,2.6682,4.1516,6.7763,0
60.505,111,-20,1511,1494,0.95,-0.05,2.6682,4.1516,6.7763,0
60.522,110,-20,1510,1494,0.95,-0.05,2.6682,4.1516,6.7763,0
60.540,109,-20,1510,1494,0.68,0.60,2.6682,4.1516,6.7763,0
60.558,108,-20,1510,1494,0.68,0.60,2.6682,4.1516,6.7763,0
60.575,108,-20,1516,1494,0.68,0.60,2.6682,4.1516,6.7763,0
60.593,107,-20,1510,1494,0.68,0.60,2.7999,3.4894,7.2493,0
60.611,105,-20,1504,1494,0.68,0.60,2.7999,3.4894,7.2493,0
60.628,105,-19,1515,1497,0.68,0.60,2.7999,3.4894,7.2493,0
60.646,104,-19,1509,1494,0.68,0.60,2.7999,3.4894,7.2493,0
60.664,104,-19,1515,1494,0.68,0.60,2.7999,3.4894,7.2493,0
60.683,103,-19,1510,1494,0.68,0.60,2.7999,3.4894,7.2493,0
60.701,103,-20,1515,1491,0.68,0.60,2.7999,3.4894,7.2493,0
60.719,102,-20,1509,1494,0.68,0.60,2.7999,3.4894,7.2493,0
60.738,102,-19,1515,1497,0.68,0.60,2.7999,3.4894,7.2493,0
60.756,101,-19,1509,1494,0.68,0.60,2.7999,3.4894,7.2493,0
60.777,99,-19,1505,1494,0.02,0.19,2.7999,3.4894,7.2493,0
60.794,98,-19,1508,1494,0.02,0.19,2.7999,3.4894,7.2493,0
60.813,93,-20,1489,1492,0.02,0.19,2.7999,3.4894,7.2493,0
60.831,90,-19,1497,1497,0.02,0.19,2.7999,3.4894,7.2493,0
60.848,88,-19,1501,1494,0.02,0.19,2.8021,3.2918,6.9198,0
60.867,86,-19,1502,1494,0.02,0.19,2.8021,3.2918,6.9198,0
60.886,84,-19,1502,1494,0.02,0.19,2.8021,3.2918,6.9198,0
60.903,82,-19,1500,1494,0.02,0.19,2.8021,3.2918,6.9198,0
60.921,81,-19,1506,1494,0.02,0.19,2.8021,3.2918,6.9198,0
60.939,80,-19,1506,1494,0.02,0.19,2.8021,3.2918,6.9198,0
60.958,78,-19,1506,1494,0.02,0.19,2.8021,3.2918,6.9198,0
60.975,78,-19,1506,1494,0.02,0.19,2.8021,3.2918,6.9198,0
60.992,77,-20,1505,1491,0.02,0.19,2.8021,3.2918,6.9198,0
61.009,77,-19,1511,1497,0.02,0.19,2.8021,3.2918,6.9198,0
61.027,77,-19,1511,1494,0.02,0.19,2.8021,3.2918,6.9198,0
61.044,77,-19,1511,1494,-0.11,0.16,2.8021,3.2918,6.9198,0
61.061,77,-18,1511,1498,-0.11,0.16,2.8021,3.2918,6.9198,0
61.079,77,-18,1511,1495,-0.11,0.16,2.8021,3.2918,6.9198,0
61.096,77,-18,1511,1495,-0.11,0.16,2.6421,3.4692,6.2183,0
61.113,77,-19,1511,1491,-0.11,0.16,2.6421,3.4692,6.2183,0
61.131,77,-18,1511,1498,-0.11,0.16,2.6421,3.4692,6.2183,0
61.148,77,-18,1511,1495,-0.11,0.16,2.6421,3.4692,6.2183,0
61.165,77,-18,1511,1495,-0.11,0.16,2.6421,3.4692,6.2183,0
61.182,77,-18,1511,1495,-0.11,0.16,2.6421,3.4692,6.2183,0
61.199,78,-18,1517,1495,-0.11,0.16,2.6421,3.4692,6.2183,0
61.216,77,-18,1505,1495,-0.11,0.16,2.6421,3.4692,6.2183,0
61.234,78,-18,1517,1495,-0.11,0.16,2.6421,3.4692,6.2183,0
61.252,78,-18,1511,1495,-0.11,0.16,2.6421,3.4692,6.2183,0
61.269,78,-18,1511,1495,-0.11,0.16,2.6421,3.4692,6.2183,0
61.289,77,-18,1506,1495,-0.47,0.57,2.6421,3.4692,6.2183,0
61.310,77,-18,1511,1495,-0.47,0.57,2.6421,3.4692,6.2183,0
61.327,77,-18,1511,1495,-0.47,0.57,2.6421,3.4692,6.2183,0
61.346,77,-18,1511,1495,-0.47,0.57,2.7281,3.1768,6.0460,0
61.364,77,-18,1511,1495,-0.47,0.57,2.7281,3.1768,6.0460,0
61.382,77,-18,1511,1495,-0.47,0.57,2.7281,3.1768,6.0460,0
61.399,77,-18,1511,1495,-0.47,0.57,2.7281,3.1768,6.0460,0
61.416,77,-18,1511,1495,-0.47,0.57,2.7281,3.1768,6.0460,0
61.434,76,-18,1505,1495,-0.47,0.57,2.7281,3.1768,6.0460,0
61.452,76,-18,1511,1495,-0.47,0.57,2.7281,3.1768,6.0460,0
61.472,75,-18,1506,1495,-0.47,0.57,2.7281,3.1768,6.0460,0
61.491,74,-18,1506,1495,-0.47,0.57,2.7281,3.1768,6.0460,0
61.511,71,-18,1496,1495,-0.47,0.57,2.7281,3.1768,6.0460,0
61.528,70,-18,1510,1495,-0.49,0.43,2.7281,3.1768,6.0460,0
61.546,70,-18,1504,1495,-0.49,0.43,2.7281,3.1768,6.0460,0
61.563,68,-18,1499,1495,-0.49,0.43,2.7281,3.1768,6.0460,0
61.580,65,-18,1493,1495,-0.49,0.43,2.7281,3.1768,6.0460,0
61.598,65,-18,1509,1495,-0.49,0.43,2.3301,3.3404,6.0452,0
61.617,63,-19,1499,1492,-0.49,0.43,2.3301,3.3404,6.0452,0
61.634,63,-18,1509,1497,-0.49,0.43,2.3301,3.3404,6.0452,0
61.654,62,-19,1504,1492,-0.49,0.43,2.3301,3.3404,6.0452,0
61.671,61,-19,1503,1494,-0.49,0.43,2.3301,3.3404,6.0452,0
61.688,61,-19,1509,1494,-0.49,0.43,2.3301,3.3404,6.0452,0
61.705,61,-18,1509,1498,-0.49,0.43,2.3301,3.3404,6.0452,0
61.723,60,-19,1503,1492,-0.49,0.43,2.3301,3.3404,6.0452,1
61.741,60,-19,1509,1494,-0.49,0.43,2.3301,3.3404,6.0452,1
61.758,60,-19,1509,1494,-0.49,0.43,2.3301,3.3404,6.0452,1
61.775,60,-19,1509,1494,-0.40,-0.40,2.3301,3.3404,6.0452,1
61.792,60,-19,1509,1494,-0.40,-0.40,2.3301,3.3404,6.0452,1
61.809,60,-20,1509,1491,-0.40,-0.40,2.3301,3.3404,6.0452,1
61.827,60,-20,1509,1494,-0.40,-0.40,2.3301,3.3404,6.0452,1
61.844,60,-20,1509,1494,-0.40,-0.40,2.5673,3.1862,5.8463,1
61.862,60,-20,1509,1494,-0.40,-0.40,2.5673,3.1862,5.8463,1
61.881,60,-20,1509,1494,-0.40,-0.40,2.5673,3.1862,5.8463,1
61.898,60,-20,1509,1494,-0.40,-0.40,2.5673,3.1862,5.8463,1
61.916,60,-20,1509,1494,-0.40,-0.40,2.5673,3.1862,5.8463,1
61.933,59,-20,1503,1494,-0.40,-0.40,2.5673,3.1862,5.8463,1
61.951,58,-20,1503,1494,-0.40,-0.40,2.5673,3.1862,5.8463,1
61.969,58,-21,1508,1491,-0.40,-0.40,2.5673,3.1862,5.8463,1
61.986,57,-20,1503,1497,-0.40,-0.40,2.5673,3.1862,5.8463,1
62.003,57,-20,1508,1494,-0.40,-0.40,2.5673,3.1862,5.8463,1
62.021,56,-20,1502,1494,-0.40,-0.40,2.5673,3.1862,5.8463,1
62.038,56,-21,1508,1491,-0.33,-0.62,2.5673,3.1862,5.8463,1
62.055,55,-21,1502,1494,-0.33,-0.62,2.5673,3.1862,5.8463,1
62.072,55,-21,1508,1494,-0.33,-0.62,2.5673,3.1862,5.8463,1
62.090,55,-21,1508,1494,-0.33,-0.62,2.4747,3.4728,6.2791,1
62.107,55,-21,1508,1494,-0.33,-0.62,2.4747,3.4728,6.2791,1
62.124,55,-21,1508,1494,-0.33,-0.62,2.4747,3.4728,6.2791,1
62.142,56,-21,1514,1494,-0.33,-0.62,2.4747,3.4728,6.2791,1
62.159,56,-21,1508,1494,-0.33,-0.62,2.4747,3.4728,6.2791,1
62.176,56,-21,1508,1494,-0.33,-0.62,2.4747,3.4728,6.2791,1
62.195,58,-21,1519,1494,-0.33,-0.62,2.4747,3.4728,6.2791,1
62.213,59,-21,1514,1494,-0.33,-0.62,2.4747,3.4728,6.2791,1
62.231,61,-21,1520,1494,-0.33,-0.62,2.4747,3.4728,6.2791,0
62.248,63,-21,1521,1494,-0.33,-0.62,2.4747,3.4728,6.2791,0
62.265,64,-21,1515,1494,-0.33,-0.62,2.4747,3.4728,6.2791,0
62.282,66,-22,1521,1491,-0.45,-0.11,2.4747,3.4728,6.2791,0
62.300,66,-22,1510,1493,-0.45,-0.11,2.4747,3.4728,6.2791,0
62.317,67,-21,1515,1497,-0.45,-0.11,2.4747,3.4728,6.2791,0
62.336,67,-21,1510,1494,-0.45,-0.11,2.3218,3.5712,6.0734,0
62.353,68,-21,1515,1494,-0.45,-0.11,2.3218,3.5712,6.0734,0
62.371,67,-21,1504,1494,-0.45,-0.11,2.3218,3.5712,6.0734,0
62.390,67,-22,1510,1491,-0.45,-0.11,2.3218,3.5712,6.0734,0
62.407,65,-22,1499,1493,-0.45,-0.11,2.3218,3.5712,6.0734,0
62.424,62,-22,1492,1493,-0.45,-0.11,2.3218,3.5712,6.0734,0
62.442,60,-22,1498,1493,-0.45,-0.11,2.3218,3.5712,6.0734,1
62.460,57,-22,1492,1493,-0.45,-0.11,2.3218,3.5712,6.0734,1
62.478,54,-22,1493,1493,-0.45,-0.11,2.3218,3.5712,6.0734,1
62.496,52,-22,1497,1493,-0.45,-0.11,2.3218,3.5712,6.0734,1
62.513,50,-22,1497,1493,-0.45,-0.11,2.3218,3.5712,6.0734,1
62.532,48,-22,1497,1493,-0.24,0.23,2.3218,3.5712,6.0734,1
62.551,45,-22,1491,1493,-0.24,0.23,2.3218,3.5712,6.0734,1
62.571,43,-22,1497,1493,-0.24,0.23,2.3218,3.5712,6.0734,1
62.588,40,-22,1490,1493,-0.24,0.23,2.6299,3.5275,6.3340,1
62.606,38,-22,1495,1493,-0.24,0.23,2.6299,3.5275,6.3340,1
62.624,35,-22,1488,1493,-0.24,0.23,2.6299,3.5275,6.3340,1
62.642,31,-22,1484,1493,-0.24,0.23,2.6299,3.5275,6.3340,1
62.659,29,-23,1493,1490,-0.24,0.23,2.6299,3.5275,6.3340,1
62.676,26,-23,1487,1493,-0.24,0.23,2.6299,3.5275,6.3340,1
62.693,24,-23,1493,1493,-0.24,0.23,2.6299,3.5275,6.3340,1
62.710,22,-23,1492,1493,-0.24,0.23,2.6299,3.5275,6.3340,1
62.729,20,-23,1492,1493,-0.24,0.23,2.6299,3.5275,6.3340,1
62.747,18,-23,1493,1493,-0.24,0.23,2.6299,3.5275,6.3340,1
62.767,16,-23,1491,1493,-0.24,0.23,2.6299,3.5275,6.3340,1
62.785,14,-23,1493,1493,-0.23,0.05,2.6299,3.5275,6.3340,1
62.805,12,-23,1493,1493,-0.23,0.05,2.6299,3.5275,6.3340,1
62.822,10,-23,1491,1493,-0.23,0.05,2.6299,3.5275,6.3340,1
62.840,9,-24,1496,1490,-0.23,0.05,2.7872,3.5999,5.8584,1
62.857,5,-23,1478,1496,-0.23,0.05,2.7872,3.5999,5.8584,1
62.875,4,-24,1495,1490,-0.23,0.05,2.7872,3.5999,5.8584,1
62.892,2,-23,1489,1496,-0.23,0.05,2.7872,3.5999,5.8584,1
62.909,0,-24,1489,1490,-0.23,0.05,2.7872,3.5999,5.8584,1
62.926,-2,-24,1489,1493,-0.23,0.05,2.7872,3.5999,5.8584,1
62.946,-4,-24,1490,1493,-0.23,0.05,2.7872,3.5999,5.8584,1
62.963,-5,-24,1494,1493,-0.23,0.05,2.7872,3.5999,5.8584,1
62.980,-7,-24,1488,1493,-0.23,0.05,2.7872,3.5999,5.8584,1
62.999,-9,-24,1489,1493,-0.23,0.05,2.7872,3.5999,5.8584,1
63.017,-10,-24,1494,1493,-0.23,0.05,2.7872,3.5999,5.8584,1
63.036,-12,-25,1488,1490,-0.98,0.05,2.7872,3.5999,5.8584,1
63.054,-14,-24,1488,1496,-0.98,0.05,2.7872,3.5999,5.8584,1
63.071,-15,-24,1493,1493,-0.98,0.05,2.7872,3.5999,5.8584,1
63.090,-17,-24,1487,1493,-0.98,0.05,2.7209,3.6121,6.1621,1
63.107,-19,-25,1486,1490,-0.98,0.05,2.7209,3.6121,6.1621,1
63.125,-21,-25,1486,1493,-0.98,0.05,2.7209,3.6121,6.1621,1
63.143,-22,-26,1492,1489,-0.98,0.05,2.7209,3.6121,6.1621,1
63.162,-23,-25,1492,1495,-0.98,0.05,2.7209,3.6121,6.1621,1
63.179,-24,-25,1491,1493,-0.98,0.05,2.7209,3.6121,6.1621,1
63.198,-25,-25,1492,1493,-0.98,0.05,2.7209,3.6121,6.1621,1
63.215,-26,-25,1491,1493,-0.98,0.05,2.7209,3.6121,6.1621,1
63.232,-27,-25,1491,1493,-0.98,0.05,2.7209,3.6121,6.1621,1
63.251,-27,-26,1497,1490,-0.98,0.05,2.7209,3.6121,6.1621,1
63.269,-28,-26,1491,1492,-0.98,0.05,2.7209,3.6121,6.1621,1
63.286,-28,-25,1496,1495,-1.42,-0.32,2.7209,3.6121,6.1621,1
63.304,-29,-25,1490,1493,-1.42,-0.32,2.7209,3.6121,6.1621,1
63.321,-29,-25,1496,1493,-1.42,-0.32,2.7209,3.6121,6.1621,1
63.339,-29,-25,1496,1493,-1.42,-0.32,2.5403,3.4686,5.7958,1
63.357,-30,-25,1490,1493,-1.42,-0.32,2.5403,3.4686,5.7958,1
63.374,-32,-26,1484,1489,-1.42,-0.32,2.5403,3.4686,5.7958,1
63.393,-33,-25,1490,1495,-1.42,-0.32,2.5403,3.4686,5.7958,1
63.411,-34,-26,1490,1489,-1.42,-0.32,2.5403,3.4686,5.7958,1
63.428,-35,-26,1489,1492,-1.42,-0.32,2.5403,3.4686,5.7958,1
63.445,-37,-26,1483,1492,-1.42,-0.32,2.5403,3.4686,5.7958,1
63.462,-38,-26,1489,1492,-1.42,-0.32,2.5403,3.4686,5.7958,1
63.479,-40,-26,1483,1492,-1.42,-0.32,2.5403,3.4686,5.7958,1
63.496,-42,-26,1483,1492,-1.42,-0.32,2.5403,3.4686,5.7958,1
63.513,-43,-26,1488,1492,-1.42,-0.32,2.5403,3.4686,5.7958,1
63.532,-45,-26,1482,1492,-1.05,-0.64,2.5403,3.4686,5.7958,1
63.551,-46,-26,1489,1492,-1.05,-0.64,2.5403,3.4686,5.7958,1
63.571,-46,-26,1494,1492,-1.05,-0.64,2.5403,3.4686,5.7958,1
63.591,-47,-26,1488,1492,-1.05,-0.64,2.6216,3.4315,5.9525,1
63.610,-48,-26,1488,1492,-1.05,-0.64,2.6216,3.4315,5.9525,1
63.628,-50,-27,1482,1489,-1.05,-0.64,2.6216,3.4315,5.9525,1
63.645,-51,-26,1487,1495,-1.05,-0.64,2.6216,3.4315,5.9525,1
63.662,-52,-27,1487,1489,-1.05,-0.64,2.6216,3.4315,5.9525,1
63.680,-52,-27,1493,1492,-1.05,-0.64,2.6216,3.4315,5.9525,1
63.697,-53,-27,1487,1492,-1.05,-0.64,2.6216,3.4315,5.9525,1
63.714,-53,-27,1493,1492,-1.05,-0.64,2.6216,3.4315,5.9525,1
63.731,-54,-27,1487,1492,-1.05,-0.64,2.6216,3.4315,5.9525,1
63.748,-54,-27,1492,1492,-1.05,-0.64,2.6216,3.4315,5.9525,1
63.765,-55,-27,1486,1492,-1.05,-0.64,2.6216,3.4315,5.9525,1
63.783,-56,-27,1486,1492,-0.92,0.02,2.6216,3.4315,5.9525,1
63.800,-56,-27,1492,1492,-0.92,0.02,2.6216,3.4315,5.9525,1
63.819,-57,-27,1487,1492,-0.92,0.02,2.6216,3.4315,5.9525,1
63.838,-58,-27,1487,1492,-0.92,0.02,2.6212,3.5409,5.2268,1
63.858,-59,-27,1486,1492,-0.92,0.02,2.6212,3.5409,5.2268,1
63.876,-60,-27,1486,1492,-0.92,0.02,2.6212,3.5409,5.2268,1
63.893,-62,-28,1479,1489,-0.92,0.02,2.6212,3.5409,5.2268,0
63.911,-63,-28,1485,1492,-0.92,0.02,2.6212,3.5409,5.2268,0
63.928,-63,-28,1491,1492,-0.92,0.02,2.6212,3.5409,5.2268,0
63.946,-64,-28,1485,1492,-0.92,0.02,2.6212,3.5409,5.2268,0
63.963,-65,-28,1485,1492,-0.92,0.02,2.6212,3.5409,5.2268,0
63.981,-66,-28,1485,1492,-0.92,0.02,2.6212,3.5409,5.2268,0
64.000,-66,-28,1490,1492,-0.92,0.02,2.6212,3.5409,5.2268,0
64.017,-66,-28,1490,1492,-0.92,0.02,2.6212,3.5409,5.2268,0
64.035,-66,-28,1490,1492,-1.67,-0.43,2.6212,3.5409,5.2268,0
64.052,-67,-28,1485,1492,-1.67,-0.43,2.6212,3.5409,5.2268,0
64.070,-67,-28,1490,1492,-1.67,-0.43,2.6212,3.5409,5.2268,0
64.088,-66,-28,1496,1492,-1.67,-0.43,2.6317,3.8018,6.4733,0
64.106,-66,-29,1490,1489,-1.67,-0.43,2.6317,3.8018,6.4733,0
64.123,-66,-29,1490,1491,-1.67,-0.43,2.6317,3.8018,6.4733,0
64.140,-65,-29,1496,1491,-1.67,-0.43,2.6317,3.8018,6.4733,0
64.158,-64,-29,1496,1491,-1.67,-0.43,2.6317,3.8018,6.4733,0
64.176,-64,-29,1491,1491,-1.67,-0.43,2.6317,3.8018,6.4733,0
64.193,-62,-28,1502,1495,-1.67,-0.43,2.6317,3.8018,6.4733,0
64.211,-60,-28,1502,1492,-1.67,-0.43,2.6317,3.8018,6.4733,1
64.228,-58,-29,1502,1489,-1.67,-0.43,2.6317,3.8018,6.4733,1
64.247,-56,-29,1502,1491,-1.67,-0.43,2.6317,3.8018,6.4733,1
64.265,-52,-29,1514,1491,-1.67,-0.43,2.6317,3.8018,6.4733,1
64.286,-50,-29,1501,1491,-1.21,-0.23,2.6317,3.8018,6.4733,1
64.307,-50,-29,1493,1491,-1.21,-0.23,2.6317,3.8018,6.4733,1
64.329,-45,-29,1518,1491,-1.21,-0.23,2.6317,3.8018,6.4733,1
64.348,-43,-29,1503,1491,-1.21,-0.23,2.6791,3.7111,7.8154,1
64.365,-40,-29,1511,1491,-1.21,-0.23,2.6791,3.7111,7.8154,1
64.382,-38,-29,1505,1491,-1.21,-0.23,2.6791,3.7111,7.8154,1
64.400,-33,-29,1523,1491,-1.21,-0.23,2.6791,3.7111,7.8154,1
64.417,-31,-29,1506,1491,-1.21,-0.23,2.6791,3.7111,7.8154,1
64.438,-29,-29,1506,1491,-1.21,-0.23,2.6791,3.7111,7.8154,1
64.456,-26,-29,1511,1491,-1.21,-0.23,2.6791,3.7111,7.8154,1
64.474,-24,-29,1507,1491,-1.21,-0.23,2.6791,3.7111,7.8154,1
64.492,-18,-29,1530,1491,-1.21,-0.23,2.6791,3.7111,7.8154,1
64.509,-16,-29,1508,1491,-1.21,-0.23,2.6791,3.7111,7.8154,1
64.527,-13,-29,1514,1491,0.21,-0.04,2.6791,3.7111,7.8154,1
64.544,-11,-28,1509,1495,0.21,-0.04,2.6791,3.7111,7.8154,1
64.562,-7,-29,1522,1488,0.21,-0.04,2.6791,3.7111,7.8154,1
64.579,-7,-29,1499,1491,0.21,-0.04,2.6791,3.7111,7.8154,1
64.597,-1,-28,1532,1494,0.21,-0.04,2.4692,3.7697,6.7701,1
64.614,2,-29,1517,1489,0.21,-0.04,2.4692,3.7697,6.7701,1
64.631,5,-30,1518,1488,0.21,-0.04,2.4692,3.7697,6.7701,1
64.648,9,-30,1524,1491,0.21,-0.04,2.4692,3.7697,6.7701,1
64.667,12,-28,1517,1497,0.21,-0.04,2.4692,3.7697,6.7701,1
64.684,15,-29,1519,1489,0.21,-0.04,2.4692,3.7697,6.7701,1
64.704,18,-28,1519,1495,0.21,-0.04,2.4692,3.7697,6.7701,1
64.721,24,-29,1534,1489,0.21,-0.04,2.4692,3.7697,6.7701,1
64.740,24,-29,1503,1491,0.21,-0.04,2.4692,3.7697,6.7701,1
64.757,30,-28,1536,1494,0.21,-0.04,2.4692,3.7697,6.7701,1
64.775,33,-29,1522,1489,0.21,-0.04,2.4692,3.7697,6.7701,1
64.793,35,-28,1516,1494,0.67,0.53,2.4692,3.7697,6.7701,1
64.810,35,-28,1505,1492,0.67,0.53,2.4692,3.7697,6.7701,1
64.827,38,-29,1523,1488,0.67,0.53,2.4692,3.7697,6.7701,1
64.845,40,-28,1517,1495,0.67,0.53,2.5511,3.1119,6.9276,1
64.862,44,-28,1529,1492,0.67,0.53,2.5511,3.1119,6.9276,1
64.879,46,-29,1518,1489,0.67,0.53,2.5511,3.1119,6.9276,1
64.897,47,-28,1512,1495,0.67,0.53,2.5511,3.1119,6.9276,1
64.914,48,-28,1512,1492,0.67,0.53,2.5511,3.1119,6.9276,1
64.932,49,-28,1513,1492,0.67,0.53,2.5511,3.1119,6.9276,1
64.949,50,-28,1513,1492,0.67,0.53,2.5511,3.1119,6.9276,1
64.967,51,-28,1513,1492,0.67,0.53,2.5511,3.1119,6.9276,1
64.984,51,-28,1507,1492,0.67,0.53,2.5511,3.1119,6.9276,1
65.002,52,-29,1513,1489,0.67,0.53,2.5511,3.1119,6.9276,1
65.019,53,-29,1513,1491,0.67,0.53,2.5511,3.1119,6.9276,1
65.039,53,-28,1507,1494,0.56,0.64,2.5511,3.1119,6.9276,1
65.057,53,-28,1507,1492,0.56,0.64,2.5511,3.1119,6.9276,1
65.075,53,-29,1507,1489,0.56,0.64,2.5511,3.1119,6.9276,1
65.093,54,-29,1513,1491,0.56,0.64,2.3280,3.0915,6.6757,1
65.111,54,-29,1508,1491,0.56,0.64,2.3280,3.0915,6.6757,1
65.128,54,-29,1508,1491,0.56,0.64,2.3280,3.0915,6.6757,1
65.146,55,-29,1513,1491,0.56,0.64,2.3280,3.0915,6.6757,1
65.163,55,-29,1508,1491,0.56,0.64,2.3280,3.0915,6.6757,1
65.180,55,-29,1508,1491,0.56,0.64,2.3280,3.0915,6.6757,1
65.198,55,-29,1508,1491,0.56,0.64,2.3280,3.0915,6.6757,1
65.215,55,-29,1508,1491,0.56,0.64,2.3280,3.0915,6.6757,1
65.232,56,-29,1514,1491,0.56,0.64,2.3280,3.0915,6.6757,1
65.249,56,-29,1508,1491,0.56,0.64,2.3280,3.0915,6.6757,1
65.267,56,-29,1508,1491,0.56,0.64,2.3280,3.0915,6.6757,1
65.284,56,-29,1508,1491,0.26,0.29,2.3280,3.0915,6.6757,1
65.301,56,-29,1508,1491,0.26,0.29,2.3280,3.0915,6.6757,1
65.318,56,-29,1508,1491,0.26,0.29,2.3280,3.0915,6.6757,1
65.335,56,-29,1508,1491,0.26,0.29,2.5300,3.0091,6.3916,1
65.362,56,-29,1508,1491,0.26,0.29,2.5300,3.0091,6.3916,1
65.379,55,-29,1503,1491,0.26,0.29,2.5300,3.0091,6.3916,1
65.398,55,-29,1508,1491,0.26,0.29,2.5300,3.0091,6.3916,1
65.415,55,-29,1508,1491,0.26,0.29,2.5300,3.0091,6.3916,1
65.433,55,-29,1508,1491,0.26,0.29,2.5300,3.0091,6.3916,1
65.450,55,-29,1508,1491,0.26,0.29,2.5300,3.0091,6.3916,1
65.467,54,-29,1502,1491,0.26,0.29,2.5300,3.0091,6.3916,1
65.485,53,-29,1502,1491,0.26,0.29,2.5300,3.0091,6.3916,1
65.502,53,-29,1508,1491,0.26,0.29,2.5300,3.0091,6.3916,1
65.519,52,-29,1502,1491,0.26,0.29,2.5300,3.0091,6.3916,1
65.538,51,-29,1502,1491,0.17,0.48,2.5300,3.0091,6.3916,1
65.555,50,-29,1501,1491,0.17,0.48,2.5300,3.0091,6.3916,1
65.573,49,-30,1501,1488,0.17,0.48,2.5300,3.0091,6.3916,1
65.590,49,-29,1507,1494,0.17,0.48,2.3633,3.2853,6.5201,1
65.608,48,-29,1501,1491,0.17,0.48,2.3633,3.2853,6.5201,1
65.626,48,-30,1507,1488,0.17,0.48,2.3633,3.2853,6.5201,1
65.643,49,-30,1513,1491,0.17,0.48,2.3633,3.2853,6.5201,1
65.660,49,-29,1507,1494,0.17,0.48,2.3633,3.2853,6.5201,1
65.677,49,-30,1507,1488,0.17,0.48,2.3633,3.2853,6.5201,1
65.695,49,-30,1507,1491,0.17,0.48,2.3633,3.2853,6.5201,1
65.713,50,-30,1513,1491,0.17,0.48,2.3633,3.2853,6.5201,1
65.732,50,-30,1507,1491,0.17,0.48,2.3633,3.2853,6.5201,1
65.751,50,-30,1507,1491,0.17,0.48,2.3633,3.2853,6.5201,1
65.768,50,-30,1507,1491,0.17,0.48,2.3633,3.2853,6.5201,1
65.785,51,-31,1513,1488,-0.16,-0.20,2.3633,3.2853,6.5201,0
65.804,51,-32,1507,1488,-0.16,-0.20,2.3633,3.2853,6.5201,0
65.822,51,-32,1507,1490,-0.16,-0.20,2.3633,3.2853,6.5201,0
65.839,52,-32,1513,1490,-0.16,-0.20,2.2859,3.4974,6.8546,0
65.857,52,-32,1507,1490,-0.16,-0.20,2.2859,3.4974,6.8546,0
65.874,52,-32,1507,1490,-0.16,-0.20,2.2859,3.4974,6.8546,0
65.891,52,-32,1507,1490,-0.16,-0.20,2.2859,3.4974,6.8546,0
65.908,52,-32,1507,1490,-0.16,-0.20,2.2859,3.4974,6.8546,0
65.926,52,-32,1507,1490,-0.16,-0.20,2.2859,3.4974,6.8546,0
65.943,52,-32,1507,1490,-0.16,-0.20,2.2859,3.4974,6.8546,0
65.960,52,-32,1507,1490,-0.16,-0.20,2.2859,3.4974,6.8546,0
65.977,52,-32,1507,1490,-0.16,-0.20,2.2859,3.4974,6.8546,0
65.994,51,-32,1501,1490,-0.16,-0.20,2.2859,3.4974,6.8546,0
66.012,50,-32,1501,1490,-0.16,-0.20,2.2859,3.4974,6.8546,0
66.029,49,-31,1501,1494,-0.73,-0.09,2.2859,3.4974,6.8546,0
66.048,48,-32,1501,1488,-0.73,-0.09,2.2859,3.4974,6.8546,0
66.070,46,-32,1499,1490,-0.73,-0.09,2.2859,3.4974,6.8546,0
66.088,45,-32,1501,1490,-0.73,-0.09,2.2457,3.8778,7.4194,0
66.106,43,-32,1496,1490,-0.73,-0.09,2.2457,3.8778,7.4194,0
66.124,39,-32,1485,1490,-0.73,-0.09,2.2457,3.8778,7.4194,0
66.141,36,-32,1489,1490,-0.73,-0.09,2.2457,3.8778,7.4194,0
66.159,34,-32,1495,1490,-0.73,-0.09,2.2457,3.8778,7.4194,0
66.177,32,-32,1494,1490,-0.73,-0.09,2.2457,3.8778,7.4194,0
66.194,29,-31,1488,1494,-0.73,-0.09,2.2457,3.8778,7.4194,0
66.212,27,-32,1493,1488,-0.73,-0.09,2.2457,3.8778,7.4194,0
66.229,24,-32,1487,1490,-0.73,-0.09,2.2457,3.8778,7.4194,0
66.247,23,-32,1498,1490,-0.73,-0.09,2.2457,3.8778,7.4194,0
66.264,20,-32,1487,1490,-0.73,-0.09,2.2457,3.8778,7.4194,0
66.284,18,-32,1493,1490,-0.87,-0.30,2.2457,3.8778,7.4194,0
66.304,15,-31,1488,1493,-0.87,-0.30,2.2457,3.8778,7.4194,0
