elapsed_s,err_x_px,err_pitch_px,target_roll_us,target_pitch_us,actual_roll_deg,actual_pitch_deg,vib_x,vib_y,vib_z,aligned
0.000,-66,-22,1470,1470,-1.05,0.36,2.4678,5.7507,7.4119,0
0.018,-64,-23,1493,1496,-1.05,0.36,2.4678,5.7507,7.4119,0
0.035,-63,-23,1491,1498,-1.05,0.36,2.4678,5.7507,7.4119,0
0.053,-62,-23,1491,1498,-1.05,0.36,2.4678,5.7507,7.4119,0
0.070,-61,-23,1491,1498,-1.05,0.36,2.4678,5.7507,7.4119,0
0.087,-59,-23,1494,1498,-1.05,0.36,2.4678,5.7507,7.4119,1
0.105,-58,-23,1492,1498,-0.52,-0.01,2.4678,5.7507,7.4119,1
0.124,-56,-23,1494,1498,-0.52,-0.01,2.4678,5.7507,7.4119,1
0.143,-54,-24,1495,1496,-0.52,-0.01,2.4678,5.7507,7.4119,1
0.160,-52,-24,1496,1498,-0.52,-0.01,2.4678,5.7507,7.4119,1
0.177,-51,-24,1493,1498,-0.52,-0.01,2.0622,5.5427,5.3972,1
0.195,-49,-24,1496,1498,-0.52,-0.01,2.0622,5.5427,5.3972,1
0.213,-47,-24,1497,1498,-0.52,-0.01,2.0622,5.5427,5.3972,1
0.231,-45,-24,1497,1498,-0.52,-0.01,2.0622,5.5427,5.3972,1
0.250,-43,-24,1497,1498,-0.52,-0.01,2.0622,5.5427,5.3972,1
0.269,-41,-25,1497,1496,-0.52,-0.01,2.0622,5.5427,5.3972,1
0.287,-38,-26,1500,1496,-0.52,-0.01,2.0622,5.5427,5.3972,1
0.304,-37,-25,1496,1500,-0.52,-0.01,2.0622,5.5427,5.3972,1
0.322,-36,-25,1496,1498,-0.52,-0.01,2.0622,5.5427,5.3972,1
0.340,-34,-24,1499,1500,-0.52,-0.01,2.0622,5.5427,5.3972,1
0.357,-34,-24,1494,1498,-0.10,0.70,2.0622,5.5427,5.3972,1
0.376,-33,-24,1496,1498,-0.10,0.70,2.0622,5.5427,5.3972,1
0.393,-32,-24,1497,1498,-0.10,0.70,2.0622,5.5427,5.3972,1
0.411,-31,-23,1497,1500,-0.10,0.70,2.0622,5.5427,5.3972,1
0.429,-31,-23,1494,1498,-0.10,0.70,2.8767,4.8928,7.4406,1
0.447,-30,-24,1497,1496,-0.10,0.70,2.8767,4.8928,7.4406,1
0.464,-29,-24,1497,1498,-0.10,0.70,2.8767,4.8928,7.4406,1
0.481,-29,-24,1494,1498,-0.10,0.70,2.8767,4.8928,7.4406,1
0.499,-29,-26,1494,1494,-0.10,0.70,2.8767,4.8928,7.4406,1
0.517,-28,-25,1498,1500,-0.10,0.70,2.8767,4.8928,7.4406,1
0.534,-28,-26,1495,1496,-0.10,0.70,2.8767,4.8928,7.4406,1
0.551,-27,-25,1498,1500,-0.10,0.70,2.8767,4.8928,7.4406,1
0.569,-26,-26,1498,1496,-0.10,0.70,2.8767,4.8928,7.4406,1
0.587,-25,-25,1498,1500,-0.10,0.70,2.8767,4.8928,7.4406,1
0.604,-24,-26,1498,1496,-0.02,0.94,2.8767,4.8928,7.4406,1
0.621,-24,-25,1495,1500,-0.02,0.94,2.8767,4.8928,7.4406,1
0.638,-24,-25,1495,1498,-0.02,0.94,2.8767,4.8928,7.4406,1
0.656,-24,-24,1495,1500,-0.02,0.94,2.8767,4.8928,7.4406,1
0.674,-24,-25,1495,1496,-0.02,0.94,2.4291,5.4421,8.1026,1
0.692,-24,-24,1495,1500,-0.02,0.94,2.4291,5.4421,8.1026,1
0.709,-24,-24,1495,1498,-0.02,0.94,2.4291,5.4421,8.1026,1
0.727,-24,-24,1495,1498,-0.02,0.94,2.4291,5.4421,8.1026,1
0.745,-24,-24,1495,1498,-0.02,0.94,2.4291,5.4421,8.1026,1
0.767,-24,-24,1495,1498,-0.02,0.94,2.4291,5.4421,8.1026,1
0.784,-24,-24,1495,1498,-0.02,0.94,2.4291,5.4421,8.1026,1
0.802,-23,-24,1498,1498,-0.02,0.94,2.4291,5.4421,8.1026,1
0.820,-22,-24,1499,1498,-0.02,0.94,2.4291,5.4421,8.1026,1
0.838,-21,-24,1499,1498,-0.02,0.94,2.4291,5.4421,8.1026,1
0.855,-20,-24,1499,1498,-0.30,0.69,2.4291,5.4421,8.1026,1
0.872,-19,-24,1499,1498,-0.30,0.69,2.4291,5.4421,8.1026,1
0.889,-18,-24,1500,1498,-0.30,0.69,2.4291,5.4421,8.1026,1
0.908,-18,-24,1497,1498,-0.30,0.69,2.4291,5.4421,8.1026,1
0.925,-17,-25,1500,1496,-0.30,0.69,2.3962,5.7909,7.2140,1
0.943,-16,-25,1500,1498,-0.30,0.69,2.3962,5.7909,7.2140,1
0.962,-16,-26,1497,1496,-0.30,0.69,2.3962,5.7909,7.2140,1
0.979,-15,-26,1500,1498,-0.30,0.69,2.3962,5.7909,7.2140,1
0.997,-13,-26,1503,1498,-0.30,0.69,2.3962,5.7909,7.2140,1
1.015,-12,-26,1500,1498,-0.30,0.69,2.3962,5.7909,7.2140,1
1.034,-11,-26,1500,1498,-0.30,0.69,2.3962,5.7909,7.2140,1
1.051,-9,-25,1503,1500,-0.30,0.69,2.3962,5.7909,7.2140,1
1.070,-8,-25,1501,1498,-0.30,0.69,2.3962,5.7909,7.2140,1
1.087,-7,-25,1501,1498,-0.30,0.69,2.3962,5.7909,7.2140,1
1.105,-6,-25,1501,1498,-0.73,0.45,2.3962,5.7909,7.2140,1
1.124,-4,-25,1504,1498,-0.73,0.45,2.3962,5.7909,7.2140,1
1.142,-3,-25,1502,1498,-0.73,0.45,2.3962,5.7909,7.2140,1
1.162,-2,-25,1501,1498,-0.73,0.45,2.3962,5.7909,7.2140,1
1.179,-2,-25,1500,1498,-0.73,0.45,2.8667,5.5404,9.7582,1
1.197,-1,-25,1502,1498,-0.73,0.45,2.8667,5.5404,9.7582,1
1.216,0,-25,1502,1498,-0.73,0.45,2.8667,5.5404,9.7582,1
1.233,1,-25,1502,1498,-0.73,0.45,2.8667,5.5404,9.7582,1
1.250,3,-25,1506,1498,-0.73,0.45,2.8667,5.5404,9.7582,1
1.268,4,-25,1503,1498,-0.73,0.45,2.8667,5.5404,9.7582,1
1.285,4,-25,1500,1498,-0.73,0.45,2.8667,5.5404,9.7582,1
1.303,5,-25,1503,1498,-0.73,0.45,2.8667,5.5404,9.7582,1
1.321,6,-25,1503,1498,-0.73,0.45,2.8667,5.5404,9.7582,1
1.338,6,-26,1501,1496,-0.73,0.45,2.8667,5.5404,9.7582,1
1.360,7,-25,1503,1500,-0.58,0.63,2.8667,5.5404,9.7582,1
1.379,8,-26,1503,1497,-0.58,0.63,2.8667,5.5404,9.7582,1
1.399,9,-25,1504,1499,-0.58,0.63,2.8667,5.5404,9.7582,1
1.416,10,-25,1504,1498,-0.58,0.63,2.0233,5.9467,6.3050,1
1.434,12,-25,1507,1498,-0.58,0.63,2.0233,5.9467,6.3050,1
1.452,13,-25,1505,1498,-0.58,0.63,2.0233,5.9467,6.3050,1
1.470,17,-26,1514,1496,-0.58,0.63,2.0233,5.9467,6.3050,1
1.489,18,-26,1506,1498,-0.58,0.63,2.0233,5.9467,6.3050,1
1.506,20,-27,1509,1496,-0.58,0.63,2.0233,5.9467,6.3050,1
1.524,22,-27,1509,1498,-0.58,0.63,2.0233,5.9467,6.3050,1
1.542,24,-28,1510,1496,-0.58,0.63,2.0233,5.9467,6.3050,1
1.562,28,-28,1515,1498,-0.58,0.63,2.0233,5.9467,6.3050,1
1.579,28,-28,1505,1498,-0.58,0.63,2.0233,5.9467,6.3050,1
1.597,33,-28,1520,1498,-0.58,0.63,2.0233,5.9467,6.3050,1
1.615,35,-28,1512,1498,-0.28,0.95,2.0233,5.9467,6.3050,1
1.633,37,-28,1512,1498,-0.28,0.95,2.0233,5.9467,6.3050,1
1.650,39,-28,1513,1498,-0.28,0.95,2.0233,5.9467,6.3050,1
1.668,41,-27,1513,1499,-0.28,0.95,2.1809,5.6289,8.1185,1
1.685,41,-27,1508,1498,-0.28,0.95,2.1809,5.6289,8.1185,1
1.702,44,-27,1517,1498,-0.28,0.95,2.1809,5.6289,8.1185,1
1.720,46,-27,1514,1498,-0.28,0.95,2.1809,5.6289,8.1185,1
1.737,47,-27,1512,1498,-0.28,0.95,2.1809,5.6289,8.1185,1
1.754,49,-26,1515,1500,-0.28,0.95,2.1809,5.6289,8.1185,1
1.773,50,-26,1512,1498,-0.28,0.95,2.1809,5.6289,8.1185,1
1.790,51,-26,1512,1498,-0.28,0.95,2.1809,5.6289,8.1185,1
1.809,52,-26,1513,1498,-0.28,0.95,2.1809,5.6289,8.1185,1
1.826,54,-27,1516,1496,-0.28,0.95,2.1809,5.6289,8.1185,1
1.844,54,-27,1510,1498,-0.28,0.95,2.1809,5.6289,8.1185,1
1.861,54,-27,1510,1498,-0.30,0.87,2.1809,5.6289,8.1185,1
1.879,55,-27,1513,1498,-0.30,0.87,2.1809,5.6289,8.1185,1
1.897,55,-28,1510,1496,-0.30,0.87,2.1809,5.6289,8.1185,1
1.915,56,-28,1513,1498,-0.30,0.87,2.4679,4.9484,5.7830,1
1.933,57,-28,1514,1498,-0.30,0.87,2.4679,4.9484,5.7830,1
1.952,59,-28,1517,1498,-0.30,0.87,2.4679,4.9484,5.7830,1
1.971,59,-28,1511,1498,-0.30,0.87,2.4679,4.9484,5.7830,1
1.989,60,-28,1514,1498,-0.30,0.87,2.4679,4.9484,5.7830,1
2.007,61,-28,1515,1498,-0.30,0.87,2.4679,4.9484,5.7830,0
2.024,62,-28,1515,1498,-0.30,0.87,2.4679,4.9484,5.7830,0
2.042,63,-28,1515,1498,-0.30,0.87,2.4679,4.9484,5.7830,0
2.060,64,-28,1515,1498,-0.30,0.87,2.4679,4.9484,5.7830,0
2.078,64,-28,1512,1498,-0.30,0.87,2.4679,4.9484,5.7830,0
2.096,64,-28,1512,1498,-0.30,0.87,2.4679,4.9484,5.7830,0
2.116,64,-29,1512,1496,0.75,0.45,2.4679,4.9484,5.7830,0
2.134,64,-29,1512,1498,0.75,0.45,2.4679,4.9484,5.7830,0
2.153,65,-30,1515,1496,0.75,0.45,2.4679,4.9484,5.7830,0
2.173,64,-30,1510,1497,0.75,0.45,2.7604,4.6973,9.4643,0
2.190,64,-29,1512,1499,0.75,0.45,2.7604,4.6973,9.4643,0
2.208,64,-29,1512,1498,0.75,0.45,2.7604,4.6973,9.4643,0
2.225,63,-29,1509,1498,0.75,0.45,2.7604,4.6973,9.4643,0
2.243,62,-29,1509,1498,0.75,0.45,2.7604,4.6973,9.4643,0
2.260,61,-29,1509,1498,0.75,0.45,2.7604,4.6973,9.4643,0
2.278,60,-29,1509,1498,0.75,0.45,2.7604,4.6973,9.4643,1
2.297,58,-29,1506,1498,0.75,0.45,2.7604,4.6973,9.4643,1
2.315,57,-29,1508,1498,0.75,0.45,2.7604,4.6973,9.4643,1
2.334,55,-27,1505,1500,0.75,0.45,2.7604,4.6973,9.4643,1
2.351,54,-27,1508,1498,1.01,-0.02,2.7604,4.6973,9.4643,1
2.369,53,-27,1508,1498,1.01,-0.02,2.7604,4.6973,9.4643,1
2.386,52,-27,1507,1498,1.01,-0.02,2.7604,4.6973,9.4643,1
2.403,51,-27,1507,1498,1.01,-0.02,2.7604,4.6973,9.4643,1
2.421,51,-26,1510,1500,1.01,-0.02,2.6018,6.0400,8.7879,1
2.441,49,-27,1504,1496,1.01,-0.02,2.6018,6.0400,8.7879,1
2.458,49,-27,1510,1498,1.01,-0.02,2.6018,6.0400,8.7879,1
2.475,48,-28,1506,1496,1.01,-0.02,2.6018,6.0400,8.7879,1
2.493,47,-26,1506,1500,1.01,-0.02,2.6018,6.0400,8.7879,1
2.514,46,-26,1506,1498,1.01,-0.02,2.6018,6.0400,8.7879,1
2.535,45,-26,1507,1498,1.01,-0.02,2.6018,6.0400,8.7879,1
2.553,44,-26,1506,1498,1.01,-0.02,2.6018,6.0400,8.7879,1
2.571,43,-26,1505,1498,1.01,-0.02,2.6018,6.0400,8.7879,1
2.588,43,-26,1508,1498,1.01,-0.02,2.6018,6.0400,8.7879,1
2.606,42,-26,1505,1498,0.63,-0.06,2.6018,6.0400,8.7879,1
2.623,42,-26,1508,1498,0.63,-0.06,2.6018,6.0400,8.7879,1
2.640,41,-26,1505,1498,0.63,-0.06,2.6018,6.0400,8.7879,1
2.658,40,-26,1505,1498,0.63,-0.06,2.7590,7.7517,8.0081,1
2.676,39,-25,1505,1500,0.63,-0.06,2.7590,7.7517,8.0081,1
2.694,38,-25,1505,1498,0.63,-0.06,2.7590,7.7517,8.0081,1
2.712,38,-25,1507,1498,0.63,-0.06,2.7590,7.7517,8.0081,1
2.729,38,-26,1507,1496,0.63,-0.06,2.7590,7.7517,8.0081,1
2.747,38,-25,1507,1500,0.63,-0.06,2.7590,7.7517,8.0081,1
2.766,39,-25,1510,1498,0.63,-0.06,2.7590,7.7517,8.0081,1
2.783,39,-25,1508,1498,0.63,-0.06,2.7590,7.7517,8.0081,1
2.801,39,-25,1508,1498,0.63,-0.06,2.7590,7.7517,8.0081,1
2.820,40,-25,1510,1498,0.63,-0.06,2.7590,7.7517,8.0081,1
2.837,40,-25,1508,1498,0.63,-0.06,2.7590,7.7517,8.0081,1
2.855,41,-26,1511,1496,0.16,0.10,2.7590,7.7517,8.0081,1
2.875,41,-24,1508,1500,0.16,0.10,2.7590,7.7517,8.0081,1
2.893,42,-24,1511,1498,0.16,0.10,2.7590,7.7517,8.0081,1
2.911,42,-24,1508,1498,0.16,0.10,2.7649,8.6388,8.4150,1
2.928,43,-24,1511,1498,0.16,0.10,2.7649,8.6388,8.4150,1
2.946,43,-24,1508,1498,0.16,0.10,2.7649,8.6388,8.4150,1
2.964,44,-24,1511,1498,0.16,0.10,2.7649,8.6388,8.4150,1
2.981,44,-25,1509,1496,0.16,0.10,2.7649,8.6388,8.4150,1
2.998,45,-24,1512,1500,0.16,0.10,2.7649,8.6388,8.4150,1
3.016,45,-23,1509,1500,0.16,0.10,2.7649,8.6388,8.4150,1
3.034,45,-23,1509,1498,0.16,0.10,2.7649,8.6388,8.4150,1
3.051,46,-23,1512,1498,0.16,0.10,2.7649,8.6388,8.4150,1
3.072,47,-23,1511,1498,0.16,0.10,2.7649,8.6388,8.4150,1
3.091,48,-22,1512,1500,0.16,0.10,2.7649,8.6388,8.4150,1
3.110,48,-23,1509,1496,-0.28,0.56,2.7649,8.6388,8.4150,1
3.127,49,-22,1512,1500,-0.28,0.56,2.7649,8.6388,8.4150,1
3.145,50,-23,1513,1496,-0.28,0.56,2.7649,8.6388,8.4150,1
3.162,51,-23,1513,1498,-0.28,0.56,2.3350,6.5148,8.0128,1
3.180,51,-23,1510,1498,-0.28,0.56,2.3350,6.5148,8.0128,1
3.199,52,-22,1513,1500,-0.28,0.56,2.3350,6.5148,8.0128,1
3.216,52,-22,1510,1498,-0.28,0.56,2.3350,6.5148,8.0128,1
3.234,52,-21,1510,1500,-0.28,0.56,2.3350,6.5148,8.0128,1
3.252,53,-21,1513,1498,-0.28,0.56,2.3350,6.5148,8.0128,1
3.269,53,-21,1510,1498,-0.28,0.56,2.3350,6.5148,8.0128,1
3.287,54,-21,1513,1498,-0.28,0.56,2.3350,6.5148,8.0128,1
3.307,55,-21,1513,1498,-0.28,0.56,2.3350,6.5148,8.0128,1
3.324,57,-21,1517,1498,-0.28,0.56,2.3350,6.5148,8.0128,1
3.342,58,-21,1514,1498,-0.28,0.56,2.3350,6.5148,8.0128,1
3.361,59,-20,1514,1500,-0.71,1.53,2.3350,6.5148,8.0128,1
3.378,60,-20,1514,1498,-0.71,1.53,2.3350,6.5148,8.0128,1
3.396,61,-19,1515,1500,-0.71,1.53,2.3350,6.5148,8.0128,0
3.413,61,-19,1512,1499,-0.71,1.53,2.1700,5.2629,6.8584,0
3.431,62,-19,1515,1499,-0.71,1.53,2.1700,5.2629,6.8584,0
3.448,63,-20,1515,1497,-0.71,1.53,2.1700,5.2629,6.8584,0
3.466,63,-20,1512,1498,-0.71,1.53,2.1700,5.2629,6.8584,0
3.484,64,-19,1515,1500,-0.71,1.53,2.1700,5.2629,6.8584,0
3.501,64,-20,1512,1497,-0.71,1.53,2.1700,5.2629,6.8584,0
3.518,64,-19,1512,1500,-0.71,1.53,2.1700,5.2629,6.8584,0
3.535,65,-20,1516,1497,-0.71,1.53,2.1700,5.2629,6.8584,0
3.552,65,-19,1513,1500,-0.71,1.53,2.1700,5.2629,6.8584,0
3.569,65,-19,1513,1499,-0.71,1.53,2.1700,5.2629,6.8584,0
3.586,65,-19,1513,1499,-0.71,1.53,2.1700,5.2629,6.8584,0
3.604,65,-18,1513,1500,-0.79,1.89,2.1700,5.2629,6.8584,0
3.624,64,-18,1510,1499,-0.79,1.89,2.1700,5.2629,6.8584,0
3.644,64,-18,1512,1499,-0.79,1.89,2.1700,5.2629,6.8584,0
3.662,63,-18,1509,1499,-0.79,1.89,2.7925,4.3481,8.1093,0
3.682,63,-17,1512,1500,-0.79,1.89,2.7925,4.3481,8.1093,0
3.699,62,-18,1509,1497,-0.79,1.89,2.7925,4.3481,8.1093,0
3.717,61,-18,1509,1499,-0.79,1.89,2.7925,4.3481,8.1093,0
3.734,60,-17,1509,1500,-0.79,1.89,2.7925,4.3481,8.1093,1
3.752,60,-18,1512,1497,-0.79,1.89,2.7925,4.3481,8.1093,1
3.770,60,-18,1512,1499,-0.79,1.89,2.7925,4.3481,8.1093,1
3.788,60,-18,1512,1499,-0.79,1.89,2.7925,4.3481,8.1093,1
3.806,60,-18,1512,1499,-0.79,1.89,2.7925,4.3481,8.1093,1
3.825,60,-17,1512,1500,-0.79,1.89,2.7925,4.3481,8.1093,1
3.842,60,-17,1512,1499,-0.79,1.89,2.7925,4.3481,8.1093,1
3.860,60,-17,1512,1499,-0.56,1.34,2.7925,4.3481,8.1093,1
3.879,60,-17,1512,1499,-0.56,1.34,2.7925,4.3481,8.1093,1
3.896,60,-17,1512,1499,-0.56,1.34,2.7925,4.3481,8.1093,1
3.915,60,-17,1512,1499,-0.56,1.34,2.9236,4.9341,8.1131,1
3.934,60,-16,1512,1500,-0.56,1.34,2.9236,4.9341,8.1131,1
3.951,59,-16,1509,1499,-0.56,1.34,2.9236,4.9341,8.1131,1
3.969,59,-16,1512,1499,-0.56,1.34,2.9236,4.9341,8.1131,1
3.986,59,-15,1512,1500,-0.56,1.34,2.9236,4.9341,8.1131,1
4.004,58,-16,1509,1497,-0.56,1.34,2.9236,4.9341,8.1131,1
4.022,58,-16,1511,1499,-0.56,1.34,2.9236,4.9341,8.1131,1
4.039,58,-16,1511,1499,-0.56,1.34,2.9236,4.9341,8.1131,1
4.057,58,-16,1511,1499,-0.56,1.34,2.9236,4.9341,8.1131,1
4.075,58,-16,1511,1499,-0.56,1.34,2.9236,4.9341,8.1131,1
4.100,58,-15,1511,1500,0.04,0.75,2.9236,4.9341,8.1131,1
4.119,58,-15,1511,1499,0.04,0.75,2.9236,4.9341,8.1131,1
4.138,57,-16,1508,1497,0.04,0.75,2.9236,4.9341,8.1131,1
4.156,57,-16,1511,1499,0.04,0.75,2.9236,4.9341,8.1131,1
4.174,56,-15,1508,1500,0.04,0.75,2.1000,4.8911,5.5208,1
4.191,56,-15,1511,1499,0.04,0.75,2.1000,4.8911,5.5208,1
4.211,56,-15,1511,1499,0.04,0.75,2.1000,4.8911,5.5208,1
4.228,56,-15,1511,1499,0.04,0.75,2.1000,4.8911,5.5208,1
4.247,56,-15,1511,1499,0.04,0.75,2.1000,4.8911,5.5208,1
4.265,57,-15,1514,1499,0.04,0.75,2.1000,4.8911,5.5208,1
4.284,57,-14,1511,1500,0.04,0.75,2.1000,4.8911,5.5208,1
4.302,58,-14,1514,1499,0.04,0.75,2.1000,4.8911,5.5208,1
4.322,58,-14,1511,1499,0.04,0.75,2.1000,4.8911,5.5208,1
4.340,58,-14,1511,1499,0.04,0.75,2.1000,4.8911,5.5208,1
4.357,58,-13,1511,1500,-0.04,1.18,2.1000,4.8911,5.5208,1
4.375,58,-13,1511,1499,-0.04,1.18,2.1000,4.8911,5.5208,1
4.392,58,-14,1511,1497,-0.04,1.18,2.1000,4.8911,5.5208,1
4.409,58,-13,1511,1500,-0.04,1.18,2.1724,4.7020,5.5280,1
4.427,57,-13,1508,1499,-0.04,1.18,2.1724,4.7020,5.5280,1
4.445,57,-13,1511,1499,-0.04,1.18,2.1724,4.7020,5.5280,1
4.462,57,-13,1511,1499,-0.04,1.18,2.1724,4.7020,5.5280,1
4.480,57,-13,1511,1499,-0.04,1.18,2.1724,4.7020,5.5280,1
4.498,56,-14,1508,1497,-0.04,1.18,2.1724,4.7020,5.5280,1
4.516,56,-14,1511,1499,-0.04,1.18,2.1724,4.7020,5.5280,1
4.535,56,-14,1511,1499,-0.04,1.18,2.1724,4.7020,5.5280,1
4.553,56,-14,1511,1499,-0.04,1.18,2.1724,4.7020,5.5280,1
4.571,56,-13,1511,1500,-0.04,1.18,2.1724,4.7020,5.5280,1
4.591,57,-14,1514,1497,-0.04,1.18,2.1724,4.7020,5.5280,1
4.610,57,-13,1511,1500,-0.18,1.60,2.1724,4.7020,5.5280,1
4.629,57,-13,1511,1499,-0.18,1.60,2.1724,4.7020,5.5280,1
4.648,57,-13,1511,1499,-0.18,1.60,2.1724,4.7020,5.5280,1
4.666,57,-13,1511,1499,-0.18,1.60,2.7688,4.6679,9.7961,1
4.684,57,-13,1511,1499,-0.18,1.60,2.7688,4.6679,9.7961,1
4.701,57,-13,1511,1499,-0.18,1.60,2.7688,4.6679,9.7961,1
4.718,57,-13,1511,1499,-0.18,1.60,2.7688,4.6679,9.7961,1
4.735,57,-12,1511,1500,-0.18,1.60,2.7688,4.6679,9.7961,1
4.753,56,-12,1508,1499,-0.18,1.60,2.7688,4.6679,9.7961,1
4.770,55,-12,1508,1499,-0.18,1.60,2.7688,4.6679,9.7961,1
4.787,55,-12,1511,1499,-0.18,1.60,2.7688,4.6679,9.7961,1
4.806,55,-12,1511,1499,-0.18,1.60,2.7688,4.6679,9.7961,1
4.823,55,-11,1511,1500,-0.18,1.60,2.7688,4.6679,9.7961,1
4.840,55,-11,1511,1499,-0.18,1.60,2.7688,4.6679,9.7961,1
4.859,55,-11,1511,1499,-0.12,1.58,2.7688,4.6679,9.7961,1
4.877,55,-11,1511,1499,-0.12,1.58,2.7688,4.6679,9.7961,1
4.896,55,-10,1511,1500,-0.12,1.58,2.7688,4.6679,9.7961,1
4.914,56,-10,1514,1499,-0.12,1.58,2.7385,4.9363,10.1966,1
4.931,57,-10,1514,1499,-0.12,1.58,2.7385,4.9363,10.1966,1
4.949,57,-10,1511,1499,-0.12,1.58,2.7385,4.9363,10.1966,1
4.966,59,-9,1517,1500,-0.12,1.58,2.7385,4.9363,10.1966,1
4.983,59,-9,1512,1499,-0.12,1.58,2.7385,4.9363,10.1966,1
5.001,60,-9,1515,1499,-0.12,1.58,2.7385,4.9363,10.1966,1
5.018,60,-8,1512,1500,-0.12,1.58,2.7385,4.9363,10.1966,1
5.036,61,-8,1515,1500,-0.12,1.58,2.7385,4.9363,10.1966,0
5.053,61,-7,1512,1501,-0.12,1.58,2.7385,4.9363,10.1966,0
5.071,61,-7,1512,1500,-0.12,1.58,2.7385,4.9363,10.1966,0
5.089,61,-7,1512,1500,-0.12,1.58,2.7385,4.9363,10.1966,0
5.107,61,-7,1512,1500,-0.21,2.01,2.7385,4.9363,10.1966,0
5.130,62,-7,1515,1500,-0.21,2.01,2.7385,4.9363,10.1966,0
5.148,62,-7,1512,1500,-0.21,2.01,2.7385,4.9363,10.1966,0
5.170,62,-8,1512,1498,-0.21,2.01,2.5077,4.4074,7.7872,0
5.191,62,-8,1512,1500,-0.21,2.01,2.5077,4.4074,7.7872,0
5.209,61,-7,1509,1500,-0.21,2.01,2.5077,4.4074,7.7872,0
5.226,61,-6,1512,1501,-0.21,2.01,2.5077,4.4074,7.7872,0
5.244,60,-6,1509,1500,-0.21,2.01,2.5077,4.4074,7.7872,1
5.262,58,-6,1506,1500,-0.21,2.01,2.5077,4.4074,7.7872,1
5.281,57,-6,1508,1500,-0.21,2.01,2.5077,4.4074,7.7872,1
5.299,57,-6,1511,1500,-0.21,2.01,2.5077,4.4074,7.7872,1
5.316,57,-7,1511,1498,-0.21,2.01,2.5077,4.4074,7.7872,1
5.334,56,-8,1508,1498,-0.21,2.01,2.5077,4.4074,7.7872,1
5.352,56,-9,1511,1498,-0.17,1.77,2.5077,4.4074,7.7872,1
5.370,56,-8,1511,1500,-0.17,1.77,2.5077,4.4074,7.7872,1
5.388,56,-8,1511,1500,-0.17,1.77,2.5077,4.4074,7.7872,1
5.406,56,-8,1511,1500,-0.17,1.77,2.5077,4.4074,7.7872,1
5.426,57,-7,1514,1500,-0.17,1.77,2.4689,4.4291,9.2354,1
5.443,57,-6,1511,1501,-0.17,1.77,2.4689,4.4291,9.2354,1
5.467,56,-6,1509,1500,-0.17,1.77,2.4689,4.4291,9.2354,1
5.484,56,-6,1511,1500,-0.17,1.77,2.4689,4.4291,9.2354,1
5.501,56,-6,1511,1500,-0.17,1.77,2.4689,4.4291,9.2354,1
5.519,56,-6,1511,1500,-0.17,1.77,2.4689,4.4291,9.2354,1
5.536,55,-6,1508,1500,-0.17,1.77,2.4689,4.4291,9.2354,1
5.553,55,-6,1511,1500,-0.17,1.77,2.4689,4.4291,9.2354,1
5.571,54,-6,1508,1500,-0.17,1.77,2.4689,4.4291,9.2354,1
5.589,53,-8,1507,1496,-0.17,1.77,2.4689,4.4291,9.2354,1
5.607,53,-8,1510,1500,-0.08,1.79,2.4689,4.4291,9.2354,1
5.624,53,-8,1510,1500,-0.08,1.79,2.4689,4.4291,9.2354,1
5.641,52,-7,1507,1501,-0.08,1.79,2.4689,4.4291,9.2354,1
5.660,52,-6,1510,1500,-0.08,1.79,2.2570,4.3787,8.4396,1
5.677,51,-6,1507,1500,-0.08,1.79,2.2570,4.3787,8.4396,1
5.695,51,-6,1510,1500,-0.08,1.79,2.2570,4.3787,8.4396,1
5.713,51,-6,1510,1500,-0.08,1.79,2.2570,4.3787,8.4396,1
5.735,52,-6,1513,1500,-0.08,1.79,2.2570,4.3787,8.4396,1
5.753,53,-7,1513,1498,-0.08,1.79,2.2570,4.3787,8.4396,1
5.771,54,-7,1513,1500,-0.08,1.79,2.2570,4.3787,8.4396,1
5.788,55,-8,1514,1498,-0.08,1.79,2.2570,4.3787,8.4396,1
5.806,56,-8,1514,1500,-0.08,1.79,2.2570,4.3787,8.4396,1
5.823,56,-9,1511,1498,-0.08,1.79,2.2570,4.3787,8.4396,1
5.840,57,-9,1514,1500,-0.59,1.87,2.2570,4.3787,8.4396,1
5.857,57,-9,1511,1500,-0.59,1.87,2.2570,4.3787,8.4396,1
5.876,58,-8,1514,1500,-0.59,1.87,2.2570,4.3787,8.4396,1
5.893,58,-8,1511,1500,-0.59,1.87,2.2570,4.3787,8.4396,1
5.911,59,-7,1514,1500,-0.59,1.87,2.6460,4.3412,9.3083,1
5.931,60,-7,1514,1500,-0.59,1.87,2.6460,4.3412,9.3083,1
5.948,62,-7,1518,1500,-0.59,1.87,2.6460,4.3412,9.3083,0
5.970,62,-7,1512,1500,-0.59,1.87,2.6460,4.3412,9.3083,0
5.988,63,-8,1515,1498,-0.59,1.87,2.6460,4.3412,9.3083,0
6.006,63,-8,1512,1500,-0.59,1.87,2.6460,4.3412,9.3083,0
6.024,65,-8,1518,1500,-0.59,1.87,2.6460,4.3412,9.3083,0
6.041,65,-8,1513,1500,-0.59,1.87,2.6460,4.3412,9.3083,0
6.059,65,-9,1513,1498,-0.59,1.87,2.6460,4.3412,9.3083,0
6.077,67,-9,1519,1500,-0.59,1.87,2.6460,4.3412,9.3083,0
6.094,67,-9,1513,1500,-0.61,1.55,2.6460,4.3412,9.3083,0
6.113,68,-9,1516,1500,-0.61,1.55,2.6460,4.3412,9.3083,0
6.130,68,-10,1513,1498,-0.61,1.55,2.6460,4.3412,9.3083,0
6.148,68,-10,1513,1499,-0.61,1.55,2.6460,4.3412,9.3083,0
6.165,69,-9,1516,1500,-0.61,1.55,2.7225,4.4514,8.5445,0
6.183,70,-9,1516,1500,-0.61,1.55,2.7225,4.4514,8.5445,0
6.200,72,-9,1520,1500,-0.61,1.55,2.7225,4.4514,8.5445,0
6.218,74,-10,1520,1498,-0.61,1.55,2.7225,4.4514,8.5445,0
6.236,76,-11,1520,1498,-0.61,1.55,2.7225,4.4514,8.5445,0
6.256,79,-10,1523,1500,-0.61,1.55,2.7225,4.4514,8.5445,0
6.273,79,-10,1516,1499,-0.61,1.55,2.7225,4.4514,8.5445,0
6.291,81,-12,1522,1496,-0.61,1.55,2.7225,4.4514,8.5445,0
6.308,81,-12,1516,1499,-0.61,1.55,2.7225,4.4514,8.5445,0
6.325,81,-11,1516,1500,-0.61,1.55,2.7225,4.4514,8.5445,0
6.344,81,-11,1516,1499,-0.21,0.46,2.7225,4.4514,8.5445,0
6.364,83,-11,1522,1499,-0.21,0.46,2.7225,4.4514,8.5445,0
6.383,83,-11,1516,1499,-0.21,0.46,2.7225,4.4514,8.5445,0
6.400,83,-11,1516,1499,-0.21,0.46,2.7225,4.4514,8.5445,0
6.419,84,-11,1519,1499,-0.21,0.46,2.7587,4.1523,7.3953,0
6.436,83,-11,1513,1499,-0.21,0.46,2.7587,4.1523,7.3953,0
6.454,83,-11,1516,1499,-0.21,0.46,2.7587,4.1523,7.3953,0
6.474,84,-11,1519,1499,-0.21,0.46,2.7587,4.1523,7.3953,0
6.491,85,-11,1519,1499,-0.21,0.46,2.7587,4.1523,7.3953,0
6.510,85,-12,1517,1498,-0.21,0.46,2.7587,4.1523,7.3953,0
6.528,86,-12,1520,1499,-0.21,0.46,2.7587,4.1523,7.3953,0
6.545,87,-12,1520,1499,-0.21,0.46,2.7587,4.1523,7.3953,0
6.563,88,-13,1520,1497,-0.21,0.46,2.7587,4.1523,7.3953,0
6.582,89,-13,1520,1499,-0.21,0.46,2.7587,4.1523,7.3953,0
6.601,89,-14,1518,1497,0.18,0.84,2.7587,4.1523,7.3953,0
6.618,89,-13,1518,1500,0.18,0.84,2.7587,4.1523,7.3953,0
6.635,89,-14,1518,1497,0.18,0.84,2.7587,4.1523,7.3953,0
6.653,88,-14,1514,1499,0.18,0.84,2.7060,3.8776,7.8509,0
6.670,88,-14,1517,1499,0.18,0.84,2.7060,3.8776,7.8509,0
6.688,87,-15,1514,1497,0.18,0.84,2.7060,3.8776,7.8509,0
6.707,86,-15,1514,1499,0.18,0.84,2.7060,3.8776,7.8509,0
6.726,84,-15,1512,1499,0.18,0.84,2.7060,3.8776,7.8509,0
6.744,83,-15,1513,1499,0.18,0.84,2.7060,3.8776,7.8509,0
6.761,82,-15,1513,1499,0.18,0.84,2.7060,3.8776,7.8509,0
6.779,80,-16,1510,1497,0.18,0.84,2.7060,3.8776,7.8509,0
6.797,79,-15,1513,1500,0.18,0.84,2.7060,3.8776,7.8509,0
6.815,77,-15,1509,1499,0.18,0.84,2.7060,3.8776,7.8509,0
6.833,76,-16,1512,1497,0.18,0.84,2.7060,3.8776,7.8509,0
6.851,74,-16,1509,1499,0.30,0.45,2.7060,3.8776,7.8509,0
6.868,72,-16,1508,1499,0.30,0.45,2.7060,3.8776,7.8509,0
6.885,71,-17,1511,1497,0.30,0.45,2.7060,3.8776,7.8509,0
6.903,70,-17,1511,1499,0.30,0.45,2.6121,4.2211,7.2986,0
6.920,69,-17,1511,1499,0.30,0.45,2.6121,4.2211,7.2986,0
6.938,67,-17,1507,1499,0.30,0.45,2.6121,4.2211,7.2986,0
6.956,67,-17,1513,1499,0.30,0.45,2.6121,4.2211,7.2986,0
6.975,66,-17,1510,1499,0.30,0.45,2.6121,4.2211,7.2986,0
6.993,65,-17,1510,1499,0.30,0.45,2.6121,4.2211,7.2986,0
7.011,64,-18,1510,1497,0.30,0.45,2.6121,4.2211,7.2986,0
7.031,63,-17,1509,1500,0.30,0.45,2.6121,4.2211,7.2986,0
7.049,62,-17,1510,1499,0.30,0.45,2.6121,4.2211,7.2986,0
7.067,61,-18,1509,1497,0.30,0.45,2.6121,4.2211,7.2986,0
7.086,60,-18,1509,1499,0.30,0.45,2.6121,4.2211,7.2986,1
7.104,59,-18,1509,1499,-0.24,-0.04,2.6121,4.2211,7.2986,1
7.123,58,-18,1508,1499,-0.24,-0.04,2.6121,4.2211,7.2986,1
7.143,57,-18,1508,1499,-0.24,-0.04,2.6121,4.2211,7.2986,1
7.162,56,-18,1509,1499,-0.24,-0.04,2.8379,3.5552,8.0563,1
7.183,54,-18,1506,1499,-0.24,-0.04,2.8379,3.5552,8.0563,1
7.200,53,-19,1507,1497,-0.24,-0.04,2.8379,3.5552,8.0563,1
7.218,53,-18,1510,1500,-0.24,-0.04,2.8379,3.5552,8.0563,1
7.235,52,-18,1507,1499,-0.24,-0.04,2.8379,3.5552,8.0563,1
7.252,52,-19,1510,1497,-0.24,-0.04,2.8379,3.5552,8.0563,1
7.272,52,-20,1510,1497,-0.24,-0.04,2.8379,3.5552,8.0563,1
7.289,52,-19,1510,1500,-0.24,-0.04,2.8379,3.5552,8.0563,1
7.308,51,-19,1507,1499,-0.24,-0.04,2.8379,3.5552,8.0563,1
7.326,51,-19,1510,1499,-0.24,-0.04,2.8379,3.5552,8.0563,1
7.344,50,-19,1507,1499,-0.33,-0.62,2.8379,3.5552,8.0563,1
7.362,50,-19,1510,1499,-0.33,-0.62,2.8379,3.5552,8.0563,1
7.379,49,-20,1507,1497,-0.33,-0.62,2.8379,3.5552,8.0563,1
7.397,48,-19,1507,1500,-0.33,-0.62,2.7730,3.7360,7.2157,1
7.414,47,-19,1506,1498,-0.33,-0.62,2.7730,3.7360,7.2157,1
7.431,46,-20,1506,1497,-0.33,-0.62,2.7730,3.7360,7.2157,1
7.449,45,-19,1506,1500,-0.33,-0.62,2.7730,3.7360,7.2157,1
7.468,43,-20,1503,1497,-0.33,-0.62,2.7730,3.7360,7.2157,1
7.486,42,-19,1505,1500,-0.33,-0.62,2.7730,3.7360,7.2157,1
7.504,40,-20,1502,1497,-0.33,-0.62,2.7730,3.7360,7.2157,1
7.523,38,-20,1505,1498,-0.33,-0.62,2.7730,3.7360,7.2157,1
7.542,36,-20,1500,1498,-0.33,-0.62,2.7730,3.7360,7.2157,1
7.560,35,-20,1504,1498,-0.33,-0.62,2.7730,3.7360,7.2157,1
7.578,33,-20,1501,1498,-0.33,-0.62,2.7730,3.7360,7.2157,1
7.596,31,-21,1501,1497,-0.92,-0.27,2.7730,3.7360,7.2157,1
7.614,29,-20,1500,1500,-0.92,-0.27,2.7730,3.7360,7.2157,1
7.633,27,-20,1500,1498,-0.92,-0.27,2.7730,3.7360,7.2157,1
7.650,27,-20,1505,1498,-0.92,-0.27,2.5501,3.5000,6.9955,1
7.667,25,-21,1500,1497,-0.92,-0.27,2.5501,3.5000,6.9955,1
7.685,23,-20,1499,1500,-0.92,-0.27,2.5501,3.5000,6.9955,1
7.703,21,-21,1499,1497,-0.92,-0.27,2.5501,3.5000,6.9955,1
7.720,18,-21,1496,1498,-0.92,-0.27,2.5501,3.5000,6.9955,1
7.737,17,-21,1500,1498,-0.92,-0.27,2.5501,3.5000,6.9955,1
7.755,15,-21,1498,1498,-0.92,-0.27,2.5501,3.5000,6.9955,1
7.772,14,-21,1500,1498,-0.92,-0.27,2.5501,3.5000,6.9955,1
7.790,12,-21,1497,1498,-0.92,-0.27,2.5501,3.5000,6.9955,1
7.808,10,-21,1497,1498,-0.92,-0.27,2.5501,3.5000,6.9955,1
7.827,8,-22,1497,1497,-0.92,-0.27,2.5501,3.5000,6.9955,1
7.845,5,-21,1494,1500,-1.41,0.12,2.5501,3.5000,6.9955,1
7.862,3,-21,1495,1498,-1.41,0.12,2.5501,3.5000,6.9955,1
7.881,2,-22,1498,1497,-1.41,0.12,2.5501,3.5000,6.9955,1
7.900,0,-22,1495,1498,-1.41,0.12,2.5501,3.5000,6.9955,1
7.917,-1,-21,1498,1500,-1.41,0.12,2.6083,3.7259,7.6183,1
7.935,-3,-21,1495,1498,-1.41,0.12,2.6083,3.7259,7.6183,1
7.953,-6,-22,1491,1496,-1.41,0.12,2.6083,3.7259,7.6183,1
7.970,-6,-22,1499,1498,-1.41,0.12,2.6083,3.7259,7.6183,1
7.989,-8,-21,1494,1500,-1.41,0.12,2.6083,3.7259,7.6183,1
8.006,-9,-21,1496,1498,-1.41,0.12,2.6083,3.7259,7.6183,1
8.023,-10,-22,1496,1496,-1.41,0.12,2.6083,3.7259,7.6183,1
8.040,-11,-21,1496,1500,-1.41,0.12,2.6083,3.7259,7.6183,1
8.057,-12,-22,1495,1496,-1.41,0.12,2.6083,3.7259,7.6183,1
8.074,-13,-22,1495,1498,-1.41,0.12,2.6083,3.7259,7.6183,1
8.091,-13,-22,1498,1498,-1.39,0.15,2.6083,3.7259,7.6183,1
8.109,-14,-22,1495,1498,-1.39,0.15,2.6083,3.7259,7.6183,1
8.127,-15,-22,1495,1498,-1.39,0.15,2.6083,3.7259,7.6183,1
8.145,-16,-22,1495,1498,-1.39,0.15,2.6083,3.7259,7.6183,1
8.162,-17,-22,1494,1498,-1.39,0.15,2.4937,4.1302,7.4741,1
8.179,-17,-21,1497,1500,-1.39,0.15,2.4937,4.1302,7.4741,1
8.197,-17,-22,1497,1496,-1.39,0.15,2.4937,4.1302,7.4741,1
8.214,-18,-22,1494,1498,-1.39,0.15,2.4937,4.1302,7.4741,1
8.232,-18,-22,1497,1498,-1.39,0.15,2.4937,4.1302,7.4741,1
8.249,-18,-22,1497,1498,-1.39,0.15,2.4937,4.1302,7.4741,1
8.267,-17,-22,1500,1498,-1.39,0.15,2.4937,4.1302,7.4741,1
8.286,-17,-22,1497,1498,-1.39,0.15,2.4937,4.1302,7.4741,1
8.303,-16,-22,1500,1498,-1.39,0.15,2.4937,4.1302,7.4741,1
8.320,-15,-22,1500,1498,-1.39,0.15,2.4937,4.1302,7.4741,1
8.339,-14,-22,1500,1498,-1.85,0.26,2.4937,4.1302,7.4741,1
8.356,-13,-23,1500,1496,-1.85,0.26,2.4937,4.1302,7.4741,1
8.375,-12,-22,1500,1500,-1.85,0.26,2.4937,4.1302,7.4741,1
8.392,-12,-22,1498,1498,-1.85,0.26,2.4937,4.1302,7.4741,1
8.412,-11,-22,1500,1498,-1.85,0.26,2.5806,4.4538,7.3774,1
8.430,-11,-22,1498,1498,-1.85,0.26,2.5806,4.4538,7.3774,1
8.449,-11,-22,1498,1498,-1.85,0.26,2.5806,4.4538,7.3774,1
8.467,-11,-22,1498,1498,-1.85,0.26,2.5806,4.4538,7.3774,1
8.484,-11,-22,1498,1498,-1.85,0.26,2.5806,4.4538,7.3774,1
8.501,-11,-22,1498,1498,-1.85,0.26,2.5806,4.4538,7.3774,1
8.520,-11,-22,1498,1498,-1.85,0.26,2.5806,4.4538,7.3774,1
8.541,-11,-23,1498,1497,-1.85,0.26,2.5806,4.4538,7.3774,1
8.559,-11,-22,1498,1500,-1.85,0.26,2.5806,4.4538,7.3774,1
8.577,-11,-22,1498,1498,-1.85,0.26,2.5806,4.4538,7.3774,1
8.594,-11,-22,1498,1498,-1.92,0.54,2.5806,4.4538,7.3774,1
8.611,-11,-22,1498,1498,-1.92,0.54,2.5806,4.4538,7.3774,1
8.629,-10,-22,1500,1498,-1.92,0.54,2.5806,4.4538,7.3774,1
8.647,-10,-22,1499,1498,-1.92,0.54,2.7546,4.6332,7.4139,1
8.665,-10,-22,1499,1498,-1.92,0.54,2.7546,4.6332,7.4139,1
8.683,-7,-22,1507,1498,-1.92,0.54,2.7546,4.6332,7.4139,1
8.700,-6,-22,1501,1498,-1.92,0.54,2.7546,4.6332,7.4139,1
8.718,-5,-22,1501,1498,-1.92,0.54,2.7546,4.6332,7.4139,1
8.735,-4,-22,1502,1498,-1.92,0.54,2.7546,4.6332,7.4139,1
8.757,-2,-22,1505,1498,-1.92,0.54,2.7546,4.6332,7.4139,1
8.775,-1,-22,1502,1498,-1.92,0.54,2.7546,4.6332,7.4139,1
8.792,0,-22,1502,1498,-1.92,0.54,2.7546,4.6332,7.4139,1
8.810,1,-23,1503,1496,-1.92,0.54,2.7546,4.6332,7.4139,1
8.827,2,-23,1503,1498,-1.92,0.54,2.7546,4.6332,7.4139,1
8.844,2,-23,1500,1498,-1.81,0.84,2.7546,4.6332,7.4139,1
8.862,3,-23,1503,1498,-1.81,0.84,2.7546,4.6332,7.4139,1
8.886,3,-22,1500,1499,-1.81,0.84,2.7546,4.6332,7.4139,1
8.903,3,-22,1500,1498,-1.81,0.84,2.6151,4.1081,7.2170,1
8.921,5,-23,1506,1496,-1.81,0.84,2.6151,4.1081,7.2170,1
8.939,6,-24,1504,1496,-1.81,0.84,2.6151,4.1081,7.2170,1
8.957,7,-23,1504,1500,-1.81,0.84,2.6151,4.1081,7.2170,1
8.975,7,-22,1501,1500,-1.81,0.84,2.6151,4.1081,7.2170,1
8.992,9,-24,1504,1498,-1.81,0.84,2.6151,4.1081,7.2170,1
9.010,10,-23,1507,1496,-1.81,0.84,2.6151,4.1081,7.2170,1
9.028,10,-22,1502,1500,-1.81,0.84,2.6151,4.1081,7.2170,1
9.046,12,-21,1508,1500,-1.81,0.84,2.6151,4.1081,7.2170,1
9.064,14,-22,1508,1497,-1.81,0.84,2.6151,4.1081,7.2170,1
9.083,15,-23,1505,1496,-1.81,0.84,2.6151,4.1081,7.2170,1
9.101,17,-22,1508,1500,-1.59,1.42,2.6151,4.1081,7.2170,1
9.118,17,-22,1503,1498,-1.59,1.42,2.6151,4.1081,7.2170,1
9.139,19,-22,1508,1498,-1.59,1.42,2.6151,4.1081,7.2170,1
9.156,20,-21,1507,1500,-1.59,1.42,2.7401,3.7316,7.4710,1
9.173,21,-22,1507,1496,-1.59,1.42,2.7401,3.7316,7.4710,1
9.191,21,-22,1504,1498,-1.59,1.42,2.7401,3.7316,7.4710,1
9.209,22,-22,1507,1498,-1.59,1.42,2.7401,3.7316,7.4710,1
9.226,23,-22,1507,1498,-1.59,1.42,2.7401,3.7316,7.4710,1
9.243,23,-22,1504,1498,-1.59,1.42,2.7401,3.7316,7.4710,1
9.262,24,-24,1507,1495,-1.59,1.42,2.7401,3.7316,7.4710,1
9.280,24,-23,1504,1500,-1.59,1.42,2.7401,3.7316,7.4710,1
9.299,25,-22,1507,1500,-1.59,1.42,2.7401,3.7316,7.4710,1
9.316,26,-23,1508,1496,-1.59,1.42,2.7401,3.7316,7.4710,1
9.335,26,-23,1505,1498,-0.80,0.83,2.7401,3.7316,7.4710,1
9.354,26,-22,1505,1500,-0.80,0.83,2.7401,3.7316,7.4710,1
9.372,26,-23,1505,1496,-0.80,0.83,2.7401,3.7316,7.4710,1
9.392,26,-23,1505,1498,-0.80,0.83,2.7401,3.7316,7.4710,1
9.415,25,-24,1503,1497,-0.80,0.83,2.9104,4.0497,8.3127,1
9.435,24,-23,1505,1500,-0.80,0.83,2.9104,4.0497,8.3127,1
9.452,24,-23,1502,1498,-0.80,0.83,2.9104,4.0497,8.3127,1
9.470,24,-24,1505,1496,-0.80,0.83,2.9104,4.0497,8.3127,1
9.488,23,-22,1501,1501,-0.80,0.83,2.9104,4.0497,8.3127,1
9.505,24,-22,1507,1498,-0.80,0.83,2.9104,4.0497,8.3127,1
9.524,23,-22,1502,1498,-0.80,0.83,2.9104,4.0497,8.3127,1
9.542,22,-23,1501,1497,-0.80,0.83,2.9104,4.0497,8.3127,1
9.560,22,-24,1504,1496,-0.80,0.83,2.9104,4.0497,8.3127,1
9.577,21,-24,1501,1498,-0.80,0.83,2.9104,4.0497,8.3127,1
9.595,21,-23,1504,1500,0.12,0.32,2.9104,4.0497,8.3127,1
9.613,21,-23,1504,1498,0.12,0.32,2.9104,4.0497,8.3127,1
9.630,21,-22,1504,1500,0.12,0.32,2.9104,4.0497,8.3127,1
9.647,22,-22,1507,1498,0.12,0.32,2.7664,4.7652,8.8211,1
9.666,22,-22,1504,1498,0.12,0.32,2.7664,4.7652,8.8211,1
9.684,23,-22,1507,1498,0.12,0.32,2.7664,4.7652,8.8211,1
9.703,24,-22,1507,1498,0.12,0.32,2.7664,4.7652,8.8211,1
9.722,27,-23,1513,1496,0.12,0.32,2.7664,4.7652,8.8211,1
9.740,28,-22,1508,1500,0.12,0.32,2.7664,4.7652,8.8211,1
9.758,30,-23,1511,1496,0.12,0.32,2.7664,4.7652,8.8211,1
9.776,31,-21,1509,1501,0.12,0.32,2.7664,4.7652,8.8211,1
9.793,32,-22,1509,1496,0.12,0.32,2.7664,4.7652,8.8211,1
9.810,34,-21,1512,1500,0.12,0.32,2.7664,4.7652,8.8211,1
9.828,35,-22,1510,1496,0.12,0.32,2.7664,4.7652,8.8211,1
9.845,37,-21,1513,1500,-0.21,0.34,2.7664,4.7652,8.8211,1
9.863,38,-22,1510,1497,-0.21,0.34,2.7664,4.7652,8.8211,1
9.881,40,-21,1513,1500,-0.21,0.34,2.7664,4.7652,8.8211,1
9.898,41,-21,1511,1498,-0.21,0.34,2.2362,4.8362,8.3304,1
9.915,42,-20,1511,1500,-0.21,0.34,2.2362,4.8362,8.3304,1
9.933,43,-20,1511,1498,-0.21,0.34,2.2362,4.8362,8.3304,1
9.953,45,-20,1514,1498,-0.21,0.34,2.2362,4.8362,8.3304,1
9.971,46,-20,1511,1498,-0.21,0.34,2.2362,4.8362,8.3304,1
9.989,47,-20,1512,1498,-0.21,0.34,2.2362,4.8362,8.3304,1
10.008,49,-20,1515,1498,-0.21,0.34,2.2362,4.8362,8.3304,1
10.025,51,-20,1515,1498,-0.21,0.34,2.2362,4.8362,8.3304,1
10.044,52,-20,1513,1498,-0.21,0.34,2.2362,4.8362,8.3304,1
10.061,54,-20,1516,1498,-0.21,0.34,2.2362,4.8362,8.3304,1
10.079,56,-20,1517,1498,-0.21,0.34,2.2362,4.8362,8.3304,1
10.096,57,-20,1514,1498,-0.42,0.47,2.2362,4.8362,8.3304,1
10.113,59,-19,1517,1500,-0.42,0.47,2.2362,4.8362,8.3304,1
10.131,60,-19,1515,1498,-0.42,0.47,2.2362,4.8362,8.3304,1
10.148,60,-19,1512,1498,-0.42,0.47,2.2055,4.4861,7.0233,1
10.166,62,-18,1518,1500,-0.42,0.47,2.2055,4.4861,7.0233,0
10.187,63,-18,1515,1499,-0.42,0.47,2.2055,4.4861,7.0233,0
10.204,64,-18,1515,1499,-0.42,0.47,2.2055,4.4861,7.0233,0
10.223,66,-17,1518,1500,-0.42,0.47,2.2055,4.4861,7.0233,0
10.241,67,-17,1516,1499,-0.42,0.47,2.2055,4.4861,7.0233,0
10.261,70,-16,1516,1499,-0.42,0.47,2.2055,4.4861,7.0233,0
10.279,70,-16,1519,1500,-0.42,0.47,2.2055,4.4861,7.0233,0
10.297,72,-17,1520,1497,-0.42,0.47,2.2055,4.4861,7.0233,0
10.315,73,-18,1517,1497,-0.42,0.47,2.2055,4.4861,7.0233,0
10.332,74,-17,1517,1500,0.22,0.84,2.2055,4.4861,7.0233,0
10.349,75,-17,1518,1499,0.22,0.84,2.2055,4.4861,7.0233,0
10.368,76,-16,1518,1500,0.22,0.84,2.2055,4.4861,7.0233,0
10.385,77,-15,1518,1500,0.22,0.84,2.2055,4.4861,7.0233,0
10.403,78,-15,1518,1499,0.22,0.84,2.3615,4.1658,8.3332,0
10.421,80,-14,1521,1500,0.22,0.84,2.3615,4.1658,8.3332,0
10.442,81,-14,1518,1499,0.22,0.84,2.3615,4.1658,8.3332,0
10.460,82,-14,1519,1499,0.22,0.84,2.3615,4.1658,8.3332,0
10.477,83,-14,1519,1499,0.22,0.84,2.3615,4.1658,8.3332,0
10.495,84,-14,1519,1499,0.22,0.84,2.3615,4.1658,8.3332,0
10.514,85,-14,1519,1499,0.22,0.84,2.3615,4.1658,8.3332,0
10.532,85,-15,1517,1497,0.22,0.84,2.3615,4.1658,8.3332,0
10.551,86,-14,1520,1500,0.22,0.84,2.3615,4.1658,8.3332,0
10.568,87,-15,1520,1497,0.22,0.84,2.3615,4.1658,8.3332,0
10.586,88,-13,1520,1502,-0.24,1.59,2.3615,4.1658,8.3332,0
10.603,89,-14,1520,1497,-0.24,1.59,2.3615,4.1658,8.3332,0
10.620,90,-14,1521,1499,-0.24,1.59,2.3615,4.1658,8.3332,0
10.638,92,-13,1524,1500,-0.24,1.59,2.3615,4.1658,8.3332,0
10.655,93,-13,1521,1499,-0.24,1.59,2.6709,4.1856,9.9631,0
10.674,94,-13,1521,1499,-0.24,1.59,2.6709,4.1856,9.9631,0
10.693,96,-14,1524,1498,-0.24,1.59,2.6709,4.1856,9.9631,0
10.711,98,-13,1525,1500,-0.24,1.59,2.6709,4.1856,9.9631,0
10.729,99,-12,1522,1500,-0.24,1.59,2.6709,4.1856,9.9631,0
10.746,101,-13,1525,1497,-0.24,1.59,2.6709,4.1856,9.9631,0
10.764,102,-12,1523,1500,-0.24,1.59,2.6709,4.1856,9.9631,0
10.782,103,-12,1523,1499,-0.24,1.59,2.6709,4.1856,9.9631,0
10.799,104,-12,1523,1499,-0.24,1.59,2.6709,4.1856,9.9631,0
10.817,104,-11,1521,1500,-0.24,1.59,2.6709,4.1856,9.9631,0
10.835,104,-10,1521,1500,0.03,1.76,2.6709,4.1856,9.9631,0
10.853,105,-10,1523,1499,0.03,1.76,2.6709,4.1856,9.9631,0
10.871,105,-9,1521,1500,0.03,1.76,2.6709,4.1856,9.9631,0
10.888,106,-9,1524,1500,0.03,1.76,2.6709,4.1856,9.9631,0
10.906,107,-9,1524,1500,0.03,1.76,2.4914,4.7744,9.3297,0
10.923,109,-8,1527,1500,0.03,1.76,2.4914,4.7744,9.3297,0
10.940,109,-8,1522,1500,0.03,1.76,2.4914,4.7744,9.3297,0
10.958,110,-8,1525,1500,0.03,1.76,2.4914,4.7744,9.3297,0
10.976,111,-7,1525,1500,0.03,1.76,2.4914,4.7744,9.3297,0
10.995,112,-7,1525,1500,0.03,1.76,2.4914,4.7744,9.3297,0
11.012,113,-7,1525,1500,0.03,1.76,2.4914,4.7744,9.3297,0
11.029,114,-7,1525,1500,0.03,1.76,2.4914,4.7744,9.3297,0
11.047,115,-7,1526,1500,0.03,1.76,2.4914,4.7744,9.3297,0
11.066,116,-7,1525,1500,0.03,1.76,2.4914,4.7744,9.3297,0
11.084,117,-8,1526,1498,0.42,2.54,2.4914,4.7744,9.3297,0
11.102,120,-6,1530,1502,0.42,2.54,2.4914,4.7744,9.3297,0
11.122,120,-6,1524,1500,0.42,2.54,2.4914,4.7744,9.3297,0
11.140,121,-6,1527,1500,0.42,2.54,2.5734,4.1481,8.9885,0
11.162,123,-5,1529,1500,0.42,2.54,2.5734,4.1481,8.9885,0
11.180,125,-5,1530,1500,0.42,2.54,2.5734,4.1481,8.9885,0
11.197,126,-5,1528,1500,0.42,2.54,2.5734,4.1481,8.9885,0
11.215,127,-6,1528,1498,0.42,2.54,2.5734,4.1481,8.9885,0
11.233,128,-6,1528,1500,0.42,2.54,2.5734,4.1481,8.9885,0
11.251,132,-5,1530,1501,0.42,2.54,2.5734,4.1481,8.9885,0
11.268,133,-4,1529,1501,0.42,2.54,2.5734,4.1481,8.9885,0
11.287,135,-3,1530,1501,0.42,2.54,2.5734,4.1481,8.9885,0
11.305,136,-3,1530,1500,0.42,2.54,2.5734,4.1481,8.9885,0
11.323,137,-3,1530,1500,0.42,2.54,2.5734,4.1481,8.9885,0
11.341,139,-4,1530,1498,0.15,2.45,2.5734,4.1481,8.9885,0
11.359,141,-4,1530,1500,0.15,2.45,2.5734,4.1481,8.9885,0
11.382,142,-5,1530,1498,0.15,2.45,2.5734,4.1481,8.9885,0
11.399,144,-4,1530,1500,0.15,2.45,2.8445,3.9589,8.2983,0
11.416,146,-3,1530,1501,0.15,2.45,2.8445,3.9589,8.2983,0
11.435,151,-2,1530,1501,0.15,2.45,2.8445,3.9589,8.2983,0
11.454,154,-2,1530,1500,0.15,2.45,2.8445,3.9589,8.2983,0
11.472,156,-2,1530,1500,0.15,2.45,2.8445,3.9589,8.2983,0
11.489,158,-2,1530,1500,0.15,2.45,2.8445,3.9589,8.2983,0
11.506,160,-1,1530,1501,0.15,2.45,2.8445,3.9589,8.2983,0
11.523,161,-1,1530,1500,0.15,2.45,2.8445,3.9589,8.2983,0
11.541,162,-1,1530,1500,0.15,2.45,2.8445,3.9589,8.2983,0
11.559,163,-1,1530,1500,0.15,2.45,2.8445,3.9589,8.2983,0
11.577,164,-1,1530,1500,0.15,2.45,2.8445,3.9589,8.2983,0
11.594,164,0,1530,1501,-0.57,2.48,2.8445,3.9589,8.2983,0
11.612,163,0,1529,1500,-0.57,2.48,2.8445,3.9589,8.2983,0
11.632,163,0,1530,1500,-0.57,2.48,2.8445,3.9589,8.2983,0
11.651,161,-1,1527,1499,-0.57,2.48,2.8174,3.5610,7.3213,0
11.669,160,-1,1529,1500,-0.57,2.48,2.8174,3.5610,7.3213,0
11.687,158,0,1526,1501,-0.57,2.48,2.8174,3.5610,7.3213,0
11.705,157,-1,1528,1499,-0.57,2.48,2.8174,3.5610,7.3213,0
11.723,153,-1,1519,1500,-0.57,2.48,2.8174,3.5610,7.3213,0
11.740,152,0,1527,1501,-0.57,2.48,2.8174,3.5610,7.3213,0
11.758,150,0,1524,1500,-0.57,2.48,2.8174,3.5610,7.3213,0
11.775,149,0,1527,1500,-0.57,2.48,2.8174,3.5610,7.3213,0
11.792,148,0,1526,1500,-0.57,2.48,2.8174,3.5610,7.3213,0
11.810,147,0,1526,1500,-0.57,2.48,2.8174,3.5610,7.3213,0
11.827,145,-1,1523,1499,-0.57,2.48,2.8174,3.5610,7.3213,0
11.848,144,-1,1526,1500,-0.41,1.75,2.8174,3.5610,7.3213,0
11.868,142,-1,1523,1500,-0.41,1.75,2.8174,3.5610,7.3213,0
11.885,140,-1,1523,1500,-0.41,1.75,2.8174,3.5610,7.3213,0
11.903,139,-1,1525,1500,-0.41,1.75,2.7994,4.3898,8.8547,0
11.921,137,0,1522,1501,-0.41,1.75,2.7994,4.3898,8.8547,0
11.938,134,1,1518,1501,-0.41,1.75,2.7994,4.3898,8.8547,0
11.955,132,1,1520,1500,-0.41,1.75,2.7994,4.3898,8.8547,0
11.974,130,1,1520,1500,-0.41,1.75,2.7994,4.3898,8.8547,0
11.991,128,0,1520,1499,-0.41,1.75,2.7994,4.3898,8.8547,0
12.009,127,0,1522,1500,-0.41,1.75,2.7994,4.3898,8.8547,0
12.026,126,0,1522,1500,-0.41,1.75,2.7994,4.3898,8.8547,0
12.043,126,0,1525,1500,-0.41,1.75,2.7994,4.3898,8.8547,0
12.061,125,0,1522,1500,-0.41,1.75,2.7994,4.3898,8.8547,0
12.078,125,1,1525,1501,-0.41,1.75,2.7994,4.3898,8.8547,0
12.096,125,1,1525,1500,-0.27,1.42,2.7994,4.3898,8.8547,0
12.113,125,1,1525,1500,-0.27,1.42,2.7994,4.3898,8.8547,0
12.132,124,2,1522,1501,-0.27,1.42,2.7994,4.3898,8.8547,0
12.149,123,2,1522,1500,-0.27,1.42,2.3241,4.5907,8.6984,0
12.167,123,2,1524,1500,-0.27,1.42,2.3241,4.5907,8.6984,0
12.186,121,2,1519,1500,-0.27,1.42,2.3241,4.5907,8.6984,0
12.203,119,2,1518,1500,-0.27,1.42,2.3241,4.5907,8.6984,0
12.221,118,3,1520,1501,-0.27,1.42,2.3241,4.5907,8.6984,0
12.238,116,4,1517,1502,-0.27,1.42,2.3241,4.5907,8.6984,0
12.255,115,4,1520,1500,-0.27,1.42,2.3241,4.5907,8.6984,0
12.273,114,4,1520,1500,-0.27,1.42,2.3241,4.5907,8.6984,0
12.292,113,4,1520,1500,-0.27,1.42,2.3241,4.5907,8.6984,0
12.311,112,4,1520,1500,-0.27,1.42,2.3241,4.5907,8.6984,0
12.330,112,4,1522,1500,-0.29,1.54,2.3241,4.5907,8.6984,0
12.347,112,3,1522,1499,-0.29,1.54,2.3241,4.5907,8.6984,0
12.364,113,3,1525,1500,-0.29,1.54,2.3241,4.5907,8.6984,0
12.382,113,3,1522,1500,-0.29,1.54,2.3241,4.5907,8.6984,0
12.403,113,2,1522,1500,-0.29,1.54,2.9722,4.2380,8.6784,0
12.420,112,2,1520,1499,-0.29,1.54,2.9722,4.2380,8.6784,0
12.439,112,3,1522,1501,-0.29,1.54,2.9722,4.2380,8.6784,0
12.457,111,3,1519,1500,-0.29,1.54,2.9722,4.2380,8.6784,0
12.478,111,4,1522,1501,-0.29,1.54,2.9722,4.2380,8.6784,0
12.495,110,4,1519,1500,-0.29,1.54,2.9722,4.2380,8.6784,0
12.513,109,5,1519,1502,-0.29,1.54,2.9722,4.2380,8.6784,0
12.531,109,5,1522,1500,-0.29,1.54,2.9722,4.2380,8.6784,0
12.548,109,5,1522,1500,-0.29,1.54,2.9722,4.2380,8.6784,0
12.566,108,6,1518,1502,-0.29,1.54,2.9722,4.2380,8.6784,0
12.583,108,6,1521,1500,-0.59,1.68,2.9722,4.2380,8.6784,0
12.600,108,6,1521,1500,-0.59,1.68,2.9722,4.2380,8.6784,0
12.618,107,6,1518,1500,-0.59,1.68,2.9722,4.2380,8.6784,0
12.636,106,5,1518,1499,-0.59,1.68,2.9722,4.2380,8.6784,0
12.658,106,5,1521,1500,-0.59,1.68,2.5802,4.4811,8.0145,0
12.677,105,5,1518,1500,-0.59,1.68,2.5802,4.4811,8.0145,0
12.695,104,5,1518,1500,-0.59,1.68,2.5802,4.4811,8.0145,0
12.713,103,5,1518,1500,-0.59,1.68,2.5802,4.4811,8.0145,0
12.731,102,5,1517,1500,-0.59,1.68,2.5802,4.4811,8.0145,0
12.748,101,6,1517,1502,-0.59,1.68,2.5802,4.4811,8.0145,0
12.766,100,7,1517,1502,-0.59,1.68,2.5802,4.4811,8.0145,0
12.784,100,7,1520,1500,-0.59,1.68,2.5802,4.4811,8.0145,0
12.802,99,8,1517,1502,-0.59,1.68,2.5802,4.4811,8.0145,0
12.819,98,8,1516,1500,-0.59,1.68,2.5802,4.4811,8.0145,0
12.836,98,8,1519,1500,-1.01,2.31,2.5802,4.4811,8.0145,0
12.855,97,8,1516,1500,-1.01,2.31,2.5802,4.4811,8.0145,0
12.872,96,8,1516,1500,-1.01,2.31,2.5802,4.4811,8.0145,0
12.889,95,8,1516,1500,-1.01,2.31,2.5632,4.5670,7.3468,0
12.908,94,8,1516,1500,-1.01,2.31,2.5632,4.5670,7.3468,0
12.926,93,8,1516,1500,-1.01,2.31,2.5632,4.5670,7.3468,0
12.950,91,9,1514,1502,-1.01,2.31,2.5632,4.5670,7.3468,0
12.967,91,9,1518,1500,-1.01,2.31,2.5632,4.5670,7.3468,0
12.985,90,9,1515,1500,-1.01,2.31,2.5632,4.5670,7.3468,0
13.003,90,9,1518,1500,-1.01,2.31,2.5632,4.5670,7.3468,0
13.020,90,9,1518,1500,-1.01,2.31,2.5632,4.5670,7.3468,0
13.038,90,10,1518,1502,-1.01,2.31,2.5632,4.5670,7.3468,0
13.055,90,10,1518,1500,-1.01,2.31,2.5632,4.5670,7.3468,0
13.072,90,11,1518,1502,-1.01,2.31,2.5632,4.5670,7.3468,0
13.090,90,10,1518,1500,-0.64,2.34,2.5632,4.5670,7.3468,0
13.108,90,11,1518,1502,-0.64,2.34,2.5632,4.5670,7.3468,0
13.125,90,11,1518,1501,-0.64,2.34,2.5632,4.5670,7.3468,0
13.144,90,11,1518,1501,-0.64,2.34,2.5070,4.1176,6.0559,0
13.161,90,10,1518,1500,-0.64,2.34,2.5070,4.1176,6.0559,0
13.179,92,9,1524,1500,-0.64,2.34,2.5070,4.1176,6.0559,0
13.197,92,10,1518,1502,-0.64,2.34,2.5070,4.1176,6.0559,0
13.216,93,11,1521,1502,-0.64,2.34,2.5070,4.1176,6.0559,0
13.233,94,11,1521,1501,-0.64,2.34,2.5070,4.1176,6.0559,0
13.251,96,11,1524,1501,-0.64,2.34,2.5070,4.1176,6.0559,0
13.269,98,11,1525,1501,-0.64,2.34,2.5070,4.1176,6.0559,0
13.287,99,9,1522,1498,-0.64,2.34,2.5070,4.1176,6.0559,0
13.305,100,10,1522,1502,-0.64,2.34,2.5070,4.1176,6.0559,0
13.322,102,10,1526,1500,-0.64,2.34,2.5070,4.1176,6.0559,0
13.339,104,11,1526,1502,-0.83,2.29,2.5070,4.1176,6.0559,0
13.357,104,11,1521,1501,-0.83,2.29,2.5070,4.1176,6.0559,0
13.375,107,11,1530,1501,-0.83,2.29,2.5070,4.1176,6.0559,0
13.393,107,11,1521,1501,-0.83,2.29,2.5609,3.8313,6.9981,0
13.410,108,11,1524,1501,-0.83,2.29,2.5609,3.8313,6.9981,0
13.431,109,11,1524,1501,-0.83,2.29,2.5609,3.8313,6.9981,0
13.452,110,11,1525,1501,-0.83,2.29,2.5609,3.8313,6.9981,0
13.469,111,10,1524,1500,-0.83,2.29,2.5609,3.8313,6.9981,0
13.488,111,10,1522,1500,-0.83,2.29,2.5609,3.8313,6.9981,0
13.505,111,10,1522,1500,-0.83,2.29,2.5609,3.8313,6.9981,0
13.524,111,9,1522,1500,-0.83,2.29,2.5609,3.8313,6.9981,0
13.542,111,9,1522,1500,-0.83,2.29,2.5609,3.8313,6.9981,0
13.559,111,9,1522,1500,-0.83,2.29,2.5609,3.8313,6.9981,0
13.577,111,9,1522,1500,-0.34,2.05,2.5609,3.8313,6.9981,0
13.595,110,9,1519,1500,-0.34,2.05,2.5609,3.8313,6.9981,0
13.612,110,8,1522,1500,-0.34,2.05,2.5609,3.8313,6.9981,0
13.630,109,7,1519,1499,-0.34,2.05,2.5609,3.8313,6.9981,0
13.647,109,8,1522,1502,-0.34,2.05,2.8805,3.5577,7.4715,0
13.664,109,8,1522,1500,-0.34,2.05,2.8805,3.5577,7.4715,0
13.682,109,8,1522,1500,-0.34,2.05,2.8805,3.5577,7.4715,0
13.700,108,8,1518,1500,-0.34,2.05,2.8805,3.5577,7.4715,0
13.720,108,9,1521,1502,-0.34,2.05,2.8805,3.5577,7.4715,0
13.737,107,9,1518,1500,-0.34,2.05,2.8805,3.5577,7.4715,0
13.756,106,8,1518,1500,-0.34,2.05,2.8805,3.5577,7.4715,0
13.774,105,7,1518,1500,-0.34,2.05,2.8805,3.5577,7.4715,0
13.791,104,7,1518,1500,-0.34,2.05,2.8805,3.5577,7.4715,0
13.809,102,8,1514,1502,-0.34,2.05,2.8805,3.5577,7.4715,0
13.826,101,8,1517,1500,-0.55,1.98,2.8805,3.5577,7.4715,0
13.844,99,8,1514,1500,-0.55,1.98,2.8805,3.5577,7.4715,0
13.861,97,8,1513,1500,-0.55,1.98,2.8805,3.5577,7.4715,0
13.878,95,8,1513,1500,-0.55,1.98,2.8805,3.5577,7.4715,0
13.896,93,8,1512,1500,-0.55,1.98,2.8058,3.7176,7.3713,0
13.913,91,8,1512,1500,-0.55,1.98,2.8058,3.7176,7.3713,0
13.933,88,7,1510,1500,-0.55,1.98,2.8058,3.7176,7.3713,0
13.950,87,8,1514,1502,-0.55,1.98,2.8058,3.7176,7.3713,0
13.968,84,8,1508,1500,-0.55,1.98,2.8058,3.7176,7.3713,0
13.986,80,7,1505,1500,-0.55,1.98,2.8058,3.7176,7.3713,0
14.004,78,7,1510,1500,-0.55,1.98,2.8058,3.7176,7.3713,0
14.021,77,7,1512,1500,-0.55,1.98,2.8058,3.7176,7.3713,0
14.038,76,6,1512,1499,-0.55,1.98,2.8058,3.7176,7.3713,0
14.055,75,6,1512,1500,-0.55,1.98,2.8058,3.7176,7.3713,0
14.075,73,6,1509,1500,-0.87,1.48,2.8058,3.7176,7.3713,0
14.092,73,6,1514,1500,-0.87,1.48,2.8058,3.7176,7.3713,0
14.110,72,6,1511,1500,-0.87,1.48,2.8058,3.7176,7.3713,0
14.127,71,5,1511,1499,-0.87,1.48,2.8058,3.7176,7.3713,0
14.146,69,6,1508,1502,-0.87,1.48,2.8636,3.9490,8.0782,0
14.164,68,5,1511,1499,-0.87,1.48,2.8636,3.9490,8.0782,0
14.182,66,5,1507,1500,-0.87,1.48,2.8636,3.9490,8.0782,0
14.200,64,5,1507,1500,-0.87,1.48,2.8636,3.9490,8.0782,0
14.218,63,5,1509,1500,-0.87,1.48,2.8636,3.9490,8.0782,0
14.236,62,5,1509,1500,-0.87,1.48,2.8636,3.9490,8.0782,0
14.253,62,5,1512,1500,-0.87,1.48,2.8636,3.9490,8.0782,0
14.270,61,5,1509,1500,-0.87,1.48,2.8636,3.9490,8.0782,0
14.288,60,5,1509,1500,-0.87,1.48,2.8636,3.9490,8.0782,1
14.305,59,5,1509,1500,-0.87,1.48,2.8636,3.9490,8.0782,1
14.322,59,4,1512,1499,-1.23,1.49,2.8636,3.9490,8.0782,1
14.339,58,4,1508,1500,-1.23,1.49,2.8636,3.9490,8.0782,1
14.358,58,4,1511,1500,-1.23,1.49,2.8636,3.9490,8.0782,1
14.375,57,4,1508,1500,-1.23,1.49,2.8636,3.9490,8.0782,1
14.392,56,3,1508,1499,-1.23,1.49,2.7708,4.3263,7.3184,1
14.410,54,3,1505,1500,-1.23,1.49,2.7708,4.3263,7.3184,1
14.429,53,4,1508,1502,-1.23,1.49,2.7708,4.3263,7.3184,1
14.447,50,3,1502,1499,-1.23,1.49,2.7708,4.3263,7.3184,1
14.464,50,3,1510,1500,-1.23,1.49,2.7708,4.3263,7.3184,1
14.483,46,2,1499,1499,-1.23,1.49,2.7708,4.3263,7.3184,1
14.501,44,3,1503,1501,-1.23,1.49,2.7708,4.3263,7.3184,1
14.519,43,3,1505,1500,-1.23,1.49,2.7708,4.3263,7.3184,1
14.536,42,2,1505,1499,-1.23,1.49,2.7708,4.3263,7.3184,1
14.553,40,2,1502,1500,-1.23,1.49,2.7708,4.3263,7.3184,1
14.571,38,3,1502,1502,-1.23,1.49,2.7708,4.3263,7.3184,1
14.588,36,3,1501,1500,-1.56,1.46,2.7708,4.3263,7.3184,1
14.605,34,2,1501,1499,-1.56,1.46,2.7708,4.3263,7.3184,1
14.623,32,2,1501,1500,-1.56,1.46,2.7708,4.3263,7.3184,1
14.642,31,2,1503,1500,-1.56,1.46,2.9042,3.8408,7.8862,1
14.659,29,2,1500,1500,-1.56,1.46,2.9042,3.8408,7.8862,1
14.677,28,2,1502,1500,-1.56,1.46,2.9042,3.8408,7.8862,1
14.694,27,1,1502,1499,-1.56,1.46,2.9042,3.8408,7.8862,1
14.713,26,2,1502,1501,-1.56,1.46,2.9042,3.8408,7.8862,1
14.731,25,2,1502,1500,-1.56,1.46,2.9042,3.8408,7.8862,1
14.750,25,1,1505,1499,-1.56,1.46,2.9042,3.8408,7.8862,1
14.768,24,1,1502,1500,-1.56,1.46,2.9042,3.8408,7.8862,1
14.786,25,1,1507,1500,-1.56,1.46,2.9042,3.8408,7.8862,1
14.804,25,1,1505,1500,-1.56,1.46,2.9042,3.8408,7.8862,1
14.821,25,-1,1505,1497,-1.56,1.46,2.9042,3.8408,7.8862,1
14.839,25,-1,1505,1500,-2.20,1.31,2.9042,3.8408,7.8862,1
14.856,26,0,1508,1501,-2.20,1.31,2.9042,3.8408,7.8862,1
14.874,27,0,1508,1500,-2.20,1.31,2.9042,3.8408,7.8862,1
14.893,27,0,1505,1500,-2.20,1.31,2.4395,3.8063,7.4680,1
14.911,28,-2,1508,1497,-2.20,1.31,2.4395,3.8063,7.4680,1
14.929,28,-2,1505,1500,-2.20,1.31,2.4395,3.8063,7.4680,1
14.946,28,-2,1505,1500,-2.20,1.31,2.4395,3.8063,7.4680,1
14.964,28,-1,1505,1501,-2.20,1.31,2.4395,3.8063,7.4680,1
14.981,28,-1,1505,1500,-2.20,1.31,2.4395,3.8063,7.4680,1
15.000,27,-2,1502,1499,-2.20,1.31,2.4395,3.8063,7.4680,1
15.018,27,-2,1505,1500,-2.20,1.31,2.4395,3.8063,7.4680,1
15.035,27,-2,1505,1500,-2.20,1.31,2.4395,3.8063,7.4680,1
15.054,27,-2,1505,1500,-2.20,1.31,2.4395,3.8063,7.4680,1
15.072,28,-2,1508,1500,-2.20,1.31,2.4395,3.8063,7.4680,1
15.090,28,-3,1505,1499,-2.21,1.15,2.4395,3.8063,7.4680,1
15.109,28,-3,1505,1500,-2.21,1.15,2.4395,3.8063,7.4680,1
15.126,28,-3,1505,1500,-2.21,1.15,2.4395,3.8063,7.4680,1
15.143,28,-3,1505,1500,-2.21,1.15,2.7097,4.2838,8.1508,1
15.161,28,-3,1505,1500,-2.21,1.15,2.7097,4.2838,8.1508,1
15.178,29,-3,1508,1500,-2.21,1.15,2.7097,4.2838,8.1508,1
15.195,29,-3,1506,1500,-2.21,1.15,2.7097,4.2838,8.1508,1
15.212,29,-4,1506,1498,-2.21,1.15,2.7097,4.2838,8.1508,1
15.231,30,-4,1508,1500,-2.21,1.15,2.7097,4.2838,8.1508,1
15.248,31,-4,1509,1500,-2.21,1.15,2.7097,4.2838,8.1508,1
15.265,32,-4,1509,1500,-2.21,1.15,2.7097,4.2838,8.1508,1
15.282,33,-3,1509,1501,-2.21,1.15,2.7097,4.2838,8.1508,1
15.300,35,-3,1513,1500,-2.21,1.15,2.7097,4.2838,8.1508,1
15.317,36,-4,1510,1498,-2.21,1.15,2.7097,4.2838,8.1508,1
15.335,36,-4,1507,1500,-1.76,0.71,2.7097,4.2838,8.1508,1
15.352,37,-5,1510,1498,-1.76,0.71,2.7097,4.2838,8.1508,1
15.369,38,-5,1510,1500,-1.76,0.71,2.7097,4.2838,8.1508,1
15.386,40,-5,1513,1500,-1.76,0.71,2.7048,4.6450,9.1015,1
15.404,41,-5,1511,1500,-1.76,0.71,2.7048,4.6450,9.1015,1
15.423,45,-5,1519,1500,-1.76,0.71,2.7048,4.6450,9.1015,1
15.440,47,-5,1515,1500,-1.76,0.71,2.7048,4.6450,9.1015,1
15.458,49,-4,1515,1501,-1.76,0.71,2.7048,4.6450,9.1015,1
15.476,52,-5,1518,1498,-1.76,0.71,2.7048,4.6450,9.1015,1
15.493,54,-4,1516,1501,-1.76,0.71,2.7048,4.6450,9.1015,1
15.511,56,-4,1517,1500,-1.76,0.71,2.7048,4.6450,9.1015,1
15.529,58,-4,1517,1500,-1.76,0.71,2.7048,4.6450,9.1015,1
15.547,62,-6,1523,1497,-1.76,0.71,2.7048,4.6450,9.1015,0
15.566,64,-6,1518,1500,-1.76,0.71,2.7048,4.6450,9.1015,0
15.583,64,-6,1512,1500,-0.99,1.25,2.7048,4.6450,9.1015,0
15.601,66,-7,1518,1498,-0.99,1.25,2.7048,4.6450,9.1015,0
15.619,67,-6,1516,1501,-0.99,1.25,2.7048,4.6450,9.1015,0
15.642,68,-6,1516,1500,-0.99,1.25,2.8596,4.4299,9.1223,0
15.659,69,-5,1516,1500,-0.99,1.25,2.8596,4.4299,9.1223,0
15.677,70,-5,1516,1500,-0.99,1.25,2.8596,4.4299,9.1223,0
15.695,72,-5,1520,1500,-0.99,1.25,2.8596,4.4299,9.1223,0
15.713,73,-5,1517,1500,-0.99,1.25,2.8596,4.4299,9.1223,0
15.732,73,-6,1514,1498,-0.99,1.25,2.8596,4.4299,9.1223,0
15.749,74,-7,1517,1498,-0.99,1.25,2.8596,4.4299,9.1223,0
15.767,75,-8,1517,1498,-0.99,1.25,2.8596,4.4299,9.1223,0
15.785,75,-7,1515,1500,-0.99,1.25,2.8596,4.4299,9.1223,0
15.802,76,-8,1518,1498,-0.99,1.25,2.8596,4.4299,9.1223,0
15.819,76,-7,1515,1501,-0.99,1.25,2.8596,4.4299,9.1223,0
15.839,77,-8,1518,1498,0.41,1.08,2.8596,4.4299,9.1223,0
15.859,78,-7,1518,1500,0.41,1.08,2.8596,4.4299,9.1223,0
15.880,79,-8,1515,1500,0.41,1.08,2.8596,4.4299,9.1223,0
15.899,80,-7,1521,1500,0.41,1.08,2.0406,5.0607,7.7559,0
15.916,80,-7,1516,1500,0.41,1.08,2.0406,5.0607,7.7559,0
15.935,82,-6,1521,1501,0.41,1.08,2.0406,5.0607,7.7559,0
15.953,83,-7,1519,1498,0.41,1.08,2.0406,5.0607,7.7559,0
15.970,85,-6,1522,1501,0.41,1.08,2.0406,5.0607,7.7559,0
15.988,87,-7,1523,1498,0.41,1.08,2.0406,5.0607,7.7559,0
16.005,88,-6,1520,1501,0.41,1.08,2.0406,5.0607,7.7559,0
16.022,89,-6,1520,1500,0.41,1.08,2.0406,5.0607,7.7559,0
16.040,90,-7,1520,1498,0.41,1.08,2.0406,5.0607,7.7559,0
16.058,92,-8,1524,1498,0.41,1.08,2.0406,5.0607,7.7559,0
16.078,93,-8,1521,1500,0.74,0.89,2.0406,5.0607,7.7559,0
16.096,94,-9,1521,1498,0.74,0.89,2.0406,5.0607,7.7559,0
16.113,96,-9,1525,1500,0.74,0.89,2.0406,5.0607,7.7559,0
16.132,97,-9,1522,1500,0.74,0.89,2.0406,5.0607,7.7559,0
16.150,99,-9,1525,1500,0.74,0.89,2.9655,4.6572,9.5873,0
16.167,100,-9,1523,1500,0.74,0.89,2.9655,4.6572,9.5873,0
16.187,103,-8,1529,1500,0.74,0.89,2.9655,4.6572,9.5873,0
16.204,105,-8,1526,1500,0.74,0.89,2.9655,4.6572,9.5873,0
16.221,106,-8,1524,1500,0.74,0.89,2.9655,4.6572,9.5873,0
16.239,107,-7,1524,1501,0.74,0.89,2.9655,4.6572,9.5873,0
16.256,108,-8,1524,1498,0.74,0.89,2.9655,4.6572,9.5873,0
16.273,110,-7,1527,1500,0.74,0.89,2.9655,4.6572,9.5873,0
16.291,111,-7,1525,1500,0.74,0.89,2.9655,4.6572,9.5873,0
16.309,112,-7,1525,1500,0.74,0.89,2.9655,4.6572,9.5873,0
16.326,113,-7,1525,1500,0.56,1.14,2.9655,4.6572,9.5873,0
16.343,114,-7,1525,1500,0.56,1.14,2.9655,4.6572,9.5873,0
16.361,115,-6,1526,1501,0.56,1.14,2.9655,4.6572,9.5873,0
16.379,116,-7,1526,1498,0.56,1.14,2.3827,4.5357,7.7334,0
16.397,117,-7,1526,1500,0.56,1.14,2.3827,4.5357,7.7334,0
16.416,117,-9,1523,1496,0.56,1.14,2.3827,4.5357,7.7334,0
16.433,118,-9,1526,1500,0.56,1.14,2.3827,4.5357,7.7334,0
16.452,120,-8,1529,1500,0.56,1.14,2.3827,4.5357,7.7334,0
16.469,120,-8,1524,1500,0.56,1.14,2.3827,4.5357,7.7334,0
16.487,121,-8,1527,1500,0.56,1.14,2.3827,4.5357,7.7334,0
16.506,122,-8,1527,1500,0.56,1.14,2.3827,4.5357,7.7334,0
16.524,124,-8,1530,1500,0.56,1.14,2.3827,4.5357,7.7334,0
16.542,125,-7,1527,1500,0.56,1.14,2.3827,4.5357,7.7334,0
16.560,127,-7,1530,1500,0.56,1.14,2.3827,4.5357,7.7334,0
16.577,128,-6,1528,1501,0.33,1.53,2.3827,4.5357,7.7334,0
16.595,129,-7,1528,1498,0.33,1.53,2.3827,4.5357,7.7334,0
16.612,130,-7,1529,1500,0.33,1.53,2.3827,4.5357,7.7334,0
16.629,130,-8,1526,1498,0.33,1.53,2.5021,4.2413,7.9522,0
16.647,132,-9,1530,1498,0.33,1.53,2.5021,4.2413,7.9522,0
16.665,133,-8,1529,1500,0.33,1.53,2.5021,4.2413,7.9522,0
16.683,135,-7,1530,1500,0.33,1.53,2.5021,4.2413,7.9522,0
16.701,136,-7,1527,1500,0.33,1.53,2.5021,4.2413,7.9522,0
16.719,138,-7,1530,1500,0.33,1.53,2.5021,4.2413,7.9522,0
16.738,139,-7,1530,1500,0.33,1.53,2.5021,4.2413,7.9522,0
16.756,139,-8,1528,1498,0.33,1.53,2.5021,4.2413,7.9522,0
16.774,140,-8,1530,1500,0.33,1.53,2.5021,4.2413,7.9522,0
16.792,140,-8,1528,1500,0.33,1.53,2.5021,4.2413,7.9522,0
16.809,141,-8,1530,1500,0.33,1.53,2.5021,4.2413,7.9522,0
16.826,142,-7,1530,1500,0.05,1.42,2.5021,4.2413,7.9522,0
16.844,143,-7,1530,1500,0.05,1.42,2.5021,4.2413,7.9522,0
16.861,143,-7,1528,1500,0.05,1.42,2.5021,4.2413,7.9522,0
16.880,144,-8,1530,1498,0.05,1.42,2.3855,3.9473,7.1811,0
16.900,145,-8,1530,1500,0.05,1.42,2.3855,3.9473,7.1811,0
16.918,145,-8,1529,1500,0.05,1.42,2.3855,3.9473,7.1811,0
16.936,146,-8,1530,1500,0.05,1.42,2.3855,3.9473,7.1811,0
16.954,147,-7,1530,1500,0.05,1.42,2.3855,3.9473,7.1811,0
16.972,149,-7,1530,1500,0.05,1.42,2.3855,3.9473,7.1811,0
16.991,151,-7,1530,1500,0.05,1.42,2.3855,3.9473,7.1811,0
17.010,153,-7,1530,1500,0.05,1.42,2.3855,3.9473,7.1811,0
17.027,154,-8,1530,1498,0.05,1.42,2.3855,3.9473,7.1811,0
17.046,155,-9,1530,1498,0.05,1.42,2.3855,3.9473,7.1811,0
17.064,156,-8,1530,1500,0.05,1.42,2.3855,3.9473,7.1811,0
17.082,158,-7,1530,1500,-0.36,1.51,2.3855,3.9473,7.1811,0
17.100,158,-7,1530,1500,-0.36,1.51,2.3855,3.9473,7.1811,0
17.117,159,-7,1530,1500,-0.36,1.51,2.3855,3.9473,7.1811,0
17.134,160,-7,1530,1500,-0.36,1.51,2.6590,4.0015,7.3186,0
17.152,160,-8,1530,1498,-0.36,1.51,2.6590,4.0015,7.3186,0
17.170,161,-9,1530,1498,-0.36,1.51,2.6590,4.0015,7.3186,0
17.188,162,-8,1530,1500,-0.36,1.51,2.6590,4.0015,7.3186,0
17.206,163,-7,1530,1500,-0.36,1.51,2.6590,4.0015,7.3186,0
17.223,164,-8,1530,1498,-0.36,1.51,2.6590,4.0015,7.3186,0
17.241,164,-8,1530,1500,-0.36,1.51,2.6590,4.0015,7.3186,0
17.260,164,-7,1530,1500,-0.36,1.51,2.6590,4.0015,7.3186,0
17.278,164,-8,1530,1498,-0.36,1.51,2.6590,4.0015,7.3186,0
17.296,164,-8,1530,1500,-0.36,1.51,2.6590,4.0015,7.3186,0
17.314,164,-8,1530,1500,-0.36,1.51,2.6590,4.0015,7.3186,0
17.331,164,-8,1530,1500,0.29,1.62,2.6590,4.0015,7.3186,0
17.350,163,-8,1529,1500,0.29,1.62,2.6590,4.0015,7.3186,0
17.368,162,-9,1529,1498,0.29,1.62,2.6590,4.0015,7.3186,0
17.386,161,-9,1529,1500,0.29,1.62,2.8527,3.8714,7.4135,0
17.404,160,-9,1529,1500,0.29,1.62,2.8527,3.8714,7.4135,0
17.422,157,-8,1522,1500,0.29,1.62,2.8527,3.8714,7.4135,0
17.440,156,-9,1528,1498,0.29,1.62,2.8527,3.8714,7.4135,0
17.458,154,-9,1525,1500,0.29,1.62,2.8527,3.8714,7.4135,0
17.476,153,-9,1527,1500,0.29,1.62,2.8527,3.8714,7.4135,0
17.493,149,-9,1518,1500,0.29,1.62,2.8527,3.8714,7.4135,0
17.511,148,-9,1527,1500,0.29,1.62,2.8527,3.8714,7.4135,0
17.528,146,-10,1523,1498,0.29,1.62,2.8527,3.8714,7.4135,0
17.547,144,-10,1523,1499,0.29,1.62,2.8527,3.8714,7.4135,0
17.565,142,-10,1523,1499,0.29,1.62,2.8527,3.8714,7.4135,0
17.584,142,-10,1528,1499,0.67,0.87,2.8527,3.8714,7.4135,0
17.601,139,-10,1519,1499,0.67,0.87,2.8527,3.8714,7.4135,0
17.619,139,-10,1528,1499,0.67,0.87,2.8527,3.8714,7.4135,0
17.638,137,-9,1522,1500,0.67,0.87,2.6962,4.3597,7.8784,0
17.656,134,-9,1518,1500,0.67,0.87,2.6962,4.3597,7.8784,0
17.674,132,-9,1521,1500,0.67,0.87,2.6962,4.3597,7.8784,0
17.692,130,-10,1520,1498,0.67,0.87,2.6962,4.3597,7.8784,0
17.709,128,-11,1520,1498,0.67,0.87,2.6962,4.3597,7.8784,0
17.727,127,-11,1522,1499,0.67,0.87,2.6962,4.3597,7.8784,0
17.746,126,-11,1522,1499,0.67,0.87,2.6962,4.3597,7.8784,0
17.763,124,-10,1519,1500,0.67,0.87,2.6962,4.3597,7.8784,0
17.781,124,-9,1525,1500,0.67,0.87,2.6962,4.3597,7.8784,0
17.798,123,-9,1521,1500,0.67,0.87,2.6962,4.3597,7.8784,0
17.815,123,-9,1524,1500,0.81,0.27,2.6962,4.3597,7.8784,0
17.833,123,-9,1524,1500,0.81,0.27,2.6962,4.3597,7.8784,0
17.850,122,-9,1521,1500,0.81,0.27,2.6962,4.3597,7.8784,0
17.868,122,-10,1524,1498,0.81,0.27,2.6962,4.3597,7.8784,0
17.885,122,-10,1524,1499,0.81,0.27,2.8043,4.3049,8.5013,0
17.902,121,-10,1521,1499,0.81,0.27,2.8043,4.3049,8.5013,0
17.920,121,-10,1524,1499,0.81,0.27,2.8043,4.3049,8.5013,0
17.937,121,-10,1524,1499,0.81,0.27,2.8043,4.3049,8.5013,0
17.954,121,-10,1524,1499,0.81,0.27,2.8043,4.3049,8.5013,0
17.972,121,-10,1524,1499,0.81,0.27,2.8043,4.3049,8.5013,0
17.991,121,-10,1524,1499,0.81,0.27,2.8043,4.3049,8.5013,0
18.008,120,-9,1521,1500,0.81,0.27,2.8043,4.3049,8.5013,0
18.029,119,-9,1521,1500,0.81,0.27,2.8043,4.3049,8.5013,0
18.046,119,-8,1524,1500,0.81,0.27,2.8043,4.3049,8.5013,0
18.065,118,-9,1521,1498,0.81,0.27,2.8043,4.3049,8.5013,0
18.083,117,-8,1520,1500,-0.37,1.25,2.8043,4.3049,8.5013,0
18.101,116,-9,1520,1498,-0.37,1.25,2.8043,4.3049,8.5013,0
18.119,115,-8,1520,1500,-0.37,1.25,2.8043,4.3049,8.5013,0
18.136,114,-8,1520,1500,-0.37,1.25,2.3234,4.8231,6.5815,0
18.153,113,-8,1519,1500,-0.37,1.25,2.3234,4.8231,6.5815,0
18.170,112,-7,1519,1500,-0.37,1.25,2.3234,4.8231,6.5815,0
18.188,111,-7,1519,1500,-0.37,1.25,2.3234,4.8231,6.5815,0
18.205,110,-7,1519,1500,-0.37,1.25,2.3234,4.8231,6.5815,0
18.222,109,-6,1519,1501,-0.37,1.25,2.3234,4.8231,6.5815,0
18.240,108,-6,1518,1500,-0.37,1.25,2.3234,4.8231,6.5815,0
18.257,107,-6,1518,1500,-0.37,1.25,2.3234,4.8231,6.5815,0
18.275,106,-5,1518,1501,-0.37,1.25,2.3234,4.8231,6.5815,0
18.292,105,-6,1518,1498,-0.37,1.25,2.3234,4.8231,6.5815,0
18.310,104,-6,1518,1500,-0.37,1.25,2.3234,4.8231,6.5815,0
18.328,103,-6,1518,1500,-0.61,1.71,2.3234,4.8231,6.5815,0
18.346,102,-7,1517,1498,-0.61,1.71,2.3234,4.8231,6.5815,0
18.365,101,-7,1517,1500,-0.61,1.71,2.3234,4.8231,6.5815,0
18.382,101,-6,1520,1501,-0.61,1.71,2.4521,5.5874,9.4689,0
18.400,101,-6,1520,1500,-0.61,1.71,2.4521,5.5874,9.4689,0
18.418,102,-6,1523,1500,-0.61,1.71,2.4521,5.5874,9.4689,0
18.435,102,-5,1520,1501,-0.61,1.71,2.4521,5.5874,9.4689,0
18.452,103,-4,1523,1501,-0.61,1.71,2.4521,5.5874,9.4689,0
18.470,104,-5,1523,1498,-0.61,1.71,2.4521,5.5874,9.4689,0
18.489,105,-4,1523,1501,-0.61,1.71,2.4521,5.5874,9.4689,0
18.507,107,-4,1527,1500,-0.61,1.71,2.4521,5.5874,9.4689,0
18.525,109,-4,1527,1500,-0.61,1.71,2.4521,5.5874,9.4689,0
18.542,111,-3,1528,1501,-0.61,1.71,2.4521,5.5874,9.4689,0
18.560,113,-3,1528,1500,-0.61,1.71,2.4521,5.5874,9.4689,0
18.577,115,-3,1528,1500,-0.37,2.37,2.4521,5.5874,9.4689,0
18.595,117,-2,1529,1501,-0.37,2.37,2.4521,5.5874,9.4689,0
18.612,120,-1,1530,1501,-0.37,2.37,2.4521,5.5874,9.4689,0
18.632,122,-1,1529,1500,-0.37,2.37,2.6006,4.9066,7.8545,0
18.650,123,-1,1527,1500,-0.37,2.37,2.6006,4.9066,7.8545,0
18.668,125,-2,1530,1499,-0.37,2.37,2.6006,4.9066,7.8545,0
18.687,126,0,1528,1501,-0.37,2.37,2.6006,4.9066,7.8545,0
18.705,127,0,1525,1501,-0.37,2.37,2.6006,4.9066,7.8545,0
18.723,127,0,1528,1500,-0.37,2.37,2.6006,4.9066,7.8545,0
18.741,127,-1,1525,1499,-0.37,2.37,2.6006,4.9066,7.8545,0
18.758,127,-1,1525,1500,-0.37,2.37,2.6006,4.9066,7.8545,0
18.776,127,0,1525,1501,-0.37,2.37,2.6006,4.9066,7.8545,0
18.793,127,-1,1525,1499,-0.37,2.37,2.6006,4.9066,7.8545,0
18.811,126,0,1522,1501,-0.37,2.37,2.6006,4.9066,7.8545,0
18.830,125,0,1522,1500,-0.17,2.55,2.6006,4.9066,7.8545,0
18.847,125,0,1525,1500,-0.17,2.55,2.6006,4.9066,7.8545,0
18.865,123,-1,1519,1499,-0.17,2.55,2.6006,4.9066,7.8545,0
18.883,122,0,1521,1501,-0.17,2.55,2.9222,4.4685,8.4332,0
18.901,120,0,1518,1500,-0.17,2.55,2.9222,4.4685,8.4332,0
18.918,118,0,1518,1500,-0.17,2.55,2.9222,4.4685,8.4332,0
18.935,116,0,1517,1500,-0.17,2.55,2.9222,4.4685,8.4332,0
18.953,115,0,1520,1500,-0.17,2.55,2.9222,4.4685,8.4332,0
18.970,113,-1,1517,1499,-0.17,2.55,2.9222,4.4685,8.4332,0
18.988,111,-1,1516,1500,-0.17,2.55,2.9222,4.4685,8.4332,0
19.006,109,0,1516,1501,-0.17,2.55,2.9222,4.4685,8.4332,0
19.023,108,-2,1518,1497,-0.17,2.55,2.9222,4.4685,8.4332,0
19.041,104,0,1509,1503,-0.17,2.55,2.9222,4.4685,8.4332,0
19.060,104,0,1521,1500,-0.17,2.55,2.9222,4.4685,8.4332,0
19.079,103,-1,1518,1499,0.21,2.62,2.9222,4.4685,8.4332,0
19.097,101,-2,1515,1499,0.21,2.62,2.9222,4.4685,8.4332,0
19.116,101,0,1520,1503,0.21,2.62,2.9222,4.4685,8.4332,0
19.134,99,-1,1514,1499,0.21,2.62,2.7321,4.9909,9.9411,0
19.151,98,0,1516,1501,0.21,2.62,2.7321,4.9909,9.9411,0
19.169,96,0,1513,1500,0.21,2.62,2.7321,4.9909,9.9411,0
19.188,96,0,1519,1500,0.21,2.62,2.7321,4.9909,9.9411,0
19.206,94,0,1513,1500,0.21,2.62,2.7321,4.9909,9.9411,0
19.223,93,0,1515,1500,0.21,2.62,2.7321,4.9909,9.9411,0
19.241,91,-1,1512,1499,0.21,2.62,2.7321,4.9909,9.9411,0
19.261,89,0,1512,1501,0.21,2.62,2.7321,4.9909,9.9411,0
19.278,87,-1,1511,1499,0.21,2.62,2.7321,4.9909,9.9411,0
19.297,85,-1,1511,1500,0.21,2.62,2.7321,4.9909,9.9411,0
19.315,83,-1,1511,1500,0.10,1.71,2.7321,4.9909,9.9411,0
19.334,82,-2,1513,1498,0.10,1.71,2.7321,4.9909,9.9411,0
19.351,81,-1,1513,1501,0.10,1.71,2.7321,4.9909,9.9411,0
19.368,79,-1,1510,1500,0.10,1.71,2.7321,4.9909,9.9411,0
19.387,78,-1,1513,1500,0.10,1.71,3.0085,6.5126,9.2749,0
19.407,78,-1,1515,1500,0.10,1.71,3.0085,6.5126,9.2749,0
19.425,76,-2,1509,1499,0.10,1.71,3.0085,6.5126,9.2749,0
19.443,76,-3,1515,1498,0.10,1.71,3.0085,6.5126,9.2749,0
19.460,75,-3,1512,1500,0.10,1.71,3.0085,6.5126,9.2749,0
19.478,74,-2,1512,1501,0.10,1.71,3.0085,6.5126,9.2749,0
19.498,74,-2,1515,1500,0.10,1.71,3.0085,6.5126,9.2749,0
19.518,73,-3,1512,1499,0.10,1.71,3.0085,6.5126,9.2749,0
19.536,72,-3,1511,1500,0.10,1.71,3.0085,6.5126,9.2749,0
19.555,71,-3,1511,1500,0.10,1.71,3.0085,6.5126,9.2749,0
19.572,70,-4,1511,1498,0.11,1.01,3.0085,6.5126,9.2749,0
19.589,69,-3,1511,1501,0.11,1.01,3.0085,6.5126,9.2749,0
19.607,67,-4,1507,1498,0.11,1.01,3.0085,6.5126,9.2749,0
19.625,66,-4,1510,1500,0.11,1.01,3.0085,6.5126,9.2749,0
19.642,65,-4,1510,1500,0.11,1.01,3.0085,6.5126,9.2749,0
19.660,63,-5,1507,1498,0.11,1.01,3.0085,6.5126,9.2749,0
19.678,61,-6,1506,1498,0.11,1.01,3.0085,6.5126,9.2749,0
19.695,61,-5,1512,1501,0.11,1.01,3.0085,6.5126,9.2749,0
19.712,60,-5,1509,1500,0.11,1.01,3.0085,6.5126,9.2749,1
19.730,60,-5,1512,1500,0.11,1.01,3.0085,6.5126,9.2749,1
19.748,59,-6,1509,1498,0.11,1.01,3.0085,6.5126,9.2749,1
19.765,59,-6,1512,1500,0.11,1.01,3.0085,6.5126,9.2749,1
19.784,59,-7,1512,1498,0.11,1.01,3.0085,6.5126,9.2749,1
19.802,59,-7,1512,1500,0.11,1.01,3.0085,6.5126,9.2749,1
19.824,59,-6,1512,1500,0.19,0.91,3.0085,6.5126,9.2749,1
19.841,59,-6,1512,1500,0.19,0.91,3.0085,6.5126,9.2749,1
19.859,59,-7,1512,1498,0.19,0.91,3.0085,6.5126,9.2749,1
19.877,59,-7,1512,1500,0.19,0.91,2.4020,6.9160,7.9084,1
19.894,59,-7,1512,1500,0.19,0.91,2.4020,6.9160,7.9084,1
19.912,59,-8,1512,1498,0.19,0.91,2.4020,6.9160,7.9084,1
19.930,60,-9,1515,1498,0.19,0.91,2.4020,6.9160,7.9084,1
19.948,60,-8,1512,1500,0.19,0.91,2.4020,6.9160,7.9084,1
19.970,60,-8,1512,1500,0.19,0.91,2.4020,6.9160,7.9084,1
19.987,61,-8,1514,1500,0.19,0.91,2.4020,6.9160,7.9084,0
20.005,61,-8,1512,1500,0.19,0.91,2.4020,6.9160,7.9084,0
20.024,62,-10,1512,1498,0.19,0.91,2.4020,6.9160,7.9084,0
20.041,62,-10,1515,1498,0.19,0.91,2.4020,6.9160,7.9084,0
20.059,61,-11,1509,1498,0.19,0.91,2.4020,6.9160,7.9084,0
20.077,61,-11,1512,1499,0.25,0.75,2.4020,6.9160,7.9084,0
20.096,60,-11,1509,1499,0.25,0.75,2.4020,6.9160,7.9084,1
20.114,60,-10,1512,1500,0.25,0.75,2.4020,6.9160,7.9084,1
20.132,60,-9,1512,1500,0.25,0.75,2.4972,5.7040,9.7060,1
20.149,60,-9,1512,1500,0.25,0.75,2.4972,5.7040,9.7060,1
20.168,60,-9,1512,1500,0.25,0.75,2.4972,5.7040,9.7060,1
20.188,60,-9,1512,1500,0.25,0.75,2.4972,5.7040,9.7060,1
20.206,60,-10,1512,1498,0.25,0.75,2.4972,5.7040,9.7060,1
20.223,60,-10,1512,1499,0.25,0.75,2.4972,5.7040,9.7060,1
20.242,60,-10,1512,1499,0.25,0.75,2.4972,5.7040,9.7060,1
20.260,60,-11,1512,1498,0.25,0.75,2.4972,5.7040,9.7060,1
20.277,60,-11,1512,1499,0.25,0.75,2.4972,5.7040,9.7060,1
20.295,60,-12,1512,1498,0.25,0.75,2.4972,5.7040,9.7060,1
20.312,60,-13,1512,1497,0.39,0.32,2.4972,5.7040,9.7060,1
20.329,60,-13,1512,1499,0.39,0.32,2.4972,5.7040,9.7060,1
20.348,60,-13,1512,1499,0.39,0.32,2.4972,5.7040,9.7060,1
20.365,60,-13,1512,1499,0.39,0.32,2.4972,5.7040,9.7060,1
20.382,60,-14,1512,1497,0.39,0.32,2.6390,5.2272,9.1477,1
20.401,60,-14,1512,1499,0.39,0.32,2.6390,5.2272,9.1477,1
20.419,59,-14,1509,1499,0.39,0.32,2.6390,5.2272,9.1477,1
20.437,59,-15,1512,1497,0.39,0.32,2.6390,5.2272,9.1477,1
20.454,59,-15,1512,1499,0.39,0.32,2.6390,5.2272,9.1477,1
20.471,59,-14,1512,1500,0.39,0.32,2.6390,5.2272,9.1477,1
20.489,59,-14,1512,1499,0.39,0.32,2.6390,5.2272,9.1477,1
20.506,58,-13,1508,1500,0.39,0.32,2.6390,5.2272,9.1477,1
20.524,58,-13,1511,1499,0.39,0.32,2.6390,5.2272,9.1477,1
20.542,59,-12,1514,1500,0.39,0.32,2.6390,5.2272,9.1477,1
20.559,59,-12,1512,1499,0.19,0.47,2.6390,5.2272,9.1477,1
20.577,60,-12,1515,1499,0.19,0.47,2.6390,5.2272,9.1477,1
20.594,61,-13,1515,1497,0.19,0.47,2.6390,5.2272,9.1477,0
20.611,63,-13,1518,1499,0.19,0.47,2.6390,5.2272,9.1477,0
20.628,64,-13,1515,1499,0.19,0.47,2.9152,5.2423,10.2976,0
20.646,66,-13,1518,1499,0.19,0.47,2.9152,5.2423,10.2976,0
20.664,67,-14,1516,1497,0.19,0.47,2.9152,5.2423,10.2976,0
20.682,68,-14,1516,1499,0.19,0.47,2.9152,5.2423,10.2976,0
20.701,70,-14,1519,1499,0.19,0.47,2.9152,5.2423,10.2976,0
20.719,71,-14,1516,1499,0.19,0.47,2.9152,5.2423,10.2976,0
20.738,72,-15,1517,1497,0.19,0.47,2.9152,5.2423,10.2976,0
20.755,73,-15,1517,1499,0.19,0.47,2.9152,5.2423,10.2976,0
20.772,74,-16,1517,1497,0.19,0.47,2.9152,5.2423,10.2976,0
20.790,74,-16,1514,1499,0.19,0.47,2.9152,5.2423,10.2976,0
20.807,74,-15,1514,1500,0.19,0.47,2.9152,5.2423,10.2976,0
20.825,74,-15,1514,1499,-0.59,1.37,2.9152,5.2423,10.2976,0
20.844,74,-15,1514,1499,-0.59,1.37,2.9152,5.2423,10.2976,0
20.862,74,-15,1514,1499,-0.59,1.37,2.9152,5.2423,10.2976,0
20.880,73,-15,1511,1499,-0.59,1.37,2.7703,4.6445,10.1477,0
20.899,73,-15,1514,1499,-0.59,1.37,2.7703,4.6445,10.1477,0
20.920,71,-15,1509,1499,-0.59,1.37,2.7703,4.6445,10.1477,0
20.938,71,-16,1514,1497,-0.59,1.37,2.7703,4.6445,10.1477,0
20.956,70,-15,1511,1500,-0.59,1.37,2.7703,4.6445,10.1477,0
20.974,69,-16,1511,1497,-0.59,1.37,2.7703,4.6445,10.1477,0
20.991,68,-16,1511,1499,-0.59,1.37,2.7703,4.6445,10.1477,0
21.010,67,-16,1510,1499,-0.59,1.37,2.7703,4.6445,10.1477,0
21.027,67,-15,1513,1500,-0.59,1.37,2.7703,4.6445,10.1477,0
21.044,66,-15,1510,1499,-0.59,1.37,2.7703,4.6445,10.1477,0
21.062,66,-15,1513,1499,-0.35,1.13,2.7703,4.6445,10.1477,0
21.080,64,-15,1507,1499,-0.35,1.13,2.7703,4.6445,10.1477,0
21.098,63,-15,1510,1499,-0.35,1.13,2.7703,4.6445,10.1477,0
21.116,62,-15,1509,1499,-0.35,1.13,2.7703,4.6445,10.1477,0
21.136,60,-16,1507,1497,-0.35,1.13,2.0611,5.5571,6.7102,1
21.154,59,-16,1509,1499,-0.35,1.13,2.0611,5.5571,6.7102,1
21.173,58,-16,1509,1499,-0.35,1.13,2.0611,5.5571,6.7102,1
21.194,55,-15,1505,1499,-0.35,1.13,2.0611,5.5571,6.7102,1
21.211,53,-16,1502,1499,-0.35,1.13,2.0611,5.5571,6.7102,1
21.229,51,-16,1504,1499,-0.35,1.13,2.0611,5.5571,6.7102,1
21.246,49,-15,1504,1500,-0.35,1.13,2.0611,5.5571,6.7102,1
21.263,47,-16,1503,1497,-0.35,1.13,2.0611,5.5571,6.7102,1
21.280,45,-16,1503,1499,-0.35,1.13,2.0611,5.5571,6.7102,1
21.297,43,-16,1502,1499,-0.35,1.13,2.0611,5.5571,6.7102,1
21.314,41,-16,1502,1499,0.55,0.52,2.0611,5.5571,6.7102,1
21.332,39,-16,1502,1499,0.55,0.52,2.0611,5.5571,6.7102,1
21.349,39,-16,1508,1499,0.55,0.52,2.0611,5.5571,6.7102,1
21.367,37,-17,1502,1497,0.55,0.52,2.0611,5.5571,6.7102,1
21.385,35,-16,1501,1500,0.55,0.52,2.8296,6.4739,9.4066,1
21.403,34,-16,1504,1499,0.55,0.52,2.8296,6.4739,9.4066,1
21.422,33,-16,1504,1499,0.55,0.52,2.8296,6.4739,9.4066,1
21.439,33,-16,1506,1499,0.55,0.52,2.8296,6.4739,9.4066,1
21.457,33,-16,1506,1499,0.55,0.52,2.8296,6.4739,9.4066,1
21.475,33,-16,1506,1499,0.55,0.52,2.8296,6.4739,9.4066,1
21.493,33,-17,1506,1497,0.55,0.52,2.8296,6.4739,9.4066,1
21.510,33,-17,1506,1499,0.55,0.52,2.8296,6.4739,9.4066,1
21.527,33,-17,1506,1499,0.55,0.52,2.8296,6.4739,9.4066,1
21.545,34,-16,1509,1500,0.55,0.52,2.8296,6.4739,9.4066,1
21.562,34,-16,1507,1499,0.07,0.35,2.8296,6.4739,9.4066,1
21.580,34,-16,1507,1499,0.07,0.35,2.8296,6.4739,9.4066,1
21.597,34,-17,1507,1497,0.07,0.35,2.8296,6.4739,9.4066,1
21.615,34,-17,1507,1499,0.07,0.35,2.8296,6.4739,9.4066,1
21.635,34,-17,1507,1499,0.07,0.35,2.3610,7.2063,8.0196,1
21.653,34,-17,1507,1499,0.07,0.35,2.3610,7.2063,8.0196,1
21.671,34,-18,1507,1497,0.07,0.35,2.3610,7.2063,8.0196,1
21.689,34,-18,1507,1499,0.07,0.35,2.3610,7.2063,8.0196,1
21.707,33,-18,1504,1499,0.07,0.35,2.3610,7.2063,8.0196,1
21.725,33,-19,1506,1497,0.07,0.35,2.3610,7.2063,8.0196,1
21.742,34,-19,1509,1499,0.07,0.35,2.3610,7.2063,8.0196,1
21.761,34,-19,1507,1499,0.07,0.35,2.3610,7.2063,8.0196,1
21.778,35,-19,1510,1499,0.07,0.35,2.3610,7.2063,8.0196,1
21.796,35,-18,1507,1500,0.07,0.35,2.3610,7.2063,8.0196,1
21.813,36,-18,1510,1499,-0.09,0.07,2.3610,7.2063,8.0196,1
21.831,37,-17,1510,1500,-0.09,0.07,2.3610,7.2063,8.0196,1
21.848,38,-17,1510,1499,-0.09,0.07,2.3610,7.2063,8.0196,1
21.865,40,-17,1513,1499,-0.09,0.07,2.3610,7.2063,8.0196,1
21.883,42,-17,1514,1499,-0.09,0.07,2.6969,5.6361,9.8211,1
21.900,44,-17,1514,1499,-0.09,0.07,2.6969,5.6361,9.8211,1
21.918,46,-17,1515,1499,-0.09,0.07,2.6969,5.6361,9.8211,1
21.936,49,-18,1518,1497,-0.09,0.07,2.6969,5.6361,9.8211,1
21.954,52,-18,1518,1499,-0.09,0.07,2.6969,5.6361,9.8211,1
21.972,54,-17,1516,1500,-0.09,0.07,2.6969,5.6361,9.8211,1
21.989,57,-17,1520,1499,-0.09,0.07,2.6969,5.6361,9.8211,1
22.007,63,-19,1529,1495,-0.09,0.07,2.6969,5.6361,9.8211,0
22.024,66,-19,1521,1499,-0.09,0.07,2.6969,5.6361,9.8211,0
22.043,68,-19,1518,1499,-0.09,0.07,2.6969,5.6361,9.8211,0
22.062,71,-19,1523,1499,-0.60,-0.20,2.6969,5.6361,9.8211,0
22.080,73,-18,1519,1500,-0.60,-0.20,2.6969,5.6361,9.8211,0
22.100,75,-18,1520,1499,-0.60,-0.20,2.6969,5.6361,9.8211,0
22.117,76,-18,1517,1499,-0.60,-0.20,2.7639,4.6900,8.0916,0
22.134,78,-18,1521,1499,-0.60,-0.20,2.7639,4.6900,8.0916,0
22.153,80,-19,1521,1497,-0.60,-0.20,2.7639,4.6900,8.0916,0
22.170,82,-18,1522,1500,-0.60,-0.20,2.7639,4.6900,8.0916,0
22.188,83,-19,1519,1497,-0.60,-0.20,2.7639,4.6900,8.0916,0
22.206,85,-18,1522,1500,-0.60,-0.20,2.7639,4.6900,8.0916,0
22.223,86,-18,1520,1499,-0.60,-0.20,2.7639,4.6900,8.0916,0
22.241,87,-18,1517,1499,-0.60,-0.20,2.7639,4.6900,8.0916,0
22.259,87,-18,1520,1499,-0.60,-0.20,2.7639,4.6900,8.0916,0
22.277,87,-18,1517,1499,-0.60,-0.20,2.7639,4.6900,8.0916,0
22.294,87,-18,1517,1499,-0.60,-0.20,2.7639,4.6900,8.0916,0
22.311,86,-18,1514,1499,0.01,0.23,2.7639,4.6900,8.0916,0
22.329,85,-18,1514,1499,0.01,0.23,2.7639,4.6900,8.0916,0
22.347,85,-19,1517,1497,0.01,0.23,2.7639,4.6900,8.0916,0
22.365,85,-18,1517,1500,0.01,0.23,2.7639,4.6900,8.0916,0
22.382,84,-18,1514,1499,0.01,0.23,2.7064,5.2657,8.1118,0
22.401,83,-18,1514,1499,0.01,0.23,2.7064,5.2657,8.1118,0
22.418,81,-19,1510,1497,0.01,0.23,2.7064,5.2657,8.1118,0
22.435,80,-18,1513,1500,0.01,0.23,2.7064,5.2657,8.1118,0
22.454,79,-19,1513,1497,0.01,0.23,2.7064,5.2657,8.1118,0
22.474,78,-19,1513,1499,0.01,0.23,2.7064,5.2657,8.1118,0
22.492,77,-18,1512,1500,0.01,0.23,2.7064,5.2657,8.1118,0
22.509,76,-18,1512,1499,0.01,0.23,2.7064,5.2657,8.1118,0
22.526,75,-19,1512,1497,0.01,0.23,2.7064,5.2657,8.1118,0
22.543,75,-19,1515,1499,0.01,0.23,2.7064,5.2657,8.1118,0
22.561,74,-19,1512,1499,0.13,0.50,2.7064,5.2657,8.1118,0
22.578,73,-19,1511,1499,0.13,0.50,2.7064,5.2657,8.1118,0
22.596,73,-19,1514,1499,0.13,0.50,2.7064,5.2657,8.1118,0
22.613,72,-19,1511,1499,0.13,0.50,2.7064,5.2657,8.1118,0
22.631,71,-19,1511,1499,0.13,0.50,2.8931,5.9685,7.7981,0
22.649,70,-19,1511,1499,0.13,0.50,2.8931,5.9685,7.7981,0
22.668,69,-19,1511,1499,0.13,0.50,2.8931,5.9685,7.7981,0
22.685,68,-19,1510,1499,0.13,0.50,2.8931,5.9685,7.7981,0
22.702,68,-19,1513,1499,0.13,0.50,2.8931,5.9685,7.7981,0
22.721,67,-19,1510,1499,0.13,0.50,2.8931,5.9685,7.7981,0
22.739,67,-19,1513,1499,0.13,0.50,2.8931,5.9685,7.7981,0
22.757,66,-19,1510,1499,0.13,0.50,2.8931,5.9685,7.7981,0
22.776,66,-20,1513,1497,0.13,0.50,2.8931,5.9685,7.7981,0
22.793,66,-18,1513,1501,0.13,0.50,2.8931,5.9685,7.7981,0
22.811,66,-19,1513,1497,-0.03,1.03,2.8931,5.9685,7.7981,0
22.829,67,-18,1516,1500,-0.03,1.03,2.8931,5.9685,7.7981,0
22.847,66,-18,1510,1499,-0.03,1.03,2.8931,5.9685,7.7981,0
22.866,66,-19,1513,1497,-0.03,1.03,2.8931,5.9685,7.7981,0
22.883,68,-19,1519,1499,-0.03,1.03,2.8763,4.5333,8.2504,0
22.903,67,-19,1511,1499,-0.03,1.03,2.8763,4.5333,8.2504,0
22.923,68,-19,1516,1499,-0.03,1.03,2.8763,4.5333,8.2504,0
22.942,67,-19,1510,1499,-0.03,1.03,2.8763,4.5333,8.2504,0
22.963,65,-19,1508,1499,-0.03,1.03,2.8763,4.5333,8.2504,0
22.981,64,-20,1510,1497,-0.03,1.03,2.8763,4.5333,8.2504,0
22.998,64,-19,1513,1500,-0.03,1.03,2.8763,4.5333,8.2504,0
23.016,63,-19,1509,1499,-0.03,1.03,2.8763,4.5333,8.2504,0
23.033,62,-19,1509,1499,-0.03,1.03,2.8763,4.5333,8.2504,0
23.051,61,-19,1509,1499,-0.03,1.03,2.8763,4.5333,8.2504,0
23.068,60,-19,1509,1499,-0.23,0.52,2.8763,4.5333,8.2504,1
23.088,59,-19,1509,1498,-0.23,0.52,2.8763,4.5333,8.2504,1
23.105,58,-20,1508,1497,-0.23,0.52,2.8763,4.5333,8.2504,1
23.123,56,-20,1505,1498,-0.23,0.52,2.9464,4.5362,8.5523,1
23.140,54,-20,1505,1498,-0.23,0.52,2.9464,4.5362,8.5523,1
23.158,52,-20,1505,1498,-0.23,0.52,2.9464,4.5362,8.5523,1
23.175,49,-20,1501,1498,-0.23,0.52,2.9464,4.5362,8.5523,1
23.195,43,-20,1493,1498,-0.23,0.52,2.9464,4.5362,8.5523,1
23.213,39,-21,1498,1497,-0.23,0.52,2.9464,4.5362,8.5523,1
23.231,36,-21,1500,1498,-0.23,0.52,2.9464,4.5362,8.5523,1
23.249,32,-21,1496,1498,-0.23,0.52,2.9464,4.5362,8.5523,1
23.267,29,-20,1498,1500,-0.23,0.52,2.9464,4.5362,8.5523,1
23.285,26,-20,1497,1498,-0.23,0.52,2.9464,4.5362,8.5523,1
23.303,23,-20,1497,1498,-0.22,-0.19,2.9464,4.5362,8.5523,1
23.321,21,-20,1499,1498,-0.22,-0.19,2.9464,4.5362,8.5523,1
23.338,18,-20,1496,1498,-0.22,-0.19,2.9464,4.5362,8.5523,1
23.356,16,-20,1498,1498,-0.22,-0.19,2.9464,4.5362,8.5523,1
23.374,15,-21,1500,1497,-0.22,-0.19,2.8112,6.0243,9.7463,1
23.392,13,-20,1498,1500,-0.22,-0.19,2.8112,6.0243,9.7463,1
23.410,12,-20,1500,1498,-0.22,-0.19,2.8112,6.0243,9.7463,1
23.427,12,-19,1502,1500,-0.22,-0.19,2.8112,6.0243,9.7463,1
23.444,13,-19,1505,1498,-0.22,-0.19,2.8112,6.0243,9.7463,1
23.461,14,-19,1505,1498,-0.22,-0.19,2.8112,6.0243,9.7463,1
23.479,15,-19,1505,1498,-0.22,-0.19,2.8112,6.0243,9.7463,1
23.497,16,-19,1506,1498,-0.22,-0.19,2.8112,6.0243,9.7463,1
23.515,17,-19,1506,1498,-0.22,-0.19,2.8112,6.0243,9.7463,1
23.532,18,-20,1506,1497,-0.22,-0.19,2.8112,6.0243,9.7463,1
23.550,19,-20,1506,1498,-0.22,-0.19,2.8112,6.0243,9.7463,1
23.568,20,-20,1507,1498,-0.34,0.99,2.8112,6.0243,9.7463,1
23.585,22,-20,1510,1498,-0.34,0.99,2.8112,6.0243,9.7463,1
23.602,23,-20,1507,1498,-0.34,0.99,2.8112,6.0243,9.7463,1
23.620,23,-20,1504,1498,-0.34,0.99,2.0588,5.0485,7.8516,1
23.637,23,-20,1504,1498,-0.34,0.99,2.0588,5.0485,7.8516,1
23.655,25,-19,1510,1500,-0.34,0.99,2.0588,5.0485,7.8516,1
23.672,26,-19,1508,1498,-0.34,0.99,2.0588,5.0485,7.8516,1
23.690,27,-19,1508,1498,-0.34,0.99,2.0588,5.0485,7.8516,1
23.707,29,-19,1511,1498,-0.34,0.99,2.0588,5.0485,7.8516,1
23.725,29,-18,1506,1500,-0.34,0.99,2.0588,5.0485,7.8516,1
23.743,30,-18,1508,1499,-0.34,0.99,2.0588,5.0485,7.8516,1
23.761,30,-18,1506,1499,-0.34,0.99,2.0588,5.0485,7.8516,1
23.778,30,-18,1506,1499,-0.34,0.99,2.0588,5.0485,7.8516,1
23.795,30,-19,1506,1497,-0.34,0.99,2.0588,5.0485,7.8516,1
23.813,31,-19,1509,1498,-0.25,1.46,2.0588,5.0485,7.8516,1
23.830,31,-18,1506,1500,-0.25,1.46,2.0588,5.0485,7.8516,1
23.848,31,-17,1506,1500,-0.25,1.46,2.0588,5.0485,7.8516,1
23.869,31,-17,1506,1499,-0.25,1.46,2.5035,3.8473,8.2231,1
23.886,31,-17,1506,1499,-0.25,1.46,2.5035,3.8473,8.2231,1
23.903,31,-17,1506,1499,-0.25,1.46,2.5035,3.8473,8.2231,1
23.920,33,-17,1512,1499,-0.25,1.46,2.5035,3.8473,8.2231,1
23.938,33,-18,1506,1497,-0.25,1.46,2.5035,3.8473,8.2231,1
23.955,34,-17,1509,1500,-0.25,1.46,2.5035,3.8473,8.2231,1
23.972,36,-16,1513,1500,-0.25,1.46,2.5035,3.8473,8.2231,1
23.991,37,-16,1510,1499,-0.25,1.46,2.5035,3.8473,8.2231,1
24.008,38,-16,1510,1499,-0.25,1.46,2.5035,3.8473,8.2231,1
24.026,38,-15,1507,1500,-0.25,1.46,2.5035,3.8473,8.2231,1
24.043,39,-15,1510,1499,-0.25,1.46,2.5035,3.8473,8.2231,1
24.061,39,-15,1508,1499,-0.01,1.48,2.5035,3.8473,8.2231,1
24.081,39,-15,1508,1499,-0.01,1.48,2.5035,3.8473,8.2231,1
24.100,39,-16,1508,1497,-0.01,1.48,2.5035,3.8473,8.2231,1
24.122,40,-15,1510,1500,-0.01,1.48,2.5035,3.8473,8.2231,1
24.142,40,-15,1508,1499,-0.01,1.48,2.8119,3.1339,7.2515,1
24.162,40,-15,1508,1499,-0.01,1.48,2.8119,3.1339,7.2515,1
24.181,40,-14,1508,1500,-0.01,1.48,2.8119,3.1339,7.2515,1
24.198,40,-14,1508,1499,-0.01,1.48,2.8119,3.1339,7.2515,1
24.215,40,-14,1508,1499,-0.01,1.48,2.8119,3.1339,7.2515,1
24.233,41,-15,1511,1497,-0.01,1.48,2.8119,3.1339,7.2515,1
24.250,41,-14,1508,1500,-0.01,1.48,2.8119,3.1339,7.2515,1
24.268,42,-14,1511,1499,-0.01,1.48,2.8119,3.1339,7.2515,1
24.286,43,-14,1511,1499,-0.01,1.48,2.8119,3.1339,7.2515,1
24.303,43,-14,1508,1499,-0.42,1.55,2.8119,3.1339,7.2515,1
24.322,43,-14,1508,1499,-0.42,1.55,2.8119,3.1339,7.2515,1
24.342,44,-13,1511,1500,-0.42,1.55,2.8119,3.1339,7.2515,1
24.360,45,-14,1511,1498,-0.42,1.55,2.8119,3.1339,7.2515,1
24.379,45,-13,1509,1500,-0.42,1.55,2.6781,3.2357,6.6609,1
24.396,45,-13,1509,1499,-0.42,1.55,2.6781,3.2357,6.6609,1
24.413,45,-13,1509,1499,-0.42,1.55,2.6781,3.2357,6.6609,1
24.430,44,-13,1506,1499,-0.42,1.55,2.6781,3.2357,6.6609,1
24.448,44,-12,1509,1500,-0.42,1.55,2.6781,3.2357,6.6609,1
24.466,43,-13,1505,1497,-0.42,1.55,2.6781,3.2357,6.6609,1
24.485,42,-12,1506,1500,-0.42,1.55,2.6781,3.2357,6.6609,1
24.502,42,-12,1508,1499,-0.42,1.55,2.6781,3.2357,6.6609,1
24.520,40,-12,1502,1499,-0.42,1.55,2.6781,3.2357,6.6609,1
24.538,39,-11,1505,1500,-0.42,1.55,2.6781,3.2357,6.6609,1
24.556,38,-12,1505,1498,-0.68,1.59,2.6781,3.2357,6.6609,1
24.573,37,-12,1504,1499,-0.68,1.59,2.6781,3.2357,6.6609,1
24.591,37,-12,1507,1499,-0.68,1.59,2.6781,3.2357,6.6609,1
24.610,37,-12,1507,1499,-0.68,1.59,2.6781,3.2357,6.6609,1
24.630,37,-11,1507,1500,-0.68,1.59,2.7550,3.5442,7.4389,1
24.647,36,-11,1504,1499,-0.68,1.59,2.7550,3.5442,7.4389,1
24.665,36,-11,1507,1499,-0.68,1.59,2.7550,3.5442,7.4389,1
24.684,35,-11,1504,1499,-0.68,1.59,2.7550,3.5442,7.4389,1
24.701,35,-11,1507,1499,-0.68,1.59,2.7550,3.5442,7.4389,1
24.719,34,-11,1504,1499,-0.68,1.59,2.7550,3.5442,7.4389,1
24.737,35,-10,1509,1500,-0.68,1.59,2.7550,3.5442,7.4389,1
24.754,35,-11,1507,1498,-0.68,1.59,2.7550,3.5442,7.4389,1
24.773,35,-11,1507,1499,-0.68,1.59,2.7550,3.5442,7.4389,1
24.792,35,-10,1507,1500,-0.68,1.59,2.7550,3.5442,7.4389,1
24.809,35,-10,1507,1499,-1.06,1.67,2.7550,3.5442,7.4389,1
24.827,35,-10,1507,1499,-1.06,1.67,2.7550,3.5442,7.4389,1
24.849,35,-11,1507,1498,-1.06,1.67,2.7550,3.5442,7.4389,1
24.874,35,-11,1507,1499,-1.06,1.67,2.6787,3.5523,7.5137,1
24.891,34,-10,1504,1500,-1.06,1.67,2.6787,3.5523,7.5137,1
24.910,35,-11,1509,1498,-1.06,1.67,2.6787,3.5523,7.5137,1
24.928,34,-10,1504,1500,-1.06,1.67,2.6787,3.5523,7.5137,1
24.946,34,-10,1507,1499,-1.06,1.67,2.6787,3.5523,7.5137,1
24.964,34,-10,1507,1499,-1.06,1.67,2.6787,3.5523,7.5137,1
24.982,34,-10,1507,1499,-1.06,1.67,2.6787,3.5523,7.5137,1
24.999,34,-10,1507,1499,-1.06,1.67,2.6787,3.5523,7.5137,1
25.018,35,-9,1510,1500,-1.06,1.67,2.6787,3.5523,7.5137,1
25.035,35,-9,1507,1499,-1.06,1.67,2.6787,3.5523,7.5137,1
25.052,35,-9,1507,1499,-0.71,1.86,2.6787,3.5523,7.5137,1
25.071,36,-9,1510,1499,-0.71,1.86,2.6787,3.5523,7.5137,1
25.089,36,-9,1507,1499,-0.71,1.86,2.6787,3.5523,7.5137,1
25.107,37,-9,1510,1499,-0.71,1.86,2.6787,3.5523,7.5137,1
25.125,37,-9,1507,1499,-0.71,1.86,2.7203,3.6301,7.4466,1
25.146,38,-9,1510,1499,-0.71,1.86,2.7203,3.6301,7.4466,1
25.163,39,-9,1510,1499,-0.71,1.86,2.7203,3.6301,7.4466,1
25.182,40,-8,1510,1500,-0.71,1.86,2.7203,3.6301,7.4466,1
25.199,41,-8,1511,1500,-0.71,1.86,2.7203,3.6301,7.4466,1
25.216,42,-9,1511,1498,-0.71,1.86,2.7203,3.6301,7.4466,1
25.234,44,-8,1514,1500,-0.71,1.86,2.7203,3.6301,7.4466,1
25.251,45,-9,1512,1498,-0.71,1.86,2.7203,3.6301,7.4466,1
25.268,45,-9,1509,1499,-0.71,1.86,2.7203,3.6301,7.4466,1
25.286,47,-9,1515,1499,-0.71,1.86,2.7203,3.6301,7.4466,1
25.303,47,-9,1509,1499,-1.05,1.37,2.7203,3.6301,7.4466,1
25.320,48,-9,1512,1499,-1.05,1.37,2.7203,3.6301,7.4466,1
25.338,49,-9,1512,1499,-1.05,1.37,2.7203,3.6301,7.4466,1
25.358,49,-9,1510,1499,-1.05,1.37,2.7203,3.6301,7.4466,1
25.379,50,-8,1512,1500,-1.05,1.37,2.9653,3.7166,7.1126,1
25.399,50,-8,1510,1500,-1.05,1.37,2.9653,3.7166,7.1126,1
25.416,50,-8,1510,1500,-1.05,1.37,2.9653,3.7166,7.1126,1
25.435,49,-8,1507,1500,-1.05,1.37,2.9653,3.7166,7.1126,1
25.452,48,-9,1506,1498,-1.05,1.37,2.9653,3.7166,7.1126,1
25.470,48,-9,1509,1499,-1.05,1.37,2.9653,3.7166,7.1126,1
25.487,46,-9,1503,1499,-1.05,1.37,2.9653,3.7166,7.1126,1
25.505,46,-8,1509,1500,-1.05,1.37,2.9653,3.7166,7.1126,1
25.522,45,-9,1506,1498,-1.05,1.37,2.9653,3.7166,7.1126,1
25.539,44,-9,1506,1499,-1.05,1.37,2.9653,3.7166,7.1126,1
25.557,44,-9,1509,1499,-1.02,1.75,2.9653,3.7166,7.1126,1
25.578,44,-9,1509,1499,-1.02,1.75,2.9653,3.7166,7.1126,1
25.598,44,-9,1509,1499,-1.02,1.75,2.9653,3.7166,7.1126,1
25.616,43,-9,1509,1499,-1.02,1.75,2.9653,3.7166,7.1126,1
25.634,43,-10,1506,1498,-1.02,1.75,3.1292,3.6237,6.6655,1
25.652,44,-10,1511,1499,-1.02,1.75,3.1292,3.6237,6.6655,1
25.669,44,-10,1509,1499,-1.02,1.75,3.1292,3.6237,6.6655,1
25.686,43,-10,1505,1499,-1.02,1.75,3.1292,3.6237,6.6655,1
25.706,42,-10,1505,1499,-1.02,1.75,3.1292,3.6237,6.6655,1
25.723,41,-10,1505,1499,-1.02,1.75,3.1292,3.6237,6.6655,1
25.740,41,-11,1508,1498,-1.02,1.75,3.1292,3.6237,6.6655,1
25.758,40,-11,1505,1499,-1.02,1.75,3.1292,3.6237,6.6655,1
25.775,39,-11,1505,1499,-1.02,1.75,3.1292,3.6237,6.6655,1
25.792,38,-11,1504,1499,-1.02,1.75,3.1292,3.6237,6.6655,1
25.810,38,-10,1507,1500,-1.19,1.53,3.1292,3.6237,6.6655,1
25.827,38,-10,1507,1499,-1.19,1.53,3.1292,3.6237,6.6655,1
25.845,37,-11,1504,1498,-1.19,1.53,3.1292,3.6237,6.6655,1
25.865,37,-11,1507,1499,-1.19,1.53,3.3488,4.3922,7.2399,1
25.882,36,-11,1504,1499,-1.19,1.53,3.3488,4.3922,7.2399,1
25.900,35,-11,1504,1499,-1.19,1.53,3.3488,4.3922,7.2399,1
25.919,34,-11,1504,1499,-1.19,1.53,3.3488,4.3922,7.2399,1
25.939,34,-11,1507,1499,-1.19,1.53,3.3488,4.3922,7.2399,1
25.956,33,-12,1504,1498,-1.19,1.53,3.3488,4.3922,7.2399,1
25.974,32,-11,1503,1500,-1.19,1.53,3.3488,4.3922,7.2399,1
25.991,31,-11,1503,1499,-1.19,1.53,3.3488,4.3922,7.2399,1
26.009,30,-12,1503,1497,-1.19,1.53,3.3488,4.3922,7.2399,1
26.026,29,-12,1503,1499,-1.19,1.53,3.3488,4.3922,7.2399,1
26.043,28,-12,1502,1499,-1.19,1.53,3.3488,4.3922,7.2399,1
26.061,28,-12,1505,1499,-0.83,1.51,3.3488,4.3922,7.2399,1
26.081,27,-13,1503,1498,-0.83,1.51,3.3488,4.3922,7.2399,1
26.100,27,-13,1505,1499,-0.83,1.51,3.3488,4.3922,7.2399,1
26.117,25,-13,1500,1499,-0.83,1.51,2.7779,5.0856,7.3969,1
26.136,25,-14,1505,1497,-0.83,1.51,2.7779,5.0856,7.3969,1
26.153,24,-13,1502,1500,-0.83,1.51,2.7779,5.0856,7.3969,1
26.170,24,-14,1505,1497,-0.83,1.51,2.7779,5.0856,7.3969,1
26.187,24,-15,1505,1497,-0.83,1.51,2.7779,5.0856,7.3969,1
26.205,25,-15,1508,1499,-0.83,1.51,2.7779,5.0856,7.3969,1
26.223,26,-16,1508,1497,-0.83,1.51,2.7779,5.0856,7.3969,1
26.241,27,-16,1508,1499,-0.83,1.51,2.7779,5.0856,7.3969,1
26.258,29,-16,1511,1499,-0.83,1.51,2.7779,5.0856,7.3969,1
26.276,30,-16,1508,1499,-0.83,1.51,2.7779,5.0856,7.3969,1
26.295,31,-17,1509,1497,-0.83,1.51,2.7779,5.0856,7.3969,1
26.312,32,-17,1509,1499,-0.67,1.11,2.7779,5.0856,7.3969,1
26.330,33,-17,1509,1499,-0.67,1.11,2.7779,5.0856,7.3969,1
26.348,34,-17,1509,1499,-0.67,1.11,2.7779,5.0856,7.3969,1
26.366,36,-17,1513,1499,-0.67,1.11,2.7454,4.3335,7.3472,1
26.384,39,-17,1516,1499,-0.67,1.11,2.7454,4.3335,7.3472,1
26.402,39,-17,1508,1499,-0.67,1.11,2.7454,4.3335,7.3472,1
26.419,42,-18,1517,1497,-0.67,1.11,2.7454,4.3335,7.3472,1
26.436,42,-18,1508,1499,-0.67,1.11,2.7454,4.3335,7.3472,1
26.454,43,-18,1511,1499,-0.67,1.11,2.7454,4.3335,7.3472,1
26.471,44,-19,1511,1497,-0.67,1.11,2.7454,4.3335,7.3472,1
26.489,45,-19,1512,1498,-0.67,1.11,2.7454,4.3335,7.3472,1
26.507,48,-20,1518,1497,-0.67,1.11,2.7454,4.3335,7.3472,1
26.524,49,-20,1512,1498,-0.67,1.11,2.7454,4.3335,7.3472,1
26.541,49,-20,1510,1498,-0.67,1.11,2.7454,4.3335,7.3472,1
26.559,50,-21,1513,1497,-0.33,0.37,2.7454,4.3335,7.3472,1
26.576,51,-22,1513,1496,-0.33,0.37,2.7454,4.3335,7.3472,1
26.593,52,-22,1513,1498,-0.33,0.37,2.7454,4.3335,7.3472,1
26.610,52,-22,1510,1498,-0.33,0.37,2.7454,4.3335,7.3472,1
26.627,53,-22,1513,1498,-0.33,0.37,2.9886,3.5499,7.6202,1
26.645,54,-22,1513,1498,-0.33,0.37,2.9886,3.5499,7.6202,1
26.663,56,-23,1513,1496,-0.33,0.37,2.9886,3.5499,7.6202,1
26.682,57,-23,1516,1498,-0.33,0.37,2.9886,3.5499,7.6202,1
26.699,57,-25,1511,1495,-0.33,0.37,2.9886,3.5499,7.6202,1
26.719,58,-25,1514,1498,-0.33,0.37,2.9886,3.5499,7.6202,1
26.736,59,-24,1514,1500,-0.33,0.37,2.9886,3.5499,7.6202,1
26.754,62,-24,1521,1498,-0.33,0.37,2.9886,3.5499,7.6202,0
26.772,62,-25,1512,1496,-0.33,0.37,2.9886,3.5499,7.6202,0
26.789,63,-25,1515,1498,-0.33,0.37,2.9886,3.5499,7.6202,0
26.807,63,-25,1512,1498,-0.30,-0.37,2.9886,3.5499,7.6202,0
26.824,63,-26,1512,1496,-0.30,-0.37,2.9886,3.5499,7.6202,0
26.843,64,-26,1515,1498,-0.30,-0.37,2.9886,3.5499,7.6202,0
26.861,64,-26,1512,1498,-0.30,-0.37,2.9889,4.0745,6.9085,0
26.879,64,-26,1512,1498,-0.30,-0.37,2.9889,4.0745,6.9085,0
26.896,64,-28,1512,1494,-0.30,-0.37,2.9889,4.0745,6.9085,0
26.914,64,-27,1512,1500,-0.30,-0.37,2.9889,4.0745,6.9085,0
26.933,64,-27,1512,1498,-0.30,-0.37,2.9889,4.0745,6.9085,0
26.952,63,-28,1510,1496,-0.30,-0.37,2.9889,4.0745,6.9085,0
26.971,63,-28,1512,1498,-0.30,-0.37,2.9889,4.0745,6.9085,0
26.989,63,-27,1512,1499,-0.30,-0.37,2.9889,4.0745,6.9085,0
27.007,63,-27,1512,1498,-0.30,-0.37,2.9889,4.0745,6.9085,0
27.024,63,-28,1512,1496,-0.30,-0.37,2.9889,4.0745,6.9085,0
27.041,63,-28,1512,1498,-0.30,-0.37,2.9889,4.0745,6.9085,0
27.058,63,-28,1512,1498,-0.23,-0.76,2.9889,4.0745,6.9085,0
27.075,62,-28,1509,1498,-0.23,-0.76,2.9889,4.0745,6.9085,0
27.093,62,-28,1512,1498,-0.23,-0.76,2.9889,4.0745,6.9085,0
27.110,62,-28,1512,1498,-0.23,-0.76,2.9412,3.6549,7.1104,0
27.128,62,-28,1512,1498,-0.23,-0.76,2.9412,3.6549,7.1104,0
27.145,62,-29,1512,1496,-0.23,-0.76,2.9412,3.6549,7.1104,0
27.164,62,-29,1512,1498,-0.23,-0.76,2.9412,3.6549,7.1104,0
27.181,62,-29,1512,1498,-0.23,-0.76,2.9412,3.6549,7.1104,0
27.200,62,-29,1512,1498,-0.23,-0.76,2.9412,3.6549,7.1104,0
27.217,62,-29,1512,1498,-0.23,-0.76,2.9412,3.6549,7.1104,0
27.235,62,-30,1512,1496,-0.23,-0.76,2.9412,3.6549,7.1104,0
27.253,62,-30,1512,1497,-0.23,-0.76,2.9412,3.6549,7.1104,0
27.271,62,-30,1512,1497,-0.23,-0.76,2.9412,3.6549,7.1104,0
27.290,61,-30,1509,1497,-0.23,-0.76,2.9412,3.6549,7.1104,0
27.307,61,-30,1512,1497,-0.49,-0.71,2.9412,3.6549,7.1104,0
27.325,61,-30,1512,1497,-0.49,-0.71,2.9412,3.6549,7.1104,0
27.342,60,-31,1509,1496,-0.49,-0.71,2.9412,3.6549,7.1104,1
27.366,59,-30,1509,1499,-0.49,-0.71,2.7981,3.1972,7.0731,1
27.384,58,-31,1509,1496,-0.49,-0.71,2.7981,3.1972,7.0731,1
27.402,57,-31,1508,1497,-0.49,-0.71,2.7981,3.1972,7.0731,1
27.423,57,-31,1511,1497,-0.49,-0.71,2.7981,3.1972,7.0731,1
27.441,55,-32,1505,1496,-0.49,-0.71,2.7981,3.1972,7.0731,1
27.459,53,-32,1505,1497,-0.49,-0.71,2.7981,3.1972,7.0731,1
27.477,51,-33,1504,1495,-0.49,-0.71,2.7981,3.1972,7.0731,1
27.495,50,-32,1507,1499,-0.49,-0.71,2.7981,3.1972,7.0731,1
27.512,48,-32,1504,1497,-0.49,-0.71,2.7981,3.1972,7.0731,1
27.529,47,-33,1506,1495,-0.49,-0.71,2.7981,3.1972,7.0731,1
27.546,46,-34,1506,1495,-0.49,-0.74,2.7981,3.1972,7.0731,1
27.564,45,-33,1506,1499,-0.49,-0.74,2.7981,3.1972,7.0731,1
27.581,45,-33,1509,1497,-0.49,-0.74,2.7981,3.1972,7.0731,1
27.599,44,-33,1506,1497,-0.49,-0.74,2.7981,3.1972,7.0731,1
27.616,43,-34,1505,1495,-0.49,-0.74,2.7405,3.4639,6.9274,1
27.633,42,-33,1505,1499,-0.49,-0.74,2.7405,3.4639,6.9274,1
27.650,41,-32,1505,1499,-0.49,-0.74,2.7405,3.4639,6.9274,1
27.669,39,-33,1502,1496,-0.49,-0.74,2.7405,3.4639,6.9274,1
27.686,38,-34,1504,1495,-0.49,-0.74,2.7405,3.4639,6.9274,1
27.705,36,-34,1502,1497,-0.49,-0.74,2.7405,3.4639,6.9274,1
27.723,34,-33,1501,1499,-0.49,-0.74,2.7405,3.4639,6.9274,1
27.742,30,-33,1496,1497,-0.49,-0.74,2.7405,3.4639,6.9274,1
27.759,27,-33,1497,1497,-0.49,-0.74,2.7405,3.4639,6.9274,1
27.776,24,-33,1497,1497,-0.49,-0.74,2.7405,3.4639,6.9274,1
27.794,22,-33,1499,1497,-0.49,-0.74,2.7405,3.4639,6.9274,1
27.811,19,-33,1496,1497,-0.84,-0.91,2.7405,3.4639,6.9274,1
27.830,16,-33,1496,1497,-0.84,-0.91,2.7405,3.4639,6.9274,1
27.848,13,-33,1495,1497,-0.84,-0.91,2.7405,3.4639,6.9274,1
27.867,13,-33,1502,1497,-0.84,-0.91,2.6529,3.8621,6.6803,1
27.884,10,-34,1494,1495,-0.84,-0.91,2.6529,3.8621,6.6803,1
27.902,6,-33,1491,1499,-0.84,-0.91,2.6529,3.8621,6.6803,1
27.921,4,-33,1496,1497,-0.84,-0.91,2.6529,3.8621,6.6803,1
27.939,-2,-34,1484,1495,-0.84,-0.91,2.6529,3.8621,6.6803,1
27.957,-5,-34,1492,1497,-0.84,-0.91,2.6529,3.8621,6.6803,1
27.976,-7,-34,1494,1497,-0.84,-0.91,2.6529,3.8621,6.6803,1
27.994,-13,-32,1482,1500,-0.84,-0.91,2.6529,3.8621,6.6803,1
28.011,-15,-33,1492,1495,-0.84,-0.91,2.6529,3.8621,6.6803,1
28.029,-17,-33,1492,1497,-0.84,-0.91,2.6529,3.8621,6.6803,1
28.048,-19,-33,1492,1497,-0.89,-1.02,2.6529,3.8621,6.6803,1
28.066,-20,-33,1494,1497,-0.89,-1.02,2.6529,3.8621,6.6803,1
28.084,-22,-33,1491,1497,-0.89,-1.02,2.6529,3.8621,6.6803,1
28.102,-23,-33,1493,1497,-0.89,-1.02,2.6529,3.8621,6.6803,1
28.119,-24,-34,1493,1495,-0.89,-1.02,2.6086,4.3041,7.5035,1
28.137,-26,-34,1490,1497,-0.89,-1.02,2.6086,4.3041,7.5035,1
28.155,-26,-33,1495,1499,-0.89,-1.02,2.6086,4.3041,7.5035,1
28.173,-27,-33,1492,1497,-0.89,-1.02,2.6086,4.3041,7.5035,1
28.190,-27,-33,1495,1497,-0.89,-1.02,2.6086,4.3041,7.5035,1
28.208,-28,-34,1492,1495,-0.89,-1.02,2.6086,4.3041,7.5035,1
28.225,-28,-34,1495,1497,-0.89,-1.02,2.6086,4.3041,7.5035,1
28.244,-29,-34,1492,1497,-0.89,-1.02,2.6086,4.3041,7.5035,1
28.261,-30,-34,1492,1497,-0.89,-1.02,2.6086,4.3041,7.5035,1
28.279,-31,-34,1492,1497,-0.89,-1.02,2.6086,4.3041,7.5035,1
28.298,-33,-33,1488,1499,-1.38,-0.71,2.6086,4.3041,7.5035,1
28.316,-34,-32,1491,1499,-1.38,-0.71,2.6086,4.3041,7.5035,1
28.335,-36,-33,1488,1495,-1.38,-0.71,2.6086,4.3041,7.5035,1
28.352,-37,-34,1490,1495,-1.38,-0.71,2.6086,4.3041,7.5035,1
28.370,-41,-33,1481,1499,-1.38,-0.71,2.7578,4.4376,8.5193,1
28.388,-42,-33,1489,1497,-1.38,-0.71,2.7578,4.4376,8.5193,1
28.405,-43,-33,1489,1497,-1.38,-0.71,2.7578,4.4376,8.5193,1
28.423,-44,-32,1489,1499,-1.38,-0.71,2.7578,4.4376,8.5193,1
28.443,-45,-32,1489,1497,-1.38,-0.71,2.7578,4.4376,8.5193,1
28.461,-45,-31,1492,1499,-1.38,-0.71,2.7578,4.4376,8.5193,1
28.480,-45,-31,1492,1497,-1.38,-0.71,2.7578,4.4376,8.5193,1
28.500,-45,-32,1492,1496,-1.38,-0.71,2.7578,4.4376,8.5193,1
28.517,-45,-32,1492,1497,-1.38,-0.71,2.7578,4.4376,8.5193,1
28.536,-44,-32,1495,1497,-1.38,-0.71,2.7578,4.4376,8.5193,1
28.553,-43,-31,1495,1499,-1.65,-0.11,2.7578,4.4376,8.5193,1
28.572,-43,-31,1492,1497,-1.65,-0.11,2.7578,4.4376,8.5193,1
28.590,-43,-31,1492,1497,-1.65,-0.11,2.7578,4.4376,8.5193,1
28.607,-42,-32,1495,1496,-1.65,-0.11,2.6779,5.5033,6.4959,1
28.627,-42,-33,1492,1496,-1.65,-0.11,2.6779,5.5033,6.4959,1
28.644,-41,-33,1495,1497,-1.65,-0.11,2.6779,5.5033,6.4959,1
28.661,-41,-32,1492,1499,-1.65,-0.11,2.6779,5.5033,6.4959,1
28.679,-40,-32,1495,1497,-1.65,-0.11,2.6779,5.5033,6.4959,1
28.698,-40,-32,1492,1497,-1.65,-0.11,2.6779,5.5033,6.4959,1
28.715,-40,-31,1492,1499,-1.65,-0.11,2.6779,5.5033,6.4959,1
28.734,-39,-31,1495,1497,-1.65,-0.11,2.6779,5.5033,6.4959,1
28.751,-38,-31,1496,1497,-1.65,-0.11,2.6779,5.5033,6.4959,1
28.769,-38,-31,1493,1497,-1.65,-0.11,2.6779,5.5033,6.4959,1
28.786,-38,-31,1493,1497,-1.65,-0.11,2.6779,5.5033,6.4959,1
28.803,-37,-31,1496,1497,-1.70,0.89,2.6779,5.5033,6.4959,1
28.821,-37,-31,1493,1497,-1.70,0.89,2.6779,5.5033,6.4959,1
28.838,-37,-31,1493,1497,-1.70,0.89,2.6779,5.5033,6.4959,1
28.859,-38,-31,1490,1497,-1.70,0.89,2.7273,4.7956,7.6506,1
28.876,-39,-31,1490,1497,-1.70,0.89,2.7273,4.7956,7.6506,1
28.894,-41,-33,1487,1494,-1.70,0.89,2.7273,4.7956,7.6506,1
28.912,-43,-32,1486,1499,-1.70,0.89,2.7273,4.7956,7.6506,1
28.932,-44,-32,1489,1497,-1.70,0.89,2.7273,4.7956,7.6506,1
28.950,-46,-32,1486,1497,-1.70,0.89,2.7273,4.7956,7.6506,1
28.968,-46,-32,1491,1497,-1.70,0.89,2.7273,4.7956,7.6506,1
28.986,-49,-31,1482,1499,-1.70,0.89,2.7273,4.7956,7.6506,1
29.004,-51,-30,1485,1499,-1.70,0.89,2.7273,4.7956,7.6506,1
29.022,-54,-30,1481,1497,-1.70,0.89,2.7273,4.7956,7.6506,1
29.040,-55,-30,1487,1497,-1.70,0.89,2.7273,4.7956,7.6506,1
29.057,-55,-31,1489,1496,0.31,0.57,2.7273,4.7956,7.6506,1
29.075,-55,-29,1489,1500,0.31,0.57,2.7273,4.7956,7.6506,1
29.092,-54,-29,1492,1497,0.31,0.57,2.7273,4.7956,7.6506,1
29.110,-52,-29,1496,1497,0.31,0.57,2.6351,4.2045,7.9629,1
29.129,-50,-29,1496,1497,0.31,0.57,2.6351,4.2045,7.9629,1
29.146,-46,-28,1501,1499,0.31,0.57,2.6351,4.2045,7.9629,1
29.164,-43,-29,1500,1496,0.31,0.57,2.6351,4.2045,7.9629,1
29.181,-40,-28,1500,1499,0.31,0.57,2.6351,4.2045,7.9629,1
29.200,-37,-29,1500,1496,0.31,0.57,2.6351,4.2045,7.9629,1
29.218,-34,-29,1501,1497,0.31,0.57,2.6351,4.2045,7.9629,1
29.236,-32,-29,1500,1497,0.31,0.57,2.6351,4.2045,7.9629,1
29.255,-26,-28,1501,1497,0.31,0.57,2.6351,4.2045,7.9629,1
29.273,-24,-28,1509,1499,0.31,0.57,2.6351,4.2045,7.9629,1
29.290,-21,-27,1504,1499,0.31,0.57,2.6351,4.2045,7.9629,1
29.308,-19,-27,1501,1498,-0.97,0.79,2.6351,4.2045,7.9629,1
29.325,-17,-28,1502,1496,-0.97,0.79,2.6351,4.2045,7.9629,1
29.342,-16,-29,1500,1496,-0.97,0.79,2.6351,4.2045,7.9629,1
29.359,-14,-29,1502,1497,-0.97,0.79,2.8241,3.6213,7.1050,1
29.377,-12,-28,1503,1499,-0.97,0.79,2.8241,3.6213,7.1050,1
29.394,-10,-27,1503,1499,-0.97,0.79,2.8241,3.6213,7.1050,1
29.411,-8,-27,1504,1498,-0.97,0.79,2.8241,3.6213,7.1050,1
29.429,-7,-27,1501,1498,-0.97,0.79,2.8241,3.6213,7.1050,1
29.446,-6,-28,1501,1496,-0.97,0.79,2.8241,3.6213,7.1050,1
29.464,-5,-28,1501,1498,-0.97,0.79,2.8241,3.6213,7.1050,1
29.481,-4,-27,1501,1499,-0.97,0.79,2.8241,3.6213,7.1050,1
29.502,-3,-27,1501,1498,-0.97,0.79,2.8241,3.6213,7.1050,1
29.520,-3,-28,1500,1496,-0.97,0.79,2.8241,3.6213,7.1050,1
29.538,-2,-27,1502,1499,-0.97,0.79,2.8241,3.6213,7.1050,1
29.556,-1,-26,1502,1499,-1.16,1.30,2.8241,3.6213,7.1050,1
29.574,-1,-26,1500,1498,-1.16,1.30,2.8241,3.6213,7.1050,1
29.593,0,-27,1502,1496,-1.16,1.30,2.8241,3.6213,7.1050,1
29.611,0,-26,1500,1499,-1.16,1.30,2.7323,3.4244,6.8982,1
29.633,0,-26,1500,1498,-1.16,1.30,2.7323,3.4244,6.8982,1
29.654,0,-26,1500,1498,-1.16,1.30,2.7323,3.4244,6.8982,1
29.673,0,-26,1500,1498,-1.16,1.30,2.7323,3.4244,6.8982,1
29.691,-1,-26,1497,1498,-1.16,1.30,2.7323,3.4244,6.8982,1
29.708,-1,-26,1500,1498,-1.16,1.30,2.7323,3.4244,6.8982,1
29.728,-2,-26,1497,1498,-1.16,1.30,2.7323,3.4244,6.8982,1
29.746,-2,-26,1500,1498,-1.16,1.30,2.7323,3.4244,6.8982,1
29.763,-3,-26,1497,1498,-1.16,1.30,2.7323,3.4244,6.8982,1
29.780,-3,-26,1500,1498,-1.16,1.30,2.7323,3.4244,6.8982,1
29.798,-3,-26,1500,1498,-1.08,1.12,2.7323,3.4244,6.8982,1
29.818,-3,-26,1500,1498,-1.08,1.12,2.7323,3.4244,6.8982,1
29.835,-3,-26,1500,1498,-1.08,1.12,2.7323,3.4244,6.8982,1
29.853,-2,-26,1502,1498,-1.08,1.12,2.7323,3.4244,6.8982,1
29.871,0,-25,1505,1500,-1.08,1.12,2.8257,4.2419,8.3837,1
29.888,2,-25,1505,1498,-1.08,1.12,2.8257,4.2419,8.3837,1
29.906,3,-26,1503,1496,-1.08,1.12,2.8257,4.2419,8.3837,1
29.923,5,-26,1506,1498,-1.08,1.12,2.8257,4.2419,8.3837,1
29.941,6,-26,1503,1498,-1.08,1.12,2.8257,4.2419,8.3837,1
29.959,7,-25,1504,1500,-1.08,1.12,2.8257,4.2419,8.3837,1
29.976,8,-25,1504,1498,-1.08,1.12,2.8257,4.2419,8.3837,1
29.994,9,-25,1504,1498,-1.08,1.12,2.8257,4.2419,8.3837,1
30.012,11,-25,1507,1498,-1.08,1.12,2.8257,4.2419,8.3837,1
30.030,12,-24,1504,1500,-1.08,1.12,2.8257,4.2419,8.3837,1
30.047,14,-24,1508,1498,-0.32,0.38,2.8257,4.2419,8.3837,1
30.067,16,-24,1507,1498,-0.32,0.38,2.8257,4.2419,8.3837,1
30.086,17,-24,1505,1498,-0.32,0.38,2.8257,4.2419,8.3837,1
30.103,18,-24,1506,1498,-0.32,0.38,2.8257,4.2419,8.3837,1
30.121,19,-24,1506,1498,-0.32,0.38,2.9034,4.0016,6.8338,1
30.138,20,-24,1506,1498,-0.32,0.38,2.9034,4.0016,6.8338,1
30.156,21,-24,1506,1498,-0.32,0.38,2.9034,4.0016,6.8338,1
30.174,22,-23,1507,1500,-0.32,0.38,2.9034,4.0016,6.8338,1
30.194,23,-24,1504,1498,-0.32,0.38,2.9034,4.0016,6.8338,1
30.213,23,-23,1506,1498,-0.32,0.38,2.9034,4.0016,6.8338,1
30.230,24,-23,1507,1498,-0.32,0.38,2.9034,4.0016,6.8338,1
30.247,24,-23,1504,1498,-0.32,0.38,2.9034,4.0016,6.8338,1
30.265,25,-23,1507,1498,-0.32,0.38,2.9034,4.0016,6.8338,1
30.282,25,-23,1504,1498,-0.32,0.38,2.9034,4.0016,6.8338,1
30.299,24,-23,1501,1498,-0.01,0.06,2.9034,4.0016,6.8338,1
30.317,24,-23,1504,1498,-0.01,0.06,2.9034,4.0016,6.8338,1
30.334,24,-23,1504,1498,-0.01,0.06,2.9034,4.0016,6.8338,1
30.351,23,-23,1501,1498,-0.01,0.06,2.5959,3.8030,7.3413,1
30.369,22,-22,1501,1500,-0.01,0.06,2.5959,3.8030,7.3413,1
30.386,22,-23,1504,1496,-0.01,0.06,2.5959,3.8030,7.3413,1
30.403,21,-22,1501,1500,-0.01,0.06,2.5959,3.8030,7.3413,1
30.422,20,-22,1501,1498,-0.01,0.06,2.5959,3.8030,7.3413,1
30.440,17,-23,1495,1496,-0.01,0.06,2.5959,3.8030,7.3413,1
30.458,16,-22,1500,1500,-0.01,0.06,2.5959,3.8030,7.3413,1
30.475,15,-22,1500,1498,-0.01,0.06,2.5959,3.8030,7.3413,1
30.495,11,-23,1492,1496,-0.01,0.06,2.5959,3.8030,7.3413,1
30.515,11,-23,1502,1498,-0.01,0.06,2.5959,3.8030,7.3413,1
30.532,7,-22,1490,1500,-0.01,0.06,2.5959,3.8030,7.3413,1
30.549,6,-23,1499,1496,-0.23,0.13,2.5959,3.8030,7.3413,1
30.567,6,-23,1501,1498,-0.23,0.13,2.5959,3.8030,7.3413,1
30.584,4,-22,1496,1500,-0.23,0.13,2.5959,3.8030,7.3413,1
30.602,2,-22,1495,1498,-0.23,0.13,2.5959,3.8030,7.3413,1
30.620,-1,-22,1492,1498,-0.23,0.13,2.8279,3.4676,7.5231,1
30.638,-1,-22,1500,1498,-0.23,0.13,2.8279,3.4676,7.5231,1
30.656,-5,-21,1489,1500,-0.23,0.13,2.8279,3.4676,7.5231,1
30.674,-7,-21,1493,1498,-0.23,0.13,2.8279,3.4676,7.5231,1
30.692,-8,-21,1496,1498,-0.23,0.13,2.8279,3.4676,7.5231,1
30.711,-9,-21,1496,1498,-0.23,0.13,2.8279,3.4676,7.5231,1
30.728,-10,-21,1496,1498,-0.23,0.13,2.8279,3.4676,7.5231,1
30.748,-11,-21,1496,1498,-0.23,0.13,2.8279,3.4676,7.5231,1
30.765,-11,-20,1498,1500,-0.23,0.13,2.8279,3.4676,7.5231,1
30.784,-12,-20,1495,1498,-0.23,0.13,2.8279,3.4676,7.5231,1
30.802,-12,-21,1498,1497,-0.80,0.22,2.8279,3.4676,7.5231,1
30.819,-12,-22,1498,1497,-0.80,0.22,2.8279,3.4676,7.5231,1
30.838,-12,-21,1498,1498,-0.80,0.22,2.8279,3.4676,7.5231,1
30.855,-13,-21,1495,1500,-0.80,0.22,2.8588,3.6014,8.2762,1
30.873,-13,-21,1498,1498,-0.80,0.22,2.8588,3.6014,8.2762,1
30.890,-13,-21,1498,1498,-0.80,0.22,2.8588,3.6014,8.2762,1
30.909,-14,-19,1495,1501,-0.80,0.22,2.8588,3.6014,8.2762,1
30.927,-14,-20,1498,1497,-0.80,0.22,2.8588,3.6014,8.2762,1
30.945,-15,-20,1495,1498,-0.80,0.22,2.8588,3.6014,8.2762,1
30.962,-16,-19,1494,1500,-0.80,0.22,2.8588,3.6014,8.2762,1
30.981,-17,-19,1494,1498,-0.80,0.22,2.8588,3.6014,8.2762,1
30.999,-17,-18,1497,1500,-0.80,0.22,2.8588,3.6014,8.2762,1
31.017,-17,-18,1497,1499,-0.80,0.22,2.8588,3.6014,8.2762,1
31.034,-17,-19,1497,1497,-0.80,0.22,2.8588,3.6014,8.2762,1
31.054,-16,-19,1500,1498,-1.23,0.38,2.8588,3.6014,8.2762,1
31.072,-16,-19,1497,1498,-1.23,0.38,2.8588,3.6014,8.2762,1
31.091,-15,-18,1500,1500,-1.23,0.38,2.8588,3.6014,8.2762,1
31.108,-14,-18,1500,1499,-1.23,0.38,2.8418,4.3627,8.0215,1
31.126,-13,-18,1500,1499,-1.23,0.38,2.8418,4.3627,8.0215,1
31.144,-12,-18,1500,1499,-1.23,0.38,2.8418,4.3627,8.0215,1
31.164,-12,-19,1498,1497,-1.23,0.38,2.8418,4.3627,8.0215,1
31.182,-11,-18,1500,1500,-1.23,0.38,2.8418,4.3627,8.0215,1
31.199,-9,-17,1503,1500,-1.23,0.38,2.8418,4.3627,8.0215,1
31.216,-8,-17,1501,1499,-1.23,0.38,2.8418,4.3627,8.0215,1
31.234,-6,-18,1504,1497,-1.23,0.38,2.8418,4.3627,8.0215,1
31.252,-3,-17,1507,1500,-1.23,0.38,2.8418,4.3627,8.0215,1
31.269,-1,-17,1505,1499,-1.23,0.38,2.8418,4.3627,8.0215,1
31.287,2,-17,1508,1499,-1.80,1.43,2.8418,4.3627,8.0215,1
31.305,4,-16,1506,1500,-1.80,1.43,2.8418,4.3627,8.0215,1
31.323,6,-17,1506,1497,-1.80,1.43,2.8418,4.3627,8.0215,1
31.341,8,-16,1506,1500,-1.80,1.43,2.8418,4.3627,8.0215,1
31.358,10,-16,1507,1499,-1.80,1.43,2.7761,3.2245,7.6420,1
31.376,12,-16,1507,1499,-1.80,1.43,2.7761,3.2245,7.6420,1
31.395,14,-16,1507,1499,-1.80,1.43,2.7761,3.2245,7.6420,1
31.412,16,-15,1508,1500,-1.80,1.43,2.7761,3.2245,7.6420,1
31.430,18,-15,1509,1499,-1.80,1.43,2.7761,3.2245,7.6420,1
31.447,19,-15,1506,1499,-1.80,1.43,2.7761,3.2245,7.6420,1
31.466,22,-16,1512,1497,-1.80,1.43,2.7761,3.2245,7.6420,1
31.484,23,-16,1507,1499,-1.80,1.43,2.7761,3.2245,7.6420,1
31.502,25,-16,1510,1499,-1.80,1.43,2.7761,3.2245,7.6420,1
31.519,27,-15,1511,1500,-1.80,1.43,2.7761,3.2245,7.6420,1
31.536,29,-15,1511,1499,-1.56,1.74,2.7761,3.2245,7.6420,1
31.554,31,-15,1511,1499,-1.56,1.74,2.7761,3.2245,7.6420,1
31.572,33,-15,1511,1499,-1.56,1.74,2.7761,3.2245,7.6420,1
31.590,35,-14,1512,1500,-1.56,1.74,2.7761,3.2245,7.6420,1
31.607,37,-14,1513,1499,-1.56,1.74,2.7053,3.5061,6.8092,1
31.627,40,-14,1515,1499,-1.56,1.74,2.7053,3.5061,6.8092,1
31.646,42,-14,1513,1499,-1.56,1.74,2.7053,3.5061,6.8092,1
31.663,44,-14,1514,1499,-1.56,1.74,2.7053,3.5061,6.8092,1
31.681,46,-14,1514,1499,-1.56,1.74,2.7053,3.5061,6.8092,1
31.698,48,-14,1515,1499,-1.56,1.74,2.7053,3.5061,6.8092,1
31.716,52,-14,1521,1499,-1.56,1.74,2.7053,3.5061,6.8092,1
31.733,54,-14,1516,1499,-1.56,1.74,2.7053,3.5061,6.8092,1
31.750,57,-13,1519,1500,-1.56,1.74,2.7053,3.5061,6.8092,1
31.768,59,-14,1517,1497,-1.56,1.74,2.7053,3.5061,6.8092,1
31.785,61,-14,1517,1499,-1.56,1.74,2.7053,3.5061,6.8092,0
31.802,63,-13,1518,1500,-0.45,1.52,2.7053,3.5061,6.8092,0
31.820,65,-14,1518,1497,-0.45,1.52,2.7053,3.5061,6.8092,0
31.838,65,-14,1513,1499,-0.45,1.52,2.7053,3.5061,6.8092,0
31.856,67,-13,1519,1500,-0.45,1.52,2.6718,3.5200,7.0108,0
31.876,69,-14,1519,1498,-0.45,1.52,2.6718,3.5200,7.0108,0
31.893,70,-14,1516,1499,-0.45,1.52,2.6718,3.5200,7.0108,0
31.911,74,-14,1526,1499,-0.45,1.52,2.6718,3.5200,7.0108,0
31.930,76,-13,1520,1500,-0.45,1.52,2.6718,3.5200,7.0108,0
31.949,77,-13,1518,1499,-0.45,1.52,2.6718,3.5200,7.0108,0
31.966,79,-13,1521,1499,-0.45,1.52,2.6718,3.5200,7.0108,0
31.985,80,-13,1518,1499,-0.45,1.52,2.6718,3.5200,7.0108,0
32.002,80,-14,1516,1497,-0.45,1.52,2.6718,3.5200,7.0108,0
32.020,81,-14,1519,1499,-0.45,1.52,2.6718,3.5200,7.0108,0
32.037,82,-14,1519,1499,0.48,0.85,2.6718,3.5200,7.0108,0
32.054,82,-14,1516,1499,0.48,0.85,2.6718,3.5200,7.0108,0
32.071,82,-14,1516,1499,0.48,0.85,2.6718,3.5200,7.0108,0
32.089,82,-14,1516,1499,0.48,0.85,2.6718,3.5200,7.0108,0
32.108,82,-14,1516,1499,0.48,0.85,2.6153,4.0549,6.9735,0
32.125,82,-15,1516,1497,0.48,0.85,2.6153,4.0549,6.9735,0
32.143,82,-15,1516,1499,0.48,0.85,2.6153,4.0549,6.9735,0
32.160,82,-15,1516,1499,0.48,0.85,2.6153,4.0549,6.9735,0
32.179,81,-14,1513,1500,0.48,0.85,2.6153,4.0549,6.9735,0
32.196,80,-15,1513,1497,0.48,0.85,2.6153,4.0549,6.9735,0
32.213,79,-16,1513,1497,0.48,0.85,2.6153,4.0549,6.9735,0
32.232,77,-15,1510,1500,0.48,0.85,2.6153,4.0549,6.9735,0
32.250,75,-15,1509,1499,0.48,0.85,2.6153,4.0549,6.9735,0
32.268,74,-15,1512,1499,0.48,0.85,2.6153,4.0549,6.9735,0
32.285,72,-15,1508,1499,0.48,0.85,2.6153,4.0549,6.9735,0
32.302,72,-15,1514,1499,0.99,0.81,2.6153,4.0549,6.9735,0
32.319,70,-15,1508,1499,0.99,0.81,2.6153,4.0549,6.9735,0
32.339,68,-15,1508,1499,0.99,0.81,2.6153,4.0549,6.9735,0
32.358,65,-15,1505,1499,0.99,0.81,2.9142,4.4283,6.3572,0
32.375,63,-15,1507,1499,0.99,0.81,2.9142,4.4283,6.3572,0
32.395,60,-14,1504,1500,0.99,0.81,2.9142,4.4283,6.3572,1
32.412,56,-15,1500,1497,0.99,0.81,2.9142,4.4283,6.3572,1
32.429,53,-15,1502,1499,0.99,0.81,2.9142,4.4283,6.3572,1
32.447,50,-14,1501,1500,0.99,0.81,2.9142,4.4283,6.3572,1
32.464,48,-14,1504,1499,0.99,0.81,2.9142,4.4283,6.3572,1
32.482,45,-15,1500,1497,0.99,0.81,2.9142,4.4283,6.3572,1
32.499,41,-14,1497,1500,0.99,0.81,2.9142,4.4283,6.3572,1
32.517,40,-14,1505,1499,0.99,0.81,2.9142,4.4283,6.3572,1
32.535,38,-13,1502,1500,0.99,0.81,2.9142,4.4283,6.3572,1
32.552,37,-13,1504,1499,0.73,0.71,2.9142,4.4283,6.3572,1
32.570,36,-13,1504,1499,0.73,0.71,2.9142,4.4283,6.3572,1
32.588,36,-13,1507,1499,0.73,0.71,2.9142,4.4283,6.3572,1
32.607,34,-14,1501,1497,0.73,0.71,2.8313,4.3428,8.6072,1
32.624,33,-14,1504,1499,0.73,0.71,2.8313,4.3428,8.6072,1
32.641,32,-15,1503,1497,0.73,0.71,2.8313,4.3428,8.6072,1
32.661,31,-14,1503,1500,0.73,0.71,2.8313,4.3428,8.6072,1
32.678,30,-13,1503,1500,0.73,0.71,2.8313,4.3428,8.6072,1
32.696,28,-13,1500,1499,0.73,0.71,2.8313,4.3428,8.6072,1
32.713,27,-13,1502,1499,0.73,0.71,2.8313,4.3428,8.6072,1
32.730,25,-13,1500,1499,0.73,0.71,2.8313,4.3428,8.6072,1
32.747,25,-13,1505,1499,0.73,0.71,2.8313,4.3428,8.6072,1
32.764,23,-14,1499,1497,0.73,0.71,2.8313,4.3428,8.6072,1
32.781,22,-13,1501,1500,0.73,0.71,2.8313,4.3428,8.6072,1
32.799,21,-13,1501,1499,0.58,0.54,2.8313,4.3428,8.6072,1
32.817,21,-13,1504,1499,0.58,0.54,2.8313,4.3428,8.6072,1
32.834,20,-12,1501,1500,0.58,0.54,2.8313,4.3428,8.6072,1
32.852,19,-12,1501,1499,0.58,0.54,2.5703,4.6159,7.4749,1
32.873,18,-11,1501,1500,0.58,0.54,2.5703,4.6159,7.4749,1
32.890,16,-11,1499,1499,0.58,0.54,2.5703,4.6159,7.4749,1
32.908,13,-13,1495,1496,0.58,0.54,2.5703,4.6159,7.4749,1
32.926,12,-13,1500,1499,0.58,0.54,2.5703,4.6159,7.4749,1
32.944,10,-12,1497,1500,0.58,0.54,2.5703,4.6159,7.4749,1
32.961,8,-11,1496,1500,0.58,0.54,2.5703,4.6159,7.4749,1
32.980,7,-11,1499,1499,0.58,0.54,2.5703,4.6159,7.4749,1
32.997,6,-11,1499,1499,0.58,0.54,2.5703,4.6159,7.4749,1
33.014,4,-12,1496,1498,0.58,0.54,2.5703,4.6159,7.4749,1
33.032,3,-13,1499,1497,0.58,0.54,2.5703,4.6159,7.4749,1
33.049,2,-13,1498,1499,0.14,1.01,2.5703,4.6159,7.4749,1
33.069,1,-13,1498,1499,0.14,1.01,2.5703,4.6159,7.4749,1
33.087,1,-13,1500,1499,0.14,1.01,2.5703,4.6159,7.4749,1
33.105,0,-13,1498,1499,0.14,1.01,2.4713,4.1288,8.9973,1
33.124,0,-12,1500,1500,0.14,1.01,2.4713,4.1288,8.9973,1
33.143,0,-12,1500,1499,0.14,1.01,2.4713,4.1288,8.9973,1
33.160,0,-11,1500,1500,0.14,1.01,2.4713,4.1288,8.9973,1
33.177,2,-10,1506,1500,0.14,1.01,2.4713,4.1288,8.9973,1
33.194,2,-10,1500,1499,0.14,1.01,2.4713,4.1288,8.9973,1
33.212,3,-10,1503,1499,0.14,1.01,2.4713,4.1288,8.9973,1
33.229,3,-10,1500,1499,0.14,1.01,2.4713,4.1288,8.9973,1
33.247,2,-11,1498,1498,0.14,1.01,2.4713,4.1288,8.9973,1
33.264,0,-11,1495,1499,0.14,1.01,2.4713,4.1288,8.9973,1
33.281,0,-11,1500,1499,0.14,1.01,2.4713,4.1288,8.9973,1
33.299,-1,-10,1498,1500,-0.83,1.44,2.4713,4.1288,8.9973,1
33.319,-2,-10,1498,1499,-0.83,1.44,2.4713,4.1288,8.9973,1
33.336,-2,-9,1500,1500,-0.83,1.44,2.4713,4.1288,8.9973,1
33.354,-2,-9,1500,1499,-0.83,1.44,2.6760,4.4770,7.5392,1
33.373,-3,-10,1497,1498,-0.83,1.44,2.6760,4.4770,7.5392,1
33.391,-3,-9,1500,1500,-0.83,1.44,2.6760,4.4770,7.5392,1
33.409,-3,-9,1500,1499,-0.83,1.44,2.6760,4.4770,7.5392,1
33.427,-3,-9,1500,1499,-0.83,1.44,2.6760,4.4770,7.5392,1
33.445,-4,-9,1497,1499,-0.83,1.44,2.6760,4.4770,7.5392,1
33.463,-4,-9,1500,1499,-0.83,1.44,2.6760,4.4770,7.5392,1
33.480,-4,-9,1500,1499,-0.83,1.44,2.6760,4.4770,7.5392,1
33.498,-5,-10,1497,1498,-0.83,1.44,2.6760,4.4770,7.5392,1
33.518,-6,-9,1497,1500,-0.83,1.44,2.6760,4.4770,7.5392,1
33.537,-6,-9,1499,1499,-0.69,1.12,2.6760,4.4770,7.5392,1
33.555,-6,-8,1499,1500,-0.69,1.12,2.6760,4.4770,7.5392,1
33.574,-7,-7,1497,1500,-0.69,1.12,2.6760,4.4770,7.5392,1
33.598,-7,-7,1499,1500,-0.69,1.12,2.6760,4.4770,7.5392,1
33.616,-7,-8,1499,1498,-0.69,1.12,2.6427,4.2189,7.9671,1
33.633,-8,-8,1496,1500,-0.69,1.12,2.6427,4.2189,7.9671,1
33.651,-8,-7,1499,1500,-0.69,1.12,2.6427,4.2189,7.9671,1
33.668,-8,-7,1499,1500,-0.69,1.12,2.6427,4.2189,7.9671,1
33.686,-7,-8,1501,1498,-0.69,1.12,2.6427,4.2189,7.9671,1
33.703,-7,-8,1499,1500,-0.69,1.12,2.6427,4.2189,7.9671,1
33.721,-6,-8,1501,1500,-0.69,1.12,2.6427,4.2189,7.9671,1
33.738,-5,-7,1502,1500,-0.69,1.12,2.6427,4.2189,7.9671,1
33.756,-4,-6,1502,1500,-0.69,1.12,2.6427,4.2189,7.9671,1
33.774,-3,-6,1502,1500,-0.69,1.12,2.6427,4.2189,7.9671,1
33.794,-2,-6,1502,1500,0.07,1.39,2.6427,4.2189,7.9671,1
33.812,-1,-6,1502,1500,0.07,1.39,2.6427,4.2189,7.9671,1
33.830,-1,-6,1500,1500,0.07,1.39,2.6427,4.2189,7.9671,1
33.848,0,-6,1503,1500,0.07,1.39,2.6678,3.4841,7.3948,1
33.867,1,-6,1502,1500,0.07,1.39,2.6678,3.4841,7.3948,1
33.884,3,-6,1506,1500,0.07,1.39,2.6678,3.4841,7.3948,1
33.901,5,-7,1506,1498,0.07,1.39,2.6678,3.4841,7.3948,1
33.921,6,-6,1504,1500,0.07,1.39,2.6678,3.4841,7.3948,1
33.938,8,-6,1507,1500,0.07,1.39,2.6678,3.4841,7.3948,1
33.955,9,-6,1504,1500,0.07,1.39,2.6678,3.4841,7.3948,1
33.973,9,-6,1501,1500,0.07,1.39,2.6678,3.4841,7.3948,1
33.990,9,-6,1501,1500,0.07,1.39,2.6678,3.4841,7.3948,1
34.008,9,-6,1501,1500,0.07,1.39,2.6678,3.4841,7.3948,1
34.026,10,-6,1504,1500,0.07,1.39,2.6678,3.4841,7.3948,1
34.043,10,-6,1502,1500,-0.07,0.76,2.6678,3.4841,7.3948,1
34.060,11,-6,1505,1500,-0.07,0.76,2.6678,3.4841,7.3948,1
34.078,10,-6,1500,1500,-0.07,0.76,2.6678,3.4841,7.3948,1
34.096,10,-6,1502,1500,-0.07,0.76,2.6678,3.4841,7.3948,1
34.115,10,-6,1502,1500,-0.07,0.76,3.1030,3.2757,6.6972,1
34.133,9,-6,1500,1500,-0.07,0.76,3.1030,3.2757,6.6972,1
34.152,6,-6,1494,1500,-0.07,0.76,3.1030,3.2757,6.6972,1
34.170,6,-6,1501,1500,-0.07,0.76,3.1030,3.2757,6.6972,1
34.187,5,-6,1499,1500,-0.07,0.76,3.1030,3.2757,6.6972,1
34.204,5,-6,1501,1500,-0.07,0.76,3.1030,3.2757,6.6972,1
34.222,4,-6,1499,1500,-0.07,0.76,3.1030,3.2757,6.6972,1
34.241,4,-6,1501,1500,-0.07,0.76,3.1030,3.2757,6.6972,1
34.258,3,-5,1498,1501,-0.07,0.76,3.1030,3.2757,6.6972,1
34.276,3,-5,1500,1500,-0.07,0.76,3.1030,3.2757,6.6972,1
34.294,3,-5,1500,1500,-0.69,0.33,3.1030,3.2757,6.6972,1
34.311,4,-5,1503,1500,-0.69,0.33,3.1030,3.2757,6.6972,1
34.328,4,-6,1501,1498,-0.69,0.33,3.1030,3.2757,6.6972,1
34.345,3,-5,1498,1501,-0.69,0.33,2.8159,3.7437,7.6053,1
34.367,3,-5,1500,1500,-0.69,0.33,2.8159,3.7437,7.6053,1
34.385,2,-6,1499,1498,-0.69,0.33,2.8159,3.7437,7.6053,1
34.403,1,-5,1498,1501,-0.69,0.33,2.8159,3.7437,7.6053,1
34.421,0,-5,1498,1500,-0.69,0.33,2.8159,3.7437,7.6053,1
34.439,-1,-6,1498,1498,-0.69,0.33,2.8159,3.7437,7.6053,1
34.458,-2,-5,1498,1501,-0.69,0.33,2.8159,3.7437,7.6053,1
34.475,-3,-5,1497,1500,-0.69,0.33,2.8159,3.7437,7.6053,1
34.493,-6,-5,1494,1500,-0.69,0.33,2.8159,3.7437,7.6053,1
34.510,-7,-4,1494,1501,-0.69,0.33,2.8159,3.7437,7.6053,1
34.527,-8,-4,1496,1500,-0.69,0.33,2.8159,3.7437,7.6053,1
34.546,-10,-4,1493,1500,-1.13,0.84,2.8159,3.7437,7.6053,1
34.563,-10,-4,1499,1500,-1.13,0.84,2.8159,3.7437,7.6053,1
34.581,-12,-3,1493,1501,-1.13,0.84,2.8159,3.7437,7.6053,1
34.599,-14,-3,1492,1500,-1.13,0.84,2.8014,3.6598,7.7390,1
34.617,-14,-3,1498,1500,-1.13,0.84,2.8014,3.6598,7.7390,1
34.636,-16,-2,1492,1501,-1.13,0.84,2.8014,3.6598,7.7390,1
34.654,-18,-2,1492,1500,-1.13,0.84,2.8014,3.6598,7.7390,1
34.671,-19,-2,1494,1500,-1.13,0.84,2.8014,3.6598,7.7390,1
34.690,-20,-1,1494,1501,-1.13,0.84,2.8014,3.6598,7.7390,1
34.707,-21,0,1494,1501,-1.13,0.84,2.8014,3.6598,7.7390,1
34.725,-22,-1,1493,1499,-1.13,0.84,2.8014,3.6598,7.7390,1
34.743,-22,-1,1496,1500,-1.13,0.84,2.8014,3.6598,7.7390,1
34.761,-23,0,1493,1501,-1.13,0.84,2.8014,3.6598,7.7390,1
34.778,-24,0,1493,1500,-1.13,0.84,2.8014,3.6598,7.7390,1
34.796,-24,0,1496,1500,-1.32,1.18,2.8014,3.6598,7.7390,1
34.813,-23,0,1499,1500,-1.32,1.18,2.8014,3.6598,7.7390,1
34.835,-23,1,1496,1501,-1.32,1.18,2.8014,3.6598,7.7390,1
34.853,-23,1,1496,1500,-1.32,1.18,2.7101,4.5792,6.8183,1
34.871,-23,1,1496,1500,-1.32,1.18,2.7101,4.5792,6.8183,1
34.889,-23,1,1496,1500,-1.32,1.18,2.7101,4.5792,6.8183,1
34.906,-24,0,1493,1499,-1.32,1.18,2.7101,4.5792,6.8183,1
34.923,-24,0,1496,1500,-1.32,1.18,2.7101,4.5792,6.8183,1
34.942,-24,0,1496,1500,-1.32,1.18,2.7101,4.5792,6.8183,1
34.959,-24,1,1496,1501,-1.32,1.18,2.7101,4.5792,6.8183,1
34.976,-24,2,1496,1501,-1.32,1.18,2.7101,4.5792,6.8183,1
34.994,-25,3,1493,1501,-1.32,1.18,2.7101,4.5792,6.8183,1
35.011,-25,3,1496,1500,-1.32,1.18,2.7101,4.5792,6.8183,1
35.028,-25,3,1496,1500,-1.32,1.18,2.7101,4.5792,6.8183,1
35.046,-25,3,1496,1500,-0.95,1.63,2.7101,4.5792,6.8183,1
35.064,-24,3,1498,1500,-0.95,1.63,2.7101,4.5792,6.8183,1
35.083,-25,3,1493,1500,-0.95,1.63,2.7101,4.5792,6.8183,1
35.106,-24,3,1498,1500,-0.95,1.63,2.6571,4.6297,6.9328,1
35.127,-24,4,1496,1501,-0.95,1.63,2.6571,4.6297,6.9328,1
35.147,-24,5,1496,1501,-0.95,1.63,2.6571,4.6297,6.9328,1
35.164,-24,5,1496,1500,-0.95,1.63,2.6571,4.6297,6.9328,1
35.181,-24,5,1496,1500,-0.95,1.63,2.6571,4.6297,6.9328,1
35.199,-24,5,1496,1500,-0.95,1.63,2.6571,4.6297,6.9328,1
35.216,-24,6,1496,1502,-0.95,1.63,2.6571,4.6297,6.9328,1
35.234,-24,6,1496,1500,-0.95,1.63,2.6571,4.6297,6.9328,1
35.252,-24,6,1496,1500,-0.95,1.63,2.6571,4.6297,6.9328,1
35.269,-25,6,1493,1500,-0.95,1.63,2.6571,4.6297,6.9328,1
35.287,-25,6,1496,1500,-0.24,1.38,2.6571,4.6297,6.9328,1
35.304,-25,7,1496,1502,-0.24,1.38,2.6571,4.6297,6.9328,1
35.321,-25,7,1496,1500,-0.24,1.38,2.6571,4.6297,6.9328,1
35.340,-25,7,1496,1500,-0.24,1.38,2.6571,4.6297,6.9328,1
35.358,-25,7,1496,1500,-0.24,1.38,2.9876,4.9196,8.7331,1
35.376,-24,8,1498,1502,-0.24,1.38,2.9876,4.9196,8.7331,1
35.393,-22,8,1501,1500,-0.24,1.38,2.9876,4.9196,8.7331,1
35.410,-21,8,1499,1500,-0.24,1.38,2.9876,4.9196,8.7331,1
35.428,-20,8,1499,1500,-0.24,1.38,2.9876,4.9196,8.7331,1
35.446,-18,8,1502,1500,-0.24,1.38,2.9876,4.9196,8.7331,1
35.463,-16,8,1502,1500,-0.24,1.38,2.9876,4.9196,8.7331,1
35.480,-15,8,1500,1500,-0.24,1.38,2.9876,4.9196,8.7331,1
35.498,-13,7,1503,1499,-0.24,1.38,2.9876,4.9196,8.7331,1
35.515,-12,7,1500,1500,-0.24,1.38,2.9876,4.9196,8.7331,1
35.532,-11,7,1500,1500,0.04,2.02,2.9876,4.9196,8.7331,1
35.550,-11,7,1498,1500,0.04,2.02,2.9876,4.9196,8.7331,1
35.568,-10,7,1500,1500,0.04,2.02,2.9876,4.9196,8.7331,1
35.586,-7,9,1506,1504,0.04,2.02,2.9876,4.9196,8.7331,1
35.603,-6,10,1501,1502,0.04,2.02,2.8581,4.4622,8.8049,1
35.625,-4,10,1504,1500,0.04,2.02,2.8581,4.4622,8.8049,1
35.642,-2,11,1504,1502,0.04,2.02,2.8581,4.4622,8.8049,1
35.660,2,11,1511,1501,0.04,2.02,2.8581,4.4622,8.8049,1
35.678,2,11,1500,1501,0.04,2.02,2.8581,4.4622,8.8049,1
35.696,7,12,1515,1502,0.04,2.02,2.8581,4.4622,8.8049,1
35.714,9,11,1507,1500,0.04,2.02,2.8581,4.4622,8.8049,1
35.731,11,12,1507,1502,0.04,2.02,2.8581,4.4622,8.8049,1
35.749,13,11,1508,1500,0.04,2.02,2.8581,4.4622,8.8049,1
35.767,15,12,1508,1502,0.04,2.02,2.8581,4.4622,8.8049,1
35.784,16,12,1505,1501,0.23,2.46,2.8581,4.4622,8.8049,1
35.801,18,12,1509,1501,0.23,2.46,2.8581,4.4622,8.8049,1
35.818,19,13,1506,1502,0.23,2.46,2.8581,4.4622,8.8049,1
35.835,21,13,1510,1501,0.23,2.46,2.8581,4.4622,8.8049,1
35.853,22,13,1507,1501,0.23,2.46,2.3761,4.1348,7.7885,1
35.870,24,13,1510,1501,0.23,2.46,2.3761,4.1348,7.7885,1
35.887,25,14,1507,1503,0.23,2.46,2.3761,4.1348,7.7885,1
35.904,27,14,1511,1501,0.23,2.46,2.3761,4.1348,7.7885,1
35.922,28,14,1508,1501,0.23,2.46,2.3761,4.1348,7.7885,1
35.940,30,14,1511,1501,0.23,2.46,2.3761,4.1348,7.7885,1
35.958,33,14,1514,1501,0.23,2.46,2.3761,4.1348,7.7885,1
35.979,35,13,1512,1500,0.23,2.46,2.3761,4.1348,7.7885,1
35.997,37,14,1512,1502,0.23,2.46,2.3761,4.1348,7.7885,1
36.015,39,14,1513,1501,0.23,2.46,2.3761,4.1348,7.7885,1
36.033,41,14,1513,1501,0.85,2.35,2.3761,4.1348,7.7885,1
36.050,43,14,1514,1501,0.85,2.35,2.3761,4.1348,7.7885,1
36.067,45,14,1514,1501,0.85,2.35,2.3761,4.1348,7.7885,1
36.084,46,13,1512,1500,0.85,2.35,2.3761,4.1348,7.7885,1
36.103,48,13,1514,1501,0.85,2.35,2.8542,3.4058,6.9182,1
36.120,50,14,1515,1503,0.85,2.35,2.8542,3.4058,6.9182,1
36.138,50,14,1510,1501,0.85,2.35,2.8542,3.4058,6.9182,1
36.156,51,14,1513,1501,0.85,2.35,2.8542,3.4058,6.9182,1
36.174,51,14,1510,1501,0.85,2.35,2.8542,3.4058,6.9182,1
36.193,51,14,1510,1501,0.85,2.35,2.8542,3.4058,6.9182,1
36.210,51,14,1510,1501,0.85,2.35,2.8542,3.4058,6.9182,1
36.227,49,13,1504,1500,0.85,2.35,2.8542,3.4058,6.9182,1
36.246,49,13,1509,1501,0.85,2.35,2.8542,3.4058,6.9182,1
36.264,48,13,1507,1501,0.85,2.35,2.8542,3.4058,6.9182,1
36.281,48,13,1509,1501,0.85,2.35,2.8542,3.4058,6.9182,1
36.298,47,13,1506,1501,0.12,1.90,2.8542,3.4058,6.9182,1
36.316,47,13,1509,1501,0.12,1.90,2.8542,3.4058,6.9182,1
36.333,46,12,1506,1500,0.12,1.90,2.8542,3.4058,6.9182,1
36.350,45,12,1506,1501,0.12,1.90,2.9567,3.4788,7.5009,1
36.367,41,12,1497,1501,0.12,1.90,2.9567,3.4788,7.5009,1
36.384,39,12,1502,1501,0.12,1.90,2.9567,3.4788,7.5009,1
36.402,38,13,1504,1502,0.12,1.90,2.9567,3.4788,7.5009,1
36.423,36,12,1502,1500,0.12,1.90,2.9567,3.4788,7.5009,1
36.440,35,12,1504,1501,0.12,1.90,2.9567,3.4788,7.5009,1
36.460,34,12,1504,1501,0.12,1.90,2.9567,3.4788,7.5009,1
36.478,33,11,1503,1500,0.12,1.90,2.9567,3.4788,7.5009,1
36.495,32,11,1503,1501,0.12,1.90,2.9567,3.4788,7.5009,1
36.513,31,11,1503,1501,0.12,1.90,2.9567,3.4788,7.5009,1
36.531,30,10,1503,1500,-0.77,1.32,2.9567,3.4788,7.5009,1
36.548,30,10,1506,1500,-0.77,1.32,2.9567,3.4788,7.5009,1
36.566,29,10,1503,1500,-0.77,1.32,2.9567,3.4788,7.5009,1
36.585,29,10,1506,1500,-0.77,1.32,2.9567,3.4788,7.5009,1
36.604,29,10,1506,1500,-0.77,1.32,2.6210,4.7246,5.9930,1
36.622,29,10,1506,1500,-0.77,1.32,2.6210,4.7246,5.9930,1
36.639,29,9,1506,1500,-0.77,1.32,2.6210,4.7246,5.9930,1
36.660,29,10,1506,1502,-0.77,1.32,2.6210,4.7246,5.9930,1
36.680,30,9,1506,1500,-0.77,1.32,2.6210,4.7246,5.9930,1
36.698,30,9,1508,1500,-0.77,1.32,2.6210,4.7246,5.9930,1
36.715,31,8,1509,1500,-0.77,1.32,2.6210,4.7246,5.9930,1
36.734,31,7,1506,1500,-0.77,1.32,2.6210,4.7246,5.9930,1
36.751,32,7,1509,1500,-0.77,1.32,2.6210,4.7246,5.9930,1
36.768,33,7,1509,1500,-0.77,1.32,2.6210,4.7246,5.9930,1
36.787,34,7,1509,1500,-0.55,0.81,2.6210,4.7246,5.9930,1
36.804,35,8,1510,1502,-0.55,0.81,2.6210,4.7246,5.9930,1
36.822,36,8,1510,1500,-0.55,0.81,2.6210,4.7246,5.9930,1
36.840,37,9,1510,1502,-0.55,0.81,2.6491,4.4654,7.1070,1
36.858,38,8,1510,1500,-0.55,0.81,2.6491,4.4654,7.1070,1
36.875,38,7,1507,1500,-0.55,0.81,2.6491,4.4654,7.1070,1
36.893,39,7,1510,1500,-0.55,0.81,2.6491,4.4654,7.1070,1
36.911,40,7,1510,1500,-0.55,0.81,2.6491,4.4654,7.1070,1
36.930,40,8,1508,1502,-0.55,0.81,2.6491,4.4654,7.1070,1
36.948,40,8,1508,1500,-0.55,0.81,2.6491,4.4654,7.1070,1
36.965,41,8,1511,1500,-0.55,0.81,2.6491,4.4654,7.1070,1
36.982,41,8,1508,1500,-0.55,0.81,2.6491,4.4654,7.1070,1
37.000,41,8,1508,1500,-0.55,0.81,2.6491,4.4654,7.1070,1
37.019,40,7,1505,1500,-0.55,0.81,2.6491,4.4654,7.1070,1
37.036,40,6,1508,1499,-1.03,1.73,2.6491,4.4654,7.1070,1
37.055,39,5,1505,1499,-1.03,1.73,2.6491,4.4654,7.1070,1
37.074,38,5,1505,1500,-1.03,1.73,2.6491,4.4654,7.1070,1
37.092,37,5,1504,1500,-1.03,1.73,2.5715,4.3761,8.8787,1
37.109,36,6,1504,1502,-1.03,1.73,2.5715,4.3761,8.8787,1
37.127,35,5,1504,1499,-1.03,1.73,2.5715,4.3761,8.8787,1
37.148,33,6,1501,1502,-1.03,1.73,2.5715,4.3761,8.8787,1
37.166,33,6,1506,1500,-1.03,1.73,2.5715,4.3761,8.8787,1
37.184,32,7,1503,1502,-1.03,1.73,2.5715,4.3761,8.8787,1
37.202,31,6,1503,1499,-1.03,1.73,2.5715,4.3761,8.8787,1
37.219,30,6,1503,1500,-1.03,1.73,2.5715,4.3761,8.8787,1
37.236,29,6,1503,1500,-1.03,1.73,2.5715,4.3761,8.8787,1
37.254,29,6,1506,1500,-1.03,1.73,2.5715,4.3761,8.8787,1
37.271,29,6,1506,1500,-1.03,1.73,2.5715,4.3761,8.8787,1
37.289,28,6,1502,1500,-0.97,1.70,2.5715,4.3761,8.8787,1
37.306,28,5,1505,1499,-0.97,1.70,2.5715,4.3761,8.8787,1
37.324,27,5,1502,1500,-0.97,1.70,2.5715,4.3761,8.8787,1
37.341,27,4,1505,1499,-0.97,1.70,2.5715,4.3761,8.8787,1
37.359,26,4,1502,1500,-0.97,1.70,2.3443,6.9553,8.6831,1
37.377,26,4,1505,1500,-0.97,1.70,2.3443,6.9553,8.6831,1
37.395,25,4,1502,1500,-0.97,1.70,2.3443,6.9553,8.6831,1
37.412,26,4,1508,1500,-0.97,1.70,2.3443,6.9553,8.6831,1
37.431,26,4,1505,1500,-0.97,1.70,2.3443,6.9553,8.6831,1
37.448,26,3,1505,1499,-0.97,1.70,2.3443,6.9553,8.6831,1
37.466,27,3,1508,1500,-0.97,1.70,2.3443,6.9553,8.6831,1
37.484,28,4,1508,1502,-0.97,1.70,2.3443,6.9553,8.6831,1
37.504,29,4,1508,1500,-0.97,1.70,2.3443,6.9553,8.6831,1
37.523,32,3,1513,1499,-0.97,1.70,2.3443,6.9553,8.6831,1
37.541,32,3,1506,1500,-0.25,1.39,2.3443,6.9553,8.6831,1
37.561,33,3,1509,1500,-0.25,1.39,2.3443,6.9553,8.6831,1
37.580,35,2,1512,1499,-0.25,1.39,2.3443,6.9553,8.6831,1
37.598,36,3,1510,1501,-0.25,1.39,2.4924,6.9757,8.5599,1
37.617,38,3,1513,1500,-0.25,1.39,2.4924,6.9757,8.5599,1
37.638,41,3,1516,1500,-0.25,1.39,2.4924,6.9757,8.5599,1
37.655,43,3,1514,1500,-0.25,1.39,2.4924,6.9757,8.5599,1
37.672,44,1,1511,1497,-0.25,1.39,2.4924,6.9757,8.5599,1
37.691,47,2,1517,1501,-0.25,1.39,2.4924,6.9757,8.5599,1
37.710,48,2,1512,1500,-0.25,1.39,2.4924,6.9757,8.5599,1
37.728,49,2,1512,1500,-0.25,1.39,2.4924,6.9757,8.5599,1
37.745,50,2,1513,1500,-0.25,1.39,2.4924,6.9757,8.5599,1
37.763,51,2,1513,1500,-0.25,1.39,2.4924,6.9757,8.5599,1
37.783,52,0,1513,1497,0.11,1.16,2.4924,6.9757,8.5599,1
37.802,53,1,1513,1501,0.11,1.16,2.4924,6.9757,8.5599,1
37.827,54,1,1513,1500,0.11,1.16,2.4924,6.9757,8.5599,1
37.846,55,1,1513,1500,0.11,1.16,2.5404,7.3233,9.1766,1
37.863,55,1,1511,1500,0.11,1.16,2.5404,7.3233,9.1766,1
37.881,56,1,1514,1500,0.11,1.16,2.5404,7.3233,9.1766,1
37.899,58,0,1517,1499,0.11,1.16,2.5404,7.3233,9.1766,1
37.917,59,0,1514,1500,0.11,1.16,2.5404,7.3233,9.1766,1
37.934,61,-1,1518,1499,0.11,1.16,2.5404,7.3233,9.1766,0
37.952,63,0,1518,1501,0.11,1.16,2.5404,7.3233,9.1766,0
37.970,65,0,1518,1500,0.11,1.16,2.5404,7.3233,9.1766,0
37.987,67,0,1519,1500,0.11,1.16,2.5404,7.3233,9.1766,0
38.004,69,0,1519,1500,0.11,1.16,2.5404,7.3233,9.1766,0
38.022,71,0,1519,1500,0.11,1.16,2.5404,7.3233,9.1766,0
38.039,74,-2,1523,1497,1.12,1.21,2.5404,7.3233,9.1766,0
38.056,76,0,1521,1503,1.12,1.21,2.5404,7.3233,9.1766,0
38.080,78,0,1520,1500,1.12,1.21,2.5404,7.3233,9.1766,0
38.102,80,0,1520,1500,1.12,1.21,2.8899,6.3657,9.2395,0
38.119,82,0,1522,1500,1.12,1.21,2.8899,6.3657,9.2395,0
38.136,86,0,1528,1500,1.12,1.21,2.8899,6.3657,9.2395,0
38.155,88,0,1523,1500,1.12,1.21,2.8899,6.3657,9.2395,0
38.172,88,-1,1517,1499,1.12,1.21,2.8899,6.3657,9.2395,0
38.191,90,-2,1523,1499,1.12,1.21,2.8899,6.3657,9.2395,0
38.208,90,-2,1518,1500,1.12,1.21,2.8899,6.3657,9.2395,0
38.225,90,-2,1518,1500,1.12,1.21,2.8899,6.3657,9.2395,0
38.243,90,-1,1518,1501,1.12,1.21,2.8899,6.3657,9.2395,0
38.260,90,-1,1518,1500,1.12,1.21,2.8899,6.3657,9.2395,0
38.277,90,0,1518,1501,1.67,1.87,2.8899,6.3657,9.2395,0
38.296,90,0,1518,1500,1.67,1.87,2.8899,6.3657,9.2395,0
38.314,90,1,1518,1501,1.67,1.87,2.8899,6.3657,9.2395,0
38.331,89,1,1515,1500,1.67,1.87,2.8899,6.3657,9.2395,0
38.350,89,1,1518,1500,1.67,1.87,2.3059,5.2162,8.0800,0
38.367,89,1,1518,1500,1.67,1.87,2.3059,5.2162,8.0800,0
38.389,89,-1,1518,1498,1.67,1.87,2.3059,5.2162,8.0800,0
38.407,88,-1,1514,1500,1.67,1.87,2.3059,5.2162,8.0800,0
38.424,88,0,1517,1501,1.67,1.87,2.3059,5.2162,8.0800,0
38.441,89,1,1520,1501,1.67,1.87,2.3059,5.2162,8.0800,0
38.459,90,1,1521,1500,1.67,1.87,2.3059,5.2162,8.0800,0
38.477,92,1,1523,1500,1.67,1.87,2.3059,5.2162,8.0800,0
38.495,94,0,1524,1499,1.67,1.87,2.3059,5.2162,8.0800,0
38.512,96,-1,1525,1499,1.67,1.87,2.3059,5.2162,8.0800,0
38.530,97,-1,1522,1500,1.45,1.60,2.3059,5.2162,8.0800,0
38.549,99,0,1525,1501,1.45,1.60,2.3059,5.2162,8.0800,0
38.566,99,0,1520,1500,1.45,1.60,2.3059,5.2162,8.0800,0
38.583,101,0,1526,1500,1.45,1.60,2.3059,5.2162,8.0800,0
38.603,102,1,1523,1501,1.45,1.60,2.5366,5.6482,8.7604,0
38.620,104,1,1526,1500,1.45,1.60,2.5366,5.6482,8.7604,0
38.638,105,1,1524,1500,1.45,1.60,2.5366,5.6482,8.7604,0
38.656,106,1,1524,1500,1.45,1.60,2.5366,5.6482,8.7604,0
38.674,107,1,1524,1500,1.45,1.60,2.5366,5.6482,8.7604,0
38.692,108,1,1524,1500,1.45,1.60,2.5366,5.6482,8.7604,0
38.709,108,1,1521,1500,1.45,1.60,2.5366,5.6482,8.7604,0
38.726,108,1,1521,1500,1.45,1.60,2.5366,5.6482,8.7604,0
38.745,108,1,1521,1500,1.45,1.60,2.5366,5.6482,8.7604,0
38.763,108,1,1521,1500,1.45,1.60,2.5366,5.6482,8.7604,0
38.781,108,1,1521,1500,1.47,1.44,2.5366,5.6482,8.7604,0
38.798,108,1,1521,1500,1.47,1.44,2.5366,5.6482,8.7604,0
38.823,108,1,1521,1500,1.47,1.44,2.5366,5.6482,8.7604,0
38.840,108,1,1521,1500,1.47,1.44,2.9581,4.5852,7.4406,0
38.858,109,1,1524,1500,1.47,1.44,2.9581,4.5852,7.4406,0
38.876,109,0,1522,1499,1.47,1.44,2.9581,4.5852,7.4406,0
38.893,109,-1,1522,1499,1.47,1.44,2.9581,4.5852,7.4406,0
38.911,110,0,1525,1501,1.47,1.44,2.9581,4.5852,7.4406,0
38.930,112,-1,1528,1499,1.47,1.44,2.9581,4.5852,7.4406,0
38.947,113,0,1525,1501,1.47,1.44,2.9581,4.5852,7.4406,0
38.968,114,0,1522,1500,1.47,1.44,2.9581,4.5852,7.4406,0
38.986,115,0,1528,1500,1.47,1.44,2.9581,4.5852,7.4406,0
39.003,116,1,1526,1501,1.47,1.44,2.9581,4.5852,7.4406,0
39.021,116,2,1523,1501,1.47,1.44,2.9581,4.5852,7.4406,0
39.040,116,2,1523,1500,0.67,2.65,2.9581,4.5852,7.4406,0
39.059,116,2,1523,1500,0.67,2.65,2.9581,4.5852,7.4406,0
39.076,117,2,1526,1500,0.67,2.65,2.9581,4.5852,7.4406,0
39.094,117,2,1523,1500,0.67,2.65,2.7670,4.4951,6.9407,0
39.111,116,2,1520,1500,0.67,2.65,2.7670,4.4951,6.9407,0
39.129,116,2,1523,1500,0.67,2.65,2.7670,4.4951,6.9407,0
39.146,115,1,1520,1499,0.67,2.65,2.7670,4.4951,6.9407,0
39.163,114,2,1520,1501,0.67,2.65,2.7670,4.4951,6.9407,0
39.180,113,2,1519,1500,0.67,2.65,2.7670,4.4951,6.9407,0
39.197,112,3,1519,1502,0.67,2.65,2.7670,4.4951,6.9407,0
39.215,112,3,1522,1500,0.67,2.65,2.7670,4.4951,6.9407,0
39.232,111,3,1519,1500,0.67,2.65,2.7670,4.4951,6.9407,0
39.250,112,3,1525,1500,0.67,2.65,2.7670,4.4951,6.9407,0
39.267,112,3,1522,1500,0.67,2.65,2.7670,4.4951,6.9407,0
39.286,112,3,1522,1500,0.08,2.66,2.7670,4.4951,6.9407,0
39.306,113,3,1525,1500,0.08,2.66,2.7670,4.4951,6.9407,0
39.325,113,2,1522,1499,0.08,2.66,2.7670,4.4951,6.9407,0
39.343,113,1,1522,1499,0.08,2.66,2.8790,4.5062,8.1919,0
39.361,113,2,1522,1501,0.08,2.66,2.8790,4.5062,8.1919,0
39.378,114,2,1525,1500,0.08,2.66,2.8790,4.5062,8.1919,0
39.396,114,3,1523,1501,0.08,2.66,2.8790,4.5062,8.1919,0
39.413,115,3,1526,1500,0.08,2.66,2.8790,4.5062,8.1919,0
39.430,114,3,1520,1500,0.08,2.66,2.8790,4.5062,8.1919,0
39.448,114,3,1523,1500,0.08,2.66,2.8790,4.5062,8.1919,0
39.467,115,2,1525,1499,0.08,2.66,2.8790,4.5062,8.1919,0
39.486,114,2,1520,1500,0.08,2.66,2.8790,4.5062,8.1919,0
39.503,114,2,1523,1500,0.08,2.66,2.8790,4.5062,8.1919,0
39.522,115,2,1525,1500,0.09,2.58,2.8790,4.5062,8.1919,0
39.540,115,3,1523,1502,0.09,2.58,2.8790,4.5062,8.1919,0
39.557,115,2,1523,1499,0.09,2.58,2.8790,4.5062,8.1919,0
39.574,114,1,1520,1499,0.09,2.58,2.8790,4.5062,8.1919,0
39.592,114,1,1523,1500,0.09,2.58,3.0130,4.4615,8.1316,0
39.610,113,1,1520,1500,0.09,2.58,3.0130,4.4615,8.1316,0
39.627,112,1,1519,1500,0.09,2.58,3.0130,4.4615,8.1316,0
39.646,111,0,1519,1499,0.09,2.58,3.0130,4.4615,8.1316,0
39.663,110,1,1519,1501,0.09,2.58,3.0130,4.4615,8.1316,0
39.681,107,-2,1513,1495,0.09,2.58,3.0130,4.4615,8.1316,0
39.699,106,-1,1518,1501,0.09,2.58,3.0130,4.4615,8.1316,0
39.717,106,-1,1521,1500,0.09,2.58,3.0130,4.4615,8.1316,0
39.735,105,-1,1518,1500,0.09,2.58,3.0130,4.4615,8.1316,0
39.752,104,-2,1518,1499,0.09,2.58,3.0130,4.4615,8.1316,0
39.770,102,-2,1515,1500,0.30,2.53,3.0130,4.4615,8.1316,0
39.789,101,-2,1517,1500,0.30,2.53,3.0130,4.4615,8.1316,0
39.808,101,-2,1520,1500,0.30,2.53,3.0130,4.4615,8.1316,0
39.828,100,-1,1517,1501,0.30,2.53,3.0130,4.4615,8.1316,0
39.846,98,-1,1514,1500,0.30,2.53,3.0049,4.1411,7.3329,0
39.864,96,-2,1513,1499,0.30,2.53,3.0049,4.1411,7.3329,0
39.883,95,-3,1516,1499,0.30,2.53,3.0049,4.1411,7.3329,0
39.901,92,-3,1510,1500,0.30,2.53,3.0049,4.1411,7.3329,0
39.918,90,-3,1512,1500,0.30,2.53,3.0049,4.1411,7.3329,0
39.935,89,-3,1515,1500,0.30,2.53,3.0049,4.1411,7.3329,0
39.953,88,-3,1514,1500,0.30,2.53,3.0049,4.1411,7.3329,0
39.970,87,-3,1514,1500,0.30,2.53,3.0049,4.1411,7.3329,0
39.987,84,-5,1508,1497,0.30,2.53,3.0049,4.1411,7.3329,0
40.005,84,-5,1517,1500,0.30,2.53,3.0049,4.1411,7.3329,0
40.023,84,-6,1517,1498,0.69,1.14,3.0049,4.1411,7.3329,0
40.041,84,-6,1517,1500,0.69,1.14,3.0049,4.1411,7.3329,0
40.061,83,-6,1514,1500,0.69,1.14,3.0049,4.1411,7.3329,0
40.079,83,-7,1516,1498,0.69,1.14,3.0049,4.1411,7.3329,0
40.096,82,-7,1513,1500,0.69,1.14,2.7638,4.4478,7.5513,0
40.114,82,-7,1516,1500,0.69,1.14,2.7638,4.4478,7.5513,0
40.132,81,-7,1513,1500,0.69,1.14,2.7638,4.4478,7.5513,0
40.150,81,-7,1516,1500,0.69,1.14,2.7638,4.4478,7.5513,0
40.167,81,-8,1516,1498,0.69,1.14,2.7638,4.4478,7.5513,0
40.185,81,-9,1516,1498,0.69,1.14,2.7638,4.4478,7.5513,0
40.202,81,-9,1516,1500,0.69,1.14,2.7638,4.4478,7.5513,0
40.222,80,-10,1513,1498,0.69,1.14,2.7638,4.4478,7.5513,0
40.239,80,-9,1516,1500,0.69,1.14,2.7638,4.4478,7.5513,0
40.256,80,-11,1516,1496,0.69,1.14,2.7638,4.4478,7.5513,0
40.274,80,-11,1516,1499,0.75,0.35,2.7638,4.4478,7.5513,0
40.291,80,-11,1516,1499,0.75,0.35,2.7638,4.4478,7.5513,0
40.309,79,-11,1513,1499,0.75,0.35,2.7638,4.4478,7.5513,0
40.326,79,-11,1516,1499,0.75,0.35,2.7638,4.4478,7.5513,0
40.344,79,-12,1516,1498,0.75,0.35,2.7669,3.7432,7.6302,0
40.361,78,-13,1512,1497,0.75,0.35,2.7669,3.7432,7.6302,0
40.381,76,-14,1510,1498,0.75,0.35,2.7669,3.7432,7.6302,0
40.399,75,-14,1512,1499,0.75,0.35,2.7669,3.7432,7.6302,0
40.416,74,-14,1512,1499,0.75,0.35,2.7669,3.7432,7.6302,0
40.434,74,-15,1515,1497,0.75,0.35,2.7669,3.7432,7.6302,0
40.452,73,-16,1512,1497,0.75,0.35,2.7669,3.7432,7.6302,0
40.470,71,-16,1508,1499,0.75,0.35,2.7669,3.7432,7.6302,0
40.488,69,-16,1508,1499,0.75,0.35,2.7669,3.7432,7.6302,0
40.505,69,-16,1514,1499,0.75,0.35,2.7669,3.7432,7.6302,0
40.524,67,-16,1508,1499,0.64,-0.07,2.7669,3.7432,7.6302,0
40.543,65,-17,1508,1497,0.64,-0.07,2.7669,3.7432,7.6302,0
40.561,62,-17,1504,1499,0.64,-0.07,2.7669,3.7432,7.6302,0
40.579,60,-17,1506,1499,0.64,-0.07,2.7669,3.7432,7.6302,1
40.596,57,-18,1502,1497,0.64,-0.07,2.9500,3.7542,6.6220,1
40.615,55,-17,1505,1500,0.64,-0.07,2.9500,3.7542,6.6220,1
40.632,52,-18,1501,1497,0.64,-0.07,2.9500,3.7542,6.6220,1
40.651,50,-18,1504,1499,0.64,-0.07,2.9500,3.7542,6.6220,1
40.668,45,-19,1496,1497,0.64,-0.07,2.9500,3.7542,6.6220,1
40.685,43,-19,1503,1499,0.64,-0.07,2.9500,3.7542,6.6220,1
40.703,40,-20,1500,1497,0.64,-0.07,2.9500,3.7542,6.6220,1
40.721,38,-19,1502,1500,0.64,-0.07,2.9500,3.7542,6.6220,1
40.739,35,-20,1499,1497,0.64,-0.07,2.9500,3.7542,6.6220,1
40.758,31,-21,1496,1497,0.64,-0.07,2.9500,3.7542,6.6220,1
40.776,29,-21,1500,1498,-0.07,-0.30,2.9500,3.7542,6.6220,1
40.794,26,-21,1498,1498,-0.07,-0.30,2.9500,3.7542,6.6220,1
40.812,24,-22,1500,1497,-0.07,-0.30,2.9500,3.7542,6.6220,1
40.829,24,-22,1505,1498,-0.07,-0.30,2.9500,3.7542,6.6220,1
40.848,21,-22,1497,1498,-0.07,-0.30,2.8636,3.7257,7.0532,1
40.867,19,-22,1499,1498,-0.07,-0.30,2.8636,3.7257,7.0532,1
40.884,17,-22,1499,1498,-0.07,-0.30,2.8636,3.7257,7.0532,1
40.904,12,-24,1490,1495,-0.07,-0.30,2.8636,3.7257,7.0532,1
40.921,10,-23,1497,1500,-0.07,-0.30,2.8636,3.7257,7.0532,1
40.939,8,-25,1496,1494,-0.07,-0.30,2.8636,3.7257,7.0532,1
40.957,4,-24,1491,1500,-0.07,-0.30,2.8636,3.7257,7.0532,1
40.974,1,-25,1492,1496,-0.07,-0.30,2.8636,3.7257,7.0532,1
40.992,-2,-25,1492,1498,-0.07,-0.30,2.8636,3.7257,7.0532,1
41.009,-5,-25,1491,1498,-0.07,-0.30,2.8636,3.7257,7.0532,1
41.026,-5,-25,1500,1498,-0.49,-0.11,2.8636,3.7257,7.0532,1
41.047,-7,-26,1494,1496,-0.49,-0.11,2.8636,3.7257,7.0532,1
41.069,-13,-27,1485,1496,-0.49,-0.11,2.8636,3.7257,7.0532,1
41.089,-16,-27,1490,1498,-0.49,-0.11,2.8034,3.5372,7.5852,1
41.107,-19,-27,1488,1498,-0.49,-0.11,2.8034,3.5372,7.5852,1
41.124,-21,-27,1491,1498,-0.49,-0.11,2.8034,3.5372,7.5852,1
41.142,-23,-28,1490,1496,-0.49,-0.11,2.8034,3.5372,7.5852,1
41.159,-25,-27,1490,1499,-0.49,-0.11,2.8034,3.5372,7.5852,1
41.177,-30,-29,1480,1494,-0.49,-0.11,2.8034,3.5372,7.5852,1
41.195,-32,-29,1489,1497,-0.49,-0.11,2.8034,3.5372,7.5852,1
41.212,-34,-29,1488,1497,-0.49,-0.11,2.8034,3.5372,7.5852,1
41.231,-36,-30,1488,1496,-0.49,-0.11,2.8034,3.5372,7.5852,1
41.251,-37,-30,1491,1497,-0.49,-0.11,2.8034,3.5372,7.5852,1
41.270,-39,-30,1488,1497,-0.71,-0.75,2.8034,3.5372,7.5852,1
41.287,-41,-30,1487,1497,-0.71,-0.75,2.8034,3.5372,7.5852,1
41.308,-44,-30,1485,1497,-0.71,-0.75,2.8034,3.5372,7.5852,1
41.326,-45,-30,1489,1497,-0.71,-0.75,2.8034,3.5372,7.5852,1
41.343,-47,-31,1485,1496,-0.71,-0.75,2.7186,4.1287,7.0025,1
41.360,-51,-32,1479,1495,-0.71,-0.75,2.7186,4.1287,7.0025,1
41.378,-53,-31,1484,1499,-0.71,-0.75,2.7186,4.1287,7.0025,1
41.395,-55,-31,1484,1497,-0.71,-0.75,2.7186,4.1287,7.0025,1
41.413,-58,-33,1480,1494,-0.71,-0.75,2.7186,4.1287,7.0025,1
41.430,-60,-32,1483,1499,-0.71,-0.75,2.7186,4.1287,7.0025,1
41.448,-63,-32,1479,1497,-0.71,-0.75,2.7186,4.1287,7.0025,0
41.465,-65,-32,1482,1497,-0.71,-0.75,2.7186,4.1287,7.0025,0
41.483,-66,-33,1484,1495,-0.71,-0.75,2.7186,4.1287,7.0025,0
41.501,-71,-34,1481,1495,-0.71,-0.75,2.7186,4.1287,7.0025,0
41.519,-71,-34,1478,1497,-1.16,-1.18,2.7186,4.1287,7.0025,0
41.538,-73,-33,1480,1499,-1.16,-1.18,2.7186,4.1287,7.0025,0
41.555,-75,-33,1480,1497,-1.16,-1.18,2.7186,4.1287,7.0025,0
41.575,-80,-34,1472,1496,-1.16,-1.18,2.7186,4.1287,7.0025,0
41.595,-82,-35,1479,1495,-1.16,-1.18,2.7168,3.7768,7.1789,0
41.612,-85,-34,1475,1499,-1.16,-1.18,2.7168,3.7768,7.1789,0
41.629,-88,-35,1474,1495,-1.16,-1.18,2.7168,3.7768,7.1789,0
41.647,-91,-34,1473,1499,-1.16,-1.18,2.7168,3.7768,7.1789,0
41.664,-94,-35,1473,1495,-1.16,-1.18,2.7168,3.7768,7.1789,0
41.682,-97,-35,1472,1497,-1.16,-1.18,2.7168,3.7768,7.1789,0
41.699,-100,-35,1472,1497,-1.16,-1.18,2.7168,3.7768,7.1789,0
41.716,-102,-35,1474,1497,-1.16,-1.18,2.7168,3.7768,7.1789,0
41.733,-104,-35,1474,1497,-1.16,-1.18,2.7168,3.7768,7.1789,0
41.751,-106,-35,1473,1497,-1.16,-1.18,2.7168,3.7768,7.1789,0
41.768,-107,-35,1476,1497,-1.10,-2.19,2.7168,3.7768,7.1789,0
41.786,-109,-36,1473,1495,-1.10,-2.19,2.7168,3.7768,7.1789,0
41.805,-110,-37,1476,1495,-1.10,-2.19,2.7168,3.7768,7.1789,0
41.823,-112,-37,1472,1497,-1.10,-2.19,2.7168,3.7768,7.1789,0
41.841,-113,-37,1475,1497,-1.10,-2.19,2.6087,4.4310,8.8545,0
41.859,-114,-37,1475,1497,-1.10,-2.19,2.6087,4.4310,8.8545,0
41.879,-115,-37,1475,1497,-1.10,-2.19,2.6087,4.4310,8.8545,0
41.897,-115,-37,1477,1497,-1.10,-2.19,2.6087,4.4310,8.8545,0
41.918,-116,-38,1475,1495,-1.10,-2.19,2.6087,4.4310,8.8545,0
41.935,-117,-38,1474,1497,-1.10,-2.19,2.6087,4.4310,8.8545,0
41.953,-117,-38,1477,1497,-1.10,-2.19,2.6087,4.4310,8.8545,0
41.972,-119,-38,1471,1497,-1.10,-2.19,2.6087,4.4310,8.8545,0
41.992,-120,-38,1474,1497,-1.10,-2.19,2.6087,4.4310,8.8545,0
42.010,-121,-38,1473,1497,-1.10,-2.19,2.6087,4.4310,8.8545,0
42.029,-121,-38,1476,1497,-1.54,-1.39,2.6087,4.4310,8.8545,0
42.047,-122,-38,1473,1497,-1.54,-1.39,2.6087,4.4310,8.8545,0
42.066,-122,-38,1476,1497,-1.54,-1.39,2.6087,4.4310,8.8545,0
42.084,-123,-38,1473,1497,-1.54,-1.39,2.7792,4.3898,7.7594,0
42.104,-123,-38,1476,1497,-1.54,-1.39,2.7792,4.3898,7.7594,0
42.121,-124,-38,1473,1497,-1.54,-1.39,2.7792,4.3898,7.7594,0
42.139,-125,-38,1472,1497,-1.54,-1.39,2.7792,4.3898,7.7594,0
42.159,-125,-38,1475,1497,-1.54,-1.39,2.7792,4.3898,7.7594,0
42.177,-124,-37,1478,1498,-1.54,-1.39,2.7792,4.3898,7.7594,0
42.194,-124,-37,1475,1497,-1.54,-1.39,2.7792,4.3898,7.7594,0
42.212,-124,-38,1475,1495,-1.54,-1.39,2.7792,4.3898,7.7594,0
42.230,-123,-37,1478,1498,-1.54,-1.39,2.7792,4.3898,7.7594,0
42.247,-122,-37,1479,1497,-1.54,-1.39,2.7792,4.3898,7.7594,0
42.264,-121,-37,1479,1497,-1.54,-1.39,2.7792,4.3898,7.7594,0
42.282,-121,-38,1476,1495,-1.19,-0.57,2.7792,4.3898,7.7594,0
42.299,-120,-38,1479,1497,-1.19,-0.57,2.7792,4.3898,7.7594,0
42.316,-118,-37,1483,1498,-1.19,-0.57,2.7792,4.3898,7.7594,0
42.333,-117,-36,1480,1499,-1.19,-0.57,2.5977,4.1468,7.4980,0
42.351,-115,-37,1483,1495,-1.19,-0.57,2.5977,4.1468,7.4980,0
42.368,-114,-36,1480,1499,-1.19,-0.57,2.5977,4.1468,7.4980,0
42.385,-112,-36,1484,1497,-1.19,-0.57,2.5977,4.1468,7.4980,0
42.403,-110,-36,1484,1497,-1.19,-0.57,2.5977,4.1468,7.4980,0
42.422,-104,-37,1496,1495,-1.19,-0.57,2.5977,4.1468,7.4980,0
42.439,-101,-36,1489,1499,-1.19,-0.57,2.5977,4.1468,7.4980,0
42.458,-99,-37,1486,1495,-1.19,-0.57,2.5977,4.1468,7.4980,0
42.476,-96,-36,1489,1498,-1.19,-0.57,2.5977,4.1468,7.4980,0
42.493,-93,-36,1490,1497,-1.19,-0.57,2.5977,4.1468,7.4980,0
42.511,-91,-37,1488,1495,-1.19,-0.57,2.5977,4.1468,7.4980,0
42.529,-88,-37,1491,1497,-0.86,-0.21,2.5977,4.1468,7.4980,0
42.546,-86,-37,1489,1497,-0.86,-0.21,2.5977,4.1468,7.4980,0
42.564,-83,-36,1492,1498,-0.86,-0.21,2.5977,4.1468,7.4980,0
42.581,-81,-37,1490,1495,-0.86,-0.21,2.9485,3.6201,7.0590,0
42.598,-80,-37,1487,1497,-0.86,-0.21,2.9485,3.6201,7.0590,0
42.617,-79,-37,1487,1497,-0.86,-0.21,2.9485,3.6201,7.0590,0
42.634,-78,-36,1488,1499,-0.86,-0.21,2.9485,3.6201,7.0590,0
42.652,-77,-37,1488,1495,-0.86,-0.21,2.9485,3.6201,7.0590,0
42.670,-77,-37,1485,1497,-0.86,-0.21,2.9485,3.6201,7.0590,0
42.687,-77,-36,1485,1499,-0.86,-0.21,2.9485,3.6201,7.0590,0
42.705,-77,-35,1485,1499,-0.86,-0.21,2.9485,3.6201,7.0590,0
42.722,-77,-35,1485,1497,-0.86,-0.21,2.9485,3.6201,7.0590,0
42.739,-77,-35,1485,1497,-0.86,-0.21,2.9485,3.6201,7.0590,0
42.757,-78,-35,1482,1497,-0.86,-0.21,2.9485,3.6201,7.0590,0
42.775,-78,-34,1485,1499,-0.64,-0.22,2.9485,3.6201,7.0590,0
42.793,-79,-36,1482,1493,-0.64,-0.22,2.9485,3.6201,7.0590,0
42.810,-79,-34,1484,1500,-0.64,-0.22,2.9485,3.6201,7.0590,0
42.828,-79,-35,1484,1495,-0.64,-0.22,3.2513,3.8988,7.3002,0
42.846,-80,-35,1482,1497,-0.64,-0.22,3.2513,3.8988,7.3002,0
42.864,-80,-34,1484,1499,-0.64,-0.22,3.2513,3.8988,7.3002,0
42.883,-79,-34,1487,1497,-0.64,-0.22,3.2513,3.8988,7.3002,0
42.901,-79,-34,1484,1497,-0.64,-0.22,3.2513,3.8988,7.3002,0
42.918,-79,-34,1484,1497,-0.64,-0.22,3.2513,3.8988,7.3002,0
42.935,-79,-34,1484,1497,-0.64,-0.22,3.2513,3.8988,7.3002,0
42.953,-79,-34,1484,1497,-0.64,-0.22,3.2513,3.8988,7.3002,0
42.970,-80,-33,1481,1499,-0.64,-0.22,3.2513,3.8988,7.3002,0
42.988,-79,-33,1487,1497,-0.64,-0.22,3.2513,3.8988,7.3002,0
43.006,-79,-33,1484,1497,-0.64,-0.22,3.2513,3.8988,7.3002,0
43.023,-80,-33,1481,1497,-0.86,0.16,3.2513,3.8988,7.3002,0
43.042,-80,-33,1484,1497,-0.86,0.16,3.2513,3.8988,7.3002,0
43.062,-81,-33,1481,1497,-0.86,0.16,3.2513,3.8988,7.3002,0
43.080,-81,-33,1484,1497,-0.86,0.16,2.9156,4.1382,7.3807,0
43.098,-82,-33,1481,1497,-0.86,0.16,2.9156,4.1382,7.3807,0
43.116,-83,-32,1481,1499,-0.86,0.16,2.9156,4.1382,7.3807,0
43.134,-83,-32,1484,1497,-0.86,0.16,2.9156,4.1382,7.3807,0
43.152,-83,-32,1484,1497,-0.86,0.16,2.9156,4.1382,7.3807,0
43.170,-84,-32,1481,1497,-0.86,0.16,2.9156,4.1382,7.3807,0
43.187,-85,-32,1480,1497,-0.86,0.16,2.9156,4.1382,7.3807,0
43.205,-85,-31,1483,1499,-0.86,0.16,2.9156,4.1382,7.3807,0
43.222,-85,-31,1483,1497,-0.86,0.16,2.9156,4.1382,7.3807,0
43.239,-85,-31,1483,1497,-0.86,0.16,2.9156,4.1382,7.3807,0
43.256,-84,-31,1486,1497,-0.86,0.16,2.9156,4.1382,7.3807,0
43.274,-84,-31,1483,1497,-0.63,0.44,2.9156,4.1382,7.3807,0
43.291,-83,-31,1487,1497,-0.63,0.44,2.9156,4.1382,7.3807,0
43.311,-82,-31,1486,1497,-0.63,0.44,2.9156,4.1382,7.3807,0
43.333,-81,-31,1486,1497,-0.63,0.44,2.8701,3.8590,7.2027,0
43.350,-80,-30,1487,1499,-0.63,0.44,2.8701,3.8590,7.2027,0
43.369,-80,-30,1484,1497,-0.63,0.44,2.8701,3.8590,7.2027,0
43.386,-79,-30,1487,1497,-0.63,0.44,2.8701,3.8590,7.2027,0
43.403,-78,-30,1488,1497,-0.63,0.44,2.8701,3.8590,7.2027,0
43.421,-76,-30,1491,1497,-0.63,0.44,2.8701,3.8590,7.2027,0
43.439,-76,-30,1485,1497,-0.63,0.44,2.8701,3.8590,7.2027,0
43.457,-76,-29,1485,1499,-0.63,0.44,2.8701,3.8590,7.2027,0
43.474,-76,-29,1485,1497,-0.63,0.44,2.8701,3.8590,7.2027,0
43.492,-76,-29,1485,1497,-0.63,0.44,2.8701,3.8590,7.2027,0
43.511,-75,-29,1488,1497,-0.63,0.44,2.8701,3.8590,7.2027,0
43.529,-75,-29,1485,1497,-0.64,1.08,2.8701,3.8590,7.2027,0
43.548,-75,-29,1485,1497,-0.64,1.08,2.8701,3.8590,7.2027,0
43.571,-75,-28,1485,1499,-0.64,1.08,2.8701,3.8590,7.2027,0
43.589,-75,-28,1485,1498,-0.64,1.08,2.8377,4.2881,6.8343,0
43.609,-75,-28,1485,1498,-0.64,1.08,2.8377,4.2881,6.8343,0
43.629,-76,-28,1483,1498,-0.64,1.08,2.8377,4.2881,6.8343,0
43.646,-75,-28,1488,1498,-0.64,1.08,2.8377,4.2881,6.8343,0
43.664,-75,-28,1485,1498,-0.64,1.08,2.8377,4.2881,6.8343,0
43.682,-75,-28,1485,1498,-0.64,1.08,2.8377,4.2881,6.8343,0
43.700,-75,-28,1485,1498,-0.64,1.08,2.8377,4.2881,6.8343,0
43.719,-75,-27,1485,1499,-0.64,1.08,2.8377,4.2881,6.8343,0
43.736,-74,-27,1488,1498,-0.64,1.08,2.8377,4.2881,6.8343,0
43.754,-71,-27,1494,1498,-0.64,1.08,2.8377,4.2881,6.8343,0
43.772,-71,-27,1486,1498,-0.64,0.84,2.8377,4.2881,6.8343,0
43.789,-70,-27,1489,1498,-0.64,0.84,2.8377,4.2881,6.8343,0
43.807,-68,-27,1492,1498,-0.64,0.84,2.8377,4.2881,6.8343,0
43.826,-66,-27,1492,1498,-0.64,0.84,2.5488,4.3514,7.1017,0
43.844,-64,-27,1493,1498,-0.64,0.84,2.5488,4.3514,7.1017,0
43.862,-62,-26,1493,1499,-0.64,0.84,2.5488,4.3514,7.1017,0
43.880,-58,-26,1500,1498,-0.64,0.84,2.5488,4.3514,7.1017,1
43.898,-57,-26,1492,1498,-0.64,0.84,2.5488,4.3514,7.1017,1
43.916,-56,-26,1492,1498,-0.64,0.84,2.5488,4.3514,7.1017,1
43.933,-54,-25,1495,1500,-0.64,0.84,2.5488,4.3514,7.1017,1
43.951,-51,-24,1499,1500,-0.64,0.84,2.5488,4.3514,7.1017,1
43.968,-50,-24,1493,1498,-0.64,0.84,2.5488,4.3514,7.1017,1
43.985,-50,-25,1490,1496,-0.64,0.84,2.5488,4.3514,7.1017,1
44.003,-49,-24,1493,1500,-0.64,0.84,2.5488,4.3514,7.1017,1
44.020,-49,-24,1490,1498,-1.05,0.46,2.5488,4.3514,7.1017,1
44.038,-48,-25,1493,1496,-1.05,0.46,2.5488,4.3514,7.1017,1
44.056,-48,-24,1491,1500,-1.05,0.46,2.5488,4.3514,7.1017,1
44.075,-48,-24,1491,1498,-1.05,0.46,2.5488,4.3514,7.1017,1
44.092,-48,-23,1491,1500,-1.05,0.46,3.0806,4.4398,6.9051,1
44.110,-48,-24,1491,1496,-1.05,0.46,3.0806,4.4398,6.9051,1
44.127,-48,-23,1491,1500,-1.05,0.46,3.0806,4.4398,6.9051,1
44.145,-48,-23,1491,1498,-1.05,0.46,3.0806,4.4398,6.9051,1
44.163,-48,-23,1491,1498,-1.05,0.46,3.0806,4.4398,6.9051,1
44.180,-48,-23,1491,1498,-1.05,0.46,3.0806,4.4398,6.9051,1
44.198,-49,-22,1488,1500,-1.05,0.46,3.0806,4.4398,6.9051,1
44.216,-49,-22,1490,1498,-1.05,0.46,3.0806,4.4398,6.9051,1
44.234,-49,-22,1490,1498,-1.05,0.46,3.0806,4.4398,6.9051,1
44.251,-49,-21,1490,1500,-1.05,0.46,3.0806,4.4398,6.9051,1
44.268,-49,-21,1490,1498,-0.64,0.19,3.0806,4.4398,6.9051,1
44.285,-49,-21,1490,1498,-0.64,0.19,3.0806,4.4398,6.9051,1
44.310,-50,-21,1488,1498,-0.64,0.19,3.0806,4.4398,6.9051,1
44.330,-50,-22,1490,1496,-0.64,0.19,2.6150,4.4208,7.5013,1
44.347,-50,-20,1490,1500,-0.64,0.19,2.6150,4.4208,7.5013,1
44.364,-52,-20,1484,1498,-0.64,0.19,2.6150,4.4208,7.5013,1
44.382,-53,-20,1487,1498,-0.64,0.19,2.6150,4.4208,7.5013,1
44.400,-55,-20,1484,1498,-0.64,0.19,2.6150,4.4208,7.5013,1
44.418,-57,-19,1484,1500,-0.64,0.19,2.6150,4.4208,7.5013,1
44.435,-58,-18,1486,1500,-0.64,0.19,2.6150,4.4208,7.5013,1
44.453,-60,-18,1483,1499,-0.64,0.19,2.6150,4.4208,7.5013,1
44.470,-61,-18,1485,1499,-0.64,0.19,2.6150,4.4208,7.5013,0
44.487,-62,-18,1485,1499,-0.64,0.19,2.6150,4.4208,7.5013,0
44.504,-63,-17,1485,1500,-0.64,0.19,2.6150,4.4208,7.5013,0
44.522,-64,-17,1485,1499,-0.36,0.57,2.6150,4.4208,7.5013,0
44.543,-64,-17,1488,1499,-0.36,0.57,2.6150,4.4208,7.5013,0
44.563,-64,-16,1488,1500,-0.36,0.57,2.6150,4.4208,7.5013,0
44.584,-65,-16,1485,1499,-0.36,0.57,2.5746,4.3308,5.9929,0
44.602,-66,-15,1485,1500,-0.36,0.57,2.5746,4.3308,5.9929,0
44.620,-67,-16,1484,1497,-0.36,0.57,2.5746,4.3308,5.9929,0
44.637,-66,-16,1490,1499,-0.36,0.57,2.5746,4.3308,5.9929,0
44.656,-66,-16,1487,1499,-0.36,0.57,2.5746,4.3308,5.9929,0
44.673,-65,-15,1490,1500,-0.36,0.57,2.5746,4.3308,5.9929,0
44.691,-62,-14,1497,1500,-0.36,0.57,2.5746,4.3308,5.9929,0
44.708,-60,-13,1494,1500,-0.36,0.57,2.5746,4.3308,5.9929,1
44.727,-59,-13,1491,1499,-0.36,0.57,2.5746,4.3308,5.9929,1
44.747,-56,-13,1497,1499,-0.36,0.57,2.5746,4.3308,5.9929,1
44.764,-54,-13,1495,1499,-0.36,0.57,2.5746,4.3308,5.9929,1
44.783,-51,-13,1498,1499,-0.22,1.59,2.5746,4.3308,5.9929,1
44.802,-48,-13,1499,1499,-0.22,1.59,2.5746,4.3308,5.9929,1
44.819,-46,-13,1497,1499,-0.22,1.59,2.5746,4.3308,5.9929,1
44.836,-43,-13,1500,1499,-0.22,1.59,2.7295,4.3294,8.6986,1
44.854,-40,-12,1500,1500,-0.22,1.59,2.7295,4.3294,8.6986,1
44.872,-36,-10,1503,1502,-0.22,1.59,2.7295,4.3294,8.6986,1
44.890,-33,-10,1501,1499,-0.22,1.59,2.7295,4.3294,8.6986,1
44.908,-30,-9,1502,1500,-0.22,1.59,2.7295,4.3294,8.6986,1
44.926,-22,-9,1517,1500,-0.22,1.59,2.7295,4.3294,8.6986,1
44.944,-18,-8,1507,1500,-0.22,1.59,2.7295,4.3294,8.6986,1
44.962,-14,-8,1508,1500,-0.22,1.59,2.7295,4.3294,8.6986,1
44.982,-10,-8,1507,1500,-0.22,1.59,2.7295,4.3294,8.6986,1
45.003,-2,-7,1518,1500,-0.22,1.59,2.7295,4.3294,8.6986,1
45.021,-2,-7,1500,1500,-0.55,1.86,2.7295,4.3294,8.6986,1
45.038,2,-7,1511,1500,-0.55,1.86,2.7295,4.3294,8.6986,1
45.058,7,-7,1514,1500,-0.55,1.86,2.7295,4.3294,8.6986,1
45.076,11,-8,1512,1498,-0.55,1.86,3.2249,3.9904,9.2960,1
45.094,16,-8,1516,1500,-0.55,1.86,3.2249,3.9904,9.2960,1
45.111,21,-8,1518,1500,-0.55,1.86,3.2249,3.9904,9.2960,1
45.128,31,-6,1530,1502,-0.55,1.86,3.2249,3.9904,9.2960,1
45.146,36,-5,1521,1501,-0.55,1.86,3.2249,3.9904,9.2960,1
45.163,39,-5,1516,1500,-0.55,1.86,3.2249,3.9904,9.2960,1
45.180,43,-5,1519,1500,-0.55,1.86,3.2249,3.9904,9.2960,1
45.197,50,-4,1530,1501,-0.55,1.86,3.2249,3.9904,9.2960,1
45.217,53,-4,1518,1500,-0.55,1.86,3.2249,3.9904,9.2960,1
45.235,56,-4,1519,1500,-0.55,1.86,3.2249,3.9904,9.2960,1
45.252,56,-4,1511,1500,-0.55,1.86,3.2249,3.9904,9.2960,1
45.270,58,-4,1517,1500,-0.56,2.26,3.2249,3.9904,9.2960,1
45.291,61,-3,1519,1501,-0.56,2.26,3.2249,3.9904,9.2960,0
45.311,67,-3,1527,1500,-0.56,2.26,3.2249,3.9904,9.2960,0
45.329,70,-4,1522,1499,-0.56,2.26,2.9255,3.7221,7.2291,0
45.346,74,-4,1526,1500,-0.56,2.26,2.9255,3.7221,7.2291,0
45.364,78,-4,1527,1500,-0.56,2.26,2.9255,3.7221,7.2291,0
45.382,86,-3,1528,1501,-0.56,2.26,2.9255,3.7221,7.2291,0
45.399,90,-3,1530,1500,-0.56,2.26,2.9255,3.7221,7.2291,0
45.417,94,-1,1530,1503,-0.56,2.26,2.9255,3.7221,7.2291,0
45.434,98,-1,1530,1500,-0.56,2.26,2.9255,3.7221,7.2291,0
45.453,102,-1,1530,1500,-0.56,2.26,2.9255,3.7221,7.2291,0
45.474,106,0,1530,1501,-0.56,2.26,2.9255,3.7221,7.2291,0
45.492,110,-1,1530,1499,-0.56,2.26,2.9255,3.7221,7.2291,0
45.509,114,-1,1530,1500,0.45,2.19,2.9255,3.7221,7.2291,0
45.527,114,-1,1523,1500,0.45,2.19,2.9255,3.7221,7.2291,0
45.544,117,-1,1530,1500,0.45,2.19,2.9255,3.7221,7.2291,0
45.561,121,-1,1530,1500,0.45,2.19,2.9255,3.7221,7.2291,0
45.578,125,-1,1530,1500,0.45,2.19,2.6194,4.1753,6.4566,0
45.595,133,-1,1530,1500,0.45,2.19,2.6194,4.1753,6.4566,0
45.614,136,-1,1530,1500,0.45,2.19,2.6194,4.1753,6.4566,0
45.631,139,-1,1530,1500,0.45,2.19,2.6194,4.1753,6.4566,0
45.649,142,0,1530,1501,0.45,2.19,2.6194,4.1753,6.4566,0
45.666,145,0,1530,1500,0.45,2.19,2.6194,4.1753,6.4566,0
45.685,149,0,1530,1500,0.45,2.19,2.6194,4.1753,6.4566,0
45.703,155,0,1530,1500,0.45,2.19,2.6194,4.1753,6.4566,0
45.724,159,-1,1530,1499,0.45,2.19,2.6194,4.1753,6.4566,0
45.742,159,-1,1530,1500,0.45,2.19,2.6194,4.1753,6.4566,0
45.760,161,-1,1530,1500,1.80,1.64,2.6194,4.1753,6.4566,0
45.778,164,-1,1530,1500,1.80,1.64,2.6194,4.1753,6.4566,0
45.797,167,-2,1530,1499,1.80,1.64,2.6194,4.1753,6.4566,0
45.817,173,-2,1530,1500,1.80,1.64,2.6194,4.1753,6.4566,0
45.834,173,-2,1530,1500,1.80,1.64,2.7661,3.5179,7.0781,0
45.851,175,-1,1530,1501,1.80,1.64,2.7661,3.5179,7.0781,0
45.870,180,-1,1530,1500,1.80,1.64,2.7661,3.5179,7.0781,0
45.889,183,-2,1530,1499,1.80,1.64,2.7661,3.5179,7.0781,0
45.907,185,-2,1530,1500,1.80,1.64,2.7661,3.5179,7.0781,0
45.925,189,-2,1530,1500,1.80,1.64,2.7661,3.5179,7.0781,0
45.945,190,-2,1530,1500,1.80,1.64,2.7661,3.5179,7.0781,0
45.962,191,-2,1530,1500,1.80,1.64,2.7661,3.5179,7.0781,0
45.979,191,-2,1530,1500,1.80,1.64,2.7661,3.5179,7.0781,0
45.996,192,-1,1530,1501,1.80,1.64,2.7661,3.5179,7.0781,0
46.014,193,-2,1530,1499,1.98,1.60,2.7661,3.5179,7.0781,0
46.031,193,-2,1530,1500,1.98,1.60,2.7661,3.5179,7.0781,0
46.048,193,-3,1530,1498,1.98,1.60,2.7661,3.5179,7.0781,0
46.065,194,-3,1530,1500,1.98,1.60,2.7661,3.5179,7.0781,0
46.083,193,-4,1530,1498,1.98,1.60,2.9940,4.2579,7.5350,0
46.100,194,-4,1530,1500,1.98,1.60,2.9940,4.2579,7.5350,0
46.118,194,-3,1530,1501,1.98,1.60,2.9940,4.2579,7.5350,0
46.136,194,-3,1530,1500,1.98,1.60,2.9940,4.2579,7.5350,0
46.154,194,-5,1530,1497,1.98,1.60,2.9940,4.2579,7.5350,0
46.172,194,-5,1530,1500,1.98,1.60,2.9940,4.2579,7.5350,0
46.190,195,-5,1530,1500,1.98,1.60,2.9940,4.2579,7.5350,0
46.208,195,-4,1530,1501,1.98,1.60,2.9940,4.2579,7.5350,0
46.226,195,-4,1530,1500,1.98,1.60,2.9940,4.2579,7.5350,0
46.244,195,-4,1530,1500,1.98,1.60,2.9940,4.2579,7.5350,0
46.262,194,-5,1530,1498,1.98,1.46,2.9940,4.2579,7.5350,0
46.281,194,-5,1530,1500,1.98,1.46,2.9940,4.2579,7.5350,0
46.300,194,-5,1530,1500,1.98,1.46,2.9940,4.2579,7.5350,0
46.318,193,-5,1530,1500,1.98,1.46,2.9940,4.2579,7.5350,0
46.336,192,-6,1530,1498,1.98,1.46,2.7721,5.0139,8.1029,0
46.354,191,-6,1530,1500,1.98,1.46,2.7721,5.0139,8.1029,0
46.372,188,-6,1529,1500,1.98,1.46,2.7721,5.0139,8.1029,0
46.389,186,-6,1530,1500,1.98,1.46,2.7721,5.0139,8.1029,0
46.407,184,-7,1530,1498,1.98,1.46,2.7721,5.0139,8.1029,0
46.424,183,-8,1530,1498,1.98,1.46,2.7721,5.0139,8.1029,0
46.442,181,-8,1530,1500,1.98,1.46,2.7721,5.0139,8.1029,0
46.461,179,-8,1530,1500,1.98,1.46,2.7721,5.0139,8.1029,0
46.478,178,-7,1530,1500,1.98,1.46,2.7721,5.0139,8.1029,0
46.498,176,-8,1529,1498,1.98,1.46,2.7721,5.0139,8.1029,0
46.515,175,-8,1530,1500,1.93,1.57,2.7721,5.0139,8.1029,0
46.535,174,-8,1530,1500,1.93,1.57,2.7721,5.0139,8.1029,0
46.552,172,-9,1528,1498,1.93,1.57,2.7721,5.0139,8.1029,0
46.571,170,-9,1528,1500,1.93,1.57,2.6442,4.6337,7.9244,0
46.588,168,-9,1528,1500,1.93,1.57,2.6442,4.6337,7.9244,0
46.605,167,-9,1530,1500,1.93,1.57,2.6442,4.6337,7.9244,0
46.623,165,-9,1527,1500,1.93,1.57,2.6442,4.6337,7.9244,0
46.640,162,-10,1524,1498,1.93,1.57,2.6442,4.6337,7.9244,0
46.660,157,-10,1519,1499,1.93,1.57,2.6442,4.6337,7.9244,0
46.679,155,-11,1525,1498,1.93,1.57,2.6442,4.6337,7.9244,0
46.696,152,-10,1521,1500,1.93,1.57,2.6442,4.6337,7.9244,0
46.715,147,-10,1516,1499,1.93,1.57,2.6442,4.6337,7.9244,0
46.733,143,-11,1517,1498,1.93,1.57,2.6442,4.6337,7.9244,0
46.751,140,-11,1519,1499,1.93,1.57,2.6442,4.6337,7.9244,0
46.769,140,-11,1528,1499,1.45,0.70,2.6442,4.6337,7.9244,0
46.787,137,-11,1519,1499,1.45,0.70,2.6442,4.6337,7.9244,0
46.806,134,-12,1519,1498,1.45,0.70,2.6442,4.6337,7.9244,0
46.824,131,-12,1517,1499,1.45,0.70,2.9961,4.2613,7.7058,0
46.842,128,-12,1517,1499,1.45,0.70,2.9961,4.2613,7.7058,0
46.862,122,-13,1509,1498,1.45,0.70,2.9961,4.2613,7.7058,0
46.880,118,-13,1512,1499,1.45,0.70,2.9961,4.2613,7.7058,0
46.897,115,-13,1514,1499,1.45,0.70,2.9961,4.2613,7.7058,0
46.915,111,-13,1511,1499,1.45,0.70,2.9961,4.2613,7.7058,0
46.933,103,-14,1499,1497,1.45,0.70,2.9961,4.2613,7.7058,0
46.952,99,-15,1509,1497,1.45,0.70,2.9961,4.2613,7.7058,0
46.969,95,-14,1507,1500,1.45,0.70,2.9961,4.2613,7.7058,0
46.986,92,-15,1509,1497,1.45,0.70,2.9961,4.2613,7.7058,0
47.004,88,-15,1506,1499,1.45,0.70,2.9961,4.2613,7.7058,0
47.021,85,-16,1508,1497,0.65,-0.23,2.9961,4.2613,7.7058,0
47.039,85,-16,1517,1499,0.65,-0.23,2.9961,4.2613,7.7058,0
47.056,82,-15,1507,1500,0.65,-0.23,2.9961,4.2613,7.7058,0
47.074,79,-15,1507,1499,0.65,-0.23,2.5443,4.0162,7.1697,0
47.093,76,-15,1506,1499,0.65,-0.23,2.5443,4.0162,7.1697,0
47.111,74,-16,1509,1497,0.65,-0.23,2.5443,4.0162,7.1697,0
47.128,71,-16,1505,1499,0.65,-0.23,2.5443,4.0162,7.1697,0
47.146,68,-16,1505,1499,0.65,-0.23,2.5443,4.0162,7.1697,0
47.164,63,-16,1499,1499,0.65,-0.23,2.5443,4.0162,7.1697,0
47.182,61,-16,1506,1499,0.65,-0.23,2.5443,4.0162,7.1697,0
47.200,55,-17,1495,1497,0.65,-0.23,2.5443,4.0162,7.1697,1
47.219,53,-17,1505,1499,0.65,-0.23,2.5443,4.0162,7.1697,1
47.236,50,-17,1501,1499,0.65,-0.23,2.5443,4.0162,7.1697,1
47.253,48,-17,1504,1499,0.65,-0.23,2.5443,4.0162,7.1697,1
47.271,46,-16,1503,1500,-1.20,0.02,2.5443,4.0162,7.1697,1
47.289,44,-17,1503,1497,-1.20,0.02,2.5443,4.0162,7.1697,1
47.308,44,-17,1509,1499,-1.20,0.02,2.5443,4.0162,7.1697,1
47.325,42,-18,1502,1497,-1.20,0.02,2.7690,3.8313,7.8978,1
47.342,40,-18,1502,1499,-1.20,0.02,2.7690,3.8313,7.8978,1
47.365,38,-17,1503,1500,-1.20,0.02,2.7690,3.8313,7.8978,1
47.383,35,-17,1499,1499,-1.20,0.02,2.7690,3.8313,7.8978,1
47.400,33,-18,1501,1497,-1.20,0.02,2.7690,3.8313,7.8978,1
47.418,30,-18,1498,1499,-1.20,0.02,2.7690,3.8313,7.8978,1
47.435,27,-18,1497,1499,-1.20,0.02,2.7690,3.8313,7.8978,1
47.453,21,-18,1497,1499,-1.20,0.02,2.7690,3.8313,7.8978,1
47.471,18,-18,1488,1499,-1.20,0.02,2.7690,3.8313,7.8978,1
47.488,14,-19,1492,1497,-1.20,0.02,2.7690,3.8313,7.8978,1
47.505,11,-19,1494,1499,-1.84,1.08,2.7690,3.8313,7.8978,1
47.522,9,-19,1497,1499,-1.84,1.08,2.7690,3.8313,7.8978,1
47.540,6,-18,1493,1500,-1.84,1.08,2.7690,3.8313,7.8978,1
47.557,6,-18,1501,1499,-1.84,1.08,2.7690,3.8313,7.8978,1
47.576,3,-19,1493,1497,-1.84,1.08,2.5137,4.0913,6.9949,1
47.593,0,-19,1492,1499,-1.84,1.08,2.5137,4.0913,6.9949,1
47.610,-2,-20,1495,1497,-1.84,1.08,2.5137,4.0913,6.9949,1
47.627,-6,-20,1488,1498,-1.84,1.08,2.5137,4.0913,6.9949,1
47.645,-8,-21,1494,1497,-1.84,1.08,2.5137,4.0913,6.9949,1
47.663,-10,-21,1493,1498,-1.84,1.08,2.5137,4.0913,6.9949,1
47.682,-11,-21,1496,1498,-1.84,1.08,2.5137,4.0913,6.9949,1
47.699,-13,-20,1493,1500,-1.84,1.08,2.5137,4.0913,6.9949,1
47.717,-14,-20,1495,1498,-1.84,1.08,2.5137,4.0913,6.9949,1
47.734,-16,-21,1492,1497,-1.84,1.08,2.5137,4.0913,6.9949,1
47.752,-18,-22,1491,1496,-1.84,1.08,2.5137,4.0913,6.9949,1
47.770,-19,-21,1494,1500,-1.79,1.14,2.5137,4.0913,6.9949,1
47.787,-19,-21,1497,1498,-1.79,1.14,2.5137,4.0913,6.9949,1
47.806,-21,-22,1491,1497,-1.79,1.14,2.5137,4.0913,6.9949,1
47.824,-22,-21,1493,1500,-1.79,1.14,2.6316,4.6286,7.9680,1
47.841,-24,-20,1490,1500,-1.79,1.14,2.6316,4.6286,7.9680,1
47.859,-26,-21,1490,1497,-1.79,1.14,2.6316,4.6286,7.9680,1
47.877,-28,-21,1490,1498,-1.79,1.14,2.6316,4.6286,7.9680,1
47.895,-32,-22,1483,1497,-1.79,1.14,2.6316,4.6286,7.9680,1
47.912,-33,-22,1491,1498,-1.79,1.14,2.6316,4.6286,7.9680,1
47.930,-37,-21,1482,1500,-1.79,1.14,2.6316,4.6286,7.9680,1
47.948,-37,-21,1493,1498,-1.79,1.14,2.6316,4.6286,7.9680,1
47.965,-39,-21,1487,1498,-1.79,1.14,2.6316,4.6286,7.9680,1
47.983,-42,-22,1484,1497,-1.79,1.14,2.6316,4.6286,7.9680,1
48.002,-44,-22,1486,1498,-1.79,1.14,2.6316,4.6286,7.9680,1
48.019,-46,-21,1486,1500,-1.29,0.63,2.6316,4.6286,7.9680,1
48.038,-47,-22,1489,1497,-1.29,0.63,2.6316,4.6286,7.9680,1
48.057,-47,-22,1491,1498,-1.29,0.63,2.6316,4.6286,7.9680,1
48.075,-49,-22,1485,1498,-1.29,0.63,2.5474,4.8702,9.0164,1
48.093,-49,-22,1491,1498,-1.29,0.63,2.5474,4.8702,9.0164,1
48.111,-50,-21,1488,1500,-1.29,0.63,2.5474,4.8702,9.0164,1
48.129,-49,-22,1494,1496,-1.29,0.63,2.5474,4.8702,9.0164,1
48.148,-50,-21,1488,1500,-1.29,0.63,2.5474,4.8702,9.0164,1
48.165,-50,-22,1491,1496,-1.29,0.63,2.5474,4.8702,9.0164,1
48.182,-50,-22,1491,1498,-1.29,0.63,2.5474,4.8702,9.0164,1
48.200,-50,-22,1491,1498,-1.29,0.63,2.5474,4.8702,9.0164,1
48.217,-49,-22,1494,1498,-1.29,0.63,2.5474,4.8702,9.0164,1
48.235,-49,-22,1491,1498,-1.29,0.63,2.5474,4.8702,9.0164,1
48.253,-49,-23,1491,1496,-1.29,0.63,2.5474,4.8702,9.0164,1
48.270,-49,-22,1491,1500,-1.10,0.71,2.5474,4.8702,9.0164,1
48.287,-50,-22,1488,1498,-1.10,0.71,2.5474,4.8702,9.0164,1
48.306,-50,-22,1490,1498,-1.10,0.71,2.5474,4.8702,9.0164,1
48.323,-50,-22,1490,1498,-1.10,0.71,2.6912,4.7770,7.8138,1
48.341,-50,-22,1490,1498,-1.10,0.71,2.6912,4.7770,7.8138,1
48.359,-49,-22,1493,1498,-1.10,0.71,2.6912,4.7770,7.8138,1
48.376,-49,-23,1491,1496,-1.10,0.71,2.6912,4.7770,7.8138,1
48.394,-49,-23,1491,1498,-1.10,0.71,2.6912,4.7770,7.8138,1
48.412,-49,-23,1491,1498,-1.10,0.71,2.6912,4.7770,7.8138,1
48.429,-50,-23,1488,1498,-1.10,0.71,2.6912,4.7770,7.8138,1
48.448,-49,-23,1493,1498,-1.10,0.71,2.6912,4.7770,7.8138,1
48.466,-49,-23,1491,1498,-1.10,0.71,2.6912,4.7770,7.8138,1
48.484,-50,-22,1488,1500,-1.10,0.71,2.6912,4.7770,7.8138,1
48.502,-51,-24,1487,1495,-0.82,0.17,2.6912,4.7770,7.8138,1
48.520,-52,-23,1487,1500,-0.82,0.17,2.6912,4.7770,7.8138,1
48.538,-53,-23,1487,1498,-0.82,0.17,2.6912,4.7770,7.8138,1
48.558,-54,-23,1487,1498,-0.82,0.17,2.6912,4.7770,7.8138,1
48.578,-55,-22,1487,1500,-0.82,0.17,2.7863,4.9240,8.9505,1
48.597,-56,-21,1486,1500,-0.82,0.17,2.7863,4.9240,8.9505,1
48.614,-56,-21,1489,1498,-0.82,0.17,2.7863,4.9240,8.9505,1
48.632,-57,-21,1486,1498,-0.82,0.17,2.7863,4.9240,8.9505,1
48.650,-59,-20,1483,1500,-0.82,0.17,2.7863,4.9240,8.9505,1
48.668,-60,-20,1486,1498,-0.82,0.17,2.7863,4.9240,8.9505,1
48.686,-61,-20,1485,1498,-0.82,0.17,2.7863,4.9240,8.9505,0
48.703,-63,-21,1482,1497,-0.82,0.17,2.7863,4.9240,8.9505,0
48.720,-65,-20,1482,1500,-0.82,0.17,2.7863,4.9240,8.9505,0
48.738,-67,-20,1481,1498,-0.82,0.17,2.7863,4.9240,8.9505,0
48.755,-69,-20,1481,1498,-0.19,-0.13,2.7863,4.9240,8.9505,0
48.775,-71,-19,1481,1500,-0.19,-0.13,2.7863,4.9240,8.9505,0
48.794,-73,-20,1480,1497,-0.19,-0.13,2.7863,4.9240,8.9505,0
48.811,-75,-19,1480,1500,-0.19,-0.13,2.7863,4.9240,8.9505,0
48.830,-76,-19,1482,1499,-0.19,-0.13,2.2808,5.8511,8.3312,0
48.847,-78,-19,1479,1499,-0.19,-0.13,2.2808,5.8511,8.3312,0
48.864,-79,-18,1482,1500,-0.19,-0.13,2.2808,5.8511,8.3312,0
48.882,-80,-18,1482,1499,-0.19,-0.13,2.2808,5.8511,8.3312,0
48.900,-82,-18,1478,1499,-0.19,-0.13,2.2808,5.8511,8.3312,0
48.917,-83,-17,1481,1500,-0.19,-0.13,2.2808,5.8511,8.3312,0
48.935,-83,-17,1484,1499,-0.19,-0.13,2.2808,5.8511,8.3312,0
48.953,-84,-16,1481,1500,-0.19,-0.13,2.2808,5.8511,8.3312,0
48.973,-84,-16,1483,1499,-0.19,-0.13,2.2808,5.8511,8.3312,0
48.991,-84,-16,1483,1499,-0.19,-0.13,2.2808,5.8511,8.3312,0
49.011,-84,-16,1483,1499,-0.20,0.58,2.2808,5.8511,8.3312,0
49.029,-83,-15,1486,1500,-0.20,0.58,2.2808,5.8511,8.3312,0
49.047,-83,-16,1484,1497,-0.20,0.58,2.2808,5.8511,8.3312,0
49.067,-82,-15,1487,1500,-0.20,0.58,2.8836,5.1963,8.5086,0
49.084,-81,-15,1487,1499,-0.20,0.58,2.8836,5.1963,8.5086,0
49.101,-81,-15,1484,1499,-0.20,0.58,2.8836,5.1963,8.5086,0
49.118,-80,-15,1487,1499,-0.20,0.58,2.8836,5.1963,8.5086,0
49.137,-80,-14,1484,1500,-0.20,0.58,2.8836,5.1963,8.5086,0
49.154,-81,-14,1481,1499,-0.20,0.58,2.8836,5.1963,8.5086,0
49.173,-80,-13,1487,1500,-0.20,0.58,2.8836,5.1963,8.5086,0
49.190,-80,-14,1484,1497,-0.20,0.58,2.8836,5.1963,8.5086,0
49.207,-80,-14,1484,1499,-0.20,0.58,2.8836,5.1963,8.5086,0
49.225,-80,-14,1484,1499,-0.20,0.58,2.8836,5.1963,8.5086,0
49.242,-79,-14,1487,1499,-0.20,0.58,2.8836,5.1963,8.5086,0
49.259,-79,-14,1484,1499,-0.33,1.65,2.8836,5.1963,8.5086,0
49.276,-78,-13,1488,1500,-0.33,1.65,2.8836,5.1963,8.5086,0
49.295,-77,-13,1488,1499,-0.33,1.65,2.8836,5.1963,8.5086,0
49.313,-76,-12,1488,1500,-0.33,1.65,2.8836,5.1963,8.5086,0
49.330,-75,-11,1488,1500,-0.33,1.65,2.8934,4.3838,9.3751,0
49.348,-74,-10,1488,1500,-0.33,1.65,2.8934,4.3838,9.3751,0
49.366,-72,-9,1491,1500,-0.33,1.65,2.8934,4.3838,9.3751,0
49.383,-70,-10,1492,1498,-0.33,1.65,2.8934,4.3838,9.3751,0
49.401,-69,-11,1489,1498,-0.33,1.65,2.8934,4.3838,9.3751,0
49.418,-68,-10,1490,1500,-0.33,1.65,2.8934,4.3838,9.3751,0
49.437,-66,-9,1493,1500,-0.33,1.65,2.8934,4.3838,9.3751,0
49.455,-65,-8,1490,1500,-0.33,1.65,2.8934,4.3838,9.3751,0
49.473,-63,-8,1493,1500,-0.33,1.65,2.8934,4.3838,9.3751,0
49.491,-62,-7,1491,1500,-0.33,1.65,2.8934,4.3838,9.3751,0
49.508,-60,-8,1494,1498,-0.53,2.22,2.8934,4.3838,9.3751,1
49.526,-58,-7,1494,1500,-0.53,2.22,2.8934,4.3838,9.3751,1
49.543,-58,-7,1489,1500,-0.53,2.22,2.8934,4.3838,9.3751,1
49.561,-56,-7,1495,1500,-0.53,2.22,2.8934,4.3838,9.3751,1
49.580,-55,-6,1492,1501,-0.53,2.22,2.7429,3.4502,7.3166,1
49.597,-53,-6,1495,1500,-0.53,2.22,2.7429,3.4502,7.3166,1
49.615,-51,-6,1496,1500,-0.53,2.22,2.7429,3.4502,7.3166,1
49.633,-46,-5,1503,1501,-0.53,2.22,2.7429,3.4502,7.3166,1
49.651,-43,-5,1500,1500,-0.53,2.22,2.7429,3.4502,7.3166,1
49.668,-40,-5,1500,1500,-0.53,2.22,2.7429,3.4502,7.3166,1
49.685,-34,-4,1510,1501,-0.53,2.22,2.7429,3.4502,7.3166,1
49.703,-31,-4,1502,1500,-0.53,2.22,2.7429,3.4502,7.3166,1
49.720,-29,-3,1500,1501,-0.53,2.22,2.7429,3.4502,7.3166,1
49.740,-26,-3,1503,1500,-0.53,2.22,2.7429,3.4502,7.3166,1
49.760,-24,-3,1500,1500,-0.92,3.39,2.7429,3.4502,7.3166,1
49.778,-22,-3,1501,1500,-0.92,3.39,2.7429,3.4502,7.3166,1
49.796,-21,-3,1499,1500,-0.92,3.39,2.7429,3.4502,7.3166,1
49.815,-19,-2,1501,1501,-0.92,3.39,2.7096,2.8210,6.7755,1
49.832,-18,-2,1500,1500,-0.92,3.39,2.7096,2.8210,6.7755,1
49.850,-16,-1,1502,1501,-0.92,3.39,2.7096,2.8210,6.7755,1
49.869,-14,-1,1502,1500,-0.92,3.39,2.7096,2.8210,6.7755,1
49.886,-14,-1,1497,1500,-0.92,3.39,2.7096,2.8210,6.7755,1
49.904,-13,-1,1500,1500,-0.92,3.39,2.7096,2.8210,6.7755,1
49.923,-12,-1,1500,1500,-0.92,3.39,2.7096,2.8210,6.7755,1
49.940,-10,0,1503,1501,-0.92,3.39,2.7096,2.8210,6.7755,1
49.959,-10,0,1498,1500,-0.92,3.39,2.7096,2.8210,6.7755,1
49.977,-9,1,1500,1501,-0.92,3.39,2.7096,2.8210,6.7755,1
49.995,-8,1,1501,1500,-0.92,3.39,2.7096,2.8210,6.7755,1
50.014,-8,1,1499,1500,-0.55,3.05,2.7096,2.8210,6.7755,1
50.031,-7,1,1501,1500,-0.55,3.05,2.7096,2.8210,6.7755,1
50.049,-7,1,1499,1500,-0.55,3.05,2.7096,2.8210,6.7755,1
50.069,-7,1,1499,1500,-0.55,3.05,2.9074,3.4580,6.6268,1
50.087,-5,1,1504,1500,-0.55,3.05,2.9074,3.4580,6.6268,1
50.104,-5,1,1499,1500,-0.55,3.05,2.9074,3.4580,6.6268,1
50.121,-4,1,1501,1500,-0.55,3.05,2.9074,3.4580,6.6268,1
50.138,-5,1,1496,1500,-0.55,3.05,2.9074,3.4580,6.6268,1
50.156,-6,1,1496,1500,-0.55,3.05,2.9074,3.4580,6.6268,1
50.173,-7,1,1496,1500,-0.55,3.05,2.9074,3.4580,6.6268,1
50.192,-8,1,1496,1500,-0.55,3.05,2.9074,3.4580,6.6268,1
50.210,-8,1,1499,1500,-0.55,3.05,2.9074,3.4580,6.6268,1
50.227,-9,1,1496,1500,-0.55,3.05,2.9074,3.4580,6.6268,1
50.245,-9,1,1498,1500,-0.55,3.05,2.9074,3.4580,6.6268,1
50.265,-10,1,1496,1500,-0.62,1.37,2.9074,3.4580,6.6268,1
50.282,-10,1,1498,1500,-0.62,1.37,2.9074,3.4580,6.6268,1
50.300,-11,1,1495,1500,-0.62,1.37,2.9074,3.4580,6.6268,1
50.319,-12,1,1495,1500,-0.62,1.37,3.3579,3.1096,6.6681,1
50.337,-12,1,1498,1500,-0.62,1.37,3.3579,3.1096,6.6681,1
50.355,-13,1,1495,1500,-0.62,1.37,3.3579,3.1096,6.6681,1
50.375,-14,0,1495,1499,-0.62,1.37,3.3579,3.1096,6.6681,1
50.395,-15,1,1495,1501,-0.62,1.37,3.3579,3.1096,6.6681,1
50.414,-16,1,1494,1500,-0.62,1.37,3.3579,3.1096,6.6681,1
50.431,-16,1,1497,1500,-0.62,1.37,3.3579,3.1096,6.6681,1
50.450,-16,1,1497,1500,-0.62,1.37,3.3579,3.1096,6.6681,1
50.468,-17,0,1497,1500,-0.62,1.37,3.3579,3.1096,6.6681,1
50.486,-17,0,1494,1499,-0.62,1.37,3.3579,3.1096,6.6681,1
50.503,-18,0,1494,1500,-1.42,1.87,3.3579,3.1096,6.6681,1
50.521,-18,0,1497,1500,-1.42,1.87,3.3579,3.1096,6.6681,1
50.538,-18,0,1497,1500,-1.42,1.87,3.3579,3.1096,6.6681,1
50.558,-18,0,1497,1500,-1.42,1.87,3.3579,3.1096,6.6681,1
50.575,-19,0,1494,1500,-1.42,1.87,3.1235,3.5610,5.9370,1
50.593,-19,0,1496,1500,-1.42,1.87,3.1235,3.5610,5.9370,1
50.610,-19,0,1496,1500,-1.42,1.87,3.1235,3.5610,5.9370,1
50.628,-18,0,1500,1500,-1.42,1.87,3.1235,3.5610,5.9370,1
50.647,-18,0,1497,1500,-1.42,1.87,3.1235,3.5610,5.9370,1
50.665,-18,-1,1497,1499,-1.42,1.87,3.1235,3.5610,5.9370,1
50.683,-18,-1,1497,1500,-1.42,1.87,3.1235,3.5610,5.9370,1
50.700,-18,-1,1497,1500,-1.42,1.87,3.1235,3.5610,5.9370,1
50.718,-18,-1,1497,1500,-1.42,1.87,3.1235,3.5610,5.9370,1
50.735,-17,0,1500,1501,-1.42,1.87,3.1235,3.5610,5.9370,1
50.753,-17,-1,1497,1499,-1.60,1.60,3.1235,3.5610,5.9370,1
50.770,-17,-1,1497,1500,-1.60,1.60,3.1235,3.5610,5.9370,1
50.790,-14,-2,1504,1499,-1.60,1.60,3.1235,3.5610,5.9370,1
50.808,-13,-1,1500,1501,-1.60,1.60,3.1235,3.5610,5.9370,1
50.827,-12,-1,1500,1500,-1.60,1.60,3.1167,3.5126,6.3145,1
50.845,-11,0,1500,1501,-1.60,1.60,3.1167,3.5126,6.3145,1
50.865,-10,0,1500,1500,-1.60,1.60,3.1167,3.5126,6.3145,1
50.883,-8,1,1503,1501,-1.60,1.60,3.1167,3.5126,6.3145,1
50.902,-6,0,1504,1499,-1.60,1.60,3.1167,3.5126,6.3145,1
50.919,-5,-1,1501,1499,-1.60,1.60,3.1167,3.5126,6.3145,1
50.936,-3,0,1504,1501,-1.60,1.60,3.1167,3.5126,6.3145,1
50.954,-1,0,1505,1500,-1.60,1.60,3.1167,3.5126,6.3145,1
50.971,0,-1,1502,1499,-1.60,1.60,3.1167,3.5126,6.3145,1
50.990,1,-1,1502,1500,-1.60,1.60,3.1167,3.5126,6.3145,1
51.007,2,-1,1503,1500,-1.14,1.31,3.1167,3.5126,6.3145,1
51.025,3,-1,1503,1500,-1.14,1.31,3.1167,3.5126,6.3145,1
51.043,4,-1,1503,1500,-1.14,1.31,3.1167,3.5126,6.3145,1
51.064,5,-2,1503,1499,-1.14,1.31,3.1420,2.7858,6.3526,1
51.082,5,-2,1500,1500,-1.14,1.31,3.1420,2.7858,6.3526,1
51.101,6,-2,1503,1500,-1.14,1.31,3.1420,2.7858,6.3526,1
51.123,7,-2,1503,1500,-1.14,1.31,3.1420,2.7858,6.3526,1
51.141,8,-2,1504,1500,-1.14,1.31,3.1420,2.7858,6.3526,1
51.159,8,-2,1501,1500,-1.14,1.31,3.1420,2.7858,6.3526,1
51.176,9,-2,1504,1500,-1.14,1.31,3.1420,2.7858,6.3526,1
51.195,9,-2,1501,1500,-1.14,1.31,3.1420,2.7858,6.3526,1
51.212,10,-3,1504,1498,-1.14,1.31,3.1420,2.7858,6.3526,1
51.231,10,-3,1501,1500,-1.14,1.31,3.1420,2.7858,6.3526,1
51.251,11,-3,1504,1500,-0.55,0.96,3.1420,2.7858,6.3526,1
51.269,12,-3,1504,1500,-0.55,0.96,3.1420,2.7858,6.3526,1
51.286,13,-3,1505,1500,-0.55,0.96,3.1420,2.7858,6.3526,1
51.304,13,-3,1502,1500,-0.55,0.96,3.1420,2.7858,6.3526,1
51.323,13,-3,1502,1500,-0.55,0.96,3.2154,3.2024,6.7790,1
51.341,13,-3,1502,1500,-0.55,0.96,3.2154,3.2024,6.7790,1
51.359,13,-3,1502,1500,-0.55,0.96,3.2154,3.2024,6.7790,1
51.376,13,-3,1502,1500,-0.55,0.96,3.2154,3.2024,6.7790,1
51.394,12,-3,1500,1500,-0.55,0.96,3.2154,3.2024,6.7790,1
51.411,12,-3,1502,1500,-0.55,0.96,3.2154,3.2024,6.7790,1
51.428,12,-3,1502,1500,-0.55,0.96,3.2154,3.2024,6.7790,1
51.446,10,-3,1496,1500,-0.55,0.96,3.2154,3.2024,6.7790,1
51.463,10,-3,1501,1500,-0.55,0.96,3.2154,3.2024,6.7790,1
51.480,10,-4,1501,1498,-0.55,0.96,3.2154,3.2024,6.7790,1
51.500,10,-4,1501,1500,-0.29,1.07,3.2154,3.2024,6.7790,1
51.518,10,-4,1501,1500,-0.29,1.07,3.2154,3.2024,6.7790,1
51.536,9,-4,1499,1500,-0.29,1.07,3.2154,3.2024,6.7790,1
51.555,8,-4,1499,1500,-0.29,1.07,3.2154,3.2024,6.7790,1
51.573,8,-4,1501,1500,-0.29,1.07,3.0594,3.6291,6.5886,1
51.590,7,-4,1499,1500,-0.29,1.07,3.0594,3.6291,6.5886,1
51.608,6,-4,1499,1500,-0.29,1.07,3.0594,3.6291,6.5886,1
51.625,5,-4,1498,1500,-0.29,1.07,3.0594,3.6291,6.5886,1
51.643,5,-4,1500,1500,-0.29,1.07,3.0594,3.6291,6.5886,1
51.660,5,-5,1500,1498,-0.29,1.07,3.0594,3.6291,6.5886,1
51.677,5,-4,1500,1501,-0.29,1.07,3.0594,3.6291,6.5886,1
51.694,5,-4,1500,1500,-0.29,1.07,3.0594,3.6291,6.5886,1
51.711,5,-5,1500,1498,-0.29,1.07,3.0594,3.6291,6.5886,1
51.729,5,-5,1500,1500,-0.29,1.07,3.0594,3.6291,6.5886,1
51.746,5,-5,1500,1500,-0.29,1.07,3.0594,3.6291,6.5886,1
51.765,5,-5,1500,1500,-0.45,1.70,3.0594,3.6291,6.5886,1
51.783,5,-5,1500,1500,-0.45,1.70,3.0594,3.6291,6.5886,1
51.802,5,-5,1500,1500,-0.45,1.70,3.0594,3.6291,6.5886,1
51.819,4,-5,1498,1500,-0.45,1.70,2.6853,4.3945,6.9144,1
51.838,3,-5,1498,1500,-0.45,1.70,2.6853,4.3945,6.9144,1
51.856,2,-5,1498,1500,-0.45,1.70,2.6853,4.3945,6.9144,1
51.874,1,-5,1498,1500,-0.45,1.70,2.6853,4.3945,6.9144,1
51.891,0,-5,1498,1500,-0.45,1.70,2.6853,4.3945,6.9144,1
51.909,-1,-5,1497,1500,-0.45,1.70,2.6853,4.3945,6.9144,1
51.926,-3,-6,1494,1498,-0.45,1.70,2.6853,4.3945,6.9144,1
51.945,-4,-5,1497,1501,-0.45,1.70,2.6853,4.3945,6.9144,1
51.962,-4,-6,1500,1498,-0.45,1.70,2.6853,4.3945,6.9144,1
51.980,-4,-6,1500,1500,-0.45,1.70,2.6853,4.3945,6.9144,1
51.997,-4,-5,1500,1501,-0.21,1.23,2.6853,4.3945,6.9144,1
52.014,-4,-5,1500,1500,-0.21,1.23,2.6853,4.3945,6.9144,1
52.032,-4,-6,1500,1498,-0.21,1.23,2.6853,4.3945,6.9144,1
52.050,-3,-6,1501,1500,-0.21,1.23,2.6853,4.3945,6.9144,1
52.069,-2,-5,1502,1501,-0.21,1.23,2.9334,3.9848,7.1164,1
52.086,-2,-5,1500,1500,-0.21,1.23,2.9334,3.9848,7.1164,1
52.105,-1,-5,1502,1500,-0.21,1.23,2.9334,3.9848,7.1164,1
52.124,1,-5,1505,1500,-0.21,1.23,2.9334,3.9848,7.1164,1
52.141,1,-5,1500,1500,-0.21,1.23,2.9334,3.9848,7.1164,1
52.158,2,-5,1503,1500,-0.21,1.23,2.9334,3.9848,7.1164,1
52.176,2,-5,1500,1500,-0.21,1.23,2.9334,3.9848,7.1164,1
52.193,3,-6,1503,1498,-0.21,1.23,2.9334,3.9848,7.1164,1
52.211,4,-6,1503,1500,-0.21,1.23,2.9334,3.9848,7.1164,1
52.228,4,-5,1500,1501,-0.21,1.23,2.9334,3.9848,7.1164,1
52.246,4,-5,1500,1500,0.16,1.08,2.9334,3.9848,7.1164,1
52.264,5,-5,1503,1500,0.16,1.08,2.9334,3.9848,7.1164,1
52.281,6,-5,1503,1500,0.16,1.08,2.9334,3.9848,7.1164,1
52.300,6,-5,1501,1500,0.16,1.08,2.9334,3.9848,7.1164,1
52.318,7,-5,1503,1500,0.16,1.08,3.0080,3.6072,6.5341,1
52.336,7,-5,1501,1500,0.16,1.08,3.0080,3.6072,6.5341,1
52.355,8,-5,1504,1500,0.16,1.08,3.0080,3.6072,6.5341,1
52.373,8,-4,1501,1501,0.16,1.08,3.0080,3.6072,6.5341,1
52.390,8,-6,1501,1496,0.16,1.08,3.0080,3.6072,6.5341,1
52.408,8,-6,1501,1500,0.16,1.08,3.0080,3.6072,6.5341,1
52.428,8,-5,1501,1500,0.16,1.08,3.0080,3.6072,6.5341,1
52.445,8,-5,1501,1500,0.16,1.08,3.0080,3.6072,6.5341,1
52.463,7,-5,1499,1500,0.16,1.08,3.0080,3.6072,6.5341,1
52.482,4,-5,1493,1500,0.16,1.08,3.0080,3.6072,6.5341,1
52.503,3,-5,1499,1500,0.49,1.17,3.0080,3.6072,6.5341,1
52.521,2,-5,1498,1500,0.49,1.17,3.0080,3.6072,6.5341,1
52.539,1,-5,1498,1500,0.49,1.17,3.0080,3.6072,6.5341,1
52.559,-1,-5,1495,1500,0.49,1.17,2.9353,3.9302,6.9004,1
52.576,-3,-5,1494,1500,0.49,1.17,2.9353,3.9302,6.9004,1
52.594,-3,-5,1500,1500,0.49,1.17,2.9353,3.9302,6.9004,1
52.611,-4,-5,1497,1500,0.49,1.17,2.9353,3.9302,6.9004,1
52.629,-5,-4,1497,1501,0.49,1.17,2.9353,3.9302,6.9004,1
52.647,-6,-4,1496,1500,0.49,1.17,2.9353,3.9302,6.9004,1
52.665,-7,-3,1496,1501,0.49,1.17,2.9353,3.9302,6.9004,1
52.682,-8,-4,1496,1498,0.49,1.17,2.9353,3.9302,6.9004,1
52.700,-8,-3,1499,1501,0.49,1.17,2.9353,3.9302,6.9004,1
52.718,-10,-3,1493,1500,0.49,1.17,2.9353,3.9302,6.9004,1
52.735,-12,-3,1492,1500,0.49,1.17,2.9353,3.9302,6.9004,1
52.753,-13,-2,1495,1501,0.31,1.68,2.9353,3.9302,6.9004,1
52.770,-14,-2,1495,1500,0.31,1.68,2.9353,3.9302,6.9004,1
52.793,-15,-2,1495,1500,0.31,1.68,2.9353,3.9302,6.9004,1
52.810,-17,-3,1491,1498,0.31,1.68,2.8871,3.1668,6.9958,1
52.828,-18,-2,1494,1501,0.31,1.68,2.8871,3.1668,6.9958,1
52.846,-20,-2,1491,1500,0.31,1.68,2.8871,3.1668,6.9958,1
52.863,-23,-2,1487,1500,0.31,1.68,2.8871,3.1668,6.9958,1
52.881,-27,-2,1484,1500,0.31,1.68,2.8871,3.1668,6.9958,1
52.898,-29,-2,1489,1500,0.31,1.68,2.8871,3.1668,6.9958,1
52.916,-31,-3,1488,1498,0.31,1.68,2.8871,3.1668,6.9958,1
52.933,-34,-2,1485,1501,0.31,1.68,2.8871,3.1668,6.9958,1
52.950,-36,-2,1487,1500,0.31,1.68,2.8871,3.1668,6.9958,1
52.967,-39,-3,1484,1498,0.31,1.68,2.8871,3.1668,6.9958,1
52.984,-41,-3,1486,1500,0.31,1.68,2.8871,3.1668,6.9958,1
53.001,-43,-3,1486,1500,-0.08,1.63,2.8871,3.1668,6.9958,1
53.019,-46,-3,1482,1500,-0.08,1.63,2.8871,3.1668,6.9958,1
53.037,-48,-3,1485,1500,-0.08,1.63,2.8871,3.1668,6.9958,1
53.058,-50,-2,1486,1501,-0.08,1.63,2.8871,3.1668,6.9958,1
53.075,-53,-2,1481,1500,-0.08,1.63,2.4889,3.7900,6.5690,1
53.093,-56,-2,1481,1500,-0.08,1.63,2.4889,3.7900,6.5690,1
53.112,-59,-2,1480,1500,-0.08,1.63,2.4889,3.7900,6.5690,1
53.130,-62,-2,1480,1500,-0.08,1.63,2.4889,3.7900,6.5690,0
53.149,-67,-3,1474,1499,-0.08,1.63,2.4889,3.7900,6.5690,0
53.167,-69,-3,1481,1500,-0.08,1.63,2.4889,3.7900,6.5690,0
53.184,-72,-3,1477,1500,-0.08,1.63,2.4889,3.7900,6.5690,0
53.202,-74,-2,1480,1501,-0.08,1.63,2.4889,3.7900,6.5690,0
53.219,-76,-2,1479,1500,-0.08,1.63,2.4889,3.7900,6.5690,0
53.236,-78,-3,1479,1498,-0.08,1.63,2.4889,3.7900,6.5690,0
53.255,-80,-2,1479,1501,-0.36,1.34,2.4889,3.7900,6.5690,0
53.272,-81,-2,1481,1500,-0.36,1.34,2.4889,3.7900,6.5690,0
53.290,-83,0,1478,1503,-0.36,1.34,2.4889,3.7900,6.5690,0
53.310,-84,0,1481,1500,-0.36,1.34,2.9741,4.7266,10.2754,0
53.329,-86,0,1479,1500,-0.36,1.34,2.9741,4.7266,10.2754,0
53.347,-87,0,1480,1500,-0.36,1.34,2.9741,4.7266,10.2754,0
53.365,-88,1,1480,1501,-0.36,1.34,2.9741,4.7266,10.2754,0
53.383,-91,1,1474,1500,-0.36,1.34,2.9741,4.7266,10.2754,0
53.400,-93,0,1476,1499,-0.36,1.34,2.9741,4.7266,10.2754,0
53.418,-95,1,1475,1501,-0.36,1.34,2.9741,4.7266,10.2754,0
53.435,-96,0,1478,1499,-0.36,1.34,2.9741,4.7266,10.2754,0
53.453,-98,1,1475,1501,-0.36,1.34,2.9741,4.7266,10.2754,0
53.471,-101,1,1472,1500,-0.36,1.34,2.9741,4.7266,10.2754,0
53.489,-101,1,1480,1500,-0.36,1.34,2.9741,4.7266,10.2754,0
53.506,-102,1,1477,1500,-0.01,1.45,2.9741,4.7266,10.2754,0
53.524,-103,0,1477,1499,-0.01,1.45,2.9741,4.7266,10.2754,0
53.544,-104,0,1477,1500,-0.01,1.45,2.9741,4.7266,10.2754,0
53.561,-104,-1,1479,1499,-0.01,1.45,2.3976,4.7747,7.5537,0
53.582,-105,-1,1477,1500,-0.01,1.45,2.3976,4.7747,7.5537,0
53.601,-105,-1,1479,1500,-0.01,1.45,2.3976,4.7747,7.5537,0
53.618,-105,0,1479,1501,-0.01,1.45,2.3976,4.7747,7.5537,0
53.635,-104,1,1482,1501,-0.01,1.45,2.3976,4.7747,7.5537,0
53.653,-104,2,1479,1501,-0.01,1.45,2.3976,4.7747,7.5537,0
53.670,-104,2,1479,1500,-0.01,1.45,2.3976,4.7747,7.5537,0
53.687,-104,3,1479,1502,-0.01,1.45,2.3976,4.7747,7.5537,0
53.705,-103,3,1483,1500,-0.01,1.45,2.3976,4.7747,7.5537,0
53.722,-103,3,1480,1500,-0.01,1.45,2.3976,4.7747,7.5537,0
53.739,-102,3,1483,1500,-0.01,1.45,2.3976,4.7747,7.5537,0
53.759,-101,3,1483,1500,-0.43,1.50,2.3976,4.7747,7.5537,0
53.777,-100,2,1483,1499,-0.43,1.50,2.3976,4.7747,7.5537,0
53.794,-99,2,1483,1500,-0.43,1.50,2.3976,4.7747,7.5537,0
53.812,-98,2,1484,1500,-0.43,1.50,2.5396,5.6508,8.6560,0
53.829,-96,2,1487,1500,-0.43,1.50,2.5396,5.6508,8.6560,0
53.846,-95,2,1484,1500,-0.43,1.50,2.5396,5.6508,8.6560,0
53.865,-91,2,1493,1500,-0.43,1.50,2.5396,5.6508,8.6560,0
53.883,-89,2,1488,1500,-0.43,1.50,2.5396,5.6508,8.6560,0
53.901,-87,2,1488,1500,-0.43,1.50,2.5396,5.6508,8.6560,0
53.918,-85,2,1489,1500,-0.43,1.50,2.5396,5.6508,8.6560,0
53.936,-83,2,1489,1500,-0.43,1.50,2.5396,5.6508,8.6560,0
53.954,-80,3,1493,1501,-0.43,1.50,2.5396,5.6508,8.6560,0
53.971,-80,3,1484,1500,-0.43,1.50,2.5396,5.6508,8.6560,0
53.988,-78,3,1491,1500,-0.43,1.50,2.5396,5.6508,8.6560,0
54.006,-75,3,1493,1500,-0.70,1.81,2.5396,5.6508,8.6560,0
54.024,-72,3,1494,1500,-0.70,1.81,2.5396,5.6508,8.6560,0
54.044,-69,4,1494,1501,-0.70,1.81,2.5396,5.6508,8.6560,0
54.061,-66,5,1496,1502,-0.70,1.81,2.6589,5.1336,10.0450,0
54.079,-62,4,1499,1499,-0.70,1.81,2.6589,5.1336,10.0450,0
54.097,-59,4,1497,1500,-0.70,1.81,2.6589,5.1336,10.0450,1
54.114,-56,5,1498,1502,-0.70,1.81,2.6589,5.1336,10.0450,1
54.132,-53,5,1498,1500,-0.70,1.81,2.6589,5.1336,10.0450,1
54.151,-47,6,1505,1502,-0.70,1.81,2.6589,5.1336,10.0450,1
54.169,-44,5,1500,1499,-0.70,1.81,2.6589,5.1336,10.0450,1
54.187,-37,5,1511,1500,-0.70,1.81,2.6589,5.1336,10.0450,1
54.205,-34,5,1501,1500,-0.70,1.81,2.6589,5.1336,10.0450,1
54.226,-29,7,1506,1503,-0.70,1.81,2.6589,5.1336,10.0450,1
54.243,-29,7,1494,1500,-0.32,2.43,2.6589,5.1336,10.0450,1
54.261,-26,7,1502,1500,-0.32,2.43,2.6589,5.1336,10.0450,1
54.280,-23,7,1503,1500,-0.32,2.43,2.6589,5.1336,10.0450,1
54.298,-20,7,1503,1500,-0.32,2.43,2.6589,5.1336,10.0450,1
54.315,-17,7,1505,1500,-0.32,2.43,2.6720,4.0858,7.8615,1
54.333,-12,8,1502,1502,-0.32,2.43,2.6720,4.0858,7.8615,1
54.351,-10,8,1511,1500,-0.32,2.43,2.6720,4.0858,7.8615,1
54.368,-8,8,1503,1500,-0.32,2.43,2.6720,4.0858,7.8615,1
54.386,-6,8,1504,1500,-0.32,2.43,2.6720,4.0858,7.8615,1
54.404,-4,8,1504,1500,-0.32,2.43,2.6720,4.0858,7.8615,1
54.423,-2,8,1504,1500,-0.32,2.43,2.6720,4.0858,7.8615,1
54.440,0,8,1505,1500,-0.32,2.43,2.6720,4.0858,7.8615,1
54.459,1,8,1502,1500,-0.32,2.43,2.6720,4.0858,7.8615,1
54.476,3,8,1505,1500,-0.32,2.43,2.6720,4.0858,7.8615,1
54.495,6,9,1509,1502,0.35,2.70,2.6720,4.0858,7.8615,1
54.514,7,9,1503,1500,0.35,2.70,2.6720,4.0858,7.8615,1
54.531,9,9,1507,1500,0.35,2.70,2.6720,4.0858,7.8615,1
54.549,10,9,1504,1500,0.35,2.70,2.6720,4.0858,7.8615,1
54.566,12,10,1507,1502,0.35,2.70,2.6181,4.1070,7.7999,1
54.584,14,10,1508,1501,0.35,2.70,2.6181,4.1070,7.7999,1
54.602,16,9,1508,1500,0.35,2.70,2.6181,4.1070,7.7999,1
54.619,17,10,1506,1502,0.35,2.70,2.6181,4.1070,7.7999,1
54.636,19,10,1509,1501,0.35,2.70,2.6181,4.1070,7.7999,1
54.653,20,11,1506,1502,0.35,2.70,2.6181,4.1070,7.7999,1
54.671,21,9,1506,1498,0.35,2.70,2.6181,4.1070,7.7999,1
54.688,21,10,1504,1502,0.35,2.70,2.6181,4.1070,7.7999,1
54.706,22,10,1507,1501,0.35,2.70,2.6181,4.1070,7.7999,1
54.724,23,11,1507,1502,0.35,2.70,2.6181,4.1070,7.7999,1
54.742,23,11,1504,1501,0.30,3.26,2.6181,4.1070,7.7999,1
54.760,24,11,1507,1501,0.30,3.26,2.6181,4.1070,7.7999,1
54.778,27,9,1507,1500,0.30,3.26,2.6181,4.1070,7.7999,1
54.795,27,9,1510,1500,0.30,3.26,2.6181,4.1070,7.7999,1
54.813,29,10,1511,1502,0.30,3.26,2.6926,3.9966,8.2451,1
54.830,30,10,1508,1501,0.30,3.26,2.6926,3.9966,8.2451,1
54.848,32,10,1512,1501,0.30,3.26,2.6926,3.9966,8.2451,1
54.865,33,10,1509,1501,0.30,3.26,2.6926,3.9966,8.2451,1
54.883,34,9,1509,1500,0.30,3.26,2.6926,3.9966,8.2451,1
54.900,34,10,1506,1502,0.30,3.26,2.6926,3.9966,8.2451,1
54.917,35,10,1509,1501,0.30,3.26,2.6926,3.9966,8.2451,1
54.934,37,9,1513,1500,0.30,3.26,2.6926,3.9966,8.2451,1
54.952,38,9,1510,1500,0.30,3.26,2.6926,3.9966,8.2451,1
54.969,39,9,1510,1500,0.30,3.26,2.6926,3.9966,8.2451,1
54.987,41,8,1513,1500,0.30,3.26,2.6926,3.9966,8.2451,1
55.005,42,9,1511,1502,0.86,2.64,2.6926,3.9966,8.2451,1
55.023,43,9,1511,1500,0.86,2.64,2.6926,3.9966,8.2451,1
55.041,44,9,1511,1500,0.86,2.64,2.6926,3.9966,8.2451,1
55.059,46,8,1514,1500,0.86,2.64,2.4559,5.0067,7.1738,1
55.079,48,9,1514,1502,0.86,2.64,2.4559,5.0067,7.1738,1
55.097,49,7,1512,1498,0.86,2.64,2.4559,5.0067,7.1738,1
55.115,50,7,1512,1500,0.86,2.64,2.4559,5.0067,7.1738,1
55.133,51,7,1513,1500,0.86,2.64,2.4559,5.0067,7.1738,1
55.150,52,8,1513,1502,0.86,2.64,2.4559,5.0067,7.1738,1
55.168,54,7,1516,1500,0.86,2.64,2.4559,5.0067,7.1738,1
55.186,56,8,1516,1502,0.86,2.64,2.4559,5.0067,7.1738,1
55.204,58,7,1517,1500,0.86,2.64,2.4559,5.0067,7.1738,1
55.222,60,8,1517,1502,0.86,2.64,2.4559,5.0067,7.1738,1
55.239,62,7,1517,1500,0.98,2.56,2.4559,5.0067,7.1738,0
55.256,63,7,1515,1500,0.98,2.56,2.4559,5.0067,7.1738,0
55.274,64,7,1515,1500,0.98,2.56,2.4559,5.0067,7.1738,0
55.291,65,7,1515,1500,0.98,2.56,2.4559,5.0067,7.1738,0
55.308,66,7,1516,1500,0.98,2.56,2.4182,4.8526,6.5320,0
55.326,68,7,1519,1500,0.98,2.56,2.4182,4.8526,6.5320,0
55.344,69,5,1516,1498,0.98,2.56,2.4182,4.8526,6.5320,0
55.361,70,5,1517,1500,0.98,2.56,2.4182,4.8526,6.5320,0
55.378,70,5,1514,1500,0.98,2.56,2.4182,4.8526,6.5320,0
55.395,70,5,1514,1500,0.98,2.56,2.4182,4.8526,6.5320,0
55.412,71,5,1517,1500,0.98,2.56,2.4182,4.8526,6.5320,0
55.429,72,5,1517,1500,0.98,2.56,2.4182,4.8526,6.5320,0
55.447,73,5,1517,1500,0.98,2.56,2.4182,4.8526,6.5320,0
55.466,73,6,1514,1502,0.98,2.56,2.4182,4.8526,6.5320,0
55.484,74,5,1517,1499,0.98,2.56,2.4182,4.8526,6.5320,0
55.504,74,4,1514,1499,1.54,2.41,2.4182,4.8526,6.5320,0
55.521,74,3,1514,1499,1.54,2.41,2.4182,4.8526,6.5320,0
55.540,74,3,1515,1500,1.54,2.41,2.4182,4.8526,6.5320,0
55.557,74,3,1515,1500,1.54,2.41,2.7421,4.1397,8.5180,0
55.575,73,4,1511,1502,1.54,2.41,2.7421,4.1397,8.5180,0
55.592,73,4,1514,1500,1.54,2.41,2.7421,4.1397,8.5180,0
55.609,73,4,1514,1500,1.54,2.41,2.7421,4.1397,8.5180,0
55.626,73,4,1514,1500,1.54,2.41,2.7421,4.1397,8.5180,0
55.644,73,2,1514,1497,1.54,2.41,2.7421,4.1397,8.5180,0
55.662,73,1,1514,1499,1.54,2.41,2.7421,4.1397,8.5180,0
55.679,73,1,1514,1500,1.54,2.41,2.7421,4.1397,8.5180,0
55.696,74,2,1517,1501,1.54,2.41,2.7421,4.1397,8.5180,0
55.713,74,2,1515,1500,1.54,2.41,2.7421,4.1397,8.5180,0
55.730,74,1,1515,1499,1.54,2.41,2.7421,4.1397,8.5180,0
55.747,74,2,1515,1501,1.60,1.85,2.7421,4.1397,8.5180,0
55.766,74,1,1515,1499,1.60,1.85,2.7421,4.1397,8.5180,0
55.786,74,2,1515,1501,1.60,1.85,2.7421,4.1397,8.5180,0
55.803,74,1,1515,1499,1.60,1.85,2.7421,4.1397,8.5180,0
55.821,74,0,1515,1499,1.60,1.85,2.6758,4.4614,6.9482,0
55.839,74,0,1515,1500,1.60,1.85,2.6758,4.4614,6.9482,0
55.857,73,-1,1512,1499,1.60,1.85,2.6758,4.4614,6.9482,0
55.875,72,0,1511,1501,1.60,1.85,2.6758,4.4614,6.9482,0
55.892,71,0,1511,1500,1.60,1.85,2.6758,4.4614,6.9482,0
55.909,70,0,1511,1500,1.60,1.85,2.6758,4.4614,6.9482,0
55.927,69,-1,1511,1499,1.60,1.85,2.6758,4.4614,6.9482,0
55.945,69,-1,1514,1500,1.60,1.85,2.6758,4.4614,6.9482,0
55.963,66,-2,1504,1499,1.60,1.85,2.6758,4.4614,6.9482,0
55.980,65,-1,1510,1501,1.60,1.85,2.6758,4.4614,6.9482,0
55.997,63,-2,1506,1499,1.43,1.97,2.6758,4.4614,6.9482,0
56.016,62,-1,1509,1501,1.43,1.97,2.6758,4.4614,6.9482,0
56.033,60,-2,1506,1499,1.43,1.97,2.6758,4.4614,6.9482,1
56.054,58,-3,1506,1499,1.43,1.97,2.6637,4.5143,7.3878,1
56.074,53,-3,1499,1500,1.43,1.97,2.6637,4.5143,7.3878,1
56.092,51,-3,1504,1500,1.43,1.97,2.6637,4.5143,7.3878,1
56.110,49,-3,1504,1500,1.43,1.97,2.6637,4.5143,7.3878,1
56.127,47,-3,1503,1500,1.43,1.97,2.6637,4.5143,7.3878,1
56.146,46,-3,1506,1500,1.43,1.97,2.6637,4.5143,7.3878,1
56.163,44,-3,1503,1500,1.43,1.97,2.6637,4.5143,7.3878,1
56.180,43,-4,1505,1498,1.43,1.97,2.6637,4.5143,7.3878,1
56.198,41,-3,1502,1501,1.43,1.97,2.6637,4.5143,7.3878,1
56.216,40,-3,1505,1500,1.43,1.97,2.6637,4.5143,7.3878,1
56.233,38,-3,1501,1500,1.43,1.97,2.6637,4.5143,7.3878,1
56.250,37,-3,1504,1500,0.56,2.05,2.6637,4.5143,7.3878,1
56.267,35,-4,1501,1498,0.56,2.05,2.6637,4.5143,7.3878,1
56.285,33,-4,1501,1500,0.56,2.05,2.6637,4.5143,7.3878,1
56.302,30,-5,1498,1498,0.56,2.05,2.9748,4.6608,8.1469,1
56.319,28,-5,1500,1500,0.56,2.05,2.9748,4.6608,8.1469,1
56.337,27,-5,1502,1500,0.56,2.05,2.9748,4.6608,8.1469,1
56.355,25,-5,1500,1500,0.56,2.05,2.9748,4.6608,8.1469,1
56.373,24,-5,1502,1500,0.56,2.05,2.9748,4.6608,8.1469,1
56.391,22,-5,1500,1500,0.56,2.05,2.9748,4.6608,8.1469,1
56.410,20,-5,1499,1500,0.56,2.05,2.9748,4.6608,8.1469,1
56.427,19,-6,1501,1498,0.56,2.05,2.9748,4.6608,8.1469,1
56.445,17,-6,1499,1500,0.56,2.05,2.9748,4.6608,8.1469,1
56.462,13,-7,1492,1498,0.56,2.05,2.9748,4.6608,8.1469,1
56.480,11,-7,1497,1500,0.56,2.05,2.9748,4.6608,8.1469,1
56.497,9,-7,1497,1500,0.17,2.02,2.9748,4.6608,8.1469,1
56.514,7,-6,1496,1501,0.17,2.02,2.9748,4.6608,8.1469,1
56.532,4,-7,1493,1498,0.17,2.02,2.9748,4.6608,8.1469,1
56.550,2,-8,1495,1498,0.17,2.02,2.4316,4.7885,7.0694,1
56.567,-1,-8,1492,1500,0.17,2.02,2.4316,4.7885,7.0694,1
56.584,-3,-8,1494,1500,0.17,2.02,2.4316,4.7885,7.0694,1
56.602,-5,-9,1494,1498,0.17,2.02,2.4316,4.7885,7.0694,1
56.620,-7,-9,1494,1500,0.17,2.02,2.4316,4.7885,7.0694,1
56.637,-9,-9,1493,1500,0.17,2.02,2.4316,4.7885,7.0694,1
56.654,-10,-9,1496,1500,0.17,2.02,2.4316,4.7885,7.0694,1
56.671,-12,-9,1492,1500,0.17,2.02,2.4316,4.7885,7.0694,1
56.690,-15,-9,1489,1500,0.17,2.02,2.4316,4.7885,7.0694,1
56.709,-16,-9,1495,1500,0.17,2.02,2.4316,4.7885,7.0694,1
56.727,-17,-9,1495,1500,0.17,2.02,2.4316,4.7885,7.0694,1
56.745,-18,-10,1494,1498,-0.28,1.51,2.4316,4.7885,7.0694,1
56.762,-19,-10,1494,1499,-0.28,1.51,2.4316,4.7885,7.0694,1
56.779,-20,-10,1494,1499,-0.28,1.51,2.4316,4.7885,7.0694,1
56.797,-21,-10,1494,1499,-0.28,1.51,2.4316,4.7885,7.0694,1
56.815,-21,-10,1496,1499,-0.28,1.51,2.4658,5.5695,9.9868,1
56.835,-23,-10,1491,1499,-0.28,1.51,2.4658,5.5695,9.9868,1
56.853,-23,-10,1496,1499,-0.28,1.51,2.4658,5.5695,9.9868,1
56.871,-25,-11,1490,1498,-0.28,1.51,2.4658,5.5695,9.9868,1
56.889,-26,-11,1493,1499,-0.28,1.51,2.4658,5.5695,9.9868,1
56.907,-29,-11,1486,1499,-0.28,1.51,2.4658,5.5695,9.9868,1
56.924,-31,-11,1489,1499,-0.28,1.51,2.4658,5.5695,9.9868,1
56.944,-33,-11,1489,1499,-0.28,1.51,2.4658,5.5695,9.9868,1
56.961,-34,-11,1491,1499,-0.28,1.51,2.4658,5.5695,9.9868,1
56.979,-36,-11,1488,1499,-0.28,1.51,2.4658,5.5695,9.9868,1
56.996,-37,-12,1490,1498,-0.17,0.76,2.4658,5.5695,9.9868,1
57.014,-38,-12,1490,1499,-0.17,0.76,2.4658,5.5695,9.9868,1
57.033,-39,-12,1490,1499,-0.17,0.76,2.4658,5.5695,9.9868,1
57.053,-39,-12,1493,1499,-0.17,0.76,2.4585,4.9728,8.9718,1
57.071,-41,-12,1487,1499,-0.17,0.76,2.4585,4.9728,8.9718,1
57.089,-41,-12,1492,1499,-0.17,0.76,2.4585,4.9728,8.9718,1
57.107,-42,-13,1489,1497,-0.17,0.76,2.4585,4.9728,8.9718,1
57.124,-42,-13,1492,1499,-0.17,0.76,2.4585,4.9728,8.9718,1
57.142,-42,-13,1492,1499,-0.17,0.76,2.4585,4.9728,8.9718,1
57.159,-42,-13,1492,1499,-0.17,0.76,2.4585,4.9728,8.9718,1
57.177,-42,-13,1492,1499,-0.17,0.76,2.4585,4.9728,8.9718,1
57.196,-43,-13,1489,1499,-0.17,0.76,2.4585,4.9728,8.9718,1
57.214,-43,-13,1492,1499,-0.17,0.76,2.4585,4.9728,8.9718,1
57.231,-43,-13,1492,1499,-0.17,0.76,2.4585,4.9728,8.9718,1
57.249,-42,-13,1495,1499,-0.41,0.80,2.4585,4.9728,8.9718,1
57.267,-42,-13,1492,1499,-0.41,0.80,2.4585,4.9728,8.9718,1
57.285,-43,-13,1489,1499,-0.41,0.80,2.4585,4.9728,8.9718,1
57.302,-43,-14,1492,1497,-0.41,0.80,2.4659,4.9680,7.5385,1
57.320,-43,-14,1492,1499,-0.41,0.80,2.4659,4.9680,7.5385,1
57.338,-43,-15,1492,1497,-0.41,0.80,2.4659,4.9680,7.5385,1
57.358,-42,-15,1495,1499,-0.41,0.80,2.4659,4.9680,7.5385,1
57.375,-41,-15,1495,1499,-0.41,0.80,2.4659,4.9680,7.5385,1
57.393,-41,-15,1492,1499,-0.41,0.80,2.4659,4.9680,7.5385,1
57.411,-39,-15,1498,1499,-0.41,0.80,2.4659,4.9680,7.5385,1
57.428,-38,-16,1496,1497,-0.41,0.80,2.4659,4.9680,7.5385,1
57.446,-37,-16,1496,1499,-0.41,0.80,2.4659,4.9680,7.5385,1
57.463,-37,-16,1493,1499,-0.41,0.80,2.4659,4.9680,7.5385,1
57.480,-36,-16,1496,1499,-0.41,0.80,2.4659,4.9680,7.5385,1
57.497,-35,-17,1496,1497,-0.63,0.99,2.4659,4.9680,7.5385,1
57.514,-34,-17,1497,1499,-0.63,0.99,2.4659,4.9680,7.5385,1
57.533,-34,-16,1494,1500,-0.63,0.99,2.4659,4.9680,7.5385,1
57.550,-33,-16,1497,1499,-0.63,0.99,2.4659,4.9680,7.5385,1
57.569,-32,-16,1497,1499,-0.63,0.99,2.4659,4.9680,7.5385,1
57.587,-32,-17,1494,1497,-0.63,0.99,2.4659,4.9680,7.5385,1
57.605,-32,-17,1494,1499,-0.63,0.99,2.4659,4.9680,7.5385,1
57.624,-32,-17,1494,1499,-0.63,0.99,2.4659,4.9680,7.5385,1
57.642,-32,-17,1494,1499,-0.63,0.99,2.4659,4.9680,7.5385,1
57.659,-32,-16,1494,1500,-0.63,0.99,2.4659,4.9680,7.5385,1
57.677,-32,-16,1494,1499,-0.63,0.99,2.4659,4.9680,7.5385,1
57.694,-32,-17,1494,1497,-0.63,0.99,2.4659,4.9680,7.5385,1
57.711,-33,-17,1491,1499,-0.63,0.99,2.4659,4.9680,7.5385,1
57.728,-34,-18,1491,1497,-0.63,0.99,2.4659,4.9680,7.5385,1
57.745,-34,-17,1494,1500,-0.52,1.41,2.4659,4.9680,7.5385,1
57.762,-35,-17,1490,1499,-0.52,1.41,2.4659,4.9680,7.5385,1
57.780,-36,-17,1490,1499,-0.52,1.41,2.4659,4.9680,7.5385,1
57.797,-37,-18,1490,1497,-0.52,1.41,2.4659,4.9680,7.5385,1
57.815,-39,-17,1487,1500,-0.52,1.41,2.4659,4.9680,7.5385,1
57.833,-40,-18,1490,1497,-0.52,1.41,2.7617,4.4056,8.3461,1
57.851,-41,-19,1489,1497,-0.52,1.41,2.7617,4.4056,8.3461,1
57.870,-42,-18,1489,1500,-0.52,1.41,2.7617,4.4056,8.3461,1
57.888,-44,-18,1486,1499,-0.52,1.41,2.7617,4.4056,8.3461,1
57.906,-46,-17,1486,1500,-0.52,1.41,2.7617,4.4056,8.3461,1
57.924,-47,-18,1488,1497,-0.52,1.41,2.7617,4.4056,8.3461,1
57.941,-49,-17,1485,1500,-0.52,1.41,2.7617,4.4056,8.3461,1
57.959,-50,-17,1487,1499,-0.52,1.41,2.7617,4.4056,8.3461,1
57.977,-51,-17,1487,1499,-0.52,1.41,2.7617,4.4056,8.3461,1
57.994,-53,-17,1484,1499,0.12,1.21,2.7617,4.4056,8.3461,1
58.011,-55,-18,1483,1497,0.12,1.21,2.7617,4.4056,8.3461,1
58.028,-56,-18,1486,1499,0.12,1.21,2.7617,4.4056,8.3461,1
58.046,-57,-18,1486,1499,0.12,1.21,2.7617,4.4056,8.3461,1
58.063,-58,-18,1486,1499,0.12,1.21,2.7617,4.4056,8.3461,1
58.082,-59,-18,1486,1499,0.12,1.21,2.7617,4.4056,8.3461,1
58.099,-59,-18,1488,1499,0.12,1.21,2.7617,4.4056,8.3461,1
58.116,-60,-18,1485,1499,0.12,1.21,2.7617,4.4056,8.3461,1
58.134,-60,-18,1488,1499,0.12,1.21,2.7617,4.4056,8.3461,1
58.152,-60,-18,1488,1499,0.12,1.21,2.7617,4.4056,8.3461,1
58.170,-60,-18,1488,1499,0.12,1.21,2.7617,4.4056,8.3461,1
58.188,-61,-18,1485,1499,0.12,1.21,2.7617,4.4056,8.3461,0
58.207,-61,-18,1488,1499,0.12,1.21,2.7617,4.4056,8.3461,0
58.225,-61,-17,1488,1500,0.12,1.21,2.7617,4.4056,8.3461,0
58.244,-61,-17,1488,1499,0.50,1.00,2.7617,4.4056,8.3461,0
58.262,-62,-18,1485,1497,0.50,1.00,2.7617,4.4056,8.3461,0
58.280,-62,-19,1488,1497,0.50,1.00,2.7617,4.4056,8.3461,0
58.298,-62,-19,1488,1499,0.50,1.00,2.7617,4.4056,8.3461,0
58.315,-62,-19,1488,1499,0.50,1.00,2.7617,4.4056,8.3461,0
58.333,-62,-18,1488,1500,0.50,1.00,2.6511,4.1502,8.4594,0
58.351,-62,-18,1488,1499,0.50,1.00,2.6511,4.1502,8.4594,0
58.368,-62,-17,1488,1499,0.50,1.00,2.6511,4.1502,8.4594,0
58.386,-62,-18,1488,1499,0.50,1.00,2.6511,4.1502,8.4594,0
58.403,-62,-19,1488,1497,0.50,1.00,2.6511,4.1502,8.4594,0
58.422,-62,-19,1488,1499,0.50,1.00,2.6511,4.1502,8.4594,0
58.440,-63,-19,1485,1499,0.50,1.00,2.6511,4.1502,8.4594,0
58.459,-63,-19,1488,1499,0.50,1.00,2.6511,4.1502,8.4594,0
58.476,-64,-18,1485,1500,0.50,1.00,2.6511,4.1502,8.4594,0
58.494,-65,-18,1484,1499,0.20,0.57,2.6511,4.1502,8.4594,0
58.513,-66,-18,1484,1499,0.20,0.57,2.6511,4.1502,8.4594,0
58.532,-67,-17,1484,1500,0.20,0.57,2.6511,4.1502,8.4594,0
58.550,-68,-18,1484,1497,0.20,0.57,2.6511,4.1502,8.4594,0
58.567,-69,-19,1484,1497,0.20,0.57,2.6511,4.1502,8.4594,0
58.585,-70,-19,1484,1499,0.20,0.57,2.6511,4.1502,8.4594,0
58.603,-72,-19,1480,1499,0.20,0.57,2.6511,4.1502,8.4594,0
58.621,-72,-19,1486,1499,0.20,0.57,2.6511,4.1502,8.4594,0
58.639,-73,-18,1483,1500,0.20,0.57,2.6511,4.1502,8.4594,0
58.657,-73,-18,1486,1499,0.20,0.57,2.6511,4.1502,8.4594,0
58.674,-73,-18,1486,1499,0.20,0.57,2.6511,4.1502,8.4594,0
58.691,-74,-18,1483,1499,0.20,0.57,2.6511,4.1502,8.4594,0
58.709,-74,-18,1485,1499,0.20,0.57,2.6511,4.1502,8.4594,0
58.727,-75,-19,1482,1497,0.20,0.57,2.6511,4.1502,8.4594,0
58.744,-76,-20,1482,1497,-0.10,1.18,2.6511,4.1502,8.4594,0
58.763,-77,-19,1482,1500,-0.10,1.18,2.6511,4.1502,8.4594,0
58.782,-77,-19,1485,1499,-0.10,1.18,2.6511,4.1502,8.4594,0
58.801,-78,-18,1482,1500,-0.10,1.18,2.6511,4.1502,8.4594,0
58.819,-78,-18,1485,1499,-0.10,1.18,2.6511,4.1502,8.4594,0
58.837,-79,-18,1482,1499,-0.10,1.18,2.9118,4.0113,6.9810,0
58.855,-79,-18,1484,1499,-0.10,1.18,2.9118,4.0113,6.9810,0
58.873,-80,-19,1484,1499,-0.10,1.18,2.9118,4.0113,6.9810,0
58.893,-80,-19,1482,1497,-0.10,1.18,2.9118,4.0113,6.9810,0
58.911,-80,-19,1484,1499,-0.10,1.18,2.9118,4.0113,6.9810,0
58.929,-80,-20,1484,1497,-0.10,1.18,2.9118,4.0113,6.9810,0
58.947,-80,-19,1484,1500,-0.10,1.18,2.9118,4.0113,6.9810,0
58.965,-80,-19,1484,1499,-0.10,1.18,2.9118,4.0113,6.9810,0
58.984,-80,-18,1484,1500,-0.58,1.09,2.9118,4.0113,6.9810,0
59.002,-80,-18,1484,1499,-0.58,1.09,2.9118,4.0113,6.9810,0
59.019,-80,-19,1484,1497,-0.58,1.09,2.9118,4.0113,6.9810,0
59.038,-80,-20,1484,1497,-0.58,1.09,2.9118,4.0113,6.9810,0
59.055,-81,-20,1481,1498,-0.58,1.09,2.9118,4.0113,6.9810,0
59.074,-81,-19,1484,1500,-0.58,1.09,2.9118,4.0113,6.9810,0
59.092,-82,-19,1484,1499,-0.58,1.09,2.9118,4.0113,6.9810,0
59.109,-83,-18,1478,1500,-0.58,1.09,2.9118,4.0113,6.9810,0
59.128,-83,-18,1484,1499,-0.58,1.09,2.9118,4.0113,6.9810,0
59.146,-84,-19,1481,1497,-0.58,1.09,2.9118,4.0113,6.9810,0
59.167,-86,-19,1479,1499,-0.58,1.09,2.9118,4.0113,6.9810,0
59.186,-86,-19,1483,1499,-0.58,1.09,2.9118,4.0113,6.9810,0
59.204,-86,-19,1483,1499,-0.58,1.09,2.9118,4.0113,6.9810,0
59.222,-87,-19,1480,1499,-0.58,1.09,2.9118,4.0113,6.9810,0
59.239,-87,-19,1483,1499,-0.65,0.26,2.9118,4.0113,6.9810,0
59.257,-87,-20,1483,1497,-0.65,0.26,2.9118,4.0113,6.9810,0
59.274,-87,-19,1483,1500,-0.65,0.26,2.9118,4.0113,6.9810,0
59.292,-87,-20,1483,1497,-0.65,0.26,2.9118,4.0113,6.9810,0
59.309,-86,-19,1486,1500,-0.65,0.26,2.9118,4.0113,6.9810,0
59.327,-86,-19,1483,1498,-0.65,0.26,2.9118,4.0113,6.9810,0
59.344,-85,-19,1486,1498,-0.65,0.26,2.5502,4.6420,7.5163,0
59.362,-84,-20,1486,1497,-0.65,0.26,2.5502,4.6420,7.5163,0
59.379,-84,-20,1483,1498,-0.65,0.26,2.5502,4.6420,7.5163,0
59.397,-84,-20,1483,1498,-0.65,0.26,2.5502,4.6420,7.5163,0
59.415,-84,-20,1483,1498,-0.65,0.26,2.5502,4.6420,7.5163,0
59.433,-84,-19,1483,1500,-0.65,0.26,2.5502,4.6420,7.5163,0
59.451,-84,-19,1483,1498,-0.65,0.26,2.5502,4.6420,7.5163,0
59.469,-83,-19,1487,1498,-0.65,0.26,2.5502,4.6420,7.5163,0
59.488,-83,-19,1484,1498,-0.93,-0.08,2.5502,4.6420,7.5163,0
59.508,-83,-20,1484,1497,-0.93,-0.08,2.5502,4.6420,7.5163,0
59.526,-82,-20,1487,1498,-0.93,-0.08,2.5502,4.6420,7.5163,0
59.543,-81,-20,1487,1498,-0.93,-0.08,2.5502,4.6420,7.5163,0
59.561,-81,-19,1484,1500,-0.93,-0.08,2.5502,4.6420,7.5163,0
59.578,-80,-19,1487,1498,-0.93,-0.08,2.5502,4.6420,7.5163,0
59.595,-80,-20,1484,1497,-0.93,-0.08,2.5502,4.6420,7.5163,0
59.613,-80,-19,1484,1500,-0.93,-0.08,2.5502,4.6420,7.5163,0
59.630,-79,-19,1487,1498,-0.93,-0.08,2.5502,4.6420,7.5163,0
59.647,-79,-19,1484,1498,-0.93,-0.08,2.5502,4.6420,7.5163,0
59.666,-78,-18,1487,1500,-0.93,-0.08,2.5502,4.6420,7.5163,0
59.684,-78,-18,1485,1499,-0.93,-0.08,2.5502,4.6420,7.5163,0
59.702,-77,-19,1488,1497,-0.93,-0.08,2.5502,4.6420,7.5163,0
59.720,-77,-19,1485,1498,-0.93,-0.08,2.5502,4.6420,7.5163,0
59.738,-77,-19,1485,1498,-0.99,-0.03,2.5502,4.6420,7.5163,0
59.755,-77,-19,1485,1498,-0.99,-0.03,2.5502,4.6420,7.5163,0
59.773,-78,-19,1482,1498,-0.99,-0.03,2.5502,4.6420,7.5163,0
59.791,-78,-19,1485,1498,-0.99,-0.03,2.5502,4.6420,7.5163,0
59.809,-80,-18,1479,1500,-0.99,-0.03,2.5502,4.6420,7.5163,0
59.826,-80,-18,1484,1499,-0.99,-0.03,2.5502,4.6420,7.5163,0
59.844,-81,-19,1481,1497,-0.99,-0.03,2.8256,5.0139,7.6778,0
59.861,-82,-19,1481,1498,-0.99,-0.03,2.8256,5.0139,7.6778,0
59.879,-83,-19,1481,1498,-0.99,-0.03,2.8256,5.0139,7.6778,0
59.897,-83,-19,1484,1498,-0.99,-0.03,2.8256,5.0139,7.6778,0
59.915,-83,-18,1484,1500,-0.99,-0.03,2.8256,5.0139,7.6778,0
59.932,-84,-18,1481,1499,-0.99,-0.03,2.8256,5.0139,7.6778,0
59.950,-84,-18,1483,1499,-0.99,-0.03,2.8256,5.0139,7.6778,0
59.968,-84,-19,1483,1497,-0.99,-0.03,2.8256,5.0139,7.6778,0
59.985,-84,-18,1483,1500,-0.51,0.40,2.8256,5.0139,7.6778,0
60.003,-85,-18,1480,1499,-0.51,0.40,2.8256,5.0139,7.6778,0
60.020,-85,-18,1483,1499,-0.51,0.40,2.8256,5.0139,7.6778,0
60.039,-85,-17,1483,1500,-0.51,0.40,2.8256,5.0139,7.6778,0
60.057,-84,-17,1486,1499,-0.51,0.40,2.8256,5.0139,7.6778,0
60.075,-84,-17,1483,1499,-0.51,0.40,2.8256,5.0139,7.6778,0
60.092,-83,-17,1487,1499,-0.51,0.40,2.8256,5.0139,7.6778,0
60.110,-83,-17,1484,1499,-0.51,0.40,2.8256,5.0139,7.6778,0
60.129,-82,-16,1487,1500,-0.51,0.40,2.8256,5.0139,7.6778,0
60.148,-81,-16,1487,1499,-0.51,0.40,2.8256,5.0139,7.6778,0
60.166,-80,-16,1487,1499,-0.51,0.40,2.8256,5.0139,7.6778,0
60.184,-79,-16,1487,1499,-0.51,0.40,2.8256,5.0139,7.6778,0
60.202,-76,-16,1494,1499,-0.51,0.40,2.8256,5.0139,7.6778,0
60.219,-75,-16,1488,1499,-0.51,0.40,2.8256,5.0139,7.6778,0
60.236,-73,-16,1491,1499,-0.85,1.26,2.8256,5.0139,7.6778,0
60.253,-71,-16,1492,1499,-0.85,1.26,2.8256,5.0139,7.6778,0
60.271,-69,-16,1492,1499,-0.85,1.26,2.8256,5.0139,7.6778,0
60.288,-69,-16,1486,1499,-0.85,1.26,2.8256,5.0139,7.6778,0
60.305,-65,-16,1499,1499,-0.85,1.26,2.8256,5.0139,7.6778,0
60.324,-65,-16,1487,1499,-0.85,1.26,2.8256,5.0139,7.6778,0
60.344,-61,-15,1493,1500,-0.85,1.26,2.5781,4.1941,5.9741,0
60.361,-59,-16,1499,1497,-0.85,1.26,2.5781,4.1941,5.9741,1
60.379,-56,-16,1498,1499,-0.85,1.26,2.5781,4.1941,5.9741,1
60.397,-54,-17,1495,1497,-0.85,1.26,2.5781,4.1941,5.9741,1
60.415,-52,-16,1496,1500,-0.85,1.26,2.5781,4.1941,5.9741,1
60.432,-47,-15,1504,1500,-0.85,1.26,2.5781,4.1941,5.9741,1
60.450,-45,-15,1497,1499,-0.85,1.26,2.5781,4.1941,5.9741,1
60.468,-43,-14,1497,1500,-0.85,1.26,2.5781,4.1941,5.9741,1
60.485,-43,-14,1492,1499,-0.32,1.15,2.5781,4.1941,5.9741,1
60.503,-39,-15,1503,1497,-0.32,1.15,2.5781,4.1941,5.9741,1
60.520,-37,-16,1499,1497,-0.32,1.15,2.5781,4.1941,5.9741,1
60.538,-35,-15,1499,1500,-0.32,1.15,2.5781,4.1941,5.9741,1
60.555,-33,-14,1500,1500,-0.32,1.15,2.5781,4.1941,5.9741,1
60.572,-32,-14,1497,1499,-0.32,1.15,2.5781,4.1941,5.9741,1
60.590,-30,-15,1500,1497,-0.32,1.15,2.5781,4.1941,5.9741,1
60.607,-28,-15,1500,1499,-0.32,1.15,2.5781,4.1941,5.9741,1
60.627,-26,-14,1500,1500,-0.32,1.15,2.5781,4.1941,5.9741,1
60.645,-24,-14,1500,1499,-0.32,1.15,2.5781,4.1941,5.9741,1
60.663,-21,-14,1504,1499,-0.32,1.15,2.5781,4.1941,5.9741,1
60.682,-19,-15,1501,1497,-0.32,1.15,2.5781,4.1941,5.9741,1
60.700,-14,-14,1510,1500,-0.32,1.15,2.5781,4.1941,5.9741,1
60.718,-14,-14,1497,1499,-0.32,1.15,2.5781,4.1941,5.9741,1
60.735,-9,-14,1512,1499,0.19,1.24,2.5781,4.1941,5.9741,1
60.753,-7,-14,1504,1499,0.19,1.24,2.5781,4.1941,5.9741,1
60.770,-4,-14,1507,1499,0.19,1.24,2.5781,4.1941,5.9741,1
60.787,-1,-14,1508,1499,0.19,1.24,2.5781,4.1941,5.9741,1
60.804,-1,-14,1500,1499,0.19,1.24,2.5781,4.1941,5.9741,1
60.824,4,-14,1514,1499,0.19,1.24,2.5781,4.1941,5.9741,1
60.841,6,-14,1506,1499,0.19,1.24,2.8892,4.1242,7.1138,1
60.859,8,-14,1506,1499,0.19,1.24,2.8892,4.1242,7.1138,1
60.881,10,-14,1506,1499,0.19,1.24,2.8892,4.1242,7.1138,1
60.899,11,-14,1504,1499,0.19,1.24,2.8892,4.1242,7.1138,1
60.917,12,-14,1505,1499,0.19,1.24,2.8892,4.1242,7.1138,1
60.935,16,-14,1513,1499,0.19,1.24,2.8892,4.1242,7.1138,1
60.952,17,-14,1506,1499,0.19,1.24,2.8892,4.1242,7.1138,1
60.969,18,-15,1506,1497,0.19,1.24,2.8892,4.1242,7.1138,1
60.986,20,-14,1509,1500,0.18,1.03,2.8892,4.1242,7.1138,1
61.004,21,-14,1506,1499,0.18,1.03,2.8892,4.1242,7.1138,1
61.021,22,-14,1507,1499,0.18,1.03,2.8892,4.1242,7.1138,1
61.039,23,-14,1507,1499,0.18,1.03,2.8892,4.1242,7.1138,1
61.056,24,-14,1507,1499,0.18,1.03,2.8892,4.1242,7.1138,1
61.074,25,-13,1507,1500,0.18,1.03,2.8892,4.1242,7.1138,1
61.096,25,-13,1504,1499,0.18,1.03,2.8892,4.1242,7.1138,1
61.114,25,-13,1504,1499,0.18,1.03,2.8892,4.1242,7.1138,1
61.131,25,-13,1504,1499,0.18,1.03,2.8892,4.1242,7.1138,1
61.149,25,-13,1504,1499,0.18,1.03,2.8892,4.1242,7.1138,1
61.168,26,-12,1507,1500,0.18,1.03,2.8892,4.1242,7.1138,1
61.186,25,-13,1502,1497,0.18,1.03,2.8892,4.1242,7.1138,1
61.203,24,-12,1501,1500,0.18,1.03,2.8892,4.1242,7.1138,1
61.220,23,-13,1501,1497,0.18,1.03,2.8892,4.1242,7.1138,1
61.237,22,-12,1501,1500,0.13,1.26,2.8892,4.1242,7.1138,1
61.255,22,-13,1504,1497,0.13,1.26,2.8892,4.1242,7.1138,1
61.272,21,-13,1501,1499,0.13,1.26,2.8892,4.1242,7.1138,1
61.289,21,-12,1504,1500,0.13,1.26,2.8892,4.1242,7.1138,1
61.307,21,-13,1504,1497,0.13,1.26,2.8892,4.1242,7.1138,1
61.324,21,-12,1504,1500,0.13,1.26,2.8892,4.1242,7.1138,1
61.341,22,-12,1507,1499,0.13,1.26,2.9070,3.6961,7.0973,1
61.358,22,-13,1504,1497,0.13,1.26,2.9070,3.6961,7.0973,1
61.376,23,-13,1507,1499,0.13,1.26,2.9070,3.6961,7.0973,1
61.394,23,-13,1504,1499,0.13,1.26,2.9070,3.6961,7.0973,1
61.412,24,-13,1507,1499,0.13,1.26,2.9070,3.6961,7.0973,1
61.433,23,-12,1502,1500,0.13,1.26,2.9070,3.6961,7.0973,1
61.451,24,-12,1507,1499,0.13,1.26,2.9070,3.6961,7.0973,1
61.469,23,-12,1501,1499,0.13,1.26,2.9070,3.6961,7.0973,1
61.486,24,-12,1507,1499,-0.17,1.02,2.9070,3.6961,7.0973,1
61.504,23,-13,1501,1497,-0.17,1.02,2.9070,3.6961,7.0973,1
61.521,23,-12,1504,1500,-0.17,1.02,2.9070,3.6961,7.0973,1
61.539,23,-12,1504,1499,-0.17,1.02,2.9070,3.6961,7.0973,1
61.556,23,-12,1504,1499,-0.17,1.02,2.9070,3.6961,7.0973,1
61.574,22,-12,1501,1499,-0.17,1.02,2.9070,3.6961,7.0973,1
61.591,22,-12,1504,1499,-0.17,1.02,2.9070,3.6961,7.0973,1
61.609,22,-12,1504,1499,-0.17,1.02,2.9070,3.6961,7.0973,1
61.626,22,-12,1504,1499,-0.17,1.02,2.9070,3.6961,7.0973,1
61.644,22,-12,1504,1499,-0.17,1.02,2.9070,3.6961,7.0973,1
61.662,21,-12,1501,1499,-0.17,1.02,2.9070,3.6961,7.0973,1
61.679,21,-12,1504,1499,-0.17,1.02,2.9070,3.6961,7.0973,1
61.698,20,-12,1501,1499,-0.17,1.02,2.9070,3.6961,7.0973,1
61.715,20,-12,1503,1499,-0.17,1.02,2.9070,3.6961,7.0973,1
61.733,19,-11,1501,1500,-0.33,1.22,2.9070,3.6961,7.0973,1
61.751,20,-11,1506,1499,-0.33,1.22,2.9070,3.6961,7.0973,1
61.770,20,-11,1503,1499,-0.33,1.22,2.9070,3.6961,7.0973,1
61.788,19,-11,1501,1499,-0.33,1.22,2.9070,3.6961,7.0973,1
61.806,18,-12,1500,1498,-0.33,1.22,2.9070,3.6961,7.0973,1
61.824,17,-11,1500,1500,-0.33,1.22,3.1165,3.5518,6.7113,1
61.841,17,-12,1503,1497,-0.33,1.22,3.1165,3.5518,6.7113,1
61.858,16,-12,1500,1499,-0.33,1.22,3.1165,3.5518,6.7113,1
61.876,14,-11,1498,1500,-0.33,1.22,3.1165,3.5518,6.7113,1
61.894,12,-11,1498,1499,-0.33,1.22,3.1165,3.5518,6.7113,1
61.912,11,-11,1500,1499,-0.33,1.22,3.1165,3.5518,6.7113,1
61.930,10,-11,1500,1499,-0.33,1.22,3.1165,3.5518,6.7113,1
61.947,9,-12,1499,1498,-0.33,1.22,3.1165,3.5518,6.7113,1
61.966,7,-11,1496,1500,-0.33,1.22,3.1165,3.5518,6.7113,1
61.983,7,-11,1501,1499,-0.33,0.99,3.1165,3.5518,6.7113,1
62.000,6,-11,1499,1499,-0.33,0.99,3.1165,3.5518,6.7113,1
62.019,5,-11,1499,1499,-0.33,0.99,3.1165,3.5518,6.7113,1
62.036,4,-11,1498,1499,-0.33,0.99,3.1165,3.5518,6.7113,1
62.054,4,-12,1500,1498,-0.33,0.99,3.1165,3.5518,6.7113,1
62.072,3,-12,1498,1499,-0.33,0.99,3.1165,3.5518,6.7113,1
62.090,3,-12,1500,1499,-0.33,0.99,3.1165,3.5518,6.7113,1
62.107,3,-12,1500,1499,-0.33,0.99,3.1165,3.5518,6.7113,1
62.124,3,-12,1500,1499,-0.33,0.99,3.1165,3.5518,6.7113,1
62.143,3,-12,1500,1499,-0.33,0.99,3.1165,3.5518,6.7113,1
62.161,3,-11,1500,1500,-0.33,0.99,3.1165,3.5518,6.7113,1
62.178,2,-11,1498,1499,-0.33,0.99,3.1165,3.5518,6.7113,1
62.195,2,-11,1500,1499,-0.33,0.99,3.1165,3.5518,6.7113,1
62.212,3,-11,1503,1499,-0.33,0.99,3.1165,3.5518,6.7113,1
62.229,3,-11,1500,1499,-0.84,0.95,3.1165,3.5518,6.7113,1
62.248,2,-11,1498,1499,-0.84,0.95,3.1165,3.5518,6.7113,1
62.265,2,-11,1500,1499,-0.84,0.95,3.1165,3.5518,6.7113,1
62.283,1,-11,1498,1499,-0.84,0.95,3.1165,3.5518,6.7113,1
62.300,1,-11,1500,1499,-0.84,0.95,3.1165,3.5518,6.7113,1
62.317,0,-11,1498,1499,-0.84,0.95,3.1165,3.5518,6.7113,1
62.337,-1,-10,1498,1500,-0.84,0.95,2.8543,3.7248,7.5893,1
62.355,-2,-11,1497,1498,-0.84,0.95,2.8543,3.7248,7.5893,1
62.372,-2,-11,1500,1499,-0.84,0.95,2.8543,3.7248,7.5893,1
62.390,-2,-12,1500,1497,-0.84,0.95,2.8543,3.7248,7.5893,1
62.407,-3,-11,1497,1500,-0.84,0.95,2.8543,3.7248,7.5893,1
62.424,-3,-11,1500,1499,-0.84,0.95,2.8543,3.7248,7.5893,1
62.442,-3,-11,1500,1499,-0.84,0.95,2.8543,3.7248,7.5893,1
62.459,-4,-12,1497,1498,-0.84,0.95,2.8543,3.7248,7.5893,1
62.477,-4,-12,1500,1499,-1.39,0.67,2.8543,3.7248,7.5893,1
62.494,-5,-12,1497,1499,-1.39,0.67,2.8543,3.7248,7.5893,1
62.512,-5,-11,1500,1500,-1.39,0.67,2.8543,3.7248,7.5893,1
62.530,-6,-11,1496,1499,-1.39,0.67,2.8543,3.7248,7.5893,1
62.547,-7,-12,1496,1498,-1.39,0.67,2.8543,3.7248,7.5893,1
62.565,-8,-12,1496,1499,-1.39,0.67,2.8543,3.7248,7.5893,1
62.582,-8,-12,1499,1499,-1.39,0.67,2.8543,3.7248,7.5893,1
62.600,-8,-12,1499,1499,-1.39,0.67,2.8543,3.7248,7.5893,1
62.618,-8,-12,1499,1499,-1.39,0.67,2.8543,3.7248,7.5893,1
62.636,-8,-11,1499,1500,-1.39,0.67,2.8543,3.7248,7.5893,1
62.654,-7,-10,1501,1500,-1.39,0.67,2.8543,3.7248,7.5893,1
62.671,-7,-11,1499,1498,-1.39,0.67,2.8543,3.7248,7.5893,1
62.690,-6,-11,1501,1499,-1.39,0.67,2.8543,3.7248,7.5893,1
62.708,-5,-11,1501,1499,-1.39,0.67,2.8543,3.7248,7.5893,1
62.727,-4,-11,1501,1499,-0.85,0.95,2.8543,3.7248,7.5893,1
62.745,-3,-11,1502,1499,-0.85,0.95,2.8543,3.7248,7.5893,1
62.762,-3,-10,1500,1500,-0.85,0.95,2.8543,3.7248,7.5893,1
62.780,-2,-10,1502,1499,-0.85,0.95,2.8543,3.7248,7.5893,1
62.798,-1,-11,1502,1498,-0.85,0.95,2.8543,3.7248,7.5893,1
62.815,0,-11,1502,1499,-0.85,0.95,2.8543,3.7248,7.5893,1
62.833,0,-11,1500,1499,-0.85,0.95,2.9461,3.6378,7.8224,1
62.850,0,-11,1500,1499,-0.85,0.95,2.9461,3.6378,7.8224,1
62.867,1,-12,1503,1497,-0.85,0.95,2.9461,3.6378,7.8224,1
62.885,2,-12,1503,1499,-0.85,0.95,2.9461,3.6378,7.8224,1
62.902,3,-12,1503,1499,-0.85,0.95,2.9461,3.6378,7.8224,1
62.920,3,-12,1500,1499,-0.85,0.95,2.9461,3.6378,7.8224,1
62.938,5,-12,1506,1499,-0.85,0.95,2.9461,3.6378,7.8224,1
62.956,7,-12,1507,1499,-0.85,0.95,2.9461,3.6378,7.8224,1
62.973,9,-13,1507,1497,-0.76,0.42,2.9461,3.6378,7.8224,1
62.990,10,-13,1504,1499,-0.76,0.42,2.9461,3.6378,7.8224,1
63.008,10,-13,1502,1499,-0.76,0.42,2.9461,3.6378,7.8224,1
63.026,11,-13,1504,1499,-0.76,0.42,2.9461,3.6378,7.8224,1
63.044,13,-13,1508,1499,-0.76,0.42,2.9461,3.6378,7.8224,1
63.061,14,-13,1505,1499,-0.76,0.42,2.9461,3.6378,7.8224,1
63.079,15,-13,1505,1499,-0.76,0.42,2.9461,3.6378,7.8224,1
63.096,16,-13,1506,1499,-0.76,0.42,2.9461,3.6378,7.8224,1
63.118,18,-13,1509,1499,-0.76,0.42,2.9461,3.6378,7.8224,1
63.135,18,-14,1503,1498,-0.76,0.42,2.9461,3.6378,7.8224,1
63.154,19,-13,1506,1500,-0.76,0.42,2.9461,3.6378,7.8224,1
63.172,19,-12,1503,1500,-0.76,0.42,2.9461,3.6378,7.8224,1
63.189,18,-14,1500,1496,-0.76,0.42,2.9461,3.6378,7.8224,1
63.208,18,-14,1503,1499,-0.76,0.42,2.9461,3.6378,7.8224,1
63.225,19,-13,1506,1500,-0.10,-0.09,2.9461,3.6378,7.8224,1
63.243,19,-14,1503,1497,-0.10,-0.09,2.9461,3.6378,7.8224,1
63.260,19,-14,1503,1499,-0.10,-0.09,2.9461,3.6378,7.8224,1
63.277,20,-13,1507,1500,-0.10,-0.09,2.9461,3.6378,7.8224,1
63.295,21,-13,1507,1499,-0.10,-0.09,2.9461,3.6378,7.8224,1
63.312,22,-14,1507,1497,-0.10,-0.09,2.9461,3.6378,7.8224,1
63.330,23,-13,1507,1500,-0.10,-0.09,2.5386,5.8525,7.2784,1
63.347,24,-13,1507,1499,-0.10,-0.09,2.5386,5.8525,7.2784,1
63.364,25,-13,1507,1499,-0.10,-0.09,2.5386,5.8525,7.2784,1
63.382,26,-13,1508,1499,-0.10,-0.09,2.5386,5.8525,7.2784,1
63.400,27,-12,1508,1500,-0.10,-0.09,2.5386,5.8525,7.2784,1
63.417,28,-12,1508,1499,-0.10,-0.09,2.5386,5.8525,7.2784,1
63.435,29,-12,1508,1499,-0.10,-0.09,2.5386,5.8525,7.2784,1
63.452,32,-12,1514,1499,-0.10,-0.09,2.5386,5.8525,7.2784,1
63.470,33,-13,1509,1497,0.52,-0.03,2.5386,5.8525,7.2784,1
63.488,34,-13,1509,1499,0.52,-0.03,2.5386,5.8525,7.2784,1
63.505,36,-12,1513,1500,0.52,-0.03,2.5386,5.8525,7.2784,1
63.523,37,-12,1510,1499,0.52,-0.03,2.5386,5.8525,7.2784,1
63.540,37,-12,1507,1499,0.52,-0.03,2.5386,5.8525,7.2784,1
63.558,38,-13,1510,1497,0.52,-0.03,2.5386,5.8525,7.2784,1
63.575,39,-12,1510,1500,0.52,-0.03,2.5386,5.8525,7.2784,1
63.594,40,-13,1510,1497,0.52,-0.03,2.5386,5.8525,7.2784,1
63.611,40,-13,1508,1499,0.52,-0.03,2.5386,5.8525,7.2784,1
63.630,40,-13,1508,1499,0.52,-0.03,2.5386,5.8525,7.2784,1
63.648,41,-12,1511,1500,0.52,-0.03,2.5386,5.8525,7.2784,1
63.667,42,-13,1511,1497,0.52,-0.03,2.5386,5.8525,7.2784,1
63.686,43,-13,1511,1499,0.52,-0.03,2.5386,5.8525,7.2784,1
63.704,44,-13,1511,1499,0.52,-0.03,2.5386,5.8525,7.2784,1
63.721,45,-12,1512,1500,1.01,0.37,2.5386,5.8525,7.2784,1
63.738,47,-12,1515,1499,1.01,0.37,2.5386,5.8525,7.2784,1
63.755,48,-12,1512,1499,1.01,0.37,2.5386,5.8525,7.2784,1
63.772,49,-12,1512,1499,1.01,0.37,2.5386,5.8525,7.2784,1
63.790,51,-13,1516,1497,1.01,0.37,2.5386,5.8525,7.2784,1
63.807,53,-12,1516,1500,1.01,0.37,2.5386,5.8525,7.2784,1
63.825,54,-12,1513,1499,1.01,0.37,2.4732,4.8210,6.4696,1
63.842,55,-12,1514,1499,1.01,0.37,2.4732,4.8210,6.4696,1
63.860,55,-12,1511,1499,1.01,0.37,2.4732,4.8210,6.4696,1
63.877,55,-13,1511,1497,1.01,0.37,2.4732,4.8210,6.4696,1
63.895,55,-13,1511,1499,1.01,0.37,2.4732,4.8210,6.4696,1
63.915,56,-13,1513,1499,1.01,0.37,2.4732,4.8210,6.4696,1
63.934,56,-13,1511,1499,1.01,0.37,2.4732,4.8210,6.4696,1
63.953,56,-13,1511,1499,1.01,0.37,2.4732,4.8210,6.4696,1
63.971,56,-12,1511,1500,0.88,1.01,2.4732,4.8210,6.4696,1
63.989,56,-12,1511,1499,0.88,1.01,2.4732,4.8210,6.4696,1
64.006,57,-12,1514,1499,0.88,1.01,2.4732,4.8210,6.4696,1
64.024,56,-12,1508,1499,0.88,1.01,2.4732,4.8210,6.4696,1
64.042,56,-12,1511,1499,0.88,1.01,2.4732,4.8210,6.4696,1
64.060,55,-12,1508,1499,0.88,1.01,2.4732,4.8210,6.4696,1
64.077,55,-13,1511,1497,0.88,1.01,2.4732,4.8210,6.4696,1
64.095,54,-12,1508,1500,0.88,1.01,2.4732,4.8210,6.4696,1
64.113,53,-13,1507,1497,0.88,1.01,2.4732,4.8210,6.4696,1
64.132,52,-13,1507,1499,0.88,1.01,2.4732,4.8210,6.4696,1
64.153,50,-12,1505,1500,0.88,1.01,2.4732,4.8210,6.4696,1
64.171,49,-12,1507,1499,0.88,1.01,2.4732,4.8210,6.4696,1
64.189,48,-13,1507,1497,0.88,1.01,2.4732,4.8210,6.4696,1
64.207,49,-12,1512,1500,0.88,1.01,2.4732,4.8210,6.4696,1
64.224,49,-13,1510,1497,0.78,1.04,2.4732,4.8210,6.4696,1
64.241,49,-13,1510,1499,0.78,1.04,2.4732,4.8210,6.4696,1
64.258,49,-12,1510,1500,0.78,1.04,2.4732,4.8210,6.4696,1
64.275,50,-12,1513,1499,0.78,1.04,2.4732,4.8210,6.4696,1
64.293,50,-12,1510,1499,0.78,1.04,2.4732,4.8210,6.4696,1
64.310,50,-12,1510,1499,0.78,1.04,2.4732,4.8210,6.4696,1
64.328,51,-12,1513,1499,0.78,1.04,2.5704,6.2510,8.6520,1
64.345,51,-11,1510,1500,0.78,1.04,2.5704,6.2510,8.6520,1
64.362,52,-11,1513,1499,0.78,1.04,2.5704,6.2510,8.6520,1
64.383,54,-10,1515,1500,0.78,1.04,2.5704,6.2510,8.6520,1
64.400,54,-10,1511,1499,0.78,1.04,2.5704,6.2510,8.6520,1
64.419,55,-10,1513,1499,0.78,1.04,2.5704,6.2510,8.6520,1
64.438,56,-10,1513,1499,0.78,1.04,2.5704,6.2510,8.6520,1
64.457,57,-10,1514,1499,0.78,1.04,2.5704,6.2510,8.6520,1
64.474,58,-10,1514,1499,0.90,1.27,2.5704,6.2510,8.6520,1
64.492,59,-10,1514,1499,0.90,1.27,2.5704,6.2510,8.6520,1
64.509,60,-10,1515,1499,0.90,1.27,2.5704,6.2510,8.6520,1
64.527,61,-10,1515,1499,0.90,1.27,2.5704,6.2510,8.6520,0
64.544,62,-10,1515,1499,0.90,1.27,2.5704,6.2510,8.6520,0
64.562,64,-12,1518,1496,0.90,1.27,2.5704,6.2510,8.6520,0
64.583,64,-11,1512,1500,0.90,1.27,2.5704,6.2510,8.6520,0
64.600,65,-11,1515,1499,0.90,1.27,2.5704,6.2510,8.6520,0
64.617,65,-12,1513,1498,0.90,1.27,2.5704,6.2510,8.6520,0
64.634,65,-11,1513,1500,0.90,1.27,2.5704,6.2510,8.6520,0
64.652,66,-12,1516,1498,0.90,1.27,2.5704,6.2510,8.6520,0
64.669,67,-13,1516,1497,0.90,1.27,2.5704,6.2510,8.6520,0
64.686,67,-14,1513,1497,0.90,1.27,2.5704,6.2510,8.6520,0
64.704,67,-12,1513,1502,0.90,1.27,2.5704,6.2510,8.6520,0
64.721,67,-12,1513,1499,0.95,1.01,2.5704,6.2510,8.6520,0
64.739,67,-13,1513,1497,0.95,1.01,2.5704,6.2510,8.6520,0
64.761,67,-12,1513,1500,0.95,1.01,2.5704,6.2510,8.6520,0
64.779,67,-11,1513,1500,0.95,1.01,2.5704,6.2510,8.6520,0
64.796,67,-11,1513,1499,0.95,1.01,2.6976,5.3229,7.7784,0
64.815,68,-11,1516,1499,0.95,1.01,2.6976,5.3229,7.7784,0
64.833,69,-11,1516,1499,0.95,1.01,2.6976,5.3229,7.7784,0
64.850,69,-11,1514,1499,0.95,1.01,2.6976,5.3229,7.7784,0
64.867,69,-11,1514,1499,0.95,1.01,2.6976,5.3229,7.7784,0
64.884,70,-11,1517,1499,0.95,1.01,2.6976,5.3229,7.7784,0
64.902,70,-11,1514,1499,0.95,1.01,2.6976,5.3229,7.7784,0
64.919,71,-10,1517,1500,0.95,1.01,2.6976,5.3229,7.7784,0
64.939,70,-11,1511,1498,0.95,1.01,2.6976,5.3229,7.7784,0
64.958,69,-11,1511,1499,0.95,1.01,2.6976,5.3229,7.7784,0
64.975,68,-11,1510,1499,1.24,0.92,2.6976,5.3229,7.7784,0
64.992,67,-10,1510,1500,1.24,0.92,2.6976,5.3229,7.7784,0
65.010,65,-10,1507,1499,1.24,0.92,2.6976,5.3229,7.7784,0
65.031,64,-10,1510,1499,1.24,0.92,2.7740,4.6467,7.4645,0
65.050,62,-11,1507,1498,1.24,0.92,2.7740,4.6467,7.4645,0
65.067,58,-11,1500,1499,1.24,0.92,2.7740,4.6467,7.4645,1
65.085,56,-10,1505,1500,1.24,0.92,2.7740,4.6467,7.4645,1
65.103,54,-10,1505,1499,1.24,0.92,2.7740,4.6467,7.4645,1
65.121,52,-10,1505,1499,1.24,0.92,2.7740,4.6467,7.4645,1
65.138,50,-11,1504,1498,1.24,0.92,2.7740,4.6467,7.4645,1
65.155,48,-11,1504,1499,1.24,0.92,2.7740,4.6467,7.4645,1
65.173,46,-11,1503,1499,1.24,0.92,2.7740,4.6467,7.4645,1
65.191,44,-11,1503,1499,1.24,0.92,2.7740,4.6467,7.4645,1
65.209,42,-11,1503,1499,1.24,0.92,2.7740,4.6467,7.4645,1
65.226,41,-11,1505,1499,1.08,0.97,2.7740,4.6467,7.4645,1
65.244,39,-10,1502,1500,1.08,0.97,2.7740,4.6467,7.4645,1
65.261,37,-9,1501,1500,1.08,0.97,2.7740,4.6467,7.4645,1
65.279,35,-10,1501,1498,1.08,0.97,2.7938,4.3497,7.4263,1
65.296,33,-10,1501,1499,1.08,0.97,2.7938,4.3497,7.4263,1
65.314,31,-10,1500,1499,1.08,0.97,2.7938,4.3497,7.4263,1
65.331,28,-10,1498,1499,1.08,0.97,2.7938,4.3497,7.4263,1
65.348,23,-8,1491,1502,1.08,0.97,2.7938,4.3497,7.4263,1
65.366,21,-8,1499,1500,1.08,0.97,2.7938,4.3497,7.4263,1
65.383,18,-8,1496,1500,1.08,0.97,2.7938,4.3497,7.4263,1
65.400,15,-9,1495,1498,1.08,0.97,2.7938,4.3497,7.4263,1
65.418,12,-9,1494,1500,1.08,0.97,2.7938,4.3497,7.4263,1
65.435,9,-9,1494,1500,1.08,0.97,2.7938,4.3497,7.4263,1
65.453,6,-9,1493,1500,1.08,0.97,2.7938,4.3497,7.4263,1
65.473,3,-9,1493,1500,0.16,1.11,2.7938,4.3497,7.4263,1
65.491,0,-9,1493,1500,0.16,1.11,2.7938,4.3497,7.4263,1
65.509,-4,-8,1489,1500,0.16,1.11,2.7938,4.3497,7.4263,1
65.527,-7,-9,1491,1498,0.16,1.11,2.7938,4.3497,7.4263,1
65.546,-10,-8,1491,1500,0.16,1.11,3.0312,4.7425,8.7992,1
65.563,-15,-8,1483,1500,0.16,1.11,3.0312,4.7425,8.7992,1
65.581,-18,-8,1489,1500,0.16,1.11,3.0312,4.7425,8.7992,1
65.598,-20,-8,1491,1500,0.16,1.11,3.0312,4.7425,8.7992,1
65.615,-23,-9,1487,1498,0.16,1.11,3.0312,4.7425,8.7992,1
65.633,-24,-7,1493,1502,0.16,1.11,3.0312,4.7425,8.7992,1
65.650,-26,-7,1490,1500,0.16,1.11,3.0312,4.7425,8.7992,1
65.668,-28,-7,1489,1500,0.16,1.11,3.0312,4.7425,8.7992,1
65.687,-29,-7,1492,1500,0.16,1.11,3.0312,4.7425,8.7992,1
65.704,-29,-7,1495,1500,0.16,1.11,3.0312,4.7425,8.7992,1
65.721,-30,-8,1492,1498,-0.13,0.54,3.0312,4.7425,8.7992,1
65.738,-30,-8,1495,1500,-0.13,0.54,3.0312,4.7425,8.7992,1
65.755,-30,-7,1495,1500,-0.13,0.54,3.0312,4.7425,8.7992,1
65.772,-29,-7,1498,1500,-0.13,0.54,3.0312,4.7425,8.7992,1
65.791,-28,-7,1498,1500,-0.13,0.54,2.7475,7.0760,8.8786,1
65.811,-27,-7,1498,1500,-0.13,0.54,2.7475,7.0760,8.8786,1
65.828,-26,-7,1498,1500,-0.13,0.54,2.7475,7.0760,8.8786,1
65.846,-25,-7,1498,1500,-0.13,0.54,2.7475,7.0760,8.8786,1
65.863,-23,-7,1501,1500,-0.13,0.54,2.7475,7.0760,8.8786,1
65.882,-21,-7,1501,1500,-0.13,0.54,2.7475,7.0760,8.8786,1
65.899,-18,-8,1505,1498,-0.13,0.54,2.7475,7.0760,8.8786,1
65.917,-16,-8,1502,1500,-0.13,0.54,2.7475,7.0760,8.8786,1
65.935,-15,-9,1500,1498,-0.13,0.54,2.7475,7.0760,8.8786,1
65.952,-14,-9,1500,1500,-0.13,0.54,2.7475,7.0760,8.8786,1
65.970,-14,-9,1498,1500,-0.45,1.42,2.7475,7.0760,8.8786,1
65.987,-13,-9,1500,1500,-0.45,1.42,2.7475,7.0760,8.8786,1
66.004,-13,-9,1498,1500,-0.45,1.42,2.7475,7.0760,8.8786,1
66.022,-13,-8,1498,1500,-0.45,1.42,2.7475,7.0760,8.8786,1
66.039,-14,-8,1495,1500,-0.45,1.42,2.5805,4.9258,8.8260,1
66.056,-15,-8,1495,1500,-0.45,1.42,2.5805,4.9258,8.8260,1
66.074,-16,-8,1495,1500,-0.45,1.42,2.5805,4.9258,8.8260,1
66.091,-17,-7,1494,1500,-0.45,1.42,2.5805,4.9258,8.8260,1
66.111,-17,-8,1497,1498,-0.45,1.42,2.5805,4.9258,8.8260,1
66.128,-18,-7,1494,1500,-0.45,1.42,2.5805,4.9258,8.8260,1
66.146,-19,-8,1494,1498,-0.45,1.42,2.5805,4.9258,8.8260,1
66.166,-19,-8,1497,1500,-0.45,1.42,2.5805,4.9258,8.8260,1
66.184,-19,-9,1497,1498,-0.45,1.42,2.5805,4.9258,8.8260,1
66.202,-19,-9,1497,1500,-0.45,1.42,2.5805,4.9258,8.8260,1
66.219,-19,-8,1497,1500,0.07,1.15,2.5805,4.9258,8.8260,1
66.237,-19,-8,1497,1500,0.07,1.15,2.5805,4.9258,8.8260,1
66.255,-19,-7,1497,1500,0.07,1.15,2.5805,4.9258,8.8260,1
66.272,-19,-7,1497,1500,0.07,1.15,2.5805,4.9258,8.8260,1
66.290,-18,-7,1500,1500,0.07,1.15,2.8562,5.6198,9.4448,1
66.308,-17,-7,1500,1500,0.07,1.15,2.8562,5.6198,9.4448,1
66.326,-16,-7,1500,1500,0.07,1.15,2.8562,5.6198,9.4448,1
66.343,-15,-7,1500,1500,0.07,1.15,2.8562,5.6198,9.4448,1
66.363,-12,-8,1505,1498,0.07,1.15,2.8562,5.6198,9.4448,1
66.380,-12,-9,1498,1498,0.07,1.15,2.8562,5.6198,9.4448,1
66.399,-11,-9,1500,1500,0.07,1.15,2.8562,5.6198,9.4448,1
66.417,-10,-10,1500,1498,0.07,1.15,2.8562,5.6198,9.4448,1
66.435,-10,-10,1499,1499,0.07,1.15,2.8562,5.6198,9.4448,1
66.453,-9,-8,1500,1502,0.07,1.15,2.8562,5.6198,9.4448,1
66.470,-8,-8,1501,1500,0.69,1.32,2.8562,5.6198,9.4448,1
66.487,-7,-7,1501,1500,0.69,1.32,2.8562,5.6198,9.4448,1
66.505,-6,-8,1501,1498,0.69,1.32,2.8562,5.6198,9.4448,1
66.522,-5,-8,1501,1500,0.69,1.32,2.8562,5.6198,9.4448,1
66.539,-5,-8,1500,1500,0.69,1.32,3.0301,5.0952,10.0978,1
66.557,-5,-9,1500,1498,0.69,1.32,3.0301,5.0952,10.0978,1
66.574,-4,-9,1502,1500,0.69,1.32,3.0301,5.0952,10.0978,1
66.592,-3,-9,1502,1500,0.69,1.32,3.0301,5.0952,10.0978,1
66.610,-3,-9,1500,1500,0.69,1.32,3.0301,5.0952,10.0978,1
66.627,-2,-10,1502,1498,0.69,1.32,3.0301,5.0952,10.0978,1
66.645,-1,-10,1502,1499,0.69,1.32,3.0301,5.0952,10.0978,1
66.662,0,-11,1502,1498,0.69,1.32,3.0301,5.0952,10.0978,1
66.680,1,-11,1503,1499,0.69,1.32,3.0301,5.0952,10.0978,1
66.697,2,-11,1503,1499,0.69,1.32,3.0301,5.0952,10.0978,1
66.714,3,-11,1503,1499,0.69,1.32,3.0301,5.0952,10.0978,1
66.732,4,-11,1503,1499,1.01,0.97,3.0301,5.0952,10.0978,1
66.750,5,-11,1503,1499,1.01,0.97,3.0301,5.0952,10.0978,1
66.770,6,-11,1503,1499,1.01,0.97,3.0301,5.0952,10.0978,1
66.790,6,-11,1501,1499,1.01,0.97,3.0190,4.8161,10.4641,1
66.810,7,-11,1503,1499,1.01,0.97,3.0190,4.8161,10.4641,1
66.828,9,-11,1507,1499,1.01,0.97,3.0190,4.8161,10.4641,1
66.845,10,-12,1504,1497,1.01,0.97,3.0190,4.8161,10.4641,1
66.862,12,-11,1508,1500,1.01,0.97,3.0190,4.8161,10.4641,1
66.880,13,-11,1505,1499,1.01,0.97,3.0190,4.8161,10.4641,1
66.898,15,-9,1508,1502,1.01,0.97,3.0190,4.8161,10.4641,1
66.915,16,-10,1506,1498,1.01,0.97,3.0190,4.8161,10.4641,1
66.932,18,-10,1509,1499,1.01,0.97,3.0190,4.8161,10.4641,1
66.949,19,-9,1506,1500,1.01,0.97,3.0190,4.8161,10.4641,1
66.966,20,-10,1506,1498,1.00,0.96,3.0190,4.8161,10.4641,1
66.984,22,-11,1510,1498,1.00,0.96,3.0190,4.8161,10.4641,1
67.002,22,-11,1504,1499,1.00,0.96,3.0190,4.8161,10.4641,1
67.020,23,-11,1507,1499,1.00,0.96,3.0190,4.8161,10.4641,1
67.038,25,-10,1510,1500,1.00,0.96,3.0384,4.4212,8.8833,1
67.056,26,-9,1507,1500,1.00,0.96,3.0384,4.4212,8.8833,1
67.077,27,-9,1508,1499,1.00,0.96,3.0384,4.4212,8.8833,1
67.095,28,-9,1508,1499,1.00,0.96,3.0384,4.4212,8.8833,1
67.112,30,-9,1511,1499,1.00,0.96,3.0384,4.4212,8.8833,1
67.130,32,-9,1512,1499,1.00,0.96,3.0384,4.4212,8.8833,1
67.147,33,-9,1509,1499,1.00,0.96,3.0384,4.4212,8.8833,1
67.164,34,-9,1509,1499,1.00,0.96,3.0384,4.4212,8.8833,1
67.182,36,-9,1512,1499,1.00,0.96,3.0384,4.4212,8.8833,1
67.200,38,-10,1513,1498,1.00,0.96,3.0384,4.4212,8.8833,1
67.218,39,-9,1510,1500,0.76,0.13,3.0384,4.4212,8.8833,1
67.235,39,-9,1507,1499,0.76,0.13,3.0384,4.4212,8.8833,1
67.253,41,-8,1513,1500,0.76,0.13,3.0384,4.4212,8.8833,1
67.271,42,-8,1511,1500,0.76,0.13,3.0384,4.4212,8.8833,1
67.288,42,-8,1508,1500,0.76,0.13,2.8895,4.1555,7.8860,1
67.306,43,-8,1511,1500,0.76,0.13,2.8895,4.1555,7.8860,1
67.325,44,-8,1511,1500,0.76,0.13,2.8895,4.1555,7.8860,1
67.343,46,-8,1514,1500,0.76,0.13,2.8895,4.1555,7.8860,1
67.361,47,-8,1512,1500,0.76,0.13,2.8895,4.1555,7.8860,1
67.379,48,-7,1512,1500,0.76,0.13,2.8895,4.1555,7.8860,1
67.399,50,-8,1515,1498,0.76,0.13,2.8895,4.1555,7.8860,1
67.417,51,-8,1512,1500,0.76,0.13,2.8895,4.1555,7.8860,1
67.435,52,-7,1513,1500,0.76,0.13,2.8895,4.1555,7.8860,1
67.452,53,-7,1513,1500,0.76,0.13,2.8895,4.1555,7.8860,1
67.469,54,-7,1513,1500,0.24,0.97,2.8895,4.1555,7.8860,1
67.488,54,-7,1511,1500,0.24,0.97,2.8895,4.1555,7.8860,1
67.506,55,-6,1514,1501,0.24,0.97,2.8895,4.1555,7.8860,1
67.524,55,-6,1511,1500,0.24,0.97,2.8895,4.1555,7.8860,1
67.542,56,-7,1514,1498,0.24,0.97,2.7432,4.2415,6.7611,1
67.559,56,-7,1511,1500,0.24,0.97,2.7432,4.2415,6.7611,1
67.577,57,-8,1514,1498,0.24,0.97,2.7432,4.2415,6.7611,1
67.594,58,-6,1514,1502,0.24,0.97,2.7432,4.2415,6.7611,1
67.612,60,-7,1517,1498,0.24,0.97,2.7432,4.2415,6.7611,1
67.629,61,-6,1515,1501,0.24,0.97,2.7432,4.2415,6.7611,0
67.646,62,-6,1515,1500,0.24,0.97,2.7432,4.2415,6.7611,0
67.665,63,-5,1515,1501,0.24,0.97,2.7432,4.2415,6.7611,0
67.683,64,-5,1515,1500,0.24,0.97,2.7432,4.2415,6.7611,0
67.701,65,-5,1515,1500,0.24,0.97,2.7432,4.2415,6.7611,0
67.719,65,-6,1513,1498,0.15,1.90,2.7432,4.2415,6.7611,0
67.736,65,-6,1513,1500,0.15,1.90,2.7432,4.2415,6.7611,0
67.757,66,-5,1515,1500,0.15,1.90,2.7432,4.2415,6.7611,0
67.781,68,-4,1515,1500,0.15,1.90,2.9023,3.5192,7.3331,0
67.800,69,-4,1518,1500,0.15,1.90,2.9023,3.5192,7.3331,0
67.818,70,-4,1516,1500,0.15,1.90,2.9023,3.5192,7.3331,0
67.835,71,-5,1517,1498,0.15,1.90,2.9023,3.5192,7.3331,0
67.856,75,-5,1525,1500,0.15,1.90,2.9023,3.5192,7.3331,0
67.874,77,-3,1520,1502,0.15,1.90,2.9023,3.5192,7.3331,0
67.891,80,-2,1524,1501,0.15,1.90,2.9023,3.5192,7.3331,0
67.908,82,-2,1522,1500,0.15,1.90,2.9023,3.5192,7.3331,0
67.926,85,-3,1525,1498,0.15,1.90,2.9023,3.5192,7.3331,0
67.943,87,-2,1523,1501,0.15,1.90,2.9023,3.5192,7.3331,0
67.960,90,-1,1526,1501,0.15,1.90,2.9023,3.5192,7.3331,0
67.978,92,-1,1524,1500,0.49,1.92,2.9023,3.5192,7.3331,0
67.995,94,-2,1524,1499,0.49,1.92,2.9023,3.5192,7.3331,0
68.014,96,-2,1525,1500,0.49,1.92,2.9023,3.5192,7.3331,0
68.031,98,0,1525,1503,0.49,1.92,2.7191,3.1521,7.5388,0
68.048,100,0,1525,1500,0.49,1.92,2.7191,3.1521,7.5388,0
68.067,101,0,1523,1500,0.49,1.92,2.7191,3.1521,7.5388,0
68.085,103,0,1526,1500,0.49,1.92,2.7191,3.1521,7.5388,0
68.102,104,0,1523,1500,0.49,1.92,2.7191,3.1521,7.5388,0
68.121,107,2,1529,1503,0.49,1.92,2.7191,3.1521,7.5388,0
68.141,109,1,1527,1499,0.49,1.92,2.7191,3.1521,7.5388,0
68.158,110,1,1525,1500,0.49,1.92,2.7191,3.1521,7.5388,0
68.176,111,2,1525,1501,0.49,1.92,2.7191,3.1521,7.5388,0
68.195,114,1,1530,1499,0.49,1.92,2.7191,3.1521,7.5388,0
68.212,115,1,1525,1500,0.49,1.92,2.7191,3.1521,7.5388,0
68.231,116,3,1526,1503,0.87,1.78,2.7191,3.1521,7.5388,0
68.249,118,3,1529,1500,0.87,1.78,2.7191,3.1521,7.5388,0
68.267,118,3,1523,1500,0.87,1.78,2.7191,3.1521,7.5388,0
68.286,120,2,1529,1499,0.87,1.78,2.6645,3.2641,6.6412,0
68.306,121,3,1526,1501,0.87,1.78,2.6645,3.2641,6.6412,0
68.326,121,4,1524,1501,0.87,1.78,2.6645,3.2641,6.6412,0
68.345,122,3,1527,1499,0.87,1.78,2.6645,3.2641,6.6412,0
68.363,122,4,1524,1502,0.87,1.78,2.6645,3.2641,6.6412,0
68.381,122,4,1524,1500,0.87,1.78,2.6645,3.2641,6.6412,0
68.398,123,5,1527,1502,0.87,1.78,2.6645,3.2641,6.6412,0
68.415,124,5,1527,1500,0.87,1.78,2.6645,3.2641,6.6412,0
68.432,124,5,1525,1500,0.87,1.78,2.6645,3.2641,6.6412,0
68.450,123,5,1521,1500,0.87,1.78,2.6645,3.2641,6.6412,0
68.467,123,5,1524,1500,1.64,2.22,2.6645,3.2641,6.6412,0
68.484,124,6,1527,1502,1.64,2.22,2.6645,3.2641,6.6412,0
68.502,124,5,1525,1499,1.64,2.22,2.6645,3.2641,6.6412,0
68.520,124,6,1525,1502,1.64,2.22,2.6645,3.2641,6.6412,0
68.539,124,6,1525,1500,1.64,2.22,2.9217,3.2918,6.4701,0
68.557,124,6,1525,1500,1.64,2.22,2.9217,3.2918,6.4701,0
68.578,124,7,1525,1502,1.64,2.22,2.9217,3.2918,6.4701,0
68.595,124,7,1525,1500,1.64,2.22,2.9217,3.2918,6.4701,0
68.612,125,7,1528,1500,1.64,2.22,2.9217,3.2918,6.4701,0
68.630,126,8,1528,1502,1.64,2.22,2.9217,3.2918,6.4701,0
68.648,126,8,1525,1500,1.64,2.22,2.9217,3.2918,6.4701,0
68.666,126,8,1525,1500,1.64,2.22,2.9217,3.2918,6.4701,0
68.683,126,8,1525,1500,1.64,2.22,2.9217,3.2918,6.4701,0
68.701,128,9,1530,1502,1.64,2.22,2.9217,3.2918,6.4701,0
68.720,128,9,1525,1500,1.78,2.25,2.9217,3.2918,6.4701,0
68.741,128,10,1525,1502,1.78,2.25,2.9217,3.2918,6.4701,0
68.760,128,10,1525,1501,1.78,2.25,2.9217,3.2918,6.4701,0
68.779,129,10,1528,1501,1.78,2.25,2.8379,3.3018,6.6355,0
68.796,129,10,1526,1501,1.78,2.25,2.8379,3.3018,6.6355,0
68.813,130,10,1529,1501,1.78,2.25,2.8379,3.3018,6.6355,0
68.831,129,10,1523,1501,1.78,2.25,2.8379,3.3018,6.6355,0
68.849,129,10,1526,1501,1.78,2.25,2.8379,3.3018,6.6355,0
68.866,129,11,1526,1502,1.78,2.25,2.8379,3.3018,6.6355,0
68.883,129,11,1526,1501,1.78,2.25,2.8379,3.3018,6.6355,0
68.900,128,11,1522,1501,1.78,2.25,2.8379,3.3018,6.6355,0
68.918,128,11,1525,1501,1.78,2.25,2.8379,3.3018,6.6355,0
68.936,128,11,1525,1501,1.78,2.25,2.8379,3.3018,6.6355,0
68.954,128,12,1525,1502,1.78,2.25,2.8379,3.3018,6.6355,0
68.971,128,12,1525,1501,1.37,2.27,2.8379,3.3018,6.6355,0
68.991,128,13,1525,1502,1.37,2.27,2.8379,3.3018,6.6355,0
69.011,128,13,1525,1501,1.37,2.27,2.8379,3.3018,6.6355,0
69.028,128,12,1525,1500,1.37,2.27,2.8072,3.3134,7.3454,0
69.048,128,13,1525,1502,1.37,2.27,2.8072,3.3134,7.3454,0
69.066,128,13,1525,1501,1.37,2.27,2.8072,3.3134,7.3454,0
69.086,128,14,1525,1502,1.37,2.27,2.8072,3.3134,7.3454,0
69.105,128,13,1525,1500,1.37,2.27,2.8072,3.3134,7.3454,0
69.122,127,13,1522,1501,1.37,2.27,2.8072,3.3134,7.3454,0
69.140,127,14,1525,1503,1.37,2.27,2.8072,3.3134,7.3454,0
69.157,126,15,1522,1503,1.37,2.27,2.8072,3.3134,7.3454,0
69.175,125,15,1522,1501,1.37,2.27,2.8072,3.3134,7.3454,0
69.192,124,14,1522,1500,1.37,2.27,2.8072,3.3134,7.3454,0
69.210,124,14,1525,1501,1.37,2.27,2.8072,3.3134,7.3454,0
69.228,123,15,1522,1503,0.82,2.43,2.8072,3.3134,7.3454,0
69.245,122,16,1521,1503,0.82,2.43,2.8072,3.3134,7.3454,0
69.264,121,16,1521,1501,0.82,2.43,2.8072,3.3134,7.3454,0
69.281,120,16,1521,1501,0.82,2.43,2.6253,3.6621,6.4599,0
69.299,120,14,1524,1499,0.82,2.43,2.6253,3.6621,6.4599,0
69.316,119,15,1521,1503,0.82,2.43,2.6253,3.6621,6.4599,0
69.334,116,15,1514,1501,0.82,2.43,2.6253,3.6621,6.4599,0
69.352,115,16,1520,1503,0.82,2.43,2.6253,3.6621,6.4599,0
69.370,114,16,1520,1501,0.82,2.43,2.6253,3.6621,6.4599,0
69.387,112,16,1516,1501,0.82,2.43,2.6253,3.6621,6.4599,0
69.405,109,15,1513,1500,0.82,2.43,2.6253,3.6621,6.4599,0
69.422,107,15,1515,1501,0.82,2.43,2.6253,3.6621,6.4599,0
69.439,105,15,1515,1501,0.82,2.43,2.6253,3.6621,6.4599,0
69.459,101,16,1510,1503,0.82,2.43,2.6253,3.6621,6.4599,0
69.476,101,16,1520,1501,0.51,2.61,2.6253,3.6621,6.4599,0
69.493,99,16,1514,1501,0.51,2.61,2.6253,3.6621,6.4599,0
69.510,98,15,1516,1500,0.51,2.61,2.6253,3.6621,6.4599,0
69.528,96,15,1513,1501,0.51,2.61,3.0352,4.0070,7.8083,0
69.548,94,15,1513,1501,0.51,2.61,3.0352,4.0070,7.8083,0
69.565,92,14,1513,1500,0.51,2.61,3.0352,4.0070,7.8083,0
69.584,90,15,1512,1503,0.51,2.61,3.0352,4.0070,7.8083,0
69.602,89,15,1515,1501,0.51,2.61,3.0352,4.0070,7.8083,0
69.620,87,14,1512,1500,0.51,2.61,3.0352,4.0070,7.8083,0
69.638,86,13,1514,1500,0.51,2.61,3.0352,4.0070,7.8083,0
69.655,85,14,1514,1503,0.51,2.61,3.0352,4.0070,7.8083,0
69.673,84,14,1514,1501,0.51,2.61,3.0352,4.0070,7.8083,0
69.691,83,14,1514,1501,0.51,2.61,3.0352,4.0070,7.8083,0
69.710,81,14,1511,1501,0.63,2.40,3.0352,4.0070,7.8083,0
69.729,80,14,1513,1501,0.63,2.40,3.0352,4.0070,7.8083,0
69.748,80,14,1516,1501,0.63,2.40,3.0352,4.0070,7.8083,0
69.768,79,14,1513,1501,0.63,2.40,3.0352,4.0070,7.8083,0
69.787,78,14,1516,1501,0.63,2.40,2.9559,4.4002,7.7871,0
69.805,77,14,1510,1501,0.63,2.40,2.9559,4.4002,7.7871,0
69.823,77,14,1515,1501,0.63,2.40,2.9559,4.4002,7.7871,0
69.841,75,13,1509,1500,0.63,2.40,2.9559,4.4002,7.7871,0
69.859,74,13,1512,1501,0.63,2.40,2.9559,4.4002,7.7871,0
69.876,71,13,1505,1501,0.63,2.40,2.9559,4.4002,7.7871,0
69.893,69,12,1508,1500,0.63,2.40,2.9559,4.4002,7.7871,0
69.911,67,13,1507,1503,0.63,2.40,2.9559,4.4002,7.7871,0
69.928,65,13,1507,1501,0.63,2.40,2.9559,4.4002,7.7871,0
69.945,63,12,1506,1500,0.63,2.40,2.9559,4.4002,7.7871,0
69.963,61,12,1506,1501,0.09,2.59,2.9559,4.4002,7.7871,0
69.982,61,12,1512,1501,0.09,2.59,2.9559,4.4002,7.7871,0
70.000,59,11,1506,1500,0.09,2.59,2.9559,4.4002,7.7871,1
70.021,57,11,1506,1501,0.09,2.59,2.9668,4.4093,7.5112,1
70.039,55,11,1505,1501,0.09,2.59,2.9668,4.4093,7.5112,1
70.057,51,10,1500,1500,0.09,2.59,2.9668,4.4093,7.5112,1
70.076,50,10,1507,1501,0.09,2.59,2.9668,4.4093,7.5112,1
70.093,48,10,1504,1501,0.09,2.59,2.9668,4.4093,7.5112,1
70.111,44,9,1498,1500,0.09,2.59,2.9668,4.4093,7.5112,1
70.129,42,9,1503,1500,0.09,2.59,2.9668,4.4093,7.5112,1
70.146,39,8,1500,1500,0.09,2.59,2.9668,4.4093,7.5112,1
70.163,36,8,1499,1500,0.09,2.59,2.9668,4.4093,7.5112,1
70.181,33,8,1499,1500,0.09,2.59,2.9668,4.4093,7.5112,1
70.199,29,7,1495,1500,0.09,2.59,2.9668,4.4093,7.5112,1
70.216,26,6,1498,1500,0.03,1.29,2.9668,4.4093,7.5112,1
70.233,26,6,1505,1500,0.03,1.29,2.9668,4.4093,7.5112,1
70.258,19,6,1490,1500,0.03,1.29,2.9668,4.4093,7.5112,1
70.275,15,6,1492,1500,0.03,1.29,2.5062,4.7422,7.8602,1
70.297,12,6,1496,1500,0.03,1.29,2.5062,4.7422,7.8602,1
70.316,7,6,1497,1500,0.03,1.29,2.5062,4.7422,7.8602,1
70.334,5,6,1488,1500,0.03,1.29,2.5062,4.7422,7.8602,1
70.351,4,5,1499,1499,0.03,1.29,2.5062,4.7422,7.8602,1
70.370,2,5,1496,1500,0.03,1.29,2.5062,4.7422,7.8602,1
70.389,1,6,1498,1502,0.03,1.29,2.5062,4.7422,7.8602,1
70.407,-2,5,1492,1499,0.03,1.29,2.5062,4.7422,7.8602,1
70.426,-3,4,1497,1499,0.03,1.29,2.5062,4.7422,7.8602,1
70.444,-4,5,1497,1502,0.03,1.29,2.5062,4.7422,7.8602,1
70.461,-4,5,1500,1500,-0.40,1.19,2.5062,4.7422,7.8602,1
70.480,-5,5,1497,1500,-0.40,1.19,2.5062,4.7422,7.8602,1
70.497,-6,5,1497,1500,-0.40,1.19,2.5062,4.7422,7.8602,1
70.515,-8,4,1494,1499,-0.40,1.19,2.5062,4.7422,7.8602,1
70.534,-9,4,1496,1500,-0.40,1.19,3.0876,3.9212,8.0398,1
70.552,-11,3,1493,1499,-0.40,1.19,3.0876,3.9212,8.0398,1
70.570,-11,4,1498,1502,-0.40,1.19,3.0876,3.9212,8.0398,1
70.588,-13,4,1493,1500,-0.40,1.19,3.0876,3.9212,8.0398,1
70.606,-14,3,1495,1499,-0.40,1.19,3.0876,3.9212,8.0398,1
70.624,-15,2,1495,1499,-0.40,1.19,3.0876,3.9212,8.0398,1
70.642,-17,2,1492,1500,-0.40,1.19,3.0876,3.9212,8.0398,1
70.660,-17,2,1497,1500,-0.40,1.19,3.0876,3.9212,8.0398,1
70.677,-18,2,1494,1500,-0.40,1.19,3.0876,3.9212,8.0398,1
70.694,-19,1,1494,1499,-0.40,1.19,3.0876,3.9212,8.0398,1
70.712,-19,1,1497,1500,-1.25,1.21,3.0876,3.9212,8.0398,1
70.730,-19,1,1497,1500,-1.25,1.21,3.0876,3.9212,8.0398,1
70.748,-20,0,1494,1499,-1.25,1.21,3.0876,3.9212,8.0398,1
70.766,-20,1,1497,1501,-1.25,1.21,3.0876,3.9212,8.0398,1
70.788,-20,2,1497,1501,-1.25,1.21,2.5707,4.5950,8.0912,1
70.809,-19,2,1500,1500,-1.25,1.21,2.5707,4.5950,8.0912,1
70.827,-19,0,1497,1498,-1.25,1.21,2.5707,4.5950,8.0912,1
70.844,-19,0,1497,1500,-1.25,1.21,2.5707,4.5950,8.0912,1
70.861,-19,0,1497,1500,-1.25,1.21,2.5707,4.5950,8.0912,1
70.879,-18,0,1500,1500,-1.25,1.21,2.5707,4.5950,8.0912,1
70.896,-18,0,1497,1500,-1.25,1.21,2.5707,4.5950,8.0912,1
70.913,-18,1,1497,1501,-1.25,1.21,2.5707,4.5950,8.0912,1
70.931,-18,0,1497,1499,-1.25,1.21,2.5707,4.5950,8.0912,1
70.949,-18,-1,1497,1499,-1.25,1.21,2.5707,4.5950,8.0912,1
70.966,-18,0,1497,1501,-1.74,1.51,2.5707,4.5950,8.0912,1
70.983,-19,-1,1494,1499,-1.74,1.51,2.5707,4.5950,8.0912,1
71.000,-19,-2,1497,1499,-1.74,1.51,2.5707,4.5950,8.0912,1
71.018,-18,-2,1500,1500,-1.74,1.51,2.5707,4.5950,8.0912,1
71.036,-18,-2,1497,1500,-1.74,1.51,2.5477,4.1590,7.4174,1
71.053,-18,-3,1497,1499,-1.74,1.51,2.5477,4.1590,7.4174,1
71.070,-17,-4,1500,1498,-1.74,1.51,2.5477,4.1590,7.4174,1
71.088,-17,-2,1497,1503,-1.74,1.51,2.5477,4.1590,7.4174,1
71.105,-17,-2,1497,1500,-1.74,1.51,2.5477,4.1590,7.4174,1
71.122,-16,-4,1500,1497,-1.74,1.51,2.5477,4.1590,7.4174,1
71.140,-16,-4,1497,1500,-1.74,1.51,2.5477,4.1590,7.4174,1
71.158,-17,-2,1494,1503,-1.74,1.51,2.5477,4.1590,7.4174,1
71.178,-17,-2,1497,1500,-1.74,1.51,2.5477,4.1590,7.4174,1
71.197,-18,-3,1494,1499,-1.74,1.51,2.5477,4.1590,7.4174,1
71.215,-19,-4,1494,1499,-0.45,1.69,2.5477,4.1590,7.4174,1
71.234,-20,-3,1497,1500,-0.45,1.69,2.5477,4.1590,7.4174,1
71.251,-20,-3,1494,1501,-0.45,1.69,2.5477,4.1590,7.4174,1
71.268,-21,-3,1493,1500,-0.45,1.69,2.9825,3.9015,7.5813,1
71.285,-21,-4,1496,1498,-0.45,1.69,2.9825,3.9015,7.5813,1
71.306,-21,-4,1496,1500,-0.45,1.69,2.9825,3.9015,7.5813,1
71.325,-21,-5,1496,1499,-0.45,1.69,2.9825,3.9015,7.5813,1
71.342,-21,-5,1496,1500,-0.45,1.69,2.9825,3.9015,7.5813,1
71.360,-21,-5,1496,1500,-0.45,1.69,2.9825,3.9015,7.5813,1
71.378,-21,-4,1496,1501,-0.45,1.69,2.9825,3.9015,7.5813,1
71.395,-20,-5,1499,1498,-0.45,1.69,2.9825,3.9015,7.5813,1
71.412,-19,-5,1500,1500,-0.45,1.69,2.9825,3.9015,7.5813,1
71.429,-19,-6,1497,1498,-0.45,1.69,2.9825,3.9015,7.5813,1
71.446,-18,-5,1500,1501,-0.45,1.69,2.9825,3.9015,7.5813,1
71.464,-17,-4,1500,1501,-0.32,1.20,2.9825,3.9015,7.5813,1
71.481,-17,-4,1497,1500,-0.32,1.20,2.9825,3.9015,7.5813,1
71.498,-17,-5,1497,1498,-0.32,1.20,2.9825,3.9015,7.5813,1
71.515,-17,-6,1497,1498,-0.32,1.20,2.9825,3.9015,7.5813,1
71.534,-17,-6,1497,1500,-0.32,1.20,2.6678,4.0337,8.1679,1
71.552,-16,-5,1500,1501,-0.32,1.20,2.6678,4.0337,8.1679,1
71.571,-16,-6,1497,1498,-0.32,1.20,2.6678,4.0337,8.1679,1
71.589,-15,-6,1500,1500,-0.32,1.20,2.6678,4.0337,8.1679,1
71.607,-15,-6,1498,1500,-0.32,1.20,2.6678,4.0337,8.1679,1
71.625,-14,-6,1500,1500,-0.32,1.20,2.6678,4.0337,8.1679,1
71.642,-14,-7,1498,1498,-0.32,1.20,2.6678,4.0337,8.1679,1
71.659,-13,-7,1500,1500,-0.32,1.20,2.6678,4.0337,8.1679,1
71.677,-13,-7,1498,1500,-0.32,1.20,2.6678,4.0337,8.1679,1
71.695,-13,-7,1498,1500,-0.32,1.20,2.6678,4.0337,8.1679,1
71.713,-12,-7,1500,1500,-0.45,0.81,2.6678,4.0337,8.1679,1
71.732,-11,-7,1500,1500,-0.45,0.81,2.6678,4.0337,8.1679,1
71.749,-11,-7,1498,1500,-0.45,0.81,2.6678,4.0337,8.1679,1
71.768,-8,-8,1506,1498,-0.45,0.81,2.7886,3.9787,8.1527,1
71.785,-6,-8,1504,1500,-0.45,0.81,2.7886,3.9787,8.1527,1
71.803,-3,-7,1507,1501,-0.45,0.81,2.7886,3.9787,8.1527,1
71.820,-1,-7,1505,1500,-0.45,0.81,2.7886,3.9787,8.1527,1
71.838,2,-8,1508,1498,-0.45,0.81,2.7886,3.9787,8.1527,1
71.856,4,-9,1506,1498,-0.45,0.81,2.7886,3.9787,8.1527,1
71.874,5,-9,1503,1500,-0.45,0.81,2.7886,3.9787,8.1527,1
71.892,9,-8,1512,1500,-0.45,0.81,2.7886,3.9787,8.1527,1
71.910,12,-9,1510,1498,-0.45,0.81,2.7886,3.9787,8.1527,1
71.928,13,-9,1505,1500,-0.45,0.81,2.7886,3.9787,8.1527,1
71.945,15,-10,1508,1498,-0.45,0.81,2.7886,3.9787,8.1527,1
71.962,16,-8,1506,1502,-0.94,1.78,2.7886,3.9787,8.1527,1
71.980,18,-8,1509,1500,-0.94,1.78,2.7886,3.9787,8.1527,1
71.999,20,-10,1509,1497,-0.94,1.78,2.7886,3.9787,8.1527,1
72.018,21,-9,1506,1500,-0.94,1.78,2.7030,3.4948,7.4764,1
72.040,23,-9,1509,1500,-0.94,1.78,2.7030,3.4948,7.4764,1
72.060,24,-8,1507,1500,-0.94,1.78,2.7030,3.4948,7.4764,1
72.080,25,-9,1507,1498,-0.94,1.78,2.7030,3.4948,7.4764,1
72.099,27,-10,1511,1498,-0.94,1.78,2.7030,3.4948,7.4764,1
72.117,27,-10,1505,1500,-0.94,1.78,2.7030,3.4948,7.4764,1
72.135,29,-9,1511,1500,-0.94,1.78,2.7030,3.4948,7.4764,1
72.152,30,-9,1508,1500,-0.94,1.78,2.7030,3.4948,7.4764,1
72.169,30,-9,1506,1500,-0.94,1.78,2.7030,3.4948,7.4764,1
72.187,31,-9,1509,1500,-0.94,1.78,2.7030,3.4948,7.4764,1
72.204,31,-9,1506,1500,-0.94,1.78,2.7030,3.4948,7.4764,1
72.221,31,-9,1506,1500,-0.27,1.40,2.7030,3.4948,7.4764,1
72.239,32,-10,1509,1498,-0.27,1.40,2.7030,3.4948,7.4764,1
72.256,32,-9,1506,1500,-0.27,1.40,2.7030,3.4948,7.4764,1
72.275,33,-10,1509,1500,-0.27,1.40,2.8360,3.7577,7.7462,1
72.292,34,-10,1509,1500,-0.27,1.40,2.8360,3.7577,7.7462,1
72.310,35,-10,1509,1500,-0.27,1.40,2.8360,3.7577,7.7462,1
72.327,36,-10,1510,1500,-0.27,1.40,2.8360,3.7577,7.7462,1
72.345,39,-11,1516,1498,-0.27,1.40,2.8360,3.7577,7.7462,1
72.363,40,-10,1511,1500,-0.27,1.40,2.8360,3.7577,7.7462,1
72.380,42,-11,1514,1498,-0.27,1.40,2.8360,3.7577,7.7462,1
72.398,43,-12,1511,1498,-0.27,1.40,2.8360,3.7577,7.7462,1
72.417,45,-11,1514,1500,-0.27,1.40,2.8360,3.7577,7.7462,1
72.435,47,-11,1515,1499,-0.27,1.40,2.8360,3.7577,7.7462,1
72.453,49,-12,1515,1498,-0.27,1.40,2.8360,3.7577,7.7462,1
72.470,51,-12,1515,1499,0.63,0.82,2.8360,3.7577,7.7462,1
72.488,53,-11,1516,1500,0.63,0.82,2.8360,3.7577,7.7462,1
72.505,54,-11,1513,1499,0.63,0.82,2.8360,3.7577,7.7462,1
72.522,55,-11,1514,1499,0.63,0.82,2.6574,4.1256,7.4729,1
72.540,55,-11,1511,1499,0.63,0.82,2.6574,4.1256,7.4729,1
72.557,57,-12,1517,1498,0.63,0.82,2.6574,4.1256,7.4729,1
72.574,58,-12,1514,1499,0.63,0.82,2.6574,4.1256,7.4729,1
72.591,58,-12,1511,1499,0.63,0.82,2.6574,4.1256,7.4729,1
72.618,58,-14,1511,1496,0.63,0.82,2.6574,4.1256,7.4729,1
72.635,58,-14,1511,1499,0.63,0.82,2.6574,4.1256,7.4729,1
72.653,58,-14,1511,1499,0.63,0.82,2.6574,4.1256,7.4729,1
72.670,58,-14,1511,1499,0.63,0.82,2.6574,4.1256,7.4729,1
72.688,59,-14,1514,1499,0.63,0.82,2.6574,4.1256,7.4729,1
72.706,59,-14,1512,1499,0.63,0.82,2.6574,4.1256,7.4729,1
72.723,59,-14,1512,1499,0.90,0.35,2.6574,4.1256,7.4729,1
72.741,59,-14,1512,1499,0.90,0.35,2.6574,4.1256,7.4729,1
72.759,59,-14,1512,1499,0.90,0.35,2.6574,4.1256,7.4729,1
72.776,56,-14,1502,1499,0.90,0.35,2.7334,4.7815,6.9669,1
72.797,55,-15,1508,1498,0.90,0.35,2.7334,4.7815,6.9669,1
72.814,54,-15,1508,1499,0.90,0.35,2.7334,4.7815,6.9669,1
72.831,53,-15,1507,1499,0.90,0.35,2.7334,4.7815,6.9669,1
72.849,51,-15,1504,1499,0.90,0.35,2.7334,4.7815,6.9669,1
72.866,50,-16,1507,1497,0.90,0.35,2.7334,4.7815,6.9669,1
72.883,49,-15,1507,1500,0.90,0.35,2.7334,4.7815,6.9669,1
72.901,48,-15,1506,1499,0.90,0.35,2.7334,4.7815,6.9669,1
72.918,48,-15,1509,1499,0.90,0.35,2.7334,4.7815,6.9669,1
72.936,47,-15,1506,1499,0.90,0.35,2.7334,4.7815,6.9669,1
72.953,46,-16,1506,1497,0.90,0.35,2.7334,4.7815,6.9669,1
72.970,45,-16,1506,1499,0.89,0.05,2.7334,4.7815,6.9669,1
72.987,45,-16,1509,1499,0.89,0.05,2.7334,4.7815,6.9669,1
73.004,44,-15,1506,1500,0.89,0.05,2.7334,4.7815,6.9669,1
73.023,44,-15,1509,1499,0.89,0.05,2.6127,4.6369,7.3330,1
73.041,43,-14,1505,1500,0.89,0.05,2.6127,4.6369,7.3330,1
73.058,42,-14,1505,1499,0.89,0.05,2.6127,4.6369,7.3330,1
73.076,40,-15,1502,1497,0.89,0.05,2.6127,4.6369,7.3330,1
73.098,38,-15,1503,1499,0.89,0.05,2.6127,4.6369,7.3330,1
73.116,35,-14,1499,1500,0.89,0.05,2.6127,4.6369,7.3330,1
73.134,33,-14,1501,1499,0.89,0.05,2.6127,4.6369,7.3330,1
73.152,31,-14,1500,1499,0.89,0.05,2.6127,4.6369,7.3330,1
73.169,30,-15,1503,1497,0.89,0.05,2.6127,4.6369,7.3330,1
73.186,28,-16,1500,1497,0.89,0.05,2.6127,4.6369,7.3330,1
73.203,25,-15,1497,1500,0.86,-0.01,2.6127,4.6369,7.3330,1
73.221,23,-15,1500,1499,0.86,-0.01,2.6127,4.6369,7.3330,1
73.238,21,-15,1499,1499,0.86,-0.01,2.6127,4.6369,7.3330,1
73.256,19,-15,1499,1499,0.86,-0.01,2.6127,4.6369,7.3330,1
73.278,17,-14,1499,1500,0.86,-0.01,2.3668,4.3728,7.5821,1
73.296,16,-14,1500,1499,0.86,-0.01,2.3668,4.3728,7.5821,1
73.314,15,-14,1500,1499,0.86,-0.01,2.3668,4.3728,7.5821,1
73.332,14,-14,1500,1499,0.86,-0.01,2.3668,4.3728,7.5821,1
73.350,13,-14,1500,1499,0.86,-0.01,2.3668,4.3728,7.5821,1
73.367,12,-15,1500,1497,0.86,-0.01,2.3668,4.3728,7.5821,1
73.386,11,-15,1500,1499,0.86,-0.01,2.3668,4.3728,7.5821,1
73.404,10,-16,1500,1497,0.86,-0.01,2.3668,4.3728,7.5821,1
73.423,7,-15,1494,1500,0.86,-0.01,2.3668,4.3728,7.5821,1
73.440,6,-15,1499,1499,0.86,-0.01,2.3668,4.3728,7.5821,1
73.457,5,-15,1499,1499,0.16,0.48,2.3668,4.3728,7.5821,1
73.474,5,-15,1501,1499,0.16,0.48,2.3668,4.3728,7.5821,1
73.492,4,-15,1499,1499,0.16,0.48,2.3668,4.3728,7.5821,1
73.512,2,-14,1496,1500,0.16,0.48,2.3668,4.3728,7.5821,1
73.530,1,-14,1498,1499,0.16,0.48,2.6074,4.6395,8.4453,1
73.549,0,-13,1498,1500,0.16,0.48,2.6074,4.6395,8.4453,1
73.567,-2,-13,1495,1499,0.16,0.48,2.6074,4.6395,8.4453,1
73.586,-3,-13,1497,1499,0.16,0.48,2.6074,4.6395,8.4453,1
73.603,-3,-13,1500,1499,0.16,0.48,2.6074,4.6395,8.4453,1
73.620,-4,-13,1497,1499,0.16,0.48,2.6074,4.6395,8.4453,1
73.639,-5,-12,1497,1500,0.16,0.48,2.6074,4.6395,8.4453,1
73.656,-5,-11,1500,1500,0.16,0.48,2.6074,4.6395,8.4453,1
73.674,-6,-12,1497,1498,0.16,0.48,2.6074,4.6395,8.4453,1
73.691,-6,-12,1499,1499,0.16,0.48,2.6074,4.6395,8.4453,1
73.709,-7,-12,1496,1499,-0.53,0.82,2.6074,4.6395,8.4453,1
73.727,-7,-12,1499,1499,-0.53,0.82,2.6074,4.6395,8.4453,1
73.746,-7,-13,1499,1497,-0.53,0.82,2.6074,4.6395,8.4453,1
73.764,-8,-12,1496,1500,-0.53,0.82,2.6074,4.6395,8.4453,1
73.782,-8,-12,1499,1499,-0.53,0.82,2.8542,4.4160,9.2377,1
73.799,-9,-11,1496,1500,-0.53,0.82,2.8542,4.4160,9.2377,1
73.817,-9,-11,1499,1499,-0.53,0.82,2.8542,4.4160,9.2377,1
73.834,-10,-10,1496,1500,-0.53,0.82,2.8542,4.4160,9.2377,1
73.852,-10,-11,1499,1498,-0.53,0.82,2.8542,4.4160,9.2377,1
73.869,-11,-10,1496,1500,-0.53,0.82,2.8542,4.4160,9.2377,1
73.886,-11,-10,1498,1499,-0.53,0.82,2.8542,4.4160,9.2377,1
73.904,-12,-9,1495,1500,-0.53,0.82,2.8542,4.4160,9.2377,1
73.921,-12,-8,1498,1500,-0.53,0.82,2.8542,4.4160,9.2377,1
73.939,-12,-8,1498,1500,-0.53,0.82,2.8542,4.4160,9.2377,1
73.956,-13,-8,1495,1500,-0.92,1.21,2.8542,4.4160,9.2377,1
73.974,-13,-8,1498,1500,-0.92,1.21,2.8542,4.4160,9.2377,1
73.991,-13,-8,1498,1500,-0.92,1.21,2.8542,4.4160,9.2377,1
74.009,-13,-8,1498,1500,-0.92,1.21,2.8542,4.4160,9.2377,1
74.026,-13,-8,1498,1500,-0.92,1.21,2.6419,4.4541,6.4775,1
74.044,-13,-8,1498,1500,-0.92,1.21,2.6419,4.4541,6.4775,1
74.061,-13,-9,1498,1498,-0.92,1.21,2.6419,4.4541,6.4775,1
74.078,-13,-9,1498,1500,-0.92,1.21,2.6419,4.4541,6.4775,1
74.096,-12,-9,1500,1500,-0.92,1.21,2.6419,4.4541,6.4775,1
74.113,-12,-9,1498,1500,-0.92,1.21,2.6419,4.4541,6.4775,1
74.131,-12,-8,1498,1500,-0.92,1.21,2.6419,4.4541,6.4775,1
74.148,-12,-8,1498,1500,-0.92,1.21,2.6419,4.4541,6.4775,1
74.166,-12,-7,1498,1500,-0.92,1.21,2.6419,4.4541,6.4775,1
74.183,-12,-7,1498,1500,-0.92,1.21,2.6419,4.4541,6.4775,1
74.200,-13,-7,1495,1500,-0.92,1.21,2.6419,4.4541,6.4775,1
74.217,-13,-7,1498,1500,-0.86,1.20,2.6419,4.4541,6.4775,1
74.235,-14,-7,1495,1500,-0.86,1.20,2.6419,4.4541,6.4775,1
74.253,-15,-6,1495,1501,-0.86,1.20,2.6419,4.4541,6.4775,1
74.271,-16,-6,1495,1500,-0.86,1.20,2.7028,4.6449,6.6376,1
74.289,-17,-5,1495,1501,-0.86,1.20,2.7028,4.6449,6.6376,1
74.308,-18,-5,1494,1500,-0.86,1.20,2.7028,4.6449,6.6376,1
74.326,-20,-5,1491,1500,-0.86,1.20,2.7028,4.6449,6.6376,1
74.343,-21,-6,1494,1498,-0.86,1.20,2.7028,4.6449,6.6376,1
74.361,-22,-5,1493,1501,-0.86,1.20,2.7028,4.6449,6.6376,1
74.378,-23,-6,1493,1498,-0.86,1.20,2.7028,4.6449,6.6376,1
74.395,-24,-6,1493,1500,-0.86,1.20,2.7028,4.6449,6.6376,1
74.412,-25,-6,1493,1500,-0.86,1.20,2.7028,4.6449,6.6376,1
74.430,-26,-6,1493,1500,-0.86,1.20,2.7028,4.6449,6.6376,1
74.447,-27,-4,1492,1503,-0.86,1.20,2.7028,4.6449,6.6376,1
74.465,-29,-4,1489,1500,-0.69,1.28,2.7028,4.6449,6.6376,1
74.483,-30,-3,1492,1501,-0.69,1.28,2.7028,4.6449,6.6376,1
74.502,-31,-3,1492,1500,-0.69,1.28,2.7028,4.6449,6.6376,1
74.520,-33,-4,1489,1498,-0.69,1.28,2.5651,5.5375,7.3667,1
74.542,-35,-3,1489,1500,-0.69,1.28,2.5651,5.5375,7.3667,1
74.560,-36,-3,1491,1500,-0.69,1.28,2.5651,5.5375,7.3667,1
74.578,-38,-3,1487,1500,-0.69,1.28,2.5651,5.5375,7.3667,1
74.595,-39,-4,1490,1498,-0.69,1.28,2.5651,5.5375,7.3667,1
74.613,-40,-2,1490,1503,-0.69,1.28,2.5651,5.5375,7.3667,1
74.630,-41,-2,1489,1500,-0.69,1.28,2.5651,5.5375,7.3667,1
74.649,-42,-2,1489,1500,-0.69,1.28,2.5651,5.5375,7.3667,1
74.667,-43,-2,1489,1500,-0.69,1.28,2.5651,5.5375,7.3667,1
74.686,-44,-2,1489,1500,-0.69,1.28,2.5651,5.5375,7.3667,1
74.703,-44,-2,1492,1500,0.26,1.33,2.5651,5.5375,7.3667,1
74.721,-45,-2,1489,1500,0.26,1.33,2.5651,5.5375,7.3667,1
74.738,-45,-2,1491,1500,0.26,1.33,2.5651,5.5375,7.3667,1
74.757,-45,-2,1491,1500,0.26,1.33,2.5651,5.5375,7.3667,1
74.775,-45,-1,1491,1501,0.26,1.33,2.4376,6.9906,8.8363,1
74.793,-44,-1,1494,1500,0.26,1.33,2.4376,6.9906,8.8363,1
74.810,-44,-1,1492,1500,0.26,1.33,2.4376,6.9906,8.8363,1
74.829,-43,-1,1495,1500,0.26,1.33,2.4376,6.9906,8.8363,1
74.846,-42,-1,1495,1500,0.26,1.33,2.4376,6.9906,8.8363,1
74.864,-42,0,1492,1501,0.26,1.33,2.4376,6.9906,8.8363,1
74.881,-41,0,1495,1500,0.26,1.33,2.4376,6.9906,8.8363,1
74.899,-40,0,1495,1500,0.26,1.33,2.4376,6.9906,8.8363,1
74.917,-40,0,1492,1500,0.26,1.33,2.4376,6.9906,8.8363,1
74.934,-39,0,1495,1500,0.26,1.33,2.4376,6.9906,8.8363,1
74.952,-38,-1,1496,1499,0.67,1.51,2.4376,6.9906,8.8363,1
74.971,-38,0,1493,1501,0.67,1.51,2.4376,6.9906,8.8363,1
74.988,-38,1,1493,1501,0.67,1.51,2.4376,6.9906,8.8363,1
75.005,-37,1,1496,1500,0.67,1.51,2.4376,6.9906,8.8363,1
75.022,-37,-1,1493,1497,0.67,1.51,2.5643,6.6610,8.2706,1
75.042,-37,1,1493,1503,0.67,1.51,2.5643,6.6610,8.2706,1
75.061,-38,1,1490,1500,0.67,1.51,2.5643,6.6610,8.2706,1
75.079,-39,1,1490,1500,0.67,1.51,2.5643,6.6610,8.2706,1
75.098,-39,1,1493,1500,0.67,1.51,2.5643,6.6610,8.2706,1
75.116,-39,0,1493,1499,0.67,1.51,2.5643,6.6610,8.2706,1
75.134,-39,0,1493,1500,0.67,1.51,2.5643,6.6610,8.2706,1
75.152,-39,1,1493,1501,0.67,1.51,2.5643,6.6610,8.2706,1
75.169,-39,2,1493,1501,0.67,1.51,2.5643,6.6610,8.2706,1
75.186,-39,1,1492,1499,0.67,1.51,2.5643,6.6610,8.2706,1
75.204,-40,2,1489,1501,0.81,1.51,2.5643,6.6610,8.2706,1
75.222,-40,2,1492,1500,0.81,1.51,2.5643,6.6610,8.2706,1
75.239,-41,2,1489,1500,0.81,1.51,2.5643,6.6610,8.2706,1
75.257,-41,2,1492,1500,0.81,1.51,2.5643,6.6610,8.2706,1
75.274,-41,2,1492,1500,0.81,1.51,2.7403,7.6351,8.7605,1
75.291,-42,3,1489,1501,0.81,1.51,2.7403,7.6351,8.7605,1
75.309,-42,3,1492,1500,0.81,1.51,2.7403,7.6351,8.7605,1
75.326,-43,3,1489,1500,0.81,1.51,2.7403,7.6351,8.7605,1
75.343,-43,3,1492,1500,0.81,1.51,2.7403,7.6351,8.7605,1
75.360,-43,3,1492,1500,0.81,1.51,2.7403,7.6351,8.7605,1
75.378,-43,2,1492,1499,0.81,1.51,2.7403,7.6351,8.7605,1
75.396,-44,3,1489,1501,0.81,1.51,2.7403,7.6351,8.7605,1
75.413,-44,3,1491,1500,0.81,1.51,2.7403,7.6351,8.7605,1
75.432,-45,4,1489,1501,0.81,1.51,2.7403,7.6351,8.7605,1
75.451,-45,3,1491,1499,0.21,2.03,2.7403,7.6351,8.7605,1
75.471,-46,4,1489,1501,0.21,2.03,2.7403,7.6351,8.7605,1
75.488,-47,4,1488,1500,0.21,2.03,2.7403,7.6351,8.7605,1
75.506,-48,4,1488,1500,0.21,2.03,2.7403,7.6351,8.7605,1
75.523,-48,4,1491,1500,0.21,2.03,3.1180,11.7547,8.3975,1
75.541,-48,4,1491,1500,0.21,2.03,3.1180,11.7547,8.3975,1
75.558,-48,5,1491,1502,0.21,2.03,3.1180,11.7547,8.3975,1
75.575,-48,5,1491,1500,0.21,2.03,3.1180,11.7547,8.3975,1
75.592,-48,5,1491,1500,0.21,2.03,3.1180,11.7547,8.3975,1
75.610,-49,5,1488,1500,0.21,2.03,3.1180,11.7547,8.3975,1
75.628,-49,4,1490,1499,0.21,2.03,3.1180,11.7547,8.3975,1
75.648,-49,5,1490,1501,0.21,2.03,3.1180,11.7547,8.3975,1
75.665,-49,5,1490,1500,0.21,2.03,3.1180,11.7547,8.3975,1
75.684,-49,5,1490,1500,0.21,2.03,3.1180,11.7547,8.3975,1
75.701,-49,5,1490,1500,-0.21,1.95,3.1180,11.7547,8.3975,1
75.719,-49,5,1490,1500,-0.21,1.95,3.1180,11.7547,8.3975,1
75.736,-50,5,1487,1500,-0.21,1.95,3.1180,11.7547,8.3975,1
75.755,-51,6,1487,1502,-0.21,1.95,3.1180,11.7547,8.3975,1
75.772,-53,5,1484,1499,-0.21,1.95,3.1883,11.6772,8.7742,1
75.790,-53,6,1490,1502,-0.21,1.95,3.1883,11.6772,8.7742,1
75.808,-54,6,1487,1500,-0.21,1.95,3.1883,11.6772,8.7742,1
75.825,-54,6,1489,1500,-0.21,1.95,3.1883,11.6772,8.7742,1
75.842,-55,5,1486,1499,-0.21,1.95,3.1883,11.6772,8.7742,1
75.859,-55,6,1489,1502,-0.21,1.95,3.1883,11.6772,8.7742,1
75.877,-55,5,1489,1499,-0.21,1.95,3.1883,11.6772,8.7742,1
75.894,-55,6,1489,1502,-0.21,1.95,3.1883,11.6772,8.7742,1
75.911,-55,6,1489,1500,-0.21,1.95,3.1883,11.6772,8.7742,1
75.929,-54,6,1492,1500,-0.21,1.95,3.1883,11.6772,8.7742,1
75.947,-53,6,1492,1500,-0.21,1.95,3.1883,11.6772,8.7742,1
75.964,-52,6,1493,1500,-0.29,1.60,3.1883,11.6772,8.7742,1
75.988,-50,6,1495,1500,-0.29,1.60,3.1883,11.6772,8.7742,1
76.006,-48,6,1496,1500,-0.29,1.60,3.1883,11.6772,8.7742,1
76.023,-47,6,1494,1500,-0.29,1.60,3.2269,11.5434,8.5024,1
76.042,-45,5,1497,1499,-0.29,1.60,3.2269,11.5434,8.5024,1
76.059,-44,5,1494,1500,-0.29,1.60,3.2269,11.5434,8.5024,1
76.077,-42,5,1498,1500,-0.29,1.60,3.2269,11.5434,8.5024,1
76.094,-40,6,1498,1502,-0.29,1.60,3.2269,11.5434,8.5024,1
76.111,-38,6,1498,1500,-0.29,1.60,3.2269,11.5434,8.5024,1
76.128,-36,6,1499,1500,-0.29,1.60,3.2269,11.5434,8.5024,1
76.145,-34,7,1499,1502,-0.29,1.60,3.2269,11.5434,8.5024,1
76.163,-32,7,1500,1500,-0.29,1.60,3.2269,11.5434,8.5024,1
76.181,-30,7,1500,1500,-0.29,1.60,3.2269,11.5434,8.5024,1
76.199,-27,7,1502,1500,-0.33,1.85,3.2269,11.5434,8.5024,1
76.216,-25,7,1500,1500,-0.33,1.85,3.2269,11.5434,8.5024,1
76.234,-23,7,1501,1500,-0.33,1.85,3.2269,11.5434,8.5024,1
76.253,-21,6,1501,1499,-0.33,1.85,3.2269,11.5434,8.5024,1
76.270,-19,7,1501,1502,-0.33,1.85,3.0252,11.8622,8.4807,1
76.288,-17,7,1502,1500,-0.33,1.85,3.0252,11.8622,8.4807,1
76.305,-16,7,1500,1500,-0.33,1.85,3.0252,11.8622,8.4807,1
76.323,-15,7,1500,1500,-0.33,1.85,3.0252,11.8622,8.4807,1
76.340,-14,8,1500,1502,-0.33,1.85,3.0252,11.8622,8.4807,1
76.357,-14,7,1497,1499,-0.33,1.85,3.0252,11.8622,8.4807,1
76.375,-13,7,1500,1500,-0.33,1.85,3.0252,11.8622,8.4807,1
76.393,-13,8,1498,1502,-0.33,1.85,3.0252,11.8622,8.4807,1
76.411,-12,8,1500,1500,-0.33,1.85,3.0252,11.8622,8.4807,1
76.428,-11,8,1500,1500,-0.33,1.85,3.0252,11.8622,8.4807,1
76.446,-11,8,1498,1500,-0.18,1.98,3.0252,11.8622,8.4807,1
76.463,-10,8,1500,1500,-0.18,1.98,3.0252,11.8622,8.4807,1
76.481,-10,7,1498,1500,-0.18,1.98,3.0252,11.8622,8.4807,1
76.499,-9,8,1500,1502,-0.18,1.98,3.0252,11.8622,8.4807,1
76.518,-9,8,1498,1500,-0.18,1.98,2.7768,9.6803,8.3497,1
76.536,-9,8,1498,1500,-0.18,1.98,2.7768,9.6803,8.3497,1
76.553,-8,8,1501,1500,-0.18,1.98,2.7768,9.6803,8.3497,1
76.571,-7,9,1501,1502,-0.18,1.98,2.7768,9.6803,8.3497,1
76.588,-6,8,1501,1500,-0.18,1.98,2.7768,9.6803,8.3497,1
76.605,-4,8,1504,1500,-0.18,1.98,2.7768,9.6803,8.3497,1
76.622,-3,8,1502,1500,-0.18,1.98,2.7768,9.6803,8.3497,1
76.641,-1,8,1504,1500,-0.18,1.98,2.7768,9.6803,8.3497,1
76.659,0,8,1502,1500,-0.18,1.98,2.7768,9.6803,8.3497,1
76.676,2,8,1505,1500,-0.18,1.98,2.7768,9.6803,8.3497,1
76.694,4,8,1506,1500,-0.18,1.98,2.7768,9.6803,8.3497,1
76.712,6,8,1506,1500,0.25,1.86,2.7768,9.6803,8.3497,1
76.730,8,8,1507,1500,0.25,1.86,2.7768,9.6803,8.3497,1
76.750,10,8,1506,1500,0.25,1.86,2.7768,9.6803,8.3497,1
76.769,12,7,1507,1500,0.25,1.86,2.9571,11.2367,8.8142,1
76.787,18,8,1520,1502,0.25,1.86,2.9571,11.2367,8.8142,1
76.804,21,8,1512,1500,0.25,1.86,2.9571,11.2367,8.8142,1
76.822,24,8,1513,1500,0.25,1.86,2.9571,11.2367,8.8142,1
76.839,27,8,1514,1500,0.25,1.86,2.9571,11.2367,8.8142,1
76.856,30,8,1514,1500,0.25,1.86,2.9571,11.2367,8.8142,1
76.874,32,8,1512,1500,0.25,1.86,2.9571,11.2367,8.8142,1
76.891,35,8,1515,1500,0.25,1.86,2.9571,11.2367,8.8142,1
76.908,38,7,1516,1499,0.25,1.86,2.9571,11.2367,8.8142,1
76.925,42,8,1519,1502,0.25,1.86,2.9571,11.2367,8.8142,1
76.942,45,9,1517,1502,0.25,1.86,2.9571,11.2367,8.8142,1
76.961,48,8,1517,1500,0.76,1.56,2.9571,11.2367,8.8142,1
76.978,51,8,1518,1500,0.76,1.56,2.9571,11.2367,8.8142,1
76.995,54,9,1519,1502,0.76,1.56,2.9571,11.2367,8.8142,1
77.014,57,9,1519,1500,0.76,1.56,2.6594,10.3934,8.5927,1
77.031,60,8,1520,1500,0.76,1.56,2.6594,10.3934,8.5927,1
77.049,63,8,1521,1500,0.76,1.56,2.6594,10.3934,8.5927,0
77.066,65,9,1518,1502,0.76,1.56,2.6594,10.3934,8.5927,0
77.084,71,8,1530,1500,0.76,1.56,2.6594,10.3934,8.5927,0
77.102,73,9,1520,1502,0.76,1.56,2.6594,10.3934,8.5927,0
77.120,75,9,1520,1500,0.76,1.56,2.6594,10.3934,8.5927,0
77.138,78,9,1524,1500,0.76,1.56,2.6594,10.3934,8.5927,0
77.155,80,9,1521,1500,0.76,1.56,2.6594,10.3934,8.5927,0
77.173,82,9,1522,1500,0.76,1.56,2.6594,10.3934,8.5927,0
77.190,84,9,1522,1500,0.76,1.56,2.6594,10.3934,8.5927,0
77.208,86,8,1523,1500,1.25,2.00,2.6594,10.3934,8.5927,0
77.225,88,9,1523,1502,1.25,2.00,2.6594,10.3934,8.5927,0
77.242,90,10,1523,1502,1.25,2.00,2.6594,10.3934,8.5927,0
77.259,92,10,1524,1501,1.25,2.00,2.7320,8.0606,8.7776,0
77.277,94,10,1524,1501,1.25,2.00,2.7320,8.0606,8.7776,0
77.294,96,10,1525,1501,1.25,2.00,2.7320,8.0606,8.7776,0
77.312,98,10,1525,1501,1.25,2.00,2.7320,8.0606,8.7776,0
77.329,99,9,1522,1500,1.25,2.00,2.7320,8.0606,8.7776,0
77.347,101,9,1526,1500,1.25,2.00,2.7320,8.0606,8.7776,0
77.368,103,10,1526,1502,1.25,2.00,2.7320,8.0606,8.7776,0
77.386,105,10,1526,1501,1.25,2.00,2.7320,8.0606,8.7776,0
77.410,109,10,1530,1501,1.25,2.00,2.7320,8.0606,8.7776,0
77.427,111,10,1528,1501,1.25,2.00,2.7320,8.0606,8.7776,0
77.444,114,9,1530,1500,1.52,1.73,2.7320,8.0606,8.7776,0
77.461,117,10,1530,1502,1.52,1.73,2.7320,8.0606,8.7776,0
77.481,120,10,1530,1501,1.52,1.73,2.7320,8.0606,8.7776,0
77.505,125,10,1530,1501,1.52,1.73,2.7320,8.0606,8.7776,0
77.522,129,10,1530,1501,1.52,1.73,2.6494,10.8924,8.1010,0
77.540,131,9,1530,1500,1.52,1.73,2.6494,10.8924,8.1010,0
77.557,134,9,1530,1500,1.52,1.73,2.6494,10.8924,8.1010,0
77.574,137,9,1530,1500,1.52,1.73,2.6494,10.8924,8.1010,0
77.592,140,10,1530,1502,1.52,1.73,2.6494,10.8924,8.1010,0
77.609,143,10,1530,1501,1.52,1.73,2.6494,10.8924,8.1010,0
77.626,146,10,1530,1501,1.52,1.73,2.6494,10.8924,8.1010,0
77.644,148,9,1530,1500,1.52,1.73,2.6494,10.8924,8.1010,0
77.662,151,10,1530,1502,1.52,1.73,2.6494,10.8924,8.1010,0
77.680,154,10,1530,1501,1.52,1.73,2.6494,10.8924,8.1010,0
77.700,157,10,1530,1501,1.56,2.05,2.6494,10.8924,8.1010,0
77.718,159,10,1530,1501,1.56,2.05,2.6494,10.8924,8.1010,0
77.739,162,10,1530,1501,1.56,2.05,2.6494,10.8924,8.1010,0
77.758,166,10,1530,1501,1.56,2.05,2.4134,8.2875,8.1677,0
77.776,168,11,1530,1502,1.56,2.05,2.4134,8.2875,8.1677,0
77.793,169,11,1530,1501,1.56,2.05,2.4134,8.2875,8.1677,0
77.811,170,10,1530,1500,1.56,2.05,2.4134,8.2875,8.1677,0
77.829,172,10,1530,1501,1.56,2.05,2.4134,8.2875,8.1677,0
77.846,173,10,1530,1501,1.56,2.05,2.4134,8.2875,8.1677,0
77.864,174,10,1530,1501,1.56,2.05,2.4134,8.2875,8.1677,0
77.882,175,10,1530,1501,1.56,2.05,2.4134,8.2875,8.1677,0
77.899,176,10,1530,1501,1.56,2.05,2.4134,8.2875,8.1677,0
77.917,177,10,1530,1501,1.56,2.05,2.4134,8.2875,8.1677,0
77.934,178,10,1530,1501,1.56,2.05,2.4134,8.2875,8.1677,0
77.954,179,9,1530,1500,1.83,2.19,2.4134,8.2875,8.1677,0
77.973,179,10,1530,1502,1.83,2.19,2.4134,8.2875,8.1677,0
77.991,180,10,1530,1501,1.83,2.19,2.4134,8.2875,8.1677,0
78.008,182,10,1530,1501,1.83,2.19,2.5767,7.6407,8.3905,0
78.027,183,10,1530,1501,1.83,2.19,2.5767,7.6407,8.3905,0
78.045,183,10,1530,1501,1.83,2.19,2.5767,7.6407,8.3905,0
78.063,183,10,1530,1501,1.83,2.19,2.5767,7.6407,8.3905,0
78.080,184,10,1530,1501,1.83,2.19,2.5767,7.6407,8.3905,0
78.099,185,10,1530,1501,1.83,2.19,2.5767,7.6407,8.3905,0
78.116,186,10,1530,1501,1.83,2.19,2.5767,7.6407,8.3905,0
78.136,187,10,1530,1501,1.83,2.19,2.5767,7.6407,8.3905,0
78.153,188,9,1530,1500,1.83,2.19,2.5767,7.6407,8.3905,0
78.171,188,10,1530,1502,1.83,2.19,2.5767,7.6407,8.3905,0
78.188,188,10,1530,1501,1.83,2.19,2.5767,7.6407,8.3905,0
78.205,189,10,1530,1501,2.37,1.97,2.5767,7.6407,8.3905,0
78.223,189,10,1530,1501,2.37,1.97,2.5767,7.6407,8.3905,0
78.243,188,10,1530,1501,2.37,1.97,2.5767,7.6407,8.3905,0
78.260,188,10,1530,1501,2.37,1.97,2.4715,7.2858,7.6690,0
78.278,187,10,1530,1501,2.37,1.97,2.4715,7.2858,7.6690,0
78.297,185,9,1530,1500,2.37,1.97,2.4715,7.2858,7.6690,0
78.318,182,10,1528,1502,2.37,1.97,2.4715,7.2858,7.6690,0
78.335,182,10,1530,1501,2.37,1.97,2.4715,7.2858,7.6690,0
78.352,180,10,1530,1501,2.37,1.97,2.4715,7.2858,7.6690,0
78.369,178,10,1530,1501,2.37,1.97,2.4715,7.2858,7.6690,0
78.387,176,10,1529,1501,2.37,1.97,2.4715,7.2858,7.6690,0
78.405,174,10,1529,1501,2.37,1.97,2.4715,7.2858,7.6690,0
78.424,170,10,1523,1501,2.37,1.97,2.4715,7.2858,7.6690,0
78.442,170,10,1530,1501,2.86,1.85,2.4715,7.2858,7.6690,0
78.459,165,8,1518,1498,2.86,1.85,2.4715,7.2858,7.6690,0
78.477,162,9,1524,1502,2.86,1.85,2.4715,7.2858,7.6690,0
78.494,159,8,1523,1500,2.86,1.85,2.4715,7.2858,7.6690,0
78.511,157,9,1525,1502,2.86,1.85,2.5653,6.3197,9.0754,0
78.528,155,9,1525,1500,2.86,1.85,2.5653,6.3197,9.0754,0
78.545,152,9,1521,1500,2.86,1.85,2.5653,6.3197,9.0754,0
78.564,150,9,1524,1500,2.86,1.85,2.5653,6.3197,9.0754,0
78.583,145,8,1515,1500,2.86,1.85,2.5653,6.3197,9.0754,0
78.602,143,9,1523,1502,2.86,1.85,2.5653,6.3197,9.0754,0
78.621,140,9,1520,1500,2.86,1.85,2.5653,6.3197,9.0754,0
78.639,138,9,1522,1500,2.86,1.85,2.5653,6.3197,9.0754,0
78.657,136,9,1521,1500,2.86,1.85,2.5653,6.3197,9.0754,0
78.674,133,9,1518,1500,2.86,1.85,2.5653,6.3197,9.0754,0
78.693,130,9,1517,1500,2.24,1.67,2.5653,6.3197,9.0754,0
78.710,128,9,1520,1500,2.24,1.67,2.5653,6.3197,9.0754,0
78.728,125,9,1516,1500,2.24,1.67,2.5653,6.3197,9.0754,0
78.745,123,9,1519,1500,2.24,1.67,2.5653,6.3197,9.0754,0
78.764,120,9,1516,1500,2.24,1.67,2.6860,8.4648,8.1478,0
78.783,114,9,1507,1500,2.24,1.67,2.6860,8.4648,8.1478,0
78.801,111,9,1513,1500,2.24,1.67,2.6860,8.4648,8.1478,0
78.818,109,9,1516,1500,2.24,1.67,2.6860,8.4648,8.1478,0
78.835,107,9,1515,1500,2.24,1.67,2.6860,8.4648,8.1478,0
78.853,105,9,1515,1500,2.24,1.67,2.6860,8.4648,8.1478,0
78.870,102,9,1511,1500,2.24,1.67,2.6860,8.4648,8.1478,0
78.892,100,9,1515,1500,2.24,1.67,2.6860,8.4648,8.1478,0
78.909,98,9,1514,1500,2.24,1.67,2.6860,8.4648,8.1478,0
78.927,96,8,1513,1500,2.24,1.67,2.6860,8.4648,8.1478,0
78.945,94,8,1513,1500,1.14,2.23,2.6860,8.4648,8.1478,0
78.962,93,9,1515,1502,1.14,2.23,2.6860,8.4648,8.1478,0
78.979,91,10,1512,1502,1.14,2.23,2.6860,8.4648,8.1478,0
78.996,90,10,1515,1501,1.14,2.23,2.6860,8.4648,8.1478,0
79.013,89,10,1515,1501,1.14,2.23,2.9815,6.2376,9.1289,0
79.031,89,10,1518,1501,1.14,2.23,2.9815,6.2376,9.1289,0
79.048,89,10,1518,1501,1.14,2.23,2.9815,6.2376,9.1289,0
79.066,89,10,1518,1501,1.14,2.23,2.9815,6.2376,9.1289,0
79.083,89,10,1518,1501,1.14,2.23,2.9815,6.2376,9.1289,0
79.100,89,11,1518,1502,1.14,2.23,2.9815,6.2376,9.1289,0
79.118,90,11,1521,1501,1.14,2.23,2.9815,6.2376,9.1289,0
79.136,90,9,1518,1498,1.14,2.23,2.9815,6.2376,9.1289,0
79.155,90,10,1518,1502,1.14,2.23,2.9815,6.2376,9.1289,0
79.173,90,10,1518,1501,1.14,2.23,2.9815,6.2376,9.1289,0
79.190,89,11,1515,1502,1.14,2.23,2.9815,6.2376,9.1289,0
79.208,87,11,1511,1501,-0.19,2.54,2.9815,6.2376,9.1289,0
79.226,86,10,1514,1500,-0.19,2.54,2.9815,6.2376,9.1289,0
79.244,85,11,1514,1502,-0.19,2.54,2.9815,6.2376,9.1289,0
79.261,83,11,1510,1501,-0.19,2.54,2.7882,3.6431,7.9463,0
79.279,81,11,1510,1501,-0.19,2.54,2.7882,3.6431,7.9463,0
79.296,78,11,1507,1501,-0.19,2.54,2.7882,3.6431,7.9463,0
79.313,76,11,1509,1501,-0.19,2.54,2.7882,3.6431,7.9463,0
79.331,73,11,1506,1501,-0.19,2.54,2.7882,3.6431,7.9463,0
79.349,70,11,1505,1501,-0.19,2.54,2.7882,3.6431,7.9463,0
79.366,68,11,1507,1501,-0.19,2.54,2.7882,3.6431,7.9463,0
79.383,65,10,1504,1500,-0.19,2.54,2.7882,3.6431,7.9463,0
79.401,60,10,1499,1501,-0.19,2.54,2.7882,3.6431,7.9463,1
79.419,58,11,1506,1502,-0.19,2.54,2.7882,3.6431,7.9463,1
79.436,56,11,1505,1501,-0.19,2.54,2.7882,3.6431,7.9463,1
79.453,54,10,1505,1500,-0.99,2.85,2.7882,3.6431,7.9463,1
79.470,51,9,1501,1500,-0.99,2.85,2.7882,3.6431,7.9463,1
79.489,49,10,1504,1502,-0.99,2.85,2.7882,3.6431,7.9463,1
79.507,47,10,1503,1501,-0.99,2.85,2.8024,3.1489,7.3216,1
79.526,45,10,1504,1501,-0.99,2.85,2.8024,3.1489,7.3216,1
79.543,43,10,1503,1501,-0.99,2.85,2.8024,3.1489,7.3216,1
79.561,41,9,1502,1500,-0.99,2.85,2.8024,3.1489,7.3216,1
79.578,39,10,1502,1502,-0.99,2.85,2.8024,3.1489,7.3216,1
79.596,36,10,1499,1501,-0.99,2.85,2.8024,3.1489,7.3216,1
79.614,35,9,1504,1500,-0.99,2.85,2.8024,3.1489,7.3216,1
79.631,31,8,1501,1501,-0.99,2.85,2.8024,3.1489,7.3216,1
79.649,29,8,1496,1500,-0.99,2.85,2.8024,3.1489,7.3216,1
79.667,28,9,1503,1502,-0.99,2.85,2.8024,3.1489,7.3216,1
79.685,26,8,1500,1500,-0.99,2.85,2.8024,3.1489,7.3216,1
79.702,25,7,1502,1500,-1.24,2.32,2.8024,3.1489,7.3216,1
79.719,23,7,1499,1500,-1.24,2.32,2.8024,3.1489,7.3216,1
79.738,21,8,1499,1502,-1.24,2.32,2.8024,3.1489,7.3216,1
79.755,20,6,1501,1498,-1.24,2.32,2.8259,3.3226,7.4248,1
79.773,18,7,1498,1502,-1.24,2.32,2.8259,3.3226,7.4248,1
79.790,17,5,1500,1498,-1.24,2.32,2.8259,3.3226,7.4248,1
79.807,16,5,1500,1500,-1.24,2.32,2.8259,3.3226,7.4248,1
79.824,15,5,1500,1500,-1.24,2.32,2.8259,3.3226,7.4248,1
79.844,14,5,1500,1500,-1.24,2.32,2.8259,3.3226,7.4248,1
79.864,13,6,1500,1502,-1.24,2.32,2.8259,3.3226,7.4248,1
79.881,11,5,1498,1500,-1.24,2.32,2.8259,3.3226,7.4248,1
79.899,8,4,1494,1499,-1.24,2.32,2.8259,3.3226,7.4248,1
79.917,7,4,1499,1500,-1.24,2.32,2.8259,3.3226,7.4248,1
79.934,5,4,1496,1500,-1.24,2.32,2.8259,3.3226,7.4248,1
79.951,4,4,1499,1500,-1.19,1.28,2.8259,3.3226,7.4248,1
79.968,4,4,1501,1500,-1.19,1.28,2.8259,3.3226,7.4248,1
79.986,3,5,1498,1502,-1.19,1.28,2.8259,3.3226,7.4248,1
80.003,1,3,1495,1497,-1.19,1.28,2.6807,4.0316,6.8028,1
80.021,0,3,1498,1500,-1.19,1.28,2.6807,4.0316,6.8028,1
80.039,-2,3,1495,1500,-1.19,1.28,2.6807,4.0316,6.8028,1
80.056,-3,3,1497,1500,-1.19,1.28,2.6807,4.0316,6.8028,1
80.074,-4,3,1497,1500,-1.19,1.28,2.6807,4.0316,6.8028,1
80.091,-6,3,1494,1500,-1.19,1.28,2.6807,4.0316,6.8028,1
80.108,-7,3,1496,1500,-1.19,1.28,2.6807,4.0316,6.8028,1
80.126,-9,3,1493,1500,-1.19,1.28,2.6807,4.0316,6.8028,1
80.144,-10,3,1496,1500,-1.19,1.28,2.6807,4.0316,6.8028,1
80.163,-14,3,1496,1500,-1.19,1.28,2.6807,4.0316,6.8028,1
80.181,-14,3,1490,1500,-1.19,1.28,2.6807,4.0316,6.8028,1
80.200,-17,2,1489,1499,-0.85,1.20,2.6807,4.0316,6.8028,1
80.220,-20,2,1489,1500,-0.85,1.20,2.6807,4.0316,6.8028,1
80.237,-23,2,1488,1500,-0.85,1.20,2.6807,4.0316,6.8028,1
80.256,-26,2,1487,1500,-0.85,1.20,2.9625,3.8111,6.7299,1
80.274,-31,2,1481,1500,-0.85,1.20,2.9625,3.8111,6.7299,1
80.292,-34,2,1485,1500,-0.85,1.20,2.9625,3.8111,6.7299,1
80.310,-36,2,1488,1500,-0.85,1.20,2.9625,3.8111,6.7299,1
80.327,-39,1,1484,1499,-0.85,1.20,2.9625,3.8111,6.7299,1
80.344,-41,2,1487,1502,-0.85,1.20,2.9625,3.8111,6.7299,1
80.362,-43,2,1486,1500,-0.85,1.20,2.9625,3.8111,6.7299,1
80.379,-46,1,1483,1499,-0.85,1.20,2.9625,3.8111,6.7299,1
80.396,-48,1,1485,1500,-0.85,1.20,2.9625,3.8111,6.7299,1
80.415,-51,1,1482,1500,-0.85,1.20,2.9625,3.8111,6.7299,1
80.432,-53,1,1490,1500,-0.85,1.20,2.9625,3.8111,6.7299,1
80.450,-54,0,1482,1499,-0.43,0.86,2.9625,3.8111,6.7299,1
80.470,-55,1,1487,1501,-0.43,0.86,2.9625,3.8111,6.7299,1
80.487,-55,1,1490,1500,-0.43,0.86,2.9625,3.8111,6.7299,1
80.505,-56,1,1487,1500,-0.43,0.86,2.8146,3.4420,7.0611,1
80.523,-57,0,1486,1499,-0.43,0.86,2.8146,3.4420,7.0611,1
80.541,-59,1,1483,1501,-0.43,0.86,2.8146,3.4420,7.0611,1
80.559,-60,1,1486,1500,-0.43,0.86,2.8146,3.4420,7.0611,1
80.577,-61,0,1486,1499,-0.43,0.86,2.8146,3.4420,7.0611,0
80.595,-61,0,1488,1500,-0.43,0.86,2.8146,3.4420,7.0611,0
80.613,-62,1,1485,1501,-0.43,0.86,2.8146,3.4420,7.0611,0
80.631,-62,0,1488,1499,-0.43,0.86,2.8146,3.4420,7.0611,0
80.649,-62,1,1488,1501,-0.43,0.86,2.8146,3.4420,7.0611,0
80.669,-62,1,1488,1500,-0.43,0.86,2.8146,3.4420,7.0611,0
80.686,-62,0,1488,1499,-1.01,1.42,2.8146,3.4420,7.0611,0
80.703,-62,1,1488,1501,-1.01,1.42,2.8146,3.4420,7.0611,0
80.722,-62,1,1488,1500,-1.01,1.42,2.8146,3.4420,7.0611,0
80.742,-62,1,1488,1500,-1.01,1.42,2.8146,3.4420,7.0611,0
80.760,-62,0,1488,1499,-1.01,1.42,2.7120,3.2020,6.7564,0
80.779,-63,1,1485,1501,-1.01,1.42,2.7120,3.2020,6.7564,0
80.797,-63,1,1488,1500,-1.01,1.42,2.7120,3.2020,6.7564,0
80.814,-65,2,1482,1501,-1.01,1.42,2.7120,3.2020,6.7564,0
80.832,-65,2,1487,1500,-1.01,1.42,2.7120,3.2020,6.7564,0
80.851,-68,2,1479,1500,-1.01,1.42,2.7120,3.2020,6.7564,0
80.868,-70,1,1481,1499,-1.01,1.42,2.7120,3.2020,6.7564,0
80.886,-71,2,1483,1501,-1.01,1.42,2.7120,3.2020,6.7564,0
80.903,-72,2,1483,1500,-1.01,1.42,2.7120,3.2020,6.7564,0
80.921,-74,2,1480,1500,-1.01,1.42,2.7120,3.2020,6.7564,0
80.939,-76,1,1479,1499,-1.75,1.74,2.7120,3.2020,6.7564,0
80.959,-77,1,1482,1500,-1.75,1.74,2.7120,3.2020,6.7564,0
80.976,-79,1,1479,1500,-1.75,1.74,2.7120,3.2020,6.7564,0
80.995,-79,1,1484,1500,-1.75,1.74,2.7120,3.2020,6.7564,0
81.013,-80,2,1482,1501,-1.75,1.74,2.7000,3.7860,7.3956,0
81.031,-82,2,1479,1500,-1.75,1.74,2.7000,3.7860,7.3956,0
81.049,-83,2,1481,1500,-1.75,1.74,2.7000,3.7860,7.3956,0
81.066,-84,2,1481,1500,-1.75,1.74,2.7000,3.7860,7.3956,0
81.084,-85,3,1480,1501,-1.75,1.74,2.7000,3.7860,7.3956,0
81.101,-84,3,1486,1500,-1.75,1.74,2.7000,3.7860,7.3956,0
81.119,-84,2,1483,1499,-1.75,1.74,2.7000,3.7860,7.3956,0
81.136,-84,2,1483,1500,-1.75,1.74,2.7000,3.7860,7.3956,0
81.154,-84,2,1483,1500,-1.75,1.74,2.7000,3.7860,7.3956,0
81.174,-83,2,1486,1500,-1.75,1.74,2.7000,3.7860,7.3956,0
81.194,-82,2,1486,1500,-1.80,1.72,2.7000,3.7860,7.3956,0
81.212,-81,2,1487,1500,-1.80,1.72,2.7000,3.7860,7.3956,0
81.232,-80,2,1487,1500,-1.80,1.72,2.7000,3.7860,7.3956,0
81.249,-79,2,1487,1500,-1.80,1.72,2.9736,4.0386,8.0197,0
81.267,-76,2,1494,1500,-1.80,1.72,2.9736,4.0386,8.0197,0
81.284,-75,3,1488,1501,-1.80,1.72,2.9736,4.0386,8.0197,0
81.302,-73,2,1492,1499,-1.80,1.72,2.9736,4.0386,8.0197,0
81.319,-71,2,1492,1500,-1.80,1.72,2.9736,4.0386,8.0197,0
81.336,-70,2,1489,1500,-1.80,1.72,2.9736,4.0386,8.0197,0
81.353,-69,3,1489,1502,-1.80,1.72,2.9736,4.0386,8.0197,0
81.370,-68,3,1490,1500,-1.80,1.72,2.9736,4.0386,8.0197,0
81.387,-66,3,1493,1500,-1.80,1.72,2.9736,4.0386,8.0197,0
81.406,-65,3,1490,1500,-1.80,1.72,2.9736,4.0386,8.0197,0
81.423,-63,3,1494,1500,-1.80,1.72,2.9736,4.0386,8.0197,0
81.441,-61,3,1494,1500,-1.50,1.99,2.9736,4.0386,8.0197,0
81.462,-59,4,1493,1501,-1.50,1.99,2.9736,4.0386,8.0197,1
81.480,-57,3,1495,1499,-1.50,1.99,2.9736,4.0386,8.0197,1
81.498,-56,4,1492,1502,-1.50,1.99,2.7849,4.2933,6.8356,1
81.516,-54,4,1495,1500,-1.50,1.99,2.7849,4.2933,6.8356,1
81.534,-52,3,1496,1499,-1.50,1.99,2.7849,4.2933,6.8356,1
81.551,-50,3,1496,1500,-1.50,1.99,2.7849,4.2933,6.8356,1
81.569,-49,4,1493,1502,-1.50,1.99,2.7849,4.2933,6.8356,1
81.586,-47,4,1497,1500,-1.50,1.99,2.7849,4.2933,6.8356,1
81.604,-47,4,1491,1500,-1.50,1.99,2.7849,4.2933,6.8356,1
81.622,-46,4,1494,1500,-1.50,1.99,2.7849,4.2933,6.8356,1
81.639,-46,4,1491,1500,-1.50,1.99,2.7849,4.2933,6.8356,1
81.658,-45,4,1494,1500,-1.50,1.99,2.7849,4.2933,6.8356,1
81.675,-44,4,1494,1500,-1.50,1.99,2.7849,4.2933,6.8356,1
81.695,-44,4,1491,1500,-0.92,1.83,2.7849,4.2933,6.8356,1
81.712,-43,3,1495,1499,-0.92,1.83,2.7849,4.2933,6.8356,1
81.730,-43,3,1492,1500,-0.92,1.83,2.7849,4.2933,6.8356,1
81.747,-43,3,1492,1500,-0.92,1.83,2.9079,3.6808,7.5308,1
81.765,-42,3,1495,1500,-0.92,1.83,2.9079,3.6808,7.5308,1
81.782,-42,3,1492,1500,-0.92,1.83,2.9079,3.6808,7.5308,1
81.800,-41,3,1495,1500,-0.92,1.83,2.9079,3.6808,7.5308,1
81.817,-40,4,1495,1502,-0.92,1.83,2.9079,3.6808,7.5308,1
81.834,-39,3,1495,1499,-0.92,1.83,2.9079,3.6808,7.5308,1
81.853,-38,3,1495,1500,-0.92,1.83,2.9079,3.6808,7.5308,1
81.871,-37,4,1496,1502,-0.92,1.83,2.9079,3.6808,7.5308,1
81.888,-35,4,1499,1500,-0.92,1.83,2.9079,3.6808,7.5308,1
81.905,-34,4,1496,1500,-0.92,1.83,2.9079,3.6808,7.5308,1
81.922,-33,3,1497,1499,-0.92,1.83,2.9079,3.6808,7.5308,1
81.940,-31,3,1500,1500,-0.65,1.78,2.9079,3.6808,7.5308,1
81.957,-30,4,1497,1502,-0.65,1.78,2.9079,3.6808,7.5308,1
81.975,-28,3,1500,1499,-0.65,1.78,2.9079,3.6808,7.5308,1
81.992,-27,3,1498,1500,-0.65,1.78,2.9079,3.6808,7.5308,1
82.010,-26,3,1498,1500,-0.65,1.78,2.8682,3.8495,6.8987,1
82.030,-24,3,1500,1500,-0.65,1.78,2.8682,3.8495,6.8987,1
82.047,-23,4,1498,1502,-0.65,1.78,2.8682,3.8495,6.8987,1
82.067,-22,4,1499,1500,-0.65,1.78,2.8682,3.8495,6.8987,1
82.086,-19,3,1503,1499,-0.65,1.78,2.8682,3.8495,6.8987,1
82.103,-18,4,1499,1502,-0.65,1.78,2.8682,3.8495,6.8987,1
82.120,-16,4,1502,1500,-0.65,1.78,2.8682,3.8495,6.8987,1
82.137,-15,5,1500,1502,-0.65,1.78,2.8682,3.8495,6.8987,1
82.154,-13,4,1502,1499,-0.65,1.78,2.8682,3.8495,6.8987,1
82.172,-12,5,1500,1502,-0.65,1.78,2.8682,3.8495,6.8987,1
82.190,-10,5,1503,1500,-0.52,1.56,2.8682,3.8495,6.8987,1
82.208,-8,5,1503,1500,-0.52,1.56,2.8682,3.8495,6.8987,1
82.227,-7,5,1501,1500,-0.52,1.56,2.8682,3.8495,6.8987,1
82.250,-5,4,1503,1500,-0.52,1.56,2.8652,3.5508,6.7984,1
82.267,-3,4,1505,1500,-0.52,1.56,2.8652,3.5508,6.7984,1
82.284,-1,5,1505,1502,-0.52,1.56,2.8652,3.5508,6.7984,1
82.304,3,5,1511,1500,-0.52,1.56,2.8652,3.5508,6.7984,1
82.321,5,5,1506,1500,-0.52,1.56,2.8652,3.5508,6.7984,1
82.339,6,4,1503,1499,-0.52,1.56,2.8652,3.5508,6.7984,1
82.356,8,4,1507,1500,-0.52,1.56,2.8652,3.5508,6.7984,1
82.378,10,5,1507,1502,-0.52,1.56,2.8652,3.5508,6.7984,1
82.396,14,4,1512,1499,-0.52,1.56,2.8652,3.5508,6.7984,1
82.413,14,4,1502,1500,-0.52,1.56,2.8652,3.5508,6.7984,1
82.431,19,4,1517,1500,-0.52,1.56,2.8652,3.5508,6.7984,1
82.450,19,4,1503,1500,-0.31,1.72,2.8652,3.5508,6.7984,1
82.469,23,4,1515,1500,-0.31,1.72,2.8652,3.5508,6.7984,1
82.487,24,3,1507,1499,-0.31,1.72,2.8652,3.5508,6.7984,1
82.504,26,4,1510,1502,-0.31,1.72,3.1317,3.3539,7.6610,1
82.523,29,4,1513,1500,-0.31,1.72,3.1317,3.3539,7.6610,1
82.543,31,4,1511,1500,-0.31,1.72,3.1317,3.3539,7.6610,1
82.561,32,4,1508,1500,-0.31,1.72,3.1317,3.3539,7.6610,1
82.581,35,3,1514,1499,-0.31,1.72,3.1317,3.3539,7.6610,1
82.600,37,4,1512,1501,-0.31,1.72,3.1317,3.3539,7.6610,1
82.618,39,4,1513,1500,-0.31,1.72,3.1317,3.3539,7.6610,1
82.635,40,4,1510,1500,-0.31,1.72,3.1317,3.3539,7.6610,1
82.653,41,4,1510,1500,-0.31,1.72,3.1317,3.3539,7.6610,1
82.670,42,4,1511,1500,-0.31,1.72,3.1317,3.3539,7.6610,1
82.688,42,3,1508,1499,0.08,1.16,3.1317,3.3539,7.6610,1
82.706,43,3,1511,1500,0.08,1.16,3.1317,3.3539,7.6610,1
82.723,43,3,1508,1500,0.08,1.16,3.1317,3.3539,7.6610,1
82.743,44,3,1511,1500,0.08,1.16,3.1317,3.3539,7.6610,1
82.763,44,4,1508,1501,0.08,1.16,2.9137,3.7411,6.6638,1
82.781,44,3,1508,1499,0.08,1.16,2.9137,3.7411,6.6638,1
82.798,44,3,1508,1500,0.08,1.16,2.9137,3.7411,6.6638,1
82.815,43,3,1505,1500,0.08,1.16,2.9137,3.7411,6.6638,1
82.836,42,3,1505,1500,0.08,1.16,2.9137,3.7411,6.6638,1
82.854,41,2,1505,1499,0.08,1.16,2.9137,3.7411,6.6638,1
82.873,40,2,1505,1500,0.08,1.16,2.9137,3.7411,6.6638,1
82.890,39,2,1504,1500,0.08,1.16,2.9137,3.7411,6.6638,1
82.908,38,2,1504,1500,0.08,1.16,2.9137,3.7411,6.6638,1
82.925,37,2,1504,1500,0.08,1.16,2.9137,3.7411,6.6638,1
82.943,35,2,1501,1500,0.03,0.52,2.9137,3.7411,6.6638,1
82.965,34,3,1504,1501,0.03,0.52,2.9137,3.7411,6.6638,1
82.983,33,3,1503,1500,0.03,0.52,2.9137,3.7411,6.6638,1
83.000,31,2,1500,1499,0.03,0.52,3.0040,3.8583,7.5253,1
83.018,29,1,1500,1499,0.03,0.52,3.0040,3.8583,7.5253,1
83.036,29,1,1505,1500,0.03,0.52,3.0040,3.8583,7.5253,1
83.055,29,1,1505,1500,0.03,0.52,3.0040,3.8583,7.5253,1
83.073,30,1,1508,1500,0.03,0.52,3.0040,3.8583,7.5253,1
83.094,31,2,1506,1501,0.03,0.52,3.0040,3.8583,7.5253,1
83.112,32,2,1511,1500,0.03,0.52,3.0040,3.8583,7.5253,1
83.130,32,3,1506,1501,0.03,0.52,3.0040,3.8583,7.5253,1
83.148,33,3,1509,1500,0.03,0.52,3.0040,3.8583,7.5253,1
83.165,34,3,1509,1500,0.03,0.52,3.0040,3.8583,7.5253,1
83.186,34,3,1506,1500,-0.41,1.11,3.0040,3.8583,7.5253,1
83.203,35,3,1509,1500,-0.41,1.11,3.0040,3.8583,7.5253,1
83.225,35,3,1507,1500,-0.41,1.11,3.0040,3.8583,7.5253,1
83.243,35,2,1507,1499,-0.41,1.11,2.8130,4.0138,6.6243,1
83.261,34,1,1504,1499,-0.41,1.11,2.8130,4.0138,6.6243,1
83.279,34,1,1506,1500,-0.41,1.11,2.8130,4.0138,6.6243,1
83.297,34,2,1506,1501,-0.41,1.11,2.8130,4.0138,6.6243,1
83.318,33,3,1504,1501,-0.41,1.11,2.8130,4.0138,6.6243,1
83.337,33,4,1506,1502,-0.41,1.11,2.8130,4.0138,6.6243,1
83.354,32,4,1503,1500,-0.41,1.11,2.8130,4.0138,6.6243,1
83.372,31,4,1503,1500,-0.41,1.11,2.8130,4.0138,6.6243,1
83.389,31,2,1506,1497,-0.41,1.11,2.8130,4.0138,6.6243,1
83.407,30,2,1503,1500,-0.41,1.11,2.8130,4.0138,6.6243,1
83.424,30,2,1506,1500,-0.41,1.11,2.8130,4.0138,6.6243,1
83.442,29,1,1503,1499,-0.23,1.17,2.8130,4.0138,6.6243,1
83.460,29,1,1505,1500,-0.23,1.17,2.8130,4.0138,6.6243,1
83.478,28,2,1505,1500,-0.23,1.17,2.8130,4.0138,6.6243,1
83.498,28,2,1503,1501,-0.23,1.17,2.8440,4.2295,8.7989,1
83.517,28,2,1505,1500,-0.23,1.17,2.8440,4.2295,8.7989,1
83.535,27,3,1502,1502,-0.23,1.17,2.8440,4.2295,8.7989,1
83.553,27,3,1505,1500,-0.23,1.17,2.8440,4.2295,8.7989,1
83.571,27,3,1505,1500,-0.23,1.17,2.8440,4.2295,8.7989,1
83.589,27,4,1505,1502,-0.23,1.17,2.8440,4.2295,8.7989,1
83.608,27,4,1505,1500,-0.23,1.17,2.8440,4.2295,8.7989,1
83.627,27,4,1505,1500,-0.23,1.17,2.8440,4.2295,8.7989,1
83.644,26,3,1502,1499,-0.23,1.17,2.8440,4.2295,8.7989,1
83.661,26,3,1505,1500,-0.23,1.17,2.8440,4.2295,8.7989,1
83.679,25,4,1502,1502,-0.23,1.17,2.8440,4.2295,8.7989,1
83.697,25,4,1505,1500,-0.41,1.51,2.8440,4.2295,8.7989,1
83.714,24,4,1502,1500,-0.41,1.51,2.8440,4.2295,8.7989,1
83.732,24,4,1505,1500,-0.41,1.51,2.8440,4.2295,8.7989,1
83.750,23,5,1502,1502,-0.41,1.51,2.4608,4.9408,4.7879,1
83.768,23,5,1504,1500,-0.41,1.51,2.4608,4.9408,4.7879,1
83.786,23,5,1504,1500,-0.41,1.51,2.4608,4.9408,4.7879,1
83.803,24,5,1507,1500,-0.41,1.51,2.4608,4.9408,4.7879,1
83.820,24,5,1505,1500,-0.41,1.51,2.4608,4.9408,4.7879,1
83.837,25,5,1508,1500,-0.41,1.51,2.4608,4.9408,4.7879,1
83.855,26,6,1508,1502,-0.41,1.51,2.4608,4.9408,4.7879,1
83.873,27,6,1508,1500,-0.41,1.51,2.4608,4.9408,4.7879,1
83.894,29,6,1511,1500,-0.41,1.51,2.4608,4.9408,4.7879,1
83.911,32,6,1514,1500,-0.41,1.51,2.4608,4.9408,4.7879,1
83.929,32,6,1506,1500,-0.41,1.51,2.4608,4.9408,4.7879,1
83.948,34,7,1512,1502,-0.79,2.31,2.4608,4.9408,4.7879,1
83.965,36,6,1512,1500,-0.79,2.31,2.4608,4.9408,4.7879,1
83.984,41,7,1521,1502,-0.79,2.31,2.4608,4.9408,4.7879,1
84.002,43,7,1514,1500,-0.79,2.31,2.5626,5.2219,7.3063,1
84.020,46,7,1517,1500,-0.79,2.31,2.5626,5.2219,7.3063,1
84.037,48,7,1515,1500,-0.79,2.31,2.5626,5.2219,7.3063,1
84.055,51,7,1518,1500,-0.79,2.31,2.5626,5.2219,7.3063,1
84.073,53,7,1516,1500,-0.79,2.31,2.5626,5.2219,7.3063,1
84.091,56,7,1519,1500,-0.79,2.31,2.5626,5.2219,7.3063,1
84.109,61,7,1526,1500,-0.79,2.31,2.5626,5.2219,7.3063,0
84.127,61,7,1512,1500,-0.79,2.31,2.5626,5.2219,7.3063,0
84.146,66,9,1526,1504,-0.79,2.31,2.5626,5.2219,7.3063,0
84.163,66,9,1513,1500,-0.79,2.31,2.5626,5.2219,7.3063,0
84.180,69,9,1522,1500,-0.79,2.31,2.5626,5.2219,7.3063,0
84.198,71,9,1520,1500,-0.94,3.04,2.5626,5.2219,7.3063,0
84.216,72,8,1517,1500,-0.94,3.04,2.5626,5.2219,7.3063,0
84.235,73,8,1517,1500,-0.94,3.04,2.5626,5.2219,7.3063,0
84.254,75,9,1520,1502,-0.94,3.04,2.8104,3.6439,7.8741,0
84.271,75,9,1515,1500,-0.94,3.04,2.8104,3.6439,7.8741,0
84.288,76,8,1518,1500,-0.94,3.04,2.8104,3.6439,7.8741,0
84.306,75,8,1512,1500,-0.94,3.04,2.8104,3.6439,7.8741,0
84.324,75,8,1515,1500,-0.94,3.04,2.8104,3.6439,7.8741,0
84.342,73,9,1509,1502,-0.94,3.04,2.8104,3.6439,7.8741,0
84.359,73,9,1514,1500,-0.94,3.04,2.8104,3.6439,7.8741,0
84.378,70,8,1505,1500,-0.94,3.04,2.8104,3.6439,7.8741,0
84.395,69,7,1511,1499,-0.94,3.04,2.8104,3.6439,7.8741,0
84.413,68,7,1511,1500,-0.94,3.04,2.8104,3.6439,7.8741,0
84.432,68,7,1513,1500,-0.47,2.14,2.8104,3.6439,7.8741,0
84.449,68,8,1513,1502,-0.47,2.14,2.8104,3.6439,7.8741,0
84.469,67,8,1511,1500,-0.47,2.14,2.8104,3.6439,7.8741,0
84.486,67,8,1513,1500,-0.47,2.14,2.8104,3.6439,7.8741,0
84.504,66,7,1510,1500,-0.47,2.14,2.6284,4.4102,6.7173,0
84.522,66,7,1513,1500,-0.47,2.14,2.6284,4.4102,6.7173,0
84.540,66,7,1513,1500,-0.47,2.14,2.6284,4.4102,6.7173,0
84.558,66,6,1513,1499,-0.47,2.14,2.6284,4.4102,6.7173,0
84.576,67,5,1516,1499,-0.47,2.14,2.6284,4.4102,6.7173,0
84.594,67,5,1513,1500,-0.47,2.14,2.6284,4.4102,6.7173,0
84.612,67,5,1513,1500,-0.47,2.14,2.6284,4.4102,6.7173,0
84.629,68,5,1516,1500,-0.47,2.14,2.6284,4.4102,6.7173,0
84.647,69,5,1516,1500,-0.47,2.14,2.6284,4.4102,6.7173,0
84.664,70,6,1517,1502,-0.47,2.14,2.6284,4.4102,6.7173,0
84.682,72,5,1520,1499,-0.58,1.87,2.6284,4.4102,6.7173,0
84.699,72,5,1514,1500,-0.58,1.87,2.6284,4.4102,6.7173,0
84.719,74,5,1520,1500,-0.58,1.87,2.6284,4.4102,6.7173,0
84.738,76,6,1520,1502,-0.58,1.87,2.6284,4.4102,6.7173,0
84.755,77,6,1518,1500,-0.58,1.87,2.6263,4.8115,7.4374,0
84.772,78,6,1518,1500,-0.58,1.87,2.6263,4.8115,7.4374,0
84.790,78,5,1515,1499,-0.58,1.87,2.6263,4.8115,7.4374,0
84.807,79,5,1518,1500,-0.58,1.87,2.6263,4.8115,7.4374,0
84.824,79,4,1516,1499,-0.58,1.87,2.6263,4.8115,7.4374,0
84.842,79,5,1516,1500,-0.58,1.87,2.6263,4.8115,7.4374,0
84.860,79,4,1516,1500,-0.58,1.87,2.6263,4.8115,7.4374,0
84.878,80,4,1518,1500,-0.58,1.87,2.6263,4.8115,7.4374,0
84.895,80,5,1516,1502,-0.58,1.87,2.6263,4.8115,7.4374,0
84.912,80,4,1516,1499,-0.58,1.87,2.6263,4.8115,7.4374,0
84.929,80,4,1516,1500,-0.42,1.76,2.6263,4.8115,7.4374,0
84.947,80,5,1516,1502,-0.42,1.76,2.6263,4.8115,7.4374,0
84.968,80,4,1516,1499,-0.42,1.76,2.6263,4.8115,7.4374,0
84.987,79,4,1513,1500,-0.42,1.76,2.6263,4.8115,7.4374,0
85.005,79,3,1516,1499,-0.42,1.76,2.7249,4.4928,7.9007,0
85.024,77,2,1510,1499,-0.42,1.76,2.7249,4.4928,7.9007,0
85.041,75,3,1509,1502,-0.42,1.76,2.7249,4.4928,7.9007,0
85.059,74,3,1512,1500,-0.42,1.76,2.7249,4.4928,7.9007,0
85.076,73,3,1511,1500,-0.42,1.76,2.7249,4.4928,7.9007,0
85.094,72,3,1511,1500,-0.42,1.76,2.7249,4.4928,7.9007,0
85.111,71,4,1511,1502,-0.42,1.76,2.7249,4.4928,7.9007,0
85.129,71,3,1514,1499,-0.42,1.76,2.7249,4.4928,7.9007,0
85.146,70,2,1511,1499,-0.42,1.76,2.7249,4.4928,7.9007,0
85.164,70,3,1514,1502,-0.42,1.76,2.7249,4.4928,7.9007,0
85.183,70,2,1514,1499,-0.39,1.56,2.7249,4.4928,7.9007,0
85.200,70,2,1514,1500,-0.39,1.56,2.7249,4.4928,7.9007,0
85.220,70,3,1514,1502,-0.39,1.56,2.7249,4.4928,7.9007,0
85.237,71,3,1516,1500,-0.39,1.56,2.7249,4.4928,7.9007,0
85.255,71,3,1514,1500,-0.39,1.56,2.9041,6.9088,10.1196,0
85.273,72,2,1517,1499,-0.39,1.56,2.9041,6.9088,10.1196,0
85.290,72,2,1514,1500,-0.39,1.56,2.9041,6.9088,10.1196,0
85.307,73,2,1517,1500,-0.39,1.56,2.9041,6.9088,10.1196,0
85.324,74,2,1517,1500,-0.39,1.56,2.9041,6.9088,10.1196,0
85.342,76,1,1517,1499,-0.39,1.56,2.9041,6.9088,10.1196,0
85.360,77,1,1521,1500,-0.39,1.56,2.9041,6.9088,10.1196,0
85.378,78,1,1518,1500,-0.39,1.56,2.9041,6.9088,10.1196,0
85.396,78,1,1515,1500,-0.39,1.56,2.9041,6.9088,10.1196,0
85.413,80,1,1521,1500,-0.39,1.56,2.9041,6.9088,10.1196,0
85.433,81,1,1519,1500,-0.24,1.59,2.9041,6.9088,10.1196,0
85.451,81,1,1516,1500,-0.24,1.59,2.9041,6.9088,10.1196,0
85.470,81,1,1516,1500,-0.24,1.59,2.9041,6.9088,10.1196,0
85.490,82,0,1519,1499,-0.24,1.59,2.7292,7.8968,8.8555,0
85.507,83,1,1519,1501,-0.24,1.59,2.7292,7.8968,8.8555,0
85.526,84,0,1519,1499,-0.24,1.59,2.7292,7.8968,8.8555,0
85.544,85,0,1519,1500,-0.24,1.59,2.7292,7.8968,8.8555,0
85.562,85,0,1517,1500,-0.24,1.59,2.7292,7.8968,8.8555,0
85.580,86,0,1520,1500,-0.24,1.59,2.7292,7.8968,8.8555,0
85.597,87,0,1520,1500,-0.24,1.59,2.7292,7.8968,8.8555,0
85.615,88,0,1520,1500,-0.24,1.59,2.7292,7.8968,8.8555,0
85.633,88,0,1517,1500,-0.24,1.59,2.7292,7.8968,8.8555,0
85.655,89,-1,1520,1499,-0.24,1.59,2.7292,7.8968,8.8555,0
85.672,90,-1,1520,1500,-0.24,1.59,2.7292,7.8968,8.8555,0
85.698,90,-1,1518,1500,0.14,1.81,2.7292,7.8968,8.8555,0
85.716,91,-1,1521,1500,0.14,1.81,2.7292,7.8968,8.8555,0
85.733,92,-1,1521,1500,0.14,1.81,2.7292,7.8968,8.8555,0
85.751,93,-1,1521,1500,0.14,1.81,2.5796,6.1986,5.6681,0
85.768,95,-1,1525,1500,0.14,1.81,2.5796,6.1986,5.6681,0
85.786,96,-2,1522,1499,0.14,1.81,2.5796,6.1986,5.6681,0
85.803,97,-2,1522,1500,0.14,1.81,2.5796,6.1986,5.6681,0
85.821,98,-2,1522,1500,0.14,1.81,2.5796,6.1986,5.6681,0
85.840,99,-3,1522,1499,0.14,1.81,2.5796,6.1986,5.6681,0
85.858,101,-3,1525,1500,0.14,1.81,2.5796,6.1986,5.6681,0
85.876,101,-3,1520,1500,0.14,1.81,2.5796,6.1986,5.6681,0
85.893,102,-3,1523,1500,0.14,1.81,2.5796,6.1986,5.6681,0
85.911,102,-3,1520,1500,0.14,1.81,2.5796,6.1986,5.6681,0
85.929,104,-3,1526,1500,0.31,1.67,2.5796,6.1986,5.6681,0
85.946,104,-3,1521,1500,0.31,1.67,2.5796,6.1986,5.6681,0
85.963,105,-3,1524,1500,0.31,1.67,2.5796,6.1986,5.6681,0
85.981,106,-4,1524,1498,0.31,1.67,2.5796,6.1986,5.6681,0
85.998,107,-4,1524,1500,0.31,1.67,2.6384,6.2219,8.3854,0
86.016,109,-4,1527,1500,0.31,1.67,2.6384,6.2219,8.3854,0
86.034,111,-4,1527,1500,0.31,1.67,2.6384,6.2219,8.3854,0
86.051,112,-5,1525,1498,0.31,1.67,2.6384,6.2219,8.3854,0
86.068,114,-4,1528,1501,0.31,1.67,2.6384,6.2219,8.3854,0
86.085,115,-5,1526,1498,0.31,1.67,2.6384,6.2219,8.3854,0
86.103,116,-6,1526,1498,0.31,1.67,2.6384,6.2219,8.3854,0
86.120,117,-7,1526,1498,0.31,1.67,2.6384,6.2219,8.3854,0
86.137,118,-7,1526,1500,0.31,1.67,2.6384,6.2219,8.3854,0
86.154,119,-7,1526,1500,0.31,1.67,2.6384,6.2219,8.3854,0
86.172,120,-7,1526,1500,0.31,1.67,2.6384,6.2219,8.3854,0
86.190,120,-7,1524,1500,0.36,1.51,2.6384,6.2219,8.3854,0
86.208,121,-7,1527,1500,0.36,1.51,2.6384,6.2219,8.3854,0
86.226,121,-6,1524,1501,0.36,1.51,2.6384,6.2219,8.3854,0
86.244,121,-6,1524,1500,0.36,1.51,2.8184,4.5122,6.8541,0
86.261,120,-7,1521,1498,0.36,1.51,2.8184,4.5122,6.8541,0
86.280,120,-8,1524,1498,0.36,1.51,2.8184,4.5122,6.8541,0
86.298,118,-8,1518,1500,0.36,1.51,2.8184,4.5122,6.8541,0
86.315,118,-8,1523,1500,0.36,1.51,2.8184,4.5122,6.8541,0
86.332,118,-8,1523,1500,0.36,1.51,2.8184,4.5122,6.8541,0
86.350,118,-8,1523,1500,0.36,1.51,2.8184,4.5122,6.8541,0
86.367,116,-9,1517,1498,0.36,1.51,2.8184,4.5122,6.8541,0
86.385,116,-9,1523,1500,0.36,1.51,2.8184,4.5122,6.8541,0
86.405,115,-10,1520,1498,0.36,1.51,2.8184,4.5122,6.8541,0
86.422,115,-10,1523,1500,0.36,1.51,2.8184,4.5122,6.8541,0
86.440,114,-10,1520,1500,0.32,0.85,2.8184,4.5122,6.8541,0
86.458,113,-11,1519,1498,0.32,0.85,2.8184,4.5122,6.8541,0
86.476,113,-10,1522,1500,0.32,0.85,2.8184,4.5122,6.8541,0
86.493,112,-11,1519,1498,0.32,0.85,2.8327,4.6110,8.4708,0
86.511,111,-11,1519,1499,0.32,0.85,2.8327,4.6110,8.4708,0
86.530,110,-11,1519,1499,0.32,0.85,2.8327,4.6110,8.4708,0
86.547,109,-11,1519,1499,0.32,0.85,2.8327,4.6110,8.4708,0
86.565,108,-11,1518,1499,0.32,0.85,2.8327,4.6110,8.4708,0
86.582,107,-11,1518,1499,0.32,0.85,2.8327,4.6110,8.4708,0
86.601,107,-11,1521,1499,0.32,0.85,2.8327,4.6110,8.4708,0
86.618,106,-11,1518,1499,0.32,0.85,2.8327,4.6110,8.4708,0
86.636,105,-12,1518,1498,0.32,0.85,2.8327,4.6110,8.4708,0
86.653,104,-12,1518,1499,0.32,0.85,2.8327,4.6110,8.4708,0
86.671,103,-12,1517,1499,0.32,0.85,2.8327,4.6110,8.4708,0
86.688,102,-13,1517,1497,-0.07,0.57,2.8327,4.6110,8.4708,0
86.706,101,-12,1517,1500,-0.07,0.57,2.8327,4.6110,8.4708,0
86.723,101,-13,1520,1497,-0.07,0.57,2.8327,4.6110,8.4708,0
86.740,101,-13,1520,1499,-0.07,0.57,2.7520,4.7931,8.8464,0
86.758,100,-13,1517,1499,-0.07,0.57,2.7520,4.7931,8.8464,0
86.775,100,-14,1520,1497,-0.07,0.57,2.7520,4.7931,8.8464,0
86.793,99,-15,1517,1497,-0.07,0.57,2.7520,4.7931,8.8464,0
86.810,99,-15,1520,1499,-0.07,0.57,2.7520,4.7931,8.8464,0
86.827,99,-15,1520,1499,-0.07,0.57,2.7520,4.7931,8.8464,0
86.844,100,-16,1523,1497,-0.07,0.57,2.7520,4.7931,8.8464,0
86.861,100,-16,1520,1499,-0.07,0.57,2.7520,4.7931,8.8464,0
86.880,100,-16,1520,1499,-0.07,0.57,2.7520,4.7931,8.8464,0
86.900,100,-16,1520,1499,-0.07,0.57,2.7520,4.7931,8.8464,0
86.918,100,-16,1520,1499,-0.07,0.57,2.7520,4.7931,8.8464,0
86.938,100,-16,1520,1499,-0.10,0.21,2.7520,4.7931,8.8464,0
86.957,100,-16,1520,1499,-0.10,0.21,2.7520,4.7931,8.8464,0
86.974,100,-15,1520,1500,-0.10,0.21,2.7520,4.7931,8.8464,0
86.992,100,-16,1520,1497,-0.10,0.21,2.7336,4.9619,9.8587,0
87.011,100,-15,1520,1500,-0.10,0.21,2.7336,4.9619,9.8587,0
87.028,99,-15,1517,1499,-0.10,0.21,2.7336,4.9619,9.8587,0
87.046,99,-15,1520,1499,-0.10,0.21,2.7336,4.9619,9.8587,0
87.064,99,-16,1520,1497,-0.10,0.21,2.7336,4.9619,9.8587,0
87.082,99,-15,1520,1500,-0.10,0.21,2.7336,4.9619,9.8587,0
87.100,99,-16,1520,1497,-0.10,0.21,2.7336,4.9619,9.8587,0
87.120,98,-16,1517,1499,-0.10,0.21,2.7336,4.9619,9.8587,0
87.138,98,-16,1519,1499,-0.10,0.21,2.7336,4.9619,9.8587,0
87.157,97,-16,1516,1499,-0.10,0.21,2.7336,4.9619,9.8587,0
87.174,97,-17,1519,1497,-0.10,0.21,2.7336,4.9619,9.8587,0
87.191,96,-17,1516,1499,-0.02,0.28,2.7336,4.9619,9.8587,0
87.209,96,-18,1519,1497,-0.02,0.28,2.7336,4.9619,9.8587,0
87.226,95,-18,1516,1499,-0.02,0.28,2.7336,4.9619,9.8587,0
87.244,95,-18,1519,1499,-0.02,0.28,2.7783,4.4068,8.9879,0
87.261,95,-18,1519,1499,-0.02,0.28,2.7783,4.4068,8.9879,0
87.278,95,-18,1519,1499,-0.02,0.28,2.7783,4.4068,8.9879,0
87.296,95,-18,1519,1499,-0.02,0.28,2.7783,4.4068,8.9879,0
87.313,95,-17,1519,1500,-0.02,0.28,2.7783,4.4068,8.9879,0
87.330,95,-17,1519,1499,-0.02,0.28,2.7783,4.4068,8.9879,0
87.348,96,-17,1522,1499,-0.02,0.28,2.7783,4.4068,8.9879,0
87.365,96,-18,1519,1497,-0.02,0.28,2.7783,4.4068,8.9879,0
87.383,96,-19,1519,1497,-0.02,0.28,2.7783,4.4068,8.9879,0
87.403,96,-19,1519,1499,-0.02,0.28,2.7783,4.4068,8.9879,0
87.422,95,-18,1516,1500,-0.02,0.28,2.7783,4.4068,8.9879,0
87.439,95,-17,1519,1500,0.51,0.21,2.7783,4.4068,8.9879,0
87.457,95,-17,1519,1499,0.51,0.21,2.7783,4.4068,8.9879,0
87.476,94,-17,1516,1499,0.51,0.21,2.7783,4.4068,8.9879,0
87.493,93,-18,1515,1497,0.51,0.21,2.8274,4.0477,7.6618,0
87.511,91,-17,1512,1500,0.51,0.21,2.8274,4.0477,7.6618,0
87.529,89,-17,1512,1499,0.51,0.21,2.8274,4.0477,7.6618,0
87.546,87,-18,1511,1497,0.51,0.21,2.8274,4.0477,7.6618,0
87.563,85,-18,1511,1499,0.51,0.21,2.8274,4.0477,7.6618,0
87.580,83,-18,1510,1499,0.51,0.21,2.8274,4.0477,7.6618,0
87.598,81,-18,1510,1499,0.51,0.21,2.8274,4.0477,7.6618,0
87.615,78,-17,1507,1500,0.51,0.21,2.8274,4.0477,7.6618,0
87.632,76,-17,1509,1499,0.51,0.21,2.8274,4.0477,7.6618,0
87.650,74,-18,1509,1497,0.51,0.21,2.8274,4.0477,7.6618,0
87.667,74,-18,1515,1499,0.51,0.21,2.8274,4.0477,7.6618,0
87.684,71,-19,1505,1497,0.51,0.39,2.8274,4.0477,7.6618,0
87.703,66,-19,1500,1499,0.51,0.39,2.8274,4.0477,7.6618,0
87.720,63,-19,1504,1499,0.51,0.39,2.8274,4.0477,7.6618,0
87.737,63,-19,1512,1499,0.51,0.39,2.7937,4.4105,8.5936,0
87.754,61,-19,1506,1499,0.51,0.39,2.7937,4.4105,8.5936,0
87.771,58,-18,1503,1500,0.51,0.39,2.7937,4.4105,8.5936,1
87.793,51,-18,1494,1499,0.51,0.39,2.7937,4.4105,8.5936,1
87.812,48,-18,1501,1499,0.51,0.39,2.7937,4.4105,8.5936,1
87.830,44,-17,1499,1500,0.51,0.39,2.7937,4.4105,8.5936,1
87.847,41,-17,1500,1499,0.51,0.39,2.7937,4.4105,8.5936,1
87.864,39,-17,1502,1499,0.51,0.39,2.7937,4.4105,8.5936,1
87.882,37,-18,1501,1497,0.51,0.39,2.7937,4.4105,8.5936,1
87.899,35,-18,1501,1499,0.51,0.39,2.7937,4.4105,8.5936,1
87.916,35,-18,1507,1499,0.51,0.39,2.7937,4.4105,8.5936,1
87.934,35,-18,1507,1499,0.19,0.59,2.7937,4.4105,8.5936,1
87.951,33,-18,1501,1499,0.19,0.59,2.7937,4.4105,8.5936,1
87.972,31,-19,1501,1497,0.19,0.59,2.7937,4.4105,8.5936,1
87.992,30,-19,1503,1498,0.19,0.59,3.2065,4.4492,9.8562,1
88.011,28,-19,1500,1498,0.19,0.59,3.2065,4.4492,9.8562,1
88.028,27,-20,1502,1497,0.19,0.59,3.2065,4.4492,9.8562,1
88.046,24,-19,1497,1500,0.19,0.59,3.2065,4.4492,9.8562,1
88.063,23,-19,1501,1498,0.19,0.59,3.2065,4.4492,9.8562,1
88.081,21,-19,1499,1498,0.19,0.59,3.2065,4.4492,9.8562,1
88.098,19,-19,1499,1498,0.19,0.59,3.2065,4.4492,9.8562,1
88.117,17,-19,1499,1498,0.19,0.59,3.2065,4.4492,9.8562,1
88.134,16,-18,1500,1500,0.19,0.59,3.2065,4.4492,9.8562,1
88.152,12,-18,1491,1499,0.19,0.59,3.2065,4.4492,9.8562,1
88.170,10,-18,1497,1499,0.19,0.59,3.2065,4.4492,9.8562,1
88.187,8,-18,1497,1499,-0.61,0.65,3.2065,4.4492,9.8562,1
88.204,6,-19,1496,1497,-0.61,0.65,3.2065,4.4492,9.8562,1
88.222,4,-18,1496,1500,-0.61,0.65,3.2065,4.4492,9.8562,1
88.240,3,-18,1499,1499,-0.61,0.65,2.6141,4.8216,9.5398,1
88.259,1,-18,1495,1499,-0.61,0.65,2.6141,4.8216,9.5398,1
88.276,1,-17,1500,1500,-0.61,0.65,2.6141,4.8216,9.5398,1
88.294,0,-18,1498,1497,-0.61,0.65,2.6141,4.8216,9.5398,1
88.312,-1,-17,1498,1500,-0.61,0.65,2.6141,4.8216,9.5398,1
88.330,-2,-18,1498,1497,-0.61,0.65,2.6141,4.8216,9.5398,1
88.347,-1,-17,1502,1500,-0.61,0.65,2.6141,4.8216,9.5398,1
88.365,-1,-18,1500,1497,-0.61,0.65,2.6141,4.8216,9.5398,1
88.383,-1,-18,1500,1499,-0.61,0.65,2.6141,4.8216,9.5398,1
88.400,-1,-18,1500,1499,-0.61,0.65,2.6141,4.8216,9.5398,1
88.417,0,-18,1503,1499,-0.61,0.65,2.6141,4.8216,9.5398,1
88.434,0,-18,1500,1499,-1.34,0.36,2.6141,4.8216,9.5398,1
88.452,0,-17,1500,1500,-1.34,0.36,2.6141,4.8216,9.5398,1
88.472,-1,-17,1498,1499,-1.34,0.36,2.6141,4.8216,9.5398,1
88.494,0,-17,1502,1499,-1.34,0.36,2.5017,4.7563,5.1773,1
88.511,0,-17,1500,1499,-1.34,0.36,2.5017,4.7563,5.1773,1
88.534,0,-18,1500,1497,-1.34,0.36,2.5017,4.7563,5.1773,1
88.551,1,-19,1503,1497,-1.34,0.36,2.5017,4.7563,5.1773,1
88.569,2,-19,1503,1498,-1.34,0.36,2.5017,4.7563,5.1773,1
88.586,2,-18,1500,1500,-1.34,0.36,2.5017,4.7563,5.1773,1
88.604,3,-18,1503,1499,-1.34,0.36,2.5017,4.7563,5.1773,1
88.621,3,-18,1500,1499,-1.34,0.36,2.5017,4.7563,5.1773,1
88.639,4,-18,1503,1499,-1.34,0.36,2.5017,4.7563,5.1773,1
88.656,4,-18,1501,1499,-1.34,0.36,2.5017,4.7563,5.1773,1
88.675,5,-17,1503,1500,-1.57,0.84,2.5017,4.7563,5.1773,1
88.693,6,-17,1504,1499,-1.57,0.84,2.5017,4.7563,5.1773,1
88.712,6,-17,1501,1499,-1.57,0.84,2.5017,4.7563,5.1773,1
88.729,7,-18,1504,1497,-1.57,0.84,2.5017,4.7563,5.1773,1
88.746,7,-18,1501,1499,-1.57,0.84,2.7116,4.3442,6.8499,1
88.763,7,-17,1501,1500,-1.57,0.84,2.7116,4.3442,6.8499,1
88.783,6,-17,1499,1499,-1.57,0.84,2.7116,4.3442,6.8499,1
88.801,6,-18,1501,1497,-1.57,0.84,2.7116,4.3442,6.8499,1
88.818,6,-18,1501,1499,-1.57,0.84,2.7116,4.3442,6.8499,1
88.836,6,-17,1501,1500,-1.57,0.84,2.7116,4.3442,6.8499,1
88.854,6,-18,1501,1497,-1.57,0.84,2.7116,4.3442,6.8499,1
88.871,6,-19,1501,1497,-1.57,0.84,2.7116,4.3442,6.8499,1
88.888,6,-19,1501,1498,-1.57,0.84,2.7116,4.3442,6.8499,1
88.905,6,-19,1501,1498,-1.57,0.84,2.7116,4.3442,6.8499,1
88.922,6,-18,1501,1500,-1.12,0.46,2.7116,4.3442,6.8499,1
88.940,5,-17,1499,1500,-1.12,0.46,2.7116,4.3442,6.8499,1
88.957,5,-17,1501,1499,-1.12,0.46,2.7116,4.3442,6.8499,1
88.975,5,-18,1501,1497,-1.12,0.46,2.7116,4.3442,6.8499,1
88.992,5,-18,1501,1499,-1.12,0.46,2.7078,3.9913,7.9325,1
89.009,4,-18,1499,1499,-1.12,0.46,2.7078,3.9913,7.9325,1
89.027,3,-17,1498,1500,-1.12,0.46,2.7078,3.9913,7.9325,1
89.044,3,-17,1500,1499,-1.12,0.46,2.7078,3.9913,7.9325,1
89.063,2,-16,1498,1500,-1.12,0.46,2.7078,3.9913,7.9325,1
89.081,2,-16,1500,1499,-1.12,0.46,2.7078,3.9913,7.9325,1
89.098,1,-17,1498,1497,-1.12,0.46,2.7078,3.9913,7.9325,1
89.116,-1,-18,1495,1497,-1.12,0.46,2.7078,3.9913,7.9325,1
89.134,-5,-18,1488,1499,-1.12,0.46,2.7078,3.9913,7.9325,1
89.151,-7,-18,1494,1499,-1.12,0.46,2.7078,3.9913,7.9325,1
89.169,-9,-18,1493,1499,-1.12,0.46,2.7078,3.9913,7.9325,1
89.187,-12,-17,1490,1500,-0.56,0.07,2.7078,3.9913,7.9325,1
89.204,-14,-18,1492,1497,-0.56,0.07,2.7078,3.9913,7.9325,1
89.222,-17,-17,1489,1500,-0.56,0.07,2.7078,3.9913,7.9325,1
89.239,-19,-17,1491,1499,-0.56,0.07,2.7768,4.8145,6.8719,1
89.257,-21,-17,1491,1499,-0.56,0.07,2.7768,4.8145,6.8719,1
89.274,-26,-17,1481,1499,-0.56,0.07,2.7768,4.8145,6.8719,1
89.294,-27,-16,1493,1500,-0.56,0.07,2.7768,4.8145,6.8719,1
89.311,-29,-16,1490,1499,-0.56,0.07,2.7768,4.8145,6.8719,1
89.329,-31,-16,1489,1499,-0.56,0.07,2.7768,4.8145,6.8719,1
89.346,-32,-16,1491,1499,-0.56,0.07,2.7768,4.8145,6.8719,1
89.363,-33,-16,1491,1499,-0.56,0.07,2.7768,4.8145,6.8719,1
89.380,-35,-16,1488,1499,-0.56,0.07,2.7768,4.8145,6.8719,1
89.399,-36,-17,1491,1497,-0.56,0.07,2.7768,4.8145,6.8719,1
89.417,-37,-17,1490,1499,-0.56,0.07,2.7768,4.8145,6.8719,1
89.435,-38,-18,1490,1497,-0.35,0.42,2.7768,4.8145,6.8719,1
89.454,-38,-18,1493,1499,-0.35,0.42,2.7768,4.8145,6.8719,1
89.472,-39,-18,1490,1499,-0.35,0.42,2.7768,4.8145,6.8719,1
89.492,-40,-17,1490,1500,-0.35,0.42,2.7948,5.2246,8.9266,1
89.511,-41,-15,1489,1501,-0.35,0.42,2.7948,5.2246,8.9266,1
89.528,-41,-15,1492,1499,-0.35,0.42,2.7948,5.2246,8.9266,1
89.547,-41,-15,1492,1499,-0.35,0.42,2.7948,5.2246,8.9266,1
89.564,-41,-15,1492,1499,-0.35,0.42,2.7948,5.2246,8.9266,1
89.582,-42,-15,1489,1499,-0.35,0.42,2.7948,5.2246,8.9266,1
89.600,-42,-15,1492,1499,-0.35,0.42,2.7948,5.2246,8.9266,1
89.619,-43,-15,1489,1499,-0.35,0.42,2.7948,5.2246,8.9266,1
89.637,-44,-15,1489,1499,-0.35,0.42,2.7948,5.2246,8.9266,1
89.655,-44,-15,1492,1499,-0.35,0.42,2.7948,5.2246,8.9266,1
89.673,-44,-15,1492,1499,-0.59,0.46,2.7948,5.2246,8.9266,1
89.690,-44,-15,1492,1499,-0.59,0.46,2.7948,5.2246,8.9266,1
89.709,-43,-16,1495,1497,-0.59,0.46,2.7948,5.2246,8.9266,1
89.727,-43,-15,1492,1500,-0.59,0.46,2.7948,5.2246,8.9266,1
89.746,-43,-16,1492,1497,-0.59,0.46,2.6521,5.7158,8.3629,1
89.763,-42,-14,1495,1501,-0.59,0.46,2.6521,5.7158,8.3629,1
89.780,-41,-14,1495,1499,-0.59,0.46,2.6521,5.7158,8.3629,1
89.798,-41,-14,1492,1499,-0.59,0.46,2.6521,5.7158,8.3629,1
89.815,-40,-14,1495,1499,-0.59,0.46,2.6521,5.7158,8.3629,1
89.833,-38,-14,1498,1499,-0.59,0.46,2.6521,5.7158,8.3629,1
89.851,-37,-14,1496,1499,-0.59,0.46,2.6521,5.7158,8.3629,1
89.868,-35,-14,1499,1499,-0.59,0.46,2.6521,5.7158,8.3629,1
89.886,-34,-14,1496,1499,-0.59,0.46,2.6521,5.7158,8.3629,1
89.903,-33,-16,1497,1495,-0.59,0.46,2.6521,5.7158,8.3629,1
89.921,-33,-16,1494,1499,-1.15,1.00,2.6521,5.7158,8.3629,1
89.939,-31,-15,1500,1500,-1.15,1.00,2.6521,5.7158,8.3629,1
89.957,-30,-15,1497,1499,-1.15,1.00,2.6521,5.7158,8.3629,1
89.974,-28,-14,1500,1500,-1.15,1.00,2.6521,5.7158,8.3629,1
89.993,-27,-14,1498,1499,-1.15,1.00,2.7019,5.8089,9.1630,1
90.012,-23,-14,1505,1499,-1.15,1.00,2.7019,5.8089,9.1630,1
90.030,-21,-13,1501,1500,-1.15,1.00,2.7019,5.8089,9.1630,1
90.048,-19,-14,1501,1497,-1.15,1.00,2.7019,5.8089,9.1630,1
90.066,-17,-13,1501,1500,-1.15,1.00,2.7019,5.8089,9.1630,1
90.084,-16,-13,1500,1499,-1.15,1.00,2.7019,5.8089,9.1630,1
90.101,-14,-14,1502,1497,-1.15,1.00,2.7019,5.8089,9.1630,1
90.118,-13,-13,1500,1500,-1.15,1.00,2.7019,5.8089,9.1630,1
90.135,-12,-14,1500,1497,-1.15,1.00,2.7019,5.8089,9.1630,1
90.153,-10,-14,1503,1499,-1.15,1.00,2.7019,5.8089,9.1630,1
90.170,-9,-13,1500,1500,-1.09,1.74,2.7019,5.8089,9.1630,1
90.189,-7,-13,1503,1499,-1.09,1.74,2.7019,5.8089,9.1630,1
90.213,-4,-13,1505,1499,-1.09,1.74,2.7019,5.8089,9.1630,1
90.231,-4,-13,1500,1499,-1.09,1.74,3.0222,4.4616,7.6303,1
90.250,0,-13,1511,1499,-1.09,1.74,3.0222,4.4616,7.6303,1
90.267,2,-14,1505,1497,-1.09,1.74,3.0222,4.4616,7.6303,1
90.284,3,-14,1503,1499,-1.09,1.74,3.0222,4.4616,7.6303,1
90.302,5,-14,1506,1499,-1.09,1.74,3.0222,4.4616,7.6303,1
90.320,7,-13,1507,1500,-1.09,1.74,3.0222,4.4616,7.6303,1
90.338,9,-13,1507,1499,-1.09,1.74,3.0222,4.4616,7.6303,1
90.356,12,-12,1510,1500,-1.09,1.74,3.0222,4.4616,7.6303,1
90.374,14,-12,1508,1499,-1.09,1.74,3.0222,4.4616,7.6303,1
90.392,15,-12,1505,1499,-1.09,1.74,3.0222,4.4616,7.6303,1
90.410,17,-13,1508,1497,-1.09,1.74,3.0222,4.4616,7.6303,1
90.429,17,-13,1503,1499,-0.10,1.45,3.0222,4.4616,7.6303,1
90.446,18,-13,1506,1499,-0.10,1.45,3.0222,4.4616,7.6303,1
90.464,20,-12,1509,1500,-0.10,1.45,3.0222,4.4616,7.6303,1
90.483,21,-11,1506,1500,-0.10,1.45,2.9179,4.3930,7.6552,1
90.500,23,-12,1510,1497,-0.10,1.45,2.9179,4.3930,7.6552,1
90.518,25,-12,1510,1499,-0.10,1.45,2.9179,4.3930,7.6552,1
90.535,27,-11,1511,1500,-0.10,1.45,2.9179,4.3930,7.6552,1
90.552,28,-11,1508,1499,-0.10,1.45,2.9179,4.3930,7.6552,1
90.570,29,-12,1508,1497,-0.10,1.45,2.9179,4.3930,7.6552,1
90.587,30,-12,1508,1499,-0.10,1.45,2.9179,4.3930,7.6552,1
90.605,30,-11,1505,1500,-0.10,1.45,2.9179,4.3930,7.6552,1
90.623,30,-12,1505,1498,-0.10,1.45,2.9179,4.3930,7.6552,1
90.641,30,-12,1505,1499,-0.10,1.45,2.9179,4.3930,7.6552,1
90.660,31,-11,1509,1500,-0.10,1.45,2.9179,4.3930,7.6552,1
90.680,32,-11,1508,1499,-0.07,1.33,2.9179,4.3930,7.6552,1
90.699,32,-11,1506,1499,-0.07,1.33,2.9179,4.3930,7.6552,1
90.719,33,-12,1506,1499,-0.07,1.33,2.9179,4.3930,7.6552,1
90.736,33,-12,1509,1498,-0.07,1.33,2.5536,4.3701,7.4213,1
90.753,33,-12,1506,1499,-0.07,1.33,2.5536,4.3701,7.4213,1
90.771,34,-13,1509,1497,-0.07,1.33,2.5536,4.3701,7.4213,1
90.789,34,-12,1506,1500,-0.07,1.33,2.5536,4.3701,7.4213,1
90.806,35,-11,1509,1500,-0.07,1.33,2.5536,4.3701,7.4213,1
90.824,36,-12,1510,1497,-0.07,1.33,2.5536,4.3701,7.4213,1
90.842,36,-12,1507,1499,-0.07,1.33,2.5536,4.3701,7.4213,1
90.859,37,-12,1510,1499,-0.07,1.33,2.5536,4.3701,7.4213,1
90.876,37,-11,1507,1500,-0.07,1.33,2.5536,4.3701,7.4213,1
90.893,37,-11,1507,1499,-0.07,1.33,2.5536,4.3701,7.4213,1
90.910,37,-11,1507,1499,-0.07,1.33,2.5536,4.3701,7.4213,1
90.931,36,-11,1504,1499,-0.18,1.12,2.5536,4.3701,7.4213,1
90.954,36,-11,1507,1499,-0.18,1.12,2.5536,4.3701,7.4213,1
90.972,36,-11,1507,1499,-0.18,1.12,2.5536,4.3701,7.4213,1
90.989,36,-11,1507,1499,-0.18,1.12,2.9584,4.0235,8.0252,1
91.007,37,-11,1510,1499,-0.18,1.12,2.9584,4.0235,8.0252,1
91.025,37,-11,1507,1499,-0.18,1.12,2.9584,4.0235,8.0252,1
91.043,37,-12,1507,1498,-0.18,1.12,2.9584,4.0235,8.0252,1
91.061,37,-11,1507,1500,-0.18,1.12,2.9584,4.0235,8.0252,1
91.080,38,-11,1510,1499,-0.18,1.12,2.9584,4.0235,8.0252,1
91.098,38,-11,1507,1499,-0.18,1.12,2.9584,4.0235,8.0252,1
91.116,38,-11,1507,1499,-0.18,1.12,2.9584,4.0235,8.0252,1
91.133,39,-11,1510,1499,-0.18,1.12,2.9584,4.0235,8.0252,1
91.151,39,-11,1507,1499,-0.18,1.12,2.9584,4.0235,8.0252,1
91.168,39,-11,1507,1499,-0.27,1.04,2.9584,4.0235,8.0252,1
91.185,39,-11,1507,1499,-0.27,1.04,2.9584,4.0235,8.0252,1
91.207,38,-12,1505,1498,-0.27,1.04,2.9584,4.0235,8.0252,1
91.224,38,-12,1507,1499,-0.27,1.04,2.9584,4.0235,8.0252,1
91.242,38,-12,1507,1499,-0.27,1.04,2.8878,3.7754,7.8066,1
91.259,38,-11,1507,1500,-0.27,1.04,2.8878,3.7754,7.8066,1
91.276,37,-11,1504,1499,-0.27,1.04,2.8878,3.7754,7.8066,1
91.294,36,-12,1504,1497,-0.27,1.04,2.8878,3.7754,7.8066,1
91.311,36,-12,1507,1499,-0.27,1.04,2.8878,3.7754,7.8066,1
91.329,36,-11,1507,1500,-0.27,1.04,2.8878,3.7754,7.8066,1
91.347,36,-11,1507,1499,-0.27,1.04,2.8878,3.7754,7.8066,1
91.367,36,-11,1507,1499,-0.27,1.04,2.8878,3.7754,7.8066,1
91.384,37,-11,1510,1499,-0.27,1.04,2.8878,3.7754,7.8066,1
91.404,37,-12,1507,1498,-0.27,1.04,2.8878,3.7754,7.8066,1
91.423,36,-13,1504,1497,-0.59,1.01,2.8878,3.7754,7.8066,1
91.442,36,-13,1507,1499,-0.59,1.01,2.8878,3.7754,7.8066,1
91.459,36,-12,1507,1500,-0.59,1.01,2.8878,3.7754,7.8066,1
91.478,34,-11,1501,1500,-0.59,1.01,2.7390,3.8876,7.0528,1
91.497,33,-11,1504,1499,-0.59,1.01,2.7390,3.8876,7.0528,1
91.518,31,-13,1500,1496,-0.59,1.01,2.7390,3.8876,7.0528,1
91.535,30,-13,1503,1499,-0.59,1.01,2.7390,3.8876,7.0528,1
91.552,26,-12,1494,1500,-0.59,1.01,2.7390,3.8876,7.0528,1
91.570,25,-12,1502,1499,-0.59,1.01,2.7390,3.8876,7.0528,1
91.589,23,-12,1500,1499,-0.59,1.01,2.7390,3.8876,7.0528,1
91.606,22,-12,1501,1499,-0.59,1.01,2.7390,3.8876,7.0528,1
91.624,20,-13,1499,1497,-0.59,1.01,2.7390,3.8876,7.0528,1
91.642,19,-12,1501,1500,-0.59,1.01,2.7390,3.8876,7.0528,1
91.661,18,-13,1501,1498,-0.59,1.01,2.7390,3.8876,7.0528,1
91.679,18,-13,1503,1499,-0.88,0.70,2.7390,3.8876,7.0528,1
91.696,18,-12,1503,1500,-0.88,0.70,2.7390,3.8876,7.0528,1
91.715,17,-13,1500,1497,-0.88,0.70,2.7390,3.8876,7.0528,1
91.733,17,-12,1503,1500,-0.88,0.70,2.6137,4.7255,5.6623,1
91.752,16,-12,1500,1499,-0.88,0.70,2.6137,4.7255,5.6623,1
91.771,16,-12,1503,1499,-0.88,0.70,2.6137,4.7255,5.6623,1
91.788,15,-13,1500,1498,-0.88,0.70,2.6137,4.7255,5.6623,1
91.807,14,-14,1503,1499,-0.88,0.70,2.6137,4.7255,5.6623,1
91.825,14,-14,1500,1497,-0.88,0.70,2.6137,4.7255,5.6623,1
91.842,13,-14,1500,1499,-0.88,0.70,2.6137,4.7255,5.6623,1
91.860,12,-14,1500,1499,-0.88,0.70,2.6137,4.7255,5.6623,1
91.878,11,-14,1500,1499,-0.88,0.70,2.6137,4.7255,5.6623,1
91.896,10,-15,1500,1497,-0.88,0.70,2.6137,4.7255,5.6623,1
91.915,9,-14,1500,1500,-0.69,0.81,2.6137,4.7255,5.6623,1
91.933,8,-15,1499,1497,-0.69,0.81,2.6137,4.7255,5.6623,1
91.952,7,-15,1499,1499,-0.69,0.81,2.6137,4.7255,5.6623,1
91.970,6,-15,1499,1499,-0.69,0.81,2.6137,4.7255,5.6623,1
91.988,5,-15,1499,1499,-0.69,0.81,2.8603,4.5750,8.9905,1
92.008,3,-15,1496,1499,-0.69,0.81,2.8603,4.5750,8.9905,1
92.026,2,-15,1498,1499,-0.69,0.81,2.8603,4.5750,8.9905,1
92.043,0,-14,1495,1500,-0.69,0.81,2.8603,4.5750,8.9905,1
92.060,-1,-13,1498,1500,-0.69,0.81,2.8603,4.5750,8.9905,1
92.077,-2,-13,1497,1499,-0.69,0.81,2.8603,4.5750,8.9905,1
92.094,-3,-13,1497,1499,-0.69,0.81,2.8603,4.5750,8.9905,1
92.112,-4,-13,1497,1499,-0.69,0.81,2.8603,4.5750,8.9905,1
92.129,-5,-13,1497,1499,-0.69,0.81,2.8603,4.5750,8.9905,1
92.146,-6,-13,1497,1499,-0.69,0.81,2.8603,4.5750,8.9905,1
92.164,-7,-13,1496,1499,-0.29,0.72,2.8603,4.5750,8.9905,1
92.181,-8,-13,1496,1499,-0.29,0.72,2.8603,4.5750,8.9905,1
92.198,-8,-14,1499,1497,-0.29,0.72,2.8603,4.5750,8.9905,1
92.215,-9,-14,1496,1499,-0.29,0.72,2.8603,4.5750,8.9905,1
92.233,-9,-14,1499,1499,-0.29,0.72,2.7404,6.0209,8.3197,1
92.250,-9,-14,1499,1499,-0.29,0.72,2.7404,6.0209,8.3197,1
92.267,-9,-13,1499,1500,-0.29,0.72,2.7404,6.0209,8.3197,1
92.285,-9,-13,1499,1499,-0.29,0.72,2.7404,6.0209,8.3197,1
92.303,-8,-13,1501,1499,-0.29,0.72,2.7404,6.0209,8.3197,1
92.320,-7,-12,1501,1500,-0.29,0.72,2.7404,6.0209,8.3197,1
92.338,-6,-13,1501,1497,-0.29,0.72,2.7404,6.0209,8.3197,1
92.356,-6,-12,1499,1500,-0.29,0.72,2.7404,6.0209,8.3197,1
92.375,-5,-12,1501,1499,-0.29,0.72,2.7404,6.0209,8.3197,1
92.393,-5,-12,1500,1499,-0.29,0.72,2.7404,6.0209,8.3197,1
92.411,-4,-12,1502,1499,-0.29,0.72,2.7404,6.0209,8.3197,1
92.429,-4,-12,1500,1499,-0.32,0.86,2.7404,6.0209,8.3197,1
92.446,-3,-13,1502,1497,-0.32,0.86,2.7404,6.0209,8.3197,1
92.463,-3,-12,1500,1500,-0.32,0.86,2.7404,6.0209,8.3197,1
92.481,-3,-13,1500,1497,-0.32,0.86,2.5224,5.1970,6.2250,1
92.500,-3,-12,1500,1500,-0.32,0.86,2.5224,5.1970,6.2250,1
92.517,-2,-12,1502,1499,-0.32,0.86,2.5224,5.1970,6.2250,1
92.534,-2,-13,1500,1497,-0.32,0.86,2.5224,5.1970,6.2250,1
92.552,-2,-12,1500,1500,-0.32,0.86,2.5224,5.1970,6.2250,1
92.571,-2,-13,1500,1498,-0.32,0.86,2.5224,5.1970,6.2250,1
92.588,-2,-14,1500,1497,-0.32,0.86,2.5224,5.1970,6.2250,1
92.606,-2,-14,1500,1499,-0.32,0.86,2.5224,5.1970,6.2250,1
92.623,-2,-15,1500,1497,-0.32,0.86,2.5224,5.1970,6.2250,1
92.641,-2,-14,1500,1500,-0.32,0.86,2.5224,5.1970,6.2250,1
92.658,-2,-14,1500,1499,-0.32,0.86,2.5224,5.1970,6.2250,1
92.675,-2,-12,1500,1502,-0.69,1.24,2.5224,5.1970,6.2250,1
92.695,-1,-13,1502,1498,-0.69,1.24,2.5224,5.1970,6.2250,1
92.713,-1,-12,1500,1500,-0.69,1.24,2.5224,5.1970,6.2250,1
92.732,0,-12,1502,1499,-0.69,1.24,2.8179,5.1361,9.4157,1
92.750,0,-12,1500,1499,-0.69,1.24,2.8179,5.1361,9.4157,1
92.767,0,-12,1500,1499,-0.69,1.24,2.8179,5.1361,9.4157,1
92.787,0,-11,1500,1500,-0.69,1.24,2.8179,5.1361,9.4157,1
92.805,1,-11,1503,1499,-0.69,1.24,2.8179,5.1361,9.4157,1
92.823,1,-12,1500,1498,-0.69,1.24,2.8179,5.1361,9.4157,1
92.840,2,-12,1503,1499,-0.69,1.24,2.8179,5.1361,9.4157,1
92.858,3,-12,1503,1499,-0.69,1.24,2.8179,5.1361,9.4157,1
92.875,5,-12,1506,1499,-0.69,1.24,2.8179,5.1361,9.4157,1
92.893,6,-12,1504,1499,-0.69,1.24,2.8179,5.1361,9.4157,1
92.911,7,-12,1504,1499,-0.69,1.24,2.8179,5.1361,9.4157,1
92.928,8,-12,1504,1499,-0.59,1.72,2.8179,5.1361,9.4157,1
92.946,9,-12,1504,1499,-0.59,1.72,2.8179,5.1361,9.4157,1
92.968,10,-12,1504,1499,-0.59,1.72,2.8179,5.1361,9.4157,1
92.986,11,-12,1505,1499,-0.59,1.72,2.5817,5.0254,6.9055,1
93.008,13,-12,1505,1499,-0.59,1.72,2.5817,5.0254,6.9055,1
93.026,13,-12,1505,1499,-0.59,1.72,2.5817,5.0254,6.9055,1
93.044,14,-12,1505,1499,-0.59,1.72,2.5817,5.0254,6.9055,1
93.061,15,-11,1506,1500,-0.59,1.72,2.5817,5.0254,6.9055,1
93.078,15,-11,1503,1499,-0.59,1.72,2.5817,5.0254,6.9055,1
93.096,15,-11,1503,1499,-0.59,1.72,2.5817,5.0254,6.9055,1
93.113,16,-11,1506,1499,-0.59,1.72,2.5817,5.0254,6.9055,1
93.131,16,-11,1503,1499,-0.59,1.72,2.5817,5.0254,6.9055,1
93.149,16,-12,1503,1497,-0.59,1.72,2.5817,5.0254,6.9055,1
93.170,17,-11,1506,1500,-0.30,1.42,2.5817,5.0254,6.9055,1
93.188,17,-11,1503,1499,-0.30,1.42,2.5817,5.0254,6.9055,1
93.208,17,-12,1503,1498,-0.30,1.42,2.5817,5.0254,6.9055,1
93.225,17,-12,1503,1499,-0.30,1.42,2.9131,4.3253,8.3761,1
93.243,18,-13,1506,1497,-0.30,1.42,2.9131,4.3253,8.3761,1
93.262,19,-13,1506,1499,-0.30,1.42,2.9131,4.3253,8.3761,1
93.281,19,-14,1504,1497,-0.30,1.42,2.9131,4.3253,8.3761,1
93.298,20,-13,1506,1500,-0.30,1.42,2.9131,4.3253,8.3761,1
93.316,21,-14,1507,1497,-0.30,1.42,2.9131,4.3253,8.3761,1
93.333,23,-13,1510,1500,-0.30,1.42,2.9131,4.3253,8.3761,1
93.352,24,-13,1507,1499,-0.30,1.42,2.9131,4.3253,8.3761,1
93.370,26,-12,1511,1500,-0.30,1.42,2.9131,4.3253,8.3761,1
93.387,28,-13,1511,1497,-0.30,1.42,2.9131,4.3253,8.3761,1
93.405,29,-12,1508,1500,-0.30,1.42,2.9131,4.3253,8.3761,1
93.422,31,-12,1512,1499,-0.59,1.29,2.9131,4.3253,8.3761,1
93.441,33,-12,1512,1499,-0.59,1.29,2.9131,4.3253,8.3761,1
93.460,33,-12,1506,1499,-0.59,1.29,2.9131,4.3253,8.3761,1
93.483,37,-12,1516,1499,-0.59,1.29,2.7611,5.6553,9.9483,1
93.500,39,-12,1513,1499,-0.59,1.29,2.7611,5.6553,9.9483,1
93.518,41,-12,1513,1499,-0.59,1.29,2.7611,5.6553,9.9483,1
93.535,43,-12,1514,1499,-0.59,1.29,2.7611,5.6553,9.9483,1
93.552,45,-12,1515,1499,-0.59,1.29,2.7611,5.6553,9.9483,1
93.570,47,-12,1515,1499,-0.59,1.29,2.7611,5.6553,9.9483,1
93.587,49,-13,1515,1497,-0.59,1.29,2.7611,5.6553,9.9483,1
93.605,50,-13,1513,1499,-0.59,1.29,2.7611,5.6553,9.9483,1
93.622,51,-13,1513,1499,-0.59,1.29,2.7611,5.6553,9.9483,1
93.639,51,-11,1510,1502,-0.59,1.29,2.7611,5.6553,9.9483,1
93.656,52,-11,1513,1499,-0.59,1.29,2.7611,5.6553,9.9483,1
93.673,52,-12,1510,1497,-0.08,0.94,2.7611,5.6553,9.9483,1
93.691,53,-12,1513,1499,-0.08,0.94,2.7611,5.6553,9.9483,1
93.708,53,-12,1510,1499,-0.08,0.94,2.7611,5.6553,9.9483,1
93.727,53,-12,1510,1499,-0.08,0.94,2.6464,4.3517,7.7966,1
93.746,55,-12,1516,1499,-0.08,0.94,2.6464,4.3517,7.7966,1
93.763,55,-13,1511,1497,-0.08,0.94,2.6464,4.3517,7.7966,1
93.782,56,-13,1514,1499,-0.08,0.94,2.6464,4.3517,7.7966,1
93.801,56,-12,1511,1500,-0.08,0.94,2.6464,4.3517,7.7966,1
93.820,56,-12,1511,1499,-0.08,0.94,2.6464,4.3517,7.7966,1
93.837,56,-12,1511,1499,-0.08,0.94,2.6464,4.3517,7.7966,1
93.855,56,-12,1511,1499,-0.08,0.94,2.6464,4.3517,7.7966,1
93.875,56,-12,1511,1499,-0.08,0.94,2.6464,4.3517,7.7966,1
93.892,55,-13,1508,1497,-0.08,0.94,2.6464,4.3517,7.7966,1
93.909,55,-13,1511,1499,-0.08,0.94,2.6464,4.3517,7.7966,1
93.927,54,-13,1508,1499,-0.31,0.83,2.6464,4.3517,7.7966,1
93.945,53,-14,1508,1497,-0.31,0.83,2.6464,4.3517,7.7966,1
93.963,52,-13,1507,1500,-0.31,0.83,2.6464,4.3517,7.7966,1
93.980,52,-13,1510,1499,-0.31,0.83,3.1130,4.5174,8.8809,1
93.999,52,-13,1510,1499,-0.31,0.83,3.1130,4.5174,8.8809,1
94.017,53,-12,1513,1500,-0.31,0.83,3.1130,4.5174,8.8809,1
94.035,54,-13,1513,1497,-0.31,0.83,3.1130,4.5174,8.8809,1
94.054,55,-12,1513,1500,-0.31,0.83,3.1130,4.5174,8.8809,1
94.072,57,-12,1517,1499,-0.31,0.83,3.1130,4.5174,8.8809,1
94.089,58,-13,1514,1497,-0.31,0.83,3.1130,4.5174,8.8809,1
94.107,62,-13,1523,1499,-0.31,0.83,3.1130,4.5174,8.8809,0
94.125,64,-13,1518,1499,-0.31,0.83,3.1130,4.5174,8.8809,0
94.142,66,-13,1519,1499,-0.31,0.83,3.1130,4.5174,8.8809,0
94.159,67,-13,1516,1499,-0.31,0.73,3.1130,4.5174,8.8809,0
94.176,68,-14,1516,1497,-0.31,0.73,3.1130,4.5174,8.8809,0
94.193,69,-14,1516,1499,-0.31,0.73,3.1130,4.5174,8.8809,0
94.211,69,-14,1513,1499,-0.31,0.73,3.1130,4.5174,8.8809,0
94.228,70,-14,1516,1499,-0.31,0.73,2.9191,4.3707,8.1042,0
94.246,70,-13,1514,1500,-0.31,0.73,2.9191,4.3707,8.1042,0
94.267,71,-12,1516,1500,-0.31,0.73,2.9191,4.3707,8.1042,0
94.286,72,-13,1517,1498,-0.31,0.73,2.9191,4.3707,8.1042,0
94.303,73,-14,1517,1497,-0.31,0.73,2.9191,4.3707,8.1042,0
94.322,73,-13,1514,1500,-0.31,0.73,2.9191,4.3707,8.1042,0
94.339,73,-12,1514,1500,-0.31,0.73,2.9191,4.3707,8.1042,0
94.357,74,-13,1517,1497,-0.31,0.73,2.9191,4.3707,8.1042,0
94.375,74,-13,1514,1499,-0.31,0.73,2.9191,4.3707,8.1042,0
94.392,75,-14,1518,1497,-0.31,0.73,2.9191,4.3707,8.1042,0
94.409,76,-13,1518,1500,0.15,0.84,2.9191,4.3707,8.1042,0
94.427,77,-12,1518,1500,0.15,0.84,2.9191,4.3707,8.1042,0
94.444,77,-12,1515,1499,0.15,0.84,2.9191,4.3707,8.1042,0
94.465,77,-12,1515,1499,0.15,0.84,2.9191,4.3707,8.1042,0
94.484,78,-12,1518,1499,0.15,0.84,2.8788,3.5935,7.0153,0
94.502,78,-14,1515,1498,0.15,0.84,2.8788,3.5935,7.0153,0
94.522,77,-13,1513,1499,0.15,0.84,2.8788,3.5935,7.0153,0
94.540,77,-13,1515,1499,0.15,0.84,2.8788,3.5935,7.0153,0
94.558,76,-13,1512,1499,0.15,0.84,2.8788,3.5935,7.0153,0
94.576,76,-12,1515,1500,0.15,0.84,2.8788,3.5935,7.0153,0
94.593,75,-12,1512,1499,0.15,0.84,2.8788,3.5935,7.0153,0
94.610,75,-13,1515,1497,0.15,0.84,2.8788,3.5935,7.0153,0
94.628,75,-14,1515,1497,0.15,0.84,2.8788,3.5935,7.0153,0
94.646,75,-14,1515,1499,0.15,0.84,2.8788,3.5935,7.0153,0
94.663,75,-15,1515,1497,-0.00,0.97,2.8788,3.5935,7.0153,0
94.680,75,-15,1515,1499,-0.00,0.97,2.8788,3.5935,7.0153,0
94.697,75,-14,1515,1500,-0.00,0.97,2.8788,3.5935,7.0153,0
94.715,74,-14,1512,1499,-0.00,0.97,2.8788,3.5935,7.0153,0
94.734,74,-14,1515,1499,-0.00,0.97,2.9784,4.0495,8.9183,0
94.758,75,-14,1517,1499,-0.00,0.97,2.9784,4.0495,8.9183,0
94.776,75,-14,1515,1499,-0.00,0.97,2.9784,4.0495,8.9183,0
94.794,76,-13,1518,1500,-0.00,0.97,2.9784,4.0495,8.9183,0
94.811,76,-13,1515,1499,-0.00,0.97,2.9784,4.0495,8.9183,0
94.828,76,-13,1515,1499,-0.00,0.97,2.9784,4.0495,8.9183,0
94.845,77,-13,1518,1499,-0.00,0.97,2.9784,4.0495,8.9183,0
94.863,77,-13,1515,1499,-0.00,0.97,2.9784,4.0495,8.9183,0
94.882,79,-13,1518,1499,-0.00,0.97,2.9784,4.0495,8.9183,0
94.900,79,-13,1518,1499,-0.00,0.97,2.9784,4.0495,8.9183,0
94.918,81,-13,1521,1499,0.37,0.52,2.9784,4.0495,8.9183,0
94.938,81,-13,1516,1499,0.37,0.52,2.9784,4.0495,8.9183,0
94.957,82,-13,1519,1499,0.37,0.52,2.9784,4.0495,8.9183,0
94.975,84,-14,1522,1497,0.37,0.52,2.6129,4.7942,8.7678,0
94.993,86,-13,1522,1500,0.37,0.52,2.6129,4.7942,8.7678,0
95.011,88,-13,1523,1499,0.37,0.52,2.6129,4.7942,8.7678,0
95.028,90,-13,1524,1499,0.37,0.52,2.6129,4.7942,8.7678,0
95.048,96,-13,1530,1499,0.37,0.52,2.6129,4.7942,8.7678,0
95.065,99,-13,1528,1499,0.37,0.52,2.6129,4.7942,8.7678,0
95.083,104,-14,1530,1497,0.37,0.52,2.6129,4.7942,8.7678,0
95.100,106,-14,1527,1499,0.37,0.52,2.6129,4.7942,8.7678,0
95.118,108,-13,1527,1500,0.37,0.52,2.6129,4.7942,8.7678,0
95.135,108,-13,1521,1499,0.37,0.52,2.6129,4.7942,8.7678,0
95.154,111,-14,1530,1497,0.37,0.52,2.6129,4.7942,8.7678,0
95.172,111,-14,1522,1499,0.39,1.14,2.6129,4.7942,8.7678,0
95.189,114,-13,1530,1500,0.39,1.14,2.6129,4.7942,8.7678,0
95.207,117,-13,1530,1499,0.39,1.14,2.6129,4.7942,8.7678,0
95.227,117,-13,1523,1499,0.39,1.14,2.6440,4.8399,7.3051,0
95.244,119,-14,1529,1497,0.39,1.14,2.6440,4.8399,7.3051,0
95.262,120,-13,1527,1500,0.39,1.14,2.6440,4.8399,7.3051,0
95.279,121,-13,1527,1499,0.39,1.14,2.6440,4.8399,7.3051,0
95.298,123,-13,1530,1499,0.39,1.14,2.6440,4.8399,7.3051,0
95.315,123,-14,1524,1497,0.39,1.14,2.6440,4.8399,7.3051,0
95.333,123,-14,1524,1499,0.39,1.14,2.6440,4.8399,7.3051,0
95.350,122,-14,1521,1499,0.39,1.14,2.6440,4.8399,7.3051,0
95.368,122,-14,1524,1499,0.39,1.14,2.6440,4.8399,7.3051,0
95.385,122,-14,1524,1499,0.39,1.14,2.6440,4.8399,7.3051,0
95.402,122,-14,1524,1499,0.39,1.14,2.6440,4.8399,7.3051,0
95.419,122,-14,1524,1499,0.90,0.82,2.6440,4.8399,7.3051,0
95.437,122,-14,1524,1499,0.90,0.82,2.6440,4.8399,7.3051,0
95.454,122,-14,1524,1499,0.90,0.82,2.6440,4.8399,7.3051,0
95.471,122,-14,1524,1499,0.90,0.82,2.9394,4.4009,7.3981,0
95.489,122,-14,1524,1499,0.90,0.82,2.9394,4.4009,7.3981,0
95.508,121,-14,1521,1499,0.90,0.82,2.9394,4.4009,7.3981,0
95.528,120,-14,1524,1499,0.90,0.82,2.9394,4.4009,7.3981,0
95.547,120,-15,1521,1497,0.90,0.82,2.9394,4.4009,7.3981,0
95.565,121,-15,1527,1499,0.90,0.82,2.9394,4.4009,7.3981,0
95.583,122,-14,1527,1500,0.90,0.82,2.9394,4.4009,7.3981,0
95.600,122,-14,1524,1499,0.90,0.82,2.9394,4.4009,7.3981,0
95.618,122,-14,1524,1499,0.90,0.82,2.9394,4.4009,7.3981,0
95.635,121,-14,1521,1499,0.90,0.82,2.9394,4.4009,7.3981,0
95.652,120,-14,1521,1499,0.90,0.82,2.9394,4.4009,7.3981,0
95.670,120,-14,1524,1499,0.93,1.18,2.9394,4.4009,7.3981,0
95.687,120,-14,1524,1499,0.93,1.18,2.9394,4.4009,7.3981,0
95.704,120,-15,1524,1497,0.93,1.18,2.9394,4.4009,7.3981,0
95.721,119,-15,1521,1499,0.93,1.18,2.9394,4.4009,7.3981,0
95.739,118,-15,1520,1499,0.93,1.18,2.9394,4.4009,7.3981,0
95.756,118,-14,1523,1500,0.93,1.18,2.9394,4.4009,7.3981,0
95.774,117,-14,1520,1499,0.93,1.18,2.9470,4.2301,7.2727,0
95.792,116,-15,1520,1497,0.93,1.18,2.9470,4.2301,7.2727,0
95.818,114,-15,1520,1500,0.93,1.18,2.9470,4.2301,7.2727,0
95.835,114,-14,1520,1499,0.93,1.18,2.9470,4.2301,7.2727,0
95.852,113,-15,1519,1497,0.93,1.18,2.9470,4.2301,7.2727,0
95.870,112,-15,1519,1499,0.93,1.18,2.9470,4.2301,7.2727,0
95.887,111,-14,1519,1500,0.93,1.18,2.9470,4.2301,7.2727,0
95.904,110,-14,1519,1499,0.60,1.24,2.9470,4.2301,7.2727,0
95.921,109,-14,1519,1499,0.60,1.24,2.9470,4.2301,7.2727,0
95.938,108,-14,1518,1499,0.60,1.24,2.9470,4.2301,7.2727,0
95.956,106,-14,1515,1499,0.60,1.24,2.9470,4.2301,7.2727,0
95.973,104,-14,1515,1499,0.60,1.24,2.9470,4.2301,7.2727,0
95.991,102,-15,1514,1497,0.60,1.24,2.9470,4.2301,7.2727,0
96.009,100,-15,1514,1499,0.60,1.24,2.9470,4.2301,7.2727,0
96.027,97,-15,1511,1499,0.60,1.24,2.9470,4.2301,7.2727,0
96.046,95,-15,1513,1499,0.60,1.24,2.9470,4.2301,7.2727,0
96.065,93,-15,1513,1499,0.60,1.24,2.9470,4.2301,7.2727,0
96.083,91,-15,1513,1499,0.60,1.24,2.9470,4.2301,7.2727,0
96.101,86,-16,1502,1497,0.60,1.24,2.9470,4.2301,7.2727,0
96.118,85,-15,1514,1500,0.60,1.24,2.9470,4.2301,7.2727,0
96.136,83,-15,1511,1499,0.60,1.24,2.9470,4.2301,7.2727,0
96.154,81,-15,1510,1499,0.03,1.56,2.9470,4.2301,7.2727,0
96.171,79,-16,1510,1497,0.03,1.56,2.9470,4.2301,7.2727,0
96.188,77,-16,1509,1499,0.03,1.56,2.9470,4.2301,7.2727,0
96.206,76,-16,1512,1499,0.03,1.56,2.9470,4.2301,7.2727,0
96.224,75,-16,1512,1499,0.03,1.56,2.9470,4.2301,7.2727,0
96.242,73,-16,1509,1499,0.03,1.56,2.9470,4.2301,7.2727,0
96.261,72,-16,1511,1499,0.03,1.56,2.8514,4.0677,7.7436,0
96.280,70,-16,1508,1499,0.03,1.56,2.8514,4.0677,7.7436,0
96.302,69,-16,1511,1499,0.03,1.56,2.8514,4.0677,7.7436,0
96.319,68,-16,1511,1499,0.03,1.56,2.8514,4.0677,7.7436,0
96.336,66,-16,1507,1499,0.03,1.56,2.8514,4.0677,7.7436,0
96.354,66,-16,1513,1499,0.03,1.56,2.8514,4.0677,7.7436,0
96.377,63,-16,1505,1499,0.03,1.56,2.8514,4.0677,7.7436,0
96.394,61,-16,1507,1499,0.03,1.56,2.8514,4.0677,7.7436,0
96.414,60,-17,1509,1497,-0.04,1.64,2.8514,4.0677,7.7436,1
96.431,58,-16,1506,1500,-0.04,1.64,2.8514,4.0677,7.7436,1
96.449,55,-17,1502,1497,-0.04,1.64,2.8514,4.0677,7.7436,1
96.467,53,-17,1505,1499,-0.04,1.64,2.8514,4.0677,7.7436,1
96.484,53,-17,1510,1499,-0.04,1.64,2.8514,4.0677,7.7436,1
96.502,49,-16,1499,1500,-0.04,1.64,2.8514,4.0677,7.7436,1
96.519,49,-16,1510,1499,-0.04,1.64,2.8514,4.0677,7.7436,1
96.540,44,-17,1497,1497,-0.04,1.64,2.8514,4.0677,7.7436,1
96.559,42,-17,1503,1499,-0.04,1.64,2.8514,4.0677,7.7436,1
96.576,40,-17,1502,1499,-0.04,1.64,2.8514,4.0677,7.7436,1
96.594,38,-16,1502,1500,-0.04,1.64,2.8514,4.0677,7.7436,1
96.611,36,-17,1501,1497,-0.04,1.64,2.8514,4.0677,7.7436,1
96.629,34,-18,1501,1497,-0.04,1.64,2.8514,4.0677,7.7436,1
96.647,32,-18,1500,1499,-0.04,1.64,2.8514,4.0677,7.7436,1
96.664,30,-18,1500,1499,-0.54,1.22,2.8514,4.0677,7.7436,1
96.681,28,-17,1500,1500,-0.54,1.22,2.8514,4.0677,7.7436,1
96.699,25,-18,1497,1497,-0.54,1.22,2.8514,4.0677,7.7436,1
96.717,24,-18,1502,1499,-0.54,1.22,2.8514,4.0677,7.7436,1
96.735,24,-18,1505,1499,-0.54,1.22,2.8514,4.0677,7.7436,1
96.754,20,-19,1494,1497,-0.54,1.22,3.1977,3.4147,8.0272,1
96.773,18,-19,1499,1498,-0.54,1.22,3.1977,3.4147,8.0272,1
96.794,17,-19,1501,1498,-0.54,1.22,3.1977,3.4147,8.0272,1
96.811,15,-19,1498,1498,-0.54,1.22,3.1977,3.4147,8.0272,1
96.829,14,-19,1500,1498,-0.54,1.22,3.1977,3.4147,8.0272,1
96.847,10,-21,1491,1495,-0.54,1.22,3.1977,3.4147,8.0272,1
96.865,8,-21,1497,1498,-0.54,1.22,3.1977,3.4147,8.0272,1
96.885,6,-21,1496,1498,-0.54,1.22,3.1977,3.4147,8.0272,1
96.902,4,-21,1496,1498,-1.02,0.07,3.1977,3.4147,8.0272,1
96.921,2,-21,1496,1498,-1.02,0.07,3.1977,3.4147,8.0272,1
96.938,0,-21,1495,1498,-1.02,0.07,3.1977,3.4147,8.0272,1
96.956,-1,-21,1498,1498,-1.02,0.07,3.1977,3.4147,8.0272,1
96.974,-4,-22,1491,1496,-1.02,0.07,3.1977,3.4147,8.0272,1
96.991,-6,-22,1494,1498,-1.02,0.07,3.1977,3.4147,8.0272,1
97.011,-8,-21,1494,1500,-1.02,0.07,3.1977,3.4147,8.0272,1
97.029,-10,-22,1493,1497,-1.02,0.07,3.1977,3.4147,8.0272,1
97.046,-12,-22,1493,1498,-1.02,0.07,3.1977,3.4147,8.0272,1
97.066,-16,-23,1487,1497,-1.02,0.07,3.1977,3.4147,8.0272,1
97.083,-17,-23,1494,1498,-1.02,0.07,3.1977,3.4147,8.0272,1
97.100,-18,-23,1494,1498,-1.02,0.07,3.1977,3.4147,8.0272,1
97.119,-19,-23,1494,1498,-1.02,0.07,3.1977,3.4147,8.0272,1
97.138,-19,-24,1497,1496,-1.02,0.07,3.1977,3.4147,8.0272,1
97.155,-20,-23,1494,1500,-0.58,-0.59,3.1977,3.4147,8.0272,1
97.172,-20,-24,1497,1496,-0.58,-0.59,3.1977,3.4147,8.0272,1
97.189,-21,-23,1494,1500,-0.58,-0.59,3.1977,3.4147,8.0272,1
97.206,-21,-23,1496,1498,-0.58,-0.59,3.1977,3.4147,8.0272,1
97.224,-21,-22,1496,1500,-0.58,-0.59,3.1977,3.4147,8.0272,1
97.241,-21,-22,1496,1498,-0.58,-0.59,3.1977,3.4147,8.0272,1
97.259,-21,-22,1496,1498,-0.58,-0.59,2.6942,5.2174,8.2425,1
97.276,-21,-22,1496,1498,-0.58,-0.59,2.6942,5.2174,8.2425,1
97.294,-21,-23,1496,1496,-0.58,-0.59,2.6942,5.2174,8.2425,1
97.311,-21,-23,1496,1498,-0.58,-0.59,2.6942,5.2174,8.2425,1
97.328,-20,-23,1500,1498,-0.58,-0.59,2.6942,5.2174,8.2425,1
97.347,-20,-23,1497,1498,-0.58,-0.59,2.6942,5.2174,8.2425,1
97.366,-19,-25,1500,1495,-0.58,-0.59,2.6942,5.2174,8.2425,1
97.384,-19,-25,1497,1498,-0.58,-0.59,2.6942,5.2174,8.2425,1
97.402,-19,-24,1497,1500,-0.32,-0.32,2.6942,5.2174,8.2425,1
97.421,-19,-24,1497,1498,-0.32,-0.32,2.6942,5.2174,8.2425,1
97.438,-19,-23,1497,1500,-0.32,-0.32,2.6942,5.2174,8.2425,1
97.455,-19,-23,1497,1498,-0.32,-0.32,2.6942,5.2174,8.2425,1
97.473,-18,-23,1500,1498,-0.32,-0.32,2.6942,5.2174,8.2425,1
97.490,-18,-24,1497,1496,-0.32,-0.32,2.6942,5.2174,8.2425,1
97.508,-17,-24,1500,1498,-0.32,-0.32,2.6942,5.2174,8.2425,1
97.526,-17,-24,1497,1498,-0.32,-0.32,2.6942,5.2174,8.2425,1
97.544,-16,-24,1500,1498,-0.32,-0.32,2.6942,5.2174,8.2425,1
97.562,-15,-23,1500,1500,-0.32,-0.32,2.6942,5.2174,8.2425,1
97.580,-14,-23,1500,1498,-0.32,-0.32,2.6942,5.2174,8.2425,1
97.600,-12,-23,1503,1498,-0.32,-0.32,2.6942,5.2174,8.2425,1
97.617,-10,-23,1503,1498,-0.32,-0.32,2.6942,5.2174,8.2425,1
97.634,-10,-24,1499,1496,-0.32,-0.32,2.6942,5.2174,8.2425,1
97.651,-9,-24,1501,1498,-0.87,0.48,2.6942,5.2174,8.2425,1
97.668,-7,-24,1504,1498,-0.87,0.48,2.6942,5.2174,8.2425,1
97.685,-7,-23,1499,1500,-0.87,0.48,2.6942,5.2174,8.2425,1
97.703,-6,-23,1501,1498,-0.87,0.48,2.6942,5.2174,8.2425,1
97.721,-5,-24,1501,1496,-0.87,0.48,2.6942,5.2174,8.2425,1
97.738,-4,-24,1502,1498,-0.87,0.48,2.6942,5.2174,8.2425,1
97.755,-3,-23,1502,1500,-0.87,0.48,2.6767,4.1300,7.3803,1
97.775,-2,-25,1502,1495,-0.87,0.48,2.6767,4.1300,7.3803,1
97.792,-1,-24,1502,1500,-0.87,0.48,2.6767,4.1300,7.3803,1
97.809,0,-24,1502,1498,-0.87,0.48,2.6767,4.1300,7.3803,1
97.827,1,-23,1503,1500,-0.87,0.48,2.6767,4.1300,7.3803,1
97.844,1,-24,1500,1496,-0.87,0.48,2.6767,4.1300,7.3803,1
97.862,2,-24,1503,1498,-0.87,0.48,2.6767,4.1300,7.3803,1
97.880,2,-24,1500,1498,-0.87,0.48,2.6767,4.1300,7.3803,1
97.897,4,-24,1506,1498,-0.87,0.48,2.6767,4.1300,7.3803,1
97.915,5,-23,1503,1500,-0.58,0.28,2.6767,4.1300,7.3803,1
97.932,6,-24,1504,1496,-0.58,0.28,2.6767,4.1300,7.3803,1
97.949,8,-23,1507,1500,-0.58,0.28,2.6767,4.1300,7.3803,1
97.967,10,-23,1507,1498,-0.58,0.28,2.6767,4.1300,7.3803,1
97.984,11,-23,1505,1498,-0.58,0.28,2.6767,4.1300,7.3803,1
98.001,12,-23,1505,1498,-0.58,0.28,2.6767,4.1300,7.3803,1
98.018,14,-23,1508,1498,-0.58,0.28,2.6767,4.1300,7.3803,1
98.035,15,-23,1505,1498,-0.58,0.28,2.6767,4.1300,7.3803,1
98.053,16,-23,1506,1498,-0.58,0.28,2.6767,4.1300,7.3803,1
98.070,17,-23,1506,1498,-0.58,0.28,2.6767,4.1300,7.3803,1
98.089,16,-23,1500,1498,-0.58,0.28,2.6767,4.1300,7.3803,1
98.106,17,-23,1506,1498,-0.58,0.28,2.6767,4.1300,7.3803,1
98.125,17,-23,1503,1498,-0.58,0.28,2.6767,4.1300,7.3803,1
98.144,17,-24,1503,1496,-0.58,0.28,2.6767,4.1300,7.3803,1
98.162,18,-23,1506,1500,0.32,0.23,2.6767,4.1300,7.3803,1
98.180,18,-23,1503,1498,0.32,0.23,2.6767,4.1300,7.3803,1
98.197,19,-23,1506,1498,0.32,0.23,2.6767,4.1300,7.3803,1
98.215,20,-22,1507,1500,0.32,0.23,2.6767,4.1300,7.3803,1
98.233,20,-22,1504,1498,0.32,0.23,2.6767,4.1300,7.3803,1
98.250,21,-22,1507,1498,0.32,0.23,2.8858,4.1539,7.3780,1
98.267,23,-22,1510,1498,0.32,0.23,2.8858,4.1539,7.3780,1
98.284,25,-22,1510,1498,0.32,0.23,2.8858,4.1539,7.3780,1
98.302,25,-21,1505,1500,0.32,0.23,2.8858,4.1539,7.3780,1
98.321,26,-23,1508,1495,0.32,0.23,2.8858,4.1539,7.3780,1
98.338,27,-22,1508,1500,0.32,0.23,2.8858,4.1539,7.3780,1
98.355,27,-21,1505,1500,0.32,0.23,2.8858,4.1539,7.3780,1
98.374,28,-22,1508,1497,0.32,0.23,2.8858,4.1539,7.3780,1
98.392,28,-22,1505,1498,0.32,0.23,2.8858,4.1539,7.3780,1
98.409,28,-21,1505,1500,0.18,0.58,2.8858,4.1539,7.3780,1
98.426,28,-22,1505,1496,0.18,0.58,2.8858,4.1539,7.3780,1
98.444,29,-21,1508,1500,0.18,0.58,2.8858,4.1539,7.3780,1
98.463,29,-22,1505,1497,0.18,0.58,2.8858,4.1539,7.3780,1
98.480,29,-22,1505,1498,0.18,0.58,2.8858,4.1539,7.3780,1
98.498,29,-21,1506,1500,0.18,0.58,2.8858,4.1539,7.3780,1
98.515,29,-21,1506,1498,0.18,0.58,2.8858,4.1539,7.3780,1
98.533,28,-21,1503,1498,0.18,0.58,2.8858,4.1539,7.3780,1
98.551,27,-21,1502,1498,0.18,0.58,2.8858,4.1539,7.3780,1
98.569,25,-20,1500,1500,0.18,0.58,2.8858,4.1539,7.3780,1
98.587,24,-20,1502,1498,0.18,0.58,2.8858,4.1539,7.3780,1
98.605,23,-20,1502,1498,0.18,0.58,2.8858,4.1539,7.3780,1
98.622,22,-21,1501,1497,0.18,0.58,2.8858,4.1539,7.3780,1
98.639,19,-20,1496,1500,0.18,0.58,2.8858,4.1539,7.3780,1
98.658,17,-19,1499,1500,-0.31,0.11,2.8858,4.1539,7.3780,1
98.676,15,-19,1498,1498,-0.31,0.11,2.8858,4.1539,7.3780,1
98.693,14,-19,1500,1498,-0.31,0.11,2.8858,4.1539,7.3780,1
98.711,13,-20,1500,1497,-0.31,0.11,2.8858,4.1539,7.3780,1
98.728,12,-19,1500,1500,-0.31,0.11,2.8858,4.1539,7.3780,1
98.747,11,-20,1500,1497,-0.31,0.11,2.8858,4.1539,7.3780,1
98.765,11,-19,1502,1500,-0.31,0.11,3.0699,4.4904,8.4981,1
98.783,10,-19,1500,1498,-0.31,0.11,3.0699,4.4904,8.4981,1
98.800,10,-19,1502,1498,-0.31,0.11,3.0699,4.4904,8.4981,1
98.819,9,-18,1500,1500,-0.31,0.11,3.0699,4.4904,8.4981,1
98.837,9,-19,1502,1497,-0.31,0.11,3.0699,4.4904,8.4981,1
98.854,9,-18,1502,1500,-0.31,0.11,3.0699,4.4904,8.4981,1
98.872,9,-18,1502,1499,-0.31,0.11,3.0699,4.4904,8.4981,1
98.889,9,-18,1502,1499,-0.31,0.11,3.0699,4.4904,8.4981,1
98.908,10,-18,1504,1499,-0.55,0.14,3.0699,4.4904,8.4981,1
98.926,10,-18,1502,1499,-0.55,0.14,3.0699,4.4904,8.4981,1
98.944,11,-19,1505,1497,-0.55,0.14,3.0699,4.4904,8.4981,1
98.962,11,-19,1502,1498,-0.55,0.14,3.0699,4.4904,8.4981,1
98.981,11,-19,1502,1498,-0.55,0.14,3.0699,4.4904,8.4981,1
98.998,11,-19,1502,1498,-0.55,0.14,3.0699,4.4904,8.4981,1
99.016,12,-18,1505,1500,-0.55,0.14,3.0699,4.4904,8.4981,1
99.033,13,-17,1505,1500,-0.55,0.14,3.0699,4.4904,8.4981,1
99.051,13,-16,1502,1500,-0.55,0.14,3.0699,4.4904,8.4981,1
99.070,13,-16,1502,1499,-0.55,0.14,3.0699,4.4904,8.4981,1
99.089,14,-16,1505,1499,-0.55,0.14,3.0699,4.4904,8.4981,1
99.106,14,-16,1503,1499,-0.55,0.14,3.0699,4.4904,8.4981,1
99.123,14,-16,1503,1499,-0.55,0.14,3.0699,4.4904,8.4981,1
99.140,14,-16,1503,1499,-0.55,0.14,3.0699,4.4904,8.4981,1
99.159,14,-16,1503,1499,-0.40,1.25,3.0699,4.4904,8.4981,1
99.177,14,-15,1503,1500,-0.40,1.25,3.0699,4.4904,8.4981,1
99.195,14,-15,1503,1499,-0.40,1.25,3.0699,4.4904,8.4981,1
99.212,15,-15,1506,1499,-0.40,1.25,3.0699,4.4904,8.4981,1
99.230,15,-15,1503,1499,-0.40,1.25,3.0699,4.4904,8.4981,1
99.250,15,-15,1503,1499,-0.40,1.25,2.9528,3.6523,7.8544,1
99.269,17,-14,1509,1500,-0.40,1.25,2.9528,3.6523,7.8544,1
99.287,18,-13,1506,1500,-0.40,1.25,2.9528,3.6523,7.8544,1
99.304,19,-14,1506,1497,-0.40,1.25,2.9528,3.6523,7.8544,1
99.325,20,-14,1506,1499,-0.40,1.25,2.9528,3.6523,7.8544,1
99.346,21,-14,1506,1499,-0.40,1.25,2.9528,3.6523,7.8544,1
99.364,22,-12,1507,1501,-0.40,1.25,2.9528,3.6523,7.8544,1
99.382,22,-12,1504,1499,-0.40,1.25,2.9528,3.6523,7.8544,1
99.400,23,-13,1507,1498,-0.26,1.49,2.9528,3.6523,7.8544,1
99.418,23,-13,1504,1499,-0.26,1.49,2.9528,3.6523,7.8544,1
99.436,23,-12,1504,1500,-0.26,1.49,2.9528,3.6523,7.8544,1
99.454,23,-12,1504,1499,-0.26,1.49,2.9528,3.6523,7.8544,1
99.471,23,-12,1504,1499,-0.26,1.49,2.9528,3.6523,7.8544,1
99.489,24,-12,1507,1499,-0.26,1.49,2.9528,3.6523,7.8544,1
99.506,24,-12,1505,1499,-0.26,1.49,2.9528,3.6523,7.8544,1
99.525,24,-13,1505,1498,-0.26,1.49,2.9528,3.6523,7.8544,1
99.543,25,-13,1507,1499,-0.26,1.49,2.9528,3.6523,7.8544,1
99.564,27,-12,1510,1500,-0.26,1.49,2.9528,3.6523,7.8544,1
99.582,28,-12,1508,1499,-0.26,1.49,2.9528,3.6523,7.8544,1
99.600,28,-11,1505,1500,-0.26,1.49,2.9528,3.6523,7.8544,1
99.618,29,-11,1508,1499,-0.26,1.49,2.9528,3.6523,7.8544,1
99.636,29,-12,1506,1498,-0.26,1.49,2.9528,3.6523,7.8544,1
99.654,29,-11,1506,1500,0.01,1.93,2.9528,3.6523,7.8544,1
99.671,29,-11,1506,1499,0.01,1.93,2.9528,3.6523,7.8544,1
99.688,30,-11,1509,1499,0.01,1.93,2.9528,3.6523,7.8544,1
99.706,30,-11,1506,1499,0.01,1.93,2.9528,3.6523,7.8544,1
99.723,30,-11,1506,1499,0.01,1.93,2.9528,3.6523,7.8544,1
99.741,30,-11,1506,1499,0.01,1.93,2.9528,3.6523,7.8544,1
99.758,29,-10,1503,1500,0.01,1.93,2.8864,3.1480,6.9505,1
99.775,29,-10,1506,1499,0.01,1.93,2.8864,3.1480,6.9505,1
99.793,28,-11,1502,1498,0.01,1.93,2.8864,3.1480,6.9505,1
99.812,28,-10,1505,1499,0.01,1.93,2.8864,3.1480,6.9505,1
99.830,28,-10,1505,1500,0.01,1.93,2.8864,3.1480,6.9505,1
99.848,28,-10,1505,1499,0.01,1.93,2.8864,3.1480,6.9505,1
99.866,28,-11,1505,1498,0.01,1.93,2.8864,3.1480,6.9505,1
99.884,28,-10,1505,1500,0.01,1.93,2.8864,3.1480,6.9505,1
99.902,27,-10,1502,1499,-0.06,1.89,2.8864,3.1480,6.9505,1
99.919,27,-11,1505,1498,-0.06,1.89,2.8864,3.1480,6.9505,1
99.937,27,-11,1505,1499,-0.06,1.89,2.8864,3.1480,6.9505,1
99.954,26,-11,1502,1499,-0.06,1.89,2.8864,3.1480,6.9505,1
99.971,26,-11,1505,1499,-0.06,1.89,2.8864,3.1480,6.9505,1
99.989,25,-12,1502,1497,-0.06,1.89,2.8864,3.1480,6.9505,1
100.006,25,-11,1505,1500,-0.06,1.89,2.8864,3.1480,6.9505,1
100.024,25,-11,1505,1499,-0.06,1.89,2.8864,3.1480,6.9505,1
100.042,25,-11,1505,1499,-0.06,1.89,2.8864,3.1480,6.9505,1
100.060,25,-11,1505,1499,-0.06,1.89,2.8864,3.1480,6.9505,1
100.077,26,-10,1508,1500,-0.06,1.89,2.8864,3.1480,6.9505,1
100.095,26,-10,1505,1499,-0.06,1.89,2.8864,3.1480,6.9505,1
100.113,26,-9,1505,1500,-0.06,1.89,2.8864,3.1480,6.9505,1
100.131,26,-10,1505,1498,-0.06,1.89,2.8864,3.1480,6.9505,1
100.151,26,-10,1505,1499,-0.32,1.46,2.8864,3.1480,6.9505,1
100.169,26,-10,1505,1499,-0.32,1.46,2.8864,3.1480,6.9505,1
100.187,26,-10,1505,1499,-0.32,1.46,2.8864,3.1480,6.9505,1
100.204,25,-10,1502,1499,-0.32,1.46,2.8864,3.1480,6.9505,1
100.222,25,-11,1505,1498,-0.32,1.46,2.8864,3.1480,6.9505,1
100.239,24,-10,1502,1500,-0.32,1.46,2.8864,3.1480,6.9505,1
100.256,23,-10,1501,1499,-0.32,1.46,2.8952,3.5034,6.7555,1
100.274,22,-10,1501,1499,-0.32,1.46,2.8952,3.5034,6.7555,1
100.291,22,-10,1504,1499,-0.32,1.46,2.8952,3.5034,6.7555,1
100.309,22,-10,1504,1499,-0.32,1.46,2.8952,3.5034,6.7555,1
100.327,21,-10,1501,1499,-0.32,1.46,2.8952,3.5034,6.7555,1
100.345,21,-10,1504,1499,-0.32,1.46,2.8952,3.5034,6.7555,1
100.364,21,-11,1504,1498,-0.32,1.46,2.8952,3.5034,6.7555,1
100.381,21,-11,1504,1499,-0.32,1.46,2.8952,3.5034,6.7555,1
100.398,22,-11,1507,1499,-0.39,0.99,2.8952,3.5034,6.7555,1
100.417,21,-11,1501,1499,-0.39,0.99,2.8952,3.5034,6.7555,1
100.435,22,-11,1507,1499,-0.39,0.99,2.8952,3.5034,6.7555,1
100.452,21,-11,1501,1499,-0.39,0.99,2.8952,3.5034,6.7555,1
100.470,22,-11,1507,1499,-0.39,0.99,2.8952,3.5034,6.7555,1
100.487,22,-11,1504,1499,-0.39,0.99,2.8952,3.5034,6.7555,1
100.506,22,-11,1504,1499,-0.39,0.99,2.8952,3.5034,6.7555,1
100.524,22,-11,1504,1499,-0.39,0.99,2.8952,3.5034,6.7555,1
100.541,23,-11,1507,1499,-0.39,0.99,2.8952,3.5034,6.7555,1
100.558,23,-12,1504,1497,-0.39,0.99,2.8952,3.5034,6.7555,1
100.576,24,-12,1507,1499,-0.39,0.99,2.8952,3.5034,6.7555,1
100.593,24,-12,1505,1499,-0.39,0.99,2.8952,3.5034,6.7555,1
100.610,24,-12,1505,1499,-0.39,0.99,2.8952,3.5034,6.7555,1
100.628,24,-12,1505,1499,-0.39,0.99,2.8952,3.5034,6.7555,1
100.648,24,-12,1505,1499,-0.19,1.14,2.8952,3.5034,6.7555,1
100.666,23,-12,1502,1499,-0.19,1.14,2.8952,3.5034,6.7555,1
100.684,23,-13,1504,1498,-0.19,1.14,2.8952,3.5034,6.7555,1
100.702,22,-15,1501,1495,-0.19,1.14,2.8952,3.5034,6.7555,1
100.721,22,-15,1504,1499,-0.19,1.14,2.8952,3.5034,6.7555,1
100.738,21,-15,1501,1499,-0.19,1.14,2.8952,3.5034,6.7555,1
100.757,19,-16,1499,1497,-0.19,1.14,2.8959,3.2418,7.0288,1
100.774,17,-16,1498,1499,-0.19,1.14,2.8959,3.2418,7.0288,1
100.792,15,-17,1498,1497,-0.19,1.14,2.8959,3.2418,7.0288,1
100.809,13,-16,1498,1500,-0.19,1.14,2.8959,3.2418,7.0288,1
100.827,11,-17,1497,1497,-0.19,1.14,2.8959,3.2418,7.0288,1
100.845,8,-17,1494,1499,-0.19,1.14,2.8959,3.2418,7.0288,1
100.864,2,-18,1485,1497,-0.19,1.14,2.8959,3.2418,7.0288,1
100.882,0,-18,1495,1499,-0.19,1.14,2.8959,3.2418,7.0288,1
100.900,-2,-17,1495,1500,-0.04,-0.12,2.8959,3.2418,7.0288,1
100.918,-4,-16,1494,1500,-0.04,-0.12,2.8959,3.2418,7.0288,1
100.937,-5,-16,1497,1499,-0.04,-0.12,2.8959,3.2418,7.0288,1
100.954,-6,-16,1497,1499,-0.04,-0.12,2.8959,3.2418,7.0288,1
100.971,-7,-16,1496,1499,-0.04,-0.12,2.8959,3.2418,7.0288,1
100.988,-8,-16,1496,1499,-0.04,-0.12,2.8959,3.2418,7.0288,1
101.006,-8,-16,1499,1499,-0.04,-0.12,2.8959,3.2418,7.0288,1
101.024,-8,-16,1499,1499,-0.04,-0.12,2.8959,3.2418,7.0288,1
101.042,-8,-16,1499,1499,-0.04,-0.12,2.8959,3.2418,7.0288,1
101.059,-8,-17,1499,1497,-0.04,-0.12,2.8959,3.2418,7.0288,1
101.077,-7,-17,1501,1499,-0.04,-0.12,2.8959,3.2418,7.0288,1
101.094,-7,-16,1499,1500,-0.04,-0.12,2.8959,3.2418,7.0288,1
101.111,-8,-17,1496,1497,-0.04,-0.12,2.8959,3.2418,7.0288,1
101.130,-9,-17,1496,1499,-0.04,-0.12,2.8959,3.2418,7.0288,1
101.147,-9,-17,1499,1499,-0.41,-0.55,2.8959,3.2418,7.0288,1
101.166,-11,-17,1493,1499,-0.41,-0.55,2.8959,3.2418,7.0288,1
101.184,-12,-17,1495,1499,-0.41,-0.55,2.8959,3.2418,7.0288,1
101.202,-13,-17,1495,1499,-0.41,-0.55,2.8959,3.2418,7.0288,1
101.219,-14,-18,1495,1497,-0.41,-0.55,2.8959,3.2418,7.0288,1
101.236,-16,-18,1492,1499,-0.41,-0.55,2.8959,3.2418,7.0288,1
101.254,-16,-18,1497,1499,-0.41,-0.55,3.3599,3.4264,7.0714,1
101.273,-17,-18,1495,1499,-0.41,-0.55,3.3599,3.4264,7.0714,1
101.290,-21,-19,1485,1497,-0.41,-0.55,3.3599,3.4264,7.0714,1
101.310,-23,-19,1491,1498,-0.41,-0.55,3.3599,3.4264,7.0714,1
101.327,-26,-20,1487,1497,-0.41,-0.55,3.3599,3.4264,7.0714,1
101.345,-28,-20,1490,1498,-0.41,-0.55,3.3599,3.4264,7.0714,1
101.363,-32,-19,1483,1500,-0.41,-0.55,3.3599,3.4264,7.0714,1
101.380,-33,-19,1491,1498,-0.41,-0.55,3.3599,3.4264,7.0714,1
101.397,-34,-19,1491,1498,-0.52,-0.49,3.3599,3.4264,7.0714,1
101.414,-35,-19,1491,1498,-0.52,-0.49,3.3599,3.4264,7.0714,1
101.431,-36,-19,1491,1498,-0.52,-0.49,3.3599,3.4264,7.0714,1
101.449,-37,-19,1490,1498,-0.52,-0.49,3.3599,3.4264,7.0714,1
101.466,-38,-19,1490,1498,-0.52,-0.49,3.3599,3.4264,7.0714,1
101.483,-39,-20,1490,1497,-0.52,-0.49,3.3599,3.4264,7.0714,1
101.501,-39,-20,1493,1498,-0.52,-0.49,3.3599,3.4264,7.0714,1
101.518,-40,-21,1490,1497,-0.52,-0.49,3.3599,3.4264,7.0714,1
101.537,-40,-21,1493,1498,-0.52,-0.49,3.3599,3.4264,7.0714,1
101.556,-41,-20,1490,1500,-0.52,-0.49,3.3599,3.4264,7.0714,1
101.574,-44,-20,1483,1498,-0.52,-0.49,3.3599,3.4264,7.0714,1
101.593,-44,-21,1492,1497,-0.52,-0.49,3.3599,3.4264,7.0714,1
101.611,-45,-22,1489,1496,-0.52,-0.49,3.3599,3.4264,7.0714,1
101.629,-46,-22,1489,1498,-0.52,-0.49,3.3599,3.4264,7.0714,1
101.647,-47,-22,1488,1498,-1.27,0.18,3.3599,3.4264,7.0714,1
101.665,-48,-22,1488,1498,-1.27,0.18,3.3599,3.4264,7.0714,1
101.682,-49,-22,1488,1498,-1.27,0.18,3.3599,3.4264,7.0714,1
101.702,-50,-21,1488,1500,-1.27,0.18,3.3599,3.4264,7.0714,1
101.723,-52,-21,1485,1498,-1.27,0.18,3.3599,3.4264,7.0714,1
101.740,-53,-21,1487,1498,-1.27,0.18,3.3599,3.4264,7.0714,1
101.758,-53,-21,1490,1498,-1.27,0.18,3.0642,3.1540,6.6261,1
101.775,-55,-22,1484,1496,-1.27,0.18,3.0642,3.1540,6.6261,1
101.794,-57,-22,1484,1498,-1.27,0.18,3.0642,3.1540,6.6261,1
101.811,-58,-22,1486,1498,-1.27,0.18,3.0642,3.1540,6.6261,1
101.830,-60,-22,1483,1498,-1.27,0.18,3.0642,3.1540,6.6261,1
101.848,-62,-22,1482,1498,-1.27,0.18,3.0642,3.1540,6.6261,0
101.865,-63,-22,1485,1498,-1.27,0.18,3.0642,3.1540,6.6261,0
101.882,-65,-22,1482,1498,-1.27,0.18,3.0642,3.1540,6.6261,0
101.899,-67,-21,1481,1500,-1.59,0.24,3.0642,3.1540,6.6261,0
101.918,-69,-22,1481,1497,-1.59,0.24,3.0642,3.1540,6.6261,0
101.935,-70,-21,1484,1500,-1.59,0.24,3.0642,3.1540,6.6261,0
101.952,-72,-22,1480,1497,-1.59,0.24,3.0642,3.1540,6.6261,0
101.969,-73,-22,1483,1498,-1.59,0.24,3.0642,3.1540,6.6261,0
101.988,-73,-22,1486,1498,-1.59,0.24,3.0642,3.1540,6.6261,0
102.006,-74,-22,1483,1498,-1.59,0.24,3.0642,3.1540,6.6261,0
102.024,-76,-22,1480,1498,-1.59,0.24,3.0642,3.1540,6.6261,0
102.042,-78,-22,1479,1498,-1.59,0.24,3.0642,3.1540,6.6261,0
102.059,-80,-22,1479,1498,-1.59,0.24,3.0642,3.1540,6.6261,0
102.078,-81,-22,1481,1498,-1.59,0.24,3.0642,3.1540,6.6261,0
102.096,-82,-22,1481,1498,-1.59,0.24,3.0642,3.1540,6.6261,0
102.113,-83,-22,1481,1498,-1.59,0.24,3.0642,3.1540,6.6261,0
102.130,-85,-22,1478,1498,-1.59,0.24,3.0642,3.1540,6.6261,0
102.148,-87,-22,1477,1498,-1.72,0.45,3.0642,3.1540,6.6261,0
102.165,-89,-21,1477,1500,-1.72,0.45,3.0642,3.1540,6.6261,0
102.183,-90,-22,1479,1497,-1.72,0.45,3.0642,3.1540,6.6261,0
102.200,-92,-22,1476,1498,-1.72,0.45,3.0642,3.1540,6.6261,0
102.218,-93,-21,1479,1500,-1.72,0.45,3.0642,3.1540,6.6261,0
102.236,-95,-22,1475,1497,-1.72,0.45,3.0642,3.1540,6.6261,0
102.253,-95,-22,1481,1498,-1.72,0.45,2.8725,3.3415,7.3150,0
102.271,-96,-22,1478,1498,-1.72,0.45,2.8725,3.3415,7.3150,0
102.288,-97,-22,1478,1498,-1.72,0.45,2.8725,3.3415,7.3150,0
102.306,-97,-22,1481,1498,-1.72,0.45,2.8725,3.3415,7.3150,0
102.323,-97,-23,1481,1496,-1.72,0.45,2.8725,3.3415,7.3150,0
102.340,-97,-22,1481,1500,-1.72,0.45,2.8725,3.3415,7.3150,0
102.358,-99,-22,1475,1498,-1.72,0.45,2.8725,3.3415,7.3150,0
102.375,-99,-22,1480,1498,-1.72,0.45,2.8725,3.3415,7.3150,0
102.392,-99,-22,1480,1498,-1.92,0.00,2.8725,3.3415,7.3150,0
102.412,-100,-22,1477,1498,-1.92,0.00,2.8725,3.3415,7.3150,0
102.429,-101,-22,1477,1498,-1.92,0.00,2.8725,3.3415,7.3150,0
102.446,-101,-23,1480,1496,-1.92,0.00,2.8725,3.3415,7.3150,0
102.463,-101,-23,1480,1498,-1.92,0.00,2.8725,3.3415,7.3150,0
102.482,-102,-22,1477,1500,-1.92,0.00,2.8725,3.3415,7.3150,0
102.499,-101,-23,1483,1496,-1.92,0.00,2.8725,3.3415,7.3150,0
102.517,-101,-22,1480,1500,-1.92,0.00,2.8725,3.3415,7.3150,0
102.535,-101,-22,1480,1498,-1.92,0.00,2.8725,3.3415,7.3150,0
102.552,-101,-22,1480,1498,-1.92,0.00,2.8725,3.3415,7.3150,0
102.569,-100,-22,1483,1498,-1.92,0.00,2.8725,3.3415,7.3150,0
102.587,-100,-22,1480,1498,-1.92,0.00,2.8725,3.3415,7.3150,0
102.605,-100,-23,1480,1496,-1.92,0.00,2.8725,3.3415,7.3150,0
102.623,-98,-23,1483,1498,-1.92,0.00,2.8725,3.3415,7.3150,0
102.643,-98,-23,1483,1498,-1.98,-0.25,2.8725,3.3415,7.3150,0
102.661,-98,-22,1481,1500,-1.98,-0.25,2.8725,3.3415,7.3150,0
102.683,-97,-23,1484,1496,-1.98,-0.25,2.8725,3.3415,7.3150,0
102.701,-97,-23,1481,1498,-1.98,-0.25,2.8725,3.3415,7.3150,0
102.718,-97,-22,1481,1500,-1.98,-0.25,2.8725,3.3415,7.3150,0
102.735,-96,-22,1484,1498,-1.98,-0.25,2.8725,3.3415,7.3150,0
102.753,-95,-23,1484,1496,-1.98,-0.25,2.8104,4.1377,6.6666,0
102.771,-94,-23,1484,1498,-1.98,-0.25,2.8104,4.1377,6.6666,0
102.788,-91,-23,1491,1498,-1.98,-0.25,2.8104,4.1377,6.6666,0
102.805,-91,-23,1482,1498,-1.98,-0.25,2.8104,4.1377,6.6666,0
102.823,-90,-23,1485,1498,-1.98,-0.25,2.8104,4.1377,6.6666,0
102.841,-89,-23,1485,1498,-1.98,-0.25,2.8104,4.1377,6.6666,0
102.858,-86,-23,1492,1498,-1.98,-0.25,2.8104,4.1377,6.6666,0
102.876,-86,-23,1483,1498,-1.98,-0.25,2.8104,4.1377,6.6666,0
102.893,-85,-23,1486,1498,-1.69,-0.08,2.8104,4.1377,6.6666,0
102.911,-83,-23,1489,1498,-1.69,-0.08,2.8104,4.1377,6.6666,0
102.928,-82,-23,1487,1498,-1.69,-0.08,2.8104,4.1377,6.6666,0
102.945,-81,-23,1487,1498,-1.69,-0.08,2.8104,4.1377,6.6666,0
102.962,-80,-23,1487,1498,-1.69,-0.08,2.8104,4.1377,6.6666,0
102.979,-79,-23,1487,1498,-1.69,-0.08,2.8104,4.1377,6.6666,0
102.997,-78,-23,1488,1498,-1.69,-0.08,2.8104,4.1377,6.6666,0
103.014,-76,-23,1491,1498,-1.69,-0.08,2.8104,4.1377,6.6666,0
103.031,-75,-23,1488,1498,-1.69,-0.08,2.8104,4.1377,6.6666,0
103.049,-74,-23,1488,1498,-1.69,-0.08,2.8104,4.1377,6.6666,0
103.067,-72,-23,1491,1498,-1.69,-0.08,2.8104,4.1377,6.6666,0
103.085,-71,-22,1489,1500,-1.69,-0.08,2.8104,4.1377,6.6666,0
103.103,-71,-23,1486,1496,-1.69,-0.08,2.8104,4.1377,6.6666,0
103.120,-70,-23,1489,1498,-1.69,-0.08,2.8104,4.1377,6.6666,0
103.138,-68,-23,1492,1498,-0.77,0.28,2.8104,4.1377,6.6666,0
103.156,-67,-23,1490,1498,-0.77,0.28,2.8104,4.1377,6.6666,0
103.174,-66,-22,1490,1500,-0.77,0.28,2.8104,4.1377,6.6666,0
103.191,-66,-21,1487,1500,-0.77,0.28,2.8104,4.1377,6.6666,0
103.209,-66,-23,1487,1495,-0.77,0.28,2.8104,4.1377,6.6666,0
103.227,-65,-21,1490,1501,-0.77,0.28,2.8104,4.1377,6.6666,0
103.245,-66,-21,1484,1498,-0.77,0.28,2.8089,3.8847,6.5224,0
103.262,-66,-22,1487,1496,-0.77,0.28,2.8089,3.8847,6.5224,0
103.279,-66,-21,1487,1500,-0.77,0.28,2.8089,3.8847,6.5224,0
103.297,-67,-21,1484,1498,-0.77,0.28,2.8089,3.8847,6.5224,0
103.314,-68,-20,1484,1500,-0.77,0.28,2.8089,3.8847,6.5224,0
103.331,-68,-20,1487,1498,-0.77,0.28,2.8089,3.8847,6.5224,0
103.348,-68,-20,1487,1498,-0.77,0.28,2.8089,3.8847,6.5224,0
103.366,-69,-20,1484,1498,-0.77,0.28,2.8089,3.8847,6.5224,0
103.385,-70,-20,1484,1498,-0.77,0.28,2.8089,3.8847,6.5224,0
103.402,-70,-20,1486,1498,0.03,0.33,2.8089,3.8847,6.5224,0
103.420,-71,-20,1483,1498,0.03,0.33,2.8089,3.8847,6.5224,0
103.437,-73,-20,1480,1498,0.03,0.33,2.8089,3.8847,6.5224,0
103.454,-74,-19,1483,1500,0.03,0.33,2.8089,3.8847,6.5224,0
103.475,-76,-19,1483,1498,0.03,0.33,2.8089,3.8847,6.5224,0
103.493,-78,-19,1477,1498,0.03,0.33,2.8089,3.8847,6.5224,0
103.510,-79,-19,1482,1498,0.03,0.33,2.8089,3.8847,6.5224,0
103.528,-80,-18,1481,1500,0.03,0.33,2.8089,3.8847,6.5224,0
103.545,-81,-19,1481,1497,0.03,0.33,2.8089,3.8847,6.5224,0
103.562,-82,-19,1481,1498,0.03,0.33,2.8089,3.8847,6.5224,0
103.580,-82,-20,1484,1497,0.03,0.33,2.8089,3.8847,6.5224,0
103.597,-83,-19,1481,1500,0.03,0.33,2.8089,3.8847,6.5224,0
103.615,-83,-18,1484,1500,0.03,0.33,2.8089,3.8847,6.5224,0
103.634,-84,-18,1481,1499,0.03,0.33,2.8089,3.8847,6.5224,0
103.652,-84,-18,1483,1499,0.02,0.66,2.8089,3.8847,6.5224,0
103.669,-84,-18,1483,1499,0.02,0.66,2.8089,3.8847,6.5224,0
103.687,-85,-20,1480,1495,0.02,0.66,2.8089,3.8847,6.5224,0
103.704,-85,-20,1483,1498,0.02,0.66,2.8089,3.8847,6.5224,0
103.721,-86,-20,1480,1498,0.02,0.66,2.8089,3.8847,6.5224,0
103.738,-87,-19,1480,1500,0.02,0.66,2.9594,3.7351,8.4057,0
103.756,-87,-18,1483,1500,0.02,0.66,2.9594,3.7351,8.4057,0
103.774,-88,-18,1480,1499,0.02,0.66,2.9594,3.7351,8.4057,0
103.791,-88,-18,1483,1499,0.02,0.66,2.9594,3.7351,8.4057,0
103.809,-89,-18,1480,1499,0.02,0.66,2.9594,3.7351,8.4057,0
103.828,-89,-18,1482,1499,0.02,0.66,2.9594,3.7351,8.4057,0
103.846,-89,-18,1482,1499,0.02,0.66,2.9594,3.7351,8.4057,0
103.863,-89,-18,1482,1499,0.02,0.66,2.9594,3.7351,8.4057,0
103.880,-90,-18,1479,1499,0.02,0.66,2.9594,3.7351,8.4057,0
103.898,-90,-19,1482,1497,-0.72,1.26,2.9594,3.7351,8.4057,0
103.915,-90,-18,1482,1500,-0.72,1.26,2.9594,3.7351,8.4057,0
103.932,-90,-18,1482,1499,-0.72,1.26,2.9594,3.7351,8.4057,0
103.949,-91,-19,1479,1497,-0.72,1.26,2.9594,3.7351,8.4057,0
103.966,-90,-19,1485,1498,-0.72,1.26,2.9594,3.7351,8.4057,0
103.984,-90,-18,1482,1500,-0.72,1.26,2.9594,3.7351,8.4057,0
104.003,-89,-18,1485,1499,-0.72,1.26,2.9594,3.7351,8.4057,0
104.020,-88,-18,1486,1499,-0.72,1.26,2.9594,3.7351,8.4057,0
104.038,-87,-18,1486,1499,-0.72,1.26,2.9594,3.7351,8.4057,0
104.056,-86,-18,1486,1499,-0.72,1.26,2.9594,3.7351,8.4057,0
104.073,-85,-18,1486,1499,-0.72,1.26,2.9594,3.7351,8.4057,0
104.092,-84,-18,1486,1499,-0.72,1.26,2.9594,3.7351,8.4057,0
104.110,-82,-18,1490,1499,-0.72,1.26,2.9594,3.7351,8.4057,0
104.130,-79,-19,1493,1497,-0.72,1.26,2.9594,3.7351,8.4057,0
104.147,-78,-18,1487,1500,-1.07,0.17,2.9594,3.7351,8.4057,0
104.164,-77,-18,1488,1499,-1.07,0.17,2.9594,3.7351,8.4057,0
104.181,-75,-18,1491,1499,-1.07,0.17,2.9594,3.7351,8.4057,0
104.199,-74,-18,1488,1499,-1.07,0.17,2.9594,3.7351,8.4057,0
104.216,-74,-17,1485,1500,-1.07,0.17,2.9594,3.7351,8.4057,0
104.234,-73,-17,1488,1499,-1.07,0.17,2.9594,3.7351,8.4057,0
104.252,-72,-17,1489,1499,-1.07,0.17,2.9776,6.3876,10.2746,0
104.269,-72,-17,1486,1499,-1.07,0.17,2.9776,6.3876,10.2746,0
104.286,-72,-17,1486,1499,-1.07,0.17,2.9776,6.3876,10.2746,0
104.304,-71,-17,1489,1499,-1.07,0.17,2.9776,6.3876,10.2746,0
104.322,-71,-16,1486,1500,-1.07,0.17,2.9776,6.3876,10.2746,0
104.339,-70,-17,1489,1497,-1.07,0.17,2.9776,6.3876,10.2746,0
104.356,-69,-16,1489,1500,-1.07,0.17,2.9776,6.3876,10.2746,0
104.373,-68,-16,1490,1499,-1.07,0.17,2.9776,6.3876,10.2746,0
104.392,-68,-16,1487,1499,-0.68,0.39,2.9776,6.3876,10.2746,0
104.410,-67,-17,1490,1497,-0.68,0.39,2.9776,6.3876,10.2746,0
104.427,-67,-17,1487,1499,-0.68,0.39,2.9776,6.3876,10.2746,0
104.445,-66,-15,1490,1501,-0.68,0.39,2.9776,6.3876,10.2746,0
104.462,-66,-15,1487,1499,-0.68,0.39,2.9776,6.3876,10.2746,0
104.480,-65,-15,1490,1499,-0.68,0.39,2.9776,6.3876,10.2746,0
104.497,-64,-15,1490,1499,-0.68,0.39,2.9776,6.3876,10.2746,0
104.516,-63,-15,1490,1499,-0.68,0.39,2.9776,6.3876,10.2746,0
104.533,-62,-15,1491,1499,-0.68,0.39,2.9776,6.3876,10.2746,0
104.550,-61,-15,1491,1499,-0.68,0.39,2.9776,6.3876,10.2746,0
104.569,-60,-15,1491,1499,-0.68,0.39,2.9776,6.3876,10.2746,1
104.587,-59,-15,1491,1499,-0.68,0.39,2.9776,6.3876,10.2746,1
104.604,-58,-15,1492,1499,-0.68,0.39,2.9776,6.3876,10.2746,1
104.622,-57,-15,1492,1499,-0.68,0.39,2.9776,6.3876,10.2746,1
104.639,-56,-15,1492,1499,-0.46,0.91,2.9776,6.3876,10.2746,1
104.656,-56,-15,1489,1499,-0.46,0.91,2.9776,6.3876,10.2746,1
104.674,-54,-14,1495,1500,-0.46,0.91,2.9776,6.3876,10.2746,1
104.691,-53,-14,1493,1499,-0.46,0.91,2.9776,6.3876,10.2746,1
104.710,-52,-14,1492,1499,-0.46,0.91,2.9776,6.3876,10.2746,1
104.728,-51,-14,1493,1499,-0.46,0.91,2.9776,6.3876,10.2746,1
104.745,-50,-14,1493,1499,-0.46,0.91,3.0748,11.3640,8.5382,1
104.763,-49,-14,1493,1499,-0.46,0.91,3.0748,11.3640,8.5382,1
104.780,-48,-14,1494,1499,-0.46,0.91,3.0748,11.3640,8.5382,1
104.797,-46,-14,1497,1499,-0.46,0.91,3.0748,11.3640,8.5382,1
104.815,-45,-14,1494,1499,-0.46,0.91,3.0748,11.3640,8.5382,1
104.833,-44,-14,1494,1499,-0.46,0.91,3.0748,11.3640,8.5382,1
104.851,-43,-14,1495,1499,-0.46,0.91,3.0748,11.3640,8.5382,1
104.869,-42,-13,1495,1500,-0.46,0.91,3.0748,11.3640,8.5382,1
104.887,-42,-13,1492,1499,0.98,1.30,3.0748,11.3640,8.5382,1
104.905,-41,-13,1495,1499,0.98,1.30,3.0748,11.3640,8.5382,1
104.922,-41,-13,1492,1499,0.98,1.30,3.0748,11.3640,8.5382,1
104.940,-41,-14,1492,1497,0.98,1.30,3.0748,11.3640,8.5382,1
104.958,-40,-12,1495,1502,0.98,1.30,3.0748,11.3640,8.5382,1
104.975,-41,-12,1489,1499,0.98,1.30,3.0748,11.3640,8.5382,1
104.992,-41,-12,1492,1499,0.98,1.30,3.0748,11.3640,8.5382,1
105.009,-41,-13,1492,1497,0.98,1.30,3.0748,11.3640,8.5382,1
105.026,-41,-11,1492,1502,0.98,1.30,3.0748,11.3640,8.5382,1
105.043,-42,-11,1489,1499,0.98,1.30,3.0748,11.3640,8.5382,1
105.061,-42,-12,1492,1497,0.98,1.30,3.0748,11.3640,8.5382,1
105.078,-42,-11,1492,1500,0.98,1.30,3.0748,11.3640,8.5382,1
105.096,-42,-11,1492,1499,0.98,1.30,3.0748,11.3640,8.5382,1
105.114,-42,-12,1492,1498,0.98,1.30,3.0748,11.3640,8.5382,1
105.132,-42,-11,1492,1500,0.98,1.30,3.0748,11.3640,8.5382,1
105.151,-42,-11,1492,1499,1.15,1.89,3.0748,11.3640,8.5382,1
105.171,-41,-11,1495,1499,1.15,1.89,3.0748,11.3640,8.5382,1
105.188,-40,-10,1495,1500,1.15,1.89,3.0748,11.3640,8.5382,1
105.205,-39,-10,1495,1499,1.15,1.89,3.0748,11.3640,8.5382,1
105.223,-39,-11,1492,1498,1.15,1.89,3.0748,11.3640,8.5382,1
105.241,-37,-10,1498,1500,1.15,1.89,3.1298,10.7353,9.1068,1
105.258,-37,-10,1493,1499,1.15,1.89,3.1298,10.7353,9.1068,1
105.275,-36,-11,1496,1498,1.15,1.89,3.1298,10.7353,9.1068,1
105.293,-34,-10,1499,1500,1.15,1.89,3.1298,10.7353,9.1068,1
105.311,-32,-11,1500,1498,1.15,1.89,3.1298,10.7353,9.1068,1
105.328,-31,-10,1497,1500,1.15,1.89,3.1298,10.7353,9.1068,1
105.346,-30,-10,1497,1499,1.15,1.89,3.1298,10.7353,9.1068,1
105.363,-28,-10,1500,1499,1.15,1.89,3.1298,10.7353,9.1068,1
105.381,-27,-10,1498,1499,1.15,1.89,3.1298,10.7353,9.1068,1
105.398,-26,-10,1498,1499,1.42,2.35,3.1298,10.7353,9.1068,1
105.416,-25,-9,1498,1500,1.42,2.35,3.1298,10.7353,9.1068,1
105.435,-23,-9,1500,1499,1.42,2.35,3.1298,10.7353,9.1068,1
105.454,-21,-10,1500,1498,1.42,2.35,3.1298,10.7353,9.1068,1
105.472,-19,-9,1501,1500,1.42,2.35,3.1298,10.7353,9.1068,1
105.491,-15,-9,1508,1499,1.42,2.35,3.1298,10.7353,9.1068,1
105.508,-13,-9,1502,1499,1.42,2.35,3.1298,10.7353,9.1068,1
105.526,-11,-11,1503,1496,1.42,2.35,3.1298,10.7353,9.1068,1
105.544,-9,-8,1503,1504,1.42,2.35,3.1298,10.7353,9.1068,1
105.561,-7,-8,1504,1500,1.42,2.35,3.1298,10.7353,9.1068,1
105.578,-5,-8,1504,1500,1.42,2.35,3.1298,10.7353,9.1068,1
105.598,-3,-8,1504,1500,1.42,2.35,3.1298,10.7353,9.1068,1
105.615,-2,-9,1502,1498,1.42,2.35,3.1298,10.7353,9.1068,1
105.632,-1,-9,1502,1499,1.42,2.35,3.1298,10.7353,9.1068,1
105.649,1,-10,1505,1498,0.92,2.52,3.1298,10.7353,9.1068,1
105.666,2,-9,1503,1500,0.92,2.52,3.1298,10.7353,9.1068,1
105.684,3,-9,1503,1499,0.92,2.52,3.1298,10.7353,9.1068,1
105.702,3,-9,1500,1499,0.92,2.52,3.1298,10.7353,9.1068,1
105.722,4,-8,1503,1500,0.92,2.52,3.1298,10.7353,9.1068,1
105.740,4,-9,1500,1498,0.92,2.52,2.5934,6.6338,9.3411,1
105.758,5,-9,1503,1499,0.92,2.52,2.5934,6.6338,9.3411,1
105.777,6,-9,1503,1499,0.92,2.52,2.5934,6.6338,9.3411,1
105.794,7,-9,1504,1499,0.92,2.52,2.5934,6.6338,9.3411,1
105.812,7,-9,1501,1499,0.92,2.52,2.5934,6.6338,9.3411,1
105.829,8,-9,1504,1499,0.92,2.52,2.5934,6.6338,9.3411,1
105.847,8,-10,1501,1498,0.92,2.52,2.5934,6.6338,9.3411,1
105.866,8,-10,1501,1499,0.92,2.52,2.5934,6.6338,9.3411,1
105.884,8,-11,1501,1498,0.46,2.28,2.5934,6.6338,9.3411,1
105.901,9,-10,1504,1500,0.46,2.28,2.5934,6.6338,9.3411,1
105.919,9,-10,1501,1499,0.46,2.28,2.5934,6.6338,9.3411,1
105.936,9,-10,1501,1499,0.46,2.28,2.5934,6.6338,9.3411,1
105.953,8,-10,1499,1499,0.46,2.28,2.5934,6.6338,9.3411,1
105.971,7,-10,1499,1499,0.46,2.28,2.5934,6.6338,9.3411,1
105.988,6,-10,1499,1499,0.46,2.28,2.5934,6.6338,9.3411,1
106.006,4,-10,1495,1499,0.46,2.28,2.5934,6.6338,9.3411,1
106.024,3,-10,1498,1499,0.46,2.28,2.5934,6.6338,9.3411,1
106.041,2,-10,1498,1499,0.46,2.28,2.5934,6.6338,9.3411,1
106.059,1,-10,1498,1499,0.46,2.28,2.5934,6.6338,9.3411,1
106.077,0,-10,1498,1499,0.46,2.28,2.5934,6.6338,9.3411,1
106.095,-1,-10,1497,1499,0.46,2.28,2.5934,6.6338,9.3411,1
106.112,-2,-11,1497,1498,0.46,2.28,2.5934,6.6338,9.3411,1
106.131,-3,-11,1497,1499,0.46,2.28,2.5934,6.6338,9.3411,1
106.149,-4,-11,1497,1499,-0.01,1.22,2.5934,6.6338,9.3411,1
106.167,-5,-11,1497,1499,-0.01,1.22,2.5934,6.6338,9.3411,1
106.185,-6,-11,1496,1499,-0.01,1.22,2.5934,6.6338,9.3411,1
106.202,-7,-11,1496,1499,-0.01,1.22,2.5934,6.6338,9.3411,1
106.219,-8,-11,1496,1499,-0.01,1.22,2.5934,6.6338,9.3411,1
106.237,-9,-12,1496,1497,-0.01,1.22,2.6939,9.6852,8.4646,1
106.254,-9,-11,1499,1500,-0.01,1.22,2.6939,9.6852,8.4646,1
106.271,-10,-11,1495,1499,-0.01,1.22,2.6939,9.6852,8.4646,1
106.288,-10,-11,1498,1499,-0.01,1.22,2.6939,9.6852,8.4646,1
106.309,-9,-11,1500,1499,-0.01,1.22,2.6939,9.6852,8.4646,1
106.328,-9,-11,1499,1499,-0.01,1.22,2.6939,9.6852,8.4646,1
106.346,-8,-12,1500,1498,-0.01,1.22,2.6939,9.6852,8.4646,1
106.363,-7,-12,1501,1499,-0.01,1.22,2.6939,9.6852,8.4646,1
106.380,-5,-13,1504,1497,-0.01,1.22,2.6939,9.6852,8.4646,1
106.398,-4,-12,1501,1500,-0.30,1.11,2.6939,9.6852,8.4646,1
106.415,-2,-12,1505,1499,-0.30,1.11,2.6939,9.6852,8.4646,1
106.432,-1,-11,1502,1500,-0.30,1.11,2.6939,9.6852,8.4646,1
106.450,1,-12,1505,1497,-0.30,1.11,2.6939,9.6852,8.4646,1
106.467,3,-12,1506,1499,-0.30,1.11,2.6939,9.6852,8.4646,1
106.484,5,-12,1506,1499,-0.30,1.11,2.6939,9.6852,8.4646,1
106.502,7,-12,1506,1499,-0.30,1.11,2.6939,9.6852,8.4646,1
106.520,8,-13,1504,1498,-0.30,1.11,2.6939,9.6852,8.4646,1
106.538,10,-13,1507,1499,-0.30,1.11,2.6939,9.6852,8.4646,1
106.556,11,-13,1504,1499,-0.30,1.11,2.6939,9.6852,8.4646,1
106.573,13,-13,1508,1499,-0.30,1.11,2.6939,9.6852,8.4646,1
106.590,14,-13,1505,1499,-0.30,1.11,2.6939,9.6852,8.4646,1
106.608,17,-13,1511,1499,-0.30,1.11,2.6939,9.6852,8.4646,1
106.625,19,-14,1509,1497,-0.30,1.11,2.6939,9.6852,8.4646,1
106.643,21,-15,1509,1497,-0.47,1.05,2.6939,9.6852,8.4646,1
106.661,21,-15,1504,1499,-0.47,1.05,2.6939,9.6852,8.4646,1
106.678,21,-15,1504,1499,-0.47,1.05,2.6939,9.6852,8.4646,1
106.697,23,-15,1509,1499,-0.47,1.05,2.6939,9.6852,8.4646,1
106.716,25,-15,1510,1499,-0.47,1.05,2.6939,9.6852,8.4646,1
106.738,27,-16,1509,1497,-0.47,1.05,2.9132,5.0269,10.1585,1
106.755,30,-16,1514,1499,-0.47,1.05,2.9132,5.0269,10.1585,1
106.772,35,-15,1521,1500,-0.47,1.05,2.9132,5.0269,10.1585,1
106.789,38,-15,1516,1499,-0.47,1.05,2.9132,5.0269,10.1585,1
106.808,41,-14,1516,1500,-0.47,1.05,2.9132,5.0269,10.1585,1
106.826,45,-14,1519,1499,-0.47,1.05,2.9132,5.0269,10.1585,1
106.844,48,-15,1518,1497,-0.47,1.05,2.9132,5.0269,10.1585,1
106.861,50,-15,1515,1499,-0.47,1.05,2.9132,5.0269,10.1585,1
106.880,53,-14,1518,1500,-0.47,1.05,2.9132,5.0269,10.1585,1
106.897,55,-15,1516,1497,0.02,1.84,2.9132,5.0269,10.1585,1
106.917,56,-14,1513,1500,0.02,1.84,2.9132,5.0269,10.1585,1
106.936,56,-14,1511,1499,0.02,1.84,2.9132,5.0269,10.1585,1
106.954,57,-15,1514,1497,0.02,1.84,2.9132,5.0269,10.1585,1
106.971,58,-15,1514,1499,0.02,1.84,2.9132,5.0269,10.1585,1
106.990,58,-15,1511,1499,0.02,1.84,2.9132,5.0269,10.1585,1
107.008,58,-16,1511,1497,0.02,1.84,2.9132,5.0269,10.1585,1
107.025,58,-15,1511,1500,0.02,1.84,2.9132,5.0269,10.1585,1
107.043,58,-15,1511,1499,0.02,1.84,2.9132,5.0269,10.1585,1
107.060,57,-16,1508,1497,0.02,1.84,2.9132,5.0269,10.1585,1
107.077,57,-16,1511,1499,0.02,1.84,2.9132,5.0269,10.1585,1
107.094,57,-16,1511,1499,0.02,1.84,2.9132,5.0269,10.1585,1
107.111,57,-16,1511,1499,0.02,1.84,2.9132,5.0269,10.1585,1
107.131,58,-16,1514,1499,0.02,1.84,2.9132,5.0269,10.1585,1
107.150,58,-16,1511,1499,0.30,0.20,2.9132,5.0269,10.1585,1
107.169,58,-17,1511,1497,0.30,0.20,2.9132,5.0269,10.1585,1
107.187,58,-17,1511,1499,0.30,0.20,2.9132,5.0269,10.1585,1
107.205,58,-17,1511,1499,0.30,0.20,2.9132,5.0269,10.1585,1
107.224,58,-17,1511,1499,0.30,0.20,2.9132,5.0269,10.1585,1
107.241,58,-17,1511,1499,0.30,0.20,2.7061,4.0068,6.7661,1
107.259,58,-17,1511,1499,0.30,0.20,2.7061,4.0068,6.7661,1
107.277,58,-17,1511,1499,0.30,0.20,2.7061,4.0068,6.7661,1
107.294,58,-17,1511,1499,0.30,0.20,2.7061,4.0068,6.7661,1
107.311,57,-17,1508,1499,0.30,0.20,2.7061,4.0068,6.7661,1
107.329,57,-17,1511,1499,0.30,0.20,2.7061,4.0068,6.7661,1
107.346,57,-18,1511,1497,0.30,0.20,2.7061,4.0068,6.7661,1
107.363,56,-17,1508,1500,0.30,0.20,2.7061,4.0068,6.7661,1
107.380,56,-17,1511,1499,0.30,0.20,2.7061,4.0068,6.7661,1
107.398,55,-18,1508,1497,0.43,0.13,2.7061,4.0068,6.7661,1
107.415,54,-18,1508,1499,0.43,0.13,2.7061,4.0068,6.7661,1
107.432,54,-18,1511,1499,0.43,0.13,2.7061,4.0068,6.7661,1
107.453,54,-17,1511,1500,0.43,0.13,2.7061,4.0068,6.7661,1
107.471,54,-17,1511,1499,0.43,0.13,2.7061,4.0068,6.7661,1
107.490,53,-17,1508,1499,0.43,0.13,2.7061,4.0068,6.7661,1
107.507,53,-17,1510,1499,0.43,0.13,2.7061,4.0068,6.7661,1
107.525,52,-17,1507,1499,0.43,0.13,2.7061,4.0068,6.7661,1
107.545,52,-17,1510,1499,0.43,0.13,2.7061,4.0068,6.7661,1
107.563,51,-17,1507,1499,0.43,0.13,2.7061,4.0068,6.7661,1
107.580,49,-17,1504,1499,0.43,0.13,2.7061,4.0068,6.7661,1
107.598,48,-17,1506,1499,0.43,0.13,2.7061,4.0068,6.7661,1
107.615,47,-17,1506,1499,0.43,0.13,2.7061,4.0068,6.7661,1
107.633,46,-17,1506,1499,0.10,0.45,2.7061,4.0068,6.7661,1
107.650,44,-18,1503,1497,0.10,0.45,2.7061,4.0068,6.7661,1
107.667,41,-17,1500,1500,0.10,0.45,2.7061,4.0068,6.7661,1
107.685,39,-17,1502,1499,0.10,0.45,2.7061,4.0068,6.7661,1
107.702,38,-17,1504,1499,0.10,0.45,2.7061,4.0068,6.7661,1
107.722,38,-17,1507,1499,0.10,0.45,2.7061,4.0068,6.7661,1
107.742,36,-16,1503,1500,0.10,0.45,2.7872,3.9517,6.6831,1
107.760,32,-16,1496,1499,0.10,0.45,2.7872,3.9517,6.6831,1
107.777,30,-16,1500,1499,0.10,0.45,2.7872,3.9517,6.6831,1
107.796,29,-17,1503,1497,0.10,0.45,2.7872,3.9517,6.6831,1
107.816,26,-16,1499,1500,0.10,0.45,2.7872,3.9517,6.6831,1
107.833,23,-18,1497,1495,0.10,0.45,2.7872,3.9517,6.6831,1
107.851,21,-17,1499,1500,0.10,0.45,2.7872,3.9517,6.6831,1
107.869,20,-18,1501,1497,0.10,0.45,2.7872,3.9517,6.6831,1
107.886,19,-17,1501,1500,-0.31,0.33,2.7872,3.9517,6.6831,1
107.904,18,-17,1500,1499,-0.31,0.33,2.7872,3.9517,6.6831,1
107.921,18,-17,1503,1499,-0.31,0.33,2.7872,3.9517,6.6831,1
107.938,17,-17,1500,1499,-0.31,0.33,2.7872,3.9517,6.6831,1
107.955,17,-17,1503,1499,-0.31,0.33,2.7872,3.9517,6.6831,1
107.974,16,-17,1500,1499,-0.31,0.33,2.7872,3.9517,6.6831,1
107.994,15,-16,1500,1500,-0.31,0.33,2.7872,3.9517,6.6831,1
108.011,14,-16,1500,1499,-0.31,0.33,2.7872,3.9517,6.6831,1
108.028,12,-17,1497,1497,-0.31,0.33,2.7872,3.9517,6.6831,1
108.046,12,-17,1502,1499,-0.31,0.33,2.7872,3.9517,6.6831,1
108.064,10,-16,1497,1500,-0.31,0.33,2.7872,3.9517,6.6831,1
108.081,9,-16,1500,1499,-0.31,0.33,2.7872,3.9517,6.6831,1
108.099,7,-15,1496,1500,-0.31,0.33,2.7872,3.9517,6.6831,1
108.118,6,-15,1499,1499,-0.31,0.33,2.7872,3.9517,6.6831,1
108.136,3,-15,1493,1499,-1.07,1.22,2.7872,3.9517,6.6831,1
108.153,1,-15,1495,1499,-1.07,1.22,2.7872,3.9517,6.6831,1
108.170,1,-15,1500,1499,-1.07,1.22,2.7872,3.9517,6.6831,1
108.188,1,-15,1500,1499,-1.07,1.22,2.7872,3.9517,6.6831,1
108.205,-1,-16,1495,1497,-1.07,1.22,2.7872,3.9517,6.6831,1
108.224,-2,-16,1498,1499,-1.07,1.22,2.7872,3.9517,6.6831,1
108.241,-3,-15,1497,1500,-1.07,1.22,3.0393,3.5702,7.2082,1
108.258,-4,-14,1497,1500,-1.07,1.22,3.0393,3.5702,7.2082,1
108.276,-5,-14,1497,1499,-1.07,1.22,3.0393,3.5702,7.2082,1
108.293,-7,-13,1494,1500,-1.07,1.22,3.0393,3.5702,7.2082,1
108.310,-8,-13,1496,1499,-1.07,1.22,3.0393,3.5702,7.2082,1
108.328,-9,-13,1496,1499,-1.07,1.22,3.0393,3.5702,7.2082,1
108.346,-10,-13,1496,1499,-1.07,1.22,3.0393,3.5702,7.2082,1
108.364,-12,-13,1493,1499,-1.07,1.22,3.0393,3.5702,7.2082,1
108.381,-12,-12,1498,1500,-1.31,1.09,3.0393,3.5702,7.2082,1
108.399,-13,-12,1495,1499,-1.31,1.09,3.0393,3.5702,7.2082,1
108.417,-16,-12,1492,1499,-1.31,1.09,3.0393,3.5702,7.2082,1
108.437,-16,-12,1495,1499,-1.31,1.09,3.0393,3.5702,7.2082,1
108.454,-19,-12,1489,1499,-1.31,1.09,3.0393,3.5702,7.2082,1
108.473,-22,-12,1488,1499,-1.31,1.09,3.0393,3.5702,7.2082,1
108.491,-22,-10,1496,1502,-1.31,1.09,3.0393,3.5702,7.2082,1
108.509,-23,-11,1493,1498,-1.31,1.09,3.0393,3.5702,7.2082,1
108.526,-24,-11,1493,1499,-1.31,1.09,3.0393,3.5702,7.2082,1
108.543,-25,-10,1493,1500,-1.31,1.09,3.0393,3.5702,7.2082,1
108.560,-25,-11,1496,1498,-1.31,1.09,3.0393,3.5702,7.2082,1
108.577,-26,-11,1493,1499,-1.31,1.09,3.0393,3.5702,7.2082,1
108.595,-27,-10,1492,1500,-1.31,1.09,3.0393,3.5702,7.2082,1
108.612,-27,-10,1495,1499,-1.31,1.09,3.0393,3.5702,7.2082,1
108.629,-28,-10,1492,1499,-1.30,1.28,3.0393,3.5702,7.2082,1
108.646,-28,-10,1495,1499,-1.30,1.28,3.0393,3.5702,7.2082,1
108.664,-29,-8,1492,1502,-1.30,1.28,3.0393,3.5702,7.2082,1
108.681,-30,-7,1492,1500,-1.30,1.28,3.0393,3.5702,7.2082,1
108.699,-29,-7,1498,1500,-1.30,1.28,3.0393,3.5702,7.2082,1
108.717,-30,-7,1492,1500,-1.30,1.28,3.0393,3.5702,7.2082,1
108.736,-30,-7,1495,1500,-1.30,1.28,2.8753,3.9762,6.9078,1
108.754,-30,-6,1495,1500,-1.30,1.28,2.8753,3.9762,6.9078,1
108.772,-30,-6,1495,1500,-1.30,1.28,2.8753,3.9762,6.9078,1
108.790,-31,-5,1492,1501,-1.30,1.28,2.8753,3.9762,6.9078,1
108.807,-31,-5,1494,1500,-1.30,1.28,2.8753,3.9762,6.9078,1
108.825,-31,-6,1494,1498,-1.30,1.28,2.8753,3.9762,6.9078,1
108.843,-30,-4,1497,1502,-1.30,1.28,2.8753,3.9762,6.9078,1
108.860,-30,-5,1495,1498,-1.30,1.28,2.8753,3.9762,6.9078,1
108.877,-30,-5,1495,1500,-1.52,1.94,2.8753,3.9762,6.9078,1
108.895,-30,-3,1495,1502,-1.52,1.94,2.8753,3.9762,6.9078,1
108.913,-30,-4,1495,1498,-1.52,1.94,2.8753,3.9762,6.9078,1
108.931,-31,-3,1492,1501,-1.52,1.94,2.8753,3.9762,6.9078,1
108.949,-30,-3,1497,1500,-1.52,1.94,2.8753,3.9762,6.9078,1
108.966,-30,-4,1495,1498,-1.52,1.94,2.8753,3.9762,6.9078,1
108.984,-30,-3,1495,1501,-1.52,1.94,2.8753,3.9762,6.9078,1
109.002,-30,-3,1495,1500,-1.52,1.94,2.8753,3.9762,6.9078,1
109.020,-29,-1,1497,1503,-1.52,1.94,2.8753,3.9762,6.9078,1
109.037,-29,-1,1495,1500,-1.52,1.94,2.8753,3.9762,6.9078,1
109.055,-28,0,1498,1501,-1.52,1.94,2.8753,3.9762,6.9078,1
109.072,-28,-1,1495,1499,-1.52,1.94,2.8753,3.9762,6.9078,1
109.091,-28,-1,1495,1500,-1.52,1.94,2.8753,3.9762,6.9078,1
109.109,-27,0,1498,1501,-1.52,1.94,2.8753,3.9762,6.9078,1
109.127,-27,1,1495,1501,-1.52,1.94,2.8753,3.9762,6.9078,1
109.147,-26,1,1498,1500,-1.14,2.50,2.8753,3.9762,6.9078,1
109.165,-25,1,1498,1500,-1.14,2.50,2.8753,3.9762,6.9078,1
109.182,-25,1,1495,1500,-1.14,2.50,2.8753,3.9762,6.9078,1
109.200,-24,3,1499,1503,-1.14,2.50,2.8753,3.9762,6.9078,1
109.218,-24,3,1496,1500,-1.14,2.50,2.8753,3.9762,6.9078,1
109.235,-22,2,1501,1499,-1.14,2.50,2.9431,3.7560,7.9330,1
109.255,-22,3,1496,1501,-1.14,2.50,2.9431,3.7560,7.9330,1
109.272,-21,4,1499,1502,-1.14,2.50,2.9431,3.7560,7.9330,1
109.290,-18,5,1504,1502,-1.14,2.50,2.9431,3.7560,7.9330,1
109.308,-17,7,1500,1503,-1.14,2.50,2.9431,3.7560,7.9330,1
109.325,-15,8,1502,1502,-1.14,2.50,2.9431,3.7560,7.9330,1
109.342,-15,8,1497,1500,-1.14,2.50,2.9431,3.7560,7.9330,1
109.360,-14,8,1500,1500,-1.14,2.50,2.9431,3.7560,7.9330,1
109.378,-13,9,1500,1502,-0.23,2.28,2.9431,3.7560,7.9330,1
109.396,-12,10,1500,1502,-0.23,2.28,2.9431,3.7560,7.9330,1
109.413,-11,10,1500,1500,-0.23,2.28,2.9431,3.7560,7.9330,1
109.431,-11,11,1498,1502,-0.23,2.28,2.9431,3.7560,7.9330,1
109.449,-10,12,1500,1502,-0.23,2.28,2.9431,3.7560,7.9330,1
109.466,-10,12,1498,1501,-0.23,2.28,2.9431,3.7560,7.9330,1
109.484,-10,13,1498,1502,-0.23,2.28,2.9431,3.7560,7.9330,1
109.503,-9,13,1500,1501,-0.23,2.28,2.9431,3.7560,7.9330,1
109.521,-8,13,1501,1501,-0.23,2.28,2.9431,3.7560,7.9330,1
109.538,-6,14,1504,1503,-0.23,2.28,2.9431,3.7560,7.9330,1
109.555,-5,14,1501,1501,-0.23,2.28,2.9431,3.7560,7.9330,1
109.572,-3,15,1505,1503,-0.23,2.28,2.9431,3.7560,7.9330,1
109.590,-2,16,1502,1503,-0.23,2.28,2.9431,3.7560,7.9330,1
109.607,0,17,1505,1503,-0.23,2.28,2.9431,3.7560,7.9330,1
109.626,2,18,1505,1503,1.28,3.07,2.9431,3.7560,7.9330,1
109.646,4,19,1505,1503,1.28,3.07,2.9431,3.7560,7.9330,1
109.664,6,20,1506,1503,1.28,3.07,2.9431,3.7560,7.9330,1
109.682,8,20,1506,1501,1.28,3.07,2.9431,3.7560,7.9330,1
109.699,10,21,1507,1503,1.28,3.07,2.9431,3.7560,7.9330,1
109.717,13,21,1510,1502,1.28,3.07,2.9431,3.7560,7.9330,1
109.735,17,23,1514,1505,1.28,3.07,2.9431,3.7560,7.9330,1
109.752,20,23,1512,1502,1.28,3.07,2.9431,3.7560,7.9330,1
109.770,22,24,1510,1504,1.28,3.07,2.9431,3.7560,7.9330,1
109.788,24,24,1510,1502,1.28,3.07,2.9431,3.7560,7.9330,1
109.806,26,25,1510,1504,1.28,3.07,2.9431,3.7560,7.9330,1
109.823,28,26,1511,1504,1.28,3.07,2.9431,3.7560,7.9330,1
109.841,31,26,1514,1502,1.28,3.07,2.9431,3.7560,7.9330,1
109.858,33,27,1512,1504,1.28,3.07,2.9431,3.7560,7.9330,1
109.875,36,28,1515,1504,1.28,3.07,2.9431,3.7560,7.9330,1
109.893,39,28,1516,1502,1.91,4.14,2.9431,3.7560,7.9330,1
109.910,42,29,1516,1504,1.91,4.14,2.9431,3.7560,7.9330,1
109.928,42,29,1508,1502,1.91,4.14,2.9431,3.7560,7.9330,1
109.945,47,30,1523,1504,1.91,4.14,2.3236,4.0277,4.7666,1
109.964,49,31,1515,1504,1.91,4.14,2.3236,4.0277,4.7666,1
109.982,52,32,1518,1504,1.91,4.14,2.3236,4.0277,4.7666,1
110.000,54,32,1516,1503,1.91,4.14,2.3236,4.0277,4.7666,1
110.019,59,33,1519,1504,1.91,4.14,2.3236,4.0277,4.7666,1
110.036,59,33,1517,1503,1.91,4.14,2.3236,4.0277,4.7666,1
110.054,63,34,1524,1505,1.91,4.14,2.3236,4.0277,4.7666,0
110.071,66,36,1521,1506,1.91,4.14,2.3236,4.0277,4.7666,0
110.089,68,37,1519,1505,1.91,4.14,2.3236,4.0277,4.7666,0
110.109,71,37,1522,1503,1.91,4.14,2.3236,4.0277,4.7666,0
110.126,73,38,1520,1505,1.91,4.14,2.3236,4.0277,4.7666,0
110.143,76,39,1524,1505,1.53,3.92,2.3236,4.0277,4.7666,0
110.160,78,39,1521,1503,1.53,3.92,2.3236,4.0277,4.7666,0
110.177,80,39,1521,1503,1.53,3.92,2.3236,4.0277,4.7666,0
110.194,82,40,1522,1505,1.53,3.92,2.9300,3.2325,7.1365,0
110.212,83,42,1519,1507,1.53,3.92,2.9300,3.2325,7.1365,0
110.229,84,42,1519,1504,1.53,3.92,2.9300,3.2325,7.1365,0
110.247,85,42,1519,1504,1.53,3.92,2.9300,3.2325,7.1365,0
110.266,86,42,1520,1504,1.53,3.92,2.9300,3.2325,7.1365,0
110.284,87,44,1520,1507,1.53,3.92,2.9300,3.2325,7.1365,0
110.302,87,44,1517,1504,1.53,3.92,2.9300,3.2325,7.1365,0
110.319,87,45,1517,1506,1.53,3.92,2.9300,3.2325,7.1365,0
110.337,87,45,1517,1504,1.53,3.92,2.9300,3.2325,7.1365,0
110.355,87,45,1517,1504,1.53,3.92,2.9300,3.2325,7.1365,0
110.372,86,46,1514,1506,1.53,3.92,2.9300,3.2325,7.1365,0
110.390,86,46,1517,1504,0.75,3.89,2.9300,3.2325,7.1365,0
110.408,85,48,1514,1508,0.75,3.89,2.9300,3.2325,7.1365,0
110.426,83,48,1511,1504,0.75,3.89,2.9300,3.2325,7.1365,0
110.443,82,48,1513,1504,0.75,3.89,2.8509,3.4107,6.6894,0
110.460,81,49,1513,1506,0.75,3.89,2.8509,3.4107,6.6894,0
110.477,81,49,1516,1504,0.75,3.89,2.8509,3.4107,6.6894,0
110.494,80,49,1513,1504,0.75,3.89,2.8509,3.4107,6.6894,0
110.512,79,50,1513,1506,0.75,3.89,2.8509,3.4107,6.6894,0
110.529,78,52,1512,1508,0.75,3.89,2.8509,3.4107,6.6894,0
110.546,77,53,1512,1507,0.75,3.89,2.8509,3.4107,6.6894,0
110.565,76,53,1512,1505,0.75,3.89,2.8509,3.4107,6.6894,0
110.585,75,53,1512,1505,0.75,3.89,2.8509,3.4107,6.6894,0
110.602,72,53,1506,1505,0.75,3.89,2.8509,3.4107,6.6894,0
110.621,70,53,1508,1505,0.75,3.89,2.8509,3.4107,6.6894,0
110.638,67,52,1504,1503,0.20,3.99,2.8509,3.4107,6.6894,0
110.655,64,53,1504,1507,0.20,3.99,2.8509,3.4107,6.6894,0
110.673,62,53,1507,1505,0.20,3.99,2.8509,3.4107,6.6894,0
110.690,62,53,1512,1505,0.20,3.99,2.8585,3.6537,8.9798,0
110.708,57,55,1497,1509,0.20,3.99,2.8585,3.6537,8.9798,1
110.725,54,55,1502,1505,0.20,3.99,2.8585,3.6537,8.9798,1
110.742,51,56,1501,1507,0.20,3.99,2.8585,3.6537,8.9798,1
110.759,48,56,1501,1505,0.20,3.99,2.8585,3.6537,8.9798,1
110.777,46,57,1503,1507,0.20,3.99,2.8585,3.6537,8.9798,1
110.794,43,58,1500,1507,0.20,3.99,2.8585,3.6537,8.9798,1
110.814,41,59,1503,1507,0.20,3.99,2.8585,3.6537,8.9798,1
110.831,38,60,1500,1507,0.20,3.99,2.8585,3.6537,8.9798,1
110.850,36,60,1501,1506,0.20,3.99,2.8585,3.6537,8.9798,1
110.867,33,60,1499,1506,0.20,3.99,2.8585,3.6537,8.9798,1
110.885,31,60,1500,1506,0.60,3.91,2.8585,3.6537,8.9798,1
110.903,29,60,1500,1506,0.60,3.91,2.8585,3.6537,8.9798,1
110.924,28,60,1503,1506,0.60,3.91,2.8585,3.6537,8.9798,1
110.941,26,62,1500,1509,0.60,3.91,2.8438,5.1085,9.8517,1
110.960,25,61,1502,1504,0.60,3.91,2.8438,5.1085,9.8517,1
110.977,24,62,1502,1508,0.60,3.91,2.8438,5.1085,9.8517,1
110.994,23,62,1501,1506,0.60,3.91,2.8438,5.1085,9.8517,1
111.011,21,63,1499,1508,0.60,3.91,2.8438,5.1085,9.8517,1
111.029,20,63,1501,1506,0.60,3.91,2.8438,5.1085,9.8517,1
111.046,19,63,1501,1506,0.60,3.91,2.8438,5.1085,9.8517,1
111.064,19,63,1504,1506,0.60,3.91,2.8438,5.1085,9.8517,1
111.081,18,62,1500,1504,0.60,3.91,2.8438,5.1085,9.8517,1
111.099,17,62,1500,1506,0.60,3.91,2.8438,5.1085,9.8517,1
111.118,14,62,1498,1504,0.60,3.91,2.8438,5.1085,9.8517,1
111.136,12,64,1496,1511,0.27,4.85,2.8438,5.1085,9.8517,1
111.154,11,65,1500,1508,0.27,4.85,2.8438,5.1085,9.8517,1
111.171,11,65,1502,1506,0.27,4.85,2.8438,5.1085,9.8517,1
111.189,10,66,1500,1508,0.27,4.85,2.7539,4.8898,9.3565,1
111.206,9,66,1500,1506,0.27,4.85,2.7539,4.8898,9.3565,1
111.224,8,66,1499,1506,0.27,4.85,2.7539,4.8898,9.3565,1
111.243,7,67,1499,1508,0.27,4.85,2.7539,4.8898,9.3565,1
111.262,7,67,1501,1506,0.27,4.85,2.7539,4.8898,9.3565,1
111.280,5,67,1496,1506,0.27,4.85,2.7539,4.8898,9.3565,1
111.298,4,67,1499,1506,0.27,4.85,2.7539,4.8898,9.3565,1
111.315,4,67,1501,1506,0.27,4.85,2.7539,4.8898,9.3565,1
111.333,2,66,1498,1504,0.27,4.85,2.7539,4.8898,9.3565,1
111.350,1,66,1495,1506,0.27,4.85,2.7539,4.8898,9.3565,1
111.368,-1,66,1495,1506,0.27,4.85,2.7539,4.8898,9.3565,1
111.387,-2,65,1497,1504,0.37,4.92,2.7539,4.8898,9.3565,1
111.404,-2,66,1500,1508,0.37,4.92,2.7539,4.8898,9.3565,1
111.422,-3,66,1497,1506,0.37,4.92,2.7539,4.8898,9.3565,1
111.440,-3,66,1500,1506,0.37,4.92,3.0165,4.8599,9.4954,1
111.457,-4,67,1497,1508,0.37,4.92,3.0165,4.8599,9.4954,1
111.474,-5,67,1497,1506,0.37,4.92,3.0165,4.8599,9.4954,1
111.492,-6,66,1497,1504,0.37,4.92,3.0165,4.8599,9.4954,1
111.511,-7,66,1497,1506,0.37,4.92,3.0165,4.8599,9.4954,1
111.529,-7,66,1499,1506,0.37,4.92,3.0165,4.8599,9.4954,1
111.547,-8,66,1496,1506,0.37,4.92,3.0165,4.8599,9.4954,1
111.566,-8,66,1499,1506,0.37,4.92,3.0165,4.8599,9.4954,1
111.584,-9,65,1496,1505,0.37,4.92,3.0165,4.8599,9.4954,1
111.603,-10,65,1496,1506,0.37,4.92,3.0165,4.8599,9.4954,1
111.620,-10,64,1499,1504,0.37,4.92,3.0165,4.8599,9.4954,1
111.637,-10,63,1499,1504,0.38,4.40,3.0165,4.8599,9.4954,1
111.654,-11,62,1496,1504,0.38,4.40,3.0165,4.8599,9.4954,1
111.672,-12,62,1495,1506,0.38,4.40,3.0165,4.8599,9.4954,1
111.690,-12,62,1498,1506,0.38,4.40,2.5424,5.8003,8.6829,1
111.708,-13,62,1495,1506,0.38,4.40,2.5424,5.8003,8.6829,1
111.727,-13,61,1498,1504,0.38,4.40,2.5424,5.8003,8.6829,1
111.747,-13,61,1498,1506,0.38,4.40,2.5424,5.8003,8.6829,1
111.770,-13,61,1498,1506,0.38,4.40,2.5424,5.8003,8.6829,1
111.787,-12,60,1500,1504,0.38,4.40,2.5424,5.8003,8.6829,1
111.804,-11,59,1500,1504,0.38,4.40,2.5424,5.8003,8.6829,1
111.821,-11,58,1498,1504,0.38,4.40,2.5424,5.8003,8.6829,1
111.839,-10,58,1501,1505,0.38,4.40,2.5424,5.8003,8.6829,1
111.856,-10,57,1499,1504,0.38,4.40,2.5424,5.8003,8.6829,1
111.873,-9,56,1501,1503,0.52,3.72,2.5424,5.8003,8.6829,1
111.890,-8,55,1501,1503,0.52,3.72,2.5424,5.8003,8.6829,1
111.908,-7,54,1501,1503,0.52,3.72,2.5424,5.8003,8.6829,1
111.925,-6,54,1501,1505,0.52,3.72,2.5424,5.8003,8.6829,1
111.942,-5,51,1502,1500,0.52,3.72,2.4941,5.4130,5.8479,1
111.961,-4,50,1502,1503,0.52,3.72,2.4941,5.4130,5.8479,1
111.981,-3,49,1502,1503,0.52,3.72,2.4941,5.4130,5.8479,1
111.999,-2,47,1502,1501,0.52,3.72,2.4941,5.4130,5.8479,1
112.016,-1,46,1502,1502,0.52,3.72,2.4941,5.4130,5.8479,1
112.034,1,45,1506,1502,0.52,3.72,2.4941,5.4130,5.8479,1
112.051,2,44,1503,1502,0.52,3.72,2.4941,5.4130,5.8479,1
112.068,3,44,1503,1504,0.52,3.72,2.4941,5.4130,5.8479,1
112.086,4,44,1503,1504,0.52,3.72,2.4941,5.4130,5.8479,1
112.103,5,44,1504,1504,0.52,3.72,2.4941,5.4130,5.8479,1
112.120,6,43,1504,1502,0.52,3.72,2.4941,5.4130,5.8479,1
112.138,6,41,1501,1500,0.73,3.80,2.4941,5.4130,5.8479,1
112.155,7,40,1504,1502,0.73,3.80,2.4941,5.4130,5.8479,1
112.172,7,40,1501,1504,0.73,3.80,2.4941,5.4130,5.8479,1
112.190,6,39,1499,1502,0.73,3.80,2.7763,4.0132,7.4237,1
112.207,6,38,1501,1502,0.73,3.80,2.7763,4.0132,7.4237,1
112.225,6,37,1501,1502,0.73,3.80,2.7763,4.0132,7.4237,1
112.242,6,36,1501,1501,0.73,3.80,2.7763,4.0132,7.4237,1
112.259,5,34,1499,1500,0.73,3.80,2.7763,4.0132,7.4237,1
112.276,4,34,1499,1503,0.73,3.80,2.7763,4.0132,7.4237,1
112.294,3,34,1498,1503,0.73,3.80,2.7763,4.0132,7.4237,1
112.311,2,32,1498,1500,0.73,3.80,2.7763,4.0132,7.4237,1
112.328,2,31,1500,1501,0.73,3.80,2.7763,4.0132,7.4237,1
112.346,0,31,1495,1503,0.73,3.80,2.7763,4.0132,7.4237,1
112.363,0,31,1500,1503,0.73,3.80,2.7763,4.0132,7.4237,1
112.381,-4,28,1488,1498,0.62,3.23,2.7763,4.0132,7.4237,1
112.401,-4,28,1500,1502,0.62,3.23,2.7763,4.0132,7.4237,1
112.419,-6,27,1494,1501,0.62,3.23,2.7763,4.0132,7.4237,1
112.438,-8,27,1494,1502,0.62,3.23,2.6232,4.4541,7.1475,1
112.455,-10,26,1493,1500,0.62,3.23,2.6232,4.4541,7.1475,1
112.474,-13,25,1490,1500,0.62,3.23,2.6232,4.4541,7.1475,1
112.492,-15,24,1492,1500,0.62,3.23,2.6232,4.4541,7.1475,1
112.510,-20,23,1483,1500,0.62,3.23,2.6232,4.4541,7.1475,1
112.527,-22,22,1490,1500,0.62,3.23,2.6232,4.4541,7.1475,1
112.545,-24,21,1490,1500,0.62,3.23,2.6232,4.4541,7.1475,1
112.563,-26,21,1490,1502,0.62,3.23,2.6232,4.4541,7.1475,1
112.581,-30,19,1484,1499,0.62,3.23,2.6232,4.4541,7.1475,1
112.599,-32,19,1495,1502,0.62,3.23,2.6232,4.4541,7.1475,1
112.618,-33,18,1486,1500,0.62,3.23,2.6232,4.4541,7.1475,1
112.636,-34,17,1491,1500,0.35,1.93,2.6232,4.4541,7.1475,1
112.656,-34,17,1494,1501,0.35,1.93,2.6232,4.4541,7.1475,1
112.673,-35,16,1491,1500,0.35,1.93,2.6232,4.4541,7.1475,1
112.693,-35,16,1494,1501,0.35,1.93,2.4964,6.1719,7.6957,1
112.712,-36,14,1491,1499,0.35,1.93,2.4964,6.1719,7.6957,1
112.729,-37,13,1490,1500,0.35,1.93,2.4964,6.1719,7.6957,1
112.748,-37,12,1493,1500,0.35,1.93,2.4964,6.1719,7.6957,1
112.765,-37,11,1493,1500,0.35,1.93,2.4964,6.1719,7.6957,1
112.782,-36,11,1496,1501,0.35,1.93,2.4964,6.1719,7.6957,1
112.800,-37,9,1490,1498,0.35,1.93,2.4964,6.1719,7.6957,1
112.818,-37,7,1493,1498,0.35,1.93,2.4964,6.1719,7.6957,1
112.835,-37,7,1493,1500,0.35,1.93,2.4964,6.1719,7.6957,1
112.854,-37,7,1493,1500,0.35,1.93,2.4964,6.1719,7.6957,1
112.871,-37,6,1493,1499,-0.23,1.75,2.4964,6.1719,7.6957,1
112.889,-38,5,1490,1499,-0.23,1.75,2.4964,6.1719,7.6957,1
112.907,-38,5,1493,1500,-0.23,1.75,2.4964,6.1719,7.6957,1
112.924,-39,5,1490,1500,-0.23,1.75,2.4964,6.1719,7.6957,1
112.942,-39,5,1493,1500,-0.23,1.75,2.5765,4.7265,7.3922,1
112.961,-41,4,1487,1499,-0.23,1.75,2.5765,4.7265,7.3922,1
112.978,-43,3,1489,1500,-0.23,1.75,2.5765,4.7265,7.3922,1
112.996,-45,2,1483,1498,-0.23,1.75,2.5765,4.7265,7.3922,1
113.015,-47,2,1486,1500,-0.23,1.75,2.5765,4.7265,7.3922,1
113.032,-52,1,1476,1499,-0.23,1.75,2.5765,4.7265,7.3922,1
113.051,-54,0,1484,1499,-0.23,1.75,2.5765,4.7265,7.3922,1
113.068,-57,0,1480,1500,-0.23,1.75,2.5765,4.7265,7.3922,1
113.085,-60,-1,1480,1499,-0.23,1.75,2.5765,4.7265,7.3922,1
113.102,-63,-1,1479,1500,-0.23,1.75,2.5765,4.7265,7.3922,0
113.119,-66,-2,1479,1499,-0.23,1.75,2.5765,4.7265,7.3922,0
113.137,-66,-2,1487,1500,-0.03,1.56,2.5765,4.7265,7.3922,0
113.156,-69,-2,1478,1500,-0.03,1.56,2.5765,4.7265,7.3922,0
113.174,-72,-3,1478,1499,-0.03,1.56,2.5765,4.7265,7.3922,0
113.191,-76,-3,1474,1500,-0.03,1.56,2.6663,4.3496,7.5623,0
113.209,-79,-3,1476,1500,-0.03,1.56,2.6663,4.3496,7.5623,0
113.226,-82,-3,1475,1500,-0.03,1.56,2.6663,4.3496,7.5623,0
113.243,-89,-4,1470,1498,-0.03,1.56,2.6663,4.3496,7.5623,0
113.263,-92,-5,1474,1498,-0.03,1.56,2.6663,4.3496,7.5623,0
113.282,-99,-6,1470,1498,-0.03,1.56,2.6663,4.3496,7.5623,0
113.300,-102,-6,1471,1500,-0.03,1.56,2.6663,4.3496,7.5623,0
113.317,-105,-7,1471,1498,-0.03,1.56,2.6663,4.3496,7.5623,0
113.334,-107,-7,1473,1500,-0.03,1.56,2.6663,4.3496,7.5623,0
113.352,-110,-7,1470,1500,-0.03,1.56,2.6663,4.3496,7.5623,0
113.369,-113,-8,1470,1498,-0.03,1.56,2.6663,4.3496,7.5623,0
113.387,-113,-8,1478,1500,-0.81,0.66,2.6663,4.3496,7.5623,0
113.405,-115,-8,1472,1500,-0.81,0.66,2.6663,4.3496,7.5623,0
113.424,-117,-9,1471,1498,-0.81,0.66,2.6663,4.3496,7.5623,0
113.442,-121,-9,1470,1500,-0.81,0.66,2.8060,5.0642,7.9099,0
113.459,-122,-9,1473,1500,-0.81,0.66,2.8060,5.0642,7.9099,0
113.477,-124,-9,1470,1500,-0.81,0.66,2.8060,5.0642,7.9099,0
113.494,-125,-10,1472,1498,-0.81,0.66,2.8060,5.0642,7.9099,0
113.511,-125,-10,1475,1499,-0.81,0.66,2.8060,5.0642,7.9099,0
113.530,-126,-10,1472,1499,-0.81,0.66,2.8060,5.0642,7.9099,0
113.547,-127,-11,1472,1498,-0.81,0.66,2.8060,5.0642,7.9099,0
113.567,-128,-12,1472,1498,-0.81,0.66,2.8060,5.0642,7.9099,0
113.584,-129,-12,1472,1499,-0.81,0.66,2.8060,5.0642,7.9099,0
113.602,-130,-12,1471,1499,-0.81,0.66,2.8060,5.0642,7.9099,0
113.619,-131,-13,1471,1497,-0.81,0.66,2.8060,5.0642,7.9099,0
113.639,-132,-13,1471,1499,-1.39,0.77,2.8060,5.0642,7.9099,0
113.657,-134,-13,1470,1499,-1.39,0.77,2.8060,5.0642,7.9099,0
113.679,-135,-14,1471,1498,-1.39,0.77,2.8060,5.0642,7.9099,0
113.699,-136,-14,1471,1499,-1.39,0.77,3.1811,4.7200,10.3287,0
113.718,-137,-14,1470,1499,-1.39,0.77,3.1811,4.7200,10.3287,0
113.735,-139,-15,1470,1497,-1.39,0.77,3.1811,4.7200,10.3287,0
113.752,-140,-15,1470,1499,-1.39,0.77,3.1811,4.7200,10.3287,0
113.769,-141,-15,1470,1499,-1.39,0.77,3.1811,4.7200,10.3287,0
113.786,-142,-16,1470,1497,-1.39,0.77,3.1811,4.7200,10.3287,0
113.803,-142,-15,1472,1500,-1.39,0.77,3.1811,4.7200,10.3287,0
113.821,-143,-15,1470,1499,-1.39,0.77,3.1811,4.7200,10.3287,0
113.838,-143,-16,1472,1497,-1.39,0.77,3.1811,4.7200,10.3287,0
113.856,-144,-15,1470,1500,-1.39,0.77,3.1811,4.7200,10.3287,0
113.875,-145,-16,1470,1497,-1.06,1.05,3.1811,4.7200,10.3287,0
113.892,-145,-16,1471,1499,-1.06,1.05,3.1811,4.7200,10.3287,0
113.910,-145,-15,1471,1500,-1.06,1.05,3.1811,4.7200,10.3287,0
113.929,-146,-16,1470,1497,-1.06,1.05,3.1811,4.7200,10.3287,0
113.948,-146,-16,1471,1499,-1.06,1.05,2.8374,4.7768,6.7018,0
113.966,-147,-16,1470,1499,-1.06,1.05,2.8374,4.7768,6.7018,0
113.983,-148,-17,1470,1497,-1.06,1.05,2.8374,4.7768,6.7018,0
114.001,-149,-18,1470,1499,-1.06,1.05,2.8374,4.7768,6.7018,0
114.020,-150,-19,1470,1495,-1.06,1.05,2.8374,4.7768,6.7018,0
114.038,-150,-19,1470,1499,-1.06,1.05,2.8374,4.7768,6.7018,0
114.055,-150,-20,1470,1497,-1.06,1.05,2.8374,4.7768,6.7018,0
114.073,-151,-19,1470,1500,-1.06,1.05,2.8374,4.7768,6.7018,0
114.090,-151,-20,1470,1497,-1.06,1.05,2.8374,4.7768,6.7018,0
114.111,-152,-20,1470,1498,-1.06,1.05,2.8374,4.7768,6.7018,0
114.129,-152,-19,1470,1500,-1.32,1.00,2.8374,4.7768,6.7018,0
114.150,-153,-20,1470,1497,-1.32,1.00,2.8374,4.7768,6.7018,0
114.167,-153,-20,1470,1498,-1.32,1.00,2.8374,4.7768,6.7018,0
114.185,-153,-20,1470,1498,-1.32,1.00,2.8144,4.7339,9.4619,0
114.203,-154,-20,1470,1498,-1.32,1.00,2.8144,4.7339,9.4619,0
114.220,-154,-20,1470,1498,-1.32,1.00,2.8144,4.7339,9.4619,0
114.237,-154,-20,1470,1498,-1.32,1.00,2.8144,4.7339,9.4619,0
114.255,-154,-20,1470,1498,-1.32,1.00,2.8144,4.7339,9.4619,0
114.273,-153,-20,1472,1498,-1.32,1.00,2.8144,4.7339,9.4619,0
114.290,-153,-20,1470,1498,-1.32,1.00,2.8144,4.7339,9.4619,0
114.308,-153,-20,1470,1498,-1.32,1.00,2.8144,4.7339,9.4619,0
114.325,-153,-21,1470,1497,-1.32,1.00,2.8144,4.7339,9.4619,0
114.343,-153,-21,1470,1498,-1.32,1.00,2.8144,4.7339,9.4619,0
114.361,-152,-21,1473,1498,-1.32,1.00,2.8144,4.7339,9.4619,0
114.378,-152,-20,1470,1500,-1.68,0.61,2.8144,4.7339,9.4619,0
114.400,-152,-20,1470,1498,-1.68,0.61,2.8144,4.7339,9.4619,0
114.418,-151,-21,1473,1497,-1.68,0.61,2.8144,4.7339,9.4619,0
114.435,-151,-21,1470,1498,-1.68,0.61,3.0314,6.3148,10.2552,0
114.453,-150,-21,1473,1498,-1.68,0.61,3.0314,6.3148,10.2552,0
114.471,-149,-21,1473,1498,-1.68,0.61,3.0314,6.3148,10.2552,0
114.489,-147,-21,1477,1498,-1.68,0.61,3.0314,6.3148,10.2552,0
114.506,-147,-21,1471,1498,-1.68,0.61,3.0314,6.3148,10.2552,0
114.523,-146,-22,1474,1497,-1.68,0.61,3.0314,6.3148,10.2552,0
114.542,-144,-22,1477,1498,-1.68,0.61,3.0314,6.3148,10.2552,0
114.559,-143,-22,1475,1498,-1.68,0.61,3.0314,6.3148,10.2552,0
114.579,-142,-22,1475,1498,-1.68,0.61,3.0314,6.3148,10.2552,0
114.599,-141,-22,1475,1498,-1.68,0.61,3.0314,6.3148,10.2552,0
114.617,-137,-23,1484,1496,-1.68,0.61,3.0314,6.3148,10.2552,0
114.639,-137,-23,1473,1498,-1.55,0.32,3.0314,6.3148,10.2552,0
114.658,-131,-24,1491,1496,-1.55,0.32,3.0314,6.3148,10.2552,0
114.677,-127,-24,1485,1498,-1.55,0.32,3.0314,6.3148,10.2552,0
114.694,-124,-25,1484,1496,-1.55,0.32,2.8287,6.8594,9.3417,0
114.711,-121,-24,1485,1500,-1.55,0.32,2.8287,6.8594,9.3417,0
114.731,-118,-25,1484,1496,-1.55,0.32,2.8287,6.8594,9.3417,0
114.749,-111,-25,1498,1498,-1.55,0.32,2.8287,6.8594,9.3417,0
114.769,-108,-25,1486,1498,-1.55,0.32,2.8287,6.8594,9.3417,0
114.787,-105,-26,1487,1496,-1.55,0.32,2.8287,6.8594,9.3417,0
114.804,-102,-26,1489,1498,-1.55,0.32,2.8287,6.8594,9.3417,0
114.822,-99,-25,1489,1500,-1.55,0.32,2.8287,6.8594,9.3417,0
114.839,-95,-26,1493,1496,-1.55,0.32,2.8287,6.8594,9.3417,0
114.856,-93,-26,1488,1498,-1.55,0.32,2.8287,6.8594,9.3417,0
114.873,-90,-25,1491,1500,-1.30,0.37,2.8287,6.8594,9.3417,0
114.891,-88,-25,1488,1498,-1.30,0.37,2.8287,6.8594,9.3417,0
114.909,-85,-26,1492,1496,-1.30,0.37,2.8287,6.8594,9.3417,0
114.926,-83,-26,1490,1498,-1.30,0.37,2.8287,6.8594,9.3417,0
114.943,-81,-27,1490,1496,-1.30,0.37,2.6399,5.1423,7.5380,0
114.961,-79,-27,1490,1498,-1.30,0.37,2.6399,5.1423,7.5380,0
114.978,-77,-28,1491,1496,-1.30,0.37,2.6399,5.1423,7.5380,0
114.997,-73,-26,1491,1499,-1.30,0.37,2.6399,5.1423,7.5380,0
115.015,-72,-26,1494,1499,-1.30,0.37,2.6399,5.1423,7.5380,0
115.032,-72,-26,1486,1498,-1.30,0.37,2.6399,5.1423,7.5380,0
115.049,-70,-26,1492,1498,-1.30,0.37,2.6399,5.1423,7.5380,0
115.067,-66,-27,1498,1496,-1.30,0.37,2.6399,5.1423,7.5380,0
115.086,-66,-27,1487,1498,-1.30,0.37,2.6399,5.1423,7.5380,0
115.105,-63,-27,1496,1498,-1.30,0.37,2.6399,5.1423,7.5380,0
115.124,-62,-27,1491,1498,-0.60,0.78,2.6399,5.1423,7.5380,0
115.143,-60,-26,1494,1499,-0.60,0.78,2.6399,5.1423,7.5380,1
115.161,-58,-26,1494,1498,-0.60,0.78,2.6399,5.1423,7.5380,1
115.178,-56,-26,1495,1498,-0.60,0.78,2.7713,3.8759,6.9363,1
115.197,-55,-27,1492,1496,-0.60,0.78,2.7713,3.8759,6.9363,1
115.214,-54,-28,1492,1496,-0.60,0.78,2.7713,3.8759,6.9363,1
115.232,-52,-27,1496,1499,-0.60,0.78,2.7713,3.8759,6.9363,1
115.250,-51,-26,1493,1499,-0.60,0.78,2.7713,3.8759,6.9363,1
115.267,-50,-26,1493,1498,-0.60,0.78,2.7713,3.8759,6.9363,1
115.285,-49,-27,1493,1496,-0.60,0.78,2.7713,3.8759,6.9363,1
115.302,-48,-27,1494,1498,-0.60,0.78,2.7713,3.8759,6.9363,1
115.319,-47,-27,1494,1498,-0.60,0.78,2.7713,3.8759,6.9363,1
115.336,-47,-28,1491,1496,-0.60,0.78,2.7713,3.8759,6.9363,1
115.354,-46,-29,1494,1496,-0.60,0.78,2.7713,3.8759,6.9363,1
115.371,-46,-29,1491,1497,0.23,0.68,2.7713,3.8759,6.9363,1
115.388,-45,-28,1494,1499,0.23,0.68,2.7713,3.8759,6.9363,1
115.405,-45,-27,1491,1499,0.23,0.68,2.7713,3.8759,6.9363,1
115.422,-45,-27,1491,1498,0.23,0.68,2.7713,3.8759,6.9363,1
115.440,-44,-27,1494,1498,0.23,0.68,2.8630,3.8701,7.7994,1
115.457,-44,-27,1491,1498,0.23,0.68,2.8630,3.8701,7.7994,1
115.474,-44,-27,1491,1498,0.23,0.68,2.8630,3.8701,7.7994,1
115.492,-43,-27,1495,1498,0.23,0.68,2.8630,3.8701,7.7994,1
115.510,-43,-29,1492,1494,0.23,0.68,2.8630,3.8701,7.7994,1
115.527,-42,-29,1495,1497,0.23,0.68,2.8630,3.8701,7.7994,1
115.546,-42,-29,1492,1497,0.23,0.68,2.8630,3.8701,7.7994,1
115.564,-40,-29,1498,1497,0.23,0.68,2.8630,3.8701,7.7994,1
115.583,-39,-28,1495,1499,0.23,0.68,2.8630,3.8701,7.7994,1
115.600,-38,-28,1495,1498,0.23,0.68,2.8630,3.8701,7.7994,1
115.617,-37,-27,1496,1499,0.67,0.35,2.8630,3.8701,7.7994,1
115.637,-36,-28,1496,1496,0.67,0.35,2.8630,3.8701,7.7994,1
115.655,-35,-27,1496,1499,0.67,0.35,2.8630,3.8701,7.7994,1
115.673,-34,-27,1496,1498,0.67,0.35,2.8630,3.8701,7.7994,1
115.691,-34,-28,1493,1496,0.67,0.35,2.8742,4.0179,6.1490,1
115.708,-33,-28,1497,1498,0.67,0.35,2.8742,4.0179,6.1490,1
115.726,-33,-28,1494,1498,0.67,0.35,2.8742,4.0179,6.1490,1
115.743,-32,-28,1497,1498,0.67,0.35,2.8742,4.0179,6.1490,1
115.761,-32,-28,1494,1498,0.67,0.35,2.8742,4.0179,6.1490,1
115.778,-32,-28,1494,1498,0.67,0.35,2.8742,4.0179,6.1490,1
115.797,-32,-28,1494,1498,0.67,0.35,2.8742,4.0179,6.1490,1
115.815,-32,-28,1494,1498,0.67,0.35,2.8742,4.0179,6.1490,1
115.833,-31,-28,1497,1498,0.67,0.35,2.8742,4.0179,6.1490,1
115.850,-31,-28,1494,1498,0.67,0.35,2.8742,4.0179,6.1490,1
115.867,-30,-28,1497,1498,0.54,-0.18,2.8742,4.0179,6.1490,1
115.885,-30,-29,1494,1496,0.54,-0.18,2.8742,4.0179,6.1490,1
115.902,-29,-29,1497,1497,0.54,-0.18,2.8742,4.0179,6.1490,1
115.919,-28,-30,1498,1496,0.54,-0.18,2.8742,4.0179,6.1490,1
115.936,-26,-30,1500,1497,0.54,-0.18,2.8899,4.0478,8.6602,1
115.954,-25,-31,1498,1496,0.54,-0.18,2.8899,4.0478,8.6602,1
115.972,-23,-31,1500,1497,0.54,-0.18,2.8899,4.0478,8.6602,1
115.989,-22,-31,1499,1497,0.54,-0.18,2.8899,4.0478,8.6602,1
116.010,-20,-31,1500,1497,0.54,-0.18,2.8899,4.0478,8.6602,1
116.027,-19,-30,1499,1499,0.54,-0.18,2.8899,4.0478,8.6602,1
116.046,-17,-30,1501,1497,0.54,-0.18,2.8899,4.0478,8.6602,1
116.065,-14,-30,1505,1497,0.54,-0.18,2.8899,4.0478,8.6602,1
116.083,-14,-30,1497,1497,0.54,-0.18,2.8899,4.0478,8.6602,1
116.100,-10,-28,1509,1500,0.54,-0.18,2.8899,4.0478,8.6602,1
116.117,-8,-29,1503,1496,0.27,-0.50,2.8899,4.0478,8.6602,1
116.136,-5,-30,1506,1496,0.27,-0.50,2.8899,4.0478,8.6602,1
116.153,-4,-30,1501,1497,0.27,-0.50,2.8899,4.0478,8.6602,1
116.171,-2,-29,1505,1499,0.27,-0.50,2.8899,4.0478,8.6602,1
116.188,-1,-28,1502,1499,0.27,-0.50,2.6621,3.9321,8.1810,1
116.206,1,-29,1505,1496,0.27,-0.50,2.6621,3.9321,8.1810,1
116.223,2,-29,1503,1497,0.27,-0.50,2.6621,3.9321,8.1810,1
116.241,3,-28,1503,1499,0.27,-0.50,2.6621,3.9321,8.1810,1
116.258,4,-28,1503,1498,0.27,-0.50,2.6621,3.9321,8.1810,1
116.275,5,-29,1503,1496,0.27,-0.50,2.6621,3.9321,8.1810,1
116.293,6,-29,1503,1497,0.27,-0.50,2.6621,3.9321,8.1810,1
116.312,7,-28,1503,1499,0.27,-0.50,2.6621,3.9321,8.1810,1
116.330,8,-30,1504,1494,0.27,-0.50,2.6621,3.9321,8.1810,1
116.349,9,-28,1504,1500,0.27,-0.50,2.6621,3.9321,8.1810,1
116.367,9,-28,1501,1498,0.05,0.11,2.6621,3.9321,8.1810,1
116.384,10,-28,1504,1498,0.05,0.11,2.6621,3.9321,8.1810,1
116.403,10,-29,1501,1496,0.05,0.11,2.6621,3.9321,8.1810,1
116.422,10,-28,1501,1499,0.05,0.11,2.6621,3.9321,8.1810,1
116.441,10,-28,1501,1498,0.05,0.11,2.4787,3.3055,7.2881,1
116.458,10,-29,1501,1496,0.05,0.11,2.4787,3.3055,7.2881,1
116.475,9,-28,1499,1499,0.05,0.11,2.4787,3.3055,7.2881,1
116.492,8,-27,1499,1499,0.05,0.11,2.4787,3.3055,7.2881,1
116.510,8,-28,1501,1496,0.05,0.11,2.4787,3.3055,7.2881,1
116.527,7,-28,1499,1498,0.05,0.11,2.4787,3.3055,7.2881,1
116.545,6,-27,1501,1498,0.05,0.11,2.4787,3.3055,7.2881,1
116.563,5,-28,1496,1498,0.05,0.11,2.4787,3.3055,7.2881,1
116.580,3,-28,1495,1498,0.05,0.11,2.4787,3.3055,7.2881,1
116.598,1,-28,1495,1498,0.05,0.11,2.4787,3.3055,7.2881,1
116.616,-1,-27,1494,1499,-0.10,0.08,2.4787,3.3055,7.2881,1
116.636,-3,-28,1494,1496,-0.10,0.08,2.4787,3.3055,7.2881,1
116.655,-6,-28,1492,1498,-0.10,0.08,2.4787,3.3055,7.2881,1
116.674,-9,-27,1491,1499,-0.10,0.08,2.4787,3.3055,7.2881,1
116.691,-12,-27,1489,1498,-0.10,0.08,2.9946,3.2897,7.5575,1
116.709,-15,-27,1489,1498,-0.10,0.08,2.9946,3.2897,7.5575,1
116.726,-18,-27,1488,1498,-0.10,0.08,2.9946,3.2897,7.5575,1
116.744,-21,-28,1487,1496,-0.10,0.08,2.9946,3.2897,7.5575,1
116.762,-23,-27,1490,1499,-0.10,0.08,2.9946,3.2897,7.5575,1
116.779,-25,-27,1490,1498,-0.10,0.08,2.9946,3.2897,7.5575,1
116.798,-28,-26,1486,1499,-0.10,0.08,2.9946,3.2897,7.5575,1
116.816,-30,-26,1489,1498,-0.10,0.08,2.9946,3.2897,7.5575,1
116.835,-34,-27,1488,1496,-0.10,0.08,2.9946,3.2897,7.5575,1
116.854,-35,-27,1485,1498,-0.10,0.08,2.9946,3.2897,7.5575,1
116.871,-37,-27,1488,1498,-0.27,-0.01,2.9946,3.2897,7.5575,1
116.888,-38,-28,1490,1496,-0.27,-0.01,2.9946,3.2897,7.5575,1
116.910,-40,-27,1487,1499,-0.27,-0.01,2.9946,3.2897,7.5575,1
116.928,-41,-27,1489,1498,-0.27,-0.01,2.8442,4.3676,9.3060,1
116.945,-42,-26,1489,1500,-0.27,-0.01,2.8442,4.3676,9.3060,1
116.962,-44,-26,1486,1498,-0.27,-0.01,2.8442,4.3676,9.3060,1
116.981,-46,-24,1486,1500,-0.27,-0.01,2.8442,4.3676,9.3060,1
117.000,-46,-24,1491,1498,-0.27,-0.01,2.8442,4.3676,9.3060,1
117.019,-47,-24,1488,1498,-0.27,-0.01,2.8442,4.3676,9.3060,1
117.040,-48,-24,1488,1498,-0.27,-0.01,2.8442,4.3676,9.3060,1
117.058,-49,-23,1488,1500,-0.27,-0.01,2.8442,4.3676,9.3060,1
117.076,-50,-24,1487,1496,-0.27,-0.01,2.8442,4.3676,9.3060,1
117.093,-50,-24,1490,1498,-0.27,-0.01,2.8442,4.3676,9.3060,1
117.111,-52,-25,1484,1496,-0.27,-0.01,2.8442,4.3676,9.3060,1
117.129,-52,-25,1490,1498,-0.80,1.01,2.8442,4.3676,9.3060,1
117.146,-52,-25,1490,1498,-0.80,1.01,2.8442,4.3676,9.3060,1
117.164,-53,-25,1487,1498,-0.80,1.01,2.8442,4.3676,9.3060,1
117.182,-54,-24,1487,1500,-0.80,1.01,3.1268,3.8935,9.1232,1
117.199,-54,-23,1489,1500,-0.80,1.01,3.1268,3.8935,9.1232,1
117.218,-55,-22,1487,1500,-0.80,1.01,3.1268,3.8935,9.1232,1
117.235,-55,-21,1489,1500,-0.80,1.01,3.1268,3.8935,9.1232,1
117.252,-56,-21,1486,1498,-0.80,1.01,3.1268,3.8935,9.1232,1
117.270,-56,-21,1489,1498,-0.80,1.01,3.1268,3.8935,9.1232,1
117.288,-56,-21,1489,1498,-0.80,1.01,3.1268,3.8935,9.1232,1
117.305,-56,-21,1489,1498,-0.80,1.01,3.1268,3.8935,9.1232,1
117.325,-56,-21,1489,1498,-0.80,1.01,3.1268,3.8935,9.1232,1
117.342,-56,-22,1489,1497,-0.80,1.01,3.1268,3.8935,9.1232,1
117.359,-57,-22,1486,1498,-0.80,1.01,3.1268,3.8935,9.1232,1
117.376,-57,-21,1489,1500,-1.04,2.18,3.1268,3.8935,9.1232,1
117.394,-58,-20,1486,1500,-1.04,2.18,3.1268,3.8935,9.1232,1
117.411,-58,-20,1489,1498,-1.04,2.18,3.1268,3.8935,9.1232,1
117.429,-59,-20,1486,1498,-1.04,2.18,2.7006,3.5197,7.2430,1
117.449,-60,-20,1486,1498,-1.04,2.18,2.7006,3.5197,7.2430,1
117.466,-62,-20,1482,1498,-1.04,2.18,2.7006,3.5197,7.2430,0
117.485,-62,-20,1488,1498,-1.04,2.18,2.7006,3.5197,7.2430,0
117.504,-62,-20,1488,1498,-1.04,2.18,2.7006,3.5197,7.2430,0
117.522,-63,-20,1485,1498,-1.04,2.18,2.7006,3.5197,7.2430,0
117.540,-63,-20,1488,1498,-1.04,2.18,2.7006,3.5197,7.2430,0
117.557,-62,-20,1491,1498,-1.04,2.18,2.7006,3.5197,7.2430,0
117.574,-63,-20,1485,1498,-1.04,2.18,2.7006,3.5197,7.2430,0
117.592,-62,-20,1491,1498,-1.04,2.18,2.7006,3.5197,7.2430,0
117.609,-62,-20,1488,1498,-1.04,2.18,2.7006,3.5197,7.2430,0
117.626,-61,-19,1491,1500,-1.16,2.13,2.7006,3.5197,7.2430,0
117.645,-60,-18,1491,1500,-1.16,2.13,2.7006,3.5197,7.2430,1
117.665,-59,-18,1491,1499,-1.16,2.13,2.7006,3.5197,7.2430,1
117.683,-58,-19,1491,1497,-1.16,2.13,3.0356,3.7212,7.2817,1
117.701,-56,-18,1495,1500,-1.16,2.13,3.0356,3.7212,7.2817,1
117.719,-55,-17,1492,1500,-1.16,2.13,3.0356,3.7212,7.2817,1
117.736,-54,-18,1492,1497,-1.16,2.13,3.0356,3.7212,7.2817,1
117.754,-53,-18,1493,1499,-1.16,2.13,3.0356,3.7212,7.2817,1
117.771,-52,-17,1493,1500,-1.16,2.13,3.0356,3.7212,7.2817,1
117.789,-51,-17,1493,1499,-1.16,2.13,3.0356,3.7212,7.2817,1
117.808,-50,-18,1493,1497,-1.16,2.13,3.0356,3.7212,7.2817,1
117.826,-48,-17,1496,1500,-1.16,2.13,3.0356,3.7212,7.2817,1
117.845,-46,-17,1494,1499,-1.16,2.13,3.0356,3.7212,7.2817,1
117.862,-44,-18,1500,1497,-1.27,1.22,3.0356,3.7212,7.2817,1
117.880,-43,-17,1491,1499,-1.27,1.22,3.0356,3.7212,7.2817,1
117.899,-43,-17,1494,1500,-1.27,1.22,3.0356,3.7212,7.2817,1
117.919,-40,-18,1500,1497,-1.27,1.22,3.0356,3.7212,7.2817,1
117.936,-39,-17,1495,1500,-1.27,1.22,3.0780,3.5392,7.1937,1
117.956,-37,-16,1498,1500,-1.27,1.22,3.0780,3.5392,7.1937,1
117.975,-36,-17,1496,1497,-1.27,1.22,3.0780,3.5392,7.1937,1
117.992,-36,-17,1493,1499,-1.27,1.22,3.0780,3.5392,7.1937,1
118.010,-35,-16,1496,1500,-1.27,1.22,3.0780,3.5392,7.1937,1
118.030,-34,-16,1496,1499,-1.27,1.22,3.0780,3.5392,7.1937,1
118.048,-34,-17,1493,1497,-1.27,1.22,3.0780,3.5392,7.1937,1
118.066,-32,-16,1499,1500,-1.27,1.22,3.0780,3.5392,7.1937,1
118.084,-32,-17,1494,1497,-1.27,1.22,3.0780,3.5392,7.1937,1
118.101,-31,-17,1497,1499,-1.27,1.22,3.0780,3.5392,7.1937,1
118.118,-31,-16,1494,1500,-1.73,1.51,3.0780,3.5392,7.1937,1
118.135,-30,-16,1497,1499,-1.73,1.51,3.0780,3.5392,7.1937,1
118.153,-29,-16,1497,1499,-1.73,1.51,3.0780,3.5392,7.1937,1
118.170,-29,-16,1494,1499,-1.73,1.51,3.0780,3.5392,7.1937,1
118.188,-28,-16,1498,1499,-1.73,1.51,2.9213,3.2228,7.2900,1
118.206,-27,-15,1498,1500,-1.73,1.51,2.9213,3.2228,7.2900,1
118.223,-27,-15,1495,1499,-1.73,1.51,2.9213,3.2228,7.2900,1
118.241,-26,-15,1498,1499,-1.73,1.51,2.9213,3.2228,7.2900,1
118.260,-26,-15,1495,1499,-1.73,1.51,2.9213,3.2228,7.2900,1
118.278,-24,-15,1500,1499,-1.73,1.51,2.9213,3.2228,7.2900,1
118.295,-23,-15,1499,1499,-1.73,1.51,2.9213,3.2228,7.2900,1
118.313,-22,-15,1499,1499,-1.73,1.51,2.9213,3.2228,7.2900,1
118.331,-21,-15,1499,1499,-1.73,1.51,2.9213,3.2228,7.2900,1
118.348,-20,-15,1499,1499,-1.73,1.51,2.9213,3.2228,7.2900,1
118.366,-20,-14,1496,1500,-1.05,0.83,2.9213,3.2228,7.2900,1
118.383,-19,-14,1499,1499,-1.05,0.83,2.9213,3.2228,7.2900,1
118.401,-19,-15,1496,1497,-1.05,0.83,2.9213,3.2228,7.2900,1
118.422,-19,-14,1496,1499,-1.05,0.83,2.7671,3.2924,7.2371,1
118.443,-19,-14,1496,1500,-1.05,0.83,2.7671,3.2924,7.2371,1
118.462,-20,-14,1494,1499,-1.05,0.83,2.7671,3.2924,7.2371,1
118.479,-20,-14,1496,1499,-1.05,0.83,2.7671,3.2924,7.2371,1
118.497,-21,-15,1493,1497,-1.05,0.83,2.7671,3.2924,7.2371,1
118.514,-22,-14,1493,1500,-1.05,0.83,2.7671,3.2924,7.2371,1
118.532,-24,-13,1490,1500,-1.05,0.83,2.7671,3.2924,7.2371,1
118.549,-25,-14,1492,1497,-1.05,0.83,2.7671,3.2924,7.2371,1
118.567,-27,-14,1489,1499,-1.05,0.83,2.7671,3.2924,7.2371,1
118.585,-28,-14,1492,1499,-1.05,0.83,2.7671,3.2924,7.2371,1
118.603,-30,-13,1489,1500,-1.05,0.83,2.7671,3.2924,7.2371,1
118.622,-31,-13,1491,1499,-0.62,0.51,2.7671,3.2924,7.2371,1
118.641,-34,-14,1486,1497,-0.62,0.51,2.7671,3.2924,7.2371,1
118.659,-36,-13,1487,1500,-0.62,0.51,2.7671,3.2924,7.2371,1
118.677,-36,-13,1493,1499,-0.62,0.51,2.7232,3.2006,7.7031,1
118.694,-40,-12,1481,1500,-0.62,0.51,2.7232,3.2006,7.7031,1
118.711,-43,-12,1483,1499,-0.62,0.51,2.7232,3.2006,7.7031,1
118.729,-45,-13,1486,1497,-0.62,0.51,2.7232,3.2006,7.7031,1
118.747,-48,-14,1482,1497,-0.62,0.51,2.7232,3.2006,7.7031,1
118.765,-53,-13,1476,1500,-0.62,0.51,2.7232,3.2006,7.7031,1
118.783,-55,-12,1484,1500,-0.62,0.51,2.7232,3.2006,7.7031,1
118.802,-56,-12,1486,1499,-0.62,0.51,2.7232,3.2006,7.7031,1
118.822,-57,-12,1486,1499,-0.62,0.51,2.7232,3.2006,7.7031,1
118.841,-58,-12,1486,1499,-0.62,0.51,2.7232,3.2006,7.7031,1
118.858,-59,-12,1486,1499,-0.62,0.51,2.7232,3.2006,7.7031,1
118.875,-60,-12,1485,1499,-0.60,0.76,2.7232,3.2006,7.7031,1
118.892,-61,-13,1485,1497,-0.60,0.76,2.7232,3.2006,7.7031,0
118.911,-62,-12,1485,1500,-0.60,0.76,2.7232,3.2006,7.7031,0
118.929,-63,-13,1485,1498,-0.60,0.76,2.3399,3.9318,6.2409,0
118.950,-64,-13,1485,1499,-0.60,0.76,2.3399,3.9318,6.2409,0
118.969,-65,-13,1485,1499,-0.60,0.76,2.3399,3.9318,6.2409,0
118.987,-66,-13,1485,1499,-0.60,0.76,2.3399,3.9318,6.2409,0
119.005,-66,-13,1487,1499,-0.60,0.76,2.3399,3.9318,6.2409,0
119.024,-66,-12,1487,1500,-0.60,0.76,2.3399,3.9318,6.2409,0
119.042,-66,-12,1487,1499,-0.60,0.76,2.3399,3.9318,6.2409,0
119.059,-66,-11,1487,1500,-0.60,0.76,2.3399,3.9318,6.2409,0
119.076,-66,-11,1487,1499,-0.60,0.76,2.3399,3.9318,6.2409,0
119.095,-65,-9,1490,1502,-0.60,0.76,2.3399,3.9318,6.2409,0
119.112,-64,-10,1490,1498,-0.60,0.76,2.3399,3.9318,6.2409,0
119.130,-64,-9,1488,1500,-0.53,1.46,2.3399,3.9318,6.2409,0
119.148,-63,-9,1490,1500,-0.53,1.46,2.3399,3.9318,6.2409,0
119.165,-61,-9,1494,1500,-0.53,1.46,2.3399,3.9318,6.2409,0
119.183,-60,-9,1491,1500,-0.53,1.46,3.0239,4.3641,7.9814,1
119.201,-59,-8,1491,1500,-0.53,1.46,3.0239,4.3641,7.9814,1
119.219,-57,-8,1495,1500,-0.53,1.46,3.0239,4.3641,7.9814,1
119.238,-55,-8,1495,1500,-0.53,1.46,3.0239,4.3641,7.9814,1
119.255,-54,-8,1492,1500,-0.53,1.46,3.0239,4.3641,7.9814,1
119.274,-51,-7,1498,1500,-0.53,1.46,3.0239,4.3641,7.9814,1
119.291,-50,-7,1493,1500,-0.53,1.46,3.0239,4.3641,7.9814,1
119.309,-49,-8,1493,1498,-0.53,1.46,3.0239,4.3641,7.9814,1
119.327,-47,-9,1496,1498,-0.53,1.46,3.0239,4.3641,7.9814,1
119.351,-46,-9,1493,1500,-0.53,1.46,3.0239,4.3641,7.9814,1
119.368,-45,-8,1494,1500,-0.45,1.30,3.0239,4.3641,7.9814,1
119.386,-45,-8,1491,1500,-0.45,1.30,3.0239,4.3641,7.9814,1
119.406,-45,-8,1491,1500,-0.45,1.30,3.0239,4.3641,7.9814,1
119.424,-44,-8,1494,1500,-0.45,1.30,2.8516,3.8392,8.2174,1
119.442,-44,-7,1491,1500,-0.45,1.30,2.8516,3.8392,8.2174,1
119.460,-43,-7,1494,1500,-0.45,1.30,2.8516,3.8392,8.2174,1
119.478,-43,-8,1492,1498,-0.45,1.30,2.8516,3.8392,8.2174,1
119.496,-41,-8,1498,1500,-0.45,1.30,2.8516,3.8392,8.2174,1
119.514,-40,-7,1495,1501,-0.45,1.30,2.8516,3.8392,8.2174,1
119.531,-39,-6,1495,1501,-0.45,1.30,2.8516,3.8392,8.2174,1
119.549,-37,-6,1498,1500,-0.45,1.30,2.8516,3.8392,8.2174,1
119.566,-35,-6,1499,1500,-0.45,1.30,2.8516,3.8392,8.2174,1
119.584,-34,-6,1496,1500,-0.45,1.30,2.8516,3.8392,8.2174,1
119.601,-32,-6,1500,1500,-0.45,1.30,2.8516,3.8392,8.2174,1
119.618,-31,-6,1497,1500,-0.42,1.72,2.8516,3.8392,8.2174,1
119.635,-30,-6,1497,1500,-0.42,1.72,2.8516,3.8392,8.2174,1
119.652,-29,-6,1497,1500,-0.42,1.72,2.8516,3.8392,8.2174,1
119.670,-27,-5,1500,1501,-0.42,1.72,2.8516,3.8392,8.2174,1
119.688,-26,-5,1498,1500,-0.42,1.72,3.1310,3.4931,8.0367,1
119.708,-25,-5,1498,1500,-0.42,1.72,3.1310,3.4931,8.0367,1
119.726,-24,-5,1498,1500,-0.42,1.72,3.1310,3.4931,8.0367,1
119.743,-23,-5,1499,1500,-0.42,1.72,3.1310,3.4931,8.0367,1
119.761,-22,-4,1499,1501,-0.42,1.72,3.1310,3.4931,8.0367,1
119.778,-21,-4,1499,1500,-0.42,1.72,3.1310,3.4931,8.0367,1
119.797,-19,-3,1501,1501,-0.42,1.72,3.1310,3.4931,8.0367,1
119.814,-19,-4,1496,1498,-0.42,1.72,3.1310,3.4931,8.0367,1
119.831,-17,-4,1502,1500,-0.42,1.72,3.1310,3.4931,8.0367,1
119.848,-17,-4,1497,1500,-0.42,1.72,3.1310,3.4931,8.0367,1
119.866,-16,-4,1500,1500,-0.89,2.39,3.1310,3.4931,8.0367,1
119.884,-14,-3,1502,1501,-0.89,2.39,3.1310,3.4931,8.0367,1
119.904,-14,-3,1497,1500,-0.89,2.39,3.1310,3.4931,8.0367,1
119.927,-13,-3,1500,1500,-0.89,2.39,2.6267,3.2546,6.7131,1
119.946,-13,-3,1498,1500,-0.89,2.39,2.6267,3.2546,6.7131,1
119.963,-13,-3,1498,1500,-0.89,2.39,2.6267,3.2546,6.7131,1
119.982,-12,-3,1500,1500,-0.89,2.39,2.6267,3.2546,6.7131,1
120.000,-12,-4,1498,1498,-0.89,2.39,2.6267,3.2546,6.7131,1
120.017,-12,-4,1498,1500,-0.89,2.39,2.6267,3.2546,6.7131,1
120.034,-13,-3,1495,1501,-0.89,2.39,2.6267,3.2546,6.7131,1
120.052,-13,-3,1498,1500,-0.89,2.39,2.6267,3.2546,6.7131,1
120.070,-14,-3,1495,1500,-0.89,2.39,2.6267,3.2546,6.7131,1
120.087,-14,-2,1497,1501,-0.89,2.39,2.6267,3.2546,6.7131,1
