elapsed_s,err_x_px,err_y_px,err_pitch_px,target_roll_us,target_pitch_us,actual_roll_deg,actual_pitch_deg,vib_x,vib_y,vib_z,aligned
0.000,-43,-35,-29,1492,1498,-1.34,-1.75,0.0000,0.0000,0.0000,1
0.018,-42,-35,-29,1492,1498,-1.34,-1.75,0.0000,0.0000,0.0000,1
0.036,-42,-35,-29,1492,1498,-1.34,-1.75,0.0000,0.0000,0.0000,1
0.054,-41,-35,-29,1492,1498,-1.34,-1.75,0.0000,0.0000,0.0000,1
0.071,-41,-36,-29,1492,1498,-1.34,-1.75,0.0000,0.0000,0.0000,1
0.089,-41,-36,-29,1492,1498,-0.98,-1.42,0.0000,0.0000,0.0000,1
0.106,-42,-37,-30,1492,1497,-0.98,-1.42,0.0000,0.0000,0.0000,1
0.124,-42,-37,-29,1492,1498,-0.98,-1.42,0.0000,0.0000,0.0000,1
0.141,-42,-37,-28,1492,1498,-0.98,-1.42,0.0000,0.0000,0.0000,1
0.159,-42,-39,-28,1492,1498,-0.98,-1.42,0.0000,0.0000,0.0000,1
0.177,-42,-39,-28,1492,1498,-0.98,-1.42,0.0000,0.0000,0.0000,1
0.195,-40,-40,-28,1492,1498,-0.98,-1.42,0.0000,0.0000,0.0000,1
0.214,-40,-40,-28,1492,1498,-0.98,-1.42,0.0000,0.0000,0.0000,1
0.233,-39,-41,-28,1493,1498,-0.98,-1.42,0.0000,0.0000,0.0000,1
0.251,-39,-41,-28,1493,1498,-0.98,-1.42,0.0000,0.0000,0.0000,1
0.269,-38,-41,-27,1493,1498,-0.98,-1.42,0.0000,0.0000,0.0000,1
0.286,-37,-41,-27,1493,1498,-0.98,-1.42,0.0000,0.0000,0.0000,1
0.304,-36,-41,-27,1493,1498,-0.98,-1.42,0.0000,0.0000,0.0000,1
0.321,-35,-42,-27,1493,1498,-0.98,-1.42,0.0000,0.0000,0.0000,1
0.338,-35,-43,-27,1493,1498,-0.91,-1.23,0.0000,0.0000,0.0000,1
0.356,-34,-43,-27,1494,1498,-0.91,-1.23,0.0000,0.0000,0.0000,1
0.373,-34,-45,-27,1494,1498,-0.91,-1.23,0.0000,0.0000,0.0000,1
0.390,-33,-46,-27,1494,1498,-0.91,-1.23,0.0000,0.0000,0.0000,1
0.407,-33,-47,-26,1494,1498,-0.91,-1.23,0.0000,0.0000,0.0000,1
0.424,-32,-48,-26,1494,1498,-0.91,-1.23,0.0000,0.0000,0.0000,1
0.442,-31,-49,-26,1494,1498,-0.91,-1.23,0.0000,0.0000,0.0000,1
0.459,-31,-51,-26,1494,1498,-0.91,-1.23,0.0000,0.0000,0.0000,1
0.478,-30,-51,-27,1494,1498,-0.91,-1.23,0.0000,0.0000,0.0000,1
0.496,-30,-51,-27,1494,1498,-0.91,-1.23,0.0000,0.0000,0.0000,1
0.514,-29,-51,-27,1495,1498,-0.91,-1.23,0.0000,0.0000,0.0000,1
0.533,-28,-51,-26,1495,1498,-0.91,-1.23,0.0000,0.0000,0.0000,1
0.550,-26,-51,-25,1495,1498,-0.91,-1.23,0.0000,0.0000,0.0000,1
0.568,-25,-51,-25,1495,1498,-0.91,-1.23,0.0000,0.0000,0.0000,1
0.585,-24,-50,-25,1496,1498,-0.95,-0.96,0.0000,0.0000,0.0000,1
0.603,-23,-49,-25,1496,1498,-0.95,-0.96,0.0000,0.0000,0.0000,1
0.620,-22,-47,-25,1496,1498,-0.95,-0.96,0.0000,0.0000,0.0000,1
0.638,-21,-47,-25,1496,1498,-0.95,-0.96,0.0000,0.0000,0.0000,1
0.655,-20,-46,-25,1496,1498,-0.95,-0.96,0.0000,0.0000,0.0000,1
0.673,-19,-46,-25,1497,1498,-0.95,-0.96,0.0000,0.0000,0.0000,1
0.692,-17,-47,-25,1497,1498,-0.95,-0.96,0.0000,0.0000,0.0000,1
0.709,-16,-49,-25,1497,1498,-0.95,-0.96,0.0000,0.0000,0.0000,1
0.727,-16,-49,-25,1497,1498,-0.95,-0.96,0.0000,0.0000,0.0000,1
0.747,-14,-50,-25,1498,1498,-0.95,-0.96,0.0000,0.0000,0.0000,1
0.765,-14,-50,-25,1498,1498,-0.95,-0.96,0.0000,0.0000,0.0000,1
0.784,-13,-51,-24,1498,1498,-0.95,-0.96,0.0000,0.0000,0.0000,1
0.802,-12,-52,-24,1498,1498,-0.95,-0.96,0.0000,0.0000,0.0000,1
0.819,-10,-54,-24,1498,1498,-0.95,-0.96,0.0000,0.0000,0.0000,1
0.836,-10,-54,-24,1498,1498,-0.87,-0.89,0.0000,0.0000,0.0000,1
0.854,-9,-57,-24,1499,1498,-0.87,-0.89,0.0000,0.0000,0.0000,1
0.872,-9,-57,-24,1499,1498,-0.87,-0.89,0.0000,0.0000,0.0000,1
0.891,-8,-58,-24,1499,1498,-0.87,-0.89,0.0000,0.0000,0.0000,1
0.910,-7,-58,-23,1499,1498,-0.87,-0.89,0.0000,0.0000,0.0000,1
0.927,-6,-58,-23,1499,1498,-0.87,-0.89,0.0000,0.0000,0.0000,1
0.945,-5,-58,-23,1499,1498,-0.87,-0.89,0.0000,0.0000,0.0000,1
0.963,-4,-58,-22,1500,1498,-0.87,-0.89,0.0000,0.0000,0.0000,1
0.982,-2,-58,-22,1500,1498,-0.87,-0.89,0.0000,0.0000,0.0000,1
0.999,-1,-57,-22,1500,1498,-0.87,-0.89,0.0000,0.0000,0.0000,1
1.018,1,-57,-22,1500,1498,-0.87,-0.89,0.0000,0.0000,0.0000,1
1.036,3,-56,-22,1500,1498,-0.87,-0.89,0.0000,0.0000,0.0000,1
1.055,5,-56,-22,1501,1498,-0.87,-0.89,0.0000,0.0000,0.0000,1
1.072,6,-56,-21,1501,1498,-0.87,-0.89,0.0000,0.0000,0.0000,1
1.090,7,-57,-21,1501,1498,-0.83,-0.56,0.0000,0.0000,0.0000,1
1.109,8,-57,-21,1501,1498,-0.83,-0.56,0.0000,0.0000,0.0000,1
1.127,9,-57,-21,1501,1498,-0.83,-0.56,0.0000,0.0000,0.0000,1
1.144,10,-57,-21,1502,1498,-0.83,-0.56,0.0000,0.0000,0.0000,1
1.161,11,-56,-21,1502,1498,-0.83,-0.56,0.0000,0.0000,0.0000,1
1.179,12,-55,-21,1502,1498,-0.83,-0.56,0.0000,0.0000,0.0000,1
1.196,14,-55,-21,1502,1498,-0.83,-0.56,0.0000,0.0000,0.0000,1
1.214,16,-54,-20,1503,1498,-0.83,-0.56,0.0000,0.0000,0.0000,1
1.231,16,-54,-20,1503,1498,-0.83,-0.56,0.0000,0.0000,0.0000,1
1.248,18,-54,-19,1503,1499,-0.83,-0.56,0.0000,0.0000,0.0000,1
1.266,19,-55,-19,1503,1499,-0.83,-0.56,0.0000,0.0000,0.0000,1
1.283,20,-57,-19,1504,1499,-0.83,-0.56,0.0000,0.0000,0.0000,1
1.300,20,-57,-19,1504,1499,-0.83,-0.56,0.0000,0.0000,0.0000,1
1.317,21,-57,-19,1504,1499,-0.83,-0.56,0.0000,0.0000,0.0000,1
1.335,21,-57,-19,1504,1499,-0.48,-0.36,0.0000,0.0000,0.0000,1
1.354,22,-57,-20,1504,1498,-0.48,-0.36,0.0000,0.0000,0.0000,1
1.374,23,-57,-19,1504,1499,-0.48,-0.36,0.0000,0.0000,0.0000,1
1.393,25,-57,-19,1505,1499,-0.48,-0.36,0.0000,0.0000,0.0000,1
1.411,26,-58,-19,1505,1499,-0.48,-0.36,0.0000,0.0000,0.0000,1
1.428,28,-58,-18,1505,1499,-0.48,-0.36,0.0000,0.0000,0.0000,1
1.445,30,-60,-18,1506,1499,-0.48,-0.36,0.0000,0.0000,0.0000,1
1.462,31,-61,-18,1506,1499,-0.48,-0.36,0.0000,0.0000,0.0000,0
0.018,33,-62,-18,1506,1499,-0.48,-0.36,0.0000,0.0000,0.0000,0
0.035,34,-62,-18,1506,1499,-0.48,-0.36,0.0000,0.0000,0.0000,0
0.053,35,-63,-17,1507,1499,-0.48,-0.36,0.0000,0.0000,0.0000,0
0.070,36,-63,-18,1507,1499,-0.48,-0.36,0.0000,0.0000,0.0000,0
0.087,38,-64,-18,1507,1499,-0.48,-0.36,0.0000,0.0000,0.0000,0
0.105,39,-64,-18,1507,1499,-0.48,-0.36,0.0000,0.0000,0.0000,0
0.122,41,-64,-18,1508,1499,-0.34,-0.25,0.0000,0.0000,0.0000,0
0.139,42,-64,-17,1508,1499,-0.34,-0.25,0.0000,0.0000,0.0000,0
0.157,44,-63,-17,1508,1499,-0.34,-0.25,0.0000,0.0000,0.0000,0
0.175,45,-63,-16,1509,1499,-0.34,-0.25,0.0000,0.0000,0.0000,0
0.192,47,-63,-16,1509,1499,-0.34,-0.25,0.0000,0.0000,0.0000,0
0.210,49,-63,-16,1509,1499,-0.34,-0.25,0.0000,0.0000,0.0000,0
0.227,50,-64,-16,1510,1499,-0.34,-0.25,0.0000,0.0000,0.0000,0
0.244,51,-64,-16,1515,1499,-0.34,-0.25,0.0000,0.0000,0.0000,0
0.261,53,-64,-17,1515,1499,-0.34,-0.25,0.0000,0.0000,0.0000,0
0.279,54,-64,-16,1516,1499,-0.34,-0.25,0.0000,0.0000,0.0000,0
0.297,56,-64,-16,1516,1499,-0.34,-0.25,0.0000,0.0000,0.0000,0
0.315,57,-65,-16,1517,1499,-0.34,-0.25,0.0000,0.0000,0.0000,0
0.333,60,-66,-16,1518,1499,-0.34,-0.25,0.0000,0.0000,0.0000,0
0.351,61,-66,-16,1518,1499,-0.34,-0.25,0.0000,0.0000,0.0000,0
0.369,63,-66,-15,1518,1499,-0.28,-0.33,0.0000,0.0000,0.0000,0
0.391,64,-67,-15,1519,1499,-0.28,-0.33,0.0000,0.0000,0.0000,0
0.408,65,-68,-15,1519,1499,-0.28,-0.33,0.0000,0.0000,0.0000,0
0.425,66,-69,-15,1519,1499,-0.28,-0.33,0.0000,0.0000,0.0000,0
0.443,67,-70,-15,1520,1499,-0.28,-0.33,0.0000,0.0000,0.0000,0
0.460,69,-71,-15,1520,1499,-0.28,-0.33,0.0000,0.0000,0.0000,0
0.478,69,-71,-15,1520,1499,-0.28,-0.33,0.0000,0.0000,0.0000,0
0.497,70,-72,-16,1521,1499,-0.28,-0.33,0.0000,0.0000,0.0000,0
0.515,71,-72,-16,1521,1499,-0.28,-0.33,0.0000,0.0000,0.0000,0
0.533,72,-72,-16,1521,1499,-0.28,-0.33,0.0000,0.0000,0.0000,0
0.552,73,-72,-14,1521,1499,-0.28,-0.33,0.0000,0.0000,0.0000,0
0.571,74,-73,-14,1522,1499,-0.28,-0.33,0.0000,0.0000,0.0000,0
0.588,75,-73,-14,1522,1499,-0.28,-0.33,0.0000,0.0000,0.0000,0
0.606,76,-73,-14,1522,1499,-0.28,-0.33,0.0000,0.0000,0.0000,0
0.623,77,-74,-14,1523,1499,0.09,-0.53,0.0000,0.0000,0.0000,0
0.642,78,-74,-14,1523,1499,0.09,-0.53,0.0000,0.0000,0.0000,0
0.660,78,-74,-14,1523,1499,0.09,-0.53,0.0000,0.0000,0.0000,0
0.678,79,-74,-14,1523,1499,0.09,-0.53,0.0000,0.0000,0.0000,0
0.696,79,-74,-15,1523,1499,0.09,-0.53,0.0000,0.0000,0.0000,0
0.714,79,-75,-15,1523,1499,0.09,-0.53,0.0000,0.0000,0.0000,0
0.731,80,-75,-15,1524,1499,0.09,-0.53,0.0000,0.0000,0.0000,0
0.748,81,-75,-14,1524,1499,0.09,-0.53,0.0000,0.0000,0.0000,0
0.766,81,-75,-14,1524,1499,0.09,-0.53,0.0000,0.0000,0.0000,0
0.783,81,-75,-14,1524,1499,0.09,-0.53,0.0000,0.0000,0.0000,0
0.801,81,-76,-14,1524,1499,0.09,-0.53,0.0000,0.0000,0.0000,0
0.820,81,-76,-14,1524,1499,0.09,-0.53,0.0000,0.0000,0.0000,0
0.838,82,-77,-14,1524,1499,0.09,-0.53,0.0000,0.0000,0.0000,0
0.855,82,-77,-14,1524,1499,0.09,-0.53,0.0000,0.0000,0.0000,0
0.873,82,-78,-14,1524,1499,0.53,-0.51,0.0000,0.0000,0.0000,0
0.892,82,-78,-14,1524,1499,0.53,-0.51,0.0000,0.0000,0.0000,0
0.910,82,-78,-14,1524,1499,0.53,-0.51,0.0000,0.0000,0.0000,0
0.928,82,-78,-14,1524,1499,0.53,-0.51,0.0000,0.0000,0.0000,0
0.946,82,-77,-15,1524,1499,0.53,-0.51,0.0000,0.0000,0.0000,0
0.965,83,-77,-15,1524,1499,0.53,-0.51,0.0000,0.0000,0.0000,0
0.983,83,-76,-16,1524,1499,0.53,-0.51,0.0000,0.0000,0.0000,0
1.000,83,-76,-15,1524,1499,0.53,-0.51,0.0000,0.0000,0.0000,0
1.018,83,-76,-15,1524,1499,0.53,-0.51,0.0000,0.0000,0.0000,0
1.037,84,-76,-15,1525,1499,0.53,-0.51,0.0000,0.0000,0.0000,0
1.054,84,-76,-15,1525,1499,0.53,-0.51,0.0000,0.0000,0.0000,0
1.071,85,-76,-14,1525,1499,0.53,-0.51,0.0000,0.0000,0.0000,0
1.089,85,-76,-15,1525,1499,0.53,-0.51,0.0000,0.0000,0.0000,0
1.106,85,-76,-14,1525,1499,0.53,-0.51,0.0000,0.0000,0.0000,0
1.123,85,-76,-14,1525,1499,0.15,-0.36,0.0000,0.0000,0.0000,0
1.141,85,-76,-14,1525,1499,0.15,-0.36,0.0000,0.0000,0.0000,0
1.159,85,-77,-14,1525,1499,0.15,-0.36,0.0000,0.0000,0.0000,0
1.177,85,-77,-14,1525,1499,0.15,-0.36,0.0000,0.0000,0.0000,0
1.196,85,-77,-14,1525,1499,0.15,-0.36,0.0000,0.0000,0.0000,0
1.213,85,-77,-15,1525,1499,0.15,-0.36,0.0000,0.0000,0.0000,0
1.231,85,-77,-14,1525,1499,0.15,-0.36,0.0000,0.0000,0.0000,0
1.249,86,-77,-14,1525,1499,0.15,-0.36,0.0000,0.0000,0.0000,0
1.266,86,-77,-15,1525,1499,0.15,-0.36,0.0000,0.0000,0.0000,0
1.283,86,-77,-15,1525,1499,0.15,-0.36,0.0000,0.0000,0.0000,0
1.300,86,-77,-15,1525,1499,0.15,-0.36,0.0000,0.0000,0.0000,0
1.318,87,-78,-15,1526,1499,0.15,-0.36,0.0000,0.0000,0.0000,0
1.335,87,-78,-15,1526,1499,0.15,-0.36,0.0000,0.0000,0.0000,0
1.353,88,-78,-15,1526,1499,0.15,-0.36,0.0000,0.0000,0.0000,0
1.372,88,-78,-15,1526,1499,-0.04,-0.36,0.0000,0.0000,0.0000,0
1.389,88,-78,-14,1526,1499,-0.04,-0.36,0.0000,0.0000,0.0000,0
1.406,89,-77,-14,1526,1499,-0.04,-0.36,0.0000,0.0000,0.0000,0
1.424,89,-77,-14,1526,1499,-0.04,-0.36,0.0000,0.0000,0.0000,0
1.441,90,-76,-13,1527,1499,-0.04,-0.36,0.0000,0.0000,0.0000,0
1.458,91,-76,-14,1527,1499,-0.04,-0.36,0.0000,0.0000,0.0000,0
1.477,91,-75,-14,1527,1499,-0.04,-0.36,0.0000,0.0000,0.0000,0
1.494,92,-74,-14,1527,1499,-0.04,-0.36,0.0000,0.0000,0.0000,0
1.513,93,-72,-13,1527,1499,-0.04,-0.36,0.0000,0.0000,0.0000,0
1.530,94,-72,-13,1528,1499,-0.04,-0.36,0.0000,0.0000,0.0000,0
1.548,94,-71,-14,1528,1499,-0.04,-0.36,0.0000,0.0000,0.0000,0
1.566,95,-69,-14,1528,1499,-0.04,-0.36,0.0000,0.0000,0.0000,0
1.584,96,-68,-14,1528,1499,-0.04,-0.36,0.0000,0.0000,0.0000,0
1.601,96,-67,-14,1528,1499,-0.04,-0.36,0.0000,0.0000,0.0000,0
1.619,96,-67,-14,1528,1499,-0.27,0.21,0.0000,0.0000,0.0000,0
1.636,96,-67,-14,1528,1499,-0.27,0.21,0.0000,0.0000,0.0000,0
1.654,96,-67,-15,1528,1499,-0.27,0.21,0.0000,0.0000,0.0000,0
1.672,96,-67,-15,1528,1499,-0.27,0.21,0.0000,0.0000,0.0000,0
1.689,96,-68,-15,1528,1499,-0.27,0.21,0.0000,0.0000,0.0000,0
1.707,96,-68,-15,1528,1499,-0.27,0.21,0.0000,0.0000,0.0000,0
1.728,95,-69,-16,1528,1499,-0.27,0.21,0.0000,0.0000,0.0000,0
1.745,95,-69,-16,1528,1499,-0.27,0.21,0.0000,0.0000,0.0000,0
1.762,95,-70,-16,1528,1499,-0.27,0.21,0.0000,0.0000,0.0000,0
1.784,95,-71,-15,1528,1499,-0.27,0.21,0.0000,0.0000,0.0000,0
1.803,95,-71,-15,1528,1499,-0.27,0.21,0.0000,0.0000,0.0000,0
1.820,95,-74,-15,1528,1499,-0.27,0.21,0.0000,0.0000,0.0000,0
1.837,95,-75,-14,1528,1499,-0.27,0.21,0.0000,0.0000,0.0000,0
1.855,96,-75,-15,1528,1499,-0.27,0.21,0.0000,0.0000,0.0000,0
1.872,97,-76,-14,1529,1499,-0.13,-0.56,0.0000,0.0000,0.0000,0
1.890,98,-76,-14,1529,1499,-0.13,-0.56,0.0000,0.0000,0.0000,0
1.907,99,-76,-14,1529,1499,-0.13,-0.56,0.0000,0.0000,0.0000,0
1.924,100,-76,-15,1530,1499,-0.13,-0.56,0.0000,0.0000,0.0000,0
1.942,101,-76,-15,1530,1499,-0.13,-0.56,0.0000,0.0000,0.0000,0
1.960,102,-76,-15,1530,1499,-0.13,-0.56,0.0000,0.0000,0.0000,0
1.978,102,-75,-17,1530,1499,-0.13,-0.56,0.0000,0.0000,0.0000,0
1.995,103,-75,-16,1530,1499,-0.13,-0.56,0.0000,0.0000,0.0000,0
2.012,106,-74,-15,1530,1499,-0.13,-0.56,0.0000,0.0000,0.0000,0
2.029,106,-74,-15,1530,1499,-0.13,-0.56,0.0000,0.0000,0.0000,0
2.047,108,-74,-15,1530,1499,-0.13,-0.56,0.0000,0.0000,0.0000,0
2.066,108,-74,-15,1530,1499,-0.13,-0.56,0.0000,0.0000,0.0000,0
2.084,111,-73,-15,1530,1499,-0.13,-0.56,0.0000,0.0000,0.0000,0
2.101,111,-73,-15,1530,1499,-0.13,-0.56,0.0000,0.0000,0.0000,0
2.119,112,-73,-15,1530,1499,0.29,-0.63,0.0000,0.0000,0.0000,0
2.136,113,-73,-15,1530,1499,0.29,-0.63,0.0000,0.0000,0.0000,0
2.155,115,-73,-15,1530,1499,0.29,-0.63,0.0000,0.0000,0.0000,0
2.175,117,-73,-15,1530,1499,0.29,-0.63,0.0000,0.0000,0.0000,0
2.192,119,-73,-16,1530,1499,0.29,-0.63,0.0000,0.0000,0.0000,0
2.209,120,-73,-15,1530,1499,0.29,-0.63,0.0000,0.0000,0.0000,0
2.227,122,-73,-15,1530,1499,0.29,-0.63,0.0000,0.0000,0.0000,0
2.244,123,-73,-15,1530,1499,0.29,-0.63,0.0000,0.0000,0.0000,0
2.262,125,-72,-15,1530,1499,0.29,-0.63,0.0000,0.0000,0.0000,0
2.279,127,-71,-15,1530,1499,0.29,-0.63,0.0000,0.0000,0.0000,0
2.296,130,-69,-15,1530,1499,0.29,-0.63,0.0000,0.0000,0.0000,0
2.313,131,-68,-15,1530,1499,0.29,-0.63,0.0000,0.0000,0.0000,0
2.331,132,-66,-15,1530,1499,0.29,-0.63,0.0000,0.0000,0.0000,0
2.348,133,-65,-15,1530,1499,0.29,-0.63,0.0000,0.0000,0.0000,0
2.366,133,-65,-15,1530,1499,0.31,-0.36,0.0000,0.0000,0.0000,0
2.383,133,-64,-15,1530,1499,0.31,-0.36,0.0000,0.0000,0.0000,0
2.402,133,-63,-15,1530,1499,0.31,-0.36,0.0000,0.0000,0.0000,0
2.421,133,-63,-15,1530,1499,0.31,-0.36,0.0000,0.0000,0.0000,0
2.441,134,-62,-15,1530,1499,0.31,-0.36,0.0000,0.0000,0.0000,0
2.458,134,-61,-16,1530,1499,0.31,-0.36,0.0000,0.0000,0.0000,0
2.475,133,-61,-15,1530,1499,0.31,-0.36,0.0000,0.0000,0.0000,0
2.493,132,-61,-15,1530,1499,0.31,-0.36,0.0000,0.0000,0.0000,0
2.510,132,-61,-15,1530,1499,0.31,-0.36,0.0000,0.0000,0.0000,0
2.528,131,-64,-15,1530,1499,0.31,-0.36,0.0000,0.0000,0.0000,0
2.545,130,-65,-15,1530,1499,0.31,-0.36,0.0000,0.0000,0.0000,0
2.563,129,-65,-15,1530,1499,0.31,-0.36,0.0000,0.0000,0.0000,0
2.581,127,-66,-16,1530,1499,0.31,-0.36,0.0000,0.0000,0.0000,0
2.600,126,-66,-16,1530,1499,0.31,-0.36,0.0000,0.0000,0.0000,0
2.619,125,-67,-16,1530,1499,0.20,-0.71,0.0000,0.0000,0.0000,0
2.636,124,-67,-16,1530,1499,0.20,-0.71,0.0000,0.0000,0.0000,0
2.653,122,-67,-17,1530,1499,0.20,-0.71,0.0000,0.0000,0.0000,0
2.673,120,-67,-16,1530,1499,0.20,-0.71,0.0000,0.0000,0.0000,0
2.697,119,-67,-16,1530,1499,0.20,-0.71,0.0000,0.0000,0.0000,0
2.714,117,-67,-16,1530,1499,0.20,-0.71,0.0000,0.0000,0.0000,0
2.732,115,-66,-17,1530,1499,0.20,-0.71,0.0000,0.0000,0.0000,0
2.751,110,-66,-16,1530,1499,0.20,-0.71,0.0000,0.0000,0.0000,0
2.769,107,-66,-16,1530,1499,0.20,-0.71,0.0000,0.0000,0.0000,0
2.787,104,-66,-17,1530,1499,0.20,-0.71,0.0000,0.0000,0.0000,0
2.806,101,-66,-17,1530,1499,0.20,-0.71,0.0000,0.0000,0.0000,0
2.824,98,-66,-17,1529,1499,0.20,-0.71,0.0000,0.0000,0.0000,0
2.842,96,-66,-16,1528,1499,0.20,-0.71,0.0000,0.0000,0.0000,0
2.860,93,-65,-16,1527,1499,0.20,-0.71,0.0000,0.0000,0.0000,0
2.877,90,-65,-17,1527,1499,0.15,-0.80,0.0000,0.0000,0.0000,0
2.894,87,-64,-17,1526,1499,0.15,-0.80,0.0000,0.0000,0.0000,0
2.912,83,-64,-17,1524,1499,0.15,-0.80,0.0000,0.0000,0.0000,0
2.929,80,-63,-18,1524,1499,0.15,-0.80,0.0000,0.0000,0.0000,0
2.948,77,-62,-17,1523,1499,0.15,-0.80,0.0000,0.0000,0.0000,0
2.966,74,-61,-17,1522,1499,0.15,-0.80,0.0000,0.0000,0.0000,0
2.985,70,-60,-17,1521,1499,0.15,-0.80,0.0000,0.0000,0.0000,0
3.003,67,-59,-17,1520,1499,0.15,-0.80,0.0000,0.0000,0.0000,0
3.021,61,-58,-17,1518,1499,0.15,-0.80,0.0000,0.0000,0.0000,0
3.039,57,-57,-17,1517,1499,0.15,-0.80,0.0000,0.0000,0.0000,1
3.057,54,-57,-17,1516,1499,0.15,-0.80,0.0000,0.0000,0.0000,1
3.074,50,-56,-17,1510,1499,0.15,-0.80,0.0000,0.0000,0.0000,1
3.092,46,-56,-17,1509,1499,0.15,-0.80,0.0000,0.0000,0.0000,1
3.109,43,-56,-17,1508,1499,0.15,-0.80,0.0000,0.0000,0.0000,1
3.127,40,-54,-17,1508,1499,-0.13,-0.75,0.0000,0.0000,0.0000,1
3.144,37,-54,-17,1507,1499,-0.13,-0.75,0.0000,0.0000,0.0000,1
3.161,34,-53,-17,1506,1499,-0.13,-0.75,0.0000,0.0000,0.0000,1
3.178,31,-52,-17,1506,1499,-0.13,-0.75,0.0000,0.0000,0.0000,1
3.197,28,-51,-18,1505,1499,-0.13,-0.75,0.0000,0.0000,0.0000,1
3.214,26,-50,-17,1505,1499,-0.13,-0.75,0.0000,0.0000,0.0000,1
3.231,23,-50,-17,1504,1499,-0.13,-0.75,0.0000,0.0000,0.0000,1
3.250,20,-49,-17,1504,1499,-0.13,-0.75,0.0000,0.0000,0.0000,1
3.267,14,-46,-17,1502,1499,-0.13,-0.75,0.0000,0.0000,0.0000,1
3.285,11,-45,-17,1502,1499,-0.13,-0.75,0.0000,0.0000,0.0000,1
3.303,8,-44,-18,1501,1499,-0.13,-0.75,0.0000,0.0000,0.0000,1
3.322,5,-44,-18,1501,1499,-0.13,-0.75,0.0000,0.0000,0.0000,1
3.339,2,-43,-18,1500,1499,-0.13,-0.75,0.0000,0.0000,0.0000,1
3.357,-1,-43,-18,1500,1499,-0.13,-0.75,0.0000,0.0000,0.0000,1
3.374,-5,-43,-17,1499,1499,-0.76,-0.52,0.0000,0.0000,0.0000,1
3.392,-8,-44,-17,1499,1499,-0.76,-0.52,0.0000,0.0000,0.0000,1
3.411,-11,-43,-18,1498,1499,-0.76,-0.52,0.0000,0.0000,0.0000,1
3.429,-14,-44,-18,1498,1499,-0.76,-0.52,0.0000,0.0000,0.0000,1
3.447,-17,-44,-18,1497,1499,-0.76,-0.52,0.0000,0.0000,0.0000,1
3.465,-20,-44,-17,1496,1499,-0.76,-0.52,0.0000,0.0000,0.0000,1
3.483,-22,-44,-18,1496,1499,-0.76,-0.52,0.0000,0.0000,0.0000,1
3.500,-26,-44,-18,1495,1499,-0.76,-0.52,0.0000,0.0000,0.0000,1
3.520,-28,-44,-18,1495,1499,-0.76,-0.52,0.0000,0.0000,0.0000,1
3.537,-29,-44,-18,1495,1499,-0.76,-0.52,0.0000,0.0000,0.0000,1
3.555,-31,-44,-19,1494,1499,-0.76,-0.52,0.0000,0.0000,0.0000,1
3.574,-32,-44,-18,1494,1499,-0.76,-0.52,0.0000,0.0000,0.0000,1
3.594,-35,-45,-18,1493,1499,-0.76,-0.52,0.0000,0.0000,0.0000,1
3.613,-36,-45,-18,1493,1499,-0.96,-0.81,0.0000,0.0000,0.0000,1
3.631,-37,-46,-18,1493,1499,-0.96,-0.81,0.0000,0.0000,0.0000,1
3.649,-37,-46,-18,1493,1499,-0.96,-0.81,0.0000,0.0000,0.0000,1
3.667,-38,-46,-19,1493,1499,-0.96,-0.81,0.0000,0.0000,0.0000,1
3.685,-40,-46,-19,1492,1499,-0.96,-0.81,0.0000,0.0000,0.0000,1
3.704,-42,-47,-19,1492,1499,-0.96,-0.81,0.0000,0.0000,0.0000,1
3.725,-43,-48,-18,1492,1499,-0.96,-0.81,0.0000,0.0000,0.0000,1
3.744,-46,-50,-19,1491,1499,-0.96,-0.81,0.0000,0.0000,0.0000,1
3.762,-47,-51,-19,1491,1499,-0.96,-0.81,0.0000,0.0000,0.0000,1
3.780,-49,-52,-20,1491,1498,-0.96,-0.81,0.0000,0.0000,0.0000,1
3.800,-49,-53,-20,1491,1498,-0.96,-0.81,0.0000,0.0000,0.0000,1
3.817,-50,-53,-20,1490,1498,-0.96,-0.81,0.0000,0.0000,0.0000,1
3.835,-50,-54,-20,1490,1498,-0.96,-0.81,0.0000,0.0000,0.0000,1
3.852,-50,-54,-20,1490,1498,-0.96,-0.81,0.0000,0.0000,0.0000,1
3.870,-50,-54,-20,1490,1498,-0.74,-1.29,0.0000,0.0000,0.0000,1
3.888,-51,-54,-20,1485,1498,-0.74,-1.29,0.0000,0.0000,0.0000,1
3.905,-51,-54,-20,1485,1498,-0.74,-1.29,0.0000,0.0000,0.0000,1
3.923,-51,-54,-20,1485,1498,-0.74,-1.29,0.0000,0.0000,0.0000,1
3.941,-51,-54,-21,1485,1498,-0.74,-1.29,0.0000,0.0000,0.0000,1
3.959,-51,-55,-22,1485,1498,-0.74,-1.29,0.0000,0.0000,0.0000,1
3.977,-52,-55,-20,1485,1498,-0.74,-1.29,0.0000,0.0000,0.0000,1
3.996,-53,-55,-21,1485,1498,-0.74,-1.29,0.0000,0.0000,0.0000,1
4.016,-55,-57,-21,1484,1498,-0.74,-1.29,0.0000,0.0000,0.0000,1
4.033,-59,-58,-21,1483,1498,-0.74,-1.29,0.0000,0.0000,0.0000,1
4.053,-61,-58,-21,1482,1498,-0.74,-1.29,0.0000,0.0000,0.0000,0
0.018,-63,-59,-21,1482,1498,-0.74,-1.29,0.0000,0.0000,0.0000,0
0.036,-67,-58,-21,1480,1498,-0.74,-1.29,0.0000,0.0000,0.0000,0
0.054,-70,-58,-20,1479,1498,-0.74,-1.29,0.0000,0.0000,0.0000,0
0.072,-72,-58,-21,1479,1498,-0.05,-1.56,0.0000,0.0000,0.0000,0
0.090,-74,-58,-21,1478,1498,-0.05,-1.56,0.0000,0.0000,0.0000,0
0.108,-77,-58,-21,1477,1498,-0.05,-1.56,0.0000,0.0000,0.0000,0
0.126,-79,-57,-21,1477,1498,-0.05,-1.56,0.0000,0.0000,0.0000,0
0.145,-80,-57,-21,1476,1498,-0.05,-1.56,0.0000,0.0000,0.0000,0
0.162,-82,-56,-21,1476,1498,-0.05,-1.56,0.0000,0.0000,0.0000,0
0.181,-85,-55,-21,1475,1498,-0.05,-1.56,0.0000,0.0000,0.0000,0
0.198,-87,-54,-21,1474,1498,-0.05,-1.56,0.0000,0.0000,0.0000,0
0.216,-89,-53,-21,1474,1498,-0.05,-1.56,0.0000,0.0000,0.0000,0
0.234,-90,-52,-21,1473,1498,-0.05,-1.56,0.0000,0.0000,0.0000,0
0.253,-91,-52,-21,1473,1498,-0.05,-1.56,0.0000,0.0000,0.0000,0
0.270,-92,-51,-21,1473,1498,-0.05,-1.56,0.0000,0.0000,0.0000,0
0.288,-93,-50,-21,1473,1498,-0.05,-1.56,0.0000,0.0000,0.0000,0
0.305,-93,-50,-21,1473,1498,-0.05,-1.56,0.0000,0.0000,0.0000,0
0.323,-93,-49,-21,1473,1498,-0.02,-0.98,0.0000,0.0000,0.0000,0
0.341,-93,-48,-21,1473,1498,-0.02,-0.98,0.0000,0.0000,0.0000,0
0.358,-92,-47,-21,1473,1498,-0.02,-0.98,0.0000,0.0000,0.0000,0
0.377,-92,-47,-21,1473,1498,-0.02,-0.98,0.0000,0.0000,0.0000,0
0.398,-91,-45,-21,1473,1498,-0.02,-0.98,0.0000,0.0000,0.0000,0
0.415,-90,-43,-21,1473,1498,-0.02,-0.98,0.0000,0.0000,0.0000,0
0.433,-88,-41,-21,1474,1498,-0.02,-0.98,0.0000,0.0000,0.0000,0
0.450,-88,-40,-21,1474,1498,-0.02,-0.98,0.0000,0.0000,0.0000,0
0.468,-87,-39,-21,1474,1498,-0.02,-0.98,0.0000,0.0000,0.0000,0
0.486,-87,-38,-22,1474,1498,-0.02,-0.98,0.0000,0.0000,0.0000,0
0.506,-87,-38,-21,1474,1498,-0.02,-0.98,0.0000,0.0000,0.0000,0
0.523,-87,-37,-21,1474,1498,-0.02,-0.98,0.0000,0.0000,0.0000,0
0.541,-87,-37,-21,1474,1498,-0.02,-0.98,0.0000,0.0000,0.0000,0
0.558,-88,-37,-21,1474,1498,-0.28,-0.49,0.0000,0.0000,0.0000,0
0.576,-89,-37,-22,1474,1498,-0.28,-0.49,0.0000,0.0000,0.0000,0
0.594,-89,-36,-22,1474,1498,-0.28,-0.49,0.0000,0.0000,0.0000,0
0.611,-90,-35,-21,1473,1498,-0.28,-0.49,0.0000,0.0000,0.0000,0
0.629,-90,-35,-21,1473,1498,-0.28,-0.49,0.0000,0.0000,0.0000,0
0.646,-91,-34,-22,1473,1498,-0.28,-0.49,0.0000,0.0000,0.0000,0
0.664,-91,-33,-21,1473,1498,-0.28,-0.49,0.0000,0.0000,0.0000,0
0.682,-90,-33,-21,1473,1498,-0.28,-0.49,0.0000,0.0000,0.0000,0
0.699,-90,-33,-21,1473,1498,-0.28,-0.49,0.0000,0.0000,0.0000,0
0.717,-90,-32,-21,1473,1498,-0.28,-0.49,0.0000,0.0000,0.0000,0
0.735,-89,-32,-21,1474,1498,-0.28,-0.49,0.0000,0.0000,0.0000,0
0.753,-88,-32,-21,1474,1498,-0.28,-0.49,0.0000,0.0000,0.0000,0
0.771,-87,-32,-21,1474,1498,-0.28,-0.49,0.0000,0.0000,0.0000,0
0.792,-85,-32,-22,1475,1498,-0.28,-0.49,0.0000,0.0000,0.0000,0
0.811,-85,-32,-22,1475,1498,-0.77,-0.31,0.0000,0.0000,0.0000,0
0.830,-82,-31,-21,1476,1498,-0.77,-0.31,0.0000,0.0000,0.0000,0
0.850,-82,-31,-21,1476,1498,-0.77,-0.31,0.0000,0.0000,0.0000,0
0.868,-81,-31,-21,1476,1498,-0.77,-0.31,0.0000,0.0000,0.0000,0
0.886,-78,-29,-23,1477,1498,-0.77,-0.31,0.0000,0.0000,0.0000,0
0.904,-76,-28,-22,1478,1498,-0.77,-0.31,0.0000,0.0000,0.0000,0
0.923,-72,-27,-21,1478,1498,-0.77,-0.31,0.0000,0.0000,0.0000,0
0.941,-72,-27,-21,1479,1498,-0.77,-0.31,0.0000,0.0000,0.0000,0
0.959,-70,-28,-22,1479,1498,-0.77,-0.31,0.0000,0.0000,0.0000,0
0.977,-70,-28,-22,1479,1498,-0.77,-0.31,0.0000,0.0000,0.0000,0
0.995,-68,-29,-24,1480,1498,-0.77,-0.31,0.0000,0.0000,0.0000,0
1.012,-67,-29,-24,1480,1498,-0.77,-0.31,0.0000,0.0000,0.0000,0
1.030,-67,-30,-23,1480,1498,-0.77,-0.31,0.0000,0.0000,0.0000,0
1.047,-66,-30,-23,1481,1498,-0.77,-0.31,0.0000,0.0000,0.0000,0
1.064,-65,-31,-23,1481,1498,-0.76,-0.47,0.0000,0.0000,0.0000,0
1.083,-65,-31,-22,1481,1498,-0.76,-0.47,0.0000,0.0000,0.0000,0
1.100,-65,-31,-22,1481,1498,-0.76,-0.47,0.0000,0.0000,0.0000,0
1.118,-65,-31,-22,1481,1498,-0.76,-0.47,0.0000,0.0000,0.0000,0
1.135,-65,-31,-23,1481,1498,-0.76,-0.47,0.0000,0.0000,0.0000,0
1.153,-65,-31,-23,1481,1498,-0.76,-0.47,0.0000,0.0000,0.0000,0
1.171,-64,-31,-24,1481,1498,-0.76,-0.47,0.0000,0.0000,0.0000,0
1.189,-63,-30,-23,1482,1498,-0.76,-0.47,0.0000,0.0000,0.0000,0
1.206,-62,-30,-23,1482,1498,-0.76,-0.47,0.0000,0.0000,0.0000,0
1.224,-61,-30,-22,1482,1498,-0.76,-0.47,0.0000,0.0000,0.0000,0
1.242,-59,-30,-22,1483,1498,-0.76,-0.47,0.0000,0.0000,0.0000,1
1.259,-58,-30,-23,1483,1498,-0.76,-0.47,0.0000,0.0000,0.0000,1
1.277,-57,-29,-24,1483,1498,-0.76,-0.47,0.0000,0.0000,0.0000,1
1.294,-56,-29,-24,1484,1498,-0.76,-0.47,0.0000,0.0000,0.0000,1
1.315,-55,-29,-25,1484,1498,-0.57,-0.51,0.0000,0.0000,0.0000,1
1.332,-53,-28,-24,1485,1498,-0.57,-0.51,0.0000,0.0000,0.0000,1
1.349,-52,-27,-24,1485,1498,-0.57,-0.51,0.0000,0.0000,0.0000,1
1.366,-52,-27,-24,1485,1498,-0.57,-0.51,0.0000,0.0000,0.0000,1
1.387,-51,-26,-24,1485,1498,-0.57,-0.51,0.0000,0.0000,0.0000,1
1.407,-49,-25,-24,1491,1498,-0.57,-0.51,0.0000,0.0000,0.0000,1
1.425,-49,-25,-24,1491,1498,-0.57,-0.51,0.0000,0.0000,0.0000,1
1.442,-48,-23,-25,1491,1498,-0.57,-0.51,0.0000,0.0000,0.0000,1
1.460,-48,-23,-25,1491,1498,-0.57,-0.51,0.0000,0.0000,0.0000,1
1.477,-47,-22,-25,1491,1498,-0.57,-0.51,0.0000,0.0000,0.0000,1
1.495,-47,-23,-24,1491,1498,-0.57,-0.51,0.0000,0.0000,0.0000,1
1.512,-47,-23,-24,1491,1498,-0.57,-0.51,0.0000,0.0000,0.0000,1
1.530,-47,-24,-24,1491,1498,-0.57,-0.51,0.0000,0.0000,0.0000,1
1.547,-46,-24,-25,1491,1498,-0.57,-0.51,0.0000,0.0000,0.0000,1
1.565,-46,-24,-25,1491,1498,0.10,-0.60,0.0000,0.0000,0.0000,1
1.582,-45,-24,-25,1491,1498,0.10,-0.60,0.0000,0.0000,0.0000,1
1.601,-44,-24,-25,1491,1498,0.10,-0.60,0.0000,0.0000,0.0000,1
1.618,-44,-24,-25,1492,1498,0.10,-0.60,0.0000,0.0000,0.0000,1
1.637,-44,-24,-26,1492,1498,0.10,-0.60,0.0000,0.0000,0.0000,1
1.655,-43,-24,-26,1492,1498,0.10,-0.60,0.0000,0.0000,0.0000,1
1.674,-42,-24,-26,1492,1498,0.10,-0.60,0.0000,0.0000,0.0000,1
1.692,-40,-24,-26,1492,1498,0.10,-0.60,0.0000,0.0000,0.0000,1
1.714,-37,-23,-25,1493,1498,0.10,-0.60,0.0000,0.0000,0.0000,1
1.731,-36,-23,-25,1493,1498,0.10,-0.60,0.0000,0.0000,0.0000,1
1.749,-35,-23,-25,1493,1498,0.10,-0.60,0.0000,0.0000,0.0000,1
1.766,-34,-23,-25,1494,1498,0.10,-0.60,0.0000,0.0000,0.0000,1
1.783,-33,-23,-25,1494,1498,0.10,-0.60,0.0000,0.0000,0.0000,1
1.800,-31,-22,-25,1494,1498,0.10,-0.60,0.0000,0.0000,0.0000,1
1.818,-30,-22,-25,1494,1498,0.34,-0.64,0.0000,0.0000,0.0000,1
1.836,-29,-22,-25,1495,1498,0.34,-0.64,0.0000,0.0000,0.0000,1
1.853,-28,-22,-25,1495,1498,0.34,-0.64,0.0000,0.0000,0.0000,1
1.870,-28,-22,-25,1495,1498,0.34,-0.64,0.0000,0.0000,0.0000,1
1.890,-27,-23,-26,1495,1498,0.34,-0.64,0.0000,0.0000,0.0000,1
1.908,-26,-23,-26,1495,1498,0.34,-0.64,0.0000,0.0000,0.0000,1
1.926,-25,-24,-26,1495,1498,0.34,-0.64,0.0000,0.0000,0.0000,1
1.944,-25,-24,-27,1495,1498,0.34,-0.64,0.0000,0.0000,0.0000,1
1.962,-24,-25,-27,1496,1498,0.34,-0.64,0.0000,0.0000,0.0000,1
1.979,-24,-25,-27,1496,1498,0.34,-0.64,0.0000,0.0000,0.0000,1
1.996,-24,-26,-27,1496,1498,0.34,-0.64,0.0000,0.0000,0.0000,1
2.013,-24,-26,-28,1496,1498,0.34,-0.64,0.0000,0.0000,0.0000,1
2.030,-23,-27,-27,1496,1498,0.34,-0.64,0.0000,0.0000,0.0000,1
2.047,-23,-28,-27,1496,1498,0.34,-0.64,0.0000,0.0000,0.0000,1
2.065,-22,-29,-27,1496,1498,0.33,-1.11,0.0000,0.0000,0.0000,1
2.083,-22,-29,-27,1496,1498,0.33,-1.11,0.0000,0.0000,0.0000,1
2.101,-21,-29,-27,1496,1498,0.33,-1.11,0.0000,0.0000,0.0000,1
2.119,-20,-30,-27,1496,1498,0.33,-1.11,0.0000,0.0000,0.0000,1
2.136,-19,-30,-27,1497,1498,0.33,-1.11,0.0000,0.0000,0.0000,1
2.153,-17,-30,-27,1497,1498,0.33,-1.11,0.0000,0.0000,0.0000,1
2.171,-16,-30,-27,1497,1498,0.33,-1.11,0.0000,0.0000,0.0000,1
2.190,-15,-31,-27,1497,1498,0.33,-1.11,0.0000,0.0000,0.0000,1
2.208,-13,-31,-27,1498,1498,0.33,-1.11,0.0000,0.0000,0.0000,1
2.226,-12,-31,-27,1498,1498,0.33,-1.11,0.0000,0.0000,0.0000,1
2.243,-10,-31,-27,1498,1498,0.33,-1.11,0.0000,0.0000,0.0000,1
2.261,-8,-31,-27,1499,1498,0.33,-1.11,0.0000,0.0000,0.0000,1
2.278,-7,-31,-27,1499,1498,0.33,-1.11,0.0000,0.0000,0.0000,1
2.295,-6,-31,-27,1499,1498,0.33,-1.11,0.0000,0.0000,0.0000,1
2.312,-6,-31,-27,1499,1498,0.36,-1.40,0.0000,0.0000,0.0000,1
2.330,-4,-32,-27,1500,1498,0.36,-1.40,0.0000,0.0000,0.0000,1
2.349,-3,-32,-27,1500,1498,0.36,-1.40,0.0000,0.0000,0.0000,1
2.366,-2,-32,-27,1500,1498,0.36,-1.40,0.0000,0.0000,0.0000,1
2.384,0,-31,-28,1500,1498,0.36,-1.40,0.0000,0.0000,0.0000,1
2.401,1,-31,-27,1500,1498,0.36,-1.40,0.0000,0.0000,0.0000,1
2.418,2,-30,-27,1500,1498,0.36,-1.40,0.0000,0.0000,0.0000,1
2.436,3,-30,-28,1500,1498,0.36,-1.40,0.0000,0.0000,0.0000,1
2.454,4,-29,-29,1500,1498,0.36,-1.40,0.0000,0.0000,0.0000,1
2.472,5,-29,-30,1501,1497,0.36,-1.40,0.0000,0.0000,0.0000,1
2.490,7,-29,-28,1501,1498,0.36,-1.40,0.0000,0.0000,0.0000,1
2.510,8,-29,-28,1501,1498,0.36,-1.40,0.0000,0.0000,0.0000,1
2.527,8,-28,-28,1501,1498,0.36,-1.40,0.0000,0.0000,0.0000,1
2.549,9,-28,-28,1501,1498,0.36,-1.40,0.0000,0.0000,0.0000,1
2.567,9,-28,-28,1501,1498,0.16,-1.16,0.0000,0.0000,0.0000,1
2.586,10,-28,-28,1502,1498,0.16,-1.16,0.0000,0.0000,0.0000,1
2.604,11,-28,-28,1502,1498,0.16,-1.16,0.0000,0.0000,0.0000,1
2.622,12,-28,-28,1502,1498,0.16,-1.16,0.0000,0.0000,0.0000,1
2.642,13,-29,-28,1502,1498,0.16,-1.16,0.0000,0.0000,0.0000,1
2.660,14,-29,-28,1502,1498,0.16,-1.16,0.0000,0.0000,0.0000,1
2.678,15,-30,-28,1503,1498,0.16,-1.16,0.0000,0.0000,0.0000,1
2.695,15,-30,-29,1503,1498,0.16,-1.16,0.0000,0.0000,0.0000,1
2.712,15,-30,-30,1503,1497,0.16,-1.16,0.0000,0.0000,0.0000,1
2.729,16,-31,-30,1503,1497,0.16,-1.16,0.0000,0.0000,0.0000,1
2.746,16,-31,-30,1503,1497,0.16,-1.16,0.0000,0.0000,0.0000,1
2.763,16,-31,-30,1503,1497,0.16,-1.16,0.0000,0.0000,0.0000,1
2.781,16,-31,-30,1503,1497,0.16,-1.16,0.0000,0.0000,0.0000,1
2.799,16,-32,-30,1503,1497,0.16,-1.16,0.0000,0.0000,0.0000,1
2.818,15,-33,-29,1503,1498,-0.14,-1.38,0.0000,0.0000,0.0000,1
2.835,15,-33,-29,1503,1498,-0.14,-1.38,0.0000,0.0000,0.0000,1
2.853,15,-35,-29,1503,1498,-0.14,-1.38,0.0000,0.0000,0.0000,1
2.871,14,-36,-29,1502,1498,-0.14,-1.38,0.0000,0.0000,0.0000,1
2.890,13,-39,-29,1502,1498,-0.14,-1.38,0.0000,0.0000,0.0000,1
2.907,12,-40,-29,1502,1498,-0.14,-1.38,0.0000,0.0000,0.0000,1
2.925,11,-42,-29,1502,1498,-0.14,-1.38,0.0000,0.0000,0.0000,1
2.944,9,-46,-29,1501,1498,-0.14,-1.38,0.0000,0.0000,0.0000,1
2.961,8,-48,-29,1501,1498,-0.14,-1.38,0.0000,0.0000,0.0000,1
2.978,7,-49,-29,1501,1498,-0.14,-1.38,0.0000,0.0000,0.0000,1
2.996,7,-50,-29,1501,1498,-0.14,-1.38,0.0000,0.0000,0.0000,1
3.014,6,-50,-29,1501,1498,-0.14,-1.38,0.0000,0.0000,0.0000,1
3.034,6,-50,-29,1501,1498,-0.14,-1.38,0.0000,0.0000,0.0000,1
3.051,6,-50,-29,1501,1498,0.38,-2.15,0.0000,0.0000,0.0000,1
3.070,6,-50,-29,1501,1498,0.38,-2.15,0.0000,0.0000,0.0000,1
3.090,6,-49,-29,1501,1498,0.38,-2.15,0.0000,0.0000,0.0000,1
3.107,6,-48,-29,1501,1498,0.38,-2.15,0.0000,0.0000,0.0000,1
3.126,6,-48,-28,1501,1498,0.38,-2.15,0.0000,0.0000,0.0000,1
3.144,5,-47,-29,1501,1498,0.38,-2.15,0.0000,0.0000,0.0000,1
3.163,5,-45,-29,1501,1498,0.38,-2.15,0.0000,0.0000,0.0000,1
3.180,4,-45,-29,1500,1498,0.38,-2.15,0.0000,0.0000,0.0000,1
3.197,3,-44,-29,1500,1498,0.38,-2.15,0.0000,0.0000,0.0000,1
3.216,1,-43,-29,1500,1498,0.38,-2.15,0.0000,0.0000,0.0000,1
3.235,0,-43,-29,1500,1498,0.38,-2.15,0.0000,0.0000,0.0000,1
3.252,-1,-44,-29,1500,1498,0.38,-2.15,0.0000,0.0000,0.0000,1
3.273,-2,-44,-29,1500,1498,0.38,-2.15,0.0000,0.0000,0.0000,1
3.290,-4,-44,-29,1500,1498,0.38,-2.15,0.0000,0.0000,0.0000,1
3.308,-5,-44,-29,1499,1498,-0.01,-1.84,0.0000,0.0000,0.0000,1
3.328,-6,-44,-30,1499,1497,-0.01,-1.84,0.0000,0.0000,0.0000,1
3.349,-7,-44,-30,1499,1497,-0.01,-1.84,0.0000,0.0000,0.0000,1
3.374,-7,-44,-29,1499,1498,-0.01,-1.84,0.0000,0.0000,0.0000,1
3.398,-7,-43,-28,1499,1498,-0.01,-1.84,0.0000,0.0000,0.0000,1
3.415,-7,-43,-28,1499,1498,-0.01,-1.84,0.0000,0.0000,0.0000,1
3.432,-6,-42,-28,1499,1498,-0.01,-1.84,0.0000,0.0000,0.0000,1
3.450,-6,-41,-29,1499,1498,-0.01,-1.84,0.0000,0.0000,0.0000,1
3.467,-5,-41,-29,1499,1498,-0.01,-1.84,0.0000,0.0000,0.0000,1
3.485,-5,-40,-29,1499,1498,-0.01,-1.84,0.0000,0.0000,0.0000,1
3.503,-4,-39,-29,1500,1498,-0.01,-1.84,0.0000,0.0000,0.0000,1
3.522,-2,-38,-28,1500,1498,-0.01,-1.84,0.0000,0.0000,0.0000,1
3.540,-1,-37,-27,1500,1498,-0.01,-1.84,0.0000,0.0000,0.0000,1
3.558,0,-37,-27,1500,1498,0.01,-1.24,0.0000,0.0000,0.0000,1
3.575,0,-37,-27,1500,1498,0.01,-1.24,0.0000,0.0000,0.0000,1
3.593,2,-37,-29,1500,1498,0.01,-1.24,0.0000,0.0000,0.0000,1
3.611,2,-37,-29,1500,1498,0.01,-1.24,0.0000,0.0000,0.0000,1
3.628,2,-36,-29,1500,1498,0.01,-1.24,0.0000,0.0000,0.0000,1
3.646,2,-36,-29,1500,1498,0.01,-1.24,0.0000,0.0000,0.0000,1
3.664,2,-36,-30,1500,1497,0.01,-1.24,0.0000,0.0000,0.0000,1
3.681,2,-36,-30,1500,1497,0.01,-1.24,0.0000,0.0000,0.0000,1
3.699,1,-35,-30,1500,1497,0.01,-1.24,0.0000,0.0000,0.0000,1
3.716,0,-34,-29,1500,1498,0.01,-1.24,0.0000,0.0000,0.0000,1
3.735,0,-34,-28,1500,1498,0.01,-1.24,0.0000,0.0000,0.0000,1
3.755,-1,-33,-28,1500,1498,0.01,-1.24,0.0000,0.0000,0.0000,1
3.772,-1,-32,-27,1500,1498,0.01,-1.24,0.0000,0.0000,0.0000,1
3.793,-3,-29,-26,1500,1498,0.01,-1.24,0.0000,0.0000,0.0000,1
3.812,-4,-28,-26,1500,1498,0.56,-0.54,0.0000,0.0000,0.0000,1
3.830,-5,-27,-27,1499,1498,0.56,-0.54,0.0000,0.0000,0.0000,1
3.847,-6,-26,-26,1499,1498,0.56,-0.54,0.0000,0.0000,0.0000,1
3.867,-7,-25,-26,1499,1498,0.56,-0.54,0.0000,0.0000,0.0000,1
3.887,-8,-25,-26,1499,1498,0.56,-0.54,0.0000,0.0000,0.0000,1
3.904,-9,-25,-26,1499,1498,0.56,-0.54,0.0000,0.0000,0.0000,1
3.927,-10,-26,-26,1498,1498,0.56,-0.54,0.0000,0.0000,0.0000,1
3.944,-11,-27,-27,1498,1498,0.56,-0.54,0.0000,0.0000,0.0000,1
3.962,-12,-28,-26,1498,1498,0.56,-0.54,0.0000,0.0000,0.0000,1
3.979,-14,-29,-26,1498,1498,0.56,-0.54,0.0000,0.0000,0.0000,1
3.997,-16,-29,-25,1497,1498,0.56,-0.54,0.0000,0.0000,0.0000,1
4.015,-18,-29,-25,1497,1498,0.56,-0.54,0.0000,0.0000,0.0000,1
4.034,-19,-29,-26,1497,1498,0.56,-0.54,0.0000,0.0000,0.0000,1
4.052,-21,-29,-26,1496,1498,0.66,-0.68,0.0000,0.0000,0.0000,1
4.070,-22,-29,-24,1496,1498,0.66,-0.68,0.0000,0.0000,0.0000,1
4.088,-23,-28,-24,1496,1498,0.66,-0.68,0.0000,0.0000,0.0000,1
4.107,-23,-26,-25,1496,1498,0.66,-0.68,0.0000,0.0000,0.0000,1
4.125,-24,-25,-25,1496,1498,0.66,-0.68,0.0000,0.0000,0.0000,1
4.145,-24,-24,-26,1496,1498,0.66,-0.68,0.0000,0.0000,0.0000,1
4.162,-25,-22,-25,1495,1498,0.66,-0.68,0.0000,0.0000,0.0000,1
4.179,-26,-21,-25,1495,1498,0.66,-0.68,0.0000,0.0000,0.0000,1
4.197,-26,-20,-24,1495,1498,0.66,-0.68,0.0000,0.0000,0.0000,1
4.216,-27,-18,-24,1495,1498,0.66,-0.68,0.0000,0.0000,0.0000,1
4.233,-27,-17,-24,1495,1498,0.66,-0.68,0.0000,0.0000,0.0000,1
4.252,-27,-15,-25,1495,1498,0.66,-0.68,0.0000,0.0000,0.0000,1
4.269,-27,-14,-25,1495,1498,0.66,-0.68,0.0000,0.0000,0.0000,1
4.286,-27,-14,-25,1495,1498,0.66,-0.68,0.0000,0.0000,0.0000,1
4.303,-27,-14,-23,1495,1498,0.34,0.44,0.0000,0.0000,0.0000,1
4.321,-27,-13,-24,1495,1498,0.34,0.44,0.0000,0.0000,0.0000,1
4.338,-27,-11,-24,1495,1498,0.34,0.44,0.0000,0.0000,0.0000,1
4.356,-28,-9,-24,1495,1498,0.34,0.44,0.0000,0.0000,0.0000,1
4.373,-27,-9,-25,1495,1498,0.34,0.44,0.0000,0.0000,0.0000,1
4.392,-27,-9,-25,1495,1498,0.34,0.44,0.0000,0.0000,0.0000,1
4.409,-27,-8,-23,1495,1498,0.34,0.44,0.0000,0.0000,0.0000,1
4.427,-27,-8,-24,1495,1498,0.34,0.44,0.0000,0.0000,0.0000,1
4.448,-27,-8,-24,1495,1498,0.34,0.44,0.0000,0.0000,0.0000,1
4.466,-28,-11,-24,1495,1498,0.34,0.44,0.0000,0.0000,0.0000,1
4.483,-28,-12,-23,1495,1498,0.34,0.44,0.0000,0.0000,0.0000,1
4.501,-29,-13,-23,1495,1498,0.34,0.44,0.0000,0.0000,0.0000,1
4.519,-30,-14,-23,1494,1498,0.34,0.44,0.0000,0.0000,0.0000,1
4.536,-30,-15,-23,1494,1498,0.34,0.44,0.0000,0.0000,0.0000,1
4.554,-33,-18,-24,1494,1498,-0.08,0.15,0.0000,0.0000,0.0000,1
4.571,-34,-19,-25,1494,1498,-0.08,0.15,0.0000,0.0000,0.0000,1
4.589,-35,-20,-24,1493,1498,-0.08,0.15,0.0000,0.0000,0.0000,1
4.606,-36,-21,-23,1493,1498,-0.08,0.15,0.0000,0.0000,0.0000,1
4.623,-38,-22,-23,1493,1498,-0.08,0.15,0.0000,0.0000,0.0000,1
4.640,-39,-23,-23,1493,1498,-0.08,0.15,0.0000,0.0000,0.0000,1
4.658,-41,-24,-24,1492,1498,-0.08,0.15,0.0000,0.0000,0.0000,1
4.676,-42,-26,-25,1492,1498,-0.08,0.15,0.0000,0.0000,0.0000,1
4.694,-43,-27,-23,1492,1498,-0.08,0.15,0.0000,0.0000,0.0000,1
4.711,-45,-27,-23,1491,1498,-0.08,0.15,0.0000,0.0000,0.0000,1
4.730,-45,-29,-23,1491,1498,-0.08,0.15,0.0000,0.0000,0.0000,1
4.748,-46,-31,-23,1491,1498,-0.08,0.15,0.0000,0.0000,0.0000,1
4.767,-47,-33,-23,1491,1498,-0.08,0.15,0.0000,0.0000,0.0000,1
4.784,-47,-36,-23,1491,1498,-0.08,0.15,0.0000,0.0000,0.0000,1
4.801,-48,-38,-23,1491,1498,-0.49,-1.03,0.0000,0.0000,0.0000,1
4.819,-49,-41,-23,1491,1498,-0.49,-1.03,0.0000,0.0000,0.0000,1
4.837,-49,-41,-23,1491,1498,-0.49,-1.03,0.0000,0.0000,0.0000,1
4.854,-50,-42,-23,1490,1498,-0.49,-1.03,0.0000,0.0000,0.0000,1
4.872,-50,-44,-23,1490,1498,-0.49,-1.03,0.0000,0.0000,0.0000,1
4.898,-50,-45,-23,1490,1498,-0.49,-1.03,0.0000,0.0000,0.0000,1
4.917,-51,-46,-23,1485,1498,-0.49,-1.03,0.0000,0.0000,0.0000,1
4.935,-51,-47,-24,1485,1498,-0.49,-1.03,0.0000,0.0000,0.0000,1
4.954,-51,-49,-23,1485,1498,-0.49,-1.03,0.0000,0.0000,0.0000,1
4.974,-51,-49,-23,1485,1498,-0.49,-1.03,0.0000,0.0000,0.0000,1
4.993,-51,-49,-23,1485,1498,-0.49,-1.03,0.0000,0.0000,0.0000,1
5.011,-51,-49,-24,1485,1498,-0.49,-1.03,0.0000,0.0000,0.0000,1
5.030,-50,-49,-23,1490,1498,-0.49,-1.03,0.0000,0.0000,0.0000,1
5.047,-50,-49,-23,1490,1498,-0.91,-1.43,0.0000,0.0000,0.0000,1
5.066,-50,-49,-24,1490,1498,-0.91,-1.43,0.0000,0.0000,0.0000,1
5.086,-50,-49,-24,1490,1498,-0.91,-1.43,0.0000,0.0000,0.0000,1
5.103,-50,-48,-23,1490,1498,-0.91,-1.43,0.0000,0.0000,0.0000,1
5.121,-50,-48,-23,1490,1498,-0.91,-1.43,0.0000,0.0000,0.0000,1
5.138,-51,-47,-23,1485,1498,-0.91,-1.43,0.0000,0.0000,0.0000,1
5.156,-51,-46,-24,1485,1498,-0.91,-1.43,0.0000,0.0000,0.0000,1
5.173,-52,-45,-24,1485,1498,-0.91,-1.43,0.0000,0.0000,0.0000,1
5.190,-53,-44,-24,1485,1498,-0.91,-1.43,0.0000,0.0000,0.0000,1
5.208,-54,-44,-24,1484,1498,-0.91,-1.43,0.0000,0.0000,0.0000,1
5.225,-55,-43,-23,1484,1498,-0.91,-1.43,0.0000,0.0000,0.0000,1
5.242,-55,-43,-23,1484,1498,-0.91,-1.43,0.0000,0.0000,0.0000,1
5.260,-56,-42,-24,1484,1498,-0.91,-1.43,0.0000,0.0000,0.0000,1
5.278,-56,-41,-23,1484,1498,-0.91,-1.43,0.0000,0.0000,0.0000,1
5.295,-57,-41,-23,1483,1498,-0.55,-1.07,0.0000,0.0000,0.0000,1
5.313,-58,-41,-22,1483,1498,-0.55,-1.07,0.0000,0.0000,0.0000,1
5.331,-58,-41,-23,1483,1498,-0.55,-1.07,0.0000,0.0000,0.0000,1
5.349,-58,-41,-23,1483,1498,-0.55,-1.07,0.0000,0.0000,0.0000,1
5.367,-59,-41,-23,1483,1498,-0.55,-1.07,0.0000,0.0000,0.0000,1
5.385,-59,-41,-22,1483,1498,-0.55,-1.07,0.0000,0.0000,0.0000,1
5.403,-60,-41,-23,1482,1498,-0.55,-1.07,0.0000,0.0000,0.0000,1
5.421,-61,-42,-23,1482,1498,-0.55,-1.07,0.0000,0.0000,0.0000,0
0.018,-61,-43,-23,1482,1498,-0.55,-1.07,0.0000,0.0000,0.0000,0
0.036,-61,-44,-22,1482,1498,-0.55,-1.07,0.0000,0.0000,0.0000,0
0.053,-61,-45,-22,1482,1498,-0.55,-1.07,0.0000,0.0000,0.0000,0
0.071,-61,-46,-23,1482,1498,-0.55,-1.07,0.0000,0.0000,0.0000,0
0.088,-61,-46,-23,1482,1498,-0.55,-1.07,0.0000,0.0000,0.0000,0
0.105,-61,-47,-22,1482,1498,-0.55,-1.07,0.0000,0.0000,0.0000,0
0.122,-60,-48,-22,1482,1498,-0.60,-1.48,0.0000,0.0000,0.0000,1
0.140,-59,-48,-22,1483,1498,-0.60,-1.48,0.0000,0.0000,0.0000,1
0.158,-59,-49,-22,1483,1498,-0.60,-1.48,0.0000,0.0000,0.0000,1
0.175,-58,-49,-22,1483,1498,-0.60,-1.48,0.0000,0.0000,0.0000,1
0.193,-57,-49,-22,1483,1498,-0.60,-1.48,0.0000,0.0000,0.0000,1
0.211,-57,-49,-22,1483,1498,-0.60,-1.48,0.0000,0.0000,0.0000,1
0.229,-56,-48,-23,1484,1498,-0.60,-1.48,0.0000,0.0000,0.0000,1
0.247,-55,-48,-21,1484,1498,-0.60,-1.48,0.0000,0.0000,0.0000,1
0.265,-54,-48,-21,1484,1498,-0.60,-1.48,0.0000,0.0000,0.0000,1
0.282,-54,-47,-22,1484,1498,-0.60,-1.48,0.0000,0.0000,0.0000,1
0.300,-54,-47,-22,1484,1498,-0.60,-1.48,0.0000,0.0000,0.0000,1
0.317,-53,-46,-21,1485,1498,-0.60,-1.48,0.0000,0.0000,0.0000,1
0.336,-53,-46,-21,1485,1498,-0.60,-1.48,0.0000,0.0000,0.0000,1
0.353,-53,-45,-21,1485,1498,-0.60,-1.48,0.0000,0.0000,0.0000,1
0.370,-53,-45,-21,1485,1498,-0.57,-0.90,0.0000,0.0000,0.0000,1
0.388,-53,-44,-22,1485,1498,-0.57,-0.90,0.0000,0.0000,0.0000,1
0.405,-53,-42,-21,1485,1498,-0.57,-0.90,0.0000,0.0000,0.0000,1
0.422,-54,-42,-21,1484,1498,-0.57,-0.90,0.0000,0.0000,0.0000,1
0.439,-54,-41,-21,1484,1498,-0.57,-0.90,0.0000,0.0000,0.0000,1
0.456,-54,-41,-21,1484,1498,-0.57,-0.90,0.0000,0.0000,0.0000,1
0.473,-55,-41,-21,1484,1498,-0.57,-0.90,0.0000,0.0000,0.0000,1
0.491,-55,-40,-21,1484,1498,-0.57,-0.90,0.0000,0.0000,0.0000,1
0.509,-56,-39,-21,1484,1498,-0.57,-0.90,0.0000,0.0000,0.0000,1
0.526,-56,-38,-20,1484,1498,-0.57,-0.90,0.0000,0.0000,0.0000,1
0.544,-56,-37,-21,1484,1498,-0.57,-0.90,0.0000,0.0000,0.0000,1
0.564,-57,-37,-21,1483,1498,-0.57,-0.90,0.0000,0.0000,0.0000,1
0.586,-57,-37,-20,1483,1498,-0.57,-0.90,0.0000,0.0000,0.0000,1
0.606,-58,-38,-20,1483,1498,-0.57,-0.90,0.0000,0.0000,0.0000,1
0.623,-58,-38,-20,1483,1498,-0.31,-0.30,0.0000,0.0000,0.0000,1
0.640,-58,-38,-21,1483,1498,-0.31,-0.30,0.0000,0.0000,0.0000,1
0.657,-58,-38,-20,1483,1498,-0.31,-0.30,0.0000,0.0000,0.0000,1
0.680,-57,-39,-20,1483,1498,-0.31,-0.30,0.0000,0.0000,0.0000,1
0.697,-57,-39,-20,1483,1498,-0.31,-0.30,0.0000,0.0000,0.0000,1
0.719,-55,-40,-20,1484,1498,-0.31,-0.30,0.0000,0.0000,0.0000,1
0.736,-54,-40,-20,1484,1498,-0.31,-0.30,0.0000,0.0000,0.0000,1
0.753,-54,-41,-20,1484,1498,-0.31,-0.30,0.0000,0.0000,0.0000,1
0.772,-53,-42,-20,1485,1498,-0.31,-0.30,0.0000,0.0000,0.0000,1
0.789,-52,-43,-20,1485,1498,-0.31,-0.30,0.0000,0.0000,0.0000,1
0.806,-51,-43,-20,1485,1498,-0.31,-0.30,0.0000,0.0000,0.0000,1
0.827,-51,-43,-20,1485,1498,-0.31,-0.30,0.0000,0.0000,0.0000,1
0.844,-50,-43,-19,1490,1499,-0.31,-0.30,0.0000,0.0000,0.0000,1
0.863,-50,-44,-20,1490,1498,-0.31,-0.30,0.0000,0.0000,0.0000,1
0.881,-50,-45,-19,1490,1499,-0.17,-0.62,0.0000,0.0000,0.0000,1
0.898,-50,-46,-19,1490,1499,-0.17,-0.62,0.0000,0.0000,0.0000,1
0.916,-51,-47,-19,1485,1499,-0.17,-0.62,0.0000,0.0000,0.0000,1
0.933,-51,-48,-19,1485,1499,-0.17,-0.62,0.0000,0.0000,0.0000,1
0.952,-51,-48,-19,1485,1499,-0.17,-0.62,0.0000,0.0000,0.0000,1
0.971,-52,-49,-20,1485,1498,-0.17,-0.62,0.0000,0.0000,0.0000,1
0.989,-53,-50,-19,1485,1499,-0.17,-0.62,0.0000,0.0000,0.0000,1
1.008,-53,-50,-19,1485,1499,-0.17,-0.62,0.0000,0.0000,0.0000,1
1.025,-54,-50,-20,1484,1498,-0.17,-0.62,0.0000,0.0000,0.0000,1
1.042,-55,-51,-20,1484,1498,-0.17,-0.62,0.0000,0.0000,0.0000,1
1.060,-55,-52,-19,1484,1499,-0.17,-0.62,0.0000,0.0000,0.0000,1
1.078,-55,-52,-19,1484,1499,-0.17,-0.62,0.0000,0.0000,0.0000,1
1.097,-53,-52,-19,1485,1499,-0.17,-0.62,0.0000,0.0000,0.0000,1
1.114,-52,-54,-19,1485,1499,-0.17,-0.62,0.0000,0.0000,0.0000,1
1.132,-51,-56,-19,1485,1499,0.11,-0.85,0.0000,0.0000,0.0000,1
1.149,-50,-57,-19,1490,1499,0.11,-0.85,0.0000,0.0000,0.0000,1
1.166,-49,-57,-18,1491,1499,0.11,-0.85,0.0000,0.0000,0.0000,1
1.183,-48,-57,-18,1491,1499,0.11,-0.85,0.0000,0.0000,0.0000,1
1.201,-46,-57,-19,1491,1499,0.11,-0.85,0.0000,0.0000,0.0000,1
1.219,-45,-57,-19,1491,1499,0.11,-0.85,0.0000,0.0000,0.0000,1
1.238,-44,-58,-19,1492,1499,0.11,-0.85,0.0000,0.0000,0.0000,1
1.258,-43,-58,-18,1492,1499,0.11,-0.85,0.0000,0.0000,0.0000,1
1.275,-42,-57,-18,1492,1499,0.11,-0.85,0.0000,0.0000,0.0000,1
1.294,-41,-57,-19,1492,1499,0.11,-0.85,0.0000,0.0000,0.0000,1
1.311,-40,-57,-18,1492,1499,0.11,-0.85,0.0000,0.0000,0.0000,1
1.328,-38,-57,-19,1493,1499,0.11,-0.85,0.0000,0.0000,0.0000,1
1.346,-37,-56,-18,1493,1499,0.11,-0.85,0.0000,0.0000,0.0000,1
1.364,-35,-56,-18,1493,1499,0.11,-0.85,0.0000,0.0000,0.0000,1
1.381,-35,-56,-18,1493,1499,0.28,-0.52,0.0000,0.0000,0.0000,1
1.399,-32,-54,-18,1494,1499,0.28,-0.52,0.0000,0.0000,0.0000,1
1.417,-31,-54,-18,1494,1499,0.28,-0.52,0.0000,0.0000,0.0000,1
1.434,-29,-53,-18,1495,1499,0.28,-0.52,0.0000,0.0000,0.0000,1
1.451,-28,-53,-18,1495,1499,0.28,-0.52,0.0000,0.0000,0.0000,1
1.469,-26,-52,-18,1495,1499,0.28,-0.52,0.0000,0.0000,0.0000,1
1.486,-26,-52,-18,1495,1499,0.28,-0.52,0.0000,0.0000,0.0000,1
1.504,-23,-50,-17,1496,1499,0.28,-0.52,0.0000,0.0000,0.0000,1
1.521,-22,-50,-17,1496,1499,0.28,-0.52,0.0000,0.0000,0.0000,1
1.539,-21,-49,-16,1496,1499,0.28,-0.52,0.0000,0.0000,0.0000,1
1.557,-20,-49,-16,1496,1499,0.28,-0.52,0.0000,0.0000,0.0000,1
1.574,-20,-49,-16,1496,1499,0.28,-0.52,0.0000,0.0000,0.0000,1
1.592,-19,-49,-17,1497,1499,0.28,-0.52,0.0000,0.0000,0.0000,1
1.610,-18,-49,-17,1497,1499,0.28,-0.52,0.0000,0.0000,0.0000,1
1.628,-17,-49,-17,1497,1499,-0.22,-0.13,0.0000,0.0000,0.0000,1
1.649,-16,-49,-17,1497,1499,-0.22,-0.13,0.0000,0.0000,0.0000,1
1.668,-15,-48,-17,1497,1499,-0.22,-0.13,0.0000,0.0000,0.0000,1
1.686,-14,-48,-16,1498,1499,-0.22,-0.13,0.0000,0.0000,0.0000,1
1.704,-13,-47,-16,1498,1499,-0.22,-0.13,0.0000,0.0000,0.0000,1
1.721,-12,-47,-16,1498,1499,-0.22,-0.13,0.0000,0.0000,0.0000,1
1.738,-12,-47,-15,1498,1499,-0.22,-0.13,0.0000,0.0000,0.0000,1
1.756,-12,-47,-15,1498,1499,-0.22,-0.13,0.0000,0.0000,0.0000,1
1.774,-11,-47,-15,1498,1499,-0.22,-0.13,0.0000,0.0000,0.0000,1
1.791,-11,-47,-15,1498,1499,-0.22,-0.13,0.0000,0.0000,0.0000,1
1.809,-11,-47,-15,1498,1499,-0.22,-0.13,0.0000,0.0000,0.0000,1
1.826,-10,-47,-15,1498,1499,-0.22,-0.13,0.0000,0.0000,0.0000,1
1.844,-10,-47,-15,1498,1499,-0.22,-0.13,0.0000,0.0000,0.0000,1
1.861,-9,-48,-14,1499,1499,-0.22,-0.13,0.0000,0.0000,0.0000,1
1.879,-9,-48,-14,1499,1499,-0.02,-0.17,0.0000,0.0000,0.0000,1
1.897,-9,-49,-14,1499,1499,-0.02,-0.17,0.0000,0.0000,0.0000,1
1.915,-9,-49,-14,1499,1499,-0.02,-0.17,0.0000,0.0000,0.0000,1
1.932,-8,-48,-14,1499,1499,-0.02,-0.17,0.0000,0.0000,0.0000,1
1.950,-8,-48,-14,1499,1499,-0.02,-0.17,0.0000,0.0000,0.0000,1
1.969,-8,-48,-14,1499,1499,-0.02,-0.17,0.0000,0.0000,0.0000,1
1.986,-9,-47,-14,1499,1499,-0.02,-0.17,0.0000,0.0000,0.0000,1
2.004,-10,-47,-14,1498,1499,-0.02,-0.17,0.0000,0.0000,0.0000,1
2.021,-11,-46,-14,1498,1499,-0.02,-0.17,0.0000,0.0000,0.0000,1
2.039,-12,-45,-14,1498,1499,-0.02,-0.17,0.0000,0.0000,0.0000,1
2.056,-13,-45,-14,1498,1499,-0.02,-0.17,0.0000,0.0000,0.0000,1
2.074,-13,-44,-14,1498,1499,-0.02,-0.17,0.0000,0.0000,0.0000,1
2.092,-14,-44,-14,1498,1499,-0.02,-0.17,0.0000,0.0000,0.0000,1
2.110,-14,-43,-14,1498,1499,-0.02,-0.17,0.0000,0.0000,0.0000,1
2.128,-15,-42,-14,1497,1499,-0.05,0.23,0.0000,0.0000,0.0000,1
2.147,-15,-42,-14,1497,1499,-0.05,0.23,0.0000,0.0000,0.0000,1
2.164,-16,-41,-13,1497,1499,-0.05,0.23,0.0000,0.0000,0.0000,1
2.181,-17,-40,-14,1497,1499,-0.05,0.23,0.0000,0.0000,0.0000,1
2.200,-18,-39,-14,1497,1499,-0.05,0.23,0.0000,0.0000,0.0000,1
2.217,-20,-39,-14,1496,1499,-0.05,0.23,0.0000,0.0000,0.0000,1
2.235,-21,-40,-13,1496,1499,-0.05,0.23,0.0000,0.0000,0.0000,1
2.255,-22,-40,-14,1496,1499,-0.05,0.23,0.0000,0.0000,0.0000,1
2.272,-23,-40,-13,1496,1499,-0.05,0.23,0.0000,0.0000,0.0000,1
2.290,-25,-41,-14,1495,1499,-0.05,0.23,0.0000,0.0000,0.0000,1
2.309,-26,-41,-15,1495,1499,-0.05,0.23,0.0000,0.0000,0.0000,1
2.326,-28,-41,-14,1495,1499,-0.05,0.23,0.0000,0.0000,0.0000,1
2.343,-29,-41,-14,1495,1499,-0.05,0.23,0.0000,0.0000,0.0000,1
2.361,-33,-40,-12,1494,1499,-0.05,0.23,0.0000,0.0000,0.0000,1
2.379,-33,-40,-12,1494,1499,-0.50,0.14,0.0000,0.0000,0.0000,1
2.397,-34,-40,-12,1494,1499,-0.50,0.14,0.0000,0.0000,0.0000,1
2.416,-35,-39,-13,1493,1499,-0.50,0.14,0.0000,0.0000,0.0000,1
2.435,-36,-39,-13,1493,1499,-0.50,0.14,0.0000,0.0000,0.0000,1
2.452,-38,-38,-13,1493,1499,-0.50,0.14,0.0000,0.0000,0.0000,1
2.469,-39,-38,-12,1493,1499,-0.50,0.14,0.0000,0.0000,0.0000,1
2.486,-39,-37,-12,1493,1499,-0.50,0.14,0.0000,0.0000,0.0000,1
2.507,-40,-37,-13,1492,1499,-0.50,0.14,0.0000,0.0000,0.0000,1
2.527,-40,-36,-13,1492,1499,-0.50,0.14,0.0000,0.0000,0.0000,1
2.544,-40,-35,-13,1492,1499,-0.50,0.14,0.0000,0.0000,0.0000,1
2.564,-40,-35,-13,1492,1499,-0.50,0.14,0.0000,0.0000,0.0000,1
2.582,-39,-34,-13,1493,1499,-0.50,0.14,0.0000,0.0000,0.0000,1
2.600,-38,-34,-13,1493,1499,-0.50,0.14,0.0000,0.0000,0.0000,1
2.617,-37,-33,-13,1493,1499,-0.50,0.14,0.0000,0.0000,0.0000,1
2.634,-36,-33,-14,1493,1499,-0.08,0.37,0.0000,0.0000,0.0000,1
2.651,-35,-33,-14,1493,1499,-0.08,0.37,0.0000,0.0000,0.0000,1
2.672,-33,-33,-15,1494,1499,-0.08,0.37,0.0000,0.0000,0.0000,1
2.689,-31,-32,-14,1494,1499,-0.08,0.37,0.0000,0.0000,0.0000,1
2.707,-29,-32,-14,1495,1499,-0.08,0.37,0.0000,0.0000,0.0000,1
2.724,-27,-32,-14,1495,1499,-0.08,0.37,0.0000,0.0000,0.0000,1
2.741,-25,-31,-14,1495,1499,-0.08,0.37,0.0000,0.0000,0.0000,1
2.759,-22,-30,-14,1496,1499,-0.08,0.37,0.0000,0.0000,0.0000,1
2.777,-20,-29,-13,1496,1499,-0.08,0.37,0.0000,0.0000,0.0000,1
2.794,-18,-29,-13,1497,1499,-0.08,0.37,0.0000,0.0000,0.0000,1
2.811,-15,-28,-12,1497,1499,-0.08,0.37,0.0000,0.0000,0.0000,1
2.829,-14,-28,-12,1498,1499,-0.08,0.37,0.0000,0.0000,0.0000,1
2.846,-12,-28,-12,1498,1499,-0.08,0.37,0.0000,0.0000,0.0000,1
2.863,-11,-28,-12,1498,1499,-0.08,0.37,0.0000,0.0000,0.0000,1
2.881,-11,-28,-12,1498,1499,0.10,0.51,0.0000,0.0000,0.0000,1
2.899,-10,-28,-13,1498,1499,0.10,0.51,0.0000,0.0000,0.0000,1
2.917,-9,-29,-13,1499,1499,0.10,0.51,0.0000,0.0000,0.0000,1
2.936,-9,-29,-13,1499,1499,0.10,0.51,0.0000,0.0000,0.0000,1
2.953,-9,-29,-13,1499,1499,0.10,0.51,0.0000,0.0000,0.0000,1
2.973,-8,-30,-12,1499,1499,0.10,0.51,0.0000,0.0000,0.0000,1
2.992,-5,-31,-13,1499,1499,0.10,0.51,0.0000,0.0000,0.0000,1
3.009,-4,-30,-13,1500,1499,0.10,0.51,0.0000,0.0000,0.0000,1
3.028,-2,-30,-14,1500,1499,0.10,0.51,0.0000,0.0000,0.0000,1
3.046,-1,-30,-13,1500,1499,0.10,0.51,0.0000,0.0000,0.0000,1
3.063,-1,-30,-13,1500,1499,0.10,0.51,0.0000,0.0000,0.0000,1
3.080,0,-30,-13,1500,1499,0.10,0.51,0.0000,0.0000,0.0000,1
3.097,0,-30,-14,1500,1499,0.10,0.51,0.0000,0.0000,0.0000,1
3.114,1,-30,-14,1500,1499,0.10,0.51,0.0000,0.0000,0.0000,1
3.131,1,-30,-14,1500,1499,0.36,0.20,0.0000,0.0000,0.0000,1
3.149,1,-31,-13,1500,1499,0.36,0.20,0.0000,0.0000,0.0000,1
3.168,1,-31,-13,1500,1499,0.36,0.20,0.0000,0.0000,0.0000,1
3.191,1,-32,-14,1500,1499,0.36,0.20,0.0000,0.0000,0.0000,1
3.209,0,-33,-15,1500,1499,0.36,0.20,0.0000,0.0000,0.0000,1
3.227,0,-34,-14,1500,1499,0.36,0.20,0.0000,0.0000,0.0000,1
3.246,-1,-34,-14,1500,1499,0.36,0.20,0.0000,0.0000,0.0000,1
3.264,-2,-35,-15,1500,1499,0.36,0.20,0.0000,0.0000,0.0000,1
3.282,-3,-35,-15,1500,1499,0.36,0.20,0.0000,0.0000,0.0000,1
3.299,-4,-35,-14,1500,1499,0.36,0.20,0.0000,0.0000,0.0000,1
3.318,-4,-35,-14,1500,1499,0.36,0.20,0.0000,0.0000,0.0000,1
3.336,-5,-35,-15,1499,1499,0.36,0.20,0.0000,0.0000,0.0000,1
3.354,-6,-34,-15,1499,1499,0.36,0.20,0.0000,0.0000,0.0000,1
3.371,-8,-34,-15,1499,1499,-0.31,-0.26,0.0000,0.0000,0.0000,1
3.388,-9,-33,-15,1499,1499,-0.31,-0.26,0.0000,0.0000,0.0000,1
3.407,-10,-33,-16,1498,1499,-0.31,-0.26,0.0000,0.0000,0.0000,1
3.424,-12,-33,-16,1498,1499,-0.31,-0.26,0.0000,0.0000,0.0000,1
3.442,-12,-33,-16,1498,1499,-0.31,-0.26,0.0000,0.0000,0.0000,1
3.460,-13,-33,-16,1498,1499,-0.31,-0.26,0.0000,0.0000,0.0000,1
3.478,-15,-33,-16,1497,1499,-0.31,-0.26,0.0000,0.0000,0.0000,1
3.495,-17,-33,-15,1497,1499,-0.31,-0.26,0.0000,0.0000,0.0000,1
3.514,-20,-34,-16,1496,1499,-0.31,-0.26,0.0000,0.0000,0.0000,1
3.531,-22,-35,-16,1496,1499,-0.31,-0.26,0.0000,0.0000,0.0000,1
3.549,-24,-36,-15,1496,1499,-0.31,-0.26,0.0000,0.0000,0.0000,1
3.567,-25,-37,-16,1495,1499,-0.31,-0.26,0.0000,0.0000,0.0000,1
3.584,-26,-38,-16,1495,1499,-0.31,-0.26,0.0000,0.0000,0.0000,1
3.601,-26,-39,-16,1495,1499,-0.31,-0.26,0.0000,0.0000,0.0000,1
3.619,-27,-39,-16,1495,1499,-0.46,-0.86,0.0000,0.0000,0.0000,1
3.637,-27,-40,-16,1495,1499,-0.46,-0.86,0.0000,0.0000,0.0000,1
3.654,-27,-40,-16,1495,1499,-0.46,-0.86,0.0000,0.0000,0.0000,1
3.671,-27,-40,-16,1495,1499,-0.46,-0.86,0.0000,0.0000,0.0000,1
3.689,-27,-39,-16,1495,1499,-0.46,-0.86,0.0000,0.0000,0.0000,1
3.709,-27,-39,-17,1495,1499,-0.46,-0.86,0.0000,0.0000,0.0000,1
3.728,-26,-39,-17,1495,1499,-0.46,-0.86,0.0000,0.0000,0.0000,1
3.746,-25,-38,-17,1495,1499,-0.46,-0.86,0.0000,0.0000,0.0000,1
3.764,-24,-38,-17,1496,1499,-0.46,-0.86,0.0000,0.0000,0.0000,1
3.783,-23,-38,-18,1496,1499,-0.46,-0.86,0.0000,0.0000,0.0000,1
3.800,-22,-38,-18,1496,1499,-0.46,-0.86,0.0000,0.0000,0.0000,1
3.817,-22,-39,-18,1496,1499,-0.46,-0.86,0.0000,0.0000,0.0000,1
3.834,-22,-39,-19,1496,1499,-0.46,-0.86,0.0000,0.0000,0.0000,1
3.852,-22,-39,-19,1496,1499,-0.46,-0.86,0.0000,0.0000,0.0000,1
3.869,-22,-39,-19,1496,1499,-0.84,-0.90,0.0000,0.0000,0.0000,1
3.888,-22,-39,-19,1496,1499,-0.84,-0.90,0.0000,0.0000,0.0000,1
3.906,-22,-39,-19,1496,1499,-0.84,-0.90,0.0000,0.0000,0.0000,1
3.926,-22,-39,-20,1496,1498,-0.84,-0.90,0.0000,0.0000,0.0000,1
3.944,-23,-39,-20,1496,1498,-0.84,-0.90,0.0000,0.0000,0.0000,1
3.962,-23,-39,-20,1496,1498,-0.84,-0.90,0.0000,0.0000,0.0000,1
3.979,-23,-39,-20,1496,1498,-0.84,-0.90,0.0000,0.0000,0.0000,1
3.997,-22,-39,-20,1496,1498,-0.84,-0.90,0.0000,0.0000,0.0000,1
4.015,-21,-39,-20,1496,1498,-0.84,-0.90,0.0000,0.0000,0.0000,1
4.032,-20,-39,-20,1496,1498,-0.84,-0.90,0.0000,0.0000,0.0000,1
4.049,-19,-39,-20,1497,1498,-0.84,-0.90,0.0000,0.0000,0.0000,1
4.066,-18,-39,-19,1497,1499,-0.84,-0.90,0.0000,0.0000,0.0000,1
4.083,-16,-38,-19,1497,1499,-0.84,-0.90,0.0000,0.0000,0.0000,1
4.101,-14,-37,-20,1498,1498,-0.84,-0.90,0.0000,0.0000,0.0000,1
4.119,-12,-36,-19,1498,1499,-0.57,-0.77,0.0000,0.0000,0.0000,1
4.137,-10,-34,-20,1498,1498,-0.57,-0.77,0.0000,0.0000,0.0000,1
4.154,-10,-34,-20,1498,1498,-0.57,-0.77,0.0000,0.0000,0.0000,1
4.173,-7,-32,-20,1499,1498,-0.57,-0.77,0.0000,0.0000,0.0000,1
4.192,-5,-30,-20,1499,1498,-0.57,-0.77,0.0000,0.0000,0.0000,1
4.210,-3,-28,-21,1500,1498,-0.57,-0.77,0.0000,0.0000,0.0000,1
4.227,2,-25,-20,1500,1498,-0.57,-0.77,0.0000,0.0000,0.0000,1
4.246,4,-24,-20,1500,1498,-0.57,-0.77,0.0000,0.0000,0.0000,1
4.264,7,-23,-20,1501,1498,-0.57,-0.77,0.0000,0.0000,0.0000,1
4.282,9,-22,-20,1501,1498,-0.57,-0.77,0.0000,0.0000,0.0000,1
4.300,10,-21,-21,1502,1498,-0.57,-0.77,0.0000,0.0000,0.0000,1
4.317,12,-20,-21,1502,1498,-0.57,-0.77,0.0000,0.0000,0.0000,1
4.334,13,-19,-21,1502,1498,-0.57,-0.77,0.0000,0.0000,0.0000,1
4.351,15,-18,-20,1503,1498,-0.57,-0.77,0.0000,0.0000,0.0000,1
4.369,16,-18,-20,1503,1498,-0.86,0.03,0.0000,0.0000,0.0000,1
4.387,17,-20,-21,1503,1498,-0.86,0.03,0.0000,0.0000,0.0000,1
4.406,17,-20,-22,1503,1498,-0.86,0.03,0.0000,0.0000,0.0000,1
4.423,17,-21,-22,1503,1498,-0.86,0.03,0.0000,0.0000,0.0000,1
4.443,18,-22,-22,1503,1498,-0.86,0.03,0.0000,0.0000,0.0000,1
4.460,19,-23,-22,1503,1498,-0.86,0.03,0.0000,0.0000,0.0000,1
4.478,20,-24,-22,1504,1498,-0.86,0.03,0.0000,0.0000,0.0000,1
4.495,19,-25,-22,1503,1498,-0.86,0.03,0.0000,0.0000,0.0000,1
4.513,19,-26,-21,1503,1498,-0.86,0.03,0.0000,0.0000,0.0000,1
4.531,19,-27,-21,1503,1498,-0.86,0.03,0.0000,0.0000,0.0000,1
4.548,19,-27,-21,1503,1498,-0.86,0.03,0.0000,0.0000,0.0000,1
4.566,18,-29,-22,1503,1498,-0.86,0.03,0.0000,0.0000,0.0000,1
4.583,17,-30,-22,1503,1498,-0.86,0.03,0.0000,0.0000,0.0000,1
4.603,17,-32,-22,1503,1498,-0.86,0.03,0.0000,0.0000,0.0000,1
4.625,17,-33,-22,1503,1498,0.06,-0.99,0.0000,0.0000,0.0000,1
4.643,15,-34,-21,1503,1498,0.06,-0.99,0.0000,0.0000,0.0000,1
4.661,14,-36,-22,1502,1498,0.06,-0.99,0.0000,0.0000,0.0000,1
4.678,12,-37,-22,1502,1498,0.06,-0.99,0.0000,0.0000,0.0000,1
4.696,11,-38,-22,1502,1498,0.06,-0.99,0.0000,0.0000,0.0000,1
4.714,10,-40,-22,1502,1498,0.06,-0.99,0.0000,0.0000,0.0000,1
4.732,10,-41,-22,1502,1498,0.06,-0.99,0.0000,0.0000,0.0000,1
4.750,10,-42,-23,1502,1498,0.06,-0.99,0.0000,0.0000,0.0000,1
4.767,10,-42,-23,1502,1498,0.06,-0.99,0.0000,0.0000,0.0000,1
4.785,10,-43,-23,1502,1498,0.06,-0.99,0.0000,0.0000,0.0000,1
4.803,10,-42,-23,1502,1498,0.06,-0.99,0.0000,0.0000,0.0000,1
4.820,10,-42,-23,1502,1498,0.06,-0.99,0.0000,0.0000,0.0000,1
4.838,10,-42,-23,1502,1498,0.06,-0.99,0.0000,0.0000,0.0000,1
4.855,10,-41,-23,1502,1498,0.06,-0.99,0.0000,0.0000,0.0000,1
4.873,10,-39,-23,1502,1498,-0.07,-1.09,0.0000,0.0000,0.0000,1
4.890,10,-38,-23,1502,1498,-0.07,-1.09,0.0000,0.0000,0.0000,1
4.908,9,-37,-23,1501,1498,-0.07,-1.09,0.0000,0.0000,0.0000,1
4.926,9,-37,-23,1501,1498,-0.07,-1.09,0.0000,0.0000,0.0000,1
4.944,7,-36,-25,1501,1498,-0.07,-1.09,0.0000,0.0000,0.0000,1
4.962,7,-34,-25,1501,1498,-0.07,-1.09,0.0000,0.0000,0.0000,1
4.979,6,-33,-24,1501,1498,-0.07,-1.09,0.0000,0.0000,0.0000,1
4.996,4,-31,-24,1500,1498,-0.07,-1.09,0.0000,0.0000,0.0000,1
5.014,3,-30,-24,1500,1498,-0.07,-1.09,0.0000,0.0000,0.0000,1
5.032,2,-30,-24,1500,1498,-0.07,-1.09,0.0000,0.0000,0.0000,1
5.050,2,-29,-24,1500,1498,-0.07,-1.09,0.0000,0.0000,0.0000,1
5.069,1,-29,-24,1500,1498,-0.07,-1.09,0.0000,0.0000,0.0000,1
5.087,0,-28,-24,1500,1498,-0.07,-1.09,0.0000,0.0000,0.0000,1
5.104,0,-28,-24,1500,1498,-0.07,-1.09,0.0000,0.0000,0.0000,1
5.121,-1,-27,-23,1500,1498,-0.18,-0.63,0.0000,0.0000,0.0000,1
5.139,-2,-27,-24,1500,1498,-0.18,-0.63,0.0000,0.0000,0.0000,1
5.156,-2,-27,-23,1500,1498,-0.18,-0.63,0.0000,0.0000,0.0000,1
5.174,-2,-27,-23,1500,1498,-0.18,-0.63,0.0000,0.0000,0.0000,1
5.192,-2,-27,-24,1500,1498,-0.18,-0.63,0.0000,0.0000,0.0000,1
5.210,-3,-26,-23,1500,1498,-0.18,-0.63,0.0000,0.0000,0.0000,1
5.228,-3,-25,-24,1500,1498,-0.18,-0.63,0.0000,0.0000,0.0000,1
5.245,-3,-25,-24,1500,1498,-0.18,-0.63,0.0000,0.0000,0.0000,1
5.262,-2,-24,-24,1500,1498,-0.18,-0.63,0.0000,0.0000,0.0000,1
5.280,-2,-23,-24,1500,1498,-0.18,-0.63,0.0000,0.0000,0.0000,1
5.297,-2,-23,-24,1500,1498,-0.18,-0.63,0.0000,0.0000,0.0000,1
5.315,-1,-22,-24,1500,1498,-0.18,-0.63,0.0000,0.0000,0.0000,1
5.332,-1,-21,-24,1500,1498,-0.18,-0.63,0.0000,0.0000,0.0000,1
5.350,1,-19,-23,1500,1498,-0.18,-0.63,0.0000,0.0000,0.0000,1
5.367,2,-18,-23,1500,1498,-0.07,-0.06,0.0000,0.0000,0.0000,1
5.384,3,-18,-23,1500,1498,-0.07,-0.06,0.0000,0.0000,0.0000,1
5.403,5,-18,-22,1501,1498,-0.07,-0.06,0.0000,0.0000,0.0000,1
5.421,6,-17,-22,1501,1498,-0.07,-0.06,0.0000,0.0000,0.0000,1
5.438,7,-17,-23,1501,1498,-0.07,-0.06,0.0000,0.0000,0.0000,1
5.457,7,-17,-23,1501,1498,-0.07,-0.06,0.0000,0.0000,0.0000,1
5.479,8,-17,-24,1501,1498,-0.07,-0.06,0.0000,0.0000,0.0000,1
5.496,8,-16,-24,1501,1498,-0.07,-0.06,0.0000,0.0000,0.0000,1
5.514,9,-17,-23,1501,1498,-0.07,-0.06,0.0000,0.0000,0.0000,1
5.532,9,-17,-23,1501,1498,-0.07,-0.06,0.0000,0.0000,0.0000,1
5.550,10,-18,-23,1502,1498,-0.07,-0.06,0.0000,0.0000,0.0000,1
5.569,10,-18,-23,1502,1498,-0.07,-0.06,0.0000,0.0000,0.0000,1
5.586,10,-19,-24,1502,1498,-0.07,-0.06,0.0000,0.0000,0.0000,1
5.603,10,-20,-24,1502,1498,-0.07,-0.06,0.0000,0.0000,0.0000,1
5.621,11,-21,-23,1502,1498,-0.00,-0.43,0.0000,0.0000,0.0000,1
5.638,11,-22,-23,1502,1498,-0.00,-0.43,0.0000,0.0000,0.0000,1
5.656,11,-23,-23,1502,1498,-0.00,-0.43,0.0000,0.0000,0.0000,1
5.673,10,-23,-23,1502,1498,-0.00,-0.43,0.0000,0.0000,0.0000,1
5.691,10,-24,-25,1502,1498,-0.00,-0.43,0.0000,0.0000,0.0000,1
5.708,10,-24,-24,1502,1498,-0.00,-0.43,0.0000,0.0000,0.0000,1
5.726,9,-25,-23,1501,1498,-0.00,-0.43,0.0000,0.0000,0.0000,1
5.743,9,-25,-23,1501,1498,-0.00,-0.43,0.0000,0.0000,0.0000,1
5.760,8,-25,-23,1501,1498,-0.00,-0.43,0.0000,0.0000,0.0000,1
5.778,7,-25,-23,1501,1498,-0.00,-0.43,0.0000,0.0000,0.0000,1
5.795,5,-25,-25,1501,1498,-0.00,-0.43,0.0000,0.0000,0.0000,1
5.812,4,-24,-26,1500,1498,-0.00,-0.43,0.0000,0.0000,0.0000,1
5.829,3,-24,-25,1500,1498,-0.00,-0.43,0.0000,0.0000,0.0000,1
5.847,1,-24,-25,1500,1498,-0.00,-0.43,0.0000,0.0000,0.0000,1
5.865,0,-24,-24,1500,1498,-0.56,-0.68,0.0000,0.0000,0.0000,1
5.884,-1,-24,-24,1500,1498,-0.56,-0.68,0.0000,0.0000,0.0000,1
5.903,-3,-24,-24,1500,1498,-0.56,-0.68,0.0000,0.0000,0.0000,1
5.922,-4,-24,-24,1500,1498,-0.56,-0.68,0.0000,0.0000,0.0000,1
5.940,-5,-23,-23,1499,1498,-0.56,-0.68,0.0000,0.0000,0.0000,1
5.957,-5,-24,-23,1499,1498,-0.56,-0.68,0.0000,0.0000,0.0000,1
5.975,-6,-24,-23,1499,1498,-0.56,-0.68,0.0000,0.0000,0.0000,1
5.993,-7,-24,-23,1499,1498,-0.56,-0.68,0.0000,0.0000,0.0000,1
6.010,-7,-24,-23,1499,1498,-0.56,-0.68,0.0000,0.0000,0.0000,1
6.027,-7,-24,-23,1499,1498,-0.56,-0.68,0.0000,0.0000,0.0000,1
6.044,-8,-25,-23,1499,1498,-0.56,-0.68,0.0000,0.0000,0.0000,1
6.062,-8,-25,-23,1499,1498,-0.56,-0.68,0.0000,0.0000,0.0000,1
6.079,-8,-25,-24,1499,1498,-0.56,-0.68,0.0000,0.0000,0.0000,1
6.097,-8,-24,-25,1499,1498,-0.56,-0.68,0.0000,0.0000,0.0000,1
6.114,-9,-24,-25,1499,1498,-0.47,-0.71,0.0000,0.0000,0.0000,1
6.131,-9,-23,-25,1499,1498,-0.47,-0.71,0.0000,0.0000,0.0000,1
6.149,-9,-23,-26,1499,1498,-0.47,-0.71,0.0000,0.0000,0.0000,1
6.167,-9,-23,-25,1499,1498,-0.47,-0.71,0.0000,0.0000,0.0000,1
6.186,-9,-22,-25,1499,1498,-0.47,-0.71,0.0000,0.0000,0.0000,1
6.203,-9,-22,-25,1499,1498,-0.47,-0.71,0.0000,0.0000,0.0000,1
6.222,-9,-22,-24,1499,1498,-0.47,-0.71,0.0000,0.0000,0.0000,1
6.240,-8,-22,-24,1499,1498,-0.47,-0.71,0.0000,0.0000,0.0000,1
6.259,-8,-22,-24,1499,1498,-0.47,-0.71,0.0000,0.0000,0.0000,1
6.277,-7,-22,-23,1499,1498,-0.47,-0.71,0.0000,0.0000,0.0000,1
6.294,-5,-22,-23,1499,1498,-0.47,-0.71,0.0000,0.0000,0.0000,1
6.311,-4,-22,-23,1500,1498,-0.47,-0.71,0.0000,0.0000,0.0000,1
6.329,-3,-22,-23,1500,1498,-0.47,-0.71,0.0000,0.0000,0.0000,1
6.346,-2,-22,-23,1500,1498,-0.47,-0.71,0.0000,0.0000,0.0000,1
6.364,-2,-21,-24,1500,1498,-0.48,-0.52,0.0000,0.0000,0.0000,1
6.382,-1,-20,-25,1500,1498,-0.48,-0.52,0.0000,0.0000,0.0000,1
6.399,1,-20,-24,1500,1498,-0.48,-0.52,0.0000,0.0000,0.0000,1
6.417,2,-20,-23,1500,1498,-0.48,-0.52,0.0000,0.0000,0.0000,1
6.436,2,-20,-23,1500,1498,-0.48,-0.52,0.0000,0.0000,0.0000,1
6.455,4,-20,-23,1500,1498,-0.48,-0.52,0.0000,0.0000,0.0000,1
6.473,5,-20,-24,1501,1498,-0.48,-0.52,0.0000,0.0000,0.0000,1
6.490,6,-20,-23,1501,1498,-0.48,-0.52,0.0000,0.0000,0.0000,1
6.509,6,-20,-23,1501,1498,-0.48,-0.52,0.0000,0.0000,0.0000,1
6.526,6,-21,-23,1501,1498,-0.48,-0.52,0.0000,0.0000,0.0000,1
6.544,5,-21,-23,1501,1498,-0.48,-0.52,0.0000,0.0000,0.0000,1
6.561,5,-21,-23,1501,1498,-0.48,-0.52,0.0000,0.0000,0.0000,1
6.579,5,-21,-23,1501,1498,-0.48,-0.52,0.0000,0.0000,0.0000,1
6.596,5,-22,-23,1501,1498,-0.48,-0.52,0.0000,0.0000,0.0000,1
6.613,4,-22,-23,1500,1498,-0.48,-0.52,0.0000,0.0000,0.0000,1
6.631,4,-22,-23,1500,1498,-0.22,-0.62,0.0000,0.0000,0.0000,1
6.650,3,-21,-23,1500,1498,-0.22,-0.62,0.0000,0.0000,0.0000,1
6.670,3,-21,-23,1500,1498,-0.22,-0.62,0.0000,0.0000,0.0000,1
6.693,2,-20,-23,1500,1498,-0.22,-0.62,0.0000,0.0000,0.0000,1
6.711,2,-19,-23,1500,1498,-0.22,-0.62,0.0000,0.0000,0.0000,1
6.730,1,-18,-23,1500,1498,-0.22,-0.62,0.0000,0.0000,0.0000,1
6.748,1,-18,-23,1500,1498,-0.22,-0.62,0.0000,0.0000,0.0000,1
6.766,0,-18,-22,1500,1498,-0.22,-0.62,0.0000,0.0000,0.0000,1
6.783,0,-18,-22,1500,1498,-0.22,-0.62,0.0000,0.0000,0.0000,1
6.801,0,-18,-23,1500,1498,-0.22,-0.62,0.0000,0.0000,0.0000,1
6.819,0,-18,-23,1500,1498,-0.22,-0.62,0.0000,0.0000,0.0000,1
6.837,1,-18,-22,1500,1498,-0.22,-0.62,0.0000,0.0000,0.0000,1
6.854,2,-18,-22,1500,1498,-0.22,-0.62,0.0000,0.0000,0.0000,1
6.871,2,-18,-24,1500,1498,-0.50,-0.40,0.0000,0.0000,0.0000,1
6.888,3,-18,-23,1500,1498,-0.50,-0.40,0.0000,0.0000,0.0000,1
6.909,4,-19,-22,1500,1498,-0.50,-0.40,0.0000,0.0000,0.0000,1
6.927,5,-19,-23,1501,1498,-0.50,-0.40,0.0000,0.0000,0.0000,1
6.946,6,-20,-23,1501,1498,-0.50,-0.40,0.0000,0.0000,0.0000,1
6.964,7,-19,-23,1501,1498,-0.50,-0.40,0.0000,0.0000,0.0000,1
6.981,8,-19,-23,1501,1498,-0.50,-0.40,0.0000,0.0000,0.0000,1
6.999,9,-18,-23,1501,1498,-0.50,-0.40,0.0000,0.0000,0.0000,1
7.017,9,-17,-23,1501,1498,-0.50,-0.40,0.0000,0.0000,0.0000,1
7.035,10,-16,-23,1502,1498,-0.50,-0.40,0.0000,0.0000,0.0000,1
7.053,11,-14,-23,1502,1498,-0.50,-0.40,0.0000,0.0000,0.0000,1
7.070,11,-13,-23,1502,1498,-0.50,-0.40,0.0000,0.0000,0.0000,1
7.088,10,-11,-24,1502,1498,-0.50,-0.40,0.0000,0.0000,0.0000,1
7.107,10,-9,-23,1502,1498,-0.50,-0.40,0.0000,0.0000,0.0000,1
7.124,10,-8,-23,1502,1498,-1.64,-0.14,0.0000,0.0000,0.0000,1
7.141,10,-10,-23,1502,1498,-1.64,-0.14,0.0000,0.0000,0.0000,1
7.159,10,-12,-23,1502,1498,-1.64,-0.14,0.0000,0.0000,0.0000,1
7.178,9,-13,-23,1501,1498,-1.64,-0.14,0.0000,0.0000,0.0000,1
7.196,6,-15,-24,1501,1498,-1.64,-0.14,0.0000,0.0000,0.0000,1
7.216,6,-16,-24,1501,1498,-1.64,-0.14,0.0000,0.0000,0.0000,1
7.234,4,-17,-24,1500,1498,-1.64,-0.14,0.0000,0.0000,0.0000,1
7.251,4,-19,-24,1500,1498,-1.64,-0.14,0.0000,0.0000,0.0000,1
7.270,3,-21,-23,1500,1498,-1.64,-0.14,0.0000,0.0000,0.0000,1
7.287,3,-23,-23,1500,1498,-1.64,-0.14,0.0000,0.0000,0.0000,1
7.306,2,-24,-24,1500,1498,-1.64,-0.14,0.0000,0.0000,0.0000,1
7.325,1,-25,-24,1500,1498,-1.64,-0.14,0.0000,0.0000,0.0000,1
7.342,1,-26,-24,1500,1498,-1.64,-0.14,0.0000,0.0000,0.0000,1
7.359,1,-26,-24,1500,1498,-1.12,-0.80,0.0000,0.0000,0.0000,1
7.376,1,-26,-24,1500,1498,-1.12,-0.80,0.0000,0.0000,0.0000,1
7.396,0,-26,-25,1500,1498,-1.12,-0.80,0.0000,0.0000,0.0000,1
7.415,0,-27,-24,1500,1498,-1.12,-0.80,0.0000,0.0000,0.0000,1
7.432,-1,-28,-24,1500,1498,-1.12,-0.80,0.0000,0.0000,0.0000,1
7.450,-2,-29,-24,1500,1498,-1.12,-0.80,0.0000,0.0000,0.0000,1
7.467,-3,-31,-24,1500,1498,-1.12,-0.80,0.0000,0.0000,0.0000,1
7.485,-5,-33,-25,1499,1498,-1.12,-0.80,0.0000,0.0000,0.0000,1
7.503,-6,-34,-24,1499,1498,-1.12,-0.80,0.0000,0.0000,0.0000,1
7.520,-8,-34,-25,1499,1498,-1.12,-0.80,0.0000,0.0000,0.0000,1
7.538,-9,-34,-25,1499,1498,-1.12,-0.80,0.0000,0.0000,0.0000,1
7.555,-12,-37,-25,1498,1498,-1.12,-0.80,0.0000,0.0000,0.0000,1
7.573,-13,-38,-25,1498,1498,-1.12,-0.80,0.0000,0.0000,0.0000,1
7.590,-14,-39,-25,1498,1498,-1.12,-0.80,0.0000,0.0000,0.0000,1
7.608,-14,-40,-25,1498,1498,-1.12,-0.80,0.0000,0.0000,0.0000,1
7.626,-14,-40,-25,1498,1498,-1.24,-1.53,0.0000,0.0000,0.0000,1
7.643,-14,-41,-25,1498,1498,-1.24,-1.53,0.0000,0.0000,0.0000,1
7.664,-14,-42,-25,1498,1498,-1.24,-1.53,0.0000,0.0000,0.0000,1
7.682,-15,-42,-26,1497,1498,-1.24,-1.53,0.0000,0.0000,0.0000,1
7.700,-15,-42,-25,1497,1498,-1.24,-1.53,0.0000,0.0000,0.0000,1
7.718,-15,-42,-25,1497,1498,-1.24,-1.53,0.0000,0.0000,0.0000,1
7.737,-14,-41,-26,1498,1498,-1.24,-1.53,0.0000,0.0000,0.0000,1
7.754,-14,-41,-26,1498,1498,-1.24,-1.53,0.0000,0.0000,0.0000,1
7.773,-13,-41,-26,1498,1498,-1.24,-1.53,0.0000,0.0000,0.0000,1
7.790,-12,-42,-25,1498,1498,-1.24,-1.53,0.0000,0.0000,0.0000,1
7.807,-12,-44,-26,1498,1498,-1.24,-1.53,0.0000,0.0000,0.0000,1
7.825,-11,-44,-26,1498,1498,-1.24,-1.53,0.0000,0.0000,0.0000,1
7.842,-11,-44,-26,1498,1498,-1.24,-1.53,0.0000,0.0000,0.0000,1
7.859,-10,-43,-26,1498,1498,-1.94,-1.61,0.0000,0.0000,0.0000,1
7.877,-9,-43,-26,1499,1498,-1.94,-1.61,0.0000,0.0000,0.0000,1
7.894,-9,-43,-26,1499,1498,-1.94,-1.61,0.0000,0.0000,0.0000,1
7.912,-10,-42,-26,1498,1498,-1.94,-1.61,0.0000,0.0000,0.0000,1
7.930,-10,-41,-27,1498,1498,-1.94,-1.61,0.0000,0.0000,0.0000,1
7.947,-9,-41,-25,1499,1498,-1.94,-1.61,0.0000,0.0000,0.0000,1
7.966,-9,-42,-26,1499,1498,-1.94,-1.61,0.0000,0.0000,0.0000,1
7.984,-12,-44,-26,1498,1498,-1.94,-1.61,0.0000,0.0000,0.0000,1
8.001,-13,-43,-26,1498,1498,-1.94,-1.61,0.0000,0.0000,0.0000,1
8.019,-14,-42,-26,1498,1498,-1.94,-1.61,0.0000,0.0000,0.0000,1
8.036,-15,-41,-25,1497,1498,-1.94,-1.61,0.0000,0.0000,0.0000,1
8.054,-16,-41,-25,1497,1498,-1.94,-1.61,0.0000,0.0000,0.0000,1
8.072,-19,-41,-26,1497,1498,-1.94,-1.61,0.0000,0.0000,0.0000,1
8.090,-20,-41,-26,1496,1498,-1.94,-1.61,0.0000,0.0000,0.0000,1
8.108,-22,-41,-26,1496,1498,-1.94,-1.61,0.0000,0.0000,0.0000,1
8.128,-23,-40,-25,1496,1498,-1.56,-1.40,0.0000,0.0000,0.0000,1
8.148,-23,-40,-25,1496,1498,-1.56,-1.40,0.0000,0.0000,0.0000,1
8.169,-24,-40,-25,1496,1498,-1.56,-1.40,0.0000,0.0000,0.0000,1
8.187,-25,-39,-26,1495,1498,-1.56,-1.40,0.0000,0.0000,0.0000,1
8.210,-27,-37,-27,1495,1498,-1.56,-1.40,0.0000,0.0000,0.0000,1
8.228,-27,-36,-27,1495,1498,-1.56,-1.40,0.0000,0.0000,0.0000,1
8.245,-27,-35,-27,1495,1498,-1.56,-1.40,0.0000,0.0000,0.0000,1
8.265,-28,-34,-26,1495,1498,-1.56,-1.40,0.0000,0.0000,0.0000,1
8.283,-29,-34,-28,1495,1498,-1.56,-1.40,0.0000,0.0000,0.0000,1
8.303,-29,-33,-27,1495,1498,-1.56,-1.40,0.0000,0.0000,0.0000,1
8.320,-29,-33,-27,1495,1498,-1.56,-1.40,0.0000,0.0000,0.0000,1
8.338,-29,-33,-27,1495,1498,-1.56,-1.40,0.0000,0.0000,0.0000,1
8.355,-28,-34,-26,1495,1498,-1.56,-1.40,0.0000,0.0000,0.0000,1
8.372,-28,-34,-26,1495,1498,-0.82,-1.07,0.0000,0.0000,0.0000,1
8.389,-28,-34,-25,1495,1498,-0.82,-1.07,0.0000,0.0000,0.0000,1
8.407,-27,-34,-26,1495,1498,-0.82,-1.07,0.0000,0.0000,0.0000,1
8.424,-27,-34,-27,1495,1498,-0.82,-1.07,0.0000,0.0000,0.0000,1
8.442,-26,-35,-27,1495,1498,-0.82,-1.07,0.0000,0.0000,0.0000,1
8.460,-25,-35,-26,1495,1498,-0.82,-1.07,0.0000,0.0000,0.0000,1
8.477,-24,-35,-25,1496,1498,-0.82,-1.07,0.0000,0.0000,0.0000,1
8.494,-23,-35,-26,1496,1498,-0.82,-1.07,0.0000,0.0000,0.0000,1
8.511,-22,-34,-26,1496,1498,-0.82,-1.07,0.0000,0.0000,0.0000,1
8.528,-21,-34,-26,1496,1498,-0.82,-1.07,0.0000,0.0000,0.0000,1
8.547,-21,-34,-26,1496,1498,-0.82,-1.07,0.0000,0.0000,0.0000,1
8.565,-21,-33,-25,1496,1498,-0.82,-1.07,0.0000,0.0000,0.0000,1
8.582,-21,-33,-26,1496,1498,-0.82,-1.07,0.0000,0.0000,0.0000,1
8.600,-21,-33,-26,1496,1498,-0.82,-1.07,0.0000,0.0000,0.0000,1
8.619,-22,-32,-27,1496,1498,-0.01,-1.10,0.0000,0.0000,0.0000,1
8.638,-23,-32,-26,1496,1498,-0.01,-1.10,0.0000,0.0000,0.0000,1
8.656,-24,-31,-26,1496,1498,-0.01,-1.10,0.0000,0.0000,0.0000,1
8.674,-25,-31,-26,1495,1498,-0.01,-1.10,0.0000,0.0000,0.0000,1
8.691,-26,-30,-25,1495,1498,-0.01,-1.10,0.0000,0.0000,0.0000,1
8.710,-27,-30,-26,1495,1498,-0.01,-1.10,0.0000,0.0000,0.0000,1
8.728,-27,-30,-25,1495,1498,-0.01,-1.10,0.0000,0.0000,0.0000,1
8.745,-27,-30,-25,1495,1498,-0.01,-1.10,0.0000,0.0000,0.0000,1
8.762,-28,-31,-25,1495,1498,-0.01,-1.10,0.0000,0.0000,0.0000,1
8.779,-28,-31,-25,1495,1498,-0.01,-1.10,0.0000,0.0000,0.0000,1
8.796,-28,-31,-25,1495,1498,-0.01,-1.10,0.0000,0.0000,0.0000,1
8.813,-28,-31,-24,1495,1498,-0.01,-1.10,0.0000,0.0000,0.0000,1
8.831,-28,-31,-24,1495,1498,-0.01,-1.10,0.0000,0.0000,0.0000,1
8.848,-27,-30,-24,1495,1498,-0.01,-1.10,0.0000,0.0000,0.0000,1
8.866,-27,-30,-25,1495,1498,-0.36,-0.88,0.0000,0.0000,0.0000,1
8.884,-26,-30,-26,1495,1498,-0.36,-0.88,0.0000,0.0000,0.0000,1
8.905,-26,-30,-26,1495,1498,-0.36,-0.88,0.0000,0.0000,0.0000,1
8.923,-25,-29,-25,1495,1498,-0.36,-0.88,0.0000,0.0000,0.0000,1
8.942,-24,-28,-24,1496,1498,-0.36,-0.88,0.0000,0.0000,0.0000,1
8.959,-23,-27,-24,1496,1498,-0.36,-0.88,0.0000,0.0000,0.0000,1
8.977,-22,-27,-23,1496,1498,-0.36,-0.88,0.0000,0.0000,0.0000,1
8.995,-21,-25,-25,1496,1498,-0.36,-0.88,0.0000,0.0000,0.0000,1
9.012,-20,-24,-24,1496,1498,-0.36,-0.88,0.0000,0.0000,0.0000,1
9.029,-19,-22,-24,1497,1498,-0.36,-0.88,0.0000,0.0000,0.0000,1
9.047,-18,-21,-24,1497,1498,-0.36,-0.88,0.0000,0.0000,0.0000,1
9.064,-16,-18,-24,1497,1498,-0.36,-0.88,0.0000,0.0000,0.0000,1
9.081,-15,-17,-24,1497,1498,-0.36,-0.88,0.0000,0.0000,0.0000,1
9.098,-14,-16,-23,1498,1498,-0.36,-0.88,0.0000,0.0000,0.0000,1
9.115,-14,-16,-23,1498,1498,-0.69,0.20,0.0000,0.0000,0.0000,1
9.133,-12,-15,-23,1498,1498,-0.69,0.20,0.0000,0.0000,0.0000,1
9.151,-11,-14,-24,1498,1498,-0.69,0.20,0.0000,0.0000,0.0000,1
9.170,-10,-14,-24,1498,1498,-0.69,0.20,0.0000,0.0000,0.0000,1
9.187,-9,-13,-23,1499,1498,-0.69,0.20,0.0000,0.0000,0.0000,1
9.205,-8,-13,-23,1499,1498,-0.69,0.20,0.0000,0.0000,0.0000,1
9.222,-7,-13,-23,1499,1498,-0.69,0.20,0.0000,0.0000,0.0000,1
9.240,-6,-13,-23,1499,1498,-0.69,0.20,0.0000,0.0000,0.0000,1
9.258,-6,-13,-23,1499,1498,-0.69,0.20,0.0000,0.0000,0.0000,1
9.275,-6,-13,-23,1499,1498,-0.69,0.20,0.0000,0.0000,0.0000,1
9.292,-6,-12,-23,1499,1498,-0.69,0.20,0.0000,0.0000,0.0000,1
9.309,-6,-13,-23,1499,1498,-0.69,0.20,0.0000,0.0000,0.0000,1
9.327,-6,-13,-23,1499,1498,-0.69,0.20,0.0000,0.0000,0.0000,1
9.345,-6,-13,-24,1499,1498,-0.69,0.20,0.0000,0.0000,0.0000,1
9.372,-5,-15,-23,1499,1498,-1.16,0.46,0.0000,0.0000,0.0000,1
9.391,-5,-16,-23,1499,1498,-1.16,0.46,0.0000,0.0000,0.0000,1
9.410,-4,-16,-23,1500,1498,-1.16,0.46,0.0000,0.0000,0.0000,1
9.434,-3,-17,-23,1500,1498,-1.16,0.46,0.0000,0.0000,0.0000,1
9.452,-2,-17,-24,1500,1498,-1.16,0.46,0.0000,0.0000,0.0000,1
9.470,2,-17,-23,1500,1498,-1.16,0.46,0.0000,0.0000,0.0000,1
9.487,3,-17,-23,1500,1498,-1.16,0.46,0.0000,0.0000,0.0000,1
9.505,5,-16,-24,1501,1498,-1.16,0.46,0.0000,0.0000,0.0000,1
9.522,9,-14,-23,1501,1498,-1.16,0.46,0.0000,0.0000,0.0000,1
9.539,11,-14,-23,1502,1498,-1.16,0.46,0.0000,0.0000,0.0000,1
9.556,12,-14,-24,1502,1498,-1.16,0.46,0.0000,0.0000,0.0000,1
9.574,14,-14,-24,1502,1498,-1.16,0.46,0.0000,0.0000,0.0000,1
9.591,15,-15,-23,1503,1498,-1.16,0.46,0.0000,0.0000,0.0000,1
9.611,17,-17,-24,1503,1498,-1.03,0.26,0.0000,0.0000,0.0000,1
9.628,17,-17,-24,1503,1498,-1.03,0.26,0.0000,0.0000,0.0000,1
9.646,18,-20,-24,1503,1498,-1.03,0.26,0.0000,0.0000,0.0000,1
9.665,19,-24,-24,1503,1498,-1.03,0.26,0.0000,0.0000,0.0000,1
9.685,19,-26,-24,1503,1498,-1.03,0.26,0.0000,0.0000,0.0000,1
9.704,19,-29,-24,1503,1498,-1.03,0.26,0.0000,0.0000,0.0000,1
9.722,19,-32,-24,1503,1498,-1.03,0.26,0.0000,0.0000,0.0000,1
9.739,18,-38,-24,1503,1498,-1.03,0.26,0.0000,0.0000,0.0000,1
9.757,18,-41,-24,1503,1498,-1.03,0.26,0.0000,0.0000,0.0000,1
9.775,17,-43,-24,1503,1498,-1.03,0.26,0.0000,0.0000,0.0000,1
9.792,16,-45,-24,1503,1498,-1.03,0.26,0.0000,0.0000,0.0000,1
9.809,15,-45,-24,1503,1498,-1.03,0.26,0.0000,0.0000,0.0000,1
9.826,14,-44,-25,1502,1498,-1.03,0.26,0.0000,0.0000,0.0000,1
9.843,14,-46,-25,1502,1498,-1.03,0.26,0.0000,0.0000,0.0000,1
9.861,14,-46,-25,1502,1498,-0.97,-1.27,0.0000,0.0000,0.0000,1
9.878,13,-47,-25,1502,1498,-0.97,-1.27,0.0000,0.0000,0.0000,1
9.896,13,-48,-25,1502,1498,-0.97,-1.27,0.0000,0.0000,0.0000,1
9.913,12,-48,-26,1502,1498,-0.97,-1.27,0.0000,0.0000,0.0000,1
9.930,13,-49,-26,1502,1498,-0.97,-1.27,0.0000,0.0000,0.0000,1
9.948,12,-51,-26,1502,1498,-0.97,-1.27,0.0000,0.0000,0.0000,1
9.965,12,-51,-26,1502,1498,-0.97,-1.27,0.0000,0.0000,0.0000,1
9.983,12,-52,-27,1502,1498,-0.97,-1.27,0.0000,0.0000,0.0000,1
10.003,11,-53,-25,1502,1498,-0.97,-1.27,0.0000,0.0000,0.0000,1
10.021,10,-55,-26,1502,1498,-0.97,-1.27,0.0000,0.0000,0.0000,1
10.039,10,-55,-26,1502,1498,-0.97,-1.27,0.0000,0.0000,0.0000,1
10.056,9,-56,-26,1501,1498,-0.97,-1.27,0.0000,0.0000,0.0000,1
10.074,8,-57,-27,1501,1498,-0.97,-1.27,0.0000,0.0000,0.0000,1
10.093,8,-57,-27,1501,1498,-0.97,-1.27,0.0000,0.0000,0.0000,1
10.110,7,-58,-26,1501,1498,-0.57,-1.51,0.0000,0.0000,0.0000,1
10.128,7,-58,-26,1501,1498,-0.57,-1.51,0.0000,0.0000,0.0000,1
10.145,7,-58,-26,1501,1498,-0.57,-1.51,0.0000,0.0000,0.0000,1
10.163,8,-58,-26,1501,1498,-0.57,-1.51,0.0000,0.0000,0.0000,1
10.181,8,-58,-26,1501,1498,-0.57,-1.51,0.0000,0.0000,0.0000,1
10.198,8,-58,-26,1501,1498,-0.57,-1.51,0.0000,0.0000,0.0000,1
10.215,9,-58,-27,1501,1498,-0.57,-1.51,0.0000,0.0000,0.0000,1
10.233,9,-57,-27,1501,1498,-0.57,-1.51,0.0000,0.0000,0.0000,1
10.251,9,-56,-27,1501,1498,-0.57,-1.51,0.0000,0.0000,0.0000,1
10.269,10,-55,-27,1502,1498,-0.57,-1.51,0.0000,0.0000,0.0000,1
10.287,11,-54,-27,1502,1498,-0.57,-1.51,0.0000,0.0000,0.0000,1
10.306,12,-52,-27,1502,1498,-0.57,-1.51,0.0000,0.0000,0.0000,1
10.325,13,-51,-27,1502,1498,-0.57,-1.51,0.0000,0.0000,0.0000,1
10.342,14,-50,-27,1502,1498,-0.57,-1.51,0.0000,0.0000,0.0000,1
10.360,15,-48,-27,1503,1498,-0.10,-1.01,0.0000,0.0000,0.0000,1
10.377,15,-47,-27,1503,1498,-0.10,-1.01,0.0000,0.0000,0.0000,1
10.396,16,-46,-27,1503,1498,-0.10,-1.01,0.0000,0.0000,0.0000,1
10.414,17,-45,-27,1503,1498,-0.10,-1.01,0.0000,0.0000,0.0000,1
10.432,18,-44,-27,1503,1498,-0.10,-1.01,0.0000,0.0000,0.0000,1
10.449,17,-43,-26,1503,1498,-0.10,-1.01,0.0000,0.0000,0.0000,1
10.466,17,-41,-26,1503,1498,-0.10,-1.01,0.0000,0.0000,0.0000,1
10.483,16,-40,-26,1503,1498,-0.10,-1.01,0.0000,0.0000,0.0000,1
10.501,16,-39,-26,1503,1498,-0.10,-1.01,0.0000,0.0000,0.0000,1
10.518,15,-39,-27,1503,1498,-0.10,-1.01,0.0000,0.0000,0.0000,1
10.536,14,-38,-27,1502,1498,-0.10,-1.01,0.0000,0.0000,0.0000,1
10.554,13,-37,-27,1502,1498,-0.10,-1.01,0.0000,0.0000,0.0000,1
10.572,12,-36,-27,1502,1498,-0.10,-1.01,0.0000,0.0000,0.0000,1
10.593,10,-36,-28,1502,1498,-0.10,-1.01,0.0000,0.0000,0.0000,1
10.612,8,-35,-27,1501,1498,-0.15,-0.66,0.0000,0.0000,0.0000,1
10.630,7,-35,-27,1501,1498,-0.15,-0.66,0.0000,0.0000,0.0000,1
10.647,7,-35,-27,1501,1498,-0.15,-0.66,0.0000,0.0000,0.0000,1
10.665,6,-34,-27,1501,1498,-0.15,-0.66,0.0000,0.0000,0.0000,1
10.682,5,-34,-27,1501,1498,-0.15,-0.66,0.0000,0.0000,0.0000,1
10.699,5,-34,-27,1501,1498,-0.15,-0.66,0.0000,0.0000,0.0000,1
10.717,5,-34,-27,1501,1498,-0.15,-0.66,0.0000,0.0000,0.0000,1
10.735,4,-35,-27,1500,1498,-0.15,-0.66,0.0000,0.0000,0.0000,1
10.752,3,-36,-27,1500,1498,-0.15,-0.66,0.0000,0.0000,0.0000,1
10.769,3,-36,-27,1500,1498,-0.15,-0.66,0.0000,0.0000,0.0000,1
10.786,3,-37,-27,1500,1498,-0.15,-0.66,0.0000,0.0000,0.0000,1
10.804,2,-38,-27,1500,1498,-0.15,-0.66,0.0000,0.0000,0.0000,1
10.821,1,-39,-27,1500,1498,-0.15,-0.66,0.0000,0.0000,0.0000,1
10.839,-1,-42,-27,1500,1498,-0.15,-0.66,0.0000,0.0000,0.0000,1
10.857,-2,-43,-27,1500,1498,-0.16,-1.44,0.0000,0.0000,0.0000,1
10.876,-3,-44,-27,1500,1498,-0.16,-1.44,0.0000,0.0000,0.0000,1
10.893,-4,-45,-27,1500,1498,-0.16,-1.44,0.0000,0.0000,0.0000,1
10.911,-5,-46,-27,1499,1498,-0.16,-1.44,0.0000,0.0000,0.0000,1
10.928,-5,-46,-27,1499,1498,-0.16,-1.44,0.0000,0.0000,0.0000,1
10.948,-6,-47,-28,1499,1498,-0.16,-1.44,0.0000,0.0000,0.0000,1
10.968,-8,-47,-28,1499,1498,-0.16,-1.44,0.0000,0.0000,0.0000,1
10.985,-9,-48,-29,1499,1498,-0.16,-1.44,0.0000,0.0000,0.0000,1
11.003,-10,-49,-29,1498,1498,-0.16,-1.44,0.0000,0.0000,0.0000,1
11.021,-12,-50,-30,1498,1497,-0.16,-1.44,0.0000,0.0000,0.0000,1
11.038,-14,-50,-29,1498,1498,-0.16,-1.44,0.0000,0.0000,0.0000,1
11.055,-15,-51,-30,1497,1497,-0.16,-1.44,0.0000,0.0000,0.0000,1
11.074,-17,-51,-30,1497,1497,-0.16,-1.44,0.0000,0.0000,0.0000,1
11.091,-18,-51,-30,1497,1497,-0.16,-1.44,0.0000,0.0000,0.0000,1
11.109,-20,-51,-29,1496,1498,0.09,-1.97,0.0000,0.0000,0.0000,1
11.128,-21,-51,-29,1496,1498,0.09,-1.97,0.0000,0.0000,0.0000,1
11.147,-22,-52,-29,1496,1498,0.09,-1.97,0.0000,0.0000,0.0000,1
11.164,-23,-52,-28,1496,1498,0.09,-1.97,0.0000,0.0000,0.0000,1
11.184,-24,-52,-29,1496,1498,0.09,-1.97,0.0000,0.0000,0.0000,1
11.203,-25,-53,-28,1495,1498,0.09,-1.97,0.0000,0.0000,0.0000,1
11.220,-26,-53,-29,1495,1498,0.09,-1.97,0.0000,0.0000,0.0000,1
11.238,-27,-52,-28,1495,1498,0.09,-1.97,0.0000,0.0000,0.0000,1
11.255,-27,-52,-29,1495,1498,0.09,-1.97,0.0000,0.0000,0.0000,1
11.273,-29,-51,-29,1495,1498,0.09,-1.97,0.0000,0.0000,0.0000,1
11.291,-29,-50,-29,1495,1498,0.09,-1.97,0.0000,0.0000,0.0000,1
11.309,-29,-49,-29,1495,1498,0.09,-1.97,0.0000,0.0000,0.0000,1
11.327,-30,-48,-30,1494,1497,0.09,-1.97,0.0000,0.0000,0.0000,1
11.347,-30,-48,-29,1494,1498,0.09,-1.97,0.0000,0.0000,0.0000,1
11.364,-31,-47,-29,1494,1498,-0.32,-1.73,0.0000,0.0000,0.0000,1
11.383,-31,-47,-28,1494,1498,-0.32,-1.73,0.0000,0.0000,0.0000,1
11.401,-32,-46,-28,1494,1498,-0.32,-1.73,0.0000,0.0000,0.0000,1
11.418,-33,-46,-27,1494,1498,-0.32,-1.73,0.0000,0.0000,0.0000,1
11.436,-34,-46,-27,1494,1498,-0.32,-1.73,0.0000,0.0000,0.0000,1
11.454,-35,-45,-27,1493,1498,-0.32,-1.73,0.0000,0.0000,0.0000,1
11.471,-36,-44,-27,1493,1498,-0.32,-1.73,0.0000,0.0000,0.0000,1
11.489,-37,-44,-27,1493,1498,-0.32,-1.73,0.0000,0.0000,0.0000,1
11.507,-40,-44,-27,1492,1498,-0.32,-1.73,0.0000,0.0000,0.0000,1
11.524,-41,-43,-26,1492,1498,-0.32,-1.73,0.0000,0.0000,0.0000,1
11.542,-42,-43,-26,1492,1498,-0.32,-1.73,0.0000,0.0000,0.0000,1
11.559,-43,-42,-26,1492,1498,-0.32,-1.73,0.0000,0.0000,0.0000,1
11.577,-44,-40,-26,1492,1498,-0.32,-1.73,0.0000,0.0000,0.0000,1
11.594,-45,-39,-26,1491,1498,-0.32,-1.73,0.0000,0.0000,0.0000,1
11.611,-45,-38,-26,1491,1498,-0.48,-1.13,0.0000,0.0000,0.0000,1
11.629,-46,-36,-27,1491,1498,-0.48,-1.13,0.0000,0.0000,0.0000,1
11.647,-47,-34,-27,1491,1498,-0.48,-1.13,0.0000,0.0000,0.0000,1
11.664,-47,-34,-27,1491,1498,-0.48,-1.13,0.0000,0.0000,0.0000,1
11.682,-47,-32,-28,1491,1498,-0.48,-1.13,0.0000,0.0000,0.0000,1
11.700,-49,-29,-27,1491,1498,-0.48,-1.13,0.0000,0.0000,0.0000,1
11.718,-49,-28,-27,1491,1498,-0.48,-1.13,0.0000,0.0000,0.0000,1
11.737,-50,-26,-27,1490,1498,-0.48,-1.13,0.0000,0.0000,0.0000,1
11.755,-52,-24,-27,1485,1498,-0.48,-1.13,0.0000,0.0000,0.0000,1
11.773,-52,-23,-26,1485,1498,-0.48,-1.13,0.0000,0.0000,0.0000,1
11.790,-52,-23,-26,1485,1498,-0.48,-1.13,0.0000,0.0000,0.0000,1
11.808,-52,-22,-26,1485,1498,-0.48,-1.13,0.0000,0.0000,0.0000,1
11.825,-52,-22,-26,1485,1498,-0.48,-1.13,0.0000,0.0000,0.0000,1
11.843,-52,-22,-25,1485,1498,-0.48,-1.13,0.0000,0.0000,0.0000,1
11.863,-51,-21,-26,1485,1498,-1.00,-0.23,0.0000,0.0000,0.0000,1
11.880,-51,-21,-25,1485,1498,-1.00,-0.23,0.0000,0.0000,0.0000,1
11.901,-51,-21,-25,1485,1498,-1.00,-0.23,0.0000,0.0000,0.0000,1
11.920,-51,-22,-25,1485,1498,-1.00,-0.23,0.0000,0.0000,0.0000,1
11.938,-51,-22,-24,1485,1498,-1.00,-0.23,0.0000,0.0000,0.0000,1
11.956,-54,-23,-24,1484,1498,-1.00,-0.23,0.0000,0.0000,0.0000,1
11.973,-56,-25,-24,1484,1498,-1.00,-0.23,0.0000,0.0000,0.0000,1
11.990,-57,-26,-24,1483,1498,-1.00,-0.23,0.0000,0.0000,0.0000,1
12.008,-59,-27,-24,1483,1498,-1.00,-0.23,0.0000,0.0000,0.0000,1
12.025,-61,-28,-24,1482,1498,-1.00,-0.23,0.0000,0.0000,0.0000,0
0.017,-62,-28,-25,1482,1498,-1.00,-0.23,0.0000,0.0000,0.0000,0
0.034,-63,-29,-24,1482,1498,-1.00,-0.23,0.0000,0.0000,0.0000,0
0.051,-64,-29,-25,1481,1498,-1.00,-0.23,0.0000,0.0000,0.0000,0
0.069,-65,-29,-25,1481,1498,-1.00,-0.23,0.0000,0.0000,0.0000,0
0.087,-66,-30,-25,1481,1498,-0.65,-0.87,0.0000,0.0000,0.0000,0
0.106,-66,-30,-25,1481,1498,-0.65,-0.87,0.0000,0.0000,0.0000,0
0.123,-67,-30,-24,1480,1498,-0.65,-0.87,0.0000,0.0000,0.0000,0
0.140,-67,-30,-24,1480,1498,-0.65,-0.87,0.0000,0.0000,0.0000,0
0.158,-68,-29,-24,1480,1498,-0.65,-0.87,0.0000,0.0000,0.0000,0
0.175,-69,-29,-24,1480,1498,-0.65,-0.87,0.0000,0.0000,0.0000,0
0.192,-69,-28,-24,1480,1498,-0.65,-0.87,0.0000,0.0000,0.0000,0
0.210,-69,-26,-24,1480,1498,-0.65,-0.87,0.0000,0.0000,0.0000,0
0.227,-70,-26,-24,1479,1498,-0.65,-0.87,0.0000,0.0000,0.0000,0
0.244,-70,-26,-24,1479,1498,-0.65,-0.87,0.0000,0.0000,0.0000,0
0.262,-71,-25,-24,1479,1498,-0.65,-0.87,0.0000,0.0000,0.0000,0
0.279,-71,-25,-24,1479,1498,-0.65,-0.87,0.0000,0.0000,0.0000,0
0.297,-71,-24,-25,1479,1498,-0.65,-0.87,0.0000,0.0000,0.0000,0
0.315,-73,-23,-24,1479,1498,-0.65,-0.87,0.0000,0.0000,0.0000,0
0.333,-73,-23,-24,1479,1498,-0.77,-0.32,0.0000,0.0000,0.0000,0
0.352,-74,-22,-24,1478,1498,-0.77,-0.32,0.0000,0.0000,0.0000,0
0.370,-75,-21,-24,1478,1498,-0.77,-0.32,0.0000,0.0000,0.0000,0
0.387,-77,-20,-23,1477,1498,-0.77,-0.32,0.0000,0.0000,0.0000,0
0.406,-78,-20,-23,1477,1498,-0.77,-0.32,0.0000,0.0000,0.0000,0
0.425,-79,-20,-23,1477,1498,-0.77,-0.32,0.0000,0.0000,0.0000,0
0.442,-80,-20,-23,1476,1498,-0.77,-0.32,0.0000,0.0000,0.0000,0
0.460,-80,-20,-23,1476,1498,-0.77,-0.32,0.0000,0.0000,0.0000,0
0.477,-80,-20,-23,1476,1498,-0.77,-0.32,0.0000,0.0000,0.0000,0
0.495,-81,-21,-23,1476,1498,-0.77,-0.32,0.0000,0.0000,0.0000,0
0.513,-83,-22,-23,1476,1498,-0.77,-0.32,0.0000,0.0000,0.0000,0
0.530,-84,-23,-24,1475,1498,-0.77,-0.32,0.0000,0.0000,0.0000,0
0.551,-85,-23,-24,1475,1498,-0.77,-0.32,0.0000,0.0000,0.0000,0
0.570,-85,-24,-24,1475,1498,-0.77,-0.32,0.0000,0.0000,0.0000,0
0.590,-85,-24,-24,1475,1498,-0.54,-0.64,0.0000,0.0000,0.0000,0
0.607,-85,-24,-23,1475,1498,-0.54,-0.64,0.0000,0.0000,0.0000,0
0.624,-84,-24,-23,1475,1498,-0.54,-0.64,0.0000,0.0000,0.0000,0
0.642,-83,-26,-24,1475,1498,-0.54,-0.64,0.0000,0.0000,0.0000,0
0.659,-82,-26,-24,1476,1498,-0.54,-0.64,0.0000,0.0000,0.0000,0
0.677,-82,-27,-24,1476,1498,-0.54,-0.64,0.0000,0.0000,0.0000,0
0.695,-80,-27,-23,1476,1498,-0.54,-0.64,0.0000,0.0000,0.0000,0
0.712,-78,-28,-24,1477,1498,-0.54,-0.64,0.0000,0.0000,0.0000,0
0.730,-76,-28,-24,1478,1498,-0.54,-0.64,0.0000,0.0000,0.0000,0
0.747,-75,-29,-23,1478,1498,-0.54,-0.64,0.0000,0.0000,0.0000,0
0.764,-73,-29,-24,1479,1498,-0.54,-0.64,0.0000,0.0000,0.0000,0
0.781,-72,-28,-24,1479,1498,-0.54,-0.64,0.0000,0.0000,0.0000,0
0.799,-70,-28,-24,1479,1498,-0.54,-0.64,0.0000,0.0000,0.0000,0
0.816,-69,-28,-24,1480,1498,-0.54,-0.64,0.0000,0.0000,0.0000,0
0.834,-67,-29,-25,1480,1498,-1.30,-0.96,0.0000,0.0000,0.0000,0
0.852,-66,-29,-24,1481,1498,-1.30,-0.96,0.0000,0.0000,0.0000,0
0.870,-65,-29,-24,1481,1498,-1.30,-0.96,0.0000,0.0000,0.0000,0
0.888,-63,-29,-25,1482,1498,-1.30,-0.96,0.0000,0.0000,0.0000,0
0.906,-62,-29,-25,1482,1498,-1.30,-0.96,0.0000,0.0000,0.0000,0
0.923,-61,-29,-24,1482,1498,-1.30,-0.96,0.0000,0.0000,0.0000,0
0.941,-60,-30,-24,1482,1498,-1.30,-0.96,0.0000,0.0000,0.0000,1
0.960,-59,-31,-24,1483,1498,-1.30,-0.96,0.0000,0.0000,0.0000,1
0.978,-58,-31,-24,1483,1498,-1.30,-0.96,0.0000,0.0000,0.0000,1
0.998,-56,-32,-24,1484,1498,-1.30,-0.96,0.0000,0.0000,0.0000,1
1.015,-55,-32,-24,1484,1498,-1.30,-0.96,0.0000,0.0000,0.0000,1
1.032,-55,-32,-25,1484,1498,-1.30,-0.96,0.0000,0.0000,0.0000,1
1.050,-54,-32,-24,1484,1498,-1.30,-0.96,0.0000,0.0000,0.0000,1
1.070,-55,-33,-25,1484,1498,-1.30,-0.96,0.0000,0.0000,0.0000,1
1.089,-55,-32,-24,1484,1498,-2.10,-1.11,0.0000,0.0000,0.0000,1
1.108,-55,-32,-24,1484,1498,-2.10,-1.11,0.0000,0.0000,0.0000,1
1.125,-56,-33,-25,1484,1498,-2.10,-1.11,0.0000,0.0000,0.0000,1
1.143,-57,-33,-24,1483,1498,-2.10,-1.11,0.0000,0.0000,0.0000,1
1.164,-57,-33,-24,1483,1498,-2.10,-1.11,0.0000,0.0000,0.0000,1
1.181,-58,-36,-24,1483,1498,-2.10,-1.11,0.0000,0.0000,0.0000,1
1.201,-60,-37,-24,1482,1498,-2.10,-1.11,0.0000,0.0000,0.0000,1
1.218,-60,-38,-24,1482,1498,-2.10,-1.11,0.0000,0.0000,0.0000,1
1.235,-61,-39,-25,1482,1498,-2.10,-1.11,0.0000,0.0000,0.0000,0
0.019,-62,-39,-24,1482,1498,-2.10,-1.11,0.0000,0.0000,0.0000,0
0.037,-62,-39,-24,1482,1498,-2.10,-1.11,0.0000,0.0000,0.0000,0
0.055,-62,-38,-25,1482,1498,-2.10,-1.11,0.0000,0.0000,0.0000,0
0.072,-61,-38,-25,1482,1498,-2.10,-1.11,0.0000,0.0000,0.0000,0
0.091,-61,-37,-25,1482,1498,-2.13,-1.01,0.0000,0.0000,0.0000,0
0.110,-61,-36,-25,1482,1498,-2.13,-1.01,0.0000,0.0000,0.0000,0
0.128,-60,-36,-25,1482,1498,-2.13,-1.01,0.0000,0.0000,0.0000,1
0.147,-60,-35,-25,1482,1498,-2.13,-1.01,0.0000,0.0000,0.0000,1
0.165,-60,-34,-25,1482,1498,-2.13,-1.01,0.0000,0.0000,0.0000,1
0.183,-60,-33,-25,1482,1498,-2.13,-1.01,0.0000,0.0000,0.0000,1
0.200,-60,-32,-25,1482,1498,-2.13,-1.01,0.0000,0.0000,0.0000,1
0.218,-60,-31,-25,1482,1498,-2.13,-1.01,0.0000,0.0000,0.0000,1
0.236,-60,-30,-25,1482,1498,-2.13,-1.01,0.0000,0.0000,0.0000,1
0.255,-61,-29,-25,1482,1498,-2.13,-1.01,0.0000,0.0000,0.0000,0
0.017,-61,-28,-25,1482,1498,-2.13,-1.01,0.0000,0.0000,0.0000,0
0.035,-61,-28,-25,1482,1498,-2.13,-1.01,0.0000,0.0000,0.0000,0
0.052,-63,-27,-26,1482,1498,-2.13,-1.01,0.0000,0.0000,0.0000,0
0.070,-64,-27,-26,1481,1498,-2.13,-1.01,0.0000,0.0000,0.0000,0
0.088,-66,-27,-25,1481,1498,-1.79,-0.47,0.0000,0.0000,0.0000,0
0.105,-66,-27,-25,1481,1498,-1.79,-0.47,0.0000,0.0000,0.0000,0
0.122,-66,-27,-25,1481,1498,-1.79,-0.47,0.0000,0.0000,0.0000,0
0.140,-67,-27,-25,1480,1498,-1.79,-0.47,0.0000,0.0000,0.0000,0
0.158,-68,-27,-26,1480,1498,-1.79,-0.47,0.0000,0.0000,0.0000,0
0.176,-68,-27,-26,1480,1498,-1.79,-0.47,0.0000,0.0000,0.0000,0
0.194,-69,-27,-26,1480,1498,-1.79,-0.47,0.0000,0.0000,0.0000,0
0.211,-69,-28,-26,1480,1498,-1.79,-0.47,0.0000,0.0000,0.0000,0
0.228,-68,-28,-25,1480,1498,-1.79,-0.47,0.0000,0.0000,0.0000,0
0.246,-68,-28,-25,1480,1498,-1.79,-0.47,0.0000,0.0000,0.0000,0
0.263,-67,-29,-24,1480,1498,-1.79,-0.47,0.0000,0.0000,0.0000,0
0.281,-67,-31,-24,1480,1498,-1.79,-0.47,0.0000,0.0000,0.0000,0
0.298,-66,-32,-24,1481,1498,-1.79,-0.47,0.0000,0.0000,0.0000,0
0.316,-65,-33,-26,1481,1498,-1.79,-0.47,0.0000,0.0000,0.0000,0
0.334,-65,-33,-26,1481,1498,-0.99,-0.96,0.0000,0.0000,0.0000,0
0.355,-64,-34,-26,1481,1498,-0.99,-0.96,0.0000,0.0000,0.0000,0
0.375,-64,-34,-25,1481,1498,-0.99,-0.96,0.0000,0.0000,0.0000,0
0.392,-63,-34,-25,1482,1498,-0.99,-0.96,0.0000,0.0000,0.0000,0
0.411,-62,-34,-25,1482,1498,-0.99,-0.96,0.0000,0.0000,0.0000,0
0.428,-60,-35,-25,1482,1498,-0.99,-0.96,0.0000,0.0000,0.0000,1
0.446,-58,-35,-25,1483,1498,-0.99,-0.96,0.0000,0.0000,0.0000,1
0.464,-56,-35,-27,1484,1498,-0.99,-0.96,0.0000,0.0000,0.0000,1
0.481,-54,-36,-26,1484,1498,-0.99,-0.96,0.0000,0.0000,0.0000,1
0.498,-52,-36,-25,1485,1498,-0.99,-0.96,0.0000,0.0000,0.0000,1
0.516,-48,-35,-25,1491,1498,-0.99,-0.96,0.0000,0.0000,0.0000,1
0.533,-48,-35,-25,1491,1498,-0.99,-0.96,0.0000,0.0000,0.0000,1
0.550,-48,-35,-25,1491,1498,-0.99,-0.96,0.0000,0.0000,0.0000,1
0.567,-46,-35,-25,1491,1498,-0.99,-0.96,0.0000,0.0000,0.0000,1
0.584,-43,-34,-25,1492,1498,-0.68,-0.98,0.0000,0.0000,0.0000,1
0.601,-41,-34,-26,1492,1498,-0.68,-0.98,0.0000,0.0000,0.0000,1
0.618,-39,-34,-25,1493,1498,-0.68,-0.98,0.0000,0.0000,0.0000,1
0.638,-37,-34,-25,1493,1498,-0.68,-0.98,0.0000,0.0000,0.0000,1
0.658,-37,-34,-25,1493,1498,-0.68,-0.98,0.0000,0.0000,0.0000,1
0.676,-33,-33,-26,1494,1498,-0.68,-0.98,0.0000,0.0000,0.0000,1
0.693,-32,-32,-26,1494,1498,-0.68,-0.98,0.0000,0.0000,0.0000,1
0.711,-28,-31,-25,1495,1498,-0.68,-0.98,0.0000,0.0000,0.0000,1
0.729,-26,-30,-26,1495,1498,-0.68,-0.98,0.0000,0.0000,0.0000,1
0.746,-25,-29,-26,1495,1498,-0.68,-0.98,0.0000,0.0000,0.0000,1
0.763,-21,-28,-26,1496,1498,-0.68,-0.98,0.0000,0.0000,0.0000,1
0.781,-18,-27,-26,1497,1498,-0.68,-0.98,0.0000,0.0000,0.0000,1
0.798,-16,-26,-26,1497,1498,-0.68,-0.98,0.0000,0.0000,0.0000,1
0.816,-13,-26,-26,1498,1498,-0.68,-0.98,0.0000,0.0000,0.0000,1
0.834,-10,-25,-26,1498,1498,-0.71,-0.44,0.0000,0.0000,0.0000,1
0.851,-7,-24,-26,1499,1498,-0.71,-0.44,0.0000,0.0000,0.0000,1
0.869,-4,-24,-26,1500,1498,-0.71,-0.44,0.0000,0.0000,0.0000,1
0.887,-1,-23,-26,1500,1498,-0.71,-0.44,0.0000,0.0000,0.0000,1
0.908,3,-22,-26,1500,1498,-0.71,-0.44,0.0000,0.0000,0.0000,1
0.927,8,-21,-26,1501,1498,-0.71,-0.44,0.0000,0.0000,0.0000,1
0.945,11,-20,-26,1502,1498,-0.71,-0.44,0.0000,0.0000,0.0000,1
0.962,14,-21,-26,1502,1498,-0.71,-0.44,0.0000,0.0000,0.0000,1
0.979,16,-21,-27,1503,1498,-0.71,-0.44,0.0000,0.0000,0.0000,1
0.996,19,-20,-26,1503,1498,-0.71,-0.44,0.0000,0.0000,0.0000,1
1.013,21,-19,-26,1504,1498,-0.71,-0.44,0.0000,0.0000,0.0000,1
1.031,24,-20,-26,1504,1498,-0.71,-0.44,0.0000,0.0000,0.0000,1
1.048,27,-21,-26,1505,1498,-0.71,-0.44,0.0000,0.0000,0.0000,1
1.065,30,-22,-27,1506,1498,-0.71,-0.44,0.0000,0.0000,0.0000,1
1.083,33,-22,-27,1506,1498,-0.60,-0.33,0.0000,0.0000,0.0000,1
1.101,35,-22,-26,1507,1498,-0.60,-0.33,0.0000,0.0000,0.0000,1
1.119,42,-23,-26,1508,1498,-0.60,-0.33,0.0000,0.0000,0.0000,1
1.136,44,-22,-26,1508,1498,-0.60,-0.33,0.0000,0.0000,0.0000,1
1.154,47,-21,-26,1509,1498,-0.60,-0.33,0.0000,0.0000,0.0000,1
1.172,50,-19,-26,1510,1498,-0.60,-0.33,0.0000,0.0000,0.0000,1
1.189,53,-16,-26,1515,1498,-0.60,-0.33,0.0000,0.0000,0.0000,1
1.206,57,-14,-26,1517,1498,-0.60,-0.33,0.0000,0.0000,0.0000,1
1.224,60,-13,-26,1518,1498,-0.60,-0.33,0.0000,0.0000,0.0000,1
1.241,63,-13,-26,1518,1498,-0.60,-0.33,0.0000,0.0000,0.0000,0
0.017,65,-13,-27,1519,1498,-0.60,-0.33,0.0000,0.0000,0.0000,0
0.034,68,-13,-27,1520,1498,-0.60,-0.33,0.0000,0.0000,0.0000,0
0.051,70,-13,-27,1521,1498,-0.60,-0.33,0.0000,0.0000,0.0000,0
0.069,73,-14,-27,1521,1498,-0.60,-0.33,0.0000,0.0000,0.0000,0
0.088,75,-14,-27,1522,1498,-0.60,-0.33,0.0000,0.0000,0.0000,0
0.106,77,-16,-27,1523,1498,-0.61,-0.55,0.0000,0.0000,0.0000,0
0.124,79,-17,-27,1523,1498,-0.61,-0.55,0.0000,0.0000,0.0000,0
0.142,81,-17,-27,1524,1498,-0.61,-0.55,0.0000,0.0000,0.0000,0
0.159,83,-18,-27,1524,1498,-0.61,-0.55,0.0000,0.0000,0.0000,0
0.176,85,-19,-28,1525,1498,-0.61,-0.55,0.0000,0.0000,0.0000,0
0.195,87,-20,-27,1526,1498,-0.61,-0.55,0.0000,0.0000,0.0000,0
0.213,88,-21,-27,1526,1498,-0.61,-0.55,0.0000,0.0000,0.0000,0
0.231,91,-22,-28,1527,1498,-0.61,-0.55,0.0000,0.0000,0.0000,0
0.248,92,-22,-28,1527,1498,-0.61,-0.55,0.0000,0.0000,0.0000,0
0.265,94,-21,-28,1528,1498,-0.61,-0.55,0.0000,0.0000,0.0000,0
0.282,96,-21,-28,1528,1498,-0.61,-0.55,0.0000,0.0000,0.0000,0
0.300,98,-20,-29,1529,1498,-0.61,-0.55,0.0000,0.0000,0.0000,0
0.317,100,-19,-29,1530,1498,-0.61,-0.55,0.0000,0.0000,0.0000,0
0.334,102,-18,-28,1530,1498,-0.61,-0.55,0.0000,0.0000,0.0000,0
0.352,104,-17,-29,1530,1498,-0.65,-0.69,0.0000,0.0000,0.0000,0
0.370,107,-17,-29,1530,1498,-0.65,-0.69,0.0000,0.0000,0.0000,0
0.389,109,-16,-29,1530,1498,-0.65,-0.69,0.0000,0.0000,0.0000,0
0.406,109,-16,-29,1530,1498,-0.65,-0.69,0.0000,0.0000,0.0000,0
0.424,112,-15,-28,1530,1498,-0.65,-0.69,0.0000,0.0000,0.0000,0
0.444,114,-15,-28,1530,1498,-0.65,-0.69,0.0000,0.0000,0.0000,0
0.461,120,-14,-29,1530,1498,-0.65,-0.69,0.0000,0.0000,0.0000,0
0.481,122,-14,-28,1530,1498,-0.65,-0.69,0.0000,0.0000,0.0000,0
0.498,125,-14,-28,1530,1498,-0.65,-0.69,0.0000,0.0000,0.0000,0
0.516,127,-15,-28,1530,1498,-0.65,-0.69,0.0000,0.0000,0.0000,0
0.534,130,-20,-29,1530,1498,-0.65,-0.69,0.0000,0.0000,0.0000,0
0.551,130,-22,-29,1530,1498,-0.65,-0.69,0.0000,0.0000,0.0000,0
0.568,130,-25,-29,1530,1498,-0.65,-0.69,0.0000,0.0000,0.0000,0
0.585,130,-26,-29,1530,1498,-0.65,-0.69,0.0000,0.0000,0.0000,0
0.603,131,-29,-30,1530,1497,0.45,-1.48,0.0000,0.0000,0.0000,0
0.620,131,-32,-30,1530,1497,0.45,-1.48,0.0000,0.0000,0.0000,0
0.637,131,-35,-30,1530,1497,0.45,-1.48,0.0000,0.0000,0.0000,0
0.654,131,-38,-30,1530,1497,0.45,-1.48,0.0000,0.0000,0.0000,0
0.673,131,-40,-31,1530,1497,0.45,-1.48,0.0000,0.0000,0.0000,0
0.691,131,-42,-31,1530,1497,0.45,-1.48,0.0000,0.0000,0.0000,0
0.709,131,-45,-31,1530,1497,0.45,-1.48,0.0000,0.0000,0.0000,0
0.727,130,-48,-31,1530,1497,0.45,-1.48,0.0000,0.0000,0.0000,0
0.745,129,-50,-32,1530,1497,0.45,-1.48,0.0000,0.0000,0.0000,0
0.763,128,-51,-32,1530,1497,0.45,-1.48,0.0000,0.0000,0.0000,0
0.781,127,-54,-32,1530,1497,0.45,-1.48,0.0000,0.0000,0.0000,0
0.799,125,-57,-32,1530,1497,0.45,-1.48,0.0000,0.0000,0.0000,0
0.817,123,-57,-33,1530,1497,0.45,-1.48,0.0000,0.0000,0.0000,0
0.834,122,-58,-33,1530,1497,0.45,-1.48,0.0000,0.0000,0.0000,0
0.852,121,-59,-33,1530,1497,1.15,-3.22,0.0000,0.0000,0.0000,0
0.869,120,-59,-33,1530,1497,1.15,-3.22,0.0000,0.0000,0.0000,0
0.886,119,-59,-33,1530,1497,1.15,-3.22,0.0000,0.0000,0.0000,0
0.904,118,-61,-33,1530,1497,1.15,-3.22,0.0000,0.0000,0.0000,0
0.921,117,-62,-34,1530,1497,1.15,-3.22,0.0000,0.0000,0.0000,0
0.939,115,-62,-35,1530,1497,1.15,-3.22,0.0000,0.0000,0.0000,0
0.959,113,-61,-34,1530,1497,1.15,-3.22,0.0000,0.0000,0.0000,0
0.976,112,-61,-35,1530,1497,1.15,-3.22,0.0000,0.0000,0.0000,0
0.994,110,-63,-35,1530,1497,1.15,-3.22,0.0000,0.0000,0.0000,0
1.011,107,-63,-35,1530,1497,1.15,-3.22,0.0000,0.0000,0.0000,0
1.028,107,-63,-35,1530,1497,1.15,-3.22,0.0000,0.0000,0.0000,0
1.046,105,-63,-36,1530,1497,1.15,-3.22,0.0000,0.0000,0.0000,0
1.064,104,-63,-36,1530,1497,1.15,-3.22,0.0000,0.0000,0.0000,0
1.081,102,-64,-36,1530,1497,1.15,-3.22,0.0000,0.0000,0.0000,0
1.098,100,-65,-36,1530,1497,-0.37,-3.39,0.0000,0.0000,0.0000,0
1.116,98,-67,-36,1529,1497,-0.37,-3.39,0.0000,0.0000,0.0000,0
1.133,96,-70,-36,1528,1497,-0.37,-3.39,0.0000,0.0000,0.0000,0
1.152,93,-70,-36,1527,1497,-0.37,-3.39,0.0000,0.0000,0.0000,0
1.170,91,-70,-36,1527,1497,-0.37,-3.39,0.0000,0.0000,0.0000,0
1.188,89,-70,-37,1526,1497,-0.37,-3.39,0.0000,0.0000,0.0000,0
1.206,86,-71,-37,1525,1497,-0.37,-3.39,0.0000,0.0000,0.0000,0
1.224,84,-70,-37,1525,1497,-0.37,-3.39,0.0000,0.0000,0.0000,0
1.241,83,-70,-37,1524,1497,-0.37,-3.39,0.0000,0.0000,0.0000,0
1.259,82,-69,-36,1524,1497,-0.37,-3.39,0.0000,0.0000,0.0000,0
1.278,81,-68,-37,1524,1497,-0.37,-3.39,0.0000,0.0000,0.0000,0
1.296,80,-67,-36,1524,1497,-0.37,-3.39,0.0000,0.0000,0.0000,0
1.315,79,-65,-37,1523,1497,-0.37,-3.39,0.0000,0.0000,0.0000,0
1.333,79,-65,-36,1523,1497,-0.37,-3.39,0.0000,0.0000,0.0000,0
1.351,78,-67,-37,1523,1497,-1.54,-3.27,0.0000,0.0000,0.0000,0
1.369,77,-68,-36,1523,1497,-1.54,-3.27,0.0000,0.0000,0.0000,0
1.387,75,-68,-37,1522,1497,-1.54,-3.27,0.0000,0.0000,0.0000,0
1.405,74,-68,-37,1522,1497,-1.54,-3.27,0.0000,0.0000,0.0000,0
1.422,73,-69,-37,1521,1497,-1.54,-3.27,0.0000,0.0000,0.0000,0
1.440,72,-70,-37,1521,1497,-1.54,-3.27,0.0000,0.0000,0.0000,0
1.458,70,-69,-37,1521,1497,-1.54,-3.27,0.0000,0.0000,0.0000,0
1.477,69,-68,-38,1520,1497,-1.54,-3.27,0.0000,0.0000,0.0000,0
1.494,66,-67,-37,1519,1497,-1.54,-3.27,0.0000,0.0000,0.0000,0
1.511,66,-69,-37,1519,1497,-1.54,-3.27,0.0000,0.0000,0.0000,0
1.529,65,-70,-37,1519,1497,-1.54,-3.27,0.0000,0.0000,0.0000,0
1.547,64,-71,-37,1519,1497,-1.54,-3.27,0.0000,0.0000,0.0000,0
1.564,63,-71,-37,1518,1497,-1.54,-3.27,0.0000,0.0000,0.0000,0
1.582,63,-71,-37,1518,1497,-1.54,-3.27,0.0000,0.0000,0.0000,0
1.599,62,-71,-38,1518,1497,-2.25,-3.33,0.0000,0.0000,0.0000,0
1.617,62,-72,-38,1518,1497,-2.25,-3.33,0.0000,0.0000,0.0000,0
1.634,62,-72,-38,1518,1497,-2.25,-3.33,0.0000,0.0000,0.0000,0
1.652,61,-73,-37,1518,1497,-2.25,-3.33,0.0000,0.0000,0.0000,0
1.670,60,-74,-38,1518,1497,-2.25,-3.33,0.0000,0.0000,0.0000,0
1.688,60,-75,-36,1518,1497,-2.25,-3.33,0.0000,0.0000,0.0000,0
1.705,60,-74,-37,1518,1497,-2.25,-3.33,0.0000,0.0000,0.0000,0
1.723,60,-71,-37,1518,1497,-2.25,-3.33,0.0000,0.0000,0.0000,0
1.740,60,-71,-36,1518,1497,-2.25,-3.33,0.0000,0.0000,0.0000,0
1.758,60,-70,-37,1518,1497,-2.25,-3.33,0.0000,0.0000,0.0000,0
1.775,60,-71,-36,1518,1497,-2.25,-3.33,0.0000,0.0000,0.0000,0
1.792,59,-70,-36,1517,1497,-2.25,-3.33,0.0000,0.0000,0.0000,0
1.810,59,-68,-36,1517,1497,-2.25,-3.33,0.0000,0.0000,0.0000,0
1.828,59,-67,-36,1517,1497,-2.25,-3.33,0.0000,0.0000,0.0000,0
1.847,59,-67,-36,1517,1497,-2.31,-2.31,0.0000,0.0000,0.0000,0
1.865,59,-65,-35,1517,1497,-2.31,-2.31,0.0000,0.0000,0.0000,0
1.883,59,-63,-36,1517,1497,-2.31,-2.31,0.0000,0.0000,0.0000,0
1.902,60,-62,-36,1518,1497,-2.31,-2.31,0.0000,0.0000,0.0000,0
1.919,61,-61,-35,1518,1497,-2.31,-2.31,0.0000,0.0000,0.0000,0
1.937,62,-59,-35,1518,1497,-2.31,-2.31,0.0000,0.0000,0.0000,0
1.955,62,-54,-35,1518,1497,-2.31,-2.31,0.0000,0.0000,0.0000,0
1.972,63,-52,-35,1518,1497,-2.31,-2.31,0.0000,0.0000,0.0000,0
1.989,63,-49,-35,1518,1497,-2.31,-2.31,0.0000,0.0000,0.0000,0
2.006,64,-47,-34,1519,1497,-2.31,-2.31,0.0000,0.0000,0.0000,0
2.023,64,-45,-34,1519,1497,-2.31,-2.31,0.0000,0.0000,0.0000,0
2.040,64,-44,-35,1519,1497,-2.31,-2.31,0.0000,0.0000,0.0000,0
2.058,63,-42,-34,1518,1497,-2.31,-2.31,0.0000,0.0000,0.0000,0
2.076,63,-40,-34,1518,1497,-2.31,-2.31,0.0000,0.0000,0.0000,0
2.093,63,-37,-35,1518,1497,-1.20,-0.83,0.0000,0.0000,0.0000,0
2.110,63,-37,-35,1518,1497,-1.20,-0.83,0.0000,0.0000,0.0000,0
2.133,62,-34,-35,1518,1497,-1.20,-0.83,0.0000,0.0000,0.0000,0
2.152,62,-32,-35,1518,1497,-1.20,-0.83,0.0000,0.0000,0.0000,0
2.171,62,-32,-34,1518,1497,-1.20,-0.83,0.0000,0.0000,0.0000,0
2.189,61,-30,-34,1518,1497,-1.20,-0.83,0.0000,0.0000,0.0000,0
2.206,61,-27,-33,1518,1497,-1.20,-0.83,0.0000,0.0000,0.0000,0
2.224,62,-26,-33,1518,1497,-1.20,-0.83,0.0000,0.0000,0.0000,0
2.241,62,-24,-33,1518,1497,-1.20,-0.83,0.0000,0.0000,0.0000,0
2.260,64,-22,-32,1519,1497,-1.20,-0.83,0.0000,0.0000,0.0000,0
2.277,66,-22,-32,1519,1497,-1.20,-0.83,0.0000,0.0000,0.0000,0
2.295,67,-22,-32,1520,1497,-1.20,-0.83,0.0000,0.0000,0.0000,0
2.312,69,-22,-32,1520,1497,-1.20,-0.83,0.0000,0.0000,0.0000,0
2.329,70,-23,-32,1521,1497,-1.20,-0.83,0.0000,0.0000,0.0000,0
2.346,72,-24,-31,1521,1497,-0.14,0.15,0.0000,0.0000,0.0000,0
2.364,72,-24,-31,1521,1497,-0.14,0.15,0.0000,0.0000,0.0000,0
2.381,74,-25,-31,1522,1497,-0.14,0.15,0.0000,0.0000,0.0000,0
2.399,76,-25,-30,1522,1497,-0.14,0.15,0.0000,0.0000,0.0000,0
2.416,77,-25,-30,1523,1497,-0.14,0.15,0.0000,0.0000,0.0000,0
2.433,80,-24,-31,1524,1497,-0.14,0.15,0.0000,0.0000,0.0000,0
2.450,81,-24,-31,1524,1497,-0.14,0.15,0.0000,0.0000,0.0000,0
2.467,81,-23,-30,1524,1497,-0.14,0.15,0.0000,0.0000,0.0000,0
2.484,82,-22,-30,1524,1497,-0.14,0.15,0.0000,0.0000,0.0000,0
2.501,83,-22,-30,1524,1497,-0.14,0.15,0.0000,0.0000,0.0000,0
2.518,84,-22,-29,1525,1498,-0.14,0.15,0.0000,0.0000,0.0000,0
2.536,84,-23,-29,1525,1498,-0.14,0.15,0.0000,0.0000,0.0000,0
2.555,85,-24,-29,1525,1498,-0.14,0.15,0.0000,0.0000,0.0000,0
2.573,85,-27,-29,1525,1498,-0.14,0.15,0.0000,0.0000,0.0000,0
2.591,86,-30,-30,1525,1497,0.13,-0.06,0.0000,0.0000,0.0000,0
2.609,86,-30,-30,1525,1497,0.13,-0.06,0.0000,0.0000,0.0000,0
2.626,86,-32,-30,1525,1497,0.13,-0.06,0.0000,0.0000,0.0000,0
2.645,87,-33,-30,1526,1497,0.13,-0.06,0.0000,0.0000,0.0000,0
2.663,87,-35,-29,1526,1498,0.13,-0.06,0.0000,0.0000,0.0000,0
2.681,88,-37,-28,1526,1498,0.13,-0.06,0.0000,0.0000,0.0000,0
2.700,88,-38,-28,1526,1498,0.13,-0.06,0.0000,0.0000,0.0000,0
2.717,88,-39,-27,1526,1498,0.13,-0.06,0.0000,0.0000,0.0000,0
2.735,88,-40,-27,1526,1498,0.13,-0.06,0.0000,0.0000,0.0000,0
2.752,89,-41,-27,1526,1498,0.13,-0.06,0.0000,0.0000,0.0000,0
2.771,89,-42,-27,1526,1498,0.13,-0.06,0.0000,0.0000,0.0000,0
2.792,89,-42,-28,1526,1498,0.13,-0.06,0.0000,0.0000,0.0000,0
2.809,90,-42,-28,1527,1498,0.13,-0.06,0.0000,0.0000,0.0000,0
2.827,91,-42,-28,1527,1498,0.13,-0.06,0.0000,0.0000,0.0000,0
2.845,92,-42,-28,1527,1498,0.78,-0.51,0.0000,0.0000,0.0000,0
2.863,93,-41,-28,1527,1498,0.78,-0.51,0.0000,0.0000,0.0000,0
2.881,93,-41,-28,1527,1498,0.78,-0.51,0.0000,0.0000,0.0000,0
2.898,94,-41,-27,1528,1498,0.78,-0.51,0.0000,0.0000,0.0000,0
2.916,96,-41,-27,1528,1498,0.78,-0.51,0.0000,0.0000,0.0000,0
2.933,97,-41,-27,1529,1498,0.78,-0.51,0.0000,0.0000,0.0000,0
2.950,98,-41,-27,1529,1498,0.78,-0.51,0.0000,0.0000,0.0000,0
2.968,100,-41,-27,1530,1498,0.78,-0.51,0.0000,0.0000,0.0000,0
2.985,101,-41,-27,1530,1498,0.78,-0.51,0.0000,0.0000,0.0000,0
3.003,102,-41,-26,1530,1498,0.78,-0.51,0.0000,0.0000,0.0000,0
3.020,103,-42,-26,1530,1498,0.78,-0.51,0.0000,0.0000,0.0000,0
3.038,105,-43,-26,1530,1498,0.78,-0.51,0.0000,0.0000,0.0000,0
3.056,106,-43,-26,1530,1498,0.78,-0.51,0.0000,0.0000,0.0000,0
3.073,108,-44,-26,1530,1498,0.78,-0.51,0.0000,0.0000,0.0000,0
3.091,109,-45,-26,1530,1498,0.80,-0.59,0.0000,0.0000,0.0000,0
3.108,111,-45,-26,1530,1498,0.80,-0.59,0.0000,0.0000,0.0000,0
3.127,112,-45,-26,1530,1498,0.80,-0.59,0.0000,0.0000,0.0000,0
3.146,113,-46,-26,1530,1498,0.80,-0.59,0.0000,0.0000,0.0000,0
3.165,116,-47,-26,1530,1498,0.80,-0.59,0.0000,0.0000,0.0000,0
3.183,118,-47,-25,1530,1498,0.80,-0.59,0.0000,0.0000,0.0000,0
3.202,120,-47,-25,1530,1498,0.80,-0.59,0.0000,0.0000,0.0000,0
3.221,121,-47,-25,1530,1498,0.80,-0.59,0.0000,0.0000,0.0000,0
3.239,122,-47,-24,1530,1498,0.80,-0.59,0.0000,0.0000,0.0000,0
3.256,124,-47,-24,1530,1498,0.80,-0.59,0.0000,0.0000,0.0000,0
3.273,125,-47,-25,1530,1498,0.80,-0.59,0.0000,0.0000,0.0000,0
3.290,126,-47,-25,1530,1498,0.80,-0.59,0.0000,0.0000,0.0000,0
3.308,129,-46,-25,1530,1498,0.80,-0.59,0.0000,0.0000,0.0000,0
3.325,130,-45,-25,1530,1498,0.80,-0.59,0.0000,0.0000,0.0000,0
3.344,131,-44,-26,1530,1498,0.66,-0.22,0.0000,0.0000,0.0000,0
3.361,132,-44,-26,1530,1498,0.66,-0.22,0.0000,0.0000,0.0000,0
3.381,132,-43,-26,1530,1498,0.66,-0.22,0.0000,0.0000,0.0000,0
3.398,133,-43,-25,1530,1498,0.66,-0.22,0.0000,0.0000,0.0000,0
3.415,134,-43,-25,1530,1498,0.66,-0.22,0.0000,0.0000,0.0000,0
3.434,134,-42,-25,1530,1498,0.66,-0.22,0.0000,0.0000,0.0000,0
3.452,134,-42,-24,1530,1498,0.66,-0.22,0.0000,0.0000,0.0000,0
3.470,135,-43,-23,1530,1498,0.66,-0.22,0.0000,0.0000,0.0000,0
3.488,136,-42,-23,1530,1498,0.66,-0.22,0.0000,0.0000,0.0000,0
3.506,137,-42,-23,1530,1498,0.66,-0.22,0.0000,0.0000,0.0000,0
3.524,138,-42,-23,1530,1498,0.66,-0.22,0.0000,0.0000,0.0000,0
3.542,138,-42,-23,1530,1498,0.66,-0.22,0.0000,0.0000,0.0000,0
3.561,139,-42,-24,1530,1498,0.66,-0.22,0.0000,0.0000,0.0000,0
3.579,139,-42,-24,1530,1498,0.66,-0.22,0.0000,0.0000,0.0000,0
3.597,139,-43,-24,1530,1498,1.12,-0.00,0.0000,0.0000,0.0000,0
3.616,140,-43,-24,1530,1498,1.12,-0.00,0.0000,0.0000,0.0000,0
3.633,140,-44,-23,1530,1498,1.12,-0.00,0.0000,0.0000,0.0000,0
3.652,140,-44,-23,1530,1498,1.12,-0.00,0.0000,0.0000,0.0000,0
3.671,141,-44,-23,1530,1498,1.12,-0.00,0.0000,0.0000,0.0000,0
3.688,141,-45,-23,1530,1498,1.12,-0.00,0.0000,0.0000,0.0000,0
3.707,141,-46,-23,1530,1498,1.12,-0.00,0.0000,0.0000,0.0000,0
3.726,142,-46,-22,1530,1498,1.12,-0.00,0.0000,0.0000,0.0000,0
3.746,142,-47,-23,1530,1498,1.12,-0.00,0.0000,0.0000,0.0000,0
3.763,143,-47,-23,1530,1498,1.12,-0.00,0.0000,0.0000,0.0000,0
3.781,144,-47,-23,1530,1498,1.12,-0.00,0.0000,0.0000,0.0000,0
3.798,144,-47,-23,1530,1498,1.12,-0.00,0.0000,0.0000,0.0000,0
3.816,146,-48,-22,1530,1498,1.12,-0.00,0.0000,0.0000,0.0000,0
3.833,146,-48,-22,1530,1498,1.96,0.29,0.0000,0.0000,0.0000,0
3.850,146,-49,-22,1530,1498,1.96,0.29,0.0000,0.0000,0.0000,0
3.868,147,-49,-23,1530,1498,1.96,0.29,0.0000,0.0000,0.0000,0
3.886,147,-50,-23,1530,1498,1.96,0.29,0.0000,0.0000,0.0000,0
3.903,147,-51,-23,1530,1498,1.96,0.29,0.0000,0.0000,0.0000,0
3.922,148,-51,-22,1530,1498,1.96,0.29,0.0000,0.0000,0.0000,0
3.940,148,-51,-22,1530,1498,1.96,0.29,0.0000,0.0000,0.0000,0
3.957,149,-51,-21,1530,1498,1.96,0.29,0.0000,0.0000,0.0000,0
3.976,149,-51,-21,1530,1498,1.96,0.29,0.0000,0.0000,0.0000,0
3.996,150,-52,-22,1530,1498,1.96,0.29,0.0000,0.0000,0.0000,0
4.014,150,-52,-22,1530,1498,1.96,0.29,0.0000,0.0000,0.0000,0
4.031,151,-52,-22,1530,1498,1.96,0.29,0.0000,0.0000,0.0000,0
4.048,151,-51,-22,1530,1498,1.96,0.29,0.0000,0.0000,0.0000,0
4.066,152,-51,-21,1530,1498,1.96,0.29,0.0000,0.0000,0.0000,0
4.084,152,-50,-21,1530,1498,1.70,0.57,0.0000,0.0000,0.0000,0
4.101,152,-50,-21,1530,1498,1.70,0.57,0.0000,0.0000,0.0000,0
4.119,152,-49,-21,1530,1498,1.70,0.57,0.0000,0.0000,0.0000,0
4.137,153,-48,-22,1530,1498,1.70,0.57,0.0000,0.0000,0.0000,0
4.154,153,-48,-21,1530,1498,1.70,0.57,0.0000,0.0000,0.0000,0
4.172,154,-49,-21,1530,1498,1.70,0.57,0.0000,0.0000,0.0000,0
4.190,154,-49,-22,1530,1498,1.70,0.57,0.0000,0.0000,0.0000,0
4.209,155,-49,-22,1530,1498,1.70,0.57,0.0000,0.0000,0.0000,0
4.228,156,-52,-21,1530,1498,1.70,0.57,0.0000,0.0000,0.0000,0
4.245,157,-54,-21,1530,1498,1.70,0.57,0.0000,0.0000,0.0000,0
4.263,156,-57,-21,1530,1498,1.70,0.57,0.0000,0.0000,0.0000,0
4.281,156,-57,-21,1530,1498,1.70,0.57,0.0000,0.0000,0.0000,0
4.299,155,-58,-21,1530,1498,1.70,0.57,0.0000,0.0000,0.0000,0
4.316,154,-56,-21,1530,1498,1.70,0.57,0.0000,0.0000,0.0000,0
4.334,154,-55,-21,1530,1498,0.32,0.57,0.0000,0.0000,0.0000,0
4.351,154,-55,-21,1530,1498,0.32,0.57,0.0000,0.0000,0.0000,0
4.369,153,-54,-21,1530,1498,0.32,0.57,0.0000,0.0000,0.0000,0
4.387,152,-54,-22,1530,1498,0.32,0.57,0.0000,0.0000,0.0000,0
4.405,151,-54,-21,1530,1498,0.32,0.57,0.0000,0.0000,0.0000,0
4.423,149,-55,-21,1530,1498,0.32,0.57,0.0000,0.0000,0.0000,0
4.441,145,-57,-22,1530,1498,0.32,0.57,0.0000,0.0000,0.0000,0
4.459,142,-59,-21,1530,1498,0.32,0.57,0.0000,0.0000,0.0000,0
4.477,140,-58,-22,1530,1498,0.32,0.57,0.0000,0.0000,0.0000,0
4.494,138,-58,-22,1530,1498,0.32,0.57,0.0000,0.0000,0.0000,0
4.512,135,-59,-22,1530,1498,0.32,0.57,0.0000,0.0000,0.0000,0
4.529,131,-64,-22,1530,1498,0.32,0.57,0.0000,0.0000,0.0000,0
4.546,127,-67,-22,1530,1498,0.32,0.57,0.0000,0.0000,0.0000,0
4.563,124,-67,-22,1530,1498,0.32,0.57,0.0000,0.0000,0.0000,0
4.581,121,-67,-23,1530,1498,0.27,-0.32,0.0000,0.0000,0.0000,0
4.598,119,-69,-22,1530,1498,0.27,-0.32,0.0000,0.0000,0.0000,0
4.615,116,-70,-22,1530,1498,0.27,-0.32,0.0000,0.0000,0.0000,0
4.632,114,-70,-22,1530,1498,0.27,-0.32,0.0000,0.0000,0.0000,0
4.650,111,-70,-23,1530,1498,0.27,-0.32,0.0000,0.0000,0.0000,0
4.667,109,-70,-22,1530,1498,0.27,-0.32,0.0000,0.0000,0.0000,0
4.684,107,-71,-23,1530,1498,0.27,-0.32,0.0000,0.0000,0.0000,0
4.702,104,-71,-23,1530,1498,0.27,-0.32,0.0000,0.0000,0.0000,0
4.719,102,-72,-23,1530,1498,0.27,-0.32,0.0000,0.0000,0.0000,0
4.737,99,-72,-23,1529,1498,0.27,-0.32,0.0000,0.0000,0.0000,0
4.754,98,-73,-23,1529,1498,0.27,-0.32,0.0000,0.0000,0.0000,0
4.772,96,-73,-23,1528,1498,0.27,-0.32,0.0000,0.0000,0.0000,0
4.789,93,-76,-24,1527,1498,0.27,-0.32,0.0000,0.0000,0.0000,0
4.806,91,-77,-24,1527,1498,0.27,-0.32,0.0000,0.0000,0.0000,0
4.824,90,-80,-23,1527,1498,0.27,-0.32,0.0000,0.0000,0.0000,0
4.842,89,-83,-24,1526,1498,-0.21,-0.74,0.0000,0.0000,0.0000,0
4.860,88,-85,-25,1526,1498,-0.21,-0.74,0.0000,0.0000,0.0000,0
4.878,87,-87,-25,1526,1498,-0.21,-0.74,0.0000,0.0000,0.0000,0
4.898,86,-90,-25,1525,1498,-0.21,-0.74,0.0000,0.0000,0.0000,0
4.917,85,-92,-25,1525,1498,-0.21,-0.74,0.0000,0.0000,0.0000,0
4.936,84,-94,-24,1525,1498,-0.21,-0.74,0.0000,0.0000,0.0000,0
4.953,81,-96,-24,1524,1498,-0.21,-0.74,0.0000,0.0000,0.0000,0
4.971,81,-96,-24,1524,1498,-0.21,-0.74,0.0000,0.0000,0.0000,0
4.989,80,-97,-25,1524,1498,-0.21,-0.74,0.0000,0.0000,0.0000,0
5.008,77,-99,-24,1523,1498,-0.21,-0.74,0.0000,0.0000,0.0000,0
5.026,75,-101,-24,1522,1498,-0.21,-0.74,0.0000,0.0000,0.0000,0
5.044,73,-102,-24,1521,1498,-0.21,-0.74,0.0000,0.0000,0.0000,0
5.063,72,-104,-23,1521,1498,-0.21,-0.74,0.0000,0.0000,0.0000,0
5.083,70,-106,-23,1521,1498,0.36,-1.41,0.0000,0.0000,0.0000,0
5.101,68,-108,-23,1520,1498,0.36,-1.41,0.0000,0.0000,0.0000,0
5.119,66,-108,-23,1519,1498,0.36,-1.41,0.0000,0.0000,0.0000,0
5.138,64,-108,-23,1519,1498,0.36,-1.41,0.0000,0.0000,0.0000,0
5.156,60,-109,-23,1518,1498,0.36,-1.41,0.0000,0.0000,0.0000,0
5.173,58,-110,-23,1517,1498,0.36,-1.41,0.0000,0.0000,0.0000,0
5.190,56,-112,-23,1516,1498,0.36,-1.41,0.0000,0.0000,0.0000,0
5.207,55,-114,-24,1516,1498,0.36,-1.41,0.0000,0.0000,0.0000,0
5.225,52,-115,-23,1515,1498,0.36,-1.41,0.0000,0.0000,0.0000,0
5.242,50,-114,-23,1510,1498,0.36,-1.41,0.0000,0.0000,0.0000,0
5.260,48,-112,-23,1509,1498,0.36,-1.41,0.0000,0.0000,0.0000,0
5.277,46,-110,-23,1509,1498,0.36,-1.41,0.0000,0.0000,0.0000,0
5.294,44,-110,-23,1508,1498,0.36,-1.41,0.0000,0.0000,0.0000,0
5.312,42,-109,-23,1508,1498,0.36,-1.41,0.0000,0.0000,0.0000,0
5.329,40,-109,-23,1508,1498,-0.49,-1.17,0.0000,0.0000,0.0000,0
5.346,38,-109,-23,1507,1498,-0.49,-1.17,0.0000,0.0000,0.0000,0
5.363,37,-106,-23,1507,1498,-0.49,-1.17,0.0000,0.0000,0.0000,0
5.380,36,-104,-22,1507,1498,-0.49,-1.17,0.0000,0.0000,0.0000,0
5.398,35,-103,-22,1507,1498,-0.49,-1.17,0.0000,0.0000,0.0000,0
5.415,33,-102,-23,1506,1498,-0.49,-1.17,0.0000,0.0000,0.0000,0
5.432,31,-101,-22,1506,1498,-0.49,-1.17,0.0000,0.0000,0.0000,0
5.449,29,-99,-23,1505,1498,-0.49,-1.17,0.0000,0.0000,0.0000,0
5.468,27,-98,-22,1505,1498,-0.49,-1.17,0.0000,0.0000,0.0000,0
5.486,27,-98,-22,1505,1498,-0.49,-1.17,0.0000,0.0000,0.0000,0
5.503,23,-99,-23,1504,1498,-0.49,-1.17,0.0000,0.0000,0.0000,0
5.521,23,-99,-23,1504,1498,-0.49,-1.17,0.0000,0.0000,0.0000,0
5.541,19,-99,-22,1503,1498,-0.49,-1.17,0.0000,0.0000,0.0000,0
5.559,18,-100,-22,1503,1498,-0.49,-1.17,0.0000,0.0000,0.0000,0
5.576,16,-100,-23,1503,1498,-0.60,-0.62,0.0000,0.0000,0.0000,0
5.594,14,-101,-22,1502,1498,-0.60,-0.62,0.0000,0.0000,0.0000,0
5.612,12,-102,-21,1502,1498,-0.60,-0.62,0.0000,0.0000,0.0000,0
5.629,12,-102,-21,1502,1498,-0.60,-0.62,0.0000,0.0000,0.0000,0
5.647,8,-100,-21,1501,1498,-0.60,-0.62,0.0000,0.0000,0.0000,0
5.664,7,-99,-21,1501,1498,-0.60,-0.62,0.0000,0.0000,0.0000,0
5.682,7,-98,-20,1501,1498,-0.60,-0.62,0.0000,0.0000,0.0000,0
5.699,6,-97,-20,1501,1498,-0.60,-0.62,0.0000,0.0000,0.0000,0
5.716,6,-97,-19,1501,1499,-0.60,-0.62,0.0000,0.0000,0.0000,0
5.734,4,-97,-19,1500,1499,-0.60,-0.62,0.0000,0.0000,0.0000,0
5.751,3,-95,-19,1500,1499,-0.60,-0.62,0.0000,0.0000,0.0000,0
5.768,1,-90,-19,1500,1499,-0.60,-0.62,0.0000,0.0000,0.0000,0
5.789,0,-85,-19,1500,1499,-0.60,-0.62,0.0000,0.0000,0.0000,0
5.809,-1,-82,-20,1500,1498,-0.60,-0.62,0.0000,0.0000,0.0000,0
5.827,-2,-78,-20,1500,1498,-0.76,0.05,0.0000,0.0000,0.0000,0
5.846,-2,-78,-20,1500,1498,-0.76,0.05,0.0000,0.0000,0.0000,0
5.864,-3,-75,-21,1500,1498,-0.76,0.05,0.0000,0.0000,0.0000,0
5.881,-3,-75,-21,1500,1498,-0.76,0.05,0.0000,0.0000,0.0000,0
5.899,-4,-74,-21,1500,1498,-0.76,0.05,0.0000,0.0000,0.0000,0
5.916,-4,-74,-21,1500,1498,-0.76,0.05,0.0000,0.0000,0.0000,0
5.934,-5,-73,-20,1499,1498,-0.76,0.05,0.0000,0.0000,0.0000,0
5.952,-5,-72,-20,1499,1498,-0.76,0.05,0.0000,0.0000,0.0000,0
5.970,-6,-72,-20,1499,1498,-0.76,0.05,0.0000,0.0000,0.0000,0
5.987,-7,-71,-20,1499,1498,-0.76,0.05,0.0000,0.0000,0.0000,0
6.004,-8,-71,-20,1499,1498,-0.76,0.05,0.0000,0.0000,0.0000,0
6.021,-9,-69,-19,1499,1499,-0.76,0.05,0.0000,0.0000,0.0000,0
6.038,-9,-69,-19,1499,1499,-0.76,0.05,0.0000,0.0000,0.0000,0
6.056,-11,-68,-19,1498,1499,-0.76,0.05,0.0000,0.0000,0.0000,0
6.073,-12,-67,-18,1498,1499,-0.76,0.05,0.0000,0.0000,0.0000,0
6.091,-15,-67,-18,1497,1499,-1.26,0.74,0.0000,0.0000,0.0000,0
6.111,-18,-67,-17,1497,1499,-1.26,0.74,0.0000,0.0000,0.0000,0
6.128,-20,-68,-17,1496,1499,-1.26,0.74,0.0000,0.0000,0.0000,0
6.147,-23,-68,-17,1496,1499,-1.26,0.74,0.0000,0.0000,0.0000,0
6.165,-28,-72,-17,1495,1499,-1.26,0.74,0.0000,0.0000,0.0000,0
6.183,-31,-73,-18,1494,1499,-1.26,0.74,0.0000,0.0000,0.0000,0
6.201,-34,-74,-18,1494,1499,-1.26,0.74,0.0000,0.0000,0.0000,0
6.219,-39,-74,-17,1493,1499,-1.26,0.74,0.0000,0.0000,0.0000,0
6.236,-40,-74,-19,1492,1499,-1.26,0.74,0.0000,0.0000,0.0000,0
6.253,-41,-76,-18,1492,1499,-1.26,0.74,0.0000,0.0000,0.0000,0
6.271,-43,-76,-17,1492,1499,-1.26,0.74,0.0000,0.0000,0.0000,0
6.288,-45,-78,-16,1491,1499,-1.26,0.74,0.0000,0.0000,0.0000,0
6.306,-47,-80,-17,1491,1499,-1.26,0.74,0.0000,0.0000,0.0000,0
6.323,-48,-81,-17,1491,1499,-1.26,0.74,0.0000,0.0000,0.0000,0
6.340,-50,-81,-17,1490,1499,-1.44,-0.07,0.0000,0.0000,0.0000,0
6.358,-51,-82,-16,1490,1499,-1.44,-0.07,0.0000,0.0000,0.0000,0
6.376,-53,-83,-16,1485,1499,-1.44,-0.07,0.0000,0.0000,0.0000,0
6.393,-54,-84,-15,1484,1499,-1.44,-0.07,0.0000,0.0000,0.0000,0
6.410,-56,-84,-16,1484,1499,-1.44,-0.07,0.0000,0.0000,0.0000,0
6.428,-57,-84,-15,1483,1499,-1.44,-0.07,0.0000,0.0000,0.0000,0
6.446,-58,-84,-15,1483,1499,-1.44,-0.07,0.0000,0.0000,0.0000,0
6.465,-59,-84,-15,1483,1499,-1.44,-0.07,0.0000,0.0000,0.0000,0
6.482,-61,-83,-14,1482,1499,-1.44,-0.07,0.0000,0.0000,0.0000,0
6.500,-64,-83,-15,1481,1499,-1.44,-0.07,0.0000,0.0000,0.0000,0
6.517,-64,-83,-15,1481,1499,-1.44,-0.07,0.0000,0.0000,0.0000,0
6.537,-66,-83,-14,1481,1499,-1.44,-0.07,0.0000,0.0000,0.0000,0
6.556,-67,-83,-15,1480,1499,-1.44,-0.07,0.0000,0.0000,0.0000,0
6.573,-69,-83,-14,1480,1499,-1.44,-0.07,0.0000,0.0000,0.0000,0
6.591,-69,-83,-14,1480,1499,-1.88,-0.10,0.0000,0.0000,0.0000,0
6.609,-70,-83,-14,1479,1499,-1.88,-0.10,0.0000,0.0000,0.0000,0
6.626,-71,-83,-15,1479,1499,-1.88,-0.10,0.0000,0.0000,0.0000,0
6.644,-72,-82,-14,1479,1499,-1.88,-0.10,0.0000,0.0000,0.0000,0
6.661,-72,-81,-14,1479,1499,-1.88,-0.10,0.0000,0.0000,0.0000,0
6.679,-73,-80,-14,1479,1499,-1.88,-0.10,0.0000,0.0000,0.0000,0
6.697,-74,-78,-14,1478,1499,-1.88,-0.10,0.0000,0.0000,0.0000,0
6.715,-75,-77,-13,1478,1499,-1.88,-0.10,0.0000,0.0000,0.0000,0
6.734,-76,-75,-14,1478,1499,-1.88,-0.10,0.0000,0.0000,0.0000,0
6.752,-77,-73,-14,1477,1499,-1.88,-0.10,0.0000,0.0000,0.0000,0
6.770,-77,-72,-14,1477,1499,-1.88,-0.10,0.0000,0.0000,0.0000,0
6.787,-78,-71,-13,1477,1499,-1.88,-0.10,0.0000,0.0000,0.0000,0
6.805,-78,-70,-13,1477,1499,-1.88,-0.10,0.0000,0.0000,0.0000,0
6.822,-79,-69,-13,1477,1499,-1.88,-0.10,0.0000,0.0000,0.0000,0
6.840,-79,-67,-12,1477,1499,-1.33,0.90,0.0000,0.0000,0.0000,0
6.857,-80,-65,-11,1476,1499,-1.33,0.90,0.0000,0.0000,0.0000,0
6.875,-80,-63,-11,1476,1499,-1.33,0.90,0.0000,0.0000,0.0000,0
6.894,-80,-63,-10,1476,1499,-1.33,0.90,0.0000,0.0000,0.0000,0
6.912,-79,-62,-10,1477,1499,-1.33,0.90,0.0000,0.0000,0.0000,0
6.929,-79,-62,-10,1477,1499,-1.33,0.90,0.0000,0.0000,0.0000,0
6.946,-78,-62,-10,1477,1499,-1.33,0.90,0.0000,0.0000,0.0000,0
6.964,-78,-61,-9,1477,1500,-1.33,0.90,0.0000,0.0000,0.0000,0
6.981,-77,-60,-10,1477,1499,-1.33,0.90,0.0000,0.0000,0.0000,0
7.001,-77,-59,-9,1477,1500,-1.33,0.90,0.0000,0.0000,0.0000,0
7.019,-76,-59,-9,1478,1500,-1.33,0.90,0.0000,0.0000,0.0000,0
7.036,-75,-58,-9,1478,1500,-1.33,0.90,0.0000,0.0000,0.0000,0
7.055,-74,-58,-9,1478,1500,-1.33,0.90,0.0000,0.0000,0.0000,0
7.072,-71,-57,-8,1479,1500,-1.33,0.90,0.0000,0.0000,0.0000,0
7.090,-70,-55,-8,1479,1500,-1.08,1.23,0.0000,0.0000,0.0000,0
7.107,-68,-54,-9,1480,1500,-1.08,1.23,0.0000,0.0000,0.0000,0
7.125,-65,-53,-8,1481,1500,-1.08,1.23,0.0000,0.0000,0.0000,0
7.142,-63,-51,-8,1482,1500,-1.08,1.23,0.0000,0.0000,0.0000,0
7.160,-60,-49,-8,1482,1500,-1.08,1.23,0.0000,0.0000,0.0000,1
7.178,-56,-47,-8,1484,1500,-1.08,1.23,0.0000,0.0000,0.0000,1
7.196,-53,-46,-7,1485,1500,-1.08,1.23,0.0000,0.0000,0.0000,1
7.214,-50,-44,-8,1490,1500,-1.08,1.23,0.0000,0.0000,0.0000,1
7.232,-47,-43,-8,1491,1500,-1.08,1.23,0.0000,0.0000,0.0000,1
7.249,-43,-43,-8,1492,1500,-1.08,1.23,0.0000,0.0000,0.0000,1
7.268,-40,-44,-8,1492,1500,-1.08,1.23,0.0000,0.0000,0.0000,1
7.289,-34,-44,-8,1494,1500,-1.08,1.23,0.0000,0.0000,0.0000,1
7.307,-30,-43,-8,1494,1500,-1.08,1.23,0.0000,0.0000,0.0000,1
7.324,-26,-44,-9,1495,1500,-1.08,1.23,0.0000,0.0000,0.0000,1
7.342,-22,-44,-8,1496,1500,-0.79,1.49,0.0000,0.0000,0.0000,1
7.360,-19,-44,-9,1497,1500,-0.79,1.49,0.0000,0.0000,0.0000,1
7.377,-15,-44,-9,1497,1500,-0.79,1.49,0.0000,0.0000,0.0000,1
7.395,-15,-44,-9,1497,1500,-0.79,1.49,0.0000,0.0000,0.0000,1
7.413,-8,-44,-8,1499,1500,-0.79,1.49,0.0000,0.0000,0.0000,1
7.430,-5,-44,-8,1499,1500,-0.79,1.49,0.0000,0.0000,0.0000,1
7.448,-2,-44,-8,1500,1500,-0.79,1.49,0.0000,0.0000,0.0000,1
7.466,1,-44,-8,1500,1500,-0.79,1.49,0.0000,0.0000,0.0000,1
7.483,7,-45,-8,1501,1500,-0.79,1.49,0.0000,0.0000,0.0000,1
7.502,10,-46,-7,1502,1500,-0.79,1.49,0.0000,0.0000,0.0000,1
7.521,13,-46,-8,1502,1500,-0.79,1.49,0.0000,0.0000,0.0000,1
7.538,15,-46,-7,1503,1500,-0.79,1.49,0.0000,0.0000,0.0000,1
7.555,17,-47,-8,1503,1500,-0.79,1.49,0.0000,0.0000,0.0000,1
7.573,18,-47,-8,1503,1500,-0.56,1.13,0.0000,0.0000,0.0000,1
7.593,20,-47,-8,1504,1500,-0.56,1.13,0.0000,0.0000,0.0000,1
7.610,22,-48,-8,1504,1500,-0.56,1.13,0.0000,0.0000,0.0000,1
7.627,23,-48,-8,1504,1500,-0.56,1.13,0.0000,0.0000,0.0000,1
7.645,24,-49,-8,1504,1500,-0.56,1.13,0.0000,0.0000,0.0000,1
7.662,25,-50,-8,1505,1500,-0.56,1.13,0.0000,0.0000,0.0000,1
7.681,26,-51,-8,1505,1500,-0.56,1.13,0.0000,0.0000,0.0000,1
7.698,26,-51,-8,1505,1500,-0.56,1.13,0.0000,0.0000,0.0000,1
7.717,26,-51,-8,1505,1500,-0.56,1.13,0.0000,0.0000,0.0000,1
7.734,25,-52,-8,1505,1500,-0.56,1.13,0.0000,0.0000,0.0000,1
7.752,24,-51,-8,1504,1500,-0.56,1.13,0.0000,0.0000,0.0000,1
7.769,24,-51,-9,1504,1500,-0.56,1.13,0.0000,0.0000,0.0000,1
7.787,23,-52,-9,1504,1500,-0.56,1.13,0.0000,0.0000,0.0000,1
7.805,23,-54,-9,1504,1500,-0.56,1.13,0.0000,0.0000,0.0000,1
7.824,22,-55,-9,1504,1500,-0.06,0.69,0.0000,0.0000,0.0000,1
7.842,22,-55,-9,1504,1500,-0.06,0.69,0.0000,0.0000,0.0000,1
7.859,22,-56,-9,1504,1500,-0.06,0.69,0.0000,0.0000,0.0000,1
7.876,22,-56,-9,1504,1500,-0.06,0.69,0.0000,0.0000,0.0000,1
7.898,21,-62,-9,1504,1500,-0.06,0.69,0.0000,0.0000,0.0000,0
0.019,21,-64,-10,1504,1499,-0.06,0.69,0.0000,0.0000,0.0000,0
0.038,21,-66,-10,1504,1499,-0.06,0.69,0.0000,0.0000,0.0000,0
0.055,21,-67,-10,1504,1499,-0.06,0.69,0.0000,0.0000,0.0000,0
0.073,22,-67,-10,1504,1499,-0.06,0.69,0.0000,0.0000,0.0000,0
0.092,23,-68,-10,1504,1499,-0.06,0.69,0.0000,0.0000,0.0000,0
0.110,24,-69,-11,1504,1499,-0.06,0.69,0.0000,0.0000,0.0000,0
0.127,25,-70,-12,1505,1499,-0.06,0.69,0.0000,0.0000,0.0000,0
0.145,26,-71,-11,1505,1499,-0.06,0.69,0.0000,0.0000,0.0000,0
0.162,27,-72,-11,1505,1499,-0.06,0.69,0.0000,0.0000,0.0000,0
0.179,27,-72,-11,1505,1499,0.57,-0.61,0.0000,0.0000,0.0000,0
0.197,29,-72,-11,1505,1499,0.57,-0.61,0.0000,0.0000,0.0000,0
0.214,29,-72,-11,1505,1499,0.57,-0.61,0.0000,0.0000,0.0000,0
0.232,30,-72,-13,1506,1499,0.57,-0.61,0.0000,0.0000,0.0000,0
0.250,34,-73,-12,1506,1499,0.57,-0.61,0.0000,0.0000,0.0000,0
0.269,36,-73,-12,1507,1499,0.57,-0.61,0.0000,0.0000,0.0000,0
0.287,37,-73,-13,1507,1499,0.57,-0.61,0.0000,0.0000,0.0000,0
0.304,39,-72,-13,1507,1499,0.57,-0.61,0.0000,0.0000,0.0000,0
0.321,42,-71,-13,1508,1499,0.57,-0.61,0.0000,0.0000,0.0000,0
0.338,44,-71,-13,1508,1499,0.57,-0.61,0.0000,0.0000,0.0000,0
0.358,45,-70,-14,1509,1499,0.57,-0.61,0.0000,0.0000,0.0000,0
0.375,46,-70,-13,1509,1499,0.57,-0.61,0.0000,0.0000,0.0000,0
0.394,47,-69,-13,1509,1499,0.57,-0.61,0.0000,0.0000,0.0000,0
0.413,47,-68,-13,1509,1499,0.57,-0.61,0.0000,0.0000,0.0000,0
0.431,48,-67,-14,1509,1499,0.47,-0.69,0.0000,0.0000,0.0000,0
0.451,48,-66,-13,1509,1499,0.47,-0.69,0.0000,0.0000,0.0000,0
0.469,48,-64,-13,1509,1499,0.47,-0.69,0.0000,0.0000,0.0000,0
0.488,49,-62,-14,1509,1499,0.47,-0.69,0.0000,0.0000,0.0000,0
0.505,49,-61,-15,1509,1499,0.47,-0.69,0.0000,0.0000,0.0000,0
0.523,50,-60,-15,1510,1499,0.47,-0.69,0.0000,0.0000,0.0000,1
0.540,51,-58,-15,1515,1499,0.47,-0.69,0.0000,0.0000,0.0000,1
0.558,52,-56,-16,1515,1499,0.47,-0.69,0.0000,0.0000,0.0000,1
0.575,53,-54,-15,1515,1499,0.47,-0.69,0.0000,0.0000,0.0000,1
0.592,56,-50,-15,1516,1499,0.47,-0.69,0.0000,0.0000,0.0000,1
0.610,58,-51,-15,1517,1499,0.47,-0.69,0.0000,0.0000,0.0000,1
0.628,59,-52,-16,1517,1499,0.47,-0.69,0.0000,0.0000,0.0000,1
0.645,61,-53,-16,1518,1499,0.47,-0.69,0.0000,0.0000,0.0000,0
0.018,62,-53,-15,1518,1499,0.47,-0.69,0.0000,0.0000,0.0000,0
0.036,63,-54,-16,1518,1499,0.60,-0.74,0.0000,0.0000,0.0000,0
0.053,63,-54,-17,1518,1499,0.60,-0.74,0.0000,0.0000,0.0000,0
0.071,64,-53,-17,1519,1499,0.60,-0.74,0.0000,0.0000,0.0000,0
0.088,65,-52,-17,1519,1499,0.60,-0.74,0.0000,0.0000,0.0000,0
0.106,66,-51,-17,1519,1499,0.60,-0.74,0.0000,0.0000,0.0000,0
0.123,66,-51,-17,1519,1499,0.60,-0.74,0.0000,0.0000,0.0000,0
0.141,67,-49,-17,1520,1499,0.60,-0.74,0.0000,0.0000,0.0000,0
0.161,68,-49,-17,1520,1499,0.60,-0.74,0.0000,0.0000,0.0000,0
0.179,68,-50,-17,1520,1499,0.60,-0.74,0.0000,0.0000,0.0000,0
0.196,68,-51,-17,1520,1499,0.60,-0.74,0.0000,0.0000,0.0000,0
0.213,67,-52,-17,1520,1499,0.60,-0.74,0.0000,0.0000,0.0000,0
0.230,66,-52,-17,1519,1499,0.60,-0.74,0.0000,0.0000,0.0000,0
0.248,66,-51,-18,1519,1499,0.60,-0.74,0.0000,0.0000,0.0000,0
0.266,65,-49,-18,1519,1499,0.60,-0.74,0.0000,0.0000,0.0000,0
0.283,65,-47,-18,1519,1499,0.65,-0.79,0.0000,0.0000,0.0000,0
0.303,64,-45,-19,1519,1499,0.65,-0.79,0.0000,0.0000,0.0000,0
0.320,64,-45,-19,1519,1499,0.65,-0.79,0.0000,0.0000,0.0000,0
0.337,63,-43,-18,1518,1499,0.65,-0.79,0.0000,0.0000,0.0000,0
0.355,63,-42,-18,1518,1499,0.65,-0.79,0.0000,0.0000,0.0000,0
0.373,61,-42,-19,1518,1499,0.65,-0.79,0.0000,0.0000,0.0000,0
0.391,59,-41,-19,1517,1499,0.65,-0.79,0.0000,0.0000,0.0000,1
0.408,58,-40,-19,1517,1499,0.65,-0.79,0.0000,0.0000,0.0000,1
0.425,56,-40,-19,1516,1499,0.65,-0.79,0.0000,0.0000,0.0000,1
0.443,55,-40,-19,1516,1499,0.65,-0.79,0.0000,0.0000,0.0000,1
0.460,54,-41,-20,1516,1498,0.65,-0.79,0.0000,0.0000,0.0000,1
0.477,53,-41,-19,1515,1499,0.65,-0.79,0.0000,0.0000,0.0000,1
0.495,52,-41,-20,1515,1498,0.65,-0.79,0.0000,0.0000,0.0000,1
0.513,51,-41,-21,1515,1498,0.65,-0.79,0.0000,0.0000,0.0000,1
0.531,50,-40,-20,1510,1498,0.38,-0.61,0.0000,0.0000,0.0000,1
0.551,49,-40,-20,1509,1498,0.38,-0.61,0.0000,0.0000,0.0000,1
0.571,47,-40,-21,1509,1498,0.38,-0.61,0.0000,0.0000,0.0000,1
0.590,45,-39,-20,1509,1498,0.38,-0.61,0.0000,0.0000,0.0000,1
0.608,44,-39,-21,1508,1498,0.38,-0.61,0.0000,0.0000,0.0000,1
0.626,39,-39,-21,1507,1498,0.38,-0.61,0.0000,0.0000,0.0000,1
0.644,37,-39,-21,1507,1498,0.38,-0.61,0.0000,0.0000,0.0000,1
0.661,35,-40,-21,1507,1498,0.38,-0.61,0.0000,0.0000,0.0000,1
0.678,33,-40,-22,1506,1498,0.38,-0.61,0.0000,0.0000,0.0000,1
0.696,31,-40,-22,1506,1498,0.38,-0.61,0.0000,0.0000,0.0000,1
0.713,29,-40,-22,1505,1498,0.38,-0.61,0.0000,0.0000,0.0000,1
0.731,28,-41,-22,1505,1498,0.38,-0.61,0.0000,0.0000,0.0000,1
0.748,26,-42,-22,1505,1498,0.38,-0.61,0.0000,0.0000,0.0000,1
0.766,25,-43,-23,1505,1498,0.38,-0.61,0.0000,0.0000,0.0000,1
0.784,23,-44,-22,1504,1498,-0.47,-1.26,0.0000,0.0000,0.0000,1
0.802,22,-45,-22,1504,1498,-0.47,-1.26,0.0000,0.0000,0.0000,1
0.822,20,-46,-22,1504,1498,-0.47,-1.26,0.0000,0.0000,0.0000,1
0.841,18,-47,-22,1503,1498,-0.47,-1.26,0.0000,0.0000,0.0000,1
0.865,16,-48,-23,1503,1498,-0.47,-1.26,0.0000,0.0000,0.0000,1
0.883,14,-49,-23,1502,1498,-0.47,-1.26,0.0000,0.0000,0.0000,1
0.900,12,-50,-22,1502,1498,-0.47,-1.26,0.0000,0.0000,0.0000,1
0.918,11,-50,-24,1502,1498,-0.47,-1.26,0.0000,0.0000,0.0000,1
0.936,10,-50,-24,1502,1498,-0.47,-1.26,0.0000,0.0000,0.0000,1
0.954,9,-50,-24,1501,1498,-0.47,-1.26,0.0000,0.0000,0.0000,1
0.972,6,-51,-23,1501,1498,-0.47,-1.26,0.0000,0.0000,0.0000,1
0.989,5,-52,-23,1501,1498,-0.47,-1.26,0.0000,0.0000,0.0000,1
1.006,4,-53,-24,1500,1498,-0.47,-1.26,0.0000,0.0000,0.0000,1
1.024,4,-53,-24,1500,1498,-0.47,-1.26,0.0000,0.0000,0.0000,1
1.041,2,-54,-24,1500,1498,-1.44,-1.95,0.0000,0.0000,0.0000,1
1.060,1,-56,-24,1500,1498,-1.44,-1.95,0.0000,0.0000,0.0000,1
1.079,-3,-59,-24,1500,1498,-1.44,-1.95,0.0000,0.0000,0.0000,1
1.100,-5,-60,-24,1499,1498,-1.44,-1.95,0.0000,0.0000,0.0000,1
1.118,-7,-61,-24,1499,1498,-1.44,-1.95,0.0000,0.0000,0.0000,0
0.019,-9,-62,-24,1499,1498,-1.44,-1.95,0.0000,0.0000,0.0000,0
0.036,-11,-64,-24,1498,1498,-1.44,-1.95,0.0000,0.0000,0.0000,0
0.054,-13,-65,-24,1498,1498,-1.44,-1.95,0.0000,0.0000,0.0000,0
0.071,-15,-66,-25,1497,1498,-1.44,-1.95,0.0000,0.0000,0.0000,0
0.088,-18,-67,-24,1497,1498,-1.44,-1.95,0.0000,0.0000,0.0000,0
0.107,-22,-69,-25,1496,1498,-1.44,-1.95,0.0000,0.0000,0.0000,0
0.124,-24,-70,-25,1496,1498,-1.44,-1.95,0.0000,0.0000,0.0000,0
0.142,-26,-70,-25,1495,1498,-1.44,-1.95,0.0000,0.0000,0.0000,0
0.158,-27,-69,-26,1495,1498,-1.33,-2.65,0.0000,0.0000,0.0000,0
0.176,-29,-69,-24,1495,1498,-1.33,-2.65,0.0000,0.0000,0.0000,0
0.196,-30,-69,-24,1494,1498,-1.33,-2.65,0.0000,0.0000,0.0000,0
0.214,-30,-69,-24,1494,1498,-1.33,-2.65,0.0000,0.0000,0.0000,0
0.231,-32,-68,-25,1494,1498,-1.33,-2.65,0.0000,0.0000,0.0000,0
0.250,-33,-67,-25,1494,1498,-1.33,-2.65,0.0000,0.0000,0.0000,0
0.268,-33,-66,-24,1494,1498,-1.33,-2.65,0.0000,0.0000,0.0000,0
0.285,-35,-63,-24,1493,1498,-1.33,-2.65,0.0000,0.0000,0.0000,0
0.305,-36,-61,-24,1493,1498,-1.33,-2.65,0.0000,0.0000,0.0000,0
0.323,-36,-59,-24,1493,1498,-1.33,-2.65,0.0000,0.0000,0.0000,1
0.341,-36,-55,-24,1493,1498,-1.33,-2.65,0.0000,0.0000,0.0000,1
0.360,-36,-52,-25,1493,1498,-1.33,-2.65,0.0000,0.0000,0.0000,1
0.378,-36,-49,-25,1493,1498,-1.33,-2.65,0.0000,0.0000,0.0000,1
0.395,-35,-47,-25,1493,1498,-1.33,-2.65,0.0000,0.0000,0.0000,1
0.412,-34,-44,-25,1494,1498,-0.59,-1.03,0.0000,0.0000,0.0000,1
0.430,-34,-41,-24,1494,1498,-0.59,-1.03,0.0000,0.0000,0.0000,1
0.447,-34,-41,-24,1494,1498,-0.59,-1.03,0.0000,0.0000,0.0000,1
0.464,-34,-36,-23,1494,1498,-0.59,-1.03,0.0000,0.0000,0.0000,1
0.482,-34,-34,-23,1494,1498,-0.59,-1.03,0.0000,0.0000,0.0000,1
0.501,-34,-32,-22,1494,1498,-0.59,-1.03,0.0000,0.0000,0.0000,1
0.520,-35,-30,-23,1493,1498,-0.59,-1.03,0.0000,0.0000,0.0000,1
0.537,-35,-29,-23,1493,1498,-0.59,-1.03,0.0000,0.0000,0.0000,1
0.556,-36,-28,-24,1493,1498,-0.59,-1.03,0.0000,0.0000,0.0000,1
0.573,-38,-26,-23,1493,1498,-0.59,-1.03,0.0000,0.0000,0.0000,1
0.591,-38,-25,-23,1493,1498,-0.59,-1.03,0.0000,0.0000,0.0000,1
0.608,-39,-24,-23,1493,1498,-0.59,-1.03,0.0000,0.0000,0.0000,1
0.625,-39,-23,-22,1493,1498,-0.59,-1.03,0.0000,0.0000,0.0000,1
0.642,-40,-21,-22,1492,1498,-0.59,-1.03,0.0000,0.0000,0.0000,1
0.660,-40,-20,-21,1492,1498,-0.53,0.27,0.0000,0.0000,0.0000,1
0.678,-40,-20,-21,1492,1498,-0.53,0.27,0.0000,0.0000,0.0000,1
0.695,-40,-19,-21,1492,1498,-0.53,0.27,0.0000,0.0000,0.0000,1
0.712,-40,-18,-21,1492,1498,-0.53,0.27,0.0000,0.0000,0.0000,1
0.730,-40,-17,-21,1492,1498,-0.53,0.27,0.0000,0.0000,0.0000,1
0.747,-39,-17,-21,1493,1498,-0.53,0.27,0.0000,0.0000,0.0000,1
0.766,-38,-15,-20,1493,1498,-0.53,0.27,0.0000,0.0000,0.0000,1
0.784,-38,-15,-20,1493,1498,-0.53,0.27,0.0000,0.0000,0.0000,1
0.803,-37,-14,-20,1493,1498,-0.53,0.27,0.0000,0.0000,0.0000,1
0.822,-36,-14,-20,1493,1498,-0.53,0.27,0.0000,0.0000,0.0000,1
0.841,-34,-14,-20,1494,1498,-0.53,0.27,0.0000,0.0000,0.0000,1
0.859,-32,-15,-20,1494,1498,-0.53,0.27,0.0000,0.0000,0.0000,1
0.877,-31,-15,-20,1494,1498,-0.53,0.27,0.0000,0.0000,0.0000,1
0.894,-29,-16,-20,1495,1498,-0.53,0.27,0.0000,0.0000,0.0000,1
0.911,-28,-16,-20,1495,1498,-0.86,0.59,0.0000,0.0000,0.0000,1
0.929,-28,-16,-20,1495,1498,-0.86,0.59,0.0000,0.0000,0.0000,1
0.949,-25,-17,-20,1495,1498,-0.86,0.59,0.0000,0.0000,0.0000,1
0.967,-24,-17,-20,1496,1498,-0.86,0.59,0.0000,0.0000,0.0000,1
0.985,-23,-17,-20,1496,1498,-0.86,0.59,0.0000,0.0000,0.0000,1
1.003,-21,-17,-20,1496,1498,-0.86,0.59,0.0000,0.0000,0.0000,1
1.022,-21,-18,-20,1496,1498,-0.86,0.59,0.0000,0.0000,0.0000,1
1.042,-20,-18,-21,1496,1498,-0.86,0.59,0.0000,0.0000,0.0000,1
1.060,-19,-19,-21,1497,1498,-0.86,0.59,0.0000,0.0000,0.0000,1
1.079,-19,-20,-21,1497,1498,-0.86,0.59,0.0000,0.0000,0.0000,1
1.096,-19,-20,-20,1497,1498,-0.86,0.59,0.0000,0.0000,0.0000,1
1.113,-18,-20,-20,1497,1498,-0.86,0.59,0.0000,0.0000,0.0000,1
1.131,-18,-20,-19,1497,1499,-0.86,0.59,0.0000,0.0000,0.0000,1
1.148,-17,-19,-19,1497,1499,-0.86,0.59,0.0000,0.0000,0.0000,1
1.165,-16,-19,-19,1497,1499,-0.18,0.57,0.0000,0.0000,0.0000,1
1.183,-15,-19,-19,1497,1499,-0.18,0.57,0.0000,0.0000,0.0000,1
1.200,-14,-20,-20,1498,1498,-0.18,0.57,0.0000,0.0000,0.0000,1
1.219,-14,-20,-20,1498,1498,-0.18,0.57,0.0000,0.0000,0.0000,1
1.236,-13,-20,-20,1498,1498,-0.18,0.57,0.0000,0.0000,0.0000,1
1.253,-13,-21,-19,1498,1499,-0.18,0.57,0.0000,0.0000,0.0000,1
1.272,-11,-22,-19,1498,1499,-0.18,0.57,0.0000,0.0000,0.0000,1
1.292,-10,-22,-19,1498,1499,-0.18,0.57,0.0000,0.0000,0.0000,1
1.309,-10,-23,-20,1498,1498,-0.18,0.57,0.0000,0.0000,0.0000,1
1.326,-9,-23,-19,1499,1499,-0.18,0.57,0.0000,0.0000,0.0000,1
1.345,-9,-23,-19,1499,1499,-0.18,0.57,0.0000,0.0000,0.0000,1
1.362,-9,-23,-18,1499,1499,-0.18,0.57,0.0000,0.0000,0.0000,1
1.380,-9,-22,-19,1499,1499,-0.18,0.57,0.0000,0.0000,0.0000,1
1.397,-10,-22,-19,1498,1499,-0.18,0.57,0.0000,0.0000,0.0000,1
1.414,-10,-22,-20,1498,1498,0.20,0.19,0.0000,0.0000,0.0000,1
1.432,-10,-23,-20,1498,1498,0.20,0.19,0.0000,0.0000,0.0000,1
1.449,-10,-23,-19,1498,1499,0.20,0.19,0.0000,0.0000,0.0000,1
1.467,-10,-24,-19,1498,1499,0.20,0.19,0.0000,0.0000,0.0000,1
1.485,-10,-25,-19,1498,1499,0.20,0.19,0.0000,0.0000,0.0000,1
1.503,-10,-26,-19,1498,1499,0.20,0.19,0.0000,0.0000,0.0000,1
1.520,-11,-27,-20,1498,1498,0.20,0.19,0.0000,0.0000,0.0000,1
1.537,-12,-29,-20,1498,1498,0.20,0.19,0.0000,0.0000,0.0000,1
1.555,-12,-30,-20,1498,1498,0.20,0.19,0.0000,0.0000,0.0000,1
1.572,-12,-31,-19,1498,1499,0.20,0.19,0.0000,0.0000,0.0000,1
1.589,-13,-33,-19,1498,1499,0.20,0.19,0.0000,0.0000,0.0000,1
1.606,-13,-34,-20,1498,1498,0.20,0.19,0.0000,0.0000,0.0000,1
1.623,-14,-34,-20,1498,1498,0.20,0.19,0.0000,0.0000,0.0000,1
1.640,-14,-35,-20,1498,1498,0.20,0.19,0.0000,0.0000,0.0000,1
1.658,-14,-35,-20,1498,1498,0.15,-0.80,0.0000,0.0000,0.0000,1
1.675,-14,-35,-20,1498,1498,0.15,-0.80,0.0000,0.0000,0.0000,1
1.693,-14,-35,-19,1498,1499,0.15,-0.80,0.0000,0.0000,0.0000,1
1.711,-14,-35,-19,1498,1499,0.15,-0.80,0.0000,0.0000,0.0000,1
1.729,-14,-35,-20,1498,1498,0.15,-0.80,0.0000,0.0000,0.0000,1
1.746,-14,-35,-21,1498,1498,0.15,-0.80,0.0000,0.0000,0.0000,1
1.763,-15,-34,-22,1497,1498,0.15,-0.80,0.0000,0.0000,0.0000,1
1.782,-15,-34,-21,1497,1498,0.15,-0.80,0.0000,0.0000,0.0000,1
1.799,-16,-33,-20,1497,1498,0.15,-0.80,0.0000,0.0000,0.0000,1
1.821,-18,-32,-20,1497,1498,0.15,-0.80,0.0000,0.0000,0.0000,1
1.839,-18,-31,-21,1497,1498,0.15,-0.80,0.0000,0.0000,0.0000,1
1.856,-19,-30,-21,1497,1498,0.15,-0.80,0.0000,0.0000,0.0000,1
1.873,-20,-28,-22,1496,1498,0.15,-0.80,0.0000,0.0000,0.0000,1
1.891,-21,-27,-21,1496,1498,0.15,-0.80,0.0000,0.0000,0.0000,1
1.908,-22,-25,-20,1496,1498,-0.19,-0.29,0.0000,0.0000,0.0000,1
1.926,-23,-23,-20,1496,1498,-0.19,-0.29,0.0000,0.0000,0.0000,1
1.944,-23,-23,-20,1496,1498,-0.19,-0.29,0.0000,0.0000,0.0000,1
1.961,-24,-21,-20,1496,1498,-0.19,-0.29,0.0000,0.0000,0.0000,1
1.980,-27,-17,-21,1495,1498,-0.19,-0.29,0.0000,0.0000,0.0000,1
1.997,-28,-16,-21,1495,1498,-0.19,-0.29,0.0000,0.0000,0.0000,1
2.014,-29,-15,-21,1495,1498,-0.19,-0.29,0.0000,0.0000,0.0000,1
2.033,-31,-14,-20,1494,1498,-0.19,-0.29,0.0000,0.0000,0.0000,1
2.051,-33,-13,-21,1494,1498,-0.19,-0.29,0.0000,0.0000,0.0000,1
2.069,-35,-13,-21,1493,1498,-0.19,-0.29,0.0000,0.0000,0.0000,1
2.087,-38,-12,-21,1493,1498,-0.19,-0.29,0.0000,0.0000,0.0000,1
2.108,-40,-13,-21,1492,1498,-0.19,-0.29,0.0000,0.0000,0.0000,1
2.126,-42,-13,-21,1492,1498,-0.19,-0.29,0.0000,0.0000,0.0000,1
2.143,-44,-13,-21,1492,1498,-0.19,-0.29,0.0000,0.0000,0.0000,1
2.160,-46,-14,-21,1491,1498,-0.59,-0.06,0.0000,0.0000,0.0000,1
2.177,-48,-14,-22,1491,1498,-0.59,-0.06,0.0000,0.0000,0.0000,1
2.194,-50,-14,-22,1490,1498,-0.59,-0.06,0.0000,0.0000,0.0000,1
2.211,-53,-14,-23,1485,1498,-0.59,-0.06,0.0000,0.0000,0.0000,1
2.232,-55,-15,-23,1484,1498,-0.59,-0.06,0.0000,0.0000,0.0000,1
2.250,-57,-15,-23,1483,1498,-0.59,-0.06,0.0000,0.0000,0.0000,1
2.268,-60,-16,-24,1482,1498,-0.59,-0.06,0.0000,0.0000,0.0000,1
2.288,-62,-16,-23,1482,1498,-0.59,-0.06,0.0000,0.0000,0.0000,0
0.019,-66,-17,-22,1481,1498,-0.59,-0.06,0.0000,0.0000,0.0000,0
0.039,-68,-17,-23,1480,1498,-0.59,-0.06,0.0000,0.0000,0.0000,0
0.056,-70,-18,-23,1479,1498,-0.59,-0.06,0.0000,0.0000,0.0000,0
0.074,-72,-19,-23,1479,1498,-0.59,-0.06,0.0000,0.0000,0.0000,0
0.091,-73,-20,-22,1479,1498,-0.59,-0.06,0.0000,0.0000,0.0000,0
0.109,-73,-21,-22,1479,1498,-0.59,-0.06,0.0000,0.0000,0.0000,0
0.126,-74,-22,-23,1478,1498,-1.04,-0.58,0.0000,0.0000,0.0000,0
0.143,-75,-23,-23,1478,1498,-1.04,-0.58,0.0000,0.0000,0.0000,0
0.160,-75,-24,-24,1478,1498,-1.04,-0.58,0.0000,0.0000,0.0000,0
0.178,-76,-25,-23,1478,1498,-1.04,-0.58,0.0000,0.0000,0.0000,0
0.196,-76,-26,-24,1478,1498,-1.04,-0.58,0.0000,0.0000,0.0000,0
0.213,-76,-27,-24,1478,1498,-1.04,-0.58,0.0000,0.0000,0.0000,0
0.231,-76,-28,-25,1478,1498,-1.04,-0.58,0.0000,0.0000,0.0000,0
0.248,-76,-29,-25,1478,1498,-1.04,-0.58,0.0000,0.0000,0.0000,0
0.267,-75,-31,-25,1478,1498,-1.04,-0.58,0.0000,0.0000,0.0000,0
0.284,-75,-32,-26,1478,1498,-1.04,-0.58,0.0000,0.0000,0.0000,0
0.301,-74,-32,-26,1478,1498,-1.04,-0.58,0.0000,0.0000,0.0000,0
0.318,-73,-32,-26,1479,1498,-1.04,-0.58,0.0000,0.0000,0.0000,0
0.335,-72,-33,-27,1479,1498,-1.04,-0.58,0.0000,0.0000,0.0000,0
0.354,-71,-33,-26,1479,1498,-1.04,-0.58,0.0000,0.0000,0.0000,0
0.372,-70,-33,-26,1479,1498,-1.47,-1.06,0.0000,0.0000,0.0000,0
0.391,-70,-34,-26,1479,1498,-1.47,-1.06,0.0000,0.0000,0.0000,0
0.409,-69,-34,-26,1480,1498,-1.47,-1.06,0.0000,0.0000,0.0000,0
0.427,-68,-35,-26,1480,1498,-1.47,-1.06,0.0000,0.0000,0.0000,0
0.446,-68,-35,-26,1480,1498,-1.47,-1.06,0.0000,0.0000,0.0000,0
0.464,-66,-35,-27,1481,1498,-1.47,-1.06,0.0000,0.0000,0.0000,0
0.481,-65,-36,-27,1481,1498,-1.47,-1.06,0.0000,0.0000,0.0000,0
0.498,-64,-36,-27,1481,1498,-1.47,-1.06,0.0000,0.0000,0.0000,0
0.516,-63,-37,-27,1482,1498,-1.47,-1.06,0.0000,0.0000,0.0000,0
0.534,-62,-37,-26,1482,1498,-1.47,-1.06,0.0000,0.0000,0.0000,0
0.551,-60,-38,-26,1482,1498,-1.47,-1.06,0.0000,0.0000,0.0000,1
0.568,-59,-38,-26,1483,1498,-1.47,-1.06,0.0000,0.0000,0.0000,1
0.585,-58,-38,-27,1483,1498,-1.47,-1.06,0.0000,0.0000,0.0000,1
0.603,-57,-39,-28,1483,1498,-1.47,-1.06,0.0000,0.0000,0.0000,1
0.620,-55,-39,-29,1484,1498,-1.62,-1.35,0.0000,0.0000,0.0000,1
0.638,-54,-39,-29,1484,1498,-1.62,-1.35,0.0000,0.0000,0.0000,1
0.657,-52,-39,-29,1485,1498,-1.62,-1.35,0.0000,0.0000,0.0000,1
0.676,-50,-39,-28,1490,1498,-1.62,-1.35,0.0000,0.0000,0.0000,1
0.694,-48,-39,-29,1491,1498,-1.62,-1.35,0.0000,0.0000,0.0000,1
0.712,-46,-40,-29,1491,1498,-1.62,-1.35,0.0000,0.0000,0.0000,1
0.730,-43,-40,-29,1492,1498,-1.62,-1.35,0.0000,0.0000,0.0000,1
0.748,-43,-40,-29,1492,1498,-1.62,-1.35,0.0000,0.0000,0.0000,1
0.765,-41,-40,-29,1492,1498,-1.62,-1.35,0.0000,0.0000,0.0000,1
0.782,-39,-39,-28,1493,1498,-1.62,-1.35,0.0000,0.0000,0.0000,1
0.800,-38,-38,-29,1493,1498,-1.62,-1.35,0.0000,0.0000,0.0000,1
0.817,-37,-38,-29,1493,1498,-1.62,-1.35,0.0000,0.0000,0.0000,1
0.834,-36,-37,-29,1493,1498,-1.62,-1.35,0.0000,0.0000,0.0000,1
0.851,-35,-36,-29,1493,1498,-1.62,-1.35,0.0000,0.0000,0.0000,1
0.868,-34,-35,-29,1494,1498,-1.57,-1.25,0.0000,0.0000,0.0000,1
0.886,-33,-35,-29,1494,1498,-1.57,-1.25,0.0000,0.0000,0.0000,1
0.904,-32,-34,-30,1494,1497,-1.57,-1.25,0.0000,0.0000,0.0000,1
0.922,-31,-34,-31,1494,1497,-1.57,-1.25,0.0000,0.0000,0.0000,0
0.017,-29,-33,-30,1495,1497,-1.57,-1.25,0.0000,0.0000,0.0000,1
0.035,-29,-33,-30,1495,1497,-1.57,-1.25,0.0000,0.0000,0.0000,1
0.054,-28,-33,-29,1495,1498,-1.57,-1.25,0.0000,0.0000,0.0000,1
0.072,-28,-32,-29,1495,1498,-1.57,-1.25,0.0000,0.0000,0.0000,1
0.090,-28,-32,-29,1495,1498,-1.57,-1.25,0.0000,0.0000,0.0000,1
0.110,-28,-31,-30,1495,1497,-1.57,-1.25,0.0000,0.0000,0.0000,1
0.128,-29,-31,-30,1495,1497,-1.57,-1.25,0.0000,0.0000,0.0000,1
0.146,-29,-31,-29,1495,1498,-1.57,-1.25,0.0000,0.0000,0.0000,1
0.163,-30,-31,-30,1494,1497,-1.57,-1.25,0.0000,0.0000,0.0000,1
0.180,-31,-31,-30,1494,1497,-1.57,-1.25,0.0000,0.0000,0.0000,1
0.197,-33,-32,-30,1494,1497,0.28,-1.52,0.0000,0.0000,0.0000,1
0.215,-33,-32,-30,1494,1497,0.28,-1.52,0.0000,0.0000,0.0000,1
0.232,-33,-32,-30,1494,1497,0.28,-1.52,0.0000,0.0000,0.0000,1
0.251,-38,-33,-30,1493,1497,0.28,-1.52,0.0000,0.0000,0.0000,1
0.269,-40,-34,-30,1492,1497,0.28,-1.52,0.0000,0.0000,0.0000,1
0.289,-42,-34,-30,1492,1497,0.28,-1.52,0.0000,0.0000,0.0000,1
0.306,-45,-34,-30,1491,1497,0.28,-1.52,0.0000,0.0000,0.0000,1
0.325,-46,-34,-31,1491,1497,0.28,-1.52,0.0000,0.0000,0.0000,0
0.020,-50,-33,-31,1490,1497,0.28,-1.52,0.0000,0.0000,0.0000,0
0.038,-51,-32,-32,1485,1497,0.28,-1.52,0.0000,0.0000,0.0000,0
0.055,-52,-31,-30,1485,1497,0.28,-1.52,0.0000,0.0000,0.0000,1
0.074,-53,-28,-30,1485,1497,0.28,-1.52,0.0000,0.0000,0.0000,1
0.091,-52,-27,-30,1485,1497,0.28,-1.52,0.0000,0.0000,0.0000,1
0.109,-52,-25,-30,1485,1497,0.28,-1.52,0.0000,0.0000,0.0000,1
0.126,-51,-23,-31,1485,1497,0.15,-1.04,0.0000,0.0000,0.0000,0
0.018,-50,-21,-31,1490,1497,0.15,-1.04,0.0000,0.0000,0.0000,0
0.039,-49,-19,-31,1491,1497,0.15,-1.04,0.0000,0.0000,0.0000,0
0.057,-47,-17,-32,1491,1497,0.15,-1.04,0.0000,0.0000,0.0000,0
0.077,-46,-15,-31,1491,1497,0.15,-1.04,0.0000,0.0000,0.0000,0
0.095,-44,-13,-31,1492,1497,0.15,-1.04,0.0000,0.0000,0.0000,0
0.114,-42,-12,-31,1492,1497,0.15,-1.04,0.0000,0.0000,0.0000,0
0.131,-38,-8,-31,1493,1497,0.15,-1.04,0.0000,0.0000,0.0000,0
0.148,-36,-6,-30,1493,1497,0.15,-1.04,0.0000,0.0000,0.0000,1
0.166,-34,-5,-31,1494,1497,0.15,-1.04,0.0000,0.0000,0.0000,0
0.017,-32,-4,-31,1494,1497,0.15,-1.04,0.0000,0.0000,0.0000,0
0.034,-30,-2,-32,1494,1497,0.15,-1.04,0.0000,0.0000,0.0000,0
0.052,-28,-1,-32,1495,1497,0.15,-1.04,0.0000,0.0000,0.0000,0
0.072,-26,0,-32,1495,1497,0.15,-1.04,0.0000,0.0000,0.0000,0
0.090,-25,2,-33,1495,1497,-0.18,0.04,0.0000,0.0000,0.0000,0
0.110,-23,3,-32,1496,1497,-0.18,0.04,0.0000,0.0000,0.0000,0
0.128,-21,3,-32,1496,1497,-0.18,0.04,0.0000,0.0000,0.0000,0
0.145,-20,4,-31,1496,1497,-0.18,0.04,0.0000,0.0000,0.0000,0
0.163,-19,4,-31,1497,1497,-0.18,0.04,0.0000,0.0000,0.0000,0
0.182,-17,5,-32,1497,1497,-0.18,0.04,0.0000,0.0000,0.0000,0
0.200,-15,6,-31,1497,1497,-0.18,0.04,0.0000,0.0000,0.0000,0
0.219,-15,6,-31,1497,1497,-0.18,0.04,0.0000,0.0000,0.0000,0
0.236,-14,5,-31,1498,1497,-0.18,0.04,0.0000,0.0000,0.0000,0
0.256,-14,5,-31,1498,1497,-0.18,0.04,0.0000,0.0000,0.0000,0
0.275,-13,3,-32,1498,1497,-0.18,0.04,0.0000,0.0000,0.0000,0
0.292,-13,3,-32,1498,1497,-0.18,0.04,0.0000,0.0000,0.0000,0
0.309,-13,2,-32,1498,1497,-0.18,0.04,0.0000,0.0000,0.0000,0
0.327,-13,1,-32,1498,1497,-0.12,-0.42,0.0000,0.0000,0.0000,0
0.344,-13,-1,-33,1498,1497,-0.12,-0.42,0.0000,0.0000,0.0000,0
0.363,-14,-2,-33,1498,1497,-0.12,-0.42,0.0000,0.0000,0.0000,0
0.381,-14,-4,-33,1498,1497,-0.12,-0.42,0.0000,0.0000,0.0000,0
0.398,-14,-5,-33,1498,1497,-0.12,-0.42,0.0000,0.0000,0.0000,0
0.416,-14,-5,-33,1498,1497,-0.12,-0.42,0.0000,0.0000,0.0000,0
0.434,-14,-6,-33,1498,1497,-0.12,-0.42,0.0000,0.0000,0.0000,0
0.452,-13,-6,-33,1498,1497,-0.12,-0.42,0.0000,0.0000,0.0000,0
0.469,-13,-7,-33,1498,1497,-0.12,-0.42,0.0000,0.0000,0.0000,0
0.487,-12,-7,-33,1498,1497,-0.12,-0.42,0.0000,0.0000,0.0000,0
0.504,-12,-7,-33,1498,1497,-0.12,-0.42,0.0000,0.0000,0.0000,0
0.523,-12,-7,-33,1498,1497,-0.12,-0.42,0.0000,0.0000,0.0000,0
0.541,-11,-6,-33,1498,1497,-0.12,-0.42,0.0000,0.0000,0.0000,0
0.558,-10,-6,-33,1498,1497,-0.12,-0.42,0.0000,0.0000,0.0000,0
0.576,-10,-6,-33,1498,1497,0.21,-1.12,0.0000,0.0000,0.0000,0
0.594,-10,-7,-34,1498,1497,0.21,-1.12,0.0000,0.0000,0.0000,0
0.612,-9,-7,-34,1499,1497,0.21,-1.12,0.0000,0.0000,0.0000,0
0.629,-8,-8,-33,1499,1497,0.21,-1.12,0.0000,0.0000,0.0000,0
0.647,-7,-8,-34,1499,1497,0.21,-1.12,0.0000,0.0000,0.0000,0
0.665,-6,-8,-35,1499,1497,0.21,-1.12,0.0000,0.0000,0.0000,0
0.682,-5,-8,-36,1499,1497,0.21,-1.12,0.0000,0.0000,0.0000,0
0.699,-3,-8,-36,1500,1497,0.21,-1.12,0.0000,0.0000,0.0000,0
0.717,-2,-8,-37,1500,1497,0.21,-1.12,0.0000,0.0000,0.0000,0
0.735,2,-8,-36,1500,1497,0.21,-1.12,0.0000,0.0000,0.0000,0
0.753,3,-7,-35,1500,1497,0.21,-1.12,0.0000,0.0000,0.0000,0
0.770,4,-7,-34,1500,1497,0.21,-1.12,0.0000,0.0000,0.0000,0
0.787,5,-7,-34,1501,1497,0.21,-1.12,0.0000,0.0000,0.0000,0
0.804,6,-6,-34,1501,1497,0.21,-1.12,0.0000,0.0000,0.0000,0
0.822,7,-6,-35,1501,1497,0.33,-1.22,0.0000,0.0000,0.0000,0
0.840,7,-5,-36,1501,1497,0.33,-1.22,0.0000,0.0000,0.0000,0
0.860,8,-5,-36,1501,1497,0.33,-1.22,0.0000,0.0000,0.0000,0
0.877,8,-5,-35,1501,1497,0.33,-1.22,0.0000,0.0000,0.0000,0
0.895,9,-4,-34,1501,1497,0.33,-1.22,0.0000,0.0000,0.0000,0
0.912,8,-4,-36,1501,1497,0.33,-1.22,0.0000,0.0000,0.0000,0
0.930,8,-4,-36,1501,1497,0.33,-1.22,0.0000,0.0000,0.0000,0
0.949,6,-6,-34,1501,1497,0.33,-1.22,0.0000,0.0000,0.0000,0
0.966,6,-7,-36,1501,1497,0.33,-1.22,0.0000,0.0000,0.0000,0
0.984,5,-8,-35,1501,1497,0.33,-1.22,0.0000,0.0000,0.0000,0
1.002,3,-9,-35,1500,1497,0.33,-1.22,0.0000,0.0000,0.0000,0
1.020,2,-10,-35,1500,1497,0.33,-1.22,0.0000,0.0000,0.0000,0
1.037,1,-11,-35,1500,1497,0.33,-1.22,0.0000,0.0000,0.0000,0
1.054,0,-12,-36,1500,1497,0.33,-1.22,0.0000,0.0000,0.0000,0
1.072,-1,-13,-37,1500,1497,0.33,-1.22,0.0000,0.0000,0.0000,0
1.089,-1,-14,-36,1500,1497,0.58,-1.92,0.0000,0.0000,0.0000,0
1.106,-2,-14,-36,1500,1497,0.58,-1.92,0.0000,0.0000,0.0000,0
1.123,-2,-14,-35,1500,1497,0.58,-1.92,0.0000,0.0000,0.0000,0
1.140,-2,-14,-36,1500,1497,0.58,-1.92,0.0000,0.0000,0.0000,0
1.158,-2,-14,-36,1500,1497,0.58,-1.92,0.0000,0.0000,0.0000,0
1.175,-1,-13,-36,1500,1497,0.58,-1.92,0.0000,0.0000,0.0000,0
1.193,0,-12,-36,1500,1497,0.58,-1.92,0.0000,0.0000,0.0000,0
1.215,1,-11,-36,1500,1497,0.58,-1.92,0.0000,0.0000,0.0000,0
1.232,2,-11,-37,1500,1497,0.58,-1.92,0.0000,0.0000,0.0000,0
1.250,3,-11,-37,1500,1497,0.58,-1.92,0.0000,0.0000,0.0000,0
1.267,4,-11,-36,1500,1497,0.58,-1.92,0.0000,0.0000,0.0000,0
1.285,4,-11,-36,1500,1497,0.58,-1.92,0.0000,0.0000,0.0000,0
1.303,5,-10,-37,1501,1497,0.58,-1.92,0.0000,0.0000,0.0000,0
1.321,6,-10,-37,1501,1497,-0.69,-1.54,0.0000,0.0000,0.0000,0
1.338,7,-9,-37,1501,1497,-0.69,-1.54,0.0000,0.0000,0.0000,0
1.356,7,-9,-36,1501,1497,-0.69,-1.54,0.0000,0.0000,0.0000,0
1.373,8,-9,-37,1501,1497,-0.69,-1.54,0.0000,0.0000,0.0000,0
1.390,8,-9,-37,1501,1497,-0.69,-1.54,0.0000,0.0000,0.0000,0
1.408,9,-9,-38,1501,1497,-0.69,-1.54,0.0000,0.0000,0.0000,0
1.425,10,-10,-37,1502,1497,-0.69,-1.54,0.0000,0.0000,0.0000,0
1.442,10,-11,-37,1502,1497,-0.69,-1.54,0.0000,0.0000,0.0000,0
1.460,10,-13,-38,1502,1497,-0.69,-1.54,0.0000,0.0000,0.0000,0
1.477,10,-13,-38,1502,1497,-0.69,-1.54,0.0000,0.0000,0.0000,0
1.495,11,-14,-38,1502,1497,-0.69,-1.54,0.0000,0.0000,0.0000,0
1.512,11,-15,-37,1502,1497,-0.69,-1.54,0.0000,0.0000,0.0000,0
1.529,11,-15,-38,1502,1497,-0.69,-1.54,0.0000,0.0000,0.0000,0
1.547,11,-15,-38,1502,1497,-0.69,-1.54,0.0000,0.0000,0.0000,0
1.565,11,-15,-38,1502,1497,-0.69,-1.54,0.0000,0.0000,0.0000,0
1.582,11,-16,-37,1502,1497,-1.56,-1.85,0.0000,0.0000,0.0000,0
1.601,11,-16,-38,1502,1497,-1.56,-1.85,0.0000,0.0000,0.0000,0
1.619,12,-17,-39,1502,1497,-1.56,-1.85,0.0000,0.0000,0.0000,0
1.637,12,-17,-39,1502,1497,-1.56,-1.85,0.0000,0.0000,0.0000,0
1.657,12,-18,-38,1502,1497,-1.56,-1.85,0.0000,0.0000,0.0000,0
1.675,13,-19,-38,1502,1497,-1.56,-1.85,0.0000,0.0000,0.0000,0
1.692,13,-18,-38,1502,1497,-1.56,-1.85,0.0000,0.0000,0.0000,0
1.710,14,-18,-38,1502,1497,-1.56,-1.85,0.0000,0.0000,0.0000,0
1.727,14,-18,-38,1502,1497,-1.56,-1.85,0.0000,0.0000,0.0000,0
1.745,15,-18,-38,1503,1497,-1.56,-1.85,0.0000,0.0000,0.0000,0
1.762,15,-19,-38,1503,1497,-1.56,-1.85,0.0000,0.0000,0.0000,0
1.779,15,-18,-39,1503,1497,-1.56,-1.85,0.0000,0.0000,0.0000,0
1.797,15,-18,-39,1503,1497,-1.56,-1.85,0.0000,0.0000,0.0000,0
1.814,16,-18,-39,1503,1497,-1.56,-1.85,0.0000,0.0000,0.0000,0
1.831,17,-20,-39,1503,1497,-1.71,-2.36,0.0000,0.0000,0.0000,0
1.848,18,-22,-39,1503,1497,-1.71,-2.36,0.0000,0.0000,0.0000,0
1.865,18,-24,-40,1503,1496,-1.71,-2.36,0.0000,0.0000,0.0000,0
1.883,19,-25,-40,1503,1496,-1.71,-2.36,0.0000,0.0000,0.0000,0
1.900,20,-25,-39,1504,1497,-1.71,-2.36,0.0000,0.0000,0.0000,0
1.917,20,-24,-39,1504,1497,-1.71,-2.36,0.0000,0.0000,0.0000,0
1.935,21,-22,-40,1504,1496,-1.71,-2.36,0.0000,0.0000,0.0000,0
1.952,21,-22,-40,1504,1496,-1.71,-2.36,0.0000,0.0000,0.0000,0
1.970,22,-21,-40,1504,1496,-1.71,-2.36,0.0000,0.0000,0.0000,0
1.988,23,-21,-40,1504,1496,-1.71,-2.36,0.0000,0.0000,0.0000,0
2.006,24,-20,-41,1504,1496,-1.71,-2.36,0.0000,0.0000,0.0000,0
2.023,25,-18,-41,1505,1496,-1.71,-2.36,0.0000,0.0000,0.0000,0
2.042,27,-17,-41,1505,1496,-1.71,-2.36,0.0000,0.0000,0.0000,0
2.059,28,-17,-41,1505,1496,-1.71,-2.36,0.0000,0.0000,0.0000,0
2.077,29,-17,-40,1505,1496,-0.81,-2.28,0.0000,0.0000,0.0000,0
2.094,29,-17,-41,1505,1496,-0.81,-2.28,0.0000,0.0000,0.0000,0
2.112,30,-19,-41,1506,1496,-0.81,-2.28,0.0000,0.0000,0.0000,0
2.130,30,-19,-41,1506,1496,-0.81,-2.28,0.0000,0.0000,0.0000,0
2.147,31,-19,-40,1506,1496,-0.81,-2.28,0.0000,0.0000,0.0000,0
2.165,31,-21,-41,1506,1496,-0.81,-2.28,0.0000,0.0000,0.0000,0
2.182,31,-23,-40,1506,1496,-0.81,-2.28,0.0000,0.0000,0.0000,0
2.200,31,-24,-40,1506,1496,-0.81,-2.28,0.0000,0.0000,0.0000,0
2.219,31,-24,-40,1506,1496,-0.81,-2.28,0.0000,0.0000,0.0000,0
2.236,31,-24,-40,1506,1496,-0.81,-2.28,0.0000,0.0000,0.0000,0
2.254,31,-24,-40,1506,1496,-0.81,-2.28,0.0000,0.0000,0.0000,0
2.271,31,-23,-40,1506,1496,-0.81,-2.28,0.0000,0.0000,0.0000,0
2.289,31,-22,-40,1506,1496,-0.81,-2.28,0.0000,0.0000,0.0000,0
2.308,32,-21,-40,1506,1496,-0.81,-2.28,0.0000,0.0000,0.0000,0
2.326,32,-20,-40,1506,1496,-0.17,-2.29,0.0000,0.0000,0.0000,0
2.344,31,-18,-40,1506,1496,-0.17,-2.29,0.0000,0.0000,0.0000,0
2.363,31,-18,-40,1506,1496,-0.17,-2.29,0.0000,0.0000,0.0000,0
2.382,31,-17,-41,1506,1496,-0.17,-2.29,0.0000,0.0000,0.0000,0
2.399,31,-16,-41,1506,1496,-0.17,-2.29,0.0000,0.0000,0.0000,0
2.417,31,-16,-41,1506,1496,-0.17,-2.29,0.0000,0.0000,0.0000,0
2.434,31,-15,-41,1506,1496,-0.17,-2.29,0.0000,0.0000,0.0000,0
2.453,32,-15,-40,1506,1496,-0.17,-2.29,0.0000,0.0000,0.0000,0
2.471,32,-14,-41,1506,1496,-0.17,-2.29,0.0000,0.0000,0.0000,0
2.490,32,-13,-42,1506,1496,-0.17,-2.29,0.0000,0.0000,0.0000,0
2.510,32,-11,-40,1506,1496,-0.17,-2.29,0.0000,0.0000,0.0000,0
2.530,33,-10,-41,1506,1496,-0.17,-2.29,0.0000,0.0000,0.0000,0
2.547,34,-9,-41,1506,1496,-0.17,-2.29,0.0000,0.0000,0.0000,0
2.564,34,-8,-41,1506,1496,-0.17,-2.29,0.0000,0.0000,0.0000,0
2.582,34,-7,-41,1506,1496,-0.32,-1.86,0.0000,0.0000,0.0000,0
2.599,35,-5,-42,1507,1496,-0.32,-1.86,0.0000,0.0000,0.0000,0
2.616,36,-5,-42,1507,1496,-0.32,-1.86,0.0000,0.0000,0.0000,0
2.635,37,-6,-42,1507,1496,-0.32,-1.86,0.0000,0.0000,0.0000,0
2.653,37,-8,-42,1507,1496,-0.32,-1.86,0.0000,0.0000,0.0000,0
2.670,38,-12,-42,1507,1496,-0.32,-1.86,0.0000,0.0000,0.0000,0
2.689,38,-15,-42,1507,1496,-0.32,-1.86,0.0000,0.0000,0.0000,0
2.706,39,-17,-41,1507,1496,-0.32,-1.86,0.0000,0.0000,0.0000,0
2.729,39,-17,-43,1507,1496,-0.32,-1.86,0.0000,0.0000,0.0000,0
2.746,40,-18,-42,1508,1496,-0.32,-1.86,0.0000,0.0000,0.0000,0
2.764,41,-19,-41,1508,1496,-0.32,-1.86,0.0000,0.0000,0.0000,0
2.781,41,-18,-41,1508,1496,-0.32,-1.86,0.0000,0.0000,0.0000,0
2.799,42,-18,-42,1508,1496,-0.32,-1.86,0.0000,0.0000,0.0000,0
2.816,43,-16,-42,1508,1496,-0.32,-1.86,0.0000,0.0000,0.0000,0
2.833,43,-16,-41,1508,1496,0.09,-1.91,0.0000,0.0000,0.0000,0
2.850,43,-16,-41,1508,1496,0.09,-1.91,0.0000,0.0000,0.0000,0
2.868,43,-16,-41,1508,1496,0.09,-1.91,0.0000,0.0000,0.0000,0
2.886,44,-16,-41,1508,1496,0.09,-1.91,0.0000,0.0000,0.0000,0
2.903,44,-15,-41,1508,1496,0.09,-1.91,0.0000,0.0000,0.0000,0
2.921,43,-11,-39,1508,1497,0.09,-1.91,0.0000,0.0000,0.0000,0
2.938,42,-9,-40,1508,1496,0.09,-1.91,0.0000,0.0000,0.0000,0
2.956,42,-8,-40,1508,1496,0.09,-1.91,0.0000,0.0000,0.0000,0
2.974,41,-9,-40,1508,1496,0.09,-1.91,0.0000,0.0000,0.0000,0
2.993,39,-11,-39,1507,1497,0.09,-1.91,0.0000,0.0000,0.0000,0
3.011,34,-13,-39,1506,1497,0.09,-1.91,0.0000,0.0000,0.0000,0
3.028,32,-14,-39,1506,1497,0.09,-1.91,0.0000,0.0000,0.0000,0
3.045,30,-14,-39,1506,1497,0.09,-1.91,0.0000,0.0000,0.0000,0
3.062,28,-14,-39,1505,1497,0.09,-1.91,0.0000,0.0000,0.0000,0
3.080,28,-14,-39,1505,1497,-0.35,-1.91,0.0000,0.0000,0.0000,0
3.098,25,-14,-39,1505,1497,-0.35,-1.91,0.0000,0.0000,0.0000,0
3.117,23,-14,-39,1504,1497,-0.35,-1.91,0.0000,0.0000,0.0000,0
3.134,21,-14,-39,1504,1497,-0.35,-1.91,0.0000,0.0000,0.0000,0
3.151,20,-15,-39,1504,1497,-0.35,-1.91,0.0000,0.0000,0.0000,0
3.169,18,-16,-39,1503,1497,-0.35,-1.91,0.0000,0.0000,0.0000,0
3.187,17,-16,-40,1503,1496,-0.35,-1.91,0.0000,0.0000,0.0000,0
3.205,16,-16,-40,1503,1496,-0.35,-1.91,0.0000,0.0000,0.0000,0
3.222,14,-17,-40,1502,1496,-0.35,-1.91,0.0000,0.0000,0.0000,0
3.239,14,-17,-38,1502,1497,-0.35,-1.91,0.0000,0.0000,0.0000,0
3.257,12,-17,-38,1502,1497,-0.35,-1.91,0.0000,0.0000,0.0000,0
3.274,11,-17,-38,1502,1497,-0.35,-1.91,0.0000,0.0000,0.0000,0
3.291,10,-17,-39,1502,1497,-0.35,-1.91,0.0000,0.0000,0.0000,0
3.308,10,-17,-38,1502,1497,-0.35,-1.91,0.0000,0.0000,0.0000,0
3.325,10,-17,-38,1502,1497,-0.29,-2.13,0.0000,0.0000,0.0000,0
3.343,10,-17,-38,1502,1497,-0.29,-2.13,0.0000,0.0000,0.0000,0
3.362,9,-16,-37,1501,1497,-0.29,-2.13,0.0000,0.0000,0.0000,0
3.385,9,-16,-37,1501,1497,-0.29,-2.13,0.0000,0.0000,0.0000,0
3.403,10,-16,-37,1502,1497,-0.29,-2.13,0.0000,0.0000,0.0000,0
3.421,10,-18,-37,1502,1497,-0.29,-2.13,0.0000,0.0000,0.0000,0
3.439,11,-18,-37,1502,1497,-0.29,-2.13,0.0000,0.0000,0.0000,0
3.456,11,-18,-36,1502,1497,-0.29,-2.13,0.0000,0.0000,0.0000,0
3.473,12,-19,-36,1502,1497,-0.29,-2.13,0.0000,0.0000,0.0000,0
3.490,13,-19,-37,1502,1497,-0.29,-2.13,0.0000,0.0000,0.0000,0
3.508,14,-19,-37,1502,1497,-0.29,-2.13,0.0000,0.0000,0.0000,0
3.525,15,-18,-37,1503,1497,-0.29,-2.13,0.0000,0.0000,0.0000,0
3.542,16,-17,-38,1503,1497,-0.29,-2.13,0.0000,0.0000,0.0000,0
3.559,17,-16,-37,1503,1497,-0.29,-2.13,0.0000,0.0000,0.0000,0
3.576,19,-14,-36,1503,1497,0.49,-1.87,0.0000,0.0000,0.0000,0
3.593,20,-13,-36,1504,1497,0.49,-1.87,0.0000,0.0000,0.0000,0
3.610,20,-13,-36,1504,1497,0.49,-1.87,0.0000,0.0000,0.0000,0
3.629,22,-12,-35,1504,1497,0.49,-1.87,0.0000,0.0000,0.0000,0
3.647,24,-10,-35,1504,1497,0.49,-1.87,0.0000,0.0000,0.0000,0
3.666,26,-9,-34,1505,1497,0.49,-1.87,0.0000,0.0000,0.0000,0
3.685,28,-7,-34,1505,1497,0.49,-1.87,0.0000,0.0000,0.0000,0
3.702,29,-6,-34,1505,1497,0.49,-1.87,0.0000,0.0000,0.0000,0
3.719,31,-6,-34,1506,1497,0.49,-1.87,0.0000,0.0000,0.0000,0
3.736,34,-3,-34,1506,1497,0.49,-1.87,0.0000,0.0000,0.0000,0
3.755,35,-2,-33,1507,1497,0.49,-1.87,0.0000,0.0000,0.0000,0
3.772,37,0,-34,1507,1497,0.49,-1.87,0.0000,0.0000,0.0000,0
3.790,38,2,-34,1507,1497,0.49,-1.87,0.0000,0.0000,0.0000,0
3.808,39,3,-34,1507,1497,0.49,-1.87,0.0000,0.0000,0.0000,0
3.825,39,4,-33,1507,1497,0.67,-0.66,0.0000,0.0000,0.0000,0
3.842,39,4,-33,1507,1497,0.67,-0.66,0.0000,0.0000,0.0000,0
3.860,40,4,-33,1508,1497,0.67,-0.66,0.0000,0.0000,0.0000,0
3.877,40,4,-33,1508,1497,0.67,-0.66,0.0000,0.0000,0.0000,0
3.895,41,5,-32,1508,1497,0.67,-0.66,0.0000,0.0000,0.0000,0
3.912,41,5,-32,1508,1497,0.67,-0.66,0.0000,0.0000,0.0000,0
3.931,41,6,-32,1508,1497,0.67,-0.66,0.0000,0.0000,0.0000,0
3.950,41,6,-31,1508,1497,0.67,-0.66,0.0000,0.0000,0.0000,0
3.969,42,7,-31,1508,1497,0.67,-0.66,0.0000,0.0000,0.0000,0
3.986,42,8,-31,1508,1497,0.67,-0.66,0.0000,0.0000,0.0000,0
4.004,43,8,-31,1508,1497,0.67,-0.66,0.0000,0.0000,0.0000,0
4.022,43,8,-31,1508,1497,0.67,-0.66,0.0000,0.0000,0.0000,0
4.040,43,8,-30,1508,1497,0.67,-0.66,0.0000,0.0000,0.0000,1
4.057,43,7,-30,1508,1497,0.67,-0.66,0.0000,0.0000,0.0000,1
4.075,43,7,-30,1508,1497,0.46,-0.24,0.0000,0.0000,0.0000,1
4.094,43,7,-30,1508,1497,0.46,-0.24,0.0000,0.0000,0.0000,1
4.112,43,5,-30,1508,1497,0.46,-0.24,0.0000,0.0000,0.0000,1
4.129,42,4,-30,1508,1497,0.46,-0.24,0.0000,0.0000,0.0000,1
4.147,41,3,-31,1508,1497,0.46,-0.24,0.0000,0.0000,0.0000,0
0.018,39,0,-31,1507,1497,0.46,-0.24,0.0000,0.0000,0.0000,0
0.038,37,-2,-31,1507,1497,0.46,-0.24,0.0000,0.0000,0.0000,0
0.056,35,-4,-30,1507,1497,0.46,-0.24,0.0000,0.0000,0.0000,1
0.076,35,-5,-30,1507,1497,0.46,-0.24,0.0000,0.0000,0.0000,1
0.094,34,-5,-29,1506,1498,0.46,-0.24,0.0000,0.0000,0.0000,1
0.112,34,-6,-29,1506,1498,0.46,-0.24,0.0000,0.0000,0.0000,1
0.130,34,-7,-29,1506,1498,0.46,-0.24,0.0000,0.0000,0.0000,1
0.147,33,-7,-29,1506,1498,0.46,-0.24,0.0000,0.0000,0.0000,1
0.165,33,-8,-29,1506,1498,0.46,-0.24,0.0000,0.0000,0.0000,1
0.182,33,-8,-29,1506,1498,0.20,-0.72,0.0000,0.0000,0.0000,1
0.200,32,-8,-29,1506,1498,0.20,-0.72,0.0000,0.0000,0.0000,1
0.220,32,-7,-28,1506,1498,0.20,-0.72,0.0000,0.0000,0.0000,1
0.238,31,-7,-29,1506,1498,0.20,-0.72,0.0000,0.0000,0.0000,1
0.255,31,-6,-28,1506,1498,0.20,-0.72,0.0000,0.0000,0.0000,1
0.274,31,-5,-29,1506,1498,0.20,-0.72,0.0000,0.0000,0.0000,1
0.292,31,-5,-28,1506,1498,0.20,-0.72,0.0000,0.0000,0.0000,1
0.309,32,-4,-28,1506,1498,0.20,-0.72,0.0000,0.0000,0.0000,1
0.327,32,-3,-27,1506,1498,0.20,-0.72,0.0000,0.0000,0.0000,1
0.345,32,-2,-27,1506,1498,0.20,-0.72,0.0000,0.0000,0.0000,1
0.363,33,-2,-27,1506,1498,0.20,-0.72,0.0000,0.0000,0.0000,1
0.380,33,-2,-27,1506,1498,0.20,-0.72,0.0000,0.0000,0.0000,1
0.398,33,-1,-27,1506,1498,0.20,-0.72,0.0000,0.0000,0.0000,1
0.415,33,0,-26,1506,1498,0.20,-0.72,0.0000,0.0000,0.0000,1
0.432,34,1,-26,1506,1498,-0.52,0.06,0.0000,0.0000,0.0000,1
0.450,34,2,-26,1506,1498,-0.52,0.06,0.0000,0.0000,0.0000,1
0.468,34,2,-26,1506,1498,-0.52,0.06,0.0000,0.0000,0.0000,1
0.485,34,3,-26,1506,1498,-0.52,0.06,0.0000,0.0000,0.0000,1
0.503,34,4,-26,1506,1498,-0.52,0.06,0.0000,0.0000,0.0000,1
0.524,33,4,-26,1506,1498,-0.52,0.06,0.0000,0.0000,0.0000,1
0.541,32,4,-26,1506,1498,-0.52,0.06,0.0000,0.0000,0.0000,1
0.559,31,4,-26,1506,1498,-0.52,0.06,0.0000,0.0000,0.0000,1
0.577,30,2,-26,1506,1498,-0.52,0.06,0.0000,0.0000,0.0000,1
0.595,29,1,-25,1505,1498,-0.52,0.06,0.0000,0.0000,0.0000,1
0.613,29,0,-26,1505,1498,-0.52,0.06,0.0000,0.0000,0.0000,1
0.630,28,-2,-25,1505,1498,-0.52,0.06,0.0000,0.0000,0.0000,1
0.648,27,-4,-26,1505,1498,-0.52,0.06,0.0000,0.0000,0.0000,1
0.666,25,-6,-26,1505,1498,-0.52,0.06,0.0000,0.0000,0.0000,1
0.683,25,-6,-26,1505,1498,-0.52,-0.06,0.0000,0.0000,0.0000,1
0.701,22,-8,-25,1504,1498,-0.52,-0.06,0.0000,0.0000,0.0000,1
0.718,22,-8,-25,1504,1498,-0.52,-0.06,0.0000,0.0000,0.0000,1
0.735,20,-12,-25,1504,1498,-0.52,-0.06,0.0000,0.0000,0.0000,1
0.753,18,-13,-25,1503,1498,-0.52,-0.06,0.0000,0.0000,0.0000,1
0.770,16,-14,-26,1503,1498,-0.52,-0.06,0.0000,0.0000,0.0000,1
0.788,15,-16,-27,1503,1498,-0.52,-0.06,0.0000,0.0000,0.0000,1
0.805,13,-17,-27,1502,1498,-0.52,-0.06,0.0000,0.0000,0.0000,1
0.823,11,-18,-27,1502,1498,-0.52,-0.06,0.0000,0.0000,0.0000,1
0.841,8,-21,-28,1501,1498,-0.52,-0.06,0.0000,0.0000,0.0000,1
0.859,7,-22,-28,1501,1498,-0.52,-0.06,0.0000,0.0000,0.0000,1
0.877,6,-23,-28,1501,1498,-0.52,-0.06,0.0000,0.0000,0.0000,1
0.894,4,-24,-28,1500,1498,-0.52,-0.06,0.0000,0.0000,0.0000,1
0.915,4,-24,-28,1500,1498,-0.52,-0.06,0.0000,0.0000,0.0000,1
0.932,4,-24,-28,1500,1498,0.05,-0.84,0.0000,0.0000,0.0000,1
0.949,3,-24,-28,1500,1498,0.05,-0.84,0.0000,0.0000,0.0000,1
0.967,3,-24,-28,1500,1498,0.05,-0.84,0.0000,0.0000,0.0000,1
0.985,4,-24,-28,1500,1498,0.05,-0.84,0.0000,0.0000,0.0000,1
1.003,4,-23,-28,1500,1498,0.05,-0.84,0.0000,0.0000,0.0000,1
1.021,5,-23,-26,1501,1498,0.05,-0.84,0.0000,0.0000,0.0000,1
1.038,5,-23,-25,1501,1498,0.05,-0.84,0.0000,0.0000,0.0000,1
1.056,7,-22,-25,1501,1498,0.05,-0.84,0.0000,0.0000,0.0000,1
1.076,8,-22,-25,1501,1498,0.05,-0.84,0.0000,0.0000,0.0000,1
1.094,8,-22,-25,1501,1498,0.05,-0.84,0.0000,0.0000,0.0000,1
1.112,10,-21,-24,1502,1498,0.05,-0.84,0.0000,0.0000,0.0000,1
1.130,11,-20,-24,1502,1498,0.05,-0.84,0.0000,0.0000,0.0000,1
1.147,13,-19,-24,1502,1498,0.05,-0.84,0.0000,0.0000,0.0000,1
1.165,14,-19,-25,1502,1498,0.05,-0.84,0.0000,0.0000,0.0000,1
1.182,14,-19,-25,1502,1498,-0.89,-0.38,0.0000,0.0000,0.0000,1
1.200,15,-18,-25,1503,1498,-0.89,-0.38,0.0000,0.0000,0.0000,1
1.217,17,-17,-25,1503,1498,-0.89,-0.38,0.0000,0.0000,0.0000,1
1.235,18,-16,-24,1503,1498,-0.89,-0.38,0.0000,0.0000,0.0000,1
1.252,20,-15,-24,1504,1498,-0.89,-0.38,0.0000,0.0000,0.0000,1
1.270,21,-14,-24,1504,1498,-0.89,-0.38,0.0000,0.0000,0.0000,1
1.287,24,-14,-24,1504,1498,-0.89,-0.38,0.0000,0.0000,0.0000,1
1.306,24,-14,-24,1504,1498,-0.89,-0.38,0.0000,0.0000,0.0000,1
1.324,25,-14,-24,1505,1498,-0.89,-0.38,0.0000,0.0000,0.0000,1
1.341,26,-14,-25,1505,1498,-0.89,-0.38,0.0000,0.0000,0.0000,1
1.358,27,-14,-25,1505,1498,-0.89,-0.38,0.0000,0.0000,0.0000,1
1.376,28,-14,-24,1505,1498,-0.89,-0.38,0.0000,0.0000,0.0000,1
1.394,28,-15,-24,1505,1498,-0.89,-0.38,0.0000,0.0000,0.0000,1
1.412,28,-16,-25,1505,1498,-0.89,-0.38,0.0000,0.0000,0.0000,1
1.431,28,-16,-25,1505,1498,-0.37,-0.09,0.0000,0.0000,0.0000,1
1.451,28,-16,-25,1505,1498,-0.37,-0.09,0.0000,0.0000,0.0000,1
1.471,27,-15,-25,1505,1498,-0.37,-0.09,0.0000,0.0000,0.0000,1
1.489,27,-15,-25,1505,1498,-0.37,-0.09,0.0000,0.0000,0.0000,1
1.506,26,-14,-25,1505,1498,-0.37,-0.09,0.0000,0.0000,0.0000,1
1.524,25,-13,-25,1505,1498,-0.37,-0.09,0.0000,0.0000,0.0000,1
1.542,24,-12,-26,1504,1498,-0.37,-0.09,0.0000,0.0000,0.0000,1
1.560,24,-11,-26,1504,1498,-0.37,-0.09,0.0000,0.0000,0.0000,1
1.578,21,-12,-25,1504,1498,-0.37,-0.09,0.0000,0.0000,0.0000,1
1.595,20,-12,-25,1504,1498,-0.37,-0.09,0.0000,0.0000,0.0000,1
1.612,19,-13,-25,1503,1498,-0.37,-0.09,0.0000,0.0000,0.0000,1
1.629,19,-13,-25,1503,1498,-0.37,-0.09,0.0000,0.0000,0.0000,1
1.648,18,-14,-25,1503,1498,-0.37,-0.09,0.0000,0.0000,0.0000,1
1.667,18,-14,-26,1503,1498,-0.37,-0.09,0.0000,0.0000,0.0000,1
1.684,17,-14,-27,1503,1498,-0.31,-0.12,0.0000,0.0000,0.0000,1
1.701,17,-14,-26,1503,1498,-0.31,-0.12,0.0000,0.0000,0.0000,1
1.720,16,-15,-26,1503,1498,-0.31,-0.12,0.0000,0.0000,0.0000,1
1.738,15,-15,-25,1503,1498,-0.31,-0.12,0.0000,0.0000,0.0000,1
1.756,15,-16,-25,1503,1498,-0.31,-0.12,0.0000,0.0000,0.0000,1
1.773,14,-16,-25,1502,1498,-0.31,-0.12,0.0000,0.0000,0.0000,1
1.791,14,-16,-25,1502,1498,-0.31,-0.12,0.0000,0.0000,0.0000,1
1.809,13,-15,-26,1502,1498,-0.31,-0.12,0.0000,0.0000,0.0000,1
1.828,13,-15,-26,1502,1498,-0.31,-0.12,0.0000,0.0000,0.0000,1
1.845,13,-15,-26,1502,1498,-0.31,-0.12,0.0000,0.0000,0.0000,1
1.862,13,-15,-27,1502,1498,-0.31,-0.12,0.0000,0.0000,0.0000,1
1.879,13,-15,-28,1502,1498,-0.31,-0.12,0.0000,0.0000,0.0000,1
1.896,13,-15,-28,1502,1498,-0.31,-0.12,0.0000,0.0000,0.0000,1
1.914,13,-15,-27,1502,1498,-0.31,-0.12,0.0000,0.0000,0.0000,1
1.931,14,-15,-27,1502,1498,-0.64,-0.36,0.0000,0.0000,0.0000,1
1.948,14,-15,-26,1502,1498,-0.64,-0.36,0.0000,0.0000,0.0000,1
1.966,14,-15,-27,1502,1498,-0.64,-0.36,0.0000,0.0000,0.0000,1
1.984,14,-15,-27,1502,1498,-0.64,-0.36,0.0000,0.0000,0.0000,1
2.001,14,-15,-27,1502,1498,-0.64,-0.36,0.0000,0.0000,0.0000,1
2.020,15,-14,-27,1503,1498,-0.64,-0.36,0.0000,0.0000,0.0000,1
2.043,16,-14,-27,1503,1498,-0.64,-0.36,0.0000,0.0000,0.0000,1
2.063,17,-14,-27,1503,1498,-0.64,-0.36,0.0000,0.0000,0.0000,1
2.080,17,-13,-28,1503,1498,-0.64,-0.36,0.0000,0.0000,0.0000,1
2.097,16,-13,-28,1503,1498,-0.64,-0.36,0.0000,0.0000,0.0000,1
2.114,15,-14,-29,1503,1498,-0.64,-0.36,0.0000,0.0000,0.0000,1
2.132,15,-14,-29,1503,1498,-0.64,-0.36,0.0000,0.0000,0.0000,1
2.149,14,-15,-28,1502,1498,-0.64,-0.36,0.0000,0.0000,0.0000,1
2.166,13,-16,-28,1502,1498,-0.58,-0.68,0.0000,0.0000,0.0000,1
2.185,13,-16,-28,1502,1498,-0.58,-0.68,0.0000,0.0000,0.0000,1
2.202,13,-17,-28,1502,1498,-0.58,-0.68,0.0000,0.0000,0.0000,1
2.221,12,-17,-28,1502,1498,-0.58,-0.68,0.0000,0.0000,0.0000,1
2.241,12,-17,-28,1502,1498,-0.58,-0.68,0.0000,0.0000,0.0000,1
2.260,12,-17,-28,1502,1498,-0.58,-0.68,0.0000,0.0000,0.0000,1
2.277,12,-17,-29,1502,1498,-0.58,-0.68,0.0000,0.0000,0.0000,1
2.295,12,-17,-29,1502,1498,-0.58,-0.68,0.0000,0.0000,0.0000,1
2.312,12,-17,-30,1502,1497,-0.58,-0.68,0.0000,0.0000,0.0000,1
2.329,12,-17,-30,1502,1497,-0.58,-0.68,0.0000,0.0000,0.0000,1
2.347,12,-17,-30,1502,1497,-0.58,-0.68,0.0000,0.0000,0.0000,1
2.364,13,-17,-29,1502,1498,-0.58,-0.68,0.0000,0.0000,0.0000,1
2.382,13,-17,-29,1502,1498,-0.58,-0.68,0.0000,0.0000,0.0000,1
2.399,13,-17,-29,1502,1498,-0.58,-0.68,0.0000,0.0000,0.0000,1
2.416,13,-17,-29,1502,1498,0.05,-0.86,0.0000,0.0000,0.0000,1
2.434,14,-17,-29,1502,1498,0.05,-0.86,0.0000,0.0000,0.0000,1
2.453,14,-18,-30,1502,1497,0.05,-0.86,0.0000,0.0000,0.0000,1
2.470,14,-19,-31,1502,1497,0.05,-0.86,0.0000,0.0000,0.0000,0
0.019,15,-19,-30,1503,1497,0.05,-0.86,0.0000,0.0000,0.0000,1
0.038,15,-20,-30,1503,1497,0.05,-0.86,0.0000,0.0000,0.0000,1
0.055,17,-20,-30,1503,1497,0.05,-0.86,0.0000,0.0000,0.0000,1
0.073,17,-20,-30,1503,1497,0.05,-0.86,0.0000,0.0000,0.0000,1
0.091,18,-19,-31,1503,1497,0.05,-0.86,0.0000,0.0000,0.0000,0
0.017,19,-20,-31,1503,1497,0.05,-0.86,0.0000,0.0000,0.0000,0
0.036,19,-20,-30,1503,1497,0.05,-0.86,0.0000,0.0000,0.0000,1
0.053,19,-20,-31,1503,1497,0.05,-0.86,0.0000,0.0000,0.0000,0
0.017,20,-19,-31,1504,1497,0.05,-0.86,0.0000,0.0000,0.0000,0
0.034,20,-18,-32,1504,1497,0.05,-0.86,0.0000,0.0000,0.0000,0
0.052,21,-18,-31,1504,1497,-0.05,-1.06,0.0000,0.0000,0.0000,0
0.069,21,-18,-31,1504,1497,-0.05,-1.06,0.0000,0.0000,0.0000,0
0.087,21,-18,-31,1504,1497,-0.05,-1.06,0.0000,0.0000,0.0000,0
0.106,22,-18,-31,1504,1497,-0.05,-1.06,0.0000,0.0000,0.0000,0
0.123,22,-18,-32,1504,1497,-0.05,-1.06,0.0000,0.0000,0.0000,0
0.144,22,-18,-33,1504,1497,-0.05,-1.06,0.0000,0.0000,0.0000,0
0.162,22,-18,-32,1504,1497,-0.05,-1.06,0.0000,0.0000,0.0000,0
0.179,21,-19,-32,1504,1497,-0.05,-1.06,0.0000,0.0000,0.0000,0
0.197,21,-19,-33,1504,1497,-0.05,-1.06,0.0000,0.0000,0.0000,0
0.214,20,-20,-33,1504,1497,-0.05,-1.06,0.0000,0.0000,0.0000,0
0.232,20,-20,-33,1504,1497,-0.05,-1.06,0.0000,0.0000,0.0000,0
0.250,20,-19,-33,1504,1497,-0.05,-1.06,0.0000,0.0000,0.0000,0
0.267,20,-19,-33,1504,1497,-0.05,-1.06,0.0000,0.0000,0.0000,0
0.285,20,-18,-33,1504,1497,-0.05,-1.06,0.0000,0.0000,0.0000,0
0.302,21,-18,-33,1504,1497,-0.28,-1.14,0.0000,0.0000,0.0000,0
0.320,22,-18,-34,1504,1497,-0.28,-1.14,0.0000,0.0000,0.0000,0
0.337,22,-17,-34,1504,1497,-0.28,-1.14,0.0000,0.0000,0.0000,0
0.354,22,-16,-33,1504,1497,-0.28,-1.14,0.0000,0.0000,0.0000,0
0.372,23,-16,-33,1504,1497,-0.28,-1.14,0.0000,0.0000,0.0000,0
0.390,23,-15,-33,1504,1497,-0.28,-1.14,0.0000,0.0000,0.0000,0
0.407,23,-15,-33,1504,1497,-0.28,-1.14,0.0000,0.0000,0.0000,0
0.425,23,-15,-34,1504,1497,-0.28,-1.14,0.0000,0.0000,0.0000,0
0.444,23,-15,-34,1504,1497,-0.28,-1.14,0.0000,0.0000,0.0000,0
0.461,22,-16,-34,1504,1497,-0.28,-1.14,0.0000,0.0000,0.0000,0
0.478,21,-15,-34,1504,1497,-0.28,-1.14,0.0000,0.0000,0.0000,0
0.495,20,-15,-34,1504,1497,-0.28,-1.14,0.0000,0.0000,0.0000,0
0.513,20,-15,-34,1504,1497,-0.28,-1.14,0.0000,0.0000,0.0000,0
0.531,19,-16,-34,1503,1497,-0.28,-1.14,0.0000,0.0000,0.0000,0
0.550,18,-16,-34,1503,1497,-0.39,-1.11,0.0000,0.0000,0.0000,0
0.567,17,-17,-35,1503,1497,-0.39,-1.11,0.0000,0.0000,0.0000,0
0.587,16,-18,-35,1503,1497,-0.39,-1.11,0.0000,0.0000,0.0000,0
0.604,15,-19,-35,1503,1497,-0.39,-1.11,0.0000,0.0000,0.0000,0
0.622,14,-21,-35,1502,1497,-0.39,-1.11,0.0000,0.0000,0.0000,0
0.639,12,-21,-35,1502,1497,-0.39,-1.11,0.0000,0.0000,0.0000,0
0.657,12,-22,-35,1502,1497,-0.39,-1.11,0.0000,0.0000,0.0000,0
0.674,11,-22,-35,1502,1497,-0.39,-1.11,0.0000,0.0000,0.0000,0
0.692,11,-23,-35,1502,1497,-0.39,-1.11,0.0000,0.0000,0.0000,0
0.710,11,-24,-35,1502,1497,-0.39,-1.11,0.0000,0.0000,0.0000,0
0.728,11,-25,-36,1502,1497,-0.39,-1.11,0.0000,0.0000,0.0000,0
0.746,12,-26,-36,1502,1497,-0.39,-1.11,0.0000,0.0000,0.0000,0
0.763,12,-26,-35,1502,1497,-0.39,-1.11,0.0000,0.0000,0.0000,0
0.780,13,-27,-35,1502,1497,-0.39,-1.11,0.0000,0.0000,0.0000,0
0.798,14,-27,-35,1502,1497,0.41,-1.87,0.0000,0.0000,0.0000,0
0.817,14,-28,-35,1502,1497,0.41,-1.87,0.0000,0.0000,0.0000,0
0.836,14,-28,-36,1502,1497,0.41,-1.87,0.0000,0.0000,0.0000,0
0.853,15,-28,-36,1503,1497,0.41,-1.87,0.0000,0.0000,0.0000,0
0.870,15,-29,-35,1503,1497,0.41,-1.87,0.0000,0.0000,0.0000,0
0.888,15,-28,-35,1503,1497,0.41,-1.87,0.0000,0.0000,0.0000,0
0.906,15,-29,-37,1503,1497,0.41,-1.87,0.0000,0.0000,0.0000,0
0.925,15,-28,-37,1503,1497,0.41,-1.87,0.0000,0.0000,0.0000,0
0.942,16,-28,-36,1503,1497,0.41,-1.87,0.0000,0.0000,0.0000,0
0.960,17,-27,-36,1503,1497,0.41,-1.87,0.0000,0.0000,0.0000,0
0.978,17,-26,-36,1503,1497,0.41,-1.87,0.0000,0.0000,0.0000,0
0.995,18,-26,-36,1503,1497,0.41,-1.87,0.0000,0.0000,0.0000,0
1.013,19,-25,-36,1503,1497,0.41,-1.87,0.0000,0.0000,0.0000,0
1.030,20,-25,-36,1504,1497,0.41,-1.87,0.0000,0.0000,0.0000,0
1.047,21,-24,-36,1504,1497,0.02,-1.62,0.0000,0.0000,0.0000,0
1.064,22,-23,-37,1504,1497,0.02,-1.62,0.0000,0.0000,0.0000,0
1.081,22,-23,-37,1504,1497,0.02,-1.62,0.0000,0.0000,0.0000,0
1.098,23,-22,-36,1504,1497,0.02,-1.62,0.0000,0.0000,0.0000,0
1.116,24,-21,-36,1504,1497,0.02,-1.62,0.0000,0.0000,0.0000,0
1.133,25,-20,-36,1505,1497,0.02,-1.62,0.0000,0.0000,0.0000,0
1.151,26,-18,-36,1505,1497,0.02,-1.62,0.0000,0.0000,0.0000,0
1.169,28,-16,-37,1505,1497,0.02,-1.62,0.0000,0.0000,0.0000,0
1.188,30,-13,-36,1506,1497,0.02,-1.62,0.0000,0.0000,0.0000,0
1.205,31,-11,-36,1506,1497,0.02,-1.62,0.0000,0.0000,0.0000,0
1.222,32,-10,-35,1506,1497,0.02,-1.62,0.0000,0.0000,0.0000,0
1.240,32,-9,-35,1506,1497,0.02,-1.62,0.0000,0.0000,0.0000,0
1.258,34,-8,-36,1506,1497,0.02,-1.62,0.0000,0.0000,0.0000,0
1.276,35,-7,-35,1507,1497,0.02,-1.62,0.0000,0.0000,0.0000,0
1.293,35,-9,-36,1507,1497,0.02,-1.62,0.0000,0.0000,0.0000,0
1.310,35,-9,-36,1507,1497,-0.59,-0.71,0.0000,0.0000,0.0000,0
1.329,34,-7,-37,1506,1497,-0.59,-0.71,0.0000,0.0000,0.0000,0
1.346,34,-7,-37,1506,1497,-0.59,-0.71,0.0000,0.0000,0.0000,0
1.364,34,-4,-37,1506,1497,-0.59,-0.71,0.0000,0.0000,0.0000,0
1.382,35,-2,-36,1507,1497,-0.59,-0.71,0.0000,0.0000,0.0000,0
1.399,35,-2,-36,1507,1497,-0.59,-0.71,0.0000,0.0000,0.0000,0
1.417,34,0,-36,1506,1497,-0.59,-0.71,0.0000,0.0000,0.0000,0
1.434,34,0,-36,1506,1497,-0.59,-0.71,0.0000,0.0000,0.0000,0
1.451,34,0,-36,1506,1497,-0.59,-0.71,0.0000,0.0000,0.0000,0
1.469,33,1,-37,1506,1497,-0.59,-0.71,0.0000,0.0000,0.0000,0
1.487,33,1,-36,1506,1497,-0.59,-0.71,0.0000,0.0000,0.0000,0
1.505,33,1,-35,1506,1497,-0.59,-0.71,0.0000,0.0000,0.0000,0
1.522,32,-1,-35,1506,1497,-0.59,-0.71,0.0000,0.0000,0.0000,0
1.540,32,-1,-35,1506,1497,-0.59,-0.71,0.0000,0.0000,0.0000,0
1.557,32,-2,-36,1506,1497,-0.10,-0.38,0.0000,0.0000,0.0000,0
1.576,32,-3,-35,1506,1497,-0.10,-0.38,0.0000,0.0000,0.0000,0
1.594,31,-4,-35,1506,1497,-0.10,-0.38,0.0000,0.0000,0.0000,0
1.612,31,-5,-35,1506,1497,-0.10,-0.38,0.0000,0.0000,0.0000,0
1.631,30,-7,-37,1506,1497,-0.10,-0.38,0.0000,0.0000,0.0000,0
1.651,30,-7,-37,1506,1497,-0.10,-0.38,0.0000,0.0000,0.0000,0
1.669,30,-8,-37,1506,1497,-0.10,-0.38,0.0000,0.0000,0.0000,0
1.686,30,-9,-36,1506,1497,-0.10,-0.38,0.0000,0.0000,0.0000,0
1.703,30,-9,-37,1506,1497,-0.10,-0.38,0.0000,0.0000,0.0000,0
1.721,30,-9,-37,1506,1497,-0.10,-0.38,0.0000,0.0000,0.0000,0
1.738,30,-10,-37,1506,1497,-0.10,-0.38,0.0000,0.0000,0.0000,0
1.755,30,-10,-36,1506,1497,-0.10,-0.38,0.0000,0.0000,0.0000,0
1.773,30,-9,-36,1506,1497,-0.10,-0.38,0.0000,0.0000,0.0000,0
1.790,30,-9,-37,1506,1497,0.10,-0.70,0.0000,0.0000,0.0000,0
1.807,30,-9,-36,1506,1497,0.10,-0.70,0.0000,0.0000,0.0000,0
1.825,31,-9,-36,1506,1497,0.10,-0.70,0.0000,0.0000,0.0000,0
1.844,32,-9,-36,1506,1497,0.10,-0.70,0.0000,0.0000,0.0000,0
1.862,33,-8,-35,1506,1497,0.10,-0.70,0.0000,0.0000,0.0000,0
1.880,34,-8,-35,1506,1497,0.10,-0.70,0.0000,0.0000,0.0000,0
1.899,36,-7,-35,1507,1497,0.10,-0.70,0.0000,0.0000,0.0000,0
1.918,37,-6,-35,1507,1497,0.10,-0.70,0.0000,0.0000,0.0000,0
1.936,39,-6,-36,1507,1497,0.10,-0.70,0.0000,0.0000,0.0000,0
1.954,40,-5,-36,1508,1497,0.10,-0.70,0.0000,0.0000,0.0000,0
1.972,42,-4,-35,1508,1497,0.10,-0.70,0.0000,0.0000,0.0000,0
1.990,44,-2,-36,1508,1497,0.10,-0.70,0.0000,0.0000,0.0000,0
2.007,46,-2,-36,1509,1497,0.10,-0.70,0.0000,0.0000,0.0000,0
2.024,46,-3,-36,1509,1497,0.10,-0.70,0.0000,0.0000,0.0000,0
2.042,45,-4,-35,1509,1497,0.08,-0.50,0.0000,0.0000,0.0000,0
2.059,45,-4,-35,1509,1497,0.08,-0.50,0.0000,0.0000,0.0000,0
2.077,45,-3,-35,1509,1497,0.08,-0.50,0.0000,0.0000,0.0000,0
2.094,44,-3,-36,1508,1497,0.08,-0.50,0.0000,0.0000,0.0000,0
2.111,43,-2,-35,1508,1497,0.08,-0.50,0.0000,0.0000,0.0000,0
2.129,43,-2,-35,1508,1497,0.08,-0.50,0.0000,0.0000,0.0000,0
2.149,42,-1,-35,1508,1497,0.08,-0.50,0.0000,0.0000,0.0000,0
2.167,41,-2,-35,1508,1497,0.08,-0.50,0.0000,0.0000,0.0000,0
2.185,39,-2,-35,1507,1497,0.08,-0.50,0.0000,0.0000,0.0000,0
2.203,37,-4,-35,1507,1497,0.08,-0.50,0.0000,0.0000,0.0000,0
2.221,35,-5,-34,1507,1497,0.08,-0.50,0.0000,0.0000,0.0000,0
2.238,31,-6,-35,1506,1497,0.08,-0.50,0.0000,0.0000,0.0000,0
2.256,28,-6,-35,1505,1497,0.08,-0.50,0.0000,0.0000,0.0000,0
2.273,26,-7,-35,1505,1497,0.08,-0.50,0.0000,0.0000,0.0000,0
2.290,24,-7,-35,1504,1497,0.03,-0.59,0.0000,0.0000,0.0000,0
2.308,22,-7,-36,1504,1497,0.03,-0.59,0.0000,0.0000,0.0000,0
2.325,20,-7,-36,1504,1497,0.03,-0.59,0.0000,0.0000,0.0000,0
2.342,18,-7,-35,1503,1497,0.03,-0.59,0.0000,0.0000,0.0000,0
2.361,16,-8,-35,1503,1497,0.03,-0.59,0.0000,0.0000,0.0000,0
2.378,14,-8,-34,1502,1497,0.03,-0.59,0.0000,0.0000,0.0000,0
2.396,12,-8,-35,1502,1497,0.03,-0.59,0.0000,0.0000,0.0000,0
2.415,11,-8,-34,1502,1497,0.03,-0.59,0.0000,0.0000,0.0000,0
2.436,9,-8,-35,1501,1497,0.03,-0.59,0.0000,0.0000,0.0000,0
2.455,8,-8,-35,1501,1497,0.03,-0.59,0.0000,0.0000,0.0000,0
2.472,7,-8,-35,1501,1497,0.03,-0.59,0.0000,0.0000,0.0000,0
2.491,6,-8,-34,1501,1497,0.03,-0.59,0.0000,0.0000,0.0000,0
2.508,7,-8,-33,1501,1497,0.03,-0.59,0.0000,0.0000,0.0000,0
2.526,7,-8,-33,1501,1497,0.03,-0.59,0.0000,0.0000,0.0000,0
2.543,8,-9,-33,1501,1497,-0.17,-0.76,0.0000,0.0000,0.0000,0
2.560,10,-9,-34,1502,1497,-0.17,-0.76,0.0000,0.0000,0.0000,0
2.577,12,-9,-35,1502,1497,-0.17,-0.76,0.0000,0.0000,0.0000,0
2.597,14,-9,-34,1502,1497,-0.17,-0.76,0.0000,0.0000,0.0000,0
2.614,16,-9,-34,1503,1497,-0.17,-0.76,0.0000,0.0000,0.0000,0
2.631,18,-8,-33,1503,1497,-0.17,-0.76,0.0000,0.0000,0.0000,0
2.650,21,-8,-33,1504,1497,-0.17,-0.76,0.0000,0.0000,0.0000,0
2.671,24,-7,-33,1504,1497,-0.17,-0.76,0.0000,0.0000,0.0000,0
2.690,26,-7,-34,1505,1497,-0.17,-0.76,0.0000,0.0000,0.0000,0
2.707,28,-6,-34,1505,1497,-0.17,-0.76,0.0000,0.0000,0.0000,0
2.725,30,-5,-33,1506,1497,-0.17,-0.76,0.0000,0.0000,0.0000,0
2.742,34,-5,-33,1506,1497,-0.17,-0.76,0.0000,0.0000,0.0000,0
2.759,35,-5,-33,1507,1497,-0.17,-0.76,0.0000,0.0000,0.0000,0
2.777,36,-6,-34,1507,1497,-0.17,-0.76,0.0000,0.0000,0.0000,0
2.794,36,-7,-34,1507,1497,-0.89,-0.41,0.0000,0.0000,0.0000,0
2.811,37,-8,-33,1507,1497,-0.89,-0.41,0.0000,0.0000,0.0000,0
2.828,37,-10,-34,1507,1497,-0.89,-0.41,0.0000,0.0000,0.0000,0
2.846,37,-11,-34,1507,1497,-0.89,-0.41,0.0000,0.0000,0.0000,0
2.863,37,-11,-33,1507,1497,-0.89,-0.41,0.0000,0.0000,0.0000,0
2.881,38,-11,-34,1507,1497,-0.89,-0.41,0.0000,0.0000,0.0000,0
2.898,38,-10,-34,1507,1497,-0.89,-0.41,0.0000,0.0000,0.0000,0
2.915,38,-9,-33,1507,1497,-0.89,-0.41,0.0000,0.0000,0.0000,0
2.933,38,-11,-34,1507,1497,-0.89,-0.41,0.0000,0.0000,0.0000,0
2.950,38,-13,-33,1507,1497,-0.89,-0.41,0.0000,0.0000,0.0000,0
2.968,38,-13,-33,1507,1497,-0.89,-0.41,0.0000,0.0000,0.0000,0
2.986,37,-14,-33,1507,1497,-0.89,-0.41,0.0000,0.0000,0.0000,0
3.004,37,-14,-34,1507,1497,-0.89,-0.41,0.0000,0.0000,0.0000,0
3.022,36,-12,-33,1507,1497,-0.89,-0.41,0.0000,0.0000,0.0000,0
3.041,37,-11,-33,1507,1497,-0.89,-0.41,0.0000,0.0000,0.0000,0
3.059,37,-10,-33,1507,1497,-0.79,-0.53,0.0000,0.0000,0.0000,0
3.077,37,-10,-32,1507,1497,-0.79,-0.53,0.0000,0.0000,0.0000,0
3.094,37,-9,-33,1507,1497,-0.79,-0.53,0.0000,0.0000,0.0000,0
3.111,37,-8,-33,1507,1497,-0.79,-0.53,0.0000,0.0000,0.0000,0
3.129,35,-7,-32,1507,1497,-0.79,-0.53,0.0000,0.0000,0.0000,0
3.147,35,-7,-32,1507,1497,-0.79,-0.53,0.0000,0.0000,0.0000,0
3.165,35,-7,-32,1507,1497,-0.79,-0.53,0.0000,0.0000,0.0000,0
3.183,34,-8,-32,1506,1497,-0.79,-0.53,0.0000,0.0000,0.0000,0
3.200,34,-9,-32,1506,1497,-0.79,-0.53,0.0000,0.0000,0.0000,0
3.217,33,-10,-32,1506,1497,-0.79,-0.53,0.0000,0.0000,0.0000,0
3.234,33,-9,-32,1506,1497,-0.79,-0.53,0.0000,0.0000,0.0000,0
3.251,33,-9,-32,1506,1497,-0.79,-0.53,0.0000,0.0000,0.0000,0
3.268,32,-8,-33,1506,1497,-0.79,-0.53,0.0000,0.0000,0.0000,0
3.287,32,-7,-32,1506,1497,-0.79,-0.53,0.0000,0.0000,0.0000,0
3.306,32,-6,-32,1506,1497,-0.62,-0.20,0.0000,0.0000,0.0000,0
3.324,32,-7,-32,1506,1497,-0.62,-0.20,0.0000,0.0000,0.0000,0
3.343,32,-8,-32,1506,1497,-0.62,-0.20,0.0000,0.0000,0.0000,0
3.360,33,-10,-33,1506,1497,-0.62,-0.20,0.0000,0.0000,0.0000,0
3.381,35,-10,-32,1507,1497,-0.62,-0.20,0.0000,0.0000,0.0000,0
3.398,36,-10,-31,1507,1497,-0.62,-0.20,0.0000,0.0000,0.0000,0
3.415,36,-10,-31,1507,1497,-0.62,-0.20,0.0000,0.0000,0.0000,0
3.432,39,-9,-31,1507,1497,-0.62,-0.20,0.0000,0.0000,0.0000,0
3.452,41,-9,-31,1508,1497,-0.62,-0.20,0.0000,0.0000,0.0000,0
3.469,43,-9,-31,1508,1497,-0.62,-0.20,0.0000,0.0000,0.0000,0
3.488,47,-11,-31,1509,1497,-0.62,-0.20,0.0000,0.0000,0.0000,0
3.510,48,-12,-30,1509,1497,-0.62,-0.20,0.0000,0.0000,0.0000,1
3.532,50,-13,-30,1510,1497,-0.62,-0.20,0.0000,0.0000,0.0000,1
3.549,50,-14,-31,1510,1497,0.52,-0.36,0.0000,0.0000,0.0000,0
0.017,51,-13,-31,1515,1497,0.52,-0.36,0.0000,0.0000,0.0000,0
0.034,52,-12,-31,1515,1497,0.52,-0.36,0.0000,0.0000,0.0000,0
0.051,53,-11,-31,1515,1497,0.52,-0.36,0.0000,0.0000,0.0000,0
0.069,54,-10,-31,1516,1497,0.52,-0.36,0.0000,0.0000,0.0000,0
0.086,54,-11,-31,1516,1497,0.52,-0.36,0.0000,0.0000,0.0000,0
0.104,55,-10,-31,1516,1497,0.52,-0.36,0.0000,0.0000,0.0000,0
0.121,55,-12,-31,1516,1497,0.52,-0.36,0.0000,0.0000,0.0000,0
0.139,54,-12,-31,1516,1497,0.52,-0.36,0.0000,0.0000,0.0000,0
0.157,54,-13,-31,1516,1497,0.52,-0.36,0.0000,0.0000,0.0000,0
0.175,54,-14,-30,1516,1497,0.52,-0.36,0.0000,0.0000,0.0000,1
0.193,55,-16,-31,1516,1497,0.52,-0.36,0.0000,0.0000,0.0000,0
0.018,55,-19,-30,1516,1497,0.52,-0.36,0.0000,0.0000,0.0000,1
0.036,55,-21,-30,1516,1497,0.52,-0.36,0.0000,0.0000,0.0000,1
0.054,56,-23,-30,1516,1497,0.78,-0.45,0.0000,0.0000,0.0000,1
0.072,57,-24,-30,1517,1497,0.78,-0.45,0.0000,0.0000,0.0000,1
0.090,57,-24,-31,1517,1497,0.78,-0.45,0.0000,0.0000,0.0000,0
0.017,59,-24,-30,1517,1497,0.78,-0.45,0.0000,0.0000,0.0000,1
0.035,60,-23,-30,1518,1497,0.78,-0.45,0.0000,0.0000,0.0000,1
0.055,61,-23,-31,1518,1497,0.78,-0.45,0.0000,0.0000,0.0000,0
0.017,61,-23,-30,1518,1497,0.78,-0.45,0.0000,0.0000,0.0000,0
0.035,62,-22,-30,1518,1497,0.78,-0.45,0.0000,0.0000,0.0000,0
0.055,63,-21,-30,1518,1497,0.78,-0.45,0.0000,0.0000,0.0000,0
0.073,64,-19,-31,1519,1497,0.78,-0.45,0.0000,0.0000,0.0000,0
0.091,64,-18,-31,1519,1497,0.78,-0.45,0.0000,0.0000,0.0000,0
0.109,64,-17,-30,1519,1497,0.78,-0.45,0.0000,0.0000,0.0000,0
0.127,64,-15,-31,1519,1497,0.78,-0.45,0.0000,0.0000,0.0000,0
0.145,64,-14,-31,1519,1497,0.78,-0.45,0.0000,0.0000,0.0000,0
0.164,62,-10,-30,1518,1497,0.67,-0.08,0.0000,0.0000,0.0000,0
0.181,62,-8,-30,1518,1497,0.67,-0.08,0.0000,0.0000,0.0000,0
0.199,61,-6,-30,1518,1497,0.67,-0.08,0.0000,0.0000,0.0000,0
0.216,60,-5,-30,1518,1497,0.67,-0.08,0.0000,0.0000,0.0000,1
0.234,59,-4,-30,1517,1497,0.67,-0.08,0.0000,0.0000,0.0000,1
0.252,59,-5,-30,1517,1497,0.67,-0.08,0.0000,0.0000,0.0000,1
0.269,58,-6,-29,1517,1498,0.67,-0.08,0.0000,0.0000,0.0000,1
0.287,56,-7,-30,1516,1497,0.67,-0.08,0.0000,0.0000,0.0000,1
0.306,55,-6,-30,1516,1497,0.67,-0.08,0.0000,0.0000,0.0000,1
0.323,54,-6,-30,1516,1497,0.67,-0.08,0.0000,0.0000,0.0000,1
0.342,53,-7,-30,1515,1497,0.67,-0.08,0.0000,0.0000,0.0000,1
0.360,52,-6,-29,1515,1498,0.67,-0.08,0.0000,0.0000,0.0000,1
0.378,51,-6,-29,1515,1498,0.67,-0.08,0.0000,0.0000,0.0000,1
0.397,50,-7,-29,1510,1498,0.67,-0.08,0.0000,0.0000,0.0000,1
0.415,49,-7,-30,1509,1497,0.25,0.34,0.0000,0.0000,0.0000,1
0.433,49,-7,-30,1509,1497,0.25,0.34,0.0000,0.0000,0.0000,1
0.451,47,-4,-30,1509,1497,0.25,0.34,0.0000,0.0000,0.0000,1
0.470,47,-4,-31,1509,1497,0.25,0.34,0.0000,0.0000,0.0000,0
0.018,46,-4,-31,1509,1497,0.25,0.34,0.0000,0.0000,0.0000,0
0.036,44,-3,-29,1508,1498,0.25,0.34,0.0000,0.0000,0.0000,1
0.053,43,0,-28,1508,1498,0.25,0.34,0.0000,0.0000,0.0000,1
0.073,42,1,-29,1508,1498,0.25,0.34,0.0000,0.0000,0.0000,1
0.090,40,1,-29,1508,1498,0.25,0.34,0.0000,0.0000,0.0000,1
0.107,39,1,-29,1507,1498,0.25,0.34,0.0000,0.0000,0.0000,1
0.125,36,0,-29,1507,1498,0.25,0.34,0.0000,0.0000,0.0000,1
0.146,33,-1,-30,1506,1497,0.25,0.34,0.0000,0.0000,0.0000,1
0.165,31,-1,-29,1506,1498,0.25,0.34,0.0000,0.0000,0.0000,1
0.183,29,-1,-29,1505,1498,0.24,0.53,0.0000,0.0000,0.0000,1
0.202,28,-2,-28,1505,1498,0.24,0.53,0.0000,0.0000,0.0000,1
0.219,27,-4,-28,1505,1498,0.24,0.53,0.0000,0.0000,0.0000,1
0.237,26,-7,-28,1505,1498,0.24,0.53,0.0000,0.0000,0.0000,1
0.254,24,-10,-29,1504,1498,0.24,0.53,0.0000,0.0000,0.0000,1
0.272,22,-12,-29,1504,1498,0.24,0.53,0.0000,0.0000,0.0000,1
0.290,21,-14,-29,1504,1498,0.24,0.53,0.0000,0.0000,0.0000,1
0.307,21,-15,-29,1504,1498,0.24,0.53,0.0000,0.0000,0.0000,1
0.325,21,-16,-29,1504,1498,0.24,0.53,0.0000,0.0000,0.0000,1
0.342,20,-17,-30,1504,1497,0.24,0.53,0.0000,0.0000,0.0000,1
0.360,20,-19,-30,1504,1497,0.24,0.53,0.0000,0.0000,0.0000,1
0.377,19,-21,-30,1503,1497,0.24,0.53,0.0000,0.0000,0.0000,1
0.394,19,-22,-30,1503,1497,0.24,0.53,0.0000,0.0000,0.0000,1
0.412,19,-24,-30,1503,1497,0.24,0.53,0.0000,0.0000,0.0000,1
0.429,19,-24,-30,1503,1497,0.31,-1.04,0.0000,0.0000,0.0000,1
0.447,18,-27,-29,1503,1498,0.31,-1.04,0.0000,0.0000,0.0000,1
0.465,18,-28,-29,1503,1498,0.31,-1.04,0.0000,0.0000,0.0000,1
0.483,17,-29,-28,1503,1498,0.31,-1.04,0.0000,0.0000,0.0000,1
0.509,17,-30,-28,1503,1498,0.31,-1.04,0.0000,0.0000,0.0000,1
0.526,16,-30,-28,1503,1498,0.31,-1.04,0.0000,0.0000,0.0000,1
0.545,15,-31,-29,1503,1498,0.31,-1.04,0.0000,0.0000,0.0000,1
0.562,14,-30,-29,1502,1498,0.31,-1.04,0.0000,0.0000,0.0000,1
0.579,12,-29,-30,1502,1498,0.31,-1.04,0.0000,0.0000,0.0000,1
0.597,11,-29,-30,1502,1497,0.31,-1.04,0.0000,0.0000,0.0000,1
0.614,11,-29,-30,1502,1497,0.31,-1.04,0.0000,0.0000,0.0000,1
0.631,10,-28,-29,1502,1498,0.31,-1.04,0.0000,0.0000,0.0000,1
0.648,10,-28,-29,1502,1498,0.31,-1.04,0.0000,0.0000,0.0000,1
0.666,9,-28,-28,1501,1498,0.31,-1.04,0.0000,0.0000,0.0000,1
0.683,9,-27,-28,1501,1498,0.29,-1.44,0.0000,0.0000,0.0000,1
0.701,8,-26,-28,1501,1498,0.29,-1.44,0.0000,0.0000,0.0000,1
0.720,8,-25,-28,1501,1498,0.29,-1.44,0.0000,0.0000,0.0000,1
0.738,7,-25,-29,1501,1498,0.29,-1.44,0.0000,0.0000,0.0000,1
0.757,6,-24,-30,1501,1497,0.29,-1.44,0.0000,0.0000,0.0000,1
0.775,5,-21,-29,1501,1498,0.29,-1.44,0.0000,0.0000,0.0000,1
0.792,4,-19,-28,1500,1498,0.29,-1.44,0.0000,0.0000,0.0000,1
0.810,4,-19,-28,1500,1498,0.29,-1.44,0.0000,0.0000,0.0000,1
0.828,2,-15,-28,1500,1498,0.29,-1.44,0.0000,0.0000,0.0000,1
0.845,1,-13,-28,1500,1498,0.29,-1.44,0.0000,0.0000,0.0000,1
0.863,0,-11,-29,1500,1498,0.29,-1.44,0.0000,0.0000,0.0000,1
0.881,-2,-9,-29,1500,1498,0.29,-1.44,0.0000,0.0000,0.0000,1
0.899,-3,-7,-28,1500,1498,0.29,-1.44,0.0000,0.0000,0.0000,1
0.916,-4,-6,-28,1500,1498,0.29,-1.44,0.0000,0.0000,0.0000,1
0.933,-5,-4,-27,1499,1498,0.33,-0.53,0.0000,0.0000,0.0000,1
0.950,-5,-4,-27,1499,1498,0.33,-0.53,0.0000,0.0000,0.0000,1
0.968,-7,-3,-27,1499,1498,0.33,-0.53,0.0000,0.0000,0.0000,1
0.986,-8,-3,-27,1499,1498,0.33,-0.53,0.0000,0.0000,0.0000,1
1.004,-8,-3,-27,1499,1498,0.33,-0.53,0.0000,0.0000,0.0000,1
1.024,-9,-4,-27,1499,1498,0.33,-0.53,0.0000,0.0000,0.0000,1
1.040,-10,-5,-27,1498,1498,0.33,-0.53,0.0000,0.0000,0.0000,1
1.058,-10,-5,-28,1498,1498,0.33,-0.53,0.0000,0.0000,0.0000,1
1.076,-10,-5,-29,1498,1498,0.33,-0.53,0.0000,0.0000,0.0000,1
1.093,-10,-5,-29,1498,1498,0.33,-0.53,0.0000,0.0000,0.0000,1
1.112,-10,-4,-29,1498,1498,0.33,-0.53,0.0000,0.0000,0.0000,1
1.129,-10,-4,-29,1498,1498,0.33,-0.53,0.0000,0.0000,0.0000,1
1.147,-10,-2,-28,1498,1498,0.33,-0.53,0.0000,0.0000,0.0000,1
1.165,-9,-2,-27,1499,1498,0.33,-0.53,0.0000,0.0000,0.0000,1
1.182,-9,-1,-27,1499,1498,-0.59,-0.48,0.0000,0.0000,0.0000,1
1.200,-9,0,-27,1499,1498,-0.59,-0.48,0.0000,0.0000,0.0000,1
1.219,-9,0,-28,1499,1498,-0.59,-0.48,0.0000,0.0000,0.0000,1
1.236,-9,0,-28,1499,1498,-0.59,-0.48,0.0000,0.0000,0.0000,1
1.255,-10,0,-29,1498,1498,-0.59,-0.48,0.0000,0.0000,0.0000,1
1.273,-11,1,-29,1498,1498,-0.59,-0.48,0.0000,0.0000,0.0000,1
1.290,-13,1,-29,1498,1498,-0.59,-0.48,0.0000,0.0000,0.0000,1
1.308,-16,3,-29,1497,1498,-0.59,-0.48,0.0000,0.0000,0.0000,1
1.325,-18,4,-29,1497,1498,-0.59,-0.48,0.0000,0.0000,0.0000,1
1.345,-20,4,-29,1496,1498,-0.59,-0.48,0.0000,0.0000,0.0000,1
1.362,-22,4,-28,1496,1498,-0.59,-0.48,0.0000,0.0000,0.0000,1
1.380,-24,4,-28,1496,1498,-0.59,-0.48,0.0000,0.0000,0.0000,1
1.398,-27,5,-28,1495,1498,-0.59,-0.48,0.0000,0.0000,0.0000,1
1.415,-30,5,-27,1494,1498,-0.59,-0.48,0.0000,0.0000,0.0000,1
1.432,-32,5,-28,1494,1498,-0.65,-0.11,0.0000,0.0000,0.0000,1
1.449,-35,6,-28,1493,1498,-0.65,-0.11,0.0000,0.0000,0.0000,1
1.467,-37,8,-27,1493,1498,-0.65,-0.11,0.0000,0.0000,0.0000,1
1.484,-40,9,-28,1492,1498,-0.65,-0.11,0.0000,0.0000,0.0000,1
1.503,-42,10,-27,1492,1498,-0.65,-0.11,0.0000,0.0000,0.0000,1
1.520,-42,10,-27,1492,1498,-0.65,-0.11,0.0000,0.0000,0.0000,1
1.538,-46,12,-28,1491,1498,-0.65,-0.11,0.0000,0.0000,0.0000,1
1.557,-47,13,-28,1491,1498,-0.65,-0.11,0.0000,0.0000,0.0000,1
1.574,-48,13,-27,1491,1498,-0.65,-0.11,0.0000,0.0000,0.0000,1
1.592,-49,13,-28,1491,1498,-0.65,-0.11,0.0000,0.0000,0.0000,1
1.609,-52,11,-28,1485,1498,-0.65,-0.11,0.0000,0.0000,0.0000,1
1.627,-53,10,-28,1485,1498,-0.65,-0.11,0.0000,0.0000,0.0000,1
1.644,-55,10,-28,1484,1498,-0.65,-0.11,0.0000,0.0000,0.0000,1
1.661,-56,9,-28,1484,1498,-0.65,-0.11,0.0000,0.0000,0.0000,1
1.678,-56,8,-28,1484,1498,0.28,-0.07,0.0000,0.0000,0.0000,1
1.695,-56,7,-28,1484,1498,0.28,-0.07,0.0000,0.0000,0.0000,1
1.713,-57,7,-28,1483,1498,0.28,-0.07,0.0000,0.0000,0.0000,1
1.730,-56,5,-29,1484,1498,0.28,-0.07,0.0000,0.0000,0.0000,1
1.747,-56,5,-28,1484,1498,0.28,-0.07,0.0000,0.0000,0.0000,1
1.765,-55,4,-29,1484,1498,0.28,-0.07,0.0000,0.0000,0.0000,1
1.782,-54,4,-29,1484,1498,0.28,-0.07,0.0000,0.0000,0.0000,1
1.800,-53,3,-29,1485,1498,0.28,-0.07,0.0000,0.0000,0.0000,1
1.818,-52,3,-29,1485,1498,0.28,-0.07,0.0000,0.0000,0.0000,1
1.835,-51,3,-29,1485,1498,0.28,-0.07,0.0000,0.0000,0.0000,1
1.853,-51,4,-30,1485,1497,0.28,-0.07,0.0000,0.0000,0.0000,1
1.871,-50,4,-30,1490,1497,0.28,-0.07,0.0000,0.0000,0.0000,1
1.888,-50,4,-29,1490,1498,0.28,-0.07,0.0000,0.0000,0.0000,1
1.905,-50,4,-29,1490,1498,0.28,-0.07,0.0000,0.0000,0.0000,1
1.922,-50,4,-29,1490,1498,0.28,-0.07,0.0000,0.0000,0.0000,1
1.940,-51,5,-30,1485,1497,-0.42,-0.18,0.0000,0.0000,0.0000,1
1.957,-51,6,-30,1485,1497,-0.42,-0.18,0.0000,0.0000,0.0000,1
1.976,-52,8,-29,1485,1498,-0.42,-0.18,0.0000,0.0000,0.0000,1
1.993,-52,8,-29,1485,1498,-0.42,-0.18,0.0000,0.0000,0.0000,1
2.011,-53,10,-29,1485,1498,-0.42,-0.18,0.0000,0.0000,0.0000,1
2.029,-54,11,-30,1484,1497,-0.42,-0.18,0.0000,0.0000,0.0000,1
2.047,-56,12,-30,1484,1497,-0.42,-0.18,0.0000,0.0000,0.0000,1
2.066,-60,12,-29,1482,1498,-0.42,-0.18,0.0000,0.0000,0.0000,1
2.085,-63,11,-29,1482,1498,-0.42,-0.18,0.0000,0.0000,0.0000,0
0.018,-65,10,-30,1481,1497,-0.42,-0.18,0.0000,0.0000,0.0000,0
0.036,-67,8,-31,1480,1497,-0.42,-0.18,0.0000,0.0000,0.0000,0
0.053,-69,7,-31,1480,1497,-0.42,-0.18,0.0000,0.0000,0.0000,0
0.070,-71,7,-31,1479,1497,-0.42,-0.18,0.0000,0.0000,0.0000,0
0.089,-72,6,-31,1479,1497,-0.81,-0.25,0.0000,0.0000,0.0000,0
0.106,-76,6,-30,1478,1497,-0.81,-0.25,0.0000,0.0000,0.0000,0
0.124,-78,6,-30,1477,1497,-0.81,-0.25,0.0000,0.0000,0.0000,0
0.143,-80,7,-30,1476,1497,-0.81,-0.25,0.0000,0.0000,0.0000,0
0.160,-83,7,-31,1476,1497,-0.81,-0.25,0.0000,0.0000,0.0000,0
0.177,-85,7,-31,1475,1497,-0.81,-0.25,0.0000,0.0000,0.0000,0
0.195,-87,7,-32,1474,1497,-0.81,-0.25,0.0000,0.0000,0.0000,0
0.212,-89,7,-31,1474,1497,-0.81,-0.25,0.0000,0.0000,0.0000,0
0.230,-91,7,-32,1473,1497,-0.81,-0.25,0.0000,0.0000,0.0000,0
0.247,-93,7,-32,1473,1497,-0.81,-0.25,0.0000,0.0000,0.0000,0
0.266,-95,8,-32,1472,1497,-0.81,-0.25,0.0000,0.0000,0.0000,0
0.283,-96,8,-32,1472,1497,-0.81,-0.25,0.0000,0.0000,0.0000,0
0.302,-98,8,-32,1471,1497,-0.81,-0.25,0.0000,0.0000,0.0000,0
0.321,-99,8,-31,1471,1497,-0.81,-0.25,0.0000,0.0000,0.0000,0
0.340,-102,8,-31,1470,1497,-1.69,-0.22,0.0000,0.0000,0.0000,0
0.357,-103,7,-31,1470,1497,-1.69,-0.22,0.0000,0.0000,0.0000,0
0.376,-104,7,-31,1470,1497,-1.69,-0.22,0.0000,0.0000,0.0000,0
0.394,-105,5,-31,1470,1497,-1.69,-0.22,0.0000,0.0000,0.0000,0
0.413,-106,5,-32,1470,1497,-1.69,-0.22,0.0000,0.0000,0.0000,0
0.431,-106,5,-32,1470,1497,-1.69,-0.22,0.0000,0.0000,0.0000,0
0.452,-107,2,-32,1470,1497,-1.69,-0.22,0.0000,0.0000,0.0000,0
0.469,-108,0,-33,1470,1497,-1.69,-0.22,0.0000,0.0000,0.0000,0
0.487,-109,-1,-33,1470,1497,-1.69,-0.22,0.0000,0.0000,0.0000,0
0.505,-110,-5,-32,1470,1497,-1.69,-0.22,0.0000,0.0000,0.0000,0
0.523,-110,-6,-32,1470,1497,-1.69,-0.22,0.0000,0.0000,0.0000,0
0.542,-110,-8,-32,1470,1497,-1.69,-0.22,0.0000,0.0000,0.0000,0
0.559,-110,-9,-32,1470,1497,-1.69,-0.22,0.0000,0.0000,0.0000,0
0.577,-111,-9,-33,1470,1497,-1.69,-0.22,0.0000,0.0000,0.0000,0
0.595,-111,-10,-33,1470,1497,-1.70,-1.35,0.0000,0.0000,0.0000,0
0.613,-111,-11,-33,1470,1497,-1.70,-1.35,0.0000,0.0000,0.0000,0
0.632,-111,-11,-34,1470,1497,-1.70,-1.35,0.0000,0.0000,0.0000,0
0.650,-111,-11,-34,1470,1497,-1.70,-1.35,0.0000,0.0000,0.0000,0
0.668,-110,-11,-34,1470,1497,-1.70,-1.35,0.0000,0.0000,0.0000,0
0.686,-109,-12,-33,1470,1497,-1.70,-1.35,0.0000,0.0000,0.0000,0
0.703,-108,-12,-34,1470,1497,-1.70,-1.35,0.0000,0.0000,0.0000,0
0.721,-106,-12,-33,1470,1497,-1.70,-1.35,0.0000,0.0000,0.0000,0
0.738,-105,-11,-33,1470,1497,-1.70,-1.35,0.0000,0.0000,0.0000,0
0.756,-101,-10,-34,1470,1497,-1.70,-1.35,0.0000,0.0000,0.0000,0
0.773,-99,-9,-34,1471,1497,-1.70,-1.35,0.0000,0.0000,0.0000,0
0.790,-99,-9,-34,1471,1497,-1.70,-1.35,0.0000,0.0000,0.0000,0
0.807,-97,-7,-34,1471,1497,-1.70,-1.35,0.0000,0.0000,0.0000,0
0.825,-92,-4,-34,1473,1497,-1.70,-1.35,0.0000,0.0000,0.0000,0
0.842,-92,-4,-34,1473,1497,-1.47,-0.84,0.0000,0.0000,0.0000,0
0.861,-87,-1,-34,1474,1497,-1.47,-0.84,0.0000,0.0000,0.0000,0
0.878,-85,0,-35,1475,1497,-1.47,-0.84,0.0000,0.0000,0.0000,0
0.895,-83,2,-35,1476,1497,-1.47,-0.84,0.0000,0.0000,0.0000,0
0.912,-80,3,-35,1476,1497,-1.47,-0.84,0.0000,0.0000,0.0000,0
0.932,-78,5,-35,1477,1497,-1.47,-0.84,0.0000,0.0000,0.0000,0
0.950,-76,6,-34,1478,1497,-1.47,-0.84,0.0000,0.0000,0.0000,0
0.967,-73,7,-35,1479,1497,-1.47,-0.84,0.0000,0.0000,0.0000,0
0.985,-70,8,-35,1479,1497,-1.47,-0.84,0.0000,0.0000,0.0000,0
1.002,-67,8,-35,1480,1497,-1.47,-0.84,0.0000,0.0000,0.0000,0
1.021,-64,9,-34,1481,1497,-1.47,-0.84,0.0000,0.0000,0.0000,0
1.039,-61,9,-35,1482,1497,-1.47,-0.84,0.0000,0.0000,0.0000,0
1.056,-54,11,-35,1484,1497,-1.47,-0.84,0.0000,0.0000,0.0000,0
1.075,-51,11,-35,1484,1497,-1.47,-0.84,0.0000,0.0000,0.0000,0
1.093,-47,13,-35,1491,1497,-1.41,-0.08,0.0000,0.0000,0.0000,0
1.110,-44,14,-35,1492,1497,-1.41,-0.08,0.0000,0.0000,0.0000,0
1.127,-41,15,-36,1492,1497,-1.41,-0.08,0.0000,0.0000,0.0000,0
1.144,-38,16,-36,1493,1497,-1.41,-0.08,0.0000,0.0000,0.0000,0
1.162,-34,17,-36,1494,1497,-1.41,-0.08,0.0000,0.0000,0.0000,0
1.179,-31,17,-36,1494,1497,-1.41,-0.08,0.0000,0.0000,0.0000,0
1.196,-28,17,-36,1495,1497,-1.41,-0.08,0.0000,0.0000,0.0000,0
1.220,-25,18,-36,1495,1497,-1.41,-0.08,0.0000,0.0000,0.0000,0
1.238,-21,18,-36,1496,1497,-1.41,-0.08,0.0000,0.0000,0.0000,0
1.255,-17,17,-36,1497,1497,-1.41,-0.08,0.0000,0.0000,0.0000,0
1.273,-14,16,-36,1498,1497,-1.41,-0.08,0.0000,0.0000,0.0000,0
1.290,-10,14,-37,1498,1497,-1.41,-0.08,0.0000,0.0000,0.0000,0
1.307,-7,13,-37,1499,1497,-1.41,-0.08,0.0000,0.0000,0.0000,0
1.326,-1,11,-36,1500,1497,-1.41,-0.08,0.0000,0.0000,0.0000,0
1.343,0,9,-37,1500,1497,-0.69,-0.12,0.0000,0.0000,0.0000,0
1.361,3,7,-37,1500,1497,-0.69,-0.12,0.0000,0.0000,0.0000,0
1.382,4,5,-36,1500,1497,-0.69,-0.12,0.0000,0.0000,0.0000,0
1.400,6,4,-36,1501,1497,-0.69,-0.12,0.0000,0.0000,0.0000,0
1.419,7,3,-37,1501,1497,-0.69,-0.12,0.0000,0.0000,0.0000,0
1.437,8,1,-37,1501,1497,-0.69,-0.12,0.0000,0.0000,0.0000,0
1.456,9,-1,-37,1501,1497,-0.69,-0.12,0.0000,0.0000,0.0000,0
1.474,10,-3,-37,1502,1497,-0.69,-0.12,0.0000,0.0000,0.0000,0
1.492,10,-4,-37,1502,1497,-0.69,-0.12,0.0000,0.0000,0.0000,0
1.509,12,-7,-38,1502,1497,-0.69,-0.12,0.0000,0.0000,0.0000,0
1.527,15,-15,-37,1503,1497,-0.69,-0.12,0.0000,0.0000,0.0000,0
1.544,16,-18,-37,1503,1497,-0.69,-0.12,0.0000,0.0000,0.0000,0
1.562,17,-21,-37,1503,1497,-0.69,-0.12,0.0000,0.0000,0.0000,0
1.579,19,-22,-38,1503,1497,-0.69,-0.12,0.0000,0.0000,0.0000,0
1.596,21,-24,-39,1504,1497,-0.03,-1.88,0.0000,0.0000,0.0000,0
1.619,22,-25,-39,1504,1497,-0.03,-1.88,0.0000,0.0000,0.0000,0
1.638,25,-25,-39,1505,1497,-0.03,-1.88,0.0000,0.0000,0.0000,0
1.655,28,-30,-39,1505,1497,-0.03,-1.88,0.0000,0.0000,0.0000,0
1.673,30,-34,-39,1506,1497,-0.03,-1.88,0.0000,0.0000,0.0000,0
1.690,31,-37,-40,1506,1496,-0.03,-1.88,0.0000,0.0000,0.0000,0
1.707,31,-38,-40,1506,1496,-0.03,-1.88,0.0000,0.0000,0.0000,0
1.724,32,-40,-39,1506,1497,-0.03,-1.88,0.0000,0.0000,0.0000,0
1.742,33,-42,-38,1506,1497,-0.03,-1.88,0.0000,0.0000,0.0000,0
1.759,34,-44,-39,1506,1497,-0.03,-1.88,0.0000,0.0000,0.0000,0
1.777,35,-44,-40,1507,1496,-0.03,-1.88,0.0000,0.0000,0.0000,0
1.794,36,-44,-39,1507,1497,-0.03,-1.88,0.0000,0.0000,0.0000,0
1.812,38,-45,-39,1507,1497,-0.03,-1.88,0.0000,0.0000,0.0000,0
1.830,39,-45,-39,1507,1497,-0.03,-1.88,0.0000,0.0000,0.0000,0
1.847,40,-45,-40,1508,1496,0.89,-2.30,0.0000,0.0000,0.0000,0
1.865,41,-45,-40,1508,1496,0.89,-2.30,0.0000,0.0000,0.0000,0
1.882,42,-45,-40,1508,1496,0.89,-2.30,0.0000,0.0000,0.0000,0
1.900,43,-43,-40,1508,1496,0.89,-2.30,0.0000,0.0000,0.0000,0
1.923,44,-42,-40,1508,1496,0.89,-2.30,0.0000,0.0000,0.0000,0
1.941,44,-42,-40,1508,1496,0.89,-2.30,0.0000,0.0000,0.0000,0
1.960,44,-41,-40,1508,1496,0.89,-2.30,0.0000,0.0000,0.0000,0
1.977,44,-40,-40,1508,1496,0.89,-2.30,0.0000,0.0000,0.0000,0
1.995,44,-40,-40,1508,1496,0.89,-2.30,0.0000,0.0000,0.0000,0
2.013,44,-40,-39,1508,1497,0.89,-2.30,0.0000,0.0000,0.0000,0
2.030,44,-41,-39,1508,1497,0.89,-2.30,0.0000,0.0000,0.0000,0
2.047,44,-43,-39,1508,1497,0.89,-2.30,0.0000,0.0000,0.0000,0
2.065,43,-45,-39,1508,1497,0.89,-2.30,0.0000,0.0000,0.0000,0
2.082,42,-45,-40,1508,1496,0.89,-2.30,0.0000,0.0000,0.0000,0
2.100,41,-45,-40,1508,1496,1.00,-1.91,0.0000,0.0000,0.0000,0
2.118,41,-43,-39,1508,1497,1.00,-1.91,0.0000,0.0000,0.0000,0
2.135,40,-41,-39,1508,1497,1.00,-1.91,0.0000,0.0000,0.0000,0
2.153,40,-40,-39,1508,1497,1.00,-1.91,0.0000,0.0000,0.0000,0
2.170,40,-37,-40,1508,1496,1.00,-1.91,0.0000,0.0000,0.0000,0
2.188,40,-36,-39,1508,1497,1.00,-1.91,0.0000,0.0000,0.0000,0
2.206,40,-36,-39,1508,1497,1.00,-1.91,0.0000,0.0000,0.0000,0
2.223,41,-35,-38,1508,1497,1.00,-1.91,0.0000,0.0000,0.0000,0
2.241,41,-34,-39,1508,1497,1.00,-1.91,0.0000,0.0000,0.0000,0
2.258,41,-34,-38,1508,1497,1.00,-1.91,0.0000,0.0000,0.0000,0
2.275,42,-33,-38,1508,1497,1.00,-1.91,0.0000,0.0000,0.0000,0
2.293,42,-33,-38,1508,1497,1.00,-1.91,0.0000,0.0000,0.0000,0
2.310,42,-33,-39,1508,1497,1.00,-1.91,0.0000,0.0000,0.0000,0
2.328,42,-33,-39,1508,1497,1.00,-1.91,0.0000,0.0000,0.0000,0
2.346,42,-33,-39,1508,1497,0.50,-1.48,0.0000,0.0000,0.0000,0
2.363,42,-32,-39,1508,1497,0.50,-1.48,0.0000,0.0000,0.0000,0
2.381,42,-32,-38,1508,1497,0.50,-1.48,0.0000,0.0000,0.0000,0
2.399,42,-31,-38,1508,1497,0.50,-1.48,0.0000,0.0000,0.0000,0
2.417,42,-30,-38,1508,1497,0.50,-1.48,0.0000,0.0000,0.0000,0
2.434,42,-29,-38,1508,1497,0.50,-1.48,0.0000,0.0000,0.0000,0
2.451,42,-29,-38,1508,1497,0.50,-1.48,0.0000,0.0000,0.0000,0
2.468,42,-28,-38,1508,1497,0.50,-1.48,0.0000,0.0000,0.0000,0
2.487,42,-26,-38,1508,1497,0.50,-1.48,0.0000,0.0000,0.0000,0
2.505,42,-24,-37,1508,1497,0.50,-1.48,0.0000,0.0000,0.0000,0
2.523,42,-24,-37,1508,1497,0.50,-1.48,0.0000,0.0000,0.0000,0
2.540,42,-22,-37,1508,1497,0.50,-1.48,0.0000,0.0000,0.0000,0
2.558,42,-21,-37,1508,1497,0.50,-1.48,0.0000,0.0000,0.0000,0
2.575,42,-19,-37,1508,1497,0.50,-1.48,0.0000,0.0000,0.0000,0
2.593,42,-19,-37,1508,1497,0.39,-0.78,0.0000,0.0000,0.0000,0
2.611,42,-18,-36,1508,1497,0.39,-0.78,0.0000,0.0000,0.0000,0
2.630,42,-17,-36,1508,1497,0.39,-0.78,0.0000,0.0000,0.0000,0
2.647,42,-16,-36,1508,1497,0.39,-0.78,0.0000,0.0000,0.0000,0
2.669,42,-14,-37,1508,1497,0.39,-0.78,0.0000,0.0000,0.0000,0
2.686,42,-13,-37,1508,1497,0.39,-0.78,0.0000,0.0000,0.0000,0
2.704,41,-12,-36,1508,1497,0.39,-0.78,0.0000,0.0000,0.0000,0
2.722,41,-12,-36,1508,1497,0.39,-0.78,0.0000,0.0000,0.0000,0
2.740,42,-10,-36,1508,1497,0.39,-0.78,0.0000,0.0000,0.0000,0
2.758,42,-10,-36,1508,1497,0.39,-0.78,0.0000,0.0000,0.0000,0
2.775,43,-8,-35,1508,1497,0.39,-0.78,0.0000,0.0000,0.0000,0
2.792,44,-7,-36,1508,1497,0.39,-0.78,0.0000,0.0000,0.0000,0
2.811,44,-7,-36,1508,1497,0.39,-0.78,0.0000,0.0000,0.0000,0
2.829,44,-6,-36,1508,1497,0.39,-0.78,0.0000,0.0000,0.0000,0
2.847,45,-6,-35,1509,1497,-0.35,-0.19,0.0000,0.0000,0.0000,0
2.865,45,-7,-35,1509,1497,-0.35,-0.19,0.0000,0.0000,0.0000,0
2.883,45,-8,-35,1509,1497,-0.35,-0.19,0.0000,0.0000,0.0000,0
2.902,45,-9,-35,1509,1497,-0.35,-0.19,0.0000,0.0000,0.0000,0
2.919,45,-9,-35,1509,1497,-0.35,-0.19,0.0000,0.0000,0.0000,0
2.936,45,-12,-35,1509,1497,-0.35,-0.19,0.0000,0.0000,0.0000,0
2.955,45,-12,-35,1509,1497,-0.35,-0.19,0.0000,0.0000,0.0000,0
2.972,44,-13,-35,1508,1497,-0.35,-0.19,0.0000,0.0000,0.0000,0
2.989,44,-13,-35,1508,1497,-0.35,-0.19,0.0000,0.0000,0.0000,0
3.008,44,-13,-35,1508,1497,-0.35,-0.19,0.0000,0.0000,0.0000,0
3.026,44,-13,-34,1508,1497,-0.35,-0.19,0.0000,0.0000,0.0000,0
3.044,44,-15,-34,1508,1497,-0.35,-0.19,0.0000,0.0000,0.0000,0
3.063,44,-16,-34,1508,1497,-0.35,-0.19,0.0000,0.0000,0.0000,0
3.080,44,-18,-34,1508,1497,-0.35,-0.19,0.0000,0.0000,0.0000,0
3.098,44,-19,-33,1508,1497,-0.20,-0.66,0.0000,0.0000,0.0000,0
3.116,44,-20,-33,1508,1497,-0.20,-0.66,0.0000,0.0000,0.0000,0
3.134,44,-21,-34,1508,1497,-0.20,-0.66,0.0000,0.0000,0.0000,0
3.151,45,-22,-33,1509,1497,-0.20,-0.66,0.0000,0.0000,0.0000,0
3.169,45,-23,-33,1509,1497,-0.20,-0.66,0.0000,0.0000,0.0000,0
3.186,45,-24,-33,1509,1497,-0.20,-0.66,0.0000,0.0000,0.0000,0
3.204,45,-24,-34,1509,1497,-0.20,-0.66,0.0000,0.0000,0.0000,0
3.222,45,-23,-33,1509,1497,-0.20,-0.66,0.0000,0.0000,0.0000,0
3.240,45,-22,-34,1509,1497,-0.20,-0.66,0.0000,0.0000,0.0000,0
3.257,45,-21,-34,1509,1497,-0.20,-0.66,0.0000,0.0000,0.0000,0
3.275,46,-20,-34,1509,1497,-0.20,-0.66,0.0000,0.0000,0.0000,0
3.292,46,-18,-33,1509,1497,-0.20,-0.66,0.0000,0.0000,0.0000,0
3.311,47,-18,-33,1509,1497,-0.20,-0.66,0.0000,0.0000,0.0000,0
3.329,47,-17,-33,1509,1497,-0.20,-0.66,0.0000,0.0000,0.0000,0
3.346,48,-17,-33,1509,1497,-0.09,-0.77,0.0000,0.0000,0.0000,0
3.363,49,-18,-32,1509,1497,-0.09,-0.77,0.0000,0.0000,0.0000,0
3.383,49,-19,-33,1509,1497,-0.09,-0.77,0.0000,0.0000,0.0000,0
3.400,50,-19,-32,1510,1497,-0.09,-0.77,0.0000,0.0000,0.0000,0
3.419,50,-21,-32,1510,1497,-0.09,-0.77,0.0000,0.0000,0.0000,0
3.436,51,-20,-33,1515,1497,-0.09,-0.77,0.0000,0.0000,0.0000,0
3.454,51,-19,-32,1515,1497,-0.09,-0.77,0.0000,0.0000,0.0000,0
3.472,51,-19,-32,1515,1497,-0.09,-0.77,0.0000,0.0000,0.0000,0
3.490,51,-20,-32,1515,1497,-0.09,-0.77,0.0000,0.0000,0.0000,0
3.507,50,-18,-33,1510,1497,-0.09,-0.77,0.0000,0.0000,0.0000,0
3.525,49,-16,-31,1509,1497,-0.09,-0.77,0.0000,0.0000,0.0000,0
3.543,49,-13,-31,1509,1497,-0.09,-0.77,0.0000,0.0000,0.0000,0
3.560,49,-13,-32,1509,1497,-0.09,-0.77,0.0000,0.0000,0.0000,0
3.578,48,-12,-31,1509,1497,-0.09,-0.77,0.0000,0.0000,0.0000,0
3.595,48,-12,-31,1509,1497,-0.45,-0.47,0.0000,0.0000,0.0000,0
3.613,46,-12,-32,1509,1497,-0.45,-0.47,0.0000,0.0000,0.0000,0
3.632,45,-11,-31,1509,1497,-0.45,-0.47,0.0000,0.0000,0.0000,0
3.649,44,-11,-31,1508,1497,-0.45,-0.47,0.0000,0.0000,0.0000,0
3.667,43,-11,-32,1508,1497,-0.45,-0.47,0.0000,0.0000,0.0000,0
3.686,42,-12,-31,1508,1497,-0.45,-0.47,0.0000,0.0000,0.0000,0
3.704,40,-11,-31,1508,1497,-0.45,-0.47,0.0000,0.0000,0.0000,0
3.721,38,-11,-31,1507,1497,-0.45,-0.47,0.0000,0.0000,0.0000,0
3.738,37,-11,-31,1507,1497,-0.45,-0.47,0.0000,0.0000,0.0000,0
3.755,36,-10,-31,1507,1497,-0.45,-0.47,0.0000,0.0000,0.0000,0
3.772,35,-10,-30,1507,1497,-0.45,-0.47,0.0000,0.0000,0.0000,1
3.790,33,-10,-30,1506,1497,-0.45,-0.47,0.0000,0.0000,0.0000,1
3.807,32,-11,-30,1506,1497,-0.45,-0.47,0.0000,0.0000,0.0000,1
3.825,30,-12,-31,1506,1497,-0.45,-0.47,0.0000,0.0000,0.0000,0
0.017,28,-11,-31,1505,1497,-0.64,-0.34,0.0000,0.0000,0.0000,0
0.035,28,-10,-30,1505,1497,-0.64,-0.34,0.0000,0.0000,0.0000,1
0.057,26,-11,-30,1505,1497,-0.64,-0.34,0.0000,0.0000,0.0000,1
0.076,24,-12,-31,1504,1497,-0.64,-0.34,0.0000,0.0000,0.0000,0
0.017,23,-12,-30,1504,1497,-0.64,-0.34,0.0000,0.0000,0.0000,1
0.036,21,-13,-30,1504,1497,-0.64,-0.34,0.0000,0.0000,0.0000,1
0.055,19,-13,-30,1503,1497,-0.64,-0.34,0.0000,0.0000,0.0000,1
0.074,16,-16,-30,1503,1497,-0.64,-0.34,0.0000,0.0000,0.0000,1
0.092,15,-17,-30,1503,1497,-0.64,-0.34,0.0000,0.0000,0.0000,1
0.110,13,-19,-31,1502,1497,-0.64,-0.34,0.0000,0.0000,0.0000,0
0.018,12,-20,-31,1502,1497,-0.64,-0.34,0.0000,0.0000,0.0000,0
0.036,10,-23,-32,1502,1497,-0.64,-0.34,0.0000,0.0000,0.0000,0
0.055,9,-25,-30,1501,1497,-0.64,-0.34,0.0000,0.0000,0.0000,1
0.073,7,-28,-31,1501,1497,-0.53,-1.27,0.0000,0.0000,0.0000,0
0.018,5,-29,-30,1501,1497,-0.53,-1.27,0.0000,0.0000,0.0000,1
0.036,2,-30,-29,1500,1498,-0.53,-1.27,0.0000,0.0000,0.0000,1
0.055,1,-29,-30,1500,1497,-0.53,-1.27,0.0000,0.0000,0.0000,1
0.073,0,-29,-30,1500,1497,-0.53,-1.27,0.0000,0.0000,0.0000,1
0.091,-1,-30,-29,1500,1498,-0.53,-1.27,0.0000,0.0000,0.0000,1
0.109,-2,-31,-29,1500,1498,-0.53,-1.27,0.0000,0.0000,0.0000,1
0.127,-3,-30,-30,1500,1497,-0.53,-1.27,0.0000,0.0000,0.0000,1
0.144,-4,-30,-29,1500,1498,-0.53,-1.27,0.0000,0.0000,0.0000,1
0.162,-5,-29,-30,1499,1497,-0.53,-1.27,0.0000,0.0000,0.0000,1
0.179,-6,-30,-30,1499,1497,-0.53,-1.27,0.0000,0.0000,0.0000,1
0.196,-7,-30,-30,1499,1497,-0.53,-1.27,0.0000,0.0000,0.0000,1
0.213,-8,-29,-30,1499,1497,-0.53,-1.27,0.0000,0.0000,0.0000,1
0.230,-10,-29,-31,1498,1497,-0.53,-1.27,0.0000,0.0000,0.0000,0
0.017,-11,-30,-32,1498,1497,-0.83,-1.30,0.0000,0.0000,0.0000,0
0.034,-13,-30,-32,1498,1497,-0.83,-1.30,0.0000,0.0000,0.0000,0
0.051,-14,-30,-31,1498,1497,-0.83,-1.30,0.0000,0.0000,0.0000,0
0.068,-15,-29,-30,1497,1497,-0.83,-1.30,0.0000,0.0000,0.0000,1
0.087,-15,-28,-30,1497,1497,-0.83,-1.30,0.0000,0.0000,0.0000,1
0.104,-16,-27,-30,1497,1497,-0.83,-1.30,0.0000,0.0000,0.0000,1
0.124,-17,-27,-29,1497,1498,-0.83,-1.30,0.0000,0.0000,0.0000,1
0.143,-18,-26,-30,1497,1497,-0.83,-1.30,0.0000,0.0000,0.0000,1
0.161,-19,-26,-30,1497,1497,-0.83,-1.30,0.0000,0.0000,0.0000,1
0.182,-20,-26,-30,1496,1497,-0.83,-1.30,0.0000,0.0000,0.0000,1
0.200,-20,-26,-29,1496,1498,-0.83,-1.30,0.0000,0.0000,0.0000,1
0.219,-20,-26,-29,1496,1498,-0.83,-1.30,0.0000,0.0000,0.0000,1
0.236,-20,-26,-29,1496,1498,-0.83,-1.30,0.0000,0.0000,0.0000,1
0.254,-20,-26,-29,1496,1498,-0.83,-1.30,0.0000,0.0000,0.0000,1
0.274,-20,-24,-28,1496,1498,-0.63,-1.18,0.0000,0.0000,0.0000,1
0.291,-19,-24,-29,1497,1498,-0.63,-1.18,0.0000,0.0000,0.0000,1
0.309,-20,-25,-29,1496,1498,-0.63,-1.18,0.0000,0.0000,0.0000,1
0.326,-20,-25,-30,1496,1497,-0.63,-1.18,0.0000,0.0000,0.0000,1
0.343,-20,-25,-29,1496,1498,-0.63,-1.18,0.0000,0.0000,0.0000,1
0.361,-20,-26,-30,1496,1497,-0.63,-1.18,0.0000,0.0000,0.0000,1
0.378,-20,-26,-30,1496,1497,-0.63,-1.18,0.0000,0.0000,0.0000,1
0.395,-20,-25,-30,1496,1497,-0.63,-1.18,0.0000,0.0000,0.0000,1
0.413,-19,-26,-30,1497,1497,-0.63,-1.18,0.0000,0.0000,0.0000,1
0.430,-19,-26,-30,1497,1497,-0.63,-1.18,0.0000,0.0000,0.0000,1
0.448,-19,-26,-30,1497,1497,-0.63,-1.18,0.0000,0.0000,0.0000,1
0.465,-19,-27,-30,1497,1497,-0.63,-1.18,0.0000,0.0000,0.0000,1
0.483,-19,-27,-30,1497,1497,-0.63,-1.18,0.0000,0.0000,0.0000,1
0.500,-19,-26,-30,1497,1497,-0.63,-1.18,0.0000,0.0000,0.0000,1
0.517,-19,-27,-31,1497,1497,-0.57,-1.43,0.0000,0.0000,0.0000,0
0.017,-19,-27,-31,1497,1497,-0.57,-1.43,0.0000,0.0000,0.0000,0
0.035,-18,-27,-31,1497,1497,-0.57,-1.43,0.0000,0.0000,0.0000,0
0.052,-19,-25,-31,1497,1497,-0.57,-1.43,0.0000,0.0000,0.0000,0
0.069,-18,-24,-31,1497,1497,-0.57,-1.43,0.0000,0.0000,0.0000,0
0.087,-18,-24,-31,1497,1497,-0.57,-1.43,0.0000,0.0000,0.0000,0
0.104,-18,-24,-31,1497,1497,-0.57,-1.43,0.0000,0.0000,0.0000,0
0.122,-18,-23,-30,1497,1497,-0.57,-1.43,0.0000,0.0000,0.0000,1
0.140,-18,-23,-30,1497,1497,-0.57,-1.43,0.0000,0.0000,0.0000,1
0.158,-18,-24,-29,1497,1498,-0.57,-1.43,0.0000,0.0000,0.0000,1
0.176,-18,-26,-29,1497,1498,-0.57,-1.43,0.0000,0.0000,0.0000,1
0.194,-19,-27,-29,1497,1498,-0.57,-1.43,0.0000,0.0000,0.0000,1
0.212,-20,-27,-29,1496,1498,-0.57,-1.43,0.0000,0.0000,0.0000,1
0.230,-20,-27,-30,1496,1497,-0.57,-1.43,0.0000,0.0000,0.0000,1
0.247,-20,-28,-29,1496,1498,-0.57,-1.43,0.0000,0.0000,0.0000,1
0.264,-20,-28,-29,1496,1498,-0.20,-1.38,0.0000,0.0000,0.0000,1
0.281,-20,-30,-30,1496,1497,-0.20,-1.38,0.0000,0.0000,0.0000,1
0.299,-20,-30,-30,1496,1497,-0.20,-1.38,0.0000,0.0000,0.0000,1
0.317,-20,-29,-30,1496,1497,-0.20,-1.38,0.0000,0.0000,0.0000,1
0.334,-20,-28,-30,1496,1497,-0.20,-1.38,0.0000,0.0000,0.0000,1
0.352,-19,-29,-30,1497,1497,-0.20,-1.38,0.0000,0.0000,0.0000,1
0.369,-19,-29,-29,1497,1498,-0.20,-1.38,0.0000,0.0000,0.0000,1
0.391,-19,-29,-29,1497,1498,-0.20,-1.38,0.0000,0.0000,0.0000,1
0.412,-19,-30,-29,1497,1498,-0.20,-1.38,0.0000,0.0000,0.0000,1
0.432,-19,-30,-29,1497,1498,-0.20,-1.38,0.0000,0.0000,0.0000,1
0.449,-19,-31,-29,1497,1498,-0.20,-1.38,0.0000,0.0000,0.0000,1
0.466,-19,-33,-29,1497,1498,-0.20,-1.38,0.0000,0.0000,0.0000,1
0.484,-20,-34,-30,1496,1497,-0.20,-1.38,0.0000,0.0000,0.0000,1
0.502,-21,-34,-30,1496,1497,-0.02,-1.36,0.0000,0.0000,0.0000,1
0.519,-21,-34,-30,1496,1497,-0.02,-1.36,0.0000,0.0000,0.0000,1
0.537,-22,-35,-30,1496,1497,-0.02,-1.36,0.0000,0.0000,0.0000,1
0.554,-23,-35,-30,1496,1497,-0.02,-1.36,0.0000,0.0000,0.0000,1
0.572,-24,-36,-30,1496,1497,-0.02,-1.36,0.0000,0.0000,0.0000,1
0.590,-24,-36,-31,1496,1497,-0.02,-1.36,0.0000,0.0000,0.0000,0
0.018,-25,-37,-30,1495,1497,-0.02,-1.36,0.0000,0.0000,0.0000,1
0.035,-25,-37,-31,1495,1497,-0.02,-1.36,0.0000,0.0000,0.0000,0
0.017,-26,-38,-32,1495,1497,-0.02,-1.36,0.0000,0.0000,0.0000,0
0.034,-26,-39,-31,1495,1497,-0.02,-1.36,0.0000,0.0000,0.0000,0
0.052,-27,-39,-31,1495,1497,-0.02,-1.36,0.0000,0.0000,0.0000,0
0.069,-27,-40,-31,1495,1497,-0.02,-1.36,0.0000,0.0000,0.0000,0
0.086,-27,-40,-31,1495,1497,-0.02,-1.36,0.0000,0.0000,0.0000,0
0.104,-27,-40,-31,1495,1497,-0.02,-1.36,0.0000,0.0000,0.0000,0
0.121,-27,-39,-31,1495,1497,-0.02,-1.36,0.0000,0.0000,0.0000,0
0.138,-27,-39,-31,1495,1497,-0.20,-1.71,0.0000,0.0000,0.0000,0
0.155,-27,-39,-31,1495,1497,-0.20,-1.71,0.0000,0.0000,0.0000,0
0.172,-27,-39,-31,1495,1497,-0.20,-1.71,0.0000,0.0000,0.0000,0
0.189,-27,-39,-31,1495,1497,-0.20,-1.71,0.0000,0.0000,0.0000,0
0.207,-27,-39,-31,1495,1497,-0.20,-1.71,0.0000,0.0000,0.0000,0
0.224,-27,-40,-30,1495,1497,-0.20,-1.71,0.0000,0.0000,0.0000,1
0.241,-27,-40,-31,1495,1497,-0.20,-1.71,0.0000,0.0000,0.0000,0
0.017,-26,-41,-31,1495,1497,-0.20,-1.71,0.0000,0.0000,0.0000,0
0.034,-26,-41,-31,1495,1497,-0.20,-1.71,0.0000,0.0000,0.0000,0
0.052,-25,-40,-30,1495,1497,-0.20,-1.71,0.0000,0.0000,0.0000,1
0.070,-25,-40,-30,1495,1497,-0.20,-1.71,0.0000,0.0000,0.0000,1
0.087,-24,-41,-30,1496,1497,-0.20,-1.71,0.0000,0.0000,0.0000,1
0.104,-24,-41,-30,1496,1497,-0.20,-1.71,0.0000,0.0000,0.0000,1
0.124,-23,-41,-30,1496,1497,-0.20,-1.71,0.0000,0.0000,0.0000,1
0.143,-22,-41,-30,1496,1497,0.26,-1.92,0.0000,0.0000,0.0000,1
0.161,-21,-40,-31,1496,1497,0.26,-1.92,0.0000,0.0000,0.0000,0
0.017,-20,-39,-30,1496,1497,0.26,-1.92,0.0000,0.0000,0.0000,1
0.035,-19,-38,-30,1497,1497,0.26,-1.92,0.0000,0.0000,0.0000,1
0.054,-17,-37,-29,1497,1498,0.26,-1.92,0.0000,0.0000,0.0000,1
0.072,-15,-35,-29,1497,1498,0.26,-1.92,0.0000,0.0000,0.0000,1
0.090,-13,-33,-29,1498,1498,0.26,-1.92,0.0000,0.0000,0.0000,1
0.107,-10,-31,-29,1498,1498,0.26,-1.92,0.0000,0.0000,0.0000,1
0.124,-8,-29,-29,1499,1498,0.26,-1.92,0.0000,0.0000,0.0000,1
0.143,-6,-27,-30,1499,1497,0.26,-1.92,0.0000,0.0000,0.0000,1
0.160,-5,-25,-29,1499,1498,0.26,-1.92,0.0000,0.0000,0.0000,1
0.178,-2,-23,-29,1500,1498,0.26,-1.92,0.0000,0.0000,0.0000,1
0.196,-1,-22,-29,1500,1498,0.26,-1.92,0.0000,0.0000,0.0000,1
0.213,0,-20,-30,1500,1497,0.26,-1.92,0.0000,0.0000,0.0000,1
0.230,1,-18,-30,1500,1497,0.08,-0.91,0.0000,0.0000,0.0000,1
0.251,1,-16,-30,1500,1497,0.08,-0.91,0.0000,0.0000,0.0000,1
0.269,1,-15,-29,1500,1498,0.08,-0.91,0.0000,0.0000,0.0000,1
0.287,2,-14,-29,1500,1498,0.08,-0.91,0.0000,0.0000,0.0000,1
0.305,2,-13,-29,1500,1498,0.08,-0.91,0.0000,0.0000,0.0000,1
0.322,2,-14,-29,1500,1498,0.08,-0.91,0.0000,0.0000,0.0000,1
0.339,2,-14,-29,1500,1498,0.08,-0.91,0.0000,0.0000,0.0000,1
0.358,1,-14,-29,1500,1498,0.08,-0.91,0.0000,0.0000,0.0000,1
0.375,1,-14,-29,1500,1498,0.08,-0.91,0.0000,0.0000,0.0000,1
0.394,0,-14,-29,1500,1498,0.08,-0.91,0.0000,0.0000,0.0000,1
0.412,0,-14,-29,1500,1498,0.08,-0.91,0.0000,0.0000,0.0000,1
0.429,-1,-14,-29,1500,1498,0.08,-0.91,0.0000,0.0000,0.0000,1
0.447,-1,-14,-29,1500,1498,0.08,-0.91,0.0000,0.0000,0.0000,1
0.464,-1,-15,-28,1500,1498,0.08,-0.91,0.0000,0.0000,0.0000,1
0.481,-1,-15,-29,1500,1498,-0.10,-0.84,0.0000,0.0000,0.0000,1
0.499,-1,-14,-29,1500,1498,-0.10,-0.84,0.0000,0.0000,0.0000,1
0.517,0,-14,-30,1500,1497,-0.10,-0.84,0.0000,0.0000,0.0000,1
0.534,1,-14,-30,1500,1497,-0.10,-0.84,0.0000,0.0000,0.0000,1
0.551,2,-14,-29,1500,1498,-0.10,-0.84,0.0000,0.0000,0.0000,1
0.569,3,-14,-29,1500,1498,-0.10,-0.84,0.0000,0.0000,0.0000,1
0.587,4,-13,-29,1500,1498,-0.10,-0.84,0.0000,0.0000,0.0000,1
0.604,5,-13,-29,1501,1498,-0.10,-0.84,0.0000,0.0000,0.0000,1
0.621,5,-13,-29,1501,1498,-0.10,-0.84,0.0000,0.0000,0.0000,1
0.639,6,-12,-29,1501,1498,-0.10,-0.84,0.0000,0.0000,0.0000,1
0.657,7,-12,-29,1501,1498,-0.10,-0.84,0.0000,0.0000,0.0000,1
0.677,8,-12,-29,1501,1498,-0.10,-0.84,0.0000,0.0000,0.0000,1
0.695,9,-11,-29,1501,1498,-0.10,-0.84,0.0000,0.0000,0.0000,1
0.713,10,-10,-29,1502,1498,-0.10,-0.84,0.0000,0.0000,0.0000,1
0.731,10,-10,-29,1502,1498,-0.25,-0.67,0.0000,0.0000,0.0000,1
0.750,10,-10,-29,1502,1498,-0.25,-0.67,0.0000,0.0000,0.0000,1
0.767,11,-11,-29,1502,1498,-0.25,-0.67,0.0000,0.0000,0.0000,1
0.785,11,-11,-29,1502,1498,-0.25,-0.67,0.0000,0.0000,0.0000,1
0.804,11,-12,-29,1502,1498,-0.25,-0.67,0.0000,0.0000,0.0000,1
0.822,11,-12,-29,1502,1498,-0.25,-0.67,0.0000,0.0000,0.0000,1
0.839,11,-12,-29,1502,1498,-0.25,-0.67,0.0000,0.0000,0.0000,1
0.857,12,-13,-29,1502,1498,-0.25,-0.67,0.0000,0.0000,0.0000,1
0.875,12,-13,-29,1502,1498,-0.25,-0.67,0.0000,0.0000,0.0000,1
0.893,13,-14,-29,1502,1498,-0.25,-0.67,0.0000,0.0000,0.0000,1
0.910,14,-14,-29,1502,1498,-0.25,-0.67,0.0000,0.0000,0.0000,1
0.928,14,-14,-28,1502,1498,-0.25,-0.67,0.0000,0.0000,0.0000,1
0.945,15,-14,-28,1503,1498,-0.25,-0.67,0.0000,0.0000,0.0000,1
0.962,16,-14,-29,1503,1498,-0.25,-0.67,0.0000,0.0000,0.0000,1
0.980,17,-14,-29,1503,1498,-0.17,-0.81,0.0000,0.0000,0.0000,1
0.997,17,-14,-29,1503,1498,-0.17,-0.81,0.0000,0.0000,0.0000,1
1.015,18,-14,-28,1503,1498,-0.17,-0.81,0.0000,0.0000,0.0000,1
1.033,18,-14,-28,1503,1498,-0.17,-0.81,0.0000,0.0000,0.0000,1
1.051,19,-14,-28,1503,1498,-0.17,-0.81,0.0000,0.0000,0.0000,1
1.071,20,-13,-28,1504,1498,-0.17,-0.81,0.0000,0.0000,0.0000,1
1.089,20,-12,-28,1504,1498,-0.17,-0.81,0.0000,0.0000,0.0000,1
1.109,21,-11,-28,1504,1498,-0.17,-0.81,0.0000,0.0000,0.0000,1
1.127,21,-10,-28,1504,1498,-0.17,-0.81,0.0000,0.0000,0.0000,1
1.145,21,-10,-28,1504,1498,-0.17,-0.81,0.0000,0.0000,0.0000,1
1.162,22,-10,-28,1504,1498,-0.17,-0.81,0.0000,0.0000,0.0000,1
1.179,21,-10,-28,1504,1498,-0.17,-0.81,0.0000,0.0000,0.0000,1
1.197,22,-10,-28,1504,1498,-0.17,-0.81,0.0000,0.0000,0.0000,1
1.214,22,-11,-28,1504,1498,-0.17,-0.81,0.0000,0.0000,0.0000,1
1.231,22,-11,-28,1504,1498,-0.13,-0.90,0.0000,0.0000,0.0000,1
1.249,22,-11,-28,1504,1498,-0.13,-0.90,0.0000,0.0000,0.0000,1
1.268,22,-11,-29,1504,1498,-0.13,-0.90,0.0000,0.0000,0.0000,1
1.286,22,-13,-29,1504,1498,-0.13,-0.90,0.0000,0.0000,0.0000,1
1.303,22,-13,-29,1504,1498,-0.13,-0.90,0.0000,0.0000,0.0000,1
1.321,21,-13,-29,1504,1498,-0.13,-0.90,0.0000,0.0000,0.0000,1
1.338,21,-12,-29,1504,1498,-0.13,-0.90,0.0000,0.0000,0.0000,1
1.358,21,-12,-30,1504,1497,-0.13,-0.90,0.0000,0.0000,0.0000,1
1.376,21,-11,-29,1504,1498,-0.13,-0.90,0.0000,0.0000,0.0000,1
1.395,20,-10,-30,1504,1497,-0.13,-0.90,0.0000,0.0000,0.0000,1
1.413,19,-10,-30,1503,1497,-0.13,-0.90,0.0000,0.0000,0.0000,1
1.431,18,-10,-29,1503,1498,-0.13,-0.90,0.0000,0.0000,0.0000,1
1.449,17,-10,-30,1503,1497,-0.13,-0.90,0.0000,0.0000,0.0000,1
1.466,15,-11,-29,1503,1498,-0.13,-0.90,0.0000,0.0000,0.0000,1
1.484,13,-12,-29,1502,1498,-0.22,-1.17,0.0000,0.0000,0.0000,1
1.501,12,-13,-29,1502,1498,-0.22,-1.17,0.0000,0.0000,0.0000,1
1.518,10,-14,-29,1502,1498,-0.22,-1.17,0.0000,0.0000,0.0000,1
1.536,8,-15,-29,1501,1498,-0.22,-1.17,0.0000,0.0000,0.0000,1
1.554,6,-16,-29,1501,1498,-0.22,-1.17,0.0000,0.0000,0.0000,1
1.571,5,-16,-30,1501,1497,-0.22,-1.17,0.0000,0.0000,0.0000,1
1.588,3,-16,-30,1500,1497,-0.22,-1.17,0.0000,0.0000,0.0000,1
1.606,2,-16,-30,1500,1497,-0.22,-1.17,0.0000,0.0000,0.0000,1
1.624,0,-17,-30,1500,1497,-0.22,-1.17,0.0000,0.0000,0.0000,1
1.642,0,-17,-30,1500,1497,-0.22,-1.17,0.0000,0.0000,0.0000,1
1.659,-3,-17,-30,1500,1497,-0.22,-1.17,0.0000,0.0000,0.0000,1
1.678,-5,-18,-30,1499,1497,-0.22,-1.17,0.0000,0.0000,0.0000,1
1.696,-6,-18,-31,1499,1497,-0.22,-1.17,0.0000,0.0000,0.0000,0
0.018,-8,-18,-30,1499,1497,-0.22,-1.17,0.0000,0.0000,0.0000,1
0.036,-10,-19,-31,1498,1497,-0.82,-1.79,0.0000,0.0000,0.0000,0
0.017,-12,-20,-32,1498,1497,-0.82,-1.79,0.0000,0.0000,0.0000,0
0.035,-13,-21,-31,1498,1497,-0.82,-1.79,0.0000,0.0000,0.0000,0
0.052,-15,-22,-32,1497,1497,-0.82,-1.79,0.0000,0.0000,0.0000,0
0.070,-16,-22,-32,1497,1497,-0.82,-1.79,0.0000,0.0000,0.0000,0
0.088,-18,-23,-31,1497,1497,-0.82,-1.79,0.0000,0.0000,0.0000,0
0.105,-19,-24,-32,1497,1497,-0.82,-1.79,0.0000,0.0000,0.0000,0
0.123,-21,-24,-32,1496,1497,-0.82,-1.79,0.0000,0.0000,0.0000,0
0.140,-22,-25,-31,1496,1497,-0.82,-1.79,0.0000,0.0000,0.0000,0
0.163,-24,-25,-32,1496,1497,-0.82,-1.79,0.0000,0.0000,0.0000,0
0.180,-26,-26,-32,1495,1497,-0.82,-1.79,0.0000,0.0000,0.0000,0
0.198,-27,-26,-32,1495,1497,-0.82,-1.79,0.0000,0.0000,0.0000,0
0.215,-29,-26,-33,1495,1497,-0.82,-1.79,0.0000,0.0000,0.0000,0
0.233,-30,-26,-33,1494,1497,-0.82,-1.79,0.0000,0.0000,0.0000,0
0.251,-31,-26,-33,1494,1497,-1.51,-2.17,0.0000,0.0000,0.0000,0
0.269,-32,-26,-33,1494,1497,-1.51,-2.17,0.0000,0.0000,0.0000,0
0.286,-33,-25,-33,1494,1497,-1.51,-2.17,0.0000,0.0000,0.0000,0
0.303,-34,-23,-33,1494,1497,-1.51,-2.17,0.0000,0.0000,0.0000,0
0.321,-35,-22,-33,1493,1497,-1.51,-2.17,0.0000,0.0000,0.0000,0
0.340,-36,-21,-34,1493,1497,-1.51,-2.17,0.0000,0.0000,0.0000,0
0.359,-37,-18,-33,1493,1497,-1.51,-2.17,0.0000,0.0000,0.0000,0
0.379,-38,-17,-32,1493,1497,-1.51,-2.17,0.0000,0.0000,0.0000,0
0.397,-38,-15,-33,1493,1497,-1.51,-2.17,0.0000,0.0000,0.0000,0
0.415,-39,-14,-34,1493,1497,-1.51,-2.17,0.0000,0.0000,0.0000,0
0.432,-39,-14,-33,1493,1497,-1.51,-2.17,0.0000,0.0000,0.0000,0
0.450,-40,-13,-33,1492,1497,-1.51,-2.17,0.0000,0.0000,0.0000,0
0.467,-40,-12,-33,1492,1497,-1.51,-2.17,0.0000,0.0000,0.0000,0
0.485,-40,-12,-34,1492,1497,-1.51,-2.17,0.0000,0.0000,0.0000,0
0.502,-40,-12,-34,1492,1497,-2.33,-1.20,0.0000,0.0000,0.0000,0
0.520,-40,-12,-34,1492,1497,-2.33,-1.20,0.0000,0.0000,0.0000,0
0.538,-40,-13,-33,1492,1497,-2.33,-1.20,0.0000,0.0000,0.0000,0
0.556,-40,-13,-33,1492,1497,-2.33,-1.20,0.0000,0.0000,0.0000,0
0.579,-40,-13,-34,1492,1497,-2.33,-1.20,0.0000,0.0000,0.0000,0
0.597,-40,-13,-34,1492,1497,-2.33,-1.20,0.0000,0.0000,0.0000,0
0.616,-39,-13,-34,1493,1497,-2.33,-1.20,0.0000,0.0000,0.0000,0
0.635,-39,-13,-35,1493,1497,-2.33,-1.20,0.0000,0.0000,0.0000,0
0.653,-39,-13,-35,1493,1497,-2.33,-1.20,0.0000,0.0000,0.0000,0
0.672,-38,-14,-35,1493,1497,-2.33,-1.20,0.0000,0.0000,0.0000,0
0.690,-37,-14,-35,1493,1497,-2.33,-1.20,0.0000,0.0000,0.0000,0
0.707,-37,-14,-35,1493,1497,-2.33,-1.20,0.0000,0.0000,0.0000,0
0.724,-35,-13,-36,1493,1497,-2.33,-1.20,0.0000,0.0000,0.0000,0
0.741,-35,-13,-36,1493,1497,-2.32,-1.70,0.0000,0.0000,0.0000,0
0.759,-34,-13,-35,1494,1497,-2.32,-1.70,0.0000,0.0000,0.0000,0
0.778,-33,-12,-35,1494,1497,-2.32,-1.70,0.0000,0.0000,0.0000,0
0.796,-33,-12,-36,1494,1497,-2.32,-1.70,0.0000,0.0000,0.0000,0
0.816,-32,-10,-36,1494,1497,-2.32,-1.70,0.0000,0.0000,0.0000,0
0.833,-31,-9,-36,1494,1497,-2.32,-1.70,0.0000,0.0000,0.0000,0
0.851,-31,-9,-36,1494,1497,-2.32,-1.70,0.0000,0.0000,0.0000,0
0.869,-31,-8,-36,1494,1497,-2.32,-1.70,0.0000,0.0000,0.0000,0
0.888,-31,-9,-36,1494,1497,-2.32,-1.70,0.0000,0.0000,0.0000,0
0.906,-31,-10,-36,1494,1497,-2.32,-1.70,0.0000,0.0000,0.0000,0
0.923,-31,-11,-37,1494,1497,-2.32,-1.70,0.0000,0.0000,0.0000,0
0.940,-31,-13,-37,1494,1497,-2.32,-1.70,0.0000,0.0000,0.0000,0
0.957,-30,-15,-37,1494,1497,-2.32,-1.70,0.0000,0.0000,0.0000,0
0.974,-30,-17,-37,1494,1497,-2.32,-1.70,0.0000,0.0000,0.0000,0
0.991,-29,-18,-37,1495,1497,-1.71,-2.42,0.0000,0.0000,0.0000,0
1.009,-28,-20,-37,1495,1497,-1.71,-2.42,0.0000,0.0000,0.0000,0
1.027,-27,-20,-38,1495,1497,-1.71,-2.42,0.0000,0.0000,0.0000,0
1.044,-27,-21,-38,1495,1497,-1.71,-2.42,0.0000,0.0000,0.0000,0
1.062,-26,-22,-38,1495,1497,-1.71,-2.42,0.0000,0.0000,0.0000,0
1.083,-25,-22,-37,1495,1497,-1.71,-2.42,0.0000,0.0000,0.0000,0
1.103,-24,-21,-38,1496,1497,-1.71,-2.42,0.0000,0.0000,0.0000,0
1.123,-23,-20,-39,1496,1497,-1.71,-2.42,0.0000,0.0000,0.0000,0
1.141,-22,-19,-38,1496,1497,-1.71,-2.42,0.0000,0.0000,0.0000,0
1.158,-21,-19,-39,1496,1497,-1.71,-2.42,0.0000,0.0000,0.0000,0
1.177,-18,-18,-38,1497,1497,-1.71,-2.42,0.0000,0.0000,0.0000,0
1.194,-17,-18,-38,1497,1497,-1.71,-2.42,0.0000,0.0000,0.0000,0
1.211,-16,-18,-39,1497,1497,-1.71,-2.42,0.0000,0.0000,0.0000,0
1.229,-14,-18,-38,1498,1497,-1.71,-2.42,0.0000,0.0000,0.0000,0
1.250,-12,-18,-38,1498,1497,-1.49,-2.61,0.0000,0.0000,0.0000,0
1.270,-11,-18,-39,1498,1497,-1.49,-2.61,0.0000,0.0000,0.0000,0
1.287,-11,-17,-39,1498,1497,-1.49,-2.61,0.0000,0.0000,0.0000,0
1.304,-10,-17,-39,1498,1497,-1.49,-2.61,0.0000,0.0000,0.0000,0
1.322,-10,-17,-39,1498,1497,-1.49,-2.61,0.0000,0.0000,0.0000,0
1.339,-9,-18,-39,1499,1497,-1.49,-2.61,0.0000,0.0000,0.0000,0
1.356,-9,-18,-40,1499,1496,-1.49,-2.61,0.0000,0.0000,0.0000,0
1.374,-9,-18,-40,1499,1496,-1.49,-2.61,0.0000,0.0000,0.0000,0
1.392,-10,-17,-41,1498,1496,-1.49,-2.61,0.0000,0.0000,0.0000,0
1.410,-9,-16,-40,1499,1496,-1.49,-2.61,0.0000,0.0000,0.0000,0
1.428,-8,-15,-41,1499,1496,-1.49,-2.61,0.0000,0.0000,0.0000,0
1.446,-8,-15,-41,1499,1496,-1.49,-2.61,0.0000,0.0000,0.0000,0
1.463,-7,-15,-41,1499,1496,-1.49,-2.61,0.0000,0.0000,0.0000,0
1.481,-6,-13,-41,1499,1496,-1.49,-2.61,0.0000,0.0000,0.0000,0
1.498,-5,-12,-40,1499,1496,-0.57,-2.49,0.0000,0.0000,0.0000,0
1.516,-3,-10,-40,1500,1496,-0.57,-2.49,0.0000,0.0000,0.0000,0
1.534,-1,-9,-41,1500,1496,-0.57,-2.49,0.0000,0.0000,0.0000,0
1.551,1,-7,-41,1500,1496,-0.57,-2.49,0.0000,0.0000,0.0000,0
1.569,3,-5,-41,1500,1496,-0.57,-2.49,0.0000,0.0000,0.0000,0
1.587,6,-2,-40,1501,1496,-0.57,-2.49,0.0000,0.0000,0.0000,0
1.605,9,0,-40,1501,1496,-0.57,-2.49,0.0000,0.0000,0.0000,0
1.623,11,2,-40,1502,1496,-0.57,-2.49,0.0000,0.0000,0.0000,0
1.642,13,3,-40,1502,1496,-0.57,-2.49,0.0000,0.0000,0.0000,0
1.659,17,5,-40,1503,1496,-0.57,-2.49,0.0000,0.0000,0.0000,0
1.677,18,6,-40,1503,1496,-0.57,-2.49,0.0000,0.0000,0.0000,0
1.695,18,7,-41,1503,1496,-0.57,-2.49,0.0000,0.0000,0.0000,0
1.713,18,10,-41,1503,1496,-0.57,-2.49,0.0000,0.0000,0.0000,0
1.730,18,12,-40,1503,1496,-0.57,-2.49,0.0000,0.0000,0.0000,0
1.751,18,14,-41,1503,1496,-0.35,-1.59,0.0000,0.0000,0.0000,0
1.769,17,14,-41,1503,1496,-0.35,-1.59,0.0000,0.0000,0.0000,0
1.788,16,14,-41,1503,1496,-0.35,-1.59,0.0000,0.0000,0.0000,0
1.805,16,14,-41,1503,1496,-0.35,-1.59,0.0000,0.0000,0.0000,0
1.822,15,13,-41,1503,1496,-0.35,-1.59,0.0000,0.0000,0.0000,0
1.839,14,12,-41,1502,1496,-0.35,-1.59,0.0000,0.0000,0.0000,0
1.857,13,12,-42,1502,1496,-0.35,-1.59,0.0000,0.0000,0.0000,0
1.874,13,12,-42,1502,1496,-0.35,-1.59,0.0000,0.0000,0.0000,0
1.892,12,12,-43,1502,1496,-0.35,-1.59,0.0000,0.0000,0.0000,0
1.910,12,11,-43,1502,1496,-0.35,-1.59,0.0000,0.0000,0.0000,0
1.928,13,11,-43,1502,1496,-0.35,-1.59,0.0000,0.0000,0.0000,0
1.945,14,10,-42,1502,1496,-0.35,-1.59,0.0000,0.0000,0.0000,0
1.963,15,8,-42,1503,1496,-0.35,-1.59,0.0000,0.0000,0.0000,0
1.980,15,7,-42,1503,1496,-0.35,-1.59,0.0000,0.0000,0.0000,0
1.998,16,5,-42,1503,1496,-0.33,-2.47,0.0000,0.0000,0.0000,0
2.015,16,3,-43,1503,1496,-0.33,-2.47,0.0000,0.0000,0.0000,0
2.033,16,1,-43,1503,1496,-0.33,-2.47,0.0000,0.0000,0.0000,0
2.050,16,0,-43,1503,1496,-0.33,-2.47,0.0000,0.0000,0.0000,0
2.068,17,-1,-44,1503,1496,-0.33,-2.47,0.0000,0.0000,0.0000,0
2.086,18,-3,-44,1503,1496,-0.33,-2.47,0.0000,0.0000,0.0000,0
2.103,18,-3,-43,1503,1496,-0.33,-2.47,0.0000,0.0000,0.0000,0
2.122,19,-5,-43,1503,1496,-0.33,-2.47,0.0000,0.0000,0.0000,0
2.141,19,-5,-43,1503,1496,-0.33,-2.47,0.0000,0.0000,0.0000,0
2.159,20,-6,-43,1504,1496,-0.33,-2.47,0.0000,0.0000,0.0000,0
2.177,20,-9,-43,1504,1496,-0.33,-2.47,0.0000,0.0000,0.0000,0
2.195,20,-9,-43,1504,1496,-0.33,-2.47,0.0000,0.0000,0.0000,0
2.212,21,-10,-43,1504,1496,-0.33,-2.47,0.0000,0.0000,0.0000,0
2.231,22,-10,-43,1504,1496,-0.33,-2.47,0.0000,0.0000,0.0000,0
2.248,22,-10,-44,1504,1496,-0.29,-3.36,0.0000,0.0000,0.0000,0
2.266,22,-10,-44,1504,1496,-0.29,-3.36,0.0000,0.0000,0.0000,0
2.284,23,-9,-44,1504,1496,-0.29,-3.36,0.0000,0.0000,0.0000,0
2.303,23,-9,-43,1504,1496,-0.29,-3.36,0.0000,0.0000,0.0000,0
2.320,23,-9,-43,1504,1496,-0.29,-3.36,0.0000,0.0000,0.0000,0
2.338,23,-8,-44,1504,1496,-0.29,-3.36,0.0000,0.0000,0.0000,0
2.356,23,-8,-45,1504,1496,-0.29,-3.36,0.0000,0.0000,0.0000,0
2.374,22,-9,-44,1504,1496,-0.29,-3.36,0.0000,0.0000,0.0000,0
2.392,22,-9,-44,1504,1496,-0.29,-3.36,0.0000,0.0000,0.0000,0
2.409,21,-8,-44,1504,1496,-0.29,-3.36,0.0000,0.0000,0.0000,0
2.428,21,-8,-44,1504,1496,-0.29,-3.36,0.0000,0.0000,0.0000,0
2.445,20,-8,-44,1504,1496,-0.29,-3.36,0.0000,0.0000,0.0000,0
2.464,20,-8,-44,1504,1496,-0.29,-3.36,0.0000,0.0000,0.0000,0
2.481,18,-9,-45,1503,1496,-0.29,-3.36,0.0000,0.0000,0.0000,0
2.499,18,-9,-45,1503,1496,-0.97,-3.28,0.0000,0.0000,0.0000,0
2.517,16,-10,-45,1503,1496,-0.97,-3.28,0.0000,0.0000,0.0000,0
2.535,15,-9,-45,1503,1496,-0.97,-3.28,0.0000,0.0000,0.0000,0
2.552,13,-8,-45,1502,1496,-0.97,-3.28,0.0000,0.0000,0.0000,0
2.570,11,-6,-45,1502,1496,-0.97,-3.28,0.0000,0.0000,0.0000,0
2.587,10,-6,-45,1502,1496,-0.97,-3.28,0.0000,0.0000,0.0000,0
2.605,9,-6,-46,1501,1496,-0.97,-3.28,0.0000,0.0000,0.0000,0
2.623,8,-5,-45,1501,1496,-0.97,-3.28,0.0000,0.0000,0.0000,0
2.640,7,-4,-45,1501,1496,-0.97,-3.28,0.0000,0.0000,0.0000,0
2.659,6,-4,-45,1501,1496,-0.97,-3.28,0.0000,0.0000,0.0000,0
2.679,6,-3,-45,1501,1496,-0.97,-3.28,0.0000,0.0000,0.0000,0
2.699,6,-3,-45,1501,1496,-0.97,-3.28,0.0000,0.0000,0.0000,0
2.716,6,-3,-45,1501,1496,-0.97,-3.28,0.0000,0.0000,0.0000,0
2.734,6,-3,-44,1501,1496,-0.97,-3.28,0.0000,0.0000,0.0000,0
2.752,6,-3,-44,1501,1496,-0.62,-3.16,0.0000,0.0000,0.0000,0
2.771,6,-4,-44,1501,1496,-0.62,-3.16,0.0000,0.0000,0.0000,0
2.788,7,-4,-45,1501,1496,-0.62,-3.16,0.0000,0.0000,0.0000,0
2.805,7,-4,-45,1501,1496,-0.62,-3.16,0.0000,0.0000,0.0000,0
2.824,8,-3,-45,1501,1496,-0.62,-3.16,0.0000,0.0000,0.0000,0
2.842,9,-3,-45,1501,1496,-0.62,-3.16,0.0000,0.0000,0.0000,0
2.861,11,-1,-47,1502,1496,-0.62,-3.16,0.0000,0.0000,0.0000,0
2.878,12,0,-47,1502,1496,-0.62,-3.16,0.0000,0.0000,0.0000,0
2.896,13,1,-47,1502,1496,-0.62,-3.16,0.0000,0.0000,0.0000,0
2.913,14,2,-46,1502,1496,-0.62,-3.16,0.0000,0.0000,0.0000,0
2.932,15,2,-46,1503,1496,-0.62,-3.16,0.0000,0.0000,0.0000,0
2.950,15,2,-46,1503,1496,-0.62,-3.16,0.0000,0.0000,0.0000,0
2.968,16,3,-45,1503,1496,-0.62,-3.16,0.0000,0.0000,0.0000,0
2.987,17,3,-44,1503,1496,-0.94,-2.82,0.0000,0.0000,0.0000,0
3.006,18,3,-44,1503,1496,-0.94,-2.82,0.0000,0.0000,0.0000,0
3.024,19,3,-44,1503,1496,-0.94,-2.82,0.0000,0.0000,0.0000,0
3.041,20,3,-45,1504,1496,-0.94,-2.82,0.0000,0.0000,0.0000,0
3.058,21,3,-45,1504,1496,-0.94,-2.82,0.0000,0.0000,0.0000,0
3.075,22,3,-46,1504,1496,-0.94,-2.82,0.0000,0.0000,0.0000,0
3.093,24,3,-46,1504,1496,-0.94,-2.82,0.0000,0.0000,0.0000,0
3.110,26,3,-46,1505,1496,-0.94,-2.82,0.0000,0.0000,0.0000,0
3.128,29,5,-45,1505,1496,-0.94,-2.82,0.0000,0.0000,0.0000,0
3.146,30,5,-45,1506,1496,-0.94,-2.82,0.0000,0.0000,0.0000,0
3.163,31,6,-45,1506,1496,-0.94,-2.82,0.0000,0.0000,0.0000,0
3.183,32,7,-45,1506,1496,-0.94,-2.82,0.0000,0.0000,0.0000,0
3.202,33,8,-45,1506,1496,-0.94,-2.82,0.0000,0.0000,0.0000,0
3.219,33,9,-46,1506,1496,-0.94,-2.82,0.0000,0.0000,0.0000,0
3.237,33,10,-45,1506,1496,-1.01,-2.35,0.0000,0.0000,0.0000,0
3.255,34,10,-45,1506,1496,-1.01,-2.35,0.0000,0.0000,0.0000,0
3.273,34,11,-45,1506,1496,-1.01,-2.35,0.0000,0.0000,0.0000,0
3.290,34,12,-45,1506,1496,-1.01,-2.35,0.0000,0.0000,0.0000,0
3.308,35,12,-45,1507,1496,-1.01,-2.35,0.0000,0.0000,0.0000,0
3.326,37,14,-45,1507,1496,-1.01,-2.35,0.0000,0.0000,0.0000,0
3.344,39,15,-45,1507,1496,-1.01,-2.35,0.0000,0.0000,0.0000,0
3.361,41,16,-45,1508,1496,-1.01,-2.35,0.0000,0.0000,0.0000,0
3.378,42,16,-45,1508,1496,-1.01,-2.35,0.0000,0.0000,0.0000,0
3.395,44,17,-46,1508,1496,-1.01,-2.35,0.0000,0.0000,0.0000,0
3.413,45,16,-45,1509,1496,-1.01,-2.35,0.0000,0.0000,0.0000,0
3.430,46,16,-45,1509,1496,-1.01,-2.35,0.0000,0.0000,0.0000,0
3.447,47,15,-45,1509,1496,-1.01,-2.35,0.0000,0.0000,0.0000,0
3.465,47,14,-45,1509,1496,-1.01,-2.35,0.0000,0.0000,0.0000,0
3.482,48,12,-44,1509,1496,-0.68,-2.11,0.0000,0.0000,0.0000,0
3.504,48,11,-44,1509,1496,-0.68,-2.11,0.0000,0.0000,0.0000,0
3.524,48,10,-45,1509,1496,-0.68,-2.11,0.0000,0.0000,0.0000,0
3.541,48,7,-45,1509,1496,-0.68,-2.11,0.0000,0.0000,0.0000,0
3.558,48,5,-45,1509,1496,-0.68,-2.11,0.0000,0.0000,0.0000,0
3.575,48,3,-45,1509,1496,-0.68,-2.11,0.0000,0.0000,0.0000,0
3.592,47,2,-45,1509,1496,-0.68,-2.11,0.0000,0.0000,0.0000,0
3.609,47,0,-45,1509,1496,-0.68,-2.11,0.0000,0.0000,0.0000,0
3.627,47,-2,-45,1509,1496,-0.68,-2.11,0.0000,0.0000,0.0000,0
3.644,46,-4,-45,1509,1496,-0.68,-2.11,0.0000,0.0000,0.0000,0
3.662,46,-4,-45,1509,1496,-0.68,-2.11,0.0000,0.0000,0.0000,0
3.679,45,-5,-45,1509,1496,-0.68,-2.11,0.0000,0.0000,0.0000,0
3.697,43,-5,-46,1508,1496,-0.68,-2.11,0.0000,0.0000,0.0000,0
3.716,42,-5,-46,1508,1496,-0.68,-2.11,0.0000,0.0000,0.0000,0
3.733,41,-5,-45,1508,1496,-0.71,-2.70,0.0000,0.0000,0.0000,0
3.751,40,-5,-44,1508,1496,-0.71,-2.70,0.0000,0.0000,0.0000,0
3.771,39,-5,-44,1507,1496,-0.71,-2.70,0.0000,0.0000,0.0000,0
3.789,38,-5,-45,1507,1496,-0.71,-2.70,0.0000,0.0000,0.0000,0
3.807,38,-4,-45,1507,1496,-0.71,-2.70,0.0000,0.0000,0.0000,0
3.824,37,-5,-45,1507,1496,-0.71,-2.70,0.0000,0.0000,0.0000,0
3.842,36,-6,-45,1507,1496,-0.71,-2.70,0.0000,0.0000,0.0000,0
3.859,36,-5,-45,1507,1496,-0.71,-2.70,0.0000,0.0000,0.0000,0
3.876,35,-4,-45,1507,1496,-0.71,-2.70,0.0000,0.0000,0.0000,0
3.894,34,-3,-45,1506,1496,-0.71,-2.70,0.0000,0.0000,0.0000,0
3.911,34,-2,-45,1506,1496,-0.71,-2.70,0.0000,0.0000,0.0000,0
3.929,33,-2,-45,1506,1496,-0.71,-2.70,0.0000,0.0000,0.0000,0
3.946,32,-3,-45,1506,1496,-0.71,-2.70,0.0000,0.0000,0.0000,0
3.963,32,-3,-45,1506,1496,-0.71,-2.70,0.0000,0.0000,0.0000,0
3.982,32,-3,-45,1506,1496,-0.91,-2.16,0.0000,0.0000,0.0000,0
3.999,30,-3,-45,1506,1496,-0.91,-2.16,0.0000,0.0000,0.0000,0
4.017,30,-3,-44,1506,1496,-0.91,-2.16,0.0000,0.0000,0.0000,0
4.034,28,-3,-44,1505,1496,-0.91,-2.16,0.0000,0.0000,0.0000,0
4.051,27,-3,-44,1505,1496,-0.91,-2.16,0.0000,0.0000,0.0000,0
4.069,25,-4,-45,1505,1496,-0.91,-2.16,0.0000,0.0000,0.0000,0
4.088,24,-6,-45,1504,1496,-0.91,-2.16,0.0000,0.0000,0.0000,0
4.105,23,-7,-45,1504,1496,-0.91,-2.16,0.0000,0.0000,0.0000,0
4.123,22,-9,-44,1504,1496,-0.91,-2.16,0.0000,0.0000,0.0000,0
4.142,22,-10,-44,1504,1496,-0.91,-2.16,0.0000,0.0000,0.0000,0
4.159,22,-12,-44,1504,1496,-0.91,-2.16,0.0000,0.0000,0.0000,0
4.176,21,-13,-44,1504,1496,-0.91,-2.16,0.0000,0.0000,0.0000,0
4.194,21,-13,-44,1504,1496,-0.91,-2.16,0.0000,0.0000,0.0000,0
4.212,21,-14,-45,1504,1496,-0.91,-2.16,0.0000,0.0000,0.0000,0
4.230,21,-14,-45,1504,1496,-1.52,-2.70,0.0000,0.0000,0.0000,0
4.249,21,-15,-45,1504,1496,-1.52,-2.70,0.0000,0.0000,0.0000,0
4.271,20,-17,-44,1504,1496,-1.52,-2.70,0.0000,0.0000,0.0000,0
4.289,19,-18,-45,1503,1496,-1.52,-2.70,0.0000,0.0000,0.0000,0
4.307,19,-19,-44,1503,1496,-1.52,-2.70,0.0000,0.0000,0.0000,0
4.326,19,-20,-44,1503,1496,-1.52,-2.70,0.0000,0.0000,0.0000,0
4.344,21,-23,-44,1504,1496,-1.52,-2.70,0.0000,0.0000,0.0000,0
4.362,21,-24,-44,1504,1496,-1.52,-2.70,0.0000,0.0000,0.0000,0
4.379,22,-24,-44,1504,1496,-1.52,-2.70,0.0000,0.0000,0.0000,0
4.396,23,-25,-44,1504,1496,-1.52,-2.70,0.0000,0.0000,0.0000,0
4.414,23,-25,-44,1504,1496,-1.52,-2.70,0.0000,0.0000,0.0000,0
4.431,24,-24,-45,1504,1496,-1.52,-2.70,0.0000,0.0000,0.0000,0
4.449,25,-23,-43,1505,1496,-1.52,-2.70,0.0000,0.0000,0.0000,0
4.466,25,-25,-43,1505,1496,-1.52,-2.70,0.0000,0.0000,0.0000,0
4.483,25,-25,-43,1505,1496,-1.38,-2.90,0.0000,0.0000,0.0000,0
4.501,25,-25,-43,1505,1496,-1.38,-2.90,0.0000,0.0000,0.0000,0
4.519,25,-25,-43,1505,1496,-1.38,-2.90,0.0000,0.0000,0.0000,0
4.538,25,-24,-43,1505,1496,-1.38,-2.90,0.0000,0.0000,0.0000,0
4.557,25,-25,-44,1505,1496,-1.38,-2.90,0.0000,0.0000,0.0000,0
4.574,25,-24,-45,1505,1496,-1.38,-2.90,0.0000,0.0000,0.0000,0
4.592,25,-23,-45,1505,1496,-1.38,-2.90,0.0000,0.0000,0.0000,0
4.611,25,-23,-44,1505,1496,-1.38,-2.90,0.0000,0.0000,0.0000,0
4.628,24,-24,-44,1504,1496,-1.38,-2.90,0.0000,0.0000,0.0000,0
4.645,24,-23,-44,1504,1496,-1.38,-2.90,0.0000,0.0000,0.0000,0
4.663,25,-23,-43,1505,1496,-1.38,-2.90,0.0000,0.0000,0.0000,0
4.680,25,-23,-44,1505,1496,-1.38,-2.90,0.0000,0.0000,0.0000,0
4.697,25,-23,-44,1505,1496,-1.38,-2.90,0.0000,0.0000,0.0000,0
4.714,25,-24,-43,1505,1496,-1.38,-2.90,0.0000,0.0000,0.0000,0
4.731,24,-26,-43,1504,1496,-0.81,-2.65,0.0000,0.0000,0.0000,0
4.749,24,-26,-43,1504,1496,-0.81,-2.65,0.0000,0.0000,0.0000,0
4.766,24,-26,-43,1504,1496,-0.81,-2.65,0.0000,0.0000,0.0000,0
4.784,23,-24,-44,1504,1496,-0.81,-2.65,0.0000,0.0000,0.0000,0
4.802,23,-22,-43,1504,1496,-0.81,-2.65,0.0000,0.0000,0.0000,0
4.819,23,-21,-42,1504,1496,-0.81,-2.65,0.0000,0.0000,0.0000,0
4.836,23,-19,-42,1504,1496,-0.81,-2.65,0.0000,0.0000,0.0000,0
4.853,24,-18,-43,1504,1496,-0.81,-2.65,0.0000,0.0000,0.0000,0
4.870,24,-17,-42,1504,1496,-0.81,-2.65,0.0000,0.0000,0.0000,0
4.889,25,-17,-42,1505,1496,-0.81,-2.65,0.0000,0.0000,0.0000,0
4.907,25,-17,-42,1505,1496,-0.81,-2.65,0.0000,0.0000,0.0000,0
4.924,25,-17,-42,1505,1496,-0.81,-2.65,0.0000,0.0000,0.0000,0
4.943,26,-17,-41,1505,1496,-0.81,-2.65,0.0000,0.0000,0.0000,0
4.961,27,-16,-41,1505,1496,-0.81,-2.65,0.0000,0.0000,0.0000,0
4.979,28,-16,-41,1505,1496,0.06,-2.01,0.0000,0.0000,0.0000,0
4.997,28,-16,-41,1505,1496,0.06,-2.01,0.0000,0.0000,0.0000,0
5.018,28,-17,-41,1505,1496,0.06,-2.01,0.0000,0.0000,0.0000,0
5.035,29,-18,-40,1505,1496,0.06,-2.01,0.0000,0.0000,0.0000,0
5.053,29,-19,-40,1505,1496,0.06,-2.01,0.0000,0.0000,0.0000,0
5.071,30,-20,-40,1506,1496,0.06,-2.01,0.0000,0.0000,0.0000,0
5.088,30,-21,-40,1506,1496,0.06,-2.01,0.0000,0.0000,0.0000,0
5.105,31,-21,-40,1506,1496,0.06,-2.01,0.0000,0.0000,0.0000,0
5.122,31,-21,-40,1506,1496,0.06,-2.01,0.0000,0.0000,0.0000,0
5.140,30,-20,-40,1506,1496,0.06,-2.01,0.0000,0.0000,0.0000,0
5.158,31,-19,-39,1506,1497,0.06,-2.01,0.0000,0.0000,0.0000,0
5.175,31,-18,-39,1506,1497,0.06,-2.01,0.0000,0.0000,0.0000,0
5.193,31,-18,-39,1506,1497,0.06,-2.01,0.0000,0.0000,0.0000,0
5.210,32,-17,-39,1506,1497,0.06,-2.01,0.0000,0.0000,0.0000,0
5.227,32,-17,-39,1506,1497,0.04,-1.88,0.0000,0.0000,0.0000,0
5.245,32,-17,-39,1506,1497,0.04,-1.88,0.0000,0.0000,0.0000,0
5.264,32,-17,-39,1506,1497,0.04,-1.88,0.0000,0.0000,0.0000,0
5.281,32,-17,-39,1506,1497,0.04,-1.88,0.0000,0.0000,0.0000,0
5.301,33,-16,-38,1506,1497,0.04,-1.88,0.0000,0.0000,0.0000,0
5.320,33,-16,-38,1506,1497,0.04,-1.88,0.0000,0.0000,0.0000,0
5.338,33,-15,-38,1506,1497,0.04,-1.88,0.0000,0.0000,0.0000,0
5.355,33,-14,-38,1506,1497,0.04,-1.88,0.0000,0.0000,0.0000,0
5.372,33,-13,-38,1506,1497,0.04,-1.88,0.0000,0.0000,0.0000,0
5.391,33,-13,-37,1506,1497,0.04,-1.88,0.0000,0.0000,0.0000,0
5.409,33,-12,-37,1506,1497,0.04,-1.88,0.0000,0.0000,0.0000,0
5.428,33,-12,-36,1506,1497,0.04,-1.88,0.0000,0.0000,0.0000,0
5.447,33,-12,-37,1506,1497,0.04,-1.88,0.0000,0.0000,0.0000,0
5.465,33,-12,-37,1506,1497,0.04,-1.88,0.0000,0.0000,0.0000,0
5.482,33,-12,-37,1506,1497,-0.08,-1.54,0.0000,0.0000,0.0000,0
5.500,33,-12,-36,1506,1497,-0.08,-1.54,0.0000,0.0000,0.0000,0
5.517,33,-12,-36,1506,1497,-0.08,-1.54,0.0000,0.0000,0.0000,0
5.535,33,-12,-36,1506,1497,-0.08,-1.54,0.0000,0.0000,0.0000,0
5.552,34,-12,-36,1506,1497,-0.08,-1.54,0.0000,0.0000,0.0000,0
5.569,34,-12,-36,1506,1497,-0.08,-1.54,0.0000,0.0000,0.0000,0
5.587,34,-12,-36,1506,1497,-0.08,-1.54,0.0000,0.0000,0.0000,0
5.604,34,-12,-35,1506,1497,-0.08,-1.54,0.0000,0.0000,0.0000,0
5.621,34,-12,-36,1506,1497,-0.08,-1.54,0.0000,0.0000,0.0000,0
5.638,34,-12,-36,1506,1497,-0.08,-1.54,0.0000,0.0000,0.0000,0
5.656,34,-12,-37,1506,1497,-0.08,-1.54,0.0000,0.0000,0.0000,0
5.674,33,-11,-36,1506,1497,-0.08,-1.54,0.0000,0.0000,0.0000,0
5.692,32,-10,-35,1506,1497,-0.08,-1.54,0.0000,0.0000,0.0000,0
5.710,32,-9,-34,1506,1497,-0.08,-1.54,0.0000,0.0000,0.0000,0
5.727,31,-8,-34,1506,1497,-0.52,-1.14,0.0000,0.0000,0.0000,0
5.747,30,-7,-34,1506,1497,-0.52,-1.14,0.0000,0.0000,0.0000,0
5.764,29,-7,-34,1505,1497,-0.52,-1.14,0.0000,0.0000,0.0000,0
5.786,28,-6,-34,1505,1497,-0.52,-1.14,0.0000,0.0000,0.0000,0
5.805,28,-5,-34,1505,1497,-0.52,-1.14,0.0000,0.0000,0.0000,0
5.822,26,-4,-34,1505,1497,-0.52,-1.14,0.0000,0.0000,0.0000,0
5.839,25,-3,-34,1505,1497,-0.52,-1.14,0.0000,0.0000,0.0000,0
5.857,25,-3,-33,1505,1497,-0.52,-1.14,0.0000,0.0000,0.0000,0
5.875,24,-1,-32,1504,1497,-0.52,-1.14,0.0000,0.0000,0.0000,0
5.892,23,-1,-32,1504,1497,-0.52,-1.14,0.0000,0.0000,0.0000,0
5.910,23,0,-32,1504,1497,-0.52,-1.14,0.0000,0.0000,0.0000,0
5.928,23,1,-32,1504,1497,-0.52,-1.14,0.0000,0.0000,0.0000,0
5.945,22,2,-32,1504,1497,-0.52,-1.14,0.0000,0.0000,0.0000,0
5.963,22,2,-31,1504,1497,-0.52,-1.14,0.0000,0.0000,0.0000,0
5.980,21,2,-31,1504,1497,-0.60,-0.45,0.0000,0.0000,0.0000,0
5.997,21,1,-31,1504,1497,-0.60,-0.45,0.0000,0.0000,0.0000,0
6.015,20,1,-31,1504,1497,-0.60,-0.45,0.0000,0.0000,0.0000,0
6.033,19,1,-31,1503,1497,-0.60,-0.45,0.0000,0.0000,0.0000,0
6.050,19,1,-31,1503,1497,-0.60,-0.45,0.0000,0.0000,0.0000,0
6.067,19,1,-31,1503,1497,-0.60,-0.45,0.0000,0.0000,0.0000,0
6.085,19,2,-31,1503,1497,-0.60,-0.45,0.0000,0.0000,0.0000,0
6.106,19,2,-31,1503,1497,-0.60,-0.45,0.0000,0.0000,0.0000,0
6.124,19,3,-31,1503,1497,-0.60,-0.45,0.0000,0.0000,0.0000,0
6.143,20,3,-30,1504,1497,-0.60,-0.45,0.0000,0.0000,0.0000,1
6.161,20,4,-30,1504,1497,-0.60,-0.45,0.0000,0.0000,0.0000,1
6.179,22,5,-30,1504,1497,-0.60,-0.45,0.0000,0.0000,0.0000,1
6.197,23,6,-30,1504,1497,-0.60,-0.45,0.0000,0.0000,0.0000,1
6.214,24,6,-30,1504,1497,-0.60,-0.45,0.0000,0.0000,0.0000,1
6.231,25,7,-30,1505,1497,-0.90,0.10,0.0000,0.0000,0.0000,1
6.248,26,7,-31,1505,1497,-0.90,0.10,0.0000,0.0000,0.0000,0
0.017,27,7,-30,1505,1497,-0.90,0.10,0.0000,0.0000,0.0000,1
0.035,28,7,-31,1505,1497,-0.90,0.10,0.0000,0.0000,0.0000,0
0.017,29,8,-31,1505,1497,-0.90,0.10,0.0000,0.0000,0.0000,0
0.035,30,8,-30,1506,1497,-0.90,0.10,0.0000,0.0000,0.0000,1
0.052,31,8,-30,1506,1497,-0.90,0.10,0.0000,0.0000,0.0000,1
0.070,33,8,-30,1506,1497,-0.90,0.10,0.0000,0.0000,0.0000,1
0.088,34,7,-29,1506,1498,-0.90,0.10,0.0000,0.0000,0.0000,1
0.105,34,7,-29,1506,1498,-0.90,0.10,0.0000,0.0000,0.0000,1
0.125,36,8,-29,1507,1498,-0.90,0.10,0.0000,0.0000,0.0000,1
0.144,37,9,-29,1507,1498,-0.90,0.10,0.0000,0.0000,0.0000,1
0.162,38,9,-29,1507,1498,-0.90,0.10,0.0000,0.0000,0.0000,1
0.180,39,9,-29,1507,1498,-0.90,0.10,0.0000,0.0000,0.0000,1
0.197,40,9,-29,1508,1498,-0.27,0.26,0.0000,0.0000,0.0000,1
0.214,40,9,-29,1508,1498,-0.27,0.26,0.0000,0.0000,0.0000,1
0.232,41,9,-29,1508,1498,-0.27,0.26,0.0000,0.0000,0.0000,1
0.250,42,9,-29,1508,1498,-0.27,0.26,0.0000,0.0000,0.0000,1
0.267,42,9,-29,1508,1498,-0.27,0.26,0.0000,0.0000,0.0000,1
0.284,43,8,-29,1508,1498,-0.27,0.26,0.0000,0.0000,0.0000,1
0.302,43,7,-29,1508,1498,-0.27,0.26,0.0000,0.0000,0.0000,1
0.321,44,5,-30,1508,1497,-0.27,0.26,0.0000,0.0000,0.0000,1
0.338,44,3,-29,1508,1498,-0.27,0.26,0.0000,0.0000,0.0000,1
0.356,44,1,-30,1508,1497,-0.27,0.26,0.0000,0.0000,0.0000,1
0.373,44,-1,-29,1508,1498,-0.27,0.26,0.0000,0.0000,0.0000,1
0.391,45,-3,-29,1509,1498,-0.27,0.26,0.0000,0.0000,0.0000,1
0.409,45,-4,-29,1509,1498,-0.27,0.26,0.0000,0.0000,0.0000,1
0.426,46,-9,-30,1509,1497,-0.27,0.26,0.0000,0.0000,0.0000,1
0.444,46,-11,-30,1509,1497,-0.04,-0.87,0.0000,0.0000,0.0000,1
0.461,46,-14,-30,1509,1497,-0.04,-0.87,0.0000,0.0000,0.0000,1
0.479,46,-16,-30,1509,1497,-0.04,-0.87,0.0000,0.0000,0.0000,1
0.496,46,-18,-30,1509,1497,-0.04,-0.87,0.0000,0.0000,0.0000,1
0.514,46,-19,-31,1509,1497,-0.04,-0.87,0.0000,0.0000,0.0000,0
0.020,46,-20,-31,1509,1497,-0.04,-0.87,0.0000,0.0000,0.0000,0
0.039,46,-21,-31,1509,1497,-0.04,-0.87,0.0000,0.0000,0.0000,0
0.057,47,-21,-31,1509,1497,-0.04,-0.87,0.0000,0.0000,0.0000,0
0.075,47,-21,-31,1509,1497,-0.04,-0.87,0.0000,0.0000,0.0000,0
0.092,48,-22,-31,1509,1497,-0.04,-0.87,0.0000,0.0000,0.0000,0
0.111,48,-22,-30,1509,1497,-0.04,-0.87,0.0000,0.0000,0.0000,1
0.129,49,-23,-30,1509,1497,-0.04,-0.87,0.0000,0.0000,0.0000,1
0.146,49,-24,-30,1509,1497,-0.04,-0.87,0.0000,0.0000,0.0000,1
0.165,49,-24,-30,1509,1497,-0.04,-0.87,0.0000,0.0000,0.0000,1
0.182,50,-25,-30,1510,1497,0.77,-1.49,0.0000,0.0000,0.0000,1
0.201,50,-26,-29,1510,1498,0.77,-1.49,0.0000,0.0000,0.0000,1
0.220,51,-26,-29,1515,1498,0.77,-1.49,0.0000,0.0000,0.0000,1
0.238,52,-26,-29,1515,1498,0.77,-1.49,0.0000,0.0000,0.0000,1
0.257,52,-26,-29,1515,1498,0.77,-1.49,0.0000,0.0000,0.0000,1
0.274,55,-26,-29,1516,1498,0.77,-1.49,0.0000,0.0000,0.0000,1
0.292,56,-26,-31,1516,1497,0.77,-1.49,0.0000,0.0000,0.0000,0
0.017,57,-26,-31,1517,1497,0.77,-1.49,0.0000,0.0000,0.0000,0
0.035,58,-26,-31,1517,1497,0.77,-1.49,0.0000,0.0000,0.0000,0
0.052,60,-25,-31,1518,1497,0.77,-1.49,0.0000,0.0000,0.0000,0
0.071,61,-25,-30,1518,1497,0.77,-1.49,0.0000,0.0000,0.0000,0
0.089,64,-25,-30,1518,1497,0.77,-1.49,0.0000,0.0000,0.0000,0
0.106,66,-24,-30,1519,1497,0.77,-1.49,0.0000,0.0000,0.0000,0
0.125,69,-24,-30,1520,1497,0.77,-1.49,0.0000,0.0000,0.0000,0
0.145,71,-23,-31,1521,1497,0.85,-1.35,0.0000,0.0000,0.0000,0
0.163,74,-22,-31,1522,1497,0.85,-1.35,0.0000,0.0000,0.0000,0
0.181,77,-21,-30,1523,1497,0.85,-1.35,0.0000,0.0000,0.0000,0
0.198,79,-20,-31,1523,1497,0.85,-1.35,0.0000,0.0000,0.0000,0
0.216,81,-19,-31,1524,1497,0.85,-1.35,0.0000,0.0000,0.0000,0
0.234,83,-19,-31,1524,1497,0.85,-1.35,0.0000,0.0000,0.0000,0
0.251,85,-19,-31,1525,1497,0.85,-1.35,0.0000,0.0000,0.0000,0
0.269,87,-18,-31,1526,1497,0.85,-1.35,0.0000,0.0000,0.0000,0
0.286,89,-18,-31,1526,1497,0.85,-1.35,0.0000,0.0000,0.0000,0
0.303,90,-19,-31,1527,1497,0.85,-1.35,0.0000,0.0000,0.0000,0
0.321,91,-20,-31,1527,1497,0.85,-1.35,0.0000,0.0000,0.0000,0
0.338,91,-20,-30,1527,1497,0.85,-1.35,0.0000,0.0000,0.0000,0
0.356,92,-21,-30,1527,1497,0.85,-1.35,0.0000,0.0000,0.0000,0
0.373,93,-21,-30,1527,1497,0.85,-1.35,0.0000,0.0000,0.0000,0
0.391,93,-23,-30,1527,1497,0.31,-1.42,0.0000,0.0000,0.0000,0
0.410,93,-24,-31,1527,1497,0.31,-1.42,0.0000,0.0000,0.0000,0
0.428,93,-24,-30,1527,1497,0.31,-1.42,0.0000,0.0000,0.0000,0
0.445,93,-24,-31,1527,1497,0.31,-1.42,0.0000,0.0000,0.0000,0
0.464,93,-23,-31,1527,1497,0.31,-1.42,0.0000,0.0000,0.0000,0
0.481,93,-23,-31,1527,1497,0.31,-1.42,0.0000,0.0000,0.0000,0
0.498,93,-23,-31,1527,1497,0.31,-1.42,0.0000,0.0000,0.0000,0
0.515,93,-25,-31,1527,1497,0.31,-1.42,0.0000,0.0000,0.0000,0
0.533,92,-26,-31,1527,1497,0.31,-1.42,0.0000,0.0000,0.0000,0
0.550,91,-26,-30,1527,1497,0.31,-1.42,0.0000,0.0000,0.0000,0
0.567,90,-28,-31,1527,1497,0.31,-1.42,0.0000,0.0000,0.0000,0
0.585,88,-30,-31,1526,1497,0.31,-1.42,0.0000,0.0000,0.0000,0
0.602,87,-31,-31,1526,1497,0.31,-1.42,0.0000,0.0000,0.0000,0
0.619,85,-31,-32,1525,1497,0.31,-1.42,0.0000,0.0000,0.0000,0
0.636,84,-32,-32,1525,1497,-0.12,-1.80,0.0000,0.0000,0.0000,0
0.653,84,-32,-32,1525,1497,-0.12,-1.80,0.0000,0.0000,0.0000,0
0.672,82,-33,-31,1524,1497,-0.12,-1.80,0.0000,0.0000,0.0000,0
0.690,80,-32,-32,1524,1497,-0.12,-1.80,0.0000,0.0000,0.0000,0
0.707,79,-31,-31,1523,1497,-0.12,-1.80,0.0000,0.0000,0.0000,0
0.725,78,-30,-32,1523,1497,-0.12,-1.80,0.0000,0.0000,0.0000,0
0.742,77,-30,-33,1523,1497,-0.12,-1.80,0.0000,0.0000,0.0000,0
0.760,75,-30,-33,1522,1497,-0.12,-1.80,0.0000,0.0000,0.0000,0
0.778,75,-29,-33,1522,1497,-0.12,-1.80,0.0000,0.0000,0.0000,0
0.795,74,-29,-33,1522,1497,-0.12,-1.80,0.0000,0.0000,0.0000,0
0.813,74,-28,-33,1522,1497,-0.12,-1.80,0.0000,0.0000,0.0000,0
0.831,73,-27,-32,1521,1497,-0.12,-1.80,0.0000,0.0000,0.0000,0
0.848,73,-27,-32,1521,1497,-0.12,-1.80,0.0000,0.0000,0.0000,0
0.865,72,-29,-33,1521,1497,-0.12,-1.80,0.0000,0.0000,0.0000,0
0.883,72,-29,-33,1521,1497,-0.12,-1.80,0.0000,0.0000,0.0000,0
0.900,71,-31,-33,1521,1497,-0.49,-1.53,0.0000,0.0000,0.0000,0
0.919,71,-31,-33,1521,1497,-0.49,-1.53,0.0000,0.0000,0.0000,0
0.937,70,-31,-31,1521,1497,-0.49,-1.53,0.0000,0.0000,0.0000,0
0.954,69,-30,-32,1520,1497,-0.49,-1.53,0.0000,0.0000,0.0000,0
0.971,69,-28,-32,1520,1497,-0.49,-1.53,0.0000,0.0000,0.0000,0
0.989,69,-26,-31,1520,1497,-0.49,-1.53,0.0000,0.0000,0.0000,0
1.006,69,-26,-33,1520,1497,-0.49,-1.53,0.0000,0.0000,0.0000,0
1.025,70,-26,-32,1521,1497,-0.49,-1.53,0.0000,0.0000,0.0000,0
1.042,70,-25,-31,1521,1497,-0.49,-1.53,0.0000,0.0000,0.0000,0
1.060,70,-25,-32,1521,1497,-0.49,-1.53,0.0000,0.0000,0.0000,0
1.077,71,-22,-31,1521,1497,-0.49,-1.53,0.0000,0.0000,0.0000,0
1.096,72,-17,-32,1521,1497,-0.49,-1.53,0.0000,0.0000,0.0000,0
1.113,72,-17,-31,1521,1497,-0.49,-1.53,0.0000,0.0000,0.0000,0
1.131,72,-17,-31,1521,1497,-0.49,-1.53,0.0000,0.0000,0.0000,0
1.149,71,-18,-31,1521,1497,-0.44,-0.95,0.0000,0.0000,0.0000,0
1.167,71,-18,-31,1521,1497,-0.44,-0.95,0.0000,0.0000,0.0000,0
1.189,69,-20,-31,1520,1497,-0.44,-0.95,0.0000,0.0000,0.0000,0
1.207,68,-20,-30,1520,1497,-0.44,-0.95,0.0000,0.0000,0.0000,0
1.224,67,-21,-31,1520,1497,-0.44,-0.95,0.0000,0.0000,0.0000,0
1.241,66,-22,-30,1519,1497,-0.44,-0.95,0.0000,0.0000,0.0000,0
1.259,64,-22,-30,1519,1497,-0.44,-0.95,0.0000,0.0000,0.0000,0
1.277,63,-22,-30,1518,1497,-0.44,-0.95,0.0000,0.0000,0.0000,0
1.294,62,-22,-30,1518,1497,-0.44,-0.95,0.0000,0.0000,0.0000,0
1.311,61,-22,-30,1518,1497,-0.44,-0.95,0.0000,0.0000,0.0000,0
1.328,60,-21,-30,1518,1497,-0.44,-0.95,0.0000,0.0000,0.0000,1
1.345,58,-20,-29,1517,1498,-0.44,-0.95,0.0000,0.0000,0.0000,1
1.364,57,-20,-29,1517,1498,-0.44,-0.95,0.0000,0.0000,0.0000,1
1.382,56,-19,-29,1516,1498,-0.56,-0.37,0.0000,0.0000,0.0000,1
1.405,55,-18,-29,1516,1498,-0.56,-0.37,0.0000,0.0000,0.0000,1
1.423,55,-17,-29,1516,1498,-0.56,-0.37,0.0000,0.0000,0.0000,1
1.441,56,-16,-30,1516,1497,-0.56,-0.37,0.0000,0.0000,0.0000,1
1.460,56,-16,-29,1516,1498,-0.56,-0.37,0.0000,0.0000,0.0000,1
1.478,57,-16,-29,1517,1498,-0.56,-0.37,0.0000,0.0000,0.0000,1
1.495,58,-16,-28,1517,1498,-0.56,-0.37,0.0000,0.0000,0.0000,1
1.514,60,-15,-29,1518,1498,-0.56,-0.37,0.0000,0.0000,0.0000,1
1.532,62,-12,-30,1518,1497,-0.56,-0.37,0.0000,0.0000,0.0000,0
0.018,65,-10,-29,1519,1498,-0.56,-0.37,0.0000,0.0000,0.0000,0
0.035,67,-8,-29,1520,1498,-0.56,-0.37,0.0000,0.0000,0.0000,0
0.052,69,-7,-29,1520,1498,-0.56,-0.37,0.0000,0.0000,0.0000,0
0.069,70,-7,-29,1521,1498,-0.56,-0.37,0.0000,0.0000,0.0000,0
0.086,73,-6,-28,1521,1498,-0.56,-0.37,0.0000,0.0000,0.0000,0
0.104,75,-6,-29,1522,1498,-0.54,0.41,0.0000,0.0000,0.0000,0
0.121,76,-6,-28,1522,1498,-0.54,0.41,0.0000,0.0000,0.0000,0
0.138,78,-6,-28,1523,1498,-0.54,0.41,0.0000,0.0000,0.0000,0
0.156,79,-6,-29,1523,1498,-0.54,0.41,0.0000,0.0000,0.0000,0
0.173,81,-6,-28,1524,1498,-0.54,0.41,0.0000,0.0000,0.0000,0
0.193,82,-6,-28,1524,1498,-0.54,0.41,0.0000,0.0000,0.0000,0
0.211,83,-6,-28,1524,1498,-0.54,0.41,0.0000,0.0000,0.0000,0
0.229,83,-7,-28,1524,1498,-0.54,0.41,0.0000,0.0000,0.0000,0
0.246,84,-7,-29,1525,1498,-0.54,0.41,0.0000,0.0000,0.0000,0
0.263,83,-8,-28,1524,1498,-0.54,0.41,0.0000,0.0000,0.0000,0
0.281,83,-10,-28,1524,1498,-0.54,0.41,0.0000,0.0000,0.0000,0
0.299,82,-11,-28,1524,1498,-0.54,0.41,0.0000,0.0000,0.0000,0
0.316,81,-12,-29,1524,1498,-0.54,0.41,0.0000,0.0000,0.0000,0
0.334,80,-13,-28,1524,1498,-0.54,0.41,0.0000,0.0000,0.0000,0
0.351,80,-13,-28,1524,1498,-0.11,-0.17,0.0000,0.0000,0.0000,0
0.369,79,-14,-28,1523,1498,-0.11,-0.17,0.0000,0.0000,0.0000,0
0.386,78,-15,-28,1523,1498,-0.11,-0.17,0.0000,0.0000,0.0000,0
0.403,77,-15,-29,1523,1498,-0.11,-0.17,0.0000,0.0000,0.0000,0
0.421,77,-15,-29,1523,1498,-0.11,-0.17,0.0000,0.0000,0.0000,0
0.440,75,-16,-28,1522,1498,-0.11,-0.17,0.0000,0.0000,0.0000,0
0.457,72,-16,-29,1521,1498,-0.11,-0.17,0.0000,0.0000,0.0000,0
0.474,71,-17,-29,1521,1498,-0.11,-0.17,0.0000,0.0000,0.0000,0
0.491,70,-18,-29,1521,1498,-0.11,-0.17,0.0000,0.0000,0.0000,0
0.509,68,-19,-30,1520,1497,-0.11,-0.17,0.0000,0.0000,0.0000,0
0.527,67,-19,-29,1520,1498,-0.11,-0.17,0.0000,0.0000,0.0000,0
0.545,64,-20,-30,1519,1498,-0.11,-0.17,0.0000,0.0000,0.0000,0
0.565,63,-19,-30,1519,1497,-0.11,-0.17,0.0000,0.0000,0.0000,0
0.582,62,-19,-29,1518,1498,-0.11,-0.17,0.0000,0.0000,0.0000,0
0.599,62,-19,-29,1518,1498,0.20,-0.74,0.0000,0.0000,0.0000,0
0.617,60,-21,-29,1518,1498,0.20,-0.74,0.0000,0.0000,0.0000,1
0.636,60,-21,-29,1518,1498,0.20,-0.74,0.0000,0.0000,0.0000,1
0.653,59,-22,-29,1517,1498,0.20,-0.74,0.0000,0.0000,0.0000,1
0.672,59,-22,-29,1517,1498,0.20,-0.74,0.0000,0.0000,0.0000,1
0.690,58,-23,-30,1517,1497,0.20,-0.74,0.0000,0.0000,0.0000,1
0.708,58,-23,-30,1517,1497,0.20,-0.74,0.0000,0.0000,0.0000,1
0.726,57,-22,-30,1517,1497,0.20,-0.74,0.0000,0.0000,0.0000,1
0.743,57,-18,-30,1517,1497,0.20,-0.74,0.0000,0.0000,0.0000,1
0.761,57,-17,-30,1517,1497,0.20,-0.74,0.0000,0.0000,0.0000,1
0.779,58,-17,-29,1517,1498,0.20,-0.74,0.0000,0.0000,0.0000,1
0.796,57,-17,-30,1517,1497,0.20,-0.74,0.0000,0.0000,0.0000,1
0.814,58,-16,-30,1517,1497,0.20,-0.74,0.0000,0.0000,0.0000,1
0.831,58,-16,-30,1517,1497,0.20,-0.74,0.0000,0.0000,0.0000,1
0.848,59,-15,-30,1517,1497,0.07,-0.64,0.0000,0.0000,0.0000,1
0.866,59,-15,-30,1517,1497,0.07,-0.64,0.0000,0.0000,0.0000,1
0.883,59,-15,-31,1517,1497,0.07,-0.64,0.0000,0.0000,0.0000,0
0.021,60,-15,-31,1518,1497,0.07,-0.64,0.0000,0.0000,0.0000,0
0.039,60,-15,-31,1518,1497,0.07,-0.64,0.0000,0.0000,0.0000,0
0.056,61,-15,-31,1518,1497,0.07,-0.64,0.0000,0.0000,0.0000,0
0.074,60,-14,-30,1518,1497,0.07,-0.64,0.0000,0.0000,0.0000,1
0.093,60,-14,-31,1518,1497,0.07,-0.64,0.0000,0.0000,0.0000,0
0.019,59,-13,-31,1517,1497,0.07,-0.64,0.0000,0.0000,0.0000,0
0.036,59,-12,-31,1517,1497,0.07,-0.64,0.0000,0.0000,0.0000,0
0.054,58,-12,-32,1517,1497,0.07,-0.64,0.0000,0.0000,0.0000,0
0.071,57,-14,-32,1517,1497,0.07,-0.64,0.0000,0.0000,0.0000,0
0.089,55,-15,-31,1516,1497,0.07,-0.64,0.0000,0.0000,0.0000,0
0.106,54,-16,-31,1516,1497,0.07,-0.64,0.0000,0.0000,0.0000,0
0.124,53,-16,-32,1515,1497,-0.08,-0.99,0.0000,0.0000,0.0000,0
0.145,52,-18,-31,1515,1497,-0.08,-0.99,0.0000,0.0000,0.0000,0
0.165,51,-20,-31,1515,1497,-0.08,-0.99,0.0000,0.0000,0.0000,0
0.184,49,-22,-32,1509,1497,-0.08,-0.99,0.0000,0.0000,0.0000,0
0.201,47,-23,-32,1509,1497,-0.08,-0.99,0.0000,0.0000,0.0000,0
0.218,46,-25,-32,1509,1497,-0.08,-0.99,0.0000,0.0000,0.0000,0
0.236,44,-29,-32,1508,1497,-0.08,-0.99,0.0000,0.0000,0.0000,0
0.255,43,-32,-33,1508,1497,-0.08,-0.99,0.0000,0.0000,0.0000,0
0.273,41,-34,-33,1508,1497,-0.08,-0.99,0.0000,0.0000,0.0000,0
0.290,41,-34,-33,1508,1497,-0.08,-0.99,0.0000,0.0000,0.0000,0
0.307,40,-33,-33,1508,1497,-0.08,-0.99,0.0000,0.0000,0.0000,0
0.326,39,-33,-33,1507,1497,-0.08,-0.99,0.0000,0.0000,0.0000,0
0.343,39,-33,-34,1507,1497,-0.08,-0.99,0.0000,0.0000,0.0000,0
0.360,39,-33,-34,1507,1497,-0.08,-0.99,0.0000,0.0000,0.0000,0
0.378,39,-31,-33,1507,1497,0.10,-2.00,0.0000,0.0000,0.0000,0
0.399,39,-31,-34,1507,1497,0.10,-2.00,0.0000,0.0000,0.0000,0
0.417,39,-32,-34,1507,1497,0.10,-2.00,0.0000,0.0000,0.0000,0
0.436,40,-32,-35,1508,1497,0.10,-2.00,0.0000,0.0000,0.0000,0
0.453,40,-35,-34,1508,1497,0.10,-2.00,0.0000,0.0000,0.0000,0
0.472,39,-35,-34,1507,1497,0.10,-2.00,0.0000,0.0000,0.0000,0
0.489,39,-34,-34,1507,1497,0.10,-2.00,0.0000,0.0000,0.0000,0
0.506,39,-31,-35,1507,1497,0.10,-2.00,0.0000,0.0000,0.0000,0
0.524,40,-30,-35,1508,1497,0.10,-2.00,0.0000,0.0000,0.0000,0
0.542,40,-30,-35,1508,1497,0.10,-2.00,0.0000,0.0000,0.0000,0
0.560,40,-29,-35,1508,1497,0.10,-2.00,0.0000,0.0000,0.0000,0
0.578,40,-29,-34,1508,1497,0.10,-2.00,0.0000,0.0000,0.0000,0
0.597,40,-30,-36,1508,1497,0.10,-2.00,0.0000,0.0000,0.0000,0
0.614,40,-31,-36,1508,1497,0.10,-2.00,0.0000,0.0000,0.0000,0
0.632,40,-32,-36,1508,1497,0.02,-2.17,0.0000,0.0000,0.0000,0
0.652,40,-32,-37,1508,1497,0.02,-2.17,0.0000,0.0000,0.0000,0
0.669,39,-32,-37,1507,1497,0.02,-2.17,0.0000,0.0000,0.0000,0
0.687,38,-31,-37,1507,1497,0.02,-2.17,0.0000,0.0000,0.0000,0
0.704,38,-28,-37,1507,1497,0.02,-2.17,0.0000,0.0000,0.0000,0
0.722,37,-26,-36,1507,1497,0.02,-2.17,0.0000,0.0000,0.0000,0
0.741,37,-25,-36,1507,1497,0.02,-2.17,0.0000,0.0000,0.0000,0
0.758,35,-24,-37,1507,1497,0.02,-2.17,0.0000,0.0000,0.0000,0
0.776,34,-22,-37,1506,1497,0.02,-2.17,0.0000,0.0000,0.0000,0
0.794,33,-22,-36,1506,1497,0.02,-2.17,0.0000,0.0000,0.0000,0
0.811,32,-20,-37,1506,1497,0.02,-2.17,0.0000,0.0000,0.0000,0
0.828,31,-20,-36,1506,1497,0.02,-2.17,0.0000,0.0000,0.0000,0
0.845,29,-20,-36,1505,1497,0.02,-2.17,0.0000,0.0000,0.0000,0
0.862,27,-20,-36,1505,1497,0.02,-2.17,0.0000,0.0000,0.0000,0
0.879,26,-19,-36,1505,1497,0.12,-1.62,0.0000,0.0000,0.0000,0
0.900,24,-21,-36,1504,1497,0.12,-1.62,0.0000,0.0000,0.0000,0
0.919,22,-22,-36,1504,1497,0.12,-1.62,0.0000,0.0000,0.0000,0
0.937,20,-22,-36,1504,1497,0.12,-1.62,0.0000,0.0000,0.0000,0
0.957,17,-21,-36,1503,1497,0.12,-1.62,0.0000,0.0000,0.0000,0
0.975,15,-20,-36,1503,1497,0.12,-1.62,0.0000,0.0000,0.0000,0
0.993,14,-19,-36,1502,1497,0.12,-1.62,0.0000,0.0000,0.0000,0
1.011,13,-18,-35,1502,1497,0.12,-1.62,0.0000,0.0000,0.0000,0
1.029,12,-17,-35,1502,1497,0.12,-1.62,0.0000,0.0000,0.0000,0
1.049,12,-16,-35,1502,1497,0.12,-1.62,0.0000,0.0000,0.0000,0
1.068,11,-15,-36,1502,1497,0.12,-1.62,0.0000,0.0000,0.0000,0
1.085,10,-14,-35,1502,1497,0.12,-1.62,0.0000,0.0000,0.0000,0
1.103,10,-16,-35,1502,1497,0.12,-1.62,0.0000,0.0000,0.0000,0
1.121,6,-17,-35,1501,1497,0.12,-1.62,0.0000,0.0000,0.0000,0
1.139,6,-17,-35,1501,1497,-0.22,-1.30,0.0000,0.0000,0.0000,0
1.156,4,-16,-35,1500,1497,-0.22,-1.30,0.0000,0.0000,0.0000,0
1.173,2,-15,-35,1500,1497,-0.22,-1.30,0.0000,0.0000,0.0000,0
1.191,2,-15,-35,1500,1497,-0.22,-1.30,0.0000,0.0000,0.0000,0
1.208,1,-14,-35,1500,1497,-0.22,-1.30,0.0000,0.0000,0.0000,0
1.226,-3,-13,-35,1500,1497,-0.22,-1.30,0.0000,0.0000,0.0000,0
1.244,-4,-12,-35,1500,1497,-0.22,-1.30,0.0000,0.0000,0.0000,0
1.266,-5,-12,-35,1499,1497,-0.22,-1.30,0.0000,0.0000,0.0000,0
1.284,-7,-12,-35,1499,1497,-0.22,-1.30,0.0000,0.0000,0.0000,0
1.302,-7,-12,-36,1499,1497,-0.22,-1.30,0.0000,0.0000,0.0000,0
1.321,-8,-11,-35,1499,1497,-0.22,-1.30,0.0000,0.0000,0.0000,0
1.339,-9,-12,-35,1499,1497,-0.22,-1.30,0.0000,0.0000,0.0000,0
1.356,-9,-12,-36,1499,1497,-0.22,-1.30,0.0000,0.0000,0.0000,0
1.377,-10,-12,-37,1498,1497,-1.17,-1.29,0.0000,0.0000,0.0000,0
1.395,-10,-13,-38,1498,1497,-1.17,-1.29,0.0000,0.0000,0.0000,0
1.413,-12,-14,-38,1498,1497,-1.17,-1.29,0.0000,0.0000,0.0000,0
1.430,-13,-14,-37,1498,1497,-1.17,-1.29,0.0000,0.0000,0.0000,0
1.447,-14,-14,-38,1498,1497,-1.17,-1.29,0.0000,0.0000,0.0000,0
1.465,-15,-14,-38,1497,1497,-1.17,-1.29,0.0000,0.0000,0.0000,0
1.482,-16,-15,-39,1497,1497,-1.17,-1.29,0.0000,0.0000,0.0000,0
1.499,-18,-15,-39,1497,1497,-1.17,-1.29,0.0000,0.0000,0.0000,0
1.517,-19,-14,-39,1497,1497,-1.17,-1.29,0.0000,0.0000,0.0000,0
1.534,-20,-13,-38,1496,1497,-1.17,-1.29,0.0000,0.0000,0.0000,0
1.551,-20,-14,-38,1496,1497,-1.17,-1.29,0.0000,0.0000,0.0000,0
1.569,-21,-14,-37,1496,1497,-1.17,-1.29,0.0000,0.0000,0.0000,0
1.586,-21,-16,-37,1496,1497,-1.17,-1.29,0.0000,0.0000,0.0000,0
1.604,-21,-17,-38,1496,1497,-1.17,-1.29,0.0000,0.0000,0.0000,0
1.622,-22,-16,-39,1496,1497,-1.86,-1.71,0.0000,0.0000,0.0000,0
1.641,-22,-15,-38,1496,1497,-1.86,-1.71,0.0000,0.0000,0.0000,0
1.660,-22,-13,-38,1496,1497,-1.86,-1.71,0.0000,0.0000,0.0000,0
1.677,-22,-12,-38,1496,1497,-1.86,-1.71,0.0000,0.0000,0.0000,0
1.694,-21,-12,-38,1496,1497,-1.86,-1.71,0.0000,0.0000,0.0000,0
1.712,-21,-12,-38,1496,1497,-1.86,-1.71,0.0000,0.0000,0.0000,0
1.729,-21,-12,-39,1496,1497,-1.86,-1.71,0.0000,0.0000,0.0000,0
1.747,-21,-12,-38,1496,1497,-1.86,-1.71,0.0000,0.0000,0.0000,0
1.768,-21,-14,-38,1496,1497,-1.86,-1.71,0.0000,0.0000,0.0000,0
1.785,-21,-15,-37,1496,1497,-1.86,-1.71,0.0000,0.0000,0.0000,0
1.802,-22,-18,-37,1496,1497,-1.86,-1.71,0.0000,0.0000,0.0000,0
1.820,-22,-20,-38,1496,1497,-1.86,-1.71,0.0000,0.0000,0.0000,0
1.837,-22,-21,-38,1496,1497,-1.86,-1.71,0.0000,0.0000,0.0000,0
1.855,-22,-23,-38,1496,1497,-1.86,-1.71,0.0000,0.0000,0.0000,0
1.873,-22,-24,-37,1496,1497,-1.82,-2.07,0.0000,0.0000,0.0000,0
1.891,-22,-25,-38,1496,1497,-1.82,-2.07,0.0000,0.0000,0.0000,0
1.908,-22,-25,-38,1496,1497,-1.82,-2.07,0.0000,0.0000,0.0000,0
1.926,-22,-25,-38,1496,1497,-1.82,-2.07,0.0000,0.0000,0.0000,0
1.944,-21,-26,-38,1496,1497,-1.82,-2.07,0.0000,0.0000,0.0000,0
1.961,-22,-25,-37,1496,1497,-1.82,-2.07,0.0000,0.0000,0.0000,0
1.979,-21,-24,-37,1496,1497,-1.82,-2.07,0.0000,0.0000,0.0000,0
1.996,-21,-24,-37,1496,1497,-1.82,-2.07,0.0000,0.0000,0.0000,0
2.015,-21,-23,-38,1496,1497,-1.82,-2.07,0.0000,0.0000,0.0000,0
2.032,-21,-21,-38,1496,1497,-1.82,-2.07,0.0000,0.0000,0.0000,0
2.050,-21,-19,-38,1496,1497,-1.82,-2.07,0.0000,0.0000,0.0000,0
2.068,-20,-15,-38,1496,1497,-1.82,-2.07,0.0000,0.0000,0.0000,0
2.085,-18,-15,-38,1497,1497,-1.82,-2.07,0.0000,0.0000,0.0000,0
2.103,-18,-16,-38,1497,1497,-1.82,-2.07,0.0000,0.0000,0.0000,0
2.121,-17,-19,-37,1497,1497,-1.33,-1.88,0.0000,0.0000,0.0000,0
2.139,-17,-20,-37,1497,1497,-1.33,-1.88,0.0000,0.0000,0.0000,0
2.156,-16,-19,-38,1497,1497,-1.33,-1.88,0.0000,0.0000,0.0000,0
2.173,-16,-19,-38,1497,1497,-1.33,-1.88,0.0000,0.0000,0.0000,0
2.193,-15,-18,-37,1497,1497,-1.33,-1.88,0.0000,0.0000,0.0000,0
2.211,-13,-18,-38,1498,1497,-1.33,-1.88,0.0000,0.0000,0.0000,0
2.229,-12,-18,-38,1498,1497,-1.33,-1.88,0.0000,0.0000,0.0000,0
2.246,-10,-20,-38,1498,1497,-1.33,-1.88,0.0000,0.0000,0.0000,0
2.264,-6,-22,-38,1499,1497,-1.33,-1.88,0.0000,0.0000,0.0000,0
2.282,-4,-22,-39,1500,1497,-1.33,-1.88,0.0000,0.0000,0.0000,0
2.299,-2,-22,-38,1500,1497,-1.33,-1.88,0.0000,0.0000,0.0000,0
2.317,-1,-21,-38,1500,1497,-1.33,-1.88,0.0000,0.0000,0.0000,0
2.335,3,-20,-38,1500,1497,-1.33,-1.88,0.0000,0.0000,0.0000,0
2.353,6,-19,-38,1501,1497,-1.33,-1.88,0.0000,0.0000,0.0000,0
2.370,8,-18,-38,1501,1497,-0.91,-2.10,0.0000,0.0000,0.0000,0
2.390,8,-18,-38,1501,1497,-0.91,-2.10,0.0000,0.0000,0.0000,0
2.408,10,-17,-38,1502,1497,-0.91,-2.10,0.0000,0.0000,0.0000,0
2.427,11,-18,-38,1502,1497,-0.91,-2.10,0.0000,0.0000,0.0000,0
2.445,12,-17,-38,1502,1497,-0.91,-2.10,0.0000,0.0000,0.0000,0
2.463,13,-17,-37,1502,1497,-0.91,-2.10,0.0000,0.0000,0.0000,0
2.481,14,-17,-37,1502,1497,-0.91,-2.10,0.0000,0.0000,0.0000,0
2.498,15,-14,-37,1503,1497,-0.91,-2.10,0.0000,0.0000,0.0000,0
2.517,15,-12,-37,1503,1497,-0.91,-2.10,0.0000,0.0000,0.0000,0
2.535,16,-11,-37,1503,1497,-0.91,-2.10,0.0000,0.0000,0.0000,0
2.552,16,-9,-37,1503,1497,-0.91,-2.10,0.0000,0.0000,0.0000,0
2.571,15,-4,-37,1503,1497,-0.91,-2.10,0.0000,0.0000,0.0000,0
2.588,15,-3,-37,1503,1497,-0.91,-2.10,0.0000,0.0000,0.0000,0
2.605,14,-2,-37,1502,1497,-0.91,-2.10,0.0000,0.0000,0.0000,0
2.624,14,-2,-37,1502,1497,0.25,-1.31,0.0000,0.0000,0.0000,0
2.641,13,-2,-37,1502,1497,0.25,-1.31,0.0000,0.0000,0.0000,0
2.660,13,-2,-37,1502,1497,0.25,-1.31,0.0000,0.0000,0.0000,0
2.680,13,-3,-37,1502,1497,0.25,-1.31,0.0000,0.0000,0.0000,0
2.699,13,-3,-37,1502,1497,0.25,-1.31,0.0000,0.0000,0.0000,0
2.717,13,-3,-37,1502,1497,0.25,-1.31,0.0000,0.0000,0.0000,0
2.735,13,-3,-37,1502,1497,0.25,-1.31,0.0000,0.0000,0.0000,0
2.753,12,-3,-37,1502,1497,0.25,-1.31,0.0000,0.0000,0.0000,0
2.771,12,-2,-37,1502,1497,0.25,-1.31,0.0000,0.0000,0.0000,0
2.788,11,-2,-37,1502,1497,0.25,-1.31,0.0000,0.0000,0.0000,0
2.805,11,-2,-37,1502,1497,0.25,-1.31,0.0000,0.0000,0.0000,0
2.822,9,-2,-37,1501,1497,0.25,-1.31,0.0000,0.0000,0.0000,0
2.840,8,-2,-37,1501,1497,0.25,-1.31,0.0000,0.0000,0.0000,0
2.857,8,-3,-37,1501,1497,0.25,-1.31,0.0000,0.0000,0.0000,0
2.874,7,-3,-37,1501,1497,1.09,-1.42,0.0000,0.0000,0.0000,0
2.891,6,-3,-38,1501,1497,1.09,-1.42,0.0000,0.0000,0.0000,0
2.909,5,-4,-38,1501,1497,1.09,-1.42,0.0000,0.0000,0.0000,0
2.927,5,-4,-37,1501,1497,1.09,-1.42,0.0000,0.0000,0.0000,0
2.944,4,-5,-37,1500,1497,1.09,-1.42,0.0000,0.0000,0.0000,0
2.962,3,-5,-37,1500,1497,1.09,-1.42,0.0000,0.0000,0.0000,0
2.979,3,-5,-37,1500,1497,1.09,-1.42,0.0000,0.0000,0.0000,0
2.999,2,-5,-37,1500,1497,1.09,-1.42,0.0000,0.0000,0.0000,0
3.016,1,-5,-37,1500,1497,1.09,-1.42,0.0000,0.0000,0.0000,0
3.034,-1,-5,-37,1500,1497,1.09,-1.42,0.0000,0.0000,0.0000,0
3.054,-1,-4,-37,1500,1497,1.09,-1.42,0.0000,0.0000,0.0000,0
3.071,-2,-4,-37,1500,1497,1.09,-1.42,0.0000,0.0000,0.0000,0
3.089,-3,-4,-37,1500,1497,1.09,-1.42,0.0000,0.0000,0.0000,0
3.106,-3,-3,-37,1500,1497,1.09,-1.42,0.0000,0.0000,0.0000,0
3.123,-3,-3,-37,1500,1497,0.67,-1.58,0.0000,0.0000,0.0000,0
3.141,-4,-2,-38,1500,1497,0.67,-1.58,0.0000,0.0000,0.0000,0
3.159,-4,-2,-38,1500,1497,0.67,-1.58,0.0000,0.0000,0.0000,0
3.176,-4,-2,-38,1500,1497,0.67,-1.58,0.0000,0.0000,0.0000,0
3.194,-3,-2,-38,1500,1497,0.67,-1.58,0.0000,0.0000,0.0000,0
3.212,-3,-3,-37,1500,1497,0.67,-1.58,0.0000,0.0000,0.0000,0
3.230,-4,-4,-38,1500,1497,0.67,-1.58,0.0000,0.0000,0.0000,0
3.248,-3,-4,-39,1500,1497,0.67,-1.58,0.0000,0.0000,0.0000,0
3.267,-3,-5,-38,1500,1497,0.67,-1.58,0.0000,0.0000,0.0000,0
3.284,-3,-5,-39,1500,1497,0.67,-1.58,0.0000,0.0000,0.0000,0
3.303,-2,-7,-38,1500,1497,0.67,-1.58,0.0000,0.0000,0.0000,0
3.320,-1,-8,-38,1500,1497,0.67,-1.58,0.0000,0.0000,0.0000,0
3.338,-1,-9,-39,1500,1497,0.67,-1.58,0.0000,0.0000,0.0000,0
3.355,0,-10,-39,1500,1497,0.67,-1.58,0.0000,0.0000,0.0000,0
3.373,1,-11,-39,1500,1497,-0.08,-1.87,0.0000,0.0000,0.0000,0
3.390,1,-11,-39,1500,1497,-0.08,-1.87,0.0000,0.0000,0.0000,0
3.408,3,-13,-39,1500,1497,-0.08,-1.87,0.0000,0.0000,0.0000,0
3.426,4,-14,-38,1500,1497,-0.08,-1.87,0.0000,0.0000,0.0000,0
3.444,5,-14,-39,1501,1497,-0.08,-1.87,0.0000,0.0000,0.0000,0
3.463,6,-14,-38,1501,1497,-0.08,-1.87,0.0000,0.0000,0.0000,0
3.480,8,-13,-39,1501,1497,-0.08,-1.87,0.0000,0.0000,0.0000,0
3.498,10,-12,-39,1502,1497,-0.08,-1.87,0.0000,0.0000,0.0000,0
3.517,12,-11,-38,1502,1497,-0.08,-1.87,0.0000,0.0000,0.0000,0
3.535,15,-10,-38,1503,1497,-0.08,-1.87,0.0000,0.0000,0.0000,0
3.554,19,-7,-38,1503,1497,-0.08,-1.87,0.0000,0.0000,0.0000,0
3.572,21,-7,-38,1504,1497,-0.08,-1.87,0.0000,0.0000,0.0000,0
3.590,22,-7,-38,1504,1497,-0.08,-1.87,0.0000,0.0000,0.0000,0
3.608,23,-8,-38,1504,1497,-0.08,-1.87,0.0000,0.0000,0.0000,0
3.626,23,-9,-38,1504,1497,-1.70,-1.43,0.0000,0.0000,0.0000,0
3.643,24,-10,-38,1504,1497,-1.70,-1.43,0.0000,0.0000,0.0000,0
3.661,25,-11,-38,1505,1497,-1.70,-1.43,0.0000,0.0000,0.0000,0
3.679,26,-13,-38,1505,1497,-1.70,-1.43,0.0000,0.0000,0.0000,0
3.697,26,-16,-39,1505,1497,-1.70,-1.43,0.0000,0.0000,0.0000,0
3.716,27,-19,-39,1505,1497,-1.70,-1.43,0.0000,0.0000,0.0000,0
3.733,27,-21,-39,1505,1497,-1.70,-1.43,0.0000,0.0000,0.0000,0
3.751,28,-21,-39,1505,1497,-1.70,-1.43,0.0000,0.0000,0.0000,0
3.769,28,-21,-39,1505,1497,-1.70,-1.43,0.0000,0.0000,0.0000,0
3.787,28,-19,-39,1505,1497,-1.70,-1.43,0.0000,0.0000,0.0000,0
3.804,30,-18,-39,1506,1497,-1.70,-1.43,0.0000,0.0000,0.0000,0
3.823,31,-19,-39,1506,1497,-1.70,-1.43,0.0000,0.0000,0.0000,0
3.841,32,-20,-39,1506,1497,-1.70,-1.43,0.0000,0.0000,0.0000,0
3.860,32,-21,-39,1506,1497,-1.70,-1.43,0.0000,0.0000,0.0000,0
3.877,33,-21,-39,1506,1497,-1.14,-1.79,0.0000,0.0000,0.0000,0
3.895,35,-22,-38,1507,1497,-1.14,-1.79,0.0000,0.0000,0.0000,0
3.912,36,-23,-39,1507,1497,-1.14,-1.79,0.0000,0.0000,0.0000,0
3.930,36,-23,-39,1507,1497,-1.14,-1.79,0.0000,0.0000,0.0000,0
3.948,37,-23,-39,1507,1497,-1.14,-1.79,0.0000,0.0000,0.0000,0
3.966,38,-24,-39,1507,1497,-1.14,-1.79,0.0000,0.0000,0.0000,0
3.983,39,-26,-39,1507,1497,-1.14,-1.79,0.0000,0.0000,0.0000,0
4.000,39,-25,-39,1507,1497,-1.14,-1.79,0.0000,0.0000,0.0000,0
4.020,42,-24,-39,1508,1497,-1.14,-1.79,0.0000,0.0000,0.0000,0
4.041,43,-23,-39,1508,1497,-1.14,-1.79,0.0000,0.0000,0.0000,0
4.058,45,-22,-40,1509,1496,-1.14,-1.79,0.0000,0.0000,0.0000,0
4.076,46,-22,-39,1509,1497,-1.14,-1.79,0.0000,0.0000,0.0000,0
4.094,47,-21,-39,1509,1497,-1.14,-1.79,0.0000,0.0000,0.0000,0
4.112,48,-21,-38,1509,1497,-1.14,-1.79,0.0000,0.0000,0.0000,0
4.130,48,-19,-38,1509,1497,-0.60,-1.81,0.0000,0.0000,0.0000,0
4.147,49,-17,-39,1509,1497,-0.60,-1.81,0.0000,0.0000,0.0000,0
4.166,50,-16,-39,1510,1497,-0.60,-1.81,0.0000,0.0000,0.0000,0
4.183,50,-17,-39,1510,1497,-0.60,-1.81,0.0000,0.0000,0.0000,0
4.201,51,-17,-39,1515,1497,-0.60,-1.81,0.0000,0.0000,0.0000,0
4.219,51,-16,-39,1515,1497,-0.60,-1.81,0.0000,0.0000,0.0000,0
4.236,53,-14,-39,1515,1497,-0.60,-1.81,0.0000,0.0000,0.0000,0
4.253,54,-14,-39,1516,1497,-0.60,-1.81,0.0000,0.0000,0.0000,0
4.270,54,-16,-38,1516,1497,-0.60,-1.81,0.0000,0.0000,0.0000,0
4.287,54,-16,-38,1516,1497,-0.60,-1.81,0.0000,0.0000,0.0000,0
4.305,54,-19,-38,1516,1497,-0.60,-1.81,0.0000,0.0000,0.0000,0
4.323,55,-21,-39,1516,1497,-0.60,-1.81,0.0000,0.0000,0.0000,0
4.340,55,-21,-38,1516,1497,-0.60,-1.81,0.0000,0.0000,0.0000,0
4.358,56,-21,-38,1516,1497,-0.60,-1.81,0.0000,0.0000,0.0000,0
4.377,57,-22,-39,1517,1497,0.31,-1.73,0.0000,0.0000,0.0000,0
4.395,57,-22,-38,1517,1497,0.31,-1.73,0.0000,0.0000,0.0000,0
4.413,57,-22,-38,1517,1497,0.31,-1.73,0.0000,0.0000,0.0000,0
4.432,58,-21,-38,1517,1497,0.31,-1.73,0.0000,0.0000,0.0000,0
4.449,58,-21,-38,1517,1497,0.31,-1.73,0.0000,0.0000,0.0000,0
4.467,58,-25,-38,1517,1497,0.31,-1.73,0.0000,0.0000,0.0000,0
4.484,57,-26,-38,1517,1497,0.31,-1.73,0.0000,0.0000,0.0000,0
4.502,57,-26,-38,1517,1497,0.31,-1.73,0.0000,0.0000,0.0000,0
4.519,57,-26,-37,1517,1497,0.31,-1.73,0.0000,0.0000,0.0000,0
4.536,56,-27,-38,1516,1497,0.31,-1.73,0.0000,0.0000,0.0000,0
4.553,56,-27,-38,1516,1497,0.31,-1.73,0.0000,0.0000,0.0000,0
4.571,55,-26,-38,1516,1497,0.31,-1.73,0.0000,0.0000,0.0000,0
4.588,54,-25,-38,1516,1497,0.31,-1.73,0.0000,0.0000,0.0000,0
4.605,53,-25,-38,1515,1497,0.31,-1.73,0.0000,0.0000,0.0000,0
4.622,53,-25,-38,1515,1497,0.00,-1.64,0.0000,0.0000,0.0000,0
4.640,51,-25,-38,1515,1497,0.00,-1.64,0.0000,0.0000,0.0000,0
4.658,50,-25,-37,1510,1497,0.00,-1.64,0.0000,0.0000,0.0000,0
4.675,50,-25,-37,1510,1497,0.00,-1.64,0.0000,0.0000,0.0000,0
4.693,48,-24,-37,1509,1497,0.00,-1.64,0.0000,0.0000,0.0000,0
4.711,48,-24,-37,1509,1497,0.00,-1.64,0.0000,0.0000,0.0000,0
4.728,46,-22,-37,1509,1497,0.00,-1.64,0.0000,0.0000,0.0000,0
4.745,46,-21,-37,1509,1497,0.00,-1.64,0.0000,0.0000,0.0000,0
4.763,45,-21,-37,1509,1497,0.00,-1.64,0.0000,0.0000,0.0000,0
4.780,44,-20,-37,1508,1497,0.00,-1.64,0.0000,0.0000,0.0000,0
4.797,43,-18,-37,1508,1497,0.00,-1.64,0.0000,0.0000,0.0000,0
4.815,41,-15,-37,1508,1497,0.00,-1.64,0.0000,0.0000,0.0000,0
4.832,41,-15,-37,1508,1497,0.00,-1.64,0.0000,0.0000,0.0000,0
4.850,40,-14,-37,1508,1497,0.00,-1.64,0.0000,0.0000,0.0000,0
4.872,39,-13,-37,1507,1497,-0.45,-1.19,0.0000,0.0000,0.0000,0
4.891,39,-13,-37,1507,1497,-0.45,-1.19,0.0000,0.0000,0.0000,0
4.908,38,-14,-37,1507,1497,-0.45,-1.19,0.0000,0.0000,0.0000,0
4.925,37,-15,-36,1507,1497,-0.45,-1.19,0.0000,0.0000,0.0000,0
4.944,35,-15,-37,1507,1497,-0.45,-1.19,0.0000,0.0000,0.0000,0
4.962,34,-14,-37,1506,1497,-0.45,-1.19,0.0000,0.0000,0.0000,0
4.979,33,-14,-37,1506,1497,-0.45,-1.19,0.0000,0.0000,0.0000,0
4.996,32,-14,-37,1506,1497,-0.45,-1.19,0.0000,0.0000,0.0000,0
5.013,31,-14,-36,1506,1497,-0.45,-1.19,0.0000,0.0000,0.0000,0
5.030,29,-13,-36,1505,1497,-0.45,-1.19,0.0000,0.0000,0.0000,0
5.048,28,-13,-36,1505,1497,-0.45,-1.19,0.0000,0.0000,0.0000,0
5.065,26,-11,-36,1505,1497,-0.45,-1.19,0.0000,0.0000,0.0000,0
5.083,26,-11,-36,1505,1497,-0.45,-1.19,0.0000,0.0000,0.0000,0
5.101,25,-10,-35,1505,1497,-0.45,-1.19,0.0000,0.0000,0.0000,0
5.120,25,-10,-35,1505,1497,-0.52,-1.01,0.0000,0.0000,0.0000,0
5.138,26,-9,-35,1505,1497,-0.52,-1.01,0.0000,0.0000,0.0000,0
5.158,26,-9,-35,1505,1497,-0.52,-1.01,0.0000,0.0000,0.0000,0
5.176,26,-8,-35,1505,1497,-0.52,-1.01,0.0000,0.0000,0.0000,0
5.193,26,-8,-34,1505,1497,-0.52,-1.01,0.0000,0.0000,0.0000,0
5.211,26,-8,-35,1505,1497,-0.52,-1.01,0.0000,0.0000,0.0000,0
5.229,26,-8,-35,1505,1497,-0.52,-1.01,0.0000,0.0000,0.0000,0
5.247,27,-8,-35,1505,1497,-0.52,-1.01,0.0000,0.0000,0.0000,0
5.265,27,-8,-34,1505,1497,-0.52,-1.01,0.0000,0.0000,0.0000,0
5.282,27,-8,-35,1505,1497,-0.52,-1.01,0.0000,0.0000,0.0000,0
5.300,27,-8,-34,1505,1497,-0.52,-1.01,0.0000,0.0000,0.0000,0
5.317,27,-7,-34,1505,1497,-0.52,-1.01,0.0000,0.0000,0.0000,0
5.336,27,-6,-35,1505,1497,-0.52,-1.01,0.0000,0.0000,0.0000,0
5.355,27,-6,-34,1505,1497,-0.52,-1.01,0.0000,0.0000,0.0000,0
5.373,27,-6,-34,1505,1497,-0.39,-1.05,0.0000,0.0000,0.0000,0
5.393,27,-6,-34,1505,1497,-0.39,-1.05,0.0000,0.0000,0.0000,0
5.413,27,-6,-34,1505,1497,-0.39,-1.05,0.0000,0.0000,0.0000,0
5.430,27,-6,-34,1505,1497,-0.39,-1.05,0.0000,0.0000,0.0000,0
5.448,27,-6,-34,1505,1497,-0.39,-1.05,0.0000,0.0000,0.0000,0
5.466,27,-6,-34,1505,1497,-0.39,-1.05,0.0000,0.0000,0.0000,0
5.484,28,-7,-33,1505,1497,-0.39,-1.05,0.0000,0.0000,0.0000,0
5.501,28,-9,-34,1505,1497,-0.39,-1.05,0.0000,0.0000,0.0000,0
5.518,28,-12,-34,1505,1497,-0.39,-1.05,0.0000,0.0000,0.0000,0
5.535,28,-14,-34,1505,1497,-0.39,-1.05,0.0000,0.0000,0.0000,0
5.553,29,-15,-34,1505,1497,-0.39,-1.05,0.0000,0.0000,0.0000,0
5.570,29,-17,-35,1505,1497,-0.39,-1.05,0.0000,0.0000,0.0000,0
5.587,29,-17,-35,1505,1497,-0.39,-1.05,0.0000,0.0000,0.0000,0
5.604,29,-18,-35,1505,1497,-0.39,-1.05,0.0000,0.0000,0.0000,0
5.622,29,-18,-35,1505,1497,-0.26,-1.58,0.0000,0.0000,0.0000,0
5.642,30,-19,-34,1506,1497,-0.26,-1.58,0.0000,0.0000,0.0000,0
5.662,30,-19,-34,1506,1497,-0.26,-1.58,0.0000,0.0000,0.0000,0
5.679,30,-19,-34,1506,1497,-0.26,-1.58,0.0000,0.0000,0.0000,0
5.697,31,-19,-33,1506,1497,-0.26,-1.58,0.0000,0.0000,0.0000,0
5.715,31,-19,-33,1506,1497,-0.26,-1.58,0.0000,0.0000,0.0000,0
5.733,32,-18,-34,1506,1497,-0.26,-1.58,0.0000,0.0000,0.0000,0
5.750,32,-17,-33,1506,1497,-0.26,-1.58,0.0000,0.0000,0.0000,0
5.768,34,-18,-34,1506,1497,-0.26,-1.58,0.0000,0.0000,0.0000,0
5.785,33,-19,-34,1506,1497,-0.26,-1.58,0.0000,0.0000,0.0000,0
5.802,33,-20,-34,1506,1497,-0.26,-1.58,0.0000,0.0000,0.0000,0
5.820,33,-20,-34,1506,1497,-0.26,-1.58,0.0000,0.0000,0.0000,0
5.837,34,-19,-34,1506,1497,-0.26,-1.58,0.0000,0.0000,0.0000,0
5.856,34,-19,-34,1506,1497,-0.26,-1.58,0.0000,0.0000,0.0000,0
5.881,35,-18,-34,1507,1497,-0.29,-1.21,0.0000,0.0000,0.0000,0
5.899,35,-18,-33,1507,1497,-0.29,-1.21,0.0000,0.0000,0.0000,0
5.916,35,-18,-33,1507,1497,-0.29,-1.21,0.0000,0.0000,0.0000,0
5.933,36,-18,-33,1507,1497,-0.29,-1.21,0.0000,0.0000,0.0000,0
5.951,36,-18,-33,1507,1497,-0.29,-1.21,0.0000,0.0000,0.0000,0
5.968,36,-17,-34,1507,1497,-0.29,-1.21,0.0000,0.0000,0.0000,0
5.988,37,-17,-34,1507,1497,-0.29,-1.21,0.0000,0.0000,0.0000,0
6.005,36,-18,-33,1507,1497,-0.29,-1.21,0.0000,0.0000,0.0000,0
6.023,35,-18,-33,1507,1497,-0.29,-1.21,0.0000,0.0000,0.0000,0
6.042,35,-18,-33,1507,1497,-0.29,-1.21,0.0000,0.0000,0.0000,0
6.059,35,-18,-33,1507,1497,-0.29,-1.21,0.0000,0.0000,0.0000,0
6.076,35,-18,-34,1507,1497,-0.29,-1.21,0.0000,0.0000,0.0000,0
6.093,35,-19,-34,1507,1497,-0.29,-1.21,0.0000,0.0000,0.0000,0
6.111,35,-19,-34,1507,1497,0.22,-1.22,0.0000,0.0000,0.0000,0
6.128,34,-19,-34,1506,1497,0.22,-1.22,0.0000,0.0000,0.0000,0
6.145,34,-19,-33,1506,1497,0.22,-1.22,0.0000,0.0000,0.0000,0
6.164,33,-19,-33,1506,1497,0.22,-1.22,0.0000,0.0000,0.0000,0
6.182,33,-19,-33,1506,1497,0.22,-1.22,0.0000,0.0000,0.0000,0
6.200,32,-19,-33,1506,1497,0.22,-1.22,0.0000,0.0000,0.0000,0
6.219,32,-18,-33,1506,1497,0.22,-1.22,0.0000,0.0000,0.0000,0
6.236,31,-18,-34,1506,1497,0.22,-1.22,0.0000,0.0000,0.0000,0
6.254,30,-18,-34,1506,1497,0.22,-1.22,0.0000,0.0000,0.0000,0
6.271,29,-18,-34,1505,1497,0.22,-1.22,0.0000,0.0000,0.0000,0
6.288,27,-18,-33,1505,1497,0.22,-1.22,0.0000,0.0000,0.0000,0
6.306,26,-18,-33,1505,1497,0.22,-1.22,0.0000,0.0000,0.0000,0
6.323,26,-18,-33,1505,1497,0.22,-1.22,0.0000,0.0000,0.0000,0
6.340,25,-18,-33,1505,1497,0.22,-1.22,0.0000,0.0000,0.0000,0
6.357,24,-18,-34,1504,1497,0.22,-1.22,0.0000,0.0000,0.0000,0
6.374,23,-18,-34,1504,1497,0.00,-1.18,0.0000,0.0000,0.0000,0
6.391,23,-18,-33,1504,1497,0.00,-1.18,0.0000,0.0000,0.0000,0
6.408,22,-18,-33,1504,1497,0.00,-1.18,0.0000,0.0000,0.0000,0
6.426,22,-18,-33,1504,1497,0.00,-1.18,0.0000,0.0000,0.0000,0
6.443,22,-18,-33,1504,1497,0.00,-1.18,0.0000,0.0000,0.0000,0
6.468,22,-18,-33,1504,1497,0.00,-1.18,0.0000,0.0000,0.0000,0
6.485,22,-19,-33,1504,1497,0.00,-1.18,0.0000,0.0000,0.0000,0
6.504,22,-20,-33,1504,1497,0.00,-1.18,0.0000,0.0000,0.0000,0
6.523,23,-22,-32,1504,1497,0.00,-1.18,0.0000,0.0000,0.0000,0
6.540,23,-22,-33,1504,1497,0.00,-1.18,0.0000,0.0000,0.0000,0
6.557,24,-22,-33,1504,1497,0.00,-1.18,0.0000,0.0000,0.0000,0
6.574,24,-21,-34,1504,1497,0.00,-1.18,0.0000,0.0000,0.0000,0
6.592,25,-21,-33,1505,1497,0.00,-1.18,0.0000,0.0000,0.0000,0
6.610,25,-20,-32,1505,1497,-0.04,-1.26,0.0000,0.0000,0.0000,0
6.627,26,-20,-32,1505,1497,-0.04,-1.26,0.0000,0.0000,0.0000,0
6.644,26,-20,-32,1505,1497,-0.04,-1.26,0.0000,0.0000,0.0000,0
6.661,26,-19,-31,1505,1497,-0.04,-1.26,0.0000,0.0000,0.0000,0
6.678,26,-19,-32,1505,1497,-0.04,-1.26,0.0000,0.0000,0.0000,0
6.695,26,-19,-32,1505,1497,-0.04,-1.26,0.0000,0.0000,0.0000,0
6.712,26,-18,-32,1505,1497,-0.04,-1.26,0.0000,0.0000,0.0000,0
6.730,26,-18,-32,1505,1497,-0.04,-1.26,0.0000,0.0000,0.0000,0
6.747,26,-18,-31,1505,1497,-0.04,-1.26,0.0000,0.0000,0.0000,0
6.764,25,-18,-31,1505,1497,-0.04,-1.26,0.0000,0.0000,0.0000,0
6.781,25,-18,-31,1505,1497,-0.04,-1.26,0.0000,0.0000,0.0000,0
6.799,25,-18,-31,1505,1497,-0.04,-1.26,0.0000,0.0000,0.0000,0
6.817,25,-18,-32,1505,1497,-0.04,-1.26,0.0000,0.0000,0.0000,0
6.835,24,-17,-34,1504,1497,-0.04,-1.26,0.0000,0.0000,0.0000,0
6.852,24,-17,-33,1504,1497,-0.04,-1.26,0.0000,0.0000,0.0000,0
6.870,23,-17,-33,1504,1497,0.10,-1.05,0.0000,0.0000,0.0000,0
6.888,23,-17,-33,1504,1497,0.10,-1.05,0.0000,0.0000,0.0000,0
6.906,22,-17,-32,1504,1497,0.10,-1.05,0.0000,0.0000,0.0000,0
6.923,22,-17,-32,1504,1497,0.10,-1.05,0.0000,0.0000,0.0000,0
6.945,21,-16,-31,1504,1497,0.10,-1.05,0.0000,0.0000,0.0000,0
6.963,21,-16,-32,1504,1497,0.10,-1.05,0.0000,0.0000,0.0000,0
6.980,20,-16,-31,1504,1497,0.10,-1.05,0.0000,0.0000,0.0000,0
6.998,19,-16,-31,1503,1497,0.10,-1.05,0.0000,0.0000,0.0000,0
7.017,19,-16,-31,1503,1497,0.10,-1.05,0.0000,0.0000,0.0000,0
7.035,17,-16,-30,1503,1497,0.10,-1.05,0.0000,0.0000,0.0000,1
7.053,16,-16,-30,1503,1497,0.10,-1.05,0.0000,0.0000,0.0000,1
7.070,15,-16,-30,1503,1497,0.10,-1.05,0.0000,0.0000,0.0000,1
7.087,15,-15,-30,1503,1497,0.10,-1.05,0.0000,0.0000,0.0000,1
7.104,14,-16,-30,1502,1497,0.10,-1.05,0.0000,0.0000,0.0000,1
7.122,13,-16,-30,1502,1497,0.00,-0.80,0.0000,0.0000,0.0000,1
7.141,12,-15,-30,1502,1497,0.00,-0.80,0.0000,0.0000,0.0000,1
7.159,11,-15,-30,1502,1497,0.00,-0.80,0.0000,0.0000,0.0000,1
7.176,11,-14,-30,1502,1497,0.00,-0.80,0.0000,0.0000,0.0000,1
7.195,10,-13,-30,1502,1497,0.00,-0.80,0.0000,0.0000,0.0000,1
7.212,10,-12,-31,1502,1497,0.00,-0.80,0.0000,0.0000,0.0000,0
0.018,10,-11,-32,1502,1497,0.00,-0.80,0.0000,0.0000,0.0000,0
0.035,9,-10,-32,1501,1497,0.00,-0.80,0.0000,0.0000,0.0000,0
0.053,8,-9,-32,1501,1497,0.00,-0.80,0.0000,0.0000,0.0000,0
0.071,8,-8,-33,1501,1497,0.00,-0.80,0.0000,0.0000,0.0000,0
0.092,6,-11,-31,1501,1497,0.00,-0.80,0.0000,0.0000,0.0000,0
0.109,5,-12,-31,1501,1497,0.00,-0.80,0.0000,0.0000,0.0000,0
0.127,5,-13,-31,1501,1497,0.00,-0.80,0.0000,0.0000,0.0000,0
0.144,4,-13,-31,1500,1497,0.00,-0.80,0.0000,0.0000,0.0000,0
0.161,4,-13,-31,1500,1497,-0.30,-0.52,0.0000,0.0000,0.0000,0
0.179,3,-14,-31,1500,1497,-0.30,-0.52,0.0000,0.0000,0.0000,0
0.196,3,-14,-31,1500,1497,-0.30,-0.52,0.0000,0.0000,0.0000,0
0.214,2,-14,-32,1500,1497,-0.30,-0.52,0.0000,0.0000,0.0000,0
0.232,2,-14,-32,1500,1497,-0.30,-0.52,0.0000,0.0000,0.0000,0
0.251,2,-14,-32,1500,1497,-0.30,-0.52,0.0000,0.0000,0.0000,0
0.269,2,-16,-32,1500,1497,-0.30,-0.52,0.0000,0.0000,0.0000,0
0.286,2,-17,-32,1500,1497,-0.30,-0.52,0.0000,0.0000,0.0000,0
0.303,2,-18,-31,1500,1497,-0.30,-0.52,0.0000,0.0000,0.0000,0
0.323,2,-20,-31,1500,1497,-0.30,-0.52,0.0000,0.0000,0.0000,0
0.340,2,-22,-32,1500,1497,-0.30,-0.52,0.0000,0.0000,0.0000,0
0.358,2,-24,-31,1500,1497,-0.30,-0.52,0.0000,0.0000,0.0000,0
0.375,2,-25,-31,1500,1497,-0.30,-0.52,0.0000,0.0000,0.0000,0
0.392,3,-26,-31,1500,1497,-0.30,-0.52,0.0000,0.0000,0.0000,0
0.410,4,-27,-31,1500,1497,0.17,-1.31,0.0000,0.0000,0.0000,0
0.429,5,-27,-31,1501,1497,0.17,-1.31,0.0000,0.0000,0.0000,0
0.448,5,-28,-31,1501,1497,0.17,-1.31,0.0000,0.0000,0.0000,0
0.466,5,-28,-32,1501,1497,0.17,-1.31,0.0000,0.0000,0.0000,0
0.484,5,-28,-32,1501,1497,0.17,-1.31,0.0000,0.0000,0.0000,0
0.502,5,-29,-32,1501,1497,0.17,-1.31,0.0000,0.0000,0.0000,0
0.519,5,-29,-32,1501,1497,0.17,-1.31,0.0000,0.0000,0.0000,0
0.536,5,-29,-32,1501,1497,0.17,-1.31,0.0000,0.0000,0.0000,0
0.554,5,-30,-32,1501,1497,0.17,-1.31,0.0000,0.0000,0.0000,0
0.571,4,-30,-32,1500,1497,0.17,-1.31,0.0000,0.0000,0.0000,0
0.588,3,-30,-32,1500,1497,0.17,-1.31,0.0000,0.0000,0.0000,0
0.606,3,-31,-32,1500,1497,0.17,-1.31,0.0000,0.0000,0.0000,0
0.623,3,-31,-32,1500,1497,0.17,-1.31,0.0000,0.0000,0.0000,0
0.640,2,-31,-32,1500,1497,0.17,-1.31,0.0000,0.0000,0.0000,0
0.658,2,-30,-32,1500,1497,0.59,-1.68,0.0000,0.0000,0.0000,0
0.675,1,-31,-32,1500,1497,0.59,-1.68,0.0000,0.0000,0.0000,0
0.692,0,-31,-32,1500,1497,0.59,-1.68,0.0000,0.0000,0.0000,0
0.710,0,-30,-31,1500,1497,0.59,-1.68,0.0000,0.0000,0.0000,0
0.727,-1,-30,-31,1500,1497,0.59,-1.68,0.0000,0.0000,0.0000,0
0.745,-2,-30,-31,1500,1497,0.59,-1.68,0.0000,0.0000,0.0000,0
0.763,-3,-29,-31,1500,1497,0.59,-1.68,0.0000,0.0000,0.0000,0
0.781,-4,-29,-31,1500,1497,0.59,-1.68,0.0000,0.0000,0.0000,0
0.799,-6,-28,-31,1499,1497,0.59,-1.68,0.0000,0.0000,0.0000,0
0.817,-7,-28,-31,1499,1497,0.59,-1.68,0.0000,0.0000,0.0000,0
0.835,-8,-28,-31,1499,1497,0.59,-1.68,0.0000,0.0000,0.0000,0
0.854,-9,-27,-31,1499,1497,0.59,-1.68,0.0000,0.0000,0.0000,0
0.871,-11,-27,-31,1498,1497,0.59,-1.68,0.0000,0.0000,0.0000,0
0.889,-12,-27,-31,1498,1497,0.59,-1.68,0.0000,0.0000,0.0000,0
0.906,-13,-27,-31,1498,1497,0.58,-1.73,0.0000,0.0000,0.0000,0
0.923,-13,-27,-31,1498,1497,0.58,-1.73,0.0000,0.0000,0.0000,0
0.941,-14,-26,-31,1498,1497,0.58,-1.73,0.0000,0.0000,0.0000,0
0.959,-15,-25,-31,1497,1497,0.58,-1.73,0.0000,0.0000,0.0000,0
0.976,-15,-24,-31,1497,1497,0.58,-1.73,0.0000,0.0000,0.0000,0
0.993,-15,-24,-31,1497,1497,0.58,-1.73,0.0000,0.0000,0.0000,0
1.011,-16,-23,-31,1497,1497,0.58,-1.73,0.0000,0.0000,0.0000,0
1.028,-16,-23,-31,1497,1497,0.58,-1.73,0.0000,0.0000,0.0000,0
1.045,-16,-22,-31,1497,1497,0.58,-1.73,0.0000,0.0000,0.0000,0
1.063,-15,-22,-31,1497,1497,0.58,-1.73,0.0000,0.0000,0.0000,0
1.082,-15,-21,-31,1497,1497,0.58,-1.73,0.0000,0.0000,0.0000,0
1.100,-14,-21,-31,1498,1497,0.58,-1.73,0.0000,0.0000,0.0000,0
1.118,-14,-21,-30,1498,1497,0.58,-1.73,0.0000,0.0000,0.0000,1
1.137,-15,-21,-30,1497,1497,0.58,-1.73,0.0000,0.0000,0.0000,1
1.155,-15,-21,-30,1497,1497,-0.37,-1.53,0.0000,0.0000,0.0000,1
1.172,-15,-21,-30,1497,1497,-0.37,-1.53,0.0000,0.0000,0.0000,1
1.189,-15,-21,-31,1497,1497,-0.37,-1.53,0.0000,0.0000,0.0000,0
0.018,-16,-21,-31,1497,1497,-0.37,-1.53,0.0000,0.0000,0.0000,0
0.036,-16,-20,-30,1497,1497,-0.37,-1.53,0.0000,0.0000,0.0000,1
0.053,-17,-19,-31,1497,1497,-0.37,-1.53,0.0000,0.0000,0.0000,0
0.017,-17,-18,-30,1497,1497,-0.37,-1.53,0.0000,0.0000,0.0000,1
0.035,-18,-17,-30,1497,1497,-0.37,-1.53,0.0000,0.0000,0.0000,1
0.053,-19,-16,-30,1497,1497,-0.37,-1.53,0.0000,0.0000,0.0000,1
0.070,-21,-15,-30,1496,1497,-0.37,-1.53,0.0000,0.0000,0.0000,1
0.088,-22,-14,-30,1496,1497,-0.37,-1.53,0.0000,0.0000,0.0000,1
0.105,-24,-12,-30,1496,1497,-0.37,-1.53,0.0000,0.0000,0.0000,1
0.122,-28,-10,-30,1495,1497,-0.37,-1.53,0.0000,0.0000,0.0000,1
0.141,-30,-11,-30,1495,1497,-0.37,-1.53,0.0000,0.0000,0.0000,1
0.158,-30,-11,-30,1494,1497,-0.65,-1.00,0.0000,0.0000,0.0000,1
0.175,-34,-11,-30,1494,1497,-0.65,-1.00,0.0000,0.0000,0.0000,1
0.196,-36,-11,-30,1493,1497,-0.65,-1.00,0.0000,0.0000,0.0000,1
0.214,-37,-11,-30,1493,1497,-0.65,-1.00,0.0000,0.0000,0.0000,1
0.232,-39,-10,-30,1493,1497,-0.65,-1.00,0.0000,0.0000,0.0000,1
0.249,-39,-10,-29,1493,1498,-0.65,-1.00,0.0000,0.0000,0.0000,1
0.266,-40,-9,-29,1492,1498,-0.65,-1.00,0.0000,0.0000,0.0000,1
0.283,-40,-9,-31,1492,1497,-0.65,-1.00,0.0000,0.0000,0.0000,0
0.018,-40,-8,-31,1492,1497,-0.65,-1.00,0.0000,0.0000,0.0000,0
0.036,-41,-8,-32,1492,1497,-0.65,-1.00,0.0000,0.0000,0.0000,0
0.053,-41,-7,-32,1492,1497,-0.65,-1.00,0.0000,0.0000,0.0000,0
0.070,-41,-7,-32,1492,1497,-0.65,-1.00,0.0000,0.0000,0.0000,0
0.089,-42,-6,-31,1492,1497,-0.65,-1.00,0.0000,0.0000,0.0000,0
0.107,-42,-6,-30,1492,1497,-0.65,-1.00,0.0000,0.0000,0.0000,1
0.125,-42,-5,-30,1492,1497,-0.79,-0.57,0.0000,0.0000,0.0000,1
0.142,-42,-5,-29,1492,1498,-0.79,-0.57,0.0000,0.0000,0.0000,1
0.161,-42,-4,-29,1492,1498,-0.79,-0.57,0.0000,0.0000,0.0000,1
0.178,-42,-3,-29,1492,1498,-0.79,-0.57,0.0000,0.0000,0.0000,1
0.196,-43,-2,-29,1492,1498,-0.79,-0.57,0.0000,0.0000,0.0000,1
0.213,-44,-1,-29,1492,1498,-0.79,-0.57,0.0000,0.0000,0.0000,1
0.230,-45,-1,-29,1491,1498,-0.79,-0.57,0.0000,0.0000,0.0000,1
0.247,-45,-1,-30,1491,1497,-0.79,-0.57,0.0000,0.0000,0.0000,1
0.265,-46,-1,-30,1491,1497,-0.79,-0.57,0.0000,0.0000,0.0000,1
0.282,-47,-1,-30,1491,1497,-0.79,-0.57,0.0000,0.0000,0.0000,1
0.299,-47,-1,-30,1491,1497,-0.79,-0.57,0.0000,0.0000,0.0000,1
0.316,-48,-1,-31,1491,1497,-0.79,-0.57,0.0000,0.0000,0.0000,0
0.020,-47,-1,-30,1491,1497,-0.79,-0.57,0.0000,0.0000,0.0000,1
0.038,-47,-2,-31,1491,1497,-0.79,-0.57,0.0000,0.0000,0.0000,0
0.017,-46,-2,-30,1491,1497,-0.45,-0.31,0.0000,0.0000,0.0000,1
0.035,-46,-2,-30,1491,1497,-0.45,-0.31,0.0000,0.0000,0.0000,1
0.052,-44,-1,-30,1492,1497,-0.45,-0.31,0.0000,0.0000,0.0000,1
0.071,-43,-1,-30,1492,1497,-0.45,-0.31,0.0000,0.0000,0.0000,1
0.088,-42,0,-29,1492,1498,-0.45,-0.31,0.0000,0.0000,0.0000,1
0.105,-39,1,-29,1493,1498,-0.45,-0.31,0.0000,0.0000,0.0000,1
0.123,-38,2,-29,1493,1498,-0.45,-0.31,0.0000,0.0000,0.0000,1
0.140,-37,3,-29,1493,1498,-0.45,-0.31,0.0000,0.0000,0.0000,1
0.158,-36,3,-28,1493,1498,-0.45,-0.31,0.0000,0.0000,0.0000,1
0.175,-35,3,-29,1493,1498,-0.45,-0.31,0.0000,0.0000,0.0000,1
0.192,-35,4,-28,1493,1498,-0.45,-0.31,0.0000,0.0000,0.0000,1
0.209,-35,3,-28,1493,1498,-0.45,-0.31,0.0000,0.0000,0.0000,1
0.227,-35,3,-27,1493,1498,-0.45,-0.31,0.0000,0.0000,0.0000,1
0.245,-35,2,-27,1493,1498,-0.45,-0.31,0.0000,0.0000,0.0000,1
0.262,-35,2,-27,1493,1498,-0.44,-0.08,0.0000,0.0000,0.0000,1
0.281,-36,1,-27,1493,1498,-0.44,-0.08,0.0000,0.0000,0.0000,1
0.299,-37,0,-27,1493,1498,-0.44,-0.08,0.0000,0.0000,0.0000,1
0.317,-38,0,-27,1493,1498,-0.44,-0.08,0.0000,0.0000,0.0000,1
0.335,-39,-1,-27,1493,1498,-0.44,-0.08,0.0000,0.0000,0.0000,1
0.352,-41,-2,-27,1492,1498,-0.44,-0.08,0.0000,0.0000,0.0000,1
0.370,-42,-3,-27,1492,1498,-0.44,-0.08,0.0000,0.0000,0.0000,1
0.387,-42,-3,-27,1492,1498,-0.44,-0.08,0.0000,0.0000,0.0000,1
0.405,-41,-4,-27,1492,1498,-0.44,-0.08,0.0000,0.0000,0.0000,1
0.422,-40,-4,-27,1492,1498,-0.44,-0.08,0.0000,0.0000,0.0000,1
0.441,-39,-4,-27,1493,1498,-0.44,-0.08,0.0000,0.0000,0.0000,1
0.458,-37,-4,-27,1493,1498,-0.44,-0.08,0.0000,0.0000,0.0000,1
0.475,-35,-4,-28,1493,1498,-0.44,-0.08,0.0000,0.0000,0.0000,1
0.492,-32,-4,-28,1494,1498,-0.44,-0.08,0.0000,0.0000,0.0000,1
0.510,-30,-4,-28,1494,1498,-0.44,-0.08,0.0000,0.0000,0.0000,1
0.527,-27,-3,-29,1495,1498,-0.71,-0.29,0.0000,0.0000,0.0000,1
0.544,-27,-3,-29,1495,1498,-0.71,-0.29,0.0000,0.0000,0.0000,1
0.563,-20,-1,-28,1496,1498,-0.71,-0.29,0.0000,0.0000,0.0000,1
0.583,-20,-1,-28,1496,1498,-0.71,-0.29,0.0000,0.0000,0.0000,1
0.605,-14,2,-27,1498,1498,-0.71,-0.29,0.0000,0.0000,0.0000,1
0.624,-12,4,-27,1498,1498,-0.71,-0.29,0.0000,0.0000,0.0000,1
0.641,-9,6,-27,1499,1498,-0.71,-0.29,0.0000,0.0000,0.0000,1
0.660,-3,9,-27,1500,1498,-0.71,-0.29,0.0000,0.0000,0.0000,1
0.677,0,11,-26,1500,1498,-0.71,-0.29,0.0000,0.0000,0.0000,1
0.695,3,13,-27,1500,1498,-0.71,-0.29,0.0000,0.0000,0.0000,1
0.712,4,13,-27,1500,1498,-0.71,-0.29,0.0000,0.0000,0.0000,1
0.730,5,14,-27,1501,1498,-0.71,-0.29,0.0000,0.0000,0.0000,1
0.747,6,15,-27,1501,1498,-0.71,-0.29,0.0000,0.0000,0.0000,1
0.769,6,16,-26,1501,1498,-1.02,0.70,0.0000,0.0000,0.0000,1
0.787,6,16,-27,1501,1498,-1.02,0.70,0.0000,0.0000,0.0000,1
0.807,6,15,-27,1501,1498,-1.02,0.70,0.0000,0.0000,0.0000,1
0.828,5,14,-27,1501,1498,-1.02,0.70,0.0000,0.0000,0.0000,1
0.845,4,14,-27,1500,1498,-1.02,0.70,0.0000,0.0000,0.0000,1
0.862,4,14,-27,1500,1498,-1.02,0.70,0.0000,0.0000,0.0000,1
0.879,3,14,-26,1500,1498,-1.02,0.70,0.0000,0.0000,0.0000,1
0.897,3,14,-26,1500,1498,-1.02,0.70,0.0000,0.0000,0.0000,1
0.915,3,12,-26,1500,1498,-1.02,0.70,0.0000,0.0000,0.0000,1
0.932,2,11,-27,1500,1498,-1.02,0.70,0.0000,0.0000,0.0000,1
0.950,2,11,-27,1500,1498,-1.02,0.70,0.0000,0.0000,0.0000,1
0.967,3,10,-27,1500,1498,-1.02,0.70,0.0000,0.0000,0.0000,1
0.985,3,10,-27,1500,1498,-1.02,0.70,0.0000,0.0000,0.0000,1
1.002,4,9,-27,1500,1498,-1.02,0.70,0.0000,0.0000,0.0000,1
1.021,5,8,-27,1501,1498,-0.02,0.51,0.0000,0.0000,0.0000,1
1.040,6,7,-27,1501,1498,-0.02,0.51,0.0000,0.0000,0.0000,1
1.058,7,6,-27,1501,1498,-0.02,0.51,0.0000,0.0000,0.0000,1
1.075,7,5,-28,1501,1498,-0.02,0.51,0.0000,0.0000,0.0000,1
1.093,8,4,-28,1501,1498,-0.02,0.51,0.0000,0.0000,0.0000,1
1.112,9,3,-29,1501,1498,-0.02,0.51,0.0000,0.0000,0.0000,1
1.129,10,2,-28,1502,1498,-0.02,0.51,0.0000,0.0000,0.0000,1
1.148,11,1,-27,1502,1498,-0.02,0.51,0.0000,0.0000,0.0000,1
1.166,12,0,-27,1502,1498,-0.02,0.51,0.0000,0.0000,0.0000,1
1.183,13,-1,-27,1502,1498,-0.02,0.51,0.0000,0.0000,0.0000,1
1.201,13,-2,-28,1502,1498,-0.02,0.51,0.0000,0.0000,0.0000,1
1.218,13,-3,-28,1502,1498,-0.02,0.51,0.0000,0.0000,0.0000,1
1.236,13,-3,-29,1502,1498,-0.02,0.51,0.0000,0.0000,0.0000,1
1.255,13,-3,-30,1502,1497,-0.02,0.51,0.0000,0.0000,0.0000,1
1.272,13,-3,-30,1502,1497,-0.46,-0.23,0.0000,0.0000,0.0000,1
1.290,13,-4,-30,1502,1497,-0.46,-0.23,0.0000,0.0000,0.0000,1
1.313,12,-5,-29,1502,1498,-0.46,-0.23,0.0000,0.0000,0.0000,1
1.330,12,-6,-29,1502,1498,-0.46,-0.23,0.0000,0.0000,0.0000,1
1.348,12,-7,-30,1502,1497,-0.46,-0.23,0.0000,0.0000,0.0000,1
1.366,12,-7,-30,1502,1497,-0.46,-0.23,0.0000,0.0000,0.0000,1
1.384,11,-8,-31,1502,1497,-0.46,-0.23,0.0000,0.0000,0.0000,0
0.018,10,-8,-31,1502,1497,-0.46,-0.23,0.0000,0.0000,0.0000,0
0.036,11,-8,-31,1502,1497,-0.46,-0.23,0.0000,0.0000,0.0000,0
0.053,10,-9,-31,1502,1497,-0.46,-0.23,0.0000,0.0000,0.0000,0
0.070,10,-9,-31,1502,1497,-0.46,-0.23,0.0000,0.0000,0.0000,0
0.088,9,-9,-31,1501,1497,-0.46,-0.23,0.0000,0.0000,0.0000,0
0.106,8,-9,-31,1501,1497,-0.46,-0.23,0.0000,0.0000,0.0000,0
0.123,7,-10,-31,1501,1497,-0.46,-0.23,0.0000,0.0000,0.0000,0
0.140,7,-10,-31,1501,1497,0.10,-0.83,0.0000,0.0000,0.0000,0
0.158,7,-10,-31,1501,1497,0.10,-0.83,0.0000,0.0000,0.0000,0
0.177,5,-10,-31,1501,1497,0.10,-0.83,0.0000,0.0000,0.0000,0
0.194,5,-11,-31,1501,1497,0.10,-0.83,0.0000,0.0000,0.0000,0
0.212,4,-11,-31,1500,1497,0.10,-0.83,0.0000,0.0000,0.0000,0
0.231,4,-11,-31,1500,1497,0.10,-0.83,0.0000,0.0000,0.0000,0
0.248,3,-12,-31,1500,1497,0.10,-0.83,0.0000,0.0000,0.0000,0
0.265,3,-12,-31,1500,1497,0.10,-0.83,0.0000,0.0000,0.0000,0
0.283,1,-13,-31,1500,1497,0.10,-0.83,0.0000,0.0000,0.0000,0
0.301,0,-14,-31,1500,1497,0.10,-0.83,0.0000,0.0000,0.0000,0
0.318,-1,-14,-31,1500,1497,0.10,-0.83,0.0000,0.0000,0.0000,0
0.335,-2,-15,-31,1500,1497,0.10,-0.83,0.0000,0.0000,0.0000,0
0.353,-3,-18,-31,1500,1497,0.10,-0.83,0.0000,0.0000,0.0000,0
0.371,-4,-19,-32,1500,1497,0.10,-0.83,0.0000,0.0000,0.0000,0
0.388,-4,-20,-32,1500,1497,0.99,-1.69,0.0000,0.0000,0.0000,0
0.406,-4,-19,-32,1500,1497,0.99,-1.69,0.0000,0.0000,0.0000,0
0.423,-4,-19,-32,1500,1497,0.99,-1.69,0.0000,0.0000,0.0000,0
0.443,-4,-19,-32,1500,1497,0.99,-1.69,0.0000,0.0000,0.0000,0
0.463,-4,-19,-32,1500,1497,0.99,-1.69,0.0000,0.0000,0.0000,0
0.480,-4,-18,-32,1500,1497,0.99,-1.69,0.0000,0.0000,0.0000,0
0.497,-4,-17,-33,1500,1497,0.99,-1.69,0.0000,0.0000,0.0000,0
0.514,-4,-16,-33,1500,1497,0.99,-1.69,0.0000,0.0000,0.0000,0
0.532,-4,-16,-34,1500,1497,0.99,-1.69,0.0000,0.0000,0.0000,0
0.550,-4,-15,-34,1500,1497,0.99,-1.69,0.0000,0.0000,0.0000,0
0.568,-4,-14,-34,1500,1497,0.99,-1.69,0.0000,0.0000,0.0000,0
0.586,-4,-13,-34,1500,1497,0.99,-1.69,0.0000,0.0000,0.0000,0
0.603,-4,-11,-35,1500,1497,0.99,-1.69,0.0000,0.0000,0.0000,0
0.621,-5,-10,-34,1499,1497,0.99,-1.69,0.0000,0.0000,0.0000,0
0.640,-5,-9,-35,1499,1497,0.20,-1.31,0.0000,0.0000,0.0000,0
0.659,-6,-9,-34,1499,1497,0.20,-1.31,0.0000,0.0000,0.0000,0
0.678,-7,-9,-34,1499,1497,0.20,-1.31,0.0000,0.0000,0.0000,0
0.696,-7,-9,-35,1499,1497,0.20,-1.31,0.0000,0.0000,0.0000,0
0.714,-9,-10,-34,1499,1497,0.20,-1.31,0.0000,0.0000,0.0000,0
0.731,-10,-10,-34,1498,1497,0.20,-1.31,0.0000,0.0000,0.0000,0
0.748,-11,-11,-34,1498,1497,0.20,-1.31,0.0000,0.0000,0.0000,0
0.766,-13,-12,-35,1498,1497,0.20,-1.31,0.0000,0.0000,0.0000,0
0.784,-14,-12,-36,1498,1497,0.20,-1.31,0.0000,0.0000,0.0000,0
0.801,-14,-12,-36,1498,1497,0.20,-1.31,0.0000,0.0000,0.0000,0
0.820,-16,-13,-35,1497,1497,0.20,-1.31,0.0000,0.0000,0.0000,0
0.838,-17,-13,-35,1497,1497,0.20,-1.31,0.0000,0.0000,0.0000,0
0.856,-18,-13,-35,1497,1497,0.20,-1.31,0.0000,0.0000,0.0000,0
0.873,-19,-13,-35,1497,1497,-0.42,-1.70,0.0000,0.0000,0.0000,0
0.891,-20,-14,-36,1496,1497,-0.42,-1.70,0.0000,0.0000,0.0000,0
0.908,-20,-13,-36,1496,1497,-0.42,-1.70,0.0000,0.0000,0.0000,0
0.925,-21,-13,-36,1496,1497,-0.42,-1.70,0.0000,0.0000,0.0000,0
0.943,-22,-13,-36,1496,1497,-0.42,-1.70,0.0000,0.0000,0.0000,0
0.962,-22,-13,-36,1496,1497,-0.42,-1.70,0.0000,0.0000,0.0000,0
0.980,-23,-13,-36,1496,1497,-0.42,-1.70,0.0000,0.0000,0.0000,0
0.997,-23,-13,-36,1496,1497,-0.42,-1.70,0.0000,0.0000,0.0000,0
1.015,-24,-13,-36,1496,1497,-0.42,-1.70,0.0000,0.0000,0.0000,0
1.034,-25,-13,-35,1495,1497,-0.42,-1.70,0.0000,0.0000,0.0000,0
1.051,-26,-13,-36,1495,1497,-0.42,-1.70,0.0000,0.0000,0.0000,0
1.070,-26,-14,-36,1495,1497,-0.42,-1.70,0.0000,0.0000,0.0000,0
1.088,-27,-14,-37,1495,1497,-0.42,-1.70,0.0000,0.0000,0.0000,0
1.106,-28,-15,-37,1495,1497,-0.42,-1.70,0.0000,0.0000,0.0000,0
1.123,-28,-16,-38,1495,1497,-0.94,-1.94,0.0000,0.0000,0.0000,0
1.140,-29,-17,-38,1495,1497,-0.94,-1.94,0.0000,0.0000,0.0000,0
1.157,-30,-17,-39,1494,1497,-0.94,-1.94,0.0000,0.0000,0.0000,0
1.174,-31,-18,-38,1494,1497,-0.94,-1.94,0.0000,0.0000,0.0000,0
1.191,-31,-18,-38,1494,1497,-0.94,-1.94,0.0000,0.0000,0.0000,0
1.209,-32,-18,-38,1494,1497,-0.94,-1.94,0.0000,0.0000,0.0000,0
1.226,-32,-17,-37,1494,1497,-0.94,-1.94,0.0000,0.0000,0.0000,0
1.245,-32,-17,-37,1494,1497,-0.94,-1.94,0.0000,0.0000,0.0000,0
1.263,-32,-16,-36,1494,1497,-0.94,-1.94,0.0000,0.0000,0.0000,0
1.281,-32,-15,-37,1494,1497,-0.94,-1.94,0.0000,0.0000,0.0000,0
1.299,-32,-14,-38,1494,1497,-0.94,-1.94,0.0000,0.0000,0.0000,0
1.316,-32,-13,-37,1494,1497,-0.94,-1.94,0.0000,0.0000,0.0000,0
1.333,-32,-13,-38,1494,1497,-0.94,-1.94,0.0000,0.0000,0.0000,0
1.350,-32,-12,-38,1494,1497,-0.94,-1.94,0.0000,0.0000,0.0000,0
1.369,-32,-12,-38,1494,1497,-0.94,-1.94,0.0000,0.0000,0.0000,0
1.388,-32,-12,-38,1494,1497,-0.77,-1.75,0.0000,0.0000,0.0000,0
1.406,-32,-12,-38,1494,1497,-0.77,-1.75,0.0000,0.0000,0.0000,0
1.425,-33,-13,-37,1494,1497,-0.77,-1.75,0.0000,0.0000,0.0000,0
1.443,-33,-13,-37,1494,1497,-0.77,-1.75,0.0000,0.0000,0.0000,0
1.460,-34,-14,-37,1494,1497,-0.77,-1.75,0.0000,0.0000,0.0000,0
1.477,-34,-15,-37,1494,1497,-0.77,-1.75,0.0000,0.0000,0.0000,0
1.495,-33,-15,-37,1494,1497,-0.77,-1.75,0.0000,0.0000,0.0000,0
1.515,-33,-16,-38,1494,1497,-0.77,-1.75,0.0000,0.0000,0.0000,0
1.532,-32,-16,-37,1494,1497,-0.77,-1.75,0.0000,0.0000,0.0000,0
1.551,-31,-16,-37,1494,1497,-0.77,-1.75,0.0000,0.0000,0.0000,0
1.569,-31,-16,-37,1494,1497,-0.77,-1.75,0.0000,0.0000,0.0000,0
1.586,-30,-16,-39,1494,1497,-0.77,-1.75,0.0000,0.0000,0.0000,0
1.604,-30,-16,-39,1494,1497,-0.77,-1.75,0.0000,0.0000,0.0000,0
1.621,-29,-15,-39,1495,1497,-0.77,-1.75,0.0000,0.0000,0.0000,0
1.639,-28,-15,-39,1495,1497,-0.85,-1.85,0.0000,0.0000,0.0000,0
1.656,-28,-15,-38,1495,1497,-0.85,-1.85,0.0000,0.0000,0.0000,0
1.673,-27,-14,-38,1495,1497,-0.85,-1.85,0.0000,0.0000,0.0000,0
1.690,-26,-13,-38,1495,1497,-0.85,-1.85,0.0000,0.0000,0.0000,0
1.708,-25,-13,-38,1495,1497,-0.85,-1.85,0.0000,0.0000,0.0000,0
1.725,-24,-12,-38,1496,1497,-0.85,-1.85,0.0000,0.0000,0.0000,0
1.742,-24,-12,-38,1496,1497,-0.85,-1.85,0.0000,0.0000,0.0000,0
1.760,-23,-11,-38,1496,1497,-0.85,-1.85,0.0000,0.0000,0.0000,0
1.778,-22,-10,-39,1496,1497,-0.85,-1.85,0.0000,0.0000,0.0000,0
1.795,-21,-9,-38,1496,1497,-0.85,-1.85,0.0000,0.0000,0.0000,0
1.814,-20,-9,-38,1496,1497,-0.85,-1.85,0.0000,0.0000,0.0000,0
1.833,-19,-8,-38,1497,1497,-0.85,-1.85,0.0000,0.0000,0.0000,0
1.851,-16,-7,-38,1497,1497,-0.85,-1.85,0.0000,0.0000,0.0000,0
1.869,-15,-7,-38,1497,1497,-0.85,-1.85,0.0000,0.0000,0.0000,0
1.886,-15,-7,-38,1497,1497,-1.15,-1.30,0.0000,0.0000,0.0000,0
1.904,-13,-8,-38,1498,1497,-1.15,-1.30,0.0000,0.0000,0.0000,0
1.921,-12,-8,-38,1498,1497,-1.15,-1.30,0.0000,0.0000,0.0000,0
1.938,-11,-8,-38,1498,1497,-1.15,-1.30,0.0000,0.0000,0.0000,0
1.956,-10,-7,-38,1498,1497,-1.15,-1.30,0.0000,0.0000,0.0000,0
1.973,-7,-6,-38,1499,1497,-1.15,-1.30,0.0000,0.0000,0.0000,0
1.992,-6,-6,-38,1499,1497,-1.15,-1.30,0.0000,0.0000,0.0000,0
2.010,-4,-6,-37,1500,1497,-1.15,-1.30,0.0000,0.0000,0.0000,0
2.028,-3,-6,-38,1500,1497,-1.15,-1.30,0.0000,0.0000,0.0000,0
2.047,-2,-6,-38,1500,1497,-1.15,-1.30,0.0000,0.0000,0.0000,0
2.066,1,-8,-39,1500,1497,-1.15,-1.30,0.0000,0.0000,0.0000,0
2.084,2,-9,-39,1500,1497,-1.15,-1.30,0.0000,0.0000,0.0000,0
2.102,3,-11,-40,1500,1496,-1.15,-1.30,0.0000,0.0000,0.0000,0
2.119,4,-12,-39,1500,1497,-1.15,-1.30,0.0000,0.0000,0.0000,0
2.136,4,-12,-39,1500,1497,-0.83,-1.43,0.0000,0.0000,0.0000,0
2.154,5,-12,-39,1501,1497,-0.83,-1.43,0.0000,0.0000,0.0000,0
2.171,5,-11,-39,1501,1497,-0.83,-1.43,0.0000,0.0000,0.0000,0
2.189,7,-11,-39,1501,1497,-0.83,-1.43,0.0000,0.0000,0.0000,0
2.207,8,-10,-40,1501,1496,-0.83,-1.43,0.0000,0.0000,0.0000,0
2.224,10,-8,-40,1502,1496,-0.83,-1.43,0.0000,0.0000,0.0000,0
2.241,12,-7,-39,1502,1497,-0.83,-1.43,0.0000,0.0000,0.0000,0
2.259,13,-6,-39,1502,1497,-0.83,-1.43,0.0000,0.0000,0.0000,0
2.277,13,-6,-39,1502,1497,-0.83,-1.43,0.0000,0.0000,0.0000,0
2.294,16,-4,-37,1503,1497,-0.83,-1.43,0.0000,0.0000,0.0000,0
2.311,18,-3,-38,1503,1497,-0.83,-1.43,0.0000,0.0000,0.0000,0
2.329,19,-3,-38,1503,1497,-0.83,-1.43,0.0000,0.0000,0.0000,0
2.347,20,-2,-38,1504,1497,-0.83,-1.43,0.0000,0.0000,0.0000,0
2.366,21,-2,-38,1504,1497,-0.83,-1.43,0.0000,0.0000,0.0000,0
2.385,21,-1,-39,1504,1497,0.31,-1.00,0.0000,0.0000,0.0000,0
2.402,22,-1,-39,1504,1497,0.31,-1.00,0.0000,0.0000,0.0000,0
2.420,24,-2,-38,1504,1497,0.31,-1.00,0.0000,0.0000,0.0000,0
2.438,24,-4,-39,1504,1497,0.31,-1.00,0.0000,0.0000,0.0000,0
2.456,25,-5,-39,1505,1497,0.31,-1.00,0.0000,0.0000,0.0000,0
2.474,25,-7,-40,1505,1496,0.31,-1.00,0.0000,0.0000,0.0000,0
2.493,25,-8,-39,1505,1497,0.31,-1.00,0.0000,0.0000,0.0000,0
2.511,25,-8,-38,1505,1497,0.31,-1.00,0.0000,0.0000,0.0000,0
2.528,25,-8,-40,1505,1496,0.31,-1.00,0.0000,0.0000,0.0000,0
2.546,25,-8,-40,1505,1496,0.31,-1.00,0.0000,0.0000,0.0000,0
2.564,26,-7,-39,1505,1497,0.31,-1.00,0.0000,0.0000,0.0000,0
2.582,26,-7,-39,1505,1497,0.31,-1.00,0.0000,0.0000,0.0000,0
2.601,27,-7,-39,1505,1497,0.31,-1.00,0.0000,0.0000,0.0000,0
2.619,27,-7,-38,1505,1497,0.31,-1.00,0.0000,0.0000,0.0000,0
2.640,27,-6,-38,1505,1497,0.88,-1.27,0.0000,0.0000,0.0000,0
2.658,27,-6,-39,1505,1497,0.88,-1.27,0.0000,0.0000,0.0000,0
2.675,28,-5,-39,1505,1497,0.88,-1.27,0.0000,0.0000,0.0000,0
2.693,29,-4,-39,1505,1497,0.88,-1.27,0.0000,0.0000,0.0000,0
2.710,30,-3,-39,1506,1497,0.88,-1.27,0.0000,0.0000,0.0000,0
2.728,31,-2,-39,1506,1497,0.88,-1.27,0.0000,0.0000,0.0000,0
2.746,32,-2,-39,1506,1497,0.88,-1.27,0.0000,0.0000,0.0000,0
2.764,32,-2,-39,1506,1497,0.88,-1.27,0.0000,0.0000,0.0000,0
2.781,33,-2,-39,1506,1497,0.88,-1.27,0.0000,0.0000,0.0000,0
2.798,33,-2,-40,1506,1496,0.88,-1.27,0.0000,0.0000,0.0000,0
2.817,33,-3,-38,1506,1497,0.88,-1.27,0.0000,0.0000,0.0000,0
2.836,32,-4,-39,1506,1497,0.88,-1.27,0.0000,0.0000,0.0000,0
2.853,32,-4,-39,1506,1497,0.88,-1.27,0.0000,0.0000,0.0000,0
2.871,31,-5,-39,1506,1497,0.40,-1.56,0.0000,0.0000,0.0000,0
2.891,31,-6,-39,1506,1497,0.40,-1.56,0.0000,0.0000,0.0000,0
2.911,31,-7,-40,1506,1496,0.40,-1.56,0.0000,0.0000,0.0000,0
2.929,30,-7,-39,1506,1497,0.40,-1.56,0.0000,0.0000,0.0000,0
2.947,30,-7,-38,1506,1497,0.40,-1.56,0.0000,0.0000,0.0000,0
2.965,29,-7,-39,1505,1497,0.40,-1.56,0.0000,0.0000,0.0000,0
2.982,28,-7,-39,1505,1497,0.40,-1.56,0.0000,0.0000,0.0000,0
3.004,26,-5,-39,1505,1497,0.40,-1.56,0.0000,0.0000,0.0000,0
3.021,25,-4,-39,1505,1497,0.40,-1.56,0.0000,0.0000,0.0000,0
3.039,25,-3,-40,1505,1496,0.40,-1.56,0.0000,0.0000,0.0000,0
3.056,24,-1,-40,1504,1496,0.40,-1.56,0.0000,0.0000,0.0000,0
3.073,23,0,-39,1504,1497,0.40,-1.56,0.0000,0.0000,0.0000,0
3.091,23,1,-39,1504,1497,0.40,-1.56,0.0000,0.0000,0.0000,0
3.108,23,2,-39,1504,1497,0.40,-1.56,0.0000,0.0000,0.0000,0
3.126,22,2,-38,1504,1497,-0.57,-1.15,0.0000,0.0000,0.0000,0
3.144,21,3,-39,1504,1497,-0.57,-1.15,0.0000,0.0000,0.0000,0
3.162,20,3,-39,1504,1497,-0.57,-1.15,0.0000,0.0000,0.0000,0
3.180,20,2,-39,1504,1497,-0.57,-1.15,0.0000,0.0000,0.0000,0
3.197,18,2,-39,1503,1497,-0.57,-1.15,0.0000,0.0000,0.0000,0
3.215,17,2,-39,1503,1497,-0.57,-1.15,0.0000,0.0000,0.0000,0
3.233,16,2,-39,1503,1497,-0.57,-1.15,0.0000,0.0000,0.0000,0
3.251,15,1,-39,1503,1497,-0.57,-1.15,0.0000,0.0000,0.0000,0
3.268,15,2,-39,1503,1497,-0.57,-1.15,0.0000,0.0000,0.0000,0
3.287,14,3,-39,1502,1497,-0.57,-1.15,0.0000,0.0000,0.0000,0
3.304,13,4,-39,1502,1497,-0.57,-1.15,0.0000,0.0000,0.0000,0
3.322,13,4,-39,1502,1497,-0.57,-1.15,0.0000,0.0000,0.0000,0
3.339,12,5,-39,1502,1497,-0.57,-1.15,0.0000,0.0000,0.0000,0
3.357,11,5,-40,1502,1496,-0.57,-1.15,0.0000,0.0000,0.0000,0
3.374,10,6,-40,1502,1496,-1.45,-1.22,0.0000,0.0000,0.0000,0
3.392,10,6,-39,1502,1497,-1.45,-1.22,0.0000,0.0000,0.0000,0
3.409,10,6,-39,1502,1497,-1.45,-1.22,0.0000,0.0000,0.0000,0
3.426,9,5,-40,1501,1496,-1.45,-1.22,0.0000,0.0000,0.0000,0
3.444,9,5,-39,1501,1497,-1.45,-1.22,0.0000,0.0000,0.0000,0
3.463,9,4,-39,1501,1497,-1.45,-1.22,0.0000,0.0000,0.0000,0
3.482,8,4,-40,1501,1496,-1.45,-1.22,0.0000,0.0000,0.0000,0
3.500,8,4,-40,1501,1496,-1.45,-1.22,0.0000,0.0000,0.0000,0
3.518,8,4,-40,1501,1496,-1.45,-1.22,0.0000,0.0000,0.0000,0
3.535,9,4,-39,1501,1497,-1.45,-1.22,0.0000,0.0000,0.0000,0
3.553,9,2,-40,1501,1496,-1.45,-1.22,0.0000,0.0000,0.0000,0
3.570,9,1,-39,1501,1497,-1.45,-1.22,0.0000,0.0000,0.0000,0
3.588,9,0,-39,1501,1497,-1.45,-1.22,0.0000,0.0000,0.0000,0
3.605,9,-1,-39,1501,1497,-1.45,-1.22,0.0000,0.0000,0.0000,0
3.622,9,-1,-40,1501,1496,-1.48,-1.76,0.0000,0.0000,0.0000,0
3.639,9,-2,-40,1501,1496,-1.48,-1.76,0.0000,0.0000,0.0000,0
3.656,9,-3,-39,1501,1497,-1.48,-1.76,0.0000,0.0000,0.0000,0
3.675,9,-3,-40,1501,1496,-1.48,-1.76,0.0000,0.0000,0.0000,0
3.692,9,-4,-40,1501,1496,-1.48,-1.76,0.0000,0.0000,0.0000,0
3.709,8,-6,-40,1501,1496,-1.48,-1.76,0.0000,0.0000,0.0000,0
3.726,7,-7,-40,1501,1496,-1.48,-1.76,0.0000,0.0000,0.0000,0
3.744,7,-8,-40,1501,1496,-1.48,-1.76,0.0000,0.0000,0.0000,0
3.762,6,-9,-40,1501,1496,-1.48,-1.76,0.0000,0.0000,0.0000,0
3.780,6,-9,-40,1501,1496,-1.48,-1.76,0.0000,0.0000,0.0000,0
3.798,6,-9,-40,1501,1496,-1.48,-1.76,0.0000,0.0000,0.0000,0
3.816,6,-9,-41,1501,1496,-1.48,-1.76,0.0000,0.0000,0.0000,0
3.836,6,-10,-41,1501,1496,-1.48,-1.76,0.0000,0.0000,0.0000,0
3.854,5,-10,-41,1501,1496,-1.48,-1.76,0.0000,0.0000,0.0000,0
3.871,5,-9,-41,1501,1496,-1.02,-1.95,0.0000,0.0000,0.0000,0
3.889,5,-9,-41,1501,1496,-1.02,-1.95,0.0000,0.0000,0.0000,0
3.906,4,-8,-41,1500,1496,-1.02,-1.95,0.0000,0.0000,0.0000,0
3.925,4,-8,-41,1500,1496,-1.02,-1.95,0.0000,0.0000,0.0000,0
3.942,4,-8,-41,1500,1496,-1.02,-1.95,0.0000,0.0000,0.0000,0
3.960,4,-9,-41,1500,1496,-1.02,-1.95,0.0000,0.0000,0.0000,0
3.978,4,-10,-41,1500,1496,-1.02,-1.95,0.0000,0.0000,0.0000,0
3.995,4,-11,-41,1500,1496,-1.02,-1.95,0.0000,0.0000,0.0000,0
4.013,4,-12,-41,1500,1496,-1.02,-1.95,0.0000,0.0000,0.0000,0
4.030,5,-14,-41,1501,1496,-1.02,-1.95,0.0000,0.0000,0.0000,0
4.049,7,-16,-41,1501,1496,-1.02,-1.95,0.0000,0.0000,0.0000,0
4.068,8,-18,-41,1501,1496,-1.02,-1.95,0.0000,0.0000,0.0000,0
4.087,9,-19,-41,1501,1496,-1.02,-1.95,0.0000,0.0000,0.0000,0
4.104,10,-20,-41,1502,1496,-1.02,-1.95,0.0000,0.0000,0.0000,0
4.122,10,-20,-41,1502,1496,-1.04,-2.55,0.0000,0.0000,0.0000,0
4.141,13,-19,-41,1502,1496,-1.04,-2.55,0.0000,0.0000,0.0000,0
4.158,15,-19,-42,1503,1496,-1.04,-2.55,0.0000,0.0000,0.0000,0
4.175,17,-19,-42,1503,1496,-1.04,-2.55,0.0000,0.0000,0.0000,0
4.193,19,-19,-41,1503,1496,-1.04,-2.55,0.0000,0.0000,0.0000,0
4.211,21,-19,-41,1504,1496,-1.04,-2.55,0.0000,0.0000,0.0000,0
4.229,24,-19,-41,1504,1496,-1.04,-2.55,0.0000,0.0000,0.0000,0
4.247,26,-18,-41,1505,1496,-1.04,-2.55,0.0000,0.0000,0.0000,0
4.265,31,-16,-41,1506,1496,-1.04,-2.55,0.0000,0.0000,0.0000,0
4.282,33,-16,-41,1506,1496,-1.04,-2.55,0.0000,0.0000,0.0000,0
4.301,35,-16,-41,1507,1496,-1.04,-2.55,0.0000,0.0000,0.0000,0
4.318,37,-16,-41,1507,1496,-1.04,-2.55,0.0000,0.0000,0.0000,0
4.339,38,-16,-41,1507,1496,-1.04,-2.55,0.0000,0.0000,0.0000,0
4.360,39,-17,-41,1507,1496,-1.04,-2.55,0.0000,0.0000,0.0000,0
4.378,39,-17,-41,1507,1496,-0.52,-2.22,0.0000,0.0000,0.0000,0
4.395,40,-18,-41,1508,1496,-0.52,-2.22,0.0000,0.0000,0.0000,0
4.413,41,-19,-40,1508,1496,-0.52,-2.22,0.0000,0.0000,0.0000,0
4.432,43,-20,-41,1508,1496,-0.52,-2.22,0.0000,0.0000,0.0000,0
4.449,42,-19,-40,1508,1496,-0.52,-2.22,0.0000,0.0000,0.0000,0
4.466,43,-18,-40,1508,1496,-0.52,-2.22,0.0000,0.0000,0.0000,0
4.484,43,-18,-41,1508,1496,-0.52,-2.22,0.0000,0.0000,0.0000,0
4.502,41,-17,-40,1508,1496,-0.52,-2.22,0.0000,0.0000,0.0000,0
4.519,40,-16,-40,1508,1496,-0.52,-2.22,0.0000,0.0000,0.0000,0
4.536,39,-16,-41,1507,1496,-0.52,-2.22,0.0000,0.0000,0.0000,0
4.554,39,-16,-41,1507,1496,-0.52,-2.22,0.0000,0.0000,0.0000,0
4.571,39,-16,-40,1507,1496,-0.52,-2.22,0.0000,0.0000,0.0000,0
4.591,39,-16,-40,1507,1496,-0.52,-2.22,0.0000,0.0000,0.0000,0
4.608,39,-17,-40,1507,1496,-0.52,-2.22,0.0000,0.0000,0.0000,0
4.628,39,-19,-41,1507,1496,-0.16,-2.39,0.0000,0.0000,0.0000,0
4.646,39,-19,-41,1507,1496,-0.16,-2.39,0.0000,0.0000,0.0000,0
4.664,39,-20,-41,1507,1496,-0.16,-2.39,0.0000,0.0000,0.0000,0
4.681,39,-21,-40,1507,1496,-0.16,-2.39,0.0000,0.0000,0.0000,0
4.699,39,-22,-40,1507,1496,-0.16,-2.39,0.0000,0.0000,0.0000,0
4.717,39,-22,-40,1507,1496,-0.16,-2.39,0.0000,0.0000,0.0000,0
4.734,39,-23,-40,1507,1496,-0.16,-2.39,0.0000,0.0000,0.0000,0
4.752,39,-22,-40,1507,1496,-0.16,-2.39,0.0000,0.0000,0.0000,0
4.769,39,-22,-40,1507,1496,-0.16,-2.39,0.0000,0.0000,0.0000,0
4.786,38,-23,-40,1507,1496,-0.16,-2.39,0.0000,0.0000,0.0000,0
4.805,38,-23,-40,1507,1496,-0.16,-2.39,0.0000,0.0000,0.0000,0
4.825,37,-23,-39,1507,1497,-0.16,-2.39,0.0000,0.0000,0.0000,0
4.843,36,-23,-39,1507,1497,-0.16,-2.39,0.0000,0.0000,0.0000,0
4.860,35,-23,-39,1507,1497,-0.16,-2.39,0.0000,0.0000,0.0000,0
4.878,34,-23,-40,1506,1496,0.14,-2.53,0.0000,0.0000,0.0000,0
4.897,32,-23,-40,1506,1496,0.14,-2.53,0.0000,0.0000,0.0000,0
4.917,32,-23,-40,1506,1496,0.14,-2.53,0.0000,0.0000,0.0000,0
4.934,32,-22,-39,1506,1497,0.14,-2.53,0.0000,0.0000,0.0000,0
4.952,31,-21,-39,1506,1497,0.14,-2.53,0.0000,0.0000,0.0000,0
4.970,31,-20,-39,1506,1497,0.14,-2.53,0.0000,0.0000,0.0000,0
4.987,30,-18,-39,1506,1497,0.14,-2.53,0.0000,0.0000,0.0000,0
5.005,30,-17,-39,1506,1497,0.14,-2.53,0.0000,0.0000,0.0000,0
5.022,30,-15,-39,1506,1497,0.14,-2.53,0.0000,0.0000,0.0000,0
5.040,30,-14,-39,1506,1497,0.14,-2.53,0.0000,0.0000,0.0000,0
5.058,29,-11,-38,1505,1497,0.14,-2.53,0.0000,0.0000,0.0000,0
5.076,29,-10,-38,1505,1497,0.14,-2.53,0.0000,0.0000,0.0000,0
5.093,28,-9,-38,1505,1497,0.14,-2.53,0.0000,0.0000,0.0000,0
5.110,27,-9,-38,1505,1497,0.14,-2.53,0.0000,0.0000,0.0000,0
5.128,25,-10,-37,1505,1497,-0.32,-1.69,0.0000,0.0000,0.0000,0
5.148,24,-11,-37,1504,1497,-0.32,-1.69,0.0000,0.0000,0.0000,0
5.166,23,-11,-37,1504,1497,-0.32,-1.69,0.0000,0.0000,0.0000,0
5.183,23,-11,-37,1504,1497,-0.32,-1.69,0.0000,0.0000,0.0000,0
5.203,22,-11,-37,1504,1497,-0.32,-1.69,0.0000,0.0000,0.0000,0
5.220,21,-11,-37,1504,1497,-0.32,-1.69,0.0000,0.0000,0.0000,0
5.238,21,-12,-37,1504,1497,-0.32,-1.69,0.0000,0.0000,0.0000,0
5.255,21,-11,-37,1504,1497,-0.32,-1.69,0.0000,0.0000,0.0000,0
5.272,21,-10,-37,1504,1497,-0.32,-1.69,0.0000,0.0000,0.0000,0
5.290,22,-9,-37,1504,1497,-0.32,-1.69,0.0000,0.0000,0.0000,0
5.307,23,-7,-37,1504,1497,-0.32,-1.69,0.0000,0.0000,0.0000,0
5.324,23,-5,-38,1504,1497,-0.32,-1.69,0.0000,0.0000,0.0000,0
5.342,24,-4,-37,1504,1497,-0.32,-1.69,0.0000,0.0000,0.0000,0
5.359,25,-3,-37,1505,1497,-0.32,-1.69,0.0000,0.0000,0.0000,0
5.379,27,0,-36,1505,1497,-0.57,-0.73,0.0000,0.0000,0.0000,0
5.398,27,0,-36,1505,1497,-0.57,-0.73,0.0000,0.0000,0.0000,0
5.415,28,1,-36,1505,1497,-0.57,-0.73,0.0000,0.0000,0.0000,0
5.432,29,2,-35,1505,1497,-0.57,-0.73,0.0000,0.0000,0.0000,0
5.451,30,3,-35,1506,1497,-0.57,-0.73,0.0000,0.0000,0.0000,0
5.470,31,4,-34,1506,1497,-0.57,-0.73,0.0000,0.0000,0.0000,0
5.487,33,5,-34,1506,1497,-0.57,-0.73,0.0000,0.0000,0.0000,0
5.506,34,5,-34,1506,1497,-0.57,-0.73,0.0000,0.0000,0.0000,0
5.523,35,6,-35,1507,1497,-0.57,-0.73,0.0000,0.0000,0.0000,0
5.540,35,6,-35,1507,1497,-0.57,-0.73,0.0000,0.0000,0.0000,0
5.558,36,7,-34,1507,1497,-0.57,-0.73,0.0000,0.0000,0.0000,0
5.575,37,8,-33,1507,1497,-0.57,-0.73,0.0000,0.0000,0.0000,0
5.593,38,8,-33,1507,1497,-0.57,-0.73,0.0000,0.0000,0.0000,0
5.610,38,9,-33,1507,1497,-0.57,-0.73,0.0000,0.0000,0.0000,0
5.627,38,10,-33,1507,1497,-0.78,0.25,0.0000,0.0000,0.0000,0
5.647,38,10,-34,1507,1497,-0.78,0.25,0.0000,0.0000,0.0000,0
5.666,37,11,-33,1507,1497,-0.78,0.25,0.0000,0.0000,0.0000,0
5.683,36,11,-33,1507,1497,-0.78,0.25,0.0000,0.0000,0.0000,0
5.707,35,10,-32,1507,1497,-0.78,0.25,0.0000,0.0000,0.0000,0
5.724,34,9,-32,1506,1497,-0.78,0.25,0.0000,0.0000,0.0000,0
5.741,34,9,-32,1506,1497,-0.78,0.25,0.0000,0.0000,0.0000,0
5.759,32,8,-32,1506,1497,-0.78,0.25,0.0000,0.0000,0.0000,0
5.776,32,7,-33,1506,1497,-0.78,0.25,0.0000,0.0000,0.0000,0
5.794,31,6,-33,1506,1497,-0.78,0.25,0.0000,0.0000,0.0000,0
5.811,31,6,-33,1506,1497,-0.78,0.25,0.0000,0.0000,0.0000,0
5.832,31,5,-33,1506,1497,-0.78,0.25,0.0000,0.0000,0.0000,0
5.849,31,5,-32,1506,1497,-0.78,0.25,0.0000,0.0000,0.0000,0
5.867,31,5,-32,1506,1497,-0.67,0.30,0.0000,0.0000,0.0000,0
5.884,31,6,-31,1506,1497,-0.67,0.30,0.0000,0.0000,0.0000,0
5.902,31,5,-31,1506,1497,-0.67,0.30,0.0000,0.0000,0.0000,0
5.920,31,6,-31,1506,1497,-0.67,0.30,0.0000,0.0000,0.0000,0
5.937,31,6,-30,1506,1497,-0.67,0.30,0.0000,0.0000,0.0000,1
5.954,32,5,-30,1506,1497,-0.67,0.30,0.0000,0.0000,0.0000,1
5.972,32,5,-30,1506,1497,-0.67,0.30,0.0000,0.0000,0.0000,1
5.990,32,5,-30,1506,1497,-0.67,0.30,0.0000,0.0000,0.0000,1
6.007,32,5,-30,1506,1497,-0.67,0.30,0.0000,0.0000,0.0000,1
6.025,31,5,-30,1506,1497,-0.67,0.30,0.0000,0.0000,0.0000,1
6.042,31,5,-30,1506,1497,-0.67,0.30,0.0000,0.0000,0.0000,1
6.059,31,5,-30,1506,1497,-0.67,0.30,0.0000,0.0000,0.0000,1
6.077,31,4,-30,1506,1497,-0.67,0.30,0.0000,0.0000,0.0000,1
6.094,31,3,-31,1506,1497,-0.67,0.30,0.0000,0.0000,0.0000,0
0.017,31,3,-31,1506,1497,-0.66,0.27,0.0000,0.0000,0.0000,0
0.034,31,2,-32,1506,1497,-0.66,0.27,0.0000,0.0000,0.0000,0
0.052,31,0,-32,1506,1497,-0.66,0.27,0.0000,0.0000,0.0000,0
0.069,30,-1,-33,1506,1497,-0.66,0.27,0.0000,0.0000,0.0000,0
0.086,29,-1,-32,1505,1497,-0.66,0.27,0.0000,0.0000,0.0000,0
0.104,29,-1,-32,1505,1497,-0.66,0.27,0.0000,0.0000,0.0000,0
0.121,29,-2,-32,1505,1497,-0.66,0.27,0.0000,0.0000,0.0000,0
0.138,28,-3,-32,1505,1497,-0.66,0.27,0.0000,0.0000,0.0000,0
0.156,27,-3,-31,1505,1497,-0.66,0.27,0.0000,0.0000,0.0000,0
0.176,25,-5,-31,1505,1497,-0.66,0.27,0.0000,0.0000,0.0000,0
0.196,24,-5,-31,1504,1497,-0.66,0.27,0.0000,0.0000,0.0000,0
0.214,23,-6,-31,1504,1497,-0.66,0.27,0.0000,0.0000,0.0000,0
0.233,22,-6,-30,1504,1497,-0.66,0.27,0.0000,0.0000,0.0000,1
0.251,20,-8,-29,1504,1498,-0.66,0.27,0.0000,0.0000,0.0000,1
0.268,19,-9,-29,1503,1498,-0.38,-0.00,0.0000,0.0000,0.0000,1
0.286,18,-10,-29,1503,1498,-0.38,-0.00,0.0000,0.0000,0.0000,1
0.303,17,-11,-29,1503,1498,-0.38,-0.00,0.0000,0.0000,0.0000,1
0.320,16,-11,-29,1503,1498,-0.38,-0.00,0.0000,0.0000,0.0000,1
0.337,15,-11,-29,1503,1498,-0.38,-0.00,0.0000,0.0000,0.0000,1
0.355,14,-12,-28,1502,1498,-0.38,-0.00,0.0000,0.0000,0.0000,1
0.372,13,-11,-29,1502,1498,-0.38,-0.00,0.0000,0.0000,0.0000,1
0.389,13,-12,-29,1502,1498,-0.38,-0.00,0.0000,0.0000,0.0000,1
0.406,13,-12,-29,1502,1498,-0.38,-0.00,0.0000,0.0000,0.0000,1
0.424,13,-11,-30,1502,1497,-0.38,-0.00,0.0000,0.0000,0.0000,1
0.443,13,-11,-30,1502,1497,-0.38,-0.00,0.0000,0.0000,0.0000,1
0.461,13,-11,-30,1502,1497,-0.38,-0.00,0.0000,0.0000,0.0000,1
0.478,13,-11,-29,1502,1498,-0.38,-0.00,0.0000,0.0000,0.0000,1
0.495,14,-11,-29,1502,1498,-0.38,-0.00,0.0000,0.0000,0.0000,1
0.512,14,-11,-28,1502,1498,-0.38,-0.00,0.0000,0.0000,0.0000,1
0.529,14,-11,-29,1502,1498,-0.19,0.28,0.0000,0.0000,0.0000,1
0.547,15,-10,-29,1503,1498,-0.19,0.28,0.0000,0.0000,0.0000,1
0.564,15,-10,-29,1503,1498,-0.19,0.28,0.0000,0.0000,0.0000,1
0.582,16,-9,-29,1503,1498,-0.19,0.28,0.0000,0.0000,0.0000,1
0.601,17,-8,-29,1503,1498,-0.19,0.28,0.0000,0.0000,0.0000,1
0.619,19,-7,-29,1503,1498,-0.19,0.28,0.0000,0.0000,0.0000,1
0.636,20,-7,-29,1504,1498,-0.19,0.28,0.0000,0.0000,0.0000,1
0.655,21,-6,-29,1504,1498,-0.19,0.28,0.0000,0.0000,0.0000,1
0.674,23,-6,-29,1504,1498,-0.19,0.28,0.0000,0.0000,0.0000,1
0.692,24,-6,-29,1504,1498,-0.19,0.28,0.0000,0.0000,0.0000,1
0.710,28,-6,-29,1505,1498,-0.19,0.28,0.0000,0.0000,0.0000,1
0.728,30,-6,-29,1506,1498,-0.19,0.28,0.0000,0.0000,0.0000,1
0.746,31,-5,-29,1506,1498,-0.19,0.28,0.0000,0.0000,0.0000,1
0.763,33,-6,-30,1506,1497,-0.19,0.28,0.0000,0.0000,0.0000,1
0.781,34,-6,-31,1506,1497,-0.34,0.56,0.0000,0.0000,0.0000,0
0.017,35,-6,-30,1507,1497,-0.34,0.56,0.0000,0.0000,0.0000,1
0.035,36,-7,-29,1507,1498,-0.34,0.56,0.0000,0.0000,0.0000,1
0.052,40,-7,-29,1508,1498,-0.34,0.56,0.0000,0.0000,0.0000,1
0.070,41,-8,-30,1508,1497,-0.34,0.56,0.0000,0.0000,0.0000,1
0.089,42,-9,-30,1508,1497,-0.34,0.56,0.0000,0.0000,0.0000,1
0.107,43,-10,-30,1508,1497,-0.34,0.56,0.0000,0.0000,0.0000,1
0.124,44,-11,-29,1508,1498,-0.34,0.56,0.0000,0.0000,0.0000,1
0.141,45,-12,-30,1509,1497,-0.34,0.56,0.0000,0.0000,0.0000,1
0.160,46,-12,-31,1509,1497,-0.34,0.56,0.0000,0.0000,0.0000,0
0.021,47,-14,-31,1509,1497,-0.34,0.56,0.0000,0.0000,0.0000,0
0.038,48,-14,-31,1509,1497,-0.34,0.56,0.0000,0.0000,0.0000,0
0.055,50,-15,-31,1510,1497,-0.34,0.56,0.0000,0.0000,0.0000,0
0.073,52,-15,-31,1515,1497,-0.34,0.56,0.0000,0.0000,0.0000,0
0.090,54,-16,-32,1516,1497,-0.68,-0.12,0.0000,0.0000,0.0000,0
0.108,56,-16,-31,1516,1497,-0.68,-0.12,0.0000,0.0000,0.0000,0
0.125,58,-16,-31,1517,1497,-0.68,-0.12,0.0000,0.0000,0.0000,0
0.142,60,-17,-32,1518,1497,-0.68,-0.12,0.0000,0.0000,0.0000,0
0.159,63,-17,-32,1518,1497,-0.68,-0.12,0.0000,0.0000,0.0000,0
0.176,65,-17,-31,1519,1497,-0.68,-0.12,0.0000,0.0000,0.0000,0
0.194,67,-17,-31,1520,1497,-0.68,-0.12,0.0000,0.0000,0.0000,0
0.211,69,-17,-33,1520,1497,-0.68,-0.12,0.0000,0.0000,0.0000,0
0.231,72,-20,-32,1521,1497,-0.68,-0.12,0.0000,0.0000,0.0000,0
0.248,73,-22,-33,1521,1497,-0.68,-0.12,0.0000,0.0000,0.0000,0
0.265,73,-23,-33,1521,1497,-0.68,-0.12,0.0000,0.0000,0.0000,0
0.282,74,-25,-33,1522,1497,-0.68,-0.12,0.0000,0.0000,0.0000,0
0.302,74,-25,-34,1522,1497,-0.68,-0.12,0.0000,0.0000,0.0000,0
0.320,74,-26,-33,1522,1497,-0.68,-0.12,0.0000,0.0000,0.0000,0
0.338,74,-27,-34,1522,1497,-1.35,-0.84,0.0000,0.0000,0.0000,0
0.357,74,-27,-34,1522,1497,-1.35,-0.84,0.0000,0.0000,0.0000,0
0.377,73,-28,-34,1521,1497,-1.35,-0.84,0.0000,0.0000,0.0000,0
0.394,72,-30,-34,1521,1497,-1.35,-0.84,0.0000,0.0000,0.0000,0
0.412,71,-31,-34,1521,1497,-1.35,-0.84,0.0000,0.0000,0.0000,0
0.429,70,-32,-34,1521,1497,-1.35,-0.84,0.0000,0.0000,0.0000,0
0.446,70,-33,-34,1521,1497,-1.35,-0.84,0.0000,0.0000,0.0000,0
0.463,69,-36,-35,1520,1497,-1.35,-0.84,0.0000,0.0000,0.0000,0
0.480,69,-38,-35,1520,1497,-1.35,-0.84,0.0000,0.0000,0.0000,0
0.497,68,-39,-35,1520,1497,-1.35,-0.84,0.0000,0.0000,0.0000,0
0.515,67,-40,-35,1520,1497,-1.35,-0.84,0.0000,0.0000,0.0000,0
0.533,67,-42,-35,1520,1497,-1.35,-0.84,0.0000,0.0000,0.0000,0
0.550,66,-44,-35,1519,1497,-1.35,-0.84,0.0000,0.0000,0.0000,0
0.569,65,-45,-36,1519,1497,-1.35,-0.84,0.0000,0.0000,0.0000,0
0.587,65,-47,-36,1519,1497,-1.01,-2.14,0.0000,0.0000,0.0000,0
0.605,65,-47,-36,1519,1497,-1.01,-2.14,0.0000,0.0000,0.0000,0
0.624,64,-48,-36,1519,1497,-1.01,-2.14,0.0000,0.0000,0.0000,0
0.641,64,-48,-35,1519,1497,-1.01,-2.14,0.0000,0.0000,0.0000,0
0.659,63,-48,-35,1518,1497,-1.01,-2.14,0.0000,0.0000,0.0000,0
0.676,63,-49,-36,1518,1497,-1.01,-2.14,0.0000,0.0000,0.0000,0
0.694,61,-49,-36,1518,1497,-1.01,-2.14,0.0000,0.0000,0.0000,0
0.711,61,-49,-37,1518,1497,-1.01,-2.14,0.0000,0.0000,0.0000,0
0.728,60,-49,-37,1518,1497,-1.01,-2.14,0.0000,0.0000,0.0000,0
0.745,60,-49,-36,1518,1497,-1.01,-2.14,0.0000,0.0000,0.0000,0
0.762,59,-48,-36,1517,1497,-1.01,-2.14,0.0000,0.0000,0.0000,0
0.779,59,-48,-36,1517,1497,-1.01,-2.14,0.0000,0.0000,0.0000,0
0.796,58,-48,-36,1517,1497,-1.01,-2.14,0.0000,0.0000,0.0000,0
0.813,58,-47,-37,1517,1497,-1.01,-2.14,0.0000,0.0000,0.0000,0
0.833,57,-47,-37,1517,1497,-0.90,-2.02,0.0000,0.0000,0.0000,0
0.850,57,-46,-36,1517,1497,-0.90,-2.02,0.0000,0.0000,0.0000,0
0.867,57,-46,-36,1517,1497,-0.90,-2.02,0.0000,0.0000,0.0000,0
0.885,56,-46,-37,1516,1497,-0.90,-2.02,0.0000,0.0000,0.0000,0
0.910,56,-46,-36,1516,1497,-0.90,-2.02,0.0000,0.0000,0.0000,0
0.928,54,-46,-36,1516,1497,-0.90,-2.02,0.0000,0.0000,0.0000,0
0.948,53,-44,-37,1515,1497,-0.90,-2.02,0.0000,0.0000,0.0000,0
0.965,52,-43,-37,1515,1497,-0.90,-2.02,0.0000,0.0000,0.0000,0
0.983,51,-42,-38,1515,1497,-0.90,-2.02,0.0000,0.0000,0.0000,0
1.001,51,-42,-38,1515,1497,-0.90,-2.02,0.0000,0.0000,0.0000,0
1.018,50,-41,-37,1510,1497,-0.90,-2.02,0.0000,0.0000,0.0000,0
1.037,49,-41,-37,1509,1497,-0.90,-2.02,0.0000,0.0000,0.0000,0
1.054,49,-42,-37,1509,1497,-0.90,-2.02,0.0000,0.0000,0.0000,0
1.071,49,-42,-37,1509,1497,-0.90,-2.02,0.0000,0.0000,0.0000,0
1.088,48,-43,-38,1509,1497,-0.95,-2.02,0.0000,0.0000,0.0000,0
1.106,47,-43,-37,1509,1497,-0.95,-2.02,0.0000,0.0000,0.0000,0
1.124,47,-43,-37,1509,1497,-0.95,-2.02,0.0000,0.0000,0.0000,0
1.141,47,-43,-37,1509,1497,-0.95,-2.02,0.0000,0.0000,0.0000,0
1.160,46,-44,-37,1509,1497,-0.95,-2.02,0.0000,0.0000,0.0000,0
1.177,46,-44,-38,1509,1497,-0.95,-2.02,0.0000,0.0000,0.0000,0
1.194,45,-45,-38,1509,1497,-0.95,-2.02,0.0000,0.0000,0.0000,0
1.211,44,-45,-37,1508,1497,-0.95,-2.02,0.0000,0.0000,0.0000,0
1.229,44,-45,-37,1508,1497,-0.95,-2.02,0.0000,0.0000,0.0000,0
1.248,44,-45,-38,1508,1497,-0.95,-2.02,0.0000,0.0000,0.0000,0
1.266,44,-45,-38,1508,1497,-0.95,-2.02,0.0000,0.0000,0.0000,0
1.284,45,-45,-38,1509,1497,-0.95,-2.02,0.0000,0.0000,0.0000,0
1.303,45,-46,-38,1509,1497,-0.95,-2.02,0.0000,0.0000,0.0000,0
1.321,44,-48,-38,1508,1497,-0.95,-2.02,0.0000,0.0000,0.0000,0
1.339,44,-49,-38,1508,1497,-1.09,-2.43,0.0000,0.0000,0.0000,0
1.357,43,-50,-38,1508,1497,-1.09,-2.43,0.0000,0.0000,0.0000,0
1.375,42,-51,-38,1508,1497,-1.09,-2.43,0.0000,0.0000,0.0000,0
1.392,41,-51,-38,1508,1497,-1.09,-2.43,0.0000,0.0000,0.0000,0
1.410,39,-51,-38,1507,1497,-1.09,-2.43,0.0000,0.0000,0.0000,0
1.427,38,-53,-37,1507,1497,-1.09,-2.43,0.0000,0.0000,0.0000,0
1.444,37,-54,-37,1507,1497,-1.09,-2.43,0.0000,0.0000,0.0000,0
1.461,36,-55,-38,1507,1497,-1.09,-2.43,0.0000,0.0000,0.0000,0
1.479,35,-55,-38,1507,1497,-1.09,-2.43,0.0000,0.0000,0.0000,0
1.496,34,-55,-38,1506,1497,-1.09,-2.43,0.0000,0.0000,0.0000,0
1.514,34,-56,-37,1506,1497,-1.09,-2.43,0.0000,0.0000,0.0000,0
1.532,33,-56,-37,1506,1497,-1.09,-2.43,0.0000,0.0000,0.0000,0
1.553,32,-57,-37,1506,1497,-1.09,-2.43,0.0000,0.0000,0.0000,0
1.571,32,-57,-37,1506,1497,-1.09,-2.43,0.0000,0.0000,0.0000,0
1.590,31,-56,-38,1506,1497,-1.17,-2.68,0.0000,0.0000,0.0000,0
1.607,31,-56,-38,1506,1497,-1.17,-2.68,0.0000,0.0000,0.0000,0
1.626,30,-55,-37,1506,1497,-1.17,-2.68,0.0000,0.0000,0.0000,0
1.644,29,-53,-37,1505,1497,-1.17,-2.68,0.0000,0.0000,0.0000,0
1.661,28,-51,-37,1505,1497,-1.17,-2.68,0.0000,0.0000,0.0000,0
1.680,27,-50,-37,1505,1497,-1.17,-2.68,0.0000,0.0000,0.0000,0
1.697,26,-48,-36,1505,1497,-1.17,-2.68,0.0000,0.0000,0.0000,0
1.715,25,-46,-36,1505,1497,-1.17,-2.68,0.0000,0.0000,0.0000,0
1.732,24,-44,-37,1504,1497,-1.17,-2.68,0.0000,0.0000,0.0000,0
1.749,22,-42,-37,1504,1497,-1.17,-2.68,0.0000,0.0000,0.0000,0
1.766,20,-40,-36,1504,1497,-1.17,-2.68,0.0000,0.0000,0.0000,0
1.785,18,-39,-36,1503,1497,-1.17,-2.68,0.0000,0.0000,0.0000,0
1.802,16,-37,-37,1503,1497,-1.17,-2.68,0.0000,0.0000,0.0000,0
1.822,13,-37,-36,1502,1497,-1.17,-2.68,0.0000,0.0000,0.0000,0
1.840,9,-36,-35,1501,1497,-0.84,-1.44,0.0000,0.0000,0.0000,0
1.857,6,-35,-35,1501,1497,-0.84,-1.44,0.0000,0.0000,0.0000,0
1.875,3,-35,-36,1500,1497,-0.84,-1.44,0.0000,0.0000,0.0000,0
1.893,0,-35,-36,1500,1497,-0.84,-1.44,0.0000,0.0000,0.0000,0
1.911,-3,-34,-36,1500,1497,-0.84,-1.44,0.0000,0.0000,0.0000,0
1.928,-6,-33,-35,1499,1497,-0.84,-1.44,0.0000,0.0000,0.0000,0
1.946,-11,-31,-34,1498,1497,-0.84,-1.44,0.0000,0.0000,0.0000,0
1.964,-13,-30,-34,1498,1497,-0.84,-1.44,0.0000,0.0000,0.0000,0
1.982,-15,-29,-34,1497,1497,-0.84,-1.44,0.0000,0.0000,0.0000,0
1.999,-17,-28,-34,1497,1497,-0.84,-1.44,0.0000,0.0000,0.0000,0
2.017,-18,-27,-34,1497,1497,-0.84,-1.44,0.0000,0.0000,0.0000,0
2.035,-19,-26,-35,1497,1497,-0.84,-1.44,0.0000,0.0000,0.0000,0
2.053,-20,-25,-34,1496,1497,-0.84,-1.44,0.0000,0.0000,0.0000,0
2.072,-20,-23,-35,1496,1497,-0.84,-1.44,0.0000,0.0000,0.0000,0
2.090,-20,-22,-34,1496,1497,-1.07,-0.57,0.0000,0.0000,0.0000,0
2.108,-20,-20,-35,1496,1497,-1.07,-0.57,0.0000,0.0000,0.0000,0
2.126,-19,-19,-34,1497,1497,-1.07,-0.57,0.0000,0.0000,0.0000,0
2.144,-19,-17,-34,1497,1497,-1.07,-0.57,0.0000,0.0000,0.0000,0
2.162,-18,-15,-34,1497,1497,-1.07,-0.57,0.0000,0.0000,0.0000,0
2.180,-18,-15,-34,1497,1497,-1.07,-0.57,0.0000,0.0000,0.0000,0
2.197,-17,-12,-34,1497,1497,-1.07,-0.57,0.0000,0.0000,0.0000,0
2.215,-16,-12,-33,1497,1497,-1.07,-0.57,0.0000,0.0000,0.0000,0
2.233,-14,-11,-32,1498,1497,-1.07,-0.57,0.0000,0.0000,0.0000,0
2.251,-13,-10,-33,1498,1497,-1.07,-0.57,0.0000,0.0000,0.0000,0
2.270,-12,-10,-32,1498,1497,-1.07,-0.57,0.0000,0.0000,0.0000,0
2.288,-10,-11,-32,1498,1497,-1.07,-0.57,0.0000,0.0000,0.0000,0
2.306,-8,-11,-32,1499,1497,-1.07,-0.57,0.0000,0.0000,0.0000,0
2.324,-7,-12,-31,1499,1497,-1.07,-0.57,0.0000,0.0000,0.0000,0
2.342,-5,-13,-31,1499,1497,-1.00,-0.07,0.0000,0.0000,0.0000,0
2.360,-2,-15,-31,1500,1497,-1.00,-0.07,0.0000,0.0000,0.0000,0
2.377,-2,-15,-31,1500,1497,-1.00,-0.07,0.0000,0.0000,0.0000,0
2.396,-1,-16,-32,1500,1497,-1.00,-0.07,0.0000,0.0000,0.0000,0
2.413,1,-18,-30,1500,1497,-1.00,-0.07,0.0000,0.0000,0.0000,1
2.431,3,-19,-30,1500,1497,-1.00,-0.07,0.0000,0.0000,0.0000,1
2.448,4,-19,-31,1500,1497,-1.00,-0.07,0.0000,0.0000,0.0000,0
0.018,6,-20,-30,1501,1497,-1.00,-0.07,0.0000,0.0000,0.0000,1
0.035,8,-20,-29,1501,1498,-1.00,-0.07,0.0000,0.0000,0.0000,1
0.054,10,-20,-29,1502,1498,-1.00,-0.07,0.0000,0.0000,0.0000,1
0.072,13,-19,-30,1502,1497,-1.00,-0.07,0.0000,0.0000,0.0000,1
0.090,15,-19,-30,1503,1497,-1.00,-0.07,0.0000,0.0000,0.0000,1
0.107,17,-18,-29,1503,1498,-1.00,-0.07,0.0000,0.0000,0.0000,1
0.125,19,-17,-29,1503,1498,-1.02,-0.23,0.0000,0.0000,0.0000,1
0.142,21,-17,-29,1504,1498,-1.02,-0.23,0.0000,0.0000,0.0000,1
0.160,23,-16,-29,1504,1498,-1.02,-0.23,0.0000,0.0000,0.0000,1
0.178,25,-16,-29,1505,1498,-1.02,-0.23,0.0000,0.0000,0.0000,1
0.195,30,-14,-29,1506,1498,-1.02,-0.23,0.0000,0.0000,0.0000,1
0.214,32,-13,-28,1506,1498,-1.02,-0.23,0.0000,0.0000,0.0000,1
0.231,35,-12,-28,1507,1498,-1.02,-0.23,0.0000,0.0000,0.0000,1
0.250,38,-10,-29,1507,1498,-1.02,-0.23,0.0000,0.0000,0.0000,1
0.267,41,-8,-28,1508,1498,-1.02,-0.23,0.0000,0.0000,0.0000,1
0.285,43,-7,-28,1508,1498,-1.02,-0.23,0.0000,0.0000,0.0000,1
0.302,46,-6,-27,1509,1498,-1.02,-0.23,0.0000,0.0000,0.0000,1
0.320,48,-5,-27,1509,1498,-1.02,-0.23,0.0000,0.0000,0.0000,1
0.337,50,-4,-27,1510,1498,-1.02,-0.23,0.0000,0.0000,0.0000,1
0.354,52,-4,-27,1515,1498,-1.02,-0.23,0.0000,0.0000,0.0000,1
0.371,54,-4,-27,1516,1498,-1.02,-0.23,0.0000,0.0000,0.0000,1
0.390,55,-3,-26,1516,1498,-1.68,0.76,0.0000,0.0000,0.0000,1
0.411,57,-4,-27,1517,1498,-1.68,0.76,0.0000,0.0000,0.0000,1
0.428,58,-5,-27,1517,1498,-1.68,0.76,0.0000,0.0000,0.0000,1
0.446,59,-4,-27,1517,1498,-1.68,0.76,0.0000,0.0000,0.0000,1
0.463,61,-3,-27,1518,1498,-1.68,0.76,0.0000,0.0000,0.0000,0
0.018,63,-3,-26,1518,1498,-1.68,0.76,0.0000,0.0000,0.0000,0
0.038,64,-4,-27,1519,1498,-1.68,0.76,0.0000,0.0000,0.0000,0
0.056,65,-4,-26,1519,1498,-1.68,0.76,0.0000,0.0000,0.0000,0
0.073,67,-4,-26,1520,1498,-1.68,0.76,0.0000,0.0000,0.0000,0
0.090,68,-4,-26,1520,1498,-1.68,0.76,0.0000,0.0000,0.0000,0
0.108,69,-5,-26,1520,1498,-1.68,0.76,0.0000,0.0000,0.0000,0
0.126,71,-5,-26,1521,1498,-1.68,0.76,0.0000,0.0000,0.0000,0
0.145,72,-5,-27,1521,1498,-1.68,0.76,0.0000,0.0000,0.0000,0
0.163,75,-3,-26,1522,1498,-1.46,0.57,0.0000,0.0000,0.0000,0
0.182,77,-1,-26,1523,1498,-1.46,0.57,0.0000,0.0000,0.0000,0
0.200,77,-1,-26,1523,1498,-1.46,0.57,0.0000,0.0000,0.0000,0
0.218,78,0,-26,1523,1498,-1.46,0.57,0.0000,0.0000,0.0000,0
0.235,80,1,-26,1524,1498,-1.46,0.57,0.0000,0.0000,0.0000,0
0.253,84,-1,-26,1525,1498,-1.46,0.57,0.0000,0.0000,0.0000,0
0.271,86,-2,-26,1525,1498,-1.46,0.57,0.0000,0.0000,0.0000,0
0.288,88,-4,-26,1526,1498,-1.46,0.57,0.0000,0.0000,0.0000,0
0.307,89,-5,-26,1526,1498,-1.46,0.57,0.0000,0.0000,0.0000,0
0.324,91,-5,-26,1527,1498,-1.46,0.57,0.0000,0.0000,0.0000,0
0.341,94,-4,-26,1528,1498,-1.46,0.57,0.0000,0.0000,0.0000,0
0.359,96,-5,-26,1528,1498,-1.46,0.57,0.0000,0.0000,0.0000,0
0.378,99,-4,-26,1529,1498,-1.46,0.57,0.0000,0.0000,0.0000,0
0.396,102,-3,-27,1530,1498,-1.46,0.57,0.0000,0.0000,0.0000,0
0.415,104,-3,-27,1530,1498,-0.73,0.77,0.0000,0.0000,0.0000,0
0.434,109,-3,-26,1530,1498,-0.73,0.77,0.0000,0.0000,0.0000,0
0.452,111,-2,-26,1530,1498,-0.73,0.77,0.0000,0.0000,0.0000,0
0.470,114,-2,-26,1530,1498,-0.73,0.77,0.0000,0.0000,0.0000,0
0.488,116,-2,-26,1530,1498,-0.73,0.77,0.0000,0.0000,0.0000,0
0.505,118,-3,-26,1530,1498,-0.73,0.77,0.0000,0.0000,0.0000,0
0.522,121,-3,-26,1530,1498,-0.73,0.77,0.0000,0.0000,0.0000,0
0.540,123,-4,-26,1530,1498,-0.73,0.77,0.0000,0.0000,0.0000,0
0.557,125,-5,-26,1530,1498,-0.73,0.77,0.0000,0.0000,0.0000,0
0.574,126,-6,-26,1530,1498,-0.73,0.77,0.0000,0.0000,0.0000,0
0.592,128,-6,-25,1530,1498,-0.73,0.77,0.0000,0.0000,0.0000,0
0.610,129,-7,-27,1530,1498,-0.73,0.77,0.0000,0.0000,0.0000,0
0.627,131,-7,-26,1530,1498,-0.73,0.77,0.0000,0.0000,0.0000,0
0.644,132,-8,-27,1530,1498,-0.73,0.77,0.0000,0.0000,0.0000,0
0.664,134,-8,-26,1530,1498,-0.73,0.77,0.0000,0.0000,0.0000,0
0.685,136,-9,-26,1530,1498,0.08,0.52,0.0000,0.0000,0.0000,0
0.705,137,-10,-26,1530,1498,0.08,0.52,0.0000,0.0000,0.0000,0
0.722,139,-12,-27,1530,1498,0.08,0.52,0.0000,0.0000,0.0000,0
0.741,140,-13,-26,1530,1498,0.08,0.52,0.0000,0.0000,0.0000,0
0.759,142,-15,-27,1530,1498,0.08,0.52,0.0000,0.0000,0.0000,0
0.776,143,-17,-27,1530,1498,0.08,0.52,0.0000,0.0000,0.0000,0
0.794,143,-18,-28,1530,1498,0.08,0.52,0.0000,0.0000,0.0000,0
0.811,143,-19,-27,1530,1498,0.08,0.52,0.0000,0.0000,0.0000,0
0.828,143,-22,-28,1530,1498,0.08,0.52,0.0000,0.0000,0.0000,0
0.846,142,-23,-28,1530,1498,0.08,0.52,0.0000,0.0000,0.0000,0
0.863,142,-24,-28,1530,1498,0.08,0.52,0.0000,0.0000,0.0000,0
0.880,142,-25,-29,1530,1498,0.08,0.52,0.0000,0.0000,0.0000,0
0.897,142,-26,-30,1530,1497,0.08,0.52,0.0000,0.0000,0.0000,0
0.914,141,-28,-30,1530,1497,0.81,-0.55,0.0000,0.0000,0.0000,0
0.933,141,-28,-30,1530,1497,0.81,-0.55,0.0000,0.0000,0.0000,0
0.950,141,-28,-30,1530,1497,0.81,-0.55,0.0000,0.0000,0.0000,0
0.968,141,-30,-30,1530,1497,0.81,-0.55,0.0000,0.0000,0.0000,0
0.985,141,-30,-30,1530,1497,0.81,-0.55,0.0000,0.0000,0.0000,0
1.002,141,-30,-30,1530,1497,0.81,-0.55,0.0000,0.0000,0.0000,0
1.020,141,-30,-30,1530,1497,0.81,-0.55,0.0000,0.0000,0.0000,0
1.039,141,-31,-31,1530,1497,0.81,-0.55,0.0000,0.0000,0.0000,0
1.057,141,-32,-31,1530,1497,0.81,-0.55,0.0000,0.0000,0.0000,0
1.074,141,-32,-32,1530,1497,0.81,-0.55,0.0000,0.0000,0.0000,0
1.092,142,-33,-32,1530,1497,0.81,-0.55,0.0000,0.0000,0.0000,0
1.110,142,-34,-31,1530,1497,0.81,-0.55,0.0000,0.0000,0.0000,0
1.127,142,-35,-33,1530,1497,0.81,-0.55,0.0000,0.0000,0.0000,0
1.145,142,-35,-33,1530,1497,0.81,-0.55,0.0000,0.0000,0.0000,0
1.163,141,-35,-33,1530,1497,0.49,-1.32,0.0000,0.0000,0.0000,0
1.182,141,-35,-33,1530,1497,0.49,-1.32,0.0000,0.0000,0.0000,0
1.199,140,-35,-34,1530,1497,0.49,-1.32,0.0000,0.0000,0.0000,0
1.216,140,-36,-34,1530,1497,0.49,-1.32,0.0000,0.0000,0.0000,0
1.234,138,-35,-34,1530,1497,0.49,-1.32,0.0000,0.0000,0.0000,0
1.253,138,-36,-34,1530,1497,0.49,-1.32,0.0000,0.0000,0.0000,0
1.270,136,-36,-34,1530,1497,0.49,-1.32,0.0000,0.0000,0.0000,0
1.288,136,-36,-34,1530,1497,0.49,-1.32,0.0000,0.0000,0.0000,0
1.306,134,-37,-36,1530,1497,0.49,-1.32,0.0000,0.0000,0.0000,0
1.324,130,-38,-36,1530,1497,0.49,-1.32,0.0000,0.0000,0.0000,0
1.341,128,-36,-35,1530,1497,0.49,-1.32,0.0000,0.0000,0.0000,0
1.358,126,-35,-35,1530,1497,0.49,-1.32,0.0000,0.0000,0.0000,0
1.378,122,-35,-35,1530,1497,0.49,-1.32,0.0000,0.0000,0.0000,0
1.397,120,-36,-36,1530,1497,0.49,-1.32,0.0000,0.0000,0.0000,0
1.415,118,-35,-36,1530,1497,0.07,-1.72,0.0000,0.0000,0.0000,0
1.435,116,-35,-35,1530,1497,0.07,-1.72,0.0000,0.0000,0.0000,0
1.452,113,-35,-36,1530,1497,0.07,-1.72,0.0000,0.0000,0.0000,0
1.469,113,-35,-36,1530,1497,0.07,-1.72,0.0000,0.0000,0.0000,0
1.487,111,-34,-36,1530,1497,0.07,-1.72,0.0000,0.0000,0.0000,0
1.504,109,-35,-35,1530,1497,0.07,-1.72,0.0000,0.0000,0.0000,0
1.521,104,-37,-35,1530,1497,0.07,-1.72,0.0000,0.0000,0.0000,0
1.539,101,-38,-36,1530,1497,0.07,-1.72,0.0000,0.0000,0.0000,0
1.558,99,-37,-36,1529,1497,0.07,-1.72,0.0000,0.0000,0.0000,0
1.575,96,-37,-37,1528,1497,0.07,-1.72,0.0000,0.0000,0.0000,0
1.599,94,-35,-37,1528,1497,0.07,-1.72,0.0000,0.0000,0.0000,0
1.619,92,-33,-37,1527,1497,0.07,-1.72,0.0000,0.0000,0.0000,0
1.637,91,-31,-37,1527,1497,0.07,-1.72,0.0000,0.0000,0.0000,0
1.654,89,-28,-37,1526,1497,0.07,-1.72,0.0000,0.0000,0.0000,0
1.671,88,-25,-37,1526,1497,-0.46,-1.74,0.0000,0.0000,0.0000,0
1.688,88,-25,-37,1526,1497,-0.46,-1.74,0.0000,0.0000,0.0000,0
1.706,86,-26,-38,1525,1497,-0.46,-1.74,0.0000,0.0000,0.0000,0
1.723,85,-27,-37,1525,1497,-0.46,-1.74,0.0000,0.0000,0.0000,0
1.742,83,-26,-37,1524,1497,-0.46,-1.74,0.0000,0.0000,0.0000,0
1.759,83,-25,-37,1524,1497,-0.46,-1.74,0.0000,0.0000,0.0000,0
1.777,82,-26,-37,1524,1497,-0.46,-1.74,0.0000,0.0000,0.0000,0
1.794,82,-28,-37,1524,1497,-0.46,-1.74,0.0000,0.0000,0.0000,0
1.812,80,-32,-38,1524,1497,-0.46,-1.74,0.0000,0.0000,0.0000,0
1.831,79,-33,-38,1523,1497,-0.46,-1.74,0.0000,0.0000,0.0000,0
1.849,77,-33,-39,1523,1497,-0.46,-1.74,0.0000,0.0000,0.0000,0
1.867,76,-32,-39,1522,1497,-0.46,-1.74,0.0000,0.0000,0.0000,0
1.887,76,-32,-39,1522,1497,-0.46,-1.74,0.0000,0.0000,0.0000,0
1.905,76,-33,-38,1522,1497,-1.07,-2.48,0.0000,0.0000,0.0000,0
1.923,75,-34,-39,1522,1497,-1.07,-2.48,0.0000,0.0000,0.0000,0
1.941,74,-32,-39,1522,1497,-1.07,-2.48,0.0000,0.0000,0.0000,0
1.958,73,-31,-38,1521,1497,-1.07,-2.48,0.0000,0.0000,0.0000,0
1.975,72,-30,-38,1521,1497,-1.07,-2.48,0.0000,0.0000,0.0000,0
1.992,72,-30,-38,1521,1497,-1.07,-2.48,0.0000,0.0000,0.0000,0
2.010,69,-28,-39,1520,1497,-1.07,-2.48,0.0000,0.0000,0.0000,0
2.028,68,-28,-39,1520,1497,-1.07,-2.48,0.0000,0.0000,0.0000,0
2.045,68,-28,-39,1520,1497,-1.07,-2.48,0.0000,0.0000,0.0000,0
2.064,66,-29,-39,1519,1497,-1.07,-2.48,0.0000,0.0000,0.0000,0
2.081,64,-29,-39,1519,1497,-1.07,-2.48,0.0000,0.0000,0.0000,0
2.102,63,-27,-39,1518,1497,-1.07,-2.48,0.0000,0.0000,0.0000,0
2.119,60,-26,-40,1518,1496,-1.07,-2.48,0.0000,0.0000,0.0000,0
2.138,59,-26,-39,1517,1497,-1.07,-2.48,0.0000,0.0000,0.0000,0
2.155,58,-26,-40,1517,1496,-1.07,-2.48,0.0000,0.0000,0.0000,0
2.173,56,-26,-40,1516,1496,-1.39,-2.54,0.0000,0.0000,0.0000,0
2.191,54,-25,-40,1516,1496,-1.39,-2.54,0.0000,0.0000,0.0000,0
2.208,53,-25,-40,1515,1496,-1.39,-2.54,0.0000,0.0000,0.0000,0
2.226,51,-25,-40,1515,1496,-1.39,-2.54,0.0000,0.0000,0.0000,0
2.243,49,-25,-41,1509,1496,-1.39,-2.54,0.0000,0.0000,0.0000,0
2.261,47,-25,-40,1509,1496,-1.39,-2.54,0.0000,0.0000,0.0000,0
2.278,46,-24,-40,1509,1496,-1.39,-2.54,0.0000,0.0000,0.0000,0
2.296,43,-23,-40,1508,1496,-1.39,-2.54,0.0000,0.0000,0.0000,0
2.313,41,-22,-40,1508,1496,-1.39,-2.54,0.0000,0.0000,0.0000,0
2.330,39,-21,-40,1507,1496,-1.39,-2.54,0.0000,0.0000,0.0000,0
2.348,38,-21,-40,1507,1496,-1.39,-2.54,0.0000,0.0000,0.0000,0
2.365,36,-19,-40,1507,1496,-1.39,-2.54,0.0000,0.0000,0.0000,0
2.383,35,-18,-40,1507,1496,-1.39,-2.54,0.0000,0.0000,0.0000,0
2.400,33,-16,-40,1506,1496,-1.39,-2.54,0.0000,0.0000,0.0000,0
2.418,33,-16,-40,1506,1496,-1.22,-2.42,0.0000,0.0000,0.0000,0
2.435,32,-15,-40,1506,1496,-1.22,-2.42,0.0000,0.0000,0.0000,0
2.453,30,-13,-41,1506,1496,-1.22,-2.42,0.0000,0.0000,0.0000,0
2.470,29,-11,-41,1505,1496,-1.22,-2.42,0.0000,0.0000,0.0000,0
2.487,27,-8,-41,1505,1496,-1.22,-2.42,0.0000,0.0000,0.0000,0
2.504,26,-7,-41,1505,1496,-1.22,-2.42,0.0000,0.0000,0.0000,0
2.521,23,-4,-40,1504,1496,-1.22,-2.42,0.0000,0.0000,0.0000,0
2.539,22,-3,-41,1504,1496,-1.22,-2.42,0.0000,0.0000,0.0000,0
2.556,21,-1,-41,1504,1496,-1.22,-2.42,0.0000,0.0000,0.0000,0
2.574,20,-1,-40,1504,1496,-1.22,-2.42,0.0000,0.0000,0.0000,0
2.592,19,-1,-41,1503,1496,-1.22,-2.42,0.0000,0.0000,0.0000,0
2.610,17,-1,-41,1503,1496,-1.22,-2.42,0.0000,0.0000,0.0000,0
2.629,17,-1,-41,1503,1496,-1.22,-2.42,0.0000,0.0000,0.0000,0
2.646,17,-1,-41,1503,1496,-1.22,-2.42,0.0000,0.0000,0.0000,0
2.664,16,-1,-42,1503,1496,-0.95,-2.10,0.0000,0.0000,0.0000,0
2.681,16,-1,-42,1503,1496,-0.95,-2.10,0.0000,0.0000,0.0000,0
2.699,16,-1,-42,1503,1496,-0.95,-2.10,0.0000,0.0000,0.0000,0
2.716,15,-2,-41,1503,1496,-0.95,-2.10,0.0000,0.0000,0.0000,0
2.735,14,-1,-42,1502,1496,-0.95,-2.10,0.0000,0.0000,0.0000,0
2.754,13,0,-41,1502,1496,-0.95,-2.10,0.0000,0.0000,0.0000,0
2.771,12,1,-42,1502,1496,-0.95,-2.10,0.0000,0.0000,0.0000,0
2.788,12,1,-41,1502,1496,-0.95,-2.10,0.0000,0.0000,0.0000,0
2.806,8,1,-42,1501,1496,-0.95,-2.10,0.0000,0.0000,0.0000,0
2.825,7,1,-42,1501,1496,-0.95,-2.10,0.0000,0.0000,0.0000,0
2.842,5,1,-42,1501,1496,-0.95,-2.10,0.0000,0.0000,0.0000,0
2.860,2,2,-42,1500,1496,-0.95,-2.10,0.0000,0.0000,0.0000,0
2.878,0,3,-42,1500,1496,-0.95,-2.10,0.0000,0.0000,0.0000,0
2.896,-1,2,-42,1500,1496,-0.95,-2.10,0.0000,0.0000,0.0000,0
2.915,-4,1,-42,1500,1496,-1.00,-2.08,0.0000,0.0000,0.0000,0
2.933,-6,0,-42,1499,1496,-1.00,-2.08,0.0000,0.0000,0.0000,0
2.951,-6,0,-42,1499,1496,-1.00,-2.08,0.0000,0.0000,0.0000,0
2.968,-10,-3,-42,1498,1496,-1.00,-2.08,0.0000,0.0000,0.0000,0
2.985,-12,-4,-42,1498,1496,-1.00,-2.08,0.0000,0.0000,0.0000,0
3.003,-14,-5,-42,1498,1496,-1.00,-2.08,0.0000,0.0000,0.0000,0
3.020,-16,-7,-42,1497,1496,-1.00,-2.08,0.0000,0.0000,0.0000,0
3.037,-18,-7,-42,1497,1496,-1.00,-2.08,0.0000,0.0000,0.0000,0
3.055,-20,-8,-43,1496,1496,-1.00,-2.08,0.0000,0.0000,0.0000,0
3.073,-23,-9,-41,1496,1496,-1.00,-2.08,0.0000,0.0000,0.0000,0
3.092,-25,-8,-42,1495,1496,-1.00,-2.08,0.0000,0.0000,0.0000,0
3.111,-26,-8,-43,1495,1496,-1.00,-2.08,0.0000,0.0000,0.0000,0
3.129,-27,-6,-42,1495,1496,-1.00,-2.08,0.0000,0.0000,0.0000,0
3.146,-27,-6,-42,1495,1496,-1.00,-2.08,0.0000,0.0000,0.0000,0
3.164,-27,-5,-42,1495,1496,-1.41,-2.28,0.0000,0.0000,0.0000,0
3.181,-27,-4,-42,1495,1496,-1.41,-2.28,0.0000,0.0000,0.0000,0
3.199,-26,-3,-43,1495,1496,-1.41,-2.28,0.0000,0.0000,0.0000,0
3.216,-25,-2,-42,1495,1496,-1.41,-2.28,0.0000,0.0000,0.0000,0
3.234,-24,-2,-42,1496,1496,-1.41,-2.28,0.0000,0.0000,0.0000,0
3.252,-22,-1,-41,1496,1496,-1.41,-2.28,0.0000,0.0000,0.0000,0
3.269,-21,0,-42,1496,1496,-1.41,-2.28,0.0000,0.0000,0.0000,0
3.286,-19,1,-42,1497,1496,-1.41,-2.28,0.0000,0.0000,0.0000,0
3.304,-19,2,-42,1497,1496,-1.41,-2.28,0.0000,0.0000,0.0000,0
3.321,-18,3,-42,1497,1496,-1.41,-2.28,0.0000,0.0000,0.0000,0
3.339,-16,4,-42,1497,1496,-1.41,-2.28,0.0000,0.0000,0.0000,0
3.357,-16,5,-41,1497,1496,-1.41,-2.28,0.0000,0.0000,0.0000,0
3.374,-14,7,-42,1498,1496,-1.41,-2.28,0.0000,0.0000,0.0000,0
3.391,-14,7,-42,1498,1496,-1.41,-2.28,0.0000,0.0000,0.0000,0
3.409,-14,8,-41,1498,1496,-1.21,-1.68,0.0000,0.0000,0.0000,0
3.428,-14,9,-42,1498,1496,-1.21,-1.68,0.0000,0.0000,0.0000,0
3.448,-14,9,-42,1498,1496,-1.21,-1.68,0.0000,0.0000,0.0000,0
3.466,-15,10,-41,1497,1496,-1.21,-1.68,0.0000,0.0000,0.0000,0
3.484,-16,12,-42,1497,1496,-1.21,-1.68,0.0000,0.0000,0.0000,0
3.501,-16,12,-41,1497,1496,-1.21,-1.68,0.0000,0.0000,0.0000,0
3.519,-16,13,-42,1497,1496,-1.21,-1.68,0.0000,0.0000,0.0000,0
3.536,-16,13,-42,1497,1496,-1.21,-1.68,0.0000,0.0000,0.0000,0
3.554,-17,13,-42,1497,1496,-1.21,-1.68,0.0000,0.0000,0.0000,0
3.571,-17,12,-42,1497,1496,-1.21,-1.68,0.0000,0.0000,0.0000,0
3.590,-17,12,-42,1497,1496,-1.21,-1.68,0.0000,0.0000,0.0000,0
3.607,-17,11,-42,1497,1496,-1.21,-1.68,0.0000,0.0000,0.0000,0
3.625,-16,11,-41,1497,1496,-1.21,-1.68,0.0000,0.0000,0.0000,0
3.643,-15,11,-42,1497,1496,-1.21,-1.68,0.0000,0.0000,0.0000,0
3.660,-15,11,-43,1497,1496,-1.01,-1.69,0.0000,0.0000,0.0000,0
3.684,-14,11,-42,1498,1496,-1.01,-1.69,0.0000,0.0000,0.0000,0
3.704,-13,10,-42,1498,1496,-1.01,-1.69,0.0000,0.0000,0.0000,0
3.722,-12,10,-41,1498,1496,-1.01,-1.69,0.0000,0.0000,0.0000,0
3.741,-11,10,-41,1498,1496,-1.01,-1.69,0.0000,0.0000,0.0000,0
3.758,-10,10,-41,1498,1496,-1.01,-1.69,0.0000,0.0000,0.0000,0
3.775,-9,10,-41,1499,1496,-1.01,-1.69,0.0000,0.0000,0.0000,0
3.793,-7,12,-41,1499,1496,-1.01,-1.69,0.0000,0.0000,0.0000,0
3.810,-7,12,-41,1499,1496,-1.01,-1.69,0.0000,0.0000,0.0000,0
3.827,-4,13,-41,1500,1496,-1.01,-1.69,0.0000,0.0000,0.0000,0
3.845,-4,13,-41,1500,1496,-1.01,-1.69,0.0000,0.0000,0.0000,0
3.863,-1,16,-40,1500,1496,-1.01,-1.69,0.0000,0.0000,0.0000,0
3.881,0,16,-40,1500,1496,-1.01,-1.69,0.0000,0.0000,0.0000,0
3.898,0,16,-40,1500,1496,-1.01,-1.69,0.0000,0.0000,0.0000,0
3.917,0,16,-40,1500,1496,-0.95,-1.34,0.0000,0.0000,0.0000,0
3.936,1,17,-41,1500,1496,-0.95,-1.34,0.0000,0.0000,0.0000,0
3.956,0,17,-40,1500,1496,-0.95,-1.34,0.0000,0.0000,0.0000,0
3.974,0,17,-41,1500,1496,-0.95,-1.34,0.0000,0.0000,0.0000,0
3.993,-1,17,-41,1500,1496,-0.95,-1.34,0.0000,0.0000,0.0000,0
4.010,-2,18,-40,1500,1496,-0.95,-1.34,0.0000,0.0000,0.0000,0
4.028,-3,18,-40,1500,1496,-0.95,-1.34,0.0000,0.0000,0.0000,0
4.045,-4,18,-40,1500,1496,-0.95,-1.34,0.0000,0.0000,0.0000,0
4.062,-5,18,-40,1499,1496,-0.95,-1.34,0.0000,0.0000,0.0000,0
4.080,-6,18,-40,1499,1496,-0.95,-1.34,0.0000,0.0000,0.0000,0
4.098,-7,18,-40,1499,1496,-0.95,-1.34,0.0000,0.0000,0.0000,0
4.116,-8,19,-40,1499,1496,-0.95,-1.34,0.0000,0.0000,0.0000,0
4.134,-9,19,-40,1499,1496,-0.95,-1.34,0.0000,0.0000,0.0000,0
4.152,-10,19,-40,1498,1496,-0.60,-0.92,0.0000,0.0000,0.0000,0
4.170,-10,19,-40,1498,1496,-0.60,-0.92,0.0000,0.0000,0.0000,0
4.188,-11,19,-40,1498,1496,-0.60,-0.92,0.0000,0.0000,0.0000,0
4.211,-11,19,-40,1498,1496,-0.60,-0.92,0.0000,0.0000,0.0000,0
4.230,-11,18,-40,1498,1496,-0.60,-0.92,0.0000,0.0000,0.0000,0
4.247,-12,17,-39,1498,1497,-0.60,-0.92,0.0000,0.0000,0.0000,0
4.265,-12,17,-39,1498,1497,-0.60,-0.92,0.0000,0.0000,0.0000,0
4.283,-13,16,-40,1498,1496,-0.60,-0.92,0.0000,0.0000,0.0000,0
4.300,-14,15,-39,1498,1497,-0.60,-0.92,0.0000,0.0000,0.0000,0
4.318,-15,13,-39,1497,1497,-0.60,-0.92,0.0000,0.0000,0.0000,0
4.335,-16,12,-40,1497,1496,-0.60,-0.92,0.0000,0.0000,0.0000,0
4.353,-17,12,-39,1497,1497,-0.60,-0.92,0.0000,0.0000,0.0000,0
4.370,-17,11,-40,1497,1496,-0.60,-0.92,0.0000,0.0000,0.0000,0
4.387,-19,9,-40,1497,1496,-0.60,-0.92,0.0000,0.0000,0.0000,0
4.405,-19,7,-40,1497,1496,-1.35,-1.27,0.0000,0.0000,0.0000,0
4.422,-19,7,-40,1497,1496,-1.35,-1.27,0.0000,0.0000,0.0000,0
4.444,-19,4,-40,1497,1496,-1.35,-1.27,0.0000,0.0000,0.0000,0
4.467,-20,3,-40,1496,1496,-1.35,-1.27,0.0000,0.0000,0.0000,0
4.484,-20,3,-40,1496,1496,-1.35,-1.27,0.0000,0.0000,0.0000,0
4.501,-20,3,-40,1496,1496,-1.35,-1.27,0.0000,0.0000,0.0000,0
4.518,-19,3,-40,1497,1496,-1.35,-1.27,0.0000,0.0000,0.0000,0
4.536,-19,2,-40,1497,1496,-1.35,-1.27,0.0000,0.0000,0.0000,0
4.553,-19,2,-40,1497,1496,-1.35,-1.27,0.0000,0.0000,0.0000,0
4.571,-19,0,-40,1497,1496,-1.35,-1.27,0.0000,0.0000,0.0000,0
4.589,-20,-2,-40,1496,1496,-1.35,-1.27,0.0000,0.0000,0.0000,0
4.607,-20,-5,-39,1496,1497,-1.35,-1.27,0.0000,0.0000,0.0000,0
4.625,-21,-10,-39,1496,1497,-1.35,-1.27,0.0000,0.0000,0.0000,0
4.643,-21,-10,-39,1496,1497,-1.35,-1.27,0.0000,0.0000,0.0000,0
4.660,-22,-13,-40,1496,1496,-1.47,-1.48,0.0000,0.0000,0.0000,0
4.678,-23,-15,-39,1496,1497,-1.47,-1.48,0.0000,0.0000,0.0000,0
4.696,-24,-17,-40,1496,1496,-1.47,-1.48,0.0000,0.0000,0.0000,0
4.714,-25,-18,-39,1495,1497,-1.47,-1.48,0.0000,0.0000,0.0000,0
4.733,-26,-19,-39,1495,1497,-1.47,-1.48,0.0000,0.0000,0.0000,0
4.752,-27,-23,-39,1495,1497,-1.47,-1.48,0.0000,0.0000,0.0000,0
4.770,-28,-23,-40,1495,1496,-1.47,-1.48,0.0000,0.0000,0.0000,0
4.787,-28,-23,-39,1495,1497,-1.47,-1.48,0.0000,0.0000,0.0000,0
4.806,-29,-22,-39,1495,1497,-1.47,-1.48,0.0000,0.0000,0.0000,0
4.823,-29,-21,-40,1495,1496,-1.47,-1.48,0.0000,0.0000,0.0000,0
4.840,-29,-20,-39,1495,1497,-1.47,-1.48,0.0000,0.0000,0.0000,0
4.858,-29,-20,-39,1495,1497,-1.47,-1.48,0.0000,0.0000,0.0000,0
4.875,-29,-20,-40,1495,1496,-1.47,-1.48,0.0000,0.0000,0.0000,0
4.894,-29,-20,-39,1495,1497,-1.47,-1.48,0.0000,0.0000,0.0000,0
4.912,-29,-20,-39,1495,1497,-1.46,-1.34,0.0000,0.0000,0.0000,0
4.930,-30,-20,-40,1494,1496,-1.46,-1.34,0.0000,0.0000,0.0000,0
4.949,-30,-20,-39,1494,1497,-1.46,-1.34,0.0000,0.0000,0.0000,0
4.967,-30,-21,-39,1494,1497,-1.46,-1.34,0.0000,0.0000,0.0000,0
4.984,-31,-21,-39,1494,1497,-1.46,-1.34,0.0000,0.0000,0.0000,0
5.001,-32,-21,-39,1494,1497,-1.46,-1.34,0.0000,0.0000,0.0000,0
5.019,-32,-21,-39,1494,1497,-1.46,-1.34,0.0000,0.0000,0.0000,0
5.036,-34,-24,-39,1494,1497,-1.46,-1.34,0.0000,0.0000,0.0000,0
5.054,-35,-25,-39,1493,1497,-1.46,-1.34,0.0000,0.0000,0.0000,0
5.073,-36,-29,-39,1493,1497,-1.46,-1.34,0.0000,0.0000,0.0000,0
5.092,-38,-30,-39,1493,1497,-1.46,-1.34,0.0000,0.0000,0.0000,0
5.110,-38,-32,-39,1493,1497,-1.46,-1.34,0.0000,0.0000,0.0000,0
5.127,-38,-36,-38,1493,1497,-1.46,-1.34,0.0000,0.0000,0.0000,0
5.146,-38,-39,-38,1493,1497,-1.46,-1.34,0.0000,0.0000,0.0000,0
5.163,-38,-39,-38,1493,1497,-1.27,-2.05,0.0000,0.0000,0.0000,0
5.181,-39,-41,-38,1493,1497,-1.27,-2.05,0.0000,0.0000,0.0000,0
5.198,-40,-43,-38,1492,1497,-1.27,-2.05,0.0000,0.0000,0.0000,0
5.216,-40,-43,-38,1492,1497,-1.27,-2.05,0.0000,0.0000,0.0000,0
5.233,-41,-44,-39,1492,1497,-1.27,-2.05,0.0000,0.0000,0.0000,0
5.250,-42,-45,-38,1492,1497,-1.27,-2.05,0.0000,0.0000,0.0000,0
5.268,-43,-47,-37,1492,1497,-1.27,-2.05,0.0000,0.0000,0.0000,0
5.286,-44,-48,-37,1492,1497,-1.27,-2.05,0.0000,0.0000,0.0000,0
5.303,-45,-49,-37,1491,1497,-1.27,-2.05,0.0000,0.0000,0.0000,0
5.322,-46,-48,-36,1491,1497,-1.27,-2.05,0.0000,0.0000,0.0000,0
5.340,-46,-48,-36,1491,1497,-1.27,-2.05,0.0000,0.0000,0.0000,0
5.357,-46,-48,-36,1491,1497,-1.27,-2.05,0.0000,0.0000,0.0000,0
5.376,-46,-48,-37,1491,1497,-1.27,-2.05,0.0000,0.0000,0.0000,0
5.395,-46,-47,-36,1491,1497,-1.27,-2.05,0.0000,0.0000,0.0000,0
5.413,-47,-46,-35,1491,1497,-1.59,-2.09,0.0000,0.0000,0.0000,0
5.431,-47,-46,-35,1491,1497,-1.59,-2.09,0.0000,0.0000,0.0000,0
5.448,-46,-43,-35,1491,1497,-1.59,-2.09,0.0000,0.0000,0.0000,0
5.466,-46,-43,-35,1491,1497,-1.59,-2.09,0.0000,0.0000,0.0000,0
5.483,-46,-41,-35,1491,1497,-1.59,-2.09,0.0000,0.0000,0.0000,0
5.500,-46,-40,-35,1491,1497,-1.59,-2.09,0.0000,0.0000,0.0000,0
5.518,-46,-39,-35,1491,1497,-1.59,-2.09,0.0000,0.0000,0.0000,0
5.535,-46,-37,-35,1491,1497,-1.59,-2.09,0.0000,0.0000,0.0000,0
5.552,-46,-34,-34,1491,1497,-1.59,-2.09,0.0000,0.0000,0.0000,0
5.570,-45,-33,-34,1491,1497,-1.59,-2.09,0.0000,0.0000,0.0000,0
5.589,-45,-33,-34,1491,1497,-1.59,-2.09,0.0000,0.0000,0.0000,0
5.609,-44,-31,-34,1492,1497,-1.59,-2.09,0.0000,0.0000,0.0000,0
5.627,-44,-31,-34,1492,1497,-1.59,-2.09,0.0000,0.0000,0.0000,0
5.647,-43,-27,-33,1492,1497,-1.59,-2.09,0.0000,0.0000,0.0000,0
5.664,-42,-26,-33,1492,1497,-1.30,-0.81,0.0000,0.0000,0.0000,0
5.682,-41,-24,-33,1492,1497,-1.30,-0.81,0.0000,0.0000,0.0000,0
5.699,-40,-23,-33,1492,1497,-1.30,-0.81,0.0000,0.0000,0.0000,0
5.716,-39,-22,-33,1493,1497,-1.30,-0.81,0.0000,0.0000,0.0000,0
5.734,-39,-21,-32,1493,1497,-1.30,-0.81,0.0000,0.0000,0.0000,0
5.752,-38,-21,-32,1493,1497,-1.30,-0.81,0.0000,0.0000,0.0000,0
5.770,-37,-21,-32,1493,1497,-1.30,-0.81,0.0000,0.0000,0.0000,0
5.788,-36,-21,-32,1493,1497,-1.30,-0.81,0.0000,0.0000,0.0000,0
5.805,-35,-22,-31,1493,1497,-1.30,-0.81,0.0000,0.0000,0.0000,0
5.823,-35,-22,-31,1493,1497,-1.30,-0.81,0.0000,0.0000,0.0000,0
5.841,-35,-22,-31,1493,1497,-1.30,-0.81,0.0000,0.0000,0.0000,0
5.862,-34,-21,-30,1494,1497,-1.30,-0.81,0.0000,0.0000,0.0000,1
5.879,-33,-21,-30,1494,1497,-1.30,-0.81,0.0000,0.0000,0.0000,1
5.898,-32,-22,-30,1494,1497,-0.84,-0.31,0.0000,0.0000,0.0000,1
5.915,-31,-23,-29,1494,1498,-0.84,-0.31,0.0000,0.0000,0.0000,1
5.932,-29,-24,-29,1495,1498,-0.84,-0.31,0.0000,0.0000,0.0000,1
5.949,-28,-25,-29,1495,1498,-0.84,-0.31,0.0000,0.0000,0.0000,1
5.967,-26,-26,-29,1495,1498,-0.84,-0.31,0.0000,0.0000,0.0000,1
5.984,-24,-28,-29,1496,1498,-0.84,-0.31,0.0000,0.0000,0.0000,1
6.002,-23,-29,-28,1496,1498,-0.84,-0.31,0.0000,0.0000,0.0000,1
6.019,-21,-30,-28,1496,1498,-0.84,-0.31,0.0000,0.0000,0.0000,1
6.036,-19,-31,-27,1497,1498,-0.84,-0.31,0.0000,0.0000,0.0000,1
6.053,-18,-32,-28,1497,1498,-0.84,-0.31,0.0000,0.0000,0.0000,1
6.071,-16,-33,-28,1497,1498,-0.84,-0.31,0.0000,0.0000,0.0000,1
6.088,-14,-33,-28,1498,1498,-0.84,-0.31,0.0000,0.0000,0.0000,1
6.106,-13,-34,-28,1498,1498,-0.84,-0.31,0.0000,0.0000,0.0000,1
6.123,-11,-34,-28,1498,1498,-0.84,-0.31,0.0000,0.0000,0.0000,1
6.141,-9,-34,-26,1499,1498,-0.84,-0.31,0.0000,0.0000,0.0000,1
6.158,-7,-34,-26,1499,1498,-0.20,-0.41,0.0000,0.0000,0.0000,1
6.176,-6,-34,-25,1499,1498,-0.20,-0.41,0.0000,0.0000,0.0000,1
6.194,-3,-33,-25,1500,1498,-0.20,-0.41,0.0000,0.0000,0.0000,1
6.211,-2,-32,-25,1500,1498,-0.20,-0.41,0.0000,0.0000,0.0000,1
6.228,-1,-32,-25,1500,1498,-0.20,-0.41,0.0000,0.0000,0.0000,1
6.245,-1,-31,-24,1500,1498,-0.20,-0.41,0.0000,0.0000,0.0000,1
6.264,0,-31,-24,1500,1498,-0.20,-0.41,0.0000,0.0000,0.0000,1
6.283,1,-30,-23,1500,1498,-0.20,-0.41,0.0000,0.0000,0.0000,1
6.301,2,-30,-23,1500,1498,-0.20,-0.41,0.0000,0.0000,0.0000,1
6.318,3,-30,-23,1500,1498,-0.20,-0.41,0.0000,0.0000,0.0000,1
6.335,4,-30,-24,1500,1498,-0.20,-0.41,0.0000,0.0000,0.0000,1
6.353,6,-31,-23,1501,1498,-0.20,-0.41,0.0000,0.0000,0.0000,1
6.370,6,-32,-23,1501,1498,-0.20,-0.41,0.0000,0.0000,0.0000,1
6.387,7,-32,-23,1501,1498,-0.20,-0.41,0.0000,0.0000,0.0000,1
6.405,8,-32,-22,1501,1498,0.18,0.20,0.0000,0.0000,0.0000,1
6.423,9,-32,-21,1501,1498,0.18,0.20,0.0000,0.0000,0.0000,1
6.441,10,-32,-21,1502,1498,0.18,0.20,0.0000,0.0000,0.0000,1
6.458,11,-32,-21,1502,1498,0.18,0.20,0.0000,0.0000,0.0000,1
6.476,12,-32,-20,1502,1498,0.18,0.20,0.0000,0.0000,0.0000,1
6.494,14,-32,-20,1502,1498,0.18,0.20,0.0000,0.0000,0.0000,1
6.511,16,-32,-19,1503,1499,0.18,0.20,0.0000,0.0000,0.0000,1
6.529,18,-32,-19,1503,1499,0.18,0.20,0.0000,0.0000,0.0000,1
6.547,19,-33,-19,1503,1499,0.18,0.20,0.0000,0.0000,0.0000,1
6.564,21,-33,-19,1504,1499,0.18,0.20,0.0000,0.0000,0.0000,1
6.582,22,-34,-19,1504,1499,0.18,0.20,0.0000,0.0000,0.0000,1
6.601,25,-33,-19,1505,1499,0.18,0.20,0.0000,0.0000,0.0000,1
6.620,26,-33,-18,1505,1499,0.18,0.20,0.0000,0.0000,0.0000,1
6.638,28,-33,-18,1505,1499,0.18,0.20,0.0000,0.0000,0.0000,1
6.656,31,-33,-17,1506,1499,0.20,0.59,0.0000,0.0000,0.0000,1
6.675,31,-33,-17,1506,1499,0.20,0.59,0.0000,0.0000,0.0000,1
6.693,33,-34,-16,1506,1499,0.20,0.59,0.0000,0.0000,0.0000,1
6.711,33,-34,-16,1506,1499,0.20,0.59,0.0000,0.0000,0.0000,1
6.731,36,-36,-15,1507,1499,0.20,0.59,0.0000,0.0000,0.0000,1
6.748,37,-36,-15,1507,1499,0.20,0.59,0.0000,0.0000,0.0000,1
6.765,38,-36,-14,1507,1499,0.20,0.59,0.0000,0.0000,0.0000,1
6.783,38,-37,-14,1507,1499,0.20,0.59,0.0000,0.0000,0.0000,1
6.800,39,-36,-14,1507,1499,0.20,0.59,0.0000,0.0000,0.0000,1
6.817,40,-37,-14,1508,1499,0.20,0.59,0.0000,0.0000,0.0000,1
6.835,41,-37,-14,1508,1499,0.20,0.59,0.0000,0.0000,0.0000,1
6.853,42,-37,-13,1508,1499,0.20,0.59,0.0000,0.0000,0.0000,1
6.871,43,-37,-13,1508,1499,0.20,0.59,0.0000,0.0000,0.0000,1
6.888,44,-37,-13,1508,1499,0.20,0.59,0.0000,0.0000,0.0000,1
6.906,44,-37,-13,1508,1499,0.62,1.03,0.0000,0.0000,0.0000,1
6.923,45,-37,-13,1509,1499,0.62,1.03,0.0000,0.0000,0.0000,1
6.940,47,-37,-12,1509,1499,0.62,1.03,0.0000,0.0000,0.0000,1
6.959,48,-37,-12,1509,1499,0.62,1.03,0.0000,0.0000,0.0000,1
6.979,49,-37,-12,1509,1499,0.62,1.03,0.0000,0.0000,0.0000,1
6.996,51,-37,-11,1515,1499,0.62,1.03,0.0000,0.0000,0.0000,1
7.014,52,-38,-11,1515,1499,0.62,1.03,0.0000,0.0000,0.0000,1
7.032,53,-39,-11,1515,1499,0.62,1.03,0.0000,0.0000,0.0000,1
7.049,54,-40,-11,1516,1499,0.62,1.03,0.0000,0.0000,0.0000,1
7.066,54,-42,-11,1516,1499,0.62,1.03,0.0000,0.0000,0.0000,1
7.085,55,-43,-11,1516,1499,0.62,1.03,0.0000,0.0000,0.0000,1
7.102,56,-44,-10,1516,1499,0.62,1.03,0.0000,0.0000,0.0000,1
7.120,57,-44,-10,1517,1499,0.62,1.03,0.0000,0.0000,0.0000,1
7.139,58,-44,-9,1517,1500,0.62,1.03,0.0000,0.0000,0.0000,1
7.156,59,-45,-9,1517,1500,0.75,1.08,0.0000,0.0000,0.0000,1
7.174,60,-45,-9,1518,1500,0.75,1.08,0.0000,0.0000,0.0000,1
7.192,61,-45,-9,1518,1500,0.75,1.08,0.0000,0.0000,0.0000,0
0.018,62,-45,-9,1518,1500,0.75,1.08,0.0000,0.0000,0.0000,0
0.036,65,-45,-10,1519,1499,0.75,1.08,0.0000,0.0000,0.0000,0
0.053,66,-46,-10,1519,1499,0.75,1.08,0.0000,0.0000,0.0000,0
0.071,68,-46,-9,1520,1500,0.75,1.08,0.0000,0.0000,0.0000,0
0.089,69,-45,-9,1520,1500,0.75,1.08,0.0000,0.0000,0.0000,0
0.108,70,-45,-9,1521,1500,0.75,1.08,0.0000,0.0000,0.0000,0
0.126,71,-45,-9,1521,1500,0.75,1.08,0.0000,0.0000,0.0000,0
0.144,72,-45,-9,1521,1500,0.75,1.08,0.0000,0.0000,0.0000,0
0.162,73,-45,-8,1521,1500,0.75,1.08,0.0000,0.0000,0.0000,0
0.179,75,-45,-8,1522,1500,0.75,1.08,0.0000,0.0000,0.0000,0
0.197,75,-46,-8,1522,1500,0.75,1.08,0.0000,0.0000,0.0000,0
0.214,75,-46,-8,1522,1500,0.86,1.59,0.0000,0.0000,0.0000,0
0.231,76,-47,-8,1522,1500,0.86,1.59,0.0000,0.0000,0.0000,0
0.249,77,-48,-7,1523,1500,0.86,1.59,0.0000,0.0000,0.0000,0
0.266,77,-49,-7,1523,1500,0.86,1.59,0.0000,0.0000,0.0000,0
0.283,78,-50,-7,1523,1500,0.86,1.59,0.0000,0.0000,0.0000,0
0.301,79,-51,-8,1523,1500,0.86,1.59,0.0000,0.0000,0.0000,0
0.319,80,-52,-8,1524,1500,0.86,1.59,0.0000,0.0000,0.0000,0
0.338,80,-52,-8,1524,1500,0.86,1.59,0.0000,0.0000,0.0000,0
0.356,81,-53,-8,1524,1500,0.86,1.59,0.0000,0.0000,0.0000,0
0.373,81,-54,-8,1524,1500,0.86,1.59,0.0000,0.0000,0.0000,0
0.391,82,-55,-7,1524,1500,0.86,1.59,0.0000,0.0000,0.0000,0
0.408,83,-55,-8,1524,1500,0.86,1.59,0.0000,0.0000,0.0000,0
0.426,84,-56,-8,1525,1500,0.86,1.59,0.0000,0.0000,0.0000,0
0.444,85,-56,-8,1525,1500,0.86,1.59,0.0000,0.0000,0.0000,0
0.462,86,-56,-8,1525,1500,1.13,1.27,0.0000,0.0000,0.0000,0
0.480,87,-56,-8,1526,1500,1.13,1.27,0.0000,0.0000,0.0000,0
0.498,89,-56,-7,1526,1500,1.13,1.27,0.0000,0.0000,0.0000,0
0.515,90,-56,-7,1527,1500,1.13,1.27,0.0000,0.0000,0.0000,0
0.532,91,-56,-6,1527,1500,1.13,1.27,0.0000,0.0000,0.0000,0
0.549,93,-56,-6,1527,1500,1.13,1.27,0.0000,0.0000,0.0000,0
0.568,95,-56,-6,1528,1500,1.13,1.27,0.0000,0.0000,0.0000,0
0.586,98,-56,-5,1529,1500,1.13,1.27,0.0000,0.0000,0.0000,0
0.606,100,-56,-5,1530,1500,1.13,1.27,0.0000,0.0000,0.0000,0
0.626,101,-57,-5,1530,1500,1.13,1.27,0.0000,0.0000,0.0000,0
0.643,102,-57,-6,1530,1500,1.13,1.27,0.0000,0.0000,0.0000,0
0.661,104,-57,-6,1530,1500,1.13,1.27,0.0000,0.0000,0.0000,0
0.678,106,-56,-7,1530,1500,1.13,1.27,0.0000,0.0000,0.0000,0
0.696,106,-56,-7,1530,1500,1.13,1.27,0.0000,0.0000,0.0000,0
0.714,107,-55,-7,1530,1500,1.39,1.07,0.0000,0.0000,0.0000,0
0.732,107,-55,-7,1530,1500,1.39,1.07,0.0000,0.0000,0.0000,0
0.749,109,-53,-8,1530,1500,1.39,1.07,0.0000,0.0000,0.0000,0
0.767,109,-53,-8,1530,1500,1.39,1.07,0.0000,0.0000,0.0000,0
0.785,110,-51,-8,1530,1500,1.39,1.07,0.0000,0.0000,0.0000,0
0.802,111,-51,-8,1530,1500,1.39,1.07,0.0000,0.0000,0.0000,0
0.820,111,-50,-9,1530,1500,1.39,1.07,0.0000,0.0000,0.0000,0
0.838,112,-51,-9,1530,1500,1.39,1.07,0.0000,0.0000,0.0000,0
0.855,112,-53,-9,1530,1500,1.39,1.07,0.0000,0.0000,0.0000,0
0.873,112,-53,-9,1530,1500,1.39,1.07,0.0000,0.0000,0.0000,0
0.892,112,-55,-10,1530,1499,1.39,1.07,0.0000,0.0000,0.0000,0
0.911,109,-57,-11,1530,1499,1.39,1.07,0.0000,0.0000,0.0000,0
0.929,109,-57,-11,1530,1499,1.39,1.07,0.0000,0.0000,0.0000,0
0.947,107,-53,-11,1530,1499,1.39,1.07,0.0000,0.0000,0.0000,0
0.964,107,-53,-11,1530,1499,1.54,0.83,0.0000,0.0000,0.0000,0
0.983,106,-51,-11,1530,1499,1.54,0.83,0.0000,0.0000,0.0000,0
1.001,105,-50,-12,1530,1499,1.54,0.83,0.0000,0.0000,0.0000,0
1.019,104,-49,-11,1530,1499,1.54,0.83,0.0000,0.0000,0.0000,0
1.036,104,-49,-11,1530,1499,1.54,0.83,0.0000,0.0000,0.0000,0
1.054,102,-49,-11,1530,1499,1.54,0.83,0.0000,0.0000,0.0000,0
1.072,100,-51,-10,1530,1499,1.54,0.83,0.0000,0.0000,0.0000,0
1.089,98,-52,-11,1529,1499,1.54,0.83,0.0000,0.0000,0.0000,0
1.107,96,-53,-11,1528,1499,1.54,0.83,0.0000,0.0000,0.0000,0
1.124,94,-55,-11,1528,1499,1.54,0.83,0.0000,0.0000,0.0000,0
1.141,92,-55,-11,1527,1499,1.54,0.83,0.0000,0.0000,0.0000,0
1.160,90,-55,-12,1527,1499,1.54,0.83,0.0000,0.0000,0.0000,0
1.178,87,-54,-12,1526,1499,1.54,0.83,0.0000,0.0000,0.0000,0
1.196,87,-54,-12,1526,1499,1.54,0.83,0.0000,0.0000,0.0000,0
1.214,84,-55,-12,1525,1499,0.68,0.13,0.0000,0.0000,0.0000,0
1.232,84,-55,-12,1525,1499,0.68,0.13,0.0000,0.0000,0.0000,0
1.249,82,-56,-12,1524,1499,0.68,0.13,0.0000,0.0000,0.0000,0
1.267,81,-57,-12,1524,1499,0.68,0.13,0.0000,0.0000,0.0000,0
1.285,78,-60,-13,1523,1499,0.68,0.13,0.0000,0.0000,0.0000,0
1.302,76,-61,-13,1522,1499,0.68,0.13,0.0000,0.0000,0.0000,0
1.319,75,-61,-13,1522,1499,0.68,0.13,0.0000,0.0000,0.0000,0
1.337,73,-61,-14,1521,1499,0.68,0.13,0.0000,0.0000,0.0000,0
1.355,72,-64,-15,1521,1499,0.68,0.13,0.0000,0.0000,0.0000,0
1.372,70,-66,-14,1521,1499,0.68,0.13,0.0000,0.0000,0.0000,0
1.393,68,-68,-14,1520,1499,0.68,0.13,0.0000,0.0000,0.0000,0
1.411,66,-69,-15,1519,1499,0.68,0.13,0.0000,0.0000,0.0000,0
1.428,63,-69,-15,1518,1499,0.68,0.13,0.0000,0.0000,0.0000,0
1.445,62,-69,-15,1518,1499,0.68,0.13,0.0000,0.0000,0.0000,0
1.463,59,-70,-16,1517,1499,0.30,-1.15,0.0000,0.0000,0.0000,0
1.482,57,-71,-17,1517,1499,0.30,-1.15,0.0000,0.0000,0.0000,0
1.501,54,-71,-18,1516,1499,0.30,-1.15,0.0000,0.0000,0.0000,0
1.519,52,-70,-17,1515,1499,0.30,-1.15,0.0000,0.0000,0.0000,0
1.537,50,-69,-17,1510,1499,0.30,-1.15,0.0000,0.0000,0.0000,0
1.556,48,-69,-18,1509,1499,0.30,-1.15,0.0000,0.0000,0.0000,0
1.574,46,-70,-19,1509,1499,0.30,-1.15,0.0000,0.0000,0.0000,0
1.592,42,-71,-19,1508,1499,0.30,-1.15,0.0000,0.0000,0.0000,0
1.610,40,-70,-19,1508,1499,0.30,-1.15,0.0000,0.0000,0.0000,0
1.627,39,-70,-19,1507,1499,0.30,-1.15,0.0000,0.0000,0.0000,0
1.646,37,-71,-19,1507,1499,0.30,-1.15,0.0000,0.0000,0.0000,0
1.666,32,-69,-21,1506,1498,0.30,-1.15,0.0000,0.0000,0.0000,0
1.684,30,-67,-21,1506,1498,0.30,-1.15,0.0000,0.0000,0.0000,0
1.701,28,-67,-21,1505,1498,0.11,-1.63,0.0000,0.0000,0.0000,0
1.718,26,-66,-21,1505,1498,0.11,-1.63,0.0000,0.0000,0.0000,0
1.737,25,-66,-21,1505,1498,0.11,-1.63,0.0000,0.0000,0.0000,0
1.755,23,-65,-20,1504,1498,0.11,-1.63,0.0000,0.0000,0.0000,0
1.772,22,-64,-21,1504,1498,0.11,-1.63,0.0000,0.0000,0.0000,0
1.790,20,-63,-21,1504,1498,0.11,-1.63,0.0000,0.0000,0.0000,0
1.810,19,-63,-22,1503,1498,0.11,-1.63,0.0000,0.0000,0.0000,0
1.830,17,-62,-23,1503,1498,0.11,-1.63,0.0000,0.0000,0.0000,0
1.848,17,-62,-23,1503,1498,0.11,-1.63,0.0000,0.0000,0.0000,0
1.867,16,-62,-23,1503,1498,0.11,-1.63,0.0000,0.0000,0.0000,0
1.886,15,-62,-22,1503,1498,0.11,-1.63,0.0000,0.0000,0.0000,0
1.905,15,-62,-22,1503,1498,0.11,-1.63,0.0000,0.0000,0.0000,0
1.922,14,-62,-22,1502,1498,0.11,-1.63,0.0000,0.0000,0.0000,0
1.939,13,-62,-23,1502,1498,0.11,-1.63,0.0000,0.0000,0.0000,0
1.957,13,-63,-24,1502,1498,0.02,-2.20,0.0000,0.0000,0.0000,0
1.975,12,-62,-24,1502,1498,0.02,-2.20,0.0000,0.0000,0.0000,0
1.992,11,-62,-24,1502,1498,0.02,-2.20,0.0000,0.0000,0.0000,0
2.009,11,-62,-24,1502,1498,0.02,-2.20,0.0000,0.0000,0.0000,0
2.027,10,-62,-24,1502,1498,0.02,-2.20,0.0000,0.0000,0.0000,0
2.044,9,-62,-25,1501,1498,0.02,-2.20,0.0000,0.0000,0.0000,0
2.063,9,-61,-26,1501,1498,0.02,-2.20,0.0000,0.0000,0.0000,0
2.083,8,-58,-25,1501,1498,0.02,-2.20,0.0000,0.0000,0.0000,1
2.100,7,-56,-26,1501,1498,0.02,-2.20,0.0000,0.0000,0.0000,1
2.118,6,-53,-26,1501,1498,0.02,-2.20,0.0000,0.0000,0.0000,1
2.135,6,-50,-26,1501,1498,0.02,-2.20,0.0000,0.0000,0.0000,1
2.152,5,-48,-27,1501,1498,0.02,-2.20,0.0000,0.0000,0.0000,1
2.170,4,-44,-26,1500,1498,0.02,-2.20,0.0000,0.0000,0.0000,1
2.188,2,-43,-25,1500,1498,0.02,-2.20,0.0000,0.0000,0.0000,1
2.207,0,-42,-26,1500,1498,0.18,-1.73,0.0000,0.0000,0.0000,1
2.225,-1,-41,-25,1500,1498,0.18,-1.73,0.0000,0.0000,0.0000,1
2.244,-2,-42,-25,1500,1498,0.18,-1.73,0.0000,0.0000,0.0000,1
2.262,-3,-42,-25,1500,1498,0.18,-1.73,0.0000,0.0000,0.0000,1
2.280,-4,-42,-25,1500,1498,0.18,-1.73,0.0000,0.0000,0.0000,1
2.297,-8,-39,-26,1499,1498,0.18,-1.73,0.0000,0.0000,0.0000,1
2.315,-10,-37,-26,1498,1498,0.18,-1.73,0.0000,0.0000,0.0000,1
2.333,-12,-35,-26,1498,1498,0.18,-1.73,0.0000,0.0000,0.0000,1
2.350,-14,-31,-27,1498,1498,0.18,-1.73,0.0000,0.0000,0.0000,1
2.367,-16,-28,-27,1497,1498,0.18,-1.73,0.0000,0.0000,0.0000,1
2.385,-18,-26,-27,1497,1498,0.18,-1.73,0.0000,0.0000,0.0000,1
2.403,-19,-26,-27,1497,1498,0.18,-1.73,0.0000,0.0000,0.0000,1
2.422,-22,-25,-27,1496,1498,0.18,-1.73,0.0000,0.0000,0.0000,1
2.439,-24,-25,-27,1496,1498,0.18,-1.73,0.0000,0.0000,0.0000,1
2.457,-26,-25,-27,1495,1498,0.11,-1.46,0.0000,0.0000,0.0000,1
2.477,-28,-26,-27,1495,1498,0.11,-1.46,0.0000,0.0000,0.0000,1
2.494,-30,-26,-27,1494,1498,0.11,-1.46,0.0000,0.0000,0.0000,1
2.513,-32,-28,-27,1494,1498,0.11,-1.46,0.0000,0.0000,0.0000,1
2.530,-34,-28,-27,1494,1498,0.11,-1.46,0.0000,0.0000,0.0000,1
2.548,-38,-29,-28,1493,1498,0.11,-1.46,0.0000,0.0000,0.0000,1
2.567,-39,-30,-29,1493,1498,0.11,-1.46,0.0000,0.0000,0.0000,1
2.584,-41,-31,-28,1492,1498,0.11,-1.46,0.0000,0.0000,0.0000,1
2.602,-42,-32,-28,1492,1498,0.11,-1.46,0.0000,0.0000,0.0000,1
2.619,-43,-32,-28,1492,1498,0.11,-1.46,0.0000,0.0000,0.0000,1
2.638,-45,-32,-27,1491,1498,0.11,-1.46,0.0000,0.0000,0.0000,1
2.657,-46,-31,-27,1491,1498,0.11,-1.46,0.0000,0.0000,0.0000,1
2.674,-47,-30,-28,1491,1498,0.11,-1.46,0.0000,0.0000,0.0000,1
2.691,-48,-29,-29,1491,1498,0.11,-1.46,0.0000,0.0000,0.0000,1
2.709,-49,-27,-29,1491,1498,-0.94,-1.77,0.0000,0.0000,0.0000,1
2.727,-50,-25,-29,1490,1498,-0.94,-1.77,0.0000,0.0000,0.0000,1
2.745,-51,-24,-28,1485,1498,-0.94,-1.77,0.0000,0.0000,0.0000,1
2.763,-52,-23,-27,1485,1498,-0.94,-1.77,0.0000,0.0000,0.0000,1
2.782,-53,-22,-28,1485,1498,-0.94,-1.77,0.0000,0.0000,0.0000,1
2.800,-54,-21,-28,1484,1498,-0.94,-1.77,0.0000,0.0000,0.0000,1
2.819,-56,-21,-28,1484,1498,-0.94,-1.77,0.0000,0.0000,0.0000,1
2.836,-57,-20,-29,1483,1498,-0.94,-1.77,0.0000,0.0000,0.0000,1
2.853,-58,-20,-30,1483,1497,-0.94,-1.77,0.0000,0.0000,0.0000,1
2.870,-59,-19,-30,1483,1497,-0.94,-1.77,0.0000,0.0000,0.0000,1
2.887,-60,-19,-30,1482,1497,-0.94,-1.77,0.0000,0.0000,0.0000,1
2.905,-62,-18,-29,1482,1498,-0.94,-1.77,0.0000,0.0000,0.0000,0
0.017,-63,-18,-29,1482,1498,-0.94,-1.77,0.0000,0.0000,0.0000,0
0.034,-64,-17,-29,1481,1498,-0.94,-1.77,0.0000,0.0000,0.0000,0
0.051,-65,-16,-29,1481,1498,-1.20,-1.75,0.0000,0.0000,0.0000,0
0.069,-66,-16,-29,1481,1498,-1.20,-1.75,0.0000,0.0000,0.0000,0
0.090,-68,-15,-30,1480,1497,-1.20,-1.75,0.0000,0.0000,0.0000,0
0.109,-69,-14,-31,1480,1497,-1.20,-1.75,0.0000,0.0000,0.0000,0
0.127,-70,-13,-29,1479,1498,-1.20,-1.75,0.0000,0.0000,0.0000,0
0.146,-72,-12,-29,1479,1498,-1.20,-1.75,0.0000,0.0000,0.0000,0
0.164,-73,-10,-29,1479,1498,-1.20,-1.75,0.0000,0.0000,0.0000,0
0.182,-73,-9,-29,1479,1498,-1.20,-1.75,0.0000,0.0000,0.0000,0
0.200,-74,-8,-29,1478,1498,-1.20,-1.75,0.0000,0.0000,0.0000,0
0.218,-74,-7,-30,1478,1497,-1.20,-1.75,0.0000,0.0000,0.0000,0
0.235,-74,-7,-30,1478,1497,-1.20,-1.75,0.0000,0.0000,0.0000,0
0.252,-74,-5,-29,1478,1498,-1.20,-1.75,0.0000,0.0000,0.0000,0
0.271,-73,-4,-29,1479,1498,-1.20,-1.75,0.0000,0.0000,0.0000,0
0.289,-73,-4,-29,1479,1498,-1.20,-1.75,0.0000,0.0000,0.0000,0
0.307,-73,-3,-29,1479,1498,-0.92,-1.29,0.0000,0.0000,0.0000,0
0.331,-72,-1,-30,1479,1497,-0.92,-1.29,0.0000,0.0000,0.0000,0
0.350,-72,1,-30,1479,1497,-0.92,-1.29,0.0000,0.0000,0.0000,0
0.368,-71,3,-29,1479,1498,-0.92,-1.29,0.0000,0.0000,0.0000,0
0.386,-71,6,-29,1479,1498,-0.92,-1.29,0.0000,0.0000,0.0000,0
0.404,-71,7,-29,1479,1498,-0.92,-1.29,0.0000,0.0000,0.0000,0
0.421,-71,8,-30,1479,1497,-0.92,-1.29,0.0000,0.0000,0.0000,0
0.441,-72,10,-29,1479,1498,-0.92,-1.29,0.0000,0.0000,0.0000,0
0.459,-73,11,-29,1479,1498,-0.92,-1.29,0.0000,0.0000,0.0000,0
0.478,-73,12,-29,1479,1498,-0.92,-1.29,0.0000,0.0000,0.0000,0
0.496,-74,13,-29,1478,1498,-0.92,-1.29,0.0000,0.0000,0.0000,0
0.514,-75,13,-30,1478,1497,-0.92,-1.29,0.0000,0.0000,0.0000,0
0.533,-76,14,-30,1478,1497,-0.92,-1.29,0.0000,0.0000,0.0000,0
0.550,-77,15,-30,1477,1497,-1.11,-0.72,0.0000,0.0000,0.0000,0
0.567,-78,15,-29,1477,1498,-1.11,-0.72,0.0000,0.0000,0.0000,0
0.585,-79,15,-29,1477,1498,-1.11,-0.72,0.0000,0.0000,0.0000,0
0.602,-80,14,-29,1476,1498,-1.11,-0.72,0.0000,0.0000,0.0000,0
0.619,-80,13,-29,1476,1498,-1.11,-0.72,0.0000,0.0000,0.0000,0
0.637,-80,13,-29,1476,1498,-1.11,-0.72,0.0000,0.0000,0.0000,0
0.654,-80,13,-29,1476,1498,-1.11,-0.72,0.0000,0.0000,0.0000,0
0.671,-80,12,-29,1476,1498,-1.11,-0.72,0.0000,0.0000,0.0000,0
0.688,-79,12,-30,1477,1497,-1.11,-0.72,0.0000,0.0000,0.0000,0
0.706,-78,11,-31,1477,1497,-1.11,-0.72,0.0000,0.0000,0.0000,0
0.723,-78,10,-30,1477,1497,-1.11,-0.72,0.0000,0.0000,0.0000,0
0.741,-77,10,-30,1477,1497,-1.11,-0.72,0.0000,0.0000,0.0000,0
0.759,-77,10,-30,1477,1497,-1.11,-0.72,0.0000,0.0000,0.0000,0
0.778,-76,8,-30,1478,1497,-1.11,-0.72,0.0000,0.0000,0.0000,0
0.796,-75,8,-30,1478,1497,-1.37,-1.55,0.0000,0.0000,0.0000,0
0.815,-74,7,-30,1478,1497,-1.37,-1.55,0.0000,0.0000,0.0000,0
0.832,-72,7,-30,1479,1497,-1.37,-1.55,0.0000,0.0000,0.0000,0
0.850,-71,7,-30,1479,1497,-1.37,-1.55,0.0000,0.0000,0.0000,0
0.868,-70,7,-31,1479,1497,-1.37,-1.55,0.0000,0.0000,0.0000,0
0.886,-68,7,-31,1480,1497,-1.37,-1.55,0.0000,0.0000,0.0000,0
0.905,-66,7,-30,1480,1497,-1.37,-1.55,0.0000,0.0000,0.0000,0
0.922,-65,7,-31,1481,1497,-1.37,-1.55,0.0000,0.0000,0.0000,0
0.940,-65,7,-32,1481,1497,-1.37,-1.55,0.0000,0.0000,0.0000,0
0.958,-64,8,-32,1481,1497,-1.37,-1.55,0.0000,0.0000,0.0000,0
0.976,-63,8,-31,1482,1497,-1.37,-1.55,0.0000,0.0000,0.0000,0
0.994,-63,7,-31,1482,1497,-1.37,-1.55,0.0000,0.0000,0.0000,0
1.011,-64,6,-31,1481,1497,-1.37,-1.55,0.0000,0.0000,0.0000,0
1.030,-65,6,-31,1481,1497,-1.37,-1.55,0.0000,0.0000,0.0000,0
1.048,-66,5,-32,1481,1497,-1.11,-1.77,0.0000,0.0000,0.0000,0
1.065,-66,5,-32,1481,1497,-1.11,-1.77,0.0000,0.0000,0.0000,0
1.084,-67,5,-31,1480,1497,-1.11,-1.77,0.0000,0.0000,0.0000,0
1.103,-68,5,-31,1480,1497,-1.11,-1.77,0.0000,0.0000,0.0000,0
1.120,-69,4,-32,1480,1497,-1.11,-1.77,0.0000,0.0000,0.0000,0
1.138,-70,4,-32,1479,1497,-1.11,-1.77,0.0000,0.0000,0.0000,0
1.156,-71,3,-33,1479,1497,-1.11,-1.77,0.0000,0.0000,0.0000,0
1.174,-75,2,-32,1478,1497,-1.11,-1.77,0.0000,0.0000,0.0000,0
1.195,-77,1,-32,1477,1497,-1.11,-1.77,0.0000,0.0000,0.0000,0
1.212,-79,0,-31,1477,1497,-1.11,-1.77,0.0000,0.0000,0.0000,0
1.229,-80,-1,-32,1476,1497,-1.11,-1.77,0.0000,0.0000,0.0000,0
1.249,-82,-1,-32,1476,1497,-1.11,-1.77,0.0000,0.0000,0.0000,0
1.266,-84,0,-33,1475,1497,-1.11,-1.77,0.0000,0.0000,0.0000,0
1.284,-85,0,-33,1475,1497,-1.11,-1.77,0.0000,0.0000,0.0000,0
1.302,-85,1,-33,1475,1497,-0.36,-1.96,0.0000,0.0000,0.0000,0
1.320,-86,2,-33,1475,1497,-0.36,-1.96,0.0000,0.0000,0.0000,0
1.337,-86,4,-32,1475,1497,-0.36,-1.96,0.0000,0.0000,0.0000,0
1.354,-87,6,-32,1474,1497,-0.36,-1.96,0.0000,0.0000,0.0000,0
1.371,-87,9,-32,1474,1497,-0.36,-1.96,0.0000,0.0000,0.0000,0
1.389,-87,11,-32,1474,1497,-0.36,-1.96,0.0000,0.0000,0.0000,0
1.406,-88,13,-32,1474,1497,-0.36,-1.96,0.0000,0.0000,0.0000,0
1.423,-88,15,-32,1474,1497,-0.36,-1.96,0.0000,0.0000,0.0000,0
1.441,-88,16,-32,1474,1497,-0.36,-1.96,0.0000,0.0000,0.0000,0
1.459,-88,17,-32,1474,1497,-0.36,-1.96,0.0000,0.0000,0.0000,0
1.480,-88,18,-32,1474,1497,-0.36,-1.96,0.0000,0.0000,0.0000,0
1.497,-88,18,-33,1474,1497,-0.36,-1.96,0.0000,0.0000,0.0000,0
1.516,-88,18,-31,1474,1497,-0.36,-1.96,0.0000,0.0000,0.0000,0
1.533,-88,19,-32,1474,1497,-0.36,-1.96,0.0000,0.0000,0.0000,0
1.551,-88,19,-32,1474,1497,-1.10,-1.01,0.0000,0.0000,0.0000,0
1.568,-87,19,-32,1474,1497,-1.10,-1.01,0.0000,0.0000,0.0000,0
1.587,-87,19,-33,1474,1497,-1.10,-1.01,0.0000,0.0000,0.0000,0
1.605,-86,19,-32,1475,1497,-1.10,-1.01,0.0000,0.0000,0.0000,0
1.622,-83,20,-32,1476,1497,-1.10,-1.01,0.0000,0.0000,0.0000,0
1.639,-82,21,-32,1476,1497,-1.10,-1.01,0.0000,0.0000,0.0000,0
1.656,-80,22,-32,1476,1497,-1.10,-1.01,0.0000,0.0000,0.0000,0
1.674,-79,22,-32,1477,1497,-1.10,-1.01,0.0000,0.0000,0.0000,0
1.691,-77,22,-32,1477,1497,-1.10,-1.01,0.0000,0.0000,0.0000,0
1.710,-76,22,-31,1478,1497,-1.10,-1.01,0.0000,0.0000,0.0000,0
1.727,-75,22,-32,1478,1497,-1.10,-1.01,0.0000,0.0000,0.0000,0
1.744,-74,23,-31,1478,1497,-1.10,-1.01,0.0000,0.0000,0.0000,0
1.761,-73,23,-32,1479,1497,-1.10,-1.01,0.0000,0.0000,0.0000,0
1.779,-71,23,-31,1479,1497,-1.10,-1.01,0.0000,0.0000,0.0000,0
1.798,-69,23,-32,1480,1497,-1.10,-0.84,0.0000,0.0000,0.0000,0
1.815,-68,23,-32,1480,1497,-1.10,-0.84,0.0000,0.0000,0.0000,0
1.833,-66,23,-31,1481,1497,-1.10,-0.84,0.0000,0.0000,0.0000,0
1.857,-64,22,-31,1481,1497,-1.10,-0.84,0.0000,0.0000,0.0000,0
1.874,-63,22,-31,1482,1497,-1.10,-0.84,0.0000,0.0000,0.0000,0
1.892,-61,21,-31,1482,1497,-1.10,-0.84,0.0000,0.0000,0.0000,0
1.910,-60,20,-31,1482,1497,-1.10,-0.84,0.0000,0.0000,0.0000,0
1.927,-57,18,-31,1483,1497,-1.10,-0.84,0.0000,0.0000,0.0000,0
1.945,-56,17,-31,1484,1497,-1.10,-0.84,0.0000,0.0000,0.0000,0
1.962,-54,16,-31,1484,1497,-1.10,-0.84,0.0000,0.0000,0.0000,0
1.980,-53,15,-32,1485,1497,-1.10,-0.84,0.0000,0.0000,0.0000,0
1.997,-52,14,-33,1485,1497,-1.10,-0.84,0.0000,0.0000,0.0000,0
2.014,-50,13,-33,1490,1497,-1.10,-0.84,0.0000,0.0000,0.0000,0
2.032,-49,13,-32,1491,1497,-1.10,-0.84,0.0000,0.0000,0.0000,0
2.051,-48,13,-32,1491,1497,-0.98,-1.35,0.0000,0.0000,0.0000,0
2.068,-47,13,-32,1491,1497,-0.98,-1.35,0.0000,0.0000,0.0000,0
2.098,-46,12,-32,1491,1497,-0.98,-1.35,0.0000,0.0000,0.0000,0
2.117,-45,12,-31,1491,1497,-0.98,-1.35,0.0000,0.0000,0.0000,0
2.135,-45,10,-31,1491,1497,-0.98,-1.35,0.0000,0.0000,0.0000,0
2.152,-45,10,-32,1491,1497,-0.98,-1.35,0.0000,0.0000,0.0000,0
2.170,-45,9,-32,1491,1497,-0.98,-1.35,0.0000,0.0000,0.0000,0
2.190,-46,9,-32,1491,1497,-0.98,-1.35,0.0000,0.0000,0.0000,0
2.207,-47,8,-32,1491,1497,-0.98,-1.35,0.0000,0.0000,0.0000,0
2.225,-47,8,-32,1491,1497,-0.98,-1.35,0.0000,0.0000,0.0000,0
2.242,-48,8,-32,1491,1497,-0.98,-1.35,0.0000,0.0000,0.0000,0
2.259,-49,8,-32,1491,1497,-0.98,-1.35,0.0000,0.0000,0.0000,0
2.276,-49,8,-32,1491,1497,-0.98,-1.35,0.0000,0.0000,0.0000,0
2.294,-49,8,-32,1491,1497,-0.75,-1.63,0.0000,0.0000,0.0000,0
2.312,-49,8,-32,1491,1497,-0.75,-1.63,0.0000,0.0000,0.0000,0
2.329,-49,9,-33,1491,1497,-0.75,-1.63,0.0000,0.0000,0.0000,0
2.350,-49,9,-32,1491,1497,-0.75,-1.63,0.0000,0.0000,0.0000,0
2.367,-48,10,-32,1491,1497,-0.75,-1.63,0.0000,0.0000,0.0000,0
2.385,-47,10,-32,1491,1497,-0.75,-1.63,0.0000,0.0000,0.0000,0
2.402,-46,10,-33,1491,1497,-0.75,-1.63,0.0000,0.0000,0.0000,0
2.421,-42,11,-34,1492,1497,-0.75,-1.63,0.0000,0.0000,0.0000,0
2.439,-40,12,-33,1492,1497,-0.75,-1.63,0.0000,0.0000,0.0000,0
2.456,-38,12,-34,1493,1497,-0.75,-1.63,0.0000,0.0000,0.0000,0
2.475,-36,13,-33,1493,1497,-0.75,-1.63,0.0000,0.0000,0.0000,0
2.492,-34,14,-33,1494,1497,-0.75,-1.63,0.0000,0.0000,0.0000,0
2.509,-31,14,-33,1494,1497,-0.75,-1.63,0.0000,0.0000,0.0000,0
2.527,-28,14,-33,1495,1497,-0.75,-1.63,0.0000,0.0000,0.0000,0
2.545,-25,14,-33,1495,1497,-0.82,-1.23,0.0000,0.0000,0.0000,0
2.564,-22,14,-33,1496,1497,-0.82,-1.23,0.0000,0.0000,0.0000,0
2.585,-19,13,-32,1497,1497,-0.82,-1.23,0.0000,0.0000,0.0000,0
2.602,-16,13,-32,1497,1497,-0.82,-1.23,0.0000,0.0000,0.0000,0
2.619,-13,12,-32,1498,1497,-0.82,-1.23,0.0000,0.0000,0.0000,0
2.636,-10,11,-32,1498,1497,-0.82,-1.23,0.0000,0.0000,0.0000,0
2.654,-5,9,-32,1499,1497,-0.82,-1.23,0.0000,0.0000,0.0000,0
2.671,-2,8,-32,1500,1497,-0.82,-1.23,0.0000,0.0000,0.0000,0
2.689,0,8,-31,1500,1497,-0.82,-1.23,0.0000,0.0000,0.0000,0
2.707,3,7,-31,1500,1497,-0.82,-1.23,0.0000,0.0000,0.0000,0
2.724,5,6,-31,1501,1497,-0.82,-1.23,0.0000,0.0000,0.0000,0
2.742,7,6,-31,1501,1497,-0.82,-1.23,0.0000,0.0000,0.0000,0
2.759,9,6,-32,1501,1497,-0.82,-1.23,0.0000,0.0000,0.0000,0
2.776,11,6,-32,1502,1497,-0.82,-1.23,0.0000,0.0000,0.0000,0
2.793,13,6,-33,1502,1497,-0.90,-1.48,0.0000,0.0000,0.0000,0
2.812,13,6,-33,1502,1497,-0.90,-1.48,0.0000,0.0000,0.0000,0
2.830,15,6,-32,1503,1497,-0.90,-1.48,0.0000,0.0000,0.0000,0
2.851,16,7,-31,1503,1497,-0.90,-1.48,0.0000,0.0000,0.0000,0
2.871,18,7,-31,1503,1497,-0.90,-1.48,0.0000,0.0000,0.0000,0
2.888,20,7,-31,1504,1497,-0.90,-1.48,0.0000,0.0000,0.0000,0
2.906,23,7,-31,1504,1497,-0.90,-1.48,0.0000,0.0000,0.0000,0
2.924,24,7,-31,1504,1497,-0.90,-1.48,0.0000,0.0000,0.0000,0
2.942,25,6,-32,1505,1497,-0.90,-1.48,0.0000,0.0000,0.0000,0
2.960,26,6,-31,1505,1497,-0.90,-1.48,0.0000,0.0000,0.0000,0
2.978,26,5,-31,1505,1497,-0.90,-1.48,0.0000,0.0000,0.0000,0
2.995,27,5,-30,1505,1497,-0.90,-1.48,0.0000,0.0000,0.0000,1
3.014,27,4,-31,1505,1497,-0.90,-1.48,0.0000,0.0000,0.0000,0
0.017,28,4,-31,1505,1497,-0.90,-1.48,0.0000,0.0000,0.0000,0
0.035,29,3,-31,1505,1497,-0.13,-1.43,0.0000,0.0000,0.0000,0
0.053,30,3,-31,1506,1497,-0.13,-1.43,0.0000,0.0000,0.0000,0
0.070,31,3,-31,1506,1497,-0.13,-1.43,0.0000,0.0000,0.0000,0
0.088,32,4,-30,1506,1497,-0.13,-1.43,0.0000,0.0000,0.0000,1
0.106,34,5,-30,1506,1497,-0.13,-1.43,0.0000,0.0000,0.0000,1
0.124,34,5,-30,1506,1497,-0.13,-1.43,0.0000,0.0000,0.0000,1
0.142,37,7,-31,1507,1497,-0.13,-1.43,0.0000,0.0000,0.0000,0
0.017,39,8,-31,1507,1497,-0.13,-1.43,0.0000,0.0000,0.0000,0
0.034,40,9,-31,1508,1497,-0.13,-1.43,0.0000,0.0000,0.0000,0
0.051,43,10,-30,1508,1497,-0.13,-1.43,0.0000,0.0000,0.0000,1
0.069,44,10,-30,1508,1497,-0.13,-1.43,0.0000,0.0000,0.0000,1
0.086,46,11,-30,1509,1497,-0.13,-1.43,0.0000,0.0000,0.0000,1
0.103,47,12,-30,1509,1497,-0.13,-1.43,0.0000,0.0000,0.0000,1
0.120,49,12,-30,1509,1497,-0.13,-1.43,0.0000,0.0000,0.0000,1
0.138,50,13,-30,1510,1497,-0.30,-0.47,0.0000,0.0000,0.0000,1
0.158,52,12,-31,1515,1497,-0.30,-0.47,0.0000,0.0000,0.0000,0
0.018,53,12,-30,1515,1497,-0.30,-0.47,0.0000,0.0000,0.0000,1
0.036,55,12,-30,1516,1497,-0.30,-0.47,0.0000,0.0000,0.0000,1
0.053,56,12,-30,1516,1497,-0.30,-0.47,0.0000,0.0000,0.0000,1
0.072,57,11,-30,1517,1497,-0.30,-0.47,0.0000,0.0000,0.0000,1
0.090,57,10,-31,1517,1497,-0.30,-0.47,0.0000,0.0000,0.0000,0
0.017,59,8,-30,1517,1497,-0.30,-0.47,0.0000,0.0000,0.0000,1
0.035,59,8,-30,1517,1497,-0.30,-0.47,0.0000,0.0000,0.0000,1
0.052,60,8,-30,1518,1497,-0.30,-0.47,0.0000,0.0000,0.0000,1
0.069,60,8,-31,1518,1497,-0.30,-0.47,0.0000,0.0000,0.0000,0
0.017,60,8,-31,1518,1497,-0.30,-0.47,0.0000,0.0000,0.0000,0
0.034,61,8,-31,1518,1497,-0.30,-0.47,0.0000,0.0000,0.0000,0
0.052,62,9,-30,1518,1497,-0.30,-0.47,0.0000,0.0000,0.0000,0
0.069,63,9,-30,1518,1497,-0.03,-0.23,0.0000,0.0000,0.0000,0
0.087,64,9,-30,1519,1497,-0.03,-0.23,0.0000,0.0000,0.0000,0
0.104,65,8,-30,1519,1497,-0.03,-0.23,0.0000,0.0000,0.0000,0
0.121,65,8,-30,1519,1497,-0.03,-0.23,0.0000,0.0000,0.0000,0
0.139,66,7,-29,1519,1498,-0.03,-0.23,0.0000,0.0000,0.0000,0
0.156,67,6,-29,1520,1498,-0.03,-0.23,0.0000,0.0000,0.0000,0
0.173,68,6,-29,1520,1498,-0.03,-0.23,0.0000,0.0000,0.0000,0
0.191,69,4,-29,1520,1498,-0.03,-0.23,0.0000,0.0000,0.0000,0
0.209,70,3,-30,1521,1497,-0.03,-0.23,0.0000,0.0000,0.0000,0
0.228,71,2,-31,1521,1497,-0.03,-0.23,0.0000,0.0000,0.0000,0
0.249,72,0,-30,1521,1497,-0.03,-0.23,0.0000,0.0000,0.0000,0
0.266,73,-1,-30,1521,1497,-0.03,-0.23,0.0000,0.0000,0.0000,0
0.283,73,-2,-30,1521,1497,-0.03,-0.23,0.0000,0.0000,0.0000,0
0.301,74,-2,-30,1522,1497,-0.03,-0.23,0.0000,0.0000,0.0000,0
0.318,74,-3,-31,1522,1497,0.30,-0.41,0.0000,0.0000,0.0000,0
0.336,74,-4,-30,1522,1497,0.30,-0.41,0.0000,0.0000,0.0000,0
0.354,75,-5,-30,1522,1497,0.30,-0.41,0.0000,0.0000,0.0000,0
0.372,76,-6,-30,1522,1497,0.30,-0.41,0.0000,0.0000,0.0000,0
0.389,76,-7,-30,1522,1497,0.30,-0.41,0.0000,0.0000,0.0000,0
0.406,76,-7,-30,1522,1497,0.30,-0.41,0.0000,0.0000,0.0000,0
0.424,76,-8,-30,1522,1497,0.30,-0.41,0.0000,0.0000,0.0000,0
0.441,77,-9,-30,1523,1497,0.30,-0.41,0.0000,0.0000,0.0000,0
0.459,77,-10,-30,1523,1497,0.30,-0.41,0.0000,0.0000,0.0000,0
0.477,77,-11,-31,1523,1497,0.30,-0.41,0.0000,0.0000,0.0000,0
0.495,77,-11,-30,1523,1497,0.30,-0.41,0.0000,0.0000,0.0000,0
0.512,77,-12,-30,1523,1497,0.30,-0.41,0.0000,0.0000,0.0000,0
0.529,78,-15,-30,1523,1497,0.30,-0.41,0.0000,0.0000,0.0000,0
0.546,78,-17,-31,1523,1497,0.30,-0.41,0.0000,0.0000,0.0000,0
0.563,78,-19,-31,1523,1497,0.29,-1.14,0.0000,0.0000,0.0000,0
0.582,78,-20,-31,1523,1497,0.29,-1.14,0.0000,0.0000,0.0000,0
0.600,79,-22,-30,1523,1497,0.29,-1.14,0.0000,0.0000,0.0000,0
0.619,79,-23,-31,1523,1497,0.29,-1.14,0.0000,0.0000,0.0000,0
0.637,79,-25,-31,1523,1497,0.29,-1.14,0.0000,0.0000,0.0000,0
0.655,79,-27,-31,1523,1497,0.29,-1.14,0.0000,0.0000,0.0000,0
0.672,79,-27,-31,1523,1497,0.29,-1.14,0.0000,0.0000,0.0000,0
0.690,79,-27,-31,1523,1497,0.29,-1.14,0.0000,0.0000,0.0000,0
0.708,80,-28,-31,1524,1497,0.29,-1.14,0.0000,0.0000,0.0000,0
0.727,82,-28,-31,1524,1497,0.29,-1.14,0.0000,0.0000,0.0000,0
0.744,83,-28,-30,1524,1497,0.29,-1.14,0.0000,0.0000,0.0000,0
0.762,84,-27,-31,1525,1497,0.29,-1.14,0.0000,0.0000,0.0000,0
0.779,84,-27,-30,1525,1497,0.29,-1.14,0.0000,0.0000,0.0000,0
0.797,84,-27,-31,1525,1497,0.29,-1.14,0.0000,0.0000,0.0000,0
0.816,84,-27,-30,1525,1497,0.35,-1.20,0.0000,0.0000,0.0000,0
0.833,83,-27,-30,1524,1497,0.35,-1.20,0.0000,0.0000,0.0000,0
0.851,83,-28,-30,1524,1497,0.35,-1.20,0.0000,0.0000,0.0000,0
0.868,82,-30,-30,1524,1497,0.35,-1.20,0.0000,0.0000,0.0000,0
0.888,81,-32,-30,1524,1497,0.35,-1.20,0.0000,0.0000,0.0000,0
0.910,80,-33,-30,1524,1497,0.35,-1.20,0.0000,0.0000,0.0000,0
0.927,79,-33,-30,1523,1497,0.35,-1.20,0.0000,0.0000,0.0000,0
0.945,79,-34,-30,1523,1497,0.35,-1.20,0.0000,0.0000,0.0000,0
0.962,77,-34,-30,1523,1497,0.35,-1.20,0.0000,0.0000,0.0000,0
0.980,76,-33,-30,1522,1497,0.35,-1.20,0.0000,0.0000,0.0000,0
0.998,74,-33,-31,1522,1497,0.35,-1.20,0.0000,0.0000,0.0000,0
1.015,73,-33,-31,1521,1497,0.35,-1.20,0.0000,0.0000,0.0000,0
1.032,72,-32,-30,1521,1497,0.35,-1.20,0.0000,0.0000,0.0000,0
1.050,70,-31,-30,1521,1497,0.35,-1.20,0.0000,0.0000,0.0000,0
1.067,68,-31,-31,1520,1497,-0.02,-1.22,0.0000,0.0000,0.0000,0
1.084,66,-31,-30,1519,1497,-0.02,-1.22,0.0000,0.0000,0.0000,0
1.103,65,-30,-30,1519,1497,-0.02,-1.22,0.0000,0.0000,0.0000,0
1.124,63,-30,-30,1518,1497,-0.02,-1.22,0.0000,0.0000,0.0000,0
1.142,61,-30,-30,1518,1497,-0.02,-1.22,0.0000,0.0000,0.0000,0
1.160,59,-30,-30,1517,1497,-0.02,-1.22,0.0000,0.0000,0.0000,1
1.178,55,-31,-30,1516,1497,-0.02,-1.22,0.0000,0.0000,0.0000,1
1.196,53,-31,-30,1515,1497,-0.02,-1.22,0.0000,0.0000,0.0000,1
1.214,51,-31,-30,1515,1497,-0.02,-1.22,0.0000,0.0000,0.0000,1
1.232,49,-32,-30,1509,1497,-0.02,-1.22,0.0000,0.0000,0.0000,1
1.251,48,-32,-30,1509,1497,-0.02,-1.22,0.0000,0.0000,0.0000,1
1.268,46,-32,-30,1509,1497,-0.02,-1.22,0.0000,0.0000,0.0000,1
1.285,45,-32,-30,1509,1497,-0.02,-1.22,0.0000,0.0000,0.0000,1
1.302,44,-32,-30,1508,1497,-0.02,-1.22,0.0000,0.0000,0.0000,1
1.319,44,-31,-29,1508,1498,-0.22,-1.11,0.0000,0.0000,0.0000,1
1.342,43,-31,-30,1508,1497,-0.22,-1.11,0.0000,0.0000,0.0000,1
1.359,42,-30,-30,1508,1497,-0.22,-1.11,0.0000,0.0000,0.0000,1
1.377,41,-29,-29,1508,1498,-0.22,-1.11,0.0000,0.0000,0.0000,1
1.396,41,-29,-29,1508,1498,-0.22,-1.11,0.0000,0.0000,0.0000,1
1.414,40,-30,-30,1508,1497,-0.22,-1.11,0.0000,0.0000,0.0000,1
1.432,39,-30,-29,1507,1498,-0.22,-1.11,0.0000,0.0000,0.0000,1
1.449,38,-30,-29,1507,1498,-0.22,-1.11,0.0000,0.0000,0.0000,1
1.468,37,-30,-29,1507,1498,-0.22,-1.11,0.0000,0.0000,0.0000,1
1.485,37,-30,-29,1507,1498,-0.22,-1.11,0.0000,0.0000,0.0000,1
1.503,36,-30,-29,1507,1498,-0.22,-1.11,0.0000,0.0000,0.0000,1
1.520,35,-30,-29,1507,1498,-0.22,-1.11,0.0000,0.0000,0.0000,1
1.537,34,-30,-29,1506,1498,-0.22,-1.11,0.0000,0.0000,0.0000,1
1.555,33,-30,-29,1506,1498,-0.22,-1.11,0.0000,0.0000,0.0000,1
1.572,31,-30,-29,1506,1498,-0.75,-0.94,0.0000,0.0000,0.0000,1
1.589,30,-29,-28,1506,1498,-0.75,-0.94,0.0000,0.0000,0.0000,1
1.606,28,-30,-28,1505,1498,-0.75,-0.94,0.0000,0.0000,0.0000,1
1.624,27,-33,-28,1505,1498,-0.75,-0.94,0.0000,0.0000,0.0000,1
1.642,25,-35,-28,1505,1498,-0.75,-0.94,0.0000,0.0000,0.0000,1
1.660,21,-37,-28,1504,1498,-0.75,-0.94,0.0000,0.0000,0.0000,1
1.677,19,-38,-28,1503,1498,-0.75,-0.94,0.0000,0.0000,0.0000,1
1.696,17,-39,-28,1503,1498,-0.75,-0.94,0.0000,0.0000,0.0000,1
1.713,16,-38,-28,1503,1498,-0.75,-0.94,0.0000,0.0000,0.0000,1
1.732,16,-38,-28,1503,1498,-0.75,-0.94,0.0000,0.0000,0.0000,1
1.749,14,-37,-27,1502,1498,-0.75,-0.94,0.0000,0.0000,0.0000,1
1.767,13,-36,-27,1502,1498,-0.75,-0.94,0.0000,0.0000,0.0000,1
1.784,11,-37,-27,1502,1498,-0.75,-0.94,0.0000,0.0000,0.0000,1
1.801,10,-38,-27,1502,1498,-0.75,-0.94,0.0000,0.0000,0.0000,1
1.819,9,-38,-26,1501,1498,-0.79,-0.99,0.0000,0.0000,0.0000,1
1.836,8,-38,-27,1501,1498,-0.79,-0.99,0.0000,0.0000,0.0000,1
1.853,8,-39,-26,1501,1498,-0.79,-0.99,0.0000,0.0000,0.0000,1
1.871,8,-39,-27,1501,1498,-0.79,-0.99,0.0000,0.0000,0.0000,1
1.888,7,-39,-27,1501,1498,-0.79,-0.99,0.0000,0.0000,0.0000,1
1.906,7,-40,-26,1501,1498,-0.79,-0.99,0.0000,0.0000,0.0000,1
1.923,7,-39,-26,1501,1498,-0.79,-0.99,0.0000,0.0000,0.0000,1
1.941,7,-38,-26,1501,1498,-0.79,-0.99,0.0000,0.0000,0.0000,1
1.959,7,-38,-26,1501,1498,-0.79,-0.99,0.0000,0.0000,0.0000,1
1.976,8,-39,-27,1501,1498,-0.79,-0.99,0.0000,0.0000,0.0000,1
1.994,8,-41,-26,1501,1498,-0.79,-0.99,0.0000,0.0000,0.0000,1
2.013,8,-43,-25,1501,1498,-0.79,-0.99,0.0000,0.0000,0.0000,1
2.032,8,-42,-25,1501,1498,-0.79,-0.99,0.0000,0.0000,0.0000,1
2.050,8,-42,-26,1501,1498,-0.79,-0.99,0.0000,0.0000,0.0000,1
2.068,8,-42,-25,1501,1498,-1.66,-0.86,0.0000,0.0000,0.0000,1
2.086,8,-42,-25,1501,1498,-1.66,-0.86,0.0000,0.0000,0.0000,1
2.104,7,-41,-25,1501,1498,-1.66,-0.86,0.0000,0.0000,0.0000,1
2.121,6,-38,-25,1501,1498,-1.66,-0.86,0.0000,0.0000,0.0000,1
2.138,6,-35,-25,1501,1498,-1.66,-0.86,0.0000,0.0000,0.0000,1
2.155,6,-34,-25,1501,1498,-1.66,-0.86,0.0000,0.0000,0.0000,1
2.173,6,-32,-25,1501,1498,-1.66,-0.86,0.0000,0.0000,0.0000,1
2.190,5,-31,-24,1501,1498,-1.66,-0.86,0.0000,0.0000,0.0000,1
2.208,4,-30,-25,1500,1498,-1.66,-0.86,0.0000,0.0000,0.0000,1
2.225,3,-30,-25,1500,1498,-1.66,-0.86,0.0000,0.0000,0.0000,1
2.242,2,-30,-25,1500,1498,-1.66,-0.86,0.0000,0.0000,0.0000,1
2.260,0,-30,-24,1500,1498,-1.66,-0.86,0.0000,0.0000,0.0000,1
2.277,-2,-32,-24,1500,1498,-1.66,-0.86,0.0000,0.0000,0.0000,1
2.295,-4,-33,-24,1500,1498,-1.66,-0.86,0.0000,0.0000,0.0000,1
2.312,-5,-33,-24,1499,1498,-1.57,-0.37,0.0000,0.0000,0.0000,1
2.329,-5,-33,-24,1499,1498,-1.57,-0.37,0.0000,0.0000,0.0000,1
2.346,-8,-34,-24,1499,1498,-1.57,-0.37,0.0000,0.0000,0.0000,1
2.364,-9,-33,-24,1499,1498,-1.57,-0.37,0.0000,0.0000,0.0000,1
2.384,-10,-34,-23,1498,1498,-1.57,-0.37,0.0000,0.0000,0.0000,1
2.403,-11,-35,-23,1498,1498,-1.57,-0.37,0.0000,0.0000,0.0000,1
2.420,-13,-36,-23,1498,1498,-1.57,-0.37,0.0000,0.0000,0.0000,1
2.438,-14,-36,-23,1498,1498,-1.57,-0.37,0.0000,0.0000,0.0000,1
2.456,-15,-36,-24,1497,1498,-1.57,-0.37,0.0000,0.0000,0.0000,1
2.474,-16,-36,-23,1497,1498,-1.57,-0.37,0.0000,0.0000,0.0000,1
2.491,-17,-36,-23,1497,1498,-1.57,-0.37,0.0000,0.0000,0.0000,1
2.509,-18,-37,-23,1497,1498,-1.57,-0.37,0.0000,0.0000,0.0000,1
2.526,-20,-37,-22,1496,1498,-1.57,-0.37,0.0000,0.0000,0.0000,1
2.544,-22,-37,-22,1496,1498,-1.57,-0.37,0.0000,0.0000,0.0000,1
2.561,-24,-37,-21,1496,1498,-0.46,-0.66,0.0000,0.0000,0.0000,1
2.578,-26,-37,-21,1495,1498,-0.46,-0.66,0.0000,0.0000,0.0000,1
2.595,-28,-38,-21,1495,1498,-0.46,-0.66,0.0000,0.0000,0.0000,1
2.612,-33,-40,-22,1494,1498,-0.46,-0.66,0.0000,0.0000,0.0000,1
2.630,-35,-40,-22,1493,1498,-0.46,-0.66,0.0000,0.0000,0.0000,1
2.648,-37,-40,-22,1493,1498,-0.46,-0.66,0.0000,0.0000,0.0000,1
2.666,-39,-40,-22,1493,1498,-0.46,-0.66,0.0000,0.0000,0.0000,1
2.684,-40,-39,-22,1492,1498,-0.46,-0.66,0.0000,0.0000,0.0000,1
2.704,-41,-38,-22,1492,1498,-0.46,-0.66,0.0000,0.0000,0.0000,1
2.721,-41,-37,-22,1492,1498,-0.46,-0.66,0.0000,0.0000,0.0000,1
2.741,-41,-36,-22,1492,1498,-0.46,-0.66,0.0000,0.0000,0.0000,1
2.759,-41,-35,-21,1492,1498,-0.46,-0.66,0.0000,0.0000,0.0000,1
2.776,-41,-32,-20,1492,1498,-0.46,-0.66,0.0000,0.0000,0.0000,1
2.795,-41,-31,-20,1492,1498,-0.46,-0.66,0.0000,0.0000,0.0000,1
2.812,-40,-30,-19,1492,1499,0.08,-0.26,0.0000,0.0000,0.0000,1
2.829,-40,-28,-20,1492,1498,0.08,-0.26,0.0000,0.0000,0.0000,1
2.846,-40,-26,-19,1492,1499,0.08,-0.26,0.0000,0.0000,0.0000,1
2.864,-39,-24,-20,1493,1498,0.08,-0.26,0.0000,0.0000,0.0000,1
2.881,-39,-23,-20,1493,1498,0.08,-0.26,0.0000,0.0000,0.0000,1
2.898,-39,-21,-20,1493,1498,0.08,-0.26,0.0000,0.0000,0.0000,1
2.915,-38,-19,-20,1493,1498,0.08,-0.26,0.0000,0.0000,0.0000,1
2.933,-38,-17,-20,1493,1498,0.08,-0.26,0.0000,0.0000,0.0000,1
2.950,-38,-15,-19,1493,1499,0.08,-0.26,0.0000,0.0000,0.0000,1
2.968,-38,-13,-19,1493,1499,0.08,-0.26,0.0000,0.0000,0.0000,1
2.985,-38,-12,-19,1493,1499,0.08,-0.26,0.0000,0.0000,0.0000,1
3.004,-38,-11,-19,1493,1499,0.08,-0.26,0.0000,0.0000,0.0000,1
3.022,-39,-11,-19,1493,1499,0.08,-0.26,0.0000,0.0000,0.0000,1
3.041,-39,-10,-19,1493,1499,0.08,-0.26,0.0000,0.0000,0.0000,1
3.058,-40,-10,-19,1492,1499,-0.62,0.59,0.0000,0.0000,0.0000,1
3.075,-41,-9,-19,1492,1499,-0.62,0.59,0.0000,0.0000,0.0000,1
3.094,-41,-9,-20,1492,1498,-0.62,0.59,0.0000,0.0000,0.0000,1
3.115,-41,-10,-20,1492,1498,-0.62,0.59,0.0000,0.0000,0.0000,1
3.132,-42,-10,-20,1492,1498,-0.62,0.59,0.0000,0.0000,0.0000,1
3.151,-42,-10,-20,1492,1498,-0.62,0.59,0.0000,0.0000,0.0000,1
3.168,-41,-11,-20,1492,1498,-0.62,0.59,0.0000,0.0000,0.0000,1
3.188,-40,-12,-19,1492,1499,-0.62,0.59,0.0000,0.0000,0.0000,1
3.206,-39,-13,-20,1493,1498,-0.62,0.59,0.0000,0.0000,0.0000,1
3.223,-39,-13,-20,1493,1498,-0.62,0.59,0.0000,0.0000,0.0000,1
3.241,-37,-14,-20,1493,1498,-0.62,0.59,0.0000,0.0000,0.0000,1
3.259,-36,-14,-19,1493,1499,-0.62,0.59,0.0000,0.0000,0.0000,1
3.276,-35,-14,-19,1493,1499,-0.62,0.59,0.0000,0.0000,0.0000,1
3.295,-34,-14,-19,1494,1499,-0.62,0.59,0.0000,0.0000,0.0000,1
3.313,-33,-14,-19,1494,1499,-1.08,0.22,0.0000,0.0000,0.0000,1
3.330,-31,-14,-20,1494,1498,-1.08,0.22,0.0000,0.0000,0.0000,1
3.348,-30,-13,-20,1494,1498,-1.08,0.22,0.0000,0.0000,0.0000,1
3.375,-30,-13,-20,1494,1498,-1.08,0.22,0.0000,0.0000,0.0000,1
3.393,-27,-13,-19,1495,1499,-1.08,0.22,0.0000,0.0000,0.0000,1
3.412,-26,-13,-19,1495,1499,-1.08,0.22,0.0000,0.0000,0.0000,1
3.430,-24,-12,-19,1496,1499,-1.08,0.22,0.0000,0.0000,0.0000,1
3.447,-22,-12,-20,1496,1498,-1.08,0.22,0.0000,0.0000,0.0000,1
3.464,-19,-11,-19,1497,1499,-1.08,0.22,0.0000,0.0000,0.0000,1
3.481,-18,-11,-19,1497,1499,-1.08,0.22,0.0000,0.0000,0.0000,1
3.499,-16,-11,-20,1497,1498,-1.08,0.22,0.0000,0.0000,0.0000,1
3.516,-15,-12,-20,1497,1498,-1.08,0.22,0.0000,0.0000,0.0000,1
3.533,-14,-12,-20,1498,1498,-1.08,0.22,0.0000,0.0000,0.0000,1
3.550,-12,-12,-20,1498,1498,-1.08,0.22,0.0000,0.0000,0.0000,1
3.567,-11,-12,-21,1498,1498,-1.14,0.18,0.0000,0.0000,0.0000,1
3.584,-10,-12,-20,1498,1498,-1.14,0.18,0.0000,0.0000,0.0000,1
3.608,-9,-13,-20,1499,1498,-1.14,0.18,0.0000,0.0000,0.0000,1
3.625,-9,-13,-20,1499,1498,-1.14,0.18,0.0000,0.0000,0.0000,1
3.642,-9,-13,-21,1499,1498,-1.14,0.18,0.0000,0.0000,0.0000,1
3.659,-8,-13,-20,1499,1498,-1.14,0.18,0.0000,0.0000,0.0000,1
3.676,-8,-12,-21,1499,1498,-1.14,0.18,0.0000,0.0000,0.0000,1
3.694,-9,-13,-21,1499,1498,-1.14,0.18,0.0000,0.0000,0.0000,1
3.714,-9,-13,-21,1499,1498,-1.14,0.18,0.0000,0.0000,0.0000,1
3.732,-10,-13,-21,1498,1498,-1.14,0.18,0.0000,0.0000,0.0000,1
3.751,-11,-13,-22,1498,1498,-1.14,0.18,0.0000,0.0000,0.0000,1
3.768,-13,-14,-22,1498,1498,-1.14,0.18,0.0000,0.0000,0.0000,1
3.786,-14,-15,-22,1498,1498,-1.14,0.18,0.0000,0.0000,0.0000,1
3.803,-16,-16,-22,1497,1498,-1.26,-0.31,0.0000,0.0000,0.0000,1
3.822,-18,-16,-23,1497,1498,-1.26,-0.31,0.0000,0.0000,0.0000,1
3.841,-20,-17,-24,1496,1498,-1.26,-0.31,0.0000,0.0000,0.0000,1
3.859,-20,-17,-24,1496,1498,-1.26,-0.31,0.0000,0.0000,0.0000,1
3.877,-22,-17,-23,1496,1498,-1.26,-0.31,0.0000,0.0000,0.0000,1
3.894,-25,-18,-22,1495,1498,-1.26,-0.31,0.0000,0.0000,0.0000,1
3.912,-27,-19,-22,1495,1498,-1.26,-0.31,0.0000,0.0000,0.0000,1
3.929,-32,-21,-23,1494,1498,-1.26,-0.31,0.0000,0.0000,0.0000,1
3.946,-34,-22,-24,1494,1498,-1.26,-0.31,0.0000,0.0000,0.0000,1
3.964,-36,-24,-24,1493,1498,-1.26,-0.31,0.0000,0.0000,0.0000,1
3.982,-40,-25,-24,1493,1498,-1.26,-0.31,0.0000,0.0000,0.0000,1
4.000,-42,-25,-25,1492,1498,-1.26,-0.31,0.0000,0.0000,0.0000,1
4.018,-43,-25,-24,1492,1498,-1.26,-0.31,0.0000,0.0000,0.0000,1
4.035,-44,-26,-25,1492,1498,-1.26,-0.31,0.0000,0.0000,0.0000,1
4.052,-45,-25,-25,1491,1498,-1.26,-0.31,0.0000,0.0000,0.0000,1
4.069,-47,-25,-25,1491,1498,-0.87,-0.95,0.0000,0.0000,0.0000,1
4.086,-47,-24,-25,1491,1498,-0.87,-0.95,0.0000,0.0000,0.0000,1
4.104,-47,-24,-25,1491,1498,-0.87,-0.95,0.0000,0.0000,0.0000,1
4.122,-48,-24,-25,1491,1498,-0.87,-0.95,0.0000,0.0000,0.0000,1
4.139,-48,-23,-25,1491,1498,-0.87,-0.95,0.0000,0.0000,0.0000,1
4.156,-49,-22,-26,1491,1498,-0.87,-0.95,0.0000,0.0000,0.0000,1
4.173,-50,-21,-25,1490,1498,-0.87,-0.95,0.0000,0.0000,0.0000,1
4.190,-50,-21,-25,1490,1498,-0.87,-0.95,0.0000,0.0000,0.0000,1
4.209,-51,-20,-24,1485,1498,-0.87,-0.95,0.0000,0.0000,0.0000,1
4.226,-51,-20,-24,1485,1498,-0.87,-0.95,0.0000,0.0000,0.0000,1
4.243,-51,-20,-25,1485,1498,-0.87,-0.95,0.0000,0.0000,0.0000,1
4.260,-51,-21,-25,1485,1498,-0.87,-0.95,0.0000,0.0000,0.0000,1
4.277,-51,-20,-26,1485,1498,-0.87,-0.95,0.0000,0.0000,0.0000,1
4.294,-50,-20,-26,1490,1498,-0.87,-0.95,0.0000,0.0000,0.0000,1
4.311,-50,-20,-26,1490,1498,-0.68,-0.83,0.0000,0.0000,0.0000,1
4.330,-50,-20,-27,1490,1498,-0.68,-0.83,0.0000,0.0000,0.0000,1
4.348,-50,-20,-26,1490,1498,-0.68,-0.83,0.0000,0.0000,0.0000,1
4.366,-49,-19,-26,1491,1498,-0.68,-0.83,0.0000,0.0000,0.0000,1
4.384,-49,-19,-26,1491,1498,-0.68,-0.83,0.0000,0.0000,0.0000,1
4.401,-48,-19,-26,1491,1498,-0.68,-0.83,0.0000,0.0000,0.0000,1
4.420,-48,-18,-26,1491,1498,-0.68,-0.83,0.0000,0.0000,0.0000,1
4.438,-47,-18,-26,1491,1498,-0.68,-0.83,0.0000,0.0000,0.0000,1
4.456,-47,-17,-26,1491,1498,-0.68,-0.83,0.0000,0.0000,0.0000,1
4.473,-47,-16,-27,1491,1498,-0.68,-0.83,0.0000,0.0000,0.0000,1
4.492,-47,-15,-28,1491,1498,-0.68,-0.83,0.0000,0.0000,0.0000,1
4.509,-48,-15,-28,1491,1498,-0.68,-0.83,0.0000,0.0000,0.0000,1
4.526,-48,-15,-28,1491,1498,-0.68,-0.83,0.0000,0.0000,0.0000,1
4.544,-48,-14,-27,1491,1498,-0.68,-0.83,0.0000,0.0000,0.0000,1
4.561,-48,-14,-27,1491,1498,-0.47,-0.56,0.0000,0.0000,0.0000,1
4.584,-48,-13,-27,1491,1498,-0.47,-0.56,0.0000,0.0000,0.0000,1
4.601,-48,-13,-27,1491,1498,-0.47,-0.56,0.0000,0.0000,0.0000,1
4.619,-48,-12,-28,1491,1498,-0.47,-0.56,0.0000,0.0000,0.0000,1
4.640,-48,-12,-29,1491,1498,-0.47,-0.56,0.0000,0.0000,0.0000,1
4.658,-47,-11,-28,1491,1498,-0.47,-0.56,0.0000,0.0000,0.0000,1
4.675,-47,-10,-27,1491,1498,-0.47,-0.56,0.0000,0.0000,0.0000,1
4.693,-46,-10,-28,1491,1498,-0.47,-0.56,0.0000,0.0000,0.0000,1
4.711,-46,-10,-29,1491,1498,-0.47,-0.56,0.0000,0.0000,0.0000,1
4.728,-45,-9,-28,1491,1498,-0.47,-0.56,0.0000,0.0000,0.0000,1
4.746,-44,-9,-28,1492,1498,-0.47,-0.56,0.0000,0.0000,0.0000,1
4.763,-43,-9,-28,1492,1498,-0.47,-0.56,0.0000,0.0000,0.0000,1
4.781,-42,-9,-28,1492,1498,-0.47,-0.56,0.0000,0.0000,0.0000,1
4.798,-41,-9,-28,1492,1498,-0.47,-0.56,0.0000,0.0000,0.0000,1
4.817,-39,-9,-28,1493,1498,-0.61,-0.43,0.0000,0.0000,0.0000,1
4.835,-38,-9,-28,1493,1498,-0.61,-0.43,0.0000,0.0000,0.0000,1
4.852,-36,-9,-29,1493,1498,-0.61,-0.43,0.0000,0.0000,0.0000,1
4.871,-35,-9,-29,1493,1498,-0.61,-0.43,0.0000,0.0000,0.0000,1
4.890,-34,-9,-29,1494,1498,-0.61,-0.43,0.0000,0.0000,0.0000,1
4.908,-30,-9,-29,1494,1498,-0.61,-0.43,0.0000,0.0000,0.0000,1
4.926,-28,-9,-30,1495,1497,-0.61,-0.43,0.0000,0.0000,0.0000,1
4.943,-26,-8,-30,1495,1497,-0.61,-0.43,0.0000,0.0000,0.0000,1
4.961,-24,-8,-30,1496,1497,-0.61,-0.43,0.0000,0.0000,0.0000,1
4.978,-22,-7,-29,1496,1498,-0.61,-0.43,0.0000,0.0000,0.0000,1
4.996,-19,-7,-29,1497,1498,-0.61,-0.43,0.0000,0.0000,0.0000,1
5.013,-17,-6,-30,1497,1497,-0.61,-0.43,0.0000,0.0000,0.0000,1
5.030,-14,-6,-31,1498,1497,-0.61,-0.43,0.0000,0.0000,0.0000,0
0.017,-12,-5,-32,1498,1497,-0.61,-0.43,0.0000,0.0000,0.0000,0
0.034,-9,-5,-31,1499,1497,0.20,-0.43,0.0000,0.0000,0.0000,0
0.051,-6,-6,-31,1499,1497,0.20,-0.43,0.0000,0.0000,0.0000,0
0.069,-3,-7,-31,1500,1497,0.20,-0.43,0.0000,0.0000,0.0000,0
0.086,-1,-7,-30,1500,1497,0.20,-0.43,0.0000,0.0000,0.0000,1
0.105,2,-8,-30,1500,1497,0.20,-0.43,0.0000,0.0000,0.0000,1
0.125,4,-9,-31,1500,1497,0.20,-0.43,0.0000,0.0000,0.0000,0
0.018,9,-12,-32,1501,1497,0.20,-0.43,0.0000,0.0000,0.0000,0
0.037,11,-14,-31,1502,1497,0.20,-0.43,0.0000,0.0000,0.0000,0
0.054,11,-14,-31,1502,1497,0.20,-0.43,0.0000,0.0000,0.0000,0
0.072,15,-16,-32,1503,1497,0.20,-0.43,0.0000,0.0000,0.0000,0
0.090,17,-18,-31,1503,1497,0.20,-0.43,0.0000,0.0000,0.0000,0
0.108,18,-18,-31,1503,1497,0.20,-0.43,0.0000,0.0000,0.0000,0
0.126,20,-19,-32,1504,1497,0.20,-0.43,0.0000,0.0000,0.0000,0
0.144,21,-19,-32,1504,1497,0.20,-0.43,0.0000,0.0000,0.0000,0
0.161,23,-19,-31,1504,1497,0.86,-1.16,0.0000,0.0000,0.0000,0
0.179,25,-19,-31,1505,1497,0.86,-1.16,0.0000,0.0000,0.0000,0
0.196,26,-19,-32,1505,1497,0.86,-1.16,0.0000,0.0000,0.0000,0
0.214,27,-19,-31,1505,1497,0.86,-1.16,0.0000,0.0000,0.0000,0
0.233,28,-19,-31,1505,1497,0.86,-1.16,0.0000,0.0000,0.0000,0
0.252,30,-19,-32,1506,1497,0.86,-1.16,0.0000,0.0000,0.0000,0
0.270,30,-19,-32,1506,1497,0.86,-1.16,0.0000,0.0000,0.0000,0
0.287,31,-19,-32,1506,1497,0.86,-1.16,0.0000,0.0000,0.0000,0
0.305,32,-19,-32,1506,1497,0.86,-1.16,0.0000,0.0000,0.0000,0
0.324,34,-19,-32,1506,1497,0.86,-1.16,0.0000,0.0000,0.0000,0
0.345,35,-19,-33,1507,1497,0.86,-1.16,0.0000,0.0000,0.0000,0
0.362,36,-19,-33,1507,1497,0.86,-1.16,0.0000,0.0000,0.0000,0
0.379,37,-19,-33,1507,1497,0.86,-1.16,0.0000,0.0000,0.0000,0
0.398,38,-18,-33,1507,1497,0.87,-0.90,0.0000,0.0000,0.0000,0
0.416,39,-18,-33,1507,1497,0.87,-0.90,0.0000,0.0000,0.0000,0
0.433,40,-18,-33,1508,1497,0.87,-0.90,0.0000,0.0000,0.0000,0
0.451,41,-18,-33,1508,1497,0.87,-0.90,0.0000,0.0000,0.0000,0
0.468,42,-19,-34,1508,1497,0.87,-0.90,0.0000,0.0000,0.0000,0
0.485,43,-19,-33,1508,1497,0.87,-0.90,0.0000,0.0000,0.0000,0
0.502,44,-18,-33,1508,1497,0.87,-0.90,0.0000,0.0000,0.0000,0
0.523,47,-18,-33,1509,1497,0.87,-0.90,0.0000,0.0000,0.0000,0
0.545,47,-18,-33,1509,1497,0.87,-0.90,0.0000,0.0000,0.0000,0
0.563,48,-18,-34,1509,1497,0.87,-0.90,0.0000,0.0000,0.0000,0
0.580,50,-17,-34,1510,1497,0.87,-0.90,0.0000,0.0000,0.0000,0
0.598,52,-17,-34,1515,1497,0.87,-0.90,0.0000,0.0000,0.0000,0
0.615,54,-16,-34,1516,1497,0.87,-0.90,0.0000,0.0000,0.0000,0
0.632,57,-13,-33,1517,1497,0.87,-0.90,0.0000,0.0000,0.0000,0
0.650,59,-11,-35,1517,1497,0.90,-0.46,0.0000,0.0000,0.0000,0
0.667,61,-10,-35,1518,1497,0.90,-0.46,0.0000,0.0000,0.0000,0
0.684,63,-9,-34,1518,1497,0.90,-0.46,0.0000,0.0000,0.0000,0
0.701,64,-9,-34,1519,1497,0.90,-0.46,0.0000,0.0000,0.0000,0
0.719,66,-8,-34,1519,1497,0.90,-0.46,0.0000,0.0000,0.0000,0
0.741,67,-7,-33,1520,1497,0.90,-0.46,0.0000,0.0000,0.0000,0
0.759,69,-7,-34,1520,1497,0.90,-0.46,0.0000,0.0000,0.0000,0
0.776,70,-7,-34,1521,1497,0.90,-0.46,0.0000,0.0000,0.0000,0
0.793,71,-7,-34,1521,1497,0.90,-0.46,0.0000,0.0000,0.0000,0
0.812,71,-7,-34,1521,1497,0.90,-0.46,0.0000,0.0000,0.0000,0
0.829,72,-7,-34,1521,1497,0.90,-0.46,0.0000,0.0000,0.0000,0
0.846,72,-7,-34,1521,1497,0.90,-0.46,0.0000,0.0000,0.0000,0
0.864,73,-7,-34,1521,1497,0.90,-0.46,0.0000,0.0000,0.0000,0
0.882,73,-8,-34,1521,1497,0.90,-0.46,0.0000,0.0000,0.0000,0
0.900,74,-9,-34,1522,1497,0.78,-0.57,0.0000,0.0000,0.0000,0
0.917,74,-10,-34,1522,1497,0.78,-0.57,0.0000,0.0000,0.0000,0
0.935,74,-12,-35,1522,1497,0.78,-0.57,0.0000,0.0000,0.0000,0
0.952,75,-14,-34,1522,1497,0.78,-0.57,0.0000,0.0000,0.0000,0
0.970,75,-15,-34,1522,1497,0.78,-0.57,0.0000,0.0000,0.0000,0
0.987,76,-16,-34,1522,1497,0.78,-0.57,0.0000,0.0000,0.0000,0
1.005,76,-19,-34,1522,1497,0.78,-0.57,0.0000,0.0000,0.0000,0
1.023,76,-19,-35,1522,1497,0.78,-0.57,0.0000,0.0000,0.0000,0
1.040,76,-19,-35,1522,1497,0.78,-0.57,0.0000,0.0000,0.0000,0
1.058,76,-19,-34,1522,1497,0.78,-0.57,0.0000,0.0000,0.0000,0
1.076,76,-20,-35,1522,1497,0.78,-0.57,0.0000,0.0000,0.0000,0
1.094,75,-20,-35,1522,1497,0.78,-0.57,0.0000,0.0000,0.0000,0
1.112,75,-20,-34,1522,1497,0.78,-0.57,0.0000,0.0000,0.0000,0
1.129,74,-22,-35,1522,1497,0.78,-0.57,0.0000,0.0000,0.0000,0
1.147,72,-23,-36,1521,1497,0.42,-1.12,0.0000,0.0000,0.0000,0
1.164,70,-23,-35,1521,1497,0.42,-1.12,0.0000,0.0000,0.0000,0
1.182,69,-23,-35,1520,1497,0.42,-1.12,0.0000,0.0000,0.0000,0
1.201,66,-23,-35,1519,1497,0.42,-1.12,0.0000,0.0000,0.0000,0
1.218,65,-24,-35,1519,1497,0.42,-1.12,0.0000,0.0000,0.0000,0
1.236,60,-25,-36,1518,1497,0.42,-1.12,0.0000,0.0000,0.0000,0
1.254,60,-25,-36,1518,1497,0.42,-1.12,0.0000,0.0000,0.0000,0
1.271,56,-26,-35,1516,1497,0.42,-1.12,0.0000,0.0000,0.0000,0
1.289,54,-27,-35,1516,1497,0.42,-1.12,0.0000,0.0000,0.0000,0
1.306,52,-27,-35,1515,1497,0.42,-1.12,0.0000,0.0000,0.0000,0
1.324,50,-26,-36,1510,1497,0.42,-1.12,0.0000,0.0000,0.0000,0
1.342,48,-26,-35,1509,1497,0.42,-1.12,0.0000,0.0000,0.0000,0
1.360,45,-26,-35,1509,1497,0.42,-1.12,0.0000,0.0000,0.0000,0
1.378,43,-27,-36,1508,1497,0.42,-1.12,0.0000,0.0000,0.0000,0
1.395,41,-27,-36,1508,1497,0.06,-1.55,0.0000,0.0000,0.0000,0
1.414,39,-27,-35,1507,1497,0.06,-1.55,0.0000,0.0000,0.0000,0
1.432,37,-26,-35,1507,1497,0.06,-1.55,0.0000,0.0000,0.0000,0
1.449,35,-27,-36,1507,1497,0.06,-1.55,0.0000,0.0000,0.0000,0
1.467,33,-27,-36,1506,1497,0.06,-1.55,0.0000,0.0000,0.0000,0
1.486,30,-27,-36,1506,1497,0.06,-1.55,0.0000,0.0000,0.0000,0
1.504,25,-27,-36,1505,1497,0.06,-1.55,0.0000,0.0000,0.0000,0
1.521,23,-28,-36,1504,1497,0.06,-1.55,0.0000,0.0000,0.0000,0
1.539,20,-28,-36,1504,1497,0.06,-1.55,0.0000,0.0000,0.0000,0
1.557,17,-28,-36,1503,1497,0.06,-1.55,0.0000,0.0000,0.0000,0
1.575,14,-28,-36,1502,1497,0.06,-1.55,0.0000,0.0000,0.0000,0
1.595,11,-29,-37,1502,1497,0.06,-1.55,0.0000,0.0000,0.0000,0
1.612,9,-29,-37,1501,1497,0.06,-1.55,0.0000,0.0000,0.0000,0
1.630,6,-29,-36,1501,1497,0.06,-1.55,0.0000,0.0000,0.0000,0
1.647,4,-29,-35,1500,1497,-0.64,-1.93,0.0000,0.0000,0.0000,0
1.666,2,-29,-35,1500,1497,-0.64,-1.93,0.0000,0.0000,0.0000,0
1.684,0,-28,-35,1500,1497,-0.64,-1.93,0.0000,0.0000,0.0000,0
1.702,-2,-27,-36,1500,1497,-0.64,-1.93,0.0000,0.0000,0.0000,0
1.719,-4,-27,-36,1500,1497,-0.64,-1.93,0.0000,0.0000,0.0000,0
1.737,-6,-25,-34,1499,1497,-0.64,-1.93,0.0000,0.0000,0.0000,0
1.755,-7,-25,-35,1499,1497,-0.64,-1.93,0.0000,0.0000,0.0000,0
1.773,-7,-24,-35,1499,1497,-0.64,-1.93,0.0000,0.0000,0.0000,0
1.790,-8,-23,-36,1499,1497,-0.64,-1.93,0.0000,0.0000,0.0000,0
1.807,-8,-22,-36,1499,1497,-0.64,-1.93,0.0000,0.0000,0.0000,0
1.825,-9,-21,-35,1499,1497,-0.64,-1.93,0.0000,0.0000,0.0000,0
1.842,-9,-20,-35,1499,1497,-0.64,-1.93,0.0000,0.0000,0.0000,0
1.859,-9,-18,-35,1499,1497,-0.64,-1.93,0.0000,0.0000,0.0000,0
1.877,-9,-17,-35,1499,1497,-0.64,-1.93,0.0000,0.0000,0.0000,0
1.895,-9,-15,-35,1499,1497,-1.29,-1.30,0.0000,0.0000,0.0000,0
1.912,-9,-14,-35,1499,1497,-1.29,-1.30,0.0000,0.0000,0.0000,0
1.933,-9,-13,-34,1499,1497,-1.29,-1.30,0.0000,0.0000,0.0000,0
1.951,-10,-12,-34,1498,1497,-1.29,-1.30,0.0000,0.0000,0.0000,0
1.970,-10,-11,-35,1498,1497,-1.29,-1.30,0.0000,0.0000,0.0000,0
1.987,-10,-10,-35,1498,1497,-1.29,-1.30,0.0000,0.0000,0.0000,0
2.005,-11,-9,-35,1498,1497,-1.29,-1.30,0.0000,0.0000,0.0000,0
2.023,-11,-8,-34,1498,1497,-1.29,-1.30,0.0000,0.0000,0.0000,0
2.040,-12,-7,-34,1498,1497,-1.29,-1.30,0.0000,0.0000,0.0000,0
2.058,-12,-7,-34,1498,1497,-1.29,-1.30,0.0000,0.0000,0.0000,0
2.076,-14,-8,-34,1498,1497,-1.29,-1.30,0.0000,0.0000,0.0000,0
2.093,-15,-7,-35,1497,1497,-1.29,-1.30,0.0000,0.0000,0.0000,0
2.111,-15,-7,-35,1497,1497,-1.29,-1.30,0.0000,0.0000,0.0000,0
2.128,-16,-7,-34,1497,1497,-1.29,-1.30,0.0000,0.0000,0.0000,0
2.146,-17,-7,-34,1497,1497,-1.34,-1.27,0.0000,0.0000,0.0000,0
2.163,-18,-8,-35,1497,1497,-1.34,-1.27,0.0000,0.0000,0.0000,0
2.181,-19,-7,-34,1497,1497,-1.34,-1.27,0.0000,0.0000,0.0000,0
2.199,-19,-7,-34,1497,1497,-1.34,-1.27,0.0000,0.0000,0.0000,0
2.217,-20,-5,-34,1496,1497,-1.34,-1.27,0.0000,0.0000,0.0000,0
2.237,-20,-5,-35,1496,1497,-1.34,-1.27,0.0000,0.0000,0.0000,0
2.255,-20,-3,-34,1496,1497,-1.34,-1.27,0.0000,0.0000,0.0000,0
2.273,-21,-2,-34,1496,1497,-1.34,-1.27,0.0000,0.0000,0.0000,0
2.291,-21,-2,-35,1496,1497,-1.34,-1.27,0.0000,0.0000,0.0000,0
2.309,-21,-1,-35,1496,1497,-1.34,-1.27,0.0000,0.0000,0.0000,0
2.327,-21,-1,-34,1496,1497,-1.34,-1.27,0.0000,0.0000,0.0000,0
2.345,-21,-3,-34,1496,1497,-1.34,-1.27,0.0000,0.0000,0.0000,0
2.362,-22,-3,-34,1496,1497,-1.34,-1.27,0.0000,0.0000,0.0000,0
2.379,-23,-4,-34,1496,1497,-1.34,-1.27,0.0000,0.0000,0.0000,0
2.401,-24,-3,-35,1496,1497,-1.29,-1.57,0.0000,0.0000,0.0000,0
2.418,-24,-3,-34,1496,1497,-1.29,-1.57,0.0000,0.0000,0.0000,0
2.435,-24,-3,-34,1496,1497,-1.29,-1.57,0.0000,0.0000,0.0000,0
2.452,-25,-2,-35,1495,1497,-1.29,-1.57,0.0000,0.0000,0.0000,0
2.471,-26,-1,-35,1495,1497,-1.29,-1.57,0.0000,0.0000,0.0000,0
2.489,-26,-1,-34,1495,1497,-1.29,-1.57,0.0000,0.0000,0.0000,0
2.508,-26,-3,-34,1495,1497,-1.29,-1.57,0.0000,0.0000,0.0000,0
2.526,-27,-5,-34,1495,1497,-1.29,-1.57,0.0000,0.0000,0.0000,0
2.544,-27,-5,-34,1495,1497,-1.29,-1.57,0.0000,0.0000,0.0000,0
2.561,-28,-7,-34,1495,1497,-1.29,-1.57,0.0000,0.0000,0.0000,0
2.580,-29,-7,-34,1495,1497,-1.29,-1.57,0.0000,0.0000,0.0000,0
2.597,-29,-9,-34,1495,1497,-1.29,-1.57,0.0000,0.0000,0.0000,0
2.615,-30,-10,-35,1494,1497,-1.29,-1.57,0.0000,0.0000,0.0000,0
2.633,-32,-12,-35,1494,1497,-1.29,-1.57,0.0000,0.0000,0.0000,0
2.650,-32,-12,-35,1494,1497,-1.13,-1.30,0.0000,0.0000,0.0000,0
2.668,-32,-11,-34,1494,1497,-1.13,-1.30,0.0000,0.0000,0.0000,0
2.686,-32,-11,-35,1494,1497,-1.13,-1.30,0.0000,0.0000,0.0000,0
2.704,-32,-12,-34,1494,1497,-1.13,-1.30,0.0000,0.0000,0.0000,0
2.722,-32,-11,-34,1494,1497,-1.13,-1.30,0.0000,0.0000,0.0000,0
2.739,-31,-12,-35,1494,1497,-1.13,-1.30,0.0000,0.0000,0.0000,0
2.757,-31,-13,-34,1494,1497,-1.13,-1.30,0.0000,0.0000,0.0000,0
2.774,-31,-12,-35,1494,1497,-1.13,-1.30,0.0000,0.0000,0.0000,0
2.791,-31,-12,-34,1494,1497,-1.13,-1.30,0.0000,0.0000,0.0000,0
2.808,-31,-12,-34,1494,1497,-1.13,-1.30,0.0000,0.0000,0.0000,0
2.825,-32,-11,-35,1494,1497,-1.13,-1.30,0.0000,0.0000,0.0000,0
2.843,-33,-10,-34,1494,1497,-1.13,-1.30,0.0000,0.0000,0.0000,0
2.860,-34,-9,-35,1494,1497,-1.13,-1.30,0.0000,0.0000,0.0000,0
2.877,-35,-8,-34,1493,1497,-1.13,-1.30,0.0000,0.0000,0.0000,0
2.896,-35,-8,-34,1493,1497,-0.74,-1.12,0.0000,0.0000,0.0000,0
2.914,-35,-9,-34,1493,1497,-0.74,-1.12,0.0000,0.0000,0.0000,0
2.932,-36,-8,-34,1493,1497,-0.74,-1.12,0.0000,0.0000,0.0000,0
2.950,-37,-7,-34,1493,1497,-0.74,-1.12,0.0000,0.0000,0.0000,0
2.967,-37,-6,-34,1493,1497,-0.74,-1.12,0.0000,0.0000,0.0000,0
2.986,-38,-5,-34,1493,1497,-0.74,-1.12,0.0000,0.0000,0.0000,0
3.005,-38,-5,-34,1493,1497,-0.74,-1.12,0.0000,0.0000,0.0000,0
3.022,-39,-5,-34,1493,1497,-0.74,-1.12,0.0000,0.0000,0.0000,0
3.040,-39,-7,-33,1493,1497,-0.74,-1.12,0.0000,0.0000,0.0000,0
3.057,-40,-8,-34,1492,1497,-0.74,-1.12,0.0000,0.0000,0.0000,0
3.074,-41,-9,-34,1492,1497,-0.74,-1.12,0.0000,0.0000,0.0000,0
3.092,-42,-10,-34,1492,1497,-0.74,-1.12,0.0000,0.0000,0.0000,0
3.109,-43,-12,-34,1492,1497,-0.74,-1.12,0.0000,0.0000,0.0000,0
3.127,-44,-14,-34,1492,1497,-0.74,-1.12,0.0000,0.0000,0.0000,0
3.145,-45,-16,-34,1491,1497,-0.91,-1.35,0.0000,0.0000,0.0000,0
3.162,-48,-17,-34,1491,1497,-0.91,-1.35,0.0000,0.0000,0.0000,0
3.180,-49,-18,-34,1491,1497,-0.91,-1.35,0.0000,0.0000,0.0000,0
3.198,-52,-20,-35,1485,1497,-0.91,-1.35,0.0000,0.0000,0.0000,0
3.215,-52,-20,-35,1485,1497,-0.91,-1.35,0.0000,0.0000,0.0000,0
3.233,-56,-20,-34,1484,1497,-0.91,-1.35,0.0000,0.0000,0.0000,0
3.251,-58,-20,-34,1483,1497,-0.91,-1.35,0.0000,0.0000,0.0000,0
3.271,-60,-20,-34,1482,1497,-0.91,-1.35,0.0000,0.0000,0.0000,0
3.289,-61,-19,-34,1482,1497,-0.91,-1.35,0.0000,0.0000,0.0000,0
3.307,-65,-16,-34,1481,1497,-0.91,-1.35,0.0000,0.0000,0.0000,0
3.325,-67,-14,-34,1480,1497,-0.91,-1.35,0.0000,0.0000,0.0000,0
3.343,-68,-14,-34,1480,1497,-0.91,-1.35,0.0000,0.0000,0.0000,0
3.361,-69,-13,-34,1480,1497,-0.91,-1.35,0.0000,0.0000,0.0000,0
3.379,-70,-11,-34,1479,1497,-0.91,-1.35,0.0000,0.0000,0.0000,0
3.396,-71,-10,-34,1479,1497,-0.54,-1.03,0.0000,0.0000,0.0000,0
3.416,-72,-11,-34,1479,1497,-0.54,-1.03,0.0000,0.0000,0.0000,0
3.435,-73,-10,-34,1479,1497,-0.54,-1.03,0.0000,0.0000,0.0000,0
3.454,-74,-9,-34,1478,1497,-0.54,-1.03,0.0000,0.0000,0.0000,0
3.479,-75,-8,-34,1478,1497,-0.54,-1.03,0.0000,0.0000,0.0000,0
3.496,-75,-8,-35,1478,1497,-0.54,-1.03,0.0000,0.0000,0.0000,0
3.514,-76,-6,-34,1478,1497,-0.54,-1.03,0.0000,0.0000,0.0000,0
3.532,-76,-5,-33,1478,1497,-0.54,-1.03,0.0000,0.0000,0.0000,0
3.549,-77,-4,-33,1477,1497,-0.54,-1.03,0.0000,0.0000,0.0000,0
3.567,-77,-4,-33,1477,1497,-0.54,-1.03,0.0000,0.0000,0.0000,0
3.585,-77,-4,-33,1477,1497,-0.54,-1.03,0.0000,0.0000,0.0000,0
3.602,-78,-4,-33,1477,1497,-0.54,-1.03,0.0000,0.0000,0.0000,0
3.619,-78,-3,-33,1477,1497,-0.54,-1.03,0.0000,0.0000,0.0000,0
3.637,-78,-3,-33,1477,1497,-0.54,-1.03,0.0000,0.0000,0.0000,0
3.657,-78,-3,-33,1477,1497,-0.05,-0.85,0.0000,0.0000,0.0000,0
3.674,-79,-3,-33,1477,1497,-0.05,-0.85,0.0000,0.0000,0.0000,0
3.692,-79,-3,-33,1477,1497,-0.05,-0.85,0.0000,0.0000,0.0000,0
3.710,-79,-3,-33,1477,1497,-0.05,-0.85,0.0000,0.0000,0.0000,0
3.730,-80,-2,-33,1476,1497,-0.05,-0.85,0.0000,0.0000,0.0000,0
3.748,-80,-1,-33,1476,1497,-0.05,-0.85,0.0000,0.0000,0.0000,0
3.765,-81,-1,-32,1476,1497,-0.05,-0.85,0.0000,0.0000,0.0000,0
3.783,-83,-3,-33,1476,1497,-0.05,-0.85,0.0000,0.0000,0.0000,0
3.801,-83,-3,-33,1476,1497,-0.05,-0.85,0.0000,0.0000,0.0000,0
3.819,-85,-4,-32,1475,1497,-0.05,-0.85,0.0000,0.0000,0.0000,0
3.836,-86,-5,-32,1475,1497,-0.05,-0.85,0.0000,0.0000,0.0000,0
3.854,-87,-5,-32,1474,1497,-0.05,-0.85,0.0000,0.0000,0.0000,0
3.871,-87,-6,-33,1474,1497,-0.05,-0.85,0.0000,0.0000,0.0000,0
3.893,-88,-7,-33,1474,1497,-0.07,-1.15,0.0000,0.0000,0.0000,0
3.910,-89,-7,-32,1474,1497,-0.07,-1.15,0.0000,0.0000,0.0000,0
3.932,-90,-8,-32,1473,1497,-0.07,-1.15,0.0000,0.0000,0.0000,0
3.954,-91,-8,-32,1473,1497,-0.07,-1.15,0.0000,0.0000,0.0000,0
3.971,-91,-9,-32,1473,1497,-0.07,-1.15,0.0000,0.0000,0.0000,0
3.989,-92,-9,-33,1473,1497,-0.07,-1.15,0.0000,0.0000,0.0000,0
4.007,-95,-9,-33,1472,1497,-0.07,-1.15,0.0000,0.0000,0.0000,0
4.024,-96,-9,-32,1472,1497,-0.07,-1.15,0.0000,0.0000,0.0000,0
4.041,-97,-9,-32,1471,1497,-0.07,-1.15,0.0000,0.0000,0.0000,0
4.059,-98,-9,-32,1471,1497,-0.07,-1.15,0.0000,0.0000,0.0000,0
4.077,-99,-10,-32,1471,1497,-0.07,-1.15,0.0000,0.0000,0.0000,0
4.096,-101,-11,-31,1470,1497,-0.07,-1.15,0.0000,0.0000,0.0000,0
4.117,-102,-11,-31,1470,1497,-0.07,-1.15,0.0000,0.0000,0.0000,0
4.135,-103,-12,-32,1470,1497,-0.07,-1.15,0.0000,0.0000,0.0000,0
4.153,-103,-12,-32,1470,1497,0.19,-1.64,0.0000,0.0000,0.0000,0
4.170,-104,-13,-32,1470,1497,0.19,-1.64,0.0000,0.0000,0.0000,0
4.188,-105,-13,-31,1470,1497,0.19,-1.64,0.0000,0.0000,0.0000,0
4.206,-107,-14,-32,1470,1497,0.19,-1.64,0.0000,0.0000,0.0000,0
4.225,-107,-14,-31,1470,1497,0.19,-1.64,0.0000,0.0000,0.0000,0
4.244,-108,-14,-31,1470,1497,0.19,-1.64,0.0000,0.0000,0.0000,0
4.261,-109,-14,-31,1470,1497,0.19,-1.64,0.0000,0.0000,0.0000,0
4.278,-109,-13,-32,1470,1497,0.19,-1.64,0.0000,0.0000,0.0000,0
4.297,-111,-13,-31,1470,1497,0.19,-1.64,0.0000,0.0000,0.0000,0
4.315,-112,-13,-31,1470,1497,0.19,-1.64,0.0000,0.0000,0.0000,0
4.332,-113,-12,-31,1470,1497,0.19,-1.64,0.0000,0.0000,0.0000,0
4.350,-114,-12,-32,1470,1497,0.19,-1.64,0.0000,0.0000,0.0000,0
4.367,-115,-12,-31,1470,1497,0.19,-1.64,0.0000,0.0000,0.0000,0
4.386,-115,-12,-31,1470,1497,0.19,-1.64,0.0000,0.0000,0.0000,0
4.403,-117,-12,-31,1470,1497,-0.92,-1.55,0.0000,0.0000,0.0000,0
4.422,-118,-12,-31,1470,1497,-0.92,-1.55,0.0000,0.0000,0.0000,0
4.439,-120,-11,-31,1470,1497,-0.92,-1.55,0.0000,0.0000,0.0000,0
4.456,-122,-11,-31,1470,1497,-0.92,-1.55,0.0000,0.0000,0.0000,0
4.473,-126,-10,-31,1470,1497,-0.92,-1.55,0.0000,0.0000,0.0000,0
4.491,-128,-10,-31,1470,1497,-0.92,-1.55,0.0000,0.0000,0.0000,0
4.508,-131,-10,-31,1470,1497,-0.92,-1.55,0.0000,0.0000,0.0000,0
4.525,-133,-10,-31,1470,1497,-0.92,-1.55,0.0000,0.0000,0.0000,0
4.543,-136,-10,-30,1470,1497,-0.92,-1.55,0.0000,0.0000,0.0000,0
4.560,-138,-9,-31,1470,1497,-0.92,-1.55,0.0000,0.0000,0.0000,0
4.577,-140,-9,-31,1470,1497,-0.92,-1.55,0.0000,0.0000,0.0000,0
4.594,-142,-10,-31,1470,1497,-0.92,-1.55,0.0000,0.0000,0.0000,0
4.612,-144,-10,-30,1470,1497,-0.92,-1.55,0.0000,0.0000,0.0000,0
4.629,-146,-10,-30,1470,1497,-0.92,-1.55,0.0000,0.0000,0.0000,0
4.647,-148,-10,-30,1470,1497,-1.90,-1.30,0.0000,0.0000,0.0000,0
4.665,-150,-11,-30,1470,1497,-1.90,-1.30,0.0000,0.0000,0.0000,0
4.683,-152,-11,-29,1470,1498,-1.90,-1.30,0.0000,0.0000,0.0000,0
4.701,-155,-11,-29,1470,1498,-1.90,-1.30,0.0000,0.0000,0.0000,0
4.721,-156,-11,-29,1470,1498,-1.90,-1.30,0.0000,0.0000,0.0000,0
4.738,-158,-12,-29,1470,1498,-1.90,-1.30,0.0000,0.0000,0.0000,0
4.755,-159,-11,-29,1470,1498,-1.90,-1.30,0.0000,0.0000,0.0000,0
4.773,-161,-11,-28,1470,1498,-1.90,-1.30,0.0000,0.0000,0.0000,0
4.790,-163,-11,-28,1470,1498,-1.90,-1.30,0.0000,0.0000,0.0000,0
4.807,-164,-10,-29,1470,1498,-1.90,-1.30,0.0000,0.0000,0.0000,0
4.825,-166,-10,-28,1470,1498,-1.90,-1.30,0.0000,0.0000,0.0000,0
4.843,-167,-10,-28,1470,1498,-1.90,-1.30,0.0000,0.0000,0.0000,0
4.862,-168,-9,-28,1470,1498,-1.90,-1.30,0.0000,0.0000,0.0000,0
4.879,-170,-9,-28,1470,1498,-1.90,-1.30,0.0000,0.0000,0.0000,0
4.896,-171,-8,-28,1470,1498,-2.14,-0.84,0.0000,0.0000,0.0000,0
4.914,-173,-8,-28,1470,1498,-2.14,-0.84,0.0000,0.0000,0.0000,0
4.932,-174,-7,-28,1470,1498,-2.14,-0.84,0.0000,0.0000,0.0000,0
4.953,-175,-6,-28,1470,1498,-2.14,-0.84,0.0000,0.0000,0.0000,0
4.970,-175,-5,-28,1470,1498,-2.14,-0.84,0.0000,0.0000,0.0000,0
4.987,-175,-4,-28,1470,1498,-2.14,-0.84,0.0000,0.0000,0.0000,0
5.005,-175,-3,-28,1470,1498,-2.14,-0.84,0.0000,0.0000,0.0000,0
5.022,-175,-2,-27,1470,1498,-2.14,-0.84,0.0000,0.0000,0.0000,0
5.039,-174,-2,-27,1470,1498,-2.14,-0.84,0.0000,0.0000,0.0000,0
5.057,-174,-1,-27,1470,1498,-2.14,-0.84,0.0000,0.0000,0.0000,0
5.074,-173,-1,-27,1470,1498,-2.14,-0.84,0.0000,0.0000,0.0000,0
5.092,-172,-1,-27,1470,1498,-2.14,-0.84,0.0000,0.0000,0.0000,0
5.110,-171,-1,-26,1470,1498,-2.14,-0.84,0.0000,0.0000,0.0000,0
5.130,-170,-1,-26,1470,1498,-2.14,-0.84,0.0000,0.0000,0.0000,0
5.147,-169,0,-27,1470,1498,-2.25,-0.45,0.0000,0.0000,0.0000,0
5.164,-168,0,-27,1470,1498,-2.25,-0.45,0.0000,0.0000,0.0000,0
5.182,-166,0,-27,1470,1498,-2.25,-0.45,0.0000,0.0000,0.0000,0
5.199,-165,1,-27,1470,1498,-2.25,-0.45,0.0000,0.0000,0.0000,0
5.217,-163,1,-27,1470,1498,-2.25,-0.45,0.0000,0.0000,0.0000,0
5.234,-162,1,-27,1470,1498,-2.25,-0.45,0.0000,0.0000,0.0000,0
5.251,-161,1,-27,1470,1498,-2.25,-0.45,0.0000,0.0000,0.0000,0
5.269,-160,1,-27,1470,1498,-2.25,-0.45,0.0000,0.0000,0.0000,0
5.286,-159,1,-27,1470,1498,-2.25,-0.45,0.0000,0.0000,0.0000,0
5.304,-158,0,-27,1470,1498,-2.25,-0.45,0.0000,0.0000,0.0000,0
5.321,-156,0,-27,1470,1498,-2.25,-0.45,0.0000,0.0000,0.0000,0
5.340,-155,-1,-27,1470,1498,-2.25,-0.45,0.0000,0.0000,0.0000,0
5.358,-153,-2,-27,1470,1498,-2.25,-0.45,0.0000,0.0000,0.0000,0
5.375,-152,-3,-27,1470,1498,-2.25,-0.45,0.0000,0.0000,0.0000,0
5.393,-151,-3,-26,1470,1498,-2.07,-0.59,0.0000,0.0000,0.0000,0
5.410,-150,-4,-26,1470,1498,-2.07,-0.59,0.0000,0.0000,0.0000,0
5.427,-149,-4,-27,1470,1498,-2.07,-0.59,0.0000,0.0000,0.0000,0
5.446,-148,-5,-27,1470,1498,-2.07,-0.59,0.0000,0.0000,0.0000,0
5.463,-147,-6,-27,1470,1498,-2.07,-0.59,0.0000,0.0000,0.0000,0
5.480,-146,-6,-27,1470,1498,-2.07,-0.59,0.0000,0.0000,0.0000,0
5.498,-145,-6,-27,1470,1498,-2.07,-0.59,0.0000,0.0000,0.0000,0
5.515,-144,-7,-27,1470,1498,-2.07,-0.59,0.0000,0.0000,0.0000,0
5.532,-144,-7,-27,1470,1498,-2.07,-0.59,0.0000,0.0000,0.0000,0
5.550,-143,-7,-26,1470,1498,-2.07,-0.59,0.0000,0.0000,0.0000,0
5.568,-143,-8,-27,1470,1498,-2.07,-0.59,0.0000,0.0000,0.0000,0
5.589,-143,-8,-27,1470,1498,-2.07,-0.59,0.0000,0.0000,0.0000,0
5.607,-143,-9,-27,1470,1498,-2.07,-0.59,0.0000,0.0000,0.0000,0
5.624,-143,-10,-27,1470,1498,-2.07,-0.59,0.0000,0.0000,0.0000,0
5.643,-143,-11,-26,1470,1498,-1.93,-0.94,0.0000,0.0000,0.0000,0
5.662,-143,-12,-27,1470,1498,-1.93,-0.94,0.0000,0.0000,0.0000,0
5.680,-143,-12,-28,1470,1498,-1.93,-0.94,0.0000,0.0000,0.0000,0
5.697,-142,-12,-27,1470,1498,-1.93,-0.94,0.0000,0.0000,0.0000,0
5.714,-141,-13,-26,1470,1498,-1.93,-0.94,0.0000,0.0000,0.0000,0
5.732,-140,-13,-26,1470,1498,-1.93,-0.94,0.0000,0.0000,0.0000,0
5.749,-139,-13,-27,1470,1498,-1.93,-0.94,0.0000,0.0000,0.0000,0
5.766,-138,-13,-27,1470,1498,-1.93,-0.94,0.0000,0.0000,0.0000,0
5.783,-137,-13,-27,1470,1498,-1.93,-0.94,0.0000,0.0000,0.0000,0
5.801,-137,-13,-27,1470,1498,-1.93,-0.94,0.0000,0.0000,0.0000,0
5.818,-135,-13,-28,1470,1498,-1.93,-0.94,0.0000,0.0000,0.0000,0
5.837,-135,-12,-28,1470,1498,-1.93,-0.94,0.0000,0.0000,0.0000,0
5.856,-134,-13,-27,1470,1498,-1.93,-0.94,0.0000,0.0000,0.0000,0
5.874,-133,-13,-27,1470,1498,-1.93,-0.94,0.0000,0.0000,0.0000,0
5.891,-133,-14,-27,1470,1498,-1.96,-0.87,0.0000,0.0000,0.0000,0
5.910,-132,-14,-27,1470,1498,-1.96,-0.87,0.0000,0.0000,0.0000,0
5.928,-132,-15,-26,1470,1498,-1.96,-0.87,0.0000,0.0000,0.0000,0
5.946,-131,-15,-27,1470,1498,-1.96,-0.87,0.0000,0.0000,0.0000,0
5.964,-130,-15,-28,1470,1498,-1.96,-0.87,0.0000,0.0000,0.0000,0
5.982,-130,-15,-29,1470,1498,-1.96,-0.87,0.0000,0.0000,0.0000,0
5.999,-129,-15,-29,1470,1498,-1.96,-0.87,0.0000,0.0000,0.0000,0
6.017,-128,-14,-28,1470,1498,-1.96,-0.87,0.0000,0.0000,0.0000,0
6.034,-127,-13,-28,1470,1498,-1.96,-0.87,0.0000,0.0000,0.0000,0
6.051,-126,-12,-27,1470,1498,-1.96,-0.87,0.0000,0.0000,0.0000,0
6.068,-125,-11,-27,1470,1498,-1.96,-0.87,0.0000,0.0000,0.0000,0
6.086,-124,-10,-27,1470,1498,-1.96,-0.87,0.0000,0.0000,0.0000,0
6.104,-123,-9,-27,1470,1498,-1.96,-0.87,0.0000,0.0000,0.0000,0
6.122,-122,-7,-27,1470,1498,-1.96,-0.87,0.0000,0.0000,0.0000,0
6.139,-121,-6,-27,1470,1498,-1.57,-0.31,0.0000,0.0000,0.0000,0
6.157,-120,-6,-27,1470,1498,-1.57,-0.31,0.0000,0.0000,0.0000,0
6.175,-119,-6,-27,1470,1498,-1.57,-0.31,0.0000,0.0000,0.0000,0
6.192,-117,-6,-27,1470,1498,-1.57,-0.31,0.0000,0.0000,0.0000,0
6.210,-116,-6,-27,1470,1498,-1.57,-0.31,0.0000,0.0000,0.0000,0
6.227,-115,-6,-27,1470,1498,-1.57,-0.31,0.0000,0.0000,0.0000,0
6.245,-112,-8,-27,1470,1498,-1.57,-0.31,0.0000,0.0000,0.0000,0
6.263,-110,-9,-27,1470,1498,-1.57,-0.31,0.0000,0.0000,0.0000,0
6.280,-108,-10,-26,1470,1498,-1.57,-0.31,0.0000,0.0000,0.0000,0
6.298,-106,-12,-27,1470,1498,-1.57,-0.31,0.0000,0.0000,0.0000,0
6.318,-104,-13,-27,1470,1498,-1.57,-0.31,0.0000,0.0000,0.0000,0
6.336,-102,-15,-27,1470,1498,-1.57,-0.31,0.0000,0.0000,0.0000,0
6.353,-100,-16,-27,1470,1498,-1.57,-0.31,0.0000,0.0000,0.0000,0
6.371,-98,-17,-27,1471,1498,-1.57,-0.31,0.0000,0.0000,0.0000,0
6.389,-95,-17,-27,1472,1498,-1.04,-1.06,0.0000,0.0000,0.0000,0
6.406,-92,-18,-27,1473,1498,-1.04,-1.06,0.0000,0.0000,0.0000,0
6.423,-90,-18,-27,1473,1498,-1.04,-1.06,0.0000,0.0000,0.0000,0
6.441,-87,-17,-27,1474,1498,-1.04,-1.06,0.0000,0.0000,0.0000,0
6.459,-84,-17,-27,1475,1498,-1.04,-1.06,0.0000,0.0000,0.0000,0
6.478,-78,-15,-27,1477,1498,-1.04,-1.06,0.0000,0.0000,0.0000,0
6.496,-78,-15,-27,1477,1498,-1.04,-1.06,0.0000,0.0000,0.0000,0
6.513,-72,-13,-27,1479,1498,-1.04,-1.06,0.0000,0.0000,0.0000,0
6.531,-69,-11,-27,1479,1498,-1.04,-1.06,0.0000,0.0000,0.0000,0
6.549,-66,-10,-27,1481,1498,-1.04,-1.06,0.0000,0.0000,0.0000,0
6.566,-66,-10,-27,1481,1498,-1.04,-1.06,0.0000,0.0000,0.0000,0
6.583,-60,-8,-27,1482,1498,-1.04,-1.06,0.0000,0.0000,0.0000,1
6.600,-57,-6,-27,1483,1498,-1.04,-1.06,0.0000,0.0000,0.0000,1
6.618,-54,-5,-28,1484,1498,-1.04,-1.06,0.0000,0.0000,0.0000,1
6.635,-51,-5,-28,1485,1498,-0.92,-0.26,0.0000,0.0000,0.0000,1
6.657,-49,-4,-28,1491,1498,-0.92,-0.26,0.0000,0.0000,0.0000,1
6.675,-46,-4,-29,1491,1498,-0.92,-0.26,0.0000,0.0000,0.0000,1
6.693,-44,-4,-28,1492,1498,-0.92,-0.26,0.0000,0.0000,0.0000,1
6.711,-42,-4,-28,1492,1498,-0.92,-0.26,0.0000,0.0000,0.0000,1
6.728,-38,-4,-28,1493,1498,-0.92,-0.26,0.0000,0.0000,0.0000,1
6.746,-36,-5,-28,1493,1498,-0.92,-0.26,0.0000,0.0000,0.0000,1
6.764,-34,-6,-29,1494,1498,-0.92,-0.26,0.0000,0.0000,0.0000,1
6.781,-33,-8,-28,1494,1498,-0.92,-0.26,0.0000,0.0000,0.0000,1
6.798,-32,-9,-28,1494,1498,-0.92,-0.26,0.0000,0.0000,0.0000,1
6.815,-31,-10,-29,1494,1498,-0.92,-0.26,0.0000,0.0000,0.0000,1
6.833,-29,-11,-29,1495,1498,-0.92,-0.26,0.0000,0.0000,0.0000,1
6.852,-28,-12,-30,1495,1497,-0.92,-0.26,0.0000,0.0000,0.0000,1
6.870,-27,-13,-30,1495,1497,-0.92,-0.26,0.0000,0.0000,0.0000,1
6.887,-27,-14,-30,1495,1497,-0.04,-0.75,0.0000,0.0000,0.0000,1
6.906,-26,-16,-30,1495,1497,-0.04,-0.75,0.0000,0.0000,0.0000,1
6.923,-25,-17,-31,1495,1497,-0.04,-0.75,0.0000,0.0000,0.0000,0
0.019,-24,-18,-30,1496,1497,-0.04,-0.75,0.0000,0.0000,0.0000,1
0.038,-24,-20,-29,1496,1498,-0.04,-0.75,0.0000,0.0000,0.0000,1
0.055,-23,-21,-29,1496,1498,-0.04,-0.75,0.0000,0.0000,0.0000,1
0.075,-20,-23,-28,1496,1498,-0.04,-0.75,0.0000,0.0000,0.0000,1
0.092,-19,-24,-28,1497,1498,-0.04,-0.75,0.0000,0.0000,0.0000,1
0.109,-18,-24,-28,1497,1498,-0.04,-0.75,0.0000,0.0000,0.0000,1
0.127,-17,-24,-29,1497,1498,-0.04,-0.75,0.0000,0.0000,0.0000,1
0.144,-16,-25,-29,1497,1498,-0.04,-0.75,0.0000,0.0000,0.0000,1
0.161,-14,-25,-30,1498,1497,-0.04,-0.75,0.0000,0.0000,0.0000,1
0.178,-13,-26,-31,1498,1497,-0.04,-0.75,0.0000,0.0000,0.0000,0
0.017,-11,-27,-30,1498,1497,-0.04,-0.75,0.0000,0.0000,0.0000,1
0.035,-10,-27,-30,1498,1497,1.51,-1.30,0.0000,0.0000,0.0000,1
0.053,-8,-27,-29,1499,1498,1.51,-1.30,0.0000,0.0000,0.0000,1
0.071,-8,-27,-29,1499,1498,1.51,-1.30,0.0000,0.0000,0.0000,1
0.089,-6,-28,-29,1499,1498,1.51,-1.30,0.0000,0.0000,0.0000,1
0.107,-4,-28,-29,1500,1498,1.51,-1.30,0.0000,0.0000,0.0000,1
0.125,-2,-29,-28,1500,1498,1.51,-1.30,0.0000,0.0000,0.0000,1
0.149,3,-30,-29,1500,1498,1.51,-1.30,0.0000,0.0000,0.0000,1
0.166,5,-30,-30,1501,1497,1.51,-1.30,0.0000,0.0000,0.0000,1
0.183,8,-30,-29,1501,1498,1.51,-1.30,0.0000,0.0000,0.0000,1
0.200,13,-30,-30,1502,1497,1.51,-1.30,0.0000,0.0000,0.0000,1
0.217,16,-29,-31,1503,1497,1.51,-1.30,0.0000,0.0000,0.0000,0
0.017,19,-28,-30,1503,1497,1.51,-1.30,0.0000,0.0000,0.0000,1
0.035,21,-28,-30,1504,1497,1.51,-1.30,0.0000,0.0000,0.0000,1
0.052,24,-27,-30,1504,1497,1.51,-1.30,0.0000,0.0000,0.0000,1
0.070,26,-26,-29,1505,1498,2.02,-1.08,0.0000,0.0000,0.0000,1
0.090,28,-25,-29,1505,1498,2.02,-1.08,0.0000,0.0000,0.0000,1
0.113,30,-23,-29,1506,1498,2.02,-1.08,0.0000,0.0000,0.0000,1
0.138,32,-22,-29,1506,1498,2.02,-1.08,0.0000,0.0000,0.0000,1
0.155,34,-20,-29,1506,1498,2.02,-1.08,0.0000,0.0000,0.0000,1
0.174,36,-19,-29,1507,1498,2.02,-1.08,0.0000,0.0000,0.0000,1
0.191,38,-17,-29,1507,1498,2.02,-1.08,0.0000,0.0000,0.0000,1
0.209,40,-16,-29,1508,1498,2.02,-1.08,0.0000,0.0000,0.0000,1
0.226,42,-15,-30,1508,1497,2.02,-1.08,0.0000,0.0000,0.0000,1
0.244,43,-14,-30,1508,1497,2.02,-1.08,0.0000,0.0000,0.0000,1
0.261,44,-14,-31,1508,1497,2.02,-1.08,0.0000,0.0000,0.0000,0
0.020,45,-14,-31,1509,1497,2.02,-1.08,0.0000,0.0000,0.0000,0
0.037,47,-14,-30,1509,1497,2.02,-1.08,0.0000,0.0000,0.0000,1
0.056,47,-14,-30,1509,1497,1.49,-0.44,0.0000,0.0000,0.0000,1
0.073,47,-14,-30,1509,1497,1.49,-0.44,0.0000,0.0000,0.0000,1
0.091,47,-14,-30,1509,1497,1.49,-0.44,0.0000,0.0000,0.0000,1
0.109,48,-14,-29,1509,1498,1.49,-0.44,0.0000,0.0000,0.0000,1
0.126,48,-14,-29,1509,1498,1.49,-0.44,0.0000,0.0000,0.0000,1
0.146,48,-14,-29,1509,1498,1.49,-0.44,0.0000,0.0000,0.0000,1
0.163,48,-14,-29,1509,1498,1.49,-0.44,0.0000,0.0000,0.0000,1
0.181,48,-14,-29,1509,1498,1.49,-0.44,0.0000,0.0000,0.0000,1
0.199,47,-14,-29,1509,1498,1.49,-0.44,0.0000,0.0000,0.0000,1
0.218,47,-14,-30,1509,1497,1.49,-0.44,0.0000,0.0000,0.0000,1
0.235,47,-14,-30,1509,1497,1.49,-0.44,0.0000,0.0000,0.0000,1
0.253,47,-14,-29,1509,1498,1.49,-0.44,0.0000,0.0000,0.0000,1
0.271,46,-14,-29,1509,1498,1.49,-0.44,0.0000,0.0000,0.0000,1
0.289,45,-13,-29,1509,1498,1.49,-0.44,0.0000,0.0000,0.0000,1
0.306,45,-13,-29,1509,1498,1.68,-0.40,0.0000,0.0000,0.0000,1
0.323,44,-13,-29,1508,1498,1.68,-0.40,0.0000,0.0000,0.0000,1
0.341,44,-13,-29,1508,1498,1.68,-0.40,0.0000,0.0000,0.0000,1
0.358,43,-12,-29,1508,1498,1.68,-0.40,0.0000,0.0000,0.0000,1
0.376,42,-12,-29,1508,1498,1.68,-0.40,0.0000,0.0000,0.0000,1
0.394,41,-11,-29,1508,1498,1.68,-0.40,0.0000,0.0000,0.0000,1
0.413,39,-11,-29,1507,1498,1.68,-0.40,0.0000,0.0000,0.0000,1
0.430,38,-11,-29,1507,1498,1.68,-0.40,0.0000,0.0000,0.0000,1
0.449,36,-11,-30,1507,1497,1.68,-0.40,0.0000,0.0000,0.0000,1
0.468,35,-11,-30,1507,1497,1.68,-0.40,0.0000,0.0000,0.0000,1
0.485,34,-11,-29,1506,1498,1.68,-0.40,0.0000,0.0000,0.0000,1
0.503,33,-11,-29,1506,1498,1.68,-0.40,0.0000,0.0000,0.0000,1
0.520,32,-12,-29,1506,1498,1.68,-0.40,0.0000,0.0000,0.0000,1
0.537,30,-12,-29,1506,1498,1.68,-0.40,0.0000,0.0000,0.0000,1
0.555,29,-13,-30,1505,1497,1.32,-0.50,0.0000,0.0000,0.0000,1
0.572,28,-13,-30,1505,1497,1.32,-0.50,0.0000,0.0000,0.0000,1
0.590,26,-13,-29,1505,1498,1.32,-0.50,0.0000,0.0000,0.0000,1
0.607,25,-13,-29,1505,1498,1.32,-0.50,0.0000,0.0000,0.0000,1
0.626,25,-14,-30,1505,1497,1.32,-0.50,0.0000,0.0000,0.0000,1
0.644,24,-14,-30,1504,1497,1.32,-0.50,0.0000,0.0000,0.0000,1
0.662,23,-15,-30,1504,1497,1.32,-0.50,0.0000,0.0000,0.0000,1
0.679,21,-15,-29,1504,1498,1.32,-0.50,0.0000,0.0000,0.0000,1
0.699,20,-15,-29,1504,1498,1.32,-0.50,0.0000,0.0000,0.0000,1
0.716,19,-16,-29,1503,1498,1.32,-0.50,0.0000,0.0000,0.0000,1
0.735,17,-17,-31,1503,1497,1.32,-0.50,0.0000,0.0000,0.0000,0
0.018,16,-18,-30,1503,1497,1.32,-0.50,0.0000,0.0000,0.0000,1
0.036,14,-20,-30,1502,1497,1.32,-0.50,0.0000,0.0000,0.0000,1
0.053,13,-21,-29,1502,1498,1.32,-0.50,0.0000,0.0000,0.0000,1
0.071,11,-22,-30,1502,1497,0.41,-1.06,0.0000,0.0000,0.0000,1
0.088,9,-23,-31,1501,1497,0.41,-1.06,0.0000,0.0000,0.0000,0
0.017,7,-23,-30,1501,1497,0.41,-1.06,0.0000,0.0000,0.0000,1
0.035,5,-23,-30,1501,1497,0.41,-1.06,0.0000,0.0000,0.0000,1
0.052,3,-23,-29,1500,1498,0.41,-1.06,0.0000,0.0000,0.0000,1
0.074,1,-23,-30,1500,1497,0.41,-1.06,0.0000,0.0000,0.0000,1
0.092,-1,-23,-31,1500,1497,0.41,-1.06,0.0000,0.0000,0.0000,0
0.019,-3,-22,-31,1500,1497,0.41,-1.06,0.0000,0.0000,0.0000,0
0.038,-4,-22,-31,1500,1497,0.41,-1.06,0.0000,0.0000,0.0000,0
0.056,-6,-21,-30,1499,1497,0.41,-1.06,0.0000,0.0000,0.0000,1
0.077,-10,-19,-29,1498,1498,0.41,-1.06,0.0000,0.0000,0.0000,1
0.095,-12,-18,-30,1498,1497,0.41,-1.06,0.0000,0.0000,0.0000,1
0.112,-15,-17,-30,1497,1497,0.41,-1.06,0.0000,0.0000,0.0000,1
0.129,-17,-17,-30,1497,1497,0.41,-1.06,0.0000,0.0000,0.0000,1
0.146,-19,-17,-30,1497,1497,-1.04,-0.74,0.0000,0.0000,0.0000,1
0.164,-22,-16,-30,1496,1497,-1.04,-0.74,0.0000,0.0000,0.0000,1
0.182,-25,-16,-30,1495,1497,-1.04,-0.74,0.0000,0.0000,0.0000,1
0.200,-28,-15,-30,1495,1497,-1.04,-0.74,0.0000,0.0000,0.0000,1
0.220,-31,-15,-30,1494,1497,-1.04,-0.74,0.0000,0.0000,0.0000,1
0.237,-37,-14,-30,1493,1497,-1.04,-0.74,0.0000,0.0000,0.0000,1
0.255,-37,-14,-30,1493,1497,-1.04,-0.74,0.0000,0.0000,0.0000,1
0.272,-42,-14,-30,1492,1497,-1.04,-0.74,0.0000,0.0000,0.0000,1
0.289,-44,-14,-30,1492,1497,-1.04,-0.74,0.0000,0.0000,0.0000,1
0.308,-46,-15,-30,1491,1497,-1.04,-0.74,0.0000,0.0000,0.0000,1
0.325,-48,-15,-30,1491,1497,-1.04,-0.74,0.0000,0.0000,0.0000,1
0.344,-51,-15,-30,1485,1497,-1.04,-0.74,0.0000,0.0000,0.0000,1
0.361,-53,-15,-30,1485,1497,-1.04,-0.74,0.0000,0.0000,0.0000,1
0.378,-55,-16,-30,1484,1497,-1.04,-0.74,0.0000,0.0000,0.0000,1
0.400,-58,-16,-31,1483,1497,-0.76,-0.92,0.0000,0.0000,0.0000,0
0.018,-63,-16,-31,1482,1497,-0.76,-0.92,0.0000,0.0000,0.0000,0
0.037,-65,-16,-31,1481,1497,-0.76,-0.92,0.0000,0.0000,0.0000,0
0.056,-66,-16,-32,1481,1497,-0.76,-0.92,0.0000,0.0000,0.0000,0
0.075,-68,-17,-33,1480,1497,-0.76,-0.92,0.0000,0.0000,0.0000,0
0.092,-70,-16,-32,1479,1497,-0.76,-0.92,0.0000,0.0000,0.0000,0
0.110,-72,-16,-33,1479,1497,-0.76,-0.92,0.0000,0.0000,0.0000,0
0.127,-74,-16,-32,1478,1497,-0.76,-0.92,0.0000,0.0000,0.0000,0
0.144,-75,-16,-32,1478,1497,-0.76,-0.92,0.0000,0.0000,0.0000,0
0.162,-76,-17,-31,1478,1497,-0.76,-0.92,0.0000,0.0000,0.0000,0
0.179,-78,-17,-31,1477,1497,-0.76,-0.92,0.0000,0.0000,0.0000,0
0.197,-79,-18,-30,1477,1497,-0.76,-0.92,0.0000,0.0000,0.0000,0
0.214,-81,-18,-30,1476,1497,-0.76,-0.92,0.0000,0.0000,0.0000,0
0.232,-83,-19,-30,1476,1497,-0.76,-0.92,0.0000,0.0000,0.0000,0
0.250,-83,-19,-30,1476,1497,-0.49,-1.12,0.0000,0.0000,0.0000,0
0.268,-85,-20,-31,1475,1497,-0.49,-1.12,0.0000,0.0000,0.0000,0
0.285,-85,-20,-31,1475,1497,-0.49,-1.12,0.0000,0.0000,0.0000,0
0.302,-85,-21,-32,1475,1497,-0.49,-1.12,0.0000,0.0000,0.0000,0
0.321,-86,-21,-31,1475,1497,-0.49,-1.12,0.0000,0.0000,0.0000,0
0.339,-86,-21,-32,1475,1497,-0.49,-1.12,0.0000,0.0000,0.0000,0
0.357,-86,-21,-32,1475,1497,-0.49,-1.12,0.0000,0.0000,0.0000,0
0.375,-86,-20,-32,1475,1497,-0.49,-1.12,0.0000,0.0000,0.0000,0
0.394,-86,-20,-32,1475,1497,-0.49,-1.12,0.0000,0.0000,0.0000,0
0.412,-86,-20,-33,1475,1497,-0.49,-1.12,0.0000,0.0000,0.0000,0
0.429,-86,-20,-33,1475,1497,-0.49,-1.12,0.0000,0.0000,0.0000,0
0.449,-87,-21,-33,1474,1497,-0.49,-1.12,0.0000,0.0000,0.0000,0
0.467,-87,-22,-33,1474,1497,-0.49,-1.12,0.0000,0.0000,0.0000,0
0.485,-87,-23,-33,1474,1497,-0.94,-1.28,0.0000,0.0000,0.0000,0
0.502,-88,-24,-33,1474,1497,-0.94,-1.28,0.0000,0.0000,0.0000,0
0.520,-88,-24,-33,1474,1497,-0.94,-1.28,0.0000,0.0000,0.0000,0
0.538,-88,-25,-32,1474,1497,-0.94,-1.28,0.0000,0.0000,0.0000,0
0.557,-89,-25,-32,1474,1497,-0.94,-1.28,0.0000,0.0000,0.0000,0
0.574,-89,-26,-32,1474,1497,-0.94,-1.28,0.0000,0.0000,0.0000,0
0.593,-89,-26,-32,1474,1497,-0.94,-1.28,0.0000,0.0000,0.0000,0
0.610,-89,-26,-33,1474,1497,-0.94,-1.28,0.0000,0.0000,0.0000,0
0.629,-89,-26,-32,1474,1497,-0.94,-1.28,0.0000,0.0000,0.0000,0
0.646,-89,-26,-32,1474,1497,-0.94,-1.28,0.0000,0.0000,0.0000,0
0.663,-89,-26,-32,1474,1497,-0.94,-1.28,0.0000,0.0000,0.0000,0
0.681,-89,-26,-31,1474,1497,-0.94,-1.28,0.0000,0.0000,0.0000,0
0.698,-89,-26,-31,1474,1497,-0.94,-1.28,0.0000,0.0000,0.0000,0
0.716,-89,-25,-31,1474,1497,-0.94,-1.28,0.0000,0.0000,0.0000,0
0.734,-89,-25,-30,1474,1497,-0.94,-1.28,0.0000,0.0000,0.0000,0
0.752,-88,-24,-30,1474,1497,-0.82,-1.52,0.0000,0.0000,0.0000,0
0.771,-88,-23,-31,1474,1497,-0.82,-1.52,0.0000,0.0000,0.0000,0
0.788,-89,-22,-31,1474,1497,-0.82,-1.52,0.0000,0.0000,0.0000,0
0.805,-88,-21,-32,1474,1497,-0.82,-1.52,0.0000,0.0000,0.0000,0
0.823,-88,-20,-32,1474,1497,-0.82,-1.52,0.0000,0.0000,0.0000,0
0.840,-88,-18,-32,1474,1497,-0.82,-1.52,0.0000,0.0000,0.0000,0
0.857,-89,-17,-31,1474,1497,-0.82,-1.52,0.0000,0.0000,0.0000,0
0.874,-89,-15,-30,1474,1497,-0.82,-1.52,0.0000,0.0000,0.0000,0
0.891,-90,-14,-30,1473,1497,-0.82,-1.52,0.0000,0.0000,0.0000,0
0.908,-90,-14,-30,1473,1497,-0.82,-1.52,0.0000,0.0000,0.0000,0
0.926,-91,-12,-30,1473,1497,-0.82,-1.52,0.0000,0.0000,0.0000,0
0.944,-92,-11,-30,1473,1497,-0.82,-1.52,0.0000,0.0000,0.0000,0
0.964,-93,-10,-31,1473,1497,-0.82,-1.52,0.0000,0.0000,0.0000,0
0.984,-95,-7,-31,1472,1497,-0.82,-1.52,0.0000,0.0000,0.0000,0
1.001,-97,-7,-31,1471,1497,-0.55,-0.77,0.0000,0.0000,0.0000,0
1.019,-98,-7,-31,1471,1497,-0.55,-0.77,0.0000,0.0000,0.0000,0
1.037,-100,-6,-30,1470,1497,-0.55,-0.77,0.0000,0.0000,0.0000,0
1.055,-102,-7,-30,1470,1497,-0.55,-0.77,0.0000,0.0000,0.0000,0
1.072,-104,-7,-29,1470,1498,-0.55,-0.77,0.0000,0.0000,0.0000,0
1.090,-106,-8,-29,1470,1498,-0.55,-0.77,0.0000,0.0000,0.0000,0
1.108,-109,-9,-30,1470,1497,-0.55,-0.77,0.0000,0.0000,0.0000,0
1.126,-111,-10,-29,1470,1498,-0.55,-0.77,0.0000,0.0000,0.0000,0
1.147,-114,-10,-29,1470,1498,-0.55,-0.77,0.0000,0.0000,0.0000,0
1.165,-115,-10,-29,1470,1498,-0.55,-0.77,0.0000,0.0000,0.0000,0
1.182,-117,-10,-29,1470,1498,-0.55,-0.77,0.0000,0.0000,0.0000,0
1.200,-120,-9,-29,1470,1498,-0.55,-0.77,0.0000,0.0000,0.0000,0
1.218,-121,-9,-29,1470,1498,-0.55,-0.77,0.0000,0.0000,0.0000,0
1.235,-121,-9,-29,1470,1498,-0.11,-0.95,0.0000,0.0000,0.0000,0
1.254,-123,-8,-29,1470,1498,-0.11,-0.95,0.0000,0.0000,0.0000,0
1.271,-124,-7,-29,1470,1498,-0.11,-0.95,0.0000,0.0000,0.0000,0
1.289,-124,-7,-29,1470,1498,-0.11,-0.95,0.0000,0.0000,0.0000,0
1.306,-125,-6,-29,1470,1498,-0.11,-0.95,0.0000,0.0000,0.0000,0
1.326,-125,-6,-29,1470,1498,-0.11,-0.95,0.0000,0.0000,0.0000,0
1.343,-126,-5,-30,1470,1497,-0.11,-0.95,0.0000,0.0000,0.0000,0
1.361,-126,-4,-29,1470,1498,-0.11,-0.95,0.0000,0.0000,0.0000,0
1.379,-127,-2,-29,1470,1498,-0.11,-0.95,0.0000,0.0000,0.0000,0
1.397,-127,-2,-29,1470,1498,-0.11,-0.95,0.0000,0.0000,0.0000,0
1.414,-128,-2,-29,1470,1498,-0.11,-0.95,0.0000,0.0000,0.0000,0
1.433,-128,-1,-29,1470,1498,-0.11,-0.95,0.0000,0.0000,0.0000,0
1.450,-128,0,-29,1470,1498,-0.11,-0.95,0.0000,0.0000,0.0000,0
1.469,-128,0,-29,1470,1498,-0.11,-0.95,0.0000,0.0000,0.0000,0
1.486,-129,1,-29,1470,1498,-0.33,-0.51,0.0000,0.0000,0.0000,0
1.504,-129,1,-28,1470,1498,-0.33,-0.51,0.0000,0.0000,0.0000,0
1.523,-129,2,-29,1470,1498,-0.33,-0.51,0.0000,0.0000,0.0000,0
1.542,-130,2,-29,1470,1498,-0.33,-0.51,0.0000,0.0000,0.0000,0
1.561,-131,2,-29,1470,1498,-0.33,-0.51,0.0000,0.0000,0.0000,0
1.579,-132,3,-28,1470,1498,-0.33,-0.51,0.0000,0.0000,0.0000,0
1.597,-133,3,-28,1470,1498,-0.33,-0.51,0.0000,0.0000,0.0000,0
1.614,-133,3,-28,1470,1498,-0.33,-0.51,0.0000,0.0000,0.0000,0
1.633,-133,3,-28,1470,1498,-0.33,-0.51,0.0000,0.0000,0.0000,0
1.651,-133,3,-28,1470,1498,-0.33,-0.51,0.0000,0.0000,0.0000,0
1.668,-134,3,-28,1470,1498,-0.33,-0.51,0.0000,0.0000,0.0000,0
1.686,-135,3,-29,1470,1498,-0.33,-0.51,0.0000,0.0000,0.0000,0
1.703,-136,4,-29,1470,1498,-0.33,-0.51,0.0000,0.0000,0.0000,0
1.720,-137,4,-29,1470,1498,-0.33,-0.51,0.0000,0.0000,0.0000,0
1.737,-138,5,-29,1470,1498,-0.48,-0.46,0.0000,0.0000,0.0000,0
1.756,-138,5,-28,1470,1498,-0.48,-0.46,0.0000,0.0000,0.0000,0
1.774,-139,5,-28,1470,1498,-0.48,-0.46,0.0000,0.0000,0.0000,0
1.793,-140,5,-28,1470,1498,-0.48,-0.46,0.0000,0.0000,0.0000,0
1.811,-140,5,-28,1470,1498,-0.48,-0.46,0.0000,0.0000,0.0000,0
1.828,-140,5,-28,1470,1498,-0.48,-0.46,0.0000,0.0000,0.0000,0
1.845,-141,5,-28,1470,1498,-0.48,-0.46,0.0000,0.0000,0.0000,0
1.863,-142,4,-28,1470,1498,-0.48,-0.46,0.0000,0.0000,0.0000,0
1.881,-142,4,-28,1470,1498,-0.48,-0.46,0.0000,0.0000,0.0000,0
1.900,-141,4,-28,1470,1498,-0.48,-0.46,0.0000,0.0000,0.0000,0
1.918,-141,4,-28,1470,1498,-0.48,-0.46,0.0000,0.0000,0.0000,0
1.937,-141,5,-27,1470,1498,-0.48,-0.46,0.0000,0.0000,0.0000,0
1.957,-139,6,-28,1470,1498,-0.48,-0.46,0.0000,0.0000,0.0000,0
1.975,-138,6,-28,1470,1498,-0.48,-0.46,0.0000,0.0000,0.0000,0
1.993,-137,7,-28,1470,1498,-0.85,-0.27,0.0000,0.0000,0.0000,0
2.012,-136,9,-29,1470,1498,-0.85,-0.27,0.0000,0.0000,0.0000,0
2.029,-135,10,-28,1470,1498,-0.85,-0.27,0.0000,0.0000,0.0000,0
2.047,-134,11,-28,1470,1498,-0.85,-0.27,0.0000,0.0000,0.0000,0
2.064,-133,13,-28,1470,1498,-0.85,-0.27,0.0000,0.0000,0.0000,0
2.081,-133,14,-28,1470,1498,-0.85,-0.27,0.0000,0.0000,0.0000,0
2.099,-132,15,-29,1470,1498,-0.85,-0.27,0.0000,0.0000,0.0000,0
2.116,-132,14,-28,1470,1498,-0.85,-0.27,0.0000,0.0000,0.0000,0
2.133,-132,13,-28,1470,1498,-0.85,-0.27,0.0000,0.0000,0.0000,0
2.150,-132,12,-28,1470,1498,-0.85,-0.27,0.0000,0.0000,0.0000,0
2.168,-132,10,-29,1470,1498,-0.85,-0.27,0.0000,0.0000,0.0000,0
2.185,-132,7,-29,1470,1498,-0.85,-0.27,0.0000,0.0000,0.0000,0
2.202,-131,5,-29,1470,1498,-0.85,-0.27,0.0000,0.0000,0.0000,0
2.219,-131,3,-29,1470,1498,-0.85,-0.27,0.0000,0.0000,0.0000,0
2.237,-131,1,-29,1470,1498,-1.23,-0.66,0.0000,0.0000,0.0000,0
2.254,-131,0,-29,1470,1498,-1.23,-0.66,0.0000,0.0000,0.0000,0
2.272,-131,-1,-29,1470,1498,-1.23,-0.66,0.0000,0.0000,0.0000,0
2.289,-131,-3,-29,1470,1498,-1.23,-0.66,0.0000,0.0000,0.0000,0
2.306,-131,-4,-29,1470,1498,-1.23,-0.66,0.0000,0.0000,0.0000,0
2.323,-131,-6,-29,1470,1498,-1.23,-0.66,0.0000,0.0000,0.0000,0
2.340,-131,-7,-29,1470,1498,-1.23,-0.66,0.0000,0.0000,0.0000,0
2.358,-131,-8,-30,1470,1497,-1.23,-0.66,0.0000,0.0000,0.0000,0
2.376,-131,-9,-29,1470,1498,-1.23,-0.66,0.0000,0.0000,0.0000,0
2.394,-131,-9,-29,1470,1498,-1.23,-0.66,0.0000,0.0000,0.0000,0
2.411,-131,-9,-29,1470,1498,-1.23,-0.66,0.0000,0.0000,0.0000,0
2.428,-131,-9,-30,1470,1497,-1.23,-0.66,0.0000,0.0000,0.0000,0
2.446,-131,-11,-30,1470,1497,-1.23,-0.66,0.0000,0.0000,0.0000,0
2.464,-131,-12,-30,1470,1497,-1.23,-0.66,0.0000,0.0000,0.0000,0
2.481,-132,-13,-30,1470,1497,-1.51,-1.26,0.0000,0.0000,0.0000,0
2.500,-132,-13,-30,1470,1497,-1.51,-1.26,0.0000,0.0000,0.0000,0
2.523,-132,-13,-30,1470,1497,-1.51,-1.26,0.0000,0.0000,0.0000,0
2.541,-133,-14,-30,1470,1497,-1.51,-1.26,0.0000,0.0000,0.0000,0
2.559,-133,-15,-30,1470,1497,-1.51,-1.26,0.0000,0.0000,0.0000,0
2.577,-133,-16,-30,1470,1497,-1.51,-1.26,0.0000,0.0000,0.0000,0
2.594,-134,-16,-30,1470,1497,-1.51,-1.26,0.0000,0.0000,0.0000,0
2.612,-134,-17,-30,1470,1497,-1.51,-1.26,0.0000,0.0000,0.0000,0
2.631,-134,-18,-31,1470,1497,-1.51,-1.26,0.0000,0.0000,0.0000,0
2.650,-134,-18,-30,1470,1497,-1.51,-1.26,0.0000,0.0000,0.0000,0
2.671,-134,-19,-31,1470,1497,-1.51,-1.26,0.0000,0.0000,0.0000,0
2.688,-134,-18,-31,1470,1497,-1.51,-1.26,0.0000,0.0000,0.0000,0
2.705,-133,-17,-30,1470,1497,-1.51,-1.26,0.0000,0.0000,0.0000,0
2.723,-133,-17,-30,1470,1497,-1.51,-1.26,0.0000,0.0000,0.0000,0
2.742,-133,-17,-30,1470,1497,-1.79,-1.62,0.0000,0.0000,0.0000,0
2.759,-132,-17,-31,1470,1497,-1.79,-1.62,0.0000,0.0000,0.0000,0
2.777,-131,-18,-30,1470,1497,-1.79,-1.62,0.0000,0.0000,0.0000,0
2.794,-130,-18,-30,1470,1497,-1.79,-1.62,0.0000,0.0000,0.0000,0
2.811,-129,-18,-30,1470,1497,-1.79,-1.62,0.0000,0.0000,0.0000,0
2.829,-128,-18,-31,1470,1497,-1.79,-1.62,0.0000,0.0000,0.0000,0
2.848,-127,-19,-31,1470,1497,-1.79,-1.62,0.0000,0.0000,0.0000,0
2.867,-126,-19,-31,1470,1497,-1.79,-1.62,0.0000,0.0000,0.0000,0
2.884,-125,-19,-31,1470,1497,-1.79,-1.62,0.0000,0.0000,0.0000,0
2.901,-125,-20,-31,1470,1497,-1.79,-1.62,0.0000,0.0000,0.0000,0
2.920,-124,-20,-32,1470,1497,-1.79,-1.62,0.0000,0.0000,0.0000,0
2.937,-123,-21,-31,1470,1497,-1.79,-1.62,0.0000,0.0000,0.0000,0
2.955,-123,-22,-32,1470,1497,-1.79,-1.62,0.0000,0.0000,0.0000,0
2.972,-122,-22,-31,1470,1497,-1.79,-1.62,0.0000,0.0000,0.0000,0
2.989,-122,-23,-32,1470,1497,-1.51,-1.96,0.0000,0.0000,0.0000,0
3.007,-121,-24,-31,1470,1497,-1.51,-1.96,0.0000,0.0000,0.0000,0
3.024,-121,-24,-31,1470,1497,-1.51,-1.96,0.0000,0.0000,0.0000,0
3.041,-121,-25,-31,1470,1497,-1.51,-1.96,0.0000,0.0000,0.0000,0
3.061,-121,-26,-31,1470,1497,-1.51,-1.96,0.0000,0.0000,0.0000,0
3.078,-121,-27,-31,1470,1497,-1.51,-1.96,0.0000,0.0000,0.0000,0
3.096,-121,-28,-32,1470,1497,-1.51,-1.96,0.0000,0.0000,0.0000,0
3.113,-121,-28,-31,1470,1497,-1.51,-1.96,0.0000,0.0000,0.0000,0
3.131,-121,-28,-32,1470,1497,-1.51,-1.96,0.0000,0.0000,0.0000,0
3.148,-122,-27,-31,1470,1497,-1.51,-1.96,0.0000,0.0000,0.0000,0
3.165,-122,-26,-31,1470,1497,-1.51,-1.96,0.0000,0.0000,0.0000,0
3.182,-123,-25,-31,1470,1497,-1.51,-1.96,0.0000,0.0000,0.0000,0
3.200,-124,-25,-31,1470,1497,-1.51,-1.96,0.0000,0.0000,0.0000,0
3.218,-124,-24,-31,1470,1497,-1.51,-1.96,0.0000,0.0000,0.0000,0
3.236,-124,-23,-31,1470,1497,-1.51,-1.99,0.0000,0.0000,0.0000,0
3.253,-124,-22,-31,1470,1497,-1.51,-1.99,0.0000,0.0000,0.0000,0
3.272,-124,-22,-31,1470,1497,-1.51,-1.99,0.0000,0.0000,0.0000,0
3.290,-124,-22,-31,1470,1497,-1.51,-1.99,0.0000,0.0000,0.0000,0
3.308,-122,-21,-31,1470,1497,-1.51,-1.99,0.0000,0.0000,0.0000,0
3.327,-121,-20,-31,1470,1497,-1.51,-1.99,0.0000,0.0000,0.0000,0
3.345,-119,-19,-31,1470,1497,-1.51,-1.99,0.0000,0.0000,0.0000,0
3.362,-117,-17,-31,1470,1497,-1.51,-1.99,0.0000,0.0000,0.0000,0
3.379,-116,-15,-31,1470,1497,-1.51,-1.99,0.0000,0.0000,0.0000,0
3.397,-114,-14,-31,1470,1497,-1.51,-1.99,0.0000,0.0000,0.0000,0
3.415,-109,-12,-31,1470,1497,-1.51,-1.99,0.0000,0.0000,0.0000,0
3.432,-107,-11,-31,1470,1497,-1.51,-1.99,0.0000,0.0000,0.0000,0
3.449,-105,-10,-31,1470,1497,-1.51,-1.99,0.0000,0.0000,0.0000,0
3.466,-103,-8,-31,1470,1497,-1.51,-1.99,0.0000,0.0000,0.0000,0
3.483,-102,-7,-30,1470,1497,-1.67,-1.13,0.0000,0.0000,0.0000,0
3.502,-100,-5,-31,1470,1497,-1.67,-1.13,0.0000,0.0000,0.0000,0
3.520,-100,-5,-31,1470,1497,-1.67,-1.13,0.0000,0.0000,0.0000,0
3.542,-97,-1,-30,1471,1497,-1.67,-1.13,0.0000,0.0000,0.0000,0
3.563,-96,-2,-30,1472,1497,-1.67,-1.13,0.0000,0.0000,0.0000,0
3.582,-95,-4,-30,1472,1497,-1.67,-1.13,0.0000,0.0000,0.0000,0
3.599,-94,-6,-30,1472,1497,-1.67,-1.13,0.0000,0.0000,0.0000,0
3.617,-93,-6,-29,1473,1498,-1.67,-1.13,0.0000,0.0000,0.0000,0
3.634,-93,-5,-29,1473,1498,-1.67,-1.13,0.0000,0.0000,0.0000,0
3.651,-93,-4,-29,1473,1498,-1.67,-1.13,0.0000,0.0000,0.0000,0
3.670,-94,-2,-29,1472,1498,-1.67,-1.13,0.0000,0.0000,0.0000,0
3.688,-94,-1,-30,1472,1497,-1.67,-1.13,0.0000,0.0000,0.0000,0
3.707,-94,1,-29,1472,1498,-1.67,-1.13,0.0000,0.0000,0.0000,0
3.724,-95,2,-29,1472,1498,-1.67,-1.13,0.0000,0.0000,0.0000,0
3.742,-95,3,-30,1472,1497,-1.00,-0.62,0.0000,0.0000,0.0000,0
3.759,-96,4,-29,1472,1498,-1.00,-0.62,0.0000,0.0000,0.0000,0
3.776,-96,6,-29,1472,1498,-1.00,-0.62,0.0000,0.0000,0.0000,0
3.793,-97,7,-30,1471,1497,-1.00,-0.62,0.0000,0.0000,0.0000,0
3.811,-97,8,-29,1471,1498,-1.00,-0.62,0.0000,0.0000,0.0000,0
3.829,-97,9,-29,1471,1498,-1.00,-0.62,0.0000,0.0000,0.0000,0
3.846,-97,10,-29,1471,1498,-1.00,-0.62,0.0000,0.0000,0.0000,0
3.865,-98,11,-28,1471,1498,-1.00,-0.62,0.0000,0.0000,0.0000,0
3.882,-98,11,-28,1471,1498,-1.00,-0.62,0.0000,0.0000,0.0000,0
3.900,-98,11,-28,1471,1498,-1.00,-0.62,0.0000,0.0000,0.0000,0
3.917,-98,12,-29,1471,1498,-1.00,-0.62,0.0000,0.0000,0.0000,0
3.934,-99,12,-28,1471,1498,-1.00,-0.62,0.0000,0.0000,0.0000,0
3.951,-99,12,-27,1471,1498,-1.00,-0.62,0.0000,0.0000,0.0000,0
3.970,-98,13,-28,1471,1498,-1.00,-0.62,0.0000,0.0000,0.0000,0
3.987,-98,13,-28,1471,1498,-0.79,0.20,0.0000,0.0000,0.0000,0
4.008,-98,13,-28,1471,1498,-0.79,0.20,0.0000,0.0000,0.0000,0
4.026,-98,13,-28,1471,1498,-0.79,0.20,0.0000,0.0000,0.0000,0
4.044,-97,13,-28,1471,1498,-0.79,0.20,0.0000,0.0000,0.0000,0
4.062,-96,13,-28,1472,1498,-0.79,0.20,0.0000,0.0000,0.0000,0
4.080,-95,14,-29,1472,1498,-0.79,0.20,0.0000,0.0000,0.0000,0
4.098,-93,13,-27,1473,1498,-0.79,0.20,0.0000,0.0000,0.0000,0
4.115,-92,13,-28,1473,1498,-0.79,0.20,0.0000,0.0000,0.0000,0
4.133,-92,12,-28,1473,1498,-0.79,0.20,0.0000,0.0000,0.0000,0
4.150,-91,12,-29,1473,1498,-0.79,0.20,0.0000,0.0000,0.0000,0
4.167,-90,11,-28,1473,1498,-0.79,0.20,0.0000,0.0000,0.0000,0
4.184,-89,11,-28,1474,1498,-0.79,0.20,0.0000,0.0000,0.0000,0
4.202,-88,10,-28,1474,1498,-0.79,0.20,0.0000,0.0000,0.0000,0
4.220,-88,9,-29,1474,1498,-0.79,0.20,0.0000,0.0000,0.0000,0
4.237,-87,8,-29,1474,1498,-0.60,-0.18,0.0000,0.0000,0.0000,0
4.255,-86,7,-28,1475,1498,-0.60,-0.18,0.0000,0.0000,0.0000,0
4.272,-86,5,-28,1475,1498,-0.60,-0.18,0.0000,0.0000,0.0000,0
4.290,-86,4,-30,1475,1497,-0.60,-0.18,0.0000,0.0000,0.0000,0
4.307,-86,3,-29,1475,1498,-0.60,-0.18,0.0000,0.0000,0.0000,0
4.324,-86,2,-28,1475,1498,-0.60,-0.18,0.0000,0.0000,0.0000,0
4.342,-86,0,-29,1475,1498,-0.60,-0.18,0.0000,0.0000,0.0000,0
4.359,-86,-1,-30,1475,1497,-0.60,-0.18,0.0000,0.0000,0.0000,0
4.378,-86,-4,-29,1475,1498,-0.60,-0.18,0.0000,0.0000,0.0000,0
4.395,-86,-4,-29,1475,1498,-0.60,-0.18,0.0000,0.0000,0.0000,0
4.412,-86,-7,-30,1475,1497,-0.60,-0.18,0.0000,0.0000,0.0000,0
4.431,-86,-8,-30,1475,1497,-0.60,-0.18,0.0000,0.0000,0.0000,0
4.448,-85,-8,-29,1475,1498,-0.60,-0.18,0.0000,0.0000,0.0000,0
4.467,-85,-9,-29,1475,1498,-0.60,-0.18,0.0000,0.0000,0.0000,0
4.486,-84,-9,-30,1475,1497,-0.32,-1.17,0.0000,0.0000,0.0000,0
4.503,-84,-9,-30,1475,1497,-0.32,-1.17,0.0000,0.0000,0.0000,0
4.521,-83,-9,-31,1476,1497,-0.32,-1.17,0.0000,0.0000,0.0000,0
4.538,-83,-9,-29,1476,1498,-0.32,-1.17,0.0000,0.0000,0.0000,0
4.556,-81,-8,-29,1476,1498,-0.32,-1.17,0.0000,0.0000,0.0000,0
4.573,-80,-8,-30,1476,1497,-0.32,-1.17,0.0000,0.0000,0.0000,0
4.592,-80,-7,-29,1476,1498,-0.32,-1.17,0.0000,0.0000,0.0000,0
4.609,-79,-7,-29,1477,1498,-0.32,-1.17,0.0000,0.0000,0.0000,0
4.627,-79,-7,-29,1477,1498,-0.32,-1.17,0.0000,0.0000,0.0000,0
4.644,-79,-7,-30,1477,1497,-0.32,-1.17,0.0000,0.0000,0.0000,0
4.662,-79,-7,-29,1477,1498,-0.32,-1.17,0.0000,0.0000,0.0000,0
4.681,-79,-8,-30,1477,1498,-0.32,-1.17,0.0000,0.0000,0.0000,0
4.698,-79,-8,-30,1477,1497,-0.32,-1.17,0.0000,0.0000,0.0000,0
4.718,-80,-8,-30,1476,1497,-0.32,-1.17,0.0000,0.0000,0.0000,0
4.738,-80,-8,-30,1476,1497,-0.76,-1.21,0.0000,0.0000,0.0000,0
4.755,-80,-8,-30,1476,1497,-0.76,-1.21,0.0000,0.0000,0.0000,0
4.772,-81,-9,-30,1476,1497,-0.76,-1.21,0.0000,0.0000,0.0000,0
4.790,-82,-9,-31,1476,1497,-0.76,-1.21,0.0000,0.0000,0.0000,0
4.807,-82,-9,-32,1476,1497,-0.76,-1.21,0.0000,0.0000,0.0000,0
4.825,-84,-9,-31,1475,1497,-0.76,-1.21,0.0000,0.0000,0.0000,0
4.842,-85,-9,-31,1475,1497,-0.76,-1.21,0.0000,0.0000,0.0000,0
4.860,-86,-9,-32,1475,1497,-0.76,-1.21,0.0000,0.0000,0.0000,0
4.879,-89,-10,-32,1474,1497,-0.76,-1.21,0.0000,0.0000,0.0000,0
4.898,-90,-11,-31,1473,1497,-0.76,-1.21,0.0000,0.0000,0.0000,0
4.916,-92,-12,-31,1473,1497,-0.76,-1.21,0.0000,0.0000,0.0000,0
4.934,-93,-13,-31,1473,1497,-0.76,-1.21,0.0000,0.0000,0.0000,0
4.953,-94,-15,-31,1472,1497,-0.76,-1.21,0.0000,0.0000,0.0000,0
4.970,-95,-15,-31,1472,1497,-0.76,-1.21,0.0000,0.0000,0.0000,0
4.987,-97,-16,-31,1471,1497,-1.57,-1.65,0.0000,0.0000,0.0000,0
5.004,-98,-17,-31,1471,1497,-1.57,-1.65,0.0000,0.0000,0.0000,0
5.022,-100,-18,-31,1470,1497,-1.57,-1.65,0.0000,0.0000,0.0000,0
5.041,-101,-19,-31,1470,1497,-1.57,-1.65,0.0000,0.0000,0.0000,0
5.058,-103,-19,-31,1470,1497,-1.57,-1.65,0.0000,0.0000,0.0000,0
5.075,-105,-20,-32,1470,1497,-1.57,-1.65,0.0000,0.0000,0.0000,0
5.092,-105,-20,-32,1470,1497,-1.57,-1.65,0.0000,0.0000,0.0000,0
5.110,-106,-21,-32,1470,1497,-1.57,-1.65,0.0000,0.0000,0.0000,0
5.127,-106,-21,-32,1470,1497,-1.57,-1.65,0.0000,0.0000,0.0000,0
5.149,-106,-20,-31,1470,1497,-1.57,-1.65,0.0000,0.0000,0.0000,0
5.169,-106,-20,-32,1470,1497,-1.57,-1.65,0.0000,0.0000,0.0000,0
5.186,-106,-20,-32,1470,1497,-1.57,-1.65,0.0000,0.0000,0.0000,0
5.204,-105,-19,-33,1470,1497,-1.57,-1.65,0.0000,0.0000,0.0000,0
5.221,-104,-19,-33,1470,1497,-1.57,-1.65,0.0000,0.0000,0.0000,0
5.238,-103,-18,-33,1470,1497,-1.86,-1.66,0.0000,0.0000,0.0000,0
5.256,-102,-18,-32,1470,1497,-1.86,-1.66,0.0000,0.0000,0.0000,0
5.273,-101,-17,-32,1470,1497,-1.86,-1.66,0.0000,0.0000,0.0000,0
5.291,-99,-16,-32,1471,1497,-1.86,-1.66,0.0000,0.0000,0.0000,0
5.308,-95,-13,-32,1472,1497,-1.86,-1.66,0.0000,0.0000,0.0000,0
5.326,-95,-13,-32,1472,1497,-1.86,-1.66,0.0000,0.0000,0.0000,0
5.344,-90,-11,-33,1473,1497,-1.86,-1.66,0.0000,0.0000,0.0000,0
5.363,-87,-9,-33,1474,1497,-1.86,-1.66,0.0000,0.0000,0.0000,0
5.382,-84,-8,-34,1475,1497,-1.86,-1.66,0.0000,0.0000,0.0000,0
5.399,-81,-6,-34,1476,1497,-1.86,-1.66,0.0000,0.0000,0.0000,0
5.416,-78,-4,-33,1477,1497,-1.86,-1.66,0.0000,0.0000,0.0000,0
5.433,-76,-3,-33,1478,1497,-1.86,-1.66,0.0000,0.0000,0.0000,0
5.451,-74,-2,-34,1478,1497,-1.86,-1.66,0.0000,0.0000,0.0000,0
5.468,-71,-1,-33,1479,1497,-1.86,-1.66,0.0000,0.0000,0.0000,0
5.486,-69,0,-33,1480,1497,-1.45,-0.73,0.0000,0.0000,0.0000,0
5.503,-67,1,-32,1480,1497,-1.45,-0.73,0.0000,0.0000,0.0000,0
5.521,-65,2,-32,1481,1497,-1.45,-0.73,0.0000,0.0000,0.0000,0
5.538,-63,3,-32,1482,1497,-1.45,-0.73,0.0000,0.0000,0.0000,0
5.556,-61,3,-32,1482,1497,-1.45,-0.73,0.0000,0.0000,0.0000,0
5.574,-59,3,-32,1483,1497,-1.45,-0.73,0.0000,0.0000,0.0000,0
5.591,-57,3,-32,1483,1497,-1.45,-0.73,0.0000,0.0000,0.0000,0
5.610,-54,4,-33,1484,1497,-1.45,-0.73,0.0000,0.0000,0.0000,0
5.629,-54,4,-33,1484,1497,-1.45,-0.73,0.0000,0.0000,0.0000,0
5.647,-49,4,-32,1491,1497,-1.45,-0.73,0.0000,0.0000,0.0000,0
5.665,-47,4,-32,1491,1497,-1.45,-0.73,0.0000,0.0000,0.0000,0
5.683,-45,3,-32,1491,1497,-1.45,-0.73,0.0000,0.0000,0.0000,0
5.700,-43,3,-32,1492,1497,-1.45,-0.73,0.0000,0.0000,0.0000,0
5.718,-41,3,-33,1492,1497,-1.45,-0.73,0.0000,0.0000,0.0000,0
5.736,-39,3,-34,1493,1497,-0.55,-0.66,0.0000,0.0000,0.0000,0
5.753,-36,2,-33,1493,1497,-0.55,-0.66,0.0000,0.0000,0.0000,0
5.770,-35,1,-33,1493,1497,-0.55,-0.66,0.0000,0.0000,0.0000,0
5.788,-33,1,-33,1494,1497,-0.55,-0.66,0.0000,0.0000,0.0000,0
5.808,-31,1,-32,1494,1497,-0.55,-0.66,0.0000,0.0000,0.0000,0
5.826,-29,1,-33,1495,1497,-0.55,-0.66,0.0000,0.0000,0.0000,0
5.843,-27,0,-33,1495,1497,-0.55,-0.66,0.0000,0.0000,0.0000,0
5.861,-24,0,-34,1496,1497,-0.55,-0.66,0.0000,0.0000,0.0000,0
5.878,-20,0,-33,1496,1497,-0.55,-0.66,0.0000,0.0000,0.0000,0
5.895,-18,-1,-34,1497,1497,-0.55,-0.66,0.0000,0.0000,0.0000,0
5.912,-16,-1,-34,1497,1497,-0.55,-0.66,0.0000,0.0000,0.0000,0
5.930,-14,-1,-34,1498,1497,-0.55,-0.66,0.0000,0.0000,0.0000,0
5.947,-12,-1,-33,1498,1497,-0.55,-0.66,0.0000,0.0000,0.0000,0
5.966,-11,-2,-33,1498,1497,-0.55,-0.66,0.0000,0.0000,0.0000,0
5.983,-9,-2,-34,1499,1497,-0.02,-0.90,0.0000,0.0000,0.0000,0
6.000,-8,-3,-34,1499,1497,-0.02,-0.90,0.0000,0.0000,0.0000,0
6.018,-6,-3,-33,1499,1497,-0.02,-0.90,0.0000,0.0000,0.0000,0
6.035,-4,-4,-33,1500,1497,-0.02,-0.90,0.0000,0.0000,0.0000,0
6.053,-4,-4,-33,1500,1497,-0.02,-0.90,0.0000,0.0000,0.0000,0
6.071,-3,-4,-34,1500,1497,-0.02,-0.90,0.0000,0.0000,0.0000,0
6.088,-2,-4,-34,1500,1497,-0.02,-0.90,0.0000,0.0000,0.0000,0
6.110,1,-4,-33,1500,1497,-0.02,-0.90,0.0000,0.0000,0.0000,0
6.128,2,-4,-34,1500,1497,-0.02,-0.90,0.0000,0.0000,0.0000,0
6.147,3,-4,-34,1500,1497,-0.02,-0.90,0.0000,0.0000,0.0000,0
6.165,6,-2,-33,1501,1497,-0.02,-0.90,0.0000,0.0000,0.0000,0
6.184,8,-2,-34,1501,1497,-0.02,-0.90,0.0000,0.0000,0.0000,0
6.201,10,-2,-35,1502,1497,-0.02,-0.90,0.0000,0.0000,0.0000,0
6.218,13,-1,-35,1502,1497,-0.25,-0.65,0.0000,0.0000,0.0000,0
6.236,14,-1,-34,1502,1497,-0.25,-0.65,0.0000,0.0000,0.0000,0
6.253,17,-1,-34,1503,1497,-0.25,-0.65,0.0000,0.0000,0.0000,0
6.270,20,-1,-34,1504,1497,-0.25,-0.65,0.0000,0.0000,0.0000,0
6.287,23,-2,-35,1504,1497,-0.25,-0.65,0.0000,0.0000,0.0000,0
6.304,25,-2,-35,1505,1497,-0.25,-0.65,0.0000,0.0000,0.0000,0
6.321,28,-1,-35,1505,1497,-0.25,-0.65,0.0000,0.0000,0.0000,0
6.339,31,-2,-35,1506,1497,-0.25,-0.65,0.0000,0.0000,0.0000,0
6.358,33,-2,-34,1506,1497,-0.25,-0.65,0.0000,0.0000,0.0000,0
6.376,36,-2,-34,1507,1497,-0.25,-0.65,0.0000,0.0000,0.0000,0
6.394,38,-2,-36,1507,1497,-0.25,-0.65,0.0000,0.0000,0.0000,0
6.412,41,-2,-36,1508,1497,-0.25,-0.65,0.0000,0.0000,0.0000,0
6.429,46,-4,-35,1509,1497,-0.25,-0.65,0.0000,0.0000,0.0000,0
6.447,49,-5,-35,1509,1497,-0.25,-0.65,0.0000,0.0000,0.0000,0
6.464,51,-7,-35,1515,1497,-0.25,-0.65,0.0000,0.0000,0.0000,0
6.481,52,-8,-35,1515,1497,-0.51,-0.90,0.0000,0.0000,0.0000,0
6.499,54,-8,-35,1516,1497,-0.51,-0.90,0.0000,0.0000,0.0000,0
6.516,56,-10,-36,1516,1497,-0.51,-0.90,0.0000,0.0000,0.0000,0
6.533,57,-12,-35,1517,1497,-0.51,-0.90,0.0000,0.0000,0.0000,0
6.550,58,-14,-36,1517,1497,-0.51,-0.90,0.0000,0.0000,0.0000,0
6.569,58,-14,-36,1517,1497,-0.51,-0.90,0.0000,0.0000,0.0000,0
6.587,58,-17,-36,1517,1497,-0.51,-0.90,0.0000,0.0000,0.0000,0
6.610,59,-20,-36,1517,1497,-0.51,-0.90,0.0000,0.0000,0.0000,0
6.628,60,-25,-36,1518,1497,-0.51,-0.90,0.0000,0.0000,0.0000,0
6.646,61,-28,-36,1518,1497,-0.51,-0.90,0.0000,0.0000,0.0000,0
6.664,61,-28,-36,1518,1497,-0.51,-0.90,0.0000,0.0000,0.0000,0
6.681,61,-32,-37,1518,1497,-0.51,-0.90,0.0000,0.0000,0.0000,0
6.699,61,-37,-36,1518,1497,-0.51,-0.90,0.0000,0.0000,0.0000,0
6.717,60,-39,-36,1518,1497,-0.51,-0.90,0.0000,0.0000,0.0000,0
6.734,60,-40,-36,1518,1497,0.56,-2.46,0.0000,0.0000,0.0000,0
6.752,59,-41,-36,1517,1497,0.56,-2.46,0.0000,0.0000,0.0000,0
6.770,58,-42,-36,1517,1497,0.56,-2.46,0.0000,0.0000,0.0000,0
6.787,58,-41,-36,1517,1497,0.56,-2.46,0.0000,0.0000,0.0000,0
6.805,57,-41,-36,1517,1497,0.56,-2.46,0.0000,0.0000,0.0000,0
6.822,56,-41,-36,1516,1497,0.56,-2.46,0.0000,0.0000,0.0000,0
6.840,55,-41,-36,1516,1497,0.56,-2.46,0.0000,0.0000,0.0000,0
6.858,54,-40,-37,1516,1497,0.56,-2.46,0.0000,0.0000,0.0000,0
6.877,52,-39,-36,1515,1497,0.56,-2.46,0.0000,0.0000,0.0000,0
6.895,51,-38,-36,1515,1497,0.56,-2.46,0.0000,0.0000,0.0000,0
6.915,49,-36,-36,1509,1497,0.56,-2.46,0.0000,0.0000,0.0000,0
6.933,48,-35,-36,1509,1497,0.56,-2.46,0.0000,0.0000,0.0000,0
6.951,47,-34,-36,1509,1497,0.56,-2.46,0.0000,0.0000,0.0000,0
6.969,45,-33,-36,1509,1497,0.65,-1.94,0.0000,0.0000,0.0000,0
6.986,44,-32,-37,1508,1497,0.65,-1.94,0.0000,0.0000,0.0000,0
7.004,43,-32,-36,1508,1497,0.65,-1.94,0.0000,0.0000,0.0000,0
7.022,42,-31,-36,1508,1497,0.65,-1.94,0.0000,0.0000,0.0000,0
7.040,40,-30,-37,1508,1497,0.65,-1.94,0.0000,0.0000,0.0000,0
7.060,39,-29,-37,1507,1497,0.65,-1.94,0.0000,0.0000,0.0000,0
7.080,37,-29,-36,1507,1497,0.65,-1.94,0.0000,0.0000,0.0000,0
7.098,37,-29,-36,1507,1497,0.65,-1.94,0.0000,0.0000,0.0000,0
7.115,35,-29,-36,1507,1497,0.65,-1.94,0.0000,0.0000,0.0000,0
7.133,34,-29,-37,1506,1497,0.65,-1.94,0.0000,0.0000,0.0000,0
7.152,32,-29,-37,1506,1497,0.65,-1.94,0.0000,0.0000,0.0000,0
7.169,30,-28,-35,1506,1497,0.65,-1.94,0.0000,0.0000,0.0000,0
7.187,29,-28,-35,1505,1497,0.65,-1.94,0.0000,0.0000,0.0000,0
7.206,27,-28,-36,1505,1497,0.65,-1.94,0.0000,0.0000,0.0000,0
7.224,26,-29,-36,1505,1497,0.01,-1.75,0.0000,0.0000,0.0000,0
7.241,24,-30,-36,1504,1497,0.01,-1.75,0.0000,0.0000,0.0000,0
7.259,23,-31,-35,1504,1497,0.01,-1.75,0.0000,0.0000,0.0000,0
7.276,21,-32,-35,1504,1497,0.01,-1.75,0.0000,0.0000,0.0000,0
7.294,20,-32,-35,1504,1497,0.01,-1.75,0.0000,0.0000,0.0000,0
7.311,20,-33,-35,1504,1497,0.01,-1.75,0.0000,0.0000,0.0000,0
7.328,20,-32,-35,1504,1497,0.01,-1.75,0.0000,0.0000,0.0000,0
7.346,20,-32,-35,1504,1497,0.01,-1.75,0.0000,0.0000,0.0000,0
7.364,20,-31,-34,1504,1497,0.01,-1.75,0.0000,0.0000,0.0000,0
7.381,21,-30,-34,1504,1497,0.01,-1.75,0.0000,0.0000,0.0000,0
7.398,21,-29,-34,1504,1497,0.01,-1.75,0.0000,0.0000,0.0000,0
7.416,21,-28,-35,1504,1497,0.01,-1.75,0.0000,0.0000,0.0000,0
7.433,21,-27,-35,1504,1497,0.01,-1.75,0.0000,0.0000,0.0000,0
7.452,21,-26,-35,1504,1497,0.01,-1.75,0.0000,0.0000,0.0000,0
7.470,21,-25,-34,1504,1497,-0.89,-1.15,0.0000,0.0000,0.0000,0
7.489,20,-23,-34,1504,1497,-0.89,-1.15,0.0000,0.0000,0.0000,0
7.506,20,-22,-34,1504,1497,-0.89,-1.15,0.0000,0.0000,0.0000,0
7.524,20,-22,-34,1504,1497,-0.89,-1.15,0.0000,0.0000,0.0000,0
7.542,20,-20,-34,1504,1497,-0.89,-1.15,0.0000,0.0000,0.0000,0
7.559,20,-18,-34,1504,1497,-0.89,-1.15,0.0000,0.0000,0.0000,0
7.576,19,-17,-34,1503,1497,-0.89,-1.15,0.0000,0.0000,0.0000,0
7.593,19,-15,-33,1503,1497,-0.89,-1.15,0.0000,0.0000,0.0000,0
7.611,18,-12,-33,1503,1497,-0.89,-1.15,0.0000,0.0000,0.0000,0
7.628,17,-10,-32,1503,1497,-0.89,-1.15,0.0000,0.0000,0.0000,0
7.645,17,-9,-32,1503,1497,-0.89,-1.15,0.0000,0.0000,0.0000,0
7.663,16,-9,-33,1503,1497,-0.89,-1.15,0.0000,0.0000,0.0000,0
7.680,16,-8,-33,1503,1497,-0.89,-1.15,0.0000,0.0000,0.0000,0
7.699,15,-8,-33,1503,1497,-0.89,-1.15,0.0000,0.0000,0.0000,0
7.716,14,-8,-33,1502,1497,-1.71,-0.16,0.0000,0.0000,0.0000,0
7.733,14,-7,-33,1502,1497,-1.71,-0.16,0.0000,0.0000,0.0000,0
7.751,14,-7,-33,1502,1497,-1.71,-0.16,0.0000,0.0000,0.0000,0
7.769,14,-6,-32,1502,1497,-1.71,-0.16,0.0000,0.0000,0.0000,0
7.787,14,-6,-32,1502,1497,-1.71,-0.16,0.0000,0.0000,0.0000,0
7.806,14,-5,-31,1502,1497,-1.71,-0.16,0.0000,0.0000,0.0000,0
7.823,14,-5,-31,1502,1497,-1.71,-0.16,0.0000,0.0000,0.0000,0
7.842,13,-4,-31,1502,1497,-1.71,-0.16,0.0000,0.0000,0.0000,0
7.859,12,-3,-32,1502,1497,-1.71,-0.16,0.0000,0.0000,0.0000,0
7.877,11,-3,-32,1502,1497,-1.71,-0.16,0.0000,0.0000,0.0000,0
7.896,10,-3,-32,1502,1497,-1.71,-0.16,0.0000,0.0000,0.0000,0
7.913,9,-4,-32,1501,1497,-1.71,-0.16,0.0000,0.0000,0.0000,0
7.930,8,-5,-32,1501,1497,-1.71,-0.16,0.0000,0.0000,0.0000,0
7.947,7,-6,-31,1501,1497,-1.71,-0.16,0.0000,0.0000,0.0000,0
7.964,7,-7,-31,1501,1497,-1.71,-0.16,0.0000,0.0000,0.0000,0
7.981,7,-9,-31,1501,1497,-1.14,-0.26,0.0000,0.0000,0.0000,0
7.999,7,-10,-31,1501,1497,-1.14,-0.26,0.0000,0.0000,0.0000,0
8.019,7,-12,-31,1501,1497,-1.14,-0.26,0.0000,0.0000,0.0000,0
8.037,8,-13,-32,1501,1497,-1.14,-0.26,0.0000,0.0000,0.0000,0
8.056,8,-14,-33,1501,1497,-1.14,-0.26,0.0000,0.0000,0.0000,0
8.075,9,-15,-32,1501,1497,-1.14,-0.26,0.0000,0.0000,0.0000,0
8.093,10,-15,-32,1502,1497,-1.14,-0.26,0.0000,0.0000,0.0000,0
8.111,14,-17,-31,1502,1497,-1.14,-0.26,0.0000,0.0000,0.0000,0
8.128,15,-17,-31,1503,1497,-1.14,-0.26,0.0000,0.0000,0.0000,0
8.146,17,-17,-31,1503,1497,-1.14,-0.26,0.0000,0.0000,0.0000,0
8.164,18,-18,-32,1503,1497,-1.14,-0.26,0.0000,0.0000,0.0000,0
8.181,20,-18,-31,1504,1497,-1.14,-0.26,0.0000,0.0000,0.0000,0
8.199,21,-18,-31,1504,1497,-1.14,-0.26,0.0000,0.0000,0.0000,0
8.218,22,-19,-30,1504,1497,-0.62,-0.64,0.0000,0.0000,0.0000,1
8.235,24,-18,-31,1504,1497,-0.62,-0.64,0.0000,0.0000,0.0000,0
0.018,26,-18,-31,1505,1497,-0.62,-0.64,0.0000,0.0000,0.0000,0
0.035,27,-19,-30,1505,1497,-0.62,-0.64,0.0000,0.0000,0.0000,1
0.054,29,-20,-30,1505,1497,-0.62,-0.64,0.0000,0.0000,0.0000,1
0.072,32,-22,-31,1506,1497,-0.62,-0.64,0.0000,0.0000,0.0000,0
0.018,32,-22,-31,1506,1497,-0.62,-0.64,0.0000,0.0000,0.0000,0
0.035,35,-23,-31,1507,1497,-0.62,-0.64,0.0000,0.0000,0.0000,0
0.053,36,-24,-32,1507,1497,-0.62,-0.64,0.0000,0.0000,0.0000,0
0.072,37,-24,-31,1507,1497,-0.62,-0.64,0.0000,0.0000,0.0000,0
0.089,37,-24,-31,1507,1497,-0.62,-0.64,0.0000,0.0000,0.0000,0
0.107,40,-24,-31,1508,1497,-0.62,-0.64,0.0000,0.0000,0.0000,0
0.125,41,-25,-31,1508,1497,-0.62,-0.64,0.0000,0.0000,0.0000,0
0.143,42,-26,-32,1508,1497,-0.62,-0.64,0.0000,0.0000,0.0000,0
0.160,42,-28,-31,1508,1497,-0.08,-1.20,0.0000,0.0000,0.0000,0
0.178,42,-28,-32,1508,1497,-0.08,-1.20,0.0000,0.0000,0.0000,0
0.196,42,-26,-33,1508,1497,-0.08,-1.20,0.0000,0.0000,0.0000,0
0.213,41,-26,-32,1508,1497,-0.08,-1.20,0.0000,0.0000,0.0000,0
0.231,41,-25,-32,1508,1497,-0.08,-1.20,0.0000,0.0000,0.0000,0
0.249,40,-24,-32,1508,1497,-0.08,-1.20,0.0000,0.0000,0.0000,0
0.267,39,-23,-33,1507,1497,-0.08,-1.20,0.0000,0.0000,0.0000,0
0.285,39,-22,-33,1507,1497,-0.08,-1.20,0.0000,0.0000,0.0000,0
0.302,38,-25,-33,1507,1497,-0.08,-1.20,0.0000,0.0000,0.0000,0
0.321,37,-26,-32,1507,1497,-0.08,-1.20,0.0000,0.0000,0.0000,0
0.340,37,-27,-33,1507,1497,-0.08,-1.20,0.0000,0.0000,0.0000,0
0.358,36,-28,-32,1507,1497,-0.08,-1.20,0.0000,0.0000,0.0000,0
0.375,36,-30,-32,1507,1497,-0.08,-1.20,0.0000,0.0000,0.0000,0
0.393,35,-31,-32,1507,1497,-0.08,-1.20,0.0000,0.0000,0.0000,0
0.411,34,-32,-33,1506,1497,-0.12,-1.68,0.0000,0.0000,0.0000,0
0.428,34,-32,-33,1506,1497,-0.12,-1.68,0.0000,0.0000,0.0000,0
0.445,34,-32,-32,1506,1497,-0.12,-1.68,0.0000,0.0000,0.0000,0
0.462,34,-33,-33,1506,1497,-0.12,-1.68,0.0000,0.0000,0.0000,0
0.480,34,-33,-33,1506,1497,-0.12,-1.68,0.0000,0.0000,0.0000,0
0.499,34,-34,-32,1506,1497,-0.12,-1.68,0.0000,0.0000,0.0000,0
0.517,35,-34,-32,1507,1497,-0.12,-1.68,0.0000,0.0000,0.0000,0
0.535,35,-33,-32,1507,1497,-0.12,-1.68,0.0000,0.0000,0.0000,0
0.552,35,-33,-32,1507,1497,-0.12,-1.68,0.0000,0.0000,0.0000,0
0.570,35,-32,-32,1507,1497,-0.12,-1.68,0.0000,0.0000,0.0000,0
0.588,36,-31,-32,1507,1497,-0.12,-1.68,0.0000,0.0000,0.0000,0
0.605,36,-31,-32,1507,1497,-0.12,-1.68,0.0000,0.0000,0.0000,0
0.623,37,-32,-32,1507,1497,-0.12,-1.68,0.0000,0.0000,0.0000,0
0.640,36,-33,-32,1507,1497,-0.12,-1.68,0.0000,0.0000,0.0000,0
0.658,36,-33,-32,1507,1497,-0.66,-1.47,0.0000,0.0000,0.0000,0
0.675,36,-31,-33,1507,1497,-0.66,-1.47,0.0000,0.0000,0.0000,0
0.693,36,-30,-33,1507,1497,-0.66,-1.47,0.0000,0.0000,0.0000,0
0.710,36,-30,-32,1507,1497,-0.66,-1.47,0.0000,0.0000,0.0000,0
0.728,35,-30,-33,1507,1497,-0.66,-1.47,0.0000,0.0000,0.0000,0
0.745,35,-28,-33,1507,1497,-0.66,-1.47,0.0000,0.0000,0.0000,0
0.763,35,-27,-33,1507,1497,-0.66,-1.47,0.0000,0.0000,0.0000,0
0.781,35,-28,-32,1507,1497,-0.66,-1.47,0.0000,0.0000,0.0000,0
0.798,34,-29,-32,1506,1497,-0.66,-1.47,0.0000,0.0000,0.0000,0
0.816,34,-27,-31,1506,1497,-0.66,-1.47,0.0000,0.0000,0.0000,0
0.833,33,-25,-31,1506,1497,-0.66,-1.47,0.0000,0.0000,0.0000,0
0.850,33,-25,-31,1506,1497,-0.66,-1.47,0.0000,0.0000,0.0000,0
0.868,33,-23,-31,1506,1497,-0.66,-1.47,0.0000,0.0000,0.0000,0
0.885,31,-23,-31,1506,1497,-0.66,-1.47,0.0000,0.0000,0.0000,0
0.905,31,-23,-31,1506,1497,-0.98,-1.07,0.0000,0.0000,0.0000,0
0.923,29,-23,-31,1505,1497,-0.98,-1.07,0.0000,0.0000,0.0000,0
0.943,29,-22,-31,1505,1497,-0.98,-1.07,0.0000,0.0000,0.0000,0
0.960,27,-22,-31,1505,1497,-0.98,-1.07,0.0000,0.0000,0.0000,0
0.978,26,-23,-31,1505,1497,-0.98,-1.07,0.0000,0.0000,0.0000,0
0.996,25,-24,-31,1505,1497,-0.98,-1.07,0.0000,0.0000,0.0000,0
1.013,24,-25,-32,1504,1497,-0.98,-1.07,0.0000,0.0000,0.0000,0
1.030,22,-25,-31,1504,1497,-0.98,-1.07,0.0000,0.0000,0.0000,0
1.050,19,-25,-31,1503,1497,-0.98,-1.07,0.0000,0.0000,0.0000,0
1.067,18,-25,-31,1503,1497,-0.98,-1.07,0.0000,0.0000,0.0000,0
1.086,17,-25,-33,1503,1497,-0.98,-1.07,0.0000,0.0000,0.0000,0
1.104,16,-24,-32,1503,1497,-0.98,-1.07,0.0000,0.0000,0.0000,0
1.122,16,-25,-32,1503,1497,-0.98,-1.07,0.0000,0.0000,0.0000,0
1.141,15,-26,-32,1503,1497,-0.98,-1.07,0.0000,0.0000,0.0000,0
1.158,15,-26,-32,1503,1497,-1.56,-1.14,0.0000,0.0000,0.0000,0
1.175,15,-26,-32,1503,1497,-1.56,-1.14,0.0000,0.0000,0.0000,0
1.193,16,-28,-33,1503,1497,-1.56,-1.14,0.0000,0.0000,0.0000,0
1.212,17,-30,-33,1503,1497,-1.56,-1.14,0.0000,0.0000,0.0000,0
1.229,16,-31,-34,1503,1497,-1.56,-1.14,0.0000,0.0000,0.0000,0
1.249,17,-30,-34,1503,1497,-1.56,-1.14,0.0000,0.0000,0.0000,0
1.266,17,-31,-34,1503,1497,-1.56,-1.14,0.0000,0.0000,0.0000,0
1.283,18,-31,-33,1503,1497,-1.56,-1.14,0.0000,0.0000,0.0000,0
1.300,21,-32,-33,1504,1497,-1.56,-1.14,0.0000,0.0000,0.0000,0
1.318,22,-32,-32,1504,1497,-1.56,-1.14,0.0000,0.0000,0.0000,0
1.335,23,-32,-33,1504,1497,-1.56,-1.14,0.0000,0.0000,0.0000,0
1.352,24,-30,-33,1504,1497,-1.56,-1.14,0.0000,0.0000,0.0000,0
1.369,26,-28,-32,1505,1497,-1.56,-1.14,0.0000,0.0000,0.0000,0
1.387,27,-27,-32,1505,1497,-1.56,-1.14,0.0000,0.0000,0.0000,0
1.405,28,-26,-32,1505,1497,-1.04,-1.26,0.0000,0.0000,0.0000,0
1.422,29,-26,-33,1505,1497,-1.04,-1.26,0.0000,0.0000,0.0000,0
1.440,30,-25,-32,1506,1497,-1.04,-1.26,0.0000,0.0000,0.0000,0
1.458,31,-25,-32,1506,1497,-1.04,-1.26,0.0000,0.0000,0.0000,0
1.475,32,-24,-33,1506,1497,-1.04,-1.26,0.0000,0.0000,0.0000,0
1.493,32,-24,-32,1506,1497,-1.04,-1.26,0.0000,0.0000,0.0000,0
1.511,33,-23,-32,1506,1497,-1.04,-1.26,0.0000,0.0000,0.0000,0
1.529,33,-22,-32,1506,1497,-1.04,-1.26,0.0000,0.0000,0.0000,0
1.546,34,-21,-32,1506,1497,-1.04,-1.26,0.0000,0.0000,0.0000,0
1.564,34,-20,-31,1506,1497,-1.04,-1.26,0.0000,0.0000,0.0000,0
1.581,34,-20,-31,1506,1497,-1.04,-1.26,0.0000,0.0000,0.0000,0
1.599,34,-20,-32,1506,1497,-1.04,-1.26,0.0000,0.0000,0.0000,0
1.616,34,-20,-31,1506,1497,-1.04,-1.26,0.0000,0.0000,0.0000,0
1.635,33,-20,-32,1506,1497,-1.04,-1.26,0.0000,0.0000,0.0000,0
1.653,32,-21,-32,1506,1497,-1.04,-1.26,0.0000,0.0000,0.0000,0
1.670,31,-21,-31,1506,1497,-0.35,-1.07,0.0000,0.0000,0.0000,0
1.688,29,-22,-32,1505,1497,-0.35,-1.07,0.0000,0.0000,0.0000,0
1.706,28,-23,-32,1505,1497,-0.35,-1.07,0.0000,0.0000,0.0000,0
1.723,27,-24,-32,1505,1497,-0.35,-1.07,0.0000,0.0000,0.0000,0
1.740,25,-24,-33,1505,1497,-0.35,-1.07,0.0000,0.0000,0.0000,0
1.757,24,-23,-33,1504,1497,-0.35,-1.07,0.0000,0.0000,0.0000,0
1.775,23,-24,-32,1504,1497,-0.35,-1.07,0.0000,0.0000,0.0000,0
1.793,22,-26,-32,1504,1497,-0.35,-1.07,0.0000,0.0000,0.0000,0
1.811,22,-27,-32,1504,1497,-0.35,-1.07,0.0000,0.0000,0.0000,0
1.829,20,-27,-32,1504,1497,-0.35,-1.07,0.0000,0.0000,0.0000,0
1.848,19,-29,-33,1503,1497,-0.35,-1.07,0.0000,0.0000,0.0000,0
1.865,18,-29,-33,1503,1497,-0.35,-1.07,0.0000,0.0000,0.0000,0
1.883,18,-29,-33,1503,1497,-0.35,-1.07,0.0000,0.0000,0.0000,0
1.900,18,-29,-33,1503,1497,-0.35,-1.07,0.0000,0.0000,0.0000,0
1.917,17,-29,-33,1503,1497,0.26,-1.66,0.0000,0.0000,0.0000,0
1.935,17,-30,-33,1503,1497,0.26,-1.66,0.0000,0.0000,0.0000,0
1.952,14,-33,-32,1502,1497,0.26,-1.66,0.0000,0.0000,0.0000,0
1.969,14,-34,-31,1502,1497,0.26,-1.66,0.0000,0.0000,0.0000,0
1.987,13,-35,-32,1502,1497,0.26,-1.66,0.0000,0.0000,0.0000,0
2.004,12,-36,-32,1502,1497,0.26,-1.66,0.0000,0.0000,0.0000,0
2.021,12,-37,-31,1502,1497,0.26,-1.66,0.0000,0.0000,0.0000,0
2.038,11,-37,-31,1502,1497,0.26,-1.66,0.0000,0.0000,0.0000,0
2.056,10,-38,-32,1502,1497,0.26,-1.66,0.0000,0.0000,0.0000,0
2.073,9,-38,-32,1501,1497,0.26,-1.66,0.0000,0.0000,0.0000,0
2.090,8,-39,-32,1501,1497,0.26,-1.66,0.0000,0.0000,0.0000,0
2.108,7,-38,-31,1501,1497,0.26,-1.66,0.0000,0.0000,0.0000,0
2.125,7,-38,-32,1501,1497,0.26,-1.66,0.0000,0.0000,0.0000,0
2.144,6,-38,-32,1501,1497,0.26,-1.66,0.0000,0.0000,0.0000,0
2.162,5,-37,-32,1501,1497,0.42,-2.00,0.0000,0.0000,0.0000,0
2.183,4,-36,-31,1500,1497,0.42,-2.00,0.0000,0.0000,0.0000,0
2.204,2,-34,-32,1500,1497,0.42,-2.00,0.0000,0.0000,0.0000,0
2.221,2,-33,-32,1500,1497,0.42,-2.00,0.0000,0.0000,0.0000,0
2.239,2,-33,-32,1500,1497,0.42,-2.00,0.0000,0.0000,0.0000,0
2.257,1,-31,-32,1500,1497,0.42,-2.00,0.0000,0.0000,0.0000,0
2.275,1,-31,-31,1500,1497,0.42,-2.00,0.0000,0.0000,0.0000,0
2.293,0,-30,-32,1500,1497,0.42,-2.00,0.0000,0.0000,0.0000,0
2.310,-1,-29,-32,1500,1497,0.42,-2.00,0.0000,0.0000,0.0000,0
2.328,-1,-29,-31,1500,1497,0.42,-2.00,0.0000,0.0000,0.0000,0
2.345,-2,-28,-31,1500,1497,0.42,-2.00,0.0000,0.0000,0.0000,0
2.366,-2,-27,-31,1500,1497,0.42,-2.00,0.0000,0.0000,0.0000,0
2.384,-1,-27,-32,1500,1497,0.42,-2.00,0.0000,0.0000,0.0000,0
2.401,-1,-28,-31,1500,1497,0.42,-2.00,0.0000,0.0000,0.0000,0
2.419,-2,-28,-31,1500,1497,-0.08,-1.68,0.0000,0.0000,0.0000,0
2.436,-2,-28,-31,1500,1497,-0.08,-1.68,0.0000,0.0000,0.0000,0
2.453,-1,-28,-30,1500,1497,-0.08,-1.68,0.0000,0.0000,0.0000,1
2.471,-1,-27,-31,1500,1497,-0.08,-1.68,0.0000,0.0000,0.0000,0
0.017,-1,-26,-32,1500,1497,-0.08,-1.68,0.0000,0.0000,0.0000,0
0.035,-1,-26,-31,1500,1497,-0.08,-1.68,0.0000,0.0000,0.0000,0
0.052,-1,-25,-30,1500,1497,-0.08,-1.68,0.0000,0.0000,0.0000,1
0.070,-1,-24,-30,1500,1497,-0.08,-1.68,0.0000,0.0000,0.0000,1
0.088,0,-23,-31,1500,1497,-0.08,-1.68,0.0000,0.0000,0.0000,0
0.017,1,-22,-31,1500,1497,-0.08,-1.68,0.0000,0.0000,0.0000,0
0.034,1,-22,-31,1500,1497,-0.08,-1.68,0.0000,0.0000,0.0000,0
0.052,2,-21,-31,1500,1497,-0.08,-1.68,0.0000,0.0000,0.0000,0
0.069,3,-20,-30,1500,1497,-0.08,-1.68,0.0000,0.0000,0.0000,1
0.086,4,-19,-30,1500,1497,-0.08,-1.68,0.0000,0.0000,0.0000,1
0.106,5,-18,-31,1501,1497,-0.71,-1.34,0.0000,0.0000,0.0000,0
0.018,6,-16,-31,1501,1497,-0.71,-1.34,0.0000,0.0000,0.0000,0
0.036,7,-15,-31,1501,1497,-0.71,-1.34,0.0000,0.0000,0.0000,0
0.054,7,-15,-31,1501,1497,-0.71,-1.34,0.0000,0.0000,0.0000,0
0.072,7,-14,-32,1501,1497,-0.71,-1.34,0.0000,0.0000,0.0000,0
0.089,7,-14,-31,1501,1497,-0.71,-1.34,0.0000,0.0000,0.0000,0
0.107,7,-13,-30,1501,1497,-0.71,-1.34,0.0000,0.0000,0.0000,1
0.125,7,-9,-33,1501,1497,-0.71,-1.34,0.0000,0.0000,0.0000,0
0.017,7,-6,-31,1501,1497,-0.71,-1.34,0.0000,0.0000,0.0000,0
0.034,6,-5,-30,1501,1497,-0.71,-1.34,0.0000,0.0000,0.0000,1
0.052,6,-4,-30,1501,1497,-0.71,-1.34,0.0000,0.0000,0.0000,1
0.069,5,-4,-29,1501,1498,-0.71,-1.34,0.0000,0.0000,0.0000,1
0.086,4,-3,-29,1500,1498,-0.71,-1.34,0.0000,0.0000,0.0000,1
0.104,3,-3,-30,1500,1497,-0.71,-1.34,0.0000,0.0000,0.0000,1
0.121,2,-2,-30,1500,1497,-0.76,-0.70,0.0000,0.0000,0.0000,1
0.143,1,-2,-29,1500,1498,-0.76,-0.70,0.0000,0.0000,0.0000,1
0.160,0,-2,-29,1500,1498,-0.76,-0.70,0.0000,0.0000,0.0000,1
0.179,0,-2,-29,1500,1498,-0.76,-0.70,0.0000,0.0000,0.0000,1
0.197,-1,-1,-28,1500,1498,-0.76,-0.70,0.0000,0.0000,0.0000,1
0.215,-1,-1,-28,1500,1498,-0.76,-0.70,0.0000,0.0000,0.0000,1
0.233,-1,0,-28,1500,1498,-0.76,-0.70,0.0000,0.0000,0.0000,1
0.250,-2,0,-28,1500,1498,-0.76,-0.70,0.0000,0.0000,0.0000,1
0.267,-2,1,-28,1500,1498,-0.76,-0.70,0.0000,0.0000,0.0000,1
0.285,-3,2,-28,1500,1498,-0.76,-0.70,0.0000,0.0000,0.0000,1
0.302,-4,2,-28,1500,1498,-0.76,-0.70,0.0000,0.0000,0.0000,1
0.319,-5,2,-28,1499,1498,-0.76,-0.70,0.0000,0.0000,0.0000,1
0.337,-7,2,-28,1499,1498,-0.76,-0.70,0.0000,0.0000,0.0000,1
0.354,-8,1,-27,1499,1498,-0.76,-0.70,0.0000,0.0000,0.0000,1
0.372,-10,1,-27,1498,1498,-0.31,-0.68,0.0000,0.0000,0.0000,1
0.389,-12,0,-28,1498,1498,-0.31,-0.68,0.0000,0.0000,0.0000,1
0.407,-14,-1,-27,1498,1498,-0.31,-0.68,0.0000,0.0000,0.0000,1
0.425,-16,-2,-27,1497,1498,-0.31,-0.68,0.0000,0.0000,0.0000,1
0.443,-18,-4,-27,1497,1498,-0.31,-0.68,0.0000,0.0000,0.0000,1
0.460,-21,-5,-27,1496,1498,-0.31,-0.68,0.0000,0.0000,0.0000,1
0.478,-23,-6,-28,1496,1498,-0.31,-0.68,0.0000,0.0000,0.0000,1
0.497,-26,-6,-29,1495,1498,-0.31,-0.68,0.0000,0.0000,0.0000,1
0.516,-27,-5,-29,1495,1498,-0.31,-0.68,0.0000,0.0000,0.0000,1
0.535,-28,-4,-28,1495,1498,-0.31,-0.68,0.0000,0.0000,0.0000,1
0.552,-29,-4,-28,1495,1498,-0.31,-0.68,0.0000,0.0000,0.0000,1
0.570,-30,-3,-27,1494,1498,-0.31,-0.68,0.0000,0.0000,0.0000,1
0.587,-31,-2,-27,1494,1498,-0.31,-0.68,0.0000,0.0000,0.0000,1
0.605,-33,1,-27,1494,1498,-0.31,-0.68,0.0000,0.0000,0.0000,1
0.624,-33,2,-27,1494,1498,0.21,-0.47,0.0000,0.0000,0.0000,1
0.641,-34,3,-27,1494,1498,0.21,-0.47,0.0000,0.0000,0.0000,1
0.659,-35,3,-27,1493,1498,0.21,-0.47,0.0000,0.0000,0.0000,1
0.676,-35,4,-27,1493,1498,0.21,-0.47,0.0000,0.0000,0.0000,1
0.693,-35,5,-27,1493,1498,0.21,-0.47,0.0000,0.0000,0.0000,1
0.711,-35,5,-27,1493,1498,0.21,-0.47,0.0000,0.0000,0.0000,1
0.729,-35,5,-27,1493,1498,0.21,-0.47,0.0000,0.0000,0.0000,1
0.746,-34,6,-26,1494,1498,0.21,-0.47,0.0000,0.0000,0.0000,1
0.764,-34,6,-26,1494,1498,0.21,-0.47,0.0000,0.0000,0.0000,1
0.781,-33,6,-26,1494,1498,0.21,-0.47,0.0000,0.0000,0.0000,1
0.799,-32,5,-25,1494,1498,0.21,-0.47,0.0000,0.0000,0.0000,1
0.817,-31,5,-25,1494,1498,0.21,-0.47,0.0000,0.0000,0.0000,1
0.837,-29,5,-25,1495,1498,0.21,-0.47,0.0000,0.0000,0.0000,1
0.858,-26,5,-27,1495,1498,0.21,-0.47,0.0000,0.0000,0.0000,1
0.875,-24,5,-27,1496,1498,0.12,-0.13,0.0000,0.0000,0.0000,1
0.895,-23,5,-26,1496,1498,0.12,-0.13,0.0000,0.0000,0.0000,1
0.912,-21,6,-25,1496,1498,0.12,-0.13,0.0000,0.0000,0.0000,1
0.930,-19,6,-25,1497,1498,0.12,-0.13,0.0000,0.0000,0.0000,1
0.951,-17,7,-26,1497,1498,0.12,-0.13,0.0000,0.0000,0.0000,1
0.970,-15,8,-25,1497,1498,0.12,-0.13,0.0000,0.0000,0.0000,1
0.987,-14,9,-25,1498,1498,0.12,-0.13,0.0000,0.0000,0.0000,1
1.005,-13,10,-25,1498,1498,0.12,-0.13,0.0000,0.0000,0.0000,1
1.023,-11,10,-26,1498,1498,0.12,-0.13,0.0000,0.0000,0.0000,1
1.041,-8,12,-25,1498,1498,0.12,-0.13,0.0000,0.0000,0.0000,1
1.059,-7,12,-26,1499,1498,0.12,-0.13,0.0000,0.0000,0.0000,1
1.076,-5,11,-25,1499,1498,0.12,-0.13,0.0000,0.0000,0.0000,1
1.094,-4,11,-25,1500,1498,0.12,-0.13,0.0000,0.0000,0.0000,1
1.111,-2,11,-25,1500,1498,-0.51,0.45,0.0000,0.0000,0.0000,1
1.128,0,12,-26,1500,1498,-0.51,0.45,0.0000,0.0000,0.0000,1
1.146,1,12,-25,1500,1498,-0.51,0.45,0.0000,0.0000,0.0000,1
1.163,2,12,-25,1500,1498,-0.51,0.45,0.0000,0.0000,0.0000,1
1.180,4,12,-26,1500,1498,-0.51,0.45,0.0000,0.0000,0.0000,1
1.197,4,11,-25,1500,1498,-0.51,0.45,0.0000,0.0000,0.0000,1
1.214,5,9,-25,1501,1498,-0.51,0.45,0.0000,0.0000,0.0000,1
1.231,6,8,-26,1501,1498,-0.51,0.45,0.0000,0.0000,0.0000,1
1.248,7,5,-26,1501,1498,-0.51,0.45,0.0000,0.0000,0.0000,1
1.269,7,3,-25,1501,1498,-0.51,0.45,0.0000,0.0000,0.0000,1
1.286,7,1,-26,1501,1498,-0.51,0.45,0.0000,0.0000,0.0000,1
1.304,7,-1,-27,1501,1498,-0.51,0.45,0.0000,0.0000,0.0000,1
1.322,9,-4,-26,1501,1498,-0.51,0.45,0.0000,0.0000,0.0000,1
1.341,9,-4,-26,1501,1498,-0.51,0.45,0.0000,0.0000,0.0000,1
1.359,10,-6,-26,1502,1498,-0.51,0.45,0.0000,0.0000,0.0000,1
1.376,10,-6,-26,1502,1498,-1.41,-0.06,0.0000,0.0000,0.0000,1
1.394,10,-6,-26,1502,1498,-1.41,-0.06,0.0000,0.0000,0.0000,1
1.411,10,-7,-26,1502,1498,-1.41,-0.06,0.0000,0.0000,0.0000,1
1.429,11,-8,-26,1502,1498,-1.41,-0.06,0.0000,0.0000,0.0000,1
1.446,11,-9,-26,1502,1498,-1.41,-0.06,0.0000,0.0000,0.0000,1
1.464,12,-10,-26,1502,1498,-1.41,-0.06,0.0000,0.0000,0.0000,1
1.481,13,-12,-26,1502,1498,-1.41,-0.06,0.0000,0.0000,0.0000,1
1.498,14,-15,-26,1502,1498,-1.41,-0.06,0.0000,0.0000,0.0000,1
1.517,14,-16,-27,1502,1498,-1.41,-0.06,0.0000,0.0000,0.0000,1
1.534,14,-16,-28,1502,1498,-1.41,-0.06,0.0000,0.0000,0.0000,1
1.551,15,-17,-28,1503,1498,-1.41,-0.06,0.0000,0.0000,0.0000,1
1.568,15,-19,-27,1503,1498,-1.41,-0.06,0.0000,0.0000,0.0000,1
1.586,15,-21,-27,1503,1498,-1.41,-0.06,0.0000,0.0000,0.0000,1
1.605,15,-23,-27,1503,1498,-1.41,-0.06,0.0000,0.0000,0.0000,1
1.630,14,-26,-28,1502,1498,-1.16,-0.28,0.0000,0.0000,0.0000,1
1.647,14,-28,-28,1502,1498,-1.16,-0.28,0.0000,0.0000,0.0000,1
1.664,14,-30,-28,1502,1498,-1.16,-0.28,0.0000,0.0000,0.0000,1
1.682,13,-30,-28,1502,1498,-1.16,-0.28,0.0000,0.0000,0.0000,1
1.699,13,-33,-28,1502,1498,-1.16,-0.28,0.0000,0.0000,0.0000,1
1.716,13,-36,-27,1502,1498,-1.16,-0.28,0.0000,0.0000,0.0000,1
1.733,13,-39,-27,1502,1498,-1.16,-0.28,0.0000,0.0000,0.0000,1
1.751,13,-43,-28,1502,1498,-1.16,-0.28,0.0000,0.0000,0.0000,1
1.769,13,-46,-28,1502,1498,-1.16,-0.28,0.0000,0.0000,0.0000,1
1.786,12,-49,-28,1502,1498,-1.16,-0.28,0.0000,0.0000,0.0000,1
1.803,12,-50,-28,1502,1498,-1.16,-0.28,0.0000,0.0000,0.0000,1
1.821,12,-49,-28,1502,1498,-1.16,-0.28,0.0000,0.0000,0.0000,1
1.843,12,-49,-28,1502,1498,-1.16,-0.28,0.0000,0.0000,0.0000,1
1.863,14,-49,-28,1502,1498,-0.82,-1.09,0.0000,0.0000,0.0000,1
1.882,14,-50,-29,1502,1498,-0.82,-1.09,0.0000,0.0000,0.0000,1
1.901,15,-51,-28,1503,1498,-0.82,-1.09,0.0000,0.0000,0.0000,1
1.919,16,-53,-28,1503,1498,-0.82,-1.09,0.0000,0.0000,0.0000,1
1.938,16,-54,-28,1503,1498,-0.82,-1.09,0.0000,0.0000,0.0000,1
1.955,17,-55,-29,1503,1498,-0.82,-1.09,0.0000,0.0000,0.0000,1
1.974,17,-57,-28,1503,1498,-0.82,-1.09,0.0000,0.0000,0.0000,1
1.993,18,-59,-28,1503,1498,-0.82,-1.09,0.0000,0.0000,0.0000,1
2.011,20,-61,-28,1504,1498,-0.82,-1.09,0.0000,0.0000,0.0000,0
0.020,22,-65,-29,1504,1498,-0.82,-1.09,0.0000,0.0000,0.0000,0
0.037,23,-65,-29,1504,1498,-0.82,-1.09,0.0000,0.0000,0.0000,0
0.054,24,-65,-29,1504,1498,-0.82,-1.09,0.0000,0.0000,0.0000,0
0.072,26,-66,-28,1505,1498,-0.82,-1.09,0.0000,0.0000,0.0000,0
0.089,28,-67,-29,1505,1498,-0.82,-1.09,0.0000,0.0000,0.0000,0
0.107,30,-67,-30,1506,1497,-0.56,-1.90,0.0000,0.0000,0.0000,0
0.125,32,-67,-29,1506,1498,-0.56,-1.90,0.0000,0.0000,0.0000,0
0.144,34,-68,-29,1506,1498,-0.56,-1.90,0.0000,0.0000,0.0000,0
0.161,35,-68,-30,1507,1497,-0.56,-1.90,0.0000,0.0000,0.0000,0
0.179,39,-68,-29,1507,1498,-0.56,-1.90,0.0000,0.0000,0.0000,0
0.197,40,-68,-29,1508,1498,-0.56,-1.90,0.0000,0.0000,0.0000,0
0.215,42,-68,-29,1508,1498,-0.56,-1.90,0.0000,0.0000,0.0000,0
0.232,43,-68,-29,1508,1498,-0.56,-1.90,0.0000,0.0000,0.0000,0
0.250,44,-68,-29,1508,1498,-0.56,-1.90,0.0000,0.0000,0.0000,0
0.267,45,-69,-29,1509,1498,-0.56,-1.90,0.0000,0.0000,0.0000,0
0.285,47,-68,-29,1509,1498,-0.56,-1.90,0.0000,0.0000,0.0000,0
0.302,48,-69,-29,1509,1498,-0.56,-1.90,0.0000,0.0000,0.0000,0
0.319,49,-69,-28,1509,1498,-0.56,-1.90,0.0000,0.0000,0.0000,0
0.337,50,-68,-28,1510,1498,-0.56,-1.90,0.0000,0.0000,0.0000,0
0.355,51,-68,-29,1515,1498,-0.29,-1.85,0.0000,0.0000,0.0000,0
0.373,52,-68,-28,1515,1498,-0.29,-1.85,0.0000,0.0000,0.0000,0
0.390,53,-67,-29,1515,1498,-0.29,-1.85,0.0000,0.0000,0.0000,0
0.409,53,-67,-29,1515,1498,-0.29,-1.85,0.0000,0.0000,0.0000,0
0.426,54,-67,-28,1516,1498,-0.29,-1.85,0.0000,0.0000,0.0000,0
0.444,55,-67,-28,1516,1498,-0.29,-1.85,0.0000,0.0000,0.0000,0
0.462,56,-67,-30,1516,1497,-0.29,-1.85,0.0000,0.0000,0.0000,0
0.480,57,-68,-29,1517,1498,-0.29,-1.85,0.0000,0.0000,0.0000,0
0.497,58,-69,-28,1517,1498,-0.29,-1.85,0.0000,0.0000,0.0000,0
0.516,58,-70,-28,1517,1498,-0.29,-1.85,0.0000,0.0000,0.0000,0
0.534,59,-71,-28,1517,1498,-0.29,-1.85,0.0000,0.0000,0.0000,0
0.551,59,-72,-28,1517,1498,-0.29,-1.85,0.0000,0.0000,0.0000,0
0.568,60,-73,-28,1518,1498,-0.29,-1.85,0.0000,0.0000,0.0000,0
0.586,60,-73,-28,1518,1498,-0.29,-1.85,0.0000,0.0000,0.0000,0
0.607,61,-71,-28,1518,1498,0.53,-1.78,0.0000,0.0000,0.0000,0
0.625,62,-68,-28,1518,1498,0.53,-1.78,0.0000,0.0000,0.0000,0
0.643,63,-68,-27,1518,1498,0.53,-1.78,0.0000,0.0000,0.0000,0
0.661,64,-67,-27,1519,1498,0.53,-1.78,0.0000,0.0000,0.0000,0
0.680,67,-66,-27,1520,1498,0.53,-1.78,0.0000,0.0000,0.0000,0
0.697,68,-65,-26,1520,1498,0.53,-1.78,0.0000,0.0000,0.0000,0
0.714,68,-63,-27,1520,1498,0.53,-1.78,0.0000,0.0000,0.0000,0
0.731,70,-63,-26,1521,1498,0.53,-1.78,0.0000,0.0000,0.0000,0
0.750,70,-63,-26,1521,1498,0.53,-1.78,0.0000,0.0000,0.0000,0
0.767,71,-62,-26,1521,1498,0.53,-1.78,0.0000,0.0000,0.0000,0
0.784,72,-61,-27,1521,1498,0.53,-1.78,0.0000,0.0000,0.0000,0
0.801,72,-62,-26,1521,1498,0.53,-1.78,0.0000,0.0000,0.0000,0
0.819,72,-61,-25,1521,1498,0.53,-1.78,0.0000,0.0000,0.0000,0
0.836,73,-61,-25,1521,1498,0.53,-1.78,0.0000,0.0000,0.0000,0
0.853,72,-61,-25,1521,1498,0.80,-0.79,0.0000,0.0000,0.0000,0
0.871,72,-61,-24,1521,1498,0.80,-0.79,0.0000,0.0000,0.0000,0
0.890,73,-62,-25,1521,1498,0.80,-0.79,0.0000,0.0000,0.0000,0
0.912,73,-63,-25,1521,1498,0.80,-0.79,0.0000,0.0000,0.0000,0
0.929,72,-64,-24,1521,1498,0.80,-0.79,0.0000,0.0000,0.0000,0
0.948,72,-64,-24,1521,1498,0.80,-0.79,0.0000,0.0000,0.0000,0
0.967,72,-63,-24,1521,1498,0.80,-0.79,0.0000,0.0000,0.0000,0
0.985,72,-63,-24,1521,1498,0.80,-0.79,0.0000,0.0000,0.0000,0
1.002,71,-63,-24,1521,1498,0.80,-0.79,0.0000,0.0000,0.0000,0
1.019,70,-63,-23,1521,1498,0.80,-0.79,0.0000,0.0000,0.0000,0
1.036,70,-62,-23,1521,1498,0.80,-0.79,0.0000,0.0000,0.0000,0
1.053,70,-62,-22,1521,1498,0.80,-0.79,0.0000,0.0000,0.0000,0
1.070,70,-63,-22,1521,1498,0.80,-0.79,0.0000,0.0000,0.0000,0
1.088,69,-64,-22,1520,1498,0.80,-0.79,0.0000,0.0000,0.0000,0
1.106,69,-65,-21,1520,1498,0.89,-0.06,0.0000,0.0000,0.0000,0
1.125,69,-66,-22,1520,1498,0.89,-0.06,0.0000,0.0000,0.0000,0
1.143,69,-67,-21,1520,1498,0.89,-0.06,0.0000,0.0000,0.0000,0
1.161,69,-68,-21,1520,1498,0.89,-0.06,0.0000,0.0000,0.0000,0
1.179,69,-70,-20,1520,1498,0.89,-0.06,0.0000,0.0000,0.0000,0
1.196,69,-71,-20,1520,1498,0.89,-0.06,0.0000,0.0000,0.0000,0
1.213,69,-71,-19,1520,1499,0.89,-0.06,0.0000,0.0000,0.0000,0
1.231,68,-69,-20,1520,1498,0.89,-0.06,0.0000,0.0000,0.0000,0
1.248,68,-66,-19,1520,1499,0.89,-0.06,0.0000,0.0000,0.0000,0
1.265,69,-64,-19,1520,1499,0.89,-0.06,0.0000,0.0000,0.0000,0
1.282,69,-62,-19,1520,1499,0.89,-0.06,0.0000,0.0000,0.0000,0
1.299,70,-60,-18,1521,1499,0.89,-0.06,0.0000,0.0000,0.0000,0
1.317,70,-58,-17,1521,1499,0.89,-0.06,0.0000,0.0000,0.0000,0
1.334,70,-57,-17,1521,1499,0.89,-0.06,0.0000,0.0000,0.0000,0
1.352,70,-55,-17,1521,1499,0.41,0.58,0.0000,0.0000,0.0000,0
1.370,71,-54,-17,1521,1499,0.41,0.58,0.0000,0.0000,0.0000,0
1.387,72,-53,-16,1521,1499,0.41,0.58,0.0000,0.0000,0.0000,0
1.405,72,-53,-16,1521,1499,0.41,0.58,0.0000,0.0000,0.0000,0
1.422,72,-53,-16,1521,1499,0.41,0.58,0.0000,0.0000,0.0000,0
1.439,73,-52,-17,1521,1499,0.41,0.58,0.0000,0.0000,0.0000,0
1.456,73,-50,-17,1521,1499,0.41,0.58,0.0000,0.0000,0.0000,0
1.474,74,-49,-16,1522,1499,0.41,0.58,0.0000,0.0000,0.0000,0
1.492,75,-47,-17,1522,1499,0.41,0.58,0.0000,0.0000,0.0000,0
1.509,76,-42,-18,1522,1499,0.41,0.58,0.0000,0.0000,0.0000,0
1.528,76,-40,-17,1522,1499,0.41,0.58,0.0000,0.0000,0.0000,0
1.547,77,-37,-16,1523,1499,0.41,0.58,0.0000,0.0000,0.0000,0
1.564,77,-35,-17,1523,1499,0.41,0.58,0.0000,0.0000,0.0000,0
1.582,78,-35,-16,1523,1499,0.41,0.58,0.0000,0.0000,0.0000,0
1.599,77,-35,-17,1523,1499,0.51,1.38,0.0000,0.0000,0.0000,0
1.617,77,-34,-16,1523,1499,0.51,1.38,0.0000,0.0000,0.0000,0
1.634,77,-34,-16,1523,1499,0.51,1.38,0.0000,0.0000,0.0000,0
1.651,77,-34,-17,1523,1499,0.51,1.38,0.0000,0.0000,0.0000,0
1.670,76,-35,-16,1522,1499,0.51,1.38,0.0000,0.0000,0.0000,0
1.687,76,-36,-15,1522,1499,0.51,1.38,0.0000,0.0000,0.0000,0
1.704,76,-37,-16,1522,1499,0.51,1.38,0.0000,0.0000,0.0000,0
1.722,75,-38,-17,1522,1499,0.51,1.38,0.0000,0.0000,0.0000,0
1.740,75,-40,-16,1522,1499,0.51,1.38,0.0000,0.0000,0.0000,0
1.759,73,-44,-15,1521,1499,0.51,1.38,0.0000,0.0000,0.0000,0
1.777,73,-47,-15,1521,1499,0.51,1.38,0.0000,0.0000,0.0000,0
1.794,73,-49,-16,1521,1499,0.51,1.38,0.0000,0.0000,0.0000,0
1.812,73,-51,-14,1521,1499,0.51,1.38,0.0000,0.0000,0.0000,0
1.831,73,-52,-14,1521,1499,0.51,1.38,0.0000,0.0000,0.0000,0
1.849,73,-53,-14,1521,1499,0.06,0.81,0.0000,0.0000,0.0000,0
1.866,74,-54,-13,1522,1499,0.06,0.81,0.0000,0.0000,0.0000,0
1.883,74,-55,-12,1522,1499,0.06,0.81,0.0000,0.0000,0.0000,0
1.901,74,-55,-13,1522,1499,0.06,0.81,0.0000,0.0000,0.0000,0
1.918,74,-55,-12,1522,1499,0.06,0.81,0.0000,0.0000,0.0000,0
1.936,75,-56,-10,1522,1499,0.06,0.81,0.0000,0.0000,0.0000,0
1.954,76,-56,-11,1522,1499,0.06,0.81,0.0000,0.0000,0.0000,0
1.972,76,-57,-12,1522,1499,0.06,0.81,0.0000,0.0000,0.0000,0
1.989,76,-59,-9,1522,1500,0.06,0.81,0.0000,0.0000,0.0000,0
2.007,76,-59,-9,1522,1500,0.06,0.81,0.0000,0.0000,0.0000,0
2.025,74,-61,-8,1522,1500,0.06,0.81,0.0000,0.0000,0.0000,0
2.042,73,-61,-9,1521,1500,0.06,0.81,0.0000,0.0000,0.0000,0
2.060,71,-60,-8,1521,1500,0.06,0.81,0.0000,0.0000,0.0000,0
2.077,69,-59,-8,1520,1500,0.06,0.81,0.0000,0.0000,0.0000,0
2.095,68,-59,-8,1520,1500,0.10,0.17,0.0000,0.0000,0.0000,0
2.113,68,-59,-8,1520,1500,0.10,0.17,0.0000,0.0000,0.0000,0
2.131,66,-60,-9,1519,1500,0.10,0.17,0.0000,0.0000,0.0000,0
2.154,63,-59,-10,1518,1499,0.10,0.17,0.0000,0.0000,0.0000,0
2.173,61,-58,-9,1518,1500,0.10,0.17,0.0000,0.0000,0.0000,0
2.191,59,-59,-8,1517,1500,0.10,0.17,0.0000,0.0000,0.0000,1
2.209,56,-61,-7,1516,1500,0.10,0.17,0.0000,0.0000,0.0000,0
0.018,54,-61,-8,1516,1500,0.10,0.17,0.0000,0.0000,0.0000,0
0.035,51,-60,-8,1515,1500,0.10,0.17,0.0000,0.0000,0.0000,1
0.053,49,-60,-8,1509,1500,0.10,0.17,0.0000,0.0000,0.0000,1
0.070,48,-61,-7,1509,1500,0.10,0.17,0.0000,0.0000,0.0000,0
0.017,47,-62,-7,1509,1500,0.10,0.17,0.0000,0.0000,0.0000,0
0.034,45,-62,-8,1509,1500,0.10,0.17,0.0000,0.0000,0.0000,0
0.052,44,-62,-8,1508,1500,0.10,0.17,0.0000,0.0000,0.0000,0
0.070,42,-62,-9,1508,1500,0.33,0.27,0.0000,0.0000,0.0000,0
0.088,41,-62,-10,1508,1499,0.33,0.27,0.0000,0.0000,0.0000,0
0.113,39,-61,-9,1507,1500,0.33,0.27,0.0000,0.0000,0.0000,0
0.134,38,-59,-8,1507,1500,0.33,0.27,0.0000,0.0000,0.0000,1
0.151,36,-58,-9,1507,1500,0.33,0.27,0.0000,0.0000,0.0000,1
0.169,33,-53,-8,1506,1500,0.33,0.27,0.0000,0.0000,0.0000,1
0.187,32,-52,-8,1506,1500,0.33,0.27,0.0000,0.0000,0.0000,1
0.206,30,-51,-7,1506,1500,0.33,0.27,0.0000,0.0000,0.0000,1
0.223,29,-51,-7,1505,1500,0.33,0.27,0.0000,0.0000,0.0000,1
0.240,27,-50,-7,1505,1500,0.33,0.27,0.0000,0.0000,0.0000,1
0.258,27,-49,-7,1505,1500,0.33,0.27,0.0000,0.0000,0.0000,1
0.275,25,-50,-7,1505,1500,0.33,0.27,0.0000,0.0000,0.0000,1
0.293,23,-50,-7,1504,1500,0.33,0.27,0.0000,0.0000,0.0000,1
0.312,23,-50,-7,1504,1500,0.33,0.27,0.0000,0.0000,0.0000,1
0.330,21,-50,-8,1504,1500,0.07,0.56,0.0000,0.0000,0.0000,1
0.350,20,-50,-8,1504,1500,0.07,0.56,0.0000,0.0000,0.0000,1
0.367,18,-50,-7,1503,1500,0.07,0.56,0.0000,0.0000,0.0000,1
0.386,16,-51,-8,1503,1500,0.07,0.56,0.0000,0.0000,0.0000,1
0.403,15,-51,-9,1503,1500,0.07,0.56,0.0000,0.0000,0.0000,1
0.421,15,-51,-9,1503,1500,0.07,0.56,0.0000,0.0000,0.0000,1
0.438,14,-51,-7,1502,1500,0.07,0.56,0.0000,0.0000,0.0000,1
0.455,13,-51,-7,1502,1500,0.07,0.56,0.0000,0.0000,0.0000,1
0.473,13,-51,-8,1502,1500,0.07,0.56,0.0000,0.0000,0.0000,1
0.491,12,-51,-8,1502,1500,0.07,0.56,0.0000,0.0000,0.0000,1
0.509,11,-52,-8,1502,1500,0.07,0.56,0.0000,0.0000,0.0000,1
0.527,9,-53,-8,1501,1500,0.07,0.56,0.0000,0.0000,0.0000,1
0.545,8,-53,-8,1501,1500,0.07,0.56,0.0000,0.0000,0.0000,1
0.562,7,-52,-9,1501,1500,0.07,0.56,0.0000,0.0000,0.0000,1
0.583,6,-52,-9,1501,1500,0.00,0.06,0.0000,0.0000,0.0000,1
0.601,6,-53,-8,1501,1500,0.00,0.06,0.0000,0.0000,0.0000,1
0.618,6,-53,-8,1501,1500,0.00,0.06,0.0000,0.0000,0.0000,1
0.636,4,-53,-8,1500,1500,0.00,0.06,0.0000,0.0000,0.0000,1
0.653,1,-54,-8,1500,1500,0.00,0.06,0.0000,0.0000,0.0000,1
0.672,0,-55,-8,1500,1500,0.00,0.06,0.0000,0.0000,0.0000,1
0.690,-3,-56,-8,1500,1500,0.00,0.06,0.0000,0.0000,0.0000,1
0.707,-4,-57,-9,1500,1500,0.00,0.06,0.0000,0.0000,0.0000,1
0.724,-5,-57,-10,1499,1499,0.00,0.06,0.0000,0.0000,0.0000,1
0.742,-6,-57,-10,1499,1499,0.00,0.06,0.0000,0.0000,0.0000,1
0.759,-9,-58,-9,1499,1500,0.00,0.06,0.0000,0.0000,0.0000,1
0.780,-10,-59,-9,1498,1500,0.00,0.06,0.0000,0.0000,0.0000,1
0.800,-12,-59,-8,1498,1500,0.00,0.06,0.0000,0.0000,0.0000,1
0.818,-13,-59,-8,1498,1500,-0.29,-0.66,0.0000,0.0000,0.0000,1
0.835,-14,-58,-9,1498,1500,-0.29,-0.66,0.0000,0.0000,0.0000,1
0.854,-14,-58,-9,1498,1500,-0.29,-0.66,0.0000,0.0000,0.0000,1
0.873,-17,-57,-10,1497,1499,-0.29,-0.66,0.0000,0.0000,0.0000,1
0.891,-18,-56,-10,1497,1499,-0.29,-0.66,0.0000,0.0000,0.0000,1
0.908,-20,-56,-9,1496,1500,-0.29,-0.66,0.0000,0.0000,0.0000,1
0.925,-22,-56,-9,1496,1500,-0.29,-0.66,0.0000,0.0000,0.0000,1
0.943,-23,-56,-8,1496,1500,-0.29,-0.66,0.0000,0.0000,0.0000,1
0.960,-27,-55,-10,1495,1499,-0.29,-0.66,0.0000,0.0000,0.0000,1
0.978,-27,-55,-10,1495,1499,-0.29,-0.66,0.0000,0.0000,0.0000,1
0.996,-30,-56,-10,1494,1499,-0.29,-0.66,0.0000,0.0000,0.0000,1
1.014,-32,-56,-9,1494,1500,-0.29,-0.66,0.0000,0.0000,0.0000,1
1.031,-33,-56,-9,1494,1500,-0.29,-0.66,0.0000,0.0000,0.0000,1
1.049,-34,-56,-9,1494,1500,-0.29,-0.66,0.0000,0.0000,0.0000,1
1.069,-34,-56,-9,1494,1500,0.26,-0.83,0.0000,0.0000,0.0000,1
1.087,-35,-55,-10,1493,1499,0.26,-0.83,0.0000,0.0000,0.0000,1
1.104,-35,-54,-10,1493,1499,0.26,-0.83,0.0000,0.0000,0.0000,1
1.123,-35,-54,-10,1493,1499,0.26,-0.83,0.0000,0.0000,0.0000,1
1.140,-35,-52,-9,1493,1500,0.26,-0.83,0.0000,0.0000,0.0000,1
1.157,-35,-51,-10,1493,1499,0.26,-0.83,0.0000,0.0000,0.0000,1
1.175,-35,-50,-11,1493,1499,0.26,-0.83,0.0000,0.0000,0.0000,1
1.192,-36,-49,-11,1493,1499,0.26,-0.83,0.0000,0.0000,0.0000,1
1.209,-36,-48,-10,1493,1499,0.26,-0.83,0.0000,0.0000,0.0000,1
1.227,-38,-46,-10,1493,1499,0.26,-0.83,0.0000,0.0000,0.0000,1
1.245,-38,-46,-10,1493,1499,0.26,-0.83,0.0000,0.0000,0.0000,1
1.266,-39,-45,-10,1493,1499,0.26,-0.83,0.0000,0.0000,0.0000,1
1.284,-39,-45,-12,1493,1499,0.26,-0.83,0.0000,0.0000,0.0000,1
1.301,-40,-44,-11,1492,1499,0.26,-0.83,0.0000,0.0000,0.0000,1
1.319,-41,-44,-11,1492,1499,0.33,-0.37,0.0000,0.0000,0.0000,1
1.337,-41,-43,-10,1492,1499,0.33,-0.37,0.0000,0.0000,0.0000,1
1.356,-41,-42,-11,1492,1499,0.33,-0.37,0.0000,0.0000,0.0000,1
1.373,-41,-41,-11,1492,1499,0.33,-0.37,0.0000,0.0000,0.0000,1
1.390,-41,-40,-12,1492,1499,0.33,-0.37,0.0000,0.0000,0.0000,1
1.407,-41,-39,-11,1492,1499,0.33,-0.37,0.0000,0.0000,0.0000,1
1.425,-41,-38,-11,1492,1499,0.33,-0.37,0.0000,0.0000,0.0000,1
1.443,-40,-37,-11,1492,1499,0.33,-0.37,0.0000,0.0000,0.0000,1
1.460,-39,-36,-12,1493,1499,0.33,-0.37,0.0000,0.0000,0.0000,1
1.478,-39,-36,-13,1493,1499,0.33,-0.37,0.0000,0.0000,0.0000,1
1.495,-38,-35,-13,1493,1499,0.33,-0.37,0.0000,0.0000,0.0000,1
1.514,-36,-34,-12,1493,1499,0.33,-0.37,0.0000,0.0000,0.0000,1
1.533,-36,-33,-12,1493,1499,0.33,-0.37,0.0000,0.0000,0.0000,1
1.551,-35,-33,-12,1493,1499,0.33,-0.37,0.0000,0.0000,0.0000,1
1.568,-34,-33,-12,1494,1499,0.65,-0.16,0.0000,0.0000,0.0000,1
1.585,-33,-33,-12,1494,1499,0.65,-0.16,0.0000,0.0000,0.0000,1
1.603,-32,-34,-12,1494,1499,0.65,-0.16,0.0000,0.0000,0.0000,1
1.620,-31,-34,-13,1494,1499,0.65,-0.16,0.0000,0.0000,0.0000,1
1.637,-30,-34,-13,1494,1499,0.65,-0.16,0.0000,0.0000,0.0000,1
1.655,-29,-35,-13,1495,1499,0.65,-0.16,0.0000,0.0000,0.0000,1
1.672,-28,-36,-13,1495,1499,0.65,-0.16,0.0000,0.0000,0.0000,1
1.691,-27,-36,-13,1495,1499,0.65,-0.16,0.0000,0.0000,0.0000,1
1.710,-26,-36,-13,1495,1499,0.65,-0.16,0.0000,0.0000,0.0000,1
1.727,-26,-36,-13,1495,1499,0.65,-0.16,0.0000,0.0000,0.0000,1
1.745,-25,-36,-13,1495,1499,0.65,-0.16,0.0000,0.0000,0.0000,1
1.762,-25,-36,-13,1495,1499,0.65,-0.16,0.0000,0.0000,0.0000,1
1.780,-25,-36,-13,1495,1499,0.65,-0.16,0.0000,0.0000,0.0000,1
1.797,-24,-36,-14,1496,1499,0.65,-0.16,0.0000,0.0000,0.0000,1
1.814,-24,-35,-14,1496,1499,-0.11,-0.48,0.0000,0.0000,0.0000,1
1.831,-23,-34,-14,1496,1499,-0.11,-0.48,0.0000,0.0000,0.0000,1
1.848,-23,-34,-14,1496,1499,-0.11,-0.48,0.0000,0.0000,0.0000,1
1.866,-22,-33,-14,1496,1499,-0.11,-0.48,0.0000,0.0000,0.0000,1
1.884,-21,-32,-15,1496,1499,-0.11,-0.48,0.0000,0.0000,0.0000,1
1.901,-21,-32,-15,1496,1499,-0.11,-0.48,0.0000,0.0000,0.0000,1
1.918,-20,-32,-15,1496,1499,-0.11,-0.48,0.0000,0.0000,0.0000,1
1.935,-20,-32,-15,1496,1499,-0.11,-0.48,0.0000,0.0000,0.0000,1
1.952,-19,-32,-15,1497,1499,-0.11,-0.48,0.0000,0.0000,0.0000,1
1.971,-18,-32,-15,1497,1499,-0.11,-0.48,0.0000,0.0000,0.0000,1
1.989,-17,-32,-16,1497,1499,-0.11,-0.48,0.0000,0.0000,0.0000,1
2.008,-16,-32,-15,1497,1499,-0.11,-0.48,0.0000,0.0000,0.0000,1
2.026,-15,-32,-15,1497,1499,-0.11,-0.48,0.0000,0.0000,0.0000,1
2.043,-13,-32,-15,1498,1499,-0.11,-0.48,0.0000,0.0000,0.0000,1
2.061,-13,-33,-16,1498,1499,-0.11,-0.48,0.0000,0.0000,0.0000,1
2.079,-13,-33,-17,1498,1499,-0.71,-0.73,0.0000,0.0000,0.0000,1
2.096,-13,-33,-17,1498,1499,-0.71,-0.73,0.0000,0.0000,0.0000,1
2.113,-13,-35,-16,1498,1499,-0.71,-0.73,0.0000,0.0000,0.0000,1
2.132,-12,-37,-16,1498,1499,-0.71,-0.73,0.0000,0.0000,0.0000,1
2.149,-12,-38,-17,1498,1499,-0.71,-0.73,0.0000,0.0000,0.0000,1
2.166,-12,-38,-17,1498,1499,-0.71,-0.73,0.0000,0.0000,0.0000,1
2.184,-12,-39,-17,1498,1499,-0.71,-0.73,0.0000,0.0000,0.0000,1
2.201,-12,-39,-17,1498,1499,-0.71,-0.73,0.0000,0.0000,0.0000,1
2.218,-12,-39,-18,1498,1499,-0.71,-0.73,0.0000,0.0000,0.0000,1
2.235,-13,-40,-18,1498,1499,-0.71,-0.73,0.0000,0.0000,0.0000,1
2.252,-13,-40,-17,1498,1499,-0.71,-0.73,0.0000,0.0000,0.0000,1
2.271,-14,-41,-17,1498,1499,-0.71,-0.73,0.0000,0.0000,0.0000,1
2.288,-14,-40,-19,1498,1499,-0.71,-0.73,0.0000,0.0000,0.0000,1
2.306,-15,-40,-19,1497,1499,-0.71,-0.73,0.0000,0.0000,0.0000,1
2.323,-15,-41,-18,1497,1499,-0.28,-1.14,0.0000,0.0000,0.0000,1
2.340,-16,-41,-18,1497,1499,-0.28,-1.14,0.0000,0.0000,0.0000,1
2.359,-17,-42,-20,1497,1498,-0.28,-1.14,0.0000,0.0000,0.0000,1
2.376,-17,-42,-19,1497,1499,-0.28,-1.14,0.0000,0.0000,0.0000,1
2.395,-18,-43,-18,1497,1499,-0.28,-1.14,0.0000,0.0000,0.0000,1
2.412,-18,-43,-19,1497,1499,-0.28,-1.14,0.0000,0.0000,0.0000,1
2.430,-18,-43,-20,1497,1498,-0.28,-1.14,0.0000,0.0000,0.0000,1
2.448,-19,-43,-19,1497,1499,-0.28,-1.14,0.0000,0.0000,0.0000,1
2.467,-19,-43,-20,1497,1498,-0.28,-1.14,0.0000,0.0000,0.0000,1
2.486,-20,-43,-20,1496,1498,-0.28,-1.14,0.0000,0.0000,0.0000,1
2.504,-20,-42,-20,1496,1498,-0.28,-1.14,0.0000,0.0000,0.0000,1
2.522,-20,-41,-20,1496,1498,-0.28,-1.14,0.0000,0.0000,0.0000,1
2.540,-20,-41,-20,1496,1498,-0.28,-1.14,0.0000,0.0000,0.0000,1
2.557,-21,-40,-20,1496,1498,-0.28,-1.14,0.0000,0.0000,0.0000,1
2.574,-22,-39,-20,1496,1498,-0.44,-1.20,0.0000,0.0000,0.0000,1
2.593,-23,-39,-21,1496,1498,-0.44,-1.20,0.0000,0.0000,0.0000,1
2.612,-25,-38,-20,1495,1498,-0.44,-1.20,0.0000,0.0000,0.0000,1
2.631,-26,-37,-21,1495,1498,-0.44,-1.20,0.0000,0.0000,0.0000,1
2.649,-30,-34,-20,1494,1498,-0.44,-1.20,0.0000,0.0000,0.0000,1
2.666,-32,-33,-21,1494,1498,-0.44,-1.20,0.0000,0.0000,0.0000,1
2.683,-35,-32,-21,1493,1498,-0.44,-1.20,0.0000,0.0000,0.0000,1
2.701,-37,-31,-21,1493,1498,-0.44,-1.20,0.0000,0.0000,0.0000,1
2.718,-40,-30,-21,1492,1498,-0.44,-1.20,0.0000,0.0000,0.0000,1
2.736,-42,-29,-21,1492,1498,-0.44,-1.20,0.0000,0.0000,0.0000,1
2.754,-45,-28,-21,1491,1498,-0.44,-1.20,0.0000,0.0000,0.0000,1
2.771,-47,-27,-22,1491,1498,-0.44,-1.20,0.0000,0.0000,0.0000,1
2.789,-49,-25,-22,1491,1498,-0.44,-1.20,0.0000,0.0000,0.0000,1
2.806,-50,-24,-22,1490,1498,-0.44,-1.20,0.0000,0.0000,0.0000,1
2.823,-52,-23,-22,1485,1498,-0.89,-0.72,0.0000,0.0000,0.0000,1
2.840,-54,-23,-22,1484,1498,-0.89,-0.72,0.0000,0.0000,0.0000,1
2.858,-55,-23,-22,1484,1498,-0.89,-0.72,0.0000,0.0000,0.0000,1
2.875,-56,-23,-22,1484,1498,-0.89,-0.72,0.0000,0.0000,0.0000,1
2.892,-57,-23,-22,1483,1498,-0.89,-0.72,0.0000,0.0000,0.0000,1
2.909,-58,-24,-24,1483,1498,-0.89,-0.72,0.0000,0.0000,0.0000,1
2.929,-58,-24,-24,1483,1498,-0.89,-0.72,0.0000,0.0000,0.0000,1
2.950,-59,-24,-24,1483,1498,-0.89,-0.72,0.0000,0.0000,0.0000,1
2.967,-59,-24,-24,1483,1498,-0.89,-0.72,0.0000,0.0000,0.0000,1
2.984,-59,-24,-23,1483,1498,-0.89,-0.72,0.0000,0.0000,0.0000,1
3.001,-59,-25,-23,1483,1498,-0.89,-0.72,0.0000,0.0000,0.0000,1
3.019,-59,-25,-23,1483,1498,-0.89,-0.72,0.0000,0.0000,0.0000,1
3.036,-59,-25,-24,1483,1498,-0.89,-0.72,0.0000,0.0000,0.0000,1
3.053,-59,-24,-24,1483,1498,-0.89,-0.72,0.0000,0.0000,0.0000,1
3.070,-58,-24,-25,1483,1498,-1.35,-1.12,0.0000,0.0000,0.0000,1
3.088,-58,-24,-24,1483,1498,-1.35,-1.12,0.0000,0.0000,0.0000,1
3.106,-58,-24,-23,1483,1498,-1.35,-1.12,0.0000,0.0000,0.0000,1
3.123,-59,-24,-23,1483,1498,-1.35,-1.12,0.0000,0.0000,0.0000,1
3.141,-59,-23,-24,1483,1498,-1.35,-1.12,0.0000,0.0000,0.0000,1
3.158,-59,-22,-24,1483,1498,-1.35,-1.12,0.0000,0.0000,0.0000,1
3.176,-59,-22,-24,1483,1498,-1.35,-1.12,0.0000,0.0000,0.0000,1
3.193,-60,-22,-24,1482,1498,-1.35,-1.12,0.0000,0.0000,0.0000,1
3.210,-60,-22,-24,1482,1498,-1.35,-1.12,0.0000,0.0000,0.0000,1
3.229,-60,-24,-25,1482,1498,-1.35,-1.12,0.0000,0.0000,0.0000,1
3.246,-61,-25,-24,1482,1498,-1.35,-1.12,0.0000,0.0000,0.0000,0
0.017,-61,-26,-25,1482,1498,-1.35,-1.12,0.0000,0.0000,0.0000,0
0.035,-62,-26,-25,1482,1498,-1.35,-1.12,0.0000,0.0000,0.0000,0
0.053,-62,-27,-25,1482,1498,-1.35,-1.12,0.0000,0.0000,0.0000,0
0.072,-62,-28,-24,1482,1498,-0.97,-1.64,0.0000,0.0000,0.0000,0
0.090,-63,-28,-25,1482,1498,-0.97,-1.64,0.0000,0.0000,0.0000,0
0.112,-63,-29,-25,1482,1498,-0.97,-1.64,0.0000,0.0000,0.0000,0
0.130,-63,-29,-26,1482,1498,-0.97,-1.64,0.0000,0.0000,0.0000,0
0.148,-63,-29,-25,1482,1498,-0.97,-1.64,0.0000,0.0000,0.0000,0
0.166,-63,-29,-25,1482,1498,-0.97,-1.64,0.0000,0.0000,0.0000,0
0.184,-63,-29,-25,1482,1498,-0.97,-1.64,0.0000,0.0000,0.0000,0
0.201,-63,-28,-25,1482,1498,-0.97,-1.64,0.0000,0.0000,0.0000,0
0.219,-63,-28,-27,1482,1498,-0.97,-1.64,0.0000,0.0000,0.0000,0
0.237,-64,-27,-27,1481,1498,-0.97,-1.64,0.0000,0.0000,0.0000,0
0.254,-64,-26,-26,1481,1498,-0.97,-1.64,0.0000,0.0000,0.0000,0
0.271,-65,-25,-25,1481,1498,-0.97,-1.64,0.0000,0.0000,0.0000,0
0.290,-65,-24,-25,1481,1498,-0.97,-1.64,0.0000,0.0000,0.0000,0
0.308,-66,-22,-25,1481,1498,-0.97,-1.64,0.0000,0.0000,0.0000,0
0.326,-68,-22,-26,1480,1498,-1.34,-1.20,0.0000,0.0000,0.0000,0
0.345,-69,-20,-26,1480,1498,-1.34,-1.20,0.0000,0.0000,0.0000,0
0.362,-70,-19,-26,1479,1498,-1.34,-1.20,0.0000,0.0000,0.0000,0
0.382,-72,-18,-25,1479,1498,-1.34,-1.20,0.0000,0.0000,0.0000,0
0.399,-72,-16,-25,1479,1498,-1.34,-1.20,0.0000,0.0000,0.0000,0
0.416,-74,-15,-26,1478,1498,-1.34,-1.20,0.0000,0.0000,0.0000,0
0.433,-74,-14,-25,1478,1498,-1.34,-1.20,0.0000,0.0000,0.0000,0
0.450,-75,-13,-25,1478,1498,-1.34,-1.20,0.0000,0.0000,0.0000,0
0.467,-75,-12,-24,1478,1498,-1.34,-1.20,0.0000,0.0000,0.0000,0
0.485,-75,-12,-24,1478,1498,-1.34,-1.20,0.0000,0.0000,0.0000,0
0.502,-75,-11,-25,1478,1498,-1.34,-1.20,0.0000,0.0000,0.0000,0
0.520,-75,-10,-26,1478,1498,-1.34,-1.20,0.0000,0.0000,0.0000,0
0.537,-74,-9,-27,1478,1498,-1.34,-1.20,0.0000,0.0000,0.0000,0
0.556,-73,-8,-26,1479,1498,-1.34,-1.20,0.0000,0.0000,0.0000,0
0.578,-72,-7,-25,1479,1498,-1.25,-0.52,0.0000,0.0000,0.0000,0
0.599,-71,-6,-25,1479,1498,-1.25,-0.52,0.0000,0.0000,0.0000,0
0.616,-69,-6,-25,1480,1498,-1.25,-0.52,0.0000,0.0000,0.0000,0
0.633,-67,-5,-25,1480,1498,-1.25,-0.52,0.0000,0.0000,0.0000,0
0.651,-64,-5,-26,1481,1498,-1.25,-0.52,0.0000,0.0000,0.0000,0
0.668,-62,-4,-25,1482,1498,-1.25,-0.52,0.0000,0.0000,0.0000,0
0.685,-61,-3,-25,1482,1498,-1.25,-0.52,0.0000,0.0000,0.0000,0
0.702,-59,-3,-25,1483,1498,-1.25,-0.52,0.0000,0.0000,0.0000,1
0.720,-58,-2,-26,1483,1498,-1.25,-0.52,0.0000,0.0000,0.0000,1
0.737,-56,-1,-25,1484,1498,-1.25,-0.52,0.0000,0.0000,0.0000,1
0.755,-54,-1,-25,1484,1498,-1.25,-0.52,0.0000,0.0000,0.0000,1
0.773,-51,-1,-25,1485,1498,-1.25,-0.52,0.0000,0.0000,0.0000,1
0.791,-49,0,-25,1491,1498,-1.25,-0.52,0.0000,0.0000,0.0000,1
0.808,-46,0,-25,1491,1498,-1.25,-0.52,0.0000,0.0000,0.0000,1
0.826,-44,-1,-25,1492,1498,-1.16,-0.12,0.0000,0.0000,0.0000,1
0.844,-42,-2,-25,1492,1498,-1.16,-0.12,0.0000,0.0000,0.0000,1
0.863,-40,-1,-25,1492,1498,-1.16,-0.12,0.0000,0.0000,0.0000,1
0.880,-38,0,-25,1493,1498,-1.16,-0.12,0.0000,0.0000,0.0000,1
0.897,-36,0,-25,1493,1498,-1.16,-0.12,0.0000,0.0000,0.0000,1
0.915,-34,0,-26,1494,1498,-1.16,-0.12,0.0000,0.0000,0.0000,1
0.932,-33,-1,-26,1494,1498,-1.16,-0.12,0.0000,0.0000,0.0000,1
0.950,-33,-2,-26,1494,1498,-1.16,-0.12,0.0000,0.0000,0.0000,1
0.968,-33,-2,-26,1494,1498,-1.16,-0.12,0.0000,0.0000,0.0000,1
0.985,-34,-1,-26,1494,1498,-1.16,-0.12,0.0000,0.0000,0.0000,1
1.003,-34,-1,-27,1494,1498,-1.16,-0.12,0.0000,0.0000,0.0000,1
1.020,-34,-1,-27,1494,1498,-1.16,-0.12,0.0000,0.0000,0.0000,1
1.037,-34,-1,-27,1494,1498,-1.16,-0.12,0.0000,0.0000,0.0000,1
1.054,-34,-1,-27,1494,1498,-1.16,-0.12,0.0000,0.0000,0.0000,1
1.073,-34,-2,-27,1494,1498,-1.15,-0.31,0.0000,0.0000,0.0000,1
1.097,-33,-5,-27,1494,1498,-1.15,-0.31,0.0000,0.0000,0.0000,1
1.114,-33,-7,-27,1494,1498,-1.15,-0.31,0.0000,0.0000,0.0000,1
1.131,-33,-7,-27,1494,1498,-1.15,-0.31,0.0000,0.0000,0.0000,1
1.149,-32,-9,-26,1494,1498,-1.15,-0.31,0.0000,0.0000,0.0000,1
1.167,-31,-9,-26,1494,1498,-1.15,-0.31,0.0000,0.0000,0.0000,1
1.184,-30,-10,-27,1494,1498,-1.15,-0.31,0.0000,0.0000,0.0000,1
1.201,-29,-11,-26,1495,1498,-1.15,-0.31,0.0000,0.0000,0.0000,1
1.219,-28,-11,-26,1495,1498,-1.15,-0.31,0.0000,0.0000,0.0000,1
1.238,-27,-11,-27,1495,1498,-1.15,-0.31,0.0000,0.0000,0.0000,1
1.255,-26,-11,-27,1495,1498,-1.15,-0.31,0.0000,0.0000,0.0000,1
1.275,-25,-12,-27,1495,1498,-1.15,-0.31,0.0000,0.0000,0.0000,1
1.293,-24,-12,-27,1496,1498,-1.15,-0.31,0.0000,0.0000,0.0000,1
1.310,-23,-11,-28,1496,1498,-1.15,-0.31,0.0000,0.0000,0.0000,1
1.327,-22,-11,-27,1496,1498,-0.82,-0.84,0.0000,0.0000,0.0000,1
1.344,-21,-10,-27,1496,1498,-0.82,-0.84,0.0000,0.0000,0.0000,1
1.362,-20,-9,-28,1496,1498,-0.82,-0.84,0.0000,0.0000,0.0000,1
1.386,-18,-8,-27,1497,1498,-0.82,-0.84,0.0000,0.0000,0.0000,1
1.403,-16,-9,-29,1497,1498,-0.82,-0.84,0.0000,0.0000,0.0000,1
1.421,-15,-8,-28,1497,1498,-0.82,-0.84,0.0000,0.0000,0.0000,1
1.438,-14,-7,-28,1498,1498,-0.82,-0.84,0.0000,0.0000,0.0000,1
1.455,-13,-6,-29,1498,1498,-0.82,-0.84,0.0000,0.0000,0.0000,1
1.473,-12,-6,-28,1498,1498,-0.82,-0.84,0.0000,0.0000,0.0000,1
1.491,-10,-6,-28,1498,1498,-0.82,-0.84,0.0000,0.0000,0.0000,1
1.508,-9,-5,-29,1499,1498,-0.82,-0.84,0.0000,0.0000,0.0000,1
1.526,-7,-5,-28,1499,1498,-0.82,-0.84,0.0000,0.0000,0.0000,1
1.543,-6,-6,-29,1499,1498,-0.82,-0.84,0.0000,0.0000,0.0000,1
1.561,-6,-5,-29,1499,1498,0.11,-0.76,0.0000,0.0000,0.0000,1
1.579,-5,-3,-28,1499,1498,0.11,-0.76,0.0000,0.0000,0.0000,1
1.596,-4,-1,-29,1500,1498,0.11,-0.76,0.0000,0.0000,0.0000,1
1.613,-3,-1,-29,1500,1498,0.11,-0.76,0.0000,0.0000,0.0000,1
1.630,-2,0,-29,1500,1498,0.11,-0.76,0.0000,0.0000,0.0000,1
1.648,-1,-3,-29,1500,1498,0.11,-0.76,0.0000,0.0000,0.0000,1
1.665,0,-3,-29,1500,1498,0.11,-0.76,0.0000,0.0000,0.0000,1
1.683,-1,-2,-29,1500,1498,0.11,-0.76,0.0000,0.0000,0.0000,1
1.700,0,-1,-30,1500,1497,0.11,-0.76,0.0000,0.0000,0.0000,1
1.718,0,-1,-30,1500,1497,0.11,-0.76,0.0000,0.0000,0.0000,1
1.737,1,-1,-30,1500,1497,0.11,-0.76,0.0000,0.0000,0.0000,1
1.756,1,-2,-30,1500,1497,0.11,-0.76,0.0000,0.0000,0.0000,1
1.773,1,-3,-30,1500,1497,0.11,-0.76,0.0000,0.0000,0.0000,1
1.791,2,-5,-30,1500,1497,0.11,-0.76,0.0000,0.0000,0.0000,1
1.808,2,-7,-31,1500,1497,0.11,-0.76,0.0000,0.0000,0.0000,0
0.017,3,-8,-31,1500,1497,0.17,-1.33,0.0000,0.0000,0.0000,0
0.035,2,-8,-31,1500,1497,0.17,-1.33,0.0000,0.0000,0.0000,0
0.053,2,-7,-32,1500,1497,0.17,-1.33,0.0000,0.0000,0.0000,0
0.070,3,-7,-31,1500,1497,0.17,-1.33,0.0000,0.0000,0.0000,0
0.088,3,-9,-32,1500,1497,0.17,-1.33,0.0000,0.0000,0.0000,0
0.105,2,-10,-31,1500,1497,0.17,-1.33,0.0000,0.0000,0.0000,0
0.122,1,-10,-32,1500,1497,0.17,-1.33,0.0000,0.0000,0.0000,0
0.139,0,-10,-32,1500,1497,0.17,-1.33,0.0000,0.0000,0.0000,0
0.157,-1,-11,-32,1500,1497,0.17,-1.33,0.0000,0.0000,0.0000,0
0.175,-2,-11,-33,1500,1497,0.17,-1.33,0.0000,0.0000,0.0000,0
0.193,-3,-12,-33,1500,1497,0.17,-1.33,0.0000,0.0000,0.0000,0
0.211,-4,-12,-32,1500,1497,0.17,-1.33,0.0000,0.0000,0.0000,0
0.228,-5,-12,-32,1499,1497,0.17,-1.33,0.0000,0.0000,0.0000,0
0.246,-6,-12,-32,1499,1497,0.17,-1.33,0.0000,0.0000,0.0000,0
0.263,-6,-13,-32,1499,1497,-0.41,-1.78,0.0000,0.0000,0.0000,0
0.280,-6,-13,-32,1499,1497,-0.41,-1.78,0.0000,0.0000,0.0000,0
0.298,-7,-13,-32,1499,1497,-0.41,-1.78,0.0000,0.0000,0.0000,0
0.317,-7,-14,-32,1499,1497,-0.41,-1.78,0.0000,0.0000,0.0000,0
0.335,-8,-15,-32,1499,1497,-0.41,-1.78,0.0000,0.0000,0.0000,0
0.352,-8,-16,-33,1499,1497,-0.41,-1.78,0.0000,0.0000,0.0000,0
0.369,-8,-16,-33,1499,1497,-0.41,-1.78,0.0000,0.0000,0.0000,0
0.388,-8,-16,-33,1499,1497,-0.41,-1.78,0.0000,0.0000,0.0000,0
0.407,-8,-16,-34,1499,1497,-0.41,-1.78,0.0000,0.0000,0.0000,0
0.424,-8,-15,-33,1499,1497,-0.41,-1.78,0.0000,0.0000,0.0000,0
0.441,-8,-16,-33,1499,1497,-0.41,-1.78,0.0000,0.0000,0.0000,0
0.459,-8,-16,-34,1499,1497,-0.41,-1.78,0.0000,0.0000,0.0000,0
0.476,-8,-16,-34,1499,1497,-0.41,-1.78,0.0000,0.0000,0.0000,0
0.493,-8,-16,-33,1499,1497,-0.41,-1.78,0.0000,0.0000,0.0000,0
0.511,-8,-16,-33,1499,1497,-0.71,-2.10,0.0000,0.0000,0.0000,0
0.528,-10,-16,-34,1498,1497,-0.71,-2.10,0.0000,0.0000,0.0000,0
0.546,-10,-15,-34,1498,1497,-0.71,-2.10,0.0000,0.0000,0.0000,0
0.563,-10,-15,-34,1498,1497,-0.71,-2.10,0.0000,0.0000,0.0000,0
0.580,-10,-16,-34,1498,1497,-0.71,-2.10,0.0000,0.0000,0.0000,0
0.597,-13,-18,-34,1498,1497,-0.71,-2.10,0.0000,0.0000,0.0000,0
0.614,-15,-19,-35,1497,1497,-0.71,-2.10,0.0000,0.0000,0.0000,0
0.632,-17,-20,-35,1497,1497,-0.71,-2.10,0.0000,0.0000,0.0000,0
0.650,-19,-19,-34,1497,1497,-0.71,-2.10,0.0000,0.0000,0.0000,0
0.667,-21,-19,-35,1496,1497,-0.71,-2.10,0.0000,0.0000,0.0000,0
0.685,-22,-18,-35,1496,1497,-0.71,-2.10,0.0000,0.0000,0.0000,0
0.703,-26,-17,-35,1495,1497,-0.71,-2.10,0.0000,0.0000,0.0000,0
0.721,-28,-18,-35,1495,1497,-0.71,-2.10,0.0000,0.0000,0.0000,0
0.742,-30,-17,-35,1495,1497,-0.71,-2.10,0.0000,0.0000,0.0000,0
0.759,-30,-17,-35,1494,1497,-0.32,-2.08,0.0000,0.0000,0.0000,0
0.776,-31,-17,-35,1494,1497,-0.32,-2.08,0.0000,0.0000,0.0000,0
0.794,-33,-17,-35,1494,1497,-0.32,-2.08,0.0000,0.0000,0.0000,0
0.811,-34,-17,-35,1494,1497,-0.32,-2.08,0.0000,0.0000,0.0000,0
0.830,-36,-17,-34,1493,1497,-0.32,-2.08,0.0000,0.0000,0.0000,0
0.847,-37,-17,-35,1493,1497,-0.32,-2.08,0.0000,0.0000,0.0000,0
0.865,-40,-17,-35,1492,1497,-0.32,-2.08,0.0000,0.0000,0.0000,0
0.882,-42,-17,-35,1492,1497,-0.32,-2.08,0.0000,0.0000,0.0000,0
0.899,-43,-17,-36,1492,1497,-0.32,-2.08,0.0000,0.0000,0.0000,0
0.917,-45,-18,-35,1491,1497,-0.32,-2.08,0.0000,0.0000,0.0000,0
0.934,-46,-17,-35,1491,1497,-0.32,-2.08,0.0000,0.0000,0.0000,0
0.952,-48,-17,-35,1491,1497,-0.32,-2.08,0.0000,0.0000,0.0000,0
0.970,-49,-17,-35,1491,1497,-0.32,-2.08,0.0000,0.0000,0.0000,0
0.988,-51,-16,-36,1485,1497,-0.32,-2.08,0.0000,0.0000,0.0000,0
1.006,-53,-15,-36,1485,1497,-0.76,-2.05,0.0000,0.0000,0.0000,0
1.023,-54,-15,-35,1484,1497,-0.76,-2.05,0.0000,0.0000,0.0000,0
1.040,-55,-15,-35,1484,1497,-0.76,-2.05,0.0000,0.0000,0.0000,0
1.058,-56,-16,-34,1484,1497,-0.76,-2.05,0.0000,0.0000,0.0000,0
1.077,-57,-16,-35,1483,1497,-0.76,-2.05,0.0000,0.0000,0.0000,0
1.095,-58,-17,-36,1483,1497,-0.76,-2.05,0.0000,0.0000,0.0000,0
1.112,-60,-17,-36,1482,1497,-0.76,-2.05,0.0000,0.0000,0.0000,0
1.130,-60,-17,-36,1482,1497,-0.76,-2.05,0.0000,0.0000,0.0000,0
1.147,-61,-17,-35,1482,1497,-0.76,-2.05,0.0000,0.0000,0.0000,0
1.165,-62,-17,-35,1482,1497,-0.76,-2.05,0.0000,0.0000,0.0000,0
1.182,-63,-18,-36,1482,1497,-0.76,-2.05,0.0000,0.0000,0.0000,0
1.200,-64,-18,-36,1481,1497,-0.76,-2.05,0.0000,0.0000,0.0000,0
1.221,-65,-18,-36,1481,1497,-0.76,-2.05,0.0000,0.0000,0.0000,0
1.239,-66,-18,-36,1481,1497,-0.76,-2.05,0.0000,0.0000,0.0000,0
1.259,-66,-19,-35,1481,1497,-0.79,-2.14,0.0000,0.0000,0.0000,0
1.278,-67,-19,-36,1480,1497,-0.79,-2.14,0.0000,0.0000,0.0000,0
1.297,-67,-19,-36,1480,1497,-0.79,-2.14,0.0000,0.0000,0.0000,0
1.315,-67,-19,-37,1480,1497,-0.79,-2.14,0.0000,0.0000,0.0000,0
1.334,-68,-18,-36,1480,1497,-0.79,-2.14,0.0000,0.0000,0.0000,0
1.353,-68,-16,-35,1480,1497,-0.79,-2.14,0.0000,0.0000,0.0000,0
1.370,-68,-14,-36,1480,1497,-0.79,-2.14,0.0000,0.0000,0.0000,0
1.387,-67,-13,-35,1480,1497,-0.79,-2.14,0.0000,0.0000,0.0000,0
1.405,-66,-12,-35,1481,1497,-0.79,-2.14,0.0000,0.0000,0.0000,0
1.422,-66,-12,-36,1481,1497,-0.79,-2.14,0.0000,0.0000,0.0000,0
1.439,-65,-11,-36,1481,1497,-0.79,-2.14,0.0000,0.0000,0.0000,0
1.456,-65,-12,-35,1481,1497,-0.79,-2.14,0.0000,0.0000,0.0000,0
1.473,-64,-11,-36,1481,1497,-0.79,-2.14,0.0000,0.0000,0.0000,0
1.492,-64,-11,-36,1481,1497,-0.79,-2.14,0.0000,0.0000,0.0000,0
1.509,-64,-11,-36,1481,1497,-1.05,-1.32,0.0000,0.0000,0.0000,0
1.527,-64,-11,-36,1481,1497,-1.05,-1.32,0.0000,0.0000,0.0000,0
1.545,-63,-10,-36,1482,1497,-1.05,-1.32,0.0000,0.0000,0.0000,0
1.562,-62,-8,-35,1482,1497,-1.05,-1.32,0.0000,0.0000,0.0000,0
1.579,-61,-7,-36,1482,1497,-1.05,-1.32,0.0000,0.0000,0.0000,0
1.597,-60,-4,-35,1482,1497,-1.05,-1.32,0.0000,0.0000,0.0000,0
1.614,-60,-2,-35,1482,1497,-1.05,-1.32,0.0000,0.0000,0.0000,0
1.632,-60,-1,-36,1482,1497,-1.05,-1.32,0.0000,0.0000,0.0000,0
1.649,-59,1,-35,1483,1497,-1.05,-1.32,0.0000,0.0000,0.0000,0
1.666,-59,1,-35,1483,1497,-1.05,-1.32,0.0000,0.0000,0.0000,0
1.684,-59,2,-35,1483,1497,-1.05,-1.32,0.0000,0.0000,0.0000,0
1.703,-59,2,-35,1483,1497,-1.05,-1.32,0.0000,0.0000,0.0000,0
1.721,-59,3,-35,1483,1497,-1.05,-1.32,0.0000,0.0000,0.0000,0
1.739,-58,3,-35,1483,1497,-1.05,-1.32,0.0000,0.0000,0.0000,0
1.756,-58,3,-35,1483,1497,-1.33,-0.35,0.0000,0.0000,0.0000,0
1.775,-57,4,-34,1483,1497,-1.33,-0.35,0.0000,0.0000,0.0000,0
1.795,-56,4,-34,1484,1497,-1.33,-0.35,0.0000,0.0000,0.0000,0
1.812,-55,4,-35,1484,1497,-1.33,-0.35,0.0000,0.0000,0.0000,0
1.829,-54,4,-35,1484,1497,-1.33,-0.35,0.0000,0.0000,0.0000,0
1.847,-54,5,-34,1484,1497,-1.33,-0.35,0.0000,0.0000,0.0000,0
1.864,-52,5,-35,1485,1497,-1.33,-0.35,0.0000,0.0000,0.0000,0
1.882,-51,5,-35,1485,1497,-1.33,-0.35,0.0000,0.0000,0.0000,0
1.899,-50,5,-35,1490,1497,-1.33,-0.35,0.0000,0.0000,0.0000,0
1.916,-49,5,-35,1491,1497,-1.33,-0.35,0.0000,0.0000,0.0000,0
1.934,-47,4,-34,1491,1497,-1.33,-0.35,0.0000,0.0000,0.0000,0
1.952,-46,5,-34,1491,1497,-1.33,-0.35,0.0000,0.0000,0.0000,0
1.970,-46,5,-33,1491,1497,-1.33,-0.35,0.0000,0.0000,0.0000,0
1.988,-45,6,-34,1491,1497,-1.33,-0.35,0.0000,0.0000,0.0000,0
2.006,-44,6,-33,1492,1497,-1.53,-0.43,0.0000,0.0000,0.0000,0
2.024,-44,6,-33,1492,1497,-1.53,-0.43,0.0000,0.0000,0.0000,0
2.043,-43,7,-34,1492,1497,-1.53,-0.43,0.0000,0.0000,0.0000,0
2.061,-41,5,-34,1492,1497,-1.53,-0.43,0.0000,0.0000,0.0000,0
2.079,-40,4,-34,1492,1497,-1.53,-0.43,0.0000,0.0000,0.0000,0
2.097,-39,3,-33,1493,1497,-1.53,-0.43,0.0000,0.0000,0.0000,0
2.114,-39,1,-34,1493,1497,-1.53,-0.43,0.0000,0.0000,0.0000,0
2.131,-40,0,-33,1492,1497,-1.53,-0.43,0.0000,0.0000,0.0000,0
2.149,-40,0,-33,1492,1497,-1.53,-0.43,0.0000,0.0000,0.0000,0
2.167,-40,-2,-33,1492,1497,-1.53,-0.43,0.0000,0.0000,0.0000,0
2.184,-40,-2,-33,1492,1497,-1.53,-0.43,0.0000,0.0000,0.0000,0
2.203,-41,-2,-33,1492,1497,-1.53,-0.43,0.0000,0.0000,0.0000,0
2.221,-41,-2,-33,1492,1497,-1.53,-0.43,0.0000,0.0000,0.0000,0
2.240,-41,-2,-33,1492,1497,-1.53,-0.43,0.0000,0.0000,0.0000,0
2.258,-42,0,-34,1492,1497,-0.84,-0.90,0.0000,0.0000,0.0000,0
2.275,-42,2,-33,1492,1497,-0.84,-0.90,0.0000,0.0000,0.0000,0
2.294,-42,3,-33,1492,1497,-0.84,-0.90,0.0000,0.0000,0.0000,0
2.311,-42,3,-33,1492,1497,-0.84,-0.90,0.0000,0.0000,0.0000,0
2.328,-42,3,-33,1492,1497,-0.84,-0.90,0.0000,0.0000,0.0000,0
2.346,-43,3,-34,1492,1497,-0.84,-0.90,0.0000,0.0000,0.0000,0
2.363,-44,3,-33,1492,1497,-0.84,-0.90,0.0000,0.0000,0.0000,0
2.380,-44,3,-33,1492,1497,-0.84,-0.90,0.0000,0.0000,0.0000,0
2.399,-45,2,-34,1491,1497,-0.84,-0.90,0.0000,0.0000,0.0000,0
2.418,-46,2,-34,1491,1497,-0.84,-0.90,0.0000,0.0000,0.0000,0
2.435,-47,2,-35,1491,1497,-0.84,-0.90,0.0000,0.0000,0.0000,0
2.453,-47,2,-34,1491,1497,-0.84,-0.90,0.0000,0.0000,0.0000,0
2.471,-47,2,-34,1491,1497,-0.84,-0.90,0.0000,0.0000,0.0000,0
2.488,-48,2,-34,1491,1497,-0.84,-0.90,0.0000,0.0000,0.0000,0
2.506,-49,3,-34,1491,1497,-0.61,-0.91,0.0000,0.0000,0.0000,0
2.523,-49,4,-34,1491,1497,-0.61,-0.91,0.0000,0.0000,0.0000,0
2.540,-49,4,-35,1491,1497,-0.61,-0.91,0.0000,0.0000,0.0000,0
2.559,-49,4,-34,1491,1497,-0.61,-0.91,0.0000,0.0000,0.0000,0
2.578,-49,3,-34,1491,1497,-0.61,-0.91,0.0000,0.0000,0.0000,0
2.597,-49,2,-35,1491,1497,-0.61,-0.91,0.0000,0.0000,0.0000,0
2.615,-50,2,-34,1490,1497,-0.61,-0.91,0.0000,0.0000,0.0000,0
2.634,-50,1,-34,1490,1497,-0.61,-0.91,0.0000,0.0000,0.0000,0
2.652,-50,0,-35,1490,1497,-0.61,-0.91,0.0000,0.0000,0.0000,0
2.670,-50,-2,-35,1490,1497,-0.61,-0.91,0.0000,0.0000,0.0000,0
2.687,-50,-2,-35,1490,1497,-0.61,-0.91,0.0000,0.0000,0.0000,0
2.705,-50,-5,-35,1490,1497,-0.61,-0.91,0.0000,0.0000,0.0000,0
2.722,-50,-6,-35,1490,1497,-0.61,-0.91,0.0000,0.0000,0.0000,0
2.740,-49,-7,-35,1491,1497,-0.61,-0.91,0.0000,0.0000,0.0000,0
2.758,-48,-8,-35,1491,1497,-0.55,-1.77,0.0000,0.0000,0.0000,0
2.776,-48,-9,-36,1491,1497,-0.55,-1.77,0.0000,0.0000,0.0000,0
2.793,-47,-10,-35,1491,1497,-0.55,-1.77,0.0000,0.0000,0.0000,0
2.811,-47,-11,-36,1491,1497,-0.55,-1.77,0.0000,0.0000,0.0000,0
2.829,-47,-12,-36,1491,1497,-0.55,-1.77,0.0000,0.0000,0.0000,0
2.847,-47,-12,-36,1491,1497,-0.55,-1.77,0.0000,0.0000,0.0000,0
2.864,-46,-13,-36,1491,1497,-0.55,-1.77,0.0000,0.0000,0.0000,0
2.882,-46,-13,-36,1491,1497,-0.55,-1.77,0.0000,0.0000,0.0000,0
2.900,-46,-13,-36,1491,1497,-0.55,-1.77,0.0000,0.0000,0.0000,0
2.918,-46,-13,-36,1491,1497,-0.55,-1.77,0.0000,0.0000,0.0000,0
2.935,-47,-14,-36,1491,1497,-0.55,-1.77,0.0000,0.0000,0.0000,0
2.954,-48,-14,-37,1491,1497,-0.55,-1.77,0.0000,0.0000,0.0000,0
2.971,-48,-14,-37,1491,1497,-0.55,-1.77,0.0000,0.0000,0.0000,0
2.988,-48,-14,-37,1491,1497,-0.55,-1.77,0.0000,0.0000,0.0000,0
3.005,-49,-14,-37,1491,1497,-1.09,-2.32,0.0000,0.0000,0.0000,0
3.022,-49,-14,-37,1491,1497,-1.09,-2.32,0.0000,0.0000,0.0000,0
3.040,-49,-14,-37,1491,1497,-1.09,-2.32,0.0000,0.0000,0.0000,0
3.057,-51,-14,-38,1485,1497,-1.09,-2.32,0.0000,0.0000,0.0000,0
3.074,-52,-13,-38,1485,1497,-1.09,-2.32,0.0000,0.0000,0.0000,0
3.091,-52,-14,-38,1485,1497,-1.09,-2.32,0.0000,0.0000,0.0000,0
3.109,-53,-15,-38,1485,1497,-1.09,-2.32,0.0000,0.0000,0.0000,0
3.126,-53,-16,-38,1485,1497,-1.09,-2.32,0.0000,0.0000,0.0000,0
3.144,-54,-16,-38,1484,1497,-1.09,-2.32,0.0000,0.0000,0.0000,0
3.162,-54,-17,-38,1484,1497,-1.09,-2.32,0.0000,0.0000,0.0000,0
3.181,-54,-18,-39,1484,1497,-1.09,-2.32,0.0000,0.0000,0.0000,0
3.199,-54,-19,-39,1484,1497,-1.09,-2.32,0.0000,0.0000,0.0000,0
3.218,-54,-20,-39,1484,1497,-1.09,-2.32,0.0000,0.0000,0.0000,0
3.236,-53,-20,-39,1485,1497,-1.09,-2.32,0.0000,0.0000,0.0000,0
3.253,-52,-20,-39,1485,1497,-1.28,-3.17,0.0000,0.0000,0.0000,0
3.272,-52,-20,-39,1485,1497,-1.28,-3.17,0.0000,0.0000,0.0000,0
3.290,-51,-20,-40,1485,1496,-1.28,-3.17,0.0000,0.0000,0.0000,0
3.307,-50,-20,-40,1490,1496,-1.28,-3.17,0.0000,0.0000,0.0000,0
3.325,-50,-21,-40,1490,1496,-1.28,-3.17,0.0000,0.0000,0.0000,0
3.342,-49,-21,-39,1491,1497,-1.28,-3.17,0.0000,0.0000,0.0000,0
3.359,-48,-21,-40,1491,1496,-1.28,-3.17,0.0000,0.0000,0.0000,0
3.376,-47,-21,-40,1491,1496,-1.28,-3.17,0.0000,0.0000,0.0000,0
3.394,-45,-21,-40,1491,1496,-1.28,-3.17,0.0000,0.0000,0.0000,0
3.411,-44,-21,-40,1492,1496,-1.28,-3.17,0.0000,0.0000,0.0000,0
3.430,-43,-21,-41,1492,1496,-1.28,-3.17,0.0000,0.0000,0.0000,0
3.447,-42,-21,-41,1492,1496,-1.28,-3.17,0.0000,0.0000,0.0000,0
3.464,-41,-22,-40,1492,1496,-1.28,-3.17,0.0000,0.0000,0.0000,0
3.481,-40,-22,-40,1492,1496,-1.28,-3.17,0.0000,0.0000,0.0000,0
3.500,-40,-21,-41,1492,1496,-0.79,-3.61,0.0000,0.0000,0.0000,0
3.519,-39,-23,-41,1493,1496,-0.79,-3.61,0.0000,0.0000,0.0000,0
3.537,-39,-24,-41,1493,1496,-0.79,-3.61,0.0000,0.0000,0.0000,0
3.554,-38,-25,-41,1493,1496,-0.79,-3.61,0.0000,0.0000,0.0000,0
3.572,-38,-27,-42,1493,1496,-0.79,-3.61,0.0000,0.0000,0.0000,0
3.590,-37,-28,-42,1493,1496,-0.79,-3.61,0.0000,0.0000,0.0000,0
3.607,-36,-30,-43,1493,1496,-0.79,-3.61,0.0000,0.0000,0.0000,0
3.624,-35,-30,-42,1493,1496,-0.79,-3.61,0.0000,0.0000,0.0000,0
3.643,-33,-31,-42,1494,1496,-0.79,-3.61,0.0000,0.0000,0.0000,0
3.661,-32,-31,-43,1494,1496,-0.79,-3.61,0.0000,0.0000,0.0000,0
3.679,-31,-31,-43,1494,1496,-0.79,-3.61,0.0000,0.0000,0.0000,0
3.696,-29,-31,-42,1495,1496,-0.79,-3.61,0.0000,0.0000,0.0000,0
3.713,-29,-31,-43,1495,1496,-0.79,-3.61,0.0000,0.0000,0.0000,0
3.731,-28,-31,-43,1495,1496,-0.79,-3.61,0.0000,0.0000,0.0000,0
3.748,-27,-30,-42,1495,1496,-0.32,-4.01,0.0000,0.0000,0.0000,0
3.766,-26,-30,-43,1495,1496,-0.32,-4.01,0.0000,0.0000,0.0000,0
3.783,-25,-29,-44,1495,1496,-0.32,-4.01,0.0000,0.0000,0.0000,0
3.800,-24,-27,-43,1496,1496,-0.32,-4.01,0.0000,0.0000,0.0000,0
3.817,-23,-26,-43,1496,1496,-0.32,-4.01,0.0000,0.0000,0.0000,0
3.834,-22,-24,-43,1496,1496,-0.32,-4.01,0.0000,0.0000,0.0000,0
3.853,-21,-24,-43,1496,1496,-0.32,-4.01,0.0000,0.0000,0.0000,0
3.871,-21,-25,-43,1496,1496,-0.32,-4.01,0.0000,0.0000,0.0000,0
3.890,-21,-25,-44,1496,1496,-0.32,-4.01,0.0000,0.0000,0.0000,0
3.907,-22,-27,-43,1496,1496,-0.32,-4.01,0.0000,0.0000,0.0000,0
3.925,-22,-28,-43,1496,1496,-0.32,-4.01,0.0000,0.0000,0.0000,0
3.944,-23,-28,-43,1496,1496,-0.32,-4.01,0.0000,0.0000,0.0000,0
3.961,-23,-27,-44,1496,1496,-0.32,-4.01,0.0000,0.0000,0.0000,0
3.979,-24,-26,-44,1496,1496,-0.32,-4.01,0.0000,0.0000,0.0000,0
3.997,-24,-27,-44,1496,1496,-0.32,-4.01,0.0000,0.0000,0.0000,0
4.017,-25,-28,-43,1495,1496,-0.42,-3.76,0.0000,0.0000,0.0000,0
4.034,-25,-30,-43,1495,1496,-0.42,-3.76,0.0000,0.0000,0.0000,0
4.052,-26,-31,-44,1495,1496,-0.42,-3.76,0.0000,0.0000,0.0000,0
4.069,-26,-30,-44,1495,1496,-0.42,-3.76,0.0000,0.0000,0.0000,0
4.087,-26,-30,-43,1495,1496,-0.42,-3.76,0.0000,0.0000,0.0000,0
4.105,-26,-28,-43,1495,1496,-0.42,-3.76,0.0000,0.0000,0.0000,0
4.123,-25,-27,-44,1495,1496,-0.42,-3.76,0.0000,0.0000,0.0000,0
4.141,-25,-27,-44,1495,1496,-0.42,-3.76,0.0000,0.0000,0.0000,0
4.158,-25,-26,-43,1495,1496,-0.42,-3.76,0.0000,0.0000,0.0000,0
4.176,-24,-25,-43,1496,1496,-0.42,-3.76,0.0000,0.0000,0.0000,0
4.194,-23,-24,-44,1496,1496,-0.42,-3.76,0.0000,0.0000,0.0000,0
4.212,-23,-23,-44,1496,1496,-0.42,-3.76,0.0000,0.0000,0.0000,0
4.232,-23,-22,-43,1496,1496,-0.42,-3.76,0.0000,0.0000,0.0000,0
4.249,-23,-21,-43,1496,1496,-0.29,-3.44,0.0000,0.0000,0.0000,0
4.266,-23,-21,-43,1496,1496,-0.29,-3.44,0.0000,0.0000,0.0000,0
4.283,-23,-21,-43,1496,1496,-0.29,-3.44,0.0000,0.0000,0.0000,0
4.301,-24,-19,-44,1496,1496,-0.29,-3.44,0.0000,0.0000,0.0000,0
4.321,-24,-19,-43,1496,1496,-0.29,-3.44,0.0000,0.0000,0.0000,0
4.338,-24,-18,-43,1496,1496,-0.29,-3.44,0.0000,0.0000,0.0000,0
4.356,-24,-17,-43,1496,1496,-0.29,-3.44,0.0000,0.0000,0.0000,0
4.373,-23,-15,-43,1496,1496,-0.29,-3.44,0.0000,0.0000,0.0000,0
4.391,-23,-14,-43,1496,1496,-0.29,-3.44,0.0000,0.0000,0.0000,0
4.410,-22,-14,-42,1496,1496,-0.29,-3.44,0.0000,0.0000,0.0000,0
4.429,-22,-14,-42,1496,1496,-0.29,-3.44,0.0000,0.0000,0.0000,0
4.446,-21,-15,-43,1496,1496,-0.29,-3.44,0.0000,0.0000,0.0000,0
4.464,-21,-14,-43,1496,1496,-0.29,-3.44,0.0000,0.0000,0.0000,0
4.481,-20,-14,-43,1496,1496,-0.29,-3.44,0.0000,0.0000,0.0000,0
4.498,-20,-15,-43,1496,1496,-0.66,-3.27,0.0000,0.0000,0.0000,0
4.515,-19,-17,-43,1497,1496,-0.66,-3.27,0.0000,0.0000,0.0000,0
4.532,-19,-17,-43,1497,1496,-0.66,-3.27,0.0000,0.0000,0.0000,0
4.552,-20,-21,-43,1496,1496,-0.66,-3.27,0.0000,0.0000,0.0000,0
4.570,-20,-22,-43,1496,1496,-0.66,-3.27,0.0000,0.0000,0.0000,0
4.588,-20,-24,-43,1496,1496,-0.66,-3.27,0.0000,0.0000,0.0000,0
4.606,-21,-26,-42,1496,1496,-0.66,-3.27,0.0000,0.0000,0.0000,0
4.623,-21,-26,-42,1496,1496,-0.66,-3.27,0.0000,0.0000,0.0000,0
4.640,-22,-27,-42,1496,1496,-0.66,-3.27,0.0000,0.0000,0.0000,0
4.657,-24,-28,-43,1496,1496,-0.66,-3.27,0.0000,0.0000,0.0000,0
4.676,-25,-28,-42,1495,1496,-0.66,-3.27,0.0000,0.0000,0.0000,0
4.694,-26,-28,-43,1495,1496,-0.66,-3.27,0.0000,0.0000,0.0000,0
4.712,-27,-28,-43,1495,1496,-0.66,-3.27,0.0000,0.0000,0.0000,0
4.730,-28,-27,-43,1495,1496,-0.66,-3.27,0.0000,0.0000,0.0000,0
4.748,-30,-24,-43,1494,1496,-0.17,-3.23,0.0000,0.0000,0.0000,0
4.768,-30,-24,-43,1494,1496,-0.17,-3.23,0.0000,0.0000,0.0000,0
4.788,-32,-23,-43,1494,1496,-0.17,-3.23,0.0000,0.0000,0.0000,0
4.808,-32,-22,-42,1494,1496,-0.17,-3.23,0.0000,0.0000,0.0000,0
4.827,-33,-21,-42,1494,1496,-0.17,-3.23,0.0000,0.0000,0.0000,0
4.845,-34,-20,-43,1494,1496,-0.17,-3.23,0.0000,0.0000,0.0000,0
4.863,-38,-18,-42,1493,1496,-0.17,-3.23,0.0000,0.0000,0.0000,0
4.880,-39,-18,-42,1493,1496,-0.17,-3.23,0.0000,0.0000,0.0000,0
4.897,-41,-18,-41,1492,1496,-0.17,-3.23,0.0000,0.0000,0.0000,0
4.915,-43,-18,-41,1492,1496,-0.17,-3.23,0.0000,0.0000,0.0000,0
4.933,-45,-17,-41,1491,1496,-0.17,-3.23,0.0000,0.0000,0.0000,0
4.951,-49,-16,-40,1491,1496,-0.17,-3.23,0.0000,0.0000,0.0000,0
4.969,-52,-16,-40,1485,1496,-0.17,-3.23,0.0000,0.0000,0.0000,0
4.987,-54,-15,-40,1484,1496,-0.17,-3.23,0.0000,0.0000,0.0000,0
5.004,-56,-15,-40,1484,1496,0.23,-2.63,0.0000,0.0000,0.0000,0
5.022,-58,-14,-41,1483,1496,0.23,-2.63,0.0000,0.0000,0.0000,0
5.041,-60,-13,-40,1482,1496,0.23,-2.63,0.0000,0.0000,0.0000,0
5.059,-60,-13,-40,1482,1496,0.23,-2.63,0.0000,0.0000,0.0000,0
5.080,-63,-11,-40,1482,1496,0.23,-2.63,0.0000,0.0000,0.0000,0
5.098,-65,-10,-39,1481,1497,0.23,-2.63,0.0000,0.0000,0.0000,0
5.116,-66,-10,-39,1481,1497,0.23,-2.63,0.0000,0.0000,0.0000,0
5.133,-68,-9,-39,1480,1497,0.23,-2.63,0.0000,0.0000,0.0000,0
5.151,-70,-8,-39,1479,1497,0.23,-2.63,0.0000,0.0000,0.0000,0
5.169,-70,-7,-39,1479,1497,0.23,-2.63,0.0000,0.0000,0.0000,0
5.187,-71,-6,-39,1479,1497,0.23,-2.63,0.0000,0.0000,0.0000,0
5.205,-72,-5,-39,1479,1497,0.23,-2.63,0.0000,0.0000,0.0000,0
5.222,-72,-5,-39,1479,1497,0.23,-2.63,0.0000,0.0000,0.0000,0
5.241,-72,-5,-39,1479,1497,0.23,-2.63,0.0000,0.0000,0.0000,0
5.258,-73,-5,-39,1479,1497,-0.92,-1.82,0.0000,0.0000,0.0000,0
5.276,-73,-5,-38,1479,1497,-0.92,-1.82,0.0000,0.0000,0.0000,0
5.295,-74,-6,-39,1478,1497,-0.92,-1.82,0.0000,0.0000,0.0000,0
5.313,-74,-6,-39,1478,1497,-0.92,-1.82,0.0000,0.0000,0.0000,0
5.330,-76,-7,-38,1478,1497,-0.92,-1.82,0.0000,0.0000,0.0000,0
5.348,-77,-8,-39,1477,1497,-0.92,-1.82,0.0000,0.0000,0.0000,0
5.365,-77,-9,-38,1477,1497,-0.92,-1.82,0.0000,0.0000,0.0000,0
5.384,-79,-11,-38,1477,1497,-0.92,-1.82,0.0000,0.0000,0.0000,0
5.403,-80,-13,-38,1476,1497,-0.92,-1.82,0.0000,0.0000,0.0000,0
5.421,-81,-15,-37,1476,1497,-0.92,-1.82,0.0000,0.0000,0.0000,0
5.438,-82,-17,-37,1476,1497,-0.92,-1.82,0.0000,0.0000,0.0000,0
5.456,-83,-18,-37,1476,1497,-0.92,-1.82,0.0000,0.0000,0.0000,0
5.473,-83,-20,-37,1476,1497,-0.92,-1.82,0.0000,0.0000,0.0000,0
5.491,-84,-21,-37,1475,1497,-0.92,-1.82,0.0000,0.0000,0.0000,0
5.509,-84,-21,-37,1475,1497,-1.25,-2.32,0.0000,0.0000,0.0000,0
5.527,-84,-21,-37,1475,1497,-1.25,-2.32,0.0000,0.0000,0.0000,0
5.544,-84,-22,-36,1475,1497,-1.25,-2.32,0.0000,0.0000,0.0000,0
5.561,-84,-23,-37,1475,1497,-1.25,-2.32,0.0000,0.0000,0.0000,0
5.579,-84,-23,-37,1475,1497,-1.25,-2.32,0.0000,0.0000,0.0000,0
5.597,-84,-24,-36,1475,1497,-1.25,-2.32,0.0000,0.0000,0.0000,0
5.614,-84,-24,-36,1475,1497,-1.25,-2.32,0.0000,0.0000,0.0000,0
5.633,-84,-24,-36,1475,1497,-1.25,-2.32,0.0000,0.0000,0.0000,0
5.650,-83,-24,-36,1476,1497,-1.25,-2.32,0.0000,0.0000,0.0000,0
5.669,-83,-24,-35,1476,1497,-1.25,-2.32,0.0000,0.0000,0.0000,0
5.686,-84,-23,-35,1475,1497,-1.25,-2.32,0.0000,0.0000,0.0000,0
5.703,-85,-24,-36,1475,1497,-1.25,-2.32,0.0000,0.0000,0.0000,0
5.721,-85,-24,-36,1475,1497,-1.25,-2.32,0.0000,0.0000,0.0000,0
5.738,-86,-24,-35,1475,1497,-1.25,-2.32,0.0000,0.0000,0.0000,0
5.756,-86,-24,-35,1475,1497,-2.12,-1.98,0.0000,0.0000,0.0000,0
5.775,-86,-24,-35,1475,1497,-2.12,-1.98,0.0000,0.0000,0.0000,0
5.792,-86,-24,-35,1475,1497,-2.12,-1.98,0.0000,0.0000,0.0000,0
5.809,-87,-25,-35,1474,1497,-2.12,-1.98,0.0000,0.0000,0.0000,0
5.826,-87,-25,-34,1474,1497,-2.12,-1.98,0.0000,0.0000,0.0000,0
5.843,-87,-26,-34,1474,1497,-2.12,-1.98,0.0000,0.0000,0.0000,0
5.861,-87,-27,-34,1474,1497,-2.12,-1.98,0.0000,0.0000,0.0000,0
5.878,-86,-28,-34,1475,1497,-2.12,-1.98,0.0000,0.0000,0.0000,0
5.895,-86,-29,-34,1475,1497,-2.12,-1.98,0.0000,0.0000,0.0000,0
5.912,-85,-30,-34,1475,1497,-2.12,-1.98,0.0000,0.0000,0.0000,0
5.929,-85,-30,-33,1475,1497,-2.12,-1.98,0.0000,0.0000,0.0000,0
5.946,-83,-33,-33,1476,1497,-2.12,-1.98,0.0000,0.0000,0.0000,0
5.963,-83,-33,-33,1476,1497,-2.12,-1.98,0.0000,0.0000,0.0000,0
5.981,-80,-35,-33,1476,1497,-2.12,-1.98,0.0000,0.0000,0.0000,0
5.998,-80,-35,-33,1476,1497,-2.46,-2.15,0.0000,0.0000,0.0000,0
6.017,-78,-36,-33,1477,1497,-2.46,-2.15,0.0000,0.0000,0.0000,0
6.037,-77,-36,-33,1477,1497,-2.46,-2.15,0.0000,0.0000,0.0000,0
6.058,-76,-36,-32,1478,1497,-2.46,-2.15,0.0000,0.0000,0.0000,0
6.075,-75,-36,-32,1478,1497,-2.46,-2.15,0.0000,0.0000,0.0000,0
6.092,-74,-36,-32,1478,1497,-2.46,-2.15,0.0000,0.0000,0.0000,0
6.110,-73,-35,-32,1479,1497,-2.46,-2.15,0.0000,0.0000,0.0000,0
6.127,-72,-34,-33,1479,1497,-2.46,-2.15,0.0000,0.0000,0.0000,0
6.145,-72,-33,-32,1479,1497,-2.46,-2.15,0.0000,0.0000,0.0000,0
6.163,-72,-32,-32,1479,1497,-2.46,-2.15,0.0000,0.0000,0.0000,0
6.181,-71,-31,-31,1479,1497,-2.46,-2.15,0.0000,0.0000,0.0000,0
6.199,-71,-31,-31,1479,1497,-2.46,-2.15,0.0000,0.0000,0.0000,0
6.216,-71,-31,-31,1479,1497,-2.46,-2.15,0.0000,0.0000,0.0000,0
6.233,-71,-31,-31,1479,1497,-2.46,-2.15,0.0000,0.0000,0.0000,0
6.251,-70,-31,-31,1479,1497,-1.48,-1.43,0.0000,0.0000,0.0000,0
6.272,-70,-30,-31,1479,1497,-1.48,-1.43,0.0000,0.0000,0.0000,0
6.291,-70,-30,-31,1479,1497,-1.48,-1.43,0.0000,0.0000,0.0000,0
6.309,-70,-30,-31,1479,1497,-1.48,-1.43,0.0000,0.0000,0.0000,0
6.327,-68,-29,-30,1480,1497,-1.48,-1.43,0.0000,0.0000,0.0000,0
6.344,-67,-29,-30,1480,1497,-1.48,-1.43,0.0000,0.0000,0.0000,0
6.361,-66,-29,-29,1481,1498,-1.48,-1.43,0.0000,0.0000,0.0000,0
6.379,-64,-29,-29,1481,1498,-1.48,-1.43,0.0000,0.0000,0.0000,0
6.398,-62,-29,-30,1482,1497,-1.48,-1.43,0.0000,0.0000,0.0000,0
6.416,-61,-29,-30,1482,1497,-1.48,-1.43,0.0000,0.0000,0.0000,0
6.434,-59,-28,-30,1483,1497,-1.48,-1.43,0.0000,0.0000,0.0000,1
6.451,-56,-29,-29,1484,1498,-1.48,-1.43,0.0000,0.0000,0.0000,1
6.468,-54,-29,-29,1484,1498,-1.48,-1.43,0.0000,0.0000,0.0000,1
6.485,-50,-29,-28,1490,1498,-1.48,-1.43,0.0000,0.0000,0.0000,1
6.503,-47,-30,-28,1491,1498,-0.94,-1.02,0.0000,0.0000,0.0000,1
6.520,-45,-30,-28,1491,1498,-0.94,-1.02,0.0000,0.0000,0.0000,1
6.537,-42,-31,-29,1492,1498,-0.94,-1.02,0.0000,0.0000,0.0000,1
6.554,-40,-31,-28,1492,1498,-0.94,-1.02,0.0000,0.0000,0.0000,1
6.572,-37,-31,-28,1493,1498,-0.94,-1.02,0.0000,0.0000,0.0000,1
6.589,-35,-31,-28,1493,1498,-0.94,-1.02,0.0000,0.0000,0.0000,1
6.607,-32,-31,-28,1494,1498,-0.94,-1.02,0.0000,0.0000,0.0000,1
6.624,-30,-31,-27,1494,1498,-0.94,-1.02,0.0000,0.0000,0.0000,1
6.642,-27,-31,-27,1495,1498,-0.94,-1.02,0.0000,0.0000,0.0000,1
6.660,-25,-30,-27,1495,1498,-0.94,-1.02,0.0000,0.0000,0.0000,1
6.678,-22,-31,-26,1496,1498,-0.94,-1.02,0.0000,0.0000,0.0000,1
6.696,-20,-31,-26,1496,1498,-0.94,-1.02,0.0000,0.0000,0.0000,1
6.715,-18,-30,-27,1497,1498,-0.94,-1.02,0.0000,0.0000,0.0000,1
6.732,-15,-31,-26,1497,1498,-0.94,-1.02,0.0000,0.0000,0.0000,1
6.750,-13,-34,-27,1498,1498,-0.90,-1.11,0.0000,0.0000,0.0000,1
6.767,-10,-37,-26,1498,1498,-0.90,-1.11,0.0000,0.0000,0.0000,1
6.785,-10,-37,-26,1498,1498,-0.90,-1.11,0.0000,0.0000,0.0000,1
6.803,-8,-37,-26,1499,1498,-0.90,-1.11,0.0000,0.0000,0.0000,1
6.820,-6,-39,-26,1499,1498,-0.90,-1.11,0.0000,0.0000,0.0000,1
6.838,-1,-41,-25,1500,1498,-0.90,-1.11,0.0000,0.0000,0.0000,1
6.856,1,-41,-25,1500,1498,-0.90,-1.11,0.0000,0.0000,0.0000,1
6.873,3,-40,-26,1500,1498,-0.90,-1.11,0.0000,0.0000,0.0000,1
6.891,6,-40,-26,1501,1498,-0.90,-1.11,0.0000,0.0000,0.0000,1
6.908,9,-39,-25,1501,1498,-0.90,-1.11,0.0000,0.0000,0.0000,1
6.927,12,-39,-25,1502,1498,-0.90,-1.11,0.0000,0.0000,0.0000,1
6.945,14,-38,-25,1502,1498,-0.90,-1.11,0.0000,0.0000,0.0000,1
6.962,17,-36,-26,1503,1498,-0.90,-1.11,0.0000,0.0000,0.0000,1
6.980,20,-33,-25,1504,1498,-0.90,-1.11,0.0000,0.0000,0.0000,1
6.997,22,-31,-25,1504,1498,-0.09,-0.65,0.0000,0.0000,0.0000,1
7.016,24,-29,-25,1504,1498,-0.09,-0.65,0.0000,0.0000,0.0000,1
7.037,27,-27,-25,1505,1498,-0.09,-0.65,0.0000,0.0000,0.0000,1
7.054,29,-26,-25,1505,1498,-0.09,-0.65,0.0000,0.0000,0.0000,1
7.072,32,-26,-25,1506,1498,-0.09,-0.65,0.0000,0.0000,0.0000,1
7.089,34,-27,-25,1506,1498,-0.09,-0.65,0.0000,0.0000,0.0000,1
7.107,37,-28,-24,1507,1498,-0.09,-0.65,0.0000,0.0000,0.0000,1
7.125,39,-27,-24,1507,1498,-0.09,-0.65,0.0000,0.0000,0.0000,1
7.143,41,-26,-24,1508,1498,-0.09,-0.65,0.0000,0.0000,0.0000,1
7.163,44,-26,-24,1508,1498,-0.09,-0.65,0.0000,0.0000,0.0000,1
7.181,46,-27,-24,1509,1498,-0.09,-0.65,0.0000,0.0000,0.0000,1
7.198,47,-27,-25,1509,1498,-0.09,-0.65,0.0000,0.0000,0.0000,1
7.216,51,-26,-24,1515,1498,-0.09,-0.65,0.0000,0.0000,0.0000,1
7.233,51,-26,-24,1515,1498,-0.09,-0.65,0.0000,0.0000,0.0000,1
7.250,53,-26,-24,1515,1498,0.71,-0.37,0.0000,0.0000,0.0000,1
7.270,55,-26,-24,1516,1498,0.71,-0.37,0.0000,0.0000,0.0000,1
7.288,57,-26,-24,1517,1498,0.71,-0.37,0.0000,0.0000,0.0000,1
7.308,61,-26,-25,1518,1498,0.71,-0.37,0.0000,0.0000,0.0000,0
0.018,63,-26,-24,1518,1498,0.71,-0.37,0.0000,0.0000,0.0000,0
0.035,65,-25,-25,1519,1498,0.71,-0.37,0.0000,0.0000,0.0000,0
0.052,67,-25,-26,1520,1498,0.71,-0.37,0.0000,0.0000,0.0000,0
0.070,70,-26,-26,1521,1498,0.71,-0.37,0.0000,0.0000,0.0000,0
0.087,70,-26,-26,1521,1498,0.71,-0.37,0.0000,0.0000,0.0000,0
0.105,71,-26,-25,1521,1498,0.71,-0.37,0.0000,0.0000,0.0000,0
0.123,73,-27,-26,1521,1498,0.71,-0.37,0.0000,0.0000,0.0000,0
0.140,74,-28,-26,1522,1498,0.71,-0.37,0.0000,0.0000,0.0000,0
0.157,75,-28,-25,1522,1498,0.71,-0.37,0.0000,0.0000,0.0000,0
0.174,76,-29,-26,1522,1498,0.71,-0.37,0.0000,0.0000,0.0000,0
0.191,76,-29,-26,1522,1498,1.24,-0.69,0.0000,0.0000,0.0000,0
0.209,77,-30,-25,1523,1498,1.24,-0.69,0.0000,0.0000,0.0000,0
0.227,78,-31,-25,1523,1498,1.24,-0.69,0.0000,0.0000,0.0000,0
0.244,78,-31,-25,1523,1498,1.24,-0.69,0.0000,0.0000,0.0000,0
0.264,78,-32,-26,1523,1498,1.24,-0.69,0.0000,0.0000,0.0000,0
0.282,79,-33,-25,1523,1498,1.24,-0.69,0.0000,0.0000,0.0000,0
0.300,79,-33,-25,1523,1498,1.24,-0.69,0.0000,0.0000,0.0000,0
0.318,79,-34,-26,1523,1498,1.24,-0.69,0.0000,0.0000,0.0000,0
0.336,78,-37,-25,1523,1498,1.24,-0.69,0.0000,0.0000,0.0000,0
0.353,78,-37,-25,1523,1498,1.24,-0.69,0.0000,0.0000,0.0000,0
0.371,77,-39,-26,1523,1498,1.24,-0.69,0.0000,0.0000,0.0000,0
0.388,77,-39,-26,1523,1498,1.24,-0.69,0.0000,0.0000,0.0000,0
0.406,77,-39,-26,1523,1498,1.24,-0.69,0.0000,0.0000,0.0000,0
0.425,76,-39,-26,1522,1498,1.24,-0.69,0.0000,0.0000,0.0000,0
0.446,77,-40,-26,1523,1498,1.34,-1.36,0.0000,0.0000,0.0000,0
0.464,77,-40,-26,1523,1498,1.34,-1.36,0.0000,0.0000,0.0000,0
0.482,76,-40,-27,1522,1498,1.34,-1.36,0.0000,0.0000,0.0000,0
0.499,76,-39,-27,1522,1498,1.34,-1.36,0.0000,0.0000,0.0000,0
0.517,76,-38,-26,1522,1498,1.34,-1.36,0.0000,0.0000,0.0000,0
0.535,77,-39,-27,1523,1498,1.34,-1.36,0.0000,0.0000,0.0000,0
0.552,77,-38,-28,1523,1498,1.34,-1.36,0.0000,0.0000,0.0000,0
0.570,77,-37,-27,1523,1498,1.34,-1.36,0.0000,0.0000,0.0000,0
0.587,76,-36,-27,1522,1498,1.34,-1.36,0.0000,0.0000,0.0000,0
0.605,76,-36,-27,1522,1498,1.34,-1.36,0.0000,0.0000,0.0000,0
0.623,75,-36,-27,1522,1498,1.34,-1.36,0.0000,0.0000,0.0000,0
0.641,75,-36,-28,1522,1498,1.34,-1.36,0.0000,0.0000,0.0000,0
0.658,75,-37,-28,1522,1498,1.34,-1.36,0.0000,0.0000,0.0000,0
0.676,74,-38,-29,1522,1498,1.34,-1.36,0.0000,0.0000,0.0000,0
0.693,74,-38,-29,1522,1498,1.07,-1.69,0.0000,0.0000,0.0000,0
0.713,74,-38,-29,1522,1498,1.07,-1.69,0.0000,0.0000,0.0000,0
0.732,73,-39,-28,1521,1498,1.07,-1.69,0.0000,0.0000,0.0000,0
0.750,72,-38,-29,1521,1498,1.07,-1.69,0.0000,0.0000,0.0000,0
0.769,72,-37,-29,1521,1498,1.07,-1.69,0.0000,0.0000,0.0000,0
0.786,71,-37,-28,1521,1498,1.07,-1.69,0.0000,0.0000,0.0000,0
0.804,70,-37,-30,1521,1497,1.07,-1.69,0.0000,0.0000,0.0000,0
0.821,70,-37,-29,1521,1498,1.07,-1.69,0.0000,0.0000,0.0000,0
0.838,70,-37,-29,1521,1498,1.07,-1.69,0.0000,0.0000,0.0000,0
0.856,69,-37,-29,1520,1498,1.07,-1.69,0.0000,0.0000,0.0000,0
0.873,69,-40,-29,1520,1498,1.07,-1.69,0.0000,0.0000,0.0000,0
0.890,68,-40,-30,1520,1497,1.07,-1.69,0.0000,0.0000,0.0000,0
0.909,69,-40,-30,1520,1497,1.07,-1.69,0.0000,0.0000,0.0000,0
0.926,69,-40,-30,1520,1497,1.07,-1.69,0.0000,0.0000,0.0000,0
0.944,69,-41,-30,1520,1497,0.82,-2.22,0.0000,0.0000,0.0000,0
0.961,69,-42,-30,1520,1497,0.82,-2.22,0.0000,0.0000,0.0000,0
0.979,69,-43,-31,1520,1497,0.82,-2.22,0.0000,0.0000,0.0000,0
0.997,69,-43,-30,1520,1497,0.82,-2.22,0.0000,0.0000,0.0000,0
1.014,70,-44,-30,1521,1497,0.82,-2.22,0.0000,0.0000,0.0000,0
1.032,70,-44,-31,1521,1497,0.82,-2.22,0.0000,0.0000,0.0000,0
1.049,69,-43,-31,1520,1497,0.82,-2.22,0.0000,0.0000,0.0000,0
1.066,69,-41,-31,1520,1497,0.82,-2.22,0.0000,0.0000,0.0000,0
1.085,70,-40,-31,1521,1497,0.82,-2.22,0.0000,0.0000,0.0000,0
1.105,71,-39,-31,1521,1497,0.82,-2.22,0.0000,0.0000,0.0000,0
1.122,71,-39,-31,1521,1497,0.82,-2.22,0.0000,0.0000,0.0000,0
1.141,71,-37,-31,1521,1497,0.82,-2.22,0.0000,0.0000,0.0000,0
1.159,70,-36,-31,1521,1497,0.82,-2.22,0.0000,0.0000,0.0000,0
1.177,70,-36,-31,1521,1497,0.82,-2.22,0.0000,0.0000,0.0000,0
1.196,70,-36,-31,1521,1497,0.32,-2.22,0.0000,0.0000,0.0000,0
1.214,70,-35,-31,1521,1497,0.32,-2.22,0.0000,0.0000,0.0000,0
1.232,70,-34,-31,1521,1497,0.32,-2.22,0.0000,0.0000,0.0000,0
1.254,69,-34,-31,1520,1497,0.32,-2.22,0.0000,0.0000,0.0000,0
1.271,69,-34,-31,1520,1497,0.32,-2.22,0.0000,0.0000,0.0000,0
1.289,68,-34,-32,1520,1497,0.32,-2.22,0.0000,0.0000,0.0000,0
1.309,67,-34,-32,1520,1497,0.32,-2.22,0.0000,0.0000,0.0000,0
1.329,65,-34,-32,1519,1497,0.32,-2.22,0.0000,0.0000,0.0000,0
1.347,64,-34,-32,1519,1497,0.32,-2.22,0.0000,0.0000,0.0000,0
1.364,63,-34,-32,1518,1497,0.32,-2.22,0.0000,0.0000,0.0000,0
1.382,61,-35,-33,1518,1497,0.32,-2.22,0.0000,0.0000,0.0000,0
1.400,59,-34,-33,1517,1497,0.32,-2.22,0.0000,0.0000,0.0000,0
1.417,57,-34,-32,1517,1497,0.32,-2.22,0.0000,0.0000,0.0000,0
1.434,55,-34,-33,1516,1497,0.02,-2.59,0.0000,0.0000,0.0000,0
1.451,53,-34,-33,1515,1497,0.02,-2.59,0.0000,0.0000,0.0000,0
1.468,52,-34,-33,1515,1497,0.02,-2.59,0.0000,0.0000,0.0000,0
1.492,52,-34,-33,1515,1497,0.02,-2.59,0.0000,0.0000,0.0000,0
1.511,50,-35,-33,1510,1497,0.02,-2.59,0.0000,0.0000,0.0000,0
1.528,48,-36,-33,1509,1497,0.02,-2.59,0.0000,0.0000,0.0000,0
1.546,46,-37,-33,1509,1497,0.02,-2.59,0.0000,0.0000,0.0000,0
1.563,42,-39,-33,1508,1497,0.02,-2.59,0.0000,0.0000,0.0000,0
1.581,39,-40,-33,1507,1497,0.02,-2.59,0.0000,0.0000,0.0000,0
1.600,35,-43,-33,1507,1497,0.02,-2.59,0.0000,0.0000,0.0000,0
1.617,33,-44,-34,1506,1497,0.02,-2.59,0.0000,0.0000,0.0000,0
1.635,32,-46,-33,1506,1497,0.02,-2.59,0.0000,0.0000,0.0000,0
1.653,30,-47,-34,1506,1497,0.02,-2.59,0.0000,0.0000,0.0000,0
1.670,28,-47,-34,1505,1497,0.02,-2.59,0.0000,0.0000,0.0000,0
1.687,26,-46,-34,1505,1497,-0.56,-3.01,0.0000,0.0000,0.0000,0
1.706,24,-46,-34,1504,1497,-0.56,-3.01,0.0000,0.0000,0.0000,0
1.723,23,-47,-34,1504,1497,-0.56,-3.01,0.0000,0.0000,0.0000,0
1.740,22,-47,-34,1504,1497,-0.56,-3.01,0.0000,0.0000,0.0000,0
1.757,20,-48,-34,1504,1497,-0.56,-3.01,0.0000,0.0000,0.0000,0
1.775,18,-48,-33,1503,1497,-0.56,-3.01,0.0000,0.0000,0.0000,0
1.793,16,-49,-34,1503,1497,-0.56,-3.01,0.0000,0.0000,0.0000,0
1.812,14,-50,-34,1502,1497,-0.56,-3.01,0.0000,0.0000,0.0000,0
1.829,9,-50,-34,1501,1497,-0.56,-3.01,0.0000,0.0000,0.0000,0
1.847,6,-50,-33,1501,1497,-0.56,-3.01,0.0000,0.0000,0.0000,0
1.865,4,-50,-34,1500,1497,-0.56,-3.01,0.0000,0.0000,0.0000,0
1.883,2,-50,-34,1500,1497,-0.56,-3.01,0.0000,0.0000,0.0000,0
1.900,0,-49,-34,1500,1497,-0.56,-3.01,0.0000,0.0000,0.0000,0
1.918,-3,-48,-34,1500,1497,-0.56,-3.01,0.0000,0.0000,0.0000,0
1.936,-4,-47,-33,1500,1497,-0.59,-2.80,0.0000,0.0000,0.0000,0
1.953,-5,-47,-33,1499,1497,-0.59,-2.80,0.0000,0.0000,0.0000,0
1.971,-7,-46,-33,1499,1497,-0.59,-2.80,0.0000,0.0000,0.0000,0
1.988,-8,-45,-33,1499,1497,-0.59,-2.80,0.0000,0.0000,0.0000,0
2.006,-10,-41,-33,1498,1497,-0.59,-2.80,0.0000,0.0000,0.0000,0
2.023,-11,-38,-33,1498,1497,-0.59,-2.80,0.0000,0.0000,0.0000,0
2.041,-12,-35,-33,1498,1497,-0.59,-2.80,0.0000,0.0000,0.0000,0
2.059,-12,-35,-33,1498,1497,-0.59,-2.80,0.0000,0.0000,0.0000,0
2.076,-13,-35,-32,1498,1497,-0.59,-2.80,0.0000,0.0000,0.0000,0
2.093,-14,-35,-32,1498,1497,-0.59,-2.80,0.0000,0.0000,0.0000,0
2.112,-14,-35,-33,1498,1497,-0.59,-2.80,0.0000,0.0000,0.0000,0
2.131,-15,-35,-32,1497,1497,-0.59,-2.80,0.0000,0.0000,0.0000,0
2.148,-16,-33,-32,1497,1497,-0.59,-2.80,0.0000,0.0000,0.0000,0
2.166,-17,-30,-32,1497,1497,-0.59,-2.80,0.0000,0.0000,0.0000,0
2.184,-17,-28,-32,1497,1497,-0.34,-1.45,0.0000,0.0000,0.0000,0
2.201,-18,-25,-32,1497,1497,-0.34,-1.45,0.0000,0.0000,0.0000,0
2.218,-18,-23,-32,1497,1497,-0.34,-1.45,0.0000,0.0000,0.0000,0
2.237,-18,-22,-32,1497,1497,-0.34,-1.45,0.0000,0.0000,0.0000,0
2.255,-18,-20,-32,1497,1497,-0.34,-1.45,0.0000,0.0000,0.0000,0
2.272,-19,-18,-32,1497,1497,-0.34,-1.45,0.0000,0.0000,0.0000,0
2.291,-19,-16,-31,1497,1497,-0.34,-1.45,0.0000,0.0000,0.0000,0
2.309,-20,-14,-31,1496,1497,-0.34,-1.45,0.0000,0.0000,0.0000,0
2.328,-21,-12,-31,1496,1497,-0.34,-1.45,0.0000,0.0000,0.0000,0
2.349,-22,-11,-31,1496,1497,-0.34,-1.45,0.0000,0.0000,0.0000,0
2.366,-23,-10,-31,1496,1497,-0.34,-1.45,0.0000,0.0000,0.0000,0
2.383,-24,-9,-31,1496,1497,-0.34,-1.45,0.0000,0.0000,0.0000,0
2.400,-26,-8,-30,1495,1497,-0.34,-1.45,0.0000,0.0000,0.0000,1
2.418,-26,-8,-30,1495,1497,-0.34,-1.45,0.0000,0.0000,0.0000,1
2.435,-27,-8,-31,1495,1497,-1.04,-0.49,0.0000,0.0000,0.0000,0
0.018,-29,-8,-30,1495,1497,-1.04,-0.49,0.0000,0.0000,0.0000,1
0.037,-30,-7,-30,1494,1497,-1.04,-0.49,0.0000,0.0000,0.0000,1
0.058,-32,-8,-30,1494,1497,-1.04,-0.49,0.0000,0.0000,0.0000,1
0.075,-33,-8,-30,1494,1497,-1.04,-0.49,0.0000,0.0000,0.0000,1
0.093,-35,-8,-30,1493,1497,-1.04,-0.49,0.0000,0.0000,0.0000,1
0.110,-36,-9,-30,1493,1497,-1.04,-0.49,0.0000,0.0000,0.0000,1
0.129,-37,-10,-30,1493,1497,-1.04,-0.49,0.0000,0.0000,0.0000,1
0.146,-38,-11,-30,1493,1497,-1.04,-0.49,0.0000,0.0000,0.0000,1
0.165,-38,-11,-29,1493,1498,-1.04,-0.49,0.0000,0.0000,0.0000,1
0.182,-39,-12,-30,1493,1497,-1.04,-0.49,0.0000,0.0000,0.0000,1
0.200,-39,-13,-29,1493,1498,-1.04,-0.49,0.0000,0.0000,0.0000,1
0.217,-40,-13,-30,1492,1497,-1.04,-0.49,0.0000,0.0000,0.0000,1
0.235,-41,-14,-29,1492,1498,-1.04,-0.49,0.0000,0.0000,0.0000,1
0.252,-42,-14,-29,1492,1498,-0.81,-1.01,0.0000,0.0000,0.0000,1
0.272,-43,-15,-29,1492,1498,-0.81,-1.01,0.0000,0.0000,0.0000,1
0.291,-43,-16,-29,1492,1498,-0.81,-1.01,0.0000,0.0000,0.0000,1
0.308,-44,-16,-29,1492,1498,-0.81,-1.01,0.0000,0.0000,0.0000,1
0.327,-47,-17,-29,1491,1498,-0.81,-1.01,0.0000,0.0000,0.0000,1
0.344,-48,-17,-29,1491,1498,-0.81,-1.01,0.0000,0.0000,0.0000,1
0.362,-49,-18,-29,1491,1498,-0.81,-1.01,0.0000,0.0000,0.0000,1
0.379,-50,-18,-29,1490,1498,-0.81,-1.01,0.0000,0.0000,0.0000,1
0.396,-52,-19,-29,1485,1498,-0.81,-1.01,0.0000,0.0000,0.0000,1
0.413,-53,-20,-29,1485,1498,-0.81,-1.01,0.0000,0.0000,0.0000,1
0.431,-54,-20,-29,1484,1498,-0.81,-1.01,0.0000,0.0000,0.0000,1
0.449,-55,-21,-29,1484,1498,-0.81,-1.01,0.0000,0.0000,0.0000,1
0.467,-58,-22,-28,1483,1498,-0.81,-1.01,0.0000,0.0000,0.0000,1
0.484,-59,-23,-29,1483,1498,-0.81,-1.01,0.0000,0.0000,0.0000,1
0.501,-60,-24,-29,1482,1498,-0.46,-1.46,0.0000,0.0000,0.0000,1
0.519,-61,-24,-29,1482,1498,-0.46,-1.46,0.0000,0.0000,0.0000,0
0.018,-62,-25,-29,1482,1498,-0.46,-1.46,0.0000,0.0000,0.0000,0
0.038,-64,-26,-29,1481,1498,-0.46,-1.46,0.0000,0.0000,0.0000,0
0.057,-65,-27,-29,1481,1498,-0.46,-1.46,0.0000,0.0000,0.0000,0
0.074,-67,-27,-29,1480,1498,-0.46,-1.46,0.0000,0.0000,0.0000,0
0.092,-69,-27,-29,1480,1498,-0.46,-1.46,0.0000,0.0000,0.0000,0
0.109,-70,-28,-29,1479,1498,-0.46,-1.46,0.0000,0.0000,0.0000,0
0.127,-72,-29,-29,1479,1498,-0.46,-1.46,0.0000,0.0000,0.0000,0
0.146,-75,-30,-28,1478,1498,-0.46,-1.46,0.0000,0.0000,0.0000,0
0.163,-75,-30,-28,1478,1498,-0.46,-1.46,0.0000,0.0000,0.0000,0
0.181,-78,-32,-28,1477,1498,-0.46,-1.46,0.0000,0.0000,0.0000,0
0.198,-80,-33,-28,1476,1498,-0.46,-1.46,0.0000,0.0000,0.0000,0
0.215,-81,-34,-29,1476,1498,-0.46,-1.46,0.0000,0.0000,0.0000,0
0.232,-83,-34,-28,1476,1498,-0.58,-1.87,0.0000,0.0000,0.0000,0
0.250,-84,-34,-29,1475,1498,-0.58,-1.87,0.0000,0.0000,0.0000,0
0.268,-85,-34,-29,1475,1498,-0.58,-1.87,0.0000,0.0000,0.0000,0
0.287,-85,-34,-29,1475,1498,-0.58,-1.87,0.0000,0.0000,0.0000,0
0.306,-87,-34,-28,1474,1498,-0.58,-1.87,0.0000,0.0000,0.0000,0
0.324,-89,-34,-28,1474,1498,-0.58,-1.87,0.0000,0.0000,0.0000,0
0.343,-90,-34,-28,1473,1498,-0.58,-1.87,0.0000,0.0000,0.0000,0
0.360,-91,-34,-29,1473,1498,-0.58,-1.87,0.0000,0.0000,0.0000,0
0.377,-93,-35,-28,1473,1498,-0.58,-1.87,0.0000,0.0000,0.0000,0
0.395,-94,-35,-28,1472,1498,-0.58,-1.87,0.0000,0.0000,0.0000,0
0.414,-96,-34,-28,1472,1498,-0.58,-1.87,0.0000,0.0000,0.0000,0
0.432,-99,-33,-27,1471,1498,-0.58,-1.87,0.0000,0.0000,0.0000,0
0.449,-101,-33,-27,1470,1498,-0.58,-1.87,0.0000,0.0000,0.0000,0
0.466,-103,-33,-28,1470,1498,-0.58,-1.87,0.0000,0.0000,0.0000,0
0.483,-103,-33,-28,1470,1498,-0.95,-1.51,0.0000,0.0000,0.0000,0
0.500,-106,-33,-28,1470,1498,-0.95,-1.51,0.0000,0.0000,0.0000,0
0.519,-110,-33,-27,1470,1498,-0.95,-1.51,0.0000,0.0000,0.0000,0
0.541,-112,-34,-27,1470,1498,-0.95,-1.51,0.0000,0.0000,0.0000,0
0.558,-115,-34,-27,1470,1498,-0.95,-1.51,0.0000,0.0000,0.0000,0
0.576,-117,-35,-28,1470,1498,-0.95,-1.51,0.0000,0.0000,0.0000,0
0.600,-122,-34,-27,1470,1498,-0.95,-1.51,0.0000,0.0000,0.0000,0
0.618,-124,-34,-27,1470,1498,-0.95,-1.51,0.0000,0.0000,0.0000,0
0.635,-126,-33,-27,1470,1498,-0.95,-1.51,0.0000,0.0000,0.0000,0
0.653,-127,-32,-27,1470,1498,-0.95,-1.51,0.0000,0.0000,0.0000,0
0.670,-129,-33,-26,1470,1498,-0.95,-1.51,0.0000,0.0000,0.0000,0
0.687,-130,-34,-26,1470,1498,-0.95,-1.51,0.0000,0.0000,0.0000,0
0.704,-132,-35,-26,1470,1498,-0.95,-1.51,0.0000,0.0000,0.0000,0
0.721,-133,-35,-26,1470,1498,-0.35,-1.35,0.0000,0.0000,0.0000,0
0.738,-135,-36,-26,1470,1498,-0.35,-1.35,0.0000,0.0000,0.0000,0
0.756,-136,-36,-26,1470,1498,-0.35,-1.35,0.0000,0.0000,0.0000,0
0.775,-137,-37,-26,1470,1498,-0.35,-1.35,0.0000,0.0000,0.0000,0
0.795,-139,-36,-26,1470,1498,-0.35,-1.35,0.0000,0.0000,0.0000,0
0.812,-139,-34,-25,1470,1498,-0.35,-1.35,0.0000,0.0000,0.0000,0
0.829,-140,-34,-26,1470,1498,-0.35,-1.35,0.0000,0.0000,0.0000,0
0.848,-144,-31,-25,1470,1498,-0.35,-1.35,0.0000,0.0000,0.0000,0
0.865,-144,-31,-25,1470,1498,-0.35,-1.35,0.0000,0.0000,0.0000,0
0.883,-144,-32,-25,1470,1498,-0.35,-1.35,0.0000,0.0000,0.0000,0
0.900,-145,-34,-25,1470,1498,-0.35,-1.35,0.0000,0.0000,0.0000,0
0.917,-146,-35,-25,1470,1498,-0.35,-1.35,0.0000,0.0000,0.0000,0
0.935,-147,-35,-25,1470,1498,-0.35,-1.35,0.0000,0.0000,0.0000,0
0.952,-147,-35,-25,1470,1498,-0.35,-1.35,0.0000,0.0000,0.0000,0
0.970,-148,-37,-26,1470,1498,-0.18,-1.36,0.0000,0.0000,0.0000,0
0.987,-149,-39,-25,1470,1498,-0.18,-1.36,0.0000,0.0000,0.0000,0
1.005,-150,-39,-24,1470,1498,-0.18,-1.36,0.0000,0.0000,0.0000,0
1.025,-150,-39,-24,1470,1498,-0.18,-1.36,0.0000,0.0000,0.0000,0
1.045,-150,-41,-24,1470,1498,-0.18,-1.36,0.0000,0.0000,0.0000,0
1.063,-150,-42,-24,1470,1498,-0.18,-1.36,0.0000,0.0000,0.0000,0
1.080,-151,-42,-24,1470,1498,-0.18,-1.36,0.0000,0.0000,0.0000,0
1.098,-150,-43,-24,1470,1498,-0.18,-1.36,0.0000,0.0000,0.0000,0
1.115,-150,-47,-24,1470,1498,-0.18,-1.36,0.0000,0.0000,0.0000,0
1.132,-151,-49,-24,1470,1498,-0.18,-1.36,0.0000,0.0000,0.0000,0
1.149,-152,-49,-24,1470,1498,-0.18,-1.36,0.0000,0.0000,0.0000,0
1.167,-151,-49,-23,1470,1498,-0.18,-1.36,0.0000,0.0000,0.0000,0
1.184,-151,-49,-24,1470,1498,-0.18,-1.36,0.0000,0.0000,0.0000,0
1.201,-151,-49,-24,1470,1498,-0.18,-1.36,0.0000,0.0000,0.0000,0
1.219,-151,-50,-23,1470,1498,-0.14,-1.14,0.0000,0.0000,0.0000,0
1.236,-151,-50,-23,1470,1498,-0.14,-1.14,0.0000,0.0000,0.0000,0
1.253,-152,-49,-23,1470,1498,-0.14,-1.14,0.0000,0.0000,0.0000,0
1.270,-152,-49,-22,1470,1498,-0.14,-1.14,0.0000,0.0000,0.0000,0
1.289,-152,-49,-22,1470,1498,-0.14,-1.14,0.0000,0.0000,0.0000,0
1.306,-151,-50,-22,1470,1498,-0.14,-1.14,0.0000,0.0000,0.0000,0
1.328,-151,-50,-23,1470,1498,-0.14,-1.14,0.0000,0.0000,0.0000,0
1.345,-151,-50,-22,1470,1498,-0.14,-1.14,0.0000,0.0000,0.0000,0
1.365,-150,-50,-22,1470,1498,-0.14,-1.14,0.0000,0.0000,0.0000,0
1.383,-150,-50,-22,1470,1498,-0.14,-1.14,0.0000,0.0000,0.0000,0
1.400,-150,-50,-21,1470,1498,-0.14,-1.14,0.0000,0.0000,0.0000,0
1.418,-150,-50,-21,1470,1498,-0.14,-1.14,0.0000,0.0000,0.0000,0
1.435,-150,-51,-21,1470,1498,-0.14,-1.14,0.0000,0.0000,0.0000,0
1.452,-150,-50,-20,1470,1498,-0.14,-1.14,0.0000,0.0000,0.0000,0
1.470,-150,-50,-20,1470,1498,-0.44,-0.81,0.0000,0.0000,0.0000,0
1.487,-151,-50,-20,1470,1498,-0.44,-0.81,0.0000,0.0000,0.0000,0
1.504,-152,-49,-20,1470,1498,-0.44,-0.81,0.0000,0.0000,0.0000,0
1.522,-152,-49,-20,1470,1498,-0.44,-0.81,0.0000,0.0000,0.0000,0
1.540,-154,-50,-20,1470,1498,-0.44,-0.81,0.0000,0.0000,0.0000,0
1.558,-155,-49,-20,1470,1498,-0.44,-0.81,0.0000,0.0000,0.0000,0
1.577,-157,-51,-19,1470,1499,-0.44,-0.81,0.0000,0.0000,0.0000,0
1.596,-159,-52,-19,1470,1499,-0.44,-0.81,0.0000,0.0000,0.0000,0
1.614,-161,-51,-19,1470,1499,-0.44,-0.81,0.0000,0.0000,0.0000,0
1.632,-163,-51,-18,1470,1499,-0.44,-0.81,0.0000,0.0000,0.0000,0
1.649,-165,-53,-18,1470,1499,-0.44,-0.81,0.0000,0.0000,0.0000,0
1.667,-168,-54,-18,1470,1499,-0.44,-0.81,0.0000,0.0000,0.0000,0
1.684,-169,-55,-18,1470,1499,-0.44,-0.81,0.0000,0.0000,0.0000,0
1.701,-171,-55,-18,1470,1499,-0.44,-0.81,0.0000,0.0000,0.0000,0
1.719,-173,-54,-17,1470,1499,-0.41,-0.64,0.0000,0.0000,0.0000,0
1.737,-175,-55,-17,1470,1499,-0.41,-0.64,0.0000,0.0000,0.0000,0
1.754,-176,-55,-16,1470,1499,-0.41,-0.64,0.0000,0.0000,0.0000,0
1.772,-178,-55,-16,1470,1499,-0.41,-0.64,0.0000,0.0000,0.0000,0
1.790,-180,-55,-16,1470,1499,-0.41,-0.64,0.0000,0.0000,0.0000,0
1.807,-182,-56,-15,1470,1499,-0.41,-0.64,0.0000,0.0000,0.0000,0
1.825,-184,-56,-15,1470,1499,-0.41,-0.64,0.0000,0.0000,0.0000,0
1.843,-186,-56,-15,1470,1499,-0.41,-0.64,0.0000,0.0000,0.0000,0
1.860,-187,-56,-15,1470,1499,-0.41,-0.64,0.0000,0.0000,0.0000,0
1.877,-189,-56,-15,1470,1499,-0.41,-0.64,0.0000,0.0000,0.0000,0
1.895,-191,-54,-14,1470,1499,-0.41,-0.64,0.0000,0.0000,0.0000,0
1.913,-193,-53,-14,1470,1499,-0.41,-0.64,0.0000,0.0000,0.0000,0
1.931,-194,-53,-14,1470,1499,-0.41,-0.64,0.0000,0.0000,0.0000,0
1.950,-195,-54,-13,1470,1499,-0.41,-0.64,0.0000,0.0000,0.0000,0
1.967,-196,-54,-13,1470,1499,-0.41,-0.64,0.0000,0.0000,0.0000,0
1.985,-196,-54,-13,1470,1499,-0.52,-0.24,0.0000,0.0000,0.0000,0
2.002,-198,-54,-13,1470,1499,-0.52,-0.24,0.0000,0.0000,0.0000,0
2.019,-198,-55,-13,1470,1499,-0.52,-0.24,0.0000,0.0000,0.0000,0
2.037,-199,-55,-12,1470,1499,-0.52,-0.24,0.0000,0.0000,0.0000,0
2.055,-199,-56,-12,1470,1499,-0.52,-0.24,0.0000,0.0000,0.0000,0
2.072,-201,-56,-12,1470,1499,-0.52,-0.24,0.0000,0.0000,0.0000,0
2.089,-201,-56,-12,1470,1499,-0.52,-0.24,0.0000,0.0000,0.0000,0
2.107,-202,-57,-12,1470,1499,-0.52,-0.24,0.0000,0.0000,0.0000,0
2.126,-204,-58,-11,1470,1499,-0.52,-0.24,0.0000,0.0000,0.0000,0
2.143,-204,-58,-11,1470,1499,-0.52,-0.24,0.0000,0.0000,0.0000,0
2.161,-206,-59,-11,1470,1499,-0.52,-0.24,0.0000,0.0000,0.0000,0
2.178,-207,-60,-11,1470,1499,-0.52,-0.24,0.0000,0.0000,0.0000,0
2.195,-208,-61,-10,1470,1499,-0.52,-0.24,0.0000,0.0000,0.0000,0
2.212,-208,-61,-10,1470,1499,-0.52,-0.24,0.0000,0.0000,0.0000,0
2.230,-209,-61,-10,1470,1499,-0.94,-0.15,0.0000,0.0000,0.0000,0
2.249,-210,-62,-10,1470,1499,-0.94,-0.15,0.0000,0.0000,0.0000,0
2.267,-211,-62,-9,1470,1500,-0.94,-0.15,0.0000,0.0000,0.0000,0
2.288,-212,-63,-9,1470,1500,-0.94,-0.15,0.0000,0.0000,0.0000,0
2.306,-213,-65,-9,1470,1500,-0.94,-0.15,0.0000,0.0000,0.0000,0
2.323,-214,-65,-8,1470,1500,-0.94,-0.15,0.0000,0.0000,0.0000,0
2.340,-215,-65,-8,1470,1500,-0.94,-0.15,0.0000,0.0000,0.0000,0
2.357,-216,-65,-9,1470,1500,-0.94,-0.15,0.0000,0.0000,0.0000,0
2.375,-216,-66,-9,1470,1500,-0.94,-0.15,0.0000,0.0000,0.0000,0
2.393,-216,-66,-9,1470,1500,-0.94,-0.15,0.0000,0.0000,0.0000,0
2.410,-217,-67,-8,1470,1500,-0.94,-0.15,0.0000,0.0000,0.0000,0
2.428,-218,-68,-8,1470,1500,-0.94,-0.15,0.0000,0.0000,0.0000,0
2.446,-219,-69,-7,1470,1500,-0.94,-0.15,0.0000,0.0000,0.0000,0
2.464,-221,-70,-6,1470,1500,-0.94,-0.15,0.0000,0.0000,0.0000,0
2.482,-221,-70,-6,1470,1500,-0.83,-0.04,0.0000,0.0000,0.0000,0
2.500,-223,-71,-6,1470,1500,-0.83,-0.04,0.0000,0.0000,0.0000,0
2.518,-223,-71,-5,1470,1500,-0.83,-0.04,0.0000,0.0000,0.0000,0
2.536,-223,-71,-5,1470,1500,-0.83,-0.04,0.0000,0.0000,0.0000,0
2.553,-223,-72,-5,1470,1500,-0.83,-0.04,0.0000,0.0000,0.0000,0
2.571,-223,-72,-5,1470,1500,-0.83,-0.04,0.0000,0.0000,0.0000,0
2.589,-224,-73,-5,1470,1500,-0.83,-0.04,0.0000,0.0000,0.0000,0
2.607,-225,-73,-5,1470,1500,-0.83,-0.04,0.0000,0.0000,0.0000,0
2.625,-225,-73,-5,1470,1500,-0.83,-0.04,0.0000,0.0000,0.0000,0
2.643,-226,-72,-4,1470,1500,-0.83,-0.04,0.0000,0.0000,0.0000,0
2.661,-226,-71,-4,1470,1500,-0.83,-0.04,0.0000,0.0000,0.0000,0
2.678,-226,-71,-4,1470,1500,-0.83,-0.04,0.0000,0.0000,0.0000,0
2.697,-225,-71,-4,1470,1500,-0.83,-0.04,0.0000,0.0000,0.0000,0
2.716,-224,-71,-3,1470,1500,-0.01,0.25,0.0000,0.0000,0.0000,0
2.734,-224,-72,-3,1470,1500,-0.01,0.25,0.0000,0.0000,0.0000,0
2.751,-223,-71,-3,1470,1500,-0.01,0.25,0.0000,0.0000,0.0000,0
2.769,-223,-71,-3,1470,1500,-0.01,0.25,0.0000,0.0000,0.0000,0
2.787,-222,-71,-3,1470,1500,-0.01,0.25,0.0000,0.0000,0.0000,0
2.804,-222,-70,-3,1470,1500,-0.01,0.25,0.0000,0.0000,0.0000,0
2.822,-221,-69,-3,1470,1500,-0.01,0.25,0.0000,0.0000,0.0000,0
2.839,-220,-69,-2,1470,1500,-0.01,0.25,0.0000,0.0000,0.0000,0
2.857,-219,-69,-2,1470,1500,-0.01,0.25,0.0000,0.0000,0.0000,0
2.874,0,0,0,1500,1500,-0.01,0.25,0.0000,0.0000,0.0000,0
2.892,-216,-69,-2,1470,1500,-0.01,0.25,0.0000,0.0000,0.0000,0
2.912,-210,-66,-2,1470,1500,-0.01,0.25,0.0000,0.0000,0.0000,0
2.929,-206,-64,-1,1470,1500,-0.01,0.25,0.0000,0.0000,0.0000,0
2.946,-205,-63,-1,1470,1500,-0.01,0.25,0.0000,0.0000,0.0000,0
2.963,-203,-60,-1,1470,1500,-0.42,1.17,0.0000,0.0000,0.0000,0
2.980,-202,-59,-1,1470,1500,-0.42,1.17,0.0000,0.0000,0.0000,0
2.997,-201,-58,-1,1470,1500,-0.42,1.17,0.0000,0.0000,0.0000,0
3.015,-199,-57,-1,1470,1500,-0.42,1.17,0.0000,0.0000,0.0000,0
3.032,-197,-56,0,1470,1500,-0.42,1.17,0.0000,0.0000,0.0000,0
3.051,-196,-56,0,1470,1500,-0.42,1.17,0.0000,0.0000,0.0000,0
3.068,-194,-55,0,1470,1500,-0.42,1.17,0.0000,0.0000,0.0000,0
3.086,-192,-54,0,1470,1500,-0.42,1.17,0.0000,0.0000,0.0000,0
3.104,-191,-53,0,1470,1500,-0.42,1.17,0.0000,0.0000,0.0000,0
3.121,-190,-53,0,1470,1500,-0.42,1.17,0.0000,0.0000,0.0000,0
3.138,-190,-53,0,1470,1500,-0.42,1.17,0.0000,0.0000,0.0000,0
3.156,-188,-53,0,1470,1500,-0.42,1.17,0.0000,0.0000,0.0000,0
3.174,-187,-53,1,1470,1500,-0.42,1.17,0.0000,0.0000,0.0000,0
3.191,-186,-53,1,1470,1500,-0.42,1.17,0.0000,0.0000,0.0000,0
3.209,-184,-53,1,1470,1500,-0.42,1.17,0.0000,0.0000,0.0000,0
3.227,-184,-53,1,1470,1500,-0.81,1.64,0.0000,0.0000,0.0000,0
3.244,-183,-53,1,1470,1500,-0.81,1.64,0.0000,0.0000,0.0000,0
3.262,-182,-54,1,1470,1500,-0.81,1.64,0.0000,0.0000,0.0000,0
3.279,-182,-54,1,1470,1500,-0.81,1.64,0.0000,0.0000,0.0000,0
3.296,-182,-56,1,1470,1500,-0.81,1.64,0.0000,0.0000,0.0000,0
3.315,-183,-59,1,1470,1500,-0.81,1.64,0.0000,0.0000,0.0000,0
3.333,-183,-60,1,1470,1500,-0.81,1.64,0.0000,0.0000,0.0000,0
3.351,-184,-61,1,1470,1500,-0.81,1.64,0.0000,0.0000,0.0000,0
3.368,-184,-62,1,1470,1500,-0.81,1.64,0.0000,0.0000,0.0000,0
3.388,-184,-64,1,1470,1500,-0.81,1.64,0.0000,0.0000,0.0000,0
3.406,-184,-65,1,1470,1500,-0.81,1.64,0.0000,0.0000,0.0000,0
3.424,-184,-65,0,1470,1500,-0.81,1.64,0.0000,0.0000,0.0000,0
3.442,-184,-67,0,1470,1500,-0.81,1.64,0.0000,0.0000,0.0000,0
3.460,-184,-67,0,1470,1500,-0.81,1.64,0.0000,0.0000,0.0000,0
3.477,-183,-68,1,1470,1500,-1.02,0.81,0.0000,0.0000,0.0000,0
3.494,-183,-69,0,1470,1500,-1.02,0.81,0.0000,0.0000,0.0000,0
3.512,-182,-71,0,1470,1500,-1.02,0.81,0.0000,0.0000,0.0000,0
3.529,-181,-72,0,1470,1500,-1.02,0.81,0.0000,0.0000,0.0000,0
3.546,-180,-73,0,1470,1500,-1.02,0.81,0.0000,0.0000,0.0000,0
3.563,-177,-76,0,1470,1500,-1.02,0.81,0.0000,0.0000,0.0000,0
3.583,-176,-77,0,1470,1500,-1.02,0.81,0.0000,0.0000,0.0000,0
3.600,-175,-78,0,1470,1500,-1.02,0.81,0.0000,0.0000,0.0000,0
3.617,-173,-79,-1,1470,1500,-1.02,0.81,0.0000,0.0000,0.0000,0
3.634,-173,-79,-1,1470,1500,-1.02,0.81,0.0000,0.0000,0.0000,0
3.651,-172,-80,-1,1470,1500,-1.02,0.81,0.0000,0.0000,0.0000,0
3.669,-171,-81,-1,1470,1500,-1.02,0.81,0.0000,0.0000,0.0000,0
3.686,-168,-84,-1,1470,1500,-1.02,0.81,0.0000,0.0000,0.0000,0
3.704,-166,-84,-1,1470,1500,-1.02,0.81,0.0000,0.0000,0.0000,0
3.724,-164,-85,-1,1470,1500,-1.13,-0.09,0.0000,0.0000,0.0000,0
3.743,-162,-86,-2,1470,1500,-1.13,-0.09,0.0000,0.0000,0.0000,0
3.760,-161,-86,-2,1470,1500,-1.13,-0.09,0.0000,0.0000,0.0000,0
3.777,-159,-87,-2,1470,1500,-1.13,-0.09,0.0000,0.0000,0.0000,0
3.795,-157,-87,-2,1470,1500,-1.13,-0.09,0.0000,0.0000,0.0000,0
3.813,-153,-87,-2,1470,1500,-1.13,-0.09,0.0000,0.0000,0.0000,0
3.830,-152,-86,-2,1470,1500,-1.13,-0.09,0.0000,0.0000,0.0000,0
3.847,-150,-86,-2,1470,1500,-1.13,-0.09,0.0000,0.0000,0.0000,0
3.865,-148,-87,-2,1470,1500,-1.13,-0.09,0.0000,0.0000,0.0000,0
3.883,-146,-87,-2,1470,1500,-1.13,-0.09,0.0000,0.0000,0.0000,0
3.900,-144,-86,-3,1470,1500,-1.13,-0.09,0.0000,0.0000,0.0000,0
3.919,-142,-86,-3,1470,1500,-1.13,-0.09,0.0000,0.0000,0.0000,0
3.937,-140,-85,-3,1470,1500,-1.13,-0.09,0.0000,0.0000,0.0000,0
3.954,-138,-84,-3,1470,1500,-1.13,-0.09,0.0000,0.0000,0.0000,0
3.971,-136,-84,-3,1470,1500,-0.11,-0.26,0.0000,0.0000,0.0000,0
3.988,-134,-83,-4,1470,1500,-0.11,-0.26,0.0000,0.0000,0.0000,0
4.005,-132,-83,-4,1470,1500,-0.11,-0.26,0.0000,0.0000,0.0000,0
4.023,-131,-82,-4,1470,1500,-0.11,-0.26,0.0000,0.0000,0.0000,0
4.041,-129,-82,-4,1470,1500,-0.11,-0.26,0.0000,0.0000,0.0000,0
4.060,-128,-82,-4,1470,1500,-0.11,-0.26,0.0000,0.0000,0.0000,0
4.077,-124,-83,-4,1470,1500,-0.11,-0.26,0.0000,0.0000,0.0000,0
4.095,-123,-83,-4,1470,1500,-0.11,-0.26,0.0000,0.0000,0.0000,0
4.113,-122,-83,-5,1470,1500,-0.11,-0.26,0.0000,0.0000,0.0000,0
4.130,-121,-84,-5,1470,1500,-0.11,-0.26,0.0000,0.0000,0.0000,0
4.148,-119,-84,-5,1470,1500,-0.11,-0.26,0.0000,0.0000,0.0000,0
4.166,-118,-84,-5,1470,1500,-0.11,-0.26,0.0000,0.0000,0.0000,0
4.183,-116,-84,-5,1470,1500,-0.11,-0.26,0.0000,0.0000,0.0000,0
4.201,-115,-85,-5,1470,1500,-0.11,-0.26,0.0000,0.0000,0.0000,0
4.218,-114,-85,-5,1470,1500,0.84,-0.60,0.0000,0.0000,0.0000,0
4.236,-113,-85,-6,1470,1500,0.84,-0.60,0.0000,0.0000,0.0000,0
4.254,-112,-84,-6,1470,1500,0.84,-0.60,0.0000,0.0000,0.0000,0
4.271,-111,-84,-6,1470,1500,0.84,-0.60,0.0000,0.0000,0.0000,0
4.290,-111,-84,-6,1470,1500,0.84,-0.60,0.0000,0.0000,0.0000,0
4.307,-111,-83,-6,1470,1500,0.84,-0.60,0.0000,0.0000,0.0000,0
4.324,-111,-83,-6,1470,1500,0.84,-0.60,0.0000,0.0000,0.0000,0
4.341,-111,-83,-6,1470,1500,0.84,-0.60,0.0000,0.0000,0.0000,0
4.367,-111,-82,-7,1470,1500,0.84,-0.60,0.0000,0.0000,0.0000,0
4.384,-111,-81,-7,1470,1500,0.84,-0.60,0.0000,0.0000,0.0000,0
4.402,-112,-81,-7,1470,1500,0.84,-0.60,0.0000,0.0000,0.0000,0
4.420,-112,-79,-7,1470,1500,0.84,-0.60,0.0000,0.0000,0.0000,0
4.437,-112,-78,-7,1470,1500,0.84,-0.60,0.0000,0.0000,0.0000,0
4.455,-112,-76,-7,1470,1500,0.84,-0.60,0.0000,0.0000,0.0000,0
4.472,-112,-75,-7,1470,1500,0.62,-0.19,0.0000,0.0000,0.0000,0
4.490,-112,-74,-7,1470,1500,0.62,-0.19,0.0000,0.0000,0.0000,0
4.508,-112,-74,-7,1470,1500,0.62,-0.19,0.0000,0.0000,0.0000,0
4.525,-112,-73,-8,1470,1500,0.62,-0.19,0.0000,0.0000,0.0000,0
4.543,-112,-72,-8,1470,1500,0.62,-0.19,0.0000,0.0000,0.0000,0
4.561,-111,-70,-8,1470,1500,0.62,-0.19,0.0000,0.0000,0.0000,0
4.578,-110,-69,-8,1470,1500,0.62,-0.19,0.0000,0.0000,0.0000,0
4.595,-110,-69,-8,1470,1500,0.62,-0.19,0.0000,0.0000,0.0000,0
4.613,-110,-69,-8,1470,1500,0.62,-0.19,0.0000,0.0000,0.0000,0
4.631,-109,-68,-8,1470,1500,0.62,-0.19,0.0000,0.0000,0.0000,0
4.649,-107,-66,-9,1470,1500,0.62,-0.19,0.0000,0.0000,0.0000,0
4.668,-107,-66,-9,1470,1500,0.62,-0.19,0.0000,0.0000,0.0000,0
4.685,-106,-66,-9,1470,1500,0.62,-0.19,0.0000,0.0000,0.0000,0
4.702,-105,-65,-9,1470,1500,0.62,-0.19,0.0000,0.0000,0.0000,0
4.720,-105,-65,-9,1470,1500,-0.08,0.11,0.0000,0.0000,0.0000,0
4.737,-104,-65,-10,1470,1499,-0.08,0.11,0.0000,0.0000,0.0000,0
4.755,-103,-64,-10,1470,1499,-0.08,0.11,0.0000,0.0000,0.0000,0
4.772,-102,-62,-11,1470,1499,-0.08,0.11,0.0000,0.0000,0.0000,0
4.792,-101,-61,-11,1470,1499,-0.08,0.11,0.0000,0.0000,0.0000,0
4.811,-100,-61,-12,1470,1499,-0.08,0.11,0.0000,0.0000,0.0000,0
4.832,-100,-61,-12,1470,1499,-0.08,0.11,0.0000,0.0000,0.0000,0
4.852,-99,-62,-12,1471,1499,-0.08,0.11,0.0000,0.0000,0.0000,0
4.870,-99,-62,-12,1471,1499,-0.08,0.11,0.0000,0.0000,0.0000,0
4.887,-99,-63,-12,1471,1499,-0.08,0.11,0.0000,0.0000,0.0000,0
4.906,-98,-64,-12,1471,1499,-0.08,0.11,0.0000,0.0000,0.0000,0
4.923,-97,-65,-12,1471,1499,-0.08,0.11,0.0000,0.0000,0.0000,0
4.940,-96,-66,-13,1472,1499,-0.08,0.11,0.0000,0.0000,0.0000,0
4.957,-96,-66,-13,1472,1499,-0.08,0.11,0.0000,0.0000,0.0000,0
4.975,-95,-66,-13,1472,1499,-0.03,-0.33,0.0000,0.0000,0.0000,0
4.992,-95,-66,-14,1472,1499,-0.03,-0.33,0.0000,0.0000,0.0000,0
5.010,-94,-66,-15,1472,1499,-0.03,-0.33,0.0000,0.0000,0.0000,0
5.028,-94,-66,-14,1472,1499,-0.03,-0.33,0.0000,0.0000,0.0000,0
5.045,-94,-68,-14,1472,1499,-0.03,-0.33,0.0000,0.0000,0.0000,0
5.064,-94,-69,-14,1472,1499,-0.03,-0.33,0.0000,0.0000,0.0000,0
5.082,-94,-69,-14,1472,1499,-0.03,-0.33,0.0000,0.0000,0.0000,0
5.099,-94,-71,-15,1472,1499,-0.03,-0.33,0.0000,0.0000,0.0000,0
5.117,-94,-71,-16,1472,1499,-0.03,-0.33,0.0000,0.0000,0.0000,0
5.135,-94,-71,-17,1472,1499,-0.03,-0.33,0.0000,0.0000,0.0000,0
5.153,-94,-71,-17,1472,1499,-0.03,-0.33,0.0000,0.0000,0.0000,0
5.170,-93,-71,-17,1473,1499,-0.03,-0.33,0.0000,0.0000,0.0000,0
5.188,-92,-70,-16,1473,1499,-0.03,-0.33,0.0000,0.0000,0.0000,0
5.206,-91,-70,-16,1473,1499,-0.03,-0.33,0.0000,0.0000,0.0000,0
5.224,-89,-69,-16,1474,1499,-0.43,-1.02,0.0000,0.0000,0.0000,0
5.246,-89,-69,-16,1474,1499,-0.43,-1.02,0.0000,0.0000,0.0000,0
5.263,-85,-68,-17,1475,1499,-0.43,-1.02,0.0000,0.0000,0.0000,0
5.280,-84,-67,-17,1475,1499,-0.43,-1.02,0.0000,0.0000,0.0000,0
5.298,-82,-66,-18,1476,1499,-0.43,-1.02,0.0000,0.0000,0.0000,0
5.316,-81,-66,-18,1476,1499,-0.43,-1.02,0.0000,0.0000,0.0000,0
5.334,-77,-65,-17,1477,1499,-0.43,-1.02,0.0000,0.0000,0.0000,0
5.351,-75,-64,-17,1478,1499,-0.43,-1.02,0.0000,0.0000,0.0000,0
5.369,-73,-64,-17,1479,1499,-0.43,-1.02,0.0000,0.0000,0.0000,0
5.388,-70,-65,-18,1479,1499,-0.43,-1.02,0.0000,0.0000,0.0000,0
5.406,-68,-67,-17,1480,1499,-0.43,-1.02,0.0000,0.0000,0.0000,0
5.423,-66,-67,-18,1481,1499,-0.43,-1.02,0.0000,0.0000,0.0000,0
5.441,-61,-66,-19,1482,1499,-0.43,-1.02,0.0000,0.0000,0.0000,0
5.459,-61,-66,-19,1482,1499,-0.43,-1.02,0.0000,0.0000,0.0000,0
5.477,-59,-65,-19,1483,1499,-0.34,-1.25,0.0000,0.0000,0.0000,0
5.495,-56,-62,-19,1484,1499,-0.34,-1.25,0.0000,0.0000,0.0000,0
5.514,-53,-60,-20,1485,1498,-0.34,-1.25,0.0000,0.0000,0.0000,1
5.532,-50,-59,-20,1490,1498,-0.34,-1.25,0.0000,0.0000,0.0000,1
5.549,-44,-56,-20,1492,1498,-0.34,-1.25,0.0000,0.0000,0.0000,1
5.566,-41,-55,-21,1492,1498,-0.34,-1.25,0.0000,0.0000,0.0000,1
5.584,-38,-54,-21,1493,1498,-0.34,-1.25,0.0000,0.0000,0.0000,1
5.602,-35,-53,-21,1493,1498,-0.34,-1.25,0.0000,0.0000,0.0000,1
5.619,-32,-53,-21,1494,1498,-0.34,-1.25,0.0000,0.0000,0.0000,1
5.637,-30,-52,-21,1494,1498,-0.34,-1.25,0.0000,0.0000,0.0000,1
5.655,-28,-51,-21,1495,1498,-0.34,-1.25,0.0000,0.0000,0.0000,1
5.674,-26,-51,-22,1495,1498,-0.34,-1.25,0.0000,0.0000,0.0000,1
5.691,-24,-51,-22,1496,1498,-0.34,-1.25,0.0000,0.0000,0.0000,1
5.711,-23,-50,-22,1496,1498,-0.07,-1.25,0.0000,0.0000,0.0000,1
5.728,-21,-50,-22,1496,1498,-0.07,-1.25,0.0000,0.0000,0.0000,1
5.745,-20,-50,-22,1496,1498,-0.07,-1.25,0.0000,0.0000,0.0000,1
5.762,-19,-51,-22,1497,1498,-0.07,-1.25,0.0000,0.0000,0.0000,1
5.781,-18,-51,-23,1497,1498,-0.07,-1.25,0.0000,0.0000,0.0000,1
5.798,-17,-51,-23,1497,1498,-0.07,-1.25,0.0000,0.0000,0.0000,1
5.816,-17,-52,-23,1497,1498,-0.07,-1.25,0.0000,0.0000,0.0000,1
5.833,-16,-52,-23,1497,1498,-0.07,-1.25,0.0000,0.0000,0.0000,1
5.850,-17,-52,-23,1497,1498,-0.07,-1.25,0.0000,0.0000,0.0000,1
5.868,-17,-52,-24,1497,1498,-0.07,-1.25,0.0000,0.0000,0.0000,1
5.886,-17,-52,-24,1497,1498,-0.07,-1.25,0.0000,0.0000,0.0000,1
5.903,-17,-53,-24,1497,1498,-0.07,-1.25,0.0000,0.0000,0.0000,1
5.923,-17,-52,-24,1497,1498,-0.07,-1.25,0.0000,0.0000,0.0000,1
5.941,-16,-52,-24,1497,1498,-0.07,-1.25,0.0000,0.0000,0.0000,1
5.959,-16,-52,-24,1497,1498,0.01,-2.02,0.0000,0.0000,0.0000,1
5.978,-16,-52,-24,1497,1498,0.01,-2.02,0.0000,0.0000,0.0000,1
5.996,-15,-52,-25,1497,1498,0.01,-2.02,0.0000,0.0000,0.0000,1
6.015,-14,-52,-25,1498,1498,0.01,-2.02,0.0000,0.0000,0.0000,1
6.033,-13,-52,-24,1498,1498,0.01,-2.02,0.0000,0.0000,0.0000,1
6.050,-12,-51,-26,1498,1498,0.01,-2.02,0.0000,0.0000,0.0000,1
6.067,-12,-50,-25,1498,1498,0.01,-2.02,0.0000,0.0000,0.0000,1
6.085,-12,-50,-26,1498,1498,0.01,-2.02,0.0000,0.0000,0.0000,1
6.103,-11,-48,-26,1498,1498,0.01,-2.02,0.0000,0.0000,0.0000,1
6.120,-11,-47,-26,1498,1498,0.01,-2.02,0.0000,0.0000,0.0000,1
6.137,-10,-46,-28,1498,1498,0.01,-2.02,0.0000,0.0000,0.0000,1
6.154,-10,-45,-27,1498,1498,0.01,-2.02,0.0000,0.0000,0.0000,1
6.172,-9,-44,-26,1499,1498,0.01,-2.02,0.0000,0.0000,0.0000,1
6.191,-9,-43,-28,1499,1498,0.01,-2.02,0.0000,0.0000,0.0000,1
6.209,-9,-43,-28,1499,1498,0.14,-1.87,0.0000,0.0000,0.0000,1
6.227,-9,-42,-27,1499,1498,0.14,-1.87,0.0000,0.0000,0.0000,1
6.247,-10,-42,-28,1498,1498,0.14,-1.87,0.0000,0.0000,0.0000,1
6.266,-10,-42,-28,1498,1498,0.14,-1.87,0.0000,0.0000,0.0000,1
6.284,-10,-42,-28,1498,1498,0.14,-1.87,0.0000,0.0000,0.0000,1
6.301,-11,-41,-30,1498,1497,0.14,-1.87,0.0000,0.0000,0.0000,1
6.319,-11,-41,-28,1498,1498,0.14,-1.87,0.0000,0.0000,0.0000,1
6.337,-11,-41,-28,1498,1498,0.14,-1.87,0.0000,0.0000,0.0000,1
6.355,-11,-41,-29,1498,1498,0.14,-1.87,0.0000,0.0000,0.0000,1
6.372,-12,-40,-30,1498,1497,0.14,-1.87,0.0000,0.0000,0.0000,1
6.389,-12,-40,-29,1498,1498,0.14,-1.87,0.0000,0.0000,0.0000,1
6.407,-12,-40,-29,1498,1498,0.14,-1.87,0.0000,0.0000,0.0000,1
6.425,-12,-40,-29,1498,1498,0.14,-1.87,0.0000,0.0000,0.0000,1
6.443,-12,-41,-29,1498,1497,0.14,-1.87,0.0000,0.0000,0.0000,1
6.460,-12,-41,-29,1498,1498,0.71,-2.14,0.0000,0.0000,0.0000,1
6.478,-13,-41,-29,1498,1498,0.71,-2.14,0.0000,0.0000,0.0000,1
6.495,-13,-40,-29,1498,1498,0.71,-2.14,0.0000,0.0000,0.0000,1
6.513,-13,-41,-29,1498,1498,0.71,-2.14,0.0000,0.0000,0.0000,1
6.530,-14,-42,-29,1498,1498,0.71,-2.14,0.0000,0.0000,0.0000,1
6.548,-14,-41,-29,1498,1498,0.71,-2.14,0.0000,0.0000,0.0000,1
6.568,-14,-38,-30,1498,1497,0.71,-2.14,0.0000,0.0000,0.0000,1
6.586,-14,-38,-30,1498,1497,0.71,-2.14,0.0000,0.0000,0.0000,1
6.603,-13,-38,-30,1498,1497,0.71,-2.14,0.0000,0.0000,0.0000,1
6.621,-13,-39,-31,1498,1497,0.71,-2.14,0.0000,0.0000,0.0000,0
0.018,-13,-40,-30,1498,1497,0.71,-2.14,0.0000,0.0000,0.0000,1
0.036,-13,-40,-30,1498,1497,0.71,-2.14,0.0000,0.0000,0.0000,1
0.053,-13,-41,-31,1498,1497,0.71,-2.14,0.0000,0.0000,0.0000,0
0.018,-14,-41,-31,1498,1497,0.71,-2.14,0.0000,0.0000,0.0000,0
0.035,-14,-41,-30,1498,1497,1.36,-2.83,0.0000,0.0000,0.0000,1
0.054,-14,-40,-31,1498,1497,1.36,-2.83,0.0000,0.0000,0.0000,0
0.017,-15,-39,-31,1497,1497,1.36,-2.83,0.0000,0.0000,0.0000,0
0.035,-15,-38,-31,1497,1497,1.36,-2.83,0.0000,0.0000,0.0000,0
0.052,-16,-38,-31,1497,1497,1.36,-2.83,0.0000,0.0000,0.0000,0
0.071,-17,-39,-31,1497,1497,1.36,-2.83,0.0000,0.0000,0.0000,0
0.088,-19,-40,-31,1497,1497,1.36,-2.83,0.0000,0.0000,0.0000,0
0.106,-20,-40,-32,1496,1497,1.36,-2.83,0.0000,0.0000,0.0000,0
0.124,-21,-40,-31,1496,1497,1.36,-2.83,0.0000,0.0000,0.0000,0
0.141,-22,-39,-31,1496,1497,1.36,-2.83,0.0000,0.0000,0.0000,0
0.160,-23,-38,-31,1496,1497,1.36,-2.83,0.0000,0.0000,0.0000,0
0.177,-25,-36,-32,1495,1497,1.36,-2.83,0.0000,0.0000,0.0000,0
0.195,-26,-35,-32,1495,1497,1.36,-2.83,0.0000,0.0000,0.0000,0
0.214,-28,-34,-33,1495,1497,1.36,-2.83,0.0000,0.0000,0.0000,0
0.231,-28,-34,-33,1495,1497,1.36,-2.83,0.0000,0.0000,0.0000,0
0.249,-29,-33,-33,1495,1497,0.86,-2.83,0.0000,0.0000,0.0000,0
0.266,-31,-32,-33,1494,1497,0.86,-2.83,0.0000,0.0000,0.0000,0
0.284,-32,-32,-33,1494,1497,0.86,-2.83,0.0000,0.0000,0.0000,0
0.301,-33,-32,-33,1494,1497,0.86,-2.83,0.0000,0.0000,0.0000,0
0.318,-35,-33,-32,1493,1497,0.86,-2.83,0.0000,0.0000,0.0000,0
0.336,-37,-34,-34,1493,1497,0.86,-2.83,0.0000,0.0000,0.0000,0
0.353,-38,-35,-33,1493,1497,0.86,-2.83,0.0000,0.0000,0.0000,0
0.370,-38,-34,-32,1493,1497,0.86,-2.83,0.0000,0.0000,0.0000,0
0.388,-38,-34,-32,1493,1497,0.86,-2.83,0.0000,0.0000,0.0000,0
0.406,-39,-33,-32,1493,1497,0.86,-2.83,0.0000,0.0000,0.0000,0
0.424,-38,-31,-33,1493,1497,0.86,-2.83,0.0000,0.0000,0.0000,0
0.441,-38,-29,-32,1493,1497,0.86,-2.83,0.0000,0.0000,0.0000,0
0.460,-38,-27,-32,1493,1497,0.86,-2.83,0.0000,0.0000,0.0000,0
0.478,-38,-25,-32,1493,1497,-0.01,-2.32,0.0000,0.0000,0.0000,0
0.496,-39,-24,-32,1493,1497,-0.01,-2.32,0.0000,0.0000,0.0000,0
0.514,-39,-24,-32,1493,1497,-0.01,-2.32,0.0000,0.0000,0.0000,0
0.535,-40,-23,-32,1492,1497,-0.01,-2.32,0.0000,0.0000,0.0000,0
0.552,-42,-21,-32,1492,1497,-0.01,-2.32,0.0000,0.0000,0.0000,0
0.570,-44,-17,-32,1492,1497,-0.01,-2.32,0.0000,0.0000,0.0000,0
0.588,-46,-16,-32,1491,1497,-0.01,-2.32,0.0000,0.0000,0.0000,0
0.605,-48,-15,-31,1491,1497,-0.01,-2.32,0.0000,0.0000,0.0000,0
0.622,-50,-14,-32,1490,1497,-0.01,-2.32,0.0000,0.0000,0.0000,0
0.640,-51,-12,-32,1485,1497,-0.01,-2.32,0.0000,0.0000,0.0000,0
0.657,-53,-11,-32,1485,1497,-0.01,-2.32,0.0000,0.0000,0.0000,0
0.676,-54,-9,-32,1484,1497,-0.01,-2.32,0.0000,0.0000,0.0000,0
0.694,-56,-7,-33,1484,1497,-0.01,-2.32,0.0000,0.0000,0.0000,0
0.713,-60,-3,-34,1482,1497,-0.01,-2.32,0.0000,0.0000,0.0000,0
0.730,-60,-3,-34,1482,1497,0.06,-1.52,0.0000,0.0000,0.0000,0
0.748,-61,-2,-34,1482,1497,0.06,-1.52,0.0000,0.0000,0.0000,0
0.769,-63,-1,-35,1482,1497,0.06,-1.52,0.0000,0.0000,0.0000,0
0.787,-63,0,-36,1482,1497,0.06,-1.52,0.0000,0.0000,0.0000,0
0.805,-64,1,-32,1481,1497,0.06,-1.52,0.0000,0.0000,0.0000,0
0.823,-64,0,-35,1481,1497,0.06,-1.52,0.0000,0.0000,0.0000,0
0.840,-65,0,-35,1481,1497,0.06,-1.52,0.0000,0.0000,0.0000,0
0.857,-65,0,-35,1481,1497,0.06,-1.52,0.0000,0.0000,0.0000,0
0.874,-65,0,-36,1481,1497,0.06,-1.52,0.0000,0.0000,0.0000,0
0.892,-64,0,-35,1481,1497,0.06,-1.52,0.0000,0.0000,0.0000,0
0.910,-65,-3,-35,1481,1497,0.06,-1.52,0.0000,0.0000,0.0000,0
0.927,-65,-3,-35,1481,1497,0.06,-1.52,0.0000,0.0000,0.0000,0
0.944,-64,-4,-33,1481,1497,0.06,-1.52,0.0000,0.0000,0.0000,0
0.962,-64,-6,-33,1481,1497,0.06,-1.52,0.0000,0.0000,0.0000,0
0.980,-64,-6,-33,1481,1497,-0.59,-1.73,0.0000,0.0000,0.0000,0
0.997,-64,-8,-33,1481,1497,-0.59,-1.73,0.0000,0.0000,0.0000,0
1.017,-65,-8,-33,1481,1497,-0.59,-1.73,0.0000,0.0000,0.0000,0
1.034,-65,-9,-35,1481,1497,-0.59,-1.73,0.0000,0.0000,0.0000,0
1.052,-65,-10,-34,1481,1497,-0.59,-1.73,0.0000,0.0000,0.0000,0
1.072,-66,-11,-33,1481,1497,-0.59,-1.73,0.0000,0.0000,0.0000,0
1.090,-66,-11,-33,1481,1497,-0.59,-1.73,0.0000,0.0000,0.0000,0
1.108,-66,-12,-33,1481,1497,-0.59,-1.73,0.0000,0.0000,0.0000,0
1.126,-66,-12,-33,1481,1497,-0.59,-1.73,0.0000,0.0000,0.0000,0
1.145,-66,-11,-33,1481,1497,-0.59,-1.73,0.0000,0.0000,0.0000,0
1.163,-66,-12,-34,1481,1497,-0.59,-1.73,0.0000,0.0000,0.0000,0
1.180,-66,-13,-33,1481,1497,-0.59,-1.73,0.0000,0.0000,0.0000,0
1.199,-66,-14,-34,1481,1497,-0.59,-1.73,0.0000,0.0000,0.0000,0
1.216,-66,-15,-33,1481,1497,-0.59,-1.73,0.0000,0.0000,0.0000,0
1.233,-66,-16,-34,1481,1497,-0.77,-2.07,0.0000,0.0000,0.0000,0
1.252,-66,-16,-34,1481,1497,-0.77,-2.07,0.0000,0.0000,0.0000,0
1.270,-66,-16,-35,1481,1497,-0.77,-2.07,0.0000,0.0000,0.0000,0
1.289,-67,-17,-35,1480,1497,-0.77,-2.07,0.0000,0.0000,0.0000,0
1.307,-67,-18,-34,1480,1497,-0.77,-2.07,0.0000,0.0000,0.0000,0
1.325,-67,-18,-35,1480,1497,-0.77,-2.07,0.0000,0.0000,0.0000,0
1.343,-68,-17,-34,1480,1497,-0.77,-2.07,0.0000,0.0000,0.0000,0
1.361,-68,-15,-34,1480,1497,-0.77,-2.07,0.0000,0.0000,0.0000,0
1.379,-69,-13,-35,1480,1497,-0.77,-2.07,0.0000,0.0000,0.0000,0
1.396,-69,-12,-35,1480,1497,-0.77,-2.07,0.0000,0.0000,0.0000,0
1.414,-70,-12,-34,1479,1497,-0.77,-2.07,0.0000,0.0000,0.0000,0
1.431,-70,-12,-34,1479,1497,-0.77,-2.07,0.0000,0.0000,0.0000,0
1.448,-71,-13,-35,1479,1497,-0.77,-2.07,0.0000,0.0000,0.0000,0
1.465,-72,-15,-34,1479,1497,-0.77,-2.07,0.0000,0.0000,0.0000,0
1.483,-72,-15,-34,1479,1497,-0.57,-1.63,0.0000,0.0000,0.0000,0
1.502,-73,-16,-34,1479,1497,-0.57,-1.63,0.0000,0.0000,0.0000,0
1.520,-73,-16,-34,1479,1497,-0.57,-1.63,0.0000,0.0000,0.0000,0
1.538,-75,-17,-34,1478,1497,-0.57,-1.63,0.0000,0.0000,0.0000,0
1.560,-76,-18,-34,1478,1497,-0.57,-1.63,0.0000,0.0000,0.0000,0
1.577,-77,-19,-34,1477,1497,-0.57,-1.63,0.0000,0.0000,0.0000,0
1.595,-77,-19,-34,1477,1497,-0.57,-1.63,0.0000,0.0000,0.0000,0
1.612,-80,-22,-34,1476,1497,-0.57,-1.63,0.0000,0.0000,0.0000,0
1.630,-81,-22,-34,1476,1497,-0.57,-1.63,0.0000,0.0000,0.0000,0
1.647,-81,-23,-34,1476,1497,-0.57,-1.63,0.0000,0.0000,0.0000,0
1.665,-82,-25,-35,1476,1497,-0.57,-1.63,0.0000,0.0000,0.0000,0
1.683,-83,-27,-34,1476,1497,-0.57,-1.63,0.0000,0.0000,0.0000,0
1.700,-83,-28,-35,1476,1497,-0.57,-1.63,0.0000,0.0000,0.0000,0
1.718,-83,-29,-34,1476,1497,-0.57,-1.63,0.0000,0.0000,0.0000,0
1.736,-84,-30,-34,1475,1497,-0.71,-2.01,0.0000,0.0000,0.0000,0
1.755,-84,-31,-34,1475,1497,-0.71,-2.01,0.0000,0.0000,0.0000,0
1.773,-84,-31,-35,1475,1497,-0.71,-2.01,0.0000,0.0000,0.0000,0
1.791,-84,-32,-35,1475,1497,-0.71,-2.01,0.0000,0.0000,0.0000,0
1.809,-84,-34,-35,1475,1497,-0.71,-2.01,0.0000,0.0000,0.0000,0
1.828,-84,-36,-34,1475,1497,-0.71,-2.01,0.0000,0.0000,0.0000,0
1.846,-84,-38,-34,1475,1497,-0.71,-2.01,0.0000,0.0000,0.0000,0
1.864,-84,-38,-34,1475,1497,-0.71,-2.01,0.0000,0.0000,0.0000,0
1.881,-85,-39,-34,1475,1497,-0.71,-2.01,0.0000,0.0000,0.0000,0
1.899,-85,-39,-35,1475,1497,-0.71,-2.01,0.0000,0.0000,0.0000,0
1.917,-86,-39,-35,1475,1497,-0.71,-2.01,0.0000,0.0000,0.0000,0
1.934,-86,-38,-34,1475,1497,-0.71,-2.01,0.0000,0.0000,0.0000,0
1.951,-86,-38,-33,1475,1497,-0.71,-2.01,0.0000,0.0000,0.0000,0
1.970,-86,-38,-33,1475,1497,-0.71,-2.01,0.0000,0.0000,0.0000,0
1.987,-86,-38,-33,1475,1497,-0.50,-2.29,0.0000,0.0000,0.0000,0
2.008,-87,-39,-34,1474,1497,-0.50,-2.29,0.0000,0.0000,0.0000,0
2.025,-88,-39,-35,1474,1497,-0.50,-2.29,0.0000,0.0000,0.0000,0
2.042,-88,-40,-34,1474,1497,-0.50,-2.29,0.0000,0.0000,0.0000,0
2.060,-89,-40,-34,1474,1497,-0.50,-2.29,0.0000,0.0000,0.0000,0
2.077,-89,-40,-33,1474,1497,-0.50,-2.29,0.0000,0.0000,0.0000,0
2.094,-89,-40,-33,1474,1497,-0.50,-2.29,0.0000,0.0000,0.0000,0
2.111,-89,-40,-33,1474,1497,-0.50,-2.29,0.0000,0.0000,0.0000,0
2.128,-90,-39,-34,1473,1497,-0.50,-2.29,0.0000,0.0000,0.0000,0
2.146,-90,-39,-34,1473,1497,-0.50,-2.29,0.0000,0.0000,0.0000,0
2.163,-89,-38,-34,1474,1497,-0.50,-2.29,0.0000,0.0000,0.0000,0
2.181,-89,-38,-34,1474,1497,-0.50,-2.29,0.0000,0.0000,0.0000,0
2.199,-88,-36,-32,1474,1497,-0.50,-2.29,0.0000,0.0000,0.0000,0
2.218,-88,-34,-32,1474,1497,-0.50,-2.29,0.0000,0.0000,0.0000,0
2.236,-87,-33,-32,1474,1497,-0.52,-1.64,0.0000,0.0000,0.0000,0
2.257,-86,-33,-32,1475,1497,-0.52,-1.64,0.0000,0.0000,0.0000,0
2.274,-86,-32,-32,1475,1497,-0.52,-1.64,0.0000,0.0000,0.0000,0
2.291,-84,-31,-32,1475,1497,-0.52,-1.64,0.0000,0.0000,0.0000,0
2.309,-83,-31,-33,1476,1497,-0.52,-1.64,0.0000,0.0000,0.0000,0
2.326,-83,-31,-32,1476,1497,-0.52,-1.64,0.0000,0.0000,0.0000,0
2.344,-82,-30,-32,1476,1497,-0.52,-1.64,0.0000,0.0000,0.0000,0
2.361,-81,-29,-31,1476,1497,-0.52,-1.64,0.0000,0.0000,0.0000,0
2.379,-80,-28,-31,1476,1497,-0.52,-1.64,0.0000,0.0000,0.0000,0
2.397,-80,-28,-31,1476,1497,-0.52,-1.64,0.0000,0.0000,0.0000,0
2.414,-79,-26,-32,1477,1497,-0.52,-1.64,0.0000,0.0000,0.0000,0
2.432,-78,-24,-31,1477,1497,-0.52,-1.64,0.0000,0.0000,0.0000,0
2.450,-77,-23,-31,1477,1497,-0.52,-1.64,0.0000,0.0000,0.0000,0
2.468,-75,-21,-31,1478,1497,-0.52,-1.64,0.0000,0.0000,0.0000,0
2.487,-74,-18,-30,1478,1497,-0.65,-0.42,0.0000,0.0000,0.0000,0
2.505,-72,-16,-31,1479,1497,-0.65,-0.42,0.0000,0.0000,0.0000,0
2.526,-70,-14,-31,1479,1497,-0.65,-0.42,0.0000,0.0000,0.0000,0
2.543,-69,-12,-30,1480,1497,-0.65,-0.42,0.0000,0.0000,0.0000,0
2.561,-68,-10,-30,1480,1497,-0.65,-0.42,0.0000,0.0000,0.0000,0
2.579,-67,-7,-30,1480,1497,-0.65,-0.42,0.0000,0.0000,0.0000,0
2.597,-66,-8,-30,1481,1497,-0.65,-0.42,0.0000,0.0000,0.0000,0
2.614,-66,-10,-30,1481,1497,-0.65,-0.42,0.0000,0.0000,0.0000,0
2.631,-67,-10,-30,1480,1497,-0.65,-0.42,0.0000,0.0000,0.0000,0
2.649,-67,-10,-29,1480,1498,-0.65,-0.42,0.0000,0.0000,0.0000,0
2.667,-66,-10,-30,1481,1497,-0.65,-0.42,0.0000,0.0000,0.0000,0
2.685,-66,-11,-30,1481,1497,-0.65,-0.42,0.0000,0.0000,0.0000,0
2.702,-66,-11,-30,1481,1497,-0.65,-0.42,0.0000,0.0000,0.0000,0
2.721,-66,-13,-29,1481,1498,-0.65,-0.42,0.0000,0.0000,0.0000,0
2.738,-66,-14,-29,1481,1498,-0.82,-0.08,0.0000,0.0000,0.0000,0
2.759,-66,-15,-29,1481,1498,-0.82,-0.08,0.0000,0.0000,0.0000,0
2.777,-66,-16,-29,1481,1498,-0.82,-0.08,0.0000,0.0000,0.0000,0
2.795,-66,-17,-29,1481,1498,-0.82,-0.08,0.0000,0.0000,0.0000,0
2.813,-67,-17,-29,1480,1498,-0.82,-0.08,0.0000,0.0000,0.0000,0
2.830,-67,-17,-29,1480,1498,-0.82,-0.08,0.0000,0.0000,0.0000,0
2.847,-67,-18,-29,1480,1498,-0.82,-0.08,0.0000,0.0000,0.0000,0
2.864,-67,-18,-28,1480,1498,-0.82,-0.08,0.0000,0.0000,0.0000,0
2.882,-67,-18,-29,1480,1498,-0.82,-0.08,0.0000,0.0000,0.0000,0
2.900,-68,-19,-28,1480,1498,-0.82,-0.08,0.0000,0.0000,0.0000,0
2.918,-67,-20,-29,1480,1498,-0.82,-0.08,0.0000,0.0000,0.0000,0
2.938,-67,-21,-28,1480,1498,-0.82,-0.08,0.0000,0.0000,0.0000,0
2.956,-67,-22,-28,1480,1498,-0.82,-0.08,0.0000,0.0000,0.0000,0
2.973,-68,-23,-29,1480,1498,-0.54,-0.32,0.0000,0.0000,0.0000,0
2.994,-68,-24,-28,1480,1498,-0.54,-0.32,0.0000,0.0000,0.0000,0
3.012,-68,-26,-27,1480,1498,-0.54,-0.32,0.0000,0.0000,0.0000,0
3.030,-68,-26,-27,1480,1498,-0.54,-0.32,0.0000,0.0000,0.0000,0
3.049,-68,-28,-28,1480,1498,-0.54,-0.32,0.0000,0.0000,0.0000,0
3.066,-69,-29,-27,1480,1498,-0.54,-0.32,0.0000,0.0000,0.0000,0
3.084,-68,-29,-29,1480,1498,-0.54,-0.32,0.0000,0.0000,0.0000,0
3.101,-68,-30,-28,1480,1498,-0.54,-0.32,0.0000,0.0000,0.0000,0
3.119,-67,-30,-29,1480,1498,-0.54,-0.32,0.0000,0.0000,0.0000,0
3.136,-66,-31,-28,1481,1498,-0.54,-0.32,0.0000,0.0000,0.0000,0
3.154,-65,-32,-28,1481,1498,-0.54,-0.32,0.0000,0.0000,0.0000,0
3.171,-64,-32,-27,1481,1498,-0.54,-0.32,0.0000,0.0000,0.0000,0
3.188,-63,-33,-28,1482,1498,-0.54,-0.32,0.0000,0.0000,0.0000,0
3.209,-61,-35,-27,1482,1498,-0.54,-0.32,0.0000,0.0000,0.0000,0
3.226,-61,-35,-27,1482,1498,-0.22,-0.76,0.0000,0.0000,0.0000,0
3.247,-60,-36,-26,1482,1498,-0.22,-0.76,0.0000,0.0000,0.0000,1
3.264,-59,-36,-27,1483,1498,-0.22,-0.76,0.0000,0.0000,0.0000,1
3.284,-58,-36,-26,1483,1498,-0.22,-0.76,0.0000,0.0000,0.0000,1
3.301,-57,-37,-26,1483,1498,-0.22,-0.76,0.0000,0.0000,0.0000,1
3.319,-55,-38,-26,1484,1498,-0.22,-0.76,0.0000,0.0000,0.0000,1
3.337,-54,-38,-26,1484,1498,-0.22,-0.76,0.0000,0.0000,0.0000,1
3.354,-53,-38,-26,1485,1498,-0.22,-0.76,0.0000,0.0000,0.0000,1
3.371,-52,-38,-25,1485,1498,-0.22,-0.76,0.0000,0.0000,0.0000,1
3.389,-51,-37,-26,1485,1498,-0.22,-0.76,0.0000,0.0000,0.0000,1
3.406,-50,-37,-26,1490,1498,-0.22,-0.76,0.0000,0.0000,0.0000,1
3.423,-49,-36,-26,1491,1498,-0.22,-0.76,0.0000,0.0000,0.0000,1
3.440,-48,-36,-25,1491,1498,-0.22,-0.76,0.0000,0.0000,0.0000,1
3.458,-46,-35,-25,1491,1498,-0.22,-0.76,0.0000,0.0000,0.0000,1
3.475,-46,-35,-25,1491,1498,0.16,-0.55,0.0000,0.0000,0.0000,1
3.492,-45,-35,-25,1491,1498,0.16,-0.55,0.0000,0.0000,0.0000,1
3.519,-44,-34,-25,1492,1498,0.16,-0.55,0.0000,0.0000,0.0000,1
3.543,-44,-34,-25,1492,1498,0.16,-0.55,0.0000,0.0000,0.0000,1
3.562,-43,-34,-25,1492,1498,0.16,-0.55,0.0000,0.0000,0.0000,1
3.581,-42,-33,-24,1492,1498,0.16,-0.55,0.0000,0.0000,0.0000,1
3.598,-42,-33,-24,1492,1498,0.16,-0.55,0.0000,0.0000,0.0000,1
3.616,-42,-32,-24,1492,1498,0.16,-0.55,0.0000,0.0000,0.0000,1
3.633,-42,-32,-24,1492,1498,0.16,-0.55,0.0000,0.0000,0.0000,1
3.651,-43,-32,-24,1492,1498,0.16,-0.55,0.0000,0.0000,0.0000,1
3.669,-44,-32,-23,1492,1498,0.16,-0.55,0.0000,0.0000,0.0000,1
3.687,-45,-33,-23,1491,1498,0.16,-0.55,0.0000,0.0000,0.0000,1
3.704,-46,-33,-23,1491,1498,0.16,-0.55,0.0000,0.0000,0.0000,1
3.727,-47,-34,-23,1491,1498,0.32,-0.55,0.0000,0.0000,0.0000,1
3.744,-49,-35,-23,1491,1498,0.32,-0.55,0.0000,0.0000,0.0000,1
3.767,-50,-35,-23,1490,1498,0.32,-0.55,0.0000,0.0000,0.0000,1
3.784,-51,-35,-24,1485,1498,0.32,-0.55,0.0000,0.0000,0.0000,1
3.802,-51,-35,-24,1485,1498,0.32,-0.55,0.0000,0.0000,0.0000,1
3.819,-51,-35,-23,1485,1498,0.32,-0.55,0.0000,0.0000,0.0000,1
3.838,-52,-35,-23,1485,1498,0.32,-0.55,0.0000,0.0000,0.0000,1
3.855,-52,-35,-23,1485,1498,0.32,-0.55,0.0000,0.0000,0.0000,1
3.873,-52,-34,-23,1485,1498,0.32,-0.55,0.0000,0.0000,0.0000,1
3.891,-51,-34,-23,1485,1498,0.32,-0.55,0.0000,0.0000,0.0000,1
3.910,-51,-34,-23,1485,1498,0.32,-0.55,0.0000,0.0000,0.0000,1
3.928,-51,-34,-23,1485,1498,0.32,-0.55,0.0000,0.0000,0.0000,1
3.946,-51,-34,-22,1485,1498,0.32,-0.55,0.0000,0.0000,0.0000,1
3.964,-51,-34,-23,1485,1498,0.32,-0.55,0.0000,0.0000,0.0000,1
3.981,-51,-34,-23,1485,1498,-0.29,-0.42,0.0000,0.0000,0.0000,1
4.000,-51,-35,-22,1485,1498,-0.29,-0.42,0.0000,0.0000,0.0000,1
4.019,-51,-35,-22,1485,1498,-0.29,-0.42,0.0000,0.0000,0.0000,1
4.039,-51,-35,-22,1485,1498,-0.29,-0.42,0.0000,0.0000,0.0000,1
4.057,-51,-34,-22,1485,1498,-0.29,-0.42,0.0000,0.0000,0.0000,1
4.075,-50,-34,-23,1490,1498,-0.29,-0.42,0.0000,0.0000,0.0000,1
4.092,-50,-33,-22,1490,1498,-0.29,-0.42,0.0000,0.0000,0.0000,1
4.109,-50,-34,-22,1490,1498,-0.29,-0.42,0.0000,0.0000,0.0000,1
4.127,-49,-34,-22,1491,1498,-0.29,-0.42,0.0000,0.0000,0.0000,1
4.144,-49,-34,-22,1491,1498,-0.29,-0.42,0.0000,0.0000,0.0000,1
4.161,-48,-34,-21,1491,1498,-0.29,-0.42,0.0000,0.0000,0.0000,1
4.178,-48,-34,-21,1491,1498,-0.29,-0.42,0.0000,0.0000,0.0000,1
4.196,-48,-34,-21,1491,1498,-0.29,-0.42,0.0000,0.0000,0.0000,1
4.214,-48,-34,-21,1491,1498,-0.29,-0.42,0.0000,0.0000,0.0000,1
4.232,-48,-33,-21,1491,1498,-0.70,-0.04,0.0000,0.0000,0.0000,1
4.253,-47,-32,-21,1491,1498,-0.70,-0.04,0.0000,0.0000,0.0000,1
4.272,-47,-32,-21,1491,1498,-0.70,-0.04,0.0000,0.0000,0.0000,1
4.290,-47,-32,-22,1491,1498,-0.70,-0.04,0.0000,0.0000,0.0000,1
4.308,-47,-32,-22,1491,1498,-0.70,-0.04,0.0000,0.0000,0.0000,1
4.327,-46,-32,-23,1491,1498,-0.70,-0.04,0.0000,0.0000,0.0000,1
4.344,-46,-32,-23,1491,1498,-0.70,-0.04,0.0000,0.0000,0.0000,1
4.363,-46,-32,-23,1491,1498,-0.70,-0.04,0.0000,0.0000,0.0000,1
4.381,-45,-33,-22,1491,1498,-0.70,-0.04,0.0000,0.0000,0.0000,1
4.398,-45,-33,-22,1491,1498,-0.70,-0.04,0.0000,0.0000,0.0000,1
4.415,-44,-34,-21,1492,1498,-0.70,-0.04,0.0000,0.0000,0.0000,1
4.433,-44,-34,-21,1492,1498,-0.70,-0.04,0.0000,0.0000,0.0000,1
4.453,-44,-34,-21,1492,1498,-0.70,-0.04,0.0000,0.0000,0.0000,1
4.471,-44,-35,-21,1492,1498,-0.56,0.06,0.0000,0.0000,0.0000,1
4.490,-44,-35,-20,1492,1498,-0.56,0.06,0.0000,0.0000,0.0000,1
4.507,-45,-35,-20,1491,1498,-0.56,0.06,0.0000,0.0000,0.0000,1
4.524,-45,-35,-20,1491,1498,-0.56,0.06,0.0000,0.0000,0.0000,1
4.544,-45,-35,-20,1491,1498,-0.56,0.06,0.0000,0.0000,0.0000,1
4.561,-45,-35,-19,1491,1499,-0.56,0.06,0.0000,0.0000,0.0000,1
4.579,-46,-36,-20,1491,1498,-0.56,0.06,0.0000,0.0000,0.0000,1
4.596,-47,-37,-20,1491,1498,-0.56,0.06,0.0000,0.0000,0.0000,1
4.614,-48,-38,-21,1491,1498,-0.56,0.06,0.0000,0.0000,0.0000,1
4.631,-49,-38,-21,1491,1498,-0.56,0.06,0.0000,0.0000,0.0000,1
4.648,-50,-38,-21,1490,1498,-0.56,0.06,0.0000,0.0000,0.0000,1
4.665,-50,-39,-21,1490,1498,-0.56,0.06,0.0000,0.0000,0.0000,1
4.683,-51,-39,-22,1485,1498,-0.56,0.06,0.0000,0.0000,0.0000,1
4.701,-51,-39,-20,1485,1498,-0.56,0.06,0.0000,0.0000,0.0000,1
4.718,-52,-39,-20,1485,1498,-0.56,0.06,0.0000,0.0000,0.0000,1
4.735,-52,-39,-20,1485,1498,-0.32,0.05,0.0000,0.0000,0.0000,1
4.752,-52,-39,-20,1485,1498,-0.32,0.05,0.0000,0.0000,0.0000,1
4.770,-52,-39,-20,1485,1498,-0.32,0.05,0.0000,0.0000,0.0000,1
4.787,-53,-39,-21,1485,1498,-0.32,0.05,0.0000,0.0000,0.0000,1
4.807,-52,-40,-21,1485,1498,-0.32,0.05,0.0000,0.0000,0.0000,1
4.825,-52,-41,-20,1485,1498,-0.32,0.05,0.0000,0.0000,0.0000,1
4.842,-52,-40,-20,1485,1498,-0.32,0.05,0.0000,0.0000,0.0000,1
4.861,-51,-40,-20,1485,1498,-0.32,0.05,0.0000,0.0000,0.0000,1
4.878,-50,-40,-20,1490,1498,-0.32,0.05,0.0000,0.0000,0.0000,1
4.896,-49,-41,-21,1491,1498,-0.32,0.05,0.0000,0.0000,0.0000,1
4.913,-49,-42,-20,1491,1498,-0.32,0.05,0.0000,0.0000,0.0000,1
4.932,-48,-42,-20,1491,1498,-0.32,0.05,0.0000,0.0000,0.0000,1
4.949,-47,-42,-20,1491,1498,-0.32,0.05,0.0000,0.0000,0.0000,1
4.967,-46,-42,-21,1491,1498,-0.32,0.05,0.0000,0.0000,0.0000,1
4.985,-45,-43,-21,1491,1498,-0.35,0.39,0.0000,0.0000,0.0000,1
5.003,-44,-43,-21,1492,1498,-0.35,0.39,0.0000,0.0000,0.0000,1
5.020,-43,-43,-21,1492,1498,-0.35,0.39,0.0000,0.0000,0.0000,1
5.038,-41,-43,-21,1492,1498,-0.35,0.39,0.0000,0.0000,0.0000,1
5.057,-40,-43,-21,1492,1498,-0.35,0.39,0.0000,0.0000,0.0000,1
5.074,-38,-44,-21,1493,1498,-0.35,0.39,0.0000,0.0000,0.0000,1
5.093,-35,-44,-21,1493,1498,-0.35,0.39,0.0000,0.0000,0.0000,1
5.113,-34,-44,-21,1494,1498,-0.35,0.39,0.0000,0.0000,0.0000,1
5.130,-33,-44,-21,1494,1498,-0.35,0.39,0.0000,0.0000,0.0000,1
5.148,-32,-45,-21,1494,1498,-0.35,0.39,0.0000,0.0000,0.0000,1
5.166,-31,-46,-21,1494,1498,-0.35,0.39,0.0000,0.0000,0.0000,1
5.184,-31,-46,-22,1494,1498,-0.35,0.39,0.0000,0.0000,0.0000,1
5.201,-30,-47,-22,1494,1498,-0.35,0.39,0.0000,0.0000,0.0000,1
5.218,-29,-48,-21,1495,1498,-0.35,0.39,0.0000,0.0000,0.0000,1
5.236,-28,-50,-21,1495,1498,-0.16,-0.12,0.0000,0.0000,0.0000,1
5.253,-27,-50,-21,1495,1498,-0.16,-0.12,0.0000,0.0000,0.0000,1
5.271,-26,-51,-21,1495,1498,-0.16,-0.12,0.0000,0.0000,0.0000,1
5.288,-24,-51,-21,1496,1498,-0.16,-0.12,0.0000,0.0000,0.0000,1
5.305,-23,-52,-23,1496,1498,-0.16,-0.12,0.0000,0.0000,0.0000,1
5.323,-22,-52,-22,1496,1498,-0.16,-0.12,0.0000,0.0000,0.0000,1
5.340,-21,-52,-22,1496,1498,-0.16,-0.12,0.0000,0.0000,0.0000,1
5.361,-20,-52,-21,1496,1498,-0.16,-0.12,0.0000,0.0000,0.0000,1
5.379,-17,-53,-21,1497,1498,-0.16,-0.12,0.0000,0.0000,0.0000,1
5.397,-16,-53,-22,1497,1498,-0.16,-0.12,0.0000,0.0000,0.0000,1
5.414,-15,-54,-23,1497,1498,-0.16,-0.12,0.0000,0.0000,0.0000,1
5.433,-13,-54,-24,1498,1498,-0.16,-0.12,0.0000,0.0000,0.0000,1
5.451,-11,-54,-22,1498,1498,-0.16,-0.12,0.0000,0.0000,0.0000,1
5.468,-10,-54,-22,1498,1498,0.12,-0.47,0.0000,0.0000,0.0000,1
5.486,-8,-53,-22,1499,1498,0.12,-0.47,0.0000,0.0000,0.0000,1
5.503,-5,-53,-22,1499,1498,0.12,-0.47,0.0000,0.0000,0.0000,1
5.522,-3,-53,-22,1500,1498,0.12,-0.47,0.0000,0.0000,0.0000,1
5.540,-1,-52,-22,1500,1498,0.12,-0.47,0.0000,0.0000,0.0000,1
5.557,2,-51,-23,1500,1498,0.12,-0.47,0.0000,0.0000,0.0000,1
5.575,4,-51,-23,1500,1498,0.12,-0.47,0.0000,0.0000,0.0000,1
5.592,5,-51,-23,1501,1498,0.12,-0.47,0.0000,0.0000,0.0000,1
5.610,7,-51,-24,1501,1498,0.12,-0.47,0.0000,0.0000,0.0000,1
5.627,9,-51,-24,1501,1498,0.12,-0.47,0.0000,0.0000,0.0000,1
5.644,11,-50,-24,1502,1498,0.12,-0.47,0.0000,0.0000,0.0000,1
5.662,12,-49,-23,1502,1498,0.12,-0.47,0.0000,0.0000,0.0000,1
5.682,14,-48,-24,1502,1498,0.12,-0.47,0.0000,0.0000,0.0000,1
5.699,16,-46,-23,1503,1498,0.12,-0.47,0.0000,0.0000,0.0000,1
5.717,18,-46,-24,1503,1498,0.36,-0.16,0.0000,0.0000,0.0000,1
5.735,19,-44,-24,1503,1498,0.36,-0.16,0.0000,0.0000,0.0000,1
5.756,21,-43,-24,1504,1498,0.36,-0.16,0.0000,0.0000,0.0000,1
5.773,23,-43,-24,1504,1498,0.36,-0.16,0.0000,0.0000,0.0000,1
5.791,25,-42,-25,1505,1498,0.36,-0.16,0.0000,0.0000,0.0000,1
5.808,26,-41,-24,1505,1498,0.36,-0.16,0.0000,0.0000,0.0000,1
5.825,27,-40,-25,1505,1498,0.36,-0.16,0.0000,0.0000,0.0000,1
5.842,29,-40,-25,1505,1498,0.36,-0.16,0.0000,0.0000,0.0000,1
5.860,29,-40,-25,1505,1498,0.36,-0.16,0.0000,0.0000,0.0000,1
5.878,30,-39,-26,1506,1498,0.36,-0.16,0.0000,0.0000,0.0000,1
5.895,31,-39,-25,1506,1498,0.36,-0.16,0.0000,0.0000,0.0000,1
5.913,32,-39,-26,1506,1498,0.36,-0.16,0.0000,0.0000,0.0000,1
5.930,32,-39,-25,1506,1498,0.36,-0.16,0.0000,0.0000,0.0000,1
5.948,34,-39,-24,1506,1498,0.36,-0.16,0.0000,0.0000,0.0000,1
5.966,34,-39,-24,1506,1498,0.36,-0.16,0.0000,0.0000,0.0000,1
5.984,35,-38,-24,1507,1498,0.23,-0.05,0.0000,0.0000,0.0000,1
6.003,37,-38,-24,1507,1498,0.23,-0.05,0.0000,0.0000,0.0000,1
6.021,38,-37,-24,1507,1498,0.23,-0.05,0.0000,0.0000,0.0000,1
6.039,39,-37,-24,1507,1498,0.23,-0.05,0.0000,0.0000,0.0000,1
6.057,41,-36,-25,1508,1498,0.23,-0.05,0.0000,0.0000,0.0000,1
6.076,43,-36,-25,1508,1498,0.23,-0.05,0.0000,0.0000,0.0000,1
6.094,44,-36,-26,1508,1498,0.23,-0.05,0.0000,0.0000,0.0000,1
6.111,45,-35,-26,1509,1498,0.23,-0.05,0.0000,0.0000,0.0000,1
6.129,46,-35,-27,1509,1498,0.23,-0.05,0.0000,0.0000,0.0000,1
6.146,48,-34,-27,1509,1498,0.23,-0.05,0.0000,0.0000,0.0000,1
6.165,49,-33,-27,1509,1498,0.23,-0.05,0.0000,0.0000,0.0000,1
6.183,50,-33,-26,1510,1498,0.23,-0.05,0.0000,0.0000,0.0000,1
6.202,52,-32,-26,1515,1498,0.23,-0.05,0.0000,0.0000,0.0000,1
6.219,53,-32,-26,1515,1498,0.42,-0.10,0.0000,0.0000,0.0000,1
6.240,55,-32,-26,1516,1498,0.42,-0.10,0.0000,0.0000,0.0000,1
6.259,58,-32,-25,1517,1498,0.42,-0.10,0.0000,0.0000,0.0000,1
6.276,59,-32,-26,1517,1498,0.42,-0.10,0.0000,0.0000,0.0000,1
6.294,60,-32,-26,1518,1498,0.42,-0.10,0.0000,0.0000,0.0000,1
6.312,62,-33,-27,1518,1498,0.42,-0.10,0.0000,0.0000,0.0000,0
0.018,63,-33,-27,1518,1498,0.42,-0.10,0.0000,0.0000,0.0000,0
0.035,65,-33,-27,1519,1498,0.42,-0.10,0.0000,0.0000,0.0000,0
0.053,66,-34,-28,1519,1498,0.42,-0.10,0.0000,0.0000,0.0000,0
0.071,67,-34,-28,1520,1498,0.42,-0.10,0.0000,0.0000,0.0000,0
0.089,68,-34,-28,1520,1498,0.42,-0.10,0.0000,0.0000,0.0000,0
0.108,69,-34,-28,1520,1498,0.42,-0.10,0.0000,0.0000,0.0000,0
0.125,70,-33,-28,1521,1498,0.42,-0.10,0.0000,0.0000,0.0000,0
0.143,72,-32,-29,1521,1498,0.42,-0.10,0.0000,0.0000,0.0000,0
0.160,73,-31,-29,1521,1498,0.88,-0.41,0.0000,0.0000,0.0000,0
0.179,74,-31,-29,1522,1498,0.88,-0.41,0.0000,0.0000,0.0000,0
0.198,75,-30,-29,1522,1498,0.88,-0.41,0.0000,0.0000,0.0000,0
0.221,77,-31,-29,1523,1498,0.88,-0.41,0.0000,0.0000,0.0000,0
0.238,78,-31,-30,1523,1497,0.88,-0.41,0.0000,0.0000,0.0000,0
0.256,79,-31,-29,1523,1498,0.88,-0.41,0.0000,0.0000,0.0000,0
0.273,81,-31,-30,1524,1497,0.88,-0.41,0.0000,0.0000,0.0000,0
0.291,82,-33,-30,1524,1497,0.88,-0.41,0.0000,0.0000,0.0000,0
0.309,82,-35,-30,1524,1497,0.88,-0.41,0.0000,0.0000,0.0000,0
0.326,83,-36,-31,1524,1497,0.88,-0.41,0.0000,0.0000,0.0000,0
0.344,84,-37,-30,1525,1497,0.88,-0.41,0.0000,0.0000,0.0000,0
0.361,84,-38,-30,1525,1497,0.88,-0.41,0.0000,0.0000,0.0000,0
0.378,84,-41,-31,1525,1497,0.88,-0.41,0.0000,0.0000,0.0000,0
0.396,84,-42,-31,1525,1497,0.88,-0.41,0.0000,0.0000,0.0000,0
0.419,84,-42,-31,1525,1497,1.82,-1.34,0.0000,0.0000,0.0000,0
0.436,84,-42,-31,1525,1497,1.82,-1.34,0.0000,0.0000,0.0000,0
0.454,83,-42,-32,1524,1497,1.82,-1.34,0.0000,0.0000,0.0000,0
0.471,82,-43,-33,1524,1497,1.82,-1.34,0.0000,0.0000,0.0000,0
0.489,82,-43,-33,1524,1497,1.82,-1.34,0.0000,0.0000,0.0000,0
0.506,82,-43,-33,1524,1497,1.82,-1.34,0.0000,0.0000,0.0000,0
0.524,82,-42,-33,1524,1497,1.82,-1.34,0.0000,0.0000,0.0000,0
0.542,82,-42,-33,1524,1497,1.82,-1.34,0.0000,0.0000,0.0000,0
0.562,82,-41,-33,1524,1497,1.82,-1.34,0.0000,0.0000,0.0000,0
0.580,82,-42,-33,1524,1497,1.82,-1.34,0.0000,0.0000,0.0000,0
0.597,82,-42,-33,1524,1497,1.82,-1.34,0.0000,0.0000,0.0000,0
0.614,82,-43,-34,1524,1497,1.82,-1.34,0.0000,0.0000,0.0000,0
0.632,82,-43,-34,1524,1497,1.82,-1.34,0.0000,0.0000,0.0000,0
0.650,83,-43,-34,1524,1497,1.52,-1.76,0.0000,0.0000,0.0000,0
0.668,83,-43,-34,1524,1497,1.52,-1.76,0.0000,0.0000,0.0000,0
0.686,83,-42,-33,1524,1497,1.52,-1.76,0.0000,0.0000,0.0000,0
0.704,84,-42,-34,1525,1497,1.52,-1.76,0.0000,0.0000,0.0000,0
0.722,84,-42,-34,1525,1497,1.52,-1.76,0.0000,0.0000,0.0000,0
0.740,84,-42,-34,1525,1497,1.52,-1.76,0.0000,0.0000,0.0000,0
0.758,84,-41,-34,1525,1497,1.52,-1.76,0.0000,0.0000,0.0000,0
0.775,84,-41,-34,1525,1497,1.52,-1.76,0.0000,0.0000,0.0000,0
0.794,83,-40,-33,1524,1497,1.52,-1.76,0.0000,0.0000,0.0000,0
0.811,83,-40,-33,1524,1497,1.52,-1.76,0.0000,0.0000,0.0000,0
0.829,82,-40,-34,1524,1497,1.52,-1.76,0.0000,0.0000,0.0000,0
0.847,81,-40,-34,1524,1497,1.52,-1.76,0.0000,0.0000,0.0000,0
0.865,80,-41,-34,1524,1497,1.52,-1.76,0.0000,0.0000,0.0000,0
0.884,79,-41,-34,1523,1497,1.52,-1.76,0.0000,0.0000,0.0000,0
0.902,79,-42,-34,1523,1497,1.05,-2.30,0.0000,0.0000,0.0000,0
0.919,78,-42,-35,1523,1497,1.05,-2.30,0.0000,0.0000,0.0000,0
0.937,78,-43,-35,1523,1497,1.05,-2.30,0.0000,0.0000,0.0000,0
0.958,78,-43,-35,1523,1497,1.05,-2.30,0.0000,0.0000,0.0000,0
0.975,77,-45,-35,1523,1497,1.05,-2.30,0.0000,0.0000,0.0000,0
0.993,77,-45,-35,1523,1497,1.05,-2.30,0.0000,0.0000,0.0000,0
1.011,76,-46,-36,1522,1497,1.05,-2.30,0.0000,0.0000,0.0000,0
1.029,76,-47,-37,1522,1497,1.05,-2.30,0.0000,0.0000,0.0000,0
1.048,74,-49,-37,1522,1497,1.05,-2.30,0.0000,0.0000,0.0000,0
1.065,73,-49,-37,1521,1497,1.05,-2.30,0.0000,0.0000,0.0000,0
1.083,72,-50,-37,1521,1497,1.05,-2.30,0.0000,0.0000,0.0000,0
1.101,71,-51,-36,1521,1497,1.05,-2.30,0.0000,0.0000,0.0000,0
1.118,70,-51,-35,1521,1497,1.05,-2.30,0.0000,0.0000,0.0000,0
1.135,68,-52,-35,1520,1497,1.05,-2.30,0.0000,0.0000,0.0000,0
1.152,67,-53,-35,1520,1497,1.18,-3.13,0.0000,0.0000,0.0000,0
1.169,66,-53,-36,1519,1497,1.18,-3.13,0.0000,0.0000,0.0000,0
1.187,66,-54,-36,1519,1497,1.18,-3.13,0.0000,0.0000,0.0000,0
1.204,65,-54,-38,1519,1497,1.18,-3.13,0.0000,0.0000,0.0000,0
1.221,65,-53,-37,1519,1497,1.18,-3.13,0.0000,0.0000,0.0000,0
1.239,64,-52,-37,1519,1497,1.18,-3.13,0.0000,0.0000,0.0000,0
1.258,64,-52,-37,1519,1497,1.18,-3.13,0.0000,0.0000,0.0000,0
1.278,64,-51,-37,1519,1497,1.18,-3.13,0.0000,0.0000,0.0000,0
1.295,64,-50,-36,1519,1497,1.18,-3.13,0.0000,0.0000,0.0000,0
1.316,64,-49,-36,1519,1497,1.18,-3.13,0.0000,0.0000,0.0000,0
1.333,64,-49,-36,1519,1497,1.18,-3.13,0.0000,0.0000,0.0000,0
1.350,64,-48,-36,1519,1497,1.18,-3.13,0.0000,0.0000,0.0000,0
1.367,65,-48,-36,1519,1497,1.18,-3.13,0.0000,0.0000,0.0000,0
1.385,65,-47,-36,1519,1497,1.18,-3.13,0.0000,0.0000,0.0000,0
1.402,65,-46,-37,1519,1497,0.46,-2.78,0.0000,0.0000,0.0000,0
1.420,66,-45,-37,1519,1497,0.46,-2.78,0.0000,0.0000,0.0000,0
1.443,66,-43,-37,1519,1497,0.46,-2.78,0.0000,0.0000,0.0000,0
1.461,66,-42,-37,1519,1497,0.46,-2.78,0.0000,0.0000,0.0000,0
1.479,67,-42,-37,1520,1497,0.46,-2.78,0.0000,0.0000,0.0000,0
1.497,68,-41,-36,1520,1497,0.46,-2.78,0.0000,0.0000,0.0000,0
1.515,69,-40,-37,1520,1497,0.46,-2.78,0.0000,0.0000,0.0000,0
1.533,69,-40,-37,1520,1497,0.46,-2.78,0.0000,0.0000,0.0000,0
1.550,70,-39,-37,1521,1497,0.46,-2.78,0.0000,0.0000,0.0000,0
1.568,69,-38,-38,1520,1497,0.46,-2.78,0.0000,0.0000,0.0000,0
1.585,69,-37,-37,1520,1497,0.46,-2.78,0.0000,0.0000,0.0000,0
1.602,69,-37,-37,1520,1497,0.46,-2.78,0.0000,0.0000,0.0000,0
1.620,68,-35,-37,1520,1497,0.46,-2.78,0.0000,0.0000,0.0000,0
1.638,68,-33,-37,1520,1497,0.46,-2.78,0.0000,0.0000,0.0000,0
1.655,68,-32,-37,1520,1497,0.18,-2.41,0.0000,0.0000,0.0000,0
1.674,68,-31,-37,1520,1497,0.18,-2.41,0.0000,0.0000,0.0000,0
1.692,67,-31,-37,1520,1497,0.18,-2.41,0.0000,0.0000,0.0000,0
1.709,67,-31,-37,1520,1497,0.18,-2.41,0.0000,0.0000,0.0000,0
1.727,67,-30,-36,1520,1497,0.18,-2.41,0.0000,0.0000,0.0000,0
1.745,67,-30,-36,1520,1497,0.18,-2.41,0.0000,0.0000,0.0000,0
1.763,65,-33,-36,1519,1497,0.18,-2.41,0.0000,0.0000,0.0000,0
1.780,64,-35,-36,1519,1497,0.18,-2.41,0.0000,0.0000,0.0000,0
1.799,63,-35,-36,1518,1497,0.18,-2.41,0.0000,0.0000,0.0000,0
1.816,62,-34,-37,1518,1497,0.18,-2.41,0.0000,0.0000,0.0000,0
1.835,62,-34,-37,1518,1497,0.18,-2.41,0.0000,0.0000,0.0000,0
1.853,60,-35,-36,1518,1497,0.18,-2.41,0.0000,0.0000,0.0000,0
1.871,58,-33,-37,1517,1497,0.18,-2.41,0.0000,0.0000,0.0000,0
1.888,57,-33,-36,1517,1497,0.18,-2.41,0.0000,0.0000,0.0000,0
1.906,56,-33,-36,1516,1497,-0.54,-1.98,0.0000,0.0000,0.0000,0
1.924,55,-32,-36,1516,1497,-0.54,-1.98,0.0000,0.0000,0.0000,0
1.941,53,-32,-36,1515,1497,-0.54,-1.98,0.0000,0.0000,0.0000,0
1.960,52,-31,-38,1515,1497,-0.54,-1.98,0.0000,0.0000,0.0000,0
1.978,51,-29,-37,1515,1497,-0.54,-1.98,0.0000,0.0000,0.0000,0
1.995,51,-27,-37,1515,1497,-0.54,-1.98,0.0000,0.0000,0.0000,0
2.013,50,-27,-36,1510,1497,-0.54,-1.98,0.0000,0.0000,0.0000,0
2.031,47,-25,-36,1509,1497,-0.54,-1.98,0.0000,0.0000,0.0000,0
2.049,47,-25,-36,1509,1497,-0.54,-1.98,0.0000,0.0000,0.0000,0
2.066,46,-26,-36,1509,1497,-0.54,-1.98,0.0000,0.0000,0.0000,0
2.088,45,-27,-36,1509,1497,-0.54,-1.98,0.0000,0.0000,0.0000,0
2.106,43,-27,-35,1508,1497,-0.54,-1.98,0.0000,0.0000,0.0000,0
2.127,42,-27,-36,1508,1497,-0.54,-1.98,0.0000,0.0000,0.0000,0
2.144,40,-28,-36,1508,1497,-0.54,-1.98,0.0000,0.0000,0.0000,0
2.163,38,-28,-36,1507,1497,-0.28,-1.91,0.0000,0.0000,0.0000,0
2.181,37,-28,-35,1507,1497,-0.28,-1.91,0.0000,0.0000,0.0000,0
2.199,35,-29,-35,1507,1497,-0.28,-1.91,0.0000,0.0000,0.0000,0
2.216,31,-29,-36,1506,1497,-0.28,-1.91,0.0000,0.0000,0.0000,0
2.234,29,-29,-35,1505,1497,-0.28,-1.91,0.0000,0.0000,0.0000,0
2.251,27,-29,-35,1505,1497,-0.28,-1.91,0.0000,0.0000,0.0000,0
2.269,23,-29,-35,1504,1497,-0.28,-1.91,0.0000,0.0000,0.0000,0
2.286,22,-29,-35,1504,1497,-0.28,-1.91,0.0000,0.0000,0.0000,0
2.304,20,-28,-35,1504,1497,-0.28,-1.91,0.0000,0.0000,0.0000,0
2.321,19,-28,-35,1503,1497,-0.28,-1.91,0.0000,0.0000,0.0000,0
2.338,18,-27,-36,1503,1497,-0.28,-1.91,0.0000,0.0000,0.0000,0
2.356,17,-27,-35,1503,1497,-0.28,-1.91,0.0000,0.0000,0.0000,0
2.373,17,-27,-35,1503,1497,-0.28,-1.91,0.0000,0.0000,0.0000,0
2.391,17,-27,-34,1503,1497,-0.28,-1.91,0.0000,0.0000,0.0000,0
2.409,16,-28,-34,1503,1497,-0.62,-1.81,0.0000,0.0000,0.0000,0
2.426,15,-28,-34,1503,1497,-0.62,-1.81,0.0000,0.0000,0.0000,0
2.443,15,-27,-33,1503,1497,-0.62,-1.81,0.0000,0.0000,0.0000,0
2.462,15,-27,-33,1503,1497,-0.62,-1.81,0.0000,0.0000,0.0000,0
2.480,14,-27,-33,1502,1497,-0.62,-1.81,0.0000,0.0000,0.0000,0
2.499,14,-27,-33,1502,1497,-0.62,-1.81,0.0000,0.0000,0.0000,0
2.518,14,-27,-33,1502,1497,-0.62,-1.81,0.0000,0.0000,0.0000,0
2.537,14,-26,-34,1502,1497,-0.62,-1.81,0.0000,0.0000,0.0000,0
2.556,14,-25,-33,1502,1497,-0.62,-1.81,0.0000,0.0000,0.0000,0
2.574,15,-24,-33,1503,1497,-0.62,-1.81,0.0000,0.0000,0.0000,0
2.591,15,-24,-33,1503,1497,-0.62,-1.81,0.0000,0.0000,0.0000,0
2.608,16,-24,-33,1503,1497,-0.62,-1.81,0.0000,0.0000,0.0000,0
2.626,16,-24,-33,1503,1497,-0.62,-1.81,0.0000,0.0000,0.0000,0
2.643,17,-24,-33,1503,1497,-0.62,-1.81,0.0000,0.0000,0.0000,0
2.662,17,-23,-33,1503,1497,-0.49,-1.54,0.0000,0.0000,0.0000,0
2.679,18,-21,-33,1503,1497,-0.49,-1.54,0.0000,0.0000,0.0000,0
2.697,18,-19,-33,1503,1497,-0.49,-1.54,0.0000,0.0000,0.0000,0
2.717,19,-17,-33,1503,1497,-0.49,-1.54,0.0000,0.0000,0.0000,0
2.734,19,-17,-33,1503,1497,-0.49,-1.54,0.0000,0.0000,0.0000,0
2.752,20,-15,-33,1504,1497,-0.49,-1.54,0.0000,0.0000,0.0000,0
2.769,22,-16,-34,1504,1497,-0.49,-1.54,0.0000,0.0000,0.0000,0
2.789,23,-16,-34,1504,1497,-0.49,-1.54,0.0000,0.0000,0.0000,0
2.806,23,-16,-33,1504,1497,-0.49,-1.54,0.0000,0.0000,0.0000,0
2.827,25,-16,-32,1505,1497,-0.49,-1.54,0.0000,0.0000,0.0000,0
2.847,26,-17,-32,1505,1497,-0.49,-1.54,0.0000,0.0000,0.0000,0
2.866,27,-18,-32,1505,1497,-0.49,-1.54,0.0000,0.0000,0.0000,0
2.890,27,-21,-32,1505,1497,-0.49,-1.54,0.0000,0.0000,0.0000,0
2.908,27,-21,-32,1505,1497,-0.21,-1.45,0.0000,0.0000,0.0000,0
2.925,28,-22,-32,1505,1497,-0.21,-1.45,0.0000,0.0000,0.0000,0
2.942,29,-23,-32,1505,1497,-0.21,-1.45,0.0000,0.0000,0.0000,0
2.959,29,-25,-32,1505,1497,-0.21,-1.45,0.0000,0.0000,0.0000,0
2.976,30,-26,-32,1506,1497,-0.21,-1.45,0.0000,0.0000,0.0000,0
2.993,32,-29,-31,1506,1497,-0.21,-1.45,0.0000,0.0000,0.0000,0
3.011,32,-31,-31,1506,1497,-0.21,-1.45,0.0000,0.0000,0.0000,0
3.028,33,-32,-32,1506,1497,-0.21,-1.45,0.0000,0.0000,0.0000,0
3.046,34,-32,-32,1506,1497,-0.21,-1.45,0.0000,0.0000,0.0000,0
3.065,36,-32,-31,1507,1497,-0.21,-1.45,0.0000,0.0000,0.0000,0
3.082,37,-34,-32,1507,1497,-0.21,-1.45,0.0000,0.0000,0.0000,0
3.099,38,-35,-32,1507,1497,-0.21,-1.45,0.0000,0.0000,0.0000,0
3.117,39,-37,-31,1507,1497,-0.21,-1.45,0.0000,0.0000,0.0000,0
3.135,40,-39,-32,1508,1497,-0.21,-1.45,0.0000,0.0000,0.0000,0
3.152,40,-39,-32,1508,1497,0.00,-1.64,0.0000,0.0000,0.0000,0
3.170,40,-39,-32,1508,1497,0.00,-1.64,0.0000,0.0000,0.0000,0
3.187,40,-39,-32,1508,1497,0.00,-1.64,0.0000,0.0000,0.0000,0
3.207,41,-38,-32,1508,1497,0.00,-1.64,0.0000,0.0000,0.0000,0
3.224,41,-38,-31,1508,1497,0.00,-1.64,0.0000,0.0000,0.0000,0
3.241,42,-39,-31,1508,1497,0.00,-1.64,0.0000,0.0000,0.0000,0
3.259,42,-41,-32,1508,1497,0.00,-1.64,0.0000,0.0000,0.0000,0
3.276,42,-42,-31,1508,1497,0.00,-1.64,0.0000,0.0000,0.0000,0
3.294,42,-43,-31,1508,1497,0.00,-1.64,0.0000,0.0000,0.0000,0
3.311,42,-43,-32,1508,1497,0.00,-1.64,0.0000,0.0000,0.0000,0
3.328,43,-45,-31,1508,1497,0.00,-1.64,0.0000,0.0000,0.0000,0
3.345,44,-46,-32,1508,1497,0.00,-1.64,0.0000,0.0000,0.0000,0
3.363,44,-46,-32,1508,1497,0.00,-1.64,0.0000,0.0000,0.0000,0
3.380,45,-47,-31,1509,1497,0.00,-1.64,0.0000,0.0000,0.0000,0
3.397,44,-47,-31,1508,1497,0.00,-1.64,0.0000,0.0000,0.0000,0
3.415,44,-47,-31,1508,1497,0.40,-1.89,0.0000,0.0000,0.0000,0
3.434,45,-46,-31,1509,1497,0.40,-1.89,0.0000,0.0000,0.0000,0
3.452,45,-45,-30,1509,1497,0.40,-1.89,0.0000,0.0000,0.0000,1
3.470,46,-45,-30,1509,1497,0.40,-1.89,0.0000,0.0000,0.0000,1
3.493,46,-45,-31,1509,1497,0.40,-1.89,0.0000,0.0000,0.0000,0
0.017,46,-45,-31,1509,1497,0.40,-1.89,0.0000,0.0000,0.0000,0
0.035,47,-44,-30,1509,1497,0.40,-1.89,0.0000,0.0000,0.0000,1
0.054,47,-43,-30,1509,1497,0.40,-1.89,0.0000,0.0000,0.0000,1
0.072,49,-43,-30,1509,1497,0.40,-1.89,0.0000,0.0000,0.0000,1
0.089,51,-42,-30,1515,1497,0.40,-1.89,0.0000,0.0000,0.0000,1
0.107,52,-44,-30,1515,1497,0.40,-1.89,0.0000,0.0000,0.0000,1
0.125,53,-44,-30,1515,1497,0.40,-1.89,0.0000,0.0000,0.0000,1
0.143,54,-45,-30,1516,1497,0.40,-1.89,0.0000,0.0000,0.0000,1
0.160,55,-44,-31,1516,1497,0.48,-1.65,0.0000,0.0000,0.0000,0
0.017,55,-44,-31,1516,1497,0.48,-1.65,0.0000,0.0000,0.0000,0
0.035,56,-44,-30,1516,1497,0.48,-1.65,0.0000,0.0000,0.0000,1
0.052,57,-45,-29,1517,1498,0.48,-1.65,0.0000,0.0000,0.0000,1
0.070,57,-45,-29,1517,1498,0.48,-1.65,0.0000,0.0000,0.0000,1
0.087,58,-47,-28,1517,1498,0.48,-1.65,0.0000,0.0000,0.0000,1
0.104,58,-48,-28,1517,1498,0.48,-1.65,0.0000,0.0000,0.0000,1
0.123,59,-48,-28,1517,1498,0.48,-1.65,0.0000,0.0000,0.0000,1
0.143,60,-48,-29,1518,1498,0.48,-1.65,0.0000,0.0000,0.0000,1
0.161,61,-48,-28,1518,1498,0.48,-1.65,0.0000,0.0000,0.0000,0
0.018,61,-48,-28,1518,1498,0.48,-1.65,0.0000,0.0000,0.0000,0
0.035,61,-50,-28,1518,1498,0.48,-1.65,0.0000,0.0000,0.0000,0
0.053,60,-49,-29,1518,1498,0.48,-1.65,0.0000,0.0000,0.0000,1
0.070,61,-49,-28,1518,1498,0.48,-1.65,0.0000,0.0000,0.0000,0
0.017,61,-49,-28,1518,1498,0.45,-1.54,0.0000,0.0000,0.0000,0
0.034,61,-48,-27,1518,1498,0.45,-1.54,0.0000,0.0000,0.0000,0
0.052,61,-47,-28,1518,1498,0.45,-1.54,0.0000,0.0000,0.0000,0
0.070,61,-47,-28,1518,1498,0.45,-1.54,0.0000,0.0000,0.0000,0
0.088,62,-45,-28,1518,1498,0.45,-1.54,0.0000,0.0000,0.0000,0
0.106,62,-44,-28,1518,1498,0.45,-1.54,0.0000,0.0000,0.0000,0
0.123,62,-43,-27,1518,1498,0.45,-1.54,0.0000,0.0000,0.0000,0
0.140,63,-41,-28,1518,1498,0.45,-1.54,0.0000,0.0000,0.0000,0
0.158,63,-41,-27,1518,1498,0.45,-1.54,0.0000,0.0000,0.0000,0
0.175,64,-40,-27,1519,1498,0.45,-1.54,0.0000,0.0000,0.0000,0
0.193,64,-39,-28,1519,1498,0.45,-1.54,0.0000,0.0000,0.0000,0
0.211,65,-38,-26,1519,1498,0.45,-1.54,0.0000,0.0000,0.0000,0
0.229,66,-37,-26,1519,1498,0.45,-1.54,0.0000,0.0000,0.0000,0
0.246,67,-37,-26,1520,1498,0.45,-1.54,0.0000,0.0000,0.0000,0
0.263,68,-37,-25,1520,1498,0.70,-0.57,0.0000,0.0000,0.0000,0
0.281,69,-37,-25,1520,1498,0.70,-0.57,0.0000,0.0000,0.0000,0
0.299,69,-38,-26,1520,1498,0.70,-0.57,0.0000,0.0000,0.0000,0
0.317,70,-39,-25,1521,1498,0.70,-0.57,0.0000,0.0000,0.0000,0
0.335,70,-40,-25,1521,1498,0.70,-0.57,0.0000,0.0000,0.0000,0
0.353,71,-40,-25,1521,1498,0.70,-0.57,0.0000,0.0000,0.0000,0
0.371,72,-41,-25,1521,1498,0.70,-0.57,0.0000,0.0000,0.0000,0
0.389,74,-41,-25,1521,1498,0.70,-0.57,0.0000,0.0000,0.0000,0
0.407,75,-41,-24,1522,1498,0.70,-0.57,0.0000,0.0000,0.0000,0
0.424,76,-41,-23,1522,1498,0.70,-0.57,0.0000,0.0000,0.0000,0
0.442,77,-41,-23,1523,1498,0.70,-0.57,0.0000,0.0000,0.0000,0
0.460,78,-41,-23,1523,1498,0.70,-0.57,0.0000,0.0000,0.0000,0
0.478,79,-41,-23,1523,1498,0.70,-0.57,0.0000,0.0000,0.0000,0
0.495,80,-41,-23,1524,1498,0.70,-0.57,0.0000,0.0000,0.0000,0
0.514,81,-41,-22,1524,1498,1.58,-0.65,0.0000,0.0000,0.0000,0
0.531,82,-41,-22,1524,1498,1.58,-0.65,0.0000,0.0000,0.0000,0
0.552,83,-42,-22,1524,1498,1.58,-0.65,0.0000,0.0000,0.0000,0
0.569,83,-41,-22,1524,1498,1.58,-0.65,0.0000,0.0000,0.0000,0
0.586,84,-42,-22,1525,1498,1.58,-0.65,0.0000,0.0000,0.0000,0
0.604,84,-42,-22,1525,1498,1.58,-0.65,0.0000,0.0000,0.0000,0
0.622,85,-42,-22,1525,1498,1.58,-0.65,0.0000,0.0000,0.0000,0
0.640,85,-43,-21,1525,1498,1.58,-0.65,0.0000,0.0000,0.0000,0
0.657,85,-43,-22,1525,1498,1.58,-0.65,0.0000,0.0000,0.0000,0
0.675,85,-43,-22,1525,1498,1.58,-0.65,0.0000,0.0000,0.0000,0
0.692,85,-43,-22,1525,1498,1.58,-0.65,0.0000,0.0000,0.0000,0
0.710,85,-43,-22,1525,1498,1.58,-0.65,0.0000,0.0000,0.0000,0
0.728,84,-43,-22,1525,1498,1.58,-0.65,0.0000,0.0000,0.0000,0
0.746,84,-42,-22,1525,1498,1.58,-0.65,0.0000,0.0000,0.0000,0
0.763,84,-42,-22,1525,1498,1.76,-0.64,0.0000,0.0000,0.0000,0
0.781,84,-42,-22,1525,1498,1.76,-0.64,0.0000,0.0000,0.0000,0
0.798,84,-42,-22,1525,1498,1.76,-0.64,0.0000,0.0000,0.0000,0
0.816,83,-41,-22,1524,1498,1.76,-0.64,0.0000,0.0000,0.0000,0
0.833,82,-40,-21,1524,1498,1.76,-0.64,0.0000,0.0000,0.0000,0
0.851,82,-39,-21,1524,1498,1.76,-0.64,0.0000,0.0000,0.0000,0
0.869,81,-39,-20,1524,1498,1.76,-0.64,0.0000,0.0000,0.0000,0
0.887,80,-38,-20,1524,1498,1.76,-0.64,0.0000,0.0000,0.0000,0
0.905,79,-37,-19,1523,1499,1.76,-0.64,0.0000,0.0000,0.0000,0
0.922,78,-38,-19,1523,1499,1.76,-0.64,0.0000,0.0000,0.0000,0
0.939,77,-37,-19,1523,1499,1.76,-0.64,0.0000,0.0000,0.0000,0
0.958,76,-37,-19,1522,1499,1.76,-0.64,0.0000,0.0000,0.0000,0
0.975,75,-37,-20,1522,1498,1.76,-0.64,0.0000,0.0000,0.0000,0
0.992,74,-37,-20,1522,1498,1.76,-0.64,0.0000,0.0000,0.0000,0
1.010,73,-37,-20,1521,1498,1.76,-0.64,0.0000,0.0000,0.0000,0
1.027,73,-37,-20,1521,1498,1.54,-0.30,0.0000,0.0000,0.0000,0
1.046,73,-37,-19,1521,1499,1.54,-0.30,0.0000,0.0000,0.0000,0
1.063,72,-36,-19,1521,1499,1.54,-0.30,0.0000,0.0000,0.0000,0
1.081,72,-36,-17,1521,1499,1.54,-0.30,0.0000,0.0000,0.0000,0
1.098,72,-35,-17,1521,1499,1.54,-0.30,0.0000,0.0000,0.0000,0
1.117,72,-33,-17,1521,1499,1.54,-0.30,0.0000,0.0000,0.0000,0
1.135,71,-32,-18,1521,1499,1.54,-0.30,0.0000,0.0000,0.0000,0
1.154,71,-32,-18,1521,1499,1.54,-0.30,0.0000,0.0000,0.0000,0
1.172,69,-30,-18,1520,1499,1.54,-0.30,0.0000,0.0000,0.0000,0
1.190,68,-30,-17,1520,1499,1.54,-0.30,0.0000,0.0000,0.0000,0
1.207,67,-29,-16,1520,1499,1.54,-0.30,0.0000,0.0000,0.0000,0
1.225,66,-29,-17,1519,1499,1.54,-0.30,0.0000,0.0000,0.0000,0
1.242,66,-28,-16,1519,1499,1.54,-0.30,0.0000,0.0000,0.0000,0
1.260,65,-27,-16,1519,1499,1.05,0.42,0.0000,0.0000,0.0000,0
1.277,65,-27,-16,1519,1499,1.05,0.42,0.0000,0.0000,0.0000,0
1.294,65,-27,-15,1519,1499,1.05,0.42,0.0000,0.0000,0.0000,0
1.319,64,-27,-15,1519,1499,1.05,0.42,0.0000,0.0000,0.0000,0
1.338,63,-27,-16,1518,1499,1.05,0.42,0.0000,0.0000,0.0000,0
1.357,63,-26,-16,1518,1499,1.05,0.42,0.0000,0.0000,0.0000,0
1.374,62,-26,-16,1518,1499,1.05,0.42,0.0000,0.0000,0.0000,0
1.392,62,-25,-17,1518,1499,1.05,0.42,0.0000,0.0000,0.0000,0
1.410,62,-25,-17,1518,1499,1.05,0.42,0.0000,0.0000,0.0000,0
1.428,61,-24,-15,1518,1499,1.05,0.42,0.0000,0.0000,0.0000,0
1.446,61,-24,-14,1518,1499,1.05,0.42,0.0000,0.0000,0.0000,0
1.463,61,-24,-14,1518,1499,1.05,0.42,0.0000,0.0000,0.0000,0
1.481,61,-23,-14,1518,1499,1.05,0.42,0.0000,0.0000,0.0000,0
1.498,61,-23,-14,1518,1499,1.05,0.42,0.0000,0.0000,0.0000,0
1.516,61,-23,-14,1518,1499,0.79,0.66,0.0000,0.0000,0.0000,0
1.533,61,-23,-14,1518,1499,0.79,0.66,0.0000,0.0000,0.0000,0
1.551,61,-23,-14,1518,1499,0.79,0.66,0.0000,0.0000,0.0000,0
1.569,61,-22,-14,1518,1499,0.79,0.66,0.0000,0.0000,0.0000,0
1.586,61,-22,-14,1518,1499,0.79,0.66,0.0000,0.0000,0.0000,0
1.604,61,-21,-14,1518,1499,0.79,0.66,0.0000,0.0000,0.0000,0
1.623,61,-20,-13,1518,1499,0.79,0.66,0.0000,0.0000,0.0000,0
1.641,60,-20,-14,1518,1499,0.79,0.66,0.0000,0.0000,0.0000,1
1.659,59,-20,-14,1517,1499,0.79,0.66,0.0000,0.0000,0.0000,1
1.676,58,-20,-15,1517,1499,0.79,0.66,0.0000,0.0000,0.0000,1
1.693,58,-20,-14,1517,1499,0.79,0.66,0.0000,0.0000,0.0000,1
1.711,57,-20,-15,1517,1499,0.79,0.66,0.0000,0.0000,0.0000,1
1.728,56,-20,-14,1516,1499,0.79,0.66,0.0000,0.0000,0.0000,1
1.745,56,-20,-14,1516,1499,0.79,0.66,0.0000,0.0000,0.0000,1
1.762,56,-20,-14,1516,1499,0.04,0.71,0.0000,0.0000,0.0000,1
1.779,55,-20,-13,1516,1499,0.04,0.71,0.0000,0.0000,0.0000,1
1.797,56,-20,-13,1516,1499,0.04,0.71,0.0000,0.0000,0.0000,1
1.815,56,-20,-14,1516,1499,0.04,0.71,0.0000,0.0000,0.0000,1
1.832,56,-20,-14,1516,1499,0.04,0.71,0.0000,0.0000,0.0000,1
1.849,57,-20,-13,1517,1499,0.04,0.71,0.0000,0.0000,0.0000,1
1.867,57,-20,-13,1517,1499,0.04,0.71,0.0000,0.0000,0.0000,1
1.886,57,-20,-13,1517,1499,0.04,0.71,0.0000,0.0000,0.0000,1
1.904,57,-20,-15,1517,1499,0.04,0.71,0.0000,0.0000,0.0000,1
1.922,56,-20,-16,1516,1499,0.04,0.71,0.0000,0.0000,0.0000,1
1.939,56,-19,-16,1516,1499,0.04,0.71,0.0000,0.0000,0.0000,1
1.958,56,-20,-15,1516,1499,0.04,0.71,0.0000,0.0000,0.0000,1
1.976,55,-20,-14,1516,1499,0.04,0.71,0.0000,0.0000,0.0000,1
1.993,55,-21,-14,1516,1499,0.04,0.71,0.0000,0.0000,0.0000,1
2.010,54,-22,-14,1516,1499,-0.72,0.35,0.0000,0.0000,0.0000,1
2.028,53,-22,-15,1515,1499,-0.72,0.35,0.0000,0.0000,0.0000,1
2.047,53,-22,-16,1515,1499,-0.72,0.35,0.0000,0.0000,0.0000,1
2.066,53,-22,-16,1515,1499,-0.72,0.35,0.0000,0.0000,0.0000,1
2.085,52,-22,-16,1515,1499,-0.72,0.35,0.0000,0.0000,0.0000,1
2.102,50,-23,-16,1510,1499,-0.72,0.35,0.0000,0.0000,0.0000,1
2.120,48,-23,-16,1509,1499,-0.72,0.35,0.0000,0.0000,0.0000,1
2.137,47,-23,-16,1509,1499,-0.72,0.35,0.0000,0.0000,0.0000,1
2.158,44,-23,-17,1508,1499,-0.72,0.35,0.0000,0.0000,0.0000,1
2.177,43,-23,-17,1508,1499,-0.72,0.35,0.0000,0.0000,0.0000,1
2.194,42,-24,-17,1508,1499,-0.72,0.35,0.0000,0.0000,0.0000,1
2.211,40,-24,-17,1508,1499,-0.72,0.35,0.0000,0.0000,0.0000,1
2.228,39,-24,-17,1507,1499,-0.72,0.35,0.0000,0.0000,0.0000,1
2.246,38,-24,-17,1507,1499,-0.72,0.35,0.0000,0.0000,0.0000,1
2.264,37,-25,-17,1507,1499,-0.81,-0.16,0.0000,0.0000,0.0000,1
2.283,35,-26,-18,1507,1499,-0.81,-0.16,0.0000,0.0000,0.0000,1
2.301,34,-27,-17,1506,1499,-0.81,-0.16,0.0000,0.0000,0.0000,1
2.318,33,-29,-18,1506,1499,-0.81,-0.16,0.0000,0.0000,0.0000,1
2.336,32,-30,-19,1506,1499,-0.81,-0.16,0.0000,0.0000,0.0000,1
2.353,30,-31,-20,1506,1498,-0.81,-0.16,0.0000,0.0000,0.0000,1
2.370,29,-32,-20,1505,1498,-0.81,-0.16,0.0000,0.0000,0.0000,1
2.388,28,-32,-20,1505,1498,-0.81,-0.16,0.0000,0.0000,0.0000,1
2.405,26,-33,-20,1505,1498,-0.81,-0.16,0.0000,0.0000,0.0000,1
2.423,25,-33,-20,1505,1498,-0.81,-0.16,0.0000,0.0000,0.0000,1
2.441,24,-33,-20,1504,1498,-0.81,-0.16,0.0000,0.0000,0.0000,1
2.458,24,-33,-21,1504,1498,-0.81,-0.16,0.0000,0.0000,0.0000,1
2.476,24,-33,-20,1504,1498,-0.81,-0.16,0.0000,0.0000,0.0000,1
2.493,25,-32,-20,1505,1498,-0.81,-0.16,0.0000,0.0000,0.0000,1
2.511,25,-32,-21,1505,1498,-0.75,-0.69,0.0000,0.0000,0.0000,1
2.529,26,-32,-21,1505,1498,-0.75,-0.69,0.0000,0.0000,0.0000,1
2.546,26,-32,-21,1505,1498,-0.75,-0.69,0.0000,0.0000,0.0000,1
2.563,26,-32,-21,1505,1498,-0.75,-0.69,0.0000,0.0000,0.0000,1
2.582,26,-32,-21,1505,1498,-0.75,-0.69,0.0000,0.0000,0.0000,1
2.600,27,-34,-21,1505,1498,-0.75,-0.69,0.0000,0.0000,0.0000,1
2.618,27,-35,-21,1505,1498,-0.75,-0.69,0.0000,0.0000,0.0000,1
2.635,27,-36,-22,1505,1498,-0.75,-0.69,0.0000,0.0000,0.0000,1
2.653,28,-37,-23,1505,1498,-0.75,-0.69,0.0000,0.0000,0.0000,1
2.671,28,-38,-23,1505,1498,-0.75,-0.69,0.0000,0.0000,0.0000,1
2.688,30,-39,-23,1506,1498,-0.75,-0.69,0.0000,0.0000,0.0000,1
2.706,33,-40,-24,1506,1498,-0.75,-0.69,0.0000,0.0000,0.0000,1
2.724,34,-40,-24,1506,1498,-0.75,-0.69,0.0000,0.0000,0.0000,1
2.741,37,-41,-23,1507,1498,-0.75,-0.69,0.0000,0.0000,0.0000,1
2.758,39,-40,-24,1507,1498,-0.50,-1.23,0.0000,0.0000,0.0000,1
2.775,40,-39,-24,1507,1498,-0.50,-1.23,0.0000,0.0000,0.0000,1
2.793,43,-39,-25,1508,1498,-0.50,-1.23,0.0000,0.0000,0.0000,1
2.810,45,-40,-24,1509,1498,-0.50,-1.23,0.0000,0.0000,0.0000,1
2.827,47,-42,-25,1509,1498,-0.50,-1.23,0.0000,0.0000,0.0000,1
2.844,49,-44,-24,1509,1498,-0.50,-1.23,0.0000,0.0000,0.0000,1
2.862,50,-45,-25,1510,1498,-0.50,-1.23,0.0000,0.0000,0.0000,1
2.879,52,-45,-26,1515,1498,-0.50,-1.23,0.0000,0.0000,0.0000,1
2.897,54,-43,-26,1516,1498,-0.50,-1.23,0.0000,0.0000,0.0000,1
2.914,56,-43,-26,1516,1498,-0.50,-1.23,0.0000,0.0000,0.0000,1
2.932,58,-43,-26,1517,1498,-0.50,-1.23,0.0000,0.0000,0.0000,1
2.951,59,-42,-26,1517,1498,-0.50,-1.23,0.0000,0.0000,0.0000,1
2.969,63,-42,-27,1518,1498,-0.50,-1.23,0.0000,0.0000,0.0000,0
0.017,64,-42,-26,1519,1498,-0.50,-1.23,0.0000,0.0000,0.0000,0
0.034,66,-42,-27,1519,1498,-0.50,-1.23,0.0000,0.0000,0.0000,0
0.052,66,-42,-27,1519,1498,0.13,-1.48,0.0000,0.0000,0.0000,0
0.070,68,-42,-28,1520,1498,0.13,-1.48,0.0000,0.0000,0.0000,0
0.087,70,-42,-27,1521,1498,0.13,-1.48,0.0000,0.0000,0.0000,0
0.105,72,-41,-28,1521,1498,0.13,-1.48,0.0000,0.0000,0.0000,0
0.122,74,-41,-28,1522,1498,0.13,-1.48,0.0000,0.0000,0.0000,0
0.139,79,-39,-28,1523,1498,0.13,-1.48,0.0000,0.0000,0.0000,0
0.157,81,-38,-28,1524,1498,0.13,-1.48,0.0000,0.0000,0.0000,0
0.174,84,-37,-28,1525,1498,0.13,-1.48,0.0000,0.0000,0.0000,0
0.192,86,-37,-28,1525,1498,0.13,-1.48,0.0000,0.0000,0.0000,0
0.210,88,-36,-29,1526,1498,0.13,-1.48,0.0000,0.0000,0.0000,0
0.227,90,-36,-28,1527,1498,0.13,-1.48,0.0000,0.0000,0.0000,0
0.244,92,-34,-29,1527,1498,0.13,-1.48,0.0000,0.0000,0.0000,0
0.262,93,-34,-29,1527,1498,0.13,-1.48,0.0000,0.0000,0.0000,0
0.279,95,-33,-29,1528,1498,0.13,-1.48,0.0000,0.0000,0.0000,0
0.297,97,-32,-29,1529,1498,0.79,-1.12,0.0000,0.0000,0.0000,0
0.314,98,-32,-29,1529,1498,0.79,-1.12,0.0000,0.0000,0.0000,0
0.331,99,-31,-29,1529,1498,0.79,-1.12,0.0000,0.0000,0.0000,0
0.349,100,-31,-29,1530,1498,0.79,-1.12,0.0000,0.0000,0.0000,0
0.366,101,-30,-29,1530,1498,0.79,-1.12,0.0000,0.0000,0.0000,0
0.383,101,-30,-29,1530,1498,0.79,-1.12,0.0000,0.0000,0.0000,0
0.401,102,-31,-29,1530,1498,0.79,-1.12,0.0000,0.0000,0.0000,0
0.420,102,-31,-29,1530,1498,0.79,-1.12,0.0000,0.0000,0.0000,0
0.438,103,-31,-30,1530,1497,0.79,-1.12,0.0000,0.0000,0.0000,0
0.456,103,-32,-29,1530,1498,0.79,-1.12,0.0000,0.0000,0.0000,0
0.474,103,-33,-30,1530,1497,0.79,-1.12,0.0000,0.0000,0.0000,0
0.491,103,-33,-29,1530,1498,0.79,-1.12,0.0000,0.0000,0.0000,0
0.509,103,-35,-30,1530,1497,0.79,-1.12,0.0000,0.0000,0.0000,0
0.527,103,-36,-30,1530,1497,0.79,-1.12,0.0000,0.0000,0.0000,0
0.544,102,-38,-30,1530,1497,1.49,-1.93,0.0000,0.0000,0.0000,0
0.561,102,-39,-30,1530,1497,1.49,-1.93,0.0000,0.0000,0.0000,0
0.579,101,-41,-29,1530,1498,1.49,-1.93,0.0000,0.0000,0.0000,0
0.596,101,-41,-29,1530,1498,1.49,-1.93,0.0000,0.0000,0.0000,0
0.614,98,-44,-30,1529,1497,1.49,-1.93,0.0000,0.0000,0.0000,0
0.631,96,-45,-30,1528,1497,1.49,-1.93,0.0000,0.0000,0.0000,0
0.648,94,-46,-31,1528,1497,1.49,-1.93,0.0000,0.0000,0.0000,0
0.666,92,-47,-31,1527,1497,1.49,-1.93,0.0000,0.0000,0.0000,0
0.683,91,-48,-31,1527,1497,1.49,-1.93,0.0000,0.0000,0.0000,0
0.700,89,-49,-32,1526,1497,1.49,-1.93,0.0000,0.0000,0.0000,0
0.718,87,-50,-32,1526,1497,1.49,-1.93,0.0000,0.0000,0.0000,0
0.737,85,-51,-32,1525,1497,1.49,-1.93,0.0000,0.0000,0.0000,0
0.754,84,-51,-32,1525,1497,1.49,-1.93,0.0000,0.0000,0.0000,0
0.772,82,-51,-33,1524,1497,1.49,-1.93,0.0000,0.0000,0.0000,0
0.789,81,-52,-33,1524,1497,1.54,-2.46,0.0000,0.0000,0.0000,0
0.806,80,-52,-32,1524,1497,1.54,-2.46,0.0000,0.0000,0.0000,0
0.825,80,-52,-32,1524,1497,1.54,-2.46,0.0000,0.0000,0.0000,0
0.844,79,-52,-32,1523,1497,1.54,-2.46,0.0000,0.0000,0.0000,0
0.861,78,-54,-32,1523,1497,1.54,-2.46,0.0000,0.0000,0.0000,0
0.879,77,-53,-34,1523,1497,1.54,-2.46,0.0000,0.0000,0.0000,0
0.897,76,-52,-34,1522,1497,1.54,-2.46,0.0000,0.0000,0.0000,0
0.914,76,-50,-34,1522,1497,1.54,-2.46,0.0000,0.0000,0.0000,0
0.933,76,-50,-33,1522,1497,1.54,-2.46,0.0000,0.0000,0.0000,0
0.950,76,-50,-35,1522,1497,1.54,-2.46,0.0000,0.0000,0.0000,0
0.968,75,-50,-34,1522,1497,1.54,-2.46,0.0000,0.0000,0.0000,0
0.987,75,-50,-34,1522,1497,1.54,-2.46,0.0000,0.0000,0.0000,0
1.004,73,-46,-34,1521,1497,1.54,-2.46,0.0000,0.0000,0.0000,0
1.022,72,-44,-35,1521,1497,1.54,-2.46,0.0000,0.0000,0.0000,0
1.040,72,-44,-35,1521,1497,1.54,-2.46,0.0000,0.0000,0.0000,0
1.060,71,-42,-34,1521,1497,1.07,-1.97,0.0000,0.0000,0.0000,0
1.081,71,-40,-33,1521,1497,1.07,-1.97,0.0000,0.0000,0.0000,0
1.098,70,-41,-33,1521,1497,1.07,-1.97,0.0000,0.0000,0.0000,0
1.116,69,-42,-34,1520,1497,1.07,-1.97,0.0000,0.0000,0.0000,0
1.134,67,-45,-34,1520,1497,1.07,-1.97,0.0000,0.0000,0.0000,0
1.151,67,-47,-35,1520,1497,1.07,-1.97,0.0000,0.0000,0.0000,0
1.168,66,-48,-35,1519,1497,1.07,-1.97,0.0000,0.0000,0.0000,0
1.185,65,-51,-34,1519,1497,1.07,-1.97,0.0000,0.0000,0.0000,0
1.202,64,-50,-33,1519,1497,1.07,-1.97,0.0000,0.0000,0.0000,0
1.220,63,-48,-33,1518,1497,1.07,-1.97,0.0000,0.0000,0.0000,0
1.237,63,-47,-33,1518,1497,1.07,-1.97,0.0000,0.0000,0.0000,0
1.255,62,-46,-33,1518,1497,1.07,-1.97,0.0000,0.0000,0.0000,0
1.272,62,-47,-32,1518,1497,1.07,-1.97,0.0000,0.0000,0.0000,0
1.289,62,-47,-32,1518,1497,0.54,-2.11,0.0000,0.0000,0.0000,0
1.307,61,-47,-33,1518,1497,0.54,-2.11,0.0000,0.0000,0.0000,0
1.325,60,-46,-32,1518,1497,0.54,-2.11,0.0000,0.0000,0.0000,0
1.342,59,-47,-32,1517,1497,0.54,-2.11,0.0000,0.0000,0.0000,0
1.362,58,-48,-32,1517,1497,0.54,-2.11,0.0000,0.0000,0.0000,0
1.379,55,-48,-32,1516,1497,0.54,-2.11,0.0000,0.0000,0.0000,0
1.398,53,-50,-32,1515,1497,0.54,-2.11,0.0000,0.0000,0.0000,0
1.415,51,-50,-32,1515,1497,0.54,-2.11,0.0000,0.0000,0.0000,0
1.432,49,-50,-32,1509,1497,0.54,-2.11,0.0000,0.0000,0.0000,0
1.450,45,-49,-32,1509,1497,0.54,-2.11,0.0000,0.0000,0.0000,0
1.468,45,-49,-32,1509,1497,0.54,-2.11,0.0000,0.0000,0.0000,0
1.486,43,-50,-32,1508,1497,0.54,-2.11,0.0000,0.0000,0.0000,0
1.503,40,-49,-32,1508,1497,0.54,-2.11,0.0000,0.0000,0.0000,0
1.521,36,-46,-31,1507,1497,0.54,-2.11,0.0000,0.0000,0.0000,0
1.538,36,-46,-31,1507,1497,-0.19,-2.16,0.0000,0.0000,0.0000,0
1.555,34,-45,-31,1506,1497,-0.19,-2.16,0.0000,0.0000,0.0000,0
1.572,31,-42,-32,1506,1497,-0.19,-2.16,0.0000,0.0000,0.0000,0
1.590,29,-38,-31,1505,1497,-0.19,-2.16,0.0000,0.0000,0.0000,0
1.608,26,-35,-31,1505,1497,-0.19,-2.16,0.0000,0.0000,0.0000,0
1.625,22,-33,-30,1504,1497,-0.19,-2.16,0.0000,0.0000,0.0000,1
1.643,18,-33,-31,1503,1497,-0.19,-2.16,0.0000,0.0000,0.0000,0
0.018,16,-31,-31,1503,1497,-0.19,-2.16,0.0000,0.0000,0.0000,0
0.035,13,-32,-31,1502,1497,-0.19,-2.16,0.0000,0.0000,0.0000,0
0.052,10,-33,-30,1502,1497,-0.19,-2.16,0.0000,0.0000,0.0000,1
0.071,5,-33,-30,1501,1497,-0.19,-2.16,0.0000,0.0000,0.0000,1
0.091,2,-33,-29,1500,1498,-0.19,-2.16,0.0000,0.0000,0.0000,1
0.109,-1,-33,-29,1500,1498,-0.19,-2.16,0.0000,0.0000,0.0000,1
0.128,-3,-31,-29,1500,1498,-0.19,-2.16,0.0000,0.0000,0.0000,1
0.146,-5,-30,-30,1499,1497,-1.23,-1.07,0.0000,0.0000,0.0000,1
0.164,-6,-31,-29,1499,1497,-1.23,-1.07,0.0000,0.0000,0.0000,1
0.181,-8,-32,-29,1499,1498,-1.23,-1.07,0.0000,0.0000,0.0000,1
0.199,-11,-32,-29,1498,1498,-1.23,-1.07,0.0000,0.0000,0.0000,1
0.216,-12,-33,-28,1498,1498,-1.23,-1.07,0.0000,0.0000,0.0000,1
0.234,-14,-32,-28,1498,1498,-1.23,-1.07,0.0000,0.0000,0.0000,1
0.252,-15,-31,-28,1497,1498,-1.23,-1.07,0.0000,0.0000,0.0000,1
0.271,-18,-31,-27,1497,1498,-1.23,-1.07,0.0000,0.0000,0.0000,1
0.288,-19,-30,-27,1497,1498,-1.23,-1.07,0.0000,0.0000,0.0000,1
0.306,-21,-30,-26,1496,1498,-1.23,-1.07,0.0000,0.0000,0.0000,1
0.323,-22,-30,-26,1496,1498,-1.23,-1.07,0.0000,0.0000,0.0000,1
0.341,-23,-29,-27,1496,1498,-1.23,-1.07,0.0000,0.0000,0.0000,1
0.360,-25,-27,-26,1495,1498,-1.23,-1.07,0.0000,0.0000,0.0000,1
0.381,-26,-24,-26,1495,1498,-1.23,-1.07,0.0000,0.0000,0.0000,1
0.398,-27,-21,-26,1495,1498,-1.39,-0.29,0.0000,0.0000,0.0000,1
0.415,-27,-21,-26,1495,1498,-1.39,-0.29,0.0000,0.0000,0.0000,1
0.433,-29,-19,-25,1495,1498,-1.39,-0.29,0.0000,0.0000,0.0000,1
0.450,-30,-18,-25,1494,1498,-1.39,-0.29,0.0000,0.0000,0.0000,1
0.468,-31,-17,-25,1494,1498,-1.39,-0.29,0.0000,0.0000,0.0000,1
0.485,-32,-17,-26,1494,1498,-1.39,-0.29,0.0000,0.0000,0.0000,1
0.503,-33,-17,-25,1494,1498,-1.39,-0.29,0.0000,0.0000,0.0000,1
0.520,-34,-17,-25,1494,1498,-1.39,-0.29,0.0000,0.0000,0.0000,1
0.537,-35,-16,-25,1493,1498,-1.39,-0.29,0.0000,0.0000,0.0000,1
0.559,-37,-12,-24,1493,1498,-1.39,-0.29,0.0000,0.0000,0.0000,1
0.577,-38,-10,-23,1493,1498,-1.39,-0.29,0.0000,0.0000,0.0000,1
0.594,-39,-7,-24,1493,1498,-1.39,-0.29,0.0000,0.0000,0.0000,1
0.612,-40,-5,-23,1492,1498,-1.39,-0.29,0.0000,0.0000,0.0000,1
0.629,-41,-3,-23,1492,1498,-1.39,-0.29,0.0000,0.0000,0.0000,1
0.646,-43,-1,-23,1492,1498,-1.28,0.46,0.0000,0.0000,0.0000,1
0.664,-43,-1,-23,1492,1498,-1.28,0.46,0.0000,0.0000,0.0000,1
0.681,-46,2,-23,1491,1498,-1.28,0.46,0.0000,0.0000,0.0000,1
0.698,-46,2,-23,1491,1498,-1.28,0.46,0.0000,0.0000,0.0000,1
0.717,-49,5,-22,1491,1498,-1.28,0.46,0.0000,0.0000,0.0000,1
0.734,-50,6,-23,1490,1498,-1.28,0.46,0.0000,0.0000,0.0000,1
0.752,-51,7,-23,1485,1498,-1.28,0.46,0.0000,0.0000,0.0000,1
0.770,-53,9,-21,1485,1498,-1.28,0.46,0.0000,0.0000,0.0000,1
0.787,-55,8,-22,1484,1498,-1.28,0.46,0.0000,0.0000,0.0000,1
0.805,-57,8,-22,1483,1498,-1.28,0.46,0.0000,0.0000,0.0000,1
0.822,-59,8,-22,1483,1498,-1.28,0.46,0.0000,0.0000,0.0000,1
0.839,-60,9,-21,1482,1498,-1.28,0.46,0.0000,0.0000,0.0000,1
0.857,-60,9,-21,1482,1498,-1.28,0.46,0.0000,0.0000,0.0000,1
0.874,-63,10,-21,1482,1498,-1.28,0.46,0.0000,0.0000,0.0000,0
0.017,-64,10,-20,1481,1498,-1.33,1.21,0.0000,0.0000,0.0000,0
0.037,-65,11,-20,1481,1498,-1.33,1.21,0.0000,0.0000,0.0000,0
0.055,-65,11,-20,1481,1498,-1.33,1.21,0.0000,0.0000,0.0000,0
0.074,-66,10,-20,1481,1498,-1.33,1.21,0.0000,0.0000,0.0000,0
0.091,-66,11,-20,1481,1498,-1.33,1.21,0.0000,0.0000,0.0000,0
0.109,-66,11,-20,1481,1498,-1.33,1.21,0.0000,0.0000,0.0000,0
0.128,-66,11,-20,1481,1498,-1.33,1.21,0.0000,0.0000,0.0000,0
0.145,-67,10,-20,1480,1498,-1.33,1.21,0.0000,0.0000,0.0000,0
0.163,-67,9,-20,1480,1498,-1.33,1.21,0.0000,0.0000,0.0000,0
0.180,-68,9,-20,1480,1498,-1.33,1.21,0.0000,0.0000,0.0000,0
0.201,-68,8,-20,1480,1498,-1.33,1.21,0.0000,0.0000,0.0000,0
0.219,-68,8,-20,1480,1498,-1.33,1.21,0.0000,0.0000,0.0000,0
0.236,-68,7,-20,1480,1498,-1.33,1.21,0.0000,0.0000,0.0000,0
0.255,-68,7,-20,1480,1498,-1.33,1.21,0.0000,0.0000,0.0000,0
0.273,-69,6,-20,1480,1498,-0.90,0.86,0.0000,0.0000,0.0000,0
0.291,-69,6,-20,1480,1498,-0.90,0.86,0.0000,0.0000,0.0000,0
0.309,-68,6,-19,1480,1499,-0.90,0.86,0.0000,0.0000,0.0000,0
0.327,-68,5,-19,1480,1499,-0.90,0.86,0.0000,0.0000,0.0000,0
0.345,-68,4,-19,1480,1499,-0.90,0.86,0.0000,0.0000,0.0000,0
0.362,-68,4,-20,1480,1498,-0.90,0.86,0.0000,0.0000,0.0000,0
0.380,-67,3,-20,1480,1498,-0.90,0.86,0.0000,0.0000,0.0000,0
0.400,-67,2,-21,1480,1498,-0.90,0.86,0.0000,0.0000,0.0000,0
0.417,-66,2,-21,1481,1498,-0.90,0.86,0.0000,0.0000,0.0000,0
0.435,-65,0,-20,1481,1498,-0.90,0.86,0.0000,0.0000,0.0000,0
0.453,-65,-1,-20,1481,1498,-0.90,0.86,0.0000,0.0000,0.0000,0
0.470,-65,-2,-20,1481,1498,-0.90,0.86,0.0000,0.0000,0.0000,0
0.488,-64,-2,-20,1481,1498,-0.90,0.86,0.0000,0.0000,0.0000,0
0.505,-64,-2,-20,1481,1498,-0.90,0.86,0.0000,0.0000,0.0000,0
0.522,-64,-3,-20,1481,1498,-0.39,0.13,0.0000,0.0000,0.0000,0
0.540,-64,-3,-21,1481,1498,-0.39,0.13,0.0000,0.0000,0.0000,0
0.560,-64,-3,-22,1481,1498,-0.39,0.13,0.0000,0.0000,0.0000,0
0.578,-63,-4,-22,1482,1498,-0.39,0.13,0.0000,0.0000,0.0000,0
0.596,-63,-5,-22,1482,1498,-0.39,0.13,0.0000,0.0000,0.0000,0
0.613,-63,-5,-22,1482,1498,-0.39,0.13,0.0000,0.0000,0.0000,0
0.631,-63,-6,-22,1482,1498,-0.39,0.13,0.0000,0.0000,0.0000,0
0.648,-63,-7,-22,1482,1498,-0.39,0.13,0.0000,0.0000,0.0000,0
0.665,-63,-8,-21,1482,1498,-0.39,0.13,0.0000,0.0000,0.0000,0
0.683,-62,-10,-22,1482,1498,-0.39,0.13,0.0000,0.0000,0.0000,0
0.700,-62,-11,-22,1482,1498,-0.39,0.13,0.0000,0.0000,0.0000,0
0.718,-61,-11,-22,1482,1498,-0.39,0.13,0.0000,0.0000,0.0000,0
0.735,-60,-12,-23,1482,1498,-0.39,0.13,0.0000,0.0000,0.0000,1
0.752,-60,-12,-24,1482,1498,-0.39,0.13,0.0000,0.0000,0.0000,1
0.769,-59,-12,-25,1483,1498,-0.25,-0.52,0.0000,0.0000,0.0000,1
0.787,-58,-12,-25,1483,1498,-0.25,-0.52,0.0000,0.0000,0.0000,1
0.806,-57,-13,-24,1483,1498,-0.25,-0.52,0.0000,0.0000,0.0000,1
0.824,-57,-13,-24,1483,1498,-0.25,-0.52,0.0000,0.0000,0.0000,1
0.844,-55,-13,-24,1484,1498,-0.25,-0.52,0.0000,0.0000,0.0000,1
0.862,-55,-13,-24,1484,1498,-0.25,-0.52,0.0000,0.0000,0.0000,1
0.880,-54,-13,-25,1484,1498,-0.25,-0.52,0.0000,0.0000,0.0000,1
0.898,-54,-14,-25,1484,1498,-0.25,-0.52,0.0000,0.0000,0.0000,1
0.916,-53,-15,-25,1485,1498,-0.25,-0.52,0.0000,0.0000,0.0000,1
0.933,-53,-16,-25,1485,1498,-0.25,-0.52,0.0000,0.0000,0.0000,1
0.951,-53,-16,-26,1485,1498,-0.25,-0.52,0.0000,0.0000,0.0000,1
0.969,-53,-18,-26,1485,1498,-0.25,-0.52,0.0000,0.0000,0.0000,1
0.987,-53,-18,-27,1485,1498,-0.25,-0.52,0.0000,0.0000,0.0000,1
1.006,-54,-20,-27,1484,1498,-0.25,-0.52,0.0000,0.0000,0.0000,1
1.023,-54,-20,-27,1484,1498,-0.06,-1.22,0.0000,0.0000,0.0000,1
1.041,-54,-22,-26,1484,1498,-0.06,-1.22,0.0000,0.0000,0.0000,1
1.060,-54,-22,-26,1484,1498,-0.06,-1.22,0.0000,0.0000,0.0000,1
1.078,-54,-23,-27,1484,1498,-0.06,-1.22,0.0000,0.0000,0.0000,1
1.096,-56,-25,-27,1484,1498,-0.06,-1.22,0.0000,0.0000,0.0000,1
1.113,-57,-26,-27,1483,1498,-0.06,-1.22,0.0000,0.0000,0.0000,1
1.131,-58,-27,-27,1483,1498,-0.06,-1.22,0.0000,0.0000,0.0000,1
1.148,-61,-31,-27,1482,1498,-0.06,-1.22,0.0000,0.0000,0.0000,0
0.018,-63,-33,-28,1482,1498,-0.06,-1.22,0.0000,0.0000,0.0000,0
0.035,-65,-34,-30,1481,1497,-0.06,-1.22,0.0000,0.0000,0.0000,0
0.053,-66,-34,-30,1481,1497,-0.06,-1.22,0.0000,0.0000,0.0000,0
0.070,-68,-35,-30,1480,1497,-0.06,-1.22,0.0000,0.0000,0.0000,0
0.088,-69,-36,-30,1480,1497,-0.06,-1.22,0.0000,0.0000,0.0000,0
0.105,-70,-36,-30,1479,1497,-0.06,-1.22,0.0000,0.0000,0.0000,0
0.125,-70,-35,-30,1479,1497,0.19,-2.19,0.0000,0.0000,0.0000,0
0.144,-70,-35,-30,1479,1497,0.19,-2.19,0.0000,0.0000,0.0000,0
0.161,-71,-35,-30,1479,1497,0.19,-2.19,0.0000,0.0000,0.0000,0
0.180,-72,-35,-29,1479,1498,0.19,-2.19,0.0000,0.0000,0.0000,0
0.198,-72,-35,-29,1479,1498,0.19,-2.19,0.0000,0.0000,0.0000,0
0.216,-72,-35,-29,1479,1498,0.19,-2.19,0.0000,0.0000,0.0000,0
0.233,-71,-35,-29,1479,1498,0.19,-2.19,0.0000,0.0000,0.0000,0
0.251,-71,-35,-29,1479,1498,0.19,-2.19,0.0000,0.0000,0.0000,0
0.268,-70,-35,-29,1479,1498,0.19,-2.19,0.0000,0.0000,0.0000,0
0.286,-70,-34,-29,1479,1498,0.19,-2.19,0.0000,0.0000,0.0000,0
0.303,-69,-34,-30,1480,1497,0.19,-2.19,0.0000,0.0000,0.0000,0
0.321,-68,-33,-30,1480,1497,0.19,-2.19,0.0000,0.0000,0.0000,0
0.338,-68,-33,-31,1480,1497,0.19,-2.19,0.0000,0.0000,0.0000,0
0.356,-67,-32,-30,1480,1497,0.19,-2.19,0.0000,0.0000,0.0000,0
0.374,-66,-32,-30,1481,1497,-0.15,-2.09,0.0000,0.0000,0.0000,0
0.392,-65,-31,-30,1481,1497,-0.15,-2.09,0.0000,0.0000,0.0000,0
0.409,-64,-30,-30,1481,1497,-0.15,-2.09,0.0000,0.0000,0.0000,0
0.428,-62,-29,-30,1482,1497,-0.15,-2.09,0.0000,0.0000,0.0000,0
0.447,-60,-29,-30,1482,1497,-0.15,-2.09,0.0000,0.0000,0.0000,1
0.466,-57,-26,-30,1483,1497,-0.15,-2.09,0.0000,0.0000,0.0000,1
0.485,-55,-25,-30,1484,1497,-0.15,-2.09,0.0000,0.0000,0.0000,1
0.503,-54,-24,-30,1484,1497,-0.15,-2.09,0.0000,0.0000,0.0000,1
0.521,-52,-22,-31,1485,1497,-0.15,-2.09,0.0000,0.0000,0.0000,0
0.017,-50,-20,-31,1490,1497,-0.15,-2.09,0.0000,0.0000,0.0000,0
0.035,-48,-18,-31,1491,1497,-0.15,-2.09,0.0000,0.0000,0.0000,0
0.052,-47,-16,-31,1491,1497,-0.15,-2.09,0.0000,0.0000,0.0000,0
0.070,-45,-15,-31,1491,1497,-0.15,-2.09,0.0000,0.0000,0.0000,0
0.088,-44,-14,-31,1492,1497,-0.15,-2.09,0.0000,0.0000,0.0000,0
0.105,-43,-12,-30,1492,1497,-0.81,-1.05,0.0000,0.0000,0.0000,1
0.122,-41,-12,-30,1492,1497,-0.81,-1.05,0.0000,0.0000,0.0000,1
0.139,-40,-11,-30,1492,1497,-0.81,-1.05,0.0000,0.0000,0.0000,1
0.157,-39,-11,-31,1493,1497,-0.81,-1.05,0.0000,0.0000,0.0000,0
0.018,-38,-11,-31,1493,1497,-0.81,-1.05,0.0000,0.0000,0.0000,0
0.036,-37,-10,-31,1493,1497,-0.81,-1.05,0.0000,0.0000,0.0000,0
0.054,-37,-9,-32,1493,1497,-0.81,-1.05,0.0000,0.0000,0.0000,0
0.072,-37,-9,-32,1493,1497,-0.81,-1.05,0.0000,0.0000,0.0000,0
0.090,-37,-8,-31,1493,1497,-0.81,-1.05,0.0000,0.0000,0.0000,0
0.108,-36,-8,-31,1493,1497,-0.81,-1.05,0.0000,0.0000,0.0000,0
0.126,-36,-8,-31,1493,1497,-0.81,-1.05,0.0000,0.0000,0.0000,0
0.143,-36,-8,-32,1493,1497,-0.81,-1.05,0.0000,0.0000,0.0000,0
0.161,-35,-9,-32,1493,1497,-0.81,-1.05,0.0000,0.0000,0.0000,0
0.178,-34,-12,-32,1494,1497,-0.81,-1.05,0.0000,0.0000,0.0000,0
0.195,-34,-15,-32,1494,1497,-1.04,-1.23,0.0000,0.0000,0.0000,0
0.213,-35,-17,-33,1493,1497,-1.04,-1.23,0.0000,0.0000,0.0000,0
0.230,-34,-19,-33,1494,1497,-1.04,-1.23,0.0000,0.0000,0.0000,0
0.248,-34,-19,-32,1494,1497,-1.04,-1.23,0.0000,0.0000,0.0000,0
0.265,-34,-20,-32,1494,1497,-1.04,-1.23,0.0000,0.0000,0.0000,0
0.282,-35,-20,-33,1493,1497,-1.04,-1.23,0.0000,0.0000,0.0000,0
0.300,-35,-20,-33,1493,1497,-1.04,-1.23,0.0000,0.0000,0.0000,0
0.317,-35,-20,-33,1493,1497,-1.04,-1.23,0.0000,0.0000,0.0000,0
0.334,-35,-20,-33,1493,1497,-1.04,-1.23,0.0000,0.0000,0.0000,0
0.352,-35,-20,-32,1493,1497,-1.04,-1.23,0.0000,0.0000,0.0000,0
0.369,-34,-21,-32,1494,1497,-1.04,-1.23,0.0000,0.0000,0.0000,0
0.390,-34,-24,-33,1494,1497,-1.04,-1.23,0.0000,0.0000,0.0000,0
0.408,-34,-27,-33,1494,1497,-1.04,-1.23,0.0000,0.0000,0.0000,0
0.426,-34,-29,-33,1494,1497,-1.04,-1.23,0.0000,0.0000,0.0000,0
0.444,-35,-31,-33,1493,1497,-0.28,-1.68,0.0000,0.0000,0.0000,0
0.461,-34,-33,-33,1494,1497,-0.28,-1.68,0.0000,0.0000,0.0000,0
0.478,-34,-36,-32,1494,1497,-0.28,-1.68,0.0000,0.0000,0.0000,0
0.496,-34,-38,-33,1494,1497,-0.28,-1.68,0.0000,0.0000,0.0000,0
0.513,-33,-41,-33,1494,1497,-0.28,-1.68,0.0000,0.0000,0.0000,0
0.531,-33,-45,-33,1494,1497,-0.28,-1.68,0.0000,0.0000,0.0000,0
0.548,-33,-48,-33,1494,1497,-0.28,-1.68,0.0000,0.0000,0.0000,0
0.566,-33,-50,-33,1494,1497,-0.28,-1.68,0.0000,0.0000,0.0000,0
0.583,-33,-51,-34,1494,1497,-0.28,-1.68,0.0000,0.0000,0.0000,0
0.600,-33,-52,-34,1494,1497,-0.28,-1.68,0.0000,0.0000,0.0000,0
0.618,-33,-52,-34,1494,1497,-0.28,-1.68,0.0000,0.0000,0.0000,0
0.635,-33,-52,-33,1494,1497,-0.28,-1.68,0.0000,0.0000,0.0000,0
0.653,-33,-52,-34,1494,1497,-0.28,-1.68,0.0000,0.0000,0.0000,0
0.670,-33,-51,-34,1494,1497,-0.28,-1.68,0.0000,0.0000,0.0000,0
0.687,-33,-51,-33,1494,1497,0.13,-2.42,0.0000,0.0000,0.0000,0
0.704,-33,-51,-33,1494,1497,0.13,-2.42,0.0000,0.0000,0.0000,0
0.721,-33,-52,-33,1494,1497,0.13,-2.42,0.0000,0.0000,0.0000,0
0.738,-33,-54,-32,1494,1497,0.13,-2.42,0.0000,0.0000,0.0000,0
0.756,-32,-55,-32,1494,1497,0.13,-2.42,0.0000,0.0000,0.0000,0
0.774,-32,-55,-33,1494,1497,0.13,-2.42,0.0000,0.0000,0.0000,0
0.792,-31,-56,-33,1494,1497,0.13,-2.42,0.0000,0.0000,0.0000,0
0.810,-31,-56,-32,1494,1497,0.13,-2.42,0.0000,0.0000,0.0000,0
0.827,-30,-57,-32,1494,1497,0.13,-2.42,0.0000,0.0000,0.0000,0
0.845,-29,-59,-32,1495,1497,0.13,-2.42,0.0000,0.0000,0.0000,0
0.862,-28,-59,-32,1495,1497,0.13,-2.42,0.0000,0.0000,0.0000,0
0.883,-26,-61,-33,1495,1497,0.13,-2.42,0.0000,0.0000,0.0000,0
0.902,-25,-62,-33,1495,1497,0.13,-2.42,0.0000,0.0000,0.0000,0
0.919,-24,-62,-33,1496,1497,0.13,-2.42,0.0000,0.0000,0.0000,0
0.937,-22,-63,-33,1496,1497,0.29,-3.01,0.0000,0.0000,0.0000,0
0.954,-20,-63,-34,1496,1497,0.29,-3.01,0.0000,0.0000,0.0000,0
0.971,-18,-62,-33,1497,1497,0.29,-3.01,0.0000,0.0000,0.0000,0
0.988,-16,-61,-33,1497,1497,0.29,-3.01,0.0000,0.0000,0.0000,0
1.005,-13,-59,-33,1498,1497,0.29,-3.01,0.0000,0.0000,0.0000,0
1.022,-11,-58,-33,1498,1497,0.29,-3.01,0.0000,0.0000,0.0000,0
1.039,-7,-56,-32,1499,1497,0.29,-3.01,0.0000,0.0000,0.0000,0
1.056,-6,-54,-32,1499,1497,0.29,-3.01,0.0000,0.0000,0.0000,0
1.074,-4,-51,-32,1500,1497,0.29,-3.01,0.0000,0.0000,0.0000,0
1.091,-2,-48,-32,1500,1497,0.29,-3.01,0.0000,0.0000,0.0000,0
1.108,0,-46,-32,1500,1497,0.29,-3.01,0.0000,0.0000,0.0000,0
1.126,2,-44,-32,1500,1497,0.29,-3.01,0.0000,0.0000,0.0000,0
1.143,4,-41,-32,1500,1497,0.29,-3.01,0.0000,0.0000,0.0000,0
1.160,6,-37,-31,1501,1497,0.29,-3.01,0.0000,0.0000,0.0000,0
1.177,8,-34,-31,1501,1497,0.29,-3.01,0.0000,0.0000,0.0000,0
1.194,10,-31,-32,1502,1497,0.40,-1.14,0.0000,0.0000,0.0000,0
1.211,12,-29,-32,1502,1497,0.40,-1.14,0.0000,0.0000,0.0000,0
1.229,14,-27,-31,1502,1497,0.40,-1.14,0.0000,0.0000,0.0000,0
1.247,16,-25,-31,1503,1497,0.40,-1.14,0.0000,0.0000,0.0000,0
1.265,17,-24,-31,1503,1497,0.40,-1.14,0.0000,0.0000,0.0000,0
1.283,18,-23,-31,1503,1497,0.40,-1.14,0.0000,0.0000,0.0000,0
1.300,19,-21,-30,1503,1497,0.40,-1.14,0.0000,0.0000,0.0000,1
1.318,20,-20,-29,1504,1498,0.40,-1.14,0.0000,0.0000,0.0000,1
1.336,21,-20,-29,1504,1498,0.40,-1.14,0.0000,0.0000,0.0000,1
1.354,21,-20,-29,1504,1498,0.40,-1.14,0.0000,0.0000,0.0000,1
1.372,22,-21,-28,1504,1498,0.40,-1.14,0.0000,0.0000,0.0000,1
1.389,22,-21,-28,1504,1498,0.40,-1.14,0.0000,0.0000,0.0000,1
1.407,22,-20,-28,1504,1498,0.40,-1.14,0.0000,0.0000,0.0000,1
1.426,22,-21,-28,1504,1498,0.40,-1.14,0.0000,0.0000,0.0000,1
1.444,22,-20,-27,1504,1498,0.21,-0.42,0.0000,0.0000,0.0000,1
1.462,22,-19,-27,1504,1498,0.21,-0.42,0.0000,0.0000,0.0000,1
1.480,22,-19,-27,1504,1498,0.21,-0.42,0.0000,0.0000,0.0000,1
1.497,22,-18,-27,1504,1498,0.21,-0.42,0.0000,0.0000,0.0000,1
1.515,23,-19,-26,1504,1498,0.21,-0.42,0.0000,0.0000,0.0000,1
1.532,22,-21,-26,1504,1498,0.21,-0.42,0.0000,0.0000,0.0000,1
1.549,22,-21,-27,1504,1498,0.21,-0.42,0.0000,0.0000,0.0000,1
1.567,22,-21,-27,1504,1498,0.21,-0.42,0.0000,0.0000,0.0000,1
1.585,22,-25,-26,1504,1498,0.21,-0.42,0.0000,0.0000,0.0000,1
1.602,20,-26,-25,1504,1498,0.21,-0.42,0.0000,0.0000,0.0000,1
1.621,19,-26,-26,1503,1498,0.21,-0.42,0.0000,0.0000,0.0000,1
1.639,18,-26,-25,1503,1498,0.21,-0.42,0.0000,0.0000,0.0000,1
1.656,16,-26,-25,1503,1498,0.21,-0.42,0.0000,0.0000,0.0000,1
1.674,15,-26,-25,1503,1498,0.21,-0.42,0.0000,0.0000,0.0000,1
1.692,15,-26,-25,1503,1498,0.18,-0.15,0.0000,0.0000,0.0000,1
1.711,13,-26,-25,1502,1498,0.18,-0.15,0.0000,0.0000,0.0000,1
1.728,12,-25,-25,1502,1498,0.18,-0.15,0.0000,0.0000,0.0000,1
1.747,10,-25,-25,1502,1498,0.18,-0.15,0.0000,0.0000,0.0000,1
1.765,9,-25,-25,1501,1498,0.18,-0.15,0.0000,0.0000,0.0000,1
1.782,8,-24,-25,1501,1498,0.18,-0.15,0.0000,0.0000,0.0000,1
1.799,6,-24,-25,1501,1498,0.18,-0.15,0.0000,0.0000,0.0000,1
1.816,6,-24,-25,1501,1498,0.18,-0.15,0.0000,0.0000,0.0000,1
1.834,5,-24,-25,1501,1498,0.18,-0.15,0.0000,0.0000,0.0000,1
1.853,2,-25,-24,1500,1498,0.18,-0.15,0.0000,0.0000,0.0000,1
1.870,1,-27,-24,1500,1498,0.18,-0.15,0.0000,0.0000,0.0000,1
1.889,0,-28,-25,1500,1498,0.18,-0.15,0.0000,0.0000,0.0000,1
1.906,-1,-29,-24,1500,1498,0.18,-0.15,0.0000,0.0000,0.0000,1
1.926,-2,-29,-24,1500,1498,0.18,-0.15,0.0000,0.0000,0.0000,1
1.943,-4,-29,-25,1500,1498,0.66,-0.38,0.0000,0.0000,0.0000,1
1.962,-5,-30,-24,1499,1498,0.66,-0.38,0.0000,0.0000,0.0000,1
1.981,-6,-30,-24,1499,1498,0.66,-0.38,0.0000,0.0000,0.0000,1
1.998,-6,-30,-24,1499,1498,0.66,-0.38,0.0000,0.0000,0.0000,1
2.015,-7,-30,-24,1499,1498,0.66,-0.38,0.0000,0.0000,0.0000,1
2.033,-9,-32,-23,1499,1498,0.66,-0.38,0.0000,0.0000,0.0000,1
2.051,-10,-33,-23,1498,1498,0.66,-0.38,0.0000,0.0000,0.0000,1
2.069,-11,-34,-24,1498,1498,0.66,-0.38,0.0000,0.0000,0.0000,1
2.086,-12,-35,-24,1498,1498,0.66,-0.38,0.0000,0.0000,0.0000,1
2.104,-13,-36,-24,1498,1498,0.66,-0.38,0.0000,0.0000,0.0000,1
2.121,-13,-36,-23,1498,1498,0.66,-0.38,0.0000,0.0000,0.0000,1
2.138,-14,-37,-22,1498,1498,0.66,-0.38,0.0000,0.0000,0.0000,1
2.156,-15,-37,-22,1497,1498,0.66,-0.38,0.0000,0.0000,0.0000,1
2.174,-16,-37,-22,1497,1498,0.66,-0.38,0.0000,0.0000,0.0000,1
2.197,-17,-38,-22,1497,1498,1.10,-0.88,0.0000,0.0000,0.0000,1
2.214,-17,-38,-22,1497,1498,1.10,-0.88,0.0000,0.0000,0.0000,1
2.232,-18,-39,-22,1497,1498,1.10,-0.88,0.0000,0.0000,0.0000,1
2.251,-18,-39,-21,1497,1498,1.10,-0.88,0.0000,0.0000,0.0000,1
2.269,-19,-40,-20,1497,1498,1.10,-0.88,0.0000,0.0000,0.0000,1
2.286,-18,-40,-20,1497,1498,1.10,-0.88,0.0000,0.0000,0.0000,1
2.303,-18,-40,-20,1497,1498,1.10,-0.88,0.0000,0.0000,0.0000,1
2.322,-18,-39,-20,1497,1498,1.10,-0.88,0.0000,0.0000,0.0000,1
2.340,-17,-38,-20,1497,1498,1.10,-0.88,0.0000,0.0000,0.0000,1
2.357,-17,-38,-21,1497,1498,1.10,-0.88,0.0000,0.0000,0.0000,1
2.375,-17,-38,-21,1497,1498,1.10,-0.88,0.0000,0.0000,0.0000,1
2.392,-17,-38,-20,1497,1498,1.10,-0.88,0.0000,0.0000,0.0000,1
2.409,-17,-38,-20,1497,1498,1.10,-0.88,0.0000,0.0000,0.0000,1
2.427,-16,-37,-20,1497,1498,1.10,-0.88,0.0000,0.0000,0.0000,1
2.444,-16,-36,-20,1497,1498,0.54,-0.60,0.0000,0.0000,0.0000,1
2.462,-15,-35,-20,1497,1498,0.54,-0.60,0.0000,0.0000,0.0000,1
2.485,-14,-34,-20,1498,1498,0.54,-0.60,0.0000,0.0000,0.0000,1
2.502,-13,-33,-20,1498,1498,0.54,-0.60,0.0000,0.0000,0.0000,1
2.519,-12,-33,-20,1498,1498,0.54,-0.60,0.0000,0.0000,0.0000,1
2.537,-12,-32,-20,1498,1498,0.54,-0.60,0.0000,0.0000,0.0000,1
2.554,-11,-32,-19,1498,1499,0.54,-0.60,0.0000,0.0000,0.0000,1
2.571,-11,-31,-18,1498,1499,0.54,-0.60,0.0000,0.0000,0.0000,1
2.588,-11,-31,-18,1498,1499,0.54,-0.60,0.0000,0.0000,0.0000,1
2.605,-11,-30,-18,1498,1499,0.54,-0.60,0.0000,0.0000,0.0000,1
2.623,-12,-29,-17,1498,1499,0.54,-0.60,0.0000,0.0000,0.0000,1
2.642,-13,-29,-17,1498,1499,0.54,-0.60,0.0000,0.0000,0.0000,1
2.659,-14,-28,-17,1498,1499,0.54,-0.60,0.0000,0.0000,0.0000,1
2.677,-15,-27,-16,1497,1499,0.54,-0.60,0.0000,0.0000,0.0000,1
2.694,-17,-27,-16,1497,1499,-0.03,0.07,0.0000,0.0000,0.0000,1
2.711,-19,-26,-17,1497,1499,-0.03,0.07,0.0000,0.0000,0.0000,1
2.729,-20,-25,-16,1496,1499,-0.03,0.07,0.0000,0.0000,0.0000,1
2.746,-22,-25,-17,1496,1499,-0.03,0.07,0.0000,0.0000,0.0000,1
2.763,-24,-24,-16,1496,1499,-0.03,0.07,0.0000,0.0000,0.0000,1
2.784,-26,-24,-16,1495,1499,-0.03,0.07,0.0000,0.0000,0.0000,1
2.801,-28,-24,-16,1495,1499,-0.03,0.07,0.0000,0.0000,0.0000,1
2.819,-32,-22,-16,1494,1499,-0.03,0.07,0.0000,0.0000,0.0000,1
2.836,-34,-21,-16,1494,1499,-0.03,0.07,0.0000,0.0000,0.0000,1
2.854,-36,-20,-17,1493,1499,-0.03,0.07,0.0000,0.0000,0.0000,1
2.871,-39,-19,-17,1493,1499,-0.03,0.07,0.0000,0.0000,0.0000,1
2.888,-41,-18,-16,1492,1499,-0.03,0.07,0.0000,0.0000,0.0000,1
2.906,-42,-17,-16,1492,1499,-0.03,0.07,0.0000,0.0000,0.0000,1
2.923,-44,-17,-14,1492,1499,-0.03,0.07,0.0000,0.0000,0.0000,1
2.943,-45,-16,-15,1491,1499,-0.36,0.77,0.0000,0.0000,0.0000,1
2.961,-46,-16,-16,1491,1499,-0.36,0.77,0.0000,0.0000,0.0000,1
2.978,-47,-16,-16,1491,1499,-0.36,0.77,0.0000,0.0000,0.0000,1
2.995,-48,-16,-16,1491,1499,-0.36,0.77,0.0000,0.0000,0.0000,1
3.014,-49,-16,-16,1491,1499,-0.36,0.77,0.0000,0.0000,0.0000,1
3.031,-50,-16,-15,1490,1499,-0.36,0.77,0.0000,0.0000,0.0000,1
3.048,-51,-16,-14,1485,1499,-0.36,0.77,0.0000,0.0000,0.0000,1
3.066,-51,-16,-14,1485,1499,-0.36,0.77,0.0000,0.0000,0.0000,1
3.085,-52,-15,-16,1485,1499,-0.36,0.77,0.0000,0.0000,0.0000,1
3.103,-52,-15,-16,1485,1499,-0.36,0.77,0.0000,0.0000,0.0000,1
3.121,-52,-14,-16,1485,1499,-0.36,0.77,0.0000,0.0000,0.0000,1
3.142,-53,-14,-16,1485,1499,-0.36,0.77,0.0000,0.0000,0.0000,1
3.159,-53,-13,-15,1485,1499,-0.36,0.77,0.0000,0.0000,0.0000,1
3.177,-53,-14,-15,1485,1499,-0.36,0.77,0.0000,0.0000,0.0000,1
3.195,-53,-14,-14,1485,1499,0.07,0.85,0.0000,0.0000,0.0000,1
3.212,-54,-14,-14,1484,1499,0.07,0.85,0.0000,0.0000,0.0000,1
3.231,-54,-14,-15,1484,1499,0.07,0.85,0.0000,0.0000,0.0000,1
3.248,-53,-15,-15,1485,1499,0.07,0.85,0.0000,0.0000,0.0000,1
3.265,-53,-16,-15,1485,1499,0.07,0.85,0.0000,0.0000,0.0000,1
3.283,-53,-17,-16,1485,1499,0.07,0.85,0.0000,0.0000,0.0000,1
3.300,-53,-17,-15,1485,1499,0.07,0.85,0.0000,0.0000,0.0000,1
3.317,-54,-19,-16,1484,1499,0.07,0.85,0.0000,0.0000,0.0000,1
3.335,-53,-20,-16,1485,1499,0.07,0.85,0.0000,0.0000,0.0000,1
3.354,-53,-22,-16,1485,1499,0.07,0.85,0.0000,0.0000,0.0000,1
3.372,-52,-23,-17,1485,1499,0.07,0.85,0.0000,0.0000,0.0000,1
3.389,-51,-24,-16,1485,1499,0.07,0.85,0.0000,0.0000,0.0000,1
3.407,-50,-25,-16,1490,1499,0.07,0.85,0.0000,0.0000,0.0000,1
3.424,-49,-26,-16,1491,1499,0.07,0.85,0.0000,0.0000,0.0000,1
3.442,-48,-26,-15,1491,1499,0.21,-0.00,0.0000,0.0000,0.0000,1
3.460,-47,-27,-16,1491,1499,0.21,-0.00,0.0000,0.0000,0.0000,1
3.477,-46,-27,-16,1491,1499,0.21,-0.00,0.0000,0.0000,0.0000,1
3.496,-45,-28,-15,1491,1499,0.21,-0.00,0.0000,0.0000,0.0000,1
3.513,-44,-28,-15,1492,1499,0.21,-0.00,0.0000,0.0000,0.0000,1
3.531,-44,-27,-16,1492,1499,0.21,-0.00,0.0000,0.0000,0.0000,1
3.549,-43,-28,-15,1492,1499,0.21,-0.00,0.0000,0.0000,0.0000,1
3.566,-43,-27,-16,1492,1499,0.21,-0.00,0.0000,0.0000,0.0000,1
3.585,-42,-26,-16,1492,1499,0.21,-0.00,0.0000,0.0000,0.0000,1
3.602,-42,-26,-16,1492,1499,0.21,-0.00,0.0000,0.0000,0.0000,1
3.619,-41,-26,-17,1492,1499,0.21,-0.00,0.0000,0.0000,0.0000,1
3.637,-40,-26,-16,1492,1499,0.21,-0.00,0.0000,0.0000,0.0000,1
3.656,-40,-26,-16,1492,1499,0.21,-0.00,0.0000,0.0000,0.0000,1
3.673,-39,-25,-16,1493,1499,0.21,-0.00,0.0000,0.0000,0.0000,1
3.691,-38,-25,-17,1493,1499,-0.30,-0.10,0.0000,0.0000,0.0000,1
3.708,-36,-24,-17,1493,1499,-0.30,-0.10,0.0000,0.0000,0.0000,1
3.728,-35,-24,-17,1493,1499,-0.30,-0.10,0.0000,0.0000,0.0000,1
3.748,-34,-23,-18,1494,1499,-0.30,-0.10,0.0000,0.0000,0.0000,1
3.765,-32,-22,-17,1494,1499,-0.30,-0.10,0.0000,0.0000,0.0000,1
3.783,-31,-22,-18,1494,1499,-0.30,-0.10,0.0000,0.0000,0.0000,1
3.801,-30,-22,-18,1494,1499,-0.30,-0.10,0.0000,0.0000,0.0000,1
3.818,-30,-23,-18,1494,1499,-0.30,-0.10,0.0000,0.0000,0.0000,1
3.836,-31,-24,-17,1494,1499,-0.30,-0.10,0.0000,0.0000,0.0000,1
3.853,-30,-24,-18,1494,1499,-0.30,-0.10,0.0000,0.0000,0.0000,1
3.871,-30,-25,-18,1494,1499,-0.30,-0.10,0.0000,0.0000,0.0000,1
3.889,-30,-25,-18,1494,1499,-0.30,-0.10,0.0000,0.0000,0.0000,1
3.907,-29,-26,-19,1495,1499,-0.30,-0.10,0.0000,0.0000,0.0000,1
3.925,-29,-26,-19,1495,1499,-0.30,-0.10,0.0000,0.0000,0.0000,1
3.943,-29,-26,-19,1495,1499,-0.02,-0.26,0.0000,0.0000,0.0000,1
3.960,-29,-26,-18,1495,1499,-0.02,-0.26,0.0000,0.0000,0.0000,1
3.978,-28,-26,-18,1495,1499,-0.02,-0.26,0.0000,0.0000,0.0000,1
3.996,-28,-25,-19,1495,1499,-0.02,-0.26,0.0000,0.0000,0.0000,1
4.014,-27,-25,-19,1495,1499,-0.02,-0.26,0.0000,0.0000,0.0000,1
4.032,-25,-25,-18,1495,1499,-0.02,-0.26,0.0000,0.0000,0.0000,1
4.050,-25,-25,-18,1495,1499,-0.02,-0.26,0.0000,0.0000,0.0000,1
4.067,-24,-24,-19,1496,1499,-0.02,-0.26,0.0000,0.0000,0.0000,1
4.085,-23,-22,-19,1496,1499,-0.02,-0.26,0.0000,0.0000,0.0000,1
4.103,-23,-22,-19,1496,1499,-0.02,-0.26,0.0000,0.0000,0.0000,1
4.120,-23,-21,-20,1496,1498,-0.02,-0.26,0.0000,0.0000,0.0000,1
4.137,-24,-21,-20,1496,1498,-0.02,-0.26,0.0000,0.0000,0.0000,1
4.155,-24,-21,-20,1496,1498,-0.02,-0.26,0.0000,0.0000,0.0000,1
4.173,-25,-21,-20,1495,1498,-0.02,-0.26,0.0000,0.0000,0.0000,1
4.191,-26,-21,-21,1495,1498,-0.20,-0.36,0.0000,0.0000,0.0000,1
4.209,-26,-22,-21,1495,1498,-0.20,-0.36,0.0000,0.0000,0.0000,1
4.227,-26,-22,-21,1495,1498,-0.20,-0.36,0.0000,0.0000,0.0000,1
4.246,-27,-24,-21,1495,1498,-0.20,-0.36,0.0000,0.0000,0.0000,1
4.264,-28,-23,-20,1495,1498,-0.20,-0.36,0.0000,0.0000,0.0000,1
4.282,-29,-22,-22,1495,1498,-0.20,-0.36,0.0000,0.0000,0.0000,1
4.300,-30,-22,-21,1494,1498,-0.20,-0.36,0.0000,0.0000,0.0000,1
4.318,-31,-22,-21,1494,1498,-0.20,-0.36,0.0000,0.0000,0.0000,1
4.335,-32,-23,-22,1494,1498,-0.20,-0.36,0.0000,0.0000,0.0000,1
4.353,-34,-26,-23,1494,1498,-0.20,-0.36,0.0000,0.0000,0.0000,1
4.370,-34,-28,-23,1494,1498,-0.20,-0.36,0.0000,0.0000,0.0000,1
4.387,-35,-30,-23,1493,1498,-0.20,-0.36,0.0000,0.0000,0.0000,1
4.404,-35,-32,-23,1493,1498,-0.20,-0.36,0.0000,0.0000,0.0000,1
4.421,-35,-33,-22,1493,1498,-0.20,-0.36,0.0000,0.0000,0.0000,1
4.441,-35,-33,-22,1493,1498,-0.54,-0.96,0.0000,0.0000,0.0000,1
4.459,-35,-34,-22,1493,1498,-0.54,-0.96,0.0000,0.0000,0.0000,1
4.480,-35,-34,-23,1493,1498,-0.54,-0.96,0.0000,0.0000,0.0000,1
4.499,-35,-34,-24,1493,1498,-0.54,-0.96,0.0000,0.0000,0.0000,1
4.516,-34,-34,-23,1494,1498,-0.54,-0.96,0.0000,0.0000,0.0000,1
4.534,-34,-33,-24,1494,1498,-0.54,-0.96,0.0000,0.0000,0.0000,1
4.551,-34,-33,-24,1494,1498,-0.54,-0.96,0.0000,0.0000,0.0000,1
4.568,-35,-32,-24,1493,1498,-0.54,-0.96,0.0000,0.0000,0.0000,1
4.586,-35,-32,-23,1493,1498,-0.54,-0.96,0.0000,0.0000,0.0000,1
4.603,-35,-31,-25,1493,1498,-0.54,-0.96,0.0000,0.0000,0.0000,1
4.620,-35,-32,-24,1493,1498,-0.54,-0.96,0.0000,0.0000,0.0000,1
4.637,-35,-32,-24,1493,1498,-0.54,-0.96,0.0000,0.0000,0.0000,1
4.655,-35,-32,-25,1493,1498,-0.54,-0.96,0.0000,0.0000,0.0000,1
4.672,-35,-33,-26,1493,1498,-0.54,-0.96,0.0000,0.0000,0.0000,1
4.690,-35,-33,-26,1493,1498,-0.44,-1.20,0.0000,0.0000,0.0000,1
4.707,-36,-33,-25,1493,1498,-0.44,-1.20,0.0000,0.0000,0.0000,1
4.724,-36,-34,-24,1493,1498,-0.44,-1.20,0.0000,0.0000,0.0000,1
4.741,-38,-35,-26,1493,1498,-0.44,-1.20,0.0000,0.0000,0.0000,1
4.758,-40,-35,-26,1492,1498,-0.44,-1.20,0.0000,0.0000,0.0000,1
4.775,-41,-35,-25,1492,1498,-0.44,-1.20,0.0000,0.0000,0.0000,1
4.793,-43,-35,-26,1492,1498,-0.44,-1.20,0.0000,0.0000,0.0000,1
4.810,-45,-36,-26,1491,1498,-0.44,-1.20,0.0000,0.0000,0.0000,1
4.828,-47,-35,-26,1491,1498,-0.44,-1.20,0.0000,0.0000,0.0000,1
4.845,-49,-34,-26,1491,1498,-0.44,-1.20,0.0000,0.0000,0.0000,1
4.862,-51,-34,-26,1485,1498,-0.44,-1.20,0.0000,0.0000,0.0000,1
4.880,-52,-33,-27,1485,1498,-0.44,-1.20,0.0000,0.0000,0.0000,1
4.899,-54,-32,-27,1484,1498,-0.44,-1.20,0.0000,0.0000,0.0000,1
4.917,-54,-32,-27,1484,1498,-0.44,-1.20,0.0000,0.0000,0.0000,1
4.935,-55,-32,-26,1484,1498,-0.17,-1.36,0.0000,0.0000,0.0000,1
4.952,-57,-31,-26,1483,1498,-0.17,-1.36,0.0000,0.0000,0.0000,1
4.970,-58,-31,-26,1483,1498,-0.17,-1.36,0.0000,0.0000,0.0000,1
4.988,-59,-31,-27,1483,1498,-0.17,-1.36,0.0000,0.0000,0.0000,1
5.006,-61,-31,-27,1482,1498,-0.17,-1.36,0.0000,0.0000,0.0000,0
0.017,-65,-31,-27,1481,1498,-0.17,-1.36,0.0000,0.0000,0.0000,0
0.035,-66,-31,-27,1481,1498,-0.17,-1.36,0.0000,0.0000,0.0000,0
0.052,-68,-30,-28,1480,1498,-0.17,-1.36,0.0000,0.0000,0.0000,0
0.069,-70,-30,-27,1479,1498,-0.17,-1.36,0.0000,0.0000,0.0000,0
0.086,-71,-30,-27,1479,1498,-0.17,-1.36,0.0000,0.0000,0.0000,0
0.104,-73,-30,-27,1479,1498,-0.17,-1.36,0.0000,0.0000,0.0000,0
0.121,-74,-29,-27,1478,1498,-0.17,-1.36,0.0000,0.0000,0.0000,0
0.138,-75,-29,-28,1478,1498,-0.17,-1.36,0.0000,0.0000,0.0000,0
0.156,-77,-28,-28,1477,1498,-0.17,-1.36,0.0000,0.0000,0.0000,0
0.174,-78,-28,-27,1477,1498,0.19,-1.56,0.0000,0.0000,0.0000,0
0.191,-78,-27,-27,1477,1498,0.19,-1.56,0.0000,0.0000,0.0000,0
0.208,-79,-27,-27,1477,1498,0.19,-1.56,0.0000,0.0000,0.0000,0
0.226,-79,-26,-28,1477,1498,0.19,-1.56,0.0000,0.0000,0.0000,0
0.244,-79,-26,-28,1477,1498,0.19,-1.56,0.0000,0.0000,0.0000,0
0.263,-79,-25,-27,1477,1498,0.19,-1.56,0.0000,0.0000,0.0000,0
0.280,-79,-24,-27,1477,1498,0.19,-1.56,0.0000,0.0000,0.0000,0
0.298,-79,-23,-27,1477,1498,0.19,-1.56,0.0000,0.0000,0.0000,0
0.316,-79,-22,-28,1477,1498,0.19,-1.56,0.0000,0.0000,0.0000,0
0.335,-80,-21,-28,1476,1498,0.19,-1.56,0.0000,0.0000,0.0000,0
0.352,-80,-21,-27,1476,1498,0.19,-1.56,0.0000,0.0000,0.0000,0
0.369,-80,-21,-27,1476,1498,0.19,-1.56,0.0000,0.0000,0.0000,0
0.387,-81,-21,-28,1476,1498,0.19,-1.56,0.0000,0.0000,0.0000,0
0.404,-81,-21,-29,1476,1498,0.19,-1.56,0.0000,0.0000,0.0000,0
0.421,-82,-22,-29,1476,1498,-0.74,-1.28,0.0000,0.0000,0.0000,0
0.439,-82,-22,-28,1476,1498,-0.74,-1.28,0.0000,0.0000,0.0000,0
0.458,-82,-22,-28,1476,1498,-0.74,-1.28,0.0000,0.0000,0.0000,0
0.475,-82,-22,-28,1476,1498,-0.74,-1.28,0.0000,0.0000,0.0000,0
0.495,-83,-22,-29,1476,1498,-0.74,-1.28,0.0000,0.0000,0.0000,0
0.513,-82,-22,-29,1476,1498,-0.74,-1.28,0.0000,0.0000,0.0000,0
0.530,-81,-22,-29,1476,1498,-0.74,-1.28,0.0000,0.0000,0.0000,0
0.548,-81,-21,-28,1476,1498,-0.74,-1.28,0.0000,0.0000,0.0000,0
0.566,-79,-20,-30,1477,1497,-0.74,-1.28,0.0000,0.0000,0.0000,0
0.589,-78,-20,-29,1477,1498,-0.74,-1.28,0.0000,0.0000,0.0000,0
0.606,-77,-19,-29,1477,1498,-0.74,-1.28,0.0000,0.0000,0.0000,0
0.624,-76,-18,-30,1478,1497,-0.74,-1.28,0.0000,0.0000,0.0000,0
0.641,-76,-18,-30,1478,1497,-0.74,-1.28,0.0000,0.0000,0.0000,0
0.659,-75,-17,-29,1478,1498,-0.74,-1.28,0.0000,0.0000,0.0000,0
0.677,-75,-17,-29,1478,1498,-1.47,-1.04,0.0000,0.0000,0.0000,0
0.694,-75,-17,-29,1478,1498,-1.47,-1.04,0.0000,0.0000,0.0000,0
0.712,-75,-16,-30,1478,1497,-1.47,-1.04,0.0000,0.0000,0.0000,0
0.729,-75,-16,-29,1478,1498,-1.47,-1.04,0.0000,0.0000,0.0000,0
0.746,-75,-16,-29,1478,1498,-1.47,-1.04,0.0000,0.0000,0.0000,0
0.764,-76,-16,-30,1478,1497,-1.47,-1.04,0.0000,0.0000,0.0000,0
0.783,-76,-16,-29,1478,1498,-1.47,-1.04,0.0000,0.0000,0.0000,0
0.801,-77,-16,-30,1477,1497,-1.47,-1.04,0.0000,0.0000,0.0000,0
0.820,-77,-17,-30,1477,1497,-1.47,-1.04,0.0000,0.0000,0.0000,0
0.838,-79,-18,-30,1477,1497,-1.47,-1.04,0.0000,0.0000,0.0000,0
0.856,-79,-19,-29,1477,1498,-1.47,-1.04,0.0000,0.0000,0.0000,0
0.874,-82,-22,-30,1476,1497,-1.47,-1.04,0.0000,0.0000,0.0000,0
0.893,-83,-23,-30,1476,1497,-1.47,-1.04,0.0000,0.0000,0.0000,0
0.911,-85,-24,-30,1475,1497,-1.47,-1.04,0.0000,0.0000,0.0000,0
0.929,-85,-24,-30,1475,1497,-1.33,-1.38,0.0000,0.0000,0.0000,0
0.950,-86,-25,-30,1475,1497,-1.33,-1.38,0.0000,0.0000,0.0000,0
0.970,-87,-25,-30,1474,1497,-1.33,-1.38,0.0000,0.0000,0.0000,0
0.989,-88,-26,-30,1474,1497,-1.33,-1.38,0.0000,0.0000,0.0000,0
1.006,-89,-27,-31,1474,1497,-1.33,-1.38,0.0000,0.0000,0.0000,0
1.025,-92,-28,-30,1473,1497,-1.33,-1.38,0.0000,0.0000,0.0000,0
1.042,-94,-29,-30,1472,1497,-1.33,-1.38,0.0000,0.0000,0.0000,0
1.059,-96,-29,-30,1472,1497,-1.33,-1.38,0.0000,0.0000,0.0000,0
1.077,-99,-30,-31,1471,1497,-1.33,-1.38,0.0000,0.0000,0.0000,0
1.094,-100,-30,-32,1470,1497,-1.33,-1.38,0.0000,0.0000,0.0000,0
1.112,-101,-30,-31,1470,1497,-1.33,-1.38,0.0000,0.0000,0.0000,0
1.129,-102,-30,-30,1470,1497,-1.33,-1.38,0.0000,0.0000,0.0000,0
1.146,-103,-30,-30,1470,1497,-1.33,-1.38,0.0000,0.0000,0.0000,0
1.164,-103,-29,-30,1470,1497,-1.33,-1.38,0.0000,0.0000,0.0000,0
1.181,-103,-29,-30,1470,1497,-1.07,-1.56,0.0000,0.0000,0.0000,0
1.199,-103,-29,-30,1470,1497,-1.07,-1.56,0.0000,0.0000,0.0000,0
1.217,-102,-28,-31,1470,1497,-1.07,-1.56,0.0000,0.0000,0.0000,0
1.235,-102,-27,-32,1470,1497,-1.07,-1.56,0.0000,0.0000,0.0000,0
1.252,-101,-26,-32,1470,1497,-1.07,-1.56,0.0000,0.0000,0.0000,0
1.270,-101,-25,-31,1470,1497,-1.07,-1.56,0.0000,0.0000,0.0000,0
1.288,-100,-24,-31,1470,1497,-1.07,-1.56,0.0000,0.0000,0.0000,0
1.306,-99,-24,-30,1471,1497,-1.07,-1.56,0.0000,0.0000,0.0000,0
1.324,-99,-23,-30,1471,1497,-1.07,-1.56,0.0000,0.0000,0.0000,0
1.341,-97,-23,-30,1471,1497,-1.07,-1.56,0.0000,0.0000,0.0000,0
1.359,-97,-23,-30,1471,1497,-1.07,-1.56,0.0000,0.0000,0.0000,0
1.378,-96,-23,-32,1472,1497,-1.07,-1.56,0.0000,0.0000,0.0000,0
1.395,-96,-23,-32,1472,1497,-1.07,-1.56,0.0000,0.0000,0.0000,0
1.414,-96,-23,-31,1472,1497,-1.07,-1.56,0.0000,0.0000,0.0000,0
1.431,-95,-23,-30,1472,1497,-0.70,-1.19,0.0000,0.0000,0.0000,0
1.453,-95,-23,-31,1472,1497,-0.70,-1.19,0.0000,0.0000,0.0000,0
1.471,-95,-23,-32,1472,1497,-0.70,-1.19,0.0000,0.0000,0.0000,0
1.491,-95,-23,-31,1472,1497,-0.70,-1.19,0.0000,0.0000,0.0000,0
1.509,-95,-23,-31,1472,1497,-0.70,-1.19,0.0000,0.0000,0.0000,0
1.526,-94,-23,-31,1472,1497,-0.70,-1.19,0.0000,0.0000,0.0000,0
1.544,-93,-24,-32,1473,1497,-0.70,-1.19,0.0000,0.0000,0.0000,0
1.561,-92,-24,-31,1473,1497,-0.70,-1.19,0.0000,0.0000,0.0000,0
1.579,-90,-25,-31,1473,1497,-0.70,-1.19,0.0000,0.0000,0.0000,0
1.596,-89,-25,-31,1474,1497,-0.70,-1.19,0.0000,0.0000,0.0000,0
1.613,-87,-26,-31,1474,1497,-0.70,-1.19,0.0000,0.0000,0.0000,0
1.630,-87,-26,-31,1474,1497,-0.70,-1.19,0.0000,0.0000,0.0000,0
1.649,-83,-25,-32,1476,1497,-0.70,-1.19,0.0000,0.0000,0.0000,0
1.667,-82,-25,-31,1476,1497,-0.70,-1.19,0.0000,0.0000,0.0000,0
1.684,-80,-24,-31,1476,1497,-0.88,-1.23,0.0000,0.0000,0.0000,0
1.702,-80,-24,-31,1476,1497,-0.88,-1.23,0.0000,0.0000,0.0000,0
1.720,-78,-24,-32,1477,1497,-0.88,-1.23,0.0000,0.0000,0.0000,0
1.738,-76,-23,-32,1478,1497,-0.88,-1.23,0.0000,0.0000,0.0000,0
1.756,-72,-20,-32,1479,1497,-0.88,-1.23,0.0000,0.0000,0.0000,0
1.774,-70,-19,-32,1479,1497,-0.88,-1.23,0.0000,0.0000,0.0000,0
1.793,-67,-18,-32,1480,1497,-0.88,-1.23,0.0000,0.0000,0.0000,0
1.812,-66,-19,-32,1481,1497,-0.88,-1.23,0.0000,0.0000,0.0000,0
1.830,-66,-20,-32,1481,1497,-0.88,-1.23,0.0000,0.0000,0.0000,0
1.848,-65,-21,-32,1481,1497,-0.88,-1.23,0.0000,0.0000,0.0000,0
1.866,-65,-23,-32,1481,1497,-0.88,-1.23,0.0000,0.0000,0.0000,0
1.884,-64,-23,-32,1481,1497,-0.88,-1.23,0.0000,0.0000,0.0000,0
1.902,-64,-24,-32,1481,1497,-0.88,-1.23,0.0000,0.0000,0.0000,0
1.919,-63,-24,-33,1482,1497,-0.80,-1.27,0.0000,0.0000,0.0000,0
1.937,-62,-25,-32,1482,1497,-0.80,-1.27,0.0000,0.0000,0.0000,0
1.954,-62,-25,-32,1482,1497,-0.80,-1.27,0.0000,0.0000,0.0000,0
1.971,-61,-28,-32,1482,1497,-0.80,-1.27,0.0000,0.0000,0.0000,0
1.988,-61,-30,-33,1482,1497,-0.80,-1.27,0.0000,0.0000,0.0000,0
2.005,-61,-31,-32,1482,1497,-0.80,-1.27,0.0000,0.0000,0.0000,0
2.023,-61,-31,-33,1482,1497,-0.80,-1.27,0.0000,0.0000,0.0000,0
2.040,-61,-30,-33,1482,1497,-0.80,-1.27,0.0000,0.0000,0.0000,0
2.059,-61,-31,-33,1482,1497,-0.80,-1.27,0.0000,0.0000,0.0000,0
2.076,-61,-31,-33,1482,1497,-0.80,-1.27,0.0000,0.0000,0.0000,0
2.095,-61,-33,-33,1482,1497,-0.80,-1.27,0.0000,0.0000,0.0000,0
2.112,-61,-34,-33,1482,1497,-0.80,-1.27,0.0000,0.0000,0.0000,0
2.129,-62,-35,-33,1482,1497,-0.80,-1.27,0.0000,0.0000,0.0000,0
2.148,-61,-36,-33,1482,1497,-0.80,-1.27,0.0000,0.0000,0.0000,0
2.166,-62,-36,-33,1482,1497,-0.84,-2.35,0.0000,0.0000,0.0000,0
2.185,-62,-37,-34,1482,1497,-0.84,-2.35,0.0000,0.0000,0.0000,0
2.202,-62,-36,-33,1482,1497,-0.84,-2.35,0.0000,0.0000,0.0000,0
2.220,-62,-36,-33,1482,1497,-0.84,-2.35,0.0000,0.0000,0.0000,0
2.239,-62,-35,-34,1482,1497,-0.84,-2.35,0.0000,0.0000,0.0000,0
2.257,-63,-35,-34,1482,1497,-0.84,-2.35,0.0000,0.0000,0.0000,0
2.275,-63,-37,-33,1482,1497,-0.84,-2.35,0.0000,0.0000,0.0000,0
2.293,-64,-37,-33,1481,1497,-0.84,-2.35,0.0000,0.0000,0.0000,0
2.311,-64,-39,-34,1481,1497,-0.84,-2.35,0.0000,0.0000,0.0000,0
2.328,-65,-39,-34,1481,1497,-0.84,-2.35,0.0000,0.0000,0.0000,0
2.346,-65,-40,-33,1481,1497,-0.84,-2.35,0.0000,0.0000,0.0000,0
2.363,-65,-40,-34,1481,1497,-0.84,-2.35,0.0000,0.0000,0.0000,0
2.382,-65,-41,-34,1481,1497,-0.84,-2.35,0.0000,0.0000,0.0000,0
2.400,-66,-41,-34,1481,1497,-0.84,-2.35,0.0000,0.0000,0.0000,0
2.417,-66,-41,-34,1481,1497,-0.79,-2.80,0.0000,0.0000,0.0000,0
2.439,-67,-41,-34,1480,1497,-0.79,-2.80,0.0000,0.0000,0.0000,0
2.456,-68,-41,-34,1480,1497,-0.79,-2.80,0.0000,0.0000,0.0000,0
2.474,-69,-41,-34,1480,1497,-0.79,-2.80,0.0000,0.0000,0.0000,0
2.491,-70,-40,-34,1479,1497,-0.79,-2.80,0.0000,0.0000,0.0000,0
2.509,-71,-40,-34,1479,1497,-0.79,-2.80,0.0000,0.0000,0.0000,0
2.526,-72,-40,-34,1479,1497,-0.79,-2.80,0.0000,0.0000,0.0000,0
2.544,-74,-39,-33,1478,1497,-0.79,-2.80,0.0000,0.0000,0.0000,0
2.561,-74,-39,-33,1478,1497,-0.79,-2.80,0.0000,0.0000,0.0000,0
2.579,-75,-38,-33,1478,1497,-0.79,-2.80,0.0000,0.0000,0.0000,0
2.596,-76,-37,-34,1478,1497,-0.79,-2.80,0.0000,0.0000,0.0000,0
2.614,-77,-36,-35,1477,1497,-0.79,-2.80,0.0000,0.0000,0.0000,0
2.633,-78,-35,-35,1477,1497,-0.79,-2.80,0.0000,0.0000,0.0000,0
2.650,-79,-33,-35,1477,1497,-0.79,-2.80,0.0000,0.0000,0.0000,0
2.667,-79,-32,-34,1477,1497,-0.59,-2.18,0.0000,0.0000,0.0000,0
2.686,-79,-31,-34,1477,1497,-0.59,-2.18,0.0000,0.0000,0.0000,0
2.704,-79,-29,-33,1477,1497,-0.59,-2.18,0.0000,0.0000,0.0000,0
2.722,-79,-28,-33,1477,1497,-0.59,-2.18,0.0000,0.0000,0.0000,0
2.739,-78,-27,-33,1477,1497,-0.59,-2.18,0.0000,0.0000,0.0000,0
2.757,-77,-26,-33,1477,1497,-0.59,-2.18,0.0000,0.0000,0.0000,0
2.774,-76,-25,-33,1478,1497,-0.59,-2.18,0.0000,0.0000,0.0000,0
2.792,-75,-24,-34,1478,1497,-0.59,-2.18,0.0000,0.0000,0.0000,0
2.810,-75,-23,-34,1478,1497,-0.59,-2.18,0.0000,0.0000,0.0000,0
2.827,-75,-22,-34,1478,1497,-0.59,-2.18,0.0000,0.0000,0.0000,0
2.845,-74,-22,-33,1478,1497,-0.59,-2.18,0.0000,0.0000,0.0000,0
2.862,-74,-22,-33,1478,1497,-0.59,-2.18,0.0000,0.0000,0.0000,0
2.879,-73,-22,-33,1479,1497,-0.59,-2.18,0.0000,0.0000,0.0000,0
2.897,-73,-21,-33,1479,1497,-0.59,-2.18,0.0000,0.0000,0.0000,0
2.913,-73,-21,-33,1479,1497,-0.52,-1.87,0.0000,0.0000,0.0000,0
2.931,-73,-21,-33,1479,1497,-0.52,-1.87,0.0000,0.0000,0.0000,0
2.949,-72,-21,-34,1479,1497,-0.52,-1.87,0.0000,0.0000,0.0000,0
2.966,-72,-21,-34,1479,1497,-0.52,-1.87,0.0000,0.0000,0.0000,0
2.987,-72,-22,-34,1479,1497,-0.52,-1.87,0.0000,0.0000,0.0000,0
3.006,-71,-22,-34,1479,1497,-0.52,-1.87,0.0000,0.0000,0.0000,0
3.023,-70,-22,-33,1479,1497,-0.52,-1.87,0.0000,0.0000,0.0000,0
3.040,-69,-22,-33,1480,1497,-0.52,-1.87,0.0000,0.0000,0.0000,0
3.060,-68,-21,-33,1480,1497,-0.52,-1.87,0.0000,0.0000,0.0000,0
3.077,-66,-21,-33,1481,1497,-0.52,-1.87,0.0000,0.0000,0.0000,0
3.095,-65,-20,-33,1481,1497,-0.52,-1.87,0.0000,0.0000,0.0000,0
3.112,-62,-20,-34,1482,1497,-0.52,-1.87,0.0000,0.0000,0.0000,0
3.130,-61,-21,-34,1482,1497,-0.52,-1.87,0.0000,0.0000,0.0000,0
3.148,-60,-22,-35,1482,1497,-0.52,-1.87,0.0000,0.0000,0.0000,0
3.165,-58,-22,-35,1483,1497,-0.52,-1.87,0.0000,0.0000,0.0000,0
3.182,-57,-23,-34,1483,1497,-0.98,-1.90,0.0000,0.0000,0.0000,0
3.200,-55,-23,-33,1484,1497,-0.98,-1.90,0.0000,0.0000,0.0000,0
3.217,-54,-24,-33,1484,1497,-0.98,-1.90,0.0000,0.0000,0.0000,0
3.234,-53,-24,-33,1485,1497,-0.98,-1.90,0.0000,0.0000,0.0000,0
3.252,-51,-24,-33,1485,1497,-0.98,-1.90,0.0000,0.0000,0.0000,0
3.270,-48,-24,-33,1491,1497,-0.98,-1.90,0.0000,0.0000,0.0000,0
3.291,-48,-24,-33,1491,1497,-0.98,-1.90,0.0000,0.0000,0.0000,0
3.309,-46,-23,-33,1491,1497,-0.98,-1.90,0.0000,0.0000,0.0000,0
3.328,-45,-22,-33,1491,1497,-0.98,-1.90,0.0000,0.0000,0.0000,0
3.345,-44,-22,-34,1492,1497,-0.98,-1.90,0.0000,0.0000,0.0000,0
3.363,-43,-23,-34,1492,1497,-0.98,-1.90,0.0000,0.0000,0.0000,0
3.380,-42,-24,-34,1492,1497,-0.98,-1.90,0.0000,0.0000,0.0000,0
3.397,-41,-25,-34,1492,1497,-0.98,-1.90,0.0000,0.0000,0.0000,0
3.416,-39,-26,-33,1493,1497,-0.85,-1.71,0.0000,0.0000,0.0000,0
3.433,-38,-27,-33,1493,1497,-0.85,-1.71,0.0000,0.0000,0.0000,0
3.450,-37,-27,-34,1493,1497,-0.85,-1.71,0.0000,0.0000,0.0000,0
3.467,-36,-28,-34,1493,1497,-0.85,-1.71,0.0000,0.0000,0.0000,0
3.484,-34,-28,-33,1494,1497,-0.85,-1.71,0.0000,0.0000,0.0000,0
3.502,-33,-28,-34,1494,1497,-0.85,-1.71,0.0000,0.0000,0.0000,0
3.525,-32,-28,-34,1494,1497,-0.85,-1.71,0.0000,0.0000,0.0000,0
3.543,-29,-27,-34,1495,1497,-0.85,-1.71,0.0000,0.0000,0.0000,0
3.562,-28,-26,-35,1495,1497,-0.85,-1.71,0.0000,0.0000,0.0000,0
3.580,-27,-26,-34,1495,1497,-0.85,-1.71,0.0000,0.0000,0.0000,0
3.597,-25,-26,-34,1495,1497,-0.85,-1.71,0.0000,0.0000,0.0000,0
3.616,-24,-26,-34,1496,1497,-0.85,-1.71,0.0000,0.0000,0.0000,0
3.633,-23,-26,-33,1496,1497,-0.85,-1.71,0.0000,0.0000,0.0000,0
3.650,-22,-27,-34,1496,1497,-0.85,-1.71,0.0000,0.0000,0.0000,0
3.667,-21,-26,-34,1496,1497,-0.28,-1.72,0.0000,0.0000,0.0000,0
3.684,-20,-27,-34,1496,1497,-0.28,-1.72,0.0000,0.0000,0.0000,0
3.701,-19,-28,-34,1497,1497,-0.28,-1.72,0.0000,0.0000,0.0000,0
3.719,-18,-29,-35,1497,1497,-0.28,-1.72,0.0000,0.0000,0.0000,0
3.737,0,0,0,1500,1500,-0.28,-1.72,0.0000,0.0000,0.0000,0
3.756,-16,-31,-35,1497,1497,-0.28,-1.72,0.0000,0.0000,0.0000,0
3.774,-15,-30,-35,1497,1497,-0.28,-1.72,0.0000,0.0000,0.0000,0
3.793,-13,-31,-33,1498,1497,-0.28,-1.72,0.0000,0.0000,0.0000,0
3.811,-12,-33,-34,1498,1497,-0.28,-1.72,0.0000,0.0000,0.0000,0
3.828,-10,-35,-33,1498,1497,-0.28,-1.72,0.0000,0.0000,0.0000,0
3.846,-10,-36,-33,1498,1497,-0.28,-1.72,0.0000,0.0000,0.0000,0
3.863,-9,-36,-33,1499,1497,-0.28,-1.72,0.0000,0.0000,0.0000,0
3.880,-8,-37,-33,1499,1497,-0.28,-1.72,0.0000,0.0000,0.0000,0
3.898,-8,-38,-33,1499,1497,-0.28,-1.72,0.0000,0.0000,0.0000,0
3.916,-7,-38,-34,1499,1497,-0.59,-2.31,0.0000,0.0000,0.0000,0
3.933,-8,-38,-34,1499,1497,-0.59,-2.31,0.0000,0.0000,0.0000,0
3.950,-8,-36,-33,1499,1497,-0.59,-2.31,0.0000,0.0000,0.0000,0
3.967,-9,-35,-32,1499,1497,-0.59,-2.31,0.0000,0.0000,0.0000,0
3.985,-9,-36,-33,1499,1497,-0.59,-2.31,0.0000,0.0000,0.0000,0
4.002,-9,-37,-33,1499,1497,-0.59,-2.31,0.0000,0.0000,0.0000,0
4.020,-10,-36,-33,1498,1497,-0.59,-2.31,0.0000,0.0000,0.0000,0
4.037,-10,-35,-33,1498,1497,-0.59,-2.31,0.0000,0.0000,0.0000,0
4.055,-10,-34,-32,1498,1497,-0.59,-2.31,0.0000,0.0000,0.0000,0
4.073,-10,-35,-32,1498,1497,-0.59,-2.31,0.0000,0.0000,0.0000,0
4.091,-9,-34,-33,1499,1497,-0.59,-2.31,0.0000,0.0000,0.0000,0
4.109,-9,-33,-32,1499,1497,-0.59,-2.31,0.0000,0.0000,0.0000,0
4.126,-9,-32,-32,1499,1497,-0.59,-2.31,0.0000,0.0000,0.0000,0
4.143,-9,-32,-32,1499,1497,-0.59,-2.31,0.0000,0.0000,0.0000,0
4.160,-9,-32,-32,1499,1497,-0.52,-1.85,0.0000,0.0000,0.0000,0
4.178,-9,-32,-33,1499,1497,-0.52,-1.85,0.0000,0.0000,0.0000,0
4.196,-9,-32,-33,1499,1497,-0.52,-1.85,0.0000,0.0000,0.0000,0
4.214,-9,-33,-32,1499,1497,-0.52,-1.85,0.0000,0.0000,0.0000,0
4.231,-9,-33,-32,1499,1497,-0.52,-1.85,0.0000,0.0000,0.0000,0
4.249,-9,-34,-32,1499,1497,-0.52,-1.85,0.0000,0.0000,0.0000,0
4.266,-8,-34,-32,1499,1497,-0.52,-1.85,0.0000,0.0000,0.0000,0
4.284,-8,-35,-32,1499,1497,-0.52,-1.85,0.0000,0.0000,0.0000,0
4.302,-8,-36,-31,1499,1497,-0.52,-1.85,0.0000,0.0000,0.0000,0
4.319,-8,-36,-32,1499,1497,-0.52,-1.85,0.0000,0.0000,0.0000,0
4.336,-7,-37,-32,1499,1497,-0.52,-1.85,0.0000,0.0000,0.0000,0
4.354,-7,-36,-31,1499,1497,-0.52,-1.85,0.0000,0.0000,0.0000,0
4.371,-6,-36,-31,1499,1497,-0.52,-1.85,0.0000,0.0000,0.0000,0
4.389,-6,-35,-31,1499,1497,-0.52,-1.85,0.0000,0.0000,0.0000,0
4.408,-5,-35,-31,1499,1497,-0.52,-1.85,0.0000,0.0000,0.0000,0
4.428,-5,-34,-31,1499,1497,-0.52,-1.85,0.0000,0.0000,0.0000,0
4.445,-5,-34,-31,1499,1497,-0.52,-1.85,0.0000,0.0000,0.0000,0
4.464,-4,-33,-31,1500,1497,-0.52,-1.85,0.0000,0.0000,0.0000,0
4.482,-4,-32,-31,1500,1497,-0.52,-1.85,0.0000,0.0000,0.0000,0
4.502,-3,-31,-32,1500,1497,-0.52,-1.85,0.0000,0.0000,0.0000,0
4.519,-3,-30,-31,1500,1497,-0.52,-1.85,0.0000,0.0000,0.0000,0
4.536,-2,-29,-30,1500,1497,-0.52,-1.85,0.0000,0.0000,0.0000,1
4.554,-2,-28,-30,1500,1497,-0.52,-1.85,0.0000,0.0000,0.0000,1
4.571,-2,-28,-30,1500,1497,-0.52,-1.85,0.0000,0.0000,0.0000,1
4.590,-1,-27,-30,1500,1497,-0.52,-1.85,0.0000,0.0000,0.0000,1
4.608,0,-27,-30,1500,1497,-0.52,-1.85,0.0000,0.0000,0.0000,1
4.626,1,-27,-30,1500,1497,-0.52,-1.85,0.0000,0.0000,0.0000,1
4.644,2,-27,-30,1500,1497,-0.52,-1.85,0.0000,0.0000,0.0000,1
4.662,3,-26,-30,1500,1497,0.06,-1.35,0.0000,0.0000,0.0000,1
4.680,4,-26,-30,1500,1497,0.06,-1.35,0.0000,0.0000,0.0000,1
4.698,5,-26,-30,1501,1497,0.06,-1.35,0.0000,0.0000,0.0000,1
4.716,7,-26,-30,1501,1497,0.06,-1.35,0.0000,0.0000,0.0000,1
4.737,9,-25,-30,1501,1497,0.06,-1.35,0.0000,0.0000,0.0000,1
4.754,11,-24,-30,1502,1497,0.06,-1.35,0.0000,0.0000,0.0000,1
4.772,13,-24,-30,1502,1497,0.06,-1.35,0.0000,0.0000,0.0000,1
4.791,15,-24,-30,1503,1497,0.06,-1.35,0.0000,0.0000,0.0000,1
4.808,16,-24,-30,1503,1497,0.06,-1.35,0.0000,0.0000,0.0000,1
4.827,19,-25,-29,1503,1498,0.06,-1.35,0.0000,0.0000,0.0000,1
4.844,20,-26,-29,1504,1498,0.06,-1.35,0.0000,0.0000,0.0000,1
4.862,21,-26,-29,1504,1498,0.06,-1.35,0.0000,0.0000,0.0000,1
4.879,22,-25,-30,1504,1497,0.06,-1.35,0.0000,0.0000,0.0000,1
4.897,24,-26,-30,1504,1497,0.06,-1.35,0.0000,0.0000,0.0000,1
4.915,25,-26,-30,1505,1497,-0.26,-1.28,0.0000,0.0000,0.0000,1
4.932,26,-27,-30,1505,1497,-0.26,-1.28,0.0000,0.0000,0.0000,1
4.949,27,-28,-30,1505,1497,-0.26,-1.28,0.0000,0.0000,0.0000,1
4.966,29,-28,-30,1505,1497,-0.26,-1.28,0.0000,0.0000,0.0000,1
4.984,30,-28,-30,1506,1497,-0.26,-1.28,0.0000,0.0000,0.0000,1
5.002,31,-29,-30,1506,1497,-0.26,-1.28,0.0000,0.0000,0.0000,1
5.020,33,-30,-30,1506,1497,-0.26,-1.28,0.0000,0.0000,0.0000,1
5.038,34,-31,-30,1506,1497,-0.26,-1.28,0.0000,0.0000,0.0000,1
5.055,35,-32,-30,1507,1497,-0.26,-1.28,0.0000,0.0000,0.0000,1
5.072,36,-34,-30,1507,1497,-0.26,-1.28,0.0000,0.0000,0.0000,1
5.090,37,-35,-30,1507,1497,-0.26,-1.28,0.0000,0.0000,0.0000,1
5.107,39,-36,-30,1507,1497,-0.26,-1.28,0.0000,0.0000,0.0000,1
5.124,40,-36,-30,1508,1497,-0.26,-1.28,0.0000,0.0000,0.0000,1
5.142,40,-37,-30,1508,1497,-0.26,-1.28,0.0000,0.0000,0.0000,1
5.160,42,-37,-30,1508,1497,0.24,-1.70,0.0000,0.0000,0.0000,1
5.178,42,-38,-30,1508,1497,0.24,-1.70,0.0000,0.0000,0.0000,1
5.196,43,-39,-30,1508,1497,0.24,-1.70,0.0000,0.0000,0.0000,1
5.214,44,-40,-30,1508,1497,0.24,-1.70,0.0000,0.0000,0.0000,1
5.233,45,-40,-31,1509,1497,0.24,-1.70,0.0000,0.0000,0.0000,0
0.017,46,-41,-30,1509,1497,0.24,-1.70,0.0000,0.0000,0.0000,1
0.035,47,-42,-29,1509,1498,0.24,-1.70,0.0000,0.0000,0.0000,1
0.055,47,-43,-29,1509,1498,0.24,-1.70,0.0000,0.0000,0.0000,1
0.073,48,-43,-30,1509,1497,0.24,-1.70,0.0000,0.0000,0.0000,1
0.090,48,-45,-30,1509,1497,0.24,-1.70,0.0000,0.0000,0.0000,1
0.107,49,-45,-29,1509,1498,0.24,-1.70,0.0000,0.0000,0.0000,1
0.125,49,-45,-29,1509,1498,0.24,-1.70,0.0000,0.0000,0.0000,1
0.142,49,-46,-30,1509,1497,0.24,-1.70,0.0000,0.0000,0.0000,1
0.160,49,-46,-30,1509,1497,0.24,-1.70,0.0000,0.0000,0.0000,1
0.178,49,-47,-30,1509,1497,0.42,-2.15,0.0000,0.0000,0.0000,1
0.195,49,-47,-30,1509,1497,0.42,-2.15,0.0000,0.0000,0.0000,1
0.214,49,-47,-29,1509,1498,0.42,-2.15,0.0000,0.0000,0.0000,1
0.231,49,-47,-30,1509,1497,0.42,-2.15,0.0000,0.0000,0.0000,1
0.249,49,-46,-30,1509,1497,0.42,-2.15,0.0000,0.0000,0.0000,1
0.269,49,-45,-30,1509,1497,0.42,-2.15,0.0000,0.0000,0.0000,1
0.287,50,-44,-30,1510,1497,0.42,-2.15,0.0000,0.0000,0.0000,1
0.306,50,-43,-29,1510,1498,0.42,-2.15,0.0000,0.0000,0.0000,1
0.325,50,-42,-29,1510,1498,0.42,-2.15,0.0000,0.0000,0.0000,1
0.346,50,-41,-29,1510,1498,0.42,-2.15,0.0000,0.0000,0.0000,1
0.364,50,-41,-29,1510,1498,0.42,-2.15,0.0000,0.0000,0.0000,1
0.387,50,-40,-30,1510,1497,0.42,-2.15,0.0000,0.0000,0.0000,1
0.405,49,-40,-30,1509,1497,0.42,-2.15,0.0000,0.0000,0.0000,1
0.422,49,-40,-30,1509,1497,0.42,-2.15,0.0000,0.0000,0.0000,1
0.440,48,-42,-30,1509,1497,-0.09,-1.67,0.0000,0.0000,0.0000,1
0.459,48,-42,-30,1509,1497,-0.09,-1.67,0.0000,0.0000,0.0000,1
0.479,48,-42,-29,1509,1498,-0.09,-1.67,0.0000,0.0000,0.0000,1
0.496,48,-43,-29,1509,1498,-0.09,-1.67,0.0000,0.0000,0.0000,1
0.514,48,-44,-29,1509,1498,-0.09,-1.67,0.0000,0.0000,0.0000,1
0.531,48,-43,-29,1509,1498,-0.09,-1.67,0.0000,0.0000,0.0000,1
0.550,49,-43,-29,1509,1498,-0.09,-1.67,0.0000,0.0000,0.0000,1
0.567,49,-43,-29,1509,1498,-0.09,-1.67,0.0000,0.0000,0.0000,1
0.585,49,-43,-29,1509,1498,-0.09,-1.67,0.0000,0.0000,0.0000,1
0.602,49,-43,-29,1509,1498,-0.09,-1.67,0.0000,0.0000,0.0000,1
0.619,49,-42,-29,1509,1498,-0.09,-1.67,0.0000,0.0000,0.0000,1
0.637,49,-42,-29,1509,1498,-0.09,-1.67,0.0000,0.0000,0.0000,1
0.654,49,-42,-29,1509,1498,-0.09,-1.67,0.0000,0.0000,0.0000,1
0.671,49,-41,-29,1509,1498,-0.09,-1.67,0.0000,0.0000,0.0000,1
0.688,49,-40,-29,1509,1498,-0.16,-1.52,0.0000,0.0000,0.0000,1
0.705,50,-39,-29,1510,1498,-0.16,-1.52,0.0000,0.0000,0.0000,1
0.723,50,-39,-30,1510,1497,-0.16,-1.52,0.0000,0.0000,0.0000,1
0.740,50,-38,-30,1510,1497,-0.16,-1.52,0.0000,0.0000,0.0000,1
0.757,50,-38,-30,1510,1497,-0.16,-1.52,0.0000,0.0000,0.0000,1
0.775,50,-37,-30,1510,1497,-0.16,-1.52,0.0000,0.0000,0.0000,1
0.793,50,-36,-29,1510,1498,-0.16,-1.52,0.0000,0.0000,0.0000,1
0.811,50,-36,-29,1510,1498,-0.16,-1.52,0.0000,0.0000,0.0000,1
0.829,50,-35,-29,1510,1498,-0.16,-1.52,0.0000,0.0000,0.0000,1
0.847,50,-35,-30,1510,1497,-0.16,-1.52,0.0000,0.0000,0.0000,1
0.864,50,-34,-30,1510,1497,-0.16,-1.52,0.0000,0.0000,0.0000,1
0.882,51,-33,-30,1515,1497,-0.16,-1.52,0.0000,0.0000,0.0000,1
0.899,51,-32,-30,1515,1497,-0.16,-1.52,0.0000,0.0000,0.0000,1
0.917,52,-32,-29,1515,1498,-0.16,-1.52,0.0000,0.0000,0.0000,1
0.934,52,-31,-29,1515,1498,-0.15,-1.17,0.0000,0.0000,0.0000,1
0.953,53,-31,-29,1515,1498,-0.15,-1.17,0.0000,0.0000,0.0000,1
0.971,53,-31,-29,1515,1498,-0.15,-1.17,0.0000,0.0000,0.0000,1
0.988,53,-32,-29,1515,1498,-0.15,-1.17,0.0000,0.0000,0.0000,1
1.006,54,-33,-29,1516,1498,-0.15,-1.17,0.0000,0.0000,0.0000,1
1.024,55,-36,-30,1516,1497,-0.15,-1.17,0.0000,0.0000,0.0000,1
1.041,54,-37,-30,1516,1497,-0.15,-1.17,0.0000,0.0000,0.0000,1
1.058,54,-37,-30,1516,1497,-0.15,-1.17,0.0000,0.0000,0.0000,1
1.076,55,-38,-31,1516,1497,-0.15,-1.17,0.0000,0.0000,0.0000,0
0.017,55,-39,-31,1516,1497,-0.15,-1.17,0.0000,0.0000,0.0000,0
0.035,55,-40,-30,1516,1497,-0.15,-1.17,0.0000,0.0000,0.0000,1
0.053,55,-40,-30,1516,1497,-0.15,-1.17,0.0000,0.0000,0.0000,1
0.073,54,-41,-30,1516,1497,-0.15,-1.17,0.0000,0.0000,0.0000,1
0.091,54,-42,-30,1516,1497,-0.15,-1.17,0.0000,0.0000,0.0000,1
0.110,55,-42,-31,1516,1497,1.15,-1.83,0.0000,0.0000,0.0000,0
0.018,55,-42,-30,1516,1497,1.15,-1.83,0.0000,0.0000,0.0000,1
0.035,55,-43,-30,1516,1497,1.15,-1.83,0.0000,0.0000,0.0000,1
0.052,55,-44,-29,1516,1498,1.15,-1.83,0.0000,0.0000,0.0000,1
0.069,55,-44,-28,1516,1498,1.15,-1.83,0.0000,0.0000,0.0000,1
0.087,56,-45,-28,1516,1498,1.15,-1.83,0.0000,0.0000,0.0000,1
0.105,56,-46,-28,1516,1498,1.15,-1.83,0.0000,0.0000,0.0000,1
0.122,56,-46,-28,1516,1498,1.15,-1.83,0.0000,0.0000,0.0000,1
0.139,57,-45,-27,1517,1498,1.15,-1.83,0.0000,0.0000,0.0000,1
0.156,57,-44,-27,1517,1498,1.15,-1.83,0.0000,0.0000,0.0000,1
0.173,57,-44,-27,1517,1498,1.15,-1.83,0.0000,0.0000,0.0000,1
0.191,58,-43,-27,1517,1498,1.15,-1.83,0.0000,0.0000,0.0000,1
0.208,58,-42,-28,1517,1498,1.15,-1.83,0.0000,0.0000,0.0000,1
0.225,57,-41,-27,1517,1498,1.15,-1.83,0.0000,0.0000,0.0000,1
0.243,57,-40,-28,1517,1498,1.34,-1.69,0.0000,0.0000,0.0000,1
0.262,57,-39,-28,1517,1498,1.34,-1.69,0.0000,0.0000,0.0000,1
0.280,57,-38,-28,1517,1498,1.34,-1.69,0.0000,0.0000,0.0000,1
0.299,56,-37,-28,1516,1498,1.34,-1.69,0.0000,0.0000,0.0000,1
0.317,56,-36,-28,1516,1498,1.34,-1.69,0.0000,0.0000,0.0000,1
0.335,55,-35,-27,1516,1498,1.34,-1.69,0.0000,0.0000,0.0000,1
0.353,54,-34,-27,1516,1498,1.34,-1.69,0.0000,0.0000,0.0000,1
0.371,52,-33,-27,1515,1498,1.34,-1.69,0.0000,0.0000,0.0000,1
0.389,52,-32,-27,1515,1498,1.34,-1.69,0.0000,0.0000,0.0000,1
0.406,51,-32,-27,1515,1498,1.34,-1.69,0.0000,0.0000,0.0000,1
0.423,50,-32,-27,1510,1498,1.34,-1.69,0.0000,0.0000,0.0000,1
0.441,50,-32,-29,1510,1498,1.34,-1.69,0.0000,0.0000,0.0000,1
0.460,50,-32,-29,1510,1498,1.34,-1.69,0.0000,0.0000,0.0000,1
0.477,50,-32,-28,1510,1498,1.34,-1.69,0.0000,0.0000,0.0000,1
0.494,49,-32,-28,1509,1498,0.07,-1.45,0.0000,0.0000,0.0000,1
0.512,49,-32,-27,1509,1498,0.07,-1.45,0.0000,0.0000,0.0000,1
0.529,49,-32,-27,1509,1498,0.07,-1.45,0.0000,0.0000,0.0000,1
0.548,49,-33,-28,1509,1498,0.07,-1.45,0.0000,0.0000,0.0000,1
0.565,48,-33,-28,1509,1498,0.07,-1.45,0.0000,0.0000,0.0000,1
0.584,48,-34,-28,1509,1498,0.07,-1.45,0.0000,0.0000,0.0000,1
0.601,47,-36,-28,1509,1498,0.07,-1.45,0.0000,0.0000,0.0000,1
0.620,47,-36,-28,1509,1498,0.07,-1.45,0.0000,0.0000,0.0000,1
0.637,46,-37,-28,1509,1498,0.07,-1.45,0.0000,0.0000,0.0000,1
0.654,45,-38,-27,1509,1498,0.07,-1.45,0.0000,0.0000,0.0000,1
0.671,45,-38,-27,1509,1498,0.07,-1.45,0.0000,0.0000,0.0000,1
0.688,45,-39,-28,1509,1498,0.07,-1.45,0.0000,0.0000,0.0000,1
0.706,45,-39,-28,1509,1498,0.07,-1.45,0.0000,0.0000,0.0000,1
0.723,45,-39,-28,1509,1498,0.07,-1.45,0.0000,0.0000,0.0000,1
0.742,45,-39,-29,1509,1498,0.35,-1.92,0.0000,0.0000,0.0000,1
0.760,45,-39,-29,1509,1498,0.35,-1.92,0.0000,0.0000,0.0000,1
0.777,45,-38,-29,1509,1498,0.35,-1.92,0.0000,0.0000,0.0000,1
0.795,44,-39,-27,1508,1498,0.35,-1.92,0.0000,0.0000,0.0000,1
0.812,43,-38,-27,1508,1498,0.35,-1.92,0.0000,0.0000,0.0000,1
0.829,42,-38,-27,1508,1498,0.35,-1.92,0.0000,0.0000,0.0000,1
0.849,42,-38,-27,1508,1498,0.35,-1.92,0.0000,0.0000,0.0000,1
0.871,41,-37,-27,1508,1498,0.35,-1.92,0.0000,0.0000,0.0000,1
0.888,39,-37,-27,1507,1498,0.35,-1.92,0.0000,0.0000,0.0000,1
0.906,38,-38,-27,1507,1498,0.35,-1.92,0.0000,0.0000,0.0000,1
0.923,37,-38,-26,1507,1498,0.35,-1.92,0.0000,0.0000,0.0000,1
0.941,37,-38,-26,1507,1498,0.35,-1.92,0.0000,0.0000,0.0000,1
0.959,36,-37,-26,1507,1498,0.35,-1.92,0.0000,0.0000,0.0000,1
0.977,35,-37,-27,1507,1498,0.35,-1.92,0.0000,0.0000,0.0000,1
0.994,34,-37,-27,1506,1498,0.72,-1.78,0.0000,0.0000,0.0000,1
1.011,33,-38,-27,1506,1498,0.72,-1.78,0.0000,0.0000,0.0000,1
1.029,33,-38,-27,1506,1498,0.72,-1.78,0.0000,0.0000,0.0000,1
1.047,32,-38,-28,1506,1498,0.72,-1.78,0.0000,0.0000,0.0000,1
1.064,31,-38,-27,1506,1498,0.72,-1.78,0.0000,0.0000,0.0000,1
1.082,28,-39,-27,1505,1498,0.72,-1.78,0.0000,0.0000,0.0000,1
1.100,26,-39,-28,1505,1498,0.72,-1.78,0.0000,0.0000,0.0000,1
1.117,25,-38,-27,1505,1498,0.72,-1.78,0.0000,0.0000,0.0000,1
1.134,23,-39,-27,1504,1498,0.72,-1.78,0.0000,0.0000,0.0000,1
1.154,20,-39,-26,1504,1498,0.72,-1.78,0.0000,0.0000,0.0000,1
1.172,18,-39,-26,1503,1498,0.72,-1.78,0.0000,0.0000,0.0000,1
1.189,16,-40,-26,1503,1498,0.72,-1.78,0.0000,0.0000,0.0000,1
1.206,15,-40,-26,1503,1498,0.72,-1.78,0.0000,0.0000,0.0000,1
1.223,13,-41,-26,1502,1498,0.72,-1.78,0.0000,0.0000,0.0000,1
1.241,12,-41,-26,1502,1498,1.01,-1.85,0.0000,0.0000,0.0000,1
1.258,12,-41,-26,1502,1498,1.01,-1.85,0.0000,0.0000,0.0000,1
1.276,10,-42,-26,1502,1498,1.01,-1.85,0.0000,0.0000,0.0000,1
1.294,9,-42,-26,1501,1498,1.01,-1.85,0.0000,0.0000,0.0000,1
1.312,8,-43,-26,1501,1498,1.01,-1.85,0.0000,0.0000,0.0000,1
1.329,6,-43,-26,1501,1498,1.01,-1.85,0.0000,0.0000,0.0000,1
1.347,4,-44,-26,1500,1498,1.01,-1.85,0.0000,0.0000,0.0000,1
1.364,3,-44,-26,1500,1498,1.01,-1.85,0.0000,0.0000,0.0000,1
1.381,1,-44,-26,1500,1498,1.01,-1.85,0.0000,0.0000,0.0000,1
1.398,0,-45,-26,1500,1498,1.01,-1.85,0.0000,0.0000,0.0000,1
1.416,-2,-45,-26,1500,1498,1.01,-1.85,0.0000,0.0000,0.0000,1
1.433,-5,-45,-26,1499,1498,1.01,-1.85,0.0000,0.0000,0.0000,1
1.451,-6,-45,-25,1499,1498,1.01,-1.85,0.0000,0.0000,0.0000,1
1.468,-6,-45,-25,1499,1498,1.01,-1.85,0.0000,0.0000,0.0000,1
1.486,-8,-45,-25,1499,1498,1.01,-1.85,0.0000,0.0000,0.0000,1
1.507,-10,-45,-25,1498,1498,0.30,-1.95,0.0000,0.0000,0.0000,1
1.525,-11,-45,-25,1498,1498,0.30,-1.95,0.0000,0.0000,0.0000,1
1.545,-13,-45,-25,1498,1498,0.30,-1.95,0.0000,0.0000,0.0000,1
1.563,-13,-45,-25,1498,1498,0.30,-1.95,0.0000,0.0000,0.0000,1
1.580,-17,-45,-25,1497,1498,0.30,-1.95,0.0000,0.0000,0.0000,1
1.598,-19,-45,-25,1497,1498,0.30,-1.95,0.0000,0.0000,0.0000,1
1.616,-23,-45,-26,1496,1498,0.30,-1.95,0.0000,0.0000,0.0000,1
1.633,-24,-45,-26,1496,1498,0.30,-1.95,0.0000,0.0000,0.0000,1
1.651,-27,-44,-26,1495,1498,0.30,-1.95,0.0000,0.0000,0.0000,1
1.668,-27,-43,-27,1495,1498,0.30,-1.95,0.0000,0.0000,0.0000,1
1.685,-27,-42,-26,1495,1498,0.30,-1.95,0.0000,0.0000,0.0000,1
1.703,-28,-41,-25,1495,1498,0.30,-1.95,0.0000,0.0000,0.0000,1
1.720,-28,-41,-24,1495,1498,0.30,-1.95,0.0000,0.0000,0.0000,1
1.737,-28,-40,-24,1495,1498,-0.26,-1.53,0.0000,0.0000,0.0000,1
1.754,-28,-40,-24,1495,1498,-0.26,-1.53,0.0000,0.0000,0.0000,1
1.772,-28,-39,-24,1495,1498,-0.26,-1.53,0.0000,0.0000,0.0000,1
1.789,-29,-38,-24,1495,1498,-0.26,-1.53,0.0000,0.0000,0.0000,1
1.808,-29,-37,-25,1495,1498,-0.26,-1.53,0.0000,0.0000,0.0000,1
1.825,-28,-37,-25,1495,1498,-0.26,-1.53,0.0000,0.0000,0.0000,1
1.842,-28,-36,-24,1495,1498,-0.26,-1.53,0.0000,0.0000,0.0000,1
1.859,-26,-35,-25,1495,1498,-0.26,-1.53,0.0000,0.0000,0.0000,1
1.877,-25,-34,-24,1495,1498,-0.26,-1.53,0.0000,0.0000,0.0000,1
1.894,-25,-34,-24,1495,1498,-0.26,-1.53,0.0000,0.0000,0.0000,1
1.911,-25,-33,-24,1495,1498,-0.26,-1.53,0.0000,0.0000,0.0000,1
1.928,-24,-32,-24,1496,1498,-0.26,-1.53,0.0000,0.0000,0.0000,1
1.946,-25,-31,-24,1495,1498,-0.26,-1.53,0.0000,0.0000,0.0000,1
1.964,-25,-31,-24,1495,1498,-0.26,-1.53,0.0000,0.0000,0.0000,1
1.981,-25,-31,-24,1495,1498,-0.26,-1.53,0.0000,0.0000,0.0000,1
1.999,-25,-31,-24,1495,1498,-1.20,-0.83,0.0000,0.0000,0.0000,1
2.016,-26,-31,-24,1495,1498,-1.20,-0.83,0.0000,0.0000,0.0000,1
2.036,-26,-31,-24,1495,1498,-1.20,-0.83,0.0000,0.0000,0.0000,1
2.053,-27,-31,-24,1495,1498,-1.20,-0.83,0.0000,0.0000,0.0000,1
2.071,-27,-31,-24,1495,1498,-1.20,-0.83,0.0000,0.0000,0.0000,1
2.089,-28,-32,-24,1495,1498,-1.20,-0.83,0.0000,0.0000,0.0000,1
2.106,-28,-32,-24,1495,1498,-1.20,-0.83,0.0000,0.0000,0.0000,1
2.123,-28,-33,-24,1495,1498,-1.20,-0.83,0.0000,0.0000,0.0000,1
2.141,-28,-34,-24,1495,1498,-1.20,-0.83,0.0000,0.0000,0.0000,1
2.158,-28,-34,-24,1495,1498,-1.20,-0.83,0.0000,0.0000,0.0000,1
2.176,-28,-35,-24,1495,1498,-1.20,-0.83,0.0000,0.0000,0.0000,1
2.193,-27,-35,-24,1495,1498,-1.20,-0.83,0.0000,0.0000,0.0000,1
2.211,-26,-36,-24,1495,1498,-1.20,-0.83,0.0000,0.0000,0.0000,1
2.229,-26,-37,-24,1495,1498,-1.20,-0.83,0.0000,0.0000,0.0000,1
2.246,-25,-37,-24,1495,1498,-1.46,-1.09,0.0000,0.0000,0.0000,1
2.263,-25,-38,-25,1495,1498,-1.46,-1.09,0.0000,0.0000,0.0000,1
2.282,-24,-38,-25,1496,1498,-1.46,-1.09,0.0000,0.0000,0.0000,1
2.300,-23,-38,-24,1496,1498,-1.46,-1.09,0.0000,0.0000,0.0000,1
2.317,-23,-39,-23,1496,1498,-1.46,-1.09,0.0000,0.0000,0.0000,1
2.335,-22,-39,-23,1496,1498,-1.46,-1.09,0.0000,0.0000,0.0000,1
2.353,-21,-40,-24,1496,1498,-1.46,-1.09,0.0000,0.0000,0.0000,1
2.371,-21,-40,-25,1496,1498,-1.46,-1.09,0.0000,0.0000,0.0000,1
2.388,-21,-40,-26,1496,1498,-1.46,-1.09,0.0000,0.0000,0.0000,1
2.405,-21,-40,-24,1496,1498,-1.46,-1.09,0.0000,0.0000,0.0000,1
2.423,-21,-40,-24,1496,1498,-1.46,-1.09,0.0000,0.0000,0.0000,1
2.440,-21,-40,-23,1496,1498,-1.46,-1.09,0.0000,0.0000,0.0000,1
2.458,-20,-42,-23,1496,1498,-1.46,-1.09,0.0000,0.0000,0.0000,1
2.475,-21,-44,-24,1496,1498,-1.46,-1.09,0.0000,0.0000,0.0000,1
2.492,-20,-45,-24,1496,1498,-0.87,-0.97,0.0000,0.0000,0.0000,1
2.515,-21,-45,-24,1496,1498,-0.87,-0.97,0.0000,0.0000,0.0000,1
2.532,-20,-46,-23,1496,1498,-0.87,-0.97,0.0000,0.0000,0.0000,1
2.549,-21,-48,-23,1496,1498,-0.87,-0.97,0.0000,0.0000,0.0000,1
2.566,-20,-50,-23,1496,1498,-0.87,-0.97,0.0000,0.0000,0.0000,1
2.584,-20,-53,-24,1496,1498,-0.87,-0.97,0.0000,0.0000,0.0000,1
2.601,-19,-54,-24,1497,1498,-0.87,-0.97,0.0000,0.0000,0.0000,1
2.618,-19,-55,-23,1497,1498,-0.87,-0.97,0.0000,0.0000,0.0000,1
2.635,-18,-57,-24,1497,1498,-0.87,-0.97,0.0000,0.0000,0.0000,1
2.654,-19,-59,-23,1497,1498,-0.87,-0.97,0.0000,0.0000,0.0000,1
2.672,-18,-60,-25,1497,1498,-0.87,-0.97,0.0000,0.0000,0.0000,1
2.690,-18,-61,-25,1497,1498,-0.87,-0.97,0.0000,0.0000,0.0000,0
0.019,-17,-63,-24,1497,1498,-0.87,-0.97,0.0000,0.0000,0.0000,0
0.036,-17,-64,-24,1497,1498,-0.87,-0.97,0.0000,0.0000,0.0000,0
0.054,-17,-65,-24,1497,1498,-0.34,-1.84,0.0000,0.0000,0.0000,0
0.072,-17,-65,-24,1497,1498,-0.34,-1.84,0.0000,0.0000,0.0000,0
0.089,-17,-66,-24,1497,1498,-0.34,-1.84,0.0000,0.0000,0.0000,0
0.107,-16,-67,-24,1497,1498,-0.34,-1.84,0.0000,0.0000,0.0000,0
0.124,-16,-68,-23,1497,1498,-0.34,-1.84,0.0000,0.0000,0.0000,0
0.142,-17,-68,-23,1497,1498,-0.34,-1.84,0.0000,0.0000,0.0000,0
0.160,-17,-68,-24,1497,1498,-0.34,-1.84,0.0000,0.0000,0.0000,0
0.177,-18,-68,-23,1497,1498,-0.34,-1.84,0.0000,0.0000,0.0000,0
0.196,-18,-68,-23,1497,1498,-0.34,-1.84,0.0000,0.0000,0.0000,0
0.214,-19,-68,-23,1497,1498,-0.34,-1.84,0.0000,0.0000,0.0000,0
0.233,-19,-68,-23,1497,1498,-0.34,-1.84,0.0000,0.0000,0.0000,0
0.252,-20,-68,-23,1496,1498,-0.34,-1.84,0.0000,0.0000,0.0000,0
0.269,-21,-68,-24,1496,1498,-0.34,-1.84,0.0000,0.0000,0.0000,0
0.287,-21,-69,-23,1496,1498,-0.34,-1.84,0.0000,0.0000,0.0000,0
0.304,-22,-69,-23,1496,1498,-0.21,-1.93,0.0000,0.0000,0.0000,0
0.321,-23,-70,-22,1496,1498,-0.21,-1.93,0.0000,0.0000,0.0000,0
0.340,-24,-70,-23,1496,1498,-0.21,-1.93,0.0000,0.0000,0.0000,0
0.357,-25,-70,-22,1495,1498,-0.21,-1.93,0.0000,0.0000,0.0000,0
0.375,-26,-70,-22,1495,1498,-0.21,-1.93,0.0000,0.0000,0.0000,0
0.392,-28,-69,-23,1495,1498,-0.21,-1.93,0.0000,0.0000,0.0000,0
0.410,-29,-69,-23,1495,1498,-0.21,-1.93,0.0000,0.0000,0.0000,0
0.427,-30,-69,-23,1494,1498,-0.21,-1.93,0.0000,0.0000,0.0000,0
0.445,-30,-69,-22,1494,1498,-0.21,-1.93,0.0000,0.0000,0.0000,0
0.462,-30,-69,-22,1494,1498,-0.21,-1.93,0.0000,0.0000,0.0000,0
0.481,-32,-69,-22,1494,1498,-0.21,-1.93,0.0000,0.0000,0.0000,0
0.499,-33,-69,-22,1494,1498,-0.21,-1.93,0.0000,0.0000,0.0000,0
0.516,-34,-69,-22,1494,1498,-0.21,-1.93,0.0000,0.0000,0.0000,0
0.536,-34,-69,-21,1494,1498,-0.21,-1.93,0.0000,0.0000,0.0000,0
0.554,-34,-69,-22,1494,1498,-0.32,-1.74,0.0000,0.0000,0.0000,0
0.572,-35,-68,-21,1493,1498,-0.32,-1.74,0.0000,0.0000,0.0000,0
0.589,-34,-67,-21,1494,1498,-0.32,-1.74,0.0000,0.0000,0.0000,0
0.607,-34,-66,-21,1494,1498,-0.32,-1.74,0.0000,0.0000,0.0000,0
0.625,-33,-66,-20,1494,1498,-0.32,-1.74,0.0000,0.0000,0.0000,0
0.643,-32,-64,-20,1494,1498,-0.32,-1.74,0.0000,0.0000,0.0000,0
0.661,-32,-63,-20,1494,1498,-0.32,-1.74,0.0000,0.0000,0.0000,0
0.678,-32,-62,-20,1494,1498,-0.32,-1.74,0.0000,0.0000,0.0000,0
0.696,-32,-62,-20,1494,1498,-0.32,-1.74,0.0000,0.0000,0.0000,0
0.714,-33,-62,-20,1494,1498,-0.32,-1.74,0.0000,0.0000,0.0000,0
0.732,-33,-62,-19,1494,1499,-0.32,-1.74,0.0000,0.0000,0.0000,0
0.751,-34,-62,-19,1494,1499,-0.32,-1.74,0.0000,0.0000,0.0000,0
0.770,-35,-62,-19,1493,1499,-0.32,-1.74,0.0000,0.0000,0.0000,0
0.787,-35,-62,-19,1493,1499,-0.32,-1.74,0.0000,0.0000,0.0000,0
0.808,-36,-61,-18,1493,1499,0.04,-1.26,0.0000,0.0000,0.0000,0
0.826,-36,-61,-18,1493,1499,0.04,-1.26,0.0000,0.0000,0.0000,0
0.843,-36,-61,-19,1493,1499,0.04,-1.26,0.0000,0.0000,0.0000,0
0.860,-36,-60,-19,1493,1499,0.04,-1.26,0.0000,0.0000,0.0000,1
0.878,-36,-57,-18,1493,1499,0.04,-1.26,0.0000,0.0000,0.0000,1
0.895,-35,-56,-18,1493,1499,0.04,-1.26,0.0000,0.0000,0.0000,1
0.912,-35,-55,-17,1493,1499,0.04,-1.26,0.0000,0.0000,0.0000,1
0.930,-34,-54,-17,1494,1499,0.04,-1.26,0.0000,0.0000,0.0000,1
0.947,-34,-53,-17,1494,1499,0.04,-1.26,0.0000,0.0000,0.0000,1
0.964,-34,-52,-17,1494,1499,0.04,-1.26,0.0000,0.0000,0.0000,1
0.981,-33,-51,-16,1494,1499,0.04,-1.26,0.0000,0.0000,0.0000,1
0.999,-33,-51,-16,1494,1499,0.04,-1.26,0.0000,0.0000,0.0000,1
1.016,-33,-50,-16,1494,1499,0.04,-1.26,0.0000,0.0000,0.0000,1
1.033,-33,-49,-16,1494,1499,0.04,-1.26,0.0000,0.0000,0.0000,1
1.051,-33,-49,-15,1494,1499,-0.63,-0.33,0.0000,0.0000,0.0000,1
1.069,-33,-48,-15,1494,1499,-0.63,-0.33,0.0000,0.0000,0.0000,1
1.089,-33,-48,-15,1494,1499,-0.63,-0.33,0.0000,0.0000,0.0000,1
1.110,-33,-48,-15,1494,1499,-0.63,-0.33,0.0000,0.0000,0.0000,1
1.128,-34,-48,-14,1494,1499,-0.63,-0.33,0.0000,0.0000,0.0000,1
1.145,-34,-48,-15,1494,1499,-0.63,-0.33,0.0000,0.0000,0.0000,1
1.162,-34,-49,-14,1494,1499,-0.63,-0.33,0.0000,0.0000,0.0000,1
1.179,-34,-49,-15,1494,1499,-0.63,-0.33,0.0000,0.0000,0.0000,1
1.197,-35,-49,-14,1493,1499,-0.63,-0.33,0.0000,0.0000,0.0000,1
1.214,-35,-50,-14,1493,1499,-0.63,-0.33,0.0000,0.0000,0.0000,1
1.231,-35,-50,-14,1493,1499,-0.63,-0.33,0.0000,0.0000,0.0000,1
1.248,-35,-50,-14,1493,1499,-0.63,-0.33,0.0000,0.0000,0.0000,1
1.265,-35,-49,-14,1493,1499,-0.63,-0.33,0.0000,0.0000,0.0000,1
1.283,-34,-48,-13,1494,1499,-0.63,-0.33,0.0000,0.0000,0.0000,1
1.300,-33,-47,-14,1494,1499,-0.72,0.03,0.0000,0.0000,0.0000,1
1.318,-32,-47,-12,1494,1499,-0.72,0.03,0.0000,0.0000,0.0000,1
1.335,-31,-46,-12,1494,1499,-0.72,0.03,0.0000,0.0000,0.0000,1
1.354,-31,-45,-12,1494,1499,-0.72,0.03,0.0000,0.0000,0.0000,1
1.373,-30,-45,-12,1494,1499,-0.72,0.03,0.0000,0.0000,0.0000,1
1.390,-28,-44,-11,1495,1499,-0.72,0.03,0.0000,0.0000,0.0000,1
1.410,-27,-44,-11,1495,1499,-0.72,0.03,0.0000,0.0000,0.0000,1
1.429,-25,-43,-11,1495,1499,-0.72,0.03,0.0000,0.0000,0.0000,1
1.446,-22,-43,-11,1496,1499,-0.72,0.03,0.0000,0.0000,0.0000,1
1.464,-22,-43,-11,1496,1499,-0.72,0.03,0.0000,0.0000,0.0000,1
1.482,-19,-42,-10,1497,1499,-0.72,0.03,0.0000,0.0000,0.0000,1
1.499,-17,-42,-10,1497,1499,-0.72,0.03,0.0000,0.0000,0.0000,1
1.516,-16,-41,-10,1497,1499,-0.72,0.03,0.0000,0.0000,0.0000,1
1.533,-14,-41,-10,1498,1499,-0.72,0.03,0.0000,0.0000,0.0000,1
1.551,-12,-40,-9,1498,1500,-1.13,0.72,0.0000,0.0000,0.0000,1
1.568,-9,-40,-9,1499,1500,-1.13,0.72,0.0000,0.0000,0.0000,1
1.585,-7,-40,-9,1499,1500,-1.13,0.72,0.0000,0.0000,0.0000,1
1.603,-4,-40,-9,1500,1500,-1.13,0.72,0.0000,0.0000,0.0000,1
1.621,-2,-40,-9,1500,1500,-1.13,0.72,0.0000,0.0000,0.0000,1
1.638,1,-39,-9,1500,1500,-1.13,0.72,0.0000,0.0000,0.0000,1
1.656,4,-39,-8,1500,1500,-1.13,0.72,0.0000,0.0000,0.0000,1
1.673,7,-40,-8,1501,1500,-1.13,0.72,0.0000,0.0000,0.0000,1
1.690,9,-40,-9,1501,1500,-1.13,0.72,0.0000,0.0000,0.0000,1
1.710,15,-40,-9,1503,1500,-1.13,0.72,0.0000,0.0000,0.0000,1
1.728,18,-39,-8,1503,1500,-1.13,0.72,0.0000,0.0000,0.0000,1
1.745,20,-39,-8,1504,1500,-1.13,0.72,0.0000,0.0000,0.0000,1
1.764,23,-39,-8,1504,1500,-1.13,0.72,0.0000,0.0000,0.0000,1
1.781,26,-40,-8,1505,1500,-1.13,0.72,0.0000,0.0000,0.0000,1
1.799,29,-42,-8,1505,1500,-0.31,1.07,0.0000,0.0000,0.0000,1
1.817,31,-44,-8,1506,1500,-0.31,1.07,0.0000,0.0000,0.0000,1
1.834,33,-46,-8,1506,1500,-0.31,1.07,0.0000,0.0000,0.0000,1
1.852,35,-48,-7,1507,1500,-0.31,1.07,0.0000,0.0000,0.0000,1
1.869,37,-49,-7,1507,1500,-0.31,1.07,0.0000,0.0000,0.0000,1
1.887,39,-51,-7,1507,1500,-0.31,1.07,0.0000,0.0000,0.0000,1
1.904,40,-52,-8,1508,1500,-0.31,1.07,0.0000,0.0000,0.0000,1
1.922,41,-53,-8,1508,1500,-0.31,1.07,0.0000,0.0000,0.0000,1
1.939,42,-53,-9,1508,1500,-0.31,1.07,0.0000,0.0000,0.0000,1
1.957,43,-54,-8,1508,1500,-0.31,1.07,0.0000,0.0000,0.0000,1
1.974,45,-54,-7,1509,1500,-0.31,1.07,0.0000,0.0000,0.0000,1
1.992,46,-55,-7,1509,1500,-0.31,1.07,0.0000,0.0000,0.0000,1
2.009,47,-55,-8,1509,1500,-0.31,1.07,0.0000,0.0000,0.0000,1
2.026,49,-55,-7,1509,1500,-0.31,1.07,0.0000,0.0000,0.0000,1
2.044,49,-57,-8,1509,1500,0.29,0.51,0.0000,0.0000,0.0000,1
2.062,49,-57,-8,1509,1500,0.29,0.51,0.0000,0.0000,0.0000,1
2.081,51,-60,-8,1515,1500,0.29,0.51,0.0000,0.0000,0.0000,1
2.098,51,-61,-8,1515,1500,0.29,0.51,0.0000,0.0000,0.0000,0
0.018,51,-63,-8,1515,1500,0.29,0.51,0.0000,0.0000,0.0000,0
0.037,51,-64,-8,1515,1500,0.29,0.51,0.0000,0.0000,0.0000,0
0.054,52,-65,-8,1515,1500,0.29,0.51,0.0000,0.0000,0.0000,0
0.072,52,-66,-8,1515,1500,0.29,0.51,0.0000,0.0000,0.0000,0
0.089,53,-67,-8,1515,1500,0.29,0.51,0.0000,0.0000,0.0000,0
0.107,53,-68,-8,1515,1500,0.29,0.51,0.0000,0.0000,0.0000,0
0.125,54,-69,-8,1516,1500,0.29,0.51,0.0000,0.0000,0.0000,0
0.142,54,-70,-8,1516,1500,0.29,0.51,0.0000,0.0000,0.0000,0
0.159,54,-70,-9,1516,1500,0.29,0.51,0.0000,0.0000,0.0000,0
0.177,53,-71,-9,1515,1500,0.29,0.51,0.0000,0.0000,0.0000,0
0.194,53,-71,-8,1515,1500,0.37,-0.41,0.0000,0.0000,0.0000,0
0.211,53,-72,-8,1515,1500,0.37,-0.41,0.0000,0.0000,0.0000,0
0.230,52,-72,-8,1515,1500,0.37,-0.41,0.0000,0.0000,0.0000,0
0.250,52,-72,-8,1515,1500,0.37,-0.41,0.0000,0.0000,0.0000,0
0.268,52,-72,-9,1515,1500,0.37,-0.41,0.0000,0.0000,0.0000,0
0.286,51,-72,-9,1515,1500,0.37,-0.41,0.0000,0.0000,0.0000,0
0.303,51,-72,-10,1515,1499,0.37,-0.41,0.0000,0.0000,0.0000,0
0.322,51,-71,-10,1515,1499,0.37,-0.41,0.0000,0.0000,0.0000,0
0.340,52,-71,-9,1515,1500,0.37,-0.41,0.0000,0.0000,0.0000,0
0.359,51,-70,-9,1515,1500,0.37,-0.41,0.0000,0.0000,0.0000,0
0.376,51,-70,-9,1515,1500,0.37,-0.41,0.0000,0.0000,0.0000,0
0.394,50,-70,-10,1510,1499,0.37,-0.41,0.0000,0.0000,0.0000,0
0.412,50,-71,-9,1510,1500,0.37,-0.41,0.0000,0.0000,0.0000,0
0.430,50,-71,-10,1510,1499,0.37,-0.41,0.0000,0.0000,0.0000,0
0.447,50,-72,-10,1510,1499,-0.02,-0.41,0.0000,0.0000,0.0000,0
0.464,50,-72,-10,1510,1499,-0.02,-0.41,0.0000,0.0000,0.0000,0
0.481,50,-72,-10,1510,1499,-0.02,-0.41,0.0000,0.0000,0.0000,0
0.499,49,-73,-10,1509,1499,-0.02,-0.41,0.0000,0.0000,0.0000,0
0.523,49,-74,-10,1509,1499,-0.02,-0.41,0.0000,0.0000,0.0000,0
0.542,49,-74,-11,1509,1499,-0.02,-0.41,0.0000,0.0000,0.0000,0
0.559,50,-75,-11,1510,1499,-0.02,-0.41,0.0000,0.0000,0.0000,0
0.577,50,-76,-10,1510,1499,-0.02,-0.41,0.0000,0.0000,0.0000,0
0.594,50,-77,-10,1510,1499,-0.02,-0.41,0.0000,0.0000,0.0000,0
0.611,50,-77,-11,1510,1499,-0.02,-0.41,0.0000,0.0000,0.0000,0
0.630,52,-78,-11,1515,1499,-0.02,-0.41,0.0000,0.0000,0.0000,0
0.647,53,-78,-11,1515,1499,-0.02,-0.41,0.0000,0.0000,0.0000,0
0.665,54,-78,-10,1516,1499,-0.02,-0.41,0.0000,0.0000,0.0000,0
0.682,55,-77,-11,1516,1499,-0.02,-0.41,0.0000,0.0000,0.0000,0
0.700,57,-77,-11,1517,1499,0.03,-0.64,0.0000,0.0000,0.0000,0
0.717,58,-76,-12,1517,1499,0.03,-0.64,0.0000,0.0000,0.0000,0
0.739,59,-76,-12,1517,1499,0.03,-0.64,0.0000,0.0000,0.0000,0
0.757,60,-75,-12,1518,1499,0.03,-0.64,0.0000,0.0000,0.0000,0
0.775,62,-75,-13,1518,1499,0.03,-0.64,0.0000,0.0000,0.0000,0
0.793,64,-74,-13,1519,1499,0.03,-0.64,0.0000,0.0000,0.0000,0
0.810,65,-74,-13,1519,1499,0.03,-0.64,0.0000,0.0000,0.0000,0
0.827,67,-74,-11,1520,1499,0.03,-0.64,0.0000,0.0000,0.0000,0
0.845,68,-74,-11,1520,1499,0.03,-0.64,0.0000,0.0000,0.0000,0
0.862,72,-72,-11,1521,1499,0.03,-0.64,0.0000,0.0000,0.0000,0
0.880,75,-72,-10,1522,1499,0.03,-0.64,0.0000,0.0000,0.0000,0
0.897,76,-71,-10,1522,1499,0.03,-0.64,0.0000,0.0000,0.0000,0
0.914,79,-70,-10,1523,1499,0.03,-0.64,0.0000,0.0000,0.0000,0
0.931,81,-69,-10,1524,1499,0.03,-0.64,0.0000,0.0000,0.0000,0
0.948,84,-69,-10,1525,1499,0.31,-0.18,0.0000,0.0000,0.0000,0
0.966,85,-69,-9,1525,1500,0.31,-0.18,0.0000,0.0000,0.0000,0
0.984,87,-68,-10,1526,1499,0.31,-0.18,0.0000,0.0000,0.0000,0
1.001,87,-68,-10,1526,1499,0.31,-0.18,0.0000,0.0000,0.0000,0
1.022,89,-67,-11,1526,1499,0.31,-0.18,0.0000,0.0000,0.0000,0
1.040,94,-68,-10,1528,1499,0.31,-0.18,0.0000,0.0000,0.0000,0
1.057,95,-69,-10,1528,1499,0.31,-0.18,0.0000,0.0000,0.0000,0
1.077,97,-70,-10,1529,1499,0.31,-0.18,0.0000,0.0000,0.0000,0
1.095,99,-70,-10,1529,1499,0.31,-0.18,0.0000,0.0000,0.0000,0
1.113,102,-70,-11,1530,1499,0.31,-0.18,0.0000,0.0000,0.0000,0
1.130,104,-71,-10,1530,1499,0.31,-0.18,0.0000,0.0000,0.0000,0
1.148,105,-70,-10,1530,1499,0.31,-0.18,0.0000,0.0000,0.0000,0
1.165,106,-70,-10,1530,1499,0.31,-0.18,0.0000,0.0000,0.0000,0
1.182,107,-70,-11,1530,1499,0.31,-0.18,0.0000,0.0000,0.0000,0
1.199,109,-71,-10,1530,1499,0.92,-0.08,0.0000,0.0000,0.0000,0
1.217,108,-71,-11,1530,1499,0.92,-0.08,0.0000,0.0000,0.0000,0
1.235,109,-71,-11,1530,1499,0.92,-0.08,0.0000,0.0000,0.0000,0
1.252,109,-72,-12,1530,1499,0.92,-0.08,0.0000,0.0000,0.0000,0
1.270,110,-73,-12,1530,1499,0.92,-0.08,0.0000,0.0000,0.0000,0
1.287,111,-74,-12,1530,1499,0.92,-0.08,0.0000,0.0000,0.0000,0
1.305,111,-75,-12,1530,1499,0.92,-0.08,0.0000,0.0000,0.0000,0
1.323,111,-76,-12,1530,1499,0.92,-0.08,0.0000,0.0000,0.0000,0
1.342,111,-78,-12,1530,1499,0.92,-0.08,0.0000,0.0000,0.0000,0
1.360,110,-78,-14,1530,1499,0.92,-0.08,0.0000,0.0000,0.0000,0
1.380,109,-77,-13,1530,1499,0.92,-0.08,0.0000,0.0000,0.0000,0
1.397,109,-76,-13,1530,1499,0.92,-0.08,0.0000,0.0000,0.0000,0
1.414,108,-75,-13,1530,1499,0.92,-0.08,0.0000,0.0000,0.0000,0
1.431,108,-74,-12,1530,1499,0.92,-0.08,0.0000,0.0000,0.0000,0
1.448,107,-75,-13,1530,1499,1.20,-0.50,0.0000,0.0000,0.0000,0
1.466,106,-74,-13,1530,1499,1.20,-0.50,0.0000,0.0000,0.0000,0
1.484,106,-74,-13,1530,1499,1.20,-0.50,0.0000,0.0000,0.0000,0
1.501,105,-75,-13,1530,1499,1.20,-0.50,0.0000,0.0000,0.0000,0
1.519,104,-74,-13,1530,1499,1.20,-0.50,0.0000,0.0000,0.0000,0
1.536,103,-73,-13,1530,1499,1.20,-0.50,0.0000,0.0000,0.0000,0
1.554,103,-74,-13,1530,1499,1.20,-0.50,0.0000,0.0000,0.0000,0
1.571,102,-75,-13,1530,1499,1.20,-0.50,0.0000,0.0000,0.0000,0
1.589,101,-76,-13,1530,1499,1.20,-0.50,0.0000,0.0000,0.0000,0
1.607,100,-76,-14,1530,1499,1.20,-0.50,0.0000,0.0000,0.0000,0
1.625,98,-75,-15,1529,1499,1.20,-0.50,0.0000,0.0000,0.0000,0
1.644,98,-75,-15,1529,1499,1.20,-0.50,0.0000,0.0000,0.0000,0
1.663,97,-75,-14,1529,1499,1.20,-0.50,0.0000,0.0000,0.0000,0
1.680,97,-76,-13,1529,1499,1.20,-0.50,0.0000,0.0000,0.0000,0
1.698,96,-75,-13,1528,1499,1.20,-1.02,0.0000,0.0000,0.0000,0
