elapsed_s,err_x_px,err_pitch_px,target_roll_us,target_pitch_us,actual_roll_deg,actual_pitch_deg,vib_x,vib_y,vib_z,aligned
0.000,-149,-24,1400,1400,-0.76,-0.03,3.1319,3.2222,6.1347,0
0.017,-149,-23,1471,1509,-0.76,-0.03,3.1319,3.2222,6.1347,0
0.034,-150,-24,1459,1486,-0.76,-0.03,3.1319,3.2222,6.1347,0
0.054,-150,-24,1470,1498,-0.76,-0.03,3.1319,3.2222,6.1347,0
0.072,-150,-23,1470,1508,-0.76,-0.03,3.1319,3.2222,6.1347,0
0.089,-150,-23,1470,1498,-0.76,-0.03,3.1319,3.2222,6.1347,0
0.107,-150,-23,1470,1498,-0.90,0.04,3.1319,3.2222,6.1347,0
0.125,-150,-23,1470,1498,-0.90,0.04,3.1319,3.2222,6.1347,0
0.143,-150,-24,1470,1487,-0.90,0.04,3.1319,3.2222,6.1347,0
0.162,-151,-23,1460,1508,-0.90,0.04,3.1319,3.2222,6.1347,0
0.181,-152,-23,1459,1498,-0.90,0.04,2.7575,3.4265,6.5524,0
0.202,-152,-23,1470,1498,-0.90,0.04,2.7575,3.4265,6.5524,0
0.220,-151,-23,1482,1498,-0.90,0.04,2.7575,3.4265,6.5524,0
0.237,-152,-23,1459,1498,-0.90,0.04,2.7575,3.4265,6.5524,0
0.255,-151,-23,1482,1498,-0.90,0.04,2.7575,3.4265,6.5524,0
0.272,-151,-23,1470,1498,-0.90,0.04,2.7575,3.4265,6.5524,0
0.289,-151,-23,1470,1498,-0.90,0.04,2.7575,3.4265,6.5524,0
0.307,-152,-24,1459,1487,-0.90,0.04,2.7575,3.4265,6.5524,0
0.325,-152,-23,1470,1509,-0.90,0.04,2.7575,3.4265,6.5524,0
0.342,-153,-22,1458,1509,-0.90,0.04,2.7575,3.4265,6.5524,0
0.360,-154,-23,1458,1487,-0.93,0.12,2.7575,3.4265,6.5524,0
0.378,-154,-23,1469,1498,-0.93,0.12,2.7575,3.4265,6.5524,0
0.398,-154,-23,1469,1498,-0.93,0.12,2.7575,3.4265,6.5524,0
0.417,-154,-23,1469,1498,-0.93,0.12,2.8992,3.2098,6.3845,0
0.436,-154,-23,1469,1498,-0.93,0.12,2.8992,3.2098,6.3845,0
0.454,-154,-23,1469,1498,-0.93,0.12,2.8992,3.2098,6.3845,0
0.472,-154,-23,1469,1498,-0.93,0.12,2.8992,3.2098,6.3845,0
0.489,-154,-23,1469,1498,-0.93,0.12,2.8992,3.2098,6.3845,0
0.506,-154,-23,1469,1498,-0.93,0.12,2.8992,3.2098,6.3845,0
0.525,-154,-23,1469,1498,-0.93,0.12,2.8992,3.2098,6.3845,0
0.542,-154,-22,1469,1508,-0.93,0.12,2.8992,3.2098,6.3845,0
0.559,-154,-23,1469,1487,-0.93,0.12,2.8992,3.2098,6.3845,0
0.576,-153,-23,1481,1498,-0.93,0.12,2.8992,3.2098,6.3845,0
0.594,-153,-23,1470,1498,-0.93,0.12,2.8992,3.2098,6.3845,0
0.613,-153,-23,1470,1498,-1.14,-0.01,2.8992,3.2098,6.3845,0
0.632,-153,-23,1470,1498,-1.14,-0.01,2.8992,3.2098,6.3845,0
0.649,-153,-23,1470,1498,-1.14,-0.01,2.8992,3.2098,6.3845,0
0.667,-154,-23,1459,1498,-1.14,-0.01,2.9350,3.4471,6.3581,0
0.687,-154,-23,1469,1498,-1.14,-0.01,2.9350,3.4471,6.3581,0
0.706,-154,-23,1469,1498,-1.14,-0.01,2.9350,3.4471,6.3581,0
0.724,-154,-23,1469,1498,-1.14,-0.01,2.9350,3.4471,6.3581,0
0.741,-154,-23,1469,1498,-1.14,-0.01,2.9350,3.4471,6.3581,0
0.759,-154,-23,1469,1498,-1.14,-0.01,2.9350,3.4471,6.3581,0
0.777,-154,-23,1469,1498,-1.14,-0.01,2.9350,3.4471,6.3581,0
0.794,-154,-23,1469,1498,-1.14,-0.01,2.9350,3.4471,6.3581,0
0.811,-154,-23,1469,1498,-1.14,-0.01,2.9350,3.4471,6.3581,0
0.828,-154,-23,1469,1498,-1.14,-0.01,2.9350,3.4471,6.3581,0
0.845,-153,-23,1481,1498,-1.14,-0.01,2.9350,3.4471,6.3581,0
0.863,-153,-23,1470,1498,-0.88,0.06,2.9350,3.4471,6.3581,0
0.881,-153,-23,1470,1498,-0.88,0.06,2.9350,3.4471,6.3581,0
0.899,-152,-23,1481,1498,-0.88,0.06,2.9350,3.4471,6.3581,0
0.917,-151,-23,1481,1498,-0.88,0.06,2.7448,3.5688,6.3189,0
0.935,-150,-23,1481,1498,-0.88,0.06,2.7448,3.5688,6.3189,0
0.952,-150,-23,1470,1498,-0.88,0.06,2.7448,3.5688,6.3189,0
0.969,-149,-23,1482,1498,-0.88,0.06,2.7448,3.5688,6.3189,0
0.986,-149,-23,1470,1498,-0.88,0.06,2.7448,3.5688,6.3189,0
1.004,-148,-24,1482,1486,-0.88,0.06,2.7448,3.5688,6.3189,0
1.024,-147,-24,1471,1498,-0.88,0.06,2.7448,3.5688,6.3189,0
1.042,-147,-24,1481,1498,-0.88,0.06,2.7448,3.5688,6.3189,0
1.061,-144,-24,1503,1498,-0.88,0.06,2.7448,3.5688,6.3189,0
1.078,-144,-24,1471,1498,-0.88,0.06,2.7448,3.5688,6.3189,0
1.095,-143,-24,1483,1498,-0.88,0.06,2.7448,3.5688,6.3189,0
1.113,-143,-24,1472,1498,-0.41,-0.22,2.7448,3.5688,6.3189,0
1.132,-143,-24,1472,1498,-0.41,-0.22,2.7448,3.5688,6.3189,0
1.150,-142,-24,1482,1498,-0.41,-0.22,2.7448,3.5688,6.3189,0
1.168,-142,-24,1472,1498,-0.41,-0.22,2.7658,3.4223,6.1499,0
1.185,-142,-24,1472,1498,-0.41,-0.22,2.7658,3.4223,6.1499,0
1.203,-141,-24,1483,1498,-0.41,-0.22,2.7658,3.4223,6.1499,0
1.220,-142,-24,1460,1498,-0.41,-0.22,2.7658,3.4223,6.1499,0
1.237,-142,-24,1472,1498,-0.41,-0.22,2.7658,3.4223,6.1499,0
1.256,-143,-24,1461,1498,-0.41,-0.22,2.7658,3.4223,6.1499,0
1.273,-143,-24,1472,1498,-0.41,-0.22,2.7658,3.4223,6.1499,0
1.291,-144,-25,1460,1487,-0.41,-0.22,2.7658,3.4223,6.1499,0
1.308,-144,-25,1471,1498,-0.41,-0.22,2.7658,3.4223,6.1499,0
1.328,-145,-25,1461,1498,-0.41,-0.22,2.7658,3.4223,6.1499,0
1.345,-146,-25,1460,1498,-0.41,-0.22,2.7658,3.4223,6.1499,0
1.364,-147,-25,1460,1498,-0.43,-0.44,2.7658,3.4223,6.1499,0
1.381,-147,-25,1471,1498,-0.43,-0.44,2.7658,3.4223,6.1499,0
1.400,-149,-25,1448,1498,-0.43,-0.44,2.7658,3.4223,6.1499,0
1.417,-151,-25,1448,1498,-0.43,-0.44,3.0506,3.7617,5.7760,0
1.434,-152,-25,1458,1498,-0.43,-0.44,3.0506,3.7617,5.7760,0
1.451,-153,-25,1458,1498,-0.43,-0.44,3.0506,3.7617,5.7760,0
1.468,-153,-25,1470,1498,-0.43,-0.44,3.0506,3.7617,5.7760,0
1.486,-153,-24,1470,1508,-0.43,-0.44,3.0506,3.7617,5.7760,0
1.503,-153,-24,1470,1498,-0.43,-0.44,3.0506,3.7617,5.7760,0
1.520,-152,-24,1482,1498,-0.43,-0.44,3.0506,3.7617,5.7760,0
1.538,-153,-25,1458,1486,-0.43,-0.44,3.0506,3.7617,5.7760,0
1.555,-152,-25,1481,1498,-0.43,-0.44,3.0506,3.7617,5.7760,0
1.573,-153,-25,1459,1498,-0.43,-0.44,3.0506,3.7617,5.7760,0
1.591,-152,-25,1481,1498,-0.43,-0.44,3.0506,3.7617,5.7760,0
1.608,-153,-25,1458,1498,-0.63,-0.08,3.0506,3.7617,5.7760,0
1.626,-152,-25,1481,1498,-0.63,-0.08,3.0506,3.7617,5.7760,0
1.644,-153,-25,1459,1498,-0.63,-0.08,3.0506,3.7617,5.7760,0
1.663,-153,-25,1470,1498,-0.63,-0.08,3.1717,3.2140,7.3122,0
1.680,-153,-25,1470,1498,-0.63,-0.08,3.1717,3.2140,7.3122,0
1.697,-153,-25,1470,1498,-0.63,-0.08,3.1717,3.2140,7.3122,0
1.715,-154,-25,1458,1498,-0.63,-0.08,3.1717,3.2140,7.3122,0
1.733,-154,-25,1469,1498,-0.63,-0.08,3.1717,3.2140,7.3122,0
1.751,-154,-26,1469,1487,-0.63,-0.08,3.1717,3.2140,7.3122,0
1.769,-155,-25,1458,1508,-0.63,-0.08,3.1717,3.2140,7.3122,0
1.787,-155,-26,1469,1487,-0.63,-0.08,3.1717,3.2140,7.3122,0
1.805,-156,-25,1459,1507,-0.63,-0.08,3.1717,3.2140,7.3122,0
1.823,-157,-26,1457,1486,-0.63,-0.08,3.1717,3.2140,7.3122,0
1.840,-158,-25,1457,1508,-0.63,-0.08,3.1717,3.2140,7.3122,0
1.857,-159,-25,1457,1498,-0.75,-0.26,3.1717,3.2140,7.3122,0
1.874,-160,-25,1457,1498,-0.75,-0.26,3.1717,3.2140,7.3122,0
1.891,-161,-25,1456,1498,-0.75,-0.26,3.1717,3.2140,7.3122,0
1.908,-162,-25,1456,1498,-0.75,-0.26,3.2705,4.1116,5.9962,0
1.926,-163,-26,1456,1486,-0.75,-0.26,3.2705,4.1116,5.9962,0
1.943,-164,-26,1456,1498,-0.75,-0.26,3.2705,4.1116,5.9962,0
1.960,-165,-27,1456,1486,-0.75,-0.26,3.2705,4.1116,5.9962,0
1.978,-165,-26,1467,1508,-0.75,-0.26,3.2705,4.1116,5.9962,0
1.995,-166,-26,1456,1498,-0.75,-0.26,3.2705,4.1116,5.9962,0
2.013,-167,-26,1456,1498,-0.75,-0.26,3.2705,4.1116,5.9962,0
2.031,-167,-26,1467,1498,-0.75,-0.26,3.2705,4.1116,5.9962,0
2.049,-167,-26,1467,1498,-0.75,-0.26,3.2705,4.1116,5.9962,0
2.068,-168,-26,1456,1498,-0.75,-0.26,3.2705,4.1116,5.9962,0
2.087,-168,-27,1467,1487,-0.75,-0.26,3.2705,4.1116,5.9962,0
2.105,-169,-27,1455,1498,-0.93,-0.28,3.2705,4.1116,5.9962,0
2.123,-169,-27,1466,1498,-0.93,-0.28,3.2705,4.1116,5.9962,0
2.140,-168,-26,1478,1508,-0.93,-0.28,3.2705,4.1116,5.9962,0
2.159,-168,-26,1467,1498,-0.93,-0.28,3.2705,4.1116,5.9962,0
2.177,-167,-26,1478,1498,-0.93,-0.28,3.3176,4.1808,7.0592,0
2.195,-166,-27,1478,1487,-0.93,-0.28,3.3176,4.1808,7.0592,0
2.212,-166,-27,1467,1498,-0.93,-0.28,3.3176,4.1808,7.0592,0
2.229,-165,-27,1479,1498,-0.93,-0.28,3.3176,4.1808,7.0592,0
2.246,-165,-27,1467,1498,-0.93,-0.28,3.3176,4.1808,7.0592,0
2.263,-164,-26,1479,1508,-0.93,-0.28,3.3176,4.1808,7.0592,0
2.281,-163,-26,1479,1498,-0.93,-0.28,3.3176,4.1808,7.0592,0
2.298,-162,-26,1480,1498,-0.93,-0.28,3.3176,4.1808,7.0592,0
2.316,-161,-26,1480,1498,-0.93,-0.28,3.3176,4.1808,7.0592,0
2.335,-160,-27,1479,1487,-0.93,-0.28,3.3176,4.1808,7.0592,0
2.354,-159,-27,1479,1498,-0.72,-0.26,3.3176,4.1808,7.0592,0
2.373,-158,-27,1480,1498,-0.72,-0.26,3.3176,4.1808,7.0592,0
2.390,-157,-27,1480,1498,-0.72,-0.26,3.3176,4.1808,7.0592,0
2.408,-156,-28,1481,1486,-0.72,-0.26,3.1577,4.1417,6.8235,0
2.425,-156,-27,1469,1508,-0.72,-0.26,3.1577,4.1417,6.8235,0
2.443,-155,-27,1481,1498,-0.72,-0.26,3.1577,4.1417,6.8235,0
2.460,-155,-27,1469,1498,-0.72,-0.26,3.1577,4.1417,6.8235,0
2.478,-154,-27,1481,1498,-0.72,-0.26,3.1577,4.1417,6.8235,0
2.495,-153,-27,1481,1498,-0.72,-0.26,3.1577,4.1417,6.8235,0
2.512,-152,-27,1482,1498,-0.72,-0.26,3.1577,4.1417,6.8235,0
2.529,-152,-27,1470,1498,-0.72,-0.26,3.1577,4.1417,6.8235,0
2.547,-151,-27,1482,1498,-0.72,-0.26,3.1577,4.1417,6.8235,0
2.564,-151,-27,1470,1498,-0.72,-0.26,3.1577,4.1417,6.8235,0
2.582,-150,-28,1482,1486,-0.72,-0.26,3.1577,4.1417,6.8235,0
2.599,-149,-29,1482,1486,-0.77,-0.57,3.1577,4.1417,6.8235,0
2.616,-149,-29,1470,1497,-0.77,-0.57,3.1577,4.1417,6.8235,0
2.634,-149,-28,1470,1508,-0.77,-0.57,3.1577,4.1417,6.8235,0
2.652,-149,-27,1470,1507,-0.77,-0.57,3.1577,4.1417,6.8235,0
2.669,-149,-28,1470,1486,-0.77,-0.57,3.4118,4.2001,7.3617,0
2.687,-149,-27,1470,1508,-0.77,-0.57,3.4118,4.2001,7.3617,0
2.705,-149,-27,1470,1498,-0.77,-0.57,3.4118,4.2001,7.3617,0
2.722,-149,-27,1470,1498,-0.77,-0.57,3.4118,4.2001,7.3617,0
2.740,-149,-27,1470,1498,-0.77,-0.57,3.4118,4.2001,7.3617,0
2.758,-149,-27,1470,1498,-0.77,-0.57,3.4118,4.2001,7.3617,0
2.776,-149,-27,1470,1498,-0.77,-0.57,3.4118,4.2001,7.3617,0
2.794,-149,-27,1470,1498,-0.77,-0.57,3.4118,4.2001,7.3617,0
2.811,-148,-27,1482,1498,-0.77,-0.57,3.4118,4.2001,7.3617,0
2.829,-148,-27,1471,1498,-0.77,-0.57,3.4118,4.2001,7.3617,0
2.847,-148,-28,1471,1487,-0.98,-0.74,3.4118,4.2001,7.3617,0
2.865,-147,-27,1482,1508,-0.98,-0.74,3.4118,4.2001,7.3617,0
2.885,-147,-27,1471,1498,-0.98,-0.74,3.4118,4.2001,7.3617,0
2.902,-146,-27,1483,1498,-0.98,-0.74,3.4118,4.2001,7.3617,0
2.919,-145,-27,1483,1498,-0.98,-0.74,3.3020,4.7848,7.9238,0
2.936,-144,-27,1483,1498,-0.98,-0.74,3.3020,4.7848,7.9238,0
2.954,-144,-27,1471,1498,-0.98,-0.74,3.3020,4.7848,7.9238,0
2.972,-143,-28,1483,1486,-0.98,-0.74,3.3020,4.7848,7.9238,0
2.990,-142,-27,1483,1508,-0.98,-0.74,3.3020,4.7848,7.9238,0
3.008,-140,-27,1494,1498,-0.98,-0.74,3.3020,4.7848,7.9238,0
3.025,-139,-27,1484,1498,-0.98,-0.74,3.3020,4.7848,7.9238,0
3.047,-138,-27,1483,1498,-0.98,-0.74,3.3020,4.7848,7.9238,0
3.064,-134,-27,1512,1498,-0.98,-0.74,3.3020,4.7848,7.9238,0
3.083,-132,-27,1495,1498,-0.98,-0.74,3.3020,4.7848,7.9238,0
3.101,-131,-27,1485,1498,-0.51,-0.39,3.3020,4.7848,7.9238,0
3.119,-128,-27,1507,1498,-0.51,-0.39,3.3020,4.7848,7.9238,0
3.136,-126,-28,1498,1486,-0.51,-0.39,3.3020,4.7848,7.9238,0
3.153,-124,-28,1499,1497,-0.51,-0.39,3.3020,4.7848,7.9238,0
3.172,-122,-27,1497,1507,-0.51,-0.39,3.2064,4.2036,7.0031,0
3.191,-119,-27,1507,1498,-0.51,-0.39,3.2064,4.2036,7.0031,0
3.209,-117,-27,1500,1498,-0.51,-0.39,3.2064,4.2036,7.0031,0
3.227,-116,-27,1488,1498,-0.51,-0.39,3.2064,4.2036,7.0031,0
3.245,-115,-27,1488,1498,-0.51,-0.39,3.2064,4.2036,7.0031,0
3.262,-113,-26,1500,1508,-0.51,-0.39,3.2064,4.2036,7.0031,0
3.279,-110,-26,1512,1498,-0.51,-0.39,3.2064,4.2036,7.0031,0
3.297,-108,-26,1501,1498,-0.51,-0.39,3.2064,4.2036,7.0031,0
3.314,-106,-26,1501,1498,-0.51,-0.39,3.2064,4.2036,7.0031,0
3.331,-103,-26,1513,1498,-0.51,-0.39,3.2064,4.2036,7.0031,0
3.349,-100,-26,1513,1498,-0.17,0.10,3.2064,4.2036,7.0031,0
3.366,-97,-26,1515,1498,-0.17,0.10,3.2064,4.2036,7.0031,0
3.383,-94,-26,1516,1498,-0.17,0.10,3.2064,4.2036,7.0031,0
3.401,-91,-26,1514,1498,-0.17,0.10,3.2064,4.2036,7.0031,0
3.419,-88,-26,1516,1498,-0.17,0.10,3.0429,4.0902,4.8960,0
3.436,-85,-27,1516,1486,-0.17,0.10,3.0429,4.0902,4.8960,0
3.454,-82,-27,1517,1498,-0.17,0.10,3.0429,4.0902,4.8960,0
3.472,-76,-26,1553,1508,-0.17,0.10,3.0429,4.0902,4.8960,0
3.489,-73,-26,1517,1498,-0.17,0.10,3.0429,4.0902,4.8960,0
3.506,-71,-26,1509,1498,-0.17,0.10,3.0429,4.0902,4.8960,0
3.524,-68,-26,1520,1498,-0.17,0.10,3.0429,4.0902,4.8960,0
3.541,-66,-26,1510,1498,-0.17,0.10,3.0429,4.0902,4.8960,0
3.558,-64,-26,1510,1498,-0.17,0.10,3.0429,4.0902,4.8960,0
3.577,-62,-26,1487,1498,-0.17,0.10,3.0429,4.0902,4.8960,0
3.596,-60,-26,1525,1498,-0.44,0.01,3.0429,4.0902,4.8960,1
3.616,-58,-26,1508,1498,-0.44,0.01,3.0429,4.0902,4.8960,1
3.633,-57,-27,1500,1486,-0.44,0.01,3.0429,4.0902,4.8960,1
3.650,-55,-26,1511,1508,-0.44,0.01,3.0429,4.0902,4.8960,1
3.669,-53,-26,1511,1498,-0.44,0.01,2.7701,3.2100,6.3998,1
3.686,-52,-26,1501,1498,-0.44,0.01,2.7701,3.2100,6.3998,1
3.703,-50,-26,1512,1498,-0.44,0.01,2.7701,3.2100,6.3998,1
3.721,-48,-27,1513,1486,-0.44,0.01,2.7701,3.2100,6.3998,1
3.740,-46,-26,1512,1508,-0.44,0.01,2.7701,3.2100,6.3998,1
3.757,-45,-26,1502,1498,-0.44,0.01,2.7701,3.2100,6.3998,1
3.774,-44,-26,1502,1498,-0.44,0.01,2.7701,3.2100,6.3998,1
3.791,-42,-25,1514,1509,-0.44,0.01,2.7701,3.2100,6.3998,1
3.809,-41,-25,1503,1498,-0.44,0.01,2.7701,3.2100,6.3998,1
3.827,-40,-26,1502,1487,-0.44,0.01,2.7701,3.2100,6.3998,1
3.845,-39,-25,1502,1508,-0.44,0.60,2.7701,3.2100,6.3998,1
3.863,-39,-25,1492,1498,-0.44,0.60,2.7701,3.2100,6.3998,1
3.882,-38,-25,1502,1498,-0.44,0.60,2.7701,3.2100,6.3998,1
3.901,-37,-25,1503,1498,-0.44,0.60,2.7701,3.2100,6.3998,1
3.919,-37,-25,1493,1498,-0.44,0.60,2.7046,3.4517,5.0309,1
3.936,-37,-25,1493,1498,-0.44,0.60,2.7046,3.4517,5.0309,1
3.953,-36,-25,1504,1498,-0.44,0.60,2.7046,3.4517,5.0309,1
3.971,-35,-25,1504,1498,-0.44,0.60,2.7046,3.4517,5.0309,1
3.990,-35,-25,1493,1498,-0.44,0.60,2.7046,3.4517,5.0309,1
4.007,-35,-25,1493,1498,-0.44,0.60,2.7046,3.4517,5.0309,1
4.024,-35,-25,1493,1498,-0.44,0.60,2.7046,3.4517,5.0309,1
4.041,-35,-25,1493,1498,-0.44,0.60,2.7046,3.4517,5.0309,1
4.058,-35,-25,1493,1498,-0.44,0.60,2.7046,3.4517,5.0309,1
4.076,-35,-25,1493,1498,-0.44,0.60,2.7046,3.4517,5.0309,1
4.094,-35,-25,1493,1498,-0.22,0.64,2.7046,3.4517,5.0309,1
4.112,-35,-26,1493,1487,-0.22,0.64,2.7046,3.4517,5.0309,1
4.129,-35,-25,1493,1508,-0.22,0.64,2.7046,3.4517,5.0309,1
4.146,-35,-25,1493,1498,-0.22,0.64,2.7046,3.4517,5.0309,1
4.164,-35,-25,1493,1498,-0.22,0.64,2.9401,3.2715,6.1372,1
4.182,-36,-26,1482,1487,-0.22,0.64,2.9401,3.2715,6.1372,1
4.201,-36,-25,1493,1507,-0.22,0.64,2.9401,3.2715,6.1372,1
4.219,-36,-25,1493,1498,-0.22,0.64,2.9401,3.2715,6.1372,1
4.237,-37,-25,1482,1498,-0.22,0.64,2.9401,3.2715,6.1372,1
4.254,-37,-25,1493,1498,-0.22,0.64,2.9401,3.2715,6.1372,1
4.271,-36,-25,1504,1498,-0.22,0.64,2.9401,3.2715,6.1372,1
4.289,-35,-26,1504,1486,-0.22,0.64,2.9401,3.2715,6.1372,1
4.309,-34,-26,1503,1498,-0.22,0.64,2.9401,3.2715,6.1372,1
4.326,-32,-25,1515,1508,-0.22,0.64,2.9401,3.2715,6.1372,1
4.343,-32,-25,1494,1498,-0.05,-0.33,2.9401,3.2715,6.1372,1
4.360,-32,-25,1494,1498,-0.05,-0.33,2.9401,3.2715,6.1372,1
4.379,-31,-25,1503,1498,-0.05,-0.33,2.9401,3.2715,6.1372,1
4.398,-29,-25,1515,1498,-0.05,-0.33,2.9401,3.2715,6.1372,1
4.415,-26,-26,1529,1486,-0.05,-0.33,2.9904,4.1029,5.8546,1
4.433,-24,-26,1516,1498,-0.05,-0.33,2.9904,4.1029,5.8546,1
4.451,-19,-25,1554,1509,-0.05,-0.33,2.9904,4.1029,5.8546,1
4.470,-17,-26,1518,1487,-0.05,-0.33,2.9904,4.1029,5.8546,1
4.487,-13,-26,1541,1498,-0.05,-0.33,2.9904,4.1029,5.8546,1
4.505,-9,-26,1542,1498,-0.05,-0.33,2.9904,4.1029,5.8546,1
4.523,-7,-26,1521,1498,-0.05,-0.33,2.9904,4.1029,5.8546,1
4.540,-5,-26,1521,1498,-0.05,-0.33,2.9904,4.1029,5.8546,1
4.557,-3,-26,1522,1498,-0.05,-0.33,2.9904,4.1029,5.8546,1
4.574,-1,-26,1522,1498,-0.05,-0.33,2.9904,4.1029,5.8546,1
4.593,2,-26,1531,1498,0.33,-0.23,2.9904,4.1029,5.8546,1
4.611,4,-26,1523,1498,0.33,-0.23,2.9904,4.1029,5.8546,1
4.630,4,-26,1500,1498,0.33,-0.23,2.9904,4.1029,5.8546,1
4.647,7,-25,1532,1507,0.33,-0.23,2.9904,4.1029,5.8546,1
4.664,10,-25,1536,1498,0.33,-0.23,2.8353,3.8011,6.5161,1
4.682,16,-25,1570,1498,0.33,-0.23,2.8353,3.8011,6.5161,1
4.701,19,-25,1535,1498,0.33,-0.23,2.8353,3.8011,6.5161,1
4.719,22,-25,1538,1498,0.33,-0.23,2.8353,3.8011,6.5161,1
4.736,25,-25,1539,1498,0.33,-0.23,2.8353,3.8011,6.5161,1
4.755,32,-25,1550,1498,0.33,-0.23,2.8353,3.8011,6.5161,1
4.772,35,-26,1570,1487,0.33,-0.23,2.8353,3.8011,6.5161,1
4.790,38,-25,1541,1508,0.33,-0.23,2.8353,3.8011,6.5161,1
4.808,40,-25,1529,1498,0.33,-0.23,2.8353,3.8011,6.5161,1
4.826,43,-25,1541,1498,0.33,-0.23,2.8353,3.8011,6.5161,1
4.845,45,-25,1530,1498,0.66,0.39,2.8353,3.8011,6.5161,1
4.866,47,-25,1531,1498,0.66,0.39,2.8353,3.8011,6.5161,1
4.885,48,-25,1519,1498,0.66,0.39,2.8353,3.8011,6.5161,1
4.903,50,-25,1529,1498,0.66,0.39,2.7498,3.3913,5.3692,1
4.921,52,-25,1533,1498,0.66,0.39,2.7498,3.3913,5.3692,1
4.938,53,-25,1522,1498,0.66,0.39,2.7498,3.3913,5.3692,1
4.955,56,-25,1546,1498,0.66,0.39,2.7498,3.3913,5.3692,1
4.973,57,-25,1522,1498,0.66,0.39,2.7498,3.3913,5.3692,1
4.990,58,-25,1523,1498,0.66,0.39,2.7498,3.3913,5.3692,1
5.007,59,-25,1523,1498,0.66,0.39,2.7498,3.3913,5.3692,1
5.025,60,-25,1522,1498,0.66,0.39,2.7498,3.3913,5.3692,1
5.042,61,-25,1523,1498,0.66,0.39,2.7498,3.3913,5.3692,0
5.061,62,-25,1523,1498,0.66,0.39,2.7498,3.3913,5.3692,0
5.080,63,-25,1523,1498,0.66,0.39,2.7498,3.3913,5.3692,0
5.098,63,-25,1512,1498,1.31,0.20,2.7498,3.3913,5.3692,0
5.116,64,-25,1524,1498,1.31,0.20,2.7498,3.3913,5.3692,0
5.134,64,-25,1512,1498,1.31,0.20,2.7498,3.3913,5.3692,0
5.152,65,-26,1524,1486,1.31,0.20,2.8761,3.6595,5.5495,0
5.170,65,-26,1513,1498,1.31,0.20,2.8761,3.6595,5.5495,0
5.189,66,-25,1524,1508,1.31,0.20,2.8761,3.6595,5.5495,0
5.206,65,-26,1502,1487,1.31,0.20,2.8761,3.6595,5.5495,0
5.224,65,-25,1513,1508,1.31,0.20,2.8761,3.6595,5.5495,0
5.242,65,-26,1513,1487,1.31,0.20,2.8761,3.6595,5.5495,0
5.259,64,-26,1501,1498,1.31,0.20,2.8761,3.6595,5.5495,0
5.276,64,-25,1512,1508,1.31,0.20,2.8761,3.6595,5.5495,0
5.294,64,-25,1512,1498,1.31,0.20,2.8761,3.6595,5.5495,0
5.312,64,-26,1512,1487,1.31,0.20,2.8761,3.6595,5.5495,0
5.329,63,-26,1501,1498,1.31,0.20,2.8761,3.6595,5.5495,0
5.346,63,-25,1512,1509,1.40,-0.43,2.8761,3.6595,5.5495,0
5.363,63,-25,1512,1498,1.40,-0.43,2.8761,3.6595,5.5495,0
5.380,62,-26,1500,1486,1.40,-0.43,2.8761,3.6595,5.5495,0
5.405,62,-25,1512,1508,1.40,-0.43,2.5976,3.2484,6.6811,0
5.423,61,-26,1504,1490,1.40,-0.43,2.5976,3.2484,6.6811,0
5.440,60,-26,1500,1498,1.40,-0.43,2.5976,3.2484,6.6811,1
5.458,59,-26,1500,1498,1.40,-0.43,2.5976,3.2484,6.6811,1
5.475,58,-26,1500,1498,1.40,-0.43,2.5976,3.2484,6.6811,1
5.494,57,-26,1500,1498,1.40,-0.43,2.5976,3.2484,6.6811,1
5.512,56,-26,1500,1498,1.40,-0.43,2.5976,3.2484,6.6811,1
5.531,55,-26,1500,1498,1.40,-0.43,2.5976,3.2484,6.6811,1
5.548,54,-26,1500,1498,1.40,-0.43,2.5976,3.2484,6.6811,1
5.565,54,-26,1511,1498,1.40,-0.43,2.5976,3.2484,6.6811,1
5.583,52,-26,1511,1498,1.40,-0.43,2.5976,3.2484,6.6811,1
5.601,52,-26,1489,1498,0.61,-0.05,2.5976,3.2484,6.6811,1
5.620,52,-26,1510,1498,0.61,-0.05,2.5976,3.2484,6.6811,1
5.637,50,-26,1488,1498,0.61,-0.05,2.5976,3.2484,6.6811,1
5.656,49,-26,1499,1498,0.61,-0.05,2.6001,3.2828,6.1056,1
5.675,48,-26,1499,1498,0.61,-0.05,2.6001,3.2828,6.1056,1
5.692,46,-26,1489,1498,0.61,-0.05,2.6001,3.2828,6.1056,1
5.711,44,-27,1488,1487,0.61,-0.05,2.6001,3.2828,6.1056,1
5.729,43,-27,1499,1498,0.61,-0.05,2.6001,3.2828,6.1056,1
5.747,41,-27,1486,1498,0.61,-0.05,2.6001,3.2828,6.1056,1
5.768,40,-26,1499,1507,0.61,-0.05,2.6001,3.2828,6.1056,1
5.787,36,-27,1467,1487,0.61,-0.05,2.6001,3.2828,6.1056,1
5.805,36,-27,1507,1498,0.61,-0.05,2.6001,3.2828,6.1056,1
5.823,31,-27,1453,1498,0.61,-0.05,2.6001,3.2828,6.1056,1
5.840,31,-27,1506,1498,0.16,-0.00,2.6001,3.2828,6.1056,1
5.857,25,-27,1436,1498,0.16,-0.00,2.6001,3.2828,6.1056,1
5.874,25,-27,1505,1498,0.16,-0.00,2.6001,3.2828,6.1056,1
5.892,22,-27,1471,1498,0.16,-0.00,2.6001,3.2828,6.1056,1
5.910,16,-27,1439,1498,0.16,-0.00,2.7770,3.4682,7.0661,1
5.927,16,-27,1503,1498,0.16,-0.00,2.7770,3.4682,7.0661,1
5.946,16,-27,1503,1498,0.16,-0.00,2.7770,3.4682,7.0661,1
5.963,10,-27,1435,1498,0.16,-0.00,2.7770,3.4682,7.0661,1
5.981,6,-28,1455,1486,0.16,-0.00,2.7770,3.4682,7.0661,1
5.999,-1,-27,1424,1508,0.16,-0.00,2.7770,3.4682,7.0661,1
6.016,-4,-27,1465,1498,0.16,-0.00,2.7770,3.4682,7.0661,1
6.034,-7,-27,1465,1498,0.16,-0.00,2.7770,3.4682,7.0661,1
6.051,-13,-27,1429,1498,0.16,-0.00,2.7770,3.4682,7.0661,1
6.069,-13,-27,1498,1498,0.16,-0.00,2.7770,3.4682,7.0661,1
6.087,-18,-27,1443,1498,0.16,-0.00,2.7770,3.4682,7.0661,1
6.105,-18,-27,1497,1498,0.06,-0.28,2.7770,3.4682,7.0661,1
6.123,-21,-27,1463,1498,0.06,-0.28,2.7770,3.4682,7.0661,1
6.141,-24,-27,1463,1498,0.06,-0.28,2.7770,3.4682,7.0661,1
6.162,-26,-26,1475,1507,0.06,-0.28,2.8210,4.1498,6.4703,1
6.180,-28,-26,1474,1498,0.06,-0.28,2.8210,4.1498,6.4703,1
6.197,-33,-26,1436,1498,0.06,-0.28,2.8210,4.1498,6.4703,1
6.214,-35,-27,1470,1486,0.06,-0.28,2.8210,4.1498,6.4703,1
6.232,-37,-28,1470,1486,0.06,-0.28,2.8210,4.1498,6.4703,1
6.249,-38,-28,1481,1497,0.06,-0.28,2.8210,4.1498,6.4703,1
6.267,-40,-27,1470,1508,0.06,-0.28,2.8210,4.1498,6.4703,1
6.284,-42,-27,1469,1498,0.06,-0.28,2.8210,4.1498,6.4703,1
6.301,-43,-27,1480,1498,0.06,-0.28,2.8210,4.1498,6.4703,1
6.319,-44,-27,1481,1498,0.06,-0.28,2.8210,4.1498,6.4703,1
6.338,-45,-27,1481,1498,-0.15,0.05,2.8210,4.1498,6.4703,1
6.363,-45,-27,1492,1498,-0.15,0.05,2.8210,4.1498,6.4703,1
6.381,-45,-27,1492,1498,-0.15,0.05,2.8210,4.1498,6.4703,1
6.401,-46,-27,1482,1498,-0.15,0.05,2.7601,3.7141,6.0610,1
6.418,-46,-28,1491,1486,-0.15,0.05,2.7601,3.7141,6.0610,1
6.436,-46,-27,1491,1508,-0.15,0.05,2.7601,3.7141,6.0610,1
6.454,-46,-27,1491,1498,-0.15,0.05,2.7601,3.7141,6.0610,1
6.472,-46,-27,1491,1498,-0.15,0.05,2.7601,3.7141,6.0610,1
6.490,-47,-28,1480,1487,-0.15,0.05,2.7601,3.7141,6.0610,1
6.507,-47,-28,1491,1497,-0.15,0.05,2.7601,3.7141,6.0610,1
6.525,-47,-28,1491,1497,-0.15,0.05,2.7601,3.7141,6.0610,1
6.543,-47,-28,1491,1497,-0.15,0.05,2.7601,3.7141,6.0610,1
6.560,-48,-28,1479,1497,-0.15,0.05,2.7601,3.7141,6.0610,1
6.578,-49,-27,1479,1508,-0.15,0.05,2.7601,3.7141,6.0610,1
6.595,-50,-27,1479,1498,0.12,0.39,2.7601,3.7141,6.0610,1
6.613,-50,-27,1490,1498,0.12,0.39,2.7601,3.7141,6.0610,1
6.631,-51,-27,1479,1498,0.12,0.39,2.7601,3.7141,6.0610,1
6.648,-52,-27,1478,1498,0.12,0.39,2.9459,3.7248,6.1931,1
6.666,-54,-27,1467,1498,0.12,0.39,2.9459,3.7248,6.1931,1
6.683,-55,-27,1478,1498,0.12,0.39,2.9459,3.7248,6.1931,1
6.701,-56,-28,1478,1486,0.12,0.39,2.9459,3.7248,6.1931,1
6.718,-57,-27,1478,1508,0.12,0.39,2.9459,3.7248,6.1931,1
6.735,-58,-28,1477,1486,0.12,0.39,2.9459,3.7248,6.1931,1
6.753,-62,-28,1442,1497,0.12,0.39,2.9459,3.7248,6.1931,0
6.771,-62,-28,1488,1498,0.12,0.39,2.9459,3.7248,6.1931,0
6.788,-66,-28,1441,1498,0.12,0.39,2.9459,3.7248,6.1931,0
6.805,-68,-29,1464,1486,0.12,0.39,2.9459,3.7248,6.1931,0
6.823,-70,-29,1464,1498,0.12,0.39,2.9459,3.7248,6.1931,0
6.841,-70,-29,1486,1498,0.23,0.19,2.9459,3.7248,6.1931,0
6.859,-75,-28,1430,1508,0.23,0.19,2.9459,3.7248,6.1931,0
6.877,-78,-27,1452,1508,0.23,0.19,2.9459,3.7248,6.1931,0
6.896,-81,-28,1453,1487,0.23,0.19,2.9475,3.4860,6.0179,0
6.913,-84,-29,1449,1486,0.23,0.19,2.9475,3.4860,6.0179,0
6.932,-86,-29,1462,1498,0.23,0.19,2.9475,3.4860,6.0179,0
6.950,-88,-29,1461,1498,0.23,0.19,2.9475,3.4860,6.0179,0
6.967,-90,-28,1459,1508,0.23,0.19,2.9475,3.4860,6.0179,0
6.985,-94,-28,1437,1498,0.23,0.19,2.9475,3.4860,6.0179,0
7.003,-96,-28,1459,1498,0.23,0.19,2.9475,3.4860,6.0179,0
7.021,-99,-28,1448,1498,0.23,0.19,2.9475,3.4860,6.0179,0
7.039,-102,-28,1445,1498,0.23,0.19,2.9475,3.4860,6.0179,0
7.057,-104,-29,1458,1487,0.23,0.19,2.9475,3.4860,6.0179,0
7.075,-106,-29,1457,1498,0.23,0.19,2.9475,3.4860,6.0179,0
7.092,-108,-30,1456,1486,0.15,-0.98,2.9475,3.4860,6.0179,0
7.111,-111,-28,1446,1518,0.15,-0.98,2.9475,3.4860,6.0179,0
7.129,-113,-28,1456,1498,0.15,-0.98,2.9475,3.4860,6.0179,0
7.146,-114,-28,1466,1498,0.15,-0.98,2.9475,3.4860,6.0179,0
7.164,-115,-28,1466,1498,0.15,-0.98,2.7349,3.8818,6.7335,0
7.182,-116,-27,1466,1508,0.15,-0.98,2.7349,3.8818,6.7335,0
7.199,-117,-28,1465,1486,0.15,-0.98,2.7349,3.8818,6.7335,0
7.217,-118,-28,1465,1498,0.15,-0.98,2.7349,3.8818,6.7335,0
7.234,-119,-28,1465,1498,0.15,-0.98,2.7349,3.8818,6.7335,0
7.252,-120,-28,1465,1498,0.15,-0.98,2.7349,3.8818,6.7335,0
7.269,-120,-29,1476,1486,0.15,-0.98,2.7349,3.8818,6.7335,0
7.287,-120,-29,1476,1497,0.15,-0.98,2.7349,3.8818,6.7335,0
7.305,-121,-28,1465,1508,0.15,-0.98,2.7349,3.8818,6.7335,0
7.323,-121,-28,1476,1498,0.15,-0.98,2.7349,3.8818,6.7335,0
7.340,-122,-27,1464,1508,-0.38,-0.75,2.7349,3.8818,6.7335,0
7.360,-122,-27,1476,1498,-0.38,-0.75,2.7349,3.8818,6.7335,0
7.378,-122,-28,1476,1486,-0.38,-0.75,2.7349,3.8818,6.7335,0
7.396,-122,-28,1476,1498,-0.38,-0.75,3.0174,3.9792,5.2175,0
7.414,-122,-28,1476,1498,-0.38,-0.75,3.0174,3.9792,5.2175,0
7.432,-122,-28,1476,1498,-0.38,-0.75,3.0174,3.9792,5.2175,0
7.450,-121,-28,1487,1498,-0.38,-0.75,3.0174,3.9792,5.2175,0
7.469,-121,-28,1476,1497,-0.38,-0.75,3.0174,3.9792,5.2175,0
7.487,-121,-28,1476,1497,-0.38,-0.75,3.0174,3.9792,5.2175,0
7.505,-121,-28,1476,1497,-0.38,-0.75,3.0174,3.9792,5.2175,0
7.523,-121,-28,1476,1497,-0.38,-0.75,3.0174,3.9792,5.2175,0
7.540,-122,-27,1464,1508,-0.38,-0.75,3.0174,3.9792,5.2175,0
7.557,-123,-28,1464,1486,-0.38,-0.75,3.0174,3.9792,5.2175,0
7.575,-124,-29,1464,1486,-0.38,-0.75,3.0174,3.9792,5.2175,0
7.593,-126,-28,1453,1508,-0.69,0.02,3.0174,3.9792,5.2175,0
7.610,-127,-28,1464,1497,-0.69,0.02,3.0174,3.9792,5.2175,0
7.627,-128,-28,1463,1497,-0.69,0.02,3.0174,3.9792,5.2175,0
7.644,-129,-28,1463,1497,-0.69,0.02,3.0312,3.8463,5.8032,0
7.662,-131,-28,1452,1497,-0.69,0.02,3.0312,3.8463,5.8032,0
7.679,-132,-28,1462,1497,-0.69,0.02,3.0312,3.8463,5.8032,0
7.696,-134,-28,1450,1497,-0.69,0.02,3.0312,3.8463,5.8032,0
7.713,-135,-28,1462,1497,-0.69,0.02,3.0312,3.8463,5.8032,0
7.731,-136,-27,1462,1508,-0.69,0.02,3.0312,3.8463,5.8032,0
7.749,-137,-27,1462,1498,-0.69,0.02,3.0312,3.8463,5.8032,0
7.768,-137,-27,1473,1498,-0.69,0.02,3.0312,3.8463,5.8032,0
7.786,-138,-27,1461,1498,-0.69,0.02,3.0312,3.8463,5.8032,0
7.804,-139,-27,1462,1498,-0.69,0.02,3.0312,3.8463,5.8032,0
7.822,-139,-27,1472,1498,-0.69,0.02,3.0312,3.8463,5.8032,0
7.840,-139,-27,1472,1498,-0.68,-0.17,3.0312,3.8463,5.8032,0
7.858,-139,-28,1472,1486,-0.68,-0.17,3.0312,3.8463,5.8032,0
7.876,-139,-27,1472,1507,-0.68,-0.17,3.0312,3.8463,5.8032,0
7.893,-140,-26,1461,1508,-0.68,-0.17,3.0312,3.8463,5.8032,0
7.912,-141,-26,1461,1498,-0.68,-0.17,2.9905,3.6748,6.9854,0
7.929,-141,-26,1472,1498,-0.68,-0.17,2.9905,3.6748,6.9854,0
7.947,-141,-26,1472,1498,-0.68,-0.17,2.9905,3.6748,6.9854,0
7.964,-142,-26,1460,1498,-0.68,-0.17,2.9905,3.6748,6.9854,0
7.982,-143,-26,1460,1498,-0.68,-0.17,2.9905,3.6748,6.9854,0
7.999,-145,-25,1448,1508,-0.68,-0.17,2.9905,3.6748,6.9854,0
8.017,-145,-25,1471,1498,-0.68,-0.17,2.9905,3.6748,6.9854,0
8.035,-148,-25,1437,1498,-0.68,-0.17,2.9905,3.6748,6.9854,0
8.052,-149,-25,1459,1498,-0.68,-0.17,2.9905,3.6748,6.9854,0
8.071,-149,-25,1470,1498,-0.68,-0.17,2.9905,3.6748,6.9854,0
8.089,-149,-25,1470,1498,-0.26,0.07,2.9905,3.6748,6.9854,0
8.106,-149,-25,1470,1498,-0.26,0.07,2.9905,3.6748,6.9854,0
8.124,-149,-25,1470,1498,-0.26,0.07,2.9905,3.6748,6.9854,0
8.142,-148,-24,1482,1508,-0.26,0.07,2.9905,3.6748,6.9854,0
8.160,-148,-24,1471,1498,-0.26,0.07,3.0554,3.4957,6.6182,0
8.177,-148,-24,1471,1498,-0.26,0.07,3.0554,3.4957,6.6182,0
8.194,-148,-24,1471,1498,-0.26,0.07,3.0554,3.4957,6.6182,0
8.211,-148,-24,1471,1498,-0.26,0.07,3.0554,3.4957,6.6182,0
8.231,-149,-24,1460,1498,-0.26,0.07,3.0554,3.4957,6.6182,0
8.249,-149,-24,1470,1498,-0.26,0.07,3.0554,3.4957,6.6182,0
8.267,-150,-24,1459,1498,-0.26,0.07,3.0554,3.4957,6.6182,0
8.284,-151,-24,1459,1498,-0.26,0.07,3.0554,3.4957,6.6182,0
8.301,-153,-23,1447,1509,-0.26,0.07,3.0554,3.4957,6.6182,0
8.319,-153,-23,1470,1498,-0.26,0.07,3.0554,3.4957,6.6182,0
8.338,-154,-23,1458,1498,-0.33,0.24,3.0554,3.4957,6.6182,0
8.356,-154,-23,1469,1498,-0.33,0.24,3.0554,3.4957,6.6182,0
8.374,-155,-23,1458,1498,-0.33,0.24,3.0554,3.4957,6.6182,0
8.391,-155,-23,1469,1498,-0.33,0.24,3.0554,3.4957,6.6182,0
8.410,-155,-23,1469,1498,-0.33,0.24,2.5967,3.8097,5.6833,0
8.427,-155,-23,1469,1498,-0.33,0.24,2.5967,3.8097,5.6833,0
8.448,-155,-23,1469,1498,-0.33,0.24,2.5967,3.8097,5.6833,0
8.467,-155,-23,1469,1498,-0.33,0.24,2.5967,3.8097,5.6833,0
8.484,-155,-23,1469,1498,-0.33,0.24,2.5967,3.8097,5.6833,0
8.502,-156,-22,1458,1508,-0.33,0.24,2.5967,3.8097,5.6833,0
8.519,-156,-22,1469,1498,-0.33,0.24,2.5967,3.8097,5.6833,0
8.537,-156,-22,1469,1498,-0.33,0.24,2.5967,3.8097,5.6833,0
8.554,-156,-21,1469,1509,-0.33,0.24,2.5967,3.8097,5.6833,0
8.572,-157,-21,1457,1498,-0.33,0.24,2.5967,3.8097,5.6833,0
8.591,-157,-21,1469,1498,-0.62,0.80,2.5967,3.8097,5.6833,0
8.609,-157,-21,1469,1498,-0.62,0.80,2.5967,3.8097,5.6833,0
8.627,-157,-21,1469,1498,-0.62,0.80,2.5967,3.8097,5.6833,0
8.647,-156,-21,1469,1498,-0.62,0.80,2.9003,4.2087,4.8237,0
8.666,-156,-21,1478,1498,-0.62,0.80,2.9003,4.2087,4.8237,0
8.685,-155,-20,1481,1509,-0.62,0.80,2.9003,4.2087,4.8237,0
8.703,-154,-20,1480,1498,-0.62,0.80,2.9003,4.2087,4.8237,0
8.722,-153,-20,1481,1498,-0.62,0.80,2.9003,4.2087,4.8237,0
8.739,-152,-20,1481,1498,-0.62,0.80,2.9003,4.2087,4.8237,0
8.756,-151,-20,1482,1498,-0.62,0.80,2.9003,4.2087,4.8237,0
8.774,-150,-20,1482,1498,-0.62,0.80,2.9003,4.2087,4.8237,0
8.792,-150,-20,1470,1498,-0.62,0.80,2.9003,4.2087,4.8237,0
8.810,-150,-20,1470,1498,-0.62,0.80,2.9003,4.2087,4.8237,0
8.829,-149,-20,1481,1498,-0.62,0.80,2.9003,4.2087,4.8237,0
8.846,-148,-19,1482,1509,-0.45,1.41,2.9003,4.2087,4.8237,0
8.864,-147,-19,1482,1498,-0.45,1.41,2.9003,4.2087,4.8237,0
8.882,-146,-19,1482,1498,-0.45,1.41,2.9003,4.2087,4.8237,0
8.900,-145,-19,1482,1498,-0.45,1.41,2.9729,3.7012,5.7774,0
8.917,-143,-19,1495,1498,-0.45,1.41,2.9729,3.7012,5.7774,0
8.935,-143,-19,1472,1498,-0.45,1.41,2.9729,3.7012,5.7774,0
8.952,-141,-20,1495,1487,-0.45,1.41,2.9729,3.7012,5.7774,0
8.970,-141,-19,1472,1509,-0.45,1.41,2.9729,3.7012,5.7774,0
8.987,-139,-18,1496,1509,-0.45,1.41,2.9729,3.7012,5.7774,0
9.004,-138,-18,1484,1498,-0.45,1.41,2.9729,3.7012,5.7774,0
9.021,-137,-18,1485,1498,-0.45,1.41,2.9729,3.7012,5.7774,0
9.038,-136,-18,1485,1498,-0.45,1.41,2.9729,3.7012,5.7774,0
9.055,-135,-18,1485,1498,-0.45,1.41,2.9729,3.7012,5.7774,0
9.073,-134,-18,1485,1498,-0.45,1.41,2.9729,3.7012,5.7774,0
9.090,-134,-18,1473,1498,-0.45,1.61,2.9729,3.7012,5.7774,0
9.107,-132,-19,1497,1487,-0.45,1.61,2.9729,3.7012,5.7774,0
9.125,-131,-19,1485,1498,-0.45,1.61,2.9729,3.7012,5.7774,0
9.145,-131,-19,1474,1498,-0.45,1.61,2.9213,3.2060,6.4227,0
9.164,-130,-19,1484,1498,-0.45,1.61,2.9213,3.2060,6.4227,0
9.184,-130,-18,1474,1507,-0.45,1.61,2.9213,3.2060,6.4227,0
9.202,-131,-19,1463,1487,-0.45,1.61,2.9213,3.2060,6.4227,0
9.220,-131,-19,1474,1498,-0.45,1.61,2.9213,3.2060,6.4227,0
9.237,-132,-19,1462,1498,-0.45,1.61,2.9213,3.2060,6.4227,0
9.254,-133,-18,1462,1509,-0.45,1.61,2.9213,3.2060,6.4227,0
9.271,-133,-18,1474,1498,-0.45,1.61,2.9213,3.2060,6.4227,0
9.288,-134,-19,1462,1487,-0.45,1.61,2.9213,3.2060,6.4227,0
9.306,-135,-19,1462,1498,-0.45,1.61,2.9213,3.2060,6.4227,0
9.323,-135,-19,1473,1498,-0.45,1.61,2.9213,3.2060,6.4227,0
9.341,-135,-19,1473,1498,-0.26,0.65,2.9213,3.2060,6.4227,0
9.358,-135,-19,1473,1498,-0.26,0.65,2.9213,3.2060,6.4227,0
9.375,-135,-19,1473,1498,-0.26,0.65,2.9213,3.2060,6.4227,0
9.394,-134,-19,1484,1498,-0.26,0.65,3.0204,4.1560,4.4631,0
9.412,-131,-20,1507,1487,-0.26,0.65,3.0204,4.1560,4.4631,0
9.430,-130,-20,1485,1498,-0.26,0.65,3.0204,4.1560,4.4631,0
9.452,-126,-20,1511,1498,-0.26,0.65,3.0204,4.1560,4.4631,0
9.470,-123,-21,1507,1487,-0.26,0.65,3.0204,4.1560,4.4631,0
9.488,-121,-21,1499,1498,-0.26,0.65,3.0204,4.1560,4.4631,0
9.505,-119,-21,1500,1498,-0.26,0.65,3.0204,4.1560,4.4631,0
9.523,-117,-21,1500,1498,-0.26,0.65,3.0204,4.1560,4.4631,0
9.540,-114,-21,1511,1498,-0.26,0.65,3.0204,4.1560,4.4631,0
9.557,-112,-21,1500,1498,-0.26,0.65,3.0204,4.1560,4.4631,0
9.574,-111,-21,1490,1498,-0.26,0.65,3.0204,4.1560,4.4631,0
9.591,-109,-21,1501,1498,-0.41,0.07,3.0204,4.1560,4.4631,0
9.608,-107,-21,1501,1498,-0.41,0.07,3.0204,4.1560,4.4631,0
9.625,-105,-21,1501,1498,-0.41,0.07,3.0204,4.1560,4.4631,0
9.642,-103,-21,1502,1498,-0.41,0.07,3.0326,3.3472,8.2983,0
9.660,-102,-21,1491,1498,-0.41,0.07,3.0326,3.3472,8.2983,0
9.677,-102,-21,1480,1498,-0.41,0.07,3.0326,3.3472,8.2983,0
9.695,-101,-20,1492,1509,-0.41,0.07,3.0326,3.3472,8.2983,0
9.712,-101,-20,1480,1498,-0.41,0.07,3.0326,3.3472,8.2983,0
9.730,-100,-20,1492,1498,-0.41,0.07,3.0326,3.3472,8.2983,0
9.749,-99,-20,1491,1498,-0.41,0.07,3.0326,3.3472,8.2983,0
9.767,-97,-20,1501,1498,-0.41,0.07,3.0326,3.3472,8.2983,0
9.785,-96,-20,1492,1498,-0.41,0.07,3.0326,3.3472,8.2983,0
9.803,-94,-20,1503,1498,-0.41,0.07,3.0326,3.3472,8.2983,0
9.820,-93,-20,1493,1498,-0.41,0.07,3.0326,3.3472,8.2983,0
9.837,-92,-20,1494,1498,0.48,-0.47,3.0326,3.3472,8.2983,0
9.854,-91,-20,1494,1498,0.48,-0.47,3.0326,3.3472,8.2983,0
9.872,-91,-20,1482,1498,0.48,-0.47,3.0326,3.3472,8.2983,0
9.889,-89,-20,1505,1498,0.48,-0.47,3.0326,3.3472,8.2983,0
9.908,-89,-20,1482,1498,0.48,-0.47,2.8443,3.6380,6.9994,0
9.926,-87,-19,1505,1509,0.48,-0.47,2.8443,3.6380,6.9994,0
9.943,-85,-19,1504,1498,0.48,-0.47,2.8443,3.6380,6.9994,0
9.960,-83,-19,1506,1498,0.48,-0.47,2.8443,3.6380,6.9994,0
9.977,-82,-19,1495,1498,0.48,-0.47,2.8443,3.6380,6.9994,0
9.995,-80,-19,1506,1498,0.48,-0.47,2.8443,3.6380,6.9994,0
10.013,-77,-19,1518,1498,0.48,-0.47,2.8443,3.6380,6.9994,0
10.031,-77,-19,1485,1498,0.48,-0.47,2.8443,3.6380,6.9994,0
10.049,-72,-19,1541,1498,0.48,-0.47,2.8443,3.6380,6.9994,0
10.067,-70,-19,1507,1498,0.48,-0.47,2.8443,3.6380,6.9994,0
10.084,-69,-19,1498,1498,0.50,0.45,2.8443,3.6380,6.9994,0
10.102,-69,-19,1486,1498,0.50,0.45,2.8443,3.6380,6.9994,0
10.120,-64,-19,1518,1498,0.50,0.45,2.8443,3.6380,6.9994,0
10.137,-64,-19,1510,1498,0.50,0.45,2.8443,3.6380,6.9994,0
10.155,-62,-19,1509,1498,0.50,0.45,3.1229,3.7078,5.7748,0
10.173,-59,-19,1520,1498,0.50,0.45,3.1229,3.7078,5.7748,1
10.192,-57,-19,1510,1498,0.50,0.45,3.1229,3.7078,5.7748,1
10.209,-55,-18,1510,1509,0.50,0.45,3.1229,3.7078,5.7748,1
10.226,-53,-19,1512,1487,0.50,0.45,3.1229,3.7078,5.7748,1
10.244,-52,-18,1501,1509,0.50,0.45,3.1229,3.7078,5.7748,1
10.261,-51,-18,1500,1498,0.50,0.45,3.1229,3.7078,5.7748,1
10.279,-49,-19,1512,1487,0.50,0.45,3.1229,3.7078,5.7748,1
10.297,-49,-19,1490,1498,0.50,0.45,3.1229,3.7078,5.7748,1
10.314,-49,-18,1490,1509,0.50,0.45,3.1229,3.7078,5.7748,1
10.331,-49,-18,1490,1498,0.49,1.07,3.1229,3.7078,5.7748,1
10.349,-49,-18,1490,1498,0.49,1.07,3.1229,3.7078,5.7748,1
10.371,-50,-18,1481,1498,0.49,1.07,3.1229,3.7078,5.7748,1
10.390,-51,-18,1479,1498,0.49,1.07,2.8148,3.7219,6.1625,1
10.411,-52,-18,1480,1498,0.49,1.07,2.8148,3.7219,6.1625,1
10.428,-54,-17,1467,1509,0.49,1.07,2.8148,3.7219,6.1625,1
10.446,-56,-18,1466,1487,0.49,1.07,2.8148,3.7219,6.1625,1
10.463,-57,-18,1478,1498,0.49,1.07,2.8148,3.7219,6.1625,1
10.481,-61,-18,1442,1498,0.49,1.07,2.8148,3.7219,6.1625,0
10.498,-63,-17,1465,1509,0.49,1.07,2.8148,3.7219,6.1625,0
10.516,-65,-17,1465,1499,0.49,1.07,2.8148,3.7219,6.1625,0
10.533,-67,-17,1464,1499,0.49,1.07,2.8148,3.7219,6.1625,0
10.551,-69,-18,1464,1488,0.49,1.07,2.8148,3.7219,6.1625,0
10.568,-70,-17,1475,1509,0.49,1.07,2.8148,3.7219,6.1625,0
10.587,-72,-17,1465,1499,-0.21,1.22,2.8148,3.7219,6.1625,0
10.605,-72,-17,1486,1499,-0.21,1.22,2.8148,3.7219,6.1625,0
10.625,-74,-17,1466,1499,-0.21,1.22,2.8148,3.7219,6.1625,0
10.644,-76,-17,1462,1499,-0.21,1.22,3.1028,3.5267,6.8356,0
10.662,-79,-17,1454,1499,-0.21,1.22,3.1028,3.5267,6.8356,0
10.680,-80,-17,1473,1499,-0.21,1.22,3.1028,3.5267,6.8356,0
10.697,-81,-17,1472,1499,-0.21,1.22,3.1028,3.5267,6.8356,0
10.714,-82,-18,1472,1487,-0.21,1.22,3.1028,3.5267,6.8356,0
10.732,-83,-17,1472,1509,-0.21,1.22,3.1028,3.5267,6.8356,0
10.749,-84,-17,1472,1499,-0.21,1.22,3.1028,3.5267,6.8356,0
10.768,-84,-17,1483,1499,-0.21,1.22,3.1028,3.5267,6.8356,0
10.787,-85,-17,1472,1499,-0.21,1.22,3.1028,3.5267,6.8356,0
10.805,-86,-17,1472,1499,-0.21,1.22,3.1028,3.5267,6.8356,0
10.823,-87,-17,1472,1499,-0.21,1.22,3.1028,3.5267,6.8356,0
10.841,-89,-18,1459,1487,-0.88,1.05,3.1028,3.5267,6.8356,0
10.858,-90,-17,1471,1509,-0.88,1.05,3.1028,3.5267,6.8356,0
10.876,-90,-17,1482,1499,-0.88,1.05,3.1028,3.5267,6.8356,0
10.893,-92,-18,1458,1487,-0.88,1.05,2.8829,4.0094,6.4586,0
10.910,-94,-17,1459,1509,-0.88,1.05,2.8829,4.0094,6.4586,0
10.928,-95,-17,1470,1499,-0.88,1.05,2.8829,4.0094,6.4586,0
10.946,-97,-17,1458,1499,-0.88,1.05,2.8829,4.0094,6.4586,0
10.963,-98,-18,1470,1488,-0.88,1.05,2.8829,4.0094,6.4586,0
10.981,-100,-17,1457,1509,-0.88,1.05,2.8829,4.0094,6.4586,0
10.999,-101,-17,1469,1499,-0.88,1.05,2.8829,4.0094,6.4586,0
11.016,-101,-17,1480,1499,-0.88,1.05,2.8829,4.0094,6.4586,0
11.034,-101,-17,1480,1499,-0.88,1.05,2.8829,4.0094,6.4586,0
11.051,-103,-17,1457,1499,-0.88,1.05,2.8829,4.0094,6.4586,0
11.069,-103,-17,1480,1499,-0.88,1.05,2.8829,4.0094,6.4586,0
11.088,-105,-18,1459,1488,-1.09,1.40,2.8829,4.0094,6.4586,0
11.106,-106,-17,1468,1509,-1.09,1.40,2.8829,4.0094,6.4586,0
11.123,-107,-17,1467,1499,-1.09,1.40,2.8829,4.0094,6.4586,0
11.141,-108,-18,1467,1487,-1.09,1.40,2.8829,4.0094,6.4586,0
11.158,-110,-18,1455,1499,-1.09,1.40,2.8158,3.6254,6.0323,0
11.175,-111,-18,1467,1499,-1.09,1.40,2.8158,3.6254,6.0323,0
11.192,-114,-17,1442,1509,-1.09,1.40,2.8158,3.6254,6.0323,0
11.210,-116,-18,1454,1487,-1.09,1.40,2.8158,3.6254,6.0323,0
11.227,-118,-18,1453,1499,-1.09,1.40,2.8158,3.6254,6.0323,0
11.247,-120,-18,1456,1499,-1.09,1.40,2.8158,3.6254,6.0323,0
11.264,-122,-18,1453,1499,-1.09,1.40,2.8158,3.6254,6.0323,0
11.282,-124,-19,1452,1487,-1.09,1.40,2.8158,3.6254,6.0323,0
11.300,-125,-18,1464,1509,-1.09,1.40,2.8158,3.6254,6.0323,0
11.317,-126,-18,1464,1499,-1.09,1.40,2.8158,3.6254,6.0323,0
11.334,-126,-18,1475,1499,-1.09,0.89,2.8158,3.6254,6.0323,0
11.351,-127,-19,1463,1487,-1.09,0.89,2.8158,3.6254,6.0323,0
11.368,-127,-19,1475,1498,-1.09,0.89,2.8158,3.6254,6.0323,0
11.386,-126,-18,1487,1509,-1.09,0.89,2.8158,3.6254,6.0323,0
11.404,-126,-18,1475,1499,-1.09,0.89,2.8024,3.7335,6.7927,0
11.421,-126,-19,1475,1487,-1.09,0.89,2.8024,3.7335,6.7927,0
11.439,-125,-19,1487,1498,-1.09,0.89,2.8024,3.7335,6.7927,0
11.456,-125,-19,1475,1498,-1.09,0.89,2.8024,3.7335,6.7927,0
11.474,-124,-19,1487,1498,-1.09,0.89,2.8024,3.7335,6.7927,0
11.492,-124,-20,1475,1487,-1.09,0.89,2.8024,3.7335,6.7927,0
11.510,-123,-20,1486,1498,-1.09,0.89,2.8024,3.7335,6.7927,0
11.528,-123,-20,1476,1498,-1.09,0.89,2.8024,3.7335,6.7927,0
11.546,-123,-20,1476,1498,-1.09,0.89,2.8024,3.7335,6.7927,0
11.564,-122,-20,1487,1498,-1.09,0.89,2.8024,3.7335,6.7927,0
11.582,-122,-20,1476,1498,-0.98,0.86,2.8024,3.7335,6.7927,0
11.600,-122,-20,1476,1498,-0.98,0.86,2.8024,3.7335,6.7927,0
11.617,-122,-20,1476,1498,-0.98,0.86,2.8024,3.7335,6.7927,0
11.636,-121,-20,1487,1498,-0.98,0.86,2.8024,3.7335,6.7927,0
11.654,-121,-21,1476,1487,-0.98,0.86,2.7133,3.3597,6.8306,0
11.671,-121,-21,1476,1498,-0.98,0.86,2.7133,3.3597,6.8306,0
11.689,-121,-21,1476,1498,-0.98,0.86,2.7133,3.3597,6.8306,0
11.707,-122,-21,1464,1498,-0.98,0.86,2.7133,3.3597,6.8306,0
11.724,-123,-21,1464,1498,-0.98,0.86,2.7133,3.3597,6.8306,0
11.741,-124,-21,1464,1498,-0.98,0.86,2.7133,3.3597,6.8306,0
11.759,-124,-21,1475,1498,-0.98,0.86,2.7133,3.3597,6.8306,0
11.776,-125,-21,1464,1498,-0.98,0.86,2.7133,3.3597,6.8306,0
11.793,-125,-22,1475,1487,-0.98,0.86,2.7133,3.3597,6.8306,0
11.811,-126,-21,1463,1509,-0.98,0.86,2.7133,3.3597,6.8306,0
11.828,-126,-22,1475,1487,-0.88,1.05,2.7133,3.3597,6.8306,0
11.846,-127,-22,1464,1498,-0.88,1.05,2.7133,3.3597,6.8306,0
11.864,-128,-22,1463,1498,-0.88,1.05,2.7133,3.3597,6.8306,0
11.881,-128,-22,1475,1498,-0.88,1.05,2.7133,3.3597,6.8306,0
11.899,-128,-22,1475,1498,-0.88,1.05,2.7754,3.6431,5.8225,0
11.916,-129,-22,1463,1498,-0.88,1.05,2.7754,3.6431,5.8225,0
11.933,-129,-22,1474,1498,-0.88,1.05,2.7754,3.6431,5.8225,0
11.951,-130,-22,1463,1498,-0.88,1.05,2.7754,3.6431,5.8225,0
11.968,-130,-22,1474,1498,-0.88,1.05,2.7754,3.6431,5.8225,0
11.986,-131,-22,1463,1498,-0.88,1.05,2.7754,3.6431,5.8225,0
12.003,-130,-22,1486,1498,-0.88,1.05,2.7754,3.6431,5.8225,0
12.021,-130,-22,1474,1498,-0.88,1.05,2.7754,3.6431,5.8225,0
12.038,-130,-22,1474,1498,-0.88,1.05,2.7754,3.6431,5.8225,0
12.056,-130,-22,1474,1498,-0.88,1.05,2.7754,3.6431,5.8225,0
12.073,-130,-23,1474,1486,-0.88,1.05,2.7754,3.6431,5.8225,0
12.092,-130,-23,1474,1498,-0.80,1.06,2.7754,3.6431,5.8225,0
12.111,-130,-23,1474,1498,-0.80,1.06,2.7754,3.6431,5.8225,0
12.129,-131,-23,1463,1498,-0.80,1.06,2.7754,3.6431,5.8225,0
12.146,-131,-23,1474,1498,-0.80,1.06,2.6987,3.4251,6.0341,0
12.165,-132,-23,1463,1498,-0.80,1.06,2.6987,3.4251,6.0341,0
12.182,-132,-23,1474,1498,-0.80,1.06,2.6987,3.4251,6.0341,0
12.200,-133,-23,1463,1498,-0.80,1.06,2.6987,3.4251,6.0341,0
12.219,-134,-23,1462,1498,-0.80,1.06,2.6987,3.4251,6.0341,0
12.236,-134,-24,1473,1487,-0.80,1.06,2.6987,3.4251,6.0341,0
12.254,-134,-24,1473,1498,-0.80,1.06,2.6987,3.4251,6.0341,0
12.271,-134,-24,1473,1498,-0.80,1.06,2.6987,3.4251,6.0341,0
12.288,-135,-24,1462,1498,-0.80,1.06,2.6987,3.4251,6.0341,0
12.305,-134,-24,1485,1498,-0.80,1.06,2.6987,3.4251,6.0341,0
12.323,-134,-25,1473,1486,-0.80,1.06,2.6987,3.4251,6.0341,0
12.341,-134,-25,1473,1498,-1.22,1.51,2.6987,3.4251,6.0341,0
12.359,-134,-25,1473,1498,-1.22,1.51,2.6987,3.4251,6.0341,0
12.377,-134,-25,1473,1498,-1.22,1.51,2.6987,3.4251,6.0341,0
12.396,-134,-25,1473,1498,-1.22,1.51,2.9417,3.5700,5.5671,0
12.415,-134,-27,1473,1479,-1.22,1.51,2.9417,3.5700,5.5671,0
12.435,-135,-26,1463,1507,-1.22,1.51,2.9417,3.5700,5.5671,0
12.456,-135,-26,1473,1498,-1.22,1.51,2.9417,3.5700,5.5671,0
12.474,-136,-26,1463,1498,-1.22,1.51,2.9417,3.5700,5.5671,0
12.497,-138,-26,1455,1498,-1.22,1.51,2.9417,3.5700,5.5671,0
12.514,-139,-26,1461,1498,-1.22,1.51,2.9417,3.5700,5.5671,0
12.532,-140,-26,1461,1498,-1.22,1.51,2.9417,3.5700,5.5671,0
12.549,-141,-27,1461,1486,-1.22,1.51,2.9417,3.5700,5.5671,0
12.566,-141,-27,1472,1498,-1.22,1.51,2.9417,3.5700,5.5671,0
12.585,-141,-27,1472,1498,-1.04,0.76,2.9417,3.5700,5.5671,0
12.603,-141,-27,1472,1498,-1.04,0.76,2.9417,3.5700,5.5671,0
12.620,-141,-27,1472,1498,-1.04,0.76,2.9417,3.5700,5.5671,0
12.639,-142,-28,1461,1487,-1.04,0.76,2.9718,3.6304,6.0824,0
12.657,-141,-27,1483,1508,-1.04,0.76,2.9718,3.6304,6.0824,0
12.674,-141,-27,1472,1498,-1.04,0.76,2.9718,3.6304,6.0824,0
12.691,-141,-27,1472,1498,-1.04,0.76,2.9718,3.6304,6.0824,0
12.709,-141,-27,1472,1498,-1.04,0.76,2.9718,3.6304,6.0824,0
12.730,-140,-28,1472,1487,-1.04,0.76,2.9718,3.6304,6.0824,0
12.747,-140,-28,1483,1497,-1.04,0.76,2.9718,3.6304,6.0824,0
12.765,-139,-28,1472,1497,-1.04,0.76,2.9718,3.6304,6.0824,0
12.784,-138,-28,1494,1497,-1.04,0.76,2.9718,3.6304,6.0824,0
12.801,-136,-28,1496,1497,-1.04,0.76,2.9718,3.6304,6.0824,0
12.819,-135,-28,1484,1497,-1.04,0.76,2.9718,3.6304,6.0824,0
12.838,-133,-29,1496,1486,-0.50,0.63,2.9718,3.6304,6.0824,0
12.855,-132,-29,1486,1497,-0.50,0.63,2.9718,3.6304,6.0824,0
12.872,-130,-29,1498,1497,-0.50,0.63,2.9718,3.6304,6.0824,0
12.889,-128,-29,1497,1497,-0.50,0.63,3.0328,3.5963,6.4522,0
12.907,-126,-29,1498,1497,-0.50,0.63,3.0328,3.5963,6.4522,0
12.924,-125,-30,1487,1486,-0.50,0.63,3.0328,3.5963,6.4522,0
12.942,-124,-29,1487,1508,-0.50,0.63,3.0328,3.5963,6.4522,0
12.960,-123,-29,1487,1497,-0.50,0.63,3.0328,3.5963,6.4522,0
12.978,-122,-30,1488,1486,-0.50,0.63,3.0328,3.5963,6.4522,0
12.995,-121,-30,1487,1497,-0.50,0.63,3.0328,3.5963,6.4522,0
13.013,-120,-30,1487,1497,-0.50,0.63,3.0328,3.5963,6.4522,0
13.031,-119,-30,1488,1497,-0.50,0.63,3.0328,3.5963,6.4522,0
13.056,-119,-30,1476,1497,-0.50,0.63,3.0328,3.5963,6.4522,0
13.073,-120,-30,1468,1497,-0.68,0.78,3.0328,3.5963,6.4522,0
13.091,-120,-30,1476,1497,-0.68,0.78,3.0328,3.5963,6.4522,0
13.108,-120,-31,1476,1486,-0.68,0.78,3.0328,3.5963,6.4522,0
13.126,-120,-30,1476,1508,-0.68,0.78,3.0328,3.5963,6.4522,0
13.144,-121,-31,1465,1486,-0.68,0.78,2.7797,3.6723,6.5201,0
13.162,-121,-31,1476,1497,-0.68,0.78,2.7797,3.6723,6.5201,0
13.180,-122,-31,1465,1497,-0.68,0.78,2.7797,3.6723,6.5201,0
13.197,-122,-31,1476,1497,-0.68,0.78,2.7797,3.6723,6.5201,0
13.214,-123,-31,1464,1497,-0.68,0.78,2.7797,3.6723,6.5201,0
13.231,-124,-31,1464,1497,-0.68,0.78,2.7797,3.6723,6.5201,0
13.249,-124,-31,1475,1497,-0.68,0.78,2.7797,3.6723,6.5201,0
13.266,-125,-31,1464,1497,-0.68,0.78,2.7797,3.6723,6.5201,0
13.283,-125,-31,1475,1497,-0.68,0.78,2.7797,3.6723,6.5201,0
13.300,-126,-31,1463,1497,-0.68,0.78,2.7797,3.6723,6.5201,0
13.317,-126,-31,1475,1497,-0.68,0.78,2.7797,3.6723,6.5201,0
13.334,-126,-31,1475,1497,-1.07,1.07,2.7797,3.6723,6.5201,0
13.351,-127,-31,1463,1497,-1.07,1.07,2.7797,3.6723,6.5201,0
13.372,-128,-32,1465,1487,-1.07,1.07,2.7797,3.6723,6.5201,0
13.392,-129,-32,1465,1497,-1.07,1.07,3.1624,3.7375,5.3681,0
13.409,-130,-33,1463,1485,-1.07,1.07,3.1624,3.7375,5.3681,0
13.428,-131,-33,1463,1497,-1.07,1.07,3.1624,3.7375,5.3681,0
13.445,-133,-32,1450,1508,-1.07,1.07,3.1624,3.7375,5.3681,0
13.463,-135,-32,1451,1497,-1.07,1.07,3.1624,3.7375,5.3681,0
13.480,-136,-32,1462,1497,-1.07,1.07,3.1624,3.7375,5.3681,0
13.497,-137,-32,1461,1497,-1.07,1.07,3.1624,3.7375,5.3681,0
13.515,-138,-33,1461,1485,-1.07,1.07,3.1624,3.7375,5.3681,0
13.532,-140,-33,1449,1497,-1.07,1.07,3.1624,3.7375,5.3681,0
13.549,-141,-34,1461,1485,-1.07,1.07,3.1624,3.7375,5.3681,0
13.567,-142,-34,1460,1497,-1.07,1.07,3.1624,3.7375,5.3681,0
13.585,-143,-35,1461,1486,-1.39,0.35,3.1624,3.7375,5.3681,0
13.602,-143,-35,1472,1497,-1.39,0.35,3.1624,3.7375,5.3681,0
13.619,-144,-34,1460,1508,-1.39,0.35,3.1624,3.7375,5.3681,0
13.636,-145,-34,1460,1497,-1.39,0.35,3.0894,3.9345,7.6679,0
13.653,-147,-35,1447,1485,-1.39,0.35,3.0894,3.9345,7.6679,0
13.671,-148,-35,1459,1497,-1.39,0.35,3.0894,3.9345,7.6679,0
13.693,-150,-35,1449,1497,-1.39,0.35,3.0894,3.9345,7.6679,0
13.711,-152,-34,1451,1505,-1.39,0.35,3.0894,3.9345,7.6679,0
13.730,-153,-35,1459,1486,-1.39,0.35,3.0894,3.9345,7.6679,0
13.747,-154,-34,1458,1507,-1.39,0.35,3.0894,3.9345,7.6679,0
13.764,-155,-35,1458,1485,-1.39,0.35,3.0894,3.9345,7.6679,0
13.782,-156,-35,1457,1497,-1.39,0.35,3.0894,3.9345,7.6679,0
13.799,-156,-35,1469,1497,-1.39,0.35,3.0894,3.9345,7.6679,0
13.816,-157,-35,1457,1497,-1.39,0.35,3.0894,3.9345,7.6679,0
13.833,-158,-35,1469,1497,-1.03,-0.25,3.0894,3.9345,7.6679,0
13.851,-159,-35,1445,1497,-1.03,-0.25,3.0894,3.9345,7.6679,0
13.868,-159,-35,1468,1497,-1.03,-0.25,3.0894,3.9345,7.6679,0
13.885,-160,-36,1457,1485,-1.03,-0.25,3.0052,5.0998,4.1664,0
13.904,-160,-36,1468,1497,-1.03,-0.25,3.0052,5.0998,4.1664,0
13.921,-160,-36,1468,1497,-1.03,-0.25,3.0052,5.0998,4.1664,0
13.939,-161,-36,1457,1497,-1.03,-0.25,3.0052,5.0998,4.1664,0
13.958,-161,-37,1468,1486,-1.03,-0.25,3.0052,5.0998,4.1664,0
13.977,-161,-36,1468,1507,-1.03,-0.25,3.0052,5.0998,4.1664,0
13.995,-162,-36,1458,1497,-1.03,-0.25,3.0052,5.0998,4.1664,0
14.013,-162,-36,1468,1497,-1.03,-0.25,3.0052,5.0998,4.1664,0
14.031,-162,-36,1468,1497,-1.03,-0.25,3.0052,5.0998,4.1664,0
14.048,-162,-36,1468,1497,-1.03,-0.25,3.0052,5.0998,4.1664,0
14.067,-162,-36,1468,1497,-1.03,-0.25,3.0052,5.0998,4.1664,0
14.086,-162,-36,1468,1497,-1.26,-0.62,3.0052,5.0998,4.1664,0
14.103,-162,-37,1468,1486,-1.26,-0.62,3.0052,5.0998,4.1664,0
14.121,-162,-37,1468,1497,-1.26,-0.62,3.0052,5.0998,4.1664,0
14.138,-161,-37,1479,1497,-1.26,-0.62,3.4045,5.3087,7.9349,0
14.156,-161,-36,1468,1507,-1.26,-0.62,3.4045,5.3087,7.9349,0
14.173,-159,-37,1492,1485,-1.26,-0.62,3.4045,5.3087,7.9349,0
14.191,-158,-37,1480,1497,-1.26,-0.62,3.4045,5.3087,7.9349,0
14.209,-157,-37,1480,1497,-1.26,-0.62,3.4045,5.3087,7.9349,0
14.227,-155,-37,1492,1497,-1.26,-0.62,3.4045,5.3087,7.9349,0
14.245,-152,-37,1504,1497,-1.26,-0.62,3.4045,5.3087,7.9349,0
14.263,-149,-38,1502,1486,-1.26,-0.62,3.4045,5.3087,7.9349,0
14.281,-147,-38,1493,1496,-1.26,-0.62,3.4045,5.3087,7.9349,0
14.299,-144,-38,1505,1496,-1.26,-0.62,3.4045,5.3087,7.9349,0
14.316,-141,-38,1505,1496,-1.26,-0.62,3.4045,5.3087,7.9349,0
14.333,-141,-38,1472,1496,-0.94,-0.66,3.4045,5.3087,7.9349,0
14.350,-138,-37,1506,1507,-0.94,-0.66,3.4045,5.3087,7.9349,0
14.369,-132,-38,1536,1486,-0.94,-0.66,3.4045,5.3087,7.9349,0
14.386,-129,-38,1508,1496,-0.94,-0.66,3.3243,5.3168,7.5850,0
14.404,-125,-38,1521,1496,-0.94,-0.66,3.3243,5.3168,7.5850,0
14.421,-122,-38,1510,1496,-0.94,-0.66,3.3243,5.3168,7.5850,0
14.438,-119,-38,1510,1496,-0.94,-0.66,3.3243,5.3168,7.5850,0
14.455,-116,-38,1511,1496,-0.94,-0.66,3.3243,5.3168,7.5850,0
14.473,-113,-38,1512,1496,-0.94,-0.66,3.3243,5.3168,7.5850,0
14.490,-111,-38,1500,1496,-0.94,-0.66,3.3243,5.3168,7.5850,0
14.507,-108,-38,1513,1496,-0.94,-0.66,3.3243,5.3168,7.5850,0
14.524,-105,-38,1513,1496,-0.94,-0.66,3.3243,5.3168,7.5850,0
14.541,-101,-39,1525,1485,-0.94,-0.66,3.3243,5.3168,7.5850,0
14.559,-99,-38,1502,1507,-0.94,-0.66,3.3243,5.3168,7.5850,0
14.577,-99,-38,1480,1496,-0.42,-0.17,3.3243,5.3168,7.5850,0
14.595,-97,-38,1503,1496,-0.42,-0.17,3.3243,5.3168,7.5850,0
14.612,-96,-38,1492,1496,-0.42,-0.17,3.3243,5.3168,7.5850,0
14.629,-95,-38,1493,1496,-0.42,-0.17,3.3243,5.3168,7.5850,0
14.649,-94,-38,1492,1496,-0.42,-0.17,3.0073,4.8443,4.2392,0
14.667,-92,-38,1503,1496,-0.42,-0.17,3.0073,4.8443,4.2392,0
14.686,-91,-38,1493,1496,-0.42,-0.17,3.0073,4.8443,4.2392,0
14.703,-91,-38,1482,1496,-0.42,-0.17,3.0073,4.8443,4.2392,0
14.720,-90,-38,1494,1496,-0.42,-0.17,3.0073,4.8443,4.2392,0
14.737,-90,-38,1482,1496,-0.42,-0.17,3.0073,4.8443,4.2392,0
14.755,-90,-38,1482,1496,-0.42,-0.17,3.0073,4.8443,4.2392,0
14.772,-90,-38,1482,1496,-0.42,-0.17,3.0073,4.8443,4.2392,0
14.790,-90,-38,1482,1496,-0.42,-0.17,3.0073,4.8443,4.2392,0
14.808,-91,-38,1471,1496,-0.42,-0.17,3.0073,4.8443,4.2392,0
14.825,-91,-38,1482,1496,0.33,0.23,3.0073,4.8443,4.2392,0
14.842,-91,-38,1482,1496,0.33,0.23,3.0073,4.8443,4.2392,0
14.859,-92,-38,1470,1496,0.33,0.23,3.0073,4.8443,4.2392,0
14.876,-92,-39,1482,1485,0.33,0.23,3.0073,4.8443,4.2392,0
14.893,-92,-39,1482,1496,0.33,0.23,3.1060,4.7602,5.8237,0
14.912,-93,-38,1471,1507,0.33,0.23,3.1060,4.7602,5.8237,0
14.929,-93,-38,1482,1496,0.33,0.23,3.1060,4.7602,5.8237,0
14.946,-93,-37,1482,1507,0.33,0.23,3.1060,4.7602,5.8237,0
14.964,-93,-38,1482,1485,0.33,0.23,3.1060,4.7602,5.8237,0
14.981,-92,-37,1493,1507,0.33,0.23,3.1060,4.7602,5.8237,0
14.998,-91,-37,1494,1497,0.33,0.23,3.1060,4.7602,5.8237,0
15.015,-90,-38,1494,1485,0.33,0.23,3.1060,4.7602,5.8237,0
15.034,-89,-38,1494,1496,0.33,0.23,3.1060,4.7602,5.8237,0
15.051,-88,-38,1494,1496,0.33,0.23,3.1060,4.7602,5.8237,0
15.070,-87,-37,1493,1506,0.49,0.33,3.1060,4.7602,5.8237,0
15.087,-85,-37,1506,1497,0.49,0.33,3.1060,4.7602,5.8237,0
15.105,-83,-38,1505,1485,0.49,0.33,3.1060,4.7602,5.8237,0
15.123,-81,-37,1505,1507,0.49,0.33,3.1060,4.7602,5.8237,0
15.141,-80,-37,1496,1497,0.49,0.33,3.5813,7.5446,8.1381,0
15.158,-77,-37,1518,1497,0.49,0.33,3.5813,7.5446,8.1381,0
15.176,-75,-38,1507,1485,0.49,0.33,3.5813,7.5446,8.1381,0
15.193,-70,-37,1544,1507,0.49,0.33,3.5813,7.5446,8.1381,0
15.211,-68,-37,1508,1497,0.49,0.33,3.5813,7.5446,8.1381,0
15.228,-65,-37,1521,1497,0.49,0.33,3.5813,7.5446,8.1381,0
15.245,-62,-38,1522,1485,0.49,0.33,3.5813,7.5446,8.1381,0
15.263,-60,-38,1510,1496,0.49,0.33,3.5813,7.5446,8.1381,0
15.280,-57,-38,1521,1496,0.49,0.33,3.5813,7.5446,8.1381,0
15.298,-55,-37,1512,1507,0.49,0.33,3.5813,7.5446,8.1381,0
15.314,-52,-37,1524,1497,0.49,0.33,3.5813,7.5446,8.1381,0
15.332,-49,-38,1524,1485,1.03,0.25,3.5813,7.5446,8.1381,0
15.349,-49,-38,1490,1496,1.03,0.25,3.5813,7.5446,8.1381,0
15.367,-47,-37,1512,1507,1.03,0.25,3.5813,7.5446,8.1381,0
15.386,-44,-38,1523,1486,1.03,0.25,3.3843,6.2003,6.6584,0
15.403,-41,-38,1526,1496,1.03,0.25,3.3843,6.2003,6.6584,0
15.420,-37,-38,1538,1496,1.03,0.25,3.3843,6.2003,6.6584,0
15.438,-34,-38,1526,1496,1.03,0.25,3.3843,6.2003,6.6584,0
15.455,-34,-38,1493,1496,1.03,0.25,3.3843,6.2003,6.6584,0
15.475,-34,-38,1493,1496,1.03,0.25,3.3843,6.2003,6.6584,0
15.492,-30,-38,1537,1496,1.03,0.25,3.3843,6.2003,6.6584,0
15.510,-27,-37,1528,1507,1.03,0.25,3.3843,6.2003,6.6584,0
15.529,-25,-37,1515,1497,1.03,0.25,3.3843,6.2003,6.6584,0
15.546,-22,-37,1530,1497,1.03,0.25,3.3843,6.2003,6.6584,0
15.563,-18,-37,1542,1497,1.03,0.25,3.3843,6.2003,6.6584,0
15.582,-15,-37,1529,1497,1.50,0.94,3.3843,6.2003,6.6584,0
15.601,-12,-37,1529,1497,1.50,0.94,3.3843,6.2003,6.6584,0
15.620,-10,-37,1518,1497,1.50,0.94,3.3843,6.2003,6.6584,0
15.640,-7,-37,1528,1497,1.50,0.94,3.0481,3.6510,7.5094,0
15.658,-4,-37,1532,1497,1.50,0.94,3.0481,3.6510,7.5094,0
15.676,0,-38,1545,1485,1.50,0.94,3.0481,3.6510,7.5094,0
15.694,3,-37,1532,1506,1.50,0.94,3.0481,3.6510,7.5094,0
15.711,5,-36,1524,1507,1.50,0.94,3.0481,3.6510,7.5094,0
15.729,7,-36,1524,1497,1.50,0.94,3.0481,3.6510,7.5094,0
15.746,9,-37,1524,1485,1.50,0.94,3.0481,3.6510,7.5094,0
15.763,10,-37,1513,1497,1.50,0.94,3.0481,3.6510,7.5094,0
15.781,11,-37,1513,1497,1.50,0.94,3.0481,3.6510,7.5094,0
15.798,12,-37,1513,1497,1.50,0.94,3.0481,3.6510,7.5094,0
15.816,13,-37,1513,1497,1.50,0.94,3.0481,3.6510,7.5094,0
15.834,13,-37,1502,1497,1.83,0.88,3.0481,3.6510,7.5094,0
15.852,13,-37,1502,1497,1.83,0.88,3.0481,3.6510,7.5094,0
15.870,14,-36,1513,1507,1.83,0.88,3.0481,3.6510,7.5094,0
15.887,15,-36,1514,1497,1.83,0.88,2.7147,3.4737,6.8078,0
15.905,16,-36,1513,1497,1.83,0.88,2.7147,3.4737,6.8078,0
15.922,16,-36,1503,1497,1.83,0.88,2.7147,3.4737,6.8078,0
15.940,17,-36,1514,1497,1.83,0.88,2.7147,3.4737,6.8078,0
15.959,17,-36,1503,1497,1.83,0.88,2.7147,3.4737,6.8078,0
15.977,16,-36,1492,1497,1.83,0.88,2.7147,3.4737,6.8078,0
15.994,15,-37,1492,1485,1.83,0.88,2.7147,3.4737,6.8078,0
16.014,14,-36,1492,1507,1.83,0.88,2.7147,3.4737,6.8078,0
16.031,13,-36,1492,1497,1.83,0.88,2.7147,3.4737,6.8078,0
16.048,13,-36,1502,1497,1.83,0.88,2.7147,3.4737,6.8078,0
16.068,10,-36,1491,1485,1.83,0.88,2.7147,3.4737,6.8078,0
16.088,9,-37,1475,1497,0.89,0.86,2.7147,3.4737,6.8078,0
16.106,8,-37,1491,1497,0.89,0.86,2.7147,3.4737,6.8078,0
16.123,6,-36,1479,1507,0.89,0.86,2.7147,3.4737,6.8078,0
16.141,5,-36,1490,1497,0.89,0.86,2.7717,3.5382,6.2183,0
16.159,3,-36,1479,1497,0.89,0.86,2.7717,3.5382,6.2183,0
16.176,1,-36,1477,1497,0.89,0.86,2.7717,3.5382,6.2183,0
16.193,-3,-37,1454,1485,0.89,0.86,2.7717,3.5382,6.2183,0
16.211,-5,-37,1476,1497,0.89,0.86,2.7717,3.5382,6.2183,0
16.229,-7,-37,1476,1497,0.89,0.86,2.7717,3.5382,6.2183,0
16.246,-9,-37,1476,1497,0.89,0.86,2.7717,3.5382,6.2183,0
16.264,-10,-37,1487,1497,0.89,0.86,2.7717,3.5382,6.2183,0
16.281,-11,-37,1487,1497,0.89,0.86,2.7717,3.5382,6.2183,0
16.299,-13,-37,1475,1497,0.89,0.86,2.7717,3.5382,6.2183,0
16.317,-14,-37,1486,1497,0.22,0.61,2.7717,3.5382,6.2183,0
16.334,-16,-37,1474,1497,0.22,0.61,2.7717,3.5382,6.2183,0
16.351,-18,-37,1474,1497,0.22,0.61,2.7717,3.5382,6.2183,0
16.369,-19,-37,1485,1497,0.22,0.61,2.7717,3.5382,6.2183,0
16.386,-21,-37,1473,1497,0.22,0.61,2.6356,3.8580,6.1788,0
16.404,-24,-37,1461,1497,0.22,0.61,2.6356,3.8580,6.1788,0
16.421,-26,-37,1473,1497,0.22,0.61,2.6356,3.8580,6.1788,0
16.439,-29,-37,1460,1497,0.22,0.61,2.6356,3.8580,6.1788,0
16.456,-31,-37,1471,1497,0.22,0.61,2.6356,3.8580,6.1788,0
16.473,-34,-37,1458,1497,0.22,0.61,2.6356,3.8580,6.1788,0
16.490,-37,-37,1458,1497,0.22,0.61,2.6356,3.8580,6.1788,0
16.509,-40,-38,1459,1485,0.22,0.61,2.6356,3.8580,6.1788,0
16.526,-45,-38,1435,1496,0.22,0.61,2.6356,3.8580,6.1788,0
16.544,-47,-38,1468,1496,0.22,0.61,2.6356,3.8580,6.1788,0
16.561,-50,-38,1457,1496,0.22,0.61,2.6356,3.8580,6.1788,0
16.579,-52,-37,1467,1507,-0.59,0.30,2.6356,3.8580,6.1788,0
16.598,-54,-37,1467,1497,-0.59,0.30,2.6356,3.8580,6.1788,0
16.616,-57,-37,1457,1497,-0.59,0.30,2.6356,3.8580,6.1788,0
16.634,-59,-38,1467,1486,-0.59,0.30,3.0893,5.0228,4.7945,0
16.651,-61,-38,1465,1496,-0.59,0.30,3.0893,5.0228,4.7945,0
16.669,-63,-38,1464,1496,-0.59,0.30,3.0893,5.0228,4.7945,0
16.686,-65,-38,1465,1496,-0.59,0.30,3.0893,5.0228,4.7945,0
16.704,-68,-38,1452,1496,-0.59,0.30,3.0893,5.0228,4.7945,0
16.721,-70,-38,1463,1496,-0.59,0.30,3.0893,5.0228,4.7945,0
16.739,-73,-38,1452,1496,-0.59,0.30,3.0893,5.0228,4.7945,0
16.758,-75,-38,1464,1496,-0.59,0.30,3.0893,5.0228,4.7945,0
16.775,-79,-38,1439,1496,-0.59,0.30,3.0893,5.0228,4.7945,0
16.793,-85,-38,1416,1496,-0.59,0.30,3.0893,5.0228,4.7945,0
16.811,-88,-38,1449,1496,-0.59,0.30,3.0893,5.0228,4.7945,0
16.828,-91,-38,1483,1496,-0.87,0.00,3.0893,5.0228,4.7945,0
16.846,-91,-38,1448,1496,-0.87,0.00,3.0893,5.0228,4.7945,0
16.863,-94,-38,1447,1496,-0.87,0.00,3.0893,5.0228,4.7945,0
16.882,-96,-38,1460,1496,-0.87,0.00,3.3059,5.6266,4.5536,0
16.902,-100,-38,1439,1496,-0.87,0.00,3.3059,5.6266,4.5536,0
16.920,-102,-38,1458,1496,-0.87,0.00,3.3059,5.6266,4.5536,0
16.938,-103,-38,1468,1496,-0.87,0.00,3.3059,5.6266,4.5536,0
16.957,-104,-38,1469,1496,-0.87,0.00,3.3059,5.6266,4.5536,0
16.974,-104,-38,1479,1496,-0.87,0.00,3.3059,5.6266,4.5536,0
16.993,-104,-39,1479,1485,-0.87,0.00,3.3059,5.6266,4.5536,0
17.010,-104,-38,1479,1507,-0.87,0.00,3.3059,5.6266,4.5536,0
17.028,-102,-39,1501,1485,-0.87,0.00,3.3059,5.6266,4.5536,0
17.046,-101,-40,1491,1485,-0.87,0.00,3.3059,5.6266,4.5536,0
17.065,-100,-39,1491,1506,-0.87,0.00,3.3059,5.6266,4.5536,0
17.083,-99,-39,1491,1496,-1.73,-0.37,3.3059,5.6266,4.5536,0
17.103,-98,-39,1491,1496,-1.73,-0.37,3.3059,5.6266,4.5536,0
17.121,-96,-39,1503,1496,-1.73,-0.37,3.3059,5.6266,4.5536,0
17.139,-95,-40,1492,1486,-1.73,-0.37,3.6263,8.5188,7.4484,0
17.157,-94,-40,1493,1496,-1.73,-0.37,3.6263,8.5188,7.4484,0
17.175,-92,-40,1504,1496,-1.73,-0.37,3.6263,8.5188,7.4484,0
17.192,-91,-39,1494,1507,-1.73,-0.37,3.6263,8.5188,7.4484,0
17.211,-90,-39,1493,1496,-1.73,-0.37,3.6263,8.5188,7.4484,0
17.229,-89,-39,1494,1496,-1.73,-0.37,3.6263,8.5188,7.4484,0
17.246,-88,-40,1494,1485,-1.73,-0.37,3.6263,8.5188,7.4484,0
17.264,-87,-39,1494,1506,-1.73,-0.37,3.6263,8.5188,7.4484,0
17.281,-87,-40,1483,1485,-1.73,-0.37,3.6263,8.5188,7.4484,0
17.299,-87,-39,1483,1507,-1.73,-0.37,3.6263,8.5188,7.4484,0
17.316,-86,-39,1495,1496,-0.45,-0.03,3.6263,8.5188,7.4484,0
17.333,-86,-39,1483,1496,-0.45,-0.03,3.6263,8.5188,7.4484,0
17.352,-86,-39,1483,1496,-0.45,-0.03,3.6263,8.5188,7.4484,0
17.370,-86,-40,1483,1485,-0.45,-0.03,3.6263,8.5188,7.4484,0
17.388,-86,-39,1483,1506,-0.45,-0.03,3.2643,5.2639,5.5551,0
17.405,-86,-40,1483,1485,-0.45,-0.03,3.2643,5.2639,5.5551,0
17.426,-86,-40,1483,1496,-0.45,-0.03,3.2643,5.2639,5.5551,0
17.444,-87,-40,1472,1496,-0.45,-0.03,3.2643,5.2639,5.5551,0
17.462,-88,-40,1471,1496,-0.45,-0.03,3.2643,5.2639,5.5551,0
17.480,-89,-40,1471,1496,-0.45,-0.03,3.2643,5.2639,5.5551,0
17.497,-89,-40,1482,1496,-0.45,-0.03,3.2643,5.2639,5.5551,0
17.514,-90,-39,1471,1507,-0.45,-0.03,3.2643,5.2639,5.5551,0
17.532,-91,-39,1470,1496,-0.45,-0.03,3.2643,5.2639,5.5551,0
17.549,-91,-39,1482,1496,-0.45,-0.03,3.2643,5.2639,5.5551,0
17.566,-91,-40,1482,1485,0.07,-0.06,3.2643,5.2639,5.5551,0
17.583,-91,-40,1482,1496,0.07,-0.06,3.2643,5.2639,5.5551,0
17.601,-91,-39,1482,1507,0.07,-0.06,3.2643,5.2639,5.5551,0
17.619,-91,-39,1482,1496,0.07,-0.06,3.2643,5.2639,5.5551,0
17.646,-91,-39,1482,1496,0.07,-0.06,3.4717,5.9365,8.1733,0
17.663,-91,-40,1482,1487,0.07,-0.06,3.4717,5.9365,8.1733,0
17.681,-90,-40,1494,1496,0.07,-0.06,3.4717,5.9365,8.1733,0
17.699,-89,-39,1494,1507,0.07,-0.06,3.4717,5.9365,8.1733,0
17.716,-89,-39,1482,1496,0.07,-0.06,3.4717,5.9365,8.1733,0
17.733,-88,-39,1494,1496,0.07,-0.06,3.4717,5.9365,8.1733,0
17.751,-86,-40,1505,1485,0.07,-0.06,3.4717,5.9365,8.1733,0
17.768,-85,-40,1495,1496,0.07,-0.06,3.4717,5.9365,8.1733,0
17.786,-83,-40,1505,1496,0.07,-0.06,3.4717,5.9365,8.1733,0
17.804,-82,-40,1495,1496,0.07,-0.06,3.4717,5.9365,8.1733,0
17.823,-80,-39,1505,1506,0.11,0.17,3.4717,5.9365,8.1733,0
17.842,-78,-39,1504,1496,0.11,0.17,3.4717,5.9365,8.1733,0
17.859,-76,-39,1507,1496,0.11,0.17,3.4717,5.9365,8.1733,0
17.877,-74,-40,1507,1485,0.11,0.17,3.3489,5.4037,6.8501,0
17.895,-72,-40,1507,1496,0.11,0.17,3.3489,5.4037,6.8501,0
17.912,-69,-40,1520,1496,0.11,0.17,3.3489,5.4037,6.8501,0
17.930,-64,-40,1544,1496,0.11,0.17,3.3489,5.4037,6.8501,0
17.948,-62,-40,1509,1496,0.11,0.17,3.3489,5.4037,6.8501,0
17.965,-59,-39,1522,1507,0.11,0.17,3.3489,5.4037,6.8501,0
17.982,-56,-40,1522,1485,0.11,0.17,3.3489,5.4037,6.8501,0
18.000,-53,-40,1524,1496,0.11,0.17,3.3489,5.4037,6.8501,0
18.017,-51,-40,1512,1496,0.11,0.17,3.3489,5.4037,6.8501,0
18.035,-48,-40,1523,1496,0.11,0.17,3.3489,5.4037,6.8501,0
18.052,-45,-40,1525,1496,0.11,0.17,3.3489,5.4037,6.8501,0
18.079,-43,-41,1491,1496,-0.63,0.07,3.3489,5.4037,6.8501,0
18.104,-41,-41,1524,1488,-0.63,0.07,3.3489,5.4037,6.8501,0
18.121,-39,-41,1510,1496,-0.63,0.07,3.3489,5.4037,6.8501,0
18.138,-36,-40,1527,1507,-0.63,0.07,3.0102,4.3671,7.9891,0
18.156,-33,-40,1527,1496,-0.63,0.07,3.0102,4.3671,7.9891,0
18.173,-31,-40,1516,1496,-0.63,0.07,3.0102,4.3671,7.9891,0
18.191,-29,-40,1516,1496,-0.63,0.07,3.0102,4.3671,7.9891,0
18.208,-28,-40,1505,1496,-0.63,0.07,3.0102,4.3671,7.9891,0
18.227,-25,-40,1528,1496,-0.63,0.07,3.0102,4.3671,7.9891,0
18.245,-24,-40,1506,1496,-0.63,0.07,3.0102,4.3671,7.9891,0
18.264,-23,-39,1505,1505,-0.63,0.07,3.0102,4.3671,7.9891,0
18.281,-23,-39,1496,1496,-0.63,0.07,3.0102,4.3671,7.9891,0
18.301,-21,-39,1516,1496,-0.63,0.07,3.0102,4.3671,7.9891,0
18.319,-20,-40,1506,1485,-0.21,0.02,3.0102,4.3671,7.9891,0
18.336,-19,-40,1507,1496,-0.21,0.02,3.0102,4.3671,7.9891,0
18.354,-17,-40,1517,1496,-0.21,0.02,3.0102,4.3671,7.9891,0
18.373,-15,-40,1518,1496,-0.21,0.02,3.0877,4.6028,4.9460,0
18.390,-13,-40,1520,1496,-0.21,0.02,3.0877,4.6028,4.9460,0
18.407,-11,-39,1521,1507,-0.21,0.02,3.0877,4.6028,4.9460,0
18.424,-9,-39,1521,1496,-0.21,0.02,3.0877,4.6028,4.9460,0
18.442,-6,-39,1533,1496,-0.21,0.02,3.0877,4.6028,4.9460,0
18.459,-6,-39,1499,1496,-0.21,0.02,3.0877,4.6028,4.9460,0
18.477,-2,-38,1520,1506,-0.21,0.02,3.0877,4.6028,4.9460,0
18.498,0,-38,1543,1496,-0.21,0.02,3.0877,4.6028,4.9460,0
18.516,2,-38,1520,1496,-0.21,0.02,3.0877,4.6028,4.9460,0
18.534,5,-38,1533,1496,-0.21,0.02,3.0877,4.6028,4.9460,0
18.552,7,-38,1523,1496,-0.21,0.02,3.0877,4.6028,4.9460,0
18.569,9,-38,1524,1496,0.67,0.29,3.0877,4.6028,4.9460,0
18.587,11,-38,1524,1496,0.67,0.29,3.0877,4.6028,4.9460,0
18.605,14,-38,1536,1496,0.67,0.29,3.0877,4.6028,4.9460,0
18.622,19,-39,1561,1485,0.67,0.29,3.0877,4.6028,4.9460,0
18.640,21,-39,1527,1496,0.67,0.29,3.0877,4.6028,4.9460,0
18.658,23,-38,1526,1506,0.67,0.29,3.0877,4.6028,4.9460,0
18.676,26,-38,1538,1496,0.67,0.29,3.0877,4.6028,4.9460,0
18.695,27,-38,1515,1496,0.67,0.29,3.0877,4.6028,4.9460,0
18.713,29,-37,1527,1507,0.67,0.29,3.0877,4.6028,4.9460,0
18.731,30,-37,1516,1497,0.67,0.29,3.0877,4.6028,4.9460,0
18.749,31,-37,1517,1497,0.67,0.29,3.0877,4.6028,4.9460,0
18.766,33,-37,1529,1497,0.67,0.29,3.0877,4.6028,4.9460,0
18.783,34,-37,1518,1497,0.67,0.29,3.0877,4.6028,4.9460,0
18.801,36,-37,1530,1497,0.67,0.29,3.0877,4.6028,4.9460,0
18.818,38,-37,1530,1497,0.67,0.29,3.0877,4.6028,4.9460,0
18.835,39,-37,1518,1497,0.67,0.29,3.0877,4.6028,4.9460,0
18.852,41,-37,1531,1497,0.67,0.29,3.0877,4.6028,4.9460,0
18.870,44,-37,1542,1497,0.67,0.29,2.7819,3.6571,5.9930,0
18.891,46,-37,1527,1497,1.25,0.08,2.7819,3.6571,5.9930,0
18.910,50,-37,1553,1497,1.25,0.08,2.7819,3.6571,5.9930,0
18.927,51,-37,1521,1497,1.25,0.08,2.7819,3.6571,5.9930,0
18.944,53,-36,1533,1507,1.25,0.08,2.7819,3.6571,5.9930,0
18.962,53,-36,1510,1497,1.25,0.08,2.7819,3.6571,5.9930,0
18.979,54,-36,1522,1497,1.25,0.08,2.7819,3.6571,5.9930,0
18.998,54,-37,1510,1486,1.25,0.08,2.7819,3.6571,5.9930,0
19.015,54,-36,1510,1507,1.25,0.08,2.7819,3.6571,5.9930,0
19.033,54,-36,1510,1497,1.25,0.08,2.7819,3.6571,5.9930,0
19.050,53,-36,1500,1497,1.25,0.08,2.7819,3.6571,5.9930,0
19.068,52,-36,1500,1497,1.33,0.31,2.7819,3.6571,5.9930,0
19.086,51,-36,1500,1497,1.33,0.31,2.7819,3.6571,5.9930,0
19.104,50,-36,1499,1497,1.33,0.31,2.7819,3.6571,5.9930,0
19.122,48,-36,1488,1497,1.33,0.31,2.7819,3.6571,5.9930,0
19.140,47,-36,1498,1497,1.33,0.31,2.7819,3.6571,5.9930,0
19.158,44,-35,1477,1507,1.33,0.31,2.7819,3.6571,5.9930,0
19.175,42,-36,1485,1485,1.33,0.31,2.7819,3.6571,5.9930,0
19.192,42,-36,1508,1497,1.33,0.31,2.7819,3.6571,5.9930,0
19.211,42,-36,1508,1497,1.33,0.31,2.7819,3.6571,5.9930,0
19.229,38,-36,1464,1497,1.33,0.31,2.7819,3.6571,5.9930,0
19.246,36,-36,1485,1497,1.33,0.31,2.7819,3.6571,5.9930,0
19.264,32,-35,1462,1507,1.33,0.31,2.7819,3.6571,5.9930,0
19.281,30,-35,1483,1497,1.33,0.31,2.7819,3.6571,5.9930,0
19.299,28,-35,1483,1497,1.33,0.31,2.7819,3.6571,5.9930,0
19.318,25,-35,1475,1497,1.33,0.31,2.7819,3.6571,5.9930,0
19.336,24,-35,1494,1497,1.33,0.31,2.7819,3.6571,5.9930,0
19.358,21,-35,1477,1497,1.33,0.31,2.8886,3.7544,6.6629,0
19.375,19,-35,1481,1497,0.42,0.33,2.8886,3.7544,6.6629,0
19.394,17,-36,1483,1486,0.42,0.33,2.8886,3.7544,6.6629,0
19.412,12,-36,1447,1497,0.42,0.33,2.8886,3.7544,6.6629,0
19.429,10,-36,1480,1497,0.42,0.33,2.8886,3.7544,6.6629,0
19.447,8,-35,1479,1507,0.42,0.33,2.8886,3.7544,6.6629,0
19.464,5,-35,1468,1497,0.42,0.33,2.8886,3.7544,6.6629,0
19.483,2,-35,1468,1497,0.42,0.33,2.8886,3.7544,6.6629,0
19.501,0,-35,1478,1497,0.42,0.33,2.8886,3.7544,6.6629,0
19.521,-3,-34,1467,1507,0.42,0.33,2.8886,3.7544,6.6629,0
19.539,-6,-34,1470,1497,0.42,0.33,2.8886,3.7544,6.6629,0
19.558,-10,-34,1455,1497,0.42,0.33,2.8886,3.7544,6.6629,0
19.576,-13,-34,1465,1497,-0.07,0.77,2.8886,3.7544,6.6629,0
19.594,-19,-34,1430,1497,-0.07,0.77,2.8886,3.7544,6.6629,0
19.611,-23,-34,1449,1497,-0.07,0.77,2.8886,3.7544,6.6629,0
19.628,-26,-33,1460,1508,-0.07,0.77,2.8886,3.7544,6.6629,0
19.646,-30,-34,1448,1485,-0.07,0.77,2.8886,3.7544,6.6629,0
19.663,-34,-33,1448,1508,-0.07,0.77,2.8886,3.7544,6.6629,0
19.681,-38,-33,1447,1497,-0.07,0.77,2.8886,3.7544,6.6629,0
19.698,-42,-33,1446,1497,-0.07,0.77,2.8886,3.7544,6.6629,0
19.715,-45,-33,1457,1497,-0.07,0.77,2.8886,3.7544,6.6629,0
19.732,-49,-33,1444,1497,-0.07,0.77,2.8886,3.7544,6.6629,0
19.750,-53,-33,1444,1497,-0.07,0.77,2.8886,3.7544,6.6629,0
19.767,-57,-34,1443,1485,-0.07,0.77,2.8886,3.7544,6.6629,0
19.784,-62,-33,1432,1507,-0.07,0.77,2.8886,3.7544,6.6629,0
19.802,-65,-33,1453,1497,-0.07,0.77,2.8886,3.7544,6.6629,0
19.819,-69,-33,1441,1497,-0.07,0.77,2.8886,3.7544,6.6629,0
19.837,-73,-33,1439,1497,-0.07,0.77,2.8886,3.7544,6.6629,0
19.854,-76,-33,1452,1497,-0.07,0.77,2.8886,3.7544,6.6629,0
19.871,-79,-34,1450,1485,-0.72,1.52,3.3834,5.9567,7.0981,0
19.889,-83,-34,1437,1497,-0.72,1.52,3.3834,5.9567,7.0981,0
19.907,-89,-33,1415,1507,-0.72,1.52,3.3834,5.9567,7.0981,0
19.924,-89,-33,1483,1497,-0.72,1.52,3.3834,5.9567,7.0981,0
19.943,-94,-33,1428,1497,-0.72,1.52,3.3834,5.9567,7.0981,0
19.961,-94,-33,1482,1497,-0.72,1.52,3.3834,5.9567,7.0981,0
19.979,-99,-33,1424,1497,-0.72,1.52,3.3834,5.9567,7.0981,0
19.997,-100,-33,1470,1497,-0.72,1.52,3.3834,5.9567,7.0981,0
20.015,-102,-33,1458,1497,-0.72,1.52,3.3834,5.9567,7.0981,0
20.033,-103,-33,1468,1497,-0.72,1.52,3.3834,5.9567,7.0981,0
20.051,-104,-32,1469,1507,-0.72,1.52,3.3834,5.9567,7.0981,0
20.068,-106,-33,1456,1485,-1.14,1.67,3.3834,5.9567,7.0981,0
20.085,-106,-33,1479,1497,-1.14,1.67,3.3834,5.9567,7.0981,0
20.103,-106,-33,1479,1497,-1.14,1.67,3.3834,5.9567,7.0981,0
20.120,-106,-33,1479,1497,-1.14,1.67,3.3834,5.9567,7.0981,0
20.137,-107,-33,1467,1497,-1.14,1.67,3.3834,5.9567,7.0981,0
20.155,-107,-33,1479,1497,-1.14,1.67,3.3834,5.9567,7.0981,0
20.172,-107,-33,1479,1497,-1.14,1.67,3.3834,5.9567,7.0981,0
20.191,-107,-32,1479,1507,-1.14,1.67,3.3834,5.9567,7.0981,0
20.209,-107,-32,1479,1497,-1.14,1.67,3.3834,5.9567,7.0981,0
20.235,-106,-33,1488,1497,-1.14,1.67,3.3834,5.9567,7.0981,0
20.252,-105,-33,1489,1487,-1.14,1.67,3.3834,5.9567,7.0981,0
20.270,-104,-33,1491,1497,-1.14,1.67,3.3834,5.9567,7.0981,0
20.288,-103,-32,1491,1507,-1.14,1.67,3.3834,5.9567,7.0981,0
20.306,-100,-32,1513,1497,-1.14,1.67,3.3834,5.9567,7.0981,0
20.324,-100,-32,1480,1497,-1.14,1.67,3.3834,5.9567,7.0981,0
20.341,-99,-33,1492,1486,-1.14,1.67,3.3834,5.9567,7.0981,0
20.360,-98,-33,1491,1497,-1.14,1.67,3.3836,5.4656,7.4426,0
20.378,-96,-33,1502,1497,-1.17,1.74,3.3836,5.4656,7.4426,0
20.396,-94,-33,1503,1497,-1.17,1.74,3.3836,5.4656,7.4426,0
20.413,-93,-33,1493,1497,-1.17,1.74,3.3836,5.4656,7.4426,0
20.431,-91,-32,1504,1507,-1.17,1.74,3.3836,5.4656,7.4426,0
20.449,-89,-32,1504,1497,-1.17,1.74,3.3836,5.4656,7.4426,0
20.466,-87,-33,1505,1485,-1.17,1.74,3.3836,5.4656,7.4426,0
20.484,-85,-32,1505,1508,-1.17,1.74,3.3836,5.4656,7.4426,0
20.501,-83,-33,1506,1485,-1.17,1.74,3.3836,5.4656,7.4426,0
20.518,-81,-33,1506,1497,-1.17,1.74,3.3836,5.4656,7.4426,0
20.536,-78,-33,1517,1497,-1.17,1.74,3.3836,5.4656,7.4426,0
20.554,-76,-34,1508,1485,-1.17,1.74,3.3836,5.4656,7.4426,0
20.571,-71,-34,1542,1497,-1.10,0.92,3.3836,5.4656,7.4426,0
20.589,-68,-34,1519,1497,-1.10,0.92,3.3836,5.4656,7.4426,0
20.608,-67,-33,1498,1507,-1.10,0.92,3.3836,5.4656,7.4426,0
20.625,-65,-33,1509,1497,-1.10,0.92,3.3836,5.4656,7.4426,0
20.643,-64,-34,1499,1485,-1.10,0.92,3.3836,5.4656,7.4426,0
20.661,-62,-33,1510,1508,-1.10,0.92,3.3836,5.4656,7.4426,0
20.680,-60,-33,1508,1497,-1.10,0.92,3.3836,5.4656,7.4426,0
20.697,-58,-33,1510,1497,-1.10,0.92,3.3836,5.4656,7.4426,0
20.715,-56,-33,1510,1497,-1.10,0.92,3.3836,5.4656,7.4426,0
20.732,-54,-34,1512,1485,-1.10,0.92,3.3836,5.4656,7.4426,0
20.750,-52,-34,1511,1497,-1.10,0.92,3.3836,5.4656,7.4426,0
20.767,-50,-34,1512,1497,-1.10,0.92,3.3836,5.4656,7.4426,0
20.785,-47,-34,1525,1497,-1.10,0.92,3.3836,5.4656,7.4426,0
20.803,-45,-34,1512,1497,-1.10,0.92,3.3836,5.4656,7.4426,0
20.821,-43,-34,1514,1497,-0.96,0.53,3.3836,5.4656,7.4426,0
20.839,-41,-35,1512,1486,-0.96,0.53,3.3836,5.4656,7.4426,0
20.861,-38,-35,1521,1497,-0.96,0.53,3.3836,5.4656,7.4426,0
20.884,-36,-34,1514,1507,-0.96,0.53,3.1191,3.5548,6.9099,0
20.902,-35,-34,1501,1497,-0.96,0.53,3.1191,3.5548,6.9099,0
20.919,-31,-34,1539,1497,-0.96,0.53,3.1191,3.5548,6.9099,0
20.938,-30,-34,1504,1497,-0.96,0.53,3.1191,3.5548,6.9099,0
20.955,-28,-34,1516,1497,-0.96,0.53,3.1191,3.5548,6.9099,0
20.973,-27,-34,1505,1497,-0.96,0.53,3.1191,3.5548,6.9099,0
20.990,-26,-34,1505,1497,-0.96,0.53,3.1191,3.5548,6.9099,0
21.008,-25,-34,1505,1497,-0.96,0.53,3.1191,3.5548,6.9099,0
21.026,-24,-35,1506,1485,-0.96,0.53,3.1191,3.5548,6.9099,0
21.044,-23,-35,1506,1497,-0.96,0.53,3.1191,3.5548,6.9099,0
21.061,-23,-35,1496,1497,-0.47,0.82,3.1191,3.5548,6.9099,0
21.078,-21,-35,1518,1497,-0.47,0.82,3.1191,3.5548,6.9099,0
21.098,-20,-35,1506,1497,-0.47,0.82,3.1191,3.5548,6.9099,0
21.115,-18,-35,1517,1497,-0.47,0.82,3.1191,3.5548,6.9099,0
21.133,-15,-35,1531,1497,-0.47,0.82,3.1980,4.0581,5.7538,0
21.151,-13,-35,1519,1497,-0.47,0.82,3.1980,4.0581,5.7538,0
21.169,-11,-36,1520,1485,-0.47,0.82,3.1980,4.0581,5.7538,0
21.187,-7,-36,1542,1497,-0.47,0.82,3.1980,4.0581,5.7538,0
21.204,-6,-36,1510,1497,-0.47,0.82,3.1980,4.0581,5.7538,0
21.224,-4,-35,1519,1506,-0.47,0.82,3.1980,4.0581,5.7538,0
21.241,-3,-35,1510,1497,-0.47,0.82,3.1980,4.0581,5.7538,0
21.258,-2,-35,1510,1497,-0.47,0.82,3.1980,4.0581,5.7538,0
21.276,-1,-35,1511,1497,-0.47,0.82,3.1980,4.0581,5.7538,0
21.293,0,-35,1511,1497,-0.47,0.82,3.1980,4.0581,5.7538,0
21.312,2,-36,1521,1486,0.69,0.70,3.1980,4.0581,5.7538,0
21.329,2,-36,1500,1497,0.69,0.70,3.1980,4.0581,5.7538,0
21.347,3,-36,1511,1497,0.69,0.70,3.1980,4.0581,5.7538,0
21.365,4,-36,1511,1497,0.69,0.70,3.1980,4.0581,5.7538,0
21.383,5,-36,1511,1497,0.69,0.70,3.1360,3.6268,7.1709,0
21.400,5,-35,1500,1508,0.69,0.70,3.1360,3.6268,7.1709,0
21.418,6,-36,1512,1486,0.69,0.70,3.1360,3.6268,7.1709,0
21.436,7,-36,1512,1497,0.69,0.70,3.1360,3.6268,7.1709,0
21.453,7,-36,1501,1497,0.69,0.70,3.1360,3.6268,7.1709,0
21.471,8,-37,1512,1485,0.69,0.70,3.1360,3.6268,7.1709,0
21.488,8,-37,1501,1497,0.69,0.70,3.1360,3.6268,7.1709,0
21.508,9,-36,1512,1506,0.69,0.70,3.1360,3.6268,7.1709,0
21.526,9,-36,1501,1497,0.69,0.70,3.1360,3.6268,7.1709,0
21.543,9,-37,1501,1486,0.69,0.70,3.1360,3.6268,7.1709,0
21.562,9,-37,1501,1497,0.79,0.55,3.1360,3.6268,7.1709,0
21.579,9,-37,1501,1497,0.79,0.55,3.1360,3.6268,7.1709,0
21.597,8,-38,1491,1486,0.79,0.55,3.1360,3.6268,7.1709,0
21.614,8,-37,1501,1507,0.79,0.55,3.1360,3.6268,7.1709,0
21.632,7,-37,1490,1497,0.79,0.55,3.2703,3.7510,7.0935,0
21.649,6,-37,1490,1497,0.79,0.55,3.2703,3.7510,7.0935,0
21.666,5,-37,1490,1497,0.79,0.55,3.2703,3.7510,7.0935,0
21.684,4,-37,1489,1497,0.79,0.55,3.2703,3.7510,7.0935,0
21.701,3,-38,1490,1485,0.79,0.55,3.2703,3.7510,7.0935,0
21.719,2,-38,1489,1496,0.79,0.55,3.2703,3.7510,7.0935,0
21.741,0,-38,1482,1496,0.79,0.55,3.2703,3.7510,7.0935,0
21.758,-1,-38,1489,1496,0.79,0.55,3.2703,3.7510,7.0935,0
21.776,-2,-39,1488,1485,0.79,0.55,3.2703,3.7510,7.0935,0
21.793,-3,-38,1488,1507,0.79,0.55,3.2703,3.7510,7.0935,0
21.810,-4,-39,1488,1485,0.30,0.27,3.2703,3.7510,7.0935,0
21.830,-5,-39,1488,1496,0.30,0.27,3.2703,3.7510,7.0935,0
21.847,-7,-39,1479,1496,0.30,0.27,3.2703,3.7510,7.0935,0
21.865,-7,-39,1499,1496,0.30,0.27,3.2703,3.7510,7.0935,0
21.882,-8,-39,1487,1496,0.30,0.27,2.8622,4.3145,6.0718,0
21.900,-10,-39,1476,1496,0.30,0.27,2.8622,4.3145,6.0718,0
21.919,-11,-39,1487,1496,0.30,0.27,2.8622,4.3145,6.0718,0
21.937,-12,-39,1487,1496,0.30,0.27,2.8622,4.3145,6.0718,0
21.954,-14,-39,1475,1496,0.30,0.27,2.8622,4.3145,6.0718,0
21.972,-14,-39,1498,1496,0.30,0.27,2.8622,4.3145,6.0718,0
21.990,-16,-39,1474,1496,0.30,0.27,2.8622,4.3145,6.0718,0
22.008,-16,-39,1497,1496,0.30,0.27,2.8622,4.3145,6.0718,0
22.026,-17,-40,1486,1485,0.30,0.27,2.8622,4.3145,6.0718,0
22.044,-18,-40,1486,1496,0.30,0.27,2.8622,4.3145,6.0718,0
22.063,-19,-40,1486,1496,-0.26,-0.58,2.8622,4.3145,6.0718,0
22.082,-19,-40,1496,1496,-0.26,-0.58,2.8622,4.3145,6.0718,0
22.099,-20,-41,1485,1485,-0.26,-0.58,2.8622,4.3145,6.0718,0
22.117,-20,-41,1496,1496,-0.26,-0.58,3.0881,4.7954,5.2058,0
22.135,-21,-41,1485,1496,-0.26,-0.58,3.0881,4.7954,5.2058,0
22.152,-21,-41,1496,1496,-0.26,-0.58,3.0881,4.7954,5.2058,0
22.170,-22,-41,1485,1496,-0.26,-0.58,3.0881,4.7954,5.2058,0
22.188,-22,-41,1496,1496,-0.26,-0.58,3.0881,4.7954,5.2058,0
22.206,-23,-42,1485,1485,-0.26,-0.58,3.0881,4.7954,5.2058,0
22.225,-23,-42,1496,1496,-0.26,-0.58,3.0881,4.7954,5.2058,0
22.242,-23,-42,1496,1496,-0.26,-0.58,3.0881,4.7954,5.2058,0
22.260,-23,-41,1496,1507,-0.26,-0.58,3.0881,4.7954,5.2058,0
22.278,-23,-41,1496,1496,-0.26,-0.58,3.0881,4.7954,5.2058,0
22.295,-23,-42,1496,1484,-0.26,-0.58,3.0881,4.7954,5.2058,0
22.314,-23,-41,1496,1506,0.16,-1.08,3.0881,4.7954,5.2058,0
22.331,-23,-42,1496,1485,0.16,-1.08,3.0881,4.7954,5.2058,0
22.349,-23,-42,1496,1496,0.16,-1.08,3.0881,4.7954,5.2058,0
22.370,-24,-41,1486,1505,0.16,-1.08,2.7948,4.9069,4.2992,0
22.388,-25,-41,1484,1496,0.16,-1.08,2.7948,4.9069,4.2992,0
22.405,-25,-41,1495,1496,0.16,-1.08,2.7948,4.9069,4.2992,0
22.423,-27,-42,1472,1484,0.16,-1.08,2.7948,4.9069,4.2992,0
22.440,-27,-42,1495,1496,0.16,-1.08,2.7948,4.9069,4.2992,0
22.457,-28,-42,1483,1496,0.16,-1.08,2.7948,4.9069,4.2992,0
22.474,-29,-42,1483,1496,0.16,-1.08,2.7948,4.9069,4.2992,0
22.491,-30,-42,1483,1496,0.16,-1.08,2.7948,4.9069,4.2992,0
22.511,-31,-42,1484,1496,0.16,-1.08,2.7948,4.9069,4.2992,0
22.531,-31,-42,1494,1496,0.16,-1.08,2.7948,4.9069,4.2992,0
22.553,-32,-42,1485,1496,0.16,-1.08,2.7948,4.9069,4.2992,0
22.575,-33,-42,1485,1496,0.33,-1.21,2.7948,4.9069,4.2992,0
22.593,-36,-42,1470,1496,0.33,-1.21,2.7948,4.9069,4.2992,0
22.610,-38,-42,1459,1496,0.33,-1.21,2.7948,4.9069,4.2992,0
22.627,-39,-42,1481,1496,0.33,-1.21,3.1762,3.7285,7.6510,0
22.645,-40,-42,1481,1496,0.33,-1.21,3.1762,3.7285,7.6510,0
22.665,-42,-42,1471,1496,0.33,-1.21,3.1762,3.7285,7.6510,0
22.685,-43,-42,1482,1496,0.33,-1.21,3.1762,3.7285,7.6510,0
22.702,-44,-42,1480,1496,0.33,-1.21,3.1762,3.7285,7.6510,0
22.719,-46,-42,1468,1496,0.33,-1.21,3.1762,3.7285,7.6510,0
22.736,-48,-41,1468,1507,0.33,-1.21,3.1762,3.7285,7.6510,0
22.756,-51,-41,1457,1496,0.33,-1.21,3.1762,3.7285,7.6510,0
22.773,-53,-42,1468,1485,0.33,-1.21,3.1762,3.7285,7.6510,0
22.792,-55,-42,1467,1496,0.33,-1.21,3.1762,3.7285,7.6510,0
22.809,-56,-42,1478,1496,0.02,-0.85,3.1762,3.7285,7.6510,0
22.826,-57,-41,1477,1507,0.02,-0.85,3.1762,3.7285,7.6510,0
22.845,-58,-42,1478,1485,0.02,-0.85,3.1762,3.7285,7.6510,0
22.862,-59,-41,1477,1507,0.02,-0.85,3.1762,3.7285,7.6510,0
22.879,-60,-42,1477,1485,0.02,-0.85,3.3885,4.6775,6.6875,0
22.897,-61,-41,1476,1507,0.02,-0.85,3.3885,4.6775,6.6875,0
22.914,-61,-42,1488,1484,0.02,-0.85,3.3885,4.6775,6.6875,0
22.932,-63,-41,1464,1507,0.02,-0.85,3.3885,4.6775,6.6875,0
22.949,-63,-42,1488,1485,0.02,-0.85,3.3885,4.6775,6.6875,0
22.966,-64,-41,1476,1507,0.02,-0.85,3.3885,4.6775,6.6875,0
22.983,-64,-41,1487,1496,0.02,-0.85,3.3885,4.6775,6.6875,0
23.004,-65,-41,1476,1496,0.02,-0.85,3.3885,4.6775,6.6875,0
23.022,-67,-41,1468,1496,0.02,-0.85,3.3885,4.6775,6.6875,0
23.043,-68,-41,1477,1496,0.02,-0.85,3.3885,4.6775,6.6875,0
23.065,-69,-40,1477,1505,-0.28,-0.66,3.3885,4.6775,6.6875,0
23.082,-71,-40,1464,1496,-0.28,-0.66,3.3885,4.6775,6.6875,0
23.099,-72,-41,1474,1485,-0.28,-0.66,3.3885,4.6775,6.6875,0
23.117,-74,-40,1463,1507,-0.28,-0.66,3.4828,5.0219,6.3271,0
23.134,-76,-40,1462,1496,-0.28,-0.66,3.4828,5.0219,6.3271,0
23.152,-78,-40,1461,1496,-0.28,-0.66,3.4828,5.0219,6.3271,0
23.169,-79,-40,1473,1496,-0.28,-0.66,3.4828,5.0219,6.3271,0
23.186,-81,-40,1461,1496,-0.28,-0.66,3.4828,5.0219,6.3271,0
23.204,-83,-40,1461,1496,-0.28,-0.66,3.4828,5.0219,6.3271,0
23.221,-84,-40,1472,1496,-0.28,-0.66,3.4828,5.0219,6.3271,0
23.240,-88,-40,1461,1496,-0.28,-0.66,3.4828,5.0219,6.3271,0
23.258,-89,-40,1450,1496,-0.28,-0.66,3.4828,5.0219,6.3271,0
23.276,-91,-40,1460,1496,-0.28,-0.66,3.4828,5.0219,6.3271,0
23.294,-91,-40,1482,1496,-0.28,-0.66,3.4828,5.0219,6.3271,0
23.313,-92,-40,1471,1496,-0.65,-0.37,3.4828,5.0219,6.3271,0
23.330,-92,-40,1482,1496,-0.65,-0.37,3.4828,5.0219,6.3271,0
23.347,-93,-40,1470,1496,-0.65,-0.37,3.4828,5.0219,6.3271,0
23.365,-92,-40,1493,1496,-0.65,-0.37,3.4527,4.6818,7.2887,0
23.382,-93,-40,1470,1496,-0.65,-0.37,3.4527,4.6818,7.2887,0
23.400,-94,-40,1470,1496,-0.65,-0.37,3.4527,4.6818,7.2887,0
23.418,-94,-40,1481,1496,-0.65,-0.37,3.4527,4.6818,7.2887,0
23.435,-95,-40,1470,1496,-0.65,-0.37,3.4527,4.6818,7.2887,0
23.453,-96,-40,1470,1496,-0.65,-0.37,3.4527,4.6818,7.2887,0
23.472,-96,-40,1481,1496,-0.65,-0.37,3.4527,4.6818,7.2887,0
23.489,-97,-39,1470,1507,-0.65,-0.37,3.4527,4.6818,7.2887,0
23.507,-97,-39,1481,1496,-0.65,-0.37,3.4527,4.6818,7.2887,0
23.524,-96,-40,1492,1485,-0.65,-0.37,3.4527,4.6818,7.2887,0
23.543,-96,-39,1481,1507,-0.65,-0.37,3.4527,4.6818,7.2887,0
23.560,-96,-40,1481,1486,-0.82,-0.09,3.4527,4.6818,7.2887,0
23.578,-96,-40,1481,1496,-0.82,-0.09,3.4527,4.6818,7.2887,0
23.596,-96,-39,1481,1507,-0.82,-0.09,3.4527,4.6818,7.2887,0
23.613,-96,-39,1481,1496,-0.82,-0.09,3.3678,4.3366,7.3189,0
23.631,-96,-39,1481,1496,-0.82,-0.09,3.3678,4.3366,7.3189,0
23.651,-96,-38,1481,1506,-0.82,-0.09,3.3678,4.3366,7.3189,0
23.668,-96,-39,1481,1496,-0.82,-0.09,3.3678,4.3366,7.3189,0
23.686,-96,-39,1481,1485,-0.82,-0.09,3.3678,4.3366,7.3189,0
23.704,-95,-39,1492,1496,-0.82,-0.09,3.3678,4.3366,7.3189,0
23.722,-94,-39,1493,1496,-0.82,-0.09,3.3678,4.3366,7.3189,0
23.740,-93,-39,1493,1496,-0.82,-0.09,3.3678,4.3366,7.3189,0
23.758,-92,-38,1493,1507,-0.82,-0.09,3.3678,4.3366,7.3189,0
23.775,-91,-38,1494,1496,-0.82,-0.09,3.3678,4.3366,7.3189,0
23.792,-90,-38,1494,1496,-0.82,-0.09,3.3678,4.3366,7.3189,0
23.810,-89,-38,1494,1496,-0.77,-0.53,3.3678,4.3366,7.3189,0
23.827,-88,-38,1494,1496,-0.77,-0.53,3.3678,4.3366,7.3189,0
23.844,-87,-37,1494,1507,-0.77,-0.53,3.3678,4.3366,7.3189,0
23.862,-86,-37,1495,1497,-0.77,-0.53,3.2737,4.0041,6.3469,0
23.882,-85,-37,1494,1497,-0.77,-0.53,3.2737,4.0041,6.3469,0
23.901,-84,-37,1494,1497,-0.77,-0.53,3.2737,4.0041,6.3469,0
23.919,-83,-37,1494,1497,-0.77,-0.53,3.2737,4.0041,6.3469,0
23.937,-80,-38,1516,1486,-0.77,-0.53,3.2737,4.0041,6.3469,0
23.958,-79,-37,1484,1496,-0.77,-0.53,3.2737,4.0041,6.3469,0
23.975,-78,-37,1505,1506,-0.77,-0.53,3.2737,4.0041,6.3469,0
23.993,-76,-37,1506,1497,-0.77,-0.53,3.2737,4.0041,6.3469,0
24.010,-75,-37,1497,1497,-0.77,-0.53,3.2737,4.0041,6.3469,0
24.027,-73,-38,1508,1485,-0.77,-0.53,3.2737,4.0041,6.3469,0
24.045,-72,-37,1498,1507,-0.77,-0.53,3.2737,4.0041,6.3469,0
24.062,-71,-37,1497,1497,-0.73,-0.73,3.2737,4.0041,6.3469,0
24.080,-70,-37,1498,1497,-0.73,-0.73,3.2737,4.0041,6.3469,0
24.097,-68,-37,1509,1497,-0.73,-0.73,3.2737,4.0041,6.3469,0
24.115,-67,-36,1498,1507,-0.73,-0.73,3.3876,3.2772,6.8769,0
24.132,-65,-36,1510,1497,-0.73,-0.73,3.3876,3.2772,6.8769,0
24.150,-64,-36,1499,1497,-0.73,-0.73,3.3876,3.2772,6.8769,0
24.170,-61,-36,1516,1497,-0.73,-0.73,3.3876,3.2772,6.8769,0
24.188,-58,-36,1521,1497,-0.73,-0.73,3.3876,3.2772,6.8769,0
24.206,-56,-36,1511,1497,-0.73,-0.73,3.3876,3.2772,6.8769,0
24.224,-55,-36,1500,1497,-0.73,-0.73,3.3876,3.2772,6.8769,0
24.241,-53,-36,1512,1497,-0.73,-0.73,3.3876,3.2772,6.8769,0
24.258,-52,-36,1501,1497,-0.73,-0.73,3.3876,3.2772,6.8769,0
24.276,-50,-36,1512,1497,-0.73,-0.73,3.3876,3.2772,6.8769,0
24.293,-50,-36,1490,1497,-0.73,-0.73,3.3876,3.2772,6.8769,0
24.310,-48,-35,1513,1507,-1.03,-0.33,3.3876,3.2772,6.8769,0
24.327,-47,-34,1501,1507,-1.03,-0.33,3.3876,3.2772,6.8769,0
24.345,-46,-34,1502,1497,-1.03,-0.33,3.3876,3.2772,6.8769,0
24.362,-44,-34,1513,1497,-1.03,-0.33,3.2233,3.7216,5.0080,0
24.380,-43,-34,1502,1497,-1.03,-0.33,3.2233,3.7216,5.0080,0
24.397,-41,-34,1514,1497,-1.03,-0.33,3.2233,3.7216,5.0080,0
24.415,-39,-34,1513,1497,-1.03,-0.33,3.2233,3.7216,5.0080,0
24.433,-39,-34,1492,1497,-1.03,-0.33,3.2233,3.7216,5.0080,0
24.450,-36,-34,1527,1497,-1.03,-0.33,3.2233,3.7216,5.0080,0
24.468,-35,-34,1504,1497,-1.03,-0.33,3.2233,3.7216,5.0080,0
24.487,-34,-33,1503,1507,-1.03,-0.33,3.2233,3.7216,5.0080,0
24.507,-34,-33,1493,1497,-1.03,-0.33,3.2233,3.7216,5.0080,0
24.526,-33,-33,1502,1497,-1.03,-0.33,3.2233,3.7216,5.0080,0
24.543,-32,-33,1505,1497,-1.03,-0.33,3.2233,3.7216,5.0080,0
24.560,-32,-33,1494,1497,-0.74,-0.19,3.2233,3.7216,5.0080,0
24.578,-31,-33,1505,1497,-0.74,-0.19,3.2233,3.7216,5.0080,0
24.595,-31,-34,1494,1486,-0.74,-0.19,3.2233,3.7216,5.0080,0
24.612,-30,-33,1505,1508,-0.74,-0.19,3.0091,3.2116,5.8608,0
24.630,-30,-33,1494,1497,-0.74,-0.19,3.0091,3.2116,5.8608,0
24.648,-29,-33,1505,1497,-0.74,-0.19,3.0091,3.2116,5.8608,0
24.665,-29,-33,1494,1497,-0.74,-0.19,3.0091,3.2116,5.8608,0
24.684,-28,-32,1505,1507,-0.74,-0.19,3.0091,3.2116,5.8608,0
24.701,-27,-32,1505,1497,-0.74,-0.19,3.0091,3.2116,5.8608,0
24.719,-26,-32,1505,1497,-0.74,-0.19,3.0091,3.2116,5.8608,0
24.737,-25,-31,1506,1508,-0.74,-0.19,3.0091,3.2116,5.8608,0
24.754,-24,-31,1506,1497,-0.74,-0.19,3.0091,3.2116,5.8608,0
24.771,-22,-31,1518,1497,-0.74,-0.19,3.0091,3.2116,5.8608,0
24.789,-21,-31,1506,1497,-0.74,-0.19,3.0091,3.2116,5.8608,0
24.807,-20,-31,1507,1497,-0.18,0.45,3.0091,3.2116,5.8608,0
24.825,-18,-31,1518,1497,-0.18,0.45,3.0091,3.2116,5.8608,0
24.843,-17,-31,1497,1497,-0.18,0.45,3.0091,3.2116,5.8608,0
24.861,-17,-31,1507,1497,-0.18,0.45,3.0091,3.2116,5.8608,0
24.878,-16,-31,1507,1497,-0.18,0.45,3.3087,3.6382,4.7422,0
24.896,-16,-31,1497,1497,-0.18,0.45,3.3087,3.6382,4.7422,0
24.914,-15,-30,1507,1507,-0.18,0.45,3.3087,3.6382,4.7422,1
24.932,-15,-30,1497,1497,-0.18,0.45,3.3087,3.6382,4.7422,1
24.951,-15,-30,1497,1497,-0.18,0.45,3.3087,3.6382,4.7422,1
24.968,-14,-30,1507,1497,-0.18,0.45,3.3087,3.6382,4.7422,1
24.986,-14,-30,1497,1497,-0.18,0.45,3.3087,3.6382,4.7422,1
25.003,-14,-29,1497,1508,-0.18,0.45,3.3087,3.6382,4.7422,1
25.021,-14,-30,1497,1486,-0.18,0.45,3.3087,3.6382,4.7422,1
25.039,-14,-29,1497,1508,-0.18,0.45,3.3087,3.6382,4.7422,1
25.057,-13,-29,1508,1497,0.35,-0.09,3.3087,3.6382,4.7422,1
25.076,-13,-29,1498,1497,0.35,-0.09,3.3087,3.6382,4.7422,1
25.095,-14,-29,1487,1497,0.35,-0.09,3.3087,3.6382,4.7422,1
25.115,-14,-28,1497,1507,0.35,-0.09,2.9078,4.0361,5.0494,1
25.132,-14,-28,1497,1497,0.35,-0.09,2.9078,4.0361,5.0494,1
25.150,-14,-28,1497,1497,0.35,-0.09,2.9078,4.0361,5.0494,1
25.168,-14,-28,1497,1497,0.35,-0.09,2.9078,4.0361,5.0494,1
25.186,-15,-28,1486,1497,0.35,-0.09,2.9078,4.0361,5.0494,1
25.203,-14,-28,1508,1497,0.35,-0.09,2.9078,4.0361,5.0494,1
25.221,-14,-28,1497,1497,0.35,-0.09,2.9078,4.0361,5.0494,1
25.238,-14,-28,1497,1497,0.35,-0.09,2.9078,4.0361,5.0494,1
25.256,-14,-28,1497,1497,0.35,-0.09,2.9078,4.0361,5.0494,1
25.273,-13,-27,1508,1508,0.35,-0.09,2.9078,4.0361,5.0494,1
25.291,-13,-28,1498,1486,0.35,-0.09,2.9078,4.0361,5.0494,1
25.308,-13,-28,1498,1497,0.19,-0.28,2.9078,4.0361,5.0494,1
25.325,-13,-27,1498,1508,0.19,-0.28,2.9078,4.0361,5.0494,1
25.343,-13,-27,1498,1498,0.19,-0.28,2.9078,4.0361,5.0494,1
25.360,-13,-28,1498,1486,0.19,-0.28,3.4518,3.2620,7.0415,1
25.378,-13,-28,1498,1497,0.19,-0.28,3.4518,3.2620,7.0415,1
25.397,-13,-27,1498,1508,0.19,-0.28,3.4518,3.2620,7.0415,1
25.415,-13,-27,1498,1498,0.19,-0.28,3.4518,3.2620,7.0415,1
25.435,-12,-27,1508,1498,0.19,-0.28,3.4518,3.2620,7.0415,1
25.453,-12,-27,1498,1498,0.19,-0.28,3.4518,3.2620,7.0415,1
25.471,-11,-26,1508,1508,0.19,-0.28,3.4518,3.2620,7.0415,1
25.488,-11,-26,1498,1498,0.19,-0.28,3.4518,3.2620,7.0415,1
25.505,-10,-26,1509,1498,0.19,-0.28,3.4518,3.2620,7.0415,1
25.523,-9,-26,1509,1498,0.19,-0.28,3.4518,3.2620,7.0415,1
25.541,-8,-26,1509,1498,0.19,-0.28,3.4518,3.2620,7.0415,1
25.558,-7,-26,1510,1498,-0.32,0.01,3.4518,3.2620,7.0415,1
25.576,-5,-26,1521,1498,-0.32,0.01,3.4518,3.2620,7.0415,1
25.594,-4,-26,1510,1498,-0.32,0.01,3.4518,3.2620,7.0415,1
25.612,-2,-25,1520,1508,-0.32,0.01,3.2391,3.8051,6.1130,1
25.629,-1,-25,1510,1498,-0.32,0.01,3.2391,3.8051,6.1130,1
25.647,0,-25,1511,1498,-0.32,0.01,3.2391,3.8051,6.1130,1
25.664,1,-25,1511,1498,-0.32,0.01,3.2391,3.8051,6.1130,1
25.682,2,-25,1511,1498,-0.32,0.01,3.2391,3.8051,6.1130,1
25.699,3,-24,1511,1508,-0.32,0.01,3.2391,3.8051,6.1130,1
25.720,5,-25,1519,1488,-0.32,0.01,3.2391,3.8051,6.1130,1
25.738,7,-25,1523,1498,-0.32,0.01,3.2391,3.8051,6.1130,1
25.758,9,-24,1521,1507,-0.32,0.01,3.2391,3.8051,6.1130,1
25.775,10,-23,1513,1508,-0.32,0.01,3.2391,3.8051,6.1130,1
25.793,12,-23,1525,1498,-0.32,0.01,3.2391,3.8051,6.1130,1
25.811,14,-23,1524,1498,-0.41,-0.02,3.2391,3.8051,6.1130,1
25.828,16,-24,1525,1487,-0.41,-0.02,3.2391,3.8051,6.1130,1
25.846,17,-23,1514,1508,-0.41,-0.02,3.2391,3.8051,6.1130,1
25.863,19,-23,1526,1498,-0.41,-0.02,2.8964,3.4600,5.8741,1
25.881,20,-23,1514,1498,-0.41,-0.02,2.8964,3.4600,5.8741,1
25.898,24,-23,1527,1498,-0.41,-0.02,2.8964,3.4600,5.8741,1
25.915,24,-23,1527,1498,-0.41,-0.02,2.8964,3.4600,5.8741,1
25.933,27,-22,1538,1508,-0.41,-0.02,2.8964,3.4600,5.8741,1
25.952,28,-23,1516,1487,-0.41,-0.02,2.8964,3.4600,5.8741,1
25.969,29,-23,1517,1498,-0.41,-0.02,2.8964,3.4600,5.8741,1
25.988,30,-22,1516,1508,-0.41,-0.02,2.8964,3.4600,5.8741,1
26.005,31,-22,1517,1498,-0.41,-0.02,2.8964,3.4600,5.8741,1
26.022,32,-22,1517,1498,-0.41,-0.02,2.8964,3.4600,5.8741,1
26.039,32,-22,1506,1498,-0.41,-0.02,2.8964,3.4600,5.8741,1
26.056,32,-22,1506,1498,-0.65,1.40,2.8964,3.4600,5.8741,1
26.074,33,-22,1517,1498,-0.65,1.40,2.8964,3.4600,5.8741,1
26.094,33,-22,1506,1498,-0.65,1.40,2.8964,3.4600,5.8741,1
26.111,33,-22,1506,1498,-0.65,1.40,3.0289,3.2644,5.1953,1
26.129,33,-22,1506,1498,-0.65,1.40,3.0289,3.2644,5.1953,1
26.146,33,-21,1506,1509,-0.65,1.40,3.0289,3.2644,5.1953,1
26.163,32,-21,1495,1498,-0.65,1.40,3.0289,3.2644,5.1953,1
26.181,32,-22,1506,1487,-0.65,1.40,3.0289,3.2644,5.1953,1
26.198,32,-22,1506,1498,-0.65,1.40,3.0289,3.2644,5.1953,1
26.215,32,-21,1506,1509,-0.65,1.40,3.0289,3.2644,5.1953,1
26.232,32,-21,1506,1498,-0.65,1.40,3.0289,3.2644,5.1953,1
26.250,33,-22,1518,1487,-0.65,1.40,3.0289,3.2644,5.1953,1
26.267,33,-21,1506,1509,-0.65,1.40,3.0289,3.2644,5.1953,1
26.284,34,-21,1518,1498,-0.65,1.40,3.0289,3.2644,5.1953,1
26.301,34,-22,1506,1486,-0.64,1.03,3.0289,3.2644,5.1953,1
26.318,35,-22,1518,1498,-0.64,1.03,3.0289,3.2644,5.1953,1
26.337,36,-21,1518,1509,-0.64,1.03,3.0289,3.2644,5.1953,1
26.354,36,-21,1507,1498,-0.64,1.03,3.0289,3.2644,5.1953,1
26.372,37,-21,1518,1498,-0.64,1.03,2.9524,3.4880,5.1178,1
26.389,37,-21,1507,1498,-0.64,1.03,2.9524,3.4880,5.1178,1
26.408,38,-21,1518,1498,-0.64,1.03,2.9524,3.4880,5.1178,1
26.426,39,-21,1518,1498,-0.64,1.03,2.9524,3.4880,5.1178,1
26.444,40,-21,1518,1498,-0.64,1.03,2.9524,3.4880,5.1178,1
26.462,40,-21,1508,1498,-0.64,1.03,2.9524,3.4880,5.1178,1
26.479,41,-21,1519,1498,-0.64,1.03,2.9524,3.4880,5.1178,1
26.496,41,-21,1508,1498,-0.64,1.03,2.9524,3.4880,5.1178,1
26.513,42,-21,1519,1498,-0.64,1.03,2.9524,3.4880,5.1178,1
26.531,43,-21,1508,1498,-0.64,1.03,2.9524,3.4880,5.1178,1
26.549,42,-22,1508,1487,-1.02,0.28,2.9524,3.4880,5.1178,1
26.567,42,-21,1508,1508,-1.02,0.28,2.9524,3.4880,5.1178,1
26.584,42,-21,1508,1498,-1.02,0.28,2.9524,3.4880,5.1178,1
26.606,41,-21,1498,1498,-1.02,0.28,2.9524,3.4880,5.1178,1
26.624,41,-22,1508,1489,-1.02,0.28,2.9495,3.6319,5.5537,1
26.642,40,-21,1497,1508,-1.02,0.28,2.9495,3.6319,5.5537,1
26.659,40,-21,1508,1498,-1.02,0.28,2.9495,3.6319,5.5537,1
26.677,39,-22,1497,1487,-1.02,0.28,2.9495,3.6319,5.5537,1
26.694,39,-22,1507,1498,-1.02,0.28,2.9495,3.6319,5.5537,1
26.711,39,-22,1507,1498,-1.02,0.28,2.9495,3.6319,5.5537,1
26.729,39,-22,1507,1498,-1.02,0.28,2.9495,3.6319,5.5537,1
26.747,40,-22,1519,1498,-1.02,0.28,2.9495,3.6319,5.5537,1
26.765,40,-21,1508,1508,-1.02,0.28,2.9495,3.6319,5.5537,1
26.783,41,-21,1519,1498,-1.02,0.28,2.9495,3.6319,5.5537,1
26.801,41,-21,1508,1498,-0.86,0.08,2.9495,3.6319,5.5537,1
26.818,42,-21,1520,1498,-0.86,0.08,2.9495,3.6319,5.5537,1
26.839,42,-21,1508,1498,-0.86,0.08,2.9495,3.6319,5.5537,1
26.856,43,-22,1518,1488,-0.86,0.08,3.1229,3.8292,6.3597,1
26.875,44,-21,1520,1509,-0.86,0.08,3.1229,3.8292,6.3597,1
26.893,46,-21,1530,1498,-0.86,0.08,3.1229,3.8292,6.3597,1
26.911,48,-21,1531,1498,-0.86,0.08,3.1229,3.8292,6.3597,1
26.928,49,-21,1521,1498,-0.86,0.08,3.1229,3.8292,6.3597,1
26.947,54,-21,1543,1498,-0.86,0.08,3.1229,3.8292,6.3597,1
26.964,57,-21,1568,1498,-0.86,0.08,3.1229,3.8292,6.3597,1
26.981,59,-21,1535,1498,-0.86,0.08,3.1229,3.8292,6.3597,1
26.998,61,-21,1535,1498,-0.86,0.08,3.1229,3.8292,6.3597,0
27.016,63,-21,1535,1498,-0.86,0.08,3.1229,3.8292,6.3597,0
27.034,65,-22,1535,1487,-0.86,0.08,3.1229,3.8292,6.3597,0
27.051,65,-22,1513,1498,0.40,-0.08,3.1229,3.8292,6.3597,0
27.068,68,-22,1548,1498,0.40,-0.08,3.1229,3.8292,6.3597,0
27.087,71,-22,1548,1498,0.40,-0.08,3.1229,3.8292,6.3597,0
27.105,76,-21,1566,1508,0.40,-0.08,3.1229,3.8292,6.3597,0
27.123,79,-21,1550,1498,0.40,-0.08,3.1148,3.7057,6.2478,0
27.140,81,-21,1539,1498,0.40,-0.08,3.1148,3.7057,6.2478,0
27.158,83,-21,1539,1498,0.40,-0.08,3.1148,3.7057,6.2478,0
27.175,86,-21,1551,1498,0.40,-0.08,3.1148,3.7057,6.2478,0
27.192,88,-21,1541,1498,0.40,-0.08,3.1148,3.7057,6.2478,0
27.210,89,-21,1528,1498,0.40,-0.08,3.1148,3.7057,6.2478,0
27.228,90,-22,1529,1487,0.40,-0.08,3.1148,3.7057,6.2478,0
27.246,91,-22,1529,1498,0.40,-0.08,3.1148,3.7057,6.2478,0
27.264,92,-22,1529,1498,0.40,-0.08,3.1148,3.7057,6.2478,0
27.282,93,-22,1530,1498,0.40,-0.08,3.1148,3.7057,6.2478,0
27.299,92,-22,1506,1498,0.62,0.01,3.1148,3.7057,6.2478,0
27.316,92,-22,1518,1498,0.62,0.01,3.1148,3.7057,6.2478,0
27.333,92,-22,1518,1498,0.62,0.01,3.1148,3.7057,6.2478,0
27.350,91,-22,1506,1498,0.62,0.01,3.1148,3.7057,6.2478,0
27.369,90,-22,1506,1498,0.62,0.01,3.1543,4.1667,5.1912,0
27.386,89,-22,1507,1498,0.62,0.01,3.1543,4.1667,5.1912,0
27.404,88,-22,1506,1498,0.62,0.01,3.1543,4.1667,5.1912,0
27.422,87,-22,1506,1498,0.62,0.01,3.1543,4.1667,5.1912,0
27.441,87,-22,1517,1498,0.62,0.01,3.1543,4.1667,5.1912,0
27.459,87,-22,1517,1498,0.62,0.01,3.1543,4.1667,5.1912,0
27.476,86,-22,1506,1498,0.62,0.01,3.1543,4.1667,5.1912,0
27.495,86,-23,1517,1487,0.62,0.01,3.1543,4.1667,5.1912,0
27.513,86,-23,1517,1498,0.62,0.01,3.1543,4.1667,5.1912,0
27.531,87,-22,1528,1508,0.62,0.01,3.1543,4.1667,5.1912,0
27.549,87,-23,1517,1498,0.88,-0.41,3.1543,4.1667,5.1912,0
27.566,87,-22,1517,1498,0.88,-0.41,3.1543,4.1667,5.1912,0
27.584,87,-22,1517,1498,0.88,-0.41,3.1543,4.1667,5.1912,0
27.602,87,-23,1517,1487,0.88,-0.41,3.1543,4.1667,5.1912,0
27.620,87,-23,1517,1498,0.88,-0.41,3.3424,4.7737,6.2323,0
27.638,87,-23,1517,1498,0.88,-0.41,3.3424,4.7737,6.2323,0
27.655,87,-22,1517,1509,0.88,-0.41,3.3424,4.7737,6.2323,0
27.675,87,-22,1517,1498,0.88,-0.41,3.3424,4.7737,6.2323,0
27.692,87,-22,1517,1498,0.88,-0.41,3.3424,4.7737,6.2323,0
27.710,87,-23,1517,1486,0.88,-0.41,3.3424,4.7737,6.2323,0
27.728,87,-23,1517,1498,0.88,-0.41,3.3424,4.7737,6.2323,0
27.745,87,-23,1517,1498,0.88,-0.41,3.3424,4.7737,6.2323,0
27.763,87,-23,1517,1498,0.88,-0.41,3.3424,4.7737,6.2323,0
27.781,87,-22,1517,1509,0.88,-0.41,3.3424,4.7737,6.2323,0
27.798,87,-22,1517,1498,1.42,-0.17,3.3424,4.7737,6.2323,0
27.816,86,-22,1506,1498,1.42,-0.17,3.3424,4.7737,6.2323,0
27.836,86,-23,1517,1488,1.42,-0.17,3.3424,4.7737,6.2323,0
27.854,86,-23,1517,1498,1.42,-0.17,3.3424,4.7737,6.2323,0
27.872,86,-23,1517,1498,1.42,-0.17,3.2769,4.5008,6.5819,0
27.890,86,-23,1517,1498,1.42,-0.17,3.2769,4.5008,6.5819,0
27.907,86,-23,1517,1498,1.42,-0.17,3.2769,4.5008,6.5819,0
27.924,86,-22,1517,1509,1.42,-0.17,3.2769,4.5008,6.5819,0
27.941,86,-22,1517,1498,1.42,-0.17,3.2769,4.5008,6.5819,0
27.958,86,-22,1517,1498,1.42,-0.17,3.2769,4.5008,6.5819,0
27.977,86,-22,1517,1498,1.42,-0.17,3.2769,4.5008,6.5819,0
27.995,85,-22,1506,1498,1.42,-0.17,3.2769,4.5008,6.5819,0
28.013,84,-23,1506,1487,1.42,-0.17,3.2769,4.5008,6.5819,0
28.033,83,-22,1506,1507,1.42,-0.17,3.2769,4.5008,6.5819,0
28.050,83,-22,1516,1498,1.10,0.22,3.2769,4.5008,6.5819,0
28.070,82,-22,1506,1498,1.10,0.22,3.2769,4.5008,6.5819,0
28.088,82,-22,1516,1498,1.10,0.22,3.2769,4.5008,6.5819,0
28.105,81,-22,1504,1498,1.10,0.22,3.3925,4.3534,6.5960,0
28.122,79,-22,1493,1498,1.10,0.22,3.3925,4.3534,6.5960,0
28.141,78,-22,1504,1498,1.10,0.22,3.3925,4.3534,6.5960,0
28.158,76,-22,1493,1498,1.10,0.22,3.3925,4.3534,6.5960,0
28.175,75,-22,1503,1498,1.10,0.22,3.3925,4.3534,6.5960,0
28.192,73,-22,1492,1498,1.10,0.22,3.3925,4.3534,6.5960,0
28.209,72,-23,1502,1486,1.10,0.22,3.3925,4.3534,6.5960,0
28.226,69,-22,1479,1509,1.10,0.22,3.3925,4.3534,6.5960,0
28.243,69,-22,1514,1498,1.10,0.22,3.3925,4.3534,6.5960,0
28.260,68,-22,1502,1498,1.10,0.22,3.3925,4.3534,6.5960,0
28.278,65,-22,1480,1498,1.10,0.22,3.3925,4.3534,6.5960,0
28.295,61,-22,1466,1498,0.55,0.73,3.3925,4.3534,6.5960,0
28.313,61,-22,1512,1498,0.55,0.73,3.3925,4.3534,6.5960,0
28.330,60,-23,1500,1487,0.55,0.73,3.3925,4.3534,6.5960,1
28.348,59,-22,1501,1508,0.55,0.73,3.3925,4.3534,6.5960,1
28.366,57,-24,1490,1475,0.55,0.73,3.5207,4.6615,6.9645,1
28.384,56,-23,1500,1508,0.55,0.73,3.5207,4.6615,6.9645,1
28.404,56,-23,1511,1498,0.55,0.73,3.5207,4.6615,6.9645,1
28.422,56,-23,1511,1498,0.55,0.73,3.5207,4.6615,6.9645,1
28.439,56,-23,1511,1498,0.55,0.73,3.5207,4.6615,6.9645,1
28.457,56,-23,1511,1498,0.55,0.73,3.5207,4.6615,6.9645,1
28.475,56,-22,1511,1508,0.55,0.73,3.5207,4.6615,6.9645,1
28.493,56,-23,1511,1487,0.55,0.73,3.5207,4.6615,6.9645,1
28.511,56,-23,1511,1498,0.55,0.73,3.5207,4.6615,6.9645,1
28.528,55,-23,1500,1498,0.55,0.73,3.5207,4.6615,6.9645,1
28.545,54,-22,1500,1509,0.26,0.76,3.5207,4.6615,6.9645,1
28.562,54,-23,1511,1487,0.26,0.76,3.5207,4.6615,6.9645,1
28.580,53,-23,1500,1498,0.26,0.76,3.5207,4.6615,6.9645,1
28.598,53,-24,1510,1487,0.26,0.76,3.5207,4.6615,6.9645,1
28.615,53,-24,1510,1498,0.26,0.76,3.3792,4.5748,6.7107,1
28.633,52,-23,1499,1509,0.26,0.76,3.3792,4.5748,6.7107,1
28.650,53,-23,1522,1498,0.26,0.76,3.3792,4.5748,6.7107,1
28.667,53,-24,1510,1486,0.26,0.76,3.3792,4.5748,6.7107,1
28.685,53,-24,1510,1498,0.26,0.76,3.3792,4.5748,6.7107,1
28.703,53,-24,1510,1498,0.26,0.76,3.3792,4.5748,6.7107,1
28.720,53,-24,1510,1498,0.26,0.76,3.3792,4.5748,6.7107,1
28.738,53,-24,1510,1498,0.26,0.76,3.3792,4.5748,6.7107,1
28.755,53,-24,1510,1498,0.26,0.76,3.3792,4.5748,6.7107,1
28.772,54,-25,1522,1486,0.26,0.76,3.3792,4.5748,6.7107,1
28.789,55,-25,1522,1498,0.26,0.76,3.3792,4.5748,6.7107,1
28.806,56,-24,1523,1509,-0.06,0.20,3.3792,4.5748,6.7107,1
28.824,56,-25,1511,1486,-0.06,0.20,3.3792,4.5748,6.7107,1
28.843,57,-24,1522,1508,-0.06,0.20,3.3792,4.5748,6.7107,1
28.860,57,-24,1511,1498,-0.06,0.20,3.3258,4.1146,6.7692,1
28.877,57,-25,1511,1486,-0.06,0.20,3.3258,4.1146,6.7692,1
28.895,57,-25,1511,1498,-0.06,0.20,3.3258,4.1146,6.7692,1
28.913,57,-25,1511,1498,-0.06,0.20,3.3258,4.1146,6.7692,1
28.931,56,-26,1500,1487,-0.06,0.20,3.3258,4.1146,6.7692,1
28.948,56,-25,1511,1508,-0.06,0.20,3.3258,4.1146,6.7692,1
28.966,55,-26,1500,1486,-0.06,0.20,3.3258,4.1146,6.7692,1
28.985,54,-26,1500,1498,-0.06,0.20,3.3258,4.1146,6.7692,1
29.003,53,-25,1500,1508,-0.06,0.20,3.3258,4.1146,6.7692,1
29.021,52,-25,1500,1498,-0.06,0.20,3.3258,4.1146,6.7692,1
29.039,50,-25,1488,1498,-0.06,0.20,3.3258,4.1146,6.7692,1
29.057,50,-26,1510,1486,0.01,-0.42,3.3258,4.1146,6.7692,1
29.074,49,-27,1499,1486,0.01,-0.42,3.3258,4.1146,6.7692,1
29.091,49,-27,1510,1498,0.01,-0.42,3.3258,4.1146,6.7692,1
29.109,48,-27,1499,1498,0.01,-0.42,3.1107,4.2572,6.3824,1
29.126,48,-27,1509,1498,0.01,-0.42,3.1107,4.2572,6.3824,1
29.144,47,-27,1499,1498,0.01,-0.42,3.1107,4.2572,6.3824,1
29.161,46,-28,1498,1486,0.01,-0.42,3.1107,4.2572,6.3824,1
29.179,46,-28,1509,1497,0.01,-0.42,3.1107,4.2572,6.3824,1
29.196,45,-28,1498,1497,0.01,-0.42,3.1107,4.2572,6.3824,1
29.214,43,-27,1486,1508,0.01,-0.42,3.1107,4.2572,6.3824,1
29.231,43,-27,1508,1498,0.01,-0.42,3.1107,4.2572,6.3824,1
29.248,42,-28,1497,1486,0.01,-0.42,3.1107,4.2572,6.3824,1
29.266,42,-28,1508,1497,0.01,-0.42,3.1107,4.2572,6.3824,1
29.283,42,-29,1508,1486,0.01,-0.42,3.1107,4.2572,6.3824,1
29.300,42,-29,1508,1497,0.66,-1.86,3.1107,4.2572,6.3824,1
29.317,42,-29,1508,1497,0.66,-1.86,3.1107,4.2572,6.3824,1
29.334,42,-28,1508,1508,0.66,-1.86,3.1107,4.2572,6.3824,1
29.352,42,-28,1508,1497,0.66,-1.86,3.5274,4.5250,7.6266,1
29.371,42,-29,1508,1486,0.66,-1.86,3.5274,4.5250,7.6266,1
29.389,42,-28,1508,1507,0.66,-1.86,3.5274,4.5250,7.6266,1
29.407,43,-29,1519,1486,0.66,-1.86,3.5274,4.5250,7.6266,1
29.425,44,-30,1520,1486,0.66,-1.86,3.5274,4.5250,7.6266,1
29.445,46,-30,1520,1508,0.66,-1.86,3.5274,4.5250,7.6266,1
29.462,47,-30,1530,1487,0.66,-1.86,3.5274,4.5250,7.6266,1
29.480,48,-30,1521,1497,0.66,-1.86,3.5274,4.5250,7.6266,1
29.498,48,-30,1509,1497,0.66,-1.86,3.5274,4.5250,7.6266,1
29.515,48,-30,1509,1497,0.66,-1.86,3.5274,4.5250,7.6266,1
29.533,49,-30,1521,1497,0.66,-1.86,3.5274,4.5250,7.6266,1
29.550,49,-30,1510,1497,1.34,-1.49,3.5274,4.5250,7.6266,1
29.569,50,-30,1520,1497,1.34,-1.49,3.5274,4.5250,7.6266,1
29.586,50,-30,1510,1497,1.34,-1.49,3.5274,4.5250,7.6266,1
29.605,50,-30,1510,1497,1.34,-1.49,3.3221,3.8203,6.8383,1
29.623,51,-30,1521,1497,1.34,-1.49,3.3221,3.8203,6.8383,1
29.641,51,-30,1510,1497,1.34,-1.49,3.3221,3.8203,6.8383,1
29.658,51,-29,1510,1508,1.34,-1.49,3.3221,3.8203,6.8383,1
29.675,51,-29,1510,1497,1.34,-1.49,3.3221,3.8203,6.8383,1
29.693,50,-29,1499,1497,1.34,-1.49,3.3221,3.8203,6.8383,1
29.713,50,-30,1510,1487,1.34,-1.49,3.3221,3.8203,6.8383,1
29.730,49,-30,1499,1497,1.34,-1.49,3.3221,3.8203,6.8383,1
29.747,48,-30,1499,1497,1.34,-1.49,3.3221,3.8203,6.8383,1
29.765,47,-30,1499,1497,1.34,-1.49,3.3221,3.8203,6.8383,1
29.783,46,-30,1499,1497,1.34,-1.49,3.3221,3.8203,6.8383,1
29.801,46,-30,1509,1497,0.91,-1.24,3.3221,3.8203,6.8383,1
29.818,44,-31,1486,1486,0.91,-1.24,3.3221,3.8203,6.8383,0
29.836,44,-31,1508,1497,0.91,-1.24,3.3221,3.8203,6.8383,0
29.855,42,-31,1487,1497,0.91,-1.24,3.0949,3.2889,6.7054,0
29.873,41,-31,1497,1497,0.91,-1.24,3.0949,3.2889,6.7054,0
29.893,39,-31,1489,1497,0.91,-1.24,3.0949,3.2889,6.7054,0
29.911,36,-31,1473,1497,0.91,-1.24,3.0949,3.2889,6.7054,0
29.928,36,-31,1507,1497,0.91,-1.24,3.0949,3.2889,6.7054,0
29.946,33,-30,1474,1507,0.91,-1.24,3.0949,3.2889,6.7054,1
29.965,31,-30,1486,1497,0.91,-1.24,3.0949,3.2889,6.7054,1
29.983,29,-30,1484,1497,0.91,-1.24,3.0949,3.2889,6.7054,1
30.001,27,-30,1483,1497,0.91,-1.24,3.0949,3.2889,6.7054,1
30.019,26,-30,1495,1497,0.91,-1.24,3.0949,3.2889,6.7054,1
30.037,24,-31,1483,1486,0.91,-1.24,3.0949,3.2889,6.7054,0
30.054,22,-30,1481,1508,0.80,-1.44,3.0949,3.2889,6.7054,1
30.073,20,-31,1483,1487,0.80,-1.44,3.0949,3.2889,6.7054,0
30.091,18,-31,1483,1497,0.80,-1.44,3.0949,3.2889,6.7054,0
30.108,16,-31,1480,1497,0.80,-1.44,3.1535,3.9977,4.7064,0
30.127,14,-31,1480,1497,0.80,-1.44,3.1535,3.9977,4.7064,0
30.144,12,-31,1481,1497,0.80,-1.44,3.1535,3.9977,4.7064,0
30.163,10,-31,1481,1497,0.80,-1.44,3.1535,3.9977,4.7064,0
30.181,5,-31,1446,1497,0.80,-1.44,3.1535,3.9977,4.7064,0
30.199,5,-31,1501,1497,0.80,-1.44,3.1535,3.9977,4.7064,0
30.217,0,-31,1443,1497,0.80,-1.44,3.1535,3.9977,4.7064,0
30.234,-2,-31,1477,1497,0.80,-1.44,3.1535,3.9977,4.7064,0
30.252,-4,-31,1476,1497,0.80,-1.44,3.1535,3.9977,4.7064,0
30.269,-6,-31,1477,1497,0.80,-1.44,3.1535,3.9977,4.7064,0
30.286,-9,-31,1464,1497,0.80,-1.44,3.1535,3.9977,4.7064,0
30.303,-11,-31,1475,1497,0.56,-1.03,3.1535,3.9977,4.7064,0
30.321,-13,-31,1475,1497,0.56,-1.03,3.1535,3.9977,4.7064,0
30.338,-14,-31,1486,1497,0.56,-1.03,3.1535,3.9977,4.7064,0
30.356,-14,-31,1498,1497,0.56,-1.03,3.4220,3.6479,6.9354,0
30.374,-17,-30,1463,1508,0.56,-1.03,3.4220,3.6479,6.9354,1
30.392,-18,-30,1486,1497,0.56,-1.03,3.4220,3.6479,6.9354,1
30.410,-19,-30,1486,1497,0.56,-1.03,3.4220,3.6479,6.9354,1
30.427,-20,-30,1485,1497,0.56,-1.03,3.4220,3.6479,6.9354,1
30.445,-21,-30,1485,1497,0.56,-1.03,3.4220,3.6479,6.9354,1
30.465,-22,-30,1485,1497,0.56,-1.03,3.4220,3.6479,6.9354,1
30.482,-22,-30,1496,1497,0.56,-1.03,3.4220,3.6479,6.9354,1
30.499,-23,-30,1484,1497,0.56,-1.03,3.4220,3.6479,6.9354,1
30.516,-23,-31,1496,1486,0.56,-1.03,3.4220,3.6479,6.9354,0
30.534,-23,-31,1496,1497,0.56,-1.03,3.4220,3.6479,6.9354,0
30.552,-24,-31,1484,1497,-0.45,-0.55,3.4220,3.6479,6.9354,0
30.569,-24,-30,1496,1508,-0.45,-0.55,3.4220,3.6479,6.9354,1
30.588,-24,-30,1496,1497,-0.45,-0.55,3.4220,3.6479,6.9354,1
30.607,-24,-30,1496,1497,-0.45,-0.55,3.1007,3.6104,5.5980,1
30.625,-25,-30,1484,1497,-0.45,-0.55,3.1007,3.6104,5.5980,1
30.642,-25,-31,1495,1486,-0.45,-0.55,3.1007,3.6104,5.5980,0
30.660,-26,-31,1484,1497,-0.45,-0.55,3.1007,3.6104,5.5980,0
30.677,-26,-30,1495,1508,-0.45,-0.55,3.1007,3.6104,5.5980,1
30.694,-26,-30,1495,1497,-0.45,-0.55,3.1007,3.6104,5.5980,1
30.712,-25,-31,1506,1486,-0.45,-0.55,3.1007,3.6104,5.5980,0
30.730,-25,-31,1495,1497,-0.45,-0.55,3.1007,3.6104,5.5980,0
30.748,-25,-30,1495,1507,-0.45,-0.55,3.1007,3.6104,5.5980,1
30.767,-25,-30,1495,1497,-0.45,-0.55,3.1007,3.6104,5.5980,1
30.784,-25,-30,1495,1497,-0.45,-0.55,3.1007,3.6104,5.5980,1
30.802,-26,-30,1484,1497,-1.09,0.14,3.1007,3.6104,5.5980,1
30.819,-27,-30,1484,1497,-1.09,0.14,3.1007,3.6104,5.5980,1
30.837,-28,-30,1484,1497,-1.09,0.14,3.1007,3.6104,5.5980,1
30.855,-28,-30,1495,1497,-1.09,0.14,2.9371,3.4171,4.8140,1
30.873,-30,-31,1472,1486,-1.09,0.14,2.9371,3.4171,4.8140,0
30.891,-31,-31,1483,1497,-1.09,0.14,2.9371,3.4171,4.8140,0
30.908,-33,-30,1472,1508,-1.09,0.14,2.9371,3.4171,4.8140,1
30.927,-36,-31,1459,1486,-1.09,0.14,2.9371,3.4171,4.8140,0
30.944,-37,-31,1482,1497,-1.09,0.14,2.9371,3.4171,4.8140,0
30.961,-39,-31,1469,1497,-1.09,0.14,2.9371,3.4171,4.8140,0
30.979,-40,-30,1481,1508,-1.09,0.14,2.9371,3.4171,4.8140,1
30.996,-41,-30,1481,1497,-1.09,0.14,2.9371,3.4171,4.8140,1
31.013,-43,-31,1468,1486,-1.09,0.14,2.9371,3.4171,4.8140,0
31.030,-45,-31,1468,1497,-1.09,0.14,2.9371,3.4171,4.8140,0
31.047,-47,-31,1468,1497,-1.62,-0.76,2.9371,3.4171,4.8140,0
31.065,-47,-31,1491,1497,-1.62,-0.76,2.9371,3.4171,4.8140,0
31.083,-49,-31,1468,1497,-1.62,-0.76,2.9371,3.4171,4.8140,0
31.111,-54,-31,1454,1497,-1.62,-0.76,2.8231,3.5399,5.2005,0
31.131,-56,-31,1467,1497,-1.62,-0.76,2.8231,3.5399,5.2005,0
31.148,-62,-31,1427,1497,-1.62,-0.76,2.8231,3.5399,5.2005,0
31.165,-65,-31,1452,1497,-1.62,-0.76,2.8231,3.5399,5.2005,0
31.184,-67,-31,1465,1497,-1.62,-0.76,2.8231,3.5399,5.2005,0
31.201,-70,-31,1452,1497,-1.62,-0.76,2.8231,3.5399,5.2005,0
31.218,-72,-31,1463,1497,-1.62,-0.76,2.8231,3.5399,5.2005,0
31.235,-74,-31,1462,1497,-1.62,-0.76,2.8231,3.5399,5.2005,0
31.253,-75,-31,1474,1497,-1.62,-0.76,2.8231,3.5399,5.2005,0
31.270,-77,-31,1462,1497,-1.62,-0.76,2.8231,3.5399,5.2005,0
31.288,-78,-31,1473,1497,-0.91,-2.08,2.8231,3.5399,5.2005,0
31.305,-78,-31,1485,1497,-0.91,-2.08,2.8231,3.5399,5.2005,0
31.323,-79,-31,1473,1497,-0.91,-2.08,2.8231,3.5399,5.2005,0
31.343,-81,-31,1464,1497,-0.91,-2.08,2.8231,3.5399,5.2005,0
31.361,-83,-31,1460,1497,-0.91,-2.08,2.9184,4.0377,5.2932,0
31.379,-84,-31,1472,1497,-0.91,-2.08,2.9184,4.0377,5.2932,0
31.396,-86,-31,1461,1497,-0.91,-2.08,2.9184,4.0377,5.2932,0
31.414,-87,-31,1472,1497,-0.91,-2.08,2.9184,4.0377,5.2932,0
31.431,-89,-32,1459,1486,-0.91,-2.08,2.9184,4.0377,5.2932,0
31.448,-90,-31,1471,1508,-0.91,-2.08,2.9184,4.0377,5.2932,0
31.466,-92,-31,1459,1497,-0.91,-2.08,2.9184,4.0377,5.2932,0
31.484,-94,-31,1459,1497,-0.91,-2.08,2.9184,4.0377,5.2932,0
31.502,-96,-31,1459,1497,-0.91,-2.08,2.9184,4.0377,5.2932,0
31.521,-98,-31,1459,1497,-0.91,-2.08,2.9184,4.0377,5.2932,0
31.539,-100,-31,1459,1497,-0.71,-1.37,2.9184,4.0377,5.2932,0
31.558,-102,-30,1458,1507,-0.71,-1.37,2.9184,4.0377,5.2932,0
31.576,-105,-30,1480,1497,-0.71,-1.37,2.9184,4.0377,5.2932,0
31.594,-107,-30,1424,1497,-0.71,-1.37,2.9184,4.0377,5.2932,0
31.611,-110,-30,1444,1497,-0.71,-1.37,3.1594,4.5969,4.4743,0
31.629,-113,-30,1443,1497,-0.71,-1.37,3.1594,4.5969,4.4743,0
31.646,-116,-30,1443,1497,-0.71,-1.37,3.1594,4.5969,4.4743,0
31.663,-122,-31,1406,1486,-0.71,-1.37,3.1594,4.5969,4.4743,0
31.680,-126,-31,1429,1497,-0.71,-1.37,3.1594,4.5969,4.4743,0
31.697,-128,-30,1451,1508,-0.71,-1.37,3.1594,4.5969,4.4743,0
31.715,-131,-29,1439,1508,-0.71,-1.37,3.1594,4.5969,4.4743,0
31.732,-134,-29,1438,1497,-0.71,-1.37,3.1594,4.5969,4.4743,0
31.749,-137,-29,1439,1497,-0.71,-1.37,3.1594,4.5969,4.4743,0
31.768,-140,-29,1441,1497,-0.71,-1.37,3.1594,4.5969,4.4743,0
31.788,-142,-28,1451,1507,-1.48,-1.14,3.1594,4.5969,4.4743,0
31.807,-144,-28,1451,1497,-1.48,-1.14,3.1594,4.5969,4.4743,0
31.824,-146,-28,1448,1497,-1.48,-1.14,3.1594,4.5969,4.4743,0
31.842,-146,-28,1471,1497,-1.48,-1.14,3.1594,4.5969,4.4743,0
31.859,-149,-27,1437,1508,-1.48,-1.14,3.5923,7.5102,7.9345,0
31.878,-150,-27,1459,1498,-1.48,-1.14,3.5923,7.5102,7.9345,0
31.896,-151,-27,1459,1498,-1.48,-1.14,3.5923,7.5102,7.9345,0
31.914,-152,-26,1459,1508,-1.48,-1.14,3.5923,7.5102,7.9345,0
31.931,-153,-27,1458,1486,-1.48,-1.14,3.5923,7.5102,7.9345,0
31.948,-153,-26,1470,1508,-1.48,-1.14,3.5923,7.5102,7.9345,0
31.965,-154,-26,1458,1498,-1.48,-1.14,3.5923,7.5102,7.9345,0
31.983,-155,-26,1458,1498,-1.48,-1.14,3.5923,7.5102,7.9345,0
32.000,-156,-26,1457,1498,-1.48,-1.14,3.5923,7.5102,7.9345,0
32.017,-156,-26,1469,1498,-1.48,-1.14,3.5923,7.5102,7.9345,0
32.036,-157,-26,1458,1498,-1.48,-1.14,3.5923,7.5102,7.9345,0
32.054,-157,-25,1469,1508,-0.44,-0.50,3.5923,7.5102,7.9345,0
32.073,-158,-25,1458,1498,-0.44,-0.50,3.5923,7.5102,7.9345,0
32.090,-159,-24,1457,1508,-0.44,-0.50,3.5923,7.5102,7.9345,0
32.107,-160,-23,1457,1509,-0.44,-0.50,3.6651,11.8510,8.2873,0
32.124,-160,-23,1468,1498,-0.44,-0.50,3.6651,11.8510,8.2873,0
32.142,-160,-23,1468,1498,-0.44,-0.50,3.6651,11.8510,8.2873,0
32.159,-162,-23,1445,1498,-0.44,-0.50,3.6651,11.8510,8.2873,0
32.176,-162,-23,1468,1498,-0.44,-0.50,3.6651,11.8510,8.2873,0
32.194,-162,-23,1468,1498,-0.44,-0.50,3.6651,11.8510,8.2873,0
32.213,-162,-21,1468,1520,-0.44,-0.50,3.6651,11.8510,8.2873,0
32.230,-161,-21,1479,1498,-0.44,-0.50,3.6651,11.8510,8.2873,0
32.248,-161,-21,1468,1498,-0.44,-0.50,3.6651,11.8510,8.2873,0
32.265,-160,-20,1480,1509,-0.44,-0.50,3.6651,11.8510,8.2873,0
32.282,-160,-20,1468,1498,-0.44,-0.50,3.6651,11.8510,8.2873,0
32.299,-158,-20,1492,1498,0.66,0.81,3.6651,11.8510,8.2873,0
32.316,-158,-20,1469,1498,0.66,0.81,3.6651,11.8510,8.2873,0
32.334,-156,-19,1492,1509,0.66,0.81,3.6651,11.8510,8.2873,0
32.351,-155,-19,1481,1498,0.66,0.81,3.9862,11.7453,9.4372,0
32.369,-154,-18,1481,1509,0.66,0.81,3.9862,11.7453,9.4372,0
32.387,-154,-18,1469,1498,0.66,0.81,3.9862,11.7453,9.4372,0
32.404,-152,-17,1493,1509,0.66,0.81,3.9862,11.7453,9.4372,0
32.422,-152,-17,1470,1499,0.66,0.81,3.9862,11.7453,9.4372,0
32.440,-151,-16,1481,1509,0.66,0.81,3.9862,11.7453,9.4372,0
32.457,-149,-16,1493,1499,0.66,0.81,3.9862,11.7453,9.4372,0
32.475,-148,-16,1482,1499,0.66,0.81,3.9862,11.7453,9.4372,0
32.492,-146,-14,1494,1521,0.66,0.81,3.9862,11.7453,9.4372,0
32.510,-142,-14,1517,1499,0.66,0.81,3.9862,11.7453,9.4372,0
32.527,-140,-14,1495,1499,0.66,0.81,3.9862,11.7453,9.4372,0
32.545,-137,-13,1507,1510,0.91,1.81,3.9862,11.7453,9.4372,0
32.562,-134,-13,1506,1499,0.91,1.81,3.9862,11.7453,9.4372,0
32.580,-131,-13,1508,1499,0.91,1.81,3.9862,11.7453,9.4372,0
32.597,-128,-12,1508,1510,0.91,1.81,3.4989,11.4863,7.9811,0
32.614,-126,-12,1498,1499,0.91,1.81,3.4989,11.4863,7.9811,0
32.631,-123,-12,1510,1499,0.91,1.81,3.4989,11.4863,7.9811,0
32.648,-121,-11,1500,1510,0.91,1.81,3.4989,11.4863,7.9811,0
32.665,-119,-11,1500,1499,0.91,1.81,3.4989,11.4863,7.9811,0
32.684,-118,-11,1487,1499,0.91,1.81,3.4989,11.4863,7.9811,0
32.701,-116,-10,1500,1510,0.91,1.81,3.4989,11.4863,7.9811,0
32.720,-116,-10,1477,1499,0.91,1.81,3.4989,11.4863,7.9811,0
32.737,-115,-10,1488,1499,0.91,1.81,3.4989,11.4863,7.9811,0
32.754,-114,-9,1489,1510,0.91,1.81,3.4989,11.4863,7.9811,0
32.772,-113,-9,1489,1499,0.91,1.81,3.4989,11.4863,7.9811,0
32.793,-111,-9,1499,1499,0.38,2.79,3.4989,11.4863,7.9811,0
32.811,-111,-9,1478,1499,0.38,2.79,3.4989,11.4863,7.9811,0
32.828,-110,-8,1490,1510,0.38,2.79,3.4989,11.4863,7.9811,0
32.845,-110,-8,1478,1499,0.38,2.79,3.6243,7.0472,8.1601,0
32.863,-109,-6,1490,1522,0.38,2.79,3.6243,7.0472,8.1601,0
32.880,-110,-5,1467,1510,0.38,2.79,3.6243,7.0472,8.1601,0
32.898,-110,-5,1478,1500,0.38,2.79,3.6243,7.0472,8.1601,0
32.916,-110,-5,1478,1500,0.38,2.79,3.6243,7.0472,8.1601,0
32.933,-110,-5,1478,1500,0.38,2.79,3.6243,7.0472,8.1601,0
32.951,-109,-4,1490,1510,0.38,2.79,3.6243,7.0472,8.1601,0
32.968,-109,-4,1478,1500,0.38,2.79,3.6243,7.0472,8.1601,0
32.986,-109,-4,1478,1500,0.38,2.79,3.6243,7.0472,8.1601,0
33.003,-109,-4,1478,1500,0.38,2.79,3.6243,7.0472,8.1601,0
33.021,-110,-3,1467,1510,0.38,2.79,3.6243,7.0472,8.1601,0
33.039,-110,-3,1478,1500,-0.28,3.63,3.6243,7.0472,8.1601,0
33.057,-110,-3,1478,1500,-0.28,3.63,3.6243,7.0472,8.1601,0
33.076,-110,-3,1478,1500,-0.28,3.63,3.6243,7.0472,8.1601,0
33.094,-110,-3,1478,1500,-0.28,3.63,3.6243,7.0472,8.1601,0
33.111,-110,-3,1478,1500,-0.28,3.63,3.4208,4.6581,8.8161,0
33.129,-110,-2,1478,1511,-0.28,3.63,3.4208,4.6581,8.8161,0
33.148,-110,-2,1478,1500,-0.28,3.63,3.4208,4.6581,8.8161,0
33.166,-110,-2,1478,1500,-0.28,3.63,3.4208,4.6581,8.8161,0
33.183,-111,-2,1467,1500,-0.28,3.63,3.4208,4.6581,8.8161,0
33.201,-111,-2,1478,1500,-0.28,3.63,3.4208,4.6581,8.8161,0
33.218,-111,-2,1478,1500,-0.28,3.63,3.4208,4.6581,8.8161,0
33.236,-112,-2,1466,1500,-0.28,3.63,3.4208,4.6581,8.8161,0
33.254,-112,-1,1478,1510,-0.28,3.63,3.4208,4.6581,8.8161,0
33.272,-112,-1,1478,1500,-0.28,3.63,3.4208,4.6581,8.8161,0
33.290,-112,-2,1478,1500,-1.01,3.16,3.4208,4.6581,8.8161,0
33.307,-112,-2,1478,1489,-1.01,3.16,3.4208,4.6581,8.8161,0
33.324,-112,-2,1478,1500,-1.01,3.16,3.4208,4.6581,8.8161,0
33.341,-111,-3,1490,1488,-1.01,3.16,3.4208,4.6581,8.8161,0
33.358,-111,-2,1478,1511,-1.01,3.16,3.3615,5.4963,6.4082,0
33.378,-111,-2,1478,1500,-1.01,3.16,3.3615,5.4963,6.4082,0
33.396,-109,-2,1499,1500,-1.01,3.16,3.3615,5.4963,6.4082,0
33.414,-107,-2,1500,1500,-1.01,3.16,3.3615,5.4963,6.4082,0
33.432,-106,-2,1490,1500,-1.01,3.16,3.3615,5.4963,6.4082,0
33.449,-103,-2,1514,1500,-1.01,3.16,3.3615,5.4963,6.4082,0
33.466,-101,-2,1502,1500,-1.01,3.16,3.3615,5.4963,6.4082,0
33.484,-98,-3,1513,1489,-1.01,3.16,3.3615,5.4963,6.4082,0
33.502,-96,-3,1504,1500,-1.01,3.16,3.3615,5.4963,6.4082,0
33.519,-93,-3,1514,1500,-1.01,3.16,3.3615,5.4963,6.4082,0
33.537,-91,-3,1504,1500,-1.71,2.03,3.3615,5.4963,6.4082,0
33.555,-88,-4,1514,1489,-1.71,2.03,3.3615,5.4963,6.4082,0
33.573,-85,-4,1515,1500,-1.71,2.03,3.3615,5.4963,6.4082,0
33.592,-82,-4,1514,1500,-1.71,2.03,3.3283,4.9597,9.2524,0
33.610,-79,-3,1518,1511,-1.71,2.03,3.3283,4.9597,9.2524,0
33.628,-75,-4,1530,1488,-1.71,2.03,3.3283,4.9597,9.2524,0
33.646,-72,-4,1517,1500,-1.71,2.03,3.3283,4.9597,9.2524,0
33.664,-65,-5,1564,1489,-1.71,2.03,3.3283,4.9597,9.2524,0
33.682,-65,-5,1487,1500,-1.71,2.03,3.3283,4.9597,9.2524,0
33.700,-65,-5,1487,1500,-1.71,2.03,3.3283,4.9597,9.2524,0
33.717,-59,-5,1557,1500,-1.71,2.03,3.3283,4.9597,9.2524,1
33.734,-56,-6,1522,1488,-1.71,2.03,3.3283,4.9597,9.2524,1
33.752,-50,-6,1558,1500,-1.71,2.03,3.3283,4.9597,9.2524,1
33.769,-47,-6,1524,1500,-1.71,2.03,3.3283,4.9597,9.2524,1
33.786,-44,-6,1525,1500,-1.08,1.84,3.3283,4.9597,9.2524,1
33.805,-41,-6,1526,1500,-1.08,1.84,3.3283,4.9597,9.2524,1
33.823,-37,-7,1533,1489,-1.08,1.84,3.3283,4.9597,9.2524,1
33.842,-34,-7,1524,1500,-1.08,1.84,3.0876,4.4487,5.9252,1
33.860,-31,-7,1526,1500,-1.08,1.84,3.0876,4.4487,5.9252,1
33.878,-24,-7,1576,1500,-1.08,1.84,3.0876,4.4487,5.9252,1
33.895,-21,-7,1530,1500,-1.08,1.84,3.0876,4.4487,5.9252,1
33.912,-18,-8,1531,1488,-1.08,1.84,3.0876,4.4487,5.9252,1
33.929,-15,-8,1531,1499,-1.08,1.84,3.0876,4.4487,5.9252,1
33.946,-11,-8,1544,1499,-1.08,1.84,3.0876,4.4487,5.9252,1
33.963,-8,-8,1533,1499,-1.08,1.84,3.0876,4.4487,5.9252,1
33.980,-5,-9,1533,1488,-1.08,1.84,3.0876,4.4487,5.9252,1
33.997,-2,-9,1534,1499,-1.08,1.84,3.0876,4.4487,5.9252,1
34.014,1,-10,1535,1488,-1.08,1.84,3.0876,4.4487,5.9252,1
34.032,4,-10,1535,1499,-0.59,1.76,3.0876,4.4487,5.9252,1
34.050,8,-11,1545,1488,-0.59,1.76,3.0876,4.4487,5.9252,1
34.071,11,-10,1531,1508,-0.59,1.76,3.0876,4.4487,5.9252,1
34.090,15,-11,1543,1489,-0.59,1.76,3.0876,4.4487,5.9252,1
34.107,19,-11,1549,1499,-0.59,1.76,2.9225,3.9185,7.9428,1
34.126,26,-11,1581,1499,-0.59,1.76,2.9225,3.9185,7.9428,1
34.143,29,-11,1539,1499,-0.59,1.76,2.9225,3.9185,7.9428,1
34.160,33,-11,1552,1499,-0.59,1.76,2.9225,3.9185,7.9428,1
34.178,37,-12,1554,1487,-0.59,1.76,2.9225,3.9185,7.9428,1
34.195,40,-12,1542,1499,-0.59,1.76,2.9225,3.9185,7.9428,1
34.212,44,-12,1555,1499,-0.59,1.76,2.9225,3.9185,7.9428,1
34.229,48,-12,1556,1499,-0.59,1.76,2.9225,3.9185,7.9428,1
34.246,52,-13,1557,1487,-0.59,1.76,2.9225,3.9185,7.9428,1
34.263,56,-13,1557,1499,-0.59,1.76,2.9225,3.9185,7.9428,1
34.281,61,-13,1568,1499,-0.14,1.35,2.9225,3.9185,7.9428,0
34.299,65,-13,1558,1499,-0.14,1.35,2.9225,3.9185,7.9428,0
34.316,69,-14,1558,1488,-0.14,1.35,2.9225,3.9185,7.9428,0
34.335,74,-13,1571,1509,-0.14,1.35,2.9225,3.9185,7.9428,0
34.353,78,-14,1558,1488,-0.14,1.35,2.8292,4.2928,5.3739,0
34.371,82,-14,1560,1499,-0.14,1.35,2.8292,4.2928,5.3739,0
34.391,91,-15,1600,1489,-0.14,1.35,2.8292,4.2928,5.3739,0
34.408,94,-16,1553,1487,-0.14,1.35,2.8292,4.2928,5.3739,0
34.427,98,-16,1564,1499,-0.14,1.35,2.8292,4.2928,5.3739,0
34.444,102,-17,1565,1487,-0.14,1.35,2.8292,4.2928,5.3739,0
34.462,105,-17,1554,1499,-0.14,1.35,2.8292,4.2928,5.3739,0
34.479,108,-16,1556,1509,-0.14,1.35,2.8292,4.2928,5.3739,0
34.497,110,-17,1544,1488,-0.14,1.35,2.8292,4.2928,5.3739,0
34.514,112,-17,1546,1499,-0.14,1.35,2.8292,4.2928,5.3739,0
34.532,114,-17,1545,1499,1.20,0.91,2.8292,4.2928,5.3739,0
34.549,115,-17,1534,1499,1.20,0.91,2.8292,4.2928,5.3739,0
34.566,117,-17,1547,1499,1.20,0.91,2.8292,4.2928,5.3739,0
34.583,118,-18,1535,1487,1.20,0.91,2.8292,4.2928,5.3739,0
34.604,119,-19,1533,1489,1.20,0.91,2.9359,3.8069,6.4228,0
34.622,120,-19,1535,1499,1.20,0.91,2.9359,3.8069,6.4228,0
34.640,121,-20,1535,1487,1.20,0.91,2.9359,3.8069,6.4228,0
34.659,123,-20,1546,1498,1.20,0.91,2.9359,3.8069,6.4228,0
34.678,124,-20,1535,1498,1.20,0.91,2.9359,3.8069,6.4228,0
34.695,125,-20,1536,1498,1.20,0.91,2.9359,3.8069,6.4228,0
34.712,126,-20,1536,1498,1.20,0.91,2.9359,3.8069,6.4228,0
34.730,128,-21,1549,1487,1.20,0.91,2.9359,3.8069,6.4228,0
34.747,129,-21,1537,1498,1.20,0.91,2.9359,3.8069,6.4228,0
34.764,131,-21,1549,1498,1.20,0.91,2.9359,3.8069,6.4228,0
34.781,132,-21,1538,1498,1.87,0.41,2.9359,3.8069,6.4228,0
34.798,134,-21,1550,1498,1.87,0.41,2.9359,3.8069,6.4228,0
34.818,135,-22,1537,1488,1.87,0.41,2.9359,3.8069,6.4228,0
34.835,137,-22,1550,1498,1.87,0.41,2.9359,3.8069,6.4228,0
34.853,139,-22,1550,1498,1.87,0.41,3.2199,4.2516,7.2197,0
34.872,140,-22,1538,1498,1.87,0.41,3.2199,4.2516,7.2197,0
34.890,142,-22,1550,1498,1.87,0.41,3.2199,4.2516,7.2197,0
34.907,144,-22,1552,1498,1.87,0.41,3.2199,4.2516,7.2197,0
34.925,146,-23,1551,1487,1.87,0.41,3.2199,4.2516,7.2197,0
34.943,147,-23,1540,1498,1.87,0.41,3.2199,4.2516,7.2197,0
34.960,147,-23,1529,1498,1.87,0.41,3.2199,4.2516,7.2197,0
34.978,147,-24,1529,1487,1.87,0.41,3.2199,4.2516,7.2197,0
34.995,147,-24,1529,1498,1.87,0.41,3.2199,4.2516,7.2197,0
35.012,147,-24,1529,1498,1.87,0.41,3.2199,4.2516,7.2197,0
35.031,147,-24,1529,1498,2.46,0.15,3.2199,4.2516,7.2197,0
35.051,147,-24,1529,1498,2.46,0.15,3.2199,4.2516,7.2197,0
35.068,146,-24,1517,1498,2.46,0.15,3.2199,4.2516,7.2197,0
35.092,145,-24,1520,1498,2.46,0.15,3.2635,4.3093,6.3642,0
35.109,144,-24,1517,1498,2.46,0.15,3.2635,4.3093,6.3642,0
35.127,141,-25,1495,1486,2.46,0.15,3.2635,4.3093,6.3642,0
35.145,136,-26,1471,1486,2.46,0.15,3.2635,4.3093,6.3642,0
35.162,133,-25,1493,1508,2.46,0.15,3.2635,4.3093,6.3642,0
35.179,131,-25,1503,1498,2.46,0.15,3.2635,4.3093,6.3642,0
35.197,128,-26,1492,1486,2.46,0.15,3.2635,4.3093,6.3642,0
35.215,125,-26,1492,1498,2.46,0.15,3.2635,4.3093,6.3642,0
35.233,122,-26,1491,1498,2.46,0.15,3.2635,4.3093,6.3642,0
35.250,118,-27,1478,1486,2.46,0.15,3.2635,4.3093,6.3642,0
35.268,115,-27,1490,1498,2.46,0.15,3.2635,4.3093,6.3642,0
35.287,112,-27,1492,1498,2.05,0.12,3.2635,4.3093,6.3642,0
35.304,109,-27,1488,1498,2.05,0.12,3.2635,4.3093,6.3642,0
35.323,106,-27,1489,1498,2.05,0.12,3.2635,4.3093,6.3642,0
35.340,103,-27,1488,1498,2.05,0.12,3.2262,4.4736,7.3903,0
35.358,96,-27,1440,1498,2.05,0.12,3.2262,4.4736,7.3903,0
35.376,93,-27,1487,1498,2.05,0.12,3.2262,4.4736,7.3903,0
35.394,89,-27,1474,1498,2.05,0.12,3.2262,4.4736,7.3903,0
35.412,86,-27,1483,1498,2.05,0.12,3.2262,4.4736,7.3903,0
35.430,82,-27,1472,1498,2.05,0.12,3.2262,4.4736,7.3903,0
35.447,79,-27,1481,1498,2.05,0.12,3.2262,4.4736,7.3903,0
35.464,75,-27,1470,1498,2.05,0.12,3.2262,4.4736,7.3903,0
35.484,72,-27,1481,1498,2.05,0.12,3.2262,4.4736,7.3903,0
35.502,67,-27,1463,1498,2.05,0.12,3.2262,4.4736,7.3903,0
35.519,64,-28,1479,1486,2.05,0.12,3.2262,4.4736,7.3903,0
35.536,60,-28,1467,1497,0.96,-0.15,3.2262,4.4736,7.3903,1
35.554,56,-28,1467,1497,0.96,-0.15,3.2262,4.4736,7.3903,1
35.572,52,-28,1466,1497,0.96,-0.15,3.2262,4.4736,7.3903,1
35.590,47,-28,1453,1497,0.96,-0.15,3.2262,4.4736,7.3903,1
35.608,38,-27,1463,1508,0.96,-0.15,3.3261,5.1199,8.3754,1
35.625,34,-27,1409,1498,0.96,-0.15,3.3261,5.1199,8.3754,1
35.644,29,-28,1452,1487,0.96,-0.15,3.3261,5.1199,8.3754,1
35.662,25,-29,1462,1486,0.96,-0.15,3.3261,5.1199,8.3754,1
35.680,20,-28,1449,1508,0.96,-0.15,3.3261,5.1199,8.3754,1
35.697,16,-28,1458,1497,0.96,-0.15,3.3261,5.1199,8.3754,1
35.714,12,-28,1456,1497,0.96,-0.15,3.3261,5.1199,8.3754,1
35.731,7,-28,1443,1497,0.96,-0.15,3.3261,5.1199,8.3754,1
35.748,3,-28,1454,1497,0.96,-0.15,3.3261,5.1199,8.3754,1
35.765,-1,-28,1454,1497,0.96,-0.15,3.3261,5.1199,8.3754,1
35.782,-5,-28,1453,1497,-0.74,0.57,3.3261,5.1199,8.3754,1
35.799,-9,-28,1452,1497,-0.74,0.57,3.3261,5.1199,8.3754,1
35.816,-12,-28,1463,1497,-0.74,0.57,3.3261,5.1199,8.3754,1
35.833,-16,-28,1450,1497,-0.74,0.57,3.3261,5.1199,8.3754,1
35.851,-16,-28,1497,1497,-0.74,0.57,3.5236,6.0205,8.0919,1
35.868,-22,-28,1427,1497,-0.74,0.57,3.5236,6.0205,8.0919,1
35.885,-25,-28,1461,1497,-0.74,0.57,3.5236,6.0205,8.0919,1
35.903,-27,-28,1473,1497,-0.74,0.57,3.5236,6.0205,8.0919,1
35.921,-30,-28,1460,1497,-0.74,0.57,3.5236,6.0205,8.0919,1
35.938,-32,-28,1471,1497,-0.74,0.57,3.5236,6.0205,8.0919,1
35.956,-37,-28,1436,1497,-0.74,0.57,3.5236,6.0205,8.0919,1
35.974,-39,-28,1472,1497,-0.74,0.57,3.5236,6.0205,8.0919,1
35.993,-41,-28,1470,1497,-0.74,0.57,3.5236,6.0205,8.0919,1
36.010,-43,-28,1470,1497,-0.74,0.57,3.5236,6.0205,8.0919,1
36.028,-44,-28,1480,1497,-1.32,1.03,3.5236,6.0205,8.0919,1
36.046,-46,-28,1469,1497,-1.32,1.03,3.5236,6.0205,8.0919,1
36.068,-47,-28,1482,1497,-1.32,1.03,3.5236,6.0205,8.0919,1
36.085,-47,-28,1491,1497,-1.32,1.03,3.5236,6.0205,8.0919,1
36.103,-48,-28,1480,1497,-1.32,1.03,3.5189,5.9425,8.8297,1
36.122,-51,-28,1458,1497,-1.32,1.03,3.5189,5.9425,8.8297,1
36.139,-52,-28,1479,1497,-1.32,1.03,3.5189,5.9425,8.8297,1
36.156,-54,-28,1467,1497,-1.32,1.03,3.5189,5.9425,8.8297,1
36.174,-57,-29,1455,1486,-1.32,1.03,3.5189,5.9425,8.8297,1
36.191,-58,-29,1477,1497,-1.32,1.03,3.5189,5.9425,8.8297,1
36.208,-58,-29,1489,1497,-1.32,1.03,3.5189,5.9425,8.8297,1
36.225,-59,-29,1477,1497,-1.32,1.03,3.5189,5.9425,8.8297,1
36.242,-60,-29,1477,1497,-1.32,1.03,3.5189,5.9425,8.8297,1
36.260,-61,-29,1477,1497,-1.32,1.03,3.5189,5.9425,8.8297,0
36.277,-61,-29,1488,1498,-1.32,1.03,3.5189,5.9425,8.8297,0
36.296,-61,-29,1488,1498,-0.86,0.32,3.5189,5.9425,8.8297,0
36.317,-62,-29,1478,1498,-0.86,0.32,3.5189,5.9425,8.8297,0
36.336,-62,-29,1488,1498,-0.86,0.32,3.5189,5.9425,8.8297,0
36.353,-62,-29,1488,1498,-0.86,0.32,3.6037,7.1348,8.4251,0
36.371,-64,-29,1465,1498,-0.86,0.32,3.6037,7.1348,8.4251,0
36.388,-65,-29,1476,1498,-0.86,0.32,3.6037,7.1348,8.4251,0
36.406,-65,-29,1487,1498,-0.86,0.32,3.6037,7.1348,8.4251,0
36.423,-65,-30,1487,1486,-0.86,0.32,3.6037,7.1348,8.4251,0
36.442,-65,-30,1487,1497,-0.86,0.32,3.6037,7.1348,8.4251,0
36.459,-65,-30,1487,1497,-0.86,0.32,3.6037,7.1348,8.4251,0
36.477,-64,-29,1499,1508,-0.86,0.32,3.6037,7.1348,8.4251,0
36.494,-64,-29,1488,1498,-0.86,0.32,3.6037,7.1348,8.4251,0
36.512,-64,-29,1488,1498,-0.86,0.32,3.6037,7.1348,8.4251,0
36.530,-64,-30,1488,1486,-0.75,0.57,3.6037,7.1348,8.4251,0
36.548,-63,-29,1499,1508,-0.75,0.57,3.6037,7.1348,8.4251,0
36.566,-63,-30,1488,1486,-0.75,0.57,3.6037,7.1348,8.4251,0
36.584,-63,-30,1488,1497,-0.75,0.57,3.6037,7.1348,8.4251,0
36.602,-63,-30,1488,1497,-0.75,0.57,3.4274,5.9780,7.1525,0
36.619,-62,-30,1500,1497,-0.75,0.57,3.4274,5.9780,7.1525,0
36.637,-61,-30,1499,1497,-0.75,0.57,3.4274,5.9780,7.1525,0
36.654,-59,-30,1511,1497,-0.75,0.57,3.4274,5.9780,7.1525,1
36.672,-58,-29,1500,1508,-0.75,0.57,3.4274,5.9780,7.1525,1
36.690,-55,-30,1522,1486,-0.75,0.57,3.4274,5.9780,7.1525,1
36.707,-54,-30,1500,1497,-0.75,0.57,3.4274,5.9780,7.1525,1
36.724,-54,-30,1489,1497,-0.75,0.57,3.4274,5.9780,7.1525,1
36.741,-52,-30,1512,1497,-0.75,0.57,3.4274,5.9780,7.1525,1
36.760,-50,-31,1511,1486,-0.75,0.57,3.4274,5.9780,7.1525,0
36.777,-49,-30,1501,1508,-0.56,0.22,3.4274,5.9780,7.1525,1
36.795,-47,-30,1512,1497,-0.56,0.22,3.4274,5.9780,7.1525,1
36.814,-45,-30,1512,1497,-0.56,0.22,3.4274,5.9780,7.1525,1
36.833,-43,-30,1513,1497,-0.56,0.22,3.4274,5.9780,7.1525,1
36.851,-41,-30,1513,1497,-0.56,0.22,3.7153,5.6979,10.4355,1
36.869,-38,-30,1525,1497,-0.56,0.22,3.7153,5.6979,10.4355,1
36.886,-35,-30,1527,1497,-0.56,0.22,3.7153,5.6979,10.4355,1
36.903,-32,-30,1528,1497,-0.56,0.22,3.7153,5.6979,10.4355,1
36.920,-25,-30,1576,1497,-0.56,0.22,3.7153,5.6979,10.4355,1
36.938,-25,-30,1495,1497,-0.56,0.22,3.7153,5.6979,10.4355,1
36.955,-20,-30,1554,1497,-0.56,0.22,3.7153,5.6979,10.4355,1
36.972,-16,-30,1543,1497,-0.56,0.22,3.7153,5.6979,10.4355,1
36.990,-7,-31,1600,1486,-0.56,0.22,3.7153,5.6979,10.4355,0
37.009,-3,-31,1541,1497,-0.56,0.22,3.7153,5.6979,10.4355,0
37.027,1,-30,1544,1508,-0.67,0.49,3.7153,5.6979,10.4355,1
37.045,6,-31,1558,1486,-0.67,0.49,3.7153,5.6979,10.4355,0
37.062,11,-31,1559,1497,-0.67,0.49,3.7153,5.6979,10.4355,0
37.079,15,-30,1549,1508,-0.67,0.49,3.7153,5.6979,10.4355,1
37.096,19,-30,1550,1497,-0.67,0.49,3.4665,4.3667,8.1918,1
37.114,24,-30,1563,1497,-0.67,0.49,3.4665,4.3667,8.1918,1
37.131,28,-30,1550,1497,-0.67,0.49,3.4665,4.3667,8.1918,1
37.149,32,-30,1552,1497,-0.67,0.49,3.4665,4.3667,8.1918,1
37.167,36,-30,1551,1497,-0.67,0.49,3.4665,4.3667,8.1918,1
37.184,39,-30,1542,1497,-0.67,0.49,3.4665,4.3667,8.1918,1
37.202,43,-29,1554,1508,-0.67,0.49,3.4665,4.3667,8.1918,1
37.222,50,-30,1553,1487,-0.67,0.49,3.4665,4.3667,8.1918,1
37.240,53,-30,1570,1497,-0.67,0.49,3.4665,4.3667,8.1918,1
37.258,57,-30,1557,1497,-0.67,0.49,3.4665,4.3667,8.1918,1
37.276,60,-30,1544,1497,-0.10,1.11,3.4665,4.3667,8.1918,1
37.293,63,-30,1547,1497,-0.10,1.11,3.4665,4.3667,8.1918,0
37.310,66,-29,1548,1508,-0.10,1.11,3.4665,4.3667,8.1918,0
37.329,68,-29,1535,1498,-0.10,1.11,3.4665,4.3667,8.1918,0
37.346,71,-30,1548,1486,-0.10,1.11,2.8862,4.0315,6.7745,0
37.363,73,-29,1537,1508,-0.10,1.11,2.8862,4.0315,6.7745,0
37.381,74,-29,1526,1498,-0.10,1.11,2.8862,4.0315,6.7745,0
37.398,75,-30,1526,1486,-0.10,1.11,2.8862,4.0315,6.7745,0
37.415,76,-29,1527,1508,-0.10,1.11,2.8862,4.0315,6.7745,0
37.435,76,-29,1515,1498,-0.10,1.11,2.8862,4.0315,6.7745,0
37.452,76,-29,1515,1498,-0.10,1.11,2.8862,4.0315,6.7745,0
37.473,75,-29,1505,1498,-0.10,1.11,2.8862,4.0315,6.7745,0
37.490,73,-29,1492,1498,-0.10,1.11,2.8862,4.0315,6.7745,0
37.507,72,-29,1502,1498,-0.10,1.11,2.8862,4.0315,6.7745,0
37.525,70,-29,1492,1498,-0.55,1.12,2.8862,4.0315,6.7745,0
37.542,70,-29,1514,1498,-0.55,1.12,2.8862,4.0315,6.7745,0
37.559,68,-29,1491,1498,-0.55,1.12,2.8862,4.0315,6.7745,0
37.577,66,-29,1492,1498,-0.55,1.12,2.8862,4.0315,6.7745,0
37.596,65,-29,1502,1498,-0.55,1.12,3.1456,4.3747,5.8405,0
37.613,64,-29,1501,1498,-0.55,1.12,3.1456,4.3747,5.8405,0
37.630,63,-29,1501,1498,-0.55,1.12,3.1456,4.3747,5.8405,0
37.648,61,-29,1490,1497,-0.55,1.12,3.1456,4.3747,5.8405,0
37.665,60,-29,1500,1497,-0.55,1.12,3.1456,4.3747,5.8405,1
37.683,59,-29,1500,1497,-0.55,1.12,3.1456,4.3747,5.8405,1
37.701,59,-29,1512,1497,-0.55,1.12,3.1456,4.3747,5.8405,1
37.718,59,-30,1512,1486,-0.55,1.12,3.1456,4.3747,5.8405,1
37.737,59,-29,1512,1508,-0.55,1.12,3.1456,4.3747,5.8405,1
37.754,60,-29,1523,1497,-0.55,1.12,3.1456,4.3747,5.8405,1
37.773,60,-29,1512,1497,-0.55,1.12,3.1456,4.3747,5.8405,1
37.791,61,-29,1523,1497,0.34,-0.12,3.1456,4.3747,5.8405,0
37.809,61,-29,1512,1498,0.34,-0.12,3.1456,4.3747,5.8405,0
37.831,63,-29,1532,1498,0.34,-0.12,3.1456,4.3747,5.8405,0
37.851,66,-30,1522,1498,0.34,-0.12,3.2991,5.4910,5.3028,0
37.868,68,-30,1554,1487,0.34,-0.12,3.2991,5.4910,5.3028,0
37.886,71,-30,1548,1497,0.34,-0.12,3.2991,5.4910,5.3028,0
37.904,73,-30,1536,1497,0.34,-0.12,3.2991,5.4910,5.3028,0
37.921,78,-30,1572,1497,0.34,-0.12,3.2991,5.4910,5.3028,0
37.939,81,-31,1549,1486,0.34,-0.12,3.2991,5.4910,5.3028,0
37.957,83,-30,1538,1507,0.34,-0.12,3.2991,5.4910,5.3028,0
37.975,85,-30,1539,1497,0.34,-0.12,3.2991,5.4910,5.3028,0
37.993,88,-30,1552,1497,0.34,-0.12,3.2991,5.4910,5.3028,0
38.010,90,-30,1540,1497,0.34,-0.12,3.2991,5.4910,5.3028,0
38.028,92,-30,1541,1497,0.96,-0.11,3.2991,5.4910,5.3028,0
38.047,92,-30,1518,1497,0.96,-0.11,3.2991,5.4910,5.3028,0
38.065,96,-30,1563,1497,0.96,-0.11,3.2991,5.4910,5.3028,0
38.084,96,-30,1519,1497,0.96,-0.11,3.2022,4.0313,9.9893,0
38.102,99,-30,1554,1497,0.96,-0.11,3.2022,4.0313,9.9893,0
38.119,100,-30,1531,1497,0.96,-0.11,3.2022,4.0313,9.9893,0
38.136,102,-30,1543,1497,0.96,-0.11,3.2022,4.0313,9.9893,0
38.154,103,-30,1531,1497,0.96,-0.11,3.2022,4.0313,9.9893,0
38.172,104,-30,1532,1497,0.96,-0.11,3.2022,4.0313,9.9893,0
38.190,105,-30,1532,1497,0.96,-0.11,3.2022,4.0313,9.9893,0
38.208,106,-29,1532,1508,0.96,-0.11,3.2022,4.0313,9.9893,0
38.226,107,-29,1532,1497,0.96,-0.11,3.2022,4.0313,9.9893,0
38.243,108,-30,1533,1486,0.96,-0.11,3.2022,4.0313,9.9893,0
38.261,109,-30,1533,1497,0.96,-0.11,3.2022,4.0313,9.9893,0
38.279,111,-30,1544,1497,1.72,0.21,3.2022,4.0313,9.9893,0
38.297,112,-30,1534,1497,1.72,0.21,3.2022,4.0313,9.9893,0
38.314,113,-29,1534,1508,1.72,0.21,3.2022,4.0313,9.9893,0
38.331,114,-29,1534,1497,1.72,0.21,3.2022,4.0313,9.9893,0
38.349,114,-29,1523,1497,1.72,0.21,3.0118,4.0805,6.7174,0
38.367,115,-30,1534,1486,1.72,0.21,3.0118,4.0805,6.7174,0
38.384,116,-29,1534,1508,1.72,0.21,3.0118,4.0805,6.7174,0
38.403,118,-30,1545,1487,1.72,0.21,3.0118,4.0805,6.7174,0
38.420,119,-30,1535,1497,1.72,0.21,3.0118,4.0805,6.7174,0
38.438,120,-30,1535,1497,1.72,0.21,3.0118,4.0805,6.7174,0
38.455,120,-30,1524,1497,1.72,0.21,3.0118,4.0805,6.7174,0
38.472,122,-29,1547,1508,1.72,0.21,3.0118,4.0805,6.7174,0
38.491,122,-29,1524,1497,1.72,0.21,3.0118,4.0805,6.7174,0
38.510,122,-29,1524,1497,1.72,0.21,3.0118,4.0805,6.7174,0
38.527,123,-30,1535,1486,1.64,0.26,3.0118,4.0805,6.7174,0
38.544,123,-29,1524,1508,1.64,0.26,3.0118,4.0805,6.7174,0
38.561,123,-29,1524,1497,1.64,0.26,3.0118,4.0805,6.7174,0
38.580,123,-30,1524,1486,1.64,0.26,3.0118,4.0805,6.7174,0
38.598,124,-30,1535,1497,1.64,0.26,2.6186,3.7278,5.3378,0
38.617,125,-30,1535,1497,1.64,0.26,2.6186,3.7278,5.3378,0
38.634,126,-29,1536,1508,1.64,0.26,2.6186,3.7278,5.3378,0
38.652,127,-29,1536,1497,1.64,0.26,2.6186,3.7278,5.3378,0
38.669,127,-30,1525,1486,1.64,0.26,2.6186,3.7278,5.3378,0
38.686,130,-30,1560,1497,1.64,0.26,2.6186,3.7278,5.3378,0
38.704,132,-30,1549,1497,1.64,0.26,2.6186,3.7278,5.3378,0
38.722,134,-30,1549,1497,1.64,0.26,2.6186,3.7278,5.3378,0
38.739,135,-30,1538,1497,1.64,0.26,2.6186,3.7278,5.3378,0
38.757,137,-30,1550,1497,1.64,0.26,2.6186,3.7278,5.3378,0
38.775,140,-30,1561,1497,1.25,-0.05,2.6186,3.7278,5.3378,0
38.792,140,-30,1528,1497,1.25,-0.05,2.6186,3.7278,5.3378,0
38.810,142,-30,1550,1497,1.25,-0.05,2.6186,3.7278,5.3378,0
38.828,144,-30,1551,1497,1.25,-0.05,2.6186,3.7278,5.3378,0
38.846,147,-29,1563,1508,1.25,-0.05,2.7426,3.1266,5.9412,0
38.864,147,-30,1529,1486,1.25,-0.05,2.7426,3.1266,5.9412,0
38.881,148,-30,1541,1497,1.25,-0.05,2.7426,3.1266,5.9412,0
38.900,147,-30,1519,1497,1.25,-0.05,2.7426,3.1266,5.9412,0
38.918,147,-31,1529,1486,1.25,-0.05,2.7426,3.1266,5.9412,0
38.936,145,-31,1506,1497,1.25,-0.05,2.7426,3.1266,5.9412,0
38.953,143,-30,1505,1508,1.25,-0.05,2.7426,3.1266,5.9412,0
38.971,141,-31,1505,1486,1.25,-0.05,2.7426,3.1266,5.9412,0
38.988,139,-31,1504,1497,1.25,-0.05,2.7426,3.1266,5.9412,0
39.005,137,-31,1504,1497,1.25,-0.05,2.7426,3.1266,5.9412,0
39.022,137,-31,1527,1497,0.80,0.22,2.7426,3.1266,5.9412,0
39.040,135,-31,1504,1497,0.80,0.22,2.7426,3.1266,5.9412,0
39.058,132,-31,1492,1497,0.80,0.22,2.7426,3.1266,5.9412,0
39.077,128,-31,1482,1497,0.80,0.22,2.7426,3.1266,5.9412,0
39.094,124,-31,1483,1497,0.80,0.22,3.1602,3.8224,5.9726,0
39.112,116,-32,1436,1486,0.80,0.22,3.1602,3.8224,5.9726,0
39.131,112,-32,1477,1497,0.80,0.22,3.1602,3.8224,5.9726,0
39.148,108,-32,1479,1497,0.80,0.22,3.1602,3.8224,5.9726,0
39.166,104,-32,1476,1497,0.80,0.22,3.1602,3.8224,5.9726,0
39.185,95,-32,1420,1497,0.80,0.22,3.1602,3.8224,5.9726,0
39.204,91,-32,1477,1497,0.80,0.22,3.1602,3.8224,5.9726,0
39.221,86,-33,1464,1486,0.80,0.22,3.1602,3.8224,5.9726,0
39.239,82,-32,1471,1508,0.80,0.22,3.1602,3.8224,5.9726,0
39.257,77,-32,1461,1497,0.80,0.22,3.1602,3.8224,5.9726,0
39.274,74,-32,1481,1497,0.85,-0.16,3.1602,3.8224,5.9726,0
39.292,68,-32,1447,1497,0.85,-0.16,3.1602,3.8224,5.9726,0
39.310,64,-32,1470,1497,0.85,-0.16,3.1602,3.8224,5.9726,0
39.328,59,-32,1456,1497,0.85,-0.16,3.1602,3.8224,5.9726,0
39.346,54,-32,1455,1497,0.85,-0.16,2.9153,3.4269,5.8678,0
39.363,49,-33,1452,1485,0.85,-0.16,2.9153,3.4269,5.8678,0
39.380,44,-32,1451,1508,0.85,-0.16,2.9153,3.4269,5.8678,0
39.399,40,-33,1464,1486,0.85,-0.16,2.9153,3.4269,5.8678,0
39.417,31,-33,1416,1497,0.85,-0.16,2.9153,3.4269,5.8678,0
39.435,31,-33,1506,1497,0.85,-0.16,2.9153,3.4269,5.8678,0
39.453,23,-33,1413,1497,0.85,-0.16,2.9153,3.4269,5.8678,0
39.471,23,-33,1504,1497,0.85,-0.16,2.9153,3.4269,5.8678,0
39.488,23,-33,1504,1497,0.85,-0.16,2.9153,3.4269,5.8678,0
39.505,20,-33,1470,1497,0.85,-0.16,2.9153,3.4269,5.8678,0
39.522,17,-33,1469,1497,0.28,-0.69,2.9153,3.4269,5.8678,0
39.540,12,-33,1469,1497,0.28,-0.69,2.9153,3.4269,5.8678,0
39.557,9,-34,1445,1485,0.28,-0.69,2.9153,3.4269,5.8678,0
39.575,6,-33,1468,1507,0.28,-0.69,2.9153,3.4269,5.8678,0
39.592,4,-33,1478,1497,0.28,-0.69,3.1971,3.6358,6.3994,0
39.610,1,-33,1467,1497,0.28,-0.69,3.1971,3.6358,6.3994,0
39.627,-4,-33,1442,1497,0.28,-0.69,3.1971,3.6358,6.3994,0
39.644,-7,-33,1464,1497,0.28,-0.69,3.1971,3.6358,6.3994,0
39.661,-10,-34,1464,1485,0.28,-0.69,3.1971,3.6358,6.3994,0
39.682,-13,-33,1469,1506,0.28,-0.69,3.1971,3.6358,6.3994,0
39.701,-17,-33,1455,1497,0.28,-0.69,3.1971,3.6358,6.3994,0
39.720,-21,-34,1453,1486,0.28,-0.69,3.1971,3.6358,6.3994,0
39.737,-29,-34,1404,1497,0.28,-0.69,3.1971,3.6358,6.3994,0
39.756,-33,-34,1450,1497,0.28,-0.69,3.1971,3.6358,6.3994,0
39.774,-37,-34,1449,1497,-0.06,-0.98,3.1971,3.6358,6.3994,0
39.792,-41,-34,1448,1497,-0.06,-0.98,3.1971,3.6358,6.3994,0
39.810,-44,-34,1459,1497,-0.06,-0.98,3.1971,3.6358,6.3994,0
39.828,-47,-34,1458,1497,-0.06,-0.98,3.1971,3.6358,6.3994,0
39.848,-50,-35,1459,1486,-0.06,-0.98,2.8094,3.9594,5.8008,0
39.869,-54,-34,1453,1505,-0.06,-0.98,2.8094,3.9594,5.8008,0
39.889,-57,-35,1458,1486,-0.06,-0.98,2.8094,3.9594,5.8008,0
39.909,-63,-35,1422,1497,-0.06,-0.98,2.8094,3.9594,5.8008,0
39.926,-66,-35,1456,1497,-0.06,-0.98,2.8094,3.9594,5.8008,0
39.943,-68,-35,1464,1497,-0.06,-0.98,2.8094,3.9594,5.8008,0
39.960,-71,-35,1452,1497,-0.06,-0.98,2.8094,3.9594,5.8008,0
39.977,-74,-35,1451,1497,-0.06,-0.98,2.8094,3.9594,5.8008,0
39.995,-77,-34,1451,1507,-0.06,-0.98,2.8094,3.9594,5.8008,0
40.012,-80,-35,1450,1485,-0.06,-0.98,2.8094,3.9594,5.8008,0
40.029,-82,-35,1461,1497,-0.85,-0.47,2.8094,3.9594,5.8008,0
40.047,-85,-35,1449,1497,-0.85,-0.47,2.8094,3.9594,5.8008,0
40.064,-88,-35,1448,1497,-0.85,-0.47,2.8094,3.9594,5.8008,0
40.081,-90,-36,1459,1485,-0.85,-0.47,3.2025,3.6691,5.7521,0
40.099,-93,-36,1447,1497,-0.85,-0.47,3.2025,3.6691,5.7521,0
40.116,-95,-36,1459,1497,-0.85,-0.47,3.2025,3.6691,5.7521,0
40.133,-98,-36,1446,1497,-0.85,-0.47,3.2025,3.6691,5.7521,0
40.151,-101,-35,1446,1507,-0.85,-0.47,3.2025,3.6691,5.7521,0
40.169,-104,-35,1445,1497,-0.85,-0.47,3.2025,3.6691,5.7521,0
40.186,-106,-35,1456,1497,-0.85,-0.47,3.2025,3.6691,5.7521,0
40.205,-111,-36,1424,1486,-0.85,-0.47,3.2025,3.6691,5.7521,0
40.223,-113,-35,1456,1507,-0.85,-0.47,3.2025,3.6691,5.7521,0
40.241,-116,-35,1444,1497,-0.85,-0.47,3.2025,3.6691,5.7521,0
40.259,-119,-36,1444,1486,-0.85,-0.47,3.2025,3.6691,5.7521,0
40.276,-121,-36,1453,1497,-1.62,0.05,3.2025,3.6691,5.7521,0
40.294,-124,-36,1441,1497,-1.62,0.05,3.2025,3.6691,5.7521,0
40.311,-126,-36,1452,1497,-1.62,0.05,3.2025,3.6691,5.7521,0
40.329,-129,-36,1440,1497,-1.62,0.05,3.2791,3.3539,7.7960,0
40.347,-132,-36,1442,1497,-1.62,0.05,3.2791,3.3539,7.7960,0
40.365,-134,-36,1451,1497,-1.62,0.05,3.2791,3.3539,7.7960,0
40.383,-137,-35,1439,1507,-1.62,0.05,3.2791,3.3539,7.7960,0
40.400,-140,-36,1438,1485,-1.62,0.05,3.2791,3.3539,7.7960,0
40.417,-143,-36,1437,1497,-1.62,0.05,3.2791,3.3539,7.7960,0
40.434,-146,-36,1436,1497,-1.62,0.05,3.2791,3.3539,7.7960,0
40.452,-151,-36,1412,1497,-1.62,0.05,3.2791,3.3539,7.7960,0
40.470,-154,-36,1437,1497,-1.62,0.05,3.2791,3.3539,7.7960,0
40.488,-156,-36,1447,1497,-1.62,0.05,3.2791,3.3539,7.7960,0
40.506,-158,-36,1447,1497,-1.62,0.05,3.2791,3.3539,7.7960,0
40.526,-161,-36,1437,1497,-1.88,-0.60,3.2791,3.3539,7.7960,0
40.545,-162,-36,1457,1497,-1.88,-0.60,3.2791,3.3539,7.7960,0
40.564,-164,-36,1447,1497,-1.88,-0.60,3.2791,3.3539,7.7960,0
40.581,-165,-36,1456,1497,-1.88,-0.60,3.5491,4.7620,8.2420,0
40.599,-167,-35,1444,1507,-1.88,-0.60,3.5491,4.7620,8.2420,0
40.617,-167,-36,1467,1486,-1.88,-0.60,3.5491,4.7620,8.2420,0
40.635,-168,-35,1456,1507,-1.88,-0.60,3.5491,4.7620,8.2420,0
40.652,-167,-36,1479,1485,-1.88,-0.60,3.5491,4.7620,8.2420,0
40.670,-167,-36,1467,1497,-1.88,-0.60,3.5491,4.7620,8.2420,0
40.689,-163,-37,1510,1486,-1.88,-0.60,3.5491,4.7620,8.2420,0
40.706,-163,-37,1468,1497,-1.88,-0.60,3.5491,4.7620,8.2420,0
40.723,-157,-36,1537,1507,-1.88,-0.60,3.5491,4.7620,8.2420,0
40.741,-152,-37,1526,1485,-1.88,-0.60,3.5491,4.7620,8.2420,0
40.758,-149,-37,1504,1497,-1.88,-0.60,3.5491,4.7620,8.2420,0
40.776,-145,-37,1514,1497,-0.98,-1.42,3.5491,4.7620,8.2420,0
40.793,-142,-37,1506,1497,-0.98,-1.42,3.5491,4.7620,8.2420,0
40.810,-139,-37,1507,1497,-0.98,-1.42,3.5491,4.7620,8.2420,0
40.827,-135,-37,1519,1497,-0.98,-1.42,3.4026,4.2381,9.2639,0
40.844,-132,-37,1507,1497,-0.98,-1.42,3.4026,4.2381,9.2639,0
40.862,-130,-37,1497,1497,-0.98,-1.42,3.4026,4.2381,9.2639,0
40.880,-127,-37,1508,1497,-0.98,-1.42,3.4026,4.2381,9.2639,0
40.899,-125,-37,1497,1497,-0.98,-1.42,3.4026,4.2381,9.2639,0
40.919,-121,-37,1516,1497,-0.98,-1.42,3.4026,4.2381,9.2639,0
40.937,-119,-37,1498,1497,-0.98,-1.42,3.4026,4.2381,9.2639,0
40.955,-116,-37,1510,1497,-0.98,-1.42,3.4026,4.2381,9.2639,0
40.972,-114,-37,1500,1497,-0.98,-1.42,3.4026,4.2381,9.2639,0
40.991,-112,-37,1500,1497,-0.98,-1.42,3.4026,4.2381,9.2639,0
41.008,-110,-37,1500,1497,-0.98,-1.42,3.4026,4.2381,9.2639,0
41.025,-108,-36,1501,1507,-1.11,-0.52,3.4026,4.2381,9.2639,0
41.043,-106,-36,1500,1497,-1.11,-0.52,3.4026,4.2381,9.2639,0
41.060,-104,-36,1502,1497,-1.11,-0.52,3.4026,4.2381,9.2639,0
41.078,-103,-37,1491,1485,-1.11,-0.52,2.8941,4.0429,6.9157,0
41.095,-102,-36,1492,1507,-1.11,-0.52,2.8941,4.0429,6.9157,0
41.112,-101,-36,1492,1497,-1.11,-0.52,2.8941,4.0429,6.9157,0
41.130,-100,-36,1492,1497,-1.11,-0.52,2.8941,4.0429,6.9157,0
41.148,-99,-36,1491,1497,-1.11,-0.52,2.8941,4.0429,6.9157,0
41.165,-99,-36,1480,1497,-1.11,-0.52,2.8941,4.0429,6.9157,0
41.182,-98,-36,1492,1497,-1.11,-0.52,2.8941,4.0429,6.9157,0
41.199,-99,-36,1469,1497,-1.11,-0.52,2.8941,4.0429,6.9157,0
41.217,-99,-36,1480,1497,-1.11,-0.52,2.8941,4.0429,6.9157,0
41.236,-100,-36,1470,1497,-1.11,-0.52,2.8941,4.0429,6.9157,0
41.254,-100,-36,1480,1497,-1.11,-0.52,2.8941,4.0429,6.9157,0
41.274,-101,-36,1470,1497,-1.66,1.35,2.8941,4.0429,6.9157,0
41.291,-102,-35,1469,1507,-1.66,1.35,2.8941,4.0429,6.9157,0
41.309,-102,-35,1480,1497,-1.66,1.35,2.8941,4.0429,6.9157,0
41.326,-103,-35,1468,1497,-1.66,1.35,2.8941,4.0429,6.9157,0
41.344,-103,-35,1480,1497,-1.66,1.35,3.3024,3.8058,6.2670,0
41.363,-103,-35,1480,1497,-1.66,1.35,3.3024,3.8058,6.2670,0
41.381,-104,-34,1469,1507,-1.66,1.35,3.3024,3.8058,6.2670,0
41.398,-105,-34,1468,1497,-1.66,1.35,3.3024,3.8058,6.2670,0
41.416,-107,-34,1457,1497,-1.66,1.35,3.3024,3.8058,6.2670,0
41.433,-108,-34,1467,1497,-1.66,1.35,3.3024,3.8058,6.2670,0
41.451,-110,-35,1456,1486,-1.66,1.35,3.3024,3.8058,6.2670,0
41.469,-111,-34,1467,1507,-1.66,1.35,3.3024,3.8058,6.2670,0
41.486,-111,-34,1478,1497,-1.66,1.35,3.3024,3.8058,6.2670,0
41.503,-111,-34,1478,1497,-1.66,1.35,3.3024,3.8058,6.2670,0
41.521,-110,-34,1490,1497,-0.60,0.76,3.3024,3.8058,6.2670,0
41.539,-109,-34,1490,1497,-0.60,0.76,3.3024,3.8058,6.2670,0
41.557,-108,-33,1489,1506,-0.60,0.76,3.3024,3.8058,6.2670,0
41.576,-107,-33,1490,1497,-0.60,0.76,3.3024,3.8058,6.2670,0
41.595,-106,-33,1489,1497,-0.60,0.76,3.3648,4.3050,6.2399,0
41.612,-104,-34,1502,1485,-0.60,0.76,3.3648,4.3050,6.2399,0
41.630,-103,-34,1491,1497,-0.60,0.76,3.3648,4.3050,6.2399,0
41.647,-102,-34,1492,1497,-0.60,0.76,3.3648,4.3050,6.2399,0
41.665,-101,-33,1492,1508,-0.60,0.76,3.3648,4.3050,6.2399,0
41.683,-99,-33,1501,1497,-0.60,0.76,3.3648,4.3050,6.2399,0
41.700,-97,-33,1503,1497,-0.60,0.76,3.3648,4.3050,6.2399,0
41.718,-94,-32,1516,1508,-0.60,0.76,3.3648,4.3050,6.2399,0
41.735,-94,-32,1481,1497,-0.60,0.76,3.3648,4.3050,6.2399,0
41.753,-91,-33,1515,1486,-0.60,0.76,3.3648,4.3050,6.2399,0
41.770,-90,-33,1494,1497,-0.70,0.76,3.3648,4.3050,6.2399,0
41.789,-88,-33,1503,1497,-0.70,0.76,3.3648,4.3050,6.2399,0
41.812,-87,-32,1492,1506,-0.70,0.76,3.3648,4.3050,6.2399,0
41.830,-86,-32,1493,1497,-0.70,0.76,3.1589,3.9443,6.3175,0
41.848,-85,-32,1494,1497,-0.70,0.76,3.1589,3.9443,6.3175,0
41.866,-84,-32,1495,1497,-0.70,0.76,3.1589,3.9443,6.3175,0
41.884,-82,-33,1505,1486,-0.70,0.76,3.1589,3.9443,6.3175,0
41.904,-81,-33,1496,1497,-0.70,0.76,3.1589,3.9443,6.3175,0
41.921,-77,-32,1523,1506,-0.70,0.76,3.1589,3.9443,6.3175,0
41.939,-76,-32,1497,1497,-0.70,0.76,3.1589,3.9443,6.3175,0
41.956,-74,-32,1508,1497,-0.70,0.76,3.1589,3.9443,6.3175,0
41.973,-73,-32,1497,1497,-0.70,0.76,3.1589,3.9443,6.3175,0
41.991,-71,-32,1508,1497,-0.70,0.76,3.1589,3.9443,6.3175,0
42.008,-69,-32,1509,1497,-0.70,0.76,3.1589,3.9443,6.3175,0
42.026,-67,-32,1508,1497,-0.83,0.24,3.1589,3.9443,6.3175,0
42.044,-67,-32,1487,1497,-0.83,0.24,3.1589,3.9443,6.3175,0
42.062,-64,-32,1520,1497,-0.83,0.24,3.1589,3.9443,6.3175,0
42.079,-63,-32,1499,1497,-0.83,0.24,3.3005,3.7718,7.2748,0
42.097,-61,-32,1510,1497,-0.83,0.24,3.3005,3.7718,7.2748,0
42.115,-59,-32,1509,1497,-0.83,0.24,3.3005,3.7718,7.2748,0
42.138,-56,-31,1514,1505,-0.83,0.24,3.3005,3.7718,7.2748,0
42.156,-55,-31,1500,1497,-0.83,0.24,3.3005,3.7718,7.2748,0
42.173,-53,-31,1511,1497,-0.83,0.24,3.3005,3.7718,7.2748,0
42.192,-52,-31,1500,1497,-0.83,0.24,3.3005,3.7718,7.2748,0
42.212,-50,-31,1510,1497,-0.83,0.24,3.3005,3.7718,7.2748,0
42.229,-49,-31,1500,1497,-0.83,0.24,3.3005,3.7718,7.2748,0
42.246,-48,-31,1501,1497,-0.83,0.24,3.3005,3.7718,7.2748,0
42.264,-47,-31,1501,1497,-0.83,0.24,3.3005,3.7718,7.2748,0
42.281,-47,-31,1491,1497,-1.17,0.06,3.3005,3.7718,7.2748,0
42.300,-46,-31,1502,1497,-1.17,0.06,3.3005,3.7718,7.2748,0
42.317,-46,-31,1491,1497,-1.17,0.06,3.3005,3.7718,7.2748,0
42.335,-46,-31,1491,1497,-1.17,0.06,3.4531,3.6825,7.7909,0
42.352,-47,-30,1479,1508,-1.17,0.06,3.4531,3.6825,7.7909,1
42.370,-47,-30,1491,1497,-1.17,0.06,3.4531,3.6825,7.7909,1
42.387,-47,-30,1491,1497,-1.17,0.06,3.4531,3.6825,7.7909,1
42.405,-47,-30,1491,1497,-1.17,0.06,3.4531,3.6825,7.7909,1
42.422,-48,-31,1479,1486,-1.17,0.06,3.4531,3.6825,7.7909,0
42.439,-49,-31,1479,1497,-1.17,0.06,3.4531,3.6825,7.7909,0
42.456,-49,-30,1491,1508,-1.17,0.06,3.4531,3.6825,7.7909,1
42.474,-50,-30,1479,1497,-1.17,0.06,3.4531,3.6825,7.7909,1
42.491,-50,-30,1490,1497,-1.17,0.06,3.4531,3.6825,7.7909,1
42.508,-50,-30,1490,1497,-1.17,0.06,3.4531,3.6825,7.7909,1
42.525,-50,-30,1490,1497,-0.98,0.20,3.4531,3.6825,7.7909,1
42.549,-49,-29,1499,1505,-0.98,0.20,3.4531,3.6825,7.7909,1
42.566,-48,-30,1501,1486,-0.98,0.20,3.4531,3.6825,7.7909,1
42.583,-48,-30,1491,1497,-0.98,0.20,3.5247,5.9407,8.0248,1
42.601,-46,-29,1512,1508,-0.98,0.20,3.5247,5.9407,8.0248,1
42.618,-43,-29,1525,1498,-0.98,0.20,3.5247,5.9407,8.0248,1
42.636,-41,-30,1513,1486,-0.98,0.20,3.5247,5.9407,8.0248,1
42.654,-38,-29,1527,1508,-0.98,0.20,3.5247,5.9407,8.0248,1
42.673,-36,-29,1513,1498,-0.98,0.20,3.5247,5.9407,8.0248,1
42.691,-31,-29,1550,1498,-0.98,0.20,3.5247,5.9407,8.0248,1
42.715,-25,-29,1528,1498,-0.98,0.20,3.5247,5.9407,8.0248,1
42.733,-25,-29,1516,1498,-0.98,0.20,3.5247,5.9407,8.0248,1
42.750,-18,-28,1574,1508,-0.98,0.20,3.5247,5.9407,8.0248,1
42.768,-18,-28,1497,1498,-0.98,0.20,3.5247,5.9407,8.0248,1
42.785,-15,-28,1532,1498,-0.36,0.34,3.5247,5.9407,8.0248,1
42.805,-7,-28,1587,1498,-0.36,0.34,3.5247,5.9407,8.0248,1
42.822,-3,-28,1541,1498,-0.36,0.34,3.5247,5.9407,8.0248,1
42.839,0,-28,1534,1498,-0.36,0.34,3.5655,8.4185,8.5336,1
42.857,4,-28,1546,1498,-0.36,0.34,3.5655,8.4185,8.5336,1
42.874,8,-28,1547,1498,-0.36,0.34,3.5655,8.4185,8.5336,1
42.891,13,-28,1561,1498,-0.36,0.34,3.5655,8.4185,8.5336,1
42.909,17,-29,1548,1486,-0.36,0.34,3.5655,8.4185,8.5336,1
42.926,21,-28,1550,1508,-0.36,0.34,3.5655,8.4185,8.5336,1
42.943,25,-28,1551,1498,-0.36,0.34,3.5655,8.4185,8.5336,1
42.960,31,-27,1575,1508,-0.36,0.34,3.5655,8.4185,8.5336,1
42.979,36,-27,1563,1498,-0.36,0.34,3.5655,8.4185,8.5336,1
42.999,42,-27,1566,1498,-0.36,0.34,3.5655,8.4185,8.5336,1
43.018,54,-27,1600,1498,0.15,0.87,3.5655,8.4185,8.5336,1
43.039,54,-27,1510,1498,0.15,0.87,3.5655,8.4185,8.5336,1
43.057,60,-26,1579,1508,0.15,0.87,3.5655,8.4185,8.5336,1
43.074,66,-26,1582,1498,0.15,0.87,3.5655,8.4185,8.5336,0
43.092,73,-26,1593,1498,0.15,0.87,3.4922,6.7379,7.7460,0
43.110,85,-26,1600,1498,0.15,0.87,3.4922,6.7379,7.7460,0
43.127,91,-25,1587,1509,0.15,0.87,3.4922,6.7379,7.7460,0
43.145,97,-25,1588,1498,0.15,0.87,3.4922,6.7379,7.7460,0
43.162,103,-25,1589,1498,0.15,0.87,3.4922,6.7379,7.7460,0
43.180,115,-26,1600,1487,0.15,0.87,3.4922,6.7379,7.7460,0
43.198,121,-26,1589,1498,0.15,0.87,3.4922,6.7379,7.7460,0
43.217,127,-26,1589,1498,0.15,0.87,3.4922,6.7379,7.7460,0
43.235,132,-25,1583,1508,0.15,0.87,3.4922,6.7379,7.7460,0
43.252,138,-24,1597,1509,0.15,0.87,3.4922,6.7379,7.7460,0
43.270,143,-24,1586,1498,1.40,1.04,3.4922,6.7379,7.7460,0
43.287,149,-24,1598,1498,1.40,1.04,3.4922,6.7379,7.7460,0
43.306,154,-23,1584,1508,1.40,1.04,3.4922,6.7379,7.7460,0
43.323,160,-23,1599,1498,1.40,1.04,3.4922,6.7379,7.7460,0
43.341,165,-23,1591,1498,1.40,1.04,3.4734,4.3837,8.6016,0
43.358,170,-23,1592,1498,1.40,1.04,3.4734,4.3837,8.6016,0
43.375,175,-23,1592,1498,1.40,1.04,3.4734,4.3837,8.6016,0
43.392,180,-22,1594,1509,1.40,1.04,3.4734,4.3837,8.6016,0
43.409,185,-22,1595,1498,1.40,1.04,3.4734,4.3837,8.6016,0
43.427,190,-21,1594,1509,1.40,1.04,3.4734,4.3837,8.6016,0
43.446,196,-21,1600,1498,1.40,1.04,3.4734,4.3837,8.6016,0
43.463,201,-21,1596,1498,1.40,1.04,3.4734,4.3837,8.6016,0
43.481,211,-20,1600,1509,1.40,1.04,3.4734,4.3837,8.6016,0
43.500,217,-19,1600,1509,1.40,1.04,3.4734,4.3837,8.6016,0
43.518,222,-19,1595,1498,2.83,1.88,3.4734,4.3837,8.6016,0
43.537,222,-19,1544,1498,2.83,1.88,3.4734,4.3837,8.6016,0
43.555,232,-19,1600,1498,2.83,1.88,3.4734,4.3837,8.6016,0
43.572,237,-18,1600,1509,2.83,1.88,3.4734,4.3837,8.6016,0
43.590,241,-18,1594,1499,2.83,1.88,3.1847,3.6602,7.1992,0
43.608,246,-17,1600,1509,2.83,1.88,3.1847,3.6602,7.1992,0
43.625,250,-17,1596,1499,2.83,1.88,3.1847,3.6602,7.1992,0
43.642,253,-17,1585,1499,2.83,1.88,3.1847,3.6602,7.1992,0
43.660,257,-16,1598,1510,2.83,1.88,3.1847,3.6602,7.1992,0
43.678,260,-17,1585,1488,2.83,1.88,3.1847,3.6602,7.1992,0
43.696,263,-16,1586,1509,2.83,1.88,3.1847,3.6602,7.1992,0
43.714,266,-15,1585,1509,2.83,1.88,3.1847,3.6602,7.1992,0
43.732,268,-16,1576,1487,2.83,1.88,3.1847,3.6602,7.1992,0
43.749,271,-15,1589,1509,2.83,1.88,3.1847,3.6602,7.1992,0
43.767,271,-15,1554,1499,2.67,2.60,3.1847,3.6602,7.1992,0
43.784,272,-14,1566,1510,2.67,2.60,3.1847,3.6602,7.1992,0
43.801,273,-15,1566,1487,2.67,2.60,3.1847,3.6602,7.1992,0
43.819,273,-14,1554,1509,2.67,2.60,3.1847,3.6602,7.1992,0
43.837,273,-14,1554,1499,2.67,2.60,3.1724,3.9507,6.7445,0
43.859,271,-13,1535,1507,2.67,2.60,3.1724,3.9507,6.7445,0
43.877,269,-13,1532,1499,2.67,2.60,3.1724,3.9507,6.7445,0
43.894,266,-13,1518,1499,2.67,2.60,3.1724,3.9507,6.7445,0
43.911,264,-13,1529,1499,2.67,2.60,3.1724,3.9507,6.7445,0
43.929,261,-13,1518,1499,2.67,2.60,3.1724,3.9507,6.7445,0
43.946,257,-13,1505,1499,2.67,2.60,3.1724,3.9507,6.7445,0
43.963,253,-13,1504,1499,2.67,2.60,3.1724,3.9507,6.7445,0
43.981,248,-14,1494,1488,2.67,2.60,3.1724,3.9507,6.7445,0
43.999,245,-14,1515,1499,2.67,2.60,3.1724,3.9507,6.7445,0
44.016,239,-14,1480,1499,0.83,2.30,3.1724,3.9507,6.7445,0
44.034,230,-14,1444,1499,0.83,2.30,3.1724,3.9507,6.7445,0
44.052,224,-14,1481,1499,0.83,2.30,3.1724,3.9507,6.7445,0
44.070,224,-14,1545,1499,0.83,2.30,3.1724,3.9507,6.7445,0
44.087,213,-14,1414,1499,0.83,2.30,3.1144,3.7839,7.6348,0
44.107,206,-14,1471,1499,0.83,2.30,3.1144,3.7839,7.6348,0
44.125,200,-14,1476,1499,0.83,2.30,3.1144,3.7839,7.6348,0
44.144,194,-14,1473,1499,0.83,2.30,3.1144,3.7839,7.6348,0
44.161,188,-14,1472,1499,0.83,2.30,3.1144,3.7839,7.6348,0
44.180,184,-13,1494,1509,0.83,2.30,3.1144,3.7839,7.6348,0
44.197,176,-13,1443,1499,0.83,2.30,3.1144,3.7839,7.6348,0
44.214,169,-14,1453,1487,0.83,2.30,3.1144,3.7839,7.6348,0
44.231,161,-14,1440,1499,0.83,2.30,3.1144,3.7839,7.6348,0
44.249,147,-14,1400,1499,0.83,2.30,3.1144,3.7839,7.6348,0
44.267,147,-14,1529,1499,-0.60,0.64,3.1144,3.7839,7.6348,0
44.284,147,-14,1529,1499,-0.60,0.64,3.1144,3.7839,7.6348,0
44.301,139,-14,1435,1499,-0.60,0.64,3.1144,3.7839,7.6348,0
44.318,126,-13,1400,1510,-0.60,0.64,3.1144,3.7839,7.6348,0
44.338,120,-14,1455,1487,-0.60,0.64,3.1280,4.3120,7.3811,0
44.356,107,-14,1400,1499,-0.60,0.64,3.1280,4.3120,7.3811,0
44.373,102,-14,1466,1499,-0.60,0.64,3.1280,4.3120,7.3811,0
44.390,95,-14,1438,1499,-0.60,0.64,3.1280,4.3120,7.3811,0
44.407,89,-14,1448,1499,-0.60,0.64,3.1280,4.3120,7.3811,0
44.425,82,-13,1438,1509,-0.60,0.64,3.1280,4.3120,7.3811,0
44.444,76,-13,1454,1499,-0.60,0.64,3.1280,4.3120,7.3811,0
44.463,62,-14,1400,1488,-0.60,0.64,3.1280,4.3120,7.3811,0
44.482,55,-13,1437,1509,-0.60,0.64,3.1280,4.3120,7.3811,1
44.499,48,-13,1432,1499,-0.60,0.64,3.1280,4.3120,7.3811,1
44.517,42,-13,1441,1499,-1.50,0.95,3.1280,4.3120,7.3811,1
44.534,35,-13,1427,1499,-1.50,0.95,3.1280,4.3120,7.3811,1
44.552,28,-14,1427,1488,-1.50,0.95,3.1280,4.3120,7.3811,1
44.569,22,-13,1436,1510,-1.50,0.95,3.1280,4.3120,7.3811,1
44.587,15,-13,1428,1499,-1.50,0.95,3.1539,3.3927,7.0266,1
44.606,8,-14,1427,1488,-1.50,0.95,3.1539,3.3927,7.0266,1
44.623,1,-13,1419,1510,-1.50,0.95,3.1539,3.3927,7.0266,1
44.641,-6,-13,1420,1499,-1.50,0.95,3.1539,3.3927,7.0266,1
44.658,-13,-13,1416,1499,-1.50,0.95,3.1539,3.3927,7.0266,1
44.675,-20,-13,1416,1499,-1.50,0.95,3.1539,3.3927,7.0266,1
44.693,-27,-13,1417,1499,-1.50,0.95,3.1539,3.3927,7.0266,1
44.710,-33,-13,1425,1499,-1.50,0.95,3.1539,3.3927,7.0266,1
44.729,-39,-13,1426,1499,-1.50,0.95,3.1539,3.3927,7.0266,1
44.750,-51,-13,1434,1499,-1.50,0.95,3.1539,3.3927,7.0266,1
44.767,-57,-13,1400,1499,-2.51,1.24,3.1539,3.3927,7.0266,1
44.785,-63,-13,1419,1499,-2.51,1.24,3.1539,3.3927,7.0266,0
44.803,-68,-13,1431,1499,-2.51,1.24,3.1539,3.3927,7.0266,0
44.821,-74,-13,1417,1499,-2.51,1.24,2.9971,3.8098,5.7624,0
44.838,-80,-13,1418,1499,-2.51,1.24,2.9971,3.8098,5.7624,0
44.855,-86,-13,1414,1499,-2.51,1.24,2.9971,3.8098,5.7624,0
44.873,-91,-13,1425,1499,-2.51,1.24,2.9971,3.8098,5.7624,0
44.891,-97,-13,1415,1499,-2.51,1.24,2.9971,3.8098,5.7624,0
44.909,-104,-12,1400,1510,-2.51,1.24,2.9971,3.8098,5.7624,0
44.927,-110,-12,1410,1499,-2.51,1.24,2.9971,3.8098,5.7624,0
44.944,-115,-12,1423,1499,-2.51,1.24,2.9971,3.8098,5.7624,0
44.962,-121,-12,1406,1499,-2.51,1.24,2.9971,3.8098,5.7624,0
44.979,-124,-13,1440,1487,-2.51,1.24,2.9971,3.8098,5.7624,0
44.998,-135,-13,1400,1499,-2.51,1.24,2.9971,3.8098,5.7624,0
45.020,-139,-12,1437,1507,-2.06,1.69,2.9971,3.8098,5.7624,0
45.037,-144,-12,1416,1499,-2.06,1.69,2.9971,3.8098,5.7624,0
45.055,-148,-12,1425,1499,-2.06,1.69,2.9971,3.8098,5.7624,0
45.072,-151,-12,1435,1499,-2.06,1.69,2.9731,4.6564,4.8905,0
45.089,-155,-12,1423,1499,-2.06,1.69,2.9731,4.6564,4.8905,0
45.106,-158,-12,1434,1499,-2.06,1.69,2.9731,4.6564,4.8905,0
45.123,-161,-12,1433,1499,-2.06,1.69,2.9731,4.6564,4.8905,0
45.144,-164,-11,1438,1508,-2.06,1.69,2.9731,4.6564,4.8905,0
45.161,-166,-11,1444,1499,-2.06,1.69,2.9731,4.6564,4.8905,0
45.179,-168,-11,1444,1499,-2.06,1.69,2.9731,4.6564,4.8905,0
45.197,-170,-12,1444,1488,-2.06,1.69,2.9731,4.6564,4.8905,0
45.214,-172,-12,1442,1499,-2.06,1.69,2.9731,4.6564,4.8905,0
45.231,-173,-12,1454,1499,-2.06,1.69,2.9731,4.6564,4.8905,0
45.248,-174,-13,1454,1487,-2.06,1.69,2.9731,4.6564,4.8905,0
45.265,-175,-13,1454,1499,-1.92,2.12,2.9731,4.6564,4.8905,0
45.283,-177,-13,1442,1499,-1.92,2.12,2.9731,4.6564,4.8905,0
45.301,-177,-13,1465,1499,-1.92,2.12,2.9731,4.6564,4.8905,0
45.319,-178,-13,1454,1499,-1.92,2.12,2.9731,4.6564,4.8905,0
45.340,-179,-13,1455,1499,-1.92,2.12,3.1875,5.0024,7.4414,0
45.357,-180,-13,1453,1499,-1.92,2.12,3.1875,5.0024,7.4414,0
45.375,-183,-13,1429,1499,-1.92,2.12,3.1875,5.0024,7.4414,0
45.394,-184,-12,1453,1509,-1.92,2.12,3.1875,5.0024,7.4414,0
45.411,-185,-13,1452,1487,-1.92,2.12,3.1875,5.0024,7.4414,0
45.429,-186,-13,1452,1499,-1.92,2.12,3.1875,5.0024,7.4414,0
45.446,-187,-13,1451,1499,-1.92,2.12,3.1875,5.0024,7.4414,0
45.464,-187,-12,1463,1509,-1.92,2.12,3.1875,5.0024,7.4414,0
45.481,-188,-13,1451,1487,-1.92,2.12,3.1875,5.0024,7.4414,0
45.498,-189,-13,1451,1499,-1.92,2.12,3.1875,5.0024,7.4414,0
45.515,-189,-14,1462,1487,-1.55,1.27,3.1875,5.0024,7.4414,0
45.534,-189,-14,1462,1499,-1.55,1.27,3.1875,5.0024,7.4414,0
45.551,-190,-14,1451,1499,-1.55,1.27,3.1875,5.0024,7.4414,0
45.569,-190,-14,1462,1499,-1.55,1.27,3.3819,5.3407,7.7209,0
45.587,-190,-14,1462,1499,-1.55,1.27,3.3819,5.3407,7.7209,0
45.605,-191,-14,1451,1499,-1.55,1.27,3.3819,5.3407,7.7209,0
45.623,-192,-13,1451,1509,-1.55,1.27,3.3819,5.3407,7.7209,0
45.641,-193,-14,1451,1488,-1.55,1.27,3.3819,5.3407,7.7209,0
45.658,-193,-14,1462,1499,-1.55,1.27,3.3819,5.3407,7.7209,0
45.675,-194,-14,1450,1499,-1.55,1.27,3.3819,5.3407,7.7209,0
45.692,-194,-14,1461,1499,-1.55,1.27,3.3819,5.3407,7.7209,0
45.711,-193,-14,1473,1499,-1.55,1.27,3.3819,5.3407,7.7209,0
45.728,-193,-14,1462,1499,-1.55,1.27,3.3819,5.3407,7.7209,0
45.747,-194,-14,1451,1499,-1.55,1.27,3.3819,5.3407,7.7209,0
45.764,-193,-14,1473,1499,-1.52,0.79,3.3819,5.3407,7.7209,0
45.781,-193,-14,1462,1499,-1.52,0.79,3.3819,5.3407,7.7209,0
45.798,-193,-14,1462,1499,-1.52,0.79,3.3819,5.3407,7.7209,0
45.815,-192,-14,1474,1499,-1.52,0.79,3.3819,5.3407,7.7209,0
45.833,-192,-15,1462,1488,-1.52,0.79,3.6330,4.7043,9.3244,0
45.857,-190,-14,1479,1506,-1.52,0.79,3.6330,4.7043,9.3244,0
45.877,-189,-14,1474,1499,-1.52,0.79,3.6330,4.7043,9.3244,0
45.894,-189,-15,1462,1489,-1.52,0.79,3.6330,4.7043,9.3244,0
45.912,-187,-15,1486,1499,-1.52,0.79,3.6330,4.7043,9.3244,0
45.932,-187,-15,1463,1499,-1.52,0.79,3.6330,4.7043,9.3244,0
45.949,-187,-15,1463,1499,-1.52,0.79,3.6330,4.7043,9.3244,0
45.966,-186,-15,1475,1499,-1.52,0.79,3.6330,4.7043,9.3244,0
45.983,-185,-15,1475,1499,-1.52,0.79,3.6330,4.7043,9.3244,0
46.001,-184,-16,1475,1487,-1.52,0.79,3.6330,4.7043,9.3244,0
46.018,-183,-16,1475,1499,-1.83,1.02,3.6330,4.7043,9.3244,0
46.035,-182,-16,1475,1499,-1.83,1.02,3.6330,4.7043,9.3244,0
46.053,-180,-16,1487,1499,-1.83,1.02,3.6330,4.7043,9.3244,0
46.070,-179,-17,1476,1487,-1.83,1.02,3.6739,5.5763,7.9343,0
46.089,-177,-16,1487,1509,-1.83,1.02,3.6739,5.5763,7.9343,0
46.106,-175,-17,1488,1487,-1.83,1.02,3.6739,5.5763,7.9343,0
46.123,-173,-16,1489,1509,-1.83,1.02,3.6739,5.5763,7.9343,0
46.141,-171,-16,1489,1499,-1.83,1.02,3.6739,5.5763,7.9343,0
46.159,-168,-16,1500,1499,-1.83,1.02,3.6739,5.5763,7.9343,0
46.176,-165,-16,1501,1499,-1.83,1.02,3.6739,5.5763,7.9343,0
46.193,-162,-16,1501,1499,-1.83,1.02,3.6739,5.5763,7.9343,0
46.211,-156,-15,1535,1509,-1.83,1.02,3.6739,5.5763,7.9343,0
46.228,-153,-16,1504,1487,-1.83,1.02,3.6739,5.5763,7.9343,0
46.246,-150,-16,1504,1499,-1.83,1.02,3.6739,5.5763,7.9343,0
46.263,-146,-15,1516,1509,-1.66,1.32,3.6739,5.5763,7.9343,0
46.281,-146,-15,1471,1499,-1.66,1.32,3.6739,5.5763,7.9343,0
46.300,-142,-15,1513,1499,-1.66,1.32,3.6739,5.5763,7.9343,0
46.317,-139,-15,1506,1499,-1.66,1.32,3.1106,5.1145,4.3887,0
46.335,-135,-15,1518,1499,-1.66,1.32,3.1106,5.1145,4.3887,0
46.356,-127,-15,1548,1499,-1.66,1.32,3.1106,5.1145,4.3887,0
46.374,-123,-15,1518,1499,-1.66,1.32,3.1106,5.1145,4.3887,0
46.392,-119,-15,1521,1499,-1.66,1.32,3.1106,5.1145,4.3887,0
46.411,-115,-14,1520,1509,-1.66,1.32,3.1106,5.1145,4.3887,0
46.428,-111,-14,1523,1499,-1.66,1.32,3.1106,5.1145,4.3887,0
46.446,-105,-14,1546,1499,-1.66,1.32,3.1106,5.1145,4.3887,0
46.463,-102,-14,1513,1499,-1.66,1.32,3.1106,5.1145,4.3887,0
46.480,-98,-14,1527,1499,-1.66,1.32,3.1106,5.1145,4.3887,0
46.497,-94,-14,1527,1499,-1.66,1.32,3.1106,5.1145,4.3887,0
46.516,-90,-14,1528,1499,-1.77,1.90,3.1106,5.1145,4.3887,0
46.533,-87,-14,1515,1499,-1.77,1.90,3.1106,5.1145,4.3887,0
46.554,-83,-14,1521,1499,-1.77,1.90,3.1106,5.1145,4.3887,0
46.572,-80,-15,1517,1487,-1.77,1.90,3.2447,4.0551,4.4249,0
46.589,-76,-14,1530,1509,-1.77,1.90,3.2447,4.0551,4.4249,0
46.607,-72,-15,1530,1488,-1.77,1.90,3.2447,4.0551,4.4249,0
46.624,-67,-15,1543,1499,-1.77,1.90,3.2447,4.0551,4.4249,0
46.643,-62,-15,1542,1499,-1.77,1.90,3.2447,4.0551,4.4249,0
46.660,-57,-15,1543,1499,-1.77,1.90,3.2447,4.0551,4.4249,1
46.679,-46,-15,1600,1499,-1.77,1.90,3.2447,4.0551,4.4249,1
46.697,-41,-15,1549,1499,-1.77,1.90,3.2447,4.0551,4.4249,1
46.714,-36,-14,1550,1509,-1.77,1.90,3.2447,4.0551,4.4249,1
46.731,-31,-15,1551,1487,-1.77,1.90,3.2447,4.0551,4.4249,1
46.748,-26,-14,1553,1510,-1.77,1.90,3.2447,4.0551,4.4249,1
46.767,-22,-15,1538,1488,-0.75,1.75,3.2447,4.0551,4.4249,1
46.789,-18,-15,1532,1499,-0.75,1.75,3.2447,4.0551,4.4249,1
46.806,-18,-15,1497,1499,-0.75,1.75,3.2447,4.0551,4.4249,1
46.825,-13,-15,1551,1499,-0.75,1.75,2.9408,3.6711,5.0644,1
46.842,-10,-15,1532,1499,-0.75,1.75,2.9408,3.6711,5.0644,1
46.860,-3,-16,1578,1487,-0.75,1.75,2.9408,3.6711,5.0644,1
46.878,1,-15,1544,1509,-0.75,1.75,2.9408,3.6711,5.0644,1
46.896,8,-15,1577,1499,-0.75,1.75,2.9408,3.6711,5.0644,1
46.915,11,-15,1533,1499,-0.75,1.75,2.9408,3.6711,5.0644,1
46.932,14,-15,1537,1499,-0.75,1.75,2.9408,3.6711,5.0644,1
46.950,17,-15,1537,1499,-0.75,1.75,2.9408,3.6711,5.0644,1
46.967,19,-16,1526,1487,-0.75,1.75,2.9408,3.6711,5.0644,1
46.985,22,-16,1538,1499,-0.75,1.75,2.9408,3.6711,5.0644,1
47.002,25,-16,1539,1499,-0.75,1.75,2.9408,3.6711,5.0644,1
47.020,28,-15,1540,1509,0.69,1.25,2.9408,3.6711,5.0644,1
47.037,31,-16,1540,1487,0.69,1.25,2.9408,3.6711,5.0644,1
47.055,31,-16,1506,1499,0.69,1.25,2.9408,3.6711,5.0644,1
47.073,34,-16,1540,1499,0.69,1.25,2.6273,3.6832,5.4382,1
47.090,36,-15,1530,1509,0.69,1.25,2.6273,3.6832,5.4382,1
47.107,40,-16,1554,1487,0.69,1.25,2.6273,3.6832,5.4382,1
47.125,43,-16,1543,1499,0.69,1.25,2.6273,3.6832,5.4382,1
47.142,45,-16,1532,1499,0.69,1.25,2.6273,3.6832,5.4382,1
47.159,47,-16,1532,1499,0.69,1.25,2.6273,3.6832,5.4382,1
47.177,49,-16,1532,1499,0.69,1.25,2.6273,3.6832,5.4382,1
47.194,52,-17,1545,1487,0.69,1.25,2.6273,3.6832,5.4382,1
47.212,54,-17,1533,1499,0.69,1.25,2.6273,3.6832,5.4382,1
47.229,55,-17,1522,1499,0.69,1.25,2.6273,3.6832,5.4382,1
47.246,57,-17,1534,1499,0.69,1.25,2.6273,3.6832,5.4382,1
47.263,57,-17,1511,1499,1.05,0.96,2.6273,3.6832,5.4382,1
47.281,58,-17,1523,1499,1.05,0.96,2.6273,3.6832,5.4382,1
47.298,59,-17,1522,1499,1.05,0.96,2.6273,3.6832,5.4382,1
47.316,60,-17,1523,1499,1.05,0.96,2.6273,3.6832,5.4382,1
47.335,61,-17,1522,1499,1.05,0.96,3.1004,3.5359,6.9718,0
47.353,62,-17,1523,1499,1.05,0.96,3.1004,3.5359,6.9718,0
47.371,63,-17,1523,1499,1.05,0.96,3.1004,3.5359,6.9718,0
47.388,64,-17,1524,1499,1.05,0.96,3.1004,3.5359,6.9718,0
47.406,65,-18,1524,1487,1.05,0.96,3.1004,3.5359,6.9718,0
47.423,67,-18,1536,1499,1.05,0.96,3.1004,3.5359,6.9718,0
47.446,69,-17,1524,1509,1.05,0.96,3.1004,3.5359,6.9718,0
47.465,71,-17,1539,1499,1.05,0.96,3.1004,3.5359,6.9718,0
47.482,73,-17,1537,1499,1.05,0.96,3.1004,3.5359,6.9718,0
47.500,75,-16,1538,1509,1.05,0.96,3.1004,3.5359,6.9718,0
47.517,77,-17,1538,1487,0.70,1.10,3.1004,3.5359,6.9718,0
47.535,78,-17,1527,1499,0.70,1.10,3.1004,3.5359,6.9718,0
47.552,80,-17,1539,1499,0.70,1.10,3.1004,3.5359,6.9718,0
47.570,81,-17,1527,1499,0.70,1.10,3.0552,3.6138,6.6325,0
47.588,83,-16,1539,1509,0.70,1.10,3.0552,3.6138,6.6325,0
47.606,84,-16,1528,1499,0.70,1.10,3.0552,3.6138,6.6325,0
47.624,86,-17,1539,1488,0.70,1.10,3.0552,3.6138,6.6325,0
47.641,87,-17,1529,1499,0.70,1.10,3.0552,3.6138,6.6325,0
47.661,88,-17,1527,1499,0.70,1.10,3.0552,3.6138,6.6325,0
47.678,90,-17,1541,1499,0.70,1.10,3.0552,3.6138,6.6325,0
47.696,90,-17,1518,1499,0.70,1.10,3.0552,3.6138,6.6325,0
47.713,91,-18,1529,1487,0.70,1.10,3.0552,3.6138,6.6325,0
47.731,91,-18,1518,1499,0.70,1.10,3.0552,3.6138,6.6325,0
47.748,92,-18,1530,1499,0.70,1.10,3.0552,3.6138,6.6325,0
47.765,93,-18,1530,1499,1.10,1.09,3.0552,3.6138,6.6325,0
47.782,94,-17,1530,1509,1.10,1.09,3.0552,3.6138,6.6325,0
47.799,95,-17,1530,1499,1.10,1.09,3.0552,3.6138,6.6325,0
47.817,95,-17,1519,1499,1.10,1.09,3.0127,3.6930,5.7660,0
47.834,97,-18,1542,1487,1.10,1.09,3.0127,3.6930,5.7660,0
47.854,97,-18,1519,1499,1.10,1.09,3.0127,3.6930,5.7660,0
47.872,98,-17,1530,1509,1.10,1.09,3.0127,3.6930,5.7660,0
47.890,98,-18,1519,1488,1.10,1.09,3.0127,3.6930,5.7660,0
47.909,98,-18,1519,1499,1.10,1.09,3.0127,3.6930,5.7660,0
47.926,98,-18,1519,1499,1.10,1.09,3.0127,3.6930,5.7660,0
47.943,96,-18,1497,1499,1.10,1.09,3.0127,3.6930,5.7660,0
47.961,94,-18,1497,1499,1.10,1.09,3.0127,3.6930,5.7660,0
47.978,92,-17,1496,1509,1.10,1.09,3.0127,3.6930,5.7660,0
47.996,89,-18,1484,1487,1.10,1.09,3.0127,3.6930,5.7660,0
48.015,85,-17,1477,1508,0.49,1.42,3.0127,3.6930,5.7660,0
48.032,81,-18,1470,1487,0.49,1.42,3.0127,3.6930,5.7660,0
48.050,81,-18,1516,1499,0.49,1.42,3.0127,3.6930,5.7660,0
48.074,77,-18,1483,1499,0.49,1.42,3.0127,3.6930,5.7660,0
48.093,72,-19,1460,1487,0.49,1.42,2.9783,3.8886,6.2977,0
48.112,62,-19,1414,1498,0.49,1.42,2.9783,3.8886,6.2977,0
48.131,53,-18,1466,1509,0.49,1.42,2.9783,3.8886,6.2977,1
48.149,49,-18,1418,1499,0.49,1.42,2.9783,3.8886,6.2977,1
48.167,45,-18,1466,1499,0.49,1.42,2.9783,3.8886,6.2977,1
48.185,41,-19,1465,1487,0.49,1.42,2.9783,3.8886,6.2977,1
48.203,37,-17,1463,1520,0.49,1.42,2.9783,3.8886,6.2977,1
48.220,33,-17,1461,1499,0.49,1.42,2.9783,3.8886,6.2977,1
48.237,30,-18,1472,1487,0.49,1.42,2.9783,3.8886,6.2977,1
48.256,27,-18,1473,1499,0.51,1.01,2.9783,3.8886,6.2977,1
48.277,24,-17,1477,1507,0.51,1.01,2.9783,3.8886,6.2977,1
48.296,21,-18,1473,1488,0.51,1.01,2.9783,3.8886,6.2977,1
48.314,19,-17,1482,1509,0.51,1.01,2.9783,3.8886,6.2977,1
48.331,17,-17,1481,1499,0.51,1.01,3.6714,7.9928,8.1919,1
48.348,14,-18,1469,1487,0.51,1.01,3.6714,7.9928,8.1919,1
48.366,12,-17,1480,1509,0.51,1.01,3.6714,7.9928,8.1919,1
48.384,11,-17,1491,1499,0.51,1.01,3.6714,7.9928,8.1919,1
48.401,10,-17,1492,1499,0.51,1.01,3.6714,7.9928,8.1919,1
48.419,9,-18,1491,1487,0.51,1.01,3.6714,7.9928,8.1919,1
48.437,8,-17,1491,1509,0.51,1.01,3.6714,7.9928,8.1919,1
48.454,6,-17,1478,1499,0.51,1.01,3.6714,7.9928,8.1919,1
48.472,5,-17,1491,1499,0.51,1.01,3.6714,7.9928,8.1919,1
48.489,3,-17,1479,1499,0.51,1.01,3.6714,7.9928,8.1919,1
48.507,2,-17,1489,1499,0.64,1.11,3.6714,7.9928,8.1919,1
48.526,1,-18,1491,1488,0.64,1.11,3.6714,7.9928,8.1919,1
48.544,0,-18,1489,1498,0.64,1.11,3.6714,7.9928,8.1919,1
48.562,-1,-18,1490,1498,0.64,1.11,3.6714,7.9928,8.1919,1
48.583,-2,-18,1490,1498,0.64,1.11,3.6295,7.9313,8.9544,1
48.600,-3,-19,1489,1487,0.64,1.11,3.6295,7.9313,8.9544,1
48.618,-3,-19,1500,1498,0.64,1.11,3.6295,7.9313,8.9544,1
48.635,-3,-19,1500,1498,0.64,1.11,3.6295,7.9313,8.9544,1
48.653,-3,-19,1500,1498,0.64,1.11,3.6295,7.9313,8.9544,1
48.670,-3,-18,1500,1509,0.64,1.11,3.6295,7.9313,8.9544,1
48.688,-3,-18,1500,1498,0.64,1.11,3.6295,7.9313,8.9544,1
48.707,-4,-19,1489,1488,0.64,1.11,3.6295,7.9313,8.9544,1
48.724,-5,-18,1488,1509,0.64,1.11,3.6295,7.9313,8.9544,1
48.743,-9,-19,1455,1488,0.64,1.11,3.6295,7.9313,8.9544,1
48.762,-9,-19,1499,1498,0.60,1.58,3.6295,7.9313,8.9544,1
48.780,-12,-19,1466,1498,0.60,1.58,3.6295,7.9313,8.9544,1
48.798,-12,-19,1498,1498,0.60,1.58,3.6295,7.9313,8.9544,1
48.816,-16,-19,1454,1498,0.60,1.58,3.5251,5.8394,7.8540,1
48.834,-18,-20,1474,1487,0.60,1.58,3.5251,5.8394,7.8540,1
48.851,-20,-19,1473,1509,0.60,1.58,3.5251,5.8394,7.8540,1
48.868,-22,-19,1473,1498,0.60,1.58,3.5251,5.8394,7.8540,1
48.885,-23,-19,1484,1498,0.60,1.58,3.5251,5.8394,7.8540,1
48.902,-26,-18,1461,1509,0.60,1.58,3.5251,5.8394,7.8540,1
48.920,-28,-19,1472,1487,0.60,1.58,3.5251,5.8394,7.8540,1
48.937,-30,-19,1471,1498,0.60,1.58,3.5251,5.8394,7.8540,1
48.954,-32,-19,1472,1498,0.60,1.58,3.5251,5.8394,7.8540,1
48.972,-35,-19,1459,1498,0.60,1.58,3.5251,5.8394,7.8540,1
48.989,-37,-19,1470,1498,0.60,1.58,3.5251,5.8394,7.8540,1
49.008,-39,-19,1472,1498,0.17,1.26,3.5251,5.8394,7.8540,1
49.026,-41,-19,1470,1498,0.17,1.26,3.5251,5.8394,7.8540,1
49.043,-44,-19,1457,1498,0.17,1.26,3.5251,5.8394,7.8540,1
49.061,-47,-19,1456,1498,0.17,1.26,3.5251,5.8394,7.8540,1
49.079,-52,-19,1435,1498,0.17,1.26,3.5479,5.9349,7.7265,1
49.097,-55,-18,1457,1509,0.17,1.26,3.5479,5.9349,7.7265,1
49.114,-55,-18,1490,1498,0.17,1.26,3.5479,5.9349,7.7265,1
49.132,-62,-18,1411,1498,0.17,1.26,3.5479,5.9349,7.7265,0
49.150,-65,-18,1454,1499,0.17,1.26,3.5479,5.9349,7.7265,0
49.167,-68,-18,1452,1499,0.17,1.26,3.5479,5.9349,7.7265,0
49.185,-71,-18,1452,1499,0.17,1.26,3.5479,5.9349,7.7265,0
49.202,-75,-18,1440,1499,0.17,1.26,3.5479,5.9349,7.7265,0
49.219,-78,-18,1451,1499,0.17,1.26,3.5479,5.9349,7.7265,0
49.237,-81,-19,1449,1487,0.17,1.26,3.5479,5.9349,7.7265,0
49.255,-84,-18,1451,1508,-0.72,0.92,3.5479,5.9349,7.7265,0
49.273,-88,-18,1437,1499,-0.72,0.92,3.5479,5.9349,7.7265,0
49.292,-91,-19,1451,1488,-0.72,0.92,3.5479,5.9349,7.7265,0
49.310,-93,-18,1459,1509,-0.72,0.92,3.5479,5.9349,7.7265,0
49.327,-96,-19,1448,1487,-0.72,0.92,3.7857,7.9454,8.1257,0
49.345,-99,-18,1448,1509,-0.72,0.92,3.7857,7.9454,8.1257,0
49.363,-101,-19,1458,1487,-0.72,0.92,3.7857,7.9454,8.1257,0
49.380,-105,-19,1433,1499,-0.72,0.92,3.7857,7.9454,8.1257,0
49.397,-107,-19,1455,1499,-0.72,0.92,3.7857,7.9454,8.1257,0
49.415,-109,-19,1455,1499,-0.72,0.92,3.7857,7.9454,8.1257,0
49.432,-110,-19,1467,1499,-0.72,0.92,3.7857,7.9454,8.1257,0
49.449,-112,-19,1454,1499,-0.72,0.92,3.7857,7.9454,8.1257,0
49.466,-113,-19,1466,1499,-0.72,0.92,3.7857,7.9454,8.1257,0
49.483,-114,-20,1466,1487,-0.72,0.92,3.7857,7.9454,8.1257,0
49.500,-115,-20,1466,1498,-0.72,0.92,3.7857,7.9454,8.1257,0
49.517,-117,-19,1454,1509,-1.53,0.36,3.7857,7.9454,8.1257,0
49.534,-117,-19,1477,1499,-1.53,0.36,3.7857,7.9454,8.1257,0
49.554,-117,-20,1477,1488,-1.53,0.36,3.7857,7.9454,8.1257,0
49.575,-118,-20,1466,1498,-1.53,0.36,3.8462,11.0420,8.5414,0
49.592,-118,-20,1477,1498,-1.53,0.36,3.8462,11.0420,8.5414,0
49.610,-118,-20,1477,1498,-1.53,0.36,3.8462,11.0420,8.5414,0
49.628,-118,-21,1477,1487,-1.53,0.36,3.8462,11.0420,8.5414,0
49.645,-117,-20,1488,1509,-1.53,0.36,3.8462,11.0420,8.5414,0
49.662,-117,-21,1477,1487,-1.53,0.36,3.8462,11.0420,8.5414,0
49.680,-116,-20,1489,1509,-1.53,0.36,3.8462,11.0420,8.5414,0
49.697,-115,-21,1489,1487,-1.53,0.36,3.8462,11.0420,8.5414,0
49.714,-114,-20,1489,1509,-1.53,0.36,3.8462,11.0420,8.5414,0
49.731,-112,-21,1500,1487,-1.53,0.36,3.8462,11.0420,8.5414,0
49.749,-111,-21,1490,1498,-1.42,0.16,3.8462,11.0420,8.5414,0
49.766,-110,-21,1490,1498,-1.42,0.16,3.8462,11.0420,8.5414,0
49.785,-108,-21,1500,1498,-1.42,0.16,3.8462,11.0420,8.5414,0
49.803,-106,-21,1500,1498,-1.42,0.16,3.8462,11.0420,8.5414,0
49.821,-104,-22,1502,1487,-1.42,0.16,4.4232,10.7071,12.1850,0
49.840,-102,-22,1500,1498,-1.42,0.16,4.4232,10.7071,12.1850,0
49.859,-98,-22,1524,1498,-1.42,0.16,4.4232,10.7071,12.1850,0
49.878,-96,-22,1501,1498,-1.42,0.16,4.4232,10.7071,12.1850,0
49.895,-92,-23,1524,1487,-1.42,0.16,4.4232,10.7071,12.1850,0
49.913,-90,-22,1504,1509,-1.42,0.16,4.4232,10.7071,12.1850,0
49.930,-88,-23,1505,1486,-1.42,0.16,4.4232,10.7071,12.1850,0
49.947,-84,-23,1528,1498,-1.42,0.16,4.4232,10.7071,12.1850,0
49.965,-81,-23,1518,1498,-1.42,0.16,4.4232,10.7071,12.1850,0
49.982,-78,-23,1519,1498,-1.42,0.16,4.4232,10.7071,12.1850,0
49.999,-74,-22,1531,1509,-0.77,-0.37,4.4232,10.7071,12.1850,0
50.016,-71,-22,1520,1498,-0.77,-0.37,4.4232,10.7071,12.1850,0
50.034,-67,-22,1532,1498,-0.77,-0.37,4.4232,10.7071,12.1850,0
50.051,-63,-22,1533,1498,-0.77,-0.37,4.4232,10.7071,12.1850,0
50.068,-59,-21,1534,1509,-0.77,-0.37,3.9858,9.6616,12.7289,1
50.086,-54,-22,1545,1487,-0.77,-0.37,3.9858,9.6616,12.7289,1
50.103,-51,-22,1523,1498,-0.77,-0.37,3.9858,9.6616,12.7289,1
50.120,-48,-21,1524,1509,-0.77,-0.37,3.9858,9.6616,12.7289,1
50.138,-44,-21,1537,1498,-0.77,-0.37,3.9858,9.6616,12.7289,1
50.157,-37,-21,1563,1498,-0.77,-0.37,3.9858,9.6616,12.7289,1
50.176,-33,-21,1535,1498,-0.77,-0.37,3.9858,9.6616,12.7289,1
50.194,-28,-21,1552,1498,-0.77,-0.37,3.9858,9.6616,12.7289,1
50.211,-24,-21,1541,1498,-0.77,-0.37,3.9858,9.6616,12.7289,1
50.228,-21,-21,1530,1498,-0.77,-0.37,3.9858,9.6616,12.7289,1
50.245,-16,-21,1554,1498,-0.77,-0.37,3.9858,9.6616,12.7289,1
50.264,-12,-21,1540,1498,0.46,0.24,3.9858,9.6616,12.7289,1
50.282,-8,-21,1541,1498,0.46,0.24,3.9858,9.6616,12.7289,1
50.300,-3,-21,1554,1498,0.46,0.24,3.9858,9.6616,12.7289,1
50.318,1,-21,1546,1498,0.46,0.24,3.6459,10.8859,9.1478,1
50.335,5,-21,1546,1498,0.46,0.24,3.6459,10.8859,9.1478,1
50.353,10,-21,1557,1498,0.46,0.24,3.6459,10.8859,9.1478,1
50.370,14,-20,1548,1509,0.46,0.24,3.6459,10.8859,9.1478,1
50.389,24,-21,1600,1488,0.46,0.24,3.6459,10.8859,9.1478,1
50.407,24,-21,1504,1498,0.46,0.24,3.6459,10.8859,9.1478,1
50.425,34,-19,1600,1520,0.46,0.24,3.6459,10.8859,9.1478,1
50.443,39,-20,1560,1488,0.46,0.24,3.6459,10.8859,9.1478,1
50.460,42,-20,1542,1498,0.46,0.24,3.6459,10.8859,9.1478,1
50.478,46,-19,1555,1509,0.46,0.24,3.6459,10.8859,9.1478,1
50.495,50,-20,1555,1487,0.46,0.24,3.6459,10.8859,9.1478,1
50.514,54,-19,1509,1498,1.26,1.44,3.6459,10.8859,9.1478,1
50.531,58,-19,1600,1509,1.26,1.44,3.6459,10.8859,9.1478,1
50.552,58,-19,1511,1498,1.26,1.44,3.6459,10.8859,9.1478,1
50.570,64,-19,1580,1498,1.26,1.44,3.5408,5.1099,7.4746,0
50.588,67,-19,1547,1499,1.26,1.44,3.5408,5.1099,7.4746,0
50.605,70,-19,1548,1499,1.26,1.44,3.5408,5.1099,7.4746,0
50.623,72,-19,1537,1499,1.26,1.44,3.5408,5.1099,7.4746,0
50.640,77,-19,1571,1499,1.26,1.44,3.5408,5.1099,7.4746,0
50.658,79,-19,1539,1499,1.26,1.44,3.5408,5.1099,7.4746,0
50.675,81,-18,1538,1509,1.26,1.44,3.5408,5.1099,7.4746,0
50.692,82,-19,1528,1487,1.26,1.44,3.5408,5.1099,7.4746,0
50.709,84,-19,1540,1499,1.26,1.44,3.5408,5.1099,7.4746,0
50.726,86,-18,1540,1509,1.26,1.44,3.5408,5.1099,7.4746,0
50.744,87,-18,1529,1499,1.26,1.44,3.5408,5.1099,7.4746,0
50.762,89,-19,1540,1487,1.05,0.74,3.5408,5.1099,7.4746,0
50.779,91,-19,1541,1499,1.05,0.74,3.5408,5.1099,7.4746,0
50.797,92,-19,1530,1499,1.05,0.74,3.5408,5.1099,7.4746,0
50.816,93,-19,1529,1499,1.05,0.74,3.5157,5.3775,7.7632,0
50.833,93,-19,1518,1499,1.05,0.74,3.5157,5.3775,7.7632,0
50.851,94,-19,1530,1499,1.05,0.74,3.5157,5.3775,7.7632,0
50.870,95,-19,1530,1499,1.05,0.74,3.5157,5.3775,7.7632,0
50.888,96,-19,1529,1499,1.05,0.74,3.5157,5.3775,7.7632,0
50.906,97,-18,1531,1509,1.05,0.74,3.5157,5.3775,7.7632,0
50.923,99,-19,1541,1488,1.05,0.74,3.5157,5.3775,7.7632,0
50.940,100,-19,1531,1499,1.05,0.74,3.5157,5.3775,7.7632,0
50.958,100,-19,1520,1499,1.05,0.74,3.5157,5.3775,7.7632,0
50.980,100,-18,1520,1499,1.05,0.74,3.5157,5.3775,7.7632,0
50.997,100,-19,1520,1499,1.29,-0.03,3.5157,5.3775,7.7632,0
51.017,100,-18,1520,1509,1.29,-0.03,3.5157,5.3775,7.7632,0
51.036,99,-18,1509,1499,1.29,-0.03,3.5157,5.3775,7.7632,0
51.053,99,-18,1520,1499,1.29,-0.03,3.5157,5.3775,7.7632,0
51.072,98,-19,1508,1499,1.29,-0.03,3.7165,7.4957,8.2761,0
51.089,98,-19,1519,1488,1.29,-0.03,3.7165,7.4957,8.2761,0
51.107,96,-18,1497,1509,1.29,-0.03,3.7165,7.4957,8.2761,0
51.127,96,-18,1519,1499,1.29,-0.03,3.7165,7.4957,8.2761,0
51.144,94,-19,1499,1488,1.29,-0.03,3.7165,7.4957,8.2761,0
51.162,93,-18,1507,1509,1.29,-0.03,3.7165,7.4957,8.2761,0
51.180,92,-17,1507,1509,1.29,-0.03,3.7165,7.4957,8.2761,0
51.197,91,-18,1506,1487,1.29,-0.03,3.7165,7.4957,8.2761,0
51.216,90,-18,1507,1499,1.29,-0.03,3.7165,7.4957,8.2761,0
51.234,89,-18,1506,1499,1.29,-0.03,3.7165,7.4957,8.2761,0
51.251,88,-18,1506,1499,1.71,0.12,3.7165,7.4957,8.2761,0
51.269,88,-17,1517,1509,1.71,0.12,3.7165,7.4957,8.2761,0
51.287,87,-17,1506,1499,1.71,0.12,3.7165,7.4957,8.2761,0
51.305,86,-17,1506,1499,1.71,0.12,3.7165,7.4957,8.2761,0
51.324,86,-17,1517,1499,1.71,0.12,3.6427,8.9480,8.7111,0
51.342,85,-17,1506,1499,1.71,0.12,3.6427,8.9480,8.7111,0
51.360,84,-16,1505,1509,1.71,0.12,3.6427,8.9480,8.7111,0
51.377,84,-16,1517,1499,1.71,0.12,3.6427,8.9480,8.7111,0
51.394,83,-17,1505,1487,1.71,0.12,3.6427,8.9480,8.7111,0
51.411,82,-16,1504,1509,1.71,0.12,3.6427,8.9480,8.7111,0
51.428,82,-16,1516,1499,1.71,0.12,3.6427,8.9480,8.7111,0
51.445,81,-16,1504,1499,1.71,0.12,3.6427,8.9480,8.7111,0
51.462,81,-17,1516,1487,1.71,0.12,3.6427,8.9480,8.7111,0
51.480,80,-16,1504,1509,1.71,0.12,3.6427,8.9480,8.7111,0
51.497,79,-15,1504,1510,1.04,1.27,3.6427,8.9480,8.7111,0
51.514,78,-15,1504,1499,1.04,1.27,3.6427,8.9480,8.7111,0
51.531,77,-15,1503,1499,1.04,1.27,3.6427,8.9480,8.7111,0
51.553,76,-15,1506,1499,1.04,1.27,3.6427,8.9480,8.7111,0
51.571,75,-15,1503,1499,1.04,1.27,3.3385,8.1957,7.9703,0
51.588,73,-15,1493,1499,1.04,1.27,3.3385,8.1957,7.9703,0
51.606,69,-14,1468,1510,1.04,1.27,3.3385,8.1957,7.9703,0
51.623,69,-14,1514,1499,1.04,1.27,3.3385,8.1957,7.9703,0
51.641,64,-15,1456,1487,1.04,1.27,3.3385,8.1957,7.9703,0
51.658,61,-15,1479,1499,1.04,1.27,3.3385,8.1957,7.9703,0
51.676,59,-15,1490,1499,1.04,1.27,3.3385,8.1957,7.9703,1
51.693,56,-14,1477,1509,1.04,1.27,3.3385,8.1957,7.9703,1
51.711,53,-14,1478,1499,1.04,1.27,3.3385,8.1957,7.9703,1
51.729,49,-15,1466,1488,1.04,1.27,3.3385,8.1957,7.9703,1
51.747,46,-14,1476,1509,0.20,1.61,3.3385,8.1957,7.9703,1
51.765,43,-14,1477,1499,0.20,1.61,3.3385,8.1957,7.9703,1
51.782,40,-14,1473,1499,0.20,1.61,3.3385,8.1957,7.9703,1
51.800,37,-14,1474,1499,0.20,1.61,3.3385,8.1957,7.9703,1
51.819,34,-15,1475,1488,0.20,1.61,3.3987,7.0303,8.3450,1
51.837,31,-14,1474,1509,0.20,1.61,3.3987,7.0303,8.3450,1
51.855,27,-14,1462,1499,0.20,1.61,3.3987,7.0303,8.3450,1
51.872,25,-14,1482,1499,0.20,1.61,3.3987,7.0303,8.3450,1
51.891,19,-14,1442,1499,0.20,1.61,3.3987,7.0303,8.3450,1
51.908,16,-14,1469,1499,0.20,1.61,3.3987,7.0303,8.3450,1
51.926,13,-14,1469,1499,0.20,1.61,3.3987,7.0303,8.3450,1
51.943,11,-14,1479,1499,0.20,1.61,3.3987,7.0303,8.3450,1
51.960,8,-14,1468,1499,0.20,1.61,3.3987,7.0303,8.3450,1
51.977,6,-14,1478,1499,0.20,1.61,3.3987,7.0303,8.3450,1
51.995,3,-14,1469,1499,-0.40,1.06,3.3987,7.0303,8.3450,1
52.012,1,-14,1477,1499,-0.40,1.06,3.3987,7.0303,8.3450,1
52.030,-2,-14,1465,1499,-0.40,1.06,3.3987,7.0303,8.3450,1
52.047,-4,-14,1477,1499,-0.40,1.06,3.3987,7.0303,8.3450,1
52.066,-6,-14,1477,1499,-0.40,1.06,3.4222,9.9463,7.9318,1
52.083,-8,-15,1477,1488,-0.40,1.06,3.4222,9.9463,7.9318,1
52.101,-10,-14,1476,1509,-0.40,1.06,3.4222,9.9463,7.9318,1
52.121,-12,-15,1479,1489,-0.40,1.06,3.4222,9.9463,7.9318,1
52.139,-14,-15,1475,1499,-0.40,1.06,3.4222,9.9463,7.9318,1
52.156,-16,-15,1475,1499,-0.40,1.06,3.4222,9.9463,7.9318,1
52.174,-19,-15,1463,1499,-0.40,1.06,3.4222,9.9463,7.9318,1
52.193,-21,-16,1475,1488,-0.40,1.06,3.4222,9.9463,7.9318,1
52.210,-22,-15,1485,1509,-0.40,1.06,3.4222,9.9463,7.9318,1
52.228,-24,-15,1473,1499,-0.40,1.06,3.4222,9.9463,7.9318,1
52.245,-25,-15,1484,1499,-0.86,1.10,3.4222,9.9463,7.9318,1
52.262,-26,-16,1484,1487,-0.86,1.10,3.4222,9.9463,7.9318,1
52.279,-27,-16,1484,1499,-0.86,1.10,3.4222,9.9463,7.9318,1
52.296,-28,-16,1483,1499,-0.86,1.10,3.4222,9.9463,7.9318,1
52.314,-29,-16,1483,1499,-0.86,1.10,3.3804,9.5771,8.7446,1
52.331,-30,-17,1483,1487,-0.86,1.10,3.3804,9.5771,8.7446,1
52.349,-30,-17,1495,1499,-0.86,1.10,3.3804,9.5771,8.7446,1
52.366,-31,-17,1483,1499,-0.86,1.10,3.3804,9.5771,8.7446,1
52.384,-32,-16,1483,1509,-0.86,1.10,3.3804,9.5771,8.7446,1
52.401,-32,-17,1494,1487,-0.86,1.10,3.3804,9.5771,8.7446,1
52.419,-33,-17,1483,1499,-0.86,1.10,3.3804,9.5771,8.7446,1
52.438,-33,-17,1494,1499,-0.86,1.10,3.3804,9.5771,8.7446,1
52.456,-34,-17,1483,1499,-0.86,1.10,3.3804,9.5771,8.7446,1
52.474,-34,-18,1494,1487,-0.86,1.10,3.3804,9.5771,8.7446,1
52.491,-35,-18,1482,1498,-0.86,1.10,3.3804,9.5771,8.7446,1
52.509,-36,-18,1482,1498,-0.76,0.91,3.3804,9.5771,8.7446,1
52.526,-36,-18,1493,1498,-0.76,0.91,3.3804,9.5771,8.7446,1
52.543,-37,-18,1482,1498,-0.76,0.91,3.3804,9.5771,8.7446,1
52.561,-38,-18,1482,1498,-0.76,0.91,3.6322,8.1549,8.2072,1
52.578,-40,-19,1469,1487,-0.76,0.91,3.6322,8.1549,8.2072,1
52.595,-41,-19,1481,1498,-0.76,0.91,3.6322,8.1549,8.2072,1
52.613,-41,-19,1492,1498,-0.76,0.91,3.6322,8.1549,8.2072,1
52.630,-42,-19,1481,1498,-0.76,0.91,3.6322,8.1549,8.2072,1
52.648,-42,-19,1492,1498,-0.76,0.91,3.6322,8.1549,8.2072,1
52.668,-43,-19,1481,1498,-0.76,0.91,3.6322,8.1549,8.2072,1
52.685,-44,-19,1481,1498,-0.76,0.91,3.6322,8.1549,8.2072,1
52.703,-45,-20,1481,1487,-0.76,0.91,3.6322,8.1549,8.2072,1
52.721,-45,-19,1491,1509,-0.76,0.91,3.6322,8.1549,8.2072,1
52.740,-46,-19,1481,1498,-0.76,0.91,3.6322,8.1549,8.2072,1
52.757,-46,-19,1491,1498,-0.37,0.07,3.6322,8.1549,8.2072,1
52.775,-46,-20,1491,1487,-0.37,0.07,3.6322,8.1549,8.2072,1
52.794,-47,-20,1479,1498,-0.37,0.07,3.6322,8.1549,8.2072,1
52.812,-47,-20,1491,1498,-0.37,0.07,3.8190,9.8481,8.5376,1
52.831,-48,-22,1481,1477,-0.37,0.07,3.8190,9.8481,8.5376,1
52.848,-48,-21,1491,1509,-0.37,0.07,3.8190,9.8481,8.5376,1
52.866,-48,-21,1491,1498,-0.37,0.07,3.8190,9.8481,8.5376,1
52.884,-49,-21,1480,1498,-0.37,0.07,3.8190,9.8481,8.5376,1
52.901,-49,-21,1491,1498,-0.37,0.07,3.8190,9.8481,8.5376,1
52.921,-49,-21,1491,1498,-0.37,0.07,3.8190,9.8481,8.5376,1
52.939,-49,-21,1491,1498,-0.37,0.07,3.8190,9.8481,8.5376,1
52.957,-49,-21,1491,1498,-0.37,0.07,3.8190,9.8481,8.5376,1
52.974,-49,-21,1491,1498,-0.37,0.07,3.8190,9.8481,8.5376,1
52.991,-49,-21,1491,1498,-0.37,0.07,3.8190,9.8481,8.5376,1
53.010,-49,-22,1491,1488,-0.03,0.02,3.8190,9.8481,8.5376,1
53.027,-49,-22,1491,1498,-0.03,0.02,3.8190,9.8481,8.5376,1
53.045,-49,-22,1491,1498,-0.03,0.02,3.8190,9.8481,8.5376,1
53.063,-49,-22,1491,1498,-0.03,0.02,3.6068,9.7829,8.2398,1
53.082,-49,-23,1491,1487,-0.03,0.02,3.6068,9.7829,8.2398,1
53.099,-49,-23,1491,1498,-0.03,0.02,3.6068,9.7829,8.2398,1
53.117,-48,-23,1501,1498,-0.03,0.02,3.6068,9.7829,8.2398,1
53.137,-48,-23,1491,1498,-0.03,0.02,3.6068,9.7829,8.2398,1
53.155,-48,-23,1491,1498,-0.03,0.02,3.6068,9.7829,8.2398,1
53.174,-48,-23,1491,1498,-0.03,0.02,3.6068,9.7829,8.2398,1
53.191,-48,-23,1491,1498,-0.03,0.02,3.6068,9.7829,8.2398,1
53.209,-47,-23,1501,1498,-0.03,0.02,3.6068,9.7829,8.2398,1
53.227,-47,-23,1491,1498,-0.03,0.02,3.6068,9.7829,8.2398,1
53.244,-47,-23,1491,1498,0.45,0.01,3.6068,9.7829,8.2398,1
53.261,-46,-23,1502,1498,0.45,0.01,3.6068,9.7829,8.2398,1
53.280,-46,-23,1491,1498,0.45,0.01,3.6068,9.7829,8.2398,1
53.297,-46,-23,1491,1498,0.45,0.01,3.6068,9.7829,8.2398,1
53.316,-45,-23,1502,1498,0.45,0.01,3.5587,10.7146,7.9815,1
53.335,-42,-24,1523,1487,0.45,0.01,3.5587,10.7146,7.9815,1
53.352,-41,-23,1502,1508,0.45,0.01,3.5587,10.7146,7.9815,1
53.369,-40,-23,1503,1498,0.45,0.01,3.5587,10.7146,7.9815,1
53.386,-39,-23,1503,1498,0.45,0.01,3.5587,10.7146,7.9815,1
53.404,-38,-24,1503,1486,0.45,0.01,3.5587,10.7146,7.9815,1
53.421,-38,-24,1493,1498,0.45,0.01,3.5587,10.7146,7.9815,1
53.438,-36,-24,1515,1498,0.45,0.01,3.5587,10.7146,7.9815,1
53.458,-36,-24,1493,1498,0.45,0.01,3.5587,10.7146,7.9815,1
53.475,-36,-24,1493,1498,0.45,0.01,3.5587,10.7146,7.9815,1
53.493,-35,-24,1503,1498,0.93,-0.01,3.5587,10.7146,7.9815,1
53.514,-35,-24,1493,1498,0.93,-0.01,3.5587,10.7146,7.9815,1
53.531,-35,-24,1493,1498,0.93,-0.01,3.5587,10.7146,7.9815,1
53.553,-34,-25,1501,1489,0.93,-0.01,3.3942,9.7838,7.7683,1
53.571,-33,-24,1504,1508,0.93,-0.01,3.3942,9.7838,7.7683,1
53.589,-32,-24,1504,1498,0.93,-0.01,3.3942,9.7838,7.7683,1
53.607,-31,-25,1505,1486,0.93,-0.01,3.3942,9.7838,7.7683,1
53.624,-30,-24,1505,1508,0.93,-0.01,3.3942,9.7838,7.7683,1
53.642,-29,-24,1505,1498,0.93,-0.01,3.3942,9.7838,7.7683,1
53.659,-28,-25,1505,1486,0.93,-0.01,3.3942,9.7838,7.7683,1
53.676,-28,-25,1495,1498,0.93,-0.01,3.3942,9.7838,7.7683,1
53.694,-27,-25,1506,1498,0.93,-0.01,3.3942,9.7838,7.7683,1
53.711,-27,-25,1495,1498,0.93,-0.01,3.3942,9.7838,7.7683,1
53.729,-27,-25,1495,1498,0.93,-0.01,3.3942,9.7838,7.7683,1
53.746,-27,-26,1495,1486,1.05,-0.49,3.3942,9.7838,7.7683,1
53.764,-27,-26,1495,1498,1.05,-0.49,3.3942,9.7838,7.7683,1
53.781,-27,-25,1495,1508,1.05,-0.49,3.3942,9.7838,7.7683,1
53.799,-26,-26,1506,1486,1.05,-0.49,3.3942,9.7838,7.7683,1
53.816,-25,-26,1505,1498,1.05,-0.49,3.6093,7.1916,8.9157,1
53.834,-25,-26,1495,1498,1.05,-0.49,3.6093,7.1916,8.9157,1
53.854,-24,-25,1505,1507,1.05,-0.49,3.6093,7.1916,8.9157,1
53.871,-22,-25,1518,1498,1.05,-0.49,3.6093,7.1916,8.9157,1
53.888,-21,-26,1507,1486,1.05,-0.49,3.6093,7.1916,8.9157,1
53.908,-20,-26,1506,1498,1.05,-0.49,3.6093,7.1916,8.9157,1
53.925,-20,-25,1496,1508,1.05,-0.49,3.6093,7.1916,8.9157,1
53.942,-19,-25,1507,1498,1.05,-0.49,3.6093,7.1916,8.9157,1
53.960,-18,-26,1507,1486,1.05,-0.49,3.6093,7.1916,8.9157,1
53.977,-18,-25,1497,1508,1.05,-0.49,3.6093,7.1916,8.9157,1
53.995,-17,-26,1508,1486,0.63,-0.62,3.6093,7.1916,8.9157,1
54.012,-17,-26,1497,1498,0.63,-0.62,3.6093,7.1916,8.9157,1
54.029,-18,-26,1485,1498,0.63,-0.62,3.6093,7.1916,8.9157,1
54.046,-18,-26,1497,1498,0.63,-0.62,3.6093,7.1916,8.9157,1
54.063,-18,-27,1497,1486,0.63,-0.62,3.5872,6.5314,7.6556,1
54.081,-19,-26,1485,1508,0.63,-0.62,3.5872,6.5314,7.6556,1
54.098,-20,-26,1485,1498,0.63,-0.62,3.5872,6.5314,7.6556,1
54.116,-20,-26,1496,1498,0.63,-0.62,3.5872,6.5314,7.6556,1
54.135,-21,-26,1485,1498,0.63,-0.62,3.5872,6.5314,7.6556,1
54.152,-22,-26,1485,1498,0.63,-0.62,3.5872,6.5314,7.6556,1
54.171,-23,-26,1485,1498,0.63,-0.62,3.5872,6.5314,7.6556,1
54.189,-25,-26,1472,1498,0.63,-0.62,3.5872,6.5314,7.6556,1
54.207,-26,-27,1484,1486,0.63,-0.62,3.5872,6.5314,7.6556,1
54.224,-26,-26,1495,1508,0.63,-0.62,3.5872,6.5314,7.6556,1
54.242,-27,-27,1484,1487,0.02,-0.39,3.5872,6.5314,7.6556,1
54.260,-28,-26,1483,1508,0.02,-0.39,3.5872,6.5314,7.6556,1
54.278,-28,-26,1495,1498,0.02,-0.39,3.5872,6.5314,7.6556,1
54.296,-29,-26,1483,1498,0.02,-0.39,3.5872,6.5314,7.6556,1
54.314,-30,-26,1483,1498,0.02,-0.39,3.6635,4.9216,8.6259,1
54.332,-31,-25,1483,1508,0.02,-0.39,3.6635,4.9216,8.6259,1
54.349,-32,-25,1482,1498,0.02,-0.39,3.6635,4.9216,8.6259,1
54.366,-32,-25,1494,1498,0.02,-0.39,3.6635,4.9216,8.6259,1
54.383,-33,-25,1482,1498,0.02,-0.39,3.6635,4.9216,8.6259,1
54.400,-34,-26,1482,1486,0.02,-0.39,3.6635,4.9216,8.6259,1
54.418,-35,-26,1482,1498,0.02,-0.39,3.6635,4.9216,8.6259,1
54.435,-35,-26,1493,1498,0.02,-0.39,3.6635,4.9216,8.6259,1
54.453,-36,-25,1482,1508,0.02,-0.39,3.6635,4.9216,8.6259,1
54.471,-37,-26,1482,1487,0.02,-0.39,3.6635,4.9216,8.6259,1
54.489,-37,-25,1493,1508,0.02,-0.39,3.6635,4.9216,8.6259,1
54.508,-37,-25,1493,1498,-0.91,0.33,3.6635,4.9216,8.6259,1
54.529,-38,-25,1483,1498,-0.91,0.33,3.6635,4.9216,8.6259,1
54.546,-38,-24,1493,1509,-0.91,0.33,3.6635,4.9216,8.6259,1
54.565,-38,-24,1493,1498,-0.91,0.33,3.5913,4.7800,7.4299,1
54.583,-40,-25,1471,1487,-0.91,0.33,3.5913,4.7800,7.4299,1
54.601,-41,-24,1481,1508,-0.91,0.33,3.5913,4.7800,7.4299,1
54.618,-42,-25,1480,1486,-0.91,0.33,3.5913,4.7800,7.4299,1
54.636,-43,-24,1480,1508,-0.91,0.33,3.5913,4.7800,7.4299,1
54.653,-44,-24,1480,1498,-0.91,0.33,3.5913,4.7800,7.4299,1
54.670,-44,-24,1491,1498,-0.91,0.33,3.5913,4.7800,7.4299,1
54.687,-46,-24,1468,1498,-0.91,0.33,3.5913,4.7800,7.4299,1
54.704,-47,-24,1479,1498,-0.91,0.33,3.5913,4.7800,7.4299,1
54.723,-50,-23,1455,1509,-0.91,0.33,3.5913,4.7800,7.4299,1
54.740,-52,-24,1468,1487,-0.91,0.33,3.5913,4.7800,7.4299,1
54.758,-53,-23,1478,1509,-1.74,0.32,3.5913,4.7800,7.4299,1
54.776,-53,-23,1490,1498,-1.74,0.32,3.5913,4.7800,7.4299,1
54.794,-55,-23,1468,1498,-1.74,0.32,3.5913,4.7800,7.4299,1
54.812,-57,-23,1466,1498,-1.74,0.32,3.4357,4.7269,6.8341,1
54.829,-59,-22,1466,1508,-1.74,0.32,3.4357,4.7269,6.8341,1
54.846,-61,-22,1465,1498,-1.74,0.32,3.4357,4.7269,6.8341,0
54.864,-62,-23,1477,1487,-1.74,0.32,3.4357,4.7269,6.8341,0
54.881,-63,-22,1477,1509,-1.74,0.32,3.4357,4.7269,6.8341,0
54.899,-64,-23,1476,1487,-1.74,0.32,3.4357,4.7269,6.8341,0
54.916,-65,-23,1476,1498,-1.74,0.32,3.4357,4.7269,6.8341,0
54.934,-66,-22,1476,1509,-1.74,0.32,3.4357,4.7269,6.8341,0
54.951,-67,-22,1475,1498,-1.74,0.32,3.4357,4.7269,6.8341,0
54.969,-68,-22,1475,1498,-1.74,0.32,3.4357,4.7269,6.8341,0
54.986,-69,-23,1475,1487,-1.74,0.32,3.4357,4.7269,6.8341,0
55.004,-70,-22,1475,1509,-1.32,-0.30,3.4357,4.7269,6.8341,0
55.021,-71,-22,1475,1498,-1.32,-0.30,3.4357,4.7269,6.8341,0
55.039,-72,-22,1475,1498,-1.32,-0.30,3.4357,4.7269,6.8341,0
55.057,-73,-22,1475,1498,-1.32,-0.30,3.5243,5.5780,7.4797,0
55.074,-74,-22,1474,1498,-1.32,-0.30,3.5243,5.5780,7.4797,0
55.091,-74,-21,1486,1509,-1.32,-0.30,3.5243,5.5780,7.4797,0
55.109,-75,-22,1474,1487,-1.32,-0.30,3.5243,5.5780,7.4797,0
55.126,-76,-21,1474,1509,-1.32,-0.30,3.5243,5.5780,7.4797,0
55.144,-76,-22,1485,1487,-1.32,-0.30,3.5243,5.5780,7.4797,0
55.162,-76,-21,1485,1508,-1.32,-0.30,3.5243,5.5780,7.4797,0
55.180,-76,-21,1485,1498,-1.32,-0.30,3.5243,5.5780,7.4797,0
55.200,-76,-22,1485,1488,-1.32,-0.30,3.5243,5.5780,7.4797,0
55.217,-76,-21,1485,1509,-1.32,-0.30,3.5243,5.5780,7.4797,0
55.237,-76,-21,1485,1498,-1.32,-0.30,3.5243,5.5780,7.4797,0
55.254,-75,-20,1497,1509,-0.84,-0.57,3.5243,5.5780,7.4797,0
55.272,-75,-21,1485,1487,-0.84,-0.57,3.5243,5.5780,7.4797,0
55.290,-74,-20,1497,1509,-0.84,-0.57,3.5243,5.5780,7.4797,0
55.308,-73,-20,1497,1498,-0.84,-0.57,3.5346,8.5957,8.6151,0
55.325,-72,-20,1498,1498,-0.84,-0.57,3.5346,8.5957,8.6151,0
55.345,-71,-20,1496,1498,-0.84,-0.57,3.5346,8.5957,8.6151,0
55.362,-70,-20,1498,1498,-0.84,-0.57,3.5346,8.5957,8.6151,0
55.379,-69,-20,1498,1498,-0.84,-0.57,3.5346,8.5957,8.6151,0
55.397,-67,-19,1508,1509,-0.84,-0.57,3.5346,8.5957,8.6151,0
55.417,-65,-20,1508,1488,-0.84,-0.57,3.5346,8.5957,8.6151,0
55.434,-63,-19,1508,1508,-0.84,-0.57,3.5346,8.5957,8.6151,0
55.452,-62,-19,1499,1498,-0.84,-0.57,3.5346,8.5957,8.6151,0
55.469,-58,-18,1534,1509,-0.84,-0.57,3.5346,8.5957,8.6151,1
55.487,-56,-18,1511,1499,-0.84,-0.57,3.5346,8.5957,8.6151,1
55.505,-54,-18,1510,1499,-0.27,0.20,3.5346,8.5957,8.6151,1
55.523,-54,-18,1489,1499,-0.27,0.20,3.5346,8.5957,8.6151,1
55.541,-50,-18,1532,1499,-0.27,0.20,3.5346,8.5957,8.6151,1
55.559,-48,-18,1512,1499,-0.27,0.20,3.5834,6.8781,7.3377,1
55.577,-46,-17,1512,1509,-0.27,0.20,3.5834,6.8781,7.3377,1
55.594,-45,-18,1502,1487,-0.27,0.20,3.5834,6.8781,7.3377,1
55.611,-42,-17,1526,1509,-0.27,0.20,3.5834,6.8781,7.3377,1
55.629,-40,-17,1514,1499,-0.27,0.20,3.5834,6.8781,7.3377,1
55.646,-38,-17,1515,1499,-0.27,0.20,3.5834,6.8781,7.3377,1
55.663,-36,-16,1515,1509,-0.27,0.20,3.5834,6.8781,7.3377,1
55.681,-34,-16,1515,1499,-0.27,0.20,3.5834,6.8781,7.3377,1
55.699,-32,-16,1516,1499,-0.27,0.20,3.5834,6.8781,7.3377,1
55.716,-31,-15,1504,1509,-0.27,0.20,3.5834,6.8781,7.3377,1
55.733,-29,-15,1517,1499,-0.27,0.20,3.5834,6.8781,7.3377,1
55.750,-27,-14,1517,1510,-0.26,1.34,3.5834,6.8781,7.3377,1
55.767,-26,-14,1506,1499,-0.26,1.34,3.5834,6.8781,7.3377,1
55.784,-26,-14,1495,1499,-0.26,1.34,3.5834,6.8781,7.3377,1
55.801,-25,-14,1506,1499,-0.26,1.34,3.3017,4.9910,6.6172,1
55.820,-24,-14,1505,1499,-0.26,1.34,3.3017,4.9910,6.6172,1
55.837,-24,-14,1495,1499,-0.26,1.34,3.3017,4.9910,6.6172,1
55.855,-23,-13,1506,1509,-0.26,1.34,3.3017,4.9910,6.6172,1
55.873,-23,-12,1496,1509,-0.26,1.34,3.3017,4.9910,6.6172,1
55.891,-22,-12,1506,1499,-0.26,1.34,3.3017,4.9910,6.6172,1
55.912,-22,-12,1496,1499,-0.26,1.34,3.3017,4.9910,6.6172,1
55.929,-21,-12,1507,1499,-0.26,1.34,3.3017,4.9910,6.6172,1
55.946,-21,-12,1496,1499,-0.26,1.34,3.3017,4.9910,6.6172,1
55.964,-20,-11,1507,1510,-0.26,1.34,3.3017,4.9910,6.6172,1
55.981,-20,-11,1496,1499,-0.26,1.34,3.3017,4.9910,6.6172,1
55.999,-19,-11,1507,1499,-0.74,1.59,3.3017,4.9910,6.6172,1
56.018,-19,-12,1496,1488,-0.74,1.59,3.3017,4.9910,6.6172,1
56.036,-18,-11,1507,1509,-0.74,1.59,3.3017,4.9910,6.6172,1
56.053,-17,-11,1507,1499,-0.74,1.59,3.6637,6.9158,8.7419,1
56.070,-16,-11,1508,1499,-0.74,1.59,3.6637,6.9158,8.7419,1
56.088,-15,-11,1508,1499,-0.74,1.59,3.6637,6.9158,8.7419,1
56.105,-13,-10,1520,1510,-0.74,1.59,3.6637,6.9158,8.7419,1
56.122,-12,-10,1508,1499,-0.74,1.59,3.6637,6.9158,8.7419,1
56.140,-8,-10,1545,1499,-0.74,1.59,3.6637,6.9158,8.7419,1
56.157,-6,-10,1521,1499,-0.74,1.59,3.6637,6.9158,8.7419,1
56.174,-3,-10,1534,1499,-0.74,1.59,3.6637,6.9158,8.7419,1
56.191,-1,-10,1523,1499,-0.74,1.59,3.6637,6.9158,8.7419,1
56.210,2,-10,1532,1499,-0.74,1.59,3.6637,6.9158,8.7419,1
56.227,5,-9,1535,1510,-0.74,1.59,3.6637,6.9158,8.7419,1
56.245,8,-9,1535,1499,0.05,1.07,3.6637,6.9158,8.7419,1
56.263,8,-9,1501,1499,0.05,1.07,3.6637,6.9158,8.7419,1
56.280,14,-9,1571,1499,0.05,1.07,3.6637,6.9158,8.7419,1
56.299,17,-9,1535,1499,0.05,1.07,3.5686,7.3287,7.4573,1
56.317,20,-9,1536,1499,0.05,1.07,3.5686,7.3287,7.4573,1
56.334,23,-9,1539,1499,0.05,1.07,3.5686,7.3287,7.4573,1
56.352,26,-9,1537,1499,0.05,1.07,3.5686,7.3287,7.4573,1
56.370,33,-9,1586,1499,0.05,1.07,3.5686,7.3287,7.4573,1
56.387,36,-8,1541,1510,0.05,1.07,3.5686,7.3287,7.4573,1
56.405,40,-8,1553,1499,0.05,1.07,3.5686,7.3287,7.4573,1
56.422,44,-8,1555,1499,0.05,1.07,3.5686,7.3287,7.4573,1
56.439,48,-8,1556,1499,0.05,1.07,3.5686,7.3287,7.4573,1
56.456,51,-8,1545,1499,0.05,1.07,3.5686,7.3287,7.4573,1
56.473,55,-8,1557,1499,0.05,1.07,3.5686,7.3287,7.4573,1
56.490,58,-8,1546,1499,0.24,1.77,3.5686,7.3287,7.4573,1
56.507,62,-8,1559,1499,0.24,1.77,3.5686,7.3287,7.4573,0
56.524,65,-8,1547,1500,0.24,1.77,3.5686,7.3287,7.4573,0
56.544,69,-8,1559,1500,0.24,1.77,3.5473,4.1329,9.6396,0
56.562,72,-8,1544,1500,0.24,1.77,3.5473,4.1329,9.6396,0
56.579,76,-7,1561,1510,0.24,1.77,3.5473,4.1329,9.6396,0
56.597,79,-7,1550,1500,0.24,1.77,3.5473,4.1329,9.6396,0
56.615,82,-7,1549,1500,0.24,1.77,3.5473,4.1329,9.6396,0
56.632,85,-7,1551,1500,0.24,1.77,3.5473,4.1329,9.6396,0
56.650,87,-7,1540,1500,0.24,1.77,3.5473,4.1329,9.6396,0
56.667,93,-7,1587,1500,0.24,1.77,3.5473,4.1329,9.6396,0
56.685,93,-7,1518,1500,0.24,1.77,3.5473,4.1329,9.6396,0
56.702,98,-7,1577,1500,0.24,1.77,3.5473,4.1329,9.6396,0
56.719,98,-7,1519,1500,0.24,1.77,3.5473,4.1329,9.6396,0
56.737,100,-6,1542,1510,0.24,1.77,3.5473,4.1329,9.6396,0
56.754,102,-6,1544,1500,0.29,2.03,3.5473,4.1329,9.6396,0
56.772,103,-6,1532,1500,0.29,2.03,3.5473,4.1329,9.6396,0
56.789,105,-7,1543,1489,0.29,2.03,3.5473,4.1329,9.6396,0
56.807,106,-7,1532,1500,0.29,2.03,3.5473,4.1329,9.6396,0
56.824,107,-6,1533,1510,0.29,2.03,3.5473,4.1329,9.6396,0
56.842,108,-6,1533,1500,0.29,2.03,3.5473,4.1329,9.6396,0
56.859,108,-6,1521,1500,0.29,2.03,3.5473,4.1329,9.6396,0
56.877,109,-6,1533,1500,0.29,2.03,3.5473,4.1329,9.6396,0
56.895,109,-6,1522,1500,0.29,2.03,3.5473,4.1329,9.6396,0
56.913,109,-6,1522,1500,0.29,2.03,3.5473,4.1329,9.6396,0
56.931,108,-7,1510,1488,0.29,2.03,3.5473,4.1329,9.6396,0
56.948,108,-7,1521,1500,0.29,2.03,3.5473,4.1329,9.6396,0
56.965,108,-7,1521,1500,0.29,2.03,3.5473,4.1329,9.6396,0
56.983,108,-6,1521,1510,-0.47,1.72,3.5473,4.1329,9.6396,0
57.003,107,-6,1511,1500,-0.47,1.72,3.5473,4.1329,9.6396,0
57.021,107,-7,1521,1489,-0.47,1.72,3.5473,4.1329,9.6396,0
57.039,107,-7,1521,1500,-0.47,1.72,3.5473,4.1329,9.6396,0
57.057,106,-7,1510,1500,-0.47,1.72,3.5473,4.1329,9.6396,0
57.075,106,-7,1521,1500,-0.47,1.72,3.5473,4.1329,9.6396,0
57.093,106,-7,1521,1500,-0.47,1.72,3.5473,4.1329,9.6396,0
57.112,105,-8,1511,1489,-0.47,1.72,3.5473,4.1329,9.6396,0
57.129,105,-8,1521,1500,-0.47,1.72,3.5473,4.1329,9.6396,0
57.147,104,-8,1509,1500,-0.47,1.72,3.5473,4.1329,9.6396,0
57.166,104,-8,1521,1500,-0.47,1.72,3.5473,4.1329,9.6396,0
57.183,104,-8,1521,1500,-0.47,1.72,3.5473,4.1329,9.6396,0
57.201,104,-8,1521,1500,-0.47,1.72,3.5473,4.1329,9.6396,0
57.220,104,-8,1521,1500,-0.47,1.72,3.5473,4.1329,9.6396,0
57.237,104,-8,1521,1500,-0.47,1.72,3.5473,4.1329,9.6396,0
57.254,105,-8,1532,1500,-0.47,1.72,3.5473,4.1329,9.6396,0
57.272,106,-8,1532,1500,-0.47,1.72,3.5473,4.1329,9.6396,0
57.290,106,-8,1521,1500,-0.47,1.72,3.2171,3.8121,7.0745,0
57.308,107,-9,1532,1489,-0.27,1.75,3.2171,3.8121,7.0745,0
57.326,108,-9,1533,1500,-0.27,1.75,3.2171,3.8121,7.0745,0
57.343,110,-9,1545,1500,-0.27,1.75,3.2171,3.8121,7.0745,0
57.360,112,-9,1546,1500,-0.27,1.75,3.2171,3.8121,7.0745,0
57.379,113,-10,1533,1489,-0.27,1.75,3.2171,3.8121,7.0745,0
57.398,116,-10,1556,1499,-0.27,1.75,3.2171,3.8121,7.0745,0
57.416,119,-10,1556,1499,-0.27,1.75,3.2171,3.8121,7.0745,0
57.435,125,-9,1589,1509,-0.27,1.75,3.2171,3.8121,7.0745,0
57.454,128,-9,1556,1500,-0.27,1.75,3.2171,3.8121,7.0745,0
57.472,132,-9,1572,1500,-0.27,1.75,3.2171,3.8121,7.0745,0
57.489,135,-10,1560,1488,0.30,1.44,3.2171,3.8121,7.0745,0
57.507,139,-10,1574,1499,0.30,1.44,3.2171,3.8121,7.0745,0
57.524,142,-10,1563,1499,0.30,1.44,3.2171,3.8121,7.0745,0
57.541,145,-10,1563,1499,0.30,1.44,3.2171,3.8121,7.0745,0
57.558,146,-10,1541,1499,0.30,1.44,3.2171,3.8121,7.0745,0
57.576,148,-10,1552,1499,0.30,1.44,3.2171,3.8121,7.0745,0
57.593,150,-11,1553,1488,0.30,1.44,3.2171,3.8121,7.0745,0
57.610,151,-10,1541,1510,0.30,1.44,3.2171,3.8121,7.0745,0
57.627,152,-10,1542,1499,0.30,1.44,3.2171,3.8121,7.0745,0
57.645,152,-11,1530,1488,0.30,1.44,3.2171,3.8121,7.0745,0
57.662,152,-11,1530,1499,0.30,1.44,3.2171,3.8121,7.0745,0
57.680,152,-11,1530,1499,0.30,1.44,3.2171,3.8121,7.0745,0
57.698,151,-11,1519,1499,0.30,1.44,3.2171,3.8121,7.0745,0
57.716,151,-12,1530,1488,0.30,1.44,3.2171,3.8121,7.0745,0
57.734,150,-11,1519,1509,0.30,1.44,3.2171,3.8121,7.0745,0
57.751,149,-12,1518,1488,0.30,1.44,3.2171,3.8121,7.0745,0
57.771,146,-13,1499,1489,0.30,1.44,3.2171,3.8121,7.0745,0
57.789,144,-13,1506,1499,0.30,1.44,2.9513,3.4855,6.6340,0
57.808,142,-13,1507,1499,0.64,1.18,2.9513,3.4855,6.6340,0
57.825,140,-13,1505,1499,0.64,1.18,2.9513,3.4855,6.6340,0
57.843,138,-13,1504,1499,0.64,1.18,2.9513,3.4855,6.6340,0
57.860,135,-13,1494,1499,0.64,1.18,2.9513,3.4855,6.6340,0
57.878,133,-14,1504,1488,0.64,1.18,2.9513,3.4855,6.6340,0
57.896,131,-15,1502,1487,0.64,1.18,2.9513,3.4855,6.6340,0
57.913,128,-15,1493,1499,0.64,1.18,2.9513,3.4855,6.6340,0
57.934,125,-14,1503,1509,0.64,1.18,2.9513,3.4855,6.6340,0
57.951,123,-15,1496,1489,0.64,1.18,2.9513,3.4855,6.6340,0
57.969,122,-15,1513,1499,0.64,1.18,2.9513,3.4855,6.6340,0
57.986,121,-15,1512,1499,0.30,0.48,2.9513,3.4855,6.6340,0
58.003,120,-15,1512,1499,0.30,0.48,2.9513,3.4855,6.6340,0
58.020,119,-15,1512,1499,0.30,0.48,2.9513,3.4855,6.6340,0
58.043,119,-15,1524,1499,0.30,0.48,2.9513,3.4855,6.6340,0
58.061,118,-15,1514,1499,0.30,0.48,2.9513,3.4855,6.6340,0
58.078,117,-15,1512,1499,0.30,0.48,2.9513,3.4855,6.6340,0
58.096,117,-16,1523,1487,0.30,0.48,2.9513,3.4855,6.6340,0
58.113,116,-16,1511,1499,0.30,0.48,2.9513,3.4855,6.6340,0
58.130,115,-16,1511,1499,0.30,0.48,2.9513,3.4855,6.6340,0
58.149,112,-16,1492,1499,0.30,0.48,2.9513,3.4855,6.6340,0
58.167,111,-16,1510,1499,0.30,0.48,2.9513,3.4855,6.6340,0
58.184,110,-17,1510,1487,0.30,0.48,2.9513,3.4855,6.6340,0
58.202,108,-17,1499,1499,0.30,0.48,2.9513,3.4855,6.6340,0
58.220,106,-16,1500,1509,0.30,0.48,2.9513,3.4855,6.6340,0
58.241,106,-16,1521,1499,0.30,0.48,2.9513,3.4855,6.6340,0
58.259,102,-17,1481,1489,0.30,0.48,2.9513,3.4855,6.6340,0
58.278,100,-17,1499,1499,0.30,0.48,2.9513,3.4855,6.6340,0
58.295,97,-17,1485,1499,0.62,0.33,3.1972,3.9965,7.9751,0
58.313,95,-17,1497,1499,0.62,0.33,3.1972,3.9965,7.9751,0
58.331,92,-18,1485,1487,0.62,0.33,3.1972,3.9965,7.9751,0
58.349,88,-18,1475,1499,0.62,0.33,3.1972,3.9965,7.9751,0
58.367,86,-18,1496,1499,0.62,0.33,3.1972,3.9965,7.9751,0
58.385,84,-18,1496,1498,0.62,0.33,3.1972,3.9965,7.9751,0
58.403,81,-18,1483,1498,0.62,0.33,3.1972,3.9965,7.9751,0
58.420,79,-18,1494,1498,0.62,0.33,3.1972,3.9965,7.9751,0
58.439,76,-18,1483,1498,0.62,0.33,3.1972,3.9965,7.9751,0
58.456,72,-18,1469,1498,0.62,0.33,3.1972,3.9965,7.9751,0
58.474,69,-18,1480,1498,0.62,0.33,3.1972,3.9965,7.9751,0
58.491,65,-18,1467,1498,1.13,0.87,3.1972,3.9965,7.9751,0
58.508,61,-18,1466,1498,1.13,0.87,3.1972,3.9965,7.9751,0
58.525,58,-19,1477,1487,1.13,0.87,3.1972,3.9965,7.9751,1
58.542,53,-19,1454,1498,1.13,0.87,3.1972,3.9965,7.9751,1
58.560,50,-19,1477,1498,1.13,0.87,3.1972,3.9965,7.9751,1
58.578,47,-19,1475,1498,1.13,0.87,3.1972,3.9965,7.9751,1
58.597,43,-19,1468,1498,1.13,0.87,3.1972,3.9965,7.9751,1
58.615,41,-19,1487,1498,1.13,0.87,3.1972,3.9965,7.9751,1
58.635,39,-18,1489,1507,1.13,0.87,3.1972,3.9965,7.9751,1
58.653,35,-19,1463,1487,1.13,0.87,3.1972,3.9965,7.9751,1
58.672,33,-19,1486,1498,1.13,0.87,3.1972,3.9965,7.9751,1
58.690,32,-19,1496,1498,1.13,0.87,3.1972,3.9965,7.9751,1
58.707,31,-19,1495,1498,1.13,0.87,3.1972,3.9965,7.9751,1
58.724,29,-19,1483,1498,1.13,0.87,3.1972,3.9965,7.9751,1
58.741,28,-19,1495,1498,1.13,0.87,3.1972,3.9965,7.9751,1
58.759,26,-19,1483,1498,1.13,0.87,3.1972,3.9965,7.9751,1
58.776,24,-20,1483,1487,1.13,0.87,3.1972,3.9965,7.9751,1
58.793,22,-19,1482,1509,0.33,1.13,3.1966,4.6712,5.1762,1
58.810,20,-19,1481,1498,0.33,1.13,3.1966,4.6712,5.1762,1
58.828,18,-20,1481,1487,0.33,1.13,3.1966,4.6712,5.1762,1
58.845,16,-19,1481,1509,0.33,1.13,3.1966,4.6712,5.1762,1
58.862,14,-19,1480,1498,0.33,1.13,3.1966,4.6712,5.1762,1
58.879,12,-19,1480,1498,0.33,1.13,3.1966,4.6712,5.1762,1
58.897,10,-19,1480,1498,0.33,1.13,3.1966,4.6712,5.1762,1
58.915,8,-20,1480,1487,0.33,1.13,3.1966,4.6712,5.1762,1
58.932,4,-20,1455,1498,0.33,1.13,3.1966,4.6712,5.1762,1
58.950,1,-20,1467,1498,0.33,1.13,3.1966,4.6712,5.1762,1
58.967,-2,-20,1466,1498,0.33,1.13,3.1966,4.6712,5.1762,1
58.985,-5,-20,1465,1498,-0.80,0.29,3.1966,4.6712,5.1762,1
59.002,-9,-20,1455,1498,-0.80,0.29,3.1966,4.6712,5.1762,1
59.020,-11,-20,1476,1498,-0.80,0.29,3.1966,4.6712,5.1762,1
59.038,-14,-21,1465,1487,-0.80,0.29,3.1966,4.6712,5.1762,1
59.055,-17,-21,1463,1498,-0.80,0.29,3.1966,4.6712,5.1762,1
59.074,-18,-21,1486,1498,-0.80,0.29,3.1966,4.6712,5.1762,1
59.092,-21,-21,1463,1498,-0.80,0.29,3.1966,4.6712,5.1762,1
59.109,-22,-21,1485,1498,-0.80,0.29,3.1966,4.6712,5.1762,1
59.126,-24,-21,1473,1498,-0.80,0.29,3.1966,4.6712,5.1762,1
59.143,-26,-21,1472,1498,-0.80,0.29,3.1966,4.6712,5.1762,1
59.161,-27,-21,1484,1498,-0.80,0.29,3.1966,4.6712,5.1762,1
59.178,-29,-21,1472,1498,-0.80,0.29,3.1966,4.6712,5.1762,1
59.195,-30,-21,1483,1498,-0.80,0.29,3.1966,4.6712,5.1762,1
59.213,-31,-21,1483,1498,-0.80,0.29,3.1966,4.6712,5.1762,1
59.230,-33,-21,1471,1498,-0.80,0.29,3.1966,4.6712,5.1762,1
59.247,-34,-21,1482,1498,-0.80,0.29,3.1966,4.6712,5.1762,1
59.264,-34,-21,1494,1498,-0.80,0.29,3.1966,4.6712,5.1762,1
59.282,-36,-21,1471,1498,-0.80,0.29,3.4183,4.2924,8.3947,1
59.300,-36,-21,1493,1498,-1.30,-0.30,3.4183,4.2924,8.3947,1
59.318,-39,-21,1460,1498,-1.30,-0.30,3.4183,4.2924,8.3947,1
59.335,-40,-20,1481,1509,-1.30,-0.30,3.4183,4.2924,8.3947,1
59.352,-43,-21,1457,1487,-1.30,-0.30,3.4183,4.2924,8.3947,1
59.369,-45,-21,1468,1498,-1.30,-0.30,3.4183,4.2924,8.3947,1
59.387,-46,-21,1480,1498,-1.30,-0.30,3.4183,4.2924,8.3947,1
59.404,-46,-21,1491,1498,-1.30,-0.30,3.4183,4.2924,8.3947,1
59.421,-46,-21,1491,1498,-1.30,-0.30,3.4183,4.2924,8.3947,1
59.439,-49,-21,1480,1498,-1.30,-0.30,3.4183,4.2924,8.3947,1
59.458,-49,-21,1469,1498,-1.30,-0.30,3.4183,4.2924,8.3947,1
59.476,-51,-21,1469,1498,-1.30,-0.30,3.4183,4.2924,8.3947,1
59.494,-52,-22,1479,1487,-1.01,-0.10,3.4183,4.2924,8.3947,1
59.511,-52,-21,1490,1509,-1.01,-0.10,3.4183,4.2924,8.3947,1
59.529,-53,-21,1478,1498,-1.01,-0.10,3.4183,4.2924,8.3947,1
59.547,-53,-21,1490,1498,-1.01,-0.10,3.4183,4.2924,8.3947,1
59.564,-54,-21,1478,1498,-1.01,-0.10,3.4183,4.2924,8.3947,1
59.581,-54,-21,1490,1498,-1.01,-0.10,3.4183,4.2924,8.3947,1
59.599,-54,-21,1490,1498,-1.01,-0.10,3.4183,4.2924,8.3947,1
59.617,-54,-21,1490,1498,-1.01,-0.10,3.4183,4.2924,8.3947,1
59.634,-55,-21,1478,1498,-1.01,-0.10,3.4183,4.2924,8.3947,1
59.651,-55,-21,1489,1498,-1.01,-0.10,3.4183,4.2924,8.3947,1
59.668,-57,-22,1466,1486,-1.01,-0.10,3.4183,4.2924,8.3947,1
59.685,-57,-22,1489,1498,-1.01,-0.10,3.4183,4.2924,8.3947,1
59.703,-58,-22,1477,1498,-1.01,-0.10,3.4183,4.2924,8.3947,1
59.720,-58,-21,1489,1509,-1.01,-0.10,3.4183,4.2924,8.3947,1
59.738,-58,-21,1489,1498,-1.01,-0.10,3.4183,4.2924,8.3947,1
59.757,-59,-21,1478,1498,-1.01,-0.10,3.4183,4.2924,8.3947,1
59.775,-60,-21,1477,1498,-1.01,-0.10,3.4183,4.2924,8.3947,1
59.792,-61,-21,1477,1498,-0.73,0.16,3.2565,4.0949,5.5907,0
59.812,-63,-21,1466,1498,-0.73,0.16,3.2565,4.0949,5.5907,0
59.829,-64,-22,1477,1487,-0.73,0.16,3.2565,4.0949,5.5907,0
59.847,-65,-21,1476,1509,-0.73,0.16,3.2565,4.0949,5.5907,0
59.864,-66,-21,1476,1498,-0.73,0.16,3.2565,4.0949,5.5907,0
59.882,-68,-20,1464,1509,-0.73,0.16,3.2565,4.0949,5.5907,0
59.900,-70,-20,1463,1498,-0.73,0.16,3.2565,4.0949,5.5907,0
59.919,-71,-20,1476,1498,-0.73,0.16,3.2565,4.0949,5.5907,0
59.936,-73,-20,1462,1498,-0.73,0.16,3.2565,4.0949,5.5907,0
59.953,-75,-20,1462,1498,-0.73,0.16,3.2565,4.0949,5.5907,0
59.971,-77,-21,1462,1487,-0.73,0.16,3.2565,4.0949,5.5907,0
59.990,-79,-21,1464,1498,-0.53,-0.11,3.2565,4.0949,5.5907,0
60.007,-81,-21,1461,1498,-0.53,-0.11,3.2565,4.0949,5.5907,0
60.024,-82,-20,1472,1509,-0.53,-0.11,3.2565,4.0949,5.5907,0
60.042,-84,-20,1461,1498,-0.53,-0.11,3.2565,4.0949,5.5907,0
60.059,-86,-21,1460,1487,-0.53,-0.11,3.2565,4.0949,5.5907,0
60.076,-87,-20,1471,1509,-0.53,-0.11,3.2565,4.0949,5.5907,0
60.094,-88,-20,1471,1498,-0.53,-0.11,3.2565,4.0949,5.5907,0
60.112,-90,-20,1459,1498,-0.53,-0.11,3.2565,4.0949,5.5907,0
60.129,-91,-20,1471,1498,-0.53,-0.11,3.2565,4.0949,5.5907,0
60.146,-92,-20,1470,1498,-0.53,-0.11,3.2565,4.0949,5.5907,0
60.164,-96,-20,1436,1498,-0.53,-0.11,3.2565,4.0949,5.5907,0
60.182,-98,-20,1459,1498,-0.53,-0.11,3.2565,4.0949,5.5907,0
60.200,-100,-20,1458,1498,-0.53,-0.11,3.2565,4.0949,5.5907,0
60.217,-103,-20,1444,1498,-0.53,-0.11,3.2565,4.0949,5.5907,0
60.235,-106,-19,1444,1509,-0.53,-0.11,3.2565,4.0949,5.5907,0
60.254,-109,-19,1447,1499,-0.53,-0.11,3.2565,4.0949,5.5907,0
60.276,-112,-18,1450,1507,-0.53,-0.11,3.2565,4.0949,5.5907,0
60.295,-116,-18,1436,1499,-1.14,-0.15,3.1685,3.6188,7.7698,0
60.313,-119,-18,1442,1499,-1.14,-0.15,3.1685,3.6188,7.7698,0
60.331,-122,-18,1443,1499,-1.14,-0.15,3.1685,3.6188,7.7698,0
60.349,-127,-17,1419,1509,-1.14,-0.15,3.1685,3.6188,7.7698,0
60.367,-131,-18,1430,1488,-1.14,-0.15,3.1685,3.6188,7.7698,0
60.387,-133,-17,1454,1508,-1.14,-0.15,3.1685,3.6188,7.7698,0
60.404,-137,-17,1426,1499,-1.14,-0.15,3.1685,3.6188,7.7698,0
60.422,-139,-17,1450,1499,-1.14,-0.15,3.1685,3.6188,7.7698,0
60.440,-141,-16,1450,1509,-1.14,-0.15,3.1685,3.6188,7.7698,0
60.460,-143,-16,1450,1499,-1.14,-0.15,3.1685,3.6188,7.7698,0
60.479,-145,-16,1452,1499,-2.13,0.19,3.1685,3.6188,7.7698,0
60.497,-147,-16,1449,1499,-2.13,0.19,3.1685,3.6188,7.7698,0
60.514,-148,-16,1459,1499,-2.13,0.19,3.1685,3.6188,7.7698,0
60.533,-147,-16,1482,1499,-2.13,0.19,3.1685,3.6188,7.7698,0
60.550,-146,-16,1482,1499,-2.13,0.19,3.1685,3.6188,7.7698,0
60.568,-146,-16,1471,1499,-2.13,0.19,3.1685,3.6188,7.7698,0
60.585,-143,-16,1506,1499,-2.13,0.19,3.1685,3.6188,7.7698,0
60.602,-142,-16,1484,1499,-2.13,0.19,3.1685,3.6188,7.7698,0
60.619,-140,-15,1496,1510,-2.13,0.19,3.1685,3.6188,7.7698,0
60.636,-139,-16,1484,1487,-2.13,0.19,3.1685,3.6188,7.7698,0
60.653,-137,-16,1496,1499,-2.13,0.19,3.1685,3.6188,7.7698,0
60.670,-135,-15,1497,1510,-2.13,0.19,3.1685,3.6188,7.7698,0
60.688,-133,-16,1497,1487,-2.13,0.19,3.1685,3.6188,7.7698,0
60.705,-132,-15,1485,1509,-2.13,0.19,3.1685,3.6188,7.7698,0
60.723,-130,-15,1497,1499,-2.13,0.19,3.1685,3.6188,7.7698,0
60.741,-129,-14,1485,1509,-2.13,0.19,3.1685,3.6188,7.7698,0
60.759,-128,-15,1486,1488,-2.13,0.19,3.1685,3.6188,7.7698,0
60.778,-127,-14,1485,1508,-2.13,0.19,3.1685,3.6188,7.7698,0
60.795,-126,-14,1487,1499,-2.11,0.55,3.5223,5.9444,8.4296,0
60.814,-125,-14,1486,1499,-2.11,0.55,3.5223,5.9444,8.4296,0
60.832,-124,-13,1487,1509,-2.11,0.55,3.5223,5.9444,8.4296,0
60.850,-123,-13,1487,1499,-2.11,0.55,3.5223,5.9444,8.4296,0
60.867,-120,-13,1509,1499,-2.11,0.55,3.5223,5.9444,8.4296,0
60.884,-119,-12,1488,1510,-2.11,0.55,3.5223,5.9444,8.4296,0
60.902,-117,-12,1500,1499,-2.11,0.55,3.5223,5.9444,8.4296,0
60.919,-116,-12,1488,1499,-2.11,0.55,3.5223,5.9444,8.4296,0
60.936,-113,-12,1512,1499,-2.11,0.55,3.5223,5.9444,8.4296,0
60.953,-111,-11,1500,1510,-2.11,0.55,3.5223,5.9444,8.4296,0
60.970,-108,-11,1513,1499,-2.11,0.55,3.5223,5.9444,8.4296,0
60.988,-105,-11,1514,1499,-1.17,0.57,3.5223,5.9444,8.4296,0
61.005,-102,-11,1514,1499,-1.17,0.57,3.5223,5.9444,8.4296,0
61.024,-99,-10,1513,1510,-1.17,0.57,3.5223,5.9444,8.4296,0
61.043,-96,-10,1510,1499,-1.17,0.57,3.5223,5.9444,8.4296,0
61.060,-93,-10,1515,1499,-1.17,0.57,3.5223,5.9444,8.4296,0
61.079,-89,-10,1528,1499,-1.17,0.57,3.5223,5.9444,8.4296,0
61.098,-81,-9,1569,1509,-1.17,0.57,3.5223,5.9444,8.4296,0
61.115,-77,-9,1525,1499,-1.17,0.57,3.5223,5.9444,8.4296,0
61.133,-73,-9,1530,1499,-1.17,0.57,3.5223,5.9444,8.4296,0
61.151,-69,-9,1530,1499,-1.17,0.57,3.5223,5.9444,8.4296,0
61.168,-65,-10,1533,1488,-1.17,0.57,3.5223,5.9444,8.4296,0
61.185,-60,-9,1546,1510,-1.17,0.57,3.5223,5.9444,8.4296,1
61.202,-55,-10,1547,1488,-1.17,0.57,3.5223,5.9444,8.4296,1
61.222,-51,-10,1532,1499,-1.17,0.57,3.5223,5.9444,8.4296,1
61.240,-46,-11,1544,1488,-1.17,0.57,3.5223,5.9444,8.4296,1
61.263,-41,-11,1535,1499,-1.17,0.57,3.5223,5.9444,8.4296,1
61.280,-41,-11,1492,1499,-1.17,0.57,3.6806,6.6114,8.5793,1
61.297,-36,-9,1551,1522,-0.19,0.70,3.6806,6.6114,8.5793,1
61.314,-26,-9,1600,1499,-0.19,0.70,3.6806,6.6114,8.5793,1
61.332,-20,-9,1564,1499,-0.19,0.70,3.6806,6.6114,8.5793,1
61.349,-15,-8,1554,1510,-0.19,0.70,3.6806,6.6114,8.5793,1
61.367,-3,-8,1600,1499,-0.19,0.70,3.6806,6.6114,8.5793,1
61.384,2,-8,1558,1499,-0.19,0.70,3.6806,6.6114,8.5793,1
61.401,7,-8,1559,1499,-0.19,0.70,3.6806,6.6114,8.5793,1
61.418,13,-8,1572,1499,-0.19,0.70,3.6806,6.6114,8.5793,1
61.435,18,-7,1562,1510,-0.19,0.70,3.6806,6.6114,8.5793,1
61.453,24,-7,1574,1500,-0.19,0.70,3.6806,6.6114,8.5793,1
61.470,29,-7,1563,1500,-0.19,0.70,3.6806,6.6114,8.5793,1
61.488,35,-7,1573,1500,0.54,0.91,3.6806,6.6114,8.5793,1
61.507,41,-7,1574,1500,0.54,0.91,3.6806,6.6114,8.5793,1
61.525,46,-6,1564,1510,0.54,0.91,3.6806,6.6114,8.5793,1
61.542,52,-6,1579,1500,0.54,0.91,3.6806,6.6114,8.5793,1
61.560,58,-6,1578,1500,0.54,0.91,3.6806,6.6114,8.5793,1
61.577,63,-6,1569,1500,0.54,0.91,3.6806,6.6114,8.5793,0
61.595,69,-6,1581,1500,0.54,0.91,3.6806,6.6114,8.5793,0
61.612,74,-6,1572,1500,0.54,0.91,3.6806,6.6114,8.5793,0
61.630,85,-6,1600,1500,0.54,0.91,3.6806,6.6114,8.5793,0
61.647,85,-6,1517,1500,0.54,0.91,3.6806,6.6114,8.5793,0
61.664,95,-6,1600,1500,0.54,0.91,3.6806,6.6114,8.5793,0
61.681,95,-6,1519,1500,0.54,0.91,3.6806,6.6114,8.5793,0
61.699,105,-5,1600,1510,0.54,0.91,3.6806,6.6114,8.5793,0
61.717,105,-5,1521,1500,0.54,0.91,3.6806,6.6114,8.5793,0
61.734,113,-4,1600,1510,0.54,0.91,3.6806,6.6114,8.5793,0
61.753,116,-4,1522,1500,0.54,0.91,3.6806,6.6114,8.5793,0
61.772,119,-4,1582,1500,0.54,0.91,3.6806,6.6114,8.5793,0
61.794,122,-3,1551,1508,1.11,1.38,3.2883,4.5559,5.2774,0
61.811,125,-4,1559,1489,1.11,1.38,3.2883,4.5559,5.2774,0
61.829,129,-3,1571,1511,1.11,1.38,3.2883,4.5559,5.2774,0
61.847,131,-3,1548,1500,1.11,1.38,3.2883,4.5559,5.2774,0
61.865,132,-3,1537,1500,1.11,1.38,3.2883,4.5559,5.2774,0
61.883,134,-3,1549,1500,1.11,1.38,3.2883,4.5559,5.2774,0
61.901,135,-3,1538,1500,1.11,1.38,3.2883,4.5559,5.2774,0
61.918,137,-3,1550,1500,1.11,1.38,3.2883,4.5559,5.2774,0
61.936,138,-3,1539,1500,1.11,1.38,3.2883,4.5559,5.2774,0
61.953,140,-3,1550,1500,1.11,1.38,3.2883,4.5559,5.2774,0
61.971,141,-2,1539,1510,1.11,1.38,3.2883,4.5559,5.2774,0
61.988,142,-2,1540,1500,1.16,1.53,3.2883,4.5559,5.2774,0
62.006,143,-2,1540,1500,1.16,1.53,3.2883,4.5559,5.2774,0
62.024,144,-2,1540,1500,1.16,1.53,3.2883,4.5559,5.2774,0
62.042,144,-2,1529,1500,1.16,1.53,3.2883,4.5559,5.2774,0
62.060,144,-3,1529,1489,1.16,1.53,3.2883,4.5559,5.2774,0
62.077,144,-3,1529,1500,1.16,1.53,3.2883,4.5559,5.2774,0
62.096,143,-2,1518,1510,1.16,1.53,3.2883,4.5559,5.2774,0
62.113,143,-2,1528,1500,1.16,1.53,3.2883,4.5559,5.2774,0
62.131,141,-2,1505,1500,1.16,1.53,3.2883,4.5559,5.2774,0
62.148,140,-2,1516,1500,1.16,1.53,3.2883,4.5559,5.2774,0
62.166,139,-2,1516,1500,1.16,1.53,3.2883,4.5559,5.2774,0
62.183,138,-2,1516,1500,1.16,1.53,3.2883,4.5559,5.2774,0
62.200,137,-3,1516,1489,1.16,1.53,3.2883,4.5559,5.2774,0
62.217,137,-3,1527,1500,1.16,1.53,3.2883,4.5559,5.2774,0
62.235,136,-3,1515,1500,1.16,1.53,3.2883,4.5559,5.2774,0
62.253,135,-3,1516,1500,1.16,1.53,3.2883,4.5559,5.2774,0
62.270,134,-3,1515,1500,1.16,1.53,3.2883,4.5559,5.2774,0
62.288,133,-2,1515,1511,0.60,1.63,3.1111,3.7255,6.9534,0
62.306,133,-3,1526,1489,0.60,1.63,3.1111,3.7255,6.9534,0
62.324,132,-3,1515,1500,0.60,1.63,3.1111,3.7255,6.9534,0
62.341,131,-3,1514,1500,0.60,1.63,3.1111,3.7255,6.9534,0
62.358,131,-3,1526,1500,0.60,1.63,3.1111,3.7255,6.9534,0
62.375,130,-3,1514,1500,0.60,1.63,3.1111,3.7255,6.9534,0
62.392,129,-2,1514,1511,0.60,1.63,3.1111,3.7255,6.9534,0
62.409,128,-3,1514,1488,0.60,1.63,3.1111,3.7255,6.9534,0
62.427,127,-3,1514,1500,0.60,1.63,3.1111,3.7255,6.9534,0
62.445,126,-3,1514,1500,0.60,1.63,3.1111,3.7255,6.9534,0
62.462,124,-3,1501,1500,0.60,1.63,3.1111,3.7255,6.9534,0
62.481,124,-3,1525,1500,-0.30,1.38,3.1111,3.7255,6.9534,0
62.499,123,-3,1514,1500,-0.30,1.38,3.1111,3.7255,6.9534,0
62.518,120,-3,1493,1500,-0.30,1.38,3.1111,3.7255,6.9534,0
62.535,118,-3,1501,1500,-0.30,1.38,3.1111,3.7255,6.9534,0
62.553,116,-4,1501,1489,-0.30,1.38,3.1111,3.7255,6.9534,0
62.571,114,-5,1500,1489,-0.30,1.38,3.1111,3.7255,6.9534,0
62.589,112,-5,1500,1500,-0.30,1.38,3.1111,3.7255,6.9534,0
62.606,110,-5,1500,1500,-0.30,1.38,3.1111,3.7255,6.9534,0
62.624,108,-5,1500,1500,-0.30,1.38,3.1111,3.7255,6.9534,0
62.642,103,-5,1466,1500,-0.30,1.38,3.1111,3.7255,6.9534,0
62.660,103,-5,1520,1500,-0.30,1.38,3.1111,3.7255,6.9534,0
62.678,99,-5,1476,1500,-0.30,1.38,3.1111,3.7255,6.9534,0
62.696,97,-5,1498,1500,-0.30,1.38,3.1111,3.7255,6.9534,0
62.714,95,-6,1497,1488,-0.30,1.38,3.1111,3.7255,6.9534,0
62.732,93,-5,1497,1510,-0.30,1.38,3.1111,3.7255,6.9534,0
62.750,92,-6,1507,1489,-0.30,1.38,3.1111,3.7255,6.9534,0
62.767,91,-6,1506,1500,-0.30,1.38,3.1111,3.7255,6.9534,0
62.785,89,-6,1496,1500,-0.16,1.20,2.9639,4.4474,5.0970,0
62.803,88,-6,1506,1500,-0.16,1.20,2.9639,4.4474,5.0970,0
62.820,87,-6,1506,1500,-0.16,1.20,2.9639,4.4474,5.0970,0
62.837,86,-6,1505,1500,-0.16,1.20,2.9639,4.4474,5.0970,0
62.854,86,-6,1517,1500,-0.16,1.20,2.9639,4.4474,5.0970,0
62.871,85,-7,1505,1488,-0.16,1.20,2.9639,4.4474,5.0970,0
62.889,84,-8,1505,1488,-0.16,1.20,2.9639,4.4474,5.0970,0
62.907,82,-7,1495,1510,-0.16,1.20,2.9639,4.4474,5.0970,0
62.925,81,-7,1504,1500,-0.16,1.20,2.9639,4.4474,5.0970,0
62.942,79,-7,1494,1500,-0.16,1.20,2.9639,4.4474,5.0970,0
62.960,75,-8,1471,1489,-0.16,1.20,2.9639,4.4474,5.0970,0
62.979,75,-8,1515,1500,0.34,0.76,2.9639,4.4474,5.0970,0
62.996,69,-9,1445,1488,0.34,0.76,2.9639,4.4474,5.0970,0
63.013,66,-9,1479,1500,0.34,0.76,2.9639,4.4474,5.0970,0
63.030,63,-9,1478,1500,0.34,0.76,2.9639,4.4474,5.0970,0
63.048,59,-9,1467,1500,0.34,0.76,2.9639,4.4474,5.0970,1
63.066,56,-9,1478,1500,0.34,0.76,2.9639,4.4474,5.0970,1
63.083,52,-9,1465,1500,0.34,0.76,2.9639,4.4474,5.0970,1
63.100,49,-9,1476,1500,0.34,0.76,2.9639,4.4474,5.0970,1
63.118,45,-9,1464,1500,0.34,0.76,2.9639,4.4474,5.0970,1
63.135,42,-9,1474,1500,0.34,0.76,2.9639,4.4474,5.0970,1
63.152,39,-10,1474,1488,0.34,0.76,2.9639,4.4474,5.0970,1
63.169,36,-10,1473,1499,0.34,0.76,2.9639,4.4474,5.0970,1
63.187,34,-9,1485,1510,0.34,0.76,2.9639,4.4474,5.0970,1
63.204,32,-10,1484,1488,0.34,0.76,2.9639,4.4474,5.0970,1
63.222,29,-9,1472,1510,0.34,0.76,2.9639,4.4474,5.0970,1
63.239,27,-10,1483,1488,0.34,0.76,2.9639,4.4474,5.0970,1
63.256,26,-10,1494,1499,0.34,0.76,2.9639,4.4474,5.0970,1
63.273,24,-10,1483,1499,0.34,0.76,2.9639,4.4474,5.0970,1
63.292,22,-10,1483,1499,-0.04,0.86,3.2510,4.4531,6.3122,1
63.309,20,-10,1482,1499,-0.04,0.86,3.2510,4.4531,6.3122,1
63.327,18,-11,1482,1488,-0.04,0.86,3.2510,4.4531,6.3122,1
63.345,14,-11,1458,1499,-0.04,0.86,3.2510,4.4531,6.3122,1
63.363,14,-11,1503,1499,-0.04,0.86,3.2510,4.4531,6.3122,1
63.381,9,-11,1468,1499,-0.04,0.86,3.2510,4.4531,6.3122,1
63.398,6,-11,1448,1499,-0.04,0.86,3.2510,4.4531,6.3122,1
63.417,4,-11,1479,1499,-0.04,0.86,3.2510,4.4531,6.3122,1
63.436,2,-11,1480,1499,-0.04,0.86,3.2510,4.4531,6.3122,1
63.454,-1,-11,1468,1499,-0.04,0.86,3.2510,4.4531,6.3122,1
63.472,-3,-12,1478,1488,-0.16,1.23,3.2510,4.4531,6.3122,1
63.490,-5,-12,1476,1499,-0.16,1.23,3.2510,4.4531,6.3122,1
63.507,-8,-13,1465,1488,-0.16,1.23,3.2510,4.4531,6.3122,1
63.524,-10,-13,1475,1499,-0.16,1.23,3.2510,4.4531,6.3122,1
63.542,-13,-13,1463,1499,-0.16,1.23,3.2510,4.4531,6.3122,1
63.559,-16,-13,1462,1499,-0.16,1.23,3.2510,4.4531,6.3122,1
63.576,-19,-13,1462,1499,-0.16,1.23,3.2510,4.4531,6.3122,1
63.593,-23,-12,1451,1510,-0.16,1.23,3.2510,4.4531,6.3122,1
