elapsed_s,err_x_px,err_pitch_px,target_roll_us,target_pitch_us,actual_roll_deg,actual_pitch_deg,vib_x,vib_y,vib_z,aligned
0.000,-79,-23,1400,1400,-1.11,-0.37,3.2714,3.4692,7.0612,0
0.018,-79,-23,1485,1498,-1.11,-0.37,3.2714,3.4692,7.0612,0
0.037,-80,-23,1482,1498,-1.11,-0.37,3.2714,3.4692,7.0612,0
0.054,-81,-23,1481,1498,-1.11,-0.37,3.2714,3.4692,7.0612,0
0.073,-81,-23,1484,1498,-1.11,-0.37,3.2714,3.4692,7.0612,0
0.090,-81,-23,1484,1498,-1.11,-0.37,3.2714,3.4692,7.0612,0
0.108,-82,-23,1481,1498,-1.11,-0.37,3.2714,3.4692,7.0612,0
0.125,-82,-23,1484,1498,-1.11,-0.37,3.2714,3.4692,7.0612,0
0.143,-82,-23,1484,1498,-1.18,-0.65,3.2714,3.4692,7.0612,0
0.160,-82,-23,1484,1498,-1.18,-0.65,3.2714,3.4692,7.0612,0
0.177,-82,-23,1484,1498,-1.18,-0.65,3.2714,3.4692,7.0612,0
0.196,-83,-24,1481,1493,-1.18,-0.65,3.2714,3.4692,7.0612,0
0.214,-83,-23,1484,1503,-1.18,-0.65,3.2714,3.4692,7.0612,0
0.232,-83,-23,1484,1498,-1.18,-0.65,3.2714,3.4692,7.0612,0
0.249,-83,-23,1484,1498,-1.18,-0.65,3.2714,3.4692,7.0612,0
0.266,-84,-23,1481,1498,-1.18,-0.65,3.2714,3.4692,7.0612,0
0.284,-84,-23,1483,1498,-1.18,-0.65,3.2714,3.4692,7.0612,0
0.302,-84,-24,1483,1493,-1.18,-0.65,3.2714,3.4692,7.0612,0
0.320,-85,-24,1480,1498,-1.18,-0.65,3.2714,3.4692,7.0612,0
0.337,-86,-23,1480,1503,-1.18,-0.65,3.2714,3.4692,7.0612,0
0.357,-88,-23,1477,1498,-1.18,-0.65,3.2714,3.4692,7.0612,0
0.374,-89,-23,1479,1498,-1.18,-0.65,3.2714,3.4692,7.0612,0
0.392,-90,-23,1479,1498,-1.18,-0.65,3.2714,3.4692,7.0612,0
0.410,-91,-23,1479,1498,-1.18,-0.65,3.2714,3.4692,7.0612,0
0.428,-92,-23,1479,1498,-1.18,-0.65,3.2714,3.4692,7.0612,0
0.447,-93,-24,1479,1493,-1.18,-0.65,3.2254,3.4173,7.1916,0
0.464,-94,-23,1479,1503,-1.08,-0.60,3.2254,3.4173,7.1916,0
0.481,-94,-22,1481,1503,-1.08,-0.60,3.2254,3.4173,7.1916,0
0.499,-95,-22,1478,1498,-1.08,-0.60,3.2254,3.4173,7.1916,0
0.517,-95,-22,1481,1498,-1.08,-0.60,3.2254,3.4173,7.1916,0
0.534,-95,-22,1481,1498,-1.08,-0.60,3.2254,3.4173,7.1916,0
0.551,-96,-22,1478,1498,-1.08,-0.60,3.2254,3.4173,7.1916,0
0.569,-96,-22,1481,1498,-1.08,-0.60,3.2254,3.4173,7.1916,0
0.587,-96,-22,1481,1498,-1.08,-0.60,3.2254,3.4173,7.1916,0
0.605,-96,-23,1481,1493,-1.08,-0.60,3.2254,3.4173,7.1916,0
0.624,-96,-23,1481,1498,-1.08,-0.60,3.2254,3.4173,7.1916,0
0.642,-96,-23,1481,1498,-1.44,-0.27,3.2254,3.4173,7.1916,0
0.661,-95,-22,1484,1498,-1.44,-0.27,3.2254,3.4173,7.1916,0
0.679,-95,-23,1481,1498,-1.44,-0.27,3.2254,3.4173,7.1916,0
0.696,-95,-22,1481,1503,-1.44,-0.27,3.2254,3.4173,7.1916,0
0.713,-94,-22,1484,1498,-1.44,-0.27,3.2254,3.4173,7.1916,0
0.730,-94,-23,1481,1492,-1.44,-0.27,3.2254,3.4173,7.1916,0
0.747,-93,-23,1485,1498,-1.44,-0.27,3.2254,3.4173,7.1916,0
0.764,-93,-23,1482,1498,-1.44,-0.27,3.2254,3.4173,7.1916,0
0.781,-92,-23,1485,1498,-1.44,-0.27,3.2254,3.4173,7.1916,0
0.798,-92,-23,1482,1498,-1.44,-0.27,3.2254,3.4173,7.1916,0
0.816,-91,-23,1485,1498,-1.44,-0.27,3.2254,3.4173,7.1916,0
0.834,-91,-23,1482,1498,-1.44,-0.27,3.2254,3.4173,7.1916,0
0.851,-90,-23,1485,1498,-1.44,-0.27,3.2254,3.4173,7.1916,0
0.869,-90,-23,1482,1498,-1.44,-0.27,3.2254,3.4173,7.1916,0
0.888,-89,-23,1485,1498,-1.44,-0.27,3.2254,3.4173,7.1916,0
0.905,-88,-23,1486,1498,-1.44,-0.27,3.2254,3.4173,7.1916,0
0.922,-87,-22,1486,1503,-1.44,-0.27,3.2254,3.4173,7.1916,0
0.939,-86,-22,1486,1498,-1.44,-0.27,3.2254,3.4173,7.1916,0
0.957,-85,-22,1486,1498,-1.41,-0.38,3.2137,3.9223,8.0619,0
0.977,-84,-22,1486,1498,-1.41,-0.38,3.2137,3.9223,8.0619,0
0.994,-83,-22,1487,1498,-1.41,-0.38,3.2137,3.9223,8.0619,0
1.012,-81,-22,1490,1498,-1.41,-0.38,3.2137,3.9223,8.0619,0
1.029,-81,-22,1484,1498,-1.41,-0.38,3.2137,3.9223,8.0619,0
1.046,-80,-21,1487,1503,-1.41,-0.38,3.2137,3.9223,8.0619,0
1.064,-79,-22,1487,1492,-1.41,-0.38,3.2137,3.9223,8.0619,0
1.081,-78,-22,1488,1498,-1.41,-0.38,3.2137,3.9223,8.0619,0
1.098,-77,-22,1488,1498,-1.41,-0.38,3.2137,3.9223,8.0619,0
1.116,-76,-22,1488,1498,-1.41,-0.38,3.2137,3.9223,8.0619,0
1.133,-75,-22,1488,1498,-1.41,-0.38,3.2137,3.9223,8.0619,0
1.150,-74,-22,1488,1498,-1.16,-0.44,3.2137,3.9223,8.0619,0
1.170,-74,-22,1485,1498,-1.16,-0.44,3.2137,3.9223,8.0619,0
1.187,-73,-22,1488,1498,-1.16,-0.44,3.2137,3.9223,8.0619,0
1.205,-72,-22,1489,1498,-1.16,-0.44,3.2137,3.9223,8.0619,0
1.223,-72,-22,1486,1498,-1.16,-0.44,3.2137,3.9223,8.0619,0
1.242,-70,-23,1491,1493,-1.16,-0.44,3.2137,3.9223,8.0619,0
1.259,-69,-23,1489,1498,-1.16,-0.44,3.2137,3.9223,8.0619,0
1.276,-68,-23,1489,1498,-1.16,-0.44,3.2137,3.9223,8.0619,0
1.294,-67,-23,1490,1498,-1.16,-0.44,3.2137,3.9223,8.0619,0
1.312,-66,-23,1490,1498,-1.16,-0.44,3.2137,3.9223,8.0619,0
1.329,-65,-23,1490,1498,-1.16,-0.44,3.2137,3.9223,8.0619,0
1.347,-63,-23,1493,1498,-1.16,-0.44,3.2137,3.9223,8.0619,0
1.364,-62,-22,1491,1503,-1.16,-0.44,3.2137,3.9223,8.0619,0
1.381,-61,-22,1491,1498,-1.16,-0.44,3.2137,3.9223,8.0619,0
1.398,-60,-21,1491,1503,-1.16,-0.44,3.2137,3.9223,8.0619,1
1.416,-60,-21,1488,1498,-1.16,-0.44,3.2137,3.9223,8.0619,1
1.440,-58,-21,1493,1498,-1.16,-0.44,3.2137,3.9223,8.0619,1
1.460,-57,-21,1491,1498,-0.62,-0.46,3.0242,4.0952,7.2034,1
1.478,-56,-21,1492,1498,-0.62,-0.46,3.0242,4.0952,7.2034,1
1.497,-55,-21,1492,1498,-0.62,-0.46,3.0242,4.0952,7.2034,1
1.515,-54,-21,1492,1498,-0.62,-0.46,3.0242,4.0952,7.2034,1
1.532,-53,-21,1493,1498,-0.62,-0.46,3.0242,4.0952,7.2034,1
1.549,-53,-21,1490,1498,-0.62,-0.46,3.0242,4.0952,7.2034,1
1.567,-52,-21,1493,1498,-0.62,-0.46,3.0242,4.0952,7.2034,1
1.584,-52,-21,1490,1498,-0.62,-0.46,3.0242,4.0952,7.2034,1
1.601,-52,-21,1490,1498,-0.62,-0.46,3.0242,4.0952,7.2034,1
1.618,-51,-21,1493,1498,-0.62,-0.46,3.0242,4.0952,7.2034,1
1.635,-51,-21,1490,1498,-0.62,-0.46,3.0242,4.0952,7.2034,1
1.653,-51,-21,1490,1498,-0.66,-0.21,3.0242,4.0952,7.2034,1
1.670,-50,-21,1493,1498,-0.66,-0.21,3.0242,4.0952,7.2034,1
1.688,-50,-21,1490,1498,-0.66,-0.21,3.0242,4.0952,7.2034,1
1.706,-50,-21,1490,1498,-0.66,-0.21,3.0242,4.0952,7.2034,1
1.723,-49,-21,1493,1498,-0.66,-0.21,3.0242,4.0952,7.2034,1
1.742,-48,-21,1493,1498,-0.66,-0.21,3.0242,4.0952,7.2034,1
1.760,-47,-21,1493,1498,-0.66,-0.21,3.0242,4.0952,7.2034,1
1.777,-47,-21,1491,1498,-0.66,-0.21,3.0242,4.0952,7.2034,1
1.795,-46,-21,1494,1498,-0.66,-0.21,3.0242,4.0952,7.2034,1
1.812,-45,-21,1494,1498,-0.66,-0.21,3.0242,4.0952,7.2034,1
1.830,-44,-21,1494,1498,-0.66,-0.21,3.0242,4.0952,7.2034,1
1.847,-43,-21,1494,1498,-0.66,-0.21,3.0242,4.0952,7.2034,1
1.865,-42,-20,1495,1503,-0.66,-0.21,3.0242,4.0952,7.2034,1
1.882,-41,-20,1495,1498,-0.66,-0.21,3.0242,4.0952,7.2034,1
1.900,-41,-20,1492,1498,-0.66,-0.21,3.0242,4.0952,7.2034,1
1.918,-41,-20,1492,1498,-0.66,-0.21,3.0242,4.0952,7.2034,1
1.936,-40,-20,1495,1498,-0.66,-0.21,3.0242,4.0952,7.2034,1
1.954,-40,-20,1492,1498,-0.30,0.19,3.1750,3.5897,8.2047,1
1.973,-38,-20,1498,1498,-0.30,0.19,3.1750,3.5897,8.2047,1
1.990,-38,-20,1493,1498,-0.30,0.19,3.1750,3.5897,8.2047,1
2.008,-38,-20,1493,1498,-0.30,0.19,3.1750,3.5897,8.2047,1
2.026,-37,-20,1496,1498,-0.30,0.19,3.1750,3.5897,8.2047,1
2.043,-37,-20,1493,1498,-0.30,0.19,3.1750,3.5897,8.2047,1
2.062,-37,-20,1493,1498,-0.30,0.19,3.1750,3.5897,8.2047,1
2.079,-37,-20,1493,1498,-0.30,0.19,3.1750,3.5897,8.2047,1
2.096,-37,-20,1493,1498,-0.30,0.19,3.1750,3.5897,8.2047,1
2.114,-37,-20,1493,1498,-0.30,0.19,3.1750,3.5897,8.2047,1
2.133,-37,-20,1493,1498,-0.30,0.19,3.1750,3.5897,8.2047,1
2.151,-37,-20,1493,1498,-0.14,0.03,3.1750,3.5897,8.2047,1
2.171,-36,-20,1496,1498,-0.14,0.03,3.1750,3.5897,8.2047,1
2.188,-36,-20,1493,1498,-0.14,0.03,3.1750,3.5897,8.2047,1
2.206,-36,-20,1493,1498,-0.14,0.03,3.1750,3.5897,8.2047,1
2.223,-35,-20,1496,1498,-0.14,0.03,3.1750,3.5897,8.2047,1
2.241,-34,-20,1496,1498,-0.14,0.03,3.1750,3.5897,8.2047,1
2.258,-34,-20,1493,1498,-0.14,0.03,3.1750,3.5897,8.2047,1
2.275,-34,-19,1493,1503,-0.14,0.03,3.1750,3.5897,8.2047,1
2.292,-34,-19,1493,1498,-0.14,0.03,3.1750,3.5897,8.2047,1
2.310,-34,-19,1493,1498,-0.14,0.03,3.1750,3.5897,8.2047,1
2.328,-34,-19,1493,1498,-0.14,0.03,3.1750,3.5897,8.2047,1
2.346,-35,-19,1490,1498,-0.14,0.03,3.1750,3.5897,8.2047,1
2.364,-35,-18,1493,1503,-0.14,0.03,3.1750,3.5897,8.2047,1
2.381,-36,-19,1490,1492,-0.14,0.03,3.1750,3.5897,8.2047,1
2.398,-37,-18,1490,1503,-0.14,0.03,3.1750,3.5897,8.2047,1
2.417,-38,-19,1490,1493,-0.14,0.03,3.1750,3.5897,8.2047,1
2.435,-40,-19,1486,1498,-0.14,0.03,3.1761,4.4583,4.9269,1
2.452,-41,-19,1489,1498,-0.14,0.19,3.1761,4.4583,4.9269,1
2.469,-42,-19,1489,1498,-0.14,0.19,3.1761,4.4583,4.9269,1
2.488,-44,-19,1486,1498,-0.14,0.19,3.1761,4.4583,4.9269,1
2.507,-46,-19,1486,1498,-0.14,0.19,3.1761,4.4583,4.9269,1
2.524,-47,-19,1488,1498,-0.14,0.19,3.1761,4.4583,4.9269,1
2.542,-50,-19,1482,1498,-0.14,0.19,3.1761,4.4583,4.9269,1
2.560,-50,-19,1490,1498,-0.14,0.19,3.1761,4.4583,4.9269,1
2.577,-54,-20,1478,1492,-0.14,0.19,3.1761,4.4583,4.9269,1
2.595,-54,-20,1489,1498,-0.14,0.19,3.1761,4.4583,4.9269,1
2.612,-57,-20,1480,1498,-0.14,0.19,3.1761,4.4583,4.9269,1
2.630,-59,-20,1483,1498,-0.14,0.19,3.1761,4.4583,4.9269,1
2.648,-60,-20,1485,1498,-0.43,0.11,3.1761,4.4583,4.9269,1
2.665,-62,-20,1482,1498,-0.43,0.11,3.1761,4.4583,4.9269,0
2.682,-64,-20,1482,1498,-0.43,0.11,3.1761,4.4583,4.9269,0
2.699,-66,-20,1481,1498,-0.43,0.11,3.1761,4.4583,4.9269,0
2.716,-67,-21,1484,1493,-0.43,0.11,3.1761,4.4583,4.9269,0
2.734,-69,-20,1481,1503,-0.43,0.11,3.1761,4.4583,4.9269,0
2.751,-71,-21,1480,1493,-0.43,0.11,3.1761,4.4583,4.9269,0
2.769,-72,-21,1483,1498,-0.43,0.11,3.1761,4.4583,4.9269,0
2.786,-74,-21,1480,1498,-0.43,0.11,3.1761,4.4583,4.9269,0
2.806,-78,-22,1480,1498,-0.43,0.11,3.1761,4.4583,4.9269,0
2.824,-78,-22,1480,1493,-0.43,0.11,3.1761,4.4583,4.9269,0
2.843,-81,-22,1476,1498,-0.43,0.11,3.1761,4.4583,4.9269,0
2.861,-83,-22,1478,1498,-0.43,0.11,3.1761,4.4583,4.9269,0
2.879,-85,-22,1478,1498,-0.43,0.11,3.1761,4.4583,4.9269,0
2.897,-86,-22,1480,1498,-0.43,0.11,3.1761,4.4583,4.9269,0
2.915,-88,-22,1477,1498,-0.43,0.11,3.1761,4.4583,4.9269,0
2.933,-89,-21,1480,1503,-0.43,0.11,3.1761,4.4583,4.9269,0
2.950,-90,-21,1479,1498,-0.63,-0.30,3.3085,4.0711,8.7889,0
2.968,-92,-21,1476,1498,-0.63,-0.30,3.3085,4.0711,8.7889,0
2.985,-93,-21,1479,1498,-0.63,-0.30,3.3085,4.0711,8.7889,0
3.003,-95,-21,1476,1498,-0.63,-0.30,3.3085,4.0711,8.7889,0
3.022,-96,-21,1478,1498,-0.63,-0.30,3.3085,4.0711,8.7889,0
3.039,-98,-20,1475,1503,-0.63,-0.30,3.3085,4.0711,8.7889,0
3.058,-100,-21,1475,1493,-0.63,-0.30,3.3085,4.0711,8.7889,0
3.078,-103,-21,1472,1498,-0.63,-0.30,3.3085,4.0711,8.7889,0
3.095,-105,-21,1474,1498,-0.63,-0.30,3.3085,4.0711,8.7889,0
3.113,-107,-21,1473,1498,-0.63,-0.30,3.3085,4.0711,8.7889,0
3.130,-107,-21,1479,1498,-0.63,-0.30,3.3085,4.0711,8.7889,0
3.148,-109,-21,1473,1498,-1.00,-0.66,3.3085,4.0711,8.7889,0
3.166,-113,-22,1467,1493,-1.00,-0.66,3.3085,4.0711,8.7889,0
3.184,-114,-22,1475,1498,-1.00,-0.66,3.3085,4.0711,8.7889,0
3.202,-116,-22,1471,1498,-1.00,-0.66,3.3085,4.0711,8.7889,0
3.219,-118,-21,1471,1503,-1.00,-0.66,3.3085,4.0711,8.7889,0
3.237,-120,-21,1471,1498,-1.00,-0.66,3.3085,4.0711,8.7889,0
3.254,-122,-21,1470,1498,-1.00,-0.66,3.3085,4.0711,8.7889,0
3.272,-124,-22,1470,1493,-1.00,-0.66,3.3085,4.0711,8.7889,0
3.289,-124,-22,1475,1498,-1.00,-0.66,3.3085,4.0711,8.7889,0
3.307,-125,-22,1472,1498,-1.00,-0.66,3.3085,4.0711,8.7889,0
3.324,-126,-21,1472,1503,-1.00,-0.66,3.3085,4.0711,8.7889,0
3.342,-128,-22,1469,1493,-1.00,-0.66,3.3085,4.0711,8.7889,0
3.361,-128,-22,1475,1498,-1.00,-0.66,3.3085,4.0711,8.7889,0
3.379,-129,-21,1472,1503,-1.00,-0.66,3.3085,4.0711,8.7889,0
3.396,-129,-21,1474,1498,-1.00,-0.66,3.3085,4.0711,8.7889,0
3.414,-129,-21,1474,1498,-1.00,-0.66,3.3085,4.0711,8.7889,0
3.433,-129,-21,1474,1498,-1.00,-0.66,3.3085,4.0711,8.7889,0
3.451,-129,-21,1474,1498,-1.34,-0.85,3.2867,4.9900,8.6482,0
3.469,-129,-21,1474,1498,-1.34,-0.85,3.2867,4.9900,8.6482,0
3.487,-129,-22,1474,1492,-1.34,-0.85,3.2867,4.9900,8.6482,0
3.504,-129,-22,1474,1498,-1.34,-0.85,3.2867,4.9900,8.6482,0
3.521,-129,-22,1474,1498,-1.34,-0.85,3.2867,4.9900,8.6482,0
3.539,-130,-22,1471,1498,-1.34,-0.85,3.2867,4.9900,8.6482,0
3.556,-130,-21,1474,1503,-1.34,-0.85,3.2867,4.9900,8.6482,0
3.573,-130,-21,1474,1498,-1.34,-0.85,3.2867,4.9900,8.6482,0
3.590,-130,-21,1474,1498,-1.34,-0.85,3.2867,4.9900,8.6482,0
3.609,-130,-21,1474,1498,-1.34,-0.85,3.2867,4.9900,8.6482,0
3.627,-129,-21,1477,1498,-1.34,-0.85,3.2867,4.9900,8.6482,0
3.644,-130,-21,1471,1498,-1.64,-0.55,3.2867,4.9900,8.6482,0
3.661,-129,-21,1477,1498,-1.64,-0.55,3.2867,4.9900,8.6482,0
3.680,-129,-21,1474,1498,-1.64,-0.55,3.2867,4.9900,8.6482,0
3.698,-129,-21,1474,1498,-1.64,-0.55,3.2867,4.9900,8.6482,0
3.715,-129,-21,1474,1498,-1.64,-0.55,3.2867,4.9900,8.6482,0
3.733,-128,-21,1477,1498,-1.64,-0.55,3.2867,4.9900,8.6482,0
3.751,-128,-21,1475,1498,-1.64,-0.55,3.2867,4.9900,8.6482,0
3.768,-127,-21,1478,1498,-1.64,-0.55,3.2867,4.9900,8.6482,0
3.787,-126,-21,1478,1498,-1.64,-0.55,3.2867,4.9900,8.6482,0
3.805,-126,-21,1475,1498,-1.64,-0.55,3.2867,4.9900,8.6482,0
3.822,-124,-21,1481,1498,-1.64,-0.55,3.2867,4.9900,8.6482,0
3.840,-123,-20,1478,1503,-1.64,-0.55,3.2867,4.9900,8.6482,0
3.857,-123,-20,1476,1498,-1.64,-0.55,3.2867,4.9900,8.6482,0
3.875,-121,-20,1479,1498,-1.64,-0.55,3.2867,4.9900,8.6482,0
3.893,-121,-20,1479,1498,-1.64,-0.55,3.2867,4.9900,8.6482,0
3.910,-120,-20,1479,1498,-1.64,-0.55,3.2867,4.9900,8.6482,0
3.930,-119,-20,1479,1498,-1.64,-0.55,3.2867,4.9900,8.6482,0
3.948,-117,-20,1482,1498,-1.38,-0.23,3.6505,4.0379,9.6312,0
3.966,-117,-20,1477,1498,-1.38,-0.23,3.6505,4.0379,9.6312,0
3.984,-117,-20,1477,1498,-1.38,-0.23,3.6505,4.0379,9.6312,0
4.003,-115,-19,1482,1503,-1.38,-0.23,3.6505,4.0379,9.6312,0
4.021,-113,-19,1483,1498,-1.38,-0.23,3.6505,4.0379,9.6312,0
4.039,-111,-19,1483,1498,-1.38,-0.23,3.6505,4.0379,9.6312,0
4.057,-110,-19,1481,1498,-1.38,-0.23,3.6505,4.0379,9.6312,0
4.075,-107,-19,1487,1498,-1.38,-0.23,3.6505,4.0379,9.6312,0
4.093,-107,-19,1479,1498,-1.38,-0.23,3.6505,4.0379,9.6312,0
4.110,-104,-19,1488,1498,-1.38,-0.23,3.6505,4.0379,9.6312,0
4.137,-103,-19,1482,1498,-1.22,-0.05,3.6505,4.0379,9.6312,0
4.154,-101,-19,1484,1498,-1.22,-0.05,3.6505,4.0379,9.6312,0
4.171,-100,-19,1483,1498,-1.22,-0.05,3.6505,4.0379,9.6312,0
4.189,-99,-18,1483,1503,-1.22,-0.05,3.6505,4.0379,9.6312,0
4.206,-95,-18,1493,1498,-1.22,-0.05,3.6505,4.0379,9.6312,0
4.224,-95,-18,1481,1498,-1.22,-0.05,3.6505,4.0379,9.6312,0
4.242,-92,-18,1490,1498,-1.22,-0.05,3.6505,4.0379,9.6312,0
4.260,-91,-18,1485,1498,-1.22,-0.05,3.6505,4.0379,9.6312,0
4.277,-89,-18,1488,1498,-1.22,-0.05,3.6505,4.0379,9.6312,0
4.294,-88,-17,1485,1503,-1.22,-0.05,3.6505,4.0379,9.6312,0
4.312,-86,-17,1489,1498,-1.22,-0.05,3.6505,4.0379,9.6312,0
4.330,-84,-17,1489,1498,-1.22,-0.05,3.6505,4.0379,9.6312,0
4.349,-83,-17,1486,1498,-1.22,-0.05,3.6505,4.0379,9.6312,0
4.367,-81,-17,1489,1498,-1.22,-0.05,3.6505,4.0379,9.6312,0
4.385,-79,-17,1490,1498,-1.22,-0.05,3.6505,4.0379,9.6312,0
4.402,-77,-17,1490,1498,-1.22,-0.05,3.6505,4.0379,9.6312,0
4.421,-75,-16,1491,1503,-1.22,-0.05,3.6505,4.0379,9.6312,0
4.438,-73,-17,1491,1493,-1.22,-0.05,3.3716,3.8383,7.9808,0
4.455,-72,-17,1489,1498,-0.81,0.42,3.3716,3.8383,7.9808,0
4.474,-70,-18,1491,1493,-0.81,0.42,3.3716,3.8383,7.9808,0
4.492,-68,-17,1492,1503,-0.81,0.42,3.3716,3.8383,7.9808,0
4.509,-65,-18,1496,1493,-0.81,0.42,3.3716,3.8383,7.9808,0
4.529,-63,-18,1493,1498,-0.81,0.42,3.3716,3.8383,7.9808,0
4.546,-62,-17,1490,1503,-0.81,0.42,3.3716,3.8383,7.9808,0
4.565,-61,-16,1491,1503,-0.81,0.42,3.3716,3.8383,7.9808,0
4.583,-60,-16,1491,1499,-0.81,0.42,3.3716,3.8383,7.9808,1
4.603,-59,-16,1491,1499,-0.81,0.42,3.3716,3.8383,7.9808,1
4.621,-58,-16,1491,1499,-0.81,0.42,3.3716,3.8383,7.9808,1
4.639,-57,-16,1492,1499,-0.30,0.07,3.3716,3.8383,7.9808,1
4.657,-55,-16,1495,1499,-0.30,0.07,3.3716,3.8383,7.9808,1
4.674,-54,-16,1492,1499,-0.30,0.07,3.3716,3.8383,7.9808,1
4.693,-53,-16,1492,1499,-0.30,0.07,3.3716,3.8383,7.9808,1
4.710,-52,-16,1493,1499,-0.30,0.07,3.3716,3.8383,7.9808,1
4.727,-52,-15,1490,1504,-0.30,0.07,3.3716,3.8383,7.9808,1
4.745,-51,-16,1493,1493,-0.30,0.07,3.3716,3.8383,7.9808,1
4.762,-50,-16,1493,1499,-0.30,0.07,3.3716,3.8383,7.9808,1
4.779,-49,-16,1493,1499,-0.30,0.07,3.3716,3.8383,7.9808,1
4.796,-48,-16,1494,1499,-0.30,0.07,3.3716,3.8383,7.9808,1
4.813,-47,-16,1494,1499,-0.30,0.07,3.3716,3.8383,7.9808,1
4.831,-46,-16,1494,1499,-0.30,0.07,3.3716,3.8383,7.9808,1
4.848,-44,-15,1497,1503,-0.30,0.07,3.3716,3.8383,7.9808,1
4.867,-43,-15,1494,1499,-0.30,0.07,3.3716,3.8383,7.9808,1
4.886,-42,-15,1495,1499,-0.30,0.07,3.3716,3.8383,7.9808,1
4.903,-40,-15,1498,1499,-0.30,0.07,3.3716,3.8383,7.9808,1
4.922,-39,-14,1495,1503,-0.30,0.07,3.3716,3.8383,7.9808,1
4.939,-38,-15,1495,1493,-0.30,0.07,3.1340,4.3063,5.8358,1
4.957,-36,-15,1499,1499,-0.15,0.25,3.1340,4.3063,5.8358,1
4.975,-34,-14,1499,1504,-0.15,0.25,3.1340,4.3063,5.8358,1
4.992,-32,-15,1500,1493,-0.15,0.25,3.1340,4.3063,5.8358,1
5.009,-31,-15,1497,1499,-0.15,0.25,3.1340,4.3063,5.8358,1
5.027,-29,-15,1500,1499,-0.15,0.25,3.1340,4.3063,5.8358,1
5.044,-28,-15,1498,1499,-0.15,0.25,3.1340,4.3063,5.8358,1
5.061,-26,-14,1500,1504,-0.15,0.25,3.1340,4.3063,5.8358,1
5.078,-25,-13,1498,1504,-0.15,0.25,3.1340,4.3063,5.8358,1
5.096,-23,-13,1500,1499,-0.15,0.25,3.1340,4.3063,5.8358,1
5.114,-22,-14,1499,1493,-0.15,0.25,3.1340,4.3063,5.8358,1
5.131,-20,-14,1501,1499,-0.63,0.73,3.1340,4.3063,5.8358,1
5.149,-18,-13,1501,1504,-0.63,0.73,3.1340,4.3063,5.8358,1
5.166,-17,-13,1500,1499,-0.63,0.73,3.1340,4.3063,5.8358,1
5.184,-15,-14,1502,1493,-0.63,0.73,3.1340,4.3063,5.8358,1
5.202,-12,-14,1505,1499,-0.63,0.73,3.1340,4.3063,5.8358,1
5.220,-12,-14,1498,1499,-0.63,0.73,3.1340,4.3063,5.8358,1
5.239,-8,-13,1508,1503,-0.63,0.73,3.1340,4.3063,5.8358,1
5.256,-6,-13,1504,1499,-0.63,0.73,3.1340,4.3063,5.8358,1
5.274,-4,-13,1504,1499,-0.63,0.73,3.1340,4.3063,5.8358,1
5.291,-2,-13,1505,1499,-0.63,0.73,3.1340,4.3063,5.8358,1
5.308,1,-13,1508,1499,-0.63,0.73,3.1340,4.3063,5.8358,1
5.326,4,-14,1509,1493,-0.63,0.73,3.1340,4.3063,5.8358,1
5.344,7,-14,1509,1499,-0.63,0.73,3.1340,4.3063,5.8358,1
5.361,10,-14,1510,1499,-0.63,0.73,3.1340,4.3063,5.8358,1
5.379,14,-13,1514,1504,-0.63,0.73,3.1340,4.3063,5.8358,1
5.398,16,-13,1508,1499,-0.63,0.73,3.1340,4.3063,5.8358,1
5.415,19,-13,1511,1499,-0.63,0.73,3.1340,4.3063,5.8358,1
5.432,22,-14,1512,1493,-0.63,0.73,3.1031,3.7722,7.0973,1
5.450,25,-13,1513,1504,-1.03,0.78,3.1031,3.7722,7.0973,1
5.468,28,-13,1514,1499,-1.03,0.78,3.1031,3.7722,7.0973,1
5.486,31,-13,1513,1499,-1.03,0.78,3.1031,3.7722,7.0973,1
5.507,35,-14,1516,1494,-1.03,0.78,3.1031,3.7722,7.0973,1
5.524,36,-13,1509,1504,-1.03,0.78,3.1031,3.7722,7.0973,1
5.542,38,-14,1513,1493,-1.03,0.78,3.1031,3.7722,7.0973,1
5.560,39,-14,1510,1499,-1.03,0.78,3.1031,3.7722,7.0973,1
5.577,40,-14,1510,1499,-1.03,0.78,3.1031,3.7722,7.0973,1
5.594,41,-15,1510,1493,-1.03,0.78,3.1031,3.7722,7.0973,1
5.612,43,-14,1514,1504,-1.03,0.78,3.1031,3.7722,7.0973,1
5.629,44,-14,1511,1499,-1.26,0.90,3.1031,3.7722,7.0973,1
5.646,46,-14,1514,1499,-1.26,0.90,3.1031,3.7722,7.0973,1
5.664,48,-14,1514,1499,-1.26,0.90,3.1031,3.7722,7.0973,1
5.681,49,-14,1512,1499,-1.26,0.90,3.1031,3.7722,7.0973,1
5.698,51,-15,1515,1493,-1.26,0.90,3.1031,3.7722,7.0973,1
5.716,53,-14,1516,1503,-1.26,0.90,3.1031,3.7722,7.0973,1
5.733,55,-14,1516,1499,-1.26,0.90,3.1031,3.7722,7.0973,1
5.751,57,-15,1516,1493,-1.26,0.90,3.1031,3.7722,7.0973,1
5.768,61,-15,1523,1499,-1.26,0.90,3.1031,3.7722,7.0973,0
5.785,61,-15,1512,1499,-1.26,0.90,3.1031,3.7722,7.0973,0
5.803,65,-15,1524,1499,-1.26,0.90,3.1031,3.7722,7.0973,0
5.821,67,-15,1518,1499,-1.26,0.90,3.1031,3.7722,7.0973,0
5.841,69,-15,1518,1499,-1.26,0.90,3.1031,3.7722,7.0973,0
5.860,70,-15,1513,1499,-1.26,0.90,3.1031,3.7722,7.0973,0
5.877,72,-16,1522,1493,-1.26,0.90,3.1031,3.7722,7.0973,0
5.895,74,-16,1520,1499,-1.26,0.90,3.1031,3.7722,7.0973,0
5.914,75,-15,1517,1503,-1.26,0.90,3.1031,3.7722,7.0973,0
5.931,77,-15,1521,1499,-1.26,0.90,2.8615,3.7383,6.1955,0
5.950,78,-15,1518,1499,-0.49,0.01,2.8615,3.7383,6.1955,0
5.968,80,-16,1521,1493,-0.49,0.01,2.8615,3.7383,6.1955,0
5.985,81,-16,1519,1499,-0.49,0.01,2.8615,3.7383,6.1955,0
6.003,82,-15,1519,1504,-0.49,0.01,2.8615,3.7383,6.1955,0
6.020,84,-15,1522,1499,-0.49,0.01,2.8615,3.7383,6.1955,0
6.037,86,-16,1523,1493,-0.49,0.01,2.8615,3.7383,6.1955,0
6.055,88,-16,1523,1499,-0.49,0.01,2.8615,3.7383,6.1955,0
6.073,91,-16,1526,1499,-0.49,0.01,2.8615,3.7383,6.1955,0
6.090,93,-16,1524,1499,-0.49,0.01,2.8615,3.7383,6.1955,0
6.108,94,-16,1521,1499,-0.49,0.01,2.8615,3.7383,6.1955,0
6.127,95,-16,1522,1499,-0.49,0.01,2.8615,3.7383,6.1955,0
6.146,96,-17,1522,1494,0.38,-0.67,2.8615,3.7383,6.1955,0
6.165,97,-17,1522,1499,0.38,-0.67,2.8615,3.7383,6.1955,0
6.182,99,-17,1525,1499,0.38,-0.67,2.8615,3.7383,6.1955,0
6.200,100,-17,1523,1499,0.38,-0.67,2.8615,3.7383,6.1955,0
6.218,101,-17,1523,1499,0.38,-0.67,2.8615,3.7383,6.1955,0
6.235,103,-17,1526,1499,0.38,-0.67,2.8615,3.7383,6.1955,0
6.253,104,-17,1524,1499,0.38,-0.67,2.8615,3.7383,6.1955,0
6.270,105,-16,1524,1504,0.38,-0.67,2.8615,3.7383,6.1955,0
6.288,105,-16,1521,1499,0.38,-0.67,2.8615,3.7383,6.1955,0
6.305,106,-17,1524,1493,0.38,-0.67,2.8615,3.7383,6.1955,0
6.322,106,-17,1521,1499,0.38,-0.67,2.8615,3.7383,6.1955,0
6.340,106,-16,1521,1503,0.38,-0.67,2.8615,3.7383,6.1955,0
6.358,106,-16,1521,1499,0.38,-0.67,2.8615,3.7383,6.1955,0
6.375,106,-17,1521,1493,0.38,-0.67,2.8615,3.7383,6.1955,0
6.393,106,-17,1521,1499,0.38,-0.67,2.8615,3.7383,6.1955,0
6.411,105,-16,1518,1503,0.38,-0.67,2.8615,3.7383,6.1955,0
6.431,105,-16,1521,1499,0.38,-0.67,2.8928,3.4146,6.1783,0
6.449,105,-16,1521,1499,0.69,-0.27,2.8928,3.4146,6.1783,0
6.466,105,-16,1521,1499,0.69,-0.27,2.8928,3.4146,6.1783,0
6.484,105,-16,1521,1499,0.69,-0.27,2.8928,3.4146,6.1783,0
6.501,105,-16,1521,1499,0.69,-0.27,2.8928,3.4146,6.1783,0
6.519,105,-17,1521,1493,0.69,-0.27,2.8928,3.4146,6.1783,0
6.537,105,-16,1521,1503,0.69,-0.27,2.8928,3.4146,6.1783,0
6.554,105,-16,1521,1499,0.69,-0.27,2.8928,3.4146,6.1783,0
6.574,105,-16,1521,1499,0.69,-0.27,2.8928,3.4146,6.1783,0
6.592,104,-16,1518,1499,0.69,-0.27,2.8928,3.4146,6.1783,0
6.609,103,-16,1517,1499,0.69,-0.27,2.8928,3.4146,6.1783,0
6.626,102,-16,1517,1499,0.03,0.15,2.8928,3.4146,6.1783,0
6.645,102,-16,1520,1499,0.03,0.15,2.8928,3.4146,6.1783,0
6.662,101,-16,1517,1499,0.03,0.15,2.8928,3.4146,6.1783,0
6.680,101,-16,1520,1499,0.03,0.15,2.8928,3.4146,6.1783,0
6.698,100,-16,1517,1499,0.03,0.15,2.8928,3.4146,6.1783,0
6.717,99,-16,1517,1499,0.03,0.15,2.8928,3.4146,6.1783,0
6.734,98,-16,1517,1499,0.03,0.15,2.8928,3.4146,6.1783,0
6.752,97,-16,1516,1499,0.03,0.15,2.8928,3.4146,6.1783,0
6.769,96,-16,1516,1499,0.03,0.15,2.8928,3.4146,6.1783,0
6.787,94,-15,1513,1503,0.03,0.15,2.8928,3.4146,6.1783,0
6.804,91,-15,1510,1499,0.03,0.15,2.8928,3.4146,6.1783,0
6.821,89,-16,1512,1493,0.03,0.15,2.8928,3.4146,6.1783,0
6.838,86,-16,1508,1499,0.03,0.15,2.8928,3.4146,6.1783,0
6.856,84,-15,1511,1503,0.03,0.15,2.8928,3.4146,6.1783,0
6.873,82,-15,1510,1499,0.03,0.15,2.8928,3.4146,6.1783,0
6.891,80,-16,1510,1493,0.03,0.15,2.8928,3.4146,6.1783,0
6.908,78,-16,1510,1499,0.03,0.15,2.8928,3.4146,6.1783,0
6.926,75,-15,1506,1504,0.03,0.15,2.8928,3.4146,6.1783,0
6.943,75,-15,1515,1499,-0.26,0.25,3.1143,3.5581,6.7103,0
6.965,71,-15,1505,1499,-0.26,0.25,3.1143,3.5581,6.7103,0
6.987,69,-15,1509,1499,-0.26,0.25,3.1143,3.5581,6.7103,0
7.004,67,-15,1507,1499,-0.26,0.25,3.1143,3.5581,6.7103,0
7.022,64,-15,1504,1499,-0.26,0.25,3.1143,3.5581,6.7103,0
7.039,62,-15,1507,1499,-0.26,0.25,3.1143,3.5581,6.7103,0
7.056,60,-15,1506,1499,-0.26,0.25,3.1143,3.5581,6.7103,1
7.073,59,-15,1509,1499,-0.26,0.25,3.1143,3.5581,6.7103,1
7.092,58,-14,1509,1503,-0.26,0.25,3.1143,3.5581,6.7103,1
7.109,57,-14,1508,1499,-0.26,0.25,3.1143,3.5581,6.7103,1
7.128,56,-14,1508,1499,-0.88,0.28,3.1143,3.5581,6.7103,1
7.145,55,-14,1508,1499,-0.88,0.28,3.1143,3.5581,6.7103,1
7.164,54,-14,1508,1499,-0.88,0.28,3.1143,3.5581,6.7103,1
7.186,52,-14,1508,1499,-0.88,0.28,3.1143,3.5581,6.7103,1
7.203,52,-14,1508,1499,-0.88,0.28,3.1143,3.5581,6.7103,1
7.220,50,-14,1504,1499,-0.88,0.28,3.1143,3.5581,6.7103,1
7.239,49,-14,1507,1499,-0.88,0.28,3.1143,3.5581,6.7103,1
7.257,48,-14,1507,1499,-0.88,0.28,3.1143,3.5581,6.7103,1
7.274,46,-13,1503,1504,-0.88,0.28,3.1143,3.5581,6.7103,1
7.292,45,-13,1506,1499,-0.88,0.28,3.1143,3.5581,6.7103,1
7.309,44,-13,1506,1499,-0.88,0.28,3.1143,3.5581,6.7103,1
7.328,43,-13,1506,1499,-0.88,0.28,3.1143,3.5581,6.7103,1
7.345,42,-13,1505,1499,-0.88,0.28,3.1143,3.5581,6.7103,1
7.362,41,-14,1505,1493,-0.88,0.28,3.1143,3.5581,6.7103,1
7.379,40,-14,1505,1499,-1.54,0.88,3.1143,3.5581,6.7103,1
7.399,39,-14,1505,1499,-1.54,0.88,3.1143,3.5581,6.7103,1
7.416,38,-13,1505,1504,-1.54,0.88,3.1143,3.5581,6.7103,1
7.435,37,-14,1504,1493,-1.54,0.88,3.1143,3.5581,6.7103,1
7.456,35,-13,1502,1502,-1.54,0.88,2.7735,3.5606,6.2873,1
7.474,34,-13,1504,1499,-1.54,0.88,2.7735,3.5606,6.2873,1
7.491,32,-14,1500,1493,-1.54,0.88,2.7735,3.5606,6.2873,1
7.508,31,-14,1503,1499,-1.54,0.88,2.7735,3.5606,6.2873,1
7.525,30,-14,1503,1499,-1.54,0.88,2.7735,3.5606,6.2873,1
7.543,29,-13,1503,1504,-1.54,0.88,2.7735,3.5606,6.2873,1
7.561,28,-14,1503,1493,-1.54,0.88,2.7735,3.5606,6.2873,1
7.578,27,-14,1502,1499,-1.54,0.88,2.7735,3.5606,6.2873,1
7.596,26,-14,1502,1499,-1.54,0.88,2.7735,3.5606,6.2873,1
7.613,25,-14,1502,1499,-1.54,0.88,2.7735,3.5606,6.2873,1
7.634,25,-14,1505,1499,-1.59,0.64,2.7735,3.5606,6.2873,1
7.651,24,-14,1502,1499,-1.59,0.64,2.7735,3.5606,6.2873,1
7.669,23,-14,1502,1499,-1.59,0.64,2.7735,3.5606,6.2873,1
7.687,22,-14,1501,1499,-1.59,0.64,2.7735,3.5606,6.2873,1
7.706,22,-14,1504,1499,-1.59,0.64,2.8555,3.5771,6.2695,1
7.724,20,-14,1499,1499,-1.59,0.64,2.8555,3.5771,6.2695,1
7.741,20,-15,1504,1493,-1.59,0.64,2.8555,3.5771,6.2695,1
7.758,20,-14,1504,1504,-1.59,0.64,2.8555,3.5771,6.2695,1
7.776,20,-15,1504,1493,-1.59,0.64,2.8555,3.5771,6.2695,1
7.793,21,-15,1507,1499,-1.59,0.64,2.8555,3.5771,6.2695,1
7.811,21,-15,1504,1499,-1.59,0.64,2.8555,3.5771,6.2695,1
7.828,21,-15,1504,1499,-1.59,0.64,2.8555,3.5771,6.2695,1
7.845,20,-15,1501,1499,-1.59,0.64,2.8555,3.5771,6.2695,1
7.862,20,-15,1504,1499,-1.59,0.64,2.8555,3.5771,6.2695,1
7.880,20,-15,1504,1499,-1.90,0.86,2.8555,3.5771,6.2695,1
7.897,19,-16,1501,1493,-1.90,0.86,2.8555,3.5771,6.2695,1
7.914,18,-15,1501,1503,-1.90,0.86,2.8555,3.5771,6.2695,1
7.932,18,-15,1503,1499,-1.90,0.86,2.8555,3.5771,6.2695,1
7.949,17,-16,1500,1493,-1.90,0.86,3.0927,3.8106,6.2406,1
7.968,16,-16,1500,1499,-1.90,0.86,3.0927,3.8106,6.2406,1
7.986,16,-16,1503,1499,-1.90,0.86,3.0927,3.8106,6.2406,1
8.005,16,-16,1503,1499,-1.90,0.86,3.0927,3.8106,6.2406,1
8.022,15,-17,1500,1493,-1.90,0.86,3.0927,3.8106,6.2406,1
8.040,15,-17,1503,1498,-1.90,0.86,3.0927,3.8106,6.2406,1
8.057,15,-17,1503,1498,-1.90,0.86,3.0927,3.8106,6.2406,1
8.074,15,-17,1503,1498,-1.90,0.86,3.0927,3.8106,6.2406,1
8.091,15,-17,1503,1498,-1.90,0.86,3.0927,3.8106,6.2406,1
8.109,15,-18,1503,1493,-1.90,0.86,3.0927,3.8106,6.2406,1
8.126,15,-17,1503,1503,-1.90,0.86,3.0927,3.8106,6.2406,1
8.144,15,-18,1503,1493,-1.15,0.17,3.0927,3.8106,6.2406,1
8.161,15,-17,1503,1503,-1.15,0.17,3.0927,3.8106,6.2406,1
8.181,15,-17,1503,1498,-1.15,0.17,3.0927,3.8106,6.2406,1
8.198,14,-18,1500,1493,-1.15,0.17,2.8924,3.8321,6.6443,1
8.216,13,-18,1500,1498,-1.15,0.17,2.8924,3.8321,6.6443,1
8.234,13,-18,1502,1498,-1.15,0.17,2.8924,3.8321,6.6443,1
8.252,11,-19,1498,1493,-1.15,0.17,2.8924,3.8321,6.6443,1
8.269,10,-19,1500,1498,-1.15,0.17,2.8924,3.8321,6.6443,1
8.286,7,-19,1493,1498,-1.15,0.17,2.8924,3.8321,6.6443,1
8.303,5,-19,1496,1498,-1.15,0.17,2.8924,3.8321,6.6443,1
8.320,4,-19,1499,1498,-1.15,0.17,2.8924,3.8321,6.6443,1
8.337,3,-19,1498,1498,-1.15,0.17,2.8924,3.8321,6.6443,1
8.354,2,-19,1498,1498,-1.15,0.17,2.8924,3.8321,6.6443,1
8.372,1,-20,1498,1492,-1.15,0.17,2.8924,3.8321,6.6443,1
8.389,0,-19,1498,1503,-0.31,-0.77,2.8924,3.8321,6.6443,1
8.407,-1,-19,1498,1498,-0.31,-0.77,2.8924,3.8321,6.6443,1
8.425,-2,-20,1497,1492,-0.31,-0.77,2.8924,3.8321,6.6443,1
8.443,-3,-20,1497,1498,-0.31,-0.77,3.0361,4.0150,7.5401,1
8.461,-4,-20,1497,1498,-0.31,-0.77,3.0361,4.0150,7.5401,1
8.478,-6,-21,1494,1492,-0.31,-0.77,3.0361,4.0150,7.5401,1
8.495,-7,-20,1497,1503,-0.31,-0.77,3.0361,4.0150,7.5401,1
8.513,-8,-20,1496,1498,-0.31,-0.77,3.0361,4.0150,7.5401,1
8.531,-9,-20,1496,1498,-0.31,-0.77,3.0361,4.0150,7.5401,1
8.548,-11,-20,1493,1498,-0.31,-0.77,3.0361,4.0150,7.5401,1
8.566,-12,-20,1496,1498,-0.31,-0.77,3.0361,4.0150,7.5401,1
8.583,-14,-20,1492,1498,-0.31,-0.77,3.0361,4.0150,7.5401,1
8.601,-14,-20,1498,1498,-0.31,-0.77,3.0361,4.0150,7.5401,1
8.619,-16,-20,1492,1498,-0.31,-0.77,3.0361,4.0150,7.5401,1
8.637,-17,-21,1498,1498,-0.92,-0.72,3.0361,4.0150,7.5401,1
8.654,-18,-20,1492,1498,-0.92,-0.72,3.0361,4.0150,7.5401,1
8.675,-18,-20,1497,1498,-0.92,-0.72,3.0361,4.0150,7.5401,1
8.693,-19,-20,1494,1498,-0.92,-0.72,3.1421,3.7603,7.2335,1
8.710,-20,-21,1494,1492,-0.92,-0.72,3.1421,3.7603,7.2335,1
8.729,-20,-21,1497,1498,-0.92,-0.72,3.1421,3.7603,7.2335,1
8.747,-21,-20,1494,1503,-0.92,-0.72,3.1421,3.7603,7.2335,1
8.766,-21,-20,1497,1498,-0.92,-0.72,3.1421,3.7603,7.2335,1
8.783,-22,-20,1494,1498,-0.92,-0.72,3.1421,3.7603,7.2335,1
8.801,-24,-20,1490,1498,-0.92,-0.72,3.1421,3.7603,7.2335,1
8.819,-25,-20,1493,1498,-0.92,-0.72,3.1421,3.7603,7.2335,1
8.837,-26,-20,1493,1498,-0.92,-0.72,3.1421,3.7603,7.2335,1
8.854,-26,-20,1496,1498,-0.92,-0.72,3.1421,3.7603,7.2335,1
8.872,-27,-20,1492,1498,-0.92,-0.72,3.1421,3.7603,7.2335,1
8.890,-27,-20,1495,1498,-1.03,-0.50,3.1421,3.7603,7.2335,1
8.908,-27,-20,1495,1498,-1.03,-0.50,3.1421,3.7603,7.2335,1
8.926,-28,-20,1492,1498,-1.03,-0.50,3.1421,3.7603,7.2335,1
8.943,-28,-20,1495,1498,-1.03,-0.50,3.1716,3.5113,6.5997,1
8.961,-28,-20,1495,1498,-1.03,-0.50,3.1716,3.5113,6.5997,1
8.978,-29,-20,1492,1498,-1.03,-0.50,3.1716,3.5113,6.5997,1
8.995,-30,-20,1492,1498,-1.03,-0.50,3.1716,3.5113,6.5997,1
9.013,-30,-20,1495,1498,-1.03,-0.50,3.1716,3.5113,6.5997,1
9.030,-32,-20,1488,1498,-1.03,-0.50,3.1716,3.5113,6.5997,1
9.048,-34,-20,1488,1498,-1.03,-0.50,3.1716,3.5113,6.5997,1
9.066,-35,-19,1491,1503,-1.03,-0.50,3.1716,3.5113,6.5997,1
9.084,-37,-19,1488,1498,-1.03,-0.50,3.1716,3.5113,6.5997,1
9.103,-40,-19,1484,1498,-1.03,-0.50,3.1716,3.5113,6.5997,1
9.120,-41,-19,1490,1498,-1.03,-0.50,3.1716,3.5113,6.5997,1
9.137,-42,-19,1489,1498,-1.43,-0.19,3.1716,3.5113,6.5997,1
9.155,-43,-19,1489,1498,-1.43,-0.19,3.1716,3.5113,6.5997,1
9.172,-44,-18,1489,1503,-1.43,-0.19,3.1716,3.5113,6.5997,1
9.192,-45,-18,1489,1498,-1.43,-0.19,3.0330,3.8522,7.7156,1
9.210,-46,-18,1489,1498,-1.43,-0.19,3.0330,3.8522,7.7156,1
9.227,-47,-19,1488,1493,-1.43,-0.19,3.0330,3.8522,7.7156,1
9.246,-47,-18,1491,1503,-1.43,-0.19,3.0330,3.8522,7.7156,1
9.264,-48,-18,1488,1498,-1.43,-0.19,3.0330,3.8522,7.7156,1
9.282,-48,-18,1491,1498,-1.43,-0.19,3.0330,3.8522,7.7156,1
9.299,-48,-19,1491,1492,-1.43,-0.19,3.0330,3.8522,7.7156,1
9.317,-47,-17,1494,1509,-1.43,-0.19,3.0330,3.8522,7.7156,1
9.334,-47,-17,1491,1498,-1.43,-0.19,3.0330,3.8522,7.7156,1
9.352,-47,-17,1491,1498,-1.43,-0.19,3.0330,3.8522,7.7156,1
9.369,-47,-17,1491,1498,-1.43,-0.19,3.0330,3.8522,7.7156,1
9.387,-47,-16,1491,1503,-1.68,0.04,3.0330,3.8522,7.7156,1
9.404,-46,-16,1494,1499,-1.68,0.04,3.0330,3.8522,7.7156,1
9.421,-46,-16,1491,1499,-1.68,0.04,3.0330,3.8522,7.7156,1
9.440,-46,-16,1491,1499,-1.68,0.04,3.1626,3.9331,6.5782,1
9.457,-46,-16,1491,1499,-1.68,0.04,3.1626,3.9331,6.5782,1
9.475,-45,-16,1494,1499,-1.68,0.04,3.1626,3.9331,6.5782,1
9.492,-45,-16,1491,1499,-1.68,0.04,3.1626,3.9331,6.5782,1
9.509,-45,-16,1491,1499,-1.68,0.04,3.1626,3.9331,6.5782,1
9.526,-45,-15,1491,1503,-1.68,0.04,3.1626,3.9331,6.5782,1
9.544,-45,-15,1491,1499,-1.68,0.04,3.1626,3.9331,6.5782,1
9.562,-44,-15,1494,1499,-1.68,0.04,3.1626,3.9331,6.5782,1
9.579,-44,-14,1492,1503,-1.68,0.04,3.1626,3.9331,6.5782,1
9.597,-44,-15,1492,1493,-1.68,0.04,3.1626,3.9331,6.5782,1
9.615,-44,-14,1492,1504,-1.68,0.04,3.1626,3.9331,6.5782,1
9.632,-44,-14,1492,1499,-1.74,0.94,3.1626,3.9331,6.5782,1
9.649,-44,-14,1492,1499,-1.74,0.94,3.1626,3.9331,6.5782,1
9.667,-44,-14,1492,1499,-1.74,0.94,3.1626,3.9331,6.5782,1
9.685,-44,-14,1492,1499,-1.74,0.94,3.0628,3.6870,6.5483,1
9.702,-44,-15,1492,1493,-1.74,0.94,3.0628,3.6870,6.5483,1
9.719,-45,-13,1488,1509,-1.74,0.94,3.0628,3.6870,6.5483,1
9.736,-45,-13,1491,1499,-1.74,0.94,3.0628,3.6870,6.5483,1
9.754,-45,-13,1491,1499,-1.74,0.94,3.0628,3.6870,6.5483,1
9.774,-45,-13,1491,1499,-1.74,0.94,3.0628,3.6870,6.5483,1
9.792,-45,-13,1491,1499,-1.74,0.94,3.0628,3.6870,6.5483,1
9.810,-44,-13,1494,1499,-1.74,0.94,3.0628,3.6870,6.5483,1
9.828,-43,-12,1494,1504,-1.74,0.94,3.0628,3.6870,6.5483,1
9.846,-42,-12,1495,1499,-1.74,0.94,3.0628,3.6870,6.5483,1
9.864,-40,-12,1498,1499,-1.74,0.94,3.0628,3.6870,6.5483,1
9.882,-38,-12,1498,1499,-0.87,0.54,3.0628,3.6870,6.5483,1
9.900,-36,-12,1499,1499,-0.87,0.54,3.0628,3.6870,6.5483,1
9.918,-35,-13,1496,1493,-0.87,0.54,3.0628,3.6870,6.5483,1
9.935,-33,-12,1499,1504,-0.87,0.54,3.2012,3.9101,7.8457,1
9.953,-28,-11,1508,1504,-0.87,0.54,3.2012,3.9101,7.8457,1
9.970,-25,-11,1503,1499,-0.87,0.54,3.2012,3.9101,7.8457,1
9.987,-23,-11,1500,1499,-0.87,0.54,3.2012,3.9101,7.8457,1
10.004,-23,-11,1496,1499,-0.87,0.54,3.2012,3.9101,7.8457,1
10.021,-18,-11,1510,1499,-0.87,0.54,3.2012,3.9101,7.8457,1
10.039,-15,-10,1505,1504,-0.87,0.54,3.2012,3.9101,7.8457,1
10.056,-13,-10,1502,1499,-0.87,0.54,3.2012,3.9101,7.8457,1
10.074,-11,-10,1503,1499,-0.87,0.54,3.2012,3.9101,7.8457,1
10.091,-8,-10,1506,1499,-0.87,0.54,3.2012,3.9101,7.8457,1
10.108,-7,-9,1501,1504,-0.87,0.54,3.2012,3.9101,7.8457,1
10.125,-6,-9,1501,1499,-0.30,0.56,3.2012,3.9101,7.8457,1
10.142,-4,-9,1504,1499,-0.30,0.56,3.2012,3.9101,7.8457,1
10.159,-3,-9,1502,1499,-0.30,0.56,3.2012,3.9101,7.8457,1
10.176,-1,-9,1505,1499,-0.30,0.56,3.2012,3.9101,7.8457,1
10.193,1,-9,1505,1499,-0.30,0.56,3.2805,3.8078,7.0139,1
10.214,3,-9,1505,1499,-0.30,0.56,3.2805,3.8078,7.0139,1
10.231,5,-8,1506,1504,-0.30,0.56,3.2805,3.8078,7.0139,1
10.249,6,-8,1503,1499,-0.30,0.56,3.2805,3.8078,7.0139,1
10.268,9,-8,1509,1499,-0.30,0.56,3.2805,3.8078,7.0139,1
10.285,10,-7,1504,1504,-0.30,0.56,3.2805,3.8078,7.0139,1
10.302,12,-7,1508,1499,-0.30,0.56,3.2805,3.8078,7.0139,1
10.320,13,-8,1505,1494,-0.30,0.56,3.2805,3.8078,7.0139,1
10.337,14,-7,1505,1504,-0.30,0.56,3.2805,3.8078,7.0139,1
10.354,15,-7,1505,1499,-0.30,0.56,3.2805,3.8078,7.0139,1
10.371,15,-7,1502,1499,-0.30,0.70,3.2805,3.8078,7.0139,1
10.388,16,-7,1505,1499,-0.30,0.70,3.2805,3.8078,7.0139,1
10.406,18,-6,1509,1504,-0.30,0.70,3.2805,3.8078,7.0139,1
10.423,19,-6,1506,1500,-0.30,0.70,3.2805,3.8078,7.0139,1
10.440,20,-6,1506,1500,-0.30,0.70,3.2570,3.9955,6.8715,1
10.457,21,-6,1506,1500,-0.30,0.70,3.2570,3.9955,6.8715,1
10.477,22,-5,1506,1504,-0.30,0.70,3.2570,3.9955,6.8715,1
10.494,23,-5,1507,1500,-0.30,0.70,3.2570,3.9955,6.8715,1
10.512,23,-6,1504,1494,-0.30,0.70,3.2570,3.9955,6.8715,1
10.529,24,-5,1507,1505,-0.30,0.70,3.2570,3.9955,6.8715,1
10.547,25,-5,1507,1500,-0.30,0.70,3.2570,3.9955,6.8715,1
10.565,26,-4,1507,1505,-0.30,0.70,3.2570,3.9955,6.8715,1
10.583,26,-4,1505,1500,-0.30,0.70,3.2570,3.9955,6.8715,1
10.600,26,-4,1505,1500,-0.30,0.70,3.2570,3.9955,6.8715,1
10.618,26,-4,1505,1500,-0.30,0.70,3.2570,3.9955,6.8715,1
10.636,26,-4,1505,1500,-0.44,1.01,3.2570,3.9955,6.8715,1
10.654,26,-4,1505,1500,-0.44,1.01,3.2570,3.9955,6.8715,1
10.673,26,-4,1505,1500,-0.44,1.01,3.2570,3.9955,6.8715,1
10.690,26,-4,1505,1500,-0.44,1.01,3.1128,3.6197,7.6774,1
10.707,26,-3,1505,1505,-0.44,1.01,3.1128,3.6197,7.6774,1
10.725,26,-3,1505,1500,-0.44,1.01,3.1128,3.6197,7.6774,1
10.742,25,-3,1502,1500,-0.44,1.01,3.1128,3.6197,7.6774,1
10.760,25,-3,1504,1500,-0.44,1.01,3.1128,3.6197,7.6774,1
10.777,24,-3,1501,1500,-0.44,1.01,3.1128,3.6197,7.6774,1
10.794,24,-3,1504,1500,-0.44,1.01,3.1128,3.6197,7.6774,1
10.811,24,-2,1504,1505,-0.44,1.01,3.1128,3.6197,7.6774,1
10.829,23,-2,1501,1500,-0.44,1.01,3.1128,3.6197,7.6774,1
10.846,23,-2,1504,1500,-0.44,1.01,3.1128,3.6197,7.6774,1
10.864,21,-1,1501,1500,-0.44,1.01,3.1128,3.6197,7.6774,1
10.882,21,-1,1501,1505,-1.04,1.34,3.1128,3.6197,7.6774,1
10.900,20,-1,1501,1500,-1.04,1.34,3.1128,3.6197,7.6774,1
10.917,18,-1,1498,1500,-1.04,1.34,3.1128,3.6197,7.6774,1
10.934,17,-2,1500,1494,-1.04,1.34,3.1606,3.6936,7.2500,1
10.951,15,-1,1498,1505,-1.04,1.34,3.1606,3.6936,7.2500,1
10.969,14,-1,1500,1500,-1.04,1.34,3.1606,3.6936,7.2500,1
10.987,13,0,1500,1505,-1.04,1.34,3.1606,3.6936,7.2500,1
11.005,11,-1,1500,1494,-1.04,1.34,3.1606,3.6936,7.2500,1
11.023,10,0,1497,1505,-1.04,1.34,3.1606,3.6936,7.2500,1
11.040,9,0,1499,1500,-1.04,1.34,3.1606,3.6936,7.2500,1
11.057,9,0,1501,1500,-1.04,1.34,3.1606,3.6936,7.2500,1
11.075,9,0,1501,1500,-1.04,1.34,3.1606,3.6936,7.2500,1
11.092,9,0,1501,1500,-1.04,1.34,3.1606,3.6936,7.2500,1
11.109,9,0,1501,1500,-1.04,1.34,3.1606,3.6936,7.2500,1
11.127,9,0,1501,1500,-1.36,1.54,3.1606,3.6936,7.2500,1
11.145,9,0,1501,1500,-1.36,1.54,3.1606,3.6936,7.2500,1
11.162,9,0,1501,1500,-1.36,1.54,3.1606,3.6936,7.2500,1
11.181,10,1,1504,1505,-1.36,1.54,3.1606,3.6936,7.2500,1
11.199,10,1,1501,1500,-1.36,1.54,2.7821,4.0993,6.4871,1
11.217,10,0,1501,1495,-1.36,1.54,2.7821,4.0993,6.4871,1
11.235,10,1,1501,1505,-1.36,1.54,2.7821,4.0993,6.4871,1
11.252,10,1,1501,1500,-1.36,1.54,2.7821,4.0993,6.4871,1
11.269,10,1,1501,1500,-1.36,1.54,2.7821,4.0993,6.4871,1
11.286,10,0,1501,1494,-1.36,1.54,2.7821,4.0993,6.4871,1
11.305,10,0,1501,1500,-1.36,1.54,2.7821,4.0993,6.4871,1
11.322,10,1,1501,1505,-1.36,1.54,2.7821,4.0993,6.4871,1
11.340,10,1,1501,1500,-1.36,1.54,2.7821,4.0993,6.4871,1
11.358,11,0,1504,1495,-1.36,1.54,2.7821,4.0993,6.4871,1
11.375,11,0,1502,1500,-1.11,1.46,2.7821,4.0993,6.4871,1
11.394,12,-1,1504,1495,-1.11,1.46,2.7821,4.0993,6.4871,1
11.413,13,0,1505,1504,-1.11,1.46,2.7821,4.0993,6.4871,1
11.431,15,0,1508,1500,-1.11,1.46,2.8900,3.7539,6.8874,1
11.450,16,0,1505,1500,-1.11,1.46,2.8900,3.7539,6.8874,1
11.467,17,-1,1506,1494,-1.11,1.46,2.8900,3.7539,6.8874,1
11.484,19,-1,1509,1500,-1.11,1.46,2.8900,3.7539,6.8874,1
11.501,23,0,1516,1505,-1.11,1.46,2.8900,3.7539,6.8874,1
11.519,25,-1,1510,1495,-1.11,1.46,2.8900,3.7539,6.8874,1
11.536,27,-1,1511,1500,-1.11,1.46,2.8900,3.7539,6.8874,1
11.553,28,-1,1508,1500,-1.11,1.46,2.8900,3.7539,6.8874,1
11.570,30,-1,1511,1500,-1.11,1.46,2.8900,3.7539,6.8874,1
11.588,32,-1,1512,1500,-1.11,1.46,2.8900,3.7539,6.8874,1
11.605,35,-2,1515,1494,-1.11,1.46,2.8900,3.7539,6.8874,1
11.622,37,-1,1513,1505,-1.14,1.39,2.8900,3.7539,6.8874,1
11.640,38,-2,1510,1494,-1.14,1.39,2.8900,3.7539,6.8874,1
11.658,40,-2,1513,1500,-1.14,1.39,2.8900,3.7539,6.8874,1
11.678,41,-2,1510,1500,-1.14,1.39,2.8900,3.7539,6.8874,1
11.695,43,-2,1514,1500,-1.14,1.39,2.7608,3.6420,7.1107,1
11.713,44,-2,1511,1500,-1.14,1.39,2.7608,3.6420,7.1107,1
11.730,47,-3,1517,1494,-1.14,1.39,2.7608,3.6420,7.1107,1
11.748,47,-3,1509,1500,-1.14,1.39,2.7608,3.6420,7.1107,1
11.765,49,-4,1515,1494,-1.14,1.39,2.7608,3.6420,7.1107,1
11.784,50,-3,1512,1504,-1.14,1.39,2.7608,3.6420,7.1107,1
11.801,51,-4,1513,1494,-1.14,1.39,2.7608,3.6420,7.1107,1
11.818,52,-4,1513,1500,-1.14,1.39,2.7608,3.6420,7.1107,1
11.835,53,-5,1513,1494,-1.14,1.39,2.7608,3.6420,7.1107,1
11.853,54,-6,1513,1494,-1.14,1.39,2.7608,3.6420,7.1107,1
11.871,55,-6,1514,1500,-0.86,1.13,2.7608,3.6420,7.1107,1
11.888,56,-6,1514,1500,-0.86,1.13,2.7608,3.6420,7.1107,1
11.907,57,-6,1514,1500,-0.86,1.13,2.7608,3.6420,7.1107,1
11.924,57,-7,1511,1494,-0.86,1.13,2.7608,3.6420,7.1107,1
11.942,57,-8,1511,1494,-0.86,1.13,2.8095,4.2999,7.2398,1
11.959,57,-8,1511,1499,-0.86,1.13,2.8095,4.2999,7.2398,1
11.977,57,-8,1511,1499,-0.86,1.13,2.8095,4.2999,7.2398,1
11.995,57,-8,1511,1499,-0.86,1.13,2.8095,4.2999,7.2398,1
12.014,57,-8,1511,1499,-0.86,1.13,2.8095,4.2999,7.2398,1
12.031,57,-9,1511,1499,-0.86,1.13,2.8095,4.2999,7.2398,1
12.049,56,-9,1508,1494,-0.86,1.13,2.8095,4.2999,7.2398,1
12.066,56,-9,1511,1499,-0.86,1.13,2.8095,4.2999,7.2398,1
12.083,56,-9,1511,1499,-0.86,1.13,2.8095,4.2999,7.2398,1
12.101,54,-9,1505,1499,-0.86,1.13,2.8095,4.2999,7.2398,1
12.118,53,-10,1507,1493,-0.86,1.13,2.8095,4.2999,7.2398,1
12.136,51,-10,1504,1499,-0.88,0.89,2.8095,4.2999,7.2398,1
12.154,49,-11,1504,1494,-0.88,0.89,2.8095,4.2999,7.2398,1
12.174,47,-10,1504,1503,-0.88,0.89,2.8095,4.2999,7.2398,1
12.191,45,-10,1503,1499,-0.88,0.89,2.8240,4.1278,7.4498,1
12.208,41,-11,1497,1493,-0.88,0.89,2.8240,4.1278,7.4498,1
12.226,39,-11,1502,1499,-0.88,0.89,2.8240,4.1278,7.4498,1
12.243,37,-11,1501,1499,-0.88,0.89,2.8240,4.1278,7.4498,1
12.260,35,-11,1501,1499,-0.88,0.89,2.8240,4.1278,7.4498,1
12.278,34,-12,1504,1493,-0.88,0.89,2.8240,4.1278,7.4498,1
12.297,34,-11,1507,1503,-0.88,0.89,2.8240,4.1278,7.4498,1
12.314,34,-12,1507,1493,-0.88,0.89,2.8240,4.1278,7.4498,1
12.333,34,-12,1507,1499,-0.88,0.89,2.8240,4.1278,7.4498,1
12.350,34,-12,1507,1499,-0.88,0.89,2.8240,4.1278,7.4498,1
12.368,34,-12,1507,1499,-0.66,0.18,2.8240,4.1278,7.4498,1
12.385,34,-12,1507,1499,-0.66,0.18,2.8240,4.1278,7.4498,1
12.402,34,-12,1507,1499,-0.66,0.18,2.8240,4.1278,7.4498,1
12.420,35,-12,1510,1499,-0.66,0.18,2.8240,4.1278,7.4498,1
12.437,35,-12,1507,1499,-0.66,0.18,2.9759,3.5699,7.1521,1
12.454,35,-13,1507,1493,-0.66,0.18,2.9759,3.5699,7.1521,1
12.471,35,-13,1507,1499,-0.66,0.18,2.9759,3.5699,7.1521,1
12.489,34,-13,1504,1499,-0.66,0.18,2.9759,3.5699,7.1521,1
12.507,34,-13,1507,1499,-0.66,0.18,2.9759,3.5699,7.1521,1
12.526,33,-13,1504,1499,-0.66,0.18,2.9759,3.5699,7.1521,1
12.543,32,-13,1503,1499,-0.66,0.18,2.9759,3.5699,7.1521,1
12.560,30,-14,1500,1493,-0.66,0.18,2.9759,3.5699,7.1521,1
12.579,28,-14,1500,1499,-0.66,0.18,2.9759,3.5699,7.1521,1
12.597,27,-14,1502,1499,-0.66,0.18,2.9759,3.5699,7.1521,1
12.614,26,-14,1502,1499,-0.66,0.18,2.9759,3.5699,7.1521,1
12.633,25,-14,1502,1499,-0.71,-0.17,2.9759,3.5699,7.1521,1
12.650,25,-14,1505,1499,-0.71,-0.17,2.9759,3.5699,7.1521,1
12.668,25,-15,1505,1493,-0.71,-0.17,2.9759,3.5699,7.1521,1
12.685,25,-14,1505,1504,-0.71,-0.17,2.8444,3.8038,6.9353,1
12.703,25,-14,1505,1499,-0.71,-0.17,2.8444,3.8038,6.9353,1
12.721,25,-15,1505,1493,-0.71,-0.17,2.8444,3.8038,6.9353,1
12.738,24,-15,1502,1499,-0.71,-0.17,2.8444,3.8038,6.9353,1
12.755,24,-15,1505,1499,-0.71,-0.17,2.8444,3.8038,6.9353,1
12.773,24,-15,1505,1499,-0.71,-0.17,2.8444,3.8038,6.9353,1
12.791,24,-15,1505,1499,-0.71,-0.17,2.8444,3.8038,6.9353,1
12.812,24,-16,1505,1493,-0.71,-0.17,2.8444,3.8038,6.9353,1
12.829,24,-16,1505,1499,-0.71,-0.17,2.8444,3.8038,6.9353,1
12.847,25,-16,1508,1499,-0.71,-0.17,2.8444,3.8038,6.9353,1
12.865,25,-16,1505,1499,-0.71,-0.17,2.8444,3.8038,6.9353,1
12.883,26,-16,1508,1499,-0.63,0.01,2.8444,3.8038,6.9353,1
12.903,26,-16,1505,1499,-0.63,0.01,2.8444,3.8038,6.9353,1
12.921,27,-17,1508,1493,-0.63,0.01,2.8444,3.8038,6.9353,1
12.939,28,-17,1508,1498,-0.63,0.01,3.1960,3.5888,6.3776,1
12.957,28,-17,1505,1498,-0.63,0.01,3.1960,3.5888,6.3776,1
12.974,29,-17,1509,1498,-0.63,0.01,3.1960,3.5888,6.3776,1
12.994,29,-17,1506,1498,-0.63,0.01,3.1960,3.5888,6.3776,1
13.011,30,-17,1509,1498,-0.63,0.01,3.1960,3.5888,6.3776,1
13.029,30,-17,1506,1498,-0.63,0.01,3.1960,3.5888,6.3776,1
13.046,32,-17,1512,1498,-0.63,0.01,3.1960,3.5888,6.3776,1
13.064,32,-18,1506,1498,-0.63,0.01,3.1960,3.5888,6.3776,1
13.082,33,-18,1509,1493,-0.63,0.01,3.1960,3.5888,6.3776,1
13.099,33,-18,1506,1498,-0.63,0.01,3.1960,3.5888,6.3776,1
13.117,34,-18,1509,1498,-0.61,-0.04,3.1960,3.5888,6.3776,1
13.135,34,-18,1507,1498,-0.61,-0.04,3.1960,3.5888,6.3776,1
13.152,34,-18,1507,1498,-0.61,-0.04,3.1960,3.5888,6.3776,1
13.169,34,-19,1507,1493,-0.61,-0.04,3.1960,3.5888,6.3776,1
13.186,35,-18,1510,1503,-0.61,-0.04,2.8221,3.7961,6.7154,1
13.204,36,-19,1510,1493,-0.61,-0.04,2.8221,3.7961,6.7154,1
13.222,35,-18,1504,1503,-0.61,-0.04,2.8221,3.7961,6.7154,1
13.240,34,-18,1504,1498,-0.61,-0.04,2.8221,3.7961,6.7154,1
13.257,34,-18,1507,1498,-0.61,-0.04,2.8221,3.7961,6.7154,1
13.279,33,-19,1504,1493,-0.61,-0.04,2.8221,3.7961,6.7154,1
13.297,31,-19,1501,1498,-0.61,-0.04,2.8221,3.7961,6.7154,1
13.316,29,-19,1500,1498,-0.61,-0.04,2.8221,3.7961,6.7154,1
13.334,28,-19,1503,1498,-0.61,-0.04,2.8221,3.7961,6.7154,1
13.351,27,-19,1502,1498,-0.61,-0.04,2.8221,3.7961,6.7154,1
13.368,26,-19,1502,1498,-0.35,-0.23,2.8221,3.7961,6.7154,1
13.386,24,-19,1500,1498,-0.35,-0.23,2.8221,3.7961,6.7154,1
13.403,23,-19,1502,1498,-0.35,-0.23,2.8221,3.7961,6.7154,1
13.422,21,-19,1500,1498,-0.35,-0.23,2.8221,3.7961,6.7154,1
13.440,20,-19,1501,1498,-0.35,-0.23,2.5806,3.7357,6.7349,1
13.457,20,-19,1504,1498,-0.35,-0.23,2.5806,3.7357,6.7349,1
13.474,19,-19,1501,1498,-0.35,-0.23,2.5806,3.7357,6.7349,1
13.491,18,-19,1501,1498,-0.35,-0.23,2.5806,3.7357,6.7349,1
13.509,17,-19,1500,1498,-0.35,-0.23,2.5806,3.7357,6.7349,1
13.526,16,-19,1500,1498,-0.35,-0.23,2.5806,3.7357,6.7349,1
13.543,15,-19,1500,1498,-0.35,-0.23,2.5806,3.7357,6.7349,1
13.560,14,-19,1500,1498,-0.35,-0.23,2.5806,3.7357,6.7349,1
13.578,12,-19,1497,1498,-0.35,-0.23,2.5806,3.7357,6.7349,1
13.595,10,-19,1497,1498,-0.35,-0.23,2.5806,3.7357,6.7349,1
13.612,9,-19,1500,1498,-0.35,-0.23,2.5806,3.7357,6.7349,1
13.629,7,-19,1496,1498,-0.41,-0.03,2.5806,3.7357,6.7349,1
13.647,6,-19,1499,1498,-0.41,-0.03,2.5806,3.7357,6.7349,1
13.664,4,-19,1496,1498,-0.41,-0.03,2.5806,3.7357,6.7349,1
13.681,2,-19,1495,1498,-0.41,-0.03,2.9869,4.1077,7.2993,1
13.698,0,-20,1495,1492,-0.41,-0.03,2.9869,4.1077,7.2993,1
13.716,-2,-19,1495,1503,-0.41,-0.03,2.9869,4.1077,7.2993,1
13.737,-4,-20,1495,1494,-0.41,-0.03,2.9869,4.1077,7.2993,1
13.755,-6,-19,1494,1503,-0.41,-0.03,2.9869,4.1077,7.2993,1
13.772,-8,-19,1493,1498,-0.41,-0.03,2.9869,4.1077,7.2993,1
13.790,-11,-19,1490,1498,-0.41,-0.03,2.9869,4.1077,7.2993,1
13.808,-13,-20,1493,1493,-0.41,-0.03,2.9869,4.1077,7.2993,1
13.826,-16,-19,1489,1503,-0.41,-0.03,2.9869,4.1077,7.2993,1
13.844,-19,-19,1489,1498,-0.41,-0.03,2.9869,4.1077,7.2993,1
13.861,-22,-20,1488,1493,-0.41,-0.03,2.9869,4.1077,7.2993,1
13.879,-25,-19,1487,1503,-0.62,0.17,2.9869,4.1077,7.2993,1
13.899,-28,-19,1488,1498,-0.62,0.17,2.9869,4.1077,7.2993,1
13.916,-31,-19,1486,1498,-0.62,0.17,2.9869,4.1077,7.2993,1
13.934,-35,-19,1482,1498,-0.62,0.17,3.2091,3.8871,6.5322,1
13.952,-42,-19,1474,1498,-0.62,0.17,3.2091,3.8871,6.5322,1
13.970,-45,-19,1483,1498,-0.62,0.17,3.2091,3.8871,6.5322,1
13.987,-48,-19,1482,1498,-0.62,0.17,3.2091,3.8871,6.5322,1
14.005,-51,-20,1482,1493,-0.62,0.17,3.2091,3.8871,6.5322,1
14.022,-54,-20,1481,1498,-0.62,0.17,3.2091,3.8871,6.5322,1
14.039,-57,-20,1481,1498,-0.62,0.17,3.2091,3.8871,6.5322,1
14.057,-60,-19,1480,1503,-0.62,0.17,3.2091,3.8871,6.5322,1
14.074,-62,-19,1483,1498,-0.62,0.17,3.2091,3.8871,6.5322,0
14.093,-65,-19,1479,1499,-0.62,0.17,3.2091,3.8871,6.5322,0
14.112,-68,-20,1478,1493,-0.62,0.17,3.2091,3.8871,6.5322,0
14.129,-71,-20,1478,1498,-1.42,0.20,3.2091,3.8871,6.5322,0
14.146,-74,-19,1477,1503,-1.42,0.20,3.2091,3.8871,6.5322,0
14.163,-77,-20,1476,1493,-1.42,0.20,3.2091,3.8871,6.5322,0
14.181,-80,-20,1476,1498,-1.42,0.20,3.2491,3.7253,7.7894,0
14.198,-82,-21,1478,1493,-1.42,0.20,3.2491,3.7253,7.7894,0
14.216,-85,-21,1475,1498,-1.42,0.20,3.2491,3.7253,7.7894,0
14.236,-90,-20,1469,1503,-1.42,0.20,3.2491,3.7253,7.7894,0
14.253,-92,-19,1477,1503,-1.42,0.20,3.2491,3.7253,7.7894,0
14.270,-94,-19,1476,1499,-1.42,0.20,3.2491,3.7253,7.7894,0
14.288,-96,-19,1475,1499,-1.42,0.20,3.2491,3.7253,7.7894,0
14.307,-98,-19,1476,1499,-1.42,0.20,3.2491,3.7253,7.7894,0
14.325,-99,-19,1478,1499,-1.42,0.20,3.2491,3.7253,7.7894,0
14.343,-100,-19,1477,1499,-1.42,0.20,3.2491,3.7253,7.7894,0
14.360,-102,-19,1474,1499,-1.42,0.20,3.2491,3.7253,7.7894,0
14.377,-103,-19,1477,1499,-1.94,-0.07,3.2491,3.7253,7.7894,0
14.395,-104,-19,1477,1499,-1.94,-0.07,3.2491,3.7253,7.7894,0
14.412,-105,-19,1476,1499,-1.94,-0.07,3.2491,3.7253,7.7894,0
14.438,-107,-19,1474,1499,-1.94,-0.07,3.4965,4.2240,7.4817,0
14.455,-108,-19,1476,1499,-1.94,-0.07,3.4965,4.2240,7.4817,0
14.472,-109,-19,1476,1499,-1.94,-0.07,3.4965,4.2240,7.4817,0
14.490,-110,-19,1475,1499,-1.94,-0.07,3.4965,4.2240,7.4817,0
14.508,-111,-19,1475,1499,-1.94,-0.07,3.4965,4.2240,7.4817,0
14.525,-111,-19,1478,1499,-1.94,-0.07,3.4965,4.2240,7.4817,0
14.544,-112,-19,1475,1499,-1.94,-0.07,3.4965,4.2240,7.4817,0
14.562,-113,-19,1475,1499,-1.94,-0.07,3.4965,4.2240,7.4817,0
14.580,-114,-19,1475,1499,-1.94,-0.07,3.4965,4.2240,7.4817,0
14.598,-114,-19,1477,1498,-1.94,-0.07,3.4965,4.2240,7.4817,0
14.615,-114,-19,1477,1498,-2.14,-0.00,3.4965,4.2240,7.4817,0
14.632,-114,-19,1477,1498,-2.14,-0.00,3.4965,4.2240,7.4817,0
14.650,-115,-19,1474,1498,-2.14,-0.00,3.4965,4.2240,7.4817,0
14.668,-114,-19,1480,1498,-2.14,-0.00,3.4965,4.2240,7.4817,0
14.685,-113,-20,1480,1493,-2.14,-0.00,3.3158,3.9235,8.3998,0
14.703,-113,-19,1478,1503,-2.14,-0.00,3.3158,3.9235,8.3998,0
14.721,-112,-19,1481,1498,-2.14,-0.00,3.3158,3.9235,8.3998,0
14.739,-111,-19,1481,1498,-2.14,-0.00,3.3158,3.9235,8.3998,0
14.757,-110,-18,1481,1503,-2.14,-0.00,3.3158,3.9235,8.3998,0
14.775,-108,-18,1484,1499,-2.14,-0.00,3.3158,3.9235,8.3998,0
14.792,-107,-18,1482,1499,-2.14,-0.00,3.3158,3.9235,8.3998,0
14.810,-105,-18,1485,1499,-2.14,-0.00,3.3158,3.9235,8.3998,0
14.827,-104,-18,1482,1499,-2.14,-0.00,3.3158,3.9235,8.3998,0
14.844,-102,-18,1486,1499,-2.14,-0.00,3.3158,3.9235,8.3998,0
14.862,-99,-18,1486,1499,-2.11,0.01,3.3158,3.9235,8.3998,0
14.881,-99,-18,1483,1499,-2.11,0.01,3.3158,3.9235,8.3998,0
14.899,-95,-18,1492,1499,-2.11,0.01,3.3158,3.9235,8.3998,0
14.918,-93,-18,1487,1499,-2.11,0.01,3.3158,3.9235,8.3998,0
14.936,-91,-18,1487,1499,-2.11,0.01,3.2257,4.0676,7.4087,0
14.953,-88,-18,1491,1499,-2.11,0.01,3.2257,4.0676,7.4087,0
14.971,-86,-17,1489,1503,-2.11,0.01,3.2257,4.0676,7.4087,0
14.988,-84,-18,1489,1493,-2.11,0.01,3.2257,4.0676,7.4087,0
15.006,-82,-18,1489,1499,-2.11,0.01,3.2257,4.0676,7.4087,0
15.025,-80,-18,1490,1499,-2.11,0.01,3.2257,4.0676,7.4087,0
15.044,-78,-18,1490,1499,-2.11,0.01,3.2257,4.0676,7.4087,0
15.062,-74,-17,1496,1503,-2.11,0.01,3.2257,4.0676,7.4087,0
15.079,-74,-17,1485,1499,-2.11,0.01,3.2257,4.0676,7.4087,0
15.097,-71,-17,1494,1499,-2.11,0.01,3.2257,4.0676,7.4087,0
15.115,-70,-17,1489,1499,-1.65,0.45,3.2257,4.0676,7.4087,0
15.133,-69,-17,1489,1499,-1.65,0.45,3.2257,4.0676,7.4087,0
15.150,-69,-17,1486,1499,-1.65,0.45,3.2257,4.0676,7.4087,0
15.167,-67,-17,1493,1499,-1.65,0.45,3.2257,4.0676,7.4087,0
15.184,-66,-17,1490,1499,-1.65,0.45,2.9192,3.6039,7.0594,0
15.202,-64,-17,1493,1499,-1.65,0.45,2.9192,3.6039,7.0594,0
15.220,-63,-17,1490,1499,-1.65,0.45,2.9192,3.6039,7.0594,0
15.237,-63,-17,1488,1499,-1.65,0.45,2.9192,3.6039,7.0594,0
15.255,-62,-17,1491,1499,-1.65,0.45,2.9192,3.6039,7.0594,0
15.272,-62,-17,1488,1499,-1.65,0.45,2.9192,3.6039,7.0594,0
15.289,-61,-17,1491,1499,-1.65,0.45,2.9192,3.6039,7.0594,0
15.307,-60,-17,1491,1499,-1.65,0.45,2.9192,3.6039,7.0594,1
15.326,-59,-17,1491,1499,-1.65,0.45,2.9192,3.6039,7.0594,1
15.343,-59,-17,1488,1499,-1.65,0.45,2.9192,3.6039,7.0594,1
15.362,-58,-16,1491,1503,-1.14,0.40,2.9192,3.6039,7.0594,1
15.381,-58,-16,1489,1499,-1.14,0.40,2.9192,3.6039,7.0594,1
15.399,-58,-16,1489,1499,-1.14,0.40,2.9192,3.6039,7.0594,1
15.417,-58,-15,1489,1503,-1.14,0.40,2.9192,3.6039,7.0594,1
15.435,-58,-15,1489,1499,-1.14,0.40,2.9936,3.9469,6.1928,1
15.453,-58,-16,1489,1493,-1.14,0.40,2.9936,3.9469,6.1928,1
15.470,-58,-16,1489,1499,-1.14,0.40,2.9936,3.9469,6.1928,1
15.488,-58,-16,1489,1499,-1.14,0.40,2.9936,3.9469,6.1928,1
15.505,-58,-16,1489,1499,-1.14,0.40,2.9936,3.9469,6.1928,1
15.522,-58,-16,1489,1499,-1.14,0.40,2.9936,3.9469,6.1928,1
15.540,-58,-15,1489,1504,-1.14,0.40,2.9936,3.9469,6.1928,1
15.557,-58,-15,1489,1499,-1.14,0.40,2.9936,3.9469,6.1928,1
15.575,-57,-15,1492,1499,-1.14,0.40,2.9936,3.9469,6.1928,1
15.592,-57,-14,1489,1504,-1.14,0.40,2.9936,3.9469,6.1928,1
15.610,-57,-14,1489,1499,-1.14,0.40,2.9936,3.9469,6.1928,1
15.627,-56,-14,1492,1499,-0.73,0.38,2.9936,3.9469,6.1928,1
15.644,-55,-14,1492,1499,-0.73,0.38,2.9936,3.9469,6.1928,1
15.661,-54,-14,1492,1499,-0.73,0.38,2.9936,3.9469,6.1928,1
15.679,-53,-14,1493,1499,-0.73,0.38,3.0756,4.5543,6.0639,1
15.696,-52,-13,1493,1504,-0.73,0.38,3.0756,4.5543,6.0639,1
15.714,-51,-13,1493,1499,-0.73,0.38,3.0756,4.5543,6.0639,1
15.732,-49,-13,1496,1499,-0.73,0.38,3.0756,4.5543,6.0639,1
15.749,-49,-13,1490,1499,-0.73,0.38,3.0756,4.5543,6.0639,1
15.766,-48,-13,1493,1499,-0.73,0.38,3.0756,4.5543,6.0639,1
15.783,-47,-13,1494,1499,-0.73,0.38,3.0756,4.5543,6.0639,1
15.801,-45,-13,1497,1499,-0.73,0.38,3.0756,4.5543,6.0639,1
15.819,-45,-13,1491,1499,-0.73,0.38,3.0756,4.5543,6.0639,1
15.836,-44,-13,1494,1499,-0.73,0.38,3.0756,4.5543,6.0639,1
15.854,-43,-13,1494,1499,-0.73,0.38,3.0756,4.5543,6.0639,1
15.871,-41,-12,1498,1504,-0.76,0.60,3.0756,4.5543,6.0639,1
15.890,-40,-12,1495,1499,-0.76,0.60,3.0756,4.5543,6.0639,1
15.908,-38,-12,1498,1499,-0.76,0.60,3.0756,4.5543,6.0639,1
15.926,-36,-12,1499,1499,-0.76,0.60,3.4722,4.5604,5.6734,1
15.943,-34,-11,1499,1504,-0.76,0.60,3.4722,4.5604,5.6734,1
15.961,-32,-11,1499,1499,-0.76,0.60,3.4722,4.5604,5.6734,1
15.978,-30,-11,1500,1499,-0.76,0.60,3.4722,4.5604,5.6734,1
15.996,-24,-11,1511,1499,-0.76,0.60,3.4722,4.5604,5.6734,1
16.013,-22,-11,1500,1499,-0.76,0.60,3.4722,4.5604,5.6734,1
16.030,-19,-11,1504,1499,-0.76,0.60,3.4722,4.5604,5.6734,1
16.048,-16,-11,1505,1499,-0.76,0.60,3.4722,4.5604,5.6734,1
16.065,-13,-10,1505,1504,-0.76,0.60,3.4722,4.5604,5.6734,1
16.084,-10,-10,1505,1499,-0.76,0.60,3.4722,4.5604,5.6734,1
16.101,-7,-10,1506,1499,-0.76,0.60,3.4722,4.5604,5.6734,1
16.119,-4,-10,1507,1499,-0.90,0.73,3.4722,4.5604,5.6734,1
16.137,-1,-10,1508,1499,-0.90,0.73,3.4722,4.5604,5.6734,1
16.156,3,-10,1510,1499,-0.90,0.73,3.4722,4.5604,5.6734,1
16.175,6,-10,1508,1499,-0.90,0.73,2.9972,4.8904,4.8085,1
16.192,11,-10,1516,1499,-0.90,0.73,2.9972,4.8904,4.8085,1
16.211,15,-10,1513,1499,-0.90,0.73,2.9972,4.8904,4.8085,1
16.229,19,-10,1514,1499,-0.90,0.73,2.9972,4.8904,4.8085,1
16.247,28,-9,1531,1504,-0.90,0.73,2.9972,4.8904,4.8085,1
16.264,33,-9,1520,1499,-0.90,0.73,2.9972,4.8904,4.8085,1
16.281,37,-8,1518,1504,-0.90,0.73,2.9972,4.8904,4.8085,1
16.298,42,-8,1522,1499,-0.90,0.73,2.9972,4.8904,4.8085,1
16.316,47,-8,1523,1499,-0.90,0.73,2.9972,4.8904,4.8085,1
16.333,52,-8,1524,1499,-0.90,0.73,2.9972,4.8904,4.8085,1
16.350,57,-8,1525,1499,-0.90,0.73,2.9972,4.8904,4.8085,1
16.367,62,-8,1526,1499,-0.66,1.13,2.9972,4.8904,4.8085,0
16.388,67,-8,1525,1500,-0.66,1.13,2.9972,4.8904,4.8085,0
16.406,67,-8,1513,1500,-0.66,1.13,2.9972,4.8904,4.8085,0
16.424,71,-7,1525,1504,-0.66,1.13,2.9603,4.0847,5.0563,0
16.442,81,-8,1544,1494,-0.66,1.13,2.9603,4.0847,5.0563,0
16.459,85,-7,1528,1504,-0.66,1.13,2.9603,4.0847,5.0563,0
16.477,95,-7,1547,1500,-0.66,1.13,2.9603,4.0847,5.0563,0
16.494,100,-6,1534,1504,-0.66,1.13,2.9603,4.0847,5.0563,0
16.512,104,-7,1532,1494,-0.66,1.13,2.9603,4.0847,5.0563,0
16.529,108,-6,1533,1505,-0.66,1.13,2.9603,4.0847,5.0563,0
16.547,112,-6,1533,1500,-0.66,1.13,2.9603,4.0847,5.0563,0
16.565,116,-6,1534,1500,-0.66,1.13,2.9603,4.0847,5.0563,0
16.582,119,-6,1532,1500,-0.66,1.13,2.9603,4.0847,5.0563,0
16.599,123,-6,1536,1500,-0.66,1.13,2.9603,4.0847,5.0563,0
16.616,126,-6,1534,1500,0.41,1.34,2.9603,4.0847,5.0563,0
16.634,129,-6,1534,1500,0.41,1.34,2.9603,4.0847,5.0563,0
16.654,132,-6,1534,1500,0.41,1.34,2.9603,4.0847,5.0563,0
16.672,135,-6,1535,1500,0.41,1.34,2.6673,3.5171,6.6312,0
16.690,138,-6,1536,1500,0.41,1.34,2.6673,3.5171,6.6312,0
16.708,140,-6,1533,1500,0.41,1.34,2.6673,3.5171,6.6312,0
16.726,145,-6,1543,1500,0.41,1.34,2.6673,3.5171,6.6312,0
16.744,147,-6,1535,1500,0.41,1.34,2.6673,3.5171,6.6312,0
16.762,149,-6,1535,1500,0.41,1.34,2.6673,3.5171,6.6312,0
16.779,150,-6,1533,1500,0.41,1.34,2.6673,3.5171,6.6312,0
16.797,152,-6,1536,1500,0.41,1.34,2.6673,3.5171,6.6312,0
16.814,152,-6,1530,1500,0.41,1.34,2.6673,3.5171,6.6312,0
16.831,153,-6,1533,1500,0.41,1.34,2.6673,3.5171,6.6312,0
16.849,154,-6,1533,1500,0.41,1.34,2.6673,3.5171,6.6312,0
16.866,154,-6,1531,1500,0.67,0.88,2.6673,3.5171,6.6312,0
16.886,153,-6,1531,1500,0.67,0.88,2.6673,3.5171,6.6312,0
16.905,153,-6,1528,1500,0.67,0.88,2.6673,3.5171,6.6312,0
16.923,152,-6,1527,1500,0.67,0.88,2.8799,3.7117,6.3475,0
16.940,151,-6,1527,1500,0.67,0.88,2.8799,3.7117,6.3475,0
16.958,150,-7,1527,1494,0.67,0.88,2.8799,3.7117,6.3475,0
16.975,150,-6,1530,1505,0.67,0.88,2.8799,3.7117,6.3475,0
16.992,150,-6,1530,1500,0.67,0.88,2.8799,3.7117,6.3475,0
17.009,148,-7,1524,1494,0.67,0.88,2.8799,3.7117,6.3475,0
17.027,147,-7,1526,1500,0.67,0.88,2.8799,3.7117,6.3475,0
17.046,146,-7,1526,1500,0.67,0.88,2.8799,3.7117,6.3475,0
17.064,144,-7,1523,1500,0.67,0.88,2.8799,3.7117,6.3475,0
17.082,142,-7,1523,1500,0.67,0.88,2.8799,3.7117,6.3475,0
17.100,142,-7,1528,1500,0.67,0.88,2.8799,3.7117,6.3475,0
17.120,137,-8,1514,1494,0.16,0.49,2.8799,3.7117,6.3475,0
17.137,134,-7,1518,1504,0.16,0.49,2.8799,3.7117,6.3475,0
17.155,131,-8,1518,1494,0.16,0.49,2.8799,3.7117,6.3475,0
17.174,128,-9,1518,1494,0.16,0.49,3.4387,3.6701,7.5045,0
17.192,123,-10,1510,1494,0.16,0.49,3.4387,3.6701,7.5045,0
17.209,121,-10,1518,1499,0.16,0.49,3.4387,3.6701,7.5045,0
17.227,119,-10,1518,1499,0.16,0.49,3.4387,3.6701,7.5045,0
17.244,117,-11,1517,1494,0.16,0.49,3.4387,3.6701,7.5045,0
17.262,115,-11,1517,1499,0.16,0.49,3.4387,3.6701,7.5045,0
17.279,113,-11,1517,1499,0.16,0.49,3.4387,3.6701,7.5045,0
17.296,111,-11,1516,1499,0.16,0.49,3.4387,3.6701,7.5045,0
17.313,109,-11,1516,1499,0.16,0.49,3.4387,3.6701,7.5045,0
17.331,107,-11,1516,1499,0.16,0.49,3.4387,3.6701,7.5045,0
17.349,106,-10,1518,1504,0.16,0.49,3.4387,3.6701,7.5045,0
17.367,106,-10,1521,1499,-0.63,-0.04,3.4387,3.6701,7.5045,0
17.384,105,-9,1518,1504,-0.63,-0.04,3.4387,3.6701,7.5045,0
17.402,104,-9,1518,1500,-0.63,-0.04,3.4387,3.6701,7.5045,0
17.420,103,-10,1518,1494,-0.63,-0.04,3.4810,5.0756,9.2383,0
17.439,102,-10,1517,1499,-0.63,-0.04,3.4810,5.0756,9.2383,0
17.456,102,-11,1520,1494,-0.63,-0.04,3.4810,5.0756,9.2383,0
17.473,101,-11,1517,1499,-0.63,-0.04,3.4810,5.0756,9.2383,0
17.490,100,-11,1517,1499,-0.63,-0.04,3.4810,5.0756,9.2383,0
17.508,100,-11,1520,1499,-0.63,-0.04,3.4810,5.0756,9.2383,0
17.526,99,-10,1517,1504,-0.63,-0.04,3.4810,5.0756,9.2383,0
17.543,99,-10,1520,1499,-0.63,-0.04,3.4810,5.0756,9.2383,0
17.560,100,-10,1523,1499,-0.63,-0.04,3.4810,5.0756,9.2383,0
17.577,100,-10,1520,1499,-0.63,-0.04,3.4810,5.0756,9.2383,0
17.595,100,-10,1520,1499,-0.63,-0.04,3.4810,5.0756,9.2383,0
17.612,100,-10,1520,1499,-0.40,-0.12,3.4810,5.0756,9.2383,0
17.630,101,-10,1523,1499,-0.40,-0.12,3.4810,5.0756,9.2383,0
17.648,101,-11,1520,1494,-0.40,-0.12,3.4810,5.0756,9.2383,0
17.665,102,-11,1523,1499,-0.40,-0.12,3.4810,5.0756,9.2383,0
17.684,101,-11,1517,1499,-0.40,-0.12,3.2538,5.0838,6.8879,0
17.702,102,-11,1523,1499,-0.40,-0.12,3.2538,5.0838,6.8879,0
17.722,102,-12,1520,1494,-0.40,-0.12,3.2538,5.0838,6.8879,0
17.740,101,-11,1517,1504,-0.40,-0.12,3.2538,5.0838,6.8879,0
17.758,101,-10,1520,1504,-0.40,-0.12,3.2538,5.0838,6.8879,0
17.776,101,-10,1520,1499,-0.40,-0.12,3.2538,5.0838,6.8879,0
17.793,100,-10,1517,1499,-0.40,-0.12,3.2538,5.0838,6.8879,0
17.811,99,-10,1517,1499,-0.40,-0.12,3.2538,5.0838,6.8879,0
17.828,99,-10,1520,1499,-0.40,-0.12,3.2538,5.0838,6.8879,0
17.846,98,-10,1517,1499,-0.40,-0.12,3.2538,5.0838,6.8879,0
17.863,97,-10,1516,1499,-0.19,0.41,3.2538,5.0838,6.8879,0
17.881,97,-10,1519,1499,-0.19,0.41,3.2538,5.0838,6.8879,0
17.899,96,-11,1516,1493,-0.19,0.41,3.2538,5.0838,6.8879,0
17.917,96,-11,1519,1499,-0.19,0.41,3.2538,5.0838,6.8879,0
17.934,94,-11,1513,1499,-0.19,0.41,3.2478,5.2469,7.2721,0
17.953,93,-11,1516,1499,-0.19,0.41,3.2478,5.2469,7.2721,0
17.971,93,-10,1518,1504,-0.19,0.41,3.2478,5.2469,7.2721,0
17.990,91,-10,1512,1499,-0.19,0.41,3.2478,5.2469,7.2721,0
18.007,91,-9,1518,1504,-0.19,0.41,3.2478,5.2469,7.2721,0
18.026,90,-9,1515,1499,-0.19,0.41,3.2478,5.2469,7.2721,0
18.043,89,-9,1515,1499,-0.19,0.41,3.2478,5.2469,7.2721,0
18.062,87,-10,1512,1494,-0.19,0.41,3.2478,5.2469,7.2721,0
18.079,86,-10,1514,1499,-0.19,0.41,3.2478,5.2469,7.2721,0
18.096,85,-11,1514,1493,-0.19,0.41,3.2478,5.2469,7.2721,0
18.113,83,-10,1511,1504,0.25,0.00,3.2478,5.2469,7.2721,0
18.133,83,-10,1516,1499,0.25,0.00,3.2478,5.2469,7.2721,0
18.150,82,-10,1513,1499,0.25,0.00,3.2478,5.2469,7.2721,0
18.167,81,-9,1513,1504,0.25,0.00,3.4829,5.3198,9.6357,0
18.185,79,-9,1510,1499,0.25,0.00,3.4829,5.3198,9.6357,0
18.202,77,-9,1509,1499,0.25,0.00,3.4829,5.3198,9.6357,0
18.219,76,-10,1512,1494,0.25,0.00,3.4829,5.3198,9.6357,0
18.237,75,-10,1512,1499,0.25,0.00,3.4829,5.3198,9.6357,0
18.255,75,-10,1515,1499,0.25,0.00,3.4829,5.3198,9.6357,0
18.273,74,-9,1512,1504,0.25,0.00,3.4829,5.3198,9.6357,0
18.293,74,-9,1515,1499,0.25,0.00,3.4829,5.3198,9.6357,0
18.310,73,-9,1511,1499,0.25,0.00,3.4829,5.3198,9.6357,0
18.327,72,-9,1511,1499,0.25,0.00,3.4829,5.3198,9.6357,0
18.344,71,-9,1511,1499,0.25,0.00,3.4829,5.3198,9.6357,0
18.367,70,-9,1511,1499,0.59,0.61,3.4829,5.3198,9.6357,0
18.385,70,-9,1514,1499,0.59,0.61,3.4829,5.3198,9.6357,0
18.403,68,-9,1508,1499,0.59,0.61,3.4829,5.3198,9.6357,0
18.421,67,-9,1510,1499,0.59,0.61,3.1827,4.7496,7.7870,0
18.438,66,-9,1510,1499,0.59,0.61,3.1827,4.7496,7.7870,0
18.456,65,-8,1510,1504,0.59,0.61,3.1827,4.7496,7.7870,0
18.473,62,-7,1504,1504,0.59,0.61,3.1827,4.7496,7.7870,0
18.491,61,-7,1509,1500,0.59,0.61,3.1827,4.7496,7.7870,0
18.509,59,-7,1506,1500,0.59,0.61,3.1827,4.7496,7.7870,1
18.526,57,-7,1505,1500,0.59,0.61,3.1827,4.7496,7.7870,1
18.543,56,-8,1508,1494,0.59,0.61,3.1827,4.7496,7.7870,1
18.561,54,-7,1505,1504,0.59,0.61,3.1827,4.7496,7.7870,1
18.579,52,-7,1505,1500,0.59,0.61,3.1827,4.7496,7.7870,1
18.596,50,-8,1504,1494,0.59,0.61,3.1827,4.7496,7.7870,1
18.613,48,-8,1504,1500,-0.01,0.72,3.1827,4.7496,7.7870,1
18.630,48,-8,1509,1500,-0.01,0.72,3.1827,4.7496,7.7870,1
18.648,46,-8,1503,1500,-0.01,0.72,3.1827,4.7496,7.7870,1
18.667,42,-6,1499,1509,-0.01,0.72,3.4488,4.7092,8.8595,1
18.686,39,-6,1500,1500,-0.01,0.72,3.4488,4.7092,8.8595,1
18.703,37,-6,1501,1500,-0.01,0.72,3.4488,4.7092,8.8595,1
18.720,34,-5,1499,1505,-0.01,0.72,3.4488,4.7092,8.8595,1
18.738,31,-6,1498,1494,-0.01,0.72,3.4488,4.7092,8.8595,1
18.755,28,-6,1498,1500,-0.01,0.72,3.4488,4.7092,8.8595,1
18.772,25,-7,1497,1494,-0.01,0.72,3.4488,4.7092,8.8595,1
18.789,22,-6,1497,1504,-0.01,0.72,3.4488,4.7092,8.8595,1
18.807,19,-6,1496,1500,-0.01,0.72,3.4488,4.7092,8.8595,1
18.824,17,-5,1498,1505,-0.01,0.72,3.4488,4.7092,8.8595,1
18.842,14,-5,1495,1500,-0.01,0.72,3.4488,4.7092,8.8595,1
18.859,8,-6,1485,1494,-0.33,0.43,3.4488,4.7092,8.8595,1
18.877,6,-6,1496,1500,-0.33,0.43,3.4488,4.7092,8.8595,1
18.895,4,-5,1496,1504,-0.33,0.43,3.4488,4.7092,8.8595,1
18.912,2,-5,1495,1500,-0.33,0.43,3.4488,4.7092,8.8595,1
18.929,0,-5,1495,1500,-0.33,0.43,3.4811,6.1337,9.6044,1
18.946,-2,-6,1495,1494,-0.33,0.43,3.4811,6.1337,9.6044,1
18.963,-4,-7,1494,1494,-0.33,0.43,3.4811,6.1337,9.6044,1
18.980,-6,-6,1494,1504,-0.33,0.43,3.4811,6.1337,9.6044,1
18.998,-8,-5,1493,1505,-0.33,0.43,3.4811,6.1337,9.6044,1
19.015,-10,-5,1493,1500,-0.33,0.43,3.4811,6.1337,9.6044,1
19.033,-12,-4,1493,1504,-0.33,0.43,3.4811,6.1337,9.6044,1
19.054,-13,-5,1496,1495,-0.33,0.43,3.4811,6.1337,9.6044,1
19.072,-15,-4,1492,1505,-0.33,0.43,3.4811,6.1337,9.6044,1
19.089,-17,-5,1492,1494,-0.33,0.43,3.4811,6.1337,9.6044,1
19.107,-19,-5,1491,1500,-0.35,1.18,3.4811,6.1337,9.6044,1
19.124,-21,-5,1491,1500,-0.35,1.18,3.4811,6.1337,9.6044,1
19.142,-25,-4,1485,1504,-0.35,1.18,3.4811,6.1337,9.6044,1
19.161,-27,-4,1490,1500,-0.35,1.18,3.4811,6.1337,9.6044,1
19.179,-29,-3,1489,1505,-0.35,1.18,3.3967,5.0504,9.6524,1
19.196,-31,-4,1489,1494,-0.35,1.18,3.3967,5.0504,9.6524,1
19.213,-33,-3,1488,1505,-0.35,1.18,3.3967,5.0504,9.6524,1
19.230,-36,-4,1485,1494,-0.35,1.18,3.3967,5.0504,9.6524,1
19.248,-38,-4,1487,1500,-0.35,1.18,3.3967,5.0504,9.6524,1
19.265,-41,-5,1484,1494,-0.35,1.18,3.3967,5.0504,9.6524,1
19.283,-43,-4,1486,1505,-0.35,1.18,3.3967,5.0504,9.6524,1
19.301,-46,-4,1483,1500,-0.35,1.18,3.3967,5.0504,9.6524,1
19.319,-49,-4,1482,1500,-0.35,1.18,3.3967,5.0504,9.6524,1
19.337,-52,-3,1482,1504,-0.35,1.18,3.3967,5.0504,9.6524,1
19.354,-54,-3,1484,1500,-1.00,1.17,3.3967,5.0504,9.6524,1
19.372,-57,-4,1481,1494,-1.00,1.17,3.3967,5.0504,9.6524,1
19.390,-60,-4,1480,1500,-1.00,1.17,3.3967,5.0504,9.6524,1
19.408,-63,-4,1480,1500,-1.00,1.17,3.3967,5.0504,9.6524,0
19.425,-69,-4,1469,1500,-1.00,1.17,3.3477,5.8283,9.5224,0
19.443,-72,-4,1477,1500,-1.00,1.17,3.3477,5.8283,9.5224,0
19.460,-72,-4,1486,1500,-1.00,1.17,3.3477,5.8283,9.5224,0
19.478,-78,-4,1468,1500,-1.00,1.17,3.3477,5.8283,9.5224,0
19.497,-81,-5,1476,1494,-1.00,1.17,3.3477,5.8283,9.5224,0
19.514,-84,-5,1475,1500,-1.00,1.17,3.3477,5.8283,9.5224,0
19.531,-87,-5,1474,1500,-1.00,1.17,3.3477,5.8283,9.5224,0
19.548,-91,-4,1471,1505,-1.00,1.17,3.3477,5.8283,9.5224,0
19.565,-93,-4,1476,1500,-1.00,1.17,3.3477,5.8283,9.5224,0
19.583,-96,-4,1472,1500,-1.00,1.17,3.3477,5.8283,9.5224,0
19.600,-99,-5,1472,1494,-1.00,1.17,3.3477,5.8283,9.5224,0
19.618,-102,-5,1471,1500,-1.16,0.36,3.3477,5.8283,9.5224,0
19.635,-105,-4,1471,1505,-1.16,0.36,3.3477,5.8283,9.5224,0
19.653,-108,-4,1470,1500,-1.16,0.36,3.3477,5.8283,9.5224,0
19.671,-110,-5,1473,1495,-1.16,0.36,3.6057,6.9838,9.6580,0
19.690,-113,-5,1469,1500,-1.16,0.36,3.6057,6.9838,9.6580,0
19.708,-120,-5,1458,1500,-1.16,0.36,3.6057,6.9838,9.6580,0
19.726,-123,-6,1467,1494,-1.16,0.36,3.6057,6.9838,9.6580,0
19.744,-126,-5,1466,1505,-1.16,0.36,3.6057,6.9838,9.6580,0
19.761,-130,-5,1463,1500,-1.16,0.36,3.6057,6.9838,9.6580,0
19.779,-134,-5,1462,1500,-1.16,0.36,3.6057,6.9838,9.6580,0
19.797,-136,-5,1467,1500,-1.16,0.36,3.6057,6.9838,9.6580,0
19.814,-140,-5,1460,1500,-1.16,0.36,3.6057,6.9838,9.6580,0
19.831,-142,-6,1466,1494,-1.16,0.36,3.6057,6.9838,9.6580,0
19.849,-146,-6,1460,1500,-1.16,0.36,3.6057,6.9838,9.6580,0
19.866,-148,-6,1465,1500,-1.50,-0.47,3.6057,6.9838,9.6580,0
19.884,-150,-6,1465,1500,-1.50,-0.47,3.6057,6.9838,9.6580,0
19.902,-153,-6,1461,1500,-1.50,-0.47,3.6057,6.9838,9.6580,0
19.922,-155,-6,1464,1500,-1.50,-0.47,4.4403,12.9827,13.4710,0
19.939,-157,-6,1463,1500,-1.50,-0.47,4.4403,12.9827,13.4710,0
19.956,-158,-6,1466,1500,-1.50,-0.47,4.4403,12.9827,13.4710,0
19.974,-159,-6,1466,1500,-1.50,-0.47,4.4403,12.9827,13.4710,0
19.992,-160,-6,1465,1500,-1.50,-0.47,4.4403,12.9827,13.4710,0
20.012,-159,-6,1471,1500,-1.50,-0.47,4.4403,12.9827,13.4710,0
20.029,-159,-6,1468,1500,-1.50,-0.47,4.4403,12.9827,13.4710,0
20.047,-158,-6,1471,1500,-1.50,-0.47,4.4403,12.9827,13.4710,0
20.064,-157,-6,1472,1500,-1.50,-0.47,4.4403,12.9827,13.4710,0
20.081,-155,-6,1475,1500,-1.50,-0.47,4.4403,12.9827,13.4710,0
20.098,-154,-7,1472,1494,-1.50,-0.47,4.4403,12.9827,13.4710,0
20.116,-152,-6,1476,1505,-1.18,-0.29,4.4403,12.9827,13.4710,0
20.133,-151,-6,1473,1500,-1.18,-0.29,4.4403,12.9827,13.4710,0
20.151,-148,-7,1479,1494,-1.18,-0.29,4.4403,12.9827,13.4710,0
20.169,-147,-7,1474,1500,-1.18,-0.29,4.7134,11.4542,15.3474,0
20.191,-144,-6,1478,1503,-1.18,-0.29,4.7134,11.4542,15.3474,0
20.208,-142,-7,1478,1494,-1.18,-0.29,4.7134,11.4542,15.3474,0
20.226,-140,-7,1478,1500,-1.18,-0.29,4.7134,11.4542,15.3474,0
20.246,-135,-6,1486,1504,-1.18,-0.29,4.7134,11.4542,15.3474,0
20.263,-132,-6,1482,1500,-1.18,-0.29,4.7134,11.4542,15.3474,0
20.281,-130,-7,1480,1494,-1.18,-0.29,4.7134,11.4542,15.3474,0
20.298,-128,-7,1480,1500,-1.18,-0.29,4.7134,11.4542,15.3474,0
20.315,-125,-6,1484,1505,-1.18,-0.29,4.7134,11.4542,15.3474,0
20.332,-123,-6,1481,1500,-1.18,-0.29,4.7134,11.4542,15.3474,0
20.350,-121,-7,1482,1494,-1.18,-0.29,4.7134,11.4542,15.3474,0
20.367,-118,-7,1485,1500,-1.24,0.76,4.7134,11.4542,15.3474,0
20.386,-116,-7,1483,1500,-1.24,0.76,4.7134,11.4542,15.3474,0
20.403,-113,-6,1486,1504,-1.24,0.76,4.7134,11.4542,15.3474,0
20.420,-110,-6,1487,1500,-1.24,0.76,3.6275,9.3410,11.0702,0
20.437,-108,-7,1484,1494,-1.24,0.76,3.6275,9.3410,11.0702,0
20.458,-103,-7,1492,1500,-1.24,0.76,3.6275,9.3410,11.0702,0
20.476,-101,-6,1485,1504,-1.24,0.76,3.6275,9.3410,11.0702,0
20.493,-98,-6,1489,1500,-1.24,0.76,3.6275,9.3410,11.0702,0
20.511,-96,-7,1487,1494,-1.24,0.76,3.6275,9.3410,11.0702,0
20.529,-93,-7,1490,1500,-1.24,0.76,3.6275,9.3410,11.0702,0
20.547,-91,-7,1488,1500,-1.24,0.76,3.6275,9.3410,11.0702,0
20.566,-88,-7,1491,1500,-1.24,0.76,3.6275,9.3410,11.0702,0
20.585,-86,-7,1488,1500,-1.24,0.76,3.6275,9.3410,11.0702,0
20.603,-84,-7,1489,1500,-1.24,0.76,3.6275,9.3410,11.0702,0
20.624,-79,-6,1489,1500,-0.52,0.83,3.6275,9.3410,11.0702,0
20.641,-79,-6,1493,1504,-0.52,0.83,3.6275,9.3410,11.0702,0
20.659,-77,-7,1490,1494,-0.52,0.83,3.6275,9.3410,11.0702,0
20.677,-75,-7,1491,1500,-0.52,0.83,3.4002,5.8458,8.2522,0
20.694,-71,-8,1497,1494,-0.52,0.83,3.4002,5.8458,8.2522,0
20.712,-68,-8,1495,1500,-0.52,0.83,3.4002,5.8458,8.2522,0
20.730,-66,-9,1493,1494,-0.52,0.83,3.4002,5.8458,8.2522,0
20.748,-63,-9,1496,1500,-0.52,0.83,3.4002,5.8458,8.2522,0
20.765,-60,-8,1497,1504,-0.52,0.83,3.4002,5.8458,8.2522,1
20.782,-58,-8,1494,1500,-0.52,0.83,3.4002,5.8458,8.2522,1
20.800,-56,-8,1495,1500,-0.52,0.83,3.4002,5.8458,8.2522,1
20.817,-54,-8,1495,1500,-0.52,0.83,3.4002,5.8458,8.2522,1
20.835,-51,-8,1499,1500,-0.52,0.83,3.4002,5.8458,8.2522,1
20.853,-49,-8,1496,1500,-0.25,0.96,3.4002,5.8458,8.2522,1
20.873,-47,-8,1496,1500,-0.25,0.96,3.4002,5.8458,8.2522,1
20.890,-44,-8,1500,1500,-0.25,0.96,3.4002,5.8458,8.2522,1
20.908,-43,-8,1494,1500,-0.25,0.96,3.4002,5.8458,8.2522,1
20.927,-41,-8,1497,1500,-0.25,0.96,3.3989,4.8470,7.1939,1
20.945,-38,-9,1500,1494,-0.25,0.96,3.3989,4.8470,7.1939,1
20.963,-36,-9,1498,1500,-0.25,0.96,3.3989,4.8470,7.1939,1
20.980,-35,-9,1496,1500,-0.25,0.96,3.3989,4.8470,7.1939,1
20.997,-34,-9,1496,1499,-0.25,0.96,3.3989,4.8470,7.1939,1
21.014,-33,-10,1496,1494,-0.25,0.96,3.3989,4.8470,7.1939,1
21.032,-32,-10,1497,1499,-0.25,0.96,3.3989,4.8470,7.1939,1
21.049,-31,-10,1497,1499,-0.25,0.96,3.3989,4.8470,7.1939,1
21.066,-29,-10,1500,1499,-0.25,0.96,3.3989,4.8470,7.1939,1
21.083,-28,-11,1498,1493,-0.25,0.96,3.3989,4.8470,7.1939,1
21.101,-26,-11,1500,1499,-0.52,0.57,3.3989,4.8470,7.1939,1
21.119,-25,-11,1498,1499,-0.52,0.57,3.3989,4.8470,7.1939,1
21.137,-23,-11,1500,1499,-0.52,0.57,3.3989,4.8470,7.1939,1
21.154,-22,-11,1499,1499,-0.52,0.57,3.3989,4.8470,7.1939,1
21.171,-20,-11,1501,1499,-0.52,0.57,3.3178,4.3009,9.2159,1
21.188,-19,-11,1499,1499,-0.52,0.57,3.3178,4.3009,9.2159,1
21.205,-17,-11,1502,1499,-0.52,0.57,3.3178,4.3009,9.2159,1
21.223,-14,-12,1505,1494,-0.52,0.57,3.3178,4.3009,9.2159,1
21.241,-13,-11,1500,1504,-0.52,0.57,3.3178,4.3009,9.2159,1
21.258,-11,-12,1503,1493,-0.52,0.57,3.3178,4.3009,9.2159,1
21.275,-10,-11,1500,1504,-0.52,0.57,3.3178,4.3009,9.2159,1
21.292,-8,-12,1503,1493,-0.52,0.57,3.3178,4.3009,9.2159,1
21.309,-6,-12,1504,1499,-0.52,0.57,3.3178,4.3009,9.2159,1
21.326,-5,-12,1501,1499,-0.52,0.57,3.3178,4.3009,9.2159,1
21.344,-3,-13,1504,1493,-0.52,0.57,3.3178,4.3009,9.2159,1
21.363,0,-13,1507,1499,-0.72,-0.31,3.3178,4.3009,9.2159,1
21.382,2,-13,1505,1499,-0.72,-0.31,3.3178,4.3009,9.2159,1
21.400,5,-13,1509,1499,-0.72,-0.31,3.3178,4.3009,9.2159,1
21.419,7,-14,1506,1493,-0.72,-0.31,3.0946,5.0597,6.2222,1
21.437,10,-14,1509,1499,-0.72,-0.31,3.0946,5.0597,6.2222,1
21.455,16,-14,1519,1499,-0.72,-0.31,3.0946,5.0597,6.2222,1
21.474,19,-15,1511,1494,-0.72,-0.31,3.0946,5.0597,6.2222,1
21.491,22,-15,1512,1499,-0.72,-0.31,3.0946,5.0597,6.2222,1
21.509,24,-15,1510,1499,-0.72,-0.31,3.0946,5.0597,6.2222,1
21.526,27,-15,1513,1499,-0.72,-0.31,3.0946,5.0597,6.2222,1
21.544,29,-15,1511,1499,-0.72,-0.31,3.0946,5.0597,6.2222,1
21.561,32,-15,1514,1499,-0.72,-0.31,3.0946,5.0597,6.2222,1
21.579,34,-15,1512,1499,-0.72,-0.31,3.0946,5.0597,6.2222,1
21.596,35,-15,1509,1499,-0.72,-0.31,3.0946,5.0597,6.2222,1
21.613,37,-15,1512,1499,-0.64,-0.11,3.0946,5.0597,6.2222,1
21.630,38,-15,1510,1499,-0.64,-0.11,3.0946,5.0597,6.2222,1
21.648,39,-15,1510,1499,-0.64,-0.11,3.0946,5.0597,6.2222,1
21.665,40,-15,1510,1499,-0.64,-0.11,3.1985,4.0882,8.0116,1
21.682,41,-15,1510,1499,-0.64,-0.11,3.1985,4.0882,8.0116,1
21.700,42,-15,1511,1499,-0.64,-0.11,3.1985,4.0882,8.0116,1
21.718,43,-15,1511,1499,-0.64,-0.11,3.1985,4.0882,8.0116,1
21.736,45,-15,1511,1499,-0.64,-0.11,3.1985,4.0882,8.0116,1
21.754,46,-15,1514,1499,-0.64,-0.11,3.1985,4.0882,8.0116,1
21.771,46,-15,1509,1499,-0.64,-0.11,3.1985,4.0882,8.0116,1
21.788,47,-16,1512,1493,-0.64,-0.11,3.1985,4.0882,8.0116,1
21.806,48,-16,1512,1499,-0.64,-0.11,3.1985,4.0882,8.0116,1
21.823,49,-16,1512,1499,-0.64,-0.11,3.1985,4.0882,8.0116,1
21.842,50,-16,1512,1499,-0.64,-0.11,3.1985,4.0882,8.0116,1
21.859,50,-17,1509,1493,-0.10,-0.41,3.1985,4.0882,8.0116,1
21.883,50,-17,1509,1499,-0.10,-0.41,3.1985,4.0882,8.0116,1
21.901,51,-17,1512,1499,-0.10,-0.41,3.1985,4.0882,8.0116,1
21.919,52,-17,1513,1499,-0.10,-0.41,3.3477,4.6337,5.1940,1
21.937,52,-17,1510,1499,-0.10,-0.41,3.3477,4.6337,5.1940,1
21.955,53,-17,1513,1499,-0.10,-0.41,3.3477,4.6337,5.1940,1
21.972,53,-18,1510,1493,-0.10,-0.41,3.3477,4.6337,5.1940,1
21.989,54,-18,1513,1498,-0.10,-0.41,3.3477,4.6337,5.1940,1
22.007,54,-18,1510,1498,-0.10,-0.41,3.3477,4.6337,5.1940,1
22.025,55,-18,1513,1498,-0.10,-0.41,3.3477,4.6337,5.1940,1
22.042,55,-19,1510,1492,-0.10,-0.41,3.3477,4.6337,5.1940,1
22.059,56,-19,1514,1498,-0.10,-0.41,3.3477,4.6337,5.1940,1
22.077,56,-19,1511,1498,-0.10,-0.41,3.3477,4.6337,5.1940,1
22.095,56,-20,1511,1498,-0.10,-0.41,3.3477,4.6337,5.1940,1
22.112,56,-20,1511,1493,0.12,-1.32,3.3477,4.6337,5.1940,1
22.130,57,-20,1514,1498,0.12,-1.32,3.3477,4.6337,5.1940,1
22.147,59,-20,1517,1498,0.12,-1.32,3.3477,4.6337,5.1940,1
22.165,60,-20,1514,1498,0.12,-1.32,3.3986,4.4638,9.1287,1
22.182,61,-19,1515,1503,0.12,-1.32,3.3986,4.4638,9.1287,0
22.200,62,-20,1515,1493,0.12,-1.32,3.3986,4.4638,9.1287,0
22.217,64,-20,1518,1498,0.12,-1.32,3.3986,4.4638,9.1287,0
22.234,65,-20,1515,1498,0.12,-1.32,3.3986,4.4638,9.1287,0
22.251,66,-19,1516,1503,0.12,-1.32,3.3986,4.4638,9.1287,0
22.269,69,-20,1522,1493,0.12,-1.32,3.3986,4.4638,9.1287,0
22.286,69,-20,1513,1498,0.12,-1.32,3.3986,4.4638,9.1287,0
22.303,71,-21,1520,1493,0.12,-1.32,3.3986,4.4638,9.1287,0
22.321,71,-21,1514,1498,0.12,-1.32,3.3986,4.4638,9.1287,0
22.338,72,-21,1517,1498,0.12,-1.32,3.3986,4.4638,9.1287,0
22.359,72,-21,1514,1498,0.17,-1.43,3.3986,4.4638,9.1287,0
22.378,72,-21,1514,1498,0.17,-1.43,3.3986,4.4638,9.1287,0
22.396,73,-22,1517,1493,0.17,-1.43,3.3986,4.4638,9.1287,0
22.415,73,-23,1514,1492,0.17,-1.43,3.1469,4.7813,7.5378,0
22.432,74,-22,1517,1503,0.17,-1.43,3.1469,4.7813,7.5378,0
22.450,74,-22,1514,1498,0.17,-1.43,3.1469,4.7813,7.5378,0
22.467,75,-22,1518,1498,0.17,-1.43,3.1469,4.7813,7.5378,0
22.484,76,-22,1518,1498,0.17,-1.43,3.1469,4.7813,7.5378,0
22.502,77,-21,1518,1503,0.17,-1.43,3.1469,4.7813,7.5378,0
22.520,77,-21,1515,1498,0.17,-1.43,3.1469,4.7813,7.5378,0
22.537,78,-21,1518,1498,0.17,-1.43,3.1469,4.7813,7.5378,0
22.554,79,-21,1518,1498,0.17,-1.43,3.1469,4.7813,7.5378,0
22.572,79,-21,1516,1498,0.17,-1.43,3.1469,4.7813,7.5378,0
22.589,80,-21,1519,1498,0.17,-1.43,3.1469,4.7813,7.5378,0
22.606,80,-21,1516,1498,-0.02,-0.89,3.1469,4.7813,7.5378,0
22.624,80,-21,1516,1498,-0.02,-0.89,3.1469,4.7813,7.5378,0
22.642,81,-21,1519,1498,-0.02,-0.89,3.1469,4.7813,7.5378,0
22.659,81,-21,1516,1498,-0.02,-0.89,3.1469,4.7813,7.5378,0
22.678,82,-21,1519,1498,-0.02,-0.89,3.3631,4.6812,7.6278,0
22.697,82,-21,1516,1498,-0.02,-0.89,3.3631,4.6812,7.6278,0
22.714,83,-21,1519,1498,-0.02,-0.89,3.3631,4.6812,7.6278,0
22.732,83,-22,1516,1493,-0.02,-0.89,3.3631,4.6812,7.6278,0
22.749,84,-22,1520,1498,-0.02,-0.89,3.3631,4.6812,7.6278,0
22.767,84,-22,1517,1498,-0.02,-0.89,3.3631,4.6812,7.6278,0
22.784,84,-22,1517,1498,-0.02,-0.89,3.3631,4.6812,7.6278,0
22.802,85,-22,1520,1498,-0.02,-0.89,3.3631,4.6812,7.6278,0
22.821,85,-23,1517,1493,-0.02,-0.89,3.3631,4.6812,7.6278,0
22.838,85,-23,1517,1498,-0.02,-0.89,3.3631,4.6812,7.6278,0
22.855,85,-23,1517,1498,-0.14,-0.83,3.3631,4.6812,7.6278,0
22.873,85,-22,1517,1503,-0.14,-0.83,3.3631,4.6812,7.6278,0
22.891,84,-21,1514,1503,-0.14,-0.83,3.3631,4.6812,7.6278,0
22.908,84,-22,1517,1492,-0.14,-0.83,3.5599,4.6315,9.7742,0
22.927,84,-21,1517,1503,-0.14,-0.83,3.5599,4.6315,9.7742,0
22.944,83,-20,1514,1503,-0.14,-0.83,3.5599,4.6315,9.7742,0
22.962,83,-20,1516,1498,-0.14,-0.83,3.5599,4.6315,9.7742,0
22.982,83,-20,1516,1498,-0.14,-0.83,3.5599,4.6315,9.7742,0
23.000,84,-20,1519,1498,-0.14,-0.83,3.5599,4.6315,9.7742,0
23.018,84,-21,1517,1493,-0.14,-0.83,3.5599,4.6315,9.7742,0
23.035,84,-22,1517,1493,-0.14,-0.83,3.5599,4.6315,9.7742,0
23.053,85,-20,1520,1509,-0.14,-0.83,3.5599,4.6315,9.7742,0
23.070,86,-20,1520,1498,-0.14,-0.83,3.5599,4.6315,9.7742,0
23.087,86,-20,1517,1498,-0.14,-0.83,3.5599,4.6315,9.7742,0
23.104,86,-20,1517,1498,-0.04,-0.43,3.5599,4.6315,9.7742,0
23.122,86,-20,1517,1498,-0.04,-0.43,3.5599,4.6315,9.7742,0
23.139,86,-19,1517,1503,-0.04,-0.43,3.5599,4.6315,9.7742,0
23.156,87,-20,1520,1492,-0.04,-0.43,3.4353,5.2552,7.9934,0
23.173,87,-20,1517,1498,-0.04,-0.43,3.4353,5.2552,7.9934,0
23.191,87,-20,1517,1498,-0.04,-0.43,3.4353,5.2552,7.9934,0
23.209,87,-20,1517,1498,-0.04,-0.43,3.4353,5.2552,7.9934,0
23.228,88,-20,1520,1498,-0.04,-0.43,3.4353,5.2552,7.9934,0
23.245,88,-19,1517,1503,-0.04,-0.43,3.4353,5.2552,7.9934,0
23.266,89,-19,1520,1498,-0.04,-0.43,3.4353,5.2552,7.9934,0
23.284,90,-19,1520,1498,-0.04,-0.43,3.4353,5.2552,7.9934,0
23.302,90,-19,1518,1498,-0.04,-0.43,3.4353,5.2552,7.9934,0
23.320,91,-20,1521,1493,-0.04,-0.43,3.4353,5.2552,7.9934,0
23.337,91,-19,1518,1503,-0.04,-0.43,3.4353,5.2552,7.9934,0
23.355,92,-19,1521,1498,-0.42,-0.09,3.4353,5.2552,7.9934,0
23.373,93,-19,1521,1498,-0.42,-0.09,3.4353,5.2552,7.9934,0
23.391,93,-19,1518,1498,-0.42,-0.09,3.4353,5.2552,7.9934,0
23.408,93,-18,1518,1503,-0.42,-0.09,3.2578,4.2971,8.2331,0
23.426,94,-18,1521,1498,-0.42,-0.09,3.2578,4.2971,8.2331,0
23.443,94,-18,1519,1498,-0.42,-0.09,3.2578,4.2971,8.2331,0
23.460,95,-18,1522,1498,-0.42,-0.09,3.2578,4.2971,8.2331,0
23.479,95,-18,1519,1498,-0.42,-0.09,3.2578,4.2971,8.2331,0
23.496,95,-19,1519,1493,-0.42,-0.09,3.2578,4.2971,8.2331,0
23.513,94,-19,1516,1498,-0.42,-0.09,3.2578,4.2971,8.2331,0
23.530,94,-18,1519,1503,-0.42,-0.09,3.2578,4.2971,8.2331,0
23.547,93,-18,1515,1498,-0.42,-0.09,3.2578,4.2971,8.2331,0
23.564,92,-18,1515,1498,-0.42,-0.09,3.2578,4.2971,8.2331,0
23.581,91,-17,1515,1503,-0.42,-0.09,3.2578,4.2971,8.2331,0
23.601,90,-16,1515,1503,-0.53,0.07,3.2578,4.2971,8.2331,0
23.620,90,-17,1518,1493,-0.53,0.07,3.2578,4.2971,8.2331,0
23.639,89,-17,1515,1499,-0.53,0.07,3.2578,4.2971,8.2331,0
23.657,88,-17,1515,1499,-0.53,0.07,3.4591,5.3575,8.6249,0
23.674,88,-16,1517,1503,-0.53,0.07,3.4591,5.3575,8.6249,0
23.691,88,-16,1517,1499,-0.53,0.07,3.4591,5.3575,8.6249,0
23.709,87,-16,1514,1499,-0.53,0.07,3.4591,5.3575,8.6249,0
23.727,88,-16,1520,1499,-0.53,0.07,3.4591,5.3575,8.6249,0
23.744,88,-16,1517,1499,-0.53,0.07,3.4591,5.3575,8.6249,0
23.761,88,-15,1517,1504,-0.53,0.07,3.4591,5.3575,8.6249,0
23.778,89,-15,1521,1499,-0.53,0.07,3.4591,5.3575,8.6249,0
23.796,90,-15,1521,1499,-0.53,0.07,3.4591,5.3575,8.6249,0
23.813,91,-15,1521,1499,-0.53,0.07,3.4591,5.3575,8.6249,0
23.830,92,-15,1521,1499,-0.53,0.07,3.4591,5.3575,8.6249,0
23.848,93,-15,1521,1499,0.07,0.61,3.4591,5.3575,8.6249,0
23.866,95,-14,1525,1504,0.07,0.61,3.4591,5.3575,8.6249,0
23.883,96,-15,1522,1493,0.07,0.61,3.4591,5.3575,8.6249,0
23.901,97,-15,1522,1499,0.07,0.61,3.4591,5.3575,8.6249,0
23.919,97,-15,1519,1499,0.07,0.61,3.4382,5.2596,7.9068,0
23.937,99,-15,1525,1499,0.07,0.61,3.4382,5.2596,7.9068,0
23.955,99,-14,1520,1503,0.07,0.61,3.4382,5.2596,7.9068,0
23.973,99,-14,1520,1499,0.07,0.61,3.4382,5.2596,7.9068,0
23.990,99,-14,1520,1499,0.07,0.61,3.4382,5.2596,7.9068,0
24.007,99,-14,1520,1499,0.07,0.61,3.4382,5.2596,7.9068,0
24.025,99,-15,1520,1493,0.07,0.61,3.4382,5.2596,7.9068,0
24.042,100,-14,1523,1504,0.07,0.61,3.4382,5.2596,7.9068,0
24.060,100,-13,1520,1503,0.07,0.61,3.4382,5.2596,7.9068,0
24.077,100,-14,1520,1493,0.07,0.61,3.4382,5.2596,7.9068,0
24.094,101,-14,1523,1499,-0.12,0.52,3.4382,5.2596,7.9068,0
24.112,101,-14,1520,1499,-0.12,0.52,3.4382,5.2596,7.9068,0
24.129,102,-13,1523,1503,-0.12,0.52,3.4382,5.2596,7.9068,0
24.147,103,-13,1523,1499,-0.12,0.52,3.4382,5.2596,7.9068,0
24.165,104,-13,1523,1499,-0.12,0.52,3.5428,5.8454,9.0432,0
24.182,105,-13,1524,1499,-0.12,0.52,3.5428,5.8454,9.0432,0
24.199,107,-12,1527,1504,-0.12,0.52,3.5428,5.8454,9.0432,0
24.217,108,-13,1524,1493,-0.12,0.52,3.5428,5.8454,9.0432,0
24.235,110,-13,1527,1499,-0.12,0.52,3.5428,5.8454,9.0432,0
24.253,114,-12,1534,1504,-0.12,0.52,3.5428,5.8454,9.0432,0
24.271,116,-12,1528,1499,-0.12,0.52,3.5428,5.8454,9.0432,0
24.289,117,-13,1526,1493,-0.12,0.52,3.5428,5.8454,9.0432,0
24.307,120,-12,1532,1504,-0.12,0.52,3.5428,5.8454,9.0432,0
24.326,122,-12,1529,1499,-0.12,0.52,3.5428,5.8454,9.0432,0
24.343,126,-12,1536,1499,-0.24,0.72,3.5428,5.8454,9.0432,0
24.360,129,-12,1534,1499,-0.24,0.72,3.5428,5.8454,9.0432,0
24.377,133,-12,1538,1499,-0.24,0.72,3.5428,5.8454,9.0432,0
24.395,137,-12,1539,1499,-0.24,0.72,3.5428,5.8454,9.0432,0
24.412,142,-12,1543,1499,-0.24,0.72,3.4279,6.5529,9.5297,0
24.432,146,-12,1539,1499,-0.24,0.72,3.4279,6.5529,9.5297,0
24.451,156,-12,1558,1499,-0.24,0.72,3.4279,6.5529,9.5297,0
24.468,161,-11,1546,1504,-0.24,0.72,3.4279,6.5529,9.5297,0
24.485,165,-11,1544,1499,-0.24,0.72,3.4279,6.5529,9.5297,0
24.503,169,-11,1545,1499,-0.24,0.72,3.4279,6.5529,9.5297,0
24.520,174,-11,1549,1499,-0.24,0.72,3.4279,6.5529,9.5297,0
24.537,177,-12,1544,1493,-0.24,0.72,3.4279,6.5529,9.5297,0
24.554,181,-11,1548,1504,-0.24,0.72,3.4279,6.5529,9.5297,0
24.571,184,-12,1545,1493,-0.24,0.72,3.4279,6.5529,9.5297,0
24.588,186,-11,1543,1504,-0.24,0.72,3.4279,6.5529,9.5297,0
24.606,188,-11,1543,1499,0.38,0.59,3.4279,6.5529,9.5297,0
24.623,190,-10,1544,1504,0.38,0.59,3.4279,6.5529,9.5297,0
24.640,191,-10,1541,1499,0.38,0.59,3.4279,6.5529,9.5297,0
24.659,192,-10,1541,1499,0.38,0.59,2.9043,4.7980,6.8080,0
24.676,191,-10,1535,1499,0.38,0.59,2.9043,4.7980,6.8080,0
24.694,191,-9,1538,1504,0.38,0.59,2.9043,4.7980,6.8080,0
24.711,190,-9,1535,1499,0.38,0.59,2.9043,4.7980,6.8080,0
24.731,188,-10,1532,1494,0.38,0.59,2.9043,4.7980,6.8080,0
24.749,186,-10,1535,1499,0.38,0.59,2.9043,4.7980,6.8080,0
24.767,185,-11,1531,1493,0.38,0.59,2.9043,4.7980,6.8080,0
24.785,184,-10,1534,1504,0.38,0.59,2.9043,4.7980,6.8080,0
24.804,183,-11,1534,1494,0.38,0.59,2.9043,4.7980,6.8080,0
24.821,182,-10,1533,1504,0.38,0.59,2.9043,4.7980,6.8080,0
24.839,181,-10,1533,1499,0.38,0.59,2.9043,4.7980,6.8080,0
24.856,180,-10,1533,1499,1.11,0.46,2.9043,4.7980,6.8080,0
24.874,180,-10,1536,1499,1.11,0.46,2.9043,4.7980,6.8080,0
24.893,179,-11,1533,1494,1.11,0.46,2.9043,4.7980,6.8080,0
24.910,178,-11,1533,1499,1.11,0.46,3.1423,5.3169,5.7730,0
24.927,176,-11,1529,1499,1.11,0.46,3.1423,5.3169,5.7730,0
24.945,175,-11,1532,1499,1.11,0.46,3.1423,5.3169,5.7730,0
24.963,173,-10,1529,1504,1.11,0.46,3.1423,5.3169,5.7730,0
24.981,169,-10,1522,1499,1.11,0.46,3.1423,5.3169,5.7730,0
24.998,169,-10,1534,1499,1.11,0.46,3.1423,5.3169,5.7730,0
25.017,165,-11,1522,1494,1.11,0.46,3.1423,5.3169,5.7730,0
25.035,165,-11,1533,1499,1.11,0.46,3.1423,5.3169,5.7730,0
25.052,160,-10,1517,1504,1.11,0.46,3.1423,5.3169,5.7730,0
25.071,158,-10,1526,1499,1.11,0.46,3.1423,5.3169,5.7730,0
25.088,156,-10,1525,1499,1.11,0.46,3.1423,5.3169,5.7730,0
25.106,155,-10,1528,1499,0.63,0.48,3.1423,5.3169,5.7730,0
25.125,153,-9,1525,1503,0.63,0.48,3.1423,5.3169,5.7730,0
25.143,151,-10,1524,1494,0.63,0.48,3.1423,5.3169,5.7730,0
25.160,150,-10,1527,1499,0.63,0.48,3.3925,6.6774,9.3019,0
25.179,149,-10,1527,1499,0.63,0.48,3.3925,6.6774,9.3019,0
25.196,147,-11,1524,1494,0.63,0.48,3.3925,6.6774,9.3019,0
25.213,147,-11,1529,1499,0.63,0.48,3.3925,6.6774,9.3019,0
25.231,146,-11,1526,1499,0.63,0.48,3.3925,6.6774,9.3019,0
25.249,145,-11,1526,1499,0.63,0.48,3.3925,6.6774,9.3019,0
25.266,145,-11,1529,1499,0.63,0.48,3.3925,6.6774,9.3019,0
25.284,144,-10,1526,1504,0.63,0.48,3.3925,6.6774,9.3019,0
25.301,143,-10,1526,1499,0.63,0.48,3.3925,6.6774,9.3019,0
25.319,144,-10,1531,1499,0.63,0.48,3.3925,6.6774,9.3019,0
25.340,143,-11,1526,1494,0.63,0.48,3.3925,6.6774,9.3019,0
25.357,143,-11,1528,1499,0.04,0.48,3.3925,6.6774,9.3019,0
25.376,144,-11,1531,1499,0.04,0.48,3.3925,6.6774,9.3019,0
25.393,145,-10,1532,1504,0.04,0.48,3.3925,6.6774,9.3019,0
25.410,145,-10,1529,1499,0.04,0.48,3.5526,9.4726,11.5723,0
25.430,145,-11,1529,1494,0.04,0.48,3.5526,9.4726,11.5723,0
25.447,145,-10,1529,1504,0.04,0.48,3.5526,9.4726,11.5723,0
25.465,145,-11,1529,1493,0.04,0.48,3.5526,9.4726,11.5723,0
25.482,146,-11,1532,1499,0.04,0.48,3.5526,9.4726,11.5723,0
25.500,147,-10,1532,1504,0.04,0.48,3.5526,9.4726,11.5723,0
25.517,149,-10,1535,1499,0.04,0.48,3.5526,9.4726,11.5723,0
25.534,150,-10,1533,1499,0.04,0.48,3.5526,9.4726,11.5723,0
25.552,151,-10,1533,1499,0.04,0.48,3.5526,9.4726,11.5723,0
25.569,152,-11,1533,1493,0.04,0.48,3.5526,9.4726,11.5723,0
25.586,153,-10,1533,1504,0.04,0.48,3.5526,9.4726,11.5723,0
25.603,154,-10,1533,1499,-0.43,0.00,3.5526,9.4726,11.5723,0
25.620,156,-10,1537,1499,-0.43,0.00,3.5526,9.4726,11.5723,0
25.639,158,-11,1537,1493,-0.43,0.00,3.5526,9.4726,11.5723,0
25.659,160,-10,1537,1503,-0.43,0.00,4.1804,13.1224,12.3220,0
25.678,162,-10,1537,1499,-0.43,0.00,4.1804,13.1224,12.3220,0
25.695,165,-11,1542,1493,-0.43,0.00,4.1804,13.1224,12.3220,0
25.713,166,-11,1536,1499,-0.43,0.00,4.1804,13.1224,12.3220,0
25.730,168,-10,1539,1504,-0.43,0.00,4.1804,13.1224,12.3220,0
25.748,172,-11,1545,1493,-0.43,0.00,4.1804,13.1224,12.3220,0
25.766,174,-11,1534,1499,-0.43,0.00,4.1804,13.1224,12.3220,0
25.784,175,-10,1543,1504,-0.43,0.00,4.1804,13.1224,12.3220,0
25.801,177,-10,1541,1499,-0.43,0.00,4.1804,13.1224,12.3220,0
25.818,179,-10,1541,1499,-0.43,0.00,4.1804,13.1224,12.3220,0
25.835,182,-11,1545,1493,-0.43,0.00,4.1804,13.1224,12.3220,0
25.853,184,-10,1542,1504,-0.01,0.42,4.1804,13.1224,12.3220,0
25.871,187,-10,1546,1499,-0.01,0.42,4.1804,13.1224,12.3220,0
25.888,189,-10,1543,1499,-0.01,0.42,4.1804,13.1224,12.3220,0
25.906,192,-10,1547,1499,-0.01,0.42,3.3675,7.5848,9.8808,0
25.923,195,-11,1547,1493,-0.01,0.42,3.3675,7.5848,9.8808,0
25.941,197,-11,1545,1499,-0.01,0.42,3.3675,7.5848,9.8808,0
25.958,201,-11,1552,1499,-0.01,0.42,3.3675,7.5848,9.8808,0
25.977,204,-11,1549,1499,-0.01,0.42,3.3675,7.5848,9.8808,0
25.994,207,-11,1550,1499,-0.01,0.42,3.3675,7.5848,9.8808,0
26.011,210,-11,1550,1499,-0.01,0.42,3.3675,7.5848,9.8808,0
26.029,213,-11,1551,1499,-0.01,0.42,3.3675,7.5848,9.8808,0
26.047,217,-12,1555,1493,-0.01,0.42,3.3675,7.5848,9.8808,0
26.065,217,-12,1543,1499,-0.01,0.42,3.3675,7.5848,9.8808,0
26.083,221,-12,1555,1499,-0.01,0.42,3.3675,7.5848,9.8808,0
26.100,222,-12,1547,1499,1.19,0.23,3.3675,7.5848,9.8808,0
26.118,222,-12,1544,1499,1.19,0.23,3.3675,7.5848,9.8808,0
26.135,224,-12,1550,1499,1.19,0.23,3.3675,7.5848,9.8808,0
26.152,225,-12,1548,1499,1.19,0.23,3.0202,4.7237,6.8018,0
26.170,225,-12,1545,1499,1.19,0.23,3.0202,4.7237,6.8018,0
26.187,225,-12,1545,1499,1.19,0.23,3.0202,4.7237,6.8018,0
26.205,226,-12,1548,1499,1.19,0.23,3.0202,4.7237,6.8018,0
26.223,226,-11,1545,1504,1.19,0.23,3.0202,4.7237,6.8018,0
26.241,226,-11,1545,1499,1.19,0.23,3.0202,4.7237,6.8018,0
26.260,225,-11,1542,1499,1.19,0.23,3.0202,4.7237,6.8018,0
26.277,225,-11,1545,1499,1.19,0.23,3.0202,4.7237,6.8018,0
26.295,224,-11,1542,1499,1.19,0.23,3.0202,4.7237,6.8018,0
26.312,223,-13,1542,1488,1.19,0.23,3.0202,4.7237,6.8018,0
26.330,222,-13,1541,1499,1.19,0.23,3.0202,4.7237,6.8018,0
26.349,221,-13,1541,1499,1.71,-0.64,3.0202,4.7237,6.8018,0
26.367,220,-12,1541,1503,1.71,-0.64,3.0202,4.7237,6.8018,0
26.385,219,-13,1541,1493,1.71,-0.64,3.0202,4.7237,6.8018,0
26.403,218,-12,1541,1504,1.71,-0.64,3.3373,4.5549,9.9952,0
26.420,217,-13,1540,1493,1.71,-0.64,3.3373,4.5549,9.9952,0
26.437,217,-13,1543,1499,1.71,-0.64,3.3373,4.5549,9.9952,0
26.454,216,-13,1540,1499,1.71,-0.64,3.3373,4.5549,9.9952,0
26.471,215,-13,1540,1499,1.71,-0.64,3.3373,4.5549,9.9952,0
26.488,215,-13,1543,1499,1.71,-0.64,3.3373,4.5549,9.9952,0
26.506,214,-13,1540,1499,1.71,-0.64,3.3373,4.5549,9.9952,0
26.523,212,-13,1536,1499,1.71,-0.64,3.3373,4.5549,9.9952,0
26.540,211,-13,1539,1499,1.71,-0.64,3.3373,4.5549,9.9952,0
26.558,209,-13,1536,1499,1.71,-0.64,3.3373,4.5549,9.9952,0
26.577,207,-14,1536,1493,1.71,-0.64,3.3373,4.5549,9.9952,0
26.594,205,-14,1535,1499,1.34,-0.36,3.3373,4.5549,9.9952,0
26.611,203,-14,1535,1499,1.34,-0.36,3.3373,4.5549,9.9952,0
26.630,201,-13,1534,1503,1.34,-0.36,3.3373,4.5549,9.9952,0
26.647,199,-13,1534,1499,1.34,-0.36,3.3373,4.5549,9.9952,0
26.664,197,-13,1533,1499,1.34,-0.36,2.9571,4.6166,6.7231,0
26.682,194,-14,1531,1493,1.34,-0.36,2.9571,4.6166,6.7231,0
26.700,192,-14,1532,1499,1.34,-0.36,2.9571,4.6166,6.7231,0
26.718,190,-14,1532,1499,1.34,-0.36,2.9571,4.6166,6.7231,0
26.736,188,-14,1532,1499,1.34,-0.36,2.9571,4.6166,6.7231,0
26.754,187,-14,1534,1499,1.34,-0.36,2.9571,4.6166,6.7231,0
26.772,185,-14,1531,1499,1.34,-0.36,2.9571,4.6166,6.7231,0
26.790,183,-14,1531,1499,1.34,-0.36,2.9571,4.6166,6.7231,0
26.808,181,-15,1530,1493,1.34,-0.36,2.9571,4.6166,6.7231,0
26.825,179,-14,1530,1504,1.34,-0.36,2.9571,4.6166,6.7231,0
26.843,177,-15,1530,1493,0.69,-0.15,2.9571,4.6166,6.7231,0
26.863,176,-15,1533,1499,0.69,-0.15,2.9571,4.6166,6.7231,0
26.880,173,-15,1526,1499,0.69,-0.15,2.9571,4.6166,6.7231,0
26.898,171,-16,1528,1493,0.69,-0.15,2.9571,4.6166,6.7231,0
26.916,169,-17,1528,1493,0.69,-0.15,3.3692,3.6189,10.0522,0
26.934,166,-17,1524,1498,0.69,-0.15,3.3692,3.6189,10.0522,0
26.951,164,-17,1527,1498,0.69,-0.15,3.3692,3.6189,10.0522,0
26.968,163,-17,1529,1498,0.69,-0.15,3.3692,3.6189,10.0522,0
26.985,162,-17,1529,1498,0.69,-0.15,3.3692,3.6189,10.0522,0
27.003,162,-17,1532,1498,0.69,-0.15,3.3692,3.6189,10.0522,0
27.020,161,-17,1529,1498,0.69,-0.15,3.3692,3.6189,10.0522,0
27.037,161,-17,1532,1498,0.69,-0.15,3.3692,3.6189,10.0522,0
27.054,162,-17,1535,1498,0.69,-0.15,3.3692,3.6189,10.0522,0
27.071,162,-16,1532,1503,0.69,-0.15,3.3692,3.6189,10.0522,0
27.092,161,-16,1529,1499,0.01,-0.30,3.3692,3.6189,10.0522,0
27.110,161,-16,1532,1499,0.01,-0.30,3.3692,3.6189,10.0522,0
27.128,160,-16,1529,1499,0.01,-0.30,3.3692,3.6189,10.0522,0
27.147,158,-16,1526,1499,0.01,-0.30,3.3692,3.6189,10.0522,0
27.164,156,-16,1525,1499,0.01,-0.30,2.7436,4.4735,6.4345,0
27.182,154,-17,1525,1493,0.01,-0.30,2.7436,4.4735,6.4345,0
27.199,154,-17,1531,1498,0.01,-0.30,2.7436,4.4735,6.4345,0
27.216,153,-17,1528,1498,0.01,-0.30,2.7436,4.4735,6.4345,0
27.235,150,-17,1522,1498,0.01,-0.30,2.7436,4.4735,6.4345,0
27.253,147,-17,1521,1498,0.01,-0.30,2.7436,4.4735,6.4345,0
27.270,142,-18,1514,1493,0.01,-0.30,2.7436,4.4735,6.4345,0
27.287,141,-18,1525,1498,0.01,-0.30,2.7436,4.4735,6.4345,0
27.305,139,-18,1522,1498,0.01,-0.30,2.7436,4.4735,6.4345,0
27.322,136,-18,1518,1498,0.01,-0.30,2.7436,4.4735,6.4345,0
27.341,134,-18,1521,1498,0.07,-0.45,2.7436,4.4735,6.4345,0
27.360,131,-19,1518,1493,0.07,-0.45,2.7436,4.4735,6.4345,0
27.381,128,-19,1518,1498,0.07,-0.45,2.7436,4.4735,6.4345,0
27.400,125,-18,1517,1503,0.07,-0.45,2.8039,3.8587,7.4022,0
27.418,119,-19,1507,1493,0.07,-0.45,2.8039,3.8587,7.4022,0
27.435,117,-19,1517,1498,0.07,-0.45,2.8039,3.8587,7.4022,0
27.452,114,-18,1514,1503,0.07,-0.45,2.8039,3.8587,7.4022,0
27.469,112,-19,1516,1492,0.07,-0.45,2.8039,3.8587,7.4022,0
27.486,111,-19,1519,1498,0.07,-0.45,2.8039,3.8587,7.4022,0
27.504,109,-19,1516,1498,0.07,-0.45,2.8039,3.8587,7.4022,0
27.521,108,-18,1518,1503,0.07,-0.45,2.8039,3.8587,7.4022,0
27.538,106,-19,1515,1492,0.07,-0.45,2.8039,3.8587,7.4022,0
27.556,105,-19,1518,1498,0.07,-0.45,2.8039,3.8587,7.4022,0
27.573,103,-19,1515,1498,0.07,-0.45,2.8039,3.8587,7.4022,0
27.590,102,-19,1517,1498,0.48,-0.25,2.8039,3.8587,7.4022,0
27.607,101,-19,1517,1498,0.48,-0.25,2.8039,3.8587,7.4022,0
27.626,101,-19,1520,1498,0.48,-0.25,2.8039,3.8587,7.4022,0
27.643,101,-19,1520,1498,0.48,-0.25,2.8039,3.8587,7.4022,0
27.663,100,-19,1517,1498,0.48,-0.25,2.7769,3.4138,7.2559,0
27.681,99,-19,1517,1498,0.48,-0.25,2.7769,3.4138,7.2559,0
27.698,97,-19,1513,1498,0.48,-0.25,2.7769,3.4138,7.2559,0
27.716,96,-19,1516,1498,0.48,-0.25,2.7769,3.4138,7.2559,0
27.733,95,-19,1516,1498,0.48,-0.25,2.7769,3.4138,7.2559,0
27.750,94,-19,1516,1498,0.48,-0.25,2.7769,3.4138,7.2559,0
27.768,92,-19,1512,1498,0.48,-0.25,2.7769,3.4138,7.2559,0
27.785,91,-19,1515,1498,0.48,-0.25,2.7769,3.4138,7.2559,0
27.803,89,-20,1512,1493,0.48,-0.25,2.7769,3.4138,7.2559,0
27.821,86,-20,1509,1498,0.48,-0.25,2.7769,3.4138,7.2559,0
27.839,83,-21,1508,1492,0.09,-0.46,2.7769,3.4138,7.2559,0
27.856,80,-21,1507,1498,0.09,-0.46,2.7769,3.4138,7.2559,0
27.875,77,-21,1507,1498,0.09,-0.46,2.7769,3.4138,7.2559,0
27.892,73,-22,1503,1492,0.09,-0.46,2.7769,3.4138,7.2559,0
27.910,70,-21,1505,1503,0.09,-0.46,2.5813,3.6510,7.6230,0
27.927,66,-23,1501,1486,0.09,-0.46,2.5813,3.6510,7.6230,0
27.944,62,-23,1501,1498,0.09,-0.46,2.5813,3.6510,7.6230,0
27.962,55,-22,1492,1503,0.09,-0.46,2.5813,3.6510,7.6230,1
27.979,51,-22,1500,1498,0.09,-0.46,2.5813,3.6510,7.6230,1
27.998,47,-22,1500,1498,0.09,-0.46,2.5813,3.6510,7.6230,1
28.015,47,-22,1509,1498,0.09,-0.46,2.5813,3.6510,7.6230,1
28.032,38,-22,1482,1498,0.09,-0.46,2.5813,3.6510,7.6230,1
28.049,33,-22,1493,1498,0.09,-0.46,2.5813,3.6510,7.6230,1
28.066,28,-22,1492,1498,0.09,-0.46,2.5813,3.6510,7.6230,1
28.085,22,-22,1489,1498,-0.64,-0.85,2.5813,3.6510,7.6230,1
28.102,17,-22,1490,1498,-0.64,-0.85,2.5813,3.6510,7.6230,1
28.120,12,-22,1489,1498,-0.64,-0.85,2.5813,3.6510,7.6230,1
28.140,7,-22,1489,1498,-0.64,-0.85,2.5813,3.6510,7.6230,1
28.157,1,-22,1484,1498,-0.64,-0.85,3.0700,4.3546,7.2994,1
28.175,-4,-21,1486,1503,-0.64,-0.85,3.0700,4.3546,7.2994,1
28.192,-11,-21,1479,1498,-0.64,-0.85,3.0700,4.3546,7.2994,1
28.209,-17,-20,1480,1503,-0.64,-0.85,3.0700,4.3546,7.2994,1
28.226,-22,-21,1482,1492,-0.64,-0.85,3.0700,4.3546,7.2994,1
28.244,-29,-20,1474,1503,-0.64,-0.85,3.0700,4.3546,7.2994,1
28.262,-34,-20,1480,1498,-0.64,-0.85,3.0700,4.3546,7.2994,1
28.280,-44,-21,1463,1492,-0.64,-0.85,3.0700,4.3546,7.2994,1
28.298,-48,-21,1481,1498,-0.64,-0.85,3.0700,4.3546,7.2994,1
28.315,-52,-20,1479,1503,-0.64,-0.85,3.0700,4.3546,7.2994,1
28.333,-56,-20,1478,1498,-0.64,-0.85,3.0700,4.3546,7.2994,1
28.351,-56,-20,1490,1498,-0.46,-1.12,3.0700,4.3546,7.2994,1
28.370,-63,-20,1470,1498,-0.46,-1.12,3.0700,4.3546,7.2994,0
28.390,-63,-20,1488,1498,-0.46,-1.12,3.0700,4.3546,7.2994,0
28.407,-70,-19,1467,1503,-0.46,-1.12,3.2233,3.9335,7.3757,0
28.428,-74,-19,1476,1499,-0.46,-1.12,3.2233,3.9335,7.3757,0
28.445,-77,-19,1477,1499,-0.46,-1.12,3.2233,3.9335,7.3757,0
28.463,-80,-20,1476,1493,-0.46,-1.12,3.2233,3.9335,7.3757,0
28.481,-83,-19,1475,1503,-0.46,-1.12,3.2233,3.9335,7.3757,0
28.499,-89,-19,1466,1499,-0.46,-1.12,3.2233,3.9335,7.3757,0
28.516,-93,-18,1470,1503,-0.46,-1.12,3.2233,3.9335,7.3757,0
28.533,-97,-18,1469,1499,-0.46,-1.12,3.2233,3.9335,7.3757,0
28.550,-101,-18,1468,1499,-0.46,-1.12,3.2233,3.9335,7.3757,0
28.568,-105,-18,1468,1499,-0.46,-1.12,3.2233,3.9335,7.3757,0
28.585,-110,-18,1464,1499,-1.35,-0.33,3.2233,3.9335,7.3757,0
28.603,-115,-17,1463,1503,-1.35,-0.33,3.2233,3.9335,7.3757,0
28.621,-115,-17,1477,1499,-1.35,-0.33,3.2233,3.9335,7.3757,0
28.639,-119,-17,1465,1499,-1.35,-0.33,3.2233,3.9335,7.3757,0
28.656,-125,-17,1458,1499,-1.35,-0.33,3.2000,3.6375,7.2380,0
28.674,-130,-17,1460,1499,-1.35,-0.33,3.2000,3.6375,7.2380,0
28.693,-135,-16,1460,1503,-1.35,-0.33,3.2000,3.6375,7.2380,0
28.710,-141,-16,1455,1499,-1.35,-0.33,3.2000,3.6375,7.2380,0
28.728,-151,-16,1443,1499,-1.35,-0.33,3.2000,3.6375,7.2380,0
28.746,-156,-15,1454,1504,-1.35,-0.33,3.2000,3.6375,7.2380,0
28.763,-160,-15,1457,1499,-1.35,-0.33,3.2000,3.6375,7.2380,0
28.780,-168,-14,1443,1504,-1.35,-0.33,3.2000,3.6375,7.2380,0
28.797,-168,-14,1467,1499,-1.35,-0.33,3.2000,3.6375,7.2380,0
28.815,-175,-14,1445,1499,-1.35,-0.33,3.2000,3.6375,7.2380,0
28.832,-175,-14,1465,1499,-1.35,-0.33,3.2000,3.6375,7.2380,0
28.849,-181,-14,1447,1499,-1.72,0.53,3.2000,3.6375,7.2380,0
28.866,-181,-14,1464,1499,-1.72,0.53,3.2000,3.6375,7.2380,0
28.884,-184,-13,1455,1504,-1.72,0.53,3.2000,3.6375,7.2380,0
28.901,-187,-13,1454,1499,-1.72,0.53,3.2725,3.7404,6.9161,0
28.918,-189,-14,1457,1493,-1.72,0.53,3.2725,3.7404,6.9161,0
28.937,-192,-14,1454,1499,-1.72,0.53,3.2725,3.7404,6.9161,0
28.954,-197,-13,1447,1504,-1.72,0.53,3.2725,3.7404,6.9161,0
28.971,-200,-13,1451,1499,-1.72,0.53,3.2725,3.7404,6.9161,0
28.989,-203,-13,1451,1499,-1.72,0.53,3.2725,3.7404,6.9161,0
29.006,-206,-12,1450,1504,-1.72,0.53,3.2725,3.7404,6.9161,0
29.023,-210,-12,1446,1499,-1.72,0.53,3.2725,3.7404,6.9161,0
29.040,-213,-12,1449,1499,-1.72,0.53,3.2725,3.7404,6.9161,0
29.057,-216,-12,1448,1499,-1.72,0.53,3.2725,3.7404,6.9161,0
29.074,-219,-12,1448,1499,-1.72,0.53,3.2725,3.7404,6.9161,0
29.091,-222,-12,1447,1499,-2.05,0.91,3.2725,3.7404,6.9161,0
29.109,-224,-12,1450,1499,-2.05,0.91,3.2725,3.7404,6.9161,0
29.129,-226,-11,1450,1503,-2.05,0.91,3.2725,3.7404,6.9161,0
29.150,-227,-11,1452,1499,-2.05,0.91,3.3234,3.9968,7.3790,0
29.171,-229,-11,1449,1499,-2.05,0.91,3.3234,3.9968,7.3790,0
29.188,-230,-10,1451,1504,-2.05,0.91,3.3234,3.9968,7.3790,0
29.206,-231,-11,1451,1494,-2.05,0.91,3.3234,3.9968,7.3790,0
29.224,-232,-10,1451,1504,-2.05,0.91,3.3234,3.9968,7.3790,0
29.242,-233,-11,1451,1494,-2.05,0.91,3.3234,3.9968,7.3790,0
29.260,-233,-10,1454,1504,-2.05,0.91,3.3234,3.9968,7.3790,0
29.279,-235,-10,1448,1499,-2.05,0.91,3.3234,3.9968,7.3790,0
29.296,-235,-10,1453,1499,-2.05,0.91,3.3234,3.9968,7.3790,0
29.315,-236,-10,1450,1499,-2.05,0.91,3.3234,3.9968,7.3790,0
29.333,-236,-10,1453,1499,-2.05,0.91,3.3234,3.9968,7.3790,0
29.351,-237,-10,1450,1499,-2.37,1.04,3.3234,3.9968,7.3790,0
29.370,-238,-10,1450,1499,-2.37,1.04,3.3234,3.9968,7.3790,0
29.387,-240,-9,1446,1504,-2.37,1.04,3.3234,3.9968,7.3790,0
29.405,-241,-9,1449,1499,-2.37,1.04,3.2056,3.8722,6.6503,0
29.423,-244,-9,1443,1499,-2.37,1.04,3.2056,3.8722,6.6503,0
29.441,-245,-9,1448,1499,-2.37,1.04,3.2056,3.8722,6.6503,0
29.460,-246,-9,1448,1499,-2.37,1.04,3.2056,3.8722,6.6503,0
29.478,-250,-8,1439,1504,-2.37,1.04,3.2056,3.8722,6.6503,0
29.495,-250,-8,1450,1500,-2.37,1.04,3.2056,3.8722,6.6503,0
29.513,-253,-8,1441,1500,-2.37,1.04,3.2056,3.8722,6.6503,0
29.530,-253,-8,1450,1500,-2.37,1.04,3.2056,3.8722,6.6503,0
29.548,-257,-8,1437,1500,-2.37,1.04,3.2056,3.8722,6.6503,0
29.566,-259,-8,1443,1500,-2.37,1.04,3.2056,3.8722,6.6503,0
29.584,-261,-7,1442,1504,-2.19,0.47,3.2056,3.8722,6.6503,0
29.601,-262,-7,1445,1500,-2.19,0.47,3.2056,3.8722,6.6503,0
29.620,-264,-7,1442,1500,-2.19,0.47,3.2056,3.8722,6.6503,0
29.637,-266,-7,1441,1500,-2.19,0.47,3.2056,3.8722,6.6503,0
29.657,-268,-7,1441,1500,-2.19,0.47,3.2078,4.0160,5.3827,0
29.674,-270,-6,1440,1504,-2.19,0.47,3.2078,4.0160,5.3827,0
29.691,-271,-7,1443,1494,-2.19,0.47,3.2078,4.0160,5.3827,0
29.709,-272,-6,1443,1505,-2.19,0.47,3.2078,4.0160,5.3827,0
29.726,-274,-6,1440,1500,-2.19,0.47,3.2078,4.0160,5.3827,0
29.744,-274,-7,1445,1494,-2.19,0.47,3.2078,4.0160,5.3827,0
29.761,-275,-7,1442,1500,-2.19,0.47,3.2078,4.0160,5.3827,0
29.778,0,0,1500,1500,-2.19,0.47,3.2078,4.0160,5.3827,0
29.796,0,0,1500,1500,-2.19,0.47,3.2078,4.0160,5.3827,0
29.814,0,0,1500,1500,-2.19,0.47,3.2078,4.0160,5.3827,0
29.831,0,0,1500,1500,-2.19,0.47,3.2078,4.0160,5.3827,0
29.848,0,0,1500,1500,-1.87,0.18,3.2078,4.0160,5.3827,0
29.865,0,0,1500,1500,-1.87,0.18,3.2078,4.0160,5.3827,0
29.883,0,0,1500,1500,-1.87,0.18,3.2078,4.0160,5.3827,0
29.900,0,0,1500,1500,-1.87,0.18,3.2992,3.5568,8.5779,0
29.922,0,0,1500,1500,-1.87,0.18,3.2992,3.5568,8.5779,0
29.939,0,0,1500,1500,-1.87,0.18,3.2992,3.5568,8.5779,0
29.957,0,0,1500,1500,-1.87,0.18,3.2992,3.5568,8.5779,0
29.976,0,0,1500,1500,-1.87,0.18,3.2992,3.5568,8.5779,0
29.994,0,0,1500,1500,-1.87,0.18,3.2992,3.5568,8.5779,0
30.011,0,0,1500,1500,-1.87,0.18,3.2992,3.5568,8.5779,0
30.029,0,0,1500,1500,-1.87,0.18,3.2992,3.5568,8.5779,0
30.049,0,0,1500,1500,-1.87,0.18,3.2992,3.5568,8.5779,0
30.066,0,0,1500,1500,-1.87,0.18,3.2992,3.5568,8.5779,0
30.083,0,0,1500,1500,-1.32,0.47,3.2992,3.5568,8.5779,0
30.100,0,0,1500,1500,-1.32,0.47,3.2992,3.5568,8.5779,0
30.118,0,0,1500,1500,-1.32,0.47,3.2992,3.5568,8.5779,0
30.137,0,0,1500,1500,-1.32,0.47,3.2992,3.5568,8.5779,0
30.155,0,0,1500,1500,-1.32,0.47,3.3722,5.0037,7.0267,0
30.173,0,0,1500,1500,-1.32,0.47,3.3722,5.0037,7.0267,0
30.191,0,0,1500,1500,-1.32,0.47,3.3722,5.0037,7.0267,0
30.210,0,0,1500,1500,-1.32,0.47,3.3722,5.0037,7.0267,0
30.228,0,0,1500,1500,-1.32,0.47,3.3722,5.0037,7.0267,0
30.246,0,0,1500,1500,-1.32,0.47,3.3722,5.0037,7.0267,0
30.263,0,0,1500,1500,-1.32,0.47,3.3722,5.0037,7.0267,0
30.280,0,0,1500,1500,-1.32,0.47,3.3722,5.0037,7.0267,0
30.298,0,0,1500,1500,-1.32,0.47,3.3722,5.0037,7.0267,0
30.315,0,0,1500,1500,-1.32,0.47,3.3722,5.0037,7.0267,0
30.332,0,0,1500,1500,-1.34,1.29,3.3722,5.0037,7.0267,0
30.349,0,0,1500,1500,-1.34,1.29,3.3722,5.0037,7.0267,0
30.366,0,0,1500,1500,-1.34,1.29,3.3722,5.0037,7.0267,0
30.385,0,0,1500,1500,-1.34,1.29,3.3722,5.0037,7.0267,0
30.402,-268,6,1468,1578,-1.34,1.29,3.4151,4.9404,9.2717,0
30.419,-266,8,1453,1512,-1.34,1.29,3.4151,4.9404,9.2717,0
30.438,-265,10,1450,1512,-1.34,1.29,3.4151,4.9404,9.2717,0
30.455,-263,10,1453,1501,-1.34,1.29,3.4151,4.9404,9.2717,0
30.474,-261,10,1454,1501,-1.34,1.29,3.4151,4.9404,9.2717,0
30.491,-258,10,1457,1501,-1.34,1.29,3.4151,4.9404,9.2717,0
30.509,-254,10,1460,1501,-1.34,1.29,3.4151,4.9404,9.2717,0
30.529,-249,12,1463,1511,-1.34,1.29,3.4151,4.9404,9.2717,0
30.546,-246,13,1459,1506,-1.34,1.29,3.4151,4.9404,9.2717,0
30.564,-243,13,1460,1501,-1.34,1.29,3.4151,4.9404,9.2717,0
30.581,-238,13,1467,1501,-1.44,2.31,3.4151,4.9404,9.2717,0
30.598,-234,14,1465,1507,-1.44,2.31,3.4151,4.9404,9.2717,0
30.617,-228,14,1471,1501,-1.44,2.31,3.4151,4.9404,9.2717,0
30.635,-225,15,1464,1507,-1.44,2.31,3.4151,4.9404,9.2717,0
30.661,-219,14,1468,1498,-1.44,2.31,3.2992,5.5494,7.8395,0
30.679,-210,15,1484,1507,-1.44,2.31,3.2992,5.5494,7.8395,0
30.696,-205,15,1474,1501,-1.44,2.31,3.2992,5.5494,7.8395,0
30.713,-200,15,1475,1501,-1.44,2.31,3.2992,5.5494,7.8395,0
30.731,-197,16,1469,1507,-1.44,2.31,3.2992,5.5494,7.8395,0
30.748,-192,16,1476,1501,-1.44,2.31,3.2992,5.5494,7.8395,0
30.766,-188,16,1474,1501,-1.44,2.31,3.2992,5.5494,7.8395,0
30.784,-183,17,1478,1507,-1.44,2.31,3.2992,5.5494,7.8395,0
30.802,-179,17,1476,1501,-1.44,2.31,3.2992,5.5494,7.8395,0
30.819,-175,17,1477,1501,-1.44,2.31,3.2992,5.5494,7.8395,0
30.837,-172,17,1474,1501,-1.49,2.14,3.2992,5.5494,7.8395,0
30.854,-168,18,1478,1507,-1.49,2.14,3.2992,5.5494,7.8395,0
30.873,-165,18,1475,1501,-1.49,2.14,3.2992,5.5494,7.8395,0
30.890,-161,18,1480,1501,-1.49,2.14,3.2992,5.5494,7.8395,0
30.908,-159,18,1474,1501,-1.49,2.14,3.4518,4.9200,8.2528,0
30.925,-156,18,1478,1501,-1.49,2.14,3.4518,4.9200,8.2528,0
30.943,-154,18,1475,1501,-1.49,2.14,3.4518,4.9200,8.2528,0
30.961,-150,18,1481,1501,-1.49,2.14,3.4518,4.9200,8.2528,0
30.978,-147,18,1480,1501,-1.49,2.14,3.4518,4.9200,8.2528,0
30.995,-143,18,1483,1501,-1.49,2.14,3.4518,4.9200,8.2528,0
31.012,-137,19,1490,1507,-1.49,2.14,3.4518,4.9200,8.2528,0
31.029,-137,19,1473,1501,-1.49,2.14,3.4518,4.9200,8.2528,0
31.047,-131,19,1491,1501,-1.49,2.14,3.4518,4.9200,8.2528,0
31.065,-127,19,1486,1502,-1.49,2.14,3.4518,4.9200,8.2528,0
31.084,-123,19,1486,1502,-1.19,1.99,3.4518,4.9200,8.2528,0
31.103,-119,19,1488,1502,-1.19,1.99,3.4518,4.9200,8.2528,0
31.120,-114,19,1491,1502,-1.19,1.99,3.4518,4.9200,8.2528,0
31.137,-111,19,1487,1502,-1.19,1.99,3.4518,4.9200,8.2528,0
31.154,-107,19,1490,1502,-1.19,1.99,3.3637,5.2457,6.5577,0
31.172,-103,19,1491,1502,-1.19,1.99,3.3637,5.2457,6.5577,0
31.189,-99,19,1492,1502,-1.19,1.99,3.3637,5.2457,6.5577,0
31.207,-94,19,1495,1502,-1.19,1.99,3.3637,5.2457,6.5577,0
31.225,-89,19,1496,1502,-1.19,1.99,3.3637,5.2457,6.5577,0
31.243,-84,18,1497,1497,-1.19,1.99,3.3637,5.2457,6.5577,0
31.261,-73,18,1515,1501,-1.19,1.99,3.3637,5.2457,6.5577,0
31.278,-68,18,1500,1501,-1.19,1.99,3.3637,5.2457,6.5577,0
31.296,-62,18,1504,1501,-1.19,1.99,3.3637,5.2457,6.5577,0
31.313,-57,18,1502,1501,-1.19,1.99,3.3637,5.2457,6.5577,1
31.332,-57,18,1489,1501,-1.69,1.89,3.3637,5.2457,6.5577,1
31.350,-51,18,1505,1501,-1.69,1.89,3.3637,5.2457,6.5577,1
31.369,-45,17,1506,1497,-1.69,1.89,3.3637,5.2457,6.5577,1
31.389,-39,17,1507,1501,-1.69,1.89,3.3637,5.2457,6.5577,1
31.406,-26,16,1532,1496,-1.69,1.89,3.4421,5.7355,7.6388,1
31.424,-20,16,1512,1501,-1.69,1.89,3.4421,5.7355,7.6388,1
31.442,-13,16,1516,1501,-1.69,1.89,3.4421,5.7355,7.6388,1
31.459,-6,15,1517,1497,-1.69,1.89,3.4421,5.7355,7.6388,1
31.477,8,15,1542,1501,-1.69,1.89,3.4421,5.7355,7.6388,1
31.494,15,15,1522,1501,-1.69,1.89,3.4421,5.7355,7.6388,1
31.511,21,14,1521,1496,-1.69,1.89,3.4421,5.7355,7.6388,1
31.529,28,14,1524,1501,-1.69,1.89,3.4421,5.7355,7.6388,1
31.546,34,14,1524,1501,-1.69,1.89,3.4421,5.7355,7.6388,1
31.563,40,14,1525,1501,-1.69,1.89,3.4421,5.7355,7.6388,1
31.581,46,13,1526,1496,-1.25,1.84,3.4421,5.7355,7.6388,1
31.598,53,13,1530,1501,-1.25,1.84,3.4421,5.7355,7.6388,1
31.616,59,13,1528,1501,-1.25,1.84,3.4421,5.7355,7.6388,1
31.634,65,12,1529,1496,-1.25,1.84,3.4421,5.7355,7.6388,0
31.652,71,12,1531,1501,-1.25,1.84,2.9499,5.0613,7.4884,0
31.669,76,11,1529,1496,-1.25,1.84,2.9499,5.0613,7.4884,0
31.689,81,11,1528,1501,-1.25,1.84,2.9499,5.0613,7.4884,0
31.707,86,10,1531,1496,-1.25,1.84,2.9499,5.0613,7.4884,0
31.724,91,9,1532,1496,-1.25,1.84,2.9499,5.0613,7.4884,0
31.743,99,9,1542,1500,-1.25,1.84,2.9499,5.0613,7.4884,0
31.760,101,9,1526,1500,-1.25,1.84,2.9499,5.0613,7.4884,0
31.777,105,8,1532,1495,-1.25,1.84,2.9499,5.0613,7.4884,0
31.794,108,8,1530,1500,-1.25,1.84,2.9499,5.0613,7.4884,0
31.812,111,7,1530,1496,-1.25,1.84,2.9499,5.0613,7.4884,0
31.830,115,7,1534,1500,-0.24,1.59,2.9499,5.0613,7.4884,0
31.848,117,6,1529,1495,-0.24,1.59,2.9499,5.0613,7.4884,0
31.867,121,5,1535,1496,-0.24,1.59,2.9499,5.0613,7.4884,0
31.884,124,5,1533,1500,-0.24,1.59,2.9499,5.0613,7.4884,0
31.902,126,5,1531,1500,-0.24,1.59,2.8114,4.1454,8.2512,0
31.919,129,5,1534,1500,-0.24,1.59,2.8114,4.1454,8.2512,0
31.936,131,4,1532,1495,-0.24,1.59,2.8114,4.1454,8.2512,0
31.954,134,3,1535,1495,-0.24,1.59,2.8114,4.1454,8.2512,0
31.971,136,3,1533,1500,-0.24,1.59,2.8114,4.1454,8.2512,0
31.988,138,2,1533,1495,-0.24,1.59,2.8114,4.1454,8.2512,0
32.006,140,1,1534,1495,-0.24,1.59,2.8114,4.1454,8.2512,0
32.024,142,0,1534,1495,-0.24,1.59,2.8114,4.1454,8.2512,0
32.041,143,0,1531,1500,-0.24,1.59,2.8114,4.1454,8.2512,0
32.059,146,-1,1538,1495,-0.24,1.59,2.8114,4.1454,8.2512,0
32.077,146,-1,1529,1500,0.17,1.41,2.8114,4.1454,8.2512,0
32.094,147,-1,1532,1500,0.17,1.41,2.8114,4.1454,8.2512,0
32.111,147,-2,1529,1494,0.17,1.41,2.8114,4.1454,8.2512,0
32.128,147,-2,1529,1500,0.17,1.41,2.8114,4.1454,8.2512,0
32.147,147,-3,1529,1494,0.17,1.41,3.1820,4.4141,6.0080,0
32.165,147,-4,1529,1495,0.17,1.41,3.1820,4.4141,6.0080,0
32.182,147,-5,1529,1494,0.17,1.41,3.1820,4.4141,6.0080,0
32.199,147,-5,1529,1500,0.17,1.41,3.1820,4.4141,6.0080,0
32.216,147,-6,1529,1494,0.17,1.41,3.1820,4.4141,6.0080,0
32.234,147,-7,1529,1494,0.17,1.41,3.1820,4.4141,6.0080,0
32.251,147,-7,1529,1500,0.17,1.41,3.1820,4.4141,6.0080,0
32.269,147,-8,1529,1494,0.17,1.41,3.1820,4.4141,6.0080,0
32.286,147,-8,1529,1500,0.17,1.41,3.1820,4.4141,6.0080,0
32.304,147,-9,1529,1494,0.17,1.41,3.1820,4.4141,6.0080,0
32.321,147,-9,1529,1500,0.17,1.41,3.1820,4.4141,6.0080,0
32.339,147,-10,1529,1494,0.15,-0.06,3.1820,4.4141,6.0080,0
32.356,147,-10,1529,1500,0.15,-0.06,3.1820,4.4141,6.0080,0
32.373,147,-10,1529,1500,0.15,-0.06,3.1820,4.4141,6.0080,0
32.390,147,-11,1529,1494,0.15,-0.06,3.4141,4.7270,8.7107,0
32.407,148,-12,1532,1493,0.15,-0.06,3.4141,4.7270,8.7107,0
32.427,148,-12,1529,1499,0.15,-0.06,3.4141,4.7270,8.7107,0
32.444,148,-13,1529,1494,0.15,-0.06,3.4141,4.7270,8.7107,0
32.462,148,-14,1529,1493,0.15,-0.06,3.4141,4.7270,8.7107,0
32.479,147,-14,1526,1499,0.15,-0.06,3.4141,4.7270,8.7107,0
32.497,147,-15,1529,1493,0.15,-0.06,3.4141,4.7270,8.7107,0
32.514,146,-15,1526,1499,0.15,-0.06,3.4141,4.7270,8.7107,0
32.532,146,-15,1529,1499,0.15,-0.06,3.4141,4.7270,8.7107,0
32.549,145,-15,1526,1499,0.15,-0.06,3.4141,4.7270,8.7107,0
32.567,144,-16,1526,1493,0.15,-0.06,3.4141,4.7270,8.7107,0
32.584,144,-16,1529,1499,-0.03,-0.83,3.4141,4.7270,8.7107,0
32.603,144,-17,1529,1494,-0.03,-0.83,3.4141,4.7270,8.7107,0
32.621,143,-17,1526,1499,-0.03,-0.83,3.4141,4.7270,8.7107,0
32.639,141,-18,1522,1493,-0.03,-0.83,3.5206,6.3220,9.3963,0
32.657,141,-18,1528,1499,-0.03,-0.83,3.5206,6.3220,9.3963,0
32.675,141,-18,1528,1499,-0.03,-0.83,3.5206,6.3220,9.3963,0
32.693,140,-20,1525,1488,-0.03,-0.83,3.5206,6.3220,9.3963,0
32.711,141,-21,1531,1493,-0.03,-0.83,3.5206,6.3220,9.3963,0
32.728,141,-21,1528,1498,-0.03,-0.83,3.5206,6.3220,9.3963,0
32.745,142,-20,1531,1503,-0.03,-0.83,3.5206,6.3220,9.3963,0
32.762,143,-21,1531,1492,-0.03,-0.83,3.5206,6.3220,9.3963,0
32.780,144,-22,1528,1498,-0.03,-0.83,3.5206,6.3220,9.3963,0
32.797,145,-22,1534,1493,-0.03,-0.83,3.5206,6.3220,9.3963,0
32.815,146,-22,1532,1498,-0.03,-0.83,3.5206,6.3220,9.3963,0
32.834,147,-22,1532,1498,0.26,-0.74,3.5206,6.3220,9.3963,0
32.852,147,-22,1529,1498,0.26,-0.74,3.5206,6.3220,9.3963,0
32.871,148,-23,1532,1493,0.26,-0.74,3.5206,6.3220,9.3963,0
32.890,149,-22,1532,1502,0.26,-0.74,3.5312,6.2224,9.2390,0
32.908,150,-23,1533,1492,0.26,-0.74,3.5312,6.2224,9.2390,0
32.926,150,-24,1530,1492,0.26,-0.74,3.5312,6.2224,9.2390,0
32.944,150,-25,1530,1492,0.26,-0.74,3.5312,6.2224,9.2390,0
32.962,150,-24,1530,1503,0.26,-0.74,3.5312,6.2224,9.2390,0
32.979,150,-24,1530,1498,0.26,-0.74,3.5312,6.2224,9.2390,0
32.996,149,-24,1527,1498,0.26,-0.74,3.5312,6.2224,9.2390,0
33.013,149,-24,1530,1498,0.26,-0.74,3.5312,6.2224,9.2390,0
33.030,149,-25,1530,1492,0.26,-0.74,3.5312,6.2224,9.2390,0
33.048,148,-25,1526,1498,0.26,-0.74,3.5312,6.2224,9.2390,0
33.066,148,-26,1529,1492,0.26,-0.74,3.5312,6.2224,9.2390,0
33.083,148,-26,1529,1498,0.74,-0.70,3.5312,6.2224,9.2390,0
33.101,147,-26,1526,1498,0.74,-0.70,3.5312,6.2224,9.2390,0
33.119,147,-26,1529,1498,0.74,-0.70,3.5312,6.2224,9.2390,0
33.140,146,-25,1527,1502,0.74,-0.70,3.4703,5.2878,9.6595,0
33.158,145,-25,1526,1498,0.74,-0.70,3.4703,5.2878,9.6595,0
33.175,145,-27,1529,1486,0.74,-0.70,3.4703,5.2878,9.6595,0
33.194,144,-27,1526,1498,0.74,-0.70,3.4703,5.2878,9.6595,0
33.211,144,-27,1529,1498,0.74,-0.70,3.4703,5.2878,9.6595,0
33.228,144,-26,1529,1502,0.74,-0.70,3.4703,5.2878,9.6595,0
33.246,144,-26,1529,1498,0.74,-0.70,3.4703,5.2878,9.6595,0
33.263,143,-27,1526,1492,0.74,-0.70,3.4703,5.2878,9.6595,0
33.281,143,-27,1528,1498,0.74,-0.70,3.4703,5.2878,9.6595,0
33.298,142,-27,1525,1498,0.74,-0.70,3.4703,5.2878,9.6595,0
33.316,141,-27,1525,1498,0.74,-0.70,3.4703,5.2878,9.6595,0
33.335,140,-27,1525,1498,0.53,-1.01,3.4703,5.2878,9.6595,0
33.352,139,-28,1525,1492,0.53,-1.01,3.4703,5.2878,9.6595,0
33.370,138,-28,1525,1497,0.53,-1.01,3.4703,5.2878,9.6595,0
33.391,137,-27,1525,1501,0.53,-1.01,3.6467,6.7048,10.4867,0
33.409,135,-28,1521,1492,0.53,-1.01,3.6467,6.7048,10.4867,0
33.427,134,-28,1524,1497,0.53,-1.01,3.6467,6.7048,10.4867,0
33.444,134,-28,1527,1497,0.53,-1.01,3.6467,6.7048,10.4867,0
33.461,133,-28,1523,1497,0.53,-1.01,3.6467,6.7048,10.4867,0
33.479,133,-28,1526,1497,0.53,-1.01,3.6467,6.7048,10.4867,0
33.496,133,-28,1526,1497,0.53,-1.01,3.6467,6.7048,10.4867,0
33.514,133,-28,1526,1497,0.53,-1.01,3.6467,6.7048,10.4867,0
33.531,133,-28,1526,1497,0.53,-1.01,3.6467,6.7048,10.4867,0
33.550,133,-28,1526,1497,0.53,-1.01,3.6467,6.7048,10.4867,0
33.569,134,-28,1529,1497,0.53,-1.01,3.6467,6.7048,10.4867,0
33.588,134,-28,1527,1497,0.36,-0.92,3.6467,6.7048,10.4867,0
33.607,134,-28,1527,1497,0.36,-0.92,3.6467,6.7048,10.4867,0
33.625,135,-28,1529,1497,0.36,-0.92,3.6467,6.7048,10.4867,0
33.642,136,-28,1530,1497,0.36,-0.92,3.7126,7.5805,10.2477,0
33.660,136,-28,1527,1497,0.36,-0.92,3.7126,7.5805,10.2477,0
33.678,137,-28,1530,1497,0.36,-0.92,3.7126,7.5805,10.2477,0
33.698,138,-29,1530,1492,0.36,-0.92,3.7126,7.5805,10.2477,0
33.715,140,-29,1534,1497,0.36,-0.92,3.7126,7.5805,10.2477,0
33.733,141,-28,1531,1502,0.36,-0.92,3.7126,7.5805,10.2477,0
33.750,142,-28,1531,1497,0.36,-0.92,3.7126,7.5805,10.2477,0
33.768,143,-28,1531,1497,0.36,-0.92,3.7126,7.5805,10.2477,0
33.785,145,-28,1535,1497,0.36,-0.92,3.7126,7.5805,10.2477,0
33.802,146,-29,1532,1491,0.36,-0.92,3.7126,7.5805,10.2477,0
33.822,147,-28,1532,1501,0.36,-0.92,3.7126,7.5805,10.2477,0
33.841,149,-28,1535,1497,0.82,-0.56,3.7126,7.5805,10.2477,0
33.859,149,-28,1530,1497,0.82,-0.56,3.7126,7.5805,10.2477,0
33.877,150,-29,1533,1492,0.82,-0.56,3.7126,7.5805,10.2477,0
33.895,151,-29,1530,1497,0.82,-0.56,3.2811,5.4128,8.0937,0
33.912,151,-28,1533,1502,0.82,-0.56,3.2811,5.4128,8.0937,0
33.929,151,-28,1530,1497,0.82,-0.56,3.2811,5.4128,8.0937,0
33.947,151,-28,1530,1497,0.82,-0.56,3.2811,5.4128,8.0937,0
33.964,151,-28,1530,1497,0.82,-0.56,3.2811,5.4128,8.0937,0
33.982,151,-29,1530,1492,0.82,-0.56,3.2811,5.4128,8.0937,0
33.999,150,-28,1527,1502,0.82,-0.56,3.2811,5.4128,8.0937,0
34.016,149,-28,1527,1497,0.82,-0.56,3.2811,5.4128,8.0937,0
34.034,148,-28,1527,1497,0.82,-0.56,3.2811,5.4128,8.0937,0
34.052,147,-28,1526,1497,0.82,-0.56,3.2811,5.4128,8.0937,0
34.071,146,-28,1526,1497,0.82,-0.56,3.2811,5.4128,8.0937,0
34.088,145,-28,1526,1497,0.97,-0.25,3.2811,5.4128,8.0937,0
34.105,144,-28,1526,1497,0.97,-0.25,3.2811,5.4128,8.0937,0
34.124,142,-28,1523,1497,0.97,-0.25,3.2811,5.4128,8.0937,0
34.142,141,-28,1525,1497,0.97,-0.25,3.3356,4.7968,7.3400,0
34.160,140,-28,1525,1497,0.97,-0.25,3.3356,4.7968,7.3400,0
34.179,138,-27,1522,1502,0.97,-0.25,3.3356,4.7968,7.3400,0
34.197,137,-27,1524,1497,0.97,-0.25,3.3356,4.7968,7.3400,0
34.214,136,-27,1524,1497,0.97,-0.25,3.3356,4.7968,7.3400,0
34.231,135,-28,1524,1492,0.97,-0.25,3.3356,4.7968,7.3400,0
34.249,134,-27,1524,1502,0.97,-0.25,3.3356,4.7968,7.3400,0
34.266,134,-27,1527,1497,0.97,-0.25,3.3356,4.7968,7.3400,0
34.283,132,-27,1520,1497,0.97,-0.25,3.3356,4.7968,7.3400,0
34.300,131,-28,1523,1492,0.97,-0.25,3.3356,4.7968,7.3400,0
34.317,130,-27,1523,1502,0.97,-0.25,3.3356,4.7968,7.3400,0
34.335,129,-27,1523,1497,0.68,-0.54,3.3356,4.7968,7.3400,0
34.358,128,-27,1523,1497,0.68,-0.54,3.3356,4.7968,7.3400,0
34.376,127,-27,1523,1497,0.68,-0.54,3.3356,4.7968,7.3400,0
34.394,126,-27,1522,1497,0.68,-0.54,3.2413,5.3048,8.2443,0
34.412,124,-27,1519,1497,0.68,-0.54,3.2413,5.3048,8.2443,0
34.430,123,-26,1522,1502,0.68,-0.54,3.2413,5.3048,8.2443,0
34.448,122,-26,1521,1498,0.68,-0.54,3.2413,5.3048,8.2443,0
34.466,120,-27,1518,1492,0.68,-0.54,3.2413,5.3048,8.2443,0
34.484,119,-27,1521,1497,0.68,-0.54,3.2413,5.3048,8.2443,0
34.501,118,-27,1521,1497,0.68,-0.54,3.2413,5.3048,8.2443,0
34.519,116,-26,1517,1502,0.68,-0.54,3.2413,5.3048,8.2443,0
34.536,115,-26,1520,1498,0.68,-0.54,3.2413,5.3048,8.2443,0
34.554,114,-26,1520,1498,0.68,-0.54,3.2413,5.3048,8.2443,0
34.571,111,-26,1513,1498,0.55,-0.40,3.2413,5.3048,8.2443,0
34.588,111,-26,1522,1498,0.55,-0.40,3.2413,5.3048,8.2443,0
34.606,108,-26,1513,1498,0.55,-0.40,3.2413,5.3048,8.2443,0
34.623,108,-26,1521,1498,0.55,-0.40,3.2413,5.3048,8.2443,0
34.641,105,-26,1512,1498,0.55,-0.40,3.2272,4.7376,8.3265,0
34.658,104,-26,1518,1498,0.55,-0.40,3.2272,4.7376,8.3265,0
34.677,102,-25,1515,1502,0.55,-0.40,3.2272,4.7376,8.3265,0
34.694,100,-25,1514,1498,0.55,-0.40,3.2272,4.7376,8.3265,0
34.713,95,-25,1505,1498,0.55,-0.40,3.2272,4.7376,8.3265,0
34.731,93,-25,1513,1498,0.55,-0.40,3.2272,4.7376,8.3265,0
34.748,91,-25,1512,1498,0.55,-0.40,3.2272,4.7376,8.3265,0
34.765,88,-25,1509,1498,0.55,-0.40,3.2272,4.7376,8.3265,0
34.783,85,-25,1508,1498,0.55,-0.40,3.2272,4.7376,8.3265,0
34.800,82,-25,1507,1498,0.55,-0.40,3.2272,4.7376,8.3265,0
34.817,80,-25,1510,1498,0.84,0.10,3.2272,4.7376,8.3265,0
34.835,77,-24,1507,1503,0.84,0.10,3.2272,4.7376,8.3265,0
34.854,74,-25,1507,1493,0.84,0.10,3.2272,4.7376,8.3265,0
34.871,72,-25,1508,1498,0.84,0.10,3.2272,4.7376,8.3265,0
34.889,68,-25,1502,1498,0.84,0.10,3.2272,4.7376,8.3265,0
34.906,65,-25,1504,1498,0.84,0.10,3.2272,4.7376,8.3265,0
34.924,62,-25,1504,1498,0.84,0.10,3.2272,4.7376,8.3265,0
34.942,56,-23,1494,1509,0.84,0.10,3.2272,4.7376,8.3265,1
34.959,54,-24,1505,1492,0.84,0.10,3.2272,4.7376,8.3265,1
34.976,50,-24,1499,1498,0.84,0.10,3.2272,4.7376,8.3265,1
34.994,48,-23,1504,1503,0.84,0.10,3.2272,4.7376,8.3265,1
35.012,45,-23,1500,1498,0.84,0.10,3.2272,4.7376,8.3265,1
35.029,42,-23,1500,1498,0.84,0.10,3.2272,4.7376,8.3265,1
35.046,40,-23,1502,1498,0.84,0.10,3.2272,4.7376,8.3265,1
35.064,37,-24,1500,1492,0.84,0.10,3.2272,4.7376,8.3265,1
35.082,34,-24,1499,1498,-0.41,0.13,3.2272,4.7376,8.3265,1
35.099,32,-23,1500,1503,-0.41,0.13,3.2272,4.7376,8.3265,1
35.117,29,-23,1498,1498,-0.41,0.13,3.2272,4.7376,8.3265,1
35.135,27,-23,1500,1498,-0.41,0.13,3.2272,4.7376,8.3265,1
35.153,24,-23,1498,1498,-0.41,0.13,3.2272,4.7376,8.3265,1
35.171,22,-23,1499,1498,-0.41,0.13,3.2272,4.7376,8.3265,1
35.188,20,-22,1499,1503,-0.41,0.13,3.2272,4.7376,8.3265,1
35.206,17,-23,1496,1492,-0.41,0.13,3.2272,4.7376,8.3265,1
35.223,15,-22,1498,1503,-0.41,0.13,3.2272,4.7376,8.3265,1
35.240,11,-23,1491,1492,-0.41,0.13,3.2272,4.7376,8.3265,1
35.257,9,-24,1497,1492,-0.41,0.13,3.2272,4.7376,8.3265,1
35.275,8,-23,1500,1503,-0.41,0.13,3.2272,4.7376,8.3265,1
35.292,8,-23,1501,1498,-0.41,0.13,3.2272,4.7376,8.3265,1
35.310,3,-23,1488,1498,-0.41,0.13,3.2272,4.7376,8.3265,1
35.328,3,-23,1500,1498,-0.41,0.13,3.2272,4.7376,8.3265,1
35.347,-2,-23,1486,1498,-0.41,0.13,3.2272,4.7376,8.3265,1
35.365,-5,-23,1492,1498,-0.41,0.13,3.2272,4.7376,8.3265,1
35.383,-9,-23,1487,1498,-1.36,-0.35,3.5022,4.2872,8.7093,1
35.400,-12,-22,1490,1502,-1.36,-0.35,3.5022,4.2872,8.7093,1
35.418,-15,-23,1489,1492,-1.36,-0.35,3.5022,4.2872,8.7093,1
35.435,-18,-23,1488,1498,-1.36,-0.35,3.5022,4.2872,8.7093,1
35.454,-22,-23,1485,1498,-1.36,-0.35,3.5022,4.2872,8.7093,1
35.471,-25,-23,1487,1498,-1.36,-0.35,3.5022,4.2872,8.7093,1
35.488,-28,-24,1486,1492,-1.36,-0.35,3.5022,4.2872,8.7093,1
35.506,-30,-23,1489,1503,-1.36,-0.35,3.5022,4.2872,8.7093,1
35.523,-33,-23,1485,1498,-1.36,-0.35,3.5022,4.2872,8.7093,1
35.540,-36,-22,1485,1503,-1.36,-0.35,3.5022,4.2872,8.7093,1
35.558,-38,-22,1488,1498,-1.36,-0.35,3.5022,4.2872,8.7093,1
35.577,-43,-23,1479,1493,-1.66,-1.48,3.5022,4.2872,8.7093,1
35.596,-45,-23,1486,1498,-1.66,-1.48,3.5022,4.2872,8.7093,1
35.613,-47,-23,1486,1498,-1.66,-1.48,3.5022,4.2872,8.7093,1
35.632,-49,-22,1485,1503,-1.66,-1.48,3.5022,4.2872,8.7093,1
35.649,-50,-22,1488,1498,-1.66,-1.48,3.5022,4.2872,8.7093,1
35.666,-51,-22,1488,1498,-1.66,-1.48,3.5022,4.2872,8.7093,1
35.686,-52,-22,1488,1498,-1.66,-1.48,3.5022,4.2872,8.7093,1
35.705,-53,-23,1487,1493,-1.66,-1.48,3.5022,4.2872,8.7093,1
35.722,-54,-22,1487,1503,-1.66,-1.48,3.5022,4.2872,8.7093,1
35.741,-55,-21,1487,1503,-1.66,-1.48,3.5022,4.2872,8.7093,1
35.760,-55,-21,1490,1498,-1.66,-1.48,3.5022,4.2872,8.7093,1
35.778,-54,-21,1493,1498,-1.66,-1.48,3.5022,4.2872,8.7093,1
35.795,-54,-21,1490,1498,-1.66,-1.48,3.5022,4.2872,8.7093,1
35.814,-53,-22,1493,1493,-1.66,-1.48,3.5022,4.2872,8.7093,1
35.831,-53,-22,1490,1498,-1.66,-1.48,3.5022,4.2872,8.7093,1
35.849,-52,-22,1493,1498,-1.66,-1.48,3.5022,4.2872,8.7093,1
35.867,-51,-22,1493,1498,-1.66,-1.48,3.5022,4.2872,8.7093,1
35.885,-49,-20,1496,1508,-1.42,-1.57,3.5455,5.4894,9.9618,1
35.903,-47,-20,1497,1498,-1.42,-1.57,3.5455,5.4894,9.9618,1
35.921,-45,-19,1497,1503,-1.42,-1.57,3.5455,5.4894,9.9618,1
35.939,-40,-19,1505,1498,-1.42,-1.57,3.5455,5.4894,9.9618,1
35.957,-37,-19,1501,1498,-1.42,-1.57,3.5455,5.4894,9.9618,1
35.974,-35,-19,1499,1498,-1.42,-1.57,3.5455,5.4894,9.9618,1
35.991,-32,-19,1502,1498,-1.42,-1.57,3.5455,5.4894,9.9618,1
36.009,-30,-19,1500,1498,-1.42,-1.57,3.5455,5.4894,9.9618,1
36.026,-28,-19,1500,1498,-1.42,-1.57,3.5455,5.4894,9.9618,1
36.043,-27,-18,1498,1503,-1.42,-1.57,3.5455,5.4894,9.9618,1
36.060,-26,-17,1498,1503,-1.42,-1.57,3.5455,5.4894,9.9618,1
36.078,-25,-18,1498,1493,-1.00,-0.75,3.5455,5.4894,9.9618,1
36.096,-23,-17,1500,1503,-1.00,-0.75,3.5455,5.4894,9.9618,1
36.113,-23,-16,1496,1503,-1.00,-0.75,3.5455,5.4894,9.9618,1
36.131,-23,-16,1496,1499,-1.00,-0.75,3.5455,5.4894,9.9618,1
36.148,-23,-16,1496,1499,-1.00,-0.75,3.5455,5.4894,9.9618,1
36.168,-23,-17,1496,1493,-1.00,-0.75,3.5455,5.4894,9.9618,1
36.188,-24,-16,1496,1498,-1.00,-0.75,3.5455,5.4894,9.9618,1
36.205,-24,-16,1493,1503,-1.00,-0.75,3.5455,5.4894,9.9618,1
36.222,-25,-16,1493,1499,-1.00,-0.75,3.5455,5.4894,9.9618,1
36.240,-26,-16,1492,1499,-1.00,-0.75,3.5455,5.4894,9.9618,1
36.258,-27,-15,1492,1503,-1.00,-0.75,3.5455,5.4894,9.9618,1
36.276,-28,-15,1492,1499,-1.00,-0.75,3.5455,5.4894,9.9618,1
36.293,-29,-14,1492,1504,-1.00,-0.75,3.5455,5.4894,9.9618,1
36.310,-29,-14,1495,1499,-1.00,-0.75,3.5455,5.4894,9.9618,1
36.328,-29,-14,1495,1499,-1.00,-0.75,3.5455,5.4894,9.9618,1
36.345,-29,-13,1495,1504,-1.00,-0.75,3.5455,5.4894,9.9618,1
36.363,-30,-11,1492,1509,-1.00,-0.75,3.5455,5.4894,9.9618,1
36.382,-29,-10,1497,1503,-0.51,0.66,3.4892,4.6707,10.9759,1
36.400,-29,-10,1495,1499,-0.51,0.66,3.4892,4.6707,10.9759,1
36.418,-28,-10,1498,1499,-0.51,0.66,3.4892,4.6707,10.9759,1
36.436,-27,-10,1498,1499,-0.51,0.66,3.4892,4.6707,10.9759,1
36.453,-26,-10,1498,1499,-0.51,0.66,3.4892,4.6707,10.9759,1
36.471,-24,-8,1500,1510,-0.51,0.66,3.4892,4.6707,10.9759,1
36.489,-21,-7,1504,1504,-0.51,0.66,3.4892,4.6707,10.9759,1
36.506,-19,-7,1501,1499,-0.51,0.66,3.4892,4.6707,10.9759,1
36.526,-17,-7,1501,1499,-0.51,0.66,3.4892,4.6707,10.9759,1
36.543,-15,-7,1502,1499,-0.51,0.66,3.4892,4.6707,10.9759,1
36.560,-13,-7,1503,1499,-0.51,0.66,3.4892,4.6707,10.9759,1
36.577,-10,-6,1506,1504,-0.59,1.31,3.4892,4.6707,10.9759,1
36.595,-8,-5,1504,1504,-0.59,1.31,3.4892,4.6707,10.9759,1
36.612,-6,-4,1504,1504,-0.59,1.31,3.4892,4.6707,10.9759,1
36.630,-3,-4,1507,1500,-0.59,1.31,3.4892,4.6707,10.9759,1
36.647,-1,-4,1505,1500,-0.59,1.31,3.4892,4.6707,10.9759,1
36.664,1,-4,1505,1500,-0.59,1.31,3.4892,4.6707,10.9759,1
36.682,3,-5,1506,1494,-0.59,1.31,3.4892,4.6707,10.9759,1
36.700,5,-4,1506,1504,-0.59,1.31,3.4892,4.6707,10.9759,1
36.717,8,-3,1510,1505,-0.59,1.31,3.4892,4.6707,10.9759,1
36.735,10,-2,1507,1505,-0.59,1.31,3.4892,4.6707,10.9759,1
36.755,12,-2,1507,1500,-0.59,1.31,3.4892,4.6707,10.9759,1
36.774,14,-1,1507,1504,-0.59,1.31,3.4892,4.6707,10.9759,1
36.792,19,-1,1516,1500,-0.59,1.31,3.4892,4.6707,10.9759,1
36.809,22,-1,1512,1500,-0.59,1.31,3.4892,4.6707,10.9759,1
36.826,24,-1,1510,1500,-0.59,1.31,3.4892,4.6707,10.9759,1
36.844,27,-2,1513,1494,-0.59,1.31,3.4892,4.6707,10.9759,1
36.862,30,-2,1513,1500,-0.59,1.31,3.4892,4.6707,10.9759,1
36.880,32,-1,1512,1505,-0.50,1.61,3.5071,5.1485,8.9921,1
36.899,34,0,1512,1505,-0.50,1.61,3.5071,5.1485,8.9921,1
36.916,36,1,1512,1505,-0.50,1.61,3.5071,5.1485,8.9921,1
36.933,38,1,1513,1500,-0.50,1.61,3.5071,5.1485,8.9921,1
36.951,40,2,1513,1505,-0.50,1.61,3.5071,5.1485,8.9921,1
36.968,41,2,1511,1500,-0.50,1.61,3.5071,5.1485,8.9921,1
36.986,43,2,1514,1500,-0.50,1.61,3.5071,5.1485,8.9921,1
37.003,43,2,1508,1500,-0.50,1.61,3.5071,5.1485,8.9921,1
37.020,44,2,1511,1500,-0.50,1.61,3.5071,5.1485,8.9921,1
37.037,45,2,1511,1500,-0.50,1.61,3.5071,5.1485,8.9921,1
37.054,45,2,1509,1500,-0.50,1.61,3.5071,5.1485,8.9921,1
37.072,46,3,1512,1505,-0.14,1.20,3.5071,5.1485,8.9921,1
37.090,46,4,1509,1505,-0.14,1.20,3.5071,5.1485,8.9921,1
37.108,45,3,1506,1495,-0.14,1.20,3.5071,5.1485,8.9921,1
37.128,45,3,1509,1500,-0.14,1.20,3.5071,5.1485,8.9921,1
37.145,44,4,1506,1505,-0.14,1.20,3.5071,5.1485,8.9921,1
37.162,44,4,1508,1500,-0.14,1.20,3.5071,5.1485,8.9921,1
37.179,43,4,1505,1500,-0.14,1.20,3.5071,5.1485,8.9921,1
37.197,43,3,1508,1495,-0.14,1.20,3.5071,5.1485,8.9921,1
37.214,42,4,1505,1505,-0.14,1.20,3.5071,5.1485,8.9921,1
37.231,43,4,1511,1500,-0.14,1.20,3.5071,5.1485,8.9921,1
37.249,43,4,1508,1500,-0.14,1.20,3.5071,5.1485,8.9921,1
37.266,43,4,1508,1500,-0.14,1.20,3.5071,5.1485,8.9921,1
37.283,44,4,1511,1500,-0.14,1.20,3.5071,5.1485,8.9921,1
37.301,45,5,1511,1505,-0.14,1.20,3.5071,5.1485,8.9921,1
37.319,46,5,1512,1500,0.47,1.04,3.5071,5.1485,8.9921,1
37.337,47,4,1512,1495,0.47,1.04,3.5071,5.1485,8.9921,1
37.354,48,5,1512,1505,0.47,1.04,3.5071,5.1485,8.9921,1
37.372,49,5,1512,1500,0.47,1.04,3.5071,5.1485,8.9921,1
37.389,50,4,1513,1495,0.47,1.04,3.5044,6.6192,9.5588,1
37.408,53,5,1519,1505,0.47,1.04,3.5044,6.6192,9.5588,1
37.426,54,4,1513,1495,0.47,1.04,3.5044,6.6192,9.5588,1
37.443,56,5,1517,1505,0.47,1.04,3.5044,6.6192,9.5588,1
37.461,57,5,1514,1500,0.47,1.04,3.5044,6.6192,9.5588,1
37.478,58,5,1514,1500,0.47,1.04,3.5044,6.6192,9.5588,1
37.496,60,5,1517,1500,0.47,1.04,3.5044,6.6192,9.5588,1
37.513,61,5,1515,1500,0.47,1.04,3.5044,6.6192,9.5588,0
37.530,63,5,1518,1500,0.47,1.04,3.5044,6.6192,9.5588,0
37.547,64,4,1515,1495,0.47,1.04,3.5044,6.6192,9.5588,0
37.565,66,5,1518,1506,0.41,0.31,3.5044,6.6192,9.5588,0
37.582,67,5,1516,1500,0.41,0.31,3.5044,6.6192,9.5588,0
37.599,68,4,1516,1495,0.41,0.31,3.5044,6.6192,9.5588,0
37.617,69,4,1516,1500,0.41,0.31,3.5044,6.6192,9.5588,0
37.634,70,5,1517,1506,0.41,0.31,3.3884,5.4206,8.2058,0
37.652,72,4,1520,1495,0.41,0.31,3.3884,5.4206,8.2058,0
37.669,73,4,1517,1500,0.41,0.31,3.3884,5.4206,8.2058,0
37.686,74,4,1517,1500,0.41,0.31,3.3884,5.4206,8.2058,0
37.704,75,4,1518,1500,0.41,0.31,3.3884,5.4206,8.2058,0
37.721,75,4,1515,1500,0.41,0.31,3.3884,5.4206,8.2058,0
37.740,76,4,1518,1500,0.41,0.31,3.3884,5.4206,8.2058,0
37.757,76,4,1515,1500,0.41,0.31,3.3884,5.4206,8.2058,0
37.774,76,4,1515,1500,0.41,0.31,3.3884,5.4206,8.2058,0
37.791,76,5,1515,1506,0.41,0.31,3.3884,5.4206,8.2058,0
37.809,75,5,1512,1500,0.41,0.31,3.3884,5.4206,8.2058,0
37.826,75,5,1515,1500,-0.11,0.25,3.3884,5.4206,8.2058,0
37.843,74,5,1512,1500,-0.11,0.25,3.3884,5.4206,8.2058,0
37.861,73,5,1512,1500,-0.11,0.25,3.3884,5.4206,8.2058,0
37.883,72,5,1511,1500,-0.11,0.25,3.4898,4.0551,10.0657,0
37.900,71,6,1512,1505,-0.11,0.25,3.4898,4.0551,10.0657,0
37.918,71,5,1514,1495,-0.11,0.25,3.4898,4.0551,10.0657,0
37.936,69,6,1508,1506,-0.11,0.25,3.4898,4.0551,10.0657,0
37.954,69,6,1514,1500,-0.11,0.25,3.4898,4.0551,10.0657,0
37.972,68,6,1510,1500,-0.11,0.25,3.4898,4.0551,10.0657,0
37.991,67,6,1510,1500,-0.11,0.25,3.4898,4.0551,10.0657,0
38.008,66,6,1510,1500,-0.11,0.25,3.4898,4.0551,10.0657,0
38.025,65,6,1510,1500,-0.11,0.25,3.4898,4.0551,10.0657,0
38.043,64,5,1510,1495,-0.11,0.25,3.4898,4.0551,10.0657,0
38.061,63,6,1510,1506,-0.11,0.25,3.4898,4.0551,10.0657,0
38.079,62,6,1509,1500,-1.11,0.11,3.4898,4.0551,10.0657,0
38.097,60,6,1506,1500,-1.11,0.11,3.4898,4.0551,10.0657,1
38.116,59,7,1509,1505,-1.11,0.11,3.4898,4.0551,10.0657,1
38.134,58,7,1509,1500,-1.11,0.11,3.4056,4.6000,9.4381,1
38.152,56,7,1506,1500,-1.11,0.11,3.4056,4.6000,9.4381,1
38.169,55,7,1508,1500,-1.11,0.11,3.4056,4.6000,9.4381,1
38.186,54,7,1508,1500,-1.11,0.11,3.4056,4.6000,9.4381,1
38.206,53,6,1507,1495,-1.11,0.11,3.4056,4.6000,9.4381,1
38.223,52,5,1508,1496,-1.11,0.11,3.4056,4.6000,9.4381,1
38.240,51,6,1507,1506,-1.11,0.11,3.4056,4.6000,9.4381,1
38.258,50,6,1507,1500,-1.11,0.11,3.4056,4.6000,9.4381,1
38.275,49,7,1507,1506,-1.11,0.11,3.4056,4.6000,9.4381,1
38.292,48,7,1506,1500,-1.11,0.11,3.4056,4.6000,9.4381,1
38.309,47,7,1506,1500,-1.11,0.11,3.4056,4.6000,9.4381,1
38.327,47,6,1509,1496,-1.30,0.07,3.4056,4.6000,9.4381,1
38.344,47,6,1509,1500,-1.30,0.07,3.4056,4.6000,9.4381,1
38.362,47,5,1509,1495,-1.30,0.07,3.4056,4.6000,9.4381,1
38.381,47,6,1509,1505,-1.30,0.07,3.2995,5.0279,8.4797,1
38.398,46,5,1506,1495,-1.30,0.07,3.2995,5.0279,8.4797,1
38.415,46,6,1509,1506,-1.30,0.07,3.2995,5.0279,8.4797,1
38.433,46,6,1509,1500,-1.30,0.07,3.2995,5.0279,8.4797,1
38.450,45,6,1506,1500,-1.30,0.07,3.2995,5.0279,8.4797,1
38.468,44,6,1506,1500,-1.30,0.07,3.2995,5.0279,8.4797,1
38.485,44,5,1509,1495,-1.30,0.07,3.2995,5.0279,8.4797,1
38.503,43,5,1506,1500,-1.30,0.07,3.2995,5.0279,8.4797,1
38.521,42,5,1505,1500,-1.30,0.07,3.2995,5.0279,8.4797,1
38.538,41,6,1505,1506,-1.30,0.07,3.2995,5.0279,8.4797,1
38.555,40,6,1505,1500,-1.30,0.07,3.2995,5.0279,8.4797,1
38.573,40,6,1508,1500,-0.59,0.18,3.2995,5.0279,8.4797,1
38.590,39,6,1505,1500,-0.59,0.18,3.2995,5.0279,8.4797,1
38.608,39,6,1508,1500,-0.59,0.18,3.2995,5.0279,8.4797,1
38.625,38,5,1505,1495,-0.59,0.18,3.3161,4.5943,7.7226,1
38.643,38,5,1507,1500,-0.59,0.18,3.3161,4.5943,7.7226,1
38.660,37,5,1504,1500,-0.59,0.18,3.3161,4.5943,7.7226,1
38.677,36,5,1504,1500,-0.59,0.18,3.3161,4.5943,7.7226,1
38.694,35,6,1504,1506,-0.59,0.18,3.3161,4.5943,7.7226,1
38.711,35,6,1507,1500,-0.59,0.18,3.3161,4.5943,7.7226,1
38.734,34,6,1504,1500,-0.59,0.18,3.3161,4.5943,7.7226,1
38.752,34,6,1507,1500,-0.59,0.18,3.3161,4.5943,7.7226,1
38.769,33,5,1504,1495,-0.59,0.18,3.3161,4.5943,7.7226,1
38.787,31,5,1500,1500,-0.59,0.18,3.3161,4.5943,7.7226,1
38.806,31,5,1506,1500,-0.59,0.18,3.3161,4.5943,7.7226,1
38.823,30,5,1503,1500,-0.22,0.05,3.3161,4.5943,7.7226,1
38.840,30,5,1506,1500,-0.22,0.05,3.3161,4.5943,7.7226,1
38.859,29,5,1503,1500,-0.22,0.05,3.3161,4.5943,7.7226,1
38.877,28,5,1503,1500,-0.22,0.05,3.2720,4.2671,8.2865,1
38.894,28,5,1505,1500,-0.22,0.05,3.2720,4.2671,8.2865,1
38.911,27,4,1502,1495,-0.22,0.05,3.2720,4.2671,8.2865,1
38.928,27,5,1505,1506,-0.22,0.05,3.2720,4.2671,8.2865,1
38.946,26,5,1502,1500,-0.22,0.05,3.2720,4.2671,8.2865,1
38.963,25,5,1502,1500,-0.22,0.05,3.2720,4.2671,8.2865,1
38.981,24,5,1502,1500,-0.22,0.05,3.2720,4.2671,8.2865,1
38.998,23,4,1502,1495,-0.22,0.05,3.2720,4.2671,8.2865,1
39.017,22,4,1501,1500,-0.22,0.05,3.2720,4.2671,8.2865,1
39.034,21,4,1501,1500,-0.22,0.05,3.2720,4.2671,8.2865,1
39.051,21,4,1504,1500,-0.22,0.05,3.2720,4.2671,8.2865,1
39.068,21,4,1504,1500,-0.23,0.32,3.2720,4.2671,8.2865,1
39.086,21,4,1504,1500,-0.23,0.32,3.2720,4.2671,8.2865,1
39.105,20,3,1501,1496,-0.23,0.32,3.2720,4.2671,8.2865,1
39.123,19,3,1501,1500,-0.23,0.32,3.2720,4.2671,8.2865,1
39.143,19,3,1504,1500,-0.23,0.32,3.4011,4.3296,7.3306,1
39.161,18,3,1501,1500,-0.23,0.32,3.4011,4.3296,7.3306,1
39.178,17,3,1500,1500,-0.23,0.32,3.4011,4.3296,7.3306,1
39.196,16,3,1500,1500,-0.23,0.32,3.4011,4.3296,7.3306,1
39.215,16,2,1503,1495,-0.23,0.32,3.4011,4.3296,7.3306,1
39.232,15,2,1500,1500,-0.23,0.32,3.4011,4.3296,7.3306,1
39.249,15,2,1503,1500,-0.23,0.32,3.4011,4.3296,7.3306,1
39.267,14,2,1500,1500,-0.23,0.32,3.4011,4.3296,7.3306,1
39.285,14,2,1503,1500,-0.23,0.32,3.4011,4.3296,7.3306,1
39.302,13,2,1500,1500,-0.23,0.32,3.4011,4.3296,7.3306,1
39.321,13,2,1502,1500,-0.81,-0.18,3.4011,4.3296,7.3306,1
39.338,12,2,1500,1500,-0.81,-0.18,3.4011,4.3296,7.3306,1
39.355,12,1,1502,1495,-0.81,-0.18,3.4011,4.3296,7.3306,1
39.373,12,1,1502,1500,-0.81,-0.18,3.4011,4.3296,7.3306,1
39.391,11,1,1500,1500,-0.81,-0.18,3.1981,4.4589,6.8976,1
39.409,11,1,1502,1500,-0.81,-0.18,3.1981,4.4589,6.8976,1
39.426,12,1,1505,1500,-0.81,-0.18,3.1981,4.4589,6.8976,1
39.443,12,1,1502,1500,-0.81,-0.18,3.1981,4.4589,6.8976,1
39.460,12,1,1502,1500,-0.81,-0.18,3.1981,4.4589,6.8976,1
39.478,12,1,1502,1500,-0.81,-0.18,3.1981,4.4589,6.8976,1
39.495,12,1,1502,1500,-0.81,-0.18,3.1981,4.4589,6.8976,1
39.512,12,0,1502,1495,-0.81,-0.18,3.1981,4.4589,6.8976,1
39.529,11,1,1500,1506,-0.81,-0.18,3.1981,4.4589,6.8976,1
39.547,11,1,1502,1500,-0.81,-0.18,3.1981,4.4589,6.8976,1
39.564,11,0,1502,1495,-1.62,-0.81,3.1981,4.4589,6.8976,1
39.581,10,0,1500,1500,-1.62,-0.81,3.1981,4.4589,6.8976,1
39.598,9,0,1500,1500,-1.62,-0.81,3.1981,4.4589,6.8976,1
39.616,8,0,1500,1500,-1.62,-0.81,3.1981,4.4589,6.8976,1
39.633,7,0,1499,1500,-1.62,-0.81,3.3316,4.3489,5.1602,1
39.651,5,0,1496,1500,-1.62,-0.81,3.3316,4.3489,5.1602,1
39.670,1,-1,1490,1495,-1.62,-0.81,3.3316,4.3489,5.1602,1
39.687,-1,-2,1495,1495,-1.62,-0.81,3.3316,4.3489,5.1602,1
39.704,-2,-2,1497,1500,-1.62,-0.81,3.3316,4.3489,5.1602,1
39.721,-4,-2,1494,1500,-1.62,-0.81,3.3316,4.3489,5.1602,1
39.739,-6,-3,1494,1495,-1.62,-0.81,3.3316,4.3489,5.1602,1
39.757,-7,-2,1497,1505,-1.62,-0.81,3.3316,4.3489,5.1602,1
39.775,-9,-2,1494,1500,-1.62,-0.81,3.3316,4.3489,5.1602,1
39.794,-11,-2,1493,1500,-1.62,-0.81,3.3316,4.3489,5.1602,1
39.812,-13,-1,1493,1504,-1.56,-0.61,3.3316,4.3489,5.1602,1
39.830,-15,-2,1492,1495,-1.56,-0.61,3.3316,4.3489,5.1602,1
39.853,-18,-1,1488,1505,-1.56,-0.61,3.3316,4.3489,5.1602,1
39.871,-20,-1,1493,1500,-1.56,-0.61,3.4165,4.2000,9.1548,1
39.889,-22,-1,1491,1500,-1.56,-0.61,3.4165,4.2000,9.1548,1
39.907,-25,-2,1487,1495,-1.56,-0.61,3.4165,4.2000,9.1548,1
39.924,-27,-2,1489,1500,-1.56,-0.61,3.4165,4.2000,9.1548,1
39.941,-28,-2,1492,1500,-1.56,-0.61,3.4165,4.2000,9.1548,1
39.958,-30,-2,1489,1500,-1.56,-0.61,3.4165,4.2000,9.1548,1
39.975,-31,-1,1492,1505,-1.56,-0.61,3.4165,4.2000,9.1548,1
39.993,-33,-1,1488,1500,-1.56,-0.61,3.4165,4.2000,9.1548,1
40.012,-34,-2,1491,1495,-1.56,-0.61,3.4165,4.2000,9.1548,1
40.029,-34,-2,1494,1500,-1.56,-0.61,3.4165,4.2000,9.1548,1
40.048,-35,-2,1491,1500,-1.56,-0.61,3.4165,4.2000,9.1548,1
40.065,-35,-1,1494,1505,-1.15,-0.62,3.4165,4.2000,9.1548,1
40.083,-34,-2,1497,1495,-1.15,-0.62,3.4165,4.2000,9.1548,1
40.101,-34,-2,1494,1500,-1.15,-0.62,3.4165,4.2000,9.1548,1
40.119,-33,-2,1497,1500,-1.15,-0.62,3.4165,4.2000,9.1548,1
40.136,-32,-2,1497,1500,-1.15,-0.62,3.3080,5.3251,9.2490,1
40.154,-30,-2,1500,1500,-1.15,-0.62,3.3080,5.3251,9.2490,1
40.171,-28,-3,1500,1495,-1.15,-0.62,3.3080,5.3251,9.2490,1
40.188,-26,-3,1500,1500,-1.15,-0.62,3.3080,5.3251,9.2490,1
40.205,-24,-3,1501,1500,-1.15,-0.62,3.3080,5.3251,9.2490,1
40.222,-22,-2,1501,1505,-1.15,-0.62,3.3080,5.3251,9.2490,1
40.239,-20,-2,1502,1500,-1.15,-0.62,3.3080,5.3251,9.2490,1
40.256,-18,-2,1502,1500,-1.15,-0.62,3.3080,5.3251,9.2490,1
40.274,-15,-2,1505,1500,-1.15,-0.62,3.3080,5.3251,9.2490,1
40.291,-12,-2,1506,1500,-1.15,-0.62,3.3080,5.3251,9.2490,1
40.308,-9,-2,1507,1500,-1.15,-0.62,3.3080,5.3251,9.2490,1
40.326,-9,-2,1499,1500,-0.71,-0.30,3.3080,5.3251,9.2490,1
40.343,-1,-2,1523,1500,-0.71,-0.30,3.3080,5.3251,9.2490,1
40.360,3,-2,1512,1500,-0.71,-0.30,3.3080,5.3251,9.2490,1
40.377,7,-2,1513,1500,-0.71,-0.30,3.1514,4.9632,7.3593,1
40.394,11,-3,1514,1494,-0.71,-0.30,3.1514,4.9632,7.3593,1
40.411,15,-2,1514,1505,-0.71,-0.30,3.1514,4.9632,7.3593,1
40.428,19,-3,1515,1494,-0.71,-0.30,3.1514,4.9632,7.3593,1
40.446,23,-2,1516,1505,-0.71,-0.30,3.1514,4.9632,7.3593,1
40.464,28,-2,1520,1500,-0.71,-0.30,3.1514,4.9632,7.3593,1
40.482,32,-1,1517,1505,-0.71,-0.30,3.1514,4.9632,7.3593,1
40.500,36,-1,1518,1500,-0.71,-0.30,3.1514,4.9632,7.3593,1
40.519,40,-1,1519,1500,-0.71,-0.30,3.1514,4.9632,7.3593,1
40.537,48,-1,1531,1500,-0.71,-0.30,3.1514,4.9632,7.3593,1
40.554,51,-1,1518,1500,-0.71,-0.30,3.1514,4.9632,7.3593,1
40.572,55,-1,1522,1500,-0.71,0.03,3.1514,4.9632,7.3593,1
40.590,59,-1,1523,1500,-0.71,0.03,3.1514,4.9632,7.3593,1
40.607,62,0,1521,1505,-0.71,0.03,3.1514,4.9632,7.3593,0
40.625,65,0,1521,1500,-0.71,0.03,3.1883,4.1709,6.2403,0
40.643,68,-1,1521,1495,-0.71,0.03,3.1883,4.1709,6.2403,0
40.661,70,-1,1519,1500,-0.71,0.03,3.1883,4.1709,6.2403,0
40.679,72,0,1520,1505,-0.71,0.03,3.1883,4.1709,6.2403,0
40.696,74,-1,1520,1495,-0.71,0.03,3.1883,4.1709,6.2403,0
40.716,76,0,1520,1504,-0.71,0.03,3.1883,4.1709,6.2403,0
40.734,78,0,1521,1500,-0.71,0.03,3.1883,4.1709,6.2403,0
40.752,79,0,1518,1500,-0.71,0.03,3.1883,4.1709,6.2403,0
40.769,81,0,1521,1500,-0.71,0.03,3.1883,4.1709,6.2403,0
40.787,83,0,1522,1500,-0.71,0.03,3.1883,4.1709,6.2403,0
40.805,84,0,1519,1500,-0.71,0.03,3.1883,4.1709,6.2403,0
40.824,86,0,1522,1500,-0.20,-0.25,3.1883,4.1709,6.2403,0
40.842,87,0,1520,1500,-0.20,-0.25,3.1883,4.1709,6.2403,0
40.859,88,0,1520,1500,-0.20,-0.25,3.1883,4.1709,6.2403,0
40.877,88,0,1517,1500,-0.20,-0.25,2.8753,3.9647,6.6788,0
40.895,88,0,1517,1500,-0.20,-0.25,2.8753,3.9647,6.6788,0
40.912,88,0,1517,1500,-0.20,-0.25,2.8753,3.9647,6.6788,0
40.930,88,0,1517,1500,-0.20,-0.25,2.8753,3.9647,6.6788,0
40.949,88,0,1517,1500,-0.20,-0.25,2.8753,3.9647,6.6788,0
40.967,88,0,1517,1500,-0.20,-0.25,2.8753,3.9647,6.6788,0
40.987,88,0,1517,1500,-0.20,-0.25,2.8753,3.9647,6.6788,0
41.005,87,0,1514,1500,-0.20,-0.25,2.8753,3.9647,6.6788,0
41.023,85,0,1511,1500,-0.20,-0.25,2.8753,3.9647,6.6788,0
41.041,84,0,1514,1500,-0.20,-0.25,2.8753,3.9647,6.6788,0
41.058,83,0,1513,1500,-0.80,-0.14,2.8753,3.9647,6.6788,0
41.075,82,0,1513,1500,-0.80,-0.14,2.8753,3.9647,6.6788,0
41.093,80,0,1510,1500,-0.80,-0.14,2.8753,3.9647,6.6788,0
41.110,79,0,1513,1500,-0.80,-0.14,2.8753,3.9647,6.6788,0
41.128,78,0,1513,1500,-0.80,-0.14,2.7405,3.8438,6.8285,0
41.145,77,0,1512,1500,-0.80,-0.14,2.7405,3.8438,6.8285,0
41.163,76,0,1512,1500,-0.80,-0.14,2.7405,3.8438,6.8285,0
41.180,75,0,1512,1500,-0.80,-0.14,2.7405,3.8438,6.8285,0
41.197,75,1,1515,1505,-0.80,-0.14,2.7405,3.8438,6.8285,0
41.215,74,0,1512,1495,-0.80,-0.14,2.7405,3.8438,6.8285,0
41.233,74,0,1515,1500,-0.80,-0.14,2.7405,3.8438,6.8285,0
41.250,73,0,1511,1500,-0.80,-0.14,2.7405,3.8438,6.8285,0
41.268,72,0,1511,1500,-0.80,-0.14,2.7405,3.8438,6.8285,0
41.285,71,0,1511,1500,-0.80,-0.14,2.7405,3.8438,6.8285,0
41.304,71,0,1514,1500,-0.80,-0.14,2.7405,3.8438,6.8285,0
41.322,71,0,1514,1500,-1.40,0.05,2.7405,3.8438,6.8285,0
41.339,71,1,1514,1505,-1.40,0.05,2.7405,3.8438,6.8285,0
41.356,71,0,1514,1495,-1.40,0.05,2.7405,3.8438,6.8285,0
41.376,70,0,1511,1500,-1.40,0.05,3.1222,3.5568,5.9680,0
41.393,70,0,1514,1500,-1.40,0.05,3.1222,3.5568,5.9680,0
41.411,69,0,1511,1500,-1.40,0.05,3.1222,3.5568,5.9680,0
41.430,69,0,1514,1500,-1.40,0.05,3.1222,3.5568,5.9680,0
41.447,68,0,1511,1500,-1.40,0.05,3.1222,3.5568,5.9680,0
41.465,67,0,1510,1500,-1.40,0.05,3.1222,3.5568,5.9680,0
41.483,66,0,1510,1500,-1.40,0.05,3.1222,3.5568,5.9680,0
41.500,66,1,1513,1505,-1.40,0.05,3.1222,3.5568,5.9680,0
41.518,65,1,1510,1500,-1.40,0.05,3.1222,3.5568,5.9680,0
41.535,64,0,1510,1495,-1.40,0.05,3.1222,3.5568,5.9680,0
41.552,64,0,1513,1500,-1.40,0.05,3.1222,3.5568,5.9680,0
41.571,64,0,1513,1500,-1.14,-0.12,3.1222,3.5568,5.9680,0
41.589,63,0,1510,1500,-1.14,-0.12,3.1222,3.5568,5.9680,0
41.609,63,0,1512,1500,-1.14,-0.12,3.1222,3.5568,5.9680,0
41.627,62,0,1509,1500,-1.14,-0.12,2.9429,3.7359,6.3394,0
41.644,62,0,1512,1500,-1.14,-0.12,2.9429,3.7359,6.3394,0
41.663,60,-1,1506,1495,-1.14,-0.12,2.9429,3.7359,6.3394,1
41.681,59,-1,1509,1500,-1.14,-0.12,2.9429,3.7359,6.3394,1
41.698,58,0,1508,1505,-1.14,-0.12,2.9429,3.7359,6.3394,1
41.716,57,0,1508,1500,-1.14,-0.12,2.9429,3.7359,6.3394,1
41.734,56,0,1508,1500,-1.14,-0.12,2.9429,3.7359,6.3394,1
41.751,54,0,1505,1500,-1.14,-0.12,2.9429,3.7359,6.3394,1
41.769,53,0,1508,1500,-1.14,-0.12,2.9429,3.7359,6.3394,1
41.786,53,-1,1510,1495,-1.14,-0.12,2.9429,3.7359,6.3394,1
41.804,52,-1,1507,1500,-1.14,-0.12,2.9429,3.7359,6.3394,1
41.823,52,-1,1510,1500,-1.07,0.27,2.9429,3.7359,6.3394,1
41.843,52,-1,1510,1500,-1.07,0.27,2.9429,3.7359,6.3394,1
41.861,52,-1,1510,1500,-1.07,0.27,2.9429,3.7359,6.3394,1
41.879,52,0,1510,1505,-1.07,0.27,3.4360,3.5731,7.8471,1
41.896,52,0,1510,1500,-1.07,0.27,3.4360,3.5731,7.8471,1
41.913,51,0,1507,1500,-1.07,0.27,3.4360,3.5731,7.8471,1
41.931,51,0,1510,1500,-1.07,0.27,3.4360,3.5731,7.8471,1
41.949,51,0,1510,1500,-1.07,0.27,3.4360,3.5731,7.8471,1
41.967,51,0,1510,1500,-1.07,0.27,3.4360,3.5731,7.8471,1
41.984,51,0,1510,1500,-1.07,0.27,3.4360,3.5731,7.8471,1
42.002,50,0,1507,1500,-1.07,0.27,3.4360,3.5731,7.8471,1
42.019,50,0,1510,1500,-1.07,0.27,3.4360,3.5731,7.8471,1
42.036,49,0,1507,1500,-1.07,0.27,3.4360,3.5731,7.8471,1
42.053,48,-1,1507,1495,-1.07,0.27,3.4360,3.5731,7.8471,1
42.071,47,0,1509,1500,-0.98,0.34,3.4360,3.5731,7.8471,1
42.089,47,0,1506,1505,-0.98,0.34,3.4360,3.5731,7.8471,1
42.106,46,-1,1506,1495,-0.98,0.34,3.4360,3.5731,7.8471,1
42.125,45,-1,1506,1500,-0.98,0.34,3.1383,4.7853,5.7692,1
42.143,44,-2,1506,1495,-0.98,0.34,3.1383,4.7853,5.7692,1
42.161,42,-1,1503,1505,-0.98,0.34,3.1383,4.7853,5.7692,1
42.181,41,-2,1506,1495,-0.98,0.34,3.1383,4.7853,5.7692,1
42.199,41,-1,1508,1505,-0.98,0.34,3.1383,4.7853,5.7692,1
42.218,41,-1,1508,1500,-0.98,0.34,3.1383,4.7853,5.7692,1
42.235,41,-1,1508,1500,-0.98,0.34,3.1383,4.7853,5.7692,1
42.252,42,-2,1511,1494,-0.98,0.34,3.1383,4.7853,5.7692,1
42.269,42,-1,1508,1505,-0.98,0.34,3.1383,4.7853,5.7692,1
42.287,44,-2,1514,1495,-0.98,0.34,3.1383,4.7853,5.7692,1
42.304,46,-2,1515,1500,-0.98,0.34,3.1383,4.7853,5.7692,1
42.322,47,-2,1512,1500,-1.13,0.08,3.1383,4.7853,5.7692,1
42.339,47,-2,1509,1500,-1.13,0.08,3.1383,4.7853,5.7692,1
42.357,49,-2,1515,1500,-1.13,0.08,3.1383,4.7853,5.7692,1
42.374,51,-1,1516,1505,-1.13,0.08,3.5033,5.5418,8.8512,1
42.393,54,-3,1519,1489,-1.13,0.08,3.5033,5.5418,8.8512,1
42.410,55,-3,1514,1500,-1.13,0.08,3.5033,5.5418,8.8512,1
42.429,57,-3,1517,1500,-1.13,0.08,3.5033,5.5418,8.8512,1
42.447,58,-2,1514,1505,-1.13,0.08,3.5033,5.5418,8.8512,1
42.465,61,-2,1520,1500,-1.13,0.08,3.5033,5.5418,8.8512,0
42.482,62,-3,1515,1494,-1.13,0.08,3.5033,5.5418,8.8512,0
42.500,63,-3,1515,1500,-1.13,0.08,3.5033,5.5418,8.8512,0
42.518,64,-4,1515,1495,-1.13,0.08,3.5033,5.5418,8.8512,0
42.535,66,-3,1519,1505,-1.13,0.08,3.5033,5.5418,8.8512,0
42.552,66,-4,1513,1494,-1.13,0.08,3.5033,5.5418,8.8512,0
42.569,67,-3,1516,1505,-0.14,0.26,3.5033,5.5418,8.8512,0
42.587,68,-3,1516,1500,-0.14,0.26,3.5033,5.5418,8.8512,0
42.606,69,-3,1516,1500,-0.14,0.26,3.5033,5.5418,8.8512,0
42.623,69,-4,1513,1494,-0.14,0.26,3.4198,5.2629,7.7188,0
42.645,69,-4,1513,1500,-0.14,0.26,3.4198,5.2629,7.7188,0
42.662,69,-4,1513,1500,-0.14,0.26,3.4198,5.2629,7.7188,0
42.680,69,-4,1513,1500,-0.14,0.26,3.4198,5.2629,7.7188,0
42.698,69,-4,1513,1500,-0.14,0.26,3.4198,5.2629,7.7188,0
42.716,69,-4,1513,1500,-0.14,0.26,3.4198,5.2629,7.7188,0
42.733,68,-5,1510,1494,-0.14,0.26,3.4198,5.2629,7.7188,0
42.750,68,-5,1513,1500,-0.14,0.26,3.4198,5.2629,7.7188,0
42.767,68,-5,1513,1500,-0.14,0.26,3.4198,5.2629,7.7188,0
42.784,68,-5,1513,1500,-0.14,0.26,3.4198,5.2629,7.7188,0
42.802,67,-5,1510,1500,-0.14,0.26,3.4198,5.2629,7.7188,0
42.820,67,-6,1513,1494,0.54,-0.40,3.4198,5.2629,7.7188,0
42.837,68,-5,1516,1505,0.54,-0.40,3.4198,5.2629,7.7188,0
42.855,68,-5,1513,1500,0.54,-0.40,3.4198,5.2629,7.7188,0
42.873,69,-6,1516,1494,0.54,-0.40,3.5150,6.7820,10.3822,0
42.890,70,-6,1517,1500,0.54,-0.40,3.5150,6.7820,10.3822,0
42.907,71,-6,1517,1500,0.54,-0.40,3.5150,6.7820,10.3822,0
42.925,72,-6,1517,1500,0.54,-0.40,3.5150,6.7820,10.3822,0
42.942,72,-6,1514,1500,0.54,-0.40,3.5150,6.7820,10.3822,0
42.959,73,-7,1517,1494,0.54,-0.40,3.5150,6.7820,10.3822,0
42.977,73,-7,1514,1500,0.54,-0.40,3.5150,6.7820,10.3822,0
42.996,73,-7,1514,1500,0.54,-0.40,3.5150,6.7820,10.3822,0
43.013,73,-7,1514,1500,0.54,-0.40,3.5150,6.7820,10.3822,0
43.031,72,-6,1511,1505,0.54,-0.40,3.5150,6.7820,10.3822,0
43.048,72,-8,1514,1489,0.54,-0.40,3.5150,6.7820,10.3822,0
43.066,72,-7,1514,1504,0.61,-0.26,3.5150,6.7820,10.3822,0
43.083,72,-7,1514,1500,0.61,-0.26,3.5150,6.7820,10.3822,0
43.102,70,-8,1508,1494,0.61,-0.26,3.5150,6.7820,10.3822,0
43.119,70,-8,1514,1500,0.61,-0.26,3.6009,6.1895,9.4491,0
43.137,69,-8,1511,1500,0.61,-0.26,3.6009,6.1895,9.4491,0
43.156,68,-9,1511,1494,0.61,-0.26,3.6009,6.1895,9.4491,0
43.173,68,-8,1513,1504,0.61,-0.26,3.6009,6.1895,9.4491,0
43.190,67,-9,1510,1494,0.61,-0.26,3.6009,6.1895,9.4491,0
43.207,67,-8,1513,1505,0.61,-0.26,3.6009,6.1895,9.4491,0
43.225,66,-9,1510,1494,0.61,-0.26,3.6009,6.1895,9.4491,0
43.242,66,-9,1513,1500,0.61,-0.26,3.6009,6.1895,9.4491,0
43.259,66,-9,1513,1500,0.61,-0.26,3.6009,6.1895,9.4491,0
43.276,65,-8,1510,1504,0.61,-0.26,3.6009,6.1895,9.4491,0
43.294,64,-9,1510,1494,0.61,-0.26,3.6009,6.1895,9.4491,0
43.313,64,-9,1513,1500,0.50,-0.27,3.6009,6.1895,9.4491,0
43.332,61,-8,1503,1504,0.50,-0.27,3.6009,6.1895,9.4491,0
43.350,61,-8,1512,1500,0.50,-0.27,3.6009,6.1895,9.4491,0
43.370,60,-8,1509,1500,0.50,-0.27,3.4191,6.8767,10.8999,1
43.389,56,-9,1500,1494,0.50,-0.27,3.4191,6.8767,10.8999,1
43.408,55,-9,1508,1500,0.50,-0.27,3.4191,6.8767,10.8999,1
43.425,53,-9,1505,1500,0.50,-0.27,3.4191,6.8767,10.8999,1
43.442,51,-8,1504,1505,0.50,-0.27,3.4191,6.8767,10.8999,1
43.460,49,-8,1504,1500,0.50,-0.27,3.4191,6.8767,10.8999,1
43.477,47,-9,1503,1494,0.50,-0.27,3.4191,6.8767,10.8999,1
43.495,43,-9,1498,1500,0.50,-0.27,3.4191,6.8767,10.8999,1
43.515,42,-8,1506,1504,0.50,-0.27,3.4191,6.8767,10.8999,1
43.532,40,-8,1502,1500,0.50,-0.27,3.4191,6.8767,10.8999,1
43.549,39,-8,1505,1500,0.50,-0.27,3.4191,6.8767,10.8999,1
43.567,38,-8,1505,1500,-0.14,0.01,3.4191,6.8767,10.8999,1
43.584,37,-9,1504,1494,-0.14,0.01,3.4191,6.8767,10.8999,1
43.603,37,-9,1507,1500,-0.14,0.01,3.4191,6.8767,10.8999,1
43.622,36,-9,1504,1500,-0.14,0.01,3.7084,6.5433,9.3417,1
43.639,34,-9,1501,1500,-0.14,0.01,3.7084,6.5433,9.3417,1
43.657,34,-9,1507,1500,-0.14,0.01,3.7084,6.5433,9.3417,1
43.674,33,-9,1504,1500,-0.14,0.01,3.7084,6.5433,9.3417,1
43.693,33,-9,1506,1500,-0.14,0.01,3.7084,6.5433,9.3417,1
43.710,32,-9,1503,1500,-0.14,0.01,3.7084,6.5433,9.3417,1
43.728,33,-9,1509,1500,-0.14,0.01,3.7084,6.5433,9.3417,1
43.747,33,-9,1506,1500,-0.14,0.01,3.7084,6.5433,9.3417,1
43.765,34,-9,1509,1500,-0.14,0.01,3.7084,6.5433,9.3417,1
43.783,35,-8,1510,1504,-0.14,0.01,3.7084,6.5433,9.3417,1
43.801,36,-9,1510,1494,-0.14,0.01,3.7084,6.5433,9.3417,1
43.819,37,-9,1510,1500,-1.10,0.05,3.7084,6.5433,9.3417,1
43.839,37,-9,1507,1500,-1.10,0.05,3.7084,6.5433,9.3417,1
43.857,38,-10,1510,1494,-1.10,0.05,3.7084,6.5433,9.3417,1
43.877,39,-10,1510,1499,-1.10,0.05,3.3833,5.6986,9.1662,1
43.894,42,-10,1516,1499,-1.10,0.05,3.3833,5.6986,9.1662,1
43.912,43,-10,1511,1499,-1.10,0.05,3.3833,5.6986,9.1662,1
43.929,44,-10,1512,1499,-1.10,0.05,3.3833,5.6986,9.1662,1
43.946,46,-10,1515,1499,-1.10,0.05,3.3833,5.6986,9.1662,1
43.963,47,-11,1512,1493,-1.10,0.05,3.3833,5.6986,9.1662,1
43.980,47,-11,1509,1499,-1.10,0.05,3.3833,5.6986,9.1662,1
43.997,47,-10,1509,1504,-1.10,0.05,3.3833,5.6986,9.1662,1
44.014,47,-10,1509,1499,-1.10,0.05,3.3833,5.6986,9.1662,1
44.032,47,-11,1509,1493,-1.10,0.05,3.3833,5.6986,9.1662,1
44.049,46,-11,1506,1499,-1.10,0.05,3.3833,5.6986,9.1662,1
44.072,46,-11,1509,1499,-0.57,-0.46,3.3833,5.6986,9.1662,1
44.089,45,-12,1506,1494,-0.57,-0.46,3.3833,5.6986,9.1662,1
44.107,44,-11,1506,1504,-0.57,-0.46,3.3833,5.6986,9.1662,1
44.124,42,-11,1502,1499,-0.57,-0.46,3.2561,3.6427,7.8003,1
44.141,41,-12,1505,1493,-0.57,-0.46,3.2561,3.6427,7.8003,1
44.159,39,-12,1502,1499,-0.57,-0.46,3.2561,3.6427,7.8003,1
44.177,38,-12,1505,1499,-0.57,-0.46,3.2561,3.6427,7.8003,1
44.195,36,-12,1501,1499,-0.57,-0.46,3.2561,3.6427,7.8003,1
44.212,33,-12,1499,1499,-0.57,-0.46,3.2561,3.6427,7.8003,1
44.230,31,-12,1500,1499,-0.57,-0.46,3.2561,3.6427,7.8003,1
44.249,29,-12,1500,1499,-0.57,-0.46,3.2561,3.6427,7.8003,1
44.266,27,-13,1500,1493,-0.57,-0.46,3.2561,3.6427,7.8003,1
44.284,25,-13,1500,1499,-0.57,-0.46,3.2561,3.6427,7.8003,1
44.307,23,-13,1500,1499,-0.38,-1.21,3.2561,3.6427,7.8003,1
44.326,21,-14,1499,1493,-0.38,-1.21,3.2561,3.6427,7.8003,1
44.343,19,-15,1499,1493,-0.38,-1.21,3.2561,3.6427,7.8003,1
44.361,18,-15,1501,1499,-0.38,-1.21,3.2561,3.6427,7.8003,1
44.378,16,-15,1498,1499,-0.38,-1.21,3.3811,4.0060,7.9973,1
44.395,15,-14,1500,1504,-0.38,-1.21,3.3811,4.0060,7.9973,1
44.412,14,-15,1500,1493,-0.38,-1.21,3.3811,4.0060,7.9973,1
44.430,13,-15,1500,1499,-0.38,-1.21,3.3811,4.0060,7.9973,1
44.447,12,-15,1500,1499,-0.38,-1.21,3.3811,4.0060,7.9973,1
44.464,12,-15,1502,1499,-0.38,-1.21,3.3811,4.0060,7.9973,1
44.481,12,-16,1502,1493,-0.38,-1.21,3.3811,4.0060,7.9973,1
44.498,13,-16,1505,1499,-0.38,-1.21,3.3811,4.0060,7.9973,1
44.515,14,-16,1506,1499,-0.38,-1.21,3.3811,4.0060,7.9973,1
44.533,14,-16,1503,1499,-0.38,-1.21,3.3811,4.0060,7.9973,1
44.552,15,-15,1505,1503,-0.38,-1.21,3.3811,4.0060,7.9973,1
44.570,15,-15,1503,1499,-0.97,-1.43,3.3811,4.0060,7.9973,1
44.589,16,-16,1506,1493,-0.97,-1.43,3.3811,4.0060,7.9973,1
44.607,17,-17,1506,1493,-0.97,-1.43,3.3811,4.0060,7.9973,1
44.625,20,-16,1512,1503,-0.97,-1.43,3.5186,4.3201,9.2859,1
44.642,21,-16,1507,1499,-0.97,-1.43,3.5186,4.3201,9.2859,1
44.660,23,-15,1510,1504,-0.97,-1.43,3.5186,4.3201,9.2859,1
44.678,25,-16,1510,1493,-0.97,-1.43,3.5186,4.3201,9.2859,1
44.695,27,-16,1511,1499,-0.97,-1.43,3.5186,4.3201,9.2859,1
44.713,31,-16,1517,1499,-0.97,-1.43,3.5186,4.3201,9.2859,1
44.731,33,-16,1512,1499,-0.97,-1.43,3.5186,4.3201,9.2859,1
44.748,35,-16,1512,1499,-0.97,-1.43,3.5186,4.3201,9.2859,1
44.766,36,-16,1510,1499,-0.97,-1.43,3.5186,4.3201,9.2859,1
44.784,37,-16,1510,1499,-0.97,-1.43,3.5186,4.3201,9.2859,1
44.802,37,-16,1507,1499,-1.54,-0.82,3.5186,4.3201,9.2859,1
44.819,39,-16,1513,1499,-1.54,-0.82,3.5186,4.3201,9.2859,1
44.836,39,-16,1508,1499,-1.54,-0.82,3.5186,4.3201,9.2859,1
44.853,39,-16,1508,1499,-1.54,-0.82,3.5186,4.3201,9.2859,1
44.870,38,-16,1504,1499,-1.54,-0.82,3.0211,4.2065,6.3778,1
44.888,38,-16,1507,1499,-1.54,-0.82,3.0211,4.2065,6.3778,1
44.906,36,-16,1501,1499,-1.54,-0.82,3.0211,4.2065,6.3778,1
44.923,35,-16,1504,1499,-1.54,-0.82,3.0211,4.2065,6.3778,1
44.941,33,-16,1501,1499,-1.54,-0.82,3.0211,4.2065,6.3778,1
44.958,31,-16,1500,1499,-1.54,-0.82,3.0211,4.2065,6.3778,1
44.976,30,-16,1503,1499,-1.54,-0.82,3.0211,4.2065,6.3778,1
44.994,28,-16,1500,1499,-1.54,-0.82,3.0211,4.2065,6.3778,1
45.012,26,-16,1500,1499,-1.54,-0.82,3.0211,4.2065,6.3778,1
45.029,23,-17,1497,1493,-1.54,-0.82,3.0211,4.2065,6.3778,1
45.047,21,-17,1499,1499,-1.54,-0.82,3.0211,4.2065,6.3778,1
45.064,19,-17,1499,1499,-1.09,-1.05,3.0211,4.2065,6.3778,1
45.082,16,-17,1496,1499,-1.09,-1.05,3.0211,4.2065,6.3778,1
45.100,13,-18,1495,1493,-1.09,-1.05,3.0211,4.2065,6.3778,1
45.117,12,-17,1500,1503,-1.09,-1.05,3.3546,3.6779,9.3332,1
45.135,11,-17,1500,1499,-1.09,-1.05,3.3546,3.6779,9.3332,1
45.152,11,-16,1502,1503,-1.09,-1.05,3.3546,3.6779,9.3332,1
45.170,10,-16,1500,1499,-1.09,-1.05,3.3546,3.6779,9.3332,1
45.187,10,-16,1502,1499,-1.09,-1.05,3.3546,3.6779,9.3332,1
45.205,10,-16,1502,1499,-1.09,-1.05,3.3546,3.6779,9.3332,1
45.222,10,-16,1502,1499,-1.09,-1.05,3.3546,3.6779,9.3332,1
45.240,11,-17,1505,1493,-1.09,-1.05,3.3546,3.6779,9.3332,1
45.257,12,-17,1505,1498,-1.09,-1.05,3.3546,3.6779,9.3332,1
45.277,12,-16,1502,1503,-1.09,-1.05,3.3546,3.6779,9.3332,1
45.296,13,-18,1505,1488,-1.09,-1.05,3.3546,3.6779,9.3332,1
45.314,14,-17,1505,1503,-0.48,-0.86,3.3546,3.6779,9.3332,1
45.332,15,-17,1506,1498,-0.48,-0.86,3.3546,3.6779,9.3332,1
45.351,17,-16,1508,1503,-0.48,-0.86,3.3546,3.6779,9.3332,1
45.368,18,-15,1506,1503,-0.48,-0.86,3.5315,3.8703,9.2970,1
45.388,22,-16,1514,1494,-0.48,-0.86,3.5315,3.8703,9.2970,1
45.407,24,-16,1510,1499,-0.48,-0.86,3.5315,3.8703,9.2970,1
45.424,27,-16,1514,1499,-0.48,-0.86,3.5315,3.8703,9.2970,1
45.442,29,-16,1511,1499,-0.48,-0.86,3.5315,3.8703,9.2970,1
45.459,32,-15,1515,1503,-0.48,-0.86,3.5315,3.8703,9.2970,1
45.476,34,-15,1512,1499,-0.48,-0.86,3.5315,3.8703,9.2970,1
45.495,39,-14,1521,1503,-0.48,-0.86,3.5315,3.8703,9.2970,1
45.512,39,-14,1508,1499,-0.48,-0.86,3.5315,3.8703,9.2970,1
45.531,43,-14,1520,1499,-0.48,-0.86,3.5315,3.8703,9.2970,1
45.549,44,-13,1511,1503,-0.48,-0.86,3.5315,3.8703,9.2970,1
45.568,45,-13,1511,1499,-0.55,-0.85,3.5315,3.8703,9.2970,1
45.586,45,-13,1509,1499,-0.55,-0.85,3.5315,3.8703,9.2970,1
45.603,45,-13,1509,1499,-0.55,-0.85,3.5315,3.8703,9.2970,1
45.621,45,-13,1509,1499,-0.55,-0.85,3.3082,4.6683,5.9287,1
45.638,44,-13,1506,1499,-0.55,-0.85,3.3082,4.6683,5.9287,1
45.657,43,-13,1506,1499,-0.55,-0.85,3.3082,4.6683,5.9287,1
45.675,42,-12,1505,1503,-0.55,-0.85,3.3082,4.6683,5.9287,1
45.693,40,-12,1502,1499,-0.55,-0.85,3.3082,4.6683,5.9287,1
45.710,38,-12,1502,1499,-0.55,-0.85,3.3082,4.6683,5.9287,1
45.727,36,-11,1501,1504,-0.55,-0.85,3.3082,4.6683,5.9287,1
45.744,34,-11,1501,1499,-0.55,-0.85,3.3082,4.6683,5.9287,1
45.761,29,-12,1492,1493,-0.55,-0.85,3.3082,4.6683,5.9287,1
45.778,29,-12,1506,1499,-0.55,-0.85,3.3082,4.6683,5.9287,1
45.796,25,-12,1500,1504,-0.55,-0.85,3.3082,4.6683,5.9287,1
45.813,25,-12,1500,1493,-0.29,-0.75,3.3082,4.6683,5.9287,1
45.830,23,-11,1500,1504,-0.29,-0.75,3.3082,4.6683,5.9287,1
45.854,22,-10,1502,1502,-0.29,-0.75,3.3082,4.6683,5.9287,1
45.871,21,-10,1501,1499,-0.29,-0.75,3.2116,5.4240,8.6745,1
45.889,21,-10,1504,1499,-0.29,-0.75,3.2116,5.4240,8.6745,1
45.906,21,-9,1504,1504,-0.29,-0.75,3.2116,5.4240,8.6745,1
45.923,21,-9,1504,1499,-0.29,-0.75,3.2116,5.4240,8.6745,1
45.941,21,-9,1504,1499,-0.29,-0.75,3.2116,5.4240,8.6745,1
45.958,22,-8,1507,1504,-0.29,-0.75,3.2116,5.4240,8.6745,1
45.976,22,-7,1504,1504,-0.29,-0.75,3.2116,5.4240,8.6745,1
45.993,24,-8,1510,1494,-0.29,-0.75,3.2116,5.4240,8.6745,1
46.010,24,-8,1505,1499,-0.29,-0.75,3.2116,5.4240,8.6745,1
46.028,26,-6,1511,1510,-0.29,-0.75,3.2116,5.4240,8.6745,1
46.050,26,-6,1505,1500,-0.06,-0.25,3.2116,5.4240,8.6745,1
46.070,27,-5,1505,1500,-0.06,-0.25,3.2116,5.4240,8.6745,1
46.090,28,-6,1510,1500,-0.06,-0.25,3.2116,5.4240,8.6745,1
46.107,29,-5,1508,1504,-0.06,-0.25,3.2116,5.4240,8.6745,1
46.124,29,-4,1506,1505,-0.06,-0.25,3.3607,6.8061,10.1388,1
46.142,30,-3,1509,1505,-0.06,-0.25,3.3607,6.8061,10.1388,1
46.160,31,-4,1509,1494,-0.06,-0.25,3.3607,6.8061,10.1388,1
46.180,33,-3,1511,1504,-0.06,-0.25,3.3607,6.8061,10.1388,1
46.198,34,-2,1509,1505,-0.06,-0.25,3.3607,6.8061,10.1388,1
46.215,35,-1,1510,1505,-0.06,-0.25,3.3607,6.8061,10.1388,1
46.232,36,-1,1510,1500,-0.06,-0.25,3.3607,6.8061,10.1388,1
46.250,36,-1,1507,1500,-0.06,-0.25,3.3607,6.8061,10.1388,1
46.269,36,-1,1507,1500,-0.06,-0.25,3.3607,6.8061,10.1388,1
46.286,37,0,1510,1505,-0.06,-0.25,3.3607,6.8061,10.1388,1
46.304,37,1,1507,1505,-0.20,0.94,3.3607,6.8061,10.1388,1
46.321,36,2,1504,1505,-0.20,0.94,3.3607,6.8061,10.1388,1
46.338,36,2,1507,1500,-0.20,0.94,3.3607,6.8061,10.1388,1
46.356,36,2,1507,1500,-0.20,0.94,3.3607,6.8061,10.1388,1
46.373,36,3,1507,1505,-0.20,0.94,3.3488,5.7965,9.3428,1
46.391,36,4,1507,1505,-0.20,0.94,3.3488,5.7965,9.3428,1
46.409,36,4,1507,1500,-0.20,0.94,3.3488,5.7965,9.3428,1
46.426,35,5,1504,1505,-0.20,0.94,3.3488,5.7965,9.3428,1
46.443,35,5,1507,1500,-0.20,0.94,3.3488,5.7965,9.3428,1
46.461,34,7,1504,1511,-0.20,0.94,3.3488,5.7965,9.3428,1
46.479,33,7,1504,1500,-0.20,0.94,3.3488,5.7965,9.3428,1
46.496,32,7,1503,1500,-0.20,0.94,3.3488,5.7965,9.3428,1
46.514,32,7,1506,1500,-0.20,0.94,3.3488,5.7965,9.3428,1
46.531,29,8,1498,1506,-0.20,0.94,3.3488,5.7965,9.3428,1
46.550,27,9,1500,1505,-0.38,1.42,3.3488,5.7965,9.3428,1
46.570,25,10,1500,1505,-0.38,1.42,3.3488,5.7965,9.3428,1
46.587,24,10,1502,1500,-0.38,1.42,3.3488,5.7965,9.3428,1
46.604,22,11,1499,1506,-0.38,1.42,3.3488,5.7965,9.3428,1
46.621,20,12,1499,1506,-0.38,1.42,3.4419,6.2206,9.6573,1
46.640,18,12,1499,1500,-0.38,1.42,3.4419,6.2206,9.6573,1
46.658,16,12,1498,1500,-0.38,1.42,3.4419,6.2206,9.6573,1
46.676,14,13,1498,1506,-0.38,1.42,3.4419,6.2206,9.6573,1
46.694,10,14,1492,1506,-0.38,1.42,3.4419,6.2206,9.6573,1
46.711,10,14,1502,1501,-0.38,1.42,3.4419,6.2206,9.6573,1
46.729,8,16,1500,1506,-0.38,1.42,3.4419,6.2206,9.6573,1
46.746,7,16,1497,1506,-0.38,1.42,3.4419,6.2206,9.6573,1
46.764,6,16,1499,1501,-0.38,1.42,3.4419,6.2206,9.6573,1
46.781,5,17,1499,1507,-0.38,1.42,3.4419,6.2206,9.6573,1
46.798,5,18,1501,1507,-0.86,1.52,3.4419,6.2206,9.6573,1
46.815,4,18,1499,1501,-0.86,1.52,3.4419,6.2206,9.6573,1
46.833,3,18,1499,1501,-0.86,1.52,3.4419,6.2206,9.6573,1
46.850,3,20,1500,1513,-0.86,1.52,3.4419,6.2206,9.6573,1
46.867,2,20,1498,1501,-0.86,1.52,3.0526,6.6814,9.3829,1
46.885,2,20,1500,1501,-0.86,1.52,3.0526,6.6814,9.3829,1
46.904,2,21,1500,1507,-0.86,1.52,3.0526,6.6814,9.3829,1
46.921,2,22,1500,1507,-0.86,1.52,3.0526,6.6814,9.3829,1
46.939,2,23,1500,1507,-0.86,1.52,3.0526,6.6814,9.3829,1
46.956,2,23,1500,1502,-0.86,1.52,3.0526,6.6814,9.3829,1
46.975,2,23,1500,1502,-0.86,1.52,3.0526,6.6814,9.3829,1
46.993,2,24,1500,1507,-0.86,1.52,3.0526,6.6814,9.3829,1
47.011,2,25,1500,1508,-0.86,1.52,3.0526,6.6814,9.3829,1
47.028,2,26,1500,1508,-0.86,1.52,3.0526,6.6814,9.3829,1
47.045,2,26,1500,1502,-0.86,1.52,3.0526,6.6814,9.3829,1
47.064,2,27,1500,1508,-1.71,2.07,3.0526,6.6814,9.3829,1
47.081,3,27,1503,1502,-1.71,2.07,3.0526,6.6814,9.3829,1
47.098,3,27,1500,1502,-1.71,2.07,3.0526,6.6814,9.3829,1
47.116,3,28,1500,1508,-1.71,2.07,3.1837,5.2042,9.1858,1
47.133,4,28,1504,1502,-1.71,2.07,3.1837,5.2042,9.1858,1
47.152,5,30,1503,1513,-1.71,2.07,3.1837,5.2042,9.1858,1
47.169,6,30,1504,1502,-1.71,2.07,3.1837,5.2042,9.1858,1
47.187,7,30,1504,1502,-1.71,2.07,3.1837,5.2042,9.1858,1
47.206,8,31,1504,1508,-1.71,2.07,3.1837,5.2042,9.1858,0
47.224,9,32,1504,1508,-1.71,2.07,3.1837,5.2042,9.1858,0
47.243,11,33,1507,1508,-1.71,2.07,3.1837,5.2042,9.1858,0
47.261,13,33,1507,1503,-1.71,2.07,3.1837,5.2042,9.1858,0
47.279,14,34,1505,1509,-1.71,2.07,3.1837,5.2042,9.1858,0
47.297,16,34,1508,1503,-1.95,1.99,3.1837,5.2042,9.1858,0
47.315,18,35,1509,1509,-1.95,1.99,3.1837,5.2042,9.1858,0
47.334,19,35,1506,1503,-1.95,1.99,3.1837,5.2042,9.1858,0
47.351,19,35,1503,1503,-1.95,1.99,3.1837,5.2042,9.1858,0
47.369,21,34,1510,1498,-1.95,1.99,2.9034,4.4639,5.7517,0
47.386,24,33,1513,1498,-1.95,1.99,2.9034,4.4639,5.7517,0
47.404,25,34,1507,1508,-1.95,1.99,2.9034,4.4639,5.7517,0
47.422,26,34,1508,1503,-1.95,1.99,2.9034,4.4639,5.7517,0
47.439,28,34,1511,1503,-1.95,1.99,2.9034,4.4639,5.7517,0
47.456,29,35,1508,1509,-1.95,1.99,2.9034,4.4639,5.7517,0
47.474,30,35,1508,1503,-1.95,1.99,2.9034,4.4639,5.7517,0
47.492,31,35,1509,1503,-1.95,1.99,2.9034,4.4639,5.7517,0
47.509,33,35,1512,1503,-1.95,1.99,2.9034,4.4639,5.7517,0
47.527,33,35,1506,1503,-1.95,1.99,2.9034,4.4639,5.7517,0
47.545,35,37,1512,1515,-2.21,1.84,2.9034,4.4639,5.7517,0
47.567,35,37,1507,1503,-2.21,1.84,2.9034,4.4639,5.7517,0
47.585,35,37,1507,1503,-2.21,1.84,2.9034,4.4639,5.7517,0
47.603,35,37,1507,1503,-2.21,1.84,2.9034,4.4639,5.7517,0
47.621,35,38,1507,1509,-2.21,1.84,2.9251,3.3549,7.6770,0
47.639,34,38,1504,1503,-2.21,1.84,2.9251,3.3549,7.6770,0
47.656,34,37,1506,1499,-2.21,1.84,2.9251,3.3549,7.6770,0
47.674,34,37,1506,1503,-2.21,1.84,2.9251,3.3549,7.6770,0
47.691,34,37,1506,1503,-2.21,1.84,2.9251,3.3549,7.6770,0
47.709,33,37,1503,1503,-2.21,1.84,2.9251,3.3549,7.6770,0
47.727,33,37,1506,1503,-2.21,1.84,2.9251,3.3549,7.6770,0
47.745,32,38,1503,1509,-2.21,1.84,2.9251,3.3549,7.6770,0
47.762,31,38,1503,1503,-2.21,1.84,2.9251,3.3549,7.6770,0
47.780,30,38,1503,1504,-2.21,1.84,2.9251,3.3549,7.6770,0
47.798,29,37,1503,1499,-2.45,1.54,2.9251,3.3549,7.6770,0
47.816,28,37,1502,1503,-2.45,1.54,2.9251,3.3549,7.6770,0
47.833,26,37,1500,1503,-2.45,1.54,2.9251,3.3549,7.6770,0
47.851,25,37,1502,1503,-2.45,1.54,2.9251,3.3549,7.6770,0
47.869,24,36,1502,1499,-2.45,1.54,3.0092,3.6765,6.7227,0
47.886,22,36,1499,1503,-2.45,1.54,3.0092,3.6765,6.7227,0
47.904,21,36,1501,1503,-2.45,1.54,3.0092,3.6765,6.7227,0
47.922,19,36,1499,1503,-2.45,1.54,3.0092,3.6765,6.7227,0
47.940,17,35,1498,1499,-2.45,1.54,3.0092,3.6765,6.7227,0
47.957,16,35,1500,1503,-2.45,1.54,3.0092,3.6765,6.7227,0
47.974,14,35,1498,1503,-2.45,1.54,3.0092,3.6765,6.7227,0
47.992,12,35,1497,1503,-2.45,1.54,3.0092,3.6765,6.7227,0
48.011,9,34,1494,1499,-2.45,1.54,3.0092,3.6765,6.7227,0
48.028,8,34,1499,1503,-2.45,1.54,3.0092,3.6765,6.7227,0
48.045,6,34,1496,1503,-2.30,1.36,3.0092,3.6765,6.7227,0
48.062,5,33,1499,1498,-2.30,1.36,3.0092,3.6765,6.7227,0
48.081,3,33,1496,1503,-2.30,1.36,3.0092,3.6765,6.7227,0
48.099,2,32,1498,1498,-2.30,1.36,3.0092,3.6765,6.7227,0
48.116,1,31,1498,1498,-2.30,1.36,3.3391,4.3393,6.3117,0
48.135,1,31,1500,1503,-2.30,1.36,3.3391,4.3393,6.3117,0
48.154,0,31,1498,1503,-2.30,1.36,3.3391,4.3393,6.3117,0
48.171,0,30,1500,1498,-2.30,1.36,3.3391,4.3393,6.3117,1
48.188,-1,30,1498,1503,-2.30,1.36,3.3391,4.3393,6.3117,1
48.206,-2,29,1498,1498,-2.30,1.36,3.3391,4.3393,6.3117,1
48.223,-2,29,1500,1503,-2.30,1.36,3.3391,4.3393,6.3117,1
48.242,-4,28,1494,1498,-2.30,1.36,3.3391,4.3393,6.3117,1
48.259,-7,27,1497,1503,-2.30,1.36,3.3391,4.3393,6.3117,1
48.276,-8,26,1491,1492,-2.30,1.36,3.3391,4.3393,6.3117,1
48.294,-8,26,1499,1502,-2.30,1.36,3.3391,4.3393,6.3117,1
48.312,-9,26,1496,1502,-2.49,1.06,3.3391,4.3393,6.3117,1
48.329,-10,25,1496,1497,-2.49,1.06,3.3391,4.3393,6.3117,1
48.347,-11,24,1496,1498,-2.49,1.06,3.3391,4.3393,6.3117,1
48.364,-12,24,1495,1502,-2.49,1.06,3.1411,3.9227,9.3250,1
48.381,-13,24,1495,1502,-2.49,1.06,3.1411,3.9227,9.3250,1
48.398,-15,23,1492,1497,-2.49,1.06,3.1411,3.9227,9.3250,1
48.417,-16,23,1495,1502,-2.49,1.06,3.1411,3.9227,9.3250,1
48.434,-17,22,1494,1497,-2.49,1.06,3.1411,3.9227,9.3250,1
48.452,-17,21,1497,1497,-2.49,1.06,3.1411,3.9227,9.3250,1
48.469,-18,21,1494,1502,-2.49,1.06,3.1411,3.9227,9.3250,1
48.487,-18,20,1497,1497,-2.49,1.06,3.1411,3.9227,9.3250,1
48.504,-18,20,1497,1502,-2.49,1.06,3.1411,3.9227,9.3250,1
48.521,-19,19,1494,1497,-2.49,1.06,3.1411,3.9227,9.3250,1
48.538,-18,19,1500,1502,-2.49,1.06,3.1411,3.9227,9.3250,1
48.555,-17,18,1500,1497,-2.46,0.98,3.1411,3.9227,9.3250,1
48.573,-16,18,1500,1502,-2.46,0.98,3.1411,3.9227,9.3250,1
48.591,-15,17,1500,1497,-2.46,0.98,3.1411,3.9227,9.3250,1
48.608,-13,16,1503,1497,-2.46,0.98,3.4428,6.5929,10.3689,1
48.626,-10,15,1506,1496,-2.46,0.98,3.4428,6.5929,10.3689,1
48.644,-8,15,1504,1501,-2.46,0.98,3.4428,6.5929,10.3689,1
48.661,-5,14,1507,1496,-2.46,0.98,3.4428,6.5929,10.3689,1
48.678,-3,14,1505,1501,-2.46,0.98,3.4428,6.5929,10.3689,1
48.695,0,14,1508,1501,-2.46,0.98,3.4428,6.5929,10.3689,1
48.712,3,13,1509,1496,-2.46,0.98,3.4428,6.5929,10.3689,1
48.729,4,12,1503,1496,-2.46,0.98,3.4428,6.5929,10.3689,1
48.747,7,12,1510,1501,-2.46,0.98,3.4428,6.5929,10.3689,1
48.764,9,11,1507,1496,-2.46,0.98,3.4428,6.5929,10.3689,1
48.781,12,10,1511,1496,-2.46,0.98,3.4428,6.5929,10.3689,1
48.799,14,10,1508,1501,-1.90,0.85,3.4428,6.5929,10.3689,1
48.817,17,10,1511,1501,-1.90,0.85,3.4428,6.5929,10.3689,1
48.834,19,9,1509,1496,-1.90,0.85,3.4428,6.5929,10.3689,1
48.851,22,9,1513,1501,-1.90,0.85,3.4428,6.5929,10.3689,1
48.869,24,8,1510,1496,-1.90,0.85,3.5257,7.6117,10.5561,1
48.889,27,8,1513,1501,-1.90,0.85,3.5257,7.6117,10.5561,1
48.906,29,7,1511,1496,-1.90,0.85,3.5257,7.6117,10.5561,1
48.923,33,7,1518,1501,-1.90,0.85,3.5257,7.6117,10.5561,1
48.941,35,6,1512,1496,-1.90,0.85,3.5257,7.6117,10.5561,1
48.959,41,5,1524,1496,-1.90,0.85,3.5257,7.6117,10.5561,1
48.977,0,0,1500,1500,-1.90,0.85,3.5257,7.6117,10.5561,0
48.994,48,4,1530,1495,-1.90,0.85,3.5257,7.6117,10.5561,1
49.012,52,4,1521,1500,-1.90,0.85,3.5257,7.6117,10.5561,1
49.030,0,0,1500,1500,-1.90,0.85,3.5257,7.6117,10.5561,0
49.047,0,0,1500,1500,-1.64,-0.08,3.5257,7.6117,10.5561,0
49.064,0,0,1500,1500,-1.64,-0.08,3.5257,7.6117,10.5561,0
49.081,0,0,1500,1500,-1.64,-0.08,3.5257,7.6117,10.5561,0
49.098,0,0,1500,1500,-1.64,-0.08,3.5257,7.6117,10.5561,0
49.117,0,0,1500,1500,-1.64,-0.08,3.2155,11.5646,11.8688,0
49.135,0,0,1500,1500,-1.64,-0.08,3.2155,11.5646,11.8688,0
49.154,89,1,1600,1483,-1.64,-0.08,3.2155,11.5646,11.8688,0
49.173,94,1,1532,1500,-1.64,-0.08,3.2155,11.5646,11.8688,0
49.191,102,0,1541,1495,-1.64,-0.08,3.2155,11.5646,11.8688,0
49.209,102,0,1520,1500,-1.64,-0.08,3.2155,11.5646,11.8688,0
49.226,104,-1,1526,1495,-1.64,-0.08,3.2155,11.5646,11.8688,0
49.245,110,-1,1539,1500,-1.64,-0.08,3.2155,11.5646,11.8688,0
49.262,119,-2,1548,1495,-1.64,-0.08,3.2155,11.5646,11.8688,0
49.279,123,-3,1536,1494,-1.64,-0.08,3.2155,11.5646,11.8688,0
49.296,128,-3,1540,1500,-0.63,-1.24,3.2155,11.5646,11.8688,0
49.313,128,-3,1525,1500,-0.63,-1.24,3.2155,11.5646,11.8688,0
49.330,137,-3,1554,1500,-0.63,-1.24,3.2155,11.5646,11.8688,0
49.349,142,-3,1541,1500,-0.63,-1.24,3.2155,11.5646,11.8688,0
49.367,147,-4,1543,1494,-0.63,-1.24,4.8268,12.9069,15.6110,0
49.385,153,-3,1547,1505,-0.63,-1.24,4.8268,12.9069,15.6110,0
49.403,159,-3,1548,1500,-0.63,-1.24,4.8268,12.9069,15.6110,0
49.422,165,-4,1549,1495,-0.63,-1.24,4.8268,12.9069,15.6110,0
49.439,170,-4,1547,1500,-0.63,-1.24,4.8268,12.9069,15.6110,0
49.458,176,-4,1551,1500,-0.63,-1.24,4.8268,12.9069,15.6110,0
49.475,188,-5,1572,1494,-0.63,-1.24,4.8268,12.9069,15.6110,0
49.495,195,-4,1556,1504,-0.63,-1.24,4.8268,12.9069,15.6110,0
49.512,202,-5,1561,1494,-0.63,-1.24,4.8268,12.9069,15.6110,0
49.529,210,-4,1565,1505,-0.63,-1.24,4.8268,12.9069,15.6110,0
49.546,217,-4,1564,1500,0.30,0.21,4.8268,12.9069,15.6110,0
49.563,224,-4,1565,1500,0.30,0.21,4.8268,12.9069,15.6110,0
49.580,231,-4,1567,1500,0.30,0.21,4.8268,12.9069,15.6110,0
49.598,238,-4,1567,1500,0.30,0.21,4.8268,12.9069,15.6110,0
49.616,245,-3,1568,1505,0.30,0.21,3.7706,12.1302,11.4976,0
49.636,252,-3,1568,1500,0.30,0.21,3.7706,12.1302,11.4976,0
49.654,259,-3,1571,1500,0.30,0.21,3.7706,12.1302,11.4976,0
49.671,266,-3,1573,1500,0.30,0.21,3.7706,12.1302,11.4976,0
49.689,271,-5,1568,1489,0.30,0.21,3.7706,12.1302,11.4976,0
49.706,0,0,1500,1500,0.30,0.21,3.7706,12.1302,11.4976,0
49.723,0,0,1500,1500,0.30,0.21,3.7706,12.1302,11.4976,0
49.740,0,0,1500,1500,0.30,0.21,3.7706,12.1302,11.4976,0
49.757,0,0,1500,1500,0.30,0.21,3.7706,12.1302,11.4976,0
49.775,0,0,1500,1500,0.30,0.21,3.7706,12.1302,11.4976,0
49.793,0,0,1500,1500,0.97,1.42,3.7706,12.1302,11.4976,0
49.810,0,0,1500,1500,0.97,1.42,3.7706,12.1302,11.4976,0
49.827,0,0,1500,1500,0.97,1.42,3.7706,12.1302,11.4976,0
49.844,0,0,1500,1500,0.97,1.42,3.7706,12.1302,11.4976,0
49.861,0,0,1500,1500,0.97,1.42,3.5303,5.8526,10.3028,0
49.879,0,0,1500,1500,0.97,1.42,3.5303,5.8526,10.3028,0
49.896,0,0,1500,1500,0.97,1.42,3.5303,5.8526,10.3028,0
49.915,0,0,1500,1500,0.97,1.42,3.5303,5.8526,10.3028,0
49.932,0,0,1500,1500,0.97,1.42,3.5303,5.8526,10.3028,0
49.951,0,0,1500,1500,0.97,1.42,3.5303,5.8526,10.3028,0
49.968,0,0,1500,1500,0.97,1.42,3.5303,5.8526,10.3028,0
49.986,0,0,1500,1500,0.97,1.42,3.5303,5.8526,10.3028,0
50.004,0,0,1500,1500,0.97,1.42,3.5303,5.8526,10.3028,0
50.021,0,0,1500,1500,0.97,1.42,3.5303,5.8526,10.3028,0
50.040,0,0,1500,1500,0.97,1.42,3.5303,5.8526,10.3028,0
50.057,0,0,1500,1500,1.15,1.42,3.5303,5.8526,10.3028,0
50.074,0,0,1500,1500,1.15,1.42,3.5303,5.8526,10.3028,0
50.092,0,0,1500,1500,1.15,1.42,3.5303,5.8526,10.3028,0
50.109,0,0,1500,1500,1.15,1.42,3.4796,5.3706,10.0891,0
50.127,0,0,1500,1500,1.15,1.42,3.4796,5.3706,10.0891,0
50.144,0,0,1500,1500,1.15,1.42,3.4796,5.3706,10.0891,0
50.162,0,0,1500,1500,1.15,1.42,3.4796,5.3706,10.0891,0
50.179,0,0,1500,1500,1.15,1.42,3.4796,5.3706,10.0891,0
50.196,0,0,1500,1500,1.15,1.42,3.4796,5.3706,10.0891,0
50.213,0,0,1500,1500,1.15,1.42,3.4796,5.3706,10.0891,0
50.231,0,0,1500,1500,1.15,1.42,3.4796,5.3706,10.0891,0
50.248,0,0,1500,1500,1.15,1.42,3.4796,5.3706,10.0891,0
50.269,0,0,1500,1500,1.15,1.42,3.4796,5.3706,10.0891,0
50.287,0,0,1500,1500,1.15,1.42,3.4796,5.3706,10.0891,0
50.304,0,0,1500,1500,1.46,1.18,3.4796,5.3706,10.0891,0
50.321,0,0,1500,1500,1.46,1.18,3.4796,5.3706,10.0891,0
50.339,0,0,1500,1500,1.46,1.18,3.4796,5.3706,10.0891,0
50.357,0,0,1500,1500,1.46,1.18,3.1061,6.1191,5.2990,0
50.375,0,0,1500,1500,1.46,1.18,3.1061,6.1191,5.2990,0
50.392,0,0,1500,1500,1.46,1.18,3.1061,6.1191,5.2990,0
50.409,0,0,1500,1500,1.46,1.18,3.1061,6.1191,5.2990,0
50.428,0,0,1500,1500,1.46,1.18,3.1061,6.1191,5.2990,0
50.445,0,0,1500,1500,1.46,1.18,3.1061,6.1191,5.2990,0
50.465,0,0,1500,1500,1.46,1.18,3.1061,6.1191,5.2990,0
50.483,0,0,1500,1500,1.46,1.18,3.1061,6.1191,5.2990,0
50.501,0,0,1500,1500,1.46,1.18,3.1061,6.1191,5.2990,0
50.519,0,0,1500,1500,1.46,1.18,3.1061,6.1191,5.2990,0
50.537,0,0,1500,1500,1.46,1.18,3.1061,6.1191,5.2990,0
50.554,0,0,1500,1500,1.14,1.40,3.1061,6.1191,5.2990,0
50.572,0,0,1500,1500,1.14,1.40,3.1061,6.1191,5.2990,0
50.589,0,0,1500,1500,1.14,1.40,3.1061,6.1191,5.2990,0
50.607,0,0,1500,1500,1.14,1.40,3.3553,5.9769,10.8000,0
50.626,0,0,1500,1500,1.14,1.40,3.3553,5.9769,10.8000,0
50.644,0,0,1500,1500,1.14,1.40,3.3553,5.9769,10.8000,0
50.662,0,0,1500,1500,1.14,1.40,3.3553,5.9769,10.8000,0
50.681,0,0,1500,1500,1.14,1.40,3.3553,5.9769,10.8000,0
50.700,0,0,1500,1500,1.14,1.40,3.3553,5.9769,10.8000,0
50.717,0,0,1500,1500,1.14,1.40,3.3553,5.9769,10.8000,0
50.735,0,0,1500,1500,1.14,1.40,3.3553,5.9769,10.8000,0
50.753,0,0,1500,1500,1.14,1.40,3.3553,5.9769,10.8000,0
50.770,0,0,1500,1500,1.14,1.40,3.3553,5.9769,10.8000,0
50.788,0,0,1500,1500,1.14,1.40,3.3553,5.9769,10.8000,0
50.807,0,0,1500,1500,1.00,1.86,3.3553,5.9769,10.8000,0
50.824,0,0,1500,1500,1.00,1.86,3.3553,5.9769,10.8000,0
50.843,0,0,1500,1500,1.00,1.86,3.3553,5.9769,10.8000,0
50.865,0,0,1500,1500,1.00,1.86,3.0259,4.1423,9.7670,0
50.882,0,0,1500,1500,1.00,1.86,3.0259,4.1423,9.7670,0
50.900,0,0,1500,1500,1.00,1.86,3.0259,4.1423,9.7670,0
50.919,0,0,1500,1500,1.00,1.86,3.0259,4.1423,9.7670,0
50.938,0,0,1500,1500,1.00,1.86,3.0259,4.1423,9.7670,0
50.955,0,0,1500,1500,1.00,1.86,3.0259,4.1423,9.7670,0
50.973,0,0,1500,1500,1.00,1.86,3.0259,4.1423,9.7670,0
50.990,0,0,1500,1500,1.00,1.86,3.0259,4.1423,9.7670,0
51.007,0,0,1500,1500,1.00,1.86,3.0259,4.1423,9.7670,0
51.025,0,0,1500,1500,1.00,1.86,3.0259,4.1423,9.7670,0
51.042,0,0,1500,1500,1.25,1.77,3.0259,4.1423,9.7670,0
51.060,0,0,1500,1500,1.25,1.77,3.0259,4.1423,9.7670,0
51.078,0,0,1500,1500,1.25,1.77,3.0259,4.1423,9.7670,0
51.096,0,0,1500,1500,1.25,1.77,3.0259,4.1423,9.7670,0
51.114,0,0,1500,1500,1.25,1.77,3.2422,3.5416,9.9584,0
51.132,0,0,1500,1500,1.25,1.77,3.2422,3.5416,9.9584,0
51.149,0,0,1500,1500,1.25,1.77,3.2422,3.5416,9.9584,0
51.167,0,0,1500,1500,1.25,1.77,3.2422,3.5416,9.9584,0
51.184,0,0,1500,1500,1.25,1.77,3.2422,3.5416,9.9584,0
51.202,0,0,1500,1500,1.25,1.77,3.2422,3.5416,9.9584,0
51.219,0,0,1500,1500,1.25,1.77,3.2422,3.5416,9.9584,0
51.236,0,0,1500,1500,1.25,1.77,3.2422,3.5416,9.9584,0
51.254,0,0,1500,1500,1.25,1.77,3.2422,3.5416,9.9584,0
51.272,0,0,1500,1500,1.25,1.77,3.2422,3.5416,9.9584,0
51.294,0,0,1500,1500,1.02,0.82,3.2422,3.5416,9.9584,0
51.311,0,0,1500,1500,1.02,0.82,3.2422,3.5416,9.9584,0
51.329,0,0,1500,1500,1.02,0.82,3.2422,3.5416,9.9584,0
51.346,0,0,1500,1500,1.02,0.82,3.2422,3.5416,9.9584,0
51.365,0,0,1500,1500,1.02,0.82,3.3434,4.2692,13.0035,0
51.384,0,0,1500,1500,1.02,0.82,3.3434,4.2692,13.0035,0
51.401,0,0,1500,1500,1.02,0.82,3.3434,4.2692,13.0035,0
51.419,0,0,1500,1500,1.02,0.82,3.3434,4.2692,13.0035,0
51.436,0,0,1500,1500,1.02,0.82,3.3434,4.2692,13.0035,0
51.454,0,0,1500,1500,1.02,0.82,3.3434,4.2692,13.0035,0
51.472,0,0,1500,1500,1.02,0.82,3.3434,4.2692,13.0035,0
51.490,0,0,1500,1500,1.02,0.82,3.3434,4.2692,13.0035,0
51.508,0,0,1500,1500,1.02,0.82,3.3434,4.2692,13.0035,0
51.525,0,0,1500,1500,1.02,0.82,3.3434,4.2692,13.0035,0
51.543,0,0,1500,1500,1.02,0.89,3.3434,4.2692,13.0035,0
51.562,0,0,1500,1500,1.02,0.89,3.3434,4.2692,13.0035,0
51.583,0,0,1500,1500,1.02,0.89,3.3434,4.2692,13.0035,0
51.601,0,0,1500,1500,1.02,0.89,3.5092,7.2531,10.7139,0
51.619,0,0,1500,1500,1.02,0.89,3.5092,7.2531,10.7139,0
51.636,0,0,1500,1500,1.02,0.89,3.5092,7.2531,10.7139,0
51.654,0,0,1500,1500,1.02,0.89,3.5092,7.2531,10.7139,0
51.672,0,0,1500,1500,1.02,0.89,3.5092,7.2531,10.7139,0
51.692,0,0,1500,1500,1.02,0.89,3.5092,7.2531,10.7139,0
51.709,0,0,1500,1500,1.02,0.89,3.5092,7.2531,10.7139,0
51.726,0,0,1500,1500,1.02,0.89,3.5092,7.2531,10.7139,0
51.743,0,0,1500,1500,1.02,0.89,3.5092,7.2531,10.7139,0
51.760,0,0,1500,1500,1.02,0.89,3.5092,7.2531,10.7139,0
51.778,0,0,1500,1500,1.02,0.89,3.5092,7.2531,10.7139,0
51.796,0,0,1500,1500,1.05,0.82,3.5092,7.2531,10.7139,0
51.816,0,0,1500,1500,1.05,0.82,3.5092,7.2531,10.7139,0
51.834,0,0,1500,1500,1.05,0.82,3.5092,7.2531,10.7139,0
51.852,0,0,1500,1500,1.05,0.82,3.4381,6.9432,9.6559,0
51.869,0,0,1500,1500,1.05,0.82,3.4381,6.9432,9.6559,0
51.887,0,0,1500,1500,1.05,0.82,3.4381,6.9432,9.6559,0
51.905,0,0,1500,1500,1.05,0.82,3.4381,6.9432,9.6559,0
51.922,0,0,1500,1500,1.05,0.82,3.4381,6.9432,9.6559,0
51.939,0,0,1500,1500,1.05,0.82,3.4381,6.9432,9.6559,0
51.957,0,0,1500,1500,1.05,0.82,3.4381,6.9432,9.6559,0
51.974,0,0,1500,1500,1.05,0.82,3.4381,6.9432,9.6559,0
51.991,0,0,1500,1500,1.05,0.82,3.4381,6.9432,9.6559,0
52.008,0,0,1500,1500,1.05,0.82,3.4381,6.9432,9.6559,0
52.025,0,0,1500,1500,1.05,0.82,3.4381,6.9432,9.6559,0
52.043,0,0,1500,1500,0.86,0.57,3.4381,6.9432,9.6559,0
52.065,0,0,1500,1500,0.86,0.57,3.4381,6.9432,9.6559,0
52.085,0,0,1500,1500,0.86,0.57,3.4381,6.9432,9.6559,0
52.107,0,0,1500,1500,0.86,0.57,3.2396,5.1828,8.4304,0
52.125,0,0,1500,1500,0.86,0.57,3.2396,5.1828,8.4304,0
52.143,0,0,1500,1500,0.86,0.57,3.2396,5.1828,8.4304,0
52.161,0,0,1500,1500,0.86,0.57,3.2396,5.1828,8.4304,0
52.179,0,0,1500,1500,0.86,0.57,3.2396,5.1828,8.4304,0
52.196,0,0,1500,1500,0.86,0.57,3.2396,5.1828,8.4304,0
52.213,0,0,1500,1500,0.86,0.57,3.2396,5.1828,8.4304,0
52.230,0,0,1500,1500,0.86,0.57,3.2396,5.1828,8.4304,0
52.248,0,0,1500,1500,0.86,0.57,3.2396,5.1828,8.4304,0
52.266,0,0,1500,1500,0.86,0.57,3.2396,5.1828,8.4304,0
52.284,0,0,1500,1500,0.86,0.57,3.2396,5.1828,8.4304,0
52.303,0,0,1500,1500,0.40,0.28,3.2396,5.1828,8.4304,0
52.321,0,0,1500,1500,0.40,0.28,3.2396,5.1828,8.4304,0
52.339,0,0,1500,1500,0.40,0.28,3.2396,5.1828,8.4304,0
52.356,0,0,1500,1500,0.40,0.28,3.6827,8.7302,11.4194,0
52.375,0,0,1500,1500,0.40,0.28,3.6827,8.7302,11.4194,0
52.392,0,0,1500,1500,0.40,0.28,3.6827,8.7302,11.4194,0
52.410,0,0,1500,1500,0.40,0.28,3.6827,8.7302,11.4194,0
52.427,0,0,1500,1500,0.40,0.28,3.6827,8.7302,11.4194,0
52.444,0,0,1500,1500,0.40,0.28,3.6827,8.7302,11.4194,0
52.461,0,0,1500,1500,0.40,0.28,3.6827,8.7302,11.4194,0
52.478,0,0,1500,1500,0.40,0.28,3.6827,8.7302,11.4194,0
52.496,0,0,1500,1500,0.40,0.28,3.6827,8.7302,11.4194,0
52.513,0,0,1500,1500,0.40,0.28,3.6827,8.7302,11.4194,0
52.530,0,0,1500,1500,0.40,0.28,3.6827,8.7302,11.4194,0
52.547,0,0,1500,1500,0.28,0.29,3.6827,8.7302,11.4194,0
52.565,0,0,1500,1500,0.28,0.29,3.6827,8.7302,11.4194,0
52.583,0,0,1500,1500,0.28,0.29,3.6827,8.7302,11.4194,0
52.604,0,0,1500,1500,0.28,0.29,3.6640,7.7077,10.3708,0
52.622,0,0,1500,1500,0.28,0.29,3.6640,7.7077,10.3708,0
52.639,0,0,1500,1500,0.28,0.29,3.6640,7.7077,10.3708,0
52.656,0,0,1500,1500,0.28,0.29,3.6640,7.7077,10.3708,0
52.674,0,0,1500,1500,0.28,0.29,3.6640,7.7077,10.3708,0
52.691,0,0,1500,1500,0.28,0.29,3.6640,7.7077,10.3708,0
52.709,0,0,1500,1500,0.28,0.29,3.6640,7.7077,10.3708,0
52.726,0,0,1500,1500,0.28,0.29,3.6640,7.7077,10.3708,0
52.743,0,0,1500,1500,0.28,0.29,3.6640,7.7077,10.3708,0
52.760,0,0,1500,1500,0.28,0.29,3.6640,7.7077,10.3708,0
52.777,0,0,1500,1500,0.28,0.29,3.6640,7.7077,10.3708,0
52.797,0,0,1500,1500,0.29,0.42,3.6640,7.7077,10.3708,0
52.814,0,0,1500,1500,0.29,0.42,3.6640,7.7077,10.3708,0
52.831,0,0,1500,1500,0.29,0.42,3.6640,7.7077,10.3708,0
52.849,0,0,1500,1500,0.29,0.42,3.6640,7.7077,10.3708,0
52.866,0,0,1500,1500,0.29,0.42,3.4376,5.5677,8.2548,0
52.885,0,0,1500,1500,0.29,0.42,3.4376,5.5677,8.2548,0
52.904,0,0,1500,1500,0.29,0.42,3.4376,5.5677,8.2548,0
52.923,0,0,1500,1500,0.29,0.42,3.4376,5.5677,8.2548,0
52.941,0,0,1500,1500,0.29,0.42,3.4376,5.5677,8.2548,0
52.958,0,0,1500,1500,0.29,0.42,3.4376,5.5677,8.2548,0
52.975,0,0,1500,1500,0.29,0.42,3.4376,5.5677,8.2548,0
52.992,0,0,1500,1500,0.29,0.42,3.4376,5.5677,8.2548,0
53.009,0,0,1500,1500,0.29,0.42,3.4376,5.5677,8.2548,0
53.026,0,0,1500,1500,0.29,0.42,3.4376,5.5677,8.2548,0
53.044,0,0,1500,1500,-0.69,-0.62,3.4376,5.5677,8.2548,0
53.061,0,0,1500,1500,-0.69,-0.62,3.4376,5.5677,8.2548,0
53.079,0,0,1500,1500,-0.69,-0.62,3.4376,5.5677,8.2548,0
53.097,0,0,1500,1500,-0.69,-0.62,3.4376,5.5677,8.2548,0
53.114,53,-23,1400,1400,-0.69,-0.62,4.6041,11.9541,15.1643,1
53.132,52,-23,1507,1498,-0.69,-0.62,4.6041,11.9541,15.1643,1
53.149,48,-23,1498,1498,-0.69,-0.62,4.6041,11.9541,15.1643,1
53.166,47,-23,1506,1498,-0.69,-0.62,4.6041,11.9541,15.1643,1
53.183,45,-23,1503,1498,-0.69,-0.62,4.6041,11.9541,15.1643,1
53.200,43,-23,1502,1498,-0.69,-0.62,4.6041,11.9541,15.1643,1
53.218,41,-23,1502,1498,-0.69,-0.62,4.6041,11.9541,15.1643,1
53.237,41,-23,1508,1498,-0.69,-0.62,4.6041,11.9541,15.1643,1
53.257,38,-23,1500,1498,-0.69,-0.62,4.6041,11.9541,15.1643,1
53.274,37,-24,1504,1492,-0.69,-0.62,4.6041,11.9541,15.1643,1
53.292,37,-24,1507,1498,-0.51,-0.46,4.6041,11.9541,15.1643,1
53.309,37,-24,1507,1498,-0.51,-0.46,4.6041,11.9541,15.1643,1
53.327,36,-24,1504,1498,-0.51,-0.46,4.6041,11.9541,15.1643,1
53.345,36,-24,1507,1498,-0.51,-0.46,4.6041,11.9541,15.1643,1
53.363,36,-23,1507,1503,-0.51,-0.46,4.3269,12.9685,13.3131,1
53.380,36,-24,1507,1492,-0.51,-0.46,4.3269,12.9685,13.3131,1
53.397,36,-23,1507,1503,-0.51,-0.46,4.3269,12.9685,13.3131,1
53.415,36,-23,1507,1498,-0.51,-0.46,4.3269,12.9685,13.3131,1
53.432,37,-24,1510,1492,-0.51,-0.46,4.3269,12.9685,13.3131,1
53.450,38,-24,1510,1498,-0.51,-0.46,4.3269,12.9685,13.3131,1
53.467,38,-24,1507,1498,-0.51,-0.46,4.3269,12.9685,13.3131,1
53.485,39,-23,1510,1503,-0.51,-0.46,4.3269,12.9685,13.3131,1
53.502,40,-23,1511,1498,-0.51,-0.46,4.3269,12.9685,13.3131,1
53.520,41,-23,1511,1498,-0.51,-0.46,4.3269,12.9685,13.3131,1
53.537,42,-23,1511,1498,0.03,0.27,4.3269,12.9685,13.3131,1
53.556,43,-23,1511,1498,0.03,0.27,4.3269,12.9685,13.3131,1
53.575,44,-23,1511,1498,0.03,0.27,4.3269,12.9685,13.3131,1
53.593,45,-23,1511,1498,0.03,0.27,4.3269,12.9685,13.3131,1
53.611,47,-23,1515,1498,0.03,0.27,3.6872,7.9786,10.0872,1
53.628,47,-22,1509,1503,0.03,0.27,3.6872,7.9786,10.0872,1
53.646,47,-22,1509,1498,0.03,0.27,3.6872,7.9786,10.0872,1
53.663,46,-22,1506,1498,0.03,0.27,3.6872,7.9786,10.0872,1
53.681,46,-22,1509,1498,0.03,0.27,3.6872,7.9786,10.0872,1
53.701,46,-22,1509,1498,0.03,0.27,3.6872,7.9786,10.0872,1
53.718,45,-22,1506,1498,0.03,0.27,3.6872,7.9786,10.0872,1
53.737,43,-22,1503,1498,0.03,0.27,3.6872,7.9786,10.0872,1
53.754,42,-22,1505,1498,0.03,0.27,3.6872,7.9786,10.0872,1
53.771,42,-22,1508,1498,0.03,0.27,3.6872,7.9786,10.0872,1
53.789,41,-21,1505,1503,0.40,0.81,3.6872,7.9786,10.0872,1
53.808,40,-22,1505,1493,0.40,0.81,3.6872,7.9786,10.0872,1
53.827,40,-21,1508,1502,0.40,0.81,3.6872,7.9786,10.0872,1
53.845,39,-21,1505,1498,0.40,0.81,3.2131,5.0702,9.3107,1
53.862,38,-21,1505,1498,0.40,0.81,3.2131,5.0702,9.3107,1
53.881,38,-20,1507,1503,0.40,0.81,3.2131,5.0702,9.3107,1
53.898,37,-20,1504,1498,0.40,0.81,3.2131,5.0702,9.3107,1
53.915,36,-20,1504,1498,0.40,0.81,3.2131,5.0702,9.3107,1
53.933,35,-20,1504,1498,0.40,0.81,3.2131,5.0702,9.3107,1
53.950,34,-20,1504,1498,0.40,0.81,3.2131,5.0702,9.3107,1
53.968,33,-19,1504,1503,0.40,0.81,3.2131,5.0702,9.3107,1
53.986,31,-19,1501,1498,0.40,0.81,3.2131,5.0702,9.3107,1
54.003,31,-19,1506,1498,0.40,0.81,3.2131,5.0702,9.3107,1
54.020,29,-18,1500,1503,0.40,0.81,3.2131,5.0702,9.3107,1
54.038,28,-18,1503,1498,-0.47,1.00,3.2131,5.0702,9.3107,1
54.056,25,-18,1497,1498,-0.47,1.00,3.2131,5.0702,9.3107,1
54.074,21,-18,1494,1498,-0.47,1.00,3.2131,5.0702,9.3107,1
54.091,20,-18,1501,1498,-0.47,1.00,3.2131,5.0702,9.3107,1
54.112,18,-17,1499,1503,-0.47,1.00,3.0816,4.6238,6.8599,1
54.129,17,-17,1500,1499,-0.47,1.00,3.0816,4.6238,6.8599,1
54.146,17,-17,1503,1499,-0.47,1.00,3.0816,4.6238,6.8599,1
54.163,17,-17,1503,1499,-0.47,1.00,3.0816,4.6238,6.8599,1
54.181,15,-17,1498,1499,-0.47,1.00,3.0816,4.6238,6.8599,1
54.199,15,-16,1503,1503,-0.47,1.00,3.0816,4.6238,6.8599,1
54.217,14,-16,1500,1499,-0.47,1.00,3.0816,4.6238,6.8599,1
54.235,13,-15,1500,1503,-0.47,1.00,3.0816,4.6238,6.8599,1
54.253,11,-15,1497,1499,-0.47,1.00,3.0816,4.6238,6.8599,1
54.270,10,-15,1500,1499,-0.47,1.00,3.0816,4.6238,6.8599,1
54.288,9,-15,1500,1499,-0.93,1.34,3.0816,4.6238,6.8599,1
54.306,9,-15,1502,1499,-0.93,1.34,3.0816,4.6238,6.8599,1
54.323,7,-14,1496,1504,-0.93,1.34,3.0816,4.6238,6.8599,1
54.340,6,-14,1499,1499,-0.93,1.34,3.0816,4.6238,6.8599,1
54.359,5,-14,1499,1499,-0.93,1.34,2.9885,4.4270,5.1923,1
54.376,4,-14,1499,1499,-0.93,1.34,2.9885,4.4270,5.1923,1
54.393,3,-13,1498,1504,-0.93,1.34,2.9885,4.4270,5.1923,1
54.411,2,-13,1498,1499,-0.93,1.34,2.9885,4.4270,5.1923,1
54.429,1,-13,1498,1499,-0.93,1.34,2.9885,4.4270,5.1923,1
54.446,1,-13,1500,1499,-0.93,1.34,2.9885,4.4270,5.1923,1
54.464,-1,-13,1495,1499,-0.93,1.34,2.9885,4.4270,5.1923,1
54.483,-3,-12,1495,1503,-0.93,1.34,2.9885,4.4270,5.1923,1
54.501,-5,-12,1494,1499,-0.93,1.34,2.9885,4.4270,5.1923,1
54.519,-6,-12,1497,1499,-0.93,1.34,2.9885,4.4270,5.1923,1
54.537,-7,-12,1497,1499,-1.64,1.17,2.9885,4.4270,5.1923,1
54.554,-8,-11,1496,1504,-1.64,1.17,2.9885,4.4270,5.1923,1
54.572,-8,-11,1499,1499,-1.64,1.17,2.9885,4.4270,5.1923,1
54.590,-9,-10,1496,1504,-1.64,1.17,2.9885,4.4270,5.1923,1
54.608,-9,-10,1499,1499,-1.64,1.17,3.4570,5.0348,6.5548,1
54.626,-9,-10,1499,1499,-1.64,1.17,3.4570,5.0348,6.5548,1
54.644,-9,-10,1499,1499,-1.64,1.17,3.4570,5.0348,6.5548,1
54.661,-9,-10,1499,1499,-1.64,1.17,3.4570,5.0348,6.5548,1
54.678,-8,-9,1501,1504,-1.64,1.17,3.4570,5.0348,6.5548,1
54.697,-8,-9,1499,1499,-1.64,1.17,3.4570,5.0348,6.5548,1
54.717,-7,-9,1501,1499,-1.64,1.17,3.4570,5.0348,6.5548,1
54.735,-7,-9,1499,1499,-1.64,1.17,3.4570,5.0348,6.5548,1
54.752,-6,-9,1501,1499,-1.64,1.17,3.4570,5.0348,6.5548,1
54.771,-6,-8,1500,1504,-1.64,1.17,3.4570,5.0348,6.5548,1
54.788,-5,-8,1502,1499,-1.84,1.37,3.4570,5.0348,6.5548,1
54.806,-5,-8,1500,1499,-1.84,1.37,3.4570,5.0348,6.5548,1
54.825,-4,-7,1502,1504,-1.84,1.37,3.4570,5.0348,6.5548,1
54.842,-4,-7,1500,1499,-1.84,1.37,3.3208,5.3496,4.6484,1
54.859,-4,-7,1500,1499,-1.84,1.37,3.3208,5.3496,4.6484,1
54.877,-4,-7,1500,1499,-1.84,1.37,3.3208,5.3496,4.6484,1
54.894,-4,-6,1500,1504,-1.84,1.37,3.3208,5.3496,4.6484,1
54.911,-4,-6,1500,1500,-1.84,1.37,3.3208,5.3496,4.6484,1
54.928,-4,-6,1500,1500,-1.84,1.37,3.3208,5.3496,4.6484,1
54.945,-4,-5,1500,1505,-1.84,1.37,3.3208,5.3496,4.6484,1
54.962,-4,-6,1500,1494,-1.84,1.37,3.3208,5.3496,4.6484,1
54.979,-4,-5,1500,1505,-1.84,1.37,3.3208,5.3496,4.6484,1
54.999,-3,-5,1502,1500,-1.84,1.37,3.3208,5.3496,4.6484,1
55.017,-3,-5,1500,1500,-1.84,1.37,3.3208,5.3496,4.6484,1
55.035,-2,-4,1502,1504,-1.41,1.60,3.3208,5.3496,4.6484,1
55.052,-2,-4,1500,1500,-1.41,1.60,3.3208,5.3496,4.6484,1
55.071,-1,-4,1502,1500,-1.41,1.60,3.3208,5.3496,4.6484,1
55.089,0,-4,1503,1500,-1.41,1.60,3.3208,5.3496,4.6484,1
55.106,1,-4,1503,1500,-1.41,1.60,3.0452,5.1248,6.0514,1
55.123,2,-5,1503,1494,-1.41,1.60,3.0452,5.1248,6.0514,1
55.141,5,-4,1509,1505,-1.41,1.60,3.0452,5.1248,6.0514,1
55.158,6,-4,1504,1500,-1.41,1.60,3.0452,5.1248,6.0514,1
55.175,8,-3,1507,1505,-1.41,1.60,3.0452,5.1248,6.0514,1
55.192,10,-3,1507,1500,-1.41,1.60,3.0452,5.1248,6.0514,1
55.210,11,-2,1505,1505,-1.41,1.60,3.0452,5.1248,6.0514,1
55.227,14,-2,1511,1500,-1.41,1.60,3.0452,5.1248,6.0514,1
55.245,16,-1,1509,1505,-1.41,1.60,3.0452,5.1248,6.0514,1
55.262,19,-1,1512,1500,-1.41,1.60,3.0452,5.1248,6.0514,1
55.280,21,-1,1510,1500,-1.10,1.67,3.0452,5.1248,6.0514,1
55.297,23,0,1510,1505,-1.10,1.67,3.0452,5.1248,6.0514,1
55.314,25,0,1511,1500,-1.10,1.67,3.0452,5.1248,6.0514,1
55.332,25,0,1505,1500,-1.10,1.67,3.0452,5.1248,6.0514,1
55.349,27,0,1511,1500,-1.10,1.67,3.2874,5.0809,7.8371,1
55.366,29,1,1511,1505,-1.10,1.67,3.2874,5.0809,7.8371,1
55.384,34,1,1521,1500,-1.10,1.67,3.2874,5.0809,7.8371,1
55.402,38,1,1519,1500,-1.10,1.67,3.2874,5.0809,7.8371,1
55.421,40,2,1513,1505,-1.10,1.67,3.2874,5.0809,7.8371,1
55.439,43,2,1516,1500,-1.10,1.67,3.2874,5.0809,7.8371,1
55.456,46,2,1518,1500,-1.10,1.67,3.2874,5.0809,7.8371,1
55.473,49,2,1518,1500,-1.10,1.67,3.2874,5.0809,7.8371,1
55.491,51,3,1516,1505,-1.10,1.67,3.2874,5.0809,7.8371,1
55.510,54,3,1519,1500,-1.10,1.67,3.2874,5.0809,7.8371,1
55.530,58,3,1521,1500,-0.86,1.15,3.2874,5.0809,7.8371,1
55.547,61,3,1521,1500,-0.86,1.15,3.2874,5.0809,7.8371,0
55.564,64,3,1521,1500,-0.86,1.15,3.2874,5.0809,7.8371,0
55.581,68,4,1525,1506,-0.86,1.15,3.2874,5.0809,7.8371,0
55.598,71,4,1523,1500,-0.86,1.15,3.1965,5.1544,7.0962,0
55.615,74,4,1523,1500,-0.86,1.15,3.1965,5.1544,7.0962,0
55.633,77,4,1524,1500,-0.86,1.15,3.1965,5.1544,7.0962,0
55.650,80,4,1524,1500,-0.86,1.15,3.1965,5.1544,7.0962,0
55.667,83,5,1525,1506,-0.86,1.15,3.1965,5.1544,7.0962,0
55.684,86,5,1526,1500,-0.86,1.15,3.1965,5.1544,7.0962,0
55.702,92,6,1535,1506,-0.86,1.15,3.1965,5.1544,7.0962,0
55.720,95,7,1527,1506,-0.86,1.15,3.1965,5.1544,7.0962,0
55.737,98,7,1528,1500,-0.86,1.15,3.1965,5.1544,7.0962,0
55.754,102,8,1532,1506,-0.86,1.15,3.1965,5.1544,7.0962,0
55.771,105,8,1529,1500,-0.86,1.15,3.1965,5.1544,7.0962,0
55.789,108,8,1530,1500,-0.60,1.23,3.1965,5.1544,7.0962,0
55.806,111,8,1530,1500,-0.60,1.23,3.1965,5.1544,7.0962,0
55.824,114,9,1531,1506,-0.60,1.23,3.1965,5.1544,7.0962,0
55.843,117,9,1532,1500,-0.60,1.23,3.3133,5.8250,5.1804,0
55.862,120,10,1531,1506,-0.60,1.23,3.3133,5.8250,5.1804,0
55.879,123,10,1533,1501,-0.60,1.23,3.3133,5.8250,5.1804,0
55.896,126,11,1534,1506,-0.60,1.23,3.3133,5.8250,5.1804,0
55.913,128,11,1531,1501,-0.60,1.23,3.3133,5.8250,5.1804,0
55.931,131,12,1534,1506,-0.60,1.23,3.3133,5.8250,5.1804,0
55.950,137,12,1535,1501,-0.60,1.23,3.3133,5.8250,5.1804,0
55.968,140,12,1543,1501,-0.60,1.23,3.3133,5.8250,5.1804,0
55.985,144,12,1540,1501,-0.60,1.23,3.3133,5.8250,5.1804,0
56.003,149,13,1544,1507,-0.60,1.23,3.3133,5.8250,5.1804,0
56.020,153,13,1542,1501,-0.60,1.23,3.3133,5.8250,5.1804,0
56.037,157,13,1543,1501,-0.39,1.63,3.3133,5.8250,5.1804,0
56.059,161,14,1531,1501,-0.39,1.63,3.3133,5.8250,5.1804,0
56.078,165,14,1551,1505,-0.39,1.63,3.3133,5.8250,5.1804,0
56.098,169,15,1544,1506,-0.39,1.63,3.4616,6.1044,6.0885,0
56.115,173,15,1546,1501,-0.39,1.63,3.4616,6.1044,6.0885,0
56.133,177,16,1547,1507,-0.39,1.63,3.4616,6.1044,6.0885,0
56.150,185,16,1547,1501,-0.39,1.63,3.4616,6.1044,6.0885,0
56.167,185,16,1548,1501,-0.39,1.63,3.4616,6.1044,6.0885,0
56.185,194,17,1565,1507,-0.39,1.63,3.4616,6.1044,6.0885,0
56.202,200,18,1557,1507,-0.39,1.63,3.4616,6.1044,6.0885,0
56.219,204,18,1552,1501,-0.39,1.63,3.4616,6.1044,6.0885,0
56.236,210,19,1559,1507,-0.39,1.63,3.4616,6.1044,6.0885,0
56.253,215,19,1557,1501,-0.39,1.63,3.4616,6.1044,6.0885,0
56.270,221,20,1562,1507,-0.39,1.63,3.4616,6.1044,6.0885,0
56.288,225,19,1556,1497,-0.72,1.89,3.4616,6.1044,6.0885,0
56.306,231,20,1562,1507,-0.72,1.89,3.4616,6.1044,6.0885,0
56.325,231,20,1546,1502,-0.72,1.89,3.4616,6.1044,6.0885,0
56.344,240,20,1572,1502,-0.72,1.89,3.4109,5.4646,5.5675,0
56.362,244,22,1560,1513,-0.72,1.89,3.4109,5.4646,5.5675,0
56.380,249,22,1563,1502,-0.72,1.89,3.4109,5.4646,5.5675,0
56.399,253,22,1561,1502,-0.72,1.89,3.4109,5.4646,5.5675,0
56.417,0,0,1500,1500,-0.72,1.89,3.4109,5.4646,5.5675,0
56.436,0,0,1500,1500,-0.72,1.89,3.4109,5.4646,5.5675,0
56.453,0,0,1500,1500,-0.72,1.89,3.4109,5.4646,5.5675,0
56.470,0,0,1500,1500,-0.72,1.89,3.4109,5.4646,5.5675,0
56.487,0,0,1500,1500,-0.72,1.89,3.4109,5.4646,5.5675,0
56.504,0,0,1500,1500,-0.72,1.89,3.4109,5.4646,5.5675,0
56.521,0,0,1500,1500,-0.72,1.89,3.4109,5.4646,5.5675,0
56.539,0,0,1500,1500,-0.48,1.90,3.4109,5.4646,5.5675,0
56.556,0,0,1500,1500,-0.48,1.90,3.4109,5.4646,5.5675,0
56.574,0,0,1500,1500,-0.48,1.90,3.4109,5.4646,5.5675,0
56.592,0,0,1500,1500,-0.48,1.90,3.5249,4.7242,8.0621,0
56.610,0,0,1500,1500,-0.48,1.90,3.5249,4.7242,8.0621,0
56.628,0,0,1500,1500,-0.48,1.90,3.5249,4.7242,8.0621,0
56.647,0,0,1500,1500,-0.48,1.90,3.5249,4.7242,8.0621,0
56.665,0,0,1500,1500,-0.48,1.90,3.5249,4.7242,8.0621,0
56.683,0,0,1500,1500,-0.48,1.90,3.5249,4.7242,8.0621,0
56.702,0,0,1500,1500,-0.48,1.90,3.5249,4.7242,8.0621,0
56.720,0,0,1500,1500,-0.48,1.90,3.5249,4.7242,8.0621,0
56.737,0,0,1500,1500,-0.48,1.90,3.5249,4.7242,8.0621,0
56.755,0,0,1500,1500,-0.48,1.90,3.5249,4.7242,8.0621,0
56.772,0,0,1500,1500,-0.48,1.90,3.5249,4.7242,8.0621,0
56.789,0,0,1500,1500,0.01,1.69,3.5249,4.7242,8.0621,0
56.806,0,0,1500,1500,0.01,1.69,3.5249,4.7242,8.0621,0
56.823,0,0,1500,1500,0.01,1.69,3.5249,4.7242,8.0621,0
56.840,0,0,1500,1500,0.01,1.69,3.3150,4.9054,6.7188,0
56.858,0,0,1500,1500,0.01,1.69,3.3150,4.9054,6.7188,0
56.875,0,0,1500,1500,0.01,1.69,3.3150,4.9054,6.7188,0
56.892,0,0,1500,1500,0.01,1.69,3.3150,4.9054,6.7188,0
56.909,0,0,1500,1500,0.01,1.69,3.3150,4.9054,6.7188,0
56.926,0,0,1500,1500,0.01,1.69,3.3150,4.9054,6.7188,0
56.943,0,0,1500,1500,0.01,1.69,3.3150,4.9054,6.7188,0
56.961,0,0,1500,1500,0.01,1.69,3.3150,4.9054,6.7188,0
56.978,0,0,1500,1500,0.01,1.69,3.3150,4.9054,6.7188,0
56.996,0,0,1500,1500,0.01,1.69,3.3150,4.9054,6.7188,0
57.015,0,0,1500,1500,0.01,1.69,3.3150,4.9054,6.7188,0
57.032,0,0,1500,1500,-0.03,1.90,3.3150,4.9054,6.7188,0
57.049,0,0,1500,1500,-0.03,1.90,3.3150,4.9054,6.7188,0
57.072,0,0,1500,1500,-0.03,1.90,3.3150,4.9054,6.7188,0
57.091,0,0,1500,1500,-0.03,1.90,3.4005,4.5539,8.0660,0
57.110,0,0,1500,1500,-0.03,1.90,3.4005,4.5539,8.0660,0
57.128,0,0,1500,1500,-0.03,1.90,3.4005,4.5539,8.0660,0
57.145,0,0,1500,1500,-0.03,1.90,3.4005,4.5539,8.0660,0
57.163,0,0,1500,1500,-0.03,1.90,3.4005,4.5539,8.0660,0
57.180,0,0,1500,1500,-0.03,1.90,3.4005,4.5539,8.0660,0
57.198,0,0,1500,1500,-0.03,1.90,3.4005,4.5539,8.0660,0
57.215,0,0,1500,1500,-0.03,1.90,3.4005,4.5539,8.0660,0
57.233,0,0,1500,1500,-0.03,1.90,3.4005,4.5539,8.0660,0
57.251,0,0,1500,1500,-0.03,1.90,3.4005,4.5539,8.0660,0
57.268,0,0,1500,1500,-0.03,1.90,3.4005,4.5539,8.0660,0
57.285,0,0,1500,1500,0.02,1.77,3.4005,4.5539,8.0660,0
57.302,0,0,1500,1500,0.02,1.77,3.4005,4.5539,8.0660,0
57.322,0,0,1500,1500,0.02,1.77,3.4005,4.5539,8.0660,0
57.347,0,0,1500,1500,0.02,1.77,3.2897,5.3937,6.8647,0
57.365,0,0,1500,1500,0.02,1.77,3.2897,5.3937,6.8647,0
57.382,0,0,1500,1500,0.02,1.77,3.2897,5.3937,6.8647,0
57.399,0,0,1500,1500,0.02,1.77,3.2897,5.3937,6.8647,0
57.416,0,0,1500,1500,0.02,1.77,3.2897,5.3937,6.8647,0
57.433,0,0,1500,1500,0.02,1.77,3.2897,5.3937,6.8647,0
57.450,0,0,1500,1500,0.02,1.77,3.2897,5.3937,6.8647,0
57.468,0,0,1500,1500,0.02,1.77,3.2897,5.3937,6.8647,0
57.485,0,0,1500,1500,0.02,1.77,3.2897,5.3937,6.8647,0
57.503,0,0,1500,1500,0.02,1.77,3.2897,5.3937,6.8647,0
57.520,0,0,1500,1500,0.02,1.77,3.2897,5.3937,6.8647,0
57.539,0,0,1500,1500,-0.05,1.75,3.2897,5.3937,6.8647,0
57.558,0,0,1500,1500,-0.05,1.75,3.2897,5.3937,6.8647,0
57.575,0,0,1500,1500,-0.05,1.75,3.2897,5.3937,6.8647,0
57.593,0,0,1500,1500,-0.05,1.75,3.4621,5.9548,6.9912,0
57.610,0,0,1500,1500,-0.05,1.75,3.4621,5.9548,6.9912,0
57.628,0,0,1500,1500,-0.05,1.75,3.4621,5.9548,6.9912,0
57.645,0,0,1500,1500,-0.05,1.75,3.4621,5.9548,6.9912,0
57.662,0,0,1500,1500,-0.05,1.75,3.4621,5.9548,6.9912,0
57.679,0,0,1500,1500,-0.05,1.75,3.4621,5.9548,6.9912,0
57.697,0,0,1500,1500,-0.05,1.75,3.4621,5.9548,6.9912,0
57.715,0,0,1500,1500,-0.05,1.75,3.4621,5.9548,6.9912,0
57.733,0,0,1500,1500,-0.05,1.75,3.4621,5.9548,6.9912,0
57.751,0,0,1500,1500,-0.05,1.75,3.4621,5.9548,6.9912,0
57.769,0,0,1500,1500,-0.05,1.75,3.4621,5.9548,6.9912,0
57.787,0,0,1500,1500,-0.21,1.69,3.4621,5.9548,6.9912,0
57.805,0,0,1500,1500,-0.21,1.69,3.4621,5.9548,6.9912,0
57.823,0,0,1500,1500,-0.21,1.69,3.4621,5.9548,6.9912,0
57.843,0,0,1500,1500,-0.21,1.69,3.2727,6.2990,4.6051,0
57.860,0,0,1500,1500,-0.21,1.69,3.2727,6.2990,4.6051,0
57.878,0,0,1500,1500,-0.21,1.69,3.2727,6.2990,4.6051,0
57.895,0,0,1500,1500,-0.21,1.69,3.2727,6.2990,4.6051,0
57.913,0,0,1500,1500,-0.21,1.69,3.2727,6.2990,4.6051,0
57.930,0,0,1500,1500,-0.21,1.69,3.2727,6.2990,4.6051,0
57.948,0,0,1500,1500,-0.21,1.69,3.2727,6.2990,4.6051,0
57.965,0,0,1500,1500,-0.21,1.69,3.2727,6.2990,4.6051,0
57.982,0,0,1500,1500,-0.21,1.69,3.2727,6.2990,4.6051,0
57.999,0,0,1500,1500,-0.21,1.69,3.2727,6.2990,4.6051,0
58.017,0,0,1500,1500,-0.21,1.69,3.2727,6.2990,4.6051,0
58.034,0,0,1500,1500,-0.23,2.08,3.2727,6.2990,4.6051,0
58.053,0,0,1500,1500,-0.23,2.08,3.2727,6.2990,4.6051,0
58.074,0,0,1500,1500,-0.23,2.08,3.2727,6.2990,4.6051,0
58.091,0,0,1500,1500,-0.23,2.08,3.0056,5.3045,4.7086,0
58.109,0,0,1500,1500,-0.23,2.08,3.0056,5.3045,4.7086,0
58.126,0,0,1500,1500,-0.23,2.08,3.0056,5.3045,4.7086,0
58.144,0,0,1500,1500,-0.23,2.08,3.0056,5.3045,4.7086,0
58.161,0,0,1500,1500,-0.23,2.08,3.0056,5.3045,4.7086,0
58.178,0,0,1500,1500,-0.23,2.08,3.0056,5.3045,4.7086,0
58.196,0,0,1500,1500,-0.23,2.08,3.0056,5.3045,4.7086,0
58.213,0,0,1500,1500,-0.23,2.08,3.0056,5.3045,4.7086,0
58.236,0,0,1500,1500,-0.23,2.08,3.0056,5.3045,4.7086,0
58.253,0,0,1500,1500,-0.23,2.08,3.0056,5.3045,4.7086,0
58.270,0,0,1500,1500,-0.23,2.08,3.0056,5.3045,4.7086,0
58.287,0,0,1500,1500,0.34,2.43,3.0056,5.3045,4.7086,0
58.304,0,0,1500,1500,0.34,2.43,3.0056,5.3045,4.7086,0
58.321,0,0,1500,1500,0.34,2.43,3.0056,5.3045,4.7086,0
58.338,0,0,1500,1500,0.34,2.43,3.7837,4.0239,9.5726,0
58.355,0,0,1500,1500,0.34,2.43,3.7837,4.0239,9.5726,0
58.373,0,0,1500,1500,0.34,2.43,3.7837,4.0239,9.5726,0
58.390,0,0,1500,1500,0.34,2.43,3.7837,4.0239,9.5726,0
58.407,0,0,1500,1500,0.34,2.43,3.7837,4.0239,9.5726,0
58.425,0,0,1500,1500,0.34,2.43,3.7837,4.0239,9.5726,0
58.442,0,0,1500,1500,0.34,2.43,3.7837,4.0239,9.5726,0
58.459,0,0,1500,1500,0.34,2.43,3.7837,4.0239,9.5726,0
58.478,0,0,1500,1500,0.34,2.43,3.7837,4.0239,9.5726,0
58.498,0,0,1500,1500,0.34,2.43,3.7837,4.0239,9.5726,0
58.515,0,0,1500,1500,0.34,2.43,3.7837,4.0239,9.5726,0
58.533,0,0,1500,1500,0.49,2.12,3.7837,4.0239,9.5726,0
58.550,0,0,1500,1500,0.49,2.12,3.7837,4.0239,9.5726,0
58.568,0,0,1500,1500,0.49,2.12,3.7837,4.0239,9.5726,0
58.586,0,0,1500,1500,0.49,2.12,3.3152,4.4156,7.9043,0
58.604,0,0,1500,1500,0.49,2.12,3.3152,4.4156,7.9043,0
58.621,0,0,1500,1500,0.49,2.12,3.3152,4.4156,7.9043,0
58.638,0,0,1500,1500,0.49,2.12,3.3152,4.4156,7.9043,0
58.655,0,0,1500,1500,0.49,2.12,3.3152,4.4156,7.9043,0
58.673,0,0,1500,1500,0.49,2.12,3.3152,4.4156,7.9043,0
58.690,0,0,1500,1500,0.49,2.12,3.3152,4.4156,7.9043,0
58.708,0,0,1500,1500,0.49,2.12,3.3152,4.4156,7.9043,0
58.725,0,0,1500,1500,0.49,2.12,3.3152,4.4156,7.9043,0
58.742,0,0,1500,1500,0.49,2.12,3.3152,4.4156,7.9043,0
58.759,0,0,1500,1500,0.49,2.12,3.3152,4.4156,7.9043,0
58.777,0,0,1500,1500,0.46,0.70,3.3152,4.4156,7.9043,0
58.795,0,0,1500,1500,0.46,0.70,3.3152,4.4156,7.9043,0
58.812,0,0,1500,1500,0.46,0.70,3.3152,4.4156,7.9043,0
58.829,0,0,1500,1500,0.46,0.70,3.3152,4.4156,7.9043,0
58.846,0,0,1500,1500,0.46,0.70,3.1198,5.1351,4.8392,0
58.863,0,0,1500,1500,0.46,0.70,3.1198,5.1351,4.8392,0
58.880,0,0,1500,1500,0.46,0.70,3.1198,5.1351,4.8392,0
58.898,0,0,1500,1500,0.46,0.70,3.1198,5.1351,4.8392,0
58.916,0,0,1500,1500,0.46,0.70,3.1198,5.1351,4.8392,0
58.934,0,0,1500,1500,0.46,0.70,3.1198,5.1351,4.8392,0
58.951,0,0,1500,1500,0.46,0.70,3.1198,5.1351,4.8392,0
58.969,0,0,1500,1500,0.46,0.70,3.1198,5.1351,4.8392,0
58.986,0,0,1500,1500,0.46,0.70,3.1198,5.1351,4.8392,0
59.004,0,0,1500,1500,0.46,0.70,3.1198,5.1351,4.8392,0
59.021,0,0,1500,1500,0.46,0.70,3.1198,5.1351,4.8392,0
59.038,0,0,1500,1500,-0.01,0.25,3.1198,5.1351,4.8392,0
59.056,0,0,1500,1500,-0.01,0.25,3.1198,5.1351,4.8392,0
59.073,0,0,1500,1500,-0.01,0.25,3.1198,5.1351,4.8392,0
59.090,0,0,1500,1500,-0.01,0.25,2.9897,4.0941,6.7132,0
59.107,0,0,1500,1500,-0.01,0.25,2.9897,4.0941,6.7132,0
59.125,0,0,1500,1500,-0.01,0.25,2.9897,4.0941,6.7132,0
59.142,0,0,1500,1500,-0.01,0.25,2.9897,4.0941,6.7132,0
59.160,0,0,1500,1500,-0.01,0.25,2.9897,4.0941,6.7132,0
59.177,0,0,1500,1500,-0.01,0.25,2.9897,4.0941,6.7132,0
59.194,0,0,1500,1500,-0.01,0.25,2.9897,4.0941,6.7132,0
59.212,0,0,1500,1500,-0.01,0.25,2.9897,4.0941,6.7132,0
59.230,0,0,1500,1500,-0.01,0.25,2.9897,4.0941,6.7132,0
59.247,0,0,1500,1500,-0.01,0.25,2.9897,4.0941,6.7132,0
59.264,0,0,1500,1500,-0.01,0.25,2.9897,4.0941,6.7132,0
59.281,0,0,1500,1500,-0.27,0.43,2.9897,4.0941,6.7132,0
59.300,0,0,1500,1500,-0.27,0.43,2.9897,4.0941,6.7132,0
59.318,0,0,1500,1500,-0.27,0.43,2.9897,4.0941,6.7132,0
59.336,0,0,1500,1500,-0.27,0.43,2.8318,3.7593,6.8477,0
59.354,0,0,1500,1500,-0.27,0.43,2.8318,3.7593,6.8477,0
59.371,0,0,1500,1500,-0.27,0.43,2.8318,3.7593,6.8477,0
59.388,0,0,1500,1500,-0.27,0.43,2.8318,3.7593,6.8477,0
59.406,0,0,1500,1500,-0.27,0.43,2.8318,3.7593,6.8477,0
59.423,0,0,1500,1500,-0.27,0.43,2.8318,3.7593,6.8477,0
59.440,0,0,1500,1500,-0.27,0.43,2.8318,3.7593,6.8477,0
59.457,0,0,1500,1500,-0.27,0.43,2.8318,3.7593,6.8477,0
59.474,0,0,1500,1500,-0.27,0.43,2.8318,3.7593,6.8477,0
59.492,0,0,1500,1500,-0.27,0.43,2.8318,3.7593,6.8477,0
59.509,0,0,1500,1500,-0.27,0.43,2.8318,3.7593,6.8477,0
59.526,0,0,1500,1500,-0.68,0.32,2.8318,3.7593,6.8477,0
59.544,0,0,1500,1500,-0.68,0.32,2.8318,3.7593,6.8477,0
59.562,0,0,1500,1500,-0.68,0.32,2.8318,3.7593,6.8477,0
59.581,0,0,1500,1500,-0.68,0.32,2.8318,3.7593,6.8477,0
59.600,0,0,1500,1500,-0.68,0.32,3.2594,3.6173,7.5341,0
59.618,0,0,1500,1500,-0.68,0.32,3.2594,3.6173,7.5341,0
59.636,0,0,1500,1500,-0.68,0.32,3.2594,3.6173,7.5341,0
59.654,0,0,1500,1500,-0.68,0.32,3.2594,3.6173,7.5341,0
59.671,0,0,1500,1500,-0.68,0.32,3.2594,3.6173,7.5341,0
59.688,246,8,1528,1417,-0.68,0.32,3.2594,3.6173,7.5341,0
59.705,238,7,1524,1495,-0.68,0.32,3.2594,3.6173,7.5341,0
59.723,234,7,1535,1500,-0.68,0.32,3.2594,3.6173,7.5341,0
59.740,227,6,1525,1495,-0.68,0.32,3.2594,3.6173,7.5341,0
59.757,222,8,1530,1512,-0.68,0.32,3.2594,3.6173,7.5341,0
59.775,215,6,1523,1490,-0.62,-0.13,3.2594,3.6173,7.5341,0
59.792,212,7,1534,1506,-0.62,-0.13,3.2594,3.6173,7.5341,0
59.809,206,6,1524,1495,-0.62,-0.13,3.2594,3.6173,7.5341,0
59.827,203,6,1532,1500,-0.62,-0.13,3.2594,3.6173,7.5341,0
59.845,200,6,1531,1500,-0.62,-0.13,3.2836,4.0051,8.6827,0
59.862,197,8,1530,1512,-0.62,-0.13,3.2836,4.0051,8.6827,0
59.880,192,8,1524,1500,-0.62,-0.13,3.2836,4.0051,8.6827,0
59.898,189,7,1538,1500,-0.62,-0.13,3.2836,4.0051,8.6827,0
59.916,186,7,1521,1496,-0.62,-0.13,3.2836,4.0051,8.6827,0
59.933,184,8,1531,1506,-0.62,-0.13,3.2836,4.0051,8.6827,0
59.952,181,8,1528,1500,-0.62,-0.13,3.2836,4.0051,8.6827,0
59.970,178,8,1527,1500,-0.62,-0.13,3.2836,4.0051,8.6827,0
59.987,175,8,1526,1500,-0.62,-0.13,3.2836,4.0051,8.6827,0
60.005,171,7,1522,1495,-0.62,-0.13,3.2836,4.0051,8.6827,0
60.022,168,8,1525,1506,-0.38,0.56,3.2836,4.0051,8.6827,0
60.039,165,9,1524,1506,-0.38,0.56,3.2836,4.0051,8.6827,0
60.056,162,9,1524,1500,-0.38,0.56,3.2836,4.0051,8.6827,0
60.074,158,9,1520,1500,-0.38,0.56,3.2836,4.0051,8.6827,0
60.091,156,8,1525,1495,-0.38,0.56,3.4019,4.1681,6.8863,0
60.108,153,8,1522,1500,-0.38,0.56,3.4019,4.1681,6.8863,0
60.126,150,9,1521,1506,-0.38,0.56,3.4019,4.1681,6.8863,0
60.143,147,9,1521,1500,-0.38,0.56,3.4019,4.1681,6.8863,0
60.161,145,9,1523,1500,-0.38,0.56,3.4019,4.1681,6.8863,0
60.179,142,9,1520,1500,-0.38,0.56,3.4019,4.1681,6.8863,0
60.197,137,9,1513,1500,-0.38,0.56,3.4019,4.1681,6.8863,0
60.214,134,9,1518,1500,-0.38,0.56,3.4019,4.1681,6.8863,0
60.231,131,10,1517,1506,-0.38,0.56,3.4019,4.1681,6.8863,0
60.249,129,10,1520,1501,-0.38,0.56,3.4019,4.1681,6.8863,0
60.267,126,9,1517,1496,-0.38,0.56,3.4019,4.1681,6.8863,0
60.287,123,9,1517,1500,-0.77,0.98,3.4019,4.1681,6.8863,0
60.305,121,10,1518,1506,-0.77,0.98,3.4019,4.1681,6.8863,0
60.323,118,10,1515,1501,-0.77,0.98,3.4019,4.1681,6.8863,0
60.341,116,10,1517,1501,-0.77,0.98,3.1251,3.9093,7.2182,0
60.358,113,10,1514,1501,-0.77,0.98,3.1251,3.9093,7.2182,0
60.375,110,10,1513,1501,-0.77,0.98,3.1251,3.9093,7.2182,0
60.392,107,10,1512,1501,-0.77,0.98,3.1251,3.9093,7.2182,0
60.410,104,11,1512,1506,-0.77,0.98,3.1251,3.9093,7.2182,0
60.427,101,11,1512,1501,-0.77,0.98,3.1251,3.9093,7.2182,0
60.446,95,10,1502,1496,-0.77,0.98,3.1251,3.9093,7.2182,0
60.463,95,10,1519,1501,-0.77,0.98,3.1251,3.9093,7.2182,0
60.480,87,11,1495,1507,-0.77,0.98,3.1251,3.9093,7.2182,0
60.497,83,11,1505,1501,-0.77,0.98,3.1251,3.9093,7.2182,0
60.515,79,11,1504,1501,-0.77,0.98,3.1251,3.9093,7.2182,0
60.532,79,11,1516,1501,-1.08,1.45,3.1251,3.9093,7.2182,0
60.550,71,10,1492,1496,-1.08,1.45,3.1251,3.9093,7.2182,0
60.567,67,11,1502,1506,-1.08,1.45,3.1251,3.9093,7.2182,0
60.585,67,11,1513,1501,-1.08,1.45,3.3066,3.7923,7.2013,0
60.602,64,11,1504,1501,-1.08,1.45,3.3066,3.7923,7.2013,0
60.621,56,11,1490,1501,-1.08,1.45,3.3066,3.7923,7.2013,1
60.639,52,10,1500,1496,-1.08,1.45,3.3066,3.7923,7.2013,1
60.656,48,11,1499,1507,-1.08,1.45,3.3066,3.7923,7.2013,1
60.674,44,11,1498,1501,-1.08,1.45,3.3066,3.7923,7.2013,1
60.692,41,11,1500,1501,-1.08,1.45,3.3066,3.7923,7.2013,1
60.709,37,11,1497,1501,-1.08,1.45,3.3066,3.7923,7.2013,1
60.726,34,11,1499,1501,-1.08,1.45,3.3066,3.7923,7.2013,1
60.744,27,10,1486,1496,-1.08,1.45,3.3066,3.7923,7.2013,1
60.762,27,10,1505,1501,-1.08,1.45,3.3066,3.7923,7.2013,1
60.780,24,10,1497,1501,-1.26,1.52,3.3066,3.7923,7.2013,1
60.797,20,11,1494,1506,-1.26,1.52,3.3066,3.7923,7.2013,1
60.815,16,11,1492,1501,-1.26,1.52,3.3066,3.7923,7.2013,1
60.832,13,11,1495,1501,-1.26,1.52,3.1828,4.0017,6.4832,1
60.849,10,11,1494,1501,-1.26,1.52,3.1828,4.0017,6.4832,1
60.866,4,11,1484,1501,-1.26,1.52,3.1828,4.0017,6.4832,1
60.884,2,11,1496,1501,-1.26,1.52,3.1828,4.0017,6.4832,1
60.902,-1,11,1492,1501,-1.26,1.52,3.1828,4.0017,6.4832,1
60.921,-3,10,1495,1496,-1.26,1.52,3.1828,4.0017,6.4832,1
60.938,-5,10,1494,1501,-1.26,1.52,3.1828,4.0017,6.4832,1
60.955,-8,10,1490,1501,-1.26,1.52,3.1828,4.0017,6.4832,1
60.973,-10,10,1493,1501,-1.26,1.52,3.1828,4.0017,6.4832,1
60.990,-13,10,1489,1501,-1.26,1.52,3.1828,4.0017,6.4832,1
61.008,-15,10,1492,1501,-1.26,1.52,3.1828,4.0017,6.4832,1
61.025,-17,10,1492,1501,-1.83,1.15,3.1828,4.0017,6.4832,1
61.042,-19,10,1491,1501,-1.83,1.15,3.1828,4.0017,6.4832,1
61.059,-22,10,1488,1501,-1.83,1.15,3.1828,4.0017,6.4832,1
61.078,-24,10,1491,1501,-1.83,1.15,3.1828,4.0017,6.4832,1
61.095,-26,10,1490,1501,-1.83,1.15,3.1529,4.0406,7.6010,1
61.113,-29,10,1487,1501,-1.83,1.15,3.1529,4.0406,7.6010,1
61.131,-31,9,1489,1496,-1.83,1.15,3.1529,4.0406,7.6010,1
61.148,-32,9,1491,1501,-1.83,1.15,3.1529,4.0406,7.6010,1
61.166,-33,9,1491,1501,-1.83,1.15,3.1529,4.0406,7.6010,1
61.183,-34,8,1491,1496,-1.83,1.15,3.1529,4.0406,7.6010,1
61.201,-35,8,1491,1500,-1.83,1.15,3.1529,4.0406,7.6010,1
61.218,-35,8,1494,1500,-1.83,1.15,3.1529,4.0406,7.6010,1
61.237,-35,8,1494,1500,-1.83,1.15,3.1529,4.0406,7.6010,1
61.255,-35,8,1494,1500,-1.83,1.15,3.1529,4.0406,7.6010,1
61.275,-35,8,1494,1500,-1.84,0.75,3.1529,4.0406,7.6010,1
61.293,-34,8,1496,1500,-1.84,0.75,3.1529,4.0406,7.6010,1
61.310,-34,8,1494,1500,-1.84,0.75,3.1529,4.0406,7.6010,1
61.328,-33,9,1497,1506,-1.84,0.75,3.1529,4.0406,7.6010,1
61.345,-32,9,1497,1501,-1.84,0.75,3.3440,3.9536,9.9875,1
61.363,-31,9,1497,1501,-1.84,0.75,3.3440,3.9536,9.9875,1
61.380,-28,9,1503,1501,-1.84,0.75,3.3440,3.9536,9.9875,1
61.398,-27,9,1498,1501,-1.84,0.75,3.3440,3.9536,9.9875,1
